tsne_x,tsne_y,label_mood,player_id
-22.083237,48.809574,0,018B0D8D-B5EC-09D6-90ED-550058EBFEAF
-22.286686,49.01159,2,018B0D8D-B5EC-09D6-90ED-550058EBFEAF
-49.925926,37.168148,2,018B0D8D-B5EC-09D6-90ED-550058EBFEAF
-57.760212,-1.7245998,2,018B0D8D-B5EC-09D6-90ED-550058EBFEAF
-57.886524,-1.8930042,2,018B0D8D-B5EC-09D6-90ED-550058EBFEAF
-41.213123,-21.43645,2,018B0D8D-B5EC-09D6-90ED-550058EBFEAF
-41.013435,-21.83581,2,018B0D8D-B5EC-09D6-90ED-550058EBFEAF
-11.787724,-54.04245,2,018B0D8D-B5EC-09D6-90ED-550058EBFEAF
-10.881735,-54.377903,0,018B0D8D-B5EC-09D6-90ED-550058EBFEAF
-10.960351,-54.4434,2,018B0D8D-B5EC-09D6-90ED-550058EBFEAF
-22.342787,-17.146132,2,018B0D8D-B5EC-09D6-90ED-550058EBFEAF
-21.311281,-12.858823,2,018B0D8D-B5EC-09D6-90ED-550058EBFEAF
70.41589,4.31481,0,018B0D8D-B5EC-09D6-90ED-550058EBFEAF
70.254295,4.691011,0,018B0D8D-B5EC-09D6-90ED-550058EBFEAF
70.199745,4.886852,0,018B0D8D-B5EC-09D6-90ED-550058EBFEAF
39.086514,9.12649,0,018B0D8D-B5EC-09D6-90ED-550058EBFEAF
-26.127943,27.873215,0,018B0D8D-B5EC-09D6-90ED-550058EBFEAF
-26.192919,27.791187,2,018B0D8D-B5EC-09D6-90ED-550058EBFEAF
41.982605,21.201853,2,06F9F8CE-9696-23CA-25B5-000AA4A793BA
41.62419,22.010166,2,06F9F8CE-9696-23CA-25B5-000AA4A793BA
41.758034,22.417282,2,06F9F8CE-9696-23CA-25B5-000AA4A793BA
41.68425,22.46536,2,06F9F8CE-9696-23CA-25B5-000AA4A793BA
39.83657,21.463413,2,06F9F8CE-9696-23CA-25B5-000AA4A793BA
39.81267,21.431551,2,06F9F8CE-9696-23CA-25B5-000AA4A793BA
-14.355674,-58.84098,1,06F9F8CE-9696-23CA-25B5-000AA4A793BA
-0.15415877,-46.80066,0,06F9F8CE-9696-23CA-25B5-000AA4A793BA
7.083741,1.2429975,0,06F9F8CE-9696-23CA-25B5-000AA4A793BA
-4.5640683,36.045177,0,06F9F8CE-9696-23CA-25B5-000AA4A793BA
-4.4223413,36.171543,2,06F9F8CE-9696-23CA-25B5-000AA4A793BA
-4.2998934,36.803158,2,06F9F8CE-9696-23CA-25B5-000AA4A793BA
61.788315,-10.332653,0,06F9F8CE-9696-23CA-25B5-000AA4A793BA
61.756523,-10.341415,0,06F9F8CE-9696-23CA-25B5-000AA4A793BA
62.621017,-8.700847,0,06F9F8CE-9696-23CA-25B5-000AA4A793BA
62.489407,-8.970407,0,06F9F8CE-9696-23CA-25B5-000AA4A793BA
39.35613,4.708856,0,06F9F8CE-9696-23CA-25B5-000AA4A793BA
9.965252,-52.652065,0,06F9F8CE-9696-23CA-25B5-000AA4A793BA
25.717525,-32.47793,0,06F9F8CE-9696-23CA-25B5-000AA4A793BA
25.453403,-32.577263,0,06F9F8CE-9696-23CA-25B5-000AA4A793BA
-23.203629,-38.445557,0,06F9F8CE-9696-23CA-25B5-000AA4A793BA
-5.988941,-48.341236,0,06F9F8CE-9696-23CA-25B5-000AA4A793BA
-6.0234933,-48.3245,0,06F9F8CE-9696-23CA-25B5-000AA4A793BA
17.183065,-45.41338,1,06F9F8CE-9696-23CA-25B5-000AA4A793BA
0.61106986,-57.65618,1,06F9F8CE-9696-23CA-25B5-000AA4A793BA
0.89350015,-57.884388,0,06F9F8CE-9696-23CA-25B5-000AA4A793BA
-25.639542,-38.81412,0,06F9F8CE-9696-23CA-25B5-000AA4A793BA
-53.203773,-19.89342,0,06F9F8CE-9696-23CA-25B5-000AA4A793BA
-53.161205,-19.872889,0,06F9F8CE-9696-23CA-25B5-000AA4A793BA
-35.534595,3.8896205,0,06F9F8CE-9696-23CA-25B5-000AA4A793BA
3.27124,-12.876316,1,09FCECC4-F94E-ED69-5E9B-3223B590A149
30.717651,-33.58313,1,09FCECC4-F94E-ED69-5E9B-3223B590A149
50.064068,-11.725409,1,09FCECC4-F94E-ED69-5E9B-3223B590A149
22.141378,-38.23486,1,09FCECC4-F94E-ED69-5E9B-3223B590A149
22.13561,-38.172092,1,09FCECC4-F94E-ED69-5E9B-3223B590A149
21.741869,-39.52422,1,09FCECC4-F94E-ED69-5E9B-3223B590A149
-14.523917,-63.7843,1,09FCECC4-F94E-ED69-5E9B-3223B590A149
-48.233276,-21.326775,1,09FCECC4-F94E-ED69-5E9B-3223B590A149
-77.01963,15.852855,1,09FCECC4-F94E-ED69-5E9B-3223B590A149
-76.97864,15.958435,1,09FCECC4-F94E-ED69-5E9B-3223B590A149
-74.41078,28.215391,1,09FCECC4-F94E-ED69-5E9B-3223B590A149
-56.2475,37.426056,1,09FCECC4-F94E-ED69-5E9B-3223B590A149
-56.26891,37.43723,1,09FCECC4-F94E-ED69-5E9B-3223B590A149
51.329216,35.031532,1,09FCECC4-F94E-ED69-5E9B-3223B590A149
50.160843,34.77253,1,09FCECC4-F94E-ED69-5E9B-3223B590A149
49.764786,35.106983,1,09FCECC4-F94E-ED69-5E9B-3223B590A149
49.67405,35.19079,1,09FCECC4-F94E-ED69-5E9B-3223B590A149
48.474674,35.8013,2,09FCECC4-F94E-ED69-5E9B-3223B590A149
65.127556,7.3037505,0,09FCECC4-F94E-ED69-5E9B-3223B590A149
65.18978,7.4590964,0,09FCECC4-F94E-ED69-5E9B-3223B590A149
64.57597,6.626313,1,09FCECC4-F94E-ED69-5E9B-3223B590A149
50.710327,-23.324032,1,09FCECC4-F94E-ED69-5E9B-3223B590A149
-8.300308,-56.427513,1,09FCECC4-F94E-ED69-5E9B-3223B590A149
-8.3611355,-56.38578,1,09FCECC4-F94E-ED69-5E9B-3223B590A149
65.82891,-4.3152914,2,0A221ADF-C99E-307E-7B65-92EF9DABA6C4
15.53475,20.643543,2,0A221ADF-C99E-307E-7B65-92EF9DABA6C4
15.382082,20.671484,2,0A221ADF-C99E-307E-7B65-92EF9DABA6C4
-1.6443613,-9.739288,2,0A221ADF-C99E-307E-7B65-92EF9DABA6C4
-1.498349,-9.562386,2,0A221ADF-C99E-307E-7B65-92EF9DABA6C4
-0.7931485,-9.616126,2,0A221ADF-C99E-307E-7B65-92EF9DABA6C4
-0.5063313,-9.614092,0,0A221ADF-C99E-307E-7B65-92EF9DABA6C4
17.988184,-55.24387,0,0A221ADF-C99E-307E-7B65-92EF9DABA6C4
48.9578,-15.682535,0,0A221ADF-C99E-307E-7B65-92EF9DABA6C4
49.032284,-15.719095,0,0A221ADF-C99E-307E-7B65-92EF9DABA6C4
-66.19866,19.523102,2,0A221ADF-C99E-307E-7B65-92EF9DABA6C4
-19.814089,39.114662,2,0A221ADF-C99E-307E-7B65-92EF9DABA6C4
62.20058,14.524094,0,0A221ADF-C99E-307E-7B65-92EF9DABA6C4
62.135853,14.552042,2,0A221ADF-C99E-307E-7B65-92EF9DABA6C4
2.0330403,22.203178,2,0A221ADF-C99E-307E-7B65-92EF9DABA6C4
-58.447933,-14.0751,2,0A221ADF-C99E-307E-7B65-92EF9DABA6C4
-58.589878,-13.969535,2,0A221ADF-C99E-307E-7B65-92EF9DABA6C4
1.9007121,22.482203,2,0A221ADF-C99E-307E-7B65-92EF9DABA6C4
-34.626453,20.024508,2,0A76B59A-F1FF-F3F5-A3CA-2386FA8EF308
-26.976816,40.42464,2,0A76B59A-F1FF-F3F5-A3CA-2386FA8EF308
-27.555538,40.228184,2,0A76B59A-F1FF-F3F5-A3CA-2386FA8EF308
-28.038609,40.07148,2,0A76B59A-F1FF-F3F5-A3CA-2386FA8EF308
-18.192162,56.509537,2,0A76B59A-F1FF-F3F5-A3CA-2386FA8EF308
-18.648918,56.517513,2,0A76B59A-F1FF-F3F5-A3CA-2386FA8EF308
-18.284033,56.510437,0,0A76B59A-F1FF-F3F5-A3CA-2386FA8EF308
34.426037,15.939615,0,0A76B59A-F1FF-F3F5-A3CA-2386FA8EF308
13.697109,25.099644,0,0A76B59A-F1FF-F3F5-A3CA-2386FA8EF308
12.797743,24.676485,0,0A76B59A-F1FF-F3F5-A3CA-2386FA8EF308
12.559286,24.384823,2,0A76B59A-F1FF-F3F5-A3CA-2386FA8EF308
4.498957,16.942513,2,0A76B59A-F1FF-F3F5-A3CA-2386FA8EF308
-32.316418,2.8259523,2,0A76B59A-F1FF-F3F5-A3CA-2386FA8EF308
-32.355206,2.7283847,2,0A76B59A-F1FF-F3F5-A3CA-2386FA8EF308
13.121702,-4.2148986,2,0A76B59A-F1FF-F3F5-A3CA-2386FA8EF308
41.494164,-16.473347,2,0A76B59A-F1FF-F3F5-A3CA-2386FA8EF308
41.39199,-16.622976,2,0A76B59A-F1FF-F3F5-A3CA-2386FA8EF308
41.30204,-16.912914,0,0A76B59A-F1FF-F3F5-A3CA-2386FA8EF308
-0.5235324,-60.0818,2,0A76B59A-F1FF-F3F5-A3CA-2386FA8EF308
9.265438,-55.345364,0,0A76B59A-F1FF-F3F5-A3CA-2386FA8EF308
-2.3391962,-19.221327,0,0A76B59A-F1FF-F3F5-A3CA-2386FA8EF308
-2.238033,-19.21219,0,0A76B59A-F1FF-F3F5-A3CA-2386FA8EF308
-3.1732874,-19.026413,0,0A76B59A-F1FF-F3F5-A3CA-2386FA8EF308
-35.93991,27.547602,2,0A76B59A-F1FF-F3F5-A3CA-2386FA8EF308
26.925026,-51.95494,2,0A76B59A-F1FF-F3F5-A3CA-2386FA8EF308
27.00894,-51.88425,2,0A76B59A-F1FF-F3F5-A3CA-2386FA8EF308
10.738835,-30.448046,2,0A76B59A-F1FF-F3F5-A3CA-2386FA8EF308
1.2047582,20.573677,1,0AD33010-1AC1-E9FB-2FD4-313E3DF4692D
1.7757741,20.134535,1,0AD33010-1AC1-E9FB-2FD4-313E3DF4692D
2.2341685,19.819761,1,0AD33010-1AC1-E9FB-2FD4-313E3DF4692D
2.3560743,20.204096,2,0AD33010-1AC1-E9FB-2FD4-313E3DF4692D
-48.466747,0.09577569,2,0AD33010-1AC1-E9FB-2FD4-313E3DF4692D
-48.751995,0.015988506,2,0AD33010-1AC1-E9FB-2FD4-313E3DF4692D
-18.669752,-62.60838,1,0AD33010-1AC1-E9FB-2FD4-313E3DF4692D
-19.180248,-61.772198,1,0AD33010-1AC1-E9FB-2FD4-313E3DF4692D
-18.858337,-61.879482,1,0AD33010-1AC1-E9FB-2FD4-313E3DF4692D
-22.381144,-50.16907,1,0AD33010-1AC1-E9FB-2FD4-313E3DF4692D
-21.901882,-51.301888,1,0AD33010-1AC1-E9FB-2FD4-313E3DF4692D
-15.958571,-70.207695,1,0AD33010-1AC1-E9FB-2FD4-313E3DF4692D
-19.84327,-55.210407,1,0AD33010-1AC1-E9FB-2FD4-313E3DF4692D
-18.977488,-55.239937,1,0AD33010-1AC1-E9FB-2FD4-313E3DF4692D
-12.818322,-65.84777,1,0AD33010-1AC1-E9FB-2FD4-313E3DF4692D
-21.98893,-54.12806,1,0AD33010-1AC1-E9FB-2FD4-313E3DF4692D
-22.73733,-52.8204,1,0AD33010-1AC1-E9FB-2FD4-313E3DF4692D
-20.18863,-61.011463,1,0AD33010-1AC1-E9FB-2FD4-313E3DF4692D
-24.78389,-40.18162,1,0AD33010-1AC1-E9FB-2FD4-313E3DF4692D
-66.81945,8.002966,1,0AD33010-1AC1-E9FB-2FD4-313E3DF4692D
-32.74229,15.334596,0,0D759376-3F10-1BEB-7205-E91B8BF17984
-30.881111,11.01149,0,0D759376-3F10-1BEB-7205-E91B8BF17984
-30.891615,10.902353,0,0D759376-3F10-1BEB-7205-E91B8BF17984
-31.521858,12.875057,0,0D759376-3F10-1BEB-7205-E91B8BF17984
-44.038914,18.164143,1,0D759376-3F10-1BEB-7205-E91B8BF17984
-43.93955,18.057966,2,0D759376-3F10-1BEB-7205-E91B8BF17984
43.140293,-21.489897,0,0D759376-3F10-1BEB-7205-E91B8BF17984
43.10645,-21.467773,0,0D759376-3F10-1BEB-7205-E91B8BF17984
42.775013,-20.902496,0,0D759376-3F10-1BEB-7205-E91B8BF17984
42.37713,-19.761997,0,0D759376-3F10-1BEB-7205-E91B8BF17984
39.84871,14.519318,0,0D759376-3F10-1BEB-7205-E91B8BF17984
39.88336,14.72792,0,0D759376-3F10-1BEB-7205-E91B8BF17984
-61.80595,34.355762,2,0F3B2D98-51FE-5265-3746-A0763DE31C98
-61.572964,34.499176,2,0F3B2D98-51FE-5265-3746-A0763DE31C98
-1.5763077,59.919094,0,0F3B2D98-51FE-5265-3746-A0763DE31C98
36.50655,41.32893,0,0F3B2D98-51FE-5265-3746-A0763DE31C98
36.80369,41.445343,0,0F3B2D98-51FE-5265-3746-A0763DE31C98
37.398865,41.638477,2,0F3B2D98-51FE-5265-3746-A0763DE31C98
-3.0173264,-9.842432,1,0F3B2D98-51FE-5265-3746-A0763DE31C98
55.74847,6.3354287,1,0F3B2D98-51FE-5265-3746-A0763DE31C98
55.493942,6.962378,1,0F3B2D98-51FE-5265-3746-A0763DE31C98
55.083073,7.287657,0,0F3B2D98-51FE-5265-3746-A0763DE31C98
56.18829,5.8823614,0,0F3B2D98-51FE-5265-3746-A0763DE31C98
56.68084,5.2289176,0,0F3B2D98-51FE-5265-3746-A0763DE31C98
-18.762243,-14.637853,2,0F3B2D98-51FE-5265-3746-A0763DE31C98
-19.2474,-27.727133,2,0F3B2D98-51FE-5265-3746-A0763DE31C98
-11.40498,23.125107,2,0F3B2D98-51FE-5265-3746-A0763DE31C98
48.51707,0.056954823,0,0F3B2D98-51FE-5265-3746-A0763DE31C98
48.187946,0.24169785,0,0F3B2D98-51FE-5265-3746-A0763DE31C98
48.84139,-0.16449685,0,0F3B2D98-51FE-5265-3746-A0763DE31C98
-46.7558,-3.1905298,2,0F3B2D98-51FE-5265-3746-A0763DE31C98
-47.410683,-3.0202518,2,0F3B2D98-51FE-5265-3746-A0763DE31C98
-47.411827,-3.0216315,2,0F3B2D98-51FE-5265-3746-A0763DE31C98
-22.740341,-12.290807,2,0F3B2D98-51FE-5265-3746-A0763DE31C98
-22.637085,-12.366366,1,0F3B2D98-51FE-5265-3746-A0763DE31C98
-39.425327,20.372395,2,0F3B2D98-51FE-5265-3746-A0763DE31C98
13.846884,-7.524558,0,0F3B2D98-51FE-5265-3746-A0763DE31C98
13.865915,-7.4823246,0,0F3B2D98-51FE-5265-3746-A0763DE31C98
51.57154,-7.7725773,0,0F3B2D98-51FE-5265-3746-A0763DE31C98
2.1262422,-13.745189,0,0F3B2D98-51FE-5265-3746-A0763DE31C98
-62.068928,27.56419,2,14027B3A-0AD6-CBA3-A600-42B3C0A4D933
-62.163536,27.323154,2,14027B3A-0AD6-CBA3-A600-42B3C0A4D933
-61.964985,27.3471,2,14027B3A-0AD6-CBA3-A600-42B3C0A4D933
-31.855333,43.20911,2,14027B3A-0AD6-CBA3-A600-42B3C0A4D933
-31.784628,43.26991,2,14027B3A-0AD6-CBA3-A600-42B3C0A4D933
32.34724,40.281876,0,14027B3A-0AD6-CBA3-A600-42B3C0A4D933
-47.47864,-6.2839327,0,14027B3A-0AD6-CBA3-A600-42B3C0A4D933
-38.517887,8.023092,0,14027B3A-0AD6-CBA3-A600-42B3C0A4D933
-38.12923,8.266133,0,14027B3A-0AD6-CBA3-A600-42B3C0A4D933
-37.870335,8.45762,0,14027B3A-0AD6-CBA3-A600-42B3C0A4D933
23.453983,-26.052376,0,14027B3A-0AD6-CBA3-A600-42B3C0A4D933
48.724327,-24.660385,0,14027B3A-0AD6-CBA3-A600-42B3C0A4D933
-28.132002,-12.342981,0,14027B3A-0AD6-CBA3-A600-42B3C0A4D933
-28.127804,-12.353625,2,14027B3A-0AD6-CBA3-A600-42B3C0A4D933
13.896313,13.036535,2,14027B3A-0AD6-CBA3-A600-42B3C0A4D933
14.317371,13.19223,2,14027B3A-0AD6-CBA3-A600-42B3C0A4D933
14.9796,13.542673,0,14027B3A-0AD6-CBA3-A600-42B3C0A4D933
62.27942,-3.1730592,0,14027B3A-0AD6-CBA3-A600-42B3C0A4D933
-17.485275,-62.19104,1,165B40B2-D9B2-DBC0-AE48-02C0F49A609F
-22.460447,-49.382988,1,165B40B2-D9B2-DBC0-AE48-02C0F49A609F
-21.882992,-27.262075,1,165B40B2-D9B2-DBC0-AE48-02C0F49A609F
-41.113094,-4.752771,1,165B40B2-D9B2-DBC0-AE48-02C0F49A609F
-41.18418,-4.937702,1,165B40B2-D9B2-DBC0-AE48-02C0F49A609F
-20.349508,20.352076,1,165B40B2-D9B2-DBC0-AE48-02C0F49A609F
-20.371601,20.287228,1,165B40B2-D9B2-DBC0-AE48-02C0F49A609F
-39.55901,1.2416337,1,165B40B2-D9B2-DBC0-AE48-02C0F49A609F
-39.604015,1.3078281,2,165B40B2-D9B2-DBC0-AE48-02C0F49A609F
-63.005054,5.9418373,2,165B40B2-D9B2-DBC0-AE48-02C0F49A609F
-63.0409,6.1029763,2,165B40B2-D9B2-DBC0-AE48-02C0F49A609F
-48.43831,36.117737,2,165B40B2-D9B2-DBC0-AE48-02C0F49A609F
-53.677353,-16.689026,2,165B40B2-D9B2-DBC0-AE48-02C0F49A609F
-69.399025,14.264227,2,165B40B2-D9B2-DBC0-AE48-02C0F49A609F
-26.555933,-24.875134,2,165B40B2-D9B2-DBC0-AE48-02C0F49A609F
-51.066666,22.066236,2,172A62AD-9B69-33E2-1551-9526879D80AC
-51.15414,22.008465,2,172A62AD-9B69-33E2-1551-9526879D80AC
-40.818943,11.784229,2,172A62AD-9B69-33E2-1551-9526879D80AC
-40.661346,11.647417,2,172A62AD-9B69-33E2-1551-9526879D80AC
-40.180683,10.874687,2,172A62AD-9B69-33E2-1551-9526879D80AC
-59.577763,4.9852138,2,172A62AD-9B69-33E2-1551-9526879D80AC
-60.19557,14.734945,2,172A62AD-9B69-33E2-1551-9526879D80AC
-60.141926,15.217223,2,172A62AD-9B69-33E2-1551-9526879D80AC
-34.313477,-1.0281104,2,172A62AD-9B69-33E2-1551-9526879D80AC
-23.963375,-4.664065,2,172A62AD-9B69-33E2-1551-9526879D80AC
-24.224915,-5.4549084,2,172A62AD-9B69-33E2-1551-9526879D80AC
-24.62863,-6.0420666,2,172A62AD-9B69-33E2-1551-9526879D80AC
-32.717007,-8.780746,2,172A62AD-9B69-33E2-1551-9526879D80AC
-32.740925,-8.933553,2,172A62AD-9B69-33E2-1551-9526879D80AC
-30.6777,7.2862663,2,172A62AD-9B69-33E2-1551-9526879D80AC
-30.538637,7.43273,2,172A62AD-9B69-33E2-1551-9526879D80AC
-32.379917,-7.4164977,2,172A62AD-9B69-33E2-1551-9526879D80AC
-29.379839,8.20707,2,172A62AD-9B69-33E2-1551-9526879D80AC
21.2239,-35.517323,1,172A62AD-9B69-33E2-1551-9526879D80AC
4.9884424,-0.9611571,1,172A62AD-9B69-33E2-1551-9526879D80AC
5.034686,-0.99547136,1,172A62AD-9B69-33E2-1551-9526879D80AC
53.20413,-9.7229185,1,172A62AD-9B69-33E2-1551-9526879D80AC
53.11734,-9.218141,1,172A62AD-9B69-33E2-1551-9526879D80AC
53.678944,-10.202547,1,172A62AD-9B69-33E2-1551-9526879D80AC
55.428932,-22.15038,1,172A62AD-9B69-33E2-1551-9526879D80AC
55.27156,-21.95952,1,172A62AD-9B69-33E2-1551-9526879D80AC
46.731354,-15.221228,1,172A62AD-9B69-33E2-1551-9526879D80AC
-0.35231236,-49.47956,1,172A62AD-9B69-33E2-1551-9526879D80AC
-33.254066,0.22883695,2,172A62AD-9B69-33E2-1551-9526879D80AC
-50.83352,-20.942976,2,172A62AD-9B69-33E2-1551-9526879D80AC
-50.870094,-19.874727,2,172A62AD-9B69-33E2-1551-9526879D80AC
-50.75731,-19.924994,2,172A62AD-9B69-33E2-1551-9526879D80AC
-25.5531,-46.32047,2,172A62AD-9B69-33E2-1551-9526879D80AC
-50.812252,-18.598015,2,172A62AD-9B69-33E2-1551-9526879D80AC
-62.80276,-1.5314791,2,172A62AD-9B69-33E2-1551-9526879D80AC
-62.728382,-1.43436,2,172A62AD-9B69-33E2-1551-9526879D80AC
47.814636,32.72773,2,172A62AD-9B69-33E2-1551-9526879D80AC
48.368134,32.49924,2,172A62AD-9B69-33E2-1551-9526879D80AC
48.26359,32.3148,2,172A62AD-9B69-33E2-1551-9526879D80AC
17.680586,-5.1037884,2,1F6A56CA-9C73-442F-2682-BB69E4B03AB2
17.511118,-5.321031,2,1F6A56CA-9C73-442F-2682-BB69E4B03AB2
24.580061,-2.9498043,2,1F6A56CA-9C73-442F-2682-BB69E4B03AB2
24.589775,-2.8401833,2,1F6A56CA-9C73-442F-2682-BB69E4B03AB2
-16.869944,28.140333,2,1F6A56CA-9C73-442F-2682-BB69E4B03AB2
-57.178444,-0.92247707,2,1F6A56CA-9C73-442F-2682-BB69E4B03AB2
26.676586,-13.212759,0,1F6A56CA-9C73-442F-2682-BB69E4B03AB2
69.85467,-5.6989503,0,1F6A56CA-9C73-442F-2682-BB69E4B03AB2
67.62078,-2.9672804,0,1F6A56CA-9C73-442F-2682-BB69E4B03AB2
67.036354,-2.5704486,0,1F6A56CA-9C73-442F-2682-BB69E4B03AB2
66.656586,-2.6917646,0,1F6A56CA-9C73-442F-2682-BB69E4B03AB2
66.76655,-3.106888,0,1F6A56CA-9C73-442F-2682-BB69E4B03AB2
31.591183,-46.32873,0,1F6A56CA-9C73-442F-2682-BB69E4B03AB2
44.897137,-37.70781,0,1F6A56CA-9C73-442F-2682-BB69E4B03AB2
1.5751793,-55.265846,0,1F6A56CA-9C73-442F-2682-BB69E4B03AB2
1.6116343,-55.088398,0,1F6A56CA-9C73-442F-2682-BB69E4B03AB2
-6.0769124,-36.315285,0,1F6A56CA-9C73-442F-2682-BB69E4B03AB2
29.108038,3.691455,0,1F6A56CA-9C73-442F-2682-BB69E4B03AB2
-55.265026,-6.8552656,2,1FA97947-2FB7-D626-8CD3-2426BEEE97D1
-7.228662,-6.556782,2,1FA97947-2FB7-D626-8CD3-2426BEEE97D1
20.974056,-13.2406845,2,1FA97947-2FB7-D626-8CD3-2426BEEE97D1
20.545336,-13.401116,2,1FA97947-2FB7-D626-8CD3-2426BEEE97D1
20.939062,-13.279404,2,1FA97947-2FB7-D626-8CD3-2426BEEE97D1
22.557753,-12.728892,2,1FA97947-2FB7-D626-8CD3-2426BEEE97D1
23.290033,-12.528825,2,1FA97947-2FB7-D626-8CD3-2426BEEE97D1
21.201029,-27.14802,0,1FA97947-2FB7-D626-8CD3-2426BEEE97D1
21.188986,-27.153849,0,1FA97947-2FB7-D626-8CD3-2426BEEE97D1
41.773136,42.851067,0,1FA97947-2FB7-D626-8CD3-2426BEEE97D1
40.773674,42.75099,0,1FA97947-2FB7-D626-8CD3-2426BEEE97D1
40.546345,42.711327,0,1FA97947-2FB7-D626-8CD3-2426BEEE97D1
30.782982,10.350047,0,1FA97947-2FB7-D626-8CD3-2426BEEE97D1
11.63751,2.890411,0,1FA97947-2FB7-D626-8CD3-2426BEEE97D1
5.23552,-47.053875,1,1FA97947-2FB7-D626-8CD3-2426BEEE97D1
5.077764,-47.085106,1,1FA97947-2FB7-D626-8CD3-2426BEEE97D1
-2.1064506,-36.83094,1,1FA97947-2FB7-D626-8CD3-2426BEEE97D1
29.123528,-12.888594,0,1FA97947-2FB7-D626-8CD3-2426BEEE97D1
34.042736,9.519052,0,1FA97947-2FB7-D626-8CD3-2426BEEE97D1
33.987835,9.480127,0,1FA97947-2FB7-D626-8CD3-2426BEEE97D1
29.72687,-8.462346,2,1FA97947-2FB7-D626-8CD3-2426BEEE97D1
26.974817,-44.70326,2,1FA97947-2FB7-D626-8CD3-2426BEEE97D1
4.9499745,-57.550682,2,1FA97947-2FB7-D626-8CD3-2426BEEE97D1
5.0107718,-57.522957,2,1FA97947-2FB7-D626-8CD3-2426BEEE97D1
-10.461245,40.950283,2,243FE25F-E451-21F6-7EFA-F9DACC7D31CA
9.960163,49.605457,2,243FE25F-E451-21F6-7EFA-F9DACC7D31CA
9.306249,48.9595,2,243FE25F-E451-21F6-7EFA-F9DACC7D31CA
8.8510685,49.27169,2,243FE25F-E451-21F6-7EFA-F9DACC7D31CA
8.754618,49.360844,2,243FE25F-E451-21F6-7EFA-F9DACC7D31CA
7.8242445,50.89573,2,243FE25F-E451-21F6-7EFA-F9DACC7D31CA
7.4470863,51.13735,2,243FE25F-E451-21F6-7EFA-F9DACC7D31CA
-49.636555,27.353186,2,243FE25F-E451-21F6-7EFA-F9DACC7D31CA
-49.762226,27.227707,2,243FE25F-E451-21F6-7EFA-F9DACC7D31CA
-5.7485504,22.583122,2,243FE25F-E451-21F6-7EFA-F9DACC7D31CA
-5.3048577,22.024305,2,243FE25F-E451-21F6-7EFA-F9DACC7D31CA
-5.1075726,21.795507,2,243FE25F-E451-21F6-7EFA-F9DACC7D31CA
-65.23896,11.629501,2,243FE25F-E451-21F6-7EFA-F9DACC7D31CA
-22.010395,34.91075,2,243FE25F-E451-21F6-7EFA-F9DACC7D31CA
-5.5186167,-8.2022705,2,243FE25F-E451-21F6-7EFA-F9DACC7D31CA
-5.881684,-10.204336,2,243FE25F-E451-21F6-7EFA-F9DACC7D31CA
-5.721837,-9.551874,2,243FE25F-E451-21F6-7EFA-F9DACC7D31CA
-5.6624374,-9.20927,2,243FE25F-E451-21F6-7EFA-F9DACC7D31CA
-6.7286825,-10.531643,2,243FE25F-E451-21F6-7EFA-F9DACC7D31CA
-7.2006536,-9.817597,2,243FE25F-E451-21F6-7EFA-F9DACC7D31CA
12.749247,-21.563034,2,243FE25F-E451-21F6-7EFA-F9DACC7D31CA
39.767586,7.4403386,2,243FE25F-E451-21F6-7EFA-F9DACC7D31CA
55.582714,2.4682443,2,243FE25F-E451-21F6-7EFA-F9DACC7D31CA
55.547443,2.3932157,2,243FE25F-E451-21F6-7EFA-F9DACC7D31CA
-53.94412,-5.308679,2,243FE25F-E451-21F6-7EFA-F9DACC7D31CA
-53.977905,-5.366531,2,243FE25F-E451-21F6-7EFA-F9DACC7D31CA
-1.1499974,-43.24383,2,243FE25F-E451-21F6-7EFA-F9DACC7D31CA
34.180305,30.6823,0,2656C6B4-988A-A958-5107-5422027AEE1D
33.923233,30.600368,2,2656C6B4-988A-A958-5107-5422027AEE1D
33.342888,29.942892,2,2656C6B4-988A-A958-5107-5422027AEE1D
33.37502,30.06546,2,2656C6B4-988A-A958-5107-5422027AEE1D
33.07714,31.14163,2,2656C6B4-988A-A958-5107-5422027AEE1D
49.74704,6.4169483,2,2656C6B4-988A-A958-5107-5422027AEE1D
-49.58944,-14.638469,2,2656C6B4-988A-A958-5107-5422027AEE1D
-15.18442,4.611573,2,2656C6B4-988A-A958-5107-5422027AEE1D
-15.114412,4.400107,0,2656C6B4-988A-A958-5107-5422027AEE1D
-14.785549,3.3043818,0,2656C6B4-988A-A958-5107-5422027AEE1D
-14.425081,2.983159,0,2656C6B4-988A-A958-5107-5422027AEE1D
-12.97806,2.6905217,2,2656C6B4-988A-A958-5107-5422027AEE1D
55.31948,-30.096684,0,2656C6B4-988A-A958-5107-5422027AEE1D
55.382225,-30.143106,0,2656C6B4-988A-A958-5107-5422027AEE1D
-2.5582733,-52.71456,0,2656C6B4-988A-A958-5107-5422027AEE1D
-3.3747978,-52.884556,0,2656C6B4-988A-A958-5107-5422027AEE1D
-4.110467,-53.19581,2,2656C6B4-988A-A958-5107-5422027AEE1D
-68.36593,21.486858,2,2656C6B4-988A-A958-5107-5422027AEE1D
19.310013,23.532215,2,27C12E79-B4DD-AA48-E99E-552C6BAEBA6F
19.202724,23.637962,2,27C12E79-B4DD-AA48-E99E-552C6BAEBA6F
18.61927,23.822634,2,27C12E79-B4DD-AA48-E99E-552C6BAEBA6F
-27.523066,9.080112,2,27C12E79-B4DD-AA48-E99E-552C6BAEBA6F
-27.71333,9.06904,2,27C12E79-B4DD-AA48-E99E-552C6BAEBA6F
-16.118996,-19.557579,2,27C12E79-B4DD-AA48-E99E-552C6BAEBA6F
30.062098,30.945301,2,27C12E79-B4DD-AA48-E99E-552C6BAEBA6F
29.984583,30.654016,2,27C12E79-B4DD-AA48-E99E-552C6BAEBA6F
29.844025,30.183603,2,27C12E79-B4DD-AA48-E99E-552C6BAEBA6F
-19.585688,-6.5649757,2,27C12E79-B4DD-AA48-E99E-552C6BAEBA6F
-19.489403,34.032276,2,27C12E79-B4DD-AA48-E99E-552C6BAEBA6F
-19.441282,34.093597,2,27C12E79-B4DD-AA48-E99E-552C6BAEBA6F
-72.711624,10.99566,2,27C12E79-B4DD-AA48-E99E-552C6BAEBA6F
-55.01095,30.089514,2,27C12E79-B4DD-AA48-E99E-552C6BAEBA6F
-54.93899,30.075352,2,27C12E79-B4DD-AA48-E99E-552C6BAEBA6F
-56.064663,29.23502,2,27C12E79-B4DD-AA48-E99E-552C6BAEBA6F
-56.215103,29.141064,2,27C12E79-B4DD-AA48-E99E-552C6BAEBA6F
-10.229771,25.091673,2,27C12E79-B4DD-AA48-E99E-552C6BAEBA6F
22.196,-4.791991,2,27C12E79-B4DD-AA48-E99E-552C6BAEBA6F
22.19535,-4.7096987,2,27C12E79-B4DD-AA48-E99E-552C6BAEBA6F
20.86164,-2.6717153,2,27C12E79-B4DD-AA48-E99E-552C6BAEBA6F
20.8472,-2.9002883,2,27C12E79-B4DD-AA48-E99E-552C6BAEBA6F
25.315968,-37.404766,2,27C12E79-B4DD-AA48-E99E-552C6BAEBA6F
-0.6843036,-50.21362,2,27C12E79-B4DD-AA48-E99E-552C6BAEBA6F
21.121172,23.490744,2,2C636222-CB43-AB6F-444A-7278047991C7
-14.199395,38.599113,2,2C636222-CB43-AB6F-444A-7278047991C7
-14.187242,38.69696,2,2C636222-CB43-AB6F-444A-7278047991C7
-20.301416,49.026535,2,2C636222-CB43-AB6F-444A-7278047991C7
-62.608997,35.746243,2,2C636222-CB43-AB6F-444A-7278047991C7
-53.318867,36.13186,2,2C636222-CB43-AB6F-444A-7278047991C7
19.328,-15.224766,2,2C636222-CB43-AB6F-444A-7278047991C7
39.0979,-36.81266,0,2C636222-CB43-AB6F-444A-7278047991C7
39.157753,-36.846684,0,2C636222-CB43-AB6F-444A-7278047991C7
61.965637,-19.462091,0,2C636222-CB43-AB6F-444A-7278047991C7
62.473347,-19.144274,0,2C636222-CB43-AB6F-444A-7278047991C7
62.735413,-18.636478,0,2C636222-CB43-AB6F-444A-7278047991C7
51.714188,8.950545,0,2C636222-CB43-AB6F-444A-7278047991C7
59.212692,3.5827482,0,2C636222-CB43-AB6F-444A-7278047991C7
59.46587,2.6343074,0,2C636222-CB43-AB6F-444A-7278047991C7
59.384415,2.8888035,0,2C636222-CB43-AB6F-444A-7278047991C7
32.381844,-20.77975,0,2C636222-CB43-AB6F-444A-7278047991C7
65.509995,-5.297299,0,2C636222-CB43-AB6F-444A-7278047991C7
36.92378,-37.70318,0,2C636222-CB43-AB6F-444A-7278047991C7
19.804838,-50.483788,0,2C636222-CB43-AB6F-444A-7278047991C7
2.7226486,-33.70996,0,2C636222-CB43-AB6F-444A-7278047991C7
-50.42851,-23.639412,0,2C636222-CB43-AB6F-444A-7278047991C7
-50.60304,-23.474049,0,2C636222-CB43-AB6F-444A-7278047991C7
-56.095654,8.758188,2,2C636222-CB43-AB6F-444A-7278047991C7
-3.495416,33.24003,2,35FEE4B0-EF25-110F-8D86-5410FA57646B
-2.6924815,33.29752,2,35FEE4B0-EF25-110F-8D86-5410FA57646B
-2.4358177,33.315754,2,35FEE4B0-EF25-110F-8D86-5410FA57646B
-28.304966,17.821154,2,35FEE4B0-EF25-110F-8D86-5410FA57646B
3.6143465,33.756023,2,35FEE4B0-EF25-110F-8D86-5410FA57646B
4.6839504,34.97439,2,35FEE4B0-EF25-110F-8D86-5410FA57646B
4.7057166,35.23204,2,35FEE4B0-EF25-110F-8D86-5410FA57646B
9.522508,55.544765,0,35FEE4B0-EF25-110F-8D86-5410FA57646B
9.653997,55.508015,0,35FEE4B0-EF25-110F-8D86-5410FA57646B
-10.798756,41.241642,0,35FEE4B0-EF25-110F-8D86-5410FA57646B
-67.06025,30.462687,0,35FEE4B0-EF25-110F-8D86-5410FA57646B
-67.05116,30.4701,0,35FEE4B0-EF25-110F-8D86-5410FA57646B
-11.524352,33.616966,2,35FEE4B0-EF25-110F-8D86-5410FA57646B
7.575926,1.022079,2,35FEE4B0-EF25-110F-8D86-5410FA57646B
-1.8092583,30.208288,2,35FEE4B0-EF25-110F-8D86-5410FA57646B
0.7392919,26.92442,1,35FEE4B0-EF25-110F-8D86-5410FA57646B
0.8785774,26.851492,2,35FEE4B0-EF25-110F-8D86-5410FA57646B
-22.341284,-7.7646294,2,35FEE4B0-EF25-110F-8D86-5410FA57646B
-7.3138638,57.589924,2,35FEE4B0-EF25-110F-8D86-5410FA57646B
21.605051,51.38459,2,35FEE4B0-EF25-110F-8D86-5410FA57646B
40.509933,-24.860178,2,35FEE4B0-EF25-110F-8D86-5410FA57646B
60.267643,21.321156,0,37249306-1597-DC6D-3544-6FEDBBF8B848
60.245422,21.3765,0,37249306-1597-DC6D-3544-6FEDBBF8B848
30.123487,45.58037,0,37249306-1597-DC6D-3544-6FEDBBF8B848
30.269825,45.49977,0,37249306-1597-DC6D-3544-6FEDBBF8B848
16.72853,-31.737123,0,37249306-1597-DC6D-3544-6FEDBBF8B848
-7.0281167,-33.670753,1,37249306-1597-DC6D-3544-6FEDBBF8B848
-24.761374,-40.73043,1,37249306-1597-DC6D-3544-6FEDBBF8B848
-15.754957,-55.895634,1,37249306-1597-DC6D-3544-6FEDBBF8B848
-15.888355,-55.588245,1,37249306-1597-DC6D-3544-6FEDBBF8B848
5.257234,-22.847443,1,37249306-1597-DC6D-3544-6FEDBBF8B848
5.32337,-22.706997,1,37249306-1597-DC6D-3544-6FEDBBF8B848
5.6607327,-23.319017,0,37249306-1597-DC6D-3544-6FEDBBF8B848
-12.40402,20.854576,0,37249306-1597-DC6D-3544-6FEDBBF8B848
-53.738373,3.2892344,0,37249306-1597-DC6D-3544-6FEDBBF8B848
-45.41045,-17.956795,0,37249306-1597-DC6D-3544-6FEDBBF8B848
-45.74425,-18.226988,0,37249306-1597-DC6D-3544-6FEDBBF8B848
-46.59003,-18.92009,1,37249306-1597-DC6D-3544-6FEDBBF8B848
-24.042715,-43.34759,1,37249306-1597-DC6D-3544-6FEDBBF8B848
45.045353,-21.363806,0,37249306-1597-DC6D-3544-6FEDBBF8B848
25.146027,29.603012,0,37249306-1597-DC6D-3544-6FEDBBF8B848
24.655615,29.45292,0,37249306-1597-DC6D-3544-6FEDBBF8B848
-6.122058,43.14362,0,37249306-1597-DC6D-3544-6FEDBBF8B848
-6.145105,43.23112,0,37249306-1597-DC6D-3544-6FEDBBF8B848
19.531088,48.94497,0,37249306-1597-DC6D-3544-6FEDBBF8B848
0.70740235,-24.148048,0,37249306-1597-DC6D-3544-6FEDBBF8B848
39.12413,31.012598,0,37249306-1597-DC6D-3544-6FEDBBF8B848
31.186659,22.465748,0,37249306-1597-DC6D-3544-6FEDBBF8B848
-16.816916,-27.169573,1,3C54E0F5-9C12-3137-9EC1-39645770F53A
-16.269161,-26.85195,1,3C54E0F5-9C12-3137-9EC1-39645770F53A
-15.770964,-26.79724,1,3C54E0F5-9C12-3137-9EC1-39645770F53A
5.3813925,-43.337105,1,3C54E0F5-9C12-3137-9EC1-39645770F53A
31.768549,-38.09531,1,3C54E0F5-9C12-3137-9EC1-39645770F53A
31.719746,-38.138298,1,3C54E0F5-9C12-3137-9EC1-39645770F53A
-2.5122712,-59.10967,1,3C54E0F5-9C12-3137-9EC1-39645770F53A
-13.4582815,-64.078865,1,3C54E0F5-9C12-3137-9EC1-39645770F53A
10.615652,-55.109802,0,3C54E0F5-9C12-3137-9EC1-39645770F53A
6.8621554,-32.25042,0,3C54E0F5-9C12-3137-9EC1-39645770F53A
6.879647,-32.274563,0,3C54E0F5-9C12-3137-9EC1-39645770F53A
38.587997,6.406762,0,3C54E0F5-9C12-3137-9EC1-39645770F53A
36.67053,19.557978,0,3C54E0F5-9C12-3137-9EC1-39645770F53A
36.472256,19.401476,1,3C54E0F5-9C12-3137-9EC1-39645770F53A
-18.378872,-24.299395,1,3C54E0F5-9C12-3137-9EC1-39645770F53A
-46.221035,-26.090185,1,3C54E0F5-9C12-3137-9EC1-39645770F53A
-24.444324,-51.871197,1,3C54E0F5-9C12-3137-9EC1-39645770F53A
-24.325039,-51.86368,1,3C54E0F5-9C12-3137-9EC1-39645770F53A
-18.689325,46.76919,2,3FC0B5B3-AC42-BF96-D8EE-10E81EAAACF6
-18.74617,46.689457,2,3FC0B5B3-AC42-BF96-D8EE-10E81EAAACF6
-72.1896,21.169603,2,3FC0B5B3-AC42-BF96-D8EE-10E81EAAACF6
-72.15557,21.099049,2,3FC0B5B3-AC42-BF96-D8EE-10E81EAAACF6
-19.51073,44.753716,2,3FC0B5B3-AC42-BF96-D8EE-10E81EAAACF6
20.687346,40.050602,2,3FC0B5B3-AC42-BF96-D8EE-10E81EAAACF6
-7.426571,-58.97518,1,3FC0B5B3-AC42-BF96-D8EE-10E81EAAACF6
-6.331168,-58.286716,1,3FC0B5B3-AC42-BF96-D8EE-10E81EAAACF6
-6.5982122,-58.47206,2,3FC0B5B3-AC42-BF96-D8EE-10E81EAAACF6
-26.924973,23.694214,2,3FC0B5B3-AC42-BF96-D8EE-10E81EAAACF6
-59.813007,11.939878,2,3FC0B5B3-AC42-BF96-D8EE-10E81EAAACF6
-59.86621,11.9421425,2,3FC0B5B3-AC42-BF96-D8EE-10E81EAAACF6
24.17621,11.088182,2,3FC0B5B3-AC42-BF96-D8EE-10E81EAAACF6
51.135143,1.305693,2,3FC0B5B3-AC42-BF96-D8EE-10E81EAAACF6
29.707973,-36.788193,2,3FC0B5B3-AC42-BF96-D8EE-10E81EAAACF6
-18.86006,-20.885193,2,3FC0B5B3-AC42-BF96-D8EE-10E81EAAACF6
-19.220526,-21.60103,2,3FC0B5B3-AC42-BF96-D8EE-10E81EAAACF6
-19.159489,-21.592438,2,3FC0B5B3-AC42-BF96-D8EE-10E81EAAACF6
-24.102526,44.483635,2,4690C2DC-C0B5-6C1B-880A-D31C46C8A565
-24.19739,44.43009,2,4690C2DC-C0B5-6C1B-880A-D31C46C8A565
-24.481562,43.068687,2,4690C2DC-C0B5-6C1B-880A-D31C46C8A565
-29.120077,-39.99038,2,4690C2DC-C0B5-6C1B-880A-D31C46C8A565
-31.704073,-24.48297,2,4690C2DC-C0B5-6C1B-880A-D31C46C8A565
-58.081333,2.7570527,2,4690C2DC-C0B5-6C1B-880A-D31C46C8A565
-2.580137,-3.7452047,2,4690C2DC-C0B5-6C1B-880A-D31C46C8A565
-2.5895932,-3.4954166,2,4690C2DC-C0B5-6C1B-880A-D31C46C8A565
-1.8517923,27.94381,2,4690C2DC-C0B5-6C1B-880A-D31C46C8A565
-1.8297503,28.137814,0,4690C2DC-C0B5-6C1B-880A-D31C46C8A565
21.236076,12.046119,0,4690C2DC-C0B5-6C1B-880A-D31C46C8A565
46.842785,-25.651588,0,4690C2DC-C0B5-6C1B-880A-D31C46C8A565
59.991035,-18.64993,2,4690C2DC-C0B5-6C1B-880A-D31C46C8A565
27.44823,-34.70822,2,4690C2DC-C0B5-6C1B-880A-D31C46C8A565
36.296906,-32.852737,2,4690C2DC-C0B5-6C1B-880A-D31C46C8A565
36.33648,-32.951534,2,4690C2DC-C0B5-6C1B-880A-D31C46C8A565
27.091902,6.894157,2,4690C2DC-C0B5-6C1B-880A-D31C46C8A565
27.135464,6.9108152,0,4690C2DC-C0B5-6C1B-880A-D31C46C8A565
27.630817,-22.10071,0,4690C2DC-C0B5-6C1B-880A-D31C46C8A565
5.221638,-39.65546,0,4690C2DC-C0B5-6C1B-880A-D31C46C8A565
5.1812696,-40.078083,0,4690C2DC-C0B5-6C1B-880A-D31C46C8A565
5.149254,-41.471436,0,4690C2DC-C0B5-6C1B-880A-D31C46C8A565
6.0974607,-44.26905,0,4690C2DC-C0B5-6C1B-880A-D31C46C8A565
6.4089494,-44.34554,0,4690C2DC-C0B5-6C1B-880A-D31C46C8A565
17.627556,-49.905003,0,4690C2DC-C0B5-6C1B-880A-D31C46C8A565
14.293846,-37.805695,0,4690C2DC-C0B5-6C1B-880A-D31C46C8A565
31.916153,-35.21455,0,4690C2DC-C0B5-6C1B-880A-D31C46C8A565
10.063645,-37.244198,0,4690C2DC-C0B5-6C1B-880A-D31C46C8A565
10.099589,-37.314102,2,4690C2DC-C0B5-6C1B-880A-D31C46C8A565
-2.1958694,-50.783348,2,4690C2DC-C0B5-6C1B-880A-D31C46C8A565
-22.615349,42.109283,2,46A9A47E-EDE3-2EF4-2F06-E95AF67D57E1
-32.871437,18.51732,2,46A9A47E-EDE3-2EF4-2F06-E95AF67D57E1
-32.58122,18.122366,2,46A9A47E-EDE3-2EF4-2F06-E95AF67D57E1
18.079329,-27.473059,2,46A9A47E-EDE3-2EF4-2F06-E95AF67D57E1
17.520136,-27.21915,2,46A9A47E-EDE3-2EF4-2F06-E95AF67D57E1
17.492304,-27.140385,2,46A9A47E-EDE3-2EF4-2F06-E95AF67D57E1
-3.3216336,42.69164,0,46A9A47E-EDE3-2EF4-2F06-E95AF67D57E1
-3.1981745,42.7824,0,46A9A47E-EDE3-2EF4-2F06-E95AF67D57E1
-19.855383,8.741377,0,46A9A47E-EDE3-2EF4-2F06-E95AF67D57E1
-34.371212,-27.402878,0,46A9A47E-EDE3-2EF4-2F06-E95AF67D57E1
-35.323822,-27.094944,2,46A9A47E-EDE3-2EF4-2F06-E95AF67D57E1
-35.34296,-27.050863,2,46A9A47E-EDE3-2EF4-2F06-E95AF67D57E1
67.144905,2.4508514,0,46A9A47E-EDE3-2EF4-2F06-E95AF67D57E1
67.134346,2.3866084,0,46A9A47E-EDE3-2EF4-2F06-E95AF67D57E1
65.17378,-9.341614,0,46A9A47E-EDE3-2EF4-2F06-E95AF67D57E1
37.43594,20.260456,2,46A9A47E-EDE3-2EF4-2F06-E95AF67D57E1
-25.374897,7.743881,2,46A9A47E-EDE3-2EF4-2F06-E95AF67D57E1
-49.66964,-16.714567,2,46A9A47E-EDE3-2EF4-2F06-E95AF67D57E1
47.863434,-29.233574,0,46A9A47E-EDE3-2EF4-2F06-E95AF67D57E1
35.261982,12.481313,0,46A9A47E-EDE3-2EF4-2F06-E95AF67D57E1
35.13211,12.56333,0,46A9A47E-EDE3-2EF4-2F06-E95AF67D57E1
11.069401,30.07917,0,46A9A47E-EDE3-2EF4-2F06-E95AF67D57E1
-42.689625,22.477018,2,46A9A47E-EDE3-2EF4-2F06-E95AF67D57E1
-42.801174,22.071556,2,46A9A47E-EDE3-2EF4-2F06-E95AF67D57E1
-74.64113,23.759153,2,46A9A47E-EDE3-2EF4-2F06-E95AF67D57E1
-74.971954,23.360643,2,46A9A47E-EDE3-2EF4-2F06-E95AF67D57E1
-39.051125,24.547703,2,46A9A47E-EDE3-2EF4-2F06-E95AF67D57E1
47.49728,22.198544,0,46A9A47E-EDE3-2EF4-2F06-E95AF67D57E1
47.801548,22.289484,0,46A9A47E-EDE3-2EF4-2F06-E95AF67D57E1
48.78722,22.299908,0,46A9A47E-EDE3-2EF4-2F06-E95AF67D57E1
-18.9293,-7.9780455,2,47494449-E68E-E554-8BB1-ECEEE432E269
20.376234,-40.70049,2,47494449-E68E-E554-8BB1-ECEEE432E269
43.546555,-8.959708,2,47494449-E68E-E554-8BB1-ECEEE432E269
43.405437,-7.5324163,0,47494449-E68E-E554-8BB1-ECEEE432E269
43.527622,-7.2546597,0,47494449-E68E-E554-8BB1-ECEEE432E269
53.393753,2.7911656,0,47494449-E68E-E554-8BB1-ECEEE432E269
-52.50893,28.441954,1,47494449-E68E-E554-8BB1-ECEEE432E269
-52.416462,28.469816,2,47494449-E68E-E554-8BB1-ECEEE432E269
1.8385409,36.474262,2,47494449-E68E-E554-8BB1-ECEEE432E269
1.8850492,36.540264,2,47494449-E68E-E554-8BB1-ECEEE432E269
59.236134,-20.626688,0,47494449-E68E-E554-8BB1-ECEEE432E269
64.89687,-8.301596,0,47494449-E68E-E554-8BB1-ECEEE432E269
43.1659,1.2801325,2,47494449-E68E-E554-8BB1-ECEEE432E269
44.211285,0.91523415,0,47494449-E68E-E554-8BB1-ECEEE432E269
44.465942,1.068932,0,47494449-E68E-E554-8BB1-ECEEE432E269
28.948801,-39.193134,0,47494449-E68E-E554-8BB1-ECEEE432E269
29.060637,-39.58024,0,47494449-E68E-E554-8BB1-ECEEE432E269
69.28673,-14.383228,1,47494449-E68E-E554-8BB1-ECEEE432E269
61.90982,-13.045071,0,47494449-E68E-E554-8BB1-ECEEE432E269
61.611645,-13.194453,2,47494449-E68E-E554-8BB1-ECEEE432E269
61.733746,-13.1398535,2,47494449-E68E-E554-8BB1-ECEEE432E269
37.75981,-18.260172,2,47494449-E68E-E554-8BB1-ECEEE432E269
23.078949,-42.512596,2,47494449-E68E-E554-8BB1-ECEEE432E269
-49.959736,15.446616,2,47494449-E68E-E554-8BB1-ECEEE432E269
-18.472347,25.082924,2,48847236-6E23-6E61-57CD-780C68FAA2C2
-55.63496,-20.922026,2,48847236-6E23-6E61-57CD-780C68FAA2C2
-55.679043,-20.908392,2,48847236-6E23-6E61-57CD-780C68FAA2C2
-56.942554,19.68019,2,48847236-6E23-6E61-57CD-780C68FAA2C2
-56.869118,19.70263,2,48847236-6E23-6E61-57CD-780C68FAA2C2
-11.459943,55.73473,2,48847236-6E23-6E61-57CD-780C68FAA2C2
38.022263,11.651658,0,48847236-6E23-6E61-57CD-780C68FAA2C2
38.05641,11.539123,0,48847236-6E23-6E61-57CD-780C68FAA2C2
6.2296247,37.30072,0,48847236-6E23-6E61-57CD-780C68FAA2C2
4.517173,-7.013103,2,48847236-6E23-6E61-57CD-780C68FAA2C2
4.452364,-7.132599,2,48847236-6E23-6E61-57CD-780C68FAA2C2
32.52141,-5.1627154,2,48847236-6E23-6E61-57CD-780C68FAA2C2
-70.772766,24.243526,2,48847236-6E23-6E61-57CD-780C68FAA2C2
-70.740364,24.452766,2,48847236-6E23-6E61-57CD-780C68FAA2C2
-70.24199,24.330702,2,48847236-6E23-6E61-57CD-780C68FAA2C2
-69.60725,24.331545,2,48847236-6E23-6E61-57CD-780C68FAA2C2
-10.209599,29.551472,0,48847236-6E23-6E61-57CD-780C68FAA2C2
64.34678,-7.877605,0,48847236-6E23-6E61-57CD-780C68FAA2C2
59.822956,11.90222,0,48847236-6E23-6E61-57CD-780C68FAA2C2
-7.0036554,-31.431036,2,48847236-6E23-6E61-57CD-780C68FAA2C2
-48.07673,-17.922674,2,48847236-6E23-6E61-57CD-780C68FAA2C2
-25.00263,-29.691639,2,48847236-6E23-6E61-57CD-780C68FAA2C2
14.04463,27.193039,2,48847236-6E23-6E61-57CD-780C68FAA2C2
-3.3060539,26.486063,2,48847236-6E23-6E61-57CD-780C68FAA2C2
58.469944,-4.00263,0,48847236-6E23-6E61-57CD-780C68FAA2C2
58.283443,-3.8490083,0,48847236-6E23-6E61-57CD-780C68FAA2C2
32.34978,35.47728,2,48847236-6E23-6E61-57CD-780C68FAA2C2
10.656263,32.601994,2,48847236-6E23-6E61-57CD-780C68FAA2C2
-56.76803,5.741336,2,48847236-6E23-6E61-57CD-780C68FAA2C2
-56.454353,6.025199,2,48847236-6E23-6E61-57CD-780C68FAA2C2
-59.34217,3.1756344,1,48D32E40-ABB9-E3FB-185C-8A5AA0C44CBF
-29.287672,19.517332,1,48D32E40-ABB9-E3FB-185C-8A5AA0C44CBF
-3.0772636,-34.630043,1,48D32E40-ABB9-E3FB-185C-8A5AA0C44CBF
-22.162222,-24.505922,1,48D32E40-ABB9-E3FB-185C-8A5AA0C44CBF
-22.155813,-24.460957,1,48D32E40-ABB9-E3FB-185C-8A5AA0C44CBF
-17.971659,-54.60372,1,48D32E40-ABB9-E3FB-185C-8A5AA0C44CBF
-17.185509,-48.993282,1,48D32E40-ABB9-E3FB-185C-8A5AA0C44CBF
-19.730717,-18.854475,1,48D32E40-ABB9-E3FB-185C-8A5AA0C44CBF
-19.680563,-18.431204,0,48D32E40-ABB9-E3FB-185C-8A5AA0C44CBF
-19.149885,-17.858961,0,48D32E40-ABB9-E3FB-185C-8A5AA0C44CBF
12.996697,37.722683,0,48D32E40-ABB9-E3FB-185C-8A5AA0C44CBF
44.311573,-15.290989,0,48D32E40-ABB9-E3FB-185C-8A5AA0C44CBF
-8.638408,-67.12163,1,48D32E40-ABB9-E3FB-185C-8A5AA0C44CBF
-8.576977,-67.10686,1,48D32E40-ABB9-E3FB-185C-8A5AA0C44CBF
-5.118895,-55.26613,1,48D32E40-ABB9-E3FB-185C-8A5AA0C44CBF
21.102163,-49.4393,1,48D32E40-ABB9-E3FB-185C-8A5AA0C44CBF
-16.408108,-51.336586,1,48D32E40-ABB9-E3FB-185C-8A5AA0C44CBF
-16.493668,-51.29705,1,48D32E40-ABB9-E3FB-185C-8A5AA0C44CBF
-71.50321,30.380941,2,4B423110-8A54-A87F-39BB-D68BF033C7FC
-71.44846,30.428608,2,4B423110-8A54-A87F-39BB-D68BF033C7FC
-23.587101,49.70536,2,4B423110-8A54-A87F-39BB-D68BF033C7FC
-63.989964,30.944813,2,4B423110-8A54-A87F-39BB-D68BF033C7FC
-62.671303,11.255979,2,4B423110-8A54-A87F-39BB-D68BF033C7FC
-62.66854,11.250408,2,4B423110-8A54-A87F-39BB-D68BF033C7FC
-41.06921,18.633411,2,4B423110-8A54-A87F-39BB-D68BF033C7FC
-41.008266,18.679937,2,4B423110-8A54-A87F-39BB-D68BF033C7FC
-41.436527,18.72284,2,4B423110-8A54-A87F-39BB-D68BF033C7FC
-38.145527,20.62278,2,4B423110-8A54-A87F-39BB-D68BF033C7FC
11.476659,49.63704,2,4B423110-8A54-A87F-39BB-D68BF033C7FC
-67.40548,24.40812,2,4B423110-8A54-A87F-39BB-D68BF033C7FC
10.8096895,-15.862304,0,4B423110-8A54-A87F-39BB-D68BF033C7FC
-19.05042,-15.1460705,0,4B423110-8A54-A87F-39BB-D68BF033C7FC
-28.975632,14.426777,2,4B423110-8A54-A87F-39BB-D68BF033C7FC
-28.950756,14.188854,2,4B423110-8A54-A87F-39BB-D68BF033C7FC
-29.21508,15.026585,2,4B423110-8A54-A87F-39BB-D68BF033C7FC
-29.24702,15.446965,0,4B423110-8A54-A87F-39BB-D68BF033C7FC
55.234432,-2.063744,0,4B423110-8A54-A87F-39BB-D68BF033C7FC
10.858823,-29.470373,0,4B423110-8A54-A87F-39BB-D68BF033C7FC
49.85632,-29.971357,0,4B423110-8A54-A87F-39BB-D68BF033C7FC
63.145382,-19.982481,0,4BD5749B-A1D2-E6C9-156F-DF107802D3BE
50.669334,-23.63589,0,4BD5749B-A1D2-E6C9-156F-DF107802D3BE
24.310791,13.639187,0,4BD5749B-A1D2-E6C9-156F-DF107802D3BE
46.15046,6.5390353,0,4BD5749B-A1D2-E6C9-156F-DF107802D3BE
35.752636,-34.454384,0,4BD5749B-A1D2-E6C9-156F-DF107802D3BE
35.648323,-34.629425,0,4BD5749B-A1D2-E6C9-156F-DF107802D3BE
6.6090975,13.904376,2,4BD5749B-A1D2-E6C9-156F-DF107802D3BE
36.83208,-40.88672,2,4BD5749B-A1D2-E6C9-156F-DF107802D3BE
36.471924,-41.596973,2,4BD5749B-A1D2-E6C9-156F-DF107802D3BE
36.427322,-42.354465,2,4BD5749B-A1D2-E6C9-156F-DF107802D3BE
35.870712,-42.6617,2,4BD5749B-A1D2-E6C9-156F-DF107802D3BE
13.060587,-54.449932,2,4BD5749B-A1D2-E6C9-156F-DF107802D3BE
-24.093636,-21.20852,1,4BD5749B-A1D2-E6C9-156F-DF107802D3BE
-23.737001,-22.208038,1,4BD5749B-A1D2-E6C9-156F-DF107802D3BE
-23.603615,-22.042355,1,4BD5749B-A1D2-E6C9-156F-DF107802D3BE
-23.512566,-19.996828,1,4BD5749B-A1D2-E6C9-156F-DF107802D3BE
-23.497196,-19.979877,1,4BD5749B-A1D2-E6C9-156F-DF107802D3BE
-0.49502122,-24.142933,1,4BD5749B-A1D2-E6C9-156F-DF107802D3BE
-21.813583,10.519522,2,4BFAECAC-0CC2-F9AC-17BB-7343BE737D81
-16.33723,36.052597,2,4BFAECAC-0CC2-F9AC-17BB-7343BE737D81
-16.166399,35.619812,2,4BFAECAC-0CC2-F9AC-17BB-7343BE737D81
-22.639397,37.449524,2,4BFAECAC-0CC2-F9AC-17BB-7343BE737D81
-62.806763,18.624514,2,4BFAECAC-0CC2-F9AC-17BB-7343BE737D81
-70.315994,16.001453,2,4BFAECAC-0CC2-F9AC-17BB-7343BE737D81
-66.275154,11.01017,2,4BFAECAC-0CC2-F9AC-17BB-7343BE737D81
-57.403713,-10.248627,2,4BFAECAC-0CC2-F9AC-17BB-7343BE737D81
-67.744064,11.272252,2,4BFAECAC-0CC2-F9AC-17BB-7343BE737D81
-68.07712,11.521934,0,4BFAECAC-0CC2-F9AC-17BB-7343BE737D81
-68.250046,11.578378,0,4BFAECAC-0CC2-F9AC-17BB-7343BE737D81
-30.17321,35.892235,0,4BFAECAC-0CC2-F9AC-17BB-7343BE737D81
46.95641,-18.555237,0,4BFAECAC-0CC2-F9AC-17BB-7343BE737D81
46.912888,-18.624949,0,4BFAECAC-0CC2-F9AC-17BB-7343BE737D81
16.773508,-11.224706,0,4BFAECAC-0CC2-F9AC-17BB-7343BE737D81
16.732046,-11.177984,2,4BFAECAC-0CC2-F9AC-17BB-7343BE737D81
-61.10608,12.610086,2,4BFAECAC-0CC2-F9AC-17BB-7343BE737D81
-67.52086,22.383331,2,4BFAECAC-0CC2-F9AC-17BB-7343BE737D81
-9.943508,51.8544,2,4BFAECAC-0CC2-F9AC-17BB-7343BE737D81
18.993513,53.084522,2,4BFAECAC-0CC2-F9AC-17BB-7343BE737D81
18.981415,52.995193,0,4BFAECAC-0CC2-F9AC-17BB-7343BE737D81
19.126709,52.481915,0,4BFAECAC-0CC2-F9AC-17BB-7343BE737D81
18.546225,52.13084,0,4BFAECAC-0CC2-F9AC-17BB-7343BE737D81
17.736935,51.5868,2,4BFAECAC-0CC2-F9AC-17BB-7343BE737D81
43.221943,27.491718,1,4CAE9D77-C8A8-2EE8-53D0-7C3C6331B2C5
51.74616,27.689604,2,4CAE9D77-C8A8-2EE8-53D0-7C3C6331B2C5
51.926792,27.533781,2,4CAE9D77-C8A8-2EE8-53D0-7C3C6331B2C5
3.304306,-8.5778,2,4CAE9D77-C8A8-2EE8-53D0-7C3C6331B2C5
-13.895723,-24.018715,2,4CAE9D77-C8A8-2EE8-53D0-7C3C6331B2C5
-14.022458,-24.157387,2,4CAE9D77-C8A8-2EE8-53D0-7C3C6331B2C5
-8.9517565,-4.8782706,2,4CAE9D77-C8A8-2EE8-53D0-7C3C6331B2C5
45.50968,-10.374947,2,4CAE9D77-C8A8-2EE8-53D0-7C3C6331B2C5
45.651073,-10.426311,1,4CAE9D77-C8A8-2EE8-53D0-7C3C6331B2C5
-1.9009277,-47.79907,1,4CAE9D77-C8A8-2EE8-53D0-7C3C6331B2C5
-18.53781,-64.46658,1,4CAE9D77-C8A8-2EE8-53D0-7C3C6331B2C5
-18.282043,-65.61936,1,4CAE9D77-C8A8-2EE8-53D0-7C3C6331B2C5
-14.22308,30.551067,2,4CAE9D77-C8A8-2EE8-53D0-7C3C6331B2C5
47.548386,-21.466728,2,4CAE9D77-C8A8-2EE8-53D0-7C3C6331B2C5
47.56275,-21.417358,2,4CAE9D77-C8A8-2EE8-53D0-7C3C6331B2C5
36.648907,4.5761437,2,4CAE9D77-C8A8-2EE8-53D0-7C3C6331B2C5
19.918276,29.330982,2,4CAE9D77-C8A8-2EE8-53D0-7C3C6331B2C5
19.858856,29.34973,2,4CAE9D77-C8A8-2EE8-53D0-7C3C6331B2C5
19.845003,28.740412,1,4CAE9D77-C8A8-2EE8-53D0-7C3C6331B2C5
-3.4247506,14.109099,1,4CAE9D77-C8A8-2EE8-53D0-7C3C6331B2C5
-3.3370895,14.202698,1,4CAE9D77-C8A8-2EE8-53D0-7C3C6331B2C5
39.899193,-34.550087,1,4CAE9D77-C8A8-2EE8-53D0-7C3C6331B2C5
39.87603,-34.516262,1,4CAE9D77-C8A8-2EE8-53D0-7C3C6331B2C5
-1.6504635,-61.019962,1,4CAE9D77-C8A8-2EE8-53D0-7C3C6331B2C5
-16.915287,-69.471535,1,4CAE9D77-C8A8-2EE8-53D0-7C3C6331B2C5
-17.150497,-68.863174,1,4CAE9D77-C8A8-2EE8-53D0-7C3C6331B2C5
-17.00241,-68.648766,1,4CAE9D77-C8A8-2EE8-53D0-7C3C6331B2C5
-16.018938,-69.286385,1,4CAE9D77-C8A8-2EE8-53D0-7C3C6331B2C5
-19.521746,-68.35141,1,4CAE9D77-C8A8-2EE8-53D0-7C3C6331B2C5
-19.528553,-68.41227,1,4CAE9D77-C8A8-2EE8-53D0-7C3C6331B2C5
-7.0708203,54.27105,2,4CAE9D77-C8A8-2EE8-53D0-7C3C6331B2C5
-6.65565,54.333714,2,4CAE9D77-C8A8-2EE8-53D0-7C3C6331B2C5
-6.3998003,54.35633,2,4CAE9D77-C8A8-2EE8-53D0-7C3C6331B2C5
-50.12032,-8.686817,2,5270C847-54C3-180E-9737-1D87A639C450
-50.339436,-8.210427,2,5270C847-54C3-180E-9737-1D87A639C450
-50.54062,-7.3594937,2,5270C847-54C3-180E-9737-1D87A639C450
-50.863014,-7.0217648,2,5270C847-54C3-180E-9737-1D87A639C450
-51.64757,-6.909484,2,5270C847-54C3-180E-9737-1D87A639C450
-17.143059,-11.067833,2,5270C847-54C3-180E-9737-1D87A639C450
-0.99934417,-25.896515,0,5270C847-54C3-180E-9737-1D87A639C450
-1.0460166,-25.87733,0,5270C847-54C3-180E-9737-1D87A639C450
-10.853376,-44.656128,0,5270C847-54C3-180E-9737-1D87A639C450
20.482943,-4.127407,0,5270C847-54C3-180E-9737-1D87A639C450
27.959023,-45.11569,0,5270C847-54C3-180E-9737-1D87A639C450
57.095436,-26.969215,0,5270C847-54C3-180E-9737-1D87A639C450
30.468636,-49.2104,1,5690E95B-9747-B2B5-2EE1-16A72200D5CC
30.46982,-49.066795,1,5690E95B-9747-B2B5-2EE1-16A72200D5CC
-8.498521,-51.143414,1,5690E95B-9747-B2B5-2EE1-16A72200D5CC
-0.06708841,-29.86607,1,5690E95B-9747-B2B5-2EE1-16A72200D5CC
-58.049656,16.731754,1,5690E95B-9747-B2B5-2EE1-16A72200D5CC
-58.09081,16.743753,1,5690E95B-9747-B2B5-2EE1-16A72200D5CC
42.550163,-39.498802,0,5690E95B-9747-B2B5-2EE1-16A72200D5CC
26.505686,-10.354615,0,5690E95B-9747-B2B5-2EE1-16A72200D5CC
26.586823,-9.639759,2,5690E95B-9747-B2B5-2EE1-16A72200D5CC
26.364124,-10.475484,2,5690E95B-9747-B2B5-2EE1-16A72200D5CC
-3.7111259,-56.869198,2,5690E95B-9747-B2B5-2EE1-16A72200D5CC
-3.5507045,-56.86086,2,5690E95B-9747-B2B5-2EE1-16A72200D5CC
6.2124357,42.117477,0,5690E95B-9747-B2B5-2EE1-16A72200D5CC
-22.89812,29.064337,2,5690E95B-9747-B2B5-2EE1-16A72200D5CC
5.851418,42.310295,2,5690E95B-9747-B2B5-2EE1-16A72200D5CC
5.501155,42.483852,0,5690E95B-9747-B2B5-2EE1-16A72200D5CC
19.992033,-30.492813,0,5690E95B-9747-B2B5-2EE1-16A72200D5CC
14.315015,-29.792328,0,5690E95B-9747-B2B5-2EE1-16A72200D5CC
8.360965,-40.158054,2,5690E95B-9747-B2B5-2EE1-16A72200D5CC
13.951921,-29.766249,2,5690E95B-9747-B2B5-2EE1-16A72200D5CC
1.7923257,-0.43094212,2,5690E95B-9747-B2B5-2EE1-16A72200D5CC
2.0177546,-0.52602273,2,5690E95B-9747-B2B5-2EE1-16A72200D5CC
17.805538,-0.31820953,0,5690E95B-9747-B2B5-2EE1-16A72200D5CC
18.474928,-44.925594,0,5690E95B-9747-B2B5-2EE1-16A72200D5CC
-27.561237,-20.851171,1,5690E95B-9747-B2B5-2EE1-16A72200D5CC
-17.638084,-47.419697,1,5690E95B-9747-B2B5-2EE1-16A72200D5CC
-28.497593,-20.24169,1,5690E95B-9747-B2B5-2EE1-16A72200D5CC
-63.49807,2.6019516,1,5690E95B-9747-B2B5-2EE1-16A72200D5CC
-65.71061,8.27321,2,5690E95B-9747-B2B5-2EE1-16A72200D5CC
-14.644133,21.969141,2,5690E95B-9747-B2B5-2EE1-16A72200D5CC
-22.039955,14.231282,2,58CB3C5E-2F5C-31FE-83E8-C6772D99B8D5
-22.048672,14.194153,2,58CB3C5E-2F5C-31FE-83E8-C6772D99B8D5
0.8375307,29.668715,2,58CB3C5E-2F5C-31FE-83E8-C6772D99B8D5
0.7838505,29.716358,2,58CB3C5E-2F5C-31FE-83E8-C6772D99B8D5
-26.167078,13.242211,1,58CB3C5E-2F5C-31FE-83E8-C6772D99B8D5
30.061846,34.987633,1,58CB3C5E-2F5C-31FE-83E8-C6772D99B8D5
66.802765,-18.73962,0,58CB3C5E-2F5C-31FE-83E8-C6772D99B8D5
66.12171,-19.297756,1,58CB3C5E-2F5C-31FE-83E8-C6772D99B8D5
66.07604,-19.325882,1,58CB3C5E-2F5C-31FE-83E8-C6772D99B8D5
53.38925,-15.688161,1,58CB3C5E-2F5C-31FE-83E8-C6772D99B8D5
-11.661315,-62.356236,1,58CB3C5E-2F5C-31FE-83E8-C6772D99B8D5
-11.608118,-62.685085,1,58CB3C5E-2F5C-31FE-83E8-C6772D99B8D5
-73.50852,22.900866,2,58CB3C5E-2F5C-31FE-83E8-C6772D99B8D5
-37.989532,36.645397,0,58CB3C5E-2F5C-31FE-83E8-C6772D99B8D5
-32.261368,4.395184,0,58CB3C5E-2F5C-31FE-83E8-C6772D99B8D5
-62.65427,1.22047,0,58CB3C5E-2F5C-31FE-83E8-C6772D99B8D5
-76.64943,22.677544,2,58CB3C5E-2F5C-31FE-83E8-C6772D99B8D5
-76.57466,22.87813,2,58CB3C5E-2F5C-31FE-83E8-C6772D99B8D5
32.56723,-32.719067,2,5CD23052-9069-615B-22B2-CB8E9A2413C9
28.015886,-49.684875,2,5CD23052-9069-615B-22B2-CB8E9A2413C9
37.6195,-26.017424,1,5CD23052-9069-615B-22B2-CB8E9A2413C9
37.50901,-25.922163,1,5CD23052-9069-615B-22B2-CB8E9A2413C9
11.301527,-15.364907,2,5CD23052-9069-615B-22B2-CB8E9A2413C9
-4.616274,-0.12418163,2,5CD23052-9069-615B-22B2-CB8E9A2413C9
-7.9814553,12.130703,2,5CD23052-9069-615B-22B2-CB8E9A2413C9
-24.968855,11.28825,2,5CD23052-9069-615B-22B2-CB8E9A2413C9
-24.925161,10.909949,2,5CD23052-9069-615B-22B2-CB8E9A2413C9
-24.87272,10.183358,0,5CD23052-9069-615B-22B2-CB8E9A2413C9
-9.110014,-4.267666,0,5CD23052-9069-615B-22B2-CB8E9A2413C9
51.517525,-29.663942,0,5CD23052-9069-615B-22B2-CB8E9A2413C9
37.30128,32.130894,2,5CD23052-9069-615B-22B2-CB8E9A2413C9
63.58004,-7.2923565,2,5CD23052-9069-615B-22B2-CB8E9A2413C9
55.8711,11.715643,2,5CD23052-9069-615B-22B2-CB8E9A2413C9
55.810135,11.629892,2,5CD23052-9069-615B-22B2-CB8E9A2413C9
16.358295,-33.863758,1,5CD23052-9069-615B-22B2-CB8E9A2413C9
-14.583522,-55.630096,1,5CD23052-9069-615B-22B2-CB8E9A2413C9
2.7148,-14.711155,2,5CD23052-9069-615B-22B2-CB8E9A2413C9
20.848076,-17.860094,2,5CD23052-9069-615B-22B2-CB8E9A2413C9
-1.3590132,-58.674763,2,5CD23052-9069-615B-22B2-CB8E9A2413C9
24.826994,-45.455105,2,5CD23052-9069-615B-22B2-CB8E9A2413C9
24.696531,-45.54375,0,5CD23052-9069-615B-22B2-CB8E9A2413C9
55.671894,-1.1516498,0,5CD23052-9069-615B-22B2-CB8E9A2413C9
-41.7629,15.626076,2,5CD23052-9069-615B-22B2-CB8E9A2413C9
-40.94245,15.400396,2,5CD23052-9069-615B-22B2-CB8E9A2413C9
-27.491428,12.229314,2,5CD23052-9069-615B-22B2-CB8E9A2413C9
-0.67413723,41.979065,2,5E491E0A-C580-29BE-4329-ED7BFF843D0D
-0.6210499,41.888363,0,5E491E0A-C580-29BE-4329-ED7BFF843D0D
30.846514,27.095108,0,5E491E0A-C580-29BE-4329-ED7BFF843D0D
30.89222,27.038212,0,5E491E0A-C580-29BE-4329-ED7BFF843D0D
-3.473159,18.013184,2,5E491E0A-C580-29BE-4329-ED7BFF843D0D
-3.5208297,17.933659,2,5E491E0A-C580-29BE-4329-ED7BFF843D0D
69.31691,-13.292211,2,5E491E0A-C580-29BE-4329-ED7BFF843D0D
69.31553,-13.270814,2,5E491E0A-C580-29BE-4329-ED7BFF843D0D
63.540657,2.9227421,0,5E491E0A-C580-29BE-4329-ED7BFF843D0D
63.827274,3.0846415,0,5E491E0A-C580-29BE-4329-ED7BFF843D0D
64.05796,2.7231183,0,5E491E0A-C580-29BE-4329-ED7BFF843D0D
2.3906627,42.7514,0,5E491E0A-C580-29BE-4329-ED7BFF843D0D
51.410072,-27.593483,0,5E491E0A-C580-29BE-4329-ED7BFF843D0D
51.403416,-27.614664,0,5E491E0A-C580-29BE-4329-ED7BFF843D0D
50.823807,-26.298714,0,5E491E0A-C580-29BE-4329-ED7BFF843D0D
21.687906,49.794712,0,5E491E0A-C580-29BE-4329-ED7BFF843D0D
-3.403005,51.46458,2,5E491E0A-C580-29BE-4329-ED7BFF843D0D
-3.4863546,51.40741,2,5E491E0A-C580-29BE-4329-ED7BFF843D0D
-42.89714,-4.0990915,0,5F222604-CB86-1ABA-EB7B-31FF78B7BE93
-5.2415667,11.28629,0,5F222604-CB86-1ABA-EB7B-31FF78B7BE93
-52.050575,25.666945,0,5F222604-CB86-1ABA-EB7B-31FF78B7BE93
-52.33797,25.57374,2,5F222604-CB86-1ABA-EB7B-31FF78B7BE93
-55.36824,23.849834,2,5F222604-CB86-1ABA-EB7B-31FF78B7BE93
-44.886307,20.508041,2,5F222604-CB86-1ABA-EB7B-31FF78B7BE93
5.382131,2.728219,2,5F222604-CB86-1ABA-EB7B-31FF78B7BE93
5.410505,2.5700166,2,5F222604-CB86-1ABA-EB7B-31FF78B7BE93
14.139966,-17.969187,2,5F222604-CB86-1ABA-EB7B-31FF78B7BE93
-3.5238733,-14.114996,2,5F222604-CB86-1ABA-EB7B-31FF78B7BE93
-3.9923089,-14.263364,2,5F222604-CB86-1ABA-EB7B-31FF78B7BE93
-3.3967242,-13.906569,2,5F222604-CB86-1ABA-EB7B-31FF78B7BE93
-0.44724402,-13.019869,2,5F222604-CB86-1ABA-EB7B-31FF78B7BE93
-0.52004856,-12.989451,2,5F222604-CB86-1ABA-EB7B-31FF78B7BE93
0.037495706,50.876354,2,5F222604-CB86-1ABA-EB7B-31FF78B7BE93
-0.0921131,51.603725,2,5F222604-CB86-1ABA-EB7B-31FF78B7BE93
-0.2336697,51.82631,2,5F222604-CB86-1ABA-EB7B-31FF78B7BE93
-25.188074,37.33676,2,5F222604-CB86-1ABA-EB7B-31FF78B7BE93
27.013687,16.057335,2,5F222604-CB86-1ABA-EB7B-31FF78B7BE93
26.98888,16.15536,2,5F222604-CB86-1ABA-EB7B-31FF78B7BE93
-20.940794,-0.3110041,2,5F222604-CB86-1ABA-EB7B-31FF78B7BE93
-21.451263,0.2127818,2,5F222604-CB86-1ABA-EB7B-31FF78B7BE93
-21.559067,0.43516928,2,5F222604-CB86-1ABA-EB7B-31FF78B7BE93
-19.129942,-10.242429,2,5F222604-CB86-1ABA-EB7B-31FF78B7BE93
-4.7261066,3.236609,2,5F222604-CB86-1ABA-EB7B-31FF78B7BE93
22.568167,-52.944252,2,5F222604-CB86-1ABA-EB7B-31FF78B7BE93
22.574192,-52.825855,2,5F222604-CB86-1ABA-EB7B-31FF78B7BE93
21.596003,-53.11426,2,5F222604-CB86-1ABA-EB7B-31FF78B7BE93
21.227541,-53.20313,2,5F222604-CB86-1ABA-EB7B-31FF78B7BE93
-3.5410545,0.17574263,2,5F222604-CB86-1ABA-EB7B-31FF78B7BE93
48.44825,7.857871,2,623D68EC-1C36-4E39-4317-BE7B59F593D2
48.28988,8.04896,2,623D68EC-1C36-4E39-4317-BE7B59F593D2
19.405867,36.54801,2,623D68EC-1C36-4E39-4317-BE7B59F593D2
19.440828,36.515076,2,623D68EC-1C36-4E39-4317-BE7B59F593D2
-63.6108,30.023144,2,623D68EC-1C36-4E39-4317-BE7B59F593D2
-63.670902,30.046946,2,623D68EC-1C36-4E39-4317-BE7B59F593D2
63.442104,-11.927295,0,623D68EC-1C36-4E39-4317-BE7B59F593D2
50.508057,24.906376,0,623D68EC-1C36-4E39-4317-BE7B59F593D2
-8.253781,-18.466599,0,623D68EC-1C36-4E39-4317-BE7B59F593D2
-5.3182454,-31.159224,0,623D68EC-1C36-4E39-4317-BE7B59F593D2
-4.9130607,-31.127657,0,623D68EC-1C36-4E39-4317-BE7B59F593D2
-4.2991757,-30.925535,0,623D68EC-1C36-4E39-4317-BE7B59F593D2
61.047264,-22.981659,0,623D68EC-1C36-4E39-4317-BE7B59F593D2
61.223103,-23.015139,0,623D68EC-1C36-4E39-4317-BE7B59F593D2
60.80523,-22.34011,0,623D68EC-1C36-4E39-4317-BE7B59F593D2
6.485127,-36.050396,0,623D68EC-1C36-4E39-4317-BE7B59F593D2
-16.917175,-16.91127,0,623D68EC-1C36-4E39-4317-BE7B59F593D2
-65.97443,17.257914,0,623D68EC-1C36-4E39-4317-BE7B59F593D2
45.759167,-42.871777,0,623D68EC-1C36-4E39-4317-BE7B59F593D2
45.811,-42.823353,0,623D68EC-1C36-4E39-4317-BE7B59F593D2
44.596024,-24.640345,0,623D68EC-1C36-4E39-4317-BE7B59F593D2
44.364796,-24.49922,0,623D68EC-1C36-4E39-4317-BE7B59F593D2
44.33192,-25.445744,0,623D68EC-1C36-4E39-4317-BE7B59F593D2
32.55242,-42.393593,0,623D68EC-1C36-4E39-4317-BE7B59F593D2
-62.691463,14.212173,2,62A1F053-1EA8-7433-090E-89D450314F41
-41.371067,-6.158498,2,62A1F053-1EA8-7433-090E-89D450314F41
-34.07063,-15.516938,2,62A1F053-1EA8-7433-090E-89D450314F41
-12.571058,-14.377168,2,62A1F053-1EA8-7433-090E-89D450314F41
9.508808,2.609785,2,62A1F053-1EA8-7433-090E-89D450314F41
9.472617,2.6700087,1,62A1F053-1EA8-7433-090E-89D450314F41
-42.512337,38.80631,2,62A1F053-1EA8-7433-090E-89D450314F41
-41.568035,38.611526,2,62A1F053-1EA8-7433-090E-89D450314F41
-41.31054,38.852177,2,62A1F053-1EA8-7433-090E-89D450314F41
-42.210663,39.051537,2,62A1F053-1EA8-7433-090E-89D450314F41
-6.214566,-27.470314,2,62A1F053-1EA8-7433-090E-89D450314F41
-56.91655,10.79038,2,62A1F053-1EA8-7433-090E-89D450314F41
-38.612774,27.146093,2,62A1F053-1EA8-7433-090E-89D450314F41
-38.687645,27.089228,1,62A1F053-1EA8-7433-090E-89D450314F41
-24.389017,13.056025,1,62A1F053-1EA8-7433-090E-89D450314F41
-51.82336,40.06502,2,647C581E-E72F-0765-F94A-065909B99374
-60.27066,36.470867,2,647C581E-E72F-0765-F94A-065909B99374
-46.52085,20.442076,2,647C581E-E72F-0765-F94A-065909B99374
-20.131063,22.402794,2,647C581E-E72F-0765-F94A-065909B99374
-29.70226,20.054823,2,647C581E-E72F-0765-F94A-065909B99374
-61.00881,37.991974,2,647C581E-E72F-0765-F94A-065909B99374
11.625622,42.695896,2,647C581E-E72F-0765-F94A-065909B99374
12.209382,42.70873,2,647C581E-E72F-0765-F94A-065909B99374
12.87603,42.9901,2,647C581E-E72F-0765-F94A-065909B99374
65.39682,4.4296193,2,647C581E-E72F-0765-F94A-065909B99374
-24.81564,30.305466,2,647C581E-E72F-0765-F94A-065909B99374
-24.828604,30.185116,2,647C581E-E72F-0765-F94A-065909B99374
-16.45949,-58.386837,1,647C581E-E72F-0765-F94A-065909B99374
-16.436329,-58.806515,0,647C581E-E72F-0765-F94A-065909B99374
-16.412418,-58.895992,0,647C581E-E72F-0765-F94A-065909B99374
-17.294758,-57.630962,0,647C581E-E72F-0765-F94A-065909B99374
-23.496733,-47.006462,0,647C581E-E72F-0765-F94A-065909B99374
27.428043,-13.679726,0,647C581E-E72F-0765-F94A-065909B99374
-15.369638,46.08931,1,647C581E-E72F-0765-F94A-065909B99374
-57.59863,27.094494,1,647C581E-E72F-0765-F94A-065909B99374
-57.929256,27.098066,0,647C581E-E72F-0765-F94A-065909B99374
-69.1534,26.86677,0,647C581E-E72F-0765-F94A-065909B99374
-35.725967,20.32852,0,647C581E-E72F-0765-F94A-065909B99374
38.544426,-23.23866,0,647C581E-E72F-0765-F94A-065909B99374
-51.69106,39.39255,2,66E9719B-D383-AA87-7FAB-D9B4ABE7011C
-64.264275,36.73414,2,66E9719B-D383-AA87-7FAB-D9B4ABE7011C
-70.095535,20.394234,2,66E9719B-D383-AA87-7FAB-D9B4ABE7011C
-48.061623,13.095266,2,66E9719B-D383-AA87-7FAB-D9B4ABE7011C
-47.00804,12.90753,2,66E9719B-D383-AA87-7FAB-D9B4ABE7011C
-47.343742,12.981542,2,66E9719B-D383-AA87-7FAB-D9B4ABE7011C
-73.34081,8.980733,0,66E9719B-D383-AA87-7FAB-D9B4ABE7011C
-73.101036,9.011817,0,66E9719B-D383-AA87-7FAB-D9B4ABE7011C
-37.832138,-4.8330107,0,66E9719B-D383-AA87-7FAB-D9B4ABE7011C
-10.96446,-12.176222,0,66E9719B-D383-AA87-7FAB-D9B4ABE7011C
-33.863144,25.606846,2,66E9719B-D383-AA87-7FAB-D9B4ABE7011C
-33.932365,25.615847,2,66E9719B-D383-AA87-7FAB-D9B4ABE7011C
25.683218,4.032624,0,66E9719B-D383-AA87-7FAB-D9B4ABE7011C
25.609253,4.036679,2,66E9719B-D383-AA87-7FAB-D9B4ABE7011C
2.1272192,39.878433,2,66E9719B-D383-AA87-7FAB-D9B4ABE7011C
2.246408,39.838642,2,66E9719B-D383-AA87-7FAB-D9B4ABE7011C
44.168625,24.164415,2,66E9719B-D383-AA87-7FAB-D9B4ABE7011C
44.31204,24.170311,0,66E9719B-D383-AA87-7FAB-D9B4ABE7011C
-63.69249,34.04663,2,68339CF4-6AFB-7EFB-40EA-238612F8E5A4
-64.27595,33.90213,2,68339CF4-6AFB-7EFB-40EA-238612F8E5A4
-34.00361,-1.578567,2,68339CF4-6AFB-7EFB-40EA-238612F8E5A4
25.047544,-6.0981445,2,68339CF4-6AFB-7EFB-40EA-238612F8E5A4
-30.717459,-29.09223,2,68339CF4-6AFB-7EFB-40EA-238612F8E5A4
-30.31489,-29.077007,2,68339CF4-6AFB-7EFB-40EA-238612F8E5A4
29.120987,-22.115847,0,68339CF4-6AFB-7EFB-40EA-238612F8E5A4
50.932,-36.314568,0,68339CF4-6AFB-7EFB-40EA-238612F8E5A4
50.99055,-36.366688,0,68339CF4-6AFB-7EFB-40EA-238612F8E5A4
50.613804,-36.881386,2,68339CF4-6AFB-7EFB-40EA-238612F8E5A4
49.28379,-37.34654,2,68339CF4-6AFB-7EFB-40EA-238612F8E5A4
49.268017,-37.297844,2,68339CF4-6AFB-7EFB-40EA-238612F8E5A4
-27.531038,-21.818676,2,68339CF4-6AFB-7EFB-40EA-238612F8E5A4
-43.542755,-14.668135,2,68339CF4-6AFB-7EFB-40EA-238612F8E5A4
-43.245075,-14.779255,2,68339CF4-6AFB-7EFB-40EA-238612F8E5A4
-43.139652,-14.896977,2,68339CF4-6AFB-7EFB-40EA-238612F8E5A4
-13.299386,23.64867,2,68339CF4-6AFB-7EFB-40EA-238612F8E5A4
52.363724,12.903163,0,68339CF4-6AFB-7EFB-40EA-238612F8E5A4
-67.87052,19.790257,2,68339CF4-6AFB-7EFB-40EA-238612F8E5A4
-67.83189,19.734764,2,68339CF4-6AFB-7EFB-40EA-238612F8E5A4
-49.29416,15.420108,0,68339CF4-6AFB-7EFB-40EA-238612F8E5A4
-2.2186518,-63.458412,0,68339CF4-6AFB-7EFB-40EA-238612F8E5A4
-2.275612,-63.02554,0,68339CF4-6AFB-7EFB-40EA-238612F8E5A4
-2.4031396,-62.730015,0,68339CF4-6AFB-7EFB-40EA-238612F8E5A4
-22.017693,-47.164448,1,68339CF4-6AFB-7EFB-40EA-238612F8E5A4
-5.19271,-26.869076,1,68339CF4-6AFB-7EFB-40EA-238612F8E5A4
15.331722,-44.064137,1,68339CF4-6AFB-7EFB-40EA-238612F8E5A4
15.00404,-44.10784,1,68339CF4-6AFB-7EFB-40EA-238612F8E5A4
13.302524,-43.05816,1,68339CF4-6AFB-7EFB-40EA-238612F8E5A4
13.326806,-42.979683,1,68339CF4-6AFB-7EFB-40EA-238612F8E5A4
-0.58504164,-62.634598,1,68339CF4-6AFB-7EFB-40EA-238612F8E5A4
36.236618,-23.813835,1,68339CF4-6AFB-7EFB-40EA-238612F8E5A4
36.237717,-23.808104,1,68339CF4-6AFB-7EFB-40EA-238612F8E5A4
-17.027388,-64.00284,1,6B1E25A6-882B-DDD7-CE4F-4EC17A0906CF
-16.757996,-64.674416,1,6B1E25A6-882B-DDD7-CE4F-4EC17A0906CF
-46.054245,-13.815126,1,6B1E25A6-882B-DDD7-CE4F-4EC17A0906CF
-59.738876,9.226499,1,6B1E25A6-882B-DDD7-CE4F-4EC17A0906CF
-59.69765,9.347072,1,6B1E25A6-882B-DDD7-CE4F-4EC17A0906CF
-39.511024,38.599705,1,6B1E25A6-882B-DDD7-CE4F-4EC17A0906CF
25.114117,42.080784,0,6B1E25A6-882B-DDD7-CE4F-4EC17A0906CF
25.112785,42.185368,0,6B1E25A6-882B-DDD7-CE4F-4EC17A0906CF
0.8231862,33.585735,0,6B1E25A6-882B-DDD7-CE4F-4EC17A0906CF
-10.9452095,21.015575,0,6B1E25A6-882B-DDD7-CE4F-4EC17A0906CF
-10.878588,20.908524,0,6B1E25A6-882B-DDD7-CE4F-4EC17A0906CF
38.657715,-8.664274,0,6B1E25A6-882B-DDD7-CE4F-4EC17A0906CF
38.74739,-33.9481,0,6B1E25A6-882B-DDD7-CE4F-4EC17A0906CF
-9.521382,-26.089779,0,6B1E25A6-882B-DDD7-CE4F-4EC17A0906CF
-9.721969,-26.013453,0,6B1E25A6-882B-DDD7-CE4F-4EC17A0906CF
-21.254143,5.4077854,0,6B1E25A6-882B-DDD7-CE4F-4EC17A0906CF
-21.056892,5.3318133,0,6B1E25A6-882B-DDD7-CE4F-4EC17A0906CF
7.2392135,-0.4760453,0,6B1E25A6-882B-DDD7-CE4F-4EC17A0906CF
-73.8281,26.067278,2,6B690AF9-8440-1C43-B353-FA85266AA12C
-73.860245,25.829697,2,6B690AF9-8440-1C43-B353-FA85266AA12C
-64.08409,25.585815,2,6B690AF9-8440-1C43-B353-FA85266AA12C
-63.715633,25.724363,2,6B690AF9-8440-1C43-B353-FA85266AA12C
-14.468512,-25.664404,2,6B690AF9-8440-1C43-B353-FA85266AA12C
-14.975546,-49.49863,2,6B690AF9-8440-1C43-B353-FA85266AA12C
40.61119,-40.418392,1,6B690AF9-8440-1C43-B353-FA85266AA12C
40.847446,-40.311275,1,6B690AF9-8440-1C43-B353-FA85266AA12C
24.339422,-48.464867,1,6B690AF9-8440-1C43-B353-FA85266AA12C
24.288778,-48.480152,1,6B690AF9-8440-1C43-B353-FA85266AA12C
-14.026502,-69.808235,1,6B690AF9-8440-1C43-B353-FA85266AA12C
-14.12236,-69.858185,1,6B690AF9-8440-1C43-B353-FA85266AA12C
22.515032,-46.55191,1,6B690AF9-8440-1C43-B353-FA85266AA12C
15.887723,-53.072647,1,6B690AF9-8440-1C43-B353-FA85266AA12C
23.06643,-45.800877,1,6B690AF9-8440-1C43-B353-FA85266AA12C
26.137167,-4.3868046,1,6B690AF9-8440-1C43-B353-FA85266AA12C
46.674656,-35.70407,1,6B690AF9-8440-1C43-B353-FA85266AA12C
-24.823162,-28.394857,1,6B690AF9-8440-1C43-B353-FA85266AA12C
25.509052,-21.177216,0,6C9454F6-2AA4-4C25-0387-C6CA7AFC4C13
25.516827,-21.049953,0,6C9454F6-2AA4-4C25-0387-C6CA7AFC4C13
3.178658,-25.362604,2,6C9454F6-2AA4-4C25-0387-C6CA7AFC4C13
-42.146255,-18.264507,2,6C9454F6-2AA4-4C25-0387-C6CA7AFC4C13
-42.48218,-18.23597,2,6C9454F6-2AA4-4C25-0387-C6CA7AFC4C13
11.4845915,19.288746,2,6C9454F6-2AA4-4C25-0387-C6CA7AFC4C13
11.405591,19.978765,0,6C9454F6-2AA4-4C25-0387-C6CA7AFC4C13
11.415441,20.257544,2,6C9454F6-2AA4-4C25-0387-C6CA7AFC4C13
11.397904,20.73683,2,6C9454F6-2AA4-4C25-0387-C6CA7AFC4C13
48.501297,6.0492067,2,6C9454F6-2AA4-4C25-0387-C6CA7AFC4C13
48.916737,4.099341,2,6C9454F6-2AA4-4C25-0387-C6CA7AFC4C13
49.134365,3.7676969,0,6C9454F6-2AA4-4C25-0387-C6CA7AFC4C13
59.456467,14.056143,0,6C9454F6-2AA4-4C25-0387-C6CA7AFC4C13
59.45382,14.023365,0,6C9454F6-2AA4-4C25-0387-C6CA7AFC4C13
43.80488,31.144457,0,6C9454F6-2AA4-4C25-0387-C6CA7AFC4C13
-22.031357,-21.614,2,6C9454F6-2AA4-4C25-0387-C6CA7AFC4C13
-19.307396,19.056995,2,6C9454F6-2AA4-4C25-0387-C6CA7AFC4C13
56.987366,7.5318613,2,6C9454F6-2AA4-4C25-0387-C6CA7AFC4C13
57.981956,17.088894,0,6C9454F6-2AA4-4C25-0387-C6CA7AFC4C13
60.222473,-1.633228,0,6C9454F6-2AA4-4C25-0387-C6CA7AFC4C13
59.58056,-1.9296998,0,6C9454F6-2AA4-4C25-0387-C6CA7AFC4C13
59.358864,-2.5912862,0,6C9454F6-2AA4-4C25-0387-C6CA7AFC4C13
37.694275,-10.770977,2,6C9454F6-2AA4-4C25-0387-C6CA7AFC4C13
-7.860381,18.90116,2,6C9454F6-2AA4-4C25-0387-C6CA7AFC4C13
36.551395,-7.048385,0,6C9454F6-2AA4-4C25-0387-C6CA7AFC4C13
36.524075,-6.9296117,0,6C9454F6-2AA4-4C25-0387-C6CA7AFC4C13
21.800251,-43.29911,2,6C9454F6-2AA4-4C25-0387-C6CA7AFC4C13
58.770355,-20.4057,2,6C9454F6-2AA4-4C25-0387-C6CA7AFC4C13
62.841328,5.7180305,0,6C9454F6-2AA4-4C25-0387-C6CA7AFC4C13
62.902126,5.8086295,0,6C9454F6-2AA4-4C25-0387-C6CA7AFC4C13
2.2878664,9.578541,2,6C9454F6-2AA4-4C25-0387-C6CA7AFC4C13
2.4424171,10.017738,2,6C9454F6-2AA4-4C25-0387-C6CA7AFC4C13
2.4547815,10.104719,2,6C9454F6-2AA4-4C25-0387-C6CA7AFC4C13
-55.71815,41.090164,2,6E42D32E-048C-D829-197E-7950E78F58CB
-55.753017,41.015537,2,6E42D32E-048C-D829-197E-7950E78F58CB
-35.370983,-7.6454387,2,6E42D32E-048C-D829-197E-7950E78F58CB
-70.58562,19.575045,2,6E42D32E-048C-D829-197E-7950E78F58CB
-58.083977,23.619303,2,6E42D32E-048C-D829-197E-7950E78F58CB
-57.707943,23.569256,2,6E42D32E-048C-D829-197E-7950E78F58CB
16.679243,55.419605,0,6E42D32E-048C-D829-197E-7950E78F58CB
36.066593,15.871134,0,6E42D32E-048C-D829-197E-7950E78F58CB
36.07311,15.901564,0,6E42D32E-048C-D829-197E-7950E78F58CB
27.635176,36.991768,0,6E42D32E-048C-D829-197E-7950E78F58CB
-24.613537,-9.056444,1,6E42D32E-048C-D829-197E-7950E78F58CB
-24.895084,-9.555238,1,6E42D32E-048C-D829-197E-7950E78F58CB
-24.729303,-10.5447855,1,6E42D32E-048C-D829-197E-7950E78F58CB
-24.76838,-10.356446,1,6E42D32E-048C-D829-197E-7950E78F58CB
-23.902887,-10.050481,0,6E42D32E-048C-D829-197E-7950E78F58CB
14.4572525,44.404354,0,6E42D32E-048C-D829-197E-7950E78F58CB
66.735886,5.4742694,0,6E42D32E-048C-D829-197E-7950E78F58CB
66.65211,5.3118706,0,6E42D32E-048C-D829-197E-7950E78F58CB
-20.109169,-50.666344,1,6E42D32E-048C-D829-197E-7950E78F58CB
-38.189014,-18.603601,1,6E42D32E-048C-D829-197E-7950E78F58CB
-37.93008,-18.532017,1,6E42D32E-048C-D829-197E-7950E78F58CB
-24.866482,-15.280092,1,6E42D32E-048C-D829-197E-7950E78F58CB
-24.77867,-15.225001,1,6E42D32E-048C-D829-197E-7950E78F58CB
-49.895683,-0.4202572,1,6E42D32E-048C-D829-197E-7950E78F58CB
46.85943,6.2930717,0,6E42D32E-048C-D829-197E-7950E78F58CB
15.714953,35.402615,0,6E42D32E-048C-D829-197E-7950E78F58CB
15.658303,35.3497,0,6E42D32E-048C-D829-197E-7950E78F58CB
16.020708,35.024727,0,6E42D32E-048C-D829-197E-7950E78F58CB
-6.6001024,-64.352036,1,6E42D32E-048C-D829-197E-7950E78F58CB
-6.6249137,-64.42492,1,6E42D32E-048C-D829-197E-7950E78F58CB
58.85265,10.513902,0,70432028-81AF-D67A-251E-D2F807AB93CF
41.35372,29.117035,0,70432028-81AF-D67A-251E-D2F807AB93CF
41.275723,28.993418,2,70432028-81AF-D67A-251E-D2F807AB93CF
15.86061,7.680539,2,70432028-81AF-D67A-251E-D2F807AB93CF
23.797308,-17.27484,2,70432028-81AF-D67A-251E-D2F807AB93CF
23.979586,-16.504747,2,70432028-81AF-D67A-251E-D2F807AB93CF
23.956558,-15.969769,2,70432028-81AF-D67A-251E-D2F807AB93CF
-17.972012,21.721802,2,70432028-81AF-D67A-251E-D2F807AB93CF
1.2282882,45.017334,2,70432028-81AF-D67A-251E-D2F807AB93CF
-4.5056643,46.38227,2,70432028-81AF-D67A-251E-D2F807AB93CF
-5.312979,46.6485,2,70432028-81AF-D67A-251E-D2F807AB93CF
-5.6139784,46.805862,2,70432028-81AF-D67A-251E-D2F807AB93CF
53.622536,-5.6004624,0,70432028-81AF-D67A-251E-D2F807AB93CF
53.596268,-5.604128,0,70432028-81AF-D67A-251E-D2F807AB93CF
19.743475,17.742031,0,70432028-81AF-D67A-251E-D2F807AB93CF
-54.785492,21.640728,0,70432028-81AF-D67A-251E-D2F807AB93CF
-53.61699,-13.340074,0,70432028-81AF-D67A-251E-D2F807AB93CF
-53.57128,-13.371853,0,70432028-81AF-D67A-251E-D2F807AB93CF
16.04375,-51.08948,1,718078D1-70DB-2916-366D-1119A22DCD7F
39.462547,-29.98873,2,718078D1-70DB-2916-366D-1119A22DCD7F
40.29292,-29.683413,2,718078D1-70DB-2916-366D-1119A22DCD7F
39.789505,-29.907557,2,718078D1-70DB-2916-366D-1119A22DCD7F
39.187088,-30.22309,2,718078D1-70DB-2916-366D-1119A22DCD7F
40.229248,-13.638798,2,718078D1-70DB-2916-366D-1119A22DCD7F
-31.572388,-26.56243,2,718078D1-70DB-2916-366D-1119A22DCD7F
32.570053,-17.367142,1,718078D1-70DB-2916-366D-1119A22DCD7F
32.661842,-17.408785,0,718078D1-70DB-2916-366D-1119A22DCD7F
34.737713,-18.770376,0,718078D1-70DB-2916-366D-1119A22DCD7F
34.844433,-18.796629,0,718078D1-70DB-2916-366D-1119A22DCD7F
60.15183,-11.348081,0,718078D1-70DB-2916-366D-1119A22DCD7F
-17.310787,-66.56841,1,718078D1-70DB-2916-366D-1119A22DCD7F
-10.147667,-61.151352,1,718078D1-70DB-2916-366D-1119A22DCD7F
-10.31579,-60.89203,1,718078D1-70DB-2916-366D-1119A22DCD7F
-10.871892,-60.104057,1,718078D1-70DB-2916-366D-1119A22DCD7F
12.035506,-38.910057,2,718078D1-70DB-2916-366D-1119A22DCD7F
12.390159,-38.910625,2,718078D1-70DB-2916-366D-1119A22DCD7F
30.019836,-23.490734,2,718078D1-70DB-2916-366D-1119A22DCD7F
-15.439087,-34.06601,2,718078D1-70DB-2916-366D-1119A22DCD7F
-16.087553,-34.04807,2,718078D1-70DB-2916-366D-1119A22DCD7F
-16.478033,-34.046135,2,718078D1-70DB-2916-366D-1119A22DCD7F
18.729227,-19.446226,2,718078D1-70DB-2916-366D-1119A22DCD7F
55.5752,-15.526765,2,718078D1-70DB-2916-366D-1119A22DCD7F
-6.2329655,-61.372627,1,718078D1-70DB-2916-366D-1119A22DCD7F
-5.8572664,-61.069378,1,718078D1-70DB-2916-366D-1119A22DCD7F
5.2935824,-48.52459,1,718078D1-70DB-2916-366D-1119A22DCD7F
-3.557199,-27.84544,1,718078D1-70DB-2916-366D-1119A22DCD7F
-3.831792,-27.63405,1,718078D1-70DB-2916-366D-1119A22DCD7F
-8.436711,31.384588,2,718078D1-70DB-2916-366D-1119A22DCD7F
-3.5063941,54.007282,2,72B642AD-2D4A-574F-05EC-EC93C0C52335
-3.5989757,54.30445,2,72B642AD-2D4A-574F-05EC-EC93C0C52335
-3.6089354,54.49781,2,72B642AD-2D4A-574F-05EC-EC93C0C52335
-57.43842,39.787823,2,72B642AD-2D4A-574F-05EC-EC93C0C52335
-59.472206,38.665524,2,72B642AD-2D4A-574F-05EC-EC93C0C52335
-59.932426,38.44764,2,72B642AD-2D4A-574F-05EC-EC93C0C52335
-33.903187,13.477344,2,72B642AD-2D4A-574F-05EC-EC93C0C52335
-4.9710183,-24.08948,2,72B642AD-2D4A-574F-05EC-EC93C0C52335
-5.0821543,-24.09413,2,72B642AD-2D4A-574F-05EC-EC93C0C52335
19.757292,35.587517,2,72B642AD-2D4A-574F-05EC-EC93C0C52335
-22.099539,-59.520443,1,72B642AD-2D4A-574F-05EC-EC93C0C52335
-22.123598,-59.482086,1,72B642AD-2D4A-574F-05EC-EC93C0C52335
37.099857,27.468523,1,72B642AD-2D4A-574F-05EC-EC93C0C52335
37.436333,27.786634,2,72B642AD-2D4A-574F-05EC-EC93C0C52335
37.742107,28.314817,2,72B642AD-2D4A-574F-05EC-EC93C0C52335
38.385788,28.952215,2,72B642AD-2D4A-574F-05EC-EC93C0C52335
38.54929,29.155607,2,72B642AD-2D4A-574F-05EC-EC93C0C52335
-18.561003,22.243109,2,72B642AD-2D4A-574F-05EC-EC93C0C52335
1.675489,-51.736206,2,72B642AD-2D4A-574F-05EC-EC93C0C52335
1.8410896,-51.057903,2,72B642AD-2D4A-574F-05EC-EC93C0C52335
2.1972504,-50.294186,2,72B642AD-2D4A-574F-05EC-EC93C0C52335
12.091951,-34.51678,2,72B642AD-2D4A-574F-05EC-EC93C0C52335
12.125261,-34.45488,2,72B642AD-2D4A-574F-05EC-EC93C0C52335
-18.746944,23.956545,2,72B642AD-2D4A-574F-05EC-EC93C0C52335
-50.347137,19.679842,2,72B642AD-2D4A-574F-05EC-EC93C0C52335
-13.728855,-2.3984761,2,72B642AD-2D4A-574F-05EC-EC93C0C52335
-7.6294017,3.358376,2,72B642AD-2D4A-574F-05EC-EC93C0C52335
-7.5615087,3.305614,2,72B642AD-2D4A-574F-05EC-EC93C0C52335
-8.440875,3.3383572,2,72B642AD-2D4A-574F-05EC-EC93C0C52335
-8.269394,3.3773031,2,72B642AD-2D4A-574F-05EC-EC93C0C52335
9.514677,23.351912,0,7417E7AB-C723-0958-F8EE-DDA4DED65165
9.15423,23.476177,0,7417E7AB-C723-0958-F8EE-DDA4DED65165
2.8581316,-9.333013,0,7417E7AB-C723-0958-F8EE-DDA4DED65165
2.7860851,-10.0397415,0,7417E7AB-C723-0958-F8EE-DDA4DED65165
33.976494,-12.37819,0,7417E7AB-C723-0958-F8EE-DDA4DED65165
33.88453,-12.214478,0,7417E7AB-C723-0958-F8EE-DDA4DED65165
-56.5831,32.87201,2,7417E7AB-C723-0958-F8EE-DDA4DED65165
-56.597775,32.875286,2,7417E7AB-C723-0958-F8EE-DDA4DED65165
43.155693,34.645504,2,7417E7AB-C723-0958-F8EE-DDA4DED65165
65.71741,11.229416,2,7417E7AB-C723-0958-F8EE-DDA4DED65165
65.586555,11.322729,0,7417E7AB-C723-0958-F8EE-DDA4DED65165
65.73182,11.347519,0,7417E7AB-C723-0958-F8EE-DDA4DED65165
-58.737103,35.670135,2,761D024F-3C62-5326-601A-88D436C7726A
-58.747574,35.71828,2,761D024F-3C62-5326-601A-88D436C7726A
-23.435465,40.58955,2,761D024F-3C62-5326-601A-88D436C7726A
18.49441,-8.224118,2,761D024F-3C62-5326-601A-88D436C7726A
18.636139,-8.297503,2,761D024F-3C62-5326-601A-88D436C7726A
-54.89622,-16.385973,2,761D024F-3C62-5326-601A-88D436C7726A
-39.804905,-17.368704,0,761D024F-3C62-5326-601A-88D436C7726A
-39.73417,-17.31673,0,761D024F-3C62-5326-601A-88D436C7726A
-11.499564,-12.74897,0,761D024F-3C62-5326-601A-88D436C7726A
7.898213,-28.428316,0,761D024F-3C62-5326-601A-88D436C7726A
29.529276,-46.83055,0,761D024F-3C62-5326-601A-88D436C7726A
29.59514,-46.611866,0,761D024F-3C62-5326-601A-88D436C7726A
-54.676155,11.685004,2,761D024F-3C62-5326-601A-88D436C7726A
-53.480545,12.773829,2,761D024F-3C62-5326-601A-88D436C7726A
-53.29926,13.05869,2,761D024F-3C62-5326-601A-88D436C7726A
-53.063957,13.387627,2,761D024F-3C62-5326-601A-88D436C7726A
15.750124,16.853537,2,761D024F-3C62-5326-601A-88D436C7726A
15.80744,16.837152,2,761D024F-3C62-5326-601A-88D436C7726A
-12.348885,-8.876821,2,761D024F-3C62-5326-601A-88D436C7726A
33.832905,5.8547416,2,761D024F-3C62-5326-601A-88D436C7726A
-7.292184,-18.047062,1,761D024F-3C62-5326-601A-88D436C7726A
-7.2764835,-17.563232,1,761D024F-3C62-5326-601A-88D436C7726A
-7.3309145,-17.314117,1,761D024F-3C62-5326-601A-88D436C7726A
9.414113,-43.100292,1,761D024F-3C62-5326-601A-88D436C7726A
-40.32456,15.465005,0,761D024F-3C62-5326-601A-88D436C7726A
-47.678043,33.04068,0,761D024F-3C62-5326-601A-88D436C7726A
-48.387943,33.019665,0,761D024F-3C62-5326-601A-88D436C7726A
45.167706,-35.02273,0,761D024F-3C62-5326-601A-88D436C7726A
45.47316,-34.331764,0,761D024F-3C62-5326-601A-88D436C7726A
52.647324,19.143784,0,761D024F-3C62-5326-601A-88D436C7726A
-27.354643,18.937445,2,772BA0E9-AC30-CEA6-AA1B-18A0300702AA
-27.364187,18.737087,2,772BA0E9-AC30-CEA6-AA1B-18A0300702AA
14.73024,27.16499,2,772BA0E9-AC30-CEA6-AA1B-18A0300702AA
-18.105663,-3.3160717,2,772BA0E9-AC30-CEA6-AA1B-18A0300702AA
-18.170513,-3.476942,2,772BA0E9-AC30-CEA6-AA1B-18A0300702AA
-18.312895,-3.6899037,2,772BA0E9-AC30-CEA6-AA1B-18A0300702AA
0.72906286,-34.532497,2,772BA0E9-AC30-CEA6-AA1B-18A0300702AA
-11.924331,-30.06352,2,772BA0E9-AC30-CEA6-AA1B-18A0300702AA
-11.869188,-30.07819,2,772BA0E9-AC30-CEA6-AA1B-18A0300702AA
-11.244362,-30.184065,0,772BA0E9-AC30-CEA6-AA1B-18A0300702AA
11.462635,52.27913,0,772BA0E9-AC30-CEA6-AA1B-18A0300702AA
11.431139,52.321926,0,772BA0E9-AC30-CEA6-AA1B-18A0300702AA
18.459192,-52.99154,1,772BA0E9-AC30-CEA6-AA1B-18A0300702AA
18.422272,-52.9895,1,772BA0E9-AC30-CEA6-AA1B-18A0300702AA
31.341473,-45.53973,1,772BA0E9-AC30-CEA6-AA1B-18A0300702AA
43.477924,-37.23118,1,772BA0E9-AC30-CEA6-AA1B-18A0300702AA
42.363033,-36.775616,1,772BA0E9-AC30-CEA6-AA1B-18A0300702AA
25.421934,-5.7898374,1,772BA0E9-AC30-CEA6-AA1B-18A0300702AA
-24.004063,2.5035691,1,772BA0E9-AC30-CEA6-AA1B-18A0300702AA
-24.426125,2.4930582,1,772BA0E9-AC30-CEA6-AA1B-18A0300702AA
-25.243616,2.3201241,1,772BA0E9-AC30-CEA6-AA1B-18A0300702AA
-17.33061,-15.938179,1,772BA0E9-AC30-CEA6-AA1B-18A0300702AA
-17.190643,-15.864761,1,772BA0E9-AC30-CEA6-AA1B-18A0300702AA
15.590783,-52.020496,1,772BA0E9-AC30-CEA6-AA1B-18A0300702AA
-26.616226,-3.545123,2,77F6B31E-B228-3C6D-A66F-E7E6FDED3587
-38.878323,29.797367,2,77F6B31E-B228-3C6D-A66F-E7E6FDED3587
-39.5786,30.047155,2,77F6B31E-B228-3C6D-A66F-E7E6FDED3587
-40.254425,30.069532,2,77F6B31E-B228-3C6D-A66F-E7E6FDED3587
-7.5472517,28.464697,2,77F6B31E-B228-3C6D-A66F-E7E6FDED3587
-7.372795,28.319118,2,77F6B31E-B228-3C6D-A66F-E7E6FDED3587
-43.595566,26.140934,2,77F6B31E-B228-3C6D-A66F-E7E6FDED3587
-43.41524,26.17175,2,77F6B31E-B228-3C6D-A66F-E7E6FDED3587
-41.780537,25.931894,2,77F6B31E-B228-3C6D-A66F-E7E6FDED3587
-41.35654,26.070593,2,77F6B31E-B228-3C6D-A66F-E7E6FDED3587
-34.545914,-28.983017,2,77F6B31E-B228-3C6D-A66F-E7E6FDED3587
-2.5852642,-1.573439,2,77F6B31E-B228-3C6D-A66F-E7E6FDED3587
-26.940308,-40.44623,2,77F6B31E-B228-3C6D-A66F-E7E6FDED3587
-17.941065,30.38248,2,77F6B31E-B228-3C6D-A66F-E7E6FDED3587
-37.61053,24.758574,2,77F6B31E-B228-3C6D-A66F-E7E6FDED3587
-37.231388,24.185358,2,77F6B31E-B228-3C6D-A66F-E7E6FDED3587
-37.629868,23.987251,2,77F6B31E-B228-3C6D-A66F-E7E6FDED3587
-37.289993,23.892883,2,77F6B31E-B228-3C6D-A66F-E7E6FDED3587
-23.771894,-35.477165,1,77F6B31E-B228-3C6D-A66F-E7E6FDED3587
-23.615118,-36.58772,1,77F6B31E-B228-3C6D-A66F-E7E6FDED3587
-23.559507,-36.65168,1,77F6B31E-B228-3C6D-A66F-E7E6FDED3587
-15.021744,17.444227,1,77F6B31E-B228-3C6D-A66F-E7E6FDED3587
-13.969176,17.703003,1,77F6B31E-B228-3C6D-A66F-E7E6FDED3587
-14.506056,17.227777,1,77F6B31E-B228-3C6D-A66F-E7E6FDED3587
-0.8366404,55.38514,2,7B8B31F4-FFC3-7A4E-3EAF-78D5CA8ACB61
-0.72774124,55.46164,2,7B8B31F4-FFC3-7A4E-3EAF-78D5CA8ACB61
-0.5251497,55.342342,2,7B8B31F4-FFC3-7A4E-3EAF-78D5CA8ACB61
-18.806805,37.39626,2,7B8B31F4-FFC3-7A4E-3EAF-78D5CA8ACB61
-18.370543,37.339584,2,7B8B31F4-FFC3-7A4E-3EAF-78D5CA8ACB61
-32.996986,-11.471886,2,7B8B31F4-FFC3-7A4E-3EAF-78D5CA8ACB61
34.00584,-43.97237,0,7B8B31F4-FFC3-7A4E-3EAF-78D5CA8ACB61
33.693703,-43.89266,0,7B8B31F4-FFC3-7A4E-3EAF-78D5CA8ACB61
56.998596,-34.712723,0,7B8B31F4-FFC3-7A4E-3EAF-78D5CA8ACB61
57.30881,-34.732403,0,7B8B31F4-FFC3-7A4E-3EAF-78D5CA8ACB61
57.200314,-34.786625,0,7B8B31F4-FFC3-7A4E-3EAF-78D5CA8ACB61
58.236454,-34.410538,0,7B8B31F4-FFC3-7A4E-3EAF-78D5CA8ACB61
-54.183346,34.607502,2,7DC9729F-BA27-3831-6078-F8508766396A
-59.615177,32.871643,2,7DC9729F-BA27-3831-6078-F8508766396A
-59.60385,32.640656,2,7DC9729F-BA27-3831-6078-F8508766396A
-54.300514,35.37654,2,7DC9729F-BA27-3831-6078-F8508766396A
-59.9147,31.4263,2,7DC9729F-BA27-3831-6078-F8508766396A
-59.767982,31.154343,2,7DC9729F-BA27-3831-6078-F8508766396A
30.912754,15.05035,2,7DC9729F-BA27-3831-6078-F8508766396A
30.83565,15.133139,2,7DC9729F-BA27-3831-6078-F8508766396A
16.958258,26.404448,2,7DC9729F-BA27-3831-6078-F8508766396A
-33.06507,11.072941,2,7DC9729F-BA27-3831-6078-F8508766396A
-34.780445,11.679799,2,7DC9729F-BA27-3831-6078-F8508766396A
-34.4033,11.510611,2,7DC9729F-BA27-3831-6078-F8508766396A
-13.529753,-0.38257065,2,7DC9729F-BA27-3831-6078-F8508766396A
23.466488,7.676317,0,7DC9729F-BA27-3831-6078-F8508766396A
22.996267,7.9938464,0,7DC9729F-BA27-3831-6078-F8508766396A
22.089611,8.039368,0,7DC9729F-BA27-3831-6078-F8508766396A
21.209097,8.067514,0,7DC9729F-BA27-3831-6078-F8508766396A
21.45058,8.054432,0,7DC9729F-BA27-3831-6078-F8508766396A
-40.04901,23.739317,2,7DC9729F-BA27-3831-6078-F8508766396A
-56.522274,2.1925678,2,7DC9729F-BA27-3831-6078-F8508766396A
-56.448856,2.110079,2,7DC9729F-BA27-3831-6078-F8508766396A
9.57774,-1.5562832,2,7DC9729F-BA27-3831-6078-F8508766396A
-5.2835665,-34.025574,2,7DC9729F-BA27-3831-6078-F8508766396A
9.650738,-1.5495249,2,7DC9729F-BA27-3831-6078-F8508766396A
60.380276,8.999369,2,7DC9729F-BA27-3831-6078-F8508766396A
60.333275,9.065403,2,7DC9729F-BA27-3831-6078-F8508766396A
50.48167,23.86026,2,7DC9729F-BA27-3831-6078-F8508766396A
33.67994,21.3877,2,7DC9729F-BA27-3831-6078-F8508766396A
33.699535,21.41704,2,7DC9729F-BA27-3831-6078-F8508766396A
46.602024,36.9419,2,7DC9729F-BA27-3831-6078-F8508766396A
-25.813046,18.924046,2,7DC9729F-BA27-3831-6078-F8508766396A
-18.99197,29.014994,2,7DC9729F-BA27-3831-6078-F8508766396A
-1.117576,53.9237,2,7DC9729F-BA27-3831-6078-F8508766396A
-36.075203,17.478886,2,7DC9729F-BA27-3831-6078-F8508766396A
-37.12958,17.943514,2,7DC9729F-BA27-3831-6078-F8508766396A
-36.700348,17.877335,2,7DC9729F-BA27-3831-6078-F8508766396A
54.141422,19.704037,2,7DC9729F-BA27-3831-6078-F8508766396A
53.864716,19.831818,2,7DC9729F-BA27-3831-6078-F8508766396A
42.29188,-27.044357,2,7DC9729F-BA27-3831-6078-F8508766396A
39.568184,-8.096131,0,7FB7C50A-30EA-A991-0C04-7FFA681B8803
39.321865,-8.343699,2,7FB7C50A-30EA-A991-0C04-7FFA681B8803
10.062012,10.432496,2,7FB7C50A-30EA-A991-0C04-7FFA681B8803
10.0926895,10.466054,2,7FB7C50A-30EA-A991-0C04-7FFA681B8803
60.525017,25.30453,2,7FB7C50A-30EA-A991-0C04-7FFA681B8803
60.562466,25.232555,2,7FB7C50A-30EA-A991-0C04-7FFA681B8803
7.040263,26.250679,2,7FB7C50A-30EA-A991-0C04-7FFA681B8803
-17.884008,11.048447,2,7FB7C50A-30EA-A991-0C04-7FFA681B8803
-17.823254,10.898375,2,7FB7C50A-30EA-A991-0C04-7FFA681B8803
-18.978947,-12.59449,2,7FB7C50A-30EA-A991-0C04-7FFA681B8803
14.932178,-23.531685,2,7FB7C50A-30EA-A991-0C04-7FFA681B8803
14.712801,-23.78162,0,7FB7C50A-30EA-A991-0C04-7FFA681B8803
14.778437,-22.988173,0,7FB7C50A-30EA-A991-0C04-7FFA681B8803
13.85298,-20.876963,0,7FB7C50A-30EA-A991-0C04-7FFA681B8803
13.811383,-20.97422,0,7FB7C50A-30EA-A991-0C04-7FFA681B8803
13.944617,-20.15996,0,7FB7C50A-30EA-A991-0C04-7FFA681B8803
31.66861,-7.2582517,0,7FB7C50A-30EA-A991-0C04-7FFA681B8803
46.531075,-29.631413,0,7FB7C50A-30EA-A991-0C04-7FFA681B8803
-50.19184,35.54159,0,8322EDEF-4C09-318A-1B7E-56D62A6839AD
12.946858,40.43059,0,8322EDEF-4C09-318A-1B7E-56D62A6839AD
47.137806,29.915783,0,8322EDEF-4C09-318A-1B7E-56D62A6839AD
7.7233562,19.477869,0,8322EDEF-4C09-318A-1B7E-56D62A6839AD
7.6524,19.477383,2,8322EDEF-4C09-318A-1B7E-56D62A6839AD
-69.159775,18.823792,2,8322EDEF-4C09-318A-1B7E-56D62A6839AD
-3.992532,-64.369194,1,8322EDEF-4C09-318A-1B7E-56D62A6839AD
17.30937,-32.8054,1,8322EDEF-4C09-318A-1B7E-56D62A6839AD
57.605476,13.379714,1,8322EDEF-4C09-318A-1B7E-56D62A6839AD
60.201927,-13.543675,1,8322EDEF-4C09-318A-1B7E-56D62A6839AD
23.398314,-55.16308,1,8322EDEF-4C09-318A-1B7E-56D62A6839AD
23.44911,-55.120304,1,8322EDEF-4C09-318A-1B7E-56D62A6839AD
-52.524067,-1.1952639,2,8322EDEF-4C09-318A-1B7E-56D62A6839AD
-52.443348,-1.5112511,2,8322EDEF-4C09-318A-1B7E-56D62A6839AD
-52.226154,-1.4081337,0,8322EDEF-4C09-318A-1B7E-56D62A6839AD
-52.42067,-2.1839626,0,8322EDEF-4C09-318A-1B7E-56D62A6839AD
-44.274696,-10.580835,0,8322EDEF-4C09-318A-1B7E-56D62A6839AD
-0.87684315,12.024373,2,8322EDEF-4C09-318A-1B7E-56D62A6839AD
-10.211986,-7.5103154,2,8407F9C4-C295-8C95-C281-584AF2118F84
-10.068637,-8.020699,2,8407F9C4-C295-8C95-C281-584AF2118F84
-9.99893,-8.207862,2,8407F9C4-C295-8C95-C281-584AF2118F84
29.853056,-3.1886544,2,8407F9C4-C295-8C95-C281-584AF2118F84
29.305113,-1.7653825,2,8407F9C4-C295-8C95-C281-584AF2118F84
29.332207,-1.8537867,2,8407F9C4-C295-8C95-C281-584AF2118F84
-37.496307,14.660238,0,8407F9C4-C295-8C95-C281-584AF2118F84
-37.36116,14.629058,0,8407F9C4-C295-8C95-C281-584AF2118F84
-36.65706,14.323814,0,8407F9C4-C295-8C95-C281-584AF2118F84
-22.747765,-2.9577208,0,8407F9C4-C295-8C95-C281-584AF2118F84
-18.496637,-60.27307,0,8407F9C4-C295-8C95-C281-584AF2118F84
-50.825848,-16.157581,0,8407F9C4-C295-8C95-C281-584AF2118F84
57.432312,14.805821,0,8407F9C4-C295-8C95-C281-584AF2118F84
57.43979,14.661045,0,8407F9C4-C295-8C95-C281-584AF2118F84
-13.82382,26.797258,0,8407F9C4-C295-8C95-C281-584AF2118F84
-13.848138,27.374033,0,8407F9C4-C295-8C95-C281-584AF2118F84
-12.660189,27.935024,0,8407F9C4-C295-8C95-C281-584AF2118F84
-11.731624,27.734417,0,8407F9C4-C295-8C95-C281-584AF2118F84
-11.572011,27.73427,2,8407F9C4-C295-8C95-C281-584AF2118F84
37.191277,34.867836,2,8407F9C4-C295-8C95-C281-584AF2118F84
37.142548,34.956272,2,8407F9C4-C295-8C95-C281-584AF2118F84
58.647602,-22.153704,2,8407F9C4-C295-8C95-C281-584AF2118F84
24.56403,46.610798,2,8407F9C4-C295-8C95-C281-584AF2118F84
24.532547,46.63955,2,8407F9C4-C295-8C95-C281-584AF2118F84
23.300613,17.165714,0,85748DC9-A6DA-334D-6422-BF69EE06A98C
23.288982,17.187532,0,85748DC9-A6DA-334D-6422-BF69EE06A98C
-4.597483,11.874585,0,85748DC9-A6DA-334D-6422-BF69EE06A98C
-48.256046,2.9950686,2,85748DC9-A6DA-334D-6422-BF69EE06A98C
-54.500538,24.54056,2,85748DC9-A6DA-334D-6422-BF69EE06A98C
-53.91145,24.907902,2,85748DC9-A6DA-334D-6422-BF69EE06A98C
49.7948,39.597263,0,85748DC9-A6DA-334D-6422-BF69EE06A98C
49.887043,39.56065,0,85748DC9-A6DA-334D-6422-BF69EE06A98C
-0.0040598162,-58.568897,0,85748DC9-A6DA-334D-6422-BF69EE06A98C
11.20609,-50.98505,0,85748DC9-A6DA-334D-6422-BF69EE06A98C
22.550964,-29.511763,0,85748DC9-A6DA-334D-6422-BF69EE06A98C
46.033043,-24.582678,0,85748DC9-A6DA-334D-6422-BF69EE06A98C
29.369427,22.773941,0,85748DC9-A6DA-334D-6422-BF69EE06A98C
29.67185,23.423954,0,85748DC9-A6DA-334D-6422-BF69EE06A98C
30.207747,22.956692,1,85748DC9-A6DA-334D-6422-BF69EE06A98C
30.355316,22.891943,1,85748DC9-A6DA-334D-6422-BF69EE06A98C
33.853138,-51.57596,1,85748DC9-A6DA-334D-6422-BF69EE06A98C
15.329597,-54.234707,1,85748DC9-A6DA-334D-6422-BF69EE06A98C
-14.676723,-67.83654,1,85748DC9-A6DA-334D-6422-BF69EE06A98C
-19.415,-38.9247,1,85748DC9-A6DA-334D-6422-BF69EE06A98C
-19.54905,-38.69293,2,85748DC9-A6DA-334D-6422-BF69EE06A98C
-3.9096274,5.78763,2,85748DC9-A6DA-334D-6422-BF69EE06A98C
-3.8190534,5.7800064,2,85748DC9-A6DA-334D-6422-BF69EE06A98C
-22.33345,16.568659,2,85748DC9-A6DA-334D-6422-BF69EE06A98C
48.113552,39.83264,0,862DB2BA-55C9-5794-03BC-FBBA3BEE80C7
47.88086,39.79785,2,862DB2BA-55C9-5794-03BC-FBBA3BEE80C7
47.150555,39.700565,2,862DB2BA-55C9-5794-03BC-FBBA3BEE80C7
-10.354616,25.022558,2,862DB2BA-55C9-5794-03BC-FBBA3BEE80C7
30.934042,9.241495,2,862DB2BA-55C9-5794-03BC-FBBA3BEE80C7
30.968452,9.145255,2,862DB2BA-55C9-5794-03BC-FBBA3BEE80C7
42.77971,-34.71141,0,862DB2BA-55C9-5794-03BC-FBBA3BEE80C7
1.6203521,-48.09777,0,862DB2BA-55C9-5794-03BC-FBBA3BEE80C7
-0.9441889,-30.37452,2,862DB2BA-55C9-5794-03BC-FBBA3BEE80C7
-5.66888,4.5228515,2,862DB2BA-55C9-5794-03BC-FBBA3BEE80C7
34.691,-1.1718915,0,862DB2BA-55C9-5794-03BC-FBBA3BEE80C7
34.99854,-1.0981911,0,862DB2BA-55C9-5794-03BC-FBBA3BEE80C7
-61.757717,14.648723,0,862DB2BA-55C9-5794-03BC-FBBA3BEE80C7
-1.9121956,48.266544,0,862DB2BA-55C9-5794-03BC-FBBA3BEE80C7
-1.1994833,47.59137,0,862DB2BA-55C9-5794-03BC-FBBA3BEE80C7
-1.3059511,47.681213,0,862DB2BA-55C9-5794-03BC-FBBA3BEE80C7
-1.262878,46.853214,0,862DB2BA-55C9-5794-03BC-FBBA3BEE80C7
-26.290758,34.508514,2,862DB2BA-55C9-5794-03BC-FBBA3BEE80C7
32.688778,37.066166,0,862DB2BA-55C9-5794-03BC-FBBA3BEE80C7
32.658623,36.82268,0,862DB2BA-55C9-5794-03BC-FBBA3BEE80C7
8.96725,41.135056,2,862DB2BA-55C9-5794-03BC-FBBA3BEE80C7
8.892313,41.106754,2,862DB2BA-55C9-5794-03BC-FBBA3BEE80C7
-65.845314,21.840818,2,862DB2BA-55C9-5794-03BC-FBBA3BEE80C7
-65.344444,21.683302,2,862DB2BA-55C9-5794-03BC-FBBA3BEE80C7
-65.29457,21.666107,0,862DB2BA-55C9-5794-03BC-FBBA3BEE80C7
-41.74741,31.981493,0,862DB2BA-55C9-5794-03BC-FBBA3BEE80C7
6.4781146,25.139174,0,862DB2BA-55C9-5794-03BC-FBBA3BEE80C7
46.88197,-5.4291115,0,8690E8B6-9B41-5F0E-C518-8F2D028C6690
-3.4190454,-23.682426,0,8690E8B6-9B41-5F0E-C518-8F2D028C6690
-46.888073,7.2950473,0,8690E8B6-9B41-5F0E-C518-8F2D028C6690
-47.118546,7.7137337,0,8690E8B6-9B41-5F0E-C518-8F2D028C6690
-47.22849,8.386461,0,8690E8B6-9B41-5F0E-C518-8F2D028C6690
-47.259613,8.924622,0,8690E8B6-9B41-5F0E-C518-8F2D028C6690
-1.8977983,21.260166,2,8690E8B6-9B41-5F0E-C518-8F2D028C6690
-1.880137,21.266136,2,8690E8B6-9B41-5F0E-C518-8F2D028C6690
23.859484,13.908586,0,8690E8B6-9B41-5F0E-C518-8F2D028C6690
41.285027,-5.9870114,0,8690E8B6-9B41-5F0E-C518-8F2D028C6690
52.15595,-24.742538,0,8690E8B6-9B41-5F0E-C518-8F2D028C6690
52.259365,-24.727724,0,8690E8B6-9B41-5F0E-C518-8F2D028C6690
22.403322,33.405857,0,8690E8B6-9B41-5F0E-C518-8F2D028C6690
-8.350744,19.71944,0,8690E8B6-9B41-5F0E-C518-8F2D028C6690
-8.528264,19.845873,0,8690E8B6-9B41-5F0E-C518-8F2D028C6690
22.14592,33.78924,0,8690E8B6-9B41-5F0E-C518-8F2D028C6690
42.84036,38.073784,0,8690E8B6-9B41-5F0E-C518-8F2D028C6690
42.879227,37.80376,0,8690E8B6-9B41-5F0E-C518-8F2D028C6690
45.66063,29.410809,0,8690E8B6-9B41-5F0E-C518-8F2D028C6690
45.635082,28.85699,0,8690E8B6-9B41-5F0E-C518-8F2D028C6690
45.422916,28.715042,0,8690E8B6-9B41-5F0E-C518-8F2D028C6690
30.009737,-20.585548,1,8690E8B6-9B41-5F0E-C518-8F2D028C6690
30.28133,-20.504663,0,8690E8B6-9B41-5F0E-C518-8F2D028C6690
59.421192,5.6224823,0,8690E8B6-9B41-5F0E-C518-8F2D028C6690
-13.970369,-8.6628475,2,874A6B13-C999-C802-1138-FA198591D897
-13.742845,-8.600845,2,874A6B13-C999-C802-1138-FA198591D897
-8.528128,-2.5865712,2,874A6B13-C999-C802-1138-FA198591D897
-8.5566025,-2.547304,2,874A6B13-C999-C802-1138-FA198591D897
-19.850464,36.957897,2,874A6B13-C999-C802-1138-FA198591D897
-11.430838,-1.1763406,2,874A6B13-C999-C802-1138-FA198591D897
69.22723,-2.0262456,0,874A6B13-C999-C802-1138-FA198591D897
69.15454,-2.5620685,0,874A6B13-C999-C802-1138-FA198591D897
64.171814,-14.079014,2,874A6B13-C999-C802-1138-FA198591D897
33.276653,-36.986523,2,874A6B13-C999-C802-1138-FA198591D897
50.513824,-3.9425812,2,874A6B13-C999-C802-1138-FA198591D897
50.534233,-3.9696536,0,874A6B13-C999-C802-1138-FA198591D897
-40.212337,-8.929603,2,8DD09016-F898-915E-4A5C-727F57619D73
-37.10584,-13.602676,2,8DD09016-F898-915E-4A5C-727F57619D73
-37.284523,-13.57933,2,8DD09016-F898-915E-4A5C-727F57619D73
-37.478333,-13.735361,2,8DD09016-F898-915E-4A5C-727F57619D73
-70.12899,16.968866,2,8DD09016-F898-915E-4A5C-727F57619D73
-69.8682,17.601496,2,8DD09016-F898-915E-4A5C-727F57619D73
-3.8939881,-47.166496,0,8DD09016-F898-915E-4A5C-727F57619D73
-3.7568529,-48.102276,0,8DD09016-F898-915E-4A5C-727F57619D73
-3.2621436,-48.137207,0,8DD09016-F898-915E-4A5C-727F57619D73
-27.330965,-35.804955,0,8DD09016-F898-915E-4A5C-727F57619D73
-27.460407,-35.663364,2,8DD09016-F898-915E-4A5C-727F57619D73
-50.988754,0.82527965,2,8DD09016-F898-915E-4A5C-727F57619D73
-52.983353,24.354326,2,8DD09016-F898-915E-4A5C-727F57619D73
-7.2927737,46.152527,2,8DD09016-F898-915E-4A5C-727F57619D73
-0.5888068,38.5743,2,8DD09016-F898-915E-4A5C-727F57619D73
-0.6147772,38.533802,2,8DD09016-F898-915E-4A5C-727F57619D73
45.014175,10.39864,2,8DD09016-F898-915E-4A5C-727F57619D73
44.799717,-11.831081,2,8DD09016-F898-915E-4A5C-727F57619D73
30.322145,-37.868298,2,8DD09016-F898-915E-4A5C-727F57619D73
7.928619,-49.774357,2,8DD09016-F898-915E-4A5C-727F57619D73
7.459111,-49.65684,2,8DD09016-F898-915E-4A5C-727F57619D73
6.6108704,-49.678596,2,8DD09016-F898-915E-4A5C-727F57619D73
5.1554894,-4.1001587,2,8DD09016-F898-915E-4A5C-727F57619D73
-10.318821,30.593996,2,8DD09016-F898-915E-4A5C-727F57619D73
-16.017117,25.842573,2,8DD09016-F898-915E-4A5C-727F57619D73
-15.985589,24.935785,2,8DD09016-F898-915E-4A5C-727F57619D73
10.594457,36.659286,2,8DD09016-F898-915E-4A5C-727F57619D73
10.541263,36.750793,2,8DD09016-F898-915E-4A5C-727F57619D73
10.196687,36.848797,2,8DD09016-F898-915E-4A5C-727F57619D73
-15.652618,24.066095,2,8DD09016-F898-915E-4A5C-727F57619D73
-10.051582,4.186976,0,8DD09016-F898-915E-4A5C-727F57619D73
11.403814,-18.725008,2,8DD09016-F898-915E-4A5C-727F57619D73
9.924502,-52.278492,2,8DD09016-F898-915E-4A5C-727F57619D73
-36.01785,-11.158927,2,9268F759-54B0-96CC-C0F5-9D8DBAA12073
-35.96017,-11.031615,2,9268F759-54B0-96CC-C0F5-9D8DBAA12073
-56.566303,-6.7369094,2,9268F759-54B0-96CC-C0F5-9D8DBAA12073
-47.52766,43.63646,2,9268F759-54B0-96CC-C0F5-9D8DBAA12073
-47.426243,43.70119,2,9268F759-54B0-96CC-C0F5-9D8DBAA12073
-48.381706,43.131706,2,9268F759-54B0-96CC-C0F5-9D8DBAA12073
-48.705383,43.26629,2,9268F759-54B0-96CC-C0F5-9D8DBAA12073
-49.585728,42.80844,2,9268F759-54B0-96CC-C0F5-9D8DBAA12073
-50.207863,42.505417,2,9268F759-54B0-96CC-C0F5-9D8DBAA12073
6.3320885,46.162136,2,9268F759-54B0-96CC-C0F5-9D8DBAA12073
6.391626,46.153934,2,9268F759-54B0-96CC-C0F5-9D8DBAA12073
-23.073952,10.784564,2,9268F759-54B0-96CC-C0F5-9D8DBAA12073
-3.7998836,-20.393274,2,9268F759-54B0-96CC-C0F5-9D8DBAA12073
-19.089577,12.0672655,2,9268F759-54B0-96CC-C0F5-9D8DBAA12073
34.027126,2.7898142,2,9268F759-54B0-96CC-C0F5-9D8DBAA12073
33.997307,3.0061746,2,9268F759-54B0-96CC-C0F5-9D8DBAA12073
14.712306,25.127886,2,9268F759-54B0-96CC-C0F5-9D8DBAA12073
-4.456588,31.153301,2,9268F759-54B0-96CC-C0F5-9D8DBAA12073
-13.980501,-49.943665,1,9268F759-54B0-96CC-C0F5-9D8DBAA12073
-18.860079,-25.627266,1,9268F759-54B0-96CC-C0F5-9D8DBAA12073
-18.875128,-25.667566,1,9268F759-54B0-96CC-C0F5-9D8DBAA12073
44.08482,39.582443,0,94AA1B20-A5D9-F2B4-FD96-2F20A00FAE89
48.310974,28.48396,0,94AA1B20-A5D9-F2B4-FD96-2F20A00FAE89
48.919125,28.44438,0,94AA1B20-A5D9-F2B4-FD96-2F20A00FAE89
48.821716,29.29304,2,94AA1B20-A5D9-F2B4-FD96-2F20A00FAE89
48.699394,29.660074,2,94AA1B20-A5D9-F2B4-FD96-2F20A00FAE89
49.2439,30.031208,2,94AA1B20-A5D9-F2B4-FD96-2F20A00FAE89
50.964138,4.676199,0,94AA1B20-A5D9-F2B4-FD96-2F20A00FAE89
50.837135,4.721507,0,94AA1B20-A5D9-F2B4-FD96-2F20A00FAE89
-28.769222,0.1584454,0,94AA1B20-A5D9-F2B4-FD96-2F20A00FAE89
-35.54635,-16.03313,2,94AA1B20-A5D9-F2B4-FD96-2F20A00FAE89
-36.84958,-15.597877,2,94AA1B20-A5D9-F2B4-FD96-2F20A00FAE89
-37.158447,-15.763854,2,94AA1B20-A5D9-F2B4-FD96-2F20A00FAE89
-21.970186,10.655149,2,96B78431-4166-E4D3-2AA2-15BE2512E1D6
4.600795,14.244009,2,96B78431-4166-E4D3-2AA2-15BE2512E1D6
4.3520603,14.147035,2,96B78431-4166-E4D3-2AA2-15BE2512E1D6
-11.022705,-3.0290527,2,96B78431-4166-E4D3-2AA2-15BE2512E1D6
-27.001482,11.153188,2,96B78431-4166-E4D3-2AA2-15BE2512E1D6
-50.74141,35.000954,2,96B78431-4166-E4D3-2AA2-15BE2512E1D6
54.602867,-12.297105,0,96B78431-4166-E4D3-2AA2-15BE2512E1D6
55.189137,-12.46758,0,96B78431-4166-E4D3-2AA2-15BE2512E1D6
55.693333,-12.547741,0,96B78431-4166-E4D3-2AA2-15BE2512E1D6
57.68064,-26.736847,1,96B78431-4166-E4D3-2AA2-15BE2512E1D6
44.328793,-31.805885,1,96B78431-4166-E4D3-2AA2-15BE2512E1D6
24.234621,-28.516277,1,96B78431-4166-E4D3-2AA2-15BE2512E1D6
49.02334,25.092745,1,96B78431-4166-E4D3-2AA2-15BE2512E1D6
48.74712,25.53816,1,96B78431-4166-E4D3-2AA2-15BE2512E1D6
48.807655,25.613132,2,96B78431-4166-E4D3-2AA2-15BE2512E1D6
47.96831,26.055826,2,96B78431-4166-E4D3-2AA2-15BE2512E1D6
-25.021627,-1.3656927,2,96B78431-4166-E4D3-2AA2-15BE2512E1D6
-23.60219,-16.454273,2,96B78431-4166-E4D3-2AA2-15BE2512E1D6
-17.561459,-63.319805,1,96B78431-4166-E4D3-2AA2-15BE2512E1D6
-21.892244,-42.370956,1,96B78431-4166-E4D3-2AA2-15BE2512E1D6
-21.954693,-42.041065,2,96B78431-4166-E4D3-2AA2-15BE2512E1D6
-8.285016,9.157011,2,96B78431-4166-E4D3-2AA2-15BE2512E1D6
-41.696358,-25.09233,2,96B78431-4166-E4D3-2AA2-15BE2512E1D6
-51.295025,-14.749885,2,96B78431-4166-E4D3-2AA2-15BE2512E1D6
-15.711829,38.182735,2,99827717-1B21-7ECC-CAD1-99489F7E19EA
-23.408579,7.980495,2,99827717-1B21-7ECC-CAD1-99489F7E19EA
-21.421595,-7.0309153,2,99827717-1B21-7ECC-CAD1-99489F7E19EA
-44.412834,24.396858,2,99827717-1B21-7ECC-CAD1-99489F7E19EA
-71.69813,19.147293,2,99827717-1B21-7ECC-CAD1-99489F7E19EA
-58.921562,-6.6937823,2,99827717-1B21-7ECC-CAD1-99489F7E19EA
-58.97726,-6.7696013,2,99827717-1B21-7ECC-CAD1-99489F7E19EA
-59.211655,-8.173372,2,99827717-1B21-7ECC-CAD1-99489F7E19EA
-59.214268,-8.284831,2,99827717-1B21-7ECC-CAD1-99489F7E19EA
-33.898315,-18.60125,2,99827717-1B21-7ECC-CAD1-99489F7E19EA
-22.74683,-55.0932,2,99827717-1B21-7ECC-CAD1-99489F7E19EA
-22.809572,-55.92484,2,99827717-1B21-7ECC-CAD1-99489F7E19EA
-1.7383988,-45.38869,1,99827717-1B21-7ECC-CAD1-99489F7E19EA
-1.8201833,-45.19842,1,99827717-1B21-7ECC-CAD1-99489F7E19EA
28.85021,-33.739838,1,99827717-1B21-7ECC-CAD1-99489F7E19EA
28.84555,-33.588417,1,99827717-1B21-7ECC-CAD1-99489F7E19EA
28.051556,-33.670513,1,99827717-1B21-7ECC-CAD1-99489F7E19EA
-9.403402,-61.958496,1,99827717-1B21-7ECC-CAD1-99489F7E19EA
-20.624466,-56.78847,1,99827717-1B21-7ECC-CAD1-99489F7E19EA
-54.109646,-21.325846,1,99827717-1B21-7ECC-CAD1-99489F7E19EA
-54.973682,6.5603356,1,99827717-1B21-7ECC-CAD1-99489F7E19EA
23.21391,51.729187,0,99827717-1B21-7ECC-CAD1-99489F7E19EA
45.26715,33.17043,0,99827717-1B21-7ECC-CAD1-99489F7E19EA
45.370094,32.924004,0,99827717-1B21-7ECC-CAD1-99489F7E19EA
3.1649234,-35.810123,1,99827717-1B21-7ECC-CAD1-99489F7E19EA
3.4750366,-35.93205,1,99827717-1B21-7ECC-CAD1-99489F7E19EA
4.091122,-35.71762,1,99827717-1B21-7ECC-CAD1-99489F7E19EA
-15.233846,21.380392,1,99827717-1B21-7ECC-CAD1-99489F7E19EA
28.434591,-15.068627,1,99827717-1B21-7ECC-CAD1-99489F7E19EA
51.36885,12.054117,1,99827717-1B21-7ECC-CAD1-99489F7E19EA
2.3393173,-58.55358,1,99827717-1B21-7ECC-CAD1-99489F7E19EA
14.432709,-53.96813,1,99827717-1B21-7ECC-CAD1-99489F7E19EA
-3.8505306,-60.590183,1,99827717-1B21-7ECC-CAD1-99489F7E19EA
36.25504,23.081612,0,99C0C5AE-01AD-1BB2-A36B-74B166CB26BA
36.9379,23.211329,0,99C0C5AE-01AD-1BB2-A36B-74B166CB26BA
37.224598,23.415953,0,99C0C5AE-01AD-1BB2-A36B-74B166CB26BA
38.91069,23.775337,0,99C0C5AE-01AD-1BB2-A36B-74B166CB26BA
39.11239,24.091457,0,99C0C5AE-01AD-1BB2-A36B-74B166CB26BA
39.149105,25.064968,0,99C0C5AE-01AD-1BB2-A36B-74B166CB26BA
18.71375,-23.315348,0,99C0C5AE-01AD-1BB2-A36B-74B166CB26BA
18.607916,-23.248701,0,99C0C5AE-01AD-1BB2-A36B-74B166CB26BA
19.268831,-23.496353,0,99C0C5AE-01AD-1BB2-A36B-74B166CB26BA
27.655462,-32.03336,0,99C0C5AE-01AD-1BB2-A36B-74B166CB26BA
1.7221905,-45.549557,0,99C0C5AE-01AD-1BB2-A36B-74B166CB26BA
-19.098646,-45.622875,0,99C0C5AE-01AD-1BB2-A36B-74B166CB26BA
60.50365,5.128856,0,99C0C5AE-01AD-1BB2-A36B-74B166CB26BA
58.519928,-8.448959,2,99C0C5AE-01AD-1BB2-A36B-74B166CB26BA
57.18389,-7.7101455,2,99C0C5AE-01AD-1BB2-A36B-74B166CB26BA
57.61443,-7.7057714,2,99C0C5AE-01AD-1BB2-A36B-74B166CB26BA
58.17582,-7.827091,2,99C0C5AE-01AD-1BB2-A36B-74B166CB26BA
58.824184,-7.437019,2,99C0C5AE-01AD-1BB2-A36B-74B166CB26BA
-11.899174,17.91617,2,9A80CFF4-085D-6435-BA08-18E6496A8381
27.30522,-0.4033306,0,9A80CFF4-085D-6435-BA08-18E6496A8381
27.156414,-0.35274103,0,9A80CFF4-085D-6435-BA08-18E6496A8381
5.9183426,32.143944,2,9A80CFF4-085D-6435-BA08-18E6496A8381
5.323792,31.942852,2,9A80CFF4-085D-6435-BA08-18E6496A8381
4.4991117,31.581158,2,9A80CFF4-085D-6435-BA08-18E6496A8381
-25.110641,25.5435,0,9A80CFF4-085D-6435-BA08-18E6496A8381
-24.358654,26.095695,0,9A80CFF4-085D-6435-BA08-18E6496A8381
-24.035992,26.069283,0,9A80CFF4-085D-6435-BA08-18E6496A8381
-23.829102,26.13768,0,9A80CFF4-085D-6435-BA08-18E6496A8381
11.605151,39.24625,0,9A80CFF4-085D-6435-BA08-18E6496A8381
11.626047,39.22508,2,9A80CFF4-085D-6435-BA08-18E6496A8381
15.72254,-13.922354,2,9A80CFF4-085D-6435-BA08-18E6496A8381
-4.1202736,-44.17367,2,9A80CFF4-085D-6435-BA08-18E6496A8381
-63.27293,1.7003952,2,9A80CFF4-085D-6435-BA08-18E6496A8381
-73.130905,18.469381,2,9C694EBE-9421-F45A-ED92-F521991A6A52
-73.10239,18.43468,2,9C694EBE-9421-F45A-ED92-F521991A6A52
-30.098032,-4.060598,2,9C694EBE-9421-F45A-ED92-F521991A6A52
-29.928217,-4.1237273,2,9C694EBE-9421-F45A-ED92-F521991A6A52
-28.723806,-3.4745283,2,9C694EBE-9421-F45A-ED92-F521991A6A52
13.733374,31.197624,2,9C694EBE-9421-F45A-ED92-F521991A6A52
13.704355,31.14004,2,9C694EBE-9421-F45A-ED92-F521991A6A52
-49.24215,24.09921,2,9C694EBE-9421-F45A-ED92-F521991A6A52
-48.928867,24.085093,2,9C694EBE-9421-F45A-ED92-F521991A6A52
-72.29334,23.973091,2,9C694EBE-9421-F45A-ED92-F521991A6A52
-74.31404,29.547266,2,9C694EBE-9421-F45A-ED92-F521991A6A52
-74.276276,29.446835,2,9C694EBE-9421-F45A-ED92-F521991A6A52
44.032894,35.738125,2,9C694EBE-9421-F45A-ED92-F521991A6A52
55.587902,22.976366,2,9C694EBE-9421-F45A-ED92-F521991A6A52
55.54451,23.657578,2,9C694EBE-9421-F45A-ED92-F521991A6A52
55.6189,24.12178,2,9C694EBE-9421-F45A-ED92-F521991A6A52
54.118576,23.579382,0,9C694EBE-9421-F45A-ED92-F521991A6A52
53.70573,23.30798,0,9C694EBE-9421-F45A-ED92-F521991A6A52
8.549151,24.398043,1,9C694EBE-9421-F45A-ED92-F521991A6A52
-28.369852,11.728256,1,9C694EBE-9421-F45A-ED92-F521991A6A52
-47.18997,-8.261002,2,9C694EBE-9421-F45A-ED92-F521991A6A52
-46.720055,-8.440132,2,9C694EBE-9421-F45A-ED92-F521991A6A52
-42.460903,28.205093,2,9C694EBE-9421-F45A-ED92-F521991A6A52
31.518288,3.2418447,2,9C694EBE-9421-F45A-ED92-F521991A6A52
-65.360085,19.73368,2,9E6EBCE2-44FB-8F07-4135-E91140B34096
-48.719704,-8.601953,2,9E6EBCE2-44FB-8F07-4135-E91140B34096
-2.93171,2.564912,2,9E6EBCE2-44FB-8F07-4135-E91140B34096
20.675222,2.3134515,2,9E6EBCE2-44FB-8F07-4135-E91140B34096
21.008804,2.3833086,2,9E6EBCE2-44FB-8F07-4135-E91140B34096
21.663807,2.7483146,2,9E6EBCE2-44FB-8F07-4135-E91140B34096
48.07683,9.385848,2,9E6EBCE2-44FB-8F07-4135-E91140B34096
-9.006008,40.113617,2,9E6EBCE2-44FB-8F07-4135-E91140B34096
-27.768326,21.888405,2,9E6EBCE2-44FB-8F07-4135-E91140B34096
-27.692398,21.99361,2,9E6EBCE2-44FB-8F07-4135-E91140B34096
39.871975,39.07784,2,9E6EBCE2-44FB-8F07-4135-E91140B34096
39.97724,39.09254,2,9E6EBCE2-44FB-8F07-4135-E91140B34096
-27.545195,-15.9882965,2,9E6EBCE2-44FB-8F07-4135-E91140B34096
-27.571657,-16.001406,2,9E6EBCE2-44FB-8F07-4135-E91140B34096
-27.90172,-16.149393,2,9E6EBCE2-44FB-8F07-4135-E91140B34096
-9.084222,0.92436343,2,9E6EBCE2-44FB-8F07-4135-E91140B34096
50.10775,-20.49559,2,9E6EBCE2-44FB-8F07-4135-E91140B34096
50.15263,-20.505402,0,9E6EBCE2-44FB-8F07-4135-E91140B34096
-9.770446,53.677563,2,9E6EBCE2-44FB-8F07-4135-E91140B34096
-36.93188,3.3101692,2,9E6EBCE2-44FB-8F07-4135-E91140B34096
8.285781,30.066845,0,9E6EBCE2-44FB-8F07-4135-E91140B34096
8.352291,30.101837,0,9E6EBCE2-44FB-8F07-4135-E91140B34096
17.756098,5.9778137,0,9E6EBCE2-44FB-8F07-4135-E91140B34096
17.714777,5.4073353,1,9E6EBCE2-44FB-8F07-4135-E91140B34096
18.047897,5.0627737,0,9E6EBCE2-44FB-8F07-4135-E91140B34096
19.022678,4.5042586,0,9E6EBCE2-44FB-8F07-4135-E91140B34096
-1.126885,-57.27201,0,9E6EBCE2-44FB-8F07-4135-E91140B34096
-1.6817148,-58.241848,0,9E6EBCE2-44FB-8F07-4135-E91140B34096
-1.1603754,-56.733967,0,9E6EBCE2-44FB-8F07-4135-E91140B34096
-1.3358121,-55.364025,0,9E6EBCE2-44FB-8F07-4135-E91140B34096
67.94188,-0.75721717,2,9E6EBCE2-44FB-8F07-4135-E91140B34096
24.02216,-53.597424,2,9E6EBCE2-44FB-8F07-4135-E91140B34096
-2.4716945,-44.60166,2,9E6EBCE2-44FB-8F07-4135-E91140B34096
-66.46452,26.620377,2,A135AF2A-692D-9C83-AB54-34F977E4D14D
-66.5247,26.484596,2,A135AF2A-692D-9C83-AB54-34F977E4D14D
-72.800995,27.758759,2,A135AF2A-692D-9C83-AB54-34F977E4D14D
-72.61436,27.828028,2,A135AF2A-692D-9C83-AB54-34F977E4D14D
-71.83476,28.041574,0,A135AF2A-692D-9C83-AB54-34F977E4D14D
12.856805,57.17173,0,A135AF2A-692D-9C83-AB54-34F977E4D14D
67.52019,-5.2607355,0,A135AF2A-692D-9C83-AB54-34F977E4D14D
67.53368,-5.432892,0,A135AF2A-692D-9C83-AB54-34F977E4D14D
42.1394,25.332764,2,A135AF2A-692D-9C83-AB54-34F977E4D14D
42.161793,25.808212,2,A135AF2A-692D-9C83-AB54-34F977E4D14D
-45.346317,-5.932304,2,A135AF2A-692D-9C83-AB54-34F977E4D14D
-45.645893,-6.0097117,2,A135AF2A-692D-9C83-AB54-34F977E4D14D
61.38196,-24.439333,0,A135AF2A-692D-9C83-AB54-34F977E4D14D
59.486217,-17.09893,0,A135AF2A-692D-9C83-AB54-34F977E4D14D
58.969994,-16.871574,2,A135AF2A-692D-9C83-AB54-34F977E4D14D
-42.530937,-1.0620288,2,A135AF2A-692D-9C83-AB54-34F977E4D14D
-42.588413,-0.98984665,2,A135AF2A-692D-9C83-AB54-34F977E4D14D
-3.027647,23.528276,2,A135AF2A-692D-9C83-AB54-34F977E4D14D
46.139324,8.761519,2,A135AF2A-692D-9C83-AB54-34F977E4D14D
-43.896442,36.08248,2,A135AF2A-692D-9C83-AB54-34F977E4D14D
-43.89648,36.032246,0,A135AF2A-692D-9C83-AB54-34F977E4D14D
37.67037,-21.15081,0,A135AF2A-692D-9C83-AB54-34F977E4D14D
37.95457,-21.327995,0,A135AF2A-692D-9C83-AB54-34F977E4D14D
38.777554,-21.866909,0,A135AF2A-692D-9C83-AB54-34F977E4D14D
-14.272256,28.301043,2,A135AF2A-692D-9C83-AB54-34F977E4D14D
17.219887,44.667286,2,A135AF2A-692D-9C83-AB54-34F977E4D14D
-9.493583,36.42428,2,A135AF2A-692D-9C83-AB54-34F977E4D14D
-9.569074,36.39987,2,A135AF2A-692D-9C83-AB54-34F977E4D14D
-28.831095,32.144352,2,A135AF2A-692D-9C83-AB54-34F977E4D14D
-28.823212,32.155613,2,A135AF2A-692D-9C83-AB54-34F977E4D14D
-17.606499,0.5834473,1,A43E8D46-F136-DB41-3E16-F9F161DBA1D6
-17.517471,0.32360318,1,A43E8D46-F136-DB41-3E16-F9F161DBA1D6
-28.956583,4.6411796,2,A43E8D46-F136-DB41-3E16-F9F161DBA1D6
30.495249,1.2311051,2,A43E8D46-F136-DB41-3E16-F9F161DBA1D6
-21.138857,-10.208451,2,A43E8D46-F136-DB41-3E16-F9F161DBA1D6
-20.873533,-10.610796,2,A43E8D46-F136-DB41-3E16-F9F161DBA1D6
11.296227,-11.322249,2,A43E8D46-F136-DB41-3E16-F9F161DBA1D6
11.379595,-11.423748,2,A43E8D46-F136-DB41-3E16-F9F161DBA1D6
11.408409,-11.899991,0,A43E8D46-F136-DB41-3E16-F9F161DBA1D6
19.114126,19.726059,0,A43E8D46-F136-DB41-3E16-F9F161DBA1D6
19.197048,19.781178,0,A43E8D46-F136-DB41-3E16-F9F161DBA1D6
-16.079027,-5.9174476,0,A43E8D46-F136-DB41-3E16-F9F161DBA1D6
-16.19674,-6.0278673,1,A43E8D46-F136-DB41-3E16-F9F161DBA1D6
-17.059662,-6.59781,1,A43E8D46-F136-DB41-3E16-F9F161DBA1D6
2.839938,51.30684,1,A43E8D46-F136-DB41-3E16-F9F161DBA1D6
25.594494,-7.5740104,1,A43E8D46-F136-DB41-3E16-F9F161DBA1D6
23.456192,-23.23172,1,A43E8D46-F136-DB41-3E16-F9F161DBA1D6
23.652811,-23.707027,0,A43E8D46-F136-DB41-3E16-F9F161DBA1D6
-15.380487,12.937553,0,A7C426E7-344F-99F4-6E35-453AF3AD9C2C
26.016624,-39.09145,0,A7C426E7-344F-99F4-6E35-453AF3AD9C2C
26.114056,-39.32919,0,A7C426E7-344F-99F4-6E35-453AF3AD9C2C
26.19348,-40.03646,0,A7C426E7-344F-99F4-6E35-453AF3AD9C2C
24.831903,-39.257355,0,A7C426E7-344F-99F4-6E35-453AF3AD9C2C
-48.74266,5.4247513,2,A7C426E7-344F-99F4-6E35-453AF3AD9C2C
-5.50819,40.615494,0,A7C426E7-344F-99F4-6E35-453AF3AD9C2C
-6.8495536,38.95803,0,A7C426E7-344F-99F4-6E35-453AF3AD9C2C
-6.3239493,39.253845,0,A7C426E7-344F-99F4-6E35-453AF3AD9C2C
-5.7381024,39.45826,0,A7C426E7-344F-99F4-6E35-453AF3AD9C2C
3.5218716,-42.22241,1,A7C426E7-344F-99F4-6E35-453AF3AD9C2C
10.35625,-48.98471,1,A7C426E7-344F-99F4-6E35-453AF3AD9C2C
28.638311,-42.99862,0,A7C426E7-344F-99F4-6E35-453AF3AD9C2C
54.228825,-24.254137,0,A7C426E7-344F-99F4-6E35-453AF3AD9C2C
28.334158,-43.74011,0,A7C426E7-344F-99F4-6E35-453AF3AD9C2C
18.655386,-50.418587,0,A7C426E7-344F-99F4-6E35-453AF3AD9C2C
30.164186,-43.16567,0,A7C426E7-344F-99F4-6E35-453AF3AD9C2C
30.521067,-42.88302,0,A7C426E7-344F-99F4-6E35-453AF3AD9C2C
52.11202,20.305729,2,AB9921A8-F143-E101-6A47-E66882F571B2
32.067204,3.3778298,2,AB9921A8-F143-E101-6A47-E66882F571B2
-23.037489,22.825716,2,AB9921A8-F143-E101-6A47-E66882F571B2
-55.254066,16.405195,2,AB9921A8-F143-E101-6A47-E66882F571B2
-55.585285,16.559011,2,AB9921A8-F143-E101-6A47-E66882F571B2
7.7189746,36.08434,0,AB9921A8-F143-E101-6A47-E66882F571B2
-21.946512,21.922104,0,AB9921A8-F143-E101-6A47-E66882F571B2
23.34221,-36.17033,0,AB9921A8-F143-E101-6A47-E66882F571B2
19.548634,-41.54096,0,AB9921A8-F143-E101-6A47-E66882F571B2
18.648943,-41.744057,1,AB9921A8-F143-E101-6A47-E66882F571B2
18.069376,-41.946136,1,AB9921A8-F143-E101-6A47-E66882F571B2
9.490727,-42.50727,1,AB9921A8-F143-E101-6A47-E66882F571B2
-40.12724,32.525352,0,AB9921A8-F143-E101-6A47-E66882F571B2
8.996122,45.88072,0,AB9921A8-F143-E101-6A47-E66882F571B2
9.524578,45.676197,0,AB9921A8-F143-E101-6A47-E66882F571B2
9.70356,45.578648,0,AB9921A8-F143-E101-6A47-E66882F571B2
31.374325,40.578587,2,AB9921A8-F143-E101-6A47-E66882F571B2
-1.6188277,43.674377,2,AB9921A8-F143-E101-6A47-E66882F571B2
-41.958138,-9.032366,2,AB9921A8-F143-E101-6A47-E66882F571B2
-42.000706,-9.057401,2,AB9921A8-F143-E101-6A47-E66882F571B2
-6.672167,4.9051275,0,AB9921A8-F143-E101-6A47-E66882F571B2
19.583351,-43.48789,0,AB9921A8-F143-E101-6A47-E66882F571B2
26.745405,-46.92415,0,AB9921A8-F143-E101-6A47-E66882F571B2
44.09047,-38.49698,0,AB9921A8-F143-E101-6A47-E66882F571B2
46.17363,3.851855,0,AB9921A8-F143-E101-6A47-E66882F571B2
10.901177,-47.34365,1,AB9921A8-F143-E101-6A47-E66882F571B2
-27.63702,-7.4402494,1,AB9921A8-F143-E101-6A47-E66882F571B2
-28.008633,-7.7651424,1,AB9921A8-F143-E101-6A47-E66882F571B2
-28.441565,-8.326303,1,AB9921A8-F143-E101-6A47-E66882F571B2
-28.734863,-8.593017,2,AB9921A8-F143-E101-6A47-E66882F571B2
-9.854078,56.142933,2,B06410CC-D778-33B2-B1FD-A828EE4AF413
-10.03024,56.342003,2,B06410CC-D778-33B2-B1FD-A828EE4AF413
-37.49809,4.80154,2,B06410CC-D778-33B2-B1FD-A828EE4AF413
-18.853025,16.234472,2,B06410CC-D778-33B2-B1FD-A828EE4AF413
-18.842978,16.235472,2,B06410CC-D778-33B2-B1FD-A828EE4AF413
24.329157,-37.125366,0,B06410CC-D778-33B2-B1FD-A828EE4AF413
29.695873,37.583168,0,B06410CC-D778-33B2-B1FD-A828EE4AF413
26.74751,26.522987,0,B06410CC-D778-33B2-B1FD-A828EE4AF413
26.847477,26.639915,0,B06410CC-D778-33B2-B1FD-A828EE4AF413
-4.9396515,8.027861,0,B06410CC-D778-33B2-B1FD-A828EE4AF413
27.655708,27.304335,0,B06410CC-D778-33B2-B1FD-A828EE4AF413
27.973549,27.393473,0,B06410CC-D778-33B2-B1FD-A828EE4AF413
28.805494,24.523697,0,B06410CC-D778-33B2-B1FD-A828EE4AF413
33.97755,-26.409977,0,B06410CC-D778-33B2-B1FD-A828EE4AF413
33.92461,-26.456638,0,B06410CC-D778-33B2-B1FD-A828EE4AF413
6.8426867,-14.335034,1,B06410CC-D778-33B2-B1FD-A828EE4AF413
6.579543,-14.107758,1,B06410CC-D778-33B2-B1FD-A828EE4AF413
6.3604245,-14.124015,1,B06410CC-D778-33B2-B1FD-A828EE4AF413
26.495731,30.994404,0,B0AAFE06-91C2-2C6D-4547-7508BB719E45
16.444725,1.9364314,2,B0AAFE06-91C2-2C6D-4547-7508BB719E45
16.302197,1.9291015,2,B0AAFE06-91C2-2C6D-4547-7508BB719E45
-54.983086,-18.261953,2,B0AAFE06-91C2-2C6D-4547-7508BB719E45
43.507374,33.753136,0,B0AAFE06-91C2-2C6D-4547-7508BB719E45
59.70019,11.176281,0,B0AAFE06-91C2-2C6D-4547-7508BB719E45
-66.2386,2.277512,2,B0AAFE06-91C2-2C6D-4547-7508BB719E45
-76.74728,21.281887,2,B0AAFE06-91C2-2C6D-4547-7508BB719E45
-76.71057,21.289158,2,B0AAFE06-91C2-2C6D-4547-7508BB719E45
-57.064316,13.913272,0,B0AAFE06-91C2-2C6D-4547-7508BB719E45
45.409565,32.061466,0,B0AAFE06-91C2-2C6D-4547-7508BB719E45
64.12372,-14.925157,0,B0AAFE06-91C2-2C6D-4547-7508BB719E45
47.44962,3.6779306,0,B0AAFE06-91C2-2C6D-4547-7508BB719E45
10.458534,33.39659,0,B0AAFE06-91C2-2C6D-4547-7508BB719E45
-61.04309,16.533743,0,B0AAFE06-91C2-2C6D-4547-7508BB719E45
-60.706135,16.879766,2,B0AAFE06-91C2-2C6D-4547-7508BB719E45
-60.78768,16.843874,2,B0AAFE06-91C2-2C6D-4547-7508BB719E45
-29.351282,45.881275,2,B0AAFE06-91C2-2C6D-4547-7508BB719E45
45.774593,-27.573015,0,B0AAFE06-91C2-2C6D-4547-7508BB719E45
45.726345,-27.867363,0,B0AAFE06-91C2-2C6D-4547-7508BB719E45
31.455318,-34.251446,0,B0AAFE06-91C2-2C6D-4547-7508BB719E45
52.69112,-16.657135,0,B0AAFE06-91C2-2C6D-4547-7508BB719E45
42.584927,-32.406727,0,B0AAFE06-91C2-2C6D-4547-7508BB719E45
42.45982,-32.33421,0,B0AAFE06-91C2-2C6D-4547-7508BB719E45
0.90623343,-60.44998,1,B17DF37B-207D-A052-4D45-F862B3BF4C4C
24.795229,1.1737957,1,B17DF37B-207D-A052-4D45-F862B3BF4C4C
29.671093,-14.656524,1,B17DF37B-207D-A052-4D45-F862B3BF4C4C
12.777603,-53.241455,1,B17DF37B-207D-A052-4D45-F862B3BF4C4C
14.098547,-52.881023,1,B17DF37B-207D-A052-4D45-F862B3BF4C4C
13.7278385,-53.365993,1,B17DF37B-207D-A052-4D45-F862B3BF4C4C
-20.31193,-56.97898,1,B17DF37B-207D-A052-4D45-F862B3BF4C4C
4.043527,-44.32157,2,B17DF37B-207D-A052-4D45-F862B3BF4C4C
64.30301,-1.3916162,2,B17DF37B-207D-A052-4D45-F862B3BF4C4C
64.444725,-2.0113606,2,B17DF37B-207D-A052-4D45-F862B3BF4C4C
64.56096,-2.1665673,2,B17DF37B-207D-A052-4D45-F862B3BF4C4C
64.70823,-0.7961821,2,B17DF37B-207D-A052-4D45-F862B3BF4C4C
57.617126,18.866983,2,B17DF37B-207D-A052-4D45-F862B3BF4C4C
3.7766516,-18.571321,2,B17DF37B-207D-A052-4D45-F862B3BF4C4C
4.8452764,-17.931355,2,B17DF37B-207D-A052-4D45-F862B3BF4C4C
5.1746655,-17.892033,2,B17DF37B-207D-A052-4D45-F862B3BF4C4C
6.455277,-18.113194,0,B17DF37B-207D-A052-4D45-F862B3BF4C4C
39.568325,-3.1625981,0,B17DF37B-207D-A052-4D45-F862B3BF4C4C
-13.388155,-61.71729,1,B17DF37B-207D-A052-4D45-F862B3BF4C4C
-13.992805,-61.811764,1,B17DF37B-207D-A052-4D45-F862B3BF4C4C
-15.084505,-62.546677,1,B17DF37B-207D-A052-4D45-F862B3BF4C4C
-15.725292,-63.006115,1,B17DF37B-207D-A052-4D45-F862B3BF4C4C
-19.893383,-48.781483,1,B17DF37B-207D-A052-4D45-F862B3BF4C4C
-20.383364,-49.248318,1,B17DF37B-207D-A052-4D45-F862B3BF4C4C
7.5979743,32.193813,0,B2EE7EC5-4E5B-EBDD-E0EB-AF758B95C36A
-9.703655,39.297607,2,B2EE7EC5-4E5B-EBDD-E0EB-AF758B95C36A
-64.34325,8.925376,2,B2EE7EC5-4E5B-EBDD-E0EB-AF758B95C36A
-64.36005,8.925214,2,B2EE7EC5-4E5B-EBDD-E0EB-AF758B95C36A
-34.621246,39.295807,2,B2EE7EC5-4E5B-EBDD-E0EB-AF758B95C36A
-20.425129,-11.53453,0,B2EE7EC5-4E5B-EBDD-E0EB-AF758B95C36A
10.138271,16.086569,0,B2EE7EC5-4E5B-EBDD-E0EB-AF758B95C36A
10.691381,15.628917,0,B2EE7EC5-4E5B-EBDD-E0EB-AF758B95C36A
10.43822,15.42434,2,B2EE7EC5-4E5B-EBDD-E0EB-AF758B95C36A
10.140478,14.575323,2,B2EE7EC5-4E5B-EBDD-E0EB-AF758B95C36A
28.239815,33.341377,2,B2EE7EC5-4E5B-EBDD-E0EB-AF758B95C36A
2.6686995,-25.335836,2,B2EE7EC5-4E5B-EBDD-E0EB-AF758B95C36A
-4.1028733,39.474,2,B2EE7EC5-4E5B-EBDD-E0EB-AF758B95C36A
-4.015184,39.479454,2,B2EE7EC5-4E5B-EBDD-E0EB-AF758B95C36A
-14.931543,15.066758,1,B2EE7EC5-4E5B-EBDD-E0EB-AF758B95C36A
-46.245953,-12.69493,2,B2EE7EC5-4E5B-EBDD-E0EB-AF758B95C36A
-75.649956,25.579742,2,B2EE7EC5-4E5B-EBDD-E0EB-AF758B95C36A
-75.65164,25.520609,2,B2EE7EC5-4E5B-EBDD-E0EB-AF758B95C36A
-62.160183,33.284447,0,B2EE7EC5-4E5B-EBDD-E0EB-AF758B95C36A
-16.77716,18.555807,0,B2EE7EC5-4E5B-EBDD-E0EB-AF758B95C36A
48.93972,-27.551842,0,B2EE7EC5-4E5B-EBDD-E0EB-AF758B95C36A
27.202318,-24.541698,0,B2EE7EC5-4E5B-EBDD-E0EB-AF758B95C36A
-1.1788285,-33.88889,0,B2EE7EC5-4E5B-EBDD-E0EB-AF758B95C36A
-1.3043962,-34.046753,0,B2EE7EC5-4E5B-EBDD-E0EB-AF758B95C36A
66.71707,14.507734,0,B3CE5256-6F65-85EB-0078-689BD5CC1B17
66.724144,14.512203,0,B3CE5256-6F65-85EB-0078-689BD5CC1B17
-6.322328,0.8017926,0,B3CE5256-6F65-85EB-0078-689BD5CC1B17
-21.018955,-13.940036,2,B3CE5256-6F65-85EB-0078-689BD5CC1B17
-53.42033,-8.188001,2,B3CE5256-6F65-85EB-0078-689BD5CC1B17
-53.564075,-8.153755,2,B3CE5256-6F65-85EB-0078-689BD5CC1B17
24.807621,11.0554,0,B3CE5256-6F65-85EB-0078-689BD5CC1B17
47.6722,-23.707928,0,B3CE5256-6F65-85EB-0078-689BD5CC1B17
47.921562,-23.85597,0,B3CE5256-6F65-85EB-0078-689BD5CC1B17
37.786053,0.8727697,2,B3CE5256-6F65-85EB-0078-689BD5CC1B17
37.83349,0.94215167,2,B3CE5256-6F65-85EB-0078-689BD5CC1B17
46.022102,16.539204,2,B3CE5256-6F65-85EB-0078-689BD5CC1B17
-2.8809795,8.952669,0,B3CE5256-6F65-85EB-0078-689BD5CC1B17
-22.143133,-16.567953,0,B3CE5256-6F65-85EB-0078-689BD5CC1B17
-8.264889,-19.982445,0,B3CE5256-6F65-85EB-0078-689BD5CC1B17
21.531773,-29.991722,0,B3CE5256-6F65-85EB-0078-689BD5CC1B17
-27.471836,-30.801008,0,B3CE5256-6F65-85EB-0078-689BD5CC1B17
-10.369627,-13.331274,0,B3CE5256-6F65-85EB-0078-689BD5CC1B17
21.444946,-24.407133,0,B3CE5256-6F65-85EB-0078-689BD5CC1B17
41.013954,-10.98427,0,B3CE5256-6F65-85EB-0078-689BD5CC1B17
41.13765,-11.088573,2,B3CE5256-6F65-85EB-0078-689BD5CC1B17
46.993313,-2.483922,0,B3CE5256-6F65-85EB-0078-689BD5CC1B17
29.32002,-36.752674,0,B3CE5256-6F65-85EB-0078-689BD5CC1B17
54.73032,-23.271835,0,B3CE5256-6F65-85EB-0078-689BD5CC1B17
52.68908,0.9771049,0,B3CE5256-6F65-85EB-0078-689BD5CC1B17
-39.496304,40.70673,0,B3CE5256-6F65-85EB-0078-689BD5CC1B17
-39.115818,41.10447,2,B3CE5256-6F65-85EB-0078-689BD5CC1B17
33.085583,40.763046,0,B3CE5256-6F65-85EB-0078-689BD5CC1B17
67.901794,-8.1525,0,B3CE5256-6F65-85EB-0078-689BD5CC1B17
57.711365,25.046524,0,B3CE5256-6F65-85EB-0078-689BD5CC1B17
17.993977,32.324047,0,B6EE5F90-8F59-D3CF-C449-59216B28207B
17.950806,32.27461,0,B6EE5F90-8F59-D3CF-C449-59216B28207B
45.958355,23.998058,0,B6EE5F90-8F59-D3CF-C449-59216B28207B
33.619778,-13.560497,0,B6EE5F90-8F59-D3CF-C449-59216B28207B
5.2172203,24.62982,0,B6EE5F90-8F59-D3CF-C449-59216B28207B
5.154643,24.61616,2,B6EE5F90-8F59-D3CF-C449-59216B28207B
42.03948,12.445215,2,B6EE5F90-8F59-D3CF-C449-59216B28207B
43.57277,12.238,0,B6EE5F90-8F59-D3CF-C449-59216B28207B
44.294376,12.218078,0,B6EE5F90-8F59-D3CF-C449-59216B28207B
44.386288,12.051508,0,B6EE5F90-8F59-D3CF-C449-59216B28207B
44.621517,11.384098,0,B6EE5F90-8F59-D3CF-C449-59216B28207B
47.435947,-14.041043,0,B6EE5F90-8F59-D3CF-C449-59216B28207B
45.75228,-12.670759,0,B6EE5F90-8F59-D3CF-C449-59216B28207B
45.81715,-12.67508,0,B6EE5F90-8F59-D3CF-C449-59216B28207B
17.611082,-18.98688,1,B6EE5F90-8F59-D3CF-C449-59216B28207B
17.589933,-18.929857,1,B6EE5F90-8F59-D3CF-C449-59216B28207B
9.516183,-25.1161,1,B6EE5F90-8F59-D3CF-C449-59216B28207B
9.550072,-25.260702,1,B6EE5F90-8F59-D3CF-C449-59216B28207B
8.831441,-24.58979,2,B6EE5F90-8F59-D3CF-C449-59216B28207B
-32.149452,30.642715,2,B6EE5F90-8F59-D3CF-C449-59216B28207B
-32.237198,30.740437,2,B6EE5F90-8F59-D3CF-C449-59216B28207B
-45.12448,29.663664,2,B6EE5F90-8F59-D3CF-C449-59216B28207B
-66.69503,23.380037,2,B6EE5F90-8F59-D3CF-C449-59216B28207B
-62.573105,23.907162,2,B6EE5F90-8F59-D3CF-C449-59216B28207B
52.209236,15.809753,0,B9FD0C60-33D3-E99E-2475-815EAD5C89C2
52.18307,15.788946,0,B9FD0C60-33D3-E99E-2475-815EAD5C89C2
-42.23884,7.139664,0,B9FD0C60-33D3-E99E-2475-815EAD5C89C2
-42.792133,7.408972,2,B9FD0C60-33D3-E99E-2475-815EAD5C89C2
-43.36021,7.3469768,2,B9FD0C60-33D3-E99E-2475-815EAD5C89C2
-42.93649,7.4044147,2,B9FD0C60-33D3-E99E-2475-815EAD5C89C2
22.414848,20.833366,2,B9FD0C60-33D3-E99E-2475-815EAD5C89C2
22.36616,20.82664,2,B9FD0C60-33D3-E99E-2475-815EAD5C89C2
-31.428375,23.066895,2,B9FD0C60-33D3-E99E-2475-815EAD5C89C2
-31.485418,23.082848,2,B9FD0C60-33D3-E99E-2475-815EAD5C89C2
20.212154,44.035534,0,B9FD0C60-33D3-E99E-2475-815EAD5C89C2
20.100182,43.982376,0,B9FD0C60-33D3-E99E-2475-815EAD5C89C2
-22.631384,2.076798,2,BAAA2876-D490-2AB5-0A98-6EB94C7FC331
-67.74309,17.80831,2,BAAA2876-D490-2AB5-0A98-6EB94C7FC331
-46.019928,3.160025,2,BAAA2876-D490-2AB5-0A98-6EB94C7FC331
-46.077564,3.3429408,2,BAAA2876-D490-2AB5-0A98-6EB94C7FC331
-10.506357,33.13257,2,BAAA2876-D490-2AB5-0A98-6EB94C7FC331
-10.564475,33.0893,2,BAAA2876-D490-2AB5-0A98-6EB94C7FC331
-25.16365,5.22879,2,BAAA2876-D490-2AB5-0A98-6EB94C7FC331
-25.335213,5.21995,2,BAAA2876-D490-2AB5-0A98-6EB94C7FC331
-26.239162,5.2979183,2,BAAA2876-D490-2AB5-0A98-6EB94C7FC331
-6.0981464,26.371872,2,BAAA2876-D490-2AB5-0A98-6EB94C7FC331
-6.024364,26.577303,2,BAAA2876-D490-2AB5-0A98-6EB94C7FC331
-5.62887,27.057438,2,BAAA2876-D490-2AB5-0A98-6EB94C7FC331
7.581852,43.930515,2,BAAA2876-D490-2AB5-0A98-6EB94C7FC331
3.5026739,12.164037,2,BAAA2876-D490-2AB5-0A98-6EB94C7FC331
30.711727,33.86098,2,BAAA2876-D490-2AB5-0A98-6EB94C7FC331
30.731964,33.898685,2,BAAA2876-D490-2AB5-0A98-6EB94C7FC331
41.182335,-3.0628693,0,BAAA2876-D490-2AB5-0A98-6EB94C7FC331
41.15219,-3.21826,0,BAAA2876-D490-2AB5-0A98-6EB94C7FC331
-8.679996,42.983513,2,BAAA2876-D490-2AB5-0A98-6EB94C7FC331
-9.004783,42.650887,2,BAAA2876-D490-2AB5-0A98-6EB94C7FC331
-9.107411,42.593086,2,BAAA2876-D490-2AB5-0A98-6EB94C7FC331
-52.58059,16.163332,2,BAAA2876-D490-2AB5-0A98-6EB94C7FC331
-30.130098,-25.731354,1,BAAA2876-D490-2AB5-0A98-6EB94C7FC331
-49.87366,-10.268963,1,BAAA2876-D490-2AB5-0A98-6EB94C7FC331
-14.515462,36.73813,2,BAAA2876-D490-2AB5-0A98-6EB94C7FC331
29.395144,-6.4453335,2,BAAA2876-D490-2AB5-0A98-6EB94C7FC331
10.818671,-38.88682,2,BAAA2876-D490-2AB5-0A98-6EB94C7FC331
20.171303,-46.76063,2,BAAA2876-D490-2AB5-0A98-6EB94C7FC331
20.319103,-46.377007,2,BAAA2876-D490-2AB5-0A98-6EB94C7FC331
19.454287,-45.7992,2,BAAA2876-D490-2AB5-0A98-6EB94C7FC331
-53.113823,33.84199,1,BC7EE230-0AF9-3AC5-24E5-8EC4B0B432A8
-21.73456,40.615273,1,BC7EE230-0AF9-3AC5-24E5-8EC4B0B432A8
-21.723484,40.53034,2,BC7EE230-0AF9-3AC5-24E5-8EC4B0B432A8
2.9889247,52.32764,2,BC7EE230-0AF9-3AC5-24E5-8EC4B0B432A8
2.9862766,52.785675,2,BC7EE230-0AF9-3AC5-24E5-8EC4B0B432A8
2.0350032,54.49602,2,BC7EE230-0AF9-3AC5-24E5-8EC4B0B432A8
-31.251663,-31.874722,2,BC7EE230-0AF9-3AC5-24E5-8EC4B0B432A8
-31.292149,-31.833784,2,BC7EE230-0AF9-3AC5-24E5-8EC4B0B432A8
12.046803,5.9069724,2,BC7EE230-0AF9-3AC5-24E5-8EC4B0B432A8
12.446951,6.226242,2,BC7EE230-0AF9-3AC5-24E5-8EC4B0B432A8
12.427788,5.9655123,2,BC7EE230-0AF9-3AC5-24E5-8EC4B0B432A8
-34.550446,28.671972,2,BC7EE230-0AF9-3AC5-24E5-8EC4B0B432A8
-1.1820062,35.336746,2,BC7EE230-0AF9-3AC5-24E5-8EC4B0B432A8
-26.991646,-22.654041,2,BC7EE230-0AF9-3AC5-24E5-8EC4B0B432A8
-26.694231,-22.78419,2,BC7EE230-0AF9-3AC5-24E5-8EC4B0B432A8
29.024649,-26.39209,2,BC7EE230-0AF9-3AC5-24E5-8EC4B0B432A8
29.031607,-26.45539,2,BC7EE230-0AF9-3AC5-24E5-8EC4B0B432A8
29.065613,-26.91609,2,BC7EE230-0AF9-3AC5-24E5-8EC4B0B432A8
65.57892,-13.292084,0,BD35F47E-4F73-8664-B165-98D2BF2CDA48
65.60958,-13.24945,0,BD35F47E-4F73-8664-B165-98D2BF2CDA48
40.76967,-22.672625,0,BD35F47E-4F73-8664-B165-98D2BF2CDA48
40.464718,-22.46651,0,BD35F47E-4F73-8664-B165-98D2BF2CDA48
-3.6271713,-32.75268,1,BD35F47E-4F73-8664-B165-98D2BF2CDA48
-39.508648,-5.8266125,2,BD35F47E-4F73-8664-B165-98D2BF2CDA48
19.717503,-48.467632,2,BD35F47E-4F73-8664-B165-98D2BF2CDA48
22.241545,-33.225174,2,BD35F47E-4F73-8664-B165-98D2BF2CDA48
22.242851,-33.191193,2,BD35F47E-4F73-8664-B165-98D2BF2CDA48
41.866802,1.8912454,0,BD35F47E-4F73-8664-B165-98D2BF2CDA48
5.070205,48.778397,0,BD35F47E-4F73-8664-B165-98D2BF2CDA48
-12.4354,44.02253,0,BD35F47E-4F73-8664-B165-98D2BF2CDA48
-12.888715,43.858704,0,BD35F47E-4F73-8664-B165-98D2BF2CDA48
-13.612381,43.571575,2,BD35F47E-4F73-8664-B165-98D2BF2CDA48
-14.000021,43.459824,2,BD35F47E-4F73-8664-B165-98D2BF2CDA48
-61.788082,9.249524,2,BD35F47E-4F73-8664-B165-98D2BF2CDA48
13.017663,9.837612,2,BD35F47E-4F73-8664-B165-98D2BF2CDA48
0.47365075,-41.91334,0,BD35F47E-4F73-8664-B165-98D2BF2CDA48
23.085869,-51.42164,0,BD35F47E-4F73-8664-B165-98D2BF2CDA48
1.4994472,-41.130814,0,BD35F47E-4F73-8664-B165-98D2BF2CDA48
1.1146196,-41.342155,0,BD35F47E-4F73-8664-B165-98D2BF2CDA48
0.45795426,-41.408123,0,BD35F47E-4F73-8664-B165-98D2BF2CDA48
-46.619152,-16.906906,0,BD35F47E-4F73-8664-B165-98D2BF2CDA48
-13.858607,9.671292,0,BD35F47E-4F73-8664-B165-98D2BF2CDA48
36.40071,-28.79019,0,BD35F47E-4F73-8664-B165-98D2BF2CDA48
36.55685,-28.521166,0,BD35F47E-4F73-8664-B165-98D2BF2CDA48
8.328631,-35.443096,0,BD35F47E-4F73-8664-B165-98D2BF2CDA48
-3.7582269,59.23299,2,C5DC661F-E2D6-2B65-4765-77C8B81D2488
1.2555306,61.519176,2,C5DC661F-E2D6-2B65-4765-77C8B81D2488
1.2608262,61.528267,2,C5DC661F-E2D6-2B65-4765-77C8B81D2488
-0.9066894,30.057997,2,C5DC661F-E2D6-2B65-4765-77C8B81D2488
-8.323622,15.16455,2,C5DC661F-E2D6-2B65-4765-77C8B81D2488
-8.229254,15.122674,2,C5DC661F-E2D6-2B65-4765-77C8B81D2488
52.805866,11.987692,0,C5DC661F-E2D6-2B65-4765-77C8B81D2488
52.81794,11.896087,0,C5DC661F-E2D6-2B65-4765-77C8B81D2488
16.946741,39.10666,2,C5DC661F-E2D6-2B65-4765-77C8B81D2488
16.779316,39.089237,2,C5DC661F-E2D6-2B65-4765-77C8B81D2488
15.922848,38.662613,2,C5DC661F-E2D6-2B65-4765-77C8B81D2488
-59.790848,24.494434,2,C5DC661F-E2D6-2B65-4765-77C8B81D2488
41.55782,37.33768,0,C5DC661F-E2D6-2B65-4765-77C8B81D2488
7.841666,-3.2171674,0,C5DC661F-E2D6-2B65-4765-77C8B81D2488
36.21426,8.338824,0,C5DC661F-E2D6-2B65-4765-77C8B81D2488
36.766457,7.7716136,2,C5DC661F-E2D6-2B65-4765-77C8B81D2488
31.378897,-8.519723,2,C5DC661F-E2D6-2B65-4765-77C8B81D2488
31.183685,-8.718821,2,C5DC661F-E2D6-2B65-4765-77C8B81D2488
-61.223705,-0.4237523,2,C5DC661F-E2D6-2B65-4765-77C8B81D2488
-6.9562163,23.320616,2,C5DC661F-E2D6-2B65-4765-77C8B81D2488
15.014363,48.447536,2,C5DC661F-E2D6-2B65-4765-77C8B81D2488
15.276791,48.304817,2,C5DC661F-E2D6-2B65-4765-77C8B81D2488
15.329474,47.95885,2,C5DC661F-E2D6-2B65-4765-77C8B81D2488
15.551444,47.79106,2,C5DC661F-E2D6-2B65-4765-77C8B81D2488
66.58471,-6.7346153,0,C8BB6C15-19FA-A17A-5945-6202803016D7
66.65548,-6.8945994,0,C8BB6C15-19FA-A17A-5945-6202803016D7
36.775475,37.955692,0,C8BB6C15-19FA-A17A-5945-6202803016D7
36.57121,37.868305,2,C8BB6C15-19FA-A17A-5945-6202803016D7
35.917347,37.470303,2,C8BB6C15-19FA-A17A-5945-6202803016D7
-46.322754,32.128242,2,C8BB6C15-19FA-A17A-5945-6202803016D7
-46.384846,32.23008,2,C8BB6C15-19FA-A17A-5945-6202803016D7
-20.49103,36.877407,1,C8BB6C15-19FA-A17A-5945-6202803016D7
-16.160828,-13.364326,1,C8BB6C15-19FA-A17A-5945-6202803016D7
-16.117336,-13.398957,1,C8BB6C15-19FA-A17A-5945-6202803016D7
-13.197615,-47.904068,1,C8BB6C15-19FA-A17A-5945-6202803016D7
-13.101597,-47.8693,1,C8BB6C15-19FA-A17A-5945-6202803016D7
-36.47149,29.835375,1,C8BB6C15-19FA-A17A-5945-6202803016D7
23.661303,41.185787,1,C8BB6C15-19FA-A17A-5945-6202803016D7
53.65052,-20.151148,1,C8BB6C15-19FA-A17A-5945-6202803016D7
53.56137,-19.994444,1,C8BB6C15-19FA-A17A-5945-6202803016D7
-10.170873,-65.01492,1,C8BB6C15-19FA-A17A-5945-6202803016D7
-11.233214,-65.88285,1,C8BB6C15-19FA-A17A-5945-6202803016D7
-16.326305,-47.24358,1,C8BB6C15-19FA-A17A-5945-6202803016D7
-31.57255,-19.667742,1,C8BB6C15-19FA-A17A-5945-6202803016D7
-16.329643,32.233,1,C8BB6C15-19FA-A17A-5945-6202803016D7
-16.727055,31.945908,1,C8BB6C15-19FA-A17A-5945-6202803016D7
70.242256,-7.4699287,1,C8BB6C15-19FA-A17A-5945-6202803016D7
70.19096,-7.546624,1,C8BB6C15-19FA-A17A-5945-6202803016D7
-51.712963,38.60772,0,CCA3ABC5-DCCE-0BBE-5327-E65AE52A195D
-51.887287,38.33226,0,CCA3ABC5-DCCE-0BBE-5327-E65AE52A195D
-22.767246,49.946835,0,CCA3ABC5-DCCE-0BBE-5327-E65AE52A195D
-47.46136,39.677853,0,CCA3ABC5-DCCE-0BBE-5327-E65AE52A195D
-47.473656,39.823097,0,CCA3ABC5-DCCE-0BBE-5327-E65AE52A195D
-57.006824,22.655603,0,CCA3ABC5-DCCE-0BBE-5327-E65AE52A195D
58.290062,-0.13218687,0,CCA3ABC5-DCCE-0BBE-5327-E65AE52A195D
44.227436,19.811506,0,CCA3ABC5-DCCE-0BBE-5327-E65AE52A195D
1.5793563,15.371948,0,CCA3ABC5-DCCE-0BBE-5327-E65AE52A195D
1.4185869,15.342353,0,CCA3ABC5-DCCE-0BBE-5327-E65AE52A195D
1.3880256,15.402458,0,CCA3ABC5-DCCE-0BBE-5327-E65AE52A195D
-68.90682,16.304293,0,CCA3ABC5-DCCE-0BBE-5327-E65AE52A195D
-68.816246,16.20762,1,CCA3ABC5-DCCE-0BBE-5327-E65AE52A195D
-7.801443,50.461468,1,CCA3ABC5-DCCE-0BBE-5327-E65AE52A195D
-7.72844,51.16071,1,CCA3ABC5-DCCE-0BBE-5327-E65AE52A195D
-7.6148663,51.190845,1,CCA3ABC5-DCCE-0BBE-5327-E65AE52A195D
23.325476,37.82994,0,CCA3ABC5-DCCE-0BBE-5327-E65AE52A195D
23.219486,37.7781,0,CCA3ABC5-DCCE-0BBE-5327-E65AE52A195D
-34.258747,33.681934,0,CCA3ABC5-DCCE-0BBE-5327-E65AE52A195D
-34.303925,33.752502,2,CCA3ABC5-DCCE-0BBE-5327-E65AE52A195D
-32.714817,34.49612,2,CCA3ABC5-DCCE-0BBE-5327-E65AE52A195D
-32.466312,34.42915,2,CCA3ABC5-DCCE-0BBE-5327-E65AE52A195D
-33.03207,35.6345,2,CCA3ABC5-DCCE-0BBE-5327-E65AE52A195D
-38.822144,18.560942,2,CCA3ABC5-DCCE-0BBE-5327-E65AE52A195D
-18.53645,-52.60528,1,CCA3ABC5-DCCE-0BBE-5327-E65AE52A195D
-18.580114,-52.787277,1,CCA3ABC5-DCCE-0BBE-5327-E65AE52A195D
-5.8568544,-35.770252,1,CCA3ABC5-DCCE-0BBE-5327-E65AE52A195D
-17.907825,19.647104,1,CCA3ABC5-DCCE-0BBE-5327-E65AE52A195D
-17.957457,19.741125,1,CCA3ABC5-DCCE-0BBE-5327-E65AE52A195D
-8.380046,-62.630352,1,CCA3ABC5-DCCE-0BBE-5327-E65AE52A195D
-6.0044107,-62.514812,1,CCA3ABC5-DCCE-0BBE-5327-E65AE52A195D
14.48366,-38.981827,1,CCA3ABC5-DCCE-0BBE-5327-E65AE52A195D
0.06605217,-36.700764,1,CCA3ABC5-DCCE-0BBE-5327-E65AE52A195D
20.316736,-35.240044,1,CCA3ABC5-DCCE-0BBE-5327-E65AE52A195D
-6.619596,-52.595993,1,CCA3ABC5-DCCE-0BBE-5327-E65AE52A195D
-6.768574,-53.069084,1,CCA3ABC5-DCCE-0BBE-5327-E65AE52A195D
-51.008675,31.461819,2,CD5833CD-93D3-318C-371A-18A32DEFC38B
-51.05315,31.4233,2,CD5833CD-93D3-318C-371A-18A32DEFC38B
-21.48586,31.489294,2,CD5833CD-93D3-318C-371A-18A32DEFC38B
-21.4157,31.524128,2,CD5833CD-93D3-318C-371A-18A32DEFC38B
-13.919871,-16.047934,2,CD5833CD-93D3-318C-371A-18A32DEFC38B
-14.338483,-16.394321,2,CD5833CD-93D3-318C-371A-18A32DEFC38B
-29.655521,25.965328,0,CD5833CD-93D3-318C-371A-18A32DEFC38B
-29.810783,26.390543,0,CD5833CD-93D3-318C-371A-18A32DEFC38B
-30.04248,27.274405,0,CD5833CD-93D3-318C-371A-18A32DEFC38B
-30.464449,27.50439,0,CD5833CD-93D3-318C-371A-18A32DEFC38B
-29.513319,28.062311,0,CD5833CD-93D3-318C-371A-18A32DEFC38B
13.065536,0.8772563,1,CD5833CD-93D3-318C-371A-18A32DEFC38B
13.112743,0.258632,1,CD5833CD-93D3-318C-371A-18A32DEFC38B
13.129284,0.07317234,2,CD5833CD-93D3-318C-371A-18A32DEFC38B
-60.68108,7.1163983,2,CD5833CD-93D3-318C-371A-18A32DEFC38B
-60.5024,6.3995786,2,CD5833CD-93D3-318C-371A-18A32DEFC38B
12.140733,-0.13943043,2,CD5833CD-93D3-318C-371A-18A32DEFC38B
64.16117,11.588857,0,CD5833CD-93D3-318C-371A-18A32DEFC38B
56.792744,-23.663755,0,CD5833CD-93D3-318C-371A-18A32DEFC38B
55.763367,-19.340982,1,CD5833CD-93D3-318C-371A-18A32DEFC38B
55.80647,-18.6283,1,CD5833CD-93D3-318C-371A-18A32DEFC38B
55.850174,-18.57417,1,CD5833CD-93D3-318C-371A-18A32DEFC38B
7.8560257,-34.811134,2,CD5833CD-93D3-318C-371A-18A32DEFC38B
7.6405544,-34.36923,2,CD5833CD-93D3-318C-371A-18A32DEFC38B
-47.780903,23.660416,2,CD5833CD-93D3-318C-371A-18A32DEFC38B
-65.48266,23.462202,2,CD5833CD-93D3-318C-371A-18A32DEFC38B
-63.283516,15.868132,2,CD5833CD-93D3-318C-371A-18A32DEFC38B
-63.152958,16.204039,2,CD5833CD-93D3-318C-371A-18A32DEFC38B
-39.748165,36.5926,2,CD5833CD-93D3-318C-371A-18A32DEFC38B
58.639626,4.0060477,0,CD5833CD-93D3-318C-371A-18A32DEFC38B
11.979211,45.986156,2,D0F7ABC0-F552-63CD-CAC6-6703C39B83CA
11.88126,46.267612,2,D0F7ABC0-F552-63CD-CAC6-6703C39B83CA
11.635124,46.560635,2,D0F7ABC0-F552-63CD-CAC6-6703C39B83CA
19.473047,14.995389,2,D0F7ABC0-F552-63CD-CAC6-6703C39B83CA
19.654202,15.06761,2,D0F7ABC0-F552-63CD-CAC6-6703C39B83CA
19.75401,15.095298,2,D0F7ABC0-F552-63CD-CAC6-6703C39B83CA
-17.208643,40.465385,1,D0F7ABC0-F552-63CD-CAC6-6703C39B83CA
-15.934163,41.66743,2,D0F7ABC0-F552-63CD-CAC6-6703C39B83CA
-16.423243,41.899895,2,D0F7ABC0-F552-63CD-CAC6-6703C39B83CA
-17.52965,41.768818,2,D0F7ABC0-F552-63CD-CAC6-6703C39B83CA
-17.798706,42.07568,2,D0F7ABC0-F552-63CD-CAC6-6703C39B83CA
-17.598888,42.47476,2,D0F7ABC0-F552-63CD-CAC6-6703C39B83CA
33.556118,-39.899746,1,D0F7ABC0-F552-63CD-CAC6-6703C39B83CA
33.247902,-40.749588,1,D0F7ABC0-F552-63CD-CAC6-6703C39B83CA
11.904301,-56.737938,1,D0F7ABC0-F552-63CD-CAC6-6703C39B83CA
11.509351,-56.72125,1,D0F7ABC0-F552-63CD-CAC6-6703C39B83CA
-15.632367,-66.62648,1,D0F7ABC0-F552-63CD-CAC6-6703C39B83CA
-15.518714,-66.43092,1,D0F7ABC0-F552-63CD-CAC6-6703C39B83CA
50.31242,-42.39074,0,D51A5648-0039-8CB1-45CB-C51E5ABA8BCC
50.314392,-42.396946,0,D51A5648-0039-8CB1-45CB-C51E5ABA8BCC
6.1221566,-9.756687,0,D51A5648-0039-8CB1-45CB-C51E5ABA8BCC
5.8245554,-10.892656,0,D51A5648-0039-8CB1-45CB-C51E5ABA8BCC
5.728883,-11.2814455,1,D51A5648-0039-8CB1-45CB-C51E5ABA8BCC
55.840954,-4.128113,1,D51A5648-0039-8CB1-45CB-C51E5ABA8BCC
44.871048,6.383195,1,D51A5648-0039-8CB1-45CB-C51E5ABA8BCC
56.328518,-3.554113,1,D51A5648-0039-8CB1-45CB-C51E5ABA8BCC
44.175026,6.9741383,1,D51A5648-0039-8CB1-45CB-C51E5ABA8BCC
43.358017,7.299066,1,D51A5648-0039-8CB1-45CB-C51E5ABA8BCC
29.928267,5.0854697,1,D51A5648-0039-8CB1-45CB-C51E5ABA8BCC
29.755713,4.9484587,1,D51A5648-0039-8CB1-45CB-C51E5ABA8BCC
-13.773629,-68.33849,1,D51A5648-0039-8CB1-45CB-C51E5ABA8BCC
-8.846028,-64.0177,1,D51A5648-0039-8CB1-45CB-C51E5ABA8BCC
-3.2936785,-40.433952,1,D51A5648-0039-8CB1-45CB-C51E5ABA8BCC
-3.2427435,-40.44643,1,D51A5648-0039-8CB1-45CB-C51E5ABA8BCC
-32.319683,20.584543,1,D51A5648-0039-8CB1-45CB-C51E5ABA8BCC
-66.03816,25.003902,1,D51A5648-0039-8CB1-45CB-C51E5ABA8BCC
-45.521797,21.302282,2,D57F474B-B38C-E9AF-73CC-2CF16EED3827
-15.935629,36.894985,2,D57F474B-B38C-E9AF-73CC-2CF16EED3827
-7.1659,-4.9856324,2,D57F474B-B38C-E9AF-73CC-2CF16EED3827
-7.151115,-4.986473,2,D57F474B-B38C-E9AF-73CC-2CF16EED3827
7.9898176,-29.296629,1,D57F474B-B38C-E9AF-73CC-2CF16EED3827
8.076397,-29.069628,1,D57F474B-B38C-E9AF-73CC-2CF16EED3827
34.082607,43.382996,1,D57F474B-B38C-E9AF-73CC-2CF16EED3827
33.931847,43.400406,1,D57F474B-B38C-E9AF-73CC-2CF16EED3827
-35.799244,43.136047,1,D57F474B-B38C-E9AF-73CC-2CF16EED3827
-57.435715,12.592656,1,D57F474B-B38C-E9AF-73CC-2CF16EED3827
-57.480183,12.258595,1,D57F474B-B38C-E9AF-73CC-2CF16EED3827
-19.660526,-58.055714,1,D57F474B-B38C-E9AF-73CC-2CF16EED3827
-11.289111,-64.47516,1,D57F474B-B38C-E9AF-73CC-2CF16EED3827
-0.063767344,-48.238857,0,D57F474B-B38C-E9AF-73CC-2CF16EED3827
34.229134,-31.477116,0,D57F474B-B38C-E9AF-73CC-2CF16EED3827
34.493855,-31.354275,0,D57F474B-B38C-E9AF-73CC-2CF16EED3827
54.87486,-27.275187,0,D57F474B-B38C-E9AF-73CC-2CF16EED3827
55.052322,-27.12197,0,D57F474B-B38C-E9AF-73CC-2CF16EED3827
8.537406,-44.47142,2,D57F474B-B38C-E9AF-73CC-2CF16EED3827
33.108143,-47.550293,2,D57F474B-B38C-E9AF-73CC-2CF16EED3827
26.951487,-42.834846,0,D57F474B-B38C-E9AF-73CC-2CF16EED3827
26.556486,-42.949947,0,D57F474B-B38C-E9AF-73CC-2CF16EED3827
-75.142006,5.4196744,0,D57F474B-B38C-E9AF-73CC-2CF16EED3827
-75.13628,5.442768,2,D57F474B-B38C-E9AF-73CC-2CF16EED3827
-12.203533,37.571033,2,D6D11A63-A131-4E74-041D-6E3BD8EFF8FF
-18.976593,25.339493,2,D6D11A63-A131-4E74-041D-6E3BD8EFF8FF
-15.086404,-1.8074296,2,D6D11A63-A131-4E74-041D-6E3BD8EFF8FF
26.612238,10.425069,0,D6D11A63-A131-4E74-041D-6E3BD8EFF8FF
26.59877,10.323904,0,D6D11A63-A131-4E74-041D-6E3BD8EFF8FF
36.535778,6.6015835,0,D6D11A63-A131-4E74-041D-6E3BD8EFF8FF
43.498447,-3.3613145,0,D6D11A63-A131-4E74-041D-6E3BD8EFF8FF
28.928686,-49.794895,0,D6D11A63-A131-4E74-041D-6E3BD8EFF8FF
10.024174,-32.31219,0,D6D11A63-A131-4E74-041D-6E3BD8EFF8FF
-3.6973097,9.762061,0,D6D11A63-A131-4E74-041D-6E3BD8EFF8FF
-3.9379463,9.94901,1,D6D11A63-A131-4E74-041D-6E3BD8EFF8FF
-20.834942,-4.601092,1,D6D11A63-A131-4E74-041D-6E3BD8EFF8FF
1.2749178,-28.04216,0,D6D11A63-A131-4E74-041D-6E3BD8EFF8FF
1.2924613,-28.04587,0,D6D11A63-A131-4E74-041D-6E3BD8EFF8FF
-62.381496,20.421705,0,D6D11A63-A131-4E74-041D-6E3BD8EFF8FF
-62.164566,21.046707,0,D6D11A63-A131-4E74-041D-6E3BD8EFF8FF
-40.23575,35.123207,2,D6D11A63-A131-4E74-041D-6E3BD8EFF8FF
-54.608833,15.699832,2,D6D11A63-A131-4E74-041D-6E3BD8EFF8FF
42.37385,-34.000114,0,D6D11A63-A131-4E74-041D-6E3BD8EFF8FF
25.02485,-35.05257,0,D6D11A63-A131-4E74-041D-6E3BD8EFF8FF
-5.212447,-49.949314,0,D6D11A63-A131-4E74-041D-6E3BD8EFF8FF
35.071148,-10.192825,0,D6D11A63-A131-4E74-041D-6E3BD8EFF8FF
40.950012,-25.926659,0,D6D11A63-A131-4E74-041D-6E3BD8EFF8FF
41.082783,-26.213951,0,D6D11A63-A131-4E74-041D-6E3BD8EFF8FF
16.538288,-40.97004,2,D8D27F81-4F83-E10A-448A-735447867552
17.078783,-40.7617,2,D8D27F81-4F83-E10A-448A-735447867552
17.207045,-40.0447,0,D8D27F81-4F83-E10A-448A-735447867552
4.383008,-54.29413,0,D8D27F81-4F83-E10A-448A-735447867552
4.3140044,-54.42953,0,D8D27F81-4F83-E10A-448A-735447867552
13.408513,-47.564045,1,D8D27F81-4F83-E10A-448A-735447867552
52.159035,-14.607495,0,D8D27F81-4F83-E10A-448A-735447867552
33.72879,-36.272316,0,D8D27F81-4F83-E10A-448A-735447867552
6.6533785,11.515865,1,D8D27F81-4F83-E10A-448A-735447867552
6.699389,11.522458,1,D8D27F81-4F83-E10A-448A-735447867552
-10.9711075,46.1753,1,D8D27F81-4F83-E10A-448A-735447867552
-11.007146,46.21509,2,D8D27F81-4F83-E10A-448A-735447867552
-46.819595,27.04759,2,D8D27F81-4F83-E10A-448A-735447867552
-46.45335,26.890577,2,D8D27F81-4F83-E10A-448A-735447867552
-46.108414,26.729351,2,D8D27F81-4F83-E10A-448A-735447867552
-38.99066,16.369846,2,D8D27F81-4F83-E10A-448A-735447867552
-25.190708,-23.978495,1,D8D27F81-4F83-E10A-448A-735447867552
-9.510472,-63.11425,1,D8D27F81-4F83-E10A-448A-735447867552
14.151129,-50.04683,1,D8D27F81-4F83-E10A-448A-735447867552
-10.891028,-22.412241,1,D8D27F81-4F83-E10A-448A-735447867552
-10.985258,-22.334543,1,D8D27F81-4F83-E10A-448A-735447867552
26.48629,21.280699,1,D8D27F81-4F83-E10A-448A-735447867552
26.151628,21.066458,1,D8D27F81-4F83-E10A-448A-735447867552
0.7070593,-5.454329,1,D8D27F81-4F83-E10A-448A-735447867552
0.65303034,-5.475787,1,D8D27F81-4F83-E10A-448A-735447867552
26.317804,20.093113,1,D8D27F81-4F83-E10A-448A-735447867552
26.20487,19.264177,1,D8D27F81-4F83-E10A-448A-735447867552
-11.785923,-40.786213,1,D8D27F81-4F83-E10A-448A-735447867552
-11.672027,-40.710754,1,D8D27F81-4F83-E10A-448A-735447867552
-10.726784,-63.75127,1,D8D27F81-4F83-E10A-448A-735447867552
-11.671695,0.5277372,0,DA2856BC-D181-9AF0-DC9A-99A9444D5579
-48.5495,20.921982,2,DA2856BC-D181-9AF0-DC9A-99A9444D5579
-48.81303,20.94278,2,DA2856BC-D181-9AF0-DC9A-99A9444D5579
-49.72952,20.233828,2,DA2856BC-D181-9AF0-DC9A-99A9444D5579
-34.249485,9.9390955,2,DA2856BC-D181-9AF0-DC9A-99A9444D5579
3.848473,-30.887379,0,DA2856BC-D181-9AF0-DC9A-99A9444D5579
9.229517,6.512537,2,DA2856BC-D181-9AF0-DC9A-99A9444D5579
-28.303032,-27.71798,2,DA2856BC-D181-9AF0-DC9A-99A9444D5579
-46.81365,10.863965,2,DA2856BC-D181-9AF0-DC9A-99A9444D5579
55.71286,36.004673,2,DA2856BC-D181-9AF0-DC9A-99A9444D5579
55.778652,35.78417,2,DA2856BC-D181-9AF0-DC9A-99A9444D5579
55.844063,35.606876,0,DA2856BC-D181-9AF0-DC9A-99A9444D5579
7.4819827,38.843815,2,DA2856BC-D181-9AF0-DC9A-99A9444D5579
-53.767296,-25.432116,0,DA2856BC-D181-9AF0-DC9A-99A9444D5579
-53.72667,-24.4542,0,DA2856BC-D181-9AF0-DC9A-99A9444D5579
-53.866505,-23.822222,2,DA2856BC-D181-9AF0-DC9A-99A9444D5579
-53.701767,-23.823051,2,DA2856BC-D181-9AF0-DC9A-99A9444D5579
-46.749702,16.117285,2,DA2856BC-D181-9AF0-DC9A-99A9444D5579
5.2476063,57.907272,2,DBA0C8C4-AE05-772F-2E53-E6167F8ACB77
5.8225107,58.160725,2,DBA0C8C4-AE05-772F-2E53-E6167F8ACB77
6.2800555,58.403854,0,DBA0C8C4-AE05-772F-2E53-E6167F8ACB77
6.905745,36.32986,0,DBA0C8C4-AE05-772F-2E53-E6167F8ACB77
-28.758467,-28.494358,0,DBA0C8C4-AE05-772F-2E53-E6167F8ACB77
-38.548256,-13.419212,2,DBA0C8C4-AE05-772F-2E53-E6167F8ACB77
-49.974857,-15.607219,2,DBA0C8C4-AE05-772F-2E53-E6167F8ACB77
-9.600935,-14.873001,2,DBA0C8C4-AE05-772F-2E53-E6167F8ACB77
-34.66635,7.1839356,2,DBA0C8C4-AE05-772F-2E53-E6167F8ACB77
7.369057,6.514419,0,DBA0C8C4-AE05-772F-2E53-E6167F8ACB77
6.4270763,7.197703,2,DBA0C8C4-AE05-772F-2E53-E6167F8ACB77
6.351113,7.356107,2,DBA0C8C4-AE05-772F-2E53-E6167F8ACB77
4.567298,28.727682,2,DBA0C8C4-AE05-772F-2E53-E6167F8ACB77
4.526569,28.727243,2,DBA0C8C4-AE05-772F-2E53-E6167F8ACB77
33.756718,25.663202,2,DBA0C8C4-AE05-772F-2E53-E6167F8ACB77
33.732494,25.812687,2,DBA0C8C4-AE05-772F-2E53-E6167F8ACB77
39.95171,34.41837,2,DBA0C8C4-AE05-772F-2E53-E6167F8ACB77
40.302456,35.364853,2,DBA0C8C4-AE05-772F-2E53-E6167F8ACB77
40.293194,35.224915,2,DBA0C8C4-AE05-772F-2E53-E6167F8ACB77
58.50018,-24.45135,0,DBA0C8C4-AE05-772F-2E53-E6167F8ACB77
59.385258,-24.698381,0,DBA0C8C4-AE05-772F-2E53-E6167F8ACB77
59.82361,-25.271523,0,DBA0C8C4-AE05-772F-2E53-E6167F8ACB77
60.149807,-26.307705,0,DBA0C8C4-AE05-772F-2E53-E6167F8ACB77
60.47771,-25.878717,0,DBA0C8C4-AE05-772F-2E53-E6167F8ACB77
-24.830606,16.394907,2,DC0BE0E2-B41E-3D73-47C5-5733952512CB
-24.968374,16.28954,0,DC0BE0E2-B41E-3D73-47C5-5733952512CB
-25.892391,15.638837,0,DC0BE0E2-B41E-3D73-47C5-5733952512CB
-8.184768,-0.23150891,0,DC0BE0E2-B41E-3D73-47C5-5733952512CB
16.482943,29.28127,0,DC0BE0E2-B41E-3D73-47C5-5733952512CB
16.41303,29.220552,0,DC0BE0E2-B41E-3D73-47C5-5733952512CB
33.741943,-9.752006,0,DC0BE0E2-B41E-3D73-47C5-5733952512CB
44.25347,-36.880493,0,DC0BE0E2-B41E-3D73-47C5-5733952512CB
21.837133,-20.74508,0,DC0BE0E2-B41E-3D73-47C5-5733952512CB
21.854809,-20.908108,0,DC0BE0E2-B41E-3D73-47C5-5733952512CB
-21.41121,6.6259685,2,DC0BE0E2-B41E-3D73-47C5-5733952512CB
-26.253702,-11.983121,2,DC0BE0E2-B41E-3D73-47C5-5733952512CB
-48.78115,28.960794,2,DC0BE0E2-B41E-3D73-47C5-5733952512CB
-48.703,29.028196,2,DC0BE0E2-B41E-3D73-47C5-5733952512CB
-10.775374,43.80959,2,DC0BE0E2-B41E-3D73-47C5-5733952512CB
-52.030045,10.1289215,0,DC0BE0E2-B41E-3D73-47C5-5733952512CB
-52.89596,9.164906,0,DC0BE0E2-B41E-3D73-47C5-5733952512CB
-52.96801,9.5081215,0,DC0BE0E2-B41E-3D73-47C5-5733952512CB
54.232292,29.923273,0,DC0BE0E2-B41E-3D73-47C5-5733952512CB
54.31585,29.805399,0,DC0BE0E2-B41E-3D73-47C5-5733952512CB
2.7770705,25.021723,0,DC0BE0E2-B41E-3D73-47C5-5733952512CB
2.8559942,24.967476,0,DC0BE0E2-B41E-3D73-47C5-5733952512CB
27.77316,-17.92278,0,DCB45A10-FAF5-53E0-AB53-2D42AC9BB090
27.412003,-17.966137,0,DCB45A10-FAF5-53E0-AB53-2D42AC9BB090
26.756525,-17.944408,2,DCB45A10-FAF5-53E0-AB53-2D42AC9BB090
15.837493,-2.0366077,2,DCB45A10-FAF5-53E0-AB53-2D42AC9BB090
15.847456,-2.0707302,2,DCB45A10-FAF5-53E0-AB53-2D42AC9BB090
26.577923,32.787956,0,DCB45A10-FAF5-53E0-AB53-2D42AC9BB090
40.247185,-36.878754,0,DCB45A10-FAF5-53E0-AB53-2D42AC9BB090
47.808037,-10.672974,0,DCB45A10-FAF5-53E0-AB53-2D42AC9BB090
47.870697,-10.827156,0,DCB45A10-FAF5-53E0-AB53-2D42AC9BB090
48.443512,-10.59206,0,DCB45A10-FAF5-53E0-AB53-2D42AC9BB090
48.38581,-9.827729,0,DCB45A10-FAF5-53E0-AB53-2D42AC9BB090
-20.002487,-28.822653,1,DCB45A10-FAF5-53E0-AB53-2D42AC9BB090
-50.67525,5.0800104,2,DCB45A10-FAF5-53E0-AB53-2D42AC9BB090
-50.72797,5.554238,1,DCB45A10-FAF5-53E0-AB53-2D42AC9BB090
-50.85893,5.9740963,0,DCB45A10-FAF5-53E0-AB53-2D42AC9BB090
-51.75071,11.73662,0,DCB45A10-FAF5-53E0-AB53-2D42AC9BB090
1.1013223,57.763325,0,DCB45A10-FAF5-53E0-AB53-2D42AC9BB090
41.84941,-1.957539,0,DCB45A10-FAF5-53E0-AB53-2D42AC9BB090
25.344963,23.732468,1,DCB45A10-FAF5-53E0-AB53-2D42AC9BB090
25.386724,23.75003,1,DCB45A10-FAF5-53E0-AB53-2D42AC9BB090
41.556217,31.990429,1,DCB45A10-FAF5-53E0-AB53-2D42AC9BB090
41.54595,32.04076,1,DCB45A10-FAF5-53E0-AB53-2D42AC9BB090
2.2146487,-32.895885,1,DCB45A10-FAF5-53E0-AB53-2D42AC9BB090
-15.318528,-56.871952,1,DCB45A10-FAF5-53E0-AB53-2D42AC9BB090
45.584846,35.09174,0,DD956DE9-DEFB-C0C6-82B4-C639A17D6782
45.676895,35.522663,0,DD956DE9-DEFB-C0C6-82B4-C639A17D6782
45.841816,36.034348,0,DD956DE9-DEFB-C0C6-82B4-C639A17D6782
-72.000046,9.410367,0,DD956DE9-DEFB-C0C6-82B4-C639A17D6782
-59.61449,18.657446,0,DD956DE9-DEFB-C0C6-82B4-C639A17D6782
-18.52893,30.078182,0,DD956DE9-DEFB-C0C6-82B4-C639A17D6782
51.843967,-33.21559,0,DD956DE9-DEFB-C0C6-82B4-C639A17D6782
51.83831,-33.20733,0,DD956DE9-DEFB-C0C6-82B4-C639A17D6782
8.27351,-15.814325,0,DD956DE9-DEFB-C0C6-82B4-C639A17D6782
-21.721775,-19.877302,1,DD956DE9-DEFB-C0C6-82B4-C639A17D6782
-17.106485,-23.419668,1,DD956DE9-DEFB-C0C6-82B4-C639A17D6782
-17.237171,-23.513468,1,DD956DE9-DEFB-C0C6-82B4-C639A17D6782
31.295359,-24.264345,2,DD956DE9-DEFB-C0C6-82B4-C639A17D6782
1.3403137,-21.387493,2,DD956DE9-DEFB-C0C6-82B4-C639A17D6782
1.3020635,-21.44743,2,DD956DE9-DEFB-C0C6-82B4-C639A17D6782
18.169243,10.717904,2,DD956DE9-DEFB-C0C6-82B4-C639A17D6782
17.888132,11.246117,2,DD956DE9-DEFB-C0C6-82B4-C639A17D6782
17.786251,11.41632,1,DD956DE9-DEFB-C0C6-82B4-C639A17D6782
17.278723,7.556595,0,DD956DE9-DEFB-C0C6-82B4-C639A17D6782
-15.282444,-21.926058,2,DD956DE9-DEFB-C0C6-82B4-C639A17D6782
-15.554743,-21.96421,2,DD956DE9-DEFB-C0C6-82B4-C639A17D6782
4.1833177,56.019634,2,DE775A65-68D5-C477-E2F7-BCC1AEF0B850
4.2563453,56.000877,2,DE775A65-68D5-C477-E2F7-BCC1AEF0B850
-35.712505,32.48986,2,DE775A65-68D5-C477-E2F7-BCC1AEF0B850
-30.711744,0.29014987,2,DE775A65-68D5-C477-E2F7-BCC1AEF0B850
-29.957653,0.3278699,2,DE775A65-68D5-C477-E2F7-BCC1AEF0B850
-38.868103,-11.057201,2,DE775A65-68D5-C477-E2F7-BCC1AEF0B850
-46.75692,-15.195808,2,DE775A65-68D5-C477-E2F7-BCC1AEF0B850
-12.534607,12.751359,2,DE775A65-68D5-C477-E2F7-BCC1AEF0B850
-12.518787,12.845944,2,DE775A65-68D5-C477-E2F7-BCC1AEF0B850
6.226262,39.000023,2,DE775A65-68D5-C477-E2F7-BCC1AEF0B850
22.276815,-9.077856,0,DE775A65-68D5-C477-E2F7-BCC1AEF0B850
21.717674,-8.386588,0,DE775A65-68D5-C477-E2F7-BCC1AEF0B850
21.690907,-8.290711,2,DE775A65-68D5-C477-E2F7-BCC1AEF0B850
10.957761,-2.6535833,2,DE775A65-68D5-C477-E2F7-BCC1AEF0B850
42.27847,-45.218018,2,DE775A65-68D5-C477-E2F7-BCC1AEF0B850
41.547314,-45.803482,0,DE775A65-68D5-C477-E2F7-BCC1AEF0B850
41.60307,-45.777054,0,DE775A65-68D5-C477-E2F7-BCC1AEF0B850
41.384945,-45.94972,0,DE775A65-68D5-C477-E2F7-BCC1AEF0B850
-42.273468,23.752909,2,DE775A65-68D5-C477-E2F7-BCC1AEF0B850
60.34472,-27.455872,2,DE775A65-68D5-C477-E2F7-BCC1AEF0B850
23.571634,-42.053047,2,DE775A65-68D5-C477-E2F7-BCC1AEF0B850
48.316624,-6.0996375,2,DE775A65-68D5-C477-E2F7-BCC1AEF0B850
47.865055,-5.513561,2,DE775A65-68D5-C477-E2F7-BCC1AEF0B850
-41.160313,40.295845,2,DE775A65-68D5-C477-E2F7-BCC1AEF0B850
-11.088386,-51.732483,2,DF62EF03-DA30-E70A-CA31-03A029C9610A
-10.47763,-51.446995,2,DF62EF03-DA30-E70A-CA31-03A029C9610A
-9.049395,-47.923428,2,DF62EF03-DA30-E70A-CA31-03A029C9610A
-9.0414915,-47.781746,2,DF62EF03-DA30-E70A-CA31-03A029C9610A
-53.06324,-3.232416,2,DF62EF03-DA30-E70A-CA31-03A029C9610A
-54.043835,26.316435,2,DF62EF03-DA30-E70A-CA31-03A029C9610A
42.054058,-7.48502,2,DF62EF03-DA30-E70A-CA31-03A029C9610A
23.876862,-26.825539,2,DF62EF03-DA30-E70A-CA31-03A029C9610A
12.891438,-15.844116,2,DF62EF03-DA30-E70A-CA31-03A029C9610A
24.603046,-26.62904,2,DF62EF03-DA30-E70A-CA31-03A029C9610A
25.387466,-26.73501,0,DF62EF03-DA30-E70A-CA31-03A029C9610A
48.868683,-27.618084,0,DF62EF03-DA30-E70A-CA31-03A029C9610A
-18.853796,-50.044163,1,DF62EF03-DA30-E70A-CA31-03A029C9610A
-12.517848,-57.45234,1,DF62EF03-DA30-E70A-CA31-03A029C9610A
-12.18215,-57.68638,1,DF62EF03-DA30-E70A-CA31-03A029C9610A
-11.145621,-57.77302,1,DF62EF03-DA30-E70A-CA31-03A029C9610A
11.855949,-52.64996,1,DF62EF03-DA30-E70A-CA31-03A029C9610A
-70.43129,22.755053,1,DF62EF03-DA30-E70A-CA31-03A029C9610A
60.494427,-0.14985907,2,DF62EF03-DA30-E70A-CA31-03A029C9610A
56.749763,17.590227,2,DF62EF03-DA30-E70A-CA31-03A029C9610A
12.699129,34.96096,2,DF62EF03-DA30-E70A-CA31-03A029C9610A
-21.541622,24.566635,2,DF62EF03-DA30-E70A-CA31-03A029C9610A
-21.499424,24.418238,0,DF62EF03-DA30-E70A-CA31-03A029C9610A
17.574533,-47.09559,0,DF62EF03-DA30-E70A-CA31-03A029C9610A
-34.299362,18.561134,0,DF62EF03-DA30-E70A-CA31-03A029C9610A
8.442992,-6.3547792,0,DF62EF03-DA30-E70A-CA31-03A029C9610A
8.762047,-6.8913693,0,DF62EF03-DA30-E70A-CA31-03A029C9610A
9.384992,-7.387305,0,DF62EF03-DA30-E70A-CA31-03A029C9610A
9.162373,-7.4071403,0,DF62EF03-DA30-E70A-CA31-03A029C9610A
8.005167,-56.735516,0,DF62EF03-DA30-E70A-CA31-03A029C9610A
-67.66442,37.700104,0,E3489F9E-39E2-47B9-24EF-BAACE1438D00
-67.803856,37.381523,0,E3489F9E-39E2-47B9-24EF-BAACE1438D00
-67.96733,36.96629,0,E3489F9E-39E2-47B9-24EF-BAACE1438D00
-54.703857,-10.420972,0,E3489F9E-39E2-47B9-24EF-BAACE1438D00
-54.807415,-10.2578335,2,E3489F9E-39E2-47B9-24EF-BAACE1438D00
-59.691513,22.726805,2,E3489F9E-39E2-47B9-24EF-BAACE1438D00
-13.013841,-67.29225,1,E3489F9E-39E2-47B9-24EF-BAACE1438D00
-12.98099,-67.25349,1,E3489F9E-39E2-47B9-24EF-BAACE1438D00
-12.638903,-60.1609,1,E3489F9E-39E2-47B9-24EF-BAACE1438D00
-15.665588,-40.992844,1,E3489F9E-39E2-47B9-24EF-BAACE1438D00
-15.481766,-41.010075,1,E3489F9E-39E2-47B9-24EF-BAACE1438D00
-14.083071,-39.876133,1,E3489F9E-39E2-47B9-24EF-BAACE1438D00
-4.963407,-62.657578,1,E3489F9E-39E2-47B9-24EF-BAACE1438D00
13.073934,-51.559944,1,E3489F9E-39E2-47B9-24EF-BAACE1438D00
13.935836,-51.46707,1,E3489F9E-39E2-47B9-24EF-BAACE1438D00
9.960118,-46.124516,1,E3489F9E-39E2-47B9-24EF-BAACE1438D00
9.9821205,-46.11374,1,E3489F9E-39E2-47B9-24EF-BAACE1438D00
-18.587606,-48.028255,1,E3489F9E-39E2-47B9-24EF-BAACE1438D00
-48.000687,-11.269104,2,E49C1269-8AB7-8C8F-FC88-AA92C2F1E260
-49.210293,-11.5541725,2,E49C1269-8AB7-8C8F-FC88-AA92C2F1E260
-49.631275,-11.631649,2,E49C1269-8AB7-8C8F-FC88-AA92C2F1E260
-49.40639,-12.038581,0,E49C1269-8AB7-8C8F-FC88-AA92C2F1E260
-29.553604,-26.05884,2,E49C1269-8AB7-8C8F-FC88-AA92C2F1E260
2.4094875,-36.53518,2,E49C1269-8AB7-8C8F-FC88-AA92C2F1E260
-68.83425,1.2821238,0,E49C1269-8AB7-8C8F-FC88-AA92C2F1E260
-68.86175,1.4757941,0,E49C1269-8AB7-8C8F-FC88-AA92C2F1E260
-68.8719,2.3255122,0,E49C1269-8AB7-8C8F-FC88-AA92C2F1E260
-68.85858,2.8967762,0,E49C1269-8AB7-8C8F-FC88-AA92C2F1E260
51.036217,31.660036,0,E49C1269-8AB7-8C8F-FC88-AA92C2F1E260
51.03828,31.670866,0,E49C1269-8AB7-8C8F-FC88-AA92C2F1E260
48.910404,-31.181652,0,E49C1269-8AB7-8C8F-FC88-AA92C2F1E260
42.8924,16.633512,0,E49C1269-8AB7-8C8F-FC88-AA92C2F1E260
42.876663,16.597998,0,E49C1269-8AB7-8C8F-FC88-AA92C2F1E260
42.940144,15.808446,2,E49C1269-8AB7-8C8F-FC88-AA92C2F1E260
68.136765,-10.841949,2,E49C1269-8AB7-8C8F-FC88-AA92C2F1E260
68.26069,-10.632967,2,E49C1269-8AB7-8C8F-FC88-AA92C2F1E260
72.42888,-5.036307,0,E49C1269-8AB7-8C8F-FC88-AA92C2F1E260
72.386505,-5.0497985,0,E49C1269-8AB7-8C8F-FC88-AA92C2F1E260
12.839274,57.122196,2,E49C1269-8AB7-8C8F-FC88-AA92C2F1E260
-36.05995,44.324196,2,E49C1269-8AB7-8C8F-FC88-AA92C2F1E260
-36.138424,44.408966,2,E49C1269-8AB7-8C8F-FC88-AA92C2F1E260
-56.550877,14.441811,2,E49C1269-8AB7-8C8F-FC88-AA92C2F1E260
-73.22013,15.137955,2,E5CCE6B3-2C6E-BE96-602F-3852C8614777
-73.13488,14.985117,2,E5CCE6B3-2C6E-BE96-602F-3852C8614777
-72.78911,14.201143,2,E5CCE6B3-2C6E-BE96-602F-3852C8614777
-6.0743885,59.120907,2,E5CCE6B3-2C6E-BE96-602F-3852C8614777
-5.9330134,58.54389,2,E5CCE6B3-2C6E-BE96-602F-3852C8614777
-6.074778,58.26533,2,E5CCE6B3-2C6E-BE96-602F-3852C8614777
56.68607,-15.530195,1,E5CCE6B3-2C6E-BE96-602F-3852C8614777
33.878952,-35.45895,1,E5CCE6B3-2C6E-BE96-602F-3852C8614777
16.526852,-46.4076,2,E5CCE6B3-2C6E-BE96-602F-3852C8614777
-16.71194,45.451168,2,E5CCE6B3-2C6E-BE96-602F-3852C8614777
-15.97307,45.639874,2,E5CCE6B3-2C6E-BE96-602F-3852C8614777
-56.053032,27.105661,2,E5CCE6B3-2C6E-BE96-602F-3852C8614777
68.90203,-0.17605409,0,E5CCE6B3-2C6E-BE96-602F-3852C8614777
25.308775,-35.76741,2,E5CCE6B3-2C6E-BE96-602F-3852C8614777
51.369198,-14.308006,2,E5CCE6B3-2C6E-BE96-602F-3852C8614777
26.950048,-37.148773,2,E5CCE6B3-2C6E-BE96-602F-3852C8614777
-12.489843,24.392282,2,E5CCE6B3-2C6E-BE96-602F-3852C8614777
-12.531933,24.357407,2,E5CCE6B3-2C6E-BE96-602F-3852C8614777
49.237167,12.17961,2,E5CCE6B3-2C6E-BE96-602F-3852C8614777
48.83137,12.61512,2,E5CCE6B3-2C6E-BE96-602F-3852C8614777
48.764782,12.811769,2,E5CCE6B3-2C6E-BE96-602F-3852C8614777
48.038372,14.342697,2,E5CCE6B3-2C6E-BE96-602F-3852C8614777
47.898342,14.477825,0,E5CCE6B3-2C6E-BE96-602F-3852C8614777
67.687996,10.226516,0,E5CCE6B3-2C6E-BE96-602F-3852C8614777
-7.3148894,34.7696,2,E5F96AC5-AE7E-C4E8-8288-FB2674F43704
-7.3389473,34.655563,2,E5F96AC5-AE7E-C4E8-8288-FB2674F43704
-7.3319745,33.129368,2,E5F96AC5-AE7E-C4E8-8288-FB2674F43704
-6.645913,33.236485,2,E5F96AC5-AE7E-C4E8-8288-FB2674F43704
-6.989437,32.680653,2,E5F96AC5-AE7E-C4E8-8288-FB2674F43704
-25.025894,-7.633432,2,E5F96AC5-AE7E-C4E8-8288-FB2674F43704
-74.235954,9.873759,2,E5F96AC5-AE7E-C4E8-8288-FB2674F43704
-63.443157,19.121435,2,E5F96AC5-AE7E-C4E8-8288-FB2674F43704
3.271157,45.140545,2,E5F96AC5-AE7E-C4E8-8288-FB2674F43704
3.3484156,45.050896,1,E5F96AC5-AE7E-C4E8-8288-FB2674F43704
-30.458525,-31.341028,1,E5F96AC5-AE7E-C4E8-8288-FB2674F43704
-17.967066,-59.281044,1,E5F96AC5-AE7E-C4E8-8288-FB2674F43704
-34.58595,1.2972602,2,E5F96AC5-AE7E-C4E8-8288-FB2674F43704
-34.517998,1.1872574,2,E5F96AC5-AE7E-C4E8-8288-FB2674F43704
-40.10289,4.4161806,2,E5F96AC5-AE7E-C4E8-8288-FB2674F43704
-39.910324,4.3409495,2,E5F96AC5-AE7E-C4E8-8288-FB2674F43704
-62.500175,22.509254,2,E5F96AC5-AE7E-C4E8-8288-FB2674F43704
-9.15181,55.28754,2,E5F96AC5-AE7E-C4E8-8288-FB2674F43704
-17.023348,-43.56228,2,E5F96AC5-AE7E-C4E8-8288-FB2674F43704
13.169992,-25.262709,2,E5F96AC5-AE7E-C4E8-8288-FB2674F43704
-17.150826,-43.625404,2,E5F96AC5-AE7E-C4E8-8288-FB2674F43704
4.4934645,-51.277405,0,E5F96AC5-AE7E-C4E8-8288-FB2674F43704
4.4798136,-51.279957,0,E5F96AC5-AE7E-C4E8-8288-FB2674F43704
-17.966349,-29.255318,0,E5F96AC5-AE7E-C4E8-8288-FB2674F43704
-24.592453,-46.13122,0,E5F96AC5-AE7E-C4E8-8288-FB2674F43704
-71.27505,5.6433153,0,E5F96AC5-AE7E-C4E8-8288-FB2674F43704
-71.24563,5.611095,2,E5F96AC5-AE7E-C4E8-8288-FB2674F43704
-51.772144,-11.639265,2,E5F96AC5-AE7E-C4E8-8288-FB2674F43704
-37.74548,1.5637925,2,E5F96AC5-AE7E-C4E8-8288-FB2674F43704
-37.567642,1.4321853,2,E5F96AC5-AE7E-C4E8-8288-FB2674F43704
-20.652578,-32.565704,2,EA788550-E907-E4AC-EAE4-82CC26723E3B
-21.066286,-32.246044,2,EA788550-E907-E4AC-EAE4-82CC26723E3B
-21.355356,-32.033344,2,EA788550-E907-E4AC-EAE4-82CC26723E3B
-21.880636,-31.569935,2,EA788550-E907-E4AC-EAE4-82CC26723E3B
-34.512478,-13.910146,0,EA788550-E907-E4AC-EAE4-82CC26723E3B
-35.021324,-13.256031,2,EA788550-E907-E4AC-EAE4-82CC26723E3B
-37.552666,-1.4542714,2,EA788550-E907-E4AC-EAE4-82CC26723E3B
-37.532597,-1.6367897,2,EA788550-E907-E4AC-EAE4-82CC26723E3B
-52.898563,-17.399994,2,EA788550-E907-E4AC-EAE4-82CC26723E3B
-52.76003,-17.569323,2,EA788550-E907-E4AC-EAE4-82CC26723E3B
-36.847946,-0.81512946,2,EA788550-E907-E4AC-EAE4-82CC26723E3B
-35.9724,-0.757853,2,EA788550-E907-E4AC-EAE4-82CC26723E3B
-1.62736,56.24605,2,EA788550-E907-E4AC-EAE4-82CC26723E3B
32.90564,18.850773,2,EA788550-E907-E4AC-EAE4-82CC26723E3B
32.904346,18.862768,2,EA788550-E907-E4AC-EAE4-82CC26723E3B
-12.672553,-19.18893,2,EA788550-E907-E4AC-EAE4-82CC26723E3B
-12.698568,-19.08317,2,EA788550-E907-E4AC-EAE4-82CC26723E3B
-3.8306394,-59.526596,2,EA788550-E907-E4AC-EAE4-82CC26723E3B
3.2423675,3.0368278,2,EA788550-E907-E4AC-EAE4-82CC26723E3B
3.255944,3.4051056,2,EA788550-E907-E4AC-EAE4-82CC26723E3B
3.1560168,4.245927,2,EA788550-E907-E4AC-EAE4-82CC26723E3B
-1.4490596,-34.84675,2,EA788550-E907-E4AC-EAE4-82CC26723E3B
-34.971012,-22.163351,2,EA788550-E907-E4AC-EAE4-82CC26723E3B
-35.20778,-21.77643,2,EA788550-E907-E4AC-EAE4-82CC26723E3B
-31.170418,-13.168874,2,EA788550-E907-E4AC-EAE4-82CC26723E3B
-31.125769,-13.203076,2,EA788550-E907-E4AC-EAE4-82CC26723E3B
-16.059708,-60.65569,2,EA788550-E907-E4AC-EAE4-82CC26723E3B
-15.666919,-60.942055,2,EA788550-E907-E4AC-EAE4-82CC26723E3B
33.536213,-1.8871323,2,EA788550-E907-E4AC-EAE4-82CC26723E3B
13.8164835,34.282516,2,EA788550-E907-E4AC-EAE4-82CC26723E3B
-16.90673,51.63173,2,EC6E2525-212C-1C3A-0B73-74D1B45748E1
-17.060566,50.675385,2,EC6E2525-212C-1C3A-0B73-74D1B45748E1
-16.472332,50.45468,2,EC6E2525-212C-1C3A-0B73-74D1B45748E1
-16.329319,50.469803,2,EC6E2525-212C-1C3A-0B73-74D1B45748E1
17.54438,56.574806,2,EC6E2525-212C-1C3A-0B73-74D1B45748E1
17.58607,56.65911,2,EC6E2525-212C-1C3A-0B73-74D1B45748E1
7.2586675,-53.61543,1,EC6E2525-212C-1C3A-0B73-74D1B45748E1
7.3788486,-53.569275,0,EC6E2525-212C-1C3A-0B73-74D1B45748E1
19.74953,-39.169964,0,EC6E2525-212C-1C3A-0B73-74D1B45748E1
4.656497,-28.363194,0,EC6E2525-212C-1C3A-0B73-74D1B45748E1
37.148163,-15.089618,0,EC6E2525-212C-1C3A-0B73-74D1B45748E1
37.218338,-15.040286,0,EC6E2525-212C-1C3A-0B73-74D1B45748E1
57.62731,27.21984,2,EC6E2525-212C-1C3A-0B73-74D1B45748E1
57.412704,27.239464,2,EC6E2525-212C-1C3A-0B73-74D1B45748E1
57.007324,26.339222,1,EC6E2525-212C-1C3A-0B73-74D1B45748E1
56.726517,26.298393,1,EC6E2525-212C-1C3A-0B73-74D1B45748E1
62.919594,10.68195,1,EC6E2525-212C-1C3A-0B73-74D1B45748E1
22.74826,-43.131634,1,EC6E2525-212C-1C3A-0B73-74D1B45748E1
-3.9438345,56.690384,2,EE62AFCD-B47D-E676-0257-21F92CB612D8
-3.591673,56.74935,2,EE62AFCD-B47D-E676-0257-21F92CB612D8
-1.1569399,58.353344,2,EE62AFCD-B47D-E676-0257-21F92CB612D8
-0.87559766,58.34471,2,EE62AFCD-B47D-E676-0257-21F92CB612D8
-2.2711186,58.362736,2,EE62AFCD-B47D-E676-0257-21F92CB612D8
-2.6400945,58.355404,2,EE62AFCD-B47D-E676-0257-21F92CB612D8
-34.56176,22.962086,0,EE62AFCD-B47D-E676-0257-21F92CB612D8
-53.314068,20.90883,0,EE62AFCD-B47D-E676-0257-21F92CB612D8
-53.367092,20.906185,0,EE62AFCD-B47D-E676-0257-21F92CB612D8
29.479805,19.428661,0,EE62AFCD-B47D-E676-0257-21F92CB612D8
29.506218,19.317345,0,EE62AFCD-B47D-E676-0257-21F92CB612D8
7.3081007,53.69858,0,EE62AFCD-B47D-E676-0257-21F92CB612D8
-49.553288,18.51856,2,EE62AFCD-B47D-E676-0257-21F92CB612D8
-35.85503,28.291973,0,EE62AFCD-B47D-E676-0257-21F92CB612D8
-15.246968,30.316282,0,EE62AFCD-B47D-E676-0257-21F92CB612D8
46.2291,-7.826957,0,EE62AFCD-B47D-E676-0257-21F92CB612D8
51.65694,-15.708226,0,EE62AFCD-B47D-E676-0257-21F92CB612D8
57.46095,-22.32152,0,EE62AFCD-B47D-E676-0257-21F92CB612D8
-50.58226,-2.5006082,2,EE62AFCD-B47D-E676-0257-21F92CB612D8
-32.80629,-18.39837,2,EE62AFCD-B47D-E676-0257-21F92CB612D8
-32.432747,-18.298504,0,EE62AFCD-B47D-E676-0257-21F92CB612D8
-25.483156,-26.363266,0,EE62AFCD-B47D-E676-0257-21F92CB612D8
-25.480175,-26.231451,0,EE62AFCD-B47D-E676-0257-21F92CB612D8
-4.7622356,-44.81334,2,EE62AFCD-B47D-E676-0257-21F92CB612D8
40.165127,27.085838,2,F1430977-52AF-4F46-BF92-0A8D736CBD2B
5.4904594,21.465694,2,F1430977-52AF-4F46-BF92-0A8D736CBD2B
6.595079,22.216461,2,F1430977-52AF-4F46-BF92-0A8D736CBD2B
6.3695006,22.184746,2,F1430977-52AF-4F46-BF92-0A8D736CBD2B
-42.447212,30.059448,2,F1430977-52AF-4F46-BF92-0A8D736CBD2B
-8.5093775,53.907677,2,F1430977-52AF-4F46-BF92-0A8D736CBD2B
4.17009,52.955547,2,F752B62E-E95F-A65D-4CB2-8B0252E15F08
-24.712292,45.86042,2,F752B62E-E95F-A65D-4CB2-8B0252E15F08
4.630402,53.064728,2,F752B62E-E95F-A65D-4CB2-8B0252E15F08
45.215042,-2.525902,2,F752B62E-E95F-A65D-4CB2-8B0252E15F08
45.090775,-2.666041,1,F752B62E-E95F-A65D-4CB2-8B0252E15F08
7.0145016,13.330695,0,F752B62E-E95F-A65D-4CB2-8B0252E15F08
-24.40975,20.322489,2,F752B62E-E95F-A65D-4CB2-8B0252E15F08
-24.292585,20.333181,2,F752B62E-E95F-A65D-4CB2-8B0252E15F08
-38.482483,33.81146,2,F752B62E-E95F-A65D-4CB2-8B0252E15F08
27.990662,39.50759,2,F752B62E-E95F-A65D-4CB2-8B0252E15F08
27.535519,39.668087,2,F752B62E-E95F-A65D-4CB2-8B0252E15F08
27.7489,39.619774,0,F752B62E-E95F-A65D-4CB2-8B0252E15F08
41.311424,9.968554,0,F752B62E-E95F-A65D-4CB2-8B0252E15F08
41.68298,9.802981,0,F752B62E-E95F-A65D-4CB2-8B0252E15F08
12.595231,25.902647,0,F752B62E-E95F-A65D-4CB2-8B0252E15F08
10.30988,26.954212,0,F752B62E-E95F-A65D-4CB2-8B0252E15F08
10.262191,26.980122,2,F752B62E-E95F-A65D-4CB2-8B0252E15F08
10.219032,27.021593,2,F752B62E-E95F-A65D-4CB2-8B0252E15F08
-11.982565,50.31948,2,F752B62E-E95F-A65D-4CB2-8B0252E15F08
-11.236597,50.203617,0,F752B62E-E95F-A65D-4CB2-8B0252E15F08
-11.075049,50.21743,0,F752B62E-E95F-A65D-4CB2-8B0252E15F08
1.7713346,48.153915,0,F752B62E-E95F-A65D-4CB2-8B0252E15F08
1.5305321,48.046974,0,F752B62E-E95F-A65D-4CB2-8B0252E15F08
-37.535286,-25.036383,0,F752B62E-E95F-A65D-4CB2-8B0252E15F08
52.965904,-0.15024617,2,F752B62E-E95F-A65D-4CB2-8B0252E15F08
52.671688,-0.639607,2,F752B62E-E95F-A65D-4CB2-8B0252E15F08
52.17541,-0.4877394,2,F752B62E-E95F-A65D-4CB2-8B0252E15F08
52.29441,-1.2166014,2,F752B62E-E95F-A65D-4CB2-8B0252E15F08
32.46565,-22.966475,0,F752B62E-E95F-A65D-4CB2-8B0252E15F08
33.747833,-22.157364,0,F752B62E-E95F-A65D-4CB2-8B0252E15F08
34.153355,-21.835335,0,F752B62E-E95F-A65D-4CB2-8B0252E15F08
34.087234,-21.79666,0,F752B62E-E95F-A65D-4CB2-8B0252E15F08
18.102217,-33.261436,2,F752B62E-E95F-A65D-4CB2-8B0252E15F08
43.186844,30.488853,0,F752B62E-E95F-A65D-4CB2-8B0252E15F08
-35.726345,11.752911,0,F752B62E-E95F-A65D-4CB2-8B0252E15F08
-13.210856,-0.15281485,0,F752B62E-E95F-A65D-4CB2-8B0252E15F08
39.08595,-12.558045,1,FB3409F8-2ADE-757A-A1A5-DC1BBBD1131A
42.54322,4.5291257,1,FB3409F8-2ADE-757A-A1A5-DC1BBBD1131A
42.524574,4.600494,1,FB3409F8-2ADE-757A-A1A5-DC1BBBD1131A
52.57298,2.8258674,1,FB3409F8-2ADE-757A-A1A5-DC1BBBD1131A
8.87285,39.10757,1,FB3409F8-2ADE-757A-A1A5-DC1BBBD1131A
8.773001,39.17393,1,FB3409F8-2ADE-757A-A1A5-DC1BBBD1131A
-65.47359,14.62641,1,FB3409F8-2ADE-757A-A1A5-DC1BBBD1131A
-65.77258,14.212412,1,FB3409F8-2ADE-757A-A1A5-DC1BBBD1131A
-65.70915,13.170398,1,FB3409F8-2ADE-757A-A1A5-DC1BBBD1131A
-28.837029,-23.69617,1,FB3409F8-2ADE-757A-A1A5-DC1BBBD1131A
18.788828,-56.882896,1,FB3409F8-2ADE-757A-A1A5-DC1BBBD1131A
18.726135,-56.7801,1,FB3409F8-2ADE-757A-A1A5-DC1BBBD1131A
8.0307045,-44.404003,1,FB3409F8-2ADE-757A-A1A5-DC1BBBD1131A
37.355816,-3.838263,1,FB3409F8-2ADE-757A-A1A5-DC1BBBD1131A
9.208639,-18.0312,1,FB3409F8-2ADE-757A-A1A5-DC1BBBD1131A
9.361889,-18.24601,1,FB3409F8-2ADE-757A-A1A5-DC1BBBD1131A
9.937487,-18.708614,1,FB3409F8-2ADE-757A-A1A5-DC1BBBD1131A
7.7053566,-38.33377,1,FB3409F8-2ADE-757A-A1A5-DC1BBBD1131A
-12.678865,-52.082066,1,FB70D507-2F2A-0F83-3B53-75EB8452F5E0
-10.557462,-45.73386,0,FB70D507-2F2A-0F83-3B53-75EB8452F5E0
50.706673,-13.932605,0,FB70D507-2F2A-0F83-3B53-75EB8452F5E0
4.849707,-25.98035,0,FB70D507-2F2A-0F83-3B53-75EB8452F5E0
-53.271908,17.575853,2,FB70D507-2F2A-0F83-3B53-75EB8452F5E0
-53.28351,17.613787,2,FB70D507-2F2A-0F83-3B53-75EB8452F5E0
21.960783,25.84008,0,FB70D507-2F2A-0F83-3B53-75EB8452F5E0
21.77817,25.815569,0,FB70D507-2F2A-0F83-3B53-75EB8452F5E0
-15.950965,-9.561693,2,FB70D507-2F2A-0F83-3B53-75EB8452F5E0
-16.001488,-9.9068365,2,FB70D507-2F2A-0F83-3B53-75EB8452F5E0
-15.9591465,-10.664051,2,FB70D507-2F2A-0F83-3B53-75EB8452F5E0
-15.679242,-10.656304,2,FB70D507-2F2A-0F83-3B53-75EB8452F5E0
-50.04416,-5.3051558,2,FB70D507-2F2A-0F83-3B53-75EB8452F5E0
-49.59033,-5.3254194,2,FB70D507-2F2A-0F83-3B53-75EB8452F5E0
-49.006706,-5.1474977,2,FB70D507-2F2A-0F83-3B53-75EB8452F5E0
-0.17051256,-53.406265,2,FB70D507-2F2A-0F83-3B53-75EB8452F5E0
53.304455,-17.702545,2,FB70D507-2F2A-0F83-3B53-75EB8452F5E0
58.089615,-22.912857,0,FB70D507-2F2A-0F83-3B53-75EB8452F5E0
-37.23757,-36.25876,2,FB70D507-2F2A-0F83-3B53-75EB8452F5E0
-37.2569,-36.264835,2,FB70D507-2F2A-0F83-3B53-75EB8452F5E0
-8.886762,-70.13238,2,FB70D507-2F2A-0F83-3B53-75EB8452F5E0
-10.016177,-70.03544,0,FB70D507-2F2A-0F83-3B53-75EB8452F5E0
-10.651435,-70.02001,0,FB70D507-2F2A-0F83-3B53-75EB8452F5E0
-11.229255,-70.01635,0,FB70D507-2F2A-0F83-3B53-75EB8452F5E0
25.658161,34.395447,2,FC50071B-D2BA-C98B-AC6E-7339010D56DA
25.644817,34.455788,2,FC50071B-D2BA-C98B-AC6E-7339010D56DA
-6.442091,-2.1890216,2,FC50071B-D2BA-C98B-AC6E-7339010D56DA
-6.8179736,-2.4907467,2,FC50071B-D2BA-C98B-AC6E-7339010D56DA
-15.259263,35.564693,2,FC50071B-D2BA-C98B-AC6E-7339010D56DA
-34.829926,-8.549669,2,FC50071B-D2BA-C98B-AC6E-7339010D56DA
-59.698742,21.9083,2,FC50071B-D2BA-C98B-AC6E-7339010D56DA
-45.33121,-23.361738,2,FC50071B-D2BA-C98B-AC6E-7339010D56DA
-45.699265,-22.699541,2,FC50071B-D2BA-C98B-AC6E-7339010D56DA
-45.792984,-22.046785,2,FC50071B-D2BA-C98B-AC6E-7339010D56DA
-46.160103,-21.372646,2,FC50071B-D2BA-C98B-AC6E-7339010D56DA
-75.84215,20.086493,2,FC50071B-D2BA-C98B-AC6E-7339010D56DA
-52.84829,3.3593097,2,FC50071B-D2BA-C98B-AC6E-7339010D56DA
31.20921,-30.572157,2,FC50071B-D2BA-C98B-AC6E-7339010D56DA
30.876833,-30.314005,2,FC50071B-D2BA-C98B-AC6E-7339010D56DA
30.51822,-29.84778,2,FC50071B-D2BA-C98B-AC6E-7339010D56DA
-6.438615,8.382852,2,FC50071B-D2BA-C98B-AC6E-7339010D56DA
21.08028,30.148087,1,FC50071B-D2BA-C98B-AC6E-7339010D56DA
48.792927,18.006693,2,FC50071B-D2BA-C98B-AC6E-7339010D56DA
48.847717,17.969875,2,FC50071B-D2BA-C98B-AC6E-7339010D56DA
65.04176,-11.055487,2,FC50071B-D2BA-C98B-AC6E-7339010D56DA
65.351074,-10.475853,1,FC50071B-D2BA-C98B-AC6E-7339010D56DA
65.34032,-10.832333,1,FC50071B-D2BA-C98B-AC6E-7339010D56DA
-2.9430974,-60.81638,1,FC50071B-D2BA-C98B-AC6E-7339010D56DA
-1.876096,-4.999543,0,FC66D29E-8CD8-AE29-A071-33549272C1EE
-4.029118,29.525202,0,FC66D29E-8CD8-AE29-A071-33549272C1EE
-43.939617,12.667475,0,FC66D29E-8CD8-AE29-A071-33549272C1EE
-7.883995,-13.132834,2,FC66D29E-8CD8-AE29-A071-33549272C1EE
-7.9075284,-13.201075,2,FC66D29E-8CD8-AE29-A071-33549272C1EE
-17.713474,6.906441,2,FC66D29E-8CD8-AE29-A071-33549272C1EE
-17.827229,7.428153,0,FC66D29E-8CD8-AE29-A071-33549272C1EE
-17.932436,7.6669335,0,FC66D29E-8CD8-AE29-A071-33549272C1EE
4.7647595,38.785934,0,FC66D29E-8CD8-AE29-A071-33549272C1EE
-64.99158,33.65719,0,FC66D29E-8CD8-AE29-A071-33549272C1EE
-27.361805,47.281055,0,FC66D29E-8CD8-AE29-A071-33549272C1EE
-19.42838,27.231924,0,FC66D29E-8CD8-AE29-A071-33549272C1EE
-20.0441,27.555923,0,FC66D29E-8CD8-AE29-A071-33549272C1EE
-20.392553,27.497728,2,FC66D29E-8CD8-AE29-A071-33549272C1EE
-21.133728,27.571024,2,FC66D29E-8CD8-AE29-A071-33549272C1EE
-22.862505,-44.535263,2,FC66D29E-8CD8-AE29-A071-33549272C1EE
-12.483689,-5.019797,0,FC66D29E-8CD8-AE29-A071-33549272C1EE
-12.392346,-5.0358453,0,FC66D29E-8CD8-AE29-A071-33549272C1EE
17.84821,43.522682,2,FC66D29E-8CD8-AE29-A071-33549272C1EE
17.71743,43.55702,2,FC66D29E-8CD8-AE29-A071-33549272C1EE
16.627707,43.29553,2,FC66D29E-8CD8-AE29-A071-33549272C1EE
16.02133,42.664104,2,FC66D29E-8CD8-AE29-A071-33549272C1EE
15.632747,42.15039,0,FC66D29E-8CD8-AE29-A071-33549272C1EE
43.7721,-13.24925,0,FC66D29E-8CD8-AE29-A071-33549272C1EE
-25.921003,47.131306,2,FFAB0F54-EFF2-FA1A-1892-F9D8ED3C9B31
-25.577349,47.372036,0,FFAB0F54-EFF2-FA1A-1892-F9D8ED3C9B31
-25.5635,47.551743,0,FFAB0F54-EFF2-FA1A-1892-F9D8ED3C9B31
38.726364,10.072833,0,FFAB0F54-EFF2-FA1A-1892-F9D8ED3C9B31
-1.0572724,12.646029,2,FFAB0F54-EFF2-FA1A-1892-F9D8ED3C9B31
-32.443554,9.097459,2,FFAB0F54-EFF2-FA1A-1892-F9D8ED3C9B31
28.579105,12.752833,0,FFAB0F54-EFF2-FA1A-1892-F9D8ED3C9B31
28.514877,12.692492,0,FFAB0F54-EFF2-FA1A-1892-F9D8ED3C9B31
26.708729,-29.109535,2,FFAB0F54-EFF2-FA1A-1892-F9D8ED3C9B31
26.695948,-29.095043,0,FFAB0F54-EFF2-FA1A-1892-F9D8ED3C9B31
18.780043,28.292688,0,FFAB0F54-EFF2-FA1A-1892-F9D8ED3C9B31
31.32544,-40.77018,0,FFAB0F54-EFF2-FA1A-1892-F9D8ED3C9B31
-1.4289421,24.389416,2,FFAB0F54-EFF2-FA1A-1892-F9D8ED3C9B31
-0.8762221,24.366623,1,FFAB0F54-EFF2-FA1A-1892-F9D8ED3C9B31
-0.3636513,24.241625,1,FFAB0F54-EFF2-FA1A-1892-F9D8ED3C9B31
0.2777157,23.991268,0,FFAB0F54-EFF2-FA1A-1892-F9D8ED3C9B31
36.67101,31.738882,0,FFAB0F54-EFF2-FA1A-1892-F9D8ED3C9B31
30.423752,-3.9170477,0,FFAB0F54-EFF2-FA1A-1892-F9D8ED3C9B31
-6.1521792,-14.190125,1,FFAB0F54-EFF2-FA1A-1892-F9D8ED3C9B31
33.742233,-53.376682,1,FFAB0F54-EFF2-FA1A-1892-F9D8ED3C9B31
33.740723,-53.608177,2,FFAB0F54-EFF2-FA1A-1892-F9D8ED3C9B31
33.846188,-53.05929,0,FFAB0F54-EFF2-FA1A-1892-F9D8ED3C9B31
34.927494,-50.38294,0,FFAB0F54-EFF2-FA1A-1892-F9D8ED3C9B31
35.030567,-50.225155,0,FFAB0F54-EFF2-FA1A-1892-F9D8ED3C9B31
