tsne_x,tsne_y,label_mood,player_id
-6.603219,-6.8472977,2,018B0D8D-B5EC-09D6-90ED-550058EBFEAF
18.339123,31.625462,2,018B0D8D-B5EC-09D6-90ED-550058EBFEAF
37.78637,26.040445,2,018B0D8D-B5EC-09D6-90ED-550058EBFEAF
10.928954,3.5600588,2,018B0D8D-B5EC-09D6-90ED-550058EBFEAF
26.78315,-3.324788,2,018B0D8D-B5EC-09D6-90ED-550058EBFEAF
1.589659,28.247538,2,018B0D8D-B5EC-09D6-90ED-550058EBFEAF
-13.505761,32.08568,0,06F9F8CE-9696-23CA-25B5-000AA4A793BA
-26.34424,33.498646,0,06F9F8CE-9696-23CA-25B5-000AA4A793BA
21.151136,14.571768,0,06F9F8CE-9696-23CA-25B5-000AA4A793BA
21.980543,13.340209,2,06F9F8CE-9696-23CA-25B5-000AA4A793BA
36.70926,15.229818,2,06F9F8CE-9696-23CA-25B5-000AA4A793BA
39.857533,-4.759635,0,06F9F8CE-9696-23CA-25B5-000AA4A793BA
34.275307,25.90968,2,06F9F8CE-9696-23CA-25B5-000AA4A793BA
34.553616,15.137548,2,06F9F8CE-9696-23CA-25B5-000AA4A793BA
31.891352,24.88601,2,06F9F8CE-9696-23CA-25B5-000AA4A793BA
33.362442,13.751388,0,06F9F8CE-9696-23CA-25B5-000AA4A793BA
-7.8584056,-6.3489943,0,06F9F8CE-9696-23CA-25B5-000AA4A793BA
32.36452,24.07407,0,06F9F8CE-9696-23CA-25B5-000AA4A793BA
-39.87524,-0.333106,1,06F9F8CE-9696-23CA-25B5-000AA4A793BA
-52.426506,-14.315751,2,06F9F8CE-9696-23CA-25B5-000AA4A793BA
-40.12257,7.158031,2,06F9F8CE-9696-23CA-25B5-000AA4A793BA
-11.618668,31.93163,2,06F9F8CE-9696-23CA-25B5-000AA4A793BA
22.576323,5.360421,0,06F9F8CE-9696-23CA-25B5-000AA4A793BA
34.891277,-22.34525,0,06F9F8CE-9696-23CA-25B5-000AA4A793BA
18.12061,11.421834,1,06F9F8CE-9696-23CA-25B5-000AA4A793BA
-12.222078,26.760479,0,06F9F8CE-9696-23CA-25B5-000AA4A793BA
-11.584733,26.216883,0,06F9F8CE-9696-23CA-25B5-000AA4A793BA
1.5592942,42.255333,0,06F9F8CE-9696-23CA-25B5-000AA4A793BA
24.067272,42.28467,0,06F9F8CE-9696-23CA-25B5-000AA4A793BA
-21.428642,38.05854,0,06F9F8CE-9696-23CA-25B5-000AA4A793BA
-17.572985,21.964201,2,06F9F8CE-9696-23CA-25B5-000AA4A793BA
-18.587437,21.807446,2,06F9F8CE-9696-23CA-25B5-000AA4A793BA
-18.44852,21.970846,2,06F9F8CE-9696-23CA-25B5-000AA4A793BA
-16.18673,21.22863,2,06F9F8CE-9696-23CA-25B5-000AA4A793BA
23.117052,-3.538065,2,06F9F8CE-9696-23CA-25B5-000AA4A793BA
-7.1022673,-30.761337,0,06F9F8CE-9696-23CA-25B5-000AA4A793BA
-38.979004,2.03503,2,09FCECC4-F94E-ED69-5E9B-3223B590A149
-40.21778,12.761968,2,09FCECC4-F94E-ED69-5E9B-3223B590A149
-42.273544,9.765596,1,09FCECC4-F94E-ED69-5E9B-3223B590A149
-15.661848,-3.2489395,1,09FCECC4-F94E-ED69-5E9B-3223B590A149
-50.281834,-2.6038058,1,09FCECC4-F94E-ED69-5E9B-3223B590A149
31.103466,24.482252,1,09FCECC4-F94E-ED69-5E9B-3223B590A149
1.2583582,41.06872,0,09FCECC4-F94E-ED69-5E9B-3223B590A149
18.836699,34.58064,1,09FCECC4-F94E-ED69-5E9B-3223B590A149
-0.5778574,41.637356,1,09FCECC4-F94E-ED69-5E9B-3223B590A149
14.648996,12.933327,1,09FCECC4-F94E-ED69-5E9B-3223B590A149
24.44311,32.41028,1,09FCECC4-F94E-ED69-5E9B-3223B590A149
28.152527,15.379737,1,09FCECC4-F94E-ED69-5E9B-3223B590A149
-13.30317,13.228725,0,09FCECC4-F94E-ED69-5E9B-3223B590A149
-41.001087,1.7005823,1,09FCECC4-F94E-ED69-5E9B-3223B590A149
-56.11404,-6.3312116,1,09FCECC4-F94E-ED69-5E9B-3223B590A149
-53.524494,-5.501711,1,09FCECC4-F94E-ED69-5E9B-3223B590A149
-51.727066,-3.8528428,1,09FCECC4-F94E-ED69-5E9B-3223B590A149
-0.4360531,-32.800472,1,09FCECC4-F94E-ED69-5E9B-3223B590A149
22.26988,5.1280975,0,0A221ADF-C99E-307E-7B65-92EF9DABA6C4
42.080204,-23.813597,0,0A221ADF-C99E-307E-7B65-92EF9DABA6C4
35.888298,16.362438,2,0A221ADF-C99E-307E-7B65-92EF9DABA6C4
18.218597,17.136183,2,0A221ADF-C99E-307E-7B65-92EF9DABA6C4
15.753417,28.56111,2,0A221ADF-C99E-307E-7B65-92EF9DABA6C4
25.234636,41.37087,2,0A221ADF-C99E-307E-7B65-92EF9DABA6C4
43.447983,-29.846521,0,0A221ADF-C99E-307E-7B65-92EF9DABA6C4
35.63563,3.314901,0,0A221ADF-C99E-307E-7B65-92EF9DABA6C4
26.122913,12.220223,2,0A221ADF-C99E-307E-7B65-92EF9DABA6C4
-18.161737,23.028553,2,0A221ADF-C99E-307E-7B65-92EF9DABA6C4
-37.055454,21.182919,2,0A221ADF-C99E-307E-7B65-92EF9DABA6C4
-14.747841,-32.999012,2,0A221ADF-C99E-307E-7B65-92EF9DABA6C4
-14.793788,-32.087948,2,0A221ADF-C99E-307E-7B65-92EF9DABA6C4
-47.426098,8.683014,2,0A221ADF-C99E-307E-7B65-92EF9DABA6C4
-17.715153,22.856392,2,0A221ADF-C99E-307E-7B65-92EF9DABA6C4
-27.60442,-21.959232,2,0A221ADF-C99E-307E-7B65-92EF9DABA6C4
-31.104326,-22.154078,2,0A221ADF-C99E-307E-7B65-92EF9DABA6C4
-44.224342,-20.615067,0,0A221ADF-C99E-307E-7B65-92EF9DABA6C4
-43.72716,-38.000122,0,0A221ADF-C99E-307E-7B65-92EF9DABA6C4
-43.31599,-37.250595,0,0A221ADF-C99E-307E-7B65-92EF9DABA6C4
-43.868927,-39.00123,0,0A221ADF-C99E-307E-7B65-92EF9DABA6C4
-8.679575,-24.374294,1,0A76B59A-F1FF-F3F5-A3CA-2386FA8EF308
-8.681334,-24.365868,2,0A76B59A-F1FF-F3F5-A3CA-2386FA8EF308
-48.265984,-18.594189,2,0A76B59A-F1FF-F3F5-A3CA-2386FA8EF308
-22.816477,-21.409653,2,0A76B59A-F1FF-F3F5-A3CA-2386FA8EF308
-24.84465,-20.856495,2,0A76B59A-F1FF-F3F5-A3CA-2386FA8EF308
-10.753739,-30.95771,2,0A76B59A-F1FF-F3F5-A3CA-2386FA8EF308
-30.856335,30.259151,2,0A76B59A-F1FF-F3F5-A3CA-2386FA8EF308
6.3165994,38.361942,2,0A76B59A-F1FF-F3F5-A3CA-2386FA8EF308
31.388212,-5.787192,2,0A76B59A-F1FF-F3F5-A3CA-2386FA8EF308
8.668431,-57.802345,2,0A76B59A-F1FF-F3F5-A3CA-2386FA8EF308
35.17137,-21.160229,2,0A76B59A-F1FF-F3F5-A3CA-2386FA8EF308
39.97459,-18.622677,2,0A76B59A-F1FF-F3F5-A3CA-2386FA8EF308
39.857754,3.568451,2,0A76B59A-F1FF-F3F5-A3CA-2386FA8EF308
38.06777,6.6086383,2,0A76B59A-F1FF-F3F5-A3CA-2386FA8EF308
-9.607814,29.307161,2,0A76B59A-F1FF-F3F5-A3CA-2386FA8EF308
3.7985744,40.528316,2,0A76B59A-F1FF-F3F5-A3CA-2386FA8EF308
13.99944,24.12754,0,0A76B59A-F1FF-F3F5-A3CA-2386FA8EF308
20.42881,11.463659,0,0A76B59A-F1FF-F3F5-A3CA-2386FA8EF308
35.245266,19.776436,2,0A76B59A-F1FF-F3F5-A3CA-2386FA8EF308
-17.566,34.375076,2,0A76B59A-F1FF-F3F5-A3CA-2386FA8EF308
-29.528122,10.794993,2,0A76B59A-F1FF-F3F5-A3CA-2386FA8EF308
-28.199074,29.18293,2,0A76B59A-F1FF-F3F5-A3CA-2386FA8EF308
-5.977537,15.365506,2,0A76B59A-F1FF-F3F5-A3CA-2386FA8EF308
-40.50442,1.4310765,2,0A76B59A-F1FF-F3F5-A3CA-2386FA8EF308
22.969439,40.46311,0,0A76B59A-F1FF-F3F5-A3CA-2386FA8EF308
18.254128,31.77684,0,0A76B59A-F1FF-F3F5-A3CA-2386FA8EF308
17.552319,34.60454,1,0A76B59A-F1FF-F3F5-A3CA-2386FA8EF308
31.670147,25.288218,1,0A76B59A-F1FF-F3F5-A3CA-2386FA8EF308
17.596178,35.361652,1,0A76B59A-F1FF-F3F5-A3CA-2386FA8EF308
23.74352,25.344917,1,0A76B59A-F1FF-F3F5-A3CA-2386FA8EF308
32.9635,23.790789,0,0A76B59A-F1FF-F3F5-A3CA-2386FA8EF308
18.986214,34.73442,0,0A76B59A-F1FF-F3F5-A3CA-2386FA8EF308
1.5891488,34.947678,0,0A76B59A-F1FF-F3F5-A3CA-2386FA8EF308
7.923931,-42.768524,0,0AD33010-1AC1-E9FB-2FD4-313E3DF4692D
-54.496872,-14.371071,2,0AD33010-1AC1-E9FB-2FD4-313E3DF4692D
-52.782665,-8.433135,2,0AD33010-1AC1-E9FB-2FD4-313E3DF4692D
-51.22479,11.484147,2,0AD33010-1AC1-E9FB-2FD4-313E3DF4692D
-7.904147,-32.568447,2,0AD33010-1AC1-E9FB-2FD4-313E3DF4692D
-50.584305,15.354549,2,0AD33010-1AC1-E9FB-2FD4-313E3DF4692D
5.7678885,21.338345,1,0AD33010-1AC1-E9FB-2FD4-313E3DF4692D
-0.2687125,45.125217,1,0AD33010-1AC1-E9FB-2FD4-313E3DF4692D
-50.90029,12.062391,1,0AD33010-1AC1-E9FB-2FD4-313E3DF4692D
-50.978317,11.68348,1,0AD33010-1AC1-E9FB-2FD4-313E3DF4692D
-17.348604,34.575413,1,0AD33010-1AC1-E9FB-2FD4-313E3DF4692D
8.921898,-44.67004,1,0AD33010-1AC1-E9FB-2FD4-313E3DF4692D
-11.976958,-32.408306,2,0AD33010-1AC1-E9FB-2FD4-313E3DF4692D
-7.5857544,-34.80796,2,0AD33010-1AC1-E9FB-2FD4-313E3DF4692D
-14.575958,24.954622,2,0AD33010-1AC1-E9FB-2FD4-313E3DF4692D
6.6254473,44.263226,0,0AD33010-1AC1-E9FB-2FD4-313E3DF4692D
26.597052,17.302898,0,0AD33010-1AC1-E9FB-2FD4-313E3DF4692D
26.765863,17.255548,0,0AD33010-1AC1-E9FB-2FD4-313E3DF4692D
-16.635273,20.983723,0,0AD33010-1AC1-E9FB-2FD4-313E3DF4692D
-5.694159,46.57327,0,0AD33010-1AC1-E9FB-2FD4-313E3DF4692D
6.8052144,13.051454,0,0AD33010-1AC1-E9FB-2FD4-313E3DF4692D
44.678017,-31.201788,0,0AD33010-1AC1-E9FB-2FD4-313E3DF4692D
44.58535,-30.713467,0,0AD33010-1AC1-E9FB-2FD4-313E3DF4692D
43.89531,-16.854939,1,0AD33010-1AC1-E9FB-2FD4-313E3DF4692D
13.940175,-37.69481,2,0B5863F1-A482-C95D-EA42-9183B5BDFA12
41.267506,-25.95532,2,0B5863F1-A482-C95D-EA42-9183B5BDFA12
17.67138,34.97979,2,0B5863F1-A482-C95D-EA42-9183B5BDFA12
-50.051247,14.315851,2,0B5863F1-A482-C95D-EA42-9183B5BDFA12
-43.347073,8.436538,2,0B5863F1-A482-C95D-EA42-9183B5BDFA12
-28.947788,19.58772,0,0B5863F1-A482-C95D-EA42-9183B5BDFA12
-27.435686,31.652943,2,0D759376-3F10-1BEB-7205-E91B8BF17984
9.783578,51.68809,2,0D759376-3F10-1BEB-7205-E91B8BF17984
-0.9956146,26.80414,2,0D759376-3F10-1BEB-7205-E91B8BF17984
-0.3304149,28.177853,2,0D759376-3F10-1BEB-7205-E91B8BF17984
26.700644,39.759743,2,0D759376-3F10-1BEB-7205-E91B8BF17984
26.563995,40.394863,2,0D759376-3F10-1BEB-7205-E91B8BF17984
-25.478243,22.09897,0,0D759376-3F10-1BEB-7205-E91B8BF17984
4.9702344,-33.205147,0,0D759376-3F10-1BEB-7205-E91B8BF17984
-11.950113,30.625423,2,0D759376-3F10-1BEB-7205-E91B8BF17984
7.402027,52.064915,2,0D759376-3F10-1BEB-7205-E91B8BF17984
19.665068,9.006114,2,0D759376-3F10-1BEB-7205-E91B8BF17984
19.89796,29.758953,2,0D759376-3F10-1BEB-7205-E91B8BF17984
-38.899414,6.775441,1,0D759376-3F10-1BEB-7205-E91B8BF17984
-50.083405,-0.6275572,1,0D759376-3F10-1BEB-7205-E91B8BF17984
-53.241875,-9.682065,2,0D759376-3F10-1BEB-7205-E91B8BF17984
-11.056217,-31.011961,2,0D759376-3F10-1BEB-7205-E91B8BF17984
-41.007965,4.559573,2,0D759376-3F10-1BEB-7205-E91B8BF17984
-40.12419,2.3541474,2,0D759376-3F10-1BEB-7205-E91B8BF17984
-13.443694,36.962383,0,0D759376-3F10-1BEB-7205-E91B8BF17984
1.251741,38.336636,0,0D759376-3F10-1BEB-7205-E91B8BF17984
9.64337,-48.527546,1,0D759376-3F10-1BEB-7205-E91B8BF17984
36.029713,17.669294,1,0D759376-3F10-1BEB-7205-E91B8BF17984
22.455803,4.4226136,1,0D759376-3F10-1BEB-7205-E91B8BF17984
42.737915,-3.629294,1,0D759376-3F10-1BEB-7205-E91B8BF17984
36.583244,4.937071,2,0D759376-3F10-1BEB-7205-E91B8BF17984
37.92021,1.3211925,2,0D759376-3F10-1BEB-7205-E91B8BF17984
41.31673,-4.7545867,2,0D759376-3F10-1BEB-7205-E91B8BF17984
40.362514,-2.8134773,2,0D759376-3F10-1BEB-7205-E91B8BF17984
40.241978,-18.811127,2,0D759376-3F10-1BEB-7205-E91B8BF17984
43.09624,-23.33891,2,0D759376-3F10-1BEB-7205-E91B8BF17984
-13.373793,25.515175,0,0D759376-3F10-1BEB-7205-E91B8BF17984
-35.490074,14.592432,0,0D759376-3F10-1BEB-7205-E91B8BF17984
-34.429077,15.446904,2,0D759376-3F10-1BEB-7205-E91B8BF17984
-39.88294,18.099463,2,0D759376-3F10-1BEB-7205-E91B8BF17984
-36.203976,21.80147,2,0D759376-3F10-1BEB-7205-E91B8BF17984
-51.46095,-12.251258,2,0D759376-3F10-1BEB-7205-E91B8BF17984
-53.023632,-16.437784,1,0F3B2D98-51FE-5265-3746-A0763DE31C98
-29.361122,8.127418,2,0F3B2D98-51FE-5265-3746-A0763DE31C98
-27.525936,20.502464,2,0F3B2D98-51FE-5265-3746-A0763DE31C98
45.48685,-24.77404,2,0F3B2D98-51FE-5265-3746-A0763DE31C98
-0.7807607,29.96469,2,0F3B2D98-51FE-5265-3746-A0763DE31C98
-30.93374,20.480576,2,0F3B2D98-51FE-5265-3746-A0763DE31C98
9.339992,5.0613346,2,0F3B2D98-51FE-5265-3746-A0763DE31C98
25.108799,24.067812,2,0F3B2D98-51FE-5265-3746-A0763DE31C98
-4.4999385,-7.496242,0,0F3B2D98-51FE-5265-3746-A0763DE31C98
31.19637,-7.163722,0,0F3B2D98-51FE-5265-3746-A0763DE31C98
31.759325,-6.4268746,0,0F3B2D98-51FE-5265-3746-A0763DE31C98
38.955456,-18.193447,2,0F3B2D98-51FE-5265-3746-A0763DE31C98
-25.939634,10.382083,2,0F3B2D98-51FE-5265-3746-A0763DE31C98
8.134616,51.286076,0,0F3B2D98-51FE-5265-3746-A0763DE31C98
31.242603,-6.9544063,0,0F3B2D98-51FE-5265-3746-A0763DE31C98
40.14253,2.658779,0,0F3B2D98-51FE-5265-3746-A0763DE31C98
22.599077,15.300879,0,0F3B2D98-51FE-5265-3746-A0763DE31C98
21.676928,32.766148,1,0F3B2D98-51FE-5265-3746-A0763DE31C98
39.92981,2.0054042,1,10FFF83C-FD48-DCA7-E554-491C3C1E3EC6
23.475842,13.701231,1,10FFF83C-FD48-DCA7-E554-491C3C1E3EC6
-2.037846,25.059835,1,10FFF83C-FD48-DCA7-E554-491C3C1E3EC6
6.4213867,51.538536,1,10FFF83C-FD48-DCA7-E554-491C3C1E3EC6
6.6003456,40.702065,1,10FFF83C-FD48-DCA7-E554-491C3C1E3EC6
9.1571045,19.396168,1,10FFF83C-FD48-DCA7-E554-491C3C1E3EC6
-52.027042,-16.015072,1,10FFF83C-FD48-DCA7-E554-491C3C1E3EC6
-16.81682,-27.705788,1,10FFF83C-FD48-DCA7-E554-491C3C1E3EC6
-50.720383,-17.036667,1,10FFF83C-FD48-DCA7-E554-491C3C1E3EC6
-15.331164,-28.95907,1,10FFF83C-FD48-DCA7-E554-491C3C1E3EC6
-52.697758,-12.465716,1,10FFF83C-FD48-DCA7-E554-491C3C1E3EC6
-31.789083,33.450195,1,10FFF83C-FD48-DCA7-E554-491C3C1E3EC6
-18.229206,-29.473354,1,10FFF83C-FD48-DCA7-E554-491C3C1E3EC6
-6.4125576,-37.484547,1,10FFF83C-FD48-DCA7-E554-491C3C1E3EC6
-4.385249,-37.09575,1,10FFF83C-FD48-DCA7-E554-491C3C1E3EC6
-35.994785,22.446033,1,10FFF83C-FD48-DCA7-E554-491C3C1E3EC6
26.902786,11.665474,1,10FFF83C-FD48-DCA7-E554-491C3C1E3EC6
-36.00755,23.4966,1,10FFF83C-FD48-DCA7-E554-491C3C1E3EC6
-39.709213,-41.57803,2,10FFF83C-FD48-DCA7-E554-491C3C1E3EC6
-43.436584,-36.355515,2,10FFF83C-FD48-DCA7-E554-491C3C1E3EC6
-41.69191,-33.935493,2,10FFF83C-FD48-DCA7-E554-491C3C1E3EC6
-40.260246,-30.854183,2,10FFF83C-FD48-DCA7-E554-491C3C1E3EC6
-40.67046,-32.70284,2,10FFF83C-FD48-DCA7-E554-491C3C1E3EC6
-40.380077,-30.463526,2,10FFF83C-FD48-DCA7-E554-491C3C1E3EC6
-56.414547,-10.86499,0,14027B3A-0AD6-CBA3-A600-42B3C0A4D933
0.5169298,42.56323,0,14027B3A-0AD6-CBA3-A600-42B3C0A4D933
-4.3747377,-7.1853476,2,14027B3A-0AD6-CBA3-A600-42B3C0A4D933
0.907553,40.688972,2,14027B3A-0AD6-CBA3-A600-42B3C0A4D933
0.21088256,39.97373,2,14027B3A-0AD6-CBA3-A600-42B3C0A4D933
11.152265,23.509418,2,14027B3A-0AD6-CBA3-A600-42B3C0A4D933
-44.368454,9.264738,2,14027B3A-0AD6-CBA3-A600-42B3C0A4D933
-51.591927,-7.8612638,2,14027B3A-0AD6-CBA3-A600-42B3C0A4D933
-53.76104,-11.448969,2,14027B3A-0AD6-CBA3-A600-42B3C0A4D933
-49.961067,-0.44676322,2,14027B3A-0AD6-CBA3-A600-42B3C0A4D933
-39.987324,2.450292,2,14027B3A-0AD6-CBA3-A600-42B3C0A4D933
-33.299595,13.361737,0,14027B3A-0AD6-CBA3-A600-42B3C0A4D933
39.44936,-10.770492,2,14027B3A-0AD6-CBA3-A600-42B3C0A4D933
41.778095,-9.052996,2,14027B3A-0AD6-CBA3-A600-42B3C0A4D933
36.153076,-20.926273,2,14027B3A-0AD6-CBA3-A600-42B3C0A4D933
42.478203,-18.961628,0,14027B3A-0AD6-CBA3-A600-42B3C0A4D933
41.712875,-8.961862,0,14027B3A-0AD6-CBA3-A600-42B3C0A4D933
27.186733,-5.793228,0,14027B3A-0AD6-CBA3-A600-42B3C0A4D933
13.284998,13.0498085,2,165B40B2-D9B2-DBC0-AE48-02C0F49A609F
19.744759,7.127747,2,165B40B2-D9B2-DBC0-AE48-02C0F49A609F
20.79274,6.3418922,2,165B40B2-D9B2-DBC0-AE48-02C0F49A609F
25.77544,-3.7801194,2,165B40B2-D9B2-DBC0-AE48-02C0F49A609F
33.202034,13.356072,2,165B40B2-D9B2-DBC0-AE48-02C0F49A609F
49.324036,-26.551085,2,165B40B2-D9B2-DBC0-AE48-02C0F49A609F
-32.54707,20.582508,2,165B40B2-D9B2-DBC0-AE48-02C0F49A609F
-7.504214,-33.76612,2,165B40B2-D9B2-DBC0-AE48-02C0F49A609F
-3.4215646,-36.52735,2,165B40B2-D9B2-DBC0-AE48-02C0F49A609F
-34.713806,22.868744,2,165B40B2-D9B2-DBC0-AE48-02C0F49A609F
8.803594,14.723501,2,165B40B2-D9B2-DBC0-AE48-02C0F49A609F
45.559254,-3.714675,2,165B40B2-D9B2-DBC0-AE48-02C0F49A609F
35.037018,-31.925344,1,165B40B2-D9B2-DBC0-AE48-02C0F49A609F
24.945324,-30.037317,2,165B40B2-D9B2-DBC0-AE48-02C0F49A609F
22.94291,-26.087538,2,165B40B2-D9B2-DBC0-AE48-02C0F49A609F
43.09411,-30.588667,2,165B40B2-D9B2-DBC0-AE48-02C0F49A609F
37.386333,-24.529297,2,165B40B2-D9B2-DBC0-AE48-02C0F49A609F
48.798553,-28.67178,2,165B40B2-D9B2-DBC0-AE48-02C0F49A609F
33.41005,-33.1312,1,165B40B2-D9B2-DBC0-AE48-02C0F49A609F
23.03387,-28.208967,1,165B40B2-D9B2-DBC0-AE48-02C0F49A609F
23.89032,-63.46156,1,165B40B2-D9B2-DBC0-AE48-02C0F49A609F
20.561691,-59.9076,1,165B40B2-D9B2-DBC0-AE48-02C0F49A609F
32.723526,-33.383183,1,165B40B2-D9B2-DBC0-AE48-02C0F49A609F
47.492012,-30.644484,1,165B40B2-D9B2-DBC0-AE48-02C0F49A609F
-29.780508,29.034649,2,172A62AD-9B69-33E2-1551-9526879D80AC
6.939033,51.486553,1,172A62AD-9B69-33E2-1551-9526879D80AC
20.687939,16.49573,0,172A62AD-9B69-33E2-1551-9526879D80AC
26.470024,25.052223,0,172A62AD-9B69-33E2-1551-9526879D80AC
29.222496,24.985018,0,172A62AD-9B69-33E2-1551-9526879D80AC
26.10842,40.930172,0,172A62AD-9B69-33E2-1551-9526879D80AC
-16.909113,37.365425,2,172A62AD-9B69-33E2-1551-9526879D80AC
13.62427,12.333188,2,172A62AD-9B69-33E2-1551-9526879D80AC
9.483156,17.06494,2,172A62AD-9B69-33E2-1551-9526879D80AC
-26.553928,14.041269,2,172A62AD-9B69-33E2-1551-9526879D80AC
5.8980203,43.81845,1,172A62AD-9B69-33E2-1551-9526879D80AC
13.253364,12.6395035,1,172A62AD-9B69-33E2-1551-9526879D80AC
24.81673,-29.707998,1,172A62AD-9B69-33E2-1551-9526879D80AC
10.611076,-64.84971,1,172A62AD-9B69-33E2-1551-9526879D80AC
10.642124,-65.65283,0,172A62AD-9B69-33E2-1551-9526879D80AC
41.210773,-29.92277,0,172A62AD-9B69-33E2-1551-9526879D80AC
27.702414,19.7504,0,172A62AD-9B69-33E2-1551-9526879D80AC
6.3366714,13.338742,0,172A62AD-9B69-33E2-1551-9526879D80AC
-5.6477456,46.398758,2,172A62AD-9B69-33E2-1551-9526879D80AC
-3.88857,-38.802444,2,172A62AD-9B69-33E2-1551-9526879D80AC
-37.409264,23.282827,2,172A62AD-9B69-33E2-1551-9526879D80AC
43.649323,-31.141933,2,172A62AD-9B69-33E2-1551-9526879D80AC
4.4075866,-31.332304,2,172A62AD-9B69-33E2-1551-9526879D80AC
3.9150572,-31.477804,2,172A62AD-9B69-33E2-1551-9526879D80AC
-33.002407,-22.792437,2,172A62AD-9B69-33E2-1551-9526879D80AC
-44.821194,-20.208626,2,172A62AD-9B69-33E2-1551-9526879D80AC
-25.820393,-21.496056,0,172A62AD-9B69-33E2-1551-9526879D80AC
-20.174023,-25.050402,0,172A62AD-9B69-33E2-1551-9526879D80AC
-20.163937,-25.068691,0,172A62AD-9B69-33E2-1551-9526879D80AC
-49.52512,-17.866434,0,172A62AD-9B69-33E2-1551-9526879D80AC
44.185913,-25.188932,1,1AE03BA6-E346-DEB8-4865-276ECC5CD9B1
35.36836,-29.553955,1,1AE03BA6-E346-DEB8-4865-276ECC5CD9B1
19.773096,8.4561615,1,1AE03BA6-E346-DEB8-4865-276ECC5CD9B1
19.12685,29.444422,1,1AE03BA6-E346-DEB8-4865-276ECC5CD9B1
-7.0909467,15.309322,1,1AE03BA6-E346-DEB8-4865-276ECC5CD9B1
-21.744669,36.01605,1,1AE03BA6-E346-DEB8-4865-276ECC5CD9B1
-10.142799,27.899963,1,1AE03BA6-E346-DEB8-4865-276ECC5CD9B1
-15.7510195,40.958202,1,1AE03BA6-E346-DEB8-4865-276ECC5CD9B1
-35.937546,11.7197485,1,1AE03BA6-E346-DEB8-4865-276ECC5CD9B1
-32.934616,5.941381,1,1AE03BA6-E346-DEB8-4865-276ECC5CD9B1
-35.84924,11.576603,1,1AE03BA6-E346-DEB8-4865-276ECC5CD9B1
-31.138626,18.40241,1,1AE03BA6-E346-DEB8-4865-276ECC5CD9B1
-10.75999,-4.39415,2,1AE03BA6-E346-DEB8-4865-276ECC5CD9B1
13.756167,25.23973,2,1AE03BA6-E346-DEB8-4865-276ECC5CD9B1
38.760998,1.8209327,2,1AE03BA6-E346-DEB8-4865-276ECC5CD9B1
12.677746,3.3627272,2,1AE03BA6-E346-DEB8-4865-276ECC5CD9B1
34.15243,19.593788,2,1AE03BA6-E346-DEB8-4865-276ECC5CD9B1
21.212908,31.9136,0,1AE03BA6-E346-DEB8-4865-276ECC5CD9B1
15.9302435,11.313726,0,1AE03BA6-E346-DEB8-4865-276ECC5CD9B1
34.706783,4.237018,2,1AE03BA6-E346-DEB8-4865-276ECC5CD9B1
-22.47416,27.175732,2,1AE03BA6-E346-DEB8-4865-276ECC5CD9B1
-48.90246,-17.435705,2,1AE03BA6-E346-DEB8-4865-276ECC5CD9B1
-10.329657,-35.029663,1,1AE03BA6-E346-DEB8-4865-276ECC5CD9B1
-4.409656,-35.584766,0,1AE03BA6-E346-DEB8-4865-276ECC5CD9B1
10.574254,-65.681984,0,1AE03BA6-E346-DEB8-4865-276ECC5CD9B1
34.280094,-32.701637,0,1AE03BA6-E346-DEB8-4865-276ECC5CD9B1
10.236547,12.581098,0,1AE03BA6-E346-DEB8-4865-276ECC5CD9B1
-51.742817,-3.6576927,2,1F6A56CA-9C73-442F-2682-BB69E4B03AB2
-16.77779,-27.371042,2,1F6A56CA-9C73-442F-2682-BB69E4B03AB2
-9.515483,-29.850378,2,1F6A56CA-9C73-442F-2682-BB69E4B03AB2
-47.160725,-1.1858368,2,1F6A56CA-9C73-442F-2682-BB69E4B03AB2
-40.907448,5.768356,0,1F6A56CA-9C73-442F-2682-BB69E4B03AB2
-34.270805,11.740646,0,1F6A56CA-9C73-442F-2682-BB69E4B03AB2
-1.8827428,-32.527554,0,1F6A56CA-9C73-442F-2682-BB69E4B03AB2
-41.77508,5.979114,2,1F6A56CA-9C73-442F-2682-BB69E4B03AB2
-11.241932,-30.251324,2,1F6A56CA-9C73-442F-2682-BB69E4B03AB2
-50.600155,1.594017,2,1F6A56CA-9C73-442F-2682-BB69E4B03AB2
-53.211536,-7.3140798,0,1F6A56CA-9C73-442F-2682-BB69E4B03AB2
-29.350338,8.105426,0,1F6A56CA-9C73-442F-2682-BB69E4B03AB2
40.240303,-18.897112,2,1F6A56CA-9C73-442F-2682-BB69E4B03AB2
47.10816,-23.795458,2,1F6A56CA-9C73-442F-2682-BB69E4B03AB2
39.83433,-26.724522,2,1F6A56CA-9C73-442F-2682-BB69E4B03AB2
14.773857,37.521378,2,1F6A56CA-9C73-442F-2682-BB69E4B03AB2
5.8008986,51.881775,2,1F6A56CA-9C73-442F-2682-BB69E4B03AB2
29.109688,27.511143,2,1F6A56CA-9C73-442F-2682-BB69E4B03AB2
-48.744083,3.6220272,2,1F6A56CA-9C73-442F-2682-BB69E4B03AB2
-50.52201,3.56798,2,1F6A56CA-9C73-442F-2682-BB69E4B03AB2
-14.341083,-32.425,2,1F6A56CA-9C73-442F-2682-BB69E4B03AB2
-37.79978,22.511635,2,1F6A56CA-9C73-442F-2682-BB69E4B03AB2
-4.805865,-37.34237,2,1F6A56CA-9C73-442F-2682-BB69E4B03AB2
-12.066237,-33.722073,2,1F6A56CA-9C73-442F-2682-BB69E4B03AB2
-44.672283,-42.179695,2,1F6A56CA-9C73-442F-2682-BB69E4B03AB2
-43.71628,-43.641518,2,1F6A56CA-9C73-442F-2682-BB69E4B03AB2
-43.73068,-43.618942,2,1F6A56CA-9C73-442F-2682-BB69E4B03AB2
-45.020477,-39.50265,2,1F6A56CA-9C73-442F-2682-BB69E4B03AB2
-42.30822,-35.186382,2,1F6A56CA-9C73-442F-2682-BB69E4B03AB2
-41.224834,-33.232674,2,1F6A56CA-9C73-442F-2682-BB69E4B03AB2
-33.25146,9.372435,0,1FA97947-2FB7-D626-8CD3-2426BEEE97D1
-28.088163,11.654327,0,1FA97947-2FB7-D626-8CD3-2426BEEE97D1
-32.510147,8.746865,2,1FA97947-2FB7-D626-8CD3-2426BEEE97D1
-29.106916,26.181719,2,1FA97947-2FB7-D626-8CD3-2426BEEE97D1
-26.124434,31.05081,2,1FA97947-2FB7-D626-8CD3-2426BEEE97D1
-41.8815,9.671783,2,1FA97947-2FB7-D626-8CD3-2426BEEE97D1
-2.3386576,41.43475,2,1FA97947-2FB7-D626-8CD3-2426BEEE97D1
-11.510366,27.18096,2,1FA97947-2FB7-D626-8CD3-2426BEEE97D1
9.459339,22.45262,2,1FA97947-2FB7-D626-8CD3-2426BEEE97D1
-46.35067,9.562658,2,1FA97947-2FB7-D626-8CD3-2426BEEE97D1
-47.217007,6.0409493,2,1FA97947-2FB7-D626-8CD3-2426BEEE97D1
-39.636093,18.219755,2,1FA97947-2FB7-D626-8CD3-2426BEEE97D1
-32.96801,26.23644,2,1FA97947-2FB7-D626-8CD3-2426BEEE97D1
-38.417686,19.096096,2,1FA97947-2FB7-D626-8CD3-2426BEEE97D1
27.7896,17.600752,2,1FA97947-2FB7-D626-8CD3-2426BEEE97D1
34.352047,-31.51943,2,1FA97947-2FB7-D626-8CD3-2426BEEE97D1
47.521297,-28.063404,1,1FA97947-2FB7-D626-8CD3-2426BEEE97D1
21.05009,-21.652855,1,1FA97947-2FB7-D626-8CD3-2426BEEE97D1
5.029176,50.54082,2,243FE25F-E451-21F6-7EFA-F9DACC7D31CA
-15.265845,38.910824,2,243FE25F-E451-21F6-7EFA-F9DACC7D31CA
38.913258,18.294569,2,243FE25F-E451-21F6-7EFA-F9DACC7D31CA
9.647021,-48.474606,2,243FE25F-E451-21F6-7EFA-F9DACC7D31CA
34.629246,-21.251375,2,243FE25F-E451-21F6-7EFA-F9DACC7D31CA
35.28162,-19.285221,2,243FE25F-E451-21F6-7EFA-F9DACC7D31CA
-50.264248,-16.848572,0,243FE25F-E451-21F6-7EFA-F9DACC7D31CA
-15.836468,-28.015898,2,243FE25F-E451-21F6-7EFA-F9DACC7D31CA
-53.895966,-10.031428,2,243FE25F-E451-21F6-7EFA-F9DACC7D31CA
-53.684906,-5.575326,2,243FE25F-E451-21F6-7EFA-F9DACC7D31CA
-51.413662,-3.274452,2,243FE25F-E451-21F6-7EFA-F9DACC7D31CA
-51.870316,-3.983634,2,243FE25F-E451-21F6-7EFA-F9DACC7D31CA
-11.837465,-28.931711,1,243FE25F-E451-21F6-7EFA-F9DACC7D31CA
-51.18254,-16.321096,1,243FE25F-E451-21F6-7EFA-F9DACC7D31CA
-49.85317,-16.921827,2,243FE25F-E451-21F6-7EFA-F9DACC7D31CA
-46.61984,10.68155,2,243FE25F-E451-21F6-7EFA-F9DACC7D31CA
-17.834692,37.209995,2,243FE25F-E451-21F6-7EFA-F9DACC7D31CA
-31.959051,26.970856,2,243FE25F-E451-21F6-7EFA-F9DACC7D31CA
8.4817,37.5737,2,2656C6B4-988A-A958-5107-5422027AEE1D
2.659152,40.001263,2,2656C6B4-988A-A958-5107-5422027AEE1D
-9.447869,28.292952,2,2656C6B4-988A-A958-5107-5422027AEE1D
-27.40497,32.99029,0,2656C6B4-988A-A958-5107-5422027AEE1D
-7.5925217,-5.5223613,0,2656C6B4-988A-A958-5107-5422027AEE1D
-32.463364,9.26912,0,2656C6B4-988A-A958-5107-5422027AEE1D
47.695553,-26.912024,0,2656C6B4-988A-A958-5107-5422027AEE1D
49.708355,-23.807392,0,2656C6B4-988A-A958-5107-5422027AEE1D
42.091328,-8.91742,2,2656C6B4-988A-A958-5107-5422027AEE1D
45.834366,-26.382229,2,2656C6B4-988A-A958-5107-5422027AEE1D
18.66412,33.140377,2,2656C6B4-988A-A958-5107-5422027AEE1D
16.004282,16.068655,2,2656C6B4-988A-A958-5107-5422027AEE1D
42.941765,-6.6899886,2,2656C6B4-988A-A958-5107-5422027AEE1D
31.365047,18.940517,2,2656C6B4-988A-A958-5107-5422027AEE1D
20.81257,6.2293825,2,2656C6B4-988A-A958-5107-5422027AEE1D
1.6654742,-9.396056,2,2656C6B4-988A-A958-5107-5422027AEE1D
15.465857,30.712217,2,2656C6B4-988A-A958-5107-5422027AEE1D
-47.43621,7.579517,2,2656C6B4-988A-A958-5107-5422027AEE1D
40.18662,-4.321069,2,2656C6B4-988A-A958-5107-5422027AEE1D
45.189167,-6.0752263,2,2656C6B4-988A-A958-5107-5422027AEE1D
48.90822,-26.523653,2,2656C6B4-988A-A958-5107-5422027AEE1D
43.81035,-22.025072,2,2656C6B4-988A-A958-5107-5422027AEE1D
28.328688,-11.975321,2,2656C6B4-988A-A958-5107-5422027AEE1D
23.496342,42.765648,2,2656C6B4-988A-A958-5107-5422027AEE1D
11.356162,51.83795,0,27C12E79-B4DD-AA48-E99E-552C6BAEBA6F
10.104809,40.038692,0,27C12E79-B4DD-AA48-E99E-552C6BAEBA6F
-18.533636,-27.239178,2,27C12E79-B4DD-AA48-E99E-552C6BAEBA6F
-8.6553,-24.396118,2,27C12E79-B4DD-AA48-E99E-552C6BAEBA6F
-8.707611,-24.342848,2,27C12E79-B4DD-AA48-E99E-552C6BAEBA6F
-18.722095,-23.921633,2,27C12E79-B4DD-AA48-E99E-552C6BAEBA6F
-18.549826,-25.071424,2,27C12E79-B4DD-AA48-E99E-552C6BAEBA6F
-19.168304,-24.794159,2,27C12E79-B4DD-AA48-E99E-552C6BAEBA6F
-23.667604,-21.57289,2,27C12E79-B4DD-AA48-E99E-552C6BAEBA6F
-47.460613,-18.984503,2,27C12E79-B4DD-AA48-E99E-552C6BAEBA6F
-8.784253,-23.977732,0,27C12E79-B4DD-AA48-E99E-552C6BAEBA6F
-21.17706,-22.459568,0,27C12E79-B4DD-AA48-E99E-552C6BAEBA6F
-7.3730865,-5.5383716,2,27C12E79-B4DD-AA48-E99E-552C6BAEBA6F
-0.99432456,-8.063653,2,27C12E79-B4DD-AA48-E99E-552C6BAEBA6F
25.40962,-29.508501,2,27C12E79-B4DD-AA48-E99E-552C6BAEBA6F
33.187428,27.373272,2,27C12E79-B4DD-AA48-E99E-552C6BAEBA6F
24.141308,11.795057,2,27C12E79-B4DD-AA48-E99E-552C6BAEBA6F
10.68397,-55.098583,2,27C12E79-B4DD-AA48-E99E-552C6BAEBA6F
-44.328243,8.219989,2,27C12E79-B4DD-AA48-E99E-552C6BAEBA6F
-31.817442,33.4357,2,27C12E79-B4DD-AA48-E99E-552C6BAEBA6F
-8.915598,28.859081,2,27C12E79-B4DD-AA48-E99E-552C6BAEBA6F
1.6285578,39.67091,2,27C12E79-B4DD-AA48-E99E-552C6BAEBA6F
1.425914,38.346165,2,27C12E79-B4DD-AA48-E99E-552C6BAEBA6F
6.767146,39.11382,2,27C12E79-B4DD-AA48-E99E-552C6BAEBA6F
-56.357952,-9.722035,2,2C636222-CB43-AB6F-444A-7278047991C7
39.115356,-13.396295,2,2C636222-CB43-AB6F-444A-7278047991C7
8.477636,-58.861702,2,2C636222-CB43-AB6F-444A-7278047991C7
37.889465,-28.644173,0,2C636222-CB43-AB6F-444A-7278047991C7
45.197243,-24.391218,0,2C636222-CB43-AB6F-444A-7278047991C7
11.805746,21.922075,0,2C636222-CB43-AB6F-444A-7278047991C7
-30.765583,31.853308,1,2C636222-CB43-AB6F-444A-7278047991C7
-9.341248,-31.2919,1,2C636222-CB43-AB6F-444A-7278047991C7
-53.242687,-7.504105,1,2C636222-CB43-AB6F-444A-7278047991C7
-56.304867,-6.5054026,1,2C636222-CB43-AB6F-444A-7278047991C7
-8.344697,-32.631313,1,2C636222-CB43-AB6F-444A-7278047991C7
-32.885357,29.214638,1,2C636222-CB43-AB6F-444A-7278047991C7
24.094477,15.026827,2,2C636222-CB43-AB6F-444A-7278047991C7
-0.17130576,-8.21524,0,2C636222-CB43-AB6F-444A-7278047991C7
10.711875,14.670857,0,2C636222-CB43-AB6F-444A-7278047991C7
21.166115,37.568005,0,2C636222-CB43-AB6F-444A-7278047991C7
19.501848,38.875618,0,2C636222-CB43-AB6F-444A-7278047991C7
43.006985,-1.3731849,0,2C636222-CB43-AB6F-444A-7278047991C7
-32.626457,22.92973,1,2C636222-CB43-AB6F-444A-7278047991C7
3.1853006,-31.805714,1,2C636222-CB43-AB6F-444A-7278047991C7
1.9065439,21.20635,2,2C636222-CB43-AB6F-444A-7278047991C7
9.304356,-45.266865,2,2C636222-CB43-AB6F-444A-7278047991C7
8.959181,-44.119934,2,2C636222-CB43-AB6F-444A-7278047991C7
-15.900745,21.241398,2,2C636222-CB43-AB6F-444A-7278047991C7
-53.7113,-16.079147,2,35FEE4B0-EF25-110F-8D86-5410FA57646B
-49.407158,-1.033386,2,35FEE4B0-EF25-110F-8D86-5410FA57646B
-6.588813,-32.375423,2,35FEE4B0-EF25-110F-8D86-5410FA57646B
-45.38028,-1.8131999,2,35FEE4B0-EF25-110F-8D86-5410FA57646B
-50.040424,-2.4771903,2,35FEE4B0-EF25-110F-8D86-5410FA57646B
-9.100572,28.938345,2,35FEE4B0-EF25-110F-8D86-5410FA57646B
9.566508,-54.430634,2,35FEE4B0-EF25-110F-8D86-5410FA57646B
21.348642,-60.19025,2,35FEE4B0-EF25-110F-8D86-5410FA57646B
21.349031,-60.305656,2,35FEE4B0-EF25-110F-8D86-5410FA57646B
29.603216,-29.835993,2,35FEE4B0-EF25-110F-8D86-5410FA57646B
35.36599,-30.241108,2,35FEE4B0-EF25-110F-8D86-5410FA57646B
41.50682,-26.022997,2,35FEE4B0-EF25-110F-8D86-5410FA57646B
-2.9502976,42.87423,2,35FEE4B0-EF25-110F-8D86-5410FA57646B
5.524785,48.972935,2,35FEE4B0-EF25-110F-8D86-5410FA57646B
7.381355,50.067326,2,35FEE4B0-EF25-110F-8D86-5410FA57646B
-17.285982,34.563396,2,35FEE4B0-EF25-110F-8D86-5410FA57646B
-22.687859,27.736818,2,35FEE4B0-EF25-110F-8D86-5410FA57646B
-17.730988,38.84064,2,35FEE4B0-EF25-110F-8D86-5410FA57646B
-32.809425,23.006777,2,35FEE4B0-EF25-110F-8D86-5410FA57646B
-25.051996,26.364676,2,35FEE4B0-EF25-110F-8D86-5410FA57646B
10.406985,-57.403645,2,35FEE4B0-EF25-110F-8D86-5410FA57646B
40.96012,-29.615267,2,35FEE4B0-EF25-110F-8D86-5410FA57646B
23.880308,-62.874,2,35FEE4B0-EF25-110F-8D86-5410FA57646B
25.640188,-62.661762,2,35FEE4B0-EF25-110F-8D86-5410FA57646B
-40.515194,2.2546744,1,37249306-1597-DC6D-3544-6FEDBBF8B848
18.35718,17.28195,1,37249306-1597-DC6D-3544-6FEDBBF8B848
8.926754,-48.311638,1,37249306-1597-DC6D-3544-6FEDBBF8B848
35.106686,-20.247107,2,37249306-1597-DC6D-3544-6FEDBBF8B848
42.25938,-23.740414,2,37249306-1597-DC6D-3544-6FEDBBF8B848
35.424927,-20.14368,2,37249306-1597-DC6D-3544-6FEDBBF8B848
24.64814,-63.229637,1,3C54E0F5-9C12-3137-9EC1-39645770F53A
24.419836,-62.703438,1,3C54E0F5-9C12-3137-9EC1-39645770F53A
25.90062,-62.459373,1,3C54E0F5-9C12-3137-9EC1-39645770F53A
-32.628033,33.113674,1,3C54E0F5-9C12-3137-9EC1-39645770F53A
-23.84658,35.816216,1,3C54E0F5-9C12-3137-9EC1-39645770F53A
29.47188,-29.771696,1,3C54E0F5-9C12-3137-9EC1-39645770F53A
34.5046,-22.418972,1,3C54E0F5-9C12-3137-9EC1-39645770F53A
32.232994,-4.1763773,1,3C54E0F5-9C12-3137-9EC1-39645770F53A
-6.13855,-6.5814953,1,3C54E0F5-9C12-3137-9EC1-39645770F53A
40.069977,1.8855407,1,3C54E0F5-9C12-3137-9EC1-39645770F53A
12.738563,3.2705936,1,3C54E0F5-9C12-3137-9EC1-39645770F53A
2.057163,-9.814306,1,3C54E0F5-9C12-3137-9EC1-39645770F53A
-31.866398,31.358086,1,3C54E0F5-9C12-3137-9EC1-39645770F53A
-11.436523,33.12243,1,3C54E0F5-9C12-3137-9EC1-39645770F53A
23.383572,33.323433,1,3C54E0F5-9C12-3137-9EC1-39645770F53A
44.62103,-24.306849,0,3C54E0F5-9C12-3137-9EC1-39645770F53A
34.38136,26.6944,0,3C54E0F5-9C12-3137-9EC1-39645770F53A
33.30597,26.327116,0,3C54E0F5-9C12-3137-9EC1-39645770F53A
7.282795,50.491806,0,3C54E0F5-9C12-3137-9EC1-39645770F53A
16.30707,37.650097,0,3C54E0F5-9C12-3137-9EC1-39645770F53A
-11.788843,25.11073,0,3C54E0F5-9C12-3137-9EC1-39645770F53A
12.397476,13.872796,0,3C54E0F5-9C12-3137-9EC1-39645770F53A
8.343541,48.71927,0,3C54E0F5-9C12-3137-9EC1-39645770F53A
19.204178,37.423714,1,3C54E0F5-9C12-3137-9EC1-39645770F53A
-18.674276,-28.851475,0,3C54E0F5-9C12-3137-9EC1-39645770F53A
-29.312254,-19.869781,0,3C54E0F5-9C12-3137-9EC1-39645770F53A
-14.009022,-32.985054,0,3C54E0F5-9C12-3137-9EC1-39645770F53A
-8.620398,-24.134085,0,3C54E0F5-9C12-3137-9EC1-39645770F53A
5.933191,16.375618,0,3C54E0F5-9C12-3137-9EC1-39645770F53A
44.166275,-30.971828,1,3C54E0F5-9C12-3137-9EC1-39645770F53A
41.893684,-18.207966,2,3FC0B5B3-AC42-BF96-D8EE-10E81EAAACF6
40.943268,-28.598946,2,3FC0B5B3-AC42-BF96-D8EE-10E81EAAACF6
45.141354,-17.256155,2,3FC0B5B3-AC42-BF96-D8EE-10E81EAAACF6
10.05061,-62.715378,2,3FC0B5B3-AC42-BF96-D8EE-10E81EAAACF6
24.200966,-27.717,2,3FC0B5B3-AC42-BF96-D8EE-10E81EAAACF6
40.19166,-29.754293,2,3FC0B5B3-AC42-BF96-D8EE-10E81EAAACF6
10.375494,-51.520973,2,3FC0B5B3-AC42-BF96-D8EE-10E81EAAACF6
49.894413,-23.901937,1,3FC0B5B3-AC42-BF96-D8EE-10E81EAAACF6
-32.10405,17.724897,2,3FC0B5B3-AC42-BF96-D8EE-10E81EAAACF6
14.155731,19.3655,2,3FC0B5B3-AC42-BF96-D8EE-10E81EAAACF6
2.0215755,24.45039,2,3FC0B5B3-AC42-BF96-D8EE-10E81EAAACF6
-10.76109,28.217094,2,3FC0B5B3-AC42-BF96-D8EE-10E81EAAACF6
-10.812417,-35.197247,2,3FC0B5B3-AC42-BF96-D8EE-10E81EAAACF6
-5.855358,-36.935837,2,3FC0B5B3-AC42-BF96-D8EE-10E81EAAACF6
-18.160486,22.319134,2,3FC0B5B3-AC42-BF96-D8EE-10E81EAAACF6
-15.12946,-32.614605,2,3FC0B5B3-AC42-BF96-D8EE-10E81EAAACF6
-49.706112,-17.490835,2,3FC0B5B3-AC42-BF96-D8EE-10E81EAAACF6
-50.52618,-15.868355,2,3FC0B5B3-AC42-BF96-D8EE-10E81EAAACF6
-29.411108,-21.261019,0,3FC0B5B3-AC42-BF96-D8EE-10E81EAAACF6
-19.500845,-24.776157,0,3FC0B5B3-AC42-BF96-D8EE-10E81EAAACF6
-49.41512,-17.940248,0,3FC0B5B3-AC42-BF96-D8EE-10E81EAAACF6
-22.05849,-22.964062,0,3FC0B5B3-AC42-BF96-D8EE-10E81EAAACF6
-22.06072,-23.01968,0,3FC0B5B3-AC42-BF96-D8EE-10E81EAAACF6
-48.57578,-18.33416,0,3FC0B5B3-AC42-BF96-D8EE-10E81EAAACF6
-52.273827,11.943006,2,4690C2DC-C0B5-6C1B-880A-D31C46C8A565
23.599787,31.661808,2,4690C2DC-C0B5-6C1B-880A-D31C46C8A565
12.353903,3.8503706,2,4690C2DC-C0B5-6C1B-880A-D31C46C8A565
24.277334,39.977974,0,4690C2DC-C0B5-6C1B-880A-D31C46C8A565
26.071331,25.31438,0,4690C2DC-C0B5-6C1B-880A-D31C46C8A565
32.21787,-3.5045145,2,4690C2DC-C0B5-6C1B-880A-D31C46C8A565
-3.9710634,-6.250808,2,4690C2DC-C0B5-6C1B-880A-D31C46C8A565
-15.674518,26.914616,2,4690C2DC-C0B5-6C1B-880A-D31C46C8A565
6.7056117,43.52863,2,4690C2DC-C0B5-6C1B-880A-D31C46C8A565
23.140278,-4.6229787,2,4690C2DC-C0B5-6C1B-880A-D31C46C8A565
8.820283,14.973603,0,4690C2DC-C0B5-6C1B-880A-D31C46C8A565
7.1671243,48.929432,0,4690C2DC-C0B5-6C1B-880A-D31C46C8A565
9.236451,13.662225,0,4690C2DC-C0B5-6C1B-880A-D31C46C8A565
23.79025,-5.042458,0,4690C2DC-C0B5-6C1B-880A-D31C46C8A565
3.4108243,-31.707886,0,4690C2DC-C0B5-6C1B-880A-D31C46C8A565
-40.366203,-29.450096,0,4690C2DC-C0B5-6C1B-880A-D31C46C8A565
-43.950066,-36.91489,2,4690C2DC-C0B5-6C1B-880A-D31C46C8A565
-44.738335,-38.324245,2,4690C2DC-C0B5-6C1B-880A-D31C46C8A565
-42.900673,-35.23451,2,4690C2DC-C0B5-6C1B-880A-D31C46C8A565
-41.72474,-33.3433,2,4690C2DC-C0B5-6C1B-880A-D31C46C8A565
-37.584747,-24.133587,2,4690C2DC-C0B5-6C1B-880A-D31C46C8A565
-37.34725,-25.738436,2,4690C2DC-C0B5-6C1B-880A-D31C46C8A565
-42.17899,-34.459724,0,4690C2DC-C0B5-6C1B-880A-D31C46C8A565
-42.176254,-34.667164,0,4690C2DC-C0B5-6C1B-880A-D31C46C8A565
-39.103565,-28.67641,0,4690C2DC-C0B5-6C1B-880A-D31C46C8A565
-44.790245,-20.238071,0,4690C2DC-C0B5-6C1B-880A-D31C46C8A565
2.1500192,34.854317,0,46A9A47E-EDE3-2EF4-2F06-E95AF67D57E1
13.398603,1.9649663,0,46A9A47E-EDE3-2EF4-2F06-E95AF67D57E1
43.104233,-3.0324006,2,46A9A47E-EDE3-2EF4-2F06-E95AF67D57E1
20.408312,42.69633,2,46A9A47E-EDE3-2EF4-2F06-E95AF67D57E1
20.22134,42.730167,2,46A9A47E-EDE3-2EF4-2F06-E95AF67D57E1
23.791967,8.321659,2,46A9A47E-EDE3-2EF4-2F06-E95AF67D57E1
23.157988,-3.9911246,0,46A9A47E-EDE3-2EF4-2F06-E95AF67D57E1
-7.2009125,-35.90761,0,46A9A47E-EDE3-2EF4-2F06-E95AF67D57E1
7.802198,47.378613,0,46A9A47E-EDE3-2EF4-2F06-E95AF67D57E1
45.60698,-6.195031,0,46A9A47E-EDE3-2EF4-2F06-E95AF67D57E1
44.906826,-1.454916,0,46A9A47E-EDE3-2EF4-2F06-E95AF67D57E1
10.323732,14.788313,0,46A9A47E-EDE3-2EF4-2F06-E95AF67D57E1
26.71623,17.55801,2,46A9A47E-EDE3-2EF4-2F06-E95AF67D57E1
-47.231422,7.0482025,2,46A9A47E-EDE3-2EF4-2F06-E95AF67D57E1
-50.403088,11.153494,2,46A9A47E-EDE3-2EF4-2F06-E95AF67D57E1
-14.1731205,22.502537,2,46A9A47E-EDE3-2EF4-2F06-E95AF67D57E1
6.6650167,15.481941,2,46A9A47E-EDE3-2EF4-2F06-E95AF67D57E1
-19.26895,24.203735,0,46A9A47E-EDE3-2EF4-2F06-E95AF67D57E1
-27.357018,23.282562,1,47494449-E68E-E554-8BB1-ECEEE432E269
-23.372572,34.943584,1,47494449-E68E-E554-8BB1-ECEEE432E269
-29.446949,28.816456,2,47494449-E68E-E554-8BB1-ECEEE432E269
12.070672,26.600609,2,47494449-E68E-E554-8BB1-ECEEE432E269
18.18119,28.494629,2,47494449-E68E-E554-8BB1-ECEEE432E269
12.897181,35.908585,2,47494449-E68E-E554-8BB1-ECEEE432E269
7.6159678,50.737564,2,47494449-E68E-E554-8BB1-ECEEE432E269
7.2257376,22.945526,2,47494449-E68E-E554-8BB1-ECEEE432E269
-8.622937,-4.9350357,2,47494449-E68E-E554-8BB1-ECEEE432E269
-28.534807,11.57275,2,47494449-E68E-E554-8BB1-ECEEE432E269
-34.316868,11.043408,2,47494449-E68E-E554-8BB1-ECEEE432E269
-26.701372,20.74565,2,47494449-E68E-E554-8BB1-ECEEE432E269
-18.674782,40.878998,2,47494449-E68E-E554-8BB1-ECEEE432E269
-34.344612,22.042078,2,47494449-E68E-E554-8BB1-ECEEE432E269
-41.234886,20.287586,2,47494449-E68E-E554-8BB1-ECEEE432E269
-48.68479,5.1933494,2,47494449-E68E-E554-8BB1-ECEEE432E269
-19.601793,-28.665955,2,47494449-E68E-E554-8BB1-ECEEE432E269
-18.185867,-29.823982,2,47494449-E68E-E554-8BB1-ECEEE432E269
-36.256466,-24.711967,0,47494449-E68E-E554-8BB1-ECEEE432E269
-37.33689,-26.086435,0,47494449-E68E-E554-8BB1-ECEEE432E269
-39.416622,-29.823341,0,47494449-E68E-E554-8BB1-ECEEE432E269
-43.740005,-20.994946,0,47494449-E68E-E554-8BB1-ECEEE432E269
-37.084316,-25.34054,0,47494449-E68E-E554-8BB1-ECEEE432E269
-40.620365,-31.019312,0,47494449-E68E-E554-8BB1-ECEEE432E269
27.994484,25.682138,0,48847236-6E23-6E61-57CD-780C68FAA2C2
-7.5820327,-6.318833,0,48847236-6E23-6E61-57CD-780C68FAA2C2
23.005045,14.371377,0,48847236-6E23-6E61-57CD-780C68FAA2C2
24.014288,33.037247,0,48847236-6E23-6E61-57CD-780C68FAA2C2
11.049109,26.572365,1,48847236-6E23-6E61-57CD-780C68FAA2C2
35.67206,-19.762867,1,48847236-6E23-6E61-57CD-780C68FAA2C2
-39.48917,-30.274542,2,48847236-6E23-6E61-57CD-780C68FAA2C2
-36.49089,-25.079945,2,48847236-6E23-6E61-57CD-780C68FAA2C2
-36.8782,-25.527588,0,48847236-6E23-6E61-57CD-780C68FAA2C2
-39.643646,-29.075825,0,48847236-6E23-6E61-57CD-780C68FAA2C2
-36.619022,-25.986631,0,48847236-6E23-6E61-57CD-780C68FAA2C2
-36.3548,-25.180635,2,48847236-6E23-6E61-57CD-780C68FAA2C2
10.8713,24.05044,1,48D32E40-ABB9-E3FB-185C-8A5AA0C44CBF
24.19556,13.524098,1,48D32E40-ABB9-E3FB-185C-8A5AA0C44CBF
-1.7277997,25.094358,2,48D32E40-ABB9-E3FB-185C-8A5AA0C44CBF
-12.526236,31.451035,2,48D32E40-ABB9-E3FB-185C-8A5AA0C44CBF
-0.59573495,40.716526,2,48D32E40-ABB9-E3FB-185C-8A5AA0C44CBF
1.9243761,44.13366,2,48D32E40-ABB9-E3FB-185C-8A5AA0C44CBF
-21.152576,-24.657927,1,48D32E40-ABB9-E3FB-185C-8A5AA0C44CBF
-24.449505,-22.031742,1,48D32E40-ABB9-E3FB-185C-8A5AA0C44CBF
-16.749725,-27.721827,2,48D32E40-ABB9-E3FB-185C-8A5AA0C44CBF
-11.1652,-28.834915,2,48D32E40-ABB9-E3FB-185C-8A5AA0C44CBF
-43.300808,5.293339,2,48D32E40-ABB9-E3FB-185C-8A5AA0C44CBF
-32.667187,6.042023,2,48D32E40-ABB9-E3FB-185C-8A5AA0C44CBF
-33.704315,12.217216,1,48D32E40-ABB9-E3FB-185C-8A5AA0C44CBF
-26.297081,14.250343,1,48D32E40-ABB9-E3FB-185C-8A5AA0C44CBF
-41.740753,19.546295,1,48D32E40-ABB9-E3FB-185C-8A5AA0C44CBF
-18.781702,37.231,1,48D32E40-ABB9-E3FB-185C-8A5AA0C44CBF
19.017067,37.630886,1,48D32E40-ABB9-E3FB-185C-8A5AA0C44CBF
12.366488,13.611404,1,48D32E40-ABB9-E3FB-185C-8A5AA0C44CBF
34.382324,4.670854,1,48D32E40-ABB9-E3FB-185C-8A5AA0C44CBF
42.58347,-28.439095,1,48D32E40-ABB9-E3FB-185C-8A5AA0C44CBF
21.067472,-60.063957,1,48D32E40-ABB9-E3FB-185C-8A5AA0C44CBF
43.55881,-27.96812,1,48D32E40-ABB9-E3FB-185C-8A5AA0C44CBF
44.24048,-1.4658228,1,48D32E40-ABB9-E3FB-185C-8A5AA0C44CBF
29.470327,18.503618,1,48D32E40-ABB9-E3FB-185C-8A5AA0C44CBF
-41.052692,-42.585464,1,48D32E40-ABB9-E3FB-185C-8A5AA0C44CBF
-43.857113,-43.417397,1,48D32E40-ABB9-E3FB-185C-8A5AA0C44CBF
-41.200466,-42.67346,1,48D32E40-ABB9-E3FB-185C-8A5AA0C44CBF
-45.024483,-39.8702,1,48D32E40-ABB9-E3FB-185C-8A5AA0C44CBF
-44.416485,-38.973476,1,48D32E40-ABB9-E3FB-185C-8A5AA0C44CBF
-44.00816,-38.905342,1,48D32E40-ABB9-E3FB-185C-8A5AA0C44CBF
12.871856,1.9319941,2,4B423110-8A54-A87F-39BB-D68BF033C7FC
18.762468,10.849803,2,4B423110-8A54-A87F-39BB-D68BF033C7FC
-28.255354,11.614786,2,4B423110-8A54-A87F-39BB-D68BF033C7FC
-32.534004,11.710971,0,4B423110-8A54-A87F-39BB-D68BF033C7FC
-10.198045,25.610975,0,4B423110-8A54-A87F-39BB-D68BF033C7FC
-12.874803,31.053009,0,4B423110-8A54-A87F-39BB-D68BF033C7FC
16.94885,38.024506,0,4B423110-8A54-A87F-39BB-D68BF033C7FC
8.080646,48.89949,0,4B423110-8A54-A87F-39BB-D68BF033C7FC
-18.152122,41.248703,2,4B423110-8A54-A87F-39BB-D68BF033C7FC
37.37154,1.8592397,2,4B423110-8A54-A87F-39BB-D68BF033C7FC
30.61844,18.27256,0,4B423110-8A54-A87F-39BB-D68BF033C7FC
35.332672,25.412357,0,4B423110-8A54-A87F-39BB-D68BF033C7FC
27.431196,-8.381714,0,4B423110-8A54-A87F-39BB-D68BF033C7FC
32.107185,16.80776,0,4B423110-8A54-A87F-39BB-D68BF033C7FC
15.561971,9.968446,0,4B423110-8A54-A87F-39BB-D68BF033C7FC
12.501696,13.327004,0,4B423110-8A54-A87F-39BB-D68BF033C7FC
-1.1589439,45.441143,0,4B423110-8A54-A87F-39BB-D68BF033C7FC
-48.02381,-18.323412,0,4B423110-8A54-A87F-39BB-D68BF033C7FC
-13.781596,14.252599,0,4BD5749B-A1D2-E6C9-156F-DF107802D3BE
32.781067,26.950586,2,4BD5749B-A1D2-E6C9-156F-DF107802D3BE
35.34845,17.501085,2,4BD5749B-A1D2-E6C9-156F-DF107802D3BE
37.240635,15.7428465,0,4BD5749B-A1D2-E6C9-156F-DF107802D3BE
28.013882,26.025047,0,4BD5749B-A1D2-E6C9-156F-DF107802D3BE
0.7828192,40.68167,0,4BD5749B-A1D2-E6C9-156F-DF107802D3BE
41.643547,-17.995737,2,4BD5749B-A1D2-E6C9-156F-DF107802D3BE
41.313965,-18.223654,2,4BD5749B-A1D2-E6C9-156F-DF107802D3BE
41.769608,-22.336609,2,4BD5749B-A1D2-E6C9-156F-DF107802D3BE
47.559296,-25.970526,0,4BD5749B-A1D2-E6C9-156F-DF107802D3BE
-18.577742,35.743828,0,4BD5749B-A1D2-E6C9-156F-DF107802D3BE
19.297182,38.503094,0,4BD5749B-A1D2-E6C9-156F-DF107802D3BE
44.38244,-31.430977,2,4BD5749B-A1D2-E6C9-156F-DF107802D3BE
21.845537,-5.2131824,2,4BD5749B-A1D2-E6C9-156F-DF107802D3BE
8.728866,13.004399,0,4BD5749B-A1D2-E6C9-156F-DF107802D3BE
25.820541,19.061783,0,4BD5749B-A1D2-E6C9-156F-DF107802D3BE
25.989925,19.068897,0,4BD5749B-A1D2-E6C9-156F-DF107802D3BE
3.0356421,20.647602,2,4BD5749B-A1D2-E6C9-156F-DF107802D3BE
23.306042,-23.813713,2,4BFAECAC-0CC2-F9AC-17BB-7343BE737D81
19.67708,12.809952,2,4BFAECAC-0CC2-F9AC-17BB-7343BE737D81
36.358067,-6.6539073,2,4BFAECAC-0CC2-F9AC-17BB-7343BE737D81
36.34783,-6.6650486,2,4BFAECAC-0CC2-F9AC-17BB-7343BE737D81
31.891546,-6.538775,2,4BFAECAC-0CC2-F9AC-17BB-7343BE737D81
30.33468,22.093796,2,4BFAECAC-0CC2-F9AC-17BB-7343BE737D81
-54.40914,-11.272017,2,4BFAECAC-0CC2-F9AC-17BB-7343BE737D81
-51.686836,-5.4838033,2,4BFAECAC-0CC2-F9AC-17BB-7343BE737D81
-7.03175,-32.43785,2,4BFAECAC-0CC2-F9AC-17BB-7343BE737D81
-45.111233,6.367089,2,4BFAECAC-0CC2-F9AC-17BB-7343BE737D81
-32.8224,28.612911,2,4BFAECAC-0CC2-F9AC-17BB-7343BE737D81
-18.351856,34.1222,2,4BFAECAC-0CC2-F9AC-17BB-7343BE737D81
13.097141,1.7791885,2,4BFAECAC-0CC2-F9AC-17BB-7343BE737D81
34.342297,15.150477,2,4BFAECAC-0CC2-F9AC-17BB-7343BE737D81
1.7376119,-9.680497,2,4BFAECAC-0CC2-F9AC-17BB-7343BE737D81
-4.5226526,15.267449,2,4BFAECAC-0CC2-F9AC-17BB-7343BE737D81
-14.912271,36.113945,1,4BFAECAC-0CC2-F9AC-17BB-7343BE737D81
19.754408,29.929665,1,4BFAECAC-0CC2-F9AC-17BB-7343BE737D81
9.6910925,-64.626465,2,4BFAECAC-0CC2-F9AC-17BB-7343BE737D81
30.729727,-29.61144,2,4BFAECAC-0CC2-F9AC-17BB-7343BE737D81
31.666723,-31.245235,2,4BFAECAC-0CC2-F9AC-17BB-7343BE737D81
25.628271,-8.274443,2,4BFAECAC-0CC2-F9AC-17BB-7343BE737D81
27.75704,18.797316,2,4BFAECAC-0CC2-F9AC-17BB-7343BE737D81
-42.12597,19.021135,2,4BFAECAC-0CC2-F9AC-17BB-7343BE737D81
-41.92914,19.996168,2,4BFAECAC-0CC2-F9AC-17BB-7343BE737D81
-40.713604,20.306879,2,4BFAECAC-0CC2-F9AC-17BB-7343BE737D81
-4.905472,-35.22818,1,4BFAECAC-0CC2-F9AC-17BB-7343BE737D81
-39.77983,-0.7103559,1,4BFAECAC-0CC2-F9AC-17BB-7343BE737D81
-8.499968,-33.620327,1,4BFAECAC-0CC2-F9AC-17BB-7343BE737D81
-3.749994,-38.754177,2,4BFAECAC-0CC2-F9AC-17BB-7343BE737D81
8.478156,-58.37317,2,4CAE9D77-C8A8-2EE8-53D0-7C3C6331B2C5
34.56949,-22.751547,2,4CAE9D77-C8A8-2EE8-53D0-7C3C6331B2C5
38.134243,-27.471062,1,4CAE9D77-C8A8-2EE8-53D0-7C3C6331B2C5
31.194344,-5.876207,1,4CAE9D77-C8A8-2EE8-53D0-7C3C6331B2C5
-3.503267,-7.333034,1,4CAE9D77-C8A8-2EE8-53D0-7C3C6331B2C5
23.448145,25.710976,1,4CAE9D77-C8A8-2EE8-53D0-7C3C6331B2C5
8.2440605,37.025387,2,4CAE9D77-C8A8-2EE8-53D0-7C3C6331B2C5
36.98905,20.08338,2,4CAE9D77-C8A8-2EE8-53D0-7C3C6331B2C5
22.55571,31.620455,2,4CAE9D77-C8A8-2EE8-53D0-7C3C6331B2C5
22.320616,14.621809,2,4CAE9D77-C8A8-2EE8-53D0-7C3C6331B2C5
15.926225,17.648188,2,4CAE9D77-C8A8-2EE8-53D0-7C3C6331B2C5
13.044098,20.642174,1,4CAE9D77-C8A8-2EE8-53D0-7C3C6331B2C5
-30.118694,10.567791,1,5690E95B-9747-B2B5-2EE1-16A72200D5CC
-39.36804,2.4870412,1,5690E95B-9747-B2B5-2EE1-16A72200D5CC
-30.617422,28.264265,1,5690E95B-9747-B2B5-2EE1-16A72200D5CC
-11.771013,31.927183,2,5690E95B-9747-B2B5-2EE1-16A72200D5CC
-12.837539,-3.4841933,2,5690E95B-9747-B2B5-2EE1-16A72200D5CC
-12.890781,37.375034,2,5690E95B-9747-B2B5-2EE1-16A72200D5CC
-32.408573,31.63298,2,5690E95B-9747-B2B5-2EE1-16A72200D5CC
7.9608192,-42.510136,2,5690E95B-9747-B2B5-2EE1-16A72200D5CC
-47.106678,-2.1306686,2,5690E95B-9747-B2B5-2EE1-16A72200D5CC
-26.478775,-22.291342,2,5690E95B-9747-B2B5-2EE1-16A72200D5CC
-53.474987,-9.772381,2,5690E95B-9747-B2B5-2EE1-16A72200D5CC
-30.76804,31.48904,2,5690E95B-9747-B2B5-2EE1-16A72200D5CC
4.717247,20.439323,2,5690E95B-9747-B2B5-2EE1-16A72200D5CC
44.038116,-1.5731856,0,5690E95B-9747-B2B5-2EE1-16A72200D5CC
2.2227192,20.05235,0,5690E95B-9747-B2B5-2EE1-16A72200D5CC
3.3563612,18.815315,0,5690E95B-9747-B2B5-2EE1-16A72200D5CC
7.464186,12.506836,2,5690E95B-9747-B2B5-2EE1-16A72200D5CC
-36.970516,22.641241,2,5690E95B-9747-B2B5-2EE1-16A72200D5CC
8.924916,13.79837,1,5690E95B-9747-B2B5-2EE1-16A72200D5CC
8.347545,13.569969,1,5690E95B-9747-B2B5-2EE1-16A72200D5CC
21.795338,-3.9185762,1,5690E95B-9747-B2B5-2EE1-16A72200D5CC
22.362955,-5.264495,0,5690E95B-9747-B2B5-2EE1-16A72200D5CC
34.825687,-32.578373,0,5690E95B-9747-B2B5-2EE1-16A72200D5CC
10.640839,-62.79636,0,5690E95B-9747-B2B5-2EE1-16A72200D5CC
-14.620931,-33.121246,2,5690E95B-9747-B2B5-2EE1-16A72200D5CC
-25.254396,15.633658,0,5690E95B-9747-B2B5-2EE1-16A72200D5CC
-34.314667,22.956594,0,5690E95B-9747-B2B5-2EE1-16A72200D5CC
-42.515606,5.5143332,1,58CB3C5E-2F5C-31FE-83E8-C6772D99B8D5
-31.650137,19.33657,1,58CB3C5E-2F5C-31FE-83E8-C6772D99B8D5
-30.95403,33.787273,1,58CB3C5E-2F5C-31FE-83E8-C6772D99B8D5
-8.934525,25.855137,1,58CB3C5E-2F5C-31FE-83E8-C6772D99B8D5
-17.408712,34.439816,0,58CB3C5E-2F5C-31FE-83E8-C6772D99B8D5
-7.2122555,-6.2107067,0,58CB3C5E-2F5C-31FE-83E8-C6772D99B8D5
31.88014,19.394278,0,58CB3C5E-2F5C-31FE-83E8-C6772D99B8D5
37.015713,8.442013,0,58CB3C5E-2F5C-31FE-83E8-C6772D99B8D5
43.323914,-4.142147,0,58CB3C5E-2F5C-31FE-83E8-C6772D99B8D5
-3.7508514,-6.9327645,0,58CB3C5E-2F5C-31FE-83E8-C6772D99B8D5
17.752552,32.68768,0,58CB3C5E-2F5C-31FE-83E8-C6772D99B8D5
4.4566264,49.25345,0,58CB3C5E-2F5C-31FE-83E8-C6772D99B8D5
-32.36642,-22.310072,2,58CB3C5E-2F5C-31FE-83E8-C6772D99B8D5
-42.419884,-36.050293,2,58CB3C5E-2F5C-31FE-83E8-C6772D99B8D5
-43.26012,-36.17153,2,58CB3C5E-2F5C-31FE-83E8-C6772D99B8D5
-41.517857,-35.572453,2,58CB3C5E-2F5C-31FE-83E8-C6772D99B8D5
-40.364014,-31.757486,2,58CB3C5E-2F5C-31FE-83E8-C6772D99B8D5
-41.493343,-33.3288,2,58CB3C5E-2F5C-31FE-83E8-C6772D99B8D5
35.106335,20.579466,2,5CD23052-9069-615B-22B2-CB8E9A2413C9
5.9666395,39.927616,2,5CD23052-9069-615B-22B2-CB8E9A2413C9
42.24167,-18.157736,2,5CD23052-9069-615B-22B2-CB8E9A2413C9
45.063145,-1.4735191,2,5CD23052-9069-615B-22B2-CB8E9A2413C9
44.433395,-8.183375,1,5CD23052-9069-615B-22B2-CB8E9A2413C9
45.260963,-17.235912,1,5CD23052-9069-615B-22B2-CB8E9A2413C9
44.20076,-1.9753968,0,5CD23052-9069-615B-22B2-CB8E9A2413C9
23.135187,-3.0663373,0,5CD23052-9069-615B-22B2-CB8E9A2413C9
-4.704713,44.912067,0,5CD23052-9069-615B-22B2-CB8E9A2413C9
-7.510105,-35.366894,0,5CD23052-9069-615B-22B2-CB8E9A2413C9
-12.244527,-33.712734,2,5CD23052-9069-615B-22B2-CB8E9A2413C9
-49.9874,-17.133326,2,5CD23052-9069-615B-22B2-CB8E9A2413C9
-32.11486,-22.162971,2,5CD23052-9069-615B-22B2-CB8E9A2413C9
-42.485085,-36.84048,2,5CD23052-9069-615B-22B2-CB8E9A2413C9
-44.567944,-42.30027,2,5CD23052-9069-615B-22B2-CB8E9A2413C9
-45.06983,-41.186096,1,5CD23052-9069-615B-22B2-CB8E9A2413C9
-42.917324,-36.98657,1,5CD23052-9069-615B-22B2-CB8E9A2413C9
-42.383427,-36.248337,1,5CD23052-9069-615B-22B2-CB8E9A2413C9
-6.630878,15.265241,2,5E491E0A-C580-29BE-4329-ED7BFF843D0D
-5.8769193,15.256926,2,5E491E0A-C580-29BE-4329-ED7BFF843D0D
3.853449,-33.053673,0,5E491E0A-C580-29BE-4329-ED7BFF843D0D
-22.905043,35.93934,0,5E491E0A-C580-29BE-4329-ED7BFF843D0D
-2.3548787,24.387413,2,5E491E0A-C580-29BE-4329-ED7BFF843D0D
-30.265858,31.28899,2,5E491E0A-C580-29BE-4329-ED7BFF843D0D
-56.149494,-6.448428,2,5E491E0A-C580-29BE-4329-ED7BFF843D0D
-7.005905,-32.161354,0,5E491E0A-C580-29BE-4329-ED7BFF843D0D
23.046133,41.14223,0,5E491E0A-C580-29BE-4329-ED7BFF843D0D
42.04246,-15.650302,0,5E491E0A-C580-29BE-4329-ED7BFF843D0D
21.590115,-22.087564,0,5E491E0A-C580-29BE-4329-ED7BFF843D0D
24.96375,-28.483294,2,5E491E0A-C580-29BE-4329-ED7BFF843D0D
33.364384,16.94525,0,5E491E0A-C580-29BE-4329-ED7BFF843D0D
5.520207,42.08444,2,5E491E0A-C580-29BE-4329-ED7BFF843D0D
3.5202558,48.98096,2,5E491E0A-C580-29BE-4329-ED7BFF843D0D
-15.926124,34.939922,2,5E491E0A-C580-29BE-4329-ED7BFF843D0D
-51.084316,-7.801694,2,5E491E0A-C580-29BE-4329-ED7BFF843D0D
5.991207,42.795185,0,5E491E0A-C580-29BE-4329-ED7BFF843D0D
-32.77657,22.409153,2,5E491E0A-C580-29BE-4329-ED7BFF843D0D
5.6754794,20.853897,0,5E491E0A-C580-29BE-4329-ED7BFF843D0D
-0.7404539,44.859066,0,5E491E0A-C580-29BE-4329-ED7BFF843D0D
-6.087836,-34.452595,0,5E491E0A-C580-29BE-4329-ED7BFF843D0D
-47.385807,9.138217,0,5E491E0A-C580-29BE-4329-ED7BFF843D0D
-45.884365,12.243408,2,5E491E0A-C580-29BE-4329-ED7BFF843D0D
-15.824538,-3.2134411,2,5E491E0A-C580-29BE-4329-ED7BFF843D0D
-47.41261,9.902146,2,5E491E0A-C580-29BE-4329-ED7BFF843D0D
1.187043,21.795452,2,5E491E0A-C580-29BE-4329-ED7BFF843D0D
10.596674,34.889378,2,5F222604-CB86-1ABA-EB7B-31FF78B7BE93
9.295978,34.99067,2,5F222604-CB86-1ABA-EB7B-31FF78B7BE93
27.73559,25.297783,2,5F222604-CB86-1ABA-EB7B-31FF78B7BE93
38.414017,-8.748392,2,5F222604-CB86-1ABA-EB7B-31FF78B7BE93
22.865288,3.888249,2,5F222604-CB86-1ABA-EB7B-31FF78B7BE93
38.786987,-23.253967,2,5F222604-CB86-1ABA-EB7B-31FF78B7BE93
6.3174677,50.760025,2,5F222604-CB86-1ABA-EB7B-31FF78B7BE93
-3.333466,-33.5104,2,5F222604-CB86-1ABA-EB7B-31FF78B7BE93
-31.36537,30.908213,2,5F222604-CB86-1ABA-EB7B-31FF78B7BE93
-44.219555,8.849291,1,5F222604-CB86-1ABA-EB7B-31FF78B7BE93
-39.266987,2.2561948,2,5F222604-CB86-1ABA-EB7B-31FF78B7BE93
-35.021004,13.009407,2,5F222604-CB86-1ABA-EB7B-31FF78B7BE93
-5.263896,-7.1783237,2,5F222604-CB86-1ABA-EB7B-31FF78B7BE93
11.599218,21.284546,2,5F222604-CB86-1ABA-EB7B-31FF78B7BE93
-12.2733135,32.857006,2,5F222604-CB86-1ABA-EB7B-31FF78B7BE93
-30.822937,31.875006,2,5F222604-CB86-1ABA-EB7B-31FF78B7BE93
-26.947445,9.844562,2,5F222604-CB86-1ABA-EB7B-31FF78B7BE93
4.4181004,50.67938,1,5F222604-CB86-1ABA-EB7B-31FF78B7BE93
31.377037,-31.044817,2,5F222604-CB86-1ABA-EB7B-31FF78B7BE93
22.61934,-24.788403,2,5F222604-CB86-1ABA-EB7B-31FF78B7BE93
20.957256,-60.61119,2,5F222604-CB86-1ABA-EB7B-31FF78B7BE93
9.830549,-66.42136,2,5F222604-CB86-1ABA-EB7B-31FF78B7BE93
29.006495,-32.760807,2,5F222604-CB86-1ABA-EB7B-31FF78B7BE93
20.823847,-59.66849,2,5F222604-CB86-1ABA-EB7B-31FF78B7BE93
31.881874,-32.856777,2,5F222604-CB86-1ABA-EB7B-31FF78B7BE93
28.76397,-32.56176,2,5F222604-CB86-1ABA-EB7B-31FF78B7BE93
20.615002,-60.64077,2,5F222604-CB86-1ABA-EB7B-31FF78B7BE93
-38.509228,3.79991,2,62A1F053-1EA8-7433-090E-89D450314F41
-40.8212,12.363375,2,62A1F053-1EA8-7433-090E-89D450314F41
-42.2353,10.994222,2,62A1F053-1EA8-7433-090E-89D450314F41
0.7695836,-32.739998,2,62A1F053-1EA8-7433-090E-89D450314F41
-50.223404,16.617123,2,62A1F053-1EA8-7433-090E-89D450314F41
-23.031925,28.423864,2,62A1F053-1EA8-7433-090E-89D450314F41
-16.962696,37.02017,2,62A1F053-1EA8-7433-090E-89D450314F41
7.6722,50.130806,2,62A1F053-1EA8-7433-090E-89D450314F41
9.355567,-45.90501,2,62A1F053-1EA8-7433-090E-89D450314F41
35.197857,6.118168,2,62A1F053-1EA8-7433-090E-89D450314F41
46.52547,-26.933472,2,62A1F053-1EA8-7433-090E-89D450314F41
43.94963,-28.220982,2,62A1F053-1EA8-7433-090E-89D450314F41
-45.45601,-19.732206,0,62A1F053-1EA8-7433-090E-89D450314F41
-30.24472,-19.483072,0,62A1F053-1EA8-7433-090E-89D450314F41
-31.219566,-19.882193,0,62A1F053-1EA8-7433-090E-89D450314F41
-43.71062,-20.993284,2,62A1F053-1EA8-7433-090E-89D450314F41
-30.91748,-19.672865,2,62A1F053-1EA8-7433-090E-89D450314F41
-29.385221,-19.482235,2,62A1F053-1EA8-7433-090E-89D450314F41
-44.583935,-41.458233,2,62A1F053-1EA8-7433-090E-89D450314F41
-40.89879,-42.49543,2,62A1F053-1EA8-7433-090E-89D450314F41
-40.421642,-42.15769,2,62A1F053-1EA8-7433-090E-89D450314F41
-44.89499,-41.887394,2,62A1F053-1EA8-7433-090E-89D450314F41
-44.855267,-40.46561,2,62A1F053-1EA8-7433-090E-89D450314F41
-39.318096,-30.5372,2,62A1F053-1EA8-7433-090E-89D450314F41
11.245364,21.792892,1,647C581E-E72F-0765-F94A-065909B99374
25.176144,40.360527,1,647C581E-E72F-0765-F94A-065909B99374
9.7120905,5.131479,1,647C581E-E72F-0765-F94A-065909B99374
25.261003,40.3439,1,647C581E-E72F-0765-F94A-065909B99374
12.872378,22.20452,1,647C581E-E72F-0765-F94A-065909B99374
13.620583,35.188812,1,647C581E-E72F-0765-F94A-065909B99374
0.738008,28.894604,1,647C581E-E72F-0765-F94A-065909B99374
-50.28134,13.648865,1,647C581E-E72F-0765-F94A-065909B99374
-44.13943,8.814687,1,647C581E-E72F-0765-F94A-065909B99374
8.721801,37.487858,1,647C581E-E72F-0765-F94A-065909B99374
-9.399563,28.54646,1,647C581E-E72F-0765-F94A-065909B99374
-26.18834,33.813126,1,647C581E-E72F-0765-F94A-065909B99374
-39.52219,6.2373204,2,66E9719B-D383-AA87-7FAB-D9B4ABE7011C
-29.631008,26.807472,2,66E9719B-D383-AA87-7FAB-D9B4ABE7011C
-0.30777603,24.872496,2,66E9719B-D383-AA87-7FAB-D9B4ABE7011C
-43.984314,9.12174,2,66E9719B-D383-AA87-7FAB-D9B4ABE7011C
-3.0610232,-32.548733,2,66E9719B-D383-AA87-7FAB-D9B4ABE7011C
-5.9515214,-30.892532,2,66E9719B-D383-AA87-7FAB-D9B4ABE7011C
25.29444,-29.210403,2,66E9719B-D383-AA87-7FAB-D9B4ABE7011C
21.853508,-22.304676,2,66E9719B-D383-AA87-7FAB-D9B4ABE7011C
22.882177,-25.042963,2,66E9719B-D383-AA87-7FAB-D9B4ABE7011C
34.179794,12.225497,0,66E9719B-D383-AA87-7FAB-D9B4ABE7011C
-15.5797,26.619123,0,66E9719B-D383-AA87-7FAB-D9B4ABE7011C
-9.050449,23.56863,0,66E9719B-D383-AA87-7FAB-D9B4ABE7011C
-26.072424,26.518887,0,66E9719B-D383-AA87-7FAB-D9B4ABE7011C
-33.483562,21.7893,0,66E9719B-D383-AA87-7FAB-D9B4ABE7011C
-33.559425,21.999506,0,66E9719B-D383-AA87-7FAB-D9B4ABE7011C
29.084665,18.572073,2,66E9719B-D383-AA87-7FAB-D9B4ABE7011C
8.689984,-43.43623,2,66E9719B-D383-AA87-7FAB-D9B4ABE7011C
-41.88768,20.19906,2,66E9719B-D383-AA87-7FAB-D9B4ABE7011C
-14.977397,-32.54793,2,66E9719B-D383-AA87-7FAB-D9B4ABE7011C
-38.055378,-27.741404,2,66E9719B-D383-AA87-7FAB-D9B4ABE7011C
-36.169903,-25.767365,2,66E9719B-D383-AA87-7FAB-D9B4ABE7011C
-37.229965,-23.932966,2,66E9719B-D383-AA87-7FAB-D9B4ABE7011C
-21.520144,-26.358984,2,66E9719B-D383-AA87-7FAB-D9B4ABE7011C
-25.527748,-23.135044,0,66E9719B-D383-AA87-7FAB-D9B4ABE7011C
5.4340606,-32.842777,2,68339CF4-6AFB-7EFB-40EA-238612F8E5A4
-10.373336,27.328356,2,68339CF4-6AFB-7EFB-40EA-238612F8E5A4
-28.425308,31.945574,2,68339CF4-6AFB-7EFB-40EA-238612F8E5A4
-14.295092,37.910946,2,68339CF4-6AFB-7EFB-40EA-238612F8E5A4
6.375873,39.59552,2,68339CF4-6AFB-7EFB-40EA-238612F8E5A4
22.290403,30.959734,2,68339CF4-6AFB-7EFB-40EA-238612F8E5A4
-54.832638,-14.244562,0,68339CF4-6AFB-7EFB-40EA-238612F8E5A4
-54.83437,-14.231704,0,68339CF4-6AFB-7EFB-40EA-238612F8E5A4
-41.005722,0.7059793,0,68339CF4-6AFB-7EFB-40EA-238612F8E5A4
-1.1677603,-7.4319377,2,68339CF4-6AFB-7EFB-40EA-238612F8E5A4
39.68302,-6.1021748,2,68339CF4-6AFB-7EFB-40EA-238612F8E5A4
30.729996,-8.041518,2,68339CF4-6AFB-7EFB-40EA-238612F8E5A4
1.6591027,30.350742,2,68339CF4-6AFB-7EFB-40EA-238612F8E5A4
4.518554,40.65203,0,68339CF4-6AFB-7EFB-40EA-238612F8E5A4
5.4785714,51.916096,0,68339CF4-6AFB-7EFB-40EA-238612F8E5A4
24.76478,42.026653,0,68339CF4-6AFB-7EFB-40EA-238612F8E5A4
32.052708,20.257181,0,68339CF4-6AFB-7EFB-40EA-238612F8E5A4
-31.441927,28.702707,0,68339CF4-6AFB-7EFB-40EA-238612F8E5A4
-21.566738,38.1469,0,68339CF4-6AFB-7EFB-40EA-238612F8E5A4
-17.961855,36.825363,0,68339CF4-6AFB-7EFB-40EA-238612F8E5A4
-6.8029838,15.169509,1,68339CF4-6AFB-7EFB-40EA-238612F8E5A4
-18.48477,36.950924,1,68339CF4-6AFB-7EFB-40EA-238612F8E5A4
-8.112496,23.051098,1,68339CF4-6AFB-7EFB-40EA-238612F8E5A4
40.012043,-5.290385,1,68339CF4-6AFB-7EFB-40EA-238612F8E5A4
20.535835,-60.593403,2,68339CF4-6AFB-7EFB-40EA-238612F8E5A4
23.438938,-28.085094,2,68339CF4-6AFB-7EFB-40EA-238612F8E5A4
33.23201,-32.547634,2,68339CF4-6AFB-7EFB-40EA-238612F8E5A4
-37.140625,2.9641054,2,6B1E25A6-882B-DDD7-CE4F-4EC17A0906CF
-12.175458,-3.7988555,2,6B1E25A6-882B-DDD7-CE4F-4EC17A0906CF
36.212532,-15.891062,0,6B1E25A6-882B-DDD7-CE4F-4EC17A0906CF
36.231613,-19.561804,2,6B1E25A6-882B-DDD7-CE4F-4EC17A0906CF
9.141816,-54.10556,2,6B1E25A6-882B-DDD7-CE4F-4EC17A0906CF
35.809505,-18.909035,2,6B1E25A6-882B-DDD7-CE4F-4EC17A0906CF
1.9131261,23.663467,0,6B1E25A6-882B-DDD7-CE4F-4EC17A0906CF
-7.185953,-6.520859,0,6B1E25A6-882B-DDD7-CE4F-4EC17A0906CF
18.912563,37.74775,0,6B1E25A6-882B-DDD7-CE4F-4EC17A0906CF
16.680046,11.335163,0,6B1E25A6-882B-DDD7-CE4F-4EC17A0906CF
6.9959106,20.824566,1,6B1E25A6-882B-DDD7-CE4F-4EC17A0906CF
-13.239297,22.902946,1,6B1E25A6-882B-DDD7-CE4F-4EC17A0906CF
-40.88559,-35.055782,2,6B1E25A6-882B-DDD7-CE4F-4EC17A0906CF
-41.852955,-34.310665,2,6B1E25A6-882B-DDD7-CE4F-4EC17A0906CF
-45.967476,-19.533249,2,6B1E25A6-882B-DDD7-CE4F-4EC17A0906CF
-25.856386,-23.29839,0,6B1E25A6-882B-DDD7-CE4F-4EC17A0906CF
-24.449053,-23.940012,0,6B1E25A6-882B-DDD7-CE4F-4EC17A0906CF
32.134476,-3.4165783,1,6B690AF9-8440-1C43-B353-FA85266AA12C
37.184086,8.075166,1,6B690AF9-8440-1C43-B353-FA85266AA12C
29.577044,-7.4995155,1,6B690AF9-8440-1C43-B353-FA85266AA12C
38.383095,0.5009172,1,6B690AF9-8440-1C43-B353-FA85266AA12C
28.34246,-7.28415,1,6B690AF9-8440-1C43-B353-FA85266AA12C
33.049126,18.650389,1,6B690AF9-8440-1C43-B353-FA85266AA12C
3.6904955,20.330357,1,6B690AF9-8440-1C43-B353-FA85266AA12C
-37.331276,22.332531,1,6B690AF9-8440-1C43-B353-FA85266AA12C
-5.863806,-37.66951,2,6B690AF9-8440-1C43-B353-FA85266AA12C
-11.525125,-35.38581,2,6B690AF9-8440-1C43-B353-FA85266AA12C
-14.814143,-33.490494,2,6B690AF9-8440-1C43-B353-FA85266AA12C
-5.5700316,-37.800247,2,6B690AF9-8440-1C43-B353-FA85266AA12C
9.642363,49.43882,0,6C9454F6-2AA4-4C25-0387-C6CA7AFC4C13
6.6732345,42.790203,0,6C9454F6-2AA4-4C25-0387-C6CA7AFC4C13
-46.39787,-1.3918614,2,6C9454F6-2AA4-4C25-0387-C6CA7AFC4C13
-12.427276,38.25968,0,6C9454F6-2AA4-4C25-0387-C6CA7AFC4C13
40.779205,2.9832435,0,6C9454F6-2AA4-4C25-0387-C6CA7AFC4C13
20.730957,11.17338,0,6C9454F6-2AA4-4C25-0387-C6CA7AFC4C13
23.469402,33.368736,2,6C9454F6-2AA4-4C25-0387-C6CA7AFC4C13
10.611018,51.815315,0,6C9454F6-2AA4-4C25-0387-C6CA7AFC4C13
11.076255,37.12991,0,6C9454F6-2AA4-4C25-0387-C6CA7AFC4C13
9.93635,-46.70453,0,6C9454F6-2AA4-4C25-0387-C6CA7AFC4C13
-4.0513926,-7.8720255,0,6C9454F6-2AA4-4C25-0387-C6CA7AFC4C13
9.260261,-47.013725,0,6C9454F6-2AA4-4C25-0387-C6CA7AFC4C13
15.832279,39.21255,0,6C9454F6-2AA4-4C25-0387-C6CA7AFC4C13
16.86169,11.162388,0,6C9454F6-2AA4-4C25-0387-C6CA7AFC4C13
34.373333,4.439827,0,6C9454F6-2AA4-4C25-0387-C6CA7AFC4C13
31.939623,16.839937,0,6C9454F6-2AA4-4C25-0387-C6CA7AFC4C13
44.236057,-7.31735,2,6C9454F6-2AA4-4C25-0387-C6CA7AFC4C13
42.59512,-3.8517396,2,6C9454F6-2AA4-4C25-0387-C6CA7AFC4C13
-31.626192,21.236378,2,6C9454F6-2AA4-4C25-0387-C6CA7AFC4C13
7.7128386,-33.551144,2,6C9454F6-2AA4-4C25-0387-C6CA7AFC4C13
34.751343,7.5978827,2,6C9454F6-2AA4-4C25-0387-C6CA7AFC4C13
36.70676,7.096993,2,6C9454F6-2AA4-4C25-0387-C6CA7AFC4C13
41.024807,-18.815638,2,6C9454F6-2AA4-4C25-0387-C6CA7AFC4C13
41.05355,-19.087332,2,6C9454F6-2AA4-4C25-0387-C6CA7AFC4C13
-13.498849,24.811432,0,6C9454F6-2AA4-4C25-0387-C6CA7AFC4C13
-25.137539,26.648754,2,6C9454F6-2AA4-4C25-0387-C6CA7AFC4C13
21.372406,42.30294,2,6C9454F6-2AA4-4C25-0387-C6CA7AFC4C13
20.423529,3.3834424,2,6C9454F6-2AA4-4C25-0387-C6CA7AFC4C13
-38.932873,22.168991,2,6C9454F6-2AA4-4C25-0387-C6CA7AFC4C13
-48.629864,4.644231,2,6C9454F6-2AA4-4C25-0387-C6CA7AFC4C13
-42.469925,-35.226185,2,6C9454F6-2AA4-4C25-0387-C6CA7AFC4C13
-39.97371,-29.69729,2,6C9454F6-2AA4-4C25-0387-C6CA7AFC4C13
-41.199554,-31.962133,2,6C9454F6-2AA4-4C25-0387-C6CA7AFC4C13
-52.728615,-13.8850155,0,6E42D32E-048C-D829-197E-7950E78F58CB
-42.442398,5.517115,0,6E42D32E-048C-D829-197E-7950E78F58CB
45.218567,-24.268461,0,6E42D32E-048C-D829-197E-7950E78F58CB
8.713774,-55.616154,0,6E42D32E-048C-D829-197E-7950E78F58CB
35.37117,-20.063017,2,6E42D32E-048C-D829-197E-7950E78F58CB
31.747473,-5.6236687,2,6E42D32E-048C-D829-197E-7950E78F58CB
-42.681324,8.778193,1,6E42D32E-048C-D829-197E-7950E78F58CB
-40.999348,6.196764,1,6E42D32E-048C-D829-197E-7950E78F58CB
-13.239943,13.936802,0,6E42D32E-048C-D829-197E-7950E78F58CB
-50.519234,-1.5153924,0,6E42D32E-048C-D829-197E-7950E78F58CB
-7.8761544,-30.960373,0,6E42D32E-048C-D829-197E-7950E78F58CB
-2.2254705,-34.08202,2,6E42D32E-048C-D829-197E-7950E78F58CB
27.68347,-11.886628,2,6E42D32E-048C-D829-197E-7950E78F58CB
27.831762,-11.924628,2,6E42D32E-048C-D829-197E-7950E78F58CB
-0.27324978,-8.424351,2,6E42D32E-048C-D829-197E-7950E78F58CB
33.397003,16.29801,2,6E42D32E-048C-D829-197E-7950E78F58CB
-10.429266,24.035019,2,6E42D32E-048C-D829-197E-7950E78F58CB
-12.119146,-3.2228684,1,6E42D32E-048C-D829-197E-7950E78F58CB
24.327168,-62.68166,0,6E42D32E-048C-D829-197E-7950E78F58CB
34.480022,-30.147951,0,6E42D32E-048C-D829-197E-7950E78F58CB
38.51099,-28.480528,0,6E42D32E-048C-D829-197E-7950E78F58CB
46.30941,-24.952557,0,6E42D32E-048C-D829-197E-7950E78F58CB
41.993465,-7.46237,1,6E42D32E-048C-D829-197E-7950E78F58CB
42.0436,-17.433887,1,6E42D32E-048C-D829-197E-7950E78F58CB
15.058267,27.905333,2,70432028-81AF-D67A-251E-D2F807AB93CF
18.436274,30.153004,2,70432028-81AF-D67A-251E-D2F807AB93CF
23.161217,14.14879,2,70432028-81AF-D67A-251E-D2F807AB93CF
45.02642,-24.407953,2,70432028-81AF-D67A-251E-D2F807AB93CF
44.17084,-24.285711,2,70432028-81AF-D67A-251E-D2F807AB93CF
21.720844,2.7333026,2,70432028-81AF-D67A-251E-D2F807AB93CF
-52.5461,-12.742348,2,70432028-81AF-D67A-251E-D2F807AB93CF
-52.558006,-11.770558,2,70432028-81AF-D67A-251E-D2F807AB93CF
-50.01853,2.2181988,0,70432028-81AF-D67A-251E-D2F807AB93CF
-50.733322,11.63433,0,70432028-81AF-D67A-251E-D2F807AB93CF
-2.3829472,-35.418182,0,70432028-81AF-D67A-251E-D2F807AB93CF
-34.01603,10.381129,0,70432028-81AF-D67A-251E-D2F807AB93CF
-51.154053,-8.479234,0,70432028-81AF-D67A-251E-D2F807AB93CF
-49.386898,-16.761694,0,70432028-81AF-D67A-251E-D2F807AB93CF
-17.974922,-29.327091,0,70432028-81AF-D67A-251E-D2F807AB93CF
-4.6506157,-36.37512,0,70432028-81AF-D67A-251E-D2F807AB93CF
-12.888736,21.910568,0,70432028-81AF-D67A-251E-D2F807AB93CF
6.3926687,44.728706,0,70432028-81AF-D67A-251E-D2F807AB93CF
43.367897,-7.4771233,2,70432028-81AF-D67A-251E-D2F807AB93CF
29.82365,18.010723,2,70432028-81AF-D67A-251E-D2F807AB93CF
6.964617,48.350758,2,70432028-81AF-D67A-251E-D2F807AB93CF
44.246796,-30.23988,2,70432028-81AF-D67A-251E-D2F807AB93CF
47.47694,-30.420609,2,70432028-81AF-D67A-251E-D2F807AB93CF
21.973064,-5.2978997,2,70432028-81AF-D67A-251E-D2F807AB93CF
-27.77209,9.166793,0,718078D1-70DB-2916-366D-1119A22DCD7F
-32.91603,13.236253,0,718078D1-70DB-2916-366D-1119A22DCD7F
-27.811367,33.633022,0,718078D1-70DB-2916-366D-1119A22DCD7F
-10.937324,28.726019,1,718078D1-70DB-2916-366D-1119A22DCD7F
1.5093527,-32.85821,0,718078D1-70DB-2916-366D-1119A22DCD7F
2.6351764,-32.97547,0,718078D1-70DB-2916-366D-1119A22DCD7F
-28.919518,28.482407,0,718078D1-70DB-2916-366D-1119A22DCD7F
-33.251896,9.263957,0,718078D1-70DB-2916-366D-1119A22DCD7F
-40.08683,12.844348,0,718078D1-70DB-2916-366D-1119A22DCD7F
1.3581969,-33.22137,1,718078D1-70DB-2916-366D-1119A22DCD7F
9.002784,21.886856,1,718078D1-70DB-2916-366D-1119A22DCD7F
-28.573965,21.420732,1,718078D1-70DB-2916-366D-1119A22DCD7F
-28.968878,27.583128,2,718078D1-70DB-2916-366D-1119A22DCD7F
-28.572144,23.161415,2,718078D1-70DB-2916-366D-1119A22DCD7F
-15.223946,38.215088,0,718078D1-70DB-2916-366D-1119A22DCD7F
21.118158,15.360748,0,718078D1-70DB-2916-366D-1119A22DCD7F
0.47174174,-9.147295,2,718078D1-70DB-2916-366D-1119A22DCD7F
36.84761,15.375838,2,718078D1-70DB-2916-366D-1119A22DCD7F
6.642706,51.42448,2,718078D1-70DB-2916-366D-1119A22DCD7F
6.2049823,40.08504,2,718078D1-70DB-2916-366D-1119A22DCD7F
8.407452,-43.725967,2,718078D1-70DB-2916-366D-1119A22DCD7F
21.637209,3.0311766,0,718078D1-70DB-2916-366D-1119A22DCD7F
1.7245243,-9.531655,0,718078D1-70DB-2916-366D-1119A22DCD7F
37.552803,3.0887823,0,718078D1-70DB-2916-366D-1119A22DCD7F
31.599392,17.888828,0,718078D1-70DB-2916-366D-1119A22DCD7F
21.17846,2.97849,0,718078D1-70DB-2916-366D-1119A22DCD7F
-2.908343,-6.935903,0,718078D1-70DB-2916-366D-1119A22DCD7F
-32.672363,21.676031,0,718078D1-70DB-2916-366D-1119A22DCD7F
10.492046,-66.43562,1,718078D1-70DB-2916-366D-1119A22DCD7F
10.219822,-66.00149,0,718078D1-70DB-2916-366D-1119A22DCD7F
6.4303684,40.437405,2,72B642AD-2D4A-574F-05EC-EC93C0C52335
-14.396672,36.54325,2,72B642AD-2D4A-574F-05EC-EC93C0C52335
38.808475,9.301255,2,72B642AD-2D4A-574F-05EC-EC93C0C52335
35.678577,10.91672,2,72B642AD-2D4A-574F-05EC-EC93C0C52335
20.653044,8.437422,2,72B642AD-2D4A-574F-05EC-EC93C0C52335
9.461495,-52.49282,2,72B642AD-2D4A-574F-05EC-EC93C0C52335
-50.245663,-0.88435215,2,72B642AD-2D4A-574F-05EC-EC93C0C52335
-56.558273,-11.556417,2,72B642AD-2D4A-574F-05EC-EC93C0C52335
-56.61902,-12.736821,1,72B642AD-2D4A-574F-05EC-EC93C0C52335
-54.004116,-7.8924637,2,72B642AD-2D4A-574F-05EC-EC93C0C52335
-9.726862,-31.667145,2,72B642AD-2D4A-574F-05EC-EC93C0C52335
27.774277,25.480299,2,72B642AD-2D4A-574F-05EC-EC93C0C52335
8.800849,-50.97181,2,72B642AD-2D4A-574F-05EC-EC93C0C52335
37.525936,19.91443,2,72B642AD-2D4A-574F-05EC-EC93C0C52335
24.55033,-62.997738,2,72B642AD-2D4A-574F-05EC-EC93C0C52335
-2.787075,-8.071126,2,72B642AD-2D4A-574F-05EC-EC93C0C52335
38.543697,-9.682388,2,72B642AD-2D4A-574F-05EC-EC93C0C52335
34.617264,15.137623,2,72B642AD-2D4A-574F-05EC-EC93C0C52335
7.9718413,-43.17988,2,72B642AD-2D4A-574F-05EC-EC93C0C52335
-11.828742,14.872592,2,72B642AD-2D4A-574F-05EC-EC93C0C52335
-2.8312356,-33.381866,2,72B642AD-2D4A-574F-05EC-EC93C0C52335
-40.890774,4.0878367,0,72B642AD-2D4A-574F-05EC-EC93C0C52335
-41.568325,0.2995535,0,72B642AD-2D4A-574F-05EC-EC93C0C52335
-2.8769069,-33.24081,0,72B642AD-2D4A-574F-05EC-EC93C0C52335
-44.70469,6.91967,0,72B642AD-2D4A-574F-05EC-EC93C0C52335
0.017069412,35.966595,0,72B642AD-2D4A-574F-05EC-EC93C0C52335
20.335281,33.159855,2,72B642AD-2D4A-574F-05EC-EC93C0C52335
-4.5732207,-7.124099,2,72B642AD-2D4A-574F-05EC-EC93C0C52335
9.840646,21.909107,2,72B642AD-2D4A-574F-05EC-EC93C0C52335
-2.7102993,24.0852,2,72B642AD-2D4A-574F-05EC-EC93C0C52335
-31.513323,10.716286,2,7417E7AB-C723-0958-F8EE-DDA4DED65165
-26.948399,20.607475,2,7417E7AB-C723-0958-F8EE-DDA4DED65165
-29.791136,32.875046,2,7417E7AB-C723-0958-F8EE-DDA4DED65165
-36.934166,4.629041,2,7417E7AB-C723-0958-F8EE-DDA4DED65165
-42.33347,6.303999,1,7417E7AB-C723-0958-F8EE-DDA4DED65165
26.84309,24.977022,1,7417E7AB-C723-0958-F8EE-DDA4DED65165
19.336266,38.577343,2,7417E7AB-C723-0958-F8EE-DDA4DED65165
-47.044174,8.64991,2,7417E7AB-C723-0958-F8EE-DDA4DED65165
-47.897358,4.4361935,2,7417E7AB-C723-0958-F8EE-DDA4DED65165
-13.972308,24.662745,0,7417E7AB-C723-0958-F8EE-DDA4DED65165
-31.867168,21.450808,0,7417E7AB-C723-0958-F8EE-DDA4DED65165
-13.559083,25.20058,0,7417E7AB-C723-0958-F8EE-DDA4DED65165
-37.863266,-26.55391,1,7417E7AB-C723-0958-F8EE-DDA4DED65165
-37.937916,-26.422552,1,7417E7AB-C723-0958-F8EE-DDA4DED65165
-35.93115,-24.303299,1,7417E7AB-C723-0958-F8EE-DDA4DED65165
8.741667,-52.85863,1,761D024F-3C62-5326-601A-88D436C7726A
39.385582,-12.054585,1,761D024F-3C62-5326-601A-88D436C7726A
36.178738,-15.327701,1,761D024F-3C62-5326-601A-88D436C7726A
9.069037,-52.957592,1,761D024F-3C62-5326-601A-88D436C7726A
34.44638,19.481548,1,761D024F-3C62-5326-601A-88D436C7726A
36.654884,18.185888,2,761D024F-3C62-5326-601A-88D436C7726A
38.42629,19.226553,0,761D024F-3C62-5326-601A-88D436C7726A
13.1656275,34.64261,1,761D024F-3C62-5326-601A-88D436C7726A
15.32472,26.115692,1,761D024F-3C62-5326-601A-88D436C7726A
12.802737,35.519627,1,761D024F-3C62-5326-601A-88D436C7726A
35.824196,18.612022,1,761D024F-3C62-5326-601A-88D436C7726A
38.44297,-8.88042,2,761D024F-3C62-5326-601A-88D436C7726A
9.127331,19.298807,2,761D024F-3C62-5326-601A-88D436C7726A
14.570821,15.457153,2,761D024F-3C62-5326-601A-88D436C7726A
50.02307,-23.94893,2,761D024F-3C62-5326-601A-88D436C7726A
46.28217,-27.135012,2,761D024F-3C62-5326-601A-88D436C7726A
44.77681,-21.059433,2,761D024F-3C62-5326-601A-88D436C7726A
21.492594,-21.94795,2,761D024F-3C62-5326-601A-88D436C7726A
-18.236975,36.89207,2,761D024F-3C62-5326-601A-88D436C7726A
1.745413,44.231705,1,761D024F-3C62-5326-601A-88D436C7726A
11.031695,4.1125493,1,761D024F-3C62-5326-601A-88D436C7726A
16.112396,37.620308,1,761D024F-3C62-5326-601A-88D436C7726A
9.196359,21.114529,0,761D024F-3C62-5326-601A-88D436C7726A
10.703063,21.700985,0,761D024F-3C62-5326-601A-88D436C7726A
41.660717,-2.8469393,2,772BA0E9-AC30-CEA6-AA1B-18A0300702AA
25.918474,-3.72936,2,772BA0E9-AC30-CEA6-AA1B-18A0300702AA
37.946312,9.999873,2,772BA0E9-AC30-CEA6-AA1B-18A0300702AA
16.0449,14.43215,2,772BA0E9-AC30-CEA6-AA1B-18A0300702AA
4.796113,36.521683,2,772BA0E9-AC30-CEA6-AA1B-18A0300702AA
-13.239584,25.401138,2,772BA0E9-AC30-CEA6-AA1B-18A0300702AA
46.2095,-20.088621,0,772BA0E9-AC30-CEA6-AA1B-18A0300702AA
24.051115,-28.316702,0,772BA0E9-AC30-CEA6-AA1B-18A0300702AA
9.532416,16.582998,0,772BA0E9-AC30-CEA6-AA1B-18A0300702AA
46.01739,-10.435758,0,772BA0E9-AC30-CEA6-AA1B-18A0300702AA
24.62802,-6.4699225,0,772BA0E9-AC30-CEA6-AA1B-18A0300702AA
19.480062,3.5366797,1,772BA0E9-AC30-CEA6-AA1B-18A0300702AA
-17.19997,-28.512028,0,772BA0E9-AC30-CEA6-AA1B-18A0300702AA
-23.605879,-23.964594,0,772BA0E9-AC30-CEA6-AA1B-18A0300702AA
-37.907993,-25.327396,0,772BA0E9-AC30-CEA6-AA1B-18A0300702AA
-33.083946,-22.774242,0,772BA0E9-AC30-CEA6-AA1B-18A0300702AA
-30.64762,-21.159758,2,772BA0E9-AC30-CEA6-AA1B-18A0300702AA
-30.403315,-21.912083,2,772BA0E9-AC30-CEA6-AA1B-18A0300702AA
9.485673,-65.4467,1,77F6B31E-B228-3C6D-A66F-E7E6FDED3587
21.224058,-60.58352,1,77F6B31E-B228-3C6D-A66F-E7E6FDED3587
29.704397,-29.866682,2,77F6B31E-B228-3C6D-A66F-E7E6FDED3587
9.093385,-53.21025,2,77F6B31E-B228-3C6D-A66F-E7E6FDED3587
39.665108,-7.8201656,2,77F6B31E-B228-3C6D-A66F-E7E6FDED3587
9.472413,-51.589836,2,77F6B31E-B228-3C6D-A66F-E7E6FDED3587
-29.803513,30.952267,1,77F6B31E-B228-3C6D-A66F-E7E6FDED3587
-19.853928,39.530697,1,77F6B31E-B228-3C6D-A66F-E7E6FDED3587
-41.84782,11.404592,1,77F6B31E-B228-3C6D-A66F-E7E6FDED3587
4.515104,-33.045616,1,77F6B31E-B228-3C6D-A66F-E7E6FDED3587
0.8404988,35.168003,1,77F6B31E-B228-3C6D-A66F-E7E6FDED3587
0.91903627,41.989403,1,77F6B31E-B228-3C6D-A66F-E7E6FDED3587
0.48064592,42.764656,1,77F6B31E-B228-3C6D-A66F-E7E6FDED3587
0.1107525,39.305275,1,77F6B31E-B228-3C6D-A66F-E7E6FDED3587
-0.8551512,41.088646,1,77F6B31E-B228-3C6D-A66F-E7E6FDED3587
22.791666,30.187523,1,77F6B31E-B228-3C6D-A66F-E7E6FDED3587
-27.412733,21.017393,1,77F6B31E-B228-3C6D-A66F-E7E6FDED3587
-53.34048,-8.924493,1,77F6B31E-B228-3C6D-A66F-E7E6FDED3587
1.3892665,33.938377,0,7B8B31F4-FFC3-7A4E-3EAF-78D5CA8ACB61
-1.0254226,42.557648,2,7B8B31F4-FFC3-7A4E-3EAF-78D5CA8ACB61
-11.17636,-3.8482268,2,7B8B31F4-FFC3-7A4E-3EAF-78D5CA8ACB61
-10.17764,-4.279866,2,7B8B31F4-FFC3-7A4E-3EAF-78D5CA8ACB61
-27.288876,30.605356,2,7B8B31F4-FFC3-7A4E-3EAF-78D5CA8ACB61
37.394684,4.7671294,2,7B8B31F4-FFC3-7A4E-3EAF-78D5CA8ACB61
43.081493,-23.807238,2,7B8B31F4-FFC3-7A4E-3EAF-78D5CA8ACB61
43.443333,-22.636185,2,7B8B31F4-FFC3-7A4E-3EAF-78D5CA8ACB61
22.358315,4.5020347,2,7B8B31F4-FFC3-7A4E-3EAF-78D5CA8ACB61
22.974222,32.958626,2,7B8B31F4-FFC3-7A4E-3EAF-78D5CA8ACB61
19.433262,12.25443,2,7B8B31F4-FFC3-7A4E-3EAF-78D5CA8ACB61
22.940178,33.16428,2,7B8B31F4-FFC3-7A4E-3EAF-78D5CA8ACB61
22.226624,-24.824749,0,7B8B31F4-FFC3-7A4E-3EAF-78D5CA8ACB61
30.837936,-31.939756,0,7B8B31F4-FFC3-7A4E-3EAF-78D5CA8ACB61
10.591588,-63.7076,1,7B8B31F4-FFC3-7A4E-3EAF-78D5CA8ACB61
10.366283,-60.324875,1,7B8B31F4-FFC3-7A4E-3EAF-78D5CA8ACB61
44.5984,-18.557022,1,7B8B31F4-FFC3-7A4E-3EAF-78D5CA8ACB61
44.509586,-19.906757,0,7B8B31F4-FFC3-7A4E-3EAF-78D5CA8ACB61
-30.13697,-22.23875,2,7B8B31F4-FFC3-7A4E-3EAF-78D5CA8ACB61
-39.46328,-29.887632,2,7B8B31F4-FFC3-7A4E-3EAF-78D5CA8ACB61
-40.473297,-30.153063,1,7B8B31F4-FFC3-7A4E-3EAF-78D5CA8ACB61
0.26487055,25.869444,2,7DC9729F-BA27-3831-6078-F8508766396A
1.8217385,38.97272,2,7DC9729F-BA27-3831-6078-F8508766396A
27.113907,40.28612,2,7DC9729F-BA27-3831-6078-F8508766396A
38.331783,18.385468,2,7DC9729F-BA27-3831-6078-F8508766396A
26.854633,40.44455,2,7DC9729F-BA27-3831-6078-F8508766396A
31.957737,-5.0335546,2,7DC9729F-BA27-3831-6078-F8508766396A
21.154942,-59.40917,0,7DC9729F-BA27-3831-6078-F8508766396A
24.519987,24.231634,0,7DC9729F-BA27-3831-6078-F8508766396A
22.295921,7.9201717,0,7DC9729F-BA27-3831-6078-F8508766396A
6.974232,33.844185,0,7DC9729F-BA27-3831-6078-F8508766396A
2.699894,50.655727,0,7DC9729F-BA27-3831-6078-F8508766396A
30.310675,22.174044,0,7DC9729F-BA27-3831-6078-F8508766396A
-33.309498,12.772291,2,7DC9729F-BA27-3831-6078-F8508766396A
-27.22623,27.19856,2,7DC9729F-BA27-3831-6078-F8508766396A
-11.840028,24.761332,2,7DC9729F-BA27-3831-6078-F8508766396A
5.0143704,42.29968,2,7DC9729F-BA27-3831-6078-F8508766396A
17.7243,14.020009,2,7DC9729F-BA27-3831-6078-F8508766396A
9.4996605,-48.407036,0,7DC9729F-BA27-3831-6078-F8508766396A
24.84267,-30.08837,2,7DC9729F-BA27-3831-6078-F8508766396A
10.1232605,-65.01762,2,7DC9729F-BA27-3831-6078-F8508766396A
24.53674,-28.667206,0,7DC9729F-BA27-3831-6078-F8508766396A
19.166166,29.325054,2,7FB7C50A-30EA-A991-0C04-7FFA681B8803
7.991096,-43.372673,2,7FB7C50A-30EA-A991-0C04-7FFA681B8803
-30.36785,7.2585444,2,7FB7C50A-30EA-A991-0C04-7FFA681B8803
-11.144508,-5.0251985,2,7FB7C50A-30EA-A991-0C04-7FFA681B8803
0.111973435,36.068653,2,7FB7C50A-30EA-A991-0C04-7FFA681B8803
28.397512,26.14179,0,7FB7C50A-30EA-A991-0C04-7FFA681B8803
9.536186,-59.045322,0,7FB7C50A-30EA-A991-0C04-7FFA681B8803
41.630146,-10.4763565,2,7FB7C50A-30EA-A991-0C04-7FFA681B8803
22.3195,31.310417,2,7FB7C50A-30EA-A991-0C04-7FFA681B8803
11.938415,26.410793,2,7FB7C50A-30EA-A991-0C04-7FFA681B8803
19.77798,31.901571,0,7FB7C50A-30EA-A991-0C04-7FFA681B8803
-4.597389,-7.5619907,0,7FB7C50A-30EA-A991-0C04-7FFA681B8803
-50.910324,-0.9683398,1,7FB7C50A-30EA-A991-0C04-7FFA681B8803
-2.9535189,-7.707453,1,7FB7C50A-30EA-A991-0C04-7FFA681B8803
0.16581117,-8.905893,1,7FB7C50A-30EA-A991-0C04-7FFA681B8803
36.931,7.007997,1,7FB7C50A-30EA-A991-0C04-7FFA681B8803
46.109764,-26.392717,1,7FB7C50A-30EA-A991-0C04-7FFA681B8803
41.6332,-6.573024,1,7FB7C50A-30EA-A991-0C04-7FFA681B8803
28.154484,15.511402,1,7FB7C50A-30EA-A991-0C04-7FFA681B8803
-1.349078,45.534397,1,7FB7C50A-30EA-A991-0C04-7FFA681B8803
-17.39686,23.160252,1,7FB7C50A-30EA-A991-0C04-7FFA681B8803
-18.157114,22.82146,1,7FB7C50A-30EA-A991-0C04-7FFA681B8803
-3.2790463,-38.70478,1,7FB7C50A-30EA-A991-0C04-7FFA681B8803
-33.734043,22.46982,1,7FB7C50A-30EA-A991-0C04-7FFA681B8803
16.113256,32.24124,1,7FB7C50A-30EA-A991-0C04-7FFA681B8803
43.902233,-7.259717,1,7FB7C50A-30EA-A991-0C04-7FFA681B8803
-9.073723,23.448257,0,7FB7C50A-30EA-A991-0C04-7FFA681B8803
-8.294953,-5.683613,0,7FB7C50A-30EA-A991-0C04-7FFA681B8803
-18.08442,38.56227,0,7FB7C50A-30EA-A991-0C04-7FFA681B8803
-5.511549,-35.91178,0,7FB7C50A-30EA-A991-0C04-7FFA681B8803
-27.461296,31.282684,0,8322EDEF-4C09-318A-1B7E-56D62A6839AD
-31.045889,7.483593,0,8322EDEF-4C09-318A-1B7E-56D62A6839AD
37.250504,18.809973,0,8322EDEF-4C09-318A-1B7E-56D62A6839AD
38.87519,0.6254523,2,8322EDEF-4C09-318A-1B7E-56D62A6839AD
39.068264,8.961919,2,8322EDEF-4C09-318A-1B7E-56D62A6839AD
9.571668,-49.06546,2,8322EDEF-4C09-318A-1B7E-56D62A6839AD
-53.230198,-15.373314,0,8322EDEF-4C09-318A-1B7E-56D62A6839AD
-7.2017875,-32.404915,0,8322EDEF-4C09-318A-1B7E-56D62A6839AD
-1.1706876,-32.732395,0,8322EDEF-4C09-318A-1B7E-56D62A6839AD
35.36492,25.442854,0,8322EDEF-4C09-318A-1B7E-56D62A6839AD
0.49812287,-8.982794,0,8322EDEF-4C09-318A-1B7E-56D62A6839AD
34.745235,25.886799,0,8322EDEF-4C09-318A-1B7E-56D62A6839AD
48.628784,-25.71217,0,8322EDEF-4C09-318A-1B7E-56D62A6839AD
15.776412,28.86585,1,8322EDEF-4C09-318A-1B7E-56D62A6839AD
5.7332597,52.609257,1,8322EDEF-4C09-318A-1B7E-56D62A6839AD
-0.9903609,29.421926,1,8322EDEF-4C09-318A-1B7E-56D62A6839AD
38.753605,-23.243845,1,8322EDEF-4C09-318A-1B7E-56D62A6839AD
38.10285,-27.504322,1,8322EDEF-4C09-318A-1B7E-56D62A6839AD
-29.21166,33.463364,1,8322EDEF-4C09-318A-1B7E-56D62A6839AD
-51.722347,-7.801505,1,8322EDEF-4C09-318A-1B7E-56D62A6839AD
-52.55743,-14.062803,1,8322EDEF-4C09-318A-1B7E-56D62A6839AD
-16.602959,-27.440063,2,8322EDEF-4C09-318A-1B7E-56D62A6839AD
-50.70739,1.4834875,2,8322EDEF-4C09-318A-1B7E-56D62A6839AD
-28.823063,11.229563,2,8322EDEF-4C09-318A-1B7E-56D62A6839AD
8.569736,-34.08173,1,8322EDEF-4C09-318A-1B7E-56D62A6839AD
8.52882,-34.06404,1,8322EDEF-4C09-318A-1B7E-56D62A6839AD
8.535099,-34.060535,1,8322EDEF-4C09-318A-1B7E-56D62A6839AD
13.41958,3.2517424,1,8322EDEF-4C09-318A-1B7E-56D62A6839AD
13.44754,3.27829,1,8322EDEF-4C09-318A-1B7E-56D62A6839AD
13.442683,3.2741218,1,8322EDEF-4C09-318A-1B7E-56D62A6839AD
-27.65072,20.522888,0,8407F9C4-C295-8C95-C281-584AF2118F84
-32.970303,5.8918333,2,8407F9C4-C295-8C95-C281-584AF2118F84
42.890594,-7.6670012,2,8407F9C4-C295-8C95-C281-584AF2118F84
43.551132,-4.461062,2,8407F9C4-C295-8C95-C281-584AF2118F84
1.5210925,-9.3045435,2,8407F9C4-C295-8C95-C281-584AF2118F84
36.656155,2.0014045,2,8407F9C4-C295-8C95-C281-584AF2118F84
-40.921947,-32.23162,2,8407F9C4-C295-8C95-C281-584AF2118F84
-39.81052,-30.101051,2,8407F9C4-C295-8C95-C281-584AF2118F84
-29.508945,-22.489515,2,8407F9C4-C295-8C95-C281-584AF2118F84
-25.064657,-23.494757,2,8407F9C4-C295-8C95-C281-584AF2118F84
-28.628088,-22.347773,2,8407F9C4-C295-8C95-C281-584AF2118F84
-26.892094,12.549727,2,85748DC9-A6DA-334D-6422-BF69EE06A98C
-53.818077,-10.487387,2,85748DC9-A6DA-334D-6422-BF69EE06A98C
-10.997989,-30.916964,2,85748DC9-A6DA-334D-6422-BF69EE06A98C
-10.088196,-29.111567,0,85748DC9-A6DA-334D-6422-BF69EE06A98C
-9.58608,-29.06723,2,85748DC9-A6DA-334D-6422-BF69EE06A98C
-9.006964,-29.646921,2,85748DC9-A6DA-334D-6422-BF69EE06A98C
14.998611,37.73221,1,85748DC9-A6DA-334D-6422-BF69EE06A98C
6.059192,50.978355,1,85748DC9-A6DA-334D-6422-BF69EE06A98C
18.837423,33.79205,1,85748DC9-A6DA-334D-6422-BF69EE06A98C
20.349312,29.537674,1,85748DC9-A6DA-334D-6422-BF69EE06A98C
18.250774,10.159125,1,85748DC9-A6DA-334D-6422-BF69EE06A98C
9.363342,20.341385,1,85748DC9-A6DA-334D-6422-BF69EE06A98C
42.865192,-17.504969,1,85748DC9-A6DA-334D-6422-BF69EE06A98C
42.6189,-17.946033,1,85748DC9-A6DA-334D-6422-BF69EE06A98C
44.633656,-21.091385,1,85748DC9-A6DA-334D-6422-BF69EE06A98C
26.601965,-5.430676,1,85748DC9-A6DA-334D-6422-BF69EE06A98C
21.090227,37.671345,1,85748DC9-A6DA-334D-6422-BF69EE06A98C
25.875824,-5.412162,1,85748DC9-A6DA-334D-6422-BF69EE06A98C
-18.52711,37.52706,0,862DB2BA-55C9-5794-03BC-FBBA3BEE80C7
17.084944,37.19396,0,862DB2BA-55C9-5794-03BC-FBBA3BEE80C7
9.555503,49.560574,0,862DB2BA-55C9-5794-03BC-FBBA3BEE80C7
-7.1057324,-6.641983,0,862DB2BA-55C9-5794-03BC-FBBA3BEE80C7
-29.510923,21.514486,1,862DB2BA-55C9-5794-03BC-FBBA3BEE80C7
-31.082863,27.69499,1,862DB2BA-55C9-5794-03BC-FBBA3BEE80C7
41.88098,-0.59752077,0,862DB2BA-55C9-5794-03BC-FBBA3BEE80C7
-18.885841,40.65577,0,862DB2BA-55C9-5794-03BC-FBBA3BEE80C7
-45.52438,11.383465,1,862DB2BA-55C9-5794-03BC-FBBA3BEE80C7
-41.848866,5.8355274,2,862DB2BA-55C9-5794-03BC-FBBA3BEE80C7
-13.862281,-30.516792,2,862DB2BA-55C9-5794-03BC-FBBA3BEE80C7
-52.519978,-9.822707,2,862DB2BA-55C9-5794-03BC-FBBA3BEE80C7
-14.684083,-30.287838,2,862DB2BA-55C9-5794-03BC-FBBA3BEE80C7
-4.571124,-35.468124,2,862DB2BA-55C9-5794-03BC-FBBA3BEE80C7
-12.519543,24.82491,2,862DB2BA-55C9-5794-03BC-FBBA3BEE80C7
20.837503,4.2504272,2,862DB2BA-55C9-5794-03BC-FBBA3BEE80C7
42.525223,-19.647514,2,862DB2BA-55C9-5794-03BC-FBBA3BEE80C7
37.49033,-23.87794,2,862DB2BA-55C9-5794-03BC-FBBA3BEE80C7
-39.72622,-41.592007,2,862DB2BA-55C9-5794-03BC-FBBA3BEE80C7
-30.020157,-19.71397,2,862DB2BA-55C9-5794-03BC-FBBA3BEE80C7
-37.33295,22.918524,2,862DB2BA-55C9-5794-03BC-FBBA3BEE80C7
38.288242,-28.67808,2,8690E8B6-9B41-5F0E-C518-8F2D028C6690
30.269886,-29.654837,2,8690E8B6-9B41-5F0E-C518-8F2D028C6690
27.854248,-8.497767,2,8690E8B6-9B41-5F0E-C518-8F2D028C6690
44.9489,-27.892305,2,8690E8B6-9B41-5F0E-C518-8F2D028C6690
10.689205,-53.24601,2,8690E8B6-9B41-5F0E-C518-8F2D028C6690
15.433889,10.094723,2,8690E8B6-9B41-5F0E-C518-8F2D028C6690
-0.8717335,42.914703,2,8690E8B6-9B41-5F0E-C518-8F2D028C6690
-27.50185,9.448515,2,8690E8B6-9B41-5F0E-C518-8F2D028C6690
-31.594538,18.177961,2,8690E8B6-9B41-5F0E-C518-8F2D028C6690
-43.573055,4.736635,2,8690E8B6-9B41-5F0E-C518-8F2D028C6690
-44.34573,4.9059186,0,8690E8B6-9B41-5F0E-C518-8F2D028C6690
-10.958367,-30.84283,0,8690E8B6-9B41-5F0E-C518-8F2D028C6690
-25.671366,31.893023,2,8690E8B6-9B41-5F0E-C518-8F2D028C6690
-9.2007475,25.81297,0,8690E8B6-9B41-5F0E-C518-8F2D028C6690
-31.210243,28.254042,0,8690E8B6-9B41-5F0E-C518-8F2D028C6690
-11.963289,-3.2970245,0,8690E8B6-9B41-5F0E-C518-8F2D028C6690
-33.941166,15.069185,0,8690E8B6-9B41-5F0E-C518-8F2D028C6690
12.180897,3.8457382,1,8690E8B6-9B41-5F0E-C518-8F2D028C6690
-4.76023,-36.03844,0,8690E8B6-9B41-5F0E-C518-8F2D028C6690
-39.44774,19.377539,0,8690E8B6-9B41-5F0E-C518-8F2D028C6690
-12.20266,16.167341,0,8690E8B6-9B41-5F0E-C518-8F2D028C6690
9.189578,48.375584,0,8690E8B6-9B41-5F0E-C518-8F2D028C6690
18.455812,38.052773,0,8690E8B6-9B41-5F0E-C518-8F2D028C6690
30.213055,20.075518,1,8690E8B6-9B41-5F0E-C518-8F2D028C6690
16.462387,17.197762,2,874A6B13-C999-C802-1138-FA198591D897
0.22779506,28.112974,2,874A6B13-C999-C802-1138-FA198591D897
15.949506,36.975277,2,874A6B13-C999-C802-1138-FA198591D897
3.4817765,50.336388,2,874A6B13-C999-C802-1138-FA198591D897
-9.451309,27.121393,2,874A6B13-C999-C802-1138-FA198591D897
-32.14732,13.419512,0,874A6B13-C999-C802-1138-FA198591D897
-8.033686,-5.188865,0,874A6B13-C999-C802-1138-FA198591D897
-6.5732384,-6.17948,0,874A6B13-C999-C802-1138-FA198591D897
9.79828,-47.682396,0,874A6B13-C999-C802-1138-FA198591D897
38.10011,8.673556,0,874A6B13-C999-C802-1138-FA198591D897
30.270926,-6.145823,1,874A6B13-C999-C802-1138-FA198591D897
9.955132,-52.09879,2,874A6B13-C999-C802-1138-FA198591D897
-5.45461,46.25504,2,874A6B13-C999-C802-1138-FA198591D897
-5.329164,45.870857,2,874A6B13-C999-C802-1138-FA198591D897
-4.409264,-38.703815,2,874A6B13-C999-C802-1138-FA198591D897
4.72838,15.846741,2,874A6B13-C999-C802-1138-FA198591D897
-18.827217,20.677166,2,874A6B13-C999-C802-1138-FA198591D897
-4.0721335,47.201256,0,874A6B13-C999-C802-1138-FA198591D897
-25.368708,15.2268915,2,874A6B13-C999-C802-1138-FA198591D897
21.300106,-3.145851,2,874A6B13-C999-C802-1138-FA198591D897
2.1308565,19.678509,2,874A6B13-C999-C802-1138-FA198591D897
-50.014233,2.540351,2,874A6B13-C999-C802-1138-FA198591D897
-41.605568,19.455067,2,874A6B13-C999-C802-1138-FA198591D897
-5.615364,-35.58571,2,874A6B13-C999-C802-1138-FA198591D897
4.9441314,-32.764084,2,9268F759-54B0-96CC-C0F5-9D8DBAA12073
-9.962455,26.568132,2,9268F759-54B0-96CC-C0F5-9D8DBAA12073
1.5719007,44.266815,2,9268F759-54B0-96CC-C0F5-9D8DBAA12073
-0.7748032,30.21969,2,9268F759-54B0-96CC-C0F5-9D8DBAA12073
-0.7323373,24.402311,2,9268F759-54B0-96CC-C0F5-9D8DBAA12073
-9.933689,26.112398,2,9268F759-54B0-96CC-C0F5-9D8DBAA12073
34.78902,-22.202724,2,9268F759-54B0-96CC-C0F5-9D8DBAA12073
36.60034,23.606451,2,9268F759-54B0-96CC-C0F5-9D8DBAA12073
-6.3059845,15.570352,2,9268F759-54B0-96CC-C0F5-9D8DBAA12073
35.202583,18.66157,2,9268F759-54B0-96CC-C0F5-9D8DBAA12073
25.332214,23.90051,2,9268F759-54B0-96CC-C0F5-9D8DBAA12073
35.72321,18.474636,2,9268F759-54B0-96CC-C0F5-9D8DBAA12073
37.997143,25.90053,2,9268F759-54B0-96CC-C0F5-9D8DBAA12073
23.804842,39.702763,2,9268F759-54B0-96CC-C0F5-9D8DBAA12073
13.55888,26.747343,2,9268F759-54B0-96CC-C0F5-9D8DBAA12073
18.10595,35.16469,2,9268F759-54B0-96CC-C0F5-9D8DBAA12073
-0.38950446,42.697716,2,9268F759-54B0-96CC-C0F5-9D8DBAA12073
-28.34619,31.804115,2,9268F759-54B0-96CC-C0F5-9D8DBAA12073
-2.6012173,-31.963806,1,9268F759-54B0-96CC-C0F5-9D8DBAA12073
-33.61747,14.352906,1,9268F759-54B0-96CC-C0F5-9D8DBAA12073
24.435156,33.111134,1,9268F759-54B0-96CC-C0F5-9D8DBAA12073
-13.251974,37.785667,1,9268F759-54B0-96CC-C0F5-9D8DBAA12073
-22.08388,37.801987,2,9268F759-54B0-96CC-C0F5-9D8DBAA12073
-34.374744,11.412881,2,9268F759-54B0-96CC-C0F5-9D8DBAA12073
0.8766745,35.19144,0,9268F759-54B0-96CC-C0F5-9D8DBAA12073
-0.56702757,35.99691,0,9268F759-54B0-96CC-C0F5-9D8DBAA12073
-11.00763,-3.6764777,0,9268F759-54B0-96CC-C0F5-9D8DBAA12073
-12.592442,14.480865,1,9268F759-54B0-96CC-C0F5-9D8DBAA12073
-10.9675665,-4.16759,1,9268F759-54B0-96CC-C0F5-9D8DBAA12073
23.07305,40.44894,0,96B78431-4166-E4D3-2AA2-15BE2512E1D6
6.792502,39.35277,0,96B78431-4166-E4D3-2AA2-15BE2512E1D6
0.58105856,35.663067,0,96B78431-4166-E4D3-2AA2-15BE2512E1D6
38.062527,-28.5871,0,96B78431-4166-E4D3-2AA2-15BE2512E1D6
-6.7723284,-4.8144,0,96B78431-4166-E4D3-2AA2-15BE2512E1D6
8.63643,-57.154568,0,96B78431-4166-E4D3-2AA2-15BE2512E1D6
34.785713,-29.795593,1,96B78431-4166-E4D3-2AA2-15BE2512E1D6
35.254417,-29.569284,1,96B78431-4166-E4D3-2AA2-15BE2512E1D6
33.652477,22.5678,1,96B78431-4166-E4D3-2AA2-15BE2512E1D6
-14.357042,-3.5049438,1,96B78431-4166-E4D3-2AA2-15BE2512E1D6
-28.89821,22.876022,1,96B78431-4166-E4D3-2AA2-15BE2512E1D6
-37.155598,8.243537,1,96B78431-4166-E4D3-2AA2-15BE2512E1D6
-32.741356,11.649105,1,96B78431-4166-E4D3-2AA2-15BE2512E1D6
-49.252823,0.823958,1,96B78431-4166-E4D3-2AA2-15BE2512E1D6
-32.059055,18.546938,1,96B78431-4166-E4D3-2AA2-15BE2512E1D6
-21.673891,29.044527,1,96B78431-4166-E4D3-2AA2-15BE2512E1D6
-28.648392,11.471158,1,96B78431-4166-E4D3-2AA2-15BE2512E1D6
-11.604192,33.315212,1,96B78431-4166-E4D3-2AA2-15BE2512E1D6
-5.2672424,16.436604,1,96B78431-4166-E4D3-2AA2-15BE2512E1D6
24.21231,42.278748,1,96B78431-4166-E4D3-2AA2-15BE2512E1D6
-1.2129093,24.133673,2,96B78431-4166-E4D3-2AA2-15BE2512E1D6
-40.777287,2.086998,2,96B78431-4166-E4D3-2AA2-15BE2512E1D6
-45.090424,8.890407,2,96B78431-4166-E4D3-2AA2-15BE2512E1D6
-40.01241,0.53999335,2,96B78431-4166-E4D3-2AA2-15BE2512E1D6
23.102612,-26.711805,1,96B78431-4166-E4D3-2AA2-15BE2512E1D6
10.133553,-63.590443,1,96B78431-4166-E4D3-2AA2-15BE2512E1D6
23.89233,-28.452488,1,96B78431-4166-E4D3-2AA2-15BE2512E1D6
42.562298,-29.8174,1,96B78431-4166-E4D3-2AA2-15BE2512E1D6
31.858698,-31.555828,2,96B78431-4166-E4D3-2AA2-15BE2512E1D6
14.030029,-37.779587,2,96B78431-4166-E4D3-2AA2-15BE2512E1D6
22.611252,15.690619,1,99C0C5AE-01AD-1BB2-A36B-74B166CB26BA
-27.41572,23.383257,1,99C0C5AE-01AD-1BB2-A36B-74B166CB26BA
-53.63933,-5.409635,1,99C0C5AE-01AD-1BB2-A36B-74B166CB26BA
-44.679855,-1.6994275,1,99C0C5AE-01AD-1BB2-A36B-74B166CB26BA
-50.98523,-1.3994846,1,99C0C5AE-01AD-1BB2-A36B-74B166CB26BA
-3.2705097,-32.986397,1,99C0C5AE-01AD-1BB2-A36B-74B166CB26BA
-11.192817,23.518627,2,99C0C5AE-01AD-1BB2-A36B-74B166CB26BA
29.87192,20.335705,2,99C0C5AE-01AD-1BB2-A36B-74B166CB26BA
43.004948,-1.8542867,2,99C0C5AE-01AD-1BB2-A36B-74B166CB26BA
41.0147,-17.608074,2,99C0C5AE-01AD-1BB2-A36B-74B166CB26BA
22.416292,-24.700563,2,99C0C5AE-01AD-1BB2-A36B-74B166CB26BA
6.815238,43.504776,2,99C0C5AE-01AD-1BB2-A36B-74B166CB26BA
18.209316,28.801668,0,9A80CFF4-085D-6435-BA08-18E6496A8381
13.826547,-37.61225,0,9A80CFF4-085D-6435-BA08-18E6496A8381
37.675335,-6.9689364,2,9A80CFF4-085D-6435-BA08-18E6496A8381
-13.899612,37.838024,2,9A80CFF4-085D-6435-BA08-18E6496A8381
-3.4332926,-7.9976034,2,9A80CFF4-085D-6435-BA08-18E6496A8381
-11.441449,29.966267,2,9A80CFF4-085D-6435-BA08-18E6496A8381
-40.67828,0.7730689,2,9A80CFF4-085D-6435-BA08-18E6496A8381
-51.812588,-3.9571054,2,9A80CFF4-085D-6435-BA08-18E6496A8381
1.985947,40.276424,2,9A80CFF4-085D-6435-BA08-18E6496A8381
-12.208424,38.302994,2,9A80CFF4-085D-6435-BA08-18E6496A8381
-9.791665,29.915117,2,9A80CFF4-085D-6435-BA08-18E6496A8381
-13.388758,-3.9922585,0,9A80CFF4-085D-6435-BA08-18E6496A8381
-29.02962,33.0697,0,9A80CFF4-085D-6435-BA08-18E6496A8381
-30.852081,19.771252,2,9A80CFF4-085D-6435-BA08-18E6496A8381
-2.93158,41.40748,2,9A80CFF4-085D-6435-BA08-18E6496A8381
-1.3235301,23.63791,2,9A80CFF4-085D-6435-BA08-18E6496A8381
14.483154,27.429592,2,9A80CFF4-085D-6435-BA08-18E6496A8381
-11.221082,28.167528,2,9A80CFF4-085D-6435-BA08-18E6496A8381
-38.398983,19.17109,0,9A80CFF4-085D-6435-BA08-18E6496A8381
-4.8007846,-35.98609,0,9A80CFF4-085D-6435-BA08-18E6496A8381
-32.71459,26.843658,0,9A80CFF4-085D-6435-BA08-18E6496A8381
-24.822577,26.61055,0,9A80CFF4-085D-6435-BA08-18E6496A8381
-1.7474554,-7.0330563,0,9A80CFF4-085D-6435-BA08-18E6496A8381
-25.099855,13.116432,0,9A80CFF4-085D-6435-BA08-18E6496A8381
20.497055,-60.05649,2,9A80CFF4-085D-6435-BA08-18E6496A8381
22.83804,-27.602966,2,9A80CFF4-085D-6435-BA08-18E6496A8381
27.597027,11.154066,2,9A80CFF4-085D-6435-BA08-18E6496A8381
10.180823,14.510668,2,9A80CFF4-085D-6435-BA08-18E6496A8381
22.949812,-1.9916521,0,9A80CFF4-085D-6435-BA08-18E6496A8381
-5.6663823,-35.49631,0,9A80CFF4-085D-6435-BA08-18E6496A8381
30.12456,-30.303886,0,9C694EBE-9421-F45A-ED92-F521991A6A52
21.350235,-59.973576,2,9C694EBE-9421-F45A-ED92-F521991A6A52
24.061062,-62.621002,2,9C694EBE-9421-F45A-ED92-F521991A6A52
7.6822557,-58.551258,0,9C694EBE-9421-F45A-ED92-F521991A6A52
7.921567,-52.32027,0,9C694EBE-9421-F45A-ED92-F521991A6A52
8.849508,-52.05432,0,9C694EBE-9421-F45A-ED92-F521991A6A52
-15.662848,40.94963,0,9C694EBE-9421-F45A-ED92-F521991A6A52
8.347277,21.909046,2,9C694EBE-9421-F45A-ED92-F521991A6A52
37.387783,-3.7961466,2,9C694EBE-9421-F45A-ED92-F521991A6A52
8.96541,-52.60151,2,9C694EBE-9421-F45A-ED92-F521991A6A52
36.12384,-17.500381,2,9C694EBE-9421-F45A-ED92-F521991A6A52
39.02298,-10.668098,0,9C694EBE-9421-F45A-ED92-F521991A6A52
9.833416,-66.38248,2,9C694EBE-9421-F45A-ED92-F521991A6A52
10.240132,-67.04143,2,9C694EBE-9421-F45A-ED92-F521991A6A52
20.78452,-61.154575,2,9C694EBE-9421-F45A-ED92-F521991A6A52
23.826372,-63.175747,2,9C694EBE-9421-F45A-ED92-F521991A6A52
47.390766,-29.398682,0,9C694EBE-9421-F45A-ED92-F521991A6A52
43.338207,-1.0636035,0,9C694EBE-9421-F45A-ED92-F521991A6A52
8.234618,-33.31503,2,9E6EBCE2-44FB-8F07-4135-E91140B34096
20.704298,11.1813545,2,9E6EBCE2-44FB-8F07-4135-E91140B34096
38.482445,19.470922,2,9E6EBCE2-44FB-8F07-4135-E91140B34096
29.22997,24.988054,2,9E6EBCE2-44FB-8F07-4135-E91140B34096
27.42525,26.657612,2,9E6EBCE2-44FB-8F07-4135-E91140B34096
-16.460264,40.953045,2,9E6EBCE2-44FB-8F07-4135-E91140B34096
21.223938,-20.961168,0,9E6EBCE2-44FB-8F07-4135-E91140B34096
41.745224,-28.115242,2,9E6EBCE2-44FB-8F07-4135-E91140B34096
36.56242,-29.63384,2,9E6EBCE2-44FB-8F07-4135-E91140B34096
10.134318,-52.066154,2,9E6EBCE2-44FB-8F07-4135-E91140B34096
3.474636,36.092472,2,9E6EBCE2-44FB-8F07-4135-E91140B34096
3.5321884,36.091442,2,9E6EBCE2-44FB-8F07-4135-E91140B34096
-23.778315,-21.690853,2,A135AF2A-692D-9C83-AB54-34F977E4D14D
-22.61588,-22.67458,2,A135AF2A-692D-9C83-AB54-34F977E4D14D
-52.30421,-16.088314,2,A135AF2A-692D-9C83-AB54-34F977E4D14D
-51.777287,-5.1621723,0,A135AF2A-692D-9C83-AB54-34F977E4D14D
-52.408424,11.821174,2,A135AF2A-692D-9C83-AB54-34F977E4D14D
-35.33237,14.439063,2,A135AF2A-692D-9C83-AB54-34F977E4D14D
-51.840797,11.899873,2,A135AF2A-692D-9C83-AB54-34F977E4D14D
-40.081593,0.48409843,2,A135AF2A-692D-9C83-AB54-34F977E4D14D
-7.3896284,-29.799341,0,A135AF2A-692D-9C83-AB54-34F977E4D14D
-51.630363,0.15576945,0,A135AF2A-692D-9C83-AB54-34F977E4D14D
-17.778238,41.45649,0,A135AF2A-692D-9C83-AB54-34F977E4D14D
11.10479,23.612396,0,A135AF2A-692D-9C83-AB54-34F977E4D14D
38.354343,19.239712,2,A135AF2A-692D-9C83-AB54-34F977E4D14D
39.074135,-12.43282,2,A135AF2A-692D-9C83-AB54-34F977E4D14D
13.854179,25.55401,2,A135AF2A-692D-9C83-AB54-34F977E4D14D
38.029545,25.896742,2,A135AF2A-692D-9C83-AB54-34F977E4D14D
5.2128024,-31.382538,2,A135AF2A-692D-9C83-AB54-34F977E4D14D
22.05529,7.54919,2,A135AF2A-692D-9C83-AB54-34F977E4D14D
-0.6414972,26.440672,2,A135AF2A-692D-9C83-AB54-34F977E4D14D
11.570739,23.201742,0,A135AF2A-692D-9C83-AB54-34F977E4D14D
-10.152461,28.76142,0,A135AF2A-692D-9C83-AB54-34F977E4D14D
-28.37722,20.260868,1,A135AF2A-692D-9C83-AB54-34F977E4D14D
-14.640465,14.327144,2,A135AF2A-692D-9C83-AB54-34F977E4D14D
-2.459479,24.391394,2,A135AF2A-692D-9C83-AB54-34F977E4D14D
0.13511367,-8.649855,2,A135AF2A-692D-9C83-AB54-34F977E4D14D
21.0384,-20.967165,2,A135AF2A-692D-9C83-AB54-34F977E4D14D
10.510142,-47.963673,2,A135AF2A-692D-9C83-AB54-34F977E4D14D
4.9224663,36.57833,2,A135AF2A-692D-9C83-AB54-34F977E4D14D
24.787556,13.512709,2,A135AF2A-692D-9C83-AB54-34F977E4D14D
43.710308,-18.871353,2,A135AF2A-692D-9C83-AB54-34F977E4D14D
-43.840527,9.928354,2,A7C426E7-344F-99F4-6E35-453AF3AD9C2C
-30.162401,32.495796,2,A7C426E7-344F-99F4-6E35-453AF3AD9C2C
-30.219013,32.517365,2,A7C426E7-344F-99F4-6E35-453AF3AD9C2C
-21.175554,29.389294,2,A7C426E7-344F-99F4-6E35-453AF3AD9C2C
-0.98463386,26.73458,1,A7C426E7-344F-99F4-6E35-453AF3AD9C2C
13.250066,34.500664,1,A7C426E7-344F-99F4-6E35-453AF3AD9C2C
20.204388,-21.564306,0,A7C426E7-344F-99F4-6E35-453AF3AD9C2C
9.9959545,-54.097836,0,A7C426E7-344F-99F4-6E35-453AF3AD9C2C
47.7004,-27.084827,0,A7C426E7-344F-99F4-6E35-453AF3AD9C2C
45.34067,-12.752714,2,A7C426E7-344F-99F4-6E35-453AF3AD9C2C
37.285248,8.057661,2,A7C426E7-344F-99F4-6E35-453AF3AD9C2C
-0.925942,40.99852,2,A7C426E7-344F-99F4-6E35-453AF3AD9C2C
23.782925,13.328024,2,A7C426E7-344F-99F4-6E35-453AF3AD9C2C
17.321846,10.086275,1,A7C426E7-344F-99F4-6E35-453AF3AD9C2C
15.866314,11.584235,1,A7C426E7-344F-99F4-6E35-453AF3AD9C2C
10.882076,-57.36431,1,A7C426E7-344F-99F4-6E35-453AF3AD9C2C
10.554947,-63.589474,1,A7C426E7-344F-99F4-6E35-453AF3AD9C2C
24.504221,-63.175488,1,A7C426E7-344F-99F4-6E35-453AF3AD9C2C
-25.723118,14.475388,1,A7C426E7-344F-99F4-6E35-453AF3AD9C2C
-13.21842,22.890022,1,A7C426E7-344F-99F4-6E35-453AF3AD9C2C
0.12131366,21.814949,1,A7C426E7-344F-99F4-6E35-453AF3AD9C2C
22.69698,-5.2046156,1,A7C426E7-344F-99F4-6E35-453AF3AD9C2C
9.2259655,12.988801,0,A7C426E7-344F-99F4-6E35-453AF3AD9C2C
7.3912296,14.543782,0,A7C426E7-344F-99F4-6E35-453AF3AD9C2C
23.019112,-1.8924502,0,A7C426E7-344F-99F4-6E35-453AF3AD9C2C
-39.037067,-29.457884,1,A7C426E7-344F-99F4-6E35-453AF3AD9C2C
-36.64457,-23.915777,1,A7C426E7-344F-99F4-6E35-453AF3AD9C2C
-38.94082,-26.743544,1,A7C426E7-344F-99F4-6E35-453AF3AD9C2C
-37.288788,-26.192446,1,A7C426E7-344F-99F4-6E35-453AF3AD9C2C
-40.6241,-30.195557,1,A7C426E7-344F-99F4-6E35-453AF3AD9C2C
-12.721418,31.735813,2,AB9921A8-F143-E101-6A47-E66882F571B2
-14.345652,37.589836,2,AB9921A8-F143-E101-6A47-E66882F571B2
-19.542803,39.728317,2,AB9921A8-F143-E101-6A47-E66882F571B2
-53.699516,-10.438427,0,AB9921A8-F143-E101-6A47-E66882F571B2
-53.479973,-5.876171,0,AB9921A8-F143-E101-6A47-E66882F571B2
-18.514486,-25.604162,0,AB9921A8-F143-E101-6A47-E66882F571B2
15.923671,13.237834,1,AB9921A8-F143-E101-6A47-E66882F571B2
13.852383,11.702779,1,AB9921A8-F143-E101-6A47-E66882F571B2
42.499462,-15.5254345,1,AB9921A8-F143-E101-6A47-E66882F571B2
19.704922,3.820632,0,AB9921A8-F143-E101-6A47-E66882F571B2
44.677258,-11.541803,0,AB9921A8-F143-E101-6A47-E66882F571B2
26.83728,-5.6606307,0,AB9921A8-F143-E101-6A47-E66882F571B2
-5.220941,-36.678005,2,AB9921A8-F143-E101-6A47-E66882F571B2
-17.427656,22.401535,2,AB9921A8-F143-E101-6A47-E66882F571B2
-15.355491,-32.211147,2,AB9921A8-F143-E101-6A47-E66882F571B2
-15.207251,-31.95237,2,AB9921A8-F143-E101-6A47-E66882F571B2
-51.985413,-10.305506,1,AB9921A8-F143-E101-6A47-E66882F571B2
-52.105125,-12.52717,0,AB9921A8-F143-E101-6A47-E66882F571B2
10.054973,-62.944244,0,AB9921A8-F143-E101-6A47-E66882F571B2
14.14204,-37.880596,0,AB9921A8-F143-E101-6A47-E66882F571B2
32.332314,-31.218193,0,AB9921A8-F143-E101-6A47-E66882F571B2
20.670908,-59.936207,0,AB9921A8-F143-E101-6A47-E66882F571B2
14.373613,10.689364,2,AB9921A8-F143-E101-6A47-E66882F571B2
-39.522644,21.588459,2,AB9921A8-F143-E101-6A47-E66882F571B2
38.787544,10.1262045,2,B06410CC-D778-33B2-B1FD-A828EE4AF413
35.052628,15.724533,1,B06410CC-D778-33B2-B1FD-A828EE4AF413
20.79934,29.464409,2,B06410CC-D778-33B2-B1FD-A828EE4AF413
2.9505188,29.90133,2,B06410CC-D778-33B2-B1FD-A828EE4AF413
2.8110142,29.71224,0,B06410CC-D778-33B2-B1FD-A828EE4AF413
-15.010332,-3.3734658,0,B06410CC-D778-33B2-B1FD-A828EE4AF413
41.365337,-25.512037,0,B06410CC-D778-33B2-B1FD-A828EE4AF413
8.715868,-57.382828,0,B06410CC-D778-33B2-B1FD-A828EE4AF413
38.22414,-28.519163,0,B06410CC-D778-33B2-B1FD-A828EE4AF413
37.92709,-27.395685,0,B06410CC-D778-33B2-B1FD-A828EE4AF413
38.605167,-7.3202467,0,B06410CC-D778-33B2-B1FD-A828EE4AF413
40.581814,-9.018561,2,B06410CC-D778-33B2-B1FD-A828EE4AF413
39.15568,-12.718652,2,B06410CC-D778-33B2-B1FD-A828EE4AF413
46.018417,-23.974297,2,B06410CC-D778-33B2-B1FD-A828EE4AF413
8.764017,-57.3793,2,B06410CC-D778-33B2-B1FD-A828EE4AF413
39.41243,-17.082666,0,B06410CC-D778-33B2-B1FD-A828EE4AF413
30.855206,-7.8447843,0,B06410CC-D778-33B2-B1FD-A828EE4AF413
28.86872,-7.7702847,0,B06410CC-D778-33B2-B1FD-A828EE4AF413
14.402976,28.190264,2,B0AAFE06-91C2-2C6D-4547-7508BB719E45
-3.9365203,26.792744,2,B0AAFE06-91C2-2C6D-4547-7508BB719E45
-4.0646825,26.787436,2,B0AAFE06-91C2-2C6D-4547-7508BB719E45
-10.588931,-5.3781614,2,B0AAFE06-91C2-2C6D-4547-7508BB719E45
-37.994972,3.2241666,2,B0AAFE06-91C2-2C6D-4547-7508BB719E45
-56.22604,-9.820793,0,B0AAFE06-91C2-2C6D-4547-7508BB719E45
0.22051965,35.661957,2,B0AAFE06-91C2-2C6D-4547-7508BB719E45
4.132682,51.023823,2,B0AAFE06-91C2-2C6D-4547-7508BB719E45
-49.00449,17.789602,2,B0AAFE06-91C2-2C6D-4547-7508BB719E45
-48.354767,-0.23993757,2,B0AAFE06-91C2-2C6D-4547-7508BB719E45
-36.607147,7.268181,2,B0AAFE06-91C2-2C6D-4547-7508BB719E45
-49.54272,-0.5155449,2,B0AAFE06-91C2-2C6D-4547-7508BB719E45
-28.329548,-21.46331,2,B0AAFE06-91C2-2C6D-4547-7508BB719E45
-32.19935,-21.25368,0,B0AAFE06-91C2-2C6D-4547-7508BB719E45
-31.091202,-22.811708,0,B0AAFE06-91C2-2C6D-4547-7508BB719E45
-40.01743,6.2045674,0,B0AAFE06-91C2-2C6D-4547-7508BB719E45
-26.981354,20.3761,0,B0AAFE06-91C2-2C6D-4547-7508BB719E45
36.74509,19.221897,0,B0AAFE06-91C2-2C6D-4547-7508BB719E45
-10.099376,27.822445,2,B0AAFE06-91C2-2C6D-4547-7508BB719E45
-28.326548,21.274652,0,B0AAFE06-91C2-2C6D-4547-7508BB719E45
3.590615,41.14366,0,B0AAFE06-91C2-2C6D-4547-7508BB719E45
-14.993987,14.299946,0,B0AAFE06-91C2-2C6D-4547-7508BB719E45
-2.2260766,-35.1897,0,B0AAFE06-91C2-2C6D-4547-7508BB719E45
4.490537,-32.36569,0,B0AAFE06-91C2-2C6D-4547-7508BB719E45
9.866356,-63.331997,0,B0AAFE06-91C2-2C6D-4547-7508BB719E45
32.080166,-31.467606,0,B0AAFE06-91C2-2C6D-4547-7508BB719E45
45.782276,-4.43626,0,B0AAFE06-91C2-2C6D-4547-7508BB719E45
47.233017,-29.055809,0,B0AAFE06-91C2-2C6D-4547-7508BB719E45
9.624797,12.813625,0,B0AAFE06-91C2-2C6D-4547-7508BB719E45
-37.760384,19.174591,2,B0AAFE06-91C2-2C6D-4547-7508BB719E45
0.072486386,-9.234628,2,B2EE7EC5-4E5B-EBDD-E0EB-AF758B95C36A
34.787086,7.6038156,2,B2EE7EC5-4E5B-EBDD-E0EB-AF758B95C36A
39.7999,3.4014206,0,B2EE7EC5-4E5B-EBDD-E0EB-AF758B95C36A
9.03904,-51.936317,0,B2EE7EC5-4E5B-EBDD-E0EB-AF758B95C36A
-4.5477853,14.611472,0,B2EE7EC5-4E5B-EBDD-E0EB-AF758B95C36A
31.426006,-5.5080895,0,B2EE7EC5-4E5B-EBDD-E0EB-AF758B95C36A
-25.789623,10.480082,2,B2EE7EC5-4E5B-EBDD-E0EB-AF758B95C36A
-40.827446,4.9572916,1,B2EE7EC5-4E5B-EBDD-E0EB-AF758B95C36A
-41.042427,4.9511952,0,B2EE7EC5-4E5B-EBDD-E0EB-AF758B95C36A
-35.494007,10.110658,0,B2EE7EC5-4E5B-EBDD-E0EB-AF758B95C36A
-35.990032,3.538391,0,B2EE7EC5-4E5B-EBDD-E0EB-AF758B95C36A
-11.557327,-28.709625,1,B2EE7EC5-4E5B-EBDD-E0EB-AF758B95C36A
26.30069,40.960346,1,B2EE7EC5-4E5B-EBDD-E0EB-AF758B95C36A
8.751628,37.56373,1,B2EE7EC5-4E5B-EBDD-E0EB-AF758B95C36A
-13.819406,38.530357,1,B2EE7EC5-4E5B-EBDD-E0EB-AF758B95C36A
20.049177,11.994559,1,B2EE7EC5-4E5B-EBDD-E0EB-AF758B95C36A
9.001541,-52.910305,1,B2EE7EC5-4E5B-EBDD-E0EB-AF758B95C36A
21.924547,31.151615,1,B2EE7EC5-4E5B-EBDD-E0EB-AF758B95C36A
-52.310944,-6.797128,1,B2EE7EC5-4E5B-EBDD-E0EB-AF758B95C36A
-29.097622,26.601868,1,B2EE7EC5-4E5B-EBDD-E0EB-AF758B95C36A
19.089788,34.640705,1,B2EE7EC5-4E5B-EBDD-E0EB-AF758B95C36A
41.939266,-7.4312716,2,B3CE5256-6F65-85EB-0078-689BD5CC1B17
17.304354,15.768419,2,B3CE5256-6F65-85EB-0078-689BD5CC1B17
41.1695,-4.1165147,2,B3CE5256-6F65-85EB-0078-689BD5CC1B17
17.684322,16.430115,2,B3CE5256-6F65-85EB-0078-689BD5CC1B17
10.06169,40.171432,2,B3CE5256-6F65-85EB-0078-689BD5CC1B17
7.214178,52.41465,2,B3CE5256-6F65-85EB-0078-689BD5CC1B17
-36.597363,5.2877145,2,B3CE5256-6F65-85EB-0078-689BD5CC1B17
3.8488865,51.1981,2,B3CE5256-6F65-85EB-0078-689BD5CC1B17
-27.200916,27.387598,2,B3CE5256-6F65-85EB-0078-689BD5CC1B17
9.268745,-47.940933,2,B3CE5256-6F65-85EB-0078-689BD5CC1B17
9.43333,-47.606834,2,B3CE5256-6F65-85EB-0078-689BD5CC1B17
0.8940921,-33.64836,2,B3CE5256-6F65-85EB-0078-689BD5CC1B17
-36.29478,13.704595,2,B3CE5256-6F65-85EB-0078-689BD5CC1B17
0.23609486,-34.339912,2,B3CE5256-6F65-85EB-0078-689BD5CC1B17
7.6480827,-42.314896,2,B3CE5256-6F65-85EB-0078-689BD5CC1B17
-47.884003,0.10928613,0,B3CE5256-6F65-85EB-0078-689BD5CC1B17
-10.0749235,-28.879509,0,B3CE5256-6F65-85EB-0078-689BD5CC1B17
-56.771393,-12.17921,0,B3CE5256-6F65-85EB-0078-689BD5CC1B17
18.981222,38.425674,2,B3CE5256-6F65-85EB-0078-689BD5CC1B17
23.63715,-28.182747,2,B3CE5256-6F65-85EB-0078-689BD5CC1B17
30.875425,-31.663788,2,B3CE5256-6F65-85EB-0078-689BD5CC1B17
23.865307,-62.99728,2,B3CE5256-6F65-85EB-0078-689BD5CC1B17
9.864038,-66.097176,2,B3CE5256-6F65-85EB-0078-689BD5CC1B17
9.904941,-66.85539,2,B3CE5256-6F65-85EB-0078-689BD5CC1B17
-38.641617,11.066528,1,B6EE5F90-8F59-D3CF-C449-59216B28207B
-45.02956,-1.7356169,1,B6EE5F90-8F59-D3CF-C449-59216B28207B
-27.127691,28.619429,1,B6EE5F90-8F59-D3CF-C449-59216B28207B
26.080713,-3.7375631,1,B6EE5F90-8F59-D3CF-C449-59216B28207B
-4.2980523,-5.9262223,2,B6EE5F90-8F59-D3CF-C449-59216B28207B
4.182229,-32.296997,2,B6EE5F90-8F59-D3CF-C449-59216B28207B
-31.53519,10.349891,2,B6EE5F90-8F59-D3CF-C449-59216B28207B
1.4004828,36.27751,2,B6EE5F90-8F59-D3CF-C449-59216B28207B
-28.174738,33.219006,2,B6EE5F90-8F59-D3CF-C449-59216B28207B
37.64185,19.543154,2,B6EE5F90-8F59-D3CF-C449-59216B28207B
20.249361,32.927914,2,B6EE5F90-8F59-D3CF-C449-59216B28207B
-3.9357073,-7.6275735,2,B6EE5F90-8F59-D3CF-C449-59216B28207B
-31.915323,18.627733,2,B6EE5F90-8F59-D3CF-C449-59216B28207B
-35.4463,13.170721,1,B6EE5F90-8F59-D3CF-C449-59216B28207B
-38.764282,6.7007117,1,B6EE5F90-8F59-D3CF-C449-59216B28207B
-9.333182,24.052164,2,B6EE5F90-8F59-D3CF-C449-59216B28207B
-28.940533,14.111129,2,B6EE5F90-8F59-D3CF-C449-59216B28207B
32.10038,18.08233,2,B6EE5F90-8F59-D3CF-C449-59216B28207B
32.832806,23.157812,2,B6EE5F90-8F59-D3CF-C449-59216B28207B
38.14505,25.88654,2,B6EE5F90-8F59-D3CF-C449-59216B28207B
28.427025,-7.787255,2,B6EE5F90-8F59-D3CF-C449-59216B28207B
37.02168,10.00555,2,B6EE5F90-8F59-D3CF-C449-59216B28207B
21.85797,4.801574,2,B6EE5F90-8F59-D3CF-C449-59216B28207B
16.299881,16.84067,2,B6EE5F90-8F59-D3CF-C449-59216B28207B
-14.403181,-28.69952,0,B9FD0C60-33D3-E99E-2475-815EAD5C89C2
-8.826487,-29.484741,0,B9FD0C60-33D3-E99E-2475-815EAD5C89C2
-50.208874,-1.0075167,0,B9FD0C60-33D3-E99E-2475-815EAD5C89C2
-44.35811,4.806325,0,B9FD0C60-33D3-E99E-2475-815EAD5C89C2
-56.12959,-6.3003936,0,B9FD0C60-33D3-E99E-2475-815EAD5C89C2
-13.949459,-28.905195,0,B9FD0C60-33D3-E99E-2475-815EAD5C89C2
-27.694935,9.194678,2,B9FD0C60-33D3-E99E-2475-815EAD5C89C2
-14.152931,36.57611,2,B9FD0C60-33D3-E99E-2475-815EAD5C89C2
38.448494,19.37752,0,B9FD0C60-33D3-E99E-2475-815EAD5C89C2
37.39222,19.20835,0,B9FD0C60-33D3-E99E-2475-815EAD5C89C2
-1.9401388,-8.99495,1,B9FD0C60-33D3-E99E-2475-815EAD5C89C2
9.256898,51.554142,1,B9FD0C60-33D3-E99E-2475-815EAD5C89C2
34.819912,28.431286,1,B9FD0C60-33D3-E99E-2475-815EAD5C89C2
11.507984,23.12027,1,B9FD0C60-33D3-E99E-2475-815EAD5C89C2
-44.735985,8.50679,1,B9FD0C60-33D3-E99E-2475-815EAD5C89C2
-1.7726959,24.359453,1,B9FD0C60-33D3-E99E-2475-815EAD5C89C2
4.8163257,-32.083797,1,B9FD0C60-33D3-E99E-2475-815EAD5C89C2
-29.002708,33.52795,1,B9FD0C60-33D3-E99E-2475-815EAD5C89C2
48.10322,-26.963879,1,B9FD0C60-33D3-E99E-2475-815EAD5C89C2
23.109615,42.96563,1,B9FD0C60-33D3-E99E-2475-815EAD5C89C2
-6.737295,-30.765305,1,B9FD0C60-33D3-E99E-2475-815EAD5C89C2
-51.164856,-6.329365,1,B9FD0C60-33D3-E99E-2475-815EAD5C89C2
-3.0257545,43.013783,1,B9FD0C60-33D3-E99E-2475-815EAD5C89C2
-47.300575,7.7436943,1,B9FD0C60-33D3-E99E-2475-815EAD5C89C2
-57.02307,-10.703443,2,BAAA2876-D490-2AB5-0A98-6EB94C7FC331
-54.62966,-7.4775705,2,BAAA2876-D490-2AB5-0A98-6EB94C7FC331
-23.365465,35.10766,2,BAAA2876-D490-2AB5-0A98-6EB94C7FC331
-12.544496,14.495357,2,BAAA2876-D490-2AB5-0A98-6EB94C7FC331
-25.769121,10.360938,2,BAAA2876-D490-2AB5-0A98-6EB94C7FC331
-41.096355,2.920827,2,BAAA2876-D490-2AB5-0A98-6EB94C7FC331
36.191414,-15.6898775,2,BAAA2876-D490-2AB5-0A98-6EB94C7FC331
39.507515,-6.038201,0,BAAA2876-D490-2AB5-0A98-6EB94C7FC331
30.539871,-6.2036457,0,BAAA2876-D490-2AB5-0A98-6EB94C7FC331
41.257168,-10.730765,0,BAAA2876-D490-2AB5-0A98-6EB94C7FC331
21.941696,13.561781,0,BAAA2876-D490-2AB5-0A98-6EB94C7FC331
18.91114,12.972054,0,BAAA2876-D490-2AB5-0A98-6EB94C7FC331
42.432007,-6.262112,2,BAAA2876-D490-2AB5-0A98-6EB94C7FC331
41.361057,-3.3367317,2,BAAA2876-D490-2AB5-0A98-6EB94C7FC331
31.48902,25.007008,2,BAAA2876-D490-2AB5-0A98-6EB94C7FC331
9.647668,-51.31247,2,BAAA2876-D490-2AB5-0A98-6EB94C7FC331
18.965752,12.284087,2,BAAA2876-D490-2AB5-0A98-6EB94C7FC331
12.294762,21.117754,2,BAAA2876-D490-2AB5-0A98-6EB94C7FC331
39.78399,-5.3001394,1,BAAA2876-D490-2AB5-0A98-6EB94C7FC331
-16.840092,36.972218,2,BAAA2876-D490-2AB5-0A98-6EB94C7FC331
14.780659,27.705763,2,BAAA2876-D490-2AB5-0A98-6EB94C7FC331
1.9676447,23.84565,2,BAAA2876-D490-2AB5-0A98-6EB94C7FC331
18.141333,38.057953,2,BAAA2876-D490-2AB5-0A98-6EB94C7FC331
1.8146697,44.104473,0,BAAA2876-D490-2AB5-0A98-6EB94C7FC331
22.66281,41.676933,2,BC7EE230-0AF9-3AC5-24E5-8EC4B0B432A8
7.4292536,40.725964,2,BC7EE230-0AF9-3AC5-24E5-8EC4B0B432A8
-28.660372,22.451754,2,BC7EE230-0AF9-3AC5-24E5-8EC4B0B432A8
7.020802,-33.421288,2,BC7EE230-0AF9-3AC5-24E5-8EC4B0B432A8
-26.735844,31.676617,2,BC7EE230-0AF9-3AC5-24E5-8EC4B0B432A8
7.9110594,-42.774384,1,BC7EE230-0AF9-3AC5-24E5-8EC4B0B432A8
-4.240669,-7.076422,2,BC7EE230-0AF9-3AC5-24E5-8EC4B0B432A8
36.16712,-21.523232,2,BC7EE230-0AF9-3AC5-24E5-8EC4B0B432A8
45.939606,-26.017628,0,BC7EE230-0AF9-3AC5-24E5-8EC4B0B432A8
43.125694,-8.992522,0,BC7EE230-0AF9-3AC5-24E5-8EC4B0B432A8
21.133234,-20.903769,0,BC7EE230-0AF9-3AC5-24E5-8EC4B0B432A8
37.148865,6.8910995,0,BC7EE230-0AF9-3AC5-24E5-8EC4B0B432A8
25.72912,-8.602442,2,BC7EE230-0AF9-3AC5-24E5-8EC4B0B432A8
32.841015,-31.496565,2,BC7EE230-0AF9-3AC5-24E5-8EC4B0B432A8
10.493441,-58.084846,2,BC7EE230-0AF9-3AC5-24E5-8EC4B0B432A8
10.184367,-58.443928,2,BC7EE230-0AF9-3AC5-24E5-8EC4B0B432A8
24.193476,-26.066992,2,BC7EE230-0AF9-3AC5-24E5-8EC4B0B432A8
30.856892,-29.698534,2,BC7EE230-0AF9-3AC5-24E5-8EC4B0B432A8
23.060057,-26.734987,0,BC7EE230-0AF9-3AC5-24E5-8EC4B0B432A8
44.58314,-0.65139705,0,BC7EE230-0AF9-3AC5-24E5-8EC4B0B432A8
48.049595,-28.76465,0,BC7EE230-0AF9-3AC5-24E5-8EC4B0B432A8
25.356241,-7.982972,0,BC7EE230-0AF9-3AC5-24E5-8EC4B0B432A8
28.581747,18.611662,0,BC7EE230-0AF9-3AC5-24E5-8EC4B0B432A8
-23.081295,27.210945,0,BC7EE230-0AF9-3AC5-24E5-8EC4B0B432A8
19.418188,12.252476,0,BD35F47E-4F73-8664-B165-98D2BF2CDA48
-6.2683015,-6.613978,2,BD35F47E-4F73-8664-B165-98D2BF2CDA48
9.721714,21.912334,2,BD35F47E-4F73-8664-B165-98D2BF2CDA48
48.872303,-23.511314,2,BD35F47E-4F73-8664-B165-98D2BF2CDA48
9.376282,-53.654774,2,BD35F47E-4F73-8664-B165-98D2BF2CDA48
22.382847,5.2469597,2,BD35F47E-4F73-8664-B165-98D2BF2CDA48
31.824038,20.1908,2,BD35F47E-4F73-8664-B165-98D2BF2CDA48
-1.4126865,-7.326385,2,BD35F47E-4F73-8664-B165-98D2BF2CDA48
19.156778,36.293118,1,BD35F47E-4F73-8664-B165-98D2BF2CDA48
3.3463104,42.674076,1,BD35F47E-4F73-8664-B165-98D2BF2CDA48
-11.476075,15.37872,1,BD35F47E-4F73-8664-B165-98D2BF2CDA48
-53.062225,-11.279147,2,BD35F47E-4F73-8664-B165-98D2BF2CDA48
-2.6535606,43.07571,0,BD35F47E-4F73-8664-B165-98D2BF2CDA48
26.34954,-5.1581655,0,BD35F47E-4F73-8664-B165-98D2BF2CDA48
18.984573,32.742737,0,BD35F47E-4F73-8664-B165-98D2BF2CDA48
7.2744164,21.576405,0,BD35F47E-4F73-8664-B165-98D2BF2CDA48
-3.6660638,41.977917,0,BD35F47E-4F73-8664-B165-98D2BF2CDA48
-45.647713,5.2141724,0,BD35F47E-4F73-8664-B165-98D2BF2CDA48
22.15751,31.3975,0,BD35F47E-4F73-8664-B165-98D2BF2CDA48
36.1899,7.9372044,0,BD35F47E-4F73-8664-B165-98D2BF2CDA48
15.378985,17.32708,0,BD35F47E-4F73-8664-B165-98D2BF2CDA48
31.734678,18.83191,0,BD35F47E-4F73-8664-B165-98D2BF2CDA48
7.4077277,43.07658,1,BD35F47E-4F73-8664-B165-98D2BF2CDA48
-9.884154,-3.8269665,1,BD35F47E-4F73-8664-B165-98D2BF2CDA48
-23.544388,-25.178942,0,BD35F47E-4F73-8664-B165-98D2BF2CDA48
25.586302,19.122198,0,BD35F47E-4F73-8664-B165-98D2BF2CDA48
7.1823225,47.400658,0,BD35F47E-4F73-8664-B165-98D2BF2CDA48
23.127432,-3.6424258,0,BD35F47E-4F73-8664-B165-98D2BF2CDA48
10.587815,-59.118916,2,BD35F47E-4F73-8664-B165-98D2BF2CDA48
45.529964,-17.327772,2,BD35F47E-4F73-8664-B165-98D2BF2CDA48
-5.128031,15.2992935,2,C0ABDBF6-67EF-EA64-A2D1-42FA92BD5713
-29.987514,28.504894,2,C0ABDBF6-67EF-EA64-A2D1-42FA92BD5713
-29.88645,28.71406,2,C0ABDBF6-67EF-EA64-A2D1-42FA92BD5713
-42.364483,10.226967,2,C0ABDBF6-67EF-EA64-A2D1-42FA92BD5713
-49.737904,17.188028,2,C0ABDBF6-67EF-EA64-A2D1-42FA92BD5713
-47.54906,-0.031279244,2,C0ABDBF6-67EF-EA64-A2D1-42FA92BD5713
-32.86461,5.7669363,0,C0ABDBF6-67EF-EA64-A2D1-42FA92BD5713
-27.480673,23.467997,0,C0ABDBF6-67EF-EA64-A2D1-42FA92BD5713
25.42704,23.222198,0,C0ABDBF6-67EF-EA64-A2D1-42FA92BD5713
37.203724,15.949269,0,C0ABDBF6-67EF-EA64-A2D1-42FA92BD5713
28.065727,25.259724,0,C0ABDBF6-67EF-EA64-A2D1-42FA92BD5713
-6.119781,-5.8647304,2,C0ABDBF6-67EF-EA64-A2D1-42FA92BD5713
0.12715864,-32.979156,0,C0ABDBF6-67EF-EA64-A2D1-42FA92BD5713
-25.268963,31.832174,0,C0ABDBF6-67EF-EA64-A2D1-42FA92BD5713
5.897037,-33.16348,2,C0ABDBF6-67EF-EA64-A2D1-42FA92BD5713
21.102802,-58.81399,2,C0ABDBF6-67EF-EA64-A2D1-42FA92BD5713
-0.110094205,25.66774,2,C0ABDBF6-67EF-EA64-A2D1-42FA92BD5713
-10.434709,27.867506,2,C0ABDBF6-67EF-EA64-A2D1-42FA92BD5713
-7.7406664,-6.009512,2,C0ABDBF6-67EF-EA64-A2D1-42FA92BD5713
-45.627453,9.321982,2,C0ABDBF6-67EF-EA64-A2D1-42FA92BD5713
22.710398,4.1285963,2,C24A665A-6B67-FDEA-04A4-C2DA3AF79D51
8.739209,-47.899914,2,C24A665A-6B67-FDEA-04A4-C2DA3AF79D51
46.10735,-24.852163,1,C24A665A-6B67-FDEA-04A4-C2DA3AF79D51
11.405424,33.74875,1,C24A665A-6B67-FDEA-04A4-C2DA3AF79D51
11.195195,33.47368,1,C24A665A-6B67-FDEA-04A4-C2DA3AF79D51
34.385532,-29.656384,1,C24A665A-6B67-FDEA-04A4-C2DA3AF79D51
-32.487583,12.974708,2,C24A665A-6B67-FDEA-04A4-C2DA3AF79D51
4.3149257,53.700153,2,C24A665A-6B67-FDEA-04A4-C2DA3AF79D51
13.420858,34.859592,2,C24A665A-6B67-FDEA-04A4-C2DA3AF79D51
19.245169,12.681369,1,C24A665A-6B67-FDEA-04A4-C2DA3AF79D51
5.7698727,38.8242,1,C24A665A-6B67-FDEA-04A4-C2DA3AF79D51
15.021151,27.393103,1,C24A665A-6B67-FDEA-04A4-C2DA3AF79D51
28.98395,-12.021149,0,C24A665A-6B67-FDEA-04A4-C2DA3AF79D51
40.22197,3.750023,0,C24A665A-6B67-FDEA-04A4-C2DA3AF79D51
3.05598,48.964672,0,C24A665A-6B67-FDEA-04A4-C2DA3AF79D51
-19.502167,37.52643,0,C24A665A-6B67-FDEA-04A4-C2DA3AF79D51
4.25769,-32.63607,1,C24A665A-6B67-FDEA-04A4-C2DA3AF79D51
-0.638321,44.778477,0,C24A665A-6B67-FDEA-04A4-C2DA3AF79D51
10.518149,-62.641106,0,C5DC661F-E2D6-2B65-4765-77C8B81D2488
10.654238,-60.5775,0,C5DC661F-E2D6-2B65-4765-77C8B81D2488
20.904839,-61.104965,0,C5DC661F-E2D6-2B65-4765-77C8B81D2488
10.664142,-64.34105,0,C5DC661F-E2D6-2B65-4765-77C8B81D2488
29.403526,-32.85499,0,C5DC661F-E2D6-2B65-4765-77C8B81D2488
43.40615,-29.424154,0,C5DC661F-E2D6-2B65-4765-77C8B81D2488
45.81821,-10.69637,0,C5DC661F-E2D6-2B65-4765-77C8B81D2488
33.300865,10.528162,0,C5DC661F-E2D6-2B65-4765-77C8B81D2488
-12.772218,21.912794,0,C5DC661F-E2D6-2B65-4765-77C8B81D2488
-35.210415,23.030548,0,C5DC661F-E2D6-2B65-4765-77C8B81D2488
-35.519688,23.27698,0,C5DC661F-E2D6-2B65-4765-77C8B81D2488
5.8260703,15.943847,2,C5DC661F-E2D6-2B65-4765-77C8B81D2488
-29.300892,-22.133188,2,C5DC661F-E2D6-2B65-4765-77C8B81D2488
-20.406012,-24.69317,2,C5DC661F-E2D6-2B65-4765-77C8B81D2488
-52.134544,-15.399028,2,C5DC661F-E2D6-2B65-4765-77C8B81D2488
-19.785868,-25.425676,2,C5DC661F-E2D6-2B65-4765-77C8B81D2488
38.54722,9.704839,2,C8BB6C15-19FA-A17A-5945-6202803016D7
-1.7842126,-8.957391,2,C8BB6C15-19FA-A17A-5945-6202803016D7
9.096835,-47.427696,2,C8BB6C15-19FA-A17A-5945-6202803016D7
32.42732,26.947874,2,C8BB6C15-19FA-A17A-5945-6202803016D7
36.881916,10.06087,2,C8BB6C15-19FA-A17A-5945-6202803016D7
33.38258,13.690806,0,C8BB6C15-19FA-A17A-5945-6202803016D7
-24.23622,36.260914,2,C8BB6C15-19FA-A17A-5945-6202803016D7
-1.1000751,26.89911,2,C8BB6C15-19FA-A17A-5945-6202803016D7
-2.4968987,-33.14356,2,C8BB6C15-19FA-A17A-5945-6202803016D7
0.5492267,-33.176003,0,C8BB6C15-19FA-A17A-5945-6202803016D7
2.3384194,-32.96364,0,C8BB6C15-19FA-A17A-5945-6202803016D7
-25.306889,31.684057,0,C8BB6C15-19FA-A17A-5945-6202803016D7
21.098816,-58.793976,2,C8BB6C15-19FA-A17A-5945-6202803016D7
32.7862,19.79695,2,C8BB6C15-19FA-A17A-5945-6202803016D7
9.330716,-46.267048,0,C8BB6C15-19FA-A17A-5945-6202803016D7
1.2907331,40.629192,0,C8BB6C15-19FA-A17A-5945-6202803016D7
16.928923,16.87458,0,C8BB6C15-19FA-A17A-5945-6202803016D7
13.282179,34.23497,0,C8BB6C15-19FA-A17A-5945-6202803016D7
26.478226,-5.1927547,0,C8BB6C15-19FA-A17A-5945-6202803016D7
48.637566,-26.933796,0,C8BB6C15-19FA-A17A-5945-6202803016D7
43.529076,-5.4564705,1,C8BB6C15-19FA-A17A-5945-6202803016D7
36.508842,2.9012675,1,C8BB6C15-19FA-A17A-5945-6202803016D7
25.820435,-7.122279,1,C8BB6C15-19FA-A17A-5945-6202803016D7
23.670155,-2.509573,1,C8BB6C15-19FA-A17A-5945-6202803016D7
-36.714058,22.442867,0,C8BB6C15-19FA-A17A-5945-6202803016D7
-37.269028,19.06464,1,C8BB6C15-19FA-A17A-5945-6202803016D7
9.096104,-44.262547,1,C8BB6C15-19FA-A17A-5945-6202803016D7
-26.509598,-19.858566,2,CCA3ABC5-DCCE-0BBE-5327-E65AE52A195D
-25.231558,-21.044384,2,CCA3ABC5-DCCE-0BBE-5327-E65AE52A195D
-21.527725,-22.541616,2,CCA3ABC5-DCCE-0BBE-5327-E65AE52A195D
-34.629665,13.588312,0,CCA3ABC5-DCCE-0BBE-5327-E65AE52A195D
14.206327,26.544111,0,CCA3ABC5-DCCE-0BBE-5327-E65AE52A195D
26.130665,39.171543,0,CCA3ABC5-DCCE-0BBE-5327-E65AE52A195D
6.8104134,-33.339073,2,CCA3ABC5-DCCE-0BBE-5327-E65AE52A195D
-39.194256,8.918314,2,CCA3ABC5-DCCE-0BBE-5327-E65AE52A195D
-1.4950655,-35.172142,2,CCA3ABC5-DCCE-0BBE-5327-E65AE52A195D
-7.947182,-29.469694,0,CCA3ABC5-DCCE-0BBE-5327-E65AE52A195D
-53.069958,-16.06163,0,CCA3ABC5-DCCE-0BBE-5327-E65AE52A195D
-56.253788,-11.015643,0,CCA3ABC5-DCCE-0BBE-5327-E65AE52A195D
0.39583474,38.45808,2,CD5833CD-93D3-318C-371A-18A32DEFC38B
-1.1524427,39.29367,0,CD5833CD-93D3-318C-371A-18A32DEFC38B
6.033789,-33.027054,0,CD5833CD-93D3-318C-371A-18A32DEFC38B
3.5151067,-32.982796,0,CD5833CD-93D3-318C-371A-18A32DEFC38B
-27.71915,20.120663,0,CD5833CD-93D3-318C-371A-18A32DEFC38B
-13.211006,-4.0870414,0,CD5833CD-93D3-318C-371A-18A32DEFC38B
-11.635246,25.211649,2,CD5833CD-93D3-318C-371A-18A32DEFC38B
-33.90633,12.864444,2,CD5833CD-93D3-318C-371A-18A32DEFC38B
47.73168,-27.881216,2,CD5833CD-93D3-318C-371A-18A32DEFC38B
44.977997,-2.5445616,2,CD5833CD-93D3-318C-371A-18A32DEFC38B
25.473473,-6.8229065,2,CD5833CD-93D3-318C-371A-18A32DEFC38B
45.327698,-12.817484,2,CD5833CD-93D3-318C-371A-18A32DEFC38B
-30.49954,-22.64438,2,CD5833CD-93D3-318C-371A-18A32DEFC38B
-27.311508,-22.16539,2,CD5833CD-93D3-318C-371A-18A32DEFC38B
-14.554643,-28.017008,2,CD5833CD-93D3-318C-371A-18A32DEFC38B
-4.5583215,15.618379,0,D0F7ABC0-F552-63CD-CAC6-6703C39B83CA
31.840027,-8.374013,0,D0F7ABC0-F552-63CD-CAC6-6703C39B83CA
30.38847,-8.61051,0,D0F7ABC0-F552-63CD-CAC6-6703C39B83CA
36.777336,23.449219,1,D0F7ABC0-F552-63CD-CAC6-6703C39B83CA
36.326855,17.105837,2,D0F7ABC0-F552-63CD-CAC6-6703C39B83CA
8.382501,-59.528828,2,D0F7ABC0-F552-63CD-CAC6-6703C39B83CA
34.51733,-30.535679,1,D0F7ABC0-F552-63CD-CAC6-6703C39B83CA
25.586964,-29.270752,1,D0F7ABC0-F552-63CD-CAC6-6703C39B83CA
24.824907,-27.276531,0,D0F7ABC0-F552-63CD-CAC6-6703C39B83CA
28.821999,-31.955006,0,D0F7ABC0-F552-63CD-CAC6-6703C39B83CA
10.143428,-59.183647,0,D0F7ABC0-F552-63CD-CAC6-6703C39B83CA
10.3165245,-56.346138,0,D0F7ABC0-F552-63CD-CAC6-6703C39B83CA
14.273621,2.1195724,1,D0F7ABC0-F552-63CD-CAC6-6703C39B83CA
-1.3516173,41.125072,1,D0F7ABC0-F552-63CD-CAC6-6703C39B83CA
25.787516,-5.2149367,1,D0F7ABC0-F552-63CD-CAC6-6703C39B83CA
44.756996,-11.772956,1,D0F7ABC0-F552-63CD-CAC6-6703C39B83CA
10.062045,-51.331257,2,D0F7ABC0-F552-63CD-CAC6-6703C39B83CA
42.345432,-7.3085184,2,D0F7ABC0-F552-63CD-CAC6-6703C39B83CA
-13.369967,-32.601036,2,D0F7ABC0-F552-63CD-CAC6-6703C39B83CA
-51.860878,-14.487894,2,D0F7ABC0-F552-63CD-CAC6-6703C39B83CA
-39.591324,-29.043238,2,D0F7ABC0-F552-63CD-CAC6-6703C39B83CA
-42.690754,-36.169052,1,D0F7ABC0-F552-63CD-CAC6-6703C39B83CA
-43.400818,-37.46123,1,D0F7ABC0-F552-63CD-CAC6-6703C39B83CA
-39.924152,-41.756508,1,D0F7ABC0-F552-63CD-CAC6-6703C39B83CA
-55.32444,-11.168057,2,D51A5648-0039-8CB1-45CB-C51E5ABA8BCC
-31.782242,30.81669,0,D51A5648-0039-8CB1-45CB-C51E5ABA8BCC
25.541063,40.83823,0,D51A5648-0039-8CB1-45CB-C51E5ABA8BCC
17.64697,35.34813,0,D51A5648-0039-8CB1-45CB-C51E5ABA8BCC
23.563402,31.638376,0,D51A5648-0039-8CB1-45CB-C51E5ABA8BCC
2.943002,42.691105,0,D51A5648-0039-8CB1-45CB-C51E5ABA8BCC
-51.11777,-3.4347193,2,D51A5648-0039-8CB1-45CB-C51E5ABA8BCC
-11.019142,-30.975792,2,D51A5648-0039-8CB1-45CB-C51E5ABA8BCC
-44.381546,5.2576637,2,D51A5648-0039-8CB1-45CB-C51E5ABA8BCC
-50.67372,15.098005,2,D51A5648-0039-8CB1-45CB-C51E5ABA8BCC
8.428798,-44.038944,2,D51A5648-0039-8CB1-45CB-C51E5ABA8BCC
35.628952,-20.956179,0,D51A5648-0039-8CB1-45CB-C51E5ABA8BCC
10.826118,-63.432922,1,D51A5648-0039-8CB1-45CB-C51E5ABA8BCC
33.313274,-32.259403,1,D51A5648-0039-8CB1-45CB-C51E5ABA8BCC
33.174454,-32.170612,2,D51A5648-0039-8CB1-45CB-C51E5ABA8BCC
5.495395,15.719426,2,D51A5648-0039-8CB1-45CB-C51E5ABA8BCC
-18.242792,21.970823,2,D51A5648-0039-8CB1-45CB-C51E5ABA8BCC
-5.6747932,-37.20042,2,D51A5648-0039-8CB1-45CB-C51E5ABA8BCC
40.241695,-28.727911,0,D6D11A63-A131-4E74-041D-6E3BD8EFF8FF
31.899498,16.659151,1,D6D11A63-A131-4E74-041D-6E3BD8EFF8FF
-9.058739,-4.9401736,2,D6D11A63-A131-4E74-041D-6E3BD8EFF8FF
-18.709715,36.528183,2,D6D11A63-A131-4E74-041D-6E3BD8EFF8FF
-10.611819,15.072006,2,D6D11A63-A131-4E74-041D-6E3BD8EFF8FF
-49.249275,17.75346,2,D6D11A63-A131-4E74-041D-6E3BD8EFF8FF
-31.192984,-21.550562,2,D6D11A63-A131-4E74-041D-6E3BD8EFF8FF
-29.265566,-20.524773,2,D6D11A63-A131-4E74-041D-6E3BD8EFF8FF
-36.444157,-24.587734,0,D6D11A63-A131-4E74-041D-6E3BD8EFF8FF
-52.12279,-12.237368,0,D6D11A63-A131-4E74-041D-6E3BD8EFF8FF
-51.524216,-9.381985,0,D6D11A63-A131-4E74-041D-6E3BD8EFF8FF
-47.73563,8.526293,0,D6D11A63-A131-4E74-041D-6E3BD8EFF8FF
-13.096761,-33.4772,0,D6D11A63-A131-4E74-041D-6E3BD8EFF8FF
-14.123508,-34.03408,1,D6D11A63-A131-4E74-041D-6E3BD8EFF8FF
-9.291362,-35.585823,1,D6D11A63-A131-4E74-041D-6E3BD8EFF8FF
-40.95497,-42.78794,1,D6D11A63-A131-4E74-041D-6E3BD8EFF8FF
-44.930958,-41.668724,1,D6D11A63-A131-4E74-041D-6E3BD8EFF8FF
-44.603863,-40.71695,1,D6D11A63-A131-4E74-041D-6E3BD8EFF8FF
-43.459682,-36.783077,0,D6D11A63-A131-4E74-041D-6E3BD8EFF8FF
-31.28144,-21.937956,0,D6D11A63-A131-4E74-041D-6E3BD8EFF8FF
-44.069008,-20.727194,0,D6D11A63-A131-4E74-041D-6E3BD8EFF8FF
-38.547222,-30.462885,1,D6D11A63-A131-4E74-041D-6E3BD8EFF8FF
-38.235428,-27.772219,1,D6D11A63-A131-4E74-041D-6E3BD8EFF8FF
-38.0672,-27.837,2,D6D11A63-A131-4E74-041D-6E3BD8EFF8FF
-32.98346,29.631638,1,DA2856BC-D181-9AF0-DC9A-99A9444D5579
-43.819126,9.458738,1,DA2856BC-D181-9AF0-DC9A-99A9444D5579
38.10088,6.4739213,1,DA2856BC-D181-9AF0-DC9A-99A9444D5579
10.153742,4.7546625,1,DA2856BC-D181-9AF0-DC9A-99A9444D5579
-15.749939,14.192155,1,DA2856BC-D181-9AF0-DC9A-99A9444D5579
-10.515212,16.098972,1,DA2856BC-D181-9AF0-DC9A-99A9444D5579
27.70431,-7.1065125,1,DA2856BC-D181-9AF0-DC9A-99A9444D5579
42.45578,-15.572112,1,DA2856BC-D181-9AF0-DC9A-99A9444D5579
-0.63131577,29.121973,1,DA2856BC-D181-9AF0-DC9A-99A9444D5579
8.593866,21.650654,1,DA2856BC-D181-9AF0-DC9A-99A9444D5579
20.879768,32.104805,2,DA2856BC-D181-9AF0-DC9A-99A9444D5579
12.134747,21.266968,2,DA2856BC-D181-9AF0-DC9A-99A9444D5579
36.917896,18.004564,0,DA2856BC-D181-9AF0-DC9A-99A9444D5579
35.98044,19.438435,0,DA2856BC-D181-9AF0-DC9A-99A9444D5579
2.8754637,29.644705,0,DA2856BC-D181-9AF0-DC9A-99A9444D5579
-49.688778,17.925772,2,DA2856BC-D181-9AF0-DC9A-99A9444D5579
-31.017366,20.488688,2,DA2856BC-D181-9AF0-DC9A-99A9444D5579
-15.9317875,35.010345,2,DA2856BC-D181-9AF0-DC9A-99A9444D5579
-28.998718,14.003335,0,DA2856BC-D181-9AF0-DC9A-99A9444D5579
-12.185869,-3.0589173,2,DA2856BC-D181-9AF0-DC9A-99A9444D5579
-3.3622792,42.93097,2,DA2856BC-D181-9AF0-DC9A-99A9444D5579
4.310417,-31.855824,2,DA2856BC-D181-9AF0-DC9A-99A9444D5579
-36.714657,22.327219,2,DA2856BC-D181-9AF0-DC9A-99A9444D5579
-19.233501,-28.657244,2,DA2856BC-D181-9AF0-DC9A-99A9444D5579
22.408108,30.4733,0,DBA0C8C4-AE05-772F-2E53-E6167F8ACB77
37.368813,15.706544,2,DBA0C8C4-AE05-772F-2E53-E6167F8ACB77
9.067945,-47.819473,2,DBA0C8C4-AE05-772F-2E53-E6167F8ACB77
-23.419615,35.099995,2,DBA0C8C4-AE05-772F-2E53-E6167F8ACB77
-34.701767,13.317771,0,DBA0C8C4-AE05-772F-2E53-E6167F8ACB77
-49.08649,-0.5977122,0,DBA0C8C4-AE05-772F-2E53-E6167F8ACB77
-40.07022,7.58371,2,DBA0C8C4-AE05-772F-2E53-E6167F8ACB77
-27.368147,19.399042,2,DBA0C8C4-AE05-772F-2E53-E6167F8ACB77
-30.403048,7.3109426,0,DBA0C8C4-AE05-772F-2E53-E6167F8ACB77
-35.736004,3.6974819,0,DBA0C8C4-AE05-772F-2E53-E6167F8ACB77
-36.915417,3.051461,0,DBA0C8C4-AE05-772F-2E53-E6167F8ACB77
-56.49087,-9.435109,0,DBA0C8C4-AE05-772F-2E53-E6167F8ACB77
-10.049561,-30.748575,0,DBA0C8C4-AE05-772F-2E53-E6167F8ACB77
-54.017662,-6.0105762,2,DBA0C8C4-AE05-772F-2E53-E6167F8ACB77
-55.42035,-9.763199,2,DBA0C8C4-AE05-772F-2E53-E6167F8ACB77
-50.39536,13.363955,0,DBA0C8C4-AE05-772F-2E53-E6167F8ACB77
-41.117294,0.99679273,0,DBA0C8C4-AE05-772F-2E53-E6167F8ACB77
-47.69013,-2.1152623,0,DBA0C8C4-AE05-772F-2E53-E6167F8ACB77
37.83737,11.5446,0,DBA0C8C4-AE05-772F-2E53-E6167F8ACB77
23.672747,41.287872,0,DBA0C8C4-AE05-772F-2E53-E6167F8ACB77
24.348621,41.32842,0,DBA0C8C4-AE05-772F-2E53-E6167F8ACB77
7.408589,50.65815,2,DBA0C8C4-AE05-772F-2E53-E6167F8ACB77
-0.5360913,23.441692,2,DBA0C8C4-AE05-772F-2E53-E6167F8ACB77
7.111693,21.45779,2,DBA0C8C4-AE05-772F-2E53-E6167F8ACB77
-48.930416,17.887875,2,DBA0C8C4-AE05-772F-2E53-E6167F8ACB77
-49.871876,15.982335,0,DBA0C8C4-AE05-772F-2E53-E6167F8ACB77
-34.639805,13.276628,2,DBA0C8C4-AE05-772F-2E53-E6167F8ACB77
-48.521015,-2.5630825,2,DBA0C8C4-AE05-772F-2E53-E6167F8ACB77
-17.757673,-26.759518,2,DBA0C8C4-AE05-772F-2E53-E6167F8ACB77
-52.222443,-14.801533,2,DBA0C8C4-AE05-772F-2E53-E6167F8ACB77
-13.980256,25.704948,0,DBA0C8C4-AE05-772F-2E53-E6167F8ACB77
-31.21989,21.694748,2,DBA0C8C4-AE05-772F-2E53-E6167F8ACB77
-49.12348,2.5433676,0,DBA0C8C4-AE05-772F-2E53-E6167F8ACB77
-18.86447,-28.169605,0,DBA0C8C4-AE05-772F-2E53-E6167F8ACB77
-51.304214,-12.898481,0,DBA0C8C4-AE05-772F-2E53-E6167F8ACB77
-22.230232,-24.64966,0,DBA0C8C4-AE05-772F-2E53-E6167F8ACB77
36.562485,4.0428085,1,DC0BE0E2-B41E-3D73-47C5-5733952512CB
36.515034,4.0199723,2,DC0BE0E2-B41E-3D73-47C5-5733952512CB
34.91403,10.455276,2,DC0BE0E2-B41E-3D73-47C5-5733952512CB
8.490137,20.434853,2,DC0BE0E2-B41E-3D73-47C5-5733952512CB
17.64159,9.965322,2,DC0BE0E2-B41E-3D73-47C5-5733952512CB
42.70683,-6.2612743,2,DC0BE0E2-B41E-3D73-47C5-5733952512CB
27.623804,-8.760478,2,DC0BE0E2-B41E-3D73-47C5-5733952512CB
27.942879,-6.8982224,2,DC0BE0E2-B41E-3D73-47C5-5733952512CB
42.59304,-16.714964,2,DC0BE0E2-B41E-3D73-47C5-5733952512CB
37.291893,-18.87389,2,DC0BE0E2-B41E-3D73-47C5-5733952512CB
37.926598,1.482583,2,DC0BE0E2-B41E-3D73-47C5-5733952512CB
19.036028,8.203809,2,DC0BE0E2-B41E-3D73-47C5-5733952512CB
34.35419,20.546053,2,DCB45A10-FAF5-53E0-AB53-2D42AC9BB090
24.927597,42.257362,2,DCB45A10-FAF5-53E0-AB53-2D42AC9BB090
4.2579904,53.76619,0,DCB45A10-FAF5-53E0-AB53-2D42AC9BB090
40.708015,4.12344,0,DCB45A10-FAF5-53E0-AB53-2D42AC9BB090
40.387623,-7.9046893,0,DCB45A10-FAF5-53E0-AB53-2D42AC9BB090
14.078839,-37.82038,0,DCB45A10-FAF5-53E0-AB53-2D42AC9BB090
3.0814579,42.01732,1,DCB45A10-FAF5-53E0-AB53-2D42AC9BB090
16.937334,38.469406,1,DCB45A10-FAF5-53E0-AB53-2D42AC9BB090
-45.15679,11.465752,0,DCB45A10-FAF5-53E0-AB53-2D42AC9BB090
-46.348804,-1.5873582,0,DCB45A10-FAF5-53E0-AB53-2D42AC9BB090
-38.466206,7.439276,0,DCB45A10-FAF5-53E0-AB53-2D42AC9BB090
-53.065422,-9.383777,0,DCB45A10-FAF5-53E0-AB53-2D42AC9BB090
42.570854,-15.520089,0,DCB45A10-FAF5-53E0-AB53-2D42AC9BB090
43.511864,-7.900495,0,DCB45A10-FAF5-53E0-AB53-2D42AC9BB090
21.0992,-21.476057,0,DCB45A10-FAF5-53E0-AB53-2D42AC9BB090
20.476622,34.96251,1,DCB45A10-FAF5-53E0-AB53-2D42AC9BB090
47.18117,-27.492117,1,DCB45A10-FAF5-53E0-AB53-2D42AC9BB090
48.389946,-27.857058,2,DCB45A10-FAF5-53E0-AB53-2D42AC9BB090
22.102806,-2.4153447,1,DCB45A10-FAF5-53E0-AB53-2D42AC9BB090
47.675343,-29.41374,0,DCB45A10-FAF5-53E0-AB53-2D42AC9BB090
44.272247,-18.316753,0,DCB45A10-FAF5-53E0-AB53-2D42AC9BB090
-14.326937,22.826029,0,DCB45A10-FAF5-53E0-AB53-2D42AC9BB090
-37.770576,20.023062,0,DCB45A10-FAF5-53E0-AB53-2D42AC9BB090
-41.716686,20.823107,0,DCB45A10-FAF5-53E0-AB53-2D42AC9BB090
-39.84889,6.046416,2,DD956DE9-DEFB-C0C6-82B4-C639A17D6782
-28.019848,29.709803,2,DD956DE9-DEFB-C0C6-82B4-C639A17D6782
-0.07162558,40.40552,2,DD956DE9-DEFB-C0C6-82B4-C639A17D6782
-11.847556,31.197838,2,DD956DE9-DEFB-C0C6-82B4-C639A17D6782
-11.006566,32.021114,2,DD956DE9-DEFB-C0C6-82B4-C639A17D6782
-34.663605,6.6126437,0,DD956DE9-DEFB-C0C6-82B4-C639A17D6782
-49.851147,14.132427,2,DD956DE9-DEFB-C0C6-82B4-C639A17D6782
-4.6002073,15.333279,2,DD956DE9-DEFB-C0C6-82B4-C639A17D6782
18.681435,10.081689,2,DD956DE9-DEFB-C0C6-82B4-C639A17D6782
8.445121,-33.974598,2,DD956DE9-DEFB-C0C6-82B4-C639A17D6782
32.619934,23.754103,2,DD956DE9-DEFB-C0C6-82B4-C639A17D6782
8.699166,20.720207,0,DD956DE9-DEFB-C0C6-82B4-C639A17D6782
2.2294567,36.103104,2,DD956DE9-DEFB-C0C6-82B4-C639A17D6782
8.82699,-45.56766,2,DD956DE9-DEFB-C0C6-82B4-C639A17D6782
7.740319,-33.58347,2,DD956DE9-DEFB-C0C6-82B4-C639A17D6782
3.7187533,49.472626,0,DD956DE9-DEFB-C0C6-82B4-C639A17D6782
-11.879531,14.726417,0,DD956DE9-DEFB-C0C6-82B4-C639A17D6782
-0.32818463,33.79541,0,DD956DE9-DEFB-C0C6-82B4-C639A17D6782
20.09082,-21.30089,0,DD956DE9-DEFB-C0C6-82B4-C639A17D6782
25.33008,-6.439717,0,DD956DE9-DEFB-C0C6-82B4-C639A17D6782
25.371185,12.511382,2,DD956DE9-DEFB-C0C6-82B4-C639A17D6782
33.752796,10.685186,2,DD956DE9-DEFB-C0C6-82B4-C639A17D6782
26.009256,-6.440375,2,DD956DE9-DEFB-C0C6-82B4-C639A17D6782
25.498394,-29.201118,2,DD956DE9-DEFB-C0C6-82B4-C639A17D6782
-27.01998,27.379725,2,DE775A65-68D5-C477-E2F7-BCC1AEF0B850
-44.840717,11.527957,2,DE775A65-68D5-C477-E2F7-BCC1AEF0B850
-47.152634,-0.7635842,0,DE775A65-68D5-C477-E2F7-BCC1AEF0B850
-9.826774,-31.812624,0,DE775A65-68D5-C477-E2F7-BCC1AEF0B850
-38.777195,1.079708,0,DE775A65-68D5-C477-E2F7-BCC1AEF0B850
-49.36336,0.18393756,0,DE775A65-68D5-C477-E2F7-BCC1AEF0B850
34.04896,10.746061,2,DE775A65-68D5-C477-E2F7-BCC1AEF0B850
37.083675,4.706299,2,DE775A65-68D5-C477-E2F7-BCC1AEF0B850
33.524773,15.439345,2,DE775A65-68D5-C477-E2F7-BCC1AEF0B850
37.918205,2.987834,2,DE775A65-68D5-C477-E2F7-BCC1AEF0B850
32.820038,18.94094,2,DE775A65-68D5-C477-E2F7-BCC1AEF0B850
45.573044,-9.3324,2,DE775A65-68D5-C477-E2F7-BCC1AEF0B850
-39.833702,19.963175,2,DE775A65-68D5-C477-E2F7-BCC1AEF0B850
10.92831,-56.001858,2,DE775A65-68D5-C477-E2F7-BCC1AEF0B850
24.019997,-63.481194,2,DE775A65-68D5-C477-E2F7-BCC1AEF0B850
24.145193,-63.524612,2,DE775A65-68D5-C477-E2F7-BCC1AEF0B850
24.525187,-63.564663,2,DE775A65-68D5-C477-E2F7-BCC1AEF0B850
10.193756,-67.543,2,DE775A65-68D5-C477-E2F7-BCC1AEF0B850
-17.945713,21.923632,2,DE775A65-68D5-C477-E2F7-BCC1AEF0B850
-51.477863,-12.3109455,2,DE775A65-68D5-C477-E2F7-BCC1AEF0B850
-13.095923,-32.728794,2,DE775A65-68D5-C477-E2F7-BCC1AEF0B850
-11.944818,-34.046986,2,DE775A65-68D5-C477-E2F7-BCC1AEF0B850
-6.7699423,-36.183136,2,DE775A65-68D5-C477-E2F7-BCC1AEF0B850
-24.663065,-22.435246,2,DE775A65-68D5-C477-E2F7-BCC1AEF0B850
19.653458,31.63195,2,DF62EF03-DA30-E70A-CA31-03A029C9610A
-22.65294,28.737688,2,DF62EF03-DA30-E70A-CA31-03A029C9610A
-10.92296,15.472644,0,DF62EF03-DA30-E70A-CA31-03A029C9610A
-0.08627504,34.588497,0,DF62EF03-DA30-E70A-CA31-03A029C9610A
18.295092,9.865245,0,DF62EF03-DA30-E70A-CA31-03A029C9610A
20.527132,34.451225,2,DF62EF03-DA30-E70A-CA31-03A029C9610A
-46.50731,-19.147057,1,DF62EF03-DA30-E70A-CA31-03A029C9610A
-49.554024,-16.822624,1,DF62EF03-DA30-E70A-CA31-03A029C9610A
-11.738662,-33.148968,1,DF62EF03-DA30-E70A-CA31-03A029C9610A
-38.825535,18.40877,1,DF62EF03-DA30-E70A-CA31-03A029C9610A
-8.430901,-5.646087,1,DF62EF03-DA30-E70A-CA31-03A029C9610A
6.239667,43.465904,1,DF62EF03-DA30-E70A-CA31-03A029C9610A
3.7976,18.796978,1,DF62EF03-DA30-E70A-CA31-03A029C9610A
-15.744997,-31.210802,1,DF62EF03-DA30-E70A-CA31-03A029C9610A
-49.115314,-16.63077,1,DF62EF03-DA30-E70A-CA31-03A029C9610A
-21.54308,-26.52211,2,DF62EF03-DA30-E70A-CA31-03A029C9610A
-23.219082,-25.438509,2,DF62EF03-DA30-E70A-CA31-03A029C9610A
-34.885616,-25.10641,2,DF62EF03-DA30-E70A-CA31-03A029C9610A
-39.920444,-31.186129,0,DF62EF03-DA30-E70A-CA31-03A029C9610A
-39.763977,-31.89412,0,DF62EF03-DA30-E70A-CA31-03A029C9610A
-41.074535,-33.431774,2,DF62EF03-DA30-E70A-CA31-03A029C9610A
-28.381845,-21.756567,2,DF62EF03-DA30-E70A-CA31-03A029C9610A
-24.583294,-23.525858,2,DF62EF03-DA30-E70A-CA31-03A029C9610A
-29.818201,-21.755621,2,DF62EF03-DA30-E70A-CA31-03A029C9610A
9.92512,-57.47837,0,E3489F9E-39E2-47B9-24EF-BAACE1438D00
10.072725,-57.869736,0,E3489F9E-39E2-47B9-24EF-BAACE1438D00
7.7937813,48.390778,0,E3489F9E-39E2-47B9-24EF-BAACE1438D00
9.4035,22.746733,0,E3489F9E-39E2-47B9-24EF-BAACE1438D00
17.48904,17.969597,2,E3489F9E-39E2-47B9-24EF-BAACE1438D00
18.414589,39.162926,0,E3489F9E-39E2-47B9-24EF-BAACE1438D00
-40.107964,-31.143686,2,E3489F9E-39E2-47B9-24EF-BAACE1438D00
-39.74802,-41.60868,2,E3489F9E-39E2-47B9-24EF-BAACE1438D00
-44.585087,-38.336502,2,E3489F9E-39E2-47B9-24EF-BAACE1438D00
-43.96273,-39.16096,2,E3489F9E-39E2-47B9-24EF-BAACE1438D00
-43.778576,-38.864445,0,E3489F9E-39E2-47B9-24EF-BAACE1438D00
-43.02178,-36.77638,0,E3489F9E-39E2-47B9-24EF-BAACE1438D00
-7.6179123,-30.460846,0,E3489F9E-39E2-47B9-24EF-BAACE1438D00
-24.459816,-23.180925,0,E3489F9E-39E2-47B9-24EF-BAACE1438D00
-26.552557,-22.324398,0,E3489F9E-39E2-47B9-24EF-BAACE1438D00
-22.659348,-23.130495,0,E3489F9E-39E2-47B9-24EF-BAACE1438D00
-16.916441,-28.477072,0,E3489F9E-39E2-47B9-24EF-BAACE1438D00
-19.049988,-26.213907,0,E3489F9E-39E2-47B9-24EF-BAACE1438D00
-26.331861,-21.559986,2,E3489F9E-39E2-47B9-24EF-BAACE1438D00
-30.166464,-23.035284,2,E3489F9E-39E2-47B9-24EF-BAACE1438D00
-14.405928,-27.941582,2,E3489F9E-39E2-47B9-24EF-BAACE1438D00
-5.1397243,-32.55539,2,E3489F9E-39E2-47B9-24EF-BAACE1438D00
-17.958769,-26.210894,2,E3489F9E-39E2-47B9-24EF-BAACE1438D00
-15.343652,39.59572,2,E49C1269-8AB7-8C8F-FC88-AA92C2F1E260
0.113894366,-8.87007,2,E49C1269-8AB7-8C8F-FC88-AA92C2F1E260
17.714422,37.560978,2,E49C1269-8AB7-8C8F-FC88-AA92C2F1E260
32.44599,22.394669,1,E49C1269-8AB7-8C8F-FC88-AA92C2F1E260
8.286734,20.59794,0,E49C1269-8AB7-8C8F-FC88-AA92C2F1E260
-0.36257145,22.979435,0,E49C1269-8AB7-8C8F-FC88-AA92C2F1E260
43.220196,-3.7784343,0,E49C1269-8AB7-8C8F-FC88-AA92C2F1E260
42.42875,-4.298204,0,E49C1269-8AB7-8C8F-FC88-AA92C2F1E260
28.32563,-5.974001,0,E49C1269-8AB7-8C8F-FC88-AA92C2F1E260
29.777536,-8.619108,0,E49C1269-8AB7-8C8F-FC88-AA92C2F1E260
40.15703,-10.256247,0,E49C1269-8AB7-8C8F-FC88-AA92C2F1E260
34.84333,17.17405,0,E49C1269-8AB7-8C8F-FC88-AA92C2F1E260
9.886195,-58.201385,2,E49C1269-8AB7-8C8F-FC88-AA92C2F1E260
45.801388,-20.082989,2,E49C1269-8AB7-8C8F-FC88-AA92C2F1E260
20.09415,37.203888,2,E49C1269-8AB7-8C8F-FC88-AA92C2F1E260
-19.053728,39.907066,0,E49C1269-8AB7-8C8F-FC88-AA92C2F1E260
-46.454994,10.804559,0,E49C1269-8AB7-8C8F-FC88-AA92C2F1E260
-46.806744,10.6339655,0,E49C1269-8AB7-8C8F-FC88-AA92C2F1E260
27.215271,-4.043604,2,E5CCE6B3-2C6E-BE96-602F-3852C8614777
37.31989,-3.8997965,2,E5CCE6B3-2C6E-BE96-602F-3852C8614777
-6.529017,15.366412,0,E5CCE6B3-2C6E-BE96-602F-3852C8614777
0.78804165,33.920513,0,E5CCE6B3-2C6E-BE96-602F-3852C8614777
-11.660445,15.199283,0,E5CCE6B3-2C6E-BE96-602F-3852C8614777
-49.169838,17.591396,0,E5CCE6B3-2C6E-BE96-602F-3852C8614777
-33.366158,18.259644,2,E5CCE6B3-2C6E-BE96-602F-3852C8614777
-13.610341,26.03918,2,E5CCE6B3-2C6E-BE96-602F-3852C8614777
-46.69192,5.2344513,0,E5CCE6B3-2C6E-BE96-602F-3852C8614777
40.580357,-2.347137,0,E5CCE6B3-2C6E-BE96-602F-3852C8614777
31.671457,19.465443,0,E5CCE6B3-2C6E-BE96-602F-3852C8614777
4.9492974,36.656322,2,E5CCE6B3-2C6E-BE96-602F-3852C8614777
-45.150867,-41.45697,0,E5CCE6B3-2C6E-BE96-602F-3852C8614777
-41.169987,-42.65232,0,E5CCE6B3-2C6E-BE96-602F-3852C8614777
-44.264217,-42.801876,0,E5CCE6B3-2C6E-BE96-602F-3852C8614777
-45.18268,-40.817833,0,E5CCE6B3-2C6E-BE96-602F-3852C8614777
-44.471546,-40.35288,0,E5CCE6B3-2C6E-BE96-602F-3852C8614777
-44.50394,-39.692677,2,E5CCE6B3-2C6E-BE96-602F-3852C8614777
-35.97755,-23.973864,1,E5CCE6B3-2C6E-BE96-602F-3852C8614777
-37.432224,-24.530544,2,E5CCE6B3-2C6E-BE96-602F-3852C8614777
-49.358437,0.5498672,2,E5F96AC5-AE7E-C4E8-8288-FB2674F43704
-13.94325,-30.04463,1,E5F96AC5-AE7E-C4E8-8288-FB2674F43704
-20.812347,-24.79104,1,E5F96AC5-AE7E-C4E8-8288-FB2674F43704
-52.388504,11.774837,1,E5F96AC5-AE7E-C4E8-8288-FB2674F43704
10.825353,22.072575,2,E5F96AC5-AE7E-C4E8-8288-FB2674F43704
38.05326,8.857137,2,E5F96AC5-AE7E-C4E8-8288-FB2674F43704
45.1038,-6.511699,1,E5F96AC5-AE7E-C4E8-8288-FB2674F43704
24.973217,12.999101,1,E5F96AC5-AE7E-C4E8-8288-FB2674F43704
20.833761,5.1115966,1,E5F96AC5-AE7E-C4E8-8288-FB2674F43704
41.82069,-18.373901,1,E5F96AC5-AE7E-C4E8-8288-FB2674F43704
44.492924,-21.183834,1,E5F96AC5-AE7E-C4E8-8288-FB2674F43704
43.29958,-27.651327,1,E5F96AC5-AE7E-C4E8-8288-FB2674F43704
2.2073283,19.592463,2,E5F96AC5-AE7E-C4E8-8288-FB2674F43704
32.16894,-32.906517,2,E5F96AC5-AE7E-C4E8-8288-FB2674F43704
10.516354,-66.95396,2,E5F96AC5-AE7E-C4E8-8288-FB2674F43704
20.667921,-61.47305,2,E5F96AC5-AE7E-C4E8-8288-FB2674F43704
24.534481,-63.829365,2,E5F96AC5-AE7E-C4E8-8288-FB2674F43704
10.671859,-66.08603,2,E5F96AC5-AE7E-C4E8-8288-FB2674F43704
-45.27065,-19.97577,2,EA788550-E907-E4AC-EAE4-82CC26723E3B
-22.46866,-21.971163,2,EA788550-E907-E4AC-EAE4-82CC26723E3B
-32.606037,-21.015732,2,EA788550-E907-E4AC-EAE4-82CC26723E3B
11.522153,51.840923,2,EA788550-E907-E4AC-EAE4-82CC26723E3B
1.1436756,26.080147,2,EA788550-E907-E4AC-EAE4-82CC26723E3B
-21.847574,36.21577,2,EA788550-E907-E4AC-EAE4-82CC26723E3B
28.179249,-8.5755415,0,EA788550-E907-E4AC-EAE4-82CC26723E3B
41.471943,-4.1183023,0,EA788550-E907-E4AC-EAE4-82CC26723E3B
12.805298,1.5909046,1,EA788550-E907-E4AC-EAE4-82CC26723E3B
10.997772,3.4645152,1,EA788550-E907-E4AC-EAE4-82CC26723E3B
-21.412628,36.243946,1,EA788550-E907-E4AC-EAE4-82CC26723E3B
-49.250538,17.362415,1,EA788550-E907-E4AC-EAE4-82CC26723E3B
-39.412937,5.6092734,1,EA788550-E907-E4AC-EAE4-82CC26723E3B
-49.36372,16.808807,1,EA788550-E907-E4AC-EAE4-82CC26723E3B
2.4569194,-33.023632,1,EA788550-E907-E4AC-EAE4-82CC26723E3B
1.7848349,-33.13829,1,EA788550-E907-E4AC-EAE4-82CC26723E3B
-13.640636,14.286926,1,EA788550-E907-E4AC-EAE4-82CC26723E3B
-13.471134,14.403345,1,EA788550-E907-E4AC-EAE4-82CC26723E3B
-42.189888,4.2069364,2,EC6E2525-212C-1C3A-0B73-74D1B45748E1
-10.171766,-32.071404,1,EC6E2525-212C-1C3A-0B73-74D1B45748E1
-3.271958,-33.301086,1,EC6E2525-212C-1C3A-0B73-74D1B45748E1
-12.467033,31.919153,1,EC6E2525-212C-1C3A-0B73-74D1B45748E1
12.963922,20.88404,1,EC6E2525-212C-1C3A-0B73-74D1B45748E1
13.021043,36.26741,1,EC6E2525-212C-1C3A-0B73-74D1B45748E1
23.434948,13.769889,2,EC6E2525-212C-1C3A-0B73-74D1B45748E1
41.391434,-8.488195,2,EC6E2525-212C-1C3A-0B73-74D1B45748E1
41.063118,-8.210896,1,EC6E2525-212C-1C3A-0B73-74D1B45748E1
9.539268,-56.70839,1,EC6E2525-212C-1C3A-0B73-74D1B45748E1
22.693512,-24.785774,1,EC6E2525-212C-1C3A-0B73-74D1B45748E1
36.837864,-18.744064,1,EC6E2525-212C-1C3A-0B73-74D1B45748E1
15.9422035,11.545307,0,EC6E2525-212C-1C3A-0B73-74D1B45748E1
-32.10772,26.937986,0,EC6E2525-212C-1C3A-0B73-74D1B45748E1
-17.788748,37.697266,0,EC6E2525-212C-1C3A-0B73-74D1B45748E1
3.7739208,20.14859,0,EC6E2525-212C-1C3A-0B73-74D1B45748E1
-19.317099,24.276434,1,EC6E2525-212C-1C3A-0B73-74D1B45748E1
8.815194,14.887865,1,EC6E2525-212C-1C3A-0B73-74D1B45748E1
-36.154415,-24.580948,0,EC6E2525-212C-1C3A-0B73-74D1B45748E1
-42.187218,-35.51414,0,EC6E2525-212C-1C3A-0B73-74D1B45748E1
-43.9636,-38.353012,0,EC6E2525-212C-1C3A-0B73-74D1B45748E1
-32.33769,-22.53101,0,EC6E2525-212C-1C3A-0B73-74D1B45748E1
-28.441568,-22.217257,0,EC6E2525-212C-1C3A-0B73-74D1B45748E1
-29.454384,-22.159565,1,EC6E2525-212C-1C3A-0B73-74D1B45748E1
46.06613,-23.553015,2,EE62AFCD-B47D-E676-0257-21F92CB612D8
22.48922,-22.696491,2,EE62AFCD-B47D-E676-0257-21F92CB612D8
35.014668,-21.096458,2,EE62AFCD-B47D-E676-0257-21F92CB612D8
34.964302,-21.377132,2,EE62AFCD-B47D-E676-0257-21F92CB612D8
41.534016,-23.681965,2,EE62AFCD-B47D-E676-0257-21F92CB612D8
-49.92414,16.507746,0,EE62AFCD-B47D-E676-0257-21F92CB612D8
14.588224,37.328938,2,EE62AFCD-B47D-E676-0257-21F92CB612D8
10.770094,24.367548,0,EE62AFCD-B47D-E676-0257-21F92CB612D8
22.526691,13.755487,0,EE62AFCD-B47D-E676-0257-21F92CB612D8
18.715084,13.5962305,0,EE62AFCD-B47D-E676-0257-21F92CB612D8
9.988023,4.9142923,0,EE62AFCD-B47D-E676-0257-21F92CB612D8
14.862976,18.5573,0,EE62AFCD-B47D-E676-0257-21F92CB612D8
24.178799,13.253395,2,EE62AFCD-B47D-E676-0257-21F92CB612D8
28.782387,-6.0611916,2,EE62AFCD-B47D-E676-0257-21F92CB612D8
39.470516,-2.5581245,2,EE62AFCD-B47D-E676-0257-21F92CB612D8
10.013884,-47.95329,2,EE62AFCD-B47D-E676-0257-21F92CB612D8
37.934757,7.727897,2,EE62AFCD-B47D-E676-0257-21F92CB612D8
24.441456,32.66119,2,EE62AFCD-B47D-E676-0257-21F92CB612D8
-2.810216,-7.7209535,2,EE62AFCD-B47D-E676-0257-21F92CB612D8
35.125572,6.126566,2,EE62AFCD-B47D-E676-0257-21F92CB612D8
28.136713,-7.5706167,2,EE62AFCD-B47D-E676-0257-21F92CB612D8
32.5843,23.320412,2,EE62AFCD-B47D-E676-0257-21F92CB612D8
15.847837,31.341984,2,EE62AFCD-B47D-E676-0257-21F92CB612D8
17.80394,33.067017,0,EE62AFCD-B47D-E676-0257-21F92CB612D8
20.566725,35.18989,2,EE62AFCD-B47D-E676-0257-21F92CB612D8
15.801278,31.499699,2,EE62AFCD-B47D-E676-0257-21F92CB612D8
6.1152487,21.41884,0,EE62AFCD-B47D-E676-0257-21F92CB612D8
35.204124,25.392992,0,EE62AFCD-B47D-E676-0257-21F92CB612D8
-10.408099,23.841505,0,EE62AFCD-B47D-E676-0257-21F92CB612D8
-12.940764,23.809576,0,EE62AFCD-B47D-E676-0257-21F92CB612D8
-9.497549,28.138103,1,F1430977-52AF-4F46-BF92-0A8D736CBD2B
-11.870374,34.067146,1,F1430977-52AF-4F46-BF92-0A8D736CBD2B
5.5172477,51.31354,1,F1430977-52AF-4F46-BF92-0A8D736CBD2B
2.076766,40.683456,1,F1430977-52AF-4F46-BF92-0A8D736CBD2B
3.8102603,40.720417,1,F1430977-52AF-4F46-BF92-0A8D736CBD2B
-48.554367,-2.526956,1,F1430977-52AF-4F46-BF92-0A8D736CBD2B
5.3713093,38.777428,1,F1430977-52AF-4F46-BF92-0A8D736CBD2B
-32.546925,17.04115,1,F1430977-52AF-4F46-BF92-0A8D736CBD2B
0.5351595,-32.801167,1,F1430977-52AF-4F46-BF92-0A8D736CBD2B
-44.38898,8.502488,1,F1430977-52AF-4F46-BF92-0A8D736CBD2B
-49.34922,-0.5287586,1,F1430977-52AF-4F46-BF92-0A8D736CBD2B
-51.36229,0.33245254,1,F1430977-52AF-4F46-BF92-0A8D736CBD2B
-24.713953,-22.95677,1,F1430977-52AF-4F46-BF92-0A8D736CBD2B
-22.316303,-24.270365,1,F1430977-52AF-4F46-BF92-0A8D736CBD2B
-23.993507,-22.506844,1,F1430977-52AF-4F46-BF92-0A8D736CBD2B
-4.7902417,-35.148354,1,F1430977-52AF-4F46-BF92-0A8D736CBD2B
-26.68678,13.843339,1,F1430977-52AF-4F46-BF92-0A8D736CBD2B
31.344368,18.434954,1,F1430977-52AF-4F46-BF92-0A8D736CBD2B
-12.229115,-4.196121,0,F752B62E-E95F-A65D-4CB2-8B0252E15F08
-4.1625843,-8.471629,2,F752B62E-E95F-A65D-4CB2-8B0252E15F08
11.7884035,34.465786,2,F752B62E-E95F-A65D-4CB2-8B0252E15F08
32.345573,27.2357,2,F752B62E-E95F-A65D-4CB2-8B0252E15F08
40.903797,4.063891,0,F752B62E-E95F-A65D-4CB2-8B0252E15F08
8.430589,-58.34939,0,F752B62E-E95F-A65D-4CB2-8B0252E15F08
-54.812824,-10.185458,2,F752B62E-E95F-A65D-4CB2-8B0252E15F08
-53.729996,-6.2374587,2,F752B62E-E95F-A65D-4CB2-8B0252E15F08
-27.200567,28.921268,0,F752B62E-E95F-A65D-4CB2-8B0252E15F08
-29.160446,26.472279,0,F752B62E-E95F-A65D-4CB2-8B0252E15F08
-26.865166,29.952597,0,F752B62E-E95F-A65D-4CB2-8B0252E15F08
-29.288408,27.785337,0,F752B62E-E95F-A65D-4CB2-8B0252E15F08
10.810726,26.66249,2,F752B62E-E95F-A65D-4CB2-8B0252E15F08
16.03701,15.882576,2,F752B62E-E95F-A65D-4CB2-8B0252E15F08
1.6156033,42.282185,2,F752B62E-E95F-A65D-4CB2-8B0252E15F08
18.117664,11.485259,2,F752B62E-E95F-A65D-4CB2-8B0252E15F08
5.6495895,40.912872,0,F752B62E-E95F-A65D-4CB2-8B0252E15F08
-28.78361,21.44432,0,F752B62E-E95F-A65D-4CB2-8B0252E15F08
13.788877,26.753212,2,FB3409F8-2ADE-757A-A1A5-DC1BBBD1131A
8.246868,-60.110477,2,FB3409F8-2ADE-757A-A1A5-DC1BBBD1131A
8.269023,-60.088295,0,FB3409F8-2ADE-757A-A1A5-DC1BBBD1131A
33.933056,-23.137068,0,FB3409F8-2ADE-757A-A1A5-DC1BBBD1131A
7.9026055,-57.907616,0,FB3409F8-2ADE-757A-A1A5-DC1BBBD1131A
26.26616,-28.67881,0,FB3409F8-2ADE-757A-A1A5-DC1BBBD1131A
12.703166,1.917345,0,FB3409F8-2ADE-757A-A1A5-DC1BBBD1131A
12.934548,2.4928184,1,FB3409F8-2ADE-757A-A1A5-DC1BBBD1131A
-4.4711804,15.756635,2,FB3409F8-2ADE-757A-A1A5-DC1BBBD1131A
32.930454,22.14257,2,FB3409F8-2ADE-757A-A1A5-DC1BBBD1131A
-4.4682164,15.427039,2,FB3409F8-2ADE-757A-A1A5-DC1BBBD1131A
8.258637,-53.36879,2,FB3409F8-2ADE-757A-A1A5-DC1BBBD1131A
38.56065,-10.088535,2,FB3409F8-2ADE-757A-A1A5-DC1BBBD1131A
16.049746,17.59196,2,FB3409F8-2ADE-757A-A1A5-DC1BBBD1131A
9.788334,4.8763957,2,FB3409F8-2ADE-757A-A1A5-DC1BBBD1131A
5.342267,37.254612,2,FB3409F8-2ADE-757A-A1A5-DC1BBBD1131A
-12.668753,26.13784,2,FB3409F8-2ADE-757A-A1A5-DC1BBBD1131A
-46.166096,10.521528,2,FB3409F8-2ADE-757A-A1A5-DC1BBBD1131A
39.756924,-16.410189,0,FB3409F8-2ADE-757A-A1A5-DC1BBBD1131A
40.891716,-5.4542375,0,FB3409F8-2ADE-757A-A1A5-DC1BBBD1131A
41.245087,-5.0153522,0,FB3409F8-2ADE-757A-A1A5-DC1BBBD1131A
20.161467,8.235527,0,FB3409F8-2ADE-757A-A1A5-DC1BBBD1131A
39.612797,-3.5708802,1,FB3409F8-2ADE-757A-A1A5-DC1BBBD1131A
36.68848,4.8988643,1,FB3409F8-2ADE-757A-A1A5-DC1BBBD1131A
45.751625,-26.337622,0,FB3409F8-2ADE-757A-A1A5-DC1BBBD1131A
22.44472,5.8571687,0,FB3409F8-2ADE-757A-A1A5-DC1BBBD1131A
22.66213,12.23743,1,FB3409F8-2ADE-757A-A1A5-DC1BBBD1131A
22.961313,12.421834,1,FB3409F8-2ADE-757A-A1A5-DC1BBBD1131A
8.9789095,20.985792,1,FB3409F8-2ADE-757A-A1A5-DC1BBBD1131A
27.877207,-12.076303,0,FB3409F8-2ADE-757A-A1A5-DC1BBBD1131A
-41.206207,7.3317213,1,FB3409F8-2ADE-757A-A1A5-DC1BBBD1131A
-7.4158607,-33.14491,1,FB3409F8-2ADE-757A-A1A5-DC1BBBD1131A
25.009518,12.521956,1,FB3409F8-2ADE-757A-A1A5-DC1BBBD1131A
34.16122,-31.33607,1,FB3409F8-2ADE-757A-A1A5-DC1BBBD1131A
31.924232,-32.99477,1,FB3409F8-2ADE-757A-A1A5-DC1BBBD1131A
30.803991,-31.755552,1,FB3409F8-2ADE-757A-A1A5-DC1BBBD1131A
29.541399,-12.093344,2,FB70D507-2F2A-0F83-3B53-75EB8452F5E0
34.874603,28.193562,2,FB70D507-2F2A-0F83-3B53-75EB8452F5E0
7.385151,36.708176,2,FB70D507-2F2A-0F83-3B53-75EB8452F5E0
-13.637927,37.846992,2,FB70D507-2F2A-0F83-3B53-75EB8452F5E0
22.687504,12.274111,2,FB70D507-2F2A-0F83-3B53-75EB8452F5E0
23.921848,-27.19524,2,FB70D507-2F2A-0F83-3B53-75EB8452F5E0
10.02748,-57.147594,2,FB70D507-2F2A-0F83-3B53-75EB8452F5E0
32.00273,-31.205706,2,FB70D507-2F2A-0F83-3B53-75EB8452F5E0
24.36919,-27.979565,2,FB70D507-2F2A-0F83-3B53-75EB8452F5E0
9.698564,-55.561058,0,FB70D507-2F2A-0F83-3B53-75EB8452F5E0
43.290047,-27.519535,0,FB70D507-2F2A-0F83-3B53-75EB8452F5E0
0.81586385,40.518806,0,FB70D507-2F2A-0F83-3B53-75EB8452F5E0
-7.807685,-32.82758,2,FB70D507-2F2A-0F83-3B53-75EB8452F5E0
-22.422697,-23.94487,0,FB70D507-2F2A-0F83-3B53-75EB8452F5E0
-23.032906,-23.917423,0,FB70D507-2F2A-0F83-3B53-75EB8452F5E0
-31.111364,-21.755943,0,FB70D507-2F2A-0F83-3B53-75EB8452F5E0
-31.004122,21.716303,2,FB70D507-2F2A-0F83-3B53-75EB8452F5E0
-49.057076,2.186508,2,FB70D507-2F2A-0F83-3B53-75EB8452F5E0
-41.83847,20.111078,0,FB70D507-2F2A-0F83-3B53-75EB8452F5E0
-23.520035,26.945032,0,FB70D507-2F2A-0F83-3B53-75EB8452F5E0
19.466331,3.9913087,0,FB70D507-2F2A-0F83-3B53-75EB8452F5E0
26.328354,-7.861203,1,FB70D507-2F2A-0F83-3B53-75EB8452F5E0
28.66821,19.061409,1,FB70D507-2F2A-0F83-3B53-75EB8452F5E0
-33.015068,21.859093,1,FB70D507-2F2A-0F83-3B53-75EB8452F5E0
-54.78265,-7.5551205,2,FC50071B-D2BA-C98B-AC6E-7339010D56DA
-53.86766,-15.868415,2,FC50071B-D2BA-C98B-AC6E-7339010D56DA
-17.350283,-26.862381,2,FC50071B-D2BA-C98B-AC6E-7339010D56DA
-17.541283,-25.128094,2,FC50071B-D2BA-C98B-AC6E-7339010D56DA
-15.061085,-28.209211,2,FC50071B-D2BA-C98B-AC6E-7339010D56DA
-15.538627,-28.34913,2,FC50071B-D2BA-C98B-AC6E-7339010D56DA
-43.331017,8.198286,2,FC50071B-D2BA-C98B-AC6E-7339010D56DA
-27.39178,10.858862,2,FC50071B-D2BA-C98B-AC6E-7339010D56DA
-28.16805,29.801197,2,FC50071B-D2BA-C98B-AC6E-7339010D56DA
-14.524428,36.51489,2,FC50071B-D2BA-C98B-AC6E-7339010D56DA
-6.9946113,-7.736554,2,FC50071B-D2BA-C98B-AC6E-7339010D56DA
18.960213,34.641262,2,FC50071B-D2BA-C98B-AC6E-7339010D56DA
5.3616934,50.487015,2,FC50071B-D2BA-C98B-AC6E-7339010D56DA
36.64037,-19.335287,2,FC50071B-D2BA-C98B-AC6E-7339010D56DA
22.86592,-24.571764,2,FC50071B-D2BA-C98B-AC6E-7339010D56DA
9.552749,-55.613426,2,FC50071B-D2BA-C98B-AC6E-7339010D56DA
22.39893,-23.722792,2,FC50071B-D2BA-C98B-AC6E-7339010D56DA
30.457136,-29.517113,2,FC50071B-D2BA-C98B-AC6E-7339010D56DA
9.059715,-52.77997,2,FC66D29E-8CD8-AE29-A071-33549272C1EE
39.069237,-6.2835274,0,FC66D29E-8CD8-AE29-A071-33549272C1EE
39.115902,-10.482463,0,FC66D29E-8CD8-AE29-A071-33549272C1EE
45.792168,-25.509693,0,FC66D29E-8CD8-AE29-A071-33549272C1EE
38.655968,-9.392464,0,FC66D29E-8CD8-AE29-A071-33549272C1EE
16.222586,17.13459,0,FC66D29E-8CD8-AE29-A071-33549272C1EE
-51.83948,-16.304873,0,FC66D29E-8CD8-AE29-A071-33549272C1EE
-53.66229,-9.642844,0,FC66D29E-8CD8-AE29-A071-33549272C1EE
-51.333973,0.40829054,2,FC66D29E-8CD8-AE29-A071-33549272C1EE
-29.266905,11.38871,2,FC66D29E-8CD8-AE29-A071-33549272C1EE
-32.362263,9.243281,2,FC66D29E-8CD8-AE29-A071-33549272C1EE
8.466934,37.84479,2,FC66D29E-8CD8-AE29-A071-33549272C1EE
22.481443,33.119747,0,FC66D29E-8CD8-AE29-A071-33549272C1EE
-29.25063,32.397823,0,FC66D29E-8CD8-AE29-A071-33549272C1EE
-30.812778,30.836979,0,FC66D29E-8CD8-AE29-A071-33549272C1EE
-10.933822,29.204113,0,FC66D29E-8CD8-AE29-A071-33549272C1EE
8.44047,-44.65441,0,FC66D29E-8CD8-AE29-A071-33549272C1EE
9.526621,-46.400948,0,FC66D29E-8CD8-AE29-A071-33549272C1EE
-42.16152,4.245054,2,FC66D29E-8CD8-AE29-A071-33549272C1EE
44.573853,-7.670081,0,FC66D29E-8CD8-AE29-A071-33549272C1EE
45.9773,-8.375793,0,FC66D29E-8CD8-AE29-A071-33549272C1EE
29.005127,18.183477,0,FC66D29E-8CD8-AE29-A071-33549272C1EE
43.386833,-3.0370927,0,FC66D29E-8CD8-AE29-A071-33549272C1EE
42.765625,-18.021997,0,FC66D29E-8CD8-AE29-A071-33549272C1EE
10.79461,-57.719307,0,FC66D29E-8CD8-AE29-A071-33549272C1EE
22.120733,-23.892576,0,FC66D29E-8CD8-AE29-A071-33549272C1EE
44.349644,-20.18858,0,FC66D29E-8CD8-AE29-A071-33549272C1EE
10.186362,-63.51041,0,FC66D29E-8CD8-AE29-A071-33549272C1EE
-17.867924,38.953827,0,FC66D29E-8CD8-AE29-A071-33549272C1EE
6.2516584,15.807442,0,FC66D29E-8CD8-AE29-A071-33549272C1EE
28.464825,-8.651142,2,FFAB0F54-EFF2-FA1A-1892-F9D8ED3C9B31
9.365484,4.182934,2,FFAB0F54-EFF2-FA1A-1892-F9D8ED3C9B31
8.703348,-44.738125,2,FFAB0F54-EFF2-FA1A-1892-F9D8ED3C9B31
33.324703,17.001379,2,FFAB0F54-EFF2-FA1A-1892-F9D8ED3C9B31
-26.994698,29.275805,2,FFAB0F54-EFF2-FA1A-1892-F9D8ED3C9B31
-49.91644,16.529669,0,FFAB0F54-EFF2-FA1A-1892-F9D8ED3C9B31
4.0935397,50.692806,0,FFAB0F54-EFF2-FA1A-1892-F9D8ED3C9B31
-13.11564,31.343245,2,FFAB0F54-EFF2-FA1A-1892-F9D8ED3C9B31
-2.2729928,24.40369,2,FFAB0F54-EFF2-FA1A-1892-F9D8ED3C9B31
41.71635,2.5910418,2,FFAB0F54-EFF2-FA1A-1892-F9D8ED3C9B31
27.545546,25.988108,2,FFAB0F54-EFF2-FA1A-1892-F9D8ED3C9B31
-34.288795,11.647761,0,FFAB0F54-EFF2-FA1A-1892-F9D8ED3C9B31
40.824883,-2.3881767,0,FFAB0F54-EFF2-FA1A-1892-F9D8ED3C9B31
40.667355,-6.410324,0,FFAB0F54-EFF2-FA1A-1892-F9D8ED3C9B31
41.511875,-9.339605,0,FFAB0F54-EFF2-FA1A-1892-F9D8ED3C9B31
41.356148,-16.75251,0,FFAB0F54-EFF2-FA1A-1892-F9D8ED3C9B31
42.84127,-28.205881,2,FFAB0F54-EFF2-FA1A-1892-F9D8ED3C9B31
27.743595,-5.164508,2,FFAB0F54-EFF2-FA1A-1892-F9D8ED3C9B31
-10.209903,26.30536,0,FFAB0F54-EFF2-FA1A-1892-F9D8ED3C9B31
-15.690241,39.701828,0,FFAB0F54-EFF2-FA1A-1892-F9D8ED3C9B31
6.1235037,41.546253,2,FFAB0F54-EFF2-FA1A-1892-F9D8ED3C9B31
7.445283,21.375713,2,FFAB0F54-EFF2-FA1A-1892-F9D8ED3C9B31
-4.5333014,14.730072,2,FFAB0F54-EFF2-FA1A-1892-F9D8ED3C9B31
36.21666,-15.842241,0,FFAB0F54-EFF2-FA1A-1892-F9D8ED3C9B31
10.31284,-64.842964,2,FFAB0F54-EFF2-FA1A-1892-F9D8ED3C9B31
10.084256,-64.13071,2,FFAB0F54-EFF2-FA1A-1892-F9D8ED3C9B31
24.105446,-26.5152,2,FFAB0F54-EFF2-FA1A-1892-F9D8ED3C9B31
29.588171,-32.81505,0,FFAB0F54-EFF2-FA1A-1892-F9D8ED3C9B31
23.508709,-26.973536,0,FFAB0F54-EFF2-FA1A-1892-F9D8ED3C9B31
6.0001035,16.313442,0,FFAB0F54-EFF2-FA1A-1892-F9D8ED3C9B31
-16.106918,-31.031485,0,FFAB0F54-EFF2-FA1A-1892-F9D8ED3C9B31
-49.194305,3.786569,2,FFAB0F54-EFF2-FA1A-1892-F9D8ED3C9B31
-4.4865813,44.52209,2,FFAB0F54-EFF2-FA1A-1892-F9D8ED3C9B31
-5.5235667,-37.102085,2,FFAB0F54-EFF2-FA1A-1892-F9D8ED3C9B31
-5.505215,-37.21972,2,FFAB0F54-EFF2-FA1A-1892-F9D8ED3C9B31
-18.890612,22.313757,2,FFAB0F54-EFF2-FA1A-1892-F9D8ED3C9B31
