tsne_x,tsne_y,label_mood,player_id
37.52435,-52.443016,0,018B0D8D-B5EC-09D6-90ED-550058EBFEAF
37.63577,-51.530113,2,018B0D8D-B5EC-09D6-90ED-550058EBFEAF
31.984365,-53.228325,2,018B0D8D-B5EC-09D6-90ED-550058EBFEAF
-65.17451,6.6476974,2,018B0D8D-B5EC-09D6-90ED-550058EBFEAF
-42.40396,12.174662,2,018B0D8D-B5EC-09D6-90ED-550058EBFEAF
-40.316,11.578678,2,018B0D8D-B5EC-09D6-90ED-550058EBFEAF
-40.260654,11.830679,2,018B0D8D-B5EC-09D6-90ED-550058EBFEAF
-38.81786,12.454413,2,018B0D8D-B5EC-09D6-90ED-550058EBFEAF
-38.918736,12.414501,0,018B0D8D-B5EC-09D6-90ED-550058EBFEAF
-5.8040876,45.235302,2,018B0D8D-B5EC-09D6-90ED-550058EBFEAF
19.011301,5.7614107,2,018B0D8D-B5EC-09D6-90ED-550058EBFEAF
41.265404,13.239003,2,018B0D8D-B5EC-09D6-90ED-550058EBFEAF
-98.76319,0.5321057,0,018B0D8D-B5EC-09D6-90ED-550058EBFEAF
-97.16322,-0.037038162,0,018B0D8D-B5EC-09D6-90ED-550058EBFEAF
-96.887314,-0.044768877,0,018B0D8D-B5EC-09D6-90ED-550058EBFEAF
-60.412125,10.760113,0,018B0D8D-B5EC-09D6-90ED-550058EBFEAF
-38.125736,4.8527284,0,018B0D8D-B5EC-09D6-90ED-550058EBFEAF
-20.789202,-34.822132,2,018B0D8D-B5EC-09D6-90ED-550058EBFEAF
-1.4090047,3.1319203,2,06F9F8CE-9696-23CA-25B5-000AA4A793BA
-1.338158,3.2054436,2,06F9F8CE-9696-23CA-25B5-000AA4A793BA
24.250706,-3.4560828,2,06F9F8CE-9696-23CA-25B5-000AA4A793BA
24.704939,-3.4668276,2,06F9F8CE-9696-23CA-25B5-000AA4A793BA
24.644794,-3.461771,2,06F9F8CE-9696-23CA-25B5-000AA4A793BA
17.825258,1.9632849,2,06F9F8CE-9696-23CA-25B5-000AA4A793BA
2.6383643,36.79744,1,06F9F8CE-9696-23CA-25B5-000AA4A793BA
-21.959251,-24.81801,0,06F9F8CE-9696-23CA-25B5-000AA4A793BA
-21.403036,-24.808565,0,06F9F8CE-9696-23CA-25B5-000AA4A793BA
-5.048749,-28.553396,0,06F9F8CE-9696-23CA-25B5-000AA4A793BA
-21.175396,-24.57917,2,06F9F8CE-9696-23CA-25B5-000AA4A793BA
-57.893547,-1.6247748,2,06F9F8CE-9696-23CA-25B5-000AA4A793BA
-52.789463,16.720173,0,06F9F8CE-9696-23CA-25B5-000AA4A793BA
-52.55226,16.684464,0,06F9F8CE-9696-23CA-25B5-000AA4A793BA
-21.222672,36.25134,0,06F9F8CE-9696-23CA-25B5-000AA4A793BA
-21.004423,36.222397,0,06F9F8CE-9696-23CA-25B5-000AA4A793BA
-20.112335,35.977707,0,06F9F8CE-9696-23CA-25B5-000AA4A793BA
-19.865835,35.91731,0,06F9F8CE-9696-23CA-25B5-000AA4A793BA
-39.15076,4.6101785,0,06F9F8CE-9696-23CA-25B5-000AA4A793BA
-22.101578,-37.54466,0,06F9F8CE-9696-23CA-25B5-000AA4A793BA
-18.628147,-37.01274,0,06F9F8CE-9696-23CA-25B5-000AA4A793BA
-1.9356878,-48.691395,0,06F9F8CE-9696-23CA-25B5-000AA4A793BA
-1.8025053,-48.64934,0,06F9F8CE-9696-23CA-25B5-000AA4A793BA
-1.928235,-48.414978,1,06F9F8CE-9696-23CA-25B5-000AA4A793BA
29.692844,17.004692,1,06F9F8CE-9696-23CA-25B5-000AA4A793BA
35.855076,20.611967,0,06F9F8CE-9696-23CA-25B5-000AA4A793BA
45.30575,26.810923,0,06F9F8CE-9696-23CA-25B5-000AA4A793BA
46.26882,26.811796,0,06F9F8CE-9696-23CA-25B5-000AA4A793BA
46.258133,27.06358,0,06F9F8CE-9696-23CA-25B5-000AA4A793BA
46.015793,27.363768,0,06F9F8CE-9696-23CA-25B5-000AA4A793BA
-47.488556,-5.6325316,1,09FCECC4-F94E-ED69-5E9B-3223B590A149
-72.21563,-11.406681,1,09FCECC4-F94E-ED69-5E9B-3223B590A149
-85.532875,-7.809154,1,09FCECC4-F94E-ED69-5E9B-3223B590A149
-73.160934,5.7993655,1,09FCECC4-F94E-ED69-5E9B-3223B590A149
-50.07112,8.818964,1,09FCECC4-F94E-ED69-5E9B-3223B590A149
-50.025715,8.803663,1,09FCECC4-F94E-ED69-5E9B-3223B590A149
8.399472,-46.628338,1,09FCECC4-F94E-ED69-5E9B-3223B590A149
25.91387,22.029522,1,09FCECC4-F94E-ED69-5E9B-3223B590A149
41.565277,20.462234,1,09FCECC4-F94E-ED69-5E9B-3223B590A149
42.010235,20.897276,1,09FCECC4-F94E-ED69-5E9B-3223B590A149
52.575474,20.515608,1,09FCECC4-F94E-ED69-5E9B-3223B590A149
52.770473,20.338284,1,09FCECC4-F94E-ED69-5E9B-3223B590A149
51.940567,20.526503,1,09FCECC4-F94E-ED69-5E9B-3223B590A149
31.071953,40.395626,1,09FCECC4-F94E-ED69-5E9B-3223B590A149
-28.578854,23.654305,1,09FCECC4-F94E-ED69-5E9B-3223B590A149
-16.739542,39.05449,1,09FCECC4-F94E-ED69-5E9B-3223B590A149
-16.93704,38.66801,1,09FCECC4-F94E-ED69-5E9B-3223B590A149
-17.170805,38.517715,2,09FCECC4-F94E-ED69-5E9B-3223B590A149
-6.7532005,-23.53732,0,09FCECC4-F94E-ED69-5E9B-3223B590A149
-6.6154113,-23.523336,0,09FCECC4-F94E-ED69-5E9B-3223B590A149
-17.942387,-22.815163,1,09FCECC4-F94E-ED69-5E9B-3223B590A149
-55.222248,2.7630007,1,09FCECC4-F94E-ED69-5E9B-3223B590A149
-63.034393,0.48419893,1,09FCECC4-F94E-ED69-5E9B-3223B590A149
-63.173885,0.41817045,1,09FCECC4-F94E-ED69-5E9B-3223B590A149
72.57845,8.58486,2,0A221ADF-C99E-307E-7B65-92EF9DABA6C4
72.91765,8.659256,2,0A221ADF-C99E-307E-7B65-92EF9DABA6C4
73.59852,8.356892,2,0A221ADF-C99E-307E-7B65-92EF9DABA6C4
36.178432,44.19388,2,0A221ADF-C99E-307E-7B65-92EF9DABA6C4
-5.602776,0.2921285,2,0A221ADF-C99E-307E-7B65-92EF9DABA6C4
-5.7041097,0.29479697,2,0A221ADF-C99E-307E-7B65-92EF9DABA6C4
8.905732,3.102848,0,0A221ADF-C99E-307E-7B65-92EF9DABA6C4
-9.817008,41.78919,0,0A221ADF-C99E-307E-7B65-92EF9DABA6C4
-2.8644683,42.51226,0,0A221ADF-C99E-307E-7B65-92EF9DABA6C4
-2.9517415,42.453323,0,0A221ADF-C99E-307E-7B65-92EF9DABA6C4
17.002285,-4.099542,2,0A221ADF-C99E-307E-7B65-92EF9DABA6C4
16.7175,-4.3305035,2,0A221ADF-C99E-307E-7B65-92EF9DABA6C4
0.722999,35.770752,0,0A221ADF-C99E-307E-7B65-92EF9DABA6C4
-11.483084,38.663715,2,0A221ADF-C99E-307E-7B65-92EF9DABA6C4
0.56444454,35.835747,2,0A221ADF-C99E-307E-7B65-92EF9DABA6C4
9.480187,28.752821,2,0A221ADF-C99E-307E-7B65-92EF9DABA6C4
9.567848,28.680292,2,0A221ADF-C99E-307E-7B65-92EF9DABA6C4
10.07332,28.799772,2,0A221ADF-C99E-307E-7B65-92EF9DABA6C4
50.383904,-30.727976,2,0A76B59A-F1FF-F3F5-A3CA-2386FA8EF308
52.12388,-29.496737,2,0A76B59A-F1FF-F3F5-A3CA-2386FA8EF308
52.00388,-29.359417,2,0A76B59A-F1FF-F3F5-A3CA-2386FA8EF308
52.160797,-28.958765,2,0A76B59A-F1FF-F3F5-A3CA-2386FA8EF308
44.5101,-22.699879,2,0A76B59A-F1FF-F3F5-A3CA-2386FA8EF308
44.463627,-22.687452,2,0A76B59A-F1FF-F3F5-A3CA-2386FA8EF308
44.42705,-22.722696,0,0A76B59A-F1FF-F3F5-A3CA-2386FA8EF308
-3.7110837,-2.5231457,0,0A76B59A-F1FF-F3F5-A3CA-2386FA8EF308
-3.8939223,-2.3810756,0,0A76B59A-F1FF-F3F5-A3CA-2386FA8EF308
-4.8037906,-1.9040447,0,0A76B59A-F1FF-F3F5-A3CA-2386FA8EF308
-9.100533,-2.6579978,2,0A76B59A-F1FF-F3F5-A3CA-2386FA8EF308
-9.075828,-2.6570952,2,0A76B59A-F1FF-F3F5-A3CA-2386FA8EF308
39.016098,10.274134,2,0A76B59A-F1FF-F3F5-A3CA-2386FA8EF308
39.267735,10.367066,2,0A76B59A-F1FF-F3F5-A3CA-2386FA8EF308
39.529648,10.396855,2,0A76B59A-F1FF-F3F5-A3CA-2386FA8EF308
39.80389,10.306061,2,0A76B59A-F1FF-F3F5-A3CA-2386FA8EF308
44.034573,7.0263276,2,0A76B59A-F1FF-F3F5-A3CA-2386FA8EF308
43.5317,6.8660426,0,0A76B59A-F1FF-F3F5-A3CA-2386FA8EF308
-48.375946,15.610873,2,0A76B59A-F1FF-F3F5-A3CA-2386FA8EF308
-47.7688,15.974014,0,0A76B59A-F1FF-F3F5-A3CA-2386FA8EF308
-47.63406,16.07195,0,0A76B59A-F1FF-F3F5-A3CA-2386FA8EF308
-17.858944,1.524534,0,0A76B59A-F1FF-F3F5-A3CA-2386FA8EF308
-17.639671,1.568581,0,0A76B59A-F1FF-F3F5-A3CA-2386FA8EF308
-17.037851,1.8602546,2,0A76B59A-F1FF-F3F5-A3CA-2386FA8EF308
-7.945541,12.99821,2,0A76B59A-F1FF-F3F5-A3CA-2386FA8EF308
-30.281683,-1.0623035,2,0A76B59A-F1FF-F3F5-A3CA-2386FA8EF308
-29.94016,-0.9442489,2,0A76B59A-F1FF-F3F5-A3CA-2386FA8EF308
-5.6605,22.465631,1,0AD33010-1AC1-E9FB-2FD4-313E3DF4692D
-5.12044,22.574837,1,0AD33010-1AC1-E9FB-2FD4-313E3DF4692D
17.59427,-15.301007,1,0AD33010-1AC1-E9FB-2FD4-313E3DF4692D
20.676847,-19.231789,2,0AD33010-1AC1-E9FB-2FD4-313E3DF4692D
20.997272,-19.724895,2,0AD33010-1AC1-E9FB-2FD4-313E3DF4692D
21.111666,-19.760908,2,0AD33010-1AC1-E9FB-2FD4-313E3DF4692D
-78.49284,-1.7540714,1,0AD33010-1AC1-E9FB-2FD4-313E3DF4692D
-34.382427,1.9620734,1,0AD33010-1AC1-E9FB-2FD4-313E3DF4692D
-20.325155,-35.721962,1,0AD33010-1AC1-E9FB-2FD4-313E3DF4692D
-5.204433,-44.436142,1,0AD33010-1AC1-E9FB-2FD4-313E3DF4692D
2.6749916,-46.37929,1,0AD33010-1AC1-E9FB-2FD4-313E3DF4692D
10.327295,-41.61646,1,0AD33010-1AC1-E9FB-2FD4-313E3DF4692D
7.854512,30.910057,1,0AD33010-1AC1-E9FB-2FD4-313E3DF4692D
31.80529,21.663881,1,0AD33010-1AC1-E9FB-2FD4-313E3DF4692D
46.502968,24.063227,1,0AD33010-1AC1-E9FB-2FD4-313E3DF4692D
61.351006,20.689684,1,0AD33010-1AC1-E9FB-2FD4-313E3DF4692D
61.402077,20.562414,1,0AD33010-1AC1-E9FB-2FD4-313E3DF4692D
68.325386,17.471375,1,0AD33010-1AC1-E9FB-2FD4-313E3DF4692D
2.1263494,34.826977,1,0AD33010-1AC1-E9FB-2FD4-313E3DF4692D
2.042885,34.903507,1,0AD33010-1AC1-E9FB-2FD4-313E3DF4692D
35.254307,-38.508545,0,0D759376-3F10-1BEB-7205-E91B8BF17984
42.033028,-31.887026,0,0D759376-3F10-1BEB-7205-E91B8BF17984
41.642975,-31.855139,0,0D759376-3F10-1BEB-7205-E91B8BF17984
41.32742,-31.578808,0,0D759376-3F10-1BEB-7205-E91B8BF17984
41.743557,-30.254744,1,0D759376-3F10-1BEB-7205-E91B8BF17984
41.768154,-30.119741,2,0D759376-3F10-1BEB-7205-E91B8BF17984
-27.60613,35.907223,0,0D759376-3F10-1BEB-7205-E91B8BF17984
-25.747513,35.896,0,0D759376-3F10-1BEB-7205-E91B8BF17984
-7.4310493,37.22948,0,0D759376-3F10-1BEB-7205-E91B8BF17984
-7.108066,37.019234,0,0D759376-3F10-1BEB-7205-E91B8BF17984
-5.421777,36.30048,0,0D759376-3F10-1BEB-7205-E91B8BF17984
-4.7443056,36.26246,0,0D759376-3F10-1BEB-7205-E91B8BF17984
39.837803,-50.218914,2,0F3B2D98-51FE-5265-3746-A0763DE31C98
47.842728,-36.8024,2,0F3B2D98-51FE-5265-3746-A0763DE31C98
47.864204,-35.80077,0,0F3B2D98-51FE-5265-3746-A0763DE31C98
42.076912,-22.176353,0,0F3B2D98-51FE-5265-3746-A0763DE31C98
49.02265,-26.501413,0,0F3B2D98-51FE-5265-3746-A0763DE31C98
49.83043,-26.977142,2,0F3B2D98-51FE-5265-3746-A0763DE31C98
5.0474334,-10.832047,1,0F3B2D98-51FE-5265-3746-A0763DE31C98
3.6891437,-9.901574,1,0F3B2D98-51FE-5265-3746-A0763DE31C98
3.7146585,-9.938897,1,0F3B2D98-51FE-5265-3746-A0763DE31C98
-28.573242,-14.443701,0,0F3B2D98-51FE-5265-3746-A0763DE31C98
-28.71441,-14.167858,0,0F3B2D98-51FE-5265-3746-A0763DE31C98
-5.013937,-9.294851,0,0F3B2D98-51FE-5265-3746-A0763DE31C98
21.082376,-12.90647,2,0F3B2D98-51FE-5265-3746-A0763DE31C98
39.387882,2.4410822,2,0F3B2D98-51FE-5265-3746-A0763DE31C98
39.545853,2.809899,2,0F3B2D98-51FE-5265-3746-A0763DE31C98
40.574093,2.8879228,0,0F3B2D98-51FE-5265-3746-A0763DE31C98
41.255596,2.816986,0,0F3B2D98-51FE-5265-3746-A0763DE31C98
41.40896,2.7976604,0,0F3B2D98-51FE-5265-3746-A0763DE31C98
3.2159452,-30.458181,2,0F3B2D98-51FE-5265-3746-A0763DE31C98
17.47646,-26.637625,2,0F3B2D98-51FE-5265-3746-A0763DE31C98
17.53107,-26.72617,2,0F3B2D98-51FE-5265-3746-A0763DE31C98
19.347445,-25.953289,2,0F3B2D98-51FE-5265-3746-A0763DE31C98
36.53752,18.377537,1,0F3B2D98-51FE-5265-3746-A0763DE31C98
37.093723,18.99516,2,0F3B2D98-51FE-5265-3746-A0763DE31C98
1.2300137,30.932583,0,0F3B2D98-51FE-5265-3746-A0763DE31C98
1.2541043,30.921688,0,0F3B2D98-51FE-5265-3746-A0763DE31C98
-29.343998,-6.4642534,0,0F3B2D98-51FE-5265-3746-A0763DE31C98
-24.853762,-23.656048,0,0F3B2D98-51FE-5265-3746-A0763DE31C98
69.72167,6.1152086,2,14027B3A-0AD6-CBA3-A600-42B3C0A4D933
70.892746,6.1837516,2,14027B3A-0AD6-CBA3-A600-42B3C0A4D933
71.311195,5.2297297,2,14027B3A-0AD6-CBA3-A600-42B3C0A4D933
71.50016,4.951596,2,14027B3A-0AD6-CBA3-A600-42B3C0A4D933
71.78972,4.7979817,2,14027B3A-0AD6-CBA3-A600-42B3C0A4D933
33.376026,-4.3704247,0,14027B3A-0AD6-CBA3-A600-42B3C0A4D933
24.430136,-9.26459,0,14027B3A-0AD6-CBA3-A600-42B3C0A4D933
-6.7530437,-5.578214,0,14027B3A-0AD6-CBA3-A600-42B3C0A4D933
-6.749842,-5.584594,0,14027B3A-0AD6-CBA3-A600-42B3C0A4D933
-17.77991,-13.5481825,0,14027B3A-0AD6-CBA3-A600-42B3C0A4D933
-18.155565,-13.609581,0,14027B3A-0AD6-CBA3-A600-42B3C0A4D933
-18.262884,-13.549013,0,14027B3A-0AD6-CBA3-A600-42B3C0A4D933
-14.801584,-17.791405,0,14027B3A-0AD6-CBA3-A600-42B3C0A4D933
1.2175794,-22.790293,2,14027B3A-0AD6-CBA3-A600-42B3C0A4D933
36.227283,-23.07948,2,14027B3A-0AD6-CBA3-A600-42B3C0A4D933
36.44651,-22.85669,2,14027B3A-0AD6-CBA3-A600-42B3C0A4D933
37.05009,-22.110174,0,14027B3A-0AD6-CBA3-A600-42B3C0A4D933
37.19068,-21.89252,0,14027B3A-0AD6-CBA3-A600-42B3C0A4D933
-32.663654,1.9066024,1,165B40B2-D9B2-DBC0-AE48-02C0F49A609F
-19.319614,-35.88114,1,165B40B2-D9B2-DBC0-AE48-02C0F49A609F
-3.8536298,-44.597904,1,165B40B2-D9B2-DBC0-AE48-02C0F49A609F
3.9951997,-48.093933,1,165B40B2-D9B2-DBC0-AE48-02C0F49A609F
4.025289,-48.051567,1,165B40B2-D9B2-DBC0-AE48-02C0F49A609F
3.6911125,-46.93189,1,165B40B2-D9B2-DBC0-AE48-02C0F49A609F
33.558064,18.641369,1,165B40B2-D9B2-DBC0-AE48-02C0F49A609F
49.319893,29.72628,1,165B40B2-D9B2-DBC0-AE48-02C0F49A609F
45.128742,29.582422,2,165B40B2-D9B2-DBC0-AE48-02C0F49A609F
51.091476,31.64883,2,165B40B2-D9B2-DBC0-AE48-02C0F49A609F
51.30822,31.801878,2,165B40B2-D9B2-DBC0-AE48-02C0F49A609F
51.64585,31.979385,2,165B40B2-D9B2-DBC0-AE48-02C0F49A609F
-4.004891,19.071497,2,165B40B2-D9B2-DBC0-AE48-02C0F49A609F
-0.15174276,39.876797,2,165B40B2-D9B2-DBC0-AE48-02C0F49A609F
24.280458,27.382782,2,165B40B2-D9B2-DBC0-AE48-02C0F49A609F
9.085778,-37.288555,2,172A62AD-9B69-33E2-1551-9526879D80AC
9.334214,-37.306923,2,172A62AD-9B69-33E2-1551-9526879D80AC
10.537446,-37.55491,2,172A62AD-9B69-33E2-1551-9526879D80AC
35.56941,15.121978,2,172A62AD-9B69-33E2-1551-9526879D80AC
30.577967,24.267384,2,172A62AD-9B69-33E2-1551-9526879D80AC
45.571777,15.915745,2,172A62AD-9B69-33E2-1551-9526879D80AC
45.67178,15.891242,2,172A62AD-9B69-33E2-1551-9526879D80AC
50.51365,12.91316,2,172A62AD-9B69-33E2-1551-9526879D80AC
50.375526,12.932881,2,172A62AD-9B69-33E2-1551-9526879D80AC
52.025345,-43.15991,2,172A62AD-9B69-33E2-1551-9526879D80AC
53.242256,-37.689896,2,172A62AD-9B69-33E2-1551-9526879D80AC
52.87626,-37.570965,2,172A62AD-9B69-33E2-1551-9526879D80AC
53.307983,-36.601482,2,172A62AD-9B69-33E2-1551-9526879D80AC
53.530094,-35.956726,2,172A62AD-9B69-33E2-1551-9526879D80AC
53.76906,-35.23117,2,172A62AD-9B69-33E2-1551-9526879D80AC
53.639652,-34.847267,2,172A62AD-9B69-33E2-1551-9526879D80AC
53.23038,-29.072554,2,172A62AD-9B69-33E2-1551-9526879D80AC
41.67916,-21.054935,2,172A62AD-9B69-33E2-1551-9526879D80AC
-22.065626,-19.447964,1,172A62AD-9B69-33E2-1551-9526879D80AC
-22.288431,-19.47761,1,172A62AD-9B69-33E2-1551-9526879D80AC
-22.96207,-19.356756,1,172A62AD-9B69-33E2-1551-9526879D80AC
-43.840977,-15.091198,1,172A62AD-9B69-33E2-1551-9526879D80AC
-59.756702,-3.4668248,1,172A62AD-9B69-33E2-1551-9526879D80AC
-90.90712,-5.482306,1,172A62AD-9B69-33E2-1551-9526879D80AC
-76.9872,2.4844038,1,172A62AD-9B69-33E2-1551-9526879D80AC
-75.839745,2.630216,1,172A62AD-9B69-33E2-1551-9526879D80AC
-74.22625,3.160093,1,172A62AD-9B69-33E2-1551-9526879D80AC
-61.361618,8.191835,1,172A62AD-9B69-33E2-1551-9526879D80AC
-31.28227,1.1359493,2,172A62AD-9B69-33E2-1551-9526879D80AC
-16.263878,-38.856358,2,172A62AD-9B69-33E2-1551-9526879D80AC
-15.561662,-40.930573,2,172A62AD-9B69-33E2-1551-9526879D80AC
-16.458065,-41.58051,2,172A62AD-9B69-33E2-1551-9526879D80AC
-16.751827,-41.708652,2,172A62AD-9B69-33E2-1551-9526879D80AC
-14.843526,-39.65106,2,172A62AD-9B69-33E2-1551-9526879D80AC
25.223658,21.861391,2,172A62AD-9B69-33E2-1551-9526879D80AC
40.337116,18.688778,2,172A62AD-9B69-33E2-1551-9526879D80AC
1.0811007,10.166116,2,172A62AD-9B69-33E2-1551-9526879D80AC
-26.672318,17.415726,2,172A62AD-9B69-33E2-1551-9526879D80AC
-26.606777,17.349974,2,172A62AD-9B69-33E2-1551-9526879D80AC
-72.12585,-10.353704,2,1F6A56CA-9C73-442F-2682-BB69E4B03AB2
-86.973,-6.294262,2,1F6A56CA-9C73-442F-2682-BB69E4B03AB2
-58.070812,7.2551613,2,1F6A56CA-9C73-442F-2682-BB69E4B03AB2
-57.539246,7.512072,2,1F6A56CA-9C73-442F-2682-BB69E4B03AB2
-57.452034,7.5250463,2,1F6A56CA-9C73-442F-2682-BB69E4B03AB2
-56.844,7.6409454,2,1F6A56CA-9C73-442F-2682-BB69E4B03AB2
47.942825,23.455397,0,1F6A56CA-9C73-442F-2682-BB69E4B03AB2
27.063686,39.44915,0,1F6A56CA-9C73-442F-2682-BB69E4B03AB2
-67.899345,11.758018,0,1F6A56CA-9C73-442F-2682-BB69E4B03AB2
-68.017845,11.72986,0,1F6A56CA-9C73-442F-2682-BB69E4B03AB2
-26.861645,36.084515,0,1F6A56CA-9C73-442F-2682-BB69E4B03AB2
-24.193674,35.93052,0,1F6A56CA-9C73-442F-2682-BB69E4B03AB2
-52.636528,9.507705,0,1F6A56CA-9C73-442F-2682-BB69E4B03AB2
-52.566727,9.529564,0,1F6A56CA-9C73-442F-2682-BB69E4B03AB2
-37.501366,0.35875267,0,1F6A56CA-9C73-442F-2682-BB69E4B03AB2
-36.6617,-0.37007812,0,1F6A56CA-9C73-442F-2682-BB69E4B03AB2
-1.6288806,-44.939724,0,1F6A56CA-9C73-442F-2682-BB69E4B03AB2
4.2835703,-49.446865,0,1F6A56CA-9C73-442F-2682-BB69E4B03AB2
41.349064,-35.06995,2,1FA97947-2FB7-D626-8CD3-2426BEEE97D1
40.44953,-35.158764,2,1FA97947-2FB7-D626-8CD3-2426BEEE97D1
4.561585,-0.84527683,2,1FA97947-2FB7-D626-8CD3-2426BEEE97D1
4.416258,-0.7724593,2,1FA97947-2FB7-D626-8CD3-2426BEEE97D1
4.3110595,-0.85678643,2,1FA97947-2FB7-D626-8CD3-2426BEEE97D1
9.347561,7.5626426,2,1FA97947-2FB7-D626-8CD3-2426BEEE97D1
10.025566,7.4696107,2,1FA97947-2FB7-D626-8CD3-2426BEEE97D1
9.378981,7.5617785,0,1FA97947-2FB7-D626-8CD3-2426BEEE97D1
10.968586,7.4076595,0,1FA97947-2FB7-D626-8CD3-2426BEEE97D1
36.248947,5.929842,0,1FA97947-2FB7-D626-8CD3-2426BEEE97D1
74.80107,9.7957115,0,1FA97947-2FB7-D626-8CD3-2426BEEE97D1
74.845764,9.511269,0,1FA97947-2FB7-D626-8CD3-2426BEEE97D1
33.95508,-26.74624,0,1FA97947-2FB7-D626-8CD3-2426BEEE97D1
33.87357,-26.587652,0,1FA97947-2FB7-D626-8CD3-2426BEEE97D1
-8.7428465,-44.194477,1,1FA97947-2FB7-D626-8CD3-2426BEEE97D1
-8.931838,-44.24266,1,1FA97947-2FB7-D626-8CD3-2426BEEE97D1
-9.05266,-44.314796,1,1FA97947-2FB7-D626-8CD3-2426BEEE97D1
31.098324,14.988516,0,1FA97947-2FB7-D626-8CD3-2426BEEE97D1
-18.19126,-18.627583,0,1FA97947-2FB7-D626-8CD3-2426BEEE97D1
-18.948408,-18.468273,0,1FA97947-2FB7-D626-8CD3-2426BEEE97D1
-73.170944,-3.240129,2,1FA97947-2FB7-D626-8CD3-2426BEEE97D1
-74.76714,-3.0787337,2,1FA97947-2FB7-D626-8CD3-2426BEEE97D1
-74.25421,-2.9903967,2,1FA97947-2FB7-D626-8CD3-2426BEEE97D1
-74.408226,-2.8525898,2,1FA97947-2FB7-D626-8CD3-2426BEEE97D1
25.274084,26.555868,2,243FE25F-E451-21F6-7EFA-F9DACC7D31CA
27.298113,26.558533,2,243FE25F-E451-21F6-7EFA-F9DACC7D31CA
27.244078,26.537392,2,243FE25F-E451-21F6-7EFA-F9DACC7D31CA
47.724407,-8.7603655,2,243FE25F-E451-21F6-7EFA-F9DACC7D31CA
48.433285,-7.439602,2,243FE25F-E451-21F6-7EFA-F9DACC7D31CA
48.973343,-7.004883,2,243FE25F-E451-21F6-7EFA-F9DACC7D31CA
49.829273,-6.559211,2,243FE25F-E451-21F6-7EFA-F9DACC7D31CA
50.20019,-6.3680043,2,243FE25F-E451-21F6-7EFA-F9DACC7D31CA
77.76752,10.302122,2,243FE25F-E451-21F6-7EFA-F9DACC7D31CA
77.533554,9.967694,2,243FE25F-E451-21F6-7EFA-F9DACC7D31CA
36.74014,-3.3789217,2,243FE25F-E451-21F6-7EFA-F9DACC7D31CA
10.521861,11.726316,2,243FE25F-E451-21F6-7EFA-F9DACC7D31CA
37.199295,-9.685306,2,243FE25F-E451-21F6-7EFA-F9DACC7D31CA
2.8415468,-26.10397,2,243FE25F-E451-21F6-7EFA-F9DACC7D31CA
36.801468,-25.868486,2,243FE25F-E451-21F6-7EFA-F9DACC7D31CA
37.967964,-33.477524,2,243FE25F-E451-21F6-7EFA-F9DACC7D31CA
37.881313,-33.886032,2,243FE25F-E451-21F6-7EFA-F9DACC7D31CA
37.8369,-33.976982,2,243FE25F-E451-21F6-7EFA-F9DACC7D31CA
37.32421,-34.67137,2,243FE25F-E451-21F6-7EFA-F9DACC7D31CA
37.026016,-34.972042,2,243FE25F-E451-21F6-7EFA-F9DACC7D31CA
35.74165,-35.488976,2,243FE25F-E451-21F6-7EFA-F9DACC7D31CA
34.69653,-35.318645,2,243FE25F-E451-21F6-7EFA-F9DACC7D31CA
33.96799,-35.26497,2,243FE25F-E451-21F6-7EFA-F9DACC7D31CA
33.17703,-35.301678,2,243FE25F-E451-21F6-7EFA-F9DACC7D31CA
-7.302332,-38.28887,2,243FE25F-E451-21F6-7EFA-F9DACC7D31CA
-7.238164,-38.453766,2,243FE25F-E451-21F6-7EFA-F9DACC7D31CA
0.6038886,-46.45447,2,243FE25F-E451-21F6-7EFA-F9DACC7D31CA
-1.4178262,-4.62618,0,2656C6B4-988A-A958-5107-5422027AEE1D
5.752849,-19.125671,2,2656C6B4-988A-A958-5107-5422027AEE1D
5.728996,-20.021399,2,2656C6B4-988A-A958-5107-5422027AEE1D
5.6960864,-20.17193,2,2656C6B4-988A-A958-5107-5422027AEE1D
4.8467016,-20.141325,2,2656C6B4-988A-A958-5107-5422027AEE1D
-13.284659,-15.367156,2,2656C6B4-988A-A958-5107-5422027AEE1D
13.449677,-15.064144,2,2656C6B4-988A-A958-5107-5422027AEE1D
13.637583,-15.114132,2,2656C6B4-988A-A958-5107-5422027AEE1D
13.92557,-15.2246475,0,2656C6B4-988A-A958-5107-5422027AEE1D
-3.232533,-25.954659,0,2656C6B4-988A-A958-5107-5422027AEE1D
-3.0724702,-25.98333,0,2656C6B4-988A-A958-5107-5422027AEE1D
-5.555104,-26.98885,2,2656C6B4-988A-A958-5107-5422027AEE1D
-78.34373,3.4214065,0,2656C6B4-988A-A958-5107-5422027AEE1D
-77.79274,3.711552,0,2656C6B4-988A-A958-5107-5422027AEE1D
-57.01379,12.61037,0,2656C6B4-988A-A958-5107-5422027AEE1D
-35.07229,11.504576,0,2656C6B4-988A-A958-5107-5422027AEE1D
-35.014595,11.4910755,2,2656C6B4-988A-A958-5107-5422027AEE1D
-34.283047,13.327411,2,2656C6B4-988A-A958-5107-5422027AEE1D
44.0495,-37.131824,2,27C12E79-B4DD-AA48-E99E-552C6BAEBA6F
43.63426,-36.97658,2,27C12E79-B4DD-AA48-E99E-552C6BAEBA6F
42.40959,-36.85316,2,27C12E79-B4DD-AA48-E99E-552C6BAEBA6F
41.848774,-36.718254,2,27C12E79-B4DD-AA48-E99E-552C6BAEBA6F
32.176243,-36.020077,2,27C12E79-B4DD-AA48-E99E-552C6BAEBA6F
-24.43199,-6.8673673,2,27C12E79-B4DD-AA48-E99E-552C6BAEBA6F
1.6641415,-19.3336,2,27C12E79-B4DD-AA48-E99E-552C6BAEBA6F
1.9255756,-19.416332,2,27C12E79-B4DD-AA48-E99E-552C6BAEBA6F
2.0439804,-19.514793,2,27C12E79-B4DD-AA48-E99E-552C6BAEBA6F
-12.483471,-16.055159,2,27C12E79-B4DD-AA48-E99E-552C6BAEBA6F
-12.916933,-16.012281,2,27C12E79-B4DD-AA48-E99E-552C6BAEBA6F
-41.281845,-16.969952,2,27C12E79-B4DD-AA48-E99E-552C6BAEBA6F
11.715906,30.567457,2,27C12E79-B4DD-AA48-E99E-552C6BAEBA6F
39.557926,-17.676647,2,27C12E79-B4DD-AA48-E99E-552C6BAEBA6F
39.504883,-17.859507,2,27C12E79-B4DD-AA48-E99E-552C6BAEBA6F
38.903927,-19.412785,2,27C12E79-B4DD-AA48-E99E-552C6BAEBA6F
38.85474,-19.532978,2,27C12E79-B4DD-AA48-E99E-552C6BAEBA6F
38.783535,-19.701355,2,27C12E79-B4DD-AA48-E99E-552C6BAEBA6F
-48.35236,-15.184464,2,27C12E79-B4DD-AA48-E99E-552C6BAEBA6F
-60.00677,1.5017053,2,27C12E79-B4DD-AA48-E99E-552C6BAEBA6F
-77.45448,-8.374007,2,27C12E79-B4DD-AA48-E99E-552C6BAEBA6F
-90.04502,-4.0859036,2,27C12E79-B4DD-AA48-E99E-552C6BAEBA6F
-76.39304,-3.040458,2,27C12E79-B4DD-AA48-E99E-552C6BAEBA6F
-53.98181,9.697633,2,27C12E79-B4DD-AA48-E99E-552C6BAEBA6F
38.807274,-46.32729,2,2C636222-CB43-AB6F-444A-7278047991C7
38.891438,-45.75288,2,2C636222-CB43-AB6F-444A-7278047991C7
38.887684,-45.810707,2,2C636222-CB43-AB6F-444A-7278047991C7
38.536034,-48.7455,2,2C636222-CB43-AB6F-444A-7278047991C7
41.69613,-47.5605,2,2C636222-CB43-AB6F-444A-7278047991C7
42.253345,-47.045853,2,2C636222-CB43-AB6F-444A-7278047991C7
-12.154011,-15.18161,2,2C636222-CB43-AB6F-444A-7278047991C7
-69.33757,9.260571,0,2C636222-CB43-AB6F-444A-7278047991C7
-85.49341,-5.503006,0,2C636222-CB43-AB6F-444A-7278047991C7
-87.10892,-2.465099,0,2C636222-CB43-AB6F-444A-7278047991C7
-87.08958,-2.3543913,0,2C636222-CB43-AB6F-444A-7278047991C7
-78.3107,0.20751467,0,2C636222-CB43-AB6F-444A-7278047991C7
26.622393,40.63629,0,2C636222-CB43-AB6F-444A-7278047991C7
-66.02022,13.283652,0,2C636222-CB43-AB6F-444A-7278047991C7
-66.15667,13.153104,0,2C636222-CB43-AB6F-444A-7278047991C7
-28.246815,36.23783,0,2C636222-CB43-AB6F-444A-7278047991C7
-27.904848,36.174347,0,2C636222-CB43-AB6F-444A-7278047991C7
-8.834244,22.866137,0,2C636222-CB43-AB6F-444A-7278047991C7
7.891795,-48.13104,0,2C636222-CB43-AB6F-444A-7278047991C7
20.348026,29.24108,0,2C636222-CB43-AB6F-444A-7278047991C7
40.44993,17.696396,0,2C636222-CB43-AB6F-444A-7278047991C7
57.21335,15.786295,0,2C636222-CB43-AB6F-444A-7278047991C7
58.02821,15.400949,0,2C636222-CB43-AB6F-444A-7278047991C7
58.26964,15.136856,2,2C636222-CB43-AB6F-444A-7278047991C7
-4.9009295,-35.2324,2,35FEE4B0-EF25-110F-8D86-5410FA57646B
-1.4161671,-34.94183,2,35FEE4B0-EF25-110F-8D86-5410FA57646B
12.661471,-37.266125,2,35FEE4B0-EF25-110F-8D86-5410FA57646B
12.440396,-37.323055,2,35FEE4B0-EF25-110F-8D86-5410FA57646B
12.373488,-37.335846,2,35FEE4B0-EF25-110F-8D86-5410FA57646B
46.87312,6.924174,2,35FEE4B0-EF25-110F-8D86-5410FA57646B
46.80836,6.9149575,2,35FEE4B0-EF25-110F-8D86-5410FA57646B
41.88029,9.088381,0,35FEE4B0-EF25-110F-8D86-5410FA57646B
41.904716,9.003611,0,35FEE4B0-EF25-110F-8D86-5410FA57646B
42.15325,8.825391,0,35FEE4B0-EF25-110F-8D86-5410FA57646B
44.42229,8.134013,0,35FEE4B0-EF25-110F-8D86-5410FA57646B
75.284706,10.934799,0,35FEE4B0-EF25-110F-8D86-5410FA57646B
8.708201,-15.673845,2,35FEE4B0-EF25-110F-8D86-5410FA57646B
8.645408,-15.473421,2,35FEE4B0-EF25-110F-8D86-5410FA57646B
0.8899904,-15.202408,2,35FEE4B0-EF25-110F-8D86-5410FA57646B
0.5242272,-12.860215,1,35FEE4B0-EF25-110F-8D86-5410FA57646B
0.4246413,-12.816095,2,35FEE4B0-EF25-110F-8D86-5410FA57646B
7.733889,-13.58966,2,35FEE4B0-EF25-110F-8D86-5410FA57646B
67.81888,24.18139,2,35FEE4B0-EF25-110F-8D86-5410FA57646B
40.39872,41.251797,2,35FEE4B0-EF25-110F-8D86-5410FA57646B
-1.1726773,10.720267,2,35FEE4B0-EF25-110F-8D86-5410FA57646B
44.94272,24.03393,0,37249306-1597-DC6D-3544-6FEDBBF8B848
54.515827,23.965189,0,37249306-1597-DC6D-3544-6FEDBBF8B848
65.731384,17.451784,0,37249306-1597-DC6D-3544-6FEDBBF8B848
65.67427,17.335224,0,37249306-1597-DC6D-3544-6FEDBBF8B848
36.89301,39.834152,0,37249306-1597-DC6D-3544-6FEDBBF8B848
-23.853033,22.104416,1,37249306-1597-DC6D-3544-6FEDBBF8B848
-6.8479886,30.364565,1,37249306-1597-DC6D-3544-6FEDBBF8B848
-13.867068,35.687603,1,37249306-1597-DC6D-3544-6FEDBBF8B848
-13.700537,35.898544,1,37249306-1597-DC6D-3544-6FEDBBF8B848
-13.574215,35.71069,1,37249306-1597-DC6D-3544-6FEDBBF8B848
7.30988,28.409826,1,37249306-1597-DC6D-3544-6FEDBBF8B848
7.4010363,28.316387,0,37249306-1597-DC6D-3544-6FEDBBF8B848
-31.24476,-7.965599,0,37249306-1597-DC6D-3544-6FEDBBF8B848
-18.68951,-28.322948,0,37249306-1597-DC6D-3544-6FEDBBF8B848
-18.58589,-28.318518,0,37249306-1597-DC6D-3544-6FEDBBF8B848
-19.37812,-27.546225,0,37249306-1597-DC6D-3544-6FEDBBF8B848
-44.64897,-2.2976332,1,37249306-1597-DC6D-3544-6FEDBBF8B848
-45.08626,-2.2338235,1,37249306-1597-DC6D-3544-6FEDBBF8B848
52.22041,16.642075,0,37249306-1597-DC6D-3544-6FEDBBF8B848
43.766144,26.550138,0,37249306-1597-DC6D-3544-6FEDBBF8B848
56.41068,24.902025,0,37249306-1597-DC6D-3544-6FEDBBF8B848
65.42542,23.52088,0,37249306-1597-DC6D-3544-6FEDBBF8B848
65.60292,23.520212,0,37249306-1597-DC6D-3544-6FEDBBF8B848
38.179195,40.926197,0,37249306-1597-DC6D-3544-6FEDBBF8B848
-0.6633991,37.592754,0,37249306-1597-DC6D-3544-6FEDBBF8B848
-33.963276,-5.9700265,0,37249306-1597-DC6D-3544-6FEDBBF8B848
-33.194473,-10.784241,0,37249306-1597-DC6D-3544-6FEDBBF8B848
-20.012283,-21.81887,1,3C54E0F5-9C12-3137-9EC1-39645770F53A
-20.02262,-21.748865,1,3C54E0F5-9C12-3137-9EC1-39645770F53A
-20.475245,-21.536253,1,3C54E0F5-9C12-3137-9EC1-39645770F53A
-43.331238,-16.460096,1,3C54E0F5-9C12-3137-9EC1-39645770F53A
-78.24865,-8.919747,1,3C54E0F5-9C12-3137-9EC1-39645770F53A
-88.81433,-4.916193,1,3C54E0F5-9C12-3137-9EC1-39645770F53A
-73.185265,0.5088008,1,3C54E0F5-9C12-3137-9EC1-39645770F53A
-60.43386,8.793201,1,3C54E0F5-9C12-3137-9EC1-39645770F53A
-51.169216,13.786964,0,3C54E0F5-9C12-3137-9EC1-39645770F53A
-50.72612,13.874294,0,3C54E0F5-9C12-3137-9EC1-39645770F53A
-23.543346,-1.1723987,0,3C54E0F5-9C12-3137-9EC1-39645770F53A
-7.4364495,-41.07683,0,3C54E0F5-9C12-3137-9EC1-39645770F53A
-22.188326,36.817696,0,3C54E0F5-9C12-3137-9EC1-39645770F53A
-22.983284,37.081646,1,3C54E0F5-9C12-3137-9EC1-39645770F53A
-10.06965,23.29731,1,3C54E0F5-9C12-3137-9EC1-39645770F53A
-10.185244,23.276102,1,3C54E0F5-9C12-3137-9EC1-39645770F53A
-9.86955,23.358849,1,3C54E0F5-9C12-3137-9EC1-39645770F53A
-0.098021016,23.51198,1,3C54E0F5-9C12-3137-9EC1-39645770F53A
60.984943,17.252882,2,3FC0B5B3-AC42-BF96-D8EE-10E81EAAACF6
61.664062,18.07725,2,3FC0B5B3-AC42-BF96-D8EE-10E81EAAACF6
61.65909,18.19054,2,3FC0B5B3-AC42-BF96-D8EE-10E81EAAACF6
61.332687,18.659391,2,3FC0B5B3-AC42-BF96-D8EE-10E81EAAACF6
47.417236,18.127365,2,3FC0B5B3-AC42-BF96-D8EE-10E81EAAACF6
17.100058,-9.119296,2,3FC0B5B3-AC42-BF96-D8EE-10E81EAAACF6
0.51301825,-43.910187,1,3FC0B5B3-AC42-BF96-D8EE-10E81EAAACF6
29.44257,14.688154,1,3FC0B5B3-AC42-BF96-D8EE-10E81EAAACF6
32.327156,19.320465,2,3FC0B5B3-AC42-BF96-D8EE-10E81EAAACF6
49.10496,24.960344,2,3FC0B5B3-AC42-BF96-D8EE-10E81EAAACF6
49.64491,24.934574,2,3FC0B5B3-AC42-BF96-D8EE-10E81EAAACF6
49.762775,25.342525,2,3FC0B5B3-AC42-BF96-D8EE-10E81EAAACF6
-10.357311,-20.396378,2,3FC0B5B3-AC42-BF96-D8EE-10E81EAAACF6
-57.99718,1.3339976,2,3FC0B5B3-AC42-BF96-D8EE-10E81EAAACF6
-79.298294,-7.656055,2,3FC0B5B3-AC42-BF96-D8EE-10E81EAAACF6
-83.491196,-4.3582597,2,3FC0B5B3-AC42-BF96-D8EE-10E81EAAACF6
-95.05852,-3.3362045,2,3FC0B5B3-AC42-BF96-D8EE-10E81EAAACF6
-82.52177,-3.5144572,2,3FC0B5B3-AC42-BF96-D8EE-10E81EAAACF6
38.937134,-52.540253,2,4690C2DC-C0B5-6C1B-880A-D31C46C8A565
38.79148,-51.844734,2,4690C2DC-C0B5-6C1B-880A-D31C46C8A565
36.355724,-51.948204,2,4690C2DC-C0B5-6C1B-880A-D31C46C8A565
-39.792892,15.98069,2,4690C2DC-C0B5-6C1B-880A-D31C46C8A565
-43.852264,13.031024,2,4690C2DC-C0B5-6C1B-880A-D31C46C8A565
-6.23673,-34.139812,2,4690C2DC-C0B5-6C1B-880A-D31C46C8A565
-3.820087,42.209805,2,4690C2DC-C0B5-6C1B-880A-D31C46C8A565
-25.368284,-10.348083,2,4690C2DC-C0B5-6C1B-880A-D31C46C8A565
-25.20548,-11.945578,2,4690C2DC-C0B5-6C1B-880A-D31C46C8A565
-25.34245,-12.179439,0,4690C2DC-C0B5-6C1B-880A-D31C46C8A565
-42.311153,-10.401087,0,4690C2DC-C0B5-6C1B-880A-D31C46C8A565
-70.46312,-10.781102,0,4690C2DC-C0B5-6C1B-880A-D31C46C8A565
-35.712273,3.0533056,2,4690C2DC-C0B5-6C1B-880A-D31C46C8A565
-17.594915,-36.08904,2,4690C2DC-C0B5-6C1B-880A-D31C46C8A565
0.2242822,-48.003,2,4690C2DC-C0B5-6C1B-880A-D31C46C8A565
0.523531,-47.9744,2,4690C2DC-C0B5-6C1B-880A-D31C46C8A565
9.710287,-41.778435,2,4690C2DC-C0B5-6C1B-880A-D31C46C8A565
9.589546,-41.82309,0,4690C2DC-C0B5-6C1B-880A-D31C46C8A565
7.1078744,39.9144,0,4690C2DC-C0B5-6C1B-880A-D31C46C8A565
7.075671,39.830532,0,4690C2DC-C0B5-6C1B-880A-D31C46C8A565
-29.760721,-6.6456532,0,4690C2DC-C0B5-6C1B-880A-D31C46C8A565
-32.256157,-12.008827,0,4690C2DC-C0B5-6C1B-880A-D31C46C8A565
-32.55903,-11.990585,0,4690C2DC-C0B5-6C1B-880A-D31C46C8A565
-33.896965,-12.038629,0,4690C2DC-C0B5-6C1B-880A-D31C46C8A565
-81.17093,-9.200127,0,4690C2DC-C0B5-6C1B-880A-D31C46C8A565
-73.52169,-6.0133424,0,4690C2DC-C0B5-6C1B-880A-D31C46C8A565
-72.815765,-5.5456414,0,4690C2DC-C0B5-6C1B-880A-D31C46C8A565
-71.13894,-2.913914,0,4690C2DC-C0B5-6C1B-880A-D31C46C8A565
-70.791336,-2.6933854,2,4690C2DC-C0B5-6C1B-880A-D31C46C8A565
-70.78534,-2.7099905,2,4690C2DC-C0B5-6C1B-880A-D31C46C8A565
40.065643,-52.195965,2,46A9A47E-EDE3-2EF4-2F06-E95AF67D57E1
39.98377,-52.155888,2,46A9A47E-EDE3-2EF4-2F06-E95AF67D57E1
38.893326,-54.98065,2,46A9A47E-EDE3-2EF4-2F06-E95AF67D57E1
-39.903103,16.051165,2,46A9A47E-EDE3-2EF4-2F06-E95AF67D57E1
-66.511925,7.869809,2,46A9A47E-EDE3-2EF4-2F06-E95AF67D57E1
-25.037348,-4.351557,2,46A9A47E-EDE3-2EF4-2F06-E95AF67D57E1
19.774252,0.1294705,0,46A9A47E-EDE3-2EF4-2F06-E95AF67D57E1
-21.799595,39.792385,0,46A9A47E-EDE3-2EF4-2F06-E95AF67D57E1
-7.4535866,43.40258,0,46A9A47E-EDE3-2EF4-2F06-E95AF67D57E1
-7.1869297,43.420185,0,46A9A47E-EDE3-2EF4-2F06-E95AF67D57E1
-5.623159,43.038643,2,46A9A47E-EDE3-2EF4-2F06-E95AF67D57E1
-5.310676,42.892273,2,46A9A47E-EDE3-2EF4-2F06-E95AF67D57E1
-49.69741,18.439617,0,46A9A47E-EDE3-2EF4-2F06-E95AF67D57E1
-21.404825,30.946022,0,46A9A47E-EDE3-2EF4-2F06-E95AF67D57E1
-21.19756,31.225912,0,46A9A47E-EDE3-2EF4-2F06-E95AF67D57E1
-6.035796,38.295177,2,46A9A47E-EDE3-2EF4-2F06-E95AF67D57E1
2.9297185,31.709522,2,46A9A47E-EDE3-2EF4-2F06-E95AF67D57E1
2.85533,31.72037,2,46A9A47E-EDE3-2EF4-2F06-E95AF67D57E1
-72.413,4.337473,0,46A9A47E-EDE3-2EF4-2F06-E95AF67D57E1
-72.7249,4.1424327,0,46A9A47E-EDE3-2EF4-2F06-E95AF67D57E1
-69.38768,4.370109,0,46A9A47E-EDE3-2EF4-2F06-E95AF67D57E1
-69.02727,4.5280805,0,46A9A47E-EDE3-2EF4-2F06-E95AF67D57E1
-48.68594,12.650056,2,46A9A47E-EDE3-2EF4-2F06-E95AF67D57E1
-48.45221,12.667973,2,46A9A47E-EDE3-2EF4-2F06-E95AF67D57E1
71.551765,26.275753,2,46A9A47E-EDE3-2EF4-2F06-E95AF67D57E1
74.45442,19.111395,2,46A9A47E-EDE3-2EF4-2F06-E95AF67D57E1
74.35886,19.094189,2,46A9A47E-EDE3-2EF4-2F06-E95AF67D57E1
14.800697,-11.8433695,0,46A9A47E-EDE3-2EF4-2F06-E95AF67D57E1
-25.173311,17.220997,0,46A9A47E-EDE3-2EF4-2F06-E95AF67D57E1
-7.0123897,24.53855,0,46A9A47E-EDE3-2EF4-2F06-E95AF67D57E1
-89.88695,-7.021477,2,47494449-E68E-E554-8BB1-ECEEE432E269
-96.60452,-1.1802807,2,47494449-E68E-E554-8BB1-ECEEE432E269
-96.50759,-1.3050666,2,47494449-E68E-E554-8BB1-ECEEE432E269
-80.53942,-2.2816896,0,47494449-E68E-E554-8BB1-ECEEE432E269
-58.83463,11.912183,0,47494449-E68E-E554-8BB1-ECEEE432E269
-30.307173,4.1751237,0,47494449-E68E-E554-8BB1-ECEEE432E269
48.575356,15.998862,1,47494449-E68E-E554-8BB1-ECEEE432E269
48.874638,15.929911,2,47494449-E68E-E554-8BB1-ECEEE432E269
49.11866,15.885745,2,47494449-E68E-E554-8BB1-ECEEE432E269
48.210724,16.432684,2,47494449-E68E-E554-8BB1-ECEEE432E269
26.578617,39.36726,0,47494449-E68E-E554-8BB1-ECEEE432E269
-51.789543,17.290192,0,47494449-E68E-E554-8BB1-ECEEE432E269
-75.96714,-8.291823,2,47494449-E68E-E554-8BB1-ECEEE432E269
-87.19488,-0.34908667,0,47494449-E68E-E554-8BB1-ECEEE432E269
-94.66973,-0.5297198,0,47494449-E68E-E554-8BB1-ECEEE432E269
-94.60184,-0.43744534,0,47494449-E68E-E554-8BB1-ECEEE432E269
-89.473045,-0.6816172,0,47494449-E68E-E554-8BB1-ECEEE432E269
-70.73151,5.4390297,1,47494449-E68E-E554-8BB1-ECEEE432E269
-22.281984,35.868225,0,47494449-E68E-E554-8BB1-ECEEE432E269
-20.082106,37.391293,2,47494449-E68E-E554-8BB1-ECEEE432E269
-19.133417,37.351067,2,47494449-E68E-E554-8BB1-ECEEE432E269
-12.322963,40.039932,2,47494449-E68E-E554-8BB1-ECEEE432E269
1.9709091,37.803005,2,47494449-E68E-E554-8BB1-ECEEE432E269
2.0569575,37.7258,2,47494449-E68E-E554-8BB1-ECEEE432E269
46.8353,10.394821,2,48847236-6E23-6E61-57CD-780C68FAA2C2
70.81948,10.601976,2,48847236-6E23-6E61-57CD-780C68FAA2C2
70.90539,10.605221,2,48847236-6E23-6E61-57CD-780C68FAA2C2
71.05911,10.665945,2,48847236-6E23-6E61-57CD-780C68FAA2C2
32.324017,43.84036,2,48847236-6E23-6E61-57CD-780C68FAA2C2
-39.066227,22.263264,2,48847236-6E23-6E61-57CD-780C68FAA2C2
-87.14157,-4.660093,0,48847236-6E23-6E61-57CD-780C68FAA2C2
-20.751623,1.7952259,0,48847236-6E23-6E61-57CD-780C68FAA2C2
-20.63826,1.6798533,0,48847236-6E23-6E61-57CD-780C68FAA2C2
-20.082605,1.1202295,2,48847236-6E23-6E61-57CD-780C68FAA2C2
-19.785921,0.6939458,2,48847236-6E23-6E61-57CD-780C68FAA2C2
-9.3722925,-40.126793,2,48847236-6E23-6E61-57CD-780C68FAA2C2
57.012245,21.583256,2,48847236-6E23-6E61-57CD-780C68FAA2C2
68.00626,19.37981,2,48847236-6E23-6E61-57CD-780C68FAA2C2
56.440895,21.72769,2,48847236-6E23-6E61-57CD-780C68FAA2C2
56.16719,21.753242,2,48847236-6E23-6E61-57CD-780C68FAA2C2
32.436405,39.473896,0,48847236-6E23-6E61-57CD-780C68FAA2C2
-30.547827,26.183147,0,48847236-6E23-6E61-57CD-780C68FAA2C2
-10.68381,38.825657,0,48847236-6E23-6E61-57CD-780C68FAA2C2
-10.546341,38.841877,2,48847236-6E23-6E61-57CD-780C68FAA2C2
5.109811,36.778496,2,48847236-6E23-6E61-57CD-780C68FAA2C2
5.05843,37.026352,2,48847236-6E23-6E61-57CD-780C68FAA2C2
-20.047762,-19.382195,2,48847236-6E23-6E61-57CD-780C68FAA2C2
-19.038242,-19.130613,2,48847236-6E23-6E61-57CD-780C68FAA2C2
-53.00608,14.731128,0,48847236-6E23-6E61-57CD-780C68FAA2C2
-17.292328,40.756428,0,48847236-6E23-6E61-57CD-780C68FAA2C2
40.566933,22.81506,2,48847236-6E23-6E61-57CD-780C68FAA2C2
41.542652,22.998796,2,48847236-6E23-6E61-57CD-780C68FAA2C2
51.710266,23.753931,2,48847236-6E23-6E61-57CD-780C68FAA2C2
51.86672,23.737864,2,48847236-6E23-6E61-57CD-780C68FAA2C2
9.707961,-18.823832,1,48D32E40-ABB9-E3FB-185C-8A5AA0C44CBF
9.097642,-18.9865,1,48D32E40-ABB9-E3FB-185C-8A5AA0C44CBF
1.4707171,-16.994677,1,48D32E40-ABB9-E3FB-185C-8A5AA0C44CBF
1.1060176,-16.628742,1,48D32E40-ABB9-E3FB-185C-8A5AA0C44CBF
-4.694265,-12.48364,1,48D32E40-ABB9-E3FB-185C-8A5AA0C44CBF
-4.7677174,-12.478671,1,48D32E40-ABB9-E3FB-185C-8A5AA0C44CBF
0.051550142,-24.368757,1,48D32E40-ABB9-E3FB-185C-8A5AA0C44CBF
0.15523206,-24.3297,1,48D32E40-ABB9-E3FB-185C-8A5AA0C44CBF
-1.4011003,-24.725023,0,48D32E40-ABB9-E3FB-185C-8A5AA0C44CBF
-15.0775385,-16.189514,0,48D32E40-ABB9-E3FB-185C-8A5AA0C44CBF
-42.667835,-16.576696,0,48D32E40-ABB9-E3FB-185C-8A5AA0C44CBF
-80.706955,-5.356686,0,48D32E40-ABB9-E3FB-185C-8A5AA0C44CBF
-17.095913,-5.356526,1,48D32E40-ABB9-E3FB-185C-8A5AA0C44CBF
-16.716412,-5.3158326,1,48D32E40-ABB9-E3FB-185C-8A5AA0C44CBF
-16.527277,-5.1742406,1,48D32E40-ABB9-E3FB-185C-8A5AA0C44CBF
-15.457894,-3.216536,1,48D32E40-ABB9-E3FB-185C-8A5AA0C44CBF
-16.055265,-2.7159154,1,48D32E40-ABB9-E3FB-185C-8A5AA0C44CBF
-16.384832,-2.404203,1,48D32E40-ABB9-E3FB-185C-8A5AA0C44CBF
47.908733,-0.26515985,2,4B423110-8A54-A87F-39BB-D68BF033C7FC
47.956917,-0.21826239,2,4B423110-8A54-A87F-39BB-D68BF033C7FC
47.983746,3.1346836,2,4B423110-8A54-A87F-39BB-D68BF033C7FC
47.310658,3.1976216,2,4B423110-8A54-A87F-39BB-D68BF033C7FC
47.001915,3.282499,2,4B423110-8A54-A87F-39BB-D68BF033C7FC
46.368378,3.2682033,2,4B423110-8A54-A87F-39BB-D68BF033C7FC
56.88979,-28.47471,2,4B423110-8A54-A87F-39BB-D68BF033C7FC
56.90027,-28.437887,2,4B423110-8A54-A87F-39BB-D68BF033C7FC
56.878452,-28.365332,2,4B423110-8A54-A87F-39BB-D68BF033C7FC
58.802032,1.4244515,2,4B423110-8A54-A87F-39BB-D68BF033C7FC
48.815872,3.3224528,2,4B423110-8A54-A87F-39BB-D68BF033C7FC
43.88273,0.9365776,2,4B423110-8A54-A87F-39BB-D68BF033C7FC
17.918818,-12.807974,0,4B423110-8A54-A87F-39BB-D68BF033C7FC
18.012768,-12.975492,0,4B423110-8A54-A87F-39BB-D68BF033C7FC
19.830847,-18.117111,2,4B423110-8A54-A87F-39BB-D68BF033C7FC
12.865482,-19.64779,2,4B423110-8A54-A87F-39BB-D68BF033C7FC
12.420636,-19.846058,2,4B423110-8A54-A87F-39BB-D68BF033C7FC
-0.62048453,-25.925585,0,4B423110-8A54-A87F-39BB-D68BF033C7FC
-30.840666,-19.098927,0,4B423110-8A54-A87F-39BB-D68BF033C7FC
-43.983917,-17.21698,0,4B423110-8A54-A87F-39BB-D68BF033C7FC
-48.55431,5.557223,0,4B423110-8A54-A87F-39BB-D68BF033C7FC
-36.115715,4.4861407,0,4BD5749B-A1D2-E6C9-156F-DF107802D3BE
-20.151323,-36.959217,0,4BD5749B-A1D2-E6C9-156F-DF107802D3BE
-12.347771,-43.339172,0,4BD5749B-A1D2-E6C9-156F-DF107802D3BE
-5.480731,-48.373566,0,4BD5749B-A1D2-E6C9-156F-DF107802D3BE
-4.8638473,-48.548405,0,4BD5749B-A1D2-E6C9-156F-DF107802D3BE
-3.7693353,-48.081833,0,4BD5749B-A1D2-E6C9-156F-DF107802D3BE
-28.970177,-17.778656,2,4BD5749B-A1D2-E6C9-156F-DF107802D3BE
-29.18583,-17.745369,2,4BD5749B-A1D2-E6C9-156F-DF107802D3BE
-76.0706,-6.854123,2,4BD5749B-A1D2-E6C9-156F-DF107802D3BE
-79.874794,-5.0235167,2,4BD5749B-A1D2-E6C9-156F-DF107802D3BE
-85.17528,-1.9469123,2,4BD5749B-A1D2-E6C9-156F-DF107802D3BE
-72.29943,3.3924003,2,4BD5749B-A1D2-E6C9-156F-DF107802D3BE
-39.960567,1.3310388,1,4BD5749B-A1D2-E6C9-156F-DF107802D3BE
-39.953617,1.353174,1,4BD5749B-A1D2-E6C9-156F-DF107802D3BE
-39.99088,1.3736659,1,4BD5749B-A1D2-E6C9-156F-DF107802D3BE
-24.56644,0.74934936,1,4BD5749B-A1D2-E6C9-156F-DF107802D3BE
-7.7860312,-37.01218,1,4BD5749B-A1D2-E6C9-156F-DF107802D3BE
-7.7386904,-36.870064,1,4BD5749B-A1D2-E6C9-156F-DF107802D3BE
44.34617,-39.11507,2,4BFAECAC-0CC2-F9AC-17BB-7343BE737D81
43.92866,-38.85286,2,4BFAECAC-0CC2-F9AC-17BB-7343BE737D81
42.55852,-38.74203,2,4BFAECAC-0CC2-F9AC-17BB-7343BE737D81
41.227104,-38.57175,2,4BFAECAC-0CC2-F9AC-17BB-7343BE737D81
-36.978806,15.846385,2,4BFAECAC-0CC2-F9AC-17BB-7343BE737D81
-6.552058,-1.9280984,2,4BFAECAC-0CC2-F9AC-17BB-7343BE737D81
-14.696737,-41.174175,2,4BFAECAC-0CC2-F9AC-17BB-7343BE737D81
1.8473732,-32.732624,2,4BFAECAC-0CC2-F9AC-17BB-7343BE737D81
1.9777929,-32.83387,2,4BFAECAC-0CC2-F9AC-17BB-7343BE737D81
3.1478279,-33.207897,0,4BFAECAC-0CC2-F9AC-17BB-7343BE737D81
22.660877,18.10152,0,4BFAECAC-0CC2-F9AC-17BB-7343BE737D81
53.962757,14.821709,0,4BFAECAC-0CC2-F9AC-17BB-7343BE737D81
-8.106786,-46.14768,0,4BFAECAC-0CC2-F9AC-17BB-7343BE737D81
26.637238,17.457912,0,4BFAECAC-0CC2-F9AC-17BB-7343BE737D81
56.22264,29.098688,0,4BFAECAC-0CC2-F9AC-17BB-7343BE737D81
56.135223,29.094803,2,4BFAECAC-0CC2-F9AC-17BB-7343BE737D81
66.6885,21.769016,2,4BFAECAC-0CC2-F9AC-17BB-7343BE737D81
80.29513,9.831483,2,4BFAECAC-0CC2-F9AC-17BB-7343BE737D81
80.23,9.99735,2,4BFAECAC-0CC2-F9AC-17BB-7343BE737D81
14.757126,-12.327865,2,4BFAECAC-0CC2-F9AC-17BB-7343BE737D81
20.69377,-16.043907,0,4BFAECAC-0CC2-F9AC-17BB-7343BE737D81
20.500753,-15.859331,0,4BFAECAC-0CC2-F9AC-17BB-7343BE737D81
18.665874,-15.028873,0,4BFAECAC-0CC2-F9AC-17BB-7343BE737D81
-3.7569256,36.655056,2,4BFAECAC-0CC2-F9AC-17BB-7343BE737D81
-1.6422428,0.9458612,1,4CAE9D77-C8A8-2EE8-53D0-7C3C6331B2C5
20.360216,0.009805836,2,4CAE9D77-C8A8-2EE8-53D0-7C3C6331B2C5
15.295804,2.9265337,2,4CAE9D77-C8A8-2EE8-53D0-7C3C6331B2C5
16.157785,2.353462,2,4CAE9D77-C8A8-2EE8-53D0-7C3C6331B2C5
15.643988,1.7203059,2,4CAE9D77-C8A8-2EE8-53D0-7C3C6331B2C5
15.218381,1.7729696,2,4CAE9D77-C8A8-2EE8-53D0-7C3C6331B2C5
-75.23992,-0.102868825,2,4CAE9D77-C8A8-2EE8-53D0-7C3C6331B2C5
-86.23623,-3.9408538,2,4CAE9D77-C8A8-2EE8-53D0-7C3C6331B2C5
-75.427216,-0.07911749,1,4CAE9D77-C8A8-2EE8-53D0-7C3C6331B2C5
-67.87949,7.4404025,1,4CAE9D77-C8A8-2EE8-53D0-7C3C6331B2C5
-67.79298,7.6471066,1,4CAE9D77-C8A8-2EE8-53D0-7C3C6331B2C5
-33.713314,2.99166,1,4CAE9D77-C8A8-2EE8-53D0-7C3C6331B2C5
6.6461024,-26.17666,2,4CAE9D77-C8A8-2EE8-53D0-7C3C6331B2C5
6.428784,-26.24191,2,4CAE9D77-C8A8-2EE8-53D0-7C3C6331B2C5
-18.728294,-26.893845,2,4CAE9D77-C8A8-2EE8-53D0-7C3C6331B2C5
-8.241866,-20.535912,2,4CAE9D77-C8A8-2EE8-53D0-7C3C6331B2C5
-7.9778028,-20.243235,2,4CAE9D77-C8A8-2EE8-53D0-7C3C6331B2C5
-7.8874025,-19.615726,2,4CAE9D77-C8A8-2EE8-53D0-7C3C6331B2C5
-8.870386,-18.523026,1,4CAE9D77-C8A8-2EE8-53D0-7C3C6331B2C5
-8.976027,-18.366032,1,4CAE9D77-C8A8-2EE8-53D0-7C3C6331B2C5
-59.670464,-3.3200696,1,4CAE9D77-C8A8-2EE8-53D0-7C3C6331B2C5
-80.4651,-4.0688996,1,4CAE9D77-C8A8-2EE8-53D0-7C3C6331B2C5
-71.288826,2.9097536,1,4CAE9D77-C8A8-2EE8-53D0-7C3C6331B2C5
-47.67759,13.128139,1,4CAE9D77-C8A8-2EE8-53D0-7C3C6331B2C5
2.217171,-31.62475,1,4CAE9D77-C8A8-2EE8-53D0-7C3C6331B2C5
2.0669255,-31.798895,1,4CAE9D77-C8A8-2EE8-53D0-7C3C6331B2C5
22.647696,18.16617,1,4CAE9D77-C8A8-2EE8-53D0-7C3C6331B2C5
34.161884,20.876509,1,4CAE9D77-C8A8-2EE8-53D0-7C3C6331B2C5
39.30553,18.996696,1,4CAE9D77-C8A8-2EE8-53D0-7C3C6331B2C5
60.044735,21.500196,1,4CAE9D77-C8A8-2EE8-53D0-7C3C6331B2C5
24.637417,11.462896,2,4CAE9D77-C8A8-2EE8-53D0-7C3C6331B2C5
25.145227,10.867671,2,4CAE9D77-C8A8-2EE8-53D0-7C3C6331B2C5
25.546095,10.692262,2,4CAE9D77-C8A8-2EE8-53D0-7C3C6331B2C5
35.78028,-10.5893345,2,5270C847-54C3-180E-9737-1D87A639C450
35.776325,-10.695576,2,5270C847-54C3-180E-9737-1D87A639C450
52.699703,-21.482603,2,5270C847-54C3-180E-9737-1D87A639C450
52.66377,-21.760857,2,5270C847-54C3-180E-9737-1D87A639C450
52.478947,-23.013872,2,5270C847-54C3-180E-9737-1D87A639C450
52.42497,-23.292608,2,5270C847-54C3-180E-9737-1D87A639C450
-16.488396,-37.893265,0,5270C847-54C3-180E-9737-1D87A639C450
-15.376382,-38.393612,0,5270C847-54C3-180E-9737-1D87A639C450
7.7672443,-44.45002,0,5270C847-54C3-180E-9737-1D87A639C450
8.575634,-43.84018,0,5270C847-54C3-180E-9737-1D87A639C450
9.03232,-43.716644,0,5270C847-54C3-180E-9737-1D87A639C450
32.57826,18.058125,0,5270C847-54C3-180E-9737-1D87A639C450
-59.94998,16.724367,1,5690E95B-9747-B2B5-2EE1-16A72200D5CC
-59.66998,16.664894,1,5690E95B-9747-B2B5-2EE1-16A72200D5CC
-35.26892,5.564068,1,5690E95B-9747-B2B5-2EE1-16A72200D5CC
-18.258366,-31.867437,1,5690E95B-9747-B2B5-2EE1-16A72200D5CC
2.3267887,-48.73847,1,5690E95B-9747-B2B5-2EE1-16A72200D5CC
2.8288167,-48.781635,1,5690E95B-9747-B2B5-2EE1-16A72200D5CC
-1.7198031,-26.018187,0,5690E95B-9747-B2B5-2EE1-16A72200D5CC
-25.069183,-31.629816,0,5690E95B-9747-B2B5-2EE1-16A72200D5CC
-24.951912,-31.529472,2,5690E95B-9747-B2B5-2EE1-16A72200D5CC
-24.438019,-31.536339,2,5690E95B-9747-B2B5-2EE1-16A72200D5CC
-26.408665,-30.87532,2,5690E95B-9747-B2B5-2EE1-16A72200D5CC
-57.96226,-0.17518908,2,5690E95B-9747-B2B5-2EE1-16A72200D5CC
14.435894,17.680664,0,5690E95B-9747-B2B5-2EE1-16A72200D5CC
14.158328,17.87962,2,5690E95B-9747-B2B5-2EE1-16A72200D5CC
13.731681,18.156837,2,5690E95B-9747-B2B5-2EE1-16A72200D5CC
-18.264217,-25.227608,0,5690E95B-9747-B2B5-2EE1-16A72200D5CC
-18.446228,-25.386938,0,5690E95B-9747-B2B5-2EE1-16A72200D5CC
-25.761602,-29.549631,0,5690E95B-9747-B2B5-2EE1-16A72200D5CC
-8.866354,-23.681501,2,5690E95B-9747-B2B5-2EE1-16A72200D5CC
15.714678,-22.59717,2,5690E95B-9747-B2B5-2EE1-16A72200D5CC
15.596122,-22.459156,2,5690E95B-9747-B2B5-2EE1-16A72200D5CC
15.149315,-22.012226,2,5690E95B-9747-B2B5-2EE1-16A72200D5CC
14.731617,-21.49779,0,5690E95B-9747-B2B5-2EE1-16A72200D5CC
2.342891,3.141535,0,5690E95B-9747-B2B5-2EE1-16A72200D5CC
-32.38557,-31.55692,1,5690E95B-9747-B2B5-2EE1-16A72200D5CC
-32.34735,-31.597103,1,5690E95B-9747-B2B5-2EE1-16A72200D5CC
-10.7445,-50.68773,1,5690E95B-9747-B2B5-2EE1-16A72200D5CC
-10.269542,-50.919533,1,5690E95B-9747-B2B5-2EE1-16A72200D5CC
-9.902273,-51.325974,2,5690E95B-9747-B2B5-2EE1-16A72200D5CC
16.57757,-19.437157,2,5690E95B-9747-B2B5-2EE1-16A72200D5CC
58.55873,-33.35694,2,58CB3C5E-2F5C-31FE-83E8-C6772D99B8D5
58.7807,-32.881023,2,58CB3C5E-2F5C-31FE-83E8-C6772D99B8D5
59.235767,-33.82831,2,58CB3C5E-2F5C-31FE-83E8-C6772D99B8D5
59.552273,-34.121998,2,58CB3C5E-2F5C-31FE-83E8-C6772D99B8D5
37.3208,-13.762248,1,58CB3C5E-2F5C-31FE-83E8-C6772D99B8D5
37.424534,-13.6611395,1,58CB3C5E-2F5C-31FE-83E8-C6772D99B8D5
-11.367767,-20.18452,0,58CB3C5E-2F5C-31FE-83E8-C6772D99B8D5
-39.52301,-20.491041,1,58CB3C5E-2F5C-31FE-83E8-C6772D99B8D5
-91.40175,-5.651791,1,58CB3C5E-2F5C-31FE-83E8-C6772D99B8D5
-93.93145,-0.90591586,1,58CB3C5E-2F5C-31FE-83E8-C6772D99B8D5
-97.5615,-3.9765267,1,58CB3C5E-2F5C-31FE-83E8-C6772D99B8D5
-96.95051,-4.3941402,1,58CB3C5E-2F5C-31FE-83E8-C6772D99B8D5
5.8673725,-46.166183,2,58CB3C5E-2F5C-31FE-83E8-C6772D99B8D5
28.785704,16.613008,0,58CB3C5E-2F5C-31FE-83E8-C6772D99B8D5
38.899666,28.45279,0,58CB3C5E-2F5C-31FE-83E8-C6772D99B8D5
39.26222,29.184631,0,58CB3C5E-2F5C-31FE-83E8-C6772D99B8D5
39.65898,29.476095,2,58CB3C5E-2F5C-31FE-83E8-C6772D99B8D5
61.393616,23.417622,2,58CB3C5E-2F5C-31FE-83E8-C6772D99B8D5
-37.46179,18.074383,2,5CD23052-9069-615B-22B2-CB8E9A2413C9
8.415153,20.035067,2,5CD23052-9069-615B-22B2-CB8E9A2413C9
8.288287,20.008705,1,5CD23052-9069-615B-22B2-CB8E9A2413C9
16.836203,3.0794694,1,5CD23052-9069-615B-22B2-CB8E9A2413C9
22.128515,-0.38412777,2,5CD23052-9069-615B-22B2-CB8E9A2413C9
22.09141,-0.9058104,2,5CD23052-9069-615B-22B2-CB8E9A2413C9
22.080534,-1.0302321,2,5CD23052-9069-615B-22B2-CB8E9A2413C9
-0.45372048,-5.8159947,2,5CD23052-9069-615B-22B2-CB8E9A2413C9
-0.52715635,-6.219714,2,5CD23052-9069-615B-22B2-CB8E9A2413C9
-46.103214,-12.786543,0,5CD23052-9069-615B-22B2-CB8E9A2413C9
-46.003998,-12.725923,0,5CD23052-9069-615B-22B2-CB8E9A2413C9
-83.5475,-9.217668,0,5CD23052-9069-615B-22B2-CB8E9A2413C9
-52.179234,20.00927,2,5CD23052-9069-615B-22B2-CB8E9A2413C9
-52.405174,19.898575,2,5CD23052-9069-615B-22B2-CB8E9A2413C9
-20.497646,39.12637,2,5CD23052-9069-615B-22B2-CB8E9A2413C9
-20.397676,39.020214,2,5CD23052-9069-615B-22B2-CB8E9A2413C9
-15.115882,37.980236,1,5CD23052-9069-615B-22B2-CB8E9A2413C9
-14.778365,37.93681,1,5CD23052-9069-615B-22B2-CB8E9A2413C9
-59.816254,4.8704305,2,5CD23052-9069-615B-22B2-CB8E9A2413C9
-74.5979,-6.6594853,2,5CD23052-9069-615B-22B2-CB8E9A2413C9
-91.70036,-1.7238885,2,5CD23052-9069-615B-22B2-CB8E9A2413C9
-91.160324,-1.5994873,2,5CD23052-9069-615B-22B2-CB8E9A2413C9
-75.277275,3.087837,0,5CD23052-9069-615B-22B2-CB8E9A2413C9
-56.294785,12.479117,0,5CD23052-9069-615B-22B2-CB8E9A2413C9
20.853598,11.67535,2,5CD23052-9069-615B-22B2-CB8E9A2413C9
-8.166804,-10.29514,2,5CD23052-9069-615B-22B2-CB8E9A2413C9
-8.2776,-10.608527,2,5CD23052-9069-615B-22B2-CB8E9A2413C9
39.171413,6.3049345,2,5E491E0A-C580-29BE-4329-ED7BFF843D0D
6.399761,9.558951,0,5E491E0A-C580-29BE-4329-ED7BFF843D0D
-38.518284,19.868746,0,5E491E0A-C580-29BE-4329-ED7BFF843D0D
-38.478333,19.417511,0,5E491E0A-C580-29BE-4329-ED7BFF843D0D
-11.010774,42.855305,2,5E491E0A-C580-29BE-4329-ED7BFF843D0D
-11.044604,42.9047,2,5E491E0A-C580-29BE-4329-ED7BFF843D0D
43.403908,-7.0686593,2,5E491E0A-C580-29BE-4329-ED7BFF843D0D
43.52982,-6.8916364,2,5E491E0A-C580-29BE-4329-ED7BFF843D0D
43.7717,-6.5373898,0,5E491E0A-C580-29BE-4329-ED7BFF843D0D
44.41175,-5.309086,0,5E491E0A-C580-29BE-4329-ED7BFF843D0D
44.762188,-5.0586786,0,5E491E0A-C580-29BE-4329-ED7BFF843D0D
44.46419,-4.114306,0,5E491E0A-C580-29BE-4329-ED7BFF843D0D
-98.40795,-0.7580431,0,5E491E0A-C580-29BE-4329-ED7BFF843D0D
-51.264442,4.7145066,0,5E491E0A-C580-29BE-4329-ED7BFF843D0D
-51.159626,4.7697763,0,5E491E0A-C580-29BE-4329-ED7BFF843D0D
-46.93237,5.649627,0,5E491E0A-C580-29BE-4329-ED7BFF843D0D
-46.72224,5.6478434,2,5E491E0A-C580-29BE-4329-ED7BFF843D0D
-17.063951,-35.71485,2,5E491E0A-C580-29BE-4329-ED7BFF843D0D
33.791595,-40.62864,0,5F222604-CB86-1ABA-EB7B-31FF78B7BE93
34.137695,-40.601517,0,5F222604-CB86-1ABA-EB7B-31FF78B7BE93
34.732307,-40.530167,0,5F222604-CB86-1ABA-EB7B-31FF78B7BE93
34.98804,-40.396496,2,5F222604-CB86-1ABA-EB7B-31FF78B7BE93
35.358086,-40.451096,2,5F222604-CB86-1ABA-EB7B-31FF78B7BE93
53.61574,-38.95789,2,5F222604-CB86-1ABA-EB7B-31FF78B7BE93
-68.63248,-1.2401098,2,5F222604-CB86-1ABA-EB7B-31FF78B7BE93
-68.5706,-1.2325023,2,5F222604-CB86-1ABA-EB7B-31FF78B7BE93
-57.93327,15.624505,2,5F222604-CB86-1ABA-EB7B-31FF78B7BE93
-28.207428,1.5773695,2,5F222604-CB86-1ABA-EB7B-31FF78B7BE93
5.646009,6.009222,2,5F222604-CB86-1ABA-EB7B-31FF78B7BE93
5.623032,5.9720454,2,5F222604-CB86-1ABA-EB7B-31FF78B7BE93
60.372814,-0.6308178,2,5F222604-CB86-1ABA-EB7B-31FF78B7BE93
60.64764,-0.088537455,2,5F222604-CB86-1ABA-EB7B-31FF78B7BE93
61.02798,0.52488947,2,5F222604-CB86-1ABA-EB7B-31FF78B7BE93
61.143993,0.6801811,2,5F222604-CB86-1ABA-EB7B-31FF78B7BE93
61.192905,0.9145381,2,5F222604-CB86-1ABA-EB7B-31FF78B7BE93
61.701675,1.4404148,2,5F222604-CB86-1ABA-EB7B-31FF78B7BE93
8.510314,-23.280083,2,5F222604-CB86-1ABA-EB7B-31FF78B7BE93
7.894096,-23.080242,2,5F222604-CB86-1ABA-EB7B-31FF78B7BE93
7.7088737,-22.991283,2,5F222604-CB86-1ABA-EB7B-31FF78B7BE93
21.090984,-21.530342,2,5F222604-CB86-1ABA-EB7B-31FF78B7BE93
21.058025,-21.747612,2,5F222604-CB86-1ABA-EB7B-31FF78B7BE93
20.931925,-21.885496,2,5F222604-CB86-1ABA-EB7B-31FF78B7BE93
6.3223767,14.006314,2,5F222604-CB86-1ABA-EB7B-31FF78B7BE93
-10.51634,10.776078,2,5F222604-CB86-1ABA-EB7B-31FF78B7BE93
-10.581982,10.726922,2,5F222604-CB86-1ABA-EB7B-31FF78B7BE93
2.680946,41.403896,2,5F222604-CB86-1ABA-EB7B-31FF78B7BE93
2.5130904,41.461136,2,5F222604-CB86-1ABA-EB7B-31FF78B7BE93
2.8205192,41.37351,2,5F222604-CB86-1ABA-EB7B-31FF78B7BE93
38.70255,7.6874337,2,623D68EC-1C36-4E39-4317-BE7B59F593D2
39.147327,7.507385,2,623D68EC-1C36-4E39-4317-BE7B59F593D2
39.13455,7.7151394,2,623D68EC-1C36-4E39-4317-BE7B59F593D2
39.391315,7.4731464,2,623D68EC-1C36-4E39-4317-BE7B59F593D2
51.13801,2.8872566,2,623D68EC-1C36-4E39-4317-BE7B59F593D2
51.209843,2.8747656,2,623D68EC-1C36-4E39-4317-BE7B59F593D2
5.6321797,31.668491,0,623D68EC-1C36-4E39-4317-BE7B59F593D2
5.4240556,31.95911,0,623D68EC-1C36-4E39-4317-BE7B59F593D2
4.7896004,32.314342,0,623D68EC-1C36-4E39-4317-BE7B59F593D2
5.169444,32.543957,0,623D68EC-1C36-4E39-4317-BE7B59F593D2
3.920758,33.571754,0,623D68EC-1C36-4E39-4317-BE7B59F593D2
-20.131954,-28.577518,0,623D68EC-1C36-4E39-4317-BE7B59F593D2
-61.584267,14.1823,0,623D68EC-1C36-4E39-4317-BE7B59F593D2
-61.180645,14.19057,0,623D68EC-1C36-4E39-4317-BE7B59F593D2
-70.65977,6.0864344,0,623D68EC-1C36-4E39-4317-BE7B59F593D2
-39.91839,6.2049336,0,623D68EC-1C36-4E39-4317-BE7B59F593D2
-19.298285,-39.096195,0,623D68EC-1C36-4E39-4317-BE7B59F593D2
-17.18054,-40.598827,0,623D68EC-1C36-4E39-4317-BE7B59F593D2
11.058549,-11.194574,0,623D68EC-1C36-4E39-4317-BE7B59F593D2
10.672419,-11.636234,0,623D68EC-1C36-4E39-4317-BE7B59F593D2
10.5006075,-11.8407545,0,623D68EC-1C36-4E39-4317-BE7B59F593D2
-7.6980276,-12.230703,0,623D68EC-1C36-4E39-4317-BE7B59F593D2
-34.932228,-12.826627,0,623D68EC-1C36-4E39-4317-BE7B59F593D2
-61.556194,1.1395411,0,623D68EC-1C36-4E39-4317-BE7B59F593D2
-3.4553158,-34.974133,2,62A1F053-1EA8-7433-090E-89D450314F41
5.7303543,-37.87421,2,62A1F053-1EA8-7433-090E-89D450314F41
5.8003583,-37.914085,2,62A1F053-1EA8-7433-090E-89D450314F41
6.8668394,-38.123188,2,62A1F053-1EA8-7433-090E-89D450314F41
41.371853,12.108581,2,62A1F053-1EA8-7433-090E-89D450314F41
75.016136,11.155059,1,62A1F053-1EA8-7433-090E-89D450314F41
70.48037,23.562378,2,62A1F053-1EA8-7433-090E-89D450314F41
70.13554,23.738167,2,62A1F053-1EA8-7433-090E-89D450314F41
69.19267,24.71305,2,62A1F053-1EA8-7433-090E-89D450314F41
40.40375,39.791737,2,62A1F053-1EA8-7433-090E-89D450314F41
-30.88927,26.54275,2,62A1F053-1EA8-7433-090E-89D450314F41
-51.34102,17.04416,2,62A1F053-1EA8-7433-090E-89D450314F41
-15.851707,-29.125864,2,62A1F053-1EA8-7433-090E-89D450314F41
-15.447878,-29.149523,1,62A1F053-1EA8-7433-090E-89D450314F41
-15.276765,-29.136608,1,62A1F053-1EA8-7433-090E-89D450314F41
37.62962,-53.077267,2,647C581E-E72F-0765-F94A-065909B99374
37.97307,-52.032562,2,647C581E-E72F-0765-F94A-065909B99374
34.32009,-52.53219,2,647C581E-E72F-0765-F94A-065909B99374
-36.150288,19.405895,2,647C581E-E72F-0765-F94A-065909B99374
-35.77412,19.338106,2,647C581E-E72F-0765-F94A-065909B99374
43.07758,-22.65809,2,647C581E-E72F-0765-F94A-065909B99374
16.452818,-6.980925,2,647C581E-E72F-0765-F94A-065909B99374
29.282822,-7.721974,2,647C581E-E72F-0765-F94A-065909B99374
30.331894,-8.234027,2,647C581E-E72F-0765-F94A-065909B99374
30.645979,-8.583099,2,647C581E-E72F-0765-F94A-065909B99374
32.18495,-11.476826,2,647C581E-E72F-0765-F94A-065909B99374
32.306843,-11.520998,2,647C581E-E72F-0765-F94A-065909B99374
-10.412853,-23.758533,1,647C581E-E72F-0765-F94A-065909B99374
-9.848526,-24.043064,0,647C581E-E72F-0765-F94A-065909B99374
-9.641571,-24.415508,0,647C581E-E72F-0765-F94A-065909B99374
-9.84802,-24.79574,0,647C581E-E72F-0765-F94A-065909B99374
-10.635514,-25.217403,0,647C581E-E72F-0765-F94A-065909B99374
-45.43099,-2.4377792,0,647C581E-E72F-0765-F94A-065909B99374
52.274925,16.726278,1,647C581E-E72F-0765-F94A-065909B99374
54.9356,23.11435,1,647C581E-E72F-0765-F94A-065909B99374
70.58415,19.078465,0,647C581E-E72F-0765-F94A-065909B99374
70.80528,18.755512,0,647C581E-E72F-0765-F94A-065909B99374
70.77769,18.663635,0,647C581E-E72F-0765-F94A-065909B99374
36.63084,39.864918,0,647C581E-E72F-0765-F94A-065909B99374
38.289608,-53.281857,2,66E9719B-D383-AA87-7FAB-D9B4ABE7011C
38.948875,-51.124508,2,66E9719B-D383-AA87-7FAB-D9B4ABE7011C
37.48589,-50.446186,2,66E9719B-D383-AA87-7FAB-D9B4ABE7011C
-58.179325,16.285769,2,66E9719B-D383-AA87-7FAB-D9B4ABE7011C
-23.923725,-2.9800038,2,66E9719B-D383-AA87-7FAB-D9B4ABE7011C
-1.4375216,-34.439392,2,66E9719B-D383-AA87-7FAB-D9B4ABE7011C
11.236077,26.391918,0,66E9719B-D383-AA87-7FAB-D9B4ABE7011C
11.280103,26.33412,0,66E9719B-D383-AA87-7FAB-D9B4ABE7011C
11.02152,-9.46585,0,66E9719B-D383-AA87-7FAB-D9B4ABE7011C
-4.0194087,-20.626219,0,66E9719B-D383-AA87-7FAB-D9B4ABE7011C
-4.6022387,-19.572496,2,66E9719B-D383-AA87-7FAB-D9B4ABE7011C
-4.6884503,-19.44955,2,66E9719B-D383-AA87-7FAB-D9B4ABE7011C
72.6356,22.61834,0,66E9719B-D383-AA87-7FAB-D9B4ABE7011C
72.6135,22.60861,2,66E9719B-D383-AA87-7FAB-D9B4ABE7011C
68.793846,24.581326,2,66E9719B-D383-AA87-7FAB-D9B4ABE7011C
40.485565,40.13943,2,66E9719B-D383-AA87-7FAB-D9B4ABE7011C
-6.1921396,12.8383045,2,66E9719B-D383-AA87-7FAB-D9B4ABE7011C
-29.481493,21.393631,0,66E9719B-D383-AA87-7FAB-D9B4ABE7011C
37.896137,-54.202946,2,68339CF4-6AFB-7EFB-40EA-238612F8E5A4
37.788967,-54.457794,2,68339CF4-6AFB-7EFB-40EA-238612F8E5A4
32.361298,-53.045586,2,68339CF4-6AFB-7EFB-40EA-238612F8E5A4
-44.883503,11.168566,2,68339CF4-6AFB-7EFB-40EA-238612F8E5A4
-44.769947,11.229659,2,68339CF4-6AFB-7EFB-40EA-238612F8E5A4
-26.550283,-3.4292755,2,68339CF4-6AFB-7EFB-40EA-238612F8E5A4
3.3717313,3.3577967,0,68339CF4-6AFB-7EFB-40EA-238612F8E5A4
3.6512394,3.440054,0,68339CF4-6AFB-7EFB-40EA-238612F8E5A4
4.272625,3.489361,0,68339CF4-6AFB-7EFB-40EA-238612F8E5A4
1.8446677,5.7594137,2,68339CF4-6AFB-7EFB-40EA-238612F8E5A4
1.8570056,5.781223,2,68339CF4-6AFB-7EFB-40EA-238612F8E5A4
19.373808,29.651827,2,68339CF4-6AFB-7EFB-40EA-238612F8E5A4
60.75588,10.603692,2,68339CF4-6AFB-7EFB-40EA-238612F8E5A4
61.46842,10.569236,2,68339CF4-6AFB-7EFB-40EA-238612F8E5A4
62.72456,10.083967,2,68339CF4-6AFB-7EFB-40EA-238612F8E5A4
63.212814,10.124965,2,68339CF4-6AFB-7EFB-40EA-238612F8E5A4
62.276657,9.648418,2,68339CF4-6AFB-7EFB-40EA-238612F8E5A4
1.565105,11.445337,0,68339CF4-6AFB-7EFB-40EA-238612F8E5A4
23.465319,10.779376,2,68339CF4-6AFB-7EFB-40EA-238612F8E5A4
22.488989,11.868333,2,68339CF4-6AFB-7EFB-40EA-238612F8E5A4
-17.90707,0.576819,0,68339CF4-6AFB-7EFB-40EA-238612F8E5A4
-33.39793,-8.271465,0,68339CF4-6AFB-7EFB-40EA-238612F8E5A4
-33.593594,-8.766277,0,68339CF4-6AFB-7EFB-40EA-238612F8E5A4
-33.8268,-9.2794,0,68339CF4-6AFB-7EFB-40EA-238612F8E5A4
-5.289581,6.6482244,1,68339CF4-6AFB-7EFB-40EA-238612F8E5A4
-23.105085,16.89711,1,68339CF4-6AFB-7EFB-40EA-238612F8E5A4
-3.4466,27.496115,1,68339CF4-6AFB-7EFB-40EA-238612F8E5A4
-12.843176,30.757133,1,68339CF4-6AFB-7EFB-40EA-238612F8E5A4
-12.786946,30.810266,1,68339CF4-6AFB-7EFB-40EA-238612F8E5A4
-12.691215,30.776207,1,68339CF4-6AFB-7EFB-40EA-238612F8E5A4
-15.510072,20.379398,1,68339CF4-6AFB-7EFB-40EA-238612F8E5A4
-14.805293,20.607767,1,68339CF4-6AFB-7EFB-40EA-238612F8E5A4
-14.821499,20.604607,1,68339CF4-6AFB-7EFB-40EA-238612F8E5A4
40.28019,-1.6175715,1,6B1E25A6-882B-DDD7-CE4F-4EC17A0906CF
36.11925,16.802979,1,6B1E25A6-882B-DDD7-CE4F-4EC17A0906CF
54.36474,19.134678,1,6B1E25A6-882B-DDD7-CE4F-4EC17A0906CF
54.323883,19.27411,1,6B1E25A6-882B-DDD7-CE4F-4EC17A0906CF
50.9192,21.45293,1,6B1E25A6-882B-DDD7-CE4F-4EC17A0906CF
50.432987,21.591238,1,6B1E25A6-882B-DDD7-CE4F-4EC17A0906CF
-10.006385,-38.79806,0,6B1E25A6-882B-DDD7-CE4F-4EC17A0906CF
-9.664505,-38.3671,0,6B1E25A6-882B-DDD7-CE4F-4EC17A0906CF
26.054441,21.445126,0,6B1E25A6-882B-DDD7-CE4F-4EC17A0906CF
54.750683,16.242056,0,6B1E25A6-882B-DDD7-CE4F-4EC17A0906CF
63.7437,15.878467,0,6B1E25A6-882B-DDD7-CE4F-4EC17A0906CF
63.827286,15.842156,0,6B1E25A6-882B-DDD7-CE4F-4EC17A0906CF
-76.92519,-3.0447328,0,6B1E25A6-882B-DDD7-CE4F-4EC17A0906CF
-66.65218,2.444658,0,6B1E25A6-882B-DDD7-CE4F-4EC17A0906CF
-46.38099,13.518091,0,6B1E25A6-882B-DDD7-CE4F-4EC17A0906CF
-31.050297,-32.733414,0,6B1E25A6-882B-DDD7-CE4F-4EC17A0906CF
-30.936417,-32.854702,0,6B1E25A6-882B-DDD7-CE4F-4EC17A0906CF
-9.986531,-49.92401,0,6B1E25A6-882B-DDD7-CE4F-4EC17A0906CF
73.86527,15.25964,2,6B690AF9-8440-1C43-B353-FA85266AA12C
73.76707,15.819892,2,6B690AF9-8440-1C43-B353-FA85266AA12C
73.80153,15.801486,2,6B690AF9-8440-1C43-B353-FA85266AA12C
37.115673,37.948452,2,6B690AF9-8440-1C43-B353-FA85266AA12C
-15.329486,15.434826,2,6B690AF9-8440-1C43-B353-FA85266AA12C
-38.16538,20.835989,2,6B690AF9-8440-1C43-B353-FA85266AA12C
-55.036232,15.842758,1,6B690AF9-8440-1C43-B353-FA85266AA12C
-54.92451,15.880032,1,6B690AF9-8440-1C43-B353-FA85266AA12C
-19.513575,41.010597,1,6B690AF9-8440-1C43-B353-FA85266AA12C
21.625303,28.162344,1,6B690AF9-8440-1C43-B353-FA85266AA12C
35.896614,27.774445,1,6B690AF9-8440-1C43-B353-FA85266AA12C
35.88017,27.97029,1,6B690AF9-8440-1C43-B353-FA85266AA12C
-99.963684,-2.425871,1,6B690AF9-8440-1C43-B353-FA85266AA12C
-100.03763,-2.4551384,1,6B690AF9-8440-1C43-B353-FA85266AA12C
-55.085564,13.890801,1,6B690AF9-8440-1C43-B353-FA85266AA12C
-55.074,13.91514,1,6B690AF9-8440-1C43-B353-FA85266AA12C
-42.814835,15.626507,1,6B690AF9-8440-1C43-B353-FA85266AA12C
-42.690426,15.676138,1,6B690AF9-8440-1C43-B353-FA85266AA12C
-14.831773,44.777626,0,6C9454F6-2AA4-4C25-0387-C6CA7AFC4C13
-14.362973,44.73938,0,6C9454F6-2AA4-4C25-0387-C6CA7AFC4C13
-11.408273,45.26736,2,6C9454F6-2AA4-4C25-0387-C6CA7AFC4C13
19.4951,4.722459,2,6C9454F6-2AA4-4C25-0387-C6CA7AFC4C13
20.078135,4.3670416,2,6C9454F6-2AA4-4C25-0387-C6CA7AFC4C13
-0.40265527,-8.186428,2,6C9454F6-2AA4-4C25-0387-C6CA7AFC4C13
-0.14298333,-9.130738,0,6C9454F6-2AA4-4C25-0387-C6CA7AFC4C13
-0.25886324,-9.632997,2,6C9454F6-2AA4-4C25-0387-C6CA7AFC4C13
-0.28710407,-9.740193,2,6C9454F6-2AA4-4C25-0387-C6CA7AFC4C13
-47.845055,-8.343925,2,6C9454F6-2AA4-4C25-0387-C6CA7AFC4C13
-72.3147,-11.240533,2,6C9454F6-2AA4-4C25-0387-C6CA7AFC4C13
-86.021576,-7.434002,0,6C9454F6-2AA4-4C25-0387-C6CA7AFC4C13
-8.145028,28.696226,0,6C9454F6-2AA4-4C25-0387-C6CA7AFC4C13
-17.90316,33.523735,0,6C9454F6-2AA4-4C25-0387-C6CA7AFC4C13
-1.2589839,21.25397,0,6C9454F6-2AA4-4C25-0387-C6CA7AFC4C13
-1.3342823,21.230516,2,6C9454F6-2AA4-4C25-0387-C6CA7AFC4C13
-0.16894078,20.426517,2,6C9454F6-2AA4-4C25-0387-C6CA7AFC4C13
-0.36457083,20.219084,2,6C9454F6-2AA4-4C25-0387-C6CA7AFC4C13
-32.297558,12.538083,0,6C9454F6-2AA4-4C25-0387-C6CA7AFC4C13
-32.324825,12.546047,0,6C9454F6-2AA4-4C25-0387-C6CA7AFC4C13
-32.388027,12.571325,0,6C9454F6-2AA4-4C25-0387-C6CA7AFC4C13
-5.1350737,38.962143,0,6C9454F6-2AA4-4C25-0387-C6CA7AFC4C13
38.26599,29.518156,2,6C9454F6-2AA4-4C25-0387-C6CA7AFC4C13
47.6743,31.013264,2,6C9454F6-2AA4-4C25-0387-C6CA7AFC4C13
-12.73781,37.38196,0,6C9454F6-2AA4-4C25-0387-C6CA7AFC4C13
-11.412552,36.707375,0,6C9454F6-2AA4-4C25-0387-C6CA7AFC4C13
-11.185173,36.658268,2,6C9454F6-2AA4-4C25-0387-C6CA7AFC4C13
-2.6441789,37.458668,2,6C9454F6-2AA4-4C25-0387-C6CA7AFC4C13
-32.63449,-6.1705246,0,6C9454F6-2AA4-4C25-0387-C6CA7AFC4C13
-32.414055,-6.2720776,0,6C9454F6-2AA4-4C25-0387-C6CA7AFC4C13
-17.935623,-19.496164,2,6C9454F6-2AA4-4C25-0387-C6CA7AFC4C13
-38.883625,-19.355839,2,6C9454F6-2AA4-4C25-0387-C6CA7AFC4C13
-38.978714,-19.266232,2,6C9454F6-2AA4-4C25-0387-C6CA7AFC4C13
55.925568,-33.536785,2,6E42D32E-048C-D829-197E-7950E78F58CB
56.23445,-33.020473,2,6E42D32E-048C-D829-197E-7950E78F58CB
56.452457,-32.502125,2,6E42D32E-048C-D829-197E-7950E78F58CB
56.57571,-32.21041,2,6E42D32E-048C-D829-197E-7950E78F58CB
56.430946,-30.93939,2,6E42D32E-048C-D829-197E-7950E78F58CB
56.31186,-30.642992,2,6E42D32E-048C-D829-197E-7950E78F58CB
21.368876,-6.371319,0,6E42D32E-048C-D829-197E-7950E78F58CB
1.6893545,-0.3498352,0,6E42D32E-048C-D829-197E-7950E78F58CB
-36.87115,20.843353,0,6E42D32E-048C-D829-197E-7950E78F58CB
9.431093,3.3797758,0,6E42D32E-048C-D829-197E-7950E78F58CB
23.568312,-6.9295053,1,6E42D32E-048C-D829-197E-7950E78F58CB
23.52864,-6.8621597,1,6E42D32E-048C-D829-197E-7950E78F58CB
24.426413,-7.1651063,1,6E42D32E-048C-D829-197E-7950E78F58CB
24.30192,-7.1879935,1,6E42D32E-048C-D829-197E-7950E78F58CB
-5.156584,-3.113035,0,6E42D32E-048C-D829-197E-7950E78F58CB
-4.965949,-5.266403,0,6E42D32E-048C-D829-197E-7950E78F58CB
-24.673323,-13.646258,0,6E42D32E-048C-D829-197E-7950E78F58CB
-24.720816,-13.722026,0,6E42D32E-048C-D829-197E-7950E78F58CB
-27.9389,0.666133,1,6E42D32E-048C-D829-197E-7950E78F58CB
-27.9498,0.6887666,1,6E42D32E-048C-D829-197E-7950E78F58CB
-27.489372,-0.07379342,1,6E42D32E-048C-D829-197E-7950E78F58CB
-26.818188,-0.27827543,1,6E42D32E-048C-D829-197E-7950E78F58CB
-19.48153,-34.962826,1,6E42D32E-048C-D829-197E-7950E78F58CB
-6.9967966,-43.09414,1,6E42D32E-048C-D829-197E-7950E78F58CB
9.256525,12.216566,0,6E42D32E-048C-D829-197E-7950E78F58CB
9.504073,12.218874,0,6E42D32E-048C-D829-197E-7950E78F58CB
9.710931,12.282295,0,6E42D32E-048C-D829-197E-7950E78F58CB
7.605909,14.019982,0,6E42D32E-048C-D829-197E-7950E78F58CB
8.773563,14.975949,1,6E42D32E-048C-D829-197E-7950E78F58CB
8.8513975,15.295111,1,6E42D32E-048C-D829-197E-7950E78F58CB
-37.696106,21.289495,0,70432028-81AF-D67A-251E-D2F807AB93CF
6.9897113,19.729353,0,70432028-81AF-D67A-251E-D2F807AB93CF
15.899837,3.521522,2,70432028-81AF-D67A-251E-D2F807AB93CF
25.997482,-1.1035107,2,70432028-81AF-D67A-251E-D2F807AB93CF
26.45909,-1.2478703,2,70432028-81AF-D67A-251E-D2F807AB93CF
26.873034,-1.3019917,2,70432028-81AF-D67A-251E-D2F807AB93CF
28.681778,-1.9355217,2,70432028-81AF-D67A-251E-D2F807AB93CF
27.78174,-1.4054376,2,70432028-81AF-D67A-251E-D2F807AB93CF
13.033991,-3.4317625,2,70432028-81AF-D67A-251E-D2F807AB93CF
12.735693,-3.9050424,2,70432028-81AF-D67A-251E-D2F807AB93CF
12.692931,-3.9920263,2,70432028-81AF-D67A-251E-D2F807AB93CF
12.53814,-4.0783267,2,70432028-81AF-D67A-251E-D2F807AB93CF
-6.4545126,17.439762,0,70432028-81AF-D67A-251E-D2F807AB93CF
-6.6211886,17.469381,0,70432028-81AF-D67A-251E-D2F807AB93CF
-5.09518,17.310635,0,70432028-81AF-D67A-251E-D2F807AB93CF
-4.6441236,17.187351,0,70432028-81AF-D67A-251E-D2F807AB93CF
-4.4503517,17.42374,0,70432028-81AF-D67A-251E-D2F807AB93CF
-4.2876897,17.680828,0,70432028-81AF-D67A-251E-D2F807AB93CF
-27.648962,4.2329354,1,718078D1-70DB-2916-366D-1119A22DCD7F
-22.114418,-0.49815446,2,718078D1-70DB-2916-366D-1119A22DCD7F
-6.5683093,-41.741596,2,718078D1-70DB-2916-366D-1119A22DCD7F
-6.287915,-42.472706,2,718078D1-70DB-2916-366D-1119A22DCD7F
-0.4461396,-52.01451,2,718078D1-70DB-2916-366D-1119A22DCD7F
-0.385894,-52.046177,2,718078D1-70DB-2916-366D-1119A22DCD7F
68.95302,17.161001,2,718078D1-70DB-2916-366D-1119A22DCD7F
2.1444185,9.131956,1,718078D1-70DB-2916-366D-1119A22DCD7F
-6.4500804,12.471255,0,718078D1-70DB-2916-366D-1119A22DCD7F
7.8154535,35.890415,0,718078D1-70DB-2916-366D-1119A22DCD7F
-14.391519,39.606873,0,718078D1-70DB-2916-366D-1119A22DCD7F
-14.585838,39.58984,0,718078D1-70DB-2916-366D-1119A22DCD7F
-35.450874,-13.4147215,1,718078D1-70DB-2916-366D-1119A22DCD7F
-49.494083,0.08928576,1,718078D1-70DB-2916-366D-1119A22DCD7F
-77.94505,-5.6877494,1,718078D1-70DB-2916-366D-1119A22DCD7F
-78.25765,-5.328999,1,718078D1-70DB-2916-366D-1119A22DCD7F
-77.94593,-4.1608276,2,718078D1-70DB-2916-366D-1119A22DCD7F
-57.500404,5.223971,2,718078D1-70DB-2916-366D-1119A22DCD7F
-57.24956,5.1962175,2,718078D1-70DB-2916-366D-1119A22DCD7F
-56.082344,4.9759693,2,718078D1-70DB-2916-366D-1119A22DCD7F
-34.213745,24.458633,2,718078D1-70DB-2916-366D-1119A22DCD7F
-27.899775,7.273166,2,718078D1-70DB-2916-366D-1119A22DCD7F
-25.08831,4.337565,2,718078D1-70DB-2916-366D-1119A22DCD7F
-25.05588,4.3181176,2,718078D1-70DB-2916-366D-1119A22DCD7F
-91.17166,-2.9700282,1,718078D1-70DB-2916-366D-1119A22DCD7F
-83.63266,-2.8321621,1,718078D1-70DB-2916-366D-1119A22DCD7F
-65.54625,4.7187037,1,718078D1-70DB-2916-366D-1119A22DCD7F
-13.774022,-18.082022,1,718078D1-70DB-2916-366D-1119A22DCD7F
4.339283,-28.289837,1,718078D1-70DB-2916-366D-1119A22DCD7F
4.5496564,-28.057371,2,718078D1-70DB-2916-366D-1119A22DCD7F
43.44256,-40.274147,2,72B642AD-2D4A-574F-05EC-EC93C0C52335
43.500793,-39.78697,2,72B642AD-2D4A-574F-05EC-EC93C0C52335
42.736202,-39.557335,2,72B642AD-2D4A-574F-05EC-EC93C0C52335
40.84388,-38.88662,2,72B642AD-2D4A-574F-05EC-EC93C0C52335
50.1495,-44.579395,2,72B642AD-2D4A-574F-05EC-EC93C0C52335
50.19344,-44.525597,2,72B642AD-2D4A-574F-05EC-EC93C0C52335
36.903107,7.8272324,2,72B642AD-2D4A-574F-05EC-EC93C0C52335
34.15211,8.848144,2,72B642AD-2D4A-574F-05EC-EC93C0C52335
34.227882,8.842059,2,72B642AD-2D4A-574F-05EC-EC93C0C52335
34.879055,8.718809,2,72B642AD-2D4A-574F-05EC-EC93C0C52335
36.702953,8.22211,1,72B642AD-2D4A-574F-05EC-EC93C0C52335
38.039585,8.598736,1,72B642AD-2D4A-574F-05EC-EC93C0C52335
5.5253406,-17.3432,1,72B642AD-2D4A-574F-05EC-EC93C0C52335
4.2296624,-18.385012,2,72B642AD-2D4A-574F-05EC-EC93C0C52335
3.837747,-18.524734,2,72B642AD-2D4A-574F-05EC-EC93C0C52335
3.365862,-18.772516,2,72B642AD-2D4A-574F-05EC-EC93C0C52335
-11.754767,-16.195166,2,72B642AD-2D4A-574F-05EC-EC93C0C52335
-13.566411,-15.519806,2,72B642AD-2D4A-574F-05EC-EC93C0C52335
-21.306952,-37.50099,2,72B642AD-2D4A-574F-05EC-EC93C0C52335
-13.735392,-44.885075,2,72B642AD-2D4A-574F-05EC-EC93C0C52335
-13.775399,-45.266804,2,72B642AD-2D4A-574F-05EC-EC93C0C52335
-3.9751983,-49.03769,2,72B642AD-2D4A-574F-05EC-EC93C0C52335
5.081919,-45.30358,2,72B642AD-2D4A-574F-05EC-EC93C0C52335
29.615719,21.529982,2,72B642AD-2D4A-574F-05EC-EC93C0C52335
-15.486459,-18.808544,2,72B642AD-2D4A-574F-05EC-EC93C0C52335
-15.432016,-18.849268,2,72B642AD-2D4A-574F-05EC-EC93C0C52335
-14.3506565,-20.162783,2,72B642AD-2D4A-574F-05EC-EC93C0C52335
-14.252889,-19.967838,2,72B642AD-2D4A-574F-05EC-EC93C0C52335
-14.243807,-19.930336,2,72B642AD-2D4A-574F-05EC-EC93C0C52335
-87.353355,-10.941819,2,72B642AD-2D4A-574F-05EC-EC93C0C52335
-5.603858,-2.0625386,0,7417E7AB-C723-0958-F8EE-DDA4DED65165
-8.483966,-15.524188,0,7417E7AB-C723-0958-F8EE-DDA4DED65165
-9.325247,-15.684273,0,7417E7AB-C723-0958-F8EE-DDA4DED65165
-9.664382,-15.727326,0,7417E7AB-C723-0958-F8EE-DDA4DED65165
-70.95231,-10.808967,0,7417E7AB-C723-0958-F8EE-DDA4DED65165
-89.93289,-7.6366124,0,7417E7AB-C723-0958-F8EE-DDA4DED65165
56.87115,19.768799,2,7417E7AB-C723-0958-F8EE-DDA4DED65165
57.23201,19.571795,2,7417E7AB-C723-0958-F8EE-DDA4DED65165
45.329586,33.36931,2,7417E7AB-C723-0958-F8EE-DDA4DED65165
-10.621088,17.497118,2,7417E7AB-C723-0958-F8EE-DDA4DED65165
-29.937248,23.112396,0,7417E7AB-C723-0958-F8EE-DDA4DED65165
-24.373951,34.505466,0,7417E7AB-C723-0958-F8EE-DDA4DED65165
36.76557,-52.893177,2,761D024F-3C62-5326-601A-88D436C7726A
36.889786,-51.48177,2,761D024F-3C62-5326-601A-88D436C7726A
35.13945,-51.97918,2,761D024F-3C62-5326-601A-88D436C7726A
-38.884636,14.714699,2,761D024F-3C62-5326-601A-88D436C7726A
-65.40726,9.797493,2,761D024F-3C62-5326-601A-88D436C7726A
-26.84607,-3.000097,2,761D024F-3C62-5326-601A-88D436C7726A
-25.395557,-9.377081,0,761D024F-3C62-5326-601A-88D436C7726A
-44.64484,-10.955002,0,761D024F-3C62-5326-601A-88D436C7726A
-44.632607,-10.932283,0,761D024F-3C62-5326-601A-88D436C7726A
-57.995285,3.3250093,0,761D024F-3C62-5326-601A-88D436C7726A
-89.25674,-8.5205345,0,761D024F-3C62-5326-601A-88D436C7726A
-88.98374,-6.400497,0,761D024F-3C62-5326-601A-88D436C7726A
62.038284,13.933679,2,761D024F-3C62-5326-601A-88D436C7726A
62.888412,13.72921,2,761D024F-3C62-5326-601A-88D436C7726A
62.986988,13.680178,2,761D024F-3C62-5326-601A-88D436C7726A
34.95446,40.057922,2,761D024F-3C62-5326-601A-88D436C7726A
-5.625839,12.29516,2,761D024F-3C62-5326-601A-88D436C7726A
-29.196238,22.33377,2,761D024F-3C62-5326-601A-88D436C7726A
-78.4802,-3.1773102,2,761D024F-3C62-5326-601A-88D436C7726A
-98.79449,-5.201416,2,761D024F-3C62-5326-601A-88D436C7726A
-65.40722,-1.0211529,1,761D024F-3C62-5326-601A-88D436C7726A
-65.32438,-0.95832103,1,761D024F-3C62-5326-601A-88D436C7726A
-65.134445,-0.8546777,1,761D024F-3C62-5326-601A-88D436C7726A
-52.60571,13.613698,1,761D024F-3C62-5326-601A-88D436C7726A
-1.1420592,24.530262,0,761D024F-3C62-5326-601A-88D436C7726A
-0.1192972,25.67078,0,761D024F-3C62-5326-601A-88D436C7726A
0.29464254,25.7897,0,761D024F-3C62-5326-601A-88D436C7726A
0.33714944,25.904652,0,761D024F-3C62-5326-601A-88D436C7726A
1.0425471,25.702494,0,761D024F-3C62-5326-601A-88D436C7726A
-31.651533,-5.049989,0,761D024F-3C62-5326-601A-88D436C7726A
13.797773,2.7071724,2,772BA0E9-AC30-CEA6-AA1B-18A0300702AA
-21.76059,-10.631326,2,772BA0E9-AC30-CEA6-AA1B-18A0300702AA
-21.773737,-11.512512,2,772BA0E9-AC30-CEA6-AA1B-18A0300702AA
-21.995785,-12.00024,2,772BA0E9-AC30-CEA6-AA1B-18A0300702AA
-43.59952,-12.617453,2,772BA0E9-AC30-CEA6-AA1B-18A0300702AA
-43.620613,-12.64429,2,772BA0E9-AC30-CEA6-AA1B-18A0300702AA
36.488823,41.42467,2,772BA0E9-AC30-CEA6-AA1B-18A0300702AA
2.104269,15.925266,2,772BA0E9-AC30-CEA6-AA1B-18A0300702AA
1.9985749,15.991257,2,772BA0E9-AC30-CEA6-AA1B-18A0300702AA
2.9807956,15.7673645,0,772BA0E9-AC30-CEA6-AA1B-18A0300702AA
3.5226305,16.027582,0,772BA0E9-AC30-CEA6-AA1B-18A0300702AA
3.5608783,16.095589,0,772BA0E9-AC30-CEA6-AA1B-18A0300702AA
-32.31474,-14.538662,1,772BA0E9-AC30-CEA6-AA1B-18A0300702AA
-60.03065,4.2838616,1,772BA0E9-AC30-CEA6-AA1B-18A0300702AA
-92.21434,-1.8688617,1,772BA0E9-AC30-CEA6-AA1B-18A0300702AA
-77.0688,-0.9296842,1,772BA0E9-AC30-CEA6-AA1B-18A0300702AA
-65.130035,2.8731377,1,772BA0E9-AC30-CEA6-AA1B-18A0300702AA
-65.276215,2.7548974,1,772BA0E9-AC30-CEA6-AA1B-18A0300702AA
-29.797962,6.9583244,1,772BA0E9-AC30-CEA6-AA1B-18A0300702AA
-25.018099,-38.06132,1,772BA0E9-AC30-CEA6-AA1B-18A0300702AA
-26.112558,-38.015026,1,772BA0E9-AC30-CEA6-AA1B-18A0300702AA
-26.796597,-38.085438,1,772BA0E9-AC30-CEA6-AA1B-18A0300702AA
-26.918242,-38.099483,1,772BA0E9-AC30-CEA6-AA1B-18A0300702AA
-27.420792,-38.108612,1,772BA0E9-AC30-CEA6-AA1B-18A0300702AA
48.387775,-12.534368,2,77F6B31E-B228-3C6D-A66F-E7E6FDED3587
48.20293,-12.416078,2,77F6B31E-B228-3C6D-A66F-E7E6FDED3587
48.65553,-12.694219,2,77F6B31E-B228-3C6D-A66F-E7E6FDED3587
53.241737,-1.4389855,2,77F6B31E-B228-3C6D-A66F-E7E6FDED3587
74.44942,7.352067,2,77F6B31E-B228-3C6D-A66F-E7E6FDED3587
33.28535,-3.7607164,2,77F6B31E-B228-3C6D-A66F-E7E6FDED3587
55.62372,8.11428,2,77F6B31E-B228-3C6D-A66F-E7E6FDED3587
-4.55862,5.2483187,2,77F6B31E-B228-3C6D-A66F-E7E6FDED3587
-4.5387974,5.452278,2,77F6B31E-B228-3C6D-A66F-E7E6FDED3587
-1.6319488,29.277832,2,77F6B31E-B228-3C6D-A66F-E7E6FDED3587
-1.5898098,29.950176,2,77F6B31E-B228-3C6D-A66F-E7E6FDED3587
-1.3768945,30.06609,2,77F6B31E-B228-3C6D-A66F-E7E6FDED3587
-0.6104937,29.966932,2,77F6B31E-B228-3C6D-A66F-E7E6FDED3587
5.1661825,27.613684,2,77F6B31E-B228-3C6D-A66F-E7E6FDED3587
5.1801977,27.601572,2,77F6B31E-B228-3C6D-A66F-E7E6FDED3587
-26.09445,-17.62903,2,77F6B31E-B228-3C6D-A66F-E7E6FDED3587
-17.615076,-20.736689,2,77F6B31E-B228-3C6D-A66F-E7E6FDED3587
-17.564833,-20.79337,2,77F6B31E-B228-3C6D-A66F-E7E6FDED3587
-18.18848,-41.763443,1,77F6B31E-B228-3C6D-A66F-E7E6FDED3587
-8.08156,-52.828327,1,77F6B31E-B228-3C6D-A66F-E7E6FDED3587
-8.027786,-52.75019,1,77F6B31E-B228-3C6D-A66F-E7E6FDED3587
-7.9290657,-52.671986,1,77F6B31E-B228-3C6D-A66F-E7E6FDED3587
22.997778,24.766684,1,77F6B31E-B228-3C6D-A66F-E7E6FDED3587
23.288872,26.418045,1,77F6B31E-B228-3C6D-A66F-E7E6FDED3587
46.129833,-35.068768,2,7B8B31F4-FFC3-7A4E-3EAF-78D5CA8ACB61
45.960316,-35.181805,2,7B8B31F4-FFC3-7A4E-3EAF-78D5CA8ACB61
45.993042,-35.130444,2,7B8B31F4-FFC3-7A4E-3EAF-78D5CA8ACB61
46.817158,-20.70537,2,7B8B31F4-FFC3-7A4E-3EAF-78D5CA8ACB61
46.60145,-20.509111,2,7B8B31F4-FFC3-7A4E-3EAF-78D5CA8ACB61
46.465733,-20.465345,2,7B8B31F4-FFC3-7A4E-3EAF-78D5CA8ACB61
-98.61766,-1.9519343,0,7B8B31F4-FFC3-7A4E-3EAF-78D5CA8ACB61
-60.219147,12.914045,0,7B8B31F4-FFC3-7A4E-3EAF-78D5CA8ACB61
-59.699356,13.073292,0,7B8B31F4-FFC3-7A4E-3EAF-78D5CA8ACB61
-59.461235,13.192009,0,7B8B31F4-FFC3-7A4E-3EAF-78D5CA8ACB61
-35.266293,2.296618,0,7B8B31F4-FFC3-7A4E-3EAF-78D5CA8ACB61
-22.609308,-38.482655,0,7B8B31F4-FFC3-7A4E-3EAF-78D5CA8ACB61
46.60191,-41.83696,2,7DC9729F-BA27-3831-6078-F8508766396A
46.855495,-40.672,2,7DC9729F-BA27-3831-6078-F8508766396A
46.950233,-40.082348,2,7DC9729F-BA27-3831-6078-F8508766396A
46.319984,-40.141117,2,7DC9729F-BA27-3831-6078-F8508766396A
46.72869,-39.58578,2,7DC9729F-BA27-3831-6078-F8508766396A
46.5962,-39.40084,2,7DC9729F-BA27-3831-6078-F8508766396A
16.670221,0.6667624,2,7DC9729F-BA27-3831-6078-F8508766396A
26.4388,-3.929855,2,7DC9729F-BA27-3831-6078-F8508766396A
28.223846,-10.879498,2,7DC9729F-BA27-3831-6078-F8508766396A
27.71409,-11.018477,2,7DC9729F-BA27-3831-6078-F8508766396A
7.857333,-18.267097,2,7DC9729F-BA27-3831-6078-F8508766396A
7.5848956,-18.272175,2,7DC9729F-BA27-3831-6078-F8508766396A
6.152006,-17.247087,2,7DC9729F-BA27-3831-6078-F8508766396A
-1.3789852,-13.583868,0,7DC9729F-BA27-3831-6078-F8508766396A
-2.3092144,-13.713084,0,7DC9729F-BA27-3831-6078-F8508766396A
-2.6765816,-13.521645,0,7DC9729F-BA27-3831-6078-F8508766396A
-2.8228316,-13.398661,0,7DC9729F-BA27-3831-6078-F8508766396A
-3.5014257,-13.131025,0,7DC9729F-BA27-3831-6078-F8508766396A
38.346672,-1.009119,2,7DC9729F-BA27-3831-6078-F8508766396A
66.36425,25.205894,2,7DC9729F-BA27-3831-6078-F8508766396A
65.98022,25.556065,2,7DC9729F-BA27-3831-6078-F8508766396A
69.06628,21.921362,2,7DC9729F-BA27-3831-6078-F8508766396A
68.494156,22.20702,2,7DC9729F-BA27-3831-6078-F8508766396A
65.421555,26.214788,2,7DC9729F-BA27-3831-6078-F8508766396A
15.102405,22.92166,2,7DC9729F-BA27-3831-6078-F8508766396A
15.121525,23.103111,2,7DC9729F-BA27-3831-6078-F8508766396A
16.690483,22.745625,2,7DC9729F-BA27-3831-6078-F8508766396A
16.329836,23.220541,2,7DC9729F-BA27-3831-6078-F8508766396A
16.32474,23.254623,2,7DC9729F-BA27-3831-6078-F8508766396A
18.014063,21.641993,2,7DC9729F-BA27-3831-6078-F8508766396A
18.154186,21.508577,2,7DC9729F-BA27-3831-6078-F8508766396A
40.353657,-16.595245,2,7DC9729F-BA27-3831-6078-F8508766396A
38.031166,-26.253399,2,7DC9729F-BA27-3831-6078-F8508766396A
37.888565,-25.802153,2,7DC9729F-BA27-3831-6078-F8508766396A
38.052525,-25.601828,2,7DC9729F-BA27-3831-6078-F8508766396A
38.119728,-25.457983,2,7DC9729F-BA27-3831-6078-F8508766396A
-22.962626,5.267147,2,7DC9729F-BA27-3831-6078-F8508766396A
-23.2052,5.1392055,2,7DC9729F-BA27-3831-6078-F8508766396A
10.340037,36.829605,2,7DC9729F-BA27-3831-6078-F8508766396A
53.75442,5.4251,0,7FB7C50A-30EA-A991-0C04-7FFA681B8803
54.14787,5.4075456,2,7FB7C50A-30EA-A991-0C04-7FFA681B8803
55.017513,5.290932,2,7FB7C50A-30EA-A991-0C04-7FFA681B8803
77.06633,12.609493,2,7FB7C50A-30EA-A991-0C04-7FFA681B8803
55.900642,9.06852,2,7FB7C50A-30EA-A991-0C04-7FFA681B8803
1.6079999,9.978979,2,7FB7C50A-30EA-A991-0C04-7FFA681B8803
-69.28055,-6.214527,2,7FB7C50A-30EA-A991-0C04-7FFA681B8803
-69.72722,-6.1346283,2,7FB7C50A-30EA-A991-0C04-7FFA681B8803
-70.04435,-6.0318074,2,7FB7C50A-30EA-A991-0C04-7FFA681B8803
-53.42931,11.855107,2,7FB7C50A-30EA-A991-0C04-7FFA681B8803
-53.013622,12.104262,2,7FB7C50A-30EA-A991-0C04-7FFA681B8803
-52.776688,12.159049,0,7FB7C50A-30EA-A991-0C04-7FFA681B8803
-30.6817,14.72841,0,7FB7C50A-30EA-A991-0C04-7FFA681B8803
-26.25785,9.451375,0,7FB7C50A-30EA-A991-0C04-7FFA681B8803
-26.37643,9.448778,0,7FB7C50A-30EA-A991-0C04-7FFA681B8803
-27.412445,10.844238,0,7FB7C50A-30EA-A991-0C04-7FFA681B8803
-27.654375,11.019078,0,7FB7C50A-30EA-A991-0C04-7FFA681B8803
-28.759153,11.361166,0,7FB7C50A-30EA-A991-0C04-7FFA681B8803
49.907303,-33.368042,0,8322EDEF-4C09-318A-1B7E-56D62A6839AD
-3.4184787,-0.32899857,0,8322EDEF-4C09-318A-1B7E-56D62A6839AD
-3.4024065,-0.32818553,0,8322EDEF-4C09-318A-1B7E-56D62A6839AD
21.907078,-3.5287006,0,8322EDEF-4C09-318A-1B7E-56D62A6839AD
21.894701,-3.2225049,2,8322EDEF-4C09-318A-1B7E-56D62A6839AD
41.087204,5.2677565,2,8322EDEF-4C09-318A-1B7E-56D62A6839AD
57.387108,12.245143,1,8322EDEF-4C09-318A-1B7E-56D62A6839AD
-0.07224564,13.03856,1,8322EDEF-4C09-318A-1B7E-56D62A6839AD
-26.721497,21.082806,1,8322EDEF-4C09-318A-1B7E-56D62A6839AD
-26.53333,21.291195,1,8322EDEF-4C09-318A-1B7E-56D62A6839AD
-25.643356,33.405586,1,8322EDEF-4C09-318A-1B7E-56D62A6839AD
-13.756401,32.43125,1,8322EDEF-4C09-318A-1B7E-56D62A6839AD
-4.573197,-15.19453,2,8322EDEF-4C09-318A-1B7E-56D62A6839AD
-4.940215,-15.196277,2,8322EDEF-4C09-318A-1B7E-56D62A6839AD
-33.793785,-16.074043,0,8322EDEF-4C09-318A-1B7E-56D62A6839AD
-33.87875,-16.11349,0,8322EDEF-4C09-318A-1B7E-56D62A6839AD
-48.36285,4.7710557,0,8322EDEF-4C09-318A-1B7E-56D62A6839AD
-48.45297,4.807039,2,8322EDEF-4C09-318A-1B7E-56D62A6839AD
-4.582628,-35.030655,2,8407F9C4-C295-8C95-C281-584AF2118F84
3.489426,-38.464317,2,8407F9C4-C295-8C95-C281-584AF2118F84
3.8808556,-38.641113,2,8407F9C4-C295-8C95-C281-584AF2118F84
3.712968,-38.57308,2,8407F9C4-C295-8C95-C281-584AF2118F84
28.023172,4.4877996,2,8407F9C4-C295-8C95-C281-584AF2118F84
33.26173,12.395185,2,8407F9C4-C295-8C95-C281-584AF2118F84
-22.985184,17.531837,0,8407F9C4-C295-8C95-C281-584AF2118F84
-6.978962,25.436012,0,8407F9C4-C295-8C95-C281-584AF2118F84
-12.207463,33.14242,0,8407F9C4-C295-8C95-C281-584AF2118F84
-11.966115,33.133335,0,8407F9C4-C295-8C95-C281-584AF2118F84
-2.1725135,32.230377,0,8407F9C4-C295-8C95-C281-584AF2118F84
-2.0158386,32.157696,0,8407F9C4-C295-8C95-C281-584AF2118F84
-7.6597853,35.78228,0,8407F9C4-C295-8C95-C281-584AF2118F84
-5.3878074,34.163982,0,8407F9C4-C295-8C95-C281-584AF2118F84
-4.951083,33.883175,0,8407F9C4-C295-8C95-C281-584AF2118F84
-3.632078,32.809486,0,8407F9C4-C295-8C95-C281-584AF2118F84
-30.7007,-9.714333,0,8407F9C4-C295-8C95-C281-584AF2118F84
-30.735249,-10.012755,0,8407F9C4-C295-8C95-C281-584AF2118F84
-54.172356,0.60588014,2,8407F9C4-C295-8C95-C281-584AF2118F84
-54.466705,0.76169217,2,8407F9C4-C295-8C95-C281-584AF2118F84
-92.652534,-5.4251103,2,8407F9C4-C295-8C95-C281-584AF2118F84
-93.9056,-1.4948498,2,8407F9C4-C295-8C95-C281-584AF2118F84
-92.254,-8.503406,2,8407F9C4-C295-8C95-C281-584AF2118F84
-66.45752,1.0058774,2,8407F9C4-C295-8C95-C281-584AF2118F84
20.289429,-4.9661703,0,85748DC9-A6DA-334D-6422-BF69EE06A98C
20.314001,-5.048125,0,85748DC9-A6DA-334D-6422-BF69EE06A98C
-12.095994,3.1893637,0,85748DC9-A6DA-334D-6422-BF69EE06A98C
-12.128243,3.087195,2,85748DC9-A6DA-334D-6422-BF69EE06A98C
-12.238746,2.9268007,2,85748DC9-A6DA-334D-6422-BF69EE06A98C
0.18205786,-1.9089394,2,85748DC9-A6DA-334D-6422-BF69EE06A98C
34.492794,-32.013355,0,85748DC9-A6DA-334D-6422-BF69EE06A98C
34.399525,-31.980024,0,85748DC9-A6DA-334D-6422-BF69EE06A98C
-10.118498,32.972942,0,85748DC9-A6DA-334D-6422-BF69EE06A98C
-9.979526,32.925495,0,85748DC9-A6DA-334D-6422-BF69EE06A98C
-2.7625918,33.445652,0,85748DC9-A6DA-334D-6422-BF69EE06A98C
-30.13981,-7.3001046,0,85748DC9-A6DA-334D-6422-BF69EE06A98C
-24.724874,-21.575586,0,85748DC9-A6DA-334D-6422-BF69EE06A98C
-24.915867,-21.497786,0,85748DC9-A6DA-334D-6422-BF69EE06A98C
-25.49715,-20.452377,1,85748DC9-A6DA-334D-6422-BF69EE06A98C
-25.648382,-20.238922,1,85748DC9-A6DA-334D-6422-BF69EE06A98C
-49.72358,-3.0095015,1,85748DC9-A6DA-334D-6422-BF69EE06A98C
-71.61378,1.9981929,1,85748DC9-A6DA-334D-6422-BF69EE06A98C
-34.591244,13.953236,1,85748DC9-A6DA-334D-6422-BF69EE06A98C
-34.821194,14.116327,1,85748DC9-A6DA-334D-6422-BF69EE06A98C
-34.91215,14.170285,2,85748DC9-A6DA-334D-6422-BF69EE06A98C
-18.486452,27.358307,2,85748DC9-A6DA-334D-6422-BF69EE06A98C
22.987173,26.86692,2,85748DC9-A6DA-334D-6422-BF69EE06A98C
47.313538,25.728655,2,85748DC9-A6DA-334D-6422-BF69EE06A98C
48.060196,-33.511486,0,862DB2BA-55C9-5794-03BC-FBBA3BEE80C7
48.31254,-33.14772,2,862DB2BA-55C9-5794-03BC-FBBA3BEE80C7
48.714226,-32.627956,2,862DB2BA-55C9-5794-03BC-FBBA3BEE80C7
48.768856,-31.843693,2,862DB2BA-55C9-5794-03BC-FBBA3BEE80C7
42.851288,-20.443708,2,862DB2BA-55C9-5794-03BC-FBBA3BEE80C7
42.80211,-20.698114,2,862DB2BA-55C9-5794-03BC-FBBA3BEE80C7
-62.437336,8.285732,0,862DB2BA-55C9-5794-03BC-FBBA3BEE80C7
-35.0658,1.5187984,0,862DB2BA-55C9-5794-03BC-FBBA3BEE80C7
-21.701765,-35.306374,2,862DB2BA-55C9-5794-03BC-FBBA3BEE80C7
1.4424224,-49.477192,2,862DB2BA-55C9-5794-03BC-FBBA3BEE80C7
1.3871856,-49.65337,0,862DB2BA-55C9-5794-03BC-FBBA3BEE80C7
5.084336,-47.4132,0,862DB2BA-55C9-5794-03BC-FBBA3BEE80C7
41.44075,36.676376,0,862DB2BA-55C9-5794-03BC-FBBA3BEE80C7
32.285717,41.209824,0,862DB2BA-55C9-5794-03BC-FBBA3BEE80C7
-26.223324,25.093668,0,862DB2BA-55C9-5794-03BC-FBBA3BEE80C7
-26.27744,25.551126,0,862DB2BA-55C9-5794-03BC-FBBA3BEE80C7
-24.774687,34.977528,0,862DB2BA-55C9-5794-03BC-FBBA3BEE80C7
-24.745174,35.22932,2,862DB2BA-55C9-5794-03BC-FBBA3BEE80C7
7.6159663,-42.887,0,862DB2BA-55C9-5794-03BC-FBBA3BEE80C7
30.329918,21.271292,0,862DB2BA-55C9-5794-03BC-FBBA3BEE80C7
41.81231,18.270798,2,862DB2BA-55C9-5794-03BC-FBBA3BEE80C7
43.65936,21.206465,2,862DB2BA-55C9-5794-03BC-FBBA3BEE80C7
44.16985,20.917002,2,862DB2BA-55C9-5794-03BC-FBBA3BEE80C7
43.936417,21.045454,2,862DB2BA-55C9-5794-03BC-FBBA3BEE80C7
39.990295,37.85676,0,862DB2BA-55C9-5794-03BC-FBBA3BEE80C7
-12.431475,17.570305,0,862DB2BA-55C9-5794-03BC-FBBA3BEE80C7
-27.804771,19.78598,0,862DB2BA-55C9-5794-03BC-FBBA3BEE80C7
64.08976,24.76347,0,8690E8B6-9B41-5F0E-C518-8F2D028C6690
71.5327,21.055029,0,8690E8B6-9B41-5F0E-C518-8F2D028C6690
63.46302,26.727392,0,8690E8B6-9B41-5F0E-C518-8F2D028C6690
63.48963,26.76595,0,8690E8B6-9B41-5F0E-C518-8F2D028C6690
33.66238,39.65966,0,8690E8B6-9B41-5F0E-C518-8F2D028C6690
-25.049791,19.677986,0,8690E8B6-9B41-5F0E-C518-8F2D028C6690
-19.219767,18.773037,2,8690E8B6-9B41-5F0E-C518-8F2D028C6690
-19.326086,18.94973,2,8690E8B6-9B41-5F0E-C518-8F2D028C6690
-9.30896,35.060677,0,8690E8B6-9B41-5F0E-C518-8F2D028C6690
-10.189751,34.566303,0,8690E8B6-9B41-5F0E-C518-8F2D028C6690
-9.530003,34.64501,0,8690E8B6-9B41-5F0E-C518-8F2D028C6690
6.345067,33.943012,0,8690E8B6-9B41-5F0E-C518-8F2D028C6690
39.01398,26.286278,0,8690E8B6-9B41-5F0E-C518-8F2D028C6690
39.207066,26.28514,0,8690E8B6-9B41-5F0E-C518-8F2D028C6690
59.44123,24.80535,0,8690E8B6-9B41-5F0E-C518-8F2D028C6690
64.75667,21.25069,0,8690E8B6-9B41-5F0E-C518-8F2D028C6690
65.05562,21.26063,0,8690E8B6-9B41-5F0E-C518-8F2D028C6690
79.95578,15.264103,0,8690E8B6-9B41-5F0E-C518-8F2D028C6690
-0.7707282,9.325412,0,8690E8B6-9B41-5F0E-C518-8F2D028C6690
-10.464289,13.446614,0,8690E8B6-9B41-5F0E-C518-8F2D028C6690
-10.905721,13.543285,0,8690E8B6-9B41-5F0E-C518-8F2D028C6690
-4.8315096,35.16782,1,8690E8B6-9B41-5F0E-C518-8F2D028C6690
-22.632557,33.202137,0,8690E8B6-9B41-5F0E-C518-8F2D028C6690
-10.838712,31.800673,0,8690E8B6-9B41-5F0E-C518-8F2D028C6690
44.210186,-40.32919,2,874A6B13-C999-C802-1138-FA198591D897
42.6072,-40.561462,2,874A6B13-C999-C802-1138-FA198591D897
41.907486,-40.181816,2,874A6B13-C999-C802-1138-FA198591D897
40.836723,-39.940247,2,874A6B13-C999-C802-1138-FA198591D897
39.895096,-40.20812,2,874A6B13-C999-C802-1138-FA198591D897
-36.8848,16.068573,2,874A6B13-C999-C802-1138-FA198591D897
-20.034933,19.879105,0,874A6B13-C999-C802-1138-FA198591D897
-1.0201548,27.205873,0,874A6B13-C999-C802-1138-FA198591D897
-1.1022644,27.220871,2,874A6B13-C999-C802-1138-FA198591D897
4.9269247,23.565954,2,874A6B13-C999-C802-1138-FA198591D897
20.2141,13.169533,2,874A6B13-C999-C802-1138-FA198591D897
20.125023,13.328102,0,874A6B13-C999-C802-1138-FA198591D897
12.998941,-29.286684,2,8DD09016-F898-915E-4A5C-727F57619D73
13.5398445,-29.1157,2,8DD09016-F898-915E-4A5C-727F57619D73
13.582496,-29.08704,2,8DD09016-F898-915E-4A5C-727F57619D73
13.615257,-29.083395,2,8DD09016-F898-915E-4A5C-727F57619D73
35.407215,-8.302781,2,8DD09016-F898-915E-4A5C-727F57619D73
53.08246,0.20122688,2,8DD09016-F898-915E-4A5C-727F57619D73
-88.55988,-0.80656725,0,8DD09016-F898-915E-4A5C-727F57619D73
-64.37902,8.302719,0,8DD09016-F898-915E-4A5C-727F57619D73
-33.061077,5.0535364,0,8DD09016-F898-915E-4A5C-727F57619D73
-23.440283,2.4036498,0,8DD09016-F898-915E-4A5C-727F57619D73
-22.811861,2.652055,2,8DD09016-F898-915E-4A5C-727F57619D73
-22.775316,2.6976354,2,8DD09016-F898-915E-4A5C-727F57619D73
-48.33516,-15.163162,2,8DD09016-F898-915E-4A5C-727F57619D73
-58.660965,-0.8233561,2,8DD09016-F898-915E-4A5C-727F57619D73
-76.80621,-8.357845,2,8DD09016-F898-915E-4A5C-727F57619D73
-84.84287,-3.6098459,2,8DD09016-F898-915E-4A5C-727F57619D73
-89.42283,-3.821083,2,8DD09016-F898-915E-4A5C-727F57619D73
-73.62575,1.5603737,2,8DD09016-F898-915E-4A5C-727F57619D73
-60.772884,6.7599506,2,8DD09016-F898-915E-4A5C-727F57619D73
-56.152325,12.222812,2,8DD09016-F898-915E-4A5C-727F57619D73
-24.334705,-0.76272595,2,8DD09016-F898-915E-4A5C-727F57619D73
-5.8542743,-39.9491,2,8DD09016-F898-915E-4A5C-727F57619D73
-5.066871,-39.92976,2,8DD09016-F898-915E-4A5C-727F57619D73
-4.8144193,-40.050575,2,8DD09016-F898-915E-4A5C-727F57619D73
-8.674081,-41.192535,2,8DD09016-F898-915E-4A5C-727F57619D73
-18.028486,-44.25875,2,8DD09016-F898-915E-4A5C-727F57619D73
-18.088598,-44.3276,2,8DD09016-F898-915E-4A5C-727F57619D73
28.476456,17.573227,2,8DD09016-F898-915E-4A5C-727F57619D73
42.165634,30.47901,2,8DD09016-F898-915E-4A5C-727F57619D73
42.16703,30.52273,2,8DD09016-F898-915E-4A5C-727F57619D73
-2.7810836,24.11029,0,8DD09016-F898-915E-4A5C-727F57619D73
-3.733126,24.036299,2,8DD09016-F898-915E-4A5C-727F57619D73
-3.1705446,24.057281,2,8DD09016-F898-915E-4A5C-727F57619D73
53.086105,-26.936996,2,9268F759-54B0-96CC-C0F5-9D8DBAA12073
53.038216,-26.995054,2,9268F759-54B0-96CC-C0F5-9D8DBAA12073
44.531933,-28.131397,2,9268F759-54B0-96CC-C0F5-9D8DBAA12073
44.267296,-28.057083,2,9268F759-54B0-96CC-C0F5-9D8DBAA12073
43.989162,-27.883205,2,9268F759-54B0-96CC-C0F5-9D8DBAA12073
43.533695,-27.197153,2,9268F759-54B0-96CC-C0F5-9D8DBAA12073
30.614237,-27.946678,2,9268F759-54B0-96CC-C0F5-9D8DBAA12073
30.578869,-27.918598,2,9268F759-54B0-96CC-C0F5-9D8DBAA12073
23.654747,4.6451902,2,9268F759-54B0-96CC-C0F5-9D8DBAA12073
23.11459,4.722785,2,9268F759-54B0-96CC-C0F5-9D8DBAA12073
23.079102,4.790372,2,9268F759-54B0-96CC-C0F5-9D8DBAA12073
6.06035,-9.688962,2,9268F759-54B0-96CC-C0F5-9D8DBAA12073
-9.806117,-7.7225857,2,9268F759-54B0-96CC-C0F5-9D8DBAA12073
-9.826554,-7.3627715,2,9268F759-54B0-96CC-C0F5-9D8DBAA12073
-9.7650585,-6.9128165,2,9268F759-54B0-96CC-C0F5-9D8DBAA12073
6.156105,-5.0190463,2,9268F759-54B0-96CC-C0F5-9D8DBAA12073
6.179492,-4.8691325,2,9268F759-54B0-96CC-C0F5-9D8DBAA12073
6.1537933,-4.6628613,2,9268F759-54B0-96CC-C0F5-9D8DBAA12073
19.937847,-10.794342,1,9268F759-54B0-96CC-C0F5-9D8DBAA12073
20.017235,-10.81408,1,9268F759-54B0-96CC-C0F5-9D8DBAA12073
37.113693,-2.0510287,1,9268F759-54B0-96CC-C0F5-9D8DBAA12073
32.33971,44.659832,0,94AA1B20-A5D9-F2B4-FD96-2F20A00FAE89
-32.773243,20.534533,0,94AA1B20-A5D9-F2B4-FD96-2F20A00FAE89
-36.488354,21.913118,0,94AA1B20-A5D9-F2B4-FD96-2F20A00FAE89
-9.83807,44.841904,2,94AA1B20-A5D9-F2B4-FD96-2F20A00FAE89
-9.936124,44.650013,2,94AA1B20-A5D9-F2B4-FD96-2F20A00FAE89
-9.217682,45.05919,2,94AA1B20-A5D9-F2B4-FD96-2F20A00FAE89
-66.6923,6.160847,0,94AA1B20-A5D9-F2B4-FD96-2F20A00FAE89
-36.51231,6.31606,0,94AA1B20-A5D9-F2B4-FD96-2F20A00FAE89
-18.400291,-33.110264,0,94AA1B20-A5D9-F2B4-FD96-2F20A00FAE89
-17.973421,-33.143284,2,94AA1B20-A5D9-F2B4-FD96-2F20A00FAE89
2.3499203,-40.94081,2,94AA1B20-A5D9-F2B4-FD96-2F20A00FAE89
2.4937994,-41.0194,2,94AA1B20-A5D9-F2B4-FD96-2F20A00FAE89
48.861824,-30.479752,2,96B78431-4166-E4D3-2AA2-15BE2512E1D6
48.305714,-30.35831,2,96B78431-4166-E4D3-2AA2-15BE2512E1D6
46.454678,-29.925337,2,96B78431-4166-E4D3-2AA2-15BE2512E1D6
46.80271,-30.151234,2,96B78431-4166-E4D3-2AA2-15BE2512E1D6
47.22808,-30.33799,2,96B78431-4166-E4D3-2AA2-15BE2512E1D6
51.761242,-37.739105,2,96B78431-4166-E4D3-2AA2-15BE2512E1D6
-71.77534,-11.011487,0,96B78431-4166-E4D3-2AA2-15BE2512E1D6
-84.460884,-5.750815,0,96B78431-4166-E4D3-2AA2-15BE2512E1D6
-87.91989,-5.1826615,0,96B78431-4166-E4D3-2AA2-15BE2512E1D6
-87.83987,-4.9884744,1,96B78431-4166-E4D3-2AA2-15BE2512E1D6
-83.892784,-3.406559,1,96B78431-4166-E4D3-2AA2-15BE2512E1D6
-64.77969,10.441201,1,96B78431-4166-E4D3-2AA2-15BE2512E1D6
-10.524408,30.514086,1,96B78431-4166-E4D3-2AA2-15BE2512E1D6
-19.411901,32.427856,1,96B78431-4166-E4D3-2AA2-15BE2512E1D6
-18.992886,32.40726,2,96B78431-4166-E4D3-2AA2-15BE2512E1D6
-18.484848,32.2651,2,96B78431-4166-E4D3-2AA2-15BE2512E1D6
-4.564785,31.365969,2,96B78431-4166-E4D3-2AA2-15BE2512E1D6
-4.1128774,31.566467,2,96B78431-4166-E4D3-2AA2-15BE2512E1D6
-22.77153,-38.17316,1,96B78431-4166-E4D3-2AA2-15BE2512E1D6
-23.76967,-38.21651,1,96B78431-4166-E4D3-2AA2-15BE2512E1D6
-12.852195,-35.373592,2,96B78431-4166-E4D3-2AA2-15BE2512E1D6
-12.675685,-35.415802,2,96B78431-4166-E4D3-2AA2-15BE2512E1D6
-12.32702,-35.50813,2,96B78431-4166-E4D3-2AA2-15BE2512E1D6
10.237403,36.306927,2,96B78431-4166-E4D3-2AA2-15BE2512E1D6
48.811665,-38.071693,2,99827717-1B21-7ECC-CAD1-99489F7E19EA
49.408062,-39.704758,2,99827717-1B21-7ECC-CAD1-99489F7E19EA
49.58204,-40.143936,2,99827717-1B21-7ECC-CAD1-99489F7E19EA
49.78477,-40.312794,2,99827717-1B21-7ECC-CAD1-99489F7E19EA
49.971287,-40.336033,2,99827717-1B21-7ECC-CAD1-99489F7E19EA
50.884525,-40.20648,2,99827717-1B21-7ECC-CAD1-99489F7E19EA
55.50353,-36.668064,2,99827717-1B21-7ECC-CAD1-99489F7E19EA
56.58326,-35.65824,2,99827717-1B21-7ECC-CAD1-99489F7E19EA
56.993362,-35.84875,2,99827717-1B21-7ECC-CAD1-99489F7E19EA
57.282917,-35.757168,2,99827717-1B21-7ECC-CAD1-99489F7E19EA
30.04868,-15.768952,2,99827717-1B21-7ECC-CAD1-99489F7E19EA
30.03903,-15.852597,2,99827717-1B21-7ECC-CAD1-99489F7E19EA
-97.455185,0.70793205,1,99827717-1B21-7ECC-CAD1-99489F7E19EA
-82.70193,-1.5530514,1,99827717-1B21-7ECC-CAD1-99489F7E19EA
-82.416145,-1.4541382,1,99827717-1B21-7ECC-CAD1-99489F7E19EA
-66.95875,6.6734424,1,99827717-1B21-7ECC-CAD1-99489F7E19EA
-35.217037,3.2951453,1,99827717-1B21-7ECC-CAD1-99489F7E19EA
-19.518034,-37.92107,1,99827717-1B21-7ECC-CAD1-99489F7E19EA
61.842403,24.859823,1,99827717-1B21-7ECC-CAD1-99489F7E19EA
62.03786,24.676989,1,99827717-1B21-7ECC-CAD1-99489F7E19EA
73.43827,18.547066,1,99827717-1B21-7ECC-CAD1-99489F7E19EA
37.710545,39.827484,0,99827717-1B21-7ECC-CAD1-99489F7E19EA
-10.100232,17.391302,0,99827717-1B21-7ECC-CAD1-99489F7E19EA
-7.733928,25.480255,0,99827717-1B21-7ECC-CAD1-99489F7E19EA
-3.7137458,-46.78152,1,99827717-1B21-7ECC-CAD1-99489F7E19EA
-2.4670544,-46.586422,1,99827717-1B21-7ECC-CAD1-99489F7E19EA
-1.5931847,-46.466343,1,99827717-1B21-7ECC-CAD1-99489F7E19EA
1.9431214,-44.680473,1,99827717-1B21-7ECC-CAD1-99489F7E19EA
31.132208,19.739534,1,99827717-1B21-7ECC-CAD1-99489F7E19EA
41.65548,17.853296,1,99827717-1B21-7ECC-CAD1-99489F7E19EA
3.9958084,38.154343,1,99827717-1B21-7ECC-CAD1-99489F7E19EA
-36.38509,-9.051898,1,99827717-1B21-7ECC-CAD1-99489F7E19EA
-36.454983,-9.233363,1,99827717-1B21-7ECC-CAD1-99489F7E19EA
-7.361035,0.2553499,0,99C0C5AE-01AD-1BB2-A36B-74B166CB26BA
-10.692326,1.8375404,0,99C0C5AE-01AD-1BB2-A36B-74B166CB26BA
-7.317479,0.1621322,0,99C0C5AE-01AD-1BB2-A36B-74B166CB26BA
-0.82352656,-0.43538073,0,99C0C5AE-01AD-1BB2-A36B-74B166CB26BA
-0.52575266,-0.30779862,0,99C0C5AE-01AD-1BB2-A36B-74B166CB26BA
13.2833,3.7627077,0,99C0C5AE-01AD-1BB2-A36B-74B166CB26BA
-49.04451,9.359654,0,99C0C5AE-01AD-1BB2-A36B-74B166CB26BA
-38.063595,8.503401,0,99C0C5AE-01AD-1BB2-A36B-74B166CB26BA
-37.884796,8.508858,0,99C0C5AE-01AD-1BB2-A36B-74B166CB26BA
-23.405478,-0.52515334,0,99C0C5AE-01AD-1BB2-A36B-74B166CB26BA
-7.478213,-41.39801,0,99C0C5AE-01AD-1BB2-A36B-74B166CB26BA
3.4106953,-42.024532,0,99C0C5AE-01AD-1BB2-A36B-74B166CB26BA
4.4264326,22.191145,0,99C0C5AE-01AD-1BB2-A36B-74B166CB26BA
21.32088,8.963292,2,99C0C5AE-01AD-1BB2-A36B-74B166CB26BA
21.474623,9.068943,2,99C0C5AE-01AD-1BB2-A36B-74B166CB26BA
22.289991,9.532409,2,99C0C5AE-01AD-1BB2-A36B-74B166CB26BA
23.073334,9.665301,2,99C0C5AE-01AD-1BB2-A36B-74B166CB26BA
22.146793,9.84911,2,99C0C5AE-01AD-1BB2-A36B-74B166CB26BA
0.32348573,-42.462772,2,9A80CFF4-085D-6435-BA08-18E6496A8381
8.460978,-46.82603,0,9A80CFF4-085D-6435-BA08-18E6496A8381
15.220641,33.033855,0,9A80CFF4-085D-6435-BA08-18E6496A8381
43.621483,27.825207,2,9A80CFF4-085D-6435-BA08-18E6496A8381
56.940903,26.622908,2,9A80CFF4-085D-6435-BA08-18E6496A8381
71.19173,22.061974,2,9A80CFF4-085D-6435-BA08-18E6496A8381
-22.912455,-35.916016,0,9A80CFF4-085D-6435-BA08-18E6496A8381
-14.241032,-44.239857,0,9A80CFF4-085D-6435-BA08-18E6496A8381
-6.917241,-49.361763,0,9A80CFF4-085D-6435-BA08-18E6496A8381
-7.706917,-49.5416,0,9A80CFF4-085D-6435-BA08-18E6496A8381
-7.808324,-49.662384,0,9A80CFF4-085D-6435-BA08-18E6496A8381
30.496674,17.525263,2,9A80CFF4-085D-6435-BA08-18E6496A8381
35.36544,18.949398,2,9A80CFF4-085D-6435-BA08-18E6496A8381
39.692524,24.789646,2,9A80CFF4-085D-6435-BA08-18E6496A8381
53.61735,22.889353,2,9A80CFF4-085D-6435-BA08-18E6496A8381
56.92684,-33.82578,2,9C694EBE-9421-F45A-ED92-F521991A6A52
57.135452,-33.56302,2,9C694EBE-9421-F45A-ED92-F521991A6A52
57.629463,-32.16029,2,9C694EBE-9421-F45A-ED92-F521991A6A52
57.71662,-31.724798,2,9C694EBE-9421-F45A-ED92-F521991A6A52
29.777313,-13.929959,2,9C694EBE-9421-F45A-ED92-F521991A6A52
29.748737,-13.939617,2,9C694EBE-9421-F45A-ED92-F521991A6A52
49.651527,8.592507,2,9C694EBE-9421-F45A-ED92-F521991A6A52
50.32207,8.969648,2,9C694EBE-9421-F45A-ED92-F521991A6A52
50.50712,9.053034,2,9C694EBE-9421-F45A-ED92-F521991A6A52
51.19608,9.24953,2,9C694EBE-9421-F45A-ED92-F521991A6A52
75.932625,7.834001,2,9C694EBE-9421-F45A-ED92-F521991A6A52
75.93425,7.8196588,2,9C694EBE-9421-F45A-ED92-F521991A6A52
78.74379,10.83751,2,9C694EBE-9421-F45A-ED92-F521991A6A52
36.00277,-2.737918,2,9C694EBE-9421-F45A-ED92-F521991A6A52
-2.8836915,7.9943185,2,9C694EBE-9421-F45A-ED92-F521991A6A52
-3.1207256,7.926386,2,9C694EBE-9421-F45A-ED92-F521991A6A52
22.289822,12.906179,0,9C694EBE-9421-F45A-ED92-F521991A6A52
4.899711,29.940393,0,9C694EBE-9421-F45A-ED92-F521991A6A52
4.8912005,29.794003,1,9C694EBE-9421-F45A-ED92-F521991A6A52
17.436775,-15.443224,1,9C694EBE-9421-F45A-ED92-F521991A6A52
19.048584,-19.085194,2,9C694EBE-9421-F45A-ED92-F521991A6A52
18.553625,-18.882307,2,9C694EBE-9421-F45A-ED92-F521991A6A52
1.2666398,-26.43675,2,9C694EBE-9421-F45A-ED92-F521991A6A52
1.1217589,-26.381035,2,9C694EBE-9421-F45A-ED92-F521991A6A52
-3.5618334,-35.79113,2,9E6EBCE2-44FB-8F07-4135-E91140B34096
-2.0357165,-35.827866,2,9E6EBCE2-44FB-8F07-4135-E91140B34096
-1.9938602,-36.185905,2,9E6EBCE2-44FB-8F07-4135-E91140B34096
-2.3219066,-36.98717,2,9E6EBCE2-44FB-8F07-4135-E91140B34096
27.770346,3.0581772,2,9E6EBCE2-44FB-8F07-4135-E91140B34096
46.521744,11.421129,2,9E6EBCE2-44FB-8F07-4135-E91140B34096
46.719357,11.216718,2,9E6EBCE2-44FB-8F07-4135-E91140B34096
68.5087,13.195925,2,9E6EBCE2-44FB-8F07-4135-E91140B34096
69.3621,12.71264,2,9E6EBCE2-44FB-8F07-4135-E91140B34096
68.437004,13.225086,2,9E6EBCE2-44FB-8F07-4135-E91140B34096
32.34922,44.177162,2,9E6EBCE2-44FB-8F07-4135-E91140B34096
-12.84746,2.0780332,2,9E6EBCE2-44FB-8F07-4135-E91140B34096
-74.74184,1.7711264,2,9E6EBCE2-44FB-8F07-4135-E91140B34096
-49.769623,11.300504,2,9E6EBCE2-44FB-8F07-4135-E91140B34096
-37.800514,3.2466128,2,9E6EBCE2-44FB-8F07-4135-E91140B34096
-26.54119,6.740203,2,9E6EBCE2-44FB-8F07-4135-E91140B34096
-26.345137,6.7549267,2,9E6EBCE2-44FB-8F07-4135-E91140B34096
-26.221004,6.7267504,0,9E6EBCE2-44FB-8F07-4135-E91140B34096
-1.986231,36.140682,2,9E6EBCE2-44FB-8F07-4135-E91140B34096
1.5331099,21.157106,2,9E6EBCE2-44FB-8F07-4135-E91140B34096
1.4566748,21.23403,0,9E6EBCE2-44FB-8F07-4135-E91140B34096
-15.88503,-18.473001,0,9E6EBCE2-44FB-8F07-4135-E91140B34096
-12.368934,-20.1874,0,9E6EBCE2-44FB-8F07-4135-E91140B34096
-12.061159,-20.163462,1,9E6EBCE2-44FB-8F07-4135-E91140B34096
-41.94106,-18.871254,0,9E6EBCE2-44FB-8F07-4135-E91140B34096
-59.392403,-1.3480847,0,9E6EBCE2-44FB-8F07-4135-E91140B34096
-77.03437,-10.368663,0,9E6EBCE2-44FB-8F07-4135-E91140B34096
-86.40203,-0.6497243,0,9E6EBCE2-44FB-8F07-4135-E91140B34096
-94.01859,0.15014003,0,9E6EBCE2-44FB-8F07-4135-E91140B34096
-90.948006,0.07690678,0,9E6EBCE2-44FB-8F07-4135-E91140B34096
-6.702611,35.32753,2,9E6EBCE2-44FB-8F07-4135-E91140B34096
-6.5477514,35.225372,2,9E6EBCE2-44FB-8F07-4135-E91140B34096
-3.7686205,34.488323,2,9E6EBCE2-44FB-8F07-4135-E91140B34096
43.090218,14.026108,2,A135AF2A-692D-9C83-AB54-34F977E4D14D
43.723557,13.805999,2,A135AF2A-692D-9C83-AB54-34F977E4D14D
44.02907,13.714015,2,A135AF2A-692D-9C83-AB54-34F977E4D14D
43.93929,13.729099,2,A135AF2A-692D-9C83-AB54-34F977E4D14D
52.982872,11.34745,0,A135AF2A-692D-9C83-AB54-34F977E4D14D
31.461027,43.504208,0,A135AF2A-692D-9C83-AB54-34F977E4D14D
-35.074745,21.436102,0,A135AF2A-692D-9C83-AB54-34F977E4D14D
-35.51116,21.503372,0,A135AF2A-692D-9C83-AB54-34F977E4D14D
17.963583,-0.73587906,2,A135AF2A-692D-9C83-AB54-34F977E4D14D
18.161934,-0.80163217,2,A135AF2A-692D-9C83-AB54-34F977E4D14D
36.67858,-8.601222,2,A135AF2A-692D-9C83-AB54-34F977E4D14D
36.715137,-8.941928,2,A135AF2A-692D-9C83-AB54-34F977E4D14D
-68.18553,0.123845965,0,A135AF2A-692D-9C83-AB54-34F977E4D14D
-67.77633,0.5655525,0,A135AF2A-692D-9C83-AB54-34F977E4D14D
-67.48486,1.1329598,2,A135AF2A-692D-9C83-AB54-34F977E4D14D
-36.218586,0.59818894,2,A135AF2A-692D-9C83-AB54-34F977E4D14D
-22.558851,-34.613556,2,A135AF2A-692D-9C83-AB54-34F977E4D14D
-5.8204045,-50.145996,2,A135AF2A-692D-9C83-AB54-34F977E4D14D
68.17917,26.095413,2,A135AF2A-692D-9C83-AB54-34F977E4D14D
67.83924,26.363844,2,A135AF2A-692D-9C83-AB54-34F977E4D14D
66.91866,27.543926,0,A135AF2A-692D-9C83-AB54-34F977E4D14D
36.920643,41.024677,0,A135AF2A-692D-9C83-AB54-34F977E4D14D
-32.946205,25.683044,0,A135AF2A-692D-9C83-AB54-34F977E4D14D
-33.11107,25.58942,0,A135AF2A-692D-9C83-AB54-34F977E4D14D
0.5372445,-42.719032,2,A135AF2A-692D-9C83-AB54-34F977E4D14D
24.33242,20.832256,2,A135AF2A-692D-9C83-AB54-34F977E4D14D
33.56181,20.323008,2,A135AF2A-692D-9C83-AB54-34F977E4D14D
50.051037,27.76419,2,A135AF2A-692D-9C83-AB54-34F977E4D14D
50.16544,27.675034,2,A135AF2A-692D-9C83-AB54-34F977E4D14D
50.53169,27.317558,2,A135AF2A-692D-9C83-AB54-34F977E4D14D
35.98363,5.6942134,1,A43E8D46-F136-DB41-3E16-F9F161DBA1D6
58.51293,31.149025,1,A43E8D46-F136-DB41-3E16-F9F161DBA1D6
58.54561,31.144808,2,A43E8D46-F136-DB41-3E16-F9F161DBA1D6
71.88571,13.476342,2,A43E8D46-F136-DB41-3E16-F9F161DBA1D6
72.43968,13.086526,2,A43E8D46-F136-DB41-3E16-F9F161DBA1D6
33.836586,-3.3201187,2,A43E8D46-F136-DB41-3E16-F9F161DBA1D6
-6.005391,1.4701959,2,A43E8D46-F136-DB41-3E16-F9F161DBA1D6
-6.5312457,1.2356744,2,A43E8D46-F136-DB41-3E16-F9F161DBA1D6
8.341918,2.949333,0,A43E8D46-F136-DB41-3E16-F9F161DBA1D6
11.70363,0.32077372,0,A43E8D46-F136-DB41-3E16-F9F161DBA1D6
10.557727,0.94188446,0,A43E8D46-F136-DB41-3E16-F9F161DBA1D6
10.523667,0.883128,0,A43E8D46-F136-DB41-3E16-F9F161DBA1D6
11.138087,0.23508318,1,A43E8D46-F136-DB41-3E16-F9F161DBA1D6
11.042164,0.12103293,1,A43E8D46-F136-DB41-3E16-F9F161DBA1D6
10.29628,-0.24907063,1,A43E8D46-F136-DB41-3E16-F9F161DBA1D6
-24.218563,-7.92068,1,A43E8D46-F136-DB41-3E16-F9F161DBA1D6
-23.907219,-8.298937,1,A43E8D46-F136-DB41-3E16-F9F161DBA1D6
-23.32552,-9.293578,0,A43E8D46-F136-DB41-3E16-F9F161DBA1D6
19.588337,17.832285,0,A7C426E7-344F-99F4-6E35-453AF3AD9C2C
-36.678303,-4.7317486,0,A7C426E7-344F-99F4-6E35-453AF3AD9C2C
-37.387577,-4.099435,0,A7C426E7-344F-99F4-6E35-453AF3AD9C2C
-37.87827,-3.7471306,0,A7C426E7-344F-99F4-6E35-453AF3AD9C2C
-38.432064,-3.3815627,0,A7C426E7-344F-99F4-6E35-453AF3AD9C2C
-38.54765,-3.2991233,2,A7C426E7-344F-99F4-6E35-453AF3AD9C2C
42.736275,18.040367,0,A7C426E7-344F-99F4-6E35-453AF3AD9C2C
42.977238,18.046577,0,A7C426E7-344F-99F4-6E35-453AF3AD9C2C
56.574932,14.298564,0,A7C426E7-344F-99F4-6E35-453AF3AD9C2C
56.697323,14.247831,0,A7C426E7-344F-99F4-6E35-453AF3AD9C2C
44.23102,17.969164,1,A7C426E7-344F-99F4-6E35-453AF3AD9C2C
-26.36168,24.468775,1,A7C426E7-344F-99F4-6E35-453AF3AD9C2C
-44.560226,17.21752,0,A7C426E7-344F-99F4-6E35-453AF3AD9C2C
-44.68974,17.407433,0,A7C426E7-344F-99F4-6E35-453AF3AD9C2C
-44.704994,17.696852,0,A7C426E7-344F-99F4-6E35-453AF3AD9C2C
-16.541039,41.26254,0,A7C426E7-344F-99F4-6E35-453AF3AD9C2C
40.13858,23.393747,0,A7C426E7-344F-99F4-6E35-453AF3AD9C2C
42.794003,22.855684,0,A7C426E7-344F-99F4-6E35-453AF3AD9C2C
35.40665,5.33123,2,AB9921A8-F143-E101-6A47-E66882F571B2
73.46248,11.8658695,2,AB9921A8-F143-E101-6A47-E66882F571B2
73.62867,11.516709,2,AB9921A8-F143-E101-6A47-E66882F571B2
73.36538,11.082569,2,AB9921A8-F143-E101-6A47-E66882F571B2
73.10663,11.209747,2,AB9921A8-F143-E101-6A47-E66882F571B2
36.18332,44.019066,0,AB9921A8-F143-E101-6A47-E66882F571B2
-84.67374,-9.358267,0,AB9921A8-F143-E101-6A47-E66882F571B2
-89.12579,-7.7326183,0,AB9921A8-F143-E101-6A47-E66882F571B2
-88.041695,-6.906237,0,AB9921A8-F143-E101-6A47-E66882F571B2
-70.675415,-0.055589575,1,AB9921A8-F143-E101-6A47-E66882F571B2
-62.907715,5.9932094,1,AB9921A8-F143-E101-6A47-E66882F571B2
-62.461727,6.13275,1,AB9921A8-F143-E101-6A47-E66882F571B2
38.70077,38.236958,0,AB9921A8-F143-E101-6A47-E66882F571B2
10.832237,13.883997,0,AB9921A8-F143-E101-6A47-E66882F571B2
10.641978,14.148588,0,AB9921A8-F143-E101-6A47-E66882F571B2
7.149349,15.735714,0,AB9921A8-F143-E101-6A47-E66882F571B2
7.1976876,15.702768,2,AB9921A8-F143-E101-6A47-E66882F571B2
17.820051,-17.290972,2,AB9921A8-F143-E101-6A47-E66882F571B2
-34.81332,-14.002867,2,AB9921A8-F143-E101-6A47-E66882F571B2
-34.879684,-13.956935,2,AB9921A8-F143-E101-6A47-E66882F571B2
-76.199196,-7.2858143,0,AB9921A8-F143-E101-6A47-E66882F571B2
-92.91234,-4.258678,0,AB9921A8-F143-E101-6A47-E66882F571B2
-92.38727,-0.23393664,0,AB9921A8-F143-E101-6A47-E66882F571B2
-92.93653,-0.28347072,0,AB9921A8-F143-E101-6A47-E66882F571B2
62.793636,20.561129,0,AB9921A8-F143-E101-6A47-E66882F571B2
-2.958516,13.434686,1,AB9921A8-F143-E101-6A47-E66882F571B2
-27.722855,27.786024,1,AB9921A8-F143-E101-6A47-E66882F571B2
-27.370123,28.801422,1,AB9921A8-F143-E101-6A47-E66882F571B2
-27.083212,29.266197,1,AB9921A8-F143-E101-6A47-E66882F571B2
3.7907526,30.022913,2,AB9921A8-F143-E101-6A47-E66882F571B2
-23.939432,19.55352,2,B06410CC-D778-33B2-B1FD-A828EE4AF413
-37.95382,28.217669,2,B06410CC-D778-33B2-B1FD-A828EE4AF413
-37.916336,28.238232,2,B06410CC-D778-33B2-B1FD-A828EE4AF413
-6.0171294,28.367975,2,B06410CC-D778-33B2-B1FD-A828EE4AF413
-7.294123,49.549404,2,B06410CC-D778-33B2-B1FD-A828EE4AF413
-7.283752,49.551258,0,B06410CC-D778-33B2-B1FD-A828EE4AF413
-28.1753,-24.767328,0,B06410CC-D778-33B2-B1FD-A828EE4AF413
-28.444468,-24.456268,0,B06410CC-D778-33B2-B1FD-A828EE4AF413
-28.51827,-24.348627,0,B06410CC-D778-33B2-B1FD-A828EE4AF413
-28.621307,-24.14945,0,B06410CC-D778-33B2-B1FD-A828EE4AF413
-49.190083,-0.7934571,0,B06410CC-D778-33B2-B1FD-A828EE4AF413
-75.23396,-5.8727846,0,B06410CC-D778-33B2-B1FD-A828EE4AF413
38.199005,14.954292,0,B06410CC-D778-33B2-B1FD-A828EE4AF413
38.46664,14.728981,0,B06410CC-D778-33B2-B1FD-A828EE4AF413
38.819458,14.352472,0,B06410CC-D778-33B2-B1FD-A828EE4AF413
11.259387,11.954278,1,B06410CC-D778-33B2-B1FD-A828EE4AF413
-1.1912278,8.829757,1,B06410CC-D778-33B2-B1FD-A828EE4AF413
-1.6783001,8.628219,1,B06410CC-D778-33B2-B1FD-A828EE4AF413
67.365685,10.399528,0,B0AAFE06-91C2-2C6D-4547-7508BB719E45
67.81852,10.4646435,2,B0AAFE06-91C2-2C6D-4547-7508BB719E45
69.21405,10.457546,2,B0AAFE06-91C2-2C6D-4547-7508BB719E45
69.198265,10.42809,2,B0AAFE06-91C2-2C6D-4547-7508BB719E45
38.080906,37.535316,0,B0AAFE06-91C2-2C6D-4547-7508BB719E45
-14.7642975,15.47778,0,B0AAFE06-91C2-2C6D-4547-7508BB719E45
38.301647,32.88554,2,B0AAFE06-91C2-2C6D-4547-7508BB719E45
38.42819,33.10089,2,B0AAFE06-91C2-2C6D-4547-7508BB719E45
38.529785,33.507565,2,B0AAFE06-91C2-2C6D-4547-7508BB719E45
38.829617,34.947105,0,B0AAFE06-91C2-2C6D-4547-7508BB719E45
27.392706,39.637684,0,B0AAFE06-91C2-2C6D-4547-7508BB719E45
-31.263578,23.61977,0,B0AAFE06-91C2-2C6D-4547-7508BB719E45
-10.366654,-38.217033,0,B0AAFE06-91C2-2C6D-4547-7508BB719E45
32.90074,17.328894,0,B0AAFE06-91C2-2C6D-4547-7508BB719E45
43.37345,2.5895429,0,B0AAFE06-91C2-2C6D-4547-7508BB719E45
44.508156,2.1657205,2,B0AAFE06-91C2-2C6D-4547-7508BB719E45
44.181213,2.0222914,2,B0AAFE06-91C2-2C6D-4547-7508BB719E45
44.175533,1.9439714,2,B0AAFE06-91C2-2C6D-4547-7508BB719E45
-49.544724,0.2997004,0,B0AAFE06-91C2-2C6D-4547-7508BB719E45
-93.136475,-6.438235,0,B0AAFE06-91C2-2C6D-4547-7508BB719E45
-85.54707,-1.4996638,0,B0AAFE06-91C2-2C6D-4547-7508BB719E45
-72.91174,3.127893,0,B0AAFE06-91C2-2C6D-4547-7508BB719E45
-62.99174,9.481139,0,B0AAFE06-91C2-2C6D-4547-7508BB719E45
-62.88477,9.567661,0,B0AAFE06-91C2-2C6D-4547-7508BB719E45
-55.74907,0.7239532,1,B17DF37B-207D-A052-4D45-F862B3BF4C4C
-56.19057,0.8159643,1,B17DF37B-207D-A052-4D45-F862B3BF4C4C
-79.934845,-11.714612,1,B17DF37B-207D-A052-4D45-F862B3BF4C4C
-80.49983,-11.919391,1,B17DF37B-207D-A052-4D45-F862B3BF4C4C
-69.90306,1.9052047,1,B17DF37B-207D-A052-4D45-F862B3BF4C4C
-69.95011,1.7939792,1,B17DF37B-207D-A052-4D45-F862B3BF4C4C
58.96379,22.554058,1,B17DF37B-207D-A052-4D45-F862B3BF4C4C
38.31112,39.131126,2,B17DF37B-207D-A052-4D45-F862B3BF4C4C
-7.1523557,13.437763,2,B17DF37B-207D-A052-4D45-F862B3BF4C4C
-27.17036,22.642796,2,B17DF37B-207D-A052-4D45-F862B3BF4C4C
-9.564584,29.524427,2,B17DF37B-207D-A052-4D45-F862B3BF4C4C
-2.4877253,23.243393,2,B17DF37B-207D-A052-4D45-F862B3BF4C4C
16.599014,-15.179352,2,B17DF37B-207D-A052-4D45-F862B3BF4C4C
19.743353,-20.475973,2,B17DF37B-207D-A052-4D45-F862B3BF4C4C
19.360523,-20.74732,2,B17DF37B-207D-A052-4D45-F862B3BF4C4C
19.099915,-21.05727,2,B17DF37B-207D-A052-4D45-F862B3BF4C4C
-0.15697803,-29.20138,0,B17DF37B-207D-A052-4D45-F862B3BF4C4C
-8.091884,-40.027164,0,B17DF37B-207D-A052-4D45-F862B3BF4C4C
-66.90349,-3.0062056,1,B17DF37B-207D-A052-4D45-F862B3BF4C4C
-67.10019,-3.7846866,1,B17DF37B-207D-A052-4D45-F862B3BF4C4C
-67.08152,-3.720063,1,B17DF37B-207D-A052-4D45-F862B3BF4C4C
-57.409206,11.911303,1,B17DF37B-207D-A052-4D45-F862B3BF4C4C
-33.389908,1.1763787,1,B17DF37B-207D-A052-4D45-F862B3BF4C4C
-18.174068,-38.264587,1,B17DF37B-207D-A052-4D45-F862B3BF4C4C
65.908554,10.327353,0,B2EE7EC5-4E5B-EBDD-E0EB-AF758B95C36A
77.34008,17.832813,2,B2EE7EC5-4E5B-EBDD-E0EB-AF758B95C36A
77.30818,17.779438,2,B2EE7EC5-4E5B-EBDD-E0EB-AF758B95C36A
76.965965,17.443419,2,B2EE7EC5-4E5B-EBDD-E0EB-AF758B95C36A
75.82477,16.71165,2,B2EE7EC5-4E5B-EBDD-E0EB-AF758B95C36A
9.364612,-4.486383,0,B2EE7EC5-4E5B-EBDD-E0EB-AF758B95C36A
-13.707691,0.72954714,0,B2EE7EC5-4E5B-EBDD-E0EB-AF758B95C36A
-13.74943,0.6112979,0,B2EE7EC5-4E5B-EBDD-E0EB-AF758B95C36A
14.648237,3.9625165,2,B2EE7EC5-4E5B-EBDD-E0EB-AF758B95C36A
14.949047,4.35606,2,B2EE7EC5-4E5B-EBDD-E0EB-AF758B95C36A
14.965201,4.4181957,2,B2EE7EC5-4E5B-EBDD-E0EB-AF758B95C36A
15.685879,4.6226153,2,B2EE7EC5-4E5B-EBDD-E0EB-AF758B95C36A
11.378715,-41.295105,2,B2EE7EC5-4E5B-EBDD-E0EB-AF758B95C36A
39.998543,-1.6343728,2,B2EE7EC5-4E5B-EBDD-E0EB-AF758B95C36A
41.136974,16.682196,1,B2EE7EC5-4E5B-EBDD-E0EB-AF758B95C36A
62.848637,22.100534,2,B2EE7EC5-4E5B-EBDD-E0EB-AF758B95C36A
63.092083,21.943304,2,B2EE7EC5-4E5B-EBDD-E0EB-AF758B95C36A
67.64285,20.57752,2,B2EE7EC5-4E5B-EBDD-E0EB-AF758B95C36A
-35.527702,-11.066061,0,B2EE7EC5-4E5B-EBDD-E0EB-AF758B95C36A
-45.51449,-0.71391195,0,B2EE7EC5-4E5B-EBDD-E0EB-AF758B95C36A
-73.881874,-6.8675327,0,B2EE7EC5-4E5B-EBDD-E0EB-AF758B95C36A
-79.27823,-7.455212,0,B2EE7EC5-4E5B-EBDD-E0EB-AF758B95C36A
-91.01226,-3.3109221,0,B2EE7EC5-4E5B-EBDD-E0EB-AF758B95C36A
-79.09432,-3.868198,0,B2EE7EC5-4E5B-EBDD-E0EB-AF758B95C36A
-14.49236,12.58349,0,B3CE5256-6F65-85EB-0078-689BD5CC1B17
-14.601853,12.65854,0,B3CE5256-6F65-85EB-0078-689BD5CC1B17
-7.510371,44.370903,0,B3CE5256-6F65-85EB-0078-689BD5CC1B17
-12.762076,44.005123,2,B3CE5256-6F65-85EB-0078-689BD5CC1B17
-12.313856,44.168823,2,B3CE5256-6F65-85EB-0078-689BD5CC1B17
-12.043299,44.368717,2,B3CE5256-6F65-85EB-0078-689BD5CC1B17
-0.6401573,11.473007,0,B3CE5256-6F65-85EB-0078-689BD5CC1B17
-21.363787,21.358229,0,B3CE5256-6F65-85EB-0078-689BD5CC1B17
-7.294985,30.578562,0,B3CE5256-6F65-85EB-0078-689BD5CC1B17
-7.6135573,32.143566,2,B3CE5256-6F65-85EB-0078-689BD5CC1B17
-7.4864287,32.336876,2,B3CE5256-6F65-85EB-0078-689BD5CC1B17
-6.6191044,32.38164,2,B3CE5256-6F65-85EB-0078-689BD5CC1B17
25.396599,8.454754,0,B3CE5256-6F65-85EB-0078-689BD5CC1B17
24.99122,8.62971,0,B3CE5256-6F65-85EB-0078-689BD5CC1B17
10.515381,-8.535952,0,B3CE5256-6F65-85EB-0078-689BD5CC1B17
10.457345,-8.975745,0,B3CE5256-6F65-85EB-0078-689BD5CC1B17
9.877873,-10.41844,0,B3CE5256-6F65-85EB-0078-689BD5CC1B17
-4.1913004,-21.941366,0,B3CE5256-6F65-85EB-0078-689BD5CC1B17
-4.7752614,-21.972721,0,B3CE5256-6F65-85EB-0078-689BD5CC1B17
-15.342197,-22.163004,0,B3CE5256-6F65-85EB-0078-689BD5CC1B17
-35.13407,-12.093181,2,B3CE5256-6F65-85EB-0078-689BD5CC1B17
-54.070675,6.1319265,0,B3CE5256-6F65-85EB-0078-689BD5CC1B17
-54.32095,6.2006397,0,B3CE5256-6F65-85EB-0078-689BD5CC1B17
-70.962944,-5.385498,0,B3CE5256-6F65-85EB-0078-689BD5CC1B17
47.87524,28.72482,0,B3CE5256-6F65-85EB-0078-689BD5CC1B17
48.110664,28.693895,0,B3CE5256-6F65-85EB-0078-689BD5CC1B17
47.306446,28.758863,2,B3CE5256-6F65-85EB-0078-689BD5CC1B17
41.749672,34.06058,0,B3CE5256-6F65-85EB-0078-689BD5CC1B17
31.252304,39.87262,0,B3CE5256-6F65-85EB-0078-689BD5CC1B17
3.2718904,13.648787,0,B3CE5256-6F65-85EB-0078-689BD5CC1B17
-38.187927,18.875671,0,B6EE5F90-8F59-D3CF-C449-59216B28207B
-0.035404604,-2.1733522,0,B6EE5F90-8F59-D3CF-C449-59216B28207B
23.746141,0.8339705,0,B6EE5F90-8F59-D3CF-C449-59216B28207B
24.710924,0.94129515,0,B6EE5F90-8F59-D3CF-C449-59216B28207B
24.984432,1.0980213,0,B6EE5F90-8F59-D3CF-C449-59216B28207B
25.068565,1.2059376,2,B6EE5F90-8F59-D3CF-C449-59216B28207B
-45.412033,-19.01511,2,B6EE5F90-8F59-D3CF-C449-59216B28207B
-45.79376,-19.131908,0,B6EE5F90-8F59-D3CF-C449-59216B28207B
-87.02047,-6.691913,0,B6EE5F90-8F59-D3CF-C449-59216B28207B
-85.250015,-4.524627,0,B6EE5F90-8F59-D3CF-C449-59216B28207B
-80.83275,-0.819408,0,B6EE5F90-8F59-D3CF-C449-59216B28207B
-69.91588,6.792308,0,B6EE5F90-8F59-D3CF-C449-59216B28207B
-69.67146,6.8246026,0,B6EE5F90-8F59-D3CF-C449-59216B28207B
-32.154438,3.9078577,0,B6EE5F90-8F59-D3CF-C449-59216B28207B
-26.843365,3.6166723,1,B6EE5F90-8F59-D3CF-C449-59216B28207B
-26.619307,3.712074,1,B6EE5F90-8F59-D3CF-C449-59216B28207B
-26.129011,3.5979414,1,B6EE5F90-8F59-D3CF-C449-59216B28207B
-26.162403,3.5860856,1,B6EE5F90-8F59-D3CF-C449-59216B28207B
9.619789,37.438038,2,B6EE5F90-8F59-D3CF-C449-59216B28207B
23.8895,27.032106,2,B6EE5F90-8F59-D3CF-C449-59216B28207B
36.976418,25.021404,2,B6EE5F90-8F59-D3CF-C449-59216B28207B
49.251175,19.505796,2,B6EE5F90-8F59-D3CF-C449-59216B28207B
49.26334,19.523085,2,B6EE5F90-8F59-D3CF-C449-59216B28207B
50.607742,19.515495,2,B6EE5F90-8F59-D3CF-C449-59216B28207B
17.74937,5.068294,0,B9FD0C60-33D3-E99E-2475-815EAD5C89C2
-0.72121894,-3.972435,0,B9FD0C60-33D3-E99E-2475-815EAD5C89C2
1.5366539,-9.663135,0,B9FD0C60-33D3-E99E-2475-815EAD5C89C2
-5.2027664,-10.478276,2,B9FD0C60-33D3-E99E-2475-815EAD5C89C2
-29.19914,-12.950191,2,B9FD0C60-33D3-E99E-2475-815EAD5C89C2
-29.326296,-12.963504,2,B9FD0C60-33D3-E99E-2475-815EAD5C89C2
64.99162,13.542081,2,B9FD0C60-33D3-E99E-2475-815EAD5C89C2
65.13416,13.663101,2,B9FD0C60-33D3-E99E-2475-815EAD5C89C2
65.246155,13.64722,2,B9FD0C60-33D3-E99E-2475-815EAD5C89C2
40.681705,39.12793,2,B9FD0C60-33D3-E99E-2475-815EAD5C89C2
-5.3337183,12.252598,0,B9FD0C60-33D3-E99E-2475-815EAD5C89C2
-29.467115,22.475046,0,B9FD0C60-33D3-E99E-2475-815EAD5C89C2
-20.196066,-37.54263,2,BAAA2876-D490-2AB5-0A98-6EB94C7FC331
-0.63510406,-38.077156,2,BAAA2876-D490-2AB5-0A98-6EB94C7FC331
-0.59898365,-37.976463,2,BAAA2876-D490-2AB5-0A98-6EB94C7FC331
-0.75084513,-37.978157,2,BAAA2876-D490-2AB5-0A98-6EB94C7FC331
-1.300575,-37.565273,2,BAAA2876-D490-2AB5-0A98-6EB94C7FC331
27.082518,3.08393,2,BAAA2876-D490-2AB5-0A98-6EB94C7FC331
22.572992,-8.184362,2,BAAA2876-D490-2AB5-0A98-6EB94C7FC331
23.044714,-8.416176,2,BAAA2876-D490-2AB5-0A98-6EB94C7FC331
23.24921,-8.764396,2,BAAA2876-D490-2AB5-0A98-6EB94C7FC331
23.306932,-8.909749,2,BAAA2876-D490-2AB5-0A98-6EB94C7FC331
22.064995,-8.9468355,2,BAAA2876-D490-2AB5-0A98-6EB94C7FC331
-4.7265997,-5.7954254,2,BAAA2876-D490-2AB5-0A98-6EB94C7FC331
-24.756866,-9.283376,2,BAAA2876-D490-2AB5-0A98-6EB94C7FC331
-23.762583,-10.439955,2,BAAA2876-D490-2AB5-0A98-6EB94C7FC331
-23.693127,-11.469136,2,BAAA2876-D490-2AB5-0A98-6EB94C7FC331
-23.66275,-11.457273,2,BAAA2876-D490-2AB5-0A98-6EB94C7FC331
-23.665869,-11.517228,0,BAAA2876-D490-2AB5-0A98-6EB94C7FC331
-46.940006,-13.279673,0,BAAA2876-D490-2AB5-0A98-6EB94C7FC331
-3.001969,-49.397816,2,BAAA2876-D490-2AB5-0A98-6EB94C7FC331
29.852205,17.405302,2,BAAA2876-D490-2AB5-0A98-6EB94C7FC331
39.134716,20.146786,2,BAAA2876-D490-2AB5-0A98-6EB94C7FC331
51.838326,25.79851,2,BAAA2876-D490-2AB5-0A98-6EB94C7FC331
60.90235,22.238369,1,BAAA2876-D490-2AB5-0A98-6EB94C7FC331
71.77217,18.07935,1,BAAA2876-D490-2AB5-0A98-6EB94C7FC331
37.8779,-35.542168,2,BAAA2876-D490-2AB5-0A98-6EB94C7FC331
-14.494423,-11.047407,2,BAAA2876-D490-2AB5-0A98-6EB94C7FC331
-90.19655,3.4742744,2,BAAA2876-D490-2AB5-0A98-6EB94C7FC331
-90.218925,3.4879432,2,BAAA2876-D490-2AB5-0A98-6EB94C7FC331
-95.940735,-4.60466,2,BAAA2876-D490-2AB5-0A98-6EB94C7FC331
-82.18716,-4.5005345,2,BAAA2876-D490-2AB5-0A98-6EB94C7FC331
45.194798,-38.211723,1,BC7EE230-0AF9-3AC5-24E5-8EC4B0B432A8
49.752384,-35.121914,1,BC7EE230-0AF9-3AC5-24E5-8EC4B0B432A8
49.704914,-34.92839,2,BC7EE230-0AF9-3AC5-24E5-8EC4B0B432A8
50.216763,-34.552258,2,BC7EE230-0AF9-3AC5-24E5-8EC4B0B432A8
53.342613,-31.194298,2,BC7EE230-0AF9-3AC5-24E5-8EC4B0B432A8
53.583694,-30.76869,2,BC7EE230-0AF9-3AC5-24E5-8EC4B0B432A8
17.31276,-3.5652473,2,BC7EE230-0AF9-3AC5-24E5-8EC4B0B432A8
-6.2296495,-2.179932,2,BC7EE230-0AF9-3AC5-24E5-8EC4B0B432A8
-18.833176,-15.683564,2,BC7EE230-0AF9-3AC5-24E5-8EC4B0B432A8
-18.91832,-15.63251,2,BC7EE230-0AF9-3AC5-24E5-8EC4B0B432A8
-40.20081,-17.808971,2,BC7EE230-0AF9-3AC5-24E5-8EC4B0B432A8
-78.94465,-11.516901,2,BC7EE230-0AF9-3AC5-24E5-8EC4B0B432A8
56.57065,10.740559,2,BC7EE230-0AF9-3AC5-24E5-8EC4B0B432A8
56.591705,10.738464,2,BC7EE230-0AF9-3AC5-24E5-8EC4B0B432A8
1.1394981,11.228034,2,BC7EE230-0AF9-3AC5-24E5-8EC4B0B432A8
-23.066118,18.2812,2,BC7EE230-0AF9-3AC5-24E5-8EC4B0B432A8
-25.923592,22.36943,2,BC7EE230-0AF9-3AC5-24E5-8EC4B0B432A8
-22.922815,32.463905,2,BC7EE230-0AF9-3AC5-24E5-8EC4B0B432A8
-8.121957,26.325142,0,BD35F47E-4F73-8664-B165-98D2BF2CDA48
9.495774,33.18438,0,BD35F47E-4F73-8664-B165-98D2BF2CDA48
9.75245,32.820126,0,BD35F47E-4F73-8664-B165-98D2BF2CDA48
9.842153,32.67272,0,BD35F47E-4F73-8664-B165-98D2BF2CDA48
10.402124,31.991777,1,BD35F47E-4F73-8664-B165-98D2BF2CDA48
38.38636,3.0467217,2,BD35F47E-4F73-8664-B165-98D2BF2CDA48
-13.480424,-50.969563,2,BD35F47E-4F73-8664-B165-98D2BF2CDA48
-13.201113,-50.948814,2,BD35F47E-4F73-8664-B165-98D2BF2CDA48
-8.228439,-48.400593,2,BD35F47E-4F73-8664-B165-98D2BF2CDA48
-8.291318,-46.977833,0,BD35F47E-4F73-8664-B165-98D2BF2CDA48
25.1753,20.97664,0,BD35F47E-4F73-8664-B165-98D2BF2CDA48
32.07927,20.508976,0,BD35F47E-4F73-8664-B165-98D2BF2CDA48
41.048367,24.709505,0,BD35F47E-4F73-8664-B165-98D2BF2CDA48
58.675396,18.278463,2,BD35F47E-4F73-8664-B165-98D2BF2CDA48
58.980217,18.078442,2,BD35F47E-4F73-8664-B165-98D2BF2CDA48
59.070457,17.960072,2,BD35F47E-4F73-8664-B165-98D2BF2CDA48
39.6865,39.616653,2,BD35F47E-4F73-8664-B165-98D2BF2CDA48
-2.591365,13.30451,0,BD35F47E-4F73-8664-B165-98D2BF2CDA48
-29.583096,26.029148,0,BD35F47E-4F73-8664-B165-98D2BF2CDA48
-20.332521,33.474655,0,BD35F47E-4F73-8664-B165-98D2BF2CDA48
-7.7450037,33.0557,0,BD35F47E-4F73-8664-B165-98D2BF2CDA48
-1.7805711,34.835426,0,BD35F47E-4F73-8664-B165-98D2BF2CDA48
-1.6464651,34.77865,0,BD35F47E-4F73-8664-B165-98D2BF2CDA48
-1.5712793,34.776035,0,BD35F47E-4F73-8664-B165-98D2BF2CDA48
19.895817,15.473053,0,BD35F47E-4F73-8664-B165-98D2BF2CDA48
-9.296519,-12.076542,0,BD35F47E-4F73-8664-B165-98D2BF2CDA48
-9.158395,-12.09109,0,BD35F47E-4F73-8664-B165-98D2BF2CDA48
49.706234,-32.383633,2,C5DC661F-E2D6-2B65-4765-77C8B81D2488
36.881386,-5.520105,2,C5DC661F-E2D6-2B65-4765-77C8B81D2488
36.9408,-5.547936,2,C5DC661F-E2D6-2B65-4765-77C8B81D2488
24.819113,-17.99462,2,C5DC661F-E2D6-2B65-4765-77C8B81D2488
24.810438,-18.009432,2,C5DC661F-E2D6-2B65-4765-77C8B81D2488
0.0044704173,-36.645103,2,C5DC661F-E2D6-2B65-4765-77C8B81D2488
40.892097,25.6688,0,C5DC661F-E2D6-2B65-4765-77C8B81D2488
58.344357,20.637537,0,C5DC661F-E2D6-2B65-4765-77C8B81D2488
58.878227,20.472176,2,C5DC661F-E2D6-2B65-4765-77C8B81D2488
59.18914,20.445827,2,C5DC661F-E2D6-2B65-4765-77C8B81D2488
36.07822,39.008904,2,C5DC661F-E2D6-2B65-4765-77C8B81D2488
-3.2350032,10.247516,2,C5DC661F-E2D6-2B65-4765-77C8B81D2488
6.377414,38.785645,0,C5DC661F-E2D6-2B65-4765-77C8B81D2488
-11.020263,6.721344,0,C5DC661F-E2D6-2B65-4765-77C8B81D2488
-22.17669,-29.52835,0,C5DC661F-E2D6-2B65-4765-77C8B81D2488
-22.275583,-29.675257,2,C5DC661F-E2D6-2B65-4765-77C8B81D2488
-22.328632,-29.730904,2,C5DC661F-E2D6-2B65-4765-77C8B81D2488
-57.4758,1.203104,2,C5DC661F-E2D6-2B65-4765-77C8B81D2488
80.41598,13.724004,2,C5DC661F-E2D6-2B65-4765-77C8B81D2488
79.99973,11.356411,2,C5DC661F-E2D6-2B65-4765-77C8B81D2488
80.00517,11.332317,2,C5DC661F-E2D6-2B65-4765-77C8B81D2488
80.72668,12.777868,2,C5DC661F-E2D6-2B65-4765-77C8B81D2488
80.692566,13.3126955,2,C5DC661F-E2D6-2B65-4765-77C8B81D2488
57.609116,9.706154,2,C5DC661F-E2D6-2B65-4765-77C8B81D2488
-36.89689,23.528843,0,C8BB6C15-19FA-A17A-5945-6202803016D7
-36.942554,23.468739,0,C8BB6C15-19FA-A17A-5945-6202803016D7
-10.194849,43.865997,0,C8BB6C15-19FA-A17A-5945-6202803016D7
20.131493,1.4480152,2,C8BB6C15-19FA-A17A-5945-6202803016D7
20.29744,1.5016699,2,C8BB6C15-19FA-A17A-5945-6202803016D7
21.638441,1.9788386,2,C8BB6C15-19FA-A17A-5945-6202803016D7
21.280731,1.9309982,2,C8BB6C15-19FA-A17A-5945-6202803016D7
7.478748,-1.8066247,1,C8BB6C15-19FA-A17A-5945-6202803016D7
-25.28685,-8.746607,1,C8BB6C15-19FA-A17A-5945-6202803016D7
-26.606573,-11.54208,1,C8BB6C15-19FA-A17A-5945-6202803016D7
-26.919495,-11.668905,1,C8BB6C15-19FA-A17A-5945-6202803016D7
-42.96968,-11.673067,1,C8BB6C15-19FA-A17A-5945-6202803016D7
-45.794907,-0.34804952,1,C8BB6C15-19FA-A17A-5945-6202803016D7
-87.64748,-10.801223,1,C8BB6C15-19FA-A17A-5945-6202803016D7
-89.77483,-2.4724786,1,C8BB6C15-19FA-A17A-5945-6202803016D7
-89.82777,-2.4158,1,C8BB6C15-19FA-A17A-5945-6202803016D7
-74.56755,-1.0989491,1,C8BB6C15-19FA-A17A-5945-6202803016D7
-59.640984,7.4148483,1,C8BB6C15-19FA-A17A-5945-6202803016D7
-17.119486,-38.79562,1,C8BB6C15-19FA-A17A-5945-6202803016D7
3.3568215,-43.406208,1,C8BB6C15-19FA-A17A-5945-6202803016D7
3.5352206,-43.81382,1,C8BB6C15-19FA-A17A-5945-6202803016D7
3.712761,-44.287064,1,C8BB6C15-19FA-A17A-5945-6202803016D7
2.9509778,-44.914555,1,C8BB6C15-19FA-A17A-5945-6202803016D7
31.20788,20.794455,1,C8BB6C15-19FA-A17A-5945-6202803016D7
39.69686,-49.3101,0,CCA3ABC5-DCCE-0BBE-5327-E65AE52A195D
43.244545,-45.55386,0,CCA3ABC5-DCCE-0BBE-5327-E65AE52A195D
43.35229,-45.38123,0,CCA3ABC5-DCCE-0BBE-5327-E65AE52A195D
42.99933,-28.753,0,CCA3ABC5-DCCE-0BBE-5327-E65AE52A195D
48.92414,-25.112999,0,CCA3ABC5-DCCE-0BBE-5327-E65AE52A195D
48.86339,-25.193993,0,CCA3ABC5-DCCE-0BBE-5327-E65AE52A195D
14.867944,-7.8374,0,CCA3ABC5-DCCE-0BBE-5327-E65AE52A195D
14.855924,-7.824092,0,CCA3ABC5-DCCE-0BBE-5327-E65AE52A195D
32.39582,-6.9646306,0,CCA3ABC5-DCCE-0BBE-5327-E65AE52A195D
32.731678,-6.9839015,0,CCA3ABC5-DCCE-0BBE-5327-E65AE52A195D
53.10348,-0.7775578,0,CCA3ABC5-DCCE-0BBE-5327-E65AE52A195D
74.61419,5.5598645,0,CCA3ABC5-DCCE-0BBE-5327-E65AE52A195D
74.9408,5.7373567,1,CCA3ABC5-DCCE-0BBE-5327-E65AE52A195D
74.639145,5.294976,1,CCA3ABC5-DCCE-0BBE-5327-E65AE52A195D
74.49119,4.890917,1,CCA3ABC5-DCCE-0BBE-5327-E65AE52A195D
39.388706,-9.953111,1,CCA3ABC5-DCCE-0BBE-5327-E65AE52A195D
18.378674,-7.2489157,0,CCA3ABC5-DCCE-0BBE-5327-E65AE52A195D
17.619122,-7.2506576,0,CCA3ABC5-DCCE-0BBE-5327-E65AE52A195D
17.636768,-7.2721386,0,CCA3ABC5-DCCE-0BBE-5327-E65AE52A195D
26.926888,-7.4061613,2,CCA3ABC5-DCCE-0BBE-5327-E65AE52A195D
33.27591,-8.679467,2,CCA3ABC5-DCCE-0BBE-5327-E65AE52A195D
33.285763,-8.7292185,2,CCA3ABC5-DCCE-0BBE-5327-E65AE52A195D
34.630947,-9.062067,2,CCA3ABC5-DCCE-0BBE-5327-E65AE52A195D
34.40256,-9.133762,2,CCA3ABC5-DCCE-0BBE-5327-E65AE52A195D
-5.579963,-29.80614,1,CCA3ABC5-DCCE-0BBE-5327-E65AE52A195D
1.9499322,-24.23922,1,CCA3ABC5-DCCE-0BBE-5327-E65AE52A195D
2.077463,-24.179375,1,CCA3ABC5-DCCE-0BBE-5327-E65AE52A195D
2.6479027,-23.710556,1,CCA3ABC5-DCCE-0BBE-5327-E65AE52A195D
3.259051,-23.573719,1,CCA3ABC5-DCCE-0BBE-5327-E65AE52A195D
3.5582693,-23.492579,1,CCA3ABC5-DCCE-0BBE-5327-E65AE52A195D
-45.565384,22.812761,1,CCA3ABC5-DCCE-0BBE-5327-E65AE52A195D
-46.655254,21.961752,1,CCA3ABC5-DCCE-0BBE-5327-E65AE52A195D
-47.90103,21.94314,1,CCA3ABC5-DCCE-0BBE-5327-E65AE52A195D
-47.89367,21.905067,1,CCA3ABC5-DCCE-0BBE-5327-E65AE52A195D
-47.218487,20.836535,1,CCA3ABC5-DCCE-0BBE-5327-E65AE52A195D
-47.239586,20.740717,1,CCA3ABC5-DCCE-0BBE-5327-E65AE52A195D
-21.619432,-38.291805,2,CD5833CD-93D3-318C-371A-18A32DEFC38B
-12.287807,-41.99019,2,CD5833CD-93D3-318C-371A-18A32DEFC38B
-12.056534,-42.089428,2,CD5833CD-93D3-318C-371A-18A32DEFC38B
5.348957,-43.51549,2,CD5833CD-93D3-318C-371A-18A32DEFC38B
8.036195,-42.50638,2,CD5833CD-93D3-318C-371A-18A32DEFC38B
33.319885,15.7006,2,CD5833CD-93D3-318C-371A-18A32DEFC38B
-34.012524,3.1999822,0,CD5833CD-93D3-318C-371A-18A32DEFC38B
-19.833544,-40.060883,0,CD5833CD-93D3-318C-371A-18A32DEFC38B
-5.1300855,-46.358585,0,CD5833CD-93D3-318C-371A-18A32DEFC38B
6.0411253,-43.299503,0,CD5833CD-93D3-318C-371A-18A32DEFC38B
6.458015,-43.192772,0,CD5833CD-93D3-318C-371A-18A32DEFC38B
32.813564,15.373176,1,CD5833CD-93D3-318C-371A-18A32DEFC38B
59.547855,15.920856,1,CD5833CD-93D3-318C-371A-18A32DEFC38B
65.6143,19.214993,2,CD5833CD-93D3-318C-371A-18A32DEFC38B
66.39299,19.263605,2,CD5833CD-93D3-318C-371A-18A32DEFC38B
65.03345,18.940048,2,CD5833CD-93D3-318C-371A-18A32DEFC38B
64.71121,18.89511,2,CD5833CD-93D3-318C-371A-18A32DEFC38B
39.62909,39.839195,0,CD5833CD-93D3-318C-371A-18A32DEFC38B
-98.70412,-0.38121903,0,CD5833CD-93D3-318C-371A-18A32DEFC38B
-95.754585,-3.5453234,1,CD5833CD-93D3-318C-371A-18A32DEFC38B
-82.35784,1.2693433,1,CD5833CD-93D3-318C-371A-18A32DEFC38B
-81.97239,1.501189,1,CD5833CD-93D3-318C-371A-18A32DEFC38B
-81.24026,2.0768206,2,CD5833CD-93D3-318C-371A-18A32DEFC38B
-38.815746,3.9724538,2,CD5833CD-93D3-318C-371A-18A32DEFC38B
43.679897,29.136839,2,CD5833CD-93D3-318C-371A-18A32DEFC38B
69.33956,28.614843,2,CD5833CD-93D3-318C-371A-18A32DEFC38B
69.27107,28.633455,2,CD5833CD-93D3-318C-371A-18A32DEFC38B
68.81254,29.02245,2,CD5833CD-93D3-318C-371A-18A32DEFC38B
39.435757,40.55963,2,CD5833CD-93D3-318C-371A-18A32DEFC38B
-31.370003,27.031006,0,CD5833CD-93D3-318C-371A-18A32DEFC38B
19.72312,-3.3611064,2,D0F7ABC0-F552-63CD-CAC6-6703C39B83CA
5.3603973,12.141535,2,D0F7ABC0-F552-63CD-CAC6-6703C39B83CA
5.3780293,12.185796,2,D0F7ABC0-F552-63CD-CAC6-6703C39B83CA
-41.99667,25.517235,2,D0F7ABC0-F552-63CD-CAC6-6703C39B83CA
-42.021698,25.50629,2,D0F7ABC0-F552-63CD-CAC6-6703C39B83CA
-68.55001,13.129016,2,D0F7ABC0-F552-63CD-CAC6-6703C39B83CA
35.80331,-28.4711,1,D0F7ABC0-F552-63CD-CAC6-6703C39B83CA
35.75092,-28.4877,2,D0F7ABC0-F552-63CD-CAC6-6703C39B83CA
35.73927,-28.659517,2,D0F7ABC0-F552-63CD-CAC6-6703C39B83CA
43.774258,-18.188023,2,D0F7ABC0-F552-63CD-CAC6-6703C39B83CA
43.96804,-17.83901,2,D0F7ABC0-F552-63CD-CAC6-6703C39B83CA
51.063908,-6.0776396,2,D0F7ABC0-F552-63CD-CAC6-6703C39B83CA
-72.62085,-1.2261747,1,D0F7ABC0-F552-63CD-CAC6-6703C39B83CA
-72.64684,-1.1271814,1,D0F7ABC0-F552-63CD-CAC6-6703C39B83CA
-58.48794,8.940088,1,D0F7ABC0-F552-63CD-CAC6-6703C39B83CA
-58.560493,8.980386,1,D0F7ABC0-F552-63CD-CAC6-6703C39B83CA
-37.429466,2.2756734,1,D0F7ABC0-F552-63CD-CAC6-6703C39B83CA
-33.391197,0.48671305,1,D0F7ABC0-F552-63CD-CAC6-6703C39B83CA
-61.061558,9.0465355,0,D51A5648-0039-8CB1-45CB-C51E5ABA8BCC
-67.26901,4.9927206,0,D51A5648-0039-8CB1-45CB-C51E5ABA8BCC
-66.556465,3.8268995,0,D51A5648-0039-8CB1-45CB-C51E5ABA8BCC
-35.264477,32.543774,0,D51A5648-0039-8CB1-45CB-C51E5ABA8BCC
-34.535637,32.915813,1,D51A5648-0039-8CB1-45CB-C51E5ABA8BCC
-34.312443,33.048264,1,D51A5648-0039-8CB1-45CB-C51E5ABA8BCC
-34.02509,33.21587,1,D51A5648-0039-8CB1-45CB-C51E5ABA8BCC
6.3867216,30.986694,1,D51A5648-0039-8CB1-45CB-C51E5ABA8BCC
39.66825,22.200523,1,D51A5648-0039-8CB1-45CB-C51E5ABA8BCC
56.243084,24.1241,1,D51A5648-0039-8CB1-45CB-C51E5ABA8BCC
70.01573,20.780512,1,D51A5648-0039-8CB1-45CB-C51E5ABA8BCC
70.89616,20.812025,1,D51A5648-0039-8CB1-45CB-C51E5ABA8BCC
-19.820686,-44.31972,1,D51A5648-0039-8CB1-45CB-C51E5ABA8BCC
-19.824244,-44.302635,1,D51A5648-0039-8CB1-45CB-C51E5ABA8BCC
26.17976,17.595135,1,D51A5648-0039-8CB1-45CB-C51E5ABA8BCC
41.071033,27.286171,1,D51A5648-0039-8CB1-45CB-C51E5ABA8BCC
40.645058,26.930885,1,D51A5648-0039-8CB1-45CB-C51E5ABA8BCC
61.34908,28.143333,1,D51A5648-0039-8CB1-45CB-C51E5ABA8BCC
45.325836,-42.792004,2,D57F474B-B38C-E9AF-73CC-2CF16EED3827
45.306,-42.731388,2,D57F474B-B38C-E9AF-73CC-2CF16EED3827
30.14495,-39.937145,2,D57F474B-B38C-E9AF-73CC-2CF16EED3827
30.310463,-39.40944,2,D57F474B-B38C-E9AF-73CC-2CF16EED3827
30.388222,-39.244484,1,D57F474B-B38C-E9AF-73CC-2CF16EED3827
30.427124,-39.109406,1,D57F474B-B38C-E9AF-73CC-2CF16EED3827
42.68181,26.548624,1,D57F474B-B38C-E9AF-73CC-2CF16EED3827
42.058117,26.19531,1,D57F474B-B38C-E9AF-73CC-2CF16EED3827
53.921665,26.812231,1,D57F474B-B38C-E9AF-73CC-2CF16EED3827
54.376072,26.914965,1,D57F474B-B38C-E9AF-73CC-2CF16EED3827
54.500748,27.105038,1,D57F474B-B38C-E9AF-73CC-2CF16EED3827
-1.2474017,12.3346195,1,D57F474B-B38C-E9AF-73CC-2CF16EED3827
-50.18864,11.499153,1,D57F474B-B38C-E9AF-73CC-2CF16EED3827
-37.056683,3.2438843,0,D57F474B-B38C-E9AF-73CC-2CF16EED3827
-20.395147,5.162752,0,D57F474B-B38C-E9AF-73CC-2CF16EED3827
-20.434086,5.1876626,0,D57F474B-B38C-E9AF-73CC-2CF16EED3827
-20.426758,5.235368,0,D57F474B-B38C-E9AF-73CC-2CF16EED3827
9.479831,38.674583,0,D57F474B-B38C-E9AF-73CC-2CF16EED3827
-32.375748,-14.568614,2,D57F474B-B38C-E9AF-73CC-2CF16EED3827
-60.22548,3.9823475,2,D57F474B-B38C-E9AF-73CC-2CF16EED3827
-72.813736,2.27104,0,D57F474B-B38C-E9AF-73CC-2CF16EED3827
-82.48617,-3.3636692,0,D57F474B-B38C-E9AF-73CC-2CF16EED3827
-62.764603,13.842347,0,D57F474B-B38C-E9AF-73CC-2CF16EED3827
-62.670673,13.819322,2,D57F474B-B38C-E9AF-73CC-2CF16EED3827
18.587292,1.7097753,2,D6D11A63-A131-4E74-041D-6E3BD8EFF8FF
-20.161264,-9.189718,2,D6D11A63-A131-4E74-041D-6E3BD8EFF8FF
-20.165205,-9.208305,2,D6D11A63-A131-4E74-041D-6E3BD8EFF8FF
2.8276732,-15.380919,0,D6D11A63-A131-4E74-041D-6E3BD8EFF8FF
-21.621384,-15.595294,0,D6D11A63-A131-4E74-041D-6E3BD8EFF8FF
-21.628166,-15.62424,0,D6D11A63-A131-4E74-041D-6E3BD8EFF8FF
-20.489586,9.150798,0,D6D11A63-A131-4E74-041D-6E3BD8EFF8FF
-20.23404,9.195321,0,D6D11A63-A131-4E74-041D-6E3BD8EFF8FF
-19.597904,9.357749,0,D6D11A63-A131-4E74-041D-6E3BD8EFF8FF
-19.4563,9.3897295,0,D6D11A63-A131-4E74-041D-6E3BD8EFF8FF
-19.088821,9.504352,1,D6D11A63-A131-4E74-041D-6E3BD8EFF8FF
13.403812,28.03959,1,D6D11A63-A131-4E74-041D-6E3BD8EFF8FF
-58.723175,10.633296,0,D6D11A63-A131-4E74-041D-6E3BD8EFF8FF
-20.697517,-38.725418,0,D6D11A63-A131-4E74-041D-6E3BD8EFF8FF
-18.42224,-40.60814,0,D6D11A63-A131-4E74-041D-6E3BD8EFF8FF
-15.118008,-42.717136,0,D6D11A63-A131-4E74-041D-6E3BD8EFF8FF
-3.8534613,-42.502567,2,D6D11A63-A131-4E74-041D-6E3BD8EFF8FF
-3.1595778,-42.50309,2,D6D11A63-A131-4E74-041D-6E3BD8EFF8FF
-67.87453,5.424619,0,D6D11A63-A131-4E74-041D-6E3BD8EFF8FF
-49.404484,13.925628,0,D6D11A63-A131-4E74-041D-6E3BD8EFF8FF
-33.083633,7.557296,0,D6D11A63-A131-4E74-041D-6E3BD8EFF8FF
-32.38579,7.6958637,0,D6D11A63-A131-4E74-041D-6E3BD8EFF8FF
-32.252636,8.17335,0,D6D11A63-A131-4E74-041D-6E3BD8EFF8FF
-32.05125,8.623179,0,D6D11A63-A131-4E74-041D-6E3BD8EFF8FF
-88.256676,-1.6459675,2,D8D27F81-4F83-E10A-448A-735447867552
-88.17351,-1.605286,2,D8D27F81-4F83-E10A-448A-735447867552
-78.861206,-0.2986193,0,D8D27F81-4F83-E10A-448A-735447867552
-78.5939,-0.20536618,0,D8D27F81-4F83-E10A-448A-735447867552
-44.519028,14.908723,0,D8D27F81-4F83-E10A-448A-735447867552
-44.46082,15.045898,1,D8D27F81-4F83-E10A-448A-735447867552
-22.052689,25.641157,0,D8D27F81-4F83-E10A-448A-735447867552
-6.3354745,26.575932,0,D8D27F81-4F83-E10A-448A-735447867552
44.18024,25.12807,1,D8D27F81-4F83-E10A-448A-735447867552
63.040604,23.214756,1,D8D27F81-4F83-E10A-448A-735447867552
78.37968,13.487437,1,D8D27F81-4F83-E10A-448A-735447867552
78.39678,13.276038,2,D8D27F81-4F83-E10A-448A-735447867552
57.15201,5.8536906,2,D8D27F81-4F83-E10A-448A-735447867552
57.097702,5.941343,2,D8D27F81-4F83-E10A-448A-735447867552
-5.6757374,3.723832,2,D8D27F81-4F83-E10A-448A-735447867552
-6.0848413,3.72671,2,D8D27F81-4F83-E10A-448A-735447867552
-7.0579243,3.878251,1,D8D27F81-4F83-E10A-448A-735447867552
-16.92271,30.12348,1,D8D27F81-4F83-E10A-448A-735447867552
-97.58431,-1.7110596,1,D8D27F81-4F83-E10A-448A-735447867552
-75.58664,5.5406947,1,D8D27F81-4F83-E10A-448A-735447867552
-75.453094,5.5416403,1,D8D27F81-4F83-E10A-448A-735447867552
-40.618275,5.178875,1,D8D27F81-4F83-E10A-448A-735447867552
-30.906782,1.0462145,1,D8D27F81-4F83-E10A-448A-735447867552
-13.25271,-39.026375,1,D8D27F81-4F83-E10A-448A-735447867552
4.0243263,-29.64309,1,D8D27F81-4F83-E10A-448A-735447867552
16.272621,-25.510283,1,D8D27F81-4F83-E10A-448A-735447867552
16.541441,-25.50583,1,D8D27F81-4F83-E10A-448A-735447867552
18.761564,-25.321434,1,D8D27F81-4F83-E10A-448A-735447867552
60.231804,5.0228558,1,D8D27F81-4F83-E10A-448A-735447867552
72.52738,21.456787,1,D8D27F81-4F83-E10A-448A-735447867552
-46.232418,13.54785,0,DA2856BC-D181-9AF0-DC9A-99A9444D5579
-23.108175,-34.13221,2,DA2856BC-D181-9AF0-DC9A-99A9444D5579
-2.8550353,-44.863552,2,DA2856BC-D181-9AF0-DC9A-99A9444D5579
-2.5523891,-44.95018,2,DA2856BC-D181-9AF0-DC9A-99A9444D5579
6.0573587,-45.074455,2,DA2856BC-D181-9AF0-DC9A-99A9444D5579
31.87528,15.159489,0,DA2856BC-D181-9AF0-DC9A-99A9444D5579
-59.816647,9.967793,2,DA2856BC-D181-9AF0-DC9A-99A9444D5579
-34.31871,1.8036482,2,DA2856BC-D181-9AF0-DC9A-99A9444D5579
-18.437477,-36.04128,2,DA2856BC-D181-9AF0-DC9A-99A9444D5579
-6.2043233,-47.05829,2,DA2856BC-D181-9AF0-DC9A-99A9444D5579
-6.1479783,-46.838623,2,DA2856BC-D181-9AF0-DC9A-99A9444D5579
-6.202007,-46.82201,0,DA2856BC-D181-9AF0-DC9A-99A9444D5579
34.470486,18.081871,2,DA2856BC-D181-9AF0-DC9A-99A9444D5579
60.67715,27.321688,0,DA2856BC-D181-9AF0-DC9A-99A9444D5579
59.99322,27.328676,0,DA2856BC-D181-9AF0-DC9A-99A9444D5579
60.474297,27.209553,2,DA2856BC-D181-9AF0-DC9A-99A9444D5579
66.94739,22.348993,2,DA2856BC-D181-9AF0-DC9A-99A9444D5579
65.56743,27.787746,2,DA2856BC-D181-9AF0-DC9A-99A9444D5579
39.65384,-53.2276,2,DBA0C8C4-AE05-772F-2E53-E6167F8ACB77
39.411865,-53.61297,2,DBA0C8C4-AE05-772F-2E53-E6167F8ACB77
39.55302,-54.190434,0,DBA0C8C4-AE05-772F-2E53-E6167F8ACB77
30.427881,-52.08478,0,DBA0C8C4-AE05-772F-2E53-E6167F8ACB77
-39.274563,10.424018,0,DBA0C8C4-AE05-772F-2E53-E6167F8ACB77
-7.0135,-33.714153,2,DBA0C8C4-AE05-772F-2E53-E6167F8ACB77
22.906567,2.6398823,2,DBA0C8C4-AE05-772F-2E53-E6167F8ACB77
0.61646754,-5.9312515,2,DBA0C8C4-AE05-772F-2E53-E6167F8ACB77
1.7471855,-10.612852,2,DBA0C8C4-AE05-772F-2E53-E6167F8ACB77
1.8702501,-10.973936,0,DBA0C8C4-AE05-772F-2E53-E6167F8ACB77
1.8003426,-10.926645,2,DBA0C8C4-AE05-772F-2E53-E6167F8ACB77
-47.50843,-5.634948,2,DBA0C8C4-AE05-772F-2E53-E6167F8ACB77
1.0297729,33.58568,2,DBA0C8C4-AE05-772F-2E53-E6167F8ACB77
0.94089335,33.602177,2,DBA0C8C4-AE05-772F-2E53-E6167F8ACB77
-30.41078,-8.401564,2,DBA0C8C4-AE05-772F-2E53-E6167F8ACB77
-30.387192,-8.317835,2,DBA0C8C4-AE05-772F-2E53-E6167F8ACB77
-20.696095,-26.816767,2,DBA0C8C4-AE05-772F-2E53-E6167F8ACB77
-20.575474,-26.83402,2,DBA0C8C4-AE05-772F-2E53-E6167F8ACB77
-60.22735,1.5061247,2,DBA0C8C4-AE05-772F-2E53-E6167F8ACB77
-84.37732,-10.948411,0,DBA0C8C4-AE05-772F-2E53-E6167F8ACB77
-93.961525,1.1885761,0,DBA0C8C4-AE05-772F-2E53-E6167F8ACB77
-98.03386,-2.5307658,0,DBA0C8C4-AE05-772F-2E53-E6167F8ACB77
-96.958534,-2.7294166,0,DBA0C8C4-AE05-772F-2E53-E6167F8ACB77
-96.67372,-2.8934524,0,DBA0C8C4-AE05-772F-2E53-E6167F8ACB77
41.09852,-13.311393,2,DC0BE0E2-B41E-3D73-47C5-5733952512CB
40.563812,-12.627314,0,DC0BE0E2-B41E-3D73-47C5-5733952512CB
40.304153,-12.281533,0,DC0BE0E2-B41E-3D73-47C5-5733952512CB
39.47859,-11.3931,0,DC0BE0E2-B41E-3D73-47C5-5733952512CB
39.25835,-11.186132,0,DC0BE0E2-B41E-3D73-47C5-5733952512CB
39.051384,-10.98603,0,DC0BE0E2-B41E-3D73-47C5-5733952512CB
-48.359398,13.759695,0,DC0BE0E2-B41E-3D73-47C5-5733952512CB
-25.4147,13.329453,0,DC0BE0E2-B41E-3D73-47C5-5733952512CB
-25.02833,13.194655,0,DC0BE0E2-B41E-3D73-47C5-5733952512CB
-24.250788,13.0725975,0,DC0BE0E2-B41E-3D73-47C5-5733952512CB
-24.00566,12.983489,2,DC0BE0E2-B41E-3D73-47C5-5733952512CB
-6.0500093,-24.917242,2,DC0BE0E2-B41E-3D73-47C5-5733952512CB
59.28318,5.174271,2,DC0BE0E2-B41E-3D73-47C5-5733952512CB
59.49146,5.248403,2,DC0BE0E2-B41E-3D73-47C5-5733952512CB
60.844208,6.2195263,2,DC0BE0E2-B41E-3D73-47C5-5733952512CB
62.453293,6.913841,0,DC0BE0E2-B41E-3D73-47C5-5733952512CB
62.123844,6.902909,0,DC0BE0E2-B41E-3D73-47C5-5733952512CB
63.016994,7.0340576,0,DC0BE0E2-B41E-3D73-47C5-5733952512CB
-24.377655,19.506756,0,DC0BE0E2-B41E-3D73-47C5-5733952512CB
-7.356084,8.457949,0,DC0BE0E2-B41E-3D73-47C5-5733952512CB
-7.338145,8.458401,0,DC0BE0E2-B41E-3D73-47C5-5733952512CB
14.1581545,-20.757137,0,DC0BE0E2-B41E-3D73-47C5-5733952512CB
-15.254153,8.745293,0,DCB45A10-FAF5-53E0-AB53-2D42AC9BB090
-15.038233,9.330953,0,DCB45A10-FAF5-53E0-AB53-2D42AC9BB090
-15.163819,9.249233,2,DCB45A10-FAF5-53E0-AB53-2D42AC9BB090
-15.162189,9.230203,2,DCB45A10-FAF5-53E0-AB53-2D42AC9BB090
12.765195,38.168503,2,DCB45A10-FAF5-53E0-AB53-2D42AC9BB090
37.18097,10.509339,0,DCB45A10-FAF5-53E0-AB53-2D42AC9BB090
-85.616516,-8.653405,0,DCB45A10-FAF5-53E0-AB53-2D42AC9BB090
-99.816696,-5.901611,0,DCB45A10-FAF5-53E0-AB53-2D42AC9BB090
-99.68197,-5.6732035,0,DCB45A10-FAF5-53E0-AB53-2D42AC9BB090
-99.65288,-5.567634,0,DCB45A10-FAF5-53E0-AB53-2D42AC9BB090
-81.44262,-2.4335926,0,DCB45A10-FAF5-53E0-AB53-2D42AC9BB090
-29.279242,6.195472,1,DCB45A10-FAF5-53E0-AB53-2D42AC9BB090
57.891125,22.977766,2,DCB45A10-FAF5-53E0-AB53-2D42AC9BB090
58.14773,23.18517,1,DCB45A10-FAF5-53E0-AB53-2D42AC9BB090
58.299576,23.841785,0,DCB45A10-FAF5-53E0-AB53-2D42AC9BB090
58.32175,24.144417,0,DCB45A10-FAF5-53E0-AB53-2D42AC9BB090
26.562185,40.396637,0,DCB45A10-FAF5-53E0-AB53-2D42AC9BB090
-50.137054,18.134462,0,DCB45A10-FAF5-53E0-AB53-2D42AC9BB090
-21.344078,20.72657,1,DCB45A10-FAF5-53E0-AB53-2D42AC9BB090
-3.4625967,27.304512,1,DCB45A10-FAF5-53E0-AB53-2D42AC9BB090
-12.733268,35.104973,1,DCB45A10-FAF5-53E0-AB53-2D42AC9BB090
4.1676273,34.980812,1,DCB45A10-FAF5-53E0-AB53-2D42AC9BB090
4.0095735,35.12267,1,DCB45A10-FAF5-53E0-AB53-2D42AC9BB090
3.3271704,35.754536,1,DCB45A10-FAF5-53E0-AB53-2D42AC9BB090
-17.821133,35.576595,0,DD956DE9-DEFB-C0C6-82B4-C639A17D6782
-21.693832,35.55567,0,DD956DE9-DEFB-C0C6-82B4-C639A17D6782
-15.318058,34.160976,0,DD956DE9-DEFB-C0C6-82B4-C639A17D6782
-15.073452,34.06504,0,DD956DE9-DEFB-C0C6-82B4-C639A17D6782
1.1883764,28.56972,0,DD956DE9-DEFB-C0C6-82B4-C639A17D6782
1.3495685,28.54807,0,DD956DE9-DEFB-C0C6-82B4-C639A17D6782
-4.9631386,25.890965,0,DD956DE9-DEFB-C0C6-82B4-C639A17D6782
-4.769708,26.032278,0,DD956DE9-DEFB-C0C6-82B4-C639A17D6782
-3.441468,29.03277,0,DD956DE9-DEFB-C0C6-82B4-C639A17D6782
3.650994,26.832722,1,DD956DE9-DEFB-C0C6-82B4-C639A17D6782
3.7716036,26.60465,1,DD956DE9-DEFB-C0C6-82B4-C639A17D6782
3.9999828,26.441355,1,DD956DE9-DEFB-C0C6-82B4-C639A17D6782
-21.61686,-36.046844,2,DD956DE9-DEFB-C0C6-82B4-C639A17D6782
-11.379367,-47.672943,2,DD956DE9-DEFB-C0C6-82B4-C639A17D6782
-11.22423,-47.65049,2,DD956DE9-DEFB-C0C6-82B4-C639A17D6782
6.684857,-46.804714,2,DD956DE9-DEFB-C0C6-82B4-C639A17D6782
6.8286843,-46.94948,2,DD956DE9-DEFB-C0C6-82B4-C639A17D6782
29.904251,20.972132,1,DD956DE9-DEFB-C0C6-82B4-C639A17D6782
-13.83745,25.924047,0,DD956DE9-DEFB-C0C6-82B4-C639A17D6782
-13.83532,25.890581,2,DD956DE9-DEFB-C0C6-82B4-C639A17D6782
-29.513254,-8.742843,2,DD956DE9-DEFB-C0C6-82B4-C639A17D6782
36.590313,-54.23035,2,DE775A65-68D5-C477-E2F7-BCC1AEF0B850
36.481316,-53.6704,2,DE775A65-68D5-C477-E2F7-BCC1AEF0B850
34.227127,-52.80745,2,DE775A65-68D5-C477-E2F7-BCC1AEF0B850
-64.95484,6.6489816,2,DE775A65-68D5-C477-E2F7-BCC1AEF0B850
-38.979343,10.685421,2,DE775A65-68D5-C477-E2F7-BCC1AEF0B850
-7.0221696,-33.840786,2,DE775A65-68D5-C477-E2F7-BCC1AEF0B850
24.814238,30.345238,2,DE775A65-68D5-C477-E2F7-BCC1AEF0B850
24.880402,30.32393,2,DE775A65-68D5-C477-E2F7-BCC1AEF0B850
24.888937,30.209791,2,DE775A65-68D5-C477-E2F7-BCC1AEF0B850
48.30791,22.479265,2,DE775A65-68D5-C477-E2F7-BCC1AEF0B850
75.769485,23.333515,0,DE775A65-68D5-C477-E2F7-BCC1AEF0B850
75.72745,23.28025,0,DE775A65-68D5-C477-E2F7-BCC1AEF0B850
75.40308,22.8606,2,DE775A65-68D5-C477-E2F7-BCC1AEF0B850
51.689503,19.464357,2,DE775A65-68D5-C477-E2F7-BCC1AEF0B850
-1.4644392,14.783517,2,DE775A65-68D5-C477-E2F7-BCC1AEF0B850
-33.7777,26.893764,0,DE775A65-68D5-C477-E2F7-BCC1AEF0B850
-33.973946,26.95307,0,DE775A65-68D5-C477-E2F7-BCC1AEF0B850
-21.974026,33.895863,0,DE775A65-68D5-C477-E2F7-BCC1AEF0B850
-20.769756,-3.1040502,2,DE775A65-68D5-C477-E2F7-BCC1AEF0B850
-20.742908,-3.087911,2,DE775A65-68D5-C477-E2F7-BCC1AEF0B850
14.008379,33.891994,2,DE775A65-68D5-C477-E2F7-BCC1AEF0B850
14.09195,33.865513,2,DE775A65-68D5-C477-E2F7-BCC1AEF0B850
58.002216,26.148336,2,DE775A65-68D5-C477-E2F7-BCC1AEF0B850
70.05678,22.659979,2,DE775A65-68D5-C477-E2F7-BCC1AEF0B850
-27.637838,-2.4196432,2,DF62EF03-DA30-E70A-CA31-03A029C9610A
-15.782304,5.4199224,2,DF62EF03-DA30-E70A-CA31-03A029C9610A
-15.384043,5.4869637,2,DF62EF03-DA30-E70A-CA31-03A029C9610A
-15.105825,5.5477357,2,DF62EF03-DA30-E70A-CA31-03A029C9610A
12.949809,37.158066,2,DF62EF03-DA30-E70A-CA31-03A029C9610A
44.86274,7.110487,2,DF62EF03-DA30-E70A-CA31-03A029C9610A
3.396586,-7.4689302,2,DF62EF03-DA30-E70A-CA31-03A029C9610A
3.3020434,-7.7984476,2,DF62EF03-DA30-E70A-CA31-03A029C9610A
3.1668298,-16.689615,2,DF62EF03-DA30-E70A-CA31-03A029C9610A
2.9212983,-16.526842,2,DF62EF03-DA30-E70A-CA31-03A029C9610A
-17.605606,-16.444118,0,DF62EF03-DA30-E70A-CA31-03A029C9610A
-16.006025,-15.403214,0,DF62EF03-DA30-E70A-CA31-03A029C9610A
-29.83495,16.951616,1,DF62EF03-DA30-E70A-CA31-03A029C9610A
-29.193813,17.144861,1,DF62EF03-DA30-E70A-CA31-03A029C9610A
-29.146566,17.20175,1,DF62EF03-DA30-E70A-CA31-03A029C9610A
-29.087414,17.32367,1,DF62EF03-DA30-E70A-CA31-03A029C9610A
10.527099,39.130394,1,DF62EF03-DA30-E70A-CA31-03A029C9610A
27.488207,25.237703,1,DF62EF03-DA30-E70A-CA31-03A029C9610A
-56.094265,10.059291,2,DF62EF03-DA30-E70A-CA31-03A029C9610A
-56.583916,9.978199,2,DF62EF03-DA30-E70A-CA31-03A029C9610A
-55.755417,10.095869,2,DF62EF03-DA30-E70A-CA31-03A029C9610A
-32.768982,-1.8962803,2,DF62EF03-DA30-E70A-CA31-03A029C9610A
-32.512325,-2.0819914,0,DF62EF03-DA30-E70A-CA31-03A029C9610A
-32.409576,-2.1389444,0,DF62EF03-DA30-E70A-CA31-03A029C9610A
67.75428,23.55677,0,DF62EF03-DA30-E70A-CA31-03A029C9610A
41.439713,41.110043,0,DF62EF03-DA30-E70A-CA31-03A029C9610A
-1.8357618,13.013963,0,DF62EF03-DA30-E70A-CA31-03A029C9610A
-25.13952,21.18302,0,DF62EF03-DA30-E70A-CA31-03A029C9610A
-25.082123,31.291101,0,DF62EF03-DA30-E70A-CA31-03A029C9610A
-24.398762,31.771927,0,DF62EF03-DA30-E70A-CA31-03A029C9610A
38.291355,-52.82384,0,E3489F9E-39E2-47B9-24EF-BAACE1438D00
38.54742,-50.722054,0,E3489F9E-39E2-47B9-24EF-BAACE1438D00
34.781826,-53.05301,0,E3489F9E-39E2-47B9-24EF-BAACE1438D00
-57.42587,19.32832,0,E3489F9E-39E2-47B9-24EF-BAACE1438D00
-57.423225,19.320175,2,E3489F9E-39E2-47B9-24EF-BAACE1438D00
-57.449448,19.29128,2,E3489F9E-39E2-47B9-24EF-BAACE1438D00
-9.724516,13.439924,1,E3489F9E-39E2-47B9-24EF-BAACE1438D00
9.514859,24.425383,1,E3489F9E-39E2-47B9-24EF-BAACE1438D00
9.594752,24.171675,1,E3489F9E-39E2-47B9-24EF-BAACE1438D00
15.449878,-17.30069,1,E3489F9E-39E2-47B9-24EF-BAACE1438D00
15.473014,-17.40982,1,E3489F9E-39E2-47B9-24EF-BAACE1438D00
15.658065,-18.027819,1,E3489F9E-39E2-47B9-24EF-BAACE1438D00
-73.35907,-5.25082,1,E3489F9E-39E2-47B9-24EF-BAACE1438D00
-82.67623,-6.809474,1,E3489F9E-39E2-47B9-24EF-BAACE1438D00
-82.668106,-6.7659163,1,E3489F9E-39E2-47B9-24EF-BAACE1438D00
-62.366753,10.441531,1,E3489F9E-39E2-47B9-24EF-BAACE1438D00
-29.743845,13.978831,1,E3489F9E-39E2-47B9-24EF-BAACE1438D00
-29.639025,13.929038,1,E3489F9E-39E2-47B9-24EF-BAACE1438D00
28.274487,11.990968,2,E49C1269-8AB7-8C8F-FC88-AA92C2F1E260
28.636583,12.169808,2,E49C1269-8AB7-8C8F-FC88-AA92C2F1E260
28.681492,12.216532,2,E49C1269-8AB7-8C8F-FC88-AA92C2F1E260
-0.43599117,-28.258553,0,E49C1269-8AB7-8C8F-FC88-AA92C2F1E260
-0.8166389,-28.209833,2,E49C1269-8AB7-8C8F-FC88-AA92C2F1E260
-18.969774,-25.954157,2,E49C1269-8AB7-8C8F-FC88-AA92C2F1E260
46.69934,31.729,0,E49C1269-8AB7-8C8F-FC88-AA92C2F1E260
46.21274,32.14252,0,E49C1269-8AB7-8C8F-FC88-AA92C2F1E260
46.03336,32.31688,0,E49C1269-8AB7-8C8F-FC88-AA92C2F1E260
31.944973,40.160275,0,E49C1269-8AB7-8C8F-FC88-AA92C2F1E260
-19.773745,22.01593,0,E49C1269-8AB7-8C8F-FC88-AA92C2F1E260
-20.089695,22.890265,0,E49C1269-8AB7-8C8F-FC88-AA92C2F1E260
-22.465517,-27.73073,0,E49C1269-8AB7-8C8F-FC88-AA92C2F1E260
-43.336075,-2.498632,0,E49C1269-8AB7-8C8F-FC88-AA92C2F1E260
-92.73062,0.44767642,0,E49C1269-8AB7-8C8F-FC88-AA92C2F1E260
-88.738235,0.54574883,2,E49C1269-8AB7-8C8F-FC88-AA92C2F1E260
-84.87064,0.8093588,2,E49C1269-8AB7-8C8F-FC88-AA92C2F1E260
-84.31466,0.8449166,2,E49C1269-8AB7-8C8F-FC88-AA92C2F1E260
-2.0038085,-42.726284,0,E49C1269-8AB7-8C8F-FC88-AA92C2F1E260
29.41163,18.234894,0,E49C1269-8AB7-8C8F-FC88-AA92C2F1E260
36.492283,21.59812,2,E49C1269-8AB7-8C8F-FC88-AA92C2F1E260
43.728203,29.655046,2,E49C1269-8AB7-8C8F-FC88-AA92C2F1E260
53.70625,30.046665,2,E49C1269-8AB7-8C8F-FC88-AA92C2F1E260
44.10024,30.990175,2,E49C1269-8AB7-8C8F-FC88-AA92C2F1E260
52.172707,11.914847,2,E5CCE6B3-2C6E-BE96-602F-3852C8614777
51.835567,12.113332,2,E5CCE6B3-2C6E-BE96-602F-3852C8614777
55.546185,-39.825176,2,E5CCE6B3-2C6E-BE96-602F-3852C8614777
54.031925,-39.97065,2,E5CCE6B3-2C6E-BE96-602F-3852C8614777
53.17446,-39.946774,2,E5CCE6B3-2C6E-BE96-602F-3852C8614777
52.98372,-40.08846,2,E5CCE6B3-2C6E-BE96-602F-3852C8614777
-20.573221,26.329325,1,E5CCE6B3-2C6E-BE96-602F-3852C8614777
-20.6403,26.301565,1,E5CCE6B3-2C6E-BE96-602F-3852C8614777
-20.076963,27.0208,2,E5CCE6B3-2C6E-BE96-602F-3852C8614777
-18.453766,41.306824,2,E5CCE6B3-2C6E-BE96-602F-3852C8614777
35.775967,25.948572,2,E5CCE6B3-2C6E-BE96-602F-3852C8614777
35.850124,25.98462,2,E5CCE6B3-2C6E-BE96-602F-3852C8614777
-20.527752,14.484558,0,E5CCE6B3-2C6E-BE96-602F-3852C8614777
-20.225199,14.475315,2,E5CCE6B3-2C6E-BE96-602F-3852C8614777
-20.068094,14.475504,2,E5CCE6B3-2C6E-BE96-602F-3852C8614777
12.504591,36.303818,2,E5CCE6B3-2C6E-BE96-602F-3852C8614777
44.526028,24.336721,2,E5CCE6B3-2C6E-BE96-602F-3852C8614777
55.13847,24.819742,2,E5CCE6B3-2C6E-BE96-602F-3852C8614777
46.02345,21.311861,2,E5CCE6B3-2C6E-BE96-602F-3852C8614777
46.54338,20.830345,2,E5CCE6B3-2C6E-BE96-602F-3852C8614777
46.83277,20.693382,2,E5CCE6B3-2C6E-BE96-602F-3852C8614777
46.841972,21.453255,2,E5CCE6B3-2C6E-BE96-602F-3852C8614777
29.97579,39.64071,0,E5CCE6B3-2C6E-BE96-602F-3852C8614777
-32.535473,27.137794,0,E5CCE6B3-2C6E-BE96-602F-3852C8614777
67.96075,6.5699835,2,E5F96AC5-AE7E-C4E8-8288-FB2674F43704
67.94855,7.034118,2,E5F96AC5-AE7E-C4E8-8288-FB2674F43704
68.29202,7.1229234,2,E5F96AC5-AE7E-C4E8-8288-FB2674F43704
68.25139,7.2075896,2,E5F96AC5-AE7E-C4E8-8288-FB2674F43704
65.20456,29.804354,2,E5F96AC5-AE7E-C4E8-8288-FB2674F43704
31.026148,43.529797,2,E5F96AC5-AE7E-C4E8-8288-FB2674F43704
17.168827,-1.9870762,2,E5F96AC5-AE7E-C4E8-8288-FB2674F43704
-2.672059,-5.14306,2,E5F96AC5-AE7E-C4E8-8288-FB2674F43704
-2.4244602,-5.6218576,2,E5F96AC5-AE7E-C4E8-8288-FB2674F43704
-21.127539,-13.525658,1,E5F96AC5-AE7E-C4E8-8288-FB2674F43704
-21.228674,-13.54126,1,E5F96AC5-AE7E-C4E8-8288-FB2674F43704
-78.00649,-12.001048,1,E5F96AC5-AE7E-C4E8-8288-FB2674F43704
42.440044,28.452335,2,E5F96AC5-AE7E-C4E8-8288-FB2674F43704
71.55325,26.892078,2,E5F96AC5-AE7E-C4E8-8288-FB2674F43704
73.02001,25.012873,2,E5F96AC5-AE7E-C4E8-8288-FB2674F43704
73.1016,24.828245,2,E5F96AC5-AE7E-C4E8-8288-FB2674F43704
73.45298,24.416899,2,E5F96AC5-AE7E-C4E8-8288-FB2674F43704
-0.69266117,13.232307,2,E5F96AC5-AE7E-C4E8-8288-FB2674F43704
-91.19211,-5.9395447,2,E5F96AC5-AE7E-C4E8-8288-FB2674F43704
-94.58003,-1.7861918,2,E5F96AC5-AE7E-C4E8-8288-FB2674F43704
-87.01507,1.715686,2,E5F96AC5-AE7E-C4E8-8288-FB2674F43704
-76.71074,4.168589,0,E5F96AC5-AE7E-C4E8-8288-FB2674F43704
-71.639565,6.200842,0,E5F96AC5-AE7E-C4E8-8288-FB2674F43704
-39.643944,4.676774,0,E5F96AC5-AE7E-C4E8-8288-FB2674F43704
-32.560837,0.7466214,0,E5F96AC5-AE7E-C4E8-8288-FB2674F43704
-13.081615,-40.74223,0,E5F96AC5-AE7E-C4E8-8288-FB2674F43704
-4.0510526,-45.628307,2,E5F96AC5-AE7E-C4E8-8288-FB2674F43704
0.0730579,-45.06386,2,E5F96AC5-AE7E-C4E8-8288-FB2674F43704
0.8097987,-44.964184,2,E5F96AC5-AE7E-C4E8-8288-FB2674F43704
30.920366,17.020693,2,E5F96AC5-AE7E-C4E8-8288-FB2674F43704
-22.683441,-13.172577,2,EA788550-E907-E4AC-EAE4-82CC26723E3B
-48.621964,-11.301218,2,EA788550-E907-E4AC-EAE4-82CC26723E3B
-48.48919,-10.90778,2,EA788550-E907-E4AC-EAE4-82CC26723E3B
-48.42599,-10.668767,2,EA788550-E907-E4AC-EAE4-82CC26723E3B
-48.19661,-9.657628,0,EA788550-E907-E4AC-EAE4-82CC26723E3B
-48.134216,-9.359108,2,EA788550-E907-E4AC-EAE4-82CC26723E3B
57.584114,1.7437958,2,EA788550-E907-E4AC-EAE4-82CC26723E3B
57.125774,1.8508906,2,EA788550-E907-E4AC-EAE4-82CC26723E3B
56.882,1.9326165,2,EA788550-E907-E4AC-EAE4-82CC26723E3B
56.45131,2.0934997,2,EA788550-E907-E4AC-EAE4-82CC26723E3B
74.23491,21.266073,2,EA788550-E907-E4AC-EAE4-82CC26723E3B
62.695267,18.214771,2,EA788550-E907-E4AC-EAE4-82CC26723E3B
-12.6183405,-10.544104,2,EA788550-E907-E4AC-EAE4-82CC26723E3B
-13.278194,-10.354105,2,EA788550-E907-E4AC-EAE4-82CC26723E3B
-13.693388,-10.173954,2,EA788550-E907-E4AC-EAE4-82CC26723E3B
-13.745108,-10.002859,2,EA788550-E907-E4AC-EAE4-82CC26723E3B
-52.898613,-6.4244285,2,EA788550-E907-E4AC-EAE4-82CC26723E3B
-68.937454,2.0430188,2,EA788550-E907-E4AC-EAE4-82CC26723E3B
-95.21433,-7.961514,2,EA788550-E907-E4AC-EAE4-82CC26723E3B
-95.34516,-7.9148893,2,EA788550-E907-E4AC-EAE4-82CC26723E3B
-79.35676,1.1309776,2,EA788550-E907-E4AC-EAE4-82CC26723E3B
-71.21206,3.4748812,2,EA788550-E907-E4AC-EAE4-82CC26723E3B
-70.93522,3.678974,2,EA788550-E907-E4AC-EAE4-82CC26723E3B
-34.98702,0.7702027,2,EA788550-E907-E4AC-EAE4-82CC26723E3B
-15.435781,-4.933416,2,EA788550-E907-E4AC-EAE4-82CC26723E3B
-14.773377,-4.9005685,2,EA788550-E907-E4AC-EAE4-82CC26723E3B
-13.573108,-5.4571304,2,EA788550-E907-E4AC-EAE4-82CC26723E3B
-13.736896,-4.330887,2,EA788550-E907-E4AC-EAE4-82CC26723E3B
-13.263048,-4.1283116,2,EA788550-E907-E4AC-EAE4-82CC26723E3B
-13.073737,-4.0480876,2,EA788550-E907-E4AC-EAE4-82CC26723E3B
70.2718,14.619868,2,EC6E2525-212C-1C3A-0B73-74D1B45748E1
70.24818,14.573683,2,EC6E2525-212C-1C3A-0B73-74D1B45748E1
70.07219,14.58607,2,EC6E2525-212C-1C3A-0B73-74D1B45748E1
38.416855,36.541603,2,EC6E2525-212C-1C3A-0B73-74D1B45748E1
-39.559704,20.738619,2,EC6E2525-212C-1C3A-0B73-74D1B45748E1
-40.0506,20.58561,2,EC6E2525-212C-1C3A-0B73-74D1B45748E1
-95.9551,1.7823343,1,EC6E2525-212C-1C3A-0B73-74D1B45748E1
-95.9602,1.5291736,0,EC6E2525-212C-1C3A-0B73-74D1B45748E1
-48.83868,8.65748,0,EC6E2525-212C-1C3A-0B73-74D1B45748E1
-48.715744,8.45957,0,EC6E2525-212C-1C3A-0B73-74D1B45748E1
-29.143045,5.0203295,0,EC6E2525-212C-1C3A-0B73-74D1B45748E1
-28.853848,4.90568,0,EC6E2525-212C-1C3A-0B73-74D1B45748E1
-23.391857,23.34312,2,EC6E2525-212C-1C3A-0B73-74D1B45748E1
-23.28735,23.540865,2,EC6E2525-212C-1C3A-0B73-74D1B45748E1
-19.204098,38.136517,1,EC6E2525-212C-1C3A-0B73-74D1B45748E1
-13.68299,38.07045,1,EC6E2525-212C-1C3A-0B73-74D1B45748E1
0.60255146,37.641983,1,EC6E2525-212C-1C3A-0B73-74D1B45748E1
1.0929629,37.502666,1,EC6E2525-212C-1C3A-0B73-74D1B45748E1
49.568485,-38.00159,2,EE62AFCD-B47D-E676-0257-21F92CB612D8
49.874363,-37.953514,2,EE62AFCD-B47D-E676-0257-21F92CB612D8
50.225315,-37.30834,2,EE62AFCD-B47D-E676-0257-21F92CB612D8
50.363148,-36.99832,2,EE62AFCD-B47D-E676-0257-21F92CB612D8
50.761917,-36.5161,2,EE62AFCD-B47D-E676-0257-21F92CB612D8
50.844723,-36.403755,2,EE62AFCD-B47D-E676-0257-21F92CB612D8
-15.586211,14.820161,0,EE62AFCD-B47D-E676-0257-21F92CB612D8
14.337896,6.2190337,0,EE62AFCD-B47D-E676-0257-21F92CB612D8
-3.2235012,45.10236,0,EE62AFCD-B47D-E676-0257-21F92CB612D8
-3.158079,45.074287,0,EE62AFCD-B47D-E676-0257-21F92CB612D8
-3.1253815,45.07949,0,EE62AFCD-B47D-E676-0257-21F92CB612D8
14.683954,5.325366,0,EE62AFCD-B47D-E676-0257-21F92CB612D8
-16.03124,-26.313686,2,EE62AFCD-B47D-E676-0257-21F92CB612D8
-15.724745,-26.426949,0,EE62AFCD-B47D-E676-0257-21F92CB612D8
-30.406761,-19.883747,0,EE62AFCD-B47D-E676-0257-21F92CB612D8
-43.504074,-17.164635,0,EE62AFCD-B47D-E676-0257-21F92CB612D8
-77.692474,-7.8956456,0,EE62AFCD-B47D-E676-0257-21F92CB612D8
-89.23661,-0.051484887,0,EE62AFCD-B47D-E676-0257-21F92CB612D8
-5.4732294,-50.925797,2,EE62AFCD-B47D-E676-0257-21F92CB612D8
-5.1320343,-51.125748,2,EE62AFCD-B47D-E676-0257-21F92CB612D8
-5.038146,-51.33384,0,EE62AFCD-B47D-E676-0257-21F92CB612D8
25.727386,17.45282,0,EE62AFCD-B47D-E676-0257-21F92CB612D8
35.192806,19.488337,0,EE62AFCD-B47D-E676-0257-21F92CB612D8
35.62721,19.550653,2,EE62AFCD-B47D-E676-0257-21F92CB612D8
3.2406929,-3.7372153,2,F1430977-52AF-4F46-BF92-0A8D736CBD2B
1.2856649,-3.4218974,2,F1430977-52AF-4F46-BF92-0A8D736CBD2B
2.6716273,-3.707959,2,F1430977-52AF-4F46-BF92-0A8D736CBD2B
1.4770788,-3.464092,2,F1430977-52AF-4F46-BF92-0A8D736CBD2B
21.870544,3.7052224,2,F1430977-52AF-4F46-BF92-0A8D736CBD2B
44.655956,8.664511,2,F1430977-52AF-4F46-BF92-0A8D736CBD2B
41.594406,-50.1793,2,F752B62E-E95F-A65D-4CB2-8B0252E15F08
41.40766,-50.177223,2,F752B62E-E95F-A65D-4CB2-8B0252E15F08
41.360504,-49.84276,2,F752B62E-E95F-A65D-4CB2-8B0252E15F08
38.959152,-40.54416,2,F752B62E-E95F-A65D-4CB2-8B0252E15F08
-23.034071,10.728746,1,F752B62E-E95F-A65D-4CB2-8B0252E15F08
3.1264465,-13.902953,0,F752B62E-E95F-A65D-4CB2-8B0252E15F08
18.855116,2.658224,2,F752B62E-E95F-A65D-4CB2-8B0252E15F08
1.7762241,-7.322378,2,F752B62E-E95F-A65D-4CB2-8B0252E15F08
1.6516371,-7.9727974,2,F752B62E-E95F-A65D-4CB2-8B0252E15F08
1.6316874,-8.350092,2,F752B62E-E95F-A65D-4CB2-8B0252E15F08
-26.92519,-14.693888,2,F752B62E-E95F-A65D-4CB2-8B0252E15F08
-27.328754,-14.596288,0,F752B62E-E95F-A65D-4CB2-8B0252E15F08
-41.27543,-9.336916,0,F752B62E-E95F-A65D-4CB2-8B0252E15F08
-41.183662,-8.730174,0,F752B62E-E95F-A65D-4CB2-8B0252E15F08
-40.971886,-8.198284,0,F752B62E-E95F-A65D-4CB2-8B0252E15F08
-40.53533,-7.8646183,0,F752B62E-E95F-A65D-4CB2-8B0252E15F08
-40.51086,-7.819139,2,F752B62E-E95F-A65D-4CB2-8B0252E15F08
-40.17925,-7.5897913,2,F752B62E-E95F-A65D-4CB2-8B0252E15F08
34.91274,40.730583,2,F752B62E-E95F-A65D-4CB2-8B0252E15F08
-3.0693934,12.937207,0,F752B62E-E95F-A65D-4CB2-8B0252E15F08
-24.2993,20.427237,0,F752B62E-E95F-A65D-4CB2-8B0252E15F08
-9.410396,28.179592,0,F752B62E-E95F-A65D-4CB2-8B0252E15F08
-9.703983,28.30754,0,F752B62E-E95F-A65D-4CB2-8B0252E15F08
8.6402,24.118294,0,F752B62E-E95F-A65D-4CB2-8B0252E15F08
68.80996,19.548826,2,F752B62E-E95F-A65D-4CB2-8B0252E15F08
54.59991,21.044714,2,F752B62E-E95F-A65D-4CB2-8B0252E15F08
54.339798,21.076963,2,F752B62E-E95F-A65D-4CB2-8B0252E15F08
31.671028,39.512554,2,F752B62E-E95F-A65D-4CB2-8B0252E15F08
-27.156225,14.832791,0,F752B62E-E95F-A65D-4CB2-8B0252E15F08
-27.280972,14.852785,0,F752B62E-E95F-A65D-4CB2-8B0252E15F08
-7.780508,22.13666,0,F752B62E-E95F-A65D-4CB2-8B0252E15F08
-7.294979,22.127592,0,F752B62E-E95F-A65D-4CB2-8B0252E15F08
2.82059,23.171215,2,F752B62E-E95F-A65D-4CB2-8B0252E15F08
2.7775996,23.48326,0,F752B62E-E95F-A65D-4CB2-8B0252E15F08
1.8882191,23.681787,0,F752B62E-E95F-A65D-4CB2-8B0252E15F08
2.3539367,23.834902,0,F752B62E-E95F-A65D-4CB2-8B0252E15F08
1.6791161,-46.730053,1,FB3409F8-2ADE-757A-A1A5-DC1BBBD1131A
1.7262454,-46.81254,1,FB3409F8-2ADE-757A-A1A5-DC1BBBD1131A
4.304166,-45.69209,1,FB3409F8-2ADE-757A-A1A5-DC1BBBD1131A
31.218952,17.400505,1,FB3409F8-2ADE-757A-A1A5-DC1BBBD1131A
55.500504,17.083906,1,FB3409F8-2ADE-757A-A1A5-DC1BBBD1131A
55.55748,17.223965,1,FB3409F8-2ADE-757A-A1A5-DC1BBBD1131A
56.083675,17.15276,1,FB3409F8-2ADE-757A-A1A5-DC1BBBD1131A
64.56381,5.0807323,1,FB3409F8-2ADE-757A-A1A5-DC1BBBD1131A
64.66048,5.0770154,1,FB3409F8-2ADE-757A-A1A5-DC1BBBD1131A
15.123905,-12.094225,1,FB3409F8-2ADE-757A-A1A5-DC1BBBD1131A
-6.890999,6.2289352,1,FB3409F8-2ADE-757A-A1A5-DC1BBBD1131A
-7.209068,6.2413983,1,FB3409F8-2ADE-757A-A1A5-DC1BBBD1131A
-7.970166,-29.443012,1,FB3409F8-2ADE-757A-A1A5-DC1BBBD1131A
-6.589872,-30.035686,1,FB3409F8-2ADE-757A-A1A5-DC1BBBD1131A
-6.567304,-30.131706,1,FB3409F8-2ADE-757A-A1A5-DC1BBBD1131A
-6.8882694,-29.936993,1,FB3409F8-2ADE-757A-A1A5-DC1BBBD1131A
-22.504002,-27.127295,1,FB3409F8-2ADE-757A-A1A5-DC1BBBD1131A
-43.833176,-2.928478,1,FB3409F8-2ADE-757A-A1A5-DC1BBBD1131A
-33.373325,17.747543,1,FB70D507-2F2A-0F83-3B53-75EB8452F5E0
-33.40315,17.744839,0,FB70D507-2F2A-0F83-3B53-75EB8452F5E0
-33.3857,17.752285,0,FB70D507-2F2A-0F83-3B53-75EB8452F5E0
11.171724,39.453445,0,FB70D507-2F2A-0F83-3B53-75EB8452F5E0
30.182613,25.422281,2,FB70D507-2F2A-0F83-3B53-75EB8452F5E0
30.208912,25.509676,2,FB70D507-2F2A-0F83-3B53-75EB8452F5E0
45.19802,-31.539274,0,FB70D507-2F2A-0F83-3B53-75EB8452F5E0
44.995975,-31.703764,0,FB70D507-2F2A-0F83-3B53-75EB8452F5E0
44.83965,-31.8123,2,FB70D507-2F2A-0F83-3B53-75EB8452F5E0
44.380123,-32.308144,2,FB70D507-2F2A-0F83-3B53-75EB8452F5E0
44.053,-32.560528,2,FB70D507-2F2A-0F83-3B53-75EB8452F5E0
39.704308,-37.393684,2,FB70D507-2F2A-0F83-3B53-75EB8452F5E0
-8.976338,-21.582417,2,FB70D507-2F2A-0F83-3B53-75EB8452F5E0
-9.883158,-21.241947,2,FB70D507-2F2A-0F83-3B53-75EB8452F5E0
-10.560576,-21.28974,2,FB70D507-2F2A-0F83-3B53-75EB8452F5E0
-75.07408,-7.6436186,2,FB70D507-2F2A-0F83-3B53-75EB8452F5E0
-91.83735,-5.35748,2,FB70D507-2F2A-0F83-3B53-75EB8452F5E0
-92.950554,-2.1463215,0,FB70D507-2F2A-0F83-3B53-75EB8452F5E0
58.55346,13.60694,2,FB70D507-2F2A-0F83-3B53-75EB8452F5E0
34.427223,42.081657,2,FB70D507-2F2A-0F83-3B53-75EB8452F5E0
-9.908891,16.548656,2,FB70D507-2F2A-0F83-3B53-75EB8452F5E0
16.775055,13.611101,0,FB70D507-2F2A-0F83-3B53-75EB8452F5E0
-2.7973807,25.674412,0,FB70D507-2F2A-0F83-3B53-75EB8452F5E0
-16.069965,35.53112,0,FB70D507-2F2A-0F83-3B53-75EB8452F5E0
52.275,-33.48541,2,FC50071B-D2BA-C98B-AC6E-7339010D56DA
51.803787,-33.897488,2,FC50071B-D2BA-C98B-AC6E-7339010D56DA
51.5887,-33.809555,2,FC50071B-D2BA-C98B-AC6E-7339010D56DA
51.89871,-31.82999,2,FC50071B-D2BA-C98B-AC6E-7339010D56DA
52.155792,-31.46372,2,FC50071B-D2BA-C98B-AC6E-7339010D56DA
52.118004,-32.484867,2,FC50071B-D2BA-C98B-AC6E-7339010D56DA
34.94168,16.701014,2,FC50071B-D2BA-C98B-AC6E-7339010D56DA
58.879845,8.192631,2,FC50071B-D2BA-C98B-AC6E-7339010D56DA
58.918243,8.172071,2,FC50071B-D2BA-C98B-AC6E-7339010D56DA
76.32176,13.487844,2,FC50071B-D2BA-C98B-AC6E-7339010D56DA
76.2456,13.583237,2,FC50071B-D2BA-C98B-AC6E-7339010D56DA
63.853527,19.82567,2,FC50071B-D2BA-C98B-AC6E-7339010D56DA
21.361198,10.390789,2,FC50071B-D2BA-C98B-AC6E-7339010D56DA
19.366236,11.311153,2,FC50071B-D2BA-C98B-AC6E-7339010D56DA
8.254942,26.62393,2,FC50071B-D2BA-C98B-AC6E-7339010D56DA
8.198249,26.705276,2,FC50071B-D2BA-C98B-AC6E-7339010D56DA
-3.1782863,-28.546108,2,FC50071B-D2BA-C98B-AC6E-7339010D56DA
-3.2479374,-28.510878,1,FC50071B-D2BA-C98B-AC6E-7339010D56DA
34.66326,40.584866,2,FC50071B-D2BA-C98B-AC6E-7339010D56DA
-4.158197,10.351935,2,FC50071B-D2BA-C98B-AC6E-7339010D56DA
-4.3436136,10.346517,2,FC50071B-D2BA-C98B-AC6E-7339010D56DA
6.7092953,24.875298,1,FC50071B-D2BA-C98B-AC6E-7339010D56DA
6.778142,24.862658,1,FC50071B-D2BA-C98B-AC6E-7339010D56DA
20.337706,10.301101,1,FC50071B-D2BA-C98B-AC6E-7339010D56DA
34.327244,-11.79475,0,FC66D29E-8CD8-AE29-A071-33549272C1EE
33.487015,-12.504734,0,FC66D29E-8CD8-AE29-A071-33549272C1EE
33.59882,-13.287977,0,FC66D29E-8CD8-AE29-A071-33549272C1EE
33.630898,-14.208791,2,FC66D29E-8CD8-AE29-A071-33549272C1EE
33.741108,-14.825752,2,FC66D29E-8CD8-AE29-A071-33549272C1EE
49.792362,-29.323456,2,FC66D29E-8CD8-AE29-A071-33549272C1EE
46.927017,-44.710766,0,FC66D29E-8CD8-AE29-A071-33549272C1EE
46.859467,-44.749825,0,FC66D29E-8CD8-AE29-A071-33549272C1EE
36.090145,-49.55411,0,FC66D29E-8CD8-AE29-A071-33549272C1EE
35.949505,-49.68329,0,FC66D29E-8CD8-AE29-A071-33549272C1EE
33.62718,-51.021854,0,FC66D29E-8CD8-AE29-A071-33549272C1EE
-66.04801,5.78668,0,FC66D29E-8CD8-AE29-A071-33549272C1EE
-37.854336,4.8755426,0,FC66D29E-8CD8-AE29-A071-33549272C1EE
-21.640114,-39.7095,2,FC66D29E-8CD8-AE29-A071-33549272C1EE
-21.384642,-40.567886,2,FC66D29E-8CD8-AE29-A071-33549272C1EE
-11.142968,-45.59704,2,FC66D29E-8CD8-AE29-A071-33549272C1EE
-10.873372,-45.767593,0,FC66D29E-8CD8-AE29-A071-33549272C1EE
-21.376747,-42.107647,0,FC66D29E-8CD8-AE29-A071-33549272C1EE
-16.0469,-9.992771,2,FC66D29E-8CD8-AE29-A071-33549272C1EE
-16.05705,-9.974772,2,FC66D29E-8CD8-AE29-A071-33549272C1EE
-16.059906,-10.003362,2,FC66D29E-8CD8-AE29-A071-33549272C1EE
-53.21462,-5.834376,2,FC66D29E-8CD8-AE29-A071-33549272C1EE
-53.36759,-5.5834994,0,FC66D29E-8CD8-AE29-A071-33549272C1EE
-80.66487,-6.927166,0,FC66D29E-8CD8-AE29-A071-33549272C1EE
40.51576,-53.15755,2,FFAB0F54-EFF2-FA1A-1892-F9D8ED3C9B31
40.306442,-53.634697,0,FFAB0F54-EFF2-FA1A-1892-F9D8ED3C9B31
39.92239,-54.70334,0,FFAB0F54-EFF2-FA1A-1892-F9D8ED3C9B31
30.51674,-52.102123,0,FFAB0F54-EFF2-FA1A-1892-F9D8ED3C9B31
-44.34864,8.2398,2,FFAB0F54-EFF2-FA1A-1892-F9D8ED3C9B31
-44.216244,8.162504,2,FFAB0F54-EFF2-FA1A-1892-F9D8ED3C9B31
40.77508,-20.86763,0,FFAB0F54-EFF2-FA1A-1892-F9D8ED3C9B31
-1.2503527,-16.651491,0,FFAB0F54-EFF2-FA1A-1892-F9D8ED3C9B31
-1.4333639,-16.698874,2,FFAB0F54-EFF2-FA1A-1892-F9D8ED3C9B31
-39.537983,-15.461528,0,FFAB0F54-EFF2-FA1A-1892-F9D8ED3C9B31
-39.668404,-15.4775095,0,FFAB0F54-EFF2-FA1A-1892-F9D8ED3C9B31
-62.11589,11.332783,0,FFAB0F54-EFF2-FA1A-1892-F9D8ED3C9B31
-7.6193886,-26.462906,2,FFAB0F54-EFF2-FA1A-1892-F9D8ED3C9B31
-0.71653455,-21.960865,1,FFAB0F54-EFF2-FA1A-1892-F9D8ED3C9B31
-0.96853894,-21.960384,1,FFAB0F54-EFF2-FA1A-1892-F9D8ED3C9B31
-1.6174456,-21.921612,0,FFAB0F54-EFF2-FA1A-1892-F9D8ED3C9B31
-42.934624,-18.799608,0,FFAB0F54-EFF2-FA1A-1892-F9D8ED3C9B31
-43.132393,-18.597815,0,FFAB0F54-EFF2-FA1A-1892-F9D8ED3C9B31
8.241587,38.41826,1,FFAB0F54-EFF2-FA1A-1892-F9D8ED3C9B31
-26.457682,-22.262527,1,FFAB0F54-EFF2-FA1A-1892-F9D8ED3C9B31
-26.695482,-22.1192,2,FFAB0F54-EFF2-FA1A-1892-F9D8ED3C9B31
-27.08537,-21.848835,0,FFAB0F54-EFF2-FA1A-1892-F9D8ED3C9B31
-48.05402,-2.2422247,0,FFAB0F54-EFF2-FA1A-1892-F9D8ED3C9B31
-81.95639,-9.199202,0,FFAB0F54-EFF2-FA1A-1892-F9D8ED3C9B31
