tsne_x,tsne_y,label_mood,player_id
26.881819,-28.359655,0,018B0D8D-B5EC-09D6-90ED-550058EBFEAF
27.37649,-28.641455,0,018B0D8D-B5EC-09D6-90ED-550058EBFEAF
27.436468,-28.726181,0,018B0D8D-B5EC-09D6-90ED-550058EBFEAF
28.042402,-29.63096,2,018B0D8D-B5EC-09D6-90ED-550058EBFEAF
28.519184,-29.658525,2,018B0D8D-B5EC-09D6-90ED-550058EBFEAF
49.910328,4.730995,2,018B0D8D-B5EC-09D6-90ED-550058EBFEAF
-56.612804,-18.954054,2,018B0D8D-B5EC-09D6-90ED-550058EBFEAF
-56.61318,-18.953487,0,018B0D8D-B5EC-09D6-90ED-550058EBFEAF
-63.858574,-20.909302,0,018B0D8D-B5EC-09D6-90ED-550058EBFEAF
-63.74569,-20.282787,0,018B0D8D-B5EC-09D6-90ED-550058EBFEAF
-63.73656,-20.037128,0,018B0D8D-B5EC-09D6-90ED-550058EBFEAF
-22.294836,-9.049591,0,018B0D8D-B5EC-09D6-90ED-550058EBFEAF
-18.76932,-5.071059,2,018B0D8D-B5EC-09D6-90ED-550058EBFEAF
-18.944044,-5.196147,2,018B0D8D-B5EC-09D6-90ED-550058EBFEAF
-18.997807,-5.2173524,2,018B0D8D-B5EC-09D6-90ED-550058EBFEAF
-20.944466,-6.9161525,2,018B0D8D-B5EC-09D6-90ED-550058EBFEAF
-21.324167,-7.393522,0,018B0D8D-B5EC-09D6-90ED-550058EBFEAF
-22.001347,-8.18967,0,018B0D8D-B5EC-09D6-90ED-550058EBFEAF
55.15565,21.595772,2,018B0D8D-B5EC-09D6-90ED-550058EBFEAF
54.557728,21.280907,2,018B0D8D-B5EC-09D6-90ED-550058EBFEAF
54.91805,21.509678,2,018B0D8D-B5EC-09D6-90ED-550058EBFEAF
54.65622,21.63886,2,018B0D8D-B5EC-09D6-90ED-550058EBFEAF
8.855298,2.8377054,2,018B0D8D-B5EC-09D6-90ED-550058EBFEAF
8.819608,2.8439496,2,018B0D8D-B5EC-09D6-90ED-550058EBFEAF
33.801014,-16.03861,2,06F9F8CE-9696-23CA-25B5-000AA4A793BA
34.203243,-16.709175,2,06F9F8CE-9696-23CA-25B5-000AA4A793BA
57.806145,-11.951774,2,06F9F8CE-9696-23CA-25B5-000AA4A793BA
57.932587,-11.954362,2,06F9F8CE-9696-23CA-25B5-000AA4A793BA
58.458687,-11.736224,2,06F9F8CE-9696-23CA-25B5-000AA4A793BA
58.564075,-11.872377,2,06F9F8CE-9696-23CA-25B5-000AA4A793BA
-25.665556,-18.57177,0,06F9F8CE-9696-23CA-25B5-000AA4A793BA
-25.45628,-18.59046,2,06F9F8CE-9696-23CA-25B5-000AA4A793BA
-25.369802,-18.60028,2,06F9F8CE-9696-23CA-25B5-000AA4A793BA
-24.68891,-18.71504,2,06F9F8CE-9696-23CA-25B5-000AA4A793BA
-1.4323524,18.024908,2,06F9F8CE-9696-23CA-25B5-000AA4A793BA
-0.84221417,18.415539,2,06F9F8CE-9696-23CA-25B5-000AA4A793BA
-40.549534,18.828142,1,06F9F8CE-9696-23CA-25B5-000AA4A793BA
-14.958014,11.176327,1,06F9F8CE-9696-23CA-25B5-000AA4A793BA
-13.989872,11.397559,1,06F9F8CE-9696-23CA-25B5-000AA4A793BA
-14.033507,11.355791,2,06F9F8CE-9696-23CA-25B5-000AA4A793BA
-14.046053,11.343921,2,06F9F8CE-9696-23CA-25B5-000AA4A793BA
22.090994,-38.67538,2,06F9F8CE-9696-23CA-25B5-000AA4A793BA
2.134319,-40.973354,2,06F9F8CE-9696-23CA-25B5-000AA4A793BA
1.5369333,-40.286007,2,06F9F8CE-9696-23CA-25B5-000AA4A793BA
1.5226449,-40.30291,2,06F9F8CE-9696-23CA-25B5-000AA4A793BA
1.4510195,-40.141174,2,06F9F8CE-9696-23CA-25B5-000AA4A793BA
2.0890882,-39.683186,1,06F9F8CE-9696-23CA-25B5-000AA4A793BA
8.550086,56.450356,1,06F9F8CE-9696-23CA-25B5-000AA4A793BA
-1.3866313,-11.727356,1,06F9F8CE-9696-23CA-25B5-000AA4A793BA
-1.6673806,-11.671313,1,06F9F8CE-9696-23CA-25B5-000AA4A793BA
-2.1527503,-11.366802,2,06F9F8CE-9696-23CA-25B5-000AA4A793BA
33.065334,-21.526175,0,06F9F8CE-9696-23CA-25B5-000AA4A793BA
-32.498177,-44.641098,0,06F9F8CE-9696-23CA-25B5-000AA4A793BA
-39.750492,-42.91238,0,06F9F8CE-9696-23CA-25B5-000AA4A793BA
3.8196182,-28.700274,2,09FCECC4-F94E-ED69-5E9B-3223B590A149
3.2108414,-29.377485,2,09FCECC4-F94E-ED69-5E9B-3223B590A149
3.241748,-29.28948,2,09FCECC4-F94E-ED69-5E9B-3223B590A149
5.7988095,-44.227512,2,09FCECC4-F94E-ED69-5E9B-3223B590A149
10.487143,-36.010365,2,09FCECC4-F94E-ED69-5E9B-3223B590A149
39.324886,-28.523357,2,09FCECC4-F94E-ED69-5E9B-3223B590A149
49.56928,-7.2879996,2,09FCECC4-F94E-ED69-5E9B-3223B590A149
49.616074,-7.2196584,2,09FCECC4-F94E-ED69-5E9B-3223B590A149
49.48526,-7.632191,2,09FCECC4-F94E-ED69-5E9B-3223B590A149
20.271208,-41.696964,0,09FCECC4-F94E-ED69-5E9B-3223B590A149
20.21082,-41.752117,0,09FCECC4-F94E-ED69-5E9B-3223B590A149
-43.383995,-5.9987245,0,09FCECC4-F94E-ED69-5E9B-3223B590A149
3.346126,19.4925,1,09FCECC4-F94E-ED69-5E9B-3223B590A149
66.73489,9.456265,1,09FCECC4-F94E-ED69-5E9B-3223B590A149
57.039738,20.26807,1,09FCECC4-F94E-ED69-5E9B-3223B590A149
57.108414,20.308966,1,09FCECC4-F94E-ED69-5E9B-3223B590A149
9.453077,39.399708,1,09FCECC4-F94E-ED69-5E9B-3223B590A149
9.508497,39.38968,1,09FCECC4-F94E-ED69-5E9B-3223B590A149
-24.237936,43.009968,1,09FCECC4-F94E-ED69-5E9B-3223B590A149
-24.396822,43.14921,1,09FCECC4-F94E-ED69-5E9B-3223B590A149
-22.70446,43.25286,1,09FCECC4-F94E-ED69-5E9B-3223B590A149
19.4183,38.94172,1,09FCECC4-F94E-ED69-5E9B-3223B590A149
-10.614005,-14.808227,1,09FCECC4-F94E-ED69-5E9B-3223B590A149
-10.89072,-15.096397,1,09FCECC4-F94E-ED69-5E9B-3223B590A149
-11.016947,-15.224395,1,09FCECC4-F94E-ED69-5E9B-3223B590A149
-2.3770497,50.228867,1,09FCECC4-F94E-ED69-5E9B-3223B590A149
-2.0286558,50.30148,1,09FCECC4-F94E-ED69-5E9B-3223B590A149
-2.1322966,50.37352,1,09FCECC4-F94E-ED69-5E9B-3223B590A149
-11.903948,49.987762,1,09FCECC4-F94E-ED69-5E9B-3223B590A149
-12.206198,50.08671,1,09FCECC4-F94E-ED69-5E9B-3223B590A149
3.6200466,-10.182206,1,09FCECC4-F94E-ED69-5E9B-3223B590A149
3.4655933,-10.282067,1,09FCECC4-F94E-ED69-5E9B-3223B590A149
3.3487716,-10.436462,1,09FCECC4-F94E-ED69-5E9B-3223B590A149
2.7668583,-11.712403,1,09FCECC4-F94E-ED69-5E9B-3223B590A149
2.748846,-11.677568,1,09FCECC4-F94E-ED69-5E9B-3223B590A149
6.5618057,61.58667,1,09FCECC4-F94E-ED69-5E9B-3223B590A149
-60.91266,8.467888,1,0A221ADF-C99E-307E-7B65-92EF9DABA6C4
-23.729841,35.282055,2,0A221ADF-C99E-307E-7B65-92EF9DABA6C4
20.53142,-13.086645,2,0A221ADF-C99E-307E-7B65-92EF9DABA6C4
40.9397,-23.307043,2,0A221ADF-C99E-307E-7B65-92EF9DABA6C4
40.952194,-23.291729,2,0A221ADF-C99E-307E-7B65-92EF9DABA6C4
41.105415,-23.462366,2,0A221ADF-C99E-307E-7B65-92EF9DABA6C4
-23.917463,31.511915,2,0A221ADF-C99E-307E-7B65-92EF9DABA6C4
-23.745825,36.755695,2,0A221ADF-C99E-307E-7B65-92EF9DABA6C4
-19.25499,37.873867,2,0A221ADF-C99E-307E-7B65-92EF9DABA6C4
-18.97993,37.56507,2,0A221ADF-C99E-307E-7B65-92EF9DABA6C4
-18.72828,37.50195,2,0A221ADF-C99E-307E-7B65-92EF9DABA6C4
-18.36073,37.327515,0,0A221ADF-C99E-307E-7B65-92EF9DABA6C4
-19.777937,36.17472,0,0A221ADF-C99E-307E-7B65-92EF9DABA6C4
-50.26718,6.784315,0,0A221ADF-C99E-307E-7B65-92EF9DABA6C4
-50.23493,6.813117,0,0A221ADF-C99E-307E-7B65-92EF9DABA6C4
14.391231,31.22883,1,0A221ADF-C99E-307E-7B65-92EF9DABA6C4
62.99232,3.777202,2,0A221ADF-C99E-307E-7B65-92EF9DABA6C4
63.043633,3.7648458,2,0A221ADF-C99E-307E-7B65-92EF9DABA6C4
-62.266983,-38.19197,0,0A221ADF-C99E-307E-7B65-92EF9DABA6C4
-27.66976,6.8392053,0,0A221ADF-C99E-307E-7B65-92EF9DABA6C4
-28.888506,-14.260545,0,0A221ADF-C99E-307E-7B65-92EF9DABA6C4
-27.753307,-13.731693,2,0A221ADF-C99E-307E-7B65-92EF9DABA6C4
-27.296436,-13.529276,0,0A221ADF-C99E-307E-7B65-92EF9DABA6C4
-27.04934,-13.381356,0,0A221ADF-C99E-307E-7B65-92EF9DABA6C4
80.52127,13.239397,2,0A76B59A-F1FF-F3F5-A3CA-2386FA8EF308
80.3711,13.31711,2,0A76B59A-F1FF-F3F5-A3CA-2386FA8EF308
76.69493,18.610476,2,0A76B59A-F1FF-F3F5-A3CA-2386FA8EF308
76.41738,18.70463,2,0A76B59A-F1FF-F3F5-A3CA-2386FA8EF308
75.91281,18.721928,2,0A76B59A-F1FF-F3F5-A3CA-2386FA8EF308
-9.216661,42.251072,2,0A76B59A-F1FF-F3F5-A3CA-2386FA8EF308
58.6563,17.438517,2,0A76B59A-F1FF-F3F5-A3CA-2386FA8EF308
58.572075,17.440275,2,0A76B59A-F1FF-F3F5-A3CA-2386FA8EF308
10.178106,-42.420296,0,0A76B59A-F1FF-F3F5-A3CA-2386FA8EF308
-36.437424,-38.500477,0,0A76B59A-F1FF-F3F5-A3CA-2386FA8EF308
-66.36568,-29.082874,0,0A76B59A-F1FF-F3F5-A3CA-2386FA8EF308
18.92997,26.90481,1,0A76B59A-F1FF-F3F5-A3CA-2386FA8EF308
78.13298,5.99584,2,0A76B59A-F1FF-F3F5-A3CA-2386FA8EF308
78.379265,5.2377357,2,0A76B59A-F1FF-F3F5-A3CA-2386FA8EF308
19.002659,26.000284,2,0A76B59A-F1FF-F3F5-A3CA-2386FA8EF308
-36.409843,-49.872528,0,0A76B59A-F1FF-F3F5-A3CA-2386FA8EF308
-70.40928,-34.503704,0,0A76B59A-F1FF-F3F5-A3CA-2386FA8EF308
-70.36994,-34.5024,0,0A76B59A-F1FF-F3F5-A3CA-2386FA8EF308
-59.400505,-12.518853,0,0A76B59A-F1FF-F3F5-A3CA-2386FA8EF308
-59.213936,-12.487512,0,0A76B59A-F1FF-F3F5-A3CA-2386FA8EF308
-33.088272,22.711302,1,0A76B59A-F1FF-F3F5-A3CA-2386FA8EF308
-33.14452,22.630411,1,0A76B59A-F1FF-F3F5-A3CA-2386FA8EF308
-33.423027,21.763414,1,0A76B59A-F1FF-F3F5-A3CA-2386FA8EF308
-33.508232,21.267056,1,0A76B59A-F1FF-F3F5-A3CA-2386FA8EF308
28.352402,-0.7250988,2,0AD33010-1AC1-E9FB-2FD4-313E3DF4692D
28.348099,-0.7210783,2,0AD33010-1AC1-E9FB-2FD4-313E3DF4692D
10.783012,-40.21195,2,0AD33010-1AC1-E9FB-2FD4-313E3DF4692D
-43.087017,43.791805,2,0AD33010-1AC1-E9FB-2FD4-313E3DF4692D
-43.085423,43.805668,1,0AD33010-1AC1-E9FB-2FD4-313E3DF4692D
-42.730812,43.978867,2,0AD33010-1AC1-E9FB-2FD4-313E3DF4692D
3.8273063,1.313128,2,0AD33010-1AC1-E9FB-2FD4-313E3DF4692D
3.683874,1.5779597,2,0AD33010-1AC1-E9FB-2FD4-313E3DF4692D
2.8252156,1.7088633,2,0AD33010-1AC1-E9FB-2FD4-313E3DF4692D
36.049206,-13.028406,2,0AD33010-1AC1-E9FB-2FD4-313E3DF4692D
7.1307154,36.46238,2,0AD33010-1AC1-E9FB-2FD4-313E3DF4692D
7.1243424,36.580956,2,0AD33010-1AC1-E9FB-2FD4-313E3DF4692D
-55.873,15.4658,1,0AD33010-1AC1-E9FB-2FD4-313E3DF4692D
-55.858967,15.431478,1,0AD33010-1AC1-E9FB-2FD4-313E3DF4692D
-21.404411,-15.185652,1,0AD33010-1AC1-E9FB-2FD4-313E3DF4692D
-21.343838,-15.124933,1,0AD33010-1AC1-E9FB-2FD4-313E3DF4692D
-5.9019156,47.959137,0,0AD33010-1AC1-E9FB-2FD4-313E3DF4692D
-5.870052,48.08744,0,0AD33010-1AC1-E9FB-2FD4-313E3DF4692D
-5.1602206,58.93855,0,0AD33010-1AC1-E9FB-2FD4-313E3DF4692D
-5.165187,58.982212,0,0AD33010-1AC1-E9FB-2FD4-313E3DF4692D
-8.042715,45.349636,0,0AD33010-1AC1-E9FB-2FD4-313E3DF4692D
-7.988681,45.379467,0,0AD33010-1AC1-E9FB-2FD4-313E3DF4692D
-8.136729,45.07111,1,0AD33010-1AC1-E9FB-2FD4-313E3DF4692D
-35.002304,2.9459045,1,0AD33010-1AC1-E9FB-2FD4-313E3DF4692D
-65.07049,-5.8004537,1,0AD33010-1AC1-E9FB-2FD4-313E3DF4692D
-59.82412,31.174732,1,0AD33010-1AC1-E9FB-2FD4-313E3DF4692D
-59.695007,30.863081,1,0AD33010-1AC1-E9FB-2FD4-313E3DF4692D
-59.094627,30.875721,1,0AD33010-1AC1-E9FB-2FD4-313E3DF4692D
-58.977463,30.684956,1,0AD33010-1AC1-E9FB-2FD4-313E3DF4692D
-55.35223,33.623997,1,0AD33010-1AC1-E9FB-2FD4-313E3DF4692D
10.344401,-48.70228,0,0B5863F1-A482-C95D-EA42-9183B5BDFA12
40.36389,-41.280735,0,0B5863F1-A482-C95D-EA42-9183B5BDFA12
40.17692,-41.392075,2,0B5863F1-A482-C95D-EA42-9183B5BDFA12
40.17901,-41.22682,2,0B5863F1-A482-C95D-EA42-9183B5BDFA12
39.78448,-41.853985,2,0B5863F1-A482-C95D-EA42-9183B5BDFA12
2.7084136,-53.12719,0,0B5863F1-A482-C95D-EA42-9183B5BDFA12
52.31303,12.200964,2,0B5863F1-A482-C95D-EA42-9183B5BDFA12
52.422962,12.298076,2,0B5863F1-A482-C95D-EA42-9183B5BDFA12
52.59886,12.411826,2,0B5863F1-A482-C95D-EA42-9183B5BDFA12
53.6901,14.143996,2,0B5863F1-A482-C95D-EA42-9183B5BDFA12
53.93517,14.193423,2,0B5863F1-A482-C95D-EA42-9183B5BDFA12
75.77974,8.062909,2,0B5863F1-A482-C95D-EA42-9183B5BDFA12
-53.72582,-26.146635,0,0B5863F1-A482-C95D-EA42-9183B5BDFA12
-53.7827,-26.355877,0,0B5863F1-A482-C95D-EA42-9183B5BDFA12
-54.64085,-27.358717,0,0B5863F1-A482-C95D-EA42-9183B5BDFA12
-54.717262,-27.387243,0,0B5863F1-A482-C95D-EA42-9183B5BDFA12
-63.79724,6.7448606,0,0B5863F1-A482-C95D-EA42-9183B5BDFA12
-63.795944,6.753425,0,0B5863F1-A482-C95D-EA42-9183B5BDFA12
78.7751,3.5369823,0,0B5863F1-A482-C95D-EA42-9183B5BDFA12
-35.15124,-44.74637,0,0B5863F1-A482-C95D-EA42-9183B5BDFA12
-42.410686,-44.235672,0,0B5863F1-A482-C95D-EA42-9183B5BDFA12
-42.891384,-44.54739,0,0B5863F1-A482-C95D-EA42-9183B5BDFA12
-43.2099,-44.122494,0,0B5863F1-A482-C95D-EA42-9183B5BDFA12
-43.885273,-43.16323,0,0B5863F1-A482-C95D-EA42-9183B5BDFA12
18.833647,23.861656,2,0D759376-3F10-1BEB-7205-E91B8BF17984
18.851086,23.974356,2,0D759376-3F10-1BEB-7205-E91B8BF17984
-41.44657,-44.13808,2,0D759376-3F10-1BEB-7205-E91B8BF17984
-41.522434,-44.211533,2,0D759376-3F10-1BEB-7205-E91B8BF17984
-47.397854,-39.15675,1,0D759376-3F10-1BEB-7205-E91B8BF17984
-63.355213,9.513293,1,0D759376-3F10-1BEB-7205-E91B8BF17984
38.756817,-15.283539,2,0F3B2D98-51FE-5265-3746-A0763DE31C98
38.152267,-15.547326,2,0F3B2D98-51FE-5265-3746-A0763DE31C98
37.410526,-15.830543,2,0F3B2D98-51FE-5265-3746-A0763DE31C98
37.410168,-15.792721,2,0F3B2D98-51FE-5265-3746-A0763DE31C98
37.013103,-15.955522,2,0F3B2D98-51FE-5265-3746-A0763DE31C98
45.545063,19.73775,2,0F3B2D98-51FE-5265-3746-A0763DE31C98
83.886894,-4.2433586,2,0F3B2D98-51FE-5265-3746-A0763DE31C98
83.76786,-4.667673,2,0F3B2D98-51FE-5265-3746-A0763DE31C98
83.3445,-5.76471,2,0F3B2D98-51FE-5265-3746-A0763DE31C98
83.10495,-5.3032484,0,0F3B2D98-51FE-5265-3746-A0763DE31C98
82.828575,-5.961557,0,0F3B2D98-51FE-5265-3746-A0763DE31C98
82.65094,-6.0805297,0,0F3B2D98-51FE-5265-3746-A0763DE31C98
32.305225,-22.971758,2,0F3B2D98-51FE-5265-3746-A0763DE31C98
-36.668266,2.5720556,2,0F3B2D98-51FE-5265-3746-A0763DE31C98
-37.5589,1.9259092,2,0F3B2D98-51FE-5265-3746-A0763DE31C98
-18.447575,-16.450462,1,0F3B2D98-51FE-5265-3746-A0763DE31C98
63.523415,9.681664,1,0F3B2D98-51FE-5265-3746-A0763DE31C98
63.507694,9.807415,2,0F3B2D98-51FE-5265-3746-A0763DE31C98
68.548386,4.4979844,2,0F3B2D98-51FE-5265-3746-A0763DE31C98
68.47137,4.527923,2,0F3B2D98-51FE-5265-3746-A0763DE31C98
65.793785,4.3518,2,0F3B2D98-51FE-5265-3746-A0763DE31C98
66.018105,4.602918,1,0F3B2D98-51FE-5265-3746-A0763DE31C98
66.764725,4.803464,1,0F3B2D98-51FE-5265-3746-A0763DE31C98
8.15396,34.18769,1,0F3B2D98-51FE-5265-3746-A0763DE31C98
-44.62331,-39.0717,0,10FFF83C-FD48-DCA7-E554-491C3C1E3EC6
-41.965576,-48.305084,0,10FFF83C-FD48-DCA7-E554-491C3C1E3EC6
-42.004784,-48.403694,2,10FFF83C-FD48-DCA7-E554-491C3C1E3EC6
-29.604439,9.603911,2,10FFF83C-FD48-DCA7-E554-491C3C1E3EC6
-29.36036,11.124735,2,10FFF83C-FD48-DCA7-E554-491C3C1E3EC6
-29.265451,11.384938,2,10FFF83C-FD48-DCA7-E554-491C3C1E3EC6
-29.357698,12.22993,2,10FFF83C-FD48-DCA7-E554-491C3C1E3EC6
-3.4283817,-31.5512,2,10FFF83C-FD48-DCA7-E554-491C3C1E3EC6
-4.3491597,-31.678646,2,10FFF83C-FD48-DCA7-E554-491C3C1E3EC6
-4.405962,-31.678171,2,10FFF83C-FD48-DCA7-E554-491C3C1E3EC6
12.6279125,3.8332722,2,10FFF83C-FD48-DCA7-E554-491C3C1E3EC6
12.645467,3.8009565,2,10FFF83C-FD48-DCA7-E554-491C3C1E3EC6
-23.59071,-11.867583,0,10FFF83C-FD48-DCA7-E554-491C3C1E3EC6
-11.385293,-42.34953,0,10FFF83C-FD48-DCA7-E554-491C3C1E3EC6
-11.351412,-42.35781,0,10FFF83C-FD48-DCA7-E554-491C3C1E3EC6
2.4010615,-46.17123,0,10FFF83C-FD48-DCA7-E554-491C3C1E3EC6
2.4034963,-46.163734,0,10FFF83C-FD48-DCA7-E554-491C3C1E3EC6
-39.206123,-17.303572,0,10FFF83C-FD48-DCA7-E554-491C3C1E3EC6
-72.741455,-4.7728353,0,10FFF83C-FD48-DCA7-E554-491C3C1E3EC6
-72.62378,-4.846836,0,10FFF83C-FD48-DCA7-E554-491C3C1E3EC6
-71.381836,-5.74789,0,10FFF83C-FD48-DCA7-E554-491C3C1E3EC6
-71.198784,-5.8843155,0,10FFF83C-FD48-DCA7-E554-491C3C1E3EC6
-70.776306,-6.3121886,0,10FFF83C-FD48-DCA7-E554-491C3C1E3EC6
-70.78906,-6.9382434,0,10FFF83C-FD48-DCA7-E554-491C3C1E3EC6
-4.963485,-9.215643,2,10FFF83C-FD48-DCA7-E554-491C3C1E3EC6
-4.925378,-9.3092985,2,10FFF83C-FD48-DCA7-E554-491C3C1E3EC6
18.38396,-5.76242,2,10FFF83C-FD48-DCA7-E554-491C3C1E3EC6
18.42288,-5.753516,2,10FFF83C-FD48-DCA7-E554-491C3C1E3EC6
-6.579306,-12.663142,2,10FFF83C-FD48-DCA7-E554-491C3C1E3EC6
-6.5845556,-12.658367,2,10FFF83C-FD48-DCA7-E554-491C3C1E3EC6
4.121603,-25.375345,2,165B40B2-D9B2-DBC0-AE48-02C0F49A609F
4.040219,-25.489883,2,165B40B2-D9B2-DBC0-AE48-02C0F49A609F
3.4700124,-25.829979,2,165B40B2-D9B2-DBC0-AE48-02C0F49A609F
-26.61622,12.0039015,2,165B40B2-D9B2-DBC0-AE48-02C0F49A609F
-29.423525,8.0808115,0,165B40B2-D9B2-DBC0-AE48-02C0F49A609F
-57.75245,-5.3289313,0,165B40B2-D9B2-DBC0-AE48-02C0F49A609F
-22.361242,11.057025,2,165B40B2-D9B2-DBC0-AE48-02C0F49A609F
-28.17718,24.289392,1,165B40B2-D9B2-DBC0-AE48-02C0F49A609F
-28.209389,24.46484,1,165B40B2-D9B2-DBC0-AE48-02C0F49A609F
-28.199947,24.453232,1,165B40B2-D9B2-DBC0-AE48-02C0F49A609F
-56.03628,30.406626,1,165B40B2-D9B2-DBC0-AE48-02C0F49A609F
-56.08372,30.405087,1,165B40B2-D9B2-DBC0-AE48-02C0F49A609F
45.865654,-20.506783,2,165B40B2-D9B2-DBC0-AE48-02C0F49A609F
45.343372,-20.957563,2,165B40B2-D9B2-DBC0-AE48-02C0F49A609F
44.938286,-21.613028,2,165B40B2-D9B2-DBC0-AE48-02C0F49A609F
44.676155,-21.974735,2,165B40B2-D9B2-DBC0-AE48-02C0F49A609F
5.5575438,-38.49804,2,165B40B2-D9B2-DBC0-AE48-02C0F49A609F
5.541995,-38.46354,2,165B40B2-D9B2-DBC0-AE48-02C0F49A609F
27.756907,-44.08942,2,172A62AD-9B69-33E2-1551-9526879D80AC
7.5394077,-48.66496,2,172A62AD-9B69-33E2-1551-9526879D80AC
-16.871618,2.801369,2,172A62AD-9B69-33E2-1551-9526879D80AC
24.25359,12.395091,2,172A62AD-9B69-33E2-1551-9526879D80AC
24.206806,12.388731,2,172A62AD-9B69-33E2-1551-9526879D80AC
25.022667,12.461996,2,172A62AD-9B69-33E2-1551-9526879D80AC
37.11312,-32.57156,2,172A62AD-9B69-33E2-1551-9526879D80AC
55.28818,-18.877882,2,172A62AD-9B69-33E2-1551-9526879D80AC
-0.8556118,8.036248,2,172A62AD-9B69-33E2-1551-9526879D80AC
55.216217,-18.942226,2,172A62AD-9B69-33E2-1551-9526879D80AC
76.99413,3.1308925,2,172A62AD-9B69-33E2-1551-9526879D80AC
52.546936,16.153894,2,172A62AD-9B69-33E2-1551-9526879D80AC
53.55963,22.400688,2,172A62AD-9B69-33E2-1551-9526879D80AC
9.703128,2.6785214,2,172A62AD-9B69-33E2-1551-9526879D80AC
71.9019,9.464365,2,172A62AD-9B69-33E2-1551-9526879D80AC
72.44993,10.10096,2,172A62AD-9B69-33E2-1551-9526879D80AC
73.30461,10.5839405,2,172A62AD-9B69-33E2-1551-9526879D80AC
73.37449,10.620561,2,172A62AD-9B69-33E2-1551-9526879D80AC
13.085287,-22.721811,2,172A62AD-9B69-33E2-1551-9526879D80AC
13.065806,-22.737696,1,172A62AD-9B69-33E2-1551-9526879D80AC
0.5678321,-24.318506,2,1AE03BA6-E346-DEB8-4865-276ECC5CD9B1
43.775368,-0.011110313,2,1AE03BA6-E346-DEB8-4865-276ECC5CD9B1
43.73797,-0.14303125,2,1AE03BA6-E346-DEB8-4865-276ECC5CD9B1
44.236893,-11.922523,2,1AE03BA6-E346-DEB8-4865-276ECC5CD9B1
44.05706,-12.001956,2,1AE03BA6-E346-DEB8-4865-276ECC5CD9B1
43.00911,-11.89073,2,1AE03BA6-E346-DEB8-4865-276ECC5CD9B1
43.86671,-14.283379,1,1AE03BA6-E346-DEB8-4865-276ECC5CD9B1
43.895416,-14.565153,1,1AE03BA6-E346-DEB8-4865-276ECC5CD9B1
22.565979,19.423145,1,1AE03BA6-E346-DEB8-4865-276ECC5CD9B1
22.554245,19.411663,0,1AE03BA6-E346-DEB8-4865-276ECC5CD9B1
-14.366393,-25.245787,0,1AE03BA6-E346-DEB8-4865-276ECC5CD9B1
-27.81451,-35.181442,0,1AE03BA6-E346-DEB8-4865-276ECC5CD9B1
56.407413,2.9698153,0,1AE03BA6-E346-DEB8-4865-276ECC5CD9B1
-20.640577,8.005333,0,1AE03BA6-E346-DEB8-4865-276ECC5CD9B1
-35.456898,14.241279,0,1AE03BA6-E346-DEB8-4865-276ECC5CD9B1
-41.722115,28.324045,0,1AE03BA6-E346-DEB8-4865-276ECC5CD9B1
-41.84955,28.438736,0,1AE03BA6-E346-DEB8-4865-276ECC5CD9B1
-45.138973,26.727905,0,1AE03BA6-E346-DEB8-4865-276ECC5CD9B1
-22.033405,20.658195,1,1AE03BA6-E346-DEB8-4865-276ECC5CD9B1
-22.20487,20.784002,1,1AE03BA6-E346-DEB8-4865-276ECC5CD9B1
-23.467936,23.226633,1,1AE03BA6-E346-DEB8-4865-276ECC5CD9B1
17.691692,-26.195677,1,1AE03BA6-E346-DEB8-4865-276ECC5CD9B1
81.34043,17.971169,2,1AE03BA6-E346-DEB8-4865-276ECC5CD9B1
81.33919,17.90629,2,1AE03BA6-E346-DEB8-4865-276ECC5CD9B1
30.802843,-14.599112,2,1AE03BA6-E346-DEB8-4865-276ECC5CD9B1
-38.543343,-0.038641058,2,1AE03BA6-E346-DEB8-4865-276ECC5CD9B1
-40.652607,-31.958452,2,1AE03BA6-E346-DEB8-4865-276ECC5CD9B1
-40.711582,-32.00321,0,1AE03BA6-E346-DEB8-4865-276ECC5CD9B1
-41.189934,-32.28042,0,1AE03BA6-E346-DEB8-4865-276ECC5CD9B1
-41.400524,-32.437508,0,1AE03BA6-E346-DEB8-4865-276ECC5CD9B1
-28.662968,-23.372337,0,1AE03BA6-E346-DEB8-4865-276ECC5CD9B1
-28.455841,-23.260931,0,1AE03BA6-E346-DEB8-4865-276ECC5CD9B1
-43.029408,22.831818,0,1AE03BA6-E346-DEB8-4865-276ECC5CD9B1
-53.084667,25.099058,0,1AE03BA6-E346-DEB8-4865-276ECC5CD9B1
-53.070667,24.94569,0,1AE03BA6-E346-DEB8-4865-276ECC5CD9B1
-53.24046,24.935951,0,1AE03BA6-E346-DEB8-4865-276ECC5CD9B1
-16.317528,-11.788475,2,1F6A56CA-9C73-442F-2682-BB69E4B03AB2
-17.534355,-11.862264,2,1F6A56CA-9C73-442F-2682-BB69E4B03AB2
-17.401978,-11.872491,2,1F6A56CA-9C73-442F-2682-BB69E4B03AB2
-18.19488,-11.7553215,2,1F6A56CA-9C73-442F-2682-BB69E4B03AB2
-52.177044,10.427725,2,1F6A56CA-9C73-442F-2682-BB69E4B03AB2
-52.36228,9.47092,2,1F6A56CA-9C73-442F-2682-BB69E4B03AB2
47.06354,-9.690739,2,1FA97947-2FB7-D626-8CD3-2426BEEE97D1
47.036827,-9.70559,2,1FA97947-2FB7-D626-8CD3-2426BEEE97D1
70.969154,-8.867171,2,1FA97947-2FB7-D626-8CD3-2426BEEE97D1
70.96729,-8.865457,2,1FA97947-2FB7-D626-8CD3-2426BEEE97D1
31.868076,-26.953733,2,1FA97947-2FB7-D626-8CD3-2426BEEE97D1
31.961277,-26.892517,2,1FA97947-2FB7-D626-8CD3-2426BEEE97D1
-42.13697,-49.41356,2,1FA97947-2FB7-D626-8CD3-2426BEEE97D1
-73.81568,-23.930548,2,1FA97947-2FB7-D626-8CD3-2426BEEE97D1
-73.77014,-24.024979,2,1FA97947-2FB7-D626-8CD3-2426BEEE97D1
-73.661995,-24.24736,2,1FA97947-2FB7-D626-8CD3-2426BEEE97D1
-61.882572,3.5890956,2,1FA97947-2FB7-D626-8CD3-2426BEEE97D1
-61.833138,3.75314,1,1FA97947-2FB7-D626-8CD3-2426BEEE97D1
-68.73797,-19.070307,1,1FA97947-2FB7-D626-8CD3-2426BEEE97D1
-58.885563,6.3200564,2,1FA97947-2FB7-D626-8CD3-2426BEEE97D1
-58.765507,6.2577353,2,1FA97947-2FB7-D626-8CD3-2426BEEE97D1
-18.19972,-29.164036,2,1FA97947-2FB7-D626-8CD3-2426BEEE97D1
31.856945,-8.964086,2,1FA97947-2FB7-D626-8CD3-2426BEEE97D1
31.93422,-8.991035,2,1FA97947-2FB7-D626-8CD3-2426BEEE97D1
3.5161252,59.131706,1,1FA97947-2FB7-D626-8CD3-2426BEEE97D1
8.775864,38.69781,1,1FA97947-2FB7-D626-8CD3-2426BEEE97D1
68.01719,21.597044,1,1FA97947-2FB7-D626-8CD3-2426BEEE97D1
67.480804,21.646048,1,1FA97947-2FB7-D626-8CD3-2426BEEE97D1
66.726944,21.63892,1,1FA97947-2FB7-D626-8CD3-2426BEEE97D1
66.70608,21.619328,1,1FA97947-2FB7-D626-8CD3-2426BEEE97D1
-14.26504,-52.180378,0,243FE25F-E451-21F6-7EFA-F9DACC7D31CA
-14.262147,-52.18337,0,243FE25F-E451-21F6-7EFA-F9DACC7D31CA
-57.13946,-38.551273,0,243FE25F-E451-21F6-7EFA-F9DACC7D31CA
-57.087955,-38.378067,0,243FE25F-E451-21F6-7EFA-F9DACC7D31CA
-56.818058,-38.06405,0,243FE25F-E451-21F6-7EFA-F9DACC7D31CA
-57.01767,-37.653896,0,243FE25F-E451-21F6-7EFA-F9DACC7D31CA
68.65743,-4.8574057,0,243FE25F-E451-21F6-7EFA-F9DACC7D31CA
68.38102,-5.609227,0,243FE25F-E451-21F6-7EFA-F9DACC7D31CA
68.455376,-5.3894334,0,243FE25F-E451-21F6-7EFA-F9DACC7D31CA
68.01152,-6.7104335,0,243FE25F-E451-21F6-7EFA-F9DACC7D31CA
-9.561738,39.9924,0,243FE25F-E451-21F6-7EFA-F9DACC7D31CA
-9.592603,39.859947,0,243FE25F-E451-21F6-7EFA-F9DACC7D31CA
-3.23509,-54.21851,2,243FE25F-E451-21F6-7EFA-F9DACC7D31CA
-3.2925172,-54.277946,2,243FE25F-E451-21F6-7EFA-F9DACC7D31CA
-3.8000896,-54.782078,2,243FE25F-E451-21F6-7EFA-F9DACC7D31CA
-64.06872,-34.78529,2,243FE25F-E451-21F6-7EFA-F9DACC7D31CA
14.002836,30.304548,2,243FE25F-E451-21F6-7EFA-F9DACC7D31CA
14.069649,30.375072,2,243FE25F-E451-21F6-7EFA-F9DACC7D31CA
28.962917,-24.653067,0,243FE25F-E451-21F6-7EFA-F9DACC7D31CA
29.072754,-24.371946,0,243FE25F-E451-21F6-7EFA-F9DACC7D31CA
28.985891,-24.241058,0,243FE25F-E451-21F6-7EFA-F9DACC7D31CA
29.340528,-15.3028345,0,243FE25F-E451-21F6-7EFA-F9DACC7D31CA
29.50025,-15.216955,0,243FE25F-E451-21F6-7EFA-F9DACC7D31CA
51.716682,-14.281661,2,243FE25F-E451-21F6-7EFA-F9DACC7D31CA
12.422279,-30.267855,2,243FE25F-E451-21F6-7EFA-F9DACC7D31CA
12.445484,-30.57432,2,243FE25F-E451-21F6-7EFA-F9DACC7D31CA
12.177086,-28.937561,2,243FE25F-E451-21F6-7EFA-F9DACC7D31CA
59.642826,8.77917,2,243FE25F-E451-21F6-7EFA-F9DACC7D31CA
59.83553,8.874062,2,243FE25F-E451-21F6-7EFA-F9DACC7D31CA
60.398853,9.16062,2,243FE25F-E451-21F6-7EFA-F9DACC7D31CA
4.2711563,14.326788,0,2656C6B4-988A-A958-5107-5422027AEE1D
5.454971,13.888839,0,2656C6B4-988A-A958-5107-5422027AEE1D
5.4887843,13.943044,0,2656C6B4-988A-A958-5107-5422027AEE1D
4.9279323,13.929903,0,2656C6B4-988A-A958-5107-5422027AEE1D
5.758172,14.756339,0,2656C6B4-988A-A958-5107-5422027AEE1D
5.6126037,14.832941,0,2656C6B4-988A-A958-5107-5422027AEE1D
69.44286,0.58112156,2,2656C6B4-988A-A958-5107-5422027AEE1D
36.842335,-39.483746,2,2656C6B4-988A-A958-5107-5422027AEE1D
-4.3806562,-15.512848,0,2656C6B4-988A-A958-5107-5422027AEE1D
-66.030106,3.2868435,0,2656C6B4-988A-A958-5107-5422027AEE1D
-60.03786,-4.3709836,0,2656C6B4-988A-A958-5107-5422027AEE1D
-60.081215,-4.426282,0,2656C6B4-988A-A958-5107-5422027AEE1D
-39.378456,2.891258,0,2656C6B4-988A-A958-5107-5422027AEE1D
-8.005517,-4.0362363,0,2656C6B4-988A-A958-5107-5422027AEE1D
31.628828,-36.280525,2,2656C6B4-988A-A958-5107-5422027AEE1D
75.62001,3.1105554,2,2656C6B4-988A-A958-5107-5422027AEE1D
76.11851,3.7095976,2,2656C6B4-988A-A958-5107-5422027AEE1D
76.29116,4.2657943,2,2656C6B4-988A-A958-5107-5422027AEE1D
-40.591442,1.8753918,0,2656C6B4-988A-A958-5107-5422027AEE1D
-40.458538,1.4635736,0,2656C6B4-988A-A958-5107-5422027AEE1D
-40.437786,0.44109994,0,2656C6B4-988A-A958-5107-5422027AEE1D
-40.471764,0.42719066,0,2656C6B4-988A-A958-5107-5422027AEE1D
-41.340878,-0.46987447,0,2656C6B4-988A-A958-5107-5422027AEE1D
-41.69088,-0.70817816,0,2656C6B4-988A-A958-5107-5422027AEE1D
14.867701,-14.074093,2,27C12E79-B4DD-AA48-E99E-552C6BAEBA6F
15.395975,-13.472526,2,27C12E79-B4DD-AA48-E99E-552C6BAEBA6F
15.690816,-13.043183,2,27C12E79-B4DD-AA48-E99E-552C6BAEBA6F
15.716063,-12.913103,2,27C12E79-B4DD-AA48-E99E-552C6BAEBA6F
16.061575,-12.956013,2,27C12E79-B4DD-AA48-E99E-552C6BAEBA6F
16.9087,-11.773746,0,27C12E79-B4DD-AA48-E99E-552C6BAEBA6F
-35.010334,-15.508953,2,27C12E79-B4DD-AA48-E99E-552C6BAEBA6F
-34.885513,-15.4614725,2,27C12E79-B4DD-AA48-E99E-552C6BAEBA6F
-34.84592,-15.463067,2,27C12E79-B4DD-AA48-E99E-552C6BAEBA6F
-32.717556,2.8128142,2,27C12E79-B4DD-AA48-E99E-552C6BAEBA6F
-32.74138,2.169206,2,27C12E79-B4DD-AA48-E99E-552C6BAEBA6F
-32.74953,2.1403394,0,27C12E79-B4DD-AA48-E99E-552C6BAEBA6F
39.721386,18.303362,2,27C12E79-B4DD-AA48-E99E-552C6BAEBA6F
-24.831564,8.164717,2,27C12E79-B4DD-AA48-E99E-552C6BAEBA6F
-28.532469,-5.33577,2,27C12E79-B4DD-AA48-E99E-552C6BAEBA6F
-28.554556,-5.429288,2,27C12E79-B4DD-AA48-E99E-552C6BAEBA6F
-71.15396,-11.182157,1,27C12E79-B4DD-AA48-E99E-552C6BAEBA6F
-71.15372,-11.182213,2,27C12E79-B4DD-AA48-E99E-552C6BAEBA6F
-35.69388,17.243193,2,27C12E79-B4DD-AA48-E99E-552C6BAEBA6F
-35.606174,17.997751,2,27C12E79-B4DD-AA48-E99E-552C6BAEBA6F
-35.554993,18.281023,2,27C12E79-B4DD-AA48-E99E-552C6BAEBA6F
-35.41088,18.626732,2,27C12E79-B4DD-AA48-E99E-552C6BAEBA6F
-34.243465,-2.0281842,1,27C12E79-B4DD-AA48-E99E-552C6BAEBA6F
-19.787374,18.583445,1,27C12E79-B4DD-AA48-E99E-552C6BAEBA6F
66.72076,12.046544,2,2C636222-CB43-AB6F-444A-7278047991C7
66.62545,12.033387,2,2C636222-CB43-AB6F-444A-7278047991C7
44.301395,-18.946209,2,2C636222-CB43-AB6F-444A-7278047991C7
27.22968,-26.055872,2,2C636222-CB43-AB6F-444A-7278047991C7
26.280651,-25.58701,2,2C636222-CB43-AB6F-444A-7278047991C7
-0.12877636,-48.77087,0,2C636222-CB43-AB6F-444A-7278047991C7
-18.487083,2.9947135,0,2C636222-CB43-AB6F-444A-7278047991C7
-17.853655,2.8856037,0,2C636222-CB43-AB6F-444A-7278047991C7
-15.006814,4.558223,0,2C636222-CB43-AB6F-444A-7278047991C7
-15.02854,4.464068,2,2C636222-CB43-AB6F-444A-7278047991C7
-15.107226,4.344385,2,2C636222-CB43-AB6F-444A-7278047991C7
-14.46818,5.087585,2,2C636222-CB43-AB6F-444A-7278047991C7
45.119156,-12.984417,2,35FEE4B0-EF25-110F-8D86-5410FA57646B
18.08578,-28.871086,2,35FEE4B0-EF25-110F-8D86-5410FA57646B
-8.47446,-21.680756,2,35FEE4B0-EF25-110F-8D86-5410FA57646B
-8.231469,-21.665155,2,35FEE4B0-EF25-110F-8D86-5410FA57646B
39.077496,4.8575807,2,35FEE4B0-EF25-110F-8D86-5410FA57646B
37.902355,5.207602,2,35FEE4B0-EF25-110F-8D86-5410FA57646B
77.21357,13.849267,2,35FEE4B0-EF25-110F-8D86-5410FA57646B
47.095356,-13.374307,2,35FEE4B0-EF25-110F-8D86-5410FA57646B
47.7754,-13.371904,2,35FEE4B0-EF25-110F-8D86-5410FA57646B
17.564516,27.00945,2,35FEE4B0-EF25-110F-8D86-5410FA57646B
17.883568,26.99655,0,35FEE4B0-EF25-110F-8D86-5410FA57646B
-61.42542,4.883901,0,35FEE4B0-EF25-110F-8D86-5410FA57646B
-9.167187,49.167183,0,35FEE4B0-EF25-110F-8D86-5410FA57646B
15.697519,14.703335,2,35FEE4B0-EF25-110F-8D86-5410FA57646B
15.116035,14.657807,2,35FEE4B0-EF25-110F-8D86-5410FA57646B
14.814209,14.912094,2,35FEE4B0-EF25-110F-8D86-5410FA57646B
14.797501,15.063805,2,35FEE4B0-EF25-110F-8D86-5410FA57646B
14.246981,16.207705,2,35FEE4B0-EF25-110F-8D86-5410FA57646B
5.3104167,61.430687,1,35FEE4B0-EF25-110F-8D86-5410FA57646B
5.111656,61.423176,1,35FEE4B0-EF25-110F-8D86-5410FA57646B
5.3423686,61.374294,1,35FEE4B0-EF25-110F-8D86-5410FA57646B
7.159411,60.347248,1,35FEE4B0-EF25-110F-8D86-5410FA57646B
-53.47461,-29.195797,1,35FEE4B0-EF25-110F-8D86-5410FA57646B
-6.370363,-17.858418,1,35FEE4B0-EF25-110F-8D86-5410FA57646B
36.49186,14.460455,1,35FEE4B0-EF25-110F-8D86-5410FA57646B
36.544235,14.511567,1,35FEE4B0-EF25-110F-8D86-5410FA57646B
19.90048,9.712403,1,35FEE4B0-EF25-110F-8D86-5410FA57646B
7.4301505,53.36541,1,35FEE4B0-EF25-110F-8D86-5410FA57646B
7.1980414,53.8098,1,35FEE4B0-EF25-110F-8D86-5410FA57646B
6.9543877,54.130524,1,35FEE4B0-EF25-110F-8D86-5410FA57646B
-26.355356,45.603058,1,35FEE4B0-EF25-110F-8D86-5410FA57646B
-26.309963,45.785473,1,35FEE4B0-EF25-110F-8D86-5410FA57646B
-27.097044,45.569386,1,35FEE4B0-EF25-110F-8D86-5410FA57646B
-31.590834,44.76604,1,35FEE4B0-EF25-110F-8D86-5410FA57646B
-30.872532,44.76888,1,35FEE4B0-EF25-110F-8D86-5410FA57646B
-30.572365,44.787216,1,35FEE4B0-EF25-110F-8D86-5410FA57646B
59.238476,1.4754385,2,37249306-1597-DC6D-3544-6FEDBBF8B848
28.728823,6.480789,2,37249306-1597-DC6D-3544-6FEDBBF8B848
28.619911,6.4192886,2,37249306-1597-DC6D-3544-6FEDBBF8B848
28.648228,6.420547,2,37249306-1597-DC6D-3544-6FEDBBF8B848
-7.3470135,-18.348236,0,37249306-1597-DC6D-3544-6FEDBBF8B848
8.012923,-40.441208,0,37249306-1597-DC6D-3544-6FEDBBF8B848
36.77522,-37.583687,2,37249306-1597-DC6D-3544-6FEDBBF8B848
-2.0859785,-0.60118955,0,37249306-1597-DC6D-3544-6FEDBBF8B848
-47.024117,7.8837066,0,37249306-1597-DC6D-3544-6FEDBBF8B848
-18.349173,-25.258564,0,37249306-1597-DC6D-3544-6FEDBBF8B848
-18.429811,-25.258001,0,37249306-1597-DC6D-3544-6FEDBBF8B848
9.325016,-41.105213,0,37249306-1597-DC6D-3544-6FEDBBF8B848
-31.429436,-5.2258296,1,37249306-1597-DC6D-3544-6FEDBBF8B848
-31.663668,-5.4807477,0,37249306-1597-DC6D-3544-6FEDBBF8B848
-31.917887,-5.5033836,0,37249306-1597-DC6D-3544-6FEDBBF8B848
-43.478188,18.842524,0,37249306-1597-DC6D-3544-6FEDBBF8B848
-45.997345,16.666555,0,37249306-1597-DC6D-3544-6FEDBBF8B848
-46.01446,16.682247,0,37249306-1597-DC6D-3544-6FEDBBF8B848
35.30656,11.307888,2,37249306-1597-DC6D-3544-6FEDBBF8B848
35.202755,11.297877,2,37249306-1597-DC6D-3544-6FEDBBF8B848
27.484161,10.871769,2,37249306-1597-DC6D-3544-6FEDBBF8B848
27.425837,10.893192,0,37249306-1597-DC6D-3544-6FEDBBF8B848
-21.089613,0.13738029,0,37249306-1597-DC6D-3544-6FEDBBF8B848
-21.196342,0.09617968,0,37249306-1597-DC6D-3544-6FEDBBF8B848
-61.861725,-11.617005,0,37249306-1597-DC6D-3544-6FEDBBF8B848
-61.837955,-11.190367,1,37249306-1597-DC6D-3544-6FEDBBF8B848
-61.081135,-10.09705,0,37249306-1597-DC6D-3544-6FEDBBF8B848
-60.725983,-8.173255,0,37249306-1597-DC6D-3544-6FEDBBF8B848
-61.3681,-7.404664,0,37249306-1597-DC6D-3544-6FEDBBF8B848
-61.52612,-7.277099,0,37249306-1597-DC6D-3544-6FEDBBF8B848
-9.580806,50.488956,1,3C54E0F5-9C12-3137-9EC1-39645770F53A
21.306505,-20.731188,1,3C54E0F5-9C12-3137-9EC1-39645770F53A
21.30104,-20.746717,1,3C54E0F5-9C12-3137-9EC1-39645770F53A
4.4759917,56.0979,1,3C54E0F5-9C12-3137-9EC1-39645770F53A
4.527503,56.121395,1,3C54E0F5-9C12-3137-9EC1-39645770F53A
9.137866,55.203423,1,3C54E0F5-9C12-3137-9EC1-39645770F53A
3.4176238,43.40304,1,3C54E0F5-9C12-3137-9EC1-39645770F53A
7.813713,13.536482,1,3C54E0F5-9C12-3137-9EC1-39645770F53A
7.7586675,13.471898,1,3C54E0F5-9C12-3137-9EC1-39645770F53A
8.676737,13.559168,1,3C54E0F5-9C12-3137-9EC1-39645770F53A
8.897495,13.502435,1,3C54E0F5-9C12-3137-9EC1-39645770F53A
5.420967,11.160372,1,3C54E0F5-9C12-3137-9EC1-39645770F53A
-48.60705,30.406433,1,3C54E0F5-9C12-3137-9EC1-39645770F53A
-44.793606,30.33359,1,3C54E0F5-9C12-3137-9EC1-39645770F53A
-44.685837,30.306694,1,3C54E0F5-9C12-3137-9EC1-39645770F53A
-44.44877,29.466337,1,3C54E0F5-9C12-3137-9EC1-39645770F53A
-44.26757,29.154074,1,3C54E0F5-9C12-3137-9EC1-39645770F53A
4.3755403,23.65606,2,3C54E0F5-9C12-3137-9EC1-39645770F53A
49.83567,-21.704466,2,3FC0B5B3-AC42-BF96-D8EE-10E81EAAACF6
49.829285,-21.695591,2,3FC0B5B3-AC42-BF96-D8EE-10E81EAAACF6
50.16161,-21.508125,2,3FC0B5B3-AC42-BF96-D8EE-10E81EAAACF6
50.296486,-20.811754,1,3FC0B5B3-AC42-BF96-D8EE-10E81EAAACF6
-39.130573,26.016354,1,3FC0B5B3-AC42-BF96-D8EE-10E81EAAACF6
-39.14062,25.960318,1,3FC0B5B3-AC42-BF96-D8EE-10E81EAAACF6
39.399418,12.811578,2,3FC0B5B3-AC42-BF96-D8EE-10E81EAAACF6
54.646343,-6.01021,2,3FC0B5B3-AC42-BF96-D8EE-10E81EAAACF6
61.244274,17.730068,2,3FC0B5B3-AC42-BF96-D8EE-10E81EAAACF6
61.338974,17.827429,2,3FC0B5B3-AC42-BF96-D8EE-10E81EAAACF6
61.249878,17.898249,2,3FC0B5B3-AC42-BF96-D8EE-10E81EAAACF6
28.71806,17.017208,2,3FC0B5B3-AC42-BF96-D8EE-10E81EAAACF6
-13.356488,2.0400121,2,3FC0B5B3-AC42-BF96-D8EE-10E81EAAACF6
-14.563272,-33.12129,2,3FC0B5B3-AC42-BF96-D8EE-10E81EAAACF6
-13.49151,-30.591873,2,3FC0B5B3-AC42-BF96-D8EE-10E81EAAACF6
-13.61525,-31.340347,2,3FC0B5B3-AC42-BF96-D8EE-10E81EAAACF6
-13.605025,-31.305605,2,3FC0B5B3-AC42-BF96-D8EE-10E81EAAACF6
26.850954,16.23998,2,3FC0B5B3-AC42-BF96-D8EE-10E81EAAACF6
26.699776,16.121267,2,3FC0B5B3-AC42-BF96-D8EE-10E81EAAACF6
76.323746,1.9731895,2,3FC0B5B3-AC42-BF96-D8EE-10E81EAAACF6
1.1193328,55.77521,2,3FC0B5B3-AC42-BF96-D8EE-10E81EAAACF6
1.2829592,56.22581,2,3FC0B5B3-AC42-BF96-D8EE-10E81EAAACF6
1.6983122,56.895367,2,3FC0B5B3-AC42-BF96-D8EE-10E81EAAACF6
1.8776065,57.289177,2,3FC0B5B3-AC42-BF96-D8EE-10E81EAAACF6
2.6897073,49.47255,0,4690C2DC-C0B5-6C1B-880A-D31C46C8A565
3.164297,48.977524,0,4690C2DC-C0B5-6C1B-880A-D31C46C8A565
3.2839673,49.174713,0,4690C2DC-C0B5-6C1B-880A-D31C46C8A565
3.2095528,48.960014,2,4690C2DC-C0B5-6C1B-880A-D31C46C8A565
3.5181994,48.169456,2,4690C2DC-C0B5-6C1B-880A-D31C46C8A565
52.72764,19.067518,2,4690C2DC-C0B5-6C1B-880A-D31C46C8A565
-44.80443,-1.2242787,0,4690C2DC-C0B5-6C1B-880A-D31C46C8A565
-44.87489,-1.3243909,0,4690C2DC-C0B5-6C1B-880A-D31C46C8A565
-44.55046,-0.8680649,0,4690C2DC-C0B5-6C1B-880A-D31C46C8A565
-43.937485,-0.31411952,0,4690C2DC-C0B5-6C1B-880A-D31C46C8A565
-57.252247,-8.452721,0,4690C2DC-C0B5-6C1B-880A-D31C46C8A565
-57.469486,-8.405693,0,4690C2DC-C0B5-6C1B-880A-D31C46C8A565
78.963844,15.302931,2,4690C2DC-C0B5-6C1B-880A-D31C46C8A565
77.904144,15.562477,2,4690C2DC-C0B5-6C1B-880A-D31C46C8A565
77.95658,15.593809,2,4690C2DC-C0B5-6C1B-880A-D31C46C8A565
77.88011,15.682936,2,4690C2DC-C0B5-6C1B-880A-D31C46C8A565
59.077595,19.597567,2,4690C2DC-C0B5-6C1B-880A-D31C46C8A565
55.271156,-7.736577,2,4690C2DC-C0B5-6C1B-880A-D31C46C8A565
-42.37832,-42.995975,0,4690C2DC-C0B5-6C1B-880A-D31C46C8A565
-42.679447,-43.038406,0,4690C2DC-C0B5-6C1B-880A-D31C46C8A565
-43.023117,-42.912487,0,4690C2DC-C0B5-6C1B-880A-D31C46C8A565
-64.021835,-5.5453568,0,4690C2DC-C0B5-6C1B-880A-D31C46C8A565
-59.741093,-1.3915302,2,4690C2DC-C0B5-6C1B-880A-D31C46C8A565
-59.704506,-1.507753,2,4690C2DC-C0B5-6C1B-880A-D31C46C8A565
-10.975923,-22.470203,2,46A9A47E-EDE3-2EF4-2F06-E95AF67D57E1
-10.954463,-22.442482,2,46A9A47E-EDE3-2EF4-2F06-E95AF67D57E1
-11.359486,-22.564154,2,46A9A47E-EDE3-2EF4-2F06-E95AF67D57E1
6.2958946,-48.099705,2,46A9A47E-EDE3-2EF4-2F06-E95AF67D57E1
6.202509,-47.958405,2,46A9A47E-EDE3-2EF4-2F06-E95AF67D57E1
-21.323597,-44.023117,2,46A9A47E-EDE3-2EF4-2F06-E95AF67D57E1
58.737484,6.329606,2,46A9A47E-EDE3-2EF4-2F06-E95AF67D57E1
35.894596,-0.08031959,2,46A9A47E-EDE3-2EF4-2F06-E95AF67D57E1
13.269212,10.958202,2,46A9A47E-EDE3-2EF4-2F06-E95AF67D57E1
13.132058,11.28097,0,46A9A47E-EDE3-2EF4-2F06-E95AF67D57E1
13.110398,11.541594,0,46A9A47E-EDE3-2EF4-2F06-E95AF67D57E1
12.343335,11.578796,0,46A9A47E-EDE3-2EF4-2F06-E95AF67D57E1
10.3036175,11.035397,0,46A9A47E-EDE3-2EF4-2F06-E95AF67D57E1
9.8972645,10.413511,0,46A9A47E-EDE3-2EF4-2F06-E95AF67D57E1
8.973651,10.061675,2,46A9A47E-EDE3-2EF4-2F06-E95AF67D57E1
9.753872,10.107334,2,46A9A47E-EDE3-2EF4-2F06-E95AF67D57E1
10.014177,9.745447,2,46A9A47E-EDE3-2EF4-2F06-E95AF67D57E1
0.37629524,-27.781824,2,46A9A47E-EDE3-2EF4-2F06-E95AF67D57E1
-8.450365,-26.19428,0,46A9A47E-EDE3-2EF4-2F06-E95AF67D57E1
-8.447687,-26.16946,0,46A9A47E-EDE3-2EF4-2F06-E95AF67D57E1
-9.267205,-25.976595,0,46A9A47E-EDE3-2EF4-2F06-E95AF67D57E1
-9.267786,-26.093424,0,46A9A47E-EDE3-2EF4-2F06-E95AF67D57E1
-9.665987,-26.333387,2,46A9A47E-EDE3-2EF4-2F06-E95AF67D57E1
-18.635504,20.979229,2,46A9A47E-EDE3-2EF4-2F06-E95AF67D57E1
-55.416008,-23.938879,0,46A9A47E-EDE3-2EF4-2F06-E95AF67D57E1
-55.396214,-23.919416,0,46A9A47E-EDE3-2EF4-2F06-E95AF67D57E1
-13.665106,16.401281,2,47494449-E68E-E554-8BB1-ECEEE432E269
-13.673331,16.3969,2,47494449-E68E-E554-8BB1-ECEEE432E269
-0.4999967,-0.47239274,2,47494449-E68E-E554-8BB1-ECEEE432E269
43.924534,5.5665946,2,47494449-E68E-E554-8BB1-ECEEE432E269
44.325752,5.9894714,2,47494449-E68E-E554-8BB1-ECEEE432E269
44.610115,6.2231474,2,47494449-E68E-E554-8BB1-ECEEE432E269
-18.956392,9.162064,0,47494449-E68E-E554-8BB1-ECEEE432E269
-48.203396,-5.8452244,0,47494449-E68E-E554-8BB1-ECEEE432E269
-13.411069,4.1862946,0,47494449-E68E-E554-8BB1-ECEEE432E269
3.1238842,-35.472027,0,47494449-E68E-E554-8BB1-ECEEE432E269
53.348,-21.306,0,47494449-E68E-E554-8BB1-ECEEE432E269
53.306007,-21.324179,0,47494449-E68E-E554-8BB1-ECEEE432E269
-45.234665,26.439707,0,47494449-E68E-E554-8BB1-ECEEE432E269
-43.916225,26.14295,0,47494449-E68E-E554-8BB1-ECEEE432E269
-44.130436,25.741312,0,47494449-E68E-E554-8BB1-ECEEE432E269
-49.490395,0.8035387,0,47494449-E68E-E554-8BB1-ECEEE432E269
-73.49125,-28.918585,0,47494449-E68E-E554-8BB1-ECEEE432E269
-73.492744,-28.919508,0,47494449-E68E-E554-8BB1-ECEEE432E269
39.633076,-7.0319324,0,48847236-6E23-6E61-57CD-780C68FAA2C2
9.40449,-16.310547,0,48847236-6E23-6E61-57CD-780C68FAA2C2
10.151387,-16.282055,2,48847236-6E23-6E61-57CD-780C68FAA2C2
10.376225,-16.11181,2,48847236-6E23-6E61-57CD-780C68FAA2C2
10.35975,-15.691241,2,48847236-6E23-6E61-57CD-780C68FAA2C2
10.469525,-15.514733,2,48847236-6E23-6E61-57CD-780C68FAA2C2
5.38167,-15.337461,2,48847236-6E23-6E61-57CD-780C68FAA2C2
3.7881708,-15.9283085,2,48847236-6E23-6E61-57CD-780C68FAA2C2
3.1360495,-15.900136,2,48847236-6E23-6E61-57CD-780C68FAA2C2
3.1512835,-15.926774,2,48847236-6E23-6E61-57CD-780C68FAA2C2
2.8036332,-15.856431,2,48847236-6E23-6E61-57CD-780C68FAA2C2
34.751396,-25.803106,2,48847236-6E23-6E61-57CD-780C68FAA2C2
-67.5687,-35.509857,0,48847236-6E23-6E61-57CD-780C68FAA2C2
-67.49077,-35.566456,0,48847236-6E23-6E61-57CD-780C68FAA2C2
-36.99821,-26.222954,0,48847236-6E23-6E61-57CD-780C68FAA2C2
-35.480736,-25.834143,0,48847236-6E23-6E61-57CD-780C68FAA2C2
-35.36217,-25.80248,0,48847236-6E23-6E61-57CD-780C68FAA2C2
-10.774996,5.477211,0,48847236-6E23-6E61-57CD-780C68FAA2C2
-63.875484,-8.6407,0,48847236-6E23-6E61-57CD-780C68FAA2C2
-63.825962,-8.592633,0,48847236-6E23-6E61-57CD-780C68FAA2C2
-69.85893,-23.358463,0,48847236-6E23-6E61-57CD-780C68FAA2C2
-70.032326,-23.3664,0,48847236-6E23-6E61-57CD-780C68FAA2C2
-70.29132,-23.32491,0,48847236-6E23-6E61-57CD-780C68FAA2C2
-40.791416,-6.1519217,0,48847236-6E23-6E61-57CD-780C68FAA2C2
-50.96448,29.83273,0,48847236-6E23-6E61-57CD-780C68FAA2C2
-29.672813,-0.7434837,0,48847236-6E23-6E61-57CD-780C68FAA2C2
-29.10638,-0.5977786,0,48847236-6E23-6E61-57CD-780C68FAA2C2
-29.030125,-0.5086458,0,48847236-6E23-6E61-57CD-780C68FAA2C2
-28.242655,-0.51731884,0,48847236-6E23-6E61-57CD-780C68FAA2C2
62.92293,29.4979,2,48847236-6E23-6E61-57CD-780C68FAA2C2
25.367487,-32.755604,2,48847236-6E23-6E61-57CD-780C68FAA2C2
25.396524,-32.753254,2,48847236-6E23-6E61-57CD-780C68FAA2C2
-9.6045475,33.566788,2,48D32E40-ABB9-E3FB-185C-8A5AA0C44CBF
-9.547028,33.29053,2,48D32E40-ABB9-E3FB-185C-8A5AA0C44CBF
-9.565439,33.298126,2,48D32E40-ABB9-E3FB-185C-8A5AA0C44CBF
-13.330521,29.708685,2,48D32E40-ABB9-E3FB-185C-8A5AA0C44CBF
-16.51832,34.06525,2,48D32E40-ABB9-E3FB-185C-8A5AA0C44CBF
-16.502365,34.08393,0,48D32E40-ABB9-E3FB-185C-8A5AA0C44CBF
69.43525,16.936205,2,48D32E40-ABB9-E3FB-185C-8A5AA0C44CBF
69.31475,17.034237,2,48D32E40-ABB9-E3FB-185C-8A5AA0C44CBF
67.71581,17.526804,2,48D32E40-ABB9-E3FB-185C-8A5AA0C44CBF
67.49962,16.078503,2,48D32E40-ABB9-E3FB-185C-8A5AA0C44CBF
67.466805,15.355675,2,48D32E40-ABB9-E3FB-185C-8A5AA0C44CBF
67.60443,14.827643,2,48D32E40-ABB9-E3FB-185C-8A5AA0C44CBF
23.291199,-27.597424,2,4B423110-8A54-A87F-39BB-D68BF033C7FC
15.882134,-24.510406,2,4B423110-8A54-A87F-39BB-D68BF033C7FC
15.9780445,-25.21797,2,4B423110-8A54-A87F-39BB-D68BF033C7FC
15.822855,-25.143051,2,4B423110-8A54-A87F-39BB-D68BF033C7FC
15.339982,-25.14062,2,4B423110-8A54-A87F-39BB-D68BF033C7FC
15.721749,-26.348808,0,4B423110-8A54-A87F-39BB-D68BF033C7FC
-57.938225,-16.292936,0,4B423110-8A54-A87F-39BB-D68BF033C7FC
-63.10572,21.706217,0,4B423110-8A54-A87F-39BB-D68BF033C7FC
-65.03465,21.89582,1,4B423110-8A54-A87F-39BB-D68BF033C7FC
-65.18234,21.809742,2,4B423110-8A54-A87F-39BB-D68BF033C7FC
-65.24883,21.820372,2,4B423110-8A54-A87F-39BB-D68BF033C7FC
-65.90603,22.493036,2,4B423110-8A54-A87F-39BB-D68BF033C7FC
-66.341896,21.86615,2,4B423110-8A54-A87F-39BB-D68BF033C7FC
-66.39591,23.227512,2,4B423110-8A54-A87F-39BB-D68BF033C7FC
-36.44553,15.6906805,2,4B423110-8A54-A87F-39BB-D68BF033C7FC
-45.976944,34.187492,2,4B423110-8A54-A87F-39BB-D68BF033C7FC
-46.250885,34.094997,2,4B423110-8A54-A87F-39BB-D68BF033C7FC
-46.684345,34.07328,2,4B423110-8A54-A87F-39BB-D68BF033C7FC
75.9741,-1.9870342,2,4B423110-8A54-A87F-39BB-D68BF033C7FC
76.01334,-2.0630066,2,4B423110-8A54-A87F-39BB-D68BF033C7FC
76.383125,-2.9280624,2,4B423110-8A54-A87F-39BB-D68BF033C7FC
59.372196,3.3157558,2,4B423110-8A54-A87F-39BB-D68BF033C7FC
59.742596,3.8641849,2,4B423110-8A54-A87F-39BB-D68BF033C7FC
59.74023,3.861887,2,4B423110-8A54-A87F-39BB-D68BF033C7FC
18.340113,31.514017,2,4BD5749B-A1D2-E6C9-156F-DF107802D3BE
18.610426,31.198837,2,4BD5749B-A1D2-E6C9-156F-DF107802D3BE
3.4587667,20.30857,1,4BD5749B-A1D2-E6C9-156F-DF107802D3BE
0.96616316,60.876343,1,4BD5749B-A1D2-E6C9-156F-DF107802D3BE
1.1512449,61.003963,1,4BD5749B-A1D2-E6C9-156F-DF107802D3BE
0.9802067,61.041973,1,4BD5749B-A1D2-E6C9-156F-DF107802D3BE
10.094124,54.554726,1,4BD5749B-A1D2-E6C9-156F-DF107802D3BE
10.237875,54.501633,1,4BD5749B-A1D2-E6C9-156F-DF107802D3BE
-3.4891014,12.602409,2,4BD5749B-A1D2-E6C9-156F-DF107802D3BE
-15.755596,-15.74586,2,4BD5749B-A1D2-E6C9-156F-DF107802D3BE
-36.290726,11.360063,2,4BD5749B-A1D2-E6C9-156F-DF107802D3BE
-42.657253,17.254494,2,4BD5749B-A1D2-E6C9-156F-DF107802D3BE
-52.43867,40.93129,2,4BD5749B-A1D2-E6C9-156F-DF107802D3BE
-52.0465,40.7189,2,4BD5749B-A1D2-E6C9-156F-DF107802D3BE
-51.94292,40.698498,2,4BD5749B-A1D2-E6C9-156F-DF107802D3BE
5.8333793,-7.7197466,2,4BD5749B-A1D2-E6C9-156F-DF107802D3BE
8.814504,-9.986803,1,4BD5749B-A1D2-E6C9-156F-DF107802D3BE
-2.345515,-29.119312,2,4BD5749B-A1D2-E6C9-156F-DF107802D3BE
11.49297,-10.965133,2,4BD5749B-A1D2-E6C9-156F-DF107802D3BE
11.382344,-11.016391,2,4BD5749B-A1D2-E6C9-156F-DF107802D3BE
11.034219,-11.397694,2,4BD5749B-A1D2-E6C9-156F-DF107802D3BE
8.866796,-25.31075,2,4BD5749B-A1D2-E6C9-156F-DF107802D3BE
43.566975,-21.739088,2,4BD5749B-A1D2-E6C9-156F-DF107802D3BE
-21.451387,41.48113,2,4BD5749B-A1D2-E6C9-156F-DF107802D3BE
54.584198,32.975895,2,4BD5749B-A1D2-E6C9-156F-DF107802D3BE
54.351246,32.940243,2,4BD5749B-A1D2-E6C9-156F-DF107802D3BE
53.984955,32.9077,2,4BD5749B-A1D2-E6C9-156F-DF107802D3BE
52.74865,32.75485,2,4BD5749B-A1D2-E6C9-156F-DF107802D3BE
52.80231,32.769264,2,4BD5749B-A1D2-E6C9-156F-DF107802D3BE
-19.118265,46.271984,1,4BD5749B-A1D2-E6C9-156F-DF107802D3BE
78.02857,11.52734,2,4BD5749B-A1D2-E6C9-156F-DF107802D3BE
29.761839,17.148945,2,4BD5749B-A1D2-E6C9-156F-DF107802D3BE
-19.542698,6.4713407,0,4BD5749B-A1D2-E6C9-156F-DF107802D3BE
-42.15005,1.3832608,0,4BD5749B-A1D2-E6C9-156F-DF107802D3BE
30.006649,37.96211,0,4BD5749B-A1D2-E6C9-156F-DF107802D3BE
29.999182,37.9561,0,4BD5749B-A1D2-E6C9-156F-DF107802D3BE
33.274014,-14.449084,2,4BFAECAC-0CC2-F9AC-17BB-7343BE737D81
33.27053,-14.380206,2,4BFAECAC-0CC2-F9AC-17BB-7343BE737D81
32.977043,-13.813318,2,4BFAECAC-0CC2-F9AC-17BB-7343BE737D81
32.707314,-15.571015,2,4BFAECAC-0CC2-F9AC-17BB-7343BE737D81
31.583324,-17.431662,2,4BFAECAC-0CC2-F9AC-17BB-7343BE737D81
31.647396,-17.38574,2,4BFAECAC-0CC2-F9AC-17BB-7343BE737D81
62.57481,-10.118942,2,4BFAECAC-0CC2-F9AC-17BB-7343BE737D81
29.85608,-47.556522,2,4BFAECAC-0CC2-F9AC-17BB-7343BE737D81
-18.715391,-39.94477,2,4BFAECAC-0CC2-F9AC-17BB-7343BE737D81
29.2104,-47.38102,2,4BFAECAC-0CC2-F9AC-17BB-7343BE737D81
55.748394,-3.3059692,2,4BFAECAC-0CC2-F9AC-17BB-7343BE737D81
55.768925,-3.25425,2,4BFAECAC-0CC2-F9AC-17BB-7343BE737D81
47.7712,-19.088644,2,4BFAECAC-0CC2-F9AC-17BB-7343BE737D81
47.73474,-19.156391,2,4BFAECAC-0CC2-F9AC-17BB-7343BE737D81
9.841974,-12.401172,2,4BFAECAC-0CC2-F9AC-17BB-7343BE737D81
-38.24953,38.250584,2,4BFAECAC-0CC2-F9AC-17BB-7343BE737D81
-19.415537,14.2809515,2,4BFAECAC-0CC2-F9AC-17BB-7343BE737D81
-19.269571,14.271128,2,4BFAECAC-0CC2-F9AC-17BB-7343BE737D81
72.69431,-2.9933114,2,4BFAECAC-0CC2-F9AC-17BB-7343BE737D81
72.70298,-3.0017726,2,4BFAECAC-0CC2-F9AC-17BB-7343BE737D81
39.592937,-37.93409,2,4BFAECAC-0CC2-F9AC-17BB-7343BE737D81
-56.444485,17.411713,2,4BFAECAC-0CC2-F9AC-17BB-7343BE737D81
-59.893654,-21.428705,2,4BFAECAC-0CC2-F9AC-17BB-7343BE737D81
-59.895008,-21.431644,0,4BFAECAC-0CC2-F9AC-17BB-7343BE737D81
-45.145332,-12.194174,0,4CAE9D77-C8A8-2EE8-53D0-7C3C6331B2C5
-41.030685,-15.062731,0,4CAE9D77-C8A8-2EE8-53D0-7C3C6331B2C5
3.029438,52.14349,0,4CAE9D77-C8A8-2EE8-53D0-7C3C6331B2C5
2.9083428,52.83341,1,4CAE9D77-C8A8-2EE8-53D0-7C3C6331B2C5
2.905838,53.398617,1,4CAE9D77-C8A8-2EE8-53D0-7C3C6331B2C5
3.2384508,54.40242,1,4CAE9D77-C8A8-2EE8-53D0-7C3C6331B2C5
44.47083,-33.107876,2,4CAE9D77-C8A8-2EE8-53D0-7C3C6331B2C5
62.209682,-13.594604,2,4CAE9D77-C8A8-2EE8-53D0-7C3C6331B2C5
62.236053,-13.536774,2,4CAE9D77-C8A8-2EE8-53D0-7C3C6331B2C5
43.77297,-32.585606,2,4CAE9D77-C8A8-2EE8-53D0-7C3C6331B2C5
15.470506,-40.7553,2,4CAE9D77-C8A8-2EE8-53D0-7C3C6331B2C5
68.20944,13.841999,2,4CAE9D77-C8A8-2EE8-53D0-7C3C6331B2C5
12.637446,37.25376,2,5270C847-54C3-180E-9737-1D87A639C450
12.559177,37.265224,2,5270C847-54C3-180E-9737-1D87A639C450
-8.002196,53.041233,2,5270C847-54C3-180E-9737-1D87A639C450
-8.190326,52.76657,2,5270C847-54C3-180E-9737-1D87A639C450
-8.251955,52.671383,2,5270C847-54C3-180E-9737-1D87A639C450
-15.121788,-0.45434844,2,5270C847-54C3-180E-9737-1D87A639C450
-22.213417,26.72004,2,5270C847-54C3-180E-9737-1D87A639C450
-22.599098,26.698511,2,5270C847-54C3-180E-9737-1D87A639C450
-27.609049,20.643486,2,5270C847-54C3-180E-9737-1D87A639C450
-37.43895,10.251112,2,5270C847-54C3-180E-9737-1D87A639C450
-38.02714,10.203964,2,5270C847-54C3-180E-9737-1D87A639C450
-21.47486,11.808321,2,5270C847-54C3-180E-9737-1D87A639C450
-12.067213,2.3251634,2,5270C847-54C3-180E-9737-1D87A639C450
-12.0998,2.2061992,2,5270C847-54C3-180E-9737-1D87A639C450
-13.627686,-9.890109,2,5270C847-54C3-180E-9737-1D87A639C450
-13.5784235,-9.87238,2,5270C847-54C3-180E-9737-1D87A639C450
-47.05239,27.555096,2,5270C847-54C3-180E-9737-1D87A639C450
-47.161568,28.097332,2,5270C847-54C3-180E-9737-1D87A639C450
-25.37347,25.928562,2,5270C847-54C3-180E-9737-1D87A639C450
-26.362017,26.172525,2,5270C847-54C3-180E-9737-1D87A639C450
-26.587519,26.274874,2,5270C847-54C3-180E-9737-1D87A639C450
-64.92469,-33.294983,0,5270C847-54C3-180E-9737-1D87A639C450
-67.071846,-32.320568,0,5270C847-54C3-180E-9737-1D87A639C450
-67.482086,-32.000526,0,5270C847-54C3-180E-9737-1D87A639C450
4.6289277,-19.53288,0,5270C847-54C3-180E-9737-1D87A639C450
4.5011606,-20.06656,0,5270C847-54C3-180E-9737-1D87A639C450
4.4978724,-20.060343,0,5270C847-54C3-180E-9737-1D87A639C450
13.2687645,-15.670198,0,5270C847-54C3-180E-9737-1D87A639C450
13.698951,-42.321796,0,5270C847-54C3-180E-9737-1D87A639C450
13.709462,-42.46112,0,5270C847-54C3-180E-9737-1D87A639C450
3.643615,23.552414,0,5690E95B-9747-B2B5-2EE1-16A72200D5CC
6.89251,-35.77278,0,5690E95B-9747-B2B5-2EE1-16A72200D5CC
6.8628335,-35.64642,0,5690E95B-9747-B2B5-2EE1-16A72200D5CC
36.90731,-12.451065,0,5690E95B-9747-B2B5-2EE1-16A72200D5CC
37.73408,-12.062574,2,5690E95B-9747-B2B5-2EE1-16A72200D5CC
68.015594,2.9092696,2,5690E95B-9747-B2B5-2EE1-16A72200D5CC
-11.457315,29.242777,0,5690E95B-9747-B2B5-2EE1-16A72200D5CC
26.684904,-9.303746,0,5690E95B-9747-B2B5-2EE1-16A72200D5CC
26.377548,-9.62281,0,5690E95B-9747-B2B5-2EE1-16A72200D5CC
25.47561,-10.402869,0,5690E95B-9747-B2B5-2EE1-16A72200D5CC
24.85022,-11.070709,0,5690E95B-9747-B2B5-2EE1-16A72200D5CC
24.851599,-11.0612135,0,5690E95B-9747-B2B5-2EE1-16A72200D5CC
-48.848316,9.858615,0,5690E95B-9747-B2B5-2EE1-16A72200D5CC
-48.837273,9.841267,0,5690E95B-9747-B2B5-2EE1-16A72200D5CC
-49.6224,12.475259,2,5690E95B-9747-B2B5-2EE1-16A72200D5CC
-49.555817,13.094802,2,5690E95B-9747-B2B5-2EE1-16A72200D5CC
-49.6141,12.978299,0,5690E95B-9747-B2B5-2EE1-16A72200D5CC
-31.751719,12.386257,0,5690E95B-9747-B2B5-2EE1-16A72200D5CC
-31.661144,12.288389,0,5690E95B-9747-B2B5-2EE1-16A72200D5CC
-44.59859,13.266649,0,5690E95B-9747-B2B5-2EE1-16A72200D5CC
-44.460773,13.25359,0,5690E95B-9747-B2B5-2EE1-16A72200D5CC
-28.46829,30.02335,0,5690E95B-9747-B2B5-2EE1-16A72200D5CC
-28.413239,30.020317,0,5690E95B-9747-B2B5-2EE1-16A72200D5CC
-31.447712,19.663244,0,5690E95B-9747-B2B5-2EE1-16A72200D5CC
32.082626,-21.617304,1,5690E95B-9747-B2B5-2EE1-16A72200D5CC
61.809772,-0.6002086,2,5690E95B-9747-B2B5-2EE1-16A72200D5CC
61.781868,-0.20359135,2,5690E95B-9747-B2B5-2EE1-16A72200D5CC
61.505154,-0.18890609,2,5690E95B-9747-B2B5-2EE1-16A72200D5CC
62.07487,0.29904565,2,5690E95B-9747-B2B5-2EE1-16A72200D5CC
62.66647,0.5129357,2,5690E95B-9747-B2B5-2EE1-16A72200D5CC
40.964855,-6.5734043,2,58CB3C5E-2F5C-31FE-83E8-C6772D99B8D5
40.756546,-6.102967,2,58CB3C5E-2F5C-31FE-83E8-C6772D99B8D5
40.388462,-5.6622715,0,58CB3C5E-2F5C-31FE-83E8-C6772D99B8D5
40.088707,-5.444559,0,58CB3C5E-2F5C-31FE-83E8-C6772D99B8D5
39.99727,-5.3793316,0,58CB3C5E-2F5C-31FE-83E8-C6772D99B8D5
-23.950047,23.868744,1,58CB3C5E-2F5C-31FE-83E8-C6772D99B8D5
-18.375772,40.861004,0,58CB3C5E-2F5C-31FE-83E8-C6772D99B8D5
-18.387945,40.865707,0,58CB3C5E-2F5C-31FE-83E8-C6772D99B8D5
17.000336,32.496952,0,58CB3C5E-2F5C-31FE-83E8-C6772D99B8D5
57.802643,23.889708,2,58CB3C5E-2F5C-31FE-83E8-C6772D99B8D5
58.404198,24.832111,2,58CB3C5E-2F5C-31FE-83E8-C6772D99B8D5
58.427605,24.879963,2,58CB3C5E-2F5C-31FE-83E8-C6772D99B8D5
-54.104637,-20.262136,0,58CB3C5E-2F5C-31FE-83E8-C6772D99B8D5
-54.05457,-20.397682,0,58CB3C5E-2F5C-31FE-83E8-C6772D99B8D5
27.566368,37.070034,2,58CB3C5E-2F5C-31FE-83E8-C6772D99B8D5
61.27805,30.164238,2,58CB3C5E-2F5C-31FE-83E8-C6772D99B8D5
61.910877,29.775568,2,58CB3C5E-2F5C-31FE-83E8-C6772D99B8D5
61.95784,29.762373,2,58CB3C5E-2F5C-31FE-83E8-C6772D99B8D5
-46.0043,10.52844,1,5CD23052-9069-615B-22B2-CB8E9A2413C9
-32.8587,17.589325,1,5CD23052-9069-615B-22B2-CB8E9A2413C9
-32.80026,17.705536,1,5CD23052-9069-615B-22B2-CB8E9A2413C9
-7.509098,16.345545,1,5CD23052-9069-615B-22B2-CB8E9A2413C9
-6.8597994,16.257143,1,5CD23052-9069-615B-22B2-CB8E9A2413C9
-6.244313,16.317614,1,5CD23052-9069-615B-22B2-CB8E9A2413C9
-52.32702,20.347313,0,5CD23052-9069-615B-22B2-CB8E9A2413C9
-52.31713,20.375189,0,5CD23052-9069-615B-22B2-CB8E9A2413C9
-52.26281,30.58742,0,5CD23052-9069-615B-22B2-CB8E9A2413C9
-52.37872,30.599129,0,5CD23052-9069-615B-22B2-CB8E9A2413C9
-52.26144,30.53886,0,5CD23052-9069-615B-22B2-CB8E9A2413C9
-24.95768,-40.307423,0,5CD23052-9069-615B-22B2-CB8E9A2413C9
48.872578,-24.832262,2,5CD23052-9069-615B-22B2-CB8E9A2413C9
48.86094,-24.862537,2,5CD23052-9069-615B-22B2-CB8E9A2413C9
72.90722,6.465905,2,5CD23052-9069-615B-22B2-CB8E9A2413C9
52.73762,7.7126055,2,5CD23052-9069-615B-22B2-CB8E9A2413C9
53.05189,7.460602,2,5CD23052-9069-615B-22B2-CB8E9A2413C9
53.127113,7.26765,2,5CD23052-9069-615B-22B2-CB8E9A2413C9
-7.527965,8.167746,1,5CD23052-9069-615B-22B2-CB8E9A2413C9
-7.5296702,8.164536,1,5CD23052-9069-615B-22B2-CB8E9A2413C9
-20.658964,-44.60387,2,5E491E0A-C580-29BE-4329-ED7BFF843D0D
-20.610435,-44.65123,2,5E491E0A-C580-29BE-4329-ED7BFF843D0D
25.896341,-47.214848,2,5E491E0A-C580-29BE-4329-ED7BFF843D0D
26.108797,-46.824398,0,5E491E0A-C580-29BE-4329-ED7BFF843D0D
26.408648,-46.244015,0,5E491E0A-C580-29BE-4329-ED7BFF843D0D
-5.606994,-44.440483,0,5E491E0A-C580-29BE-4329-ED7BFF843D0D
-3.7893786,60.23689,1,5E491E0A-C580-29BE-4329-ED7BFF843D0D
26.544353,-17.910967,0,5E491E0A-C580-29BE-4329-ED7BFF843D0D
60.754704,-17.517963,0,5E491E0A-C580-29BE-4329-ED7BFF843D0D
60.661907,-17.670124,0,5E491E0A-C580-29BE-4329-ED7BFF843D0D
60.572536,-18.008791,0,5E491E0A-C580-29BE-4329-ED7BFF843D0D
60.723583,-18.238888,0,5E491E0A-C580-29BE-4329-ED7BFF843D0D
-71.705215,3.0919662,1,5E491E0A-C580-29BE-4329-ED7BFF843D0D
-71.68644,3.131536,1,5E491E0A-C580-29BE-4329-ED7BFF843D0D
-71.5552,3.4553854,1,5E491E0A-C580-29BE-4329-ED7BFF843D0D
-3.6531436,64.99121,1,5E491E0A-C580-29BE-4329-ED7BFF843D0D
-2.9541395,65.06876,1,5E491E0A-C580-29BE-4329-ED7BFF843D0D
-2.8425443,65.09569,1,5E491E0A-C580-29BE-4329-ED7BFF843D0D
-35.010204,13.337527,2,5E491E0A-C580-29BE-4329-ED7BFF843D0D
-61.31824,-30.534086,2,5E491E0A-C580-29BE-4329-ED7BFF843D0D
-61.93632,-31.384293,2,5E491E0A-C580-29BE-4329-ED7BFF843D0D
-62.19513,-31.646025,2,5E491E0A-C580-29BE-4329-ED7BFF843D0D
-62.55615,-31.840237,2,5E491E0A-C580-29BE-4329-ED7BFF843D0D
-61.219185,-29.098385,0,5E491E0A-C580-29BE-4329-ED7BFF843D0D
-61.922108,12.4078045,0,5E491E0A-C580-29BE-4329-ED7BFF843D0D
-61.915596,12.355942,0,5E491E0A-C580-29BE-4329-ED7BFF843D0D
-17.86852,30.65358,2,5F222604-CB86-1ABA-EB7B-31FF78B7BE93
-17.33981,30.263077,2,5F222604-CB86-1ABA-EB7B-31FF78B7BE93
-16.832708,29.80664,0,5F222604-CB86-1ABA-EB7B-31FF78B7BE93
-16.595385,29.672113,0,5F222604-CB86-1ABA-EB7B-31FF78B7BE93
-16.1982,28.725685,2,5F222604-CB86-1ABA-EB7B-31FF78B7BE93
-16.088047,28.141966,2,5F222604-CB86-1ABA-EB7B-31FF78B7BE93
24.866032,31.866365,2,5F222604-CB86-1ABA-EB7B-31FF78B7BE93
24.421238,31.893349,2,5F222604-CB86-1ABA-EB7B-31FF78B7BE93
24.13761,32.034107,2,5F222604-CB86-1ABA-EB7B-31FF78B7BE93
23.679276,35.709686,2,5F222604-CB86-1ABA-EB7B-31FF78B7BE93
23.444624,36.938217,2,5F222604-CB86-1ABA-EB7B-31FF78B7BE93
23.261732,37.303528,2,5F222604-CB86-1ABA-EB7B-31FF78B7BE93
71.179924,14.5870905,2,5F222604-CB86-1ABA-EB7B-31FF78B7BE93
71.14124,14.545848,2,5F222604-CB86-1ABA-EB7B-31FF78B7BE93
71.540955,14.587828,2,5F222604-CB86-1ABA-EB7B-31FF78B7BE93
72.12432,14.981973,2,5F222604-CB86-1ABA-EB7B-31FF78B7BE93
72.33085,17.566084,2,5F222604-CB86-1ABA-EB7B-31FF78B7BE93
72.34975,17.660938,2,5F222604-CB86-1ABA-EB7B-31FF78B7BE93
27.823755,-40.026016,2,623D68EC-1C36-4E39-4317-BE7B59F593D2
28.336262,-40.02891,2,623D68EC-1C36-4E39-4317-BE7B59F593D2
28.393406,-40.030216,2,623D68EC-1C36-4E39-4317-BE7B59F593D2
58.498558,-22.675142,2,623D68EC-1C36-4E39-4317-BE7B59F593D2
57.65069,-23.817785,2,623D68EC-1C36-4E39-4317-BE7B59F593D2
57.8843,-23.447733,2,623D68EC-1C36-4E39-4317-BE7B59F593D2
-54.41882,-6.0346956,0,623D68EC-1C36-4E39-4317-BE7B59F593D2
-52.623596,-6.962029,0,623D68EC-1C36-4E39-4317-BE7B59F593D2
-52.267952,-7.096529,0,623D68EC-1C36-4E39-4317-BE7B59F593D2
-50.983795,-17.69307,0,623D68EC-1C36-4E39-4317-BE7B59F593D2
-50.96861,-17.700161,0,623D68EC-1C36-4E39-4317-BE7B59F593D2
-51.921684,36.569324,0,623D68EC-1C36-4E39-4317-BE7B59F593D2
-51.771877,36.17488,0,623D68EC-1C36-4E39-4317-BE7B59F593D2
-51.727898,35.73654,0,623D68EC-1C36-4E39-4317-BE7B59F593D2
-56.60176,25.83324,0,623D68EC-1C36-4E39-4317-BE7B59F593D2
-56.198296,25.292206,0,623D68EC-1C36-4E39-4317-BE7B59F593D2
-56.1117,25.093487,0,623D68EC-1C36-4E39-4317-BE7B59F593D2
-60.295517,-15.915354,0,623D68EC-1C36-4E39-4317-BE7B59F593D2
35.93957,-29.716534,2,623D68EC-1C36-4E39-4317-BE7B59F593D2
35.431915,-30.217579,2,623D68EC-1C36-4E39-4317-BE7B59F593D2
35.41458,-30.235691,2,623D68EC-1C36-4E39-4317-BE7B59F593D2
0.421546,-13.38902,0,623D68EC-1C36-4E39-4317-BE7B59F593D2
-32.240185,-12.303687,0,623D68EC-1C36-4E39-4317-BE7B59F593D2
-32.25669,-12.325101,0,623D68EC-1C36-4E39-4317-BE7B59F593D2
50.328545,20.72018,2,623D68EC-1C36-4E39-4317-BE7B59F593D2
50.33453,20.76153,2,623D68EC-1C36-4E39-4317-BE7B59F593D2
-44.309162,32.828014,2,62A1F053-1EA8-7433-090E-89D450314F41
-24.248285,16.129988,2,62A1F053-1EA8-7433-090E-89D450314F41
-36.843792,12.4292755,2,62A1F053-1EA8-7433-090E-89D450314F41
-56.475903,-5.2721,1,62A1F053-1EA8-7433-090E-89D450314F41
-56.093044,7.191526,1,62A1F053-1EA8-7433-090E-89D450314F41
27.507189,-13.279411,1,62A1F053-1EA8-7433-090E-89D450314F41
35.468708,-41.919384,1,62A1F053-1EA8-7433-090E-89D450314F41
35.602398,-41.386093,2,62A1F053-1EA8-7433-090E-89D450314F41
36.198406,-40.374016,2,62A1F053-1EA8-7433-090E-89D450314F41
36.216976,-40.367954,2,62A1F053-1EA8-7433-090E-89D450314F41
34.497173,-40.584473,2,62A1F053-1EA8-7433-090E-89D450314F41
34.689243,-40.166985,2,62A1F053-1EA8-7433-090E-89D450314F41
-2.2471893,-44.181892,0,62A1F053-1EA8-7433-090E-89D450314F41
-2.5213337,-43.80828,2,62A1F053-1EA8-7433-090E-89D450314F41
40.03372,-29.706274,2,62A1F053-1EA8-7433-090E-89D450314F41
72.37489,4.7623005,2,62A1F053-1EA8-7433-090E-89D450314F41
72.51722,4.908472,2,62A1F053-1EA8-7433-090E-89D450314F41
72.595276,4.733255,2,62A1F053-1EA8-7433-090E-89D450314F41
-43.98106,-46.19315,0,62A1F053-1EA8-7433-090E-89D450314F41
-44.20164,-46.064644,0,62A1F053-1EA8-7433-090E-89D450314F41
-24.581808,41.470936,0,62A1F053-1EA8-7433-090E-89D450314F41
-24.54095,41.020103,0,62A1F053-1EA8-7433-090E-89D450314F41
-24.264303,40.21258,0,62A1F053-1EA8-7433-090E-89D450314F41
-25.222328,40.113716,0,62A1F053-1EA8-7433-090E-89D450314F41
54.44491,2.5331743,2,62A1F053-1EA8-7433-090E-89D450314F41
-49.672203,-28.57849,2,62A1F053-1EA8-7433-090E-89D450314F41
-50.8307,-28.799362,2,62A1F053-1EA8-7433-090E-89D450314F41
-51.178463,-28.856426,1,62A1F053-1EA8-7433-090E-89D450314F41
-52.434227,-28.45431,1,62A1F053-1EA8-7433-090E-89D450314F41
-52.48236,-28.419071,0,62A1F053-1EA8-7433-090E-89D450314F41
35.79882,-4.612228,2,647C581E-E72F-0765-F94A-065909B99374
35.70201,-4.6135287,2,647C581E-E72F-0765-F94A-065909B99374
36.35634,-4.7769923,2,647C581E-E72F-0765-F94A-065909B99374
36.9887,-5.097258,2,647C581E-E72F-0765-F94A-065909B99374
41.72385,-3.0579746,2,647C581E-E72F-0765-F94A-065909B99374
41.92817,-3.112788,2,647C581E-E72F-0765-F94A-065909B99374
46.89162,11.995829,1,64A0EC69-0CE2-8405-0FFC-D63A7F55E703
47.763626,11.818487,2,64A0EC69-0CE2-8405-0FFC-D63A7F55E703
48.517014,11.505932,2,64A0EC69-0CE2-8405-0FFC-D63A7F55E703
48.741333,11.504004,2,64A0EC69-0CE2-8405-0FFC-D63A7F55E703
48.895435,11.346056,2,64A0EC69-0CE2-8405-0FFC-D63A7F55E703
35.023766,2.300317,2,64A0EC69-0CE2-8405-0FFC-D63A7F55E703
35.054348,2.13071,2,64A0EC69-0CE2-8405-0FFC-D63A7F55E703
-17.54416,26.185648,0,64A0EC69-0CE2-8405-0FFC-D63A7F55E703
-18.273685,26.642698,0,64A0EC69-0CE2-8405-0FFC-D63A7F55E703
-31.363724,10.954976,0,64A0EC69-0CE2-8405-0FFC-D63A7F55E703
-52.07181,4.8051977,0,64A0EC69-0CE2-8405-0FFC-D63A7F55E703
-65.655174,10.618398,0,64A0EC69-0CE2-8405-0FFC-D63A7F55E703
-54.98657,5.052336,0,64A0EC69-0CE2-8405-0FFC-D63A7F55E703
-54.990997,5.2963376,0,64A0EC69-0CE2-8405-0FFC-D63A7F55E703
-40.66497,16.29592,0,64A0EC69-0CE2-8405-0FFC-D63A7F55E703
-30.860914,23.514446,1,64A0EC69-0CE2-8405-0FFC-D63A7F55E703
-55.280666,8.856879,1,64A0EC69-0CE2-8405-0FFC-D63A7F55E703
-55.78185,8.471891,1,64A0EC69-0CE2-8405-0FFC-D63A7F55E703
-60.67988,1.401239,0,64A0EC69-0CE2-8405-0FFC-D63A7F55E703
-56.543064,8.297418,0,64A0EC69-0CE2-8405-0FFC-D63A7F55E703
-65.34314,-27.722233,0,64A0EC69-0CE2-8405-0FFC-D63A7F55E703
-65.28107,-27.744383,0,64A0EC69-0CE2-8405-0FFC-D63A7F55E703
26.414022,36.3164,0,64A0EC69-0CE2-8405-0FFC-D63A7F55E703
69.79918,-0.46964437,2,64A0EC69-0CE2-8405-0FFC-D63A7F55E703
25.954294,33.708748,2,66E9719B-D383-AA87-7FAB-D9B4ABE7011C
8.678499,21.68397,2,66E9719B-D383-AA87-7FAB-D9B4ABE7011C
8.492746,21.67709,2,66E9719B-D383-AA87-7FAB-D9B4ABE7011C
8.368868,21.794128,2,66E9719B-D383-AA87-7FAB-D9B4ABE7011C
7.726424,20.873447,2,66E9719B-D383-AA87-7FAB-D9B4ABE7011C
7.6696486,20.30053,2,66E9719B-D383-AA87-7FAB-D9B4ABE7011C
-63.720005,1.2516133,0,66E9719B-D383-AA87-7FAB-D9B4ABE7011C
-63.878666,1.7147013,0,66E9719B-D383-AA87-7FAB-D9B4ABE7011C
-64.14594,2.3033168,0,66E9719B-D383-AA87-7FAB-D9B4ABE7011C
-8.990336,36.15123,0,66E9719B-D383-AA87-7FAB-D9B4ABE7011C
64.75071,-7.138189,0,66E9719B-D383-AA87-7FAB-D9B4ABE7011C
64.75994,-7.143152,2,66E9719B-D383-AA87-7FAB-D9B4ABE7011C
-47.466976,-10.404784,0,66E9719B-D383-AA87-7FAB-D9B4ABE7011C
-48.64796,-8.302667,0,66E9719B-D383-AA87-7FAB-D9B4ABE7011C
-48.84638,-8.621983,0,66E9719B-D383-AA87-7FAB-D9B4ABE7011C
-49.89138,-9.641921,0,66E9719B-D383-AA87-7FAB-D9B4ABE7011C
-49.88476,-9.6669,0,66E9719B-D383-AA87-7FAB-D9B4ABE7011C
-50.092335,-10.079287,0,66E9719B-D383-AA87-7FAB-D9B4ABE7011C
25.663801,-19.837788,2,68339CF4-6AFB-7EFB-40EA-238612F8E5A4
25.304703,-20.032099,2,68339CF4-6AFB-7EFB-40EA-238612F8E5A4
25.038296,-20.144236,2,68339CF4-6AFB-7EFB-40EA-238612F8E5A4
26.608068,-19.889008,2,68339CF4-6AFB-7EFB-40EA-238612F8E5A4
21.075016,25.019104,2,68339CF4-6AFB-7EFB-40EA-238612F8E5A4
-38.595146,-46.336155,0,68339CF4-6AFB-7EFB-40EA-238612F8E5A4
-74.85806,-19.479164,0,68339CF4-6AFB-7EFB-40EA-238612F8E5A4
-74.11566,-19.541065,0,68339CF4-6AFB-7EFB-40EA-238612F8E5A4
-73.84998,-19.202381,0,68339CF4-6AFB-7EFB-40EA-238612F8E5A4
-71.243355,-15.937075,0,68339CF4-6AFB-7EFB-40EA-238612F8E5A4
-1.6616765,31.89615,0,68339CF4-6AFB-7EFB-40EA-238612F8E5A4
-1.4458683,31.992472,0,68339CF4-6AFB-7EFB-40EA-238612F8E5A4
0.15072648,32.004955,1,68339CF4-6AFB-7EFB-40EA-238612F8E5A4
0.36818826,31.897345,1,68339CF4-6AFB-7EFB-40EA-238612F8E5A4
-6.08697,31.564844,2,68339CF4-6AFB-7EFB-40EA-238612F8E5A4
-6.245018,31.060648,2,68339CF4-6AFB-7EFB-40EA-238612F8E5A4
-6.2368684,30.965237,2,68339CF4-6AFB-7EFB-40EA-238612F8E5A4
47.62381,-2.4202912,2,68339CF4-6AFB-7EFB-40EA-238612F8E5A4
37.609226,-24.526258,2,68339CF4-6AFB-7EFB-40EA-238612F8E5A4
37.609497,-24.364553,2,68339CF4-6AFB-7EFB-40EA-238612F8E5A4
37.346405,-23.912457,2,68339CF4-6AFB-7EFB-40EA-238612F8E5A4
-26.554396,-46.305782,2,68339CF4-6AFB-7EFB-40EA-238612F8E5A4
-26.571428,-46.291588,2,68339CF4-6AFB-7EFB-40EA-238612F8E5A4
-39.093815,-44.445183,2,68339CF4-6AFB-7EFB-40EA-238612F8E5A4
23.27339,-50.13465,2,68339CF4-6AFB-7EFB-40EA-238612F8E5A4
71.08582,20.620375,2,68339CF4-6AFB-7EFB-40EA-238612F8E5A4
70.78199,20.67018,2,68339CF4-6AFB-7EFB-40EA-238612F8E5A4
70.063484,20.287771,2,68339CF4-6AFB-7EFB-40EA-238612F8E5A4
70.105286,19.856844,2,68339CF4-6AFB-7EFB-40EA-238612F8E5A4
70.23514,19.503036,2,68339CF4-6AFB-7EFB-40EA-238612F8E5A4
-21.326609,25.579798,1,68339CF4-6AFB-7EFB-40EA-238612F8E5A4
7.5366945,30.912085,1,68339CF4-6AFB-7EFB-40EA-238612F8E5A4
7.348869,30.905682,2,68339CF4-6AFB-7EFB-40EA-238612F8E5A4
40.893867,-33.71579,2,68339CF4-6AFB-7EFB-40EA-238612F8E5A4
40.55434,-33.73422,2,68339CF4-6AFB-7EFB-40EA-238612F8E5A4
40.01847,-33.792084,2,68339CF4-6AFB-7EFB-40EA-238612F8E5A4
53.577488,-24.997238,2,6B1E25A6-882B-DDD7-CE4F-4EC17A0906CF
52.974033,-25.567884,2,6B1E25A6-882B-DDD7-CE4F-4EC17A0906CF
52.98259,-25.558578,2,6B1E25A6-882B-DDD7-CE4F-4EC17A0906CF
-7.8211675,14.076661,0,6B1E25A6-882B-DDD7-CE4F-4EC17A0906CF
-43.403107,-16.766277,0,6B1E25A6-882B-DDD7-CE4F-4EC17A0906CF
-39.63922,5.043706,0,6B1E25A6-882B-DDD7-CE4F-4EC17A0906CF
-2.4503613,-8.24058,1,6B1E25A6-882B-DDD7-CE4F-4EC17A0906CF
-1.2348815,-8.317339,0,6B1E25A6-882B-DDD7-CE4F-4EC17A0906CF
-1.5540389,-8.416155,0,6B1E25A6-882B-DDD7-CE4F-4EC17A0906CF
-3.6748765,10.729294,0,6B1E25A6-882B-DDD7-CE4F-4EC17A0906CF
-3.7239275,10.974903,0,6B1E25A6-882B-DDD7-CE4F-4EC17A0906CF
-3.7007787,11.208739,0,6B1E25A6-882B-DDD7-CE4F-4EC17A0906CF
-50.683144,-14.054653,0,6B1E25A6-882B-DDD7-CE4F-4EC17A0906CF
-50.115967,-13.521243,0,6B1E25A6-882B-DDD7-CE4F-4EC17A0906CF
-49.86311,-13.215736,0,6B1E25A6-882B-DDD7-CE4F-4EC17A0906CF
-48.019676,20.209948,0,6B1E25A6-882B-DDD7-CE4F-4EC17A0906CF
-49.066883,-13.2624,0,6B1E25A6-882B-DDD7-CE4F-4EC17A0906CF
-48.393257,-13.58066,0,6B1E25A6-882B-DDD7-CE4F-4EC17A0906CF
48.44573,3.7744794,2,6B690AF9-8440-1C43-B353-FA85266AA12C
47.96177,3.8517964,2,6B690AF9-8440-1C43-B353-FA85266AA12C
47.534576,3.8410444,2,6B690AF9-8440-1C43-B353-FA85266AA12C
53.300137,0.8910592,2,6B690AF9-8440-1C43-B353-FA85266AA12C
44.946815,-9.704602,2,6B690AF9-8440-1C43-B353-FA85266AA12C
19.249918,-28.30252,1,6B690AF9-8440-1C43-B353-FA85266AA12C
0.9864243,51.651676,1,6B690AF9-8440-1C43-B353-FA85266AA12C
-4.4921474,3.8857775,1,6B690AF9-8440-1C43-B353-FA85266AA12C
-4.956568,3.8392112,1,6B690AF9-8440-1C43-B353-FA85266AA12C
-5.2808747,3.7913163,1,6B690AF9-8440-1C43-B353-FA85266AA12C
27.453478,-22.370613,1,6B690AF9-8440-1C43-B353-FA85266AA12C
51.444492,8.775663,1,6B690AF9-8440-1C43-B353-FA85266AA12C
-8.10882,-6.2271957,2,6B690AF9-8440-1C43-B353-FA85266AA12C
-8.159158,-6.4126735,1,6B690AF9-8440-1C43-B353-FA85266AA12C
-8.708325,-6.463877,1,6B690AF9-8440-1C43-B353-FA85266AA12C
-8.713943,-6.4091344,1,6B690AF9-8440-1C43-B353-FA85266AA12C
8.378114,1.4050682,1,6B690AF9-8440-1C43-B353-FA85266AA12C
-11.300997,-4.2247725,1,6B690AF9-8440-1C43-B353-FA85266AA12C
5.154831,58.984207,1,6B690AF9-8440-1C43-B353-FA85266AA12C
-39.469784,39.873245,1,6B690AF9-8440-1C43-B353-FA85266AA12C
-44.90354,24.865414,1,6B690AF9-8440-1C43-B353-FA85266AA12C
-60.574715,34.3493,1,6B690AF9-8440-1C43-B353-FA85266AA12C
-60.560013,34.30196,1,6B690AF9-8440-1C43-B353-FA85266AA12C
-28.335875,45.20292,1,6B690AF9-8440-1C43-B353-FA85266AA12C
1.1063734,18.559559,1,6B690AF9-8440-1C43-B353-FA85266AA12C
50.289238,25.93023,1,6B690AF9-8440-1C43-B353-FA85266AA12C
50.30942,26.12399,2,6B690AF9-8440-1C43-B353-FA85266AA12C
50.542706,26.292374,2,6B690AF9-8440-1C43-B353-FA85266AA12C
50.8445,25.897379,2,6B690AF9-8440-1C43-B353-FA85266AA12C
50.794334,24.930422,2,6B690AF9-8440-1C43-B353-FA85266AA12C
-67.44423,9.090178,1,6B690AF9-8440-1C43-B353-FA85266AA12C
-67.51184,9.048499,1,6B690AF9-8440-1C43-B353-FA85266AA12C
-52.570957,26.895521,1,6B690AF9-8440-1C43-B353-FA85266AA12C
-49.92355,31.788134,2,6B690AF9-8440-1C43-B353-FA85266AA12C
12.1078615,-8.363279,2,6B690AF9-8440-1C43-B353-FA85266AA12C
80.11055,15.371174,2,6B690AF9-8440-1C43-B353-FA85266AA12C
-30.354095,-31.730402,0,6C9454F6-2AA4-4C25-0387-C6CA7AFC4C13
-30.372059,-31.763247,0,6C9454F6-2AA4-4C25-0387-C6CA7AFC4C13
-30.386845,-31.773903,1,6C9454F6-2AA4-4C25-0387-C6CA7AFC4C13
-19.798164,-18.385696,1,6C9454F6-2AA4-4C25-0387-C6CA7AFC4C13
-14.267846,-20.965603,2,6C9454F6-2AA4-4C25-0387-C6CA7AFC4C13
-14.300146,-20.907326,2,6C9454F6-2AA4-4C25-0387-C6CA7AFC4C13
-14.864252,-21.087029,2,6C9454F6-2AA4-4C25-0387-C6CA7AFC4C13
-15.700816,-21.532265,2,6C9454F6-2AA4-4C25-0387-C6CA7AFC4C13
-15.927296,-21.59744,2,6C9454F6-2AA4-4C25-0387-C6CA7AFC4C13
-45.978874,-22.472273,0,6C9454F6-2AA4-4C25-0387-C6CA7AFC4C13
-46.028324,-22.460033,0,6C9454F6-2AA4-4C25-0387-C6CA7AFC4C13
-46.249172,-22.442558,0,6C9454F6-2AA4-4C25-0387-C6CA7AFC4C13
33.97141,-33.63891,2,6C9454F6-2AA4-4C25-0387-C6CA7AFC4C13
33.917126,-33.68546,2,6C9454F6-2AA4-4C25-0387-C6CA7AFC4C13
7.021095,-28.270424,2,6C9454F6-2AA4-4C25-0387-C6CA7AFC4C13
35.507236,-34.565414,2,6C9454F6-2AA4-4C25-0387-C6CA7AFC4C13
35.54536,-34.566647,2,6C9454F6-2AA4-4C25-0387-C6CA7AFC4C13
6.8066845,-28.414446,2,6C9454F6-2AA4-4C25-0387-C6CA7AFC4C13
-57.192726,2.5155094,0,6C9454F6-2AA4-4C25-0387-C6CA7AFC4C13
-67.53023,-23.667938,0,6C9454F6-2AA4-4C25-0387-C6CA7AFC4C13
-67.45939,-23.743805,0,6C9454F6-2AA4-4C25-0387-C6CA7AFC4C13
-67.44625,-23.78335,0,6C9454F6-2AA4-4C25-0387-C6CA7AFC4C13
-66.682106,-25.489592,0,6C9454F6-2AA4-4C25-0387-C6CA7AFC4C13
-66.803856,-25.632988,0,6C9454F6-2AA4-4C25-0387-C6CA7AFC4C13
-2.144594,35.26463,2,6E42D32E-048C-D829-197E-7950E78F58CB
16.927113,35.665,2,6E42D32E-048C-D829-197E-7950E78F58CB
19.2904,36.212585,0,6E42D32E-048C-D829-197E-7950E78F58CB
19.727623,36.142834,0,6E42D32E-048C-D829-197E-7950E78F58CB
20.627563,35.859543,2,6E42D32E-048C-D829-197E-7950E78F58CB
20.695858,35.77426,2,6E42D32E-048C-D829-197E-7950E78F58CB
-26.46427,-31.330221,1,6E42D32E-048C-D829-197E-7950E78F58CB
-26.480715,-31.327116,1,6E42D32E-048C-D829-197E-7950E78F58CB
-26.49844,-31.347977,1,6E42D32E-048C-D829-197E-7950E78F58CB
-32.639698,24.297905,1,6E42D32E-048C-D829-197E-7950E78F58CB
-33.304054,15.432291,1,6E42D32E-048C-D829-197E-7950E78F58CB
-27.630877,44.44773,1,6E42D32E-048C-D829-197E-7950E78F58CB
-26.033724,43.51365,1,6E42D32E-048C-D829-197E-7950E78F58CB
-26.16541,43.235447,1,6E42D32E-048C-D829-197E-7950E78F58CB
-25.774902,42.522915,1,6E42D32E-048C-D829-197E-7950E78F58CB
-25.82203,41.96415,1,6E42D32E-048C-D829-197E-7950E78F58CB
-26.123251,41.465427,1,6E42D32E-048C-D829-197E-7950E78F58CB
-26.525387,42.073524,1,6E42D32E-048C-D829-197E-7950E78F58CB
-5.229644,65.77379,1,6E42D32E-048C-D829-197E-7950E78F58CB
-5.2299523,65.77326,1,6E42D32E-048C-D829-197E-7950E78F58CB
-3.5544298,62.016315,1,6E42D32E-048C-D829-197E-7950E78F58CB
1.8682021,44.820175,1,6E42D32E-048C-D829-197E-7950E78F58CB
-15.238617,-34.89547,1,6E42D32E-048C-D829-197E-7950E78F58CB
-15.244867,-34.88168,1,6E42D32E-048C-D829-197E-7950E78F58CB
48.242275,-31.09698,0,70432028-81AF-D67A-251E-D2F807AB93CF
48.563435,-30.88631,0,70432028-81AF-D67A-251E-D2F807AB93CF
48.966015,-30.631536,2,70432028-81AF-D67A-251E-D2F807AB93CF
49.86579,-30.10429,2,70432028-81AF-D67A-251E-D2F807AB93CF
50.496655,-29.867374,2,70432028-81AF-D67A-251E-D2F807AB93CF
51.09464,-29.762283,2,70432028-81AF-D67A-251E-D2F807AB93CF
51.661427,-29.660759,2,70432028-81AF-D67A-251E-D2F807AB93CF
50.242924,-11.215346,2,70432028-81AF-D67A-251E-D2F807AB93CF
50.194927,-11.209455,2,70432028-81AF-D67A-251E-D2F807AB93CF
51.094055,-10.610595,2,70432028-81AF-D67A-251E-D2F807AB93CF
51.19969,-10.543539,2,70432028-81AF-D67A-251E-D2F807AB93CF
73.051895,15.3041,2,70432028-81AF-D67A-251E-D2F807AB93CF
-5.727486,-40.66953,0,70432028-81AF-D67A-251E-D2F807AB93CF
-5.701268,-40.441513,1,70432028-81AF-D67A-251E-D2F807AB93CF
-6.098705,-39.1795,2,70432028-81AF-D67A-251E-D2F807AB93CF
-6.4025,-38.30325,2,70432028-81AF-D67A-251E-D2F807AB93CF
-6.3497477,-38.25717,2,70432028-81AF-D67A-251E-D2F807AB93CF
-3.95832,-21.725563,0,70432028-81AF-D67A-251E-D2F807AB93CF
-49.561207,-26.878222,0,70432028-81AF-D67A-251E-D2F807AB93CF
-49.48275,-26.905977,0,70432028-81AF-D67A-251E-D2F807AB93CF
-45.479942,-6.226263,0,70432028-81AF-D67A-251E-D2F807AB93CF
-53.995136,-17.297047,0,70432028-81AF-D67A-251E-D2F807AB93CF
-54.014538,-17.285847,0,70432028-81AF-D67A-251E-D2F807AB93CF
-55.24533,-12.921627,0,70432028-81AF-D67A-251E-D2F807AB93CF
35.665123,4.0191226,2,718078D1-70DB-2916-366D-1119A22DCD7F
-11.317226,-1.8860886,2,718078D1-70DB-2916-366D-1119A22DCD7F
-11.251204,-2.151687,2,718078D1-70DB-2916-366D-1119A22DCD7F
-10.81696,-3.2473993,2,718078D1-70DB-2916-366D-1119A22DCD7F
-10.457168,-3.2273304,2,718078D1-70DB-2916-366D-1119A22DCD7F
-4.873184,-44.343708,0,718078D1-70DB-2916-366D-1119A22DCD7F
21.978497,-26.448322,2,718078D1-70DB-2916-366D-1119A22DCD7F
-23.250116,27.544899,0,718078D1-70DB-2916-366D-1119A22DCD7F
74.53609,-9.019574,0,718078D1-70DB-2916-366D-1119A22DCD7F
33.225773,0.5278504,0,718078D1-70DB-2916-366D-1119A22DCD7F
32.549267,0.40310985,0,718078D1-70DB-2916-366D-1119A22DCD7F
32.58506,0.4054816,2,718078D1-70DB-2916-366D-1119A22DCD7F
-54.71136,2.8171952,0,718078D1-70DB-2916-366D-1119A22DCD7F
-64.219955,-2.4324944,0,718078D1-70DB-2916-366D-1119A22DCD7F
-63.98468,-2.3968408,0,718078D1-70DB-2916-366D-1119A22DCD7F
-63.56524,-2.696626,0,718078D1-70DB-2916-366D-1119A22DCD7F
-62.8096,-2.9567525,0,718078D1-70DB-2916-366D-1119A22DCD7F
-62.45767,-2.7087362,0,718078D1-70DB-2916-366D-1119A22DCD7F
-62.110416,-2.3447175,0,718078D1-70DB-2916-366D-1119A22DCD7F
-25.94314,-34.959347,1,718078D1-70DB-2916-366D-1119A22DCD7F
-26.150585,-35.714798,1,718078D1-70DB-2916-366D-1119A22DCD7F
-26.911814,-35.93372,1,718078D1-70DB-2916-366D-1119A22DCD7F
-27.193693,-36.18111,1,718078D1-70DB-2916-366D-1119A22DCD7F
-27.743467,-36.718445,1,718078D1-70DB-2916-366D-1119A22DCD7F
1.7238103,35.92422,1,72B642AD-2D4A-574F-05EC-EC93C0C52335
8.119228,-10.427597,1,72B642AD-2D4A-574F-05EC-EC93C0C52335
32.980755,9.132042,2,72B642AD-2D4A-574F-05EC-EC93C0C52335
32.179924,8.540105,2,72B642AD-2D4A-574F-05EC-EC93C0C52335
32.135384,8.542046,2,72B642AD-2D4A-574F-05EC-EC93C0C52335
32.02095,8.508635,2,72B642AD-2D4A-574F-05EC-EC93C0C52335
-23.064693,8.634744,2,72B642AD-2D4A-574F-05EC-EC93C0C52335
19.128416,33.71227,2,72B642AD-2D4A-574F-05EC-EC93C0C52335
25.933174,24.216036,2,72B642AD-2D4A-574F-05EC-EC93C0C52335
26.047045,24.470125,2,72B642AD-2D4A-574F-05EC-EC93C0C52335
26.420626,24.094072,2,72B642AD-2D4A-574F-05EC-EC93C0C52335
26.784636,24.190744,2,72B642AD-2D4A-574F-05EC-EC93C0C52335
27.028912,24.393894,2,72B642AD-2D4A-574F-05EC-EC93C0C52335
-40.26591,19.609009,2,72B642AD-2D4A-574F-05EC-EC93C0C52335
-33.73751,6.665774,1,72B642AD-2D4A-574F-05EC-EC93C0C52335
-51.383705,-21.980726,1,72B642AD-2D4A-574F-05EC-EC93C0C52335
7.961106,-14.657106,2,72B642AD-2D4A-574F-05EC-EC93C0C52335
7.976104,-14.491905,2,72B642AD-2D4A-574F-05EC-EC93C0C52335
40.20059,14.808432,2,72B642AD-2D4A-574F-05EC-EC93C0C52335
40.265713,14.8626795,2,72B642AD-2D4A-574F-05EC-EC93C0C52335
41.488293,15.513373,2,72B642AD-2D4A-574F-05EC-EC93C0C52335
41.742664,15.197817,2,72B642AD-2D4A-574F-05EC-EC93C0C52335
42.320965,14.737661,2,72B642AD-2D4A-574F-05EC-EC93C0C52335
42.663986,14.122245,2,72B642AD-2D4A-574F-05EC-EC93C0C52335
43.38201,13.837561,2,72B642AD-2D4A-574F-05EC-EC93C0C52335
44.221867,13.642321,2,72B642AD-2D4A-574F-05EC-EC93C0C52335
44.739185,13.614282,2,72B642AD-2D4A-574F-05EC-EC93C0C52335
74.88934,13.089015,2,72B642AD-2D4A-574F-05EC-EC93C0C52335
74.75512,13.508418,2,72B642AD-2D4A-574F-05EC-EC93C0C52335
74.68461,13.602017,2,72B642AD-2D4A-574F-05EC-EC93C0C52335
36.794914,-18.976418,2,7417E7AB-C723-0958-F8EE-DDA4DED65165
37.274742,-19.129213,2,7417E7AB-C723-0958-F8EE-DDA4DED65165
32.62706,-38.24872,2,7417E7AB-C723-0958-F8EE-DDA4DED65165
32.046974,-37.90211,2,7417E7AB-C723-0958-F8EE-DDA4DED65165
32.09004,-37.962,2,7417E7AB-C723-0958-F8EE-DDA4DED65165
4.3543706,-43.232407,2,7417E7AB-C723-0958-F8EE-DDA4DED65165
75.46758,4.7529044,2,7417E7AB-C723-0958-F8EE-DDA4DED65165
9.834017,37.565937,0,7417E7AB-C723-0958-F8EE-DDA4DED65165
13.351787,20.5469,0,7417E7AB-C723-0958-F8EE-DDA4DED65165
13.404379,20.520267,0,7417E7AB-C723-0958-F8EE-DDA4DED65165
8.090075,-46.147903,0,7417E7AB-C723-0958-F8EE-DDA4DED65165
7.920523,-46.11049,0,7417E7AB-C723-0958-F8EE-DDA4DED65165
79.91084,-0.0732813,2,7417E7AB-C723-0958-F8EE-DDA4DED65165
79.9107,-0.08399236,2,7417E7AB-C723-0958-F8EE-DDA4DED65165
5.815906,-51.760696,0,7417E7AB-C723-0958-F8EE-DDA4DED65165
-51.615917,-31.7046,0,7417E7AB-C723-0958-F8EE-DDA4DED65165
-51.696507,-31.446745,0,7417E7AB-C723-0958-F8EE-DDA4DED65165
-69.42635,-30.513699,0,7417E7AB-C723-0958-F8EE-DDA4DED65165
63.8533,20.208258,2,7417E7AB-C723-0958-F8EE-DDA4DED65165
63.857708,20.20464,2,7417E7AB-C723-0958-F8EE-DDA4DED65165
-24.342415,-37.968975,2,761D024F-3C62-5326-601A-88D436C7726A
-23.564018,-39.098152,2,761D024F-3C62-5326-601A-88D436C7726A
-22.935358,-39.072323,2,761D024F-3C62-5326-601A-88D436C7726A
-22.909672,-39.098988,2,761D024F-3C62-5326-601A-88D436C7726A
-31.692173,9.4259405,2,761D024F-3C62-5326-601A-88D436C7726A
-62.07226,-28.163034,1,761D024F-3C62-5326-601A-88D436C7726A
55.58334,-15.124435,2,761D024F-3C62-5326-601A-88D436C7726A
-30.279015,17.7406,2,761D024F-3C62-5326-601A-88D436C7726A
-30.391428,17.772005,1,761D024F-3C62-5326-601A-88D436C7726A
11.57052,-13.131612,1,761D024F-3C62-5326-601A-88D436C7726A
64.99736,13.433852,1,761D024F-3C62-5326-601A-88D436C7726A
64.9887,13.43548,1,761D024F-3C62-5326-601A-88D436C7726A
12.480986,-19.474895,2,761D024F-3C62-5326-601A-88D436C7726A
11.890977,-20.006365,2,761D024F-3C62-5326-601A-88D436C7726A
11.773118,-20.061039,2,761D024F-3C62-5326-601A-88D436C7726A
7.301903,56.007412,2,761D024F-3C62-5326-601A-88D436C7726A
7.3370633,56.30946,1,761D024F-3C62-5326-601A-88D436C7726A
6.7960258,56.722992,1,761D024F-3C62-5326-601A-88D436C7726A
22.711357,3.434311,2,772BA0E9-AC30-CEA6-AA1B-18A0300702AA
43.794144,-9.510182,2,772BA0E9-AC30-CEA6-AA1B-18A0300702AA
43.828297,-9.2495985,2,772BA0E9-AC30-CEA6-AA1B-18A0300702AA
43.741966,-8.9775915,2,772BA0E9-AC30-CEA6-AA1B-18A0300702AA
33.847282,-19.284315,2,772BA0E9-AC30-CEA6-AA1B-18A0300702AA
33.901283,-19.336754,2,772BA0E9-AC30-CEA6-AA1B-18A0300702AA
9.945592,-31.74163,2,772BA0E9-AC30-CEA6-AA1B-18A0300702AA
-1.7369539,-41.284027,2,772BA0E9-AC30-CEA6-AA1B-18A0300702AA
-51.44072,16.725115,2,772BA0E9-AC30-CEA6-AA1B-18A0300702AA
-51.46029,16.592617,2,772BA0E9-AC30-CEA6-AA1B-18A0300702AA
-18.922993,12.041855,2,772BA0E9-AC30-CEA6-AA1B-18A0300702AA
25.060371,-26.720488,2,772BA0E9-AC30-CEA6-AA1B-18A0300702AA
-57.509293,38.19535,1,772BA0E9-AC30-CEA6-AA1B-18A0300702AA
-57.503326,38.159023,1,772BA0E9-AC30-CEA6-AA1B-18A0300702AA
-54.531914,34.607975,1,772BA0E9-AC30-CEA6-AA1B-18A0300702AA
2.3718493,-32.20547,1,772BA0E9-AC30-CEA6-AA1B-18A0300702AA
2.501941,-32.345745,1,772BA0E9-AC30-CEA6-AA1B-18A0300702AA
2.9335957,-32.94497,1,772BA0E9-AC30-CEA6-AA1B-18A0300702AA
3.1104515,-53.008457,1,772BA0E9-AC30-CEA6-AA1B-18A0300702AA
3.174652,-53.035633,1,772BA0E9-AC30-CEA6-AA1B-18A0300702AA
-69.38566,-26.535736,1,772BA0E9-AC30-CEA6-AA1B-18A0300702AA
-69.618965,-26.678623,1,772BA0E9-AC30-CEA6-AA1B-18A0300702AA
-69.66036,-26.81511,1,772BA0E9-AC30-CEA6-AA1B-18A0300702AA
-4.168898,62.855038,1,772BA0E9-AC30-CEA6-AA1B-18A0300702AA
65.1669,-1.9206448,0,772BA0E9-AC30-CEA6-AA1B-18A0300702AA
65.12732,-1.9387033,0,772BA0E9-AC30-CEA6-AA1B-18A0300702AA
64.52959,-1.9956175,0,772BA0E9-AC30-CEA6-AA1B-18A0300702AA
10.737681,-24.608932,0,772BA0E9-AC30-CEA6-AA1B-18A0300702AA
-16.867548,-15.261619,2,772BA0E9-AC30-CEA6-AA1B-18A0300702AA
-46.91676,35.78036,2,772BA0E9-AC30-CEA6-AA1B-18A0300702AA
-50.855694,23.081314,1,772BA0E9-AC30-CEA6-AA1B-18A0300702AA
-50.853226,23.067757,2,772BA0E9-AC30-CEA6-AA1B-18A0300702AA
-42.25612,-13.468941,2,772BA0E9-AC30-CEA6-AA1B-18A0300702AA
-42.114315,-13.347777,2,772BA0E9-AC30-CEA6-AA1B-18A0300702AA
-41.695583,-12.599721,2,772BA0E9-AC30-CEA6-AA1B-18A0300702AA
-40.290573,21.856243,2,772BA0E9-AC30-CEA6-AA1B-18A0300702AA
41.37739,19.227188,2,7B8B31F4-FFC3-7A4E-3EAF-78D5CA8ACB61
41.41091,19.341127,2,7B8B31F4-FFC3-7A4E-3EAF-78D5CA8ACB61
42.13237,20.398523,2,7B8B31F4-FFC3-7A4E-3EAF-78D5CA8ACB61
42.107433,20.483469,2,7B8B31F4-FFC3-7A4E-3EAF-78D5CA8ACB61
40.46869,21.461523,2,7B8B31F4-FFC3-7A4E-3EAF-78D5CA8ACB61
40.36642,21.557835,2,7B8B31F4-FFC3-7A4E-3EAF-78D5CA8ACB61
-20.323172,24.690187,2,7B8B31F4-FFC3-7A4E-3EAF-78D5CA8ACB61
-20.416365,24.742407,1,7B8B31F4-FFC3-7A4E-3EAF-78D5CA8ACB61
-20.514786,25.197086,1,7B8B31F4-FFC3-7A4E-3EAF-78D5CA8ACB61
-45.768375,4.5070734,0,7B8B31F4-FFC3-7A4E-3EAF-78D5CA8ACB61
-45.746002,4.486776,0,7B8B31F4-FFC3-7A4E-3EAF-78D5CA8ACB61
-62.315998,-4.339968,0,7B8B31F4-FFC3-7A4E-3EAF-78D5CA8ACB61
-50.666466,-24.044619,0,7B8B31F4-FFC3-7A4E-3EAF-78D5CA8ACB61
-50.82472,-24.106312,0,7B8B31F4-FFC3-7A4E-3EAF-78D5CA8ACB61
-51.225048,-24.140263,0,7B8B31F4-FFC3-7A4E-3EAF-78D5CA8ACB61
-52.283752,-23.785305,0,7B8B31F4-FFC3-7A4E-3EAF-78D5CA8ACB61
-52.412907,-22.860315,0,7B8B31F4-FFC3-7A4E-3EAF-78D5CA8ACB61
-52.38302,-22.57731,0,7B8B31F4-FFC3-7A4E-3EAF-78D5CA8ACB61
-63.288525,-12.246495,0,7B8B31F4-FFC3-7A4E-3EAF-78D5CA8ACB61
-63.280277,-12.275351,0,7B8B31F4-FFC3-7A4E-3EAF-78D5CA8ACB61
-24.769367,46.17066,0,7DC9729F-BA27-3831-6078-F8508766396A
25.08354,34.745815,0,7DC9729F-BA27-3831-6078-F8508766396A
31.749771,28.396759,0,7DC9729F-BA27-3831-6078-F8508766396A
31.803446,28.307425,0,7DC9729F-BA27-3831-6078-F8508766396A
72.83425,0.77298087,2,7DC9729F-BA27-3831-6078-F8508766396A
72.8512,0.7850009,2,7DC9729F-BA27-3831-6078-F8508766396A
56.52554,6.302234,2,7DC9729F-BA27-3831-6078-F8508766396A
24.05177,-4.869856,2,7DC9729F-BA27-3831-6078-F8508766396A
23.875914,-5.0123634,2,7DC9729F-BA27-3831-6078-F8508766396A
23.80733,-5.061386,0,7DC9729F-BA27-3831-6078-F8508766396A
23.276218,-5.43742,0,7DC9729F-BA27-3831-6078-F8508766396A
-34.07152,3.3065634,0,7DC9729F-BA27-3831-6078-F8508766396A
-59.103237,-10.087391,0,7DC9729F-BA27-3831-6078-F8508766396A
-42.412167,8.684377,0,7DC9729F-BA27-3831-6078-F8508766396A
-68.57854,-0.28437763,0,7DC9729F-BA27-3831-6078-F8508766396A
-68.072815,-0.52125126,0,7DC9729F-BA27-3831-6078-F8508766396A
-67.662254,-0.8228172,0,7DC9729F-BA27-3831-6078-F8508766396A
-67.09464,-1.3570923,0,7DC9729F-BA27-3831-6078-F8508766396A
-6.1524496,63.797787,1,7FB7C50A-30EA-A991-0C04-7FFA681B8803
-5.9458237,63.845135,1,7FB7C50A-30EA-A991-0C04-7FFA681B8803
-5.7801886,63.714706,1,7FB7C50A-30EA-A991-0C04-7FFA681B8803
-5.946186,63.387665,1,7FB7C50A-30EA-A991-0C04-7FFA681B8803
19.657736,2.5346406,1,7FB7C50A-30EA-A991-0C04-7FFA681B8803
8.313528,-9.50413,1,7FB7C50A-30EA-A991-0C04-7FFA681B8803
-57.997032,27.570976,1,7FB7C50A-30EA-A991-0C04-7FFA681B8803
-58.027866,27.536352,1,7FB7C50A-30EA-A991-0C04-7FFA681B8803
12.396215,-51.69567,1,7FB7C50A-30EA-A991-0C04-7FFA681B8803
28.878437,22.960382,1,7FB7C50A-30EA-A991-0C04-7FFA681B8803
28.77004,23.416307,1,7FB7C50A-30EA-A991-0C04-7FFA681B8803
6.223644,55.150253,1,7FB7C50A-30EA-A991-0C04-7FFA681B8803
5.887058,2.2996235,1,7FB7C50A-30EA-A991-0C04-7FFA681B8803
-5.0642157,-3.9422512,1,7FB7C50A-30EA-A991-0C04-7FFA681B8803
-5.132325,-3.9989061,1,7FB7C50A-30EA-A991-0C04-7FFA681B8803
-51.977562,12.012109,1,7FB7C50A-30EA-A991-0C04-7FFA681B8803
-32.882706,6.2387424,1,7FB7C50A-30EA-A991-0C04-7FFA681B8803
-3.1694,60.586346,1,7FB7C50A-30EA-A991-0C04-7FFA681B8803
4.253336,19.117678,2,8322EDEF-4C09-318A-1B7E-56D62A6839AD
18.948875,-19.427437,2,8322EDEF-4C09-318A-1B7E-56D62A6839AD
57.88627,-7.0855303,2,8322EDEF-4C09-318A-1B7E-56D62A6839AD
57.71526,-7.850715,2,8322EDEF-4C09-318A-1B7E-56D62A6839AD
57.97006,-7.694852,2,8322EDEF-4C09-318A-1B7E-56D62A6839AD
57.99982,-7.692359,2,8322EDEF-4C09-318A-1B7E-56D62A6839AD
29.039007,3.160736,0,8322EDEF-4C09-318A-1B7E-56D62A6839AD
29.042929,2.931714,0,8322EDEF-4C09-318A-1B7E-56D62A6839AD
29.017023,2.1886518,0,8322EDEF-4C09-318A-1B7E-56D62A6839AD
-11.375266,24.335829,0,8322EDEF-4C09-318A-1B7E-56D62A6839AD
-11.484614,24.36951,0,8322EDEF-4C09-318A-1B7E-56D62A6839AD
-10.641851,23.979322,0,8322EDEF-4C09-318A-1B7E-56D62A6839AD
5.247707,53.58477,1,8322EDEF-4C09-318A-1B7E-56D62A6839AD
5.245959,53.579628,0,8322EDEF-4C09-318A-1B7E-56D62A6839AD
21.303865,11.729241,0,8322EDEF-4C09-318A-1B7E-56D62A6839AD
22.785015,12.412804,0,8322EDEF-4C09-318A-1B7E-56D62A6839AD
-35.170795,-34.903595,0,8322EDEF-4C09-318A-1B7E-56D62A6839AD
-57.669796,-32.60375,2,8322EDEF-4C09-318A-1B7E-56D62A6839AD
-57.76047,-32.57668,2,8322EDEF-4C09-318A-1B7E-56D62A6839AD
-68.446724,-28.346489,2,8322EDEF-4C09-318A-1B7E-56D62A6839AD
-68.3771,-28.714645,2,8322EDEF-4C09-318A-1B7E-56D62A6839AD
-68.34002,-28.594786,2,8322EDEF-4C09-318A-1B7E-56D62A6839AD
-66.89517,-14.088724,0,8322EDEF-4C09-318A-1B7E-56D62A6839AD
-66.89104,-14.041853,0,8322EDEF-4C09-318A-1B7E-56D62A6839AD
18.109978,-38.377663,2,8407F9C4-C295-8C95-C281-584AF2118F84
18.906267,-38.092377,2,8407F9C4-C295-8C95-C281-584AF2118F84
18.82169,-38.111523,0,8407F9C4-C295-8C95-C281-584AF2118F84
6.305451,-11.920265,0,8407F9C4-C295-8C95-C281-584AF2118F84
6.452622,-12.24584,0,8407F9C4-C295-8C95-C281-584AF2118F84
5.9952354,-12.548106,2,8407F9C4-C295-8C95-C281-584AF2118F84
-27.11202,34.08711,2,8407F9C4-C295-8C95-C281-584AF2118F84
-27.087317,34.076206,2,8407F9C4-C295-8C95-C281-584AF2118F84
-59.74415,8.57012,2,8407F9C4-C295-8C95-C281-584AF2118F84
-59.30709,8.846809,2,8407F9C4-C295-8C95-C281-584AF2118F84
-55.772976,-3.9221907,2,8407F9C4-C295-8C95-C281-584AF2118F84
-55.91382,-2.9952657,0,8407F9C4-C295-8C95-C281-584AF2118F84
-65.60314,-12.01453,0,85748DC9-A6DA-334D-6422-BF69EE06A98C
-65.55173,-12.01431,0,85748DC9-A6DA-334D-6422-BF69EE06A98C
-59.285282,-7.178007,0,85748DC9-A6DA-334D-6422-BF69EE06A98C
-59.168343,-7.138455,0,85748DC9-A6DA-334D-6422-BF69EE06A98C
8.27236,-7.7037864,0,85748DC9-A6DA-334D-6422-BF69EE06A98C
3.7560258,-6.379004,0,85748DC9-A6DA-334D-6422-BF69EE06A98C
3.6968815,-6.589799,0,85748DC9-A6DA-334D-6422-BF69EE06A98C
3.4504607,-6.686371,0,85748DC9-A6DA-334D-6422-BF69EE06A98C
3.347801,-6.360073,0,85748DC9-A6DA-334D-6422-BF69EE06A98C
2.8016593,-5.6594133,0,85748DC9-A6DA-334D-6422-BF69EE06A98C
-65.09446,-25.068516,0,85748DC9-A6DA-334D-6422-BF69EE06A98C
-65.16332,-24.77479,0,85748DC9-A6DA-334D-6422-BF69EE06A98C
9.562497,-7.323871,2,85748DC9-A6DA-334D-6422-BF69EE06A98C
9.424669,-7.3955245,2,85748DC9-A6DA-334D-6422-BF69EE06A98C
-16.807913,10.949075,2,85748DC9-A6DA-334D-6422-BF69EE06A98C
-67.66254,-6.4973583,0,85748DC9-A6DA-334D-6422-BF69EE06A98C
-67.94376,-6.251945,0,85748DC9-A6DA-334D-6422-BF69EE06A98C
-51.12337,33.15294,0,85748DC9-A6DA-334D-6422-BF69EE06A98C
-51.061543,33.124214,0,85748DC9-A6DA-334D-6422-BF69EE06A98C
-51.030266,32.564095,0,85748DC9-A6DA-334D-6422-BF69EE06A98C
-2.7749257,-38.118225,0,85748DC9-A6DA-334D-6422-BF69EE06A98C
39.89666,-45.724255,0,85748DC9-A6DA-334D-6422-BF69EE06A98C
39.896713,-45.719833,0,85748DC9-A6DA-334D-6422-BF69EE06A98C
80.40022,8.762095,2,85748DC9-A6DA-334D-6422-BF69EE06A98C
45.13975,-25.550423,2,85748DC9-A6DA-334D-6422-BF69EE06A98C
45.1402,-25.579529,2,85748DC9-A6DA-334D-6422-BF69EE06A98C
45.59608,-25.502434,2,85748DC9-A6DA-334D-6422-BF69EE06A98C
46.076557,-25.68798,2,85748DC9-A6DA-334D-6422-BF69EE06A98C
31.700956,-35.064922,2,85748DC9-A6DA-334D-6422-BF69EE06A98C
5.8771644,-25.941673,2,85748DC9-A6DA-334D-6422-BF69EE06A98C
-35.427998,-5.738836,0,85748DC9-A6DA-334D-6422-BF69EE06A98C
-35.43307,-6.109254,0,85748DC9-A6DA-334D-6422-BF69EE06A98C
-35.725483,-6.397619,0,85748DC9-A6DA-334D-6422-BF69EE06A98C
-36.14095,-6.6886916,0,85748DC9-A6DA-334D-6422-BF69EE06A98C
-46.20251,-8.725562,0,85748DC9-A6DA-334D-6422-BF69EE06A98C
-47.088963,-9.032516,0,85748DC9-A6DA-334D-6422-BF69EE06A98C
-47.194336,-9.572235,0,85748DC9-A6DA-334D-6422-BF69EE06A98C
-47.182957,-9.453415,0,85748DC9-A6DA-334D-6422-BF69EE06A98C
-47.229645,-19.54957,0,85748DC9-A6DA-334D-6422-BF69EE06A98C
-47.197247,-19.026085,0,85748DC9-A6DA-334D-6422-BF69EE06A98C
-47.24135,-18.410082,0,85748DC9-A6DA-334D-6422-BF69EE06A98C
-47.301838,-18.33297,0,85748DC9-A6DA-334D-6422-BF69EE06A98C
15.189353,-48.21336,2,8690E8B6-9B41-5F0E-C518-8F2D028C6690
15.235956,-48.2276,2,8690E8B6-9B41-5F0E-C518-8F2D028C6690
67.133156,-10.695944,2,8690E8B6-9B41-5F0E-C518-8F2D028C6690
67.1654,-10.651874,2,8690E8B6-9B41-5F0E-C518-8F2D028C6690
30.231457,-32.853916,2,8690E8B6-9B41-5F0E-C518-8F2D028C6690
30.232508,-32.859066,2,8690E8B6-9B41-5F0E-C518-8F2D028C6690
-42.255554,-21.719894,0,8690E8B6-9B41-5F0E-C518-8F2D028C6690
-42.165424,-21.378084,0,8690E8B6-9B41-5F0E-C518-8F2D028C6690
-41.400673,-21.250908,0,8690E8B6-9B41-5F0E-C518-8F2D028C6690
-41.432713,-21.252604,0,8690E8B6-9B41-5F0E-C518-8F2D028C6690
-47.557903,23.712547,0,8690E8B6-9B41-5F0E-C518-8F2D028C6690
-46.807625,23.845901,0,8690E8B6-9B41-5F0E-C518-8F2D028C6690
11.676551,-35.81977,2,874A6B13-C999-C802-1138-FA198591D897
22.671219,-29.375563,2,874A6B13-C999-C802-1138-FA198591D897
22.080278,-29.825645,2,874A6B13-C999-C802-1138-FA198591D897
21.805004,-30.017513,2,874A6B13-C999-C802-1138-FA198591D897
20.939423,-30.448244,2,874A6B13-C999-C802-1138-FA198591D897
20.393953,-31.005104,2,874A6B13-C999-C802-1138-FA198591D897
20.69747,-31.583984,2,874A6B13-C999-C802-1138-FA198591D897
20.851446,-32.042778,2,874A6B13-C999-C802-1138-FA198591D897
43.095303,-28.462706,2,874A6B13-C999-C802-1138-FA198591D897
43.454445,-28.286802,2,874A6B13-C999-C802-1138-FA198591D897
51.789757,3.9098651,2,874A6B13-C999-C802-1138-FA198591D897
44.228977,-8.041859,2,874A6B13-C999-C802-1138-FA198591D897
35.42291,5.9238687,2,874A6B13-C999-C802-1138-FA198591D897
35.364525,5.9370174,2,874A6B13-C999-C802-1138-FA198591D897
19.065897,-16.148731,2,874A6B13-C999-C802-1138-FA198591D897
19.313984,-15.976789,2,874A6B13-C999-C802-1138-FA198591D897
37.655506,1.2705407,2,874A6B13-C999-C802-1138-FA198591D897
38.887962,1.3676896,2,874A6B13-C999-C802-1138-FA198591D897
63.29833,10.941843,2,874A6B13-C999-C802-1138-FA198591D897
0.51535755,-13.37464,2,874A6B13-C999-C802-1138-FA198591D897
-25.444017,-8.751128,2,874A6B13-C999-C802-1138-FA198591D897
-15.260875,21.397877,2,874A6B13-C999-C802-1138-FA198591D897
-14.986774,21.422802,2,874A6B13-C999-C802-1138-FA198591D897
-14.515767,21.52691,2,874A6B13-C999-C802-1138-FA198591D897
66.714294,0.068374,2,874A6B13-C999-C802-1138-FA198591D897
66.843155,0.27798855,2,874A6B13-C999-C802-1138-FA198591D897
21.565525,2.700285,2,8DD09016-F898-915E-4A5C-727F57619D73
21.464851,2.716683,2,8DD09016-F898-915E-4A5C-727F57619D73
21.615213,2.5300257,2,8DD09016-F898-915E-4A5C-727F57619D73
22.142345,0.7565905,2,8DD09016-F898-915E-4A5C-727F57619D73
22.285,0.4282793,2,8DD09016-F898-915E-4A5C-727F57619D73
22.707218,-0.24109176,2,8DD09016-F898-915E-4A5C-727F57619D73
-14.101303,-5.1479073,2,8DD09016-F898-915E-4A5C-727F57619D73
-14.492432,-5.78986,2,8DD09016-F898-915E-4A5C-727F57619D73
-14.4878025,-5.861088,2,8DD09016-F898-915E-4A5C-727F57619D73
-14.265001,-6.0625806,2,8DD09016-F898-915E-4A5C-727F57619D73
-13.417542,-6.8405604,2,8DD09016-F898-915E-4A5C-727F57619D73
-55.522976,10.280539,0,8DD09016-F898-915E-4A5C-727F57619D73
13.277383,14.019745,0,8DD09016-F898-915E-4A5C-727F57619D73
1.1028018,43.730553,0,8DD09016-F898-915E-4A5C-727F57619D73
1.0811543,43.694324,2,8DD09016-F898-915E-4A5C-727F57619D73
1.0882282,43.150314,2,8DD09016-F898-915E-4A5C-727F57619D73
6.376306,12.407632,2,8DD09016-F898-915E-4A5C-727F57619D73
-1.4770727,-24.14302,2,8DD09016-F898-915E-4A5C-727F57619D73
-1.3267151,-24.16405,2,8DD09016-F898-915E-4A5C-727F57619D73
11.950809,-25.770245,2,8DD09016-F898-915E-4A5C-727F57619D73
50.29219,15.293418,2,8DD09016-F898-915E-4A5C-727F57619D73
49.258377,15.527547,2,8DD09016-F898-915E-4A5C-727F57619D73
49.17045,15.542106,2,8DD09016-F898-915E-4A5C-727F57619D73
48.671623,15.595491,2,8DD09016-F898-915E-4A5C-727F57619D73
-6.110319,56.76934,1,9268F759-54B0-96CC-C0F5-9D8DBAA12073
-6.1180553,56.561264,1,9268F759-54B0-96CC-C0F5-9D8DBAA12073
-6.1076245,56.492485,1,9268F759-54B0-96CC-C0F5-9D8DBAA12073
-4.741999,52.973896,1,9268F759-54B0-96CC-C0F5-9D8DBAA12073
-14.421678,31.936451,1,9268F759-54B0-96CC-C0F5-9D8DBAA12073
-14.380905,31.970293,1,9268F759-54B0-96CC-C0F5-9D8DBAA12073
-3.1241288,56.615555,1,9268F759-54B0-96CC-C0F5-9D8DBAA12073
-3.311525,56.198208,1,9268F759-54B0-96CC-C0F5-9D8DBAA12073
4.738665,43.70545,1,9268F759-54B0-96CC-C0F5-9D8DBAA12073
4.9897175,43.50406,1,9268F759-54B0-96CC-C0F5-9D8DBAA12073
5.337879,43.229202,1,9268F759-54B0-96CC-C0F5-9D8DBAA12073
-60.55561,15.2380085,1,9268F759-54B0-96CC-C0F5-9D8DBAA12073
-60.535847,15.278731,1,9268F759-54B0-96CC-C0F5-9D8DBAA12073
-48.836914,19.753307,1,9268F759-54B0-96CC-C0F5-9D8DBAA12073
-73.44567,-20.491941,1,9268F759-54B0-96CC-C0F5-9D8DBAA12073
-65.87748,10.074523,1,9268F759-54B0-96CC-C0F5-9D8DBAA12073
-8.152457,63.768982,1,9268F759-54B0-96CC-C0F5-9D8DBAA12073
-7.9894586,63.86479,1,9268F759-54B0-96CC-C0F5-9D8DBAA12073
73.78405,8.911089,2,96B78431-4166-E4D3-2AA2-15BE2512E1D6
73.774635,8.475245,2,96B78431-4166-E4D3-2AA2-15BE2512E1D6
-30.915476,-46.123425,2,96B78431-4166-E4D3-2AA2-15BE2512E1D6
-37.134594,-44.33538,2,96B78431-4166-E4D3-2AA2-15BE2512E1D6
-37.871128,-40.65419,2,96B78431-4166-E4D3-2AA2-15BE2512E1D6
-37.311573,-40.89798,2,96B78431-4166-E4D3-2AA2-15BE2512E1D6
-37.154263,-40.600407,2,96B78431-4166-E4D3-2AA2-15BE2512E1D6
-37.194565,-40.26699,2,96B78431-4166-E4D3-2AA2-15BE2512E1D6
-36.881435,-39.665955,2,96B78431-4166-E4D3-2AA2-15BE2512E1D6
-25.783525,12.340446,1,96B78431-4166-E4D3-2AA2-15BE2512E1D6
-55.40497,-0.869072,1,96B78431-4166-E4D3-2AA2-15BE2512E1D6
-54.807407,-1.186457,0,96B78431-4166-E4D3-2AA2-15BE2512E1D6
12.6535225,-33.586426,0,96B78431-4166-E4D3-2AA2-15BE2512E1D6
17.66887,-0.8679591,0,96B78431-4166-E4D3-2AA2-15BE2512E1D6
17.755907,-0.8788165,0,96B78431-4166-E4D3-2AA2-15BE2512E1D6
18.18399,-0.65530837,0,96B78431-4166-E4D3-2AA2-15BE2512E1D6
18.343475,-0.4873562,0,96B78431-4166-E4D3-2AA2-15BE2512E1D6
1.2294449,-19.576385,1,96B78431-4166-E4D3-2AA2-15BE2512E1D6
-54.80244,-7.1474442,0,96B78431-4166-E4D3-2AA2-15BE2512E1D6
-55.698727,-15.39919,0,96B78431-4166-E4D3-2AA2-15BE2512E1D6
-9.114291,60.01184,0,96B78431-4166-E4D3-2AA2-15BE2512E1D6
-1.1291018,36.47529,0,96B78431-4166-E4D3-2AA2-15BE2512E1D6
39.21902,-18.123415,0,96B78431-4166-E4D3-2AA2-15BE2512E1D6
57.139133,15.17731,0,96B78431-4166-E4D3-2AA2-15BE2512E1D6
24.59739,-23.96311,2,99827717-1B21-7ECC-CAD1-99489F7E19EA
24.60588,-24.04394,2,99827717-1B21-7ECC-CAD1-99489F7E19EA
24.071148,-23.561487,2,99827717-1B21-7ECC-CAD1-99489F7E19EA
23.0044,-23.184582,2,99827717-1B21-7ECC-CAD1-99489F7E19EA
55.76486,3.7718716,2,99827717-1B21-7ECC-CAD1-99489F7E19EA
58.307873,14.302339,2,99827717-1B21-7ECC-CAD1-99489F7E19EA
58.8995,14.563397,2,99827717-1B21-7ECC-CAD1-99489F7E19EA
59.352062,14.689163,2,99827717-1B21-7ECC-CAD1-99489F7E19EA
59.751377,14.603297,2,99827717-1B21-7ECC-CAD1-99489F7E19EA
37.898438,-19.417217,2,99827717-1B21-7ECC-CAD1-99489F7E19EA
33.97014,-37.38027,2,99827717-1B21-7ECC-CAD1-99489F7E19EA
17.420706,-49.175488,0,99827717-1B21-7ECC-CAD1-99489F7E19EA
30.513788,-35.488735,2,99827717-1B21-7ECC-CAD1-99489F7E19EA
-15.365558,-12.3916445,2,99827717-1B21-7ECC-CAD1-99489F7E19EA
-19.386415,5.9350266,2,99827717-1B21-7ECC-CAD1-99489F7E19EA
55.197258,-1.2377445,1,99827717-1B21-7ECC-CAD1-99489F7E19EA
31.895718,-30.568533,1,99827717-1B21-7ECC-CAD1-99489F7E19EA
31.887232,-30.573746,1,99827717-1B21-7ECC-CAD1-99489F7E19EA
-7.257049,-44.771492,0,99827717-1B21-7ECC-CAD1-99489F7E19EA
-7.265836,-44.771828,0,99827717-1B21-7ECC-CAD1-99489F7E19EA
78.15758,13.934977,2,99C0C5AE-01AD-1BB2-A36B-74B166CB26BA
47.06628,29.934721,2,99C0C5AE-01AD-1BB2-A36B-74B166CB26BA
46.537075,30.990114,2,99C0C5AE-01AD-1BB2-A36B-74B166CB26BA
46.302357,31.350348,2,99C0C5AE-01AD-1BB2-A36B-74B166CB26BA
45.914135,31.80136,2,99C0C5AE-01AD-1BB2-A36B-74B166CB26BA
45.441925,32.397568,2,99C0C5AE-01AD-1BB2-A36B-74B166CB26BA
-0.46516365,57.14799,1,99C0C5AE-01AD-1BB2-A36B-74B166CB26BA
6.207172,47.854027,1,99C0C5AE-01AD-1BB2-A36B-74B166CB26BA
-5.659543,0.21601439,1,99C0C5AE-01AD-1BB2-A36B-74B166CB26BA
-6.162036,-0.018817013,2,99C0C5AE-01AD-1BB2-A36B-74B166CB26BA
-6.717398,-0.18592125,2,99C0C5AE-01AD-1BB2-A36B-74B166CB26BA
-7.394241,-0.022997294,2,99C0C5AE-01AD-1BB2-A36B-74B166CB26BA
-7.84166,0.14704423,2,99C0C5AE-01AD-1BB2-A36B-74B166CB26BA
-16.365335,43.56237,2,99C0C5AE-01AD-1BB2-A36B-74B166CB26BA
-16.297308,43.459633,2,99C0C5AE-01AD-1BB2-A36B-74B166CB26BA
-16.103157,43.244434,2,99C0C5AE-01AD-1BB2-A36B-74B166CB26BA
-13.346568,42.430614,2,99C0C5AE-01AD-1BB2-A36B-74B166CB26BA
-13.149223,42.81877,2,99C0C5AE-01AD-1BB2-A36B-74B166CB26BA
-12.87277,45.15242,1,99C0C5AE-01AD-1BB2-A36B-74B166CB26BA
-12.81619,45.725334,1,99C0C5AE-01AD-1BB2-A36B-74B166CB26BA
-12.814242,45.773575,1,99C0C5AE-01AD-1BB2-A36B-74B166CB26BA
-12.63858,46.4686,1,99C0C5AE-01AD-1BB2-A36B-74B166CB26BA
-1.5764405,60.777683,1,99C0C5AE-01AD-1BB2-A36B-74B166CB26BA
-1.2328774,60.67389,1,99C0C5AE-01AD-1BB2-A36B-74B166CB26BA
-6.4083714,61.38748,1,99C0C5AE-01AD-1BB2-A36B-74B166CB26BA
-6.6003084,61.22593,1,99C0C5AE-01AD-1BB2-A36B-74B166CB26BA
-6.9569445,60.867706,1,99C0C5AE-01AD-1BB2-A36B-74B166CB26BA
-49.494625,26.479216,1,99C0C5AE-01AD-1BB2-A36B-74B166CB26BA
-49.636677,27.255487,1,99C0C5AE-01AD-1BB2-A36B-74B166CB26BA
-49.88271,27.355198,1,99C0C5AE-01AD-1BB2-A36B-74B166CB26BA
54.29919,4.7704177,2,9C694EBE-9421-F45A-ED92-F521991A6A52
54.441,4.928943,2,9C694EBE-9421-F45A-ED92-F521991A6A52
54.693012,17.283525,2,9C694EBE-9421-F45A-ED92-F521991A6A52
54.111454,17.512165,2,9C694EBE-9421-F45A-ED92-F521991A6A52
55.15781,17.247414,2,9C694EBE-9421-F45A-ED92-F521991A6A52
74.94616,10.951763,2,9C694EBE-9421-F45A-ED92-F521991A6A52
51.485542,17.400143,2,9C694EBE-9421-F45A-ED92-F521991A6A52
51.646904,17.514824,2,9C694EBE-9421-F45A-ED92-F521991A6A52
62.118076,13.7123375,2,9C694EBE-9421-F45A-ED92-F521991A6A52
62.119606,13.875671,2,9C694EBE-9421-F45A-ED92-F521991A6A52
62.26926,15.261562,2,9C694EBE-9421-F45A-ED92-F521991A6A52
62.45488,15.257744,2,9C694EBE-9421-F45A-ED92-F521991A6A52
16.678642,33.63527,2,9E6EBCE2-44FB-8F07-4135-E91140B34096
0.040884748,36.118977,2,9E6EBCE2-44FB-8F07-4135-E91140B34096
-0.12650172,36.177025,2,9E6EBCE2-44FB-8F07-4135-E91140B34096
17.637682,33.588547,2,9E6EBCE2-44FB-8F07-4135-E91140B34096
26.92098,31.005127,2,9E6EBCE2-44FB-8F07-4135-E91140B34096
27.141527,30.802967,2,9E6EBCE2-44FB-8F07-4135-E91140B34096
-20.526691,-13.915732,0,9E6EBCE2-44FB-8F07-4135-E91140B34096
-20.615437,-13.174592,0,9E6EBCE2-44FB-8F07-4135-E91140B34096
4.7343035,32.967915,2,9E6EBCE2-44FB-8F07-4135-E91140B34096
43.015217,26.197306,2,9E6EBCE2-44FB-8F07-4135-E91140B34096
43.367958,27.25483,2,9E6EBCE2-44FB-8F07-4135-E91140B34096
43.42926,27.410004,2,9E6EBCE2-44FB-8F07-4135-E91140B34096
-58.549515,-15.225257,0,9E6EBCE2-44FB-8F07-4135-E91140B34096
-58.348373,-15.053551,0,9E6EBCE2-44FB-8F07-4135-E91140B34096
-57.852882,-14.606306,0,9E6EBCE2-44FB-8F07-4135-E91140B34096
-56.643604,4.132735,0,9E6EBCE2-44FB-8F07-4135-E91140B34096
-56.494686,3.7329135,0,9E6EBCE2-44FB-8F07-4135-E91140B34096
-41.07695,15.385418,0,9E6EBCE2-44FB-8F07-4135-E91140B34096
-41.186672,15.139714,0,9E6EBCE2-44FB-8F07-4135-E91140B34096
-50.820656,-0.77873707,0,9E6EBCE2-44FB-8F07-4135-E91140B34096
-51.04774,-1.2745357,0,9E6EBCE2-44FB-8F07-4135-E91140B34096
-51.334213,-1.8031136,0,9E6EBCE2-44FB-8F07-4135-E91140B34096
-61.036713,-17.950846,0,9E6EBCE2-44FB-8F07-4135-E91140B34096
-61.081337,-17.997736,0,9E6EBCE2-44FB-8F07-4135-E91140B34096
-12.507469,30.069675,0,A135AF2A-692D-9C83-AB54-34F977E4D14D
-12.305927,30.71463,0,A135AF2A-692D-9C83-AB54-34F977E4D14D
-9.732687,48.4388,0,A135AF2A-692D-9C83-AB54-34F977E4D14D
-12.168329,34.82069,0,A135AF2A-692D-9C83-AB54-34F977E4D14D
-20.298279,-47.35625,0,A135AF2A-692D-9C83-AB54-34F977E4D14D
-20.302658,-47.35779,0,A135AF2A-692D-9C83-AB54-34F977E4D14D
-33.304276,10.224366,0,A135AF2A-692D-9C83-AB54-34F977E4D14D
-33.44959,10.091523,2,A135AF2A-692D-9C83-AB54-34F977E4D14D
-34.652855,10.934355,0,A135AF2A-692D-9C83-AB54-34F977E4D14D
-35.011917,10.707083,0,A135AF2A-692D-9C83-AB54-34F977E4D14D
-35.06521,10.427172,0,A135AF2A-692D-9C83-AB54-34F977E4D14D
-59.194973,2.420008,0,A135AF2A-692D-9C83-AB54-34F977E4D14D
-0.14071506,-46.359386,0,A135AF2A-692D-9C83-AB54-34F977E4D14D
-0.22054406,-46.505978,0,A135AF2A-692D-9C83-AB54-34F977E4D14D
-1.8332946,-46.859985,0,A135AF2A-692D-9C83-AB54-34F977E4D14D
-1.9703139,-46.934505,0,A135AF2A-692D-9C83-AB54-34F977E4D14D
-39.17169,-42.36947,0,A135AF2A-692D-9C83-AB54-34F977E4D14D
-40.81015,-43.35378,0,A135AF2A-692D-9C83-AB54-34F977E4D14D
-40.023487,8.033399,0,A135AF2A-692D-9C83-AB54-34F977E4D14D
-39.642807,7.9498143,0,A135AF2A-692D-9C83-AB54-34F977E4D14D
-39.44894,8.058735,2,A135AF2A-692D-9C83-AB54-34F977E4D14D
-28.468918,19.061401,2,A135AF2A-692D-9C83-AB54-34F977E4D14D
-2.4587557,58.599445,2,A135AF2A-692D-9C83-AB54-34F977E4D14D
-2.2855804,58.476368,2,A135AF2A-692D-9C83-AB54-34F977E4D14D
72.12415,-14.757611,2,A43E8D46-F136-DB41-3E16-F9F161DBA1D6
72.74195,-13.513199,2,A43E8D46-F136-DB41-3E16-F9F161DBA1D6
72.60988,-13.835413,2,A43E8D46-F136-DB41-3E16-F9F161DBA1D6
73.18377,-13.041486,1,A43E8D46-F136-DB41-3E16-F9F161DBA1D6
73.21346,-13.010482,1,A43E8D46-F136-DB41-3E16-F9F161DBA1D6
0.5022147,34.081383,1,A43E8D46-F136-DB41-3E16-F9F161DBA1D6
40.54086,1.0620236,2,A43E8D46-F136-DB41-3E16-F9F161DBA1D6
24.863815,-25.05817,2,A43E8D46-F136-DB41-3E16-F9F161DBA1D6
10.2846155,-38.109463,2,A43E8D46-F136-DB41-3E16-F9F161DBA1D6
10.187837,-38.243916,2,A43E8D46-F136-DB41-3E16-F9F161DBA1D6
9.998926,-38.339344,2,A43E8D46-F136-DB41-3E16-F9F161DBA1D6
9.379267,-38.813255,2,A43E8D46-F136-DB41-3E16-F9F161DBA1D6
-25.776474,47.677807,0,A43E8D46-F136-DB41-3E16-F9F161DBA1D6
-25.78224,47.611416,0,A43E8D46-F136-DB41-3E16-F9F161DBA1D6
2.5949745,9.804221,0,A43E8D46-F136-DB41-3E16-F9F161DBA1D6
2.7964458,9.904542,0,A43E8D46-F136-DB41-3E16-F9F161DBA1D6
2.9937027,10.126987,0,A43E8D46-F136-DB41-3E16-F9F161DBA1D6
2.6986685,10.238634,1,A43E8D46-F136-DB41-3E16-F9F161DBA1D6
-47.133625,5.360814,0,A43E8D46-F136-DB41-3E16-F9F161DBA1D6
-44.910088,1.9131967,0,A43E8D46-F136-DB41-3E16-F9F161DBA1D6
-45.059967,1.8055214,0,A43E8D46-F136-DB41-3E16-F9F161DBA1D6
-46.835037,0.69608486,0,A43E8D46-F136-DB41-3E16-F9F161DBA1D6
-46.403652,1.428062,1,A43E8D46-F136-DB41-3E16-F9F161DBA1D6
-59.396713,33.669838,1,A43E8D46-F136-DB41-3E16-F9F161DBA1D6
-10.179225,62.57533,1,A43E8D46-F136-DB41-3E16-F9F161DBA1D6
-10.112427,62.637615,2,A43E8D46-F136-DB41-3E16-F9F161DBA1D6
-10.125147,62.52881,2,A43E8D46-F136-DB41-3E16-F9F161DBA1D6
1.0363915,36.57712,2,A43E8D46-F136-DB41-3E16-F9F161DBA1D6
-1.0234045,-3.6146238,2,A43E8D46-F136-DB41-3E16-F9F161DBA1D6
-1.02904,-3.6114807,2,A43E8D46-F136-DB41-3E16-F9F161DBA1D6
-33.5014,44.975822,1,A7C426E7-344F-99F4-6E35-453AF3AD9C2C
-33.352295,44.95296,1,A7C426E7-344F-99F4-6E35-453AF3AD9C2C
-30.01884,21.468683,1,A7C426E7-344F-99F4-6E35-453AF3AD9C2C
15.2845335,-34.193264,1,A7C426E7-344F-99F4-6E35-453AF3AD9C2C
0.43244568,47.701485,1,A7C426E7-344F-99F4-6E35-453AF3AD9C2C
0.4820385,47.677544,1,A7C426E7-344F-99F4-6E35-453AF3AD9C2C
-22.98382,42.407684,1,A7C426E7-344F-99F4-6E35-453AF3AD9C2C
-16.297365,16.985777,1,A7C426E7-344F-99F4-6E35-453AF3AD9C2C
5.7627673,-31.642384,1,A7C426E7-344F-99F4-6E35-453AF3AD9C2C
6.029512,-31.394747,2,A7C426E7-344F-99F4-6E35-453AF3AD9C2C
6.392146,-31.163563,2,A7C426E7-344F-99F4-6E35-453AF3AD9C2C
78.29767,8.369959,2,A7C426E7-344F-99F4-6E35-453AF3AD9C2C
78.20711,7.953942,2,A7C426E7-344F-99F4-6E35-453AF3AD9C2C
78.300514,7.7340617,2,A7C426E7-344F-99F4-6E35-453AF3AD9C2C
79.354675,6.7116146,2,A7C426E7-344F-99F4-6E35-453AF3AD9C2C
79.71179,6.2541814,2,A7C426E7-344F-99F4-6E35-453AF3AD9C2C
-18.348806,-1.813847,2,A7C426E7-344F-99F4-6E35-453AF3AD9C2C
-18.368385,-1.8442795,2,A7C426E7-344F-99F4-6E35-453AF3AD9C2C
25.157375,5.3920608,2,A7C426E7-344F-99F4-6E35-453AF3AD9C2C
25.082354,5.3012543,2,A7C426E7-344F-99F4-6E35-453AF3AD9C2C
24.821396,5.0523796,2,A7C426E7-344F-99F4-6E35-453AF3AD9C2C
-7.076669,-16.336296,2,A7C426E7-344F-99F4-6E35-453AF3AD9C2C
-14.164794,-24.79116,1,A7C426E7-344F-99F4-6E35-453AF3AD9C2C
69.76919,0.0365381,1,A7C426E7-344F-99F4-6E35-453AF3AD9C2C
-35.92117,33.916233,1,AB9921A8-F143-E101-6A47-E66882F571B2
-36.538097,34.496796,1,AB9921A8-F143-E101-6A47-E66882F571B2
-36.99578,35.004467,2,AB9921A8-F143-E101-6A47-E66882F571B2
-36.977875,34.98332,2,AB9921A8-F143-E101-6A47-E66882F571B2
-37.69749,35.85555,2,AB9921A8-F143-E101-6A47-E66882F571B2
-37.826828,36.279873,2,AB9921A8-F143-E101-6A47-E66882F571B2
-46.113956,-12.622356,0,AB9921A8-F143-E101-6A47-E66882F571B2
-46.063625,-12.566777,0,AB9921A8-F143-E101-6A47-E66882F571B2
-40.84895,-15.477921,1,AB9921A8-F143-E101-6A47-E66882F571B2
-52.179974,13.446495,1,AB9921A8-F143-E101-6A47-E66882F571B2
10.434789,-46.634323,2,AB9921A8-F143-E101-6A47-E66882F571B2
44.741005,-37.367294,2,AB9921A8-F143-E101-6A47-E66882F571B2
45.30367,-36.920242,2,AB9921A8-F143-E101-6A47-E66882F571B2
45.36519,-36.85573,2,AB9921A8-F143-E101-6A47-E66882F571B2
46.41541,-35.957317,2,AB9921A8-F143-E101-6A47-E66882F571B2
46.34575,-35.977955,0,AB9921A8-F143-E101-6A47-E66882F571B2
-0.48363155,-40.85776,0,AB9921A8-F143-E101-6A47-E66882F571B2
-0.7148623,-40.916508,0,AB9921A8-F143-E101-6A47-E66882F571B2
-40.571945,-3.875299,1,AB9921A8-F143-E101-6A47-E66882F571B2
-39.55268,-3.1920187,1,AB9921A8-F143-E101-6A47-E66882F571B2
-39.75796,-3.0017416,1,AB9921A8-F143-E101-6A47-E66882F571B2
-40.006077,-2.6557097,1,AB9921A8-F143-E101-6A47-E66882F571B2
-1.6744614,53.18107,1,AB9921A8-F143-E101-6A47-E66882F571B2
-1.6631849,53.17447,1,AB9921A8-F143-E101-6A47-E66882F571B2
23.717384,38.928112,2,B06410CC-D778-33B2-B1FD-A828EE4AF413
23.123482,38.67102,1,B06410CC-D778-33B2-B1FD-A828EE4AF413
22.819353,38.53858,0,B06410CC-D778-33B2-B1FD-A828EE4AF413
22.629303,38.64378,0,B06410CC-D778-33B2-B1FD-A828EE4AF413
22.310413,39.455013,2,B06410CC-D778-33B2-B1FD-A828EE4AF413
22.24057,39.975967,2,B06410CC-D778-33B2-B1FD-A828EE4AF413
-35.369774,28.803614,0,B06410CC-D778-33B2-B1FD-A828EE4AF413
-35.34498,28.806326,0,B06410CC-D778-33B2-B1FD-A828EE4AF413
-34.63378,29.575478,0,B06410CC-D778-33B2-B1FD-A828EE4AF413
-34.309,29.719591,0,B06410CC-D778-33B2-B1FD-A828EE4AF413
-33.689644,29.912476,0,B06410CC-D778-33B2-B1FD-A828EE4AF413
83.48038,-7.1492233,2,B06410CC-D778-33B2-B1FD-A828EE4AF413
58.32398,-28.241642,0,B06410CC-D778-33B2-B1FD-A828EE4AF413
58.315037,-28.25008,0,B06410CC-D778-33B2-B1FD-A828EE4AF413
19.278637,-34.562492,0,B06410CC-D778-33B2-B1FD-A828EE4AF413
19.207891,-34.53819,2,B06410CC-D778-33B2-B1FD-A828EE4AF413
18.174866,-34.133457,2,B06410CC-D778-33B2-B1FD-A828EE4AF413
-11.296723,3.2869406,2,B06410CC-D778-33B2-B1FD-A828EE4AF413
-71.91695,13.209977,0,B06410CC-D778-33B2-B1FD-A828EE4AF413
-71.33025,12.989433,1,B06410CC-D778-33B2-B1FD-A828EE4AF413
-71.40117,12.670965,0,B06410CC-D778-33B2-B1FD-A828EE4AF413
-71.79252,12.786588,0,B06410CC-D778-33B2-B1FD-A828EE4AF413
-35.635258,5.2761025,0,B06410CC-D778-33B2-B1FD-A828EE4AF413
-57.299328,-5.8585114,0,B06410CC-D778-33B2-B1FD-A828EE4AF413
-48.57623,-37.681656,2,B0AAFE06-91C2-2C6D-4547-7508BB719E45
4.3251214,-2.0220153,2,B0AAFE06-91C2-2C6D-4547-7508BB719E45
4.763399,-1.5428407,2,B0AAFE06-91C2-2C6D-4547-7508BB719E45
4.858218,-1.4198875,2,B0AAFE06-91C2-2C6D-4547-7508BB719E45
25.862087,-0.8516067,2,B0AAFE06-91C2-2C6D-4547-7508BB719E45
25.842432,-0.8552952,2,B0AAFE06-91C2-2C6D-4547-7508BB719E45
10.272468,24.739475,2,B0AAFE06-91C2-2C6D-4547-7508BB719E45
10.283356,24.742876,2,B0AAFE06-91C2-2C6D-4547-7508BB719E45
14.7727585,-8.343007,2,B0AAFE06-91C2-2C6D-4547-7508BB719E45
-40.805218,34.110023,2,B0AAFE06-91C2-2C6D-4547-7508BB719E45
-40.868298,33.969425,2,B0AAFE06-91C2-2C6D-4547-7508BB719E45
-41.225567,33.28063,1,B0AAFE06-91C2-2C6D-4547-7508BB719E45
64.09406,-12.611742,2,B0AAFE06-91C2-2C6D-4547-7508BB719E45
64.22715,-12.714706,2,B0AAFE06-91C2-2C6D-4547-7508BB719E45
64.854675,-13.494501,2,B0AAFE06-91C2-2C6D-4547-7508BB719E45
64.92018,-13.494878,2,B0AAFE06-91C2-2C6D-4547-7508BB719E45
64.69001,-14.539465,1,B0AAFE06-91C2-2C6D-4547-7508BB719E45
-0.3863246,-39.293484,2,B0AAFE06-91C2-2C6D-4547-7508BB719E45
-48.486988,-39.625122,0,B0AAFE06-91C2-2C6D-4547-7508BB719E45
-48.546707,-39.593414,0,B0AAFE06-91C2-2C6D-4547-7508BB719E45
-49.069496,-39.85428,2,B0AAFE06-91C2-2C6D-4547-7508BB719E45
-21.584053,14.016947,2,B0AAFE06-91C2-2C6D-4547-7508BB719E45
-21.66716,13.569216,2,B0AAFE06-91C2-2C6D-4547-7508BB719E45
-21.66605,13.503294,2,B0AAFE06-91C2-2C6D-4547-7508BB719E45
47.183792,22.602886,2,B17DF37B-207D-A052-4D45-F862B3BF4C4C
47.388817,22.533775,2,B17DF37B-207D-A052-4D45-F862B3BF4C4C
47.177116,21.98393,2,B17DF37B-207D-A052-4D45-F862B3BF4C4C
40.545788,-19.3439,2,B17DF37B-207D-A052-4D45-F862B3BF4C4C
41.60233,-19.294516,2,B17DF37B-207D-A052-4D45-F862B3BF4C4C
41.606606,-19.318254,2,B17DF37B-207D-A052-4D45-F862B3BF4C4C
-44.586647,37.12395,0,B17DF37B-207D-A052-4D45-F862B3BF4C4C
-45.036137,36.22452,0,B17DF37B-207D-A052-4D45-F862B3BF4C4C
-44.87331,35.55726,0,B17DF37B-207D-A052-4D45-F862B3BF4C4C
-44.798706,35.446266,0,B17DF37B-207D-A052-4D45-F862B3BF4C4C
-40.02113,-16.475378,0,B17DF37B-207D-A052-4D45-F862B3BF4C4C
58.84841,-2.5583794,0,B17DF37B-207D-A052-4D45-F862B3BF4C4C
58.978516,-3.259062,2,B17DF37B-207D-A052-4D45-F862B3BF4C4C
58.845455,-3.8930519,2,B17DF37B-207D-A052-4D45-F862B3BF4C4C
59.405285,-3.8144016,2,B17DF37B-207D-A052-4D45-F862B3BF4C4C
59.602585,-3.7039893,2,B17DF37B-207D-A052-4D45-F862B3BF4C4C
65.89233,7.815145,2,B17DF37B-207D-A052-4D45-F862B3BF4C4C
65.71532,7.6361356,2,B17DF37B-207D-A052-4D45-F862B3BF4C4C
-45.860558,-41.500217,0,B17DF37B-207D-A052-4D45-F862B3BF4C4C
-45.98381,-41.378426,0,B17DF37B-207D-A052-4D45-F862B3BF4C4C
6.9934406,26.067604,0,B17DF37B-207D-A052-4D45-F862B3BF4C4C
42.21752,-16.826153,0,B17DF37B-207D-A052-4D45-F862B3BF4C4C
42.315147,-16.823101,0,B17DF37B-207D-A052-4D45-F862B3BF4C4C
67.54669,1.9578539,0,B17DF37B-207D-A052-4D45-F862B3BF4C4C
-70.22995,-29.980673,0,B17DF37B-207D-A052-4D45-F862B3BF4C4C
-70.28021,-29.37984,0,B17DF37B-207D-A052-4D45-F862B3BF4C4C
-58.084614,-3.4579253,0,B17DF37B-207D-A052-4D45-F862B3BF4C4C
-58.09926,-3.4390328,0,B17DF37B-207D-A052-4D45-F862B3BF4C4C
-44.281876,-20.135914,0,B17DF37B-207D-A052-4D45-F862B3BF4C4C
-44.306572,-20.118492,0,B17DF37B-207D-A052-4D45-F862B3BF4C4C
0.764024,-50.285603,0,B2EE7EC5-4E5B-EBDD-E0EB-AF758B95C36A
0.74330145,-50.350765,0,B2EE7EC5-4E5B-EBDD-E0EB-AF758B95C36A
0.8143608,-29.888365,0,B2EE7EC5-4E5B-EBDD-E0EB-AF758B95C36A
16.927486,-16.749693,0,B2EE7EC5-4E5B-EBDD-E0EB-AF758B95C36A
16.474985,-16.465622,2,B2EE7EC5-4E5B-EBDD-E0EB-AF758B95C36A
16.51594,-16.41298,2,B2EE7EC5-4E5B-EBDD-E0EB-AF758B95C36A
5.8843594,-42.28229,2,B2EE7EC5-4E5B-EBDD-E0EB-AF758B95C36A
6.0525346,-41.82348,2,B2EE7EC5-4E5B-EBDD-E0EB-AF758B95C36A
6.215534,-24.347532,2,B2EE7EC5-4E5B-EBDD-E0EB-AF758B95C36A
7.144025,-23.289362,2,B2EE7EC5-4E5B-EBDD-E0EB-AF758B95C36A
7.032843,-23.382563,2,B2EE7EC5-4E5B-EBDD-E0EB-AF758B95C36A
6.8814096,-23.398808,2,B2EE7EC5-4E5B-EBDD-E0EB-AF758B95C36A
-42.882515,25.43856,1,B2EE7EC5-4E5B-EBDD-E0EB-AF758B95C36A
17.140446,-11.09659,2,B2EE7EC5-4E5B-EBDD-E0EB-AF758B95C36A
18.388268,-11.309757,2,B2EE7EC5-4E5B-EBDD-E0EB-AF758B95C36A
38.299526,-11.420804,2,B2EE7EC5-4E5B-EBDD-E0EB-AF758B95C36A
62.58863,-3.685709,2,B2EE7EC5-4E5B-EBDD-E0EB-AF758B95C36A
62.671753,-3.454735,2,B2EE7EC5-4E5B-EBDD-E0EB-AF758B95C36A
36.537018,-27.861294,1,B2EE7EC5-4E5B-EBDD-E0EB-AF758B95C36A
4.0576878,-23.47882,0,B2EE7EC5-4E5B-EBDD-E0EB-AF758B95C36A
-6.195591,-41.916286,0,B3CE5256-6F65-85EB-0078-689BD5CC1B17
41.44573,-13.905273,0,B3CE5256-6F65-85EB-0078-689BD5CC1B17
41.555004,-13.874798,0,B3CE5256-6F65-85EB-0078-689BD5CC1B17
40.145317,-12.8594475,2,B3CE5256-6F65-85EB-0078-689BD5CC1B17
40.357098,-12.28259,2,B3CE5256-6F65-85EB-0078-689BD5CC1B17
40.34384,-12.194815,2,B3CE5256-6F65-85EB-0078-689BD5CC1B17
39.069153,-39.141495,0,B3CE5256-6F65-85EB-0078-689BD5CC1B17
25.11103,-38.585873,0,B3CE5256-6F65-85EB-0078-689BD5CC1B17
25.488647,-38.557316,2,B3CE5256-6F65-85EB-0078-689BD5CC1B17
48.69213,-16.326298,2,B3CE5256-6F65-85EB-0078-689BD5CC1B17
48.647816,-16.348381,2,B3CE5256-6F65-85EB-0078-689BD5CC1B17
34.775562,15.504837,2,B3CE5256-6F65-85EB-0078-689BD5CC1B17
3.9256046,-46.674557,0,B3CE5256-6F65-85EB-0078-689BD5CC1B17
-12.313014,-42.23129,0,B3CE5256-6F65-85EB-0078-689BD5CC1B17
-55.728436,13.521509,0,B3CE5256-6F65-85EB-0078-689BD5CC1B17
46.297977,26.617393,0,B3CE5256-6F65-85EB-0078-689BD5CC1B17
47.21132,26.32161,0,B3CE5256-6F65-85EB-0078-689BD5CC1B17
47.27167,26.303242,2,B3CE5256-6F65-85EB-0078-689BD5CC1B17
76.105545,11.145549,2,B3CE5256-6F65-85EB-0078-689BD5CC1B17
76.25634,10.863334,2,B3CE5256-6F65-85EB-0078-689BD5CC1B17
76.50042,10.258512,2,B3CE5256-6F65-85EB-0078-689BD5CC1B17
79.10229,4.562211,2,B3CE5256-6F65-85EB-0078-689BD5CC1B17
-33.512703,-46.237865,2,B3CE5256-6F65-85EB-0078-689BD5CC1B17
-37.401043,-46.68598,0,B3CE5256-6F65-85EB-0078-689BD5CC1B17
22.428669,31.641634,2,B6EE5F90-8F59-D3CF-C449-59216B28207B
22.398594,31.868721,1,B6EE5F90-8F59-D3CF-C449-59216B28207B
9.324651,32.036076,1,B6EE5F90-8F59-D3CF-C449-59216B28207B
9.731097,31.435072,2,B6EE5F90-8F59-D3CF-C449-59216B28207B
10.0325,31.236704,2,B6EE5F90-8F59-D3CF-C449-59216B28207B
10.209139,31.142982,2,B6EE5F90-8F59-D3CF-C449-59216B28207B
83.100204,12.879352,2,B6EE5F90-8F59-D3CF-C449-59216B28207B
83.10821,12.865194,2,B6EE5F90-8F59-D3CF-C449-59216B28207B
83.1226,12.869394,2,B6EE5F90-8F59-D3CF-C449-59216B28207B
41.308437,-7.8564653,2,B6EE5F90-8F59-D3CF-C449-59216B28207B
-26.827288,18.241907,1,B6EE5F90-8F59-D3CF-C449-59216B28207B
-26.88009,18.120571,2,B6EE5F90-8F59-D3CF-C449-59216B28207B
-66.930855,-21.95793,0,B6EE5F90-8F59-D3CF-C449-59216B28207B
-36.498524,7.337053,0,B6EE5F90-8F59-D3CF-C449-59216B28207B
-36.487103,7.3429456,0,B6EE5F90-8F59-D3CF-C449-59216B28207B
54.606697,26.79488,2,B6EE5F90-8F59-D3CF-C449-59216B28207B
55.30135,27.04362,2,B6EE5F90-8F59-D3CF-C449-59216B28207B
55.325413,27.069384,2,B6EE5F90-8F59-D3CF-C449-59216B28207B
-20.213882,10.589793,2,B6EE5F90-8F59-D3CF-C449-59216B28207B
-32.001476,-4.0714755,2,B6EE5F90-8F59-D3CF-C449-59216B28207B
-31.779434,-2.658348,1,B6EE5F90-8F59-D3CF-C449-59216B28207B
-32.010365,-2.479018,1,B6EE5F90-8F59-D3CF-C449-59216B28207B
-48.437214,31.64989,1,B6EE5F90-8F59-D3CF-C449-59216B28207B
-57.481846,31.501043,1,B6EE5F90-8F59-D3CF-C449-59216B28207B
70.04061,6.520147,2,B9FD0C60-33D3-E99E-2475-815EAD5C89C2
70.28521,6.724026,2,B9FD0C60-33D3-E99E-2475-815EAD5C89C2
54.44976,-12.720756,2,B9FD0C60-33D3-E99E-2475-815EAD5C89C2
30.304087,-22.121674,2,B9FD0C60-33D3-E99E-2475-815EAD5C89C2
22.206484,8.450232,2,B9FD0C60-33D3-E99E-2475-815EAD5C89C2
-28.482758,-43.43938,2,B9FD0C60-33D3-E99E-2475-815EAD5C89C2
69.757706,4.847891,2,B9FD0C60-33D3-E99E-2475-815EAD5C89C2
22.13302,24.677929,0,B9FD0C60-33D3-E99E-2475-815EAD5C89C2
21.877472,24.752407,0,B9FD0C60-33D3-E99E-2475-815EAD5C89C2
-45.70043,-38.843918,0,B9FD0C60-33D3-E99E-2475-815EAD5C89C2
-45.63895,-38.86085,0,B9FD0C60-33D3-E99E-2475-815EAD5C89C2
-31.945599,-43.607025,0,B9FD0C60-33D3-E99E-2475-815EAD5C89C2
38.744812,-3.6122675,2,B9FD0C60-33D3-E99E-2475-815EAD5C89C2
38.775707,-3.5498018,2,B9FD0C60-33D3-E99E-2475-815EAD5C89C2
39.403614,30.606674,2,B9FD0C60-33D3-E99E-2475-815EAD5C89C2
39.95187,30.726467,2,B9FD0C60-33D3-E99E-2475-815EAD5C89C2
40.194748,30.802223,2,B9FD0C60-33D3-E99E-2475-815EAD5C89C2
40.405533,30.871428,2,B9FD0C60-33D3-E99E-2475-815EAD5C89C2
-56.02647,20.119244,0,B9FD0C60-33D3-E99E-2475-815EAD5C89C2
-56.013493,20.342207,2,B9FD0C60-33D3-E99E-2475-815EAD5C89C2
-55.989193,20.961702,2,B9FD0C60-33D3-E99E-2475-815EAD5C89C2
-55.828213,22.356258,2,B9FD0C60-33D3-E99E-2475-815EAD5C89C2
-55.794395,22.758316,2,B9FD0C60-33D3-E99E-2475-815EAD5C89C2
-48.758194,33.092525,2,B9FD0C60-33D3-E99E-2475-815EAD5C89C2
9.048395,-43.373905,2,BAAA2876-D490-2AB5-0A98-6EB94C7FC331
9.374524,-43.205997,2,BAAA2876-D490-2AB5-0A98-6EB94C7FC331
8.386113,-43.863655,2,BAAA2876-D490-2AB5-0A98-6EB94C7FC331
-37.284035,4.5252385,2,BAAA2876-D490-2AB5-0A98-6EB94C7FC331
-37.183884,4.4703574,2,BAAA2876-D490-2AB5-0A98-6EB94C7FC331
35.663403,-1.1638399,2,BAAA2876-D490-2AB5-0A98-6EB94C7FC331
33.919357,24.173618,2,BAAA2876-D490-2AB5-0A98-6EB94C7FC331
33.886314,24.1512,2,BAAA2876-D490-2AB5-0A98-6EB94C7FC331
33.940186,24.135656,2,BAAA2876-D490-2AB5-0A98-6EB94C7FC331
-39.54568,23.644787,2,BAAA2876-D490-2AB5-0A98-6EB94C7FC331
-39.578083,23.690561,2,BAAA2876-D490-2AB5-0A98-6EB94C7FC331
-57.900288,0.28510392,2,BAAA2876-D490-2AB5-0A98-6EB94C7FC331
-57.086975,0.12371205,2,BAAA2876-D490-2AB5-0A98-6EB94C7FC331
-56.908962,0.30415908,2,BAAA2876-D490-2AB5-0A98-6EB94C7FC331
-57.273685,-0.26329413,2,BAAA2876-D490-2AB5-0A98-6EB94C7FC331
-57.747173,-0.6004347,2,BAAA2876-D490-2AB5-0A98-6EB94C7FC331
-57.658405,-1.6017737,2,BAAA2876-D490-2AB5-0A98-6EB94C7FC331
-54.101856,-9.581556,1,BAAA2876-D490-2AB5-0A98-6EB94C7FC331
-47.247414,33.56674,0,BAAA2876-D490-2AB5-0A98-6EB94C7FC331
-42.074364,-8.291884,0,BAAA2876-D490-2AB5-0A98-6EB94C7FC331
-43.935406,-27.35683,0,BAAA2876-D490-2AB5-0A98-6EB94C7FC331
-43.89295,-27.362791,0,BAAA2876-D490-2AB5-0A98-6EB94C7FC331
-44.313686,-27.466412,0,BAAA2876-D490-2AB5-0A98-6EB94C7FC331
-44.56721,-27.567818,0,BAAA2876-D490-2AB5-0A98-6EB94C7FC331
40.78812,3.3449223,2,BD35F47E-4F73-8664-B165-98D2BF2CDA48
41.212143,3.4215775,2,BD35F47E-4F73-8664-B165-98D2BF2CDA48
39.1796,2.8527212,2,BD35F47E-4F73-8664-B165-98D2BF2CDA48
39.395023,2.8047278,2,BD35F47E-4F73-8664-B165-98D2BF2CDA48
23.888483,-28.566273,2,BD35F47E-4F73-8664-B165-98D2BF2CDA48
24.564608,-27.338232,2,BD35F47E-4F73-8664-B165-98D2BF2CDA48
16.661745,-43.63451,0,BD35F47E-4F73-8664-B165-98D2BF2CDA48
16.990002,-44.150322,2,BD35F47E-4F73-8664-B165-98D2BF2CDA48
17.024141,-44.22836,2,BD35F47E-4F73-8664-B165-98D2BF2CDA48
74.05476,-7.4282265,2,BD35F47E-4F73-8664-B165-98D2BF2CDA48
74.047775,-7.4292254,2,BD35F47E-4F73-8664-B165-98D2BF2CDA48
45.370945,9.988043,2,BD35F47E-4F73-8664-B165-98D2BF2CDA48
45.306145,9.975745,2,BD35F47E-4F73-8664-B165-98D2BF2CDA48
45.203434,9.954434,2,BD35F47E-4F73-8664-B165-98D2BF2CDA48
44.261684,9.592013,2,BD35F47E-4F73-8664-B165-98D2BF2CDA48
47.795475,9.126219,2,BD35F47E-4F73-8664-B165-98D2BF2CDA48
52.279984,-17.352003,2,BD35F47E-4F73-8664-B165-98D2BF2CDA48
52.294884,-17.329262,2,BD35F47E-4F73-8664-B165-98D2BF2CDA48
-65.402466,-15.863227,0,BD35F47E-4F73-8664-B165-98D2BF2CDA48
-65.38889,-15.913493,0,BD35F47E-4F73-8664-B165-98D2BF2CDA48
-65.58067,-16.293781,0,BD35F47E-4F73-8664-B165-98D2BF2CDA48
-61.513878,10.826712,0,BD35F47E-4F73-8664-B165-98D2BF2CDA48
-47.079407,30.787317,0,BD35F47E-4F73-8664-B165-98D2BF2CDA48
-46.969284,30.386635,0,BD35F47E-4F73-8664-B165-98D2BF2CDA48
14.488254,-37.554337,0,C0ABDBF6-67EF-EA64-A2D1-42FA92BD5713
21.812286,-9.539895,0,C0ABDBF6-67EF-EA64-A2D1-42FA92BD5713
21.497866,-9.083595,0,C0ABDBF6-67EF-EA64-A2D1-42FA92BD5713
21.484594,-9.098948,0,C0ABDBF6-67EF-EA64-A2D1-42FA92BD5713
20.82202,-9.209698,0,C0ABDBF6-67EF-EA64-A2D1-42FA92BD5713
-0.18934092,1.716316,0,C0ABDBF6-67EF-EA64-A2D1-42FA92BD5713
47.190407,-2.6693983,2,C0ABDBF6-67EF-EA64-A2D1-42FA92BD5713
45.02597,-3.8028011,2,C0ABDBF6-67EF-EA64-A2D1-42FA92BD5713
44.61601,-4.158671,2,C0ABDBF6-67EF-EA64-A2D1-42FA92BD5713
44.497257,-4.284657,2,C0ABDBF6-67EF-EA64-A2D1-42FA92BD5713
23.418081,21.771284,2,C0ABDBF6-67EF-EA64-A2D1-42FA92BD5713
23.428347,21.694647,2,C0ABDBF6-67EF-EA64-A2D1-42FA92BD5713
-1.6956545,63.27204,1,C0ABDBF6-67EF-EA64-A2D1-42FA92BD5713
-1.6475435,63.301243,1,C0ABDBF6-67EF-EA64-A2D1-42FA92BD5713
-19.778118,47.947956,1,C0ABDBF6-67EF-EA64-A2D1-42FA92BD5713
-19.844223,47.856422,1,C0ABDBF6-67EF-EA64-A2D1-42FA92BD5713
-21.151094,48.11742,1,C0ABDBF6-67EF-EA64-A2D1-42FA92BD5713
-21.415731,48.149044,1,C0ABDBF6-67EF-EA64-A2D1-42FA92BD5713
45.15171,2.120864,2,C24A665A-6B67-FDEA-04A4-C2DA3AF79D51
45.25393,2.1880724,2,C24A665A-6B67-FDEA-04A4-C2DA3AF79D51
14.215042,-5.1766276,2,C24A665A-6B67-FDEA-04A4-C2DA3AF79D51
13.55158,-5.305555,2,C24A665A-6B67-FDEA-04A4-C2DA3AF79D51
14.22727,-5.210572,2,C24A665A-6B67-FDEA-04A4-C2DA3AF79D51
-0.86611956,-31.630413,2,C24A665A-6B67-FDEA-04A4-C2DA3AF79D51
-30.242416,36.04586,2,C24A665A-6B67-FDEA-04A4-C2DA3AF79D51
-51.812523,15.276128,2,C24A665A-6B67-FDEA-04A4-C2DA3AF79D51
-30.335934,35.685818,2,C24A665A-6B67-FDEA-04A4-C2DA3AF79D51
-9.464298,61.612152,2,C24A665A-6B67-FDEA-04A4-C2DA3AF79D51
-6.787819,66.952354,2,C24A665A-6B67-FDEA-04A4-C2DA3AF79D51
-6.784198,66.9499,2,C24A665A-6B67-FDEA-04A4-C2DA3AF79D51
-39.379036,15.993651,0,C24A665A-6B67-FDEA-04A4-C2DA3AF79D51
-3.549312,-18.876472,0,C24A665A-6B67-FDEA-04A4-C2DA3AF79D51
-3.3816018,-18.326351,0,C24A665A-6B67-FDEA-04A4-C2DA3AF79D51
-2.9771318,-17.808065,2,C24A665A-6B67-FDEA-04A4-C2DA3AF79D51
-2.5967543,-17.547888,2,C24A665A-6B67-FDEA-04A4-C2DA3AF79D51
-2.2961009,-17.36069,2,C24A665A-6B67-FDEA-04A4-C2DA3AF79D51
-22.223038,-25.198477,0,C24A665A-6B67-FDEA-04A4-C2DA3AF79D51
-22.452654,-25.197498,0,C24A665A-6B67-FDEA-04A4-C2DA3AF79D51
-22.438627,-25.196058,0,C24A665A-6B67-FDEA-04A4-C2DA3AF79D51
-28.328228,46.259617,0,C24A665A-6B67-FDEA-04A4-C2DA3AF79D51
-19.525026,27.201984,1,C24A665A-6B67-FDEA-04A4-C2DA3AF79D51
-19.473991,27.184376,1,C24A665A-6B67-FDEA-04A4-C2DA3AF79D51
40.12919,-20.628677,2,C5DC661F-E2D6-2B65-4765-77C8B81D2488
22.948547,-36.041267,2,C5DC661F-E2D6-2B65-4765-77C8B81D2488
22.767727,-35.99953,2,C5DC661F-E2D6-2B65-4765-77C8B81D2488
21.86178,-35.292904,2,C5DC661F-E2D6-2B65-4765-77C8B81D2488
18.769993,-48.703156,2,C5DC661F-E2D6-2B65-4765-77C8B81D2488
-36.967823,-42.85686,0,C5DC661F-E2D6-2B65-4765-77C8B81D2488
40.795547,-26.176964,2,C5DC661F-E2D6-2B65-4765-77C8B81D2488
40.75728,-26.271017,2,C5DC661F-E2D6-2B65-4765-77C8B81D2488
31.013037,-2.4806614,2,C5DC661F-E2D6-2B65-4765-77C8B81D2488
30.75368,-2.5791433,2,C5DC661F-E2D6-2B65-4765-77C8B81D2488
30.540052,-2.6948166,2,C5DC661F-E2D6-2B65-4765-77C8B81D2488
29.756845,-3.1985955,2,C5DC661F-E2D6-2B65-4765-77C8B81D2488
3.7612216,-37.50303,0,C5DC661F-E2D6-2B65-4765-77C8B81D2488
29.433384,-11.085203,2,C5DC661F-E2D6-2B65-4765-77C8B81D2488
30.315723,-11.059741,2,C5DC661F-E2D6-2B65-4765-77C8B81D2488
30.402538,-11.052558,2,C5DC661F-E2D6-2B65-4765-77C8B81D2488
30.72357,-11.439836,2,C5DC661F-E2D6-2B65-4765-77C8B81D2488
76.73714,7.0920377,2,C5DC661F-E2D6-2B65-4765-77C8B81D2488
47.65883,-22.205956,2,C5DC661F-E2D6-2B65-4765-77C8B81D2488
36.865486,-27.473679,2,C5DC661F-E2D6-2B65-4765-77C8B81D2488
4.629799,-21.637499,2,C5DC661F-E2D6-2B65-4765-77C8B81D2488
4.408203,-21.842989,2,C5DC661F-E2D6-2B65-4765-77C8B81D2488
-15.68123,-33.839725,2,C5DC661F-E2D6-2B65-4765-77C8B81D2488
-17.66755,-32.426838,2,C5DC661F-E2D6-2B65-4765-77C8B81D2488
-17.73547,-32.375816,2,C5DC661F-E2D6-2B65-4765-77C8B81D2488
-17.845783,-32.24736,2,C5DC661F-E2D6-2B65-4765-77C8B81D2488
-19.038048,-30.896284,2,C5DC661F-E2D6-2B65-4765-77C8B81D2488
-19.153093,-30.810652,2,C5DC661F-E2D6-2B65-4765-77C8B81D2488
-36.000362,-9.536934,2,C5DC661F-E2D6-2B65-4765-77C8B81D2488
-35.951378,-9.487156,0,C5DC661F-E2D6-2B65-4765-77C8B81D2488
64.794044,1.7913138,2,C8BB6C15-19FA-A17A-5945-6202803016D7
32.955135,3.8450763,2,C8BB6C15-19FA-A17A-5945-6202803016D7
33.037003,3.8596485,2,C8BB6C15-19FA-A17A-5945-6202803016D7
8.995261,6.860777,2,C8BB6C15-19FA-A17A-5945-6202803016D7
-0.8765508,4.064192,2,C8BB6C15-19FA-A17A-5945-6202803016D7
0.3351173,51.101913,2,C8BB6C15-19FA-A17A-5945-6202803016D7
-1.9356482,3.525011,2,C8BB6C15-19FA-A17A-5945-6202803016D7
17.174618,-18.415567,2,C8BB6C15-19FA-A17A-5945-6202803016D7
-2.2500775,3.4345853,2,C8BB6C15-19FA-A17A-5945-6202803016D7
11.654675,7.109127,1,C8BB6C15-19FA-A17A-5945-6202803016D7
11.640344,7.0423136,1,C8BB6C15-19FA-A17A-5945-6202803016D7
4.981791,37.49074,1,C8BB6C15-19FA-A17A-5945-6202803016D7
-65.09109,-8.786651,0,C8BB6C15-19FA-A17A-5945-6202803016D7
-21.051462,-10.973406,0,C8BB6C15-19FA-A17A-5945-6202803016D7
-20.987999,-10.910642,0,C8BB6C15-19FA-A17A-5945-6202803016D7
-10.230535,-10.084236,0,C8BB6C15-19FA-A17A-5945-6202803016D7
-10.047246,-10.109374,2,C8BB6C15-19FA-A17A-5945-6202803016D7
-9.952257,-10.136172,2,C8BB6C15-19FA-A17A-5945-6202803016D7
-59.459473,10.499025,2,CCA3ABC5-DCCE-0BBE-5327-E65AE52A195D
-59.367996,10.456876,2,CCA3ABC5-DCCE-0BBE-5327-E65AE52A195D
-58.58641,10.268148,2,CCA3ABC5-DCCE-0BBE-5327-E65AE52A195D
14.831079,-35.032658,0,CCA3ABC5-DCCE-0BBE-5327-E65AE52A195D
41.577812,5.015657,0,CCA3ABC5-DCCE-0BBE-5327-E65AE52A195D
51.69742,6.1257505,0,CCA3ABC5-DCCE-0BBE-5327-E65AE52A195D
-23.64665,7.7605495,2,CCA3ABC5-DCCE-0BBE-5327-E65AE52A195D
-0.2079548,-50.87873,0,CCA3ABC5-DCCE-0BBE-5327-E65AE52A195D
-63.173347,-39.27501,0,CCA3ABC5-DCCE-0BBE-5327-E65AE52A195D
-63.307415,-39.143497,0,CCA3ABC5-DCCE-0BBE-5327-E65AE52A195D
-63.653732,-39.075283,2,CCA3ABC5-DCCE-0BBE-5327-E65AE52A195D
-64.472435,-38.840458,0,CCA3ABC5-DCCE-0BBE-5327-E65AE52A195D
5.0615754,-45.821304,2,CCA3ABC5-DCCE-0BBE-5327-E65AE52A195D
5.159419,-45.762333,2,CCA3ABC5-DCCE-0BBE-5327-E65AE52A195D
6.611055,-45.801468,0,CCA3ABC5-DCCE-0BBE-5327-E65AE52A195D
-36.113514,0.2086736,0,CCA3ABC5-DCCE-0BBE-5327-E65AE52A195D
-36.108646,0.0610939,0,CCA3ABC5-DCCE-0BBE-5327-E65AE52A195D
-35.681664,-0.59309554,0,CCA3ABC5-DCCE-0BBE-5327-E65AE52A195D
-23.764044,38.194214,0,CCA3ABC5-DCCE-0BBE-5327-E65AE52A195D
-58.09315,10.405622,0,CCA3ABC5-DCCE-0BBE-5327-E65AE52A195D
-43.624172,9.511515,0,CCA3ABC5-DCCE-0BBE-5327-E65AE52A195D
-43.770863,9.569976,0,CCA3ABC5-DCCE-0BBE-5327-E65AE52A195D
-61.993378,-35.537483,0,CCA3ABC5-DCCE-0BBE-5327-E65AE52A195D
-61.99499,-35.568813,0,CCA3ABC5-DCCE-0BBE-5327-E65AE52A195D
-23.50958,30.971788,1,D0F7ABC0-F552-63CD-CAC6-6703C39B83CA
-24.292759,29.923296,1,D0F7ABC0-F552-63CD-CAC6-6703C39B83CA
-10.560875,-19.209332,1,D0F7ABC0-F552-63CD-CAC6-6703C39B83CA
-10.489201,-19.331358,1,D0F7ABC0-F552-63CD-CAC6-6703C39B83CA
25.689003,-23.407337,1,D0F7ABC0-F552-63CD-CAC6-6703C39B83CA
41.43822,0.5209853,1,D0F7ABC0-F552-63CD-CAC6-6703C39B83CA
34.45543,-1.2161103,1,D0F7ABC0-F552-63CD-CAC6-6703C39B83CA
38.599277,7.791196,1,D0F7ABC0-F552-63CD-CAC6-6703C39B83CA
38.7487,7.366552,1,D0F7ABC0-F552-63CD-CAC6-6703C39B83CA
-2.9820814,45.219402,1,D0F7ABC0-F552-63CD-CAC6-6703C39B83CA
-2.0412676,45.990494,1,D0F7ABC0-F552-63CD-CAC6-6703C39B83CA
-1.9707173,46.07379,1,D0F7ABC0-F552-63CD-CAC6-6703C39B83CA
25.773327,-35.94731,2,D0F7ABC0-F552-63CD-CAC6-6703C39B83CA
26.367054,-36.030045,2,D0F7ABC0-F552-63CD-CAC6-6703C39B83CA
26.64513,-36.04438,0,D0F7ABC0-F552-63CD-CAC6-6703C39B83CA
3.253678,-41.164402,0,D0F7ABC0-F552-63CD-CAC6-6703C39B83CA
-44.006596,-7.7430797,0,D0F7ABC0-F552-63CD-CAC6-6703C39B83CA
-44.185925,-7.782342,0,D0F7ABC0-F552-63CD-CAC6-6703C39B83CA
-11.572351,54.244373,1,D0F7ABC0-F552-63CD-CAC6-6703C39B83CA
-11.691411,54.214775,0,D0F7ABC0-F552-63CD-CAC6-6703C39B83CA
0.38698557,-36.441795,0,D0F7ABC0-F552-63CD-CAC6-6703C39B83CA
1.2450722,-35.57543,0,D0F7ABC0-F552-63CD-CAC6-6703C39B83CA
1.4548528,-35.63258,0,D0F7ABC0-F552-63CD-CAC6-6703C39B83CA
1.5750375,-35.608074,0,D0F7ABC0-F552-63CD-CAC6-6703C39B83CA
8.657565,16.81505,2,D51A5648-0039-8CB1-45CB-C51E5ABA8BCC
8.498884,16.301645,2,D51A5648-0039-8CB1-45CB-C51E5ABA8BCC
16.622643,6.9613657,2,D51A5648-0039-8CB1-45CB-C51E5ABA8BCC
16.450684,6.8386364,0,D51A5648-0039-8CB1-45CB-C51E5ABA8BCC
15.831609,6.483049,0,D51A5648-0039-8CB1-45CB-C51E5ABA8BCC
15.579708,6.449523,0,D51A5648-0039-8CB1-45CB-C51E5ABA8BCC
69.703026,11.3459,2,D51A5648-0039-8CB1-45CB-C51E5ABA8BCC
70.359795,11.0327835,2,D51A5648-0039-8CB1-45CB-C51E5ABA8BCC
70.58699,11.032961,2,D51A5648-0039-8CB1-45CB-C51E5ABA8BCC
19.910183,10.604076,2,D51A5648-0039-8CB1-45CB-C51E5ABA8BCC
19.836823,10.674904,2,D51A5648-0039-8CB1-45CB-C51E5ABA8BCC
-16.53164,-0.18267235,2,D51A5648-0039-8CB1-45CB-C51E5ABA8BCC
-16.424389,-0.19085932,2,D51A5648-0039-8CB1-45CB-C51E5ABA8BCC
-15.908575,-0.8072297,2,D51A5648-0039-8CB1-45CB-C51E5ABA8BCC
28.894964,18.923973,2,D51A5648-0039-8CB1-45CB-C51E5ABA8BCC
28.313837,19.342419,2,D51A5648-0039-8CB1-45CB-C51E5ABA8BCC
28.213606,19.442225,2,D51A5648-0039-8CB1-45CB-C51E5ABA8BCC
27.524256,19.872616,0,D51A5648-0039-8CB1-45CB-C51E5ABA8BCC
-54.71218,1.8630267,0,D51A5648-0039-8CB1-45CB-C51E5ABA8BCC
-54.306606,1.4064568,0,D51A5648-0039-8CB1-45CB-C51E5ABA8BCC
-53.092922,0.07998999,0,D51A5648-0039-8CB1-45CB-C51E5ABA8BCC
-53.054985,0.02093204,0,D51A5648-0039-8CB1-45CB-C51E5ABA8BCC
-70.24268,-30.954512,0,D51A5648-0039-8CB1-45CB-C51E5ABA8BCC
-70.283936,-31.123058,0,D51A5648-0039-8CB1-45CB-C51E5ABA8BCC
-54.673267,-24.067076,1,D51A5648-0039-8CB1-45CB-C51E5ABA8BCC
-36.187862,-3.5247355,1,D51A5648-0039-8CB1-45CB-C51E5ABA8BCC
-39.682285,30.027676,1,D51A5648-0039-8CB1-45CB-C51E5ABA8BCC
-39.679543,30.0311,2,D51A5648-0039-8CB1-45CB-C51E5ABA8BCC
-45.729477,32.52601,2,D51A5648-0039-8CB1-45CB-C51E5ABA8BCC
-46.27263,32.451435,2,D51A5648-0039-8CB1-45CB-C51E5ABA8BCC
0.9429351,-9.199164,2,D57F474B-B38C-E9AF-73CC-2CF16EED3827
0.87655497,-9.088061,2,D57F474B-B38C-E9AF-73CC-2CF16EED3827
22.171253,-17.60085,2,D57F474B-B38C-E9AF-73CC-2CF16EED3827
22.471216,-17.609377,2,D57F474B-B38C-E9AF-73CC-2CF16EED3827
23.262558,-17.467058,2,D57F474B-B38C-E9AF-73CC-2CF16EED3827
72.25388,1.8303566,2,D57F474B-B38C-E9AF-73CC-2CF16EED3827
59.279984,-18.461168,1,D57F474B-B38C-E9AF-73CC-2CF16EED3827
11.550602,-27.445295,1,D57F474B-B38C-E9AF-73CC-2CF16EED3827
11.47495,-27.389385,1,D57F474B-B38C-E9AF-73CC-2CF16EED3827
10.552872,-27.023773,0,D57F474B-B38C-E9AF-73CC-2CF16EED3827
9.623522,-27.318716,0,D57F474B-B38C-E9AF-73CC-2CF16EED3827
-23.615984,-15.023535,0,D57F474B-B38C-E9AF-73CC-2CF16EED3827
19.185608,18.33413,2,D6D11A63-A131-4E74-041D-6E3BD8EFF8FF
19.13232,18.36007,2,D6D11A63-A131-4E74-041D-6E3BD8EFF8FF
36.643253,-8.014759,2,D6D11A63-A131-4E74-041D-6E3BD8EFF8FF
35.92462,-8.580211,2,D6D11A63-A131-4E74-041D-6E3BD8EFF8FF
35.72207,-8.620993,2,D6D11A63-A131-4E74-041D-6E3BD8EFF8FF
36.928795,-8.804488,2,D6D11A63-A131-4E74-041D-6E3BD8EFF8FF
-47.707436,26.699368,1,D6D11A63-A131-4E74-041D-6E3BD8EFF8FF
-45.965935,20.547768,1,D6D11A63-A131-4E74-041D-6E3BD8EFF8FF
-45.87702,20.702705,0,D6D11A63-A131-4E74-041D-6E3BD8EFF8FF
-45.310226,21.199415,0,D6D11A63-A131-4E74-041D-6E3BD8EFF8FF
-54.793232,-11.594956,0,D6D11A63-A131-4E74-041D-6E3BD8EFF8FF
-54.168182,-11.040034,0,D6D11A63-A131-4E74-041D-6E3BD8EFF8FF
-53.723896,-11.45677,0,D6D11A63-A131-4E74-041D-6E3BD8EFF8FF
-53.917786,-11.576689,0,D6D11A63-A131-4E74-041D-6E3BD8EFF8FF
-54.062828,-11.915764,0,D6D11A63-A131-4E74-041D-6E3BD8EFF8FF
-53.61861,-12.550975,0,D6D11A63-A131-4E74-041D-6E3BD8EFF8FF
-29.752243,-3.4947257,0,D6D11A63-A131-4E74-041D-6E3BD8EFF8FF
-28.355633,7.968115,0,D6D11A63-A131-4E74-041D-6E3BD8EFF8FF
-31.068459,15.528385,0,D6D11A63-A131-4E74-041D-6E3BD8EFF8FF
-30.251839,7.4918985,0,D6D11A63-A131-4E74-041D-6E3BD8EFF8FF
-29.9894,7.5112596,0,D6D11A63-A131-4E74-041D-6E3BD8EFF8FF
-32.01242,14.909792,0,D6D11A63-A131-4E74-041D-6E3BD8EFF8FF
-31.882404,15.1742,0,D6D11A63-A131-4E74-041D-6E3BD8EFF8FF
80.841286,11.63184,0,D6D11A63-A131-4E74-041D-6E3BD8EFF8FF
45.227093,22.606884,2,D6D11A63-A131-4E74-041D-6E3BD8EFF8FF
-6.4825916,37.33853,2,D6D11A63-A131-4E74-041D-6E3BD8EFF8FF
-7.1228995,37.474854,2,D6D11A63-A131-4E74-041D-6E3BD8EFF8FF
-7.316208,37.289555,2,D6D11A63-A131-4E74-041D-6E3BD8EFF8FF
-7.2638826,36.87692,2,D6D11A63-A131-4E74-041D-6E3BD8EFF8FF
-6.913474,36.68966,2,D6D11A63-A131-4E74-041D-6E3BD8EFF8FF
11.359293,-49.38107,2,DA2856BC-D181-9AF0-DC9A-99A9444D5579
11.265423,-49.33215,2,DA2856BC-D181-9AF0-DC9A-99A9444D5579
-16.457012,-18.126032,2,DA2856BC-D181-9AF0-DC9A-99A9444D5579
-17.316946,-17.810427,2,DA2856BC-D181-9AF0-DC9A-99A9444D5579
-17.285704,-17.858194,2,DA2856BC-D181-9AF0-DC9A-99A9444D5579
-18.823708,-18.022825,0,DA2856BC-D181-9AF0-DC9A-99A9444D5579
28.597092,-36.91267,2,DA2856BC-D181-9AF0-DC9A-99A9444D5579
28.611935,-36.879105,0,DA2856BC-D181-9AF0-DC9A-99A9444D5579
23.805351,-38.767986,0,DA2856BC-D181-9AF0-DC9A-99A9444D5579
57.24367,-15.205819,0,DA2856BC-D181-9AF0-DC9A-99A9444D5579
57.2975,-15.183275,2,DA2856BC-D181-9AF0-DC9A-99A9444D5579
57.40347,-15.169176,2,DA2856BC-D181-9AF0-DC9A-99A9444D5579
57.56652,0.56942254,2,DBA0C8C4-AE05-772F-2E53-E6167F8ACB77
57.781487,0.48406315,2,DBA0C8C4-AE05-772F-2E53-E6167F8ACB77
70.17332,8.518871,2,DBA0C8C4-AE05-772F-2E53-E6167F8ACB77
59.33848,0.1804912,2,DBA0C8C4-AE05-772F-2E53-E6167F8ACB77
-31.309052,-46.37864,2,DBA0C8C4-AE05-772F-2E53-E6167F8ACB77
-31.697079,-46.33661,2,DBA0C8C4-AE05-772F-2E53-E6167F8ACB77
-1.3938708,-38.89276,0,DBA0C8C4-AE05-772F-2E53-E6167F8ACB77
-25.208355,-9.0255785,0,DBA0C8C4-AE05-772F-2E53-E6167F8ACB77
-44.290695,-15.459065,0,DBA0C8C4-AE05-772F-2E53-E6167F8ACB77
-45.157227,-16.019442,0,DBA0C8C4-AE05-772F-2E53-E6167F8ACB77
-45.583,-16.015903,2,DBA0C8C4-AE05-772F-2E53-E6167F8ACB77
-32.293434,-8.125378,2,DBA0C8C4-AE05-772F-2E53-E6167F8ACB77
-37.973206,-12.480037,0,DBA0C8C4-AE05-772F-2E53-E6167F8ACB77
-37.81517,-12.122854,0,DBA0C8C4-AE05-772F-2E53-E6167F8ACB77
-33.280563,-9.189352,0,DBA0C8C4-AE05-772F-2E53-E6167F8ACB77
63.847492,-21.680347,0,DBA0C8C4-AE05-772F-2E53-E6167F8ACB77
63.83811,-21.700394,0,DBA0C8C4-AE05-772F-2E53-E6167F8ACB77
63.839542,-21.702227,2,DBA0C8C4-AE05-772F-2E53-E6167F8ACB77
-61.099422,-13.355326,0,DBA0C8C4-AE05-772F-2E53-E6167F8ACB77
2.0149024,-49.988453,0,DBA0C8C4-AE05-772F-2E53-E6167F8ACB77
14.2942095,-28.869936,0,DBA0C8C4-AE05-772F-2E53-E6167F8ACB77
14.213321,-28.904898,2,DBA0C8C4-AE05-772F-2E53-E6167F8ACB77
14.763852,-28.718903,2,DBA0C8C4-AE05-772F-2E53-E6167F8ACB77
42.57562,9.495282,2,DBA0C8C4-AE05-772F-2E53-E6167F8ACB77
-64.15441,-22.785116,0,DBA0C8C4-AE05-772F-2E53-E6167F8ACB77
-61.341133,9.534997,0,DBA0C8C4-AE05-772F-2E53-E6167F8ACB77
-38.784416,6.4937816,2,DC0BE0E2-B41E-3D73-47C5-5733952512CB
11.2626095,-33.75476,2,DC0BE0E2-B41E-3D73-47C5-5733952512CB
16.042517,-20.526588,2,DC0BE0E2-B41E-3D73-47C5-5733952512CB
16.007885,-20.14539,2,DC0BE0E2-B41E-3D73-47C5-5733952512CB
16.086824,-20.1049,2,DC0BE0E2-B41E-3D73-47C5-5733952512CB
16.62397,-19.904451,2,DC0BE0E2-B41E-3D73-47C5-5733952512CB
18.338074,-19.363861,2,DC0BE0E2-B41E-3D73-47C5-5733952512CB
51.411392,-1.3779927,2,DC0BE0E2-B41E-3D73-47C5-5733952512CB
50.459663,-1.4852477,2,DC0BE0E2-B41E-3D73-47C5-5733952512CB
49.80095,-1.541581,2,DC0BE0E2-B41E-3D73-47C5-5733952512CB
49.373695,-1.5779489,2,DC0BE0E2-B41E-3D73-47C5-5733952512CB
49.359062,-1.5276369,2,DC0BE0E2-B41E-3D73-47C5-5733952512CB
-24.52159,17.583517,2,DC0BE0E2-B41E-3D73-47C5-5733952512CB
-26.147018,21.833405,2,DC0BE0E2-B41E-3D73-47C5-5733952512CB
-26.268068,22.302214,2,DC0BE0E2-B41E-3D73-47C5-5733952512CB
-25.487104,23.21454,2,DC0BE0E2-B41E-3D73-47C5-5733952512CB
-26.025827,22.845451,2,DC0BE0E2-B41E-3D73-47C5-5733952512CB
24.00329,30.69212,2,DC0BE0E2-B41E-3D73-47C5-5733952512CB
20.214218,-3.1425195,2,DC0BE0E2-B41E-3D73-47C5-5733952512CB
52.96726,-7.314745,2,DC0BE0E2-B41E-3D73-47C5-5733952512CB
53.387733,-7.2128105,2,DC0BE0E2-B41E-3D73-47C5-5733952512CB
53.87891,-7.000191,2,DC0BE0E2-B41E-3D73-47C5-5733952512CB
68.01997,7.455871,2,DC0BE0E2-B41E-3D73-47C5-5733952512CB
68.09737,7.3424273,2,DC0BE0E2-B41E-3D73-47C5-5733952512CB
-37.005974,-2.683227,0,DC0BE0E2-B41E-3D73-47C5-5733952512CB
-36.545433,-2.3338144,0,DC0BE0E2-B41E-3D73-47C5-5733952512CB
-36.48796,-2.2610364,0,DC0BE0E2-B41E-3D73-47C5-5733952512CB
-46.78507,-17.130692,0,DC0BE0E2-B41E-3D73-47C5-5733952512CB
-54.044147,6.131024,0,DC0BE0E2-B41E-3D73-47C5-5733952512CB
-35.03543,11.87855,0,DC0BE0E2-B41E-3D73-47C5-5733952512CB
18.547462,3.4502964,1,DCB45A10-FAF5-53E0-AB53-2D42AC9BB090
18.53826,3.4613538,2,DCB45A10-FAF5-53E0-AB53-2D42AC9BB090
27.332022,-3.7961078,2,DCB45A10-FAF5-53E0-AB53-2D42AC9BB090
27.397362,-3.8933487,2,DCB45A10-FAF5-53E0-AB53-2D42AC9BB090
24.182402,2.1338472,2,DCB45A10-FAF5-53E0-AB53-2D42AC9BB090
-1.2890472,6.860207,2,DCB45A10-FAF5-53E0-AB53-2D42AC9BB090
-1.2904601,6.850708,2,DCB45A10-FAF5-53E0-AB53-2D42AC9BB090
0.5534289,50.043663,0,DCB45A10-FAF5-53E0-AB53-2D42AC9BB090
-3.0295477,6.367519,0,DCB45A10-FAF5-53E0-AB53-2D42AC9BB090
32.447475,26.804544,0,DCB45A10-FAF5-53E0-AB53-2D42AC9BB090
62.00028,6.338293,0,DCB45A10-FAF5-53E0-AB53-2D42AC9BB090
62.02716,6.335094,2,DCB45A10-FAF5-53E0-AB53-2D42AC9BB090
-7.289754,-33.92755,2,DCB45A10-FAF5-53E0-AB53-2D42AC9BB090
51.4299,-4.933606,2,DCB45A10-FAF5-53E0-AB53-2D42AC9BB090
51.43694,-4.9236994,2,DCB45A10-FAF5-53E0-AB53-2D42AC9BB090
-8.869829,-33.87258,0,DCB45A10-FAF5-53E0-AB53-2D42AC9BB090
-8.843642,-33.860283,0,DCB45A10-FAF5-53E0-AB53-2D42AC9BB090
-9.769198,-34.0985,0,DCB45A10-FAF5-53E0-AB53-2D42AC9BB090
70.43802,3.0095072,2,DCB45A10-FAF5-53E0-AB53-2D42AC9BB090
70.341705,2.6183107,2,DCB45A10-FAF5-53E0-AB53-2D42AC9BB090
61.1191,-9.891321,2,DCB45A10-FAF5-53E0-AB53-2D42AC9BB090
61.20484,-9.844913,2,DCB45A10-FAF5-53E0-AB53-2D42AC9BB090
7.999229,-22.737926,2,DCB45A10-FAF5-53E0-AB53-2D42AC9BB090
13.109009,-10.2235775,2,DCB45A10-FAF5-53E0-AB53-2D42AC9BB090
9.465446,57.356987,1,DCB45A10-FAF5-53E0-AB53-2D42AC9BB090
9.503571,57.294693,1,DCB45A10-FAF5-53E0-AB53-2D42AC9BB090
-1.5902804,11.925083,1,DCB45A10-FAF5-53E0-AB53-2D42AC9BB090
-1.6655257,11.524039,1,DCB45A10-FAF5-53E0-AB53-2D42AC9BB090
-1.5896865,11.471906,1,DCB45A10-FAF5-53E0-AB53-2D42AC9BB090
11.305366,55.032448,1,DCB45A10-FAF5-53E0-AB53-2D42AC9BB090
-1.2709706,-30.416752,0,DD956DE9-DEFB-C0C6-82B4-C639A17D6782
-0.50932574,-28.671661,2,DD956DE9-DEFB-C0C6-82B4-C639A17D6782
-0.49687716,-28.677822,2,DD956DE9-DEFB-C0C6-82B4-C639A17D6782
-1.3925588,-28.559608,2,DD956DE9-DEFB-C0C6-82B4-C639A17D6782
37.63264,16.061623,2,DD956DE9-DEFB-C0C6-82B4-C639A17D6782
60.737194,20.938717,2,DD956DE9-DEFB-C0C6-82B4-C639A17D6782
4.261674,-40.53335,2,DD956DE9-DEFB-C0C6-82B4-C639A17D6782
-39.080048,1.1350498,2,DD956DE9-DEFB-C0C6-82B4-C639A17D6782
-39.164585,1.3889072,0,DD956DE9-DEFB-C0C6-82B4-C639A17D6782
-42.22591,-2.3210948,0,DD956DE9-DEFB-C0C6-82B4-C639A17D6782
-44.62049,-4.8477073,0,DD956DE9-DEFB-C0C6-82B4-C639A17D6782
-44.759792,-4.915138,0,DD956DE9-DEFB-C0C6-82B4-C639A17D6782
-57.410072,34.95659,1,DD956DE9-DEFB-C0C6-82B4-C639A17D6782
-56.40505,34.613182,1,DD956DE9-DEFB-C0C6-82B4-C639A17D6782
-56.419136,34.585243,2,DD956DE9-DEFB-C0C6-82B4-C639A17D6782
-43.33867,30.876127,2,DD956DE9-DEFB-C0C6-82B4-C639A17D6782
-19.38742,0.7562188,2,DD956DE9-DEFB-C0C6-82B4-C639A17D6782
73.22888,12.203468,2,DD956DE9-DEFB-C0C6-82B4-C639A17D6782
2.0949879,18.764347,0,DD956DE9-DEFB-C0C6-82B4-C639A17D6782
10.633385,-23.630196,0,DD956DE9-DEFB-C0C6-82B4-C639A17D6782
49.527832,18.93406,0,DD956DE9-DEFB-C0C6-82B4-C639A17D6782
64.26922,17.37545,2,DD956DE9-DEFB-C0C6-82B4-C639A17D6782
64.42538,17.279232,2,DD956DE9-DEFB-C0C6-82B4-C639A17D6782
64.94263,16.935698,2,DD956DE9-DEFB-C0C6-82B4-C639A17D6782
54.662834,11.418467,2,DE775A65-68D5-C477-E2F7-BCC1AEF0B850
54.421963,10.260171,2,DE775A65-68D5-C477-E2F7-BCC1AEF0B850
55.006977,10.302268,2,DE775A65-68D5-C477-E2F7-BCC1AEF0B850
56.01251,9.117585,2,DE775A65-68D5-C477-E2F7-BCC1AEF0B850
56.00109,9.029149,2,DE775A65-68D5-C477-E2F7-BCC1AEF0B850
38.68719,-0.75792044,2,DE775A65-68D5-C477-E2F7-BCC1AEF0B850
33.49901,-5.755804,2,DE775A65-68D5-C477-E2F7-BCC1AEF0B850
33.392105,-5.838501,2,DE775A65-68D5-C477-E2F7-BCC1AEF0B850
20.84508,4.2960367,2,DE775A65-68D5-C477-E2F7-BCC1AEF0B850
19.504791,5.3495283,2,DE775A65-68D5-C477-E2F7-BCC1AEF0B850
7.9417124,-33.52357,2,DE775A65-68D5-C477-E2F7-BCC1AEF0B850
8.112254,-33.372402,2,DE775A65-68D5-C477-E2F7-BCC1AEF0B850
8.436274,-33.119366,2,DE775A65-68D5-C477-E2F7-BCC1AEF0B850
8.913515,-33.052383,2,DE775A65-68D5-C477-E2F7-BCC1AEF0B850
20.329311,-13.580182,2,DE775A65-68D5-C477-E2F7-BCC1AEF0B850
48.462997,7.9234962,2,DE775A65-68D5-C477-E2F7-BCC1AEF0B850
49.39007,7.9998484,2,DE775A65-68D5-C477-E2F7-BCC1AEF0B850
49.50846,7.834895,2,DE775A65-68D5-C477-E2F7-BCC1AEF0B850
-67.890564,-31.14573,0,DE775A65-68D5-C477-E2F7-BCC1AEF0B850
-73.01002,-18.577461,1,DE775A65-68D5-C477-E2F7-BCC1AEF0B850
-49.870552,3.5941083,2,DE775A65-68D5-C477-E2F7-BCC1AEF0B850
-49.73976,3.5177703,2,DE775A65-68D5-C477-E2F7-BCC1AEF0B850
-49.232483,3.3036242,2,DE775A65-68D5-C477-E2F7-BCC1AEF0B850
-48.77721,2.9360104,2,DE775A65-68D5-C477-E2F7-BCC1AEF0B850
-42.575108,3.7205055,2,DE775A65-68D5-C477-E2F7-BCC1AEF0B850
-42.492283,3.7067053,2,DE775A65-68D5-C477-E2F7-BCC1AEF0B850
-23.245296,-13.300332,2,DE775A65-68D5-C477-E2F7-BCC1AEF0B850
-23.37096,-13.35787,2,DE775A65-68D5-C477-E2F7-BCC1AEF0B850
-23.51285,-13.334579,2,DE775A65-68D5-C477-E2F7-BCC1AEF0B850
-23.723633,-13.701728,2,DE775A65-68D5-C477-E2F7-BCC1AEF0B850
35.453827,-21.681435,2,DF62EF03-DA30-E70A-CA31-03A029C9610A
35.43021,-21.738882,2,DF62EF03-DA30-E70A-CA31-03A029C9610A
69.04884,-17.826996,2,DF62EF03-DA30-E70A-CA31-03A029C9610A
69.028694,-17.867983,1,DF62EF03-DA30-E70A-CA31-03A029C9610A
24.050228,-29.510725,1,DF62EF03-DA30-E70A-CA31-03A029C9610A
-1.398499,-31.746231,1,DF62EF03-DA30-E70A-CA31-03A029C9610A
-42.725483,19.475452,0,DF62EF03-DA30-E70A-CA31-03A029C9610A
62.03976,24.359673,0,DF62EF03-DA30-E70A-CA31-03A029C9610A
62.07778,23.154333,0,DF62EF03-DA30-E70A-CA31-03A029C9610A
62.242966,22.913473,0,DF62EF03-DA30-E70A-CA31-03A029C9610A
62.236557,23.324953,0,DF62EF03-DA30-E70A-CA31-03A029C9610A
62.505474,23.178782,2,DF62EF03-DA30-E70A-CA31-03A029C9610A
-42.67279,-46.01618,0,DF62EF03-DA30-E70A-CA31-03A029C9610A
-43.20657,-47.51874,0,DF62EF03-DA30-E70A-CA31-03A029C9610A
-43.230713,-47.37996,1,DF62EF03-DA30-E70A-CA31-03A029C9610A
-30.779463,19.348593,2,DF62EF03-DA30-E70A-CA31-03A029C9610A
35.615917,23.411188,2,DF62EF03-DA30-E70A-CA31-03A029C9610A
67.18581,1.1634201,2,DF62EF03-DA30-E70A-CA31-03A029C9610A
76.43927,15.755888,2,E3489F9E-39E2-47B9-24EF-BAACE1438D00
62.414566,-4.825777,2,E3489F9E-39E2-47B9-24EF-BAACE1438D00
24.27637,-52.52384,1,E3489F9E-39E2-47B9-24EF-BAACE1438D00
24.169083,-52.321304,0,E3489F9E-39E2-47B9-24EF-BAACE1438D00
23.8338,-51.60088,0,E3489F9E-39E2-47B9-24EF-BAACE1438D00
23.79024,-51.477142,0,E3489F9E-39E2-47B9-24EF-BAACE1438D00
-18.643852,-44.084705,2,E3489F9E-39E2-47B9-24EF-BAACE1438D00
13.459776,-1.2410532,2,E3489F9E-39E2-47B9-24EF-BAACE1438D00
13.378763,-1.0833594,2,E3489F9E-39E2-47B9-24EF-BAACE1438D00
13.037014,-0.3550725,2,E3489F9E-39E2-47B9-24EF-BAACE1438D00
9.142885,49.313503,1,E3489F9E-39E2-47B9-24EF-BAACE1438D00
9.177093,49.268963,1,E3489F9E-39E2-47B9-24EF-BAACE1438D00
-25.026855,44.401455,1,E3489F9E-39E2-47B9-24EF-BAACE1438D00
-24.85253,44.409973,1,E3489F9E-39E2-47B9-24EF-BAACE1438D00
-20.528175,28.425104,1,E3489F9E-39E2-47B9-24EF-BAACE1438D00
-20.675365,29.869328,1,E3489F9E-39E2-47B9-24EF-BAACE1438D00
-21.254847,30.949322,1,E3489F9E-39E2-47B9-24EF-BAACE1438D00
-21.249975,31.030699,1,E3489F9E-39E2-47B9-24EF-BAACE1438D00
-5.196191,51.115067,1,E3489F9E-39E2-47B9-24EF-BAACE1438D00
-27.689384,-42.44987,1,E3489F9E-39E2-47B9-24EF-BAACE1438D00
-28.038507,-42.836876,1,E3489F9E-39E2-47B9-24EF-BAACE1438D00
-36.67291,-45.542084,0,E3489F9E-39E2-47B9-24EF-BAACE1438D00
-39.900803,-44.94081,0,E3489F9E-39E2-47B9-24EF-BAACE1438D00
-40.125805,-45.538933,0,E3489F9E-39E2-47B9-24EF-BAACE1438D00
-41.057255,-45.528038,0,E3489F9E-39E2-47B9-24EF-BAACE1438D00
-40.78137,-46.436768,0,E3489F9E-39E2-47B9-24EF-BAACE1438D00
-4.8731303,-51.188034,0,E3489F9E-39E2-47B9-24EF-BAACE1438D00
-4.8568377,-51.185074,1,E3489F9E-39E2-47B9-24EF-BAACE1438D00
16.216993,-32.548294,1,E3489F9E-39E2-47B9-24EF-BAACE1438D00
16.22224,-32.61839,2,E3489F9E-39E2-47B9-24EF-BAACE1438D00
17.32827,34.45158,2,E49C1269-8AB7-8C8F-FC88-AA92C2F1E260
5.9675164,26.967457,2,E49C1269-8AB7-8C8F-FC88-AA92C2F1E260
5.434809,26.714722,2,E49C1269-8AB7-8C8F-FC88-AA92C2F1E260
4.867032,26.226871,1,E49C1269-8AB7-8C8F-FC88-AA92C2F1E260
4.909628,26.231052,0,E49C1269-8AB7-8C8F-FC88-AA92C2F1E260
-15.090934,17.040947,0,E49C1269-8AB7-8C8F-FC88-AA92C2F1E260
19.43417,-23.427633,2,E49C1269-8AB7-8C8F-FC88-AA92C2F1E260
19.440105,-23.427036,2,E49C1269-8AB7-8C8F-FC88-AA92C2F1E260
20.069134,-24.838303,2,E49C1269-8AB7-8C8F-FC88-AA92C2F1E260
20.343653,-25.136906,2,E49C1269-8AB7-8C8F-FC88-AA92C2F1E260
31.978195,-43.52485,2,E49C1269-8AB7-8C8F-FC88-AA92C2F1E260
31.959274,-43.520485,2,E49C1269-8AB7-8C8F-FC88-AA92C2F1E260
-29.861753,-8.011159,2,E49C1269-8AB7-8C8F-FC88-AA92C2F1E260
-29.991087,-7.979517,2,E49C1269-8AB7-8C8F-FC88-AA92C2F1E260
-39.143093,-6.389612,2,E49C1269-8AB7-8C8F-FC88-AA92C2F1E260
-38.971764,-5.6914186,2,E49C1269-8AB7-8C8F-FC88-AA92C2F1E260
-25.75525,8.1583,2,E49C1269-8AB7-8C8F-FC88-AA92C2F1E260
-25.619738,8.212593,2,E49C1269-8AB7-8C8F-FC88-AA92C2F1E260
-0.13003455,-20.8375,2,E5CCE6B3-2C6E-BE96-602F-3852C8614777
-0.32934347,-20.889225,2,E5CCE6B3-2C6E-BE96-602F-3852C8614777
-1.2121993,-20.530113,2,E5CCE6B3-2C6E-BE96-602F-3852C8614777
-3.6444726,-26.376974,2,E5CCE6B3-2C6E-BE96-602F-3852C8614777
-3.8787293,-26.492365,2,E5CCE6B3-2C6E-BE96-602F-3852C8614777
-3.9163506,-26.490143,2,E5CCE6B3-2C6E-BE96-602F-3852C8614777
26.124077,-15.274058,2,E5CCE6B3-2C6E-BE96-602F-3852C8614777
26.261038,-15.163844,2,E5CCE6B3-2C6E-BE96-602F-3852C8614777
26.800674,-14.367312,2,E5CCE6B3-2C6E-BE96-602F-3852C8614777
6.7977924,3.6424491,2,E5CCE6B3-2C6E-BE96-602F-3852C8614777
6.787912,3.6882641,2,E5CCE6B3-2C6E-BE96-602F-3852C8614777
38.100307,11.080568,2,E5CCE6B3-2C6E-BE96-602F-3852C8614777
50.840324,1.4523743,2,E5CCE6B3-2C6E-BE96-602F-3852C8614777
27.44319,-30.800713,2,E5CCE6B3-2C6E-BE96-602F-3852C8614777
50.38433,1.8687111,2,E5CCE6B3-2C6E-BE96-602F-3852C8614777
49.94036,2.3461692,2,E5CCE6B3-2C6E-BE96-602F-3852C8614777
48.215443,1.3863078,2,E5CCE6B3-2C6E-BE96-602F-3852C8614777
48.17063,1.5477384,2,E5CCE6B3-2C6E-BE96-602F-3852C8614777
-51.41227,-4.6301417,0,E5CCE6B3-2C6E-BE96-602F-3852C8614777
-37.351692,19.207943,0,E5CCE6B3-2C6E-BE96-602F-3852C8614777
-37.459938,19.178133,0,E5CCE6B3-2C6E-BE96-602F-3852C8614777
-37.89849,18.946543,0,E5CCE6B3-2C6E-BE96-602F-3852C8614777
-59.974155,0.18336222,0,E5CCE6B3-2C6E-BE96-602F-3852C8614777
-53.450138,3.8275537,0,E5CCE6B3-2C6E-BE96-602F-3852C8614777
-61.559483,-15.885862,0,E5CCE6B3-2C6E-BE96-602F-3852C8614777
-62.229298,-15.567139,0,E5CCE6B3-2C6E-BE96-602F-3852C8614777
-62.12053,-15.381203,0,E5CCE6B3-2C6E-BE96-602F-3852C8614777
-62.897163,-9.57603,0,E5CCE6B3-2C6E-BE96-602F-3852C8614777
-64.20006,-10.444886,0,E5CCE6B3-2C6E-BE96-602F-3852C8614777
-64.28458,-10.62899,0,E5CCE6B3-2C6E-BE96-602F-3852C8614777
45.38358,-17.138195,2,E5F96AC5-AE7E-C4E8-8288-FB2674F43704
45.373013,-17.244398,2,E5F96AC5-AE7E-C4E8-8288-FB2674F43704
5.0147543,-34.034042,2,E5F96AC5-AE7E-C4E8-8288-FB2674F43704
22.127714,-15.377828,2,E5F96AC5-AE7E-C4E8-8288-FB2674F43704
41.081802,-10.341332,2,E5F96AC5-AE7E-C4E8-8288-FB2674F43704
40.895233,-10.384078,2,E5F96AC5-AE7E-C4E8-8288-FB2674F43704
-3.6319883,-47.948612,0,E5F96AC5-AE7E-C4E8-8288-FB2674F43704
17.198431,-49.00867,0,E5F96AC5-AE7E-C4E8-8288-FB2674F43704
34.158745,-11.293956,0,E5F96AC5-AE7E-C4E8-8288-FB2674F43704
34.11563,-11.301017,2,E5F96AC5-AE7E-C4E8-8288-FB2674F43704
57.606873,11.362832,2,E5F96AC5-AE7E-C4E8-8288-FB2674F43704
72.39965,7.3404174,2,E5F96AC5-AE7E-C4E8-8288-FB2674F43704
53.5774,-13.994366,2,E5F96AC5-AE7E-C4E8-8288-FB2674F43704
53.874126,-13.826574,2,E5F96AC5-AE7E-C4E8-8288-FB2674F43704
28.916819,-19.444113,2,E5F96AC5-AE7E-C4E8-8288-FB2674F43704
28.931787,-19.39159,2,E5F96AC5-AE7E-C4E8-8288-FB2674F43704
28.997236,-18.516676,2,E5F96AC5-AE7E-C4E8-8288-FB2674F43704
28.893194,-18.048862,2,E5F96AC5-AE7E-C4E8-8288-FB2674F43704
-4.6324453,66.68323,1,EA788550-E907-E4AC-EAE4-82CC26723E3B
-20.7093,32.10758,2,EA788550-E907-E4AC-EAE4-82CC26723E3B
-7.147126,29.28262,2,EA788550-E907-E4AC-EAE4-82CC26723E3B
-7.2020173,29.15024,2,EA788550-E907-E4AC-EAE4-82CC26723E3B
19.901966,37.159103,2,EA788550-E907-E4AC-EAE4-82CC26723E3B
-55.758373,-38.847595,2,EA788550-E907-E4AC-EAE4-82CC26723E3B
-4.316048,51.770794,1,EA788550-E907-E4AC-EAE4-82CC26723E3B
-11.412943,37.637566,1,EA788550-E907-E4AC-EAE4-82CC26723E3B
-11.448307,37.636024,1,EA788550-E907-E4AC-EAE4-82CC26723E3B
-13.28185,36.35232,1,EA788550-E907-E4AC-EAE4-82CC26723E3B
-13.883335,36.5362,1,EA788550-E907-E4AC-EAE4-82CC26723E3B
-14.144733,36.629074,1,EA788550-E907-E4AC-EAE4-82CC26723E3B
-18.69971,23.3886,0,EA788550-E907-E4AC-EAE4-82CC26723E3B
-19.158298,24.474665,0,EA788550-E907-E4AC-EAE4-82CC26723E3B
24.746742,38.07589,0,EA788550-E907-E4AC-EAE4-82CC26723E3B
-20.190317,-23.381647,0,EA788550-E907-E4AC-EAE4-82CC26723E3B
-20.213163,-23.420235,0,EA788550-E907-E4AC-EAE4-82CC26723E3B
-20.292002,-24.362276,0,EA788550-E907-E4AC-EAE4-82CC26723E3B
-35.509884,8.505314,0,EC6E2525-212C-1C3A-0B73-74D1B45748E1
-9.011245,14.019271,0,EC6E2525-212C-1C3A-0B73-74D1B45748E1
-8.878409,14.050828,0,EC6E2525-212C-1C3A-0B73-74D1B45748E1
-3.05472,16.714455,1,EC6E2525-212C-1C3A-0B73-74D1B45748E1
-3.1000051,16.689909,1,EC6E2525-212C-1C3A-0B73-74D1B45748E1
-3.5125222,16.95126,0,EC6E2525-212C-1C3A-0B73-74D1B45748E1
0.7167573,-43.390007,0,EC6E2525-212C-1C3A-0B73-74D1B45748E1
0.96111745,-43.25575,2,EC6E2525-212C-1C3A-0B73-74D1B45748E1
1.1667099,-43.32558,2,EC6E2525-212C-1C3A-0B73-74D1B45748E1
3.1178148,-43.389576,2,EC6E2525-212C-1C3A-0B73-74D1B45748E1
-29.407469,5.043465,2,EC6E2525-212C-1C3A-0B73-74D1B45748E1
-29.453201,5.013111,0,EC6E2525-212C-1C3A-0B73-74D1B45748E1
-63.212814,-28.438133,0,EC6E2525-212C-1C3A-0B73-74D1B45748E1
-18.30983,8.012396,0,EC6E2525-212C-1C3A-0B73-74D1B45748E1
59.996864,11.948118,0,EC6E2525-212C-1C3A-0B73-74D1B45748E1
79.29012,10.569861,0,EC6E2525-212C-1C3A-0B73-74D1B45748E1
79.07986,10.983883,0,EC6E2525-212C-1C3A-0B73-74D1B45748E1
78.977776,11.100765,2,EC6E2525-212C-1C3A-0B73-74D1B45748E1
32.286392,14.718121,2,EC6E2525-212C-1C3A-0B73-74D1B45748E1
32.368347,14.73685,2,EC6E2525-212C-1C3A-0B73-74D1B45748E1
24.269733,-41.937935,2,EC6E2525-212C-1C3A-0B73-74D1B45748E1
23.754189,-42.034607,2,EC6E2525-212C-1C3A-0B73-74D1B45748E1
23.618225,-42.08465,2,EC6E2525-212C-1C3A-0B73-74D1B45748E1
45.590477,16.772758,2,EC6E2525-212C-1C3A-0B73-74D1B45748E1
45.59033,16.775032,2,EC6E2525-212C-1C3A-0B73-74D1B45748E1
36.34126,-42.52322,2,EC6E2525-212C-1C3A-0B73-74D1B45748E1
-6.4015703,41.73547,2,EC6E2525-212C-1C3A-0B73-74D1B45748E1
-6.3358417,41.739365,1,EC6E2525-212C-1C3A-0B73-74D1B45748E1
0.92904943,-48.343117,1,EC6E2525-212C-1C3A-0B73-74D1B45748E1
-41.952965,-4.0564356,1,EC6E2525-212C-1C3A-0B73-74D1B45748E1
-63.53458,-14.054872,0,EC6E2525-212C-1C3A-0B73-74D1B45748E1
-55.47051,0.80735624,0,EC6E2525-212C-1C3A-0B73-74D1B45748E1
-60.995796,20.464863,0,EC6E2525-212C-1C3A-0B73-74D1B45748E1
-61.108856,21.80588,0,EC6E2525-212C-1C3A-0B73-74D1B45748E1
-61.109566,21.97474,0,EC6E2525-212C-1C3A-0B73-74D1B45748E1
-60.82092,22.500624,0,EC6E2525-212C-1C3A-0B73-74D1B45748E1
-62.007603,-24.363808,0,F1430977-52AF-4F46-BF92-0A8D736CBD2B
-62.016914,-24.353207,0,F1430977-52AF-4F46-BF92-0A8D736CBD2B
-27.374037,15.918473,0,F1430977-52AF-4F46-BF92-0A8D736CBD2B
-28.462374,15.842009,1,F1430977-52AF-4F46-BF92-0A8D736CBD2B
-28.325518,15.894816,1,F1430977-52AF-4F46-BF92-0A8D736CBD2B
-10.817106,5.6123,1,F1430977-52AF-4F46-BF92-0A8D736CBD2B
-48.213,38.198196,2,F1430977-52AF-4F46-BF92-0A8D736CBD2B
-47.818104,37.916523,2,F1430977-52AF-4F46-BF92-0A8D736CBD2B
-48.701992,37.49229,2,F1430977-52AF-4F46-BF92-0A8D736CBD2B
-47.91426,37.456818,2,F1430977-52AF-4F46-BF92-0A8D736CBD2B
-48.337887,37.21748,0,F1430977-52AF-4F46-BF92-0A8D736CBD2B
-48.65066,37.97694,0,F1430977-52AF-4F46-BF92-0A8D736CBD2B
-36.223488,-48.825893,0,F752B62E-E95F-A65D-4CB2-8B0252E15F08
-36.234573,-49.032932,0,F752B62E-E95F-A65D-4CB2-8B0252E15F08
18.486465,-49.87579,0,F752B62E-E95F-A65D-4CB2-8B0252E15F08
-9.706926,28.880234,0,F752B62E-E95F-A65D-4CB2-8B0252E15F08
71.51408,-3.310095,0,F752B62E-E95F-A65D-4CB2-8B0252E15F08
54.957977,12.663613,2,F752B62E-E95F-A65D-4CB2-8B0252E15F08
-30.052523,-0.6300667,0,F752B62E-E95F-A65D-4CB2-8B0252E15F08
-43.83821,-10.642238,0,F752B62E-E95F-A65D-4CB2-8B0252E15F08
-43.922497,-10.727397,0,F752B62E-E95F-A65D-4CB2-8B0252E15F08
-60.789715,25.985851,0,F752B62E-E95F-A65D-4CB2-8B0252E15F08
-60.68632,26.052727,1,F752B62E-E95F-A65D-4CB2-8B0252E15F08
-59.72447,26.68212,1,F752B62E-E95F-A65D-4CB2-8B0252E15F08
35.760567,17.588352,2,F752B62E-E95F-A65D-4CB2-8B0252E15F08
66.696365,8.35846,2,F752B62E-E95F-A65D-4CB2-8B0252E15F08
54.068604,-10.190547,2,F752B62E-E95F-A65D-4CB2-8B0252E15F08
54.125565,-10.170083,2,F752B62E-E95F-A65D-4CB2-8B0252E15F08
12.327626,-45.942978,2,F752B62E-E95F-A65D-4CB2-8B0252E15F08
11.961469,-46.021015,0,F752B62E-E95F-A65D-4CB2-8B0252E15F08
47.253315,5.717529,2,FB70D507-2F2A-0F83-3B53-75EB8452F5E0
47.429485,5.8306384,2,FB70D507-2F2A-0F83-3B53-75EB8452F5E0
46.922436,5.2927504,2,FB70D507-2F2A-0F83-3B53-75EB8452F5E0
4.789859,5.0832415,2,FB70D507-2F2A-0F83-3B53-75EB8452F5E0
4.255889,4.916941,1,FB70D507-2F2A-0F83-3B53-75EB8452F5E0
2.3883023,4.819239,1,FB70D507-2F2A-0F83-3B53-75EB8452F5E0
2.47185,4.659894,1,FB70D507-2F2A-0F83-3B53-75EB8452F5E0
2.0995164,5.037551,0,FB70D507-2F2A-0F83-3B53-75EB8452F5E0
8.409089,-36.063023,0,FB70D507-2F2A-0F83-3B53-75EB8452F5E0
-42.524693,5.8849163,0,FB70D507-2F2A-0F83-3B53-75EB8452F5E0
-43.327736,6.1617575,0,FB70D507-2F2A-0F83-3B53-75EB8452F5E0
-52.348194,2.0928695,0,FB70D507-2F2A-0F83-3B53-75EB8452F5E0
-10.651699,50.034313,1,FB70D507-2F2A-0F83-3B53-75EB8452F5E0
5.438383,35.55111,1,FB70D507-2F2A-0F83-3B53-75EB8452F5E0
-0.7773512,58.578556,1,FB70D507-2F2A-0F83-3B53-75EB8452F5E0
-0.5875693,59.205265,1,FB70D507-2F2A-0F83-3B53-75EB8452F5E0
-0.5915923,59.28781,1,FB70D507-2F2A-0F83-3B53-75EB8452F5E0
-0.9380698,59.428333,1,FB70D507-2F2A-0F83-3B53-75EB8452F5E0
4.2552004,62.454113,1,FB70D507-2F2A-0F83-3B53-75EB8452F5E0
3.7254498,58.91396,0,FB70D507-2F2A-0F83-3B53-75EB8452F5E0
-47.582924,-0.45300993,0,FB70D507-2F2A-0F83-3B53-75EB8452F5E0
-53.42685,-3.8347256,0,FB70D507-2F2A-0F83-3B53-75EB8452F5E0
-53.756664,-3.3977816,0,FB70D507-2F2A-0F83-3B53-75EB8452F5E0
-47.865524,29.084446,0,FB70D507-2F2A-0F83-3B53-75EB8452F5E0
30.882097,19.394312,1,FB70D507-2F2A-0F83-3B53-75EB8452F5E0
9.418743,-2.0301096,1,FB70D507-2F2A-0F83-3B53-75EB8452F5E0
9.74008,-2.2711537,1,FB70D507-2F2A-0F83-3B53-75EB8452F5E0
9.784729,-2.300253,1,FB70D507-2F2A-0F83-3B53-75EB8452F5E0
10.051786,-2.887388,1,FB70D507-2F2A-0F83-3B53-75EB8452F5E0
6.466205,35.2475,1,FB70D507-2F2A-0F83-3B53-75EB8452F5E0
31.029924,-20.730402,2,FC50071B-D2BA-C98B-AC6E-7339010D56DA
29.224796,-7.300943,2,FC50071B-D2BA-C98B-AC6E-7339010D56DA
29.210346,-7.2673635,2,FC50071B-D2BA-C98B-AC6E-7339010D56DA
28.620743,-6.854752,2,FC50071B-D2BA-C98B-AC6E-7339010D56DA
27.309343,33.917313,2,FC50071B-D2BA-C98B-AC6E-7339010D56DA
27.378773,33.858673,2,FC50071B-D2BA-C98B-AC6E-7339010D56DA
-59.29325,-24.808441,0,FC50071B-D2BA-C98B-AC6E-7339010D56DA
-59.13376,-24.760456,0,FC50071B-D2BA-C98B-AC6E-7339010D56DA
-58.277874,-24.62776,0,FC50071B-D2BA-C98B-AC6E-7339010D56DA
-32.82997,-20.249153,0,FC50071B-D2BA-C98B-AC6E-7339010D56DA
-32.91275,-20.290277,0,FC50071B-D2BA-C98B-AC6E-7339010D56DA
-32.181572,-20.027878,0,FC50071B-D2BA-C98B-AC6E-7339010D56DA
4.435625,57.902393,1,FC50071B-D2BA-C98B-AC6E-7339010D56DA
-39.447784,39.8689,1,FC50071B-D2BA-C98B-AC6E-7339010D56DA
-36.616375,22.428497,1,FC50071B-D2BA-C98B-AC6E-7339010D56DA
-36.57803,22.371264,1,FC50071B-D2BA-C98B-AC6E-7339010D56DA
-35.466366,48.146122,1,FC50071B-D2BA-C98B-AC6E-7339010D56DA
-35.454178,48.144424,1,FC50071B-D2BA-C98B-AC6E-7339010D56DA
-40.853703,11.527989,1,FC50071B-D2BA-C98B-AC6E-7339010D56DA
-40.85629,11.528032,1,FC50071B-D2BA-C98B-AC6E-7339010D56DA
-56.153484,2.0631166,0,FC66D29E-8CD8-AE29-A071-33549272C1EE
-44.369934,7.063744,0,FC66D29E-8CD8-AE29-A071-33549272C1EE
-26.995092,-3.3025527,0,FC66D29E-8CD8-AE29-A071-33549272C1EE
-26.936182,-3.291422,0,FC66D29E-8CD8-AE29-A071-33549272C1EE
24.643482,41.81872,0,FC66D29E-8CD8-AE29-A071-33549272C1EE
24.632778,41.809208,2,FC66D29E-8CD8-AE29-A071-33549272C1EE
6.3450856,50.684017,2,FC66D29E-8CD8-AE29-A071-33549272C1EE
6.239132,50.67315,2,FC66D29E-8CD8-AE29-A071-33549272C1EE
-24.566086,-33.905113,2,FC66D29E-8CD8-AE29-A071-33549272C1EE
-39.733692,-8.580879,2,FC66D29E-8CD8-AE29-A071-33549272C1EE
-39.61979,-8.513821,2,FC66D29E-8CD8-AE29-A071-33549272C1EE
-39.22939,-8.356777,2,FC66D29E-8CD8-AE29-A071-33549272C1EE
-21.37368,24.48229,2,FC66D29E-8CD8-AE29-A071-33549272C1EE
36.13732,-2.436083,0,FC66D29E-8CD8-AE29-A071-33549272C1EE
-25.54484,2.5394444,0,FC66D29E-8CD8-AE29-A071-33549272C1EE
-25.25361,2.7434447,0,FC66D29E-8CD8-AE29-A071-33549272C1EE
-25.237314,2.7450783,0,FC66D29E-8CD8-AE29-A071-33549272C1EE
-47.85004,-2.8430295,0,FC66D29E-8CD8-AE29-A071-33549272C1EE
-47.937725,-2.909036,0,FC66D29E-8CD8-AE29-A071-33549272C1EE
-48.095062,-3.1102228,0,FC66D29E-8CD8-AE29-A071-33549272C1EE
-68.54221,-5.1950207,0,FC66D29E-8CD8-AE29-A071-33549272C1EE
-54.85142,27.974983,0,FC66D29E-8CD8-AE29-A071-33549272C1EE
-54.83409,27.984554,0,FC66D29E-8CD8-AE29-A071-33549272C1EE
-54.304527,28.213383,0,FC66D29E-8CD8-AE29-A071-33549272C1EE
24.442165,-14.618099,2,FFAB0F54-EFF2-FA1A-1892-F9D8ED3C9B31
8.319513,-19.042545,2,FFAB0F54-EFF2-FA1A-1892-F9D8ED3C9B31
8.283407,-19.996542,2,FFAB0F54-EFF2-FA1A-1892-F9D8ED3C9B31
8.194027,-19.914604,2,FFAB0F54-EFF2-FA1A-1892-F9D8ED3C9B31
8.163135,-20.092573,2,FFAB0F54-EFF2-FA1A-1892-F9D8ED3C9B31
3.055583,-27.627861,2,FFAB0F54-EFF2-FA1A-1892-F9D8ED3C9B31
14.583459,-17.048985,2,FFAB0F54-EFF2-FA1A-1892-F9D8ED3C9B31
6.1506243,6.951301,2,FFAB0F54-EFF2-FA1A-1892-F9D8ED3C9B31
6.1608067,7.3742733,2,FFAB0F54-EFF2-FA1A-1892-F9D8ED3C9B31
13.003755,-11.657517,2,FFAB0F54-EFF2-FA1A-1892-F9D8ED3C9B31
30.525455,-21.174559,2,FFAB0F54-EFF2-FA1A-1892-F9D8ED3C9B31
54.186928,1.83553,2,FFAB0F54-EFF2-FA1A-1892-F9D8ED3C9B31
-38.64258,14.110429,0,FFAB0F54-EFF2-FA1A-1892-F9D8ED3C9B31
-38.65015,14.133115,0,FFAB0F54-EFF2-FA1A-1892-F9D8ED3C9B31
-25.838156,20.636862,0,FFAB0F54-EFF2-FA1A-1892-F9D8ED3C9B31
-25.477697,20.873814,0,FFAB0F54-EFF2-FA1A-1892-F9D8ED3C9B31
-25.097612,20.87671,2,FFAB0F54-EFF2-FA1A-1892-F9D8ED3C9B31
-24.21324,20.69423,2,FFAB0F54-EFF2-FA1A-1892-F9D8ED3C9B31
-68.930275,-20.590574,1,FFAB0F54-EFF2-FA1A-1892-F9D8ED3C9B31
-68.903854,-20.833452,1,FFAB0F54-EFF2-FA1A-1892-F9D8ED3C9B31
-68.93865,-20.599884,2,FFAB0F54-EFF2-FA1A-1892-F9D8ED3C9B31
-64.76654,-14.511593,2,FFAB0F54-EFF2-FA1A-1892-F9D8ED3C9B31
-40.278633,-10.405421,2,FFAB0F54-EFF2-FA1A-1892-F9D8ED3C9B31
-31.71104,-7.257866,2,FFAB0F54-EFF2-FA1A-1892-F9D8ED3C9B31
