tsne_x,tsne_y,label_mood,player_id
10.404254,-36.42799,2,68339CF4-6AFB-7EFB-40EA-238612F8E5A4
-2.9500024,2.335247,2,68339CF4-6AFB-7EFB-40EA-238612F8E5A4
-2.991707,2.2931652,2,68339CF4-6AFB-7EFB-40EA-238612F8E5A4
31.116497,-30.81747,2,68339CF4-6AFB-7EFB-40EA-238612F8E5A4
12.737179,-42.730045,2,68339CF4-6AFB-7EFB-40EA-238612F8E5A4
12.542932,-42.765034,2,68339CF4-6AFB-7EFB-40EA-238612F8E5A4
-64.071594,-9.960695,2,68339CF4-6AFB-7EFB-40EA-238612F8E5A4
-64.0098,-9.305525,2,68339CF4-6AFB-7EFB-40EA-238612F8E5A4
-63.92383,-8.92492,2,68339CF4-6AFB-7EFB-40EA-238612F8E5A4
-63.837406,-8.24561,2,68339CF4-6AFB-7EFB-40EA-238612F8E5A4
-62.64889,-7.074168,2,68339CF4-6AFB-7EFB-40EA-238612F8E5A4
-62.17789,-6.8522077,2,68339CF4-6AFB-7EFB-40EA-238612F8E5A4
-50.350563,-18.19809,2,68339CF4-6AFB-7EFB-40EA-238612F8E5A4
-50.54693,-17.795938,2,68339CF4-6AFB-7EFB-40EA-238612F8E5A4
-51.312508,-17.42592,2,68339CF4-6AFB-7EFB-40EA-238612F8E5A4
-26.044594,20.071413,2,68339CF4-6AFB-7EFB-40EA-238612F8E5A4
-29.427261,34.491592,2,68339CF4-6AFB-7EFB-40EA-238612F8E5A4
-29.551416,34.692898,2,68339CF4-6AFB-7EFB-40EA-238612F8E5A4
32.982273,26.485348,0,58CB3C5E-2F5C-31FE-83E8-C6772D99B8D5
18.305826,42.652607,0,58CB3C5E-2F5C-31FE-83E8-C6772D99B8D5
35.22919,31.309021,0,58CB3C5E-2F5C-31FE-83E8-C6772D99B8D5
34.97475,31.503235,0,58CB3C5E-2F5C-31FE-83E8-C6772D99B8D5
34.635628,32.241077,0,58CB3C5E-2F5C-31FE-83E8-C6772D99B8D5
36.36922,31.240376,0,58CB3C5E-2F5C-31FE-83E8-C6772D99B8D5
-15.203696,-33.4319,0,58CB3C5E-2F5C-31FE-83E8-C6772D99B8D5
-70.82361,-15.736575,0,58CB3C5E-2F5C-31FE-83E8-C6772D99B8D5
-72.52343,-21.338797,0,58CB3C5E-2F5C-31FE-83E8-C6772D99B8D5
-71.79127,-22.46371,2,58CB3C5E-2F5C-31FE-83E8-C6772D99B8D5
-71.29508,-22.493273,2,58CB3C5E-2F5C-31FE-83E8-C6772D99B8D5
-71.19607,-22.603085,2,58CB3C5E-2F5C-31FE-83E8-C6772D99B8D5
-13.128683,55.989143,1,58CB3C5E-2F5C-31FE-83E8-C6772D99B8D5
-13.314394,56.013065,1,58CB3C5E-2F5C-31FE-83E8-C6772D99B8D5
20.885433,16.519875,0,58CB3C5E-2F5C-31FE-83E8-C6772D99B8D5
21.045923,16.528257,0,58CB3C5E-2F5C-31FE-83E8-C6772D99B8D5
23.129156,16.736877,0,58CB3C5E-2F5C-31FE-83E8-C6772D99B8D5
43.685627,23.613602,0,58CB3C5E-2F5C-31FE-83E8-C6772D99B8D5
6.679955,54.66996,0,58CB3C5E-2F5C-31FE-83E8-C6772D99B8D5
5.982835,54.99931,0,58CB3C5E-2F5C-31FE-83E8-C6772D99B8D5
7.1702633,53.98821,0,58CB3C5E-2F5C-31FE-83E8-C6772D99B8D5
11.814531,34.673943,0,58CB3C5E-2F5C-31FE-83E8-C6772D99B8D5
44.393204,17.566017,1,58CB3C5E-2F5C-31FE-83E8-C6772D99B8D5
40.279217,-9.105158,1,58CB3C5E-2F5C-31FE-83E8-C6772D99B8D5
-16.638432,-19.582253,2,8690E8B6-9B41-5F0E-C518-8F2D028C6690
26.25441,-17.651121,2,8690E8B6-9B41-5F0E-C518-8F2D028C6690
49.336372,16.935566,2,8690E8B6-9B41-5F0E-C518-8F2D028C6690
49.592457,17.089342,2,8690E8B6-9B41-5F0E-C518-8F2D028C6690
-24.808872,-11.052928,2,8690E8B6-9B41-5F0E-C518-8F2D028C6690
-24.732754,-7.6584463,2,8690E8B6-9B41-5F0E-C518-8F2D028C6690
72.220474,12.952918,2,8690E8B6-9B41-5F0E-C518-8F2D028C6690
72.19919,12.929736,2,8690E8B6-9B41-5F0E-C518-8F2D028C6690
67.59977,-3.589969,0,8690E8B6-9B41-5F0E-C518-8F2D028C6690
58.173244,-18.65591,0,8690E8B6-9B41-5F0E-C518-8F2D028C6690
58.791264,-18.177385,0,8690E8B6-9B41-5F0E-C518-8F2D028C6690
12.871211,-1.0967908,0,8690E8B6-9B41-5F0E-C518-8F2D028C6690
27.152077,2.8645172,0,8690E8B6-9B41-5F0E-C518-8F2D028C6690
27.096779,2.5016384,0,8690E8B6-9B41-5F0E-C518-8F2D028C6690
27.534187,1.8715234,0,8690E8B6-9B41-5F0E-C518-8F2D028C6690
47.548706,6.0435853,0,8690E8B6-9B41-5F0E-C518-8F2D028C6690
47.279503,5.67306,0,8690E8B6-9B41-5F0E-C518-8F2D028C6690
47.03002,5.3778443,0,8690E8B6-9B41-5F0E-C518-8F2D028C6690
7.564037,-20.32703,0,8690E8B6-9B41-5F0E-C518-8F2D028C6690
49.65652,26.405066,0,8690E8B6-9B41-5F0E-C518-8F2D028C6690
50.14479,26.379358,0,8690E8B6-9B41-5F0E-C518-8F2D028C6690
49.677845,26.084341,0,8690E8B6-9B41-5F0E-C518-8F2D028C6690
6.3827662,-38.76585,0,48847236-6E23-6E61-57CD-780C68FAA2C2
6.198041,-38.921425,2,48847236-6E23-6E61-57CD-780C68FAA2C2
6.1159725,-39.165752,2,48847236-6E23-6E61-57CD-780C68FAA2C2
-17.33024,29.572905,2,48847236-6E23-6E61-57CD-780C68FAA2C2
-3.6285987,5.836932,0,48847236-6E23-6E61-57CD-780C68FAA2C2
-3.7319653,5.8297224,0,48847236-6E23-6E61-57CD-780C68FAA2C2
62.168175,-14.664377,0,48847236-6E23-6E61-57CD-780C68FAA2C2
57.02198,-19.724396,0,48847236-6E23-6E61-57CD-780C68FAA2C2
35.5979,26.120115,0,48847236-6E23-6E61-57CD-780C68FAA2C2
35.497204,26.166075,0,48847236-6E23-6E61-57CD-780C68FAA2C2
3.8694873,20.754122,0,48847236-6E23-6E61-57CD-780C68FAA2C2
4.6187625,20.90802,0,48847236-6E23-6E61-57CD-780C68FAA2C2
-48.18945,2.4613721,2,48847236-6E23-6E61-57CD-780C68FAA2C2
-48.234955,2.441292,2,48847236-6E23-6E61-57CD-780C68FAA2C2
-38.48746,35.488586,2,48847236-6E23-6E61-57CD-780C68FAA2C2
47.97817,-17.694767,0,48847236-6E23-6E61-57CD-780C68FAA2C2
68.14128,0.791084,0,48847236-6E23-6E61-57CD-780C68FAA2C2
68.22224,0.94781685,0,48847236-6E23-6E61-57CD-780C68FAA2C2
3.745509,33.700058,0,48847236-6E23-6E61-57CD-780C68FAA2C2
2.5807796,33.52421,0,48847236-6E23-6E61-57CD-780C68FAA2C2
-20.822742,0.927236,0,48847236-6E23-6E61-57CD-780C68FAA2C2
-39.806953,2.864608,0,48847236-6E23-6E61-57CD-780C68FAA2C2
19.887968,-6.849274,0,48847236-6E23-6E61-57CD-780C68FAA2C2
19.911987,-6.8602552,2,48847236-6E23-6E61-57CD-780C68FAA2C2
-29.514523,3.7389667,2,B06410CC-D778-33B2-B1FD-A828EE4AF413
-35.933464,1.1273085,2,B06410CC-D778-33B2-B1FD-A828EE4AF413
-35.8757,1.0438827,2,B06410CC-D778-33B2-B1FD-A828EE4AF413
-37.47312,2.6801543,2,B06410CC-D778-33B2-B1FD-A828EE4AF413
-37.294563,2.1558812,2,B06410CC-D778-33B2-B1FD-A828EE4AF413
-37.37992,1.9473065,2,B06410CC-D778-33B2-B1FD-A828EE4AF413
-29.034792,-41.545597,2,B06410CC-D778-33B2-B1FD-A828EE4AF413
20.980555,-32.71966,1,B06410CC-D778-33B2-B1FD-A828EE4AF413
48.68054,-6.522691,1,B06410CC-D778-33B2-B1FD-A828EE4AF413
48.657913,-6.505978,1,B06410CC-D778-33B2-B1FD-A828EE4AF413
-7.7918563,-48.48818,2,B06410CC-D778-33B2-B1FD-A828EE4AF413
-7.9582415,-48.450447,2,B06410CC-D778-33B2-B1FD-A828EE4AF413
23.260357,29.713734,0,B06410CC-D778-33B2-B1FD-A828EE4AF413
-30.095995,-3.7962363,0,B06410CC-D778-33B2-B1FD-A828EE4AF413
-30.079372,-3.8182318,0,B06410CC-D778-33B2-B1FD-A828EE4AF413
-0.03962126,-11.133085,0,B06410CC-D778-33B2-B1FD-A828EE4AF413
0.07681378,-11.42715,0,B06410CC-D778-33B2-B1FD-A828EE4AF413
0.14005871,-11.781716,0,B06410CC-D778-33B2-B1FD-A828EE4AF413
32.92008,-1.0040041,2,B06410CC-D778-33B2-B1FD-A828EE4AF413
52.981163,-16.70064,2,B06410CC-D778-33B2-B1FD-A828EE4AF413
52.993534,-17.24076,2,B06410CC-D778-33B2-B1FD-A828EE4AF413
53.017822,-17.51408,0,B06410CC-D778-33B2-B1FD-A828EE4AF413
-0.26351944,-32.985756,2,DD956DE9-DEFB-C0C6-82B4-C639A17D6782
-27.759884,-29.280722,2,DD956DE9-DEFB-C0C6-82B4-C639A17D6782
-27.82804,-29.145033,2,DD956DE9-DEFB-C0C6-82B4-C639A17D6782
20.717329,-44.6636,2,DD956DE9-DEFB-C0C6-82B4-C639A17D6782
20.685202,-44.72736,0,DD956DE9-DEFB-C0C6-82B4-C639A17D6782
8.443894,-32.93622,0,DD956DE9-DEFB-C0C6-82B4-C639A17D6782
56.36714,3.1721592,0,DD956DE9-DEFB-C0C6-82B4-C639A17D6782
56.30079,3.1018927,0,DD956DE9-DEFB-C0C6-82B4-C639A17D6782
35.821484,-5.839877,0,DD956DE9-DEFB-C0C6-82B4-C639A17D6782
7.339427,39.73528,0,DD956DE9-DEFB-C0C6-82B4-C639A17D6782
-12.271755,3.5291398,0,DD956DE9-DEFB-C0C6-82B4-C639A17D6782
-12.16312,3.5722315,0,DD956DE9-DEFB-C0C6-82B4-C639A17D6782
19.632126,-40.66978,2,A43E8D46-F136-DB41-3E16-F9F161DBA1D6
19.84257,-40.746243,2,A43E8D46-F136-DB41-3E16-F9F161DBA1D6
-3.0043726,-30.993313,0,A43E8D46-F136-DB41-3E16-F9F161DBA1D6
-3.4159868,-30.810383,0,A43E8D46-F136-DB41-3E16-F9F161DBA1D6
-3.7287714,-30.657686,0,A43E8D46-F136-DB41-3E16-F9F161DBA1D6
14.933008,-38.765594,0,A43E8D46-F136-DB41-3E16-F9F161DBA1D6
14.986664,-38.69521,0,A43E8D46-F136-DB41-3E16-F9F161DBA1D6
15.462052,-38.320633,0,A43E8D46-F136-DB41-3E16-F9F161DBA1D6
47.61917,19.12129,0,A43E8D46-F136-DB41-3E16-F9F161DBA1D6
-19.043676,-1.4463938,0,A43E8D46-F136-DB41-3E16-F9F161DBA1D6
-43.418045,6.578793,0,A43E8D46-F136-DB41-3E16-F9F161DBA1D6
-42.776222,6.4586835,0,A43E8D46-F136-DB41-3E16-F9F161DBA1D6
-42.651417,6.3868265,1,A43E8D46-F136-DB41-3E16-F9F161DBA1D6
-41.593075,6.7277617,1,A43E8D46-F136-DB41-3E16-F9F161DBA1D6
-41.272484,7.0283937,1,A43E8D46-F136-DB41-3E16-F9F161DBA1D6
27.39222,22.789278,1,A43E8D46-F136-DB41-3E16-F9F161DBA1D6
27.00953,22.88181,1,A43E8D46-F136-DB41-3E16-F9F161DBA1D6
-3.7333028,62.92452,1,A43E8D46-F136-DB41-3E16-F9F161DBA1D6
75.46322,12.817455,0,A43E8D46-F136-DB41-3E16-F9F161DBA1D6
75.49309,12.32603,0,A43E8D46-F136-DB41-3E16-F9F161DBA1D6
76.20025,11.6450205,0,A43E8D46-F136-DB41-3E16-F9F161DBA1D6
33.7202,1.7434158,0,A43E8D46-F136-DB41-3E16-F9F161DBA1D6
33.899372,1.9062985,1,A43E8D46-F136-DB41-3E16-F9F161DBA1D6
33.766235,2.4053435,1,A43E8D46-F136-DB41-3E16-F9F161DBA1D6
-17.853594,13.638954,2,A43E8D46-F136-DB41-3E16-F9F161DBA1D6
-42.670784,37.945972,2,A43E8D46-F136-DB41-3E16-F9F161DBA1D6
-42.716496,38.960167,2,A43E8D46-F136-DB41-3E16-F9F161DBA1D6
-42.6491,39.209274,2,A43E8D46-F136-DB41-3E16-F9F161DBA1D6
-17.93007,-10.916763,2,FB70D507-2F2A-0F83-3B53-75EB8452F5E0
-4.8841166,-46.757313,2,FB70D507-2F2A-0F83-3B53-75EB8452F5E0
-33.982494,38.033897,0,FB70D507-2F2A-0F83-3B53-75EB8452F5E0
9.561354,58.40304,0,FB70D507-2F2A-0F83-3B53-75EB8452F5E0
9.333969,58.503876,0,FB70D507-2F2A-0F83-3B53-75EB8452F5E0
8.986389,58.610397,0,FB70D507-2F2A-0F83-3B53-75EB8452F5E0
17.197792,35.22256,1,FB70D507-2F2A-0F83-3B53-75EB8452F5E0
17.207012,35.142574,1,FB70D507-2F2A-0F83-3B53-75EB8452F5E0
27.644835,-16.411787,1,FB70D507-2F2A-0F83-3B53-75EB8452F5E0
27.920877,-16.393026,1,FB70D507-2F2A-0F83-3B53-75EB8452F5E0
75.72404,5.511883,0,FB70D507-2F2A-0F83-3B53-75EB8452F5E0
75.719925,5.66116,0,FB70D507-2F2A-0F83-3B53-75EB8452F5E0
38.1106,-23.557913,0,FB70D507-2F2A-0F83-3B53-75EB8452F5E0
39.389153,-23.592604,0,FB70D507-2F2A-0F83-3B53-75EB8452F5E0
39.082188,-23.65842,0,FB70D507-2F2A-0F83-3B53-75EB8452F5E0
-24.885666,-16.604757,2,FB70D507-2F2A-0F83-3B53-75EB8452F5E0
15.048343,-20.302277,2,FB70D507-2F2A-0F83-3B53-75EB8452F5E0
15.112128,-20.282715,2,FB70D507-2F2A-0F83-3B53-75EB8452F5E0
28.133812,-28.510515,0,E5F96AC5-AE7E-C4E8-8288-FB2674F43704
-54.608074,-18.209394,2,E5F96AC5-AE7E-C4E8-8288-FB2674F43704
-54.303764,-18.028337,2,E5F96AC5-AE7E-C4E8-8288-FB2674F43704
-2.7965167,-5.034386,2,E5F96AC5-AE7E-C4E8-8288-FB2674F43704
44.823093,-8.569264,2,E5F96AC5-AE7E-C4E8-8288-FB2674F43704
78.54082,-2.63702,2,E5F96AC5-AE7E-C4E8-8288-FB2674F43704
73.75153,12.100526,0,E5F96AC5-AE7E-C4E8-8288-FB2674F43704
74.1434,11.412254,0,E5F96AC5-AE7E-C4E8-8288-FB2674F43704
63.810707,1.3298053,0,E5F96AC5-AE7E-C4E8-8288-FB2674F43704
62.865665,0.7990582,0,E5F96AC5-AE7E-C4E8-8288-FB2674F43704
62.96911,0.88510424,0,E5F96AC5-AE7E-C4E8-8288-FB2674F43704
24.20363,-24.537746,2,E5F96AC5-AE7E-C4E8-8288-FB2674F43704
24.33316,-23.85717,0,E5F96AC5-AE7E-C4E8-8288-FB2674F43704
24.34349,-23.723904,0,E5F96AC5-AE7E-C4E8-8288-FB2674F43704
23.772713,-23.44988,0,E5F96AC5-AE7E-C4E8-8288-FB2674F43704
23.21029,-22.692135,0,E5F96AC5-AE7E-C4E8-8288-FB2674F43704
53.917885,9.352128,0,E5F96AC5-AE7E-C4E8-8288-FB2674F43704
54.190926,9.253836,0,E5F96AC5-AE7E-C4E8-8288-FB2674F43704
-75.15354,-19.09077,2,E5F96AC5-AE7E-C4E8-8288-FB2674F43704
-74.83632,-19.288486,2,E5F96AC5-AE7E-C4E8-8288-FB2674F43704
-74.69026,-19.535406,2,E5F96AC5-AE7E-C4E8-8288-FB2674F43704
-39.24512,44.795227,2,E5F96AC5-AE7E-C4E8-8288-FB2674F43704
-30.908024,34.77158,2,E5F96AC5-AE7E-C4E8-8288-FB2674F43704
-7.1188145,-50.065605,0,E5F96AC5-AE7E-C4E8-8288-FB2674F43704
-51.705242,-29.803104,2,E5F96AC5-AE7E-C4E8-8288-FB2674F43704
-51.696465,-29.844305,2,E5F96AC5-AE7E-C4E8-8288-FB2674F43704
-51.69963,-29.987516,0,E5F96AC5-AE7E-C4E8-8288-FB2674F43704
38.95983,-1.8167626,0,E5F96AC5-AE7E-C4E8-8288-FB2674F43704
38.98691,-1.4356186,0,E5F96AC5-AE7E-C4E8-8288-FB2674F43704
39.0483,-1.1226345,0,E5F96AC5-AE7E-C4E8-8288-FB2674F43704
-16.62421,-12.866741,2,E5F96AC5-AE7E-C4E8-8288-FB2674F43704
-16.18261,-13.175249,2,E5F96AC5-AE7E-C4E8-8288-FB2674F43704
-6.7748404,-15.82173,2,E5F96AC5-AE7E-C4E8-8288-FB2674F43704
-6.6177015,-15.787232,2,E5F96AC5-AE7E-C4E8-8288-FB2674F43704
-16.557707,7.7526946,2,E5F96AC5-AE7E-C4E8-8288-FB2674F43704
-16.527725,7.7600245,2,E5F96AC5-AE7E-C4E8-8288-FB2674F43704
52.406845,18.623667,2,DE775A65-68D5-C477-E2F7-BCC1AEF0B850
30.97116,-14.484014,2,DE775A65-68D5-C477-E2F7-BCC1AEF0B850
22.455946,-17.996305,2,DE775A65-68D5-C477-E2F7-BCC1AEF0B850
21.90652,-17.815836,2,DE775A65-68D5-C477-E2F7-BCC1AEF0B850
21.830954,-17.868248,2,DE775A65-68D5-C477-E2F7-BCC1AEF0B850
-3.4965594,-13.96789,2,DE775A65-68D5-C477-E2F7-BCC1AEF0B850
-13.517802,10.688908,2,DE775A65-68D5-C477-E2F7-BCC1AEF0B850
-13.483347,10.6798115,2,DE775A65-68D5-C477-E2F7-BCC1AEF0B850
-10.206979,23.850777,2,DE775A65-68D5-C477-E2F7-BCC1AEF0B850
-10.286361,23.929588,2,DE775A65-68D5-C477-E2F7-BCC1AEF0B850
-10.291067,24.211592,2,DE775A65-68D5-C477-E2F7-BCC1AEF0B850
3.3062263,-16.8128,2,DE775A65-68D5-C477-E2F7-BCC1AEF0B850
-6.879163,-26.432882,0,DE775A65-68D5-C477-E2F7-BCC1AEF0B850
-7.184225,-26.374256,0,DE775A65-68D5-C477-E2F7-BCC1AEF0B850
-8.261261,-25.929226,2,DE775A65-68D5-C477-E2F7-BCC1AEF0B850
-7.9498553,-26.012762,2,DE775A65-68D5-C477-E2F7-BCC1AEF0B850
-45.575157,-17.854834,2,DE775A65-68D5-C477-E2F7-BCC1AEF0B850
-51.329247,-21.204887,2,DE775A65-68D5-C477-E2F7-BCC1AEF0B850
5.0384555,53.819637,1,DE775A65-68D5-C477-E2F7-BCC1AEF0B850
-20.829407,44.612926,1,DE775A65-68D5-C477-E2F7-BCC1AEF0B850
-21.163303,44.267014,1,DE775A65-68D5-C477-E2F7-BCC1AEF0B850
-22.433487,42.64855,1,DE775A65-68D5-C477-E2F7-BCC1AEF0B850
-22.30698,44.11878,1,DE775A65-68D5-C477-E2F7-BCC1AEF0B850
-22.458,43.40565,1,DE775A65-68D5-C477-E2F7-BCC1AEF0B850
3.5349507,59.599022,1,DE775A65-68D5-C477-E2F7-BCC1AEF0B850
4.8197913,58.69618,1,DE775A65-68D5-C477-E2F7-BCC1AEF0B850
4.761856,58.964417,0,DE775A65-68D5-C477-E2F7-BCC1AEF0B850
5.1006474,58.700806,0,DE775A65-68D5-C477-E2F7-BCC1AEF0B850
65.964264,-8.729055,0,DE775A65-68D5-C477-E2F7-BCC1AEF0B850
32.63388,-29.402107,0,DE775A65-68D5-C477-E2F7-BCC1AEF0B850
38.95765,18.92195,0,DE775A65-68D5-C477-E2F7-BCC1AEF0B850
7.849853,37.187542,0,DE775A65-68D5-C477-E2F7-BCC1AEF0B850
-15.360924,36.857346,0,DE775A65-68D5-C477-E2F7-BCC1AEF0B850
-15.337961,36.831078,0,DE775A65-68D5-C477-E2F7-BCC1AEF0B850
-14.992134,38.42331,0,DE775A65-68D5-C477-E2F7-BCC1AEF0B850
-14.923111,38.739666,1,DE775A65-68D5-C477-E2F7-BCC1AEF0B850
-45.84095,37.58514,1,5CD23052-9069-615B-22B2-CB8E9A2413C9
-36.702324,47.224403,1,5CD23052-9069-615B-22B2-CB8E9A2413C9
-47.187923,37.622368,1,5CD23052-9069-615B-22B2-CB8E9A2413C9
-47.149162,37.68976,1,5CD23052-9069-615B-22B2-CB8E9A2413C9
-52.968357,-19.609314,1,5CD23052-9069-615B-22B2-CB8E9A2413C9
-32.19158,6.2934265,1,5CD23052-9069-615B-22B2-CB8E9A2413C9
-62.450687,-10.372947,2,5CD23052-9069-615B-22B2-CB8E9A2413C9
-62.40163,-10.354933,2,5CD23052-9069-615B-22B2-CB8E9A2413C9
-33.707245,-44.646328,2,5CD23052-9069-615B-22B2-CB8E9A2413C9
21.206545,-48.208782,2,5CD23052-9069-615B-22B2-CB8E9A2413C9
21.608913,-48.492546,2,5CD23052-9069-615B-22B2-CB8E9A2413C9
21.883053,-48.66087,2,5CD23052-9069-615B-22B2-CB8E9A2413C9
-27.218966,9.872723,2,5CD23052-9069-615B-22B2-CB8E9A2413C9
-10.885951,19.565262,2,5CD23052-9069-615B-22B2-CB8E9A2413C9
-11.569982,19.674871,2,5CD23052-9069-615B-22B2-CB8E9A2413C9
-11.897416,19.975994,2,5CD23052-9069-615B-22B2-CB8E9A2413C9
-12.386049,20.512321,2,5CD23052-9069-615B-22B2-CB8E9A2413C9
1.2978833,58.249416,1,5CD23052-9069-615B-22B2-CB8E9A2413C9
66.16715,6.290713,2,06F9F8CE-9696-23CA-25B5-000AA4A793BA
66.62964,6.62934,2,06F9F8CE-9696-23CA-25B5-000AA4A793BA
10.788567,20.865654,2,06F9F8CE-9696-23CA-25B5-000AA4A793BA
-13.975858,7.847873,2,06F9F8CE-9696-23CA-25B5-000AA4A793BA
-14.100067,7.990434,2,06F9F8CE-9696-23CA-25B5-000AA4A793BA
-0.6936724,-14.667771,2,06F9F8CE-9696-23CA-25B5-000AA4A793BA
55.231052,15.4542265,1,06F9F8CE-9696-23CA-25B5-000AA4A793BA
27.063227,31.868412,0,06F9F8CE-9696-23CA-25B5-000AA4A793BA
27.087349,31.825247,0,06F9F8CE-9696-23CA-25B5-000AA4A793BA
53.971466,15.095909,0,06F9F8CE-9696-23CA-25B5-000AA4A793BA
53.773018,15.325884,0,06F9F8CE-9696-23CA-25B5-000AA4A793BA
53.72614,15.528744,0,06F9F8CE-9696-23CA-25B5-000AA4A793BA
76.90251,-3.4410677,0,06F9F8CE-9696-23CA-25B5-000AA4A793BA
76.10319,-3.6237912,0,06F9F8CE-9696-23CA-25B5-000AA4A793BA
76.98542,-3.322997,0,06F9F8CE-9696-23CA-25B5-000AA4A793BA
46.540768,28.377974,0,06F9F8CE-9696-23CA-25B5-000AA4A793BA
47.071247,28.004333,0,06F9F8CE-9696-23CA-25B5-000AA4A793BA
47.005615,28.04352,0,06F9F8CE-9696-23CA-25B5-000AA4A793BA
16.401287,6.318038,0,06F9F8CE-9696-23CA-25B5-000AA4A793BA
16.457102,6.1972294,0,06F9F8CE-9696-23CA-25B5-000AA4A793BA
15.68114,-5.242044,0,06F9F8CE-9696-23CA-25B5-000AA4A793BA
14.227652,26.062347,0,06F9F8CE-9696-23CA-25B5-000AA4A793BA
14.2324915,26.188408,0,06F9F8CE-9696-23CA-25B5-000AA4A793BA
13.847439,26.031353,0,06F9F8CE-9696-23CA-25B5-000AA4A793BA
3.4030323,50.918186,0,06F9F8CE-9696-23CA-25B5-000AA4A793BA
-16.74441,44.506813,0,06F9F8CE-9696-23CA-25B5-000AA4A793BA
-16.812101,44.60749,0,06F9F8CE-9696-23CA-25B5-000AA4A793BA
-23.355228,47.645416,0,06F9F8CE-9696-23CA-25B5-000AA4A793BA
-1.4413185,20.076593,1,06F9F8CE-9696-23CA-25B5-000AA4A793BA
-12.271307,35.91328,1,06F9F8CE-9696-23CA-25B5-000AA4A793BA
-66.20032,-29.769558,2,06F9F8CE-9696-23CA-25B5-000AA4A793BA
-66.119545,-29.865946,0,06F9F8CE-9696-23CA-25B5-000AA4A793BA
-66.629326,-31.102247,0,06F9F8CE-9696-23CA-25B5-000AA4A793BA
-27.872475,-1.6770833,0,06F9F8CE-9696-23CA-25B5-000AA4A793BA
65.652534,-17.956131,1,85748DC9-A6DA-334D-6422-BF69EE06A98C
66.06091,-18.61046,1,85748DC9-A6DA-334D-6422-BF69EE06A98C
65.91132,-18.929047,1,85748DC9-A6DA-334D-6422-BF69EE06A98C
65.95127,-19.369646,1,85748DC9-A6DA-334D-6422-BF69EE06A98C
33.513847,-36.763397,2,85748DC9-A6DA-334D-6422-BF69EE06A98C
33.524452,-36.75639,2,85748DC9-A6DA-334D-6422-BF69EE06A98C
25.392202,-38.074535,0,85748DC9-A6DA-334D-6422-BF69EE06A98C
24.898613,-37.77393,1,85748DC9-A6DA-334D-6422-BF69EE06A98C
24.472486,-37.57538,1,85748DC9-A6DA-334D-6422-BF69EE06A98C
28.414736,-36.56576,2,85748DC9-A6DA-334D-6422-BF69EE06A98C
8.066947,-13.487355,2,85748DC9-A6DA-334D-6422-BF69EE06A98C
28.621033,-36.665146,2,85748DC9-A6DA-334D-6422-BF69EE06A98C
59.086826,-0.3361115,1,4CAE9D77-C8A8-2EE8-53D0-7C3C6331B2C5
42.91626,-44.68529,1,4CAE9D77-C8A8-2EE8-53D0-7C3C6331B2C5
42.378017,-45.069023,1,4CAE9D77-C8A8-2EE8-53D0-7C3C6331B2C5
41.659683,-46.46898,1,4CAE9D77-C8A8-2EE8-53D0-7C3C6331B2C5
41.550987,-46.946884,2,4CAE9D77-C8A8-2EE8-53D0-7C3C6331B2C5
-60.204662,-18.013765,2,4CAE9D77-C8A8-2EE8-53D0-7C3C6331B2C5
-46.16264,7.252159,2,4CAE9D77-C8A8-2EE8-53D0-7C3C6331B2C5
-3.3303177,34.823704,1,4CAE9D77-C8A8-2EE8-53D0-7C3C6331B2C5
-3.5122154,35.521336,1,4CAE9D77-C8A8-2EE8-53D0-7C3C6331B2C5
-10.384046,41.549557,1,4CAE9D77-C8A8-2EE8-53D0-7C3C6331B2C5
1.1421882,45.08996,1,4CAE9D77-C8A8-2EE8-53D0-7C3C6331B2C5
-0.15268911,55.923565,1,4CAE9D77-C8A8-2EE8-53D0-7C3C6331B2C5
-6.3008957,63.0375,1,4CAE9D77-C8A8-2EE8-53D0-7C3C6331B2C5
-13.85963,53.869057,1,4CAE9D77-C8A8-2EE8-53D0-7C3C6331B2C5
-13.6001215,41.751244,1,4CAE9D77-C8A8-2EE8-53D0-7C3C6331B2C5
-5.7732716,48.196213,1,4CAE9D77-C8A8-2EE8-53D0-7C3C6331B2C5
-12.815437,41.370705,1,4CAE9D77-C8A8-2EE8-53D0-7C3C6331B2C5
-12.798707,40.99307,1,4CAE9D77-C8A8-2EE8-53D0-7C3C6331B2C5
-28.690199,53.98012,2,4CAE9D77-C8A8-2EE8-53D0-7C3C6331B2C5
-43.687294,45.826233,2,4CAE9D77-C8A8-2EE8-53D0-7C3C6331B2C5
-43.68261,45.591663,2,4CAE9D77-C8A8-2EE8-53D0-7C3C6331B2C5
-43.669186,45.41106,2,4CAE9D77-C8A8-2EE8-53D0-7C3C6331B2C5
-16.118626,-20.530214,2,35FEE4B0-EF25-110F-8D86-5410FA57646B
-16.105476,-20.52258,2,35FEE4B0-EF25-110F-8D86-5410FA57646B
21.19296,-28.451324,2,35FEE4B0-EF25-110F-8D86-5410FA57646B
21.221285,-29.641825,0,35FEE4B0-EF25-110F-8D86-5410FA57646B
21.49657,-29.09864,2,35FEE4B0-EF25-110F-8D86-5410FA57646B
-11.781551,18.093048,2,35FEE4B0-EF25-110F-8D86-5410FA57646B
22.72932,-29.516148,2,35FEE4B0-EF25-110F-8D86-5410FA57646B
22.932423,-29.275793,2,35FEE4B0-EF25-110F-8D86-5410FA57646B
39.987263,16.033003,2,35FEE4B0-EF25-110F-8D86-5410FA57646B
40.109943,16.21188,2,35FEE4B0-EF25-110F-8D86-5410FA57646B
48.477276,-9.785409,2,35FEE4B0-EF25-110F-8D86-5410FA57646B
48.40564,-9.853618,2,35FEE4B0-EF25-110F-8D86-5410FA57646B
-30.218885,3.7956896,2,35FEE4B0-EF25-110F-8D86-5410FA57646B
16.84336,31.961687,2,35FEE4B0-EF25-110F-8D86-5410FA57646B
17.730404,31.514397,2,35FEE4B0-EF25-110F-8D86-5410FA57646B
14.358445,9.834454,0,35FEE4B0-EF25-110F-8D86-5410FA57646B
14.455616,9.391303,0,35FEE4B0-EF25-110F-8D86-5410FA57646B
14.802779,8.766104,0,35FEE4B0-EF25-110F-8D86-5410FA57646B
-17.28959,-40.79938,2,2C636222-CB43-AB6F-444A-7278047991C7
-17.272024,-40.79454,2,2C636222-CB43-AB6F-444A-7278047991C7
13.329294,-3.3654902,2,2C636222-CB43-AB6F-444A-7278047991C7
13.484197,-3.526293,2,2C636222-CB43-AB6F-444A-7278047991C7
12.090984,-4.859048,0,2C636222-CB43-AB6F-444A-7278047991C7
-43.392414,4.3151627,0,2C636222-CB43-AB6F-444A-7278047991C7
-62.704983,-1.0652331,2,2C636222-CB43-AB6F-444A-7278047991C7
-62.798157,-1.1773463,2,2C636222-CB43-AB6F-444A-7278047991C7
-53.098537,-13.707272,0,2C636222-CB43-AB6F-444A-7278047991C7
-58.76909,-14.910617,2,2C636222-CB43-AB6F-444A-7278047991C7
-50.278934,-40.903065,2,2C636222-CB43-AB6F-444A-7278047991C7
-49.920322,-40.071476,2,2C636222-CB43-AB6F-444A-7278047991C7
72.273796,-11.792126,0,2C636222-CB43-AB6F-444A-7278047991C7
72.17136,-11.872541,0,2C636222-CB43-AB6F-444A-7278047991C7
66.40321,2.924863,0,2C636222-CB43-AB6F-444A-7278047991C7
66.23685,2.6464522,0,2C636222-CB43-AB6F-444A-7278047991C7
63.065453,-1.5341524,0,2C636222-CB43-AB6F-444A-7278047991C7
63.015457,-1.5775266,2,2C636222-CB43-AB6F-444A-7278047991C7
39.13743,-7.757566,2,2C636222-CB43-AB6F-444A-7278047991C7
77.22881,-7.590985,2,2C636222-CB43-AB6F-444A-7278047991C7
77.25302,-7.3206425,2,2C636222-CB43-AB6F-444A-7278047991C7
29.782257,4.449754,2,2C636222-CB43-AB6F-444A-7278047991C7
11.430606,-7.00322,2,2C636222-CB43-AB6F-444A-7278047991C7
11.606121,-6.788353,2,2C636222-CB43-AB6F-444A-7278047991C7
-38.75621,-15.6158905,2,99827717-1B21-7ECC-CAD1-99489F7E19EA
-50.66863,-20.381752,2,99827717-1B21-7ECC-CAD1-99489F7E19EA
19.220585,-7.6429114,2,99827717-1B21-7ECC-CAD1-99489F7E19EA
-26.187244,39.335285,1,99827717-1B21-7ECC-CAD1-99489F7E19EA
-25.950628,39.406178,1,99827717-1B21-7ECC-CAD1-99489F7E19EA
-25.916426,39.444057,1,99827717-1B21-7ECC-CAD1-99489F7E19EA
66.52385,-3.1867762,1,99827717-1B21-7ECC-CAD1-99489F7E19EA
69.96239,8.039874,0,99827717-1B21-7ECC-CAD1-99489F7E19EA
49.175854,-18.739708,0,99827717-1B21-7ECC-CAD1-99489F7E19EA
-17.750538,50.277527,0,99827717-1B21-7ECC-CAD1-99489F7E19EA
-5.5864167,61.419933,0,99827717-1B21-7ECC-CAD1-99489F7E19EA
-6.1128,61.911125,0,99827717-1B21-7ECC-CAD1-99489F7E19EA
13.674914,-12.478721,2,99827717-1B21-7ECC-CAD1-99489F7E19EA
29.975605,-32.88453,1,99827717-1B21-7ECC-CAD1-99489F7E19EA
29.995005,-33.466278,0,99827717-1B21-7ECC-CAD1-99489F7E19EA
30.305534,-34.71798,0,99827717-1B21-7ECC-CAD1-99489F7E19EA
30.370733,-35.006943,2,99827717-1B21-7ECC-CAD1-99489F7E19EA
30.568197,-35.45559,2,99827717-1B21-7ECC-CAD1-99489F7E19EA
46.30294,-4.447644,2,0B5863F1-A482-C95D-EA42-9183B5BDFA12
46.2965,-4.469485,2,0B5863F1-A482-C95D-EA42-9183B5BDFA12
-0.47865045,37.39481,2,0B5863F1-A482-C95D-EA42-9183B5BDFA12
-0.3141936,37.13503,2,0B5863F1-A482-C95D-EA42-9183B5BDFA12
23.481808,-40.350426,2,0B5863F1-A482-C95D-EA42-9183B5BDFA12
23.585175,-41.03133,0,0B5863F1-A482-C95D-EA42-9183B5BDFA12
-21.84434,-38.276894,2,0B5863F1-A482-C95D-EA42-9183B5BDFA12
-22.128378,-38.05256,2,0B5863F1-A482-C95D-EA42-9183B5BDFA12
-61.101078,-11.94811,2,0B5863F1-A482-C95D-EA42-9183B5BDFA12
-60.717163,-10.849035,2,0B5863F1-A482-C95D-EA42-9183B5BDFA12
-59.87827,-9.07679,2,0B5863F1-A482-C95D-EA42-9183B5BDFA12
-59.80563,-9.108971,2,0B5863F1-A482-C95D-EA42-9183B5BDFA12
28.803682,8.112687,0,0B5863F1-A482-C95D-EA42-9183B5BDFA12
28.615194,8.113299,0,0B5863F1-A482-C95D-EA42-9183B5BDFA12
27.812153,8.026051,0,0B5863F1-A482-C95D-EA42-9183B5BDFA12
33.741066,-15.047366,0,0B5863F1-A482-C95D-EA42-9183B5BDFA12
33.66565,-15.308703,0,0B5863F1-A482-C95D-EA42-9183B5BDFA12
54.413025,-8.663279,0,0B5863F1-A482-C95D-EA42-9183B5BDFA12
-68.36928,-23.957535,2,6B690AF9-8440-1C43-B353-FA85266AA12C
-67.91164,-23.807339,2,6B690AF9-8440-1C43-B353-FA85266AA12C
-67.41248,-23.55414,2,6B690AF9-8440-1C43-B353-FA85266AA12C
-66.12458,-23.57714,1,6B690AF9-8440-1C43-B353-FA85266AA12C
-67.29859,-32.740017,1,6B690AF9-8440-1C43-B353-FA85266AA12C
7.3005333,-4.952283,1,6B690AF9-8440-1C43-B353-FA85266AA12C
-15.34185,58.65399,1,6B690AF9-8440-1C43-B353-FA85266AA12C
-24.865055,10.289472,1,6B690AF9-8440-1C43-B353-FA85266AA12C
-30.600811,13.265699,1,6B690AF9-8440-1C43-B353-FA85266AA12C
-66.7125,-1.9227409,1,6B690AF9-8440-1C43-B353-FA85266AA12C
-43.117783,-43.318283,2,6B690AF9-8440-1C43-B353-FA85266AA12C
-42.555347,-43.468506,2,6B690AF9-8440-1C43-B353-FA85266AA12C
-42.203033,-43.593525,2,6B690AF9-8440-1C43-B353-FA85266AA12C
72.561714,3.4446945,2,6B690AF9-8440-1C43-B353-FA85266AA12C
72.58352,3.364006,2,6B690AF9-8440-1C43-B353-FA85266AA12C
23.000023,-6.8111973,2,6B690AF9-8440-1C43-B353-FA85266AA12C
23.040989,-6.82302,2,6B690AF9-8440-1C43-B353-FA85266AA12C
57.39687,-14.819187,1,6B690AF9-8440-1C43-B353-FA85266AA12C
-16.167538,-1.9025279,2,5F222604-CB86-1ABA-EB7B-31FF78B7BE93
-17.430128,-1.783369,2,5F222604-CB86-1ABA-EB7B-31FF78B7BE93
-17.933205,-1.6481571,2,5F222604-CB86-1ABA-EB7B-31FF78B7BE93
-48.920155,-13.158682,2,5F222604-CB86-1ABA-EB7B-31FF78B7BE93
-59.69011,-25.654896,2,5F222604-CB86-1ABA-EB7B-31FF78B7BE93
-59.720272,-25.717588,2,5F222604-CB86-1ABA-EB7B-31FF78B7BE93
-27.683378,7.209842,1,5F222604-CB86-1ABA-EB7B-31FF78B7BE93
-27.82247,7.4148784,1,5F222604-CB86-1ABA-EB7B-31FF78B7BE93
-20.476871,21.85972,1,5F222604-CB86-1ABA-EB7B-31FF78B7BE93
-20.587431,21.889883,1,5F222604-CB86-1ABA-EB7B-31FF78B7BE93
-20.837513,21.99839,1,5F222604-CB86-1ABA-EB7B-31FF78B7BE93
-45.763973,4.468838,2,5F222604-CB86-1ABA-EB7B-31FF78B7BE93
-11.072503,60.10222,1,5F222604-CB86-1ABA-EB7B-31FF78B7BE93
-10.781245,59.761913,1,5F222604-CB86-1ABA-EB7B-31FF78B7BE93
-33.990128,-33.64872,2,5F222604-CB86-1ABA-EB7B-31FF78B7BE93
-32.687088,-29.49146,2,5F222604-CB86-1ABA-EB7B-31FF78B7BE93
-32.690445,-29.457205,2,5F222604-CB86-1ABA-EB7B-31FF78B7BE93
-13.636311,-39.930973,2,5F222604-CB86-1ABA-EB7B-31FF78B7BE93
-13.114794,-39.81863,2,5F222604-CB86-1ABA-EB7B-31FF78B7BE93
-12.818578,-39.73491,2,5F222604-CB86-1ABA-EB7B-31FF78B7BE93
-12.572233,-40.81904,2,5F222604-CB86-1ABA-EB7B-31FF78B7BE93
50.986935,14.38066,2,5F222604-CB86-1ABA-EB7B-31FF78B7BE93
-10.888232,-49.748486,2,5F222604-CB86-1ABA-EB7B-31FF78B7BE93
-10.967807,-49.786465,2,5F222604-CB86-1ABA-EB7B-31FF78B7BE93
46.499516,-9.516203,0,1F6A56CA-9C73-442F-2682-BB69E4B03AB2
14.925157,-29.177372,0,1F6A56CA-9C73-442F-2682-BB69E4B03AB2
14.92555,-28.66513,0,1F6A56CA-9C73-442F-2682-BB69E4B03AB2
14.886936,-28.097054,0,1F6A56CA-9C73-442F-2682-BB69E4B03AB2
41.047024,13.1525345,0,1F6A56CA-9C73-442F-2682-BB69E4B03AB2
9.011794,37.659588,0,1F6A56CA-9C73-442F-2682-BB69E4B03AB2
-8.950599,62.99999,1,1F6A56CA-9C73-442F-2682-BB69E4B03AB2
-8.577995,62.93083,1,1F6A56CA-9C73-442F-2682-BB69E4B03AB2
-20.104431,56.678417,1,1F6A56CA-9C73-442F-2682-BB69E4B03AB2
-7.174456,10.475425,1,1F6A56CA-9C73-442F-2682-BB69E4B03AB2
-2.4749572,-16.693357,1,1F6A56CA-9C73-442F-2682-BB69E4B03AB2
-2.4931815,-16.630787,1,1F6A56CA-9C73-442F-2682-BB69E4B03AB2
2.4109306,59.27547,0,1F6A56CA-9C73-442F-2682-BB69E4B03AB2
40.798508,-7.603025,0,1F6A56CA-9C73-442F-2682-BB69E4B03AB2
45.157482,15.723746,2,1F6A56CA-9C73-442F-2682-BB69E4B03AB2
-34.372402,50.97924,1,B2EE7EC5-4E5B-EBDD-E0EB-AF758B95C36A
-26.093845,27.153893,1,B2EE7EC5-4E5B-EBDD-E0EB-AF758B95C36A
-26.242126,27.233274,1,B2EE7EC5-4E5B-EBDD-E0EB-AF758B95C36A
-5.193499,43.264282,1,B2EE7EC5-4E5B-EBDD-E0EB-AF758B95C36A
-4.40238,43.59457,1,B2EE7EC5-4E5B-EBDD-E0EB-AF758B95C36A
-5.514517,43.479713,1,B2EE7EC5-4E5B-EBDD-E0EB-AF758B95C36A
-29.968601,-0.023172364,2,B2EE7EC5-4E5B-EBDD-E0EB-AF758B95C36A
-30.039762,-0.013688789,2,B2EE7EC5-4E5B-EBDD-E0EB-AF758B95C36A
-27.269695,4.0697775,2,B2EE7EC5-4E5B-EBDD-E0EB-AF758B95C36A
-27.02109,4.57706,0,B2EE7EC5-4E5B-EBDD-E0EB-AF758B95C36A
-26.651394,4.8805866,0,B2EE7EC5-4E5B-EBDD-E0EB-AF758B95C36A
20.925175,-20.515257,0,B2EE7EC5-4E5B-EBDD-E0EB-AF758B95C36A
48.22494,24.558132,0,B2EE7EC5-4E5B-EBDD-E0EB-AF758B95C36A
60.95288,16.681423,0,B2EE7EC5-4E5B-EBDD-E0EB-AF758B95C36A
-16.769539,55.428326,0,B2EE7EC5-4E5B-EBDD-E0EB-AF758B95C36A
-17.472261,55.378853,0,B2EE7EC5-4E5B-EBDD-E0EB-AF758B95C36A
-15.648781,54.81915,0,B2EE7EC5-4E5B-EBDD-E0EB-AF758B95C36A
-15.294891,54.670013,2,B2EE7EC5-4E5B-EBDD-E0EB-AF758B95C36A
6.772328,27.932898,0,B2EE7EC5-4E5B-EBDD-E0EB-AF758B95C36A
8.596677,28.499056,1,B2EE7EC5-4E5B-EBDD-E0EB-AF758B95C36A
7.915494,28.511929,1,B2EE7EC5-4E5B-EBDD-E0EB-AF758B95C36A
8.945643,30.121187,1,B2EE7EC5-4E5B-EBDD-E0EB-AF758B95C36A
-15.290588,30.639215,1,B2EE7EC5-4E5B-EBDD-E0EB-AF758B95C36A
8.551177,30.165888,1,B2EE7EC5-4E5B-EBDD-E0EB-AF758B95C36A
-39.57743,35.687397,2,172A62AD-9B69-33E2-1551-9526879D80AC
-57.382668,-3.769433,2,172A62AD-9B69-33E2-1551-9526879D80AC
-57.072002,-4.342366,2,172A62AD-9B69-33E2-1551-9526879D80AC
-56.612484,-6.0093355,2,172A62AD-9B69-33E2-1551-9526879D80AC
-56.57133,-5.733935,2,172A62AD-9B69-33E2-1551-9526879D80AC
-56.86282,-5.2059336,2,172A62AD-9B69-33E2-1551-9526879D80AC
-5.023576,-50.039204,2,172A62AD-9B69-33E2-1551-9526879D80AC
31.516884,-7.750727,2,172A62AD-9B69-33E2-1551-9526879D80AC
31.45747,-7.771622,2,172A62AD-9B69-33E2-1551-9526879D80AC
3.0608282,-5.236125,2,172A62AD-9B69-33E2-1551-9526879D80AC
-4.8421187,52.727688,1,172A62AD-9B69-33E2-1551-9526879D80AC
-4.7797413,52.371613,1,172A62AD-9B69-33E2-1551-9526879D80AC
-52.539303,-15.146504,2,172A62AD-9B69-33E2-1551-9526879D80AC
-52.49674,-15.261161,2,172A62AD-9B69-33E2-1551-9526879D80AC
-54.11408,9.861982,2,172A62AD-9B69-33E2-1551-9526879D80AC
-54.05512,9.872588,1,172A62AD-9B69-33E2-1551-9526879D80AC
-14.260493,36.720753,1,172A62AD-9B69-33E2-1551-9526879D80AC
-16.687407,58.249664,1,172A62AD-9B69-33E2-1551-9526879D80AC
-8.437373,-40.615376,2,172A62AD-9B69-33E2-1551-9526879D80AC
-8.438423,-40.65445,2,172A62AD-9B69-33E2-1551-9526879D80AC
41.125294,-0.09600144,2,172A62AD-9B69-33E2-1551-9526879D80AC
41.378326,-12.700382,2,172A62AD-9B69-33E2-1551-9526879D80AC
41.354027,-12.751729,2,172A62AD-9B69-33E2-1551-9526879D80AC
9.868446,-3.4890103,2,172A62AD-9B69-33E2-1551-9526879D80AC
-12.666107,-22.567812,1,E3489F9E-39E2-47B9-24EF-BAACE1438D00
-12.619061,-22.08698,1,E3489F9E-39E2-47B9-24EF-BAACE1438D00
-12.081178,-20.954054,1,E3489F9E-39E2-47B9-24EF-BAACE1438D00
-12.235117,-20.91107,0,E3489F9E-39E2-47B9-24EF-BAACE1438D00
-12.571472,-20.448977,0,E3489F9E-39E2-47B9-24EF-BAACE1438D00
28.226751,10.215587,0,E3489F9E-39E2-47B9-24EF-BAACE1438D00
26.92738,4.8104396,0,E3489F9E-39E2-47B9-24EF-BAACE1438D00
26.693462,4.8837914,0,E3489F9E-39E2-47B9-24EF-BAACE1438D00
36.618248,-4.7751865,0,E3489F9E-39E2-47B9-24EF-BAACE1438D00
37.88783,-5.8047743,0,E3489F9E-39E2-47B9-24EF-BAACE1438D00
37.808323,-5.402872,0,E3489F9E-39E2-47B9-24EF-BAACE1438D00
63.401386,8.564025,0,E3489F9E-39E2-47B9-24EF-BAACE1438D00
-4.0169377,11.71984,2,72B642AD-2D4A-574F-05EC-EC93C0C52335
-4.0137634,11.629706,2,72B642AD-2D4A-574F-05EC-EC93C0C52335
-19.138226,29.81749,2,72B642AD-2D4A-574F-05EC-EC93C0C52335
-34.611393,42.967278,2,72B642AD-2D4A-574F-05EC-EC93C0C52335
-35.21412,43.558254,1,72B642AD-2D4A-574F-05EC-EC93C0C52335
-33.1618,35.569927,1,72B642AD-2D4A-574F-05EC-EC93C0C52335
-0.22270675,-29.906172,2,72B642AD-2D4A-574F-05EC-EC93C0C52335
-0.25634712,-29.816082,1,72B642AD-2D4A-574F-05EC-EC93C0C52335
-0.33948603,-29.266914,1,72B642AD-2D4A-574F-05EC-EC93C0C52335
-0.46172312,-28.768911,1,72B642AD-2D4A-574F-05EC-EC93C0C52335
-2.041247,40.873478,1,72B642AD-2D4A-574F-05EC-EC93C0C52335
-5.328297,62.713367,1,72B642AD-2D4A-574F-05EC-EC93C0C52335
-69.60382,-4.7533937,2,EA788550-E907-E4AC-EAE4-82CC26723E3B
-69.59094,-4.744584,2,EA788550-E907-E4AC-EAE4-82CC26723E3B
-38.360832,-7.5692825,2,EA788550-E907-E4AC-EAE4-82CC26723E3B
-38.32211,-7.1869197,2,EA788550-E907-E4AC-EAE4-82CC26723E3B
-6.6173825,-5.6534343,2,EA788550-E907-E4AC-EAE4-82CC26723E3B
-6.6554666,-5.6463466,2,EA788550-E907-E4AC-EAE4-82CC26723E3B
3.4567091,-30.880558,2,EA788550-E907-E4AC-EAE4-82CC26723E3B
4.0544715,-30.74778,2,EA788550-E907-E4AC-EAE4-82CC26723E3B
3.9429066,-30.769718,0,EA788550-E907-E4AC-EAE4-82CC26723E3B
5.352022,-30.956078,0,EA788550-E907-E4AC-EAE4-82CC26723E3B
63.04847,5.2568927,0,EA788550-E907-E4AC-EAE4-82CC26723E3B
63.001316,5.3716497,0,EA788550-E907-E4AC-EAE4-82CC26723E3B
-8.887277,-13.387545,2,EA788550-E907-E4AC-EAE4-82CC26723E3B
-8.873564,-13.386306,2,EA788550-E907-E4AC-EAE4-82CC26723E3B
-76.32378,-15.701895,2,EA788550-E907-E4AC-EAE4-82CC26723E3B
-75.942116,-15.59207,2,EA788550-E907-E4AC-EAE4-82CC26723E3B
-75.54643,-15.537389,2,EA788550-E907-E4AC-EAE4-82CC26723E3B
-71.7535,-18.080347,2,EA788550-E907-E4AC-EAE4-82CC26723E3B
-66.111176,-11.678789,2,1AE03BA6-E346-DEB8-4865-276ECC5CD9B1
-65.642555,-12.106911,2,1AE03BA6-E346-DEB8-4865-276ECC5CD9B1
-64.621544,-12.0950985,2,1AE03BA6-E346-DEB8-4865-276ECC5CD9B1
-64.515785,-12.391707,2,1AE03BA6-E346-DEB8-4865-276ECC5CD9B1
-64.462746,-12.803799,2,1AE03BA6-E346-DEB8-4865-276ECC5CD9B1
-5.298182,-28.875807,0,1AE03BA6-E346-DEB8-4865-276ECC5CD9B1
0.07222347,-7.976111,2,1AE03BA6-E346-DEB8-4865-276ECC5CD9B1
0.16573735,-7.943923,2,1AE03BA6-E346-DEB8-4865-276ECC5CD9B1
0.9193396,-8.222184,2,1AE03BA6-E346-DEB8-4865-276ECC5CD9B1
34.42508,22.202679,0,1AE03BA6-E346-DEB8-4865-276ECC5CD9B1
34.299282,22.205896,0,1AE03BA6-E346-DEB8-4865-276ECC5CD9B1
31.987774,21.745844,0,1AE03BA6-E346-DEB8-4865-276ECC5CD9B1
31.983355,22.17416,0,1AE03BA6-E346-DEB8-4865-276ECC5CD9B1
13.641128,-21.984211,0,1AE03BA6-E346-DEB8-4865-276ECC5CD9B1
-36.253033,4.63464,2,1AE03BA6-E346-DEB8-4865-276ECC5CD9B1
-36.212887,4.548421,2,1AE03BA6-E346-DEB8-4865-276ECC5CD9B1
-35.266205,4.5310316,2,1AE03BA6-E346-DEB8-4865-276ECC5CD9B1
-37.10232,5.4047985,2,1AE03BA6-E346-DEB8-4865-276ECC5CD9B1
-14.079563,-33.77938,1,1AE03BA6-E346-DEB8-4865-276ECC5CD9B1
-13.655824,-33.739685,0,1AE03BA6-E346-DEB8-4865-276ECC5CD9B1
-12.8946085,-33.80298,0,1AE03BA6-E346-DEB8-4865-276ECC5CD9B1
-11.779407,-33.838467,0,1AE03BA6-E346-DEB8-4865-276ECC5CD9B1
-12.171509,-33.0043,0,1AE03BA6-E346-DEB8-4865-276ECC5CD9B1
-7.1235185,-18.286003,0,1AE03BA6-E346-DEB8-4865-276ECC5CD9B1
-39.047104,11.971832,2,1AE03BA6-E346-DEB8-4865-276ECC5CD9B1
-38.919704,11.319029,2,1AE03BA6-E346-DEB8-4865-276ECC5CD9B1
-38.850796,11.222204,2,1AE03BA6-E346-DEB8-4865-276ECC5CD9B1
27.913666,-9.179487,2,1AE03BA6-E346-DEB8-4865-276ECC5CD9B1
52.694294,5.643008,2,1AE03BA6-E346-DEB8-4865-276ECC5CD9B1
52.834824,5.7650175,0,1AE03BA6-E346-DEB8-4865-276ECC5CD9B1
-20.0196,27.564508,1,1AE03BA6-E346-DEB8-4865-276ECC5CD9B1
-35.445526,9.545298,1,1AE03BA6-E346-DEB8-4865-276ECC5CD9B1
-35.428417,9.4642315,0,1AE03BA6-E346-DEB8-4865-276ECC5CD9B1
-69.999,-15.157076,0,1AE03BA6-E346-DEB8-4865-276ECC5CD9B1
-69.44792,-25.757627,0,1AE03BA6-E346-DEB8-4865-276ECC5CD9B1
-69.382576,-25.32572,2,1AE03BA6-E346-DEB8-4865-276ECC5CD9B1
-1.3769603,-37.535385,2,4B423110-8A54-A87F-39BB-D68BF033C7FC
-26.115402,34.784348,2,4B423110-8A54-A87F-39BB-D68BF033C7FC
-25.955158,34.869392,2,4B423110-8A54-A87F-39BB-D68BF033C7FC
-25.789513,35.020775,2,4B423110-8A54-A87F-39BB-D68BF033C7FC
0.2869152,36.01692,2,4B423110-8A54-A87F-39BB-D68BF033C7FC
52.075962,36.857227,2,4B423110-8A54-A87F-39BB-D68BF033C7FC
51.488865,36.748047,2,4B423110-8A54-A87F-39BB-D68BF033C7FC
51.363533,36.725243,0,4B423110-8A54-A87F-39BB-D68BF033C7FC
49.26922,36.66489,0,4B423110-8A54-A87F-39BB-D68BF033C7FC
49.452168,36.77335,0,4B423110-8A54-A87F-39BB-D68BF033C7FC
48.118263,34.988525,0,4B423110-8A54-A87F-39BB-D68BF033C7FC
48.01918,34.853848,0,4B423110-8A54-A87F-39BB-D68BF033C7FC
-25.463661,-47.070198,2,4B423110-8A54-A87F-39BB-D68BF033C7FC
41.499546,41.552917,2,4B423110-8A54-A87F-39BB-D68BF033C7FC
41.197025,41.19316,2,4B423110-8A54-A87F-39BB-D68BF033C7FC
41.05281,40.88352,2,4B423110-8A54-A87F-39BB-D68BF033C7FC
42.377964,40.594654,0,4B423110-8A54-A87F-39BB-D68BF033C7FC
60.494118,5.2332287,0,4B423110-8A54-A87F-39BB-D68BF033C7FC
-22.292149,9.671738,2,C0ABDBF6-67EF-EA64-A2D1-42FA92BD5713
3.416186,17.189749,2,C0ABDBF6-67EF-EA64-A2D1-42FA92BD5713
-21.832289,10.113329,2,C0ABDBF6-67EF-EA64-A2D1-42FA92BD5713
-38.341118,32.36774,2,C0ABDBF6-67EF-EA64-A2D1-42FA92BD5713
-38.436897,32.130043,2,C0ABDBF6-67EF-EA64-A2D1-42FA92BD5713
-44.66729,13.798856,2,C0ABDBF6-67EF-EA64-A2D1-42FA92BD5713
-16.02763,41.51667,1,C0ABDBF6-67EF-EA64-A2D1-42FA92BD5713
-8.665108,37.469765,1,C0ABDBF6-67EF-EA64-A2D1-42FA92BD5713
-9.135069,37.674175,2,C0ABDBF6-67EF-EA64-A2D1-42FA92BD5713
-39.52002,-19.020592,2,C0ABDBF6-67EF-EA64-A2D1-42FA92BD5713
-39.10974,-19.095882,2,C0ABDBF6-67EF-EA64-A2D1-42FA92BD5713
-39.11425,-19.058867,2,C0ABDBF6-67EF-EA64-A2D1-42FA92BD5713
36.540276,-47.995296,2,C0ABDBF6-67EF-EA64-A2D1-42FA92BD5713
36.549103,-48.032265,2,C0ABDBF6-67EF-EA64-A2D1-42FA92BD5713
36.867714,-48.008533,2,C0ABDBF6-67EF-EA64-A2D1-42FA92BD5713
15.158961,20.649328,0,C0ABDBF6-67EF-EA64-A2D1-42FA92BD5713
-8.514242,-19.72793,0,C0ABDBF6-67EF-EA64-A2D1-42FA92BD5713
15.588983,21.982237,0,C0ABDBF6-67EF-EA64-A2D1-42FA92BD5713
14.38881,21.522451,0,C0ABDBF6-67EF-EA64-A2D1-42FA92BD5713
14.99648,21.60647,0,C0ABDBF6-67EF-EA64-A2D1-42FA92BD5713
42.41038,-6.335398,2,C0ABDBF6-67EF-EA64-A2D1-42FA92BD5713
6.2773724,-33.99803,2,C0ABDBF6-67EF-EA64-A2D1-42FA92BD5713
5.7775416,-34.231266,2,C0ABDBF6-67EF-EA64-A2D1-42FA92BD5713
5.911432,-34.16452,2,C0ABDBF6-67EF-EA64-A2D1-42FA92BD5713
67.91646,12.273792,0,DA2856BC-D181-9AF0-DC9A-99A9444D5579
68.38377,12.666643,0,DA2856BC-D181-9AF0-DC9A-99A9444D5579
45.24479,19.628832,0,DA2856BC-D181-9AF0-DC9A-99A9444D5579
45.35089,20.057251,0,DA2856BC-D181-9AF0-DC9A-99A9444D5579
52.225124,12.947454,0,DA2856BC-D181-9AF0-DC9A-99A9444D5579
52.229706,12.893195,0,DA2856BC-D181-9AF0-DC9A-99A9444D5579
52.87789,12.59356,0,DA2856BC-D181-9AF0-DC9A-99A9444D5579
46.182415,10.870823,0,DA2856BC-D181-9AF0-DC9A-99A9444D5579
51.367508,12.385557,0,DA2856BC-D181-9AF0-DC9A-99A9444D5579
44.785854,11.557026,0,DA2856BC-D181-9AF0-DC9A-99A9444D5579
44.089672,11.568863,0,DA2856BC-D181-9AF0-DC9A-99A9444D5579
16.605957,27.197273,0,DA2856BC-D181-9AF0-DC9A-99A9444D5579
16.697319,27.139502,0,DA2856BC-D181-9AF0-DC9A-99A9444D5579
43.99089,11.59799,0,DA2856BC-D181-9AF0-DC9A-99A9444D5579
56.51046,9.806095,2,DA2856BC-D181-9AF0-DC9A-99A9444D5579
54.604145,-11.773834,2,DA2856BC-D181-9AF0-DC9A-99A9444D5579
32.961758,-21.41918,2,DA2856BC-D181-9AF0-DC9A-99A9444D5579
32.797897,-20.964394,2,DA2856BC-D181-9AF0-DC9A-99A9444D5579
-35.803745,-32.79422,2,DA2856BC-D181-9AF0-DC9A-99A9444D5579
-35.970203,-32.908833,2,DA2856BC-D181-9AF0-DC9A-99A9444D5579
-30.7003,-44.62983,0,DA2856BC-D181-9AF0-DC9A-99A9444D5579
0.96307456,9.772617,0,DA2856BC-D181-9AF0-DC9A-99A9444D5579
0.9619784,9.791539,0,DA2856BC-D181-9AF0-DC9A-99A9444D5579
-7.356404,-50.139233,0,DA2856BC-D181-9AF0-DC9A-99A9444D5579
76.03826,2.73082,0,DA2856BC-D181-9AF0-DC9A-99A9444D5579
-48.973766,-43.281677,2,46A9A47E-EDE3-2EF4-2F06-E95AF67D57E1
-49.044197,-43.07348,2,46A9A47E-EDE3-2EF4-2F06-E95AF67D57E1
-20.83456,-20.580515,2,46A9A47E-EDE3-2EF4-2F06-E95AF67D57E1
27.01234,-17.697153,0,46A9A47E-EDE3-2EF4-2F06-E95AF67D57E1
29.683128,-16.799328,0,46A9A47E-EDE3-2EF4-2F06-E95AF67D57E1
78.98089,-3.8704035,0,46A9A47E-EDE3-2EF4-2F06-E95AF67D57E1
-30.529942,-48.74568,2,46A9A47E-EDE3-2EF4-2F06-E95AF67D57E1
-30.273542,-48.835278,2,46A9A47E-EDE3-2EF4-2F06-E95AF67D57E1
-30.026566,-48.922512,2,46A9A47E-EDE3-2EF4-2F06-E95AF67D57E1
3.2585804,12.878924,2,46A9A47E-EDE3-2EF4-2F06-E95AF67D57E1
25.618404,5.535368,2,46A9A47E-EDE3-2EF4-2F06-E95AF67D57E1
61.477833,-1.0857222,0,46A9A47E-EDE3-2EF4-2F06-E95AF67D57E1
35.13651,-32.487392,2,DF62EF03-DA30-E70A-CA31-03A029C9610A
35.142452,-32.44462,2,DF62EF03-DA30-E70A-CA31-03A029C9610A
45.86236,-2.1004665,2,DF62EF03-DA30-E70A-CA31-03A029C9610A
46.418755,-1.7483202,2,DF62EF03-DA30-E70A-CA31-03A029C9610A
17.729197,18.88981,2,DF62EF03-DA30-E70A-CA31-03A029C9610A
17.768469,18.806389,2,DF62EF03-DA30-E70A-CA31-03A029C9610A
41.33783,3.4762173,2,DF62EF03-DA30-E70A-CA31-03A029C9610A
41.37098,3.3404946,2,DF62EF03-DA30-E70A-CA31-03A029C9610A
11.310686,14.286065,2,DF62EF03-DA30-E70A-CA31-03A029C9610A
10.8936405,14.183328,2,DF62EF03-DA30-E70A-CA31-03A029C9610A
-22.164757,-15.020518,0,DF62EF03-DA30-E70A-CA31-03A029C9610A
22.35186,-32.833702,0,DF62EF03-DA30-E70A-CA31-03A029C9610A
-1.9488106,55.236496,1,DF62EF03-DA30-E70A-CA31-03A029C9610A
-23.056343,55.318794,1,DF62EF03-DA30-E70A-CA31-03A029C9610A
43.894638,-6.185528,1,DF62EF03-DA30-E70A-CA31-03A029C9610A
43.56712,-6.7759786,0,DF62EF03-DA30-E70A-CA31-03A029C9610A
43.4058,-7.2991934,0,DF62EF03-DA30-E70A-CA31-03A029C9610A
53.02682,2.4052904,0,DF62EF03-DA30-E70A-CA31-03A029C9610A
-35.622707,-41.35544,2,DF62EF03-DA30-E70A-CA31-03A029C9610A
-35.183643,-42.390488,2,DF62EF03-DA30-E70A-CA31-03A029C9610A
-35.11945,-42.61463,2,DF62EF03-DA30-E70A-CA31-03A029C9610A
-34.930126,-42.87382,0,DF62EF03-DA30-E70A-CA31-03A029C9610A
-3.6778283,-44.968536,0,DF62EF03-DA30-E70A-CA31-03A029C9610A
-3.6765032,-44.916912,0,DF62EF03-DA30-E70A-CA31-03A029C9610A
67.71501,-21.562864,0,DF62EF03-DA30-E70A-CA31-03A029C9610A
76.11909,1.4914043,0,DF62EF03-DA30-E70A-CA31-03A029C9610A
75.87842,0.6888318,0,DF62EF03-DA30-E70A-CA31-03A029C9610A
75.607574,0.25299144,0,DF62EF03-DA30-E70A-CA31-03A029C9610A
1.8975351,32.892735,2,4BFAECAC-0CC2-F9AC-17BB-7343BE737D81
-35.137238,50.149246,2,4BFAECAC-0CC2-F9AC-17BB-7343BE737D81
-35.694843,48.981247,2,4BFAECAC-0CC2-F9AC-17BB-7343BE737D81
-35.767902,48.77181,2,4BFAECAC-0CC2-F9AC-17BB-7343BE737D81
-46.698837,34.775066,2,4BFAECAC-0CC2-F9AC-17BB-7343BE737D81
-46.686337,34.778618,2,4BFAECAC-0CC2-F9AC-17BB-7343BE737D81
6.092485,15.5350485,2,4BFAECAC-0CC2-F9AC-17BB-7343BE737D81
43.8974,7.7205915,2,4BFAECAC-0CC2-F9AC-17BB-7343BE737D81
44.389366,7.8866506,2,4BFAECAC-0CC2-F9AC-17BB-7343BE737D81
43.7009,7.5989304,2,4BFAECAC-0CC2-F9AC-17BB-7343BE737D81
24.052654,14.69994,2,4BFAECAC-0CC2-F9AC-17BB-7343BE737D81
23.989126,14.753491,2,4BFAECAC-0CC2-F9AC-17BB-7343BE737D81
-37.632633,-39.0952,2,4BFAECAC-0CC2-F9AC-17BB-7343BE737D81
-37.579227,-39.01624,0,4BFAECAC-0CC2-F9AC-17BB-7343BE737D81
-27.371328,20.695665,0,4BFAECAC-0CC2-F9AC-17BB-7343BE737D81
-60.505306,7.9619856,0,4BFAECAC-0CC2-F9AC-17BB-7343BE737D81
-61.03898,7.6129847,2,4BFAECAC-0CC2-F9AC-17BB-7343BE737D81
-60.946877,7.7881017,2,4BFAECAC-0CC2-F9AC-17BB-7343BE737D81
-60.45917,8.956297,2,4BFAECAC-0CC2-F9AC-17BB-7343BE737D81
-0.49356425,-7.0590463,2,4BFAECAC-0CC2-F9AC-17BB-7343BE737D81
-1.3988229,32.74176,2,4BFAECAC-0CC2-F9AC-17BB-7343BE737D81
-1.3493407,32.83024,2,4BFAECAC-0CC2-F9AC-17BB-7343BE737D81
11.516378,-19.487705,2,4BFAECAC-0CC2-F9AC-17BB-7343BE737D81
11.571764,-19.484026,2,4BFAECAC-0CC2-F9AC-17BB-7343BE737D81
-33.854595,-13.968221,2,4BFAECAC-0CC2-F9AC-17BB-7343BE737D81
-34.382133,-14.75081,2,4BFAECAC-0CC2-F9AC-17BB-7343BE737D81
-34.59793,-15.46952,2,4BFAECAC-0CC2-F9AC-17BB-7343BE737D81
-35.716705,-15.274666,0,4BFAECAC-0CC2-F9AC-17BB-7343BE737D81
-35.677124,-15.158482,0,4BFAECAC-0CC2-F9AC-17BB-7343BE737D81
-44.24774,5.3273983,0,4BFAECAC-0CC2-F9AC-17BB-7343BE737D81
-37.00228,-29.221394,2,4BFAECAC-0CC2-F9AC-17BB-7343BE737D81
-36.715977,-29.704752,2,4BFAECAC-0CC2-F9AC-17BB-7343BE737D81
58.74333,-10.559811,2,4BFAECAC-0CC2-F9AC-17BB-7343BE737D81
60.184624,4.372227,0,4BFAECAC-0CC2-F9AC-17BB-7343BE737D81
59.141354,-10.437169,0,4BFAECAC-0CC2-F9AC-17BB-7343BE737D81
59.533894,-10.466451,0,4BFAECAC-0CC2-F9AC-17BB-7343BE737D81
17.629305,24.61675,0,018B0D8D-B5EC-09D6-90ED-550058EBFEAF
4.1464725,13.44211,0,018B0D8D-B5EC-09D6-90ED-550058EBFEAF
4.328333,13.483773,0,018B0D8D-B5EC-09D6-90ED-550058EBFEAF
64.60992,-5.6778617,0,018B0D8D-B5EC-09D6-90ED-550058EBFEAF
64.83263,-5.751003,0,018B0D8D-B5EC-09D6-90ED-550058EBFEAF
65.66612,-5.8548446,0,018B0D8D-B5EC-09D6-90ED-550058EBFEAF
-61.643448,-12.806434,2,018B0D8D-B5EC-09D6-90ED-550058EBFEAF
-47.071312,11.960566,2,018B0D8D-B5EC-09D6-90ED-550058EBFEAF
-50.19466,-15.535139,2,018B0D8D-B5EC-09D6-90ED-550058EBFEAF
-34.135963,-38.734856,2,018B0D8D-B5EC-09D6-90ED-550058EBFEAF
-34.19114,-38.74441,2,018B0D8D-B5EC-09D6-90ED-550058EBFEAF
-63.658344,-27.927807,2,018B0D8D-B5EC-09D6-90ED-550058EBFEAF
-32.71354,-34.76477,2,018B0D8D-B5EC-09D6-90ED-550058EBFEAF
35.507233,-11.384978,2,018B0D8D-B5EC-09D6-90ED-550058EBFEAF
35.847153,-11.270231,2,018B0D8D-B5EC-09D6-90ED-550058EBFEAF
13.364508,-9.841027,2,018B0D8D-B5EC-09D6-90ED-550058EBFEAF
-24.345438,-12.949547,2,018B0D8D-B5EC-09D6-90ED-550058EBFEAF
-66.16479,-2.656853,2,018B0D8D-B5EC-09D6-90ED-550058EBFEAF
-24.822498,11.412925,0,CCA3ABC5-DCCE-0BBE-5327-E65AE52A195D
43.992306,35.2685,0,CCA3ABC5-DCCE-0BBE-5327-E65AE52A195D
44.097946,35.461956,0,CCA3ABC5-DCCE-0BBE-5327-E65AE52A195D
44.581535,35.810333,0,CCA3ABC5-DCCE-0BBE-5327-E65AE52A195D
45.086468,35.92971,0,CCA3ABC5-DCCE-0BBE-5327-E65AE52A195D
44.2958,36.834938,0,CCA3ABC5-DCCE-0BBE-5327-E65AE52A195D
-60.924988,-28.366447,2,CCA3ABC5-DCCE-0BBE-5327-E65AE52A195D
-18.203196,34.584034,2,CCA3ABC5-DCCE-0BBE-5327-E65AE52A195D
-2.99269,50.987255,2,CCA3ABC5-DCCE-0BBE-5327-E65AE52A195D
-2.8022137,50.875496,0,CCA3ABC5-DCCE-0BBE-5327-E65AE52A195D
-2.2322404,50.63246,0,CCA3ABC5-DCCE-0BBE-5327-E65AE52A195D
18.592379,31.340347,0,CCA3ABC5-DCCE-0BBE-5327-E65AE52A195D
39.204643,-35.670414,2,CCA3ABC5-DCCE-0BBE-5327-E65AE52A195D
38.342678,-35.568146,0,CCA3ABC5-DCCE-0BBE-5327-E65AE52A195D
37.956345,-35.74493,0,CCA3ABC5-DCCE-0BBE-5327-E65AE52A195D
3.520237,-12.050565,0,CCA3ABC5-DCCE-0BBE-5327-E65AE52A195D
3.453129,-12.022084,0,CCA3ABC5-DCCE-0BBE-5327-E65AE52A195D
-34.05911,-32.1565,2,CCA3ABC5-DCCE-0BBE-5327-E65AE52A195D
-59.000282,-18.880102,0,CCA3ABC5-DCCE-0BBE-5327-E65AE52A195D
-11.731303,-28.951202,0,CCA3ABC5-DCCE-0BBE-5327-E65AE52A195D
-11.306751,-29.04291,0,CCA3ABC5-DCCE-0BBE-5327-E65AE52A195D
-12.124172,-28.810902,0,CCA3ABC5-DCCE-0BBE-5327-E65AE52A195D
-9.359058,-32.86388,0,CCA3ABC5-DCCE-0BBE-5327-E65AE52A195D
-9.401934,-32.87365,0,CCA3ABC5-DCCE-0BBE-5327-E65AE52A195D
26.37701,-32.487156,0,CCA3ABC5-DCCE-0BBE-5327-E65AE52A195D
-14.980866,-35.154068,0,CCA3ABC5-DCCE-0BBE-5327-E65AE52A195D
56.55454,20.42042,0,CCA3ABC5-DCCE-0BBE-5327-E65AE52A195D
41.140514,19.946596,0,CCA3ABC5-DCCE-0BBE-5327-E65AE52A195D
41.016094,19.955729,0,CCA3ABC5-DCCE-0BBE-5327-E65AE52A195D
1.1425035,46.38695,2,CCA3ABC5-DCCE-0BBE-5327-E65AE52A195D
9.855092,-36.258343,2,C8BB6C15-19FA-A17A-5945-6202803016D7
8.883989,-35.897476,2,C8BB6C15-19FA-A17A-5945-6202803016D7
7.232657,8.865364,2,C8BB6C15-19FA-A17A-5945-6202803016D7
6.313122,8.76462,2,C8BB6C15-19FA-A17A-5945-6202803016D7
6.0271835,8.546586,2,C8BB6C15-19FA-A17A-5945-6202803016D7
8.409155,-17.520435,1,C8BB6C15-19FA-A17A-5945-6202803016D7
-19.142282,33.84048,1,C8BB6C15-19FA-A17A-5945-6202803016D7
-5.57541,36.26575,1,C8BB6C15-19FA-A17A-5945-6202803016D7
19.70206,33.988262,1,C8BB6C15-19FA-A17A-5945-6202803016D7
24.492308,-14.065504,1,C8BB6C15-19FA-A17A-5945-6202803016D7
24.716007,-14.482849,1,C8BB6C15-19FA-A17A-5945-6202803016D7
25.06476,-15.045852,0,C8BB6C15-19FA-A17A-5945-6202803016D7
36.06371,15.382095,0,C8BB6C15-19FA-A17A-5945-6202803016D7
58.802456,8.422136,0,C8BB6C15-19FA-A17A-5945-6202803016D7
58.992596,8.65815,0,C8BB6C15-19FA-A17A-5945-6202803016D7
58.09903,20.547764,0,C8BB6C15-19FA-A17A-5945-6202803016D7
15.482845,43.81939,0,C8BB6C15-19FA-A17A-5945-6202803016D7
16.279585,43.86659,2,C8BB6C15-19FA-A17A-5945-6202803016D7
16.500147,43.897236,2,C8BB6C15-19FA-A17A-5945-6202803016D7
17.134872,44.09794,2,C8BB6C15-19FA-A17A-5945-6202803016D7
17.544922,44.520863,2,C8BB6C15-19FA-A17A-5945-6202803016D7
-36.19814,13.468706,2,C8BB6C15-19FA-A17A-5945-6202803016D7
-36.185974,13.40277,2,C8BB6C15-19FA-A17A-5945-6202803016D7
-48.584755,-12.787698,2,C8BB6C15-19FA-A17A-5945-6202803016D7
17.909058,2.7099829,0,9C694EBE-9421-F45A-ED92-F521991A6A52
-32.91348,1.6891965,0,9C694EBE-9421-F45A-ED92-F521991A6A52
-58.053596,-10.509058,0,9C694EBE-9421-F45A-ED92-F521991A6A52
-58.52303,-11.368452,0,9C694EBE-9421-F45A-ED92-F521991A6A52
-58.61902,-11.35868,0,9C694EBE-9421-F45A-ED92-F521991A6A52
-59.116913,-11.8186865,0,9C694EBE-9421-F45A-ED92-F521991A6A52
-71.691216,-11.918908,2,9C694EBE-9421-F45A-ED92-F521991A6A52
-71.70111,-11.921425,2,9C694EBE-9421-F45A-ED92-F521991A6A52
-35.710037,-24.525557,2,9C694EBE-9421-F45A-ED92-F521991A6A52
-35.664146,-24.528324,2,9C694EBE-9421-F45A-ED92-F521991A6A52
37.41663,8.348281,2,9C694EBE-9421-F45A-ED92-F521991A6A52
44.528194,38.691006,2,9C694EBE-9421-F45A-ED92-F521991A6A52
10.245627,52.750126,1,9C694EBE-9421-F45A-ED92-F521991A6A52
10.187574,52.747208,1,9C694EBE-9421-F45A-ED92-F521991A6A52
3.4843938,47.526306,1,9C694EBE-9421-F45A-ED92-F521991A6A52
-29.382267,30.94436,2,9C694EBE-9421-F45A-ED92-F521991A6A52
-16.180586,-24.885597,2,9C694EBE-9421-F45A-ED92-F521991A6A52
-16.192028,-24.856674,2,9C694EBE-9421-F45A-ED92-F521991A6A52
-42.26264,-22.150381,2,647C581E-E72F-0765-F94A-065909B99374
-41.896484,-22.722631,2,647C581E-E72F-0765-F94A-065909B99374
-41.661785,-23.046299,0,647C581E-E72F-0765-F94A-065909B99374
-39.99786,-24.925678,0,647C581E-E72F-0765-F94A-065909B99374
-39.77516,-25.444149,0,647C581E-E72F-0765-F94A-065909B99374
-39.46329,-25.903696,2,647C581E-E72F-0765-F94A-065909B99374
0.16675124,18.104202,2,647C581E-E72F-0765-F94A-065909B99374
0.47971794,18.154552,2,647C581E-E72F-0765-F94A-065909B99374
9.667702,45.036465,2,647C581E-E72F-0765-F94A-065909B99374
9.741065,44.99628,2,647C581E-E72F-0765-F94A-065909B99374
55.22883,19.416243,2,647C581E-E72F-0765-F94A-065909B99374
13.892986,24.534452,2,647C581E-E72F-0765-F94A-065909B99374
-58.977795,-2.942956,2,647C581E-E72F-0765-F94A-065909B99374
-42.08975,34.081257,2,647C581E-E72F-0765-F94A-065909B99374
-41.596607,34.05579,1,647C581E-E72F-0765-F94A-065909B99374
-42.047775,33.148132,1,647C581E-E72F-0765-F94A-065909B99374
-41.728477,33.26185,2,647C581E-E72F-0765-F94A-065909B99374
-41.555225,34.883858,2,647C581E-E72F-0765-F94A-065909B99374
-41.51679,-17.146122,2,647C581E-E72F-0765-F94A-065909B99374
-2.6934206,-23.60259,2,647C581E-E72F-0765-F94A-065909B99374
15.241434,-16.637026,2,647C581E-E72F-0765-F94A-065909B99374
-15.054029,32.857853,1,647C581E-E72F-0765-F94A-065909B99374
-15.546107,32.975952,1,647C581E-E72F-0765-F94A-065909B99374
-15.544331,33.35293,2,647C581E-E72F-0765-F94A-065909B99374
4.776921,6.233048,0,B9FD0C60-33D3-E99E-2475-815EAD5C89C2
4.4512324,6.149804,0,B9FD0C60-33D3-E99E-2475-815EAD5C89C2
-19.791054,25.91317,0,B9FD0C60-33D3-E99E-2475-815EAD5C89C2
5.7290926,7.02095,0,B9FD0C60-33D3-E99E-2475-815EAD5C89C2
13.417458,30.141191,0,B9FD0C60-33D3-E99E-2475-815EAD5C89C2
13.818607,29.625034,1,B9FD0C60-33D3-E99E-2475-815EAD5C89C2
13.957986,29.578182,1,B9FD0C60-33D3-E99E-2475-815EAD5C89C2
14.660478,29.454588,1,B9FD0C60-33D3-E99E-2475-815EAD5C89C2
28.60397,20.233849,2,B9FD0C60-33D3-E99E-2475-815EAD5C89C2
28.63274,20.2915,0,B9FD0C60-33D3-E99E-2475-815EAD5C89C2
-5.9610257,36.24787,0,B9FD0C60-33D3-E99E-2475-815EAD5C89C2
-13.453657,33.378872,0,B9FD0C60-33D3-E99E-2475-815EAD5C89C2
-29.35008,11.873677,2,B9FD0C60-33D3-E99E-2475-815EAD5C89C2
-61.182945,-25.644428,2,B9FD0C60-33D3-E99E-2475-815EAD5C89C2
-25.899916,-20.781935,2,B9FD0C60-33D3-E99E-2475-815EAD5C89C2
-25.8288,-20.790113,2,B9FD0C60-33D3-E99E-2475-815EAD5C89C2
-8.10913,-10.9762745,2,B9FD0C60-33D3-E99E-2475-815EAD5C89C2
-8.043748,-10.868686,2,B9FD0C60-33D3-E99E-2475-815EAD5C89C2
-51.404793,-10.894098,2,B9FD0C60-33D3-E99E-2475-815EAD5C89C2
-19.310572,-32.85828,0,B9FD0C60-33D3-E99E-2475-815EAD5C89C2
41.851425,-28.437702,0,B9FD0C60-33D3-E99E-2475-815EAD5C89C2
42.434196,-27.619326,0,B9FD0C60-33D3-E99E-2475-815EAD5C89C2
42.627804,-27.40083,0,B9FD0C60-33D3-E99E-2475-815EAD5C89C2
-33.78987,-44.3195,2,B9FD0C60-33D3-E99E-2475-815EAD5C89C2
-37.03448,40.948376,2,B9FD0C60-33D3-E99E-2475-815EAD5C89C2
-36.387966,40.151997,2,B9FD0C60-33D3-E99E-2475-815EAD5C89C2
-36.526363,40.36458,2,B9FD0C60-33D3-E99E-2475-815EAD5C89C2
-9.949547,-36.795326,2,B9FD0C60-33D3-E99E-2475-815EAD5C89C2
15.976325,-33.370586,0,B9FD0C60-33D3-E99E-2475-815EAD5C89C2
16.02443,-33.37208,0,B9FD0C60-33D3-E99E-2475-815EAD5C89C2
63.578342,-30.223171,0,B9FD0C60-33D3-E99E-2475-815EAD5C89C2
63.46061,-30.21244,0,B9FD0C60-33D3-E99E-2475-815EAD5C89C2
63.128845,-30.267675,0,B9FD0C60-33D3-E99E-2475-815EAD5C89C2
20.296112,7.8666635,0,B9FD0C60-33D3-E99E-2475-815EAD5C89C2
20.340372,7.939804,1,B9FD0C60-33D3-E99E-2475-815EAD5C89C2
-5.6757836,63.730736,1,B9FD0C60-33D3-E99E-2475-815EAD5C89C2
-43.329678,-7.2344985,2,165B40B2-D9B2-DBC0-AE48-02C0F49A609F
-43.11631,-6.884481,2,165B40B2-D9B2-DBC0-AE48-02C0F49A609F
-42.432743,-6.5326204,2,165B40B2-D9B2-DBC0-AE48-02C0F49A609F
15.99485,-42.062798,2,165B40B2-D9B2-DBC0-AE48-02C0F49A609F
-15.096777,27.409285,2,165B40B2-D9B2-DBC0-AE48-02C0F49A609F
5.5324287,55.718327,1,165B40B2-D9B2-DBC0-AE48-02C0F49A609F
-47.087708,11.411571,2,165B40B2-D9B2-DBC0-AE48-02C0F49A609F
6.8931317,-27.12306,2,165B40B2-D9B2-DBC0-AE48-02C0F49A609F
6.806798,-27.053692,2,165B40B2-D9B2-DBC0-AE48-02C0F49A609F
1.3091927,-34.6212,2,165B40B2-D9B2-DBC0-AE48-02C0F49A609F
1.346886,-34.8215,2,165B40B2-D9B2-DBC0-AE48-02C0F49A609F
0.9930018,-33.92644,2,165B40B2-D9B2-DBC0-AE48-02C0F49A609F
-30.421612,13.279918,2,165B40B2-D9B2-DBC0-AE48-02C0F49A609F
-49.517067,-40.346405,2,165B40B2-D9B2-DBC0-AE48-02C0F49A609F
-43.69219,-41.297455,2,165B40B2-D9B2-DBC0-AE48-02C0F49A609F
-23.7472,51.053448,2,165B40B2-D9B2-DBC0-AE48-02C0F49A609F
31.03572,16.30706,2,165B40B2-D9B2-DBC0-AE48-02C0F49A609F
-13.602725,2.986989,2,165B40B2-D9B2-DBC0-AE48-02C0F49A609F
8.219527,-2.8996325,2,165B40B2-D9B2-DBC0-AE48-02C0F49A609F
8.129189,-2.768057,2,165B40B2-D9B2-DBC0-AE48-02C0F49A609F
-53.795685,-6.7898464,2,165B40B2-D9B2-DBC0-AE48-02C0F49A609F
-54.111538,-6.870595,2,165B40B2-D9B2-DBC0-AE48-02C0F49A609F
-54.543888,-7.3330545,2,165B40B2-D9B2-DBC0-AE48-02C0F49A609F
-54.98596,-7.940479,2,165B40B2-D9B2-DBC0-AE48-02C0F49A609F
-11.622969,-15.506456,0,165B40B2-D9B2-DBC0-AE48-02C0F49A609F
-18.371948,11.672984,0,165B40B2-D9B2-DBC0-AE48-02C0F49A609F
-28.576473,5.208977,0,165B40B2-D9B2-DBC0-AE48-02C0F49A609F
-14.571837,60.414017,0,165B40B2-D9B2-DBC0-AE48-02C0F49A609F
-25.344004,51.137287,0,165B40B2-D9B2-DBC0-AE48-02C0F49A609F
-25.373455,51.22639,0,165B40B2-D9B2-DBC0-AE48-02C0F49A609F
5.3185387,-7.8899612,2,DC0BE0E2-B41E-3D73-47C5-5733952512CB
5.610244,-8.440226,2,DC0BE0E2-B41E-3D73-47C5-5733952512CB
5.9031887,-9.298095,2,DC0BE0E2-B41E-3D73-47C5-5733952512CB
5.9437423,-9.415102,2,DC0BE0E2-B41E-3D73-47C5-5733952512CB
-55.94356,-14.552198,2,DC0BE0E2-B41E-3D73-47C5-5733952512CB
-55.94897,-14.537947,2,DC0BE0E2-B41E-3D73-47C5-5733952512CB
-41.67225,48.330235,2,DC0BE0E2-B41E-3D73-47C5-5733952512CB
-41.210712,48.758396,2,DC0BE0E2-B41E-3D73-47C5-5733952512CB
-41.031853,48.33155,2,DC0BE0E2-B41E-3D73-47C5-5733952512CB
-40.570225,48.51415,2,DC0BE0E2-B41E-3D73-47C5-5733952512CB
-39.951458,47.401012,2,DC0BE0E2-B41E-3D73-47C5-5733952512CB
-63.60486,-22.063902,2,DC0BE0E2-B41E-3D73-47C5-5733952512CB
54.160664,18.073938,0,DC0BE0E2-B41E-3D73-47C5-5733952512CB
47.59071,0.6164043,0,DC0BE0E2-B41E-3D73-47C5-5733952512CB
25.759054,25.63862,0,DC0BE0E2-B41E-3D73-47C5-5733952512CB
26.185705,25.43143,0,DC0BE0E2-B41E-3D73-47C5-5733952512CB
27.087614,25.23724,0,DC0BE0E2-B41E-3D73-47C5-5733952512CB
27.740461,24.99769,0,DC0BE0E2-B41E-3D73-47C5-5733952512CB
33.6748,14.931766,2,DC0BE0E2-B41E-3D73-47C5-5733952512CB
34.336086,15.144357,2,DC0BE0E2-B41E-3D73-47C5-5733952512CB
47.683674,15.927976,2,DC0BE0E2-B41E-3D73-47C5-5733952512CB
47.570274,15.982814,2,DC0BE0E2-B41E-3D73-47C5-5733952512CB
61.347298,14.571861,2,DC0BE0E2-B41E-3D73-47C5-5733952512CB
61.413105,14.548408,0,DC0BE0E2-B41E-3D73-47C5-5733952512CB
-3.456501,-13.918502,0,DC0BE0E2-B41E-3D73-47C5-5733952512CB
-68.29377,-19.034458,0,DC0BE0E2-B41E-3D73-47C5-5733952512CB
-68.267136,-19.096012,2,DC0BE0E2-B41E-3D73-47C5-5733952512CB
-69.203545,-18.079573,2,DC0BE0E2-B41E-3D73-47C5-5733952512CB
-69.46071,-18.226292,2,DC0BE0E2-B41E-3D73-47C5-5733952512CB
-70.10361,-18.356558,2,DC0BE0E2-B41E-3D73-47C5-5733952512CB
-6.5012403,-30.064327,2,9A80CFF4-085D-6435-BA08-18E6496A8381
-27.629374,-33.588707,2,9A80CFF4-085D-6435-BA08-18E6496A8381
-61.86411,-18.23874,2,9A80CFF4-085D-6435-BA08-18E6496A8381
-62.397842,-18.444094,2,9A80CFF4-085D-6435-BA08-18E6496A8381
2.969993,-38.44448,2,9A80CFF4-085D-6435-BA08-18E6496A8381
3.4238677,-38.60776,2,9A80CFF4-085D-6435-BA08-18E6496A8381
-31.604303,-10.352997,2,9A80CFF4-085D-6435-BA08-18E6496A8381
-32.347157,-10.474238,2,9A80CFF4-085D-6435-BA08-18E6496A8381
-32.581448,-10.517413,2,9A80CFF4-085D-6435-BA08-18E6496A8381
-18.972883,-46.045383,2,9A80CFF4-085D-6435-BA08-18E6496A8381
-19.560814,-45.457577,0,9A80CFF4-085D-6435-BA08-18E6496A8381
-19.643234,-45.334087,0,9A80CFF4-085D-6435-BA08-18E6496A8381
-44.879272,-26.74933,2,9A80CFF4-085D-6435-BA08-18E6496A8381
-44.643066,-27.711845,2,9A80CFF4-085D-6435-BA08-18E6496A8381
-44.725277,-28.068317,2,9A80CFF4-085D-6435-BA08-18E6496A8381
-44.840546,-28.07138,2,9A80CFF4-085D-6435-BA08-18E6496A8381
-45.33772,-27.649706,0,9A80CFF4-085D-6435-BA08-18E6496A8381
-62.02833,-16.005598,2,9A80CFF4-085D-6435-BA08-18E6496A8381
-46.413033,13.844939,2,B6EE5F90-8F59-D3CF-C449-59216B28207B
-40.965893,30.773853,2,B6EE5F90-8F59-D3CF-C449-59216B28207B
-40.8627,30.70597,2,B6EE5F90-8F59-D3CF-C449-59216B28207B
4.2710257,-3.6823473,2,B6EE5F90-8F59-D3CF-C449-59216B28207B
4.2724075,-3.9511127,2,B6EE5F90-8F59-D3CF-C449-59216B28207B
4.263949,-4.03473,0,B6EE5F90-8F59-D3CF-C449-59216B28207B
-40.46312,4.2716217,0,B6EE5F90-8F59-D3CF-C449-59216B28207B
-40.391148,4.511693,0,B6EE5F90-8F59-D3CF-C449-59216B28207B
-40.884953,3.9984472,0,B6EE5F90-8F59-D3CF-C449-59216B28207B
-52.56093,4.0691,0,B6EE5F90-8F59-D3CF-C449-59216B28207B
-52.462803,4.098728,0,B6EE5F90-8F59-D3CF-C449-59216B28207B
-38.500317,47.743446,1,B6EE5F90-8F59-D3CF-C449-59216B28207B
54.130646,-22.401756,0,B6EE5F90-8F59-D3CF-C449-59216B28207B
53.546036,-22.116146,0,B6EE5F90-8F59-D3CF-C449-59216B28207B
53.07172,-21.684013,0,B6EE5F90-8F59-D3CF-C449-59216B28207B
53.07411,-21.66759,2,B6EE5F90-8F59-D3CF-C449-59216B28207B
52.494858,-21.018034,2,B6EE5F90-8F59-D3CF-C449-59216B28207B
25.3113,-42.56157,2,B6EE5F90-8F59-D3CF-C449-59216B28207B
22.654213,-45.67472,2,B6EE5F90-8F59-D3CF-C449-59216B28207B
24.162064,-47.16714,2,B6EE5F90-8F59-D3CF-C449-59216B28207B
24.340084,-47.197918,2,B6EE5F90-8F59-D3CF-C449-59216B28207B
24.152742,-45.210358,2,B6EE5F90-8F59-D3CF-C449-59216B28207B
25.2531,-46.33019,0,B6EE5F90-8F59-D3CF-C449-59216B28207B
10.503634,4.0339193,0,B6EE5F90-8F59-D3CF-C449-59216B28207B
59.71161,10.986063,0,DCB45A10-FAF5-53E0-AB53-2D42AC9BB090
59.800373,10.999329,0,DCB45A10-FAF5-53E0-AB53-2D42AC9BB090
7.0884824,49.822186,0,DCB45A10-FAF5-53E0-AB53-2D42AC9BB090
-6.0196733,54.519405,0,DCB45A10-FAF5-53E0-AB53-2D42AC9BB090
-6.8736925,54.59575,0,DCB45A10-FAF5-53E0-AB53-2D42AC9BB090
-7.4881525,54.590885,0,DCB45A10-FAF5-53E0-AB53-2D42AC9BB090
-8.48549,53.579037,0,DCB45A10-FAF5-53E0-AB53-2D42AC9BB090
-44.667873,-34.00467,0,DCB45A10-FAF5-53E0-AB53-2D42AC9BB090
-44.40629,-34.784428,0,DCB45A10-FAF5-53E0-AB53-2D42AC9BB090
-44.436382,-34.89949,1,DCB45A10-FAF5-53E0-AB53-2D42AC9BB090
-44.289845,-35.646427,1,DCB45A10-FAF5-53E0-AB53-2D42AC9BB090
-4.3468,22.004402,1,DCB45A10-FAF5-53E0-AB53-2D42AC9BB090
35.086655,18.984715,2,DCB45A10-FAF5-53E0-AB53-2D42AC9BB090
-18.242731,-4.974663,2,DCB45A10-FAF5-53E0-AB53-2D42AC9BB090
-60.016956,-37.455833,2,DCB45A10-FAF5-53E0-AB53-2D42AC9BB090
-60.449554,-36.902485,2,DCB45A10-FAF5-53E0-AB53-2D42AC9BB090
-60.877125,-36.239918,2,DCB45A10-FAF5-53E0-AB53-2D42AC9BB090
-61.09561,-35.857418,2,DCB45A10-FAF5-53E0-AB53-2D42AC9BB090
68.118355,-2.0942965,0,DCB45A10-FAF5-53E0-AB53-2D42AC9BB090
41.102955,-16.03598,0,DCB45A10-FAF5-53E0-AB53-2D42AC9BB090
40.849976,-16.165035,0,DCB45A10-FAF5-53E0-AB53-2D42AC9BB090
39.614048,-16.239414,1,DCB45A10-FAF5-53E0-AB53-2D42AC9BB090
-18.856936,0.5236209,1,DCB45A10-FAF5-53E0-AB53-2D42AC9BB090
-8.833677,60.09261,1,DCB45A10-FAF5-53E0-AB53-2D42AC9BB090
-32.76514,3.1141646,2,DCB45A10-FAF5-53E0-AB53-2D42AC9BB090
-70.13618,-29.628508,2,DCB45A10-FAF5-53E0-AB53-2D42AC9BB090
-70.721664,-29.335962,2,DCB45A10-FAF5-53E0-AB53-2D42AC9BB090
-71.10133,-29.259262,2,DCB45A10-FAF5-53E0-AB53-2D42AC9BB090
-56.047367,20.560844,2,DCB45A10-FAF5-53E0-AB53-2D42AC9BB090
-56.037334,20.628834,1,DCB45A10-FAF5-53E0-AB53-2D42AC9BB090
33.486065,37.61475,0,718078D1-70DB-2916-366D-1119A22DCD7F
33.52011,37.729443,1,718078D1-70DB-2916-366D-1119A22DCD7F
35.707016,39.02581,1,718078D1-70DB-2916-366D-1119A22DCD7F
35.52003,39.166424,0,718078D1-70DB-2916-366D-1119A22DCD7F
33.92207,39.09376,0,718078D1-70DB-2916-366D-1119A22DCD7F
48.658215,11.36213,0,718078D1-70DB-2916-366D-1119A22DCD7F
55.30916,18.444733,1,718078D1-70DB-2916-366D-1119A22DCD7F
29.459806,22.454067,1,718078D1-70DB-2916-366D-1119A22DCD7F
24.386826,28.096952,0,718078D1-70DB-2916-366D-1119A22DCD7F
24.701918,28.536158,0,718078D1-70DB-2916-366D-1119A22DCD7F
24.525316,28.652266,0,718078D1-70DB-2916-366D-1119A22DCD7F
24.81041,28.990286,0,718078D1-70DB-2916-366D-1119A22DCD7F
36.74059,-18.855093,0,718078D1-70DB-2916-366D-1119A22DCD7F
36.72399,-18.909273,0,718078D1-70DB-2916-366D-1119A22DCD7F
36.589363,-19.003061,0,718078D1-70DB-2916-366D-1119A22DCD7F
5.6601973,-17.311556,1,718078D1-70DB-2916-366D-1119A22DCD7F
6.2413983,-16.682077,1,718078D1-70DB-2916-366D-1119A22DCD7F
6.3469863,-16.56749,1,718078D1-70DB-2916-366D-1119A22DCD7F
6.169738,-15.495525,2,718078D1-70DB-2916-366D-1119A22DCD7F
6.067181,-14.648971,2,718078D1-70DB-2916-366D-1119A22DCD7F
6.191437,-13.917934,2,718078D1-70DB-2916-366D-1119A22DCD7F
41.131435,-35.588192,2,718078D1-70DB-2916-366D-1119A22DCD7F
41.52351,-35.57069,2,718078D1-70DB-2916-366D-1119A22DCD7F
42.293,-35.66843,2,718078D1-70DB-2916-366D-1119A22DCD7F
-66.97996,-32.079422,1,718078D1-70DB-2916-366D-1119A22DCD7F
-55.955246,25.772718,1,718078D1-70DB-2916-366D-1119A22DCD7F
-55.94913,25.781918,1,718078D1-70DB-2916-366D-1119A22DCD7F
-34.108097,38.501854,1,718078D1-70DB-2916-366D-1119A22DCD7F
2.4899485,56.636112,1,718078D1-70DB-2916-366D-1119A22DCD7F
3.5667286,57.430206,1,718078D1-70DB-2916-366D-1119A22DCD7F
74.45562,-1.8122207,0,718078D1-70DB-2916-366D-1119A22DCD7F
47.056694,-18.391176,0,718078D1-70DB-2916-366D-1119A22DCD7F
-11.41845,27.644983,0,718078D1-70DB-2916-366D-1119A22DCD7F
-11.4189625,27.608387,0,718078D1-70DB-2916-366D-1119A22DCD7F
29.850641,-21.230894,0,7417E7AB-C723-0958-F8EE-DDA4DED65165
53.283207,-8.749475,0,7417E7AB-C723-0958-F8EE-DDA4DED65165
62.955242,-14.2764435,0,7417E7AB-C723-0958-F8EE-DDA4DED65165
62.8745,-13.861815,0,7417E7AB-C723-0958-F8EE-DDA4DED65165
63.22142,-13.121901,0,7417E7AB-C723-0958-F8EE-DDA4DED65165
72.41938,6.004331,0,7417E7AB-C723-0958-F8EE-DDA4DED65165
-47.08322,-10.84678,2,7417E7AB-C723-0958-F8EE-DDA4DED65165
-47.06649,-10.833763,0,7417E7AB-C723-0958-F8EE-DDA4DED65165
-31.079096,26.659628,0,7417E7AB-C723-0958-F8EE-DDA4DED65165
-31.111826,26.599705,0,7417E7AB-C723-0958-F8EE-DDA4DED65165
0.9389428,21.717394,0,7417E7AB-C723-0958-F8EE-DDA4DED65165
1.0786676,21.505972,0,7417E7AB-C723-0958-F8EE-DDA4DED65165
0.4900295,21.995491,0,7417E7AB-C723-0958-F8EE-DDA4DED65165
31.565866,25.643513,0,7417E7AB-C723-0958-F8EE-DDA4DED65165
31.665228,25.791231,0,7417E7AB-C723-0958-F8EE-DDA4DED65165
3.4608197,37.172413,0,7417E7AB-C723-0958-F8EE-DDA4DED65165
-0.9074547,23.194935,0,7417E7AB-C723-0958-F8EE-DDA4DED65165
-33.511818,17.316835,0,7417E7AB-C723-0958-F8EE-DDA4DED65165
7.1438193,33.872402,0,7417E7AB-C723-0958-F8EE-DDA4DED65165
7.040778,33.84735,0,7417E7AB-C723-0958-F8EE-DDA4DED65165
57.854263,22.608616,0,7417E7AB-C723-0958-F8EE-DDA4DED65165
53.970062,-0.88608783,0,7417E7AB-C723-0958-F8EE-DDA4DED65165
65.33151,19.59877,0,7417E7AB-C723-0958-F8EE-DDA4DED65165
65.58425,19.274782,0,7417E7AB-C723-0958-F8EE-DDA4DED65165
65.86299,18.927275,2,7417E7AB-C723-0958-F8EE-DDA4DED65165
46.43936,22.97209,2,7417E7AB-C723-0958-F8EE-DDA4DED65165
46.27169,22.982481,0,7417E7AB-C723-0958-F8EE-DDA4DED65165
-14.087541,29.17176,0,7417E7AB-C723-0958-F8EE-DDA4DED65165
11.053615,31.89396,0,7417E7AB-C723-0958-F8EE-DDA4DED65165
20.773651,4.096689,0,7417E7AB-C723-0958-F8EE-DDA4DED65165
-53.263275,-0.95708853,2,0A76B59A-F1FF-F3F5-A3CA-2386FA8EF308
-52.515503,-0.86523956,2,0A76B59A-F1FF-F3F5-A3CA-2386FA8EF308
-51.996918,-0.71350837,2,0A76B59A-F1FF-F3F5-A3CA-2386FA8EF308
-4.730989,25.252373,2,0A76B59A-F1FF-F3F5-A3CA-2386FA8EF308
-13.494707,-13.234173,2,0A76B59A-F1FF-F3F5-A3CA-2386FA8EF308
-13.711429,-13.418111,0,0A76B59A-F1FF-F3F5-A3CA-2386FA8EF308
-12.229975,-12.919756,0,0A76B59A-F1FF-F3F5-A3CA-2386FA8EF308
-11.998156,-12.734191,0,0A76B59A-F1FF-F3F5-A3CA-2386FA8EF308
-5.168327,30.84557,0,0A76B59A-F1FF-F3F5-A3CA-2386FA8EF308
6.402109,20.17168,2,0A76B59A-F1FF-F3F5-A3CA-2386FA8EF308
-41.440872,-30.708899,2,0A76B59A-F1FF-F3F5-A3CA-2386FA8EF308
-41.510624,-30.686169,2,0A76B59A-F1FF-F3F5-A3CA-2386FA8EF308
-57.143776,-18.715895,2,0A76B59A-F1FF-F3F5-A3CA-2386FA8EF308
-57.10249,-18.744524,2,0A76B59A-F1FF-F3F5-A3CA-2386FA8EF308
-21.374199,-42.079117,2,0A76B59A-F1FF-F3F5-A3CA-2386FA8EF308
-21.340206,-42.08418,2,0A76B59A-F1FF-F3F5-A3CA-2386FA8EF308
46.02147,-35.65946,0,0A76B59A-F1FF-F3F5-A3CA-2386FA8EF308
45.99934,-35.69384,0,0A76B59A-F1FF-F3F5-A3CA-2386FA8EF308
35.44174,29.720592,0,66E9719B-D383-AA87-7FAB-D9B4ABE7011C
8.3862505,23.30662,0,66E9719B-D383-AA87-7FAB-D9B4ABE7011C
7.9936604,23.396101,0,66E9719B-D383-AA87-7FAB-D9B4ABE7011C
-19.116161,-31.670004,2,66E9719B-D383-AA87-7FAB-D9B4ABE7011C
-33.01587,36.333935,2,66E9719B-D383-AA87-7FAB-D9B4ABE7011C
-33.970818,-28.235666,2,66E9719B-D383-AA87-7FAB-D9B4ABE7011C
-28.93378,31.95702,2,66E9719B-D383-AA87-7FAB-D9B4ABE7011C
52.725197,-19.094416,0,66E9719B-D383-AA87-7FAB-D9B4ABE7011C
59.112312,-2.037392,0,66E9719B-D383-AA87-7FAB-D9B4ABE7011C
59.105824,-1.9996775,0,66E9719B-D383-AA87-7FAB-D9B4ABE7011C
55.946182,-16.869932,0,66E9719B-D383-AA87-7FAB-D9B4ABE7011C
56.232372,-16.97586,0,66E9719B-D383-AA87-7FAB-D9B4ABE7011C
40.09982,-5.945102,0,66E9719B-D383-AA87-7FAB-D9B4ABE7011C
40.22867,-5.690503,0,66E9719B-D383-AA87-7FAB-D9B4ABE7011C
39.731327,-4.8991394,0,66E9719B-D383-AA87-7FAB-D9B4ABE7011C
39.14922,-4.899945,0,66E9719B-D383-AA87-7FAB-D9B4ABE7011C
39.68636,-4.218245,0,66E9719B-D383-AA87-7FAB-D9B4ABE7011C
48.296104,7.7183456,0,66E9719B-D383-AA87-7FAB-D9B4ABE7011C
60.550007,23.54792,0,66E9719B-D383-AA87-7FAB-D9B4ABE7011C
61.61932,7.786679,0,66E9719B-D383-AA87-7FAB-D9B4ABE7011C
20.27055,-15.316629,0,66E9719B-D383-AA87-7FAB-D9B4ABE7011C
20.228218,-15.348872,2,66E9719B-D383-AA87-7FAB-D9B4ABE7011C
-8.80198,-22.543299,2,66E9719B-D383-AA87-7FAB-D9B4ABE7011C
-9.552373,-22.424301,2,66E9719B-D383-AA87-7FAB-D9B4ABE7011C
-33.041496,42.173477,2,D51A5648-0039-8CB1-45CB-C51E5ABA8BCC
-31.845802,40.485954,2,D51A5648-0039-8CB1-45CB-C51E5ABA8BCC
-31.986326,40.719807,2,D51A5648-0039-8CB1-45CB-C51E5ABA8BCC
-31.525436,39.8242,2,D51A5648-0039-8CB1-45CB-C51E5ABA8BCC
-16.806467,26.311634,2,D51A5648-0039-8CB1-45CB-C51E5ABA8BCC
-9.338318,-17.100525,2,D51A5648-0039-8CB1-45CB-C51E5ABA8BCC
-65.04035,-28.25355,2,D51A5648-0039-8CB1-45CB-C51E5ABA8BCC
-4.5065527,-39.2169,2,D51A5648-0039-8CB1-45CB-C51E5ABA8BCC
-3.1984055,16.210075,2,D51A5648-0039-8CB1-45CB-C51E5ABA8BCC
39.599323,5.1767383,2,D51A5648-0039-8CB1-45CB-C51E5ABA8BCC
39.6643,5.230589,0,D51A5648-0039-8CB1-45CB-C51E5ABA8BCC
40.53577,5.9194875,0,D51A5648-0039-8CB1-45CB-C51E5ABA8BCC
41.244785,-19.846243,0,D51A5648-0039-8CB1-45CB-C51E5ABA8BCC
41.268963,-19.84653,0,D51A5648-0039-8CB1-45CB-C51E5ABA8BCC
18.890629,-4.5079584,0,D51A5648-0039-8CB1-45CB-C51E5ABA8BCC
-26.473778,11.015954,0,D51A5648-0039-8CB1-45CB-C51E5ABA8BCC
-2.9226577,18.154068,0,D51A5648-0039-8CB1-45CB-C51E5ABA8BCC
20.07117,24.960901,0,D51A5648-0039-8CB1-45CB-C51E5ABA8BCC
20.4088,24.524483,2,D51A5648-0039-8CB1-45CB-C51E5ABA8BCC
51.894974,15.736119,2,D51A5648-0039-8CB1-45CB-C51E5ABA8BCC
8.7059355,39.30101,2,D51A5648-0039-8CB1-45CB-C51E5ABA8BCC
-19.80104,54.46581,2,D51A5648-0039-8CB1-45CB-C51E5ABA8BCC
-19.640701,55.19407,2,D51A5648-0039-8CB1-45CB-C51E5ABA8BCC
-20.157743,55.43316,2,D51A5648-0039-8CB1-45CB-C51E5ABA8BCC
-36.54178,-11.654594,2,D51A5648-0039-8CB1-45CB-C51E5ABA8BCC
-36.475002,-11.5933695,2,D51A5648-0039-8CB1-45CB-C51E5ABA8BCC
-8.726687,10.352503,1,D51A5648-0039-8CB1-45CB-C51E5ABA8BCC
-8.783097,10.355065,2,D51A5648-0039-8CB1-45CB-C51E5ABA8BCC
-6.4489517,-35.739983,2,D51A5648-0039-8CB1-45CB-C51E5ABA8BCC
-6.5042653,-35.760906,2,D51A5648-0039-8CB1-45CB-C51E5ABA8BCC
-47.38438,5.4509335,0,0A221ADF-C99E-307E-7B65-92EF9DABA6C4
24.246191,18.272089,0,0A221ADF-C99E-307E-7B65-92EF9DABA6C4
42.08728,-25.16109,0,0A221ADF-C99E-307E-7B65-92EF9DABA6C4
-10.506082,-8.986782,0,0A221ADF-C99E-307E-7B65-92EF9DABA6C4
-10.900592,-8.832048,2,0A221ADF-C99E-307E-7B65-92EF9DABA6C4
-37.524166,5.933548,2,0A221ADF-C99E-307E-7B65-92EF9DABA6C4
63.74058,-15.919857,0,0A221ADF-C99E-307E-7B65-92EF9DABA6C4
60.809776,25.503859,0,0A221ADF-C99E-307E-7B65-92EF9DABA6C4
60.80758,25.44434,2,0A221ADF-C99E-307E-7B65-92EF9DABA6C4
62.339333,-8.833879,2,0A221ADF-C99E-307E-7B65-92EF9DABA6C4
19.139252,-13.131143,2,0A221ADF-C99E-307E-7B65-92EF9DABA6C4
16.92354,14.13469,2,0A221ADF-C99E-307E-7B65-92EF9DABA6C4
35.634174,11.374009,2,0A221ADF-C99E-307E-7B65-92EF9DABA6C4
35.70868,11.381481,2,0A221ADF-C99E-307E-7B65-92EF9DABA6C4
-3.8604875,8.805557,0,0A221ADF-C99E-307E-7B65-92EF9DABA6C4
-39.767708,-40.56944,0,0A221ADF-C99E-307E-7B65-92EF9DABA6C4
-40.005836,-40.096363,0,0A221ADF-C99E-307E-7B65-92EF9DABA6C4
-39.999447,-40.075615,0,0A221ADF-C99E-307E-7B65-92EF9DABA6C4
-45.349277,24.004925,2,EC6E2525-212C-1C3A-0B73-74D1B45748E1
-45.368107,24.09329,2,EC6E2525-212C-1C3A-0B73-74D1B45748E1
-25.799215,-32.64533,2,EC6E2525-212C-1C3A-0B73-74D1B45748E1
37.009365,-34.169025,2,EC6E2525-212C-1C3A-0B73-74D1B45748E1
-3.5838664,-21.03586,2,EC6E2525-212C-1C3A-0B73-74D1B45748E1
-42.72618,-12.109901,2,EC6E2525-212C-1C3A-0B73-74D1B45748E1
-20.057297,-26.669497,2,EC6E2525-212C-1C3A-0B73-74D1B45748E1
-20.053537,-26.69558,2,EC6E2525-212C-1C3A-0B73-74D1B45748E1
25.858086,-0.09467944,2,EC6E2525-212C-1C3A-0B73-74D1B45748E1
65.72732,15.837088,1,EC6E2525-212C-1C3A-0B73-74D1B45748E1
66.74484,15.460739,1,EC6E2525-212C-1C3A-0B73-74D1B45748E1
66.67298,15.459166,1,EC6E2525-212C-1C3A-0B73-74D1B45748E1
-3.4950192,-50.887905,2,EC6E2525-212C-1C3A-0B73-74D1B45748E1
-3.552642,-50.901573,2,EC6E2525-212C-1C3A-0B73-74D1B45748E1
-3.5950618,-48.52828,2,EC6E2525-212C-1C3A-0B73-74D1B45748E1
-3.4681683,-48.66094,2,EC6E2525-212C-1C3A-0B73-74D1B45748E1
4.9281545,-18.680305,2,EC6E2525-212C-1C3A-0B73-74D1B45748E1
21.887949,-24.793829,2,EC6E2525-212C-1C3A-0B73-74D1B45748E1
15.765352,16.196178,2,EC6E2525-212C-1C3A-0B73-74D1B45748E1
14.944588,16.46951,2,EC6E2525-212C-1C3A-0B73-74D1B45748E1
13.984716,17.492605,2,EC6E2525-212C-1C3A-0B73-74D1B45748E1
14.1135025,17.476227,2,EC6E2525-212C-1C3A-0B73-74D1B45748E1
13.153,16.442583,2,EC6E2525-212C-1C3A-0B73-74D1B45748E1
-36.646595,-16.371904,1,EC6E2525-212C-1C3A-0B73-74D1B45748E1
-21.479475,-8.458438,2,EC6E2525-212C-1C3A-0B73-74D1B45748E1
-22.27756,-7.3478937,2,EC6E2525-212C-1C3A-0B73-74D1B45748E1
-23.5337,-7.1239676,2,EC6E2525-212C-1C3A-0B73-74D1B45748E1
-23.619465,-7.0089145,2,EC6E2525-212C-1C3A-0B73-74D1B45748E1
-35.821404,-7.773296,2,77F6B31E-B228-3C6D-A66F-E7E6FDED3587
-35.394615,-7.1222,2,77F6B31E-B228-3C6D-A66F-E7E6FDED3587
-34.4162,-6.188018,2,77F6B31E-B228-3C6D-A66F-E7E6FDED3587
-34.537502,-5.947694,2,77F6B31E-B228-3C6D-A66F-E7E6FDED3587
-33.763527,-5.9701853,2,77F6B31E-B228-3C6D-A66F-E7E6FDED3587
-33.141052,-6.15098,2,77F6B31E-B228-3C6D-A66F-E7E6FDED3587
8.254413,-10.752236,0,77F6B31E-B228-3C6D-A66F-E7E6FDED3587
61.496307,-4.7636876,0,77F6B31E-B228-3C6D-A66F-E7E6FDED3587
60.4765,-5.6282663,0,77F6B31E-B228-3C6D-A66F-E7E6FDED3587
60.56582,-5.59131,0,77F6B31E-B228-3C6D-A66F-E7E6FDED3587
60.426117,-5.596296,0,77F6B31E-B228-3C6D-A66F-E7E6FDED3587
67.94949,-17.758415,0,77F6B31E-B228-3C6D-A66F-E7E6FDED3587
-30.665678,9.943393,2,77F6B31E-B228-3C6D-A66F-E7E6FDED3587
-30.07191,10.107332,2,77F6B31E-B228-3C6D-A66F-E7E6FDED3587
18.93109,43.463123,2,77F6B31E-B228-3C6D-A66F-E7E6FDED3587
-18.112724,36.62589,2,77F6B31E-B228-3C6D-A66F-E7E6FDED3587
-17.81739,36.691277,2,77F6B31E-B228-3C6D-A66F-E7E6FDED3587
-10.217661,33.567932,1,77F6B31E-B228-3C6D-A66F-E7E6FDED3587
-10.208618,33.530697,1,77F6B31E-B228-3C6D-A66F-E7E6FDED3587
49.876617,-17.535286,1,77F6B31E-B228-3C6D-A66F-E7E6FDED3587
70.82699,-1.9858743,1,77F6B31E-B228-3C6D-A66F-E7E6FDED3587
70.75926,-1.972525,1,77F6B31E-B228-3C6D-A66F-E7E6FDED3587
70.51545,-1.2801777,1,77F6B31E-B228-3C6D-A66F-E7E6FDED3587
49.252907,-20.601744,1,77F6B31E-B228-3C6D-A66F-E7E6FDED3587
32.151115,-49.836365,2,7B8B31F4-FFC3-7A4E-3EAF-78D5CA8ACB61
32.22361,-49.799343,2,7B8B31F4-FFC3-7A4E-3EAF-78D5CA8ACB61
28.713524,-5.2452354,2,7B8B31F4-FFC3-7A4E-3EAF-78D5CA8ACB61
71.0013,-17.002125,1,7B8B31F4-FFC3-7A4E-3EAF-78D5CA8ACB61
71.00986,-16.971262,0,7B8B31F4-FFC3-7A4E-3EAF-78D5CA8ACB61
70.11253,11.316142,0,7B8B31F4-FFC3-7A4E-3EAF-78D5CA8ACB61
53.520737,1.1047245,0,7B8B31F4-FFC3-7A4E-3EAF-78D5CA8ACB61
53.675865,0.013458362,0,7B8B31F4-FFC3-7A4E-3EAF-78D5CA8ACB61
35.41352,-2.024,0,7B8B31F4-FFC3-7A4E-3EAF-78D5CA8ACB61
35.306393,-2.059702,0,7B8B31F4-FFC3-7A4E-3EAF-78D5CA8ACB61
47.064877,13.125149,0,7B8B31F4-FFC3-7A4E-3EAF-78D5CA8ACB61
48.04471,11.869399,0,7B8B31F4-FFC3-7A4E-3EAF-78D5CA8ACB61
0.665508,-2.2420497,0,7B8B31F4-FFC3-7A4E-3EAF-78D5CA8ACB61
0.8325997,-2.094171,0,7B8B31F4-FFC3-7A4E-3EAF-78D5CA8ACB61
0.7844365,-1.6610713,1,7B8B31F4-FFC3-7A4E-3EAF-78D5CA8ACB61
24.124882,2.3103104,1,7B8B31F4-FFC3-7A4E-3EAF-78D5CA8ACB61
10.674773,31.70915,1,7B8B31F4-FFC3-7A4E-3EAF-78D5CA8ACB61
-8.528707,57.020004,1,7B8B31F4-FFC3-7A4E-3EAF-78D5CA8ACB61
13.8224,-39.541943,2,761D024F-3C62-5326-601A-88D436C7726A
13.538725,-39.68199,2,761D024F-3C62-5326-601A-88D436C7726A
-43.611942,33.159763,2,761D024F-3C62-5326-601A-88D436C7726A
-43.37434,34.106495,2,761D024F-3C62-5326-601A-88D436C7726A
-58.243637,-1.4947609,2,761D024F-3C62-5326-601A-88D436C7726A
-58.222416,-1.6033453,2,761D024F-3C62-5326-601A-88D436C7726A
39.87196,12.354005,1,761D024F-3C62-5326-601A-88D436C7726A
39.65416,12.197842,1,761D024F-3C62-5326-601A-88D436C7726A
1.3621937,-25.93994,2,761D024F-3C62-5326-601A-88D436C7726A
1.7480522,-26.051966,2,761D024F-3C62-5326-601A-88D436C7726A
2.4352973,-26.208271,2,761D024F-3C62-5326-601A-88D436C7726A
2.9582117,-26.275007,2,761D024F-3C62-5326-601A-88D436C7726A
21.953691,-2.8514993,1,761D024F-3C62-5326-601A-88D436C7726A
-8.916692,-2.3523226,1,761D024F-3C62-5326-601A-88D436C7726A
-8.932644,-2.2494357,0,761D024F-3C62-5326-601A-88D436C7726A
50.388256,-14.270463,0,761D024F-3C62-5326-601A-88D436C7726A
50.475067,-14.316393,0,761D024F-3C62-5326-601A-88D436C7726A
73.13359,-3.0559556,0,761D024F-3C62-5326-601A-88D436C7726A
-25.384314,47.84254,1,761D024F-3C62-5326-601A-88D436C7726A
-24.855375,48.084736,1,761D024F-3C62-5326-601A-88D436C7726A
-24.74118,48.13097,1,761D024F-3C62-5326-601A-88D436C7726A
-24.717157,47.426613,1,761D024F-3C62-5326-601A-88D436C7726A
12.342667,-25.953491,1,761D024F-3C62-5326-601A-88D436C7726A
12.5927515,-25.828285,1,761D024F-3C62-5326-601A-88D436C7726A
-43.555458,27.609537,2,48D32E40-ABB9-E3FB-185C-8A5AA0C44CBF
-43.755783,27.576187,2,48D32E40-ABB9-E3FB-185C-8A5AA0C44CBF
-43.996002,27.406853,2,48D32E40-ABB9-E3FB-185C-8A5AA0C44CBF
-46.20438,-7.393356,2,48D32E40-ABB9-E3FB-185C-8A5AA0C44CBF
12.193156,-38.197216,2,48D32E40-ABB9-E3FB-185C-8A5AA0C44CBF
-6.9360566,-29.570911,2,48D32E40-ABB9-E3FB-185C-8A5AA0C44CBF
62.81791,-9.56109,0,48D32E40-ABB9-E3FB-185C-8A5AA0C44CBF
21.412846,-37.501434,0,48D32E40-ABB9-E3FB-185C-8A5AA0C44CBF
21.226206,-37.57361,2,48D32E40-ABB9-E3FB-185C-8A5AA0C44CBF
-31.35819,-35.294014,2,48D32E40-ABB9-E3FB-185C-8A5AA0C44CBF
-31.270746,-35.268234,2,48D32E40-ABB9-E3FB-185C-8A5AA0C44CBF
-31.72544,-35.13363,2,48D32E40-ABB9-E3FB-185C-8A5AA0C44CBF
50.168446,-39.242523,0,48D32E40-ABB9-E3FB-185C-8A5AA0C44CBF
50.646305,-39.360134,0,48D32E40-ABB9-E3FB-185C-8A5AA0C44CBF
50.77349,-39.153236,0,48D32E40-ABB9-E3FB-185C-8A5AA0C44CBF
50.96513,-39.646362,0,48D32E40-ABB9-E3FB-185C-8A5AA0C44CBF
51.348648,-38.29184,0,48D32E40-ABB9-E3FB-185C-8A5AA0C44CBF
37.322502,8.353807,0,48D32E40-ABB9-E3FB-185C-8A5AA0C44CBF
59.21094,13.437694,0,48D32E40-ABB9-E3FB-185C-8A5AA0C44CBF
58.488724,15.556985,2,48D32E40-ABB9-E3FB-185C-8A5AA0C44CBF
58.396687,15.859753,2,48D32E40-ABB9-E3FB-185C-8A5AA0C44CBF
57.892105,17.763306,2,48D32E40-ABB9-E3FB-185C-8A5AA0C44CBF
4.733127,-22.388882,2,48D32E40-ABB9-E3FB-185C-8A5AA0C44CBF
4.2842317,-22.089432,2,48D32E40-ABB9-E3FB-185C-8A5AA0C44CBF
26.038866,-42.794987,2,96B78431-4166-E4D3-2AA2-15BE2512E1D6
-39.705994,9.85201,0,96B78431-4166-E4D3-2AA2-15BE2512E1D6
-2.1363256,0.40883887,0,96B78431-4166-E4D3-2AA2-15BE2512E1D6
23.756111,-1.8271384,0,96B78431-4166-E4D3-2AA2-15BE2512E1D6
24.673254,-34.174095,0,96B78431-4166-E4D3-2AA2-15BE2512E1D6
61.225872,-14.104996,0,96B78431-4166-E4D3-2AA2-15BE2512E1D6
-22.406555,1.4263872,2,96B78431-4166-E4D3-2AA2-15BE2512E1D6
58.08383,-34.348778,2,96B78431-4166-E4D3-2AA2-15BE2512E1D6
58.10697,-33.890415,2,96B78431-4166-E4D3-2AA2-15BE2512E1D6
58.133133,-32.973495,2,96B78431-4166-E4D3-2AA2-15BE2512E1D6
58.05502,-31.768345,1,96B78431-4166-E4D3-2AA2-15BE2512E1D6
57.993107,-31.624722,0,96B78431-4166-E4D3-2AA2-15BE2512E1D6
13.561161,-51.053,0,96B78431-4166-E4D3-2AA2-15BE2512E1D6
13.562039,-51.061157,0,96B78431-4166-E4D3-2AA2-15BE2512E1D6
-57.052593,-41.642635,0,96B78431-4166-E4D3-2AA2-15BE2512E1D6
-57.04579,-41.66333,0,96B78431-4166-E4D3-2AA2-15BE2512E1D6
23.125963,5.6875863,0,96B78431-4166-E4D3-2AA2-15BE2512E1D6
23.054071,5.629078,0,96B78431-4166-E4D3-2AA2-15BE2512E1D6
-3.961395,40.534718,1,96B78431-4166-E4D3-2AA2-15BE2512E1D6
-7.090966,40.814865,1,96B78431-4166-E4D3-2AA2-15BE2512E1D6
-8.024055,40.16705,2,96B78431-4166-E4D3-2AA2-15BE2512E1D6
-8.948614,39.99211,2,96B78431-4166-E4D3-2AA2-15BE2512E1D6
-8.649173,40.25312,2,96B78431-4166-E4D3-2AA2-15BE2512E1D6
-9.775085,39.585793,2,96B78431-4166-E4D3-2AA2-15BE2512E1D6
-59.02058,-15.652161,0,874A6B13-C999-C802-1138-FA198591D897
25.202637,-43.89672,0,874A6B13-C999-C802-1138-FA198591D897
51.916542,-24.075531,0,874A6B13-C999-C802-1138-FA198591D897
13.407294,-47.197857,0,874A6B13-C999-C802-1138-FA198591D897
13.262286,-47.547802,2,874A6B13-C999-C802-1138-FA198591D897
13.146861,-47.7078,2,874A6B13-C999-C802-1138-FA198591D897
-32.01338,51.765667,1,874A6B13-C999-C802-1138-FA198591D897
-31.471893,52.04902,1,874A6B13-C999-C802-1138-FA198591D897
-38.77113,46.46552,1,874A6B13-C999-C802-1138-FA198591D897
-59.201534,1.3693016,2,874A6B13-C999-C802-1138-FA198591D897
-40.22444,45.943573,2,874A6B13-C999-C802-1138-FA198591D897
-59.26513,1.7179269,2,874A6B13-C999-C802-1138-FA198591D897
-19.936968,-0.5629078,0,874A6B13-C999-C802-1138-FA198591D897
-26.080774,-0.23290265,0,874A6B13-C999-C802-1138-FA198591D897
-26.570267,0.05642743,0,874A6B13-C999-C802-1138-FA198591D897
-26.838842,0.1970754,0,874A6B13-C999-C802-1138-FA198591D897
-27.572535,1.3069834,0,874A6B13-C999-C802-1138-FA198591D897
45.470352,36.841927,0,874A6B13-C999-C802-1138-FA198591D897
-11.921453,14.266789,0,874A6B13-C999-C802-1138-FA198591D897
-11.964594,14.261575,0,874A6B13-C999-C802-1138-FA198591D897
-20.128193,-13.005786,0,874A6B13-C999-C802-1138-FA198591D897
-19.661112,-12.956853,2,874A6B13-C999-C802-1138-FA198591D897
18.454044,-18.394556,2,874A6B13-C999-C802-1138-FA198591D897
9.035562,42.027733,2,874A6B13-C999-C802-1138-FA198591D897
-46.545105,16.26903,2,F752B62E-E95F-A65D-4CB2-8B0252E15F08
-46.550762,16.854155,2,F752B62E-E95F-A65D-4CB2-8B0252E15F08
-47.06715,15.702653,2,F752B62E-E95F-A65D-4CB2-8B0252E15F08
-47.329235,15.445525,0,F752B62E-E95F-A65D-4CB2-8B0252E15F08
-44.204395,30.137627,0,F752B62E-E95F-A65D-4CB2-8B0252E15F08
-44.28723,30.057632,2,F752B62E-E95F-A65D-4CB2-8B0252E15F08
55.586624,12.151694,0,F752B62E-E95F-A65D-4CB2-8B0252E15F08
21.808935,-11.152105,2,F752B62E-E95F-A65D-4CB2-8B0252E15F08
21.653597,-11.069369,2,F752B62E-E95F-A65D-4CB2-8B0252E15F08
21.864136,-10.780402,2,F752B62E-E95F-A65D-4CB2-8B0252E15F08
-59.377155,-32.349766,2,F752B62E-E95F-A65D-4CB2-8B0252E15F08
-59.417942,-32.259697,2,F752B62E-E95F-A65D-4CB2-8B0252E15F08
77.16331,9.780817,0,F752B62E-E95F-A65D-4CB2-8B0252E15F08
65.830574,0.13641274,0,F752B62E-E95F-A65D-4CB2-8B0252E15F08
65.73166,0.020875175,0,F752B62E-E95F-A65D-4CB2-8B0252E15F08
36.354015,-28.314121,0,F752B62E-E95F-A65D-4CB2-8B0252E15F08
37.80809,-28.669077,0,F752B62E-E95F-A65D-4CB2-8B0252E15F08
37.995785,-28.695547,0,F752B62E-E95F-A65D-4CB2-8B0252E15F08
-15.931248,-7.941924,1,F752B62E-E95F-A65D-4CB2-8B0252E15F08
-14.920677,-7.7079587,0,F752B62E-E95F-A65D-4CB2-8B0252E15F08
-15.680618,-7.7971625,0,F752B62E-E95F-A65D-4CB2-8B0252E15F08
-15.507107,-8.21017,2,F752B62E-E95F-A65D-4CB2-8B0252E15F08
44.15956,1.553501,2,F752B62E-E95F-A65D-4CB2-8B0252E15F08
44.1131,2.0867076,2,F752B62E-E95F-A65D-4CB2-8B0252E15F08
-18.075813,57.827034,0,F752B62E-E95F-A65D-4CB2-8B0252E15F08
-19.918247,47.601105,2,F752B62E-E95F-A65D-4CB2-8B0252E15F08
16.852097,13.488294,2,F752B62E-E95F-A65D-4CB2-8B0252E15F08
16.9794,12.970798,2,F752B62E-E95F-A65D-4CB2-8B0252E15F08
17.16917,11.258015,0,F752B62E-E95F-A65D-4CB2-8B0252E15F08
-34.2672,-1.1590693,0,F752B62E-E95F-A65D-4CB2-8B0252E15F08
-31.45231,-37.88008,2,F752B62E-E95F-A65D-4CB2-8B0252E15F08
-31.552698,-38.064545,2,F752B62E-E95F-A65D-4CB2-8B0252E15F08
55.65349,-19.747313,2,F752B62E-E95F-A65D-4CB2-8B0252E15F08
55.509987,-19.66658,2,F752B62E-E95F-A65D-4CB2-8B0252E15F08
69.84354,-4.591465,2,F752B62E-E95F-A65D-4CB2-8B0252E15F08
69.85966,-4.835012,0,F752B62E-E95F-A65D-4CB2-8B0252E15F08
-42.283558,-9.283591,2,C5DC661F-E2D6-2B65-4765-77C8B81D2488
-43.444885,-18.974958,2,C5DC661F-E2D6-2B65-4765-77C8B81D2488
-43.343357,-19.049011,2,C5DC661F-E2D6-2B65-4765-77C8B81D2488
-48.21122,-16.949558,2,C5DC661F-E2D6-2B65-4765-77C8B81D2488
-47.67071,-17.590761,2,C5DC661F-E2D6-2B65-4765-77C8B81D2488
-48.12345,-16.97912,2,C5DC661F-E2D6-2B65-4765-77C8B81D2488
-46.53443,-3.6506317,2,C5DC661F-E2D6-2B65-4765-77C8B81D2488
-46.50115,-3.4883473,2,C5DC661F-E2D6-2B65-4765-77C8B81D2488
-46.485535,-2.8842905,2,C5DC661F-E2D6-2B65-4765-77C8B81D2488
-20.687284,-29.859066,2,C5DC661F-E2D6-2B65-4765-77C8B81D2488
-65.30902,-4.225958,2,C5DC661F-E2D6-2B65-4765-77C8B81D2488
-65.22462,-4.009199,2,C5DC661F-E2D6-2B65-4765-77C8B81D2488
38.023296,-44.391247,2,C5DC661F-E2D6-2B65-4765-77C8B81D2488
38.04999,-44.40054,2,C5DC661F-E2D6-2B65-4765-77C8B81D2488
-33.52943,6.836506,2,C5DC661F-E2D6-2B65-4765-77C8B81D2488
-34.154343,6.973464,2,C5DC661F-E2D6-2B65-4765-77C8B81D2488
-29.531588,-7.4039116,2,C5DC661F-E2D6-2B65-4765-77C8B81D2488
-29.871958,-7.5596123,2,C5DC661F-E2D6-2B65-4765-77C8B81D2488
-20.626528,0.29690453,0,C5DC661F-E2D6-2B65-4765-77C8B81D2488
-16.173616,57.060844,0,C5DC661F-E2D6-2B65-4765-77C8B81D2488
-4.0672398,61.916992,0,C5DC661F-E2D6-2B65-4765-77C8B81D2488
-2.8998806,60.990448,0,C5DC661F-E2D6-2B65-4765-77C8B81D2488
-2.4433887,60.560757,0,C5DC661F-E2D6-2B65-4765-77C8B81D2488
-2.6388702,60.730656,0,C5DC661F-E2D6-2B65-4765-77C8B81D2488
28.207392,-26.57687,0,C5DC661F-E2D6-2B65-4765-77C8B81D2488
27.727245,-26.760107,0,C5DC661F-E2D6-2B65-4765-77C8B81D2488
27.485277,-26.698341,2,C5DC661F-E2D6-2B65-4765-77C8B81D2488
14.335395,-25.923883,2,C5DC661F-E2D6-2B65-4765-77C8B81D2488
26.456009,-20.210806,0,C5DC661F-E2D6-2B65-4765-77C8B81D2488
57.475903,-7.7635703,0,C5DC661F-E2D6-2B65-4765-77C8B81D2488
18.66944,-48.011658,0,C5DC661F-E2D6-2B65-4765-77C8B81D2488
18.515322,-47.943005,0,C5DC661F-E2D6-2B65-4765-77C8B81D2488
18.410526,-47.806282,0,C5DC661F-E2D6-2B65-4765-77C8B81D2488
-57.314915,-26.530746,2,5690E95B-9747-B2B5-2EE1-16A72200D5CC
-57.21589,-27.281805,2,5690E95B-9747-B2B5-2EE1-16A72200D5CC
-56.673218,-28.686117,2,5690E95B-9747-B2B5-2EE1-16A72200D5CC
-56.1765,-29.423895,2,5690E95B-9747-B2B5-2EE1-16A72200D5CC
-56.11437,-29.510769,2,5690E95B-9747-B2B5-2EE1-16A72200D5CC
-55.540062,-30.256351,2,5690E95B-9747-B2B5-2EE1-16A72200D5CC
-53.13918,-25.734348,2,5690E95B-9747-B2B5-2EE1-16A72200D5CC
-52.675987,-26.145903,2,5690E95B-9747-B2B5-2EE1-16A72200D5CC
-52.570015,-26.205427,2,5690E95B-9747-B2B5-2EE1-16A72200D5CC
-26.140999,-16.564941,2,5690E95B-9747-B2B5-2EE1-16A72200D5CC
-26.509838,-16.516855,2,5690E95B-9747-B2B5-2EE1-16A72200D5CC
-26.485079,-16.42661,2,5690E95B-9747-B2B5-2EE1-16A72200D5CC
-46.926426,-39.116913,2,5690E95B-9747-B2B5-2EE1-16A72200D5CC
-47.179314,-38.974323,2,5690E95B-9747-B2B5-2EE1-16A72200D5CC
-48.157814,-35.481014,2,5690E95B-9747-B2B5-2EE1-16A72200D5CC
-48.157803,-35.496742,2,5690E95B-9747-B2B5-2EE1-16A72200D5CC
-33.671207,16.222942,1,5690E95B-9747-B2B5-2EE1-16A72200D5CC
-33.624752,16.355196,1,5690E95B-9747-B2B5-2EE1-16A72200D5CC
-32.299225,-25.18526,2,5690E95B-9747-B2B5-2EE1-16A72200D5CC
-32.16707,-25.229515,2,5690E95B-9747-B2B5-2EE1-16A72200D5CC
-31.19815,-25.284962,2,5690E95B-9747-B2B5-2EE1-16A72200D5CC
-30.736944,-25.382671,2,5690E95B-9747-B2B5-2EE1-16A72200D5CC
7.3414197,-44.216816,0,5690E95B-9747-B2B5-2EE1-16A72200D5CC
7.5824046,-44.197357,0,5690E95B-9747-B2B5-2EE1-16A72200D5CC
8.099782,-44.82654,0,5690E95B-9747-B2B5-2EE1-16A72200D5CC
8.319703,-44.949093,0,5690E95B-9747-B2B5-2EE1-16A72200D5CC
-17.492064,28.102009,2,5690E95B-9747-B2B5-2EE1-16A72200D5CC
-32.830452,46.78537,2,5690E95B-9747-B2B5-2EE1-16A72200D5CC
-20.482994,34.298965,2,5690E95B-9747-B2B5-2EE1-16A72200D5CC
-58.90017,-4.3404217,2,5690E95B-9747-B2B5-2EE1-16A72200D5CC
12.053561,-14.915403,0,5690E95B-9747-B2B5-2EE1-16A72200D5CC
26.896475,-51.703045,0,5690E95B-9747-B2B5-2EE1-16A72200D5CC
26.401085,-52.342155,0,5690E95B-9747-B2B5-2EE1-16A72200D5CC
26.140495,-52.714497,0,5690E95B-9747-B2B5-2EE1-16A72200D5CC
-52.415344,-45.09904,0,5690E95B-9747-B2B5-2EE1-16A72200D5CC
-52.425056,-45.138096,2,5690E95B-9747-B2B5-2EE1-16A72200D5CC
42.36891,-2.444047,0,C24A665A-6B67-FDEA-04A4-C2DA3AF79D51
42.580692,-2.5765324,0,C24A665A-6B67-FDEA-04A4-C2DA3AF79D51
31.68968,-11.222863,0,C24A665A-6B67-FDEA-04A4-C2DA3AF79D51
-6.8928533,1.0170177,0,C24A665A-6B67-FDEA-04A4-C2DA3AF79D51
-6.949719,1.0265421,0,C24A665A-6B67-FDEA-04A4-C2DA3AF79D51
-46.997364,2.1253538,2,C24A665A-6B67-FDEA-04A4-C2DA3AF79D51
-4.6401052,54.11803,1,C24A665A-6B67-FDEA-04A4-C2DA3AF79D51
-26.879406,54.85139,1,C24A665A-6B67-FDEA-04A4-C2DA3AF79D51
-26.720814,54.78096,1,C24A665A-6B67-FDEA-04A4-C2DA3AF79D51
-26.583696,54.800423,1,C24A665A-6B67-FDEA-04A4-C2DA3AF79D51
3.6103327,37.316715,1,C24A665A-6B67-FDEA-04A4-C2DA3AF79D51
-13.079955,37.86204,1,C24A665A-6B67-FDEA-04A4-C2DA3AF79D51
53.860394,21.878252,0,C24A665A-6B67-FDEA-04A4-C2DA3AF79D51
53.788628,21.959007,0,C24A665A-6B67-FDEA-04A4-C2DA3AF79D51
27.114,29.288862,0,C24A665A-6B67-FDEA-04A4-C2DA3AF79D51
11.0862665,33.824028,0,C24A665A-6B67-FDEA-04A4-C2DA3AF79D51
-10.979524,46.309853,0,C24A665A-6B67-FDEA-04A4-C2DA3AF79D51
34.437565,17.618305,1,C24A665A-6B67-FDEA-04A4-C2DA3AF79D51
18.33409,-27.45399,2,7FB7C50A-30EA-A991-0C04-7FFA681B8803
26.116941,-9.212574,2,7FB7C50A-30EA-A991-0C04-7FFA681B8803
26.137367,-9.114988,2,7FB7C50A-30EA-A991-0C04-7FFA681B8803
-5.3908553,24.902674,0,7FB7C50A-30EA-A991-0C04-7FFA681B8803
-18.08905,-34.302505,0,7FB7C50A-30EA-A991-0C04-7FFA681B8803
-18.11749,-34.759922,0,7FB7C50A-30EA-A991-0C04-7FFA681B8803
-76.21694,-18.500391,2,7FB7C50A-30EA-A991-0C04-7FFA681B8803
-40.509853,2.1776187,2,7FB7C50A-30EA-A991-0C04-7FFA681B8803
-0.38845032,-41.10689,2,7FB7C50A-30EA-A991-0C04-7FFA681B8803
-0.32236415,-41.112663,2,7FB7C50A-30EA-A991-0C04-7FFA681B8803
57.351017,-28.123205,0,7FB7C50A-30EA-A991-0C04-7FFA681B8803
76.61458,-5.7121367,0,7FB7C50A-30EA-A991-0C04-7FFA681B8803
-21.832674,56.890255,2,7FB7C50A-30EA-A991-0C04-7FFA681B8803
3.1952631,18.310913,2,7FB7C50A-30EA-A991-0C04-7FFA681B8803
27.80164,-12.330369,2,7FB7C50A-30EA-A991-0C04-7FFA681B8803
27.926647,-12.445474,2,7FB7C50A-30EA-A991-0C04-7FFA681B8803
27.663729,-12.289547,2,7FB7C50A-30EA-A991-0C04-7FFA681B8803
12.541672,22.232796,2,7FB7C50A-30EA-A991-0C04-7FFA681B8803
-37.33189,-28.285696,0,7FB7C50A-30EA-A991-0C04-7FFA681B8803
41.10551,-45.034267,2,7FB7C50A-30EA-A991-0C04-7FFA681B8803
-24.241001,30.442026,2,7FB7C50A-30EA-A991-0C04-7FFA681B8803
-23.418148,30.387386,2,7FB7C50A-30EA-A991-0C04-7FFA681B8803
-23.040556,30.31246,2,7FB7C50A-30EA-A991-0C04-7FFA681B8803
-21.442108,30.318768,2,7FB7C50A-30EA-A991-0C04-7FFA681B8803
-1.3320286,26.89481,0,7FB7C50A-30EA-A991-0C04-7FFA681B8803
-0.59331656,27.011229,0,7FB7C50A-30EA-A991-0C04-7FFA681B8803
0.32561725,27.019394,2,7FB7C50A-30EA-A991-0C04-7FFA681B8803
0.69858956,27.034115,2,7FB7C50A-30EA-A991-0C04-7FFA681B8803
1.2038256,26.90606,2,7FB7C50A-30EA-A991-0C04-7FFA681B8803
24.19453,13.59666,0,7FB7C50A-30EA-A991-0C04-7FFA681B8803
-49.831726,12.980931,2,862DB2BA-55C9-5794-03BC-FBBA3BEE80C7
-43.897923,-5.9572797,2,862DB2BA-55C9-5794-03BC-FBBA3BEE80C7
8.880201,-41.768772,2,862DB2BA-55C9-5794-03BC-FBBA3BEE80C7
35.48245,-8.080697,2,862DB2BA-55C9-5794-03BC-FBBA3BEE80C7
35.71403,-7.928724,2,862DB2BA-55C9-5794-03BC-FBBA3BEE80C7
36.722286,-8.122774,2,862DB2BA-55C9-5794-03BC-FBBA3BEE80C7
73.37767,0.25146675,0,862DB2BA-55C9-5794-03BC-FBBA3BEE80C7
73.1829,-0.12781502,0,862DB2BA-55C9-5794-03BC-FBBA3BEE80C7
73.7594,-0.781263,0,862DB2BA-55C9-5794-03BC-FBBA3BEE80C7
51.25233,8.372713,0,862DB2BA-55C9-5794-03BC-FBBA3BEE80C7
51.196182,8.969533,2,862DB2BA-55C9-5794-03BC-FBBA3BEE80C7
50.90872,9.451453,2,862DB2BA-55C9-5794-03BC-FBBA3BEE80C7
62.027374,8.335355,2,862DB2BA-55C9-5794-03BC-FBBA3BEE80C7
15.980496,-30.32617,2,862DB2BA-55C9-5794-03BC-FBBA3BEE80C7
-10.0666485,-19.609343,2,862DB2BA-55C9-5794-03BC-FBBA3BEE80C7
-10.227366,-19.28809,2,862DB2BA-55C9-5794-03BC-FBBA3BEE80C7
-49.419586,-26.39234,2,862DB2BA-55C9-5794-03BC-FBBA3BEE80C7
-49.422142,-26.385897,2,862DB2BA-55C9-5794-03BC-FBBA3BEE80C7
-49.670307,35.373215,2,862DB2BA-55C9-5794-03BC-FBBA3BEE80C7
-49.562733,35.40895,2,862DB2BA-55C9-5794-03BC-FBBA3BEE80C7
-31.301336,45.781,2,862DB2BA-55C9-5794-03BC-FBBA3BEE80C7
-30.034946,18.922031,2,862DB2BA-55C9-5794-03BC-FBBA3BEE80C7
-30.043507,18.875801,0,862DB2BA-55C9-5794-03BC-FBBA3BEE80C7
22.719501,-3.5396967,0,862DB2BA-55C9-5794-03BC-FBBA3BEE80C7
-58.821865,-8.385996,2,E49C1269-8AB7-8C8F-FC88-AA92C2F1E260
-18.588182,-29.820341,2,E49C1269-8AB7-8C8F-FC88-AA92C2F1E260
15.151634,-31.644539,0,E49C1269-8AB7-8C8F-FC88-AA92C2F1E260
59.039726,-28.948511,0,E49C1269-8AB7-8C8F-FC88-AA92C2F1E260
58.956623,-29.03672,2,E49C1269-8AB7-8C8F-FC88-AA92C2F1E260
59.72356,-28.946333,0,E49C1269-8AB7-8C8F-FC88-AA92C2F1E260
-45.332497,3.1520844,2,E49C1269-8AB7-8C8F-FC88-AA92C2F1E260
-36.40582,34.859325,2,E49C1269-8AB7-8C8F-FC88-AA92C2F1E260
1.8615816,6.502406,2,E49C1269-8AB7-8C8F-FC88-AA92C2F1E260
38.533806,-9.049047,2,E49C1269-8AB7-8C8F-FC88-AA92C2F1E260
-34.210415,19.605833,0,E49C1269-8AB7-8C8F-FC88-AA92C2F1E260
43.992657,16.061209,0,E49C1269-8AB7-8C8F-FC88-AA92C2F1E260
43.58186,15.750138,0,E49C1269-8AB7-8C8F-FC88-AA92C2F1E260
30.64715,-19.37633,0,E49C1269-8AB7-8C8F-FC88-AA92C2F1E260
30.838833,-19.958866,0,E49C1269-8AB7-8C8F-FC88-AA92C2F1E260
31.072699,-20.556383,2,E49C1269-8AB7-8C8F-FC88-AA92C2F1E260
62.965622,-16.887215,2,E49C1269-8AB7-8C8F-FC88-AA92C2F1E260
62.51246,-17.387863,2,E49C1269-8AB7-8C8F-FC88-AA92C2F1E260
75.530655,-6.27525,0,E49C1269-8AB7-8C8F-FC88-AA92C2F1E260
54.144325,-13.085178,0,E49C1269-8AB7-8C8F-FC88-AA92C2F1E260
54.38599,-13.944816,0,E49C1269-8AB7-8C8F-FC88-AA92C2F1E260
54.45642,-13.854423,2,E49C1269-8AB7-8C8F-FC88-AA92C2F1E260
23.88864,-33.128136,0,E49C1269-8AB7-8C8F-FC88-AA92C2F1E260
29.958014,-18.784235,0,E49C1269-8AB7-8C8F-FC88-AA92C2F1E260
-52.244297,20.754213,2,E49C1269-8AB7-8C8F-FC88-AA92C2F1E260
-52.164654,20.829151,2,E49C1269-8AB7-8C8F-FC88-AA92C2F1E260
-36.818428,36.90769,2,E49C1269-8AB7-8C8F-FC88-AA92C2F1E260
-36.44896,36.74433,2,E49C1269-8AB7-8C8F-FC88-AA92C2F1E260
76.16876,-9.508565,0,5E491E0A-C580-29BE-4329-ED7BFF843D0D
52.43199,-30.358513,0,5E491E0A-C580-29BE-4329-ED7BFF843D0D
52.2661,-30.438675,0,5E491E0A-C580-29BE-4329-ED7BFF843D0D
51.21261,-31.148518,0,5E491E0A-C580-29BE-4329-ED7BFF843D0D
51.11157,-31.2627,0,5E491E0A-C580-29BE-4329-ED7BFF843D0D
-25.943048,2.5492127,2,5E491E0A-C580-29BE-4329-ED7BFF843D0D
-63.841843,-25.783417,2,5E491E0A-C580-29BE-4329-ED7BFF843D0D
-64.08841,-24.414505,2,5E491E0A-C580-29BE-4329-ED7BFF843D0D
-64.09428,-23.721933,2,5E491E0A-C580-29BE-4329-ED7BFF843D0D
-63.99817,-23.362741,2,5E491E0A-C580-29BE-4329-ED7BFF843D0D
-49.89038,-11.743696,0,5E491E0A-C580-29BE-4329-ED7BFF843D0D
-18.550627,-37.078358,0,5E491E0A-C580-29BE-4329-ED7BFF843D0D
24.559662,31.027565,0,5E491E0A-C580-29BE-4329-ED7BFF843D0D
23.169138,32.29559,0,5E491E0A-C580-29BE-4329-ED7BFF843D0D
22.768398,32.431095,0,5E491E0A-C580-29BE-4329-ED7BFF843D0D
-30.326572,2.1721067,0,5E491E0A-C580-29BE-4329-ED7BFF843D0D
-37.625977,-2.024722,0,5E491E0A-C580-29BE-4329-ED7BFF843D0D
-37.77814,-2.1373782,2,5E491E0A-C580-29BE-4329-ED7BFF843D0D
-21.749681,-29.826437,2,5E491E0A-C580-29BE-4329-ED7BFF843D0D
21.459793,-34.397686,2,5E491E0A-C580-29BE-4329-ED7BFF843D0D
21.765886,-34.287334,2,5E491E0A-C580-29BE-4329-ED7BFF843D0D
19.211443,27.525602,0,5E491E0A-C580-29BE-4329-ED7BFF843D0D
19.198528,27.584944,0,5E491E0A-C580-29BE-4329-ED7BFF843D0D
-5.513284,-29.028904,0,5E491E0A-C580-29BE-4329-ED7BFF843D0D
-22.822882,8.744538,2,772BA0E9-AC30-CEA6-AA1B-18A0300702AA
-0.9895928,-20.435568,2,772BA0E9-AC30-CEA6-AA1B-18A0300702AA
-0.7376507,-20.38844,2,772BA0E9-AC30-CEA6-AA1B-18A0300702AA
0.47235483,-19.793076,2,772BA0E9-AC30-CEA6-AA1B-18A0300702AA
0.43838543,-20.24066,2,772BA0E9-AC30-CEA6-AA1B-18A0300702AA
0.6326842,-20.81347,2,772BA0E9-AC30-CEA6-AA1B-18A0300702AA
-4.985498,41.380444,1,772BA0E9-AC30-CEA6-AA1B-18A0300702AA
49.70447,-31.800585,1,772BA0E9-AC30-CEA6-AA1B-18A0300702AA
19.18143,3.8834188,1,772BA0E9-AC30-CEA6-AA1B-18A0300702AA
20.687763,19.92337,1,772BA0E9-AC30-CEA6-AA1B-18A0300702AA
20.747658,19.944622,1,772BA0E9-AC30-CEA6-AA1B-18A0300702AA
1.4221772,51.77384,1,772BA0E9-AC30-CEA6-AA1B-18A0300702AA
-27.552309,50.748135,1,772BA0E9-AC30-CEA6-AA1B-18A0300702AA
-7.6416125,38.74902,1,772BA0E9-AC30-CEA6-AA1B-18A0300702AA
-27.659477,50.82112,2,772BA0E9-AC30-CEA6-AA1B-18A0300702AA
-38.84061,44.361053,2,772BA0E9-AC30-CEA6-AA1B-18A0300702AA
-73.36688,-17.050095,2,772BA0E9-AC30-CEA6-AA1B-18A0300702AA
-73.37067,-17.049826,2,772BA0E9-AC30-CEA6-AA1B-18A0300702AA
-7.934219,58.35155,1,772BA0E9-AC30-CEA6-AA1B-18A0300702AA
-7.889383,58.108395,0,772BA0E9-AC30-CEA6-AA1B-18A0300702AA
-28.539799,49.71174,0,772BA0E9-AC30-CEA6-AA1B-18A0300702AA
-28.174068,12.029981,0,772BA0E9-AC30-CEA6-AA1B-18A0300702AA
-28.162107,12.246238,0,772BA0E9-AC30-CEA6-AA1B-18A0300702AA
-23.703966,-14.518697,0,772BA0E9-AC30-CEA6-AA1B-18A0300702AA
-24.871769,8.692732,2,9268F759-54B0-96CC-C0F5-9D8DBAA12073
-24.713804,8.5050125,2,9268F759-54B0-96CC-C0F5-9D8DBAA12073
45.268593,-18.301863,2,9268F759-54B0-96CC-C0F5-9D8DBAA12073
45.298237,-18.431578,1,9268F759-54B0-96CC-C0F5-9D8DBAA12073
44.67536,-19.067318,2,9268F759-54B0-96CC-C0F5-9D8DBAA12073
44.609253,-19.49199,2,9268F759-54B0-96CC-C0F5-9D8DBAA12073
45.44466,-19.610268,2,9268F759-54B0-96CC-C0F5-9D8DBAA12073
-27.466637,-9.348291,2,9268F759-54B0-96CC-C0F5-9D8DBAA12073
-27.443586,-9.357667,2,9268F759-54B0-96CC-C0F5-9D8DBAA12073
-27.741943,-0.3606499,2,9268F759-54B0-96CC-C0F5-9D8DBAA12073
7.110595,21.508965,2,9268F759-54B0-96CC-C0F5-9D8DBAA12073
6.963248,21.552843,2,9268F759-54B0-96CC-C0F5-9D8DBAA12073
52.633755,10.876012,0,9268F759-54B0-96CC-C0F5-9D8DBAA12073
34.462532,5.9901114,0,9268F759-54B0-96CC-C0F5-9D8DBAA12073
34.724487,5.972022,0,9268F759-54B0-96CC-C0F5-9D8DBAA12073
34.251022,7.2774754,0,9268F759-54B0-96CC-C0F5-9D8DBAA12073
34.10445,7.306461,2,9268F759-54B0-96CC-C0F5-9D8DBAA12073
33.557396,6.9636416,2,9268F759-54B0-96CC-C0F5-9D8DBAA12073
31.745434,29.212267,2,9268F759-54B0-96CC-C0F5-9D8DBAA12073
32.35295,30.379604,2,9268F759-54B0-96CC-C0F5-9D8DBAA12073
32.704388,30.842472,0,9268F759-54B0-96CC-C0F5-9D8DBAA12073
30.520144,31.185574,0,9268F759-54B0-96CC-C0F5-9D8DBAA12073
30.342625,31.132782,0,9268F759-54B0-96CC-C0F5-9D8DBAA12073
31.17591,31.930037,0,9268F759-54B0-96CC-C0F5-9D8DBAA12073
-12.920841,61.914433,1,9268F759-54B0-96CC-C0F5-9D8DBAA12073
-30.054659,53.25644,1,9268F759-54B0-96CC-C0F5-9D8DBAA12073
-30.74294,52.978893,2,9268F759-54B0-96CC-C0F5-9D8DBAA12073
-13.95076,-11.133541,2,9268F759-54B0-96CC-C0F5-9D8DBAA12073
-49.80148,-1.5275906,2,9268F759-54B0-96CC-C0F5-9D8DBAA12073
-49.790054,-1.5583386,2,9268F759-54B0-96CC-C0F5-9D8DBAA12073
14.964934,-46.471077,2,9268F759-54B0-96CC-C0F5-9D8DBAA12073
-24.663439,-34.746777,2,9268F759-54B0-96CC-C0F5-9D8DBAA12073
1.8965644,34.28033,2,9268F759-54B0-96CC-C0F5-9D8DBAA12073
31.873295,-12.016423,2,9268F759-54B0-96CC-C0F5-9D8DBAA12073
31.189154,-28.872976,2,9268F759-54B0-96CC-C0F5-9D8DBAA12073
30.929747,-28.8634,2,9268F759-54B0-96CC-C0F5-9D8DBAA12073
34.785114,14.113516,2,4690C2DC-C0B5-6C1B-880A-D31C46C8A565
54.916767,-9.623762,0,4690C2DC-C0B5-6C1B-880A-D31C46C8A565
31.543848,16.627943,0,4690C2DC-C0B5-6C1B-880A-D31C46C8A565
-21.302824,-6.971536,0,4690C2DC-C0B5-6C1B-880A-D31C46C8A565
-57.671425,-23.11739,0,4690C2DC-C0B5-6C1B-880A-D31C46C8A565
-57.651234,-23.126987,0,4690C2DC-C0B5-6C1B-880A-D31C46C8A565
-68.47507,-16.47528,2,4690C2DC-C0B5-6C1B-880A-D31C46C8A565
-50.91347,-9.042441,2,4690C2DC-C0B5-6C1B-880A-D31C46C8A565
-51.3412,-9.314263,2,4690C2DC-C0B5-6C1B-880A-D31C46C8A565
-50.435795,-8.89756,0,4690C2DC-C0B5-6C1B-880A-D31C46C8A565
54.589794,-26.093771,0,4690C2DC-C0B5-6C1B-880A-D31C46C8A565
54.72789,-25.951069,0,4690C2DC-C0B5-6C1B-880A-D31C46C8A565
57.004646,12.090104,0,4690C2DC-C0B5-6C1B-880A-D31C46C8A565
56.929543,11.571454,0,4690C2DC-C0B5-6C1B-880A-D31C46C8A565
-6.4826035,17.810715,0,4690C2DC-C0B5-6C1B-880A-D31C46C8A565
-6.269104,18.434895,0,4690C2DC-C0B5-6C1B-880A-D31C46C8A565
-6.089314,18.629917,0,4690C2DC-C0B5-6C1B-880A-D31C46C8A565
-5.503716,18.789656,0,4690C2DC-C0B5-6C1B-880A-D31C46C8A565
3.9415126,55.104267,1,0F3B2D98-51FE-5265-3746-A0763DE31C98
-11.718422,46.251854,2,0F3B2D98-51FE-5265-3746-A0763DE31C98
-3.5065217,38.078957,2,0F3B2D98-51FE-5265-3746-A0763DE31C98
-24.755861,12.932479,2,0F3B2D98-51FE-5265-3746-A0763DE31C98
-24.519184,20.373901,2,0F3B2D98-51FE-5265-3746-A0763DE31C98
-24.622671,20.575802,2,0F3B2D98-51FE-5265-3746-A0763DE31C98
74.97164,10.940107,0,0F3B2D98-51FE-5265-3746-A0763DE31C98
74.755775,10.008385,0,0F3B2D98-51FE-5265-3746-A0763DE31C98
74.72784,9.927409,0,0F3B2D98-51FE-5265-3746-A0763DE31C98
65.58813,-1.5916805,0,0F3B2D98-51FE-5265-3746-A0763DE31C98
20.81194,11.908707,0,0F3B2D98-51FE-5265-3746-A0763DE31C98
20.789618,11.940982,0,0F3B2D98-51FE-5265-3746-A0763DE31C98
-0.14478882,-3.4341052,0,0F3B2D98-51FE-5265-3746-A0763DE31C98
-42.580425,-26.805073,0,0F3B2D98-51FE-5265-3746-A0763DE31C98
-6.9028106,34.37918,0,0F3B2D98-51FE-5265-3746-A0763DE31C98
14.604242,3.7771547,0,0F3B2D98-51FE-5265-3746-A0763DE31C98
14.528901,3.7447205,0,0F3B2D98-51FE-5265-3746-A0763DE31C98
-22.274452,7.7274356,0,0F3B2D98-51FE-5265-3746-A0763DE31C98
35.222466,-3.7116797,0,0F3B2D98-51FE-5265-3746-A0763DE31C98
4.7346506,53.0054,0,0F3B2D98-51FE-5265-3746-A0763DE31C98
2.0498035,53.95008,0,0F3B2D98-51FE-5265-3746-A0763DE31C98
2.300507,54.152752,0,0F3B2D98-51FE-5265-3746-A0763DE31C98
1.4769378,54.664455,0,0F3B2D98-51FE-5265-3746-A0763DE31C98
-21.836163,55.964275,0,0F3B2D98-51FE-5265-3746-A0763DE31C98
-32.42553,48.764927,0,0F3B2D98-51FE-5265-3746-A0763DE31C98
-32.51515,48.772243,0,0F3B2D98-51FE-5265-3746-A0763DE31C98
-26.162004,22.912302,0,0F3B2D98-51FE-5265-3746-A0763DE31C98
-21.222795,54.527176,0,0F3B2D98-51FE-5265-3746-A0763DE31C98
4.6872697,44.60632,0,0F3B2D98-51FE-5265-3746-A0763DE31C98
4.5906925,44.516663,0,0F3B2D98-51FE-5265-3746-A0763DE31C98
-14.087659,46.19836,1,0F3B2D98-51FE-5265-3746-A0763DE31C98
-14.102182,46.34753,1,0F3B2D98-51FE-5265-3746-A0763DE31C98
-11.403183,37.80987,2,0F3B2D98-51FE-5265-3746-A0763DE31C98
37.261276,-23.413792,2,0F3B2D98-51FE-5265-3746-A0763DE31C98
27.581251,36.31562,2,0F3B2D98-51FE-5265-3746-A0763DE31C98
27.627554,36.279266,2,0F3B2D98-51FE-5265-3746-A0763DE31C98
70.21296,17.904734,0,0AD33010-1AC1-E9FB-2FD4-313E3DF4692D
70.23048,17.901062,0,0AD33010-1AC1-E9FB-2FD4-313E3DF4692D
37.51085,-38.542107,0,0AD33010-1AC1-E9FB-2FD4-313E3DF4692D
37.39158,-38.577187,0,0AD33010-1AC1-E9FB-2FD4-313E3DF4692D
-7.6545267,-9.7435465,0,0AD33010-1AC1-E9FB-2FD4-313E3DF4692D
-7.1866508,-9.37843,0,0AD33010-1AC1-E9FB-2FD4-313E3DF4692D
25.233194,22.336107,0,0AD33010-1AC1-E9FB-2FD4-313E3DF4692D
40.314137,22.072433,0,0AD33010-1AC1-E9FB-2FD4-313E3DF4692D
55.910404,17.207975,0,0AD33010-1AC1-E9FB-2FD4-313E3DF4692D
56.41072,16.90593,0,0AD33010-1AC1-E9FB-2FD4-313E3DF4692D
-3.1678777,63.92402,0,0AD33010-1AC1-E9FB-2FD4-313E3DF4692D
-3.3950064,63.892574,1,0AD33010-1AC1-E9FB-2FD4-313E3DF4692D
-51.344345,29.890306,2,0AD33010-1AC1-E9FB-2FD4-313E3DF4692D
-51.00005,29.936722,2,0AD33010-1AC1-E9FB-2FD4-313E3DF4692D
-50.891945,29.724428,2,0AD33010-1AC1-E9FB-2FD4-313E3DF4692D
-28.40456,-40.477352,2,0AD33010-1AC1-E9FB-2FD4-313E3DF4692D
-28.47124,-40.45127,2,0AD33010-1AC1-E9FB-2FD4-313E3DF4692D
-28.743353,-39.7435,2,0AD33010-1AC1-E9FB-2FD4-313E3DF4692D
10.7267475,-9.23755,2,0AD33010-1AC1-E9FB-2FD4-313E3DF4692D
10.904172,-9.302973,0,0AD33010-1AC1-E9FB-2FD4-313E3DF4692D
47.10709,-15.055105,0,0AD33010-1AC1-E9FB-2FD4-313E3DF4692D
67.58842,-1.5408816,0,0AD33010-1AC1-E9FB-2FD4-313E3DF4692D
1.7971294,39.61415,0,0AD33010-1AC1-E9FB-2FD4-313E3DF4692D
1.7912644,39.610542,1,0AD33010-1AC1-E9FB-2FD4-313E3DF4692D
-1.2936726,53.83222,1,0AD33010-1AC1-E9FB-2FD4-313E3DF4692D
-7.409965,51.186787,1,0AD33010-1AC1-E9FB-2FD4-313E3DF4692D
-7.229625,50.990326,1,0AD33010-1AC1-E9FB-2FD4-313E3DF4692D
-6.9374857,50.81127,1,0AD33010-1AC1-E9FB-2FD4-313E3DF4692D
20.181309,-22.011263,2,2656C6B4-988A-A958-5107-5422027AEE1D
19.854874,-21.40379,2,2656C6B4-988A-A958-5107-5422027AEE1D
19.215437,-21.217354,2,2656C6B4-988A-A958-5107-5422027AEE1D
18.671318,-21.141941,2,2656C6B4-988A-A958-5107-5422027AEE1D
49.926582,6.2813663,0,2656C6B4-988A-A958-5107-5422027AEE1D
50.578876,5.2375937,0,2656C6B4-988A-A958-5107-5422027AEE1D
17.825045,-42.521572,2,2656C6B4-988A-A958-5107-5422027AEE1D
18.623812,-43.110584,0,2656C6B4-988A-A958-5107-5422027AEE1D
18.698034,-43.169853,0,2656C6B4-988A-A958-5107-5422027AEE1D
28.76838,-40.29172,0,2656C6B4-988A-A958-5107-5422027AEE1D
50.60704,-4.235132,0,2656C6B4-988A-A958-5107-5422027AEE1D
50.67795,-4.218417,0,2656C6B4-988A-A958-5107-5422027AEE1D
20.717112,-2.806549,0,2656C6B4-988A-A958-5107-5422027AEE1D
20.27771,-2.7210934,0,2656C6B4-988A-A958-5107-5422027AEE1D
20.21199,-2.5222936,0,2656C6B4-988A-A958-5107-5422027AEE1D
21.192142,0.005472787,0,2656C6B4-988A-A958-5107-5422027AEE1D
21.197538,0.05930538,0,2656C6B4-988A-A958-5107-5422027AEE1D
21.275915,0.848094,0,2656C6B4-988A-A958-5107-5422027AEE1D
-49.314613,-39.33489,2,2656C6B4-988A-A958-5107-5422027AEE1D
-49.677605,-39.148624,2,2656C6B4-988A-A958-5107-5422027AEE1D
-44.3645,-40.5535,2,2656C6B4-988A-A958-5107-5422027AEE1D
62.397633,-16.45216,0,2656C6B4-988A-A958-5107-5422027AEE1D
74.253494,4.777535,0,2656C6B4-988A-A958-5107-5422027AEE1D
61.819984,-18.002773,0,2656C6B4-988A-A958-5107-5422027AEE1D
-43.24116,-38.767544,2,2656C6B4-988A-A958-5107-5422027AEE1D
0.76685995,42.61141,2,2656C6B4-988A-A958-5107-5422027AEE1D
-18.184324,46.802944,0,2656C6B4-988A-A958-5107-5422027AEE1D
-18.234138,46.85895,0,2656C6B4-988A-A958-5107-5422027AEE1D
0.7409834,43.09167,0,2656C6B4-988A-A958-5107-5422027AEE1D
0.86261123,43.947876,0,2656C6B4-988A-A958-5107-5422027AEE1D
30.441984,1.8971997,0,5270C847-54C3-180E-9737-1D87A639C450
30.76571,1.8253448,0,5270C847-54C3-180E-9737-1D87A639C450
14.316652,-5.309007,0,5270C847-54C3-180E-9737-1D87A639C450
13.990011,-5.428613,0,5270C847-54C3-180E-9737-1D87A639C450
13.388887,-5.7900233,0,5270C847-54C3-180E-9737-1D87A639C450
-12.678826,-25.680023,0,5270C847-54C3-180E-9737-1D87A639C450
39.851845,-39.681705,0,5270C847-54C3-180E-9737-1D87A639C450
40.169865,-40.106026,0,5270C847-54C3-180E-9737-1D87A639C450
40.50639,-40.322025,0,5270C847-54C3-180E-9737-1D87A639C450
44.118065,-40.39101,0,5270C847-54C3-180E-9737-1D87A639C450
44.17631,-40.39562,0,5270C847-54C3-180E-9737-1D87A639C450
65.72443,13.192981,0,5270C847-54C3-180E-9737-1D87A639C450
39.52409,42.642574,0,5270C847-54C3-180E-9737-1D87A639C450
39.40467,42.024082,0,5270C847-54C3-180E-9737-1D87A639C450
40.198296,42.115875,0,5270C847-54C3-180E-9737-1D87A639C450
40.1098,42.897175,0,5270C847-54C3-180E-9737-1D87A639C450
39.80728,41.612705,0,5270C847-54C3-180E-9737-1D87A639C450
40.628216,42.59195,0,5270C847-54C3-180E-9737-1D87A639C450
-32.651787,22.563337,2,3FC0B5B3-AC42-BF96-D8EE-10E81EAAACF6
-32.941986,22.391455,2,3FC0B5B3-AC42-BF96-D8EE-10E81EAAACF6
-32.900112,22.335293,2,3FC0B5B3-AC42-BF96-D8EE-10E81EAAACF6
27.112535,-30.51822,2,3FC0B5B3-AC42-BF96-D8EE-10E81EAAACF6
26.578753,-29.831488,2,3FC0B5B3-AC42-BF96-D8EE-10E81EAAACF6
26.351223,-29.585419,2,3FC0B5B3-AC42-BF96-D8EE-10E81EAAACF6
-30.687038,49.744064,1,3FC0B5B3-AC42-BF96-D8EE-10E81EAAACF6
4.11851,17.153826,1,3FC0B5B3-AC42-BF96-D8EE-10E81EAAACF6
22.251139,25.830046,1,3FC0B5B3-AC42-BF96-D8EE-10E81EAAACF6
22.415773,25.917171,1,3FC0B5B3-AC42-BF96-D8EE-10E81EAAACF6
8.883868,-7.6217413,1,3FC0B5B3-AC42-BF96-D8EE-10E81EAAACF6
51.14791,19.732042,2,3FC0B5B3-AC42-BF96-D8EE-10E81EAAACF6
50.55599,20.410862,2,3FC0B5B3-AC42-BF96-D8EE-10E81EAAACF6
50.09341,20.812735,2,3FC0B5B3-AC42-BF96-D8EE-10E81EAAACF6
49.81569,20.51978,2,3FC0B5B3-AC42-BF96-D8EE-10E81EAAACF6
49.467827,19.592834,2,3FC0B5B3-AC42-BF96-D8EE-10E81EAAACF6
-2.1705406,21.710436,2,3FC0B5B3-AC42-BF96-D8EE-10E81EAAACF6
-2.8594425,22.001686,0,3FC0B5B3-AC42-BF96-D8EE-10E81EAAACF6
6.244795,37.30806,0,3FC0B5B3-AC42-BF96-D8EE-10E81EAAACF6
6.486972,37.483814,0,3FC0B5B3-AC42-BF96-D8EE-10E81EAAACF6
-3.496032,15.724279,0,3FC0B5B3-AC42-BF96-D8EE-10E81EAAACF6
7.111562,38.45765,0,3FC0B5B3-AC42-BF96-D8EE-10E81EAAACF6
32.73928,-4.502224,2,3FC0B5B3-AC42-BF96-D8EE-10E81EAAACF6
32.625328,-4.5029526,2,3FC0B5B3-AC42-BF96-D8EE-10E81EAAACF6
-7.142879,-20.12336,1,3FC0B5B3-AC42-BF96-D8EE-10E81EAAACF6
6.0338054,23.156607,1,3FC0B5B3-AC42-BF96-D8EE-10E81EAAACF6
5.9276257,23.235266,1,3FC0B5B3-AC42-BF96-D8EE-10E81EAAACF6
0.5175828,54.720127,1,3FC0B5B3-AC42-BF96-D8EE-10E81EAAACF6
-4.555143,64.00126,1,3FC0B5B3-AC42-BF96-D8EE-10E81EAAACF6
-5.8550277,64.54066,1,3FC0B5B3-AC42-BF96-D8EE-10E81EAAACF6
60.143024,-18.013283,0,EE62AFCD-B47D-E676-0257-21F92CB612D8
68.34699,-6.240086,0,EE62AFCD-B47D-E676-0257-21F92CB612D8
68.69268,-6.6837025,0,EE62AFCD-B47D-E676-0257-21F92CB612D8
68.86498,-6.857586,0,EE62AFCD-B47D-E676-0257-21F92CB612D8
69.29405,-7.5147166,1,EE62AFCD-B47D-E676-0257-21F92CB612D8
-23.42706,56.968628,1,EE62AFCD-B47D-E676-0257-21F92CB612D8
-34.899757,33.471012,2,EE62AFCD-B47D-E676-0257-21F92CB612D8
-35.45133,33.726837,2,EE62AFCD-B47D-E676-0257-21F92CB612D8
-35.508755,33.755833,2,EE62AFCD-B47D-E676-0257-21F92CB612D8
-44.096252,11.029226,2,EE62AFCD-B47D-E676-0257-21F92CB612D8
-44.2259,10.989501,2,EE62AFCD-B47D-E676-0257-21F92CB612D8
-49.773777,4.7121577,2,EE62AFCD-B47D-E676-0257-21F92CB612D8
-71.62135,-19.560642,0,EE62AFCD-B47D-E676-0257-21F92CB612D8
-71.5036,-19.91903,0,EE62AFCD-B47D-E676-0257-21F92CB612D8
-71.0749,-20.289173,2,EE62AFCD-B47D-E676-0257-21F92CB612D8
-48.516273,27.804049,2,EE62AFCD-B47D-E676-0257-21F92CB612D8
-48.487217,27.67162,2,EE62AFCD-B47D-E676-0257-21F92CB612D8
-47.060963,25.773018,2,EE62AFCD-B47D-E676-0257-21F92CB612D8
-47.00852,25.796553,2,EE62AFCD-B47D-E676-0257-21F92CB612D8
55.610718,-24.53272,2,EE62AFCD-B47D-E676-0257-21F92CB612D8
55.601093,-24.570272,2,EE62AFCD-B47D-E676-0257-21F92CB612D8
70.52769,-13.677662,2,EE62AFCD-B47D-E676-0257-21F92CB612D8
70.58256,-13.602081,2,EE62AFCD-B47D-E676-0257-21F92CB612D8
73.624756,7.88541,0,EE62AFCD-B47D-E676-0257-21F92CB612D8
-36.47957,22.03057,2,EE62AFCD-B47D-E676-0257-21F92CB612D8
-36.529408,21.919582,2,EE62AFCD-B47D-E676-0257-21F92CB612D8
-20.62757,-2.960934,0,EE62AFCD-B47D-E676-0257-21F92CB612D8
32.529522,-17.709415,0,EE62AFCD-B47D-E676-0257-21F92CB612D8
32.611942,-17.655556,0,EE62AFCD-B47D-E676-0257-21F92CB612D8
62.475437,12.083562,0,EE62AFCD-B47D-E676-0257-21F92CB612D8
8.183079,4.419859,0,70432028-81AF-D67A-251E-D2F807AB93CF
9.138056,4.749563,0,70432028-81AF-D67A-251E-D2F807AB93CF
9.071949,4.822077,0,70432028-81AF-D67A-251E-D2F807AB93CF
9.474106,6.090803,0,70432028-81AF-D67A-251E-D2F807AB93CF
9.869913,6.6446323,0,70432028-81AF-D67A-251E-D2F807AB93CF
39.68137,-7.881967,0,70432028-81AF-D67A-251E-D2F807AB93CF
23.575819,33.726204,2,70432028-81AF-D67A-251E-D2F807AB93CF
69.447365,6.7464237,2,70432028-81AF-D67A-251E-D2F807AB93CF
60.039814,0.33976534,2,70432028-81AF-D67A-251E-D2F807AB93CF
60.005505,0.39244577,0,70432028-81AF-D67A-251E-D2F807AB93CF
61.41922,21.852348,0,70432028-81AF-D67A-251E-D2F807AB93CF
61.552128,21.748909,0,70432028-81AF-D67A-251E-D2F807AB93CF
1.94097,-16.16167,2,70432028-81AF-D67A-251E-D2F807AB93CF
1.8931856,-16.131258,2,70432028-81AF-D67A-251E-D2F807AB93CF
42.200638,-4.4318633,0,70432028-81AF-D67A-251E-D2F807AB93CF
69.32132,4.5496445,0,70432028-81AF-D67A-251E-D2F807AB93CF
69.5477,4.7348833,0,70432028-81AF-D67A-251E-D2F807AB93CF
69.31596,3.8582988,0,70432028-81AF-D67A-251E-D2F807AB93CF
-7.8800707,64.53339,1,D57F474B-B38C-E9AF-73CC-2CF16EED3827
-30.375233,14.534816,1,D57F474B-B38C-E9AF-73CC-2CF16EED3827
38.247105,14.902262,1,D57F474B-B38C-E9AF-73CC-2CF16EED3827
-0.82213354,47.259106,1,D57F474B-B38C-E9AF-73CC-2CF16EED3827
-0.7889044,47.34053,1,D57F474B-B38C-E9AF-73CC-2CF16EED3827
-3.8158088,55.28685,1,D57F474B-B38C-E9AF-73CC-2CF16EED3827
-16.948689,-52.510098,0,D57F474B-B38C-E9AF-73CC-2CF16EED3827
-16.912237,-52.546917,0,D57F474B-B38C-E9AF-73CC-2CF16EED3827
-26.415747,-44.208076,2,D57F474B-B38C-E9AF-73CC-2CF16EED3827
-26.426197,-44.32157,2,D57F474B-B38C-E9AF-73CC-2CF16EED3827
-26.274374,-45.719215,2,D57F474B-B38C-E9AF-73CC-2CF16EED3827
-26.285986,-45.942417,2,D57F474B-B38C-E9AF-73CC-2CF16EED3827
-7.6703677,56.461117,1,D57F474B-B38C-E9AF-73CC-2CF16EED3827
31.535162,19.24226,1,D57F474B-B38C-E9AF-73CC-2CF16EED3827
2.185698,22.760489,1,D57F474B-B38C-E9AF-73CC-2CF16EED3827
21.683249,33.425472,1,D57F474B-B38C-E9AF-73CC-2CF16EED3827
-4.9263005,58.116314,1,D57F474B-B38C-E9AF-73CC-2CF16EED3827
-4.896971,58.402054,1,D57F474B-B38C-E9AF-73CC-2CF16EED3827
-35.52198,-49.42236,2,B17DF37B-207D-A052-4D45-F862B3BF4C4C
-35.04822,-49.2075,2,B17DF37B-207D-A052-4D45-F862B3BF4C4C
-34.838856,-49.088608,2,B17DF37B-207D-A052-4D45-F862B3BF4C4C
-36.368816,-47.299946,0,B17DF37B-207D-A052-4D45-F862B3BF4C4C
-36.420883,-47.22118,0,B17DF37B-207D-A052-4D45-F862B3BF4C4C
-40.987625,0.82154626,2,B17DF37B-207D-A052-4D45-F862B3BF4C4C
-9.633679,-46.26832,2,B17DF37B-207D-A052-4D45-F862B3BF4C4C
-3.9584236,-2.8604198,2,B17DF37B-207D-A052-4D45-F862B3BF4C4C
-4.316783,-2.3751585,2,B17DF37B-207D-A052-4D45-F862B3BF4C4C
-4.7385244,-1.7582471,0,B17DF37B-207D-A052-4D45-F862B3BF4C4C
-4.933895,-1.5221426,0,B17DF37B-207D-A052-4D45-F862B3BF4C4C
56.531017,-29.434061,0,B17DF37B-207D-A052-4D45-F862B3BF4C4C
-4.3266706,47.338497,1,B17DF37B-207D-A052-4D45-F862B3BF4C4C
31.436178,4.4882555,1,B17DF37B-207D-A052-4D45-F862B3BF4C4C
56.3546,5.856549,1,B17DF37B-207D-A052-4D45-F862B3BF4C4C
56.40114,6.097063,1,B17DF37B-207D-A052-4D45-F862B3BF4C4C
56.400837,6.5705233,1,B17DF37B-207D-A052-4D45-F862B3BF4C4C
33.072132,4.9444313,1,B17DF37B-207D-A052-4D45-F862B3BF4C4C
5.4198155,-22.716486,2,243FE25F-E451-21F6-7EFA-F9DACC7D31CA
-50.828217,-34.561695,2,243FE25F-E451-21F6-7EFA-F9DACC7D31CA
31.134727,10.975864,1,243FE25F-E451-21F6-7EFA-F9DACC7D31CA
31.040709,11.287101,1,243FE25F-E451-21F6-7EFA-F9DACC7D31CA
30.827639,11.870354,0,243FE25F-E451-21F6-7EFA-F9DACC7D31CA
-1.7935945,46.16323,0,243FE25F-E451-21F6-7EFA-F9DACC7D31CA
-33.240993,-1.6938872,2,243FE25F-E451-21F6-7EFA-F9DACC7D31CA
-33.73815,-2.3541389,2,243FE25F-E451-21F6-7EFA-F9DACC7D31CA
-33.80443,-2.4737418,2,243FE25F-E451-21F6-7EFA-F9DACC7D31CA
-17.996086,31.909546,0,243FE25F-E451-21F6-7EFA-F9DACC7D31CA
-28.213068,-39.137333,0,243FE25F-E451-21F6-7EFA-F9DACC7D31CA
44.46671,-12.517819,0,243FE25F-E451-21F6-7EFA-F9DACC7D31CA
71.0488,12.139396,0,243FE25F-E451-21F6-7EFA-F9DACC7D31CA
59.063564,-25.48763,0,243FE25F-E451-21F6-7EFA-F9DACC7D31CA
58.935917,-25.553713,2,243FE25F-E451-21F6-7EFA-F9DACC7D31CA
-11.172546,-25.296043,2,243FE25F-E451-21F6-7EFA-F9DACC7D31CA
-43.91562,-16.144207,2,243FE25F-E451-21F6-7EFA-F9DACC7D31CA
-44.036835,-16.166527,2,243FE25F-E451-21F6-7EFA-F9DACC7D31CA
-48.79721,11.262314,2,243FE25F-E451-21F6-7EFA-F9DACC7D31CA
-28.570517,25.038105,2,243FE25F-E451-21F6-7EFA-F9DACC7D31CA
-28.988922,24.590822,2,243FE25F-E451-21F6-7EFA-F9DACC7D31CA
-54.49766,0.09756251,2,243FE25F-E451-21F6-7EFA-F9DACC7D31CA
6.7558656,-12.059417,2,243FE25F-E451-21F6-7EFA-F9DACC7D31CA
38.436657,2.9261532,0,243FE25F-E451-21F6-7EFA-F9DACC7D31CA
52.19619,-9.693386,2,A135AF2A-692D-9C83-AB54-34F977E4D14D
52.114666,-9.677661,2,A135AF2A-692D-9C83-AB54-34F977E4D14D
32.535156,17.343178,2,A135AF2A-692D-9C83-AB54-34F977E4D14D
32.519512,17.379976,2,A135AF2A-692D-9C83-AB54-34F977E4D14D
10.939757,-24.61162,2,A135AF2A-692D-9C83-AB54-34F977E4D14D
-26.985928,-34.238308,2,A135AF2A-692D-9C83-AB54-34F977E4D14D
-6.245795,-21.966637,2,A135AF2A-692D-9C83-AB54-34F977E4D14D
-59.58449,-22.141897,2,A135AF2A-692D-9C83-AB54-34F977E4D14D
-60.02252,-21.89517,2,A135AF2A-692D-9C83-AB54-34F977E4D14D
-60.012337,-21.89484,2,A135AF2A-692D-9C83-AB54-34F977E4D14D
-68.750786,-8.957142,2,A135AF2A-692D-9C83-AB54-34F977E4D14D
-68.75758,-8.949932,1,A135AF2A-692D-9C83-AB54-34F977E4D14D
27.579874,-18.783407,0,A135AF2A-692D-9C83-AB54-34F977E4D14D
10.308746,11.714018,0,A135AF2A-692D-9C83-AB54-34F977E4D14D
10.263598,11.668499,2,A135AF2A-692D-9C83-AB54-34F977E4D14D
-24.209799,-11.900993,2,A135AF2A-692D-9C83-AB54-34F977E4D14D
-22.806665,-11.690607,2,A135AF2A-692D-9C83-AB54-34F977E4D14D
-22.731888,-11.671588,2,A135AF2A-692D-9C83-AB54-34F977E4D14D
70.52523,1.5166311,2,A135AF2A-692D-9C83-AB54-34F977E4D14D
70.34893,1.3292413,2,A135AF2A-692D-9C83-AB54-34F977E4D14D
-17.692762,41.137325,2,A135AF2A-692D-9C83-AB54-34F977E4D14D
-17.737677,41.044815,2,A135AF2A-692D-9C83-AB54-34F977E4D14D
26.384373,15.057293,0,6B1E25A6-882B-DDD7-CE4F-4EC17A0906CF
-19.144014,50.115833,0,6B1E25A6-882B-DDD7-CE4F-4EC17A0906CF
-19.730507,50.424187,0,6B1E25A6-882B-DDD7-CE4F-4EC17A0906CF
-20.188574,50.66342,2,6B1E25A6-882B-DDD7-CE4F-4EC17A0906CF
-22.926226,58.241646,2,6B1E25A6-882B-DDD7-CE4F-4EC17A0906CF
-22.85642,58.280617,2,6B1E25A6-882B-DDD7-CE4F-4EC17A0906CF
40.6373,-23.213724,0,6B1E25A6-882B-DDD7-CE4F-4EC17A0906CF
4.1549644,24.734913,0,6B1E25A6-882B-DDD7-CE4F-4EC17A0906CF
3.8929408,24.43518,0,6B1E25A6-882B-DDD7-CE4F-4EC17A0906CF
-46.53535,-46.558247,0,6B1E25A6-882B-DDD7-CE4F-4EC17A0906CF
-46.331726,-46.598843,1,6B1E25A6-882B-DDD7-CE4F-4EC17A0906CF
-45.00081,-47.094326,0,6B1E25A6-882B-DDD7-CE4F-4EC17A0906CF
-44.87429,-47.072514,0,6B1E25A6-882B-DDD7-CE4F-4EC17A0906CF
26.17131,-21.128841,0,6B1E25A6-882B-DDD7-CE4F-4EC17A0906CF
27.893215,-17.956163,1,6B1E25A6-882B-DDD7-CE4F-4EC17A0906CF
-19.969637,-20.894106,2,6B1E25A6-882B-DDD7-CE4F-4EC17A0906CF
-20.318636,-21.627907,2,6B1E25A6-882B-DDD7-CE4F-4EC17A0906CF
11.266166,-26.829277,2,6B1E25A6-882B-DDD7-CE4F-4EC17A0906CF
-23.615719,-9.883329,1,6B1E25A6-882B-DDD7-CE4F-4EC17A0906CF
-31.799562,13.783329,1,6B1E25A6-882B-DDD7-CE4F-4EC17A0906CF
6.979065,52.93973,0,6B1E25A6-882B-DDD7-CE4F-4EC17A0906CF
0.53845465,59.5386,0,6B1E25A6-882B-DDD7-CE4F-4EC17A0906CF
6.653386,52.178726,0,6B1E25A6-882B-DDD7-CE4F-4EC17A0906CF
68.85867,8.347937,0,6B1E25A6-882B-DDD7-CE4F-4EC17A0906CF
18.496555,-38.34901,2,6B1E25A6-882B-DDD7-CE4F-4EC17A0906CF
18.40152,-38.419025,2,6B1E25A6-882B-DDD7-CE4F-4EC17A0906CF
-40.634716,-14.887158,2,6B1E25A6-882B-DDD7-CE4F-4EC17A0906CF
-41.211853,-13.980673,2,6B1E25A6-882B-DDD7-CE4F-4EC17A0906CF
-41.954517,-14.213682,2,6B1E25A6-882B-DDD7-CE4F-4EC17A0906CF
-42.006893,-14.254088,2,6B1E25A6-882B-DDD7-CE4F-4EC17A0906CF
0.9674046,47.256657,2,F1430977-52AF-4F46-BF92-0A8D736CBD2B
-37.219147,51.568375,2,F1430977-52AF-4F46-BF92-0A8D736CBD2B
-38.358585,50.94366,2,F1430977-52AF-4F46-BF92-0A8D736CBD2B
-38.775192,50.628624,2,F1430977-52AF-4F46-BF92-0A8D736CBD2B
-39.150837,50.38552,2,F1430977-52AF-4F46-BF92-0A8D736CBD2B
-39.03862,49.961708,2,F1430977-52AF-4F46-BF92-0A8D736CBD2B
59.274067,4.765793,0,F1430977-52AF-4F46-BF92-0A8D736CBD2B
17.881063,29.495247,0,F1430977-52AF-4F46-BF92-0A8D736CBD2B
-6.514761,30.322876,0,F1430977-52AF-4F46-BF92-0A8D736CBD2B
-6.546317,29.629242,0,F1430977-52AF-4F46-BF92-0A8D736CBD2B
-7.200598,28.918077,0,F1430977-52AF-4F46-BF92-0A8D736CBD2B
-7.8134212,30.227146,0,F1430977-52AF-4F46-BF92-0A8D736CBD2B
-8.705941,29.295216,2,F1430977-52AF-4F46-BF92-0A8D736CBD2B
-8.471946,30.002232,2,F1430977-52AF-4F46-BF92-0A8D736CBD2B
-7.649413,28.539005,2,F1430977-52AF-4F46-BF92-0A8D736CBD2B
-7.54443,29.614983,0,F1430977-52AF-4F46-BF92-0A8D736CBD2B
-8.001304,29.345875,0,F1430977-52AF-4F46-BF92-0A8D736CBD2B
-8.295502,28.67692,0,F1430977-52AF-4F46-BF92-0A8D736CBD2B
-51.218887,-41.201393,0,DBA0C8C4-AE05-772F-2E53-E6167F8ACB77
-45.446228,-41.11353,0,DBA0C8C4-AE05-772F-2E53-E6167F8ACB77
-20.098766,-19.806845,0,DBA0C8C4-AE05-772F-2E53-E6167F8ACB77
64.49024,-14.06904,0,DBA0C8C4-AE05-772F-2E53-E6167F8ACB77
71.77653,5.7458277,0,DBA0C8C4-AE05-772F-2E53-E6167F8ACB77
74.421005,14.801378,0,DBA0C8C4-AE05-772F-2E53-E6167F8ACB77
-48.439583,-6.2958875,2,BD35F47E-4F73-8664-B165-98D2BF2CDA48
-48.531563,-6.4016,2,BD35F47E-4F73-8664-B165-98D2BF2CDA48
-48.69656,-6.97239,2,BD35F47E-4F73-8664-B165-98D2BF2CDA48
-3.566725,-22.411907,2,BD35F47E-4F73-8664-B165-98D2BF2CDA48
-44.28105,-9.706873,2,BD35F47E-4F73-8664-B165-98D2BF2CDA48
-44.237823,-9.74604,2,BD35F47E-4F73-8664-B165-98D2BF2CDA48
-6.470386,-17.564602,0,BD35F47E-4F73-8664-B165-98D2BF2CDA48
-39.140022,8.305523,0,BD35F47E-4F73-8664-B165-98D2BF2CDA48
-56.83368,15.965909,0,BD35F47E-4F73-8664-B165-98D2BF2CDA48
-56.777264,16.605356,0,BD35F47E-4F73-8664-B165-98D2BF2CDA48
-56.543404,16.763046,2,BD35F47E-4F73-8664-B165-98D2BF2CDA48
-55.882805,17.537163,2,BD35F47E-4F73-8664-B165-98D2BF2CDA48
-54.820263,17.599054,2,BD35F47E-4F73-8664-B165-98D2BF2CDA48
-53.943653,17.115374,2,BD35F47E-4F73-8664-B165-98D2BF2CDA48
-7.6156583,-46.51053,2,BD35F47E-4F73-8664-B165-98D2BF2CDA48
65.41009,-10.693816,0,BD35F47E-4F73-8664-B165-98D2BF2CDA48
65.38025,-10.726972,0,BD35F47E-4F73-8664-B165-98D2BF2CDA48
76.60126,10.928599,0,BD35F47E-4F73-8664-B165-98D2BF2CDA48
38.140232,-4.0370893,0,BD35F47E-4F73-8664-B165-98D2BF2CDA48
17.834806,-30.503675,0,BD35F47E-4F73-8664-B165-98D2BF2CDA48
9.760151,0.4637942,0,BD35F47E-4F73-8664-B165-98D2BF2CDA48
10.142917,0.054700006,0,BD35F47E-4F73-8664-B165-98D2BF2CDA48
10.423381,-0.23332287,0,BD35F47E-4F73-8664-B165-98D2BF2CDA48
17.768675,-10.43453,0,BD35F47E-4F73-8664-B165-98D2BF2CDA48
-22.220234,-2.6975574,0,D8D27F81-4F83-E10A-448A-735447867552
-22.433323,-2.9795103,0,D8D27F81-4F83-E10A-448A-735447867552
-23.077341,-3.8902073,0,D8D27F81-4F83-E10A-448A-735447867552
-52.300625,-35.749504,1,D8D27F81-4F83-E10A-448A-735447867552
-53.85547,-36.373478,1,D8D27F81-4F83-E10A-448A-735447867552
-53.935837,-36.443424,2,D8D27F81-4F83-E10A-448A-735447867552
-22.20419,-18.765999,2,D8D27F81-4F83-E10A-448A-735447867552
-22.214415,-18.753113,2,D8D27F81-4F83-E10A-448A-735447867552
15.7832,-13.0388565,2,D8D27F81-4F83-E10A-448A-735447867552
60.442062,-16.111774,2,D8D27F81-4F83-E10A-448A-735447867552
-18.069082,-16.401823,1,D8D27F81-4F83-E10A-448A-735447867552
-18.129095,-16.388401,2,D8D27F81-4F83-E10A-448A-735447867552
-5.3819957,-12.225749,1,D8D27F81-4F83-E10A-448A-735447867552
-5.4494853,-12.19101,1,D8D27F81-4F83-E10A-448A-735447867552
-45.69529,-20.504694,1,D8D27F81-4F83-E10A-448A-735447867552
-45.771957,-20.431875,1,D8D27F81-4F83-E10A-448A-735447867552
-49.33635,23.465408,1,D8D27F81-4F83-E10A-448A-735447867552
-49.36699,23.460926,2,D8D27F81-4F83-E10A-448A-735447867552
50.51094,-1.0888795,0,D8D27F81-4F83-E10A-448A-735447867552
50.412712,-1.171415,0,D8D27F81-4F83-E10A-448A-735447867552
22.478588,22.268328,0,D8D27F81-4F83-E10A-448A-735447867552
22.122131,22.9812,0,D8D27F81-4F83-E10A-448A-735447867552
-0.21892302,45.11228,0,D8D27F81-4F83-E10A-448A-735447867552
-17.962309,53.666645,0,D8D27F81-4F83-E10A-448A-735447867552
-37.625885,52.37706,0,D8D27F81-4F83-E10A-448A-735447867552
0.9119403,57.79628,1,D8D27F81-4F83-E10A-448A-735447867552
-17.121244,53.054653,1,D8D27F81-4F83-E10A-448A-735447867552
-17.914919,53.11518,1,D8D27F81-4F83-E10A-448A-735447867552
-6.274455,21.310032,1,D8D27F81-4F83-E10A-448A-735447867552
42.333828,15.042752,1,D8D27F81-4F83-E10A-448A-735447867552
-8.922552,-44.192383,2,E5CCE6B3-2C6E-BE96-602F-3852C8614777
-8.905479,-44.812973,0,E5CCE6B3-2C6E-BE96-602F-3852C8614777
79.09815,1.4477825,0,E5CCE6B3-2C6E-BE96-602F-3852C8614777
78.778656,0.14754042,0,E5CCE6B3-2C6E-BE96-602F-3852C8614777
78.63857,0.56935173,0,E5CCE6B3-2C6E-BE96-602F-3852C8614777
77.87073,2.0214915,2,E5CCE6B3-2C6E-BE96-602F-3852C8614777
5.8059897,1.2985121,2,FFAB0F54-EFF2-FA1A-1892-F9D8ED3C9B31
5.8620324,1.1753486,2,FFAB0F54-EFF2-FA1A-1892-F9D8ED3C9B31
-41.287296,10.519806,0,FFAB0F54-EFF2-FA1A-1892-F9D8ED3C9B31
-17.405636,-28.144938,0,FFAB0F54-EFF2-FA1A-1892-F9D8ED3C9B31
-17.5634,-28.145521,0,FFAB0F54-EFF2-FA1A-1892-F9D8ED3C9B31
-50.535908,-23.833961,0,FFAB0F54-EFF2-FA1A-1892-F9D8ED3C9B31
-50.40148,-23.837202,0,FFAB0F54-EFF2-FA1A-1892-F9D8ED3C9B31
-17.92122,15.0357275,0,FFAB0F54-EFF2-FA1A-1892-F9D8ED3C9B31
4.3260756,-1.4043522,0,FFAB0F54-EFF2-FA1A-1892-F9D8ED3C9B31
-10.651998,-17.08172,2,FFAB0F54-EFF2-FA1A-1892-F9D8ED3C9B31
46.51032,-24.863031,2,FFAB0F54-EFF2-FA1A-1892-F9D8ED3C9B31
47.33949,-24.85984,2,FFAB0F54-EFF2-FA1A-1892-F9D8ED3C9B31
47.69691,-24.928057,2,FFAB0F54-EFF2-FA1A-1892-F9D8ED3C9B31
47.6111,-25.25248,2,FFAB0F54-EFF2-FA1A-1892-F9D8ED3C9B31
48.565468,-24.59876,0,FFAB0F54-EFF2-FA1A-1892-F9D8ED3C9B31
73.025345,5.161526,0,FFAB0F54-EFF2-FA1A-1892-F9D8ED3C9B31
66.80484,-14.834454,0,FFAB0F54-EFF2-FA1A-1892-F9D8ED3C9B31
66.71113,-14.856789,0,FFAB0F54-EFF2-FA1A-1892-F9D8ED3C9B31
-1.3663085,-48.08944,2,FFAB0F54-EFF2-FA1A-1892-F9D8ED3C9B31
0.19713786,-48.11191,0,FFAB0F54-EFF2-FA1A-1892-F9D8ED3C9B31
0.22917028,-48.12124,0,FFAB0F54-EFF2-FA1A-1892-F9D8ED3C9B31
-47.675217,19.273233,0,FFAB0F54-EFF2-FA1A-1892-F9D8ED3C9B31
-47.612377,19.220541,0,FFAB0F54-EFF2-FA1A-1892-F9D8ED3C9B31
-46.724365,13.424149,2,FFAB0F54-EFF2-FA1A-1892-F9D8ED3C9B31
-20.644405,-9.860751,0,14027B3A-0AD6-CBA3-A600-42B3C0A4D933
-20.487293,-9.827944,0,14027B3A-0AD6-CBA3-A600-42B3C0A4D933
-36.30204,24.981472,0,14027B3A-0AD6-CBA3-A600-42B3C0A4D933
-36.15568,25.273092,2,14027B3A-0AD6-CBA3-A600-42B3C0A4D933
-49.892235,2.2703211,2,14027B3A-0AD6-CBA3-A600-42B3C0A4D933
-63.03572,-4.016043,2,14027B3A-0AD6-CBA3-A600-42B3C0A4D933
50.130165,7.5466456,0,4BD5749B-A1D2-E6C9-156F-DF107802D3BE
43.340504,-0.79436976,0,4BD5749B-A1D2-E6C9-156F-DF107802D3BE
43.45442,-0.81867886,0,4BD5749B-A1D2-E6C9-156F-DF107802D3BE
50.69483,2.6528451,0,4BD5749B-A1D2-E6C9-156F-DF107802D3BE
50.178062,2.5902183,0,4BD5749B-A1D2-E6C9-156F-DF107802D3BE
50.16663,2.5416498,0,4BD5749B-A1D2-E6C9-156F-DF107802D3BE
-10.603643,-37.272297,2,4BD5749B-A1D2-E6C9-156F-DF107802D3BE
-23.829876,-31.463669,2,4BD5749B-A1D2-E6C9-156F-DF107802D3BE
-23.73916,-31.452608,2,4BD5749B-A1D2-E6C9-156F-DF107802D3BE
-23.175888,-31.334578,2,4BD5749B-A1D2-E6C9-156F-DF107802D3BE
-51.13909,-4.8195367,2,4BD5749B-A1D2-E6C9-156F-DF107802D3BE
-51.174557,-4.832965,2,4BD5749B-A1D2-E6C9-156F-DF107802D3BE
-20.357267,-17.007856,0,4BD5749B-A1D2-E6C9-156F-DF107802D3BE
14.38382,-24.450424,0,4BD5749B-A1D2-E6C9-156F-DF107802D3BE
-27.29076,-25.469238,1,4BD5749B-A1D2-E6C9-156F-DF107802D3BE
-26.930452,-25.439257,1,4BD5749B-A1D2-E6C9-156F-DF107802D3BE
-26.316614,-25.386738,1,4BD5749B-A1D2-E6C9-156F-DF107802D3BE
33.817703,18.753876,1,4BD5749B-A1D2-E6C9-156F-DF107802D3BE
44.22913,-3.0926678,0,D6D11A63-A131-4E74-041D-6E3BD8EFF8FF
4.7992735,3.1838472,2,D6D11A63-A131-4E74-041D-6E3BD8EFF8FF
4.705835,3.2441301,2,D6D11A63-A131-4E74-041D-6E3BD8EFF8FF
-15.277449,1.4420252,2,D6D11A63-A131-4E74-041D-6E3BD8EFF8FF
-15.224796,1.4063519,2,D6D11A63-A131-4E74-041D-6E3BD8EFF8FF
-41.630974,12.391987,2,D6D11A63-A131-4E74-041D-6E3BD8EFF8FF
-34.095806,-19.135117,2,D6D11A63-A131-4E74-041D-6E3BD8EFF8FF
-33.987152,-19.546213,2,D6D11A63-A131-4E74-041D-6E3BD8EFF8FF
-33.661446,-20.178226,2,D6D11A63-A131-4E74-041D-6E3BD8EFF8FF
-33.572445,-20.190187,2,D6D11A63-A131-4E74-041D-6E3BD8EFF8FF
-13.858072,-47.784027,2,D6D11A63-A131-4E74-041D-6E3BD8EFF8FF
-13.815473,-47.774006,2,D6D11A63-A131-4E74-041D-6E3BD8EFF8FF
14.392425,-22.558517,2,D6D11A63-A131-4E74-041D-6E3BD8EFF8FF
12.680215,48.418293,2,D6D11A63-A131-4E74-041D-6E3BD8EFF8FF
12.118188,48.581932,0,D6D11A63-A131-4E74-041D-6E3BD8EFF8FF
11.715872,48.703968,0,D6D11A63-A131-4E74-041D-6E3BD8EFF8FF
-16.298422,61.862736,1,64A0EC69-0CE2-8405-0FFC-D63A7F55E703
-15.879788,61.923073,1,64A0EC69-0CE2-8405-0FFC-D63A7F55E703
-15.649133,62.043854,1,64A0EC69-0CE2-8405-0FFC-D63A7F55E703
-19.990778,4.9220576,1,64A0EC69-0CE2-8405-0FFC-D63A7F55E703
-19.954967,4.930586,1,64A0EC69-0CE2-8405-0FFC-D63A7F55E703
2.9972835,42.324905,1,64A0EC69-0CE2-8405-0FFC-D63A7F55E703
-34.54016,52.863853,1,64A0EC69-0CE2-8405-0FFC-D63A7F55E703
-34.465458,52.92379,1,64A0EC69-0CE2-8405-0FFC-D63A7F55E703
-34.05492,46.008377,1,64A0EC69-0CE2-8405-0FFC-D63A7F55E703
-33.940014,46.09242,1,64A0EC69-0CE2-8405-0FFC-D63A7F55E703
-33.78095,46.262135,1,64A0EC69-0CE2-8405-0FFC-D63A7F55E703
-11.282089,58.785133,1,64A0EC69-0CE2-8405-0FFC-D63A7F55E703
-37.480816,49.130478,1,64A0EC69-0CE2-8405-0FFC-D63A7F55E703
-46.065266,35.379627,1,64A0EC69-0CE2-8405-0FFC-D63A7F55E703
-42.512306,15.40666,1,64A0EC69-0CE2-8405-0FFC-D63A7F55E703
-42.480858,15.439578,1,64A0EC69-0CE2-8405-0FFC-D63A7F55E703
-41.940266,15.934669,1,64A0EC69-0CE2-8405-0FFC-D63A7F55E703
-12.369709,52.18329,1,64A0EC69-0CE2-8405-0FFC-D63A7F55E703
53.117165,-12.390645,2,CD5833CD-93D3-318C-371A-18A32DEFC38B
16.860605,-15.91182,2,CD5833CD-93D3-318C-371A-18A32DEFC38B
16.853899,-16.091276,2,CD5833CD-93D3-318C-371A-18A32DEFC38B
16.435612,-15.896858,2,CD5833CD-93D3-318C-371A-18A32DEFC38B
-27.842007,2.1158648,2,CD5833CD-93D3-318C-371A-18A32DEFC38B
-44.009174,-39.33495,2,CD5833CD-93D3-318C-371A-18A32DEFC38B
57.308666,14.107773,0,CD5833CD-93D3-318C-371A-18A32DEFC38B
46.065388,17.108372,0,CD5833CD-93D3-318C-371A-18A32DEFC38B
21.747883,36.919575,0,CD5833CD-93D3-318C-371A-18A32DEFC38B
22.64193,37.076195,0,CD5833CD-93D3-318C-371A-18A32DEFC38B
23.372648,37.104385,0,CD5833CD-93D3-318C-371A-18A32DEFC38B
23.458447,37.11785,0,CD5833CD-93D3-318C-371A-18A32DEFC38B
-48.351196,-20.164593,2,6C9454F6-2AA4-4C25-0387-C6CA7AFC4C13
-48.342037,-20.627056,2,6C9454F6-2AA4-4C25-0387-C6CA7AFC4C13
-49.16094,-21.093813,2,6C9454F6-2AA4-4C25-0387-C6CA7AFC4C13
15.041769,-42.90764,2,6C9454F6-2AA4-4C25-0387-C6CA7AFC4C13
-3.7859013,-23.302164,2,6C9454F6-2AA4-4C25-0387-C6CA7AFC4C13
23.70476,-42.80306,2,6C9454F6-2AA4-4C25-0387-C6CA7AFC4C13
23.928251,-42.920734,2,6C9454F6-2AA4-4C25-0387-C6CA7AFC4C13
23.501123,-42.818718,2,6C9454F6-2AA4-4C25-0387-C6CA7AFC4C13
6.7252517,-52.17074,2,6C9454F6-2AA4-4C25-0387-C6CA7AFC4C13
6.673578,-52.209995,2,6C9454F6-2AA4-4C25-0387-C6CA7AFC4C13
-50.804817,13.903072,2,6C9454F6-2AA4-4C25-0387-C6CA7AFC4C13
-50.505062,13.505008,2,6C9454F6-2AA4-4C25-0387-C6CA7AFC4C13
73.331406,6.2269764,0,6C9454F6-2AA4-4C25-0387-C6CA7AFC4C13
62.26388,-3.0787077,0,6C9454F6-2AA4-4C25-0387-C6CA7AFC4C13
-39.39244,0.18098351,2,6C9454F6-2AA4-4C25-0387-C6CA7AFC4C13
-39.56594,0.0737428,2,6C9454F6-2AA4-4C25-0387-C6CA7AFC4C13
-76.00745,-22.664572,2,6C9454F6-2AA4-4C25-0387-C6CA7AFC4C13
-75.98915,-22.620184,2,6C9454F6-2AA4-4C25-0387-C6CA7AFC4C13
-54.35659,-21.994574,2,47494449-E68E-E554-8BB1-ECEEE432E269
-54.539387,-22.947323,2,47494449-E68E-E554-8BB1-ECEEE432E269
-55.04903,-22.918215,2,47494449-E68E-E554-8BB1-ECEEE432E269
-55.23987,-23.398321,2,47494449-E68E-E554-8BB1-ECEEE432E269
-54.777527,-23.848715,0,47494449-E68E-E554-8BB1-ECEEE432E269
-57.071564,-25.155334,2,47494449-E68E-E554-8BB1-ECEEE432E269
11.967539,-33.96792,2,47494449-E68E-E554-8BB1-ECEEE432E269
11.977564,-33.974678,2,47494449-E68E-E554-8BB1-ECEEE432E269
-23.0489,-15.555637,2,47494449-E68E-E554-8BB1-ECEEE432E269
8.136703,-26.853151,2,47494449-E68E-E554-8BB1-ECEEE432E269
41.79449,17.980886,2,47494449-E68E-E554-8BB1-ECEEE432E269
51.4968,17.208836,0,47494449-E68E-E554-8BB1-ECEEE432E269
-36.405354,-35.458126,2,47494449-E68E-E554-8BB1-ECEEE432E269
-36.53599,-35.48917,2,47494449-E68E-E554-8BB1-ECEEE432E269
-38.571117,-35.966335,2,47494449-E68E-E554-8BB1-ECEEE432E269
-38.475677,-36.04459,2,47494449-E68E-E554-8BB1-ECEEE432E269
68.35969,-10.812519,0,47494449-E68E-E554-8BB1-ECEEE432E269
68.40466,-10.811633,0,47494449-E68E-E554-8BB1-ECEEE432E269
-37.81682,-21.845505,2,47494449-E68E-E554-8BB1-ECEEE432E269
-37.838085,-21.843601,2,47494449-E68E-E554-8BB1-ECEEE432E269
37.101738,3.7929466,2,47494449-E68E-E554-8BB1-ECEEE432E269
8.63534,18.82097,2,47494449-E68E-E554-8BB1-ECEEE432E269
8.610444,18.82233,2,47494449-E68E-E554-8BB1-ECEEE432E269
-19.277115,-20.81509,2,47494449-E68E-E554-8BB1-ECEEE432E269
-8.483129,14.93728,2,47494449-E68E-E554-8BB1-ECEEE432E269
-8.475609,14.975898,0,47494449-E68E-E554-8BB1-ECEEE432E269
-8.510323,15.717842,0,47494449-E68E-E554-8BB1-ECEEE432E269
34.054665,-20.494526,0,47494449-E68E-E554-8BB1-ECEEE432E269
17.797216,4.999738,0,47494449-E68E-E554-8BB1-ECEEE432E269
36.952324,0.6342854,0,47494449-E68E-E554-8BB1-ECEEE432E269
36.983986,0.6244044,0,47494449-E68E-E554-8BB1-ECEEE432E269
-25.927748,-40.004215,0,47494449-E68E-E554-8BB1-ECEEE432E269
-62.41635,-27.89568,0,47494449-E68E-E554-8BB1-ECEEE432E269
-62.39319,-28.045906,2,47494449-E68E-E554-8BB1-ECEEE432E269
-62.458687,-28.57628,2,47494449-E68E-E554-8BB1-ECEEE432E269
-62.03139,-29.558401,2,47494449-E68E-E554-8BB1-ECEEE432E269
-14.405678,31.136108,2,8407F9C4-C295-8C95-C281-584AF2118F84
-1.5284545,14.210871,2,8407F9C4-C295-8C95-C281-584AF2118F84
27.754133,16.583681,2,8407F9C4-C295-8C95-C281-584AF2118F84
27.865244,16.655254,2,8407F9C4-C295-8C95-C281-584AF2118F84
-0.17370094,13.758707,2,8407F9C4-C295-8C95-C281-584AF2118F84
-0.27477902,13.803419,2,8407F9C4-C295-8C95-C281-584AF2118F84
12.431116,18.437674,2,8407F9C4-C295-8C95-C281-584AF2118F84
45.11296,2.6603227,2,8407F9C4-C295-8C95-C281-584AF2118F84
46.46873,1.7479858,2,8407F9C4-C295-8C95-C281-584AF2118F84
64.87031,12.06876,2,8407F9C4-C295-8C95-C281-584AF2118F84
64.91752,12.135264,2,8407F9C4-C295-8C95-C281-584AF2118F84
63.871082,11.667997,0,8407F9C4-C295-8C95-C281-584AF2118F84
-30.78183,6.751622,2,8407F9C4-C295-8C95-C281-584AF2118F84
-30.91246,6.830421,2,8407F9C4-C295-8C95-C281-584AF2118F84
-30.82167,7.780939,2,8407F9C4-C295-8C95-C281-584AF2118F84
-31.171835,8.12802,2,8407F9C4-C295-8C95-C281-584AF2118F84
-39.79319,-11.035039,2,8407F9C4-C295-8C95-C281-584AF2118F84
-39.79052,-11.181563,2,8407F9C4-C295-8C95-C281-584AF2118F84
-32.107544,-41.557594,2,8407F9C4-C295-8C95-C281-584AF2118F84
31.033815,-23.785671,2,8407F9C4-C295-8C95-C281-584AF2118F84
30.325142,-23.22077,2,8407F9C4-C295-8C95-C281-584AF2118F84
30.381445,-23.190481,2,8407F9C4-C295-8C95-C281-584AF2118F84
53.198765,17.512102,2,8407F9C4-C295-8C95-C281-584AF2118F84
20.484282,23.086542,0,8407F9C4-C295-8C95-C281-584AF2118F84
74.55806,-1.3382708,0,9E6EBCE2-44FB-8F07-4135-E91140B34096
73.561584,-5.9403424,0,9E6EBCE2-44FB-8F07-4135-E91140B34096
73.16922,-5.7012053,2,9E6EBCE2-44FB-8F07-4135-E91140B34096
72.589874,-5.081775,2,9E6EBCE2-44FB-8F07-4135-E91140B34096
42.782803,-10.234267,2,9E6EBCE2-44FB-8F07-4135-E91140B34096
-31.328062,-39.75046,2,9E6EBCE2-44FB-8F07-4135-E91140B34096
-4.565267,-39.19567,1,9E6EBCE2-44FB-8F07-4135-E91140B34096
-48.42783,-40.632317,1,9E6EBCE2-44FB-8F07-4135-E91140B34096
-44.727547,-41.892864,0,9E6EBCE2-44FB-8F07-4135-E91140B34096
-29.379074,-17.584742,0,9E6EBCE2-44FB-8F07-4135-E91140B34096
-29.468384,-17.86656,0,9E6EBCE2-44FB-8F07-4135-E91140B34096
-29.486385,-18.006304,0,9E6EBCE2-44FB-8F07-4135-E91140B34096
2.3622148,1.474339,0,9E6EBCE2-44FB-8F07-4135-E91140B34096
2.3403409,1.6489751,0,9E6EBCE2-44FB-8F07-4135-E91140B34096
-16.027039,28.560059,0,9E6EBCE2-44FB-8F07-4135-E91140B34096
-16.21937,28.873857,1,9E6EBCE2-44FB-8F07-4135-E91140B34096
-39.230347,38.32178,0,9E6EBCE2-44FB-8F07-4135-E91140B34096
-39.28549,38.448708,0,9E6EBCE2-44FB-8F07-4135-E91140B34096
-15.905322,31.37662,0,9E6EBCE2-44FB-8F07-4135-E91140B34096
11.263969,-16.048002,0,9E6EBCE2-44FB-8F07-4135-E91140B34096
11.09234,-16.179058,2,9E6EBCE2-44FB-8F07-4135-E91140B34096
9.343811,-30.69306,2,9E6EBCE2-44FB-8F07-4135-E91140B34096
9.132481,-30.648813,0,9E6EBCE2-44FB-8F07-4135-E91140B34096
9.220622,-30.825848,0,9E6EBCE2-44FB-8F07-4135-E91140B34096
-55.469677,-4.90092,2,BAAA2876-D490-2AB5-0A98-6EB94C7FC331
-39.550484,-13.220658,2,BAAA2876-D490-2AB5-0A98-6EB94C7FC331
-17.64771,12.084981,2,BAAA2876-D490-2AB5-0A98-6EB94C7FC331
-54.442486,-11.376758,2,BAAA2876-D490-2AB5-0A98-6EB94C7FC331
-54.614132,-11.587331,1,BAAA2876-D490-2AB5-0A98-6EB94C7FC331
-54.188007,-11.048782,1,BAAA2876-D490-2AB5-0A98-6EB94C7FC331
-7.6331897,5.97522,2,BAAA2876-D490-2AB5-0A98-6EB94C7FC331
-7.782656,5.3662133,2,BAAA2876-D490-2AB5-0A98-6EB94C7FC331
-8.173446,4.869452,2,BAAA2876-D490-2AB5-0A98-6EB94C7FC331
-8.466892,4.366622,2,BAAA2876-D490-2AB5-0A98-6EB94C7FC331
-10.328736,-31.637846,2,BAAA2876-D490-2AB5-0A98-6EB94C7FC331
-40.080673,-34.802433,2,BAAA2876-D490-2AB5-0A98-6EB94C7FC331
-52.91912,-22.363647,2,FC50071B-D2BA-C98B-AC6E-7339010D56DA
-61.495926,-24.90096,2,FC50071B-D2BA-C98B-AC6E-7339010D56DA
-33.28102,2.7205384,2,FC50071B-D2BA-C98B-AC6E-7339010D56DA
-10.029625,-5.662601,2,FC50071B-D2BA-C98B-AC6E-7339010D56DA
-9.963884,-5.6271453,2,FC50071B-D2BA-C98B-AC6E-7339010D56DA
-3.879657,-26.241985,2,FC50071B-D2BA-C98B-AC6E-7339010D56DA
-24.62578,6.1319,2,FC50071B-D2BA-C98B-AC6E-7339010D56DA
-4.4450846,-18.24206,1,FC50071B-D2BA-C98B-AC6E-7339010D56DA
-14.416866,-37.318596,2,FC50071B-D2BA-C98B-AC6E-7339010D56DA
-38.46142,-32.180435,2,FC50071B-D2BA-C98B-AC6E-7339010D56DA
-15.066942,-36.383892,2,FC50071B-D2BA-C98B-AC6E-7339010D56DA
-39.37141,6.1038866,2,FC50071B-D2BA-C98B-AC6E-7339010D56DA
-29.59664,-22.029472,2,FC50071B-D2BA-C98B-AC6E-7339010D56DA
-29.52698,-21.974556,2,FC50071B-D2BA-C98B-AC6E-7339010D56DA
8.592197,-21.792671,2,FC50071B-D2BA-C98B-AC6E-7339010D56DA
8.246168,-21.308226,2,FC50071B-D2BA-C98B-AC6E-7339010D56DA
8.236365,-21.172956,2,FC50071B-D2BA-C98B-AC6E-7339010D56DA
42.523796,-8.091129,2,FC50071B-D2BA-C98B-AC6E-7339010D56DA
-43.184654,0.2924298,2,8DD09016-F898-915E-4A5C-727F57619D73
-43.14767,-1.3891575,2,8DD09016-F898-915E-4A5C-727F57619D73
-43.80374,-0.5851738,0,8DD09016-F898-915E-4A5C-727F57619D73
-43.892803,-1.4340726,0,8DD09016-F898-915E-4A5C-727F57619D73
-43.89079,-0.82748383,0,8DD09016-F898-915E-4A5C-727F57619D73
-42.029625,-3.863315,2,8DD09016-F898-915E-4A5C-727F57619D73
-46.265434,-14.901222,2,8DD09016-F898-915E-4A5C-727F57619D73
14.934215,-44.514847,2,8DD09016-F898-915E-4A5C-727F57619D73
-45.557125,-13.766392,2,8DD09016-F898-915E-4A5C-727F57619D73
-45.909885,-14.156107,2,8DD09016-F898-915E-4A5C-727F57619D73
-23.714844,-28.443819,2,8DD09016-F898-915E-4A5C-727F57619D73
14.975957,-44.869686,2,8DD09016-F898-915E-4A5C-727F57619D73
-47.233276,-31.441782,0,8DD09016-F898-915E-4A5C-727F57619D73
-47.78019,-31.055042,0,8DD09016-F898-915E-4A5C-727F57619D73
-47.93524,-30.887323,0,8DD09016-F898-915E-4A5C-727F57619D73
13.807862,-29.759342,0,8DD09016-F898-915E-4A5C-727F57619D73
47.280525,-10.734354,2,8DD09016-F898-915E-4A5C-727F57619D73
34.46671,-22.964148,2,8DD09016-F898-915E-4A5C-727F57619D73
0.15924352,4.5993214,0,8DD09016-F898-915E-4A5C-727F57619D73
0.7098788,4.7677836,0,8DD09016-F898-915E-4A5C-727F57619D73
1.0555921,4.9127,0,8DD09016-F898-915E-4A5C-727F57619D73
-0.074833415,7.3232555,0,8DD09016-F898-915E-4A5C-727F57619D73
62.66932,9.814803,0,8DD09016-F898-915E-4A5C-727F57619D73
69.3552,13.669727,0,8DD09016-F898-915E-4A5C-727F57619D73
33.27398,-25.929104,0,8DD09016-F898-915E-4A5C-727F57619D73
33.24472,-25.96175,0,8DD09016-F898-915E-4A5C-727F57619D73
-25.387482,-12.478439,0,8DD09016-F898-915E-4A5C-727F57619D73
-25.406582,-12.494091,0,8DD09016-F898-915E-4A5C-727F57619D73
11.159714,-24.963964,0,8DD09016-F898-915E-4A5C-727F57619D73
31.882687,-22.18436,0,8DD09016-F898-915E-4A5C-727F57619D73
-51.21178,-38.514168,2,BC7EE230-0AF9-3AC5-24E5-8EC4B0B432A8
-23.757385,-23.841799,2,BC7EE230-0AF9-3AC5-24E5-8EC4B0B432A8
-23.812807,-23.842777,0,BC7EE230-0AF9-3AC5-24E5-8EC4B0B432A8
-22.826218,-24.154749,0,BC7EE230-0AF9-3AC5-24E5-8EC4B0B432A8
-23.214975,-24.36158,0,BC7EE230-0AF9-3AC5-24E5-8EC4B0B432A8
-11.389814,-0.12689532,0,BC7EE230-0AF9-3AC5-24E5-8EC4B0B432A8
-45.81897,-44.399082,0,BC7EE230-0AF9-3AC5-24E5-8EC4B0B432A8
-45.791317,-44.226326,0,BC7EE230-0AF9-3AC5-24E5-8EC4B0B432A8
-45.68998,-43.659912,2,BC7EE230-0AF9-3AC5-24E5-8EC4B0B432A8
-44.848446,-40.435623,2,BC7EE230-0AF9-3AC5-24E5-8EC4B0B432A8
26.88939,-19.873621,2,BC7EE230-0AF9-3AC5-24E5-8EC4B0B432A8
71.2608,7.146253,2,BC7EE230-0AF9-3AC5-24E5-8EC4B0B432A8
-20.680418,-39.265816,2,BC7EE230-0AF9-3AC5-24E5-8EC4B0B432A8
-12.778735,7.4736238,2,BC7EE230-0AF9-3AC5-24E5-8EC4B0B432A8
7.9523997,25.562815,2,BC7EE230-0AF9-3AC5-24E5-8EC4B0B432A8
-31.09866,-1.1067296,2,BC7EE230-0AF9-3AC5-24E5-8EC4B0B432A8
-63.60588,-31.928207,0,BC7EE230-0AF9-3AC5-24E5-8EC4B0B432A8
-64.06179,-30.867628,0,BC7EE230-0AF9-3AC5-24E5-8EC4B0B432A8
-2.6751208,-35.646328,2,BC7EE230-0AF9-3AC5-24E5-8EC4B0B432A8
-2.629994,-35.58381,2,BC7EE230-0AF9-3AC5-24E5-8EC4B0B432A8
21.015448,29.403078,2,BC7EE230-0AF9-3AC5-24E5-8EC4B0B432A8
21.04537,29.470741,2,BC7EE230-0AF9-3AC5-24E5-8EC4B0B432A8
17.17975,-1.3554702,2,BC7EE230-0AF9-3AC5-24E5-8EC4B0B432A8
17.326895,-1.8157073,2,BC7EE230-0AF9-3AC5-24E5-8EC4B0B432A8
-15.544255,-30.91978,2,BC7EE230-0AF9-3AC5-24E5-8EC4B0B432A8
-15.513092,-30.776365,2,BC7EE230-0AF9-3AC5-24E5-8EC4B0B432A8
-17.229101,19.48632,0,BC7EE230-0AF9-3AC5-24E5-8EC4B0B432A8
-16.995876,19.786184,0,BC7EE230-0AF9-3AC5-24E5-8EC4B0B432A8
38.879528,-16.149897,0,BC7EE230-0AF9-3AC5-24E5-8EC4B0B432A8
-5.186722,39.362244,0,BC7EE230-0AF9-3AC5-24E5-8EC4B0B432A8
-5.8035016,39.32512,0,BC7EE230-0AF9-3AC5-24E5-8EC4B0B432A8
2.7115397,16.789883,0,BC7EE230-0AF9-3AC5-24E5-8EC4B0B432A8
25.701973,20.89697,0,BC7EE230-0AF9-3AC5-24E5-8EC4B0B432A8
48.91705,13.9278555,0,BC7EE230-0AF9-3AC5-24E5-8EC4B0B432A8
24.827772,19.417763,0,BC7EE230-0AF9-3AC5-24E5-8EC4B0B432A8
24.795494,19.474264,0,BC7EE230-0AF9-3AC5-24E5-8EC4B0B432A8
-47.42144,-21.390799,2,AB9921A8-F143-E101-6A47-E66882F571B2
-44.742714,21.588224,2,AB9921A8-F143-E101-6A47-E66882F571B2
-39.26585,27.827927,2,AB9921A8-F143-E101-6A47-E66882F571B2
-39.2606,28.67448,2,AB9921A8-F143-E101-6A47-E66882F571B2
-39.171288,28.274448,2,AB9921A8-F143-E101-6A47-E66882F571B2
-39.53673,29.43322,2,AB9921A8-F143-E101-6A47-E66882F571B2
-4.546828,56.027298,0,AB9921A8-F143-E101-6A47-E66882F571B2
-4.75645,55.986954,0,AB9921A8-F143-E101-6A47-E66882F571B2
-10.269352,55.63996,0,AB9921A8-F143-E101-6A47-E66882F571B2
-10.199382,55.572662,0,AB9921A8-F143-E101-6A47-E66882F571B2
36.10497,17.44382,0,AB9921A8-F143-E101-6A47-E66882F571B2
34.133945,16.665007,0,AB9921A8-F143-E101-6A47-E66882F571B2
-37.16534,43.447403,1,AB9921A8-F143-E101-6A47-E66882F571B2
-49.473297,30.599329,2,AB9921A8-F143-E101-6A47-E66882F571B2
-12.822996,-3.7259498,2,AB9921A8-F143-E101-6A47-E66882F571B2
-13.722747,-3.8473525,2,AB9921A8-F143-E101-6A47-E66882F571B2
-13.800997,-3.8289,2,AB9921A8-F143-E101-6A47-E66882F571B2
34.50535,-11.940273,2,AB9921A8-F143-E101-6A47-E66882F571B2
-33.266598,10.798829,2,AB9921A8-F143-E101-6A47-E66882F571B2
-33.232258,10.741841,2,AB9921A8-F143-E101-6A47-E66882F571B2
-39.383095,-4.4188104,2,AB9921A8-F143-E101-6A47-E66882F571B2
-70.27823,-26.640455,2,AB9921A8-F143-E101-6A47-E66882F571B2
-70.27846,-26.613583,1,AB9921A8-F143-E101-6A47-E66882F571B2
-71.06362,-25.73407,2,AB9921A8-F143-E101-6A47-E66882F571B2
-43.056286,20.274366,2,0D759376-3F10-1BEB-7205-E91B8BF17984
-43.72171,19.766071,2,0D759376-3F10-1BEB-7205-E91B8BF17984
-43.911137,19.431526,2,0D759376-3F10-1BEB-7205-E91B8BF17984
10.023642,-49.71378,2,0D759376-3F10-1BEB-7205-E91B8BF17984
32.46936,-42.37977,2,0D759376-3F10-1BEB-7205-E91B8BF17984
32.390575,-42.452625,2,0D759376-3F10-1BEB-7205-E91B8BF17984
46.751522,-41.463547,2,0D759376-3F10-1BEB-7205-E91B8BF17984
47.070023,-41.043434,0,0D759376-3F10-1BEB-7205-E91B8BF17984
47.285244,-40.722733,0,0D759376-3F10-1BEB-7205-E91B8BF17984
-27.027275,-41.48977,2,0D759376-3F10-1BEB-7205-E91B8BF17984
31.960892,7.9370613,2,0D759376-3F10-1BEB-7205-E91B8BF17984
-57.210415,-17.010159,2,0D759376-3F10-1BEB-7205-E91B8BF17984
-36.500015,44.802727,2,0D759376-3F10-1BEB-7205-E91B8BF17984
-15.652717,47.759865,2,0D759376-3F10-1BEB-7205-E91B8BF17984
5.038831,40.213257,2,0D759376-3F10-1BEB-7205-E91B8BF17984
5.437431,40.69876,2,0D759376-3F10-1BEB-7205-E91B8BF17984
6.2526736,41.038994,2,0D759376-3F10-1BEB-7205-E91B8BF17984
6.7126737,41.518974,2,0D759376-3F10-1BEB-7205-E91B8BF17984
30.059391,-1.0835731,0,62A1F053-1EA8-7433-090E-89D450314F41
29.86697,-1.2369918,0,62A1F053-1EA8-7433-090E-89D450314F41
29.274076,-1.8707379,0,62A1F053-1EA8-7433-090E-89D450314F41
-35.42976,-4.655913,0,62A1F053-1EA8-7433-090E-89D450314F41
-10.896686,62.644474,1,62A1F053-1EA8-7433-090E-89D450314F41
-11.250655,62.657887,1,62A1F053-1EA8-7433-090E-89D450314F41
-50.628624,8.526878,2,62A1F053-1EA8-7433-090E-89D450314F41
-50.628185,8.549424,0,62A1F053-1EA8-7433-090E-89D450314F41
29.551281,-44.402893,0,62A1F053-1EA8-7433-090E-89D450314F41
30.003098,-44.02444,0,62A1F053-1EA8-7433-090E-89D450314F41
30.526897,-43.596462,0,62A1F053-1EA8-7433-090E-89D450314F41
30.653374,-43.37204,0,62A1F053-1EA8-7433-090E-89D450314F41
-29.680616,48.89233,2,62A1F053-1EA8-7433-090E-89D450314F41
-29.806967,48.660206,2,62A1F053-1EA8-7433-090E-89D450314F41
-30.307295,47.56536,2,62A1F053-1EA8-7433-090E-89D450314F41
-12.996772,35.870968,2,62A1F053-1EA8-7433-090E-89D450314F41
-32.29617,28.778162,2,62A1F053-1EA8-7433-090E-89D450314F41
-32.25076,28.64184,2,62A1F053-1EA8-7433-090E-89D450314F41
60.27563,-12.019185,0,62A1F053-1EA8-7433-090E-89D450314F41
7.127431,15.887346,2,62A1F053-1EA8-7433-090E-89D450314F41
-10.303792,-46.663853,2,62A1F053-1EA8-7433-090E-89D450314F41
60.461945,-21.743486,2,62A1F053-1EA8-7433-090E-89D450314F41
60.090153,-22.040361,2,62A1F053-1EA8-7433-090E-89D450314F41
59.39195,-22.25556,2,62A1F053-1EA8-7433-090E-89D450314F41
26.60651,-4.2784786,2,62A1F053-1EA8-7433-090E-89D450314F41
26.735033,-4.3446546,2,62A1F053-1EA8-7433-090E-89D450314F41
25.734312,-4.0123563,0,62A1F053-1EA8-7433-090E-89D450314F41
-24.815203,23.900045,0,62A1F053-1EA8-7433-090E-89D450314F41
-25.424805,23.563662,0,62A1F053-1EA8-7433-090E-89D450314F41
5.81488,27.614067,0,62A1F053-1EA8-7433-090E-89D450314F41
-40.19928,42.33008,2,6E42D32E-048C-D829-197E-7950E78F58CB
-40.220245,42.00577,1,6E42D32E-048C-D829-197E-7950E78F58CB
-40.33521,42.99176,1,6E42D32E-048C-D829-197E-7950E78F58CB
-15.058609,57.15859,0,6E42D32E-048C-D829-197E-7950E78F58CB
-3.7351077,-8.320986,0,6E42D32E-048C-D829-197E-7950E78F58CB
-3.6836586,-8.305793,0,6E42D32E-048C-D829-197E-7950E78F58CB
72.53465,10.506772,0,6E42D32E-048C-D829-197E-7950E78F58CB
72.16998,9.434107,0,6E42D32E-048C-D829-197E-7950E78F58CB
72.04371,9.26076,0,6E42D32E-048C-D829-197E-7950E78F58CB
72.17784,9.987812,0,6E42D32E-048C-D829-197E-7950E78F58CB
65.101074,-3.0597055,1,6E42D32E-048C-D829-197E-7950E78F58CB
5.7629995,33.53262,1,6E42D32E-048C-D829-197E-7950E78F58CB
62.34956,-26.242645,0,6E42D32E-048C-D829-197E-7950E78F58CB
62.322773,-26.346745,0,6E42D32E-048C-D829-197E-7950E78F58CB
62.37325,-25.34609,0,6E42D32E-048C-D829-197E-7950E78F58CB
62.286934,-24.82721,0,6E42D32E-048C-D829-197E-7950E78F58CB
29.0639,-5.0810404,0,6E42D32E-048C-D829-197E-7950E78F58CB
2.3875,32.036846,0,6E42D32E-048C-D829-197E-7950E78F58CB
-1.6970445,41.8372,1,6E42D32E-048C-D829-197E-7950E78F58CB
7.895299,45.95006,1,6E42D32E-048C-D829-197E-7950E78F58CB
24.278944,24.970715,1,6E42D32E-048C-D829-197E-7950E78F58CB
24.40254,24.491814,1,6E42D32E-048C-D829-197E-7950E78F58CB
-14.741899,-17.696646,1,6E42D32E-048C-D829-197E-7950E78F58CB
-14.4317465,-17.55387,1,6E42D32E-048C-D829-197E-7950E78F58CB
-13.988077,-17.642496,1,6E42D32E-048C-D829-197E-7950E78F58CB
-14.210871,-17.347567,1,6E42D32E-048C-D829-197E-7950E78F58CB
-26.708038,-4.208347,1,6E42D32E-048C-D829-197E-7950E78F58CB
-0.22334154,52.879257,1,6E42D32E-048C-D829-197E-7950E78F58CB
-20.900576,47.79918,1,6E42D32E-048C-D829-197E-7950E78F58CB
0.49955884,52.638355,1,6E42D32E-048C-D829-197E-7950E78F58CB
-52.682816,-23.78927,2,3C54E0F5-9C12-3137-9EC1-39645770F53A
-52.93742,-24.095467,2,3C54E0F5-9C12-3137-9EC1-39645770F53A
64.46999,-22.365131,2,3C54E0F5-9C12-3137-9EC1-39645770F53A
64.02837,-21.600811,2,3C54E0F5-9C12-3137-9EC1-39645770F53A
63.896576,-21.234217,0,3C54E0F5-9C12-3137-9EC1-39645770F53A
63.59823,-21.295818,0,3C54E0F5-9C12-3137-9EC1-39645770F53A
-44.06343,41.91008,1,3C54E0F5-9C12-3137-9EC1-39645770F53A
-44.278202,41.806072,1,3C54E0F5-9C12-3137-9EC1-39645770F53A
-38.542027,17.573471,1,3C54E0F5-9C12-3137-9EC1-39645770F53A
-38.51379,17.588774,1,3C54E0F5-9C12-3137-9EC1-39645770F53A
-19.689,61.508907,1,3C54E0F5-9C12-3137-9EC1-39645770F53A
-19.663591,61.490215,1,3C54E0F5-9C12-3137-9EC1-39645770F53A
38.239685,-12.729148,0,3C54E0F5-9C12-3137-9EC1-39645770F53A
38.30601,-13.134161,0,3C54E0F5-9C12-3137-9EC1-39645770F53A
38.226303,-13.766512,0,3C54E0F5-9C12-3137-9EC1-39645770F53A
1.1134614,30.959759,0,3C54E0F5-9C12-3137-9EC1-39645770F53A
1.0082374,30.818348,1,3C54E0F5-9C12-3137-9EC1-39645770F53A
-7.069267,62.771336,1,3C54E0F5-9C12-3137-9EC1-39645770F53A
-27.59751,-13.602969,2,3C54E0F5-9C12-3137-9EC1-39645770F53A
-28.734854,-13.314184,2,3C54E0F5-9C12-3137-9EC1-39645770F53A
-29.30941,-12.929692,2,3C54E0F5-9C12-3137-9EC1-39645770F53A
-29.413319,-12.860643,1,3C54E0F5-9C12-3137-9EC1-39645770F53A
-28.892754,52.546913,1,3C54E0F5-9C12-3137-9EC1-39645770F53A
-12.563239,61.61973,1,3C54E0F5-9C12-3137-9EC1-39645770F53A
-29.5496,-30.921951,2,7DC9729F-BA27-3831-6078-F8508766396A
-41.635086,23.867647,2,7DC9729F-BA27-3831-6078-F8508766396A
-42.389732,41.116165,2,7DC9729F-BA27-3831-6078-F8508766396A
-39.946857,36.223816,2,7DC9729F-BA27-3831-6078-F8508766396A
-41.60457,23.659742,0,7DC9729F-BA27-3831-6078-F8508766396A
28.134583,-8.228197,0,7DC9729F-BA27-3831-6078-F8508766396A
-61.689495,-15.334336,2,7DC9729F-BA27-3831-6078-F8508766396A
-61.197784,-14.346654,2,7DC9729F-BA27-3831-6078-F8508766396A
-61.14005,-14.056432,2,7DC9729F-BA27-3831-6078-F8508766396A
-60.00936,-13.663784,2,7DC9729F-BA27-3831-6078-F8508766396A
-29.546085,-32.367844,2,7DC9729F-BA27-3831-6078-F8508766396A
-29.65669,-32.235523,2,7DC9729F-BA27-3831-6078-F8508766396A
29.908155,-40.169506,2,7DC9729F-BA27-3831-6078-F8508766396A
30.649109,-40.27946,2,7DC9729F-BA27-3831-6078-F8508766396A
30.95758,-40.26446,2,7DC9729F-BA27-3831-6078-F8508766396A
31.447124,-40.438305,2,7DC9729F-BA27-3831-6078-F8508766396A
16.737228,-41.56465,2,7DC9729F-BA27-3831-6078-F8508766396A
-46.044693,-7.1893253,2,7DC9729F-BA27-3831-6078-F8508766396A
-47.190956,-24.40806,0,7DC9729F-BA27-3831-6078-F8508766396A
-47.14261,-24.37865,0,7DC9729F-BA27-3831-6078-F8508766396A
10.748804,-12.328549,0,7DC9729F-BA27-3831-6078-F8508766396A
10.676915,-12.285227,0,7DC9729F-BA27-3831-6078-F8508766396A
40.642014,9.196795,0,7DC9729F-BA27-3831-6078-F8508766396A
40.60204,9.197795,0,7DC9729F-BA27-3831-6078-F8508766396A
31.638254,9.354943,0,7DC9729F-BA27-3831-6078-F8508766396A
15.787459,-11.651159,0,7DC9729F-BA27-3831-6078-F8508766396A
16.16923,-11.117536,0,7DC9729F-BA27-3831-6078-F8508766396A
15.263902,-10.611731,0,7DC9729F-BA27-3831-6078-F8508766396A
15.072756,-10.164947,0,7DC9729F-BA27-3831-6078-F8508766396A
25.924006,10.415005,0,7DC9729F-BA27-3831-6078-F8508766396A
17.59436,-25.57134,2,99C0C5AE-01AD-1BB2-A36B-74B166CB26BA
18.191044,-25.247072,2,99C0C5AE-01AD-1BB2-A36B-74B166CB26BA
18.683912,-24.890583,2,99C0C5AE-01AD-1BB2-A36B-74B166CB26BA
18.83941,-24.708605,2,99C0C5AE-01AD-1BB2-A36B-74B166CB26BA
19.21802,-24.280977,2,99C0C5AE-01AD-1BB2-A36B-74B166CB26BA
26.974482,12.944674,0,99C0C5AE-01AD-1BB2-A36B-74B166CB26BA
26.966387,12.971521,0,99C0C5AE-01AD-1BB2-A36B-74B166CB26BA
-13.103846,-32.355354,2,99C0C5AE-01AD-1BB2-A36B-74B166CB26BA
-24.45477,-37.11379,2,99C0C5AE-01AD-1BB2-A36B-74B166CB26BA
-25.092617,-37.497192,2,99C0C5AE-01AD-1BB2-A36B-74B166CB26BA
-25.23051,-37.482616,2,99C0C5AE-01AD-1BB2-A36B-74B166CB26BA
-39.503685,-33.17844,2,99C0C5AE-01AD-1BB2-A36B-74B166CB26BA
-3.8399262,-10.820286,2,99C0C5AE-01AD-1BB2-A36B-74B166CB26BA
14.902767,0.29606563,2,99C0C5AE-01AD-1BB2-A36B-74B166CB26BA
14.834978,0.25060728,2,99C0C5AE-01AD-1BB2-A36B-74B166CB26BA
15.91151,1.1199919,2,99C0C5AE-01AD-1BB2-A36B-74B166CB26BA
25.372482,-35.253616,2,99C0C5AE-01AD-1BB2-A36B-74B166CB26BA
21.65027,-53.3684,2,99C0C5AE-01AD-1BB2-A36B-74B166CB26BA
-21.73593,37.29082,2,99C0C5AE-01AD-1BB2-A36B-74B166CB26BA
-21.698277,37.876163,2,99C0C5AE-01AD-1BB2-A36B-74B166CB26BA
-21.103586,37.32462,2,99C0C5AE-01AD-1BB2-A36B-74B166CB26BA
-20.781332,37.648663,2,99C0C5AE-01AD-1BB2-A36B-74B166CB26BA
-21.355057,38.26103,2,99C0C5AE-01AD-1BB2-A36B-74B166CB26BA
-20.850065,38.15267,2,99C0C5AE-01AD-1BB2-A36B-74B166CB26BA
-47.79469,7.0073323,1,99C0C5AE-01AD-1BB2-A36B-74B166CB26BA
-47.113434,7.0993204,2,99C0C5AE-01AD-1BB2-A36B-74B166CB26BA
-47.2989,6.762216,2,99C0C5AE-01AD-1BB2-A36B-74B166CB26BA
-21.854681,-34.345448,2,99C0C5AE-01AD-1BB2-A36B-74B166CB26BA
-21.897503,-34.358257,2,99C0C5AE-01AD-1BB2-A36B-74B166CB26BA
-20.684938,-33.874317,2,99C0C5AE-01AD-1BB2-A36B-74B166CB26BA
9.457732,-5.969195,2,FC66D29E-8CD8-AE29-A071-33549272C1EE
-59.56214,-5.52319,2,FC66D29E-8CD8-AE29-A071-33549272C1EE
-59.98227,-5.2318387,2,FC66D29E-8CD8-AE29-A071-33549272C1EE
-60.49964,-5.964892,2,FC66D29E-8CD8-AE29-A071-33549272C1EE
-60.793358,-5.279965,2,FC66D29E-8CD8-AE29-A071-33549272C1EE
-60.945286,-5.116349,2,FC66D29E-8CD8-AE29-A071-33549272C1EE
21.679739,-53.822777,2,FC66D29E-8CD8-AE29-A071-33549272C1EE
-66.653404,-2.7192461,2,FC66D29E-8CD8-AE29-A071-33549272C1EE
-38.149208,22.767815,0,FC66D29E-8CD8-AE29-A071-33549272C1EE
45.06423,-31.40705,0,FC66D29E-8CD8-AE29-A071-33549272C1EE
45.965485,-31.046652,0,FC66D29E-8CD8-AE29-A071-33549272C1EE
46.166634,-30.94683,0,FC66D29E-8CD8-AE29-A071-33549272C1EE
16.860203,22.47828,0,FC66D29E-8CD8-AE29-A071-33549272C1EE
18.0401,22.704786,0,FC66D29E-8CD8-AE29-A071-33549272C1EE
41.507217,27.207758,0,FC66D29E-8CD8-AE29-A071-33549272C1EE
41.194633,27.138832,0,FC66D29E-8CD8-AE29-A071-33549272C1EE
40.675247,26.978085,0,FC66D29E-8CD8-AE29-A071-33549272C1EE
40.532314,26.948812,0,FC66D29E-8CD8-AE29-A071-33549272C1EE
-24.153946,-48.98892,2,FC66D29E-8CD8-AE29-A071-33549272C1EE
-23.797098,-49.287853,2,FC66D29E-8CD8-AE29-A071-33549272C1EE
-23.59347,-49.4342,2,FC66D29E-8CD8-AE29-A071-33549272C1EE
-23.172558,-49.765514,0,FC66D29E-8CD8-AE29-A071-33549272C1EE
53.882435,24.526936,0,FC66D29E-8CD8-AE29-A071-33549272C1EE
53.900806,24.400051,0,FC66D29E-8CD8-AE29-A071-33549272C1EE
-24.697533,15.817529,0,FC66D29E-8CD8-AE29-A071-33549272C1EE
-26.002466,17.314268,0,FC66D29E-8CD8-AE29-A071-33549272C1EE
-26.037498,17.424046,0,FC66D29E-8CD8-AE29-A071-33549272C1EE
-25.085484,16.128794,0,FC66D29E-8CD8-AE29-A071-33549272C1EE
-25.727905,16.127357,0,FC66D29E-8CD8-AE29-A071-33549272C1EE
47.337837,14.112407,0,FC66D29E-8CD8-AE29-A071-33549272C1EE
-26.029343,-30.235847,0,B3CE5256-6F65-85EB-0078-689BD5CC1B17
-4.3273735,-31.848206,2,B3CE5256-6F65-85EB-0078-689BD5CC1B17
10.014177,-48.05642,2,B3CE5256-6F65-85EB-0078-689BD5CC1B17
10.184092,-48.081882,2,B3CE5256-6F65-85EB-0078-689BD5CC1B17
10.52755,-48.064804,2,B3CE5256-6F65-85EB-0078-689BD5CC1B17
-20.470362,17.611383,2,B3CE5256-6F65-85EB-0078-689BD5CC1B17
75.625305,14.41517,0,B3CE5256-6F65-85EB-0078-689BD5CC1B17
75.58594,14.395463,2,B3CE5256-6F65-85EB-0078-689BD5CC1B17
36.939,21.548065,2,B3CE5256-6F65-85EB-0078-689BD5CC1B17
6.264139,47.499397,2,B3CE5256-6F65-85EB-0078-689BD5CC1B17
0.7600663,59.13562,2,B3CE5256-6F65-85EB-0078-689BD5CC1B17
6.5698404,47.552933,2,B3CE5256-6F65-85EB-0078-689BD5CC1B17
-55.28101,3.6781998,2,B3CE5256-6F65-85EB-0078-689BD5CC1B17
-55.256195,3.0031235,2,B3CE5256-6F65-85EB-0078-689BD5CC1B17
-55.24561,2.5648842,2,B3CE5256-6F65-85EB-0078-689BD5CC1B17
-55.23978,2.4131784,0,B3CE5256-6F65-85EB-0078-689BD5CC1B17
-58.26078,5.281206,0,B3CE5256-6F65-85EB-0078-689BD5CC1B17
-58.26677,5.297905,2,B3CE5256-6F65-85EB-0078-689BD5CC1B17
43.96663,-14.153527,0,B3CE5256-6F65-85EB-0078-689BD5CC1B17
44.033165,-14.150027,0,B3CE5256-6F65-85EB-0078-689BD5CC1B17
-19.329708,-35.51583,0,B3CE5256-6F65-85EB-0078-689BD5CC1B17
-27.683788,-36.039486,2,B3CE5256-6F65-85EB-0078-689BD5CC1B17
-28.111238,-36.028393,2,B3CE5256-6F65-85EB-0078-689BD5CC1B17
-28.336407,-35.768482,2,B3CE5256-6F65-85EB-0078-689BD5CC1B17
60.965385,-7.7134275,0,37249306-1597-DC6D-3544-6FEDBBF8B848
23.91766,9.540057,0,37249306-1597-DC6D-3544-6FEDBBF8B848
23.869555,9.9037075,0,37249306-1597-DC6D-3544-6FEDBBF8B848
10.757768,25.047081,1,37249306-1597-DC6D-3544-6FEDBBF8B848
10.715481,25.076948,1,37249306-1597-DC6D-3544-6FEDBBF8B848
-6.0394616,41.7553,1,37249306-1597-DC6D-3544-6FEDBBF8B848
18.749222,2.4251504,0,37249306-1597-DC6D-3544-6FEDBBF8B848
18.65817,2.1419683,0,37249306-1597-DC6D-3544-6FEDBBF8B848
-14.62457,24.534996,0,37249306-1597-DC6D-3544-6FEDBBF8B848
-7.6892567,42.128105,2,37249306-1597-DC6D-3544-6FEDBBF8B848
-8.50629,43.913425,2,37249306-1597-DC6D-3544-6FEDBBF8B848
-8.426971,43.631073,2,37249306-1597-DC6D-3544-6FEDBBF8B848
6.0142384,25.352705,2,37249306-1597-DC6D-3544-6FEDBBF8B848
39.719273,-10.011461,2,37249306-1597-DC6D-3544-6FEDBBF8B848
54.152744,-4.8186255,2,37249306-1597-DC6D-3544-6FEDBBF8B848
54.081493,-4.862898,1,37249306-1597-DC6D-3544-6FEDBBF8B848
55.554943,-3.9393458,2,37249306-1597-DC6D-3544-6FEDBBF8B848
55.7033,-3.8595896,2,37249306-1597-DC6D-3544-6FEDBBF8B848
