tsne_x,tsne_y,label_mood,player_id
37.54133,21.443058,2,018B0D8D-B5EC-09D6-90ED-550058EBFEAF
1.1013314,57.75215,2,018B0D8D-B5EC-09D6-90ED-550058EBFEAF
6.6235867,57.685802,2,018B0D8D-B5EC-09D6-90ED-550058EBFEAF
-1.7538822,24.656015,2,018B0D8D-B5EC-09D6-90ED-550058EBFEAF
-1.6950008,41.648422,2,018B0D8D-B5EC-09D6-90ED-550058EBFEAF
26.63756,-18.495903,2,018B0D8D-B5EC-09D6-90ED-550058EBFEAF
26.14074,-4.5448446,2,018B0D8D-B5EC-09D6-90ED-550058EBFEAF
-5.562737,-1.3685846,2,018B0D8D-B5EC-09D6-90ED-550058EBFEAF
15.889897,29.721514,2,018B0D8D-B5EC-09D6-90ED-550058EBFEAF
27.630373,7.6290154,2,018B0D8D-B5EC-09D6-90ED-550058EBFEAF
34.973373,-4.6178327,0,018B0D8D-B5EC-09D6-90ED-550058EBFEAF
-2.0884829,46.6618,0,018B0D8D-B5EC-09D6-90ED-550058EBFEAF
3.343346,59.812447,2,018B0D8D-B5EC-09D6-90ED-550058EBFEAF
20.40926,-18.437944,0,018B0D8D-B5EC-09D6-90ED-550058EBFEAF
26.036633,-20.779108,0,018B0D8D-B5EC-09D6-90ED-550058EBFEAF
6.1997833,31.705198,0,018B0D8D-B5EC-09D6-90ED-550058EBFEAF
1.5603492,49.575005,0,018B0D8D-B5EC-09D6-90ED-550058EBFEAF
12.179577,55.47778,0,018B0D8D-B5EC-09D6-90ED-550058EBFEAF
-14.283803,48.72512,1,018B0D8D-B5EC-09D6-90ED-550058EBFEAF
-20.151934,31.417814,0,018B0D8D-B5EC-09D6-90ED-550058EBFEAF
-18.048012,31.930687,0,018B0D8D-B5EC-09D6-90ED-550058EBFEAF
-7.8593526,-28.135147,0,018B0D8D-B5EC-09D6-90ED-550058EBFEAF
-4.8022842,-57.074707,0,018B0D8D-B5EC-09D6-90ED-550058EBFEAF
-19.903084,-33.586895,0,018B0D8D-B5EC-09D6-90ED-550058EBFEAF
15.435665,-23.588392,0,018B0D8D-B5EC-09D6-90ED-550058EBFEAF
6.2379,-76.07186,2,06F9F8CE-9696-23CA-25B5-000AA4A793BA
-27.04024,29.543512,2,06F9F8CE-9696-23CA-25B5-000AA4A793BA
10.481635,-55.065243,2,06F9F8CE-9696-23CA-25B5-000AA4A793BA
-0.89652914,-26.75966,2,06F9F8CE-9696-23CA-25B5-000AA4A793BA
33.74469,39.10588,2,06F9F8CE-9696-23CA-25B5-000AA4A793BA
-1.2284148,38.5212,2,06F9F8CE-9696-23CA-25B5-000AA4A793BA
0.73640865,39.666046,2,06F9F8CE-9696-23CA-25B5-000AA4A793BA
-8.061519,-1.3994274,1,06F9F8CE-9696-23CA-25B5-000AA4A793BA
30.806362,-17.328186,1,06F9F8CE-9696-23CA-25B5-000AA4A793BA
26.888636,-18.38262,1,06F9F8CE-9696-23CA-25B5-000AA4A793BA
3.5478342,20.770292,1,06F9F8CE-9696-23CA-25B5-000AA4A793BA
-2.0331247,49.21495,2,06F9F8CE-9696-23CA-25B5-000AA4A793BA
-20.098864,27.721575,2,06F9F8CE-9696-23CA-25B5-000AA4A793BA
-20.820278,-6.5524564,2,06F9F8CE-9696-23CA-25B5-000AA4A793BA
-11.672974,-25.97589,0,06F9F8CE-9696-23CA-25B5-000AA4A793BA
-12.982194,-22.348827,0,06F9F8CE-9696-23CA-25B5-000AA4A793BA
-20.497265,-4.620481,0,06F9F8CE-9696-23CA-25B5-000AA4A793BA
3.1583476,-25.442377,0,06F9F8CE-9696-23CA-25B5-000AA4A793BA
26.56625,-0.92100877,0,0A221ADF-C99E-307E-7B65-92EF9DABA6C4
-47.445683,9.153501,0,0A221ADF-C99E-307E-7B65-92EF9DABA6C4
-1.5106884,37.962006,0,0A221ADF-C99E-307E-7B65-92EF9DABA6C4
27.46682,33.863678,2,0A221ADF-C99E-307E-7B65-92EF9DABA6C4
-14.625351,-3.7591946,2,0A221ADF-C99E-307E-7B65-92EF9DABA6C4
-5.9816055,31.743057,2,0A221ADF-C99E-307E-7B65-92EF9DABA6C4
-11.003952,-0.90852886,2,0A221ADF-C99E-307E-7B65-92EF9DABA6C4
-2.0405533,58.60925,0,0A221ADF-C99E-307E-7B65-92EF9DABA6C4
8.127887,32.85391,0,0A221ADF-C99E-307E-7B65-92EF9DABA6C4
7.6355577,26.162909,0,0A221ADF-C99E-307E-7B65-92EF9DABA6C4
-0.28802967,28.20242,2,0A221ADF-C99E-307E-7B65-92EF9DABA6C4
8.133133,25.511808,2,0A221ADF-C99E-307E-7B65-92EF9DABA6C4
14.058355,-57.178135,2,0A221ADF-C99E-307E-7B65-92EF9DABA6C4
5.2827992,-16.664516,2,0A221ADF-C99E-307E-7B65-92EF9DABA6C4
13.650448,-26.173906,2,0A221ADF-C99E-307E-7B65-92EF9DABA6C4
15.100398,-55.475685,2,0A221ADF-C99E-307E-7B65-92EF9DABA6C4
-8.072481,55.927074,2,0A221ADF-C99E-307E-7B65-92EF9DABA6C4
22.299799,-10.584288,2,0A221ADF-C99E-307E-7B65-92EF9DABA6C4
36.924202,21.450272,2,0A76B59A-F1FF-F3F5-A3CA-2386FA8EF308
6.746141,63.383537,2,0A76B59A-F1FF-F3F5-A3CA-2386FA8EF308
-40.121887,4.6984653,2,0A76B59A-F1FF-F3F5-A3CA-2386FA8EF308
33.295864,38.709007,2,0A76B59A-F1FF-F3F5-A3CA-2386FA8EF308
42.410557,-8.488869,2,0A76B59A-F1FF-F3F5-A3CA-2386FA8EF308
33.746212,-8.995674,2,0A76B59A-F1FF-F3F5-A3CA-2386FA8EF308
23.525938,-1.5353348,2,0A76B59A-F1FF-F3F5-A3CA-2386FA8EF308
27.24071,35.18183,2,0A76B59A-F1FF-F3F5-A3CA-2386FA8EF308
26.191233,9.41628,2,0A76B59A-F1FF-F3F5-A3CA-2386FA8EF308
18.115913,32.979374,2,0A76B59A-F1FF-F3F5-A3CA-2386FA8EF308
26.205019,8.387747,2,0A76B59A-F1FF-F3F5-A3CA-2386FA8EF308
-40.455845,4.2021255,2,0A76B59A-F1FF-F3F5-A3CA-2386FA8EF308
0.51110125,44.947617,1,0A76B59A-F1FF-F3F5-A3CA-2386FA8EF308
4.916123,20.701294,1,0A76B59A-F1FF-F3F5-A3CA-2386FA8EF308
12.498839,-53.394234,1,0A76B59A-F1FF-F3F5-A3CA-2386FA8EF308
-11.17482,39.09819,1,0A76B59A-F1FF-F3F5-A3CA-2386FA8EF308
-8.241893,-22.513905,1,0A76B59A-F1FF-F3F5-A3CA-2386FA8EF308
-8.635422,-22.003742,1,0A76B59A-F1FF-F3F5-A3CA-2386FA8EF308
-55.359806,14.582444,1,0A76B59A-F1FF-F3F5-A3CA-2386FA8EF308
-55.125294,17.21699,1,0A76B59A-F1FF-F3F5-A3CA-2386FA8EF308
4.100911,-66.46322,1,0A76B59A-F1FF-F3F5-A3CA-2386FA8EF308
-22.395496,-7.475563,1,0A76B59A-F1FF-F3F5-A3CA-2386FA8EF308
-55.911037,25.132097,1,0A76B59A-F1FF-F3F5-A3CA-2386FA8EF308
-19.342682,50.10722,1,0A76B59A-F1FF-F3F5-A3CA-2386FA8EF308
-20.51152,49.742123,2,0A76B59A-F1FF-F3F5-A3CA-2386FA8EF308
-21.876995,33.13375,2,0A76B59A-F1FF-F3F5-A3CA-2386FA8EF308
4.0345907,-52.80877,2,0A76B59A-F1FF-F3F5-A3CA-2386FA8EF308
3.1502569,-52.269005,2,0A76B59A-F1FF-F3F5-A3CA-2386FA8EF308
-12.595168,-26.13989,2,0A76B59A-F1FF-F3F5-A3CA-2386FA8EF308
0.26511642,-52.6612,2,0A76B59A-F1FF-F3F5-A3CA-2386FA8EF308
-16.291063,-31.229939,2,0B5863F1-A482-C95D-EA42-9183B5BDFA12
3.0483649,-76.39888,2,0B5863F1-A482-C95D-EA42-9183B5BDFA12
-3.2201898,-71.75966,2,0B5863F1-A482-C95D-EA42-9183B5BDFA12
-15.169886,-35.975166,2,0B5863F1-A482-C95D-EA42-9183B5BDFA12
-17.719206,-32.32766,2,0B5863F1-A482-C95D-EA42-9183B5BDFA12
-16.714146,-31.220482,2,0B5863F1-A482-C95D-EA42-9183B5BDFA12
17.493027,-17.185694,0,0B5863F1-A482-C95D-EA42-9183B5BDFA12
2.1974957,48.903408,0,0B5863F1-A482-C95D-EA42-9183B5BDFA12
11.349896,53.59195,0,0B5863F1-A482-C95D-EA42-9183B5BDFA12
11.100414,57.785362,0,0B5863F1-A482-C95D-EA42-9183B5BDFA12
-41.54327,2.9113383,0,0B5863F1-A482-C95D-EA42-9183B5BDFA12
18.27495,34.758255,0,0B5863F1-A482-C95D-EA42-9183B5BDFA12
-19.00781,28.541842,0,0B5863F1-A482-C95D-EA42-9183B5BDFA12
0.679294,-51.77452,2,0B5863F1-A482-C95D-EA42-9183B5BDFA12
-23.942364,-7.0585065,2,0B5863F1-A482-C95D-EA42-9183B5BDFA12
-5.1274757,-57.563385,2,0B5863F1-A482-C95D-EA42-9183B5BDFA12
-28.603569,-13.214394,0,0B5863F1-A482-C95D-EA42-9183B5BDFA12
-3.1156757,-70.59751,0,0B5863F1-A482-C95D-EA42-9183B5BDFA12
-0.6820255,-23.130255,2,0B5863F1-A482-C95D-EA42-9183B5BDFA12
-1.9740516,-16.173748,2,0B5863F1-A482-C95D-EA42-9183B5BDFA12
11.832701,-21.09725,2,0B5863F1-A482-C95D-EA42-9183B5BDFA12
-2.187607,-65.775154,2,0D759376-3F10-1BEB-7205-E91B8BF17984
-16.383158,-33.683575,2,0D759376-3F10-1BEB-7205-E91B8BF17984
-20.64473,-35.651646,2,0D759376-3F10-1BEB-7205-E91B8BF17984
2.3486662,-77.64344,2,0D759376-3F10-1BEB-7205-E91B8BF17984
-20.260326,-35.693832,2,0D759376-3F10-1BEB-7205-E91B8BF17984
-3.30426,-59.973648,2,0D759376-3F10-1BEB-7205-E91B8BF17984
0.0756434,57.945423,1,0D759376-3F10-1BEB-7205-E91B8BF17984
24.049982,-19.573124,1,0D759376-3F10-1BEB-7205-E91B8BF17984
-9.009735,29.282377,1,0D759376-3F10-1BEB-7205-E91B8BF17984
-14.136713,28.797382,1,0D759376-3F10-1BEB-7205-E91B8BF17984
-17.249859,26.73743,1,0D759376-3F10-1BEB-7205-E91B8BF17984
-21.75374,29.544834,1,0D759376-3F10-1BEB-7205-E91B8BF17984
-30.797838,-12.651972,2,0D759376-3F10-1BEB-7205-E91B8BF17984
-29.795496,-13.11957,2,0D759376-3F10-1BEB-7205-E91B8BF17984
-57.51943,20.299093,2,0D759376-3F10-1BEB-7205-E91B8BF17984
-14.257863,31.502846,0,0D759376-3F10-1BEB-7205-E91B8BF17984
0.31100708,19.43786,0,0D759376-3F10-1BEB-7205-E91B8BF17984
-0.9616002,50.534416,2,0D759376-3F10-1BEB-7205-E91B8BF17984
8.594733,-52.442326,2,0D759376-3F10-1BEB-7205-E91B8BF17984
-0.18073139,-22.497227,2,0D759376-3F10-1BEB-7205-E91B8BF17984
4.8794026,-26.494774,1,0D759376-3F10-1BEB-7205-E91B8BF17984
-13.767699,-3.761552,1,0D759376-3F10-1BEB-7205-E91B8BF17984
28.28429,-16.209627,2,0F3B2D98-51FE-5265-3746-A0763DE31C98
33.22616,-0.7562005,2,0F3B2D98-51FE-5265-3746-A0763DE31C98
0.56831336,44.738476,2,0F3B2D98-51FE-5265-3746-A0763DE31C98
29.253181,-9.119137,2,0F3B2D98-51FE-5265-3746-A0763DE31C98
-50.55397,8.629133,2,0F3B2D98-51FE-5265-3746-A0763DE31C98
-8.788232,53.128384,2,0F3B2D98-51FE-5265-3746-A0763DE31C98
-12.74441,-31.923592,0,0F3B2D98-51FE-5265-3746-A0763DE31C98
-1.0861934,-54.526073,0,0F3B2D98-51FE-5265-3746-A0763DE31C98
4.9914756,-54.08533,0,0F3B2D98-51FE-5265-3746-A0763DE31C98
3.36194,-55.737995,0,0F3B2D98-51FE-5265-3746-A0763DE31C98
-53.096226,15.918873,0,0F3B2D98-51FE-5265-3746-A0763DE31C98
-5.849522,25.872948,0,0F3B2D98-51FE-5265-3746-A0763DE31C98
28.222504,-7.0783563,1,0F3B2D98-51FE-5265-3746-A0763DE31C98
27.95416,9.022711,1,0F3B2D98-51FE-5265-3746-A0763DE31C98
28.441084,9.872156,1,0F3B2D98-51FE-5265-3746-A0763DE31C98
35.462017,3.2927535,0,0F3B2D98-51FE-5265-3746-A0763DE31C98
4.5571437,41.496353,0,0F3B2D98-51FE-5265-3746-A0763DE31C98
-0.3563105,58.19799,0,0F3B2D98-51FE-5265-3746-A0763DE31C98
3.824293,-22.708092,0,0F3B2D98-51FE-5265-3746-A0763DE31C98
9.268295,-19.987637,0,0F3B2D98-51FE-5265-3746-A0763DE31C98
-49.32517,4.3237844,0,0F3B2D98-51FE-5265-3746-A0763DE31C98
-9.7219715,-0.36863938,0,0F3B2D98-51FE-5265-3746-A0763DE31C98
29.494892,-8.233708,0,0F3B2D98-51FE-5265-3746-A0763DE31C98
10.168779,53.64211,0,0F3B2D98-51FE-5265-3746-A0763DE31C98
26.664371,11.694147,2,14027B3A-0AD6-CBA3-A600-42B3C0A4D933
25.411404,11.326638,2,14027B3A-0AD6-CBA3-A600-42B3C0A4D933
26.900358,11.323435,2,14027B3A-0AD6-CBA3-A600-42B3C0A4D933
26.905737,10.424739,2,14027B3A-0AD6-CBA3-A600-42B3C0A4D933
-2.7170954,2.7748091,2,14027B3A-0AD6-CBA3-A600-42B3C0A4D933
44.416645,-10.076486,2,14027B3A-0AD6-CBA3-A600-42B3C0A4D933
6.010425,-21.150936,2,14027B3A-0AD6-CBA3-A600-42B3C0A4D933
10.758443,-20.013012,2,14027B3A-0AD6-CBA3-A600-42B3C0A4D933
25.95853,-25.432865,2,14027B3A-0AD6-CBA3-A600-42B3C0A4D933
-13.302357,-3.7430933,2,14027B3A-0AD6-CBA3-A600-42B3C0A4D933
16.043673,-17.441177,2,14027B3A-0AD6-CBA3-A600-42B3C0A4D933
15.386308,-17.352337,2,14027B3A-0AD6-CBA3-A600-42B3C0A4D933
-0.39870462,-25.710321,2,14027B3A-0AD6-CBA3-A600-42B3C0A4D933
-22.234879,24.11397,2,14027B3A-0AD6-CBA3-A600-42B3C0A4D933
-12.880269,-24.380777,2,14027B3A-0AD6-CBA3-A600-42B3C0A4D933
-15.803966,24.916258,2,14027B3A-0AD6-CBA3-A600-42B3C0A4D933
-0.7842902,-52.68137,2,14027B3A-0AD6-CBA3-A600-42B3C0A4D933
-58.506054,16.47178,2,14027B3A-0AD6-CBA3-A600-42B3C0A4D933
5.75851,-72.12539,2,165B40B2-D9B2-DBC0-AE48-02C0F49A609F
-6.1081057,-22.42584,2,165B40B2-D9B2-DBC0-AE48-02C0F49A609F
-19.12457,51.038925,2,165B40B2-D9B2-DBC0-AE48-02C0F49A609F
-2.2930257,-57.802822,2,165B40B2-D9B2-DBC0-AE48-02C0F49A609F
-29.677244,-12.275536,2,165B40B2-D9B2-DBC0-AE48-02C0F49A609F
-6.3320503,-70.12458,2,165B40B2-D9B2-DBC0-AE48-02C0F49A609F
-42.486145,4.2664914,2,165B40B2-D9B2-DBC0-AE48-02C0F49A609F
-41.181538,5.918534,2,165B40B2-D9B2-DBC0-AE48-02C0F49A609F
-43.266514,5.2894616,2,165B40B2-D9B2-DBC0-AE48-02C0F49A609F
48.26868,8.154605,2,165B40B2-D9B2-DBC0-AE48-02C0F49A609F
-0.3503569,50.036736,2,165B40B2-D9B2-DBC0-AE48-02C0F49A609F
23.230936,-14.234616,2,165B40B2-D9B2-DBC0-AE48-02C0F49A609F
-15.018287,-30.760595,0,165B40B2-D9B2-DBC0-AE48-02C0F49A609F
-20.47284,-29.361786,0,165B40B2-D9B2-DBC0-AE48-02C0F49A609F
-8.006479,-67.85653,0,165B40B2-D9B2-DBC0-AE48-02C0F49A609F
-9.33244,-69.29121,0,165B40B2-D9B2-DBC0-AE48-02C0F49A609F
1.2419413,-77.878746,0,165B40B2-D9B2-DBC0-AE48-02C0F49A609F
-2.8299181,-68.028786,0,165B40B2-D9B2-DBC0-AE48-02C0F49A609F
0.80172116,-55.98095,0,165B40B2-D9B2-DBC0-AE48-02C0F49A609F
7.341264,-54.07821,1,165B40B2-D9B2-DBC0-AE48-02C0F49A609F
9.650866,-11.089077,1,165B40B2-D9B2-DBC0-AE48-02C0F49A609F
5.7809296,32.95716,1,165B40B2-D9B2-DBC0-AE48-02C0F49A609F
32.082363,-11.343179,2,165B40B2-D9B2-DBC0-AE48-02C0F49A609F
30.40878,-9.647887,2,165B40B2-D9B2-DBC0-AE48-02C0F49A609F
-55.437325,21.253231,0,165B40B2-D9B2-DBC0-AE48-02C0F49A609F
-19.955263,50.2017,0,165B40B2-D9B2-DBC0-AE48-02C0F49A609F
7.0250525,-58.67019,0,165B40B2-D9B2-DBC0-AE48-02C0F49A609F
-12.379095,55.22636,1,172A62AD-9B69-33E2-1551-9526879D80AC
-18.271442,30.100164,2,172A62AD-9B69-33E2-1551-9526879D80AC
-56.796616,23.900454,2,172A62AD-9B69-33E2-1551-9526879D80AC
0.70971483,-60.0829,2,172A62AD-9B69-33E2-1551-9526879D80AC
4.525857,-74.88167,2,172A62AD-9B69-33E2-1551-9526879D80AC
3.1004791,-35.307762,2,172A62AD-9B69-33E2-1551-9526879D80AC
-0.5089736,-20.433056,2,172A62AD-9B69-33E2-1551-9526879D80AC
-58.221878,16.74813,1,172A62AD-9B69-33E2-1551-9526879D80AC
1.8982415,-25.114153,1,172A62AD-9B69-33E2-1551-9526879D80AC
13.917248,-23.46192,1,172A62AD-9B69-33E2-1551-9526879D80AC
-48.777023,9.670586,2,172A62AD-9B69-33E2-1551-9526879D80AC
33.288055,-9.878903,2,172A62AD-9B69-33E2-1551-9526879D80AC
-43.222958,5.782353,2,172A62AD-9B69-33E2-1551-9526879D80AC
27.829288,9.18089,2,172A62AD-9B69-33E2-1551-9526879D80AC
28.734097,9.632742,2,172A62AD-9B69-33E2-1551-9526879D80AC
15.974942,31.834599,2,172A62AD-9B69-33E2-1551-9526879D80AC
16.674587,-57.982033,2,172A62AD-9B69-33E2-1551-9526879D80AC
8.169853,58.482376,2,172A62AD-9B69-33E2-1551-9526879D80AC
26.34495,-7.184774,2,172A62AD-9B69-33E2-1551-9526879D80AC
-50.816906,15.242486,2,172A62AD-9B69-33E2-1551-9526879D80AC
1.2262055,-14.011414,2,172A62AD-9B69-33E2-1551-9526879D80AC
-14.599119,49.718307,2,172A62AD-9B69-33E2-1551-9526879D80AC
-14.389871,54.69554,2,172A62AD-9B69-33E2-1551-9526879D80AC
-1.9923983,-28.779997,1,172A62AD-9B69-33E2-1551-9526879D80AC
-15.511506,54.411373,1,172A62AD-9B69-33E2-1551-9526879D80AC
-15.634443,-31.34293,1,172A62AD-9B69-33E2-1551-9526879D80AC
-3.4904778,-52.266273,2,172A62AD-9B69-33E2-1551-9526879D80AC
-6.536077,-56.73165,2,172A62AD-9B69-33E2-1551-9526879D80AC
-19.55919,-37.231655,2,172A62AD-9B69-33E2-1551-9526879D80AC
-4.045476,-72.3361,2,172A62AD-9B69-33E2-1551-9526879D80AC
21.497126,49.212032,2,172A62AD-9B69-33E2-1551-9526879D80AC
12.661229,-15.36964,1,172A62AD-9B69-33E2-1551-9526879D80AC
-2.2637806,40.542274,1,172A62AD-9B69-33E2-1551-9526879D80AC
-15.332026,2.260795,1,172A62AD-9B69-33E2-1551-9526879D80AC
39.621437,-14.838515,1,172A62AD-9B69-33E2-1551-9526879D80AC
24.361376,44.057217,1,172A62AD-9B69-33E2-1551-9526879D80AC
34.597538,1.0989962,1,172A62AD-9B69-33E2-1551-9526879D80AC
-46.757427,11.313292,1,172A62AD-9B69-33E2-1551-9526879D80AC
-8.33506,-0.2658439,1,172A62AD-9B69-33E2-1551-9526879D80AC
31.851397,-13.932407,1,172A62AD-9B69-33E2-1551-9526879D80AC
3.8385653,22.388275,1,172A62AD-9B69-33E2-1551-9526879D80AC
5.515429,-16.417305,1,172A62AD-9B69-33E2-1551-9526879D80AC
-20.607698,-38.52497,2,1AE03BA6-E346-DEB8-4865-276ECC5CD9B1
-8.307163,-70.2599,2,1AE03BA6-E346-DEB8-4865-276ECC5CD9B1
-6.845432,-72.18621,2,1AE03BA6-E346-DEB8-4865-276ECC5CD9B1
-17.45732,-37.336544,2,1AE03BA6-E346-DEB8-4865-276ECC5CD9B1
-19.400711,-28.324696,2,1AE03BA6-E346-DEB8-4865-276ECC5CD9B1
11.647344,-50.21354,2,1AE03BA6-E346-DEB8-4865-276ECC5CD9B1
-17.969395,-35.602837,2,1AE03BA6-E346-DEB8-4865-276ECC5CD9B1
-3.264779,-70.737785,2,1AE03BA6-E346-DEB8-4865-276ECC5CD9B1
-30.581728,-13.245772,2,1AE03BA6-E346-DEB8-4865-276ECC5CD9B1
4.9473968,-79.68899,2,1AE03BA6-E346-DEB8-4865-276ECC5CD9B1
-18.490822,-28.652245,2,1AE03BA6-E346-DEB8-4865-276ECC5CD9B1
-12.031921,-30.497332,1,1AE03BA6-E346-DEB8-4865-276ECC5CD9B1
-13.596002,50.510155,1,1AE03BA6-E346-DEB8-4865-276ECC5CD9B1
0.60832494,19.72144,1,1AE03BA6-E346-DEB8-4865-276ECC5CD9B1
-1.035183,29.892242,1,1AE03BA6-E346-DEB8-4865-276ECC5CD9B1
-19.192846,25.322998,0,1F6A56CA-9C73-442F-2682-BB69E4B03AB2
24.571764,-18.227154,2,1F6A56CA-9C73-442F-2682-BB69E4B03AB2
2.1686547,41.317303,2,1F6A56CA-9C73-442F-2682-BB69E4B03AB2
16.711275,29.572128,2,1F6A56CA-9C73-442F-2682-BB69E4B03AB2
32.638832,5.4364095,0,1F6A56CA-9C73-442F-2682-BB69E4B03AB2
22.463472,44.477432,0,1F6A56CA-9C73-442F-2682-BB69E4B03AB2
-5.7214365,-66.61564,2,1F6A56CA-9C73-442F-2682-BB69E4B03AB2
-17.02343,-31.502554,2,1F6A56CA-9C73-442F-2682-BB69E4B03AB2
-3.3407178,-30.068916,2,1F6A56CA-9C73-442F-2682-BB69E4B03AB2
0.48311293,-24.638172,2,1F6A56CA-9C73-442F-2682-BB69E4B03AB2
-0.18180008,18.912382,2,1F6A56CA-9C73-442F-2682-BB69E4B03AB2
33.548195,-7.8640156,2,1F6A56CA-9C73-442F-2682-BB69E4B03AB2
-7.8707843,48.529316,2,1F6A56CA-9C73-442F-2682-BB69E4B03AB2
-1.2411479,29.674013,2,1F6A56CA-9C73-442F-2682-BB69E4B03AB2
17.390831,29.351765,2,1F6A56CA-9C73-442F-2682-BB69E4B03AB2
33.61933,-9.24024,2,1F6A56CA-9C73-442F-2682-BB69E4B03AB2
10.372845,29.544577,2,1F6A56CA-9C73-442F-2682-BB69E4B03AB2
-3.253661,57.61827,2,1F6A56CA-9C73-442F-2682-BB69E4B03AB2
33.34633,38.69311,2,1FA97947-2FB7-D626-8CD3-2426BEEE97D1
13.93025,30.643826,2,1FA97947-2FB7-D626-8CD3-2426BEEE97D1
9.984382,57.829365,2,1FA97947-2FB7-D626-8CD3-2426BEEE97D1
-4.2252398,40.90111,2,1FA97947-2FB7-D626-8CD3-2426BEEE97D1
-13.230796,36.840515,2,1FA97947-2FB7-D626-8CD3-2426BEEE97D1
2.4735463,-54.749424,2,1FA97947-2FB7-D626-8CD3-2426BEEE97D1
26.473745,-10.587189,1,1FA97947-2FB7-D626-8CD3-2426BEEE97D1
42.899914,-13.21336,1,1FA97947-2FB7-D626-8CD3-2426BEEE97D1
-46.27921,9.02566,1,1FA97947-2FB7-D626-8CD3-2426BEEE97D1
-45.26398,4.841199,1,1FA97947-2FB7-D626-8CD3-2426BEEE97D1
-44.16357,3.3107557,1,1FA97947-2FB7-D626-8CD3-2426BEEE97D1
18.793634,-8.313744,1,1FA97947-2FB7-D626-8CD3-2426BEEE97D1
-5.7635217,30.473446,2,1FA97947-2FB7-D626-8CD3-2426BEEE97D1
14.870976,-27.481934,1,1FA97947-2FB7-D626-8CD3-2426BEEE97D1
7.2567215,-54.724506,2,1FA97947-2FB7-D626-8CD3-2426BEEE97D1
-16.411646,26.909693,2,1FA97947-2FB7-D626-8CD3-2426BEEE97D1
10.597433,-53.12398,2,1FA97947-2FB7-D626-8CD3-2426BEEE97D1
-55.01764,18.921791,2,1FA97947-2FB7-D626-8CD3-2426BEEE97D1
-58.5531,15.145262,2,1FA97947-2FB7-D626-8CD3-2426BEEE97D1
-56.87838,16.187527,2,1FA97947-2FB7-D626-8CD3-2426BEEE97D1
12.681634,-29.595537,2,1FA97947-2FB7-D626-8CD3-2426BEEE97D1
-11.706924,-3.8169763,1,1FA97947-2FB7-D626-8CD3-2426BEEE97D1
6.870911,24.868162,2,1FA97947-2FB7-D626-8CD3-2426BEEE97D1
-46.522057,12.006446,2,1FA97947-2FB7-D626-8CD3-2426BEEE97D1
-57.690323,13.917716,1,1FA97947-2FB7-D626-8CD3-2426BEEE97D1
-13.418114,31.296864,1,1FA97947-2FB7-D626-8CD3-2426BEEE97D1
3.6344395,-17.538353,1,1FA97947-2FB7-D626-8CD3-2426BEEE97D1
-17.794123,29.039522,1,1FA97947-2FB7-D626-8CD3-2426BEEE97D1
-5.032671,-21.987988,1,1FA97947-2FB7-D626-8CD3-2426BEEE97D1
5.003932,-72.22457,1,1FA97947-2FB7-D626-8CD3-2426BEEE97D1
-3.2579274,-67.69988,1,1FA97947-2FB7-D626-8CD3-2426BEEE97D1
-5.0247636,-71.911736,1,1FA97947-2FB7-D626-8CD3-2426BEEE97D1
-7.652182,-68.38926,1,1FA97947-2FB7-D626-8CD3-2426BEEE97D1
2.633702,-79.439926,1,1FA97947-2FB7-D626-8CD3-2426BEEE97D1
4.382491,-78.310814,1,1FA97947-2FB7-D626-8CD3-2426BEEE97D1
-7.370778,-58.451046,1,1FA97947-2FB7-D626-8CD3-2426BEEE97D1
-6.003801,5.3207145,0,243FE25F-E451-21F6-7EFA-F9DACC7D31CA
-0.34317356,49.21292,0,243FE25F-E451-21F6-7EFA-F9DACC7D31CA
33.269203,-7.045138,0,243FE25F-E451-21F6-7EFA-F9DACC7D31CA
3.7799435,24.24762,1,243FE25F-E451-21F6-7EFA-F9DACC7D31CA
-14.026836,2.4479134,2,243FE25F-E451-21F6-7EFA-F9DACC7D31CA
24.841612,49.558407,2,243FE25F-E451-21F6-7EFA-F9DACC7D31CA
-3.0732863,28.361895,0,243FE25F-E451-21F6-7EFA-F9DACC7D31CA
10.597229,55.37129,0,243FE25F-E451-21F6-7EFA-F9DACC7D31CA
-9.032666,-1.8463377,2,243FE25F-E451-21F6-7EFA-F9DACC7D31CA
13.651907,35.74623,2,243FE25F-E451-21F6-7EFA-F9DACC7D31CA
9.242541,52.318,2,243FE25F-E451-21F6-7EFA-F9DACC7D31CA
25.207634,-22.114265,2,243FE25F-E451-21F6-7EFA-F9DACC7D31CA
28.199564,8.398973,2,243FE25F-E451-21F6-7EFA-F9DACC7D31CA
22.07691,47.333927,2,243FE25F-E451-21F6-7EFA-F9DACC7D31CA
33.06712,3.2160614,2,243FE25F-E451-21F6-7EFA-F9DACC7D31CA
13.098046,33.33431,2,243FE25F-E451-21F6-7EFA-F9DACC7D31CA
30.267862,-7.8797584,2,243FE25F-E451-21F6-7EFA-F9DACC7D31CA
22.733381,-5.5628085,2,243FE25F-E451-21F6-7EFA-F9DACC7D31CA
7.8165336,60.301754,2,243FE25F-E451-21F6-7EFA-F9DACC7D31CA
-4.808096,3.2394934,2,243FE25F-E451-21F6-7EFA-F9DACC7D31CA
-42.44625,4.441136,2,243FE25F-E451-21F6-7EFA-F9DACC7D31CA
29.477676,7.307544,2,243FE25F-E451-21F6-7EFA-F9DACC7D31CA
24.707907,-3.4098322,2,243FE25F-E451-21F6-7EFA-F9DACC7D31CA
2.9123132,22.064285,2,243FE25F-E451-21F6-7EFA-F9DACC7D31CA
11.906438,-21.98491,2,2656C6B4-988A-A958-5107-5422027AEE1D
24.32793,44.073715,2,2656C6B4-988A-A958-5107-5422027AEE1D
1.4942272,40.339813,0,2656C6B4-988A-A958-5107-5422027AEE1D
-9.167008,-2.7008557,0,2656C6B4-988A-A958-5107-5422027AEE1D
-15.221562,0.6816816,0,2656C6B4-988A-A958-5107-5422027AEE1D
-10.351897,35.04161,0,2656C6B4-988A-A958-5107-5422027AEE1D
1.3064213,-66.721596,2,2656C6B4-988A-A958-5107-5422027AEE1D
-25.857506,26.639341,2,2656C6B4-988A-A958-5107-5422027AEE1D
-0.85987157,-56.843266,2,2656C6B4-988A-A958-5107-5422027AEE1D
-24.768988,28.573221,2,2656C6B4-988A-A958-5107-5422027AEE1D
-25.145618,-9.366232,2,2656C6B4-988A-A958-5107-5422027AEE1D
5.7288704,-51.079605,2,2656C6B4-988A-A958-5107-5422027AEE1D
-55.171604,21.728294,2,2656C6B4-988A-A958-5107-5422027AEE1D
3.0653715,-55.38443,2,2656C6B4-988A-A958-5107-5422027AEE1D
-14.66948,37.216343,2,2656C6B4-988A-A958-5107-5422027AEE1D
15.625775,-57.898743,2,2656C6B4-988A-A958-5107-5422027AEE1D
0.019822981,24.167063,2,2656C6B4-988A-A958-5107-5422027AEE1D
18.61964,-15.233963,2,2656C6B4-988A-A958-5107-5422027AEE1D
-39.189518,3.8918834,0,27C12E79-B4DD-AA48-E99E-552C6BAEBA6F
16.045563,43.43231,2,27C12E79-B4DD-AA48-E99E-552C6BAEBA6F
26.463827,14.730617,2,27C12E79-B4DD-AA48-E99E-552C6BAEBA6F
-39.25259,4.4123473,2,27C12E79-B4DD-AA48-E99E-552C6BAEBA6F
18.138279,34.76385,2,27C12E79-B4DD-AA48-E99E-552C6BAEBA6F
43.28572,-7.482603,2,27C12E79-B4DD-AA48-E99E-552C6BAEBA6F
13.335925,-24.017439,2,27C12E79-B4DD-AA48-E99E-552C6BAEBA6F
-3.4510055,23.855753,2,27C12E79-B4DD-AA48-E99E-552C6BAEBA6F
24.893066,49.697456,2,27C12E79-B4DD-AA48-E99E-552C6BAEBA6F
0.689063,21.100441,0,27C12E79-B4DD-AA48-E99E-552C6BAEBA6F
-1.8636727,41.98056,0,27C12E79-B4DD-AA48-E99E-552C6BAEBA6F
13.510469,-28.170586,0,27C12E79-B4DD-AA48-E99E-552C6BAEBA6F
0.26566648,-60.069977,0,27C12E79-B4DD-AA48-E99E-552C6BAEBA6F
-31.212688,-10.025605,0,27C12E79-B4DD-AA48-E99E-552C6BAEBA6F
-14.201265,-30.52642,0,27C12E79-B4DD-AA48-E99E-552C6BAEBA6F
4.5726137,-20.257132,0,27C12E79-B4DD-AA48-E99E-552C6BAEBA6F
18.515453,-22.079493,2,27C12E79-B4DD-AA48-E99E-552C6BAEBA6F
10.989127,58.25667,2,27C12E79-B4DD-AA48-E99E-552C6BAEBA6F
18.530281,-19.844328,2,27C12E79-B4DD-AA48-E99E-552C6BAEBA6F
17.005278,-15.905391,2,27C12E79-B4DD-AA48-E99E-552C6BAEBA6F
33.697033,39.25885,2,27C12E79-B4DD-AA48-E99E-552C6BAEBA6F
25.487965,-5.7313037,2,27C12E79-B4DD-AA48-E99E-552C6BAEBA6F
-0.22069195,26.479893,2,27C12E79-B4DD-AA48-E99E-552C6BAEBA6F
10.632409,32.377293,0,27C12E79-B4DD-AA48-E99E-552C6BAEBA6F
-0.047533188,-59.679142,2,2C636222-CB43-AB6F-444A-7278047991C7
-3.9434006,-26.77122,2,2C636222-CB43-AB6F-444A-7278047991C7
-15.754869,26.492508,2,2C636222-CB43-AB6F-444A-7278047991C7
14.3724,-54.278435,2,2C636222-CB43-AB6F-444A-7278047991C7
7.8495646,26.963867,0,2C636222-CB43-AB6F-444A-7278047991C7
43.72857,-12.500445,0,2C636222-CB43-AB6F-444A-7278047991C7
-1.7320327,-19.536272,0,2C636222-CB43-AB6F-444A-7278047991C7
-16.838982,27.362776,0,2C636222-CB43-AB6F-444A-7278047991C7
-1.5166202,-24.986351,0,2C636222-CB43-AB6F-444A-7278047991C7
-1.7725204,-24.960844,0,2C636222-CB43-AB6F-444A-7278047991C7
-14.485988,26.179195,0,2C636222-CB43-AB6F-444A-7278047991C7
-2.4047008,58.61165,2,2C636222-CB43-AB6F-444A-7278047991C7
-3.1485593,-27.04622,0,2C636222-CB43-AB6F-444A-7278047991C7
-15.128663,26.801947,0,2C636222-CB43-AB6F-444A-7278047991C7
15.64406,-26.613083,2,2C636222-CB43-AB6F-444A-7278047991C7
42.02903,-13.060279,2,2C636222-CB43-AB6F-444A-7278047991C7
-5.7099156,4.887339,2,2C636222-CB43-AB6F-444A-7278047991C7
36.55927,-10.04735,0,2C636222-CB43-AB6F-444A-7278047991C7
13.3237915,-11.072676,2,35FEE4B0-EF25-110F-8D86-5410FA57646B
42.048447,-15.123672,2,35FEE4B0-EF25-110F-8D86-5410FA57646B
10.308754,28.296139,2,35FEE4B0-EF25-110F-8D86-5410FA57646B
31.080654,-2.9163404,2,35FEE4B0-EF25-110F-8D86-5410FA57646B
7.691217,56.08881,2,35FEE4B0-EF25-110F-8D86-5410FA57646B
9.155237,32.359074,2,35FEE4B0-EF25-110F-8D86-5410FA57646B
-2.7118695,46.58009,2,35FEE4B0-EF25-110F-8D86-5410FA57646B
-13.488161,28.472342,2,35FEE4B0-EF25-110F-8D86-5410FA57646B
-19.769173,26.916294,2,35FEE4B0-EF25-110F-8D86-5410FA57646B
-53.89127,20.61347,2,35FEE4B0-EF25-110F-8D86-5410FA57646B
-1.6168215,-19.10009,2,35FEE4B0-EF25-110F-8D86-5410FA57646B
9.990267,-52.214386,2,35FEE4B0-EF25-110F-8D86-5410FA57646B
8.897652,34.499584,0,35FEE4B0-EF25-110F-8D86-5410FA57646B
-2.0431795,58.981514,0,35FEE4B0-EF25-110F-8D86-5410FA57646B
-1.1549263,37.230434,0,35FEE4B0-EF25-110F-8D86-5410FA57646B
12.757475,29.163559,0,35FEE4B0-EF25-110F-8D86-5410FA57646B
5.492228,25.966993,0,35FEE4B0-EF25-110F-8D86-5410FA57646B
25.513348,43.065067,0,35FEE4B0-EF25-110F-8D86-5410FA57646B
25.580772,-18.96221,0,35FEE4B0-EF25-110F-8D86-5410FA57646B
-10.051941,51.47722,2,35FEE4B0-EF25-110F-8D86-5410FA57646B
-3.2643504,46.44399,0,35FEE4B0-EF25-110F-8D86-5410FA57646B
-7.787798,51.503395,0,35FEE4B0-EF25-110F-8D86-5410FA57646B
26.272509,-4.374422,2,35FEE4B0-EF25-110F-8D86-5410FA57646B
27.87252,-4.7562485,2,35FEE4B0-EF25-110F-8D86-5410FA57646B
12.345674,34.92145,2,35FEE4B0-EF25-110F-8D86-5410FA57646B
-8.3639145,57.982185,2,35FEE4B0-EF25-110F-8D86-5410FA57646B
-11.455383,54.03807,2,35FEE4B0-EF25-110F-8D86-5410FA57646B
-54.593212,15.6777725,2,35FEE4B0-EF25-110F-8D86-5410FA57646B
-57.733746,16.675081,2,35FEE4B0-EF25-110F-8D86-5410FA57646B
6.948975,-51.57533,2,35FEE4B0-EF25-110F-8D86-5410FA57646B
5.148265,-21.590971,0,35FEE4B0-EF25-110F-8D86-5410FA57646B
17.0108,-27.304928,1,37249306-1597-DC6D-3544-6FEDBBF8B848
-0.6776025,60.849655,1,37249306-1597-DC6D-3544-6FEDBBF8B848
-11.018727,50.224674,2,37249306-1597-DC6D-3544-6FEDBBF8B848
2.876384,57.01605,2,37249306-1597-DC6D-3544-6FEDBBF8B848
8.8727665,33.18003,2,37249306-1597-DC6D-3544-6FEDBBF8B848
-0.89909244,27.328005,2,37249306-1597-DC6D-3544-6FEDBBF8B848
6.3714256,-50.990547,0,37249306-1597-DC6D-3544-6FEDBBF8B848
-19.939875,27.835358,0,37249306-1597-DC6D-3544-6FEDBBF8B848
-0.97079855,-25.902515,0,37249306-1597-DC6D-3544-6FEDBBF8B848
4.3578744,20.016996,0,37249306-1597-DC6D-3544-6FEDBBF8B848
22.995266,-5.6379013,0,37249306-1597-DC6D-3544-6FEDBBF8B848
7.6437283,60.906624,0,37249306-1597-DC6D-3544-6FEDBBF8B848
4.1672034,40.640434,2,37249306-1597-DC6D-3544-6FEDBBF8B848
25.460135,-3.7668571,2,37249306-1597-DC6D-3544-6FEDBBF8B848
11.42984,35.56603,2,37249306-1597-DC6D-3544-6FEDBBF8B848
-3.5115767,47.01937,2,37249306-1597-DC6D-3544-6FEDBBF8B848
12.873726,-25.948145,0,37249306-1597-DC6D-3544-6FEDBBF8B848
-22.201666,27.296967,0,37249306-1597-DC6D-3544-6FEDBBF8B848
35.461052,-6.920593,0,3C54E0F5-9C12-3137-9EC1-39645770F53A
-48.788387,8.418325,2,3C54E0F5-9C12-3137-9EC1-39645770F53A
27.299473,-9.205527,2,3C54E0F5-9C12-3137-9EC1-39645770F53A
26.93437,-9.742477,2,3C54E0F5-9C12-3137-9EC1-39645770F53A
-3.1476088,57.424927,2,3C54E0F5-9C12-3137-9EC1-39645770F53A
27.16867,-17.824297,2,3C54E0F5-9C12-3137-9EC1-39645770F53A
0.27494153,47.53345,0,3C54E0F5-9C12-3137-9EC1-39645770F53A
8.094284,-35.248196,0,3C54E0F5-9C12-3137-9EC1-39645770F53A
-0.7486714,23.807764,0,3C54E0F5-9C12-3137-9EC1-39645770F53A
24.531183,-20.688847,0,3C54E0F5-9C12-3137-9EC1-39645770F53A
6.2583494,33.70649,0,3C54E0F5-9C12-3137-9EC1-39645770F53A
26.487999,-15.88976,0,3C54E0F5-9C12-3137-9EC1-39645770F53A
16.64245,-56.661224,0,3C54E0F5-9C12-3137-9EC1-39645770F53A
26.634909,-5.372645,0,3C54E0F5-9C12-3137-9EC1-39645770F53A
-4.884115,-0.4238656,0,3C54E0F5-9C12-3137-9EC1-39645770F53A
24.315182,45.247246,1,3C54E0F5-9C12-3137-9EC1-39645770F53A
11.811293,53.25927,1,3C54E0F5-9C12-3137-9EC1-39645770F53A
40.95584,-17.059258,1,3C54E0F5-9C12-3137-9EC1-39645770F53A
6.5029426,31.225626,2,3C54E0F5-9C12-3137-9EC1-39645770F53A
33.402023,39.288628,2,3C54E0F5-9C12-3137-9EC1-39645770F53A
28.994225,-9.40944,2,3C54E0F5-9C12-3137-9EC1-39645770F53A
29.122364,-13.229243,2,3C54E0F5-9C12-3137-9EC1-39645770F53A
4.5195932,21.013002,1,3C54E0F5-9C12-3137-9EC1-39645770F53A
15.992001,-21.918415,1,3C54E0F5-9C12-3137-9EC1-39645770F53A
15.997944,-9.182177,1,3FC0B5B3-AC42-BF96-D8EE-10E81EAAACF6
29.082155,-9.581514,1,3FC0B5B3-AC42-BF96-D8EE-10E81EAAACF6
26.505148,-15.041854,2,3FC0B5B3-AC42-BF96-D8EE-10E81EAAACF6
23.430391,-24.838327,2,3FC0B5B3-AC42-BF96-D8EE-10E81EAAACF6
23.097382,-22.754406,2,3FC0B5B3-AC42-BF96-D8EE-10E81EAAACF6
-53.85171,9.693355,2,3FC0B5B3-AC42-BF96-D8EE-10E81EAAACF6
9.607313,-58.24203,1,3FC0B5B3-AC42-BF96-D8EE-10E81EAAACF6
3.340902,-36.1162,1,3FC0B5B3-AC42-BF96-D8EE-10E81EAAACF6
-2.3057344,-22.228727,1,3FC0B5B3-AC42-BF96-D8EE-10E81EAAACF6
-13.2084465,50.694664,1,3FC0B5B3-AC42-BF96-D8EE-10E81EAAACF6
4.6067433,53.565395,1,3FC0B5B3-AC42-BF96-D8EE-10E81EAAACF6
26.448778,43.204357,1,3FC0B5B3-AC42-BF96-D8EE-10E81EAAACF6
21.692783,48.92277,1,3FC0B5B3-AC42-BF96-D8EE-10E81EAAACF6
14.047907,-19.81114,1,3FC0B5B3-AC42-BF96-D8EE-10E81EAAACF6
4.755344,34.58509,1,3FC0B5B3-AC42-BF96-D8EE-10E81EAAACF6
21.481552,49.27244,1,3FC0B5B3-AC42-BF96-D8EE-10E81EAAACF6
0.6705168,19.91726,1,3FC0B5B3-AC42-BF96-D8EE-10E81EAAACF6
-1.5400735,37.884907,2,3FC0B5B3-AC42-BF96-D8EE-10E81EAAACF6
37.255398,-3.7276213,2,3FC0B5B3-AC42-BF96-D8EE-10E81EAAACF6
-0.23799337,24.340706,2,3FC0B5B3-AC42-BF96-D8EE-10E81EAAACF6
-2.3437438,59.699993,2,3FC0B5B3-AC42-BF96-D8EE-10E81EAAACF6
4.0665555,-14.117278,2,3FC0B5B3-AC42-BF96-D8EE-10E81EAAACF6
-3.2333367,48.55335,1,3FC0B5B3-AC42-BF96-D8EE-10E81EAAACF6
-14.508664,51.606915,2,3FC0B5B3-AC42-BF96-D8EE-10E81EAAACF6
-8.87914,-67.74081,2,4690C2DC-C0B5-6C1B-880A-D31C46C8A565
5.086934,-78.57273,2,4690C2DC-C0B5-6C1B-880A-D31C46C8A565
-15.567238,-37.00672,2,4690C2DC-C0B5-6C1B-880A-D31C46C8A565
-16.271925,-28.738783,2,4690C2DC-C0B5-6C1B-880A-D31C46C8A565
-15.4022665,52.650322,2,4690C2DC-C0B5-6C1B-880A-D31C46C8A565
-2.2477853,23.420673,2,4690C2DC-C0B5-6C1B-880A-D31C46C8A565
14.835952,26.484213,0,4690C2DC-C0B5-6C1B-880A-D31C46C8A565
27.985245,-2.6897068,0,4690C2DC-C0B5-6C1B-880A-D31C46C8A565
3.4465961,55.799267,0,4690C2DC-C0B5-6C1B-880A-D31C46C8A565
1.5118175,40.58392,0,4690C2DC-C0B5-6C1B-880A-D31C46C8A565
34.89112,-6.828255,2,4690C2DC-C0B5-6C1B-880A-D31C46C8A565
18.800446,-18.97292,2,4690C2DC-C0B5-6C1B-880A-D31C46C8A565
-56.516243,16.278442,0,4690C2DC-C0B5-6C1B-880A-D31C46C8A565
-6.6534705,31.874939,0,4690C2DC-C0B5-6C1B-880A-D31C46C8A565
16.975782,-9.694539,0,4690C2DC-C0B5-6C1B-880A-D31C46C8A565
2.9343247,38.31859,0,4690C2DC-C0B5-6C1B-880A-D31C46C8A565
0.6099124,46.423874,0,4690C2DC-C0B5-6C1B-880A-D31C46C8A565
28.172579,-12.124799,0,4690C2DC-C0B5-6C1B-880A-D31C46C8A565
-50.31533,8.851782,0,46A9A47E-EDE3-2EF4-2F06-E95AF67D57E1
-51.325096,4.024079,2,46A9A47E-EDE3-2EF4-2F06-E95AF67D57E1
-16.839111,2.5638542,2,46A9A47E-EDE3-2EF4-2F06-E95AF67D57E1
-8.630731,53.175842,2,46A9A47E-EDE3-2EF4-2F06-E95AF67D57E1
-10.729132,-3.7395444,2,46A9A47E-EDE3-2EF4-2F06-E95AF67D57E1
-1.6817981,59.091988,2,46A9A47E-EDE3-2EF4-2F06-E95AF67D57E1
36.584526,-9.983994,2,46A9A47E-EDE3-2EF4-2F06-E95AF67D57E1
23.073162,48.25524,2,46A9A47E-EDE3-2EF4-2F06-E95AF67D57E1
32.139385,-4.216921,2,46A9A47E-EDE3-2EF4-2F06-E95AF67D57E1
31.631664,-9.913824,0,46A9A47E-EDE3-2EF4-2F06-E95AF67D57E1
22.59804,-16.440592,2,46A9A47E-EDE3-2EF4-2F06-E95AF67D57E1
25.853569,-21.21512,2,46A9A47E-EDE3-2EF4-2F06-E95AF67D57E1
37.534893,22.704332,2,47494449-E68E-E554-8BB1-ECEEE432E269
26.253014,5.0567017,2,47494449-E68E-E554-8BB1-ECEEE432E269
23.868635,48.210007,2,47494449-E68E-E554-8BB1-ECEEE432E269
28.331964,-20.817038,2,47494449-E68E-E554-8BB1-ECEEE432E269
-11.813631,-1.005867,2,47494449-E68E-E554-8BB1-ECEEE432E269
25.10112,-5.208252,2,47494449-E68E-E554-8BB1-ECEEE432E269
-53.30598,14.56801,2,47494449-E68E-E554-8BB1-ECEEE432E269
-20.250546,31.245026,2,47494449-E68E-E554-8BB1-ECEEE432E269
-16.461056,33.677406,2,47494449-E68E-E554-8BB1-ECEEE432E269
-5.6205263,46.835632,0,47494449-E68E-E554-8BB1-ECEEE432E269
-54.16139,20.829683,0,47494449-E68E-E554-8BB1-ECEEE432E269
-14.640357,-32.532505,0,47494449-E68E-E554-8BB1-ECEEE432E269
-2.1158762,-35.77425,0,47494449-E68E-E554-8BB1-ECEEE432E269
2.6754293,-23.263334,0,47494449-E68E-E554-8BB1-ECEEE432E269
25.903831,-25.514086,0,47494449-E68E-E554-8BB1-ECEEE432E269
3.3434727,24.320353,0,47494449-E68E-E554-8BB1-ECEEE432E269
15.171127,29.482376,0,47494449-E68E-E554-8BB1-ECEEE432E269
-5.2070217,3.38067,0,47494449-E68E-E554-8BB1-ECEEE432E269
-13.084314,30.515507,2,47494449-E68E-E554-8BB1-ECEEE432E269
-1.0202053,-24.284025,2,47494449-E68E-E554-8BB1-ECEEE432E269
7.9780188,-52.614445,2,47494449-E68E-E554-8BB1-ECEEE432E269
-23.389368,-6.8568764,2,47494449-E68E-E554-8BB1-ECEEE432E269
-0.019499226,-67.731155,2,47494449-E68E-E554-8BB1-ECEEE432E269
-17.85476,-32.940006,2,47494449-E68E-E554-8BB1-ECEEE432E269
14.845404,-55.79925,1,47494449-E68E-E554-8BB1-ECEEE432E269
-14.183841,-4.7235804,1,47494449-E68E-E554-8BB1-ECEEE432E269
-2.431229,40.07552,0,47494449-E68E-E554-8BB1-ECEEE432E269
-14.152589,1.1506715,0,47494449-E68E-E554-8BB1-ECEEE432E269
-49.907017,9.551877,2,47494449-E68E-E554-8BB1-ECEEE432E269
2.7175388,41.194145,2,47494449-E68E-E554-8BB1-ECEEE432E269
27.117998,-4.02721,2,47494449-E68E-E554-8BB1-ECEEE432E269
-0.07913365,55.824238,2,47494449-E68E-E554-8BB1-ECEEE432E269
3.2174244,46.622135,2,47494449-E68E-E554-8BB1-ECEEE432E269
4.880729,22.80911,0,47494449-E68E-E554-8BB1-ECEEE432E269
25.497438,-22.081394,0,47494449-E68E-E554-8BB1-ECEEE432E269
-12.22377,48.49087,1,47494449-E68E-E554-8BB1-ECEEE432E269
0.03721667,45.496094,0,48847236-6E23-6E61-57CD-780C68FAA2C2
-48.548347,8.784775,0,48847236-6E23-6E61-57CD-780C68FAA2C2
28.45944,-14.881855,0,48847236-6E23-6E61-57CD-780C68FAA2C2
-13.025341,-3.111979,0,48847236-6E23-6E61-57CD-780C68FAA2C2
38.590908,-17.884977,0,48847236-6E23-6E61-57CD-780C68FAA2C2
-3.3040278,46.035564,0,48847236-6E23-6E61-57CD-780C68FAA2C2
16.01772,-28.058235,2,48847236-6E23-6E61-57CD-780C68FAA2C2
9.576081,-57.09589,0,48D32E40-ABB9-E3FB-185C-8A5AA0C44CBF
4.311939,-58.256653,0,48D32E40-ABB9-E3FB-185C-8A5AA0C44CBF
-21.923141,-7.6771717,0,48D32E40-ABB9-E3FB-185C-8A5AA0C44CBF
-54.067528,18.911366,0,48D32E40-ABB9-E3FB-185C-8A5AA0C44CBF
-16.885866,28.218353,0,48D32E40-ABB9-E3FB-185C-8A5AA0C44CBF
8.946803,-48.704254,0,48D32E40-ABB9-E3FB-185C-8A5AA0C44CBF
33.258633,-5.590316,2,48D32E40-ABB9-E3FB-185C-8A5AA0C44CBF
23.186934,-18.676043,2,48D32E40-ABB9-E3FB-185C-8A5AA0C44CBF
-11.088694,26.314384,2,48D32E40-ABB9-E3FB-185C-8A5AA0C44CBF
-2.0799384,-23.663677,0,48D32E40-ABB9-E3FB-185C-8A5AA0C44CBF
7.121224,-50.034943,0,48D32E40-ABB9-E3FB-185C-8A5AA0C44CBF
-52.687977,25.1588,0,48D32E40-ABB9-E3FB-185C-8A5AA0C44CBF
-52.559242,25.112816,1,48D32E40-ABB9-E3FB-185C-8A5AA0C44CBF
-54.418026,23.837809,1,48D32E40-ABB9-E3FB-185C-8A5AA0C44CBF
-19.544033,51.466396,1,48D32E40-ABB9-E3FB-185C-8A5AA0C44CBF
-25.97257,28.976875,1,48D32E40-ABB9-E3FB-185C-8A5AA0C44CBF
-13.612637,-30.860102,1,48D32E40-ABB9-E3FB-185C-8A5AA0C44CBF
-26.051498,28.020506,1,48D32E40-ABB9-E3FB-185C-8A5AA0C44CBF
23.26757,-18.751816,0,48D32E40-ABB9-E3FB-185C-8A5AA0C44CBF
14.68377,-57.04366,0,48D32E40-ABB9-E3FB-185C-8A5AA0C44CBF
12.36231,-27.807425,2,48D32E40-ABB9-E3FB-185C-8A5AA0C44CBF
-17.392208,27.982378,2,48D32E40-ABB9-E3FB-185C-8A5AA0C44CBF
-16.760424,26.190031,2,48D32E40-ABB9-E3FB-185C-8A5AA0C44CBF
-13.12679,33.67303,2,48D32E40-ABB9-E3FB-185C-8A5AA0C44CBF
-6.059239,-22.74021,2,48D32E40-ABB9-E3FB-185C-8A5AA0C44CBF
-3.37698,-16.8632,1,48D32E40-ABB9-E3FB-185C-8A5AA0C44CBF
5.4862423,-56.669704,1,48D32E40-ABB9-E3FB-185C-8A5AA0C44CBF
-29.404045,-11.683947,0,48D32E40-ABB9-E3FB-185C-8A5AA0C44CBF
-18.005602,-36.085587,0,48D32E40-ABB9-E3FB-185C-8A5AA0C44CBF
3.7665968,-78.105705,0,48D32E40-ABB9-E3FB-185C-8A5AA0C44CBF
25.679455,45.781803,0,4B423110-8A54-A87F-39BB-D68BF033C7FC
31.75439,-5.4385886,0,4B423110-8A54-A87F-39BB-D68BF033C7FC
-11.792714,-1.0478101,0,4B423110-8A54-A87F-39BB-D68BF033C7FC
-3.5974927,55.706844,2,4B423110-8A54-A87F-39BB-D68BF033C7FC
-14.322596,30.215725,2,4B423110-8A54-A87F-39BB-D68BF033C7FC
-54.621006,18.386835,2,4B423110-8A54-A87F-39BB-D68BF033C7FC
10.940839,56.958504,0,4B423110-8A54-A87F-39BB-D68BF033C7FC
8.698321,22.69281,0,4B423110-8A54-A87F-39BB-D68BF033C7FC
4.6539354,41.123386,0,4B423110-8A54-A87F-39BB-D68BF033C7FC
31.208393,-3.1467803,0,4B423110-8A54-A87F-39BB-D68BF033C7FC
9.839477,55.156914,0,4B423110-8A54-A87F-39BB-D68BF033C7FC
-5.8135357,58.04175,2,4B423110-8A54-A87F-39BB-D68BF033C7FC
42.938866,8.327691,0,4B423110-8A54-A87F-39BB-D68BF033C7FC
-2.095113,23.021486,0,4B423110-8A54-A87F-39BB-D68BF033C7FC
21.2132,-24.15175,0,4B423110-8A54-A87F-39BB-D68BF033C7FC
14.501749,-19.827644,0,4B423110-8A54-A87F-39BB-D68BF033C7FC
-14.427695,-2.8041997,1,4B423110-8A54-A87F-39BB-D68BF033C7FC
-52.440002,10.478439,1,4B423110-8A54-A87F-39BB-D68BF033C7FC
-17.487564,1.8430711,1,4B423110-8A54-A87F-39BB-D68BF033C7FC
26.236294,-9.525934,1,4B423110-8A54-A87F-39BB-D68BF033C7FC
2.8529084,60.886623,1,4B423110-8A54-A87F-39BB-D68BF033C7FC
27.413027,-4.1090846,1,4B423110-8A54-A87F-39BB-D68BF033C7FC
10.521619,59.29469,1,4B423110-8A54-A87F-39BB-D68BF033C7FC
34.94839,-1.9944468,1,4B423110-8A54-A87F-39BB-D68BF033C7FC
37.605793,21.193094,2,4BD5749B-A1D2-E6C9-156F-DF107802D3BE
26.058947,5.5459795,2,4BD5749B-A1D2-E6C9-156F-DF107802D3BE
5.9624324,24.552927,2,4BD5749B-A1D2-E6C9-156F-DF107802D3BE
-8.204873,51.381073,2,4BD5749B-A1D2-E6C9-156F-DF107802D3BE
-5.8008404,58.120556,2,4BD5749B-A1D2-E6C9-156F-DF107802D3BE
8.477901,53.274815,2,4BD5749B-A1D2-E6C9-156F-DF107802D3BE
10.334892,-23.218163,2,4BD5749B-A1D2-E6C9-156F-DF107802D3BE
20.20574,-24.697664,2,4BD5749B-A1D2-E6C9-156F-DF107802D3BE
-15.492588,27.637964,2,4BD5749B-A1D2-E6C9-156F-DF107802D3BE
-15.018432,31.659603,2,4BD5749B-A1D2-E6C9-156F-DF107802D3BE
-23.186401,-9.412802,2,4BD5749B-A1D2-E6C9-156F-DF107802D3BE
2.6670902,-52.62852,2,4BD5749B-A1D2-E6C9-156F-DF107802D3BE
-17.690445,55.748352,0,4BD5749B-A1D2-E6C9-156F-DF107802D3BE
19.991411,-21.31232,0,4BD5749B-A1D2-E6C9-156F-DF107802D3BE
-1.230387,56.89606,0,4BD5749B-A1D2-E6C9-156F-DF107802D3BE
28.194046,-1.2091439,0,4BD5749B-A1D2-E6C9-156F-DF107802D3BE
43.032288,-11.623606,0,4BD5749B-A1D2-E6C9-156F-DF107802D3BE
30.074453,-13.347787,0,4BD5749B-A1D2-E6C9-156F-DF107802D3BE
-43.87892,4.159967,0,4BD5749B-A1D2-E6C9-156F-DF107802D3BE
-44.21449,8.19884,0,4BD5749B-A1D2-E6C9-156F-DF107802D3BE
-5.763741,1.1050088,0,4BD5749B-A1D2-E6C9-156F-DF107802D3BE
24.280209,4.0331163,0,4BD5749B-A1D2-E6C9-156F-DF107802D3BE
8.21036,31.191319,0,4BD5749B-A1D2-E6C9-156F-DF107802D3BE
2.2705097,61.375916,0,4BD5749B-A1D2-E6C9-156F-DF107802D3BE
-49.83027,4.1338906,0,4BD5749B-A1D2-E6C9-156F-DF107802D3BE
3.4905918,62.399902,0,4BD5749B-A1D2-E6C9-156F-DF107802D3BE
7.902245,32.268555,2,4BD5749B-A1D2-E6C9-156F-DF107802D3BE
31.354319,-10.265626,2,4BD5749B-A1D2-E6C9-156F-DF107802D3BE
3.7230625,48.56488,2,4BD5749B-A1D2-E6C9-156F-DF107802D3BE
44.1934,-13.232611,2,4BD5749B-A1D2-E6C9-156F-DF107802D3BE
-1.8543768,20.808435,2,4BFAECAC-0CC2-F9AC-17BB-7343BE737D81
-13.630353,49.52148,2,4BFAECAC-0CC2-F9AC-17BB-7343BE737D81
-15.4162035,25.009321,2,4BFAECAC-0CC2-F9AC-17BB-7343BE737D81
-23.465672,-9.610751,2,4BFAECAC-0CC2-F9AC-17BB-7343BE737D81
-15.895906,54.009235,2,4BFAECAC-0CC2-F9AC-17BB-7343BE737D81
-19.436785,50.728977,2,4BFAECAC-0CC2-F9AC-17BB-7343BE737D81
12.098003,0.39506128,2,4CAE9D77-C8A8-2EE8-53D0-7C3C6331B2C5
3.5295417,40.60692,2,4CAE9D77-C8A8-2EE8-53D0-7C3C6331B2C5
12.804769,35.587933,2,4CAE9D77-C8A8-2EE8-53D0-7C3C6331B2C5
28.493856,-20.981144,2,4CAE9D77-C8A8-2EE8-53D0-7C3C6331B2C5
-12.372781,51.334793,2,4CAE9D77-C8A8-2EE8-53D0-7C3C6331B2C5
-22.38949,30.631054,0,4CAE9D77-C8A8-2EE8-53D0-7C3C6331B2C5
9.642535,31.845211,2,4CAE9D77-C8A8-2EE8-53D0-7C3C6331B2C5
7.3574395,56.460495,2,4CAE9D77-C8A8-2EE8-53D0-7C3C6331B2C5
11.320657,59.085587,2,4CAE9D77-C8A8-2EE8-53D0-7C3C6331B2C5
4.4305277,58.617317,0,4CAE9D77-C8A8-2EE8-53D0-7C3C6331B2C5
12.638425,54.21609,0,4CAE9D77-C8A8-2EE8-53D0-7C3C6331B2C5
26.28782,-3.51149,0,4CAE9D77-C8A8-2EE8-53D0-7C3C6331B2C5
7.875907,55.51678,2,4CAE9D77-C8A8-2EE8-53D0-7C3C6331B2C5
9.317881,27.23126,2,4CAE9D77-C8A8-2EE8-53D0-7C3C6331B2C5
4.039199,40.59479,2,4CAE9D77-C8A8-2EE8-53D0-7C3C6331B2C5
9.0090065,60.594696,0,4CAE9D77-C8A8-2EE8-53D0-7C3C6331B2C5
29.30891,8.222035,0,4CAE9D77-C8A8-2EE8-53D0-7C3C6331B2C5
-5.8974147,2.8511314,0,4CAE9D77-C8A8-2EE8-53D0-7C3C6331B2C5
-9.503619,1.5185981,0,4CAE9D77-C8A8-2EE8-53D0-7C3C6331B2C5
15.890145,-8.545825,0,4CAE9D77-C8A8-2EE8-53D0-7C3C6331B2C5
3.8247046,29.085588,0,4CAE9D77-C8A8-2EE8-53D0-7C3C6331B2C5
14.382696,-20.4268,0,4CAE9D77-C8A8-2EE8-53D0-7C3C6331B2C5
13.68587,-22.737608,1,4CAE9D77-C8A8-2EE8-53D0-7C3C6331B2C5
-1.658426,40.493088,0,4CAE9D77-C8A8-2EE8-53D0-7C3C6331B2C5
-14.471613,-0.591497,0,4CAE9D77-C8A8-2EE8-53D0-7C3C6331B2C5
12.67031,-14.683636,0,4CAE9D77-C8A8-2EE8-53D0-7C3C6331B2C5
27.526081,-8.041094,0,4CAE9D77-C8A8-2EE8-53D0-7C3C6331B2C5
-9.388399,-1.5486194,0,4CAE9D77-C8A8-2EE8-53D0-7C3C6331B2C5
13.34748,34.265343,0,4CAE9D77-C8A8-2EE8-53D0-7C3C6331B2C5
7.023334,22.214085,0,4CAE9D77-C8A8-2EE8-53D0-7C3C6331B2C5
43.073742,-14.458806,2,5690E95B-9747-B2B5-2EE1-16A72200D5CC
26.515303,4.0450864,2,5690E95B-9747-B2B5-2EE1-16A72200D5CC
15.959098,26.564554,2,5690E95B-9747-B2B5-2EE1-16A72200D5CC
34.69214,4.3706326,2,5690E95B-9747-B2B5-2EE1-16A72200D5CC
30.114601,1.4390242,2,5690E95B-9747-B2B5-2EE1-16A72200D5CC
4.2868423,57.0475,2,5690E95B-9747-B2B5-2EE1-16A72200D5CC
17.592274,-15.588039,2,5690E95B-9747-B2B5-2EE1-16A72200D5CC
-11.496724,26.491909,2,5690E95B-9747-B2B5-2EE1-16A72200D5CC
-14.427207,54.44714,2,5690E95B-9747-B2B5-2EE1-16A72200D5CC
-56.471817,16.810034,2,5690E95B-9747-B2B5-2EE1-16A72200D5CC
4.282206,-36.730656,2,5690E95B-9747-B2B5-2EE1-16A72200D5CC
-22.899355,-6.935672,2,5690E95B-9747-B2B5-2EE1-16A72200D5CC
-55.90445,23.62967,0,5690E95B-9747-B2B5-2EE1-16A72200D5CC
-17.07402,30.684544,2,5690E95B-9747-B2B5-2EE1-16A72200D5CC
15.8245,-19.058102,2,5690E95B-9747-B2B5-2EE1-16A72200D5CC
3.778735,20.84737,2,5690E95B-9747-B2B5-2EE1-16A72200D5CC
33.262802,39.25496,2,5690E95B-9747-B2B5-2EE1-16A72200D5CC
27.204262,35.284237,2,5690E95B-9747-B2B5-2EE1-16A72200D5CC
-20.46676,29.028162,2,5690E95B-9747-B2B5-2EE1-16A72200D5CC
-8.2623625,-22.205551,2,5690E95B-9747-B2B5-2EE1-16A72200D5CC
2.9570432,-55.448784,2,5690E95B-9747-B2B5-2EE1-16A72200D5CC
-13.100467,36.890587,2,5690E95B-9747-B2B5-2EE1-16A72200D5CC
-13.618667,-33.530304,2,5690E95B-9747-B2B5-2EE1-16A72200D5CC
-4.4382386,-68.36249,2,5690E95B-9747-B2B5-2EE1-16A72200D5CC
-18.349503,-37.68897,2,5690E95B-9747-B2B5-2EE1-16A72200D5CC
-4.9662824,-70.912056,0,5690E95B-9747-B2B5-2EE1-16A72200D5CC
-6.2971134,-57.694397,2,5690E95B-9747-B2B5-2EE1-16A72200D5CC
-15.639203,-35.833313,2,5690E95B-9747-B2B5-2EE1-16A72200D5CC
6.0131125,-76.84381,2,5690E95B-9747-B2B5-2EE1-16A72200D5CC
-7.646631,-67.388664,2,5690E95B-9747-B2B5-2EE1-16A72200D5CC
-44.30298,8.358385,0,58CB3C5E-2F5C-31FE-83E8-C6772D99B8D5
11.331809,57.662773,0,58CB3C5E-2F5C-31FE-83E8-C6772D99B8D5
17.842094,-7.654991,0,58CB3C5E-2F5C-31FE-83E8-C6772D99B8D5
14.806449,-58.53633,2,58CB3C5E-2F5C-31FE-83E8-C6772D99B8D5
-12.468608,55.66506,2,58CB3C5E-2F5C-31FE-83E8-C6772D99B8D5
-1.2114861,-21.170012,2,58CB3C5E-2F5C-31FE-83E8-C6772D99B8D5
8.941446,-55.804676,2,58CB3C5E-2F5C-31FE-83E8-C6772D99B8D5
-11.808843,-33.543175,0,58CB3C5E-2F5C-31FE-83E8-C6772D99B8D5
-21.812225,-8.8578,0,58CB3C5E-2F5C-31FE-83E8-C6772D99B8D5
5.6215744,-63.648563,0,58CB3C5E-2F5C-31FE-83E8-C6772D99B8D5
7.943683,-50.94644,0,58CB3C5E-2F5C-31FE-83E8-C6772D99B8D5
1.191875,-27.052261,0,58CB3C5E-2F5C-31FE-83E8-C6772D99B8D5
-13.214357,-44.62671,1,58CB3C5E-2F5C-31FE-83E8-C6772D99B8D5
-1.9574832,-67.041954,1,58CB3C5E-2F5C-31FE-83E8-C6772D99B8D5
-16.245848,29.97163,0,58CB3C5E-2F5C-31FE-83E8-C6772D99B8D5
-2.216698,23.113104,0,58CB3C5E-2F5C-31FE-83E8-C6772D99B8D5
33.154568,39.201168,0,58CB3C5E-2F5C-31FE-83E8-C6772D99B8D5
32.205414,-11.387705,0,58CB3C5E-2F5C-31FE-83E8-C6772D99B8D5
16.310322,42.0096,0,5E491E0A-C580-29BE-4329-ED7BFF843D0D
-39.111874,4.493373,1,5E491E0A-C580-29BE-4329-ED7BFF843D0D
-38.555115,4.485459,1,5E491E0A-C580-29BE-4329-ED7BFF843D0D
-38.27678,4.2017255,1,5E491E0A-C580-29BE-4329-ED7BFF843D0D
26.02675,13.797795,1,5E491E0A-C580-29BE-4329-ED7BFF843D0D
49.042126,8.816226,1,5E491E0A-C580-29BE-4329-ED7BFF843D0D
8.1414995,33.791367,0,5E491E0A-C580-29BE-4329-ED7BFF843D0D
-49.21981,9.241078,0,5E491E0A-C580-29BE-4329-ED7BFF843D0D
16.315113,27.480257,0,5E491E0A-C580-29BE-4329-ED7BFF843D0D
-43.49441,3.2612689,2,5E491E0A-C580-29BE-4329-ED7BFF843D0D
-43.09803,3.3429708,2,5E491E0A-C580-29BE-4329-ED7BFF843D0D
26.450294,4.967834,2,5E491E0A-C580-29BE-4329-ED7BFF843D0D
13.794232,-14.908757,1,5E491E0A-C580-29BE-4329-ED7BFF843D0D
14.094581,-14.922922,2,5E491E0A-C580-29BE-4329-ED7BFF843D0D
14.019865,-14.045861,2,5E491E0A-C580-29BE-4329-ED7BFF843D0D
23.546614,-22.253857,2,5E491E0A-C580-29BE-4329-ED7BFF843D0D
-53.78383,11.977598,2,5E491E0A-C580-29BE-4329-ED7BFF843D0D
-3.2686646,-24.810188,2,5E491E0A-C580-29BE-4329-ED7BFF843D0D
-1.5640953,-56.618744,1,5F222604-CB86-1ABA-EB7B-31FF78B7BE93
-18.556839,-31.478714,1,5F222604-CB86-1ABA-EB7B-31FF78B7BE93
2.5345743,-78.40782,1,5F222604-CB86-1ABA-EB7B-31FF78B7BE93
2.5204833,-79.63804,1,5F222604-CB86-1ABA-EB7B-31FF78B7BE93
-6.5646796,-66.29302,1,5F222604-CB86-1ABA-EB7B-31FF78B7BE93
-1.9389428,-58.702744,1,5F222604-CB86-1ABA-EB7B-31FF78B7BE93
-11.241458,27.666138,1,5F222604-CB86-1ABA-EB7B-31FF78B7BE93
22.410288,-26.190264,1,5F222604-CB86-1ABA-EB7B-31FF78B7BE93
-2.49686,54.978657,1,5F222604-CB86-1ABA-EB7B-31FF78B7BE93
-8.133706,55.592823,1,5F222604-CB86-1ABA-EB7B-31FF78B7BE93
-1.4792185,27.089636,1,5F222604-CB86-1ABA-EB7B-31FF78B7BE93
3.6158488,48.759933,1,5F222604-CB86-1ABA-EB7B-31FF78B7BE93
24.449802,-8.38898,1,5F222604-CB86-1ABA-EB7B-31FF78B7BE93
-13.239563,2.3674335,1,5F222604-CB86-1ABA-EB7B-31FF78B7BE93
3.3140695,54.81039,1,5F222604-CB86-1ABA-EB7B-31FF78B7BE93
30.458593,-1.895431,1,5F222604-CB86-1ABA-EB7B-31FF78B7BE93
24.16901,47.857834,1,5F222604-CB86-1ABA-EB7B-31FF78B7BE93
14.025126,33.872387,1,5F222604-CB86-1ABA-EB7B-31FF78B7BE93
-50.648438,5.83447,1,5F222604-CB86-1ABA-EB7B-31FF78B7BE93
43.529922,-16.207949,1,5F222604-CB86-1ABA-EB7B-31FF78B7BE93
4.474617,22.411386,1,5F222604-CB86-1ABA-EB7B-31FF78B7BE93
-3.595842,28.675156,1,5F222604-CB86-1ABA-EB7B-31FF78B7BE93
-2.3117268,26.215033,1,5F222604-CB86-1ABA-EB7B-31FF78B7BE93
-4.439521,56.99374,2,5F222604-CB86-1ABA-EB7B-31FF78B7BE93
-52.685078,14.320033,2,5F222604-CB86-1ABA-EB7B-31FF78B7BE93
2.6997023,23.91991,2,5F222604-CB86-1ABA-EB7B-31FF78B7BE93
-26.449118,-9.287001,2,5F222604-CB86-1ABA-EB7B-31FF78B7BE93
-12.899323,24.959202,2,5F222604-CB86-1ABA-EB7B-31FF78B7BE93
-13.035438,24.745398,2,5F222604-CB86-1ABA-EB7B-31FF78B7BE93
-52.523384,14.770966,2,5F222604-CB86-1ABA-EB7B-31FF78B7BE93
-24.596249,-9.260602,0,5F222604-CB86-1ABA-EB7B-31FF78B7BE93
8.162695,-51.169804,0,5F222604-CB86-1ABA-EB7B-31FF78B7BE93
-11.717797,36.133484,0,5F222604-CB86-1ABA-EB7B-31FF78B7BE93
20.712494,-22.436651,0,5F222604-CB86-1ABA-EB7B-31FF78B7BE93
8.554593,57.530857,0,5F222604-CB86-1ABA-EB7B-31FF78B7BE93
-10.558568,5.8794317,1,5F222604-CB86-1ABA-EB7B-31FF78B7BE93
-3.0678718,-57.946407,1,5F222604-CB86-1ABA-EB7B-31FF78B7BE93
-3.2149663,-56.93704,1,5F222604-CB86-1ABA-EB7B-31FF78B7BE93
-4.141574,-55.402378,1,5F222604-CB86-1ABA-EB7B-31FF78B7BE93
-17.656147,-30.871964,1,5F222604-CB86-1ABA-EB7B-31FF78B7BE93
3.2726617,-35.77602,1,5F222604-CB86-1ABA-EB7B-31FF78B7BE93
-13.306855,55.417816,1,5F222604-CB86-1ABA-EB7B-31FF78B7BE93
-10.676309,29.707611,2,623D68EC-1C36-4E39-4317-BE7B59F593D2
-12.892802,56.164337,2,623D68EC-1C36-4E39-4317-BE7B59F593D2
-14.136819,54.715214,2,623D68EC-1C36-4E39-4317-BE7B59F593D2
-17.65486,31.504375,2,623D68EC-1C36-4E39-4317-BE7B59F593D2
-16.109142,54.646202,2,623D68EC-1C36-4E39-4317-BE7B59F593D2
-25.925482,29.648626,2,623D68EC-1C36-4E39-4317-BE7B59F593D2
-46.640724,3.1307955,0,623D68EC-1C36-4E39-4317-BE7B59F593D2
9.38803,28.224512,0,623D68EC-1C36-4E39-4317-BE7B59F593D2
23.984112,47.85182,0,623D68EC-1C36-4E39-4317-BE7B59F593D2
22.94379,48.159332,2,623D68EC-1C36-4E39-4317-BE7B59F593D2
13.233906,27.81745,2,623D68EC-1C36-4E39-4317-BE7B59F593D2
41.665035,-14.841296,0,623D68EC-1C36-4E39-4317-BE7B59F593D2
23.112743,-12.699216,0,623D68EC-1C36-4E39-4317-BE7B59F593D2
-9.988359,26.117674,0,623D68EC-1C36-4E39-4317-BE7B59F593D2
-16.419094,31.783884,0,623D68EC-1C36-4E39-4317-BE7B59F593D2
-24.881021,-6.2170763,0,623D68EC-1C36-4E39-4317-BE7B59F593D2
-15.829796,52.188663,0,623D68EC-1C36-4E39-4317-BE7B59F593D2
-1.3229402,-23.000206,0,623D68EC-1C36-4E39-4317-BE7B59F593D2
5.811,60.42362,2,62A1F053-1EA8-7433-090E-89D450314F41
23.243603,-19.038609,2,62A1F053-1EA8-7433-090E-89D450314F41
-54.45979,15.6940365,2,62A1F053-1EA8-7433-090E-89D450314F41
-11.389019,-24.346373,2,62A1F053-1EA8-7433-090E-89D450314F41
-9.941971,-20.524082,2,62A1F053-1EA8-7433-090E-89D450314F41
-7.773678,-22.766039,2,62A1F053-1EA8-7433-090E-89D450314F41
-8.359174,-55.632595,2,62A1F053-1EA8-7433-090E-89D450314F41
-4.872281,-58.77546,2,62A1F053-1EA8-7433-090E-89D450314F41
-54.424942,24.177715,2,62A1F053-1EA8-7433-090E-89D450314F41
-24.021193,-6.045007,2,62A1F053-1EA8-7433-090E-89D450314F41
7.352854,-22.150465,2,62A1F053-1EA8-7433-090E-89D450314F41
-1.4157863,56.244045,2,62A1F053-1EA8-7433-090E-89D450314F41
27.91955,12.377878,0,647C581E-E72F-0765-F94A-065909B99374
28.08926,11.887693,0,647C581E-E72F-0765-F94A-065909B99374
33.010075,9.377787,1,647C581E-E72F-0765-F94A-065909B99374
28.526018,11.505201,1,647C581E-E72F-0765-F94A-065909B99374
6.2189856,62.646667,1,647C581E-E72F-0765-F94A-065909B99374
8.09027,61.44353,0,647C581E-E72F-0765-F94A-065909B99374
-54.972115,22.824942,0,647C581E-E72F-0765-F94A-065909B99374
-20.88341,48.519524,0,647C581E-E72F-0765-F94A-065909B99374
-20.491611,50.895847,0,647C581E-E72F-0765-F94A-065909B99374
-18.834393,-32.130394,0,647C581E-E72F-0765-F94A-065909B99374
-29.431105,-12.916324,0,647C581E-E72F-0765-F94A-065909B99374
-18.824255,-26.839743,1,647C581E-E72F-0765-F94A-065909B99374
-1.992281,-61.44858,1,647C581E-E72F-0765-F94A-065909B99374
-54.52448,22.291471,1,647C581E-E72F-0765-F94A-065909B99374
-28.563114,-10.286109,1,647C581E-E72F-0765-F94A-065909B99374
-28.124283,-10.536892,1,647C581E-E72F-0765-F94A-065909B99374
-14.520278,-27.199806,1,647C581E-E72F-0765-F94A-065909B99374
2.915824,-56.336742,1,647C581E-E72F-0765-F94A-065909B99374
-1.2907991,-54.198475,1,647C581E-E72F-0765-F94A-065909B99374
-23.72779,-11.280977,1,647C581E-E72F-0765-F94A-065909B99374
5.695789,-73.104706,1,647C581E-E72F-0765-F94A-065909B99374
2.730922,-34.850525,1,647C581E-E72F-0765-F94A-065909B99374
10.080326,-57.799736,1,647C581E-E72F-0765-F94A-065909B99374
5.136351,-55.355396,1,647C581E-E72F-0765-F94A-065909B99374
-14.638318,-31.258759,2,647C581E-E72F-0765-F94A-065909B99374
-30.983624,-10.115473,1,647C581E-E72F-0765-F94A-065909B99374
-56.99991,19.852436,1,647C581E-E72F-0765-F94A-065909B99374
-25.077387,31.696125,2,647C581E-E72F-0765-F94A-065909B99374
-24.626816,-11.638853,2,647C581E-E72F-0765-F94A-065909B99374
-20.214716,-31.90695,2,647C581E-E72F-0765-F94A-065909B99374
22.22027,-5.533142,0,66E9719B-D383-AA87-7FAB-D9B4ABE7011C
43.35022,-14.971337,0,66E9719B-D383-AA87-7FAB-D9B4ABE7011C
-0.033252057,50.76337,0,66E9719B-D383-AA87-7FAB-D9B4ABE7011C
32.07023,6.18834,0,66E9719B-D383-AA87-7FAB-D9B4ABE7011C
28.053995,7.3236327,0,66E9719B-D383-AA87-7FAB-D9B4ABE7011C
16.96035,29.617897,0,66E9719B-D383-AA87-7FAB-D9B4ABE7011C
0.5457382,-68.87856,0,66E9719B-D383-AA87-7FAB-D9B4ABE7011C
4.3116446,-36.83591,0,66E9719B-D383-AA87-7FAB-D9B4ABE7011C
-15.633276,30.61455,0,66E9719B-D383-AA87-7FAB-D9B4ABE7011C
39.36625,-16.856926,0,66E9719B-D383-AA87-7FAB-D9B4ABE7011C
-8.582652,-2.6245568,0,66E9719B-D383-AA87-7FAB-D9B4ABE7011C
-1.020069,38.541416,0,66E9719B-D383-AA87-7FAB-D9B4ABE7011C
3.1694958,56.32384,2,66E9719B-D383-AA87-7FAB-D9B4ABE7011C
6.2089972,21.912304,2,66E9719B-D383-AA87-7FAB-D9B4ABE7011C
25.052017,44.67049,2,66E9719B-D383-AA87-7FAB-D9B4ABE7011C
29.514257,-5.49295,2,66E9719B-D383-AA87-7FAB-D9B4ABE7011C
9.923345,32.903976,2,66E9719B-D383-AA87-7FAB-D9B4ABE7011C
34.235374,-5.913911,2,66E9719B-D383-AA87-7FAB-D9B4ABE7011C
18.102749,-15.157451,2,68339CF4-6AFB-7EFB-40EA-238612F8E5A4
5.3863244,41.770123,2,68339CF4-6AFB-7EFB-40EA-238612F8E5A4
9.980377,51.102894,0,68339CF4-6AFB-7EFB-40EA-238612F8E5A4
35.46541,3.4089835,0,68339CF4-6AFB-7EFB-40EA-238612F8E5A4
7.7826524,61.20872,0,68339CF4-6AFB-7EFB-40EA-238612F8E5A4
-41.587784,2.9335635,0,68339CF4-6AFB-7EFB-40EA-238612F8E5A4
-9.303802,-25.412596,2,68339CF4-6AFB-7EFB-40EA-238612F8E5A4
-22.660881,-31.135185,2,68339CF4-6AFB-7EFB-40EA-238612F8E5A4
-20.256647,-35.79335,2,68339CF4-6AFB-7EFB-40EA-238612F8E5A4
-31.588634,-12.471101,2,68339CF4-6AFB-7EFB-40EA-238612F8E5A4
-30.598845,-11.484642,2,68339CF4-6AFB-7EFB-40EA-238612F8E5A4
6.695963,-56.598984,2,68339CF4-6AFB-7EFB-40EA-238612F8E5A4
11.745439,28.3055,1,68339CF4-6AFB-7EFB-40EA-238612F8E5A4
1.0866761,27.716427,1,68339CF4-6AFB-7EFB-40EA-238612F8E5A4
16.072538,27.399805,1,68339CF4-6AFB-7EFB-40EA-238612F8E5A4
27.255949,35.44779,1,68339CF4-6AFB-7EFB-40EA-238612F8E5A4
27.338854,-3.2720609,1,68339CF4-6AFB-7EFB-40EA-238612F8E5A4
21.001184,-19.27584,1,68339CF4-6AFB-7EFB-40EA-238612F8E5A4
-52.24063,16.624748,1,68339CF4-6AFB-7EFB-40EA-238612F8E5A4
-11.354708,-24.256866,1,68339CF4-6AFB-7EFB-40EA-238612F8E5A4
-24.212664,-9.272757,1,68339CF4-6AFB-7EFB-40EA-238612F8E5A4
-11.001468,35.92121,1,68339CF4-6AFB-7EFB-40EA-238612F8E5A4
-23.009005,-9.304042,1,68339CF4-6AFB-7EFB-40EA-238612F8E5A4
1.2761898,-66.65485,1,68339CF4-6AFB-7EFB-40EA-238612F8E5A4
37.37349,20.58935,2,6B1E25A6-882B-DDD7-CE4F-4EC17A0906CF
25.3572,48.645298,2,6B1E25A6-882B-DDD7-CE4F-4EC17A0906CF
0.21370181,57.133553,2,6B1E25A6-882B-DDD7-CE4F-4EC17A0906CF
23.13735,-2.7745957,2,6B1E25A6-882B-DDD7-CE4F-4EC17A0906CF
9.553117,29.237783,2,6B1E25A6-882B-DDD7-CE4F-4EC17A0906CF
5.313422,54.078865,2,6B1E25A6-882B-DDD7-CE4F-4EC17A0906CF
13.545001,-22.7508,0,6B1E25A6-882B-DDD7-CE4F-4EC17A0906CF
-47.551113,3.0075343,0,6B1E25A6-882B-DDD7-CE4F-4EC17A0906CF
12.617219,52.31272,0,6B1E25A6-882B-DDD7-CE4F-4EC17A0906CF
2.9450781,38.319565,0,6B1E25A6-882B-DDD7-CE4F-4EC17A0906CF
-13.2472515,2.9598527,0,6B1E25A6-882B-DDD7-CE4F-4EC17A0906CF
27.452826,33.965485,0,6B1E25A6-882B-DDD7-CE4F-4EC17A0906CF
-15.619121,27.020632,0,6B1E25A6-882B-DDD7-CE4F-4EC17A0906CF
-0.17513515,-51.86924,0,6B1E25A6-882B-DDD7-CE4F-4EC17A0906CF
0.37419182,-53.744457,2,6B1E25A6-882B-DDD7-CE4F-4EC17A0906CF
-25.989182,28.112057,2,6B1E25A6-882B-DDD7-CE4F-4EC17A0906CF
-52.43161,25.295689,2,6B1E25A6-882B-DDD7-CE4F-4EC17A0906CF
-13.65709,-27.526062,2,6B1E25A6-882B-DDD7-CE4F-4EC17A0906CF
1.10379,-14.136282,0,6B1E25A6-882B-DDD7-CE4F-4EC17A0906CF
-16.533432,-3.573818,0,6B1E25A6-882B-DDD7-CE4F-4EC17A0906CF
18.578972,-18.710148,0,6B1E25A6-882B-DDD7-CE4F-4EC17A0906CF
-14.352486,1.1916698,0,6B1E25A6-882B-DDD7-CE4F-4EC17A0906CF
27.961916,-10.510398,0,6B1E25A6-882B-DDD7-CE4F-4EC17A0906CF
1.4224014,59.796574,1,6B1E25A6-882B-DDD7-CE4F-4EC17A0906CF
13.348464,-18.264114,1,6B1E25A6-882B-DDD7-CE4F-4EC17A0906CF
-53.41651,9.737332,1,6B1E25A6-882B-DDD7-CE4F-4EC17A0906CF
13.885534,-22.622654,1,6B1E25A6-882B-DDD7-CE4F-4EC17A0906CF
-53.25964,9.365194,1,6B1E25A6-882B-DDD7-CE4F-4EC17A0906CF
-6.2549543,28.39014,1,6B1E25A6-882B-DDD7-CE4F-4EC17A0906CF
-2.0821242,57.944942,2,6B1E25A6-882B-DDD7-CE4F-4EC17A0906CF
48.241623,8.153962,0,6B690AF9-8440-1C43-B353-FA85266AA12C
31.360266,-1.084766,0,6B690AF9-8440-1C43-B353-FA85266AA12C
5.7566295,60.984295,0,6B690AF9-8440-1C43-B353-FA85266AA12C
12.568934,55.262337,0,6B690AF9-8440-1C43-B353-FA85266AA12C
37.942257,-2.5956967,0,6B690AF9-8440-1C43-B353-FA85266AA12C
-3.1570213,28.316784,1,6B690AF9-8440-1C43-B353-FA85266AA12C
5.678999,33.333138,1,6B690AF9-8440-1C43-B353-FA85266AA12C
15.594182,-20.985899,1,6B690AF9-8440-1C43-B353-FA85266AA12C
21.041265,-24.38268,0,6B690AF9-8440-1C43-B353-FA85266AA12C
14.698152,-19.039865,0,6B690AF9-8440-1C43-B353-FA85266AA12C
-52.099564,11.50179,0,6B690AF9-8440-1C43-B353-FA85266AA12C
-50.686977,10.888378,0,6B690AF9-8440-1C43-B353-FA85266AA12C
20.913895,-16.985601,1,6B690AF9-8440-1C43-B353-FA85266AA12C
12.146514,-22.33885,1,6B690AF9-8440-1C43-B353-FA85266AA12C
-14.890053,55.965378,1,6B690AF9-8440-1C43-B353-FA85266AA12C
5.7485723,-51.528286,1,6B690AF9-8440-1C43-B353-FA85266AA12C
-16.32416,32.92807,1,6B690AF9-8440-1C43-B353-FA85266AA12C
-57.429817,16.609058,1,6B690AF9-8440-1C43-B353-FA85266AA12C
31.881996,3.4900138,2,6C9454F6-2AA4-4C25-0387-C6CA7AFC4C13
29.300007,8.727415,2,6C9454F6-2AA4-4C25-0387-C6CA7AFC4C13
32.200172,4.7927685,2,6C9454F6-2AA4-4C25-0387-C6CA7AFC4C13
6.0108495,60.469326,0,6C9454F6-2AA4-4C25-0387-C6CA7AFC4C13
22.519419,-18.989191,0,6C9454F6-2AA4-4C25-0387-C6CA7AFC4C13
-50.964043,15.880087,0,6C9454F6-2AA4-4C25-0387-C6CA7AFC4C13
-12.400988,50.26883,2,6C9454F6-2AA4-4C25-0387-C6CA7AFC4C13
-56.835712,17.206814,2,6C9454F6-2AA4-4C25-0387-C6CA7AFC4C13
-14.460373,33.13409,2,6C9454F6-2AA4-4C25-0387-C6CA7AFC4C13
-23.764404,26.37685,2,6C9454F6-2AA4-4C25-0387-C6CA7AFC4C13
-9.657012,-19.949444,2,6C9454F6-2AA4-4C25-0387-C6CA7AFC4C13
-16.770893,-31.57641,2,6C9454F6-2AA4-4C25-0387-C6CA7AFC4C13
10.420325,-25.788853,2,6C9454F6-2AA4-4C25-0387-C6CA7AFC4C13
-17.027107,33.626534,2,6C9454F6-2AA4-4C25-0387-C6CA7AFC4C13
-10.607357,39.260746,2,6C9454F6-2AA4-4C25-0387-C6CA7AFC4C13
3.0802293,-36.965134,2,6C9454F6-2AA4-4C25-0387-C6CA7AFC4C13
-3.4601436,-21.681076,2,6C9454F6-2AA4-4C25-0387-C6CA7AFC4C13
0.033295758,-20.42693,2,6C9454F6-2AA4-4C25-0387-C6CA7AFC4C13
33.15282,-14.104836,2,6C9454F6-2AA4-4C25-0387-C6CA7AFC4C13
27.945698,-4.127855,2,6C9454F6-2AA4-4C25-0387-C6CA7AFC4C13
29.522007,0.89131516,0,6C9454F6-2AA4-4C25-0387-C6CA7AFC4C13
10.743181,30.09892,0,6C9454F6-2AA4-4C25-0387-C6CA7AFC4C13
11.305917,35.525856,0,6C9454F6-2AA4-4C25-0387-C6CA7AFC4C13
-7.613441,35.6509,2,6C9454F6-2AA4-4C25-0387-C6CA7AFC4C13
36.980515,20.652933,2,70432028-81AF-D67A-251E-D2F807AB93CF
17.3025,34.19093,2,70432028-81AF-D67A-251E-D2F807AB93CF
48.890347,8.460551,2,70432028-81AF-D67A-251E-D2F807AB93CF
15.4760685,43.146244,2,70432028-81AF-D67A-251E-D2F807AB93CF
22.475576,44.433945,2,70432028-81AF-D67A-251E-D2F807AB93CF
6.183624,62.653732,2,70432028-81AF-D67A-251E-D2F807AB93CF
-1.1003699,36.983776,2,70432028-81AF-D67A-251E-D2F807AB93CF
28.379477,-9.296573,2,70432028-81AF-D67A-251E-D2F807AB93CF
23.970839,-24.820557,2,70432028-81AF-D67A-251E-D2F807AB93CF
-11.672493,55.77334,2,70432028-81AF-D67A-251E-D2F807AB93CF
-55.376945,17.27735,2,70432028-81AF-D67A-251E-D2F807AB93CF
3.6778915,-22.907106,2,70432028-81AF-D67A-251E-D2F807AB93CF
-2.3561552,-24.292723,2,70432028-81AF-D67A-251E-D2F807AB93CF
-14.7748165,51.94335,2,70432028-81AF-D67A-251E-D2F807AB93CF
13.792803,-55.238148,2,70432028-81AF-D67A-251E-D2F807AB93CF
15.790637,-22.441763,2,70432028-81AF-D67A-251E-D2F807AB93CF
-6.8936167,30.191673,2,70432028-81AF-D67A-251E-D2F807AB93CF
-9.260863,51.362377,2,70432028-81AF-D67A-251E-D2F807AB93CF
9.322325,-26.876726,0,70432028-81AF-D67A-251E-D2F807AB93CF
-18.6894,28.456585,0,70432028-81AF-D67A-251E-D2F807AB93CF
4.790323,-72.95953,0,70432028-81AF-D67A-251E-D2F807AB93CF
-25.631365,26.427467,2,70432028-81AF-D67A-251E-D2F807AB93CF
-55.079975,24.36599,2,70432028-81AF-D67A-251E-D2F807AB93CF
-29.248003,-10.489759,2,70432028-81AF-D67A-251E-D2F807AB93CF
-20.06148,-7.1325493,0,718078D1-70DB-2916-366D-1119A22DCD7F
8.144754,-26.781958,1,718078D1-70DB-2916-366D-1119A22DCD7F
-4.964326,58.862667,1,718078D1-70DB-2916-366D-1119A22DCD7F
20.638836,-12.346674,2,718078D1-70DB-2916-366D-1119A22DCD7F
32.51911,-2.487992,2,718078D1-70DB-2916-366D-1119A22DCD7F
15.375661,29.4686,2,718078D1-70DB-2916-366D-1119A22DCD7F
4.858744,-66.612976,0,718078D1-70DB-2916-366D-1119A22DCD7F
-1.3635697,-53.97308,0,718078D1-70DB-2916-366D-1119A22DCD7F
4.4239736,-74.91207,0,718078D1-70DB-2916-366D-1119A22DCD7F
-8.625867,-24.31196,0,718078D1-70DB-2916-366D-1119A22DCD7F
-14.466338,-29.448076,0,718078D1-70DB-2916-366D-1119A22DCD7F
-13.831369,-27.80125,0,718078D1-70DB-2916-366D-1119A22DCD7F
-12.018552,-26.125494,1,718078D1-70DB-2916-366D-1119A22DCD7F
-20.628656,29.416172,1,718078D1-70DB-2916-366D-1119A22DCD7F
6.5270667,-50.091,1,718078D1-70DB-2916-366D-1119A22DCD7F
-7.64728,-31.499825,1,718078D1-70DB-2916-366D-1119A22DCD7F
-24.607428,30.02551,0,718078D1-70DB-2916-366D-1119A22DCD7F
-12.700795,-33.322098,0,718078D1-70DB-2916-366D-1119A22DCD7F
-28.580996,-11.960883,0,718078D1-70DB-2916-366D-1119A22DCD7F
-13.688928,-43.330437,0,718078D1-70DB-2916-366D-1119A22DCD7F
-10.801664,-27.255442,0,718078D1-70DB-2916-366D-1119A22DCD7F
2.6060011,-19.221064,0,718078D1-70DB-2916-366D-1119A22DCD7F
-49.481136,4.9914823,1,718078D1-70DB-2916-366D-1119A22DCD7F
25.537798,45.57396,0,718078D1-70DB-2916-366D-1119A22DCD7F
-5.945014,-69.30626,0,72B642AD-2D4A-574F-05EC-EC93C0C52335
3.1024,-80.350716,0,72B642AD-2D4A-574F-05EC-EC93C0C52335
1.9948901,-80.120895,0,72B642AD-2D4A-574F-05EC-EC93C0C52335
-9.068363,-68.68057,0,72B642AD-2D4A-574F-05EC-EC93C0C52335
-17.0145,-33.64937,0,72B642AD-2D4A-574F-05EC-EC93C0C52335
-25.685059,28.48588,0,72B642AD-2D4A-574F-05EC-EC93C0C52335
-14.119062,55.190598,1,72B642AD-2D4A-574F-05EC-EC93C0C52335
6.8421144,-35.7934,1,72B642AD-2D4A-574F-05EC-EC93C0C52335
-13.461728,2.9347568,1,72B642AD-2D4A-574F-05EC-EC93C0C52335
43.402744,-11.438637,2,72B642AD-2D4A-574F-05EC-EC93C0C52335
-7.9630904,-2.4564202,2,72B642AD-2D4A-574F-05EC-EC93C0C52335
1.2956249,25.218342,2,72B642AD-2D4A-574F-05EC-EC93C0C52335
-14.323748,-4.0673013,2,72B642AD-2D4A-574F-05EC-EC93C0C52335
-14.471087,-5.3807583,2,72B642AD-2D4A-574F-05EC-EC93C0C52335
16.349659,-52.954853,2,72B642AD-2D4A-574F-05EC-EC93C0C52335
39.044613,-17.755646,2,72B642AD-2D4A-574F-05EC-EC93C0C52335
-15.63474,31.451973,2,72B642AD-2D4A-574F-05EC-EC93C0C52335
10.880983,-49.203575,2,72B642AD-2D4A-574F-05EC-EC93C0C52335
16.682083,-54.373203,0,72B642AD-2D4A-574F-05EC-EC93C0C52335
11.379557,-21.172419,0,72B642AD-2D4A-574F-05EC-EC93C0C52335
-9.504009,51.53575,0,72B642AD-2D4A-574F-05EC-EC93C0C52335
17.656433,-56.11711,1,72B642AD-2D4A-574F-05EC-EC93C0C52335
26.425327,-6.1056724,1,72B642AD-2D4A-574F-05EC-EC93C0C52335
33.412533,4.813125,1,72B642AD-2D4A-574F-05EC-EC93C0C52335
-0.9482184,49.775234,2,72B642AD-2D4A-574F-05EC-EC93C0C52335
10.41235,60.53079,2,72B642AD-2D4A-574F-05EC-EC93C0C52335
-43.873085,4.79041,2,72B642AD-2D4A-574F-05EC-EC93C0C52335
-4.810749,0.5569699,2,72B642AD-2D4A-574F-05EC-EC93C0C52335
-8.041777,2.8147328,2,72B642AD-2D4A-574F-05EC-EC93C0C52335
10.885835,51.67766,2,72B642AD-2D4A-574F-05EC-EC93C0C52335
-7.0501666,-22.800758,0,7417E7AB-C723-0958-F8EE-DDA4DED65165
-55.440464,25.40146,0,7417E7AB-C723-0958-F8EE-DDA4DED65165
-3.3025787,-68.76909,0,7417E7AB-C723-0958-F8EE-DDA4DED65165
-6.762684,-67.88151,0,7417E7AB-C723-0958-F8EE-DDA4DED65165
-5.517978,-70.59043,0,7417E7AB-C723-0958-F8EE-DDA4DED65165
-18.931936,-36.90055,0,7417E7AB-C723-0958-F8EE-DDA4DED65165
-12.354652,-26.254702,2,7417E7AB-C723-0958-F8EE-DDA4DED65165
4.215214,-23.595415,2,7417E7AB-C723-0958-F8EE-DDA4DED65165
13.917532,-26.313635,0,7417E7AB-C723-0958-F8EE-DDA4DED65165
26.483719,-19.019651,0,7417E7AB-C723-0958-F8EE-DDA4DED65165
26.274593,3.0177138,0,7417E7AB-C723-0958-F8EE-DDA4DED65165
16.235085,33.470436,0,7417E7AB-C723-0958-F8EE-DDA4DED65165
3.2052703,54.60208,1,7417E7AB-C723-0958-F8EE-DDA4DED65165
12.217823,28.331749,1,7417E7AB-C723-0958-F8EE-DDA4DED65165
31.261047,-9.204911,1,7417E7AB-C723-0958-F8EE-DDA4DED65165
31.249956,-6.525717,1,7417E7AB-C723-0958-F8EE-DDA4DED65165
-12.073341,-5.754149,1,7417E7AB-C723-0958-F8EE-DDA4DED65165
-13.570518,49.54163,1,7417E7AB-C723-0958-F8EE-DDA4DED65165
40.973156,-9.764639,1,761D024F-3C62-5326-601A-88D436C7726A
30.60702,-0.6948462,1,761D024F-3C62-5326-601A-88D436C7726A
9.32369,27.707266,1,761D024F-3C62-5326-601A-88D436C7726A
-1.7654436,26.880096,1,761D024F-3C62-5326-601A-88D436C7726A
10.542672,-23.816616,0,761D024F-3C62-5326-601A-88D436C7726A
-14.362989,49.009895,0,761D024F-3C62-5326-601A-88D436C7726A
-20.890518,-9.991107,0,761D024F-3C62-5326-601A-88D436C7726A
3.5109308,-55.041073,0,761D024F-3C62-5326-601A-88D436C7726A
-53.90863,20.71199,0,761D024F-3C62-5326-601A-88D436C7726A
-3.4785674,-52.27332,0,761D024F-3C62-5326-601A-88D436C7726A
-17.764338,-33.94768,1,761D024F-3C62-5326-601A-88D436C7726A
-6.857978,-67.86077,0,761D024F-3C62-5326-601A-88D436C7726A
1.1174855,-78.949486,0,761D024F-3C62-5326-601A-88D436C7726A
-4.943352,-55.863224,0,761D024F-3C62-5326-601A-88D436C7726A
-19.467838,-34.27767,0,761D024F-3C62-5326-601A-88D436C7726A
0.37040544,-23.215824,0,761D024F-3C62-5326-601A-88D436C7726A
15.873457,-19.216824,0,761D024F-3C62-5326-601A-88D436C7726A
-3.3274357,59.165035,0,761D024F-3C62-5326-601A-88D436C7726A
-27.116842,-7.9405055,0,761D024F-3C62-5326-601A-88D436C7726A
0.022198273,-53.349598,0,761D024F-3C62-5326-601A-88D436C7726A
-12.616607,36.161507,0,761D024F-3C62-5326-601A-88D436C7726A
10.942821,-22.101336,0,761D024F-3C62-5326-601A-88D436C7726A
11.374366,53.145832,2,761D024F-3C62-5326-601A-88D436C7726A
32.034595,6.0702615,2,761D024F-3C62-5326-601A-88D436C7726A
-5.446361,2.6148536,0,761D024F-3C62-5326-601A-88D436C7726A
-4.1769104,2.1740637,0,761D024F-3C62-5326-601A-88D436C7726A
10.183535,22.638287,0,761D024F-3C62-5326-601A-88D436C7726A
10.2046995,51.100433,0,761D024F-3C62-5326-601A-88D436C7726A
2.6439648,61.030273,0,761D024F-3C62-5326-601A-88D436C7726A
-14.381063,30.399878,0,761D024F-3C62-5326-601A-88D436C7726A
37.531906,21.057423,2,772BA0E9-AC30-CEA6-AA1B-18A0300702AA
22.240545,47.40365,2,772BA0E9-AC30-CEA6-AA1B-18A0300702AA
5.7255435,56.495148,2,772BA0E9-AC30-CEA6-AA1B-18A0300702AA
26.105017,-6.4472346,2,772BA0E9-AC30-CEA6-AA1B-18A0300702AA
26.382935,-8.997922,2,772BA0E9-AC30-CEA6-AA1B-18A0300702AA
23.969957,46.745613,2,772BA0E9-AC30-CEA6-AA1B-18A0300702AA
15.430776,26.611382,1,772BA0E9-AC30-CEA6-AA1B-18A0300702AA
-39.51058,3.8074374,1,772BA0E9-AC30-CEA6-AA1B-18A0300702AA
-39.20303,5.3282056,1,772BA0E9-AC30-CEA6-AA1B-18A0300702AA
-41.87863,5.138743,1,772BA0E9-AC30-CEA6-AA1B-18A0300702AA
31.967258,2.2159152,1,772BA0E9-AC30-CEA6-AA1B-18A0300702AA
11.581306,28.10244,1,772BA0E9-AC30-CEA6-AA1B-18A0300702AA
-57.312397,17.304579,1,772BA0E9-AC30-CEA6-AA1B-18A0300702AA
-57.055077,17.977926,1,772BA0E9-AC30-CEA6-AA1B-18A0300702AA
0.4207963,-59.533432,0,772BA0E9-AC30-CEA6-AA1B-18A0300702AA
-18.738865,-29.731682,0,772BA0E9-AC30-CEA6-AA1B-18A0300702AA
-4.601771,-69.264915,0,772BA0E9-AC30-CEA6-AA1B-18A0300702AA
-6.232069,-70.4669,0,772BA0E9-AC30-CEA6-AA1B-18A0300702AA
16.73441,-26.878944,1,772BA0E9-AC30-CEA6-AA1B-18A0300702AA
28.254837,-9.583006,1,772BA0E9-AC30-CEA6-AA1B-18A0300702AA
-0.05158454,44.930565,1,772BA0E9-AC30-CEA6-AA1B-18A0300702AA
7.441132,33.85345,1,772BA0E9-AC30-CEA6-AA1B-18A0300702AA
16.475113,-28.442333,0,772BA0E9-AC30-CEA6-AA1B-18A0300702AA
-14.921288,31.55766,0,772BA0E9-AC30-CEA6-AA1B-18A0300702AA
41.046455,-15.148104,1,772BA0E9-AC30-CEA6-AA1B-18A0300702AA
-11.628007,49.665512,1,772BA0E9-AC30-CEA6-AA1B-18A0300702AA
-11.333023,55.744976,1,772BA0E9-AC30-CEA6-AA1B-18A0300702AA
-17.453371,25.57687,1,772BA0E9-AC30-CEA6-AA1B-18A0300702AA
-3.1453197,-16.777073,1,772BA0E9-AC30-CEA6-AA1B-18A0300702AA
-13.117699,32.82285,1,772BA0E9-AC30-CEA6-AA1B-18A0300702AA
-1.9976729,49.261406,2,77F6B31E-B228-3C6D-A66F-E7E6FDED3587
-4.834799,46.257607,2,77F6B31E-B228-3C6D-A66F-E7E6FDED3587
-11.01689,38.169315,2,77F6B31E-B228-3C6D-A66F-E7E6FDED3587
-0.16990282,-64.84666,2,77F6B31E-B228-3C6D-A66F-E7E6FDED3587
7.1095047,-55.856213,2,77F6B31E-B228-3C6D-A66F-E7E6FDED3587
-2.3505847,-30.109083,2,77F6B31E-B228-3C6D-A66F-E7E6FDED3587
4.4466267,-58.285015,0,77F6B31E-B228-3C6D-A66F-E7E6FDED3587
8.47144,-51.128624,0,77F6B31E-B228-3C6D-A66F-E7E6FDED3587
-22.876318,-5.733341,2,77F6B31E-B228-3C6D-A66F-E7E6FDED3587
10.84851,37.5489,2,77F6B31E-B228-3C6D-A66F-E7E6FDED3587
-3.0632613,0.108110726,2,77F6B31E-B228-3C6D-A66F-E7E6FDED3587
-6.4211664,-0.36473486,2,77F6B31E-B228-3C6D-A66F-E7E6FDED3587
4.884159,-78.651566,1,77F6B31E-B228-3C6D-A66F-E7E6FDED3587
-7.5187454,-69.69632,1,77F6B31E-B228-3C6D-A66F-E7E6FDED3587
-6.3738537,-55.76179,1,77F6B31E-B228-3C6D-A66F-E7E6FDED3587
-6.5055313,-57.497738,1,77F6B31E-B228-3C6D-A66F-E7E6FDED3587
-52.285873,25.338984,2,77F6B31E-B228-3C6D-A66F-E7E6FDED3587
-25.057316,28.664951,2,77F6B31E-B228-3C6D-A66F-E7E6FDED3587
5.113285,-65.02282,2,7B8B31F4-FFC3-7A4E-3EAF-78D5CA8ACB61
-5.827708,-20.36933,2,7B8B31F4-FFC3-7A4E-3EAF-78D5CA8ACB61
-5.7816925,-20.370474,0,7B8B31F4-FFC3-7A4E-3EAF-78D5CA8ACB61
-22.039326,-10.851484,0,7B8B31F4-FFC3-7A4E-3EAF-78D5CA8ACB61
6.535863,-48.39794,0,7B8B31F4-FFC3-7A4E-3EAF-78D5CA8ACB61
-5.2037396,-28.953817,0,7B8B31F4-FFC3-7A4E-3EAF-78D5CA8ACB61
-49.25848,5.6980953,2,7B8B31F4-FFC3-7A4E-3EAF-78D5CA8ACB61
23.250664,-1.2531803,2,7B8B31F4-FFC3-7A4E-3EAF-78D5CA8ACB61
16.466482,-57.370922,0,7B8B31F4-FFC3-7A4E-3EAF-78D5CA8ACB61
22.31771,-22.656267,0,7B8B31F4-FFC3-7A4E-3EAF-78D5CA8ACB61
11.167552,-20.997208,0,7B8B31F4-FFC3-7A4E-3EAF-78D5CA8ACB61
6.216892,-36.096214,0,7B8B31F4-FFC3-7A4E-3EAF-78D5CA8ACB61
0.7420491,-52.599228,1,7B8B31F4-FFC3-7A4E-3EAF-78D5CA8ACB61
-6.278329,-22.789219,1,7B8B31F4-FFC3-7A4E-3EAF-78D5CA8ACB61
-21.792303,32.270252,1,7B8B31F4-FFC3-7A4E-3EAF-78D5CA8ACB61
-24.623,-11.522124,1,7B8B31F4-FFC3-7A4E-3EAF-78D5CA8ACB61
-16.999567,-29.022276,1,7B8B31F4-FFC3-7A4E-3EAF-78D5CA8ACB61
-20.302322,-27.899746,1,7B8B31F4-FFC3-7A4E-3EAF-78D5CA8ACB61
28.020025,-10.393946,0,7B8B31F4-FFC3-7A4E-3EAF-78D5CA8ACB61
42.41414,-13.072333,0,7B8B31F4-FFC3-7A4E-3EAF-78D5CA8ACB61
-49.442307,4.840799,0,7B8B31F4-FFC3-7A4E-3EAF-78D5CA8ACB61
11.191972,-17.837503,0,7B8B31F4-FFC3-7A4E-3EAF-78D5CA8ACB61
-20.021992,-6.984053,0,7B8B31F4-FFC3-7A4E-3EAF-78D5CA8ACB61
1.5983486,-22.831991,0,7B8B31F4-FFC3-7A4E-3EAF-78D5CA8ACB61
4.9021077,-59.614494,1,7B8B31F4-FFC3-7A4E-3EAF-78D5CA8ACB61
9.794555,-50.84361,1,7B8B31F4-FFC3-7A4E-3EAF-78D5CA8ACB61
4.0313783,-17.42306,0,7B8B31F4-FFC3-7A4E-3EAF-78D5CA8ACB61
-14.86672,37.26593,0,7B8B31F4-FFC3-7A4E-3EAF-78D5CA8ACB61
-15.459042,52.074276,0,7B8B31F4-FFC3-7A4E-3EAF-78D5CA8ACB61
6.430843,-22.694502,0,7B8B31F4-FFC3-7A4E-3EAF-78D5CA8ACB61
-25.87406,15.642652,2,7DC9729F-BA27-3831-6078-F8508766396A
-8.412085,-70.06456,2,7DC9729F-BA27-3831-6078-F8508766396A
-9.782225,-70.02351,2,7DC9729F-BA27-3831-6078-F8508766396A
-8.921071,-69.49147,2,7DC9729F-BA27-3831-6078-F8508766396A
-5.2529187,-55.76277,2,7DC9729F-BA27-3831-6078-F8508766396A
-18.41548,-36.92028,2,7DC9729F-BA27-3831-6078-F8508766396A
-28.314962,-13.327931,2,7DC9729F-BA27-3831-6078-F8508766396A
-3.1252754,-29.017847,2,7DC9729F-BA27-3831-6078-F8508766396A
-15.21478,27.819727,2,7DC9729F-BA27-3831-6078-F8508766396A
-2.8142784,39.531796,2,7DC9729F-BA27-3831-6078-F8508766396A
-2.1242843,38.29489,0,7DC9729F-BA27-3831-6078-F8508766396A
39.60581,-15.156449,0,7DC9729F-BA27-3831-6078-F8508766396A
-17.539907,1.7451823,0,7DC9729F-BA27-3831-6078-F8508766396A
-6.515446,29.382442,0,7DC9729F-BA27-3831-6078-F8508766396A
11.547154,-18.424692,0,7DC9729F-BA27-3831-6078-F8508766396A
21.00433,-26.44801,2,7DC9729F-BA27-3831-6078-F8508766396A
-12.778962,51.520187,2,7DC9729F-BA27-3831-6078-F8508766396A
-10.991971,38.183582,2,7DC9729F-BA27-3831-6078-F8508766396A
-1.6241064,-66.15304,2,7FB7C50A-30EA-A991-0C04-7FFA681B8803
-0.49999225,-54.112885,2,7FB7C50A-30EA-A991-0C04-7FFA681B8803
1.5318142,-54.22559,0,7FB7C50A-30EA-A991-0C04-7FFA681B8803
-23.085308,24.354124,0,7FB7C50A-30EA-A991-0C04-7FFA681B8803
-52.20261,15.975751,0,7FB7C50A-30EA-A991-0C04-7FFA681B8803
4.4956665,28.613571,0,7FB7C50A-30EA-A991-0C04-7FFA681B8803
-4.1664977,58.73031,2,7FB7C50A-30EA-A991-0C04-7FFA681B8803
4.8549647,33.133377,2,7FB7C50A-30EA-A991-0C04-7FFA681B8803
-6.2664585,25.013395,2,7FB7C50A-30EA-A991-0C04-7FFA681B8803
10.832463,37.56681,1,7FB7C50A-30EA-A991-0C04-7FFA681B8803
19.59209,-17.53163,0,7FB7C50A-30EA-A991-0C04-7FFA681B8803
17.546108,-56.480743,0,7FB7C50A-30EA-A991-0C04-7FFA681B8803
10.431768,-55.302387,0,7FB7C50A-30EA-A991-0C04-7FFA681B8803
4.245343,-36.609425,0,7FB7C50A-30EA-A991-0C04-7FFA681B8803
-1.7773323,-23.235294,0,7FB7C50A-30EA-A991-0C04-7FFA681B8803
-13.380537,36.087772,0,7FB7C50A-30EA-A991-0C04-7FFA681B8803
-13.336861,35.931145,1,7FB7C50A-30EA-A991-0C04-7FFA681B8803
1.5745488,-26.276396,1,7FB7C50A-30EA-A991-0C04-7FFA681B8803
10.258261,-17.507568,2,7FB7C50A-30EA-A991-0C04-7FFA681B8803
-11.5232115,53.07256,2,7FB7C50A-30EA-A991-0C04-7FFA681B8803
-3.094792,56.05684,2,7FB7C50A-30EA-A991-0C04-7FFA681B8803
36.839054,20.718225,2,8322EDEF-4C09-318A-1B7E-56D62A6839AD
26.803598,35.703045,2,8322EDEF-4C09-318A-1B7E-56D62A6839AD
48.180256,8.949729,2,8322EDEF-4C09-318A-1B7E-56D62A6839AD
48.23402,9.701238,2,8322EDEF-4C09-318A-1B7E-56D62A6839AD
41.41316,8.470124,0,8322EDEF-4C09-318A-1B7E-56D62A6839AD
41.415783,8.46949,0,8322EDEF-4C09-318A-1B7E-56D62A6839AD
33.589005,-1.5961474,2,8322EDEF-4C09-318A-1B7E-56D62A6839AD
33.459118,-3.992263,2,8322EDEF-4C09-318A-1B7E-56D62A6839AD
-50.02412,12.593221,2,8322EDEF-4C09-318A-1B7E-56D62A6839AD
-53.1581,13.586267,2,8322EDEF-4C09-318A-1B7E-56D62A6839AD
4.277441,-66.72223,2,8322EDEF-4C09-318A-1B7E-56D62A6839AD
4.7090425,-67.71223,2,8322EDEF-4C09-318A-1B7E-56D62A6839AD
37.390175,-3.9927347,1,8322EDEF-4C09-318A-1B7E-56D62A6839AD
0.90895224,25.106377,0,8322EDEF-4C09-318A-1B7E-56D62A6839AD
12.338868,30.098064,0,8322EDEF-4C09-318A-1B7E-56D62A6839AD
5.030052,24.885561,0,8322EDEF-4C09-318A-1B7E-56D62A6839AD
2.8268704,46.67572,0,8322EDEF-4C09-318A-1B7E-56D62A6839AD
12.721482,30.21199,0,8322EDEF-4C09-318A-1B7E-56D62A6839AD
13.126148,-59.712986,1,8322EDEF-4C09-318A-1B7E-56D62A6839AD
-52.164852,17.73025,1,8322EDEF-4C09-318A-1B7E-56D62A6839AD
-58.768707,14.667556,1,8322EDEF-4C09-318A-1B7E-56D62A6839AD
6.100862,-73.03497,1,8322EDEF-4C09-318A-1B7E-56D62A6839AD
-7.351658,-28.342434,1,8322EDEF-4C09-318A-1B7E-56D62A6839AD
-26.28634,-7.4352775,1,8322EDEF-4C09-318A-1B7E-56D62A6839AD
0.540574,-59.21177,2,8407F9C4-C295-8C95-C281-584AF2118F84
-9.459021,-30.298008,2,8407F9C4-C295-8C95-C281-584AF2118F84
-0.30824885,-64.92553,0,8407F9C4-C295-8C95-C281-584AF2118F84
0.99400216,-14.260411,0,8407F9C4-C295-8C95-C281-584AF2118F84
1.4776852,-26.12877,0,8407F9C4-C295-8C95-C281-584AF2118F84
15.767302,-28.124868,0,8407F9C4-C295-8C95-C281-584AF2118F84
-22.254135,-10.198574,2,8407F9C4-C295-8C95-C281-584AF2118F84
-56.62395,20.852314,2,8407F9C4-C295-8C95-C281-584AF2118F84
-4.8465266,-66.15415,2,8407F9C4-C295-8C95-C281-584AF2118F84
-5.741945,-58.952877,2,8407F9C4-C295-8C95-C281-584AF2118F84
-18.60454,-34.058186,0,8407F9C4-C295-8C95-C281-584AF2118F84
-4.185023,-54.401127,0,8407F9C4-C295-8C95-C281-584AF2118F84
42.952446,8.325169,0,8407F9C4-C295-8C95-C281-584AF2118F84
-9.733606,34.593765,0,8407F9C4-C295-8C95-C281-584AF2118F84
-21.490881,30.737955,0,8407F9C4-C295-8C95-C281-584AF2118F84
3.4953275,-67.06154,0,8407F9C4-C295-8C95-C281-584AF2118F84
-17.659922,31.990913,0,8407F9C4-C295-8C95-C281-584AF2118F84
-18.318249,29.861595,2,8407F9C4-C295-8C95-C281-584AF2118F84
-20.678999,-7.2055244,2,8407F9C4-C295-8C95-C281-584AF2118F84
2.622909,-21.130407,2,8407F9C4-C295-8C95-C281-584AF2118F84
5.5988607,-22.928614,2,8407F9C4-C295-8C95-C281-584AF2118F84
22.722872,-23.139128,2,8407F9C4-C295-8C95-C281-584AF2118F84
-2.4461086,-29.40395,1,85748DC9-A6DA-334D-6422-BF69EE06A98C
-11.027849,35.98253,1,85748DC9-A6DA-334D-6422-BF69EE06A98C
-9.708702,49.309,1,85748DC9-A6DA-334D-6422-BF69EE06A98C
-47.41137,9.278934,1,85748DC9-A6DA-334D-6422-BF69EE06A98C
22.689913,46.86168,1,85748DC9-A6DA-334D-6422-BF69EE06A98C
27.47032,35.450127,0,85748DC9-A6DA-334D-6422-BF69EE06A98C
8.544822,-52.277725,2,85748DC9-A6DA-334D-6422-BF69EE06A98C
4.3526597,-73.26923,2,85748DC9-A6DA-334D-6422-BF69EE06A98C
-25.764957,-7.5787487,2,85748DC9-A6DA-334D-6422-BF69EE06A98C
-23.982897,30.695766,2,85748DC9-A6DA-334D-6422-BF69EE06A98C
-54.57956,23.68958,1,85748DC9-A6DA-334D-6422-BF69EE06A98C
-5.1408668,-53.81508,1,85748DC9-A6DA-334D-6422-BF69EE06A98C
37.648674,21.204782,2,8690E8B6-9B41-5F0E-C518-8F2D028C6690
-7.6369147,-1.4585533,2,8690E8B6-9B41-5F0E-C518-8F2D028C6690
41.77025,-13.929545,2,8690E8B6-9B41-5F0E-C518-8F2D028C6690
-2.5179474,25.087528,2,8690E8B6-9B41-5F0E-C518-8F2D028C6690
3.105436,24.665121,2,8690E8B6-9B41-5F0E-C518-8F2D028C6690
4.953473,22.227715,2,8690E8B6-9B41-5F0E-C518-8F2D028C6690
10.146287,28.391865,2,8690E8B6-9B41-5F0E-C518-8F2D028C6690
-5.133485,3.3478324,2,8690E8B6-9B41-5F0E-C518-8F2D028C6690
-43.387287,7.3428273,2,8690E8B6-9B41-5F0E-C518-8F2D028C6690
29.964062,9.891776,2,8690E8B6-9B41-5F0E-C518-8F2D028C6690
14.728303,34.09391,2,8690E8B6-9B41-5F0E-C518-8F2D028C6690
1.9564614,45.177673,0,8690E8B6-9B41-5F0E-C518-8F2D028C6690
-22.202871,24.121223,2,8690E8B6-9B41-5F0E-C518-8F2D028C6690
1.9657955,-57.77659,2,8690E8B6-9B41-5F0E-C518-8F2D028C6690
-12.848348,-28.819864,2,8690E8B6-9B41-5F0E-C518-8F2D028C6690
-28.2802,-13.491854,2,8690E8B6-9B41-5F0E-C518-8F2D028C6690
-16.44354,-36.280308,2,8690E8B6-9B41-5F0E-C518-8F2D028C6690
-30.81648,-12.522971,2,8690E8B6-9B41-5F0E-C518-8F2D028C6690
-25.849304,-13.28173,2,8690E8B6-9B41-5F0E-C518-8F2D028C6690
-3.8273933,-66.02594,2,8690E8B6-9B41-5F0E-C518-8F2D028C6690
-2.692586,-29.60297,2,8690E8B6-9B41-5F0E-C518-8F2D028C6690
4.1159124,-22.55101,2,8690E8B6-9B41-5F0E-C518-8F2D028C6690
-2.7429864,58.249638,2,8690E8B6-9B41-5F0E-C518-8F2D028C6690
25.730442,-13.175368,2,8690E8B6-9B41-5F0E-C518-8F2D028C6690
6.8445835,20.491726,2,8690E8B6-9B41-5F0E-C518-8F2D028C6690
-0.6561594,28.181128,2,8690E8B6-9B41-5F0E-C518-8F2D028C6690
9.364694,57.8505,2,8690E8B6-9B41-5F0E-C518-8F2D028C6690
10.119234,28.52239,2,8690E8B6-9B41-5F0E-C518-8F2D028C6690
-47.079216,4.8693237,2,8690E8B6-9B41-5F0E-C518-8F2D028C6690
-10.6250725,1.1864393,0,8690E8B6-9B41-5F0E-C518-8F2D028C6690
26.724182,-11.213651,2,8690E8B6-9B41-5F0E-C518-8F2D028C6690
26.298515,-1.1256074,2,8690E8B6-9B41-5F0E-C518-8F2D028C6690
-5.1718664,4.036627,2,8690E8B6-9B41-5F0E-C518-8F2D028C6690
27.264149,7.2155647,2,8690E8B6-9B41-5F0E-C518-8F2D028C6690
32.55678,7.049546,2,8690E8B6-9B41-5F0E-C518-8F2D028C6690
11.889586,59.78402,0,8690E8B6-9B41-5F0E-C518-8F2D028C6690
-2.7757623,-56.772324,0,8690E8B6-9B41-5F0E-C518-8F2D028C6690
-4.9023786,-58.745766,0,8690E8B6-9B41-5F0E-C518-8F2D028C6690
-16.15132,-29.897108,0,8690E8B6-9B41-5F0E-C518-8F2D028C6690
9.440947,-56.733463,0,8690E8B6-9B41-5F0E-C518-8F2D028C6690
-21.535316,-4.821743,0,8690E8B6-9B41-5F0E-C518-8F2D028C6690
-15.991815,0.21447739,0,8690E8B6-9B41-5F0E-C518-8F2D028C6690
13.342626,0.5108745,2,874A6B13-C999-C802-1138-FA198591D897
18.519728,34.6188,2,874A6B13-C999-C802-1138-FA198591D897
-46.27526,5.2353625,2,874A6B13-C999-C802-1138-FA198591D897
16.91677,-57.192856,2,874A6B13-C999-C802-1138-FA198591D897
16.99421,-16.70515,0,874A6B13-C999-C802-1138-FA198591D897
-10.942931,24.490616,0,874A6B13-C999-C802-1138-FA198591D897
-8.281149,-55.78431,2,874A6B13-C999-C802-1138-FA198591D897
-3.0596137,-69.75773,2,874A6B13-C999-C802-1138-FA198591D897
-4.1456585,-26.198555,2,874A6B13-C999-C802-1138-FA198591D897
-14.26263,55.943478,2,874A6B13-C999-C802-1138-FA198591D897
16.393904,-56.92159,0,874A6B13-C999-C802-1138-FA198591D897
0.41434056,40.04468,0,874A6B13-C999-C802-1138-FA198591D897
40.642323,-10.497276,1,874A6B13-C999-C802-1138-FA198591D897
7.485588,37.008392,1,874A6B13-C999-C802-1138-FA198591D897
0.06265222,55.51351,1,874A6B13-C999-C802-1138-FA198591D897
35.559513,-2.042542,1,874A6B13-C999-C802-1138-FA198591D897
0.13824907,25.742455,0,874A6B13-C999-C802-1138-FA198591D897
4.5693426,28.63717,0,874A6B13-C999-C802-1138-FA198591D897
-13.518727,2.588599,0,874A6B13-C999-C802-1138-FA198591D897
13.68045,32.673798,0,874A6B13-C999-C802-1138-FA198591D897
25.619942,48.77421,1,874A6B13-C999-C802-1138-FA198591D897
8.308236,61.298355,1,874A6B13-C999-C802-1138-FA198591D897
-48.294872,11.502868,1,874A6B13-C999-C802-1138-FA198591D897
28.6358,-6.111274,1,874A6B13-C999-C802-1138-FA198591D897
-14.381887,-30.414164,0,874A6B13-C999-C802-1138-FA198591D897
-19.589542,51.5119,0,874A6B13-C999-C802-1138-FA198591D897
5.2468243,-51.768986,0,874A6B13-C999-C802-1138-FA198591D897
-22.452837,-9.549422,0,874A6B13-C999-C802-1138-FA198591D897
3.9651766,-67.24285,0,874A6B13-C999-C802-1138-FA198591D897
-21.559189,-9.490498,0,874A6B13-C999-C802-1138-FA198591D897
-50.03674,10.2752,0,8DD09016-F898-915E-4A5C-727F57619D73
11.06578,33.99133,0,8DD09016-F898-915E-4A5C-727F57619D73
7.4744625,55.235325,0,8DD09016-F898-915E-4A5C-727F57619D73
6.580692,22.653498,0,8DD09016-F898-915E-4A5C-727F57619D73
35.078224,-1.9764585,0,8DD09016-F898-915E-4A5C-727F57619D73
22.629538,-3.0141315,0,8DD09016-F898-915E-4A5C-727F57619D73
29.098604,-7.430683,0,8DD09016-F898-915E-4A5C-727F57619D73
34.996807,-6.202915,0,8DD09016-F898-915E-4A5C-727F57619D73
13.786381,34.570503,0,8DD09016-F898-915E-4A5C-727F57619D73
30.338745,-1.0480201,0,8DD09016-F898-915E-4A5C-727F57619D73
3.2606559,61.089764,0,8DD09016-F898-915E-4A5C-727F57619D73
-0.28930736,58.64935,0,8DD09016-F898-915E-4A5C-727F57619D73
6.208719,62.108982,0,9268F759-54B0-96CC-C0F5-9D8DBAA12073
32.139435,7.155158,1,9268F759-54B0-96CC-C0F5-9D8DBAA12073
29.063112,8.359598,1,9268F759-54B0-96CC-C0F5-9D8DBAA12073
-6.0110517,-1.2712743,1,9268F759-54B0-96CC-C0F5-9D8DBAA12073
-5.093734,-0.4032909,2,9268F759-54B0-96CC-C0F5-9D8DBAA12073
-49.874897,10.268004,2,9268F759-54B0-96CC-C0F5-9D8DBAA12073
4.2368417,-48.886726,2,9268F759-54B0-96CC-C0F5-9D8DBAA12073
-16.087124,-34.316982,2,9268F759-54B0-96CC-C0F5-9D8DBAA12073
-27.706566,-14.151112,2,9268F759-54B0-96CC-C0F5-9D8DBAA12073
-18.92363,-34.51134,2,9268F759-54B0-96CC-C0F5-9D8DBAA12073
-20.13198,-28.493004,2,9268F759-54B0-96CC-C0F5-9D8DBAA12073
-30.361479,-12.512028,2,9268F759-54B0-96CC-C0F5-9D8DBAA12073
-30.379322,-11.857948,2,9268F759-54B0-96CC-C0F5-9D8DBAA12073
-5.569455,-32.28097,2,9268F759-54B0-96CC-C0F5-9D8DBAA12073
5.906493,-24.835192,0,9268F759-54B0-96CC-C0F5-9D8DBAA12073
3.3293998,-23.733122,0,9268F759-54B0-96CC-C0F5-9D8DBAA12073
-12.416254,53.517563,0,9268F759-54B0-96CC-C0F5-9D8DBAA12073
-50.898872,8.769645,0,9268F759-54B0-96CC-C0F5-9D8DBAA12073
-3.777092,2.467658,1,9268F759-54B0-96CC-C0F5-9D8DBAA12073
26.410917,7.6348295,1,9268F759-54B0-96CC-C0F5-9D8DBAA12073
12.579562,57.9425,1,9268F759-54B0-96CC-C0F5-9D8DBAA12073
-15.221468,48.962067,2,94AA1B20-A5D9-F2B4-FD96-2F20A00FAE89
-13.775525,31.197134,2,94AA1B20-A5D9-F2B4-FD96-2F20A00FAE89
-10.763357,-26.62593,2,94AA1B20-A5D9-F2B4-FD96-2F20A00FAE89
-22.120663,-9.407253,0,94AA1B20-A5D9-F2B4-FD96-2F20A00FAE89
-14.609996,-23.86513,0,94AA1B20-A5D9-F2B4-FD96-2F20A00FAE89
-21.069305,32.818,0,94AA1B20-A5D9-F2B4-FD96-2F20A00FAE89
43.462162,-11.58447,2,94AA1B20-A5D9-F2B4-FD96-2F20A00FAE89
-6.909224,-2.3989067,2,94AA1B20-A5D9-F2B4-FD96-2F20A00FAE89
25.48271,44.890087,0,94AA1B20-A5D9-F2B4-FD96-2F20A00FAE89
28.198977,-12.244416,0,94AA1B20-A5D9-F2B4-FD96-2F20A00FAE89
14.330482,28.75656,0,94AA1B20-A5D9-F2B4-FD96-2F20A00FAE89
-2.6169958,56.406525,0,94AA1B20-A5D9-F2B4-FD96-2F20A00FAE89
14.506483,41.615864,2,94AA1B20-A5D9-F2B4-FD96-2F20A00FAE89
5.545436,62.34757,2,94AA1B20-A5D9-F2B4-FD96-2F20A00FAE89
0.07538198,57.489197,2,94AA1B20-A5D9-F2B4-FD96-2F20A00FAE89
30.274942,-7.8124056,2,94AA1B20-A5D9-F2B4-FD96-2F20A00FAE89
-0.11640896,27.9023,0,94AA1B20-A5D9-F2B4-FD96-2F20A00FAE89
29.597889,-5.649793,0,94AA1B20-A5D9-F2B4-FD96-2F20A00FAE89
7.2215323,-56.716946,2,96B78431-4166-E4D3-2AA2-15BE2512E1D6
-22.274233,30.40522,2,96B78431-4166-E4D3-2AA2-15BE2512E1D6
-22.770699,-6.998351,2,96B78431-4166-E4D3-2AA2-15BE2512E1D6
-20.169754,50.623993,2,96B78431-4166-E4D3-2AA2-15BE2512E1D6
-8.821586,-24.72157,1,96B78431-4166-E4D3-2AA2-15BE2512E1D6
-13.222278,-45.183968,1,96B78431-4166-E4D3-2AA2-15BE2512E1D6
9.13212,-24.275066,2,96B78431-4166-E4D3-2AA2-15BE2512E1D6
-55.518616,15.466484,2,96B78431-4166-E4D3-2AA2-15BE2512E1D6
-6.006001,-27.421572,2,96B78431-4166-E4D3-2AA2-15BE2512E1D6
-3.6084795,48.521793,2,96B78431-4166-E4D3-2AA2-15BE2512E1D6
7.3324623,-27.756767,2,96B78431-4166-E4D3-2AA2-15BE2512E1D6
-8.198248,55.58441,2,96B78431-4166-E4D3-2AA2-15BE2512E1D6
20.174269,-15.709096,2,96B78431-4166-E4D3-2AA2-15BE2512E1D6
-0.07834559,28.08367,2,96B78431-4166-E4D3-2AA2-15BE2512E1D6
22.5409,-14.380024,2,96B78431-4166-E4D3-2AA2-15BE2512E1D6
21.598976,-19.048002,2,96B78431-4166-E4D3-2AA2-15BE2512E1D6
24.643717,-11.814957,2,96B78431-4166-E4D3-2AA2-15BE2512E1D6
-2.7589595,48.947056,2,96B78431-4166-E4D3-2AA2-15BE2512E1D6
-3.093897,-21.873701,1,96B78431-4166-E4D3-2AA2-15BE2512E1D6
-15.596442,34.269833,1,96B78431-4166-E4D3-2AA2-15BE2512E1D6
4.2591825,-23.658865,1,96B78431-4166-E4D3-2AA2-15BE2512E1D6
0.1561362,-17.960308,1,96B78431-4166-E4D3-2AA2-15BE2512E1D6
15.917228,-18.472954,2,96B78431-4166-E4D3-2AA2-15BE2512E1D6
26.994482,-15.546063,2,96B78431-4166-E4D3-2AA2-15BE2512E1D6
23.951881,5.2262464,0,96B78431-4166-E4D3-2AA2-15BE2512E1D6
1.5513891,44.948814,0,96B78431-4166-E4D3-2AA2-15BE2512E1D6
44.364758,-12.689201,1,96B78431-4166-E4D3-2AA2-15BE2512E1D6
17.553663,-15.14075,1,96B78431-4166-E4D3-2AA2-15BE2512E1D6
12.242278,-24.069304,1,96B78431-4166-E4D3-2AA2-15BE2512E1D6
-19.390125,-7.1669292,1,96B78431-4166-E4D3-2AA2-15BE2512E1D6
10.13794,22.654558,2,99827717-1B21-7ECC-CAD1-99489F7E19EA
16.266415,34.043285,2,99827717-1B21-7ECC-CAD1-99489F7E19EA
33.33136,6.8966494,2,99827717-1B21-7ECC-CAD1-99489F7E19EA
28.143898,8.008004,2,99827717-1B21-7ECC-CAD1-99489F7E19EA
8.004135,21.920353,2,99827717-1B21-7ECC-CAD1-99489F7E19EA
-5.357681,55.851948,2,99827717-1B21-7ECC-CAD1-99489F7E19EA
-7.7989364,-68.0985,2,99827717-1B21-7ECC-CAD1-99489F7E19EA
-13.369841,-34.37681,2,99827717-1B21-7ECC-CAD1-99489F7E19EA
11.09755,-49.169163,2,99827717-1B21-7ECC-CAD1-99489F7E19EA
-2.0552886,-26.429121,2,99827717-1B21-7ECC-CAD1-99489F7E19EA
0.4401566,47.808926,2,99827717-1B21-7ECC-CAD1-99489F7E19EA
33.151703,39.222153,1,99827717-1B21-7ECC-CAD1-99489F7E19EA
-10.515185,54.588573,1,99827717-1B21-7ECC-CAD1-99489F7E19EA
-3.273865,58.99446,0,99827717-1B21-7ECC-CAD1-99489F7E19EA
-48.955036,8.201407,0,99827717-1B21-7ECC-CAD1-99489F7E19EA
30.822384,-7.4037223,0,99827717-1B21-7ECC-CAD1-99489F7E19EA
14.196542,28.994028,0,99827717-1B21-7ECC-CAD1-99489F7E19EA
10.406389,28.456034,0,99827717-1B21-7ECC-CAD1-99489F7E19EA
9.041567,-52.46268,2,99C0C5AE-01AD-1BB2-A36B-74B166CB26BA
4.5350018,-67.890945,2,99C0C5AE-01AD-1BB2-A36B-74B166CB26BA
-17.599482,-25.52193,2,99C0C5AE-01AD-1BB2-A36B-74B166CB26BA
-24.527014,-13.804981,2,99C0C5AE-01AD-1BB2-A36B-74B166CB26BA
-13.242025,-45.216026,2,99C0C5AE-01AD-1BB2-A36B-74B166CB26BA
-19.126179,-38.62825,2,99C0C5AE-01AD-1BB2-A36B-74B166CB26BA
24.055183,6.044329,2,99C0C5AE-01AD-1BB2-A36B-74B166CB26BA
-4.544179,-0.7620044,2,99C0C5AE-01AD-1BB2-A36B-74B166CB26BA
28.103777,7.816006,2,99C0C5AE-01AD-1BB2-A36B-74B166CB26BA
15.539047,29.89986,2,99C0C5AE-01AD-1BB2-A36B-74B166CB26BA
25.504023,47.79241,2,99C0C5AE-01AD-1BB2-A36B-74B166CB26BA
9.454424,58.861595,2,99C0C5AE-01AD-1BB2-A36B-74B166CB26BA
29.087265,-4.208557,2,99C0C5AE-01AD-1BB2-A36B-74B166CB26BA
-49.42837,13.9470415,2,99C0C5AE-01AD-1BB2-A36B-74B166CB26BA
17.492867,-54.606266,2,99C0C5AE-01AD-1BB2-A36B-74B166CB26BA
-57.707546,13.980074,2,99C0C5AE-01AD-1BB2-A36B-74B166CB26BA
-19.791,25.172234,2,99C0C5AE-01AD-1BB2-A36B-74B166CB26BA
3.24797,-36.031437,2,99C0C5AE-01AD-1BB2-A36B-74B166CB26BA
-46.55896,3.190621,2,99C0C5AE-01AD-1BB2-A36B-74B166CB26BA
1.1748985,38.955948,2,99C0C5AE-01AD-1BB2-A36B-74B166CB26BA
27.744743,-1.0939268,2,99C0C5AE-01AD-1BB2-A36B-74B166CB26BA
-0.8438169,50.813976,2,99C0C5AE-01AD-1BB2-A36B-74B166CB26BA
28.554253,-16.651592,2,99C0C5AE-01AD-1BB2-A36B-74B166CB26BA
18.906555,-16.745241,2,99C0C5AE-01AD-1BB2-A36B-74B166CB26BA
-5.22413,-68.97592,2,99C0C5AE-01AD-1BB2-A36B-74B166CB26BA
-20.19315,-28.92299,2,99C0C5AE-01AD-1BB2-A36B-74B166CB26BA
-20.355122,-29.317911,2,99C0C5AE-01AD-1BB2-A36B-74B166CB26BA
36.941833,21.44389,2,9A80CFF4-085D-6435-BA08-18E6496A8381
27.178263,35.54692,2,9A80CFF4-085D-6435-BA08-18E6496A8381
-0.029261908,56.75158,0,9A80CFF4-085D-6435-BA08-18E6496A8381
8.805385,32.4611,0,9A80CFF4-085D-6435-BA08-18E6496A8381
3.7784085,29.495836,0,9A80CFF4-085D-6435-BA08-18E6496A8381
-3.889343,56.805397,2,9A80CFF4-085D-6435-BA08-18E6496A8381
-5.181099,-68.902084,1,9A80CFF4-085D-6435-BA08-18E6496A8381
2.1836765,-76.751144,2,9A80CFF4-085D-6435-BA08-18E6496A8381
6.5765257,-47.545307,2,9A80CFF4-085D-6435-BA08-18E6496A8381
-0.9966839,-26.492954,2,9A80CFF4-085D-6435-BA08-18E6496A8381
-5.836061,26.763262,2,9A80CFF4-085D-6435-BA08-18E6496A8381
40.139797,-11.790694,2,9A80CFF4-085D-6435-BA08-18E6496A8381
1.073853,59.922207,0,9A80CFF4-085D-6435-BA08-18E6496A8381
-48.595505,4.6156764,0,9A80CFF4-085D-6435-BA08-18E6496A8381
-10.255272,5.418909,0,9A80CFF4-085D-6435-BA08-18E6496A8381
8.846792,33.268814,0,9A80CFF4-085D-6435-BA08-18E6496A8381
4.925352,20.899975,0,9A80CFF4-085D-6435-BA08-18E6496A8381
-0.742398,60.874557,0,9A80CFF4-085D-6435-BA08-18E6496A8381
6.392649,35.517555,2,9C694EBE-9421-F45A-ED92-F521991A6A52
-15.27793,-3.4307597,2,9C694EBE-9421-F45A-ED92-F521991A6A52
18.753824,-24.324574,0,9C694EBE-9421-F45A-ED92-F521991A6A52
13.340911,-23.871864,0,9C694EBE-9421-F45A-ED92-F521991A6A52
15.086809,-19.232,0,9C694EBE-9421-F45A-ED92-F521991A6A52
5.999448,34.362537,0,9C694EBE-9421-F45A-ED92-F521991A6A52
-9.814258,56.560284,2,9C694EBE-9421-F45A-ED92-F521991A6A52
-4.0086718,-23.89046,2,9C694EBE-9421-F45A-ED92-F521991A6A52
0.82015,-50.48287,2,9C694EBE-9421-F45A-ED92-F521991A6A52
0.16789229,-50.471733,2,9C694EBE-9421-F45A-ED92-F521991A6A52
-58.57706,14.102475,2,9C694EBE-9421-F45A-ED92-F521991A6A52
20.191694,-12.744766,2,9C694EBE-9421-F45A-ED92-F521991A6A52
-52.386574,22.89609,0,9C694EBE-9421-F45A-ED92-F521991A6A52
-14.996358,-40.50096,0,9C694EBE-9421-F45A-ED92-F521991A6A52
-17.33656,-37.24665,0,9C694EBE-9421-F45A-ED92-F521991A6A52
-17.157457,-34.9321,0,9C694EBE-9421-F45A-ED92-F521991A6A52
-4.098624,-66.94723,0,9C694EBE-9421-F45A-ED92-F521991A6A52
-56.42292,22.192762,0,9C694EBE-9421-F45A-ED92-F521991A6A52
-11.270643,-3.5672243,0,9C694EBE-9421-F45A-ED92-F521991A6A52
-9.117805,-1.2412637,2,9C694EBE-9421-F45A-ED92-F521991A6A52
26.643932,-5.8085876,2,9C694EBE-9421-F45A-ED92-F521991A6A52
10.709928,57.50002,2,9C694EBE-9421-F45A-ED92-F521991A6A52
4.412132,25.539251,2,9C694EBE-9421-F45A-ED92-F521991A6A52
11.391108,53.489433,2,9C694EBE-9421-F45A-ED92-F521991A6A52
36.427917,-4.179778,2,9C694EBE-9421-F45A-ED92-F521991A6A52
-49.529495,13.834649,2,9C694EBE-9421-F45A-ED92-F521991A6A52
19.931616,-15.7699995,0,9C694EBE-9421-F45A-ED92-F521991A6A52
22.543692,-16.86555,0,9C694EBE-9421-F45A-ED92-F521991A6A52
-8.540271,57.711636,0,9C694EBE-9421-F45A-ED92-F521991A6A52
6.656233,-35.966244,0,9C694EBE-9421-F45A-ED92-F521991A6A52
6.1169086,61.670795,2,9E6EBCE2-44FB-8F07-4135-E91140B34096
33.600525,6.319963,2,9E6EBCE2-44FB-8F07-4135-E91140B34096
43.54071,-8.845824,2,9E6EBCE2-44FB-8F07-4135-E91140B34096
14.668331,26.747986,2,9E6EBCE2-44FB-8F07-4135-E91140B34096
-49.640705,8.004049,2,9E6EBCE2-44FB-8F07-4135-E91140B34096
-8.122123,23.601004,2,9E6EBCE2-44FB-8F07-4135-E91140B34096
-0.7578831,24.084536,2,9E6EBCE2-44FB-8F07-4135-E91140B34096
-12.12661,49.90123,2,9E6EBCE2-44FB-8F07-4135-E91140B34096
-14.867911,31.59431,2,9E6EBCE2-44FB-8F07-4135-E91140B34096
8.445907,-54.533436,1,9E6EBCE2-44FB-8F07-4135-E91140B34096
10.047275,-52.527256,1,9E6EBCE2-44FB-8F07-4135-E91140B34096
10.326248,-51.792683,1,9E6EBCE2-44FB-8F07-4135-E91140B34096
-26.142355,28.967981,2,9E6EBCE2-44FB-8F07-4135-E91140B34096
-18.863264,-29.1515,2,9E6EBCE2-44FB-8F07-4135-E91140B34096
-18.06776,-36.84571,2,9E6EBCE2-44FB-8F07-4135-E91140B34096
-18.369316,-33.249966,1,9E6EBCE2-44FB-8F07-4135-E91140B34096
-17.067633,-29.315252,1,9E6EBCE2-44FB-8F07-4135-E91140B34096
-3.8185267,-31.162415,2,9E6EBCE2-44FB-8F07-4135-E91140B34096
-20.88946,-37.109043,0,A135AF2A-692D-9C83-AB54-34F977E4D14D
-10.077922,-70.04374,0,A135AF2A-692D-9C83-AB54-34F977E4D14D
-20.438257,-37.69933,0,A135AF2A-692D-9C83-AB54-34F977E4D14D
4.5702252,-80.56032,0,A135AF2A-692D-9C83-AB54-34F977E4D14D
-8.44662,-71.141884,2,A135AF2A-692D-9C83-AB54-34F977E4D14D
-20.596706,-38.57157,2,A135AF2A-692D-9C83-AB54-34F977E4D14D
-15.359001,-30.048862,2,A135AF2A-692D-9C83-AB54-34F977E4D14D
-13.637352,-40.415054,2,A135AF2A-692D-9C83-AB54-34F977E4D14D
-18.034237,-28.41366,2,A135AF2A-692D-9C83-AB54-34F977E4D14D
-7.661924,-25.023216,2,A135AF2A-692D-9C83-AB54-34F977E4D14D
-24.638456,29.703869,2,A135AF2A-692D-9C83-AB54-34F977E4D14D
10.24839,-52.44465,2,A135AF2A-692D-9C83-AB54-34F977E4D14D
6.0816207,-19.645538,2,A135AF2A-692D-9C83-AB54-34F977E4D14D
-12.906535,33.982655,2,A135AF2A-692D-9C83-AB54-34F977E4D14D
0.7540066,-56.37915,2,A135AF2A-692D-9C83-AB54-34F977E4D14D
-8.582831,-21.175283,0,A43E8D46-F136-DB41-3E16-F9F161DBA1D6
-51.87826,18.479227,0,A43E8D46-F136-DB41-3E16-F9F161DBA1D6
6.0468273,-55.039528,0,A43E8D46-F136-DB41-3E16-F9F161DBA1D6
10.15653,-53.4245,0,A43E8D46-F136-DB41-3E16-F9F161DBA1D6
-56.364937,19.302296,1,A43E8D46-F136-DB41-3E16-F9F161DBA1D6
-15.185818,56.30417,1,A43E8D46-F136-DB41-3E16-F9F161DBA1D6
2.965143,-21.975914,0,A43E8D46-F136-DB41-3E16-F9F161DBA1D6
6.013468,-22.192905,0,A43E8D46-F136-DB41-3E16-F9F161DBA1D6
-14.883234,-2.651922,0,A43E8D46-F136-DB41-3E16-F9F161DBA1D6
-10.260584,39.383636,0,A43E8D46-F136-DB41-3E16-F9F161DBA1D6
0.9229564,-22.417192,0,A43E8D46-F136-DB41-3E16-F9F161DBA1D6
7.0229263,-58.782734,0,A43E8D46-F136-DB41-3E16-F9F161DBA1D6
8.983449,-58.744625,0,A43E8D46-F136-DB41-3E16-F9F161DBA1D6
-20.8612,-7.39786,0,A43E8D46-F136-DB41-3E16-F9F161DBA1D6
7.062844,-49.377464,0,A43E8D46-F136-DB41-3E16-F9F161DBA1D6
7.3983965,-15.496143,1,A43E8D46-F136-DB41-3E16-F9F161DBA1D6
-2.4931028,28.302122,1,A43E8D46-F136-DB41-3E16-F9F161DBA1D6
8.780752,22.552538,1,A43E8D46-F136-DB41-3E16-F9F161DBA1D6
26.493763,-16.865063,2,A43E8D46-F136-DB41-3E16-F9F161DBA1D6
5.9907637,53.059563,2,A43E8D46-F136-DB41-3E16-F9F161DBA1D6
2.9854646,46.910313,1,A43E8D46-F136-DB41-3E16-F9F161DBA1D6
15.348804,-26.407896,2,A7C426E7-344F-99F4-6E35-453AF3AD9C2C
31.057344,-13.789009,2,A7C426E7-344F-99F4-6E35-453AF3AD9C2C
30.398878,-9.771538,2,A7C426E7-344F-99F4-6E35-453AF3AD9C2C
30.753735,-17.416367,2,A7C426E7-344F-99F4-6E35-453AF3AD9C2C
-49.730724,5.005961,1,A7C426E7-344F-99F4-6E35-453AF3AD9C2C
16.214998,-12.9376,1,A7C426E7-344F-99F4-6E35-453AF3AD9C2C
-18.05309,27.257977,1,A7C426E7-344F-99F4-6E35-453AF3AD9C2C
-19.501436,32.747993,1,A7C426E7-344F-99F4-6E35-453AF3AD9C2C
-1.0805382,-25.564468,1,A7C426E7-344F-99F4-6E35-453AF3AD9C2C
1.4998672,-22.846912,1,A7C426E7-344F-99F4-6E35-453AF3AD9C2C
0.2242642,-26.5268,1,A7C426E7-344F-99F4-6E35-453AF3AD9C2C
14.730695,-28.485058,1,A7C426E7-344F-99F4-6E35-453AF3AD9C2C
29.16114,-12.142208,1,A7C426E7-344F-99F4-6E35-453AF3AD9C2C
12.986909,33.301018,1,A7C426E7-344F-99F4-6E35-453AF3AD9C2C
15.6081085,30.03063,1,A7C426E7-344F-99F4-6E35-453AF3AD9C2C
-41.86074,4.054458,2,A7C426E7-344F-99F4-6E35-453AF3AD9C2C
-45.668167,5.402292,2,A7C426E7-344F-99F4-6E35-453AF3AD9C2C
-50.381496,5.848737,2,A7C426E7-344F-99F4-6E35-453AF3AD9C2C
24.756754,-5.9706864,2,A7C426E7-344F-99F4-6E35-453AF3AD9C2C
-3.4387867,50.60606,2,A7C426E7-344F-99F4-6E35-453AF3AD9C2C
2.0003676,25.671913,2,A7C426E7-344F-99F4-6E35-453AF3AD9C2C
14.420433,27.415382,2,A7C426E7-344F-99F4-6E35-453AF3AD9C2C
-4.862933,0.3628207,2,A7C426E7-344F-99F4-6E35-453AF3AD9C2C
17.618172,32.578465,2,A7C426E7-344F-99F4-6E35-453AF3AD9C2C
-46.637043,9.028586,1,A7C426E7-344F-99F4-6E35-453AF3AD9C2C
1.1206744,39.15527,1,A7C426E7-344F-99F4-6E35-453AF3AD9C2C
21.532068,-7.9304786,1,A7C426E7-344F-99F4-6E35-453AF3AD9C2C
-12.209368,-5.765357,2,A7C426E7-344F-99F4-6E35-453AF3AD9C2C
-17.783932,1.7737063,2,A7C426E7-344F-99F4-6E35-453AF3AD9C2C
-53.728584,10.67224,2,A7C426E7-344F-99F4-6E35-453AF3AD9C2C
20.982855,-23.69426,2,A7C426E7-344F-99F4-6E35-453AF3AD9C2C
39.588318,-12.964554,2,A7C426E7-344F-99F4-6E35-453AF3AD9C2C
16.140745,-13.181241,2,A7C426E7-344F-99F4-6E35-453AF3AD9C2C
2.9357455,61.811188,2,A7C426E7-344F-99F4-6E35-453AF3AD9C2C
2.009406,47.896576,2,A7C426E7-344F-99F4-6E35-453AF3AD9C2C
6.199074,22.545246,2,A7C426E7-344F-99F4-6E35-453AF3AD9C2C
3.8510268,-36.639294,1,A7C426E7-344F-99F4-6E35-453AF3AD9C2C
-57.373535,17.94968,1,A7C426E7-344F-99F4-6E35-453AF3AD9C2C
-0.23933679,-51.795773,1,A7C426E7-344F-99F4-6E35-453AF3AD9C2C
8.842771,-50.299152,1,A7C426E7-344F-99F4-6E35-453AF3AD9C2C
-1.2198156,-23.980581,1,A7C426E7-344F-99F4-6E35-453AF3AD9C2C
7.822029,-23.862106,0,A7C426E7-344F-99F4-6E35-453AF3AD9C2C
24.922464,-6.6363115,0,AB9921A8-F143-E101-6A47-E66882F571B2
11.212056,59.33914,0,AB9921A8-F143-E101-6A47-E66882F571B2
26.063374,7.2544346,0,AB9921A8-F143-E101-6A47-E66882F571B2
31.5498,6.1675563,0,AB9921A8-F143-E101-6A47-E66882F571B2
11.130351,31.952904,0,AB9921A8-F143-E101-6A47-E66882F571B2
30.42132,-10.72077,1,AB9921A8-F143-E101-6A47-E66882F571B2
-0.13122304,-23.67631,1,AB9921A8-F143-E101-6A47-E66882F571B2
5.7085247,-72.67118,1,AB9921A8-F143-E101-6A47-E66882F571B2
1.5498062,-53.484276,1,AB9921A8-F143-E101-6A47-E66882F571B2
-23.696396,27.866663,1,AB9921A8-F143-E101-6A47-E66882F571B2
-13.741527,-43.13745,1,AB9921A8-F143-E101-6A47-E66882F571B2
2.3154752,-77.13654,1,AB9921A8-F143-E101-6A47-E66882F571B2
27.747128,12.763356,0,B06410CC-D778-33B2-B1FD-A828EE4AF413
23.86522,14.137646,0,B06410CC-D778-33B2-B1FD-A828EE4AF413
16.193085,42.11558,0,B06410CC-D778-33B2-B1FD-A828EE4AF413
-2.730363,2.901712,0,B06410CC-D778-33B2-B1FD-A828EE4AF413
-41.747105,4.8399763,0,B06410CC-D778-33B2-B1FD-A828EE4AF413
-40.496147,4.4019833,0,B06410CC-D778-33B2-B1FD-A828EE4AF413
4.477754,-72.54735,2,B06410CC-D778-33B2-B1FD-A828EE4AF413
4.09012,-73.27051,2,B06410CC-D778-33B2-B1FD-A828EE4AF413
-7.4313703,-21.335394,2,B06410CC-D778-33B2-B1FD-A828EE4AF413
7.7950187,-56.23521,2,B06410CC-D778-33B2-B1FD-A828EE4AF413
-23.811647,-10.461897,2,B06410CC-D778-33B2-B1FD-A828EE4AF413
-12.114878,35.422054,2,B06410CC-D778-33B2-B1FD-A828EE4AF413
-14.501552,-23.777931,1,B06410CC-D778-33B2-B1FD-A828EE4AF413
5.187365,-72.33978,1,B06410CC-D778-33B2-B1FD-A828EE4AF413
5.3636603,-72.53542,1,B06410CC-D778-33B2-B1FD-A828EE4AF413
-0.16826358,-57.00087,1,B06410CC-D778-33B2-B1FD-A828EE4AF413
-54.563656,23.80644,1,B06410CC-D778-33B2-B1FD-A828EE4AF413
-17.460365,-25.40744,1,B06410CC-D778-33B2-B1FD-A828EE4AF413
16.001692,-57.340885,2,B06410CC-D778-33B2-B1FD-A828EE4AF413
4.1090016,60.543587,2,B06410CC-D778-33B2-B1FD-A828EE4AF413
32.501232,6.2582154,1,B06410CC-D778-33B2-B1FD-A828EE4AF413
37.534664,22.695429,2,B0AAFE06-91C2-2C6D-4547-7508BB719E45
-45.53241,5.463846,2,B0AAFE06-91C2-2C6D-4547-7508BB719E45
28.192873,-7.188882,2,B0AAFE06-91C2-2C6D-4547-7508BB719E45
7.7405515,33.8466,2,B0AAFE06-91C2-2C6D-4547-7508BB719E45
41.41704,-14.27176,2,B0AAFE06-91C2-2C6D-4547-7508BB719E45
25.078459,47.94329,2,B0AAFE06-91C2-2C6D-4547-7508BB719E45
30.415714,0.92069346,0,B0AAFE06-91C2-2C6D-4547-7508BB719E45
27.444983,4.765482,0,B0AAFE06-91C2-2C6D-4547-7508BB719E45
15.429191,27.980007,0,B0AAFE06-91C2-2C6D-4547-7508BB719E45
10.899053,52.072777,0,B0AAFE06-91C2-2C6D-4547-7508BB719E45
26.152714,-21.239462,1,B0AAFE06-91C2-2C6D-4547-7508BB719E45
7.529814,-27.325161,0,B0AAFE06-91C2-2C6D-4547-7508BB719E45
-0.9900656,-23.287546,2,B0AAFE06-91C2-2C6D-4547-7508BB719E45
-12.57605,-5.805519,0,B0AAFE06-91C2-2C6D-4547-7508BB719E45
36.92095,21.423767,2,B17DF37B-207D-A052-4D45-F862B3BF4C4C
-41.63456,4.219875,2,B17DF37B-207D-A052-4D45-F862B3BF4C4C
48.054214,9.037621,2,B17DF37B-207D-A052-4D45-F862B3BF4C4C
-38.216396,5.376889,2,B17DF37B-207D-A052-4D45-F862B3BF4C4C
15.215665,43.061558,2,B17DF37B-207D-A052-4D45-F862B3BF4C4C
-4.3999133,4.5294166,2,B17DF37B-207D-A052-4D45-F862B3BF4C4C
36.70891,-9.669511,2,B17DF37B-207D-A052-4D45-F862B3BF4C4C
18.155216,-16.074768,2,B17DF37B-207D-A052-4D45-F862B3BF4C4C
-51.968666,14.023777,1,B17DF37B-207D-A052-4D45-F862B3BF4C4C
21.75041,-24.35206,1,B17DF37B-207D-A052-4D45-F862B3BF4C4C
-13.165673,-1.7643458,1,B17DF37B-207D-A052-4D45-F862B3BF4C4C
17.176447,-9.545079,0,B17DF37B-207D-A052-4D45-F862B3BF4C4C
-1.846578,-56.613914,2,B17DF37B-207D-A052-4D45-F862B3BF4C4C
6.3291855,-75.90786,1,B17DF37B-207D-A052-4D45-F862B3BF4C4C
-31.399353,-13.395111,1,B17DF37B-207D-A052-4D45-F862B3BF4C4C
-2.6489902,-68.25531,1,B17DF37B-207D-A052-4D45-F862B3BF4C4C
-19.726114,-33.958687,1,B17DF37B-207D-A052-4D45-F862B3BF4C4C
3.986768,-37.05595,1,B17DF37B-207D-A052-4D45-F862B3BF4C4C
1.7431418,-51.182747,1,B17DF37B-207D-A052-4D45-F862B3BF4C4C
-55.257565,24.901396,1,B17DF37B-207D-A052-4D45-F862B3BF4C4C
-30.11795,-11.760059,1,B17DF37B-207D-A052-4D45-F862B3BF4C4C
-5.5490546,-66.47858,1,B17DF37B-207D-A052-4D45-F862B3BF4C4C
6.208336,-75.663956,1,B17DF37B-207D-A052-4D45-F862B3BF4C4C
-54.334545,25.140602,1,B17DF37B-207D-A052-4D45-F862B3BF4C4C
-2.6204476,56.522697,1,B17DF37B-207D-A052-4D45-F862B3BF4C4C
17.311779,-27.096756,0,B17DF37B-207D-A052-4D45-F862B3BF4C4C
24.031784,-7.5221205,0,B17DF37B-207D-A052-4D45-F862B3BF4C4C
3.919451,53.45948,0,B17DF37B-207D-A052-4D45-F862B3BF4C4C
-48.432487,8.067122,0,B17DF37B-207D-A052-4D45-F862B3BF4C4C
4.9769325,56.313835,0,B17DF37B-207D-A052-4D45-F862B3BF4C4C
-6.8944497,-29.61903,1,B17DF37B-207D-A052-4D45-F862B3BF4C4C
9.9523735,-50.629745,1,B17DF37B-207D-A052-4D45-F862B3BF4C4C
-55.52742,19.771465,1,B17DF37B-207D-A052-4D45-F862B3BF4C4C
-55.79444,23.795822,1,B17DF37B-207D-A052-4D45-F862B3BF4C4C
-13.150371,-31.081455,1,B17DF37B-207D-A052-4D45-F862B3BF4C4C
-55.683514,23.55344,1,B17DF37B-207D-A052-4D45-F862B3BF4C4C
-15.206917,29.83604,1,B2EE7EC5-4E5B-EBDD-E0EB-AF758B95C36A
6.331637,-55.19845,1,B2EE7EC5-4E5B-EBDD-E0EB-AF758B95C36A
-11.981906,-31.760721,1,B2EE7EC5-4E5B-EBDD-E0EB-AF758B95C36A
-6.280336,-24.822744,1,B2EE7EC5-4E5B-EBDD-E0EB-AF758B95C36A
7.2260046,-56.600723,1,B2EE7EC5-4E5B-EBDD-E0EB-AF758B95C36A
7.108846,-58.18697,2,B2EE7EC5-4E5B-EBDD-E0EB-AF758B95C36A
-24.056,-7.1919374,2,B2EE7EC5-4E5B-EBDD-E0EB-AF758B95C36A
-1.6582249,-54.232105,2,B2EE7EC5-4E5B-EBDD-E0EB-AF758B95C36A
-24.926237,27.747095,2,B2EE7EC5-4E5B-EBDD-E0EB-AF758B95C36A
-5.5401096,-57.891422,2,B2EE7EC5-4E5B-EBDD-E0EB-AF758B95C36A
2.4241686,-77.681435,1,B2EE7EC5-4E5B-EBDD-E0EB-AF758B95C36A
4.103456,-77.57795,1,B2EE7EC5-4E5B-EBDD-E0EB-AF758B95C36A
-13.99965,-5.1373525,1,B2EE7EC5-4E5B-EBDD-E0EB-AF758B95C36A
-7.796273,35.6617,1,B2EE7EC5-4E5B-EBDD-E0EB-AF758B95C36A
20.052996,49.70604,1,B2EE7EC5-4E5B-EBDD-E0EB-AF758B95C36A
-17.264765,2.9938092,1,B2EE7EC5-4E5B-EBDD-E0EB-AF758B95C36A
-52.378407,9.455909,1,B2EE7EC5-4E5B-EBDD-E0EB-AF758B95C36A
20.650112,49.54733,1,B2EE7EC5-4E5B-EBDD-E0EB-AF758B95C36A
21.140402,-17.096117,1,B2EE7EC5-4E5B-EBDD-E0EB-AF758B95C36A
24.022575,-17.530783,1,B2EE7EC5-4E5B-EBDD-E0EB-AF758B95C36A
15.796242,-55.555233,1,B2EE7EC5-4E5B-EBDD-E0EB-AF758B95C36A
-0.5851238,61.32876,1,B2EE7EC5-4E5B-EBDD-E0EB-AF758B95C36A
22.74963,-14.886989,1,B2EE7EC5-4E5B-EBDD-E0EB-AF758B95C36A
-11.778461,-2.1274757,1,B2EE7EC5-4E5B-EBDD-E0EB-AF758B95C36A
31.275513,-5.549366,1,B2EE7EC5-4E5B-EBDD-E0EB-AF758B95C36A
29.640287,-7.0596495,1,B2EE7EC5-4E5B-EBDD-E0EB-AF758B95C36A
37.37314,-3.5336277,1,B2EE7EC5-4E5B-EBDD-E0EB-AF758B95C36A
44.098297,-14.312588,1,B2EE7EC5-4E5B-EBDD-E0EB-AF758B95C36A
9.95932,58.485386,0,B2EE7EC5-4E5B-EBDD-E0EB-AF758B95C36A
9.576094,50.984013,0,B2EE7EC5-4E5B-EBDD-E0EB-AF758B95C36A
-4.068332,-66.69778,0,B2EE7EC5-4E5B-EBDD-E0EB-AF758B95C36A
-16.896202,-28.464037,0,B2EE7EC5-4E5B-EBDD-E0EB-AF758B95C36A
5.5345407,-75.11152,0,B2EE7EC5-4E5B-EBDD-E0EB-AF758B95C36A
10.391589,-48.836365,0,B2EE7EC5-4E5B-EBDD-E0EB-AF758B95C36A
10.736744,-22.034294,0,B2EE7EC5-4E5B-EBDD-E0EB-AF758B95C36A
27.300707,-17.966908,0,B2EE7EC5-4E5B-EBDD-E0EB-AF758B95C36A
9.622104,-22.336006,0,B3CE5256-6F65-85EB-0078-689BD5CC1B17
-17.329893,32.693268,0,B3CE5256-6F65-85EB-0078-689BD5CC1B17
4.782092,-50.607685,0,B3CE5256-6F65-85EB-0078-689BD5CC1B17
-19.36939,25.870247,0,B3CE5256-6F65-85EB-0078-689BD5CC1B17
-0.44649607,-49.25726,0,B3CE5256-6F65-85EB-0078-689BD5CC1B17
5.393904,-48.063385,0,B3CE5256-6F65-85EB-0078-689BD5CC1B17
38.561817,-16.873646,0,B3CE5256-6F65-85EB-0078-689BD5CC1B17
-49.534393,8.855051,0,B3CE5256-6F65-85EB-0078-689BD5CC1B17
15.368985,31.707357,0,B3CE5256-6F65-85EB-0078-689BD5CC1B17
4.997708,56.292732,0,B3CE5256-6F65-85EB-0078-689BD5CC1B17
30.243277,-4.4186068,2,B3CE5256-6F65-85EB-0078-689BD5CC1B17
8.321808,25.184467,2,B3CE5256-6F65-85EB-0078-689BD5CC1B17
-19.933802,50.446945,0,B6EE5F90-8F59-D3CF-C449-59216B28207B
-23.184175,-6.008007,0,B6EE5F90-8F59-D3CF-C449-59216B28207B
-52.487045,10.653414,0,B6EE5F90-8F59-D3CF-C449-59216B28207B
11.115606,54.601513,0,B6EE5F90-8F59-D3CF-C449-59216B28207B
-47.196434,5.91687,0,B6EE5F90-8F59-D3CF-C449-59216B28207B
0.757884,39.705566,1,B6EE5F90-8F59-D3CF-C449-59216B28207B
13.355922,-11.110299,2,B6EE5F90-8F59-D3CF-C449-59216B28207B
19.069273,-14.662368,2,B6EE5F90-8F59-D3CF-C449-59216B28207B
-11.209064,-2.7754729,2,B6EE5F90-8F59-D3CF-C449-59216B28207B
37.790882,-2.8252585,2,B6EE5F90-8F59-D3CF-C449-59216B28207B
28.691109,-1.4475822,1,B6EE5F90-8F59-D3CF-C449-59216B28207B
9.901979,27.105618,1,B6EE5F90-8F59-D3CF-C449-59216B28207B
29.871365,-1.9206339,2,B6EE5F90-8F59-D3CF-C449-59216B28207B
29.669996,-1.930897,2,B6EE5F90-8F59-D3CF-C449-59216B28207B
12.275769,50.8148,2,B6EE5F90-8F59-D3CF-C449-59216B28207B
36.557262,-10.047632,2,B6EE5F90-8F59-D3CF-C449-59216B28207B
21.322187,-12.792391,2,B6EE5F90-8F59-D3CF-C449-59216B28207B
-4.3060174,41.191475,2,B6EE5F90-8F59-D3CF-C449-59216B28207B
-17.431053,27.600769,0,B9FD0C60-33D3-E99E-2475-815EAD5C89C2
-55.063316,16.460983,2,B9FD0C60-33D3-E99E-2475-815EAD5C89C2
-53.554707,19.159548,2,B9FD0C60-33D3-E99E-2475-815EAD5C89C2
-50.59756,17.709864,0,B9FD0C60-33D3-E99E-2475-815EAD5C89C2
16.00935,-57.53912,0,B9FD0C60-33D3-E99E-2475-815EAD5C89C2
33.03138,3.062652,0,B9FD0C60-33D3-E99E-2475-815EAD5C89C2
25.21875,13.962493,2,B9FD0C60-33D3-E99E-2475-815EAD5C89C2
26.470633,14.849785,2,B9FD0C60-33D3-E99E-2475-815EAD5C89C2
25.78044,13.868306,2,B9FD0C60-33D3-E99E-2475-815EAD5C89C2
49.265156,10.493193,2,B9FD0C60-33D3-E99E-2475-815EAD5C89C2
49.2842,9.0262985,0,B9FD0C60-33D3-E99E-2475-815EAD5C89C2
48.76478,9.356424,0,B9FD0C60-33D3-E99E-2475-815EAD5C89C2
17.633741,34.729668,0,B9FD0C60-33D3-E99E-2475-815EAD5C89C2
-44.92702,8.6529,0,B9FD0C60-33D3-E99E-2475-815EAD5C89C2
43.940456,-14.436999,0,B9FD0C60-33D3-E99E-2475-815EAD5C89C2
21.152102,-19.440784,2,B9FD0C60-33D3-E99E-2475-815EAD5C89C2
6.941877,-15.846662,2,B9FD0C60-33D3-E99E-2475-815EAD5C89C2
-15.358293,50.150665,0,B9FD0C60-33D3-E99E-2475-815EAD5C89C2
-38.382637,3.6957939,0,BAAA2876-D490-2AB5-0A98-6EB94C7FC331
49.10093,9.324596,0,BAAA2876-D490-2AB5-0A98-6EB94C7FC331
49.544624,8.684855,1,BAAA2876-D490-2AB5-0A98-6EB94C7FC331
49.61415,9.069827,1,BAAA2876-D490-2AB5-0A98-6EB94C7FC331
48.47899,9.760651,1,BAAA2876-D490-2AB5-0A98-6EB94C7FC331
-38.769917,3.6953983,1,BAAA2876-D490-2AB5-0A98-6EB94C7FC331
9.538597,21.320904,2,BAAA2876-D490-2AB5-0A98-6EB94C7FC331
-5.103753,55.10283,2,BAAA2876-D490-2AB5-0A98-6EB94C7FC331
-12.323654,48.556557,2,BAAA2876-D490-2AB5-0A98-6EB94C7FC331
-24.64539,-6.3453784,2,BAAA2876-D490-2AB5-0A98-6EB94C7FC331
-15.775013,55.617424,2,BAAA2876-D490-2AB5-0A98-6EB94C7FC331
-13.249055,-25.144056,2,BAAA2876-D490-2AB5-0A98-6EB94C7FC331
33.108868,39.11315,0,BAAA2876-D490-2AB5-0A98-6EB94C7FC331
-47.850662,6.0071244,0,BAAA2876-D490-2AB5-0A98-6EB94C7FC331
26.253094,-1.125152,0,BAAA2876-D490-2AB5-0A98-6EB94C7FC331
-0.12708628,37.932682,0,BAAA2876-D490-2AB5-0A98-6EB94C7FC331
-8.882977,55.59435,0,BAAA2876-D490-2AB5-0A98-6EB94C7FC331
-12.851671,55.46057,0,BAAA2876-D490-2AB5-0A98-6EB94C7FC331
0.8070643,-52.686615,0,BAAA2876-D490-2AB5-0A98-6EB94C7FC331
5.1029735,-51.19496,0,BAAA2876-D490-2AB5-0A98-6EB94C7FC331
9.070887,-58.607285,0,BAAA2876-D490-2AB5-0A98-6EB94C7FC331
-12.926198,-24.728195,0,BAAA2876-D490-2AB5-0A98-6EB94C7FC331
12.329072,-56.117943,1,BAAA2876-D490-2AB5-0A98-6EB94C7FC331
-8.314308,51.398026,1,BAAA2876-D490-2AB5-0A98-6EB94C7FC331
25.360142,6.753987,0,BAAA2876-D490-2AB5-0A98-6EB94C7FC331
26.36153,3.635765,0,BAAA2876-D490-2AB5-0A98-6EB94C7FC331
0.30903566,25.158632,0,BAAA2876-D490-2AB5-0A98-6EB94C7FC331
23.888016,-19.929258,0,BAAA2876-D490-2AB5-0A98-6EB94C7FC331
13.604835,-58.267605,0,BAAA2876-D490-2AB5-0A98-6EB94C7FC331
13.364332,-58.254303,0,BAAA2876-D490-2AB5-0A98-6EB94C7FC331
-8.5548315,-58.85882,0,BC7EE230-0AF9-3AC5-24E5-8EC4B0B432A8
-8.282915,-59.18039,0,BC7EE230-0AF9-3AC5-24E5-8EC4B0B432A8
1.9359566,-79.76984,0,BC7EE230-0AF9-3AC5-24E5-8EC4B0B432A8
3.6642883,-79.43958,0,BC7EE230-0AF9-3AC5-24E5-8EC4B0B432A8
-3.641456,-71.83326,0,BC7EE230-0AF9-3AC5-24E5-8EC4B0B432A8
-31.707184,-10.328792,0,BC7EE230-0AF9-3AC5-24E5-8EC4B0B432A8
21.559221,-7.7941103,0,BC7EE230-0AF9-3AC5-24E5-8EC4B0B432A8
33.82567,-10.631504,0,BC7EE230-0AF9-3AC5-24E5-8EC4B0B432A8
24.791702,-5.4080825,2,BC7EE230-0AF9-3AC5-24E5-8EC4B0B432A8
-8.600976,-2.0117445,2,BC7EE230-0AF9-3AC5-24E5-8EC4B0B432A8
6.7110553,33.472565,2,BC7EE230-0AF9-3AC5-24E5-8EC4B0B432A8
14.421725,-22.31804,2,BC7EE230-0AF9-3AC5-24E5-8EC4B0B432A8
11.580769,53.565968,2,BC7EE230-0AF9-3AC5-24E5-8EC4B0B432A8
12.199801,50.769554,2,BC7EE230-0AF9-3AC5-24E5-8EC4B0B432A8
10.209608,28.963123,2,BC7EE230-0AF9-3AC5-24E5-8EC4B0B432A8
22.698689,-12.275919,2,BC7EE230-0AF9-3AC5-24E5-8EC4B0B432A8
-12.269499,51.431717,2,BC7EE230-0AF9-3AC5-24E5-8EC4B0B432A8
-17.578423,31.018919,1,BC7EE230-0AF9-3AC5-24E5-8EC4B0B432A8
37.531086,22.685532,2,BD35F47E-4F73-8664-B165-98D2BF2CDA48
34.51386,1.125012,2,BD35F47E-4F73-8664-B165-98D2BF2CDA48
23.345243,-2.6977744,2,BD35F47E-4F73-8664-B165-98D2BF2CDA48
3.1116724,26.479815,2,BD35F47E-4F73-8664-B165-98D2BF2CDA48
23.585867,-14.185386,2,BD35F47E-4F73-8664-B165-98D2BF2CDA48
5.4017587,54.398605,2,BD35F47E-4F73-8664-B165-98D2BF2CDA48
-0.3183872,50.111217,0,BD35F47E-4F73-8664-B165-98D2BF2CDA48
10.073292,56.8732,0,BD35F47E-4F73-8664-B165-98D2BF2CDA48
29.736317,-2.2306523,0,BD35F47E-4F73-8664-B165-98D2BF2CDA48
-46.1596,7.2571926,0,BD35F47E-4F73-8664-B165-98D2BF2CDA48
44.820713,-11.56826,0,BD35F47E-4F73-8664-B165-98D2BF2CDA48
31.905447,3.635153,0,BD35F47E-4F73-8664-B165-98D2BF2CDA48
-15.798636,52.112484,2,BD35F47E-4F73-8664-B165-98D2BF2CDA48
-16.27748,52.999565,0,BD35F47E-4F73-8664-B165-98D2BF2CDA48
-13.142242,-22.60436,0,BD35F47E-4F73-8664-B165-98D2BF2CDA48
-58.73706,15.704031,0,BD35F47E-4F73-8664-B165-98D2BF2CDA48
-10.940189,38.538685,0,BD35F47E-4F73-8664-B165-98D2BF2CDA48
-20.150587,26.68768,0,BD35F47E-4F73-8664-B165-98D2BF2CDA48
36.829567,21.339735,2,C24A665A-6B67-FDEA-04A4-C2DA3AF79D51
16.44535,41.976463,2,C24A665A-6B67-FDEA-04A4-C2DA3AF79D51
49.25519,8.68932,0,C24A665A-6B67-FDEA-04A4-C2DA3AF79D51
48.87588,9.179461,0,C24A665A-6B67-FDEA-04A4-C2DA3AF79D51
49.579697,9.96255,0,C24A665A-6B67-FDEA-04A4-C2DA3AF79D51
49.21375,10.5663805,0,C24A665A-6B67-FDEA-04A4-C2DA3AF79D51
49.33918,10.3842535,0,C24A665A-6B67-FDEA-04A4-C2DA3AF79D51
49.656815,9.715103,0,C24A665A-6B67-FDEA-04A4-C2DA3AF79D51
48.906506,10.330768,0,C24A665A-6B67-FDEA-04A4-C2DA3AF79D51
48.431522,9.201843,0,C24A665A-6B67-FDEA-04A4-C2DA3AF79D51
48.54362,8.877044,0,C24A665A-6B67-FDEA-04A4-C2DA3AF79D51
-38.31299,4.641831,2,C24A665A-6B67-FDEA-04A4-C2DA3AF79D51
33.184025,38.708,2,C24A665A-6B67-FDEA-04A4-C2DA3AF79D51
24.26638,14.128603,2,C24A665A-6B67-FDEA-04A4-C2DA3AF79D51
28.417324,10.322406,2,C24A665A-6B67-FDEA-04A4-C2DA3AF79D51
31.87487,2.2333837,2,C24A665A-6B67-FDEA-04A4-C2DA3AF79D51
39.745502,-15.10555,2,C24A665A-6B67-FDEA-04A4-C2DA3AF79D51
11.286421,-23.023674,2,C24A665A-6B67-FDEA-04A4-C2DA3AF79D51
-19.11097,-38.52793,2,C24A665A-6B67-FDEA-04A4-C2DA3AF79D51
-5.155813,-71.44688,2,C24A665A-6B67-FDEA-04A4-C2DA3AF79D51
-15.896028,-40.44991,2,C24A665A-6B67-FDEA-04A4-C2DA3AF79D51
-15.607367,-40.03194,2,C24A665A-6B67-FDEA-04A4-C2DA3AF79D51
-18.098745,-37.77101,2,C24A665A-6B67-FDEA-04A4-C2DA3AF79D51
-6.874584,-66.90658,2,C24A665A-6B67-FDEA-04A4-C2DA3AF79D51
-11.589717,-32.09569,2,C24A665A-6B67-FDEA-04A4-C2DA3AF79D51
-15.201198,31.817524,2,C24A665A-6B67-FDEA-04A4-C2DA3AF79D51
-0.67730266,20.532785,2,C24A665A-6B67-FDEA-04A4-C2DA3AF79D51
4.9384046,28.52855,2,C24A665A-6B67-FDEA-04A4-C2DA3AF79D51
7.654501,34.417755,2,C24A665A-6B67-FDEA-04A4-C2DA3AF79D51
-6.450161,3.734638,2,C24A665A-6B67-FDEA-04A4-C2DA3AF79D51
-6.903561,-59.173267,0,C24A665A-6B67-FDEA-04A4-C2DA3AF79D51
3.7612765,-77.988815,0,C24A665A-6B67-FDEA-04A4-C2DA3AF79D51
-6.9965224,-57.449287,0,C24A665A-6B67-FDEA-04A4-C2DA3AF79D51
-30.929787,-11.658861,0,C24A665A-6B67-FDEA-04A4-C2DA3AF79D51
-25.059118,31.756239,0,C24A665A-6B67-FDEA-04A4-C2DA3AF79D51
8.329657,-57.833538,0,C24A665A-6B67-FDEA-04A4-C2DA3AF79D51
2.6586604,-55.673878,0,C24A665A-6B67-FDEA-04A4-C2DA3AF79D51
1.8690994,-57.27627,0,C24A665A-6B67-FDEA-04A4-C2DA3AF79D51
-13.21386,-28.545567,0,C24A665A-6B67-FDEA-04A4-C2DA3AF79D51
-18.99128,-26.74943,0,C24A665A-6B67-FDEA-04A4-C2DA3AF79D51
-4.682686,-69.24409,0,C24A665A-6B67-FDEA-04A4-C2DA3AF79D51
2.4694738,-79.05843,0,C24A665A-6B67-FDEA-04A4-C2DA3AF79D51
-16.616325,-35.13825,2,C5DC661F-E2D6-2B65-4765-77C8B81D2488
2.6740994,-78.00079,2,C5DC661F-E2D6-2B65-4765-77C8B81D2488
-15.944921,-35.55539,2,C5DC661F-E2D6-2B65-4765-77C8B81D2488
-16.998007,-29.062372,2,C5DC661F-E2D6-2B65-4765-77C8B81D2488
0.13328874,-17.892944,0,C5DC661F-E2D6-2B65-4765-77C8B81D2488
6.982258,-22.463966,0,C5DC661F-E2D6-2B65-4765-77C8B81D2488
-17.315071,25.945501,2,C5DC661F-E2D6-2B65-4765-77C8B81D2488
-4.6767316,-21.835825,2,C5DC661F-E2D6-2B65-4765-77C8B81D2488
0.019181848,-24.51512,2,C5DC661F-E2D6-2B65-4765-77C8B81D2488
-13.491729,-43.019527,2,C8BB6C15-19FA-A17A-5945-6202803016D7
-0.24595626,-56.61197,2,C8BB6C15-19FA-A17A-5945-6202803016D7
-0.40928683,-56.634274,1,C8BB6C15-19FA-A17A-5945-6202803016D7
-11.870717,-27.371538,1,C8BB6C15-19FA-A17A-5945-6202803016D7
-16.056757,-25.172773,1,C8BB6C15-19FA-A17A-5945-6202803016D7
2.6825533,-57.17087,1,C8BB6C15-19FA-A17A-5945-6202803016D7
-13.658987,-29.080547,2,C8BB6C15-19FA-A17A-5945-6202803016D7
-24.50949,28.687042,2,C8BB6C15-19FA-A17A-5945-6202803016D7
-16.385935,-25.506002,2,C8BB6C15-19FA-A17A-5945-6202803016D7
-0.6634242,-54.00643,2,C8BB6C15-19FA-A17A-5945-6202803016D7
-22.899546,-12.238866,1,C8BB6C15-19FA-A17A-5945-6202803016D7
3.5111184,-56.993908,1,C8BB6C15-19FA-A17A-5945-6202803016D7
3.777136,-48.56072,1,C8BB6C15-19FA-A17A-5945-6202803016D7
-24.139162,-5.1668663,1,C8BB6C15-19FA-A17A-5945-6202803016D7
7.446195,-21.219305,1,C8BB6C15-19FA-A17A-5945-6202803016D7
-3.6207287,58.02964,1,C8BB6C15-19FA-A17A-5945-6202803016D7
-47.75859,8.358397,2,C8BB6C15-19FA-A17A-5945-6202803016D7
-47.79331,4.3503513,2,C8BB6C15-19FA-A17A-5945-6202803016D7
24.819937,43.179935,2,C8BB6C15-19FA-A17A-5945-6202803016D7
13.105684,25.42135,2,C8BB6C15-19FA-A17A-5945-6202803016D7
24.49882,-15.705798,2,C8BB6C15-19FA-A17A-5945-6202803016D7
21.8839,-22.097988,1,C8BB6C15-19FA-A17A-5945-6202803016D7
39.102077,-17.385204,1,C8BB6C15-19FA-A17A-5945-6202803016D7
21.125023,-19.546736,2,C8BB6C15-19FA-A17A-5945-6202803016D7
37.148808,20.599463,0,CCA3ABC5-DCCE-0BBE-5327-E65AE52A195D
12.620594,29.94672,0,CCA3ABC5-DCCE-0BBE-5327-E65AE52A195D
29.701363,8.274346,2,CCA3ABC5-DCCE-0BBE-5327-E65AE52A195D
16.232628,42.114967,2,CCA3ABC5-DCCE-0BBE-5327-E65AE52A195D
16.248758,43.946735,2,CCA3ABC5-DCCE-0BBE-5327-E65AE52A195D
24.398357,14.119403,2,CCA3ABC5-DCCE-0BBE-5327-E65AE52A195D
-14.959426,35.13834,2,CCA3ABC5-DCCE-0BBE-5327-E65AE52A195D
1.8114215,-54.53143,2,CCA3ABC5-DCCE-0BBE-5327-E65AE52A195D
-56.670116,24.29047,2,CCA3ABC5-DCCE-0BBE-5327-E65AE52A195D
-13.494216,-34.085846,2,CCA3ABC5-DCCE-0BBE-5327-E65AE52A195D
-14.774251,-35.774914,2,CCA3ABC5-DCCE-0BBE-5327-E65AE52A195D
6.1825557,-75.52064,0,CCA3ABC5-DCCE-0BBE-5327-E65AE52A195D
-25.242718,-13.367914,0,CCA3ABC5-DCCE-0BBE-5327-E65AE52A195D
-15.982342,-26.813032,2,CCA3ABC5-DCCE-0BBE-5327-E65AE52A195D
-7.9798822,-31.491692,2,CCA3ABC5-DCCE-0BBE-5327-E65AE52A195D
-54.006702,19.18686,2,CCA3ABC5-DCCE-0BBE-5327-E65AE52A195D
-59.041656,14.971301,2,CCA3ABC5-DCCE-0BBE-5327-E65AE52A195D
4.554825,-66.45787,2,CCA3ABC5-DCCE-0BBE-5327-E65AE52A195D
-16.013233,-26.514603,1,CCA3ABC5-DCCE-0BBE-5327-E65AE52A195D
-56.289017,23.400677,1,CCA3ABC5-DCCE-0BBE-5327-E65AE52A195D
-2.353121,-29.930475,1,CCA3ABC5-DCCE-0BBE-5327-E65AE52A195D
-0.65190244,-56.39588,1,CCA3ABC5-DCCE-0BBE-5327-E65AE52A195D
-24.780714,-11.561971,2,CCA3ABC5-DCCE-0BBE-5327-E65AE52A195D
-14.806311,-28.566927,2,CCA3ABC5-DCCE-0BBE-5327-E65AE52A195D
-0.10649902,-19.39421,2,CCA3ABC5-DCCE-0BBE-5327-E65AE52A195D
8.057495,-26.93803,2,CCA3ABC5-DCCE-0BBE-5327-E65AE52A195D
-15.009054,0.39182714,0,CCA3ABC5-DCCE-0BBE-5327-E65AE52A195D
-11.163842,51.31898,0,CCA3ABC5-DCCE-0BBE-5327-E65AE52A195D
-49.833332,3.7610254,0,CCA3ABC5-DCCE-0BBE-5327-E65AE52A195D
-16.092506,2.4224293,0,CCA3ABC5-DCCE-0BBE-5327-E65AE52A195D
-4.0945215,59.0523,0,CCA3ABC5-DCCE-0BBE-5327-E65AE52A195D
17.054192,-9.872722,0,CCA3ABC5-DCCE-0BBE-5327-E65AE52A195D
-51.157787,4.151167,0,CCA3ABC5-DCCE-0BBE-5327-E65AE52A195D
37.490498,21.441437,2,CD5833CD-93D3-318C-371A-18A32DEFC38B
12.443891,53.80324,2,CD5833CD-93D3-318C-371A-18A32DEFC38B
0.7924315,48.3222,2,CD5833CD-93D3-318C-371A-18A32DEFC38B
3.9843407,26.469799,2,CD5833CD-93D3-318C-371A-18A32DEFC38B
-1.2914673,26.812712,2,CD5833CD-93D3-318C-371A-18A32DEFC38B
-0.3795554,27.85188,2,CD5833CD-93D3-318C-371A-18A32DEFC38B
-1.4729185,22.816917,2,CD5833CD-93D3-318C-371A-18A32DEFC38B
-12.707235,55.280884,2,CD5833CD-93D3-318C-371A-18A32DEFC38B
-20.637491,31.40662,2,CD5833CD-93D3-318C-371A-18A32DEFC38B
-20.210585,27.299467,2,CD5833CD-93D3-318C-371A-18A32DEFC38B
-20.45465,25.781769,2,CD5833CD-93D3-318C-371A-18A32DEFC38B
-20.80774,32.978107,2,CD5833CD-93D3-318C-371A-18A32DEFC38B
40.016937,-10.540968,0,CD5833CD-93D3-318C-371A-18A32DEFC38B
45.103752,-14.6561575,0,CD5833CD-93D3-318C-371A-18A32DEFC38B
26.105656,-1.4304974,0,CD5833CD-93D3-318C-371A-18A32DEFC38B
6.9534197,22.624464,0,CD5833CD-93D3-318C-371A-18A32DEFC38B
11.020969,58.681534,0,CD5833CD-93D3-318C-371A-18A32DEFC38B
-7.351116,-1.0070717,0,CD5833CD-93D3-318C-371A-18A32DEFC38B
19.426792,-17.46658,2,D0F7ABC0-F552-63CD-CAC6-6703C39B83CA
26.283257,43.21384,2,D0F7ABC0-F552-63CD-CAC6-6703C39B83CA
27.242517,35.32722,2,D0F7ABC0-F552-63CD-CAC6-6703C39B83CA
0.7783721,51.233284,2,D0F7ABC0-F552-63CD-CAC6-6703C39B83CA
-3.9438295,2.395526,2,D0F7ABC0-F552-63CD-CAC6-6703C39B83CA
-49.07649,11.227674,2,D0F7ABC0-F552-63CD-CAC6-6703C39B83CA
5.400191,-56.870384,1,D0F7ABC0-F552-63CD-CAC6-6703C39B83CA
-28.493675,-10.337948,2,D0F7ABC0-F552-63CD-CAC6-6703C39B83CA
5.0984435,-53.878693,2,D0F7ABC0-F552-63CD-CAC6-6703C39B83CA
-4.344819,-31.043259,2,D0F7ABC0-F552-63CD-CAC6-6703C39B83CA
-25.775528,30.524323,2,D0F7ABC0-F552-63CD-CAC6-6703C39B83CA
-27.747177,-14.094206,2,D0F7ABC0-F552-63CD-CAC6-6703C39B83CA
-3.6958017,46.558796,0,D0F7ABC0-F552-63CD-CAC6-6703C39B83CA
-12.03651,36.16964,0,D0F7ABC0-F552-63CD-CAC6-6703C39B83CA
-20.873405,-4.5852146,0,D0F7ABC0-F552-63CD-CAC6-6703C39B83CA
-16.939825,36.00336,0,D0F7ABC0-F552-63CD-CAC6-6703C39B83CA
1.8296717,-51.15257,1,D0F7ABC0-F552-63CD-CAC6-6703C39B83CA
-22.319862,-10.1069145,1,D0F7ABC0-F552-63CD-CAC6-6703C39B83CA
8.218655,-49.353424,1,D0F7ABC0-F552-63CD-CAC6-6703C39B83CA
-0.3882821,-67.456566,1,D0F7ABC0-F552-63CD-CAC6-6703C39B83CA
-20.026165,-32.821293,1,D0F7ABC0-F552-63CD-CAC6-6703C39B83CA
-2.90779,-56.39695,2,D0F7ABC0-F552-63CD-CAC6-6703C39B83CA
-0.5637412,-69.0675,2,D0F7ABC0-F552-63CD-CAC6-6703C39B83CA
-20.758635,-33.45901,2,D0F7ABC0-F552-63CD-CAC6-6703C39B83CA
27.395277,34.349922,2,D0F7ABC0-F552-63CD-CAC6-6703C39B83CA
7.5508413,32.143612,2,D0F7ABC0-F552-63CD-CAC6-6703C39B83CA
7.620671,25.983765,2,D0F7ABC0-F552-63CD-CAC6-6703C39B83CA
12.306917,59.321243,2,D0F7ABC0-F552-63CD-CAC6-6703C39B83CA
29.302977,-3.296506,2,D0F7ABC0-F552-63CD-CAC6-6703C39B83CA
33.05115,-4.096852,2,D0F7ABC0-F552-63CD-CAC6-6703C39B83CA
14.388223,27.280607,0,D51A5648-0039-8CB1-45CB-C51E5ABA8BCC
29.656658,6.5129447,1,D51A5648-0039-8CB1-45CB-C51E5ABA8BCC
27.280405,8.711446,1,D51A5648-0039-8CB1-45CB-C51E5ABA8BCC
29.420874,6.5510693,1,D51A5648-0039-8CB1-45CB-C51E5ABA8BCC
-46.544872,11.884461,1,D51A5648-0039-8CB1-45CB-C51E5ABA8BCC
2.627376,21.991917,2,D51A5648-0039-8CB1-45CB-C51E5ABA8BCC
-1.2585155,-26.005333,0,D51A5648-0039-8CB1-45CB-C51E5ABA8BCC
20.687992,-23.597347,0,D51A5648-0039-8CB1-45CB-C51E5ABA8BCC
-10.0153885,48.688854,2,D51A5648-0039-8CB1-45CB-C51E5ABA8BCC
-44.75386,3.3680992,2,D51A5648-0039-8CB1-45CB-C51E5ABA8BCC
13.370668,31.099827,2,D51A5648-0039-8CB1-45CB-C51E5ABA8BCC
32.805832,-6.697175,2,D51A5648-0039-8CB1-45CB-C51E5ABA8BCC
-10.535215,-3.7174432,0,D51A5648-0039-8CB1-45CB-C51E5ABA8BCC
4.721504,26.605713,0,D51A5648-0039-8CB1-45CB-C51E5ABA8BCC
-15.034793,0.40267056,0,D51A5648-0039-8CB1-45CB-C51E5ABA8BCC
21.492714,-24.103601,0,D51A5648-0039-8CB1-45CB-C51E5ABA8BCC
-6.202211,30.704725,0,D51A5648-0039-8CB1-45CB-C51E5ABA8BCC
-0.013129085,21.252747,0,D51A5648-0039-8CB1-45CB-C51E5ABA8BCC
9.850375,52.97774,1,D51A5648-0039-8CB1-45CB-C51E5ABA8BCC
-8.768763,56.772446,1,D51A5648-0039-8CB1-45CB-C51E5ABA8BCC
-0.66043675,-21.985222,2,D51A5648-0039-8CB1-45CB-C51E5ABA8BCC
-21.456055,29.5515,2,D51A5648-0039-8CB1-45CB-C51E5ABA8BCC
-9.646649,-29.993986,2,D51A5648-0039-8CB1-45CB-C51E5ABA8BCC
-57.37704,18.832008,2,D51A5648-0039-8CB1-45CB-C51E5ABA8BCC
-8.138668,-23.666512,2,D6D11A63-A131-4E74-041D-6E3BD8EFF8FF
-22.604498,-30.904642,2,D6D11A63-A131-4E74-041D-6E3BD8EFF8FF
-4.2503285,-69.65472,2,D6D11A63-A131-4E74-041D-6E3BD8EFF8FF
3.7709925,-78.32967,1,D6D11A63-A131-4E74-041D-6E3BD8EFF8FF
4.4400973,-78.409134,1,D6D11A63-A131-4E74-041D-6E3BD8EFF8FF
2.3787675,-77.99209,1,D6D11A63-A131-4E74-041D-6E3BD8EFF8FF
-7.453874,-70.48039,1,D6D11A63-A131-4E74-041D-6E3BD8EFF8FF
3.0216396,-80.5284,0,D6D11A63-A131-4E74-041D-6E3BD8EFF8FF
3.4524584,-78.596115,0,D6D11A63-A131-4E74-041D-6E3BD8EFF8FF
-4.451168,-71.92819,0,D6D11A63-A131-4E74-041D-6E3BD8EFF8FF
-15.845446,-37.263138,0,D6D11A63-A131-4E74-041D-6E3BD8EFF8FF
-13.360011,-40.193394,0,D6D11A63-A131-4E74-041D-6E3BD8EFF8FF
19.925127,-14.218385,0,D6D11A63-A131-4E74-041D-6E3BD8EFF8FF
22.44733,-14.921714,0,D6D11A63-A131-4E74-041D-6E3BD8EFF8FF
16.643875,-53.50203,0,D6D11A63-A131-4E74-041D-6E3BD8EFF8FF
22.45794,-21.229914,0,D6D11A63-A131-4E74-041D-6E3BD8EFF8FF
15.446858,-17.51319,0,D6D11A63-A131-4E74-041D-6E3BD8EFF8FF
22.508429,-26.315006,0,D6D11A63-A131-4E74-041D-6E3BD8EFF8FF
-1.0268924,40.732437,2,D8D27F81-4F83-E10A-448A-735447867552
0.2919214,21.887583,2,D8D27F81-4F83-E10A-448A-735447867552
9.869883,57.325893,2,D8D27F81-4F83-E10A-448A-735447867552
13.74868,35.73993,0,D8D27F81-4F83-E10A-448A-735447867552
9.882881,57.804306,0,D8D27F81-4F83-E10A-448A-735447867552
5.575779,40.4975,0,D8D27F81-4F83-E10A-448A-735447867552
29.022984,-8.282792,1,D8D27F81-4F83-E10A-448A-735447867552
11.064078,59.465492,1,D8D27F81-4F83-E10A-448A-735447867552
3.0194118,48.969406,1,D8D27F81-4F83-E10A-448A-735447867552
24.611553,-4.463383,1,D8D27F81-4F83-E10A-448A-735447867552
30.086498,-4.2590365,1,D8D27F81-4F83-E10A-448A-735447867552
2.3569305,48.077816,1,D8D27F81-4F83-E10A-448A-735447867552
-0.98432904,21.042412,1,D8D27F81-4F83-E10A-448A-735447867552
-22.361317,-5.5015078,1,D8D27F81-4F83-E10A-448A-735447867552
-58.855385,17.885801,1,D8D27F81-4F83-E10A-448A-735447867552
9.255827,-11.096446,1,D8D27F81-4F83-E10A-448A-735447867552
1.6569133,-51.60319,1,D8D27F81-4F83-E10A-448A-735447867552
2.2769904,-50.812126,1,D8D27F81-4F83-E10A-448A-735447867552
27.88744,-8.360309,2,DA2856BC-D181-9AF0-DC9A-99A9444D5579
-7.968446,-1.754262,2,DA2856BC-D181-9AF0-DC9A-99A9444D5579
43.280434,-14.4041605,0,DA2856BC-D181-9AF0-DC9A-99A9444D5579
13.151422,55.540333,0,DA2856BC-D181-9AF0-DC9A-99A9444D5579
35.314907,-6.4565516,0,DA2856BC-D181-9AF0-DC9A-99A9444D5579
-0.05482507,49.789658,2,DA2856BC-D181-9AF0-DC9A-99A9444D5579
12.477495,-27.925762,2,DA2856BC-D181-9AF0-DC9A-99A9444D5579
-12.089942,34.221935,2,DA2856BC-D181-9AF0-DC9A-99A9444D5579
-14.650374,32.928112,2,DA2856BC-D181-9AF0-DC9A-99A9444D5579
-9.928941,-20.883564,2,DA2856BC-D181-9AF0-DC9A-99A9444D5579
-18.425663,31.446314,0,DA2856BC-D181-9AF0-DC9A-99A9444D5579
-16.533798,-27.8479,0,DA2856BC-D181-9AF0-DC9A-99A9444D5579
-47.838665,5.9198127,2,DA2856BC-D181-9AF0-DC9A-99A9444D5579
-7.6024985,-1.0774179,0,DA2856BC-D181-9AF0-DC9A-99A9444D5579
25.41923,4.2041645,0,DA2856BC-D181-9AF0-DC9A-99A9444D5579
42.085472,-15.643526,0,DA2856BC-D181-9AF0-DC9A-99A9444D5579
28.00911,-20.237587,0,DA2856BC-D181-9AF0-DC9A-99A9444D5579
11.847205,-20.046309,0,DA2856BC-D181-9AF0-DC9A-99A9444D5579
-18.587584,28.007282,2,DA2856BC-D181-9AF0-DC9A-99A9444D5579
-15.510336,32.471867,2,DA2856BC-D181-9AF0-DC9A-99A9444D5579
8.130756,-50.789165,0,DA2856BC-D181-9AF0-DC9A-99A9444D5579
2.0836785,-22.408556,0,DA2856BC-D181-9AF0-DC9A-99A9444D5579
0.5011539,-20.372303,0,DA2856BC-D181-9AF0-DC9A-99A9444D5579
-17.374224,27.97968,2,DA2856BC-D181-9AF0-DC9A-99A9444D5579
-5.3606715,54.89566,2,DBA0C8C4-AE05-772F-2E53-E6167F8ACB77
29.868141,-6.2407236,2,DBA0C8C4-AE05-772F-2E53-E6167F8ACB77
25.982758,43.13569,2,DBA0C8C4-AE05-772F-2E53-E6167F8ACB77
-44.844543,5.512381,2,DBA0C8C4-AE05-772F-2E53-E6167F8ACB77
32.586067,4.3366246,2,DBA0C8C4-AE05-772F-2E53-E6167F8ACB77
27.308926,-4.4713173,2,DBA0C8C4-AE05-772F-2E53-E6167F8ACB77
12.261385,-20.50298,0,DBA0C8C4-AE05-772F-2E53-E6167F8ACB77
2.887934,-19.561604,2,DBA0C8C4-AE05-772F-2E53-E6167F8ACB77
-3.2584453,-16.819637,2,DBA0C8C4-AE05-772F-2E53-E6167F8ACB77
-1.4579124,-19.575481,2,DBA0C8C4-AE05-772F-2E53-E6167F8ACB77
7.395203,-53.894962,0,DBA0C8C4-AE05-772F-2E53-E6167F8ACB77
9.562282,-57.724037,0,DBA0C8C4-AE05-772F-2E53-E6167F8ACB77
28.126143,12.185193,0,DC0BE0E2-B41E-3D73-47C5-5733952512CB
15.231539,57.087,0,DC0BE0E2-B41E-3D73-47C5-5733952512CB
26.955229,12.799667,0,DC0BE0E2-B41E-3D73-47C5-5733952512CB
26.574697,13.112247,0,DC0BE0E2-B41E-3D73-47C5-5733952512CB
25.756697,11.617611,0,DC0BE0E2-B41E-3D73-47C5-5733952512CB
15.384826,57.05316,0,DC0BE0E2-B41E-3D73-47C5-5733952512CB
27.54997,10.029186,0,DC0BE0E2-B41E-3D73-47C5-5733952512CB
-4.0682516,3.6878092,0,DC0BE0E2-B41E-3D73-47C5-5733952512CB
27.92138,0.40112072,2,DC0BE0E2-B41E-3D73-47C5-5733952512CB
0.7154338,55.03875,2,DC0BE0E2-B41E-3D73-47C5-5733952512CB
11.526331,54.57592,2,DC0BE0E2-B41E-3D73-47C5-5733952512CB
-50.001804,12.671605,2,DC0BE0E2-B41E-3D73-47C5-5733952512CB
0.08226744,23.63283,2,DC0BE0E2-B41E-3D73-47C5-5733952512CB
7.4014454,-15.428627,0,DC0BE0E2-B41E-3D73-47C5-5733952512CB
20.689774,-16.417501,0,DC0BE0E2-B41E-3D73-47C5-5733952512CB
13.694564,-58.476242,0,DC0BE0E2-B41E-3D73-47C5-5733952512CB
-20.619257,-8.82147,0,DC0BE0E2-B41E-3D73-47C5-5733952512CB
5.1817393,-71.901566,0,DC0BE0E2-B41E-3D73-47C5-5733952512CB
1.9290422,-78.27734,2,DC0BE0E2-B41E-3D73-47C5-5733952512CB
-7.8521338,-57.761383,2,DC0BE0E2-B41E-3D73-47C5-5733952512CB
-3.6723578,-72.67166,2,DC0BE0E2-B41E-3D73-47C5-5733952512CB
1.8814036,-78.56386,2,DC0BE0E2-B41E-3D73-47C5-5733952512CB
1.8345242,-79.26537,0,DC0BE0E2-B41E-3D73-47C5-5733952512CB
3.9215226,-79.74888,0,DC0BE0E2-B41E-3D73-47C5-5733952512CB
-7.6793203,-70.7366,0,DC0BE0E2-B41E-3D73-47C5-5733952512CB
4.534241,-80.44345,2,DC0BE0E2-B41E-3D73-47C5-5733952512CB
-6.6710663,-72.18193,2,DC0BE0E2-B41E-3D73-47C5-5733952512CB
-6.709559,-59.65815,2,DC0BE0E2-B41E-3D73-47C5-5733952512CB
-19.299072,-28.222654,2,DC0BE0E2-B41E-3D73-47C5-5733952512CB
-55.749493,24.37398,0,DC0BE0E2-B41E-3D73-47C5-5733952512CB
3.2678623,60.157528,0,DC0BE0E2-B41E-3D73-47C5-5733952512CB
42.407394,-17.138477,0,DC0BE0E2-B41E-3D73-47C5-5733952512CB
22.618872,-14.811409,0,DC0BE0E2-B41E-3D73-47C5-5733952512CB
23.929358,-19.505966,0,DC0BE0E2-B41E-3D73-47C5-5733952512CB
27.135462,-22.513079,2,DC0BE0E2-B41E-3D73-47C5-5733952512CB
5.7962594,35.22175,2,DC0BE0E2-B41E-3D73-47C5-5733952512CB
-12.236741,-28.8451,1,DCB45A10-FAF5-53E0-AB53-2D42AC9BB090
-0.006134404,-68.79772,1,DCB45A10-FAF5-53E0-AB53-2D42AC9BB090
-2.8425324,-56.9133,0,DCB45A10-FAF5-53E0-AB53-2D42AC9BB090
-17.709229,-29.726679,0,DCB45A10-FAF5-53E0-AB53-2D42AC9BB090
-18.601631,49.73818,0,DCB45A10-FAF5-53E0-AB53-2D42AC9BB090
-2.3031259,-28.186205,0,DCB45A10-FAF5-53E0-AB53-2D42AC9BB090
23.129555,48.08372,0,DCB45A10-FAF5-53E0-AB53-2D42AC9BB090
31.59069,5.877244,0,DCB45A10-FAF5-53E0-AB53-2D42AC9BB090
-5.3103237,3.3657653,1,DCB45A10-FAF5-53E0-AB53-2D42AC9BB090
-7.555792,2.8680484,1,DCB45A10-FAF5-53E0-AB53-2D42AC9BB090
41.26684,-12.588423,1,DCB45A10-FAF5-53E0-AB53-2D42AC9BB090
23.59915,-11.798617,1,DCB45A10-FAF5-53E0-AB53-2D42AC9BB090
10.41054,-25.456339,1,DCB45A10-FAF5-53E0-AB53-2D42AC9BB090
-20.21471,27.3507,1,DCB45A10-FAF5-53E0-AB53-2D42AC9BB090
1.5986037,-22.913181,1,DCB45A10-FAF5-53E0-AB53-2D42AC9BB090
-0.7386841,-19.931587,1,DCB45A10-FAF5-53E0-AB53-2D42AC9BB090
-0.14826916,-20.065065,1,DCB45A10-FAF5-53E0-AB53-2D42AC9BB090
-15.586168,34.403797,1,DCB45A10-FAF5-53E0-AB53-2D42AC9BB090
13.300308,0.5020176,2,DD956DE9-DEFB-C0C6-82B4-C639A17D6782
24.438948,45.134155,2,DD956DE9-DEFB-C0C6-82B4-C639A17D6782
7.2839217,55.678646,2,DD956DE9-DEFB-C0C6-82B4-C639A17D6782
-50.267654,6.4155045,2,DD956DE9-DEFB-C0C6-82B4-C639A17D6782
-1.2718143,24.269608,2,DD956DE9-DEFB-C0C6-82B4-C639A17D6782
3.811951,22.359808,2,DD956DE9-DEFB-C0C6-82B4-C639A17D6782
-1.595445,57.00566,0,DD956DE9-DEFB-C0C6-82B4-C639A17D6782
-51.780758,11.064084,0,DD956DE9-DEFB-C0C6-82B4-C639A17D6782
-15.150668,-3.7304554,0,DD956DE9-DEFB-C0C6-82B4-C639A17D6782
12.575829,-18.047647,0,DD956DE9-DEFB-C0C6-82B4-C639A17D6782
-52.437824,8.476949,0,DD956DE9-DEFB-C0C6-82B4-C639A17D6782
23.897743,-9.918474,2,DD956DE9-DEFB-C0C6-82B4-C639A17D6782
-44.234825,6.385,0,DD956DE9-DEFB-C0C6-82B4-C639A17D6782
-45.382675,5.6170583,2,DD956DE9-DEFB-C0C6-82B4-C639A17D6782
26.513058,-0.21810554,2,DD956DE9-DEFB-C0C6-82B4-C639A17D6782
30.798311,-11.578277,2,DD956DE9-DEFB-C0C6-82B4-C639A17D6782
21.182678,-13.597981,2,DD956DE9-DEFB-C0C6-82B4-C639A17D6782
4.954989,21.392576,2,DD956DE9-DEFB-C0C6-82B4-C639A17D6782
-30.367584,-12.865291,0,DD956DE9-DEFB-C0C6-82B4-C639A17D6782
-20.435516,49.94605,0,DD956DE9-DEFB-C0C6-82B4-C639A17D6782
11.110311,-51.420418,0,DD956DE9-DEFB-C0C6-82B4-C639A17D6782
6.5754614,-23.50157,0,DD956DE9-DEFB-C0C6-82B4-C639A17D6782
-0.7845079,47.073845,0,DD956DE9-DEFB-C0C6-82B4-C639A17D6782
28.961246,-10.555157,0,DD956DE9-DEFB-C0C6-82B4-C639A17D6782
0.034293484,45.241096,0,DD956DE9-DEFB-C0C6-82B4-C639A17D6782
-7.6880164,-2.618405,0,DD956DE9-DEFB-C0C6-82B4-C639A17D6782
-13.671675,1.4969375,0,DD956DE9-DEFB-C0C6-82B4-C639A17D6782
-1.9181635,45.18171,0,DD956DE9-DEFB-C0C6-82B4-C639A17D6782
10.028383,-11.068137,2,DD956DE9-DEFB-C0C6-82B4-C639A17D6782
14.827691,-56.308926,2,DD956DE9-DEFB-C0C6-82B4-C639A17D6782
-4.625569,58.666187,2,DE775A65-68D5-C477-E2F7-BCC1AEF0B850
9.667158,31.911182,2,DE775A65-68D5-C477-E2F7-BCC1AEF0B850
1.2549142,56.522827,2,DE775A65-68D5-C477-E2F7-BCC1AEF0B850
29.83123,9.137164,2,DE775A65-68D5-C477-E2F7-BCC1AEF0B850
-4.3433275,4.693125,2,DE775A65-68D5-C477-E2F7-BCC1AEF0B850
5.473224,60.398537,2,DE775A65-68D5-C477-E2F7-BCC1AEF0B850
22.699318,-11.733799,2,DE775A65-68D5-C477-E2F7-BCC1AEF0B850
-19.657877,-8.257243,2,DE775A65-68D5-C477-E2F7-BCC1AEF0B850
2.5432756,-52.074585,0,DE775A65-68D5-C477-E2F7-BCC1AEF0B850
2.559234,-52.30314,0,DE775A65-68D5-C477-E2F7-BCC1AEF0B850
2.4673398,-52.401848,0,DE775A65-68D5-C477-E2F7-BCC1AEF0B850
3.8248503,-67.45245,2,DE775A65-68D5-C477-E2F7-BCC1AEF0B850
4.8360333,-21.458883,1,DE775A65-68D5-C477-E2F7-BCC1AEF0B850
4.3144917,-17.2895,1,DE775A65-68D5-C477-E2F7-BCC1AEF0B850
13.841472,-22.717443,1,DE775A65-68D5-C477-E2F7-BCC1AEF0B850
-3.8973484,23.990244,2,DE775A65-68D5-C477-E2F7-BCC1AEF0B850
-2.5431607,46.788746,2,DE775A65-68D5-C477-E2F7-BCC1AEF0B850
-3.965114,40.49659,2,DE775A65-68D5-C477-E2F7-BCC1AEF0B850
-26.493416,-8.033529,0,DE775A65-68D5-C477-E2F7-BCC1AEF0B850
-24.335472,-7.999003,0,DE775A65-68D5-C477-E2F7-BCC1AEF0B850
5.3099017,-49.7948,0,DE775A65-68D5-C477-E2F7-BCC1AEF0B850
-24.769875,-9.416627,0,DE775A65-68D5-C477-E2F7-BCC1AEF0B850
3.4732456,-54.187607,0,DE775A65-68D5-C477-E2F7-BCC1AEF0B850
-1.7048318,-30.293701,1,DE775A65-68D5-C477-E2F7-BCC1AEF0B850
-2.2314444,-57.59118,2,DE775A65-68D5-C477-E2F7-BCC1AEF0B850
-27.281067,-12.21112,2,DE775A65-68D5-C477-E2F7-BCC1AEF0B850
3.0145946,-22.062311,1,DE775A65-68D5-C477-E2F7-BCC1AEF0B850
-17.748245,1.6543391,1,DE775A65-68D5-C477-E2F7-BCC1AEF0B850
2.0775037,20.124832,1,DE775A65-68D5-C477-E2F7-BCC1AEF0B850
23.962818,43.45571,0,DE775A65-68D5-C477-E2F7-BCC1AEF0B850
-6.702963,2.8157628,2,DF62EF03-DA30-E70A-CA31-03A029C9610A
24.904812,4.235173,2,DF62EF03-DA30-E70A-CA31-03A029C9610A
-5.1085835,26.670464,2,DF62EF03-DA30-E70A-CA31-03A029C9610A
16.780697,-54.308907,2,DF62EF03-DA30-E70A-CA31-03A029C9610A
-13.83486,51.84758,2,DF62EF03-DA30-E70A-CA31-03A029C9610A
-57.23414,17.217943,2,DF62EF03-DA30-E70A-CA31-03A029C9610A
-12.015507,-3.9504793,2,DF62EF03-DA30-E70A-CA31-03A029C9610A
24.361324,-15.546184,2,DF62EF03-DA30-E70A-CA31-03A029C9610A
25.48693,-17.540249,2,DF62EF03-DA30-E70A-CA31-03A029C9610A
24.171947,-12.75523,2,DF62EF03-DA30-E70A-CA31-03A029C9610A
6.5923367,35.840794,0,DF62EF03-DA30-E70A-CA31-03A029C9610A
43.60823,-13.55738,0,DF62EF03-DA30-E70A-CA31-03A029C9610A
6.7286353,-35.941265,1,DF62EF03-DA30-E70A-CA31-03A029C9610A
25.709349,49.328796,0,DF62EF03-DA30-E70A-CA31-03A029C9610A
-12.135058,1.6665289,0,DF62EF03-DA30-E70A-CA31-03A029C9610A
-44.00484,4.5815883,0,DF62EF03-DA30-E70A-CA31-03A029C9610A
-5.3345566,1.7258399,0,DF62EF03-DA30-E70A-CA31-03A029C9610A
0.61934394,56.670994,0,DF62EF03-DA30-E70A-CA31-03A029C9610A
-56.53198,22.029606,2,E3489F9E-39E2-47B9-24EF-BAACE1438D00
9.704619,-22.02093,2,E3489F9E-39E2-47B9-24EF-BAACE1438D00
28.628181,-10.615455,2,E3489F9E-39E2-47B9-24EF-BAACE1438D00
1.3814257,40.70693,2,E3489F9E-39E2-47B9-24EF-BAACE1438D00
41.835117,-13.030825,0,E3489F9E-39E2-47B9-24EF-BAACE1438D00
25.613882,-13.32769,1,E3489F9E-39E2-47B9-24EF-BAACE1438D00
-29.333387,-11.310035,2,E3489F9E-39E2-47B9-24EF-BAACE1438D00
-54.540237,24.755714,2,E3489F9E-39E2-47B9-24EF-BAACE1438D00
-17.453337,-33.640594,0,E3489F9E-39E2-47B9-24EF-BAACE1438D00
-1.4213877,-69.33879,0,E3489F9E-39E2-47B9-24EF-BAACE1438D00
-4.991647,-53.848694,0,E3489F9E-39E2-47B9-24EF-BAACE1438D00
-56.522015,20.192568,0,E3489F9E-39E2-47B9-24EF-BAACE1438D00
-2.5747142,-25.832384,0,E3489F9E-39E2-47B9-24EF-BAACE1438D00
-12.404714,29.297707,2,E3489F9E-39E2-47B9-24EF-BAACE1438D00
10.259857,53.311573,2,E3489F9E-39E2-47B9-24EF-BAACE1438D00
-8.28119,-3.4638267,0,E3489F9E-39E2-47B9-24EF-BAACE1438D00
28.738068,-14.80714,0,E3489F9E-39E2-47B9-24EF-BAACE1438D00
24.928957,-15.183745,0,E3489F9E-39E2-47B9-24EF-BAACE1438D00
-53.18616,10.311356,2,E49C1269-8AB7-8C8F-FC88-AA92C2F1E260
11.27458,-18.596552,2,E49C1269-8AB7-8C8F-FC88-AA92C2F1E260
-14.456885,-3.3086689,2,E49C1269-8AB7-8C8F-FC88-AA92C2F1E260
-6.6452928,29.91349,2,E49C1269-8AB7-8C8F-FC88-AA92C2F1E260
3.5279071,62.660366,2,E49C1269-8AB7-8C8F-FC88-AA92C2F1E260
25.666664,-9.628254,1,E49C1269-8AB7-8C8F-FC88-AA92C2F1E260
13.073598,25.282303,1,E49C1269-8AB7-8C8F-FC88-AA92C2F1E260
6.7774396,27.196869,1,E49C1269-8AB7-8C8F-FC88-AA92C2F1E260
4.79527,23.440659,1,E49C1269-8AB7-8C8F-FC88-AA92C2F1E260
9.549771,29.876692,1,E49C1269-8AB7-8C8F-FC88-AA92C2F1E260
7.289025,24.090357,1,E49C1269-8AB7-8C8F-FC88-AA92C2F1E260
33.762188,-1.6787972,1,E49C1269-8AB7-8C8F-FC88-AA92C2F1E260
25.153715,-23.491394,0,E49C1269-8AB7-8C8F-FC88-AA92C2F1E260
7.611807,54.63991,0,E49C1269-8AB7-8C8F-FC88-AA92C2F1E260
21.442057,-14.583601,0,E49C1269-8AB7-8C8F-FC88-AA92C2F1E260
-5.253587,26.723022,0,E49C1269-8AB7-8C8F-FC88-AA92C2F1E260
-0.8030305,20.699123,0,E49C1269-8AB7-8C8F-FC88-AA92C2F1E260
11.545811,-20.23392,1,E49C1269-8AB7-8C8F-FC88-AA92C2F1E260
-17.999525,55.381695,1,E49C1269-8AB7-8C8F-FC88-AA92C2F1E260
-53.792957,23.465258,1,E49C1269-8AB7-8C8F-FC88-AA92C2F1E260
-25.658884,26.627068,1,E49C1269-8AB7-8C8F-FC88-AA92C2F1E260
-2.1065469,-53.35551,1,E49C1269-8AB7-8C8F-FC88-AA92C2F1E260
-9.73892,-21.629095,1,E49C1269-8AB7-8C8F-FC88-AA92C2F1E260
2.570765,-26.57041,2,E49C1269-8AB7-8C8F-FC88-AA92C2F1E260
0.33818805,28.678785,2,E49C1269-8AB7-8C8F-FC88-AA92C2F1E260
-6.7747374,56.30431,1,E49C1269-8AB7-8C8F-FC88-AA92C2F1E260
-7.2292943,29.9742,1,E49C1269-8AB7-8C8F-FC88-AA92C2F1E260
-4.8926945,46.229683,1,E49C1269-8AB7-8C8F-FC88-AA92C2F1E260
-6.156319,-27.503542,1,E49C1269-8AB7-8C8F-FC88-AA92C2F1E260
-14.151189,49.021446,1,E49C1269-8AB7-8C8F-FC88-AA92C2F1E260
24.267588,49.008293,2,E5CCE6B3-2C6E-BE96-602F-3852C8614777
12.415665,-16.305544,2,E5CCE6B3-2C6E-BE96-602F-3852C8614777
-3.4846008,39.851234,0,E5CCE6B3-2C6E-BE96-602F-3852C8614777
-5.672182,27.533596,0,E5CCE6B3-2C6E-BE96-602F-3852C8614777
5.969747,34.14056,2,E5CCE6B3-2C6E-BE96-602F-3852C8614777
-48.51305,4.238783,2,E5CCE6B3-2C6E-BE96-602F-3852C8614777
15.34535,-57.534992,2,E5CCE6B3-2C6E-BE96-602F-3852C8614777
7.5328407,-23.772848,0,E5CCE6B3-2C6E-BE96-602F-3852C8614777
-16.818476,51.968925,0,E5CCE6B3-2C6E-BE96-602F-3852C8614777
-20.618988,27.771719,0,E5CCE6B3-2C6E-BE96-602F-3852C8614777
-24.672544,-9.406291,0,E5CCE6B3-2C6E-BE96-602F-3852C8614777
-3.3702447,-25.29197,0,E5CCE6B3-2C6E-BE96-602F-3852C8614777
-8.7622795,-0.3420077,2,E5CCE6B3-2C6E-BE96-602F-3852C8614777
13.259558,35.809864,2,E5CCE6B3-2C6E-BE96-602F-3852C8614777
40.676754,-10.488675,2,E5CCE6B3-2C6E-BE96-602F-3852C8614777
44.914803,-14.520865,2,E5CCE6B3-2C6E-BE96-602F-3852C8614777
-0.674015,26.468733,2,E5CCE6B3-2C6E-BE96-602F-3852C8614777
15.104341,-57.326717,2,E5CCE6B3-2C6E-BE96-602F-3852C8614777
-4.4738827,26.212645,2,E5F96AC5-AE7E-C4E8-8288-FB2674F43704
-53.407856,9.045353,2,E5F96AC5-AE7E-C4E8-8288-FB2674F43704
-53.1018,10.242745,2,E5F96AC5-AE7E-C4E8-8288-FB2674F43704
20.425358,-22.53356,2,E5F96AC5-AE7E-C4E8-8288-FB2674F43704
-13.594308,-2.3370903,2,E5F96AC5-AE7E-C4E8-8288-FB2674F43704
4.9176946,34.693,0,E5F96AC5-AE7E-C4E8-8288-FB2674F43704
7.571799,-52.020374,2,E5F96AC5-AE7E-C4E8-8288-FB2674F43704
4.454351,-24.300314,2,E5F96AC5-AE7E-C4E8-8288-FB2674F43704
8.310063,-54.694656,2,E5F96AC5-AE7E-C4E8-8288-FB2674F43704
-13.832875,27.191488,2,E5F96AC5-AE7E-C4E8-8288-FB2674F43704
0.62707514,19.828648,2,E5F96AC5-AE7E-C4E8-8288-FB2674F43704
-48.724213,8.442021,2,E5F96AC5-AE7E-C4E8-8288-FB2674F43704
7.2402506,31.997839,1,E5F96AC5-AE7E-C4E8-8288-FB2674F43704
-6.5824957,31.733616,1,E5F96AC5-AE7E-C4E8-8288-FB2674F43704
-3.6938195,46.07047,1,E5F96AC5-AE7E-C4E8-8288-FB2674F43704
12.828688,-17.212069,1,E5F96AC5-AE7E-C4E8-8288-FB2674F43704
21.338245,49.276356,1,E5F96AC5-AE7E-C4E8-8288-FB2674F43704
8.099939,30.930548,2,E5F96AC5-AE7E-C4E8-8288-FB2674F43704
11.1325865,-21.360394,0,E5F96AC5-AE7E-C4E8-8288-FB2674F43704
-14.069402,28.856419,0,E5F96AC5-AE7E-C4E8-8288-FB2674F43704
-0.4372937,-23.75637,0,E5F96AC5-AE7E-C4E8-8288-FB2674F43704
-14.976249,-23.956778,2,E5F96AC5-AE7E-C4E8-8288-FB2674F43704
10.722563,-49.22344,2,E5F96AC5-AE7E-C4E8-8288-FB2674F43704
-58.244583,17.05514,2,E5F96AC5-AE7E-C4E8-8288-FB2674F43704
-5.3367724,-53.805157,2,EA788550-E907-E4AC-EAE4-82CC26723E3B
-6.598497,-57.365032,2,EA788550-E907-E4AC-EAE4-82CC26723E3B
-25.870646,15.677202,2,EA788550-E907-E4AC-EAE4-82CC26723E3B
-7.1720567,-69.26244,2,EA788550-E907-E4AC-EAE4-82CC26723E3B
-17.781088,-38.470955,2,EA788550-E907-E4AC-EAE4-82CC26723E3B
-6.887449,-58.058823,2,EA788550-E907-E4AC-EAE4-82CC26723E3B
42.83578,-11.904569,2,EA788550-E907-E4AC-EAE4-82CC26723E3B
-47.57794,10.042492,2,EA788550-E907-E4AC-EAE4-82CC26723E3B
24.919651,-10.7743845,2,EA788550-E907-E4AC-EAE4-82CC26723E3B
-2.1110687,37.31181,2,EA788550-E907-E4AC-EAE4-82CC26723E3B
-6.07244,31.52132,2,EA788550-E907-E4AC-EAE4-82CC26723E3B
-52.54634,9.261281,2,EA788550-E907-E4AC-EAE4-82CC26723E3B
-55.75872,20.555712,2,EA788550-E907-E4AC-EAE4-82CC26723E3B
-20.905212,48.44845,2,EA788550-E907-E4AC-EAE4-82CC26723E3B
-14.781462,-27.562777,2,EA788550-E907-E4AC-EAE4-82CC26723E3B
6.419863,-51.005516,2,EA788550-E907-E4AC-EAE4-82CC26723E3B
5.233754,-18.996004,2,EA788550-E907-E4AC-EAE4-82CC26723E3B
16.907743,-24.411446,2,EA788550-E907-E4AC-EAE4-82CC26723E3B
-26.628979,-9.440083,0,EC6E2525-212C-1C3A-0B73-74D1B45748E1
4.207073,-53.04178,0,EC6E2525-212C-1C3A-0B73-74D1B45748E1
-28.647402,-8.163026,0,EC6E2525-212C-1C3A-0B73-74D1B45748E1
-15.524202,-42.50681,0,EC6E2525-212C-1C3A-0B73-74D1B45748E1
-13.421594,-31.793541,0,EC6E2525-212C-1C3A-0B73-74D1B45748E1
-54.793484,23.490808,0,EC6E2525-212C-1C3A-0B73-74D1B45748E1
-3.4654622,-69.81153,2,EC6E2525-212C-1C3A-0B73-74D1B45748E1
0.19204055,-68.71983,2,EC6E2525-212C-1C3A-0B73-74D1B45748E1
-4.8269124,-31.022268,2,EC6E2525-212C-1C3A-0B73-74D1B45748E1
-14.220328,48.43386,2,EC6E2525-212C-1C3A-0B73-74D1B45748E1
-7.8264604,48.497826,2,EC6E2525-212C-1C3A-0B73-74D1B45748E1
34.92708,-4.458964,2,EC6E2525-212C-1C3A-0B73-74D1B45748E1
14.747723,34.794746,0,EC6E2525-212C-1C3A-0B73-74D1B45748E1
8.693433,53.186134,0,EC6E2525-212C-1C3A-0B73-74D1B45748E1
5.4592533,40.66432,0,EC6E2525-212C-1C3A-0B73-74D1B45748E1
-11.537651,-1.7024322,0,EC6E2525-212C-1C3A-0B73-74D1B45748E1
18.239902,-14.14522,0,EC6E2525-212C-1C3A-0B73-74D1B45748E1
24.69106,-19.46998,0,EC6E2525-212C-1C3A-0B73-74D1B45748E1
-50.113472,10.36567,0,EC6E2525-212C-1C3A-0B73-74D1B45748E1
16.130304,-23.711866,0,EC6E2525-212C-1C3A-0B73-74D1B45748E1
-20.124548,31.221186,0,EC6E2525-212C-1C3A-0B73-74D1B45748E1
-54.722088,18.622593,0,EC6E2525-212C-1C3A-0B73-74D1B45748E1
6.5043945,-48.284832,0,EC6E2525-212C-1C3A-0B73-74D1B45748E1
-17.032314,25.972525,0,EC6E2525-212C-1C3A-0B73-74D1B45748E1
12.106903,0.39548233,2,EE62AFCD-B47D-E676-0257-21F92CB612D8
-43.45736,7.6873918,2,EE62AFCD-B47D-E676-0257-21F92CB612D8
2.8291502,47.84815,2,EE62AFCD-B47D-E676-0257-21F92CB612D8
-11.952454,-1.9485056,2,EE62AFCD-B47D-E676-0257-21F92CB612D8
1.1095555,48.91703,2,EE62AFCD-B47D-E676-0257-21F92CB612D8
5.2067246,21.250395,2,EE62AFCD-B47D-E676-0257-21F92CB612D8
13.323208,-16.087696,2,EE62AFCD-B47D-E676-0257-21F92CB612D8
12.175036,-16.150568,2,EE62AFCD-B47D-E676-0257-21F92CB612D8
-14.742306,-2.4466162,2,EE62AFCD-B47D-E676-0257-21F92CB612D8
5.802415,33.981873,2,EE62AFCD-B47D-E676-0257-21F92CB612D8
-2.1404912,48.502598,2,EE62AFCD-B47D-E676-0257-21F92CB612D8
19.340548,-19.873764,0,EE62AFCD-B47D-E676-0257-21F92CB612D8
-16.236813,25.959305,2,EE62AFCD-B47D-E676-0257-21F92CB612D8
16.995722,-54.384457,2,EE62AFCD-B47D-E676-0257-21F92CB612D8
10.563338,-11.006165,2,EE62AFCD-B47D-E676-0257-21F92CB612D8
25.564245,-17.678358,0,EE62AFCD-B47D-E676-0257-21F92CB612D8
17.177887,-54.339436,0,EE62AFCD-B47D-E676-0257-21F92CB612D8
15.496664,-55.50295,0,EE62AFCD-B47D-E676-0257-21F92CB612D8
6.117666,-50.821266,0,EE62AFCD-B47D-E676-0257-21F92CB612D8
10.438442,-50.38481,0,EE62AFCD-B47D-E676-0257-21F92CB612D8
8.335867,-49.626812,2,EE62AFCD-B47D-E676-0257-21F92CB612D8
5.5814104,-22.55189,2,EE62AFCD-B47D-E676-0257-21F92CB612D8
14.699151,-21.093742,2,EE62AFCD-B47D-E676-0257-21F92CB612D8
-15.246781,0.36498505,2,EE62AFCD-B47D-E676-0257-21F92CB612D8
-25.623156,-13.143418,0,EE62AFCD-B47D-E676-0257-21F92CB612D8
-22.634819,-31.044626,2,EE62AFCD-B47D-E676-0257-21F92CB612D8
-9.221489,-54.834934,2,EE62AFCD-B47D-E676-0257-21F92CB612D8
-4.801765,-71.04279,2,EE62AFCD-B47D-E676-0257-21F92CB612D8
-7.493492,-68.53362,0,EE62AFCD-B47D-E676-0257-21F92CB612D8
-14.984143,-40.469013,0,EE62AFCD-B47D-E676-0257-21F92CB612D8
9.216628,35.152287,2,F1430977-52AF-4F46-BF92-0A8D736CBD2B
1.7320458,61.52179,2,F1430977-52AF-4F46-BF92-0A8D736CBD2B
26.091032,-15.327321,2,F1430977-52AF-4F46-BF92-0A8D736CBD2B
3.1865196,48.64762,2,F1430977-52AF-4F46-BF92-0A8D736CBD2B
27.60182,2.9482272,2,F1430977-52AF-4F46-BF92-0A8D736CBD2B
27.050594,6.351972,2,F1430977-52AF-4F46-BF92-0A8D736CBD2B
27.134556,10.691167,2,F1430977-52AF-4F46-BF92-0A8D736CBD2B
32.95275,7.0721664,2,F1430977-52AF-4F46-BF92-0A8D736CBD2B
35.965958,3.776473,2,F1430977-52AF-4F46-BF92-0A8D736CBD2B
30.476088,-0.034232505,2,F1430977-52AF-4F46-BF92-0A8D736CBD2B
30.332956,-6.3135276,2,F1430977-52AF-4F46-BF92-0A8D736CBD2B
-12.38142,47.69746,2,F1430977-52AF-4F46-BF92-0A8D736CBD2B
-26.98062,29.768988,1,F1430977-52AF-4F46-BF92-0A8D736CBD2B
-16.422647,-25.460403,1,F1430977-52AF-4F46-BF92-0A8D736CBD2B
-22.456306,-7.537254,1,F1430977-52AF-4F46-BF92-0A8D736CBD2B
-26.238398,29.31239,2,F1430977-52AF-4F46-BF92-0A8D736CBD2B
10.042719,-49.36455,2,F1430977-52AF-4F46-BF92-0A8D736CBD2B
-18.729568,-4.512036,2,F1430977-52AF-4F46-BF92-0A8D736CBD2B
-1.338813,23.778942,2,F752B62E-E95F-A65D-4CB2-8B0252E15F08
4.3155346,26.443588,2,F752B62E-E95F-A65D-4CB2-8B0252E15F08
31.903841,-8.180642,2,F752B62E-E95F-A65D-4CB2-8B0252E15F08
-43.2608,6.067706,2,F752B62E-E95F-A65D-4CB2-8B0252E15F08
28.37012,9.053782,0,F752B62E-E95F-A65D-4CB2-8B0252E15F08
29.855707,7.257626,0,F752B62E-E95F-A65D-4CB2-8B0252E15F08
20.032932,-20.414944,0,F752B62E-E95F-A65D-4CB2-8B0252E15F08
-13.2561,-2.0508769,0,F752B62E-E95F-A65D-4CB2-8B0252E15F08
24.694159,-6.82503,0,F752B62E-E95F-A65D-4CB2-8B0252E15F08
4.0289707,58.117092,0,F752B62E-E95F-A65D-4CB2-8B0252E15F08
33.616066,39.05536,0,F752B62E-E95F-A65D-4CB2-8B0252E15F08
23.796083,-11.354955,1,F752B62E-E95F-A65D-4CB2-8B0252E15F08
-9.889213,50.289196,2,F752B62E-E95F-A65D-4CB2-8B0252E15F08
1.3987948,48.470333,0,F752B62E-E95F-A65D-4CB2-8B0252E15F08
22.844692,-14.872489,0,F752B62E-E95F-A65D-4CB2-8B0252E15F08
5.9930496,53.201675,0,F752B62E-E95F-A65D-4CB2-8B0252E15F08
1.7105733,59.857548,0,F752B62E-E95F-A65D-4CB2-8B0252E15F08
43.16757,-16.459297,0,F752B62E-E95F-A65D-4CB2-8B0252E15F08
11.340249,32.178753,0,F752B62E-E95F-A65D-4CB2-8B0252E15F08
-47.225117,8.78305,0,F752B62E-E95F-A65D-4CB2-8B0252E15F08
43.741352,-11.065806,2,F752B62E-E95F-A65D-4CB2-8B0252E15F08
13.309959,-10.82218,2,F752B62E-E95F-A65D-4CB2-8B0252E15F08
25.162262,-23.686357,2,F752B62E-E95F-A65D-4CB2-8B0252E15F08
17.966717,-12.121687,2,F752B62E-E95F-A65D-4CB2-8B0252E15F08
27.63421,-16.313341,0,F752B62E-E95F-A65D-4CB2-8B0252E15F08
6.1355805,24.764832,0,F752B62E-E95F-A65D-4CB2-8B0252E15F08
30.525248,-4.523185,2,F752B62E-E95F-A65D-4CB2-8B0252E15F08
17.863935,-7.499487,2,F752B62E-E95F-A65D-4CB2-8B0252E15F08
41.504475,-17.093567,2,F752B62E-E95F-A65D-4CB2-8B0252E15F08
-51.76155,16.34279,2,F752B62E-E95F-A65D-4CB2-8B0252E15F08
-5.3121324,4.2165084,0,FB70D507-2F2A-0F83-3B53-75EB8452F5E0
-47.050987,9.948207,0,FB70D507-2F2A-0F83-3B53-75EB8452F5E0
1.7686795,39.808994,0,FB70D507-2F2A-0F83-3B53-75EB8452F5E0
25.331963,-10.952479,2,FB70D507-2F2A-0F83-3B53-75EB8452F5E0
15.87885,-16.160141,2,FB70D507-2F2A-0F83-3B53-75EB8452F5E0
-10.387343,24.240702,2,FB70D507-2F2A-0F83-3B53-75EB8452F5E0
-46.23766,7.2286835,1,FB70D507-2F2A-0F83-3B53-75EB8452F5E0
23.771343,47.559566,1,FB70D507-2F2A-0F83-3B53-75EB8452F5E0
29.888716,-11.639034,1,FB70D507-2F2A-0F83-3B53-75EB8452F5E0
-10.33654,-1.5449787,1,FB70D507-2F2A-0F83-3B53-75EB8452F5E0
42.17446,-16.490227,1,FB70D507-2F2A-0F83-3B53-75EB8452F5E0
4.179927,57.16268,1,FB70D507-2F2A-0F83-3B53-75EB8452F5E0
9.970691,-21.760824,2,FB70D507-2F2A-0F83-3B53-75EB8452F5E0
7.9596004,-25.964495,2,FB70D507-2F2A-0F83-3B53-75EB8452F5E0
9.979293,-21.217052,2,FB70D507-2F2A-0F83-3B53-75EB8452F5E0
23.516743,-20.779406,2,FC50071B-D2BA-C98B-AC6E-7339010D56DA
25.311924,-19.418148,2,FC50071B-D2BA-C98B-AC6E-7339010D56DA
15.242826,32.446133,2,FC50071B-D2BA-C98B-AC6E-7339010D56DA
26.259405,5.1318626,2,FC50071B-D2BA-C98B-AC6E-7339010D56DA
16.399874,33.909264,2,FC50071B-D2BA-C98B-AC6E-7339010D56DA
15.512386,31.154026,2,FC50071B-D2BA-C98B-AC6E-7339010D56DA
-25.962557,-7.4898834,2,FC50071B-D2BA-C98B-AC6E-7339010D56DA
-28.75482,-8.012602,2,FC50071B-D2BA-C98B-AC6E-7339010D56DA
10.288264,-55.733707,2,FC50071B-D2BA-C98B-AC6E-7339010D56DA
-13.425357,-27.034962,2,FC50071B-D2BA-C98B-AC6E-7339010D56DA
-15.765467,-27.941013,2,FC50071B-D2BA-C98B-AC6E-7339010D56DA
-13.640006,-43.32523,2,FC50071B-D2BA-C98B-AC6E-7339010D56DA
-17.86124,-28.969017,1,FC50071B-D2BA-C98B-AC6E-7339010D56DA
-52.21474,22.496742,2,FC50071B-D2BA-C98B-AC6E-7339010D56DA
-29.407259,-11.839577,2,FC50071B-D2BA-C98B-AC6E-7339010D56DA
-23.397224,28.62433,2,FC50071B-D2BA-C98B-AC6E-7339010D56DA
-15.692901,29.095324,2,FC50071B-D2BA-C98B-AC6E-7339010D56DA
11.276357,-57.989483,2,FC50071B-D2BA-C98B-AC6E-7339010D56DA
28.96374,-5.717879,1,FC50071B-D2BA-C98B-AC6E-7339010D56DA
11.524653,52.780994,1,FC50071B-D2BA-C98B-AC6E-7339010D56DA
31.23574,-6.158593,1,FC50071B-D2BA-C98B-AC6E-7339010D56DA
-49.365295,12.004647,1,FC50071B-D2BA-C98B-AC6E-7339010D56DA
4.2559576,41.81293,0,FC50071B-D2BA-C98B-AC6E-7339010D56DA
18.942085,-15.568678,0,FC50071B-D2BA-C98B-AC6E-7339010D56DA
-52.76816,16.101273,0,FC66D29E-8CD8-AE29-A071-33549272C1EE
-20.587301,30.392834,0,FC66D29E-8CD8-AE29-A071-33549272C1EE
6.1033854,-19.700104,2,FC66D29E-8CD8-AE29-A071-33549272C1EE
-27.139277,-9.249545,2,FC66D29E-8CD8-AE29-A071-33549272C1EE
-11.0644455,54.79766,2,FC66D29E-8CD8-AE29-A071-33549272C1EE
5.665181,21.781778,2,FC66D29E-8CD8-AE29-A071-33549272C1EE
0.085680515,-22.105566,0,FC66D29E-8CD8-AE29-A071-33549272C1EE
-0.8553765,-29.939774,0,FC66D29E-8CD8-AE29-A071-33549272C1EE
-26.458862,-10.39521,0,FC66D29E-8CD8-AE29-A071-33549272C1EE
-14.731866,-29.140793,0,FC66D29E-8CD8-AE29-A071-33549272C1EE
-21.101534,-33.113525,0,FC66D29E-8CD8-AE29-A071-33549272C1EE
-3.1467373,-58.058712,0,FC66D29E-8CD8-AE29-A071-33549272C1EE
22.861864,47.389168,0,FC66D29E-8CD8-AE29-A071-33549272C1EE
0.3573532,44.577423,0,FC66D29E-8CD8-AE29-A071-33549272C1EE
-0.8541437,38.52929,0,FC66D29E-8CD8-AE29-A071-33549272C1EE
33.13076,-7.0072026,0,FC66D29E-8CD8-AE29-A071-33549272C1EE
2.5897493,58.407715,0,FC66D29E-8CD8-AE29-A071-33549272C1EE
-15.435262,-3.37775,0,FC66D29E-8CD8-AE29-A071-33549272C1EE
36.809772,20.753817,2,FFAB0F54-EFF2-FA1A-1892-F9D8ED3C9B31
31.149313,0.12696657,2,FFAB0F54-EFF2-FA1A-1892-F9D8ED3C9B31
26.008522,48.16075,2,FFAB0F54-EFF2-FA1A-1892-F9D8ED3C9B31
25.448946,-5.342866,2,FFAB0F54-EFF2-FA1A-1892-F9D8ED3C9B31
4.7659926,32.379738,2,FFAB0F54-EFF2-FA1A-1892-F9D8ED3C9B31
-10.425857,48.26735,2,FFAB0F54-EFF2-FA1A-1892-F9D8ED3C9B31
-55.88939,17.135904,2,FFAB0F54-EFF2-FA1A-1892-F9D8ED3C9B31
-6.0180416,-24.578009,2,FFAB0F54-EFF2-FA1A-1892-F9D8ED3C9B31
-23.03151,-10.878235,0,FFAB0F54-EFF2-FA1A-1892-F9D8ED3C9B31
-17.064003,-26.656109,0,FFAB0F54-EFF2-FA1A-1892-F9D8ED3C9B31
-52.424725,22.947882,0,FFAB0F54-EFF2-FA1A-1892-F9D8ED3C9B31
-2.6560068,-71.661736,0,FFAB0F54-EFF2-FA1A-1892-F9D8ED3C9B31
-6.457803,-59.13913,2,FFAB0F54-EFF2-FA1A-1892-F9D8ED3C9B31
-3.8399363,-70.43787,2,FFAB0F54-EFF2-FA1A-1892-F9D8ED3C9B31
-2.5740938,-58.294926,2,FFAB0F54-EFF2-FA1A-1892-F9D8ED3C9B31
-29.451048,-9.4130335,2,FFAB0F54-EFF2-FA1A-1892-F9D8ED3C9B31
5.0851526,-67.22892,1,FFAB0F54-EFF2-FA1A-1892-F9D8ED3C9B31
-19.386572,33.424416,2,FFAB0F54-EFF2-FA1A-1892-F9D8ED3C9B31
-6.0277314,-0.32842863,0,FFAB0F54-EFF2-FA1A-1892-F9D8ED3C9B31
44.48208,-12.796269,0,FFAB0F54-EFF2-FA1A-1892-F9D8ED3C9B31
19.290497,-13.134528,0,FFAB0F54-EFF2-FA1A-1892-F9D8ED3C9B31
-17.689075,28.820965,0,FFAB0F54-EFF2-FA1A-1892-F9D8ED3C9B31
-1.3340538,-29.575647,2,FFAB0F54-EFF2-FA1A-1892-F9D8ED3C9B31
-17.187689,-26.094618,2,FFAB0F54-EFF2-FA1A-1892-F9D8ED3C9B31
