tsne_x,tsne_y,label_mood,player_id
-41.22544,22.124832,2,018B0D8D-B5EC-09D6-90ED-550058EBFEAF
-40.736973,21.394672,2,018B0D8D-B5EC-09D6-90ED-550058EBFEAF
-40.027058,20.98883,2,018B0D8D-B5EC-09D6-90ED-550058EBFEAF
33.927856,21.631865,2,018B0D8D-B5EC-09D6-90ED-550058EBFEAF
34.514366,21.450954,2,018B0D8D-B5EC-09D6-90ED-550058EBFEAF
34.804794,21.305155,2,018B0D8D-B5EC-09D6-90ED-550058EBFEAF
35.28961,20.80863,2,018B0D8D-B5EC-09D6-90ED-550058EBFEAF
12.755489,-4.5032005,0,018B0D8D-B5EC-09D6-90ED-550058EBFEAF
12.067246,-4.771207,0,018B0D8D-B5EC-09D6-90ED-550058EBFEAF
10.675934,-5.3304315,2,018B0D8D-B5EC-09D6-90ED-550058EBFEAF
10.348503,-5.4655313,2,018B0D8D-B5EC-09D6-90ED-550058EBFEAF
10.106917,-5.5157747,2,018B0D8D-B5EC-09D6-90ED-550058EBFEAF
12.989936,26.959017,2,018B0D8D-B5EC-09D6-90ED-550058EBFEAF
12.920862,26.796501,2,018B0D8D-B5EC-09D6-90ED-550058EBFEAF
12.9967165,26.137087,2,018B0D8D-B5EC-09D6-90ED-550058EBFEAF
13.055953,25.391563,2,018B0D8D-B5EC-09D6-90ED-550058EBFEAF
1.9956098,-42.1131,0,018B0D8D-B5EC-09D6-90ED-550058EBFEAF
0.67314,-40.743156,0,018B0D8D-B5EC-09D6-90ED-550058EBFEAF
-69.70286,-10.594771,0,09FCECC4-F94E-ED69-5E9B-3223B590A149
-69.7271,-10.603058,0,09FCECC4-F94E-ED69-5E9B-3223B590A149
-2.9425957,-36.10058,0,09FCECC4-F94E-ED69-5E9B-3223B590A149
-3.3804288,-36.19472,1,09FCECC4-F94E-ED69-5E9B-3223B590A149
-3.9376225,-36.31537,1,09FCECC4-F94E-ED69-5E9B-3223B590A149
-4.4937477,-36.482307,1,09FCECC4-F94E-ED69-5E9B-3223B590A149
27.663126,-31.41143,0,09FCECC4-F94E-ED69-5E9B-3223B590A149
25.884653,-29.476301,0,09FCECC4-F94E-ED69-5E9B-3223B590A149
25.604427,-30.426987,0,09FCECC4-F94E-ED69-5E9B-3223B590A149
25.243237,-30.29826,1,09FCECC4-F94E-ED69-5E9B-3223B590A149
24.541052,-30.193338,1,09FCECC4-F94E-ED69-5E9B-3223B590A149
24.225286,-30.18761,1,09FCECC4-F94E-ED69-5E9B-3223B590A149
2.9861946,-3.9119458,1,09FCECC4-F94E-ED69-5E9B-3223B590A149
-14.500798,-61.84253,1,09FCECC4-F94E-ED69-5E9B-3223B590A149
47.60969,-36.88577,1,09FCECC4-F94E-ED69-5E9B-3223B590A149
56.848022,32.526367,2,09FCECC4-F94E-ED69-5E9B-3223B590A149
56.588367,32.799763,2,09FCECC4-F94E-ED69-5E9B-3223B590A149
55.830048,33.565548,2,09FCECC4-F94E-ED69-5E9B-3223B590A149
55.39422,33.99928,2,09FCECC4-F94E-ED69-5E9B-3223B590A149
55.05195,34.29281,2,09FCECC4-F94E-ED69-5E9B-3223B590A149
45.792362,33.968353,2,09FCECC4-F94E-ED69-5E9B-3223B590A149
45.757687,33.987427,2,09FCECC4-F94E-ED69-5E9B-3223B590A149
26.793137,11.570624,1,09FCECC4-F94E-ED69-5E9B-3223B590A149
26.781857,11.561888,1,09FCECC4-F94E-ED69-5E9B-3223B590A149
2.7209828,50.456295,2,09FCECC4-F94E-ED69-5E9B-3223B590A149
2.7494783,50.47869,2,09FCECC4-F94E-ED69-5E9B-3223B590A149
39.245094,48.23855,1,09FCECC4-F94E-ED69-5E9B-3223B590A149
39.83912,48.135963,1,09FCECC4-F94E-ED69-5E9B-3223B590A149
40.44469,48.034588,1,09FCECC4-F94E-ED69-5E9B-3223B590A149
40.71829,47.980587,1,09FCECC4-F94E-ED69-5E9B-3223B590A149
64.74842,26.317734,2,0A221ADF-C99E-307E-7B65-92EF9DABA6C4
64.57987,26.329725,2,0A221ADF-C99E-307E-7B65-92EF9DABA6C4
63.702213,26.274591,2,0A221ADF-C99E-307E-7B65-92EF9DABA6C4
63.09246,26.221582,2,0A221ADF-C99E-307E-7B65-92EF9DABA6C4
-1.4606607,2.1826203,2,0A221ADF-C99E-307E-7B65-92EF9DABA6C4
-2.2001412,2.3976645,2,0A221ADF-C99E-307E-7B65-92EF9DABA6C4
-2.7135034,2.4688296,2,0A221ADF-C99E-307E-7B65-92EF9DABA6C4
-2.9020114,2.4623666,0,0A221ADF-C99E-307E-7B65-92EF9DABA6C4
-4.2935114,1.5713085,0,0A221ADF-C99E-307E-7B65-92EF9DABA6C4
-4.4686074,1.4407091,0,0A221ADF-C99E-307E-7B65-92EF9DABA6C4
-21.545187,-20.973038,0,0A221ADF-C99E-307E-7B65-92EF9DABA6C4
-29.672907,-35.987907,0,0A221ADF-C99E-307E-7B65-92EF9DABA6C4
-12.402415,24.91651,2,0A221ADF-C99E-307E-7B65-92EF9DABA6C4
-12.845242,25.121313,2,0A221ADF-C99E-307E-7B65-92EF9DABA6C4
-13.582235,25.264565,2,0A221ADF-C99E-307E-7B65-92EF9DABA6C4
-14.155842,25.510595,2,0A221ADF-C99E-307E-7B65-92EF9DABA6C4
-14.666557,25.704409,0,0A221ADF-C99E-307E-7B65-92EF9DABA6C4
35.34936,-17.65939,0,0A221ADF-C99E-307E-7B65-92EF9DABA6C4
-54.805943,-19.349043,1,0A76B59A-F1FF-F3F5-A3CA-2386FA8EF308
-54.740273,-19.29356,1,0A76B59A-F1FF-F3F5-A3CA-2386FA8EF308
-36.24869,-37.888443,1,0A76B59A-F1FF-F3F5-A3CA-2386FA8EF308
-30.153439,-42.555862,1,0A76B59A-F1FF-F3F5-A3CA-2386FA8EF308
-30.241392,-42.968884,0,0A76B59A-F1FF-F3F5-A3CA-2386FA8EF308
-30.309107,-43.2195,0,0A76B59A-F1FF-F3F5-A3CA-2386FA8EF308
16.251183,-49.53569,1,0A76B59A-F1FF-F3F5-A3CA-2386FA8EF308
16.284151,-49.321262,1,0A76B59A-F1FF-F3F5-A3CA-2386FA8EF308
16.42883,-48.34122,1,0A76B59A-F1FF-F3F5-A3CA-2386FA8EF308
58.027695,-30.54793,1,0A76B59A-F1FF-F3F5-A3CA-2386FA8EF308
57.239323,-30.375898,0,0A76B59A-F1FF-F3F5-A3CA-2386FA8EF308
56.999756,-30.328041,0,0A76B59A-F1FF-F3F5-A3CA-2386FA8EF308
69.34227,28.398378,2,0A76B59A-F1FF-F3F5-A3CA-2386FA8EF308
69.34827,28.408192,2,0A76B59A-F1FF-F3F5-A3CA-2386FA8EF308
71.02973,28.351295,1,0A76B59A-F1FF-F3F5-A3CA-2386FA8EF308
71.73936,28.121122,1,0A76B59A-F1FF-F3F5-A3CA-2386FA8EF308
72.796394,27.37339,1,0A76B59A-F1FF-F3F5-A3CA-2386FA8EF308
73.204636,27.117613,1,0A76B59A-F1FF-F3F5-A3CA-2386FA8EF308
73.56604,26.919037,1,0A76B59A-F1FF-F3F5-A3CA-2386FA8EF308
-27.489243,15.561546,1,0A76B59A-F1FF-F3F5-A3CA-2386FA8EF308
-27.490744,15.550456,1,0A76B59A-F1FF-F3F5-A3CA-2386FA8EF308
-69.97922,-0.23306344,2,0A76B59A-F1FF-F3F5-A3CA-2386FA8EF308
-70.01767,-0.6523216,2,0A76B59A-F1FF-F3F5-A3CA-2386FA8EF308
-70.084,-0.9911674,2,0A76B59A-F1FF-F3F5-A3CA-2386FA8EF308
14.48792,-22.1369,0,0AD33010-1AC1-E9FB-2FD4-313E3DF4692D
14.757669,-21.984884,0,0AD33010-1AC1-E9FB-2FD4-313E3DF4692D
15.495912,-21.474447,2,0AD33010-1AC1-E9FB-2FD4-313E3DF4692D
16.004295,-20.911379,2,0AD33010-1AC1-E9FB-2FD4-313E3DF4692D
45.946815,-2.426738,2,0AD33010-1AC1-E9FB-2FD4-313E3DF4692D
45.939735,-2.4187658,2,0AD33010-1AC1-E9FB-2FD4-313E3DF4692D
16.32441,-60.59663,1,0AD33010-1AC1-E9FB-2FD4-313E3DF4692D
13.706655,32.550365,1,0AD33010-1AC1-E9FB-2FD4-313E3DF4692D
14.245301,31.988258,2,0AD33010-1AC1-E9FB-2FD4-313E3DF4692D
14.55595,31.655466,2,0AD33010-1AC1-E9FB-2FD4-313E3DF4692D
15.078501,30.767082,2,0AD33010-1AC1-E9FB-2FD4-313E3DF4692D
15.142535,30.72195,2,0AD33010-1AC1-E9FB-2FD4-313E3DF4692D
-3.8182628,-10.233794,1,0AD33010-1AC1-E9FB-2FD4-313E3DF4692D
-3.3316298,-9.6571,1,0AD33010-1AC1-E9FB-2FD4-313E3DF4692D
-1.9302601,-6.902536,1,0AD33010-1AC1-E9FB-2FD4-313E3DF4692D
-1.9954866,-6.5495777,1,0AD33010-1AC1-E9FB-2FD4-313E3DF4692D
-1.9966981,-6.3931036,1,0AD33010-1AC1-E9FB-2FD4-313E3DF4692D
-1.9744675,-5.917907,1,0AD33010-1AC1-E9FB-2FD4-313E3DF4692D
9.289327,25.026257,1,0AD33010-1AC1-E9FB-2FD4-313E3DF4692D
8.677852,25.146742,2,0AD33010-1AC1-E9FB-2FD4-313E3DF4692D
8.328424,25.267057,2,0AD33010-1AC1-E9FB-2FD4-313E3DF4692D
-20.6481,9.509155,0,0B5863F1-A482-C95D-EA42-9183B5BDFA12
-20.089762,9.384066,2,0B5863F1-A482-C95D-EA42-9183B5BDFA12
-18.25346,9.01014,2,0B5863F1-A482-C95D-EA42-9183B5BDFA12
-17.828054,9.272575,2,0B5863F1-A482-C95D-EA42-9183B5BDFA12
-17.462631,9.745335,2,0B5863F1-A482-C95D-EA42-9183B5BDFA12
-17.103643,10.195529,0,0B5863F1-A482-C95D-EA42-9183B5BDFA12
-43.40049,-48.826225,0,0B5863F1-A482-C95D-EA42-9183B5BDFA12
-43.360855,-48.063236,0,0B5863F1-A482-C95D-EA42-9183B5BDFA12
-43.401062,-47.97147,0,0B5863F1-A482-C95D-EA42-9183B5BDFA12
-22.054771,4.9768395,2,0B5863F1-A482-C95D-EA42-9183B5BDFA12
-21.620314,5.3176913,2,0B5863F1-A482-C95D-EA42-9183B5BDFA12
-21.394268,5.4469795,2,0B5863F1-A482-C95D-EA42-9183B5BDFA12
-12.802917,50.18707,0,0B5863F1-A482-C95D-EA42-9183B5BDFA12
-12.7696,50.359768,2,0B5863F1-A482-C95D-EA42-9183B5BDFA12
33.29388,35.066925,2,0B5863F1-A482-C95D-EA42-9183B5BDFA12
33.416428,35.46836,2,0B5863F1-A482-C95D-EA42-9183B5BDFA12
33.46693,35.89808,2,0B5863F1-A482-C95D-EA42-9183B5BDFA12
33.437553,36.86203,0,0B5863F1-A482-C95D-EA42-9183B5BDFA12
67.320076,17.885653,0,0B5863F1-A482-C95D-EA42-9183B5BDFA12
5.7859583,61.41154,0,0B5863F1-A482-C95D-EA42-9183B5BDFA12
5.6591268,61.591877,0,0B5863F1-A482-C95D-EA42-9183B5BDFA12
5.5522304,61.90241,0,0B5863F1-A482-C95D-EA42-9183B5BDFA12
-18.506933,-26.924807,0,0B5863F1-A482-C95D-EA42-9183B5BDFA12
-18.8471,-26.829498,0,0B5863F1-A482-C95D-EA42-9183B5BDFA12
-19.818142,-26.523624,0,0B5863F1-A482-C95D-EA42-9183B5BDFA12
-20.100769,-26.434446,0,0B5863F1-A482-C95D-EA42-9183B5BDFA12
-5.2228036,55.283195,0,0B5863F1-A482-C95D-EA42-9183B5BDFA12
-5.0354943,55.95212,0,0B5863F1-A482-C95D-EA42-9183B5BDFA12
-5.0834727,56.357334,1,0B5863F1-A482-C95D-EA42-9183B5BDFA12
-5.346901,57.284885,1,0B5863F1-A482-C95D-EA42-9183B5BDFA12
16.72519,-17.32452,0,0B5863F1-A482-C95D-EA42-9183B5BDFA12
8.34933,-58.118748,0,0B5863F1-A482-C95D-EA42-9183B5BDFA12
8.618503,-57.613766,0,0B5863F1-A482-C95D-EA42-9183B5BDFA12
8.506131,-56.245224,0,0B5863F1-A482-C95D-EA42-9183B5BDFA12
8.462029,-55.836483,0,0B5863F1-A482-C95D-EA42-9183B5BDFA12
8.455304,-55.358475,0,0B5863F1-A482-C95D-EA42-9183B5BDFA12
17.627373,-31.674593,1,0D759376-3F10-1BEB-7205-E91B8BF17984
17.180157,-31.27739,1,0D759376-3F10-1BEB-7205-E91B8BF17984
16.717524,-31.252604,1,0D759376-3F10-1BEB-7205-E91B8BF17984
16.375093,-31.456675,0,0D759376-3F10-1BEB-7205-E91B8BF17984
15.489421,-31.035278,0,0D759376-3F10-1BEB-7205-E91B8BF17984
14.561374,-30.873047,0,0D759376-3F10-1BEB-7205-E91B8BF17984
-46.35378,-31.88433,1,0D759376-3F10-1BEB-7205-E91B8BF17984
-46.13329,-31.974813,1,0D759376-3F10-1BEB-7205-E91B8BF17984
-45.508198,-32.158916,1,0D759376-3F10-1BEB-7205-E91B8BF17984
-44.197178,-32.00744,1,0D759376-3F10-1BEB-7205-E91B8BF17984
-42.773357,-31.561493,1,0D759376-3F10-1BEB-7205-E91B8BF17984
-42.033184,-31.38953,1,0D759376-3F10-1BEB-7205-E91B8BF17984
-41.616596,-31.545889,1,0D759376-3F10-1BEB-7205-E91B8BF17984
-40.97079,-31.954535,1,0D759376-3F10-1BEB-7205-E91B8BF17984
-39.475838,-32.843494,1,0D759376-3F10-1BEB-7205-E91B8BF17984
-38.61966,-32.849434,1,0D759376-3F10-1BEB-7205-E91B8BF17984
-38.030617,-31.98751,1,0D759376-3F10-1BEB-7205-E91B8BF17984
-37.936684,-31.962624,1,0D759376-3F10-1BEB-7205-E91B8BF17984
-29.802195,-23.313828,0,0F3B2D98-51FE-5265-3746-A0763DE31C98
-29.808634,-23.569223,0,0F3B2D98-51FE-5265-3746-A0763DE31C98
-29.866987,-24.568935,0,0F3B2D98-51FE-5265-3746-A0763DE31C98
-33.81271,-34.05033,0,0F3B2D98-51FE-5265-3746-A0763DE31C98
-33.82903,-34.21921,0,0F3B2D98-51FE-5265-3746-A0763DE31C98
-33.594627,-33.450592,0,0F3B2D98-51FE-5265-3746-A0763DE31C98
29.965134,-1.5355638,1,0F3B2D98-51FE-5265-3746-A0763DE31C98
30.07409,-1.8760296,1,0F3B2D98-51FE-5265-3746-A0763DE31C98
30.552254,-2.4885821,1,0F3B2D98-51FE-5265-3746-A0763DE31C98
30.89167,-2.4541373,1,0F3B2D98-51FE-5265-3746-A0763DE31C98
31.624718,-2.6486638,1,0F3B2D98-51FE-5265-3746-A0763DE31C98
31.784828,-2.1619606,1,0F3B2D98-51FE-5265-3746-A0763DE31C98
21.244818,15.871803,1,0F3B2D98-51FE-5265-3746-A0763DE31C98
21.059645,16.442663,1,0F3B2D98-51FE-5265-3746-A0763DE31C98
20.141254,17.468311,1,0F3B2D98-51FE-5265-3746-A0763DE31C98
20.121723,17.545988,1,0F3B2D98-51FE-5265-3746-A0763DE31C98
19.727509,17.798426,1,0F3B2D98-51FE-5265-3746-A0763DE31C98
19.1295,18.339527,1,0F3B2D98-51FE-5265-3746-A0763DE31C98
-54.1291,-34.939648,0,0F3B2D98-51FE-5265-3746-A0763DE31C98
-53.67022,-34.52515,0,0F3B2D98-51FE-5265-3746-A0763DE31C98
-50.77734,-34.85344,0,0F3B2D98-51FE-5265-3746-A0763DE31C98
-50.30738,-35.134552,0,0F3B2D98-51FE-5265-3746-A0763DE31C98
-49.687584,-35.398594,0,0F3B2D98-51FE-5265-3746-A0763DE31C98
-49.217266,-35.541733,1,0F3B2D98-51FE-5265-3746-A0763DE31C98
-57.68942,-4.5896893,0,10FFF83C-FD48-DCA7-E554-491C3C1E3EC6
-55.964836,4.913939,0,10FFF83C-FD48-DCA7-E554-491C3C1E3EC6
-55.9799,4.887005,1,10FFF83C-FD48-DCA7-E554-491C3C1E3EC6
-45.816975,-25.243263,1,10FFF83C-FD48-DCA7-E554-491C3C1E3EC6
-45.80924,-25.229359,1,10FFF83C-FD48-DCA7-E554-491C3C1E3EC6
-40.38495,-35.40215,1,10FFF83C-FD48-DCA7-E554-491C3C1E3EC6
-30.537182,-50.879898,1,10FFF83C-FD48-DCA7-E554-491C3C1E3EC6
-31.181711,-50.39063,1,10FFF83C-FD48-DCA7-E554-491C3C1E3EC6
-31.931381,-49.859066,1,10FFF83C-FD48-DCA7-E554-491C3C1E3EC6
-32.044666,-49.7781,1,10FFF83C-FD48-DCA7-E554-491C3C1E3EC6
-32.97336,-49.075966,1,10FFF83C-FD48-DCA7-E554-491C3C1E3EC6
-33.736374,-48.5727,1,10FFF83C-FD48-DCA7-E554-491C3C1E3EC6
51.305477,-43.52971,2,14027B3A-0AD6-CBA3-A600-42B3C0A4D933
51.43529,-43.38346,2,14027B3A-0AD6-CBA3-A600-42B3C0A4D933
51.80027,-42.978493,2,14027B3A-0AD6-CBA3-A600-42B3C0A4D933
52.22038,-42.54662,0,14027B3A-0AD6-CBA3-A600-42B3C0A4D933
-8.041016,-62.316933,0,14027B3A-0AD6-CBA3-A600-42B3C0A4D933
-9.75501,-62.549183,0,14027B3A-0AD6-CBA3-A600-42B3C0A4D933
19.731085,-51.615417,0,14027B3A-0AD6-CBA3-A600-42B3C0A4D933
19.64741,-51.45856,0,14027B3A-0AD6-CBA3-A600-42B3C0A4D933
18.903282,-50.49945,0,14027B3A-0AD6-CBA3-A600-42B3C0A4D933
-22.24922,-17.99457,0,14027B3A-0AD6-CBA3-A600-42B3C0A4D933
-22.335957,-17.684347,0,14027B3A-0AD6-CBA3-A600-42B3C0A4D933
-22.217604,-17.461483,2,14027B3A-0AD6-CBA3-A600-42B3C0A4D933
-51.886345,17.30897,2,14027B3A-0AD6-CBA3-A600-42B3C0A4D933
-51.96436,17.107903,0,14027B3A-0AD6-CBA3-A600-42B3C0A4D933
-52.195393,16.65986,0,14027B3A-0AD6-CBA3-A600-42B3C0A4D933
-16.32653,-34.30494,2,165B40B2-D9B2-DBC0-AE48-02C0F49A609F
-15.954238,-34.21852,2,165B40B2-D9B2-DBC0-AE48-02C0F49A609F
-15.588703,-34.087452,2,165B40B2-D9B2-DBC0-AE48-02C0F49A609F
-15.083152,-33.87475,2,165B40B2-D9B2-DBC0-AE48-02C0F49A609F
18.0761,-42.459393,2,165B40B2-D9B2-DBC0-AE48-02C0F49A609F
18.2446,-40.90798,2,165B40B2-D9B2-DBC0-AE48-02C0F49A609F
18.728664,-40.771526,2,165B40B2-D9B2-DBC0-AE48-02C0F49A609F
19.167402,-40.69957,2,165B40B2-D9B2-DBC0-AE48-02C0F49A609F
57.900295,-3.619954,2,165B40B2-D9B2-DBC0-AE48-02C0F49A609F
57.920288,-3.5872548,2,165B40B2-D9B2-DBC0-AE48-02C0F49A609F
58.584236,-2.5776753,2,165B40B2-D9B2-DBC0-AE48-02C0F49A609F
58.77944,-2.3093636,2,165B40B2-D9B2-DBC0-AE48-02C0F49A609F
7.78208,-12.13258,2,165B40B2-D9B2-DBC0-AE48-02C0F49A609F
7.7004757,-12.181503,2,165B40B2-D9B2-DBC0-AE48-02C0F49A609F
7.1919956,-12.493646,2,165B40B2-D9B2-DBC0-AE48-02C0F49A609F
6.408461,-12.864439,2,165B40B2-D9B2-DBC0-AE48-02C0F49A609F
5.899381,-13.164541,1,165B40B2-D9B2-DBC0-AE48-02C0F49A609F
-21.894918,-61.211693,1,165B40B2-D9B2-DBC0-AE48-02C0F49A609F
26.5394,-52.55154,2,165B40B2-D9B2-DBC0-AE48-02C0F49A609F
5.6786695,8.415141,2,165B40B2-D9B2-DBC0-AE48-02C0F49A609F
6.254364,8.365766,2,165B40B2-D9B2-DBC0-AE48-02C0F49A609F
7.163396,8.307928,2,165B40B2-D9B2-DBC0-AE48-02C0F49A609F
7.5640006,8.297528,2,165B40B2-D9B2-DBC0-AE48-02C0F49A609F
7.898264,8.274685,2,165B40B2-D9B2-DBC0-AE48-02C0F49A609F
-33.527744,30.16318,2,165B40B2-D9B2-DBC0-AE48-02C0F49A609F
-32.5859,31.020903,0,165B40B2-D9B2-DBC0-AE48-02C0F49A609F
-62.169693,3.1980393,0,165B40B2-D9B2-DBC0-AE48-02C0F49A609F
-62.234905,2.723182,0,165B40B2-D9B2-DBC0-AE48-02C0F49A609F
-61.93619,2.1232224,0,165B40B2-D9B2-DBC0-AE48-02C0F49A609F
-61.580776,1.6630805,0,165B40B2-D9B2-DBC0-AE48-02C0F49A609F
12.109476,36.780426,2,172A62AD-9B69-33E2-1551-9526879D80AC
12.072305,36.720734,2,172A62AD-9B69-33E2-1551-9526879D80AC
11.929817,36.158035,2,172A62AD-9B69-33E2-1551-9526879D80AC
-13.216618,12.176294,2,172A62AD-9B69-33E2-1551-9526879D80AC
-12.869259,12.85083,2,172A62AD-9B69-33E2-1551-9526879D80AC
-12.708563,13.124299,2,172A62AD-9B69-33E2-1551-9526879D80AC
-45.700874,-46.11272,1,172A62AD-9B69-33E2-1551-9526879D80AC
-45.624676,-46.129227,1,172A62AD-9B69-33E2-1551-9526879D80AC
-8.501302,38.59385,1,172A62AD-9B69-33E2-1551-9526879D80AC
-7.8048882,39.248775,1,172A62AD-9B69-33E2-1551-9526879D80AC
-7.2318435,39.914776,2,172A62AD-9B69-33E2-1551-9526879D80AC
-7.0643573,40.179783,2,172A62AD-9B69-33E2-1551-9526879D80AC
12.50166,46.81298,2,172A62AD-9B69-33E2-1551-9526879D80AC
13.558228,47.576694,2,172A62AD-9B69-33E2-1551-9526879D80AC
14.039109,48.106724,2,172A62AD-9B69-33E2-1551-9526879D80AC
14.155736,48.46358,2,172A62AD-9B69-33E2-1551-9526879D80AC
14.424483,50.31599,2,172A62AD-9B69-33E2-1551-9526879D80AC
14.429543,50.315453,2,172A62AD-9B69-33E2-1551-9526879D80AC
40.103504,19.683483,2,172A62AD-9B69-33E2-1551-9526879D80AC
40.42748,19.839012,2,172A62AD-9B69-33E2-1551-9526879D80AC
40.700466,19.793848,2,172A62AD-9B69-33E2-1551-9526879D80AC
41.225452,19.350689,2,172A62AD-9B69-33E2-1551-9526879D80AC
41.736065,20.775997,2,172A62AD-9B69-33E2-1551-9526879D80AC
41.689594,20.87195,2,172A62AD-9B69-33E2-1551-9526879D80AC
-39.310917,10.277318,1,1AE03BA6-E346-DEB8-4865-276ECC5CD9B1
-38.98079,10.346897,2,1AE03BA6-E346-DEB8-4865-276ECC5CD9B1
-38.437572,10.668011,2,1AE03BA6-E346-DEB8-4865-276ECC5CD9B1
-37.8533,11.262731,2,1AE03BA6-E346-DEB8-4865-276ECC5CD9B1
-37.385895,12.035703,2,1AE03BA6-E346-DEB8-4865-276ECC5CD9B1
-37.19488,12.344164,2,1AE03BA6-E346-DEB8-4865-276ECC5CD9B1
-51.96701,-3.4335732,0,1AE03BA6-E346-DEB8-4865-276ECC5CD9B1
-52.423122,-2.6277752,0,1AE03BA6-E346-DEB8-4865-276ECC5CD9B1
-52.718945,-2.4062312,0,1AE03BA6-E346-DEB8-4865-276ECC5CD9B1
-53.05532,-2.7816322,0,1AE03BA6-E346-DEB8-4865-276ECC5CD9B1
-53.18548,-2.918375,0,1AE03BA6-E346-DEB8-4865-276ECC5CD9B1
-43.681946,-12.458987,0,1AE03BA6-E346-DEB8-4865-276ECC5CD9B1
-43.060886,-13.026336,1,1AE03BA6-E346-DEB8-4865-276ECC5CD9B1
-42.73132,-13.296385,1,1AE03BA6-E346-DEB8-4865-276ECC5CD9B1
-41.601833,-14.33092,1,1AE03BA6-E346-DEB8-4865-276ECC5CD9B1
-41.50529,-14.872962,1,1AE03BA6-E346-DEB8-4865-276ECC5CD9B1
-41.624588,-15.965475,1,1AE03BA6-E346-DEB8-4865-276ECC5CD9B1
-41.736507,-16.330235,1,1AE03BA6-E346-DEB8-4865-276ECC5CD9B1
-25.647507,10.12478,2,1AE03BA6-E346-DEB8-4865-276ECC5CD9B1
-25.71551,9.642185,2,1AE03BA6-E346-DEB8-4865-276ECC5CD9B1
-25.898193,8.179126,2,1AE03BA6-E346-DEB8-4865-276ECC5CD9B1
-25.964458,7.851121,2,1AE03BA6-E346-DEB8-4865-276ECC5CD9B1
-26.051853,7.181663,2,1AE03BA6-E346-DEB8-4865-276ECC5CD9B1
-26.132338,6.835682,2,1AE03BA6-E346-DEB8-4865-276ECC5CD9B1
38.886787,-3.8708346,1,1AE03BA6-E346-DEB8-4865-276ECC5CD9B1
38.86957,-3.8744113,0,1AE03BA6-E346-DEB8-4865-276ECC5CD9B1
-65.810234,5.5676184,0,1AE03BA6-E346-DEB8-4865-276ECC5CD9B1
-66.41684,6.0926456,0,1AE03BA6-E346-DEB8-4865-276ECC5CD9B1
-66.598946,6.472318,0,1AE03BA6-E346-DEB8-4865-276ECC5CD9B1
-67.062416,7.392014,0,1AE03BA6-E346-DEB8-4865-276ECC5CD9B1
52.596275,11.09035,1,1AE03BA6-E346-DEB8-4865-276ECC5CD9B1
52.640247,11.240121,1,1AE03BA6-E346-DEB8-4865-276ECC5CD9B1
52.682304,11.583108,1,1AE03BA6-E346-DEB8-4865-276ECC5CD9B1
10.989966,-33.578907,1,1AE03BA6-E346-DEB8-4865-276ECC5CD9B1
10.551879,-33.388588,1,1AE03BA6-E346-DEB8-4865-276ECC5CD9B1
10.008849,-33.047157,1,1AE03BA6-E346-DEB8-4865-276ECC5CD9B1
3.0450704,18.118393,2,1F6A56CA-9C73-442F-2682-BB69E4B03AB2
3.1780157,18.00955,2,1F6A56CA-9C73-442F-2682-BB69E4B03AB2
3.6944008,17.578941,2,1F6A56CA-9C73-442F-2682-BB69E4B03AB2
9.521957,11.743057,2,1F6A56CA-9C73-442F-2682-BB69E4B03AB2
20.580734,-37.991005,2,1F6A56CA-9C73-442F-2682-BB69E4B03AB2
20.807861,-37.888813,2,1F6A56CA-9C73-442F-2682-BB69E4B03AB2
49.783516,23.504457,2,1F6A56CA-9C73-442F-2682-BB69E4B03AB2
18.777113,-5.0852,2,1F6A56CA-9C73-442F-2682-BB69E4B03AB2
6.4052515,-43.20647,2,1F6A56CA-9C73-442F-2682-BB69E4B03AB2
6.1892204,-43.514095,2,1F6A56CA-9C73-442F-2682-BB69E4B03AB2
5.7489796,-44.087166,2,1F6A56CA-9C73-442F-2682-BB69E4B03AB2
5.3346753,-44.575123,2,1F6A56CA-9C73-442F-2682-BB69E4B03AB2
-9.30092,-58.50406,0,1F6A56CA-9C73-442F-2682-BB69E4B03AB2
-9.212452,-58.340893,0,1F6A56CA-9C73-442F-2682-BB69E4B03AB2
-9.151449,-58.184296,0,1F6A56CA-9C73-442F-2682-BB69E4B03AB2
1.9240248,43.051666,0,1F6A56CA-9C73-442F-2682-BB69E4B03AB2
1.6383374,43.170685,0,1F6A56CA-9C73-442F-2682-BB69E4B03AB2
0.91153985,43.482967,2,1F6A56CA-9C73-442F-2682-BB69E4B03AB2
-67.242386,16.251867,1,1FA97947-2FB7-D626-8CD3-2426BEEE97D1
-67.26148,16.947294,1,1FA97947-2FB7-D626-8CD3-2426BEEE97D1
-67.219444,17.588697,1,1FA97947-2FB7-D626-8CD3-2426BEEE97D1
-67.16917,17.850382,1,1FA97947-2FB7-D626-8CD3-2426BEEE97D1
-46.336082,13.779178,1,1FA97947-2FB7-D626-8CD3-2426BEEE97D1
-46.263878,13.744727,1,1FA97947-2FB7-D626-8CD3-2426BEEE97D1
-14.902896,30.060616,1,1FA97947-2FB7-D626-8CD3-2426BEEE97D1
-14.916377,30.049137,1,1FA97947-2FB7-D626-8CD3-2426BEEE97D1
-5.133171,36.090828,1,1FA97947-2FB7-D626-8CD3-2426BEEE97D1
-4.4905252,36.589382,1,1FA97947-2FB7-D626-8CD3-2426BEEE97D1
-4.07548,37.003017,1,1FA97947-2FB7-D626-8CD3-2426BEEE97D1
-3.7821631,37.151085,1,1FA97947-2FB7-D626-8CD3-2426BEEE97D1
19.365929,-35.279633,2,1FA97947-2FB7-D626-8CD3-2426BEEE97D1
19.424086,-35.07769,2,1FA97947-2FB7-D626-8CD3-2426BEEE97D1
47.509018,4.753165,2,1FA97947-2FB7-D626-8CD3-2426BEEE97D1
48.222366,4.8450766,2,1FA97947-2FB7-D626-8CD3-2426BEEE97D1
48.60329,4.86197,2,1FA97947-2FB7-D626-8CD3-2426BEEE97D1
49.044895,4.863951,2,1FA97947-2FB7-D626-8CD3-2426BEEE97D1
-62.8226,-24.751242,2,1FA97947-2FB7-D626-8CD3-2426BEEE97D1
-62.832386,-24.746288,2,1FA97947-2FB7-D626-8CD3-2426BEEE97D1
-63.408836,-24.42816,2,1FA97947-2FB7-D626-8CD3-2426BEEE97D1
-55.636684,11.736334,2,243FE25F-E451-21F6-7EFA-F9DACC7D31CA
-55.25645,11.898041,2,243FE25F-E451-21F6-7EFA-F9DACC7D31CA
-53.911205,12.205967,2,243FE25F-E451-21F6-7EFA-F9DACC7D31CA
-53.393963,12.196204,2,243FE25F-E451-21F6-7EFA-F9DACC7D31CA
-53.176487,12.141728,2,243FE25F-E451-21F6-7EFA-F9DACC7D31CA
-52.4688,11.980356,2,243FE25F-E451-21F6-7EFA-F9DACC7D31CA
79.80418,-5.1039343,2,243FE25F-E451-21F6-7EFA-F9DACC7D31CA
79.698906,-4.932067,2,243FE25F-E451-21F6-7EFA-F9DACC7D31CA
78.73534,-3.3659487,2,243FE25F-E451-21F6-7EFA-F9DACC7D31CA
78.46748,-2.9468706,2,243FE25F-E451-21F6-7EFA-F9DACC7D31CA
78.2122,-2.5103898,2,243FE25F-E451-21F6-7EFA-F9DACC7D31CA
78.15277,-2.3943644,2,243FE25F-E451-21F6-7EFA-F9DACC7D31CA
-31.519384,58.499306,2,243FE25F-E451-21F6-7EFA-F9DACC7D31CA
-31.613188,58.587337,2,243FE25F-E451-21F6-7EFA-F9DACC7D31CA
-32.493374,59.45753,2,243FE25F-E451-21F6-7EFA-F9DACC7D31CA
-33.239113,60.45515,2,243FE25F-E451-21F6-7EFA-F9DACC7D31CA
-33.46011,60.498795,2,243FE25F-E451-21F6-7EFA-F9DACC7D31CA
-34.253773,60.172565,2,243FE25F-E451-21F6-7EFA-F9DACC7D31CA
-34.51217,60.12431,0,243FE25F-E451-21F6-7EFA-F9DACC7D31CA
-45.101048,-0.12549436,0,243FE25F-E451-21F6-7EFA-F9DACC7D31CA
-45.159473,-0.4205566,0,243FE25F-E451-21F6-7EFA-F9DACC7D31CA
-45.17693,-0.93709147,0,243FE25F-E451-21F6-7EFA-F9DACC7D31CA
-46.8178,-1.0996294,0,243FE25F-E451-21F6-7EFA-F9DACC7D31CA
-46.94434,-1.1241407,0,243FE25F-E451-21F6-7EFA-F9DACC7D31CA
-34.595135,34.201736,2,2656C6B4-988A-A958-5107-5422027AEE1D
-34.616226,34.2312,2,2656C6B4-988A-A958-5107-5422027AEE1D
-36.707012,37.729877,2,2656C6B4-988A-A958-5107-5422027AEE1D
-37.205776,37.83786,2,2656C6B4-988A-A958-5107-5422027AEE1D
-37.656693,37.80549,2,2656C6B4-988A-A958-5107-5422027AEE1D
-38.00315,37.68436,2,2656C6B4-988A-A958-5107-5422027AEE1D
41.176056,-36.238823,2,2656C6B4-988A-A958-5107-5422027AEE1D
41.254604,-35.959015,2,2656C6B4-988A-A958-5107-5422027AEE1D
41.417217,-35.314354,2,2656C6B4-988A-A958-5107-5422027AEE1D
41.593647,-34.425873,2,2656C6B4-988A-A958-5107-5422027AEE1D
35.250668,-5.0891833,2,2656C6B4-988A-A958-5107-5422027AEE1D
35.24427,-5.0346437,2,2656C6B4-988A-A958-5107-5422027AEE1D
9.126314,-23.928442,0,2656C6B4-988A-A958-5107-5422027AEE1D
8.758594,-24.254837,0,2656C6B4-988A-A958-5107-5422027AEE1D
8.058862,-24.843372,0,2656C6B4-988A-A958-5107-5422027AEE1D
7.5785503,-25.279833,0,2656C6B4-988A-A958-5107-5422027AEE1D
7.3504443,-25.514256,0,2656C6B4-988A-A958-5107-5422027AEE1D
6.921031,-25.796717,0,2656C6B4-988A-A958-5107-5422027AEE1D
-6.582536,-47.662987,0,27C12E79-B4DD-AA48-E99E-552C6BAEBA6F
-5.9168,-46.58579,0,27C12E79-B4DD-AA48-E99E-552C6BAEBA6F
-5.9736624,-46.226543,2,27C12E79-B4DD-AA48-E99E-552C6BAEBA6F
-5.8800316,-45.947094,2,27C12E79-B4DD-AA48-E99E-552C6BAEBA6F
-4.064926,-45.92393,2,27C12E79-B4DD-AA48-E99E-552C6BAEBA6F
-3.6090107,-45.859657,2,27C12E79-B4DD-AA48-E99E-552C6BAEBA6F
84.818214,1.457415,2,27C12E79-B4DD-AA48-E99E-552C6BAEBA6F
84.99851,0.53749293,2,27C12E79-B4DD-AA48-E99E-552C6BAEBA6F
85.01149,0.43802595,0,27C12E79-B4DD-AA48-E99E-552C6BAEBA6F
72.373764,-24.583574,0,27C12E79-B4DD-AA48-E99E-552C6BAEBA6F
72.04379,-25.155548,0,27C12E79-B4DD-AA48-E99E-552C6BAEBA6F
71.99253,-25.250252,0,27C12E79-B4DD-AA48-E99E-552C6BAEBA6F
54.04538,-35.8351,0,27C12E79-B4DD-AA48-E99E-552C6BAEBA6F
54.040493,-35.811665,0,27C12E79-B4DD-AA48-E99E-552C6BAEBA6F
26.309877,-4.713764,0,27C12E79-B4DD-AA48-E99E-552C6BAEBA6F
26.651913,-4.934019,2,27C12E79-B4DD-AA48-E99E-552C6BAEBA6F
27.059717,-5.095716,2,27C12E79-B4DD-AA48-E99E-552C6BAEBA6F
27.623966,-5.3522973,2,27C12E79-B4DD-AA48-E99E-552C6BAEBA6F
-19.971954,-14.934085,2,27C12E79-B4DD-AA48-E99E-552C6BAEBA6F
-19.647997,-14.952764,2,27C12E79-B4DD-AA48-E99E-552C6BAEBA6F
-19.118294,-15.002274,2,27C12E79-B4DD-AA48-E99E-552C6BAEBA6F
37.709732,13.633599,2,2C636222-CB43-AB6F-444A-7278047991C7
37.64999,13.553983,2,2C636222-CB43-AB6F-444A-7278047991C7
-7.5562267,-41.57097,2,2C636222-CB43-AB6F-444A-7278047991C7
-7.6665783,-41.50646,2,2C636222-CB43-AB6F-444A-7278047991C7
-8.108988,-41.242893,2,2C636222-CB43-AB6F-444A-7278047991C7
-18.919222,13.93257,2,2C636222-CB43-AB6F-444A-7278047991C7
-50.12937,-8.550708,0,2C636222-CB43-AB6F-444A-7278047991C7
-50.833218,-8.823881,0,2C636222-CB43-AB6F-444A-7278047991C7
-51.50126,-9.265804,0,2C636222-CB43-AB6F-444A-7278047991C7
-52.0761,-9.660829,0,2C636222-CB43-AB6F-444A-7278047991C7
-52.822723,-10.019268,0,2C636222-CB43-AB6F-444A-7278047991C7
45.269695,12.643237,2,2C636222-CB43-AB6F-444A-7278047991C7
45.678875,13.836068,2,2C636222-CB43-AB6F-444A-7278047991C7
46.30529,13.967766,2,2C636222-CB43-AB6F-444A-7278047991C7
46.91665,13.700319,2,2C636222-CB43-AB6F-444A-7278047991C7
47.215813,13.609639,2,2C636222-CB43-AB6F-444A-7278047991C7
48.832867,13.202606,2,2C636222-CB43-AB6F-444A-7278047991C7
49.015877,13.163466,2,2C636222-CB43-AB6F-444A-7278047991C7
22.618475,-32.620018,2,2C636222-CB43-AB6F-444A-7278047991C7
22.673689,-32.68472,2,2C636222-CB43-AB6F-444A-7278047991C7
22.8399,-33.08092,2,2C636222-CB43-AB6F-444A-7278047991C7
12.017704,-56.158817,2,2C636222-CB43-AB6F-444A-7278047991C7
34.70889,-28.793688,0,2C636222-CB43-AB6F-444A-7278047991C7
34.74839,-28.772577,2,2C636222-CB43-AB6F-444A-7278047991C7
14.4304495,-8.110329,2,2C636222-CB43-AB6F-444A-7278047991C7
14.261983,-8.383046,2,2C636222-CB43-AB6F-444A-7278047991C7
14.042585,-8.6461315,2,2C636222-CB43-AB6F-444A-7278047991C7
13.357086,-8.859054,2,2C636222-CB43-AB6F-444A-7278047991C7
-7.0081897,-15.126455,2,2C636222-CB43-AB6F-444A-7278047991C7
-6.9715247,-15.121127,2,2C636222-CB43-AB6F-444A-7278047991C7
-42.150166,14.323911,2,35FEE4B0-EF25-110F-8D86-5410FA57646B
-41.30485,14.193417,2,35FEE4B0-EF25-110F-8D86-5410FA57646B
-41.14777,14.711583,2,35FEE4B0-EF25-110F-8D86-5410FA57646B
-40.558342,15.00237,2,35FEE4B0-EF25-110F-8D86-5410FA57646B
-40.24089,15.340678,2,35FEE4B0-EF25-110F-8D86-5410FA57646B
-40.377697,15.548527,1,35FEE4B0-EF25-110F-8D86-5410FA57646B
-10.001363,46.408333,2,35FEE4B0-EF25-110F-8D86-5410FA57646B
-10.474887,47.02857,2,35FEE4B0-EF25-110F-8D86-5410FA57646B
-10.724653,47.321556,2,35FEE4B0-EF25-110F-8D86-5410FA57646B
-2.0035818,31.965158,2,35FEE4B0-EF25-110F-8D86-5410FA57646B
-2.1872842,31.669348,1,35FEE4B0-EF25-110F-8D86-5410FA57646B
-2.4933648,31.20033,1,35FEE4B0-EF25-110F-8D86-5410FA57646B
-1.5051365,-23.341255,1,35FEE4B0-EF25-110F-8D86-5410FA57646B
36.547,-14.74029,1,35FEE4B0-EF25-110F-8D86-5410FA57646B
37.32996,-14.584089,1,35FEE4B0-EF25-110F-8D86-5410FA57646B
37.642,-14.846514,0,35FEE4B0-EF25-110F-8D86-5410FA57646B
38.51562,-15.664654,0,35FEE4B0-EF25-110F-8D86-5410FA57646B
38.748344,-16.426994,0,35FEE4B0-EF25-110F-8D86-5410FA57646B
38.8005,-16.705599,0,35FEE4B0-EF25-110F-8D86-5410FA57646B
38.893925,-17.887623,2,35FEE4B0-EF25-110F-8D86-5410FA57646B
38.92066,-18.028181,2,35FEE4B0-EF25-110F-8D86-5410FA57646B
-39.71442,-47.280025,2,35FEE4B0-EF25-110F-8D86-5410FA57646B
-39.699963,-47.03897,1,35FEE4B0-EF25-110F-8D86-5410FA57646B
-39.715706,-46.69803,1,35FEE4B0-EF25-110F-8D86-5410FA57646B
10.057713,-57.891243,0,35FEE4B0-EF25-110F-8D86-5410FA57646B
17.39021,-26.902203,1,35FEE4B0-EF25-110F-8D86-5410FA57646B
17.576069,-26.862001,1,35FEE4B0-EF25-110F-8D86-5410FA57646B
18.478506,-26.964764,1,35FEE4B0-EF25-110F-8D86-5410FA57646B
19.858305,-28.939425,1,35FEE4B0-EF25-110F-8D86-5410FA57646B
19.894234,-28.987957,1,35FEE4B0-EF25-110F-8D86-5410FA57646B
-38.026535,16.23577,2,37249306-1597-DC6D-3544-6FEDBBF8B848
-25.361677,47.384712,2,37249306-1597-DC6D-3544-6FEDBBF8B848
-25.094164,47.277874,0,37249306-1597-DC6D-3544-6FEDBBF8B848
-23.755247,46.590824,0,37249306-1597-DC6D-3544-6FEDBBF8B848
-23.35924,46.508327,2,37249306-1597-DC6D-3544-6FEDBBF8B848
-23.088615,46.47355,2,37249306-1597-DC6D-3544-6FEDBBF8B848
-6.3260403,-22.336424,0,37249306-1597-DC6D-3544-6FEDBBF8B848
-36.601566,-27.674623,0,37249306-1597-DC6D-3544-6FEDBBF8B848
-37.23421,-28.055416,0,37249306-1597-DC6D-3544-6FEDBBF8B848
-37.637444,-28.589695,1,37249306-1597-DC6D-3544-6FEDBBF8B848
-37.766087,-28.810637,1,37249306-1597-DC6D-3544-6FEDBBF8B848
-23.513372,-4.4452925,1,37249306-1597-DC6D-3544-6FEDBBF8B848
-16.298204,-56.25303,0,37249306-1597-DC6D-3544-6FEDBBF8B848
-16.154785,-56.11614,0,37249306-1597-DC6D-3544-6FEDBBF8B848
-15.384356,-56.2809,0,37249306-1597-DC6D-3544-6FEDBBF8B848
-14.845357,-56.400326,0,37249306-1597-DC6D-3544-6FEDBBF8B848
-13.847686,-56.329456,0,37249306-1597-DC6D-3544-6FEDBBF8B848
-13.033362,-55.8765,1,37249306-1597-DC6D-3544-6FEDBBF8B848
-13.068331,52.1278,2,3FC0B5B3-AC42-BF96-D8EE-10E81EAAACF6
61.634315,0.62388325,2,3FC0B5B3-AC42-BF96-D8EE-10E81EAAACF6
61.82898,0.5455887,2,3FC0B5B3-AC42-BF96-D8EE-10E81EAAACF6
63.357548,-0.32748455,2,3FC0B5B3-AC42-BF96-D8EE-10E81EAAACF6
63.96475,-0.726851,2,3FC0B5B3-AC42-BF96-D8EE-10E81EAAACF6
64.20267,-0.8979931,2,3FC0B5B3-AC42-BF96-D8EE-10E81EAAACF6
51.346394,36.10833,2,3FC0B5B3-AC42-BF96-D8EE-10E81EAAACF6
51.340443,36.109135,2,3FC0B5B3-AC42-BF96-D8EE-10E81EAAACF6
26.176653,20.968777,2,3FC0B5B3-AC42-BF96-D8EE-10E81EAAACF6
26.12201,20.985973,2,3FC0B5B3-AC42-BF96-D8EE-10E81EAAACF6
-51.830063,-28.228842,2,3FC0B5B3-AC42-BF96-D8EE-10E81EAAACF6
-51.74041,-28.082607,2,3FC0B5B3-AC42-BF96-D8EE-10E81EAAACF6
-34.425816,7.9091144,1,3FC0B5B3-AC42-BF96-D8EE-10E81EAAACF6
-34.4296,7.8690467,2,3FC0B5B3-AC42-BF96-D8EE-10E81EAAACF6
-34.500546,7.8248973,2,3FC0B5B3-AC42-BF96-D8EE-10E81EAAACF6
-32.880524,-29.184628,0,3FC0B5B3-AC42-BF96-D8EE-10E81EAAACF6
-35.60656,-35.04433,0,3FC0B5B3-AC42-BF96-D8EE-10E81EAAACF6
-36.735023,-35.016724,0,3FC0B5B3-AC42-BF96-D8EE-10E81EAAACF6
21.32456,44.642414,2,4690C2DC-C0B5-6C1B-880A-D31C46C8A565
21.214106,44.673126,2,4690C2DC-C0B5-6C1B-880A-D31C46C8A565
20.51654,44.75297,2,4690C2DC-C0B5-6C1B-880A-D31C46C8A565
-0.3738014,24.294014,2,4690C2DC-C0B5-6C1B-880A-D31C46C8A565
-0.6151782,25.928608,0,4690C2DC-C0B5-6C1B-880A-D31C46C8A565
-0.54353136,26.602205,0,4690C2DC-C0B5-6C1B-880A-D31C46C8A565
-0.03804118,28.124462,0,4690C2DC-C0B5-6C1B-880A-D31C46C8A565
0.58065003,29.205355,0,4690C2DC-C0B5-6C1B-880A-D31C46C8A565
0.8966722,29.560198,0,4690C2DC-C0B5-6C1B-880A-D31C46C8A565
1.4586444,29.972307,0,4690C2DC-C0B5-6C1B-880A-D31C46C8A565
1.6121608,30.01871,0,4690C2DC-C0B5-6C1B-880A-D31C46C8A565
29.763895,15.326843,0,4690C2DC-C0B5-6C1B-880A-D31C46C8A565
1.092654,47.71667,2,4690C2DC-C0B5-6C1B-880A-D31C46C8A565
1.0948136,47.726154,2,4690C2DC-C0B5-6C1B-880A-D31C46C8A565
2.5156457,46.740322,0,4690C2DC-C0B5-6C1B-880A-D31C46C8A565
2.5824893,46.724895,0,4690C2DC-C0B5-6C1B-880A-D31C46C8A565
6.279398,30.260563,0,4690C2DC-C0B5-6C1B-880A-D31C46C8A565
20.262579,-6.380568,0,4690C2DC-C0B5-6C1B-880A-D31C46C8A565
27.921507,1.7243131,2,4690C2DC-C0B5-6C1B-880A-D31C46C8A565
28.035082,2.1351337,2,4690C2DC-C0B5-6C1B-880A-D31C46C8A565
27.411163,0.9257942,2,4690C2DC-C0B5-6C1B-880A-D31C46C8A565
27.300245,0.56589293,2,4690C2DC-C0B5-6C1B-880A-D31C46C8A565
27.083567,0.18426403,2,4690C2DC-C0B5-6C1B-880A-D31C46C8A565
27.135147,-0.23638779,0,4690C2DC-C0B5-6C1B-880A-D31C46C8A565
-19.652779,45.169792,2,46A9A47E-EDE3-2EF4-2F06-E95AF67D57E1
-19.26697,45.037533,2,46A9A47E-EDE3-2EF4-2F06-E95AF67D57E1
-18.822498,44.800373,2,46A9A47E-EDE3-2EF4-2F06-E95AF67D57E1
-18.0081,44.34417,2,46A9A47E-EDE3-2EF4-2F06-E95AF67D57E1
17.340328,46.858696,2,46A9A47E-EDE3-2EF4-2F06-E95AF67D57E1
17.337976,46.83856,2,46A9A47E-EDE3-2EF4-2F06-E95AF67D57E1
19.058563,24.890831,0,46A9A47E-EDE3-2EF4-2F06-E95AF67D57E1
19.13697,24.782503,0,46A9A47E-EDE3-2EF4-2F06-E95AF67D57E1
20.41498,23.374744,0,46A9A47E-EDE3-2EF4-2F06-E95AF67D57E1
-54.398,-32.632484,0,46A9A47E-EDE3-2EF4-2F06-E95AF67D57E1
-54.379566,-32.534058,0,46A9A47E-EDE3-2EF4-2F06-E95AF67D57E1
28.575684,-19.040794,0,46A9A47E-EDE3-2EF4-2F06-E95AF67D57E1
28.601679,-19.012396,2,46A9A47E-EDE3-2EF4-2F06-E95AF67D57E1
66.558586,0.6939595,2,46A9A47E-EDE3-2EF4-2F06-E95AF67D57E1
66.5659,0.6852244,2,46A9A47E-EDE3-2EF4-2F06-E95AF67D57E1
47.366955,22.12903,2,46A9A47E-EDE3-2EF4-2F06-E95AF67D57E1
47.71569,22.278378,2,46A9A47E-EDE3-2EF4-2F06-E95AF67D57E1
48.113064,22.40341,2,46A9A47E-EDE3-2EF4-2F06-E95AF67D57E1
-30.551731,6.1219935,2,46A9A47E-EDE3-2EF4-2F06-E95AF67D57E1
71.1607,34.780457,2,46A9A47E-EDE3-2EF4-2F06-E95AF67D57E1
71.3967,34.641693,2,46A9A47E-EDE3-2EF4-2F06-E95AF67D57E1
72.54654,33.931362,2,46A9A47E-EDE3-2EF4-2F06-E95AF67D57E1
73.37574,34.072872,2,46A9A47E-EDE3-2EF4-2F06-E95AF67D57E1
73.60242,34.114403,2,46A9A47E-EDE3-2EF4-2F06-E95AF67D57E1
-12.070246,20.551514,0,46A9A47E-EDE3-2EF4-2F06-E95AF67D57E1
-12.067868,20.54336,0,46A9A47E-EDE3-2EF4-2F06-E95AF67D57E1
50.10835,-23.622644,0,46A9A47E-EDE3-2EF4-2F06-E95AF67D57E1
49.92912,-22.89698,0,46A9A47E-EDE3-2EF4-2F06-E95AF67D57E1
49.861366,-22.55563,0,46A9A47E-EDE3-2EF4-2F06-E95AF67D57E1
49.743446,-22.111046,2,46A9A47E-EDE3-2EF4-2F06-E95AF67D57E1
-65.67068,-6.968503,0,47494449-E68E-E554-8BB1-ECEEE432E269
-65.66944,-7.0574737,0,47494449-E68E-E554-8BB1-ECEEE432E269
-48.2611,-12.930227,0,47494449-E68E-E554-8BB1-ECEEE432E269
-48.278107,-12.941296,1,47494449-E68E-E554-8BB1-ECEEE432E269
69.42019,2.8453069,1,47494449-E68E-E554-8BB1-ECEEE432E269
69.42565,2.8508997,2,47494449-E68E-E554-8BB1-ECEEE432E269
47.60773,-6.1746373,0,47494449-E68E-E554-8BB1-ECEEE432E269
47.9597,-5.9159956,0,47494449-E68E-E554-8BB1-ECEEE432E269
48.51232,-5.218391,2,47494449-E68E-E554-8BB1-ECEEE432E269
48.701626,-5.0069046,2,47494449-E68E-E554-8BB1-ECEEE432E269
29.99995,-26.982168,2,47494449-E68E-E554-8BB1-ECEEE432E269
29.89329,-27.15796,0,47494449-E68E-E554-8BB1-ECEEE432E269
24.284716,-8.365697,2,47494449-E68E-E554-8BB1-ECEEE432E269
24.30692,-8.109565,2,47494449-E68E-E554-8BB1-ECEEE432E269
24.381657,-2.8463793,2,47494449-E68E-E554-8BB1-ECEEE432E269
24.224909,-2.5000737,2,47494449-E68E-E554-8BB1-ECEEE432E269
23.813759,-1.6070623,2,47494449-E68E-E554-8BB1-ECEEE432E269
23.656595,-0.9784845,2,47494449-E68E-E554-8BB1-ECEEE432E269
-2.6996484,41.205563,2,48847236-6E23-6E61-57CD-780C68FAA2C2
-2.7494268,41.190563,2,48847236-6E23-6E61-57CD-780C68FAA2C2
-3.1067357,40.7581,2,48847236-6E23-6E61-57CD-780C68FAA2C2
-3.5263941,40.402462,2,48847236-6E23-6E61-57CD-780C68FAA2C2
-13.157801,7.5029964,2,48847236-6E23-6E61-57CD-780C68FAA2C2
-13.864059,7.0422254,0,48847236-6E23-6E61-57CD-780C68FAA2C2
-14.639019,6.8119807,2,48847236-6E23-6E61-57CD-780C68FAA2C2
-15.163487,6.680279,0,48847236-6E23-6E61-57CD-780C68FAA2C2
-15.844904,6.622302,0,48847236-6E23-6E61-57CD-780C68FAA2C2
-16.842083,6.5984855,0,48847236-6E23-6E61-57CD-780C68FAA2C2
-17.644712,6.3201313,2,48847236-6E23-6E61-57CD-780C68FAA2C2
-18.15134,6.06452,2,48847236-6E23-6E61-57CD-780C68FAA2C2
-18.144659,5.8253183,2,48847236-6E23-6E61-57CD-780C68FAA2C2
-18.619444,4.953806,2,48847236-6E23-6E61-57CD-780C68FAA2C2
-18.881458,4.41354,2,48847236-6E23-6E61-57CD-780C68FAA2C2
-56.189575,-16.913418,1,48847236-6E23-6E61-57CD-780C68FAA2C2
-55.558872,-16.369684,1,48847236-6E23-6E61-57CD-780C68FAA2C2
-55.457573,-16.282286,1,48847236-6E23-6E61-57CD-780C68FAA2C2
44.544605,5.704164,2,48847236-6E23-6E61-57CD-780C68FAA2C2
44.322426,5.0717096,2,48847236-6E23-6E61-57CD-780C68FAA2C2
43.566063,4.9534383,2,48847236-6E23-6E61-57CD-780C68FAA2C2
43.373577,4.9354715,2,48847236-6E23-6E61-57CD-780C68FAA2C2
42.85882,4.5940137,0,48847236-6E23-6E61-57CD-780C68FAA2C2
42.062767,4.0955358,0,48847236-6E23-6E61-57CD-780C68FAA2C2
-24.874777,-42.825867,0,48847236-6E23-6E61-57CD-780C68FAA2C2
-24.597816,-42.913548,0,48847236-6E23-6E61-57CD-780C68FAA2C2
-24.171406,-43.03312,0,48847236-6E23-6E61-57CD-780C68FAA2C2
-23.315815,-43.260563,0,48847236-6E23-6E61-57CD-780C68FAA2C2
41.839287,-21.901155,0,48847236-6E23-6E61-57CD-780C68FAA2C2
41.82254,-21.859987,0,48847236-6E23-6E61-57CD-780C68FAA2C2
8.156466,-41.054268,2,48847236-6E23-6E61-57CD-780C68FAA2C2
8.148792,-41.06336,0,48847236-6E23-6E61-57CD-780C68FAA2C2
-13.586992,-64.44293,0,48847236-6E23-6E61-57CD-780C68FAA2C2
-13.914899,-63.66729,0,48847236-6E23-6E61-57CD-780C68FAA2C2
-14.0154,-63.274914,0,48847236-6E23-6E61-57CD-780C68FAA2C2
-14.133758,-62.917336,0,48847236-6E23-6E61-57CD-780C68FAA2C2
39.857773,55.6721,2,48D32E40-ABB9-E3FB-185C-8A5AA0C44CBF
40.172523,56.2425,2,48D32E40-ABB9-E3FB-185C-8A5AA0C44CBF
40.39906,56.660748,2,48D32E40-ABB9-E3FB-185C-8A5AA0C44CBF
40.672924,57.171738,2,48D32E40-ABB9-E3FB-185C-8A5AA0C44CBF
-47.38303,54.02239,2,48D32E40-ABB9-E3FB-185C-8A5AA0C44CBF
-47.404594,54.033184,2,48D32E40-ABB9-E3FB-185C-8A5AA0C44CBF
-32.529343,-23.978893,1,48D32E40-ABB9-E3FB-185C-8A5AA0C44CBF
-62.255325,-4.422676,1,48D32E40-ABB9-E3FB-185C-8A5AA0C44CBF
-62.277172,-3.8153706,1,48D32E40-ABB9-E3FB-185C-8A5AA0C44CBF
-61.884018,-3.3413556,1,48D32E40-ABB9-E3FB-185C-8A5AA0C44CBF
-61.75696,-2.3799543,1,48D32E40-ABB9-E3FB-185C-8A5AA0C44CBF
-61.62625,-1.9379479,1,48D32E40-ABB9-E3FB-185C-8A5AA0C44CBF
-8.916923,30.148518,2,48D32E40-ABB9-E3FB-185C-8A5AA0C44CBF
-9.015661,29.865623,2,48D32E40-ABB9-E3FB-185C-8A5AA0C44CBF
-9.168524,29.675781,2,48D32E40-ABB9-E3FB-185C-8A5AA0C44CBF
-9.887612,29.184183,2,48D32E40-ABB9-E3FB-185C-8A5AA0C44CBF
-17.446169,-23.687773,1,48D32E40-ABB9-E3FB-185C-8A5AA0C44CBF
-17.084394,-23.611166,1,48D32E40-ABB9-E3FB-185C-8A5AA0C44CBF
30.611666,13.998965,1,48D32E40-ABB9-E3FB-185C-8A5AA0C44CBF
30.329988,13.946729,1,48D32E40-ABB9-E3FB-185C-8A5AA0C44CBF
29.548082,13.392738,1,48D32E40-ABB9-E3FB-185C-8A5AA0C44CBF
4.5912776,4.3417187,1,48D32E40-ABB9-E3FB-185C-8A5AA0C44CBF
4.4160933,3.6908512,1,48D32E40-ABB9-E3FB-185C-8A5AA0C44CBF
4.3271866,3.456928,1,48D32E40-ABB9-E3FB-185C-8A5AA0C44CBF
-38.202553,49.95655,2,4B423110-8A54-A87F-39BB-D68BF033C7FC
-38.150375,50.083496,2,4B423110-8A54-A87F-39BB-D68BF033C7FC
-38.121067,48.86955,2,4B423110-8A54-A87F-39BB-D68BF033C7FC
-38.20236,48.223713,2,4B423110-8A54-A87F-39BB-D68BF033C7FC
-38.34135,47.92593,2,4B423110-8A54-A87F-39BB-D68BF033C7FC
-62.484856,10.059044,2,4B423110-8A54-A87F-39BB-D68BF033C7FC
-61.472538,19.442177,0,4B423110-8A54-A87F-39BB-D68BF033C7FC
-61.237984,19.595926,0,4B423110-8A54-A87F-39BB-D68BF033C7FC
-59.97556,20.615568,2,4B423110-8A54-A87F-39BB-D68BF033C7FC
-59.662945,20.946247,2,4B423110-8A54-A87F-39BB-D68BF033C7FC
-58.6313,22.365643,2,4B423110-8A54-A87F-39BB-D68BF033C7FC
-58.468372,22.694231,2,4B423110-8A54-A87F-39BB-D68BF033C7FC
-45.1865,37.875435,2,4B423110-8A54-A87F-39BB-D68BF033C7FC
-45.44039,37.922817,2,4B423110-8A54-A87F-39BB-D68BF033C7FC
-45.755344,38.00154,2,4B423110-8A54-A87F-39BB-D68BF033C7FC
-46.750515,24.970762,0,4B423110-8A54-A87F-39BB-D68BF033C7FC
-45.846634,24.292875,0,4B423110-8A54-A87F-39BB-D68BF033C7FC
-45.605816,24.124298,0,4B423110-8A54-A87F-39BB-D68BF033C7FC
-52.76808,20.641762,1,4BD5749B-A1D2-E6C9-156F-DF107802D3BE
-53.068504,20.40575,1,4BD5749B-A1D2-E6C9-156F-DF107802D3BE
-53.576183,19.960802,1,4BD5749B-A1D2-E6C9-156F-DF107802D3BE
-54.26363,18.993618,1,4BD5749B-A1D2-E6C9-156F-DF107802D3BE
-54.937138,17.921555,1,4BD5749B-A1D2-E6C9-156F-DF107802D3BE
-54.99098,17.830427,1,4BD5749B-A1D2-E6C9-156F-DF107802D3BE
39.280605,6.2893167,1,4BD5749B-A1D2-E6C9-156F-DF107802D3BE
39.324604,6.111366,1,4BD5749B-A1D2-E6C9-156F-DF107802D3BE
39.460423,4.8992653,1,4BD5749B-A1D2-E6C9-156F-DF107802D3BE
39.50866,4.66523,1,4BD5749B-A1D2-E6C9-156F-DF107802D3BE
39.796124,4.24848,1,4BD5749B-A1D2-E6C9-156F-DF107802D3BE
50.59302,-1.906426,1,4BD5749B-A1D2-E6C9-156F-DF107802D3BE
50.58583,-1.8207226,1,4BD5749B-A1D2-E6C9-156F-DF107802D3BE
49.453762,-0.9087274,1,4BD5749B-A1D2-E6C9-156F-DF107802D3BE
49.05665,-0.6921861,1,4BD5749B-A1D2-E6C9-156F-DF107802D3BE
48.79449,-0.6578498,1,4BD5749B-A1D2-E6C9-156F-DF107802D3BE
48.032192,-0.99407655,1,4BD5749B-A1D2-E6C9-156F-DF107802D3BE
19.98755,-45.980953,1,4BD5749B-A1D2-E6C9-156F-DF107802D3BE
45.292206,25.61993,2,4BD5749B-A1D2-E6C9-156F-DF107802D3BE
45.3358,25.536596,2,4BD5749B-A1D2-E6C9-156F-DF107802D3BE
44.53389,24.951328,2,4BD5749B-A1D2-E6C9-156F-DF107802D3BE
44.14692,24.407267,2,4BD5749B-A1D2-E6C9-156F-DF107802D3BE
43.768982,23.91954,2,4BD5749B-A1D2-E6C9-156F-DF107802D3BE
43.44684,23.54584,2,4BD5749B-A1D2-E6C9-156F-DF107802D3BE
40.29046,37.338833,1,4BD5749B-A1D2-E6C9-156F-DF107802D3BE
39.72082,35.77555,1,4BD5749B-A1D2-E6C9-156F-DF107802D3BE
52.688976,46.93674,1,4BD5749B-A1D2-E6C9-156F-DF107802D3BE
52.607758,46.55517,1,4BD5749B-A1D2-E6C9-156F-DF107802D3BE
52.580544,46.082077,1,4BD5749B-A1D2-E6C9-156F-DF107802D3BE
52.760345,46.108963,1,4BD5749B-A1D2-E6C9-156F-DF107802D3BE
-37.08603,24.162497,0,4BFAECAC-0CC2-F9AC-17BB-7343BE737D81
-36.573677,24.425587,0,4BFAECAC-0CC2-F9AC-17BB-7343BE737D81
-35.87577,24.701153,0,4BFAECAC-0CC2-F9AC-17BB-7343BE737D81
-34.807587,24.864475,0,4BFAECAC-0CC2-F9AC-17BB-7343BE737D81
-34.120667,24.9027,0,4BFAECAC-0CC2-F9AC-17BB-7343BE737D81
-33.362747,24.777857,0,4BFAECAC-0CC2-F9AC-17BB-7343BE737D81
43.591187,31.62002,2,4BFAECAC-0CC2-F9AC-17BB-7343BE737D81
22.298155,11.755816,2,4BFAECAC-0CC2-F9AC-17BB-7343BE737D81
22.313189,11.669589,2,4BFAECAC-0CC2-F9AC-17BB-7343BE737D81
22.432112,9.977406,2,4BFAECAC-0CC2-F9AC-17BB-7343BE737D81
22.437725,9.846654,2,4BFAECAC-0CC2-F9AC-17BB-7343BE737D81
74.476974,20.566135,2,4BFAECAC-0CC2-F9AC-17BB-7343BE737D81
73.994606,20.589712,2,4BFAECAC-0CC2-F9AC-17BB-7343BE737D81
72.67658,20.625048,2,4BFAECAC-0CC2-F9AC-17BB-7343BE737D81
72.84934,20.66142,2,4BFAECAC-0CC2-F9AC-17BB-7343BE737D81
71.86899,22.914122,2,4BFAECAC-0CC2-F9AC-17BB-7343BE737D81
71.75863,23.828766,2,4BFAECAC-0CC2-F9AC-17BB-7343BE737D81
71.7266,24.046585,2,4BFAECAC-0CC2-F9AC-17BB-7343BE737D81
10.879849,-61.021645,0,4BFAECAC-0CC2-F9AC-17BB-7343BE737D81
10.302936,-60.74742,0,4BFAECAC-0CC2-F9AC-17BB-7343BE737D81
21.503736,-26.148945,0,4BFAECAC-0CC2-F9AC-17BB-7343BE737D81
21.673086,-26.018007,2,4BFAECAC-0CC2-F9AC-17BB-7343BE737D81
23.110138,-25.081495,2,4BFAECAC-0CC2-F9AC-17BB-7343BE737D81
23.224663,-24.977568,2,4BFAECAC-0CC2-F9AC-17BB-7343BE737D81
-40.08007,28.713753,2,4CAE9D77-C8A8-2EE8-53D0-7C3C6331B2C5
-39.945114,28.403273,2,4CAE9D77-C8A8-2EE8-53D0-7C3C6331B2C5
-39.607723,27.268543,2,4CAE9D77-C8A8-2EE8-53D0-7C3C6331B2C5
-39.524357,27.069149,0,4CAE9D77-C8A8-2EE8-53D0-7C3C6331B2C5
-38.496162,5.143721,0,4CAE9D77-C8A8-2EE8-53D0-7C3C6331B2C5
-38.500626,5.1061144,0,4CAE9D77-C8A8-2EE8-53D0-7C3C6331B2C5
-4.643766,10.1575985,1,4CAE9D77-C8A8-2EE8-53D0-7C3C6331B2C5
-4.6121225,9.728248,1,4CAE9D77-C8A8-2EE8-53D0-7C3C6331B2C5
-4.7187815,8.992079,1,4CAE9D77-C8A8-2EE8-53D0-7C3C6331B2C5
-4.736488,8.684735,1,4CAE9D77-C8A8-2EE8-53D0-7C3C6331B2C5
-12.910219,-9.261976,1,4CAE9D77-C8A8-2EE8-53D0-7C3C6331B2C5
-13.012863,-9.623902,1,4CAE9D77-C8A8-2EE8-53D0-7C3C6331B2C5
-48.112507,45.626923,2,5270C847-54C3-180E-9737-1D87A639C450
-47.938717,45.68454,2,5270C847-54C3-180E-9737-1D87A639C450
-46.61071,46.094185,2,5270C847-54C3-180E-9737-1D87A639C450
-46.42648,46.173054,2,5270C847-54C3-180E-9737-1D87A639C450
-43.46508,47.66905,2,5270C847-54C3-180E-9737-1D87A639C450
-43.418697,47.696087,2,5270C847-54C3-180E-9737-1D87A639C450
-33.125736,-16.262611,2,5270C847-54C3-180E-9737-1D87A639C450
-32.7324,-16.932266,2,5270C847-54C3-180E-9737-1D87A639C450
-32.364594,-17.516104,2,5270C847-54C3-180E-9737-1D87A639C450
-32.075058,-18.245169,2,5270C847-54C3-180E-9737-1D87A639C450
-31.648775,-18.531488,2,5270C847-54C3-180E-9737-1D87A639C450
-31.213797,-18.290335,2,5270C847-54C3-180E-9737-1D87A639C450
-46.34748,-5.495877,0,5270C847-54C3-180E-9737-1D87A639C450
-46.421135,-5.8850284,0,5270C847-54C3-180E-9737-1D87A639C450
-46.585464,-6.587407,0,5270C847-54C3-180E-9737-1D87A639C450
-46.75552,-7.117168,0,5270C847-54C3-180E-9737-1D87A639C450
-36.76693,-37.9456,0,5270C847-54C3-180E-9737-1D87A639C450
-37.451004,-38.110577,0,5270C847-54C3-180E-9737-1D87A639C450
4.7176924,53.22196,2,5270C847-54C3-180E-9737-1D87A639C450
4.9131703,53.429504,2,5270C847-54C3-180E-9737-1D87A639C450
5.962617,54.295334,2,5270C847-54C3-180E-9737-1D87A639C450
6.1568294,54.427067,2,5270C847-54C3-180E-9737-1D87A639C450
-25.091114,29.42155,2,5270C847-54C3-180E-9737-1D87A639C450
-25.11566,29.411663,2,5270C847-54C3-180E-9737-1D87A639C450
32.409103,-50.40932,2,5690E95B-9747-B2B5-2EE1-16A72200D5CC
32.359386,-50.446095,2,5690E95B-9747-B2B5-2EE1-16A72200D5CC
21.915188,-57.239143,2,5690E95B-9747-B2B5-2EE1-16A72200D5CC
12.540404,-60.376694,0,5690E95B-9747-B2B5-2EE1-16A72200D5CC
12.280986,-60.7414,0,5690E95B-9747-B2B5-2EE1-16A72200D5CC
12.669673,-61.48362,0,5690E95B-9747-B2B5-2EE1-16A72200D5CC
20.028574,6.902577,2,5690E95B-9747-B2B5-2EE1-16A72200D5CC
19.47365,6.5462284,2,5690E95B-9747-B2B5-2EE1-16A72200D5CC
18.888746,6.239785,2,5690E95B-9747-B2B5-2EE1-16A72200D5CC
17.38683,6.072662,2,5690E95B-9747-B2B5-2EE1-16A72200D5CC
16.794111,6.3351855,1,5690E95B-9747-B2B5-2EE1-16A72200D5CC
16.483845,6.502102,2,5690E95B-9747-B2B5-2EE1-16A72200D5CC
18.625673,-9.201777,0,5690E95B-9747-B2B5-2EE1-16A72200D5CC
18.382318,-9.2464695,0,5690E95B-9747-B2B5-2EE1-16A72200D5CC
17.704346,-9.315108,0,5690E95B-9747-B2B5-2EE1-16A72200D5CC
17.281946,-9.692144,0,5690E95B-9747-B2B5-2EE1-16A72200D5CC
16.31476,-10.801375,0,5690E95B-9747-B2B5-2EE1-16A72200D5CC
16.17586,-10.858942,0,5690E95B-9747-B2B5-2EE1-16A72200D5CC
3.1116562,23.439863,1,5690E95B-9747-B2B5-2EE1-16A72200D5CC
3.6906838,22.991394,1,5690E95B-9747-B2B5-2EE1-16A72200D5CC
4.3771,22.477524,1,5690E95B-9747-B2B5-2EE1-16A72200D5CC
4.9463525,22.167797,1,5690E95B-9747-B2B5-2EE1-16A72200D5CC
5.196649,22.014788,1,5690E95B-9747-B2B5-2EE1-16A72200D5CC
5.9097075,21.512884,1,5690E95B-9747-B2B5-2EE1-16A72200D5CC
44.748833,-29.916468,1,56EF301B-39F0-ED8F-E067-59FB50186E9C
45.094284,-29.988438,1,56EF301B-39F0-ED8F-E067-59FB50186E9C
-21.313465,-10.751689,1,56EF301B-39F0-ED8F-E067-59FB50186E9C
-21.880674,-10.74799,1,56EF301B-39F0-ED8F-E067-59FB50186E9C
-22.19004,-10.74146,1,56EF301B-39F0-ED8F-E067-59FB50186E9C
-22.491646,-10.710485,1,56EF301B-39F0-ED8F-E067-59FB50186E9C
4.8962817,-18.150444,1,56EF301B-39F0-ED8F-E067-59FB50186E9C
4.926914,-18.139727,1,56EF301B-39F0-ED8F-E067-59FB50186E9C
5.6005177,-17.997236,1,56EF301B-39F0-ED8F-E067-59FB50186E9C
6.7032843,-17.721848,2,56EF301B-39F0-ED8F-E067-59FB50186E9C
46.488617,-21.552954,2,56EF301B-39F0-ED8F-E067-59FB50186E9C
46.484932,-21.551922,2,56EF301B-39F0-ED8F-E067-59FB50186E9C
-29.822739,-33.15945,1,56EF301B-39F0-ED8F-E067-59FB50186E9C
-30.095516,-32.96913,1,56EF301B-39F0-ED8F-E067-59FB50186E9C
-30.452465,-32.659668,1,56EF301B-39F0-ED8F-E067-59FB50186E9C
-30.804604,-32.042835,1,56EF301B-39F0-ED8F-E067-59FB50186E9C
-6.4554124,-7.6398044,1,56EF301B-39F0-ED8F-E067-59FB50186E9C
-6.399107,-7.6347156,1,56EF301B-39F0-ED8F-E067-59FB50186E9C
-12.128811,43.058937,1,56EF301B-39F0-ED8F-E067-59FB50186E9C
-12.044052,42.761154,1,56EF301B-39F0-ED8F-E067-59FB50186E9C
-11.988277,42.584305,1,56EF301B-39F0-ED8F-E067-59FB50186E9C
-59.472363,17.15998,0,58CB3C5E-2F5C-31FE-83E8-C6772D99B8D5
-58.886982,17.333893,1,58CB3C5E-2F5C-31FE-83E8-C6772D99B8D5
-58.313095,17.639029,1,58CB3C5E-2F5C-31FE-83E8-C6772D99B8D5
-57.639153,18.692434,1,58CB3C5E-2F5C-31FE-83E8-C6772D99B8D5
-57.392464,19.079865,2,58CB3C5E-2F5C-31FE-83E8-C6772D99B8D5
-36.8138,43.74214,2,58CB3C5E-2F5C-31FE-83E8-C6772D99B8D5
71.7605,-0.9829849,0,58CB3C5E-2F5C-31FE-83E8-C6772D99B8D5
71.42318,-0.44001955,2,58CB3C5E-2F5C-31FE-83E8-C6772D99B8D5
71.25031,-0.18166469,2,58CB3C5E-2F5C-31FE-83E8-C6772D99B8D5
41.95165,29.10304,2,58CB3C5E-2F5C-31FE-83E8-C6772D99B8D5
42.03077,29.360687,2,58CB3C5E-2F5C-31FE-83E8-C6772D99B8D5
42.149185,29.743853,2,58CB3C5E-2F5C-31FE-83E8-C6772D99B8D5
-40.655273,53.58658,2,5E491E0A-C580-29BE-4329-ED7BFF843D0D
-40.10935,53.08154,2,5E491E0A-C580-29BE-4329-ED7BFF843D0D
-39.638176,52.436077,2,5E491E0A-C580-29BE-4329-ED7BFF843D0D
-39.38048,52.146835,0,5E491E0A-C580-29BE-4329-ED7BFF843D0D
-38.7298,52.339622,0,5E491E0A-C580-29BE-4329-ED7BFF843D0D
-38.35678,52.173603,0,5E491E0A-C580-29BE-4329-ED7BFF843D0D
57.718395,13.725388,2,5E491E0A-C580-29BE-4329-ED7BFF843D0D
57.65688,13.658578,2,5E491E0A-C580-29BE-4329-ED7BFF843D0D
57.010895,12.959688,2,5E491E0A-C580-29BE-4329-ED7BFF843D0D
56.64627,12.614288,0,5E491E0A-C580-29BE-4329-ED7BFF843D0D
52.564674,6.984721,0,5E491E0A-C580-29BE-4329-ED7BFF843D0D
52.532833,6.9387465,0,5E491E0A-C580-29BE-4329-ED7BFF843D0D
3.7989707,-65.23435,1,5E491E0A-C580-29BE-4329-ED7BFF843D0D
4.584743,-64.62609,1,5E491E0A-C580-29BE-4329-ED7BFF843D0D
5.392489,-64.057014,1,5E491E0A-C580-29BE-4329-ED7BFF843D0D
5.8198533,-63.79118,1,5E491E0A-C580-29BE-4329-ED7BFF843D0D
6.4642563,-62.71072,1,5E491E0A-C580-29BE-4329-ED7BFF843D0D
6.6521916,-62.27496,1,5E491E0A-C580-29BE-4329-ED7BFF843D0D
6.8597784,-61.83972,1,5E491E0A-C580-29BE-4329-ED7BFF843D0D
6.9755483,-60.706966,1,5E491E0A-C580-29BE-4329-ED7BFF843D0D
6.003948,-58.445145,0,5E491E0A-C580-29BE-4329-ED7BFF843D0D
5.8762937,-58.29582,2,5E491E0A-C580-29BE-4329-ED7BFF843D0D
5.9803605,-57.701714,2,5E491E0A-C580-29BE-4329-ED7BFF843D0D
4.953892,-57.780464,2,5E491E0A-C580-29BE-4329-ED7BFF843D0D
49.77554,-28.51593,2,5E491E0A-C580-29BE-4329-ED7BFF843D0D
49.735214,-28.66729,2,5E491E0A-C580-29BE-4329-ED7BFF843D0D
49.628952,-29.368006,2,5E491E0A-C580-29BE-4329-ED7BFF843D0D
49.34426,-30.174019,1,5E491E0A-C580-29BE-4329-ED7BFF843D0D
48.936005,-31.080177,1,5E491E0A-C580-29BE-4329-ED7BFF843D0D
48.579025,-31.809805,1,5E491E0A-C580-29BE-4329-ED7BFF843D0D
-43.14974,14.849215,1,5F222604-CB86-1ABA-EB7B-31FF78B7BE93
-63.13199,-13.884182,1,5F222604-CB86-1ABA-EB7B-31FF78B7BE93
-63.0448,-14.229934,1,5F222604-CB86-1ABA-EB7B-31FF78B7BE93
-62.925858,-14.773766,2,5F222604-CB86-1ABA-EB7B-31FF78B7BE93
-37.614807,-22.026506,2,5F222604-CB86-1ABA-EB7B-31FF78B7BE93
-37.590866,-20.902868,2,5F222604-CB86-1ABA-EB7B-31FF78B7BE93
-37.538956,-20.074486,2,5F222604-CB86-1ABA-EB7B-31FF78B7BE93
-37.495937,-19.733118,2,5F222604-CB86-1ABA-EB7B-31FF78B7BE93
-37.261982,-18.370764,2,5F222604-CB86-1ABA-EB7B-31FF78B7BE93
-36.90982,-17.592545,2,5F222604-CB86-1ABA-EB7B-31FF78B7BE93
-36.76823,-17.22154,2,5F222604-CB86-1ABA-EB7B-31FF78B7BE93
-36.68008,-16.686735,2,5F222604-CB86-1ABA-EB7B-31FF78B7BE93
33.875507,-39.98034,2,5F222604-CB86-1ABA-EB7B-31FF78B7BE93
33.42048,-40.101902,2,5F222604-CB86-1ABA-EB7B-31FF78B7BE93
33.008896,-40.175167,2,5F222604-CB86-1ABA-EB7B-31FF78B7BE93
29.616625,-38.23977,2,5F222604-CB86-1ABA-EB7B-31FF78B7BE93
29.74576,-37.767685,2,5F222604-CB86-1ABA-EB7B-31FF78B7BE93
29.872686,-37.458138,2,5F222604-CB86-1ABA-EB7B-31FF78B7BE93
-33.33371,-12.425481,1,5F222604-CB86-1ABA-EB7B-31FF78B7BE93
-33.308216,-12.511206,1,5F222604-CB86-1ABA-EB7B-31FF78B7BE93
-33.029045,-13.205073,1,5F222604-CB86-1ABA-EB7B-31FF78B7BE93
-32.795345,-13.709789,2,5F222604-CB86-1ABA-EB7B-31FF78B7BE93
-27.442749,-26.345049,2,5F222604-CB86-1ABA-EB7B-31FF78B7BE93
-27.12633,-25.91898,2,5F222604-CB86-1ABA-EB7B-31FF78B7BE93
-26.76246,-25.33657,2,5F222604-CB86-1ABA-EB7B-31FF78B7BE93
-26.458838,-24.785337,2,5F222604-CB86-1ABA-EB7B-31FF78B7BE93
-25.961397,-24.20634,2,5F222604-CB86-1ABA-EB7B-31FF78B7BE93
-25.543947,-23.911911,2,5F222604-CB86-1ABA-EB7B-31FF78B7BE93
-24.9291,-23.34996,2,5F222604-CB86-1ABA-EB7B-31FF78B7BE93
-24.597229,-22.619488,2,5F222604-CB86-1ABA-EB7B-31FF78B7BE93
31.226194,1.9505935,2,5F222604-CB86-1ABA-EB7B-31FF78B7BE93
31.232555,1.7126067,2,5F222604-CB86-1ABA-EB7B-31FF78B7BE93
31.289152,0.5927486,2,5F222604-CB86-1ABA-EB7B-31FF78B7BE93
32.392864,-0.19109821,2,5F222604-CB86-1ABA-EB7B-31FF78B7BE93
0.4304268,-46.80329,2,5F222604-CB86-1ABA-EB7B-31FF78B7BE93
0.41788197,-46.80804,2,5F222604-CB86-1ABA-EB7B-31FF78B7BE93
15.565865,43.629723,0,623D68EC-1C36-4E39-4317-BE7B59F593D2
15.509808,43.6178,2,623D68EC-1C36-4E39-4317-BE7B59F593D2
13.0025215,41.602898,2,623D68EC-1C36-4E39-4317-BE7B59F593D2
12.832192,41.65761,2,623D68EC-1C36-4E39-4317-BE7B59F593D2
11.99383,41.87655,2,623D68EC-1C36-4E39-4317-BE7B59F593D2
11.865393,41.881187,2,623D68EC-1C36-4E39-4317-BE7B59F593D2
5.793166,-30.063297,0,623D68EC-1C36-4E39-4317-BE7B59F593D2
5.812018,-30.049707,0,623D68EC-1C36-4E39-4317-BE7B59F593D2
64.64558,30.35294,0,623D68EC-1C36-4E39-4317-BE7B59F593D2
64.48775,30.45924,2,623D68EC-1C36-4E39-4317-BE7B59F593D2
64.029236,30.806145,2,623D68EC-1C36-4E39-4317-BE7B59F593D2
63.786846,30.619675,2,623D68EC-1C36-4E39-4317-BE7B59F593D2
51.676105,-4.499636,2,623D68EC-1C36-4E39-4317-BE7B59F593D2
51.92047,-4.525088,2,623D68EC-1C36-4E39-4317-BE7B59F593D2
52.505077,-4.5236077,2,623D68EC-1C36-4E39-4317-BE7B59F593D2
1.2683903,-54.177414,0,623D68EC-1C36-4E39-4317-BE7B59F593D2
1.1454223,-54.09886,0,623D68EC-1C36-4E39-4317-BE7B59F593D2
0.9126538,-53.69752,0,623D68EC-1C36-4E39-4317-BE7B59F593D2
5.8041577,33.67692,2,623D68EC-1C36-4E39-4317-BE7B59F593D2
5.8819976,33.440346,2,623D68EC-1C36-4E39-4317-BE7B59F593D2
6.067208,32.98271,2,623D68EC-1C36-4E39-4317-BE7B59F593D2
15.631329,-5.6874533,2,623D68EC-1C36-4E39-4317-BE7B59F593D2
17.668144,-21.804266,0,623D68EC-1C36-4E39-4317-BE7B59F593D2
9.229811,-32.39815,0,623D68EC-1C36-4E39-4317-BE7B59F593D2
2.8558457,-36.800602,2,623D68EC-1C36-4E39-4317-BE7B59F593D2
3.1129236,-37.536304,0,623D68EC-1C36-4E39-4317-BE7B59F593D2
3.15726,-37.63369,2,623D68EC-1C36-4E39-4317-BE7B59F593D2
71.10591,10.525103,2,62A1F053-1EA8-7433-090E-89D450314F41
72.637794,8.487221,2,62A1F053-1EA8-7433-090E-89D450314F41
72.69683,8.4338665,2,62A1F053-1EA8-7433-090E-89D450314F41
-50.23115,-45.493866,2,62A1F053-1EA8-7433-090E-89D450314F41
-49.3839,-45.321747,0,62A1F053-1EA8-7433-090E-89D450314F41
-49.13487,-45.273907,0,62A1F053-1EA8-7433-090E-89D450314F41
31.570189,31.232395,2,62A1F053-1EA8-7433-090E-89D450314F41
31.593937,31.35625,2,62A1F053-1EA8-7433-090E-89D450314F41
31.615662,32.119816,2,62A1F053-1EA8-7433-090E-89D450314F41
-23.020697,35.945232,2,62A1F053-1EA8-7433-090E-89D450314F41
-22.25303,36.102123,2,62A1F053-1EA8-7433-090E-89D450314F41
-21.84664,36.221317,2,62A1F053-1EA8-7433-090E-89D450314F41
-3.5423846,-41.152084,2,62A1F053-1EA8-7433-090E-89D450314F41
-2.925403,-41.42458,2,62A1F053-1EA8-7433-090E-89D450314F41
-2.529741,-41.537838,2,62A1F053-1EA8-7433-090E-89D450314F41
-1.1649817,-41.593647,1,62A1F053-1EA8-7433-090E-89D450314F41
-1.0259086,-41.711643,1,62A1F053-1EA8-7433-090E-89D450314F41
45.20327,-18.243483,1,62A1F053-1EA8-7433-090E-89D450314F41
44.252403,45.197777,2,62A1F053-1EA8-7433-090E-89D450314F41
43.766853,44.72339,2,62A1F053-1EA8-7433-090E-89D450314F41
43.390984,44.31658,2,62A1F053-1EA8-7433-090E-89D450314F41
43.31774,44.247902,2,62A1F053-1EA8-7433-090E-89D450314F41
42.896046,43.79584,2,62A1F053-1EA8-7433-090E-89D450314F41
-0.8898044,41.977123,2,62A1F053-1EA8-7433-090E-89D450314F41
79.85751,19.705584,2,647C581E-E72F-0765-F94A-065909B99374
79.85324,19.682604,2,647C581E-E72F-0765-F94A-065909B99374
79.83957,19.089024,1,647C581E-E72F-0765-F94A-065909B99374
79.60986,17.796383,1,647C581E-E72F-0765-F94A-065909B99374
79.41329,17.156483,1,647C581E-E72F-0765-F94A-065909B99374
79.15699,16.366392,2,647C581E-E72F-0765-F94A-065909B99374
-25.13673,-1.1391133,0,66E9719B-D383-AA87-7FAB-D9B4ABE7011C
-25.280201,-0.33995453,0,66E9719B-D383-AA87-7FAB-D9B4ABE7011C
-25.636702,0.7899554,2,66E9719B-D383-AA87-7FAB-D9B4ABE7011C
-26.053343,1.585667,2,66E9719B-D383-AA87-7FAB-D9B4ABE7011C
-26.407656,1.9518927,2,66E9719B-D383-AA87-7FAB-D9B4ABE7011C
-26.854635,2.2243047,2,66E9719B-D383-AA87-7FAB-D9B4ABE7011C
-27.260021,2.4164546,2,66E9719B-D383-AA87-7FAB-D9B4ABE7011C
-28.169775,2.484822,2,66E9719B-D383-AA87-7FAB-D9B4ABE7011C
-11.218344,-19.429396,0,66E9719B-D383-AA87-7FAB-D9B4ABE7011C
-10.124462,-19.902878,0,66E9719B-D383-AA87-7FAB-D9B4ABE7011C
-9.900913,-20.001768,2,66E9719B-D383-AA87-7FAB-D9B4ABE7011C
-9.474569,-20.139582,2,66E9719B-D383-AA87-7FAB-D9B4ABE7011C
16.953068,27.579,2,66E9719B-D383-AA87-7FAB-D9B4ABE7011C
16.947458,27.572763,0,66E9719B-D383-AA87-7FAB-D9B4ABE7011C
-50.85797,-26.74574,0,66E9719B-D383-AA87-7FAB-D9B4ABE7011C
-50.443726,-27.533747,0,66E9719B-D383-AA87-7FAB-D9B4ABE7011C
-49.748997,-27.852608,0,66E9719B-D383-AA87-7FAB-D9B4ABE7011C
-41.184917,-34.502003,0,66E9719B-D383-AA87-7FAB-D9B4ABE7011C
15.300103,-1.6464566,0,66E9719B-D383-AA87-7FAB-D9B4ABE7011C
16.43468,-1.3111806,0,66E9719B-D383-AA87-7FAB-D9B4ABE7011C
17.033377,-0.9880868,2,66E9719B-D383-AA87-7FAB-D9B4ABE7011C
18.292086,0.083472356,2,66E9719B-D383-AA87-7FAB-D9B4ABE7011C
18.87783,0.21007001,2,66E9719B-D383-AA87-7FAB-D9B4ABE7011C
19.530603,0.0011461645,2,66E9719B-D383-AA87-7FAB-D9B4ABE7011C
20.290058,-0.58718556,2,66E9719B-D383-AA87-7FAB-D9B4ABE7011C
20.382046,-0.9721584,2,66E9719B-D383-AA87-7FAB-D9B4ABE7011C
20.741858,-1.5249891,2,66E9719B-D383-AA87-7FAB-D9B4ABE7011C
21.034695,-2.149,2,66E9719B-D383-AA87-7FAB-D9B4ABE7011C
21.186584,-2.8908439,0,66E9719B-D383-AA87-7FAB-D9B4ABE7011C
20.994272,-3.6112666,0,66E9719B-D383-AA87-7FAB-D9B4ABE7011C
11.35367,-1.4178852,2,66E9719B-D383-AA87-7FAB-D9B4ABE7011C
11.34693,-1.3958939,2,66E9719B-D383-AA87-7FAB-D9B4ABE7011C
41.694824,0.57403255,2,68339CF4-6AFB-7EFB-40EA-238612F8E5A4
41.490063,0.2436663,2,68339CF4-6AFB-7EFB-40EA-238612F8E5A4
41.137207,-0.41296226,2,68339CF4-6AFB-7EFB-40EA-238612F8E5A4
40.932972,-0.6988502,2,68339CF4-6AFB-7EFB-40EA-238612F8E5A4
-29.846779,16.93723,0,68339CF4-6AFB-7EFB-40EA-238612F8E5A4
-30.440176,17.296087,0,68339CF4-6AFB-7EFB-40EA-238612F8E5A4
12.314077,-68.1057,2,68339CF4-6AFB-7EFB-40EA-238612F8E5A4
12.184478,-67.898544,2,68339CF4-6AFB-7EFB-40EA-238612F8E5A4
11.817697,-67.34746,2,68339CF4-6AFB-7EFB-40EA-238612F8E5A4
11.364797,-66.856964,2,68339CF4-6AFB-7EFB-40EA-238612F8E5A4
11.228121,-66.50053,0,68339CF4-6AFB-7EFB-40EA-238612F8E5A4
11.631295,-58.040047,0,68339CF4-6AFB-7EFB-40EA-238612F8E5A4
47.810917,-17.877567,2,68339CF4-6AFB-7EFB-40EA-238612F8E5A4
47.565914,-17.74044,2,68339CF4-6AFB-7EFB-40EA-238612F8E5A4
28.336123,-7.9077406,2,68339CF4-6AFB-7EFB-40EA-238612F8E5A4
28.164017,-7.872548,2,68339CF4-6AFB-7EFB-40EA-238612F8E5A4
-0.20696308,-14.423048,2,68339CF4-6AFB-7EFB-40EA-238612F8E5A4
-0.66639,-14.578435,2,68339CF4-6AFB-7EFB-40EA-238612F8E5A4
-71.20832,1.0333549,1,68339CF4-6AFB-7EFB-40EA-238612F8E5A4
-71.24204,1.5119226,0,68339CF4-6AFB-7EFB-40EA-238612F8E5A4
-71.452095,2.440931,0,68339CF4-6AFB-7EFB-40EA-238612F8E5A4
-59.93332,6.635008,0,68339CF4-6AFB-7EFB-40EA-238612F8E5A4
-59.904922,6.61096,0,68339CF4-6AFB-7EFB-40EA-238612F8E5A4
-8.373717,22.31063,0,6B1E25A6-882B-DDD7-CE4F-4EC17A0906CF
-8.386351,23.704638,0,6B1E25A6-882B-DDD7-CE4F-4EC17A0906CF
-8.157795,24.287048,0,6B1E25A6-882B-DDD7-CE4F-4EC17A0906CF
-7.9430676,24.801828,0,6B1E25A6-882B-DDD7-CE4F-4EC17A0906CF
-7.8900156,24.917875,2,6B1E25A6-882B-DDD7-CE4F-4EC17A0906CF
-7.8206487,25.662783,2,6B1E25A6-882B-DDD7-CE4F-4EC17A0906CF
18.91157,35.88817,2,6B1E25A6-882B-DDD7-CE4F-4EC17A0906CF
18.00263,35.869057,0,6B1E25A6-882B-DDD7-CE4F-4EC17A0906CF
17.819149,35.85228,0,6B1E25A6-882B-DDD7-CE4F-4EC17A0906CF
16.924292,35.572582,0,6B1E25A6-882B-DDD7-CE4F-4EC17A0906CF
-2.6200802,-51.60731,0,6B1E25A6-882B-DDD7-CE4F-4EC17A0906CF
-2.6599524,-51.62963,0,6B1E25A6-882B-DDD7-CE4F-4EC17A0906CF
1.2490783,-40.132286,0,6B1E25A6-882B-DDD7-CE4F-4EC17A0906CF
70.16079,-18.753778,0,6B1E25A6-882B-DDD7-CE4F-4EC17A0906CF
70.41421,-18.389593,0,6B1E25A6-882B-DDD7-CE4F-4EC17A0906CF
70.96546,-17.640097,2,6B1E25A6-882B-DDD7-CE4F-4EC17A0906CF
71.848785,-16.648777,2,6B1E25A6-882B-DDD7-CE4F-4EC17A0906CF
71.948845,-16.545448,2,6B1E25A6-882B-DDD7-CE4F-4EC17A0906CF
-31.250713,-28.518814,1,6B690AF9-8440-1C43-B353-FA85266AA12C
-31.632698,-28.51445,1,6B690AF9-8440-1C43-B353-FA85266AA12C
-24.729092,19.726593,1,6B690AF9-8440-1C43-B353-FA85266AA12C
-26.042702,20.035763,1,6B690AF9-8440-1C43-B353-FA85266AA12C
-25.209955,20.766594,1,6B690AF9-8440-1C43-B353-FA85266AA12C
-25.158445,20.512259,1,6B690AF9-8440-1C43-B353-FA85266AA12C
29.703953,-12.145141,1,6B690AF9-8440-1C43-B353-FA85266AA12C
29.705463,-12.141729,1,6B690AF9-8440-1C43-B353-FA85266AA12C
34.701817,44.4862,1,6B690AF9-8440-1C43-B353-FA85266AA12C
34.466095,44.938877,1,6B690AF9-8440-1C43-B353-FA85266AA12C
34.240917,45.398952,1,6B690AF9-8440-1C43-B353-FA85266AA12C
34.0335,45.796066,2,6B690AF9-8440-1C43-B353-FA85266AA12C
-48.585762,33.335426,2,6C9454F6-2AA4-4C25-0387-C6CA7AFC4C13
-48.14819,33.443268,2,6C9454F6-2AA4-4C25-0387-C6CA7AFC4C13
-46.621708,33.741547,2,6C9454F6-2AA4-4C25-0387-C6CA7AFC4C13
-45.771156,33.96728,2,6C9454F6-2AA4-4C25-0387-C6CA7AFC4C13
-45.434658,33.86216,2,6C9454F6-2AA4-4C25-0387-C6CA7AFC4C13
-44.705597,33.786655,2,6C9454F6-2AA4-4C25-0387-C6CA7AFC4C13
-31.359205,-2.9357288,2,6C9454F6-2AA4-4C25-0387-C6CA7AFC4C13
-31.423637,-3.0703466,0,6C9454F6-2AA4-4C25-0387-C6CA7AFC4C13
-34.32604,-23.99712,0,6C9454F6-2AA4-4C25-0387-C6CA7AFC4C13
-34.02176,-24.571802,0,6C9454F6-2AA4-4C25-0387-C6CA7AFC4C13
-34.18613,-25.135096,0,6C9454F6-2AA4-4C25-0387-C6CA7AFC4C13
-34.084824,-25.782242,0,6C9454F6-2AA4-4C25-0387-C6CA7AFC4C13
15.94374,-39.547626,0,6C9454F6-2AA4-4C25-0387-C6CA7AFC4C13
15.836641,-52.36958,0,6C9454F6-2AA4-4C25-0387-C6CA7AFC4C13
47.413048,-11.081385,0,6C9454F6-2AA4-4C25-0387-C6CA7AFC4C13
55.309048,2.8086953,2,6C9454F6-2AA4-4C25-0387-C6CA7AFC4C13
55.837307,2.9037328,2,6C9454F6-2AA4-4C25-0387-C6CA7AFC4C13
56.06274,2.9677625,2,6C9454F6-2AA4-4C25-0387-C6CA7AFC4C13
-11.69903,-50.74945,0,6C9454F6-2AA4-4C25-0387-C6CA7AFC4C13
-11.752629,-50.50234,0,6C9454F6-2AA4-4C25-0387-C6CA7AFC4C13
-11.633625,-49.61873,0,6C9454F6-2AA4-4C25-0387-C6CA7AFC4C13
11.212496,-20.742426,0,6C9454F6-2AA4-4C25-0387-C6CA7AFC4C13
11.2582245,-20.631704,2,6C9454F6-2AA4-4C25-0387-C6CA7AFC4C13
19.801443,13.960225,2,6C9454F6-2AA4-4C25-0387-C6CA7AFC4C13
-2.3800595,-25.968927,2,6C9454F6-2AA4-4C25-0387-C6CA7AFC4C13
-2.3879008,-25.965843,2,6C9454F6-2AA4-4C25-0387-C6CA7AFC4C13
-1.9531982,-26.457222,0,6C9454F6-2AA4-4C25-0387-C6CA7AFC4C13
33.1445,8.8440485,2,6E42D32E-048C-D829-197E-7950E78F58CB
33.776817,8.618942,2,6E42D32E-048C-D829-197E-7950E78F58CB
34.631207,8.389046,2,6E42D32E-048C-D829-197E-7950E78F58CB
35.231384,7.935001,2,6E42D32E-048C-D829-197E-7950E78F58CB
35.602776,7.416543,0,6E42D32E-048C-D829-197E-7950E78F58CB
35.71582,7.277175,0,6E42D32E-048C-D829-197E-7950E78F58CB
6.7798834,-50.847248,2,6E42D32E-048C-D829-197E-7950E78F58CB
7.0160756,-50.96851,2,6E42D32E-048C-D829-197E-7950E78F58CB
8.617176,-51.692806,1,6E42D32E-048C-D829-197E-7950E78F58CB
8.695541,-51.688183,1,6E42D32E-048C-D829-197E-7950E78F58CB
66.730255,-3.9205723,1,6E42D32E-048C-D829-197E-7950E78F58CB
66.78024,-3.9244053,2,6E42D32E-048C-D829-197E-7950E78F58CB
12.148068,-52.406982,1,6E42D32E-048C-D829-197E-7950E78F58CB
12.534607,-53.436214,1,6E42D32E-048C-D829-197E-7950E78F58CB
13.5646515,-54.23294,1,6E42D32E-048C-D829-197E-7950E78F58CB
14.278687,-54.42117,1,6E42D32E-048C-D829-197E-7950E78F58CB
14.816827,-54.493843,1,6E42D32E-048C-D829-197E-7950E78F58CB
15.61551,-54.541813,1,6E42D32E-048C-D829-197E-7950E78F58CB
4.6209984,41.350758,2,6E42D32E-048C-D829-197E-7950E78F58CB
4.739448,41.31503,2,6E42D32E-048C-D829-197E-7950E78F58CB
29.723492,25.900864,2,6E42D32E-048C-D829-197E-7950E78F58CB
29.53268,25.799963,2,6E42D32E-048C-D829-197E-7950E78F58CB
28.103622,25.033775,2,6E42D32E-048C-D829-197E-7950E78F58CB
27.936419,24.772911,2,6E42D32E-048C-D829-197E-7950E78F58CB
27.695288,24.552868,1,6E42D32E-048C-D829-197E-7950E78F58CB
27.19755,24.067505,1,6E42D32E-048C-D829-197E-7950E78F58CB
3.6116202,-14.528774,1,6E42D32E-048C-D829-197E-7950E78F58CB
3.2636793,-14.78309,1,6E42D32E-048C-D829-197E-7950E78F58CB
2.9598625,-14.98491,0,6E42D32E-048C-D829-197E-7950E78F58CB
-24.455053,-60.794212,0,6E42D32E-048C-D829-197E-7950E78F58CB
-24.918901,-60.263386,0,6E42D32E-048C-D829-197E-7950E78F58CB
-24.8473,-60.350903,0,6E42D32E-048C-D829-197E-7950E78F58CB
-6.0094595,-32.70604,0,6E42D32E-048C-D829-197E-7950E78F58CB
-6.347529,-32.69667,0,6E42D32E-048C-D829-197E-7950E78F58CB
-7.7209687,-32.703987,1,6E42D32E-048C-D829-197E-7950E78F58CB
-8.074889,-32.69286,1,6E42D32E-048C-D829-197E-7950E78F58CB
-3.8364663,-55.507587,0,6E42D32E-048C-D829-197E-7950E78F58CB
-4.1835933,-55.591953,0,6E42D32E-048C-D829-197E-7950E78F58CB
-4.7523584,-55.656075,1,6E42D32E-048C-D829-197E-7950E78F58CB
-5.168334,-55.867695,1,6E42D32E-048C-D829-197E-7950E78F58CB
-4.8583364,-56.2243,1,6E42D32E-048C-D829-197E-7950E78F58CB
-18.191357,-60.6595,1,6E42D32E-048C-D829-197E-7950E78F58CB
-23.780737,-69.25077,0,70432028-81AF-D67A-251E-D2F807AB93CF
-23.64446,-69.12764,0,70432028-81AF-D67A-251E-D2F807AB93CF
-22.578285,-67.97357,0,70432028-81AF-D67A-251E-D2F807AB93CF
-22.115162,-67.32307,0,70432028-81AF-D67A-251E-D2F807AB93CF
-22.033434,-67.39955,0,70432028-81AF-D67A-251E-D2F807AB93CF
-20.806952,-68.693306,0,70432028-81AF-D67A-251E-D2F807AB93CF
-55.0598,8.886794,0,70432028-81AF-D67A-251E-D2F807AB93CF
-54.96358,8.7971,0,70432028-81AF-D67A-251E-D2F807AB93CF
-42.94261,4.2569075,0,70432028-81AF-D67A-251E-D2F807AB93CF
-42.388443,3.8392434,0,70432028-81AF-D67A-251E-D2F807AB93CF
-42.19596,3.6713312,0,70432028-81AF-D67A-251E-D2F807AB93CF
-41.965797,3.447942,0,70432028-81AF-D67A-251E-D2F807AB93CF
-32.466957,-20.638037,1,718078D1-70DB-2916-366D-1119A22DCD7F
-27.79572,-37.161034,0,718078D1-70DB-2916-366D-1119A22DCD7F
-27.543629,-37.537113,0,718078D1-70DB-2916-366D-1119A22DCD7F
-27.173218,-38.000385,0,718078D1-70DB-2916-366D-1119A22DCD7F
-26.465761,-38.65601,0,718078D1-70DB-2916-366D-1119A22DCD7F
-26.137367,-38.953953,0,718078D1-70DB-2916-366D-1119A22DCD7F
69.43575,10.953463,2,718078D1-70DB-2916-366D-1119A22DCD7F
69.40761,10.927665,2,718078D1-70DB-2916-366D-1119A22DCD7F
68.56491,10.557356,2,718078D1-70DB-2916-366D-1119A22DCD7F
68.09958,10.335444,0,718078D1-70DB-2916-366D-1119A22DCD7F
-22.755013,25.989056,0,718078D1-70DB-2916-366D-1119A22DCD7F
-63.529095,2.3032863,0,718078D1-70DB-2916-366D-1119A22DCD7F
-63.590065,13.790605,0,718078D1-70DB-2916-366D-1119A22DCD7F
-63.494797,14.151207,0,718078D1-70DB-2916-366D-1119A22DCD7F
-63.107594,15.262368,0,718078D1-70DB-2916-366D-1119A22DCD7F
-63.227283,16.116705,0,718078D1-70DB-2916-366D-1119A22DCD7F
-63.2212,16.63918,0,718078D1-70DB-2916-366D-1119A22DCD7F
-63.213093,16.992176,0,718078D1-70DB-2916-366D-1119A22DCD7F
-18.552818,-21.72303,1,718078D1-70DB-2916-366D-1119A22DCD7F
-18.511631,-21.596588,2,718078D1-70DB-2916-366D-1119A22DCD7F
-6.7726355,-4.018844,2,718078D1-70DB-2916-366D-1119A22DCD7F
-6.4453554,-3.3821607,2,718078D1-70DB-2916-366D-1119A22DCD7F
-6.292416,-3.0854268,2,718078D1-70DB-2916-366D-1119A22DCD7F
-6.0891056,-2.684067,2,718078D1-70DB-2916-366D-1119A22DCD7F
-21.229315,31.733238,2,72B642AD-2D4A-574F-05EC-EC93C0C52335
-5.7629733,-27.21171,2,72B642AD-2D4A-574F-05EC-EC93C0C52335
-5.768907,-27.260551,2,72B642AD-2D4A-574F-05EC-EC93C0C52335
-33.892452,-21.314684,2,72B642AD-2D4A-574F-05EC-EC93C0C52335
-33.948975,-21.512333,1,72B642AD-2D4A-574F-05EC-EC93C0C52335
5.120413,-33.49716,2,72B642AD-2D4A-574F-05EC-EC93C0C52335
55.17872,-7.1125994,2,72B642AD-2D4A-574F-05EC-EC93C0C52335
55.058617,-7.2861476,2,72B642AD-2D4A-574F-05EC-EC93C0C52335
54.093742,-7.65672,2,72B642AD-2D4A-574F-05EC-EC93C0C52335
53.584526,-7.7342033,1,72B642AD-2D4A-574F-05EC-EC93C0C52335
52.99541,-7.6785502,1,72B642AD-2D4A-574F-05EC-EC93C0C52335
51.700607,-7.565479,1,72B642AD-2D4A-574F-05EC-EC93C0C52335
51.21829,-7.5223513,1,72B642AD-2D4A-574F-05EC-EC93C0C52335
23.485868,-60.31097,1,72B642AD-2D4A-574F-05EC-EC93C0C52335
23.490355,-60.84291,1,72B642AD-2D4A-574F-05EC-EC93C0C52335
23.600803,-61.384842,1,72B642AD-2D4A-574F-05EC-EC93C0C52335
23.77753,-61.81263,1,72B642AD-2D4A-574F-05EC-EC93C0C52335
24.218466,-62.12222,1,72B642AD-2D4A-574F-05EC-EC93C0C52335
11.654713,-44.43358,2,72B642AD-2D4A-574F-05EC-EC93C0C52335
12.771342,-44.693226,1,72B642AD-2D4A-574F-05EC-EC93C0C52335
13.613609,-43.78578,1,72B642AD-2D4A-574F-05EC-EC93C0C52335
13.549238,-43.3918,1,72B642AD-2D4A-574F-05EC-EC93C0C52335
12.623402,-42.944683,2,72B642AD-2D4A-574F-05EC-EC93C0C52335
12.585698,-42.895405,2,72B642AD-2D4A-574F-05EC-EC93C0C52335
21.327911,3.1450784,2,72B642AD-2D4A-574F-05EC-EC93C0C52335
21.518915,3.2300885,2,72B642AD-2D4A-574F-05EC-EC93C0C52335
22.762886,3.8962126,2,72B642AD-2D4A-574F-05EC-EC93C0C52335
22.894402,4.2410913,2,72B642AD-2D4A-574F-05EC-EC93C0C52335
22.965755,4.8558426,2,72B642AD-2D4A-574F-05EC-EC93C0C52335
23.28134,6.074434,2,72B642AD-2D4A-574F-05EC-EC93C0C52335
53.175365,15.632417,2,7417E7AB-C723-0958-F8EE-DDA4DED65165
53.432293,15.495698,0,7417E7AB-C723-0958-F8EE-DDA4DED65165
53.63873,15.39253,0,7417E7AB-C723-0958-F8EE-DDA4DED65165
21.959923,49.158756,0,7417E7AB-C723-0958-F8EE-DDA4DED65165
21.179705,49.382954,0,7417E7AB-C723-0958-F8EE-DDA4DED65165
20.989996,49.443058,2,7417E7AB-C723-0958-F8EE-DDA4DED65165
19.667074,-61.187973,0,7417E7AB-C723-0958-F8EE-DDA4DED65165
19.80543,-61.646255,0,7417E7AB-C723-0958-F8EE-DDA4DED65165
19.837524,-62.984783,0,7417E7AB-C723-0958-F8EE-DDA4DED65165
19.801888,-63.616707,0,7417E7AB-C723-0958-F8EE-DDA4DED65165
18.590975,-62.604103,0,7417E7AB-C723-0958-F8EE-DDA4DED65165
18.399885,-62.61945,0,7417E7AB-C723-0958-F8EE-DDA4DED65165
-23.63104,-6.2112327,1,7417E7AB-C723-0958-F8EE-DDA4DED65165
-23.62621,-6.068203,1,7417E7AB-C723-0958-F8EE-DDA4DED65165
-23.56565,-6.8463173,2,7417E7AB-C723-0958-F8EE-DDA4DED65165
32.235336,23.829771,2,7417E7AB-C723-0958-F8EE-DDA4DED65165
32.56475,24.475416,2,7417E7AB-C723-0958-F8EE-DDA4DED65165
32.61167,24.602442,2,7417E7AB-C723-0958-F8EE-DDA4DED65165
23.29036,19.455507,2,761D024F-3C62-5326-601A-88D436C7726A
23.322426,19.799007,2,761D024F-3C62-5326-601A-88D436C7726A
23.203901,20.380737,2,761D024F-3C62-5326-601A-88D436C7726A
22.937498,21.070879,2,761D024F-3C62-5326-601A-88D436C7726A
22.606735,21.600174,1,761D024F-3C62-5326-601A-88D436C7726A
21.849087,22.247402,2,761D024F-3C62-5326-601A-88D436C7726A
-13.787194,-1.2952069,0,761D024F-3C62-5326-601A-88D436C7726A
-13.657427,-0.727801,0,761D024F-3C62-5326-601A-88D436C7726A
-13.429263,0.40593964,0,761D024F-3C62-5326-601A-88D436C7726A
-13.332237,0.9283774,2,761D024F-3C62-5326-601A-88D436C7726A
-13.173487,1.4986067,2,761D024F-3C62-5326-601A-88D436C7726A
-13.219652,1.6504298,2,761D024F-3C62-5326-601A-88D436C7726A
-5.9666495,6.2910666,2,761D024F-3C62-5326-601A-88D436C7726A
-6.1648464,6.2446933,2,761D024F-3C62-5326-601A-88D436C7726A
-8.156196,5.7335787,2,761D024F-3C62-5326-601A-88D436C7726A
-8.53196,5.653853,2,761D024F-3C62-5326-601A-88D436C7726A
-8.762862,5.6374354,2,761D024F-3C62-5326-601A-88D436C7726A
-9.381348,5.522,2,761D024F-3C62-5326-601A-88D436C7726A
-2.026215,15.284076,2,761D024F-3C62-5326-601A-88D436C7726A
-1.8085963,16.082401,2,761D024F-3C62-5326-601A-88D436C7726A
-1.75289,16.749401,2,761D024F-3C62-5326-601A-88D436C7726A
-1.3675946,17.22592,2,761D024F-3C62-5326-601A-88D436C7726A
-1.2996973,17.55765,2,761D024F-3C62-5326-601A-88D436C7726A
-3.0727806,17.37913,2,761D024F-3C62-5326-601A-88D436C7726A
-20.882513,48.208538,2,772BA0E9-AC30-CEA6-AA1B-18A0300702AA
-20.061934,48.558746,2,772BA0E9-AC30-CEA6-AA1B-18A0300702AA
-19.32761,48.954765,2,772BA0E9-AC30-CEA6-AA1B-18A0300702AA
-18.6327,49.351196,0,772BA0E9-AC30-CEA6-AA1B-18A0300702AA
-18.284567,49.605495,0,772BA0E9-AC30-CEA6-AA1B-18A0300702AA
-17.942453,49.8789,0,772BA0E9-AC30-CEA6-AA1B-18A0300702AA
-10.4475765,-43.368385,0,772BA0E9-AC30-CEA6-AA1B-18A0300702AA
-10.504576,-43.412724,0,772BA0E9-AC30-CEA6-AA1B-18A0300702AA
-0.21784115,37.85088,2,772BA0E9-AC30-CEA6-AA1B-18A0300702AA
-0.00573532,38.003674,2,772BA0E9-AC30-CEA6-AA1B-18A0300702AA
1.2651056,39.111202,2,772BA0E9-AC30-CEA6-AA1B-18A0300702AA
1.3000702,39.17606,2,772BA0E9-AC30-CEA6-AA1B-18A0300702AA
24.428291,-57.173927,1,772BA0E9-AC30-CEA6-AA1B-18A0300702AA
24.26836,-54.87463,1,772BA0E9-AC30-CEA6-AA1B-18A0300702AA
24.194996,-54.770588,1,772BA0E9-AC30-CEA6-AA1B-18A0300702AA
16.456924,-3.5116954,1,772BA0E9-AC30-CEA6-AA1B-18A0300702AA
16.715464,-4.9412293,0,772BA0E9-AC30-CEA6-AA1B-18A0300702AA
16.814436,-5.058583,0,772BA0E9-AC30-CEA6-AA1B-18A0300702AA
57.257576,27.31093,2,772BA0E9-AC30-CEA6-AA1B-18A0300702AA
57.49007,27.771896,1,772BA0E9-AC30-CEA6-AA1B-18A0300702AA
57.4915,27.768427,1,772BA0E9-AC30-CEA6-AA1B-18A0300702AA
37.234833,-58.64363,2,77F6B31E-B228-3C6D-A66F-E7E6FDED3587
37.112656,-58.283714,2,77F6B31E-B228-3C6D-A66F-E7E6FDED3587
36.86459,-57.509987,1,77F6B31E-B228-3C6D-A66F-E7E6FDED3587
36.566742,-56.66852,1,77F6B31E-B228-3C6D-A66F-E7E6FDED3587
36.75107,-56.223335,2,77F6B31E-B228-3C6D-A66F-E7E6FDED3587
49.148613,40.924534,2,77F6B31E-B228-3C6D-A66F-E7E6FDED3587
48.539852,40.748978,2,77F6B31E-B228-3C6D-A66F-E7E6FDED3587
47.390194,40.420067,2,77F6B31E-B228-3C6D-A66F-E7E6FDED3587
46.59764,40.178734,2,77F6B31E-B228-3C6D-A66F-E7E6FDED3587
45.98732,40.06001,2,77F6B31E-B228-3C6D-A66F-E7E6FDED3587
45.809338,40.046024,2,77F6B31E-B228-3C6D-A66F-E7E6FDED3587
44.317944,39.303474,2,77F6B31E-B228-3C6D-A66F-E7E6FDED3587
44.00314,39.107304,1,77F6B31E-B228-3C6D-A66F-E7E6FDED3587
42.574783,37.76524,1,77F6B31E-B228-3C6D-A66F-E7E6FDED3587
42.007587,37.040157,2,77F6B31E-B228-3C6D-A66F-E7E6FDED3587
41.854523,36.415817,2,77F6B31E-B228-3C6D-A66F-E7E6FDED3587
41.823086,34.685627,2,77F6B31E-B228-3C6D-A66F-E7E6FDED3587
41.812027,34.610985,2,77F6B31E-B228-3C6D-A66F-E7E6FDED3587
1.2409784,-10.297923,1,77F6B31E-B228-3C6D-A66F-E7E6FDED3587
1.1260408,-10.451888,1,77F6B31E-B228-3C6D-A66F-E7E6FDED3587
0.8119805,-10.839056,1,77F6B31E-B228-3C6D-A66F-E7E6FDED3587
-24.955765,-48.119038,1,77F6B31E-B228-3C6D-A66F-E7E6FDED3587
-25.294258,-47.826763,1,77F6B31E-B228-3C6D-A66F-E7E6FDED3587
-25.425,-47.706184,1,77F6B31E-B228-3C6D-A66F-E7E6FDED3587
-15.799521,-51.09013,2,77F6B31E-B228-3C6D-A66F-E7E6FDED3587
-15.4546175,-52.597717,2,77F6B31E-B228-3C6D-A66F-E7E6FDED3587
-16.378511,-59.383316,2,77F6B31E-B228-3C6D-A66F-E7E6FDED3587
-48.75699,30.323626,1,7B8B31F4-FFC3-7A4E-3EAF-78D5CA8ACB61
-48.526867,30.421352,2,7B8B31F4-FFC3-7A4E-3EAF-78D5CA8ACB61
-47.762966,30.72463,2,7B8B31F4-FFC3-7A4E-3EAF-78D5CA8ACB61
-47.367046,30.712381,2,7B8B31F4-FFC3-7A4E-3EAF-78D5CA8ACB61
-28.56642,-3.1566973,2,7B8B31F4-FFC3-7A4E-3EAF-78D5CA8ACB61
-28.304642,-3.5544312,2,7B8B31F4-FFC3-7A4E-3EAF-78D5CA8ACB61
23.620157,26.051502,2,7B8B31F4-FFC3-7A4E-3EAF-78D5CA8ACB61
23.504026,25.18198,2,7B8B31F4-FFC3-7A4E-3EAF-78D5CA8ACB61
23.480225,25.014036,2,7B8B31F4-FFC3-7A4E-3EAF-78D5CA8ACB61
-26.3742,25.317217,2,7B8B31F4-FFC3-7A4E-3EAF-78D5CA8ACB61
-26.485287,25.248758,1,7B8B31F4-FFC3-7A4E-3EAF-78D5CA8ACB61
-27.33348,24.82016,1,7B8B31F4-FFC3-7A4E-3EAF-78D5CA8ACB61
44.24117,8.659719,2,7B8B31F4-FFC3-7A4E-3EAF-78D5CA8ACB61
44.246017,8.82392,2,7B8B31F4-FFC3-7A4E-3EAF-78D5CA8ACB61
44.25198,9.002018,2,7B8B31F4-FFC3-7A4E-3EAF-78D5CA8ACB61
19.432285,-38.140694,2,7B8B31F4-FFC3-7A4E-3EAF-78D5CA8ACB61
7.2748976,-20.527134,1,7B8B31F4-FFC3-7A4E-3EAF-78D5CA8ACB61
7.27915,-20.513494,2,7B8B31F4-FFC3-7A4E-3EAF-78D5CA8ACB61
-11.528087,-37.884983,1,7B8B31F4-FFC3-7A4E-3EAF-78D5CA8ACB61
-11.20405,-37.796745,2,7B8B31F4-FFC3-7A4E-3EAF-78D5CA8ACB61
-10.049581,-36.717785,2,7B8B31F4-FFC3-7A4E-3EAF-78D5CA8ACB61
-9.959599,-36.617416,2,7B8B31F4-FFC3-7A4E-3EAF-78D5CA8ACB61
37.70323,22.66326,2,7B8B31F4-FFC3-7A4E-3EAF-78D5CA8ACB61
37.845657,22.615807,2,7B8B31F4-FFC3-7A4E-3EAF-78D5CA8ACB61
-10.952891,-73.160645,0,7DC9729F-BA27-3831-6078-F8508766396A
-10.854128,-73.043625,0,7DC9729F-BA27-3831-6078-F8508766396A
-10.626084,-72.69188,0,7DC9729F-BA27-3831-6078-F8508766396A
-10.099796,-71.89157,0,7DC9729F-BA27-3831-6078-F8508766396A
-9.524122,-71.076294,0,7DC9729F-BA27-3831-6078-F8508766396A
-19.882538,-64.301216,0,7DC9729F-BA27-3831-6078-F8508766396A
1.0111213,5.847043,0,7DC9729F-BA27-3831-6078-F8508766396A
1.0016792,6.0145836,2,7DC9729F-BA27-3831-6078-F8508766396A
0.91365284,6.774784,2,7DC9729F-BA27-3831-6078-F8508766396A
0.6196448,8.0333185,2,7DC9729F-BA27-3831-6078-F8508766396A
0.49405697,8.339831,2,7DC9729F-BA27-3831-6078-F8508766396A
0.07382307,9.103281,2,7DC9729F-BA27-3831-6078-F8508766396A
-16.997833,-8.512593,2,7DC9729F-BA27-3831-6078-F8508766396A
-17.496027,-8.839078,2,7DC9729F-BA27-3831-6078-F8508766396A
-17.985552,-9.139999,0,7DC9729F-BA27-3831-6078-F8508766396A
-27.086964,-52.17129,0,7DC9729F-BA27-3831-6078-F8508766396A
-27.112104,-52.144196,0,7DC9729F-BA27-3831-6078-F8508766396A
-6.9288573,43.703907,0,7DC9729F-BA27-3831-6078-F8508766396A
-6.7800674,44.06448,2,7DC9729F-BA27-3831-6078-F8508766396A
-6.191215,45.246506,2,7DC9729F-BA27-3831-6078-F8508766396A
-5.8444343,46.102333,2,7DC9729F-BA27-3831-6078-F8508766396A
-5.7777176,46.889286,2,7DC9729F-BA27-3831-6078-F8508766396A
-5.2380877,46.98756,2,7DC9729F-BA27-3831-6078-F8508766396A
-4.5793233,47.18192,2,7DC9729F-BA27-3831-6078-F8508766396A
-69.20553,-6.8484826,0,7DC9729F-BA27-3831-6078-F8508766396A
-68.772606,-6.621062,0,7DC9729F-BA27-3831-6078-F8508766396A
-68.703,-6.5818295,0,7DC9729F-BA27-3831-6078-F8508766396A
-38.454365,40.989567,2,7FB7C50A-30EA-A991-0C04-7FFA681B8803
-37.888187,40.72944,2,7FB7C50A-30EA-A991-0C04-7FFA681B8803
-37.02406,40.164696,2,7FB7C50A-30EA-A991-0C04-7FFA681B8803
-36.665092,39.94305,2,7FB7C50A-30EA-A991-0C04-7FFA681B8803
-29.7949,-10.796488,2,7FB7C50A-30EA-A991-0C04-7FFA681B8803
-29.789583,-10.813141,2,7FB7C50A-30EA-A991-0C04-7FFA681B8803
-23.038643,13.695001,2,8322EDEF-4C09-318A-1B7E-56D62A6839AD
-23.017517,13.6860895,2,8322EDEF-4C09-318A-1B7E-56D62A6839AD
45.902615,-14.548352,2,8322EDEF-4C09-318A-1B7E-56D62A6839AD
45.953007,-14.547136,2,8322EDEF-4C09-318A-1B7E-56D62A6839AD
64.319984,16.563631,2,8322EDEF-4C09-318A-1B7E-56D62A6839AD
64.338196,16.548714,2,8322EDEF-4C09-318A-1B7E-56D62A6839AD
-2.38414,49.142307,0,8322EDEF-4C09-318A-1B7E-56D62A6839AD
-2.1510532,49.226337,2,8322EDEF-4C09-318A-1B7E-56D62A6839AD
-0.9903951,49.817837,2,8322EDEF-4C09-318A-1B7E-56D62A6839AD
-0.86282384,49.953236,2,8322EDEF-4C09-318A-1B7E-56D62A6839AD
-20.170368,-46.260685,2,8322EDEF-4C09-318A-1B7E-56D62A6839AD
-20.185886,-46.247925,2,8322EDEF-4C09-318A-1B7E-56D62A6839AD
14.629758,-15.3463745,1,8322EDEF-4C09-318A-1B7E-56D62A6839AD
14.523523,-15.612446,2,8322EDEF-4C09-318A-1B7E-56D62A6839AD
14.261565,-16.400185,2,8322EDEF-4C09-318A-1B7E-56D62A6839AD
13.773735,-17.049267,2,8322EDEF-4C09-318A-1B7E-56D62A6839AD
13.002558,-17.636156,2,8322EDEF-4C09-318A-1B7E-56D62A6839AD
12.696971,-17.887432,2,8322EDEF-4C09-318A-1B7E-56D62A6839AD
11.879335,-18.263803,2,8322EDEF-4C09-318A-1B7E-56D62A6839AD
-14.2252245,-44.758274,0,8322EDEF-4C09-318A-1B7E-56D62A6839AD
-14.708151,-45.277893,0,8322EDEF-4C09-318A-1B7E-56D62A6839AD
-15.15341,-45.562115,0,8322EDEF-4C09-318A-1B7E-56D62A6839AD
-14.32119,-46.445393,0,8322EDEF-4C09-318A-1B7E-56D62A6839AD
-14.959426,-46.567204,0,8322EDEF-4C09-318A-1B7E-56D62A6839AD
-15.349195,-47.191628,0,8322EDEF-4C09-318A-1B7E-56D62A6839AD
-15.701086,-48.440647,0,8322EDEF-4C09-318A-1B7E-56D62A6839AD
-15.6942,-48.464737,0,8322EDEF-4C09-318A-1B7E-56D62A6839AD
27.08094,-24.87173,2,8407F9C4-C295-8C95-C281-584AF2118F84
27.097042,-24.375591,2,8407F9C4-C295-8C95-C281-584AF2118F84
27.122164,-24.077242,2,8407F9C4-C295-8C95-C281-584AF2118F84
55.51788,-1.1692181,2,8407F9C4-C295-8C95-C281-584AF2118F84
56.15429,-1.1316079,2,8407F9C4-C295-8C95-C281-584AF2118F84
56.598946,-0.1398917,2,8407F9C4-C295-8C95-C281-584AF2118F84
27.779558,16.618616,2,8407F9C4-C295-8C95-C281-584AF2118F84
27.31233,16.663246,2,8407F9C4-C295-8C95-C281-584AF2118F84
27.019669,16.692396,2,8407F9C4-C295-8C95-C281-584AF2118F84
25.856628,15.052234,0,8407F9C4-C295-8C95-C281-584AF2118F84
25.43416,14.591851,0,8407F9C4-C295-8C95-C281-584AF2118F84
25.09385,14.23276,0,8407F9C4-C295-8C95-C281-584AF2118F84
69.81113,-11.942197,2,8407F9C4-C295-8C95-C281-584AF2118F84
69.88801,-11.721057,0,8407F9C4-C295-8C95-C281-584AF2118F84
70.274376,-10.769443,2,8407F9C4-C295-8C95-C281-584AF2118F84
59.84857,15.744487,2,8407F9C4-C295-8C95-C281-584AF2118F84
60.217625,15.711834,2,8407F9C4-C295-8C95-C281-584AF2118F84
60.38431,15.762634,2,8407F9C4-C295-8C95-C281-584AF2118F84
5.8106976,14.484979,2,85748DC9-A6DA-334D-6422-BF69EE06A98C
5.730041,14.294213,2,85748DC9-A6DA-334D-6422-BF69EE06A98C
5.2431526,13.4969,2,85748DC9-A6DA-334D-6422-BF69EE06A98C
4.452193,12.319791,2,85748DC9-A6DA-334D-6422-BF69EE06A98C
3.9547145,11.589875,2,85748DC9-A6DA-334D-6422-BF69EE06A98C
3.8612192,11.460016,2,85748DC9-A6DA-334D-6422-BF69EE06A98C
7.8736944,-2.061713,0,85748DC9-A6DA-334D-6422-BF69EE06A98C
7.6002874,-2.4111364,0,85748DC9-A6DA-334D-6422-BF69EE06A98C
7.2660575,-2.7877247,0,85748DC9-A6DA-334D-6422-BF69EE06A98C
6.6795163,-3.3030016,0,85748DC9-A6DA-334D-6422-BF69EE06A98C
-40.979557,-42.90029,0,85748DC9-A6DA-334D-6422-BF69EE06A98C
-42.981945,-46.467613,1,85748DC9-A6DA-334D-6422-BF69EE06A98C
38.23063,-7.5199404,1,85748DC9-A6DA-334D-6422-BF69EE06A98C
39.125927,-7.650319,2,85748DC9-A6DA-334D-6422-BF69EE06A98C
39.65527,-7.744298,2,85748DC9-A6DA-334D-6422-BF69EE06A98C
39.96395,-7.829778,2,85748DC9-A6DA-334D-6422-BF69EE06A98C
40.60269,-8.248525,2,85748DC9-A6DA-334D-6422-BF69EE06A98C
40.83681,-8.49774,2,85748DC9-A6DA-334D-6422-BF69EE06A98C
15.086434,-35.625633,1,85748DC9-A6DA-334D-6422-BF69EE06A98C
15.432891,-34.576138,2,85748DC9-A6DA-334D-6422-BF69EE06A98C
15.466951,-34.432693,2,85748DC9-A6DA-334D-6422-BF69EE06A98C
-28.820738,37.571606,2,8690E8B6-9B41-5F0E-C518-8F2D028C6690
-28.881931,37.33848,2,8690E8B6-9B41-5F0E-C518-8F2D028C6690
-31.255,24.301674,2,8690E8B6-9B41-5F0E-C518-8F2D028C6690
-27.266413,-6.8059325,2,8690E8B6-9B41-5F0E-C518-8F2D028C6690
-26.348179,-14.772659,2,8690E8B6-9B41-5F0E-C518-8F2D028C6690
-16.683056,-20.471548,2,8690E8B6-9B41-5F0E-C518-8F2D028C6690
10.065368,31.292498,2,8690E8B6-9B41-5F0E-C518-8F2D028C6690
10.045644,31.115025,2,8690E8B6-9B41-5F0E-C518-8F2D028C6690
9.683048,29.925213,2,8690E8B6-9B41-5F0E-C518-8F2D028C6690
9.587424,29.490332,2,8690E8B6-9B41-5F0E-C518-8F2D028C6690
-23.166399,-24.107557,2,8690E8B6-9B41-5F0E-C518-8F2D028C6690
-22.2047,-23.853592,0,8690E8B6-9B41-5F0E-C518-8F2D028C6690
-2.6950245,-29.519602,2,8690E8B6-9B41-5F0E-C518-8F2D028C6690
-2.6687088,-29.479553,2,8690E8B6-9B41-5F0E-C518-8F2D028C6690
43.21225,-9.084917,2,8690E8B6-9B41-5F0E-C518-8F2D028C6690
43.48435,-9.077197,2,8690E8B6-9B41-5F0E-C518-8F2D028C6690
44.117813,-9.125754,2,8690E8B6-9B41-5F0E-C518-8F2D028C6690
44.87571,-9.172805,2,8690E8B6-9B41-5F0E-C518-8F2D028C6690
-51.927837,29.3537,2,874A6B13-C999-C802-1138-FA198591D897
-52.1604,29.61525,2,874A6B13-C999-C802-1138-FA198591D897
-52.69141,29.997747,1,874A6B13-C999-C802-1138-FA198591D897
-53.066555,30.031036,0,874A6B13-C999-C802-1138-FA198591D897
-37.278736,0.21078503,0,874A6B13-C999-C802-1138-FA198591D897
-37.27449,0.20818695,0,874A6B13-C999-C802-1138-FA198591D897
-26.491917,-20.826458,2,874A6B13-C999-C802-1138-FA198591D897
68.42388,14.146705,2,874A6B13-C999-C802-1138-FA198591D897
68.98462,14.304158,2,874A6B13-C999-C802-1138-FA198591D897
70.28791,14.615984,2,874A6B13-C999-C802-1138-FA198591D897
70.809975,14.491665,2,874A6B13-C999-C802-1138-FA198591D897
71.56478,13.692723,2,874A6B13-C999-C802-1138-FA198591D897
72.878044,12.751858,2,874A6B13-C999-C802-1138-FA198591D897
73.31955,12.547935,2,874A6B13-C999-C802-1138-FA198591D897
30.483683,-31.244228,2,874A6B13-C999-C802-1138-FA198591D897
29.834307,-31.36439,1,874A6B13-C999-C802-1138-FA198591D897
29.393333,-31.44263,1,874A6B13-C999-C802-1138-FA198591D897
-21.97793,-50.064026,1,874A6B13-C999-C802-1138-FA198591D897
-49.43836,-39.483418,0,874A6B13-C999-C802-1138-FA198591D897
-49.240776,-39.529522,0,874A6B13-C999-C802-1138-FA198591D897
-48.965935,-39.601006,0,874A6B13-C999-C802-1138-FA198591D897
-47.955456,-39.772636,1,874A6B13-C999-C802-1138-FA198591D897
-32.84212,-36.267467,0,874A6B13-C999-C802-1138-FA198591D897
-32.714333,-36.315395,0,874A6B13-C999-C802-1138-FA198591D897
54.87075,-11.790436,2,874A6B13-C999-C802-1138-FA198591D897
54.55055,-11.655786,2,874A6B13-C999-C802-1138-FA198591D897
53.20033,-11.317586,2,874A6B13-C999-C802-1138-FA198591D897
52.196426,-11.093968,2,874A6B13-C999-C802-1138-FA198591D897
52.038548,-10.937097,2,874A6B13-C999-C802-1138-FA198591D897
51.56781,-10.444388,2,874A6B13-C999-C802-1138-FA198591D897
50.974808,-9.771993,2,874A6B13-C999-C802-1138-FA198591D897
49.824196,-8.857524,2,874A6B13-C999-C802-1138-FA198591D897
13.68647,-57.95835,0,874A6B13-C999-C802-1138-FA198591D897
13.460401,-57.93482,0,874A6B13-C999-C802-1138-FA198591D897
12.83558,-57.89413,0,874A6B13-C999-C802-1138-FA198591D897
12.322827,-57.761852,0,874A6B13-C999-C802-1138-FA198591D897
22.314232,-52.44916,1,874A6B13-C999-C802-1138-FA198591D897
22.669489,-52.5824,1,874A6B13-C999-C802-1138-FA198591D897
61.545536,-14.206072,2,874A6B13-C999-C802-1138-FA198591D897
62.552635,-15.004004,2,874A6B13-C999-C802-1138-FA198591D897
62.934277,-15.169461,2,874A6B13-C999-C802-1138-FA198591D897
63.872204,-15.453831,2,874A6B13-C999-C802-1138-FA198591D897
-48.851154,21.861025,2,8DD09016-F898-915E-4A5C-727F57619D73
-48.814926,21.829485,2,8DD09016-F898-915E-4A5C-727F57619D73
-22.007746,56.341423,2,8DD09016-F898-915E-4A5C-727F57619D73
-21.333235,56.66369,2,8DD09016-F898-915E-4A5C-727F57619D73
-20.788906,56.92545,2,8DD09016-F898-915E-4A5C-727F57619D73
-20.464457,57.076298,2,8DD09016-F898-915E-4A5C-727F57619D73
-37.84527,-25.085321,0,8DD09016-F898-915E-4A5C-727F57619D73
-37.77345,-24.94214,0,8DD09016-F898-915E-4A5C-727F57619D73
40.776714,-26.343525,0,8DD09016-F898-915E-4A5C-727F57619D73
40.674034,-26.31872,2,8DD09016-F898-915E-4A5C-727F57619D73
38.51324,-25.403503,2,8DD09016-F898-915E-4A5C-727F57619D73
38.566765,-25.240627,2,8DD09016-F898-915E-4A5C-727F57619D73
-15.656809,-11.899354,0,8DD09016-F898-915E-4A5C-727F57619D73
-11.978761,16.439472,0,8DD09016-F898-915E-4A5C-727F57619D73
-11.977074,16.430452,0,8DD09016-F898-915E-4A5C-727F57619D73
-81.41277,-0.29940915,1,9268F759-54B0-96CC-C0F5-9D8DBAA12073
-81.85076,0.42365366,1,9268F759-54B0-96CC-C0F5-9D8DBAA12073
-82.23117,0.696723,1,9268F759-54B0-96CC-C0F5-9D8DBAA12073
-82.01899,1.1198797,1,9268F759-54B0-96CC-C0F5-9D8DBAA12073
-82.43396,1.4330865,1,9268F759-54B0-96CC-C0F5-9D8DBAA12073
-83.0706,0.89719087,1,9268F759-54B0-96CC-C0F5-9D8DBAA12073
-54.444984,45.123825,2,9268F759-54B0-96CC-C0F5-9D8DBAA12073
-54.632595,45.110123,2,9268F759-54B0-96CC-C0F5-9D8DBAA12073
-55.631916,45.011387,2,9268F759-54B0-96CC-C0F5-9D8DBAA12073
-56.425827,44.876484,1,9268F759-54B0-96CC-C0F5-9D8DBAA12073
-57.120182,44.72408,1,9268F759-54B0-96CC-C0F5-9D8DBAA12073
-58.045547,44.46547,1,9268F759-54B0-96CC-C0F5-9D8DBAA12073
-60.3626,-42.42953,1,9268F759-54B0-96CC-C0F5-9D8DBAA12073
-60.07945,-42.116722,1,9268F759-54B0-96CC-C0F5-9D8DBAA12073
-59.002922,-40.944374,1,9268F759-54B0-96CC-C0F5-9D8DBAA12073
-58.84483,-40.729855,1,9268F759-54B0-96CC-C0F5-9D8DBAA12073
-58.21785,-40.54375,1,9268F759-54B0-96CC-C0F5-9D8DBAA12073
-57.787174,-40.36371,1,9268F759-54B0-96CC-C0F5-9D8DBAA12073
-71.944435,29.83193,2,9268F759-54B0-96CC-C0F5-9D8DBAA12073
-72.14807,29.45422,2,9268F759-54B0-96CC-C0F5-9D8DBAA12073
-72.5003,28.731796,2,9268F759-54B0-96CC-C0F5-9D8DBAA12073
-72.88197,28.024889,2,9268F759-54B0-96CC-C0F5-9D8DBAA12073
-73.08915,27.696703,1,9268F759-54B0-96CC-C0F5-9D8DBAA12073
-73.4589,27.13075,1,9268F759-54B0-96CC-C0F5-9D8DBAA12073
-47.210896,4.588668,2,9268F759-54B0-96CC-C0F5-9D8DBAA12073
-47.58841,4.8381934,2,9268F759-54B0-96CC-C0F5-9D8DBAA12073
-48.187336,5.212601,2,9268F759-54B0-96CC-C0F5-9D8DBAA12073
-48.93902,5.632785,2,9268F759-54B0-96CC-C0F5-9D8DBAA12073
-50.38457,6.4284534,2,9268F759-54B0-96CC-C0F5-9D8DBAA12073
-50.516533,6.4865417,2,9268F759-54B0-96CC-C0F5-9D8DBAA12073
-47.213295,-16.944016,0,94AA1B20-A5D9-F2B4-FD96-2F20A00FAE89
-47.09529,-16.969862,2,94AA1B20-A5D9-F2B4-FD96-2F20A00FAE89
-21.027996,0.7899483,2,94AA1B20-A5D9-F2B4-FD96-2F20A00FAE89
-20.76622,0.9579278,2,94AA1B20-A5D9-F2B4-FD96-2F20A00FAE89
-19.838923,1.1860055,2,94AA1B20-A5D9-F2B4-FD96-2F20A00FAE89
-19.309158,1.308735,2,94AA1B20-A5D9-F2B4-FD96-2F20A00FAE89
-18.546528,1.3831514,2,94AA1B20-A5D9-F2B4-FD96-2F20A00FAE89
20.27328,40.197773,2,94AA1B20-A5D9-F2B4-FD96-2F20A00FAE89
19.558657,40.274746,2,94AA1B20-A5D9-F2B4-FD96-2F20A00FAE89
18.911304,40.267483,2,94AA1B20-A5D9-F2B4-FD96-2F20A00FAE89
18.645042,40.34968,2,94AA1B20-A5D9-F2B4-FD96-2F20A00FAE89
18.535713,40.19424,2,94AA1B20-A5D9-F2B4-FD96-2F20A00FAE89
-4.2798667,51.13383,2,94AA1B20-A5D9-F2B4-FD96-2F20A00FAE89
-4.50959,51.289314,2,94AA1B20-A5D9-F2B4-FD96-2F20A00FAE89
-4.7948813,51.40922,2,94AA1B20-A5D9-F2B4-FD96-2F20A00FAE89
-46.036503,20.156796,2,96B78431-4166-E4D3-2AA2-15BE2512E1D6
-46.397923,19.762794,2,96B78431-4166-E4D3-2AA2-15BE2512E1D6
-46.878853,19.246855,2,96B78431-4166-E4D3-2AA2-15BE2512E1D6
-49.977325,14.719686,2,96B78431-4166-E4D3-2AA2-15BE2512E1D6
-50.180058,14.516883,1,96B78431-4166-E4D3-2AA2-15BE2512E1D6
-50.823463,14.219176,1,96B78431-4166-E4D3-2AA2-15BE2512E1D6
-35.03821,-36.589176,0,96B78431-4166-E4D3-2AA2-15BE2512E1D6
-35.057457,-36.459248,0,96B78431-4166-E4D3-2AA2-15BE2512E1D6
-18.344952,-18.700586,0,96B78431-4166-E4D3-2AA2-15BE2512E1D6
17.91957,21.369282,0,96B78431-4166-E4D3-2AA2-15BE2512E1D6
17.593237,20.844532,0,96B78431-4166-E4D3-2AA2-15BE2512E1D6
17.524555,20.74524,2,96B78431-4166-E4D3-2AA2-15BE2512E1D6
37.847267,29.544188,2,96B78431-4166-E4D3-2AA2-15BE2512E1D6
37.855167,29.566402,2,96B78431-4166-E4D3-2AA2-15BE2512E1D6
37.743206,30.885895,2,96B78431-4166-E4D3-2AA2-15BE2512E1D6
37.55025,32.291664,2,96B78431-4166-E4D3-2AA2-15BE2512E1D6
37.49912,32.526943,2,96B78431-4166-E4D3-2AA2-15BE2512E1D6
37.478077,32.662357,2,96B78431-4166-E4D3-2AA2-15BE2512E1D6
-56.251823,-11.342395,0,99827717-1B21-7ECC-CAD1-99489F7E19EA
-56.31311,-11.145126,0,99827717-1B21-7ECC-CAD1-99489F7E19EA
-56.63146,-9.351797,0,99827717-1B21-7ECC-CAD1-99489F7E19EA
-56.498966,-9.088396,0,99827717-1B21-7ECC-CAD1-99489F7E19EA
-11.193416,61.61115,2,99827717-1B21-7ECC-CAD1-99489F7E19EA
-10.861302,61.897625,2,99827717-1B21-7ECC-CAD1-99489F7E19EA
-10.312963,62.39352,2,99827717-1B21-7ECC-CAD1-99489F7E19EA
-9.205202,63.493694,2,99827717-1B21-7ECC-CAD1-99489F7E19EA
-8.904503,63.77573,2,99827717-1B21-7ECC-CAD1-99489F7E19EA
-8.475263,64.02817,1,99827717-1B21-7ECC-CAD1-99489F7E19EA
-7.4429975,64.651436,1,99827717-1B21-7ECC-CAD1-99489F7E19EA
-7.1500397,64.81402,2,99827717-1B21-7ECC-CAD1-99489F7E19EA
3.2792072,-21.365211,2,99827717-1B21-7ECC-CAD1-99489F7E19EA
3.3350973,-21.321863,2,99827717-1B21-7ECC-CAD1-99489F7E19EA
35.233086,25.522442,2,99827717-1B21-7ECC-CAD1-99489F7E19EA
35.79005,25.553064,2,99827717-1B21-7ECC-CAD1-99489F7E19EA
37.10852,25.70659,2,99827717-1B21-7ECC-CAD1-99489F7E19EA
37.303616,25.739191,2,99827717-1B21-7ECC-CAD1-99489F7E19EA
38.047073,17.558222,2,99827717-1B21-7ECC-CAD1-99489F7E19EA
38.037056,18.1206,2,99827717-1B21-7ECC-CAD1-99489F7E19EA
38.063335,18.143522,2,99827717-1B21-7ECC-CAD1-99489F7E19EA
58.358498,1.6222333,2,99827717-1B21-7ECC-CAD1-99489F7E19EA
58.564575,1.2906598,2,99827717-1B21-7ECC-CAD1-99489F7E19EA
58.829414,0.9146216,2,99827717-1B21-7ECC-CAD1-99489F7E19EA
52.999187,20.068932,1,99827717-1B21-7ECC-CAD1-99489F7E19EA
52.827454,20.076746,1,99827717-1B21-7ECC-CAD1-99489F7E19EA
51.70888,20.154087,1,99827717-1B21-7ECC-CAD1-99489F7E19EA
50.8518,20.264528,1,99827717-1B21-7ECC-CAD1-99489F7E19EA
50.667755,20.30235,1,99827717-1B21-7ECC-CAD1-99489F7E19EA
58.92212,5.8086753,1,99827717-1B21-7ECC-CAD1-99489F7E19EA
59.130848,5.2556777,1,99827717-1B21-7ECC-CAD1-99489F7E19EA
59.40964,4.534994,1,99827717-1B21-7ECC-CAD1-99489F7E19EA
59.494022,4.3710613,1,99827717-1B21-7ECC-CAD1-99489F7E19EA
-0.4356183,-33.536766,0,9A80CFF4-085D-6435-BA08-18E6496A8381
-0.3506438,-33.512264,0,9A80CFF4-085D-6435-BA08-18E6496A8381
72.40888,-6.06695,0,9A80CFF4-085D-6435-BA08-18E6496A8381
72.15744,-5.8986225,0,9A80CFF4-085D-6435-BA08-18E6496A8381
71.81948,-5.609116,2,9A80CFF4-085D-6435-BA08-18E6496A8381
71.3269,-5.1924515,2,9A80CFF4-085D-6435-BA08-18E6496A8381
-45.37637,11.004534,0,9A80CFF4-085D-6435-BA08-18E6496A8381
-45.07864,10.51352,0,9A80CFF4-085D-6435-BA08-18E6496A8381
-44.734833,10.057837,2,9A80CFF4-085D-6435-BA08-18E6496A8381
-44.33562,9.745447,2,9A80CFF4-085D-6435-BA08-18E6496A8381
-43.68523,9.266474,2,9A80CFF4-085D-6435-BA08-18E6496A8381
-43.026554,8.775025,2,9A80CFF4-085D-6435-BA08-18E6496A8381
-15.492913,39.966213,2,9C694EBE-9421-F45A-ED92-F521991A6A52
-15.96766,39.966232,2,9C694EBE-9421-F45A-ED92-F521991A6A52
-16.41065,39.8034,2,9C694EBE-9421-F45A-ED92-F521991A6A52
-17.322876,39.37827,0,9C694EBE-9421-F45A-ED92-F521991A6A52
-18.266968,39.008377,0,9C694EBE-9421-F45A-ED92-F521991A6A52
-18.522964,38.91676,2,9C694EBE-9421-F45A-ED92-F521991A6A52
-6.365259,33.20075,2,9C694EBE-9421-F45A-ED92-F521991A6A52
-6.273396,32.863937,0,9C694EBE-9421-F45A-ED92-F521991A6A52
-6.1792426,32.5153,0,9C694EBE-9421-F45A-ED92-F521991A6A52
-42.757423,-44.983448,0,9C694EBE-9421-F45A-ED92-F521991A6A52
-42.472984,-45.095463,0,9C694EBE-9421-F45A-ED92-F521991A6A52
-41.527412,-45.035103,0,9C694EBE-9421-F45A-ED92-F521991A6A52
-36.22259,-23.787659,0,9C694EBE-9421-F45A-ED92-F521991A6A52
1.6113217,-30.053059,2,9C694EBE-9421-F45A-ED92-F521991A6A52
1.4956336,-29.310474,2,9C694EBE-9421-F45A-ED92-F521991A6A52
1.4250135,-29.064209,2,9C694EBE-9421-F45A-ED92-F521991A6A52
1.2718354,-27.980247,2,9C694EBE-9421-F45A-ED92-F521991A6A52
1.2916821,-27.888308,2,9C694EBE-9421-F45A-ED92-F521991A6A52
2.7472208,-24.60341,0,9C694EBE-9421-F45A-ED92-F521991A6A52
2.7172396,-24.590857,0,9C694EBE-9421-F45A-ED92-F521991A6A52
-29.970688,-57.209377,0,9C694EBE-9421-F45A-ED92-F521991A6A52
-30.183859,-57.116974,0,9C694EBE-9421-F45A-ED92-F521991A6A52
-30.986519,-57.334686,0,9C694EBE-9421-F45A-ED92-F521991A6A52
-31.136482,-57.36431,0,9C694EBE-9421-F45A-ED92-F521991A6A52
26.404928,38.246967,2,9E6EBCE2-44FB-8F07-4135-E91140B34096
26.38802,38.242184,2,9E6EBCE2-44FB-8F07-4135-E91140B34096
-51.349415,2.383359,2,9E6EBCE2-44FB-8F07-4135-E91140B34096
-51.957306,2.3334558,2,9E6EBCE2-44FB-8F07-4135-E91140B34096
-52.609627,2.2553003,1,9E6EBCE2-44FB-8F07-4135-E91140B34096
-53.208965,2.0898798,1,9E6EBCE2-44FB-8F07-4135-E91140B34096
61.73965,-4.120947,2,9E6EBCE2-44FB-8F07-4135-E91140B34096
62.042732,-4.2881517,2,9E6EBCE2-44FB-8F07-4135-E91140B34096
62.222298,-4.3905864,2,9E6EBCE2-44FB-8F07-4135-E91140B34096
62.32952,-5.1639743,2,9E6EBCE2-44FB-8F07-4135-E91140B34096
13.811203,-64.609695,2,9E6EBCE2-44FB-8F07-4135-E91140B34096
13.889684,-64.524155,1,9E6EBCE2-44FB-8F07-4135-E91140B34096
17.529387,64.78312,2,9E6EBCE2-44FB-8F07-4135-E91140B34096
17.333342,64.72009,2,9E6EBCE2-44FB-8F07-4135-E91140B34096
16.615332,64.483864,2,9E6EBCE2-44FB-8F07-4135-E91140B34096
15.838899,64.241196,2,9E6EBCE2-44FB-8F07-4135-E91140B34096
15.520928,64.13659,2,9E6EBCE2-44FB-8F07-4135-E91140B34096
-65.05668,5.715494,2,9E6EBCE2-44FB-8F07-4135-E91140B34096
-22.170193,51.680912,2,9E6EBCE2-44FB-8F07-4135-E91140B34096
-22.309116,51.65094,2,9E6EBCE2-44FB-8F07-4135-E91140B34096
-23.046844,51.2689,2,9E6EBCE2-44FB-8F07-4135-E91140B34096
-79.06135,3.4361567,2,A135AF2A-692D-9C83-AB54-34F977E4D14D
-56.00121,21.733778,0,A135AF2A-692D-9C83-AB54-34F977E4D14D
-55.98477,21.879694,0,A135AF2A-692D-9C83-AB54-34F977E4D14D
-55.712418,23.401358,0,A135AF2A-692D-9C83-AB54-34F977E4D14D
-55.575665,23.691519,2,A135AF2A-692D-9C83-AB54-34F977E4D14D
-54.6123,24.570461,2,A135AF2A-692D-9C83-AB54-34F977E4D14D
-54.277252,24.843964,2,A135AF2A-692D-9C83-AB54-34F977E4D14D
-53.07241,25.346935,2,A135AF2A-692D-9C83-AB54-34F977E4D14D
-52.430893,25.613573,2,A135AF2A-692D-9C83-AB54-34F977E4D14D
-52.220226,25.650719,2,A135AF2A-692D-9C83-AB54-34F977E4D14D
-62.727535,-33.89557,2,A135AF2A-692D-9C83-AB54-34F977E4D14D
-62.738808,-33.898315,0,A135AF2A-692D-9C83-AB54-34F977E4D14D
-55.403305,14.832438,2,A135AF2A-692D-9C83-AB54-34F977E4D14D
-55.459454,14.96269,2,A135AF2A-692D-9C83-AB54-34F977E4D14D
-60.236687,28.223818,2,A135AF2A-692D-9C83-AB54-34F977E4D14D
-60.096794,28.664772,2,A135AF2A-692D-9C83-AB54-34F977E4D14D
-59.94827,30.140404,2,A135AF2A-692D-9C83-AB54-34F977E4D14D
-59.940895,30.15456,2,A135AF2A-692D-9C83-AB54-34F977E4D14D
-36.501034,-12.155063,2,A135AF2A-692D-9C83-AB54-34F977E4D14D
-36.613434,-12.463369,2,A135AF2A-692D-9C83-AB54-34F977E4D14D
-36.8182,-13.380712,2,A135AF2A-692D-9C83-AB54-34F977E4D14D
-36.857647,-14.087087,2,A135AF2A-692D-9C83-AB54-34F977E4D14D
-36.80432,-14.439379,1,A135AF2A-692D-9C83-AB54-34F977E4D14D
-34.543125,-19.761194,1,A135AF2A-692D-9C83-AB54-34F977E4D14D
59.245712,-7.039573,2,A135AF2A-692D-9C83-AB54-34F977E4D14D
59.36837,-7.6035213,0,A135AF2A-692D-9C83-AB54-34F977E4D14D
59.477486,-8.155537,0,A135AF2A-692D-9C83-AB54-34F977E4D14D
59.49788,-8.758231,0,A135AF2A-692D-9C83-AB54-34F977E4D14D
59.48807,-10.8384695,2,A135AF2A-692D-9C83-AB54-34F977E4D14D
59.490532,-10.838403,2,A135AF2A-692D-9C83-AB54-34F977E4D14D
-70.4917,11.507579,1,A43E8D46-F136-DB41-3E16-F9F161DBA1D6
-70.488686,11.492894,1,A43E8D46-F136-DB41-3E16-F9F161DBA1D6
-67.35801,12.667001,1,A43E8D46-F136-DB41-3E16-F9F161DBA1D6
-67.28818,12.714935,1,A43E8D46-F136-DB41-3E16-F9F161DBA1D6
-60.89058,24.363924,2,A43E8D46-F136-DB41-3E16-F9F161DBA1D6
-60.872738,24.379145,2,A43E8D46-F136-DB41-3E16-F9F161DBA1D6
-21.125626,-31.53475,0,A43E8D46-F136-DB41-3E16-F9F161DBA1D6
-20.674784,-31.675503,0,A43E8D46-F136-DB41-3E16-F9F161DBA1D6
-20.155195,-31.747393,0,A43E8D46-F136-DB41-3E16-F9F161DBA1D6
-19.537476,-31.696407,0,A43E8D46-F136-DB41-3E16-F9F161DBA1D6
-17.196583,-30.723192,0,A43E8D46-F136-DB41-3E16-F9F161DBA1D6
-18.375238,-62.536575,0,A43E8D46-F136-DB41-3E16-F9F161DBA1D6
25.183094,-19.312712,2,A43E8D46-F136-DB41-3E16-F9F161DBA1D6
24.851748,-19.328075,2,A43E8D46-F136-DB41-3E16-F9F161DBA1D6
23.863756,-19.35718,2,A43E8D46-F136-DB41-3E16-F9F161DBA1D6
22.83328,-19.460855,2,A43E8D46-F136-DB41-3E16-F9F161DBA1D6
22.408117,-19.784199,0,A43E8D46-F136-DB41-3E16-F9F161DBA1D6
22.38052,-20.612251,0,A43E8D46-F136-DB41-3E16-F9F161DBA1D6
-19.946619,29.416492,2,A7C426E7-344F-99F4-6E35-453AF3AD9C2C
-19.963396,29.047525,2,A7C426E7-344F-99F4-6E35-453AF3AD9C2C
-20.011555,28.380087,1,A7C426E7-344F-99F4-6E35-453AF3AD9C2C
-20.225891,17.314026,1,A7C426E7-344F-99F4-6E35-453AF3AD9C2C
-20.225155,18.134815,2,A7C426E7-344F-99F4-6E35-453AF3AD9C2C
-20.211824,18.288733,2,A7C426E7-344F-99F4-6E35-453AF3AD9C2C
-18.782679,-5.1324806,2,A7C426E7-344F-99F4-6E35-453AF3AD9C2C
-18.983076,-5.455737,2,A7C426E7-344F-99F4-6E35-453AF3AD9C2C
-41.13059,-49.980927,1,A7C426E7-344F-99F4-6E35-453AF3AD9C2C
-41.122818,-49.944405,1,A7C426E7-344F-99F4-6E35-453AF3AD9C2C
-58.288395,-6.6094203,1,A7C426E7-344F-99F4-6E35-453AF3AD9C2C
-58.23671,-6.5081925,1,A7C426E7-344F-99F4-6E35-453AF3AD9C2C
38.669514,-30.703547,0,A7C426E7-344F-99F4-6E35-453AF3AD9C2C
38.909203,-30.67164,0,A7C426E7-344F-99F4-6E35-453AF3AD9C2C
39.602,-30.590158,0,A7C426E7-344F-99F4-6E35-453AF3AD9C2C
-41.630505,-30.081553,0,A7C426E7-344F-99F4-6E35-453AF3AD9C2C
10.245779,12.923467,0,A7C426E7-344F-99F4-6E35-453AF3AD9C2C
44.79935,14.472061,2,A7C426E7-344F-99F4-6E35-453AF3AD9C2C
1.8282328,-5.3863826,1,A7C426E7-344F-99F4-6E35-453AF3AD9C2C
1.8172958,-5.4106393,1,A7C426E7-344F-99F4-6E35-453AF3AD9C2C
2.4628825,-4.599052,1,A7C426E7-344F-99F4-6E35-453AF3AD9C2C
-15.141617,-39.61465,1,A7C426E7-344F-99F4-6E35-453AF3AD9C2C
-15.191533,-40.466167,1,A7C426E7-344F-99F4-6E35-453AF3AD9C2C
-15.19715,-40.483562,1,A7C426E7-344F-99F4-6E35-453AF3AD9C2C
27.146734,-10.637381,2,A7C426E7-344F-99F4-6E35-453AF3AD9C2C
26.946314,-10.752978,2,A7C426E7-344F-99F4-6E35-453AF3AD9C2C
26.38002,-11.199194,2,A7C426E7-344F-99F4-6E35-453AF3AD9C2C
25.776234,-11.971679,2,A7C426E7-344F-99F4-6E35-453AF3AD9C2C
25.508593,-12.433373,2,A7C426E7-344F-99F4-6E35-453AF3AD9C2C
25.306963,-12.981989,2,A7C426E7-344F-99F4-6E35-453AF3AD9C2C
-42.6254,25.028988,1,AB9921A8-F143-E101-6A47-E66882F571B2
-42.540207,25.058142,1,AB9921A8-F143-E101-6A47-E66882F571B2
-31.41196,39.105038,1,AB9921A8-F143-E101-6A47-E66882F571B2
-31.35514,38.8256,1,AB9921A8-F143-E101-6A47-E66882F571B2
-30.880999,37.32215,1,AB9921A8-F143-E101-6A47-E66882F571B2
-31.776665,36.196983,2,AB9921A8-F143-E101-6A47-E66882F571B2
6.440725,-6.9880085,1,AB9921A8-F143-E101-6A47-E66882F571B2
5.908446,-7.316717,1,AB9921A8-F143-E101-6A47-E66882F571B2
5.4821763,-7.6315775,1,AB9921A8-F143-E101-6A47-E66882F571B2
5.073124,-7.9920115,1,AB9921A8-F143-E101-6A47-E66882F571B2
4.2450666,-8.86445,1,AB9921A8-F143-E101-6A47-E66882F571B2
-45.809048,-50.16012,1,AB9921A8-F143-E101-6A47-E66882F571B2
-45.660404,-49.953045,1,AB9921A8-F143-E101-6A47-E66882F571B2
-0.0179622,34.261635,1,AB9921A8-F143-E101-6A47-E66882F571B2
0.87896806,34.125713,1,AB9921A8-F143-E101-6A47-E66882F571B2
1.4884713,33.960407,1,AB9921A8-F143-E101-6A47-E66882F571B2
2.0921345,33.79683,1,AB9921A8-F143-E101-6A47-E66882F571B2
2.1155972,33.764084,1,AB9921A8-F143-E101-6A47-E66882F571B2
21.807217,-11.928392,0,AB9921A8-F143-E101-6A47-E66882F571B2
21.774681,-11.493227,1,AB9921A8-F143-E101-6A47-E66882F571B2
21.793541,-10.989017,1,AB9921A8-F143-E101-6A47-E66882F571B2
21.720623,-10.487287,1,AB9921A8-F143-E101-6A47-E66882F571B2
22.94104,36.088715,1,AB9921A8-F143-E101-6A47-E66882F571B2
22.923683,36.115875,1,AB9921A8-F143-E101-6A47-E66882F571B2
-21.530296,-54.65917,1,AB9921A8-F143-E101-6A47-E66882F571B2
-21.435871,-54.498413,1,AB9921A8-F143-E101-6A47-E66882F571B2
-21.368483,-54.35579,1,AB9921A8-F143-E101-6A47-E66882F571B2
-81.31997,6.255883,2,B06410CC-D778-33B2-B1FD-A828EE4AF413
-81.21833,6.0966997,2,B06410CC-D778-33B2-B1FD-A828EE4AF413
-52.94752,37.833603,2,B06410CC-D778-33B2-B1FD-A828EE4AF413
-52.591785,37.82783,2,B06410CC-D778-33B2-B1FD-A828EE4AF413
-51.691742,37.7447,2,B06410CC-D778-33B2-B1FD-A828EE4AF413
-50.5773,38.27322,2,B06410CC-D778-33B2-B1FD-A828EE4AF413
-50.24704,38.52221,2,B06410CC-D778-33B2-B1FD-A828EE4AF413
-49.661293,39.284306,1,B06410CC-D778-33B2-B1FD-A828EE4AF413
-49.461514,39.692486,0,B06410CC-D778-33B2-B1FD-A828EE4AF413
-49.11683,40.47043,0,B06410CC-D778-33B2-B1FD-A828EE4AF413
-48.649807,41.41915,0,B06410CC-D778-33B2-B1FD-A828EE4AF413
-48.526695,41.68824,1,B06410CC-D778-33B2-B1FD-A828EE4AF413
-34.79136,-8.166424,2,B06410CC-D778-33B2-B1FD-A828EE4AF413
-34.28203,-8.331672,2,B06410CC-D778-33B2-B1FD-A828EE4AF413
-33.568348,-8.293357,2,B06410CC-D778-33B2-B1FD-A828EE4AF413
-32.747307,-8.054482,0,B06410CC-D778-33B2-B1FD-A828EE4AF413
-32.011276,-7.8309493,0,B06410CC-D778-33B2-B1FD-A828EE4AF413
-31.725159,-7.7447925,0,B06410CC-D778-33B2-B1FD-A828EE4AF413
-38.332798,-9.389287,2,B06410CC-D778-33B2-B1FD-A828EE4AF413
-38.432327,-9.186783,2,B06410CC-D778-33B2-B1FD-A828EE4AF413
-39.232002,-9.48134,2,B06410CC-D778-33B2-B1FD-A828EE4AF413
-39.624832,-9.520001,2,B06410CC-D778-33B2-B1FD-A828EE4AF413
-40.762634,-9.411909,2,B06410CC-D778-33B2-B1FD-A828EE4AF413
-40.83924,-9.426732,2,B06410CC-D778-33B2-B1FD-A828EE4AF413
-4.1686463,-21.70736,1,B0AAFE06-91C2-2C6D-4547-7508BB719E45
-4.1908345,-21.73413,1,B0AAFE06-91C2-2C6D-4547-7508BB719E45
61.712444,11.153791,1,B0AAFE06-91C2-2C6D-4547-7508BB719E45
61.319344,10.997548,1,B0AAFE06-91C2-2C6D-4547-7508BB719E45
60.50278,10.383864,2,B0AAFE06-91C2-2C6D-4547-7508BB719E45
60.481773,10.375505,2,B0AAFE06-91C2-2C6D-4547-7508BB719E45
-37.90723,-40.600826,2,B0AAFE06-91C2-2C6D-4547-7508BB719E45
-37.659927,-40.675625,2,B0AAFE06-91C2-2C6D-4547-7508BB719E45
-37.003727,-40.83393,2,B0AAFE06-91C2-2C6D-4547-7508BB719E45
-35.866272,-41.159092,2,B0AAFE06-91C2-2C6D-4547-7508BB719E45
22.798004,-42.686832,2,B0AAFE06-91C2-2C6D-4547-7508BB719E45
22.805143,-42.69065,2,B0AAFE06-91C2-2C6D-4547-7508BB719E45
55.42104,-23.541761,1,B0AAFE06-91C2-2C6D-4547-7508BB719E45
55.202274,-23.65223,1,B0AAFE06-91C2-2C6D-4547-7508BB719E45
54.728127,-23.972584,1,B0AAFE06-91C2-2C6D-4547-7508BB719E45
54.196224,-24.361158,1,B0AAFE06-91C2-2C6D-4547-7508BB719E45
-12.581495,-53.243492,1,B0AAFE06-91C2-2C6D-4547-7508BB719E45
-12.664988,-53.352764,1,B0AAFE06-91C2-2C6D-4547-7508BB719E45
-12.188758,36.811253,0,B17DF37B-207D-A052-4D45-F862B3BF4C4C
-12.295379,36.028893,0,B17DF37B-207D-A052-4D45-F862B3BF4C4C
-12.391033,35.38588,0,B17DF37B-207D-A052-4D45-F862B3BF4C4C
-12.337284,34.7256,0,B17DF37B-207D-A052-4D45-F862B3BF4C4C
-12.194285,34.24556,2,B17DF37B-207D-A052-4D45-F862B3BF4C4C
-11.708567,33.2817,0,B17DF37B-207D-A052-4D45-F862B3BF4C4C
42.51805,-17.716856,0,B17DF37B-207D-A052-4D45-F862B3BF4C4C
42.676502,-17.705378,0,B17DF37B-207D-A052-4D45-F862B3BF4C4C
46.795696,29.53972,0,B17DF37B-207D-A052-4D45-F862B3BF4C4C
46.556705,29.853035,0,B17DF37B-207D-A052-4D45-F862B3BF4C4C
46.2872,30.010273,0,B17DF37B-207D-A052-4D45-F862B3BF4C4C
45.648014,30.481022,0,B17DF37B-207D-A052-4D45-F862B3BF4C4C
29.919352,41.10371,2,B17DF37B-207D-A052-4D45-F862B3BF4C4C
30.241575,40.868404,2,B17DF37B-207D-A052-4D45-F862B3BF4C4C
30.839134,40.36358,1,B17DF37B-207D-A052-4D45-F862B3BF4C4C
31.10699,40.041153,1,B17DF37B-207D-A052-4D45-F862B3BF4C4C
32.223923,40.35283,1,B17DF37B-207D-A052-4D45-F862B3BF4C4C
-65.10541,-8.18096,0,B17DF37B-207D-A052-4D45-F862B3BF4C4C
18.799513,-15.324019,2,B17DF37B-207D-A052-4D45-F862B3BF4C4C
18.78292,-14.688237,2,B17DF37B-207D-A052-4D45-F862B3BF4C4C
18.849058,-14.25815,2,B17DF37B-207D-A052-4D45-F862B3BF4C4C
19.03627,-13.421774,2,B17DF37B-207D-A052-4D45-F862B3BF4C4C
19.182764,-12.811066,2,B17DF37B-207D-A052-4D45-F862B3BF4C4C
18.845366,-1.628329,1,B17DF37B-207D-A052-4D45-F862B3BF4C4C
21.328646,-19.368944,0,B17DF37B-207D-A052-4D45-F862B3BF4C4C
-5.022529,-62.6014,0,B17DF37B-207D-A052-4D45-F862B3BF4C4C
-5.0431614,-62.428967,0,B17DF37B-207D-A052-4D45-F862B3BF4C4C
-5.055629,-62.1254,0,B17DF37B-207D-A052-4D45-F862B3BF4C4C
34.28956,12.222191,1,B17DF37B-207D-A052-4D45-F862B3BF4C4C
34.389687,12.347191,2,B17DF37B-207D-A052-4D45-F862B3BF4C4C
-74.50353,17.376892,2,B2EE7EC5-4E5B-EBDD-E0EB-AF758B95C36A
-74.00909,16.864708,2,B2EE7EC5-4E5B-EBDD-E0EB-AF758B95C36A
-73.95779,16.291273,2,B2EE7EC5-4E5B-EBDD-E0EB-AF758B95C36A
-73.90032,15.696988,2,B2EE7EC5-4E5B-EBDD-E0EB-AF758B95C36A
-73.721016,14.542809,2,B2EE7EC5-4E5B-EBDD-E0EB-AF758B95C36A
-73.70696,14.306478,0,B2EE7EC5-4E5B-EBDD-E0EB-AF758B95C36A
-40.92587,-19.814892,1,B2EE7EC5-4E5B-EBDD-E0EB-AF758B95C36A
-41.069996,-19.954107,1,B2EE7EC5-4E5B-EBDD-E0EB-AF758B95C36A
-41.413612,-20.567846,1,B2EE7EC5-4E5B-EBDD-E0EB-AF758B95C36A
-41.58232,-21.073019,1,B2EE7EC5-4E5B-EBDD-E0EB-AF758B95C36A
-41.795837,-21.596691,1,B2EE7EC5-4E5B-EBDD-E0EB-AF758B95C36A
-42.36198,-21.952753,1,B2EE7EC5-4E5B-EBDD-E0EB-AF758B95C36A
50.764145,3.7968795,2,B2EE7EC5-4E5B-EBDD-E0EB-AF758B95C36A
51.364662,3.2926679,2,B2EE7EC5-4E5B-EBDD-E0EB-AF758B95C36A
51.895485,2.8044822,2,B2EE7EC5-4E5B-EBDD-E0EB-AF758B95C36A
51.853428,2.2890697,2,B2EE7EC5-4E5B-EBDD-E0EB-AF758B95C36A
51.708546,1.6263574,2,B2EE7EC5-4E5B-EBDD-E0EB-AF758B95C36A
51.521828,1.1225164,2,B2EE7EC5-4E5B-EBDD-E0EB-AF758B95C36A
-27.080704,-8.929114,2,B3CE5256-6F65-85EB-0078-689BD5CC1B17
-27.053173,-9.079407,2,B3CE5256-6F65-85EB-0078-689BD5CC1B17
-26.859112,-10.666783,0,B3CE5256-6F65-85EB-0078-689BD5CC1B17
-26.875284,-11.046025,0,B3CE5256-6F65-85EB-0078-689BD5CC1B17
43.75531,-24.955303,0,B3CE5256-6F65-85EB-0078-689BD5CC1B17
43.760918,-24.943367,2,B3CE5256-6F65-85EB-0078-689BD5CC1B17
56.88445,9.4998665,2,B3CE5256-6F65-85EB-0078-689BD5CC1B17
56.48492,9.207307,2,B3CE5256-6F65-85EB-0078-689BD5CC1B17
56.13551,8.699024,2,B3CE5256-6F65-85EB-0078-689BD5CC1B17
56.01491,8.097916,2,B3CE5256-6F65-85EB-0078-689BD5CC1B17
56.001457,7.126356,2,B3CE5256-6F65-85EB-0078-689BD5CC1B17
55.928547,6.313723,2,B3CE5256-6F65-85EB-0078-689BD5CC1B17
25.797066,8.1062,2,B3CE5256-6F65-85EB-0078-689BD5CC1B17
26.071405,8.080916,2,B3CE5256-6F65-85EB-0078-689BD5CC1B17
26.669128,8.060898,2,B3CE5256-6F65-85EB-0078-689BD5CC1B17
27.395803,8.441186,2,B3CE5256-6F65-85EB-0078-689BD5CC1B17
-12.261469,-37.395855,2,B3CE5256-6F65-85EB-0078-689BD5CC1B17
45.362175,17.623335,2,B3CE5256-6F65-85EB-0078-689BD5CC1B17
-13.271465,55.210213,2,B3CE5256-6F65-85EB-0078-689BD5CC1B17
-13.255344,55.180058,2,B3CE5256-6F65-85EB-0078-689BD5CC1B17
59.676647,38.40345,2,B3CE5256-6F65-85EB-0078-689BD5CC1B17
59.83233,38.30982,2,B3CE5256-6F65-85EB-0078-689BD5CC1B17
62.355686,36.978962,2,B3CE5256-6F65-85EB-0078-689BD5CC1B17
62.373837,36.966534,2,B3CE5256-6F65-85EB-0078-689BD5CC1B17
15.747468,17.671438,2,B3CE5256-6F65-85EB-0078-689BD5CC1B17
15.669141,17.619652,2,B3CE5256-6F65-85EB-0078-689BD5CC1B17
14.539587,17.223711,2,B3CE5256-6F65-85EB-0078-689BD5CC1B17
14.009207,16.987833,0,B3CE5256-6F65-85EB-0078-689BD5CC1B17
13.097538,16.037313,0,B3CE5256-6F65-85EB-0078-689BD5CC1B17
12.933096,15.919247,0,B3CE5256-6F65-85EB-0078-689BD5CC1B17
9.171456,-16.651583,0,B6EE5F90-8F59-D3CF-C449-59216B28207B
9.118344,-16.566555,0,B6EE5F90-8F59-D3CF-C449-59216B28207B
65.28749,12.047179,0,B6EE5F90-8F59-D3CF-C449-59216B28207B
65.333405,11.976773,2,B6EE5F90-8F59-D3CF-C449-59216B28207B
72.52143,16.774994,2,B6EE5F90-8F59-D3CF-C449-59216B28207B
72.58922,16.784735,2,B6EE5F90-8F59-D3CF-C449-59216B28207B
-71.88267,-20.627996,0,B6EE5F90-8F59-D3CF-C449-59216B28207B
-71.791916,-20.478575,0,B6EE5F90-8F59-D3CF-C449-59216B28207B
-71.24658,-19.614693,0,B6EE5F90-8F59-D3CF-C449-59216B28207B
-70.82662,-18.988062,0,B6EE5F90-8F59-D3CF-C449-59216B28207B
-70.26527,-18.25846,0,B6EE5F90-8F59-D3CF-C449-59216B28207B
-70.35146,-18.348316,0,B6EE5F90-8F59-D3CF-C449-59216B28207B
33.406666,-33.409645,0,B6EE5F90-8F59-D3CF-C449-59216B28207B
33.502235,-33.456074,0,B6EE5F90-8F59-D3CF-C449-59216B28207B
34.839516,-34.086853,0,B6EE5F90-8F59-D3CF-C449-59216B28207B
35.127956,-34.23613,2,B6EE5F90-8F59-D3CF-C449-59216B28207B
69.96164,17.195492,2,B6EE5F90-8F59-D3CF-C449-59216B28207B
69.91873,17.24448,2,B6EE5F90-8F59-D3CF-C449-59216B28207B
-71.02717,25.42915,2,B9FD0C60-33D3-E99E-2475-815EAD5C89C2
-71.19554,25.274551,2,B9FD0C60-33D3-E99E-2475-815EAD5C89C2
-71.69974,24.556223,2,B9FD0C60-33D3-E99E-2475-815EAD5C89C2
-71.686,24.396187,2,B9FD0C60-33D3-E99E-2475-815EAD5C89C2
-59.16991,9.794533,0,B9FD0C60-33D3-E99E-2475-815EAD5C89C2
-59.06531,9.875245,0,B9FD0C60-33D3-E99E-2475-815EAD5C89C2
-58.907734,11.824606,0,B9FD0C60-33D3-E99E-2475-815EAD5C89C2
-58.80503,12.728933,0,B9FD0C60-33D3-E99E-2475-815EAD5C89C2
-58.74707,13.205825,2,B9FD0C60-33D3-E99E-2475-815EAD5C89C2
-58.643177,13.780355,2,B9FD0C60-33D3-E99E-2475-815EAD5C89C2
-42.212624,19.351427,2,B9FD0C60-33D3-E99E-2475-815EAD5C89C2
-42.290974,19.25263,2,B9FD0C60-33D3-E99E-2475-815EAD5C89C2
-8.233894,14.70319,0,B9FD0C60-33D3-E99E-2475-815EAD5C89C2
-7.509194,14.75388,0,B9FD0C60-33D3-E99E-2475-815EAD5C89C2
-7.2236023,14.906027,2,B9FD0C60-33D3-E99E-2475-815EAD5C89C2
-6.721205,14.737618,2,B9FD0C60-33D3-E99E-2475-815EAD5C89C2
-6.120327,14.2970915,2,B9FD0C60-33D3-E99E-2475-815EAD5C89C2
-5.837093,14.103185,2,B9FD0C60-33D3-E99E-2475-815EAD5C89C2
-51.03225,22.431757,2,BAAA2876-D490-2AB5-0A98-6EB94C7FC331
-50.95476,22.532349,2,BAAA2876-D490-2AB5-0A98-6EB94C7FC331
-50.75427,22.977545,2,BAAA2876-D490-2AB5-0A98-6EB94C7FC331
-33.949852,43.933163,2,BAAA2876-D490-2AB5-0A98-6EB94C7FC331
-33.822098,44.444374,2,BAAA2876-D490-2AB5-0A98-6EB94C7FC331
-33.370544,45.44502,2,BAAA2876-D490-2AB5-0A98-6EB94C7FC331
-33.179955,45.73444,2,BAAA2876-D490-2AB5-0A98-6EB94C7FC331
-33.7565,46.25974,2,BAAA2876-D490-2AB5-0A98-6EB94C7FC331
-34.75844,46.529385,2,BAAA2876-D490-2AB5-0A98-6EB94C7FC331
-35.764717,47.195904,2,BAAA2876-D490-2AB5-0A98-6EB94C7FC331
-35.877914,46.543865,2,BAAA2876-D490-2AB5-0A98-6EB94C7FC331
-36.3284,46.61983,1,BAAA2876-D490-2AB5-0A98-6EB94C7FC331
-32.438023,-31.040533,1,BAAA2876-D490-2AB5-0A98-6EB94C7FC331
-32.323387,-31.085995,0,BAAA2876-D490-2AB5-0A98-6EB94C7FC331
-10.5340185,-6.3926044,0,BAAA2876-D490-2AB5-0A98-6EB94C7FC331
-10.449991,-6.004165,2,BAAA2876-D490-2AB5-0A98-6EB94C7FC331
-10.311585,-4.685626,2,BAAA2876-D490-2AB5-0A98-6EB94C7FC331
-10.295674,-4.6224585,2,BAAA2876-D490-2AB5-0A98-6EB94C7FC331
5.2631803,46.456913,2,BAAA2876-D490-2AB5-0A98-6EB94C7FC331
5.348104,46.930103,2,BAAA2876-D490-2AB5-0A98-6EB94C7FC331
5.5588713,47.793617,2,BAAA2876-D490-2AB5-0A98-6EB94C7FC331
5.7553673,48.524624,2,BAAA2876-D490-2AB5-0A98-6EB94C7FC331
6.306459,49.776142,2,BAAA2876-D490-2AB5-0A98-6EB94C7FC331
6.2928715,49.770885,2,BAAA2876-D490-2AB5-0A98-6EB94C7FC331
21.882448,-15.814352,0,BAAA2876-D490-2AB5-0A98-6EB94C7FC331
22.352283,-15.601997,0,BAAA2876-D490-2AB5-0A98-6EB94C7FC331
23.228163,-15.325276,0,BAAA2876-D490-2AB5-0A98-6EB94C7FC331
23.277538,-15.305275,0,BAAA2876-D490-2AB5-0A98-6EB94C7FC331
-48.149586,16.993773,0,BC7EE230-0AF9-3AC5-24E5-8EC4B0B432A8
-48.05329,16.952461,0,BC7EE230-0AF9-3AC5-24E5-8EC4B0B432A8
-46.323887,16.773876,2,BC7EE230-0AF9-3AC5-24E5-8EC4B0B432A8
-45.85638,16.640419,2,BC7EE230-0AF9-3AC5-24E5-8EC4B0B432A8
-35.001446,14.152621,2,BC7EE230-0AF9-3AC5-24E5-8EC4B0B432A8
-34.490818,14.006902,2,BC7EE230-0AF9-3AC5-24E5-8EC4B0B432A8
-33.499737,13.637537,2,BC7EE230-0AF9-3AC5-24E5-8EC4B0B432A8
-32.16986,12.682186,2,BC7EE230-0AF9-3AC5-24E5-8EC4B0B432A8
-31.786034,12.285408,2,BC7EE230-0AF9-3AC5-24E5-8EC4B0B432A8
-31.562702,12.076642,2,BC7EE230-0AF9-3AC5-24E5-8EC4B0B432A8
-31.104939,11.128928,2,BC7EE230-0AF9-3AC5-24E5-8EC4B0B432A8
-30.374002,-25.960447,2,BC7EE230-0AF9-3AC5-24E5-8EC4B0B432A8
-23.579369,-28.56346,0,BC7EE230-0AF9-3AC5-24E5-8EC4B0B432A8
-23.833876,-27.928148,0,BC7EE230-0AF9-3AC5-24E5-8EC4B0B432A8
-23.893852,-27.699764,0,BC7EE230-0AF9-3AC5-24E5-8EC4B0B432A8
3.2505732,-49.75121,0,BC7EE230-0AF9-3AC5-24E5-8EC4B0B432A8
3.289416,-50.531345,0,BC7EE230-0AF9-3AC5-24E5-8EC4B0B432A8
3.2594106,-50.708992,0,BC7EE230-0AF9-3AC5-24E5-8EC4B0B432A8
2.3227296,36.937145,2,BC7EE230-0AF9-3AC5-24E5-8EC4B0B432A8
3.1744595,37.178402,2,BC7EE230-0AF9-3AC5-24E5-8EC4B0B432A8
3.5586839,37.238365,2,BC7EE230-0AF9-3AC5-24E5-8EC4B0B432A8
3.7921581,37.413193,2,BC7EE230-0AF9-3AC5-24E5-8EC4B0B432A8
4.27637,37.213306,2,BC7EE230-0AF9-3AC5-24E5-8EC4B0B432A8
5.197405,37.39898,2,BC7EE230-0AF9-3AC5-24E5-8EC4B0B432A8
44.975403,1.0119772,2,BC7EE230-0AF9-3AC5-24E5-8EC4B0B432A8
45.063477,0.9946432,2,BC7EE230-0AF9-3AC5-24E5-8EC4B0B432A8
46.075993,1.5092615,2,BC7EE230-0AF9-3AC5-24E5-8EC4B0B432A8
46.309372,1.620188,2,BC7EE230-0AF9-3AC5-24E5-8EC4B0B432A8
53.727142,0.5039497,2,BC7EE230-0AF9-3AC5-24E5-8EC4B0B432A8
53.952976,0.3813021,2,BC7EE230-0AF9-3AC5-24E5-8EC4B0B432A8
19.117155,32.237015,2,BD35F47E-4F73-8664-B165-98D2BF2CDA48
19.14804,31.673624,0,BD35F47E-4F73-8664-B165-98D2BF2CDA48
19.167337,31.286211,0,BD35F47E-4F73-8664-B165-98D2BF2CDA48
-67.58533,-11.292577,0,BD35F47E-4F73-8664-B165-98D2BF2CDA48
-67.42011,-11.741739,0,BD35F47E-4F73-8664-B165-98D2BF2CDA48
-67.181435,-12.143872,0,BD35F47E-4F73-8664-B165-98D2BF2CDA48
-66.93721,-12.6083555,0,BD35F47E-4F73-8664-B165-98D2BF2CDA48
-40.936783,-40.221493,1,BD35F47E-4F73-8664-B165-98D2BF2CDA48
-40.887703,-40.122883,1,BD35F47E-4F73-8664-B165-98D2BF2CDA48
-40.503006,-38.496387,1,BD35F47E-4F73-8664-B165-98D2BF2CDA48
-40.50822,-37.862747,1,BD35F47E-4F73-8664-B165-98D2BF2CDA48
-40.601273,-37.591896,1,BD35F47E-4F73-8664-B165-98D2BF2CDA48
35.074783,-25.604462,1,BD35F47E-4F73-8664-B165-98D2BF2CDA48
36.228973,-24.420612,1,BD35F47E-4F73-8664-B165-98D2BF2CDA48
36.41139,-24.176817,1,BD35F47E-4F73-8664-B165-98D2BF2CDA48
36.88996,-23.548845,1,BD35F47E-4F73-8664-B165-98D2BF2CDA48
37.325462,-22.22946,1,BD35F47E-4F73-8664-B165-98D2BF2CDA48
37.343597,-22.035398,1,BD35F47E-4F73-8664-B165-98D2BF2CDA48
25.221964,-56.296684,1,BD35F47E-4F73-8664-B165-98D2BF2CDA48
25.42246,-57.04112,1,BD35F47E-4F73-8664-B165-98D2BF2CDA48
25.700327,-57.382637,1,BD35F47E-4F73-8664-B165-98D2BF2CDA48
26.695269,-57.867767,1,BD35F47E-4F73-8664-B165-98D2BF2CDA48
27.742193,-57.92524,1,BD35F47E-4F73-8664-B165-98D2BF2CDA48
25.249392,17.406342,2,BD35F47E-4F73-8664-B165-98D2BF2CDA48
-11.437814,-67.34173,0,BD35F47E-4F73-8664-B165-98D2BF2CDA48
-11.2417345,-67.18979,0,BD35F47E-4F73-8664-B165-98D2BF2CDA48
-10.207757,-66.64755,0,BD35F47E-4F73-8664-B165-98D2BF2CDA48
-9.816507,-66.36149,0,BD35F47E-4F73-8664-B165-98D2BF2CDA48
-9.4979315,-66.07108,0,BD35F47E-4F73-8664-B165-98D2BF2CDA48
-9.543011,-65.25766,1,BD35F47E-4F73-8664-B165-98D2BF2CDA48
-26.030466,-42.63432,2,C0ABDBF6-67EF-EA64-A2D1-42FA92BD5713
-39.041473,-35.57713,2,C0ABDBF6-67EF-EA64-A2D1-42FA92BD5713
-39.13057,-35.58961,2,C0ABDBF6-67EF-EA64-A2D1-42FA92BD5713
-43.486614,42.044136,2,C24A665A-6B67-FDEA-04A4-C2DA3AF79D51
-43.38909,42.12201,2,C24A665A-6B67-FDEA-04A4-C2DA3AF79D51
-42.873844,42.510323,2,C24A665A-6B67-FDEA-04A4-C2DA3AF79D51
-41.32413,43.81731,2,C24A665A-6B67-FDEA-04A4-C2DA3AF79D51
-40.672916,44.56055,2,C24A665A-6B67-FDEA-04A4-C2DA3AF79D51
-40.706276,44.444958,2,C24A665A-6B67-FDEA-04A4-C2DA3AF79D51
10.953939,-63.159103,0,C24A665A-6B67-FDEA-04A4-C2DA3AF79D51
10.990835,-63.06181,0,C24A665A-6B67-FDEA-04A4-C2DA3AF79D51
20.672045,-56.343563,0,C24A665A-6B67-FDEA-04A4-C2DA3AF79D51
20.65361,-56.134068,0,C24A665A-6B67-FDEA-04A4-C2DA3AF79D51
20.905907,-55.287994,0,C24A665A-6B67-FDEA-04A4-C2DA3AF79D51
20.566969,-54.795948,0,C24A665A-6B67-FDEA-04A4-C2DA3AF79D51
18.958694,-54.15056,0,C24A665A-6B67-FDEA-04A4-C2DA3AF79D51
18.435846,-53.923542,0,C24A665A-6B67-FDEA-04A4-C2DA3AF79D51
17.422007,-53.41558,0,C24A665A-6B67-FDEA-04A4-C2DA3AF79D51
18.44548,-24.172419,0,C24A665A-6B67-FDEA-04A4-C2DA3AF79D51
18.349817,-23.490059,0,C24A665A-6B67-FDEA-04A4-C2DA3AF79D51
18.28486,-23.204905,0,C24A665A-6B67-FDEA-04A4-C2DA3AF79D51
2.0208156,0.36360234,2,C24A665A-6B67-FDEA-04A4-C2DA3AF79D51
2.0442948,0.26060212,2,C24A665A-6B67-FDEA-04A4-C2DA3AF79D51
2.2729428,-0.7498763,2,C24A665A-6B67-FDEA-04A4-C2DA3AF79D51
2.3443034,-1.0875821,2,C24A665A-6B67-FDEA-04A4-C2DA3AF79D51
-4.4727445,-68.92211,0,C24A665A-6B67-FDEA-04A4-C2DA3AF79D51
-4.4948483,-68.92534,0,C24A665A-6B67-FDEA-04A4-C2DA3AF79D51
-44.741066,-29.128475,0,C5DC661F-E2D6-2B65-4765-77C8B81D2488
-44.76636,-29.197075,0,C5DC661F-E2D6-2B65-4765-77C8B81D2488
-13.781553,-26.734749,0,C5DC661F-E2D6-2B65-4765-77C8B81D2488
-13.2807,-27.269941,0,C5DC661F-E2D6-2B65-4765-77C8B81D2488
-12.553112,-27.751093,0,C5DC661F-E2D6-2B65-4765-77C8B81D2488
-12.3271265,-27.878666,0,C5DC661F-E2D6-2B65-4765-77C8B81D2488
-35.208847,-45.4338,0,C5DC661F-E2D6-2B65-4765-77C8B81D2488
-35.357883,-45.339603,0,C5DC661F-E2D6-2B65-4765-77C8B81D2488
-36.607155,-44.51543,0,C5DC661F-E2D6-2B65-4765-77C8B81D2488
-36.793964,-43.66929,0,C5DC661F-E2D6-2B65-4765-77C8B81D2488
33.58311,-23.93529,0,C5DC661F-E2D6-2B65-4765-77C8B81D2488
33.85208,-23.84413,0,C5DC661F-E2D6-2B65-4765-77C8B81D2488
53.577778,-1.5332197,2,C5DC661F-E2D6-2B65-4765-77C8B81D2488
16.862991,-56.813564,0,C5DC661F-E2D6-2B65-4765-77C8B81D2488
16.568943,-56.79983,0,C5DC661F-E2D6-2B65-4765-77C8B81D2488
29.508955,-61.308628,0,C5DC661F-E2D6-2B65-4765-77C8B81D2488
29.559603,-61.328293,0,C5DC661F-E2D6-2B65-4765-77C8B81D2488
29.901625,5.5282383,0,C5DC661F-E2D6-2B65-4765-77C8B81D2488
30.412973,6.1049013,2,C5DC661F-E2D6-2B65-4765-77C8B81D2488
30.626738,6.3742795,2,C5DC661F-E2D6-2B65-4765-77C8B81D2488
40.782375,25.423267,2,C5DC661F-E2D6-2B65-4765-77C8B81D2488
41.400032,25.692646,2,C5DC661F-E2D6-2B65-4765-77C8B81D2488
41.78842,25.798712,2,C5DC661F-E2D6-2B65-4765-77C8B81D2488
42.403954,25.968842,2,C5DC661F-E2D6-2B65-4765-77C8B81D2488
-4.6054287,-13.726442,2,C5DC661F-E2D6-2B65-4765-77C8B81D2488
-4.3641934,-12.797725,0,C5DC661F-E2D6-2B65-4765-77C8B81D2488
-4.0413985,-12.040648,0,C5DC661F-E2D6-2B65-4765-77C8B81D2488
-4.0031686,-11.929525,2,C5DC661F-E2D6-2B65-4765-77C8B81D2488
0.8614226,53.711506,2,C5DC661F-E2D6-2B65-4765-77C8B81D2488
0.734376,53.795216,2,C5DC661F-E2D6-2B65-4765-77C8B81D2488
-0.37610912,54.521114,2,C5DC661F-E2D6-2B65-4765-77C8B81D2488
-0.57741904,55.118896,2,C5DC661F-E2D6-2B65-4765-77C8B81D2488
-0.5969139,55.28309,2,C5DC661F-E2D6-2B65-4765-77C8B81D2488
-0.6737171,56.481808,2,C5DC661F-E2D6-2B65-4765-77C8B81D2488
-0.51522875,56.969406,2,C5DC661F-E2D6-2B65-4765-77C8B81D2488
-0.2939285,57.4774,2,C5DC661F-E2D6-2B65-4765-77C8B81D2488
-73.66258,9.389919,1,C8BB6C15-19FA-A17A-5945-6202803016D7
-73.354645,8.73196,1,C8BB6C15-19FA-A17A-5945-6202803016D7
-73.15094,8.244905,1,C8BB6C15-19FA-A17A-5945-6202803016D7
-73.00048,7.731201,1,C8BB6C15-19FA-A17A-5945-6202803016D7
-72.7859,6.8478236,0,C8BB6C15-19FA-A17A-5945-6202803016D7
-72.665146,6.346743,0,C8BB6C15-19FA-A17A-5945-6202803016D7
27.664768,58.810337,2,C8BB6C15-19FA-A17A-5945-6202803016D7
27.03011,59.282295,2,C8BB6C15-19FA-A17A-5945-6202803016D7
26.309824,59.8888,2,C8BB6C15-19FA-A17A-5945-6202803016D7
25.986403,60.033894,1,C8BB6C15-19FA-A17A-5945-6202803016D7
25.24567,60.181316,1,C8BB6C15-19FA-A17A-5945-6202803016D7
24.657759,60.340145,1,C8BB6C15-19FA-A17A-5945-6202803016D7
10.489962,21.740873,2,C8BB6C15-19FA-A17A-5945-6202803016D7
11.064786,21.273054,2,C8BB6C15-19FA-A17A-5945-6202803016D7
11.496148,20.982597,0,C8BB6C15-19FA-A17A-5945-6202803016D7
11.809269,20.811075,0,C8BB6C15-19FA-A17A-5945-6202803016D7
17.115198,-29.25272,0,C8BB6C15-19FA-A17A-5945-6202803016D7
3.0646338,-60.31979,0,C8BB6C15-19FA-A17A-5945-6202803016D7
28.836418,-53.493576,1,C8BB6C15-19FA-A17A-5945-6202803016D7
28.603518,-53.469147,1,C8BB6C15-19FA-A17A-5945-6202803016D7
27.852118,-53.32936,1,C8BB6C15-19FA-A17A-5945-6202803016D7
24.472437,-52.729656,1,C8BB6C15-19FA-A17A-5945-6202803016D7
24.981798,-51.374508,1,C8BB6C15-19FA-A17A-5945-6202803016D7
24.92098,-51.22364,2,C8BB6C15-19FA-A17A-5945-6202803016D7
-64.388084,21.365965,2,CCA3ABC5-DCCE-0BBE-5327-E65AE52A195D
-64.524734,21.75434,2,CCA3ABC5-DCCE-0BBE-5327-E65AE52A195D
-64.79507,22.267618,2,CCA3ABC5-DCCE-0BBE-5327-E65AE52A195D
-65.23391,23.045689,2,CCA3ABC5-DCCE-0BBE-5327-E65AE52A195D
-65.434525,23.468412,2,CCA3ABC5-DCCE-0BBE-5327-E65AE52A195D
-65.744354,24.240284,2,CCA3ABC5-DCCE-0BBE-5327-E65AE52A195D
-37.266987,19.839102,2,CCA3ABC5-DCCE-0BBE-5327-E65AE52A195D
-37.24165,19.860203,2,CCA3ABC5-DCCE-0BBE-5327-E65AE52A195D
-38.631058,-3.7581818,2,CCA3ABC5-DCCE-0BBE-5327-E65AE52A195D
-38.827797,-4.264321,2,CCA3ABC5-DCCE-0BBE-5327-E65AE52A195D
-38.999676,-4.636484,2,CCA3ABC5-DCCE-0BBE-5327-E65AE52A195D
-38.950344,-4.835578,2,CCA3ABC5-DCCE-0BBE-5327-E65AE52A195D
-58.602592,2.0742419,1,CCA3ABC5-DCCE-0BBE-5327-E65AE52A195D
-58.34926,1.553144,1,CCA3ABC5-DCCE-0BBE-5327-E65AE52A195D
-58.13434,1.072539,1,CCA3ABC5-DCCE-0BBE-5327-E65AE52A195D
-57.610413,-0.5344521,1,CCA3ABC5-DCCE-0BBE-5327-E65AE52A195D
-57.262928,-1.0699686,1,CCA3ABC5-DCCE-0BBE-5327-E65AE52A195D
-56.812,-1.5607212,2,CCA3ABC5-DCCE-0BBE-5327-E65AE52A195D
-34.854847,-30.468378,1,CCA3ABC5-DCCE-0BBE-5327-E65AE52A195D
-35.14128,-30.743517,1,CCA3ABC5-DCCE-0BBE-5327-E65AE52A195D
-35.607803,-31.151567,1,CCA3ABC5-DCCE-0BBE-5327-E65AE52A195D
-29.068945,-20.68392,1,CCA3ABC5-DCCE-0BBE-5327-E65AE52A195D
-28.79321,-20.187267,1,CCA3ABC5-DCCE-0BBE-5327-E65AE52A195D
-28.546904,-19.687738,2,CCA3ABC5-DCCE-0BBE-5327-E65AE52A195D
41.13758,9.092641,2,CD5833CD-93D3-318C-371A-18A32DEFC38B
40.423756,8.754684,2,CD5833CD-93D3-318C-371A-18A32DEFC38B
39.57411,8.7947445,2,CD5833CD-93D3-318C-371A-18A32DEFC38B
39.235783,8.978446,2,CD5833CD-93D3-318C-371A-18A32DEFC38B
38.50944,10.326372,2,CD5833CD-93D3-318C-371A-18A32DEFC38B
38.488525,10.361162,2,CD5833CD-93D3-318C-371A-18A32DEFC38B
26.389387,4.8627396,2,CD5833CD-93D3-318C-371A-18A32DEFC38B
26.428177,4.8772674,2,CD5833CD-93D3-318C-371A-18A32DEFC38B
50.010117,33.178986,2,CD5833CD-93D3-318C-371A-18A32DEFC38B
50.734177,32.518387,2,CD5833CD-93D3-318C-371A-18A32DEFC38B
50.823936,32.394928,2,CD5833CD-93D3-318C-371A-18A32DEFC38B
13.675086,11.219035,2,CD5833CD-93D3-318C-371A-18A32DEFC38B
13.223813,11.044411,0,CD5833CD-93D3-318C-371A-18A32DEFC38B
12.882826,10.928234,0,CD5833CD-93D3-318C-371A-18A32DEFC38B
-65.18873,9.329972,0,CD5833CD-93D3-318C-371A-18A32DEFC38B
-65.10582,9.366823,0,CD5833CD-93D3-318C-371A-18A32DEFC38B
-37.030743,16.903019,0,CD5833CD-93D3-318C-371A-18A32DEFC38B
-37.17309,16.82516,2,CD5833CD-93D3-318C-371A-18A32DEFC38B
15.429269,37.672226,2,CD5833CD-93D3-318C-371A-18A32DEFC38B
33.251526,-18.220486,2,CD5833CD-93D3-318C-371A-18A32DEFC38B
33.225536,-18.48714,2,CD5833CD-93D3-318C-371A-18A32DEFC38B
33.12706,-19.100101,2,CD5833CD-93D3-318C-371A-18A32DEFC38B
8.885882,35.182755,2,CD5833CD-93D3-318C-371A-18A32DEFC38B
8.825756,35.18265,2,CD5833CD-93D3-318C-371A-18A32DEFC38B
62.747864,6.6033163,2,CD5833CD-93D3-318C-371A-18A32DEFC38B
62.32633,6.623295,2,CD5833CD-93D3-318C-371A-18A32DEFC38B
62.178864,6.6242967,2,CD5833CD-93D3-318C-371A-18A32DEFC38B
63.416656,7.023341,2,CD5833CD-93D3-318C-371A-18A32DEFC38B
63.70536,8.084851,2,CD5833CD-93D3-318C-371A-18A32DEFC38B
63.995552,8.9166155,2,CD5833CD-93D3-318C-371A-18A32DEFC38B
17.862652,9.41968,1,D0F7ABC0-F552-63CD-CAC6-6703C39B83CA
18.014389,9.795398,1,D0F7ABC0-F552-63CD-CAC6-6703C39B83CA
18.244062,10.475218,2,D0F7ABC0-F552-63CD-CAC6-6703C39B83CA
18.448532,11.042326,2,D0F7ABC0-F552-63CD-CAC6-6703C39B83CA
24.564665,41.2448,2,D0F7ABC0-F552-63CD-CAC6-6703C39B83CA
24.562824,41.2544,2,D0F7ABC0-F552-63CD-CAC6-6703C39B83CA
-56.74801,-30.173107,0,D0F7ABC0-F552-63CD-CAC6-6703C39B83CA
-57.295788,-30.259167,1,D0F7ABC0-F552-63CD-CAC6-6703C39B83CA
-57.37846,-30.268818,1,D0F7ABC0-F552-63CD-CAC6-6703C39B83CA
-32.58197,16.936186,0,D51A5648-0039-8CB1-45CB-C51E5ABA8BCC
-17.766027,14.776441,0,D51A5648-0039-8CB1-45CB-C51E5ABA8BCC
-17.787878,14.67581,0,D51A5648-0039-8CB1-45CB-C51E5ABA8BCC
-16.808067,14.897667,2,D51A5648-0039-8CB1-45CB-C51E5ABA8BCC
-16.187216,15.002678,2,D51A5648-0039-8CB1-45CB-C51E5ABA8BCC
-15.896718,15.054215,0,D51A5648-0039-8CB1-45CB-C51E5ABA8BCC
-19.022448,-50.00396,0,D51A5648-0039-8CB1-45CB-C51E5ABA8BCC
-41.077854,-27.086657,0,D51A5648-0039-8CB1-45CB-C51E5ABA8BCC
-41.13022,-26.47001,0,D51A5648-0039-8CB1-45CB-C51E5ABA8BCC
-41.08819,-25.751287,0,D51A5648-0039-8CB1-45CB-C51E5ABA8BCC
-41.07712,-25.482328,1,D51A5648-0039-8CB1-45CB-C51E5ABA8BCC
-10.44657,-3.6222768,1,D51A5648-0039-8CB1-45CB-C51E5ABA8BCC
8.908428,44.472332,2,D51A5648-0039-8CB1-45CB-C51E5ABA8BCC
8.644383,44.45986,2,D51A5648-0039-8CB1-45CB-C51E5ABA8BCC
8.0351515,44.380486,2,D51A5648-0039-8CB1-45CB-C51E5ABA8BCC
8.381793,39.963852,2,D51A5648-0039-8CB1-45CB-C51E5ABA8BCC
8.428569,39.74628,2,D51A5648-0039-8CB1-45CB-C51E5ABA8BCC
8.614635,39.237885,2,D51A5648-0039-8CB1-45CB-C51E5ABA8BCC
-63.22821,-2.9900095,2,D57F474B-B38C-E9AF-73CC-2CF16EED3827
26.426815,48.122322,2,D57F474B-B38C-E9AF-73CC-2CF16EED3827
26.989124,47.59898,2,D57F474B-B38C-E9AF-73CC-2CF16EED3827
27.243727,47.342354,2,D57F474B-B38C-E9AF-73CC-2CF16EED3827
27.825224,46.6878,1,D57F474B-B38C-E9AF-73CC-2CF16EED3827
28.043873,46.48415,2,D57F474B-B38C-E9AF-73CC-2CF16EED3827
-23.397547,-57.565235,0,D57F474B-B38C-E9AF-73CC-2CF16EED3827
-23.356245,-57.550724,0,D57F474B-B38C-E9AF-73CC-2CF16EED3827
-14.101127,-58.681847,0,D57F474B-B38C-E9AF-73CC-2CF16EED3827
-13.885003,-59.53317,0,D57F474B-B38C-E9AF-73CC-2CF16EED3827
-13.964856,-59.89056,0,D57F474B-B38C-E9AF-73CC-2CF16EED3827
-13.979967,-60.469593,0,D57F474B-B38C-E9AF-73CC-2CF16EED3827
48.01172,19.573444,2,D57F474B-B38C-E9AF-73CC-2CF16EED3827
48.382797,19.134863,2,D57F474B-B38C-E9AF-73CC-2CF16EED3827
48.70113,18.611176,2,D57F474B-B38C-E9AF-73CC-2CF16EED3827
49.430855,16.901697,0,D57F474B-B38C-E9AF-73CC-2CF16EED3827
49.524166,16.763847,0,D57F474B-B38C-E9AF-73CC-2CF16EED3827
4.6736126,-45.26657,0,D57F474B-B38C-E9AF-73CC-2CF16EED3827
16.671919,13.657367,1,D57F474B-B38C-E9AF-73CC-2CF16EED3827
16.578032,13.955972,1,D57F474B-B38C-E9AF-73CC-2CF16EED3827
16.31751,14.693545,1,D57F474B-B38C-E9AF-73CC-2CF16EED3827
37.92891,41.141914,1,D57F474B-B38C-E9AF-73CC-2CF16EED3827
37.9351,40.922623,1,D57F474B-B38C-E9AF-73CC-2CF16EED3827
37.935562,39.62115,1,D57F474B-B38C-E9AF-73CC-2CF16EED3827
13.37801,-12.208331,1,D57F474B-B38C-E9AF-73CC-2CF16EED3827
13.408238,-12.200749,1,D57F474B-B38C-E9AF-73CC-2CF16EED3827
11.930126,-12.93614,1,D57F474B-B38C-E9AF-73CC-2CF16EED3827
11.56056,-13.247388,1,D57F474B-B38C-E9AF-73CC-2CF16EED3827
11.085436,-13.677372,0,D57F474B-B38C-E9AF-73CC-2CF16EED3827
15.638674,-39.484257,0,D57F474B-B38C-E9AF-73CC-2CF16EED3827
-25.208057,-18.470896,2,D57F474B-B38C-E9AF-73CC-2CF16EED3827
-24.783346,-18.896023,2,D57F474B-B38C-E9AF-73CC-2CF16EED3827
31.767319,-15.164163,0,D6D11A63-A131-4E74-041D-6E3BD8EFF8FF
32.130363,-14.918196,2,D6D11A63-A131-4E74-041D-6E3BD8EFF8FF
28.458012,30.166325,2,D6D11A63-A131-4E74-041D-6E3BD8EFF8FF
28.817596,29.190971,2,D6D11A63-A131-4E74-041D-6E3BD8EFF8FF
28.664528,29.22335,2,D6D11A63-A131-4E74-041D-6E3BD8EFF8FF
28.484657,29.245836,2,D6D11A63-A131-4E74-041D-6E3BD8EFF8FF
-49.045315,10.875282,2,D6D11A63-A131-4E74-041D-6E3BD8EFF8FF
-49.3603,10.397118,2,D6D11A63-A131-4E74-041D-6E3BD8EFF8FF
-49.535107,10.069976,2,D6D11A63-A131-4E74-041D-6E3BD8EFF8FF
-2.6160734,11.8744335,2,D6D11A63-A131-4E74-041D-6E3BD8EFF8FF
30.825354,20.353481,2,D6D11A63-A131-4E74-041D-6E3BD8EFF8FF
30.785835,20.287344,2,D6D11A63-A131-4E74-041D-6E3BD8EFF8FF
-60.85572,-6.8778067,0,D6D11A63-A131-4E74-041D-6E3BD8EFF8FF
-60.59918,-7.345468,0,D6D11A63-A131-4E74-041D-6E3BD8EFF8FF
-60.44051,-7.653572,0,D6D11A63-A131-4E74-041D-6E3BD8EFF8FF
-60.24639,-8.359891,0,D6D11A63-A131-4E74-041D-6E3BD8EFF8FF
-55.488148,-23.922363,0,D6D11A63-A131-4E74-041D-6E3BD8EFF8FF
-55.47877,-23.91887,0,D6D11A63-A131-4E74-041D-6E3BD8EFF8FF
-64.280525,26.78688,1,D8D27F81-4F83-E10A-448A-735447867552
-64.23972,26.995996,1,D8D27F81-4F83-E10A-448A-735447867552
-60.537987,38.495094,1,D8D27F81-4F83-E10A-448A-735447867552
-59.980003,38.676655,2,D8D27F81-4F83-E10A-448A-735447867552
-58.663048,38.28307,2,D8D27F81-4F83-E10A-448A-735447867552
-58.39284,37.767784,2,D8D27F81-4F83-E10A-448A-735447867552
-58.278954,37.190403,2,D8D27F81-4F83-E10A-448A-735447867552
-58.30876,36.453022,2,D8D27F81-4F83-E10A-448A-735447867552
-58.425716,35.75213,2,D8D27F81-4F83-E10A-448A-735447867552
-58.449364,33.29692,2,D8D27F81-4F83-E10A-448A-735447867552
-57.962585,32.827404,2,D8D27F81-4F83-E10A-448A-735447867552
-57.83023,32.686054,0,D8D27F81-4F83-E10A-448A-735447867552
-33.862537,-40.368576,0,D8D27F81-4F83-E10A-448A-735447867552
-33.981228,-40.772175,0,D8D27F81-4F83-E10A-448A-735447867552
-33.912567,-41.140694,1,D8D27F81-4F83-E10A-448A-735447867552
-33.770935,-41.429146,1,D8D27F81-4F83-E10A-448A-735447867552
-33.28979,-42.07189,0,D8D27F81-4F83-E10A-448A-735447867552
-33.87982,-38.0859,0,D8D27F81-4F83-E10A-448A-735447867552
73.0883,4.83981,2,D8D27F81-4F83-E10A-448A-735447867552
73.31174,4.766972,2,D8D27F81-4F83-E10A-448A-735447867552
73.90744,4.367033,1,D8D27F81-4F83-E10A-448A-735447867552
75.43341,3.4548533,1,D8D27F81-4F83-E10A-448A-735447867552
75.551926,3.3958611,1,D8D27F81-4F83-E10A-448A-735447867552
76.19386,3.204889,1,D8D27F81-4F83-E10A-448A-735447867552
34.064556,-2.160629,2,D8D27F81-4F83-E10A-448A-735447867552
35.647015,-0.75778246,2,D8D27F81-4F83-E10A-448A-735447867552
36.077568,-0.3225776,2,D8D27F81-4F83-E10A-448A-735447867552
36.392998,0.08375238,2,D8D27F81-4F83-E10A-448A-735447867552
36.635975,0.4872388,2,D8D27F81-4F83-E10A-448A-735447867552
36.871338,0.89576626,0,D8D27F81-4F83-E10A-448A-735447867552
-43.84627,-35.22588,0,D8D27F81-4F83-E10A-448A-735447867552
-43.88431,-35.69253,0,D8D27F81-4F83-E10A-448A-735447867552
-43.676144,-39.775623,0,D8D27F81-4F83-E10A-448A-735447867552
-43.893204,-41.199062,0,D8D27F81-4F83-E10A-448A-735447867552
-44.065193,-41.72428,0,D8D27F81-4F83-E10A-448A-735447867552
-44.19936,-42.222458,0,D8D27F81-4F83-E10A-448A-735447867552
27.986807,20.430763,0,DA2856BC-D181-9AF0-DC9A-99A9444D5579
29.341536,35.75623,0,DA2856BC-D181-9AF0-DC9A-99A9444D5579
28.937006,35.412743,2,DA2856BC-D181-9AF0-DC9A-99A9444D5579
28.355183,34.82332,2,DA2856BC-D181-9AF0-DC9A-99A9444D5579
27.88034,34.161175,2,DA2856BC-D181-9AF0-DC9A-99A9444D5579
27.714289,33.92095,2,DA2856BC-D181-9AF0-DC9A-99A9444D5579
47.19018,53.445503,2,DA2856BC-D181-9AF0-DC9A-99A9444D5579
47.971714,53.236717,2,DA2856BC-D181-9AF0-DC9A-99A9444D5579
48.085033,53.14789,2,DA2856BC-D181-9AF0-DC9A-99A9444D5579
48.167175,52.909245,2,DA2856BC-D181-9AF0-DC9A-99A9444D5579
37.46007,38.07345,0,DA2856BC-D181-9AF0-DC9A-99A9444D5579
37.470337,38.066788,0,DA2856BC-D181-9AF0-DC9A-99A9444D5579
-16.174953,21.204285,2,DBA0C8C4-AE05-772F-2E53-E6167F8ACB77
-16.200485,21.109375,2,DBA0C8C4-AE05-772F-2E53-E6167F8ACB77
-16.130486,20.062273,2,DBA0C8C4-AE05-772F-2E53-E6167F8ACB77
-16.134714,19.352507,0,DBA0C8C4-AE05-772F-2E53-E6167F8ACB77
-13.6314335,-22.344404,0,DBA0C8C4-AE05-772F-2E53-E6167F8ACB77
-13.810172,-21.644754,2,DBA0C8C4-AE05-772F-2E53-E6167F8ACB77
-13.920306,-21.26801,2,DBA0C8C4-AE05-772F-2E53-E6167F8ACB77
-14.085316,-20.986965,2,DBA0C8C4-AE05-772F-2E53-E6167F8ACB77
-3.6889513,21.130302,0,DBA0C8C4-AE05-772F-2E53-E6167F8ACB77
-3.7774165,21.760077,0,DBA0C8C4-AE05-772F-2E53-E6167F8ACB77
-3.8506832,23.354006,0,DBA0C8C4-AE05-772F-2E53-E6167F8ACB77
-3.9593568,23.419119,2,DBA0C8C4-AE05-772F-2E53-E6167F8ACB77
63.565395,20.041595,2,DBA0C8C4-AE05-772F-2E53-E6167F8ACB77
63.513065,20.067434,2,DBA0C8C4-AE05-772F-2E53-E6167F8ACB77
62.51006,20.302366,2,DBA0C8C4-AE05-772F-2E53-E6167F8ACB77
62.09577,20.424212,0,DBA0C8C4-AE05-772F-2E53-E6167F8ACB77
15.269733,22.601202,0,DBA0C8C4-AE05-772F-2E53-E6167F8ACB77
15.226057,22.63919,2,DBA0C8C4-AE05-772F-2E53-E6167F8ACB77
28.758732,-46.35613,0,DBA0C8C4-AE05-772F-2E53-E6167F8ACB77
28.701288,-46.49717,0,DBA0C8C4-AE05-772F-2E53-E6167F8ACB77
28.456963,-47.120983,0,DBA0C8C4-AE05-772F-2E53-E6167F8ACB77
27.998808,-48.24571,0,DBA0C8C4-AE05-772F-2E53-E6167F8ACB77
18.727343,-18.640158,0,DBA0C8C4-AE05-772F-2E53-E6167F8ACB77
18.7955,-18.53136,0,DBA0C8C4-AE05-772F-2E53-E6167F8ACB77
23.478077,0.8000467,2,DBA0C8C4-AE05-772F-2E53-E6167F8ACB77
23.471899,0.74744403,2,DBA0C8C4-AE05-772F-2E53-E6167F8ACB77
23.291286,-5.1205683,2,DBA0C8C4-AE05-772F-2E53-E6167F8ACB77
23.07622,-5.6663275,2,DBA0C8C4-AE05-772F-2E53-E6167F8ACB77
22.934458,-5.9581213,0,DBA0C8C4-AE05-772F-2E53-E6167F8ACB77
-7.704202,-55.581173,0,DBA0C8C4-AE05-772F-2E53-E6167F8ACB77
-24.850613,40.60372,0,DC0BE0E2-B41E-3D73-47C5-5733952512CB
-25.115337,40.61998,0,DC0BE0E2-B41E-3D73-47C5-5733952512CB
-25.669712,40.71731,0,DC0BE0E2-B41E-3D73-47C5-5733952512CB
-27.37779,42.063152,2,DC0BE0E2-B41E-3D73-47C5-5733952512CB
-27.55581,42.43025,2,DC0BE0E2-B41E-3D73-47C5-5733952512CB
-27.68887,43.063473,2,DC0BE0E2-B41E-3D73-47C5-5733952512CB
-17.334673,33.85409,2,DC0BE0E2-B41E-3D73-47C5-5733952512CB
-17.805372,34.055634,2,DC0BE0E2-B41E-3D73-47C5-5733952512CB
-18.173853,34.228954,2,DC0BE0E2-B41E-3D73-47C5-5733952512CB
-25.076706,61.195698,2,DC0BE0E2-B41E-3D73-47C5-5733952512CB
-25.437479,61.87727,2,DC0BE0E2-B41E-3D73-47C5-5733952512CB
-25.478722,61.975735,2,DC0BE0E2-B41E-3D73-47C5-5733952512CB
-30.970104,18.222532,0,DC0BE0E2-B41E-3D73-47C5-5733952512CB
-78.7679,10.435391,0,DC0BE0E2-B41E-3D73-47C5-5733952512CB
-79.39615,10.358376,0,DC0BE0E2-B41E-3D73-47C5-5733952512CB
-79.94257,10.287466,0,DC0BE0E2-B41E-3D73-47C5-5733952512CB
-81.65714,10.196327,0,DC0BE0E2-B41E-3D73-47C5-5733952512CB
-81.837425,10.203995,2,DC0BE0E2-B41E-3D73-47C5-5733952512CB
40.646835,16.266327,2,DC0BE0E2-B41E-3D73-47C5-5733952512CB
40.77657,16.159258,2,DC0BE0E2-B41E-3D73-47C5-5733952512CB
41.343586,15.644809,2,DC0BE0E2-B41E-3D73-47C5-5733952512CB
41.687366,14.386039,0,DC0BE0E2-B41E-3D73-47C5-5733952512CB
41.758,13.610055,0,DC0BE0E2-B41E-3D73-47C5-5733952512CB
41.730835,13.159174,0,DC0BE0E2-B41E-3D73-47C5-5733952512CB
62.992596,-21.175325,0,DC0BE0E2-B41E-3D73-47C5-5733952512CB
62.74714,-21.556503,0,DC0BE0E2-B41E-3D73-47C5-5733952512CB
62.577908,-21.820017,0,DC0BE0E2-B41E-3D73-47C5-5733952512CB
62.273907,-22.07226,1,DC0BE0E2-B41E-3D73-47C5-5733952512CB
65.64671,3.761441,0,DCB45A10-FAF5-53E0-AB53-2D42AC9BB090
64.788795,3.7696197,0,DCB45A10-FAF5-53E0-AB53-2D42AC9BB090
62.780212,3.3156312,2,DCB45A10-FAF5-53E0-AB53-2D42AC9BB090
62.915573,3.3138056,2,DCB45A10-FAF5-53E0-AB53-2D42AC9BB090
63.343033,3.2444365,2,DCB45A10-FAF5-53E0-AB53-2D42AC9BB090
63.63093,3.4283657,2,DCB45A10-FAF5-53E0-AB53-2D42AC9BB090
8.615795,15.423509,2,DCB45A10-FAF5-53E0-AB53-2D42AC9BB090
8.569088,15.720031,2,DCB45A10-FAF5-53E0-AB53-2D42AC9BB090
8.416144,16.910433,2,DCB45A10-FAF5-53E0-AB53-2D42AC9BB090
8.378661,17.21311,2,DCB45A10-FAF5-53E0-AB53-2D42AC9BB090
8.018055,18.427803,2,DCB45A10-FAF5-53E0-AB53-2D42AC9BB090
7.9988036,18.474922,1,DCB45A10-FAF5-53E0-AB53-2D42AC9BB090
-5.353513,-18.087511,1,DCB45A10-FAF5-53E0-AB53-2D42AC9BB090
-5.4022503,-18.082483,1,DCB45A10-FAF5-53E0-AB53-2D42AC9BB090
-7.228369,19.762762,1,DCB45A10-FAF5-53E0-AB53-2D42AC9BB090
-7.442736,19.628536,1,DCB45A10-FAF5-53E0-AB53-2D42AC9BB090
-8.029496,19.244087,1,DCB45A10-FAF5-53E0-AB53-2D42AC9BB090
-8.628379,18.776276,1,DCB45A10-FAF5-53E0-AB53-2D42AC9BB090
19.19364,-58.88877,2,DCB45A10-FAF5-53E0-AB53-2D42AC9BB090
19.805143,-58.598515,1,DCB45A10-FAF5-53E0-AB53-2D42AC9BB090
20.22216,-58.375313,0,DCB45A10-FAF5-53E0-AB53-2D42AC9BB090
-9.841552,10.398482,2,DD956DE9-DEFB-C0C6-82B4-C639A17D6782
-9.737099,10.410331,2,DD956DE9-DEFB-C0C6-82B4-C639A17D6782
-9.213785,10.529756,2,DD956DE9-DEFB-C0C6-82B4-C639A17D6782
-23.949642,-14.551085,0,DD956DE9-DEFB-C0C6-82B4-C639A17D6782
-23.546541,-14.102464,0,DD956DE9-DEFB-C0C6-82B4-C639A17D6782
40.162056,22.121435,0,DD956DE9-DEFB-C0C6-82B4-C639A17D6782
21.11103,-7.009874,0,DD956DE9-DEFB-C0C6-82B4-C639A17D6782
45.03408,18.993036,2,DD956DE9-DEFB-C0C6-82B4-C639A17D6782
45.040558,19.10405,2,DD956DE9-DEFB-C0C6-82B4-C639A17D6782
44.979748,20.050304,2,DD956DE9-DEFB-C0C6-82B4-C639A17D6782
44.755722,20.659807,2,DD956DE9-DEFB-C0C6-82B4-C639A17D6782
44.687515,20.801006,2,DD956DE9-DEFB-C0C6-82B4-C639A17D6782
-15.946405,-60.811142,0,DD956DE9-DEFB-C0C6-82B4-C639A17D6782
-16.300362,-61.689182,0,DD956DE9-DEFB-C0C6-82B4-C639A17D6782
-16.282532,-61.943455,1,DD956DE9-DEFB-C0C6-82B4-C639A17D6782
54.185204,25.085012,2,DD956DE9-DEFB-C0C6-82B4-C639A17D6782
53.850105,25.114801,2,DD956DE9-DEFB-C0C6-82B4-C639A17D6782
52.077557,25.107061,2,DD956DE9-DEFB-C0C6-82B4-C639A17D6782
-68.53043,3.8293624,0,DD956DE9-DEFB-C0C6-82B4-C639A17D6782
-68.694824,3.9111373,0,DD956DE9-DEFB-C0C6-82B4-C639A17D6782
-68.96435,4.4186497,0,DD956DE9-DEFB-C0C6-82B4-C639A17D6782
34.865005,4.0759864,2,DE775A65-68D5-C477-E2F7-BCC1AEF0B850
35.40427,4.114252,2,DE775A65-68D5-C477-E2F7-BCC1AEF0B850
35.559326,4.116782,2,DE775A65-68D5-C477-E2F7-BCC1AEF0B850
-30.636488,-39.242157,2,DE775A65-68D5-C477-E2F7-BCC1AEF0B850
-30.9087,-39.06644,0,DE775A65-68D5-C477-E2F7-BCC1AEF0B850
-31.388895,-38.707584,0,DE775A65-68D5-C477-E2F7-BCC1AEF0B850
-5.0146875,23.018757,2,DE775A65-68D5-C477-E2F7-BCC1AEF0B850
-19.269478,-42.349617,2,DE775A65-68D5-C477-E2F7-BCC1AEF0B850
0.30693924,-22.665445,2,DE775A65-68D5-C477-E2F7-BCC1AEF0B850
68.0013,5.7483835,2,DE775A65-68D5-C477-E2F7-BCC1AEF0B850
68.30732,6.415166,2,DE775A65-68D5-C477-E2F7-BCC1AEF0B850
68.37311,6.5432596,2,DE775A65-68D5-C477-E2F7-BCC1AEF0B850
-37.9573,-59.61008,0,DE775A65-68D5-C477-E2F7-BCC1AEF0B850
-37.949966,-59.615494,0,DE775A65-68D5-C477-E2F7-BCC1AEF0B850
-17.881073,-12.326831,0,DE775A65-68D5-C477-E2F7-BCC1AEF0B850
20.070358,53.438164,0,DE775A65-68D5-C477-E2F7-BCC1AEF0B850
19.676212,53.80963,0,DE775A65-68D5-C477-E2F7-BCC1AEF0B850
19.394552,54.07338,0,DE775A65-68D5-C477-E2F7-BCC1AEF0B850
-25.65125,35.31121,1,DF62EF03-DA30-E70A-CA31-03A029C9610A
-26.232399,35.271366,1,DF62EF03-DA30-E70A-CA31-03A029C9610A
-27.058878,35.298935,1,DF62EF03-DA30-E70A-CA31-03A029C9610A
-27.524431,34.920616,0,DF62EF03-DA30-E70A-CA31-03A029C9610A
-27.553043,34.482403,0,DF62EF03-DA30-E70A-CA31-03A029C9610A
-27.655962,33.61482,0,DF62EF03-DA30-E70A-CA31-03A029C9610A
20.994999,27.61983,2,DF62EF03-DA30-E70A-CA31-03A029C9610A
20.738705,27.62781,1,DF62EF03-DA30-E70A-CA31-03A029C9610A
20.189394,27.728405,0,DF62EF03-DA30-E70A-CA31-03A029C9610A
-51.61163,-31.151323,0,DF62EF03-DA30-E70A-CA31-03A029C9610A
-51.00625,-30.85997,0,DF62EF03-DA30-E70A-CA31-03A029C9610A
-50.3844,-30.82349,0,DF62EF03-DA30-E70A-CA31-03A029C9610A
-18.461823,-2.1925187,2,DF62EF03-DA30-E70A-CA31-03A029C9610A
-18.020252,-2.5348074,2,DF62EF03-DA30-E70A-CA31-03A029C9610A
-17.786,-2.7146387,1,DF62EF03-DA30-E70A-CA31-03A029C9610A
36.35483,-11.07971,1,DF62EF03-DA30-E70A-CA31-03A029C9610A
37.098198,-10.593934,1,DF62EF03-DA30-E70A-CA31-03A029C9610A
37.273838,-10.458237,1,DF62EF03-DA30-E70A-CA31-03A029C9610A
38.75484,-45.599636,2,DF62EF03-DA30-E70A-CA31-03A029C9610A
38.610085,-45.631386,2,DF62EF03-DA30-E70A-CA31-03A029C9610A
36.91819,-46.03192,2,DF62EF03-DA30-E70A-CA31-03A029C9610A
36.784843,-46.06824,0,DF62EF03-DA30-E70A-CA31-03A029C9610A
27.519957,-15.157853,0,DF62EF03-DA30-E70A-CA31-03A029C9610A
27.535322,-15.157902,0,DF62EF03-DA30-E70A-CA31-03A029C9610A
-65.50807,31.118408,0,E3489F9E-39E2-47B9-24EF-BAACE1438D00
-65.4661,31.387356,1,E3489F9E-39E2-47B9-24EF-BAACE1438D00
-65.29125,32.740723,1,E3489F9E-39E2-47B9-24EF-BAACE1438D00
-65.26071,32.980057,1,E3489F9E-39E2-47B9-24EF-BAACE1438D00
-65.18435,35.13422,1,E3489F9E-39E2-47B9-24EF-BAACE1438D00
-65.15223,35.153656,2,E3489F9E-39E2-47B9-24EF-BAACE1438D00
5.389337,27.154009,0,E3489F9E-39E2-47B9-24EF-BAACE1438D00
5.352003,27.182667,0,E3489F9E-39E2-47B9-24EF-BAACE1438D00
4.6093755,26.948486,0,E3489F9E-39E2-47B9-24EF-BAACE1438D00
-33.12043,2.5001354,0,E3489F9E-39E2-47B9-24EF-BAACE1438D00
-33.310844,2.120037,2,E3489F9E-39E2-47B9-24EF-BAACE1438D00
-33.533127,1.6972317,2,E3489F9E-39E2-47B9-24EF-BAACE1438D00
-13.699611,-30.9566,0,E3489F9E-39E2-47B9-24EF-BAACE1438D00
-12.983795,-30.910355,0,E3489F9E-39E2-47B9-24EF-BAACE1438D00
-12.450312,-30.722391,0,E3489F9E-39E2-47B9-24EF-BAACE1438D00
-11.907998,-31.124716,0,E3489F9E-39E2-47B9-24EF-BAACE1438D00
-11.606427,-31.466587,0,E3489F9E-39E2-47B9-24EF-BAACE1438D00
-11.378656,-31.585745,0,E3489F9E-39E2-47B9-24EF-BAACE1438D00
65.93854,-8.237461,0,E3489F9E-39E2-47B9-24EF-BAACE1438D00
65.85141,-8.277355,2,E3489F9E-39E2-47B9-24EF-BAACE1438D00
65.172554,-8.715397,1,E3489F9E-39E2-47B9-24EF-BAACE1438D00
-15.632484,-18.105276,1,E3489F9E-39E2-47B9-24EF-BAACE1438D00
-16.267132,-18.346037,0,E3489F9E-39E2-47B9-24EF-BAACE1438D00
-16.607779,-18.59077,0,E3489F9E-39E2-47B9-24EF-BAACE1438D00
-49.3811,26.81591,2,E49C1269-8AB7-8C8F-FC88-AA92C2F1E260
-49.363735,26.741154,2,E49C1269-8AB7-8C8F-FC88-AA92C2F1E260
-47.735905,26.121695,2,E49C1269-8AB7-8C8F-FC88-AA92C2F1E260
-47.622574,26.646662,2,E49C1269-8AB7-8C8F-FC88-AA92C2F1E260
-46.729145,27.783892,2,E49C1269-8AB7-8C8F-FC88-AA92C2F1E260
-46.337044,28.14444,0,E49C1269-8AB7-8C8F-FC88-AA92C2F1E260
-45.73993,28.567734,0,E49C1269-8AB7-8C8F-FC88-AA92C2F1E260
-44.9283,28.775034,2,E49C1269-8AB7-8C8F-FC88-AA92C2F1E260
-43.59321,29.125362,2,E49C1269-8AB7-8C8F-FC88-AA92C2F1E260
-43.278713,29.160513,2,E49C1269-8AB7-8C8F-FC88-AA92C2F1E260
-51.838318,-18.234467,2,E49C1269-8AB7-8C8F-FC88-AA92C2F1E260
-51.876415,-18.251951,0,E49C1269-8AB7-8C8F-FC88-AA92C2F1E260
26.025179,-41.293026,0,E49C1269-8AB7-8C8F-FC88-AA92C2F1E260
26.407265,-41.59686,2,E49C1269-8AB7-8C8F-FC88-AA92C2F1E260
27.079842,-42.14415,2,E49C1269-8AB7-8C8F-FC88-AA92C2F1E260
27.252935,-42.29309,2,E49C1269-8AB7-8C8F-FC88-AA92C2F1E260
21.406841,-49.8448,2,E49C1269-8AB7-8C8F-FC88-AA92C2F1E260
21.152018,-50.099995,2,E49C1269-8AB7-8C8F-FC88-AA92C2F1E260
13.3776455,-26.67557,2,E49C1269-8AB7-8C8F-FC88-AA92C2F1E260
13.343427,-26.705378,2,E49C1269-8AB7-8C8F-FC88-AA92C2F1E260
11.841856,-27.906685,2,E49C1269-8AB7-8C8F-FC88-AA92C2F1E260
10.777385,-28.918049,2,E49C1269-8AB7-8C8F-FC88-AA92C2F1E260
10.639552,-29.057903,2,E49C1269-8AB7-8C8F-FC88-AA92C2F1E260
10.231965,-29.547619,2,E49C1269-8AB7-8C8F-FC88-AA92C2F1E260
32.868702,52.06028,2,E5CCE6B3-2C6E-BE96-602F-3852C8614777
32.81742,52.110226,2,E5CCE6B3-2C6E-BE96-602F-3852C8614777
32.65951,52.27301,2,E5CCE6B3-2C6E-BE96-602F-3852C8614777
31.826351,52.88124,0,E5CCE6B3-2C6E-BE96-602F-3852C8614777
5.5470295,0.37648055,0,E5CCE6B3-2C6E-BE96-602F-3852C8614777
25.186071,33.356216,2,E5CCE6B3-2C6E-BE96-602F-3852C8614777
25.03281,33.071983,2,E5CCE6B3-2C6E-BE96-602F-3852C8614777
24.541033,32.128235,2,E5CCE6B3-2C6E-BE96-602F-3852C8614777
24.39407,31.836103,2,E5CCE6B3-2C6E-BE96-602F-3852C8614777
24.065004,31.312557,0,E5CCE6B3-2C6E-BE96-602F-3852C8614777
23.341076,30.409119,0,E5CCE6B3-2C6E-BE96-602F-3852C8614777
23.11508,29.54717,0,E5CCE6B3-2C6E-BE96-602F-3852C8614777
16.693825,3.066031,2,E5CCE6B3-2C6E-BE96-602F-3852C8614777
16.21981,2.795707,2,E5CCE6B3-2C6E-BE96-602F-3852C8614777
15.97204,2.4611106,2,E5CCE6B3-2C6E-BE96-602F-3852C8614777
15.682499,1.9221634,2,E5CCE6B3-2C6E-BE96-602F-3852C8614777
15.252195,1.4349673,2,E5CCE6B3-2C6E-BE96-602F-3852C8614777
14.904538,1.1914489,0,E5CCE6B3-2C6E-BE96-602F-3852C8614777
52.418488,28.108921,0,E5CCE6B3-2C6E-BE96-602F-3852C8614777
51.53471,27.379532,2,E5CCE6B3-2C6E-BE96-602F-3852C8614777
50.79853,26.988642,2,E5CCE6B3-2C6E-BE96-602F-3852C8614777
50.400364,26.750496,2,E5CCE6B3-2C6E-BE96-602F-3852C8614777
49.20382,26.003742,2,E5CCE6B3-2C6E-BE96-602F-3852C8614777
49.130253,25.95668,2,E5CCE6B3-2C6E-BE96-602F-3852C8614777
49.306618,9.057119,2,E5F96AC5-AE7E-C4E8-8288-FB2674F43704
48.564537,8.861528,2,E5F96AC5-AE7E-C4E8-8288-FB2674F43704
48.56368,8.871084,2,E5F96AC5-AE7E-C4E8-8288-FB2674F43704
47.9235,8.632595,2,E5F96AC5-AE7E-C4E8-8288-FB2674F43704
47.271572,8.438371,1,E5F96AC5-AE7E-C4E8-8288-FB2674F43704
29.682339,-22.67943,1,E5F96AC5-AE7E-C4E8-8288-FB2674F43704
-68.565765,0.7064516,0,E5F96AC5-AE7E-C4E8-8288-FB2674F43704
-68.07983,0.19291721,0,E5F96AC5-AE7E-C4E8-8288-FB2674F43704
-67.48433,-0.35751972,0,E5F96AC5-AE7E-C4E8-8288-FB2674F43704
-67.36299,-0.90116274,0,E5F96AC5-AE7E-C4E8-8288-FB2674F43704
-66.78367,-1.6259471,0,E5F96AC5-AE7E-C4E8-8288-FB2674F43704
-65.86469,-2.399181,0,E5F96AC5-AE7E-C4E8-8288-FB2674F43704
-65.6516,-2.8740819,1,E5F96AC5-AE7E-C4E8-8288-FB2674F43704
-49.668476,-20.633871,1,E5F96AC5-AE7E-C4E8-8288-FB2674F43704
-47.959755,-21.449276,1,E5F96AC5-AE7E-C4E8-8288-FB2674F43704
-47.86329,-21.495377,1,E5F96AC5-AE7E-C4E8-8288-FB2674F43704
-43.877045,-53.50191,1,E5F96AC5-AE7E-C4E8-8288-FB2674F43704
-43.871708,-53.468987,1,E5F96AC5-AE7E-C4E8-8288-FB2674F43704
57.37474,21.983171,2,E5F96AC5-AE7E-C4E8-8288-FB2674F43704
57.37938,21.833197,2,E5F96AC5-AE7E-C4E8-8288-FB2674F43704
57.376423,20.626461,1,E5F96AC5-AE7E-C4E8-8288-FB2674F43704
57.42599,19.927782,2,E5F96AC5-AE7E-C4E8-8288-FB2674F43704
57.15397,19.50041,2,E5F96AC5-AE7E-C4E8-8288-FB2674F43704
56.633305,19.28433,2,E5F96AC5-AE7E-C4E8-8288-FB2674F43704
-55.261127,27.746586,0,EA788550-E907-E4AC-EAE4-82CC26723E3B
-55.595192,28.149382,0,EA788550-E907-E4AC-EAE4-82CC26723E3B
-55.705006,28.244875,0,EA788550-E907-E4AC-EAE4-82CC26723E3B
-58.12003,26.930296,0,EA788550-E907-E4AC-EAE4-82CC26723E3B
-58.409607,26.768528,2,EA788550-E907-E4AC-EAE4-82CC26723E3B
-58.845154,26.54206,2,EA788550-E907-E4AC-EAE4-82CC26723E3B
67.51075,22.942524,2,EA788550-E907-E4AC-EAE4-82CC26723E3B
67.58876,22.149368,2,EA788550-E907-E4AC-EAE4-82CC26723E3B
67.80403,21.792856,2,EA788550-E907-E4AC-EAE4-82CC26723E3B
68.27233,21.896717,2,EA788550-E907-E4AC-EAE4-82CC26723E3B
68.8456,21.920338,2,EA788550-E907-E4AC-EAE4-82CC26723E3B
69.33752,21.785599,2,EA788550-E907-E4AC-EAE4-82CC26723E3B
-26.275099,-33.876106,1,EA788550-E907-E4AC-EAE4-82CC26723E3B
-26.268845,-33.984814,1,EA788550-E907-E4AC-EAE4-82CC26723E3B
-25.994982,-32.42941,1,EA788550-E907-E4AC-EAE4-82CC26723E3B
-26.38662,-31.926872,1,EA788550-E907-E4AC-EAE4-82CC26723E3B
-26.590183,-31.6599,1,EA788550-E907-E4AC-EAE4-82CC26723E3B
-26.783043,-31.329721,1,EA788550-E907-E4AC-EAE4-82CC26723E3B
-16.097654,46.57093,2,EC6E2525-212C-1C3A-0B73-74D1B45748E1
-15.286745,46.81258,2,EC6E2525-212C-1C3A-0B73-74D1B45748E1
-14.648359,46.901287,0,EC6E2525-212C-1C3A-0B73-74D1B45748E1
-1.9425522,44.8096,1,EC6E2525-212C-1C3A-0B73-74D1B45748E1
-1.7410822,44.952377,2,EC6E2525-212C-1C3A-0B73-74D1B45748E1
-1.3623605,45.137478,2,EC6E2525-212C-1C3A-0B73-74D1B45748E1
-9.5540495,-25.83384,0,EC6E2525-212C-1C3A-0B73-74D1B45748E1
-9.581051,-25.724379,0,EC6E2525-212C-1C3A-0B73-74D1B45748E1
-9.594188,-25.16683,0,EC6E2525-212C-1C3A-0B73-74D1B45748E1
-9.504766,-24.108154,1,EC6E2525-212C-1C3A-0B73-74D1B45748E1
-1.8800385,-1.7511076,1,EC6E2525-212C-1C3A-0B73-74D1B45748E1
-1.875001,-1.758039,1,EC6E2525-212C-1C3A-0B73-74D1B45748E1
-18.882385,-58.040245,2,EC6E2525-212C-1C3A-0B73-74D1B45748E1
-19.310223,-58.29155,0,EC6E2525-212C-1C3A-0B73-74D1B45748E1
-19.972158,-59.620956,0,EC6E2525-212C-1C3A-0B73-74D1B45748E1
-19.932878,-59.65933,0,EC6E2525-212C-1C3A-0B73-74D1B45748E1
-17.321997,-59.96069,0,EC6E2525-212C-1C3A-0B73-74D1B45748E1
-17.32463,-60.08817,0,EC6E2525-212C-1C3A-0B73-74D1B45748E1
-10.61722,-54.082096,0,EC6E2525-212C-1C3A-0B73-74D1B45748E1
-10.4533415,-53.968945,0,EC6E2525-212C-1C3A-0B73-74D1B45748E1
-10.079381,-53.787163,0,EC6E2525-212C-1C3A-0B73-74D1B45748E1
-8.661309,-52.42675,0,EC6E2525-212C-1C3A-0B73-74D1B45748E1
-8.500638,-52.299988,0,EC6E2525-212C-1C3A-0B73-74D1B45748E1
8.186137,4.657821,0,EC6E2525-212C-1C3A-0B73-74D1B45748E1
8.281497,4.4957876,0,EC6E2525-212C-1C3A-0B73-74D1B45748E1
9.129972,2.751384,0,EC6E2525-212C-1C3A-0B73-74D1B45748E1
9.080869,2.1828346,0,EC6E2525-212C-1C3A-0B73-74D1B45748E1
9.112495,1.9113412,0,EC6E2525-212C-1C3A-0B73-74D1B45748E1
9.220206,1.2785205,0,EC6E2525-212C-1C3A-0B73-74D1B45748E1
9.337624,0.895581,0,EC6E2525-212C-1C3A-0B73-74D1B45748E1
-29.62959,-14.697942,0,EE62AFCD-B47D-E676-0257-21F92CB612D8
-29.45424,-15.150143,0,EE62AFCD-B47D-E676-0257-21F92CB612D8
-29.36032,-15.492838,0,EE62AFCD-B47D-E676-0257-21F92CB612D8
-29.379324,-16.899994,0,EE62AFCD-B47D-E676-0257-21F92CB612D8
-28.599588,-17.798246,0,EE62AFCD-B47D-E676-0257-21F92CB612D8
77.69393,11.268205,0,EE62AFCD-B47D-E676-0257-21F92CB612D8
78.62193,10.6891165,2,EE62AFCD-B47D-E676-0257-21F92CB612D8
79.168,10.382505,2,EE62AFCD-B47D-E676-0257-21F92CB612D8
80.18199,9.811385,2,EE62AFCD-B47D-E676-0257-21F92CB612D8
80.51654,9.568152,0,EE62AFCD-B47D-E676-0257-21F92CB612D8
80.68495,9.14727,0,EE62AFCD-B47D-E676-0257-21F92CB612D8
80.7729,8.652233,0,EE62AFCD-B47D-E676-0257-21F92CB612D8
12.064265,2.6318192,0,EE62AFCD-B47D-E676-0257-21F92CB612D8
-28.952208,-28.93308,0,EE62AFCD-B47D-E676-0257-21F92CB612D8
-28.944838,-28.869415,0,EE62AFCD-B47D-E676-0257-21F92CB612D8
-24.967756,-16.38608,0,EE62AFCD-B47D-E676-0257-21F92CB612D8
-25.672123,-16.229666,0,EE62AFCD-B47D-E676-0257-21F92CB612D8
-26.183064,-16.453533,0,EE62AFCD-B47D-E676-0257-21F92CB612D8
-26.320292,-16.904705,0,EE62AFCD-B47D-E676-0257-21F92CB612D8
-26.793295,-17.300648,0,EE62AFCD-B47D-E676-0257-21F92CB612D8
-9.903902,-11.714947,2,EE62AFCD-B47D-E676-0257-21F92CB612D8
-9.593225,-11.571593,2,EE62AFCD-B47D-E676-0257-21F92CB612D8
-9.092396,-11.332197,2,EE62AFCD-B47D-E676-0257-21F92CB612D8
-8.516394,-11.042412,2,EE62AFCD-B47D-E676-0257-21F92CB612D8
40.73817,-43.035362,0,EE62AFCD-B47D-E676-0257-21F92CB612D8
40.73952,-43.039402,0,EE62AFCD-B47D-E676-0257-21F92CB612D8
12.608353,5.804737,2,EE62AFCD-B47D-E676-0257-21F92CB612D8
12.593986,6.0877595,2,EE62AFCD-B47D-E676-0257-21F92CB612D8
12.532636,7.1489806,2,EE62AFCD-B47D-E676-0257-21F92CB612D8
12.535515,7.2161474,2,EE62AFCD-B47D-E676-0257-21F92CB612D8
24.922823,-36.389652,1,F1430977-52AF-4F46-BF92-0A8D736CBD2B
24.943817,-36.353504,1,F1430977-52AF-4F46-BF92-0A8D736CBD2B
25.443953,-35.232464,1,F1430977-52AF-4F46-BF92-0A8D736CBD2B
25.755144,-34.71809,1,F1430977-52AF-4F46-BF92-0A8D736CBD2B
26.147196,-34.230736,1,F1430977-52AF-4F46-BF92-0A8D736CBD2B
10.722586,-56.75753,1,F1430977-52AF-4F46-BF92-0A8D736CBD2B
30.124851,10.203165,1,F1430977-52AF-4F46-BF92-0A8D736CBD2B
30.109972,10.208394,1,F1430977-52AF-4F46-BF92-0A8D736CBD2B
66.62795,8.977799,1,F1430977-52AF-4F46-BF92-0A8D736CBD2B
-33.329773,29.793364,1,F1430977-52AF-4F46-BF92-0A8D736CBD2B
-32.387833,30.183533,2,F1430977-52AF-4F46-BF92-0A8D736CBD2B
-31.908386,30.069674,2,F1430977-52AF-4F46-BF92-0A8D736CBD2B
-22.511637,-36.90547,0,F1430977-52AF-4F46-BF92-0A8D736CBD2B
-22.026045,-37.081352,2,F1430977-52AF-4F46-BF92-0A8D736CBD2B
-21.054169,-37.494267,2,F1430977-52AF-4F46-BF92-0A8D736CBD2B
-20.365164,-37.819736,2,F1430977-52AF-4F46-BF92-0A8D736CBD2B
-19.938625,-38.04379,2,F1430977-52AF-4F46-BF92-0A8D736CBD2B
-19.517796,-38.28372,2,F1430977-52AF-4F46-BF92-0A8D736CBD2B
27.354786,-23.188997,0,F752B62E-E95F-A65D-4CB2-8B0252E15F08
44.371994,-4.466545,0,F752B62E-E95F-A65D-4CB2-8B0252E15F08
44.040874,-4.489187,2,F752B62E-E95F-A65D-4CB2-8B0252E15F08
43.66816,-4.568256,2,F752B62E-E95F-A65D-4CB2-8B0252E15F08
43.26607,-4.2772365,0,F752B62E-E95F-A65D-4CB2-8B0252E15F08
42.573704,-3.8024373,0,F752B62E-E95F-A65D-4CB2-8B0252E15F08
-38.185368,-54.791256,0,F752B62E-E95F-A65D-4CB2-8B0252E15F08
-37.762604,-54.52795,0,F752B62E-E95F-A65D-4CB2-8B0252E15F08
-37.42205,-54.680805,1,F752B62E-E95F-A65D-4CB2-8B0252E15F08
-37.010536,-54.53793,0,F752B62E-E95F-A65D-4CB2-8B0252E15F08
-36.63134,-53.390003,0,F752B62E-E95F-A65D-4CB2-8B0252E15F08
-36.159817,-52.880592,0,F752B62E-E95F-A65D-4CB2-8B0252E15F08
7.7006745,-37.187077,0,F752B62E-E95F-A65D-4CB2-8B0252E15F08
7.6979575,-37.188995,0,F752B62E-E95F-A65D-4CB2-8B0252E15F08
-38.763943,-44.753822,0,F752B62E-E95F-A65D-4CB2-8B0252E15F08
-38.826904,-44.269733,0,F752B62E-E95F-A65D-4CB2-8B0252E15F08
-38.98181,-43.770123,0,F752B62E-E95F-A65D-4CB2-8B0252E15F08
-38.937523,-43.430386,0,F752B62E-E95F-A65D-4CB2-8B0252E15F08
-53.395855,32.77674,2,FB3409F8-2ADE-757A-A1A5-DC1BBBD1131A
-53.97366,33.132137,2,FB3409F8-2ADE-757A-A1A5-DC1BBBD1131A
-54.48557,33.465076,2,FB3409F8-2ADE-757A-A1A5-DC1BBBD1131A
-54.969574,34.063488,2,FB3409F8-2ADE-757A-A1A5-DC1BBBD1131A
-55.122673,34.58168,2,FB3409F8-2ADE-757A-A1A5-DC1BBBD1131A
-41.979828,33.144985,2,FB3409F8-2ADE-757A-A1A5-DC1BBBD1131A
-41.329304,33.245422,2,FB3409F8-2ADE-757A-A1A5-DC1BBBD1131A
-40.58179,33.293648,1,FB3409F8-2ADE-757A-A1A5-DC1BBBD1131A
-40.024742,33.25061,1,FB3409F8-2ADE-757A-A1A5-DC1BBBD1131A
-34.270294,-2.8333597,1,FB3409F8-2ADE-757A-A1A5-DC1BBBD1131A
-33.99328,-3.8910859,2,FB3409F8-2ADE-757A-A1A5-DC1BBBD1131A
-33.98205,-4.052965,2,FB3409F8-2ADE-757A-A1A5-DC1BBBD1131A
-10.676783,-15.557498,1,FB3409F8-2ADE-757A-A1A5-DC1BBBD1131A
-11.592306,-15.507106,1,FB3409F8-2ADE-757A-A1A5-DC1BBBD1131A
-12.412379,-15.380377,1,FB3409F8-2ADE-757A-A1A5-DC1BBBD1131A
-13.518439,-15.352858,1,FB3409F8-2ADE-757A-A1A5-DC1BBBD1131A
-13.944139,-15.3678255,1,FB3409F8-2ADE-757A-A1A5-DC1BBBD1131A
-14.68263,-15.36861,1,FB3409F8-2ADE-757A-A1A5-DC1BBBD1131A
33.29083,17.382584,1,FB3409F8-2ADE-757A-A1A5-DC1BBBD1131A
33.4248,17.128267,1,FB3409F8-2ADE-757A-A1A5-DC1BBBD1131A
33.791878,16.144678,1,FB3409F8-2ADE-757A-A1A5-DC1BBBD1131A
34.155342,15.559581,1,FB3409F8-2ADE-757A-A1A5-DC1BBBD1131A
34.62172,15.540518,1,FB3409F8-2ADE-757A-A1A5-DC1BBBD1131A
35.01175,15.592787,1,FB3409F8-2ADE-757A-A1A5-DC1BBBD1131A
-8.707014,51.168232,0,FB70D507-2F2A-0F83-3B53-75EB8452F5E0
-8.516249,50.932693,0,FB70D507-2F2A-0F83-3B53-75EB8452F5E0
-8.397189,50.797337,0,FB70D507-2F2A-0F83-3B53-75EB8452F5E0
-45.364475,-35.880287,1,FB70D507-2F2A-0F83-3B53-75EB8452F5E0
-44.97848,-36.124596,1,FB70D507-2F2A-0F83-3B53-75EB8452F5E0
-44.650623,-36.393875,1,FB70D507-2F2A-0F83-3B53-75EB8452F5E0
65.19238,-29.158707,1,FB70D507-2F2A-0F83-3B53-75EB8452F5E0
65.303375,-28.82405,1,FB70D507-2F2A-0F83-3B53-75EB8452F5E0
65.36568,-28.648783,1,FB70D507-2F2A-0F83-3B53-75EB8452F5E0
64.910385,-29.90451,1,FB70D507-2F2A-0F83-3B53-75EB8452F5E0
-0.60878205,21.742989,1,FB70D507-2F2A-0F83-3B53-75EB8452F5E0
-0.5805857,21.778227,1,FB70D507-2F2A-0F83-3B53-75EB8452F5E0
24.213867,-46.701694,1,FB70D507-2F2A-0F83-3B53-75EB8452F5E0
24.180115,-47.05072,1,FB70D507-2F2A-0F83-3B53-75EB8452F5E0
24.10224,-47.57008,1,FB70D507-2F2A-0F83-3B53-75EB8452F5E0
23.916006,-48.302776,1,FB70D507-2F2A-0F83-3B53-75EB8452F5E0
18.783052,-56.65637,1,FB70D507-2F2A-0F83-3B53-75EB8452F5E0
16.60398,-59.016983,1,FB70D507-2F2A-0F83-3B53-75EB8452F5E0
64.48906,43.087677,1,FB70D507-2F2A-0F83-3B53-75EB8452F5E0
63.768,43.91978,1,FB70D507-2F2A-0F83-3B53-75EB8452F5E0
63.4184,44.426975,1,FB70D507-2F2A-0F83-3B53-75EB8452F5E0
63.240345,44.65587,1,FB70D507-2F2A-0F83-3B53-75EB8452F5E0
62.85219,44.746628,1,FB70D507-2F2A-0F83-3B53-75EB8452F5E0
62.2347,44.935555,1,FB70D507-2F2A-0F83-3B53-75EB8452F5E0
-31.157227,20.120312,1,FC50071B-D2BA-C98B-AC6E-7339010D56DA
-31.147774,20.062677,1,FC50071B-D2BA-C98B-AC6E-7339010D56DA
-66.31255,2.329812,1,FC50071B-D2BA-C98B-AC6E-7339010D56DA
-66.74259,2.109166,1,FC50071B-D2BA-C98B-AC6E-7339010D56DA
-63.11145,8.653844,1,FC50071B-D2BA-C98B-AC6E-7339010D56DA
-62.97683,8.747677,1,FC50071B-D2BA-C98B-AC6E-7339010D56DA
-8.666045,0.60625595,2,FC50071B-D2BA-C98B-AC6E-7339010D56DA
-8.534743,0.73767287,2,FC50071B-D2BA-C98B-AC6E-7339010D56DA
-8.307607,0.9050265,2,FC50071B-D2BA-C98B-AC6E-7339010D56DA
50.773285,-16.590918,2,FC50071B-D2BA-C98B-AC6E-7339010D56DA
51.13734,-16.887787,2,FC50071B-D2BA-C98B-AC6E-7339010D56DA
51.833363,-17.326338,2,FC50071B-D2BA-C98B-AC6E-7339010D56DA
52.856884,-17.511414,2,FC50071B-D2BA-C98B-AC6E-7339010D56DA
53.319252,-17.566626,2,FC50071B-D2BA-C98B-AC6E-7339010D56DA
53.73351,-17.509745,2,FC50071B-D2BA-C98B-AC6E-7339010D56DA
54.76462,-17.475454,2,FC50071B-D2BA-C98B-AC6E-7339010D56DA
56.373264,-17.607012,2,FC50071B-D2BA-C98B-AC6E-7339010D56DA
56.695724,-17.643633,2,FC50071B-D2BA-C98B-AC6E-7339010D56DA
57.360126,-17.681856,2,FC50071B-D2BA-C98B-AC6E-7339010D56DA
-1.0201458,-18.775076,2,FC50071B-D2BA-C98B-AC6E-7339010D56DA
-0.56119037,-18.939558,2,FC50071B-D2BA-C98B-AC6E-7339010D56DA
-0.56496793,-19.138193,2,FC50071B-D2BA-C98B-AC6E-7339010D56DA
0.3886534,-18.466242,2,FC50071B-D2BA-C98B-AC6E-7339010D56DA
14.008774,58.559517,2,FC50071B-D2BA-C98B-AC6E-7339010D56DA
13.893368,59.294956,2,FC50071B-D2BA-C98B-AC6E-7339010D56DA
13.840722,59.67582,2,FC50071B-D2BA-C98B-AC6E-7339010D56DA
13.820069,59.816837,1,FC50071B-D2BA-C98B-AC6E-7339010D56DA
-29.178177,28.246994,2,FC50071B-D2BA-C98B-AC6E-7339010D56DA
-29.483675,28.600054,2,FC50071B-D2BA-C98B-AC6E-7339010D56DA
-30.132065,29.342321,2,FC50071B-D2BA-C98B-AC6E-7339010D56DA
15.004132,-61.259903,1,FC50071B-D2BA-C98B-AC6E-7339010D56DA
15.001591,-61.318985,1,FC50071B-D2BA-C98B-AC6E-7339010D56DA
-0.5889813,-54.84061,2,FC50071B-D2BA-C98B-AC6E-7339010D56DA
-11.519957,-60.49084,2,FC50071B-D2BA-C98B-AC6E-7339010D56DA
-11.038124,-61.986645,2,FC50071B-D2BA-C98B-AC6E-7339010D56DA
-11.219249,-61.96489,2,FC50071B-D2BA-C98B-AC6E-7339010D56DA
10.056832,-8.9694805,2,FC50071B-D2BA-C98B-AC6E-7339010D56DA
10.454783,-9.217374,2,FC50071B-D2BA-C98B-AC6E-7339010D56DA
10.904393,-9.493299,2,FC50071B-D2BA-C98B-AC6E-7339010D56DA
-5.1560264,28.07469,2,FC50071B-D2BA-C98B-AC6E-7339010D56DA
-4.8757315,27.840565,2,FC50071B-D2BA-C98B-AC6E-7339010D56DA
-4.289634,27.377779,2,FC50071B-D2BA-C98B-AC6E-7339010D56DA
-80.057175,1.7673225,0,FC66D29E-8CD8-AE29-A071-33549272C1EE
-79.94171,1.7559626,0,FC66D29E-8CD8-AE29-A071-33549272C1EE
-79.56283,1.0500356,0,FC66D29E-8CD8-AE29-A071-33549272C1EE
-79.88745,-0.29732245,0,FC66D29E-8CD8-AE29-A071-33549272C1EE
-79.60761,-0.20445733,0,FC66D29E-8CD8-AE29-A071-33549272C1EE
-78.89924,-0.22459313,0,FC66D29E-8CD8-AE29-A071-33549272C1EE
33.962276,29.889431,2,FC66D29E-8CD8-AE29-A071-33549272C1EE
33.78782,29.63679,2,FC66D29E-8CD8-AE29-A071-33549272C1EE
33.42231,29.148344,2,FC66D29E-8CD8-AE29-A071-33549272C1EE
32.967945,28.588333,2,FC66D29E-8CD8-AE29-A071-33549272C1EE
32.581867,28.290037,2,FC66D29E-8CD8-AE29-A071-33549272C1EE
32.032394,27.77738,2,FC66D29E-8CD8-AE29-A071-33549272C1EE
-49.252983,18.126755,2,FFAB0F54-EFF2-FA1A-1892-F9D8ED3C9B31
-49.38027,18.516829,2,FFAB0F54-EFF2-FA1A-1892-F9D8ED3C9B31
-49.670216,19.041006,2,FFAB0F54-EFF2-FA1A-1892-F9D8ED3C9B31
-49.920643,19.560997,2,FFAB0F54-EFF2-FA1A-1892-F9D8ED3C9B31
-41.879585,37.521023,2,FFAB0F54-EFF2-FA1A-1892-F9D8ED3C9B31
-41.880062,37.531174,2,FFAB0F54-EFF2-FA1A-1892-F9D8ED3C9B31
15.477311,-24.658333,0,FFAB0F54-EFF2-FA1A-1892-F9D8ED3C9B31
-60.581787,-11.470616,0,FFAB0F54-EFF2-FA1A-1892-F9D8ED3C9B31
-60.30809,-11.711412,0,FFAB0F54-EFF2-FA1A-1892-F9D8ED3C9B31
-59.868412,-12.020118,0,FFAB0F54-EFF2-FA1A-1892-F9D8ED3C9B31
-37.389675,-47.84778,0,FFAB0F54-EFF2-FA1A-1892-F9D8ED3C9B31
-37.290455,-48.05817,0,FFAB0F54-EFF2-FA1A-1892-F9D8ED3C9B31
-37.097454,-48.27169,1,FFAB0F54-EFF2-FA1A-1892-F9D8ED3C9B31
-8.270065,-29.1766,2,FFAB0F54-EFF2-FA1A-1892-F9D8ED3C9B31
-0.039609056,12.682003,2,FFAB0F54-EFF2-FA1A-1892-F9D8ED3C9B31
0.26701334,13.160482,2,FFAB0F54-EFF2-FA1A-1892-F9D8ED3C9B31
0.7334891,13.419603,2,FFAB0F54-EFF2-FA1A-1892-F9D8ED3C9B31
0.9796225,13.582182,2,FFAB0F54-EFF2-FA1A-1892-F9D8ED3C9B31
-14.750238,-5.69436,2,FFAB0F54-EFF2-FA1A-1892-F9D8ED3C9B31
-14.748135,-5.6726246,2,FFAB0F54-EFF2-FA1A-1892-F9D8ED3C9B31
-18.546318,24.297884,2,FFAB0F54-EFF2-FA1A-1892-F9D8ED3C9B31
-18.832277,24.164919,2,FFAB0F54-EFF2-FA1A-1892-F9D8ED3C9B31
-19.82929,23.588842,2,FFAB0F54-EFF2-FA1A-1892-F9D8ED3C9B31
-20.175875,23.296146,2,FFAB0F54-EFF2-FA1A-1892-F9D8ED3C9B31
42.397358,-12.540923,2,FFAB0F54-EFF2-FA1A-1892-F9D8ED3C9B31
42.17307,-12.495741,2,FFAB0F54-EFF2-FA1A-1892-F9D8ED3C9B31
41.84487,-12.436761,2,FFAB0F54-EFF2-FA1A-1892-F9D8ED3C9B31
40.28435,-12.243543,0,FFAB0F54-EFF2-FA1A-1892-F9D8ED3C9B31
39.99587,-12.214762,0,FFAB0F54-EFF2-FA1A-1892-F9D8ED3C9B31
-14.058131,-11.243984,0,FFAB0F54-EFF2-FA1A-1892-F9D8ED3C9B31
32.506626,-9.544322,2,FFAB0F54-EFF2-FA1A-1892-F9D8ED3C9B31
32.30406,-9.004154,2,FFAB0F54-EFF2-FA1A-1892-F9D8ED3C9B31
32.17708,-8.643048,2,FFAB0F54-EFF2-FA1A-1892-F9D8ED3C9B31
31.665062,-7.240046,2,FFAB0F54-EFF2-FA1A-1892-F9D8ED3C9B31
31.577394,-6.9874578,2,FFAB0F54-EFF2-FA1A-1892-F9D8ED3C9B31
31.253834,-6.418199,2,FFAB0F54-EFF2-FA1A-1892-F9D8ED3C9B31
