tsne_x,tsne_y,label_mood,player_id
13.642346,17.550848,0,018B0D8D-B5EC-09D6-90ED-550058EBFEAF
13.401344,17.582819,2,018B0D8D-B5EC-09D6-90ED-550058EBFEAF
13.000514,17.303358,2,018B0D8D-B5EC-09D6-90ED-550058EBFEAF
14.432635,17.335377,2,018B0D8D-B5EC-09D6-90ED-550058EBFEAF
12.226458,16.853462,0,018B0D8D-B5EC-09D6-90ED-550058EBFEAF
4.28896,-18.60023,0,018B0D8D-B5EC-09D6-90ED-550058EBFEAF
-43.314926,40.90593,0,018B0D8D-B5EC-09D6-90ED-550058EBFEAF
-53.115616,38.154503,0,018B0D8D-B5EC-09D6-90ED-550058EBFEAF
-29.549025,8.595457,0,018B0D8D-B5EC-09D6-90ED-550058EBFEAF
-29.498638,8.5029125,0,018B0D8D-B5EC-09D6-90ED-550058EBFEAF
-28.044685,8.427753,1,018B0D8D-B5EC-09D6-90ED-550058EBFEAF
4.2147107,28.845776,1,018B0D8D-B5EC-09D6-90ED-550058EBFEAF
59.884808,18.46744,2,018B0D8D-B5EC-09D6-90ED-550058EBFEAF
-3.774167,44.529408,2,018B0D8D-B5EC-09D6-90ED-550058EBFEAF
-51.756588,40.892555,0,018B0D8D-B5EC-09D6-90ED-550058EBFEAF
-60.073765,13.362864,0,018B0D8D-B5EC-09D6-90ED-550058EBFEAF
-44.56849,14.912009,0,018B0D8D-B5EC-09D6-90ED-550058EBFEAF
-44.816418,14.862979,0,018B0D8D-B5EC-09D6-90ED-550058EBFEAF
-40.142338,32.227257,0,018B0D8D-B5EC-09D6-90ED-550058EBFEAF
-43.043213,30.859478,0,018B0D8D-B5EC-09D6-90ED-550058EBFEAF
-42.23539,-14.918297,0,018B0D8D-B5EC-09D6-90ED-550058EBFEAF
-41.584328,-15.80954,0,018B0D8D-B5EC-09D6-90ED-550058EBFEAF
-14.017282,-64.062515,1,018B0D8D-B5EC-09D6-90ED-550058EBFEAF
-19.865906,-60.955933,1,018B0D8D-B5EC-09D6-90ED-550058EBFEAF
-10.201335,20.707941,0,06F9F8CE-9696-23CA-25B5-000AA4A793BA
-10.045703,20.765598,0,06F9F8CE-9696-23CA-25B5-000AA4A793BA
6.449094,24.161076,1,06F9F8CE-9696-23CA-25B5-000AA4A793BA
6.4410563,24.140741,2,06F9F8CE-9696-23CA-25B5-000AA4A793BA
9.817546,-11.647584,2,06F9F8CE-9696-23CA-25B5-000AA4A793BA
9.430248,-11.818622,2,06F9F8CE-9696-23CA-25B5-000AA4A793BA
-0.101382196,-35.080326,2,06F9F8CE-9696-23CA-25B5-000AA4A793BA
4.6755385,2.6311138,2,06F9F8CE-9696-23CA-25B5-000AA4A793BA
29.560495,2.0668464,0,06F9F8CE-9696-23CA-25B5-000AA4A793BA
-33.605892,21.944458,0,06F9F8CE-9696-23CA-25B5-000AA4A793BA
-57.500107,43.223454,0,06F9F8CE-9696-23CA-25B5-000AA4A793BA
-56.157967,7.317244,0,06F9F8CE-9696-23CA-25B5-000AA4A793BA
-56.13706,7.1871953,0,06F9F8CE-9696-23CA-25B5-000AA4A793BA
-30.67173,13.851832,0,06F9F8CE-9696-23CA-25B5-000AA4A793BA
-30.585835,13.782966,0,06F9F8CE-9696-23CA-25B5-000AA4A793BA
-28.865643,12.03682,2,06F9F8CE-9696-23CA-25B5-000AA4A793BA
-28.678759,11.916775,2,06F9F8CE-9696-23CA-25B5-000AA4A793BA
-28.242876,11.867662,2,06F9F8CE-9696-23CA-25B5-000AA4A793BA
-31.22059,-39.514687,1,06F9F8CE-9696-23CA-25B5-000AA4A793BA
-31.146204,-39.375404,1,06F9F8CE-9696-23CA-25B5-000AA4A793BA
16.765627,-39.096,1,06F9F8CE-9696-23CA-25B5-000AA4A793BA
-9.8656,-15.983991,1,06F9F8CE-9696-23CA-25B5-000AA4A793BA
-35.30187,-7.8411465,1,06F9F8CE-9696-23CA-25B5-000AA4A793BA
-35.34861,-7.910914,1,06F9F8CE-9696-23CA-25B5-000AA4A793BA
-16.691555,17.784456,1,09FCECC4-F94E-ED69-5E9B-3223B590A149
-43.418125,1.9111562,1,09FCECC4-F94E-ED69-5E9B-3223B590A149
59.031696,8.129542,2,09FCECC4-F94E-ED69-5E9B-3223B590A149
49.98549,-2.1990135,2,09FCECC4-F94E-ED69-5E9B-3223B590A149
49.841393,-2.3557806,2,09FCECC4-F94E-ED69-5E9B-3223B590A149
50.191006,-1.7306042,2,09FCECC4-F94E-ED69-5E9B-3223B590A149
30.342133,39.08612,2,09FCECC4-F94E-ED69-5E9B-3223B590A149
-52.23017,38.70272,1,09FCECC4-F94E-ED69-5E9B-3223B590A149
-55.11445,18.73719,1,09FCECC4-F94E-ED69-5E9B-3223B590A149
-47.331757,-22.894835,1,09FCECC4-F94E-ED69-5E9B-3223B590A149
-46.160038,-23.417536,1,09FCECC4-F94E-ED69-5E9B-3223B590A149
-24.78882,-7.1090884,1,09FCECC4-F94E-ED69-5E9B-3223B590A149
23.023502,32.794197,2,09FCECC4-F94E-ED69-5E9B-3223B590A149
64.89331,9.092419,2,09FCECC4-F94E-ED69-5E9B-3223B590A149
25.631912,32.561886,2,09FCECC4-F94E-ED69-5E9B-3223B590A149
26.076046,32.471066,2,09FCECC4-F94E-ED69-5E9B-3223B590A149
26.567276,32.98063,2,09FCECC4-F94E-ED69-5E9B-3223B590A149
26.595943,33.46749,2,09FCECC4-F94E-ED69-5E9B-3223B590A149
15.633927,34.022537,2,0A221ADF-C99E-307E-7B65-92EF9DABA6C4
29.53563,-38.24386,2,0A221ADF-C99E-307E-7B65-92EF9DABA6C4
31.645735,-8.010939,0,0A221ADF-C99E-307E-7B65-92EF9DABA6C4
-15.946311,-33.343334,0,0A221ADF-C99E-307E-7B65-92EF9DABA6C4
-16.350624,-32.576073,0,0A221ADF-C99E-307E-7B65-92EF9DABA6C4
-16.443556,-32.5328,2,0A221ADF-C99E-307E-7B65-92EF9DABA6C4
-16.742228,-32.146793,2,0A221ADF-C99E-307E-7B65-92EF9DABA6C4
37.02015,6.1803403,2,0A221ADF-C99E-307E-7B65-92EF9DABA6C4
-35.449715,-32.021725,0,0A221ADF-C99E-307E-7B65-92EF9DABA6C4
-34.50433,-32.277267,0,0A221ADF-C99E-307E-7B65-92EF9DABA6C4
-34.751575,-32.195606,0,0A221ADF-C99E-307E-7B65-92EF9DABA6C4
65.4078,0.7270892,0,0A221ADF-C99E-307E-7B65-92EF9DABA6C4
45.932774,-38.05848,2,0A221ADF-C99E-307E-7B65-92EF9DABA6C4
45.80821,-38.11243,2,0A221ADF-C99E-307E-7B65-92EF9DABA6C4
45.317596,-38.275017,2,0A221ADF-C99E-307E-7B65-92EF9DABA6C4
-16.264269,-16.239672,2,0A221ADF-C99E-307E-7B65-92EF9DABA6C4
12.499344,-23.939835,2,0A221ADF-C99E-307E-7B65-92EF9DABA6C4
12.242226,-46.090645,0,0A221ADF-C99E-307E-7B65-92EF9DABA6C4
11.458654,-44.598663,0,0A221ADF-C99E-307E-7B65-92EF9DABA6C4
67.126686,-3.9178493,0,0A221ADF-C99E-307E-7B65-92EF9DABA6C4
67.07745,-4.3007026,2,0A221ADF-C99E-307E-7B65-92EF9DABA6C4
67.02368,-4.6442933,2,0A221ADF-C99E-307E-7B65-92EF9DABA6C4
73.61237,8.574048,2,0A221ADF-C99E-307E-7B65-92EF9DABA6C4
21.72612,13.728723,2,0A221ADF-C99E-307E-7B65-92EF9DABA6C4
-1.3796864,41.249035,2,0A221ADF-C99E-307E-7B65-92EF9DABA6C4
-18.55178,-50.973072,2,0A221ADF-C99E-307E-7B65-92EF9DABA6C4
-18.670727,-50.77404,0,0A221ADF-C99E-307E-7B65-92EF9DABA6C4
-8.868009,-16.870632,0,0A221ADF-C99E-307E-7B65-92EF9DABA6C4
-8.709165,-16.977577,0,0A221ADF-C99E-307E-7B65-92EF9DABA6C4
-9.235628,-16.996147,0,0A221ADF-C99E-307E-7B65-92EF9DABA6C4
-37.520535,36.301315,2,0A76B59A-F1FF-F3F5-A3CA-2386FA8EF308
-49.661316,43.511406,2,0A76B59A-F1FF-F3F5-A3CA-2386FA8EF308
-36.171974,39.54237,2,0A76B59A-F1FF-F3F5-A3CA-2386FA8EF308
-23.189669,32.435432,2,0A76B59A-F1FF-F3F5-A3CA-2386FA8EF308
-23.153383,32.568794,2,0A76B59A-F1FF-F3F5-A3CA-2386FA8EF308
42.854645,31.745872,1,0A76B59A-F1FF-F3F5-A3CA-2386FA8EF308
60.96847,-3.780732,1,0A76B59A-F1FF-F3F5-A3CA-2386FA8EF308
61.220104,-3.6662898,1,0A76B59A-F1FF-F3F5-A3CA-2386FA8EF308
43.509506,-8.956566,1,0A76B59A-F1FF-F3F5-A3CA-2386FA8EF308
43.47683,-8.991714,1,0A76B59A-F1FF-F3F5-A3CA-2386FA8EF308
43.873066,-23.408892,1,0A76B59A-F1FF-F3F5-A3CA-2386FA8EF308
6.189535,20.170824,1,0A76B59A-F1FF-F3F5-A3CA-2386FA8EF308
-28.545017,-13.9071245,2,0A76B59A-F1FF-F3F5-A3CA-2386FA8EF308
-28.514057,-13.906536,2,0A76B59A-F1FF-F3F5-A3CA-2386FA8EF308
-28.447453,-13.972935,2,0A76B59A-F1FF-F3F5-A3CA-2386FA8EF308
-41.03133,21.514233,2,0A76B59A-F1FF-F3F5-A3CA-2386FA8EF308
-55.579742,40.532856,2,0A76B59A-F1FF-F3F5-A3CA-2386FA8EF308
-57.97073,40.230927,2,0A76B59A-F1FF-F3F5-A3CA-2386FA8EF308
-33.73493,28.724714,1,0A76B59A-F1FF-F3F5-A3CA-2386FA8EF308
-33.737415,28.704393,1,0A76B59A-F1FF-F3F5-A3CA-2386FA8EF308
-37.01895,25.94177,0,0A76B59A-F1FF-F3F5-A3CA-2386FA8EF308
-36.908596,25.77402,2,0A76B59A-F1FF-F3F5-A3CA-2386FA8EF308
-14.788265,26.927805,2,0A76B59A-F1FF-F3F5-A3CA-2386FA8EF308
-14.63645,27.043844,2,0A76B59A-F1FF-F3F5-A3CA-2386FA8EF308
-39.21839,-9.08456,0,0B5863F1-A482-C95D-EA42-9183B5BDFA12
-13.507462,-28.704857,0,0B5863F1-A482-C95D-EA42-9183B5BDFA12
-13.650873,-28.950962,1,0B5863F1-A482-C95D-EA42-9183B5BDFA12
6.4354024,3.9034843,1,0B5863F1-A482-C95D-EA42-9183B5BDFA12
23.326086,8.979169,2,0B5863F1-A482-C95D-EA42-9183B5BDFA12
23.318842,8.953249,2,0B5863F1-A482-C95D-EA42-9183B5BDFA12
-32.969437,20.589434,1,0B5863F1-A482-C95D-EA42-9183B5BDFA12
-54.203365,2.0814419,1,0B5863F1-A482-C95D-EA42-9183B5BDFA12
-54.133907,2.1534858,0,0B5863F1-A482-C95D-EA42-9183B5BDFA12
-54.16452,1.9743155,0,0B5863F1-A482-C95D-EA42-9183B5BDFA12
-66.73866,12.542467,0,0B5863F1-A482-C95D-EA42-9183B5BDFA12
-56.06929,-4.770767,0,0B5863F1-A482-C95D-EA42-9183B5BDFA12
8.494481,-22.726625,0,0B5863F1-A482-C95D-EA42-9183B5BDFA12
8.402714,-22.797562,0,0B5863F1-A482-C95D-EA42-9183B5BDFA12
49.01471,-11.790717,1,0B5863F1-A482-C95D-EA42-9183B5BDFA12
23.389032,-23.529713,0,0B5863F1-A482-C95D-EA42-9183B5BDFA12
23.35404,-23.619547,0,0B5863F1-A482-C95D-EA42-9183B5BDFA12
-49.702904,10.971563,0,0B5863F1-A482-C95D-EA42-9183B5BDFA12
-47.081333,-12.969116,0,0B5863F1-A482-C95D-EA42-9183B5BDFA12
-30.83999,-22.68905,0,0B5863F1-A482-C95D-EA42-9183B5BDFA12
-30.469103,-24.403206,0,0B5863F1-A482-C95D-EA42-9183B5BDFA12
-30.416271,-24.680704,1,0B5863F1-A482-C95D-EA42-9183B5BDFA12
-30.13568,-24.844093,1,0B5863F1-A482-C95D-EA42-9183B5BDFA12
-30.51805,-25.34589,1,0B5863F1-A482-C95D-EA42-9183B5BDFA12
-0.12905097,21.947687,1,0D759376-3F10-1BEB-7205-E91B8BF17984
-15.078125,-0.6689008,2,0D759376-3F10-1BEB-7205-E91B8BF17984
-14.67755,-0.20918533,2,0D759376-3F10-1BEB-7205-E91B8BF17984
-14.685299,-0.1714125,2,0D759376-3F10-1BEB-7205-E91B8BF17984
34.829884,11.166449,2,0D759376-3F10-1BEB-7205-E91B8BF17984
-8.635262,-33.92604,2,0D759376-3F10-1BEB-7205-E91B8BF17984
43.29995,11.772645,2,0D759376-3F10-1BEB-7205-E91B8BF17984
43.42675,11.756755,2,0D759376-3F10-1BEB-7205-E91B8BF17984
73.597015,-1.4845235,2,0D759376-3F10-1BEB-7205-E91B8BF17984
73.08212,-1.8538071,2,0D759376-3F10-1BEB-7205-E91B8BF17984
72.265915,-2.0110548,1,0D759376-3F10-1BEB-7205-E91B8BF17984
28.381903,-28.080149,1,0D759376-3F10-1BEB-7205-E91B8BF17984
-4.8800235,47.93367,2,0D759376-3F10-1BEB-7205-E91B8BF17984
-4.908088,47.879616,2,0D759376-3F10-1BEB-7205-E91B8BF17984
-3.8351636,49.66706,2,0D759376-3F10-1BEB-7205-E91B8BF17984
-3.845123,49.839054,2,0D759376-3F10-1BEB-7205-E91B8BF17984
-49.733864,-30.241096,2,0D759376-3F10-1BEB-7205-E91B8BF17984
-49.708076,-30.262356,2,0D759376-3F10-1BEB-7205-E91B8BF17984
34.311478,-25.703808,2,0D759376-3F10-1BEB-7205-E91B8BF17984
29.386015,-30.049217,2,0D759376-3F10-1BEB-7205-E91B8BF17984
29.208832,-29.620264,2,0D759376-3F10-1BEB-7205-E91B8BF17984
29.515522,-28.940666,2,0D759376-3F10-1BEB-7205-E91B8BF17984
-4.552058,-14.136554,2,0D759376-3F10-1BEB-7205-E91B8BF17984
-4.610817,-14.107938,2,0D759376-3F10-1BEB-7205-E91B8BF17984
-10.123929,-21.03944,0,0F3B2D98-51FE-5265-3746-A0763DE31C98
-9.963358,-21.010971,0,0F3B2D98-51FE-5265-3746-A0763DE31C98
-9.715811,-21.756207,0,0F3B2D98-51FE-5265-3746-A0763DE31C98
-29.955858,-48.355495,0,0F3B2D98-51FE-5265-3746-A0763DE31C98
-79.14681,8.330082,0,0F3B2D98-51FE-5265-3746-A0763DE31C98
-79.91744,8.375058,2,0F3B2D98-51FE-5265-3746-A0763DE31C98
-9.532383,-19.781235,2,0F3B2D98-51FE-5265-3746-A0763DE31C98
15.909923,-45.515488,2,0F3B2D98-51FE-5265-3746-A0763DE31C98
15.901542,-45.494633,2,0F3B2D98-51FE-5265-3746-A0763DE31C98
-8.654594,-21.787773,2,0F3B2D98-51FE-5265-3746-A0763DE31C98
27.924982,-33.23172,2,0F3B2D98-51FE-5265-3746-A0763DE31C98
27.955664,-33.164745,2,0F3B2D98-51FE-5265-3746-A0763DE31C98
-37.706913,-20.459307,0,0F3B2D98-51FE-5265-3746-A0763DE31C98
-37.74266,-20.427149,2,0F3B2D98-51FE-5265-3746-A0763DE31C98
9.663277,-28.810791,2,0F3B2D98-51FE-5265-3746-A0763DE31C98
9.690902,-28.441877,2,0F3B2D98-51FE-5265-3746-A0763DE31C98
9.945018,-27.43205,2,0F3B2D98-51FE-5265-3746-A0763DE31C98
9.939242,-27.40421,1,0F3B2D98-51FE-5265-3746-A0763DE31C98
67.37992,12.440475,0,0F3B2D98-51FE-5265-3746-A0763DE31C98
67.49625,12.834341,0,0F3B2D98-51FE-5265-3746-A0763DE31C98
67.28378,12.5593815,0,0F3B2D98-51FE-5265-3746-A0763DE31C98
59.505524,-0.103135325,0,0F3B2D98-51FE-5265-3746-A0763DE31C98
59.62554,-0.025199912,1,0F3B2D98-51FE-5265-3746-A0763DE31C98
-11.319572,-55.757248,1,0F3B2D98-51FE-5265-3746-A0763DE31C98
-40.0852,-11.265452,0,10FFF83C-FD48-DCA7-E554-491C3C1E3EC6
-44.098713,17.925308,0,10FFF83C-FD48-DCA7-E554-491C3C1E3EC6
-44.922035,17.571526,0,10FFF83C-FD48-DCA7-E554-491C3C1E3EC6
-44.799076,17.64548,0,10FFF83C-FD48-DCA7-E554-491C3C1E3EC6
-20.142294,13.297157,0,10FFF83C-FD48-DCA7-E554-491C3C1E3EC6
20.401836,26.217743,0,10FFF83C-FD48-DCA7-E554-491C3C1E3EC6
15.828376,-35.724247,2,10FFF83C-FD48-DCA7-E554-491C3C1E3EC6
39.589195,-1.2470435,2,10FFF83C-FD48-DCA7-E554-491C3C1E3EC6
39.62071,-1.2469168,2,10FFF83C-FD48-DCA7-E554-491C3C1E3EC6
22.000704,-53.719917,2,10FFF83C-FD48-DCA7-E554-491C3C1E3EC6
22.143242,-53.785255,2,10FFF83C-FD48-DCA7-E554-491C3C1E3EC6
-36.119316,19.286959,2,10FFF83C-FD48-DCA7-E554-491C3C1E3EC6
43.899822,32.72389,0,10FFF83C-FD48-DCA7-E554-491C3C1E3EC6
-30.643288,31.106285,0,10FFF83C-FD48-DCA7-E554-491C3C1E3EC6
-30.678352,31.09812,0,10FFF83C-FD48-DCA7-E554-491C3C1E3EC6
-60.484257,22.44257,0,10FFF83C-FD48-DCA7-E554-491C3C1E3EC6
-60.47809,22.431526,0,10FFF83C-FD48-DCA7-E554-491C3C1E3EC6
-60.63427,35.45669,0,10FFF83C-FD48-DCA7-E554-491C3C1E3EC6
-51.766758,20.871424,0,10FFF83C-FD48-DCA7-E554-491C3C1E3EC6
-51.728115,20.857521,0,10FFF83C-FD48-DCA7-E554-491C3C1E3EC6
-14.070851,21.244099,0,10FFF83C-FD48-DCA7-E554-491C3C1E3EC6
-18.221586,-2.8603733,0,10FFF83C-FD48-DCA7-E554-491C3C1E3EC6
-18.23753,-2.8407187,0,10FFF83C-FD48-DCA7-E554-491C3C1E3EC6
14.556343,35.60435,0,10FFF83C-FD48-DCA7-E554-491C3C1E3EC6
15.053982,-38.91697,2,10FFF83C-FD48-DCA7-E554-491C3C1E3EC6
-35.61686,0.13546698,0,10FFF83C-FD48-DCA7-E554-491C3C1E3EC6
-35.67722,0.18078713,0,10FFF83C-FD48-DCA7-E554-491C3C1E3EC6
-67.336266,11.734699,0,10FFF83C-FD48-DCA7-E554-491C3C1E3EC6
-59.231018,34.498016,0,10FFF83C-FD48-DCA7-E554-491C3C1E3EC6
-48.425953,13.077865,0,10FFF83C-FD48-DCA7-E554-491C3C1E3EC6
-11.786353,-32.185493,0,14027B3A-0AD6-CBA3-A600-42B3C0A4D933
-11.628721,-32.150543,2,14027B3A-0AD6-CBA3-A600-42B3C0A4D933
-10.644618,-31.84168,2,14027B3A-0AD6-CBA3-A600-42B3C0A4D933
-10.235492,-31.687527,2,14027B3A-0AD6-CBA3-A600-42B3C0A4D933
23.588518,-14.833102,2,14027B3A-0AD6-CBA3-A600-42B3C0A4D933
23.925215,-14.685758,2,14027B3A-0AD6-CBA3-A600-42B3C0A4D933
51.56037,38.38723,2,14027B3A-0AD6-CBA3-A600-42B3C0A4D933
-8.252591,41.783634,2,14027B3A-0AD6-CBA3-A600-42B3C0A4D933
-53.16577,33.806667,0,14027B3A-0AD6-CBA3-A600-42B3C0A4D933
-25.986378,15.481888,0,14027B3A-0AD6-CBA3-A600-42B3C0A4D933
-25.721855,14.948596,0,14027B3A-0AD6-CBA3-A600-42B3C0A4D933
-25.134079,14.389228,0,14027B3A-0AD6-CBA3-A600-42B3C0A4D933
-67.61539,15.333516,2,14027B3A-0AD6-CBA3-A600-42B3C0A4D933
-48.970047,35.483025,0,14027B3A-0AD6-CBA3-A600-42B3C0A4D933
-7.309122,49.22416,0,14027B3A-0AD6-CBA3-A600-42B3C0A4D933
-7.316308,49.228886,0,14027B3A-0AD6-CBA3-A600-42B3C0A4D933
39.490665,30.134611,0,14027B3A-0AD6-CBA3-A600-42B3C0A4D933
39.479496,30.13377,2,14027B3A-0AD6-CBA3-A600-42B3C0A4D933
74.6082,5.3484116,2,14027B3A-0AD6-CBA3-A600-42B3C0A4D933
74.74378,5.383473,2,14027B3A-0AD6-CBA3-A600-42B3C0A4D933
57.788902,3.6123896,0,14027B3A-0AD6-CBA3-A600-42B3C0A4D933
46.286568,-32.142384,0,165B40B2-D9B2-DBC0-AE48-02C0F49A609F
46.179615,-32.129105,0,165B40B2-D9B2-DBC0-AE48-02C0F49A609F
-28.647394,-10.964644,0,165B40B2-D9B2-DBC0-AE48-02C0F49A609F
-28.793219,-11.146047,2,165B40B2-D9B2-DBC0-AE48-02C0F49A609F
-30.097284,-12.278532,2,165B40B2-D9B2-DBC0-AE48-02C0F49A609F
-30.05263,-12.27321,2,165B40B2-D9B2-DBC0-AE48-02C0F49A609F
24.458305,5.5566077,2,165B40B2-D9B2-DBC0-AE48-02C0F49A609F
54.713257,-0.8206222,2,165B40B2-D9B2-DBC0-AE48-02C0F49A609F
37.427868,34.602585,2,165B40B2-D9B2-DBC0-AE48-02C0F49A609F
37.512577,34.555325,2,165B40B2-D9B2-DBC0-AE48-02C0F49A609F
-25.786766,38.94043,2,165B40B2-D9B2-DBC0-AE48-02C0F49A609F
63.736835,21.13194,2,165B40B2-D9B2-DBC0-AE48-02C0F49A609F
19.73708,37.82219,2,165B40B2-D9B2-DBC0-AE48-02C0F49A609F
-19.901772,-18.010584,2,165B40B2-D9B2-DBC0-AE48-02C0F49A609F
-21.159874,-18.884563,2,165B40B2-D9B2-DBC0-AE48-02C0F49A609F
-20.423222,-18.699535,2,165B40B2-D9B2-DBC0-AE48-02C0F49A609F
-20.451513,-18.829264,2,165B40B2-D9B2-DBC0-AE48-02C0F49A609F
-8.083049,-13.1835985,2,165B40B2-D9B2-DBC0-AE48-02C0F49A609F
28.022976,32.300358,2,172A62AD-9B69-33E2-1551-9526879D80AC
46.974144,38.05488,2,172A62AD-9B69-33E2-1551-9526879D80AC
46.78275,38.157925,2,172A62AD-9B69-33E2-1551-9526879D80AC
46.043285,38.811626,2,172A62AD-9B69-33E2-1551-9526879D80AC
46.736305,36.618946,2,172A62AD-9B69-33E2-1551-9526879D80AC
46.671867,36.71848,2,172A62AD-9B69-33E2-1551-9526879D80AC
-32.236843,24.523872,0,172A62AD-9B69-33E2-1551-9526879D80AC
-32.10543,24.355919,0,172A62AD-9B69-33E2-1551-9526879D80AC
-31.352337,23.596836,0,172A62AD-9B69-33E2-1551-9526879D80AC
-31.295115,23.453888,2,172A62AD-9B69-33E2-1551-9526879D80AC
31.713264,-21.22285,2,172A62AD-9B69-33E2-1551-9526879D80AC
14.293173,-46.763447,2,172A62AD-9B69-33E2-1551-9526879D80AC
45.023,-26.120136,2,172A62AD-9B69-33E2-1551-9526879D80AC
17.775803,-21.423697,2,172A62AD-9B69-33E2-1551-9526879D80AC
18.3612,-22.418234,2,172A62AD-9B69-33E2-1551-9526879D80AC
18.2532,-22.577883,2,172A62AD-9B69-33E2-1551-9526879D80AC
19.077627,-22.540192,1,172A62AD-9B69-33E2-1551-9526879D80AC
23.190914,-6.49825,1,172A62AD-9B69-33E2-1551-9526879D80AC
66.671486,-13.848228,1,172A62AD-9B69-33E2-1551-9526879D80AC
36.936134,-24.218199,1,172A62AD-9B69-33E2-1551-9526879D80AC
37.374714,-24.913612,1,172A62AD-9B69-33E2-1551-9526879D80AC
75.97957,-8.577561,1,172A62AD-9B69-33E2-1551-9526879D80AC
76.10656,-8.617965,1,172A62AD-9B69-33E2-1551-9526879D80AC
-9.116636,-15.403266,1,172A62AD-9B69-33E2-1551-9526879D80AC
35.91284,-15.408928,2,1F6A56CA-9C73-442F-2682-BB69E4B03AB2
35.885612,-15.395702,2,1F6A56CA-9C73-442F-2682-BB69E4B03AB2
-1.6472459,-42.1357,2,1F6A56CA-9C73-442F-2682-BB69E4B03AB2
-1.6699502,-42.177944,2,1F6A56CA-9C73-442F-2682-BB69E4B03AB2
30.383757,-42.84595,2,1F6A56CA-9C73-442F-2682-BB69E4B03AB2
46.913635,-23.26273,2,1F6A56CA-9C73-442F-2682-BB69E4B03AB2
-1.3651212,-16.217867,0,1F6A56CA-9C73-442F-2682-BB69E4B03AB2
-0.5612207,-16.352655,0,1F6A56CA-9C73-442F-2682-BB69E4B03AB2
-0.2460987,-16.395329,0,1F6A56CA-9C73-442F-2682-BB69E4B03AB2
25.312862,-24.873226,0,1F6A56CA-9C73-442F-2682-BB69E4B03AB2
-20.6755,5.817933,2,1F6A56CA-9C73-442F-2682-BB69E4B03AB2
-21.22702,5.76683,2,1F6A56CA-9C73-442F-2682-BB69E4B03AB2
-21.649912,5.8077826,2,1F6A56CA-9C73-442F-2682-BB69E4B03AB2
-56.094604,37.580963,2,1F6A56CA-9C73-442F-2682-BB69E4B03AB2
-57.049843,37.718502,0,1F6A56CA-9C73-442F-2682-BB69E4B03AB2
-46.92443,32.354202,0,1F6A56CA-9C73-442F-2682-BB69E4B03AB2
-46.672348,31.905281,0,1F6A56CA-9C73-442F-2682-BB69E4B03AB2
-37.937172,26.999226,1,1F6A56CA-9C73-442F-2682-BB69E4B03AB2
1.997112,16.740585,2,1FA97947-2FB7-D626-8CD3-2426BEEE97D1
2.297947,17.58655,2,1FA97947-2FB7-D626-8CD3-2426BEEE97D1
2.196613,18.261816,2,1FA97947-2FB7-D626-8CD3-2426BEEE97D1
2.1943583,18.387615,2,1FA97947-2FB7-D626-8CD3-2426BEEE97D1
1.7170714,18.869598,2,1FA97947-2FB7-D626-8CD3-2426BEEE97D1
5.9506855,30.305819,2,1FA97947-2FB7-D626-8CD3-2426BEEE97D1
-27.209532,-35.26294,2,1FA97947-2FB7-D626-8CD3-2426BEEE97D1
-27.135359,-35.28392,2,1FA97947-2FB7-D626-8CD3-2426BEEE97D1
2.4316669,-8.057804,2,1FA97947-2FB7-D626-8CD3-2426BEEE97D1
2.4903462,-7.763675,2,1FA97947-2FB7-D626-8CD3-2426BEEE97D1
-0.9061113,33.29061,2,1FA97947-2FB7-D626-8CD3-2426BEEE97D1
-0.6757203,33.507404,2,1FA97947-2FB7-D626-8CD3-2426BEEE97D1
-21.017147,-47.515724,1,1FA97947-2FB7-D626-8CD3-2426BEEE97D1
-21.058792,-47.087814,1,1FA97947-2FB7-D626-8CD3-2426BEEE97D1
-1.7056192,-57.48985,1,1FA97947-2FB7-D626-8CD3-2426BEEE97D1
-1.7021067,-57.55311,1,1FA97947-2FB7-D626-8CD3-2426BEEE97D1
32.555046,-46.125156,1,1FA97947-2FB7-D626-8CD3-2426BEEE97D1
32.50625,-46.137054,1,1FA97947-2FB7-D626-8CD3-2426BEEE97D1
-42.792274,-29.946152,1,1FA97947-2FB7-D626-8CD3-2426BEEE97D1
-42.467026,-30.148785,1,1FA97947-2FB7-D626-8CD3-2426BEEE97D1
-42.039585,-30.18353,1,1FA97947-2FB7-D626-8CD3-2426BEEE97D1
-43.361454,-32.145958,1,1FA97947-2FB7-D626-8CD3-2426BEEE97D1
-43.383137,-32.160183,1,1FA97947-2FB7-D626-8CD3-2426BEEE97D1
-49.542645,21.558264,1,1FA97947-2FB7-D626-8CD3-2426BEEE97D1
-49.50537,21.582945,1,1FA97947-2FB7-D626-8CD3-2426BEEE97D1
-61.87345,33.004612,1,1FA97947-2FB7-D626-8CD3-2426BEEE97D1
-59.15911,37.63946,1,1FA97947-2FB7-D626-8CD3-2426BEEE97D1
-67.2447,15.17485,1,1FA97947-2FB7-D626-8CD3-2426BEEE97D1
-66.06416,16.595726,1,1FA97947-2FB7-D626-8CD3-2426BEEE97D1
-65.864624,16.671295,1,1FA97947-2FB7-D626-8CD3-2426BEEE97D1
20.50786,-4.7220383,1,1FA97947-2FB7-D626-8CD3-2426BEEE97D1
14.319524,-32.74006,1,1FA97947-2FB7-D626-8CD3-2426BEEE97D1
14.353429,-32.733253,1,1FA97947-2FB7-D626-8CD3-2426BEEE97D1
45.46687,-19.467987,1,1FA97947-2FB7-D626-8CD3-2426BEEE97D1
45.44308,-19.45279,1,1FA97947-2FB7-D626-8CD3-2426BEEE97D1
53.55944,-16.472767,1,1FA97947-2FB7-D626-8CD3-2426BEEE97D1
53.632065,-16.506556,1,1FA97947-2FB7-D626-8CD3-2426BEEE97D1
20.592972,-7.3814063,1,1FA97947-2FB7-D626-8CD3-2426BEEE97D1
1.745669,4.2032056,1,1FA97947-2FB7-D626-8CD3-2426BEEE97D1
1.1096653,4.435334,1,1FA97947-2FB7-D626-8CD3-2426BEEE97D1
0.9977454,4.423244,1,1FA97947-2FB7-D626-8CD3-2426BEEE97D1
-45.521004,36.785637,1,1FA97947-2FB7-D626-8CD3-2426BEEE97D1
29.015354,27.253485,2,2656C6B4-988A-A958-5107-5422027AEE1D
-45.887146,-1.6502796,2,2656C6B4-988A-A958-5107-5422027AEE1D
-45.958572,-1.8185827,2,2656C6B4-988A-A958-5107-5422027AEE1D
-45.978474,-23.69238,2,2656C6B4-988A-A958-5107-5422027AEE1D
-61.233658,31.238413,2,2656C6B4-988A-A958-5107-5422027AEE1D
-60.946583,30.16707,2,2656C6B4-988A-A958-5107-5422027AEE1D
67.66448,19.216532,2,2656C6B4-988A-A958-5107-5422027AEE1D
69.427376,14.175917,2,2656C6B4-988A-A958-5107-5422027AEE1D
69.75731,13.540279,2,2656C6B4-988A-A958-5107-5422027AEE1D
69.741104,13.491893,2,2656C6B4-988A-A958-5107-5422027AEE1D
57.07975,16.910686,2,2656C6B4-988A-A958-5107-5422027AEE1D
56.970592,17.01176,2,2656C6B4-988A-A958-5107-5422027AEE1D
-6.9427776,18.635824,2,2656C6B4-988A-A958-5107-5422027AEE1D
-6.9053135,18.621872,2,2656C6B4-988A-A958-5107-5422027AEE1D
12.4471855,-47.238503,2,2656C6B4-988A-A958-5107-5422027AEE1D
12.486602,-47.297707,2,2656C6B4-988A-A958-5107-5422027AEE1D
10.945151,-48.200317,2,2656C6B4-988A-A958-5107-5422027AEE1D
32.54959,-25.668112,2,2656C6B4-988A-A958-5107-5422027AEE1D
-8.001949,29.37542,0,27C12E79-B4DD-AA48-E99E-552C6BAEBA6F
0.42448637,18.46919,2,27C12E79-B4DD-AA48-E99E-552C6BAEBA6F
9.783891,1.900955,2,27C12E79-B4DD-AA48-E99E-552C6BAEBA6F
17.591646,-11.880566,2,27C12E79-B4DD-AA48-E99E-552C6BAEBA6F
17.524261,-11.926959,2,27C12E79-B4DD-AA48-E99E-552C6BAEBA6F
5.3772187,-0.2775561,2,27C12E79-B4DD-AA48-E99E-552C6BAEBA6F
57.038723,8.795953,2,27C12E79-B4DD-AA48-E99E-552C6BAEBA6F
1.384375,37.064392,2,27C12E79-B4DD-AA48-E99E-552C6BAEBA6F
1.3178021,37.07122,2,27C12E79-B4DD-AA48-E99E-552C6BAEBA6F
-17.676834,44.209724,2,27C12E79-B4DD-AA48-E99E-552C6BAEBA6F
-17.679207,44.195553,2,27C12E79-B4DD-AA48-E99E-552C6BAEBA6F
-17.631424,43.84903,0,27C12E79-B4DD-AA48-E99E-552C6BAEBA6F
47.628082,-14.074279,2,27C12E79-B4DD-AA48-E99E-552C6BAEBA6F
27.52197,-36.551132,1,27C12E79-B4DD-AA48-E99E-552C6BAEBA6F
37.016106,-18.243593,1,27C12E79-B4DD-AA48-E99E-552C6BAEBA6F
37.02915,-18.334652,2,27C12E79-B4DD-AA48-E99E-552C6BAEBA6F
52.573414,-2.663655,2,27C12E79-B4DD-AA48-E99E-552C6BAEBA6F
52.656155,-2.6520824,2,27C12E79-B4DD-AA48-E99E-552C6BAEBA6F
4.0894923,36.156017,0,2C636222-CB43-AB6F-444A-7278047991C7
4.4196167,37.245823,0,2C636222-CB43-AB6F-444A-7278047991C7
4.522661,37.38915,0,2C636222-CB43-AB6F-444A-7278047991C7
9.104154,-51.327263,2,2C636222-CB43-AB6F-444A-7278047991C7
8.757034,-52.37716,2,2C636222-CB43-AB6F-444A-7278047991C7
8.646653,-52.6165,2,2C636222-CB43-AB6F-444A-7278047991C7
2.6174583,7.77742,2,2C636222-CB43-AB6F-444A-7278047991C7
2.7150903,7.795037,2,2C636222-CB43-AB6F-444A-7278047991C7
-38.549168,-9.024341,2,2C636222-CB43-AB6F-444A-7278047991C7
-29.590048,-31.730854,2,2C636222-CB43-AB6F-444A-7278047991C7
-29.586954,-31.722767,2,2C636222-CB43-AB6F-444A-7278047991C7
12.891867,4.538563,2,2C636222-CB43-AB6F-444A-7278047991C7
67.511635,-15.707155,2,2C636222-CB43-AB6F-444A-7278047991C7
57.42765,13.450353,2,2C636222-CB43-AB6F-444A-7278047991C7
57.633736,13.387595,2,2C636222-CB43-AB6F-444A-7278047991C7
41.901344,-3.3428693,1,2C636222-CB43-AB6F-444A-7278047991C7
65.69643,-12.918504,1,2C636222-CB43-AB6F-444A-7278047991C7
65.70925,-12.919608,2,2C636222-CB43-AB6F-444A-7278047991C7
7.882374,27.609888,2,35FEE4B0-EF25-110F-8D86-5410FA57646B
7.985125,27.624077,2,35FEE4B0-EF25-110F-8D86-5410FA57646B
-39.356304,21.773418,0,35FEE4B0-EF25-110F-8D86-5410FA57646B
-54.397144,27.708235,0,35FEE4B0-EF25-110F-8D86-5410FA57646B
-53.810806,27.017372,0,35FEE4B0-EF25-110F-8D86-5410FA57646B
-24.93034,-0.43874806,1,35FEE4B0-EF25-110F-8D86-5410FA57646B
-41.777412,-18.11374,0,35FEE4B0-EF25-110F-8D86-5410FA57646B
-42.01564,-18.020452,0,35FEE4B0-EF25-110F-8D86-5410FA57646B
-43.305264,-17.32763,2,35FEE4B0-EF25-110F-8D86-5410FA57646B
-43.75484,-16.666193,2,35FEE4B0-EF25-110F-8D86-5410FA57646B
-43.501694,-16.28494,0,35FEE4B0-EF25-110F-8D86-5410FA57646B
-43.475773,-16.087948,0,35FEE4B0-EF25-110F-8D86-5410FA57646B
-49.651295,35.74465,2,35FEE4B0-EF25-110F-8D86-5410FA57646B
-39.12622,23.772396,2,35FEE4B0-EF25-110F-8D86-5410FA57646B
-26.462563,30.371359,1,35FEE4B0-EF25-110F-8D86-5410FA57646B
-26.961863,30.39651,2,35FEE4B0-EF25-110F-8D86-5410FA57646B
9.078929,16.249697,2,35FEE4B0-EF25-110F-8D86-5410FA57646B
42.15623,-31.910526,2,35FEE4B0-EF25-110F-8D86-5410FA57646B
-30.655758,5.1677384,1,35FEE4B0-EF25-110F-8D86-5410FA57646B
-30.66512,5.2080984,1,35FEE4B0-EF25-110F-8D86-5410FA57646B
-14.397221,-4.1059756,1,35FEE4B0-EF25-110F-8D86-5410FA57646B
1.3386215,31.365925,1,35FEE4B0-EF25-110F-8D86-5410FA57646B
1.0592433,31.379137,0,35FEE4B0-EF25-110F-8D86-5410FA57646B
0.8950907,31.492762,0,35FEE4B0-EF25-110F-8D86-5410FA57646B
22.507147,-37.112225,1,35FEE4B0-EF25-110F-8D86-5410FA57646B
22.457113,-37.133156,2,35FEE4B0-EF25-110F-8D86-5410FA57646B
21.419594,-37.154636,2,35FEE4B0-EF25-110F-8D86-5410FA57646B
23.42527,-36.865128,2,35FEE4B0-EF25-110F-8D86-5410FA57646B
-35.032253,-48.29311,2,35FEE4B0-EF25-110F-8D86-5410FA57646B
41.55112,-30.882648,2,35FEE4B0-EF25-110F-8D86-5410FA57646B
-18.5212,35.310345,2,37249306-1597-DC6D-3544-6FEDBBF8B848
-38.7569,-2.2454515,2,37249306-1597-DC6D-3544-6FEDBBF8B848
-66.22448,23.314873,2,37249306-1597-DC6D-3544-6FEDBBF8B848
-66.169075,23.466745,2,37249306-1597-DC6D-3544-6FEDBBF8B848
-16.512022,24.667265,1,37249306-1597-DC6D-3544-6FEDBBF8B848
-0.3100298,-3.6336575,1,37249306-1597-DC6D-3544-6FEDBBF8B848
27.16837,-18.119951,1,37249306-1597-DC6D-3544-6FEDBBF8B848
-13.823254,-20.206251,1,37249306-1597-DC6D-3544-6FEDBBF8B848
-14.301208,-20.289204,1,37249306-1597-DC6D-3544-6FEDBBF8B848
-15.947831,-20.469624,1,37249306-1597-DC6D-3544-6FEDBBF8B848
-16.040297,-20.589989,1,37249306-1597-DC6D-3544-6FEDBBF8B848
-15.952914,-19.31172,1,37249306-1597-DC6D-3544-6FEDBBF8B848
-9.277798,-57.75728,2,37249306-1597-DC6D-3544-6FEDBBF8B848
-8.749514,-58.276176,2,37249306-1597-DC6D-3544-6FEDBBF8B848
-7.545582,-58.898552,2,37249306-1597-DC6D-3544-6FEDBBF8B848
-7.4081035,-59.006096,2,37249306-1597-DC6D-3544-6FEDBBF8B848
-8.124172,-59.310265,2,37249306-1597-DC6D-3544-6FEDBBF8B848
-14.717817,-17.409561,0,37249306-1597-DC6D-3544-6FEDBBF8B848
55.195286,3.8113217,2,37249306-1597-DC6D-3544-6FEDBBF8B848
55.272774,3.7816477,2,37249306-1597-DC6D-3544-6FEDBBF8B848
42.654343,-2.1263695,2,37249306-1597-DC6D-3544-6FEDBBF8B848
22.424911,-5.8340936,2,37249306-1597-DC6D-3544-6FEDBBF8B848
22.049726,-5.7581463,2,37249306-1597-DC6D-3544-6FEDBBF8B848
43.437622,-2.894923,2,37249306-1597-DC6D-3544-6FEDBBF8B848
-14.749595,-14.437805,1,3C54E0F5-9C12-3137-9EC1-39645770F53A
-15.477686,-14.8123045,1,3C54E0F5-9C12-3137-9EC1-39645770F53A
-15.55897,-14.923213,1,3C54E0F5-9C12-3137-9EC1-39645770F53A
7.319361,22.011343,1,3C54E0F5-9C12-3137-9EC1-39645770F53A
6.80672,21.063755,1,3C54E0F5-9C12-3137-9EC1-39645770F53A
6.7515945,20.795834,1,3C54E0F5-9C12-3137-9EC1-39645770F53A
41.267952,-21.555147,2,3C54E0F5-9C12-3137-9EC1-39645770F53A
41.2135,-21.565664,2,3C54E0F5-9C12-3137-9EC1-39645770F53A
59.512226,-16.756727,2,3C54E0F5-9C12-3137-9EC1-39645770F53A
59.621918,-16.502396,2,3C54E0F5-9C12-3137-9EC1-39645770F53A
59.975945,-16.012451,2,3C54E0F5-9C12-3137-9EC1-39645770F53A
60.734806,-15.506403,2,3C54E0F5-9C12-3137-9EC1-39645770F53A
68.891624,21.296967,2,3C54E0F5-9C12-3137-9EC1-39645770F53A
69.16942,21.236319,2,3C54E0F5-9C12-3137-9EC1-39645770F53A
-47.67084,-2.2593079,2,3C54E0F5-9C12-3137-9EC1-39645770F53A
-36.501858,-29.07706,1,3C54E0F5-9C12-3137-9EC1-39645770F53A
31.423296,-0.57445353,1,3C54E0F5-9C12-3137-9EC1-39645770F53A
-36.479713,-29.11188,1,3C54E0F5-9C12-3137-9EC1-39645770F53A
6.6140413,-44.998917,1,3C54E0F5-9C12-3137-9EC1-39645770F53A
19.309868,-37.390182,1,3C54E0F5-9C12-3137-9EC1-39645770F53A
-45.05077,-30.255308,1,3C54E0F5-9C12-3137-9EC1-39645770F53A
-19.37381,-25.217012,1,3C54E0F5-9C12-3137-9EC1-39645770F53A
-19.363823,-25.197348,1,3C54E0F5-9C12-3137-9EC1-39645770F53A
-40.50498,-28.939976,1,3C54E0F5-9C12-3137-9EC1-39645770F53A
31.098743,31.02852,2,3FC0B5B3-AC42-BF96-D8EE-10E81EAAACF6
-42.542816,-9.361508,0,3FC0B5B3-AC42-BF96-D8EE-10E81EAAACF6
-38.582584,16.997597,0,3FC0B5B3-AC42-BF96-D8EE-10E81EAAACF6
-39.36731,16.725094,0,3FC0B5B3-AC42-BF96-D8EE-10E81EAAACF6
-23.884375,-26.44428,0,3FC0B5B3-AC42-BF96-D8EE-10E81EAAACF6
22.525974,30.336794,2,3FC0B5B3-AC42-BF96-D8EE-10E81EAAACF6
58.475864,-9.752754,2,3FC0B5B3-AC42-BF96-D8EE-10E81EAAACF6
57.829453,-10.783806,2,3FC0B5B3-AC42-BF96-D8EE-10E81EAAACF6
57.79654,-10.98203,2,3FC0B5B3-AC42-BF96-D8EE-10E81EAAACF6
-11.009797,12.158686,0,3FC0B5B3-AC42-BF96-D8EE-10E81EAAACF6
-59.672752,11.732746,0,3FC0B5B3-AC42-BF96-D8EE-10E81EAAACF6
-57.395016,33.818703,0,3FC0B5B3-AC42-BF96-D8EE-10E81EAAACF6
73.85836,0.4242434,2,3FC0B5B3-AC42-BF96-D8EE-10E81EAAACF6
73.44856,0.668525,2,3FC0B5B3-AC42-BF96-D8EE-10E81EAAACF6
73.251595,1.0021199,2,3FC0B5B3-AC42-BF96-D8EE-10E81EAAACF6
72.717476,0.39223197,2,3FC0B5B3-AC42-BF96-D8EE-10E81EAAACF6
77.39414,13.870987,2,3FC0B5B3-AC42-BF96-D8EE-10E81EAAACF6
77.32748,13.907941,2,3FC0B5B3-AC42-BF96-D8EE-10E81EAAACF6
76.277985,14.644665,2,3FC0B5B3-AC42-BF96-D8EE-10E81EAAACF6
76.50772,14.474255,2,3FC0B5B3-AC42-BF96-D8EE-10E81EAAACF6
75.79669,14.876029,2,3FC0B5B3-AC42-BF96-D8EE-10E81EAAACF6
26.608154,9.285267,2,3FC0B5B3-AC42-BF96-D8EE-10E81EAAACF6
52.700836,15.695832,2,3FC0B5B3-AC42-BF96-D8EE-10E81EAAACF6
52.69982,15.516664,2,3FC0B5B3-AC42-BF96-D8EE-10E81EAAACF6
0.059170328,-44.073387,2,3FC0B5B3-AC42-BF96-D8EE-10E81EAAACF6
19.69811,4.036966,2,3FC0B5B3-AC42-BF96-D8EE-10E81EAAACF6
19.636774,4.109025,2,3FC0B5B3-AC42-BF96-D8EE-10E81EAAACF6
19.175455,8.383712,1,3FC0B5B3-AC42-BF96-D8EE-10E81EAAACF6
20.225044,8.301827,2,3FC0B5B3-AC42-BF96-D8EE-10E81EAAACF6
20.639616,8.266977,2,3FC0B5B3-AC42-BF96-D8EE-10E81EAAACF6
-27.982733,33.585514,0,3FC0B5B3-AC42-BF96-D8EE-10E81EAAACF6
-27.97059,33.77365,0,3FC0B5B3-AC42-BF96-D8EE-10E81EAAACF6
-27.927134,34.23775,0,3FC0B5B3-AC42-BF96-D8EE-10E81EAAACF6
-28.011122,34.602455,0,3FC0B5B3-AC42-BF96-D8EE-10E81EAAACF6
-47.098305,-14.59016,0,3FC0B5B3-AC42-BF96-D8EE-10E81EAAACF6
-61.521385,33.509926,0,3FC0B5B3-AC42-BF96-D8EE-10E81EAAACF6
66.174385,19.742699,2,4690C2DC-C0B5-6C1B-880A-D31C46C8A565
66.142975,19.761675,2,4690C2DC-C0B5-6C1B-880A-D31C46C8A565
-49.555588,-2.2564938,0,4690C2DC-C0B5-6C1B-880A-D31C46C8A565
-50.91854,-0.8474997,0,4690C2DC-C0B5-6C1B-880A-D31C46C8A565
-44.078453,-12.845445,0,4690C2DC-C0B5-6C1B-880A-D31C46C8A565
-44.090668,-13.007824,0,4690C2DC-C0B5-6C1B-880A-D31C46C8A565
-3.7157755,-38.554047,2,46A9A47E-EDE3-2EF4-2F06-E95AF67D57E1
-3.8066726,-38.558956,2,46A9A47E-EDE3-2EF4-2F06-E95AF67D57E1
35.542442,-12.120396,2,46A9A47E-EDE3-2EF4-2F06-E95AF67D57E1
35.320236,-11.285609,2,46A9A47E-EDE3-2EF4-2F06-E95AF67D57E1
35.36094,-11.115314,2,46A9A47E-EDE3-2EF4-2F06-E95AF67D57E1
33.854824,-12.1136465,2,46A9A47E-EDE3-2EF4-2F06-E95AF67D57E1
55.494568,-5.1328773,0,46A9A47E-EDE3-2EF4-2F06-E95AF67D57E1
55.60547,-5.104125,2,46A9A47E-EDE3-2EF4-2F06-E95AF67D57E1
56.729885,-3.7696908,2,46A9A47E-EDE3-2EF4-2F06-E95AF67D57E1
56.75507,-3.7401073,2,46A9A47E-EDE3-2EF4-2F06-E95AF67D57E1
49.10236,32.045544,2,46A9A47E-EDE3-2EF4-2F06-E95AF67D57E1
31.807907,33.939995,0,46A9A47E-EDE3-2EF4-2F06-E95AF67D57E1
31.213806,33.450188,0,46A9A47E-EDE3-2EF4-2F06-E95AF67D57E1
-42.739372,34.46069,1,46A9A47E-EDE3-2EF4-2F06-E95AF67D57E1
-62.577538,40.037163,2,46A9A47E-EDE3-2EF4-2F06-E95AF67D57E1
-48.42353,45.72638,2,46A9A47E-EDE3-2EF4-2F06-E95AF67D57E1
-48.359325,45.76173,2,46A9A47E-EDE3-2EF4-2F06-E95AF67D57E1
34.761112,32.954876,2,46A9A47E-EDE3-2EF4-2F06-E95AF67D57E1
-61.56639,26.531233,2,46A9A47E-EDE3-2EF4-2F06-E95AF67D57E1
-40.044914,28.578289,2,46A9A47E-EDE3-2EF4-2F06-E95AF67D57E1
-39.128483,29.632,2,46A9A47E-EDE3-2EF4-2F06-E95AF67D57E1
-38.993935,29.898659,2,46A9A47E-EDE3-2EF4-2F06-E95AF67D57E1
-22.736752,29.720556,2,46A9A47E-EDE3-2EF4-2F06-E95AF67D57E1
-22.708752,29.57246,0,46A9A47E-EDE3-2EF4-2F06-E95AF67D57E1
-23.026667,30.078358,0,46A9A47E-EDE3-2EF4-2F06-E95AF67D57E1
-26.26379,-0.56332004,0,46A9A47E-EDE3-2EF4-2F06-E95AF67D57E1
-52.204346,-19.994019,0,46A9A47E-EDE3-2EF4-2F06-E95AF67D57E1
-52.232178,-19.92848,0,46A9A47E-EDE3-2EF4-2F06-E95AF67D57E1
-52.006954,-17.321274,0,46A9A47E-EDE3-2EF4-2F06-E95AF67D57E1
-52.012856,-17.314291,0,46A9A47E-EDE3-2EF4-2F06-E95AF67D57E1
16.450087,-8.50475,2,46A9A47E-EDE3-2EF4-2F06-E95AF67D57E1
16.676214,-8.221605,2,46A9A47E-EDE3-2EF4-2F06-E95AF67D57E1
17.19004,-7.214243,2,46A9A47E-EDE3-2EF4-2F06-E95AF67D57E1
39.705956,-14.679368,2,46A9A47E-EDE3-2EF4-2F06-E95AF67D57E1
39.649307,-14.806742,2,46A9A47E-EDE3-2EF4-2F06-E95AF67D57E1
39.32319,-15.106092,2,46A9A47E-EDE3-2EF4-2F06-E95AF67D57E1
9.092645,-46.722687,2,47494449-E68E-E554-8BB1-ECEEE432E269
9.118661,-46.697296,2,47494449-E68E-E554-8BB1-ECEEE432E269
-17.589727,3.801456,0,47494449-E68E-E554-8BB1-ECEEE432E269
-17.54773,3.8607516,0,47494449-E68E-E554-8BB1-ECEEE432E269
-45.43588,36.766453,0,47494449-E68E-E554-8BB1-ECEEE432E269
-47.064327,40.185787,0,47494449-E68E-E554-8BB1-ECEEE432E269
28.629068,-0.9077118,2,47494449-E68E-E554-8BB1-ECEEE432E269
28.830486,-0.97572786,2,47494449-E68E-E554-8BB1-ECEEE432E269
-6.04029,-8.201221,2,47494449-E68E-E554-8BB1-ECEEE432E269
-6.0331736,-8.1943,2,47494449-E68E-E554-8BB1-ECEEE432E269
15.034299,13.247607,2,47494449-E68E-E554-8BB1-ECEEE432E269
15.015368,13.240175,2,47494449-E68E-E554-8BB1-ECEEE432E269
-13.427627,-50.996605,2,47494449-E68E-E554-8BB1-ECEEE432E269
-16.255291,-52.995075,2,47494449-E68E-E554-8BB1-ECEEE432E269
1.4095339,34.342964,2,47494449-E68E-E554-8BB1-ECEEE432E269
-5.5537896,-17.557722,2,47494449-E68E-E554-8BB1-ECEEE432E269
-5.6385603,-17.599617,2,47494449-E68E-E554-8BB1-ECEEE432E269
-4.7970915,-43.853012,2,47494449-E68E-E554-8BB1-ECEEE432E269
6.387989,-4.3531866,1,48847236-6E23-6E61-57CD-780C68FAA2C2
-26.188755,-14.172523,2,48847236-6E23-6E61-57CD-780C68FAA2C2
7.63572,-4.44597,2,48847236-6E23-6E61-57CD-780C68FAA2C2
7.5457644,-4.3803782,2,48847236-6E23-6E61-57CD-780C68FAA2C2
7.2998877,-2.8985767,2,48847236-6E23-6E61-57CD-780C68FAA2C2
7.2732935,-2.7256398,2,48847236-6E23-6E61-57CD-780C68FAA2C2
-30.21163,18.306707,2,48847236-6E23-6E61-57CD-780C68FAA2C2
35.89537,-25.117113,2,48847236-6E23-6E61-57CD-780C68FAA2C2
27.79128,-29.99564,1,48847236-6E23-6E61-57CD-780C68FAA2C2
27.683828,-29.62751,2,48847236-6E23-6E61-57CD-780C68FAA2C2
32.20404,-23.77053,2,48847236-6E23-6E61-57CD-780C68FAA2C2
32.254185,-23.615433,2,48847236-6E23-6E61-57CD-780C68FAA2C2
-13.356493,2.3486457,0,48847236-6E23-6E61-57CD-780C68FAA2C2
22.926462,-28.773664,0,48847236-6E23-6E61-57CD-780C68FAA2C2
23.317005,-29.210651,0,48847236-6E23-6E61-57CD-780C68FAA2C2
23.36863,-29.13053,0,48847236-6E23-6E61-57CD-780C68FAA2C2
38.128983,18.231123,0,48847236-6E23-6E61-57CD-780C68FAA2C2
16.88362,32.15088,0,48847236-6E23-6E61-57CD-780C68FAA2C2
73.07286,-9.83957,0,48847236-6E23-6E61-57CD-780C68FAA2C2
72.99372,-9.901051,0,48847236-6E23-6E61-57CD-780C68FAA2C2
-8.31125,-1.0779295,0,48847236-6E23-6E61-57CD-780C68FAA2C2
-8.36776,-1.0042489,1,48847236-6E23-6E61-57CD-780C68FAA2C2
-34.217026,-1.1669583,1,48847236-6E23-6E61-57CD-780C68FAA2C2
-34.853706,-3.967079,1,48847236-6E23-6E61-57CD-780C68FAA2C2
27.443825,-41.817677,1,48847236-6E23-6E61-57CD-780C68FAA2C2
27.519201,-42.542267,1,48847236-6E23-6E61-57CD-780C68FAA2C2
-4.8051586,-41.485294,1,48847236-6E23-6E61-57CD-780C68FAA2C2
-4.7093277,-41.377724,1,48847236-6E23-6E61-57CD-780C68FAA2C2
7.7705903,30.794746,0,48847236-6E23-6E61-57CD-780C68FAA2C2
-33.036934,-1.5723946,0,48847236-6E23-6E61-57CD-780C68FAA2C2
31.479313,-10.135493,2,48D32E40-ABB9-E3FB-185C-8A5AA0C44CBF
31.50905,-10.172785,2,48D32E40-ABB9-E3FB-185C-8A5AA0C44CBF
31.748531,-10.109127,2,48D32E40-ABB9-E3FB-185C-8A5AA0C44CBF
46.2613,5.9034824,2,48D32E40-ABB9-E3FB-185C-8A5AA0C44CBF
-26.35203,-39.38046,0,48D32E40-ABB9-E3FB-185C-8A5AA0C44CBF
-6.8929615,-35.434017,0,48D32E40-ABB9-E3FB-185C-8A5AA0C44CBF
58.796703,-6.864926,2,48D32E40-ABB9-E3FB-185C-8A5AA0C44CBF
58.755455,-6.894995,2,48D32E40-ABB9-E3FB-185C-8A5AA0C44CBF
-14.409793,-62.66776,2,48D32E40-ABB9-E3FB-185C-8A5AA0C44CBF
-14.47093,-62.44392,2,48D32E40-ABB9-E3FB-185C-8A5AA0C44CBF
-16.230646,-62.02472,2,48D32E40-ABB9-E3FB-185C-8A5AA0C44CBF
44.536785,-20.986704,2,48D32E40-ABB9-E3FB-185C-8A5AA0C44CBF
-35.355988,35.03428,0,4B423110-8A54-A87F-39BB-D68BF033C7FC
-25.893496,-43.719227,0,4B423110-8A54-A87F-39BB-D68BF033C7FC
-25.798965,-43.75364,2,4B423110-8A54-A87F-39BB-D68BF033C7FC
-10.931731,26.132925,2,4B423110-8A54-A87F-39BB-D68BF033C7FC
-11.512674,26.116026,2,4B423110-8A54-A87F-39BB-D68BF033C7FC
42.877712,28.560125,2,4B423110-8A54-A87F-39BB-D68BF033C7FC
-60.02546,41.99203,0,4B423110-8A54-A87F-39BB-D68BF033C7FC
-59.55494,42.12131,0,4B423110-8A54-A87F-39BB-D68BF033C7FC
-53.333046,38.29753,0,4B423110-8A54-A87F-39BB-D68BF033C7FC
-14.904592,40.720264,0,4B423110-8A54-A87F-39BB-D68BF033C7FC
35.277264,25.46427,2,4B423110-8A54-A87F-39BB-D68BF033C7FC
35.28705,25.37896,2,4B423110-8A54-A87F-39BB-D68BF033C7FC
2.6494157,23.141268,0,4B423110-8A54-A87F-39BB-D68BF033C7FC
2.5362918,23.246841,0,4B423110-8A54-A87F-39BB-D68BF033C7FC
9.55905,25.123343,2,4B423110-8A54-A87F-39BB-D68BF033C7FC
9.55173,25.123295,2,4B423110-8A54-A87F-39BB-D68BF033C7FC
1.8387928,24.010836,2,4B423110-8A54-A87F-39BB-D68BF033C7FC
-10.824105,39.068195,2,4B423110-8A54-A87F-39BB-D68BF033C7FC
2.242426,-42.089966,1,4B423110-8A54-A87F-39BB-D68BF033C7FC
-9.419985,-53.044975,0,4B423110-8A54-A87F-39BB-D68BF033C7FC
-9.538791,-52.866528,0,4B423110-8A54-A87F-39BB-D68BF033C7FC
-50.79444,25.988634,0,4BD5749B-A1D2-E6C9-156F-DF107802D3BE
-4.2604713,22.99764,2,4BD5749B-A1D2-E6C9-156F-DF107802D3BE
-13.527526,-45.99793,2,4BD5749B-A1D2-E6C9-156F-DF107802D3BE
-13.336747,-45.733448,2,4BD5749B-A1D2-E6C9-156F-DF107802D3BE
-13.09949,-45.441307,2,4BD5749B-A1D2-E6C9-156F-DF107802D3BE
-12.563405,-45.2289,2,4BD5749B-A1D2-E6C9-156F-DF107802D3BE
-39.353962,40.515476,0,4BD5749B-A1D2-E6C9-156F-DF107802D3BE
-61.584568,13.166943,0,4BD5749B-A1D2-E6C9-156F-DF107802D3BE
-64.65909,13.527386,0,4BD5749B-A1D2-E6C9-156F-DF107802D3BE
-27.809956,-7.407438,0,4BD5749B-A1D2-E6C9-156F-DF107802D3BE
-19.805832,32.699734,2,4BD5749B-A1D2-E6C9-156F-DF107802D3BE
59.182316,3.1285398,2,4BD5749B-A1D2-E6C9-156F-DF107802D3BE
10.717468,-3.2453754,0,4BD5749B-A1D2-E6C9-156F-DF107802D3BE
11.233393,-2.9591422,2,4BD5749B-A1D2-E6C9-156F-DF107802D3BE
12.046092,-1.6747341,2,4BD5749B-A1D2-E6C9-156F-DF107802D3BE
12.033313,-1.629662,2,4BD5749B-A1D2-E6C9-156F-DF107802D3BE
11.65347,-0.53872067,2,4BD5749B-A1D2-E6C9-156F-DF107802D3BE
11.62708,0.17836495,2,4BD5749B-A1D2-E6C9-156F-DF107802D3BE
11.234399,0.64691263,2,4BD5749B-A1D2-E6C9-156F-DF107802D3BE
-13.181158,-10.844796,2,4BD5749B-A1D2-E6C9-156F-DF107802D3BE
-13.182986,-10.818534,2,4BD5749B-A1D2-E6C9-156F-DF107802D3BE
-12.534268,-10.268852,2,4BD5749B-A1D2-E6C9-156F-DF107802D3BE
14.092094,-22.492857,2,4BD5749B-A1D2-E6C9-156F-DF107802D3BE
14.2280655,-22.42199,2,4BD5749B-A1D2-E6C9-156F-DF107802D3BE
-53.056473,24.999048,0,4BFAECAC-0CC2-F9AC-17BB-7343BE737D81
-15.250249,18.296854,0,4BFAECAC-0CC2-F9AC-17BB-7343BE737D81
2.2915037,-39.522293,0,4BFAECAC-0CC2-F9AC-17BB-7343BE737D81
45.343033,-5.303415,1,4BFAECAC-0CC2-F9AC-17BB-7343BE737D81
45.230038,-5.730722,2,4BFAECAC-0CC2-F9AC-17BB-7343BE737D81
45.264214,-5.842371,2,4BFAECAC-0CC2-F9AC-17BB-7343BE737D81
16.893862,25.991573,2,4BFAECAC-0CC2-F9AC-17BB-7343BE737D81
17.833271,-13.851243,2,4BFAECAC-0CC2-F9AC-17BB-7343BE737D81
59.028038,-20.983496,2,4BFAECAC-0CC2-F9AC-17BB-7343BE737D81
59.121334,-20.933344,2,4BFAECAC-0CC2-F9AC-17BB-7343BE737D81
59.71965,-20.672506,2,4BFAECAC-0CC2-F9AC-17BB-7343BE737D81
12.137906,-15.834782,0,4BFAECAC-0CC2-F9AC-17BB-7343BE737D81
-13.573595,-35.48642,2,4BFAECAC-0CC2-F9AC-17BB-7343BE737D81
-13.205847,-36.131107,2,4BFAECAC-0CC2-F9AC-17BB-7343BE737D81
-12.851955,-36.787075,2,4BFAECAC-0CC2-F9AC-17BB-7343BE737D81
-12.822855,-36.620678,2,4BFAECAC-0CC2-F9AC-17BB-7343BE737D81
-9.368061,-49.103325,1,4BFAECAC-0CC2-F9AC-17BB-7343BE737D81
-16.00975,-35.47464,2,4BFAECAC-0CC2-F9AC-17BB-7343BE737D81
-34.817345,14.013492,0,4BFAECAC-0CC2-F9AC-17BB-7343BE737D81
-34.899105,14.0307,0,4BFAECAC-0CC2-F9AC-17BB-7343BE737D81
-35.148094,14.421594,2,4BFAECAC-0CC2-F9AC-17BB-7343BE737D81
-52.552666,32.384304,2,4BFAECAC-0CC2-F9AC-17BB-7343BE737D81
-58.353207,37.995266,2,4BFAECAC-0CC2-F9AC-17BB-7343BE737D81
-58.044758,38.2681,0,4BFAECAC-0CC2-F9AC-17BB-7343BE737D81
-32.580544,11.647188,1,4CAE9D77-C8A8-2EE8-53D0-7C3C6331B2C5
-32.420567,11.471772,1,4CAE9D77-C8A8-2EE8-53D0-7C3C6331B2C5
36.686867,21.057323,0,4CAE9D77-C8A8-2EE8-53D0-7C3C6331B2C5
36.654087,21.026642,0,4CAE9D77-C8A8-2EE8-53D0-7C3C6331B2C5
-22.8926,-26.205828,0,4CAE9D77-C8A8-2EE8-53D0-7C3C6331B2C5
-23.258892,-26.275017,0,4CAE9D77-C8A8-2EE8-53D0-7C3C6331B2C5
29.364946,21.111313,2,4CAE9D77-C8A8-2EE8-53D0-7C3C6331B2C5
47.388863,22.258541,1,4CAE9D77-C8A8-2EE8-53D0-7C3C6331B2C5
47.035706,22.53298,2,4CAE9D77-C8A8-2EE8-53D0-7C3C6331B2C5
47.110317,22.585388,2,4CAE9D77-C8A8-2EE8-53D0-7C3C6331B2C5
69.42671,5.8917675,2,4CAE9D77-C8A8-2EE8-53D0-7C3C6331B2C5
69.28932,5.818875,2,4CAE9D77-C8A8-2EE8-53D0-7C3C6331B2C5
70.26958,0.9870516,2,4CAE9D77-C8A8-2EE8-53D0-7C3C6331B2C5
70.086105,1.0175152,2,4CAE9D77-C8A8-2EE8-53D0-7C3C6331B2C5
29.247513,-13.940946,1,4CAE9D77-C8A8-2EE8-53D0-7C3C6331B2C5
-17.697287,-53.529354,1,4CAE9D77-C8A8-2EE8-53D0-7C3C6331B2C5
-17.709831,-53.313587,1,4CAE9D77-C8A8-2EE8-53D0-7C3C6331B2C5
-18.138336,-51.912598,1,4CAE9D77-C8A8-2EE8-53D0-7C3C6331B2C5
-47.824585,39.083748,1,4CAE9D77-C8A8-2EE8-53D0-7C3C6331B2C5
-31.798807,-46.013508,1,4CAE9D77-C8A8-2EE8-53D0-7C3C6331B2C5
-54.705746,-24.677326,1,4CAE9D77-C8A8-2EE8-53D0-7C3C6331B2C5
-54.69816,-24.713276,2,4CAE9D77-C8A8-2EE8-53D0-7C3C6331B2C5
-22.002047,-51.388237,2,4CAE9D77-C8A8-2EE8-53D0-7C3C6331B2C5
-21.862339,-51.549385,2,4CAE9D77-C8A8-2EE8-53D0-7C3C6331B2C5
42.08686,25.377415,2,5270C847-54C3-180E-9737-1D87A639C450
42.092537,25.407053,2,5270C847-54C3-180E-9737-1D87A639C450
-5.1316085,25.185007,2,5270C847-54C3-180E-9737-1D87A639C450
-6.5629306,26.389338,2,5270C847-54C3-180E-9737-1D87A639C450
-41.94538,37.089405,2,5270C847-54C3-180E-9737-1D87A639C450
-56.371376,41.158756,2,5270C847-54C3-180E-9737-1D87A639C450
-37.62858,39.585346,2,5270C847-54C3-180E-9737-1D87A639C450
-22.884178,1.1489599,2,5270C847-54C3-180E-9737-1D87A639C450
-23.208454,0.91623765,2,5270C847-54C3-180E-9737-1D87A639C450
-33.008686,-46.42169,2,5270C847-54C3-180E-9737-1D87A639C450
-32.953712,-46.447514,0,5270C847-54C3-180E-9737-1D87A639C450
-45.046238,-15.973366,0,5270C847-54C3-180E-9737-1D87A639C450
-26.201601,6.099895,0,5270C847-54C3-180E-9737-1D87A639C450
-26.250343,7.400713,0,5270C847-54C3-180E-9737-1D87A639C450
-30.472136,0.23254898,0,5270C847-54C3-180E-9737-1D87A639C450
-30.413628,0.47006634,0,5270C847-54C3-180E-9737-1D87A639C450
-30.36869,1.3066057,0,5270C847-54C3-180E-9737-1D87A639C450
-41.907505,-14.049306,0,5270C847-54C3-180E-9737-1D87A639C450
-63.755844,37.539417,1,5270C847-54C3-180E-9737-1D87A639C450
-62.6214,38.49432,1,5270C847-54C3-180E-9737-1D87A639C450
-61.70553,39.214993,1,5270C847-54C3-180E-9737-1D87A639C450
-61.071587,39.733612,0,5270C847-54C3-180E-9737-1D87A639C450
-60.424706,40.085945,0,5270C847-54C3-180E-9737-1D87A639C450
-57.026367,13.461279,0,5270C847-54C3-180E-9737-1D87A639C450
-4.5587687,12.016301,0,5270C847-54C3-180E-9737-1D87A639C450
-4.0737634,11.712755,0,5270C847-54C3-180E-9737-1D87A639C450
-3.7772171,11.514486,0,5270C847-54C3-180E-9737-1D87A639C450
-3.387363,11.292173,0,5270C847-54C3-180E-9737-1D87A639C450
-16.572325,-53.983505,0,5270C847-54C3-180E-9737-1D87A639C450
-31.203358,-25.807257,0,5270C847-54C3-180E-9737-1D87A639C450
-60.63872,41.627823,2,5690E95B-9747-B2B5-2EE1-16A72200D5CC
-12.294951,39.528225,2,5690E95B-9747-B2B5-2EE1-16A72200D5CC
-12.530835,37.89311,2,5690E95B-9747-B2B5-2EE1-16A72200D5CC
15.168919,46.454113,2,5690E95B-9747-B2B5-2EE1-16A72200D5CC
14.741898,46.19292,2,5690E95B-9747-B2B5-2EE1-16A72200D5CC
14.00131,45.83647,2,5690E95B-9747-B2B5-2EE1-16A72200D5CC
26.478727,-30.583763,2,5690E95B-9747-B2B5-2EE1-16A72200D5CC
-0.8750715,-25.354168,2,5690E95B-9747-B2B5-2EE1-16A72200D5CC
-0.9064096,-25.311646,2,5690E95B-9747-B2B5-2EE1-16A72200D5CC
-28.940805,-21.679197,2,5690E95B-9747-B2B5-2EE1-16A72200D5CC
-29.617346,-21.938314,2,5690E95B-9747-B2B5-2EE1-16A72200D5CC
-30.065031,-21.885254,2,5690E95B-9747-B2B5-2EE1-16A72200D5CC
-31.152493,-21.778996,2,5690E95B-9747-B2B5-2EE1-16A72200D5CC
-31.508629,-21.649693,2,5690E95B-9747-B2B5-2EE1-16A72200D5CC
-46.601616,-13.4394655,2,5690E95B-9747-B2B5-2EE1-16A72200D5CC
-65.77111,13.800261,2,5690E95B-9747-B2B5-2EE1-16A72200D5CC
-46.027534,-11.863709,2,5690E95B-9747-B2B5-2EE1-16A72200D5CC
-45.865833,-12.985446,1,5690E95B-9747-B2B5-2EE1-16A72200D5CC
-8.167892,5.1229787,2,5690E95B-9747-B2B5-2EE1-16A72200D5CC
-32.39645,-19.082935,2,5690E95B-9747-B2B5-2EE1-16A72200D5CC
-32.523113,-19.206024,1,5690E95B-9747-B2B5-2EE1-16A72200D5CC
-32.568905,-20.387753,1,5690E95B-9747-B2B5-2EE1-16A72200D5CC
-32.438484,-20.269094,1,5690E95B-9747-B2B5-2EE1-16A72200D5CC
-35.241093,13.057089,1,5690E95B-9747-B2B5-2EE1-16A72200D5CC
27.007423,12.120199,0,56EF301B-39F0-ED8F-E067-59FB50186E9C
51.75107,-8.3742895,2,56EF301B-39F0-ED8F-E067-59FB50186E9C
53.202095,-8.414919,2,56EF301B-39F0-ED8F-E067-59FB50186E9C
53.109013,-8.437027,2,56EF301B-39F0-ED8F-E067-59FB50186E9C
52.761585,-8.471256,2,56EF301B-39F0-ED8F-E067-59FB50186E9C
17.313192,-15.153145,2,56EF301B-39F0-ED8F-E067-59FB50186E9C
-39.757782,5.878159,0,56EF301B-39F0-ED8F-E067-59FB50186E9C
-39.866566,5.6849184,0,56EF301B-39F0-ED8F-E067-59FB50186E9C
-15.907376,-42.921467,0,56EF301B-39F0-ED8F-E067-59FB50186E9C
-15.817816,-42.934044,0,56EF301B-39F0-ED8F-E067-59FB50186E9C
-50.245834,-24.481009,0,56EF301B-39F0-ED8F-E067-59FB50186E9C
-50.243614,-24.4856,0,56EF301B-39F0-ED8F-E067-59FB50186E9C
70.73949,22.743216,1,56EF301B-39F0-ED8F-E067-59FB50186E9C
70.4831,22.275589,1,56EF301B-39F0-ED8F-E067-59FB50186E9C
70.433235,22.127127,1,56EF301B-39F0-ED8F-E067-59FB50186E9C
32.056896,30.863274,0,58CB3C5E-2F5C-31FE-83E8-C6772D99B8D5
32.672707,30.440166,0,58CB3C5E-2F5C-31FE-83E8-C6772D99B8D5
32.99274,30.180454,0,58CB3C5E-2F5C-31FE-83E8-C6772D99B8D5
34.862225,37.198677,0,58CB3C5E-2F5C-31FE-83E8-C6772D99B8D5
34.34718,37.690983,1,58CB3C5E-2F5C-31FE-83E8-C6772D99B8D5
-29.438644,28.377193,0,58CB3C5E-2F5C-31FE-83E8-C6772D99B8D5
-30.118305,27.265753,0,58CB3C5E-2F5C-31FE-83E8-C6772D99B8D5
-30.06543,27.117098,0,58CB3C5E-2F5C-31FE-83E8-C6772D99B8D5
-29.706839,26.572548,0,58CB3C5E-2F5C-31FE-83E8-C6772D99B8D5
-29.784979,26.888615,0,58CB3C5E-2F5C-31FE-83E8-C6772D99B8D5
-29.128155,25.720905,2,58CB3C5E-2F5C-31FE-83E8-C6772D99B8D5
5.250456,3.0551097,2,58CB3C5E-2F5C-31FE-83E8-C6772D99B8D5
5.834965,-47.219925,2,58CB3C5E-2F5C-31FE-83E8-C6772D99B8D5
5.8976274,-47.2645,2,58CB3C5E-2F5C-31FE-83E8-C6772D99B8D5
47.75764,-7.1521297,2,58CB3C5E-2F5C-31FE-83E8-C6772D99B8D5
66.680756,9.071191,2,58CB3C5E-2F5C-31FE-83E8-C6772D99B8D5
66.895256,9.192631,0,58CB3C5E-2F5C-31FE-83E8-C6772D99B8D5
67.037834,9.190808,0,58CB3C5E-2F5C-31FE-83E8-C6772D99B8D5
69.67754,-8.955324,2,58CB3C5E-2F5C-31FE-83E8-C6772D99B8D5
21.573095,-34.13825,2,58CB3C5E-2F5C-31FE-83E8-C6772D99B8D5
21.041183,-34.233982,2,58CB3C5E-2F5C-31FE-83E8-C6772D99B8D5
20.369873,-34.414265,2,58CB3C5E-2F5C-31FE-83E8-C6772D99B8D5
-17.28839,-62.593758,2,58CB3C5E-2F5C-31FE-83E8-C6772D99B8D5
-6.359321,-33.155254,1,58CB3C5E-2F5C-31FE-83E8-C6772D99B8D5
44.204094,21.639212,0,5CD23052-9069-615B-22B2-CB8E9A2413C9
44.15172,20.205738,0,5CD23052-9069-615B-22B2-CB8E9A2413C9
65.89967,-21.393541,0,5CD23052-9069-615B-22B2-CB8E9A2413C9
67.27035,-20.42459,0,5CD23052-9069-615B-22B2-CB8E9A2413C9
66.291504,-21.06509,0,5CD23052-9069-615B-22B2-CB8E9A2413C9
65.26092,-21.946947,0,5CD23052-9069-615B-22B2-CB8E9A2413C9
-35.659077,-46.509197,2,5CD23052-9069-615B-22B2-CB8E9A2413C9
-35.648605,-46.43018,0,5CD23052-9069-615B-22B2-CB8E9A2413C9
-44.606064,12.533648,0,5CD23052-9069-615B-22B2-CB8E9A2413C9
-44.558544,12.684205,0,5CD23052-9069-615B-22B2-CB8E9A2413C9
-45.284496,11.947136,0,5CD23052-9069-615B-22B2-CB8E9A2413C9
-45.9816,11.712087,0,5CD23052-9069-615B-22B2-CB8E9A2413C9
26.613264,-44.592056,0,5CD23052-9069-615B-22B2-CB8E9A2413C9
26.43456,-44.595078,0,5CD23052-9069-615B-22B2-CB8E9A2413C9
26.375206,-44.507393,1,5CD23052-9069-615B-22B2-CB8E9A2413C9
30.939287,-41.25563,1,5CD23052-9069-615B-22B2-CB8E9A2413C9
31.033957,-41.02246,1,5CD23052-9069-615B-22B2-CB8E9A2413C9
-32.907963,-42.368298,1,5CD23052-9069-615B-22B2-CB8E9A2413C9
20.57825,13.00631,2,5CD23052-9069-615B-22B2-CB8E9A2413C9
20.418646,13.290344,2,5CD23052-9069-615B-22B2-CB8E9A2413C9
20.0226,13.886178,2,5CD23052-9069-615B-22B2-CB8E9A2413C9
19.739517,14.105639,2,5CD23052-9069-615B-22B2-CB8E9A2413C9
64.22599,21.86423,2,5CD23052-9069-615B-22B2-CB8E9A2413C9
71.74971,15.101155,2,5CD23052-9069-615B-22B2-CB8E9A2413C9
62.586823,22.513872,2,5CD23052-9069-615B-22B2-CB8E9A2413C9
62.797077,22.32957,2,5CD23052-9069-615B-22B2-CB8E9A2413C9
17.498697,-32.381107,2,5CD23052-9069-615B-22B2-CB8E9A2413C9
-5.456905,-23.483809,2,5CD23052-9069-615B-22B2-CB8E9A2413C9
-5.347236,-23.56108,2,5CD23052-9069-615B-22B2-CB8E9A2413C9
-29.274378,-46.101353,2,5CD23052-9069-615B-22B2-CB8E9A2413C9
-20.23693,23.38551,2,5E491E0A-C580-29BE-4329-ED7BFF843D0D
-20.294144,23.419067,0,5E491E0A-C580-29BE-4329-ED7BFF843D0D
54.1088,29.82827,2,5E491E0A-C580-29BE-4329-ED7BFF843D0D
7.679213,-31.107386,2,5E491E0A-C580-29BE-4329-ED7BFF843D0D
-1.6477095,14.517482,2,5E491E0A-C580-29BE-4329-ED7BFF843D0D
-1.6511573,14.579603,2,5E491E0A-C580-29BE-4329-ED7BFF843D0D
-44.65537,24.875452,0,5E491E0A-C580-29BE-4329-ED7BFF843D0D
-44.74694,24.92664,2,5E491E0A-C580-29BE-4329-ED7BFF843D0D
-19.604177,47.04784,2,5E491E0A-C580-29BE-4329-ED7BFF843D0D
-15.586451,47.71135,2,5E491E0A-C580-29BE-4329-ED7BFF843D0D
-15.464841,47.616505,2,5E491E0A-C580-29BE-4329-ED7BFF843D0D
-10.96937,33.979523,2,5E491E0A-C580-29BE-4329-ED7BFF843D0D
-27.87062,40.1685,2,5E491E0A-C580-29BE-4329-ED7BFF843D0D
-27.719261,40.16855,2,5E491E0A-C580-29BE-4329-ED7BFF843D0D
22.474072,5.804478,2,5E491E0A-C580-29BE-4329-ED7BFF843D0D
23.111443,5.7303615,2,5E491E0A-C580-29BE-4329-ED7BFF843D0D
23.394989,5.5863924,2,5E491E0A-C580-29BE-4329-ED7BFF843D0D
46.697,11.822887,2,5E491E0A-C580-29BE-4329-ED7BFF843D0D
46.67751,12.079299,2,5E491E0A-C580-29BE-4329-ED7BFF843D0D
46.394993,13.706812,2,5E491E0A-C580-29BE-4329-ED7BFF843D0D
46.432262,13.872633,2,5E491E0A-C580-29BE-4329-ED7BFF843D0D
46.060135,13.962104,2,5E491E0A-C580-29BE-4329-ED7BFF843D0D
44.688126,14.940387,2,5E491E0A-C580-29BE-4329-ED7BFF843D0D
8.556372,-40.58576,2,5E491E0A-C580-29BE-4329-ED7BFF843D0D
14.939101,-11.634471,2,5F222604-CB86-1ABA-EB7B-31FF78B7BE93
13.9243355,-12.2347145,2,5F222604-CB86-1ABA-EB7B-31FF78B7BE93
12.610617,-10.773331,2,5F222604-CB86-1ABA-EB7B-31FF78B7BE93
12.750492,-10.818255,2,5F222604-CB86-1ABA-EB7B-31FF78B7BE93
13.6686945,-11.257914,2,5F222604-CB86-1ABA-EB7B-31FF78B7BE93
61.46141,25.969995,2,5F222604-CB86-1ABA-EB7B-31FF78B7BE93
-37.268227,-40.280437,2,5F222604-CB86-1ABA-EB7B-31FF78B7BE93
-69.91202,7.062532,0,5F222604-CB86-1ABA-EB7B-31FF78B7BE93
-69.58636,6.961109,0,5F222604-CB86-1ABA-EB7B-31FF78B7BE93
-68.8926,6.460799,0,5F222604-CB86-1ABA-EB7B-31FF78B7BE93
-68.78948,6.1839128,0,5F222604-CB86-1ABA-EB7B-31FF78B7BE93
-37.7536,-39.99451,0,5F222604-CB86-1ABA-EB7B-31FF78B7BE93
-15.10879,-59.329815,2,5F222604-CB86-1ABA-EB7B-31FF78B7BE93
-14.980997,-59.375866,2,5F222604-CB86-1ABA-EB7B-31FF78B7BE93
32.457,-35.08331,2,5F222604-CB86-1ABA-EB7B-31FF78B7BE93
32.559616,-34.924088,2,5F222604-CB86-1ABA-EB7B-31FF78B7BE93
33.177452,-33.76029,2,5F222604-CB86-1ABA-EB7B-31FF78B7BE93
41.382122,-26.276083,2,5F222604-CB86-1ABA-EB7B-31FF78B7BE93
41.40457,-26.0903,2,5F222604-CB86-1ABA-EB7B-31FF78B7BE93
10.41128,-40.29831,2,5F222604-CB86-1ABA-EB7B-31FF78B7BE93
10.314439,-40.743195,2,5F222604-CB86-1ABA-EB7B-31FF78B7BE93
10.741934,-41.7479,2,5F222604-CB86-1ABA-EB7B-31FF78B7BE93
10.820908,-41.844135,2,5F222604-CB86-1ABA-EB7B-31FF78B7BE93
11.31428,-41.618977,2,5F222604-CB86-1ABA-EB7B-31FF78B7BE93
-8.590322,7.917991,0,62A1F053-1EA8-7433-090E-89D450314F41
-8.951464,7.516069,0,62A1F053-1EA8-7433-090E-89D450314F41
-38.83364,39.513737,0,62A1F053-1EA8-7433-090E-89D450314F41
40.550125,36.274334,0,62A1F053-1EA8-7433-090E-89D450314F41
40.584827,36.215042,0,62A1F053-1EA8-7433-090E-89D450314F41
50.77428,8.931992,2,62A1F053-1EA8-7433-090E-89D450314F41
-27.601757,-22.353079,2,62A1F053-1EA8-7433-090E-89D450314F41
-26.870462,-22.524197,2,62A1F053-1EA8-7433-090E-89D450314F41
-26.562368,-22.48966,2,62A1F053-1EA8-7433-090E-89D450314F41
-26.367846,-22.479473,2,62A1F053-1EA8-7433-090E-89D450314F41
-26.959728,-21.496313,2,62A1F053-1EA8-7433-090E-89D450314F41
-26.29851,-21.191889,2,62A1F053-1EA8-7433-090E-89D450314F41
19.514093,31.204638,2,62A1F053-1EA8-7433-090E-89D450314F41
19.49501,31.209171,2,62A1F053-1EA8-7433-090E-89D450314F41
67.09545,3.5674605,2,62A1F053-1EA8-7433-090E-89D450314F41
67.10968,3.6180847,2,62A1F053-1EA8-7433-090E-89D450314F41
-30.191223,43.176956,2,62A1F053-1EA8-7433-090E-89D450314F41
-27.666471,0.5654116,2,62A1F053-1EA8-7433-090E-89D450314F41
-41.328205,30.395275,0,62A1F053-1EA8-7433-090E-89D450314F41
-12.83469,30.229383,0,62A1F053-1EA8-7433-090E-89D450314F41
-28.9305,-4.289965,0,62A1F053-1EA8-7433-090E-89D450314F41
-29.04705,-4.6417723,1,62A1F053-1EA8-7433-090E-89D450314F41
-29.603313,-5.6369343,0,62A1F053-1EA8-7433-090E-89D450314F41
-29.152113,-5.5749855,0,62A1F053-1EA8-7433-090E-89D450314F41
-30.131292,-3.8143673,0,62A1F053-1EA8-7433-090E-89D450314F41
-48.699776,34.34372,0,62A1F053-1EA8-7433-090E-89D450314F41
-68.82917,8.307902,0,62A1F053-1EA8-7433-090E-89D450314F41
-53.744675,34.42982,0,62A1F053-1EA8-7433-090E-89D450314F41
-2.253939,4.94113,0,62A1F053-1EA8-7433-090E-89D450314F41
-2.2302053,4.9703503,2,62A1F053-1EA8-7433-090E-89D450314F41
-55.99117,-8.753373,1,647C581E-E72F-0765-F94A-065909B99374
-56.07507,-9.043925,1,647C581E-E72F-0765-F94A-065909B99374
-56.369663,-9.64773,1,647C581E-E72F-0765-F94A-065909B99374
47.463646,17.027548,2,647C581E-E72F-0765-F94A-065909B99374
47.310825,17.00963,2,647C581E-E72F-0765-F94A-065909B99374
47.48202,16.871067,2,647C581E-E72F-0765-F94A-065909B99374
60.720543,5.284306,2,647C581E-E72F-0765-F94A-065909B99374
60.649323,5.1291575,2,647C581E-E72F-0765-F94A-065909B99374
60.91896,5.7448835,2,647C581E-E72F-0765-F94A-065909B99374
42.99053,4.9551888,2,647C581E-E72F-0765-F94A-065909B99374
14.847958,30.017893,2,647C581E-E72F-0765-F94A-065909B99374
14.846553,30.060677,2,647C581E-E72F-0765-F94A-065909B99374
10.379624,20.929544,2,647C581E-E72F-0765-F94A-065909B99374
10.398276,20.957556,1,647C581E-E72F-0765-F94A-065909B99374
-37.503513,11.656243,1,647C581E-E72F-0765-F94A-065909B99374
-75.87653,10.784393,1,647C581E-E72F-0765-F94A-065909B99374
-74.93095,11.787544,1,647C581E-E72F-0765-F94A-065909B99374
-75.64272,11.78452,1,647C581E-E72F-0765-F94A-065909B99374
-76.121635,11.479608,1,647C581E-E72F-0765-F94A-065909B99374
-76.884445,11.298514,1,647C581E-E72F-0765-F94A-065909B99374
-78.47072,14.352804,2,647C581E-E72F-0765-F94A-065909B99374
-75.58516,12.892657,2,647C581E-E72F-0765-F94A-065909B99374
-72.02723,11.208393,2,647C581E-E72F-0765-F94A-065909B99374
-72.04944,11.220934,2,647C581E-E72F-0765-F94A-065909B99374
64.86206,5.2800646,2,66E9719B-D383-AA87-7FAB-D9B4ABE7011C
64.82331,5.276495,2,66E9719B-D383-AA87-7FAB-D9B4ABE7011C
3.044834,-2.073509,0,66E9719B-D383-AA87-7FAB-D9B4ABE7011C
3.0430064,-2.0665462,0,66E9719B-D383-AA87-7FAB-D9B4ABE7011C
-14.252601,13.623394,0,66E9719B-D383-AA87-7FAB-D9B4ABE7011C
-14.199528,13.588143,0,66E9719B-D383-AA87-7FAB-D9B4ABE7011C
25.436028,-33.792942,0,66E9719B-D383-AA87-7FAB-D9B4ABE7011C
60.52515,11.403892,0,66E9719B-D383-AA87-7FAB-D9B4ABE7011C
60.562386,11.099842,2,66E9719B-D383-AA87-7FAB-D9B4ABE7011C
60.38906,10.962179,2,66E9719B-D383-AA87-7FAB-D9B4ABE7011C
22.74605,-13.138447,2,66E9719B-D383-AA87-7FAB-D9B4ABE7011C
60.52148,9.894004,2,66E9719B-D383-AA87-7FAB-D9B4ABE7011C
62.521,-10.358673,2,66E9719B-D383-AA87-7FAB-D9B4ABE7011C
62.38237,-10.585452,2,66E9719B-D383-AA87-7FAB-D9B4ABE7011C
61.89358,-11.033695,2,66E9719B-D383-AA87-7FAB-D9B4ABE7011C
60.74788,-12.821002,2,66E9719B-D383-AA87-7FAB-D9B4ABE7011C
60.63104,-13.173467,2,66E9719B-D383-AA87-7FAB-D9B4ABE7011C
59.93644,-14.205507,2,66E9719B-D383-AA87-7FAB-D9B4ABE7011C
-44.363876,-19.127174,0,66E9719B-D383-AA87-7FAB-D9B4ABE7011C
-44.23459,-19.225368,0,66E9719B-D383-AA87-7FAB-D9B4ABE7011C
-44.61176,-20.06611,2,66E9719B-D383-AA87-7FAB-D9B4ABE7011C
11.479089,43.288013,2,66E9719B-D383-AA87-7FAB-D9B4ABE7011C
11.492637,43.278435,0,66E9719B-D383-AA87-7FAB-D9B4ABE7011C
69.51649,16.17369,0,66E9719B-D383-AA87-7FAB-D9B4ABE7011C
-81.773026,13.633477,2,68339CF4-6AFB-7EFB-40EA-238612F8E5A4
-80.22247,9.32945,2,68339CF4-6AFB-7EFB-40EA-238612F8E5A4
-80.97728,8.601718,2,68339CF4-6AFB-7EFB-40EA-238612F8E5A4
-74.05315,14.693657,2,68339CF4-6AFB-7EFB-40EA-238612F8E5A4
-26.011145,-46.365124,2,68339CF4-6AFB-7EFB-40EA-238612F8E5A4
-28.177046,-42.140377,2,68339CF4-6AFB-7EFB-40EA-238612F8E5A4
-1.4221119,-11.834437,2,68339CF4-6AFB-7EFB-40EA-238612F8E5A4
-2.286959,-10.740696,2,68339CF4-6AFB-7EFB-40EA-238612F8E5A4
-2.0392962,-11.001123,2,68339CF4-6AFB-7EFB-40EA-238612F8E5A4
-2.118235,-10.904661,2,68339CF4-6AFB-7EFB-40EA-238612F8E5A4
55.11648,28.4201,2,68339CF4-6AFB-7EFB-40EA-238612F8E5A4
55.135994,28.347626,2,68339CF4-6AFB-7EFB-40EA-238612F8E5A4
52.36815,12.305701,2,68339CF4-6AFB-7EFB-40EA-238612F8E5A4
-13.299009,-24.465034,2,68339CF4-6AFB-7EFB-40EA-238612F8E5A4
-13.5625515,-24.618664,2,68339CF4-6AFB-7EFB-40EA-238612F8E5A4
-35.30401,-16.493958,2,68339CF4-6AFB-7EFB-40EA-238612F8E5A4
-80.95206,13.273295,2,68339CF4-6AFB-7EFB-40EA-238612F8E5A4
-81.54245,15.446012,2,68339CF4-6AFB-7EFB-40EA-238612F8E5A4
52.982307,-29.206694,1,68339CF4-6AFB-7EFB-40EA-238612F8E5A4
53.521137,-29.594126,1,68339CF4-6AFB-7EFB-40EA-238612F8E5A4
53.99576,-29.809542,1,68339CF4-6AFB-7EFB-40EA-238612F8E5A4
54.369194,-29.965128,1,68339CF4-6AFB-7EFB-40EA-238612F8E5A4
37.62567,-29.983562,1,68339CF4-6AFB-7EFB-40EA-238612F8E5A4
37.848877,-29.950342,1,68339CF4-6AFB-7EFB-40EA-238612F8E5A4
39.750687,-38.293186,2,6B1E25A6-882B-DDD7-CE4F-4EC17A0906CF
40.4936,-38.653824,0,6B1E25A6-882B-DDD7-CE4F-4EC17A0906CF
40.6098,-38.68533,0,6B1E25A6-882B-DDD7-CE4F-4EC17A0906CF
-33.09907,-33.63139,0,6B1E25A6-882B-DDD7-CE4F-4EC17A0906CF
-33.38935,-33.27497,0,6B1E25A6-882B-DDD7-CE4F-4EC17A0906CF
34.233856,-2.4555724,1,6B1E25A6-882B-DDD7-CE4F-4EC17A0906CF
34.159515,-2.3418436,2,6B1E25A6-882B-DDD7-CE4F-4EC17A0906CF
6.276215,14.417586,0,6B1E25A6-882B-DDD7-CE4F-4EC17A0906CF
6.1470118,14.405575,0,6B1E25A6-882B-DDD7-CE4F-4EC17A0906CF
-41.44571,4.02137,2,6B1E25A6-882B-DDD7-CE4F-4EC17A0906CF
-55.27544,41.21507,2,6B1E25A6-882B-DDD7-CE4F-4EC17A0906CF
-41.582253,11.890584,2,6B1E25A6-882B-DDD7-CE4F-4EC17A0906CF
-41.58978,11.784522,2,6B1E25A6-882B-DDD7-CE4F-4EC17A0906CF
-23.286581,20.128649,0,6B1E25A6-882B-DDD7-CE4F-4EC17A0906CF
-22.94819,20.23069,0,6B1E25A6-882B-DDD7-CE4F-4EC17A0906CF
-22.60757,20.399687,0,6B1E25A6-882B-DDD7-CE4F-4EC17A0906CF
-23.474577,24.390724,0,6B1E25A6-882B-DDD7-CE4F-4EC17A0906CF
-23.437542,24.597048,0,6B1E25A6-882B-DDD7-CE4F-4EC17A0906CF
30.090986,17.265392,0,6B1E25A6-882B-DDD7-CE4F-4EC17A0906CF
30.101847,17.267965,0,6B1E25A6-882B-DDD7-CE4F-4EC17A0906CF
56.476818,1.1966307,0,6B1E25A6-882B-DDD7-CE4F-4EC17A0906CF
56.426773,1.1852311,0,6B1E25A6-882B-DDD7-CE4F-4EC17A0906CF
-8.359482,2.163614,0,6B1E25A6-882B-DDD7-CE4F-4EC17A0906CF
-8.3542795,2.1863484,0,6B1E25A6-882B-DDD7-CE4F-4EC17A0906CF
64.42731,4.640755,2,6B690AF9-8440-1C43-B353-FA85266AA12C
35.80382,-0.07785964,2,6B690AF9-8440-1C43-B353-FA85266AA12C
35.34723,28.181097,2,6B690AF9-8440-1C43-B353-FA85266AA12C
77.19435,18.520643,2,6B690AF9-8440-1C43-B353-FA85266AA12C
77.175606,19.138453,2,6B690AF9-8440-1C43-B353-FA85266AA12C
77.15995,19.297993,2,6B690AF9-8440-1C43-B353-FA85266AA12C
7.4250574,-23.46552,2,6B690AF9-8440-1C43-B353-FA85266AA12C
50.41216,-13.510478,2,6B690AF9-8440-1C43-B353-FA85266AA12C
36.434563,-38.664165,2,6B690AF9-8440-1C43-B353-FA85266AA12C
35.167545,-39.5454,1,6B690AF9-8440-1C43-B353-FA85266AA12C
33.777256,-42.35346,1,6B690AF9-8440-1C43-B353-FA85266AA12C
34.391457,-41.02094,2,6B690AF9-8440-1C43-B353-FA85266AA12C
-58.648033,38.497086,0,6B690AF9-8440-1C43-B353-FA85266AA12C
-57.06517,-19.907354,0,6B690AF9-8440-1C43-B353-FA85266AA12C
-56.975044,-20.634327,0,6B690AF9-8440-1C43-B353-FA85266AA12C
-57.758915,-20.129396,0,6B690AF9-8440-1C43-B353-FA85266AA12C
-57.894672,-20.055088,1,6B690AF9-8440-1C43-B353-FA85266AA12C
-27.468493,-4.2939672,1,6B690AF9-8440-1C43-B353-FA85266AA12C
52.887512,-22.220291,2,6C9454F6-2AA4-4C25-0387-C6CA7AFC4C13
53.127064,-21.693598,2,6C9454F6-2AA4-4C25-0387-C6CA7AFC4C13
53.350533,-21.153719,2,6C9454F6-2AA4-4C25-0387-C6CA7AFC4C13
53.526722,-20.381025,2,6C9454F6-2AA4-4C25-0387-C6CA7AFC4C13
56.98672,6.744812,2,6C9454F6-2AA4-4C25-0387-C6CA7AFC4C13
56.97796,7.3628755,2,6C9454F6-2AA4-4C25-0387-C6CA7AFC4C13
24.691467,10.437009,2,6C9454F6-2AA4-4C25-0387-C6CA7AFC4C13
-7.029269,35.489975,2,6C9454F6-2AA4-4C25-0387-C6CA7AFC4C13
-7.0548763,35.492504,2,6C9454F6-2AA4-4C25-0387-C6CA7AFC4C13
-42.57967,41.353336,0,6C9454F6-2AA4-4C25-0387-C6CA7AFC4C13
-47.847973,42.359383,0,6C9454F6-2AA4-4C25-0387-C6CA7AFC4C13
-22.578999,44.63864,0,6C9454F6-2AA4-4C25-0387-C6CA7AFC4C13
-7.211633,-45.052673,1,6C9454F6-2AA4-4C25-0387-C6CA7AFC4C13
-7.064929,-44.936913,1,6C9454F6-2AA4-4C25-0387-C6CA7AFC4C13
-6.912385,-44.61966,2,6C9454F6-2AA4-4C25-0387-C6CA7AFC4C13
22.786995,-11.077761,2,6C9454F6-2AA4-4C25-0387-C6CA7AFC4C13
42.160217,-10.778291,2,6C9454F6-2AA4-4C25-0387-C6CA7AFC4C13
42.155277,-10.781756,2,6C9454F6-2AA4-4C25-0387-C6CA7AFC4C13
-47.124954,10.371479,0,6C9454F6-2AA4-4C25-0387-C6CA7AFC4C13
-47.12783,10.5203,0,6C9454F6-2AA4-4C25-0387-C6CA7AFC4C13
-47.359074,10.563732,0,6C9454F6-2AA4-4C25-0387-C6CA7AFC4C13
-37.168304,8.481303,0,6C9454F6-2AA4-4C25-0387-C6CA7AFC4C13
-57.212566,26.274067,0,6C9454F6-2AA4-4C25-0387-C6CA7AFC4C13
-56.681107,9.362968,0,6C9454F6-2AA4-4C25-0387-C6CA7AFC4C13
-17.246077,15.086586,1,70432028-81AF-D67A-251E-D2F807AB93CF
-81.939735,11.197994,1,70432028-81AF-D67A-251E-D2F807AB93CF
-82.18412,10.807926,1,70432028-81AF-D67A-251E-D2F807AB93CF
-74.77225,14.435055,1,70432028-81AF-D67A-251E-D2F807AB93CF
-9.907836,-39.46246,1,70432028-81AF-D67A-251E-D2F807AB93CF
-9.921952,-39.526745,1,70432028-81AF-D67A-251E-D2F807AB93CF
-69.469635,23.87349,2,70432028-81AF-D67A-251E-D2F807AB93CF
-62.18135,5.189496,0,70432028-81AF-D67A-251E-D2F807AB93CF
-62.223534,5.1828747,0,70432028-81AF-D67A-251E-D2F807AB93CF
-54.741142,-7.6129375,0,70432028-81AF-D67A-251E-D2F807AB93CF
-54.588913,-7.6841116,0,70432028-81AF-D67A-251E-D2F807AB93CF
-36.01748,2.7267725,2,70432028-81AF-D67A-251E-D2F807AB93CF
-56.296055,45.63882,0,70432028-81AF-D67A-251E-D2F807AB93CF
-56.28063,45.53758,0,70432028-81AF-D67A-251E-D2F807AB93CF
-38.85098,12.052725,0,70432028-81AF-D67A-251E-D2F807AB93CF
-14.03022,-6.312233,2,70432028-81AF-D67A-251E-D2F807AB93CF
-13.934054,-6.377303,2,70432028-81AF-D67A-251E-D2F807AB93CF
60.883747,17.287779,2,70432028-81AF-D67A-251E-D2F807AB93CF
60.86627,17.456459,2,70432028-81AF-D67A-251E-D2F807AB93CF
11.231475,30.049353,2,70432028-81AF-D67A-251E-D2F807AB93CF
11.570953,30.641808,2,70432028-81AF-D67A-251E-D2F807AB93CF
11.893328,31.11528,2,70432028-81AF-D67A-251E-D2F807AB93CF
66.04728,6.546884,2,70432028-81AF-D67A-251E-D2F807AB93CF
52.828186,5.328612,2,70432028-81AF-D67A-251E-D2F807AB93CF
-21.69229,21.080376,0,718078D1-70DB-2916-366D-1119A22DCD7F
-22.041767,17.216208,0,718078D1-70DB-2916-366D-1119A22DCD7F
-21.66061,16.722212,0,718078D1-70DB-2916-366D-1119A22DCD7F
24.688776,23.507,0,718078D1-70DB-2916-366D-1119A22DCD7F
24.913418,22.82817,0,718078D1-70DB-2916-366D-1119A22DCD7F
24.957466,22.859081,0,718078D1-70DB-2916-366D-1119A22DCD7F
47.268726,28.527975,0,718078D1-70DB-2916-366D-1119A22DCD7F
46.781826,28.93907,0,718078D1-70DB-2916-366D-1119A22DCD7F
33.797256,34.76031,0,718078D1-70DB-2916-366D-1119A22DCD7F
33.8158,34.84447,0,718078D1-70DB-2916-366D-1119A22DCD7F
-14.82787,38.18343,1,718078D1-70DB-2916-366D-1119A22DCD7F
-22.448542,44.36668,1,718078D1-70DB-2916-366D-1119A22DCD7F
-33.47589,44.53808,2,718078D1-70DB-2916-366D-1119A22DCD7F
-19.6557,-6.574329,2,718078D1-70DB-2916-366D-1119A22DCD7F
-19.662779,-6.5712833,2,718078D1-70DB-2916-366D-1119A22DCD7F
-19.505459,-6.8297477,2,718078D1-70DB-2916-366D-1119A22DCD7F
6.806475,19.482372,2,718078D1-70DB-2916-366D-1119A22DCD7F
60.904106,18.755777,2,718078D1-70DB-2916-366D-1119A22DCD7F
0.09456263,-55.137154,1,718078D1-70DB-2916-366D-1119A22DCD7F
0.54660094,-54.81399,1,718078D1-70DB-2916-366D-1119A22DCD7F
38.67218,-28.840284,1,718078D1-70DB-2916-366D-1119A22DCD7F
22.886845,-19.100311,1,718078D1-70DB-2916-366D-1119A22DCD7F
45.662815,3.0104668,0,718078D1-70DB-2916-366D-1119A22DCD7F
22.474014,43.67481,0,718078D1-70DB-2916-366D-1119A22DCD7F
40.518024,26.41172,2,72B642AD-2D4A-574F-05EC-EC93C0C52335
3.2939005,1.48051,2,72B642AD-2D4A-574F-05EC-EC93C0C52335
28.339191,10.380923,2,72B642AD-2D4A-574F-05EC-EC93C0C52335
49.707012,3.3002388,2,72B642AD-2D4A-574F-05EC-EC93C0C52335
50.08426,3.534815,2,72B642AD-2D4A-574F-05EC-EC93C0C52335
50.422226,3.7974997,2,72B642AD-2D4A-574F-05EC-EC93C0C52335
-39.741264,-27.803507,2,72B642AD-2D4A-574F-05EC-EC93C0C52335
-39.717228,-16.09509,2,72B642AD-2D4A-574F-05EC-EC93C0C52335
20.659752,-11.175879,2,72B642AD-2D4A-574F-05EC-EC93C0C52335
43.564262,0.23033853,2,72B642AD-2D4A-574F-05EC-EC93C0C52335
43.658833,0.3596814,2,72B642AD-2D4A-574F-05EC-EC93C0C52335
72.318,6.4725904,2,72B642AD-2D4A-574F-05EC-EC93C0C52335
5.5774846,32.57443,2,72B642AD-2D4A-574F-05EC-EC93C0C52335
5.3840284,32.525253,2,72B642AD-2D4A-574F-05EC-EC93C0C52335
-52.43337,-7.521172,2,72B642AD-2D4A-574F-05EC-EC93C0C52335
-55.14432,45.854115,2,72B642AD-2D4A-574F-05EC-EC93C0C52335
-55.097553,45.547516,2,72B642AD-2D4A-574F-05EC-EC93C0C52335
-72.54465,5.4032326,1,72B642AD-2D4A-574F-05EC-EC93C0C52335
-26.584877,-49.593338,1,72B642AD-2D4A-574F-05EC-EC93C0C52335
-26.723623,-49.5561,1,72B642AD-2D4A-574F-05EC-EC93C0C52335
-73.43598,5.26758,1,72B642AD-2D4A-574F-05EC-EC93C0C52335
-72.97741,5.0974045,1,72B642AD-2D4A-574F-05EC-EC93C0C52335
-50.069828,40.29727,1,72B642AD-2D4A-574F-05EC-EC93C0C52335
-40.975548,27.913805,1,72B642AD-2D4A-574F-05EC-EC93C0C52335
-27.256216,15.606827,1,72B642AD-2D4A-574F-05EC-EC93C0C52335
-27.044537,15.314914,1,72B642AD-2D4A-574F-05EC-EC93C0C52335
-28.010036,16.019823,2,72B642AD-2D4A-574F-05EC-EC93C0C52335
-23.32545,-33.670666,2,72B642AD-2D4A-574F-05EC-EC93C0C52335
11.966318,-15.748312,2,72B642AD-2D4A-574F-05EC-EC93C0C52335
66.57987,5.604733,2,72B642AD-2D4A-574F-05EC-EC93C0C52335
-23.119896,4.0878277,2,7417E7AB-C723-0958-F8EE-DDA4DED65165
-23.85922,4.2386856,2,7417E7AB-C723-0958-F8EE-DDA4DED65165
6.3072166,0.8796715,2,7417E7AB-C723-0958-F8EE-DDA4DED65165
7.0361924,1.199767,2,7417E7AB-C723-0958-F8EE-DDA4DED65165
7.3970175,1.2798152,2,7417E7AB-C723-0958-F8EE-DDA4DED65165
39.73767,12.3684025,2,7417E7AB-C723-0958-F8EE-DDA4DED65165
7.1915636,-23.655937,2,7417E7AB-C723-0958-F8EE-DDA4DED65165
25.318045,35.25511,2,7417E7AB-C723-0958-F8EE-DDA4DED65165
-4.4964867,40.17838,2,7417E7AB-C723-0958-F8EE-DDA4DED65165
-4.569441,40.142994,0,7417E7AB-C723-0958-F8EE-DDA4DED65165
-47.838497,19.046082,0,7417E7AB-C723-0958-F8EE-DDA4DED65165
-47.994026,19.24434,0,7417E7AB-C723-0958-F8EE-DDA4DED65165
-32.99346,-56.565716,0,761D024F-3C62-5326-601A-88D436C7726A
-32.98295,-56.58613,1,761D024F-3C62-5326-601A-88D436C7726A
-33.052822,-56.24984,0,761D024F-3C62-5326-601A-88D436C7726A
-33.76977,-56.412205,0,761D024F-3C62-5326-601A-88D436C7726A
-34.86834,-56.358746,0,761D024F-3C62-5326-601A-88D436C7726A
-52.527992,24.039759,0,761D024F-3C62-5326-601A-88D436C7726A
-22.22067,18.060654,0,761D024F-3C62-5326-601A-88D436C7726A
5.224666,25.53028,0,761D024F-3C62-5326-601A-88D436C7726A
23.627426,-42.404243,1,761D024F-3C62-5326-601A-88D436C7726A
23.403296,-42.46449,1,761D024F-3C62-5326-601A-88D436C7726A
-22.47138,-37.69401,1,761D024F-3C62-5326-601A-88D436C7726A
-22.08623,-37.488388,1,761D024F-3C62-5326-601A-88D436C7726A
-22.306618,-36.658123,0,761D024F-3C62-5326-601A-88D436C7726A
-22.376192,-36.02672,0,761D024F-3C62-5326-601A-88D436C7726A
-22.496517,-34.962986,0,761D024F-3C62-5326-601A-88D436C7726A
-0.89334947,-0.6159461,0,761D024F-3C62-5326-601A-88D436C7726A
-33.72284,-4.737287,0,761D024F-3C62-5326-601A-88D436C7726A
-33.637905,-4.7558174,0,761D024F-3C62-5326-601A-88D436C7726A
0.37763143,-32.971165,1,761D024F-3C62-5326-601A-88D436C7726A
15.917764,-15.912306,1,761D024F-3C62-5326-601A-88D436C7726A
15.967683,-15.94877,1,761D024F-3C62-5326-601A-88D436C7726A
-11.799962,-57.388874,1,761D024F-3C62-5326-601A-88D436C7726A
-39.43299,-23.492113,1,761D024F-3C62-5326-601A-88D436C7726A
-39.24112,-23.866161,1,761D024F-3C62-5326-601A-88D436C7726A
23.704384,-4.603962,2,761D024F-3C62-5326-601A-88D436C7726A
23.84173,-4.6158023,2,761D024F-3C62-5326-601A-88D436C7726A
-48.30493,-4.973134,2,761D024F-3C62-5326-601A-88D436C7726A
-48.371677,-4.953425,2,761D024F-3C62-5326-601A-88D436C7726A
38.97588,47.256336,2,761D024F-3C62-5326-601A-88D436C7726A
39.0709,47.304085,2,761D024F-3C62-5326-601A-88D436C7726A
56.82371,6.0288963,2,772BA0E9-AC30-CEA6-AA1B-18A0300702AA
22.907188,20.098297,2,772BA0E9-AC30-CEA6-AA1B-18A0300702AA
22.417578,20.459333,2,772BA0E9-AC30-CEA6-AA1B-18A0300702AA
21.930382,20.902697,2,772BA0E9-AC30-CEA6-AA1B-18A0300702AA
21.661535,21.227386,2,772BA0E9-AC30-CEA6-AA1B-18A0300702AA
46.21174,-8.711843,2,772BA0E9-AC30-CEA6-AA1B-18A0300702AA
18.285728,0.23810393,2,772BA0E9-AC30-CEA6-AA1B-18A0300702AA
31.900312,-27.51044,2,772BA0E9-AC30-CEA6-AA1B-18A0300702AA
49.1871,-4.157204,2,772BA0E9-AC30-CEA6-AA1B-18A0300702AA
8.43355,45.965843,2,772BA0E9-AC30-CEA6-AA1B-18A0300702AA
8.519987,45.67533,2,772BA0E9-AC30-CEA6-AA1B-18A0300702AA
8.675658,45.253418,2,772BA0E9-AC30-CEA6-AA1B-18A0300702AA
9.051757,44.511208,2,772BA0E9-AC30-CEA6-AA1B-18A0300702AA
-13.257639,22.827087,2,772BA0E9-AC30-CEA6-AA1B-18A0300702AA
-13.328911,22.767117,2,772BA0E9-AC30-CEA6-AA1B-18A0300702AA
-28.35364,47.6901,2,772BA0E9-AC30-CEA6-AA1B-18A0300702AA
-28.556488,47.613422,1,772BA0E9-AC30-CEA6-AA1B-18A0300702AA
-65.061516,22.237476,1,772BA0E9-AC30-CEA6-AA1B-18A0300702AA
-66.89355,11.074192,1,772BA0E9-AC30-CEA6-AA1B-18A0300702AA
-1.962828,-6.192225,1,772BA0E9-AC30-CEA6-AA1B-18A0300702AA
-1.6040527,-6.1554337,1,772BA0E9-AC30-CEA6-AA1B-18A0300702AA
-1.7943599,-4.5282626,1,772BA0E9-AC30-CEA6-AA1B-18A0300702AA
-1.8821269,-4.3237815,0,772BA0E9-AC30-CEA6-AA1B-18A0300702AA
-48.75651,22.19141,0,772BA0E9-AC30-CEA6-AA1B-18A0300702AA
25.452429,-51.400673,1,772BA0E9-AC30-CEA6-AA1B-18A0300702AA
25.367691,-51.04358,2,772BA0E9-AC30-CEA6-AA1B-18A0300702AA
25.338873,-50.891724,2,772BA0E9-AC30-CEA6-AA1B-18A0300702AA
35.35866,-29.047897,2,772BA0E9-AC30-CEA6-AA1B-18A0300702AA
35.175945,-28.977238,2,772BA0E9-AC30-CEA6-AA1B-18A0300702AA
34.273354,-28.939514,2,772BA0E9-AC30-CEA6-AA1B-18A0300702AA
26.661364,29.35836,2,77F6B31E-B228-3C6D-A66F-E7E6FDED3587
23.911343,-54.421837,2,77F6B31E-B228-3C6D-A66F-E7E6FDED3587
24.066927,-54.402214,2,77F6B31E-B228-3C6D-A66F-E7E6FDED3587
24.55618,-54.449436,2,77F6B31E-B228-3C6D-A66F-E7E6FDED3587
24.894531,-54.420284,2,77F6B31E-B228-3C6D-A66F-E7E6FDED3587
17.581839,24.117668,2,77F6B31E-B228-3C6D-A66F-E7E6FDED3587
54.659687,-11.2212105,2,77F6B31E-B228-3C6D-A66F-E7E6FDED3587
54.784058,-11.019987,2,77F6B31E-B228-3C6D-A66F-E7E6FDED3587
55.796066,-9.351391,2,77F6B31E-B228-3C6D-A66F-E7E6FDED3587
55.89986,-9.258175,2,77F6B31E-B228-3C6D-A66F-E7E6FDED3587
37.54426,-7.621569,2,77F6B31E-B228-3C6D-A66F-E7E6FDED3587
37.426826,-7.515785,2,77F6B31E-B228-3C6D-A66F-E7E6FDED3587
-39.276512,10.238086,0,77F6B31E-B228-3C6D-A66F-E7E6FDED3587
-28.441193,-19.648962,0,77F6B31E-B228-3C6D-A66F-E7E6FDED3587
-28.643904,-19.888395,0,77F6B31E-B228-3C6D-A66F-E7E6FDED3587
-9.108948,-11.613035,0,77F6B31E-B228-3C6D-A66F-E7E6FDED3587
-8.998388,-11.319571,0,77F6B31E-B228-3C6D-A66F-E7E6FDED3587
54.255802,-3.9448369,2,77F6B31E-B228-3C6D-A66F-E7E6FDED3587
-2.0949132,-51.277,1,77F6B31E-B228-3C6D-A66F-E7E6FDED3587
-2.0920315,-51.264282,1,77F6B31E-B228-3C6D-A66F-E7E6FDED3587
-32.612648,-43.699272,0,77F6B31E-B228-3C6D-A66F-E7E6FDED3587
-32.514057,-43.984028,0,77F6B31E-B228-3C6D-A66F-E7E6FDED3587
-39.261272,26.640142,0,77F6B31E-B228-3C6D-A66F-E7E6FDED3587
-47.763763,23.032797,0,77F6B31E-B228-3C6D-A66F-E7E6FDED3587
9.190471,-36.196213,1,77F6B31E-B228-3C6D-A66F-E7E6FDED3587
-31.015614,-36.293045,1,77F6B31E-B228-3C6D-A66F-E7E6FDED3587
-31.077257,-36.431614,1,77F6B31E-B228-3C6D-A66F-E7E6FDED3587
-30.663641,-52.106014,1,77F6B31E-B228-3C6D-A66F-E7E6FDED3587
-30.56214,-52.16728,1,77F6B31E-B228-3C6D-A66F-E7E6FDED3587
-30.158978,-52.292683,1,77F6B31E-B228-3C6D-A66F-E7E6FDED3587
-58.23957,30.329187,0,7B8B31F4-FFC3-7A4E-3EAF-78D5CA8ACB61
-16.551544,36.528446,0,7B8B31F4-FFC3-7A4E-3EAF-78D5CA8ACB61
43.785095,30.151684,0,7B8B31F4-FFC3-7A4E-3EAF-78D5CA8ACB61
43.981186,29.382362,1,7B8B31F4-FFC3-7A4E-3EAF-78D5CA8ACB61
43.838577,29.007145,1,7B8B31F4-FFC3-7A4E-3EAF-78D5CA8ACB61
43.802544,28.348358,1,7B8B31F4-FFC3-7A4E-3EAF-78D5CA8ACB61
-8.1462755,-41.539352,1,7B8B31F4-FFC3-7A4E-3EAF-78D5CA8ACB61
-8.080994,-41.407406,1,7B8B31F4-FFC3-7A4E-3EAF-78D5CA8ACB61
13.343146,7.2280364,2,7B8B31F4-FFC3-7A4E-3EAF-78D5CA8ACB61
28.004152,8.087109,2,7B8B31F4-FFC3-7A4E-3EAF-78D5CA8ACB61
28.176682,8.012228,2,7B8B31F4-FFC3-7A4E-3EAF-78D5CA8ACB61
52.793167,3.617416,2,7B8B31F4-FFC3-7A4E-3EAF-78D5CA8ACB61
-15.930941,35.15576,2,7B8B31F4-FFC3-7A4E-3EAF-78D5CA8ACB61
-21.46601,37.66425,2,7B8B31F4-FFC3-7A4E-3EAF-78D5CA8ACB61
-21.749712,37.70462,0,7B8B31F4-FFC3-7A4E-3EAF-78D5CA8ACB61
-60.976227,35.931854,0,7B8B31F4-FFC3-7A4E-3EAF-78D5CA8ACB61
-61.170227,31.956356,0,7B8B31F4-FFC3-7A4E-3EAF-78D5CA8ACB61
-47.630054,14.662111,0,7B8B31F4-FFC3-7A4E-3EAF-78D5CA8ACB61
-28.844694,21.471546,0,7B8B31F4-FFC3-7A4E-3EAF-78D5CA8ACB61
-28.829912,21.60734,1,7B8B31F4-FFC3-7A4E-3EAF-78D5CA8ACB61
2.9217854,-13.885362,1,7B8B31F4-FFC3-7A4E-3EAF-78D5CA8ACB61
2.943061,-13.904809,1,7B8B31F4-FFC3-7A4E-3EAF-78D5CA8ACB61
5.0688415,-14.763732,1,7B8B31F4-FFC3-7A4E-3EAF-78D5CA8ACB61
5.0392265,-14.818464,1,7B8B31F4-FFC3-7A4E-3EAF-78D5CA8ACB61
-39.764496,37.532307,0,7DC9729F-BA27-3831-6078-F8508766396A
-34.75203,35.86439,0,7DC9729F-BA27-3831-6078-F8508766396A
-22.519358,50.137314,0,7DC9729F-BA27-3831-6078-F8508766396A
-22.530334,50.170162,2,7DC9729F-BA27-3831-6078-F8508766396A
-22.52873,50.03918,2,7DC9729F-BA27-3831-6078-F8508766396A
-23.453207,50.72427,2,7DC9729F-BA27-3831-6078-F8508766396A
30.02046,3.5016556,2,7DC9729F-BA27-3831-6078-F8508766396A
29.868298,3.3213239,2,7DC9729F-BA27-3831-6078-F8508766396A
-22.70673,6.9079,0,7DC9729F-BA27-3831-6078-F8508766396A
-53.688778,36.556877,0,7DC9729F-BA27-3831-6078-F8508766396A
-19.876087,38.427383,0,7DC9729F-BA27-3831-6078-F8508766396A
-46.488678,30.198473,0,7DC9729F-BA27-3831-6078-F8508766396A
36.812637,-20.593584,2,7DC9729F-BA27-3831-6078-F8508766396A
36.02392,-21.4184,2,7DC9729F-BA27-3831-6078-F8508766396A
36.060947,-21.370613,2,7DC9729F-BA27-3831-6078-F8508766396A
3.0101612,-6.02696,2,7DC9729F-BA27-3831-6078-F8508766396A
3.1422343,-5.9779086,2,7DC9729F-BA27-3831-6078-F8508766396A
3.7183392,-5.683696,2,7DC9729F-BA27-3831-6078-F8508766396A
-17.455257,42.14199,0,7DC9729F-BA27-3831-6078-F8508766396A
51.22125,37.247753,0,7DC9729F-BA27-3831-6078-F8508766396A
51.24817,37.315594,0,7DC9729F-BA27-3831-6078-F8508766396A
75.672676,3.725745,2,7DC9729F-BA27-3831-6078-F8508766396A
-3.48371,-44.746067,2,7DC9729F-BA27-3831-6078-F8508766396A
-3.614569,-44.8072,2,7DC9729F-BA27-3831-6078-F8508766396A
-5.4062786,-57.10414,1,7FB7C50A-30EA-A991-0C04-7FFA681B8803
-5.4827943,-57.870693,1,7FB7C50A-30EA-A991-0C04-7FFA681B8803
-5.391994,-58.07934,1,7FB7C50A-30EA-A991-0C04-7FFA681B8803
29.6338,-52.780205,1,7FB7C50A-30EA-A991-0C04-7FFA681B8803
28.926552,-52.807774,1,7FB7C50A-30EA-A991-0C04-7FFA681B8803
28.733599,-52.81359,1,7FB7C50A-30EA-A991-0C04-7FFA681B8803
-17.404207,15.881313,2,8322EDEF-4C09-318A-1B7E-56D62A6839AD
-74.98709,26.404602,2,8322EDEF-4C09-318A-1B7E-56D62A6839AD
-74.98525,26.400616,2,8322EDEF-4C09-318A-1B7E-56D62A6839AD
-11.755839,-27.55427,0,8322EDEF-4C09-318A-1B7E-56D62A6839AD
-16.626143,-27.780945,0,8322EDEF-4C09-318A-1B7E-56D62A6839AD
-16.693892,-27.963448,0,8322EDEF-4C09-318A-1B7E-56D62A6839AD
-79.32965,6.619587,0,8322EDEF-4C09-318A-1B7E-56D62A6839AD
-80.8023,9.7444515,0,8322EDEF-4C09-318A-1B7E-56D62A6839AD
-79.53454,6.1198535,0,8322EDEF-4C09-318A-1B7E-56D62A6839AD
-75.03656,0.95657015,0,8322EDEF-4C09-318A-1B7E-56D62A6839AD
-36.8621,-17.152044,2,8322EDEF-4C09-318A-1B7E-56D62A6839AD
-10.259509,32.73923,2,8322EDEF-4C09-318A-1B7E-56D62A6839AD
37.951496,8.028542,0,8322EDEF-4C09-318A-1B7E-56D62A6839AD
37.836533,8.0760355,0,8322EDEF-4C09-318A-1B7E-56D62A6839AD
53.195698,7.269789,0,8322EDEF-4C09-318A-1B7E-56D62A6839AD
54.317272,7.465429,0,8322EDEF-4C09-318A-1B7E-56D62A6839AD
52.885433,7.3343205,2,8322EDEF-4C09-318A-1B7E-56D62A6839AD
52.5345,7.7491403,2,8322EDEF-4C09-318A-1B7E-56D62A6839AD
0.30061796,-30.72113,2,8322EDEF-4C09-318A-1B7E-56D62A6839AD
37.778233,-11.570343,2,8322EDEF-4C09-318A-1B7E-56D62A6839AD
0.5766588,-30.432352,2,8322EDEF-4C09-318A-1B7E-56D62A6839AD
-13.245009,-50.13519,0,8322EDEF-4C09-318A-1B7E-56D62A6839AD
21.986794,24.750868,0,8322EDEF-4C09-318A-1B7E-56D62A6839AD
21.958347,24.696396,0,8322EDEF-4C09-318A-1B7E-56D62A6839AD
-5.00923,-52.990555,1,8322EDEF-4C09-318A-1B7E-56D62A6839AD
15.403148,37.95484,1,8322EDEF-4C09-318A-1B7E-56D62A6839AD
12.007641,27.211832,1,8322EDEF-4C09-318A-1B7E-56D62A6839AD
15.265818,37.497803,1,8322EDEF-4C09-318A-1B7E-56D62A6839AD
12.349631,26.547401,1,8322EDEF-4C09-318A-1B7E-56D62A6839AD
12.411652,26.291677,1,8322EDEF-4C09-318A-1B7E-56D62A6839AD
-71.44179,4.694611,1,8322EDEF-4C09-318A-1B7E-56D62A6839AD
-71.06369,4.473019,1,8322EDEF-4C09-318A-1B7E-56D62A6839AD
-50.02087,-11.471345,1,8322EDEF-4C09-318A-1B7E-56D62A6839AD
-49.853043,-11.3827305,1,8322EDEF-4C09-318A-1B7E-56D62A6839AD
-15.058797,-5.953649,1,8322EDEF-4C09-318A-1B7E-56D62A6839AD
31.86478,-25.736263,1,8322EDEF-4C09-318A-1B7E-56D62A6839AD
-23.213915,-2.2342918,0,8407F9C4-C295-8C95-C281-584AF2118F84
-22.701977,-4.132945,0,8407F9C4-C295-8C95-C281-584AF2118F84
-22.682209,-3.2311018,0,8407F9C4-C295-8C95-C281-584AF2118F84
-22.65626,-3.2788389,0,8407F9C4-C295-8C95-C281-584AF2118F84
-21.276691,48.67409,0,8407F9C4-C295-8C95-C281-584AF2118F84
15.161587,38.71328,0,8407F9C4-C295-8C95-C281-584AF2118F84
-59.046436,32.50651,2,8407F9C4-C295-8C95-C281-584AF2118F84
-42.63315,36.45055,2,8407F9C4-C295-8C95-C281-584AF2118F84
-42.69215,36.327244,2,8407F9C4-C295-8C95-C281-584AF2118F84
-11.940284,45.178368,0,8407F9C4-C295-8C95-C281-584AF2118F84
-11.928615,45.186806,0,8407F9C4-C295-8C95-C281-584AF2118F84
-12.008254,46.041553,0,8407F9C4-C295-8C95-C281-584AF2118F84
56.110977,17.76981,2,8407F9C4-C295-8C95-C281-584AF2118F84
-0.4183949,11.982596,2,8407F9C4-C295-8C95-C281-584AF2118F84
-0.24271919,11.727629,2,8407F9C4-C295-8C95-C281-584AF2118F84
28.275677,25.617443,2,8407F9C4-C295-8C95-C281-584AF2118F84
28.26846,25.59682,2,8407F9C4-C295-8C95-C281-584AF2118F84
13.431607,-36.061256,2,8407F9C4-C295-8C95-C281-584AF2118F84
11.269424,-6.175356,0,85748DC9-A6DA-334D-6422-BF69EE06A98C
11.34276,-6.104578,0,85748DC9-A6DA-334D-6422-BF69EE06A98C
11.378425,-6.2188544,0,85748DC9-A6DA-334D-6422-BF69EE06A98C
-14.456112,-32.181896,0,85748DC9-A6DA-334D-6422-BF69EE06A98C
-38.444553,19.501501,2,85748DC9-A6DA-334D-6422-BF69EE06A98C
-14.792866,35.95018,2,85748DC9-A6DA-334D-6422-BF69EE06A98C
-59.49358,35.214436,0,85748DC9-A6DA-334D-6422-BF69EE06A98C
-40.272602,-6.072918,0,85748DC9-A6DA-334D-6422-BF69EE06A98C
-39.695248,-6.0898733,0,85748DC9-A6DA-334D-6422-BF69EE06A98C
-38.708984,-5.7889833,0,85748DC9-A6DA-334D-6422-BF69EE06A98C
-38.504627,-6.1245174,0,85748DC9-A6DA-334D-6422-BF69EE06A98C
-38.577072,-6.2105126,0,85748DC9-A6DA-334D-6422-BF69EE06A98C
-25.291285,-54.606632,1,85748DC9-A6DA-334D-6422-BF69EE06A98C
-25.276497,-54.447384,1,85748DC9-A6DA-334D-6422-BF69EE06A98C
-24.478285,-53.91953,1,85748DC9-A6DA-334D-6422-BF69EE06A98C
13.573664,0.41792786,1,85748DC9-A6DA-334D-6422-BF69EE06A98C
13.422083,0.4274466,1,85748DC9-A6DA-334D-6422-BF69EE06A98C
-37.261272,-11.312804,1,85748DC9-A6DA-334D-6422-BF69EE06A98C
70.76112,10.74391,2,862DB2BA-55C9-5794-03BC-FBBA3BEE80C7
26.813463,-4.8911076,2,862DB2BA-55C9-5794-03BC-FBBA3BEE80C7
27.007809,-5.2356873,2,862DB2BA-55C9-5794-03BC-FBBA3BEE80C7
27.54918,-4.944181,2,862DB2BA-55C9-5794-03BC-FBBA3BEE80C7
28.49885,-4.497362,2,862DB2BA-55C9-5794-03BC-FBBA3BEE80C7
28.764864,-4.3398595,2,862DB2BA-55C9-5794-03BC-FBBA3BEE80C7
46.398113,31.093283,0,862DB2BA-55C9-5794-03BC-FBBA3BEE80C7
14.581719,42.336536,0,862DB2BA-55C9-5794-03BC-FBBA3BEE80C7
14.414452,41.87148,0,862DB2BA-55C9-5794-03BC-FBBA3BEE80C7
14.210838,41.724445,0,862DB2BA-55C9-5794-03BC-FBBA3BEE80C7
-25.644636,31.143185,0,862DB2BA-55C9-5794-03BC-FBBA3BEE80C7
-15.712703,33.42796,0,862DB2BA-55C9-5794-03BC-FBBA3BEE80C7
-18.091768,-59.646175,1,862DB2BA-55C9-5794-03BC-FBBA3BEE80C7
-17.957293,-59.660763,1,862DB2BA-55C9-5794-03BC-FBBA3BEE80C7
42.684887,14.916465,1,862DB2BA-55C9-5794-03BC-FBBA3BEE80C7
-17.092077,-65.86869,1,862DB2BA-55C9-5794-03BC-FBBA3BEE80C7
-17.034252,-65.46111,1,862DB2BA-55C9-5794-03BC-FBBA3BEE80C7
-17.003927,-65.37442,1,862DB2BA-55C9-5794-03BC-FBBA3BEE80C7
-57.420216,28.557728,0,8690E8B6-9B41-5F0E-C518-8F2D028C6690
-37.958523,15.497237,0,8690E8B6-9B41-5F0E-C518-8F2D028C6690
4.9587092,10.963312,0,8690E8B6-9B41-5F0E-C518-8F2D028C6690
4.941293,10.894775,0,8690E8B6-9B41-5F0E-C518-8F2D028C6690
34.60139,-4.7262177,0,8690E8B6-9B41-5F0E-C518-8F2D028C6690
35.267284,-4.38923,0,8690E8B6-9B41-5F0E-C518-8F2D028C6690
35.641685,-4.253187,0,8690E8B6-9B41-5F0E-C518-8F2D028C6690
38.072872,37.516735,0,8690E8B6-9B41-5F0E-C518-8F2D028C6690
-2.6611993,47.84267,0,8690E8B6-9B41-5F0E-C518-8F2D028C6690
-3.310034,48.459473,0,8690E8B6-9B41-5F0E-C518-8F2D028C6690
-61.541218,37.38365,2,8690E8B6-9B41-5F0E-C518-8F2D028C6690
-58.309036,31.70357,2,8690E8B6-9B41-5F0E-C518-8F2D028C6690
46.81838,-2.250018,2,8690E8B6-9B41-5F0E-C518-8F2D028C6690
46.71133,-2.2611668,2,8690E8B6-9B41-5F0E-C518-8F2D028C6690
67.35281,-1.409609,2,8690E8B6-9B41-5F0E-C518-8F2D028C6690
67.74488,-1.2309397,1,8690E8B6-9B41-5F0E-C518-8F2D028C6690
-3.9709105,-0.49198756,0,8690E8B6-9B41-5F0E-C518-8F2D028C6690
-3.9818597,-0.5048371,0,8690E8B6-9B41-5F0E-C518-8F2D028C6690
4.658297,5.9176373,2,8690E8B6-9B41-5F0E-C518-8F2D028C6690
-18.403273,53.64519,2,8690E8B6-9B41-5F0E-C518-8F2D028C6690
-18.334118,53.667034,2,8690E8B6-9B41-5F0E-C518-8F2D028C6690
-30.328045,44.77483,2,8690E8B6-9B41-5F0E-C518-8F2D028C6690
3.3768826,40.014168,0,8690E8B6-9B41-5F0E-C518-8F2D028C6690
3.3865716,40.113693,0,8690E8B6-9B41-5F0E-C518-8F2D028C6690
-17.943506,16.458395,0,874A6B13-C999-C802-1138-FA198591D897
-76.96583,4.395229,2,874A6B13-C999-C802-1138-FA198591D897
-75.64558,2.298852,2,874A6B13-C999-C802-1138-FA198591D897
-46.463135,27.161604,2,874A6B13-C999-C802-1138-FA198591D897
-35.285137,10.334501,0,874A6B13-C999-C802-1138-FA198591D897
-35.195404,10.257765,0,874A6B13-C999-C802-1138-FA198591D897
2.8199794,-35.063797,1,874A6B13-C999-C802-1138-FA198591D897
-19.488611,-56.18808,1,874A6B13-C999-C802-1138-FA198591D897
6.344711,30.581457,2,874A6B13-C999-C802-1138-FA198591D897
10.661927,29.541859,2,874A6B13-C999-C802-1138-FA198591D897
9.32957,-15.176434,2,874A6B13-C999-C802-1138-FA198591D897
9.412725,-15.148701,2,874A6B13-C999-C802-1138-FA198591D897
-22.878227,-57.360268,1,874A6B13-C999-C802-1138-FA198591D897
-22.88212,-57.39468,2,874A6B13-C999-C802-1138-FA198591D897
-20.144892,-62.29828,2,874A6B13-C999-C802-1138-FA198591D897
48.230858,-16.847036,2,874A6B13-C999-C802-1138-FA198591D897
47.94718,-16.05169,2,874A6B13-C999-C802-1138-FA198591D897
47.939438,-16.136671,2,874A6B13-C999-C802-1138-FA198591D897
-9.88218,-29.277372,2,874A6B13-C999-C802-1138-FA198591D897
-9.848658,-29.291111,1,874A6B13-C999-C802-1138-FA198591D897
21.005568,-13.485488,1,874A6B13-C999-C802-1138-FA198591D897
21.398716,-13.151744,2,874A6B13-C999-C802-1138-FA198591D897
53.75274,1.811686,2,874A6B13-C999-C802-1138-FA198591D897
77.21171,0.21338186,2,874A6B13-C999-C802-1138-FA198591D897
77.09688,0.08534146,2,874A6B13-C999-C802-1138-FA198591D897
76.80293,-0.43274945,2,874A6B13-C999-C802-1138-FA198591D897
77.15624,-1.0054016,2,874A6B13-C999-C802-1138-FA198591D897
77.82843,-1.6295131,2,874A6B13-C999-C802-1138-FA198591D897
74.81248,-4.321445,2,874A6B13-C999-C802-1138-FA198591D897
74.89084,-4.2847176,2,874A6B13-C999-C802-1138-FA198591D897
75.73004,-3.3892422,2,874A6B13-C999-C802-1138-FA198591D897
76.33636,-3.427412,2,874A6B13-C999-C802-1138-FA198591D897
76.50382,-3.460856,2,874A6B13-C999-C802-1138-FA198591D897
27.18627,36.387,2,874A6B13-C999-C802-1138-FA198591D897
46.1445,-12.272026,2,874A6B13-C999-C802-1138-FA198591D897
75.33163,-1.0082492,1,874A6B13-C999-C802-1138-FA198591D897
-44.93693,-26.50779,2,874A6B13-C999-C802-1138-FA198591D897
5.771931,-46.28392,2,874A6B13-C999-C802-1138-FA198591D897
-43.82944,-24.785362,2,874A6B13-C999-C802-1138-FA198591D897
-1.2640251,-30.097353,2,9268F759-54B0-96CC-C0F5-9D8DBAA12073
29.271439,-15.639874,2,9268F759-54B0-96CC-C0F5-9D8DBAA12073
-1.9923129,-54.867886,2,9268F759-54B0-96CC-C0F5-9D8DBAA12073
4.0477786,-39.17407,2,9268F759-54B0-96CC-C0F5-9D8DBAA12073
-23.486122,-15.654626,1,9268F759-54B0-96CC-C0F5-9D8DBAA12073
-23.330149,-15.489479,1,9268F759-54B0-96CC-C0F5-9D8DBAA12073
30.206116,-1.2834933,2,9268F759-54B0-96CC-C0F5-9D8DBAA12073
33.996353,20.321947,2,9268F759-54B0-96CC-C0F5-9D8DBAA12073
34.052376,20.318102,2,9268F759-54B0-96CC-C0F5-9D8DBAA12073
33.996155,20.066212,2,9268F759-54B0-96CC-C0F5-9D8DBAA12073
-19.055723,27.026892,2,9268F759-54B0-96CC-C0F5-9D8DBAA12073
-19.036646,27.109426,2,9268F759-54B0-96CC-C0F5-9D8DBAA12073
-12.623124,-40.037613,0,94AA1B20-A5D9-F2B4-FD96-2F20A00FAE89
-12.503,-40.595417,2,94AA1B20-A5D9-F2B4-FD96-2F20A00FAE89
-12.507787,-40.75663,2,94AA1B20-A5D9-F2B4-FD96-2F20A00FAE89
-11.717403,-41.61741,2,94AA1B20-A5D9-F2B4-FD96-2F20A00FAE89
-11.700718,-41.642357,2,94AA1B20-A5D9-F2B4-FD96-2F20A00FAE89
-39.701447,9.358913,2,94AA1B20-A5D9-F2B4-FD96-2F20A00FAE89
-36.7744,37.451717,0,94AA1B20-A5D9-F2B4-FD96-2F20A00FAE89
-37.56642,37.766262,0,94AA1B20-A5D9-F2B4-FD96-2F20A00FAE89
-37.752335,37.890453,0,94AA1B20-A5D9-F2B4-FD96-2F20A00FAE89
-57.58257,29.778828,0,94AA1B20-A5D9-F2B4-FD96-2F20A00FAE89
-15.752913,34.50252,2,94AA1B20-A5D9-F2B4-FD96-2F20A00FAE89
-12.674495,43.477154,2,94AA1B20-A5D9-F2B4-FD96-2F20A00FAE89
-25.361786,29.249512,2,94AA1B20-A5D9-F2B4-FD96-2F20A00FAE89
-25.321405,28.889757,1,94AA1B20-A5D9-F2B4-FD96-2F20A00FAE89
-25.645884,28.834354,1,94AA1B20-A5D9-F2B4-FD96-2F20A00FAE89
-25.72838,28.549011,1,94AA1B20-A5D9-F2B4-FD96-2F20A00FAE89
-59.924694,16.801243,0,94AA1B20-A5D9-F2B4-FD96-2F20A00FAE89
-59.949505,16.77046,0,94AA1B20-A5D9-F2B4-FD96-2F20A00FAE89
37.987747,23.749628,2,96B78431-4166-E4D3-2AA2-15BE2512E1D6
37.64652,23.80598,2,96B78431-4166-E4D3-2AA2-15BE2512E1D6
37.019623,23.91813,2,96B78431-4166-E4D3-2AA2-15BE2512E1D6
-26.709131,-3.9992602,2,96B78431-4166-E4D3-2AA2-15BE2512E1D6
31.456179,37.868572,2,96B78431-4166-E4D3-2AA2-15BE2512E1D6
31.469124,37.90833,2,96B78431-4166-E4D3-2AA2-15BE2512E1D6
-11.80247,-63.278336,1,96B78431-4166-E4D3-2AA2-15BE2512E1D6
-11.936706,-63.31353,1,96B78431-4166-E4D3-2AA2-15BE2512E1D6
-11.269815,-63.484634,1,96B78431-4166-E4D3-2AA2-15BE2512E1D6
-12.778345,-63.372517,1,96B78431-4166-E4D3-2AA2-15BE2512E1D6
1.6141121,-43.299175,1,96B78431-4166-E4D3-2AA2-15BE2512E1D6
1.5476881,-43.362606,1,96B78431-4166-E4D3-2AA2-15BE2512E1D6
18.050425,3.312474,1,96B78431-4166-E4D3-2AA2-15BE2512E1D6
5.625146,-51.283657,1,96B78431-4166-E4D3-2AA2-15BE2512E1D6
5.6226926,-51.281006,1,96B78431-4166-E4D3-2AA2-15BE2512E1D6
-42.1291,-24.6862,1,96B78431-4166-E4D3-2AA2-15BE2512E1D6
-43.22663,-23.65768,1,96B78431-4166-E4D3-2AA2-15BE2512E1D6
-43.060646,-23.891953,1,96B78431-4166-E4D3-2AA2-15BE2512E1D6
-42.20569,-21.80701,1,96B78431-4166-E4D3-2AA2-15BE2512E1D6
-41.17815,-21.523159,1,96B78431-4166-E4D3-2AA2-15BE2512E1D6
-40.95843,-21.613295,1,96B78431-4166-E4D3-2AA2-15BE2512E1D6
-15.697863,-17.771673,1,96B78431-4166-E4D3-2AA2-15BE2512E1D6
17.908909,-34.777386,1,96B78431-4166-E4D3-2AA2-15BE2512E1D6
-22.909767,-62.045826,1,96B78431-4166-E4D3-2AA2-15BE2512E1D6
-17.21971,15.915152,1,99827717-1B21-7ECC-CAD1-99489F7E19EA
-20.402916,11.559006,1,99827717-1B21-7ECC-CAD1-99489F7E19EA
-19.360687,10.691442,1,99827717-1B21-7ECC-CAD1-99489F7E19EA
-19.00518,10.343799,1,99827717-1B21-7ECC-CAD1-99489F7E19EA
-18.448956,9.884,1,99827717-1B21-7ECC-CAD1-99489F7E19EA
-18.111141,9.176896,1,99827717-1B21-7ECC-CAD1-99489F7E19EA
-0.0031640492,-59.257053,2,99827717-1B21-7ECC-CAD1-99489F7E19EA
0.08590576,-59.310997,2,99827717-1B21-7ECC-CAD1-99489F7E19EA
-7.1060123,-22.848328,2,99827717-1B21-7ECC-CAD1-99489F7E19EA
5.818728,-57.937073,2,99827717-1B21-7ECC-CAD1-99489F7E19EA
4.8792925,-58.040276,2,99827717-1B21-7ECC-CAD1-99489F7E19EA
4.6382337,-58.103287,2,99827717-1B21-7ECC-CAD1-99489F7E19EA
17.216423,-28.659067,1,99827717-1B21-7ECC-CAD1-99489F7E19EA
-7.475228,-31.440489,2,99827717-1B21-7ECC-CAD1-99489F7E19EA
-7.0487113,-30.070717,2,99827717-1B21-7ECC-CAD1-99489F7E19EA
-7.250957,-30.375288,2,99827717-1B21-7ECC-CAD1-99489F7E19EA
46.65257,0.608083,2,99827717-1B21-7ECC-CAD1-99489F7E19EA
46.692257,0.5745705,2,99827717-1B21-7ECC-CAD1-99489F7E19EA
8.765013,9.092182,0,99C0C5AE-01AD-1BB2-A36B-74B166CB26BA
8.751767,9.128862,0,99C0C5AE-01AD-1BB2-A36B-74B166CB26BA
-29.778107,18.457363,0,99C0C5AE-01AD-1BB2-A36B-74B166CB26BA
-9.851617,43.960526,1,99C0C5AE-01AD-1BB2-A36B-74B166CB26BA
-78.27091,12.1566925,1,99C0C5AE-01AD-1BB2-A36B-74B166CB26BA
-82.010704,14.834987,1,99C0C5AE-01AD-1BB2-A36B-74B166CB26BA
-81.09225,14.107455,1,99C0C5AE-01AD-1BB2-A36B-74B166CB26BA
-77.11057,7.1760745,2,99C0C5AE-01AD-1BB2-A36B-74B166CB26BA
-77.15549,6.13592,2,99C0C5AE-01AD-1BB2-A36B-74B166CB26BA
-10.202898,43.328693,0,99C0C5AE-01AD-1BB2-A36B-74B166CB26BA
42.40444,17.962044,0,99C0C5AE-01AD-1BB2-A36B-74B166CB26BA
43.739918,18.39026,0,99C0C5AE-01AD-1BB2-A36B-74B166CB26BA
43.86424,18.72049,0,99C0C5AE-01AD-1BB2-A36B-74B166CB26BA
44.017994,18.978159,0,99C0C5AE-01AD-1BB2-A36B-74B166CB26BA
33.174904,-19.100338,0,99C0C5AE-01AD-1BB2-A36B-74B166CB26BA
33.621754,-31.610058,1,99C0C5AE-01AD-1BB2-A36B-74B166CB26BA
6.3527045,-32.87852,1,99C0C5AE-01AD-1BB2-A36B-74B166CB26BA
6.2799134,-32.929386,1,99C0C5AE-01AD-1BB2-A36B-74B166CB26BA
24.512575,6.3867397,2,99C0C5AE-01AD-1BB2-A36B-74B166CB26BA
8.030486,-43.019176,2,99C0C5AE-01AD-1BB2-A36B-74B166CB26BA
25.723835,6.460883,1,99C0C5AE-01AD-1BB2-A36B-74B166CB26BA
7.250199,-42.570698,1,99C0C5AE-01AD-1BB2-A36B-74B166CB26BA
6.748186,-42.042923,1,99C0C5AE-01AD-1BB2-A36B-74B166CB26BA
6.809902,-42.062634,1,99C0C5AE-01AD-1BB2-A36B-74B166CB26BA
-23.321732,-44.696053,1,99C0C5AE-01AD-1BB2-A36B-74B166CB26BA
44.128464,8.001758,1,99C0C5AE-01AD-1BB2-A36B-74B166CB26BA
44.146313,7.866117,1,99C0C5AE-01AD-1BB2-A36B-74B166CB26BA
43.84427,7.568459,1,99C0C5AE-01AD-1BB2-A36B-74B166CB26BA
7.526133,-38.50214,1,99C0C5AE-01AD-1BB2-A36B-74B166CB26BA
7.4848547,-38.493294,1,99C0C5AE-01AD-1BB2-A36B-74B166CB26BA
31.197432,-31.534595,2,99C0C5AE-01AD-1BB2-A36B-74B166CB26BA
31.846443,-31.323505,1,99C0C5AE-01AD-1BB2-A36B-74B166CB26BA
31.959671,-31.328949,1,99C0C5AE-01AD-1BB2-A36B-74B166CB26BA
-2.325896,23.418512,2,9A80CFF4-085D-6435-BA08-18E6496A8381
-2.4394314,23.39375,2,9A80CFF4-085D-6435-BA08-18E6496A8381
-2.8680687,23.065363,0,9A80CFF4-085D-6435-BA08-18E6496A8381
-2.9572864,23.174662,0,9A80CFF4-085D-6435-BA08-18E6496A8381
-47.37199,16.876774,0,9A80CFF4-085D-6435-BA08-18E6496A8381
-55.137997,18.53118,0,9A80CFF4-085D-6435-BA08-18E6496A8381
-78.64097,4.6980553,2,9C694EBE-9421-F45A-ED92-F521991A6A52
-80.15865,7.2849846,0,9C694EBE-9421-F45A-ED92-F521991A6A52
-79.42882,7.297298,0,9C694EBE-9421-F45A-ED92-F521991A6A52
-78.45485,6.9724073,0,9C694EBE-9421-F45A-ED92-F521991A6A52
-78.25989,7.6538134,0,9C694EBE-9421-F45A-ED92-F521991A6A52
-77.93073,6.6369023,1,9C694EBE-9421-F45A-ED92-F521991A6A52
39.263935,14.439115,2,9C694EBE-9421-F45A-ED92-F521991A6A52
39.156277,13.712987,2,9C694EBE-9421-F45A-ED92-F521991A6A52
39.173985,13.405479,2,9C694EBE-9421-F45A-ED92-F521991A6A52
34.00856,5.0308933,2,9C694EBE-9421-F45A-ED92-F521991A6A52
33.998486,5.1619596,2,9C694EBE-9421-F45A-ED92-F521991A6A52
34.34822,6.3639054,2,9C694EBE-9421-F45A-ED92-F521991A6A52
10.190983,34.032948,2,9C694EBE-9421-F45A-ED92-F521991A6A52
10.097979,33.794476,2,9C694EBE-9421-F45A-ED92-F521991A6A52
8.88009,33.90199,2,9C694EBE-9421-F45A-ED92-F521991A6A52
8.847051,33.541107,2,9C694EBE-9421-F45A-ED92-F521991A6A52
9.012862,33.189487,2,9C694EBE-9421-F45A-ED92-F521991A6A52
63.23766,17.87653,2,9C694EBE-9421-F45A-ED92-F521991A6A52
40.966625,-30.231888,2,9C694EBE-9421-F45A-ED92-F521991A6A52
-12.078172,-51.998966,2,9C694EBE-9421-F45A-ED92-F521991A6A52
52.494873,33.68874,0,9C694EBE-9421-F45A-ED92-F521991A6A52
52.49661,33.70448,0,9C694EBE-9421-F45A-ED92-F521991A6A52
43.89522,-29.343199,2,9C694EBE-9421-F45A-ED92-F521991A6A52
43.91241,-29.384394,2,9C694EBE-9421-F45A-ED92-F521991A6A52
-46.995304,-26.22034,2,9C694EBE-9421-F45A-ED92-F521991A6A52
-32.172844,-9.022262,2,9C694EBE-9421-F45A-ED92-F521991A6A52
-32.164223,-9.056128,2,9C694EBE-9421-F45A-ED92-F521991A6A52
-46.55617,-26.53935,2,9C694EBE-9421-F45A-ED92-F521991A6A52
-52.240257,-1.3232105,0,9C694EBE-9421-F45A-ED92-F521991A6A52
-68.62317,4.1661897,0,9C694EBE-9421-F45A-ED92-F521991A6A52
-71.2166,5.741123,0,9C694EBE-9421-F45A-ED92-F521991A6A52
-70.81137,5.692535,0,9C694EBE-9421-F45A-ED92-F521991A6A52
-70.17606,5.2279544,0,9C694EBE-9421-F45A-ED92-F521991A6A52
-69.6167,5.9936085,0,9C694EBE-9421-F45A-ED92-F521991A6A52
-47.63209,-17.378902,0,9C694EBE-9421-F45A-ED92-F521991A6A52
-47.432796,-17.597673,0,9C694EBE-9421-F45A-ED92-F521991A6A52
35.98545,30.729404,2,9E6EBCE2-44FB-8F07-4135-E91140B34096
50.114872,14.944948,2,9E6EBCE2-44FB-8F07-4135-E91140B34096
50.564068,14.4133005,2,9E6EBCE2-44FB-8F07-4135-E91140B34096
50.77554,14.2170315,2,9E6EBCE2-44FB-8F07-4135-E91140B34096
78.1679,7.8822083,2,9E6EBCE2-44FB-8F07-4135-E91140B34096
78.16074,7.9325147,2,9E6EBCE2-44FB-8F07-4135-E91140B34096
32.693466,-14.156741,2,9E6EBCE2-44FB-8F07-4135-E91140B34096
29.902296,-15.538323,2,9E6EBCE2-44FB-8F07-4135-E91140B34096
47.902756,-22.737478,2,9E6EBCE2-44FB-8F07-4135-E91140B34096
48.030094,-22.703966,2,9E6EBCE2-44FB-8F07-4135-E91140B34096
63.357716,-1.5683073,2,9E6EBCE2-44FB-8F07-4135-E91140B34096
63.705437,-1.269313,2,9E6EBCE2-44FB-8F07-4135-E91140B34096
44.672615,4.222178,1,9E6EBCE2-44FB-8F07-4135-E91140B34096
75.681305,7.651212,1,9E6EBCE2-44FB-8F07-4135-E91140B34096
75.47781,7.478782,1,9E6EBCE2-44FB-8F07-4135-E91140B34096
68.79138,-10.980379,1,9E6EBCE2-44FB-8F07-4135-E91140B34096
68.8169,-10.907497,1,9E6EBCE2-44FB-8F07-4135-E91140B34096
69.238914,-11.72257,1,9E6EBCE2-44FB-8F07-4135-E91140B34096
49.294575,-6.944753,2,9E6EBCE2-44FB-8F07-4135-E91140B34096
49.456757,-6.931112,2,9E6EBCE2-44FB-8F07-4135-E91140B34096
48.78982,-7.041524,2,9E6EBCE2-44FB-8F07-4135-E91140B34096
21.622448,-18.337841,2,9E6EBCE2-44FB-8F07-4135-E91140B34096
21.63751,-18.664127,2,9E6EBCE2-44FB-8F07-4135-E91140B34096
21.215517,-18.969696,2,9E6EBCE2-44FB-8F07-4135-E91140B34096
-49.064583,42.397625,0,A135AF2A-692D-9C83-AB54-34F977E4D14D
-61.057102,38.21001,0,A135AF2A-692D-9C83-AB54-34F977E4D14D
-63.26684,29.34331,0,A135AF2A-692D-9C83-AB54-34F977E4D14D
-34.56445,3.200839,2,A135AF2A-692D-9C83-AB54-34F977E4D14D
-34.46537,3.328504,2,A135AF2A-692D-9C83-AB54-34F977E4D14D
-34.620674,3.3052475,2,A135AF2A-692D-9C83-AB54-34F977E4D14D
-51.262974,42.58322,2,A135AF2A-692D-9C83-AB54-34F977E4D14D
-49.55122,19.312681,2,A135AF2A-692D-9C83-AB54-34F977E4D14D
-41.48407,-11.418543,2,A135AF2A-692D-9C83-AB54-34F977E4D14D
-41.529316,-11.471718,2,A135AF2A-692D-9C83-AB54-34F977E4D14D
3.1878035,28.896584,2,A135AF2A-692D-9C83-AB54-34F977E4D14D
24.68153,30.59464,2,A135AF2A-692D-9C83-AB54-34F977E4D14D
-19.606466,50.13549,0,A135AF2A-692D-9C83-AB54-34F977E4D14D
-17.483982,50.087143,0,A135AF2A-692D-9C83-AB54-34F977E4D14D
-17.450577,50.096924,1,A135AF2A-692D-9C83-AB54-34F977E4D14D
45.26762,25.513632,2,A135AF2A-692D-9C83-AB54-34F977E4D14D
45.02808,25.397316,2,A135AF2A-692D-9C83-AB54-34F977E4D14D
44.45159,24.726017,2,A135AF2A-692D-9C83-AB54-34F977E4D14D
-16.466629,40.67805,0,A135AF2A-692D-9C83-AB54-34F977E4D14D
-16.226816,40.495583,0,A135AF2A-692D-9C83-AB54-34F977E4D14D
-15.453047,39.65512,0,A135AF2A-692D-9C83-AB54-34F977E4D14D
-52.054367,35.66452,0,A135AF2A-692D-9C83-AB54-34F977E4D14D
-45.9871,25.910263,0,A135AF2A-692D-9C83-AB54-34F977E4D14D
-20.962744,-29.69967,0,A135AF2A-692D-9C83-AB54-34F977E4D14D
-20.125189,-30.358622,0,A135AF2A-692D-9C83-AB54-34F977E4D14D
-20.30812,-30.489464,1,A135AF2A-692D-9C83-AB54-34F977E4D14D
-20.375147,-30.778166,1,A135AF2A-692D-9C83-AB54-34F977E4D14D
51.104523,-28.00951,2,A43E8D46-F136-DB41-3E16-F9F161DBA1D6
38.33288,-34.477005,2,A43E8D46-F136-DB41-3E16-F9F161DBA1D6
38.585365,-34.363888,2,A43E8D46-F136-DB41-3E16-F9F161DBA1D6
38.87145,-34.26834,0,A43E8D46-F136-DB41-3E16-F9F161DBA1D6
17.308542,40.138103,0,A43E8D46-F136-DB41-3E16-F9F161DBA1D6
17.329739,40.15998,0,A43E8D46-F136-DB41-3E16-F9F161DBA1D6
-7.705516,-50.48381,1,A43E8D46-F136-DB41-3E16-F9F161DBA1D6
-7.54852,-50.409447,1,A43E8D46-F136-DB41-3E16-F9F161DBA1D6
-32.755363,9.326197,0,A4D472BD-7D7D-0E62-8837-716018980593
-19.553102,-34.78947,0,A4D472BD-7D7D-0E62-8837-716018980593
-19.530737,-35.476337,0,A4D472BD-7D7D-0E62-8837-716018980593
-19.390825,-36.048813,0,A4D472BD-7D7D-0E62-8837-716018980593
-19.359436,-36.080368,0,A4D472BD-7D7D-0E62-8837-716018980593
-18.769482,-37.539352,0,A4D472BD-7D7D-0E62-8837-716018980593
-1.0501406,-37.123707,0,A4D472BD-7D7D-0E62-8837-716018980593
-0.9196704,-37.190643,0,A4D472BD-7D7D-0E62-8837-716018980593
5.6429124,-35.448425,0,A4D472BD-7D7D-0E62-8837-716018980593
5.141441,-35.94145,0,A4D472BD-7D7D-0E62-8837-716018980593
5.057658,-36.25527,0,A4D472BD-7D7D-0E62-8837-716018980593
5.238622,-36.839825,0,A4D472BD-7D7D-0E62-8837-716018980593
5.678095,-37.04365,0,A4D472BD-7D7D-0E62-8837-716018980593
6.1900725,-11.485838,0,A4D472BD-7D7D-0E62-8837-716018980593
5.155774,-11.303073,0,A4D472BD-7D7D-0E62-8837-716018980593
4.891208,-11.240884,0,A4D472BD-7D7D-0E62-8837-716018980593
3.1751268,-10.780876,0,A4D472BD-7D7D-0E62-8837-716018980593
3.2310123,-10.676893,0,A4D472BD-7D7D-0E62-8837-716018980593
-32.707455,44.986843,0,A4D472BD-7D7D-0E62-8837-716018980593
-31.478527,46.18323,0,A4D472BD-7D7D-0E62-8837-716018980593
-31.746593,46.182827,0,A4D472BD-7D7D-0E62-8837-716018980593
-32.654163,-49.523502,0,A4D472BD-7D7D-0E62-8837-716018980593
-33.54726,-49.96594,0,A4D472BD-7D7D-0E62-8837-716018980593
-30.388454,44.694996,0,A4D472BD-7D7D-0E62-8837-716018980593
23.726297,-33.233784,1,A4D472BD-7D7D-0E62-8837-716018980593
23.896255,-33.06828,1,A4D472BD-7D7D-0E62-8837-716018980593
24.28786,-32.6906,1,A4D472BD-7D7D-0E62-8837-716018980593
-8.097948,-26.712658,1,A4D472BD-7D7D-0E62-8837-716018980593
-8.293184,-26.477592,1,A4D472BD-7D7D-0E62-8837-716018980593
-8.108163,-26.823515,1,A4D472BD-7D7D-0E62-8837-716018980593
42.0777,3.0368366,2,A7C426E7-344F-99F4-6E35-453AF3AD9C2C
42.17065,3.0154097,2,A7C426E7-344F-99F4-6E35-453AF3AD9C2C
-16.272432,30.518663,2,A7C426E7-344F-99F4-6E35-453AF3AD9C2C
-16.317873,30.631268,2,A7C426E7-344F-99F4-6E35-453AF3AD9C2C
-16.679714,31.449818,2,A7C426E7-344F-99F4-6E35-453AF3AD9C2C
-54.559155,41.026054,2,A7C426E7-344F-99F4-6E35-453AF3AD9C2C
-55.951584,39.360107,2,A7C426E7-344F-99F4-6E35-453AF3AD9C2C
-41.396908,24.272781,1,A7C426E7-344F-99F4-6E35-453AF3AD9C2C
-43.11256,14.59512,1,A7C426E7-344F-99F4-6E35-453AF3AD9C2C
-2.061507,37.53378,1,A7C426E7-344F-99F4-6E35-453AF3AD9C2C
-2.0637915,37.538643,1,A7C426E7-344F-99F4-6E35-453AF3AD9C2C
14.099467,37.485313,1,A7C426E7-344F-99F4-6E35-453AF3AD9C2C
13.424037,9.316953,2,A7C426E7-344F-99F4-6E35-453AF3AD9C2C
-33.553143,7.149154,2,A7C426E7-344F-99F4-6E35-453AF3AD9C2C
13.102106,9.240182,2,A7C426E7-344F-99F4-6E35-453AF3AD9C2C
47.410957,-4.649742,2,A7C426E7-344F-99F4-6E35-453AF3AD9C2C
47.872314,-4.7634525,2,A7C426E7-344F-99F4-6E35-453AF3AD9C2C
25.60015,-34.986645,2,A7C426E7-344F-99F4-6E35-453AF3AD9C2C
42.144882,-12.766573,2,A7C426E7-344F-99F4-6E35-453AF3AD9C2C
-9.299433,-55.696854,2,A7C426E7-344F-99F4-6E35-453AF3AD9C2C
66.06372,-7.6705914,2,A7C426E7-344F-99F4-6E35-453AF3AD9C2C
75.954216,8.428568,2,A7C426E7-344F-99F4-6E35-453AF3AD9C2C
66.68206,-7.5691743,2,A7C426E7-344F-99F4-6E35-453AF3AD9C2C
66.961235,-7.441879,2,A7C426E7-344F-99F4-6E35-453AF3AD9C2C
46.39306,32.12796,2,AB9921A8-F143-E101-6A47-E66882F571B2
-7.8680534,12.381302,2,AB9921A8-F143-E101-6A47-E66882F571B2
-7.882041,12.330761,2,AB9921A8-F143-E101-6A47-E66882F571B2
-8.117015,10.489671,0,AB9921A8-F143-E101-6A47-E66882F571B2
-8.14715,10.237568,1,AB9921A8-F143-E101-6A47-E66882F571B2
-17.044794,-21.942757,1,AB9921A8-F143-E101-6A47-E66882F571B2
-38.737022,-12.68523,2,AB9921A8-F143-E101-6A47-E66882F571B2
-40.590557,-13.157866,2,AB9921A8-F143-E101-6A47-E66882F571B2
11.070028,7.1049533,2,AB9921A8-F143-E101-6A47-E66882F571B2
11.0983095,7.1773453,2,AB9921A8-F143-E101-6A47-E66882F571B2
50.534805,-11.538378,2,AB9921A8-F143-E101-6A47-E66882F571B2
19.732777,-22.849426,2,AB9921A8-F143-E101-6A47-E66882F571B2
-20.204683,-55.024696,0,AB9921A8-F143-E101-6A47-E66882F571B2
-20.264769,-55.011982,0,AB9921A8-F143-E101-6A47-E66882F571B2
9.859857,-34.230274,0,AB9921A8-F143-E101-6A47-E66882F571B2
10.226086,-34.515873,0,AB9921A8-F143-E101-6A47-E66882F571B2
10.33364,-34.764385,1,AB9921A8-F143-E101-6A47-E66882F571B2
29.33554,-45.12108,1,AB9921A8-F143-E101-6A47-E66882F571B2
26.38754,2.2380793,2,AB9921A8-F143-E101-6A47-E66882F571B2
25.92933,2.2287705,2,AB9921A8-F143-E101-6A47-E66882F571B2
26.07103,2.6023757,1,AB9921A8-F143-E101-6A47-E66882F571B2
25.545618,3.5169091,1,AB9921A8-F143-E101-6A47-E66882F571B2
-8.00496,-12.851207,1,AB9921A8-F143-E101-6A47-E66882F571B2
-15.605449,-56.077293,1,AB9921A8-F143-E101-6A47-E66882F571B2
-32.12641,-49.470577,1,AB9921A8-F143-E101-6A47-E66882F571B2
63.76029,-13.398293,1,AB9921A8-F143-E101-6A47-E66882F571B2
28.736906,-20.060888,2,B06410CC-D778-33B2-B1FD-A828EE4AF413
28.084778,-19.261312,1,B06410CC-D778-33B2-B1FD-A828EE4AF413
27.654722,-19.225412,1,B06410CC-D778-33B2-B1FD-A828EE4AF413
26.95152,-19.790623,2,B06410CC-D778-33B2-B1FD-A828EE4AF413
26.728823,-19.896292,2,B06410CC-D778-33B2-B1FD-A828EE4AF413
-40.743546,-31.610893,0,B06410CC-D778-33B2-B1FD-A828EE4AF413
-29.514772,-43.215588,2,B06410CC-D778-33B2-B1FD-A828EE4AF413
-28.333405,-42.27143,2,B06410CC-D778-33B2-B1FD-A828EE4AF413
18.301231,17.570015,2,B06410CC-D778-33B2-B1FD-A828EE4AF413
18.511358,17.563879,2,B06410CC-D778-33B2-B1FD-A828EE4AF413
-5.2190695,-2.7511299,2,B06410CC-D778-33B2-B1FD-A828EE4AF413
49.673897,20.089624,2,B06410CC-D778-33B2-B1FD-A828EE4AF413
-2.2583997,-40.647106,1,B06410CC-D778-33B2-B1FD-A828EE4AF413
-7.573439,-37.50708,1,B06410CC-D778-33B2-B1FD-A828EE4AF413
-7.8719964,-37.33566,2,B06410CC-D778-33B2-B1FD-A828EE4AF413
-7.9040136,-36.68314,2,B06410CC-D778-33B2-B1FD-A828EE4AF413
-8.075233,-36.311344,0,B06410CC-D778-33B2-B1FD-A828EE4AF413
14.922277,5.411175,0,B06410CC-D778-33B2-B1FD-A828EE4AF413
-54.4841,16.37549,1,B17DF37B-207D-A052-4D45-F862B3BF4C4C
-53.99925,16.322292,1,B17DF37B-207D-A052-4D45-F862B3BF4C4C
-21.765244,-13.113536,1,B17DF37B-207D-A052-4D45-F862B3BF4C4C
-22.098322,-13.5858,1,B17DF37B-207D-A052-4D45-F862B3BF4C4C
-22.512981,-13.784215,1,B17DF37B-207D-A052-4D45-F862B3BF4C4C
4.298251,-39.047585,1,B17DF37B-207D-A052-4D45-F862B3BF4C4C
-25.870699,-30.324423,0,B17DF37B-207D-A052-4D45-F862B3BF4C4C
-25.51207,-30.629644,0,B17DF37B-207D-A052-4D45-F862B3BF4C4C
-25.484846,-30.641895,0,B17DF37B-207D-A052-4D45-F862B3BF4C4C
18.73261,27.49466,1,B17DF37B-207D-A052-4D45-F862B3BF4C4C
-11.725493,-46.85645,1,B17DF37B-207D-A052-4D45-F862B3BF4C4C
-11.933539,-46.53901,1,B17DF37B-207D-A052-4D45-F862B3BF4C4C
60.719833,0.86091423,0,B17DF37B-207D-A052-4D45-F862B3BF4C4C
5.762598,-28.680843,0,B17DF37B-207D-A052-4D45-F862B3BF4C4C
5.729927,-28.596195,0,B17DF37B-207D-A052-4D45-F862B3BF4C4C
6.027368,-27.694452,0,B17DF37B-207D-A052-4D45-F862B3BF4C4C
6.1727996,-26.895466,2,B17DF37B-207D-A052-4D45-F862B3BF4C4C
17.430105,11.944607,2,B17DF37B-207D-A052-4D45-F862B3BF4C4C
32.473297,43.890762,2,B2EE7EC5-4E5B-EBDD-E0EB-AF758B95C36A
32.842495,43.67529,2,B2EE7EC5-4E5B-EBDD-E0EB-AF758B95C36A
33.340992,43.397266,1,B2EE7EC5-4E5B-EBDD-E0EB-AF758B95C36A
32.084362,44.00174,1,B2EE7EC5-4E5B-EBDD-E0EB-AF758B95C36A
-11.44318,42.55177,0,B2EE7EC5-4E5B-EBDD-E0EB-AF758B95C36A
-11.272716,42.556446,0,B2EE7EC5-4E5B-EBDD-E0EB-AF758B95C36A
-30.56879,-56.856033,1,B2EE7EC5-4E5B-EBDD-E0EB-AF758B95C36A
-30.57336,-56.85596,1,B2EE7EC5-4E5B-EBDD-E0EB-AF758B95C36A
-27.23295,0.6995638,1,B2EE7EC5-4E5B-EBDD-E0EB-AF758B95C36A
-33.9239,39.178673,1,B2EE7EC5-4E5B-EBDD-E0EB-AF758B95C36A
-40.906193,36.195934,1,B2EE7EC5-4E5B-EBDD-E0EB-AF758B95C36A
-40.45182,35.62268,1,B2EE7EC5-4E5B-EBDD-E0EB-AF758B95C36A
-6.448931,23.538603,1,B2EE7EC5-4E5B-EBDD-E0EB-AF758B95C36A
-15.88326,4.043043,1,B2EE7EC5-4E5B-EBDD-E0EB-AF758B95C36A
-15.160492,3.936416,1,B2EE7EC5-4E5B-EBDD-E0EB-AF758B95C36A
-15.091462,3.9697285,1,B2EE7EC5-4E5B-EBDD-E0EB-AF758B95C36A
-15.681521,3.080151,1,B2EE7EC5-4E5B-EBDD-E0EB-AF758B95C36A
-8.314334,-55.146133,1,B2EE7EC5-4E5B-EBDD-E0EB-AF758B95C36A
35.69402,9.734428,1,B2EE7EC5-4E5B-EBDD-E0EB-AF758B95C36A
35.76015,9.733128,1,B2EE7EC5-4E5B-EBDD-E0EB-AF758B95C36A
35.14924,9.519777,1,B2EE7EC5-4E5B-EBDD-E0EB-AF758B95C36A
-14.064233,31.603817,2,B2EE7EC5-4E5B-EBDD-E0EB-AF758B95C36A
-14.128999,31.682365,2,B2EE7EC5-4E5B-EBDD-E0EB-AF758B95C36A
-51.00768,37.348392,2,B2EE7EC5-4E5B-EBDD-E0EB-AF758B95C36A
41.185223,-6.6158934,2,B2EE7EC5-4E5B-EBDD-E0EB-AF758B95C36A
40.817562,-6.5288925,2,B2EE7EC5-4E5B-EBDD-E0EB-AF758B95C36A
40.64318,-6.4920716,2,B2EE7EC5-4E5B-EBDD-E0EB-AF758B95C36A
-8.637383,-42.807205,2,B2EE7EC5-4E5B-EBDD-E0EB-AF758B95C36A
49.441185,-11.95431,2,B2EE7EC5-4E5B-EBDD-E0EB-AF758B95C36A
70.64917,-7.512289,2,B2EE7EC5-4E5B-EBDD-E0EB-AF758B95C36A
-23.083015,-47.29604,2,B3CE5256-6F65-85EB-0078-689BD5CC1B17
-24.099834,-47.005184,0,B3CE5256-6F65-85EB-0078-689BD5CC1B17
-23.978214,-45.900196,0,B3CE5256-6F65-85EB-0078-689BD5CC1B17
-80.70965,12.264017,0,B3CE5256-6F65-85EB-0078-689BD5CC1B17
-78.11751,12.898655,0,B3CE5256-6F65-85EB-0078-689BD5CC1B17
-77.23113,12.986342,0,B3CE5256-6F65-85EB-0078-689BD5CC1B17
-79.852325,13.194304,0,B3CE5256-6F65-85EB-0078-689BD5CC1B17
-79.73531,11.795836,0,B3CE5256-6F65-85EB-0078-689BD5CC1B17
-78.49425,10.214514,1,B3CE5256-6F65-85EB-0078-689BD5CC1B17
-79.07701,9.830001,1,B3CE5256-6F65-85EB-0078-689BD5CC1B17
-30.333168,-48.741825,2,B3CE5256-6F65-85EB-0078-689BD5CC1B17
-14.569618,-25.011723,2,B3CE5256-6F65-85EB-0078-689BD5CC1B17
30.203682,-33.79595,2,B3CE5256-6F65-85EB-0078-689BD5CC1B17
30.083784,-33.824265,2,B3CE5256-6F65-85EB-0078-689BD5CC1B17
-11.69177,-53.42474,0,B3CE5256-6F65-85EB-0078-689BD5CC1B17
-13.145177,-52.708042,2,B3CE5256-6F65-85EB-0078-689BD5CC1B17
-13.868859,-53.48816,2,B3CE5256-6F65-85EB-0078-689BD5CC1B17
-13.671022,-53.8609,2,B3CE5256-6F65-85EB-0078-689BD5CC1B17
-12.657666,-54.260307,2,B3CE5256-6F65-85EB-0078-689BD5CC1B17
-13.147461,-54.80329,2,B3CE5256-6F65-85EB-0078-689BD5CC1B17
-12.650849,-55.398075,2,B3CE5256-6F65-85EB-0078-689BD5CC1B17
-13.926758,-55.491245,2,B3CE5256-6F65-85EB-0078-689BD5CC1B17
-14.050772,-55.61002,2,B3CE5256-6F65-85EB-0078-689BD5CC1B17
20.508257,-16.381592,2,B3CE5256-6F65-85EB-0078-689BD5CC1B17
4.2863293,-40.735767,1,B6EE5F90-8F59-D3CF-C449-59216B28207B
-16.43438,-48.06067,0,B6EE5F90-8F59-D3CF-C449-59216B28207B
-16.34927,-47.934174,0,B6EE5F90-8F59-D3CF-C449-59216B28207B
-55.069374,-6.8351274,0,B6EE5F90-8F59-D3CF-C449-59216B28207B
-71.152824,9.454762,2,B6EE5F90-8F59-D3CF-C449-59216B28207B
-75.24486,7.270949,2,B6EE5F90-8F59-D3CF-C449-59216B28207B
-8.265351,-53.735092,1,B6EE5F90-8F59-D3CF-C449-59216B28207B
-23.599968,-35.020905,1,B6EE5F90-8F59-D3CF-C449-59216B28207B
-24.418636,13.701357,1,B6EE5F90-8F59-D3CF-C449-59216B28207B
-75.48292,2.242963,1,B6EE5F90-8F59-D3CF-C449-59216B28207B
-78.26353,5.6168623,1,B6EE5F90-8F59-D3CF-C449-59216B28207B
-25.11472,-47.813454,1,B6EE5F90-8F59-D3CF-C449-59216B28207B
62.554512,-6.7656026,2,B6EE5F90-8F59-D3CF-C449-59216B28207B
62.52315,-6.802853,2,B6EE5F90-8F59-D3CF-C449-59216B28207B
11.117946,-32.206062,0,B6EE5F90-8F59-D3CF-C449-59216B28207B
-18.441008,27.645594,0,B6EE5F90-8F59-D3CF-C449-59216B28207B
-73.43043,23.050947,0,B6EE5F90-8F59-D3CF-C449-59216B28207B
-73.44517,23.061598,0,B6EE5F90-8F59-D3CF-C449-59216B28207B
-5.002954,-53.033592,1,B6EE5F90-8F59-D3CF-C449-59216B28207B
37.9057,-3.2001946,1,B6EE5F90-8F59-D3CF-C449-59216B28207B
37.65172,-3.15046,1,B6EE5F90-8F59-D3CF-C449-59216B28207B
63.51925,11.359169,2,B6EE5F90-8F59-D3CF-C449-59216B28207B
64.55424,11.313771,2,B6EE5F90-8F59-D3CF-C449-59216B28207B
64.62487,11.365214,2,B6EE5F90-8F59-D3CF-C449-59216B28207B
-39.39876,-36.965977,1,B6EE5F90-8F59-D3CF-C449-59216B28207B
-39.38915,-36.971497,1,B6EE5F90-8F59-D3CF-C449-59216B28207B
-49.156193,-14.787964,1,B6EE5F90-8F59-D3CF-C449-59216B28207B
-50.332478,-15.121858,1,B6EE5F90-8F59-D3CF-C449-59216B28207B
-50.304096,-15.080905,1,B6EE5F90-8F59-D3CF-C449-59216B28207B
-23.250183,-62.055737,1,B6EE5F90-8F59-D3CF-C449-59216B28207B
54.216045,12.050009,2,B9FD0C60-33D3-E99E-2475-815EAD5C89C2
53.67276,11.17658,2,B9FD0C60-33D3-E99E-2475-815EAD5C89C2
53.289314,10.975039,2,B9FD0C60-33D3-E99E-2475-815EAD5C89C2
52.843166,10.48036,2,B9FD0C60-33D3-E99E-2475-815EAD5C89C2
52.857704,10.354982,2,B9FD0C60-33D3-E99E-2475-815EAD5C89C2
53.687565,9.784355,0,B9FD0C60-33D3-E99E-2475-815EAD5C89C2
28.458662,-9.446401,0,B9FD0C60-33D3-E99E-2475-815EAD5C89C2
-48.588863,27.573711,0,B9FD0C60-33D3-E99E-2475-815EAD5C89C2
-48.572163,27.796263,0,B9FD0C60-33D3-E99E-2475-815EAD5C89C2
-56.30865,44.025307,0,B9FD0C60-33D3-E99E-2475-815EAD5C89C2
-20.494421,11.706263,0,B9FD0C60-33D3-E99E-2475-815EAD5C89C2
-21.232506,11.425823,0,B9FD0C60-33D3-E99E-2475-815EAD5C89C2
10.450707,12.788061,2,B9FD0C60-33D3-E99E-2475-815EAD5C89C2
10.408374,12.78124,0,B9FD0C60-33D3-E99E-2475-815EAD5C89C2
9.5336685,13.054197,0,B9FD0C60-33D3-E99E-2475-815EAD5C89C2
-56.201504,43.4459,0,B9FD0C60-33D3-E99E-2475-815EAD5C89C2
-55.668266,42.988758,0,B9FD0C60-33D3-E99E-2475-815EAD5C89C2
-41.109367,17.089249,1,B9FD0C60-33D3-E99E-2475-815EAD5C89C2
-40.37486,15.517703,1,B9FD0C60-33D3-E99E-2475-815EAD5C89C2
-40.255283,15.081512,2,B9FD0C60-33D3-E99E-2475-815EAD5C89C2
38.335068,27.031551,2,B9FD0C60-33D3-E99E-2475-815EAD5C89C2
38.99335,26.817696,2,B9FD0C60-33D3-E99E-2475-815EAD5C89C2
38.98989,26.808836,2,B9FD0C60-33D3-E99E-2475-815EAD5C89C2
39.621647,26.36676,2,B9FD0C60-33D3-E99E-2475-815EAD5C89C2
-51.12176,20.664776,2,BAAA2876-D490-2AB5-0A98-6EB94C7FC331
-13.825566,19.158228,2,BAAA2876-D490-2AB5-0A98-6EB94C7FC331
32.023586,-16.969135,2,BAAA2876-D490-2AB5-0A98-6EB94C7FC331
32.812897,-15.886075,2,BAAA2876-D490-2AB5-0A98-6EB94C7FC331
33.189148,-15.443086,2,BAAA2876-D490-2AB5-0A98-6EB94C7FC331
33.31225,-15.44527,2,BAAA2876-D490-2AB5-0A98-6EB94C7FC331
18.131157,23.420498,2,BAAA2876-D490-2AB5-0A98-6EB94C7FC331
18.715578,22.652716,2,BAAA2876-D490-2AB5-0A98-6EB94C7FC331
18.405958,23.16325,2,BAAA2876-D490-2AB5-0A98-6EB94C7FC331
-44.690765,-1.4518509,1,BAAA2876-D490-2AB5-0A98-6EB94C7FC331
-43.72501,-1.0693483,2,BAAA2876-D490-2AB5-0A98-6EB94C7FC331
-43.634167,-0.9876863,2,BAAA2876-D490-2AB5-0A98-6EB94C7FC331
22.132675,42.517857,2,BAAA2876-D490-2AB5-0A98-6EB94C7FC331
22.00996,42.232468,2,BAAA2876-D490-2AB5-0A98-6EB94C7FC331
21.678171,42.140644,2,BAAA2876-D490-2AB5-0A98-6EB94C7FC331
20.804173,43.193108,2,BAAA2876-D490-2AB5-0A98-6EB94C7FC331
20.512667,43.509117,2,BAAA2876-D490-2AB5-0A98-6EB94C7FC331
-48.09122,32.50804,2,BAAA2876-D490-2AB5-0A98-6EB94C7FC331
48.545937,2.415262,2,BC7EE230-0AF9-3AC5-24E5-8EC4B0B432A8
-1.9277077,28.783669,0,BC7EE230-0AF9-3AC5-24E5-8EC4B0B432A8
-53.4038,42.737164,0,BC7EE230-0AF9-3AC5-24E5-8EC4B0B432A8
-54.108734,41.907185,0,BC7EE230-0AF9-3AC5-24E5-8EC4B0B432A8
-36.87454,41.264465,0,BC7EE230-0AF9-3AC5-24E5-8EC4B0B432A8
6.107635,26.661676,2,BC7EE230-0AF9-3AC5-24E5-8EC4B0B432A8
40.232323,41.94651,0,BC7EE230-0AF9-3AC5-24E5-8EC4B0B432A8
40.262283,41.916912,2,BC7EE230-0AF9-3AC5-24E5-8EC4B0B432A8
20.812143,-26.133518,2,BC7EE230-0AF9-3AC5-24E5-8EC4B0B432A8
20.779171,-26.145742,2,BC7EE230-0AF9-3AC5-24E5-8EC4B0B432A8
-9.062814,-18.488205,2,BC7EE230-0AF9-3AC5-24E5-8EC4B0B432A8
-6.287663,16.16788,2,BC7EE230-0AF9-3AC5-24E5-8EC4B0B432A8
-6.31017,16.126894,2,BC7EE230-0AF9-3AC5-24E5-8EC4B0B432A8
-35.27803,-12.712305,2,BC7EE230-0AF9-3AC5-24E5-8EC4B0B432A8
5.052346,-54.674675,2,BC7EE230-0AF9-3AC5-24E5-8EC4B0B432A8
3.9342089,-54.880413,2,BC7EE230-0AF9-3AC5-24E5-8EC4B0B432A8
3.5325553,-54.97167,2,BC7EE230-0AF9-3AC5-24E5-8EC4B0B432A8
3.171786,-55.034405,2,BC7EE230-0AF9-3AC5-24E5-8EC4B0B432A8
-33.0672,14.247343,0,BD35F47E-4F73-8664-B165-98D2BF2CDA48
18.96724,35.45263,0,BD35F47E-4F73-8664-B165-98D2BF2CDA48
19.61156,35.23066,2,BD35F47E-4F73-8664-B165-98D2BF2CDA48
20.096476,34.9669,2,BD35F47E-4F73-8664-B165-98D2BF2CDA48
19.499651,35.286556,2,BD35F47E-4F73-8664-B165-98D2BF2CDA48
21.965284,33.853127,2,BD35F47E-4F73-8664-B165-98D2BF2CDA48
19.156284,30.02935,2,BD35F47E-4F73-8664-B165-98D2BF2CDA48
18.542507,28.465384,2,BD35F47E-4F73-8664-B165-98D2BF2CDA48
18.573542,28.717722,2,BD35F47E-4F73-8664-B165-98D2BF2CDA48
20.20271,-55.429104,2,BD35F47E-4F73-8664-B165-98D2BF2CDA48
20.201435,-55.42958,2,BD35F47E-4F73-8664-B165-98D2BF2CDA48
19.245594,-55.871334,2,BD35F47E-4F73-8664-B165-98D2BF2CDA48
10.580776,36.59548,0,BD35F47E-4F73-8664-B165-98D2BF2CDA48
10.663637,36.540047,0,BD35F47E-4F73-8664-B165-98D2BF2CDA48
66.372665,22.926508,0,BD35F47E-4F73-8664-B165-98D2BF2CDA48
66.98296,22.130585,0,BD35F47E-4F73-8664-B165-98D2BF2CDA48
66.83023,22.254406,0,BD35F47E-4F73-8664-B165-98D2BF2CDA48
-0.02325431,10.668262,0,BD35F47E-4F73-8664-B165-98D2BF2CDA48
-45.870045,-19.321587,1,BD35F47E-4F73-8664-B165-98D2BF2CDA48
-44.389652,7.1636853,1,BD35F47E-4F73-8664-B165-98D2BF2CDA48
-45.021587,8.119059,1,BD35F47E-4F73-8664-B165-98D2BF2CDA48
-45.404526,8.567477,0,BD35F47E-4F73-8664-B165-98D2BF2CDA48
-44.258564,9.256326,0,BD35F47E-4F73-8664-B165-98D2BF2CDA48
-44.26497,9.255752,0,BD35F47E-4F73-8664-B165-98D2BF2CDA48
6.1311636,-18.53966,2,C24A665A-6B67-FDEA-04A4-C2DA3AF79D51
5.7517214,-18.886312,2,C24A665A-6B67-FDEA-04A4-C2DA3AF79D51
6.1994004,-19.043358,2,C24A665A-6B67-FDEA-04A4-C2DA3AF79D51
6.219732,-19.046598,0,C24A665A-6B67-FDEA-04A4-C2DA3AF79D51
48.10199,-11.07688,0,C24A665A-6B67-FDEA-04A4-C2DA3AF79D51
-24.610548,48.658726,0,C24A665A-6B67-FDEA-04A4-C2DA3AF79D51
39.38058,-10.853933,2,C24A665A-6B67-FDEA-04A4-C2DA3AF79D51
39.246464,-10.928701,2,C24A665A-6B67-FDEA-04A4-C2DA3AF79D51
24.991335,28.569809,2,C24A665A-6B67-FDEA-04A4-C2DA3AF79D51
25.250662,28.585638,0,C24A665A-6B67-FDEA-04A4-C2DA3AF79D51
23.887827,27.43789,0,C24A665A-6B67-FDEA-04A4-C2DA3AF79D51
23.83861,27.377024,0,C24A665A-6B67-FDEA-04A4-C2DA3AF79D51
-3.8518903,44.520966,2,C24A665A-6B67-FDEA-04A4-C2DA3AF79D51
-53.90721,22.987093,1,C24A665A-6B67-FDEA-04A4-C2DA3AF79D51
-50.643074,16.47602,1,C24A665A-6B67-FDEA-04A4-C2DA3AF79D51
-20.067923,3.9566708,1,C24A665A-6B67-FDEA-04A4-C2DA3AF79D51
-20.095146,3.8142905,1,C24A665A-6B67-FDEA-04A4-C2DA3AF79D51
25.915249,-27.13225,1,C24A665A-6B67-FDEA-04A4-C2DA3AF79D51
-8.158692,-48.294823,1,C24A665A-6B67-FDEA-04A4-C2DA3AF79D51
13.77449,-7.252689,1,C24A665A-6B67-FDEA-04A4-C2DA3AF79D51
-16.376642,-50.619465,1,C24A665A-6B67-FDEA-04A4-C2DA3AF79D51
-16.418795,-50.614277,1,C24A665A-6B67-FDEA-04A4-C2DA3AF79D51
14.302125,-29.614113,1,C24A665A-6B67-FDEA-04A4-C2DA3AF79D51
-16.648767,-63.23146,1,C24A665A-6B67-FDEA-04A4-C2DA3AF79D51
-22.464031,-19.518278,1,C24A665A-6B67-FDEA-04A4-C2DA3AF79D51
3.355334,-24.952917,1,C24A665A-6B67-FDEA-04A4-C2DA3AF79D51
3.212259,-25.03685,1,C24A665A-6B67-FDEA-04A4-C2DA3AF79D51
2.4258287,-25.360071,1,C24A665A-6B67-FDEA-04A4-C2DA3AF79D51
1.5858862,-25.779972,1,C24A665A-6B67-FDEA-04A4-C2DA3AF79D51
-35.626045,-11.059195,1,C24A665A-6B67-FDEA-04A4-C2DA3AF79D51
12.481637,-24.105467,2,C5DC661F-E2D6-2B65-4765-77C8B81D2488
44.800488,-12.1624365,2,C5DC661F-E2D6-2B65-4765-77C8B81D2488
45.029438,-12.16388,2,C5DC661F-E2D6-2B65-4765-77C8B81D2488
74.077225,2.9141824,2,C5DC661F-E2D6-2B65-4765-77C8B81D2488
72.40706,3.6138327,2,C5DC661F-E2D6-2B65-4765-77C8B81D2488
72.38497,3.5600028,2,C5DC661F-E2D6-2B65-4765-77C8B81D2488
44.27722,-14.689635,2,C5DC661F-E2D6-2B65-4765-77C8B81D2488
44.20576,-14.800771,2,C5DC661F-E2D6-2B65-4765-77C8B81D2488
16.850937,5.7403646,2,C5DC661F-E2D6-2B65-4765-77C8B81D2488
70.23771,18.926353,2,C5DC661F-E2D6-2B65-4765-77C8B81D2488
70.35373,18.704718,2,C5DC661F-E2D6-2B65-4765-77C8B81D2488
71.32944,17.750834,2,C5DC661F-E2D6-2B65-4765-77C8B81D2488
11.956522,3.927948,2,C8BB6C15-19FA-A17A-5945-6202803016D7
11.880545,3.8750393,2,C8BB6C15-19FA-A17A-5945-6202803016D7
-10.30396,-35.01531,2,C8BB6C15-19FA-A17A-5945-6202803016D7
-10.50169,-34.97086,0,C8BB6C15-19FA-A17A-5945-6202803016D7
-11.464038,13.371446,0,C8BB6C15-19FA-A17A-5945-6202803016D7
-40.43964,44.890137,0,C8BB6C15-19FA-A17A-5945-6202803016D7
-15.58368,36.083416,0,C8BB6C15-19FA-A17A-5945-6202803016D7
36.989544,31.50687,0,C8BB6C15-19FA-A17A-5945-6202803016D7
37.14517,31.39096,0,C8BB6C15-19FA-A17A-5945-6202803016D7
49.270687,12.110226,0,C8BB6C15-19FA-A17A-5945-6202803016D7
49.275646,12.095031,0,C8BB6C15-19FA-A17A-5945-6202803016D7
-20.181917,29.854397,0,C8BB6C15-19FA-A17A-5945-6202803016D7
-56.2738,-1.6890876,2,C8BB6C15-19FA-A17A-5945-6202803016D7
-56.268875,-1.6718801,2,C8BB6C15-19FA-A17A-5945-6202803016D7
-56.207573,-1.1810049,2,C8BB6C15-19FA-A17A-5945-6202803016D7
-56.006935,-0.43603885,0,C8BB6C15-19FA-A17A-5945-6202803016D7
-55.597702,13.148421,0,C8BB6C15-19FA-A17A-5945-6202803016D7
-41.203617,23.557945,0,C8BB6C15-19FA-A17A-5945-6202803016D7
31.278214,12.333509,0,C8BB6C15-19FA-A17A-5945-6202803016D7
31.27288,11.879347,1,C8BB6C15-19FA-A17A-5945-6202803016D7
31.251621,11.614932,2,C8BB6C15-19FA-A17A-5945-6202803016D7
31.06203,8.70509,2,C8BB6C15-19FA-A17A-5945-6202803016D7
31.082735,9.091243,2,C8BB6C15-19FA-A17A-5945-6202803016D7
31.177021,9.347405,2,C8BB6C15-19FA-A17A-5945-6202803016D7
25.938765,-7.839492,1,C8BB6C15-19FA-A17A-5945-6202803016D7
63.687252,-16.118856,1,C8BB6C15-19FA-A17A-5945-6202803016D7
25.932188,-7.843851,1,C8BB6C15-19FA-A17A-5945-6202803016D7
57.311,-16.645374,1,C8BB6C15-19FA-A17A-5945-6202803016D7
56.676765,-17.206348,1,C8BB6C15-19FA-A17A-5945-6202803016D7
56.527054,-17.375538,1,C8BB6C15-19FA-A17A-5945-6202803016D7
-43.904167,-35.04639,1,C8BB6C15-19FA-A17A-5945-6202803016D7
-43.921055,-35.048016,1,C8BB6C15-19FA-A17A-5945-6202803016D7
-26.618275,-54.352413,1,C8BB6C15-19FA-A17A-5945-6202803016D7
-12.005373,-3.1179585,0,CCA3ABC5-DCCE-0BBE-5327-E65AE52A195D
-12.455561,-3.518432,2,CCA3ABC5-DCCE-0BBE-5327-E65AE52A195D
-12.081021,-3.2893803,2,CCA3ABC5-DCCE-0BBE-5327-E65AE52A195D
-12.700832,-3.7488213,2,CCA3ABC5-DCCE-0BBE-5327-E65AE52A195D
-11.596946,-3.8871925,2,CCA3ABC5-DCCE-0BBE-5327-E65AE52A195D
-80.68576,5.779,2,CCA3ABC5-DCCE-0BBE-5327-E65AE52A195D
26.804132,16.233103,2,CCA3ABC5-DCCE-0BBE-5327-E65AE52A195D
26.934212,16.018131,2,CCA3ABC5-DCCE-0BBE-5327-E65AE52A195D
27.282322,15.551687,2,CCA3ABC5-DCCE-0BBE-5327-E65AE52A195D
27.564432,15.062671,2,CCA3ABC5-DCCE-0BBE-5327-E65AE52A195D
8.049365,-35.771618,2,CCA3ABC5-DCCE-0BBE-5327-E65AE52A195D
-33.002674,3.5824537,2,CCA3ABC5-DCCE-0BBE-5327-E65AE52A195D
73.255775,13.496204,0,CD5833CD-93D3-318C-371A-18A32DEFC38B
-2.5593355,46.97853,0,CD5833CD-93D3-318C-371A-18A32DEFC38B
-35.629997,39.56142,0,CD5833CD-93D3-318C-371A-18A32DEFC38B
-52.37385,37.656914,0,CD5833CD-93D3-318C-371A-18A32DEFC38B
-5.7706375,26.197018,0,CD5833CD-93D3-318C-371A-18A32DEFC38B
-32.141266,-1.1097977,0,CD5833CD-93D3-318C-371A-18A32DEFC38B
-41.194355,20.769733,0,CD5833CD-93D3-318C-371A-18A32DEFC38B
-40.57114,19.353882,0,CD5833CD-93D3-318C-371A-18A32DEFC38B
-40.593792,18.39997,0,CD5833CD-93D3-318C-371A-18A32DEFC38B
-40.387074,17.957169,0,CD5833CD-93D3-318C-371A-18A32DEFC38B
5.557993,7.4652095,0,CD5833CD-93D3-318C-371A-18A32DEFC38B
5.661273,7.4546256,1,CD5833CD-93D3-318C-371A-18A32DEFC38B
63.844448,-3.0221152,2,CD5833CD-93D3-318C-371A-18A32DEFC38B
63.811977,-3.0092525,2,CD5833CD-93D3-318C-371A-18A32DEFC38B
33.395412,-6.227318,2,CD5833CD-93D3-318C-371A-18A32DEFC38B
32.72881,-8.290081,2,CD5833CD-93D3-318C-371A-18A32DEFC38B
39.987274,5.7121453,2,CD5833CD-93D3-318C-371A-18A32DEFC38B
39.69049,5.8509884,2,CD5833CD-93D3-318C-371A-18A32DEFC38B
76.7798,6.2440367,2,CD5833CD-93D3-318C-371A-18A32DEFC38B
77.412506,5.63173,2,CD5833CD-93D3-318C-371A-18A32DEFC38B
77.836105,5.558252,2,CD5833CD-93D3-318C-371A-18A32DEFC38B
78.32986,3.7514114,2,CD5833CD-93D3-318C-371A-18A32DEFC38B
78.825096,3.156255,2,CD5833CD-93D3-318C-371A-18A32DEFC38B
79.14707,2.8412433,2,CD5833CD-93D3-318C-371A-18A32DEFC38B
43.185883,-38.998486,2,CD5833CD-93D3-318C-371A-18A32DEFC38B
53.373272,-13.631654,2,CD5833CD-93D3-318C-371A-18A32DEFC38B
53.38597,-13.180644,2,CD5833CD-93D3-318C-371A-18A32DEFC38B
53.41478,-12.496479,2,CD5833CD-93D3-318C-371A-18A32DEFC38B
-14.564722,49.667816,2,CD5833CD-93D3-318C-371A-18A32DEFC38B
-22.631245,47.178936,0,CD5833CD-93D3-318C-371A-18A32DEFC38B
51.334667,31.337626,2,CD5833CD-93D3-318C-371A-18A32DEFC38B
8.5757475,39.49087,2,CD5833CD-93D3-318C-371A-18A32DEFC38B
9.346769,39.045624,2,CD5833CD-93D3-318C-371A-18A32DEFC38B
9.443523,38.952248,1,CD5833CD-93D3-318C-371A-18A32DEFC38B
-36.36051,32.520252,1,CD5833CD-93D3-318C-371A-18A32DEFC38B
-36.491802,32.512383,0,CD5833CD-93D3-318C-371A-18A32DEFC38B
14.338002,-51.074055,1,CD5833CD-93D3-318C-371A-18A32DEFC38B
14.275596,-50.801273,2,CD5833CD-93D3-318C-371A-18A32DEFC38B
14.256704,-50.066116,2,CD5833CD-93D3-318C-371A-18A32DEFC38B
13.6413,-51.098976,2,CD5833CD-93D3-318C-371A-18A32DEFC38B
3.76702,-44.30893,2,CD5833CD-93D3-318C-371A-18A32DEFC38B
3.6820514,-44.263588,0,CD5833CD-93D3-318C-371A-18A32DEFC38B
27.982517,-26.729319,2,D0F7ABC0-F552-63CD-CAC6-6703C39B83CA
28.253588,-26.333504,2,D0F7ABC0-F552-63CD-CAC6-6703C39B83CA
20.165472,-0.3560095,2,D0F7ABC0-F552-63CD-CAC6-6703C39B83CA
20.05648,-0.32660517,2,D0F7ABC0-F552-63CD-CAC6-6703C39B83CA
-8.630794,29.57342,0,D0F7ABC0-F552-63CD-CAC6-6703C39B83CA
-6.643545,28.095285,0,D0F7ABC0-F552-63CD-CAC6-6703C39B83CA
31.55318,-47.342953,1,D0F7ABC0-F552-63CD-CAC6-6703C39B83CA
64.89643,1.3652627,1,D0F7ABC0-F552-63CD-CAC6-6703C39B83CA
64.8319,1.671667,1,D0F7ABC0-F552-63CD-CAC6-6703C39B83CA
-18.152658,48.552177,1,D0F7ABC0-F552-63CD-CAC6-6703C39B83CA
-50.790142,30.076683,1,D0F7ABC0-F552-63CD-CAC6-6703C39B83CA
-53.508076,41.9466,1,D0F7ABC0-F552-63CD-CAC6-6703C39B83CA
13.003267,33.052364,1,D0F7ABC0-F552-63CD-CAC6-6703C39B83CA
13.043839,33.04099,1,D0F7ABC0-F552-63CD-CAC6-6703C39B83CA
-17.498756,-10.896392,1,D0F7ABC0-F552-63CD-CAC6-6703C39B83CA
-17.438421,-10.831855,1,D0F7ABC0-F552-63CD-CAC6-6703C39B83CA
-18.805395,-44.206432,1,D0F7ABC0-F552-63CD-CAC6-6703C39B83CA
-18.819391,-44.196796,1,D0F7ABC0-F552-63CD-CAC6-6703C39B83CA
-30.281294,-44.188538,0,D0F7ABC0-F552-63CD-CAC6-6703C39B83CA
-44.634777,-5.2392087,0,D0F7ABC0-F552-63CD-CAC6-6703C39B83CA
-1.630471,8.95863,1,D0F7ABC0-F552-63CD-CAC6-6703C39B83CA
-44.36796,-5.9519672,1,D0F7ABC0-F552-63CD-CAC6-6703C39B83CA
-44.36701,-5.911822,1,D0F7ABC0-F552-63CD-CAC6-6703C39B83CA
-1.6645246,8.885214,1,D0F7ABC0-F552-63CD-CAC6-6703C39B83CA
-1.074405,25.971825,2,D51A5648-0039-8CB1-45CB-C51E5ABA8BCC
-1.6468265,25.83098,2,D51A5648-0039-8CB1-45CB-C51E5ABA8BCC
-2.0613258,26.16588,2,D51A5648-0039-8CB1-45CB-C51E5ABA8BCC
-2.5874023,26.636606,2,D51A5648-0039-8CB1-45CB-C51E5ABA8BCC
-3.0703292,27.509861,2,D51A5648-0039-8CB1-45CB-C51E5ABA8BCC
-3.4375622,27.593304,2,D51A5648-0039-8CB1-45CB-C51E5ABA8BCC
-60.088585,29.02705,0,D51A5648-0039-8CB1-45CB-C51E5ABA8BCC
-55.855217,10.273049,0,D51A5648-0039-8CB1-45CB-C51E5ABA8BCC
-19.474339,-59.155502,2,D51A5648-0039-8CB1-45CB-C51E5ABA8BCC
28.100094,-11.037804,2,D51A5648-0039-8CB1-45CB-C51E5ABA8BCC
28.281837,-10.983395,2,D51A5648-0039-8CB1-45CB-C51E5ABA8BCC
28.62518,-11.254482,2,D51A5648-0039-8CB1-45CB-C51E5ABA8BCC
23.69324,-0.80457956,2,D51A5648-0039-8CB1-45CB-C51E5ABA8BCC
22.482855,-0.52074724,2,D51A5648-0039-8CB1-45CB-C51E5ABA8BCC
22.354027,-0.5016251,2,D51A5648-0039-8CB1-45CB-C51E5ABA8BCC
3.1114743,-32.406406,2,D57F474B-B38C-E9AF-73CC-2CF16EED3827
3.1457374,-32.42931,1,D57F474B-B38C-E9AF-73CC-2CF16EED3827
-32.256454,-14.8990135,0,D57F474B-B38C-E9AF-73CC-2CF16EED3827
-32.179165,-14.851872,0,D57F474B-B38C-E9AF-73CC-2CF16EED3827
-59.21912,30.741343,0,D57F474B-B38C-E9AF-73CC-2CF16EED3827
-60.34675,38.709488,0,D57F474B-B38C-E9AF-73CC-2CF16EED3827
-54.158276,29.019112,0,D57F474B-B38C-E9AF-73CC-2CF16EED3827
-39.174892,35.321,0,D57F474B-B38C-E9AF-73CC-2CF16EED3827
-9.788459,30.840153,0,D57F474B-B38C-E9AF-73CC-2CF16EED3827
-39.21159,-15.08174,2,D57F474B-B38C-E9AF-73CC-2CF16EED3827
-38.863903,-14.577088,2,D57F474B-B38C-E9AF-73CC-2CF16EED3827
23.489061,-9.015115,2,D57F474B-B38C-E9AF-73CC-2CF16EED3827
24.022116,-9.98516,2,D57F474B-B38C-E9AF-73CC-2CF16EED3827
24.094542,-9.97164,2,D57F474B-B38C-E9AF-73CC-2CF16EED3827
47.561424,8.28175,1,D57F474B-B38C-E9AF-73CC-2CF16EED3827
48.11342,8.450895,1,D57F474B-B38C-E9AF-73CC-2CF16EED3827
48.154686,9.217095,1,D57F474B-B38C-E9AF-73CC-2CF16EED3827
-10.57606,16.444874,0,D57F474B-B38C-E9AF-73CC-2CF16EED3827
49.80143,7.9954534,1,D57F474B-B38C-E9AF-73CC-2CF16EED3827
41.466454,34.21604,1,D57F474B-B38C-E9AF-73CC-2CF16EED3827
41.473095,33.928272,1,D57F474B-B38C-E9AF-73CC-2CF16EED3827
41.608334,32.8373,1,D57F474B-B38C-E9AF-73CC-2CF16EED3827
28.91526,20.571651,1,D57F474B-B38C-E9AF-73CC-2CF16EED3827
-11.057281,-11.594174,1,D57F474B-B38C-E9AF-73CC-2CF16EED3827
29.068409,-47.82075,1,D57F474B-B38C-E9AF-73CC-2CF16EED3827
28.973213,-47.88965,2,D57F474B-B38C-E9AF-73CC-2CF16EED3827
28.603924,-48.070618,2,D57F474B-B38C-E9AF-73CC-2CF16EED3827
27.005754,-46.925,2,D57F474B-B38C-E9AF-73CC-2CF16EED3827
-36.49411,42.16476,2,D57F474B-B38C-E9AF-73CC-2CF16EED3827
-50.906563,41.671177,2,D57F474B-B38C-E9AF-73CC-2CF16EED3827
-54.42411,10.916052,0,D57F474B-B38C-E9AF-73CC-2CF16EED3827
-34.16723,-43.192482,1,D57F474B-B38C-E9AF-73CC-2CF16EED3827
-33.93959,-43.16149,1,D57F474B-B38C-E9AF-73CC-2CF16EED3827
22.177929,2.6858191,2,D6D11A63-A131-4E74-041D-6E3BD8EFF8FF
22.226015,2.7079902,2,D6D11A63-A131-4E74-041D-6E3BD8EFF8FF
-40.30461,32.54424,2,D6D11A63-A131-4E74-041D-6E3BD8EFF8FF
-45.17147,35.30437,2,D6D11A63-A131-4E74-041D-6E3BD8EFF8FF
-41.600937,33.841015,2,D6D11A63-A131-4E74-041D-6E3BD8EFF8FF
-24.549786,2.7589018,2,D6D11A63-A131-4E74-041D-6E3BD8EFF8FF
-33.63057,25.252745,2,D6D11A63-A131-4E74-041D-6E3BD8EFF8FF
-33.38959,25.036802,2,D6D11A63-A131-4E74-041D-6E3BD8EFF8FF
-45.796444,32.10529,2,D6D11A63-A131-4E74-041D-6E3BD8EFF8FF
-46.888424,39.96236,2,D6D11A63-A131-4E74-041D-6E3BD8EFF8FF
-44.57662,31.844833,2,D6D11A63-A131-4E74-041D-6E3BD8EFF8FF
-48.635925,11.140279,0,D6D11A63-A131-4E74-041D-6E3BD8EFF8FF
49.797977,0.13649406,2,D8D27F81-4F83-E10A-448A-735447867552
62.44078,2.217075,2,D8D27F81-4F83-E10A-448A-735447867552
62.282383,2.1311975,2,D8D27F81-4F83-E10A-448A-735447867552
49.63423,1.350506,1,D8D27F81-4F83-E10A-448A-735447867552
31.817074,-5.499362,1,D8D27F81-4F83-E10A-448A-735447867552
31.981804,-5.609591,1,D8D27F81-4F83-E10A-448A-735447867552
-20.722202,-40.986965,0,D8D27F81-4F83-E10A-448A-735447867552
-20.586426,-41.12995,0,D8D27F81-4F83-E10A-448A-735447867552
-20.197079,-41.493298,0,D8D27F81-4F83-E10A-448A-735447867552
-14.3032875,8.006351,1,D8D27F81-4F83-E10A-448A-735447867552
-14.194879,7.9637637,2,D8D27F81-4F83-E10A-448A-735447867552
-13.179605,7.472901,0,D8D27F81-4F83-E10A-448A-735447867552
8.415981,5.445063,2,D8D27F81-4F83-E10A-448A-735447867552
8.622301,5.5101748,2,D8D27F81-4F83-E10A-448A-735447867552
8.704065,5.360095,2,D8D27F81-4F83-E10A-448A-735447867552
41.0944,19.08205,2,D8D27F81-4F83-E10A-448A-735447867552
41.349113,19.888153,2,D8D27F81-4F83-E10A-448A-735447867552
32.95679,0.14875272,2,D8D27F81-4F83-E10A-448A-735447867552
52.699677,18.826077,2,DA2856BC-D181-9AF0-DC9A-99A9444D5579
52.432278,19.18779,0,DA2856BC-D181-9AF0-DC9A-99A9444D5579
47.41297,32.500977,0,DA2856BC-D181-9AF0-DC9A-99A9444D5579
47.426052,32.422485,0,DA2856BC-D181-9AF0-DC9A-99A9444D5579
-7.012439,31.450542,0,DA2856BC-D181-9AF0-DC9A-99A9444D5579
-40.340782,34.783043,0,DA2856BC-D181-9AF0-DC9A-99A9444D5579
50.28244,29.124897,2,DA2856BC-D181-9AF0-DC9A-99A9444D5579
50.362747,28.812803,2,DA2856BC-D181-9AF0-DC9A-99A9444D5579
63.181705,8.657019,2,DA2856BC-D181-9AF0-DC9A-99A9444D5579
62.170204,8.792229,2,DA2856BC-D181-9AF0-DC9A-99A9444D5579
-2.9512632,18.395226,2,DA2856BC-D181-9AF0-DC9A-99A9444D5579
-3.004659,18.380562,0,DA2856BC-D181-9AF0-DC9A-99A9444D5579
-8.9993305,-51.02911,1,DA2856BC-D181-9AF0-DC9A-99A9444D5579
30.169815,-46.469376,2,DA2856BC-D181-9AF0-DC9A-99A9444D5579
30.20507,-46.538155,2,DA2856BC-D181-9AF0-DC9A-99A9444D5579
69.34716,-15.034866,2,DA2856BC-D181-9AF0-DC9A-99A9444D5579
68.59185,-14.658402,2,DA2856BC-D181-9AF0-DC9A-99A9444D5579
68.43882,-14.406433,2,DA2856BC-D181-9AF0-DC9A-99A9444D5579
69.12322,25.769697,2,DA2856BC-D181-9AF0-DC9A-99A9444D5579
69.10227,25.687117,2,DA2856BC-D181-9AF0-DC9A-99A9444D5579
15.868091,-18.780317,2,DA2856BC-D181-9AF0-DC9A-99A9444D5579
15.861,-18.788374,2,DA2856BC-D181-9AF0-DC9A-99A9444D5579
-21.055717,-61.936684,1,DA2856BC-D181-9AF0-DC9A-99A9444D5579
-21.079803,-61.924873,1,DA2856BC-D181-9AF0-DC9A-99A9444D5579
5.3883567,-17.696613,0,DBA0C8C4-AE05-772F-2E53-E6167F8ACB77
-55.491383,24.408247,2,DBA0C8C4-AE05-772F-2E53-E6167F8ACB77
-55.055614,25.37276,2,DBA0C8C4-AE05-772F-2E53-E6167F8ACB77
-54.572197,25.960415,0,DBA0C8C4-AE05-772F-2E53-E6167F8ACB77
-22.248371,27.163687,0,DBA0C8C4-AE05-772F-2E53-E6167F8ACB77
-22.054945,27.010942,0,DBA0C8C4-AE05-772F-2E53-E6167F8ACB77
-49.69927,30.175756,0,DBA0C8C4-AE05-772F-2E53-E6167F8ACB77
-49.47898,29.938189,0,DBA0C8C4-AE05-772F-2E53-E6167F8ACB77
-53.317062,9.626633,0,DBA0C8C4-AE05-772F-2E53-E6167F8ACB77
4.7680745,26.750872,0,DBA0C8C4-AE05-772F-2E53-E6167F8ACB77
56.64131,-1.741782,0,DBA0C8C4-AE05-772F-2E53-E6167F8ACB77
56.663914,-1.5901744,0,DBA0C8C4-AE05-772F-2E53-E6167F8ACB77
51.07094,-24.444326,2,DBA0C8C4-AE05-772F-2E53-E6167F8ACB77
51.07432,-24.431477,2,DBA0C8C4-AE05-772F-2E53-E6167F8ACB77
31.167664,-37.588417,2,DBA0C8C4-AE05-772F-2E53-E6167F8ACB77
30.60062,-37.675983,2,DBA0C8C4-AE05-772F-2E53-E6167F8ACB77
31.016298,-37.45084,2,DBA0C8C4-AE05-772F-2E53-E6167F8ACB77
60.35068,1.5626183,2,DBA0C8C4-AE05-772F-2E53-E6167F8ACB77
0.75468624,-46.474045,0,DBA0C8C4-AE05-772F-2E53-E6167F8ACB77
0.77696884,-46.2228,0,DBA0C8C4-AE05-772F-2E53-E6167F8ACB77
0.7455567,-45.47366,2,DBA0C8C4-AE05-772F-2E53-E6167F8ACB77
8.848788,-48.397366,2,DBA0C8C4-AE05-772F-2E53-E6167F8ACB77
8.882559,-48.40008,2,DBA0C8C4-AE05-772F-2E53-E6167F8ACB77
33.13297,-25.97058,2,DBA0C8C4-AE05-772F-2E53-E6167F8ACB77
70.46974,9.127421,2,DBA0C8C4-AE05-772F-2E53-E6167F8ACB77
70.42056,9.00565,2,DBA0C8C4-AE05-772F-2E53-E6167F8ACB77
69.70217,9.465629,2,DBA0C8C4-AE05-772F-2E53-E6167F8ACB77
69.53744,9.384806,2,DBA0C8C4-AE05-772F-2E53-E6167F8ACB77
69.170135,9.112987,2,DBA0C8C4-AE05-772F-2E53-E6167F8ACB77
59.90514,-4.010311,2,DBA0C8C4-AE05-772F-2E53-E6167F8ACB77
-7.8059545,28.47496,0,DC0BE0E2-B41E-3D73-47C5-5733952512CB
-7.846381,27.619122,0,DC0BE0E2-B41E-3D73-47C5-5733952512CB
-7.5954103,27.204739,0,DC0BE0E2-B41E-3D73-47C5-5733952512CB
4.533384,46.190376,0,DC0BE0E2-B41E-3D73-47C5-5733952512CB
4.6827393,46.219616,0,DC0BE0E2-B41E-3D73-47C5-5733952512CB
3.9336913,45.972286,2,DC0BE0E2-B41E-3D73-47C5-5733952512CB
27.605278,-36.31418,2,DC0BE0E2-B41E-3D73-47C5-5733952512CB
67.29987,-17.721184,2,DC0BE0E2-B41E-3D73-47C5-5733952512CB
67.588356,-17.730257,2,DC0BE0E2-B41E-3D73-47C5-5733952512CB
68.49786,-18.122627,2,DC0BE0E2-B41E-3D73-47C5-5733952512CB
68.38128,-18.083456,2,DC0BE0E2-B41E-3D73-47C5-5733952512CB
27.182127,4.359465,2,DC0BE0E2-B41E-3D73-47C5-5733952512CB
-15.390803,11.225061,2,DC0BE0E2-B41E-3D73-47C5-5733952512CB
0.2135756,0.68934804,2,DC0BE0E2-B41E-3D73-47C5-5733952512CB
0.15239634,0.41804522,2,DC0BE0E2-B41E-3D73-47C5-5733952512CB
-5.917746,6.6441402,2,DC0BE0E2-B41E-3D73-47C5-5733952512CB
-6.0290112,6.704594,2,DC0BE0E2-B41E-3D73-47C5-5733952512CB
-5.5038557,7.002953,2,DC0BE0E2-B41E-3D73-47C5-5733952512CB
33.713196,-42.648075,1,DCB45A10-FAF5-53E0-AB53-2D42AC9BB090
34.56031,-40.60853,1,DCB45A10-FAF5-53E0-AB53-2D42AC9BB090
61.32721,-1.7158711,1,DCB45A10-FAF5-53E0-AB53-2D42AC9BB090
61.021538,-1.7434145,1,DCB45A10-FAF5-53E0-AB53-2D42AC9BB090
50.21865,20.083364,1,DCB45A10-FAF5-53E0-AB53-2D42AC9BB090
38.96652,6.505951,2,DCB45A10-FAF5-53E0-AB53-2D42AC9BB090
37.940754,46.754684,2,DCB45A10-FAF5-53E0-AB53-2D42AC9BB090
-52.493706,0.5941193,2,DCB45A10-FAF5-53E0-AB53-2D42AC9BB090
-52.538,0.59934795,0,DCB45A10-FAF5-53E0-AB53-2D42AC9BB090
-63.81179,36.713276,0,DCB45A10-FAF5-53E0-AB53-2D42AC9BB090
-60.494522,12.146204,0,DCB45A10-FAF5-53E0-AB53-2D42AC9BB090
-60.44036,12.257276,0,DCB45A10-FAF5-53E0-AB53-2D42AC9BB090
14.67227,-29.01647,1,DCB45A10-FAF5-53E0-AB53-2D42AC9BB090
15.222569,-27.832878,1,DCB45A10-FAF5-53E0-AB53-2D42AC9BB090
16.229385,-27.135237,1,DCB45A10-FAF5-53E0-AB53-2D42AC9BB090
16.378864,-26.64419,1,DCB45A10-FAF5-53E0-AB53-2D42AC9BB090
16.614193,-27.757492,1,DCB45A10-FAF5-53E0-AB53-2D42AC9BB090
-2.104235,-28.03942,1,DCB45A10-FAF5-53E0-AB53-2D42AC9BB090
50.29115,-17.111427,2,DCB45A10-FAF5-53E0-AB53-2D42AC9BB090
50.57231,-16.875597,2,DCB45A10-FAF5-53E0-AB53-2D42AC9BB090
74.49734,-7.501708,2,DCB45A10-FAF5-53E0-AB53-2D42AC9BB090
72.95389,-6.1168737,2,DCB45A10-FAF5-53E0-AB53-2D42AC9BB090
71.89196,-6.0171585,1,DCB45A10-FAF5-53E0-AB53-2D42AC9BB090
71.6659,-6.173503,2,DCB45A10-FAF5-53E0-AB53-2D42AC9BB090
-48.460537,5.9927487,1,DCB45A10-FAF5-53E0-AB53-2D42AC9BB090
-47.342403,5.751433,1,DCB45A10-FAF5-53E0-AB53-2D42AC9BB090
-47.049664,5.5216665,1,DCB45A10-FAF5-53E0-AB53-2D42AC9BB090
-4.085975,-27.005154,1,DCB45A10-FAF5-53E0-AB53-2D42AC9BB090
-4.192067,-27.031755,1,DCB45A10-FAF5-53E0-AB53-2D42AC9BB090
14.672574,-26.148275,1,DCB45A10-FAF5-53E0-AB53-2D42AC9BB090
57.484978,-24.30025,2,DD956DE9-DEFB-C0C6-82B4-C639A17D6782
57.38833,-24.38121,2,DD956DE9-DEFB-C0C6-82B4-C639A17D6782
57.14289,-24.600046,2,DD956DE9-DEFB-C0C6-82B4-C639A17D6782
-2.4749513,-28.906347,2,DD956DE9-DEFB-C0C6-82B4-C639A17D6782
-21.033909,-38.328167,1,DD956DE9-DEFB-C0C6-82B4-C639A17D6782
-33.2432,19.529238,0,DD956DE9-DEFB-C0C6-82B4-C639A17D6782
14.196892,23.620518,0,DD956DE9-DEFB-C0C6-82B4-C639A17D6782
14.233832,23.674725,2,DD956DE9-DEFB-C0C6-82B4-C639A17D6782
14.120153,22.97313,2,DD956DE9-DEFB-C0C6-82B4-C639A17D6782
14.067447,22.364717,2,DD956DE9-DEFB-C0C6-82B4-C639A17D6782
-52.628967,13.892973,2,DD956DE9-DEFB-C0C6-82B4-C639A17D6782
-39.314888,1.1676584,2,DD956DE9-DEFB-C0C6-82B4-C639A17D6782
-45.512344,0.22792357,2,DD956DE9-DEFB-C0C6-82B4-C639A17D6782
-49.71925,8.099594,2,DD956DE9-DEFB-C0C6-82B4-C639A17D6782
-49.56315,8.645249,0,DD956DE9-DEFB-C0C6-82B4-C639A17D6782
-58.312706,41.209976,0,DD956DE9-DEFB-C0C6-82B4-C639A17D6782
-58.804756,41.123344,0,DD956DE9-DEFB-C0C6-82B4-C639A17D6782
-50.948765,44.056644,0,DD956DE9-DEFB-C0C6-82B4-C639A17D6782
-33.71342,39.169167,0,DD956DE9-DEFB-C0C6-82B4-C639A17D6782
-39.29152,1.2291056,2,DD956DE9-DEFB-C0C6-82B4-C639A17D6782
17.280445,-3.1840103,2,DD956DE9-DEFB-C0C6-82B4-C639A17D6782
16.888254,-3.16588,2,DD956DE9-DEFB-C0C6-82B4-C639A17D6782
16.925076,-3.1239686,2,DD956DE9-DEFB-C0C6-82B4-C639A17D6782
16.677591,-2.134592,2,DD956DE9-DEFB-C0C6-82B4-C639A17D6782
-10.561225,16.444181,2,DD956DE9-DEFB-C0C6-82B4-C639A17D6782
12.809737,35.560463,2,DD956DE9-DEFB-C0C6-82B4-C639A17D6782
-51.25481,3.7332587,2,DD956DE9-DEFB-C0C6-82B4-C639A17D6782
-51.067844,4.245769,0,DD956DE9-DEFB-C0C6-82B4-C639A17D6782
-42.70574,42.7466,0,DD956DE9-DEFB-C0C6-82B4-C639A17D6782
-59.218204,39.500774,0,DD956DE9-DEFB-C0C6-82B4-C639A17D6782
76.82258,10.843551,2,DD956DE9-DEFB-C0C6-82B4-C639A17D6782
76.71487,10.854142,2,DD956DE9-DEFB-C0C6-82B4-C639A17D6782
76.3851,10.841883,2,DD956DE9-DEFB-C0C6-82B4-C639A17D6782
75.68534,11.172671,2,DD956DE9-DEFB-C0C6-82B4-C639A17D6782
74.75103,11.33962,0,DD956DE9-DEFB-C0C6-82B4-C639A17D6782
-50.604214,38.509415,0,DD956DE9-DEFB-C0C6-82B4-C639A17D6782
39.646347,3.742005,2,DE775A65-68D5-C477-E2F7-BCC1AEF0B850
39.527702,3.5615897,2,DE775A65-68D5-C477-E2F7-BCC1AEF0B850
38.51789,3.3621569,2,DE775A65-68D5-C477-E2F7-BCC1AEF0B850
38.39273,2.453161,2,DE775A65-68D5-C477-E2F7-BCC1AEF0B850
38.680626,2.0001693,2,DE775A65-68D5-C477-E2F7-BCC1AEF0B850
45.958736,5.387444,2,DE775A65-68D5-C477-E2F7-BCC1AEF0B850
0.47540066,10.76732,2,DE775A65-68D5-C477-E2F7-BCC1AEF0B850
32.409863,0.2030419,2,DE775A65-68D5-C477-E2F7-BCC1AEF0B850
17.113146,-33.154274,2,DE775A65-68D5-C477-E2F7-BCC1AEF0B850
11.235728,-18.939562,2,DE775A65-68D5-C477-E2F7-BCC1AEF0B850
11.59641,-18.65323,2,DE775A65-68D5-C477-E2F7-BCC1AEF0B850
11.762059,-18.511444,2,DE775A65-68D5-C477-E2F7-BCC1AEF0B850
-20.751211,0.46169865,1,DF62EF03-DA30-E70A-CA31-03A029C9610A
-20.488304,0.3934196,1,DF62EF03-DA30-E70A-CA31-03A029C9610A
-19.616209,0.23647891,1,DF62EF03-DA30-E70A-CA31-03A029C9610A
-19.26644,0.29954293,1,DF62EF03-DA30-E70A-CA31-03A029C9610A
0.28576142,22.245134,1,DF62EF03-DA30-E70A-CA31-03A029C9610A
-13.862704,-1.0390872,0,DF62EF03-DA30-E70A-CA31-03A029C9610A
-3.1546276,-47.470566,2,DF62EF03-DA30-E70A-CA31-03A029C9610A
-3.4811685,-47.5302,2,DF62EF03-DA30-E70A-CA31-03A029C9610A
-3.965436,-47.713734,2,DF62EF03-DA30-E70A-CA31-03A029C9610A
-4.8797026,-48.21861,2,DF62EF03-DA30-E70A-CA31-03A029C9610A
27.417356,36.61,2,DF62EF03-DA30-E70A-CA31-03A029C9610A
41.92527,-18.245726,2,DF62EF03-DA30-E70A-CA31-03A029C9610A
41.877605,-18.245892,2,DF62EF03-DA30-E70A-CA31-03A029C9610A
23.694841,7.1204944,2,DF62EF03-DA30-E70A-CA31-03A029C9610A
-49.80436,32.988285,2,DF62EF03-DA30-E70A-CA31-03A029C9610A
-49.789074,33.074005,2,DF62EF03-DA30-E70A-CA31-03A029C9610A
-56.010845,36.133812,0,DF62EF03-DA30-E70A-CA31-03A029C9610A
-56.242138,36.252625,0,DF62EF03-DA30-E70A-CA31-03A029C9610A
36.31264,33.697613,0,E49C1269-8AB7-8C8F-FC88-AA92C2F1E260
34.98363,33.119545,0,E49C1269-8AB7-8C8F-FC88-AA92C2F1E260
-16.724653,18.48446,0,E49C1269-8AB7-8C8F-FC88-AA92C2F1E260
-54.95742,26.760263,0,E49C1269-8AB7-8C8F-FC88-AA92C2F1E260
-52.424896,26.461962,2,E49C1269-8AB7-8C8F-FC88-AA92C2F1E260
-52.584053,26.254292,2,E49C1269-8AB7-8C8F-FC88-AA92C2F1E260
-51.868908,26.423618,2,E49C1269-8AB7-8C8F-FC88-AA92C2F1E260
-23.737028,47.38078,2,E49C1269-8AB7-8C8F-FC88-AA92C2F1E260
-24.07322,47.144382,0,E49C1269-8AB7-8C8F-FC88-AA92C2F1E260
-24.685957,46.54515,0,E49C1269-8AB7-8C8F-FC88-AA92C2F1E260
-25.053976,46.26829,0,E49C1269-8AB7-8C8F-FC88-AA92C2F1E260
-23.365088,45.525036,0,E49C1269-8AB7-8C8F-FC88-AA92C2F1E260
-10.98692,6.1354938,0,E49C1269-8AB7-8C8F-FC88-AA92C2F1E260
-10.896249,6.145567,0,E49C1269-8AB7-8C8F-FC88-AA92C2F1E260
-30.603144,-18.583416,0,E49C1269-8AB7-8C8F-FC88-AA92C2F1E260
-9.702627,5.056137,0,E49C1269-8AB7-8C8F-FC88-AA92C2F1E260
-9.644119,5.026772,0,E49C1269-8AB7-8C8F-FC88-AA92C2F1E260
-20.60164,19.686132,2,E49C1269-8AB7-8C8F-FC88-AA92C2F1E260
40.031105,9.549929,0,E5CCE6B3-2C6E-BE96-602F-3852C8614777
40.596497,9.155864,0,E5CCE6B3-2C6E-BE96-602F-3852C8614777
40.811268,9.081865,2,E5CCE6B3-2C6E-BE96-602F-3852C8614777
40.83208,8.650043,2,E5CCE6B3-2C6E-BE96-602F-3852C8614777
67.574684,16.592918,0,E5CCE6B3-2C6E-BE96-602F-3852C8614777
2.0941434,45.562836,0,E5CCE6B3-2C6E-BE96-602F-3852C8614777
-56.09473,17.035135,0,E5CCE6B3-2C6E-BE96-602F-3852C8614777
-56.044197,17.018433,0,E5CCE6B3-2C6E-BE96-602F-3852C8614777
-26.311087,-8.616815,2,E5CCE6B3-2C6E-BE96-602F-3852C8614777
-25.947641,-8.189935,2,E5CCE6B3-2C6E-BE96-602F-3852C8614777
-25.961987,-8.150279,2,E5CCE6B3-2C6E-BE96-602F-3852C8614777
-43.224026,18.026962,2,E5CCE6B3-2C6E-BE96-602F-3852C8614777
2.9835403,-22.535595,2,E5CCE6B3-2C6E-BE96-602F-3852C8614777
2.1067257,-22.302301,2,E5CCE6B3-2C6E-BE96-602F-3852C8614777
1.7800158,-22.089869,2,E5CCE6B3-2C6E-BE96-602F-3852C8614777
72.071266,12.26624,2,E5CCE6B3-2C6E-BE96-602F-3852C8614777
71.98632,12.29165,2,E5CCE6B3-2C6E-BE96-602F-3852C8614777
71.86522,14.261531,2,E5CCE6B3-2C6E-BE96-602F-3852C8614777
51.77452,-5.232483,2,E5CCE6B3-2C6E-BE96-602F-3852C8614777
51.859444,-5.318061,2,E5CCE6B3-2C6E-BE96-602F-3852C8614777
16.98535,-37.066128,2,E5CCE6B3-2C6E-BE96-602F-3852C8614777
16.419794,-37.60653,2,E5CCE6B3-2C6E-BE96-602F-3852C8614777
16.291464,-37.804806,0,E5CCE6B3-2C6E-BE96-602F-3852C8614777
15.073846,-37.121593,0,E5CCE6B3-2C6E-BE96-602F-3852C8614777
52.30152,1.0839143,2,E5CCE6B3-2C6E-BE96-602F-3852C8614777
52.270298,1.1133791,2,E5CCE6B3-2C6E-BE96-602F-3852C8614777
50.18976,6.1405687,2,E5CCE6B3-2C6E-BE96-602F-3852C8614777
49.82222,6.6580243,2,E5CCE6B3-2C6E-BE96-602F-3852C8614777
49.744892,6.62291,2,E5CCE6B3-2C6E-BE96-602F-3852C8614777
65.13677,-10.168989,2,E5CCE6B3-2C6E-BE96-602F-3852C8614777
-47.512608,8.925318,0,E5F96AC5-AE7E-C4E8-8288-FB2674F43704
-57.442543,12.001663,0,E5F96AC5-AE7E-C4E8-8288-FB2674F43704
-13.450496,18.36159,0,E5F96AC5-AE7E-C4E8-8288-FB2674F43704
-4.920088,-32.396214,2,E5F96AC5-AE7E-C4E8-8288-FB2674F43704
26.59638,-15.220636,2,E5F96AC5-AE7E-C4E8-8288-FB2674F43704
-4.518388,-32.30686,2,E5F96AC5-AE7E-C4E8-8288-FB2674F43704
-3.5233736,-32.524124,2,E5F96AC5-AE7E-C4E8-8288-FB2674F43704
-3.0723033,-32.625225,0,E5F96AC5-AE7E-C4E8-8288-FB2674F43704
-2.593492,-32.362476,0,E5F96AC5-AE7E-C4E8-8288-FB2674F43704
24.055813,19.566198,0,E5F96AC5-AE7E-C4E8-8288-FB2674F43704
49.920494,25.812162,0,E5F96AC5-AE7E-C4E8-8288-FB2674F43704
50.207863,25.639244,0,E5F96AC5-AE7E-C4E8-8288-FB2674F43704
49.718407,-29.849407,0,E5F96AC5-AE7E-C4E8-8288-FB2674F43704
50.458492,-29.7067,2,E5F96AC5-AE7E-C4E8-8288-FB2674F43704
50.29338,-29.635414,2,E5F96AC5-AE7E-C4E8-8288-FB2674F43704
50.93632,-30.243826,2,E5F96AC5-AE7E-C4E8-8288-FB2674F43704
50.208454,-31.093683,2,E5F96AC5-AE7E-C4E8-8288-FB2674F43704
64.39302,7.2251472,2,E5F96AC5-AE7E-C4E8-8288-FB2674F43704
23.44954,41.649307,2,E5F96AC5-AE7E-C4E8-8288-FB2674F43704
23.336094,41.565556,2,E5F96AC5-AE7E-C4E8-8288-FB2674F43704
24.417942,38.672,2,E5F96AC5-AE7E-C4E8-8288-FB2674F43704
24.127113,38.464035,2,E5F96AC5-AE7E-C4E8-8288-FB2674F43704
22.603497,37.692745,2,E5F96AC5-AE7E-C4E8-8288-FB2674F43704
22.792704,37.72148,2,E5F96AC5-AE7E-C4E8-8288-FB2674F43704
71.830986,16.702936,2,E5F96AC5-AE7E-C4E8-8288-FB2674F43704
71.62078,16.725327,2,E5F96AC5-AE7E-C4E8-8288-FB2674F43704
69.972534,17.069572,2,E5F96AC5-AE7E-C4E8-8288-FB2674F43704
2.3968835,47.248703,0,E5F96AC5-AE7E-C4E8-8288-FB2674F43704
2.4511733,46.97284,0,E5F96AC5-AE7E-C4E8-8288-FB2674F43704
-48.01492,40.655174,0,E5F96AC5-AE7E-C4E8-8288-FB2674F43704
50.758205,22.758316,2,EA788550-E907-E4AC-EAE4-82CC26723E3B
49.94907,23.01081,2,EA788550-E907-E4AC-EAE4-82CC26723E3B
52.204727,22.781,2,EA788550-E907-E4AC-EAE4-82CC26723E3B
52.18093,22.842518,2,EA788550-E907-E4AC-EAE4-82CC26723E3B
53.07943,22.864254,2,EA788550-E907-E4AC-EAE4-82CC26723E3B
53.25386,22.870882,2,EA788550-E907-E4AC-EAE4-82CC26723E3B
-17.081459,22.110008,2,EA788550-E907-E4AC-EAE4-82CC26723E3B
-17.119612,22.081942,2,EA788550-E907-E4AC-EAE4-82CC26723E3B
-28.134853,18.279913,2,EA788550-E907-E4AC-EAE4-82CC26723E3B
17.294197,-42.05412,2,EA788550-E907-E4AC-EAE4-82CC26723E3B
17.32222,-42.03534,2,EA788550-E907-E4AC-EAE4-82CC26723E3B
59.721195,6.598251,2,EA788550-E907-E4AC-EAE4-82CC26723E3B
19.878796,-9.270119,1,EC6E2525-212C-1C3A-0B73-74D1B45748E1
-38.99534,-2.1567755,1,EC6E2525-212C-1C3A-0B73-74D1B45748E1
-26.693571,24.693172,1,EC6E2525-212C-1C3A-0B73-74D1B45748E1
-26.673689,24.81832,1,EC6E2525-212C-1C3A-0B73-74D1B45748E1
-43.887417,22.437256,0,EC6E2525-212C-1C3A-0B73-74D1B45748E1
-54.537155,12.19688,0,EC6E2525-212C-1C3A-0B73-74D1B45748E1
29.440067,21.694765,2,EC6E2525-212C-1C3A-0B73-74D1B45748E1
-9.736905,6.4597783,0,EC6E2525-212C-1C3A-0B73-74D1B45748E1
-10.487875,7.903892,0,EC6E2525-212C-1C3A-0B73-74D1B45748E1
-10.516263,7.9795737,0,EC6E2525-212C-1C3A-0B73-74D1B45748E1
-56.142563,11.707828,0,EC6E2525-212C-1C3A-0B73-74D1B45748E1
-36.325035,15.059184,0,EC6E2525-212C-1C3A-0B73-74D1B45748E1
16.393833,5.22184,2,EC6E2525-212C-1C3A-0B73-74D1B45748E1
-34.58717,20.511217,2,EC6E2525-212C-1C3A-0B73-74D1B45748E1
-34.947712,21.103971,2,EC6E2525-212C-1C3A-0B73-74D1B45748E1
-35.19354,21.476358,2,EC6E2525-212C-1C3A-0B73-74D1B45748E1
-36.076935,21.868422,0,EC6E2525-212C-1C3A-0B73-74D1B45748E1
-36.805714,22.164425,0,EC6E2525-212C-1C3A-0B73-74D1B45748E1
30.012966,-23.38098,2,EC6E2525-212C-1C3A-0B73-74D1B45748E1
29.794184,-23.434181,2,EC6E2525-212C-1C3A-0B73-74D1B45748E1
-5.122263,29.1686,2,EC6E2525-212C-1C3A-0B73-74D1B45748E1
-5.228814,29.32699,1,EC6E2525-212C-1C3A-0B73-74D1B45748E1
-5.451509,30.26276,1,EC6E2525-212C-1C3A-0B73-74D1B45748E1
-46.888756,37.75398,0,EC6E2525-212C-1C3A-0B73-74D1B45748E1
-18.387299,37.409733,2,EE62AFCD-B47D-E676-0257-21F92CB612D8
-18.467875,37.18412,2,EE62AFCD-B47D-E676-0257-21F92CB612D8
-18.393246,36.724133,0,EE62AFCD-B47D-E676-0257-21F92CB612D8
-18.43019,36.423756,0,EE62AFCD-B47D-E676-0257-21F92CB612D8
-56.554577,32.023914,0,EE62AFCD-B47D-E676-0257-21F92CB612D8
-56.95102,32.214123,0,EE62AFCD-B47D-E676-0257-21F92CB612D8
40.687206,22.364319,2,EE62AFCD-B47D-E676-0257-21F92CB612D8
40.517387,22.89345,2,EE62AFCD-B47D-E676-0257-21F92CB612D8
40.48256,23.428299,0,EE62AFCD-B47D-E676-0257-21F92CB612D8
-21.881464,41.59852,0,EE62AFCD-B47D-E676-0257-21F92CB612D8
-21.852978,41.592686,0,EE62AFCD-B47D-E676-0257-21F92CB612D8
-53.501976,39.418453,0,EE62AFCD-B47D-E676-0257-21F92CB612D8
56.750473,-13.528728,2,EE62AFCD-B47D-E676-0257-21F92CB612D8
56.703445,-13.558043,2,EE62AFCD-B47D-E676-0257-21F92CB612D8
1.3628024,-29.111183,2,EE62AFCD-B47D-E676-0257-21F92CB612D8
3.818089,16.7596,2,EE62AFCD-B47D-E676-0257-21F92CB612D8
-45.67323,20.923363,2,EE62AFCD-B47D-E676-0257-21F92CB612D8
-45.671383,20.898638,2,EE62AFCD-B47D-E676-0257-21F92CB612D8
-47.517,2.022923,2,EE62AFCD-B47D-E676-0257-21F92CB612D8
-47.230537,1.7250108,2,EE62AFCD-B47D-E676-0257-21F92CB612D8
-46.822205,1.3016686,2,EE62AFCD-B47D-E676-0257-21F92CB612D8
58.529854,21.536425,2,EE62AFCD-B47D-E676-0257-21F92CB612D8
58.518295,21.541727,2,EE62AFCD-B47D-E676-0257-21F92CB612D8
34.34169,9.622804,2,EE62AFCD-B47D-E676-0257-21F92CB612D8
17.997324,0.016265575,2,F1430977-52AF-4F46-BF92-0A8D736CBD2B
-2.5849776,-6.6258335,2,F1430977-52AF-4F46-BF92-0A8D736CBD2B
-67.480705,23.04629,2,F1430977-52AF-4F46-BF92-0A8D736CBD2B
-71.25007,23.137426,0,F1430977-52AF-4F46-BF92-0A8D736CBD2B
-71.12489,23.153091,0,F1430977-52AF-4F46-BF92-0A8D736CBD2B
-70.27593,23.547886,0,F1430977-52AF-4F46-BF92-0A8D736CBD2B
-19.793129,-14.9008255,0,F1430977-52AF-4F46-BF92-0A8D736CBD2B
11.415979,-10.296239,0,F1430977-52AF-4F46-BF92-0A8D736CBD2B
48.197567,-28.14483,0,F1430977-52AF-4F46-BF92-0A8D736CBD2B
47.867344,-28.43505,0,F1430977-52AF-4F46-BF92-0A8D736CBD2B
47.62262,-28.594751,2,F1430977-52AF-4F46-BF92-0A8D736CBD2B
23.869745,-46.761448,2,F1430977-52AF-4F46-BF92-0A8D736CBD2B
23.737198,-46.777885,2,F1430977-52AF-4F46-BF92-0A8D736CBD2B
-34.726704,-39.155865,2,F1430977-52AF-4F46-BF92-0A8D736CBD2B
-34.752724,-39.273678,2,F1430977-52AF-4F46-BF92-0A8D736CBD2B
-47.91831,-10.837532,2,F1430977-52AF-4F46-BF92-0A8D736CBD2B
-47.899033,-10.798284,2,F1430977-52AF-4F46-BF92-0A8D736CBD2B
-46.932625,-9.388901,2,F1430977-52AF-4F46-BF92-0A8D736CBD2B
-46.842083,-9.26877,0,F1430977-52AF-4F46-BF92-0A8D736CBD2B
-22.105705,9.931498,0,F1430977-52AF-4F46-BF92-0A8D736CBD2B
-74.68776,10.489572,0,F1430977-52AF-4F46-BF92-0A8D736CBD2B
-75.950615,5.9784875,2,F1430977-52AF-4F46-BF92-0A8D736CBD2B
-75.67773,5.9541965,2,F1430977-52AF-4F46-BF92-0A8D736CBD2B
-81.71199,6.561678,2,F1430977-52AF-4F46-BF92-0A8D736CBD2B
-15.131076,-30.375729,0,F752B62E-E95F-A65D-4CB2-8B0252E15F08
-15.076174,-30.093214,1,F752B62E-E95F-A65D-4CB2-8B0252E15F08
-14.619395,-29.680775,2,F752B62E-E95F-A65D-4CB2-8B0252E15F08
35.388313,14.260955,2,F752B62E-E95F-A65D-4CB2-8B0252E15F08
36.062027,14.355197,2,F752B62E-E95F-A65D-4CB2-8B0252E15F08
36.651394,14.502983,2,F752B62E-E95F-A65D-4CB2-8B0252E15F08
37.187195,14.605502,2,F752B62E-E95F-A65D-4CB2-8B0252E15F08
33.20804,16.35755,2,F752B62E-E95F-A65D-4CB2-8B0252E15F08
32.73951,16.482231,2,F752B62E-E95F-A65D-4CB2-8B0252E15F08
24.214304,15.921674,2,F752B62E-E95F-A65D-4CB2-8B0252E15F08
24.182133,15.904042,2,F752B62E-E95F-A65D-4CB2-8B0252E15F08
-38.1094,-16.303308,2,F752B62E-E95F-A65D-4CB2-8B0252E15F08
14.017621,38.672085,2,F752B62E-E95F-A65D-4CB2-8B0252E15F08
-26.494432,-46.33458,0,F752B62E-E95F-A65D-4CB2-8B0252E15F08
-82.41225,12.468716,0,F752B62E-E95F-A65D-4CB2-8B0252E15F08
-82.335014,14.209915,0,F752B62E-E95F-A65D-4CB2-8B0252E15F08
-80.41961,10.868161,1,F752B62E-E95F-A65D-4CB2-8B0252E15F08
-79.80544,10.543726,1,F752B62E-E95F-A65D-4CB2-8B0252E15F08
-5.492491,-39.62403,1,F752B62E-E95F-A65D-4CB2-8B0252E15F08
36.241203,16.414364,1,F752B62E-E95F-A65D-4CB2-8B0252E15F08
82.16015,8.022169,1,F752B62E-E95F-A65D-4CB2-8B0252E15F08
81.81516,8.302739,2,F752B62E-E95F-A65D-4CB2-8B0252E15F08
81.23841,8.830698,2,F752B62E-E95F-A65D-4CB2-8B0252E15F08
81.20217,8.867203,2,F752B62E-E95F-A65D-4CB2-8B0252E15F08
56.89787,10.3391,2,F752B62E-E95F-A65D-4CB2-8B0252E15F08
56.861454,10.410247,2,F752B62E-E95F-A65D-4CB2-8B0252E15F08
25.283363,-12.482166,2,F752B62E-E95F-A65D-4CB2-8B0252E15F08
25.14086,-12.4850445,1,F752B62E-E95F-A65D-4CB2-8B0252E15F08
-11.258428,-27.633757,0,F752B62E-E95F-A65D-4CB2-8B0252E15F08
-45.406086,-8.942915,0,F752B62E-E95F-A65D-4CB2-8B0252E15F08
-80.14984,14.980127,0,F752B62E-E95F-A65D-4CB2-8B0252E15F08
-80.72166,15.125751,0,F752B62E-E95F-A65D-4CB2-8B0252E15F08
-79.95165,14.02313,0,F752B62E-E95F-A65D-4CB2-8B0252E15F08
-77.19325,10.110602,0,F752B62E-E95F-A65D-4CB2-8B0252E15F08
-76.36463,9.827295,1,F752B62E-E95F-A65D-4CB2-8B0252E15F08
-50.503292,11.512803,1,F752B62E-E95F-A65D-4CB2-8B0252E15F08
-6.786744,-4.0373898,2,FB3409F8-2ADE-757A-A1A5-DC1BBBD1131A
-6.7749805,-4.081481,2,FB3409F8-2ADE-757A-A1A5-DC1BBBD1131A
-0.51176775,-55.11437,0,FB3409F8-2ADE-757A-A1A5-DC1BBBD1131A
26.578257,-39.965977,0,FB3409F8-2ADE-757A-A1A5-DC1BBBD1131A
26.363058,-40.22193,0,FB3409F8-2ADE-757A-A1A5-DC1BBBD1131A
26.288746,-40.276325,0,FB3409F8-2ADE-757A-A1A5-DC1BBBD1131A
-44.5427,28.928865,1,FB3409F8-2ADE-757A-A1A5-DC1BBBD1131A
-44.64371,28.926323,1,FB3409F8-2ADE-757A-A1A5-DC1BBBD1131A
-39.246265,22.743732,1,FB3409F8-2ADE-757A-A1A5-DC1BBBD1131A
-33.31065,16.776386,1,FB3409F8-2ADE-757A-A1A5-DC1BBBD1131A
-32.84749,16.596958,0,FB3409F8-2ADE-757A-A1A5-DC1BBBD1131A
-32.797413,16.681263,0,FB3409F8-2ADE-757A-A1A5-DC1BBBD1131A
-36.196625,-12.908234,0,FB3409F8-2ADE-757A-A1A5-DC1BBBD1131A
-36.080498,-12.813152,2,FB3409F8-2ADE-757A-A1A5-DC1BBBD1131A
-34.463436,7.401001,2,FB3409F8-2ADE-757A-A1A5-DC1BBBD1131A
-35.33174,6.8056674,2,FB3409F8-2ADE-757A-A1A5-DC1BBBD1131A
-35.436592,6.7029824,2,FB3409F8-2ADE-757A-A1A5-DC1BBBD1131A
-43.856445,34.69857,2,FB3409F8-2ADE-757A-A1A5-DC1BBBD1131A
1.7859128,-36.997734,1,FB70D507-2F2A-0F83-3B53-75EB8452F5E0
-23.300764,-10.7337675,1,FB70D507-2F2A-0F83-3B53-75EB8452F5E0
-22.946728,-10.204397,1,FB70D507-2F2A-0F83-3B53-75EB8452F5E0
-22.84205,-10.266149,1,FB70D507-2F2A-0F83-3B53-75EB8452F5E0
-22.117453,-10.230694,1,FB70D507-2F2A-0F83-3B53-75EB8452F5E0
-26.81767,4.8946595,1,FB70D507-2F2A-0F83-3B53-75EB8452F5E0
-11.060472,38.813206,2,FB70D507-2F2A-0F83-3B53-75EB8452F5E0
-55.247517,26.78071,2,FB70D507-2F2A-0F83-3B53-75EB8452F5E0
-37.09907,17.466831,2,FB70D507-2F2A-0F83-3B53-75EB8452F5E0
-0.3034354,-39.027813,1,FB70D507-2F2A-0F83-3B53-75EB8452F5E0
0.23815158,-39.19045,1,FB70D507-2F2A-0F83-3B53-75EB8452F5E0
0.36038354,-39.21433,1,FB70D507-2F2A-0F83-3B53-75EB8452F5E0
-40.94334,-32.996704,1,FB70D507-2F2A-0F83-3B53-75EB8452F5E0
-41.06211,-32.500553,1,FB70D507-2F2A-0F83-3B53-75EB8452F5E0
-41.57578,-32.249474,1,FB70D507-2F2A-0F83-3B53-75EB8452F5E0
-38.928284,-32.056015,1,FB70D507-2F2A-0F83-3B53-75EB8452F5E0
-39.054043,-32.31691,1,FB70D507-2F2A-0F83-3B53-75EB8452F5E0
-38.99586,-32.387577,1,FB70D507-2F2A-0F83-3B53-75EB8452F5E0
39.292458,18.239607,1,FB70D507-2F2A-0F83-3B53-75EB8452F5E0
39.483006,18.229534,1,FB70D507-2F2A-0F83-3B53-75EB8452F5E0
40.421173,18.481503,2,FB70D507-2F2A-0F83-3B53-75EB8452F5E0
-8.656114,25.151901,2,FC50071B-D2BA-C98B-AC6E-7339010D56DA
-8.609177,25.45363,2,FC50071B-D2BA-C98B-AC6E-7339010D56DA
-8.501841,25.533606,2,FC50071B-D2BA-C98B-AC6E-7339010D56DA
-8.219684,24.000662,2,FC50071B-D2BA-C98B-AC6E-7339010D56DA
-9.040395,24.266909,2,FC50071B-D2BA-C98B-AC6E-7339010D56DA
-38.620747,5.277096,2,FC50071B-D2BA-C98B-AC6E-7339010D56DA
8.250305,-8.426363,2,FC50071B-D2BA-C98B-AC6E-7339010D56DA
8.241468,-7.775073,2,FC50071B-D2BA-C98B-AC6E-7339010D56DA
8.278828,-7.406892,0,FC50071B-D2BA-C98B-AC6E-7339010D56DA
2.585221,12.917182,0,FC50071B-D2BA-C98B-AC6E-7339010D56DA
2.3821082,12.983344,0,FC50071B-D2BA-C98B-AC6E-7339010D56DA
-10.345495,39.740322,2,FC50071B-D2BA-C98B-AC6E-7339010D56DA
-25.439577,5.791162,2,FC50071B-D2BA-C98B-AC6E-7339010D56DA
-25.434895,5.8331695,2,FC50071B-D2BA-C98B-AC6E-7339010D56DA
2.7140691,-49.562412,2,FC50071B-D2BA-C98B-AC6E-7339010D56DA
2.2761662,-49.9019,2,FC50071B-D2BA-C98B-AC6E-7339010D56DA
2.1766555,-49.97175,2,FC50071B-D2BA-C98B-AC6E-7339010D56DA
-56.688564,-21.435167,1,FC50071B-D2BA-C98B-AC6E-7339010D56DA
-25.809046,21.890045,0,FC50071B-D2BA-C98B-AC6E-7339010D56DA
-25.307056,21.876595,0,FC50071B-D2BA-C98B-AC6E-7339010D56DA
16.878185,8.107635,1,FC50071B-D2BA-C98B-AC6E-7339010D56DA
16.852484,8.033221,1,FC50071B-D2BA-C98B-AC6E-7339010D56DA
17.98225,6.9211583,1,FC50071B-D2BA-C98B-AC6E-7339010D56DA
29.476894,-25.81437,1,FC50071B-D2BA-C98B-AC6E-7339010D56DA
-16.931171,-38.612076,1,FC66D29E-8CD8-AE29-A071-33549272C1EE
-16.903318,-38.604153,1,FC66D29E-8CD8-AE29-A071-33549272C1EE
-16.159178,-38.751926,1,FC66D29E-8CD8-AE29-A071-33549272C1EE
21.731699,-45.39658,1,FC66D29E-8CD8-AE29-A071-33549272C1EE
21.826355,-45.03075,1,FC66D29E-8CD8-AE29-A071-33549272C1EE
21.91004,-44.745525,1,FC66D29E-8CD8-AE29-A071-33549272C1EE
-28.743076,-26.855711,1,FC66D29E-8CD8-AE29-A071-33549272C1EE
-28.707577,-26.859232,1,FC66D29E-8CD8-AE29-A071-33549272C1EE
0.76033986,-19.941368,1,FC66D29E-8CD8-AE29-A071-33549272C1EE
0.2207666,-20.211477,1,FC66D29E-8CD8-AE29-A071-33549272C1EE
0.1575766,-20.261189,1,FC66D29E-8CD8-AE29-A071-33549272C1EE
49.08348,-17.932562,1,FC66D29E-8CD8-AE29-A071-33549272C1EE
-54.537918,37.41403,2,FC66D29E-8CD8-AE29-A071-33549272C1EE
-48.532127,40.45044,2,FC66D29E-8CD8-AE29-A071-33549272C1EE
-5.7990184,3.605713,2,FC66D29E-8CD8-AE29-A071-33549272C1EE
32.923283,23.798473,0,FC66D29E-8CD8-AE29-A071-33549272C1EE
-5.1353006,2.749181,0,FC66D29E-8CD8-AE29-A071-33549272C1EE
-4.956391,2.559481,0,FC66D29E-8CD8-AE29-A071-33549272C1EE
-51.832848,-21.356028,0,FC66D29E-8CD8-AE29-A071-33549272C1EE
-56.411125,11.451352,2,FC66D29E-8CD8-AE29-A071-33549272C1EE
-57.79691,37.08189,0,FC66D29E-8CD8-AE29-A071-33549272C1EE
-48.969822,39.882935,0,FC66D29E-8CD8-AE29-A071-33549272C1EE
-48.90923,38.023888,0,FC66D29E-8CD8-AE29-A071-33549272C1EE
-38.034477,8.239259,0,FC66D29E-8CD8-AE29-A071-33549272C1EE
-28.775024,24.57091,2,FFAB0F54-EFF2-FA1A-1892-F9D8ED3C9B31
-61.50505,27.682121,0,FFAB0F54-EFF2-FA1A-1892-F9D8ED3C9B31
-49.13828,16.172493,0,FFAB0F54-EFF2-FA1A-1892-F9D8ED3C9B31
-48.523224,15.718656,0,FFAB0F54-EFF2-FA1A-1892-F9D8ED3C9B31
-48.37494,15.662831,2,FFAB0F54-EFF2-FA1A-1892-F9D8ED3C9B31
-49.09632,14.636341,2,FFAB0F54-EFF2-FA1A-1892-F9D8ED3C9B31
-48.959427,14.8653,2,FFAB0F54-EFF2-FA1A-1892-F9D8ED3C9B31
-9.440162,38.34335,0,FFAB0F54-EFF2-FA1A-1892-F9D8ED3C9B31
-43.165413,3.9600017,0,FFAB0F54-EFF2-FA1A-1892-F9D8ED3C9B31
-43.04792,3.934961,0,FFAB0F54-EFF2-FA1A-1892-F9D8ED3C9B31
-10.167939,-6.978455,2,FFAB0F54-EFF2-FA1A-1892-F9D8ED3C9B31
-10.12521,-6.998496,2,FFAB0F54-EFF2-FA1A-1892-F9D8ED3C9B31
-3.6598592,-35.74481,0,FFAB0F54-EFF2-FA1A-1892-F9D8ED3C9B31
-3.6407123,-35.74542,2,FFAB0F54-EFF2-FA1A-1892-F9D8ED3C9B31
35.82,-1.5778209,2,FFAB0F54-EFF2-FA1A-1892-F9D8ED3C9B31
18.112068,-29.832293,2,FFAB0F54-EFF2-FA1A-1892-F9D8ED3C9B31
18.520678,-30.517902,2,FFAB0F54-EFF2-FA1A-1892-F9D8ED3C9B31
18.537184,-30.598846,2,FFAB0F54-EFF2-FA1A-1892-F9D8ED3C9B31
-21.292963,-19.886578,2,FFAB0F54-EFF2-FA1A-1892-F9D8ED3C9B31
-1.7466507,-23.673716,0,FFAB0F54-EFF2-FA1A-1892-F9D8ED3C9B31
-1.7870678,-23.193638,0,FFAB0F54-EFF2-FA1A-1892-F9D8ED3C9B31
-2.5327678,-21.902536,0,FFAB0F54-EFF2-FA1A-1892-F9D8ED3C9B31
-2.3653383,-21.401737,0,FFAB0F54-EFF2-FA1A-1892-F9D8ED3C9B31
-2.2731965,-21.186497,0,FFAB0F54-EFF2-FA1A-1892-F9D8ED3C9B31
