tsne_x,tsne_y,label_mood,player_id
-38.744663,35.86541,0,018B0D8D-B5EC-09D6-90ED-550058EBFEAF
-39.009693,35.39678,0,018B0D8D-B5EC-09D6-90ED-550058EBFEAF
-39.082924,35.082676,0,018B0D8D-B5EC-09D6-90ED-550058EBFEAF
-39.350384,34.649815,2,018B0D8D-B5EC-09D6-90ED-550058EBFEAF
-58.98592,16.942577,2,018B0D8D-B5EC-09D6-90ED-550058EBFEAF
-58.726368,17.092754,2,018B0D8D-B5EC-09D6-90ED-550058EBFEAF
53.528862,25.798626,2,018B0D8D-B5EC-09D6-90ED-550058EBFEAF
53.196785,26.000584,0,018B0D8D-B5EC-09D6-90ED-550058EBFEAF
52.485058,26.458479,0,018B0D8D-B5EC-09D6-90ED-550058EBFEAF
51.64953,27.257053,0,018B0D8D-B5EC-09D6-90ED-550058EBFEAF
51.209457,27.597757,0,018B0D8D-B5EC-09D6-90ED-550058EBFEAF
50.770325,27.903488,0,018B0D8D-B5EC-09D6-90ED-550058EBFEAF
7.4612126,-26.776606,2,018B0D8D-B5EC-09D6-90ED-550058EBFEAF
7.71292,-27.312988,2,018B0D8D-B5EC-09D6-90ED-550058EBFEAF
7.950717,-27.79938,2,018B0D8D-B5EC-09D6-90ED-550058EBFEAF
8.175452,-28.503876,2,018B0D8D-B5EC-09D6-90ED-550058EBFEAF
10.215789,-29.509851,0,018B0D8D-B5EC-09D6-90ED-550058EBFEAF
10.271365,-29.534906,0,018B0D8D-B5EC-09D6-90ED-550058EBFEAF
-37.73995,-41.64255,2,018B0D8D-B5EC-09D6-90ED-550058EBFEAF
-38.1342,-41.72151,2,018B0D8D-B5EC-09D6-90ED-550058EBFEAF
-38.45749,-41.977406,2,018B0D8D-B5EC-09D6-90ED-550058EBFEAF
-38.583496,-42.337543,2,018B0D8D-B5EC-09D6-90ED-550058EBFEAF
-39.28113,-43.940166,2,018B0D8D-B5EC-09D6-90ED-550058EBFEAF
-39.329754,-44.056942,2,018B0D8D-B5EC-09D6-90ED-550058EBFEAF
-54.13047,20.49138,2,06F9F8CE-9696-23CA-25B5-000AA4A793BA
-23.879093,-35.421364,2,06F9F8CE-9696-23CA-25B5-000AA4A793BA
-23.93001,-36.303246,2,06F9F8CE-9696-23CA-25B5-000AA4A793BA
-24.07097,-36.79093,2,06F9F8CE-9696-23CA-25B5-000AA4A793BA
-24.012074,-37.348297,2,06F9F8CE-9696-23CA-25B5-000AA4A793BA
-23.96643,-37.712696,2,06F9F8CE-9696-23CA-25B5-000AA4A793BA
-40.728714,-14.100288,0,06F9F8CE-9696-23CA-25B5-000AA4A793BA
-41.124138,-13.247036,2,06F9F8CE-9696-23CA-25B5-000AA4A793BA
-41.37468,-13.062112,2,06F9F8CE-9696-23CA-25B5-000AA4A793BA
-41.411312,-13.433581,2,06F9F8CE-9696-23CA-25B5-000AA4A793BA
16.819763,-41.133255,2,06F9F8CE-9696-23CA-25B5-000AA4A793BA
16.891428,-41.141968,2,06F9F8CE-9696-23CA-25B5-000AA4A793BA
59.281055,-30.874483,1,06F9F8CE-9696-23CA-25B5-000AA4A793BA
54.607136,-33.152225,1,06F9F8CE-9696-23CA-25B5-000AA4A793BA
14.442941,-56.888626,1,06F9F8CE-9696-23CA-25B5-000AA4A793BA
14.184494,-57.231262,2,06F9F8CE-9696-23CA-25B5-000AA4A793BA
14.027098,-57.4548,2,06F9F8CE-9696-23CA-25B5-000AA4A793BA
-4.7467694,-41.13681,2,06F9F8CE-9696-23CA-25B5-000AA4A793BA
-4.3182845,-41.064247,2,06F9F8CE-9696-23CA-25B5-000AA4A793BA
-3.2686417,-41.001606,2,06F9F8CE-9696-23CA-25B5-000AA4A793BA
-2.901081,-41.015232,2,06F9F8CE-9696-23CA-25B5-000AA4A793BA
-2.4730663,-41.09483,2,06F9F8CE-9696-23CA-25B5-000AA4A793BA
-1.942669,-41.20908,1,06F9F8CE-9696-23CA-25B5-000AA4A793BA
8.493607,-66.71672,1,06F9F8CE-9696-23CA-25B5-000AA4A793BA
-24.382578,-61.487087,1,06F9F8CE-9696-23CA-25B5-000AA4A793BA
-24.491459,-61.516697,1,06F9F8CE-9696-23CA-25B5-000AA4A793BA
-25.142075,-61.64303,2,06F9F8CE-9696-23CA-25B5-000AA4A793BA
-26.053673,-62.05837,0,06F9F8CE-9696-23CA-25B5-000AA4A793BA
-26.770359,-62.360954,0,06F9F8CE-9696-23CA-25B5-000AA4A793BA
-27.588158,-62.70294,0,06F9F8CE-9696-23CA-25B5-000AA4A793BA
-11.7092285,-12.109133,2,09FCECC4-F94E-ED69-5E9B-3223B590A149
-11.679648,-11.37469,2,09FCECC4-F94E-ED69-5E9B-3223B590A149
-11.746835,-11.322684,2,09FCECC4-F94E-ED69-5E9B-3223B590A149
-12.557082,-11.443142,2,09FCECC4-F94E-ED69-5E9B-3223B590A149
-19.975859,-41.74869,2,09FCECC4-F94E-ED69-5E9B-3223B590A149
-19.47401,-41.960094,2,09FCECC4-F94E-ED69-5E9B-3223B590A149
-18.42396,-42.284554,2,09FCECC4-F94E-ED69-5E9B-3223B590A149
-18.044374,-42.425213,2,09FCECC4-F94E-ED69-5E9B-3223B590A149
-17.738071,-42.06878,2,09FCECC4-F94E-ED69-5E9B-3223B590A149
-17.274107,-41.25124,0,09FCECC4-F94E-ED69-5E9B-3223B590A149
-16.92346,-40.52582,0,09FCECC4-F94E-ED69-5E9B-3223B590A149
29.790945,-15.844246,0,09FCECC4-F94E-ED69-5E9B-3223B590A149
52.277565,-34.06105,1,09FCECC4-F94E-ED69-5E9B-3223B590A149
52.093266,-33.764214,1,09FCECC4-F94E-ED69-5E9B-3223B590A149
-22.699759,-50.747486,1,09FCECC4-F94E-ED69-5E9B-3223B590A149
-22.182203,-50.49264,1,09FCECC4-F94E-ED69-5E9B-3223B590A149
-21.605402,-49.982357,1,09FCECC4-F94E-ED69-5E9B-3223B590A149
-21.398571,-49.81219,1,09FCECC4-F94E-ED69-5E9B-3223B590A149
11.208891,38.311066,1,09FCECC4-F94E-ED69-5E9B-3223B590A149
11.316685,38.473278,1,09FCECC4-F94E-ED69-5E9B-3223B590A149
11.601435,38.99059,1,09FCECC4-F94E-ED69-5E9B-3223B590A149
-11.984748,41.314796,1,09FCECC4-F94E-ED69-5E9B-3223B590A149
-12.7946,40.83913,1,09FCECC4-F94E-ED69-5E9B-3223B590A149
-13.138978,40.695194,1,09FCECC4-F94E-ED69-5E9B-3223B590A149
-13.722726,40.44571,1,09FCECC4-F94E-ED69-5E9B-3223B590A149
-14.315956,39.993645,1,09FCECC4-F94E-ED69-5E9B-3223B590A149
-14.585528,39.684464,1,09FCECC4-F94E-ED69-5E9B-3223B590A149
22.683102,26.015877,1,09FCECC4-F94E-ED69-5E9B-3223B590A149
22.916348,25.707127,1,09FCECC4-F94E-ED69-5E9B-3223B590A149
23.03045,25.565437,1,09FCECC4-F94E-ED69-5E9B-3223B590A149
-0.031266693,-19.645952,1,09FCECC4-F94E-ED69-5E9B-3223B590A149
0.18307507,-19.586489,1,09FCECC4-F94E-ED69-5E9B-3223B590A149
0.8839045,-19.456823,1,09FCECC4-F94E-ED69-5E9B-3223B590A149
1.8118691,-27.54513,1,09FCECC4-F94E-ED69-5E9B-3223B590A149
1.9545853,-27.684992,1,09FCECC4-F94E-ED69-5E9B-3223B590A149
2.944473,-28.196669,1,09FCECC4-F94E-ED69-5E9B-3223B590A149
21.626888,33.389416,1,0A221ADF-C99E-307E-7B65-92EF9DABA6C4
21.655802,33.367878,2,0A221ADF-C99E-307E-7B65-92EF9DABA6C4
-56.229767,36.453835,2,0A221ADF-C99E-307E-7B65-92EF9DABA6C4
-56.28587,36.113785,2,0A221ADF-C99E-307E-7B65-92EF9DABA6C4
-56.363373,35.85062,2,0A221ADF-C99E-307E-7B65-92EF9DABA6C4
-56.287724,35.338505,2,0A221ADF-C99E-307E-7B65-92EF9DABA6C4
22.555937,35.699642,2,0A221ADF-C99E-307E-7B65-92EF9DABA6C4
23.178045,35.896053,2,0A221ADF-C99E-307E-7B65-92EF9DABA6C4
23.463064,36.5791,2,0A221ADF-C99E-307E-7B65-92EF9DABA6C4
23.750004,36.76336,2,0A221ADF-C99E-307E-7B65-92EF9DABA6C4
24.781836,37.024822,2,0A221ADF-C99E-307E-7B65-92EF9DABA6C4
24.932974,37.072823,0,0A221ADF-C99E-307E-7B65-92EF9DABA6C4
32.80752,41.52299,0,0A221ADF-C99E-307E-7B65-92EF9DABA6C4
32.812218,40.933025,0,0A221ADF-C99E-307E-7B65-92EF9DABA6C4
32.7886,40.732594,0,0A221ADF-C99E-307E-7B65-92EF9DABA6C4
-3.75091,-13.571966,1,0A221ADF-C99E-307E-7B65-92EF9DABA6C4
-3.8550992,-13.283358,2,0A221ADF-C99E-307E-7B65-92EF9DABA6C4
-4.099022,-12.754996,2,0A221ADF-C99E-307E-7B65-92EF9DABA6C4
1.8979987,-10.872487,0,0A221ADF-C99E-307E-7B65-92EF9DABA6C4
0.4064328,-10.733605,0,0A221ADF-C99E-307E-7B65-92EF9DABA6C4
0.6748534,-11.44192,0,0A221ADF-C99E-307E-7B65-92EF9DABA6C4
0.6527773,-12.085358,2,0A221ADF-C99E-307E-7B65-92EF9DABA6C4
0.47711697,-12.69256,0,0A221ADF-C99E-307E-7B65-92EF9DABA6C4
0.45431632,-12.980717,0,0A221ADF-C99E-307E-7B65-92EF9DABA6C4
-50.096607,8.839496,2,0A76B59A-F1FF-F3F5-A3CA-2386FA8EF308
-50.065598,8.787179,2,0A76B59A-F1FF-F3F5-A3CA-2386FA8EF308
-47.8471,7.4651713,2,0A76B59A-F1FF-F3F5-A3CA-2386FA8EF308
-47.661728,7.348132,2,0A76B59A-F1FF-F3F5-A3CA-2386FA8EF308
-46.996372,6.992158,2,0A76B59A-F1FF-F3F5-A3CA-2386FA8EF308
-46.09112,6.510103,2,0A76B59A-F1FF-F3F5-A3CA-2386FA8EF308
-20.46739,-35.008587,2,0A76B59A-F1FF-F3F5-A3CA-2386FA8EF308
-20.479755,-35.004227,2,0A76B59A-F1FF-F3F5-A3CA-2386FA8EF308
17.49106,-22.056181,0,0A76B59A-F1FF-F3F5-A3CA-2386FA8EF308
17.744335,-21.87719,0,0A76B59A-F1FF-F3F5-A3CA-2386FA8EF308
21.549227,-8.268917,0,0A76B59A-F1FF-F3F5-A3CA-2386FA8EF308
21.450512,-7.6777854,1,0A76B59A-F1FF-F3F5-A3CA-2386FA8EF308
-9.595996,-23.192686,2,0A76B59A-F1FF-F3F5-A3CA-2386FA8EF308
-9.590509,-23.157187,2,0A76B59A-F1FF-F3F5-A3CA-2386FA8EF308
21.621405,-31.975687,2,0A76B59A-F1FF-F3F5-A3CA-2386FA8EF308
22.019691,-32.16245,0,0A76B59A-F1FF-F3F5-A3CA-2386FA8EF308
33.51854,-7.033641,0,0A76B59A-F1FF-F3F5-A3CA-2386FA8EF308
21.644327,52.15052,0,0A76B59A-F1FF-F3F5-A3CA-2386FA8EF308
22.01409,51.642105,0,0A76B59A-F1FF-F3F5-A3CA-2386FA8EF308
22.354458,51.168873,0,0A76B59A-F1FF-F3F5-A3CA-2386FA8EF308
22.253443,50.067696,1,0A76B59A-F1FF-F3F5-A3CA-2386FA8EF308
22.208261,49.365692,1,0A76B59A-F1FF-F3F5-A3CA-2386FA8EF308
22.428022,47.450714,1,0A76B59A-F1FF-F3F5-A3CA-2386FA8EF308
22.637863,47.1382,1,0A76B59A-F1FF-F3F5-A3CA-2386FA8EF308
-15.258339,21.265608,2,0AD33010-1AC1-E9FB-2FD4-313E3DF4692D
-15.213958,21.324295,2,0AD33010-1AC1-E9FB-2FD4-313E3DF4692D
-14.86015,22.037844,2,0AD33010-1AC1-E9FB-2FD4-313E3DF4692D
-9.201974,32.346764,2,0AD33010-1AC1-E9FB-2FD4-313E3DF4692D
-9.437589,32.395233,1,0AD33010-1AC1-E9FB-2FD4-313E3DF4692D
-9.7581215,32.29087,2,0AD33010-1AC1-E9FB-2FD4-313E3DF4692D
-56.514683,33.406876,2,0AD33010-1AC1-E9FB-2FD4-313E3DF4692D
-59.219925,14.744372,2,0AD33010-1AC1-E9FB-2FD4-313E3DF4692D
-5.411757,31.138844,2,0AD33010-1AC1-E9FB-2FD4-313E3DF4692D
-5.391995,31.008461,2,0AD33010-1AC1-E9FB-2FD4-313E3DF4692D
-5.1325054,30.551603,2,0AD33010-1AC1-E9FB-2FD4-313E3DF4692D
-4.863481,30.152023,2,0AD33010-1AC1-E9FB-2FD4-313E3DF4692D
34.647713,-39.181023,1,0AD33010-1AC1-E9FB-2FD4-313E3DF4692D
34.641315,-39.240376,1,0AD33010-1AC1-E9FB-2FD4-313E3DF4692D
34.517517,-41.45827,1,0AD33010-1AC1-E9FB-2FD4-313E3DF4692D
34.41335,-42.319515,1,0AD33010-1AC1-E9FB-2FD4-313E3DF4692D
34.54583,-43.271698,0,0AD33010-1AC1-E9FB-2FD4-313E3DF4692D
34.448044,-43.606575,0,0AD33010-1AC1-E9FB-2FD4-313E3DF4692D
34.164017,-43.635002,0,0AD33010-1AC1-E9FB-2FD4-313E3DF4692D
33.564354,-43.508633,0,0AD33010-1AC1-E9FB-2FD4-313E3DF4692D
38.694206,-41.143867,0,0AD33010-1AC1-E9FB-2FD4-313E3DF4692D
38.859573,-41.046314,0,0AD33010-1AC1-E9FB-2FD4-313E3DF4692D
39.80023,-40.386517,1,0AD33010-1AC1-E9FB-2FD4-313E3DF4692D
40.08046,-40.158882,1,0AD33010-1AC1-E9FB-2FD4-313E3DF4692D
48.857124,-12.427723,1,0AD33010-1AC1-E9FB-2FD4-313E3DF4692D
48.521942,-11.793434,1,0AD33010-1AC1-E9FB-2FD4-313E3DF4692D
48.400303,-11.336857,1,0AD33010-1AC1-E9FB-2FD4-313E3DF4692D
66.12211,-20.968151,1,0AD33010-1AC1-E9FB-2FD4-313E3DF4692D
65.60698,-21.460535,1,0AD33010-1AC1-E9FB-2FD4-313E3DF4692D
65.449684,-21.67607,1,0AD33010-1AC1-E9FB-2FD4-313E3DF4692D
11.077931,-5.3483944,0,0B5863F1-A482-C95D-EA42-9183B5BDFA12
11.424897,-4.6641903,0,0B5863F1-A482-C95D-EA42-9183B5BDFA12
11.817667,-4.4424415,2,0B5863F1-A482-C95D-EA42-9183B5BDFA12
12.286129,-3.946204,2,0B5863F1-A482-C95D-EA42-9183B5BDFA12
12.624353,-3.5991886,2,0B5863F1-A482-C95D-EA42-9183B5BDFA12
12.647021,-2.8872697,0,0B5863F1-A482-C95D-EA42-9183B5BDFA12
-10.572633,-30.877598,2,0B5863F1-A482-C95D-EA42-9183B5BDFA12
-10.498523,-30.86168,2,0B5863F1-A482-C95D-EA42-9183B5BDFA12
-9.596422,-30.705048,2,0B5863F1-A482-C95D-EA42-9183B5BDFA12
-8.547072,-30.683903,2,0B5863F1-A482-C95D-EA42-9183B5BDFA12
-8.114435,-30.683723,2,0B5863F1-A482-C95D-EA42-9183B5BDFA12
-7.062606,-30.81278,2,0B5863F1-A482-C95D-EA42-9183B5BDFA12
28.767378,-9.853411,0,0B5863F1-A482-C95D-EA42-9183B5BDFA12
28.633385,-9.382052,0,0B5863F1-A482-C95D-EA42-9183B5BDFA12
28.603762,-8.98338,0,0B5863F1-A482-C95D-EA42-9183B5BDFA12
28.783829,-8.071551,0,0B5863F1-A482-C95D-EA42-9183B5BDFA12
29.165678,-6.295699,0,0B5863F1-A482-C95D-EA42-9183B5BDFA12
29.281385,-6.1536527,0,0B5863F1-A482-C95D-EA42-9183B5BDFA12
-2.9512074,2.056393,0,0B5863F1-A482-C95D-EA42-9183B5BDFA12
32.441444,50.392963,0,0B5863F1-A482-C95D-EA42-9183B5BDFA12
31.586151,50.152435,0,0B5863F1-A482-C95D-EA42-9183B5BDFA12
31.135893,49.69357,0,0B5863F1-A482-C95D-EA42-9183B5BDFA12
30.95161,49.416557,0,0B5863F1-A482-C95D-EA42-9183B5BDFA12
32.203663,37.14977,0,0B5863F1-A482-C95D-EA42-9183B5BDFA12
-4.28142,0.7635957,2,0D759376-3F10-1BEB-7205-E91B8BF17984
-3.8353415,1.2655807,2,0D759376-3F10-1BEB-7205-E91B8BF17984
27.935852,49.09511,2,0D759376-3F10-1BEB-7205-E91B8BF17984
27.280247,48.593533,2,0D759376-3F10-1BEB-7205-E91B8BF17984
26.639425,47.88349,1,0D759376-3F10-1BEB-7205-E91B8BF17984
26.223618,47.37664,1,0D759376-3F10-1BEB-7205-E91B8BF17984
-31.078333,3.0730197,2,0F3B2D98-51FE-5265-3746-A0763DE31C98
-30.319609,2.5090506,2,0F3B2D98-51FE-5265-3746-A0763DE31C98
-29.82895,2.152516,2,0F3B2D98-51FE-5265-3746-A0763DE31C98
-29.338612,1.7943127,2,0F3B2D98-51FE-5265-3746-A0763DE31C98
-29.104229,1.6822654,2,0F3B2D98-51FE-5265-3746-A0763DE31C98
-28.565676,1.2667503,2,0F3B2D98-51FE-5265-3746-A0763DE31C98
-33.140247,-14.122166,2,0F3B2D98-51FE-5265-3746-A0763DE31C98
-33.141846,-14.123297,2,0F3B2D98-51FE-5265-3746-A0763DE31C98
-33.472458,-13.426272,2,0F3B2D98-51FE-5265-3746-A0763DE31C98
-33.8342,-12.803377,0,0F3B2D98-51FE-5265-3746-A0763DE31C98
-34.17417,-12.141106,0,0F3B2D98-51FE-5265-3746-A0763DE31C98
-34.366543,-11.750782,0,0F3B2D98-51FE-5265-3746-A0763DE31C98
22.347662,-13.183162,2,0F3B2D98-51FE-5265-3746-A0763DE31C98
22.24223,-13.216567,2,0F3B2D98-51FE-5265-3746-A0763DE31C98
22.103003,-13.72027,2,0F3B2D98-51FE-5265-3746-A0763DE31C98
21.933628,-14.777041,1,0F3B2D98-51FE-5265-3746-A0763DE31C98
-68.81361,-1.7457548,1,0F3B2D98-51FE-5265-3746-A0763DE31C98
-68.83224,-1.7116619,2,0F3B2D98-51FE-5265-3746-A0763DE31C98
-42.935402,-51.582047,2,0F3B2D98-51FE-5265-3746-A0763DE31C98
-42.80031,-51.27925,2,0F3B2D98-51FE-5265-3746-A0763DE31C98
-42.594273,-50.79617,2,0F3B2D98-51FE-5265-3746-A0763DE31C98
-42.318314,-50.168827,1,0F3B2D98-51FE-5265-3746-A0763DE31C98
-30.18055,-35.378845,1,0F3B2D98-51FE-5265-3746-A0763DE31C98
-30.170116,-35.36665,1,0F3B2D98-51FE-5265-3746-A0763DE31C98
34.02167,54.507214,0,10FFF83C-FD48-DCA7-E554-491C3C1E3EC6
33.818176,54.454494,0,10FFF83C-FD48-DCA7-E554-491C3C1E3EC6
31.895182,53.180965,2,10FFF83C-FD48-DCA7-E554-491C3C1E3EC6
18.561869,32.7779,2,10FFF83C-FD48-DCA7-E554-491C3C1E3EC6
18.264885,32.42647,2,10FFF83C-FD48-DCA7-E554-491C3C1E3EC6
17.9373,32.16037,2,10FFF83C-FD48-DCA7-E554-491C3C1E3EC6
17.11011,31.665407,2,10FFF83C-FD48-DCA7-E554-491C3C1E3EC6
-13.875496,27.251457,2,10FFF83C-FD48-DCA7-E554-491C3C1E3EC6
-13.821967,27.169897,2,10FFF83C-FD48-DCA7-E554-491C3C1E3EC6
-14.015724,26.967852,2,10FFF83C-FD48-DCA7-E554-491C3C1E3EC6
-15.418811,25.889874,2,10FFF83C-FD48-DCA7-E554-491C3C1E3EC6
-15.577593,25.781733,2,10FFF83C-FD48-DCA7-E554-491C3C1E3EC6
23.39173,-28.573267,0,10FFF83C-FD48-DCA7-E554-491C3C1E3EC6
24.119734,-28.021378,0,10FFF83C-FD48-DCA7-E554-491C3C1E3EC6
24.314125,-27.910402,0,10FFF83C-FD48-DCA7-E554-491C3C1E3EC6
25.929846,-27.891655,0,10FFF83C-FD48-DCA7-E554-491C3C1E3EC6
26.078201,-27.310146,0,10FFF83C-FD48-DCA7-E554-491C3C1E3EC6
26.117678,-26.999851,0,10FFF83C-FD48-DCA7-E554-491C3C1E3EC6
47.367443,-4.5755515,0,10FFF83C-FD48-DCA7-E554-491C3C1E3EC6
47.629215,-4.3904657,0,10FFF83C-FD48-DCA7-E554-491C3C1E3EC6
48.136856,-4.274527,0,10FFF83C-FD48-DCA7-E554-491C3C1E3EC6
63.583664,-30.562737,0,10FFF83C-FD48-DCA7-E554-491C3C1E3EC6
63.11894,-30.553179,0,10FFF83C-FD48-DCA7-E554-491C3C1E3EC6
62.73287,-30.513454,0,10FFF83C-FD48-DCA7-E554-491C3C1E3EC6
-3.3915386,-47.91916,2,10FFF83C-FD48-DCA7-E554-491C3C1E3EC6
-3.4138737,-48.993126,2,10FFF83C-FD48-DCA7-E554-491C3C1E3EC6
-3.4090042,-49.82036,2,10FFF83C-FD48-DCA7-E554-491C3C1E3EC6
-3.5544143,-51.045387,2,10FFF83C-FD48-DCA7-E554-491C3C1E3EC6
-3.5419197,-51.271877,2,10FFF83C-FD48-DCA7-E554-491C3C1E3EC6
-3.4806786,-51.55936,2,10FFF83C-FD48-DCA7-E554-491C3C1E3EC6
-14.076292,-5.9771223,2,165B40B2-D9B2-DBC0-AE48-02C0F49A609F
-14.038076,-5.9410076,2,165B40B2-D9B2-DBC0-AE48-02C0F49A609F
-13.936518,-5.5059266,2,165B40B2-D9B2-DBC0-AE48-02C0F49A609F
26.201962,34.645115,2,165B40B2-D9B2-DBC0-AE48-02C0F49A609F
27.196121,34.194046,0,165B40B2-D9B2-DBC0-AE48-02C0F49A609F
26.512304,34.17096,0,165B40B2-D9B2-DBC0-AE48-02C0F49A609F
56.6242,3.8872228,2,165B40B2-D9B2-DBC0-AE48-02C0F49A609F
56.700615,4.3933215,1,165B40B2-D9B2-DBC0-AE48-02C0F49A609F
56.73795,4.994587,1,165B40B2-D9B2-DBC0-AE48-02C0F49A609F
56.820755,5.4612584,1,165B40B2-D9B2-DBC0-AE48-02C0F49A609F
68.16232,-22.890865,1,165B40B2-D9B2-DBC0-AE48-02C0F49A609F
68.294655,-22.920908,1,165B40B2-D9B2-DBC0-AE48-02C0F49A609F
-50.04829,-51.950233,2,165B40B2-D9B2-DBC0-AE48-02C0F49A609F
-50.48491,-52.649807,2,165B40B2-D9B2-DBC0-AE48-02C0F49A609F
-50.720943,-52.999016,2,165B40B2-D9B2-DBC0-AE48-02C0F49A609F
-51.268536,-53.625057,2,165B40B2-D9B2-DBC0-AE48-02C0F49A609F
-51.73077,-54.15467,2,165B40B2-D9B2-DBC0-AE48-02C0F49A609F
-51.88652,-54.3107,2,165B40B2-D9B2-DBC0-AE48-02C0F49A609F
-46.400726,-40.039146,2,172A62AD-9B69-33E2-1551-9526879D80AC
-46.33879,-40.01842,2,172A62AD-9B69-33E2-1551-9526879D80AC
-44.04896,-39.42875,2,172A62AD-9B69-33E2-1551-9526879D80AC
-43.599537,-39.254635,2,172A62AD-9B69-33E2-1551-9526879D80AC
-43.41723,-39.009342,2,172A62AD-9B69-33E2-1551-9526879D80AC
-42.4342,-38.031822,2,172A62AD-9B69-33E2-1551-9526879D80AC
-41.99193,-37.57595,2,172A62AD-9B69-33E2-1551-9526879D80AC
-41.26787,-36.634098,2,172A62AD-9B69-33E2-1551-9526879D80AC
-40.82191,-36.08336,2,172A62AD-9B69-33E2-1551-9526879D80AC
-40.33853,-36.050064,2,172A62AD-9B69-33E2-1551-9526879D80AC
-39.517715,-36.32578,2,172A62AD-9B69-33E2-1551-9526879D80AC
-13.869577,-37.164673,2,172A62AD-9B69-33E2-1551-9526879D80AC
-36.74774,-45.2835,2,172A62AD-9B69-33E2-1551-9526879D80AC
-37.063786,-45.434093,2,172A62AD-9B69-33E2-1551-9526879D80AC
-37.217537,-46.884262,2,172A62AD-9B69-33E2-1551-9526879D80AC
-37.23324,-47.124977,2,172A62AD-9B69-33E2-1551-9526879D80AC
-37.6047,-47.852745,2,172A62AD-9B69-33E2-1551-9526879D80AC
-37.707672,-48.333313,2,172A62AD-9B69-33E2-1551-9526879D80AC
-1.505027,-59.363415,2,172A62AD-9B69-33E2-1551-9526879D80AC
-1.4982586,-59.362343,1,172A62AD-9B69-33E2-1551-9526879D80AC
-69.19807,15.316471,2,1AE03BA6-E346-DEB8-4865-276ECC5CD9B1
-68.91005,15.312303,2,1AE03BA6-E346-DEB8-4865-276ECC5CD9B1
-68.719,15.376812,2,1AE03BA6-E346-DEB8-4865-276ECC5CD9B1
-64.13879,15.979138,2,1AE03BA6-E346-DEB8-4865-276ECC5CD9B1
-64.345055,15.750106,2,1AE03BA6-E346-DEB8-4865-276ECC5CD9B1
-64.634895,14.906778,2,1AE03BA6-E346-DEB8-4865-276ECC5CD9B1
-65.15145,15.806704,1,1AE03BA6-E346-DEB8-4865-276ECC5CD9B1
-21.142956,58.66118,1,1AE03BA6-E346-DEB8-4865-276ECC5CD9B1
-20.60048,59.0612,1,1AE03BA6-E346-DEB8-4865-276ECC5CD9B1
-20.002634,59.353523,0,1AE03BA6-E346-DEB8-4865-276ECC5CD9B1
-19.558434,59.607162,0,1AE03BA6-E346-DEB8-4865-276ECC5CD9B1
-18.804878,60.08381,0,1AE03BA6-E346-DEB8-4865-276ECC5CD9B1
-25.933788,-36.775856,0,1AE03BA6-E346-DEB8-4865-276ECC5CD9B1
34.88827,2.3738117,0,1AE03BA6-E346-DEB8-4865-276ECC5CD9B1
34.916916,2.3918962,0,1AE03BA6-E346-DEB8-4865-276ECC5CD9B1
60.725906,-1.9469687,0,1AE03BA6-E346-DEB8-4865-276ECC5CD9B1
60.6017,-1.6564641,0,1AE03BA6-E346-DEB8-4865-276ECC5CD9B1
60.49422,-1.1226305,0,1AE03BA6-E346-DEB8-4865-276ECC5CD9B1
42.156105,33.093407,1,1AE03BA6-E346-DEB8-4865-276ECC5CD9B1
41.8252,33.03066,1,1AE03BA6-E346-DEB8-4865-276ECC5CD9B1
41.467094,32.95154,1,1AE03BA6-E346-DEB8-4865-276ECC5CD9B1
39.740467,32.62288,1,1AE03BA6-E346-DEB8-4865-276ECC5CD9B1
4.9528303,-3.5111918,2,1AE03BA6-E346-DEB8-4865-276ECC5CD9B1
4.969596,-3.5319686,2,1AE03BA6-E346-DEB8-4865-276ECC5CD9B1
3.7368252,-60.560608,2,1AE03BA6-E346-DEB8-4865-276ECC5CD9B1
3.7313392,-60.555916,2,1AE03BA6-E346-DEB8-4865-276ECC5CD9B1
27.37984,-34.396816,2,1AE03BA6-E346-DEB8-4865-276ECC5CD9B1
27.495646,-34.36044,0,1AE03BA6-E346-DEB8-4865-276ECC5CD9B1
29.27349,-33.75852,0,1AE03BA6-E346-DEB8-4865-276ECC5CD9B1
29.383566,-33.72492,0,1AE03BA6-E346-DEB8-4865-276ECC5CD9B1
60.747227,4.5027685,0,1AE03BA6-E346-DEB8-4865-276ECC5CD9B1
60.849236,4.7686863,0,1AE03BA6-E346-DEB8-4865-276ECC5CD9B1
60.95992,5.833865,0,1AE03BA6-E346-DEB8-4865-276ECC5CD9B1
60.898064,6.406817,0,1AE03BA6-E346-DEB8-4865-276ECC5CD9B1
60.857323,6.8993645,0,1AE03BA6-E346-DEB8-4865-276ECC5CD9B1
61.00306,7.790623,0,1AE03BA6-E346-DEB8-4865-276ECC5CD9B1
1.9852647,-30.29777,2,1F6A56CA-9C73-442F-2682-BB69E4B03AB2
2.4132104,-31.075464,2,1F6A56CA-9C73-442F-2682-BB69E4B03AB2
2.578336,-31.256645,2,1F6A56CA-9C73-442F-2682-BB69E4B03AB2
2.408599,-31.647257,2,1F6A56CA-9C73-442F-2682-BB69E4B03AB2
20.350035,6.6164603,2,1F6A56CA-9C73-442F-2682-BB69E4B03AB2
20.356066,6.6259804,2,1F6A56CA-9C73-442F-2682-BB69E4B03AB2
-58.638325,40.35722,2,1FA97947-2FB7-D626-8CD3-2426BEEE97D1
-58.73392,40.22941,2,1FA97947-2FB7-D626-8CD3-2426BEEE97D1
-60.02321,39.399307,2,1FA97947-2FB7-D626-8CD3-2426BEEE97D1
-60.82559,39.27273,2,1FA97947-2FB7-D626-8CD3-2426BEEE97D1
-60.62921,39.03391,2,1FA97947-2FB7-D626-8CD3-2426BEEE97D1
-59.713673,38.669853,2,1FA97947-2FB7-D626-8CD3-2426BEEE97D1
27.556053,54.79576,2,1FA97947-2FB7-D626-8CD3-2426BEEE97D1
26.521568,53.95178,2,1FA97947-2FB7-D626-8CD3-2426BEEE97D1
26.279842,53.4317,2,1FA97947-2FB7-D626-8CD3-2426BEEE97D1
26.022688,52.854294,2,1FA97947-2FB7-D626-8CD3-2426BEEE97D1
13.033993,44.412563,2,1FA97947-2FB7-D626-8CD3-2426BEEE97D1
30.723867,34.245434,1,1FA97947-2FB7-D626-8CD3-2426BEEE97D1
30.920908,34.037666,1,1FA97947-2FB7-D626-8CD3-2426BEEE97D1
31.387457,33.35057,2,1FA97947-2FB7-D626-8CD3-2426BEEE97D1
37.0655,15.523975,2,1FA97947-2FB7-D626-8CD3-2426BEEE97D1
37.143387,15.394324,2,1FA97947-2FB7-D626-8CD3-2426BEEE97D1
4.4300237,-38.584568,2,1FA97947-2FB7-D626-8CD3-2426BEEE97D1
4.4241877,-38.616623,2,1FA97947-2FB7-D626-8CD3-2426BEEE97D1
-27.191692,-56.795883,1,1FA97947-2FB7-D626-8CD3-2426BEEE97D1
-27.15888,-56.73143,1,1FA97947-2FB7-D626-8CD3-2426BEEE97D1
-25.429468,-54.29999,1,1FA97947-2FB7-D626-8CD3-2426BEEE97D1
-25.52256,-54.05572,1,1FA97947-2FB7-D626-8CD3-2426BEEE97D1
-26.208576,-52.997887,1,1FA97947-2FB7-D626-8CD3-2426BEEE97D1
-26.210884,-52.943176,1,1FA97947-2FB7-D626-8CD3-2426BEEE97D1
11.999207,56.312508,0,243FE25F-E451-21F6-7EFA-F9DACC7D31CA
11.837585,56.066498,0,243FE25F-E451-21F6-7EFA-F9DACC7D31CA
11.398149,55.56819,0,243FE25F-E451-21F6-7EFA-F9DACC7D31CA
11.126719,55.111614,0,243FE25F-E451-21F6-7EFA-F9DACC7D31CA
11.59859,54.477512,0,243FE25F-E451-21F6-7EFA-F9DACC7D31CA
11.8114805,54.570236,0,243FE25F-E451-21F6-7EFA-F9DACC7D31CA
-22.6744,-13.396679,0,243FE25F-E451-21F6-7EFA-F9DACC7D31CA
-22.263508,-13.346232,0,243FE25F-E451-21F6-7EFA-F9DACC7D31CA
-21.87719,-13.288161,0,243FE25F-E451-21F6-7EFA-F9DACC7D31CA
-21.021729,-13.027056,0,243FE25F-E451-21F6-7EFA-F9DACC7D31CA
-20.191322,-12.794547,0,243FE25F-E451-21F6-7EFA-F9DACC7D31CA
-19.969566,-12.751882,0,243FE25F-E451-21F6-7EFA-F9DACC7D31CA
-2.2936447,25.055908,2,243FE25F-E451-21F6-7EFA-F9DACC7D31CA
-2.2639728,25.34355,2,243FE25F-E451-21F6-7EFA-F9DACC7D31CA
-2.217958,25.825365,2,243FE25F-E451-21F6-7EFA-F9DACC7D31CA
-2.1836348,26.467701,2,243FE25F-E451-21F6-7EFA-F9DACC7D31CA
-32.836887,48.6311,2,243FE25F-E451-21F6-7EFA-F9DACC7D31CA
-32.917835,48.659546,2,243FE25F-E451-21F6-7EFA-F9DACC7D31CA
-21.297094,-0.53903055,0,243FE25F-E451-21F6-7EFA-F9DACC7D31CA
-21.164953,-0.8811144,0,243FE25F-E451-21F6-7EFA-F9DACC7D31CA
-20.81016,-1.7038916,0,243FE25F-E451-21F6-7EFA-F9DACC7D31CA
8.88574,-21.612913,0,243FE25F-E451-21F6-7EFA-F9DACC7D31CA
9.324191,-21.680744,0,243FE25F-E451-21F6-7EFA-F9DACC7D31CA
10.244799,-21.77706,2,243FE25F-E451-21F6-7EFA-F9DACC7D31CA
10.889002,-21.821207,2,243FE25F-E451-21F6-7EFA-F9DACC7D31CA
13.052867,-21.822502,2,243FE25F-E451-21F6-7EFA-F9DACC7D31CA
12.745338,-22.230806,2,243FE25F-E451-21F6-7EFA-F9DACC7D31CA
12.609126,-22.553793,2,243FE25F-E451-21F6-7EFA-F9DACC7D31CA
-57.06775,-18.422567,2,243FE25F-E451-21F6-7EFA-F9DACC7D31CA
-57.04777,-18.4233,2,243FE25F-E451-21F6-7EFA-F9DACC7D31CA
3.871325,47.975964,0,2656C6B4-988A-A958-5107-5422027AEE1D
4.060087,47.980026,0,2656C6B4-988A-A958-5107-5422027AEE1D
4.4249797,47.99571,0,2656C6B4-988A-A958-5107-5422027AEE1D
5.9486675,48.337883,0,2656C6B4-988A-A958-5107-5422027AEE1D
6.7206626,48.66378,0,2656C6B4-988A-A958-5107-5422027AEE1D
6.891304,48.793816,0,2656C6B4-988A-A958-5107-5422027AEE1D
-39.27156,9.487976,2,2656C6B4-988A-A958-5107-5422027AEE1D
-38.840515,9.206277,2,2656C6B4-988A-A958-5107-5422027AEE1D
-38.34727,8.917196,0,2656C6B4-988A-A958-5107-5422027AEE1D
12.5839815,10.509641,0,2656C6B4-988A-A958-5107-5422027AEE1D
12.373599,10.410065,0,2656C6B4-988A-A958-5107-5422027AEE1D
11.415375,9.999765,0,2656C6B4-988A-A958-5107-5422027AEE1D
10.767161,9.601989,0,2656C6B4-988A-A958-5107-5422027AEE1D
-19.531687,-30.184149,0,2656C6B4-988A-A958-5107-5422027AEE1D
-19.804293,-30.83218,2,2656C6B4-988A-A958-5107-5422027AEE1D
-20.16402,-31.180983,2,2656C6B4-988A-A958-5107-5422027AEE1D
-20.751963,-31.515806,2,2656C6B4-988A-A958-5107-5422027AEE1D
-21.255295,-31.753187,2,2656C6B4-988A-A958-5107-5422027AEE1D
32.823135,-19.62697,0,2656C6B4-988A-A958-5107-5422027AEE1D
33.038914,-19.560623,0,2656C6B4-988A-A958-5107-5422027AEE1D
34.018574,-19.269619,0,2656C6B4-988A-A958-5107-5422027AEE1D
34.864346,-19.143616,0,2656C6B4-988A-A958-5107-5422027AEE1D
35.11303,-18.953081,0,2656C6B4-988A-A958-5107-5422027AEE1D
35.822773,-18.585875,0,2656C6B4-988A-A958-5107-5422027AEE1D
-6.3771563,-34.719734,2,27C12E79-B4DD-AA48-E99E-552C6BAEBA6F
-5.95148,-35.343575,2,27C12E79-B4DD-AA48-E99E-552C6BAEBA6F
-5.5552664,-35.845245,2,27C12E79-B4DD-AA48-E99E-552C6BAEBA6F
-5.2175727,-36.217915,2,27C12E79-B4DD-AA48-E99E-552C6BAEBA6F
-4.909204,-36.52087,2,27C12E79-B4DD-AA48-E99E-552C6BAEBA6F
-3.722855,-36.040333,0,27C12E79-B4DD-AA48-E99E-552C6BAEBA6F
42.819798,-34.18722,2,27C12E79-B4DD-AA48-E99E-552C6BAEBA6F
42.444115,-34.250137,2,27C12E79-B4DD-AA48-E99E-552C6BAEBA6F
41.731915,-34.113976,2,27C12E79-B4DD-AA48-E99E-552C6BAEBA6F
41.56697,-34.90751,2,27C12E79-B4DD-AA48-E99E-552C6BAEBA6F
41.7387,-35.45498,2,27C12E79-B4DD-AA48-E99E-552C6BAEBA6F
41.830276,-35.6916,0,27C12E79-B4DD-AA48-E99E-552C6BAEBA6F
3.8493254,-43.935375,2,27C12E79-B4DD-AA48-E99E-552C6BAEBA6F
47.33408,-45.280376,2,27C12E79-B4DD-AA48-E99E-552C6BAEBA6F
47.35531,-45.310402,2,27C12E79-B4DD-AA48-E99E-552C6BAEBA6F
47.581112,-44.846806,2,27C12E79-B4DD-AA48-E99E-552C6BAEBA6F
48.43778,-43.172897,1,27C12E79-B4DD-AA48-E99E-552C6BAEBA6F
48.44819,-43.142174,2,27C12E79-B4DD-AA48-E99E-552C6BAEBA6F
40.933258,-46.571804,2,27C12E79-B4DD-AA48-E99E-552C6BAEBA6F
40.973892,-46.697437,2,27C12E79-B4DD-AA48-E99E-552C6BAEBA6F
40.18446,-47.169758,2,27C12E79-B4DD-AA48-E99E-552C6BAEBA6F
39.75069,-47.552006,2,27C12E79-B4DD-AA48-E99E-552C6BAEBA6F
38.86103,-47.101025,1,27C12E79-B4DD-AA48-E99E-552C6BAEBA6F
38.478317,-46.98261,1,27C12E79-B4DD-AA48-E99E-552C6BAEBA6F
-27.523796,-7.2952266,2,2C636222-CB43-AB6F-444A-7278047991C7
-27.447088,-7.295566,2,2C636222-CB43-AB6F-444A-7278047991C7
-27.02369,-7.040464,2,2C636222-CB43-AB6F-444A-7278047991C7
-26.110546,-6.277099,2,2C636222-CB43-AB6F-444A-7278047991C7
6.609005,23.51885,2,2C636222-CB43-AB6F-444A-7278047991C7
6.9974823,23.53509,0,2C636222-CB43-AB6F-444A-7278047991C7
-49.617897,-43.005795,0,2C636222-CB43-AB6F-444A-7278047991C7
-50.489647,-43.50807,0,2C636222-CB43-AB6F-444A-7278047991C7
-51.13465,-43.94365,0,2C636222-CB43-AB6F-444A-7278047991C7
-51.46617,-44.069866,2,2C636222-CB43-AB6F-444A-7278047991C7
-51.533638,-44.255947,2,2C636222-CB43-AB6F-444A-7278047991C7
-52.12799,-44.65599,2,2C636222-CB43-AB6F-444A-7278047991C7
-42.510498,16.829458,2,35FEE4B0-EF25-110F-8D86-5410FA57646B
-42.67931,16.960377,2,35FEE4B0-EF25-110F-8D86-5410FA57646B
-43.580257,18.11507,2,35FEE4B0-EF25-110F-8D86-5410FA57646B
-43.816948,19.000383,2,35FEE4B0-EF25-110F-8D86-5410FA57646B
-43.82943,18.942207,2,35FEE4B0-EF25-110F-8D86-5410FA57646B
12.756843,28.55953,2,35FEE4B0-EF25-110F-8D86-5410FA57646B
-53.74135,21.29833,2,35FEE4B0-EF25-110F-8D86-5410FA57646B
16.877743,10.518652,2,35FEE4B0-EF25-110F-8D86-5410FA57646B
17.154112,10.860682,2,35FEE4B0-EF25-110F-8D86-5410FA57646B
17.450731,11.356395,2,35FEE4B0-EF25-110F-8D86-5410FA57646B
11.226671,30.882154,0,35FEE4B0-EF25-110F-8D86-5410FA57646B
11.15902,31.374897,0,35FEE4B0-EF25-110F-8D86-5410FA57646B
-36.824074,45.132076,0,35FEE4B0-EF25-110F-8D86-5410FA57646B
-37.112896,44.584618,2,35FEE4B0-EF25-110F-8D86-5410FA57646B
-36.512325,44.44665,2,35FEE4B0-EF25-110F-8D86-5410FA57646B
-35.715466,44.047142,2,35FEE4B0-EF25-110F-8D86-5410FA57646B
-35.32153,43.954346,2,35FEE4B0-EF25-110F-8D86-5410FA57646B
-34.92736,43.833237,2,35FEE4B0-EF25-110F-8D86-5410FA57646B
10.364117,-15.358939,1,35FEE4B0-EF25-110F-8D86-5410FA57646B
10.79972,-14.508263,1,35FEE4B0-EF25-110F-8D86-5410FA57646B
11.215104,-13.937159,1,35FEE4B0-EF25-110F-8D86-5410FA57646B
11.550294,-13.322383,1,35FEE4B0-EF25-110F-8D86-5410FA57646B
12.029662,-12.205997,1,35FEE4B0-EF25-110F-8D86-5410FA57646B
11.765119,-10.882606,1,35FEE4B0-EF25-110F-8D86-5410FA57646B
11.625881,-10.658535,1,35FEE4B0-EF25-110F-8D86-5410FA57646B
-62.55315,-16.232302,1,35FEE4B0-EF25-110F-8D86-5410FA57646B
-62.408825,-16.771715,1,35FEE4B0-EF25-110F-8D86-5410FA57646B
-62.978848,-23.419197,1,35FEE4B0-EF25-110F-8D86-5410FA57646B
-63.853615,-23.553654,1,35FEE4B0-EF25-110F-8D86-5410FA57646B
-63.98657,-23.577217,1,35FEE4B0-EF25-110F-8D86-5410FA57646B
27.668188,42.248802,1,35FEE4B0-EF25-110F-8D86-5410FA57646B
27.514338,42.347206,1,35FEE4B0-EF25-110F-8D86-5410FA57646B
26.636356,42.904808,1,35FEE4B0-EF25-110F-8D86-5410FA57646B
25.106508,43.63227,1,35FEE4B0-EF25-110F-8D86-5410FA57646B
24.885296,43.440495,1,35FEE4B0-EF25-110F-8D86-5410FA57646B
24.708866,43.306522,1,35FEE4B0-EF25-110F-8D86-5410FA57646B
-42.313442,29.12171,2,37249306-1597-DC6D-3544-6FEDBBF8B848
-41.72977,28.327066,2,37249306-1597-DC6D-3544-6FEDBBF8B848
-41.47712,28.142601,2,37249306-1597-DC6D-3544-6FEDBBF8B848
-41.0907,28.081709,2,37249306-1597-DC6D-3544-6FEDBBF8B848
-39.972115,27.911926,0,37249306-1597-DC6D-3544-6FEDBBF8B848
-24.832666,22.221947,0,37249306-1597-DC6D-3544-6FEDBBF8B848
-22.789474,13.293114,2,37249306-1597-DC6D-3544-6FEDBBF8B848
-22.867956,13.291849,0,37249306-1597-DC6D-3544-6FEDBBF8B848
-13.858679,29.931677,0,37249306-1597-DC6D-3544-6FEDBBF8B848
-16.045807,30.5877,0,37249306-1597-DC6D-3544-6FEDBBF8B848
-16.532509,30.93969,0,37249306-1597-DC6D-3544-6FEDBBF8B848
-16.889982,31.070688,0,37249306-1597-DC6D-3544-6FEDBBF8B848
43.982967,2.4196634,1,37249306-1597-DC6D-3544-6FEDBBF8B848
44.384563,2.449693,0,37249306-1597-DC6D-3544-6FEDBBF8B848
44.75525,2.5907788,0,37249306-1597-DC6D-3544-6FEDBBF8B848
45.86927,3.0001018,0,37249306-1597-DC6D-3544-6FEDBBF8B848
48.23838,2.9498882,0,37249306-1597-DC6D-3544-6FEDBBF8B848
48.392574,2.9962742,0,37249306-1597-DC6D-3544-6FEDBBF8B848
-61.168434,-6.496787,2,37249306-1597-DC6D-3544-6FEDBBF8B848
-61.174854,-6.5035305,2,37249306-1597-DC6D-3544-6FEDBBF8B848
34.4943,-52.11595,2,37249306-1597-DC6D-3544-6FEDBBF8B848
34.45327,-52.153614,0,37249306-1597-DC6D-3544-6FEDBBF8B848
35.39017,-51.169067,0,37249306-1597-DC6D-3544-6FEDBBF8B848
35.7342,-50.78818,0,37249306-1597-DC6D-3544-6FEDBBF8B848
14.93208,33.315975,0,37249306-1597-DC6D-3544-6FEDBBF8B848
48.485268,37.92805,1,37249306-1597-DC6D-3544-6FEDBBF8B848
48.5246,37.896694,0,37249306-1597-DC6D-3544-6FEDBBF8B848
47.444176,38.103355,0,37249306-1597-DC6D-3544-6FEDBBF8B848
47.05617,38.2834,0,37249306-1597-DC6D-3544-6FEDBBF8B848
46.760418,38.42915,0,37249306-1597-DC6D-3544-6FEDBBF8B848
13.4655285,35.93463,1,3C54E0F5-9C12-3137-9EC1-39645770F53A
-35.26072,17.477217,1,3C54E0F5-9C12-3137-9EC1-39645770F53A
-35.242836,17.365934,1,3C54E0F5-9C12-3137-9EC1-39645770F53A
-51.94959,-1.6877396,1,3C54E0F5-9C12-3137-9EC1-39645770F53A
-52.112823,-1.6473358,1,3C54E0F5-9C12-3137-9EC1-39645770F53A
-52.469543,-1.5713371,1,3C54E0F5-9C12-3137-9EC1-39645770F53A
-1.3511331,38.848434,1,3C54E0F5-9C12-3137-9EC1-39645770F53A
-1.0315334,38.74914,1,3C54E0F5-9C12-3137-9EC1-39645770F53A
-0.2244078,38.310448,1,3C54E0F5-9C12-3137-9EC1-39645770F53A
1.1791422,38.101234,1,3C54E0F5-9C12-3137-9EC1-39645770F53A
1.573914,38.039127,1,3C54E0F5-9C12-3137-9EC1-39645770F53A
2.2758381,37.976173,1,3C54E0F5-9C12-3137-9EC1-39645770F53A
64.05748,-33.78834,1,3C54E0F5-9C12-3137-9EC1-39645770F53A
63.55115,-33.610382,1,3C54E0F5-9C12-3137-9EC1-39645770F53A
63.075554,-33.365417,1,3C54E0F5-9C12-3137-9EC1-39645770F53A
62.330856,-32.95891,1,3C54E0F5-9C12-3137-9EC1-39645770F53A
61.708363,-32.38576,1,3C54E0F5-9C12-3137-9EC1-39645770F53A
60.751076,-31.655563,2,3C54E0F5-9C12-3137-9EC1-39645770F53A
-28.360126,-40.14588,2,3FC0B5B3-AC42-BF96-D8EE-10E81EAAACF6
-28.16063,-39.997528,2,3FC0B5B3-AC42-BF96-D8EE-10E81EAAACF6
-27.65881,-39.61967,2,3FC0B5B3-AC42-BF96-D8EE-10E81EAAACF6
-27.193972,-38.93871,1,3FC0B5B3-AC42-BF96-D8EE-10E81EAAACF6
42.105118,-7.4395633,1,3FC0B5B3-AC42-BF96-D8EE-10E81EAAACF6
42.8874,-7.5279512,1,3FC0B5B3-AC42-BF96-D8EE-10E81EAAACF6
-17.516386,-54.769337,2,3FC0B5B3-AC42-BF96-D8EE-10E81EAAACF6
-17.077892,-55.10252,2,3FC0B5B3-AC42-BF96-D8EE-10E81EAAACF6
-16.174604,-55.66537,2,3FC0B5B3-AC42-BF96-D8EE-10E81EAAACF6
-15.915856,-55.86553,2,3FC0B5B3-AC42-BF96-D8EE-10E81EAAACF6
-15.538396,-56.07424,2,3FC0B5B3-AC42-BF96-D8EE-10E81EAAACF6
-14.115402,-57.300957,2,3FC0B5B3-AC42-BF96-D8EE-10E81EAAACF6
-13.772726,-57.75966,2,3FC0B5B3-AC42-BF96-D8EE-10E81EAAACF6
-9.651512,-71.98209,2,3FC0B5B3-AC42-BF96-D8EE-10E81EAAACF6
-10.254977,-72.00307,2,3FC0B5B3-AC42-BF96-D8EE-10E81EAAACF6
-10.849182,-72.039955,2,3FC0B5B3-AC42-BF96-D8EE-10E81EAAACF6
-11.259419,-71.9771,2,3FC0B5B3-AC42-BF96-D8EE-10E81EAAACF6
-12.258251,-71.75992,2,3FC0B5B3-AC42-BF96-D8EE-10E81EAAACF6
-12.606429,-71.70434,2,3FC0B5B3-AC42-BF96-D8EE-10E81EAAACF6
-13.705562,-71.52618,2,3FC0B5B3-AC42-BF96-D8EE-10E81EAAACF6
-16.343948,-70.91459,2,3FC0B5B3-AC42-BF96-D8EE-10E81EAAACF6
-16.81081,-70.85033,2,3FC0B5B3-AC42-BF96-D8EE-10E81EAAACF6
-17.425816,-70.76897,2,3FC0B5B3-AC42-BF96-D8EE-10E81EAAACF6
-17.789804,-70.75264,2,3FC0B5B3-AC42-BF96-D8EE-10E81EAAACF6
7.9112306,-7.1452465,0,4690C2DC-C0B5-6C1B-880A-D31C46C8A565
7.580751,-7.329543,0,4690C2DC-C0B5-6C1B-880A-D31C46C8A565
7.1331315,-7.3656673,0,4690C2DC-C0B5-6C1B-880A-D31C46C8A565
6.902911,-7.822705,2,4690C2DC-C0B5-6C1B-880A-D31C46C8A565
6.8268795,-8.311068,2,4690C2DC-C0B5-6C1B-880A-D31C46C8A565
-17.745108,-31.200178,2,4690C2DC-C0B5-6C1B-880A-D31C46C8A565
26.698427,-16.585321,0,4690C2DC-C0B5-6C1B-880A-D31C46C8A565
26.890942,-16.757137,0,4690C2DC-C0B5-6C1B-880A-D31C46C8A565
27.821905,-17.627193,0,4690C2DC-C0B5-6C1B-880A-D31C46C8A565
28.195597,-19.43894,0,4690C2DC-C0B5-6C1B-880A-D31C46C8A565
28.457155,-19.931503,0,4690C2DC-C0B5-6C1B-880A-D31C46C8A565
28.599968,-20.221205,0,4690C2DC-C0B5-6C1B-880A-D31C46C8A565
-34.12095,-54.33465,2,4690C2DC-C0B5-6C1B-880A-D31C46C8A565
-34.817413,-54.468258,2,4690C2DC-C0B5-6C1B-880A-D31C46C8A565
-35.308544,-54.330246,2,4690C2DC-C0B5-6C1B-880A-D31C46C8A565
-35.442146,-54.327305,2,4690C2DC-C0B5-6C1B-880A-D31C46C8A565
-36.679363,-53.964226,2,4690C2DC-C0B5-6C1B-880A-D31C46C8A565
-37.2847,-53.800945,2,4690C2DC-C0B5-6C1B-880A-D31C46C8A565
35.175224,36.1571,0,4690C2DC-C0B5-6C1B-880A-D31C46C8A565
35.060226,36.113697,0,4690C2DC-C0B5-6C1B-880A-D31C46C8A565
33.362007,35.899937,0,4690C2DC-C0B5-6C1B-880A-D31C46C8A565
33.36965,35.778934,0,4690C2DC-C0B5-6C1B-880A-D31C46C8A565
58.03012,-20.129208,2,4690C2DC-C0B5-6C1B-880A-D31C46C8A565
58.04307,-20.194637,2,4690C2DC-C0B5-6C1B-880A-D31C46C8A565
-57.406944,20.19398,2,46A9A47E-EDE3-2EF4-2F06-E95AF67D57E1
-57.417618,20.186638,2,46A9A47E-EDE3-2EF4-2F06-E95AF67D57E1
-22.434538,7.1602616,2,46A9A47E-EDE3-2EF4-2F06-E95AF67D57E1
-22.217995,6.6626997,2,46A9A47E-EDE3-2EF4-2F06-E95AF67D57E1
-21.807497,5.677022,2,46A9A47E-EDE3-2EF4-2F06-E95AF67D57E1
-21.692137,5.388427,2,46A9A47E-EDE3-2EF4-2F06-E95AF67D57E1
-64.27492,17.753641,2,46A9A47E-EDE3-2EF4-2F06-E95AF67D57E1
-25.203964,18.977276,2,46A9A47E-EDE3-2EF4-2F06-E95AF67D57E1
-64.1489,19.935541,2,46A9A47E-EDE3-2EF4-2F06-E95AF67D57E1
-64.35195,19.591986,0,46A9A47E-EDE3-2EF4-2F06-E95AF67D57E1
-64.85806,19.424948,0,46A9A47E-EDE3-2EF4-2F06-E95AF67D57E1
-65.27403,19.281828,0,46A9A47E-EDE3-2EF4-2F06-E95AF67D57E1
-66.08531,19.024584,0,46A9A47E-EDE3-2EF4-2F06-E95AF67D57E1
-39.763927,32.026245,0,46A9A47E-EDE3-2EF4-2F06-E95AF67D57E1
-40.044933,32.180523,2,46A9A47E-EDE3-2EF4-2F06-E95AF67D57E1
-40.54891,32.40551,2,46A9A47E-EDE3-2EF4-2F06-E95AF67D57E1
-40.98951,32.539303,2,46A9A47E-EDE3-2EF4-2F06-E95AF67D57E1
-42.517056,32.683357,2,46A9A47E-EDE3-2EF4-2F06-E95AF67D57E1
-43.513416,33.068333,0,46A9A47E-EDE3-2EF4-2F06-E95AF67D57E1
-44.6109,33.58665,0,46A9A47E-EDE3-2EF4-2F06-E95AF67D57E1
-45.27408,33.907093,0,46A9A47E-EDE3-2EF4-2F06-E95AF67D57E1
-45.713367,34.194836,0,46A9A47E-EDE3-2EF4-2F06-E95AF67D57E1
-46.122265,34.4553,2,46A9A47E-EDE3-2EF4-2F06-E95AF67D57E1
10.435517,35.469215,2,46A9A47E-EDE3-2EF4-2F06-E95AF67D57E1
24.761497,-0.914269,0,46A9A47E-EDE3-2EF4-2F06-E95AF67D57E1
24.714554,-0.87682104,0,46A9A47E-EDE3-2EF4-2F06-E95AF67D57E1
14.122481,28.547338,2,47494449-E68E-E554-8BB1-ECEEE432E269
14.048847,28.742266,2,47494449-E68E-E554-8BB1-ECEEE432E269
13.7218485,29.467028,2,47494449-E68E-E554-8BB1-ECEEE432E269
-33.044773,23.808409,2,47494449-E68E-E554-8BB1-ECEEE432E269
-33.51784,23.9502,2,47494449-E68E-E554-8BB1-ECEEE432E269
-34.25876,24.143806,2,47494449-E68E-E554-8BB1-ECEEE432E269
40.899975,-10.018495,0,47494449-E68E-E554-8BB1-ECEEE432E269
41.245903,-10.267714,0,47494449-E68E-E554-8BB1-ECEEE432E269
41.67395,-11.442293,0,47494449-E68E-E554-8BB1-ECEEE432E269
41.780537,-11.634228,0,47494449-E68E-E554-8BB1-ECEEE432E269
-20.654972,-38.39679,0,47494449-E68E-E554-8BB1-ECEEE432E269
-20.643887,-38.399612,0,47494449-E68E-E554-8BB1-ECEEE432E269
46.27408,-8.846808,0,47494449-E68E-E554-8BB1-ECEEE432E269
47.8292,22.17416,0,47494449-E68E-E554-8BB1-ECEEE432E269
47.6318,22.641768,0,47494449-E68E-E554-8BB1-ECEEE432E269
47.356277,23.48708,0,47494449-E68E-E554-8BB1-ECEEE432E269
47.126553,24.62142,0,47494449-E68E-E554-8BB1-ECEEE432E269
47.088074,24.93204,0,47494449-E68E-E554-8BB1-ECEEE432E269
-34.24998,15.63165,0,48847236-6E23-6E61-57CD-780C68FAA2C2
-55.56941,-5.5674725,0,48847236-6E23-6E61-57CD-780C68FAA2C2
-55.800884,-5.837028,2,48847236-6E23-6E61-57CD-780C68FAA2C2
-56.14251,-5.970363,2,48847236-6E23-6E61-57CD-780C68FAA2C2
-56.524143,-7.4445524,2,48847236-6E23-6E61-57CD-780C68FAA2C2
-56.622875,-7.5278273,2,48847236-6E23-6E61-57CD-780C68FAA2C2
-57.012295,-8.171568,2,48847236-6E23-6E61-57CD-780C68FAA2C2
-66.33466,-0.27832487,2,48847236-6E23-6E61-57CD-780C68FAA2C2
-66.170364,-0.6099853,2,48847236-6E23-6E61-57CD-780C68FAA2C2
-65.87138,-1.1464673,2,48847236-6E23-6E61-57CD-780C68FAA2C2
-24.281672,-23.373005,2,48847236-6E23-6E61-57CD-780C68FAA2C2
-24.195154,-23.338564,2,48847236-6E23-6E61-57CD-780C68FAA2C2
24.381905,4.145609,0,48847236-6E23-6E61-57CD-780C68FAA2C2
24.426695,4.1450567,0,48847236-6E23-6E61-57CD-780C68FAA2C2
-48.686253,2.0196865,0,48847236-6E23-6E61-57CD-780C68FAA2C2
-48.853256,2.5367813,0,48847236-6E23-6E61-57CD-780C68FAA2C2
-49.054638,3.210596,0,48847236-6E23-6E61-57CD-780C68FAA2C2
-49.16583,3.6433663,0,48847236-6E23-6E61-57CD-780C68FAA2C2
38.002655,35.243343,0,48847236-6E23-6E61-57CD-780C68FAA2C2
38.113255,35.36836,0,48847236-6E23-6E61-57CD-780C68FAA2C2
39.25255,36.656864,0,48847236-6E23-6E61-57CD-780C68FAA2C2
39.330967,36.741478,0,48847236-6E23-6E61-57CD-780C68FAA2C2
39.990185,38.304844,0,48847236-6E23-6E61-57CD-780C68FAA2C2
40.076958,38.54069,0,48847236-6E23-6E61-57CD-780C68FAA2C2
57.610596,-28.629545,0,48847236-6E23-6E61-57CD-780C68FAA2C2
58.212326,-29.17375,0,48847236-6E23-6E61-57CD-780C68FAA2C2
58.441902,-29.86929,0,48847236-6E23-6E61-57CD-780C68FAA2C2
58.290165,-30.521503,0,48847236-6E23-6E61-57CD-780C68FAA2C2
58.54047,-31.541576,0,48847236-6E23-6E61-57CD-780C68FAA2C2
54.590492,-34.54734,2,48847236-6E23-6E61-57CD-780C68FAA2C2
-25.401587,-47.968285,2,48847236-6E23-6E61-57CD-780C68FAA2C2
-25.400263,-47.967873,2,48847236-6E23-6E61-57CD-780C68FAA2C2
-11.347602,62.531883,2,48D32E40-ABB9-E3FB-185C-8A5AA0C44CBF
-11.320569,62.542816,2,48D32E40-ABB9-E3FB-185C-8A5AA0C44CBF
5.622678,60.499596,2,48D32E40-ABB9-E3FB-185C-8A5AA0C44CBF
5.7359643,60.51491,2,48D32E40-ABB9-E3FB-185C-8A5AA0C44CBF
9.8631735,63.007835,2,48D32E40-ABB9-E3FB-185C-8A5AA0C44CBF
6.1302385,57.540413,0,48D32E40-ABB9-E3FB-185C-8A5AA0C44CBF
-29.65791,-31.217552,2,48D32E40-ABB9-E3FB-185C-8A5AA0C44CBF
-29.53516,-31.146358,2,48D32E40-ABB9-E3FB-185C-8A5AA0C44CBF
-28.57101,-28.995573,2,48D32E40-ABB9-E3FB-185C-8A5AA0C44CBF
-28.450596,-28.361103,2,48D32E40-ABB9-E3FB-185C-8A5AA0C44CBF
-28.334208,-27.694443,2,48D32E40-ABB9-E3FB-185C-8A5AA0C44CBF
-28.26066,-27.361355,2,48D32E40-ABB9-E3FB-185C-8A5AA0C44CBF
-53.551373,24.011723,2,4B423110-8A54-A87F-39BB-D68BF033C7FC
1.7018042,30.46825,2,4B423110-8A54-A87F-39BB-D68BF033C7FC
2.211577,30.858042,2,4B423110-8A54-A87F-39BB-D68BF033C7FC
2.4255426,31.041946,2,4B423110-8A54-A87F-39BB-D68BF033C7FC
3.102187,31.520372,2,4B423110-8A54-A87F-39BB-D68BF033C7FC
3.9816372,32.113937,0,4B423110-8A54-A87F-39BB-D68BF033C7FC
53.454224,4.545844,0,4B423110-8A54-A87F-39BB-D68BF033C7FC
52.990887,5.2714915,0,4B423110-8A54-A87F-39BB-D68BF033C7FC
52.61264,5.8344345,1,4B423110-8A54-A87F-39BB-D68BF033C7FC
52.14204,5.9014883,2,4B423110-8A54-A87F-39BB-D68BF033C7FC
51.936104,6.050869,2,4B423110-8A54-A87F-39BB-D68BF033C7FC
51.039696,4.803128,2,4B423110-8A54-A87F-39BB-D68BF033C7FC
50.673923,4.5616684,2,4B423110-8A54-A87F-39BB-D68BF033C7FC
46.222054,-30.403772,2,4B423110-8A54-A87F-39BB-D68BF033C7FC
46.580585,-30.342503,2,4B423110-8A54-A87F-39BB-D68BF033C7FC
47.327274,-30.13455,2,4B423110-8A54-A87F-39BB-D68BF033C7FC
48.179928,-29.891504,2,4B423110-8A54-A87F-39BB-D68BF033C7FC
48.784466,-29.690496,2,4B423110-8A54-A87F-39BB-D68BF033C7FC
6.556104,-50.34015,2,4B423110-8A54-A87F-39BB-D68BF033C7FC
6.6360946,-50.23674,2,4B423110-8A54-A87F-39BB-D68BF033C7FC
7.1403666,-49.73492,2,4B423110-8A54-A87F-39BB-D68BF033C7FC
-16.31389,-38.066307,2,4B423110-8A54-A87F-39BB-D68BF033C7FC
-17.324186,-37.549618,2,4B423110-8A54-A87F-39BB-D68BF033C7FC
-17.285791,-37.56723,2,4B423110-8A54-A87F-39BB-D68BF033C7FC
-28.303148,33.035988,2,4BD5749B-A1D2-E6C9-156F-DF107802D3BE
-28.252338,33.12032,2,4BD5749B-A1D2-E6C9-156F-DF107802D3BE
-26.788265,34.381737,1,4BD5749B-A1D2-E6C9-156F-DF107802D3BE
-26.697327,34.419292,1,4BD5749B-A1D2-E6C9-156F-DF107802D3BE
-23.691624,34.268208,1,4BD5749B-A1D2-E6C9-156F-DF107802D3BE
-23.615168,34.26601,1,4BD5749B-A1D2-E6C9-156F-DF107802D3BE
-23.177366,-41.50942,1,4BD5749B-A1D2-E6C9-156F-DF107802D3BE
-23.33524,-41.512638,1,4BD5749B-A1D2-E6C9-156F-DF107802D3BE
-23.541012,-41.453472,2,4BD5749B-A1D2-E6C9-156F-DF107802D3BE
39.700665,-6.5048943,2,4BD5749B-A1D2-E6C9-156F-DF107802D3BE
39.721592,-5.8221016,2,4BD5749B-A1D2-E6C9-156F-DF107802D3BE
39.551903,-5.1707726,2,4BD5749B-A1D2-E6C9-156F-DF107802D3BE
39.183052,-4.7582707,2,4BD5749B-A1D2-E6C9-156F-DF107802D3BE
37.71182,-3.6301575,2,4BD5749B-A1D2-E6C9-156F-DF107802D3BE
37.012672,-3.225028,2,4BD5749B-A1D2-E6C9-156F-DF107802D3BE
36.543232,-3.15089,2,4BD5749B-A1D2-E6C9-156F-DF107802D3BE
35.53376,-3.2186186,1,4BD5749B-A1D2-E6C9-156F-DF107802D3BE
35.196423,-3.2590494,2,4BD5749B-A1D2-E6C9-156F-DF107802D3BE
5.207894,-43.118618,2,4BD5749B-A1D2-E6C9-156F-DF107802D3BE
5.0909553,-43.176895,2,4BD5749B-A1D2-E6C9-156F-DF107802D3BE
29.41286,-39.32522,2,4BD5749B-A1D2-E6C9-156F-DF107802D3BE
30.207293,-39.014126,2,4BD5749B-A1D2-E6C9-156F-DF107802D3BE
30.732048,-38.79062,2,4BD5749B-A1D2-E6C9-156F-DF107802D3BE
32.64193,-38.725056,2,4BD5749B-A1D2-E6C9-156F-DF107802D3BE
-0.42009658,15.994779,2,4BD5749B-A1D2-E6C9-156F-DF107802D3BE
-0.2544317,15.861626,2,4BD5749B-A1D2-E6C9-156F-DF107802D3BE
0.33351234,15.769913,2,4BD5749B-A1D2-E6C9-156F-DF107802D3BE
1.8544316,15.428587,2,4BD5749B-A1D2-E6C9-156F-DF107802D3BE
2.2006316,15.320485,2,4BD5749B-A1D2-E6C9-156F-DF107802D3BE
2.9278533,15.12185,1,4BD5749B-A1D2-E6C9-156F-DF107802D3BE
-55.123318,-13.151956,2,4BD5749B-A1D2-E6C9-156F-DF107802D3BE
-63.960327,11.018729,2,4BD5749B-A1D2-E6C9-156F-DF107802D3BE
21.914276,-23.752872,0,4BD5749B-A1D2-E6C9-156F-DF107802D3BE
22.033943,-23.71428,0,4BD5749B-A1D2-E6C9-156F-DF107802D3BE
-67.8944,-16.620905,0,4BD5749B-A1D2-E6C9-156F-DF107802D3BE
-67.89363,-16.62224,0,4BD5749B-A1D2-E6C9-156F-DF107802D3BE
-38.81116,24.40509,2,4BFAECAC-0CC2-F9AC-17BB-7343BE737D81
-38.756447,24.519108,2,4BFAECAC-0CC2-F9AC-17BB-7343BE737D81
-38.37469,25.342861,2,4BFAECAC-0CC2-F9AC-17BB-7343BE737D81
-37.65983,25.468859,2,4BFAECAC-0CC2-F9AC-17BB-7343BE737D81
-37.205883,23.323223,2,4BFAECAC-0CC2-F9AC-17BB-7343BE737D81
-37.17796,23.290457,2,4BFAECAC-0CC2-F9AC-17BB-7343BE737D81
-1.439783,-23.464941,2,4BFAECAC-0CC2-F9AC-17BB-7343BE737D81
-0.8490654,-23.297369,2,4BFAECAC-0CC2-F9AC-17BB-7343BE737D81
0.0040908786,-23.308182,2,4BFAECAC-0CC2-F9AC-17BB-7343BE737D81
0.6874844,-23.398829,2,4BFAECAC-0CC2-F9AC-17BB-7343BE737D81
1.274314,-23.532795,2,4BFAECAC-0CC2-F9AC-17BB-7343BE737D81
1.6293461,-23.52946,2,4BFAECAC-0CC2-F9AC-17BB-7343BE737D81
-21.945963,-45.154606,2,4BFAECAC-0CC2-F9AC-17BB-7343BE737D81
-22.125917,-45.094017,2,4BFAECAC-0CC2-F9AC-17BB-7343BE737D81
-22.680815,-44.92212,2,4BFAECAC-0CC2-F9AC-17BB-7343BE737D81
54.075512,-12.857385,2,4BFAECAC-0CC2-F9AC-17BB-7343BE737D81
52.28865,21.010149,2,4BFAECAC-0CC2-F9AC-17BB-7343BE737D81
52.288433,21.031975,2,4BFAECAC-0CC2-F9AC-17BB-7343BE737D81
-62.147564,5.7926116,2,4BFAECAC-0CC2-F9AC-17BB-7343BE737D81
-62.047916,5.570171,2,4BFAECAC-0CC2-F9AC-17BB-7343BE737D81
-61.836735,5.0570884,2,4BFAECAC-0CC2-F9AC-17BB-7343BE737D81
54.417995,-1.9900342,2,4BFAECAC-0CC2-F9AC-17BB-7343BE737D81
54.861195,-2.932894,2,4BFAECAC-0CC2-F9AC-17BB-7343BE737D81
54.915276,-3.1135054,0,4BFAECAC-0CC2-F9AC-17BB-7343BE737D81
59.89759,-28.342426,0,4CAE9D77-C8A8-2EE8-53D0-7C3C6331B2C5
11.165439,-66.20162,0,4CAE9D77-C8A8-2EE8-53D0-7C3C6331B2C5
10.576899,-66.19965,0,4CAE9D77-C8A8-2EE8-53D0-7C3C6331B2C5
9.937767,-66.1874,1,4CAE9D77-C8A8-2EE8-53D0-7C3C6331B2C5
9.390185,-65.82183,1,4CAE9D77-C8A8-2EE8-53D0-7C3C6331B2C5
9.003019,-65.394165,1,4CAE9D77-C8A8-2EE8-53D0-7C3C6331B2C5
-8.034215,-41.322124,2,4CAE9D77-C8A8-2EE8-53D0-7C3C6331B2C5
-7.783399,-40.63259,2,4CAE9D77-C8A8-2EE8-53D0-7C3C6331B2C5
-7.7589655,-40.300957,2,4CAE9D77-C8A8-2EE8-53D0-7C3C6331B2C5
-7.880132,-39.821033,2,4CAE9D77-C8A8-2EE8-53D0-7C3C6331B2C5
-7.48572,-39.364628,2,4CAE9D77-C8A8-2EE8-53D0-7C3C6331B2C5
-7.5211234,-39.180763,2,4CAE9D77-C8A8-2EE8-53D0-7C3C6331B2C5
-11.117668,-1.634399,2,5270C847-54C3-180E-9737-1D87A639C450
-11.212884,-1.4904777,2,5270C847-54C3-180E-9737-1D87A639C450
-52.866432,11.13281,2,5270C847-54C3-180E-9737-1D87A639C450
-53.27844,11.38264,2,5270C847-54C3-180E-9737-1D87A639C450
-53.99549,11.773916,2,5270C847-54C3-180E-9737-1D87A639C450
-54.71778,12.040666,2,5270C847-54C3-180E-9737-1D87A639C450
-27.474298,49.77841,2,5270C847-54C3-180E-9737-1D87A639C450
-27.482801,49.751926,2,5270C847-54C3-180E-9737-1D87A639C450
11.288263,44.26086,2,5270C847-54C3-180E-9737-1D87A639C450
11.345953,43.789436,2,5270C847-54C3-180E-9737-1D87A639C450
11.489362,43.332855,2,5270C847-54C3-180E-9737-1D87A639C450
11.167827,42.5696,2,5270C847-54C3-180E-9737-1D87A639C450
-24.257383,-32.411316,2,5270C847-54C3-180E-9737-1D87A639C450
-24.330801,-32.439228,2,5270C847-54C3-180E-9737-1D87A639C450
-26.607101,-33.221798,2,5270C847-54C3-180E-9737-1D87A639C450
-26.605028,-33.219288,2,5270C847-54C3-180E-9737-1D87A639C450
61.186512,0.84466857,2,5270C847-54C3-180E-9737-1D87A639C450
61.49566,1.1609164,2,5270C847-54C3-180E-9737-1D87A639C450
29.08323,51.914574,2,5270C847-54C3-180E-9737-1D87A639C450
29.276129,52.880238,2,5270C847-54C3-180E-9737-1D87A639C450
29.437643,53.344177,2,5270C847-54C3-180E-9737-1D87A639C450
30.098461,55.89114,0,5270C847-54C3-180E-9737-1D87A639C450
30.137486,56.24018,0,5270C847-54C3-180E-9737-1D87A639C450
30.63628,57.488693,0,5270C847-54C3-180E-9737-1D87A639C450
-6.3403096,-17.364328,0,5270C847-54C3-180E-9737-1D87A639C450
-6.358825,-17.741701,0,5270C847-54C3-180E-9737-1D87A639C450
-6.3838677,-18.283367,0,5270C847-54C3-180E-9737-1D87A639C450
-6.467869,-19.677881,0,5270C847-54C3-180E-9737-1D87A639C450
-6.684675,-20.118992,0,5270C847-54C3-180E-9737-1D87A639C450
-6.6857996,-20.612589,0,5270C847-54C3-180E-9737-1D87A639C450
-47.56036,-12.298628,0,5690E95B-9747-B2B5-2EE1-16A72200D5CC
-47.428257,-12.804818,0,5690E95B-9747-B2B5-2EE1-16A72200D5CC
-47.000225,-13.805951,0,5690E95B-9747-B2B5-2EE1-16A72200D5CC
-46.618664,-14.645245,0,5690E95B-9747-B2B5-2EE1-16A72200D5CC
-46.29195,-15.4435,2,5690E95B-9747-B2B5-2EE1-16A72200D5CC
-46.165485,-15.765993,2,5690E95B-9747-B2B5-2EE1-16A72200D5CC
8.99418,58.882313,0,5690E95B-9747-B2B5-2EE1-16A72200D5CC
-13.121424,60.807938,0,5690E95B-9747-B2B5-2EE1-16A72200D5CC
-14.025439,58.57098,0,5690E95B-9747-B2B5-2EE1-16A72200D5CC
-13.877224,58.94046,0,5690E95B-9747-B2B5-2EE1-16A72200D5CC
-13.773029,59.22791,0,5690E95B-9747-B2B5-2EE1-16A72200D5CC
-13.475022,60.05306,0,5690E95B-9747-B2B5-2EE1-16A72200D5CC
38.956654,-50.681767,0,5690E95B-9747-B2B5-2EE1-16A72200D5CC
39.220444,-50.885056,0,5690E95B-9747-B2B5-2EE1-16A72200D5CC
40.00059,-51.46142,2,5690E95B-9747-B2B5-2EE1-16A72200D5CC
37.10627,25.936953,2,5690E95B-9747-B2B5-2EE1-16A72200D5CC
36.938667,26.41032,0,5690E95B-9747-B2B5-2EE1-16A72200D5CC
36.764454,26.979668,0,5690E95B-9747-B2B5-2EE1-16A72200D5CC
17.229052,37.467052,0,5690E95B-9747-B2B5-2EE1-16A72200D5CC
16.092644,37.27576,0,5690E95B-9747-B2B5-2EE1-16A72200D5CC
15.773846,36.763924,0,5690E95B-9747-B2B5-2EE1-16A72200D5CC
15.624928,35.82397,0,5690E95B-9747-B2B5-2EE1-16A72200D5CC
15.544289,35.61671,0,5690E95B-9747-B2B5-2EE1-16A72200D5CC
12.654828,25.84348,0,5690E95B-9747-B2B5-2EE1-16A72200D5CC
-2.8567462,-16.529942,1,5690E95B-9747-B2B5-2EE1-16A72200D5CC
-3.1474729,-17.252556,2,5690E95B-9747-B2B5-2EE1-16A72200D5CC
-3.332089,-17.841955,2,5690E95B-9747-B2B5-2EE1-16A72200D5CC
-3.4914203,-18.435131,2,5690E95B-9747-B2B5-2EE1-16A72200D5CC
-3.6808467,-20.069931,2,5690E95B-9747-B2B5-2EE1-16A72200D5CC
-3.6067803,-20.627254,2,5690E95B-9747-B2B5-2EE1-16A72200D5CC
-18.466644,55.58668,2,58CB3C5E-2F5C-31FE-83E8-C6772D99B8D5
-17.591959,54.95563,2,58CB3C5E-2F5C-31FE-83E8-C6772D99B8D5
-17.220976,54.675938,0,58CB3C5E-2F5C-31FE-83E8-C6772D99B8D5
5.9207034,35.664734,0,58CB3C5E-2F5C-31FE-83E8-C6772D99B8D5
6.0073442,35.617107,0,58CB3C5E-2F5C-31FE-83E8-C6772D99B8D5
9.287671,35.38899,1,58CB3C5E-2F5C-31FE-83E8-C6772D99B8D5
29.6803,20.62507,0,58CB3C5E-2F5C-31FE-83E8-C6772D99B8D5
29.607433,20.356972,0,58CB3C5E-2F5C-31FE-83E8-C6772D99B8D5
29.504433,19.900763,0,58CB3C5E-2F5C-31FE-83E8-C6772D99B8D5
-49.553223,-8.484214,2,58CB3C5E-2F5C-31FE-83E8-C6772D99B8D5
-50.243515,-7.8216233,2,58CB3C5E-2F5C-31FE-83E8-C6772D99B8D5
-50.34021,-7.7382045,2,58CB3C5E-2F5C-31FE-83E8-C6772D99B8D5
55.158108,-25.167482,0,58CB3C5E-2F5C-31FE-83E8-C6772D99B8D5
54.825653,-25.41932,0,58CB3C5E-2F5C-31FE-83E8-C6772D99B8D5
53.628433,-26.070412,2,58CB3C5E-2F5C-31FE-83E8-C6772D99B8D5
53.115562,-26.31106,2,58CB3C5E-2F5C-31FE-83E8-C6772D99B8D5
36.270317,-48.768158,2,58CB3C5E-2F5C-31FE-83E8-C6772D99B8D5
36.200684,-48.77281,2,58CB3C5E-2F5C-31FE-83E8-C6772D99B8D5
25.025331,-8.210413,1,5CD23052-9069-615B-22B2-CB8E9A2413C9
32.917397,19.208336,1,5CD23052-9069-615B-22B2-CB8E9A2413C9
33.17828,19.26585,1,5CD23052-9069-615B-22B2-CB8E9A2413C9
34.549984,19.345942,1,5CD23052-9069-615B-22B2-CB8E9A2413C9
35.124046,19.123667,1,5CD23052-9069-615B-22B2-CB8E9A2413C9
35.73637,18.64745,1,5CD23052-9069-615B-22B2-CB8E9A2413C9
61.174194,-24.420809,0,5CD23052-9069-615B-22B2-CB8E9A2413C9
61.421173,-24.512821,0,5CD23052-9069-615B-22B2-CB8E9A2413C9
63.541748,-25.148762,0,5CD23052-9069-615B-22B2-CB8E9A2413C9
65.26343,-24.684202,0,5CD23052-9069-615B-22B2-CB8E9A2413C9
65.383705,-24.650288,0,5CD23052-9069-615B-22B2-CB8E9A2413C9
64.81699,-26.127003,0,5CD23052-9069-615B-22B2-CB8E9A2413C9
-14.118674,-42.40303,2,5CD23052-9069-615B-22B2-CB8E9A2413C9
-14.0830965,-42.447376,2,5CD23052-9069-615B-22B2-CB8E9A2413C9
-14.798311,-42.913692,2,5CD23052-9069-615B-22B2-CB8E9A2413C9
-59.901535,-11.646935,2,5CD23052-9069-615B-22B2-CB8E9A2413C9
-59.78299,-10.910672,2,5CD23052-9069-615B-22B2-CB8E9A2413C9
-59.74562,-10.691767,2,5CD23052-9069-615B-22B2-CB8E9A2413C9
13.017635,-25.533869,1,5CD23052-9069-615B-22B2-CB8E9A2413C9
13.0341,-25.514961,1,5CD23052-9069-615B-22B2-CB8E9A2413C9
-24.013115,2.4506571,2,5E491E0A-C580-29BE-4329-ED7BFF843D0D
-23.945568,2.6260242,2,5E491E0A-C580-29BE-4329-ED7BFF843D0D
-24.351336,3.122556,2,5E491E0A-C580-29BE-4329-ED7BFF843D0D
-24.66444,3.8921278,0,5E491E0A-C580-29BE-4329-ED7BFF843D0D
-25.121618,5.9138474,0,5E491E0A-C580-29BE-4329-ED7BFF843D0D
-25.129507,5.8724933,0,5E491E0A-C580-29BE-4329-ED7BFF843D0D
-43.653652,-19.438627,1,5E491E0A-C580-29BE-4329-ED7BFF843D0D
-43.11666,-19.455957,0,5E491E0A-C580-29BE-4329-ED7BFF843D0D
-42.650707,-19.46229,0,5E491E0A-C580-29BE-4329-ED7BFF843D0D
-16.811237,-12.785425,0,5E491E0A-C580-29BE-4329-ED7BFF843D0D
-16.3902,-12.744558,0,5E491E0A-C580-29BE-4329-ED7BFF843D0D
-16.038414,-12.694696,0,5E491E0A-C580-29BE-4329-ED7BFF843D0D
13.697142,4.822016,1,5E491E0A-C580-29BE-4329-ED7BFF843D0D
13.401043,5.648202,1,5E491E0A-C580-29BE-4329-ED7BFF843D0D
14.290693,5.379729,1,5E491E0A-C580-29BE-4329-ED7BFF843D0D
15.257234,5.599522,1,5E491E0A-C580-29BE-4329-ED7BFF843D0D
16.001646,5.7763643,1,5E491E0A-C580-29BE-4329-ED7BFF843D0D
16.18801,5.8157263,1,5E491E0A-C580-29BE-4329-ED7BFF843D0D
29.733461,45.191185,2,5E491E0A-C580-29BE-4329-ED7BFF843D0D
29.739475,45.26945,2,5E491E0A-C580-29BE-4329-ED7BFF843D0D
32.025913,56.046646,2,5E491E0A-C580-29BE-4329-ED7BFF843D0D
32.037914,56.9584,2,5E491E0A-C580-29BE-4329-ED7BFF843D0D
32.145294,57.36401,2,5E491E0A-C580-29BE-4329-ED7BFF843D0D
32.994297,58.18903,0,5E491E0A-C580-29BE-4329-ED7BFF843D0D
34.036125,58.627556,0,5E491E0A-C580-29BE-4329-ED7BFF843D0D
34.233807,58.69897,0,5E491E0A-C580-29BE-4329-ED7BFF843D0D
4.0863333,62.80482,2,5F222604-CB86-1ABA-EB7B-31FF78B7BE93
3.1193013,63.678253,2,5F222604-CB86-1ABA-EB7B-31FF78B7BE93
2.3026826,64.2963,0,5F222604-CB86-1ABA-EB7B-31FF78B7BE93
1.9618051,64.56085,0,5F222604-CB86-1ABA-EB7B-31FF78B7BE93
1.1660782,65.01968,2,5F222604-CB86-1ABA-EB7B-31FF78B7BE93
0.7691246,65.24156,2,5F222604-CB86-1ABA-EB7B-31FF78B7BE93
-25.125328,52.66393,2,5F222604-CB86-1ABA-EB7B-31FF78B7BE93
-25.21222,52.81643,2,5F222604-CB86-1ABA-EB7B-31FF78B7BE93
-25.482794,53.28471,2,5F222604-CB86-1ABA-EB7B-31FF78B7BE93
-25.939795,54.615463,2,5F222604-CB86-1ABA-EB7B-31FF78B7BE93
-26.730011,55.285427,2,5F222604-CB86-1ABA-EB7B-31FF78B7BE93
-27.101227,55.40169,2,5F222604-CB86-1ABA-EB7B-31FF78B7BE93
-33.834602,8.248136,2,5F222604-CB86-1ABA-EB7B-31FF78B7BE93
-33.770992,7.890224,2,5F222604-CB86-1ABA-EB7B-31FF78B7BE93
-33.65517,7.304307,2,5F222604-CB86-1ABA-EB7B-31FF78B7BE93
-33.392178,6.267053,2,5F222604-CB86-1ABA-EB7B-31FF78B7BE93
-33.305187,5.380401,2,5F222604-CB86-1ABA-EB7B-31FF78B7BE93
-33.326145,5.14798,2,5F222604-CB86-1ABA-EB7B-31FF78B7BE93
-17.156221,13.895404,2,623D68EC-1C36-4E39-4317-BE7B59F593D2
-18.023396,13.707521,2,623D68EC-1C36-4E39-4317-BE7B59F593D2
-18.002033,13.745519,2,623D68EC-1C36-4E39-4317-BE7B59F593D2
-18.588118,12.44095,2,623D68EC-1C36-4E39-4317-BE7B59F593D2
-18.824108,11.61751,2,623D68EC-1C36-4E39-4317-BE7B59F593D2
-18.86996,11.279478,2,623D68EC-1C36-4E39-4317-BE7B59F593D2
44.768967,5.614785,0,623D68EC-1C36-4E39-4317-BE7B59F593D2
44.74561,5.302248,0,623D68EC-1C36-4E39-4317-BE7B59F593D2
45.438927,-4.9929786,0,623D68EC-1C36-4E39-4317-BE7B59F593D2
45.453186,-5.289699,0,623D68EC-1C36-4E39-4317-BE7B59F593D2
46.258965,-6.549503,0,623D68EC-1C36-4E39-4317-BE7B59F593D2
46.716385,-6.2717276,0,623D68EC-1C36-4E39-4317-BE7B59F593D2
57.945618,-25.786287,0,623D68EC-1C36-4E39-4317-BE7B59F593D2
58.627495,-26.281939,0,623D68EC-1C36-4E39-4317-BE7B59F593D2
58.909943,-26.645533,0,623D68EC-1C36-4E39-4317-BE7B59F593D2
60.600548,-29.434652,0,623D68EC-1C36-4E39-4317-BE7B59F593D2
60.23166,-29.183743,0,623D68EC-1C36-4E39-4317-BE7B59F593D2
61.164356,-30.422316,0,623D68EC-1C36-4E39-4317-BE7B59F593D2
1.551048,-54.78433,2,623D68EC-1C36-4E39-4317-BE7B59F593D2
1.6711545,-54.674767,2,623D68EC-1C36-4E39-4317-BE7B59F593D2
1.8748809,-54.487988,2,623D68EC-1C36-4E39-4317-BE7B59F593D2
3.3656614,-53.37344,0,623D68EC-1C36-4E39-4317-BE7B59F593D2
3.6878142,-53.21426,0,623D68EC-1C36-4E39-4317-BE7B59F593D2
43.244724,-26.75632,0,623D68EC-1C36-4E39-4317-BE7B59F593D2
-20.64844,-59.433178,2,623D68EC-1C36-4E39-4317-BE7B59F593D2
-20.685097,-59.47311,2,623D68EC-1C36-4E39-4317-BE7B59F593D2
65.43224,2.3090312,2,62A1F053-1EA8-7433-090E-89D450314F41
65.224266,2.2841587,2,62A1F053-1EA8-7433-090E-89D450314F41
64.32509,2.1803706,2,62A1F053-1EA8-7433-090E-89D450314F41
33.26321,30.263622,1,62A1F053-1EA8-7433-090E-89D450314F41
33.284325,30.28701,1,62A1F053-1EA8-7433-090E-89D450314F41
-21.79786,28.221384,1,62A1F053-1EA8-7433-090E-89D450314F41
-57.031544,8.397198,1,62A1F053-1EA8-7433-090E-89D450314F41
-57.310753,8.595298,2,62A1F053-1EA8-7433-090E-89D450314F41
-58.713123,9.428738,2,62A1F053-1EA8-7433-090E-89D450314F41
-58.91315,9.606537,2,62A1F053-1EA8-7433-090E-89D450314F41
-59.307873,9.429337,2,62A1F053-1EA8-7433-090E-89D450314F41
-59.949028,9.0293045,2,62A1F053-1EA8-7433-090E-89D450314F41
-1.4665699,-15.115713,0,62A1F053-1EA8-7433-090E-89D450314F41
-24.459414,-26.75298,2,62A1F053-1EA8-7433-090E-89D450314F41
-24.54051,-27.229578,2,62A1F053-1EA8-7433-090E-89D450314F41
-24.472187,-27.858458,2,62A1F053-1EA8-7433-090E-89D450314F41
-24.204723,-28.433426,2,62A1F053-1EA8-7433-090E-89D450314F41
-23.945301,-28.87219,2,62A1F053-1EA8-7433-090E-89D450314F41
27.502312,24.03028,0,62A1F053-1EA8-7433-090E-89D450314F41
26.987593,23.98761,0,62A1F053-1EA8-7433-090E-89D450314F41
26.040344,23.936417,0,62A1F053-1EA8-7433-090E-89D450314F41
25.684578,23.791538,0,62A1F053-1EA8-7433-090E-89D450314F41
25.533127,22.956152,0,62A1F053-1EA8-7433-090E-89D450314F41
25.49726,21.974072,0,62A1F053-1EA8-7433-090E-89D450314F41
-67.15675,1.203298,2,62A1F053-1EA8-7433-090E-89D450314F41
58.844944,20.271605,2,62A1F053-1EA8-7433-090E-89D450314F41
59.164516,22.096836,2,62A1F053-1EA8-7433-090E-89D450314F41
59.03867,23.022364,1,62A1F053-1EA8-7433-090E-89D450314F41
58.94315,23.935814,1,62A1F053-1EA8-7433-090E-89D450314F41
58.93287,24.026735,0,62A1F053-1EA8-7433-090E-89D450314F41
-36.36774,12.148753,2,647C581E-E72F-0765-F94A-065909B99374
-36.40642,12.215789,2,647C581E-E72F-0765-F94A-065909B99374
-37.277657,13.912398,2,647C581E-E72F-0765-F94A-065909B99374
-37.464317,14.211076,2,647C581E-E72F-0765-F94A-065909B99374
-38.192738,15.196752,2,647C581E-E72F-0765-F94A-065909B99374
-38.687286,15.775149,2,647C581E-E72F-0765-F94A-065909B99374
-24.552845,42.846283,1,64A0EC69-0CE2-8405-0FFC-D63A7F55E703
-25.217482,43.008297,2,64A0EC69-0CE2-8405-0FFC-D63A7F55E703
-26.111986,43.383625,2,64A0EC69-0CE2-8405-0FFC-D63A7F55E703
-26.88626,43.744698,2,64A0EC69-0CE2-8405-0FFC-D63A7F55E703
-27.367603,43.963203,2,64A0EC69-0CE2-8405-0FFC-D63A7F55E703
-27.88226,44.120167,2,64A0EC69-0CE2-8405-0FFC-D63A7F55E703
-27.722628,44.60766,2,64A0EC69-0CE2-8405-0FFC-D63A7F55E703
-49.34529,38.274296,0,64A0EC69-0CE2-8405-0FFC-D63A7F55E703
-49.34177,38.254433,0,64A0EC69-0CE2-8405-0FFC-D63A7F55E703
40.476894,17.897268,0,64A0EC69-0CE2-8405-0FFC-D63A7F55E703
39.885124,17.544758,0,64A0EC69-0CE2-8405-0FFC-D63A7F55E703
39.501762,17.33219,0,64A0EC69-0CE2-8405-0FFC-D63A7F55E703
44.663906,12.444468,0,64A0EC69-0CE2-8405-0FFC-D63A7F55E703
44.778694,12.13203,0,64A0EC69-0CE2-8405-0FFC-D63A7F55E703
45.24593,11.188535,0,64A0EC69-0CE2-8405-0FFC-D63A7F55E703
45.78927,10.615157,1,64A0EC69-0CE2-8405-0FFC-D63A7F55E703
45.55738,10.476768,1,64A0EC69-0CE2-8405-0FFC-D63A7F55E703
30.683483,28.719147,1,64A0EC69-0CE2-8405-0FFC-D63A7F55E703
30.466381,28.397032,0,64A0EC69-0CE2-8405-0FFC-D63A7F55E703
29.994783,27.44725,0,64A0EC69-0CE2-8405-0FFC-D63A7F55E703
29.998013,27.158411,0,64A0EC69-0CE2-8405-0FFC-D63A7F55E703
30.017998,26.477402,0,64A0EC69-0CE2-8405-0FFC-D63A7F55E703
30.393833,25.662502,0,64A0EC69-0CE2-8405-0FFC-D63A7F55E703
5.371523,12.969581,2,64A0EC69-0CE2-8405-0FFC-D63A7F55E703
-21.890852,37.256813,2,66E9719B-D383-AA87-7FAB-D9B4ABE7011C
-60.61542,20.87398,2,66E9719B-D383-AA87-7FAB-D9B4ABE7011C
-51.136395,24.938393,2,66E9719B-D383-AA87-7FAB-D9B4ABE7011C
-51.38633,25.001036,2,66E9719B-D383-AA87-7FAB-D9B4ABE7011C
-52.519993,24.933075,2,66E9719B-D383-AA87-7FAB-D9B4ABE7011C
-53.020016,24.843767,2,66E9719B-D383-AA87-7FAB-D9B4ABE7011C
-1.5288534,32.971413,0,66E9719B-D383-AA87-7FAB-D9B4ABE7011C
-1.700128,33.424038,0,66E9719B-D383-AA87-7FAB-D9B4ABE7011C
-1.8291485,33.786858,0,66E9719B-D383-AA87-7FAB-D9B4ABE7011C
-18.044739,4.77735,0,66E9719B-D383-AA87-7FAB-D9B4ABE7011C
-18.165035,3.782967,0,66E9719B-D383-AA87-7FAB-D9B4ABE7011C
-18.171352,3.6097848,2,66E9719B-D383-AA87-7FAB-D9B4ABE7011C
64.03135,-7.833793,0,66E9719B-D383-AA87-7FAB-D9B4ABE7011C
64.08195,-7.7973976,0,66E9719B-D383-AA87-7FAB-D9B4ABE7011C
67.44448,-6.743678,0,66E9719B-D383-AA87-7FAB-D9B4ABE7011C
68.148506,-5.9306874,0,66E9719B-D383-AA87-7FAB-D9B4ABE7011C
68.05745,-6.0608625,0,66E9719B-D383-AA87-7FAB-D9B4ABE7011C
67.410034,-7.3885565,0,66E9719B-D383-AA87-7FAB-D9B4ABE7011C
-18.515009,-16.611357,2,68339CF4-6AFB-7EFB-40EA-238612F8E5A4
-18.35502,-16.78628,2,68339CF4-6AFB-7EFB-40EA-238612F8E5A4
-16.932135,-18.037508,2,68339CF4-6AFB-7EFB-40EA-238612F8E5A4
-16.611958,-17.994501,2,68339CF4-6AFB-7EFB-40EA-238612F8E5A4
-15.73664,-17.219267,2,68339CF4-6AFB-7EFB-40EA-238612F8E5A4
33.822845,50.387356,0,68339CF4-6AFB-7EFB-40EA-238612F8E5A4
30.320993,60.220535,0,68339CF4-6AFB-7EFB-40EA-238612F8E5A4
30.118044,60.28466,0,68339CF4-6AFB-7EFB-40EA-238612F8E5A4
29.246918,61.1525,0,68339CF4-6AFB-7EFB-40EA-238612F8E5A4
27.670506,62.825836,0,68339CF4-6AFB-7EFB-40EA-238612F8E5A4
27.125399,63.393147,0,68339CF4-6AFB-7EFB-40EA-238612F8E5A4
26.4416,64.10291,0,68339CF4-6AFB-7EFB-40EA-238612F8E5A4
5.6185083,43.787403,1,68339CF4-6AFB-7EFB-40EA-238612F8E5A4
6.327475,43.41444,1,68339CF4-6AFB-7EFB-40EA-238612F8E5A4
7.2986445,43.159798,2,68339CF4-6AFB-7EFB-40EA-238612F8E5A4
7.659378,42.807037,2,68339CF4-6AFB-7EFB-40EA-238612F8E5A4
8.072114,41.91567,2,68339CF4-6AFB-7EFB-40EA-238612F8E5A4
8.161695,41.44446,2,68339CF4-6AFB-7EFB-40EA-238612F8E5A4
-10.63099,4.7685513,2,68339CF4-6AFB-7EFB-40EA-238612F8E5A4
-10.5959,4.7654653,2,68339CF4-6AFB-7EFB-40EA-238612F8E5A4
-9.8584385,3.5839617,2,68339CF4-6AFB-7EFB-40EA-238612F8E5A4
-9.702937,3.3668506,2,68339CF4-6AFB-7EFB-40EA-238612F8E5A4
-8.931542,2.2169623,2,68339CF4-6AFB-7EFB-40EA-238612F8E5A4
9.514429,58.75217,2,68339CF4-6AFB-7EFB-40EA-238612F8E5A4
-27.773718,-0.5154941,2,68339CF4-6AFB-7EFB-40EA-238612F8E5A4
-27.906765,-1.0633215,2,68339CF4-6AFB-7EFB-40EA-238612F8E5A4
-27.882025,-2.0799687,2,68339CF4-6AFB-7EFB-40EA-238612F8E5A4
-27.557425,-2.7590582,2,68339CF4-6AFB-7EFB-40EA-238612F8E5A4
-27.355566,-3.086714,2,68339CF4-6AFB-7EFB-40EA-238612F8E5A4
-27.220083,-3.401282,2,68339CF4-6AFB-7EFB-40EA-238612F8E5A4
16.133461,-11.708191,1,68339CF4-6AFB-7EFB-40EA-238612F8E5A4
16.087831,-11.653169,1,68339CF4-6AFB-7EFB-40EA-238612F8E5A4
-2.892002,12.645045,2,68339CF4-6AFB-7EFB-40EA-238612F8E5A4
-4.655715,12.578421,2,68339CF4-6AFB-7EFB-40EA-238612F8E5A4
-4.936709,12.502569,2,68339CF4-6AFB-7EFB-40EA-238612F8E5A4
-5.391351,12.34783,2,68339CF4-6AFB-7EFB-40EA-238612F8E5A4
-0.02230374,-51.470222,2,6B1E25A6-882B-DDD7-CE4F-4EC17A0906CF
0.161736,-51.21534,2,6B1E25A6-882B-DDD7-CE4F-4EC17A0906CF
0.4383676,-50.795433,2,6B1E25A6-882B-DDD7-CE4F-4EC17A0906CF
8.21779,-40.74264,0,6B1E25A6-882B-DDD7-CE4F-4EC17A0906CF
57.19238,-6.488698,0,6B1E25A6-882B-DDD7-CE4F-4EC17A0906CF
57.21118,-6.689428,0,6B1E25A6-882B-DDD7-CE4F-4EC17A0906CF
-5.697914,-60.853188,1,6B1E25A6-882B-DDD7-CE4F-4EC17A0906CF
-5.796593,-60.58834,0,6B1E25A6-882B-DDD7-CE4F-4EC17A0906CF
-5.864123,-60.320076,0,6B1E25A6-882B-DDD7-CE4F-4EC17A0906CF
-6.2831206,-57.844635,0,6B1E25A6-882B-DDD7-CE4F-4EC17A0906CF
-6.2744083,-57.9005,0,6B1E25A6-882B-DDD7-CE4F-4EC17A0906CF
-6.233142,-57.38521,0,6B1E25A6-882B-DDD7-CE4F-4EC17A0906CF
52.944244,-5.9648266,0,6B1E25A6-882B-DDD7-CE4F-4EC17A0906CF
52.774593,-5.9409494,0,6B1E25A6-882B-DDD7-CE4F-4EC17A0906CF
52.33632,-5.531839,0,6B1E25A6-882B-DDD7-CE4F-4EC17A0906CF
51.725258,-5.1004906,0,6B1E25A6-882B-DDD7-CE4F-4EC17A0906CF
50.959663,-4.4710927,0,6B1E25A6-882B-DDD7-CE4F-4EC17A0906CF
50.68239,-4.2860265,0,6B1E25A6-882B-DDD7-CE4F-4EC17A0906CF
-59.463062,12.49502,2,6B690AF9-8440-1C43-B353-FA85266AA12C
-59.5828,12.621059,2,6B690AF9-8440-1C43-B353-FA85266AA12C
-59.329308,12.925635,2,6B690AF9-8440-1C43-B353-FA85266AA12C
-57.806843,12.272043,2,6B690AF9-8440-1C43-B353-FA85266AA12C
-39.894196,22.39721,2,6B690AF9-8440-1C43-B353-FA85266AA12C
-39.911488,22.47301,1,6B690AF9-8440-1C43-B353-FA85266AA12C
-48.684013,21.451305,1,6B690AF9-8440-1C43-B353-FA85266AA12C
-49.41307,20.773228,1,6B690AF9-8440-1C43-B353-FA85266AA12C
-48.446484,20.506943,1,6B690AF9-8440-1C43-B353-FA85266AA12C
-48.19631,20.267956,1,6B690AF9-8440-1C43-B353-FA85266AA12C
-48.035667,19.766628,1,6B690AF9-8440-1C43-B353-FA85266AA12C
-46.848835,20.003693,1,6B690AF9-8440-1C43-B353-FA85266AA12C
-52.897007,-29.60251,2,6B690AF9-8440-1C43-B353-FA85266AA12C
-52.975338,-29.17423,1,6B690AF9-8440-1C43-B353-FA85266AA12C
-53.08777,-28.702866,1,6B690AF9-8440-1C43-B353-FA85266AA12C
-53.217754,-28.25122,1,6B690AF9-8440-1C43-B353-FA85266AA12C
-53.43983,-27.43883,1,6B690AF9-8440-1C43-B353-FA85266AA12C
4.301723,-28.496723,1,6B690AF9-8440-1C43-B353-FA85266AA12C
11.930285,-17.677122,1,6B690AF9-8440-1C43-B353-FA85266AA12C
37.562653,-12.278399,1,6B690AF9-8440-1C43-B353-FA85266AA12C
37.649075,-12.0694275,1,6B690AF9-8440-1C43-B353-FA85266AA12C
36.711407,-9.874675,1,6B690AF9-8440-1C43-B353-FA85266AA12C
36.53262,-9.555923,1,6B690AF9-8440-1C43-B353-FA85266AA12C
36.406364,-9.382897,1,6B690AF9-8440-1C43-B353-FA85266AA12C
15.05846,-48.589123,1,6B690AF9-8440-1C43-B353-FA85266AA12C
14.041096,-48.97292,1,6B690AF9-8440-1C43-B353-FA85266AA12C
13.240232,-49.447094,2,6B690AF9-8440-1C43-B353-FA85266AA12C
12.888572,-49.548985,2,6B690AF9-8440-1C43-B353-FA85266AA12C
12.412007,-50.20693,2,6B690AF9-8440-1C43-B353-FA85266AA12C
12.191886,-50.509285,2,6B690AF9-8440-1C43-B353-FA85266AA12C
37.806152,12.869652,1,6B690AF9-8440-1C43-B353-FA85266AA12C
71.82611,-20.160248,1,6B690AF9-8440-1C43-B353-FA85266AA12C
71.75844,-20.91469,1,6B690AF9-8440-1C43-B353-FA85266AA12C
71.68177,-21.305082,2,6B690AF9-8440-1C43-B353-FA85266AA12C
73.428024,-22.17553,2,6B690AF9-8440-1C43-B353-FA85266AA12C
73.56362,-22.245506,2,6B690AF9-8440-1C43-B353-FA85266AA12C
31.743689,-13.163079,0,6C9454F6-2AA4-4C25-0387-C6CA7AFC4C13
31.991764,-13.094952,0,6C9454F6-2AA4-4C25-0387-C6CA7AFC4C13
33.383427,-12.611602,1,6C9454F6-2AA4-4C25-0387-C6CA7AFC4C13
32.76615,-12.816471,1,6C9454F6-2AA4-4C25-0387-C6CA7AFC4C13
-37.968906,-63.374992,2,6C9454F6-2AA4-4C25-0387-C6CA7AFC4C13
-37.918217,-63.357716,2,6C9454F6-2AA4-4C25-0387-C6CA7AFC4C13
-36.960175,-63.113472,2,6C9454F6-2AA4-4C25-0387-C6CA7AFC4C13
-36.7225,-63.126225,2,6C9454F6-2AA4-4C25-0387-C6CA7AFC4C13
-36.04522,-63.06855,2,6C9454F6-2AA4-4C25-0387-C6CA7AFC4C13
35.127846,-33.86079,0,6C9454F6-2AA4-4C25-0387-C6CA7AFC4C13
35.404793,-34.158207,0,6C9454F6-2AA4-4C25-0387-C6CA7AFC4C13
35.6202,-34.396435,0,6C9454F6-2AA4-4C25-0387-C6CA7AFC4C13
4.5358915,-22.991808,2,6C9454F6-2AA4-4C25-0387-C6CA7AFC4C13
4.6074734,-23.31047,2,6C9454F6-2AA4-4C25-0387-C6CA7AFC4C13
4.69853,-23.514101,2,6C9454F6-2AA4-4C25-0387-C6CA7AFC4C13
-18.87549,-46.21071,2,6C9454F6-2AA4-4C25-0387-C6CA7AFC4C13
-19.107841,-46.6955,2,6C9454F6-2AA4-4C25-0387-C6CA7AFC4C13
-19.249338,-47.02149,2,6C9454F6-2AA4-4C25-0387-C6CA7AFC4C13
43.435852,16.169325,0,6C9454F6-2AA4-4C25-0387-C6CA7AFC4C13
42.91461,15.642421,0,6C9454F6-2AA4-4C25-0387-C6CA7AFC4C13
42.277344,15.027617,0,6C9454F6-2AA4-4C25-0387-C6CA7AFC4C13
41.644768,14.536287,0,6C9454F6-2AA4-4C25-0387-C6CA7AFC4C13
41.364586,13.701496,0,6C9454F6-2AA4-4C25-0387-C6CA7AFC4C13
41.491173,13.430763,0,6C9454F6-2AA4-4C25-0387-C6CA7AFC4C13
-2.7882676,62.041393,2,6E42D32E-048C-D829-197E-7950E78F58CB
-2.961576,62.092743,2,6E42D32E-048C-D829-197E-7950E78F58CB
-40.889137,56.497936,0,6E42D32E-048C-D829-197E-7950E78F58CB
-41.607582,56.48904,0,6E42D32E-048C-D829-197E-7950E78F58CB
-41.878086,56.09941,2,6E42D32E-048C-D829-197E-7950E78F58CB
-41.361862,55.526985,2,6E42D32E-048C-D829-197E-7950E78F58CB
6.3496165,53.77255,1,6E42D32E-048C-D829-197E-7950E78F58CB
6.143307,53.201202,1,6E42D32E-048C-D829-197E-7950E78F58CB
5.961973,52.640083,1,6E42D32E-048C-D829-197E-7950E78F58CB
5.62375,51.770958,1,6E42D32E-048C-D829-197E-7950E78F58CB
5.3982224,51.388687,1,6E42D32E-048C-D829-197E-7950E78F58CB
4.4079633,50.530884,1,6E42D32E-048C-D829-197E-7950E78F58CB
0.47390434,50.119255,1,6E42D32E-048C-D829-197E-7950E78F58CB
0.29115486,50.08925,1,6E42D32E-048C-D829-197E-7950E78F58CB
-0.24930067,49.689487,1,6E42D32E-048C-D829-197E-7950E78F58CB
-0.79737735,49.512634,1,6E42D32E-048C-D829-197E-7950E78F58CB
-1.6651682,49.60817,1,6E42D32E-048C-D829-197E-7950E78F58CB
-1.8986205,49.62399,1,6E42D32E-048C-D829-197E-7950E78F58CB
-7.8705983,53.099598,1,6E42D32E-048C-D829-197E-7950E78F58CB
-7.8563395,53.100117,1,6E42D32E-048C-D829-197E-7950E78F58CB
-8.78335,53.76528,1,6E42D32E-048C-D829-197E-7950E78F58CB
-9.176545,53.394558,1,6E42D32E-048C-D829-197E-7950E78F58CB
-9.01528,52.452385,1,6E42D32E-048C-D829-197E-7950E78F58CB
-9.175157,52.41784,1,6E42D32E-048C-D829-197E-7950E78F58CB
-27.67595,-17.16902,0,70432028-81AF-D67A-251E-D2F807AB93CF
-27.693512,-16.989178,0,70432028-81AF-D67A-251E-D2F807AB93CF
-27.775604,-15.764974,2,70432028-81AF-D67A-251E-D2F807AB93CF
-27.79299,-15.453974,2,70432028-81AF-D67A-251E-D2F807AB93CF
-27.630354,-14.125001,2,70432028-81AF-D67A-251E-D2F807AB93CF
-27.58246,-13.3706,2,70432028-81AF-D67A-251E-D2F807AB93CF
-27.6016,-12.645047,2,70432028-81AF-D67A-251E-D2F807AB93CF
-27.90282,-11.565581,2,70432028-81AF-D67A-251E-D2F807AB93CF
-28.200151,-11.292114,2,70432028-81AF-D67A-251E-D2F807AB93CF
-28.720797,-11.09005,2,70432028-81AF-D67A-251E-D2F807AB93CF
-29.627728,-10.834371,2,70432028-81AF-D67A-251E-D2F807AB93CF
-29.86515,-10.762796,2,70432028-81AF-D67A-251E-D2F807AB93CF
-17.866692,-0.002914792,0,70432028-81AF-D67A-251E-D2F807AB93CF
-17.548729,-0.23388693,1,70432028-81AF-D67A-251E-D2F807AB93CF
-16.90973,-0.69769794,2,70432028-81AF-D67A-251E-D2F807AB93CF
-15.585641,-1.3676678,2,70432028-81AF-D67A-251E-D2F807AB93CF
-15.055894,-1.567392,2,70432028-81AF-D67A-251E-D2F807AB93CF
-14.391827,-1.7963423,0,70432028-81AF-D67A-251E-D2F807AB93CF
30.391663,-26.0484,0,70432028-81AF-D67A-251E-D2F807AB93CF
30.368217,-25.916553,0,70432028-81AF-D67A-251E-D2F807AB93CF
30.401812,-23.660278,0,70432028-81AF-D67A-251E-D2F807AB93CF
55.330185,8.632823,0,70432028-81AF-D67A-251E-D2F807AB93CF
55.093803,9.1038065,0,70432028-81AF-D67A-251E-D2F807AB93CF
54.954155,9.398783,0,70432028-81AF-D67A-251E-D2F807AB93CF
-67.63662,16.351406,2,718078D1-70DB-2916-366D-1119A22DCD7F
-43.20923,44.873356,2,718078D1-70DB-2916-366D-1119A22DCD7F
-43.190258,44.86433,2,718078D1-70DB-2916-366D-1119A22DCD7F
-22.275778,9.83401,2,718078D1-70DB-2916-366D-1119A22DCD7F
-22.11459,10.053632,2,718078D1-70DB-2916-366D-1119A22DCD7F
-21.783312,10.667514,0,718078D1-70DB-2916-366D-1119A22DCD7F
-31.216818,39.6554,2,718078D1-70DB-2916-366D-1119A22DCD7F
-30.598816,39.19431,0,718078D1-70DB-2916-366D-1119A22DCD7F
-30.227818,38.482983,0,718078D1-70DB-2916-366D-1119A22DCD7F
-29.77866,37.512405,0,718078D1-70DB-2916-366D-1119A22DCD7F
-29.624231,37.238304,0,718078D1-70DB-2916-366D-1119A22DCD7F
-29.606735,36.883354,2,718078D1-70DB-2916-366D-1119A22DCD7F
10.827407,13.025175,0,718078D1-70DB-2916-366D-1119A22DCD7F
10.8105755,13.439343,0,718078D1-70DB-2916-366D-1119A22DCD7F
10.905118,15.287001,0,718078D1-70DB-2916-366D-1119A22DCD7F
11.091568,15.665098,0,718078D1-70DB-2916-366D-1119A22DCD7F
11.8930235,16.44781,0,718078D1-70DB-2916-366D-1119A22DCD7F
12.666004,16.721249,0,718078D1-70DB-2916-366D-1119A22DCD7F
13.145013,16.760616,0,718078D1-70DB-2916-366D-1119A22DCD7F
14.859137,15.664563,1,718078D1-70DB-2916-366D-1119A22DCD7F
15.515429,14.964079,1,718078D1-70DB-2916-366D-1119A22DCD7F
15.682953,14.819496,1,718078D1-70DB-2916-366D-1119A22DCD7F
21.474195,11.011702,1,718078D1-70DB-2916-366D-1119A22DCD7F
21.491755,10.998677,1,718078D1-70DB-2916-366D-1119A22DCD7F
-26.573513,30.731518,1,72B642AD-2D4A-574F-05EC-EC93C0C52335
-26.719639,29.98654,1,72B642AD-2D4A-574F-05EC-EC93C0C52335
-26.293953,28.849947,2,72B642AD-2D4A-574F-05EC-EC93C0C52335
-26.099646,28.274517,2,72B642AD-2D4A-574F-05EC-EC93C0C52335
-25.8887,27.79262,2,72B642AD-2D4A-574F-05EC-EC93C0C52335
-25.760303,27.561852,2,72B642AD-2D4A-574F-05EC-EC93C0C52335
38.082214,9.453846,2,72B642AD-2D4A-574F-05EC-EC93C0C52335
2.6091638,-6.2198114,2,72B642AD-2D4A-574F-05EC-EC93C0C52335
2.8041449,-7.1123815,2,72B642AD-2D4A-574F-05EC-EC93C0C52335
2.8727992,-7.4246225,2,72B642AD-2D4A-574F-05EC-EC93C0C52335
19.823723,-49.088165,2,72B642AD-2D4A-574F-05EC-EC93C0C52335
20.346605,-49.2543,2,72B642AD-2D4A-574F-05EC-EC93C0C52335
21.147114,-49.446716,2,72B642AD-2D4A-574F-05EC-EC93C0C52335
21.951374,-49.53604,2,72B642AD-2D4A-574F-05EC-EC93C0C52335
51.66151,-44.750923,1,72B642AD-2D4A-574F-05EC-EC93C0C52335
51.65944,-44.752804,1,72B642AD-2D4A-574F-05EC-EC93C0C52335
-7.403135,-49.364765,2,72B642AD-2D4A-574F-05EC-EC93C0C52335
-7.6743875,-49.25694,2,72B642AD-2D4A-574F-05EC-EC93C0C52335
-8.251367,-48.9998,2,72B642AD-2D4A-574F-05EC-EC93C0C52335
-9.590975,-48.453712,2,72B642AD-2D4A-574F-05EC-EC93C0C52335
-9.955561,-48.35726,2,72B642AD-2D4A-574F-05EC-EC93C0C52335
-10.609374,-47.651882,2,72B642AD-2D4A-574F-05EC-EC93C0C52335
-11.181896,-47.070305,2,72B642AD-2D4A-574F-05EC-EC93C0C52335
-11.5941305,-46.471252,2,72B642AD-2D4A-574F-05EC-EC93C0C52335
-11.964974,-45.99775,2,72B642AD-2D4A-574F-05EC-EC93C0C52335
-12.445037,-45.239483,2,72B642AD-2D4A-574F-05EC-EC93C0C52335
-12.748326,-44.66278,2,72B642AD-2D4A-574F-05EC-EC93C0C52335
-9.928219,-63.51932,2,72B642AD-2D4A-574F-05EC-EC93C0C52335
-10.056815,-64.19968,2,72B642AD-2D4A-574F-05EC-EC93C0C52335
-9.945037,-63.693127,2,72B642AD-2D4A-574F-05EC-EC93C0C52335
-17.220291,-33.572033,2,7417E7AB-C723-0958-F8EE-DDA4DED65165
-16.601606,-33.884026,2,7417E7AB-C723-0958-F8EE-DDA4DED65165
-15.90233,-34.23553,2,7417E7AB-C723-0958-F8EE-DDA4DED65165
-15.171836,-34.554276,2,7417E7AB-C723-0958-F8EE-DDA4DED65165
-14.81261,-34.644604,2,7417E7AB-C723-0958-F8EE-DDA4DED65165
16.27944,-24.662924,2,7417E7AB-C723-0958-F8EE-DDA4DED65165
31.753584,-51.057877,2,7417E7AB-C723-0958-F8EE-DDA4DED65165
31.737167,-50.993343,0,7417E7AB-C723-0958-F8EE-DDA4DED65165
32.123825,-50.11183,0,7417E7AB-C723-0958-F8EE-DDA4DED65165
32.44062,-49.34022,0,7417E7AB-C723-0958-F8EE-DDA4DED65165
33.271023,-47.74607,0,7417E7AB-C723-0958-F8EE-DDA4DED65165
33.342827,-47.69051,0,7417E7AB-C723-0958-F8EE-DDA4DED65165
-42.08231,-1.5847821,2,7417E7AB-C723-0958-F8EE-DDA4DED65165
-42.077785,-1.5876918,2,7417E7AB-C723-0958-F8EE-DDA4DED65165
25.257587,-10.476459,0,7417E7AB-C723-0958-F8EE-DDA4DED65165
24.899963,-9.597729,0,7417E7AB-C723-0958-F8EE-DDA4DED65165
24.577461,-8.871725,0,7417E7AB-C723-0958-F8EE-DDA4DED65165
23.939007,-8.281245,0,7417E7AB-C723-0958-F8EE-DDA4DED65165
-2.6374462,-55.480396,2,7417E7AB-C723-0958-F8EE-DDA4DED65165
-2.6237764,-55.47204,2,7417E7AB-C723-0958-F8EE-DDA4DED65165
25.295883,13.763909,2,761D024F-3C62-5326-601A-88D436C7726A
26.11311,13.238595,2,761D024F-3C62-5326-601A-88D436C7726A
26.674109,12.938679,2,761D024F-3C62-5326-601A-88D436C7726A
26.956213,12.804529,2,761D024F-3C62-5326-601A-88D436C7726A
29.204813,11.756288,2,761D024F-3C62-5326-601A-88D436C7726A
29.224766,11.751129,1,761D024F-3C62-5326-601A-88D436C7726A
-69.53197,3.2621288,2,761D024F-3C62-5326-601A-88D436C7726A
22.117632,20.67476,2,761D024F-3C62-5326-601A-88D436C7726A
22.119528,20.67619,1,761D024F-3C62-5326-601A-88D436C7726A
-7.5211334,-13.880301,1,761D024F-3C62-5326-601A-88D436C7726A
-8.014955,-14.224573,1,761D024F-3C62-5326-601A-88D436C7726A
-8.033377,-14.258337,1,761D024F-3C62-5326-601A-88D436C7726A
-31.598627,-56.884666,2,761D024F-3C62-5326-601A-88D436C7726A
-31.642826,-56.807686,2,761D024F-3C62-5326-601A-88D436C7726A
-31.832365,-56.521423,2,761D024F-3C62-5326-601A-88D436C7726A
-66.97385,-6.768425,2,761D024F-3C62-5326-601A-88D436C7726A
-66.75026,-8.14057,1,761D024F-3C62-5326-601A-88D436C7726A
-66.748604,-8.211887,1,761D024F-3C62-5326-601A-88D436C7726A
-33.85153,29.579218,2,772BA0E9-AC30-CEA6-AA1B-18A0300702AA
-34.152615,28.91315,2,772BA0E9-AC30-CEA6-AA1B-18A0300702AA
-34.218716,28.78006,2,772BA0E9-AC30-CEA6-AA1B-18A0300702AA
-22.11733,20.317595,2,772BA0E9-AC30-CEA6-AA1B-18A0300702AA
-21.733885,20.784311,2,772BA0E9-AC30-CEA6-AA1B-18A0300702AA
-21.337719,20.926569,2,772BA0E9-AC30-CEA6-AA1B-18A0300702AA
6.3548822,29.528677,2,772BA0E9-AC30-CEA6-AA1B-18A0300702AA
8.203558,30.053402,2,772BA0E9-AC30-CEA6-AA1B-18A0300702AA
8.1921425,30.617147,2,772BA0E9-AC30-CEA6-AA1B-18A0300702AA
8.20591,31.172123,2,772BA0E9-AC30-CEA6-AA1B-18A0300702AA
8.283124,32.013145,2,772BA0E9-AC30-CEA6-AA1B-18A0300702AA
-46.74242,36.79243,2,772BA0E9-AC30-CEA6-AA1B-18A0300702AA
45.633293,-9.899132,1,772BA0E9-AC30-CEA6-AA1B-18A0300702AA
10.519221,2.0758414,1,772BA0E9-AC30-CEA6-AA1B-18A0300702AA
9.952238,1.8307439,1,772BA0E9-AC30-CEA6-AA1B-18A0300702AA
9.026429,1.353606,1,772BA0E9-AC30-CEA6-AA1B-18A0300702AA
8.697145,1.1804107,1,772BA0E9-AC30-CEA6-AA1B-18A0300702AA
7.9894614,0.79084074,1,772BA0E9-AC30-CEA6-AA1B-18A0300702AA
7.3989096,0.6392055,1,772BA0E9-AC30-CEA6-AA1B-18A0300702AA
6.9899507,0.6419029,1,772BA0E9-AC30-CEA6-AA1B-18A0300702AA
33.763542,26.57436,1,772BA0E9-AC30-CEA6-AA1B-18A0300702AA
33.697258,26.561241,1,772BA0E9-AC30-CEA6-AA1B-18A0300702AA
32.15772,23.789154,1,772BA0E9-AC30-CEA6-AA1B-18A0300702AA
32.15087,23.659933,1,772BA0E9-AC30-CEA6-AA1B-18A0300702AA
-15.807327,-47.74286,0,772BA0E9-AC30-CEA6-AA1B-18A0300702AA
-15.736751,-47.705254,0,772BA0E9-AC30-CEA6-AA1B-18A0300702AA
-15.211432,-47.40796,0,772BA0E9-AC30-CEA6-AA1B-18A0300702AA
-14.520188,-46.93549,0,772BA0E9-AC30-CEA6-AA1B-18A0300702AA
16.286402,-28.834932,2,772BA0E9-AC30-CEA6-AA1B-18A0300702AA
39.595097,-15.953623,2,772BA0E9-AC30-CEA6-AA1B-18A0300702AA
67.86413,-12.150041,1,772BA0E9-AC30-CEA6-AA1B-18A0300702AA
67.7072,-12.397756,2,772BA0E9-AC30-CEA6-AA1B-18A0300702AA
67.25758,-13.116697,2,772BA0E9-AC30-CEA6-AA1B-18A0300702AA
66.951645,-13.278816,2,772BA0E9-AC30-CEA6-AA1B-18A0300702AA
66.22335,-13.858697,2,772BA0E9-AC30-CEA6-AA1B-18A0300702AA
65.59404,-14.483485,2,772BA0E9-AC30-CEA6-AA1B-18A0300702AA
14.146498,-43.19345,2,7B8B31F4-FFC3-7A4E-3EAF-78D5CA8ACB61
14.429514,-43.15858,2,7B8B31F4-FFC3-7A4E-3EAF-78D5CA8ACB61
14.721404,-43.55459,2,7B8B31F4-FFC3-7A4E-3EAF-78D5CA8ACB61
14.9470415,-44.03637,2,7B8B31F4-FFC3-7A4E-3EAF-78D5CA8ACB61
15.81747,-43.867985,2,7B8B31F4-FFC3-7A4E-3EAF-78D5CA8ACB61
16.420132,-43.811737,2,7B8B31F4-FFC3-7A4E-3EAF-78D5CA8ACB61
32.955666,-16.452003,2,7B8B31F4-FFC3-7A4E-3EAF-78D5CA8ACB61
32.679832,-16.389101,1,7B8B31F4-FFC3-7A4E-3EAF-78D5CA8ACB61
32.34398,-16.306618,1,7B8B31F4-FFC3-7A4E-3EAF-78D5CA8ACB61
28.883583,-14.923058,0,7B8B31F4-FFC3-7A4E-3EAF-78D5CA8ACB61
28.175085,-14.333786,0,7B8B31F4-FFC3-7A4E-3EAF-78D5CA8ACB61
27.330256,-13.298475,0,7B8B31F4-FFC3-7A4E-3EAF-78D5CA8ACB61
26.959856,-12.610826,0,7B8B31F4-FFC3-7A4E-3EAF-78D5CA8ACB61
26.818851,-12.2182865,0,7B8B31F4-FFC3-7A4E-3EAF-78D5CA8ACB61
25.964264,-4.605233,0,7B8B31F4-FFC3-7A4E-3EAF-78D5CA8ACB61
26.066095,-4.016388,0,7B8B31F4-FFC3-7A4E-3EAF-78D5CA8ACB61
25.978489,-3.6058872,0,7B8B31F4-FFC3-7A4E-3EAF-78D5CA8ACB61
26.412092,-3.3921018,0,7B8B31F4-FFC3-7A4E-3EAF-78D5CA8ACB61
36.228405,38.904778,0,7B8B31F4-FFC3-7A4E-3EAF-78D5CA8ACB61
36.17612,38.87083,0,7B8B31F4-FFC3-7A4E-3EAF-78D5CA8ACB61
13.111658,42.66643,0,7DC9729F-BA27-3831-6078-F8508766396A
-73.10612,21.215107,0,7DC9729F-BA27-3831-6078-F8508766396A
-72.85715,20.909864,0,7DC9729F-BA27-3831-6078-F8508766396A
-72.07968,19.958765,0,7DC9729F-BA27-3831-6078-F8508766396A
-71.56377,19.275696,2,7DC9729F-BA27-3831-6078-F8508766396A
-71.46154,19.132965,2,7DC9729F-BA27-3831-6078-F8508766396A
-45.227394,0.57418877,2,7DC9729F-BA27-3831-6078-F8508766396A
6.5203705,-17.466106,2,7DC9729F-BA27-3831-6078-F8508766396A
7.460151,-17.84237,2,7DC9729F-BA27-3831-6078-F8508766396A
7.4600096,-17.843403,0,7DC9729F-BA27-3831-6078-F8508766396A
39.306168,-24.95716,0,7DC9729F-BA27-3831-6078-F8508766396A
39.36653,-24.941336,0,7DC9729F-BA27-3831-6078-F8508766396A
64.92338,-3.061931,0,7DC9729F-BA27-3831-6078-F8508766396A
64.91546,-3.08198,0,7DC9729F-BA27-3831-6078-F8508766396A
45.935642,18.610945,0,7DC9729F-BA27-3831-6078-F8508766396A
45.854652,18.681309,0,7DC9729F-BA27-3831-6078-F8508766396A
43.456562,23.890472,0,7DC9729F-BA27-3831-6078-F8508766396A
43.434925,23.943848,0,7DC9729F-BA27-3831-6078-F8508766396A
33.290653,14.68254,1,7FB7C50A-30EA-A991-0C04-7FFA681B8803
33.579517,14.382843,1,7FB7C50A-30EA-A991-0C04-7FFA681B8803
34.013958,13.914863,1,7FB7C50A-30EA-A991-0C04-7FFA681B8803
34.544407,13.319963,1,7FB7C50A-30EA-A991-0C04-7FFA681B8803
35.420494,12.350074,1,7FB7C50A-30EA-A991-0C04-7FFA681B8803
35.748337,11.718165,1,7FB7C50A-30EA-A991-0C04-7FFA681B8803
57.577892,-37.524155,1,7FB7C50A-30EA-A991-0C04-7FFA681B8803
57.33055,-37.434002,1,7FB7C50A-30EA-A991-0C04-7FFA681B8803
56.284355,-37.19098,1,7FB7C50A-30EA-A991-0C04-7FFA681B8803
11.25457,-58.728893,1,7FB7C50A-30EA-A991-0C04-7FFA681B8803
10.939277,-58.41867,1,7FB7C50A-30EA-A991-0C04-7FFA681B8803
10.10627,-58.009636,1,7FB7C50A-30EA-A991-0C04-7FFA681B8803
-0.09471471,-64.438614,1,7FB7C50A-30EA-A991-0C04-7FFA681B8803
-0.32540563,-64.482346,1,7FB7C50A-30EA-A991-0C04-7FFA681B8803
-0.52335715,-64.52612,1,7FB7C50A-30EA-A991-0C04-7FFA681B8803
25.719723,-46.25003,1,7FB7C50A-30EA-A991-0C04-7FFA681B8803
25.950457,-45.7877,1,7FB7C50A-30EA-A991-0C04-7FFA681B8803
26.243805,-44.915943,1,7FB7C50A-30EA-A991-0C04-7FFA681B8803
-7.2489696,34.385693,2,8322EDEF-4C09-318A-1B7E-56D62A6839AD
-6.945134,33.425163,2,8322EDEF-4C09-318A-1B7E-56D62A6839AD
-60.500977,31.213514,2,8322EDEF-4C09-318A-1B7E-56D62A6839AD
-60.8674,30.836493,2,8322EDEF-4C09-318A-1B7E-56D62A6839AD
-61.3369,30.854292,2,8322EDEF-4C09-318A-1B7E-56D62A6839AD
-61.85221,30.74471,2,8322EDEF-4C09-318A-1B7E-56D62A6839AD
-9.546797,26.575085,0,8322EDEF-4C09-318A-1B7E-56D62A6839AD
-9.3649845,26.565016,0,8322EDEF-4C09-318A-1B7E-56D62A6839AD
-8.140206,26.536934,0,8322EDEF-4C09-318A-1B7E-56D62A6839AD
-7.589688,26.522877,0,8322EDEF-4C09-318A-1B7E-56D62A6839AD
-7.269039,26.507893,0,8322EDEF-4C09-318A-1B7E-56D62A6839AD
-55.05052,38.62808,0,8322EDEF-4C09-318A-1B7E-56D62A6839AD
-8.2021475,-26.542364,1,8322EDEF-4C09-318A-1B7E-56D62A6839AD
-8.271159,-26.669289,0,8322EDEF-4C09-318A-1B7E-56D62A6839AD
-8.769105,-27.664791,0,8322EDEF-4C09-318A-1B7E-56D62A6839AD
18.763718,-13.705641,0,8322EDEF-4C09-318A-1B7E-56D62A6839AD
19.857975,-12.650745,0,8322EDEF-4C09-318A-1B7E-56D62A6839AD
20.22861,-11.77446,2,8322EDEF-4C09-318A-1B7E-56D62A6839AD
20.222786,-11.380231,2,8322EDEF-4C09-318A-1B7E-56D62A6839AD
20.03764,-10.3659725,2,8322EDEF-4C09-318A-1B7E-56D62A6839AD
19.748243,-10.058963,2,8322EDEF-4C09-318A-1B7E-56D62A6839AD
19.169235,-9.334647,2,8322EDEF-4C09-318A-1B7E-56D62A6839AD
18.358223,-7.9120584,0,8322EDEF-4C09-318A-1B7E-56D62A6839AD
18.173943,-7.5466285,0,8322EDEF-4C09-318A-1B7E-56D62A6839AD
-30.000917,29.678642,2,8407F9C4-C295-8C95-C281-584AF2118F84
-29.991642,29.668001,2,8407F9C4-C295-8C95-C281-584AF2118F84
-38.646812,-3.6688254,0,8407F9C4-C295-8C95-C281-584AF2118F84
-38.483154,-4.089702,0,8407F9C4-C295-8C95-C281-584AF2118F84
-37.98786,-5.1067104,0,8407F9C4-C295-8C95-C281-584AF2118F84
-37.840923,-5.38737,2,8407F9C4-C295-8C95-C281-584AF2118F84
34.89109,22.276098,2,8407F9C4-C295-8C95-C281-584AF2118F84
35.04435,22.013044,2,8407F9C4-C295-8C95-C281-584AF2118F84
36.740982,21.144299,2,8407F9C4-C295-8C95-C281-584AF2118F84
36.970646,20.943542,2,8407F9C4-C295-8C95-C281-584AF2118F84
43.8228,8.166256,2,8407F9C4-C295-8C95-C281-584AF2118F84
44.302624,7.452911,0,8407F9C4-C295-8C95-C281-584AF2118F84
23.776728,32.071125,0,85748DC9-A6DA-334D-6422-BF69EE06A98C
23.854223,31.868963,0,85748DC9-A6DA-334D-6422-BF69EE06A98C
23.870338,30.453426,0,85748DC9-A6DA-334D-6422-BF69EE06A98C
23.775986,29.601807,0,85748DC9-A6DA-334D-6422-BF69EE06A98C
23.678682,28.956371,0,85748DC9-A6DA-334D-6422-BF69EE06A98C
-3.073697,-8.4524555,0,85748DC9-A6DA-334D-6422-BF69EE06A98C
-3.6709855,-8.258096,0,85748DC9-A6DA-334D-6422-BF69EE06A98C
-4.14888,-8.083484,0,85748DC9-A6DA-334D-6422-BF69EE06A98C
-4.9630427,-7.6918344,0,85748DC9-A6DA-334D-6422-BF69EE06A98C
-5.2419095,-7.539363,0,85748DC9-A6DA-334D-6422-BF69EE06A98C
32.951546,6.272185,0,85748DC9-A6DA-334D-6422-BF69EE06A98C
32.96284,6.281225,0,85748DC9-A6DA-334D-6422-BF69EE06A98C
8.046592,-3.5408087,2,85748DC9-A6DA-334D-6422-BF69EE06A98C
8.185603,-3.447033,2,85748DC9-A6DA-334D-6422-BF69EE06A98C
38.245243,4.310084,2,85748DC9-A6DA-334D-6422-BF69EE06A98C
38.418896,4.3024755,0,85748DC9-A6DA-334D-6422-BF69EE06A98C
57.78095,-22.148159,0,85748DC9-A6DA-334D-6422-BF69EE06A98C
62.948376,-27.14584,0,85748DC9-A6DA-334D-6422-BF69EE06A98C
62.5569,-27.069588,0,85748DC9-A6DA-334D-6422-BF69EE06A98C
61.800995,-27.104443,0,85748DC9-A6DA-334D-6422-BF69EE06A98C
57.190044,-32.279305,0,85748DC9-A6DA-334D-6422-BF69EE06A98C
57.08246,-32.61496,0,85748DC9-A6DA-334D-6422-BF69EE06A98C
56.892162,-33.432472,0,85748DC9-A6DA-334D-6422-BF69EE06A98C
-4.248591,-32.267372,2,85748DC9-A6DA-334D-6422-BF69EE06A98C
-2.7178683,-44.876358,2,85748DC9-A6DA-334D-6422-BF69EE06A98C
-2.6868637,-44.763035,2,85748DC9-A6DA-334D-6422-BF69EE06A98C
-2.8646266,-44.395172,2,85748DC9-A6DA-334D-6422-BF69EE06A98C
-3.0343802,-44.03078,2,85748DC9-A6DA-334D-6422-BF69EE06A98C
-17.774902,-44.425755,2,85748DC9-A6DA-334D-6422-BF69EE06A98C
-16.802774,-44.790432,2,85748DC9-A6DA-334D-6422-BF69EE06A98C
49.360184,-17.993784,0,85748DC9-A6DA-334D-6422-BF69EE06A98C
49.49809,-18.085312,0,85748DC9-A6DA-334D-6422-BF69EE06A98C
50.311043,-18.134491,0,85748DC9-A6DA-334D-6422-BF69EE06A98C
51.310646,-18.091465,0,85748DC9-A6DA-334D-6422-BF69EE06A98C
52.177036,-17.909782,0,85748DC9-A6DA-334D-6422-BF69EE06A98C
53.382107,-17.400599,0,85748DC9-A6DA-334D-6422-BF69EE06A98C
53.69287,-17.270044,0,85748DC9-A6DA-334D-6422-BF69EE06A98C
61.18959,-9.129389,0,85748DC9-A6DA-334D-6422-BF69EE06A98C
61.113846,-8.600065,0,85748DC9-A6DA-334D-6422-BF69EE06A98C
61.12485,-7.928207,0,85748DC9-A6DA-334D-6422-BF69EE06A98C
61.0731,-7.2723026,0,85748DC9-A6DA-334D-6422-BF69EE06A98C
60.979733,-6.472937,0,85748DC9-A6DA-334D-6422-BF69EE06A98C
23.375788,-41.15803,2,8690E8B6-9B41-5F0E-C518-8F2D028C6690
23.36567,-41.162254,2,8690E8B6-9B41-5F0E-C518-8F2D028C6690
-42.507088,-59.4039,2,8690E8B6-9B41-5F0E-C518-8F2D028C6690
-42.511326,-59.355206,2,8690E8B6-9B41-5F0E-C518-8F2D028C6690
-42.469917,-57.49286,2,8690E8B6-9B41-5F0E-C518-8F2D028C6690
-42.465836,-57.369488,2,8690E8B6-9B41-5F0E-C518-8F2D028C6690
51.068134,-8.474353,0,8690E8B6-9B41-5F0E-C518-8F2D028C6690
50.78942,-8.397074,0,8690E8B6-9B41-5F0E-C518-8F2D028C6690
50.173862,-8.549777,0,8690E8B6-9B41-5F0E-C518-8F2D028C6690
50.016575,-8.77528,0,8690E8B6-9B41-5F0E-C518-8F2D028C6690
59.081917,-24.196846,0,8690E8B6-9B41-5F0E-C518-8F2D028C6690
59.189686,-24.469433,0,8690E8B6-9B41-5F0E-C518-8F2D028C6690
-44.03762,10.936483,2,874A6B13-C999-C802-1138-FA198591D897
-43.804543,10.663955,2,874A6B13-C999-C802-1138-FA198591D897
-43.375557,10.029287,2,874A6B13-C999-C802-1138-FA198591D897
-42.844078,9.299914,2,874A6B13-C999-C802-1138-FA198591D897
-42.57134,8.688359,2,874A6B13-C999-C802-1138-FA198591D897
-42.15322,6.957673,2,874A6B13-C999-C802-1138-FA198591D897
-42.169456,6.3630443,2,874A6B13-C999-C802-1138-FA198591D897
-42.249718,5.7396855,2,874A6B13-C999-C802-1138-FA198591D897
-42.362038,4.7440844,2,874A6B13-C999-C802-1138-FA198591D897
-42.807228,3.8280227,2,874A6B13-C999-C802-1138-FA198591D897
-43.053886,3.5039144,2,874A6B13-C999-C802-1138-FA198591D897
-41.492203,3.5285509,2,874A6B13-C999-C802-1138-FA198591D897
-46.65717,15.597017,2,874A6B13-C999-C802-1138-FA198591D897
-46.84303,15.010038,2,874A6B13-C999-C802-1138-FA198591D897
-47.125763,14.280114,2,874A6B13-C999-C802-1138-FA198591D897
-48.096085,14.049603,2,874A6B13-C999-C802-1138-FA198591D897
-47.328472,13.086152,2,874A6B13-C999-C802-1138-FA198591D897
-47.33662,12.907743,2,874A6B13-C999-C802-1138-FA198591D897
-0.1642032,-37.441113,2,874A6B13-C999-C802-1138-FA198591D897
0.066860735,-37.412327,2,874A6B13-C999-C802-1138-FA198591D897
0.8419409,-37.307854,2,874A6B13-C999-C802-1138-FA198591D897
28.654972,23.623537,2,874A6B13-C999-C802-1138-FA198591D897
-67.89095,29.41231,2,874A6B13-C999-C802-1138-FA198591D897
-67.87937,29.399105,2,874A6B13-C999-C802-1138-FA198591D897
-45.156204,-34.68624,2,874A6B13-C999-C802-1138-FA198591D897
-45.150036,-34.686672,2,874A6B13-C999-C802-1138-FA198591D897
-20.534819,40.805916,2,8DD09016-F898-915E-4A5C-727F57619D73
-20.112654,40.809525,2,8DD09016-F898-915E-4A5C-727F57619D73
-19.410007,40.90225,2,8DD09016-F898-915E-4A5C-727F57619D73
-18.65135,41.061363,2,8DD09016-F898-915E-4A5C-727F57619D73
-18.05506,41.21655,2,8DD09016-F898-915E-4A5C-727F57619D73
-17.654364,41.688557,2,8DD09016-F898-915E-4A5C-727F57619D73
-47.41048,-4.28342,2,8DD09016-F898-915E-4A5C-727F57619D73
-47.46103,-3.9955056,2,8DD09016-F898-915E-4A5C-727F57619D73
-47.229034,-3.6371813,2,8DD09016-F898-915E-4A5C-727F57619D73
-47.24789,-3.3335989,2,8DD09016-F898-915E-4A5C-727F57619D73
-46.461094,-2.7646575,2,8DD09016-F898-915E-4A5C-727F57619D73
-0.5736422,36.591187,0,8DD09016-F898-915E-4A5C-727F57619D73
15.913349,44.212086,0,8DD09016-F898-915E-4A5C-727F57619D73
16.394068,44.1082,0,8DD09016-F898-915E-4A5C-727F57619D73
16.823215,43.8737,2,8DD09016-F898-915E-4A5C-727F57619D73
17.151865,43.513866,2,8DD09016-F898-915E-4A5C-727F57619D73
17.74816,42.843,2,8DD09016-F898-915E-4A5C-727F57619D73
18.238815,42.186634,2,8DD09016-F898-915E-4A5C-727F57619D73
15.01398,24.732723,2,8DD09016-F898-915E-4A5C-727F57619D73
14.940176,24.645761,2,8DD09016-F898-915E-4A5C-727F57619D73
-2.744849,7.180716,2,8DD09016-F898-915E-4A5C-727F57619D73
-3.8082876,7.0699673,2,8DD09016-F898-915E-4A5C-727F57619D73
-4.272552,7.0528846,2,8DD09016-F898-915E-4A5C-727F57619D73
-4.5075154,7.0549746,2,8DD09016-F898-915E-4A5C-727F57619D73
-2.0235138,70.8818,1,9268F759-54B0-96CC-C0F5-9D8DBAA12073
-1.8521534,70.78618,1,9268F759-54B0-96CC-C0F5-9D8DBAA12073
-1.4580888,70.75058,1,9268F759-54B0-96CC-C0F5-9D8DBAA12073
-1.2241322,70.05659,1,9268F759-54B0-96CC-C0F5-9D8DBAA12073
0.4913457,68.85049,1,9268F759-54B0-96CC-C0F5-9D8DBAA12073
0.68104565,68.82179,1,9268F759-54B0-96CC-C0F5-9D8DBAA12073
-4.6871543,68.45065,1,9268F759-54B0-96CC-C0F5-9D8DBAA12073
-4.6702685,68.44431,1,9268F759-54B0-96CC-C0F5-9D8DBAA12073
3.0286787,70.64239,1,9268F759-54B0-96CC-C0F5-9D8DBAA12073
3.1625626,70.70066,1,9268F759-54B0-96CC-C0F5-9D8DBAA12073
33.458233,64.69615,1,9268F759-54B0-96CC-C0F5-9D8DBAA12073
33.332836,64.21963,1,9268F759-54B0-96CC-C0F5-9D8DBAA12073
33.090904,63.209476,1,9268F759-54B0-96CC-C0F5-9D8DBAA12073
33.125446,62.5958,1,9268F759-54B0-96CC-C0F5-9D8DBAA12073
32.080547,62.388577,1,9268F759-54B0-96CC-C0F5-9D8DBAA12073
31.44976,62.36517,1,9268F759-54B0-96CC-C0F5-9D8DBAA12073
30.396448,63.087875,1,9268F759-54B0-96CC-C0F5-9D8DBAA12073
29.869032,63.660686,1,9268F759-54B0-96CC-C0F5-9D8DBAA12073
-41.915398,-24.986391,2,96B78431-4166-E4D3-2AA2-15BE2512E1D6
-42.1604,-24.967545,2,96B78431-4166-E4D3-2AA2-15BE2512E1D6
-42.974716,-24.859394,2,96B78431-4166-E4D3-2AA2-15BE2512E1D6
-8.440983,1.6486509,2,96B78431-4166-E4D3-2AA2-15BE2512E1D6
3.8170435,26.828108,2,96B78431-4166-E4D3-2AA2-15BE2512E1D6
3.6072552,26.45614,2,96B78431-4166-E4D3-2AA2-15BE2512E1D6
3.1976862,25.718864,2,96B78431-4166-E4D3-2AA2-15BE2512E1D6
2.8811104,25.121304,2,96B78431-4166-E4D3-2AA2-15BE2512E1D6
2.658593,24.615204,2,96B78431-4166-E4D3-2AA2-15BE2512E1D6
2.617427,23.977825,1,96B78431-4166-E4D3-2AA2-15BE2512E1D6
20.372675,30.290483,1,96B78431-4166-E4D3-2AA2-15BE2512E1D6
20.396067,30.283184,0,96B78431-4166-E4D3-2AA2-15BE2512E1D6
-25.415844,20.684032,0,96B78431-4166-E4D3-2AA2-15BE2512E1D6
-53.76026,44.703823,0,96B78431-4166-E4D3-2AA2-15BE2512E1D6
-53.809013,44.64802,0,96B78431-4166-E4D3-2AA2-15BE2512E1D6
-54.0625,43.980656,0,96B78431-4166-E4D3-2AA2-15BE2512E1D6
-54.13636,43.680748,0,96B78431-4166-E4D3-2AA2-15BE2512E1D6
-54.41688,42.693665,1,96B78431-4166-E4D3-2AA2-15BE2512E1D6
55.626717,-28.593216,0,96B78431-4166-E4D3-2AA2-15BE2512E1D6
56.081448,-29.924585,0,96B78431-4166-E4D3-2AA2-15BE2512E1D6
55.20278,-30.914211,0,96B78431-4166-E4D3-2AA2-15BE2512E1D6
54.314053,-31.625187,0,96B78431-4166-E4D3-2AA2-15BE2512E1D6
-31.920061,-42.33992,0,96B78431-4166-E4D3-2AA2-15BE2512E1D6
-31.955456,-42.31052,0,96B78431-4166-E4D3-2AA2-15BE2512E1D6
-32.743923,32.62151,2,99827717-1B21-7ECC-CAD1-99489F7E19EA
-32.231213,32.320557,2,99827717-1B21-7ECC-CAD1-99489F7E19EA
-31.736746,31.99477,2,99827717-1B21-7ECC-CAD1-99489F7E19EA
-29.622437,27.07442,2,99827717-1B21-7ECC-CAD1-99489F7E19EA
-29.671118,26.280159,2,99827717-1B21-7ECC-CAD1-99489F7E19EA
-29.654436,25.575245,2,99827717-1B21-7ECC-CAD1-99489F7E19EA
-29.709948,25.187544,2,99827717-1B21-7ECC-CAD1-99489F7E19EA
-19.6526,-21.819893,2,99827717-1B21-7ECC-CAD1-99489F7E19EA
-19.13599,-21.843258,2,99827717-1B21-7ECC-CAD1-99489F7E19EA
-18.58847,-21.892704,2,99827717-1B21-7ECC-CAD1-99489F7E19EA
-17.3837,-21.532362,2,99827717-1B21-7ECC-CAD1-99489F7E19EA
-16.82837,-20.373377,0,99827717-1B21-7ECC-CAD1-99489F7E19EA
17.83723,-23.775967,2,99827717-1B21-7ECC-CAD1-99489F7E19EA
18.705767,-24.26174,2,99827717-1B21-7ECC-CAD1-99489F7E19EA
19.057163,-25.105408,2,99827717-1B21-7ECC-CAD1-99489F7E19EA
19.693117,-26.078281,1,99827717-1B21-7ECC-CAD1-99489F7E19EA
19.86723,-26.502865,1,99827717-1B21-7ECC-CAD1-99489F7E19EA
19.8856,-26.49091,1,99827717-1B21-7ECC-CAD1-99489F7E19EA
-20.37198,-62.993332,0,99827717-1B21-7ECC-CAD1-99489F7E19EA
-20.38406,-62.97079,0,99827717-1B21-7ECC-CAD1-99489F7E19EA
-37.70412,3.8831131,2,99C0C5AE-01AD-1BB2-A36B-74B166CB26BA
-37.495632,3.576073,2,99C0C5AE-01AD-1BB2-A36B-74B166CB26BA
-37.03273,2.949058,2,99C0C5AE-01AD-1BB2-A36B-74B166CB26BA
-36.715267,2.4871712,2,99C0C5AE-01AD-1BB2-A36B-74B166CB26BA
-36.470337,2.1199949,2,99C0C5AE-01AD-1BB2-A36B-74B166CB26BA
-36.085476,1.5124241,2,99C0C5AE-01AD-1BB2-A36B-74B166CB26BA
-11.022255,13.072598,1,99C0C5AE-01AD-1BB2-A36B-74B166CB26BA
-10.715418,13.525539,1,99C0C5AE-01AD-1BB2-A36B-74B166CB26BA
-10.462258,13.877534,1,99C0C5AE-01AD-1BB2-A36B-74B166CB26BA
-9.805821,14.714917,2,99C0C5AE-01AD-1BB2-A36B-74B166CB26BA
-9.499517,14.996125,2,99C0C5AE-01AD-1BB2-A36B-74B166CB26BA
-8.89291,15.507303,2,99C0C5AE-01AD-1BB2-A36B-74B166CB26BA
-7.6820827,17.153467,2,99C0C5AE-01AD-1BB2-A36B-74B166CB26BA
-7.1791463,17.79779,2,99C0C5AE-01AD-1BB2-A36B-74B166CB26BA
-6.5976863,18.396378,2,99C0C5AE-01AD-1BB2-A36B-74B166CB26BA
-6.449265,18.565659,2,99C0C5AE-01AD-1BB2-A36B-74B166CB26BA
-10.955908,45.87301,2,99C0C5AE-01AD-1BB2-A36B-74B166CB26BA
-11.465556,46.557755,2,99C0C5AE-01AD-1BB2-A36B-74B166CB26BA
-12.084375,47.49781,1,99C0C5AE-01AD-1BB2-A36B-74B166CB26BA
-12.332728,48.088737,1,99C0C5AE-01AD-1BB2-A36B-74B166CB26BA
-12.427623,48.595905,1,99C0C5AE-01AD-1BB2-A36B-74B166CB26BA
-13.402309,49.2019,1,99C0C5AE-01AD-1BB2-A36B-74B166CB26BA
-13.662356,49.146694,1,99C0C5AE-01AD-1BB2-A36B-74B166CB26BA
-13.929434,49.655186,1,99C0C5AE-01AD-1BB2-A36B-74B166CB26BA
18.670835,27.461725,1,99C0C5AE-01AD-1BB2-A36B-74B166CB26BA
18.94624,27.343033,1,99C0C5AE-01AD-1BB2-A36B-74B166CB26BA
19.373758,27.170286,1,99C0C5AE-01AD-1BB2-A36B-74B166CB26BA
32.44214,10.9192505,1,99C0C5AE-01AD-1BB2-A36B-74B166CB26BA
31.985174,10.624961,1,99C0C5AE-01AD-1BB2-A36B-74B166CB26BA
31.810785,10.5311575,1,99C0C5AE-01AD-1BB2-A36B-74B166CB26BA
-36.8302,-25.071394,2,9C694EBE-9421-F45A-ED92-F521991A6A52
-36.06715,-25.337267,2,9C694EBE-9421-F45A-ED92-F521991A6A52
-35.771484,-25.449167,2,9C694EBE-9421-F45A-ED92-F521991A6A52
-33.639637,-25.44233,2,9C694EBE-9421-F45A-ED92-F521991A6A52
-33.232098,-25.42551,2,9C694EBE-9421-F45A-ED92-F521991A6A52
-32.93743,-25.42881,2,9C694EBE-9421-F45A-ED92-F521991A6A52
-38.386856,-31.447083,2,9C694EBE-9421-F45A-ED92-F521991A6A52
-38.67338,-31.278687,2,9C694EBE-9421-F45A-ED92-F521991A6A52
-39.12321,-30.977648,2,9C694EBE-9421-F45A-ED92-F521991A6A52
-39.412792,-30.606398,2,9C694EBE-9421-F45A-ED92-F521991A6A52
-40.133945,-29.517424,2,9C694EBE-9421-F45A-ED92-F521991A6A52
-40.276115,-29.35206,2,9C694EBE-9421-F45A-ED92-F521991A6A52
-39.17287,51.984905,2,9E6EBCE2-44FB-8F07-4135-E91140B34096
-39.786003,52.185055,2,9E6EBCE2-44FB-8F07-4135-E91140B34096
-40.402733,52.216057,2,9E6EBCE2-44FB-8F07-4135-E91140B34096
-40.49512,52.225723,2,9E6EBCE2-44FB-8F07-4135-E91140B34096
-35.80764,51.39155,2,9E6EBCE2-44FB-8F07-4135-E91140B34096
-35.696667,51.38439,2,9E6EBCE2-44FB-8F07-4135-E91140B34096
36.09816,6.6216655,0,9E6EBCE2-44FB-8F07-4135-E91140B34096
4.3539953,-12.476434,0,9E6EBCE2-44FB-8F07-4135-E91140B34096
-44.675766,-44.203735,2,9E6EBCE2-44FB-8F07-4135-E91140B34096
-44.4925,-44.48248,2,9E6EBCE2-44FB-8F07-4135-E91140B34096
-44.269817,-44.877144,2,9E6EBCE2-44FB-8F07-4135-E91140B34096
-43.904434,-45.71099,2,9E6EBCE2-44FB-8F07-4135-E91140B34096
28.323969,-2.0204682,0,9E6EBCE2-44FB-8F07-4135-E91140B34096
28.61268,-1.9583573,0,9E6EBCE2-44FB-8F07-4135-E91140B34096
30.256895,-1.4149038,0,9E6EBCE2-44FB-8F07-4135-E91140B34096
30.78144,-1.2362981,0,9E6EBCE2-44FB-8F07-4135-E91140B34096
31.299393,-0.8991912,0,9E6EBCE2-44FB-8F07-4135-E91140B34096
31.894812,-0.5041231,0,9E6EBCE2-44FB-8F07-4135-E91140B34096
60.332085,15.156121,0,9E6EBCE2-44FB-8F07-4135-E91140B34096
60.430122,16.111593,0,9E6EBCE2-44FB-8F07-4135-E91140B34096
60.16575,16.595192,0,9E6EBCE2-44FB-8F07-4135-E91140B34096
59.941036,17.148914,0,9E6EBCE2-44FB-8F07-4135-E91140B34096
59.04838,17.549543,0,9E6EBCE2-44FB-8F07-4135-E91140B34096
58.69851,17.643003,0,9E6EBCE2-44FB-8F07-4135-E91140B34096
-26.960817,56.422623,0,A135AF2A-692D-9C83-AB54-34F977E4D14D
-33.55878,52.56332,0,A135AF2A-692D-9C83-AB54-34F977E4D14D
-33.782948,52.54487,0,A135AF2A-692D-9C83-AB54-34F977E4D14D
-28.013277,5.1009984,0,A135AF2A-692D-9C83-AB54-34F977E4D14D
-27.59865,4.9045467,0,A135AF2A-692D-9C83-AB54-34F977E4D14D
-27.381857,4.8374686,0,A135AF2A-692D-9C83-AB54-34F977E4D14D
48.148533,-38.52639,0,A135AF2A-692D-9C83-AB54-34F977E4D14D
48.105816,-38.47917,2,A135AF2A-692D-9C83-AB54-34F977E4D14D
46.6438,-37.60097,0,A135AF2A-692D-9C83-AB54-34F977E4D14D
46.097736,-37.290234,0,A135AF2A-692D-9C83-AB54-34F977E4D14D
45.50308,-36.95363,0,A135AF2A-692D-9C83-AB54-34F977E4D14D
45.307144,48.96995,0,A135AF2A-692D-9C83-AB54-34F977E4D14D
0.06403346,-71.07835,0,A135AF2A-692D-9C83-AB54-34F977E4D14D
0.116533734,-71.10281,0,A135AF2A-692D-9C83-AB54-34F977E4D14D
1.8751905,-71.98596,0,A135AF2A-692D-9C83-AB54-34F977E4D14D
1.973547,-72.03401,0,A135AF2A-692D-9C83-AB54-34F977E4D14D
1.1063303,9.782013,0,A135AF2A-692D-9C83-AB54-34F977E4D14D
1.1250472,9.84161,0,A135AF2A-692D-9C83-AB54-34F977E4D14D
44.596134,49.618195,0,A135AF2A-692D-9C83-AB54-34F977E4D14D
44.260727,49.912125,0,A135AF2A-692D-9C83-AB54-34F977E4D14D
44.10682,50.044655,2,A135AF2A-692D-9C83-AB54-34F977E4D14D
-18.25236,65.766975,2,A135AF2A-692D-9C83-AB54-34F977E4D14D
-18.045973,66.23817,2,A135AF2A-692D-9C83-AB54-34F977E4D14D
-17.86696,66.639,2,A135AF2A-692D-9C83-AB54-34F977E4D14D
-22.946249,68.49369,2,A43E8D46-F136-DB41-3E16-F9F161DBA1D6
-23.168625,68.5345,2,A43E8D46-F136-DB41-3E16-F9F161DBA1D6
-23.911537,68.69077,2,A43E8D46-F136-DB41-3E16-F9F161DBA1D6
-24.990772,69.00721,1,A43E8D46-F136-DB41-3E16-F9F161DBA1D6
-25.063946,69.03154,1,A43E8D46-F136-DB41-3E16-F9F161DBA1D6
-34.700657,52.89087,1,A43E8D46-F136-DB41-3E16-F9F161DBA1D6
-34.413254,40.351624,2,A43E8D46-F136-DB41-3E16-F9F161DBA1D6
-34.869343,39.217583,2,A43E8D46-F136-DB41-3E16-F9F161DBA1D6
-35.094597,38.781246,2,A43E8D46-F136-DB41-3E16-F9F161DBA1D6
-35.49372,38.411102,2,A43E8D46-F136-DB41-3E16-F9F161DBA1D6
-36.29843,37.81487,2,A43E8D46-F136-DB41-3E16-F9F161DBA1D6
-36.465973,37.57087,2,A43E8D46-F136-DB41-3E16-F9F161DBA1D6
-3.6324153,51.627792,0,A43E8D46-F136-DB41-3E16-F9F161DBA1D6
-3.6492639,51.58257,0,A43E8D46-F136-DB41-3E16-F9F161DBA1D6
-5.5009093,49.95515,0,A43E8D46-F136-DB41-3E16-F9F161DBA1D6
-5.6006308,49.66927,0,A43E8D46-F136-DB41-3E16-F9F161DBA1D6
-5.7226553,49.33081,0,A43E8D46-F136-DB41-3E16-F9F161DBA1D6
-5.4921727,48.959248,1,A43E8D46-F136-DB41-3E16-F9F161DBA1D6
23.86246,-18.338137,0,A43E8D46-F136-DB41-3E16-F9F161DBA1D6
23.815329,-18.812134,0,A43E8D46-F136-DB41-3E16-F9F161DBA1D6
23.624516,-19.144938,0,A43E8D46-F136-DB41-3E16-F9F161DBA1D6
21.811922,-20.012436,0,A43E8D46-F136-DB41-3E16-F9F161DBA1D6
21.745623,-19.981947,1,A43E8D46-F136-DB41-3E16-F9F161DBA1D6
21.809126,-19.321821,1,A43E8D46-F136-DB41-3E16-F9F161DBA1D6
18.482338,24.364252,1,A43E8D46-F136-DB41-3E16-F9F161DBA1D6
18.466604,24.255436,2,A43E8D46-F136-DB41-3E16-F9F161DBA1D6
18.392433,23.975193,2,A43E8D46-F136-DB41-3E16-F9F161DBA1D6
-62.575127,24.983435,2,A43E8D46-F136-DB41-3E16-F9F161DBA1D6
8.321936,19.227814,2,A43E8D46-F136-DB41-3E16-F9F161DBA1D6
8.339443,19.232224,2,A43E8D46-F136-DB41-3E16-F9F161DBA1D6
17.878202,49.684845,1,A7C426E7-344F-99F4-6E35-453AF3AD9C2C
18.17984,48.961594,1,A7C426E7-344F-99F4-6E35-453AF3AD9C2C
18.258045,48.697826,1,A7C426E7-344F-99F4-6E35-453AF3AD9C2C
4.71498,40.841602,1,A7C426E7-344F-99F4-6E35-453AF3AD9C2C
-35.527405,20.732037,1,A7C426E7-344F-99F4-6E35-453AF3AD9C2C
-35.547295,20.730055,1,A7C426E7-344F-99F4-6E35-453AF3AD9C2C
30.31458,16.285864,1,A7C426E7-344F-99F4-6E35-453AF3AD9C2C
30.163498,16.158587,1,A7C426E7-344F-99F4-6E35-453AF3AD9C2C
3.8579025,-18.995062,1,A7C426E7-344F-99F4-6E35-453AF3AD9C2C
3.7814763,-19.634897,2,A7C426E7-344F-99F4-6E35-453AF3AD9C2C
3.7734141,-20.059095,2,A7C426E7-344F-99F4-6E35-453AF3AD9C2C
-19.684006,-25.571367,2,A7C426E7-344F-99F4-6E35-453AF3AD9C2C
-19.856493,-25.354366,2,A7C426E7-344F-99F4-6E35-453AF3AD9C2C
-20.171774,-24.952562,2,A7C426E7-344F-99F4-6E35-453AF3AD9C2C
-70.87809,10.371228,2,A7C426E7-344F-99F4-6E35-453AF3AD9C2C
-70.4874,12.46123,2,A7C426E7-344F-99F4-6E35-453AF3AD9C2C
-70.5336,12.475902,2,A7C426E7-344F-99F4-6E35-453AF3AD9C2C
-71.60529,10.387782,2,A7C426E7-344F-99F4-6E35-453AF3AD9C2C
-34.015896,-29.514822,2,A7C426E7-344F-99F4-6E35-453AF3AD9C2C
-33.316196,-28.839563,2,A7C426E7-344F-99F4-6E35-453AF3AD9C2C
-33.19638,-28.69864,2,A7C426E7-344F-99F4-6E35-453AF3AD9C2C
-62.498585,0.7091169,2,A7C426E7-344F-99F4-6E35-453AF3AD9C2C
-62.441715,0.744206,1,A7C426E7-344F-99F4-6E35-453AF3AD9C2C
1.0935245,-15.800644,1,A7C426E7-344F-99F4-6E35-453AF3AD9C2C
57.476696,-44.773064,1,AB9921A8-F143-E101-6A47-E66882F571B2
57.762367,-45.07956,1,AB9921A8-F143-E101-6A47-E66882F571B2
58.287476,-45.5142,2,AB9921A8-F143-E101-6A47-E66882F571B2
59.109436,-44.996048,2,AB9921A8-F143-E101-6A47-E66882F571B2
59.519745,-44.859165,2,AB9921A8-F143-E101-6A47-E66882F571B2
60.100437,-44.693848,2,AB9921A8-F143-E101-6A47-E66882F571B2
59.819576,-32.450924,0,AB9921A8-F143-E101-6A47-E66882F571B2
59.73035,-32.856117,0,AB9921A8-F143-E101-6A47-E66882F571B2
51.41597,-32.77799,1,AB9921A8-F143-E101-6A47-E66882F571B2
-11.692199,-51.93469,1,AB9921A8-F143-E101-6A47-E66882F571B2
-11.774152,-51.783604,2,AB9921A8-F143-E101-6A47-E66882F571B2
-12.220309,-50.86492,2,AB9921A8-F143-E101-6A47-E66882F571B2
-12.726509,-50.307583,2,AB9921A8-F143-E101-6A47-E66882F571B2
-12.790274,-50.181805,2,AB9921A8-F143-E101-6A47-E66882F571B2
-10.797199,-42.939938,2,AB9921A8-F143-E101-6A47-E66882F571B2
-10.792957,-42.70852,0,AB9921A8-F143-E101-6A47-E66882F571B2
-11.001713,-41.874237,0,AB9921A8-F143-E101-6A47-E66882F571B2
-11.053505,-41.563282,0,AB9921A8-F143-E101-6A47-E66882F571B2
41.24234,-19.041458,1,AB9921A8-F143-E101-6A47-E66882F571B2
41.418648,-19.0963,1,AB9921A8-F143-E101-6A47-E66882F571B2
42.133736,-20.599592,1,AB9921A8-F143-E101-6A47-E66882F571B2
42.167885,-20.70564,1,AB9921A8-F143-E101-6A47-E66882F571B2
-64.00298,-11.600242,1,AB9921A8-F143-E101-6A47-E66882F571B2
-63.98386,-11.587991,1,AB9921A8-F143-E101-6A47-E66882F571B2
-36.09199,65.37396,2,B06410CC-D778-33B2-B1FD-A828EE4AF413
-36.44366,65.09717,1,B06410CC-D778-33B2-B1FD-A828EE4AF413
-38.289894,63.89975,0,B06410CC-D778-33B2-B1FD-A828EE4AF413
-37.901466,64.02315,0,B06410CC-D778-33B2-B1FD-A828EE4AF413
-37.52145,64.088585,2,B06410CC-D778-33B2-B1FD-A828EE4AF413
-36.513268,64.27658,2,B06410CC-D778-33B2-B1FD-A828EE4AF413
18.013512,1.2626835,0,B06410CC-D778-33B2-B1FD-A828EE4AF413
18.158836,1.0950226,0,B06410CC-D778-33B2-B1FD-A828EE4AF413
18.463871,0.64491224,0,B06410CC-D778-33B2-B1FD-A828EE4AF413
18.016813,0.30575854,0,B06410CC-D778-33B2-B1FD-A828EE4AF413
17.295702,-0.12294834,0,B06410CC-D778-33B2-B1FD-A828EE4AF413
17.094744,-0.27816653,2,B06410CC-D778-33B2-B1FD-A828EE4AF413
-55.832226,2.9836407,0,B06410CC-D778-33B2-B1FD-A828EE4AF413
-55.819893,2.974543,0,B06410CC-D778-33B2-B1FD-A828EE4AF413
-14.444828,17.265203,0,B06410CC-D778-33B2-B1FD-A828EE4AF413
-14.06732,17.246696,2,B06410CC-D778-33B2-B1FD-A828EE4AF413
-13.5983095,17.236767,2,B06410CC-D778-33B2-B1FD-A828EE4AF413
-12.953592,17.20115,2,B06410CC-D778-33B2-B1FD-A828EE4AF413
10.817256,50.658318,0,B06410CC-D778-33B2-B1FD-A828EE4AF413
11.358984,50.457092,1,B06410CC-D778-33B2-B1FD-A828EE4AF413
11.599332,50.391174,0,B06410CC-D778-33B2-B1FD-A828EE4AF413
12.812778,49.737537,0,B06410CC-D778-33B2-B1FD-A828EE4AF413
13.265597,49.49722,0,B06410CC-D778-33B2-B1FD-A828EE4AF413
13.571543,49.3376,0,B06410CC-D778-33B2-B1FD-A828EE4AF413
20.620205,45.158947,2,B0AAFE06-91C2-2C6D-4547-7508BB719E45
-29.854265,22.229277,2,B0AAFE06-91C2-2C6D-4547-7508BB719E45
-29.869946,22.160187,2,B0AAFE06-91C2-2C6D-4547-7508BB719E45
-51.64988,19.7975,2,B0AAFE06-91C2-2C6D-4547-7508BB719E45
-62.10119,18.195223,2,B0AAFE06-91C2-2C6D-4547-7508BB719E45
-62.03644,18.100916,2,B0AAFE06-91C2-2C6D-4547-7508BB719E45
22.723194,-36.865093,2,B0AAFE06-91C2-2C6D-4547-7508BB719E45
22.699593,-36.8678,2,B0AAFE06-91C2-2C6D-4547-7508BB719E45
45.804733,-12.443121,2,B0AAFE06-91C2-2C6D-4547-7508BB719E45
45.83739,-12.030442,2,B0AAFE06-91C2-2C6D-4547-7508BB719E45
45.831093,-11.664031,2,B0AAFE06-91C2-2C6D-4547-7508BB719E45
64.452126,-20.753914,1,B0AAFE06-91C2-2C6D-4547-7508BB719E45
-16.39001,-51.09157,2,B0AAFE06-91C2-2C6D-4547-7508BB719E45
-16.462074,-51.080627,2,B0AAFE06-91C2-2C6D-4547-7508BB719E45
-18.633415,-51.45182,2,B0AAFE06-91C2-2C6D-4547-7508BB719E45
-18.699642,-51.473522,2,B0AAFE06-91C2-2C6D-4547-7508BB719E45
-12.163764,-34.46561,1,B0AAFE06-91C2-2C6D-4547-7508BB719E45
-12.148427,-34.434208,2,B0AAFE06-91C2-2C6D-4547-7508BB719E45
25.194366,50.87535,0,B0AAFE06-91C2-2C6D-4547-7508BB719E45
25.16088,50.88091,0,B0AAFE06-91C2-2C6D-4547-7508BB719E45
19.26242,39.436897,2,B0AAFE06-91C2-2C6D-4547-7508BB719E45
19.133955,38.31841,2,B0AAFE06-91C2-2C6D-4547-7508BB719E45
19.335117,38.076393,2,B0AAFE06-91C2-2C6D-4547-7508BB719E45
19.749125,37.41551,2,B0AAFE06-91C2-2C6D-4547-7508BB719E45
-33.007786,-0.895067,2,B17DF37B-207D-A052-4D45-F862B3BF4C4C
-33.038506,-1.4316124,2,B17DF37B-207D-A052-4D45-F862B3BF4C4C
-33.05777,-1.7972596,2,B17DF37B-207D-A052-4D45-F862B3BF4C4C
-33.08088,-3.095734,2,B17DF37B-207D-A052-4D45-F862B3BF4C4C
-33.153934,-3.795964,2,B17DF37B-207D-A052-4D45-F862B3BF4C4C
-33.342644,-4.1943502,2,B17DF37B-207D-A052-4D45-F862B3BF4C4C
46.026142,-18.658163,0,B17DF37B-207D-A052-4D45-F862B3BF4C4C
47.525772,-19.88856,0,B17DF37B-207D-A052-4D45-F862B3BF4C4C
47.55805,-19.697868,0,B17DF37B-207D-A052-4D45-F862B3BF4C4C
47.329624,-19.37343,0,B17DF37B-207D-A052-4D45-F862B3BF4C4C
-33.970604,-33.49711,0,B17DF37B-207D-A052-4D45-F862B3BF4C4C
-34.757244,-34.047726,0,B17DF37B-207D-A052-4D45-F862B3BF4C4C
-35.09688,-34.210236,2,B17DF37B-207D-A052-4D45-F862B3BF4C4C
-67.26356,6.8585334,2,B17DF37B-207D-A052-4D45-F862B3BF4C4C
-67.28051,7.5448403,2,B17DF37B-207D-A052-4D45-F862B3BF4C4C
-67.30731,8.200993,2,B17DF37B-207D-A052-4D45-F862B3BF4C4C
-67.36504,9.255732,2,B17DF37B-207D-A052-4D45-F862B3BF4C4C
-67.17556,9.628137,2,B17DF37B-207D-A052-4D45-F862B3BF4C4C
14.597251,40.841446,0,B17DF37B-207D-A052-4D45-F862B3BF4C4C
14.541621,40.768333,0,B17DF37B-207D-A052-4D45-F862B3BF4C4C
-43.603546,-6.626286,0,B17DF37B-207D-A052-4D45-F862B3BF4C4C
-43.500908,-6.819436,0,B17DF37B-207D-A052-4D45-F862B3BF4C4C
-42.677616,-8.24248,0,B17DF37B-207D-A052-4D45-F862B3BF4C4C
-42.57131,-8.431988,0,B17DF37B-207D-A052-4D45-F862B3BF4C4C
41.340904,7.1128697,0,B17DF37B-207D-A052-4D45-F862B3BF4C4C
41.199657,7.4912705,0,B17DF37B-207D-A052-4D45-F862B3BF4C4C
41.50799,9.2889805,0,B17DF37B-207D-A052-4D45-F862B3BF4C4C
41.882477,9.36689,0,B17DF37B-207D-A052-4D45-F862B3BF4C4C
48.397938,-1.4528956,0,B17DF37B-207D-A052-4D45-F862B3BF4C4C
48.512783,-1.4879537,0,B17DF37B-207D-A052-4D45-F862B3BF4C4C
11.445922,23.0691,0,B2EE7EC5-4E5B-EBDD-E0EB-AF758B95C36A
11.246264,23.0604,0,B2EE7EC5-4E5B-EBDD-E0EB-AF758B95C36A
10.348188,23.052364,0,B2EE7EC5-4E5B-EBDD-E0EB-AF758B95C36A
10.070116,23.04493,0,B2EE7EC5-4E5B-EBDD-E0EB-AF758B95C36A
-18.093485,23.091782,2,B2EE7EC5-4E5B-EBDD-E0EB-AF758B95C36A
-18.105968,23.105812,2,B2EE7EC5-4E5B-EBDD-E0EB-AF758B95C36A
-35.195152,-39.070457,2,B2EE7EC5-4E5B-EBDD-E0EB-AF758B95C36A
-35.10446,-39.09266,2,B2EE7EC5-4E5B-EBDD-E0EB-AF758B95C36A
-33.986843,-39.265842,2,B2EE7EC5-4E5B-EBDD-E0EB-AF758B95C36A
-32.992622,-39.527008,2,B2EE7EC5-4E5B-EBDD-E0EB-AF758B95C36A
-32.83221,-39.54963,2,B2EE7EC5-4E5B-EBDD-E0EB-AF758B95C36A
-32.60022,-39.53353,2,B2EE7EC5-4E5B-EBDD-E0EB-AF758B95C36A
49.906902,-24.540747,1,B2EE7EC5-4E5B-EBDD-E0EB-AF758B95C36A
49.934284,-24.562958,2,B2EE7EC5-4E5B-EBDD-E0EB-AF758B95C36A
-12.687198,-39.280937,2,B2EE7EC5-4E5B-EBDD-E0EB-AF758B95C36A
-13.520542,-39.117416,2,B2EE7EC5-4E5B-EBDD-E0EB-AF758B95C36A
-13.783946,-39.32857,2,B2EE7EC5-4E5B-EBDD-E0EB-AF758B95C36A
-14.143283,-39.596073,2,B2EE7EC5-4E5B-EBDD-E0EB-AF758B95C36A
-26.384167,-43.426865,1,B2EE7EC5-4E5B-EBDD-E0EB-AF758B95C36A
-26.382307,-43.44609,0,B2EE7EC5-4E5B-EBDD-E0EB-AF758B95C36A
-23.7214,22.990965,0,B3CE5256-6F65-85EB-0078-689BD5CC1B17
-24.13363,24.914635,0,B3CE5256-6F65-85EB-0078-689BD5CC1B17
-24.308464,25.131353,0,B3CE5256-6F65-85EB-0078-689BD5CC1B17
-25.47868,25.339396,2,B3CE5256-6F65-85EB-0078-689BD5CC1B17
-26.284943,25.331047,2,B3CE5256-6F65-85EB-0078-689BD5CC1B17
-26.47366,25.291618,2,B3CE5256-6F65-85EB-0078-689BD5CC1B17
0.25354898,-0.9011546,0,B3CE5256-6F65-85EB-0078-689BD5CC1B17
0.10853103,-1.5191885,0,B3CE5256-6F65-85EB-0078-689BD5CC1B17
-0.17823969,-2.5578227,2,B3CE5256-6F65-85EB-0078-689BD5CC1B17
-0.30133337,-3.0748904,2,B3CE5256-6F65-85EB-0078-689BD5CC1B17
-0.34094808,-3.4175715,2,B3CE5256-6F65-85EB-0078-689BD5CC1B17
-0.41403905,-3.9656765,2,B3CE5256-6F65-85EB-0078-689BD5CC1B17
44.66011,-15.484936,0,B3CE5256-6F65-85EB-0078-689BD5CC1B17
45.0459,-14.886092,0,B3CE5256-6F65-85EB-0078-689BD5CC1B17
45.39523,-14.362352,0,B3CE5256-6F65-85EB-0078-689BD5CC1B17
-51.564304,-38.62563,0,B3CE5256-6F65-85EB-0078-689BD5CC1B17
-51.397236,-39.380405,0,B3CE5256-6F65-85EB-0078-689BD5CC1B17
-51.396317,-39.37229,2,B3CE5256-6F65-85EB-0078-689BD5CC1B17
-29.737112,-68.60499,2,B3CE5256-6F65-85EB-0078-689BD5CC1B17
-29.940168,-68.691925,2,B3CE5256-6F65-85EB-0078-689BD5CC1B17
-30.54627,-68.44999,2,B3CE5256-6F65-85EB-0078-689BD5CC1B17
-31.119942,-68.3931,2,B3CE5256-6F65-85EB-0078-689BD5CC1B17
-30.067734,-69.86119,2,B3CE5256-6F65-85EB-0078-689BD5CC1B17
-3.7735994,2.1306949,0,B3CE5256-6F65-85EB-0078-689BD5CC1B17
-11.117096,67.45371,2,B6EE5F90-8F59-D3CF-C449-59216B28207B
-11.527079,67.79,1,B6EE5F90-8F59-D3CF-C449-59216B28207B
-12.346492,68.54055,1,B6EE5F90-8F59-D3CF-C449-59216B28207B
-12.619276,69.217834,2,B6EE5F90-8F59-D3CF-C449-59216B28207B
-13.170724,68.99677,2,B6EE5F90-8F59-D3CF-C449-59216B28207B
-13.638791,68.96924,2,B6EE5F90-8F59-D3CF-C449-59216B28207B
-21.060087,54.21053,2,B6EE5F90-8F59-D3CF-C449-59216B28207B
-20.94285,54.010323,2,B6EE5F90-8F59-D3CF-C449-59216B28207B
-20.81167,53.73614,2,B6EE5F90-8F59-D3CF-C449-59216B28207B
-19.995745,52.796623,2,B6EE5F90-8F59-D3CF-C449-59216B28207B
9.359268,46.106205,1,B6EE5F90-8F59-D3CF-C449-59216B28207B
9.395437,46.090828,2,B6EE5F90-8F59-D3CF-C449-59216B28207B
18.987478,55.533997,0,B6EE5F90-8F59-D3CF-C449-59216B28207B
18.574898,55.08117,0,B6EE5F90-8F59-D3CF-C449-59216B28207B
18.460993,54.96925,0,B6EE5F90-8F59-D3CF-C449-59216B28207B
17.81497,54.017326,2,B6EE5F90-8F59-D3CF-C449-59216B28207B
-5.0453095,22.682428,2,B6EE5F90-8F59-D3CF-C449-59216B28207B
-5.0377817,22.659006,2,B6EE5F90-8F59-D3CF-C449-59216B28207B
39.171066,8.671963,2,B6EE5F90-8F59-D3CF-C449-59216B28207B
39.441826,1.1422018,2,B6EE5F90-8F59-D3CF-C449-59216B28207B
39.352222,0.17477973,1,B6EE5F90-8F59-D3CF-C449-59216B28207B
39.41813,-0.18344657,1,B6EE5F90-8F59-D3CF-C449-59216B28207B
39.794647,-1.1403655,1,B6EE5F90-8F59-D3CF-C449-59216B28207B
39.941723,-1.3373806,1,B6EE5F90-8F59-D3CF-C449-59216B28207B
-23.810827,-17.243713,2,B9FD0C60-33D3-E99E-2475-815EAD5C89C2
-23.643082,-17.313957,2,B9FD0C60-33D3-E99E-2475-815EAD5C89C2
-22.171383,-17.842773,2,B9FD0C60-33D3-E99E-2475-815EAD5C89C2
-21.587236,-18.114775,2,B9FD0C60-33D3-E99E-2475-815EAD5C89C2
-21.053413,-18.504477,2,B9FD0C60-33D3-E99E-2475-815EAD5C89C2
-20.645426,-18.903917,2,B9FD0C60-33D3-E99E-2475-815EAD5C89C2
-13.341778,-17.120188,2,B9FD0C60-33D3-E99E-2475-815EAD5C89C2
-12.80369,-17.747189,0,B9FD0C60-33D3-E99E-2475-815EAD5C89C2
-12.723944,-18.151745,0,B9FD0C60-33D3-E99E-2475-815EAD5C89C2
20.920723,15.021516,0,B9FD0C60-33D3-E99E-2475-815EAD5C89C2
20.890228,15.60391,0,B9FD0C60-33D3-E99E-2475-815EAD5C89C2
20.884138,15.813472,0,B9FD0C60-33D3-E99E-2475-815EAD5C89C2
-53.394825,-17.561197,2,B9FD0C60-33D3-E99E-2475-815EAD5C89C2
-52.78339,-18.117489,2,B9FD0C60-33D3-E99E-2475-815EAD5C89C2
-51.748466,-19.722624,2,B9FD0C60-33D3-E99E-2475-815EAD5C89C2
-51.59086,-18.588186,2,B9FD0C60-33D3-E99E-2475-815EAD5C89C2
-51.21172,-18.88716,2,B9FD0C60-33D3-E99E-2475-815EAD5C89C2
-50.895966,-18.913345,2,B9FD0C60-33D3-E99E-2475-815EAD5C89C2
71.4335,4.31852,0,B9FD0C60-33D3-E99E-2475-815EAD5C89C2
71.38149,3.982377,2,B9FD0C60-33D3-E99E-2475-815EAD5C89C2
71.32568,3.6492512,2,B9FD0C60-33D3-E99E-2475-815EAD5C89C2
71.014145,1.4535811,2,B9FD0C60-33D3-E99E-2475-815EAD5C89C2
70.968704,1.0231248,2,B9FD0C60-33D3-E99E-2475-815EAD5C89C2
70.91775,0.5032274,2,B9FD0C60-33D3-E99E-2475-815EAD5C89C2
-18.003576,-8.787412,2,BAAA2876-D490-2AB5-0A98-6EB94C7FC331
-17.8036,-8.34466,2,BAAA2876-D490-2AB5-0A98-6EB94C7FC331
-17.661758,-8.079924,2,BAAA2876-D490-2AB5-0A98-6EB94C7FC331
-7.5109687,40.235302,2,BAAA2876-D490-2AB5-0A98-6EB94C7FC331
-7.6133423,40.259758,2,BAAA2876-D490-2AB5-0A98-6EB94C7FC331
-8.618216,40.468853,2,BAAA2876-D490-2AB5-0A98-6EB94C7FC331
14.967651,-33.373,2,BAAA2876-D490-2AB5-0A98-6EB94C7FC331
15.002704,-33.15807,2,BAAA2876-D490-2AB5-0A98-6EB94C7FC331
15.148741,-32.24758,2,BAAA2876-D490-2AB5-0A98-6EB94C7FC331
45.40351,-8.018058,2,BAAA2876-D490-2AB5-0A98-6EB94C7FC331
45.17328,-7.717787,2,BAAA2876-D490-2AB5-0A98-6EB94C7FC331
48.576515,13.129558,2,BAAA2876-D490-2AB5-0A98-6EB94C7FC331
49.23834,12.9418335,2,BAAA2876-D490-2AB5-0A98-6EB94C7FC331
49.73398,12.713712,2,BAAA2876-D490-2AB5-0A98-6EB94C7FC331
50.231907,12.505253,2,BAAA2876-D490-2AB5-0A98-6EB94C7FC331
51.381752,11.43189,2,BAAA2876-D490-2AB5-0A98-6EB94C7FC331
51.86652,11.145714,2,BAAA2876-D490-2AB5-0A98-6EB94C7FC331
52.375385,10.778654,1,BAAA2876-D490-2AB5-0A98-6EB94C7FC331
57.10131,-14.619735,0,BAAA2876-D490-2AB5-0A98-6EB94C7FC331
57.08439,-14.471093,0,BAAA2876-D490-2AB5-0A98-6EB94C7FC331
56.915985,-12.876984,0,BAAA2876-D490-2AB5-0A98-6EB94C7FC331
56.884434,-12.761935,0,BAAA2876-D490-2AB5-0A98-6EB94C7FC331
56.405792,-12.289211,0,BAAA2876-D490-2AB5-0A98-6EB94C7FC331
56.49564,-11.451902,0,BAAA2876-D490-2AB5-0A98-6EB94C7FC331
-45.212383,23.988762,2,BD35F47E-4F73-8664-B165-98D2BF2CDA48
-45.586624,24.120907,2,BD35F47E-4F73-8664-B165-98D2BF2CDA48
-45.84902,24.28871,2,BD35F47E-4F73-8664-B165-98D2BF2CDA48
-46.55702,24.191801,2,BD35F47E-4F73-8664-B165-98D2BF2CDA48
-46.752766,26.52325,2,BD35F47E-4F73-8664-B165-98D2BF2CDA48
-46.745026,26.6244,2,BD35F47E-4F73-8664-B165-98D2BF2CDA48
-61.034176,20.548252,0,BD35F47E-4F73-8664-B165-98D2BF2CDA48
-45.717415,29.249718,2,BD35F47E-4F73-8664-B165-98D2BF2CDA48
-45.74967,29.27795,2,BD35F47E-4F73-8664-B165-98D2BF2CDA48
-48.40184,32.78794,2,BD35F47E-4F73-8664-B165-98D2BF2CDA48
-48.7903,33.335594,2,BD35F47E-4F73-8664-B165-98D2BF2CDA48
-49.755768,34.240852,2,BD35F47E-4F73-8664-B165-98D2BF2CDA48
-49.967896,34.489418,2,BD35F47E-4F73-8664-B165-98D2BF2CDA48
-50.033318,35.29165,2,BD35F47E-4F73-8664-B165-98D2BF2CDA48
-51.29576,35.30732,2,BD35F47E-4F73-8664-B165-98D2BF2CDA48
-51.736782,35.337082,2,BD35F47E-4F73-8664-B165-98D2BF2CDA48
-37.301247,-17.695604,2,BD35F47E-4F73-8664-B165-98D2BF2CDA48
-37.284283,-17.737497,2,BD35F47E-4F73-8664-B165-98D2BF2CDA48
28.055145,37.837555,0,BD35F47E-4F73-8664-B165-98D2BF2CDA48
28.264614,37.905617,0,BD35F47E-4F73-8664-B165-98D2BF2CDA48
28.75218,38.127983,0,BD35F47E-4F73-8664-B165-98D2BF2CDA48
29.67522,38.42867,0,BD35F47E-4F73-8664-B165-98D2BF2CDA48
54.822807,1.5145605,0,BD35F47E-4F73-8664-B165-98D2BF2CDA48
54.876106,1.4369192,0,BD35F47E-4F73-8664-B165-98D2BF2CDA48
-21.006737,30.933203,0,C0ABDBF6-67EF-EA64-A2D1-42FA92BD5713
-21.40436,31.078768,0,C0ABDBF6-67EF-EA64-A2D1-42FA92BD5713
-22.24845,31.383316,0,C0ABDBF6-67EF-EA64-A2D1-42FA92BD5713
-22.392914,31.411016,0,C0ABDBF6-67EF-EA64-A2D1-42FA92BD5713
-9.288391,8.786824,0,C0ABDBF6-67EF-EA64-A2D1-42FA92BD5713
-9.282744,8.781512,0,C0ABDBF6-67EF-EA64-A2D1-42FA92BD5713
-25.102247,62.295723,2,C0ABDBF6-67EF-EA64-A2D1-42FA92BD5713
-24.732042,62.42541,2,C0ABDBF6-67EF-EA64-A2D1-42FA92BD5713
-24.059727,62.680782,2,C0ABDBF6-67EF-EA64-A2D1-42FA92BD5713
-23.53047,62.761936,2,C0ABDBF6-67EF-EA64-A2D1-42FA92BD5713
-22.552404,62.784996,2,C0ABDBF6-67EF-EA64-A2D1-42FA92BD5713
-22.08384,62.76238,2,C0ABDBF6-67EF-EA64-A2D1-42FA92BD5713
-4.38152,43.904377,1,C0ABDBF6-67EF-EA64-A2D1-42FA92BD5713
-4.5125923,44.008675,1,C0ABDBF6-67EF-EA64-A2D1-42FA92BD5713
-6.096904,44.90257,1,C0ABDBF6-67EF-EA64-A2D1-42FA92BD5713
-5.9229083,45.54345,1,C0ABDBF6-67EF-EA64-A2D1-42FA92BD5713
-5.910674,45.79474,1,C0ABDBF6-67EF-EA64-A2D1-42FA92BD5713
-7.0649514,44.875618,1,C0ABDBF6-67EF-EA64-A2D1-42FA92BD5713
-24.504078,-20.78411,2,C24A665A-6B67-FDEA-04A4-C2DA3AF79D51
-24.356064,-20.905602,2,C24A665A-6B67-FDEA-04A4-C2DA3AF79D51
-10.468038,-7.407825,2,C24A665A-6B67-FDEA-04A4-C2DA3AF79D51
-10.256906,-7.3300443,2,C24A665A-6B67-FDEA-04A4-C2DA3AF79D51
-9.596307,-7.219733,2,C24A665A-6B67-FDEA-04A4-C2DA3AF79D51
-9.431843,-7.1942935,2,C24A665A-6B67-FDEA-04A4-C2DA3AF79D51
14.198987,20.676994,2,C24A665A-6B67-FDEA-04A4-C2DA3AF79D51
14.26025,20.651966,2,C24A665A-6B67-FDEA-04A4-C2DA3AF79D51
16.609278,20.12281,2,C24A665A-6B67-FDEA-04A4-C2DA3AF79D51
17.080748,20.03638,2,C24A665A-6B67-FDEA-04A4-C2DA3AF79D51
17.403973,19.938221,2,C24A665A-6B67-FDEA-04A4-C2DA3AF79D51
17.757479,19.825819,2,C24A665A-6B67-FDEA-04A4-C2DA3AF79D51
-5.763677,-3.5011127,0,C24A665A-6B67-FDEA-04A4-C2DA3AF79D51
-6.5453362,-3.6157982,0,C24A665A-6B67-FDEA-04A4-C2DA3AF79D51
-6.9402485,-3.649238,0,C24A665A-6B67-FDEA-04A4-C2DA3AF79D51
-8.202688,-3.4636607,2,C24A665A-6B67-FDEA-04A4-C2DA3AF79D51
-8.572821,-3.3624277,2,C24A665A-6B67-FDEA-04A4-C2DA3AF79D51
-8.830599,-3.3080251,2,C24A665A-6B67-FDEA-04A4-C2DA3AF79D51
9.724859,65.61995,0,C24A665A-6B67-FDEA-04A4-C2DA3AF79D51
8.759512,65.01604,0,C24A665A-6B67-FDEA-04A4-C2DA3AF79D51
8.265657,64.98702,0,C24A665A-6B67-FDEA-04A4-C2DA3AF79D51
6.5920744,65.29037,0,C24A665A-6B67-FDEA-04A4-C2DA3AF79D51
5.8103094,65.373405,1,C24A665A-6B67-FDEA-04A4-C2DA3AF79D51
5.637774,65.36668,1,C24A665A-6B67-FDEA-04A4-C2DA3AF79D51
-13.244958,-23.86673,2,C5DC661F-E2D6-2B65-4765-77C8B81D2488
-13.361782,-23.075874,2,C5DC661F-E2D6-2B65-4765-77C8B81D2488
-13.349623,-22.785318,2,C5DC661F-E2D6-2B65-4765-77C8B81D2488
-12.809447,-21.866592,2,C5DC661F-E2D6-2B65-4765-77C8B81D2488
-12.174502,-20.475872,2,C5DC661F-E2D6-2B65-4765-77C8B81D2488
-12.0297785,-20.255268,0,C5DC661F-E2D6-2B65-4765-77C8B81D2488
-25.116875,9.286461,2,C5DC661F-E2D6-2B65-4765-77C8B81D2488
-25.155949,9.3545475,2,C5DC661F-E2D6-2B65-4765-77C8B81D2488
-40.195778,19.190088,2,C5DC661F-E2D6-2B65-4765-77C8B81D2488
-39.924496,19.069265,2,C5DC661F-E2D6-2B65-4765-77C8B81D2488
-39.5488,18.868526,2,C5DC661F-E2D6-2B65-4765-77C8B81D2488
-39.06286,18.584637,2,C5DC661F-E2D6-2B65-4765-77C8B81D2488
-5.8499765,-44.88474,0,C5DC661F-E2D6-2B65-4765-77C8B81D2488
-6.6075306,-44.775795,2,C5DC661F-E2D6-2B65-4765-77C8B81D2488
-7.2043996,-44.725735,2,C5DC661F-E2D6-2B65-4765-77C8B81D2488
-7.470251,-44.743927,2,C5DC661F-E2D6-2B65-4765-77C8B81D2488
-8.155483,-44.700813,2,C5DC661F-E2D6-2B65-4765-77C8B81D2488
-8.850504,-44.629932,2,C5DC661F-E2D6-2B65-4765-77C8B81D2488
-19.38959,-55.465664,2,C5DC661F-E2D6-2B65-4765-77C8B81D2488
-19.49231,-56.136448,2,C5DC661F-E2D6-2B65-4765-77C8B81D2488
-19.597254,-56.46486,2,C5DC661F-E2D6-2B65-4765-77C8B81D2488
-19.789959,-57.368427,2,C5DC661F-E2D6-2B65-4765-77C8B81D2488
10.583182,-37.506687,2,C5DC661F-E2D6-2B65-4765-77C8B81D2488
11.381572,-37.840256,2,C5DC661F-E2D6-2B65-4765-77C8B81D2488
11.603125,-37.663773,2,C5DC661F-E2D6-2B65-4765-77C8B81D2488
12.441461,-37.588192,2,C5DC661F-E2D6-2B65-4765-77C8B81D2488
13.239305,-37.502247,2,C5DC661F-E2D6-2B65-4765-77C8B81D2488
13.490754,-37.476223,2,C5DC661F-E2D6-2B65-4765-77C8B81D2488
51.486496,-2.593967,2,C5DC661F-E2D6-2B65-4765-77C8B81D2488
51.449615,-2.858481,0,C5DC661F-E2D6-2B65-4765-77C8B81D2488
-62.727993,13.462394,2,C8BB6C15-19FA-A17A-5945-6202803016D7
-38.806965,40.700287,2,C8BB6C15-19FA-A17A-5945-6202803016D7
-39.031113,40.724426,2,C8BB6C15-19FA-A17A-5945-6202803016D7
-40.313507,40.80019,2,C8BB6C15-19FA-A17A-5945-6202803016D7
-40.381374,40.60096,2,C8BB6C15-19FA-A17A-5945-6202803016D7
-40.654095,38.76868,2,C8BB6C15-19FA-A17A-5945-6202803016D7
-41.30114,38.313297,2,C8BB6C15-19FA-A17A-5945-6202803016D7
-41.626442,38.159492,2,C8BB6C15-19FA-A17A-5945-6202803016D7
-42.620087,38.30393,2,C8BB6C15-19FA-A17A-5945-6202803016D7
-43.83323,38.954033,1,C8BB6C15-19FA-A17A-5945-6202803016D7
-44.113724,39.1868,1,C8BB6C15-19FA-A17A-5945-6202803016D7
-44.780067,39.812954,1,C8BB6C15-19FA-A17A-5945-6202803016D7
60.009666,21.28569,0,C8BB6C15-19FA-A17A-5945-6202803016D7
2.015996,4.8250804,0,C8BB6C15-19FA-A17A-5945-6202803016D7
2.0683074,4.61794,0,C8BB6C15-19FA-A17A-5945-6202803016D7
2.2586453,3.8322415,0,C8BB6C15-19FA-A17A-5945-6202803016D7
2.387481,3.1842654,2,C8BB6C15-19FA-A17A-5945-6202803016D7
2.4702735,2.7514348,2,C8BB6C15-19FA-A17A-5945-6202803016D7
-12.640627,36.148067,2,CCA3ABC5-DCCE-0BBE-5327-E65AE52A195D
-11.909929,35.963966,2,CCA3ABC5-DCCE-0BBE-5327-E65AE52A195D
-11.589055,35.925755,2,CCA3ABC5-DCCE-0BBE-5327-E65AE52A195D
-10.563214,35.883335,0,CCA3ABC5-DCCE-0BBE-5327-E65AE52A195D
-31.412691,35.44003,0,CCA3ABC5-DCCE-0BBE-5327-E65AE52A195D
-65.47821,21.879047,0,CCA3ABC5-DCCE-0BBE-5327-E65AE52A195D
3.477909,19.778755,2,CCA3ABC5-DCCE-0BBE-5327-E65AE52A195D
4.183102,19.676731,0,CCA3ABC5-DCCE-0BBE-5327-E65AE52A195D
4.4676647,19.640396,0,CCA3ABC5-DCCE-0BBE-5327-E65AE52A195D
49.11662,17.508276,0,CCA3ABC5-DCCE-0BBE-5327-E65AE52A195D
49.495453,17.705425,2,CCA3ABC5-DCCE-0BBE-5327-E65AE52A195D
49.68806,17.816845,0,CCA3ABC5-DCCE-0BBE-5327-E65AE52A195D
20.91371,-53.963463,2,CCA3ABC5-DCCE-0BBE-5327-E65AE52A195D
21.222784,-53.997192,2,CCA3ABC5-DCCE-0BBE-5327-E65AE52A195D
22.020353,-54.136063,0,CCA3ABC5-DCCE-0BBE-5327-E65AE52A195D
52.513966,-41.845325,0,CCA3ABC5-DCCE-0BBE-5327-E65AE52A195D
52.516838,-41.86064,0,CCA3ABC5-DCCE-0BBE-5327-E65AE52A195D
42.99258,-4.2021313,0,CCA3ABC5-DCCE-0BBE-5327-E65AE52A195D
42.78725,-3.1574183,0,CCA3ABC5-DCCE-0BBE-5327-E65AE52A195D
40.80092,27.119173,0,CCA3ABC5-DCCE-0BBE-5327-E65AE52A195D
40.519104,27.707365,0,CCA3ABC5-DCCE-0BBE-5327-E65AE52A195D
40.247524,28.27518,0,CCA3ABC5-DCCE-0BBE-5327-E65AE52A195D
39.489956,28.731646,0,CCA3ABC5-DCCE-0BBE-5327-E65AE52A195D
39.18654,28.969366,0,CCA3ABC5-DCCE-0BBE-5327-E65AE52A195D
-9.258426,22.152155,1,D0F7ABC0-F552-63CD-CAC6-6703C39B83CA
-10.179219,21.835302,1,D0F7ABC0-F552-63CD-CAC6-6703C39B83CA
-10.856871,21.641403,1,D0F7ABC0-F552-63CD-CAC6-6703C39B83CA
-11.114544,21.564049,1,D0F7ABC0-F552-63CD-CAC6-6703C39B83CA
-56.20652,14.569824,1,D0F7ABC0-F552-63CD-CAC6-6703C39B83CA
-56.181618,14.580131,1,D0F7ABC0-F552-63CD-CAC6-6703C39B83CA
-15.067165,33.092754,1,D0F7ABC0-F552-63CD-CAC6-6703C39B83CA
-15.138481,33.13093,1,D0F7ABC0-F552-63CD-CAC6-6703C39B83CA
-17.856136,33.959568,1,D0F7ABC0-F552-63CD-CAC6-6703C39B83CA
-17.957186,34.564278,1,D0F7ABC0-F552-63CD-CAC6-6703C39B83CA
-17.758587,35.778107,1,D0F7ABC0-F552-63CD-CAC6-6703C39B83CA
-17.760136,35.97235,1,D0F7ABC0-F552-63CD-CAC6-6703C39B83CA
-28.951159,-45.499493,2,D0F7ABC0-F552-63CD-CAC6-6703C39B83CA
-29.605001,-45.762165,2,D0F7ABC0-F552-63CD-CAC6-6703C39B83CA
-29.530119,-45.733067,0,D0F7ABC0-F552-63CD-CAC6-6703C39B83CA
38.371956,-17.638182,0,D0F7ABC0-F552-63CD-CAC6-6703C39B83CA
38.935093,-17.094206,0,D0F7ABC0-F552-63CD-CAC6-6703C39B83CA
39.096844,-16.939209,0,D0F7ABC0-F552-63CD-CAC6-6703C39B83CA
20.01179,-43.86733,1,D0F7ABC0-F552-63CD-CAC6-6703C39B83CA
20.001497,-43.8766,0,D0F7ABC0-F552-63CD-CAC6-6703C39B83CA
2.6379938,-41.49348,0,D0F7ABC0-F552-63CD-CAC6-6703C39B83CA
1.4319359,-41.319603,0,D0F7ABC0-F552-63CD-CAC6-6703C39B83CA
1.0884646,-41.241447,0,D0F7ABC0-F552-63CD-CAC6-6703C39B83CA
0.9263023,-41.229336,0,D0F7ABC0-F552-63CD-CAC6-6703C39B83CA
15.313291,28.188633,2,D51A5648-0039-8CB1-45CB-C51E5ABA8BCC
-51.670586,29.547953,2,D51A5648-0039-8CB1-45CB-C51E5ABA8BCC
-51.099964,29.623642,2,D51A5648-0039-8CB1-45CB-C51E5ABA8BCC
-50.38651,29.486883,0,D51A5648-0039-8CB1-45CB-C51E5ABA8BCC
-50.199955,29.324043,0,D51A5648-0039-8CB1-45CB-C51E5ABA8BCC
-49.90132,29.282816,0,D51A5648-0039-8CB1-45CB-C51E5ABA8BCC
-14.67682,-30.624111,2,D51A5648-0039-8CB1-45CB-C51E5ABA8BCC
-13.868925,-30.166796,2,D51A5648-0039-8CB1-45CB-C51E5ABA8BCC
-13.66768,-30.064484,2,D51A5648-0039-8CB1-45CB-C51E5ABA8BCC
-28.060715,-22.601337,2,D51A5648-0039-8CB1-45CB-C51E5ABA8BCC
-28.699572,-22.236618,2,D51A5648-0039-8CB1-45CB-C51E5ABA8BCC
-29.495588,-21.88143,2,D51A5648-0039-8CB1-45CB-C51E5ABA8BCC
-30.055233,-21.753649,2,D51A5648-0039-8CB1-45CB-C51E5ABA8BCC
-30.497513,-21.736227,2,D51A5648-0039-8CB1-45CB-C51E5ABA8BCC
-30.894114,-20.855442,2,D51A5648-0039-8CB1-45CB-C51E5ABA8BCC
-31.701437,-20.053684,2,D51A5648-0039-8CB1-45CB-C51E5ABA8BCC
-31.93633,-19.796135,2,D51A5648-0039-8CB1-45CB-C51E5ABA8BCC
-32.36392,-19.33733,0,D51A5648-0039-8CB1-45CB-C51E5ABA8BCC
25.296928,18.044214,0,D51A5648-0039-8CB1-45CB-C51E5ABA8BCC
25.615871,18.241741,0,D51A5648-0039-8CB1-45CB-C51E5ABA8BCC
26.13413,18.635712,0,D51A5648-0039-8CB1-45CB-C51E5ABA8BCC
26.687006,19.030159,0,D51A5648-0039-8CB1-45CB-C51E5ABA8BCC
34.241493,32.591305,0,D51A5648-0039-8CB1-45CB-C51E5ABA8BCC
34.266674,32.68435,0,D51A5648-0039-8CB1-45CB-C51E5ABA8BCC
57.00359,14.408931,1,D51A5648-0039-8CB1-45CB-C51E5ABA8BCC
57.107468,14.122731,1,D51A5648-0039-8CB1-45CB-C51E5ABA8BCC
57.780502,13.155764,1,D51A5648-0039-8CB1-45CB-C51E5ABA8BCC
61.712845,-14.182539,2,D51A5648-0039-8CB1-45CB-C51E5ABA8BCC
61.34899,-13.615788,2,D51A5648-0039-8CB1-45CB-C51E5ABA8BCC
61.145947,-13.268029,2,D51A5648-0039-8CB1-45CB-C51E5ABA8BCC
-24.043833,-4.278914,2,D57F474B-B38C-E9AF-73CC-2CF16EED3827
-24.022564,-4.249224,2,D57F474B-B38C-E9AF-73CC-2CF16EED3827
-18.770626,9.248309,2,D57F474B-B38C-E9AF-73CC-2CF16EED3827
-18.450752,8.544305,2,D57F474B-B38C-E9AF-73CC-2CF16EED3827
-18.383217,8.152769,2,D57F474B-B38C-E9AF-73CC-2CF16EED3827
-16.525682,-30.356514,2,D57F474B-B38C-E9AF-73CC-2CF16EED3827
-1.6585737,-31.55899,1,D57F474B-B38C-E9AF-73CC-2CF16EED3827
-1.5258424,-31.547052,1,D57F474B-B38C-E9AF-73CC-2CF16EED3827
-1.9887697,-32.340027,1,D57F474B-B38C-E9AF-73CC-2CF16EED3827
-2.138271,-32.657555,0,D57F474B-B38C-E9AF-73CC-2CF16EED3827
-0.6131175,-33.643642,0,D57F474B-B38C-E9AF-73CC-2CF16EED3827
-0.18171607,-33.955,0,D57F474B-B38C-E9AF-73CC-2CF16EED3827
-30.651207,17.537868,2,D6D11A63-A131-4E74-041D-6E3BD8EFF8FF
-30.704672,17.091461,2,D6D11A63-A131-4E74-041D-6E3BD8EFF8FF
-31.263975,18.025274,2,D6D11A63-A131-4E74-041D-6E3BD8EFF8FF
-32.382473,18.988857,2,D6D11A63-A131-4E74-041D-6E3BD8EFF8FF
-32.050896,19.230743,2,D6D11A63-A131-4E74-041D-6E3BD8EFF8FF
-31.813862,19.869764,2,D6D11A63-A131-4E74-041D-6E3BD8EFF8FF
47.919037,8.919795,1,D6D11A63-A131-4E74-041D-6E3BD8EFF8FF
47.679287,7.9222755,1,D6D11A63-A131-4E74-041D-6E3BD8EFF8FF
48.009388,7.104933,0,D6D11A63-A131-4E74-041D-6E3BD8EFF8FF
48.10384,6.3559093,0,D6D11A63-A131-4E74-041D-6E3BD8EFF8FF
48.119102,5.786795,0,D6D11A63-A131-4E74-041D-6E3BD8EFF8FF
51.154377,2.399038,0,D6D11A63-A131-4E74-041D-6E3BD8EFF8FF
51.62545,2.0349288,0,D6D11A63-A131-4E74-041D-6E3BD8EFF8FF
51.77419,1.9519523,0,D6D11A63-A131-4E74-041D-6E3BD8EFF8FF
51.342823,0.5596493,0,D6D11A63-A131-4E74-041D-6E3BD8EFF8FF
51.169388,0.1669625,0,D6D11A63-A131-4E74-041D-6E3BD8EFF8FF
50.76066,-0.42557576,0,D6D11A63-A131-4E74-041D-6E3BD8EFF8FF
29.311552,31.488853,0,D6D11A63-A131-4E74-041D-6E3BD8EFF8FF
28.979507,31.6715,0,D6D11A63-A131-4E74-041D-6E3BD8EFF8FF
27.7531,32.102684,0,D6D11A63-A131-4E74-041D-6E3BD8EFF8FF
27.03007,32.117867,0,D6D11A63-A131-4E74-041D-6E3BD8EFF8FF
26.638542,32.186417,0,D6D11A63-A131-4E74-041D-6E3BD8EFF8FF
25.76703,32.35384,0,D6D11A63-A131-4E74-041D-6E3BD8EFF8FF
-27.821127,18.627384,0,D6D11A63-A131-4E74-041D-6E3BD8EFF8FF
-1.3074379,-11.194684,2,D6D11A63-A131-4E74-041D-6E3BD8EFF8FF
-58.861546,-36.910812,2,D6D11A63-A131-4E74-041D-6E3BD8EFF8FF
-59.454502,-37.09867,2,D6D11A63-A131-4E74-041D-6E3BD8EFF8FF
-59.94441,-37.243534,2,D6D11A63-A131-4E74-041D-6E3BD8EFF8FF
-60.16139,-37.643738,2,D6D11A63-A131-4E74-041D-6E3BD8EFF8FF
-60.30074,-37.863968,2,D6D11A63-A131-4E74-041D-6E3BD8EFF8FF
38.825645,-30.826578,2,DA2856BC-D181-9AF0-DC9A-99A9444D5579
38.860493,-30.292377,2,DA2856BC-D181-9AF0-DC9A-99A9444D5579
38.936203,-29.458176,2,DA2856BC-D181-9AF0-DC9A-99A9444D5579
39.02014,-28.821484,2,DA2856BC-D181-9AF0-DC9A-99A9444D5579
38.94029,-28.26003,2,DA2856BC-D181-9AF0-DC9A-99A9444D5579
38.918938,-27.836111,0,DA2856BC-D181-9AF0-DC9A-99A9444D5579
0.49482915,-46.457245,2,DA2856BC-D181-9AF0-DC9A-99A9444D5579
0.7962169,-46.61216,0,DA2856BC-D181-9AF0-DC9A-99A9444D5579
1.1600858,-46.736633,0,DA2856BC-D181-9AF0-DC9A-99A9444D5579
3.1491437,-47.007626,0,DA2856BC-D181-9AF0-DC9A-99A9444D5579
3.322516,-47.21272,2,DA2856BC-D181-9AF0-DC9A-99A9444D5579
3.6063766,-47.589077,2,DA2856BC-D181-9AF0-DC9A-99A9444D5579
-39.10892,-21.244337,2,DBA0C8C4-AE05-772F-2E53-E6167F8ACB77
-38.829952,-21.52519,2,DBA0C8C4-AE05-772F-2E53-E6167F8ACB77
-38.04817,-22.020424,2,DBA0C8C4-AE05-772F-2E53-E6167F8ACB77
-37.785927,-22.148247,2,DBA0C8C4-AE05-772F-2E53-E6167F8ACB77
-14.796957,-20.947699,2,DBA0C8C4-AE05-772F-2E53-E6167F8ACB77
-14.379936,-20.581593,2,DBA0C8C4-AE05-772F-2E53-E6167F8ACB77
6.9114556,-40.32998,0,DBA0C8C4-AE05-772F-2E53-E6167F8ACB77
57.123104,-8.438344,0,DBA0C8C4-AE05-772F-2E53-E6167F8ACB77
57.404858,-8.527532,0,DBA0C8C4-AE05-772F-2E53-E6167F8ACB77
58.122963,-8.989308,0,DBA0C8C4-AE05-772F-2E53-E6167F8ACB77
59.819927,-10.876717,2,DBA0C8C4-AE05-772F-2E53-E6167F8ACB77
59.825455,-10.916803,2,DBA0C8C4-AE05-772F-2E53-E6167F8ACB77
54.022324,-9.199245,0,DBA0C8C4-AE05-772F-2E53-E6167F8ACB77
54.00551,-9.288521,0,DBA0C8C4-AE05-772F-2E53-E6167F8ACB77
53.4937,-10.038662,0,DBA0C8C4-AE05-772F-2E53-E6167F8ACB77
25.430992,-62.04807,0,DBA0C8C4-AE05-772F-2E53-E6167F8ACB77
24.962442,-62.49524,0,DBA0C8C4-AE05-772F-2E53-E6167F8ACB77
24.946924,-62.507187,2,DBA0C8C4-AE05-772F-2E53-E6167F8ACB77
54.067287,-7.1647754,0,DBA0C8C4-AE05-772F-2E53-E6167F8ACB77
45.5921,-23.69825,0,DBA0C8C4-AE05-772F-2E53-E6167F8ACB77
46.144478,-23.986456,0,DBA0C8C4-AE05-772F-2E53-E6167F8ACB77
46.492336,-24.142965,2,DBA0C8C4-AE05-772F-2E53-E6167F8ACB77
19.07388,-37.070847,2,DBA0C8C4-AE05-772F-2E53-E6167F8ACB77
19.046047,-37.06875,2,DBA0C8C4-AE05-772F-2E53-E6167F8ACB77
21.83175,44.85819,0,DBA0C8C4-AE05-772F-2E53-E6167F8ACB77
22.011234,44.600075,0,DBA0C8C4-AE05-772F-2E53-E6167F8ACB77
-36.348034,30.693336,2,DC0BE0E2-B41E-3D73-47C5-5733952512CB
-36.33499,29.87924,2,DC0BE0E2-B41E-3D73-47C5-5733952512CB
-36.636673,28.226738,2,DC0BE0E2-B41E-3D73-47C5-5733952512CB
-36.828686,27.820238,2,DC0BE0E2-B41E-3D73-47C5-5733952512CB
-37.312855,27.58988,2,DC0BE0E2-B41E-3D73-47C5-5733952512CB
-56.94563,24.459576,2,DC0BE0E2-B41E-3D73-47C5-5733952512CB
-58.224396,24.175903,2,DC0BE0E2-B41E-3D73-47C5-5733952512CB
-58.281944,23.831923,2,DC0BE0E2-B41E-3D73-47C5-5733952512CB
-58.8176,23.856503,2,DC0BE0E2-B41E-3D73-47C5-5733952512CB
-60.44339,23.538317,2,DC0BE0E2-B41E-3D73-47C5-5733952512CB
-47.68827,41.89901,2,DC0BE0E2-B41E-3D73-47C5-5733952512CB
-47.657707,41.922024,2,DC0BE0E2-B41E-3D73-47C5-5733952512CB
8.504875,37.63557,2,DC0BE0E2-B41E-3D73-47C5-5733952512CB
8.386072,37.658962,2,DC0BE0E2-B41E-3D73-47C5-5733952512CB
7.368249,38.151505,2,DC0BE0E2-B41E-3D73-47C5-5733952512CB
7.225679,38.30693,2,DC0BE0E2-B41E-3D73-47C5-5733952512CB
-31.622871,42.707176,2,DC0BE0E2-B41E-3D73-47C5-5733952512CB
-31.628344,42.703423,2,DC0BE0E2-B41E-3D73-47C5-5733952512CB
-47.021927,-28.298729,2,DC0BE0E2-B41E-3D73-47C5-5733952512CB
-46.915165,-28.41854,2,DC0BE0E2-B41E-3D73-47C5-5733952512CB
-45.766705,-30.161427,2,DC0BE0E2-B41E-3D73-47C5-5733952512CB
-45.232327,-30.3121,2,DC0BE0E2-B41E-3D73-47C5-5733952512CB
-44.379967,-30.608541,2,DC0BE0E2-B41E-3D73-47C5-5733952512CB
-44.122715,-30.690458,2,DC0BE0E2-B41E-3D73-47C5-5733952512CB
58.45111,-1.5396371,0,DC0BE0E2-B41E-3D73-47C5-5733952512CB
58.243294,-0.84598017,0,DC0BE0E2-B41E-3D73-47C5-5733952512CB
58.0784,-0.52202916,0,DC0BE0E2-B41E-3D73-47C5-5733952512CB
58.069946,0.22630647,0,DC0BE0E2-B41E-3D73-47C5-5733952512CB
58.06908,0.85144,0,DC0BE0E2-B41E-3D73-47C5-5733952512CB
57.902378,1.6194882,0,DC0BE0E2-B41E-3D73-47C5-5733952512CB
-42.377983,24.570421,1,DCB45A10-FAF5-53E0-AB53-2D42AC9BB090
-42.40343,24.514925,2,DCB45A10-FAF5-53E0-AB53-2D42AC9BB090
-42.59744,22.466562,2,DCB45A10-FAF5-53E0-AB53-2D42AC9BB090
-42.510513,22.363022,2,DCB45A10-FAF5-53E0-AB53-2D42AC9BB090
-27.607733,19.844505,2,DCB45A10-FAF5-53E0-AB53-2D42AC9BB090
-26.794886,20.092203,2,DCB45A10-FAF5-53E0-AB53-2D42AC9BB090
-26.798328,20.37571,2,DCB45A10-FAF5-53E0-AB53-2D42AC9BB090
-27.026985,21.152195,0,DCB45A10-FAF5-53E0-AB53-2D42AC9BB090
-32.041916,26.349121,0,DCB45A10-FAF5-53E0-AB53-2D42AC9BB090
-33.024117,27.353903,0,DCB45A10-FAF5-53E0-AB53-2D42AC9BB090
-14.871322,6.353768,0,DCB45A10-FAF5-53E0-AB53-2D42AC9BB090
-14.869044,6.341988,2,DCB45A10-FAF5-53E0-AB53-2D42AC9BB090
-4.5130033,-27.143785,2,DCB45A10-FAF5-53E0-AB53-2D42AC9BB090
-4.189608,-27.41008,2,DCB45A10-FAF5-53E0-AB53-2D42AC9BB090
-3.9236064,-27.467384,2,DCB45A10-FAF5-53E0-AB53-2D42AC9BB090
-3.1640654,-27.270319,0,DCB45A10-FAF5-53E0-AB53-2D42AC9BB090
-2.6952758,-26.94907,0,DCB45A10-FAF5-53E0-AB53-2D42AC9BB090
-2.1385164,-26.654627,0,DCB45A10-FAF5-53E0-AB53-2D42AC9BB090
-9.869978,-38.354755,2,DCB45A10-FAF5-53E0-AB53-2D42AC9BB090
-9.920396,-38.24619,2,DCB45A10-FAF5-53E0-AB53-2D42AC9BB090
-10.185312,-36.717308,2,DCB45A10-FAF5-53E0-AB53-2D42AC9BB090
-10.201366,-36.62492,2,DCB45A10-FAF5-53E0-AB53-2D42AC9BB090
-9.911972,-35.30254,2,DCB45A10-FAF5-53E0-AB53-2D42AC9BB090
-9.730342,-34.808754,2,DCB45A10-FAF5-53E0-AB53-2D42AC9BB090
-16.701841,-65.888115,1,DCB45A10-FAF5-53E0-AB53-2D42AC9BB090
-16.820292,-65.856834,1,DCB45A10-FAF5-53E0-AB53-2D42AC9BB090
-18.426447,-65.46243,1,DCB45A10-FAF5-53E0-AB53-2D42AC9BB090
-18.758097,-65.64071,1,DCB45A10-FAF5-53E0-AB53-2D42AC9BB090
-19.194254,-66.07896,1,DCB45A10-FAF5-53E0-AB53-2D42AC9BB090
-19.672827,-66.59736,1,DCB45A10-FAF5-53E0-AB53-2D42AC9BB090
-13.538704,10.316865,0,DD956DE9-DEFB-C0C6-82B4-C639A17D6782
-13.975127,10.192734,2,DD956DE9-DEFB-C0C6-82B4-C639A17D6782
-14.445426,10.050236,2,DD956DE9-DEFB-C0C6-82B4-C639A17D6782
-53.340683,-11.617926,2,DD956DE9-DEFB-C0C6-82B4-C639A17D6782
-53.4925,-12.307487,2,DD956DE9-DEFB-C0C6-82B4-C639A17D6782
-53.603867,-12.572074,2,DD956DE9-DEFB-C0C6-82B4-C639A17D6782
33.23492,-22.708776,2,DD956DE9-DEFB-C0C6-82B4-C639A17D6782
33.86223,-22.361876,2,DD956DE9-DEFB-C0C6-82B4-C639A17D6782
34.329548,-22.258976,0,DD956DE9-DEFB-C0C6-82B4-C639A17D6782
35.31798,-22.188665,0,DD956DE9-DEFB-C0C6-82B4-C639A17D6782
35.68162,-21.949467,0,DD956DE9-DEFB-C0C6-82B4-C639A17D6782
36.146645,-20.847816,0,DD956DE9-DEFB-C0C6-82B4-C639A17D6782
46.862885,-0.9306622,1,DD956DE9-DEFB-C0C6-82B4-C639A17D6782
61.345814,-20.222654,1,DD956DE9-DEFB-C0C6-82B4-C639A17D6782
61.158134,-20.742476,2,DD956DE9-DEFB-C0C6-82B4-C639A17D6782
60.93029,-21.412752,2,DD956DE9-DEFB-C0C6-82B4-C639A17D6782
53.471848,-30.923254,2,DD956DE9-DEFB-C0C6-82B4-C639A17D6782
-8.476792,-37.158375,2,DD956DE9-DEFB-C0C6-82B4-C639A17D6782
51.894848,-30.076696,0,DD956DE9-DEFB-C0C6-82B4-C639A17D6782
-16.19079,-61.191772,0,DD956DE9-DEFB-C0C6-82B4-C639A17D6782
-16.411482,-60.890457,0,DD956DE9-DEFB-C0C6-82B4-C639A17D6782
-16.852911,-60.78462,2,DD956DE9-DEFB-C0C6-82B4-C639A17D6782
-17.591154,-60.766136,2,DD956DE9-DEFB-C0C6-82B4-C639A17D6782
-18.17645,-60.729164,2,DD956DE9-DEFB-C0C6-82B4-C639A17D6782
-41.772675,13.74423,2,DE775A65-68D5-C477-E2F7-BCC1AEF0B850
-41.67452,13.760675,2,DE775A65-68D5-C477-E2F7-BCC1AEF0B850
-18.309027,18.896101,2,DE775A65-68D5-C477-E2F7-BCC1AEF0B850
-18.33798,18.479284,2,DE775A65-68D5-C477-E2F7-BCC1AEF0B850
-18.377947,17.228584,2,DE775A65-68D5-C477-E2F7-BCC1AEF0B850
-18.548779,16.801346,2,DE775A65-68D5-C477-E2F7-BCC1AEF0B850
-18.780888,16.424065,2,DE775A65-68D5-C477-E2F7-BCC1AEF0B850
-19.640495,15.413614,2,DE775A65-68D5-C477-E2F7-BCC1AEF0B850
-20.346226,15.402564,2,DE775A65-68D5-C477-E2F7-BCC1AEF0B850
-21.68884,15.943698,2,DE775A65-68D5-C477-E2F7-BCC1AEF0B850
-22.325468,16.072342,2,DE775A65-68D5-C477-E2F7-BCC1AEF0B850
-23.638968,16.143305,2,DE775A65-68D5-C477-E2F7-BCC1AEF0B850
-23.911453,16.158352,2,DE775A65-68D5-C477-E2F7-BCC1AEF0B850
-24.187449,16.142721,2,DE775A65-68D5-C477-E2F7-BCC1AEF0B850
-25.291468,16.428904,2,DE775A65-68D5-C477-E2F7-BCC1AEF0B850
-53.75455,32.47746,2,DE775A65-68D5-C477-E2F7-BCC1AEF0B850
-54.11369,32.932083,2,DE775A65-68D5-C477-E2F7-BCC1AEF0B850
-54.156845,33.026688,2,DE775A65-68D5-C477-E2F7-BCC1AEF0B850
22.327845,60.810143,0,DE775A65-68D5-C477-E2F7-BCC1AEF0B850
22.231333,60.795883,1,DE775A65-68D5-C477-E2F7-BCC1AEF0B850
21.824017,41.350994,2,DE775A65-68D5-C477-E2F7-BCC1AEF0B850
22.145926,40.775806,2,DE775A65-68D5-C477-E2F7-BCC1AEF0B850
22.292046,40.527603,2,DE775A65-68D5-C477-E2F7-BCC1AEF0B850
22.689358,39.91167,2,DE775A65-68D5-C477-E2F7-BCC1AEF0B850
24.314764,-15.527823,2,DE775A65-68D5-C477-E2F7-BCC1AEF0B850
24.312878,-15.577119,2,DE775A65-68D5-C477-E2F7-BCC1AEF0B850
25.5392,-22.521242,2,DE775A65-68D5-C477-E2F7-BCC1AEF0B850
25.648819,-22.923899,2,DE775A65-68D5-C477-E2F7-BCC1AEF0B850
25.70502,-23.254297,2,DE775A65-68D5-C477-E2F7-BCC1AEF0B850
25.821186,-23.81441,2,DE775A65-68D5-C477-E2F7-BCC1AEF0B850
19.14237,62.85133,2,DF62EF03-DA30-E70A-CA31-03A029C9610A
19.22025,62.73217,2,DF62EF03-DA30-E70A-CA31-03A029C9610A
-5.0733094,37.05891,2,DF62EF03-DA30-E70A-CA31-03A029C9610A
-5.3095903,36.85857,1,DF62EF03-DA30-E70A-CA31-03A029C9610A
-5.3107176,36.031746,1,DF62EF03-DA30-E70A-CA31-03A029C9610A
-4.9733872,35.500355,1,DF62EF03-DA30-E70A-CA31-03A029C9610A
41.896313,-17.495234,0,DF62EF03-DA30-E70A-CA31-03A029C9610A
10.099177,-45.08316,0,DF62EF03-DA30-E70A-CA31-03A029C9610A
9.6461115,-45.156277,0,DF62EF03-DA30-E70A-CA31-03A029C9610A
8.884309,-45.36953,0,DF62EF03-DA30-E70A-CA31-03A029C9610A
8.782591,-44.933525,0,DF62EF03-DA30-E70A-CA31-03A029C9610A
8.518668,-44.837994,2,DF62EF03-DA30-E70A-CA31-03A029C9610A
23.572893,56.729538,0,DF62EF03-DA30-E70A-CA31-03A029C9610A
23.135035,56.65525,0,DF62EF03-DA30-E70A-CA31-03A029C9610A
22.718096,56.605515,1,DF62EF03-DA30-E70A-CA31-03A029C9610A
21.083923,57.36644,2,DF62EF03-DA30-E70A-CA31-03A029C9610A
20.904743,57.427006,2,DF62EF03-DA30-E70A-CA31-03A029C9610A
-20.951387,-28.400625,2,DF62EF03-DA30-E70A-CA31-03A029C9610A
-66.7609,17.76902,2,E3489F9E-39E2-47B9-24EF-BAACE1438D00
-26.405535,1.9558045,2,E3489F9E-39E2-47B9-24EF-BAACE1438D00
-26.284498,1.609517,1,E3489F9E-39E2-47B9-24EF-BAACE1438D00
-25.678095,0.556772,0,E3489F9E-39E2-47B9-24EF-BAACE1438D00
-25.638996,0.5264937,0,E3489F9E-39E2-47B9-24EF-BAACE1438D00
-25.368658,0.371454,0,E3489F9E-39E2-47B9-24EF-BAACE1438D00
-23.322454,-8.867346,2,E3489F9E-39E2-47B9-24EF-BAACE1438D00
-23.075333,-8.923126,2,E3489F9E-39E2-47B9-24EF-BAACE1438D00
-22.217049,-8.908837,2,E3489F9E-39E2-47B9-24EF-BAACE1438D00
-21.453207,-8.784048,2,E3489F9E-39E2-47B9-24EF-BAACE1438D00
-20.719576,-8.464198,1,E3489F9E-39E2-47B9-24EF-BAACE1438D00
-20.313778,-8.283384,1,E3489F9E-39E2-47B9-24EF-BAACE1438D00
0.7044864,45.56055,1,E3489F9E-39E2-47B9-24EF-BAACE1438D00
0.7249438,45.34259,1,E3489F9E-39E2-47B9-24EF-BAACE1438D00
0.6459103,44.266556,1,E3489F9E-39E2-47B9-24EF-BAACE1438D00
0.5447711,43.54842,1,E3489F9E-39E2-47B9-24EF-BAACE1438D00
0.4041201,42.65958,1,E3489F9E-39E2-47B9-24EF-BAACE1438D00
0.37376165,42.52175,1,E3489F9E-39E2-47B9-24EF-BAACE1438D00
17.416016,-18.356361,1,E3489F9E-39E2-47B9-24EF-BAACE1438D00
17.232283,-18.309113,1,E3489F9E-39E2-47B9-24EF-BAACE1438D00
15.613023,-16.696348,1,E3489F9E-39E2-47B9-24EF-BAACE1438D00
15.574595,-16.657692,0,E3489F9E-39E2-47B9-24EF-BAACE1438D00
37.33089,56.053387,0,E3489F9E-39E2-47B9-24EF-BAACE1438D00
36.58749,56.751865,0,E3489F9E-39E2-47B9-24EF-BAACE1438D00
36.53291,57.429043,0,E3489F9E-39E2-47B9-24EF-BAACE1438D00
36.536556,57.878468,0,E3489F9E-39E2-47B9-24EF-BAACE1438D00
24.83682,54.334763,0,E3489F9E-39E2-47B9-24EF-BAACE1438D00
-14.12052,2.3626068,1,E3489F9E-39E2-47B9-24EF-BAACE1438D00
-13.80816,2.2447917,1,E3489F9E-39E2-47B9-24EF-BAACE1438D00
-13.568475,2.144261,2,E3489F9E-39E2-47B9-24EF-BAACE1438D00
-5.442179,63.582054,2,E49C1269-8AB7-8C8F-FC88-AA92C2F1E260
-5.7327046,63.67838,2,E49C1269-8AB7-8C8F-FC88-AA92C2F1E260
-6.2992024,63.86623,2,E49C1269-8AB7-8C8F-FC88-AA92C2F1E260
11.234753,63.48159,1,E49C1269-8AB7-8C8F-FC88-AA92C2F1E260
11.569767,63.57328,0,E49C1269-8AB7-8C8F-FC88-AA92C2F1E260
11.832519,63.5337,0,E49C1269-8AB7-8C8F-FC88-AA92C2F1E260
-57.601738,-30.660185,2,E49C1269-8AB7-8C8F-FC88-AA92C2F1E260
-57.744125,-30.837196,2,E49C1269-8AB7-8C8F-FC88-AA92C2F1E260
-58.291557,-31.450382,2,E49C1269-8AB7-8C8F-FC88-AA92C2F1E260
-58.442608,-31.797995,2,E49C1269-8AB7-8C8F-FC88-AA92C2F1E260
43.03585,-27.086658,2,E49C1269-8AB7-8C8F-FC88-AA92C2F1E260
43.00524,-27.333303,2,E49C1269-8AB7-8C8F-FC88-AA92C2F1E260
74.26809,-12.573986,2,E49C1269-8AB7-8C8F-FC88-AA92C2F1E260
74.45367,-11.796317,2,E49C1269-8AB7-8C8F-FC88-AA92C2F1E260
74.60712,-11.158573,2,E49C1269-8AB7-8C8F-FC88-AA92C2F1E260
74.7111,-10.780076,2,E49C1269-8AB7-8C8F-FC88-AA92C2F1E260
75.07984,-9.282354,2,E49C1269-8AB7-8C8F-FC88-AA92C2F1E260
75.08096,-9.267405,2,E49C1269-8AB7-8C8F-FC88-AA92C2F1E260
-19.966558,27.762053,2,E5CCE6B3-2C6E-BE96-602F-3852C8614777
-19.99572,27.534777,2,E5CCE6B3-2C6E-BE96-602F-3852C8614777
-20.01014,26.442234,2,E5CCE6B3-2C6E-BE96-602F-3852C8614777
-20.651606,24.855572,2,E5CCE6B3-2C6E-BE96-602F-3852C8614777
-20.78762,24.251192,2,E5CCE6B3-2C6E-BE96-602F-3852C8614777
-20.839844,23.985758,2,E5CCE6B3-2C6E-BE96-602F-3852C8614777
-52.956856,6.930476,2,E5CCE6B3-2C6E-BE96-602F-3852C8614777
-52.85109,6.7992306,2,E5CCE6B3-2C6E-BE96-602F-3852C8614777
-52.170856,5.9629655,2,E5CCE6B3-2C6E-BE96-602F-3852C8614777
-37.011833,-8.0086775,2,E5CCE6B3-2C6E-BE96-602F-3852C8614777
-36.69574,-8.362533,2,E5CCE6B3-2C6E-BE96-602F-3852C8614777
-36.47641,-8.595556,2,E5CCE6B3-2C6E-BE96-602F-3852C8614777
-59.429947,-3.200442,2,E5CCE6B3-2C6E-BE96-602F-3852C8614777
-59.172684,-3.1545014,2,E5CCE6B3-2C6E-BE96-602F-3852C8614777
-60.963047,-3.9369001,2,E5CCE6B3-2C6E-BE96-602F-3852C8614777
-61.090904,-3.9199762,2,E5CCE6B3-2C6E-BE96-602F-3852C8614777
-55.977547,-1.7373203,2,E5CCE6B3-2C6E-BE96-602F-3852C8614777
-55.966724,-1.7314034,2,E5CCE6B3-2C6E-BE96-602F-3852C8614777
44.798496,-2.3283122,0,E5CCE6B3-2C6E-BE96-602F-3852C8614777
45.32214,-1.6388448,0,E5CCE6B3-2C6E-BE96-602F-3852C8614777
45.239807,-1.363894,0,E5CCE6B3-2C6E-BE96-602F-3852C8614777
45.114132,-0.9693542,0,E5CCE6B3-2C6E-BE96-602F-3852C8614777
39.795296,23.521364,0,E5CCE6B3-2C6E-BE96-602F-3852C8614777
39.817547,23.784098,0,E5CCE6B3-2C6E-BE96-602F-3852C8614777
27.733221,-0.16209313,0,E5CCE6B3-2C6E-BE96-602F-3852C8614777
27.870436,0.06310992,0,E5CCE6B3-2C6E-BE96-602F-3852C8614777
28.809984,0.7239202,0,E5CCE6B3-2C6E-BE96-602F-3852C8614777
29.071508,1.158341,0,E5CCE6B3-2C6E-BE96-602F-3852C8614777
43.62754,20.446693,0,E5CCE6B3-2C6E-BE96-602F-3852C8614777
43.616535,20.504713,0,E5CCE6B3-2C6E-BE96-602F-3852C8614777
-27.488117,13.994076,2,E5F96AC5-AE7E-C4E8-8288-FB2674F43704
-27.36892,13.655159,2,E5F96AC5-AE7E-C4E8-8288-FB2674F43704
-27.064074,13.102304,2,E5F96AC5-AE7E-C4E8-8288-FB2674F43704
-26.151693,12.226159,2,E5F96AC5-AE7E-C4E8-8288-FB2674F43704
-25.299873,11.657881,2,E5F96AC5-AE7E-C4E8-8288-FB2674F43704
-25.014433,11.627831,2,E5F96AC5-AE7E-C4E8-8288-FB2674F43704
-51.954945,16.981888,0,E5F96AC5-AE7E-C4E8-8288-FB2674F43704
-50.997616,16.77558,0,E5F96AC5-AE7E-C4E8-8288-FB2674F43704
-50.86715,16.753496,0,E5F96AC5-AE7E-C4E8-8288-FB2674F43704
-53.59775,18.207834,2,E5F96AC5-AE7E-C4E8-8288-FB2674F43704
-53.863407,17.91922,2,E5F96AC5-AE7E-C4E8-8288-FB2674F43704
-54.55415,17.277931,2,E5F96AC5-AE7E-C4E8-8288-FB2674F43704
-15.866394,-27.696037,2,E5F96AC5-AE7E-C4E8-8288-FB2674F43704
-16.049728,-27.565615,2,E5F96AC5-AE7E-C4E8-8288-FB2674F43704
-16.685204,-26.383018,2,E5F96AC5-AE7E-C4E8-8288-FB2674F43704
-16.709717,-25.604782,2,E5F96AC5-AE7E-C4E8-8288-FB2674F43704
-16.717607,-25.063507,2,E5F96AC5-AE7E-C4E8-8288-FB2674F43704
-16.615597,-24.48793,2,E5F96AC5-AE7E-C4E8-8288-FB2674F43704
1.7407603,58.74094,1,EA788550-E907-E4AC-EAE4-82CC26723E3B
1.5694724,59.34963,2,EA788550-E907-E4AC-EAE4-82CC26723E3B
0.7183521,58.77003,2,EA788550-E907-E4AC-EAE4-82CC26723E3B
0.259448,58.44305,2,EA788550-E907-E4AC-EAE4-82CC26723E3B
-0.69045573,57.184692,2,EA788550-E907-E4AC-EAE4-82CC26723E3B
-0.8731975,56.95931,2,EA788550-E907-E4AC-EAE4-82CC26723E3B
-19.204557,-5.250338,1,EA788550-E907-E4AC-EAE4-82CC26723E3B
-19.414896,-4.924118,1,EA788550-E907-E4AC-EAE4-82CC26723E3B
-19.666271,-4.647131,1,EA788550-E907-E4AC-EAE4-82CC26723E3B
-50.06305,-22.808924,1,EA788550-E907-E4AC-EAE4-82CC26723E3B
-50.616947,-22.397627,1,EA788550-E907-E4AC-EAE4-82CC26723E3B
-50.708015,-22.326387,1,EA788550-E907-E4AC-EAE4-82CC26723E3B
-7.4499006,59.44084,0,EA788550-E907-E4AC-EAE4-82CC26723E3B
-7.4363666,59.42053,0,EA788550-E907-E4AC-EAE4-82CC26723E3B
-32.83308,57.624542,0,EA788550-E907-E4AC-EAE4-82CC26723E3B
-31.8287,58.02096,0,EA788550-E907-E4AC-EAE4-82CC26723E3B
-31.636454,58.08653,0,EA788550-E907-E4AC-EAE4-82CC26723E3B
-31.107761,58.261044,0,EA788550-E907-E4AC-EAE4-82CC26723E3B
14.662533,-5.13111,0,EC6E2525-212C-1C3A-0B73-74D1B45748E1
7.316809,-33.558666,0,EC6E2525-212C-1C3A-0B73-74D1B45748E1
7.2650414,-33.628296,0,EC6E2525-212C-1C3A-0B73-74D1B45748E1
6.393097,-34.62182,1,EC6E2525-212C-1C3A-0B73-74D1B45748E1
5.9111576,-34.780575,1,EC6E2525-212C-1C3A-0B73-74D1B45748E1
5.4785743,-34.91002,0,EC6E2525-212C-1C3A-0B73-74D1B45748E1
6.160201,7.107842,0,EC6E2525-212C-1C3A-0B73-74D1B45748E1
6.1551,7.2891665,2,EC6E2525-212C-1C3A-0B73-74D1B45748E1
6.249799,8.166083,2,EC6E2525-212C-1C3A-0B73-74D1B45748E1
6.395763,8.783655,2,EC6E2525-212C-1C3A-0B73-74D1B45748E1
26.94116,29.218082,2,EC6E2525-212C-1C3A-0B73-74D1B45748E1
26.886885,29.254004,0,EC6E2525-212C-1C3A-0B73-74D1B45748E1
19.62203,34.908363,0,EC6E2525-212C-1C3A-0B73-74D1B45748E1
6.470301,14.022942,0,EC6E2525-212C-1C3A-0B73-74D1B45748E1
6.1763754,13.535466,0,EC6E2525-212C-1C3A-0B73-74D1B45748E1
-11.540637,-26.740316,0,EC6E2525-212C-1C3A-0B73-74D1B45748E1
-12.017517,-27.411755,0,EC6E2525-212C-1C3A-0B73-74D1B45748E1
-12.163668,-27.613796,2,EC6E2525-212C-1C3A-0B73-74D1B45748E1
-33.49633,-48.531715,2,EC6E2525-212C-1C3A-0B73-74D1B45748E1
-33.25748,-48.754063,2,EC6E2525-212C-1C3A-0B73-74D1B45748E1
-32.026463,-49.62626,2,EC6E2525-212C-1C3A-0B73-74D1B45748E1
-31.559546,-49.844242,2,EC6E2525-212C-1C3A-0B73-74D1B45748E1
-29.951532,-49.948994,2,EC6E2525-212C-1C3A-0B73-74D1B45748E1
-29.948912,-50.458168,2,EC6E2525-212C-1C3A-0B73-74D1B45748E1
-29.898186,-50.748024,2,EC6E2525-212C-1C3A-0B73-74D1B45748E1
-30.024193,-51.66028,2,EC6E2525-212C-1C3A-0B73-74D1B45748E1
4.4859157,-15.566984,2,EC6E2525-212C-1C3A-0B73-74D1B45748E1
4.870076,-15.304003,1,EC6E2525-212C-1C3A-0B73-74D1B45748E1
5.188282,-15.094058,1,EC6E2525-212C-1C3A-0B73-74D1B45748E1
42.49109,1.1413385,1,EC6E2525-212C-1C3A-0B73-74D1B45748E1
41.879597,5.173076,0,EC6E2525-212C-1C3A-0B73-74D1B45748E1
42.188576,5.1378703,0,EC6E2525-212C-1C3A-0B73-74D1B45748E1
43.301563,4.7773423,0,EC6E2525-212C-1C3A-0B73-74D1B45748E1
47.250896,1.3505508,0,EC6E2525-212C-1C3A-0B73-74D1B45748E1
47.47107,1.2285056,0,EC6E2525-212C-1C3A-0B73-74D1B45748E1
47.86593,0.8174512,0,EC6E2525-212C-1C3A-0B73-74D1B45748E1
29.642088,58.56143,0,F1430977-52AF-4F46-BF92-0A8D736CBD2B
29.155846,58.14813,0,F1430977-52AF-4F46-BF92-0A8D736CBD2B
28.944008,57.90297,0,F1430977-52AF-4F46-BF92-0A8D736CBD2B
17.708605,58.5107,1,F1430977-52AF-4F46-BF92-0A8D736CBD2B
17.370312,58.598885,1,F1430977-52AF-4F46-BF92-0A8D736CBD2B
16.549644,58.82063,1,F1430977-52AF-4F46-BF92-0A8D736CBD2B
49.14531,-52.851597,2,F1430977-52AF-4F46-BF92-0A8D736CBD2B
48.77348,-53.2576,2,F1430977-52AF-4F46-BF92-0A8D736CBD2B
49.687576,-52.98714,2,F1430977-52AF-4F46-BF92-0A8D736CBD2B
49.845413,-53.515266,2,F1430977-52AF-4F46-BF92-0A8D736CBD2B
49.47055,-53.924088,0,F1430977-52AF-4F46-BF92-0A8D736CBD2B
48.917835,-53.821,0,F1430977-52AF-4F46-BF92-0A8D736CBD2B
-11.222267,-17.283123,0,F752B62E-E95F-A65D-4CB2-8B0252E15F08
36.310978,55.58501,0,F752B62E-E95F-A65D-4CB2-8B0252E15F08
37.144596,52.76169,0,F752B62E-E95F-A65D-4CB2-8B0252E15F08
37.235947,52.5614,0,F752B62E-E95F-A65D-4CB2-8B0252E15F08
-1.095675,20.657598,0,F752B62E-E95F-A65D-4CB2-8B0252E15F08
-1.138076,20.653654,2,F752B62E-E95F-A65D-4CB2-8B0252E15F08
69.71353,-26.78397,0,F752B62E-E95F-A65D-4CB2-8B0252E15F08
69.33839,-26.718996,0,F752B62E-E95F-A65D-4CB2-8B0252E15F08
69.07121,-26.664085,0,F752B62E-E95F-A65D-4CB2-8B0252E15F08
54.78881,-29.703232,0,F752B62E-E95F-A65D-4CB2-8B0252E15F08
67.25738,-29.35316,1,F752B62E-E95F-A65D-4CB2-8B0252E15F08
67.259674,-29.33722,1,F752B62E-E95F-A65D-4CB2-8B0252E15F08
-10.193368,-55.660507,2,F752B62E-E95F-A65D-4CB2-8B0252E15F08
-10.014986,-55.42966,2,F752B62E-E95F-A65D-4CB2-8B0252E15F08
-9.206061,-54.336994,2,F752B62E-E95F-A65D-4CB2-8B0252E15F08
-8.919945,-54.041733,2,F752B62E-E95F-A65D-4CB2-8B0252E15F08
-8.522045,-53.60395,2,F752B62E-E95F-A65D-4CB2-8B0252E15F08
-8.254061,-53.35455,0,F752B62E-E95F-A65D-4CB2-8B0252E15F08
-29.363028,8.145777,2,FB70D507-2F2A-0F83-3B53-75EB8452F5E0
-29.32805,8.335006,2,FB70D507-2F2A-0F83-3B53-75EB8452F5E0
-29.339355,8.704248,2,FB70D507-2F2A-0F83-3B53-75EB8452F5E0
-29.835056,9.966073,2,FB70D507-2F2A-0F83-3B53-75EB8452F5E0
-30.474527,10.8446,1,FB70D507-2F2A-0F83-3B53-75EB8452F5E0
-31.550732,12.411133,1,FB70D507-2F2A-0F83-3B53-75EB8452F5E0
-31.598713,12.461356,1,FB70D507-2F2A-0F83-3B53-75EB8452F5E0
-31.345469,13.05925,0,FB70D507-2F2A-0F83-3B53-75EB8452F5E0
-31.182314,13.539318,0,FB70D507-2F2A-0F83-3B53-75EB8452F5E0
9.454192,26.710619,0,FB70D507-2F2A-0F83-3B53-75EB8452F5E0
9.464726,26.942055,0,FB70D507-2F2A-0F83-3B53-75EB8452F5E0
9.479891,27.37854,0,FB70D507-2F2A-0F83-3B53-75EB8452F5E0
-18.21322,45.795284,1,FB70D507-2F2A-0F83-3B53-75EB8452F5E0
-18.707262,45.706467,1,FB70D507-2F2A-0F83-3B53-75EB8452F5E0
-19.612953,45.640343,1,FB70D507-2F2A-0F83-3B53-75EB8452F5E0
-20.124424,45.685688,1,FB70D507-2F2A-0F83-3B53-75EB8452F5E0
-21.430977,45.946842,1,FB70D507-2F2A-0F83-3B53-75EB8452F5E0
-21.542542,45.96648,1,FB70D507-2F2A-0F83-3B53-75EB8452F5E0
-59.882233,-24.092884,1,FB70D507-2F2A-0F83-3B53-75EB8452F5E0
-59.87099,-24.097038,0,FB70D507-2F2A-0F83-3B53-75EB8452F5E0
64.29477,12.847296,0,FB70D507-2F2A-0F83-3B53-75EB8452F5E0
64.10151,13.193915,0,FB70D507-2F2A-0F83-3B53-75EB8452F5E0
63.558224,13.821168,0,FB70D507-2F2A-0F83-3B53-75EB8452F5E0
63.277615,14.088288,0,FB70D507-2F2A-0F83-3B53-75EB8452F5E0
7.312624,-53.47744,1,FB70D507-2F2A-0F83-3B53-75EB8452F5E0
7.3667493,-53.763454,1,FB70D507-2F2A-0F83-3B53-75EB8452F5E0
7.6605306,-54.905357,1,FB70D507-2F2A-0F83-3B53-75EB8452F5E0
7.590469,-55.37239,1,FB70D507-2F2A-0F83-3B53-75EB8452F5E0
7.409568,-55.76631,1,FB70D507-2F2A-0F83-3B53-75EB8452F5E0
7.168783,-56.347343,1,FB70D507-2F2A-0F83-3B53-75EB8452F5E0
-36.39507,34.094658,2,FC50071B-D2BA-C98B-AC6E-7339010D56DA
-35.538555,34.192074,2,FC50071B-D2BA-C98B-AC6E-7339010D56DA
-35.16199,34.242283,2,FC50071B-D2BA-C98B-AC6E-7339010D56DA
-25.053505,38.16466,2,FC50071B-D2BA-C98B-AC6E-7339010D56DA
-24.678095,38.24053,2,FC50071B-D2BA-C98B-AC6E-7339010D56DA
-24.108196,38.3125,2,FC50071B-D2BA-C98B-AC6E-7339010D56DA
27.131151,59.53717,0,FC50071B-D2BA-C98B-AC6E-7339010D56DA
26.70144,59.35881,0,FC50071B-D2BA-C98B-AC6E-7339010D56DA
26.347744,59.120594,0,FC50071B-D2BA-C98B-AC6E-7339010D56DA
26.749428,57.22599,0,FC50071B-D2BA-C98B-AC6E-7339010D56DA
26.659864,56.817715,0,FC50071B-D2BA-C98B-AC6E-7339010D56DA
26.397978,56.37633,0,FC50071B-D2BA-C98B-AC6E-7339010D56DA
43.416225,-42.13919,1,FC50071B-D2BA-C98B-AC6E-7339010D56DA
43.449425,-42.121494,1,FC50071B-D2BA-C98B-AC6E-7339010D56DA
66.23538,-18.236649,1,FC50071B-D2BA-C98B-AC6E-7339010D56DA
66.33231,-18.275919,1,FC50071B-D2BA-C98B-AC6E-7339010D56DA
68.249016,-18.946598,1,FC50071B-D2BA-C98B-AC6E-7339010D56DA
68.23572,-18.959835,1,FC50071B-D2BA-C98B-AC6E-7339010D56DA
60.466278,-35.000443,1,FC50071B-D2BA-C98B-AC6E-7339010D56DA
60.450275,-35.307293,1,FC50071B-D2BA-C98B-AC6E-7339010D56DA
11.156948,34.259193,0,FC66D29E-8CD8-AE29-A071-33549272C1EE
11.446988,34.138004,0,FC66D29E-8CD8-AE29-A071-33549272C1EE
12.632568,33.82383,0,FC66D29E-8CD8-AE29-A071-33549272C1EE
13.369318,33.231564,0,FC66D29E-8CD8-AE29-A071-33549272C1EE
13.839749,32.65655,0,FC66D29E-8CD8-AE29-A071-33549272C1EE
14.197629,31.719023,2,FC66D29E-8CD8-AE29-A071-33549272C1EE
19.638088,-16.494514,2,FC66D29E-8CD8-AE29-A071-33549272C1EE
19.64887,-16.197006,2,FC66D29E-8CD8-AE29-A071-33549272C1EE
19.497377,-15.711575,2,FC66D29E-8CD8-AE29-A071-33549272C1EE
22.600666,-3.904272,2,FC66D29E-8CD8-AE29-A071-33549272C1EE
22.943913,-3.6639826,2,FC66D29E-8CD8-AE29-A071-33549272C1EE
23.1715,-3.3294296,2,FC66D29E-8CD8-AE29-A071-33549272C1EE
31.804132,-27.198359,2,FC66D29E-8CD8-AE29-A071-33549272C1EE
31.962786,-27.409245,0,FC66D29E-8CD8-AE29-A071-33549272C1EE
32.726845,-28.390522,0,FC66D29E-8CD8-AE29-A071-33549272C1EE
33.247425,-28.88087,0,FC66D29E-8CD8-AE29-A071-33549272C1EE
33.630814,-29.176464,0,FC66D29E-8CD8-AE29-A071-33549272C1EE
34.266457,-29.28989,0,FC66D29E-8CD8-AE29-A071-33549272C1EE
35.069355,-29.536358,0,FC66D29E-8CD8-AE29-A071-33549272C1EE
55.98956,-22.90987,0,FC66D29E-8CD8-AE29-A071-33549272C1EE
55.432693,-22.530504,0,FC66D29E-8CD8-AE29-A071-33549272C1EE
54.21241,-21.8145,0,FC66D29E-8CD8-AE29-A071-33549272C1EE
53.660984,-22.271523,0,FC66D29E-8CD8-AE29-A071-33549272C1EE
53.271214,-22.495691,0,FC66D29E-8CD8-AE29-A071-33549272C1EE
-30.202919,-4.257762,2,FFAB0F54-EFF2-FA1A-1892-F9D8ED3C9B31
-30.11618,-4.8224936,2,FFAB0F54-EFF2-FA1A-1892-F9D8ED3C9B31
-30.12169,-5.7999063,2,FFAB0F54-EFF2-FA1A-1892-F9D8ED3C9B31
-30.344187,-6.172898,2,FFAB0F54-EFF2-FA1A-1892-F9D8ED3C9B31
-30.458172,-6.2668157,2,FFAB0F54-EFF2-FA1A-1892-F9D8ED3C9B31
-32.064526,-7.03823,2,FFAB0F54-EFF2-FA1A-1892-F9D8ED3C9B31
-32.58756,-7.2449803,2,FFAB0F54-EFF2-FA1A-1892-F9D8ED3C9B31
-33.512245,-7.450489,2,FFAB0F54-EFF2-FA1A-1892-F9D8ED3C9B31
-46.62035,9.76053,2,FFAB0F54-EFF2-FA1A-1892-F9D8ED3C9B31
-56.910095,27.53338,2,FFAB0F54-EFF2-FA1A-1892-F9D8ED3C9B31
-57.21489,27.6853,2,FFAB0F54-EFF2-FA1A-1892-F9D8ED3C9B31
-57.4768,27.798473,2,FFAB0F54-EFF2-FA1A-1892-F9D8ED3C9B31
24.991472,6.8966613,0,FFAB0F54-EFF2-FA1A-1892-F9D8ED3C9B31
25.169405,6.953432,0,FFAB0F54-EFF2-FA1A-1892-F9D8ED3C9B31
26.915672,7.256654,0,FFAB0F54-EFF2-FA1A-1892-F9D8ED3C9B31
27.784313,7.0861206,0,FFAB0F54-EFF2-FA1A-1892-F9D8ED3C9B31
28.029072,7.022229,2,FFAB0F54-EFF2-FA1A-1892-F9D8ED3C9B31
28.838364,6.687248,2,FFAB0F54-EFF2-FA1A-1892-F9D8ED3C9B31
37.357372,32.536064,1,FFAB0F54-EFF2-FA1A-1892-F9D8ED3C9B31
37.517982,32.23917,1,FFAB0F54-EFF2-FA1A-1892-F9D8ED3C9B31
37.5832,31.83929,2,FFAB0F54-EFF2-FA1A-1892-F9D8ED3C9B31
45.780994,8.885699,2,FFAB0F54-EFF2-FA1A-1892-F9D8ED3C9B31
46.593754,7.950302,2,FFAB0F54-EFF2-FA1A-1892-F9D8ED3C9B31
65.53093,-27.311537,2,FFAB0F54-EFF2-FA1A-1892-F9D8ED3C9B31
