tsne_x,tsne_y,label_mood,player_id
-58.57034,-12.593695,2,018B0D8D-B5EC-09D6-90ED-550058EBFEAF
-58.323208,-12.41912,2,018B0D8D-B5EC-09D6-90ED-550058EBFEAF
-40.67875,-18.013702,2,018B0D8D-B5EC-09D6-90ED-550058EBFEAF
-39.870655,-18.11038,2,018B0D8D-B5EC-09D6-90ED-550058EBFEAF
-39.709755,-18.247416,2,018B0D8D-B5EC-09D6-90ED-550058EBFEAF
-38.56873,-18.977623,2,018B0D8D-B5EC-09D6-90ED-550058EBFEAF
-73.44935,2.2472966,2,018B0D8D-B5EC-09D6-90ED-550058EBFEAF
-73.76872,2.2023642,2,018B0D8D-B5EC-09D6-90ED-550058EBFEAF
-75.6205,-1.3038355,2,018B0D8D-B5EC-09D6-90ED-550058EBFEAF
-75.57606,-1.9473667,2,018B0D8D-B5EC-09D6-90ED-550058EBFEAF
-75.59321,-2.1074994,0,018B0D8D-B5EC-09D6-90ED-550058EBFEAF
-13.556497,43.53906,0,018B0D8D-B5EC-09D6-90ED-550058EBFEAF
-19.261658,38.292862,2,018B0D8D-B5EC-09D6-90ED-550058EBFEAF
-18.746141,39.852695,0,018B0D8D-B5EC-09D6-90ED-550058EBFEAF
-18.745592,39.906906,0,018B0D8D-B5EC-09D6-90ED-550058EBFEAF
-19.48539,40.49354,0,018B0D8D-B5EC-09D6-90ED-550058EBFEAF
-19.005068,41.104996,0,018B0D8D-B5EC-09D6-90ED-550058EBFEAF
9.40783,49.892643,0,018B0D8D-B5EC-09D6-90ED-550058EBFEAF
-36.990868,-4.0191965,1,018B0D8D-B5EC-09D6-90ED-550058EBFEAF
-41.353493,1.4164468,0,018B0D8D-B5EC-09D6-90ED-550058EBFEAF
-41.20214,1.3936461,0,018B0D8D-B5EC-09D6-90ED-550058EBFEAF
-0.25004336,-3.664527,0,018B0D8D-B5EC-09D6-90ED-550058EBFEAF
0.42127016,-3.473746,0,018B0D8D-B5EC-09D6-90ED-550058EBFEAF
0.7242894,-3.4082258,0,018B0D8D-B5EC-09D6-90ED-550058EBFEAF
-32.848984,37.252697,0,018B0D8D-B5EC-09D6-90ED-550058EBFEAF
-51.955303,8.724356,2,06F9F8CE-9696-23CA-25B5-000AA4A793BA
-50.305256,8.826428,2,06F9F8CE-9696-23CA-25B5-000AA4A793BA
-51.508038,9.11979,2,06F9F8CE-9696-23CA-25B5-000AA4A793BA
-51.446163,9.583629,2,06F9F8CE-9696-23CA-25B5-000AA4A793BA
-0.3335076,-23.695448,2,06F9F8CE-9696-23CA-25B5-000AA4A793BA
-0.79688716,-23.887257,2,06F9F8CE-9696-23CA-25B5-000AA4A793BA
-0.8864377,-23.906466,2,06F9F8CE-9696-23CA-25B5-000AA4A793BA
4.719314,-21.59269,1,06F9F8CE-9696-23CA-25B5-000AA4A793BA
4.671087,-21.759045,1,06F9F8CE-9696-23CA-25B5-000AA4A793BA
18.580933,-36.706272,1,06F9F8CE-9696-23CA-25B5-000AA4A793BA
-30.339779,40.513653,1,06F9F8CE-9696-23CA-25B5-000AA4A793BA
-30.314514,40.545616,2,06F9F8CE-9696-23CA-25B5-000AA4A793BA
-73.16218,0.5467056,2,06F9F8CE-9696-23CA-25B5-000AA4A793BA
-46.942703,-21.481903,2,06F9F8CE-9696-23CA-25B5-000AA4A793BA
-46.737392,-21.382622,0,06F9F8CE-9696-23CA-25B5-000AA4A793BA
41.71156,13.089682,0,06F9F8CE-9696-23CA-25B5-000AA4A793BA
32.144608,0.9731212,0,06F9F8CE-9696-23CA-25B5-000AA4A793BA
41.880833,12.8322,0,06F9F8CE-9696-23CA-25B5-000AA4A793BA
66.54462,21.810307,0,0A221ADF-C99E-307E-7B65-92EF9DABA6C4
64.169754,23.400911,0,0A221ADF-C99E-307E-7B65-92EF9DABA6C4
63.1529,23.998493,0,0A221ADF-C99E-307E-7B65-92EF9DABA6C4
62.516098,24.89827,2,0A221ADF-C99E-307E-7B65-92EF9DABA6C4
29.343523,3.1787422,2,0A221ADF-C99E-307E-7B65-92EF9DABA6C4
29.46275,3.8972497,2,0A221ADF-C99E-307E-7B65-92EF9DABA6C4
27.383076,9.031253,2,0A221ADF-C99E-307E-7B65-92EF9DABA6C4
-24.986115,24.590689,0,0A221ADF-C99E-307E-7B65-92EF9DABA6C4
-60.990955,-13.653602,0,0A221ADF-C99E-307E-7B65-92EF9DABA6C4
-61.401768,-13.532311,0,0A221ADF-C99E-307E-7B65-92EF9DABA6C4
-62.80748,-13.217012,2,0A221ADF-C99E-307E-7B65-92EF9DABA6C4
-62.946274,-13.185603,2,0A221ADF-C99E-307E-7B65-92EF9DABA6C4
-9.914914,47.89377,2,0A221ADF-C99E-307E-7B65-92EF9DABA6C4
-10.046311,47.67802,2,0A221ADF-C99E-307E-7B65-92EF9DABA6C4
15.063669,24.215075,2,0A221ADF-C99E-307E-7B65-92EF9DABA6C4
-33.875885,11.025516,2,0A221ADF-C99E-307E-7B65-92EF9DABA6C4
-60.088985,8.276917,2,0A221ADF-C99E-307E-7B65-92EF9DABA6C4
-72.68828,11.118394,2,0A221ADF-C99E-307E-7B65-92EF9DABA6C4
-45.16618,27.485052,2,0A76B59A-F1FF-F3F5-A3CA-2386FA8EF308
-70.97881,18.922897,2,0A76B59A-F1FF-F3F5-A3CA-2386FA8EF308
-43.991226,26.974817,2,0A76B59A-F1FF-F3F5-A3CA-2386FA8EF308
-56.235313,13.489256,2,0A76B59A-F1FF-F3F5-A3CA-2386FA8EF308
-55.694897,13.580555,2,0A76B59A-F1FF-F3F5-A3CA-2386FA8EF308
-55.53318,13.502025,2,0A76B59A-F1FF-F3F5-A3CA-2386FA8EF308
-63.54171,15.187551,2,0A76B59A-F1FF-F3F5-A3CA-2386FA8EF308
-63.692,15.194451,2,0A76B59A-F1FF-F3F5-A3CA-2386FA8EF308
-68.75838,14.033203,2,0A76B59A-F1FF-F3F5-A3CA-2386FA8EF308
-68.44849,13.986253,2,0A76B59A-F1FF-F3F5-A3CA-2386FA8EF308
-67.954735,14.300255,2,0A76B59A-F1FF-F3F5-A3CA-2386FA8EF308
-67.22153,14.514933,2,0A76B59A-F1FF-F3F5-A3CA-2386FA8EF308
-33.207516,-31.199974,1,0A76B59A-F1FF-F3F5-A3CA-2386FA8EF308
-33.79531,-30.803293,1,0A76B59A-F1FF-F3F5-A3CA-2386FA8EF308
-34.33808,-30.529673,1,0A76B59A-F1FF-F3F5-A3CA-2386FA8EF308
-16.074635,-34.803932,1,0A76B59A-F1FF-F3F5-A3CA-2386FA8EF308
-15.249155,-34.86208,1,0A76B59A-F1FF-F3F5-A3CA-2386FA8EF308
7.050125,-34.595364,1,0A76B59A-F1FF-F3F5-A3CA-2386FA8EF308
-33.71413,-45.345078,1,0A76B59A-F1FF-F3F5-A3CA-2386FA8EF308
-33.88285,-45.46826,1,0A76B59A-F1FF-F3F5-A3CA-2386FA8EF308
-34.097687,-45.40119,1,0A76B59A-F1FF-F3F5-A3CA-2386FA8EF308
-38.69401,-11.152115,1,0A76B59A-F1FF-F3F5-A3CA-2386FA8EF308
-38.706924,-11.097511,1,0A76B59A-F1FF-F3F5-A3CA-2386FA8EF308
44.702335,-27.020313,1,0A76B59A-F1FF-F3F5-A3CA-2386FA8EF308
-17.161516,42.484306,2,0A76B59A-F1FF-F3F5-A3CA-2386FA8EF308
26.542416,43.563126,2,0A76B59A-F1FF-F3F5-A3CA-2386FA8EF308
26.63078,43.486824,2,0A76B59A-F1FF-F3F5-A3CA-2386FA8EF308
-4.6895523,28.006979,2,0A76B59A-F1FF-F3F5-A3CA-2386FA8EF308
-4.4686017,27.839487,2,0A76B59A-F1FF-F3F5-A3CA-2386FA8EF308
-48.850098,6.934994,2,0A76B59A-F1FF-F3F5-A3CA-2386FA8EF308
-74.41838,11.135815,2,0B5863F1-A482-C95D-EA42-9183B5BDFA12
-74.40379,11.212896,2,0B5863F1-A482-C95D-EA42-9183B5BDFA12
-74.58972,11.340404,2,0B5863F1-A482-C95D-EA42-9183B5BDFA12
-15.049961,2.7128446,2,0B5863F1-A482-C95D-EA42-9183B5BDFA12
-15.277394,2.8511562,2,0B5863F1-A482-C95D-EA42-9183B5BDFA12
7.6805005,-48.19958,2,0B5863F1-A482-C95D-EA42-9183B5BDFA12
28.862404,-9.494479,0,0B5863F1-A482-C95D-EA42-9183B5BDFA12
28.137306,-9.948758,0,0B5863F1-A482-C95D-EA42-9183B5BDFA12
27.97186,-10.019811,0,0B5863F1-A482-C95D-EA42-9183B5BDFA12
27.208233,-9.449411,0,0B5863F1-A482-C95D-EA42-9183B5BDFA12
10.750544,-8.234797,0,0B5863F1-A482-C95D-EA42-9183B5BDFA12
2.7159085,-22.665865,0,0B5863F1-A482-C95D-EA42-9183B5BDFA12
-28.027725,-32.178898,0,0B5863F1-A482-C95D-EA42-9183B5BDFA12
-19.240742,-42.468685,2,0B5863F1-A482-C95D-EA42-9183B5BDFA12
-10.131285,-27.325058,2,0B5863F1-A482-C95D-EA42-9183B5BDFA12
-18.637518,-40.847538,2,0B5863F1-A482-C95D-EA42-9183B5BDFA12
-31.935509,-12.637575,0,0B5863F1-A482-C95D-EA42-9183B5BDFA12
26.183397,5.517262,0,0B5863F1-A482-C95D-EA42-9183B5BDFA12
51.10495,-17.033163,2,0B5863F1-A482-C95D-EA42-9183B5BDFA12
42.61289,-32.94417,2,0B5863F1-A482-C95D-EA42-9183B5BDFA12
34.755806,-39.69891,2,0B5863F1-A482-C95D-EA42-9183B5BDFA12
-30.752953,-36.039402,2,0D759376-3F10-1BEB-7205-E91B8BF17984
-30.783579,-35.935104,2,0D759376-3F10-1BEB-7205-E91B8BF17984
-57.40107,-14.925267,2,0D759376-3F10-1BEB-7205-E91B8BF17984
-56.31223,-15.24575,2,0D759376-3F10-1BEB-7205-E91B8BF17984
-56.18253,-15.318325,2,0D759376-3F10-1BEB-7205-E91B8BF17984
-5.154543,-33.694813,2,0D759376-3F10-1BEB-7205-E91B8BF17984
-24.939903,-45.683342,1,0D759376-3F10-1BEB-7205-E91B8BF17984
9.037243,-51.39675,1,0D759376-3F10-1BEB-7205-E91B8BF17984
3.29545,-50.200417,1,0D759376-3F10-1BEB-7205-E91B8BF17984
0.90714407,-50.798294,1,0D759376-3F10-1BEB-7205-E91B8BF17984
9.678343,-63.51377,1,0D759376-3F10-1BEB-7205-E91B8BF17984
9.883577,-63.492596,1,0D759376-3F10-1BEB-7205-E91B8BF17984
68.196175,7.350445,2,0D759376-3F10-1BEB-7205-E91B8BF17984
70.73054,25.248299,2,0D759376-3F10-1BEB-7205-E91B8BF17984
1.0647056,53.435703,2,0D759376-3F10-1BEB-7205-E91B8BF17984
0.9821547,53.38968,0,0D759376-3F10-1BEB-7205-E91B8BF17984
-14.213486,38.337536,0,0D759376-3F10-1BEB-7205-E91B8BF17984
-14.1414,38.08004,2,0D759376-3F10-1BEB-7205-E91B8BF17984
0.047634616,-20.834534,2,0D759376-3F10-1BEB-7205-E91B8BF17984
-2.626777,-16.642435,2,0D759376-3F10-1BEB-7205-E91B8BF17984
48.648453,-17.018623,1,0D759376-3F10-1BEB-7205-E91B8BF17984
48.72692,-16.9954,1,0D759376-3F10-1BEB-7205-E91B8BF17984
-81.140564,9.171124,2,0F3B2D98-51FE-5265-3746-A0763DE31C98
-81.20883,9.206879,2,0F3B2D98-51FE-5265-3746-A0763DE31C98
-53.54027,-3.0550072,2,0F3B2D98-51FE-5265-3746-A0763DE31C98
-6.415508,12.003991,2,0F3B2D98-51FE-5265-3746-A0763DE31C98
-31.981756,7.7454276,2,0F3B2D98-51FE-5265-3746-A0763DE31C98
-31.88866,7.598364,2,0F3B2D98-51FE-5265-3746-A0763DE31C98
48.37817,34.340874,0,0F3B2D98-51FE-5265-3746-A0763DE31C98
48.557636,34.00789,0,0F3B2D98-51FE-5265-3746-A0763DE31C98
48.769733,33.61027,0,0F3B2D98-51FE-5265-3746-A0763DE31C98
49.12033,33.350033,0,0F3B2D98-51FE-5265-3746-A0763DE31C98
20.449831,34.56874,0,0F3B2D98-51FE-5265-3746-A0763DE31C98
-35.83581,36.77534,0,0F3B2D98-51FE-5265-3746-A0763DE31C98
-35.976723,36.634064,1,0F3B2D98-51FE-5265-3746-A0763DE31C98
-32.659897,1.5859519,1,0F3B2D98-51FE-5265-3746-A0763DE31C98
-21.504147,6.3064156,1,0F3B2D98-51FE-5265-3746-A0763DE31C98
-21.876253,6.2965693,0,0F3B2D98-51FE-5265-3746-A0763DE31C98
26.454817,33.714638,0,0F3B2D98-51FE-5265-3746-A0763DE31C98
21.801105,48.45306,0,0F3B2D98-51FE-5265-3746-A0763DE31C98
-12.583859,-46.70408,0,0F3B2D98-51FE-5265-3746-A0763DE31C98
-12.796698,-31.825104,0,0F3B2D98-51FE-5265-3746-A0763DE31C98
12.610549,-3.359182,0,0F3B2D98-51FE-5265-3746-A0763DE31C98
0.7732119,8.598341,0,0F3B2D98-51FE-5265-3746-A0763DE31C98
0.8889228,8.577927,0,0F3B2D98-51FE-5265-3746-A0763DE31C98
60.914165,16.803719,0,0F3B2D98-51FE-5265-3746-A0763DE31C98
-0.32361302,42.586147,2,14027B3A-0AD6-CBA3-A600-42B3C0A4D933
-5.024721,31.221006,2,14027B3A-0AD6-CBA3-A600-42B3C0A4D933
-5.178103,31.075857,2,14027B3A-0AD6-CBA3-A600-42B3C0A4D933
-4.5698843,32.02739,2,14027B3A-0AD6-CBA3-A600-42B3C0A4D933
15.346768,46.264984,2,14027B3A-0AD6-CBA3-A600-42B3C0A4D933
49.504272,35.387737,2,14027B3A-0AD6-CBA3-A600-42B3C0A4D933
36.627113,2.2144065,2,14027B3A-0AD6-CBA3-A600-42B3C0A4D933
36.196735,1.5007266,2,14027B3A-0AD6-CBA3-A600-42B3C0A4D933
36.234787,1.6539611,2,14027B3A-0AD6-CBA3-A600-42B3C0A4D933
36.9994,2.3555858,2,14027B3A-0AD6-CBA3-A600-42B3C0A4D933
37.274445,1.0488602,2,14027B3A-0AD6-CBA3-A600-42B3C0A4D933
-7.8468204,-31.143278,2,14027B3A-0AD6-CBA3-A600-42B3C0A4D933
-69.27498,-1.9923668,2,14027B3A-0AD6-CBA3-A600-42B3C0A4D933
-69.282265,-1.9996958,2,14027B3A-0AD6-CBA3-A600-42B3C0A4D933
3.2012873,-6.066344,2,14027B3A-0AD6-CBA3-A600-42B3C0A4D933
48.727432,29.410961,2,14027B3A-0AD6-CBA3-A600-42B3C0A4D933
53.63402,-6.9493675,2,14027B3A-0AD6-CBA3-A600-42B3C0A4D933
11.6033125,-28.129438,2,14027B3A-0AD6-CBA3-A600-42B3C0A4D933
-39.561653,-5.1025267,2,165B40B2-D9B2-DBC0-AE48-02C0F49A609F
-27.32239,6.577389,2,165B40B2-D9B2-DBC0-AE48-02C0F49A609F
-1.8068944,-5.7881117,2,165B40B2-D9B2-DBC0-AE48-02C0F49A609F
-4.121641,-22.689217,2,165B40B2-D9B2-DBC0-AE48-02C0F49A609F
-32.00518,-12.82934,2,165B40B2-D9B2-DBC0-AE48-02C0F49A609F
-35.7502,20.407253,2,165B40B2-D9B2-DBC0-AE48-02C0F49A609F
23.508677,-5.4378905,2,165B40B2-D9B2-DBC0-AE48-02C0F49A609F
23.95617,-5.90852,2,165B40B2-D9B2-DBC0-AE48-02C0F49A609F
24.260164,-6.382421,2,165B40B2-D9B2-DBC0-AE48-02C0F49A609F
24.483067,-6.6751046,2,165B40B2-D9B2-DBC0-AE48-02C0F49A609F
24.016926,-8.169382,2,165B40B2-D9B2-DBC0-AE48-02C0F49A609F
24.410944,-8.379749,2,165B40B2-D9B2-DBC0-AE48-02C0F49A609F
24.159672,38.878464,0,165B40B2-D9B2-DBC0-AE48-02C0F49A609F
59.726936,28.25323,0,165B40B2-D9B2-DBC0-AE48-02C0F49A609F
60.202595,28.38387,0,165B40B2-D9B2-DBC0-AE48-02C0F49A609F
60.20384,28.209658,0,165B40B2-D9B2-DBC0-AE48-02C0F49A609F
61.348206,29.267878,0,165B40B2-D9B2-DBC0-AE48-02C0F49A609F
33.749454,18.09461,0,165B40B2-D9B2-DBC0-AE48-02C0F49A609F
33.728592,18.098656,0,165B40B2-D9B2-DBC0-AE48-02C0F49A609F
34.19913,39.065495,1,165B40B2-D9B2-DBC0-AE48-02C0F49A609F
34.15279,39.017384,1,165B40B2-D9B2-DBC0-AE48-02C0F49A609F
-76.33958,-6.0426097,1,165B40B2-D9B2-DBC0-AE48-02C0F49A609F
-76.282745,-6.1582794,2,165B40B2-D9B2-DBC0-AE48-02C0F49A609F
-75.62457,-7.4093432,2,165B40B2-D9B2-DBC0-AE48-02C0F49A609F
46.58524,-13.881657,0,165B40B2-D9B2-DBC0-AE48-02C0F49A609F
13.202532,31.332748,0,165B40B2-D9B2-DBC0-AE48-02C0F49A609F
13.146593,31.34471,0,165B40B2-D9B2-DBC0-AE48-02C0F49A609F
-22.757029,-38.480637,1,172A62AD-9B69-33E2-1551-9526879D80AC
3.6216736,9.207974,2,172A62AD-9B69-33E2-1551-9526879D80AC
-19.652822,-2.1754818,2,172A62AD-9B69-33E2-1551-9526879D80AC
-18.320263,-3.6931505,2,172A62AD-9B69-33E2-1551-9526879D80AC
-18.175714,-2.9180257,2,172A62AD-9B69-33E2-1551-9526879D80AC
-17.901901,-2.885575,2,172A62AD-9B69-33E2-1551-9526879D80AC
38.273476,7.3107934,2,172A62AD-9B69-33E2-1551-9526879D80AC
38.320404,7.4881186,1,172A62AD-9B69-33E2-1551-9526879D80AC
33.810867,11.39425,1,172A62AD-9B69-33E2-1551-9526879D80AC
33.037617,10.81113,1,172A62AD-9B69-33E2-1551-9526879D80AC
32.892635,10.992012,2,172A62AD-9B69-33E2-1551-9526879D80AC
32.264328,11.128174,2,172A62AD-9B69-33E2-1551-9526879D80AC
12.447701,-13.994047,2,172A62AD-9B69-33E2-1551-9526879D80AC
-43.01899,-24.350533,2,172A62AD-9B69-33E2-1551-9526879D80AC
-43.044006,-24.183641,2,172A62AD-9B69-33E2-1551-9526879D80AC
-61.820568,1.611404,2,172A62AD-9B69-33E2-1551-9526879D80AC
-61.4227,1.7637002,2,172A62AD-9B69-33E2-1551-9526879D80AC
-61.535088,1.8510779,2,172A62AD-9B69-33E2-1551-9526879D80AC
-78.30692,6.7327385,2,172A62AD-9B69-33E2-1551-9526879D80AC
44.96134,6.891735,2,172A62AD-9B69-33E2-1551-9526879D80AC
-11.021625,39.52114,2,172A62AD-9B69-33E2-1551-9526879D80AC
51.61482,33.45649,2,172A62AD-9B69-33E2-1551-9526879D80AC
8.862282,30.099758,2,172A62AD-9B69-33E2-1551-9526879D80AC
31.407473,-44.002014,1,172A62AD-9B69-33E2-1551-9526879D80AC
-75.16624,-3.3515687,1,172A62AD-9B69-33E2-1551-9526879D80AC
-48.244316,-26.165985,1,172A62AD-9B69-33E2-1551-9526879D80AC
-48.303654,-26.197361,2,172A62AD-9B69-33E2-1551-9526879D80AC
-69.16147,5.771568,2,172A62AD-9B69-33E2-1551-9526879D80AC
-69.246216,5.8760715,2,172A62AD-9B69-33E2-1551-9526879D80AC
-69.442085,6.491893,2,172A62AD-9B69-33E2-1551-9526879D80AC
24.536657,37.813923,2,172A62AD-9B69-33E2-1551-9526879D80AC
-49.384975,-7.2197976,1,172A62AD-9B69-33E2-1551-9526879D80AC
-50.023167,-6.937589,1,172A62AD-9B69-33E2-1551-9526879D80AC
-50.397274,-6.9293337,1,172A62AD-9B69-33E2-1551-9526879D80AC
-50.68601,-6.7758436,1,172A62AD-9B69-33E2-1551-9526879D80AC
-62.955814,-6.324427,1,172A62AD-9B69-33E2-1551-9526879D80AC
-30.612734,14.854969,1,172A62AD-9B69-33E2-1551-9526879D80AC
-30.561363,14.795165,1,172A62AD-9B69-33E2-1551-9526879D80AC
-19.34489,2.2632155,1,172A62AD-9B69-33E2-1551-9526879D80AC
4.0371194,10.722477,1,172A62AD-9B69-33E2-1551-9526879D80AC
3.9673307,10.536546,1,172A62AD-9B69-33E2-1551-9526879D80AC
15.021637,-1.685645,1,172A62AD-9B69-33E2-1551-9526879D80AC
9.784321,-48.11736,2,1AE03BA6-E346-DEB8-4865-276ECC5CD9B1
9.904088,-48.041348,2,1AE03BA6-E346-DEB8-4865-276ECC5CD9B1
42.728016,-22.364813,2,1AE03BA6-E346-DEB8-4865-276ECC5CD9B1
16.546806,31.629316,2,1AE03BA6-E346-DEB8-4865-276ECC5CD9B1
-5.8510814,20.53202,2,1AE03BA6-E346-DEB8-4865-276ECC5CD9B1
16.520052,31.796001,2,1AE03BA6-E346-DEB8-4865-276ECC5CD9B1
-40.29394,-8.511903,2,1AE03BA6-E346-DEB8-4865-276ECC5CD9B1
-31.892658,-21.046997,2,1AE03BA6-E346-DEB8-4865-276ECC5CD9B1
5.2126884,5.9949613,2,1AE03BA6-E346-DEB8-4865-276ECC5CD9B1
5.1968765,5.983013,2,1AE03BA6-E346-DEB8-4865-276ECC5CD9B1
34.287575,-7.637921,2,1AE03BA6-E346-DEB8-4865-276ECC5CD9B1
-13.084107,-30.382467,1,1AE03BA6-E346-DEB8-4865-276ECC5CD9B1
6.4653606,15.211803,1,1AE03BA6-E346-DEB8-4865-276ECC5CD9B1
6.4913626,15.232411,1,1AE03BA6-E346-DEB8-4865-276ECC5CD9B1
-3.3558173,9.348148,1,1AE03BA6-E346-DEB8-4865-276ECC5CD9B1
55.713844,37.190514,0,1F6A56CA-9C73-442F-2682-BB69E4B03AB2
4.3082514,48.479702,2,1F6A56CA-9C73-442F-2682-BB69E4B03AB2
20.645197,42.94848,2,1F6A56CA-9C73-442F-2682-BB69E4B03AB2
20.679052,43.432144,2,1F6A56CA-9C73-442F-2682-BB69E4B03AB2
57.951218,34.732807,0,1F6A56CA-9C73-442F-2682-BB69E4B03AB2
57.95814,34.701973,0,1F6A56CA-9C73-442F-2682-BB69E4B03AB2
38.960163,10.075391,2,1F6A56CA-9C73-442F-2682-BB69E4B03AB2
45.208706,14.648929,2,1F6A56CA-9C73-442F-2682-BB69E4B03AB2
45.14296,14.345211,2,1F6A56CA-9C73-442F-2682-BB69E4B03AB2
14.717421,-5.5209584,2,1F6A56CA-9C73-442F-2682-BB69E4B03AB2
14.592251,-5.3499784,2,1F6A56CA-9C73-442F-2682-BB69E4B03AB2
14.383281,-5.773585,2,1F6A56CA-9C73-442F-2682-BB69E4B03AB2
62.48248,12.509701,2,1F6A56CA-9C73-442F-2682-BB69E4B03AB2
50.37762,30.971092,2,1F6A56CA-9C73-442F-2682-BB69E4B03AB2
63.279858,26.144548,2,1F6A56CA-9C73-442F-2682-BB69E4B03AB2
25.997543,38.56199,2,1F6A56CA-9C73-442F-2682-BB69E4B03AB2
51.96067,29.802252,2,1F6A56CA-9C73-442F-2682-BB69E4B03AB2
25.523754,38.111374,2,1F6A56CA-9C73-442F-2682-BB69E4B03AB2
23.051775,29.877333,2,1FA97947-2FB7-D626-8CD3-2426BEEE97D1
23.038536,29.912577,2,1FA97947-2FB7-D626-8CD3-2426BEEE97D1
0.9246278,22.510971,2,1FA97947-2FB7-D626-8CD3-2426BEEE97D1
0.9734551,22.55577,2,1FA97947-2FB7-D626-8CD3-2426BEEE97D1
8.64628,46.398716,2,1FA97947-2FB7-D626-8CD3-2426BEEE97D1
8.77999,46.43263,2,1FA97947-2FB7-D626-8CD3-2426BEEE97D1
-24.066849,11.200523,1,1FA97947-2FB7-D626-8CD3-2426BEEE97D1
-23.944874,11.091114,1,1FA97947-2FB7-D626-8CD3-2426BEEE97D1
57.70637,-6.9661527,1,1FA97947-2FB7-D626-8CD3-2426BEEE97D1
57.805252,-6.9949074,1,1FA97947-2FB7-D626-8CD3-2426BEEE97D1
-20.731995,-45.07411,1,1FA97947-2FB7-D626-8CD3-2426BEEE97D1
-20.942255,-45.05947,1,1FA97947-2FB7-D626-8CD3-2426BEEE97D1
-34.897335,14.429345,2,1FA97947-2FB7-D626-8CD3-2426BEEE97D1
-34.60103,13.749343,1,1FA97947-2FB7-D626-8CD3-2426BEEE97D1
-34.485935,13.574861,2,1FA97947-2FB7-D626-8CD3-2426BEEE97D1
7.559743,19.218822,2,1FA97947-2FB7-D626-8CD3-2426BEEE97D1
7.6754,19.12289,2,1FA97947-2FB7-D626-8CD3-2426BEEE97D1
8.133024,18.309805,2,1FA97947-2FB7-D626-8CD3-2426BEEE97D1
40.796837,15.164301,2,1FA97947-2FB7-D626-8CD3-2426BEEE97D1
49.1318,-22.462105,2,1FA97947-2FB7-D626-8CD3-2426BEEE97D1
-39.78769,27.053257,2,1FA97947-2FB7-D626-8CD3-2426BEEE97D1
-39.852863,27.008406,1,1FA97947-2FB7-D626-8CD3-2426BEEE97D1
-39.49879,27.310886,2,1FA97947-2FB7-D626-8CD3-2426BEEE97D1
-51.567535,23.66787,2,1FA97947-2FB7-D626-8CD3-2426BEEE97D1
-0.41351235,-56.638664,1,1FA97947-2FB7-D626-8CD3-2426BEEE97D1
50.05134,5.5470786,1,1FA97947-2FB7-D626-8CD3-2426BEEE97D1
13.475197,-24.853893,1,1FA97947-2FB7-D626-8CD3-2426BEEE97D1
13.6146555,-24.728086,1,1FA97947-2FB7-D626-8CD3-2426BEEE97D1
16.65026,20.75651,1,1FA97947-2FB7-D626-8CD3-2426BEEE97D1
16.981546,21.45364,1,1FA97947-2FB7-D626-8CD3-2426BEEE97D1
16.916162,21.4952,1,1FA97947-2FB7-D626-8CD3-2426BEEE97D1
16.86338,22.369005,1,1FA97947-2FB7-D626-8CD3-2426BEEE97D1
18.335249,21.296995,1,1FA97947-2FB7-D626-8CD3-2426BEEE97D1
48.632668,-14.189129,1,1FA97947-2FB7-D626-8CD3-2426BEEE97D1
14.9314375,-59.378014,1,1FA97947-2FB7-D626-8CD3-2426BEEE97D1
14.794915,-59.714645,1,1FA97947-2FB7-D626-8CD3-2426BEEE97D1
55.60495,38.633896,0,243FE25F-E451-21F6-7EFA-F9DACC7D31CA
31.446358,-16.4485,0,243FE25F-E451-21F6-7EFA-F9DACC7D31CA
-18.486883,-34.1188,0,243FE25F-E451-21F6-7EFA-F9DACC7D31CA
-36.03718,-16.467524,1,243FE25F-E451-21F6-7EFA-F9DACC7D31CA
-26.383127,16.421549,2,243FE25F-E451-21F6-7EFA-F9DACC7D31CA
-26.43262,16.48827,2,243FE25F-E451-21F6-7EFA-F9DACC7D31CA
21.331522,50.686253,0,243FE25F-E451-21F6-7EFA-F9DACC7D31CA
21.263706,50.672,0,243FE25F-E451-21F6-7EFA-F9DACC7D31CA
-6.77997,46.931297,2,243FE25F-E451-21F6-7EFA-F9DACC7D31CA
-7.1504526,46.699463,2,243FE25F-E451-21F6-7EFA-F9DACC7D31CA
-39.294617,13.839392,2,243FE25F-E451-21F6-7EFA-F9DACC7D31CA
-29.215973,-12.324728,2,243FE25F-E451-21F6-7EFA-F9DACC7D31CA
-61.74469,17.538427,2,243FE25F-E451-21F6-7EFA-F9DACC7D31CA
-23.499874,39.00359,2,243FE25F-E451-21F6-7EFA-F9DACC7D31CA
-24.032934,38.829224,2,243FE25F-E451-21F6-7EFA-F9DACC7D31CA
-8.266293,42.772606,2,243FE25F-E451-21F6-7EFA-F9DACC7D31CA
-8.717384,42.44183,2,243FE25F-E451-21F6-7EFA-F9DACC7D31CA
-9.0017805,42.207245,2,243FE25F-E451-21F6-7EFA-F9DACC7D31CA
-48.369816,0.50025636,2,243FE25F-E451-21F6-7EFA-F9DACC7D31CA
-63.85618,18.744316,2,243FE25F-E451-21F6-7EFA-F9DACC7D31CA
-22.316841,-40.71233,2,243FE25F-E451-21F6-7EFA-F9DACC7D31CA
-31.06479,-43.92625,2,243FE25F-E451-21F6-7EFA-F9DACC7D31CA
-31.611149,-43.23242,2,243FE25F-E451-21F6-7EFA-F9DACC7D31CA
-22.560463,-33.638885,2,243FE25F-E451-21F6-7EFA-F9DACC7D31CA
36.152138,-43.70421,2,2656C6B4-988A-A958-5107-5422027AEE1D
35.937553,-43.839764,2,2656C6B4-988A-A958-5107-5422027AEE1D
16.533848,-38.59215,0,2656C6B4-988A-A958-5107-5422027AEE1D
-0.20702238,14.667239,0,2656C6B4-988A-A958-5107-5422027AEE1D
-22.150444,30.112936,0,2656C6B4-988A-A958-5107-5422027AEE1D
-22.322388,29.956266,0,2656C6B4-988A-A958-5107-5422027AEE1D
-1.2069583,-17.372625,2,2656C6B4-988A-A958-5107-5422027AEE1D
26.142374,-22.220594,2,2656C6B4-988A-A958-5107-5422027AEE1D
22.960604,-43.599735,2,2656C6B4-988A-A958-5107-5422027AEE1D
22.936733,-44.108425,2,2656C6B4-988A-A958-5107-5422027AEE1D
23.045,-44.60557,2,2656C6B4-988A-A958-5107-5422027AEE1D
24.216635,-43.046024,2,2656C6B4-988A-A958-5107-5422027AEE1D
27.578604,20.79081,2,2656C6B4-988A-A958-5107-5422027AEE1D
-15.16496,-27.667097,2,2656C6B4-988A-A958-5107-5422027AEE1D
11.051283,23.938662,2,2656C6B4-988A-A958-5107-5422027AEE1D
64.046394,-3.4650867,2,2656C6B4-988A-A958-5107-5422027AEE1D
40.84507,-21.205564,2,2656C6B4-988A-A958-5107-5422027AEE1D
-76.80469,11.385283,2,2656C6B4-988A-A958-5107-5422027AEE1D
53.04202,31.808983,0,27C12E79-B4DD-AA48-E99E-552C6BAEBA6F
52.69369,31.769161,2,27C12E79-B4DD-AA48-E99E-552C6BAEBA6F
7.223744,41.435833,2,27C12E79-B4DD-AA48-E99E-552C6BAEBA6F
-32.060806,25.364649,2,27C12E79-B4DD-AA48-E99E-552C6BAEBA6F
-63.10366,11.686159,2,27C12E79-B4DD-AA48-E99E-552C6BAEBA6F
-32.025307,25.979666,2,27C12E79-B4DD-AA48-E99E-552C6BAEBA6F
-38.289165,-15.558521,2,27C12E79-B4DD-AA48-E99E-552C6BAEBA6F
-38.846325,-14.988192,2,27C12E79-B4DD-AA48-E99E-552C6BAEBA6F
-21.486902,3.771093,2,27C12E79-B4DD-AA48-E99E-552C6BAEBA6F
45.285416,36.706604,0,27C12E79-B4DD-AA48-E99E-552C6BAEBA6F
45.079292,36.978703,0,27C12E79-B4DD-AA48-E99E-552C6BAEBA6F
45.214077,37.192486,0,27C12E79-B4DD-AA48-E99E-552C6BAEBA6F
51.011364,17.309301,0,27C12E79-B4DD-AA48-E99E-552C6BAEBA6F
51.196922,17.460243,0,27C12E79-B4DD-AA48-E99E-552C6BAEBA6F
51.681057,17.849266,0,27C12E79-B4DD-AA48-E99E-552C6BAEBA6F
24.633043,-17.085579,0,27C12E79-B4DD-AA48-E99E-552C6BAEBA6F
-9.147616,-17.384985,2,27C12E79-B4DD-AA48-E99E-552C6BAEBA6F
-9.166414,-17.418814,2,27C12E79-B4DD-AA48-E99E-552C6BAEBA6F
8.706621,-10.769656,2,27C12E79-B4DD-AA48-E99E-552C6BAEBA6F
8.656098,-11.037566,2,27C12E79-B4DD-AA48-E99E-552C6BAEBA6F
8.664155,-9.702846,2,27C12E79-B4DD-AA48-E99E-552C6BAEBA6F
24.271742,22.589138,2,27C12E79-B4DD-AA48-E99E-552C6BAEBA6F
67.20948,27.026585,2,27C12E79-B4DD-AA48-E99E-552C6BAEBA6F
67.23301,27.031944,0,27C12E79-B4DD-AA48-E99E-552C6BAEBA6F
-29.681238,4.6319337,2,2C636222-CB43-AB6F-444A-7278047991C7
47.134666,10.865493,2,2C636222-CB43-AB6F-444A-7278047991C7
48.209267,11.237648,2,2C636222-CB43-AB6F-444A-7278047991C7
48.46087,10.922946,2,2C636222-CB43-AB6F-444A-7278047991C7
49.554237,10.674285,0,2C636222-CB43-AB6F-444A-7278047991C7
49.78665,10.7113,0,2C636222-CB43-AB6F-444A-7278047991C7
70.15182,30.96865,0,2C636222-CB43-AB6F-444A-7278047991C7
70.08128,31.01593,0,2C636222-CB43-AB6F-444A-7278047991C7
35.753094,10.317424,0,2C636222-CB43-AB6F-444A-7278047991C7
23.07612,-19.03504,0,2C636222-CB43-AB6F-444A-7278047991C7
-0.8648322,-32.510952,0,2C636222-CB43-AB6F-444A-7278047991C7
-0.9271607,-32.47784,2,2C636222-CB43-AB6F-444A-7278047991C7
59.951023,12.384124,0,2C636222-CB43-AB6F-444A-7278047991C7
60.163662,12.579844,0,2C636222-CB43-AB6F-444A-7278047991C7
61.398235,12.948306,2,2C636222-CB43-AB6F-444A-7278047991C7
22.848473,-59.905354,2,2C636222-CB43-AB6F-444A-7278047991C7
22.837612,-59.855824,2,2C636222-CB43-AB6F-444A-7278047991C7
30.90084,-40.01226,0,2C636222-CB43-AB6F-444A-7278047991C7
-75.27877,18.439608,2,35FEE4B0-EF25-110F-8D86-5410FA57646B
-74.91535,18.62963,2,35FEE4B0-EF25-110F-8D86-5410FA57646B
-46.02244,24.07228,2,35FEE4B0-EF25-110F-8D86-5410FA57646B
-46.02513,24.053617,2,35FEE4B0-EF25-110F-8D86-5410FA57646B
-13.935619,41.635086,2,35FEE4B0-EF25-110F-8D86-5410FA57646B
21.664757,13.474262,2,35FEE4B0-EF25-110F-8D86-5410FA57646B
46.144794,27.14848,2,35FEE4B0-EF25-110F-8D86-5410FA57646B
46.24031,27.14197,2,35FEE4B0-EF25-110F-8D86-5410FA57646B
46.299694,26.472237,2,35FEE4B0-EF25-110F-8D86-5410FA57646B
41.97109,-19.436283,2,35FEE4B0-EF25-110F-8D86-5410FA57646B
-0.59311426,-40.691193,2,35FEE4B0-EF25-110F-8D86-5410FA57646B
3.7539656,-28.581745,2,35FEE4B0-EF25-110F-8D86-5410FA57646B
58.732742,27.108755,0,35FEE4B0-EF25-110F-8D86-5410FA57646B
49.438023,-5.090074,0,35FEE4B0-EF25-110F-8D86-5410FA57646B
49.35131,-5.3566713,0,35FEE4B0-EF25-110F-8D86-5410FA57646B
3.5702217,-37.450024,0,35FEE4B0-EF25-110F-8D86-5410FA57646B
56.23874,-1.2863996,0,35FEE4B0-EF25-110F-8D86-5410FA57646B
56.2938,-1.0689008,0,35FEE4B0-EF25-110F-8D86-5410FA57646B
56.093033,1.1193818,0,35FEE4B0-EF25-110F-8D86-5410FA57646B
55.966606,1.0430167,2,35FEE4B0-EF25-110F-8D86-5410FA57646B
55.92433,1.0810273,0,35FEE4B0-EF25-110F-8D86-5410FA57646B
8.101491,35.44824,0,35FEE4B0-EF25-110F-8D86-5410FA57646B
-13.6614,13.126661,2,35FEE4B0-EF25-110F-8D86-5410FA57646B
-50.322308,0.8273322,2,35FEE4B0-EF25-110F-8D86-5410FA57646B
-15.177185,45.171192,2,35FEE4B0-EF25-110F-8D86-5410FA57646B
-15.171748,45.449368,2,35FEE4B0-EF25-110F-8D86-5410FA57646B
19.696955,-27.533836,2,35FEE4B0-EF25-110F-8D86-5410FA57646B
-60.79819,-21.602995,2,35FEE4B0-EF25-110F-8D86-5410FA57646B
-59.63205,-21.843893,2,35FEE4B0-EF25-110F-8D86-5410FA57646B
-59.558826,-21.861109,2,35FEE4B0-EF25-110F-8D86-5410FA57646B
65.03487,33.242157,0,35FEE4B0-EF25-110F-8D86-5410FA57646B
-34.457233,20.77138,1,37249306-1597-DC6D-3544-6FEDBBF8B848
-34.294655,20.790936,1,37249306-1597-DC6D-3544-6FEDBBF8B848
5.806703,19.986498,2,37249306-1597-DC6D-3544-6FEDBBF8B848
37.12032,28.748295,2,37249306-1597-DC6D-3544-6FEDBBF8B848
37.392994,28.69588,2,37249306-1597-DC6D-3544-6FEDBBF8B848
38.16944,28.538752,2,37249306-1597-DC6D-3544-6FEDBBF8B848
59.284782,24.288786,0,37249306-1597-DC6D-3544-6FEDBBF8B848
33.967598,5.0529046,0,37249306-1597-DC6D-3544-6FEDBBF8B848
54.683907,19.03801,0,37249306-1597-DC6D-3544-6FEDBBF8B848
54.743942,18.697844,0,37249306-1597-DC6D-3544-6FEDBBF8B848
54.935593,17.841146,0,37249306-1597-DC6D-3544-6FEDBBF8B848
54.980198,17.482054,0,37249306-1597-DC6D-3544-6FEDBBF8B848
-35.098766,-19.71622,2,37249306-1597-DC6D-3544-6FEDBBF8B848
-56.02297,1.9988208,2,37249306-1597-DC6D-3544-6FEDBBF8B848
-67.64411,5.3960223,2,37249306-1597-DC6D-3544-6FEDBBF8B848
-56.352337,2.4864345,2,37249306-1597-DC6D-3544-6FEDBBF8B848
-43.36839,-12.220362,0,37249306-1597-DC6D-3544-6FEDBBF8B848
-43.085716,-12.303622,0,37249306-1597-DC6D-3544-6FEDBBF8B848
-2.744244,43.43777,0,3C54E0F5-9C12-3137-9EC1-39645770F53A
-53.82628,3.7565465,2,3C54E0F5-9C12-3137-9EC1-39645770F53A
4.2186813,-7.2031717,2,3C54E0F5-9C12-3137-9EC1-39645770F53A
-11.078253,3.6488192,2,3C54E0F5-9C12-3137-9EC1-39645770F53A
-11.034485,3.6133664,2,3C54E0F5-9C12-3137-9EC1-39645770F53A
-2.5377734,-23.554066,2,3C54E0F5-9C12-3137-9EC1-39645770F53A
37.735058,-7.9125147,0,3C54E0F5-9C12-3137-9EC1-39645770F53A
37.80973,-8.471504,0,3C54E0F5-9C12-3137-9EC1-39645770F53A
37.799545,-9.670004,0,3C54E0F5-9C12-3137-9EC1-39645770F53A
38.392933,-10.830393,0,3C54E0F5-9C12-3137-9EC1-39645770F53A
37.770157,-10.866872,0,3C54E0F5-9C12-3137-9EC1-39645770F53A
37.434742,-10.990866,0,3C54E0F5-9C12-3137-9EC1-39645770F53A
-29.386013,-42.262085,0,3C54E0F5-9C12-3137-9EC1-39645770F53A
12.502917,-14.310676,0,3C54E0F5-9C12-3137-9EC1-39645770F53A
30.958387,11.238399,0,3C54E0F5-9C12-3137-9EC1-39645770F53A
-10.609711,42.687,1,3C54E0F5-9C12-3137-9EC1-39645770F53A
-8.7954855,29.443499,1,3C54E0F5-9C12-3137-9EC1-39645770F53A
26.37522,0.9157107,1,3C54E0F5-9C12-3137-9EC1-39645770F53A
-39.52493,-0.98728305,2,3C54E0F5-9C12-3137-9EC1-39645770F53A
15.316816,11.804239,2,3C54E0F5-9C12-3137-9EC1-39645770F53A
15.665719,13.005707,2,3C54E0F5-9C12-3137-9EC1-39645770F53A
15.576439,12.802836,2,3C54E0F5-9C12-3137-9EC1-39645770F53A
-16.822329,-32.001858,1,3C54E0F5-9C12-3137-9EC1-39645770F53A
11.749973,-50.670128,1,3C54E0F5-9C12-3137-9EC1-39645770F53A
17.385063,-62.87787,1,3FC0B5B3-AC42-BF96-D8EE-10E81EAAACF6
17.431942,-62.96927,1,3FC0B5B3-AC42-BF96-D8EE-10E81EAAACF6
-25.88637,-12.380541,2,3FC0B5B3-AC42-BF96-D8EE-10E81EAAACF6
-10.230289,2.4868374,2,3FC0B5B3-AC42-BF96-D8EE-10E81EAAACF6
-25.805542,21.494766,2,3FC0B5B3-AC42-BF96-D8EE-10E81EAAACF6
-25.805996,21.55837,2,3FC0B5B3-AC42-BF96-D8EE-10E81EAAACF6
-30.6166,-46.813183,1,3FC0B5B3-AC42-BF96-D8EE-10E81EAAACF6
-30.617405,-46.704548,1,3FC0B5B3-AC42-BF96-D8EE-10E81EAAACF6
21.804417,-47.35011,1,3FC0B5B3-AC42-BF96-D8EE-10E81EAAACF6
36.7234,-33.147556,1,3FC0B5B3-AC42-BF96-D8EE-10E81EAAACF6
36.62527,-33.401833,1,3FC0B5B3-AC42-BF96-D8EE-10E81EAAACF6
37.069294,-32.393192,1,3FC0B5B3-AC42-BF96-D8EE-10E81EAAACF6
17.270905,-37.049606,1,3FC0B5B3-AC42-BF96-D8EE-10E81EAAACF6
17.192799,-37.651947,1,3FC0B5B3-AC42-BF96-D8EE-10E81EAAACF6
14.066831,-36.402805,1,3FC0B5B3-AC42-BF96-D8EE-10E81EAAACF6
-6.1632323,-0.37735593,1,3FC0B5B3-AC42-BF96-D8EE-10E81EAAACF6
45.084656,-6.153346,1,3FC0B5B3-AC42-BF96-D8EE-10E81EAAACF6
-49.19585,-17.117401,2,3FC0B5B3-AC42-BF96-D8EE-10E81EAAACF6
-43.986813,25.599306,2,3FC0B5B3-AC42-BF96-D8EE-10E81EAAACF6
32.595596,6.405875,2,3FC0B5B3-AC42-BF96-D8EE-10E81EAAACF6
32.047054,7.310919,2,3FC0B5B3-AC42-BF96-D8EE-10E81EAAACF6
31.142265,6.81492,2,3FC0B5B3-AC42-BF96-D8EE-10E81EAAACF6
30.981592,6.69275,1,3FC0B5B3-AC42-BF96-D8EE-10E81EAAACF6
-58.33429,-7.4372225,2,3FC0B5B3-AC42-BF96-D8EE-10E81EAAACF6
-32.347218,-16.938025,2,4690C2DC-C0B5-6C1B-880A-D31C46C8A565
-31.657825,-16.602898,2,4690C2DC-C0B5-6C1B-880A-D31C46C8A565
-31.831139,-16.802662,2,4690C2DC-C0B5-6C1B-880A-D31C46C8A565
-11.222351,-31.747366,2,4690C2DC-C0B5-6C1B-880A-D31C46C8A565
16.118341,-11.903146,2,4690C2DC-C0B5-6C1B-880A-D31C46C8A565
-1.6885052,24.586742,2,4690C2DC-C0B5-6C1B-880A-D31C46C8A565
-2.0061805,25.042671,0,4690C2DC-C0B5-6C1B-880A-D31C46C8A565
-2.153688,24.687815,0,4690C2DC-C0B5-6C1B-880A-D31C46C8A565
-14.352772,24.250921,0,4690C2DC-C0B5-6C1B-880A-D31C46C8A565
-14.207685,24.554592,0,4690C2DC-C0B5-6C1B-880A-D31C46C8A565
-0.48241168,11.322864,2,4690C2DC-C0B5-6C1B-880A-D31C46C8A565
-0.6911859,11.108589,2,4690C2DC-C0B5-6C1B-880A-D31C46C8A565
64.96764,25.817183,0,4690C2DC-C0B5-6C1B-880A-D31C46C8A565
47.075134,-28.735155,0,4690C2DC-C0B5-6C1B-880A-D31C46C8A565
46.697277,-35.23273,0,4690C2DC-C0B5-6C1B-880A-D31C46C8A565
47.388405,-34.466614,0,4690C2DC-C0B5-6C1B-880A-D31C46C8A565
47.661396,-34.09216,0,4690C2DC-C0B5-6C1B-880A-D31C46C8A565
64.13825,8.943651,0,4690C2DC-C0B5-6C1B-880A-D31C46C8A565
59.84249,15.230574,0,46A9A47E-EDE3-2EF4-2F06-E95AF67D57E1
29.215498,2.20418,2,46A9A47E-EDE3-2EF4-2F06-E95AF67D57E1
53.21975,22.81056,2,46A9A47E-EDE3-2EF4-2F06-E95AF67D57E1
25.91942,3.8037324,2,46A9A47E-EDE3-2EF4-2F06-E95AF67D57E1
14.184616,-21.670452,2,46A9A47E-EDE3-2EF4-2F06-E95AF67D57E1
14.066248,-21.782076,2,46A9A47E-EDE3-2EF4-2F06-E95AF67D57E1
24.265396,-2.1289206,2,46A9A47E-EDE3-2EF4-2F06-E95AF67D57E1
24.182768,-2.1537716,2,46A9A47E-EDE3-2EF4-2F06-E95AF67D57E1
1.2677671,-39.60974,2,46A9A47E-EDE3-2EF4-2F06-E95AF67D57E1
16.60703,-2.2765543,0,46A9A47E-EDE3-2EF4-2F06-E95AF67D57E1
-16.904272,-41.689575,2,46A9A47E-EDE3-2EF4-2F06-E95AF67D57E1
0.41098782,-14.269559,2,46A9A47E-EDE3-2EF4-2F06-E95AF67D57E1
-63.377796,-1.6729217,2,47494449-E68E-E554-8BB1-ECEEE432E269
-54.47636,-8.367439,2,47494449-E68E-E554-8BB1-ECEEE432E269
-54.580315,-8.380996,2,47494449-E68E-E554-8BB1-ECEEE432E269
-63.62063,-1.016877,2,47494449-E68E-E554-8BB1-ECEEE432E269
-8.781063,21.83499,2,47494449-E68E-E554-8BB1-ECEEE432E269
26.05871,-1.8915272,2,47494449-E68E-E554-8BB1-ECEEE432E269
-75.876396,17.931576,2,47494449-E68E-E554-8BB1-ECEEE432E269
-49.31782,22.45303,2,47494449-E68E-E554-8BB1-ECEEE432E269
-49.497223,22.34663,2,47494449-E68E-E554-8BB1-ECEEE432E269
-40.922615,-3.71203,0,47494449-E68E-E554-8BB1-ECEEE432E269
0.2585043,-54.434288,0,47494449-E68E-E554-8BB1-ECEEE432E269
0.9780688,-54.654724,0,47494449-E68E-E554-8BB1-ECEEE432E269
23.129307,46.414886,0,47494449-E68E-E554-8BB1-ECEEE432E269
10.726216,51.773182,0,47494449-E68E-E554-8BB1-ECEEE432E269
-32.134045,36.1659,0,47494449-E68E-E554-8BB1-ECEEE432E269
-27.4639,-9.256307,0,47494449-E68E-E554-8BB1-ECEEE432E269
-13.87946,0.21913746,0,47494449-E68E-E554-8BB1-ECEEE432E269
15.003546,-14.312281,0,47494449-E68E-E554-8BB1-ECEEE432E269
8.5084,-59.554,2,47494449-E68E-E554-8BB1-ECEEE432E269
8.730777,-60.124084,2,47494449-E68E-E554-8BB1-ECEEE432E269
-23.693192,-36.342113,2,47494449-E68E-E554-8BB1-ECEEE432E269
-23.609272,-36.432076,2,47494449-E68E-E554-8BB1-ECEEE432E269
-31.224773,-32.920876,2,47494449-E68E-E554-8BB1-ECEEE432E269
-41.753056,-11.477856,2,47494449-E68E-E554-8BB1-ECEEE432E269
29.77495,-46.943165,1,47494449-E68E-E554-8BB1-ECEEE432E269
41.37056,36.945023,1,47494449-E68E-E554-8BB1-ECEEE432E269
41.69855,37.254803,0,47494449-E68E-E554-8BB1-ECEEE432E269
42.108803,37.223415,0,47494449-E68E-E554-8BB1-ECEEE432E269
15.890061,34.699417,2,47494449-E68E-E554-8BB1-ECEEE432E269
-0.7644429,28.410181,2,47494449-E68E-E554-8BB1-ECEEE432E269
2.7610884,45.800407,2,47494449-E68E-E554-8BB1-ECEEE432E269
-5.506146,17.053823,2,47494449-E68E-E554-8BB1-ECEEE432E269
-14.626747,30.21914,2,47494449-E68E-E554-8BB1-ECEEE432E269
-0.48142758,5.706777,0,47494449-E68E-E554-8BB1-ECEEE432E269
-0.46460176,5.6969957,0,47494449-E68E-E554-8BB1-ECEEE432E269
21.540901,-38.289303,1,47494449-E68E-E554-8BB1-ECEEE432E269
47.469135,31.419666,0,48847236-6E23-6E61-57CD-780C68FAA2C2
27.866268,30.298683,0,48847236-6E23-6E61-57CD-780C68FAA2C2
21.269499,6.947978,0,48847236-6E23-6E61-57CD-780C68FAA2C2
27.016142,30.64256,0,48847236-6E23-6E61-57CD-780C68FAA2C2
26.880272,30.506968,0,48847236-6E23-6E61-57CD-780C68FAA2C2
7.3656297,36.649025,0,48847236-6E23-6E61-57CD-780C68FAA2C2
60.387306,24.34852,2,48847236-6E23-6E61-57CD-780C68FAA2C2
48.731133,-21.411177,0,48D32E40-ABB9-E3FB-185C-8A5AA0C44CBF
48.674953,-21.504124,0,48D32E40-ABB9-E3FB-185C-8A5AA0C44CBF
47.452667,-21.544155,0,48D32E40-ABB9-E3FB-185C-8A5AA0C44CBF
46.360832,-21.206545,0,48D32E40-ABB9-E3FB-185C-8A5AA0C44CBF
46.342514,-21.243542,0,48D32E40-ABB9-E3FB-185C-8A5AA0C44CBF
45.66994,-21.970549,0,48D32E40-ABB9-E3FB-185C-8A5AA0C44CBF
9.506013,39.809586,2,48D32E40-ABB9-E3FB-185C-8A5AA0C44CBF
9.067647,39.00374,2,48D32E40-ABB9-E3FB-185C-8A5AA0C44CBF
9.007786,38.845352,2,48D32E40-ABB9-E3FB-185C-8A5AA0C44CBF
16.99011,1.9433717,0,48D32E40-ABB9-E3FB-185C-8A5AA0C44CBF
16.839664,1.1979073,0,48D32E40-ABB9-E3FB-185C-8A5AA0C44CBF
16.931301,1.5306319,0,48D32E40-ABB9-E3FB-185C-8A5AA0C44CBF
38.056713,18.774082,1,48D32E40-ABB9-E3FB-185C-8A5AA0C44CBF
45.340942,29.771278,1,48D32E40-ABB9-E3FB-185C-8A5AA0C44CBF
45.45837,29.945837,1,48D32E40-ABB9-E3FB-185C-8A5AA0C44CBF
57.806736,25.594835,1,48D32E40-ABB9-E3FB-185C-8A5AA0C44CBF
57.888893,25.777334,1,48D32E40-ABB9-E3FB-185C-8A5AA0C44CBF
57.23445,25.394934,1,48D32E40-ABB9-E3FB-185C-8A5AA0C44CBF
54.208275,34.20017,0,48D32E40-ABB9-E3FB-185C-8A5AA0C44CBF
21.757463,-10.852354,0,48D32E40-ABB9-E3FB-185C-8A5AA0C44CBF
-10.946408,39.125237,2,48D32E40-ABB9-E3FB-185C-8A5AA0C44CBF
9.466912,29.991995,2,48D32E40-ABB9-E3FB-185C-8A5AA0C44CBF
-27.468868,-33.34171,2,48D32E40-ABB9-E3FB-185C-8A5AA0C44CBF
-27.705666,-33.985737,2,48D32E40-ABB9-E3FB-185C-8A5AA0C44CBF
-27.700245,-34.355774,2,48D32E40-ABB9-E3FB-185C-8A5AA0C44CBF
-27.9439,-34.838947,1,48D32E40-ABB9-E3FB-185C-8A5AA0C44CBF
3.5387058,-33.12983,1,48D32E40-ABB9-E3FB-185C-8A5AA0C44CBF
33.054005,-19.714834,0,48D32E40-ABB9-E3FB-185C-8A5AA0C44CBF
54.075478,36.594,0,48D32E40-ABB9-E3FB-185C-8A5AA0C44CBF
66.98942,31.549206,0,48D32E40-ABB9-E3FB-185C-8A5AA0C44CBF
42.806164,27.523485,0,4B423110-8A54-A87F-39BB-D68BF033C7FC
42.783936,27.494118,0,4B423110-8A54-A87F-39BB-D68BF033C7FC
21.2798,16.725758,0,4B423110-8A54-A87F-39BB-D68BF033C7FC
21.337557,16.681177,2,4B423110-8A54-A87F-39BB-D68BF033C7FC
-70.825294,-10.035787,2,4B423110-8A54-A87F-39BB-D68BF033C7FC
-70.843346,-9.945456,2,4B423110-8A54-A87F-39BB-D68BF033C7FC
32.153706,22.51742,0,4B423110-8A54-A87F-39BB-D68BF033C7FC
31.950893,22.906288,0,4B423110-8A54-A87F-39BB-D68BF033C7FC
32.0798,22.467245,0,4B423110-8A54-A87F-39BB-D68BF033C7FC
6.320647,34.25084,0,4B423110-8A54-A87F-39BB-D68BF033C7FC
-47.61264,-12.632411,0,4B423110-8A54-A87F-39BB-D68BF033C7FC
-34.90813,8.266337,2,4B423110-8A54-A87F-39BB-D68BF033C7FC
64.49933,17.270967,0,4B423110-8A54-A87F-39BB-D68BF033C7FC
54.14475,29.38348,0,4B423110-8A54-A87F-39BB-D68BF033C7FC
54.00142,29.441208,0,4B423110-8A54-A87F-39BB-D68BF033C7FC
-2.2054687,-2.2860599,0,4B423110-8A54-A87F-39BB-D68BF033C7FC
26.242579,8.811895,1,4B423110-8A54-A87F-39BB-D68BF033C7FC
-2.1443446,-3.3445625,1,4B423110-8A54-A87F-39BB-D68BF033C7FC
15.728281,-8.522527,1,4B423110-8A54-A87F-39BB-D68BF033C7FC
-49.60527,12.167125,1,4B423110-8A54-A87F-39BB-D68BF033C7FC
-49.667023,12.343423,1,4B423110-8A54-A87F-39BB-D68BF033C7FC
-49.464848,12.952282,1,4B423110-8A54-A87F-39BB-D68BF033C7FC
-49.327198,13.537292,1,4B423110-8A54-A87F-39BB-D68BF033C7FC
-49.387894,13.900198,1,4B423110-8A54-A87F-39BB-D68BF033C7FC
-57.797447,-10.80071,2,4BD5749B-A1D2-E6C9-156F-DF107802D3BE
-56.53661,-11.362058,2,4BD5749B-A1D2-E6C9-156F-DF107802D3BE
-56.913406,-11.326479,2,4BD5749B-A1D2-E6C9-156F-DF107802D3BE
-75.928375,2.289121,2,4BD5749B-A1D2-E6C9-156F-DF107802D3BE
-76.507164,2.951606,2,4BD5749B-A1D2-E6C9-156F-DF107802D3BE
-76.6531,3.2799718,2,4BD5749B-A1D2-E6C9-156F-DF107802D3BE
-49.92085,-3.0123134,2,4BD5749B-A1D2-E6C9-156F-DF107802D3BE
-49.9244,-2.0730062,2,4BD5749B-A1D2-E6C9-156F-DF107802D3BE
-49.972744,-1.9035617,2,4BD5749B-A1D2-E6C9-156F-DF107802D3BE
-77.993866,3.0549695,2,4BD5749B-A1D2-E6C9-156F-DF107802D3BE
-78.88829,1.089184,2,4BD5749B-A1D2-E6C9-156F-DF107802D3BE
-78.88628,1.0615455,2,4BD5749B-A1D2-E6C9-156F-DF107802D3BE
40.166588,26.027536,0,4BD5749B-A1D2-E6C9-156F-DF107802D3BE
40.18955,26.001656,0,4BD5749B-A1D2-E6C9-156F-DF107802D3BE
37.147015,-3.6148267,0,4BD5749B-A1D2-E6C9-156F-DF107802D3BE
37.072666,-3.868946,0,4BD5749B-A1D2-E6C9-156F-DF107802D3BE
30.681425,-31.897749,0,4BD5749B-A1D2-E6C9-156F-DF107802D3BE
62.039448,25.85917,0,4BD5749B-A1D2-E6C9-156F-DF107802D3BE
60.335144,25.769745,0,4BD5749B-A1D2-E6C9-156F-DF107802D3BE
35.786587,14.707183,0,4BD5749B-A1D2-E6C9-156F-DF107802D3BE
35.78941,15.310307,0,4BD5749B-A1D2-E6C9-156F-DF107802D3BE
35.725525,15.466449,0,4BD5749B-A1D2-E6C9-156F-DF107802D3BE
28.272173,-4.5135107,0,4BD5749B-A1D2-E6C9-156F-DF107802D3BE
28.27586,-4.502434,0,4BD5749B-A1D2-E6C9-156F-DF107802D3BE
46.277016,-3.8221483,0,4BD5749B-A1D2-E6C9-156F-DF107802D3BE
45.882977,-4.403619,0,4BD5749B-A1D2-E6C9-156F-DF107802D3BE
45.51255,-4.8532033,2,4BD5749B-A1D2-E6C9-156F-DF107802D3BE
-47.22658,-10.130111,2,4BD5749B-A1D2-E6C9-156F-DF107802D3BE
-47.093727,-10.238134,2,4BD5749B-A1D2-E6C9-156F-DF107802D3BE
-60.693424,-6.8855753,2,4BD5749B-A1D2-E6C9-156F-DF107802D3BE
-32.47345,-41.888912,2,4BFAECAC-0CC2-F9AC-17BB-7343BE737D81
-32.322025,-41.8076,2,4BFAECAC-0CC2-F9AC-17BB-7343BE737D81
-33.923866,-41.14368,2,4BFAECAC-0CC2-F9AC-17BB-7343BE737D81
-35.28716,-40.490505,2,4BFAECAC-0CC2-F9AC-17BB-7343BE737D81
-78.567955,-2.2929454,2,4BFAECAC-0CC2-F9AC-17BB-7343BE737D81
-78.60074,-2.2719946,2,4BFAECAC-0CC2-F9AC-17BB-7343BE737D81
-71.48082,-2.5055156,2,4CAE9D77-C8A8-2EE8-53D0-7C3C6331B2C5
-46.882267,-18.872898,2,4CAE9D77-C8A8-2EE8-53D0-7C3C6331B2C5
-46.7912,-18.693798,2,4CAE9D77-C8A8-2EE8-53D0-7C3C6331B2C5
-36.670135,-20.68723,2,4CAE9D77-C8A8-2EE8-53D0-7C3C6331B2C5
-37.803062,-34.965637,2,4CAE9D77-C8A8-2EE8-53D0-7C3C6331B2C5
35.2988,-22.987667,0,4CAE9D77-C8A8-2EE8-53D0-7C3C6331B2C5
-27.34182,-13.128757,2,4CAE9D77-C8A8-2EE8-53D0-7C3C6331B2C5
-33.169456,33.37174,2,4CAE9D77-C8A8-2EE8-53D0-7C3C6331B2C5
-16.53123,37.837944,2,4CAE9D77-C8A8-2EE8-53D0-7C3C6331B2C5
-33.32083,32.19795,0,4CAE9D77-C8A8-2EE8-53D0-7C3C6331B2C5
-33.299896,31.609453,0,4CAE9D77-C8A8-2EE8-53D0-7C3C6331B2C5
-33.41239,31.54983,0,4CAE9D77-C8A8-2EE8-53D0-7C3C6331B2C5
-17.827232,33.278194,2,4CAE9D77-C8A8-2EE8-53D0-7C3C6331B2C5
-17.710125,33.42358,2,4CAE9D77-C8A8-2EE8-53D0-7C3C6331B2C5
-24.30338,25.081816,2,4CAE9D77-C8A8-2EE8-53D0-7C3C6331B2C5
-5.312503,43.27186,0,4CAE9D77-C8A8-2EE8-53D0-7C3C6331B2C5
68.56714,34.883713,0,4CAE9D77-C8A8-2EE8-53D0-7C3C6331B2C5
68.54661,34.90862,0,4CAE9D77-C8A8-2EE8-53D0-7C3C6331B2C5
63.056374,16.428524,0,4CAE9D77-C8A8-2EE8-53D0-7C3C6331B2C5
63.009487,16.196497,0,4CAE9D77-C8A8-2EE8-53D0-7C3C6331B2C5
33.599083,-36.11758,0,4CAE9D77-C8A8-2EE8-53D0-7C3C6331B2C5
33.67428,-35.906307,0,4CAE9D77-C8A8-2EE8-53D0-7C3C6331B2C5
30.858246,34.218777,1,4CAE9D77-C8A8-2EE8-53D0-7C3C6331B2C5
30.409054,35.049316,0,4CAE9D77-C8A8-2EE8-53D0-7C3C6331B2C5
30.212933,35.408615,0,4CAE9D77-C8A8-2EE8-53D0-7C3C6331B2C5
19.666504,46.6057,0,4CAE9D77-C8A8-2EE8-53D0-7C3C6331B2C5
19.600698,47.297226,0,4CAE9D77-C8A8-2EE8-53D0-7C3C6331B2C5
18.53157,48.04126,0,4CAE9D77-C8A8-2EE8-53D0-7C3C6331B2C5
17.963028,47.874336,0,4CAE9D77-C8A8-2EE8-53D0-7C3C6331B2C5
17.484955,48.30943,0,4CAE9D77-C8A8-2EE8-53D0-7C3C6331B2C5
-82.36248,11.486202,2,5690E95B-9747-B2B5-2EE1-16A72200D5CC
-82.364655,11.942359,2,5690E95B-9747-B2B5-2EE1-16A72200D5CC
-82.34377,11.955182,2,5690E95B-9747-B2B5-2EE1-16A72200D5CC
25.163704,26.13052,2,5690E95B-9747-B2B5-2EE1-16A72200D5CC
24.981613,25.924135,2,5690E95B-9747-B2B5-2EE1-16A72200D5CC
-10.777588,34.858936,2,5690E95B-9747-B2B5-2EE1-16A72200D5CC
-27.139784,4.2964706,2,5690E95B-9747-B2B5-2EE1-16A72200D5CC
-11.913798,-18.288324,2,5690E95B-9747-B2B5-2EE1-16A72200D5CC
-52.846336,-20.32318,2,5690E95B-9747-B2B5-2EE1-16A72200D5CC
-53.362686,-19.641727,2,5690E95B-9747-B2B5-2EE1-16A72200D5CC
-54.137047,-18.873167,2,5690E95B-9747-B2B5-2EE1-16A72200D5CC
-54.192085,-18.811632,2,5690E95B-9747-B2B5-2EE1-16A72200D5CC
38.583813,31.381353,0,5690E95B-9747-B2B5-2EE1-16A72200D5CC
33.596153,-8.67356,2,5690E95B-9747-B2B5-2EE1-16A72200D5CC
9.272642,-43.539898,2,5690E95B-9747-B2B5-2EE1-16A72200D5CC
9.291608,-43.947353,2,5690E95B-9747-B2B5-2EE1-16A72200D5CC
12.374199,-63.60019,2,5690E95B-9747-B2B5-2EE1-16A72200D5CC
12.566024,-63.903244,2,5690E95B-9747-B2B5-2EE1-16A72200D5CC
-27.106493,26.713766,2,5690E95B-9747-B2B5-2EE1-16A72200D5CC
-26.895796,26.6502,2,5690E95B-9747-B2B5-2EE1-16A72200D5CC
-61.899788,13.955633,2,5690E95B-9747-B2B5-2EE1-16A72200D5CC
-27.338383,27.319702,2,5690E95B-9747-B2B5-2EE1-16A72200D5CC
-48.71661,-14.66182,2,5690E95B-9747-B2B5-2EE1-16A72200D5CC
-68.43127,0.5643125,2,5690E95B-9747-B2B5-2EE1-16A72200D5CC
-53.720036,14.58366,2,5690E95B-9747-B2B5-2EE1-16A72200D5CC
20.455202,-43.754356,0,5690E95B-9747-B2B5-2EE1-16A72200D5CC
19.151009,-39.67688,2,5690E95B-9747-B2B5-2EE1-16A72200D5CC
19.043453,-39.471863,2,5690E95B-9747-B2B5-2EE1-16A72200D5CC
2.0970972,-15.890344,2,5690E95B-9747-B2B5-2EE1-16A72200D5CC
2.05483,-15.875735,2,5690E95B-9747-B2B5-2EE1-16A72200D5CC
-47.520336,-0.26487383,0,58CB3C5E-2F5C-31FE-83E8-C6772D99B8D5
-46.38896,-0.7769096,0,58CB3C5E-2F5C-31FE-83E8-C6772D99B8D5
-46.71791,-0.66572434,0,58CB3C5E-2F5C-31FE-83E8-C6772D99B8D5
-10.940256,10.034899,2,58CB3C5E-2F5C-31FE-83E8-C6772D99B8D5
-23.064587,-32.141205,2,58CB3C5E-2F5C-31FE-83E8-C6772D99B8D5
-15.344576,23.513506,2,58CB3C5E-2F5C-31FE-83E8-C6772D99B8D5
-48.85299,29.209558,2,58CB3C5E-2F5C-31FE-83E8-C6772D99B8D5
-48.645065,29.219425,0,58CB3C5E-2F5C-31FE-83E8-C6772D99B8D5
21.01983,45.275826,0,58CB3C5E-2F5C-31FE-83E8-C6772D99B8D5
21.097609,45.22531,0,58CB3C5E-2F5C-31FE-83E8-C6772D99B8D5
67.29256,33.205936,0,58CB3C5E-2F5C-31FE-83E8-C6772D99B8D5
66.73273,33.07655,0,58CB3C5E-2F5C-31FE-83E8-C6772D99B8D5
6.5464363,-49.28757,1,58CB3C5E-2F5C-31FE-83E8-C6772D99B8D5
-13.648717,-22.055576,1,58CB3C5E-2F5C-31FE-83E8-C6772D99B8D5
2.1486084,12.796757,0,58CB3C5E-2F5C-31FE-83E8-C6772D99B8D5
2.5047433,12.910262,0,58CB3C5E-2F5C-31FE-83E8-C6772D99B8D5
8.2241335,32.90481,0,58CB3C5E-2F5C-31FE-83E8-C6772D99B8D5
8.703038,32.938843,0,58CB3C5E-2F5C-31FE-83E8-C6772D99B8D5
41.736973,-5.1391263,0,5E491E0A-C580-29BE-4329-ED7BFF843D0D
41.379696,-5.2548504,1,5E491E0A-C580-29BE-4329-ED7BFF843D0D
41.375637,-5.1329966,1,5E491E0A-C580-29BE-4329-ED7BFF843D0D
40.72503,-6.041759,1,5E491E0A-C580-29BE-4329-ED7BFF843D0D
24.663275,-48.454185,1,5E491E0A-C580-29BE-4329-ED7BFF843D0D
24.219242,-49.109356,1,5E491E0A-C580-29BE-4329-ED7BFF843D0D
56.554745,-16.319847,0,5E491E0A-C580-29BE-4329-ED7BFF843D0D
56.594906,-16.316902,0,5E491E0A-C580-29BE-4329-ED7BFF843D0D
56.636547,-16.361029,0,5E491E0A-C580-29BE-4329-ED7BFF843D0D
57.052868,-15.514367,2,5E491E0A-C580-29BE-4329-ED7BFF843D0D
4.3469863,40.71707,2,5E491E0A-C580-29BE-4329-ED7BFF843D0D
4.3981185,40.60803,2,5E491E0A-C580-29BE-4329-ED7BFF843D0D
28.203238,-54.213844,1,5E491E0A-C580-29BE-4329-ED7BFF843D0D
28.262682,-54.16136,2,5E491E0A-C580-29BE-4329-ED7BFF843D0D
59.308548,-15.538784,2,5E491E0A-C580-29BE-4329-ED7BFF843D0D
58.327988,-16.834024,2,5E491E0A-C580-29BE-4329-ED7BFF843D0D
21.252666,-44.21666,2,5E491E0A-C580-29BE-4329-ED7BFF843D0D
-55.619328,-13.64041,2,5E491E0A-C580-29BE-4329-ED7BFF843D0D
15.452241,-53.99739,1,5F222604-CB86-1ABA-EB7B-31FF78B7BE93
-2.2237084,-36.633915,1,5F222604-CB86-1ABA-EB7B-31FF78B7BE93
-15.287153,-4.4243565,1,5F222604-CB86-1ABA-EB7B-31FF78B7BE93
-30.839043,-5.702839,1,5F222604-CB86-1ABA-EB7B-31FF78B7BE93
-30.705761,-6.5731735,1,5F222604-CB86-1ABA-EB7B-31FF78B7BE93
-30.82334,-6.575814,1,5F222604-CB86-1ABA-EB7B-31FF78B7BE93
-4.078295,-59.493935,1,5F222604-CB86-1ABA-EB7B-31FF78B7BE93
-4.079573,-59.493717,1,5F222604-CB86-1ABA-EB7B-31FF78B7BE93
12.6475935,-36.012962,1,5F222604-CB86-1ABA-EB7B-31FF78B7BE93
-9.527582,18.446215,1,5F222604-CB86-1ABA-EB7B-31FF78B7BE93
-9.641137,18.836847,1,5F222604-CB86-1ABA-EB7B-31FF78B7BE93
-10.367254,19.401417,1,5F222604-CB86-1ABA-EB7B-31FF78B7BE93
-18.98236,37.000397,1,5F222604-CB86-1ABA-EB7B-31FF78B7BE93
-30.20641,30.476414,1,5F222604-CB86-1ABA-EB7B-31FF78B7BE93
-30.084393,30.5162,1,5F222604-CB86-1ABA-EB7B-31FF78B7BE93
-18.753126,35.178402,1,5F222604-CB86-1ABA-EB7B-31FF78B7BE93
-29.200209,29.58367,1,5F222604-CB86-1ABA-EB7B-31FF78B7BE93
-46.17204,-12.428983,1,5F222604-CB86-1ABA-EB7B-31FF78B7BE93
-12.462428,-21.692907,1,5F222604-CB86-1ABA-EB7B-31FF78B7BE93
-12.565854,-21.730225,1,5F222604-CB86-1ABA-EB7B-31FF78B7BE93
-36.06682,-27.74661,1,5F222604-CB86-1ABA-EB7B-31FF78B7BE93
-35.790024,-27.702501,1,5F222604-CB86-1ABA-EB7B-31FF78B7BE93
-35.168526,-27.415848,1,5F222604-CB86-1ABA-EB7B-31FF78B7BE93
9.506658,10.941243,2,5F222604-CB86-1ABA-EB7B-31FF78B7BE93
2.4996738,19.525972,2,5F222604-CB86-1ABA-EB7B-31FF78B7BE93
12.088361,7.724319,2,5F222604-CB86-1ABA-EB7B-31FF78B7BE93
23.869278,-25.923908,2,5F222604-CB86-1ABA-EB7B-31FF78B7BE93
19.773136,-41.687965,2,5F222604-CB86-1ABA-EB7B-31FF78B7BE93
20.37982,-41.345917,2,5F222604-CB86-1ABA-EB7B-31FF78B7BE93
20.527706,-41.42452,2,5F222604-CB86-1ABA-EB7B-31FF78B7BE93
63.14404,30.876682,0,5F222604-CB86-1ABA-EB7B-31FF78B7BE93
57.22564,29.468382,0,5F222604-CB86-1ABA-EB7B-31FF78B7BE93
56.956444,29.393448,0,5F222604-CB86-1ABA-EB7B-31FF78B7BE93
4.4220104,17.881048,0,5F222604-CB86-1ABA-EB7B-31FF78B7BE93
4.280872,18.01126,0,5F222604-CB86-1ABA-EB7B-31FF78B7BE93
-7.704593,1.4193103,1,5F222604-CB86-1ABA-EB7B-31FF78B7BE93
24.207516,-51.297863,1,5F222604-CB86-1ABA-EB7B-31FF78B7BE93
33.675625,-42.95778,1,5F222604-CB86-1ABA-EB7B-31FF78B7BE93
49.96105,-1.889782,1,5F222604-CB86-1ABA-EB7B-31FF78B7BE93
49.874355,-1.7264339,1,5F222604-CB86-1ABA-EB7B-31FF78B7BE93
49.9861,-1.4560683,1,5F222604-CB86-1ABA-EB7B-31FF78B7BE93
48.757908,-1.895466,1,5F222604-CB86-1ABA-EB7B-31FF78B7BE93
-66.515076,7.0884137,2,623D68EC-1C36-4E39-4317-BE7B59F593D2
-4.9899893,34.482758,2,623D68EC-1C36-4E39-4317-BE7B59F593D2
44.942043,6.648805,2,623D68EC-1C36-4E39-4317-BE7B59F593D2
14.791342,-1.0416565,2,623D68EC-1C36-4E39-4317-BE7B59F593D2
-36.490536,-37.836437,2,623D68EC-1C36-4E39-4317-BE7B59F593D2
-36.249004,-38.02078,2,623D68EC-1C36-4E39-4317-BE7B59F593D2
-4.4420743,44.124825,0,623D68EC-1C36-4E39-4317-BE7B59F593D2
-11.479786,31.979671,0,623D68EC-1C36-4E39-4317-BE7B59F593D2
-4.647815,45.88654,0,623D68EC-1C36-4E39-4317-BE7B59F593D2
-14.58902,40.491035,2,623D68EC-1C36-4E39-4317-BE7B59F593D2
-14.50097,40.383286,2,623D68EC-1C36-4E39-4317-BE7B59F593D2
-14.245038,31.089582,0,623D68EC-1C36-4E39-4317-BE7B59F593D2
-6.572669,16.370195,0,623D68EC-1C36-4E39-4317-BE7B59F593D2
22.0754,11.829563,0,623D68EC-1C36-4E39-4317-BE7B59F593D2
54.05778,-3.2220824,0,623D68EC-1C36-4E39-4317-BE7B59F593D2
53.418255,-3.9282253,0,623D68EC-1C36-4E39-4317-BE7B59F593D2
52.972725,-4.525428,0,623D68EC-1C36-4E39-4317-BE7B59F593D2
52.93211,-4.6106315,0,623D68EC-1C36-4E39-4317-BE7B59F593D2
-35.589493,29.163101,2,62A1F053-1EA8-7433-090E-89D450314F41
-35.034973,29.439995,2,62A1F053-1EA8-7433-090E-89D450314F41
-34.836773,29.553087,2,62A1F053-1EA8-7433-090E-89D450314F41
-51.985397,0.62754136,2,62A1F053-1EA8-7433-090E-89D450314F41
-51.88926,0.63226634,2,62A1F053-1EA8-7433-090E-89D450314F41
-67.40633,-0.48873708,2,62A1F053-1EA8-7433-090E-89D450314F41
19.033783,-16.524237,2,62A1F053-1EA8-7433-090E-89D450314F41
51.902603,2.0515597,2,62A1F053-1EA8-7433-090E-89D450314F41
51.866375,2.1031532,2,62A1F053-1EA8-7433-090E-89D450314F41
36.42471,-5.1966066,2,62A1F053-1EA8-7433-090E-89D450314F41
-72.07869,-7.0362554,2,62A1F053-1EA8-7433-090E-89D450314F41
-72.11204,-7.0184917,2,62A1F053-1EA8-7433-090E-89D450314F41
54.994934,39.905857,0,647C581E-E72F-0765-F94A-065909B99374
54.39667,40.399155,0,647C581E-E72F-0765-F94A-065909B99374
54.33587,40.45283,1,647C581E-E72F-0765-F94A-065909B99374
10.432146,54.9344,1,647C581E-E72F-0765-F94A-065909B99374
10.524844,55.495888,1,647C581E-E72F-0765-F94A-065909B99374
10.549575,55.545807,0,647C581E-E72F-0765-F94A-065909B99374
-15.69131,-28.656723,0,647C581E-E72F-0765-F94A-065909B99374
-15.626531,-28.748476,0,647C581E-E72F-0765-F94A-065909B99374
-9.9331045,7.997593,0,647C581E-E72F-0765-F94A-065909B99374
-45.131317,1.1765645,0,647C581E-E72F-0765-F94A-065909B99374
-45.139973,1.1336156,0,647C581E-E72F-0765-F94A-065909B99374
-10.529256,8.515939,1,647C581E-E72F-0765-F94A-065909B99374
-11.139927,8.816439,1,647C581E-E72F-0765-F94A-065909B99374
-12.655762,8.601937,1,647C581E-E72F-0765-F94A-065909B99374
-12.48038,8.617433,1,647C581E-E72F-0765-F94A-065909B99374
16.757668,17.046083,1,647C581E-E72F-0765-F94A-065909B99374
16.7108,17.1431,1,647C581E-E72F-0765-F94A-065909B99374
40.207443,9.852848,1,647C581E-E72F-0765-F94A-065909B99374
-47.198883,18.88229,1,647C581E-E72F-0765-F94A-065909B99374
-46.936157,18.615587,1,647C581E-E72F-0765-F94A-065909B99374
-46.76479,18.4038,1,647C581E-E72F-0765-F94A-065909B99374
-46.697952,18.144493,1,647C581E-E72F-0765-F94A-065909B99374
1.5213801,-27.835648,1,647C581E-E72F-0765-F94A-065909B99374
1.4754814,-27.403284,1,647C581E-E72F-0765-F94A-065909B99374
0.17344807,-17.9233,2,647C581E-E72F-0765-F94A-065909B99374
1.248174,-18.240814,1,647C581E-E72F-0765-F94A-065909B99374
1.9603349,-19.0617,1,647C581E-E72F-0765-F94A-065909B99374
1.9288734,-19.036386,2,647C581E-E72F-0765-F94A-065909B99374
2.3531027,-19.386753,2,647C581E-E72F-0765-F94A-065909B99374
1.2542113,-18.02285,2,647C581E-E72F-0765-F94A-065909B99374
-8.588403,-46.47637,0,66E9719B-D383-AA87-7FAB-D9B4ABE7011C
-2.4558237,-52.396168,0,66E9719B-D383-AA87-7FAB-D9B4ABE7011C
-2.4792,-52.351196,0,66E9719B-D383-AA87-7FAB-D9B4ABE7011C
-28.140787,-13.061221,0,66E9719B-D383-AA87-7FAB-D9B4ABE7011C
25.73953,23.544056,0,66E9719B-D383-AA87-7FAB-D9B4ABE7011C
25.712463,23.29959,0,66E9719B-D383-AA87-7FAB-D9B4ABE7011C
68.64176,20.829128,0,66E9719B-D383-AA87-7FAB-D9B4ABE7011C
66.44984,-0.27418467,0,66E9719B-D383-AA87-7FAB-D9B4ABE7011C
63.646828,10.600045,0,66E9719B-D383-AA87-7FAB-D9B4ABE7011C
48.57354,-32.36251,0,66E9719B-D383-AA87-7FAB-D9B4ABE7011C
48.374584,-32.48637,0,66E9719B-D383-AA87-7FAB-D9B4ABE7011C
66.36102,20.249275,0,66E9719B-D383-AA87-7FAB-D9B4ABE7011C
15.152262,42.65343,2,66E9719B-D383-AA87-7FAB-D9B4ABE7011C
14.394783,41.919106,2,66E9719B-D383-AA87-7FAB-D9B4ABE7011C
14.497141,42.016663,2,66E9719B-D383-AA87-7FAB-D9B4ABE7011C
8.804671,23.015574,2,66E9719B-D383-AA87-7FAB-D9B4ABE7011C
8.625659,22.9527,2,66E9719B-D383-AA87-7FAB-D9B4ABE7011C
0.89636075,-22.86307,2,66E9719B-D383-AA87-7FAB-D9B4ABE7011C
-1.6973283,28.539537,2,68339CF4-6AFB-7EFB-40EA-238612F8E5A4
21.384161,-11.139567,2,68339CF4-6AFB-7EFB-40EA-238612F8E5A4
-2.4014015,28.8233,0,68339CF4-6AFB-7EFB-40EA-238612F8E5A4
-15.989994,36.448048,0,68339CF4-6AFB-7EFB-40EA-238612F8E5A4
-16.06572,36.844223,0,68339CF4-6AFB-7EFB-40EA-238612F8E5A4
-0.85306126,21.946337,0,68339CF4-6AFB-7EFB-40EA-238612F8E5A4
-29.628405,-0.748035,2,68339CF4-6AFB-7EFB-40EA-238612F8E5A4
-29.415976,-0.8127949,2,68339CF4-6AFB-7EFB-40EA-238612F8E5A4
-47.634243,8.31459,2,68339CF4-6AFB-7EFB-40EA-238612F8E5A4
-56.38144,16.02656,2,68339CF4-6AFB-7EFB-40EA-238612F8E5A4
-71.61479,12.743312,2,68339CF4-6AFB-7EFB-40EA-238612F8E5A4
-72.00702,12.641892,2,68339CF4-6AFB-7EFB-40EA-238612F8E5A4
33.055138,-44.96863,1,68339CF4-6AFB-7EFB-40EA-238612F8E5A4
47.233894,-25.452583,1,68339CF4-6AFB-7EFB-40EA-238612F8E5A4
44.86021,-41.800297,1,68339CF4-6AFB-7EFB-40EA-238612F8E5A4
44.876797,-42.40706,1,68339CF4-6AFB-7EFB-40EA-238612F8E5A4
44.86497,-42.74744,1,68339CF4-6AFB-7EFB-40EA-238612F8E5A4
45.515392,-40.646225,1,68339CF4-6AFB-7EFB-40EA-238612F8E5A4
45.476757,-40.697044,1,68339CF4-6AFB-7EFB-40EA-238612F8E5A4
1.8572602,-53.296116,1,68339CF4-6AFB-7EFB-40EA-238612F8E5A4
2.3125587,-52.67083,1,68339CF4-6AFB-7EFB-40EA-238612F8E5A4
17.605803,-52.020428,1,68339CF4-6AFB-7EFB-40EA-238612F8E5A4
17.612398,-52.04702,1,68339CF4-6AFB-7EFB-40EA-238612F8E5A4
17.47106,-51.832172,1,68339CF4-6AFB-7EFB-40EA-238612F8E5A4
-47.01322,-16.170563,2,6B1E25A6-882B-DDD7-CE4F-4EC17A0906CF
-46.218533,-16.829893,2,6B1E25A6-882B-DDD7-CE4F-4EC17A0906CF
-46.666916,-16.831623,2,6B1E25A6-882B-DDD7-CE4F-4EC17A0906CF
-23.579945,3.0744576,2,6B1E25A6-882B-DDD7-CE4F-4EC17A0906CF
-28.608604,28.394276,2,6B1E25A6-882B-DDD7-CE4F-4EC17A0906CF
-52.17727,21.52724,2,6B1E25A6-882B-DDD7-CE4F-4EC17A0906CF
63.555424,7.33955,0,6B1E25A6-882B-DDD7-CE4F-4EC17A0906CF
63.536488,7.308098,0,6B1E25A6-882B-DDD7-CE4F-4EC17A0906CF
38.211163,36.121437,0,6B1E25A6-882B-DDD7-CE4F-4EC17A0906CF
38.225853,36.03831,0,6B1E25A6-882B-DDD7-CE4F-4EC17A0906CF
27.330082,39.52283,0,6B1E25A6-882B-DDD7-CE4F-4EC17A0906CF
5.982273,51.18712,0,6B1E25A6-882B-DDD7-CE4F-4EC17A0906CF
-23.264307,24.0571,0,6B1E25A6-882B-DDD7-CE4F-4EC17A0906CF
22.911724,11.183065,0,6B1E25A6-882B-DDD7-CE4F-4EC17A0906CF
-11.704259,27.161058,2,6B1E25A6-882B-DDD7-CE4F-4EC17A0906CF
-11.62816,27.012966,2,6B1E25A6-882B-DDD7-CE4F-4EC17A0906CF
-13.383092,27.29929,2,6B1E25A6-882B-DDD7-CE4F-4EC17A0906CF
-12.673646,27.61319,2,6B1E25A6-882B-DDD7-CE4F-4EC17A0906CF
67.58626,2.3377922,0,6B1E25A6-882B-DDD7-CE4F-4EC17A0906CF
67.69733,2.2559636,0,6B1E25A6-882B-DDD7-CE4F-4EC17A0906CF
68.17886,0.613594,0,6B1E25A6-882B-DDD7-CE4F-4EC17A0906CF
68.886116,-0.035694882,0,6B1E25A6-882B-DDD7-CE4F-4EC17A0906CF
-28.573832,-45.750366,0,6B1E25A6-882B-DDD7-CE4F-4EC17A0906CF
-13.575122,-34.780952,1,6B1E25A6-882B-DDD7-CE4F-4EC17A0906CF
-13.492171,-34.750538,1,6B1E25A6-882B-DDD7-CE4F-4EC17A0906CF
-13.216674,-34.629128,1,6B1E25A6-882B-DDD7-CE4F-4EC17A0906CF
-32.312428,19.501402,1,6B1E25A6-882B-DDD7-CE4F-4EC17A0906CF
-32.420822,19.406473,1,6B1E25A6-882B-DDD7-CE4F-4EC17A0906CF
-33.44122,18.721527,1,6B1E25A6-882B-DDD7-CE4F-4EC17A0906CF
-33.511337,18.231003,2,6B1E25A6-882B-DDD7-CE4F-4EC17A0906CF
-13.482696,-2.1855059,0,6B690AF9-8440-1C43-B353-FA85266AA12C
-13.455146,-2.1649091,0,6B690AF9-8440-1C43-B353-FA85266AA12C
5.9713492,-6.388182,0,6B690AF9-8440-1C43-B353-FA85266AA12C
6.3438864,-6.4913836,0,6B690AF9-8440-1C43-B353-FA85266AA12C
-4.5033045,-55.680744,0,6B690AF9-8440-1C43-B353-FA85266AA12C
10.268512,-53.267906,1,6B690AF9-8440-1C43-B353-FA85266AA12C
19.373419,-62.69962,1,6B690AF9-8440-1C43-B353-FA85266AA12C
19.550909,-62.623497,1,6B690AF9-8440-1C43-B353-FA85266AA12C
9.711499,34.282238,0,6B690AF9-8440-1C43-B353-FA85266AA12C
19.762943,48.847576,0,6B690AF9-8440-1C43-B353-FA85266AA12C
60.049488,31.982136,0,6B690AF9-8440-1C43-B353-FA85266AA12C
60.10181,31.898254,0,6B690AF9-8440-1C43-B353-FA85266AA12C
-6.677562,-28.979086,1,6B690AF9-8440-1C43-B353-FA85266AA12C
8.959691,-30.300037,1,6B690AF9-8440-1C43-B353-FA85266AA12C
9.038129,-30.323662,1,6B690AF9-8440-1C43-B353-FA85266AA12C
2.7048986,-55.853024,1,6B690AF9-8440-1C43-B353-FA85266AA12C
2.8122673,-55.82482,1,6B690AF9-8440-1C43-B353-FA85266AA12C
10.984244,-58.907017,1,6B690AF9-8440-1C43-B353-FA85266AA12C
-55.727264,19.869785,2,6C9454F6-2AA4-4C25-0387-C6CA7AFC4C13
-34.747692,5.882653,2,6C9454F6-2AA4-4C25-0387-C6CA7AFC4C13
-34.401527,5.417006,2,6C9454F6-2AA4-4C25-0387-C6CA7AFC4C13
-34.040806,5.109833,0,6C9454F6-2AA4-4C25-0387-C6CA7AFC4C13
-9.86914,-30.125889,0,6C9454F6-2AA4-4C25-0387-C6CA7AFC4C13
-27.792307,3.2031302,0,6C9454F6-2AA4-4C25-0387-C6CA7AFC4C13
-27.960413,2.3337975,2,6C9454F6-2AA4-4C25-0387-C6CA7AFC4C13
-67.53286,23.381294,2,6C9454F6-2AA4-4C25-0387-C6CA7AFC4C13
-67.811646,22.993578,2,6C9454F6-2AA4-4C25-0387-C6CA7AFC4C13
-67.01693,22.837183,2,6C9454F6-2AA4-4C25-0387-C6CA7AFC4C13
-68.33794,22.048971,2,6C9454F6-2AA4-4C25-0387-C6CA7AFC4C13
-68.570625,21.822748,2,6C9454F6-2AA4-4C25-0387-C6CA7AFC4C13
-75.402954,8.891698,2,6C9454F6-2AA4-4C25-0387-C6CA7AFC4C13
-75.2405,8.94451,2,6C9454F6-2AA4-4C25-0387-C6CA7AFC4C13
-74.50005,9.264908,2,6C9454F6-2AA4-4C25-0387-C6CA7AFC4C13
32.822296,33.391872,2,6C9454F6-2AA4-4C25-0387-C6CA7AFC4C13
58.63854,23.618906,2,6C9454F6-2AA4-4C25-0387-C6CA7AFC4C13
58.503475,22.98188,2,6C9454F6-2AA4-4C25-0387-C6CA7AFC4C13
-75.195015,20.75655,2,6C9454F6-2AA4-4C25-0387-C6CA7AFC4C13
-74.792,21.494194,2,6C9454F6-2AA4-4C25-0387-C6CA7AFC4C13
-74.57948,22.087372,0,6C9454F6-2AA4-4C25-0387-C6CA7AFC4C13
-74.53379,22.222692,0,6C9454F6-2AA4-4C25-0387-C6CA7AFC4C13
-23.88141,44.35586,0,6C9454F6-2AA4-4C25-0387-C6CA7AFC4C13
-23.998924,44.269684,2,6C9454F6-2AA4-4C25-0387-C6CA7AFC4C13
-59.902367,14.201061,2,70432028-81AF-D67A-251E-D2F807AB93CF
-28.656363,12.495531,2,70432028-81AF-D67A-251E-D2F807AB93CF
-28.401241,12.506911,2,70432028-81AF-D67A-251E-D2F807AB93CF
-42.73212,29.960848,2,70432028-81AF-D67A-251E-D2F807AB93CF
-72.26379,19.27198,2,70432028-81AF-D67A-251E-D2F807AB93CF
-72.336975,19.285097,2,70432028-81AF-D67A-251E-D2F807AB93CF
19.66975,-53.8311,2,70432028-81AF-D67A-251E-D2F807AB93CF
14.207315,28.341785,2,70432028-81AF-D67A-251E-D2F807AB93CF
14.351644,28.228872,2,70432028-81AF-D67A-251E-D2F807AB93CF
15.070092,27.93174,2,70432028-81AF-D67A-251E-D2F807AB93CF
15.618925,27.738941,2,70432028-81AF-D67A-251E-D2F807AB93CF
15.358286,27.465921,2,70432028-81AF-D67A-251E-D2F807AB93CF
27.253115,-20.44357,2,70432028-81AF-D67A-251E-D2F807AB93CF
5.9594555,-37.36791,2,70432028-81AF-D67A-251E-D2F807AB93CF
6.018762,-36.738865,2,70432028-81AF-D67A-251E-D2F807AB93CF
5.9727974,-36.06579,2,70432028-81AF-D67A-251E-D2F807AB93CF
-26.807117,-4.962687,2,70432028-81AF-D67A-251E-D2F807AB93CF
-26.92237,-4.9595084,2,70432028-81AF-D67A-251E-D2F807AB93CF
50.725697,-7.4401875,0,70432028-81AF-D67A-251E-D2F807AB93CF
50.705257,-7.4067345,0,70432028-81AF-D67A-251E-D2F807AB93CF
-37.71146,13.164007,0,70432028-81AF-D67A-251E-D2F807AB93CF
-38.019176,13.322816,2,70432028-81AF-D67A-251E-D2F807AB93CF
-31.720957,28.07167,2,70432028-81AF-D67A-251E-D2F807AB93CF
-31.770176,28.020508,2,70432028-81AF-D67A-251E-D2F807AB93CF
39.137573,-19.341433,0,718078D1-70DB-2916-366D-1119A22DCD7F
39.12505,-19.38414,1,718078D1-70DB-2916-366D-1119A22DCD7F
38.161594,-18.922134,1,718078D1-70DB-2916-366D-1119A22DCD7F
38.30975,-18.71813,2,718078D1-70DB-2916-366D-1119A22DCD7F
36.845703,-19.37355,2,718078D1-70DB-2916-366D-1119A22DCD7F
-33.472256,-39.68819,2,718078D1-70DB-2916-366D-1119A22DCD7F
59.558056,-2.6840608,0,718078D1-70DB-2916-366D-1119A22DCD7F
25.13862,19.186865,0,718078D1-70DB-2916-366D-1119A22DCD7F
25.253456,19.303205,0,718078D1-70DB-2916-366D-1119A22DCD7F
-3.733033,14.6692915,0,718078D1-70DB-2916-366D-1119A22DCD7F
3.4178555,-46.91366,0,718078D1-70DB-2916-366D-1119A22DCD7F
3.5912447,-47.173035,0,718078D1-70DB-2916-366D-1119A22DCD7F
7.1615586,-40.695377,1,718078D1-70DB-2916-366D-1119A22DCD7F
6.9712768,-40.672504,1,718078D1-70DB-2916-366D-1119A22DCD7F
52.994747,11.305621,1,718078D1-70DB-2916-366D-1119A22DCD7F
11.67548,14.803195,1,718078D1-70DB-2916-366D-1119A22DCD7F
11.623848,14.843771,0,718078D1-70DB-2916-366D-1119A22DCD7F
-7.5566907,14.540875,0,718078D1-70DB-2916-366D-1119A22DCD7F
-42.781456,4.249478,0,718078D1-70DB-2916-366D-1119A22DCD7F
28.791277,15.981696,0,718078D1-70DB-2916-366D-1119A22DCD7F
28.790207,16.099909,0,718078D1-70DB-2916-366D-1119A22DCD7F
33.504345,43.887245,0,718078D1-70DB-2916-366D-1119A22DCD7F
33.56121,43.864235,1,718078D1-70DB-2916-366D-1119A22DCD7F
57.98609,39.110817,0,718078D1-70DB-2916-366D-1119A22DCD7F
3.5472188,-36.895424,0,72B642AD-2D4A-574F-05EC-EC93C0C52335
3.3624604,-32.133537,0,72B642AD-2D4A-574F-05EC-EC93C0C52335
1.0766549,-7.574216,0,72B642AD-2D4A-574F-05EC-EC93C0C52335
1.6750557,-7.059268,0,72B642AD-2D4A-574F-05EC-EC93C0C52335
1.3796285,-7.056438,0,72B642AD-2D4A-574F-05EC-EC93C0C52335
0.6203456,-6.7620473,0,72B642AD-2D4A-574F-05EC-EC93C0C52335
17.061174,33.749397,1,72B642AD-2D4A-574F-05EC-EC93C0C52335
10.684639,41.36536,1,72B642AD-2D4A-574F-05EC-EC93C0C52335
10.10407,41.3565,1,72B642AD-2D4A-574F-05EC-EC93C0C52335
-0.4490804,16.159014,2,72B642AD-2D4A-574F-05EC-EC93C0C52335
-0.41390535,15.869933,2,72B642AD-2D4A-574F-05EC-EC93C0C52335
18.242613,-20.639631,2,72B642AD-2D4A-574F-05EC-EC93C0C52335
2.283073,-5.3500843,2,72B642AD-2D4A-574F-05EC-EC93C0C52335
-8.23397,-14.92285,2,72B642AD-2D4A-574F-05EC-EC93C0C52335
5.3875465,-18.866343,2,72B642AD-2D4A-574F-05EC-EC93C0C52335
5.4172826,-18.901577,2,72B642AD-2D4A-574F-05EC-EC93C0C52335
-34.9492,-35.300743,2,72B642AD-2D4A-574F-05EC-EC93C0C52335
-41.10296,-22.172733,2,72B642AD-2D4A-574F-05EC-EC93C0C52335
44.130417,22.821177,0,72B642AD-2D4A-574F-05EC-EC93C0C52335
29.013409,-12.91088,0,72B642AD-2D4A-574F-05EC-EC93C0C52335
29.309155,-12.954505,0,72B642AD-2D4A-574F-05EC-EC93C0C52335
29.431135,-13.079785,1,72B642AD-2D4A-574F-05EC-EC93C0C52335
4.598514,-43.21954,1,72B642AD-2D4A-574F-05EC-EC93C0C52335
4.5239816,-43.524754,1,72B642AD-2D4A-574F-05EC-EC93C0C52335
-66.73008,3.2574801,2,72B642AD-2D4A-574F-05EC-EC93C0C52335
-66.02846,3.0526135,2,72B642AD-2D4A-574F-05EC-EC93C0C52335
13.265977,-9.936662,2,72B642AD-2D4A-574F-05EC-EC93C0C52335
-10.942432,37.36926,2,72B642AD-2D4A-574F-05EC-EC93C0C52335
-10.911524,37.322117,2,72B642AD-2D4A-574F-05EC-EC93C0C52335
-32.917564,9.816632,2,72B642AD-2D4A-574F-05EC-EC93C0C52335
-48.68265,3.7699664,0,7417E7AB-C723-0958-F8EE-DDA4DED65165
-48.727768,4.1263576,0,7417E7AB-C723-0958-F8EE-DDA4DED65165
-48.580242,4.4240985,0,7417E7AB-C723-0958-F8EE-DDA4DED65165
-12.806578,41.423084,0,7417E7AB-C723-0958-F8EE-DDA4DED65165
6.2342386,49.477146,0,7417E7AB-C723-0958-F8EE-DDA4DED65165
6.6193933,48.931942,0,7417E7AB-C723-0958-F8EE-DDA4DED65165
-34.73008,-8.850924,2,7417E7AB-C723-0958-F8EE-DDA4DED65165
-3.1117527,-4.2995243,2,7417E7AB-C723-0958-F8EE-DDA4DED65165
19.436277,36.590836,0,7417E7AB-C723-0958-F8EE-DDA4DED65165
19.449108,36.517876,0,7417E7AB-C723-0958-F8EE-DDA4DED65165
62.34629,19.383507,0,7417E7AB-C723-0958-F8EE-DDA4DED65165
43.50046,24.380783,0,7417E7AB-C723-0958-F8EE-DDA4DED65165
5.130321,-33.22285,1,7417E7AB-C723-0958-F8EE-DDA4DED65165
32.057323,-10.778983,1,7417E7AB-C723-0958-F8EE-DDA4DED65165
32.08945,-10.793043,1,7417E7AB-C723-0958-F8EE-DDA4DED65165
7.2955027,-50.657364,1,7417E7AB-C723-0958-F8EE-DDA4DED65165
7.253001,-50.77329,1,7417E7AB-C723-0958-F8EE-DDA4DED65165
6.981506,-51.75715,1,7417E7AB-C723-0958-F8EE-DDA4DED65165
-12.110558,29.384811,1,761D024F-3C62-5326-601A-88D436C7726A
-12.953211,21.251364,1,761D024F-3C62-5326-601A-88D436C7726A
-13.2619505,20.952698,1,761D024F-3C62-5326-601A-88D436C7726A
-42.840706,-28.578459,1,761D024F-3C62-5326-601A-88D436C7726A
-33.817024,-37.28141,0,761D024F-3C62-5326-601A-88D436C7726A
-33.82958,-37.46481,0,761D024F-3C62-5326-601A-88D436C7726A
-36.827873,-35.894608,0,761D024F-3C62-5326-601A-88D436C7726A
-8.458188,30.640919,0,761D024F-3C62-5326-601A-88D436C7726A
-8.411902,30.717846,0,761D024F-3C62-5326-601A-88D436C7726A
-2.0632885,-6.7656956,0,761D024F-3C62-5326-601A-88D436C7726A
-2.264013,-6.849915,1,761D024F-3C62-5326-601A-88D436C7726A
2.3753102,17.908436,0,761D024F-3C62-5326-601A-88D436C7726A
8.555064,12.745718,0,761D024F-3C62-5326-601A-88D436C7726A
-35.837852,10.949794,0,761D024F-3C62-5326-601A-88D436C7726A
-35.791206,10.962295,0,761D024F-3C62-5326-601A-88D436C7726A
-12.972123,33.592205,0,761D024F-3C62-5326-601A-88D436C7726A
-13.23787,33.264866,0,761D024F-3C62-5326-601A-88D436C7726A
5.376217,33.644634,0,761D024F-3C62-5326-601A-88D436C7726A
12.366977,-15.417828,0,761D024F-3C62-5326-601A-88D436C7726A
32.303757,3.726001,0,761D024F-3C62-5326-601A-88D436C7726A
-7.594866,35.128685,0,761D024F-3C62-5326-601A-88D436C7726A
-35.8483,33.511574,0,761D024F-3C62-5326-601A-88D436C7726A
-36.10444,33.366673,2,761D024F-3C62-5326-601A-88D436C7726A
-36.583775,33.179867,2,761D024F-3C62-5326-601A-88D436C7726A
19.527542,-33.85192,0,761D024F-3C62-5326-601A-88D436C7726A
20.03747,-33.97511,0,761D024F-3C62-5326-601A-88D436C7726A
21.161827,-34.14456,0,761D024F-3C62-5326-601A-88D436C7726A
21.372444,-34.151764,0,761D024F-3C62-5326-601A-88D436C7726A
13.183403,-47.132618,0,761D024F-3C62-5326-601A-88D436C7726A
13.251506,-47.016926,0,761D024F-3C62-5326-601A-88D436C7726A
-49.299713,-12.161277,2,772BA0E9-AC30-CEA6-AA1B-18A0300702AA
-39.445393,20.40714,2,772BA0E9-AC30-CEA6-AA1B-18A0300702AA
-49.965916,-12.466361,2,772BA0E9-AC30-CEA6-AA1B-18A0300702AA
-50.56998,-12.551,2,772BA0E9-AC30-CEA6-AA1B-18A0300702AA
-50.8735,-12.498557,2,772BA0E9-AC30-CEA6-AA1B-18A0300702AA
-53.759586,-13.204464,2,772BA0E9-AC30-CEA6-AA1B-18A0300702AA
19.89985,-49.598873,1,772BA0E9-AC30-CEA6-AA1B-18A0300702AA
19.919683,-49.494038,1,772BA0E9-AC30-CEA6-AA1B-18A0300702AA
20.96296,-48.301945,1,772BA0E9-AC30-CEA6-AA1B-18A0300702AA
21.974838,-20.039917,1,772BA0E9-AC30-CEA6-AA1B-18A0300702AA
15.046918,-63.990402,1,772BA0E9-AC30-CEA6-AA1B-18A0300702AA
15.121249,-64.290955,1,772BA0E9-AC30-CEA6-AA1B-18A0300702AA
-13.693173,-15.892373,1,772BA0E9-AC30-CEA6-AA1B-18A0300702AA
-13.696508,-15.952172,1,772BA0E9-AC30-CEA6-AA1B-18A0300702AA
-21.781843,-36.200466,0,772BA0E9-AC30-CEA6-AA1B-18A0300702AA
51.392017,-26.056831,0,772BA0E9-AC30-CEA6-AA1B-18A0300702AA
52.009388,-25.647594,0,772BA0E9-AC30-CEA6-AA1B-18A0300702AA
52.425995,-25.32752,0,772BA0E9-AC30-CEA6-AA1B-18A0300702AA
10.581562,-60.33471,1,772BA0E9-AC30-CEA6-AA1B-18A0300702AA
32.096012,-32.469242,1,772BA0E9-AC30-CEA6-AA1B-18A0300702AA
31.423512,-32.287354,1,772BA0E9-AC30-CEA6-AA1B-18A0300702AA
46.706936,-32.546944,1,772BA0E9-AC30-CEA6-AA1B-18A0300702AA
45.400425,-32.499485,0,772BA0E9-AC30-CEA6-AA1B-18A0300702AA
61.6568,10.483964,0,772BA0E9-AC30-CEA6-AA1B-18A0300702AA
12.926938,-62.21131,1,772BA0E9-AC30-CEA6-AA1B-18A0300702AA
20.035929,-8.838391,1,772BA0E9-AC30-CEA6-AA1B-18A0300702AA
-43.350544,-14.697849,1,772BA0E9-AC30-CEA6-AA1B-18A0300702AA
-30.758833,-39.704807,1,772BA0E9-AC30-CEA6-AA1B-18A0300702AA
-30.785023,-39.60628,1,772BA0E9-AC30-CEA6-AA1B-18A0300702AA
-4.8281026,-53.557564,1,772BA0E9-AC30-CEA6-AA1B-18A0300702AA
-7.5598464,20.271948,2,77F6B31E-B228-3C6D-A66F-E7E6FDED3587
19.514454,9.158914,2,77F6B31E-B228-3C6D-A66F-E7E6FDED3587
19.50168,9.30827,2,77F6B31E-B228-3C6D-A66F-E7E6FDED3587
-6.632763,19.18883,2,77F6B31E-B228-3C6D-A66F-E7E6FDED3587
-6.6364884,19.274546,2,77F6B31E-B228-3C6D-A66F-E7E6FDED3587
-15.879971,41.34095,2,77F6B31E-B228-3C6D-A66F-E7E6FDED3587
52.244343,-15.817954,0,77F6B31E-B228-3C6D-A66F-E7E6FDED3587
51.89419,-15.1478,0,77F6B31E-B228-3C6D-A66F-E7E6FDED3587
51.7795,-14.792943,2,77F6B31E-B228-3C6D-A66F-E7E6FDED3587
-53.49302,13.868181,2,77F6B31E-B228-3C6D-A66F-E7E6FDED3587
-10.225086,1.2792945,2,77F6B31E-B228-3C6D-A66F-E7E6FDED3587
-77.039085,16.385967,2,77F6B31E-B228-3C6D-A66F-E7E6FDED3587
55.694565,-10.359303,1,77F6B31E-B228-3C6D-A66F-E7E6FDED3587
6.9531374,-32.375244,1,77F6B31E-B228-3C6D-A66F-E7E6FDED3587
55.699844,-11.204204,1,77F6B31E-B228-3C6D-A66F-E7E6FDED3587
55.630127,-11.411555,1,77F6B31E-B228-3C6D-A66F-E7E6FDED3587
61.54914,20.913074,2,77F6B31E-B228-3C6D-A66F-E7E6FDED3587
-8.160256,-6.8865614,2,77F6B31E-B228-3C6D-A66F-E7E6FDED3587
-59.20368,-11.182473,2,7B8B31F4-FFC3-7A4E-3EAF-78D5CA8ACB61
14.673448,20.547441,2,7B8B31F4-FFC3-7A4E-3EAF-78D5CA8ACB61
38.321423,-16.78643,0,7B8B31F4-FFC3-7A4E-3EAF-78D5CA8ACB61
72.0961,33.08272,0,7B8B31F4-FFC3-7A4E-3EAF-78D5CA8ACB61
71.86297,33.125706,0,7B8B31F4-FFC3-7A4E-3EAF-78D5CA8ACB61
70.58549,33.54738,0,7B8B31F4-FFC3-7A4E-3EAF-78D5CA8ACB61
-4.292115,-8.845121,2,7B8B31F4-FFC3-7A4E-3EAF-78D5CA8ACB61
-5.0099745,-8.760964,2,7B8B31F4-FFC3-7A4E-3EAF-78D5CA8ACB61
-38.546856,9.559221,0,7B8B31F4-FFC3-7A4E-3EAF-78D5CA8ACB61
-38.717403,9.87366,0,7B8B31F4-FFC3-7A4E-3EAF-78D5CA8ACB61
-2.1858153,26.67706,0,7B8B31F4-FFC3-7A4E-3EAF-78D5CA8ACB61
-39.150326,11.000855,0,7B8B31F4-FFC3-7A4E-3EAF-78D5CA8ACB61
14.202243,-65.56334,1,7B8B31F4-FFC3-7A4E-3EAF-78D5CA8ACB61
14.172014,-65.70711,1,7B8B31F4-FFC3-7A4E-3EAF-78D5CA8ACB61
2.6549883,-52.211388,1,7B8B31F4-FFC3-7A4E-3EAF-78D5CA8ACB61
-12.244397,-9.884435,1,7B8B31F4-FFC3-7A4E-3EAF-78D5CA8ACB61
16.750837,-54.702137,1,7B8B31F4-FFC3-7A4E-3EAF-78D5CA8ACB61
14.3095875,-62.89505,1,7B8B31F4-FFC3-7A4E-3EAF-78D5CA8ACB61
34.204777,-44.193348,0,7B8B31F4-FFC3-7A4E-3EAF-78D5CA8ACB61
38.09653,-31.57638,0,7B8B31F4-FFC3-7A4E-3EAF-78D5CA8ACB61
-34.43456,-12.925403,0,7B8B31F4-FFC3-7A4E-3EAF-78D5CA8ACB61
-18.720755,-15.551767,0,7B8B31F4-FFC3-7A4E-3EAF-78D5CA8ACB61
-18.567545,-15.673273,0,7B8B31F4-FFC3-7A4E-3EAF-78D5CA8ACB61
-17.949348,-16.203123,0,7B8B31F4-FFC3-7A4E-3EAF-78D5CA8ACB61
57.17595,15.936371,1,7B8B31F4-FFC3-7A4E-3EAF-78D5CA8ACB61
4.7876773,23.11681,1,7B8B31F4-FFC3-7A4E-3EAF-78D5CA8ACB61
4.061993,23.413816,0,7B8B31F4-FFC3-7A4E-3EAF-78D5CA8ACB61
3.9655201,23.544197,0,7B8B31F4-FFC3-7A4E-3EAF-78D5CA8ACB61
3.478671,24.127668,0,7B8B31F4-FFC3-7A4E-3EAF-78D5CA8ACB61
-14.03323,35.786922,0,7B8B31F4-FFC3-7A4E-3EAF-78D5CA8ACB61
25.17681,-41.237667,2,7DC9729F-BA27-3831-6078-F8508766396A
-54.61758,16.512703,2,7DC9729F-BA27-3831-6078-F8508766396A
-24.492596,-1.9541873,2,7DC9729F-BA27-3831-6078-F8508766396A
-24.055574,-1.9267027,2,7DC9729F-BA27-3831-6078-F8508766396A
-23.535421,-1.9446049,2,7DC9729F-BA27-3831-6078-F8508766396A
20.839497,20.019829,2,7DC9729F-BA27-3831-6078-F8508766396A
21.801138,20.105131,2,7DC9729F-BA27-3831-6078-F8508766396A
22.058678,19.966658,2,7DC9729F-BA27-3831-6078-F8508766396A
-4.7969446,11.064232,2,7DC9729F-BA27-3831-6078-F8508766396A
-5.6791043,10.244897,2,7DC9729F-BA27-3831-6078-F8508766396A
-5.500352,10.465938,0,7DC9729F-BA27-3831-6078-F8508766396A
45.533634,-30.11851,0,7DC9729F-BA27-3831-6078-F8508766396A
29.829641,-19.397337,0,7DC9729F-BA27-3831-6078-F8508766396A
29.501675,-19.349998,0,7DC9729F-BA27-3831-6078-F8508766396A
-36.593334,0.63693917,0,7DC9729F-BA27-3831-6078-F8508766396A
-36.60271,0.83140105,2,7DC9729F-BA27-3831-6078-F8508766396A
-36.63657,1.2025118,2,7DC9729F-BA27-3831-6078-F8508766396A
-36.941612,2.2182999,2,7DC9729F-BA27-3831-6078-F8508766396A
-64.62594,-4.4610977,2,7FB7C50A-30EA-A991-0C04-7FFA681B8803
-64.67977,-4.47949,2,7FB7C50A-30EA-A991-0C04-7FFA681B8803
-7.2586627,27.184286,0,7FB7C50A-30EA-A991-0C04-7FFA681B8803
-7.2666364,27.162504,0,7FB7C50A-30EA-A991-0C04-7FFA681B8803
38.512566,42.00328,0,7FB7C50A-30EA-A991-0C04-7FFA681B8803
38.533836,41.990036,0,7FB7C50A-30EA-A991-0C04-7FFA681B8803
-76.00855,13.108736,2,7FB7C50A-30EA-A991-0C04-7FFA681B8803
-75.730865,14.067074,2,7FB7C50A-30EA-A991-0C04-7FFA681B8803
-75.80808,14.220922,2,7FB7C50A-30EA-A991-0C04-7FFA681B8803
10.066202,-5.5452657,1,7FB7C50A-30EA-A991-0C04-7FFA681B8803
34.0976,-3.2323692,0,7FB7C50A-30EA-A991-0C04-7FFA681B8803
19.322956,-27.675547,0,7FB7C50A-30EA-A991-0C04-7FFA681B8803
-5.542065,-11.364486,0,7FB7C50A-30EA-A991-0C04-7FFA681B8803
-4.5109024,-10.948366,0,7FB7C50A-30EA-A991-0C04-7FFA681B8803
34.712193,8.881336,0,7FB7C50A-30EA-A991-0C04-7FFA681B8803
35.171726,8.91378,0,7FB7C50A-30EA-A991-0C04-7FFA681B8803
35.247925,9.152267,1,7FB7C50A-30EA-A991-0C04-7FFA681B8803
58.287037,15.165077,1,7FB7C50A-30EA-A991-0C04-7FFA681B8803
-30.257698,-12.723182,2,7FB7C50A-30EA-A991-0C04-7FFA681B8803
-10.080365,-13.40445,2,7FB7C50A-30EA-A991-0C04-7FFA681B8803
-10.029752,-13.417057,2,7FB7C50A-30EA-A991-0C04-7FFA681B8803
-68.68776,8.784934,2,8322EDEF-4C09-318A-1B7E-56D62A6839AD
-57.461205,11.667832,2,8322EDEF-4C09-318A-1B7E-56D62A6839AD
-57.821453,11.931375,2,8322EDEF-4C09-318A-1B7E-56D62A6839AD
-13.636958,1.4325707,2,8322EDEF-4C09-318A-1B7E-56D62A6839AD
20.037542,23.76768,0,8322EDEF-4C09-318A-1B7E-56D62A6839AD
20.195717,23.683197,0,8322EDEF-4C09-318A-1B7E-56D62A6839AD
41.528473,29.356707,2,8322EDEF-4C09-318A-1B7E-56D62A6839AD
41.474846,29.339405,2,8322EDEF-4C09-318A-1B7E-56D62A6839AD
22.720293,17.774334,2,8322EDEF-4C09-318A-1B7E-56D62A6839AD
-27.925875,-47.375114,2,8322EDEF-4C09-318A-1B7E-56D62A6839AD
-50.49468,25.524712,2,8322EDEF-4C09-318A-1B7E-56D62A6839AD
-50.55533,25.45747,2,8322EDEF-4C09-318A-1B7E-56D62A6839AD
23.748762,1.2389258,1,8322EDEF-4C09-318A-1B7E-56D62A6839AD
38.257607,-15.396381,0,8322EDEF-4C09-318A-1B7E-56D62A6839AD
38.130745,-15.416331,0,8322EDEF-4C09-318A-1B7E-56D62A6839AD
37.700256,-15.295676,0,8322EDEF-4C09-318A-1B7E-56D62A6839AD
47.847984,17.834064,0,8322EDEF-4C09-318A-1B7E-56D62A6839AD
47.785114,17.759388,0,8322EDEF-4C09-318A-1B7E-56D62A6839AD
-44.30712,-10.184142,1,8322EDEF-4C09-318A-1B7E-56D62A6839AD
-44.340958,-10.147523,1,8322EDEF-4C09-318A-1B7E-56D62A6839AD
-58.740883,3.5430157,1,8322EDEF-4C09-318A-1B7E-56D62A6839AD
-70.559906,3.99404,1,8322EDEF-4C09-318A-1B7E-56D62A6839AD
-58.811096,3.387301,1,8322EDEF-4C09-318A-1B7E-56D62A6839AD
-29.43953,-44.17883,1,8322EDEF-4C09-318A-1B7E-56D62A6839AD
-44.045803,-18.595156,2,8407F9C4-C295-8C95-C281-584AF2118F84
-43.837765,-18.74686,2,8407F9C4-C295-8C95-C281-584AF2118F84
-43.366318,-18.904955,0,8407F9C4-C295-8C95-C281-584AF2118F84
-10.046914,-32.455452,0,8407F9C4-C295-8C95-C281-584AF2118F84
30.28359,-1.6572493,0,8407F9C4-C295-8C95-C281-584AF2118F84
30.270342,-1.6416316,0,8407F9C4-C295-8C95-C281-584AF2118F84
-63.48212,-19.112686,2,8407F9C4-C295-8C95-C281-584AF2118F84
-63.56193,-18.975191,2,8407F9C4-C295-8C95-C281-584AF2118F84
-66.169785,-15.141407,2,8407F9C4-C295-8C95-C281-584AF2118F84
-65.5512,-14.946425,2,8407F9C4-C295-8C95-C281-584AF2118F84
-34.795532,-6.5874753,0,8407F9C4-C295-8C95-C281-584AF2118F84
-34.951515,-6.1736245,0,8407F9C4-C295-8C95-C281-584AF2118F84
52.902767,6.638987,0,8407F9C4-C295-8C95-C281-584AF2118F84
52.789684,6.0899568,0,8407F9C4-C295-8C95-C281-584AF2118F84
52.968033,6.6281796,0,8407F9C4-C295-8C95-C281-584AF2118F84
34.41788,-29.915798,0,8407F9C4-C295-8C95-C281-584AF2118F84
34.468906,-30.271328,0,8407F9C4-C295-8C95-C281-584AF2118F84
34.703613,-30.283243,2,8407F9C4-C295-8C95-C281-584AF2118F84
35.335434,-30.223473,2,8407F9C4-C295-8C95-C281-584AF2118F84
21.58632,-47.05148,2,8407F9C4-C295-8C95-C281-584AF2118F84
38.528606,-27.637682,2,8407F9C4-C295-8C95-C281-584AF2118F84
38.579647,-26.85038,2,8407F9C4-C295-8C95-C281-584AF2118F84
51.64571,-0.3000497,1,85748DC9-A6DA-334D-6422-BF69EE06A98C
51.97685,-0.37522832,1,85748DC9-A6DA-334D-6422-BF69EE06A98C
32.53664,-20.704466,1,85748DC9-A6DA-334D-6422-BF69EE06A98C
32.635136,-20.68831,1,85748DC9-A6DA-334D-6422-BF69EE06A98C
41.80983,-22.461752,1,85748DC9-A6DA-334D-6422-BF69EE06A98C
54.832287,-12.1395235,0,85748DC9-A6DA-334D-6422-BF69EE06A98C
-18.196613,-44.007957,2,85748DC9-A6DA-334D-6422-BF69EE06A98C
-1.7611011,-44.27125,2,85748DC9-A6DA-334D-6422-BF69EE06A98C
-1.3537445,-44.02019,2,85748DC9-A6DA-334D-6422-BF69EE06A98C
-0.845297,-43.834427,2,85748DC9-A6DA-334D-6422-BF69EE06A98C
16.01095,-50.411705,1,85748DC9-A6DA-334D-6422-BF69EE06A98C
15.991697,-49.856934,1,85748DC9-A6DA-334D-6422-BF69EE06A98C
-34.238873,-17.610756,2,8690E8B6-9B41-5F0E-C518-8F2D028C6690
-42.40586,-16.51511,2,8690E8B6-9B41-5F0E-C518-8F2D028C6690
-42.888725,-15.960741,2,8690E8B6-9B41-5F0E-C518-8F2D028C6690
-57.562534,-0.26785144,2,8690E8B6-9B41-5F0E-C518-8F2D028C6690
-69.306046,1.5109158,2,8690E8B6-9B41-5F0E-C518-8F2D028C6690
-67.37535,0.8606265,2,8690E8B6-9B41-5F0E-C518-8F2D028C6690
-66.204155,0.84047085,2,8690E8B6-9B41-5F0E-C518-8F2D028C6690
-65.55835,1.1098472,2,8690E8B6-9B41-5F0E-C518-8F2D028C6690
4.924723,36.801685,2,8690E8B6-9B41-5F0E-C518-8F2D028C6690
29.634151,22.058218,2,8690E8B6-9B41-5F0E-C518-8F2D028C6690
29.634554,22.089298,2,8690E8B6-9B41-5F0E-C518-8F2D028C6690
48.659637,38.588787,0,8690E8B6-9B41-5F0E-C518-8F2D028C6690
-41.27138,-13.385048,2,8690E8B6-9B41-5F0E-C518-8F2D028C6690
-10.833589,-30.791088,2,8690E8B6-9B41-5F0E-C518-8F2D028C6690
-20.311308,1.7925477,2,8690E8B6-9B41-5F0E-C518-8F2D028C6690
40.271526,3.9922886,2,8690E8B6-9B41-5F0E-C518-8F2D028C6690
40.16877,3.902042,2,8690E8B6-9B41-5F0E-C518-8F2D028C6690
6.199891,32.174515,2,8690E8B6-9B41-5F0E-C518-8F2D028C6690
30.039438,25.910576,2,8690E8B6-9B41-5F0E-C518-8F2D028C6690
30.487167,26.131187,2,8690E8B6-9B41-5F0E-C518-8F2D028C6690
29.903208,25.078825,2,8690E8B6-9B41-5F0E-C518-8F2D028C6690
29.913183,24.99898,2,8690E8B6-9B41-5F0E-C518-8F2D028C6690
-2.967304,23.130476,2,8690E8B6-9B41-5F0E-C518-8F2D028C6690
-51.912,3.3891237,2,8690E8B6-9B41-5F0E-C518-8F2D028C6690
-28.510363,19.48152,2,8690E8B6-9B41-5F0E-C518-8F2D028C6690
-28.604057,19.471079,2,8690E8B6-9B41-5F0E-C518-8F2D028C6690
-20.579546,33.739197,2,8690E8B6-9B41-5F0E-C518-8F2D028C6690
3.3787076,45.082012,2,8690E8B6-9B41-5F0E-C518-8F2D028C6690
13.658492,45.033733,2,8690E8B6-9B41-5F0E-C518-8F2D028C6690
66.06306,34.025417,0,8690E8B6-9B41-5F0E-C518-8F2D028C6690
5.973258,44.157063,2,8690E8B6-9B41-5F0E-C518-8F2D028C6690
5.7025037,44.30524,2,8690E8B6-9B41-5F0E-C518-8F2D028C6690
-14.63871,21.506794,2,8690E8B6-9B41-5F0E-C518-8F2D028C6690
29.831932,-7.796602,2,8690E8B6-9B41-5F0E-C518-8F2D028C6690
-2.1442585,18.971022,2,8690E8B6-9B41-5F0E-C518-8F2D028C6690
51.893936,34.780434,0,8690E8B6-9B41-5F0E-C518-8F2D028C6690
56.791645,7.175428,0,8690E8B6-9B41-5F0E-C518-8F2D028C6690
57.427868,10.3239155,0,8690E8B6-9B41-5F0E-C518-8F2D028C6690
57.01998,7.680867,0,8690E8B6-9B41-5F0E-C518-8F2D028C6690
57.297745,8.315106,0,8690E8B6-9B41-5F0E-C518-8F2D028C6690
57.481792,11.761314,0,8690E8B6-9B41-5F0E-C518-8F2D028C6690
57.47673,11.85221,0,8690E8B6-9B41-5F0E-C518-8F2D028C6690
-57.746117,-9.773651,2,874A6B13-C999-C802-1138-FA198591D897
-33.177086,-2.4868195,2,874A6B13-C999-C802-1138-FA198591D897
-32.959106,-2.4789963,2,874A6B13-C999-C802-1138-FA198591D897
-32.556156,-2.3770664,2,874A6B13-C999-C802-1138-FA198591D897
10.968612,32.376915,0,874A6B13-C999-C802-1138-FA198591D897
19.17502,18.733587,0,874A6B13-C999-C802-1138-FA198591D897
23.623104,6.0829163,2,874A6B13-C999-C802-1138-FA198591D897
6.2264996,-29.04053,2,874A6B13-C999-C802-1138-FA198591D897
63.334904,21.056633,2,874A6B13-C999-C802-1138-FA198591D897
23.623678,6.1683965,2,874A6B13-C999-C802-1138-FA198591D897
64.20747,20.775936,0,874A6B13-C999-C802-1138-FA198591D897
64.58155,20.62934,0,874A6B13-C999-C802-1138-FA198591D897
9.915745,-52.37277,1,874A6B13-C999-C802-1138-FA198591D897
18.1176,-24.902655,1,874A6B13-C999-C802-1138-FA198591D897
18.18991,-24.987411,1,874A6B13-C999-C802-1138-FA198591D897
-19.614582,-28.557333,1,874A6B13-C999-C802-1138-FA198591D897
-19.62699,-28.384348,0,874A6B13-C999-C802-1138-FA198591D897
54.87676,10.641557,0,874A6B13-C999-C802-1138-FA198591D897
51.64303,27.529549,0,874A6B13-C999-C802-1138-FA198591D897
51.615005,27.437065,0,874A6B13-C999-C802-1138-FA198591D897
29.68382,11.192593,1,874A6B13-C999-C802-1138-FA198591D897
-36.3553,-18.81259,1,874A6B13-C999-C802-1138-FA198591D897
15.110082,-24.172537,1,874A6B13-C999-C802-1138-FA198591D897
22.144997,-51.630478,1,874A6B13-C999-C802-1138-FA198591D897
48.51679,41.76905,0,874A6B13-C999-C802-1138-FA198591D897
48.532124,41.759834,0,874A6B13-C999-C802-1138-FA198591D897
13.49235,36.498333,0,874A6B13-C999-C802-1138-FA198591D897
13.183714,36.437054,0,874A6B13-C999-C802-1138-FA198591D897
40.90936,33.696194,0,874A6B13-C999-C802-1138-FA198591D897
41.04233,33.82927,0,874A6B13-C999-C802-1138-FA198591D897
56.696182,38.53546,0,8DD09016-F898-915E-4A5C-727F57619D73
-52.87738,18.504154,0,8DD09016-F898-915E-4A5C-727F57619D73
-51.882282,17.420582,0,8DD09016-F898-915E-4A5C-727F57619D73
-52.813564,17.634653,0,8DD09016-F898-915E-4A5C-727F57619D73
-53.524868,17.8551,0,8DD09016-F898-915E-4A5C-727F57619D73
-53.934902,18.140564,0,8DD09016-F898-915E-4A5C-727F57619D73
16.150833,24.284578,0,8DD09016-F898-915E-4A5C-727F57619D73
-9.527086,-3.6370208,0,8DD09016-F898-915E-4A5C-727F57619D73
-10.172176,-3.3258164,0,8DD09016-F898-915E-4A5C-727F57619D73
-10.287807,-2.9056036,0,8DD09016-F898-915E-4A5C-727F57619D73
-10.957598,-2.7843533,0,8DD09016-F898-915E-4A5C-727F57619D73
-9.988419,-1.7739395,0,8DD09016-F898-915E-4A5C-727F57619D73
-82.39947,4.098491,0,9268F759-54B0-96CC-C0F5-9D8DBAA12073
-82.40964,4.1118345,1,9268F759-54B0-96CC-C0F5-9D8DBAA12073
13.692331,-40.694607,1,9268F759-54B0-96CC-C0F5-9D8DBAA12073
16.843113,-41.0254,1,9268F759-54B0-96CC-C0F5-9D8DBAA12073
-15.893956,21.077732,2,9268F759-54B0-96CC-C0F5-9D8DBAA12073
-60.38223,-0.1990984,2,9268F759-54B0-96CC-C0F5-9D8DBAA12073
-74.776474,7.092423,2,9268F759-54B0-96CC-C0F5-9D8DBAA12073
-7.989,-27.472284,2,9268F759-54B0-96CC-C0F5-9D8DBAA12073
57.338654,12.8826475,2,9268F759-54B0-96CC-C0F5-9D8DBAA12073
71.25144,27.683067,2,9268F759-54B0-96CC-C0F5-9D8DBAA12073
71.22088,27.60211,2,9268F759-54B0-96CC-C0F5-9D8DBAA12073
66.934814,6.4178944,2,9268F759-54B0-96CC-C0F5-9D8DBAA12073
68.788864,25.377216,2,9268F759-54B0-96CC-C0F5-9D8DBAA12073
46.674652,20.439255,2,9268F759-54B0-96CC-C0F5-9D8DBAA12073
46.58438,20.417679,0,9268F759-54B0-96CC-C0F5-9D8DBAA12073
33.103626,-16.854017,0,9268F759-54B0-96CC-C0F5-9D8DBAA12073
33.18849,-16.844654,0,9268F759-54B0-96CC-C0F5-9D8DBAA12073
55.423923,-6.5236297,0,9268F759-54B0-96CC-C0F5-9D8DBAA12073
23.581347,-55.56147,1,9268F759-54B0-96CC-C0F5-9D8DBAA12073
23.0442,-55.652775,1,9268F759-54B0-96CC-C0F5-9D8DBAA12073
23.046946,-55.360752,1,9268F759-54B0-96CC-C0F5-9D8DBAA12073
-51.951115,-24.973124,2,94AA1B20-A5D9-F2B4-FD96-2F20A00FAE89
2.507824,50.1157,2,94AA1B20-A5D9-F2B4-FD96-2F20A00FAE89
2.5060852,50.13827,2,94AA1B20-A5D9-F2B4-FD96-2F20A00FAE89
15.639068,53.106037,0,94AA1B20-A5D9-F2B4-FD96-2F20A00FAE89
16.38692,53.32035,0,94AA1B20-A5D9-F2B4-FD96-2F20A00FAE89
16.885252,53.41367,0,94AA1B20-A5D9-F2B4-FD96-2F20A00FAE89
-52.097504,6.413248,2,94AA1B20-A5D9-F2B4-FD96-2F20A00FAE89
-51.76831,6.222179,2,94AA1B20-A5D9-F2B4-FD96-2F20A00FAE89
-51.241653,5.6478596,0,94AA1B20-A5D9-F2B4-FD96-2F20A00FAE89
12.0937,5.064637,0,94AA1B20-A5D9-F2B4-FD96-2F20A00FAE89
11.988353,4.907104,0,94AA1B20-A5D9-F2B4-FD96-2F20A00FAE89
-7.527229,5.231432,0,94AA1B20-A5D9-F2B4-FD96-2F20A00FAE89
47.29438,3.8341596,2,94AA1B20-A5D9-F2B4-FD96-2F20A00FAE89
47.771496,4.4177494,2,94AA1B20-A5D9-F2B4-FD96-2F20A00FAE89
48.46117,6.5454574,2,94AA1B20-A5D9-F2B4-FD96-2F20A00FAE89
48.06069,5.7792807,2,94AA1B20-A5D9-F2B4-FD96-2F20A00FAE89
48.055634,5.413819,0,94AA1B20-A5D9-F2B4-FD96-2F20A00FAE89
47.38899,6.10127,0,94AA1B20-A5D9-F2B4-FD96-2F20A00FAE89
-72.82187,3.8435988,2,96B78431-4166-E4D3-2AA2-15BE2512E1D6
-64.639725,11.029111,2,96B78431-4166-E4D3-2AA2-15BE2512E1D6
-64.69344,11.037179,2,96B78431-4166-E4D3-2AA2-15BE2512E1D6
-65.463264,11.092861,2,96B78431-4166-E4D3-2AA2-15BE2512E1D6
-54.038322,1.654649,1,96B78431-4166-E4D3-2AA2-15BE2512E1D6
8.240301,12.3428335,1,96B78431-4166-E4D3-2AA2-15BE2512E1D6
-56.187878,5.4858828,2,96B78431-4166-E4D3-2AA2-15BE2512E1D6
-56.057495,5.415341,2,96B78431-4166-E4D3-2AA2-15BE2512E1D6
-30.01432,6.268744,2,96B78431-4166-E4D3-2AA2-15BE2512E1D6
-30.044477,6.3183694,2,96B78431-4166-E4D3-2AA2-15BE2512E1D6
9.151481,36.262333,2,96B78431-4166-E4D3-2AA2-15BE2512E1D6
47.898743,14.399496,2,96B78431-4166-E4D3-2AA2-15BE2512E1D6
47.77274,14.453896,2,96B78431-4166-E4D3-2AA2-15BE2512E1D6
49.836464,13.617167,2,96B78431-4166-E4D3-2AA2-15BE2512E1D6
40.51172,-1.9680916,2,96B78431-4166-E4D3-2AA2-15BE2512E1D6
40.503582,-1.9703,2,96B78431-4166-E4D3-2AA2-15BE2512E1D6
-66.40954,17.497974,2,96B78431-4166-E4D3-2AA2-15BE2512E1D6
-66.40425,17.500109,2,96B78431-4166-E4D3-2AA2-15BE2512E1D6
18.126677,-43.721333,1,96B78431-4166-E4D3-2AA2-15BE2512E1D6
18.363993,-43.770924,1,96B78431-4166-E4D3-2AA2-15BE2512E1D6
22.309633,-20.354431,1,96B78431-4166-E4D3-2AA2-15BE2512E1D6
49.70055,-14.927395,1,96B78431-4166-E4D3-2AA2-15BE2512E1D6
-59.29973,17.477911,2,96B78431-4166-E4D3-2AA2-15BE2512E1D6
-59.31972,17.492147,2,96B78431-4166-E4D3-2AA2-15BE2512E1D6
60.653328,20.677704,0,96B78431-4166-E4D3-2AA2-15BE2512E1D6
54.413464,-12.773298,0,96B78431-4166-E4D3-2AA2-15BE2512E1D6
38.64045,-23.144665,1,96B78431-4166-E4D3-2AA2-15BE2512E1D6
38.11273,-23.272259,1,96B78431-4166-E4D3-2AA2-15BE2512E1D6
16.943296,-56.496002,1,96B78431-4166-E4D3-2AA2-15BE2512E1D6
16.560326,-56.804955,1,96B78431-4166-E4D3-2AA2-15BE2512E1D6
-1.9951224,33.929913,2,99827717-1B21-7ECC-CAD1-99489F7E19EA
-1.9711549,33.8601,2,99827717-1B21-7ECC-CAD1-99489F7E19EA
-31.739637,4.9248605,2,99827717-1B21-7ECC-CAD1-99489F7E19EA
-53.380398,-4.35983,2,99827717-1B21-7ECC-CAD1-99489F7E19EA
-54.00603,-4.80478,2,99827717-1B21-7ECC-CAD1-99489F7E19EA
-54.2379,-4.940465,2,99827717-1B21-7ECC-CAD1-99489F7E19EA
-77.77406,9.229587,2,99827717-1B21-7ECC-CAD1-99489F7E19EA
-77.98231,9.363011,2,99827717-1B21-7ECC-CAD1-99489F7E19EA
-78.34851,8.57129,2,99827717-1B21-7ECC-CAD1-99489F7E19EA
-78.75455,7.850498,2,99827717-1B21-7ECC-CAD1-99489F7E19EA
-15.043669,-46.281742,2,99827717-1B21-7ECC-CAD1-99489F7E19EA
-14.937935,-46.357075,1,99827717-1B21-7ECC-CAD1-99489F7E19EA
12.345473,-59.80509,1,99827717-1B21-7ECC-CAD1-99489F7E19EA
12.88585,-27.896095,0,99827717-1B21-7ECC-CAD1-99489F7E19EA
20.628254,-1.3176148,0,99827717-1B21-7ECC-CAD1-99489F7E19EA
18.9792,-0.8784982,0,99827717-1B21-7ECC-CAD1-99489F7E19EA
18.932854,-0.75702506,0,99827717-1B21-7ECC-CAD1-99489F7E19EA
18.857931,-1.1108806,0,99827717-1B21-7ECC-CAD1-99489F7E19EA
-28.149387,-10.520913,2,99C0C5AE-01AD-1BB2-A36B-74B166CB26BA
-7.8597593,-19.477919,2,99C0C5AE-01AD-1BB2-A36B-74B166CB26BA
-7.8681884,-21.365927,2,99C0C5AE-01AD-1BB2-A36B-74B166CB26BA
-7.8703814,-21.110283,2,99C0C5AE-01AD-1BB2-A36B-74B166CB26BA
-8.260048,-21.4493,2,99C0C5AE-01AD-1BB2-A36B-74B166CB26BA
-28.731262,-28.00497,2,99C0C5AE-01AD-1BB2-A36B-74B166CB26BA
-26.87167,-12.751554,2,99C0C5AE-01AD-1BB2-A36B-74B166CB26BA
6.791912,-26.079992,2,99C0C5AE-01AD-1BB2-A36B-74B166CB26BA
-2.3289263,37.705917,2,99C0C5AE-01AD-1BB2-A36B-74B166CB26BA
-52.36582,25.140022,2,99C0C5AE-01AD-1BB2-A36B-74B166CB26BA
-58.19039,5.5844293,2,99C0C5AE-01AD-1BB2-A36B-74B166CB26BA
-31.898958,5.6912327,2,99C0C5AE-01AD-1BB2-A36B-74B166CB26BA
-12.328857,44.38434,2,99C0C5AE-01AD-1BB2-A36B-74B166CB26BA
-12.543734,44.453144,2,99C0C5AE-01AD-1BB2-A36B-74B166CB26BA
-12.904213,44.238247,2,99C0C5AE-01AD-1BB2-A36B-74B166CB26BA
-10.63191,45.00405,2,99C0C5AE-01AD-1BB2-A36B-74B166CB26BA
-10.6830845,45.543766,2,99C0C5AE-01AD-1BB2-A36B-74B166CB26BA
-38.814976,33.931393,2,99C0C5AE-01AD-1BB2-A36B-74B166CB26BA
-23.340166,10.3111925,2,99C0C5AE-01AD-1BB2-A36B-74B166CB26BA
-9.322952,-38.037357,2,99C0C5AE-01AD-1BB2-A36B-74B166CB26BA
-9.357493,-37.81151,2,99C0C5AE-01AD-1BB2-A36B-74B166CB26BA
-8.854775,-37.824078,2,99C0C5AE-01AD-1BB2-A36B-74B166CB26BA
-8.446696,-37.722504,2,99C0C5AE-01AD-1BB2-A36B-74B166CB26BA
-11.040413,-35.698402,2,99C0C5AE-01AD-1BB2-A36B-74B166CB26BA
-32.60836,16.852861,2,99C0C5AE-01AD-1BB2-A36B-74B166CB26BA
-0.10486859,47.624397,2,99C0C5AE-01AD-1BB2-A36B-74B166CB26BA
-0.31154457,47.585697,2,99C0C5AE-01AD-1BB2-A36B-74B166CB26BA
-69.35501,10.1309805,2,9A80CFF4-085D-6435-BA08-18E6496A8381
-68.66355,11.0140915,2,9A80CFF4-085D-6435-BA08-18E6496A8381
-69.07025,10.826277,0,9A80CFF4-085D-6435-BA08-18E6496A8381
-69.92846,10.470075,0,9A80CFF4-085D-6435-BA08-18E6496A8381
-59.76705,12.850176,0,9A80CFF4-085D-6435-BA08-18E6496A8381
-17.981882,-7.4527717,2,9A80CFF4-085D-6435-BA08-18E6496A8381
10.607148,-0.47555152,1,9A80CFF4-085D-6435-BA08-18E6496A8381
10.337655,-0.4707059,2,9A80CFF4-085D-6435-BA08-18E6496A8381
9.821131,-0.7192426,2,9A80CFF4-085D-6435-BA08-18E6496A8381
16.183407,8.865354,2,9A80CFF4-085D-6435-BA08-18E6496A8381
16.171711,9.095991,2,9A80CFF4-085D-6435-BA08-18E6496A8381
-27.846527,-2.0593867,2,9A80CFF4-085D-6435-BA08-18E6496A8381
66.420815,23.518036,0,9A80CFF4-085D-6435-BA08-18E6496A8381
66.28815,23.542078,0,9A80CFF4-085D-6435-BA08-18E6496A8381
60.46602,8.64034,0,9A80CFF4-085D-6435-BA08-18E6496A8381
60.44141,8.5590105,0,9A80CFF4-085D-6435-BA08-18E6496A8381
11.968195,24.666584,0,9A80CFF4-085D-6435-BA08-18E6496A8381
22.008131,-53.246452,0,9A80CFF4-085D-6435-BA08-18E6496A8381
18.34181,-36.046852,2,9C694EBE-9421-F45A-ED92-F521991A6A52
43.592556,20.6132,2,9C694EBE-9421-F45A-ED92-F521991A6A52
43.5357,20.638824,0,9C694EBE-9421-F45A-ED92-F521991A6A52
51.344875,21.403933,0,9C694EBE-9421-F45A-ED92-F521991A6A52
51.355965,21.388578,0,9C694EBE-9421-F45A-ED92-F521991A6A52
49.313515,-12.873903,0,9C694EBE-9421-F45A-ED92-F521991A6A52
-54.95311,23.847357,2,9C694EBE-9421-F45A-ED92-F521991A6A52
-54.612934,23.784428,2,9C694EBE-9421-F45A-ED92-F521991A6A52
-53.579266,23.822151,2,9C694EBE-9421-F45A-ED92-F521991A6A52
-53.52451,23.533451,2,9C694EBE-9421-F45A-ED92-F521991A6A52
-53.56343,23.088152,2,9C694EBE-9421-F45A-ED92-F521991A6A52
-76.48617,5.506325,2,9C694EBE-9421-F45A-ED92-F521991A6A52
51.579105,9.070153,0,9C694EBE-9421-F45A-ED92-F521991A6A52
55.49496,21.375364,0,9C694EBE-9421-F45A-ED92-F521991A6A52
55.380856,21.590567,0,9C694EBE-9421-F45A-ED92-F521991A6A52
28.076662,33.403698,0,9C694EBE-9421-F45A-ED92-F521991A6A52
18.065313,45.469418,0,9C694EBE-9421-F45A-ED92-F521991A6A52
17.717302,45.013634,0,9C694EBE-9421-F45A-ED92-F521991A6A52
49.60489,25.484133,0,9C694EBE-9421-F45A-ED92-F521991A6A52
49.44447,25.544926,2,9C694EBE-9421-F45A-ED92-F521991A6A52
21.579834,-0.39639133,2,9C694EBE-9421-F45A-ED92-F521991A6A52
21.92196,-0.22643372,2,9C694EBE-9421-F45A-ED92-F521991A6A52
20.93841,3.4393294,2,9C694EBE-9421-F45A-ED92-F521991A6A52
21.160763,3.317308,2,9C694EBE-9421-F45A-ED92-F521991A6A52
22.292833,3.3228211,2,9C694EBE-9421-F45A-ED92-F521991A6A52
22.24139,3.3094583,2,9C694EBE-9421-F45A-ED92-F521991A6A52
47.459938,36.447487,0,9C694EBE-9421-F45A-ED92-F521991A6A52
61.316906,35.312756,0,9C694EBE-9421-F45A-ED92-F521991A6A52
60.70936,34.954525,0,9C694EBE-9421-F45A-ED92-F521991A6A52
60.366096,34.80299,0,9C694EBE-9421-F45A-ED92-F521991A6A52
-53.810795,11.309838,2,9E6EBCE2-44FB-8F07-4135-E91140B34096
-53.880257,11.203213,2,9E6EBCE2-44FB-8F07-4135-E91140B34096
4.017383,13.876245,2,9E6EBCE2-44FB-8F07-4135-E91140B34096
32.671806,-33.251244,2,9E6EBCE2-44FB-8F07-4135-E91140B34096
42.757603,7.248741,2,9E6EBCE2-44FB-8F07-4135-E91140B34096
42.594677,7.268088,2,9E6EBCE2-44FB-8F07-4135-E91140B34096
-59.170135,-17.459446,2,9E6EBCE2-44FB-8F07-4135-E91140B34096
-30.757463,-29.444063,2,9E6EBCE2-44FB-8F07-4135-E91140B34096
-29.788212,-40.89723,2,9E6EBCE2-44FB-8F07-4135-E91140B34096
-27.957355,-40.40369,1,9E6EBCE2-44FB-8F07-4135-E91140B34096
-27.563963,-40.525932,1,9E6EBCE2-44FB-8F07-4135-E91140B34096
-26.4717,-40.56773,1,9E6EBCE2-44FB-8F07-4135-E91140B34096
-55.24324,-10.54713,2,9E6EBCE2-44FB-8F07-4135-E91140B34096
55.82407,23.203054,2,9E6EBCE2-44FB-8F07-4135-E91140B34096
69.67214,27.84811,2,9E6EBCE2-44FB-8F07-4135-E91140B34096
69.66346,27.761047,1,9E6EBCE2-44FB-8F07-4135-E91140B34096
-72.13329,14.628248,1,9E6EBCE2-44FB-8F07-4135-E91140B34096
-72.180145,14.615706,2,9E6EBCE2-44FB-8F07-4135-E91140B34096
15.081212,-16.296625,0,A135AF2A-692D-9C83-AB54-34F977E4D14D
15.170363,-16.48285,0,A135AF2A-692D-9C83-AB54-34F977E4D14D
16.857946,-16.103304,0,A135AF2A-692D-9C83-AB54-34F977E4D14D
16.88569,-16.04816,0,A135AF2A-692D-9C83-AB54-34F977E4D14D
18.15106,-15.838897,2,A135AF2A-692D-9C83-AB54-34F977E4D14D
18.387424,-15.523513,2,A135AF2A-692D-9C83-AB54-34F977E4D14D
-50.25668,15.908633,2,A135AF2A-692D-9C83-AB54-34F977E4D14D
37.225945,32.609016,2,A135AF2A-692D-9C83-AB54-34F977E4D14D
23.810747,22.718145,2,A135AF2A-692D-9C83-AB54-34F977E4D14D
-4.2282314,5.9814577,2,A135AF2A-692D-9C83-AB54-34F977E4D14D
-4.2725997,6.010661,2,A135AF2A-692D-9C83-AB54-34F977E4D14D
-13.914175,46.154293,2,A135AF2A-692D-9C83-AB54-34F977E4D14D
19.111135,-55.86074,2,A135AF2A-692D-9C83-AB54-34F977E4D14D
19.130938,-55.82215,2,A135AF2A-692D-9C83-AB54-34F977E4D14D
66.298904,13.841206,2,A135AF2A-692D-9C83-AB54-34F977E4D14D
16.837679,50.43609,0,A43E8D46-F136-DB41-3E16-F9F161DBA1D6
8.48025,51.52638,0,A43E8D46-F136-DB41-3E16-F9F161DBA1D6
7.593683,51.542767,0,A43E8D46-F136-DB41-3E16-F9F161DBA1D6
4.1584883,52.296837,0,A43E8D46-F136-DB41-3E16-F9F161DBA1D6
8.341118,50.187107,1,A43E8D46-F136-DB41-3E16-F9F161DBA1D6
42.10669,16.363417,1,A43E8D46-F136-DB41-3E16-F9F161DBA1D6
26.67187,6.0505333,0,A43E8D46-F136-DB41-3E16-F9F161DBA1D6
27.010832,7.514126,0,A43E8D46-F136-DB41-3E16-F9F161DBA1D6
57.92315,20.927029,0,A43E8D46-F136-DB41-3E16-F9F161DBA1D6
58.01291,20.912853,0,A43E8D46-F136-DB41-3E16-F9F161DBA1D6
5.6824512,-30.603302,0,A43E8D46-F136-DB41-3E16-F9F161DBA1D6
5.2143207,-30.209352,0,A43E8D46-F136-DB41-3E16-F9F161DBA1D6
4.2085905,-30.31759,0,A43E8D46-F136-DB41-3E16-F9F161DBA1D6
3.6493409,-30.286728,0,A43E8D46-F136-DB41-3E16-F9F161DBA1D6
14.472717,-56.415054,0,A43E8D46-F136-DB41-3E16-F9F161DBA1D6
14.260965,-55.544132,1,A43E8D46-F136-DB41-3E16-F9F161DBA1D6
14.282685,-55.323177,1,A43E8D46-F136-DB41-3E16-F9F161DBA1D6
14.268495,-54.78356,1,A43E8D46-F136-DB41-3E16-F9F161DBA1D6
-77.121635,18.685602,2,A43E8D46-F136-DB41-3E16-F9F161DBA1D6
2.7212417,-11.741319,2,A43E8D46-F136-DB41-3E16-F9F161DBA1D6
2.9696102,-11.790283,1,A43E8D46-F136-DB41-3E16-F9F161DBA1D6
-51.84398,-9.755285,2,A7C426E7-344F-99F4-6E35-453AF3AD9C2C
-51.9103,-9.658577,2,A7C426E7-344F-99F4-6E35-453AF3AD9C2C
-30.086193,-8.13483,2,A7C426E7-344F-99F4-6E35-453AF3AD9C2C
10.423331,3.5606923,2,A7C426E7-344F-99F4-6E35-453AF3AD9C2C
10.061113,3.6782475,1,A7C426E7-344F-99F4-6E35-453AF3AD9C2C
9.63995,4.039801,1,A7C426E7-344F-99F4-6E35-453AF3AD9C2C
33.94505,-13.449526,1,A7C426E7-344F-99F4-6E35-453AF3AD9C2C
33.438595,-13.376318,1,A7C426E7-344F-99F4-6E35-453AF3AD9C2C
32.961994,-13.360683,1,A7C426E7-344F-99F4-6E35-453AF3AD9C2C
14.14959,5.557824,1,A7C426E7-344F-99F4-6E35-453AF3AD9C2C
-31.597664,3.7290788,1,A7C426E7-344F-99F4-6E35-453AF3AD9C2C
12.620534,-12.256253,1,A7C426E7-344F-99F4-6E35-453AF3AD9C2C
12.619828,-12.053694,1,A7C426E7-344F-99F4-6E35-453AF3AD9C2C
3.4056673,-5.2858458,1,A7C426E7-344F-99F4-6E35-453AF3AD9C2C
-5.551153,-13.6123905,1,A7C426E7-344F-99F4-6E35-453AF3AD9C2C
-20.593996,-37.38617,2,A7C426E7-344F-99F4-6E35-453AF3AD9C2C
-7.8296814,-44.485107,2,A7C426E7-344F-99F4-6E35-453AF3AD9C2C
-7.6840086,-44.66446,2,A7C426E7-344F-99F4-6E35-453AF3AD9C2C
-6.633597,-44.43965,2,A7C426E7-344F-99F4-6E35-453AF3AD9C2C
-6.344544,-44.0954,2,A7C426E7-344F-99F4-6E35-453AF3AD9C2C
-5.976104,-43.746387,2,A7C426E7-344F-99F4-6E35-453AF3AD9C2C
30.0704,-8.319245,2,A7C426E7-344F-99F4-6E35-453AF3AD9C2C
4.884896,-40.09629,2,A7C426E7-344F-99F4-6E35-453AF3AD9C2C
5.1917267,-40.30813,2,A7C426E7-344F-99F4-6E35-453AF3AD9C2C
4.9598327,-51.8864,1,A7C426E7-344F-99F4-6E35-453AF3AD9C2C
10.832665,-56.98473,1,A7C426E7-344F-99F4-6E35-453AF3AD9C2C
10.975239,-57.403175,1,A7C426E7-344F-99F4-6E35-453AF3AD9C2C
12.0930195,-51.83548,2,A7C426E7-344F-99F4-6E35-453AF3AD9C2C
12.147594,-51.703022,2,A7C426E7-344F-99F4-6E35-453AF3AD9C2C
12.977664,-51.08842,2,A7C426E7-344F-99F4-6E35-453AF3AD9C2C
15.837387,-20.16033,2,A7C426E7-344F-99F4-6E35-453AF3AD9C2C
-2.4089434,-11.417378,2,A7C426E7-344F-99F4-6E35-453AF3AD9C2C
16.758217,-9.650922,2,A7C426E7-344F-99F4-6E35-453AF3AD9C2C
16.82978,-9.522555,2,A7C426E7-344F-99F4-6E35-453AF3AD9C2C
-63.30627,8.2214155,2,A7C426E7-344F-99F4-6E35-453AF3AD9C2C
-63.434612,8.14845,2,A7C426E7-344F-99F4-6E35-453AF3AD9C2C
16.002857,-35.49285,1,A7C426E7-344F-99F4-6E35-453AF3AD9C2C
1.8160541,-25.120897,1,A7C426E7-344F-99F4-6E35-453AF3AD9C2C
1.7473577,-25.23133,1,A7C426E7-344F-99F4-6E35-453AF3AD9C2C
-3.2245817,-17.639687,1,A7C426E7-344F-99F4-6E35-453AF3AD9C2C
-3.104066,-17.391909,1,A7C426E7-344F-99F4-6E35-453AF3AD9C2C
53.379093,24.73122,0,A7C426E7-344F-99F4-6E35-453AF3AD9C2C
29.750496,-36.85904,0,AB9921A8-F143-E101-6A47-E66882F571B2
29.381533,-37.241535,0,AB9921A8-F143-E101-6A47-E66882F571B2
29.126013,-37.550247,0,AB9921A8-F143-E101-6A47-E66882F571B2
16.555624,-64.901146,0,AB9921A8-F143-E101-6A47-E66882F571B2
16.42919,-65.2508,0,AB9921A8-F143-E101-6A47-E66882F571B2
16.089336,-65.57837,1,AB9921A8-F143-E101-6A47-E66882F571B2
-1.1212648,-57.69646,1,AB9921A8-F143-E101-6A47-E66882F571B2
-0.8152709,-57.67364,1,AB9921A8-F143-E101-6A47-E66882F571B2
-37.308796,-34.289684,1,AB9921A8-F143-E101-6A47-E66882F571B2
-25.873022,-42.934086,1,AB9921A8-F143-E101-6A47-E66882F571B2
-31.633564,-22.873175,1,AB9921A8-F143-E101-6A47-E66882F571B2
9.324017,-55.535038,1,AB9921A8-F143-E101-6A47-E66882F571B2
21.668797,-54.617504,0,B06410CC-D778-33B2-B1FD-A828EE4AF413
19.427847,-37.704025,0,B06410CC-D778-33B2-B1FD-A828EE4AF413
5.846801,-2.3016691,0,B06410CC-D778-33B2-B1FD-A828EE4AF413
6.0612626,-2.31167,0,B06410CC-D778-33B2-B1FD-A828EE4AF413
4.8086605,-2.0448039,0,B06410CC-D778-33B2-B1FD-A828EE4AF413
-23.49237,21.328661,0,B06410CC-D778-33B2-B1FD-A828EE4AF413
-52.603615,-15.828826,2,B06410CC-D778-33B2-B1FD-A828EE4AF413
-51.810326,-15.865694,2,B06410CC-D778-33B2-B1FD-A828EE4AF413
-51.610928,-15.848233,2,B06410CC-D778-33B2-B1FD-A828EE4AF413
-41.715168,-20.961367,2,B06410CC-D778-33B2-B1FD-A828EE4AF413
-30.154903,-44.93695,2,B06410CC-D778-33B2-B1FD-A828EE4AF413
22.53425,-54.428833,2,B06410CC-D778-33B2-B1FD-A828EE4AF413
27.419153,-32.593536,1,B06410CC-D778-33B2-B1FD-A828EE4AF413
27.163795,-32.370064,1,B06410CC-D778-33B2-B1FD-A828EE4AF413
27.031633,-32.226105,1,B06410CC-D778-33B2-B1FD-A828EE4AF413
26.72936,-33.216217,1,B06410CC-D778-33B2-B1FD-A828EE4AF413
26.704739,-31.156275,1,B06410CC-D778-33B2-B1FD-A828EE4AF413
19.242575,-46.350372,1,B06410CC-D778-33B2-B1FD-A828EE4AF413
-80.867424,13.34539,2,B06410CC-D778-33B2-B1FD-A828EE4AF413
-80.859276,13.324233,2,B06410CC-D778-33B2-B1FD-A828EE4AF413
41.48203,22.613941,1,B06410CC-D778-33B2-B1FD-A828EE4AF413
-75.14381,0.575784,2,B0AAFE06-91C2-2C6D-4547-7508BB719E45
-74.741585,0.5844701,2,B0AAFE06-91C2-2C6D-4547-7508BB719E45
-74.59985,0.44917375,2,B0AAFE06-91C2-2C6D-4547-7508BB719E45
-74.3065,-0.52356416,2,B0AAFE06-91C2-2C6D-4547-7508BB719E45
-73.38036,-1.4912947,2,B0AAFE06-91C2-2C6D-4547-7508BB719E45
-72.70457,-1.6015166,2,B0AAFE06-91C2-2C6D-4547-7508BB719E45
15.040242,39.35201,0,B0AAFE06-91C2-2C6D-4547-7508BB719E45
15.071868,39.138237,0,B0AAFE06-91C2-2C6D-4547-7508BB719E45
-22.258825,-45.17833,0,B0AAFE06-91C2-2C6D-4547-7508BB719E45
23.95591,-35.917355,0,B0AAFE06-91C2-2C6D-4547-7508BB719E45
65.70227,4.3147254,1,B0AAFE06-91C2-2C6D-4547-7508BB719E45
67.837456,22.496317,0,B0AAFE06-91C2-2C6D-4547-7508BB719E45
63.700478,32.50723,2,B0AAFE06-91C2-2C6D-4547-7508BB719E45
63.37514,32.595352,0,B0AAFE06-91C2-2C6D-4547-7508BB719E45
-71.61899,8.68367,2,B17DF37B-207D-A052-4D45-F862B3BF4C4C
-71.75677,8.942577,2,B17DF37B-207D-A052-4D45-F862B3BF4C4C
-72.295456,8.942897,2,B17DF37B-207D-A052-4D45-F862B3BF4C4C
-51.412777,12.493271,2,B17DF37B-207D-A052-4D45-F862B3BF4C4C
-10.147765,30.11794,2,B17DF37B-207D-A052-4D45-F862B3BF4C4C
-22.779243,26.317175,2,B17DF37B-207D-A052-4D45-F862B3BF4C4C
20.868414,33.365486,2,B17DF37B-207D-A052-4D45-F862B3BF4C4C
22.239397,26.151218,2,B17DF37B-207D-A052-4D45-F862B3BF4C4C
22.145903,26.136868,1,B17DF37B-207D-A052-4D45-F862B3BF4C4C
-15.057306,-41.52614,1,B17DF37B-207D-A052-4D45-F862B3BF4C4C
-14.997489,-41.363224,1,B17DF37B-207D-A052-4D45-F862B3BF4C4C
-13.888593,-41.114906,0,B17DF37B-207D-A052-4D45-F862B3BF4C4C
-13.457253,-9.525753,2,B17DF37B-207D-A052-4D45-F862B3BF4C4C
-14.417815,-9.081948,1,B17DF37B-207D-A052-4D45-F862B3BF4C4C
-14.223544,-9.152057,1,B17DF37B-207D-A052-4D45-F862B3BF4C4C
-29.973219,-16.933468,1,B17DF37B-207D-A052-4D45-F862B3BF4C4C
7.1641965,-47.9266,1,B17DF37B-207D-A052-4D45-F862B3BF4C4C
9.407784,-57.762238,1,B17DF37B-207D-A052-4D45-F862B3BF4C4C
18.376358,-61.279392,1,B17DF37B-207D-A052-4D45-F862B3BF4C4C
11.387278,-61.774742,1,B17DF37B-207D-A052-4D45-F862B3BF4C4C
1.1272078,-52.167522,1,B17DF37B-207D-A052-4D45-F862B3BF4C4C
5.371887,-58.486687,1,B17DF37B-207D-A052-4D45-F862B3BF4C4C
5.879428,-58.694,1,B17DF37B-207D-A052-4D45-F862B3BF4C4C
5.5901175,-57.695362,1,B17DF37B-207D-A052-4D45-F862B3BF4C4C
14.130675,-53.207565,1,B17DF37B-207D-A052-4D45-F862B3BF4C4C
-20.4551,-5.5689244,0,B17DF37B-207D-A052-4D45-F862B3BF4C4C
-20.450426,-5.514878,0,B17DF37B-207D-A052-4D45-F862B3BF4C4C
-12.266083,34.430397,0,B17DF37B-207D-A052-4D45-F862B3BF4C4C
-3.7568586,49.001423,0,B17DF37B-207D-A052-4D45-F862B3BF4C4C
-3.3818958,49.27572,0,B17DF37B-207D-A052-4D45-F862B3BF4C4C
-1.4567207,-49.12177,1,B17DF37B-207D-A052-4D45-F862B3BF4C4C
-1.5402868,-48.924965,1,B17DF37B-207D-A052-4D45-F862B3BF4C4C
0.82080346,-47.91498,1,B17DF37B-207D-A052-4D45-F862B3BF4C4C
0.9310104,-47.860603,1,B17DF37B-207D-A052-4D45-F862B3BF4C4C
7.834206,-56.265575,1,B17DF37B-207D-A052-4D45-F862B3BF4C4C
8.011773,-56.093315,1,B17DF37B-207D-A052-4D45-F862B3BF4C4C
-4.5134273,37.01587,1,B2EE7EC5-4E5B-EBDD-E0EB-AF758B95C36A
-4.938609,36.98527,1,B2EE7EC5-4E5B-EBDD-E0EB-AF758B95C36A
-5.8137765,37.11465,1,B2EE7EC5-4E5B-EBDD-E0EB-AF758B95C36A
-6.6960087,37.10362,1,B2EE7EC5-4E5B-EBDD-E0EB-AF758B95C36A
-7.206366,37.29492,1,B2EE7EC5-4E5B-EBDD-E0EB-AF758B95C36A
1.8316265,42.53342,2,B2EE7EC5-4E5B-EBDD-E0EB-AF758B95C36A
1.7983974,42.545837,2,B2EE7EC5-4E5B-EBDD-E0EB-AF758B95C36A
19.659286,-5.7825007,2,B2EE7EC5-4E5B-EBDD-E0EB-AF758B95C36A
19.843826,-6.377759,2,B2EE7EC5-4E5B-EBDD-E0EB-AF758B95C36A
19.530869,-6.209738,2,B2EE7EC5-4E5B-EBDD-E0EB-AF758B95C36A
18.773838,-7.01575,1,B2EE7EC5-4E5B-EBDD-E0EB-AF758B95C36A
-5.714587,-51.924446,1,B2EE7EC5-4E5B-EBDD-E0EB-AF758B95C36A
41.52534,-25.146185,1,B2EE7EC5-4E5B-EBDD-E0EB-AF758B95C36A
26.690134,-56.948044,1,B2EE7EC5-4E5B-EBDD-E0EB-AF758B95C36A
25.818464,-57.712685,1,B2EE7EC5-4E5B-EBDD-E0EB-AF758B95C36A
25.303213,-58.098835,1,B2EE7EC5-4E5B-EBDD-E0EB-AF758B95C36A
25.463238,-58.411915,1,B2EE7EC5-4E5B-EBDD-E0EB-AF758B95C36A
25.265991,-58.723095,1,B2EE7EC5-4E5B-EBDD-E0EB-AF758B95C36A
24.216831,-54.4049,1,B2EE7EC5-4E5B-EBDD-E0EB-AF758B95C36A
22.776917,-28.63283,1,B2EE7EC5-4E5B-EBDD-E0EB-AF758B95C36A
22.649738,-28.75613,1,B2EE7EC5-4E5B-EBDD-E0EB-AF758B95C36A
23.611725,-28.569986,1,B2EE7EC5-4E5B-EBDD-E0EB-AF758B95C36A
-11.619671,-42.471115,1,B2EE7EC5-4E5B-EBDD-E0EB-AF758B95C36A
-11.317635,-42.210712,1,B2EE7EC5-4E5B-EBDD-E0EB-AF758B95C36A
-11.419548,-41.545258,1,B2EE7EC5-4E5B-EBDD-E0EB-AF758B95C36A
-11.409028,-41.34156,1,B2EE7EC5-4E5B-EBDD-E0EB-AF758B95C36A
-10.367899,-42.115,1,B2EE7EC5-4E5B-EBDD-E0EB-AF758B95C36A
18.076887,5.287131,1,B2EE7EC5-4E5B-EBDD-E0EB-AF758B95C36A
46.100803,42.92834,0,B2EE7EC5-4E5B-EBDD-E0EB-AF758B95C36A
46.05346,42.969482,0,B2EE7EC5-4E5B-EBDD-E0EB-AF758B95C36A
22.431923,-23.8386,0,B2EE7EC5-4E5B-EBDD-E0EB-AF758B95C36A
21.953043,-23.825867,0,B2EE7EC5-4E5B-EBDD-E0EB-AF758B95C36A
39.776775,21.243813,0,B2EE7EC5-4E5B-EBDD-E0EB-AF758B95C36A
40.10218,21.860584,0,B2EE7EC5-4E5B-EBDD-E0EB-AF758B95C36A
40.174633,22.1125,0,B2EE7EC5-4E5B-EBDD-E0EB-AF758B95C36A
40.434647,22.523834,0,B2EE7EC5-4E5B-EBDD-E0EB-AF758B95C36A
25.67477,48.40097,0,B3CE5256-6F65-85EB-0078-689BD5CC1B17
25.649553,48.238815,0,B3CE5256-6F65-85EB-0078-689BD5CC1B17
25.579653,47.98132,0,B3CE5256-6F65-85EB-0078-689BD5CC1B17
46.81214,-7.6504264,0,B3CE5256-6F65-85EB-0078-689BD5CC1B17
46.933525,-7.6985373,0,B3CE5256-6F65-85EB-0078-689BD5CC1B17
47.644527,-7.889515,0,B3CE5256-6F65-85EB-0078-689BD5CC1B17
-8.004429,-2.6874998,0,B3CE5256-6F65-85EB-0078-689BD5CC1B17
34.575836,-10.407315,0,B3CE5256-6F65-85EB-0078-689BD5CC1B17
-45.38868,-11.485061,0,B3CE5256-6F65-85EB-0078-689BD5CC1B17
-57.409348,-5.5220714,0,B3CE5256-6F65-85EB-0078-689BD5CC1B17
-57.554802,-5.4703526,2,B3CE5256-6F65-85EB-0078-689BD5CC1B17
-75.90038,11.572141,2,B3CE5256-6F65-85EB-0078-689BD5CC1B17
45.309536,11.2805805,0,B6EE5F90-8F59-D3CF-C449-59216B28207B
-1.6899184,-37.017143,0,B6EE5F90-8F59-D3CF-C449-59216B28207B
17.54445,-12.502487,0,B6EE5F90-8F59-D3CF-C449-59216B28207B
18.014833,-12.468353,0,B6EE5F90-8F59-D3CF-C449-59216B28207B
18.316755,-12.466199,0,B6EE5F90-8F59-D3CF-C449-59216B28207B
30.977968,-41.574947,1,B6EE5F90-8F59-D3CF-C449-59216B28207B
-10.862902,-8.28233,2,B6EE5F90-8F59-D3CF-C449-59216B28207B
-10.430815,-8.552026,2,B6EE5F90-8F59-D3CF-C449-59216B28207B
-10.324222,-8.599906,2,B6EE5F90-8F59-D3CF-C449-59216B28207B
-9.690822,-8.609172,2,B6EE5F90-8F59-D3CF-C449-59216B28207B
21.416937,-56.52096,1,B6EE5F90-8F59-D3CF-C449-59216B28207B
-15.081564,-12.932385,1,B6EE5F90-8F59-D3CF-C449-59216B28207B
-14.843031,-12.289672,2,B6EE5F90-8F59-D3CF-C449-59216B28207B
-14.107808,-11.984819,2,B6EE5F90-8F59-D3CF-C449-59216B28207B
-13.922882,-11.838871,2,B6EE5F90-8F59-D3CF-C449-59216B28207B
-14.9536705,-6.0521693,2,B6EE5F90-8F59-D3CF-C449-59216B28207B
-44.39962,9.697748,2,B6EE5F90-8F59-D3CF-C449-59216B28207B
-44.43365,9.662411,2,B6EE5F90-8F59-D3CF-C449-59216B28207B
-17.01969,0.10438763,0,B9FD0C60-33D3-E99E-2475-815EAD5C89C2
-17.135014,0.22128978,2,B9FD0C60-33D3-E99E-2475-815EAD5C89C2
-31.044777,10.3796625,2,B9FD0C60-33D3-E99E-2475-815EAD5C89C2
-31.132261,10.443114,0,B9FD0C60-33D3-E99E-2475-815EAD5C89C2
-52.44719,15.571464,0,B9FD0C60-33D3-E99E-2475-815EAD5C89C2
-32.706635,37.288265,0,B9FD0C60-33D3-E99E-2475-815EAD5C89C2
24.648735,-11.532433,2,B9FD0C60-33D3-E99E-2475-815EAD5C89C2
24.868761,-11.722651,2,B9FD0C60-33D3-E99E-2475-815EAD5C89C2
24.511408,-11.7301235,2,B9FD0C60-33D3-E99E-2475-815EAD5C89C2
25.540667,-12.384325,2,B9FD0C60-33D3-E99E-2475-815EAD5C89C2
35.102604,25.513432,0,B9FD0C60-33D3-E99E-2475-815EAD5C89C2
35.140858,25.582485,0,B9FD0C60-33D3-E99E-2475-815EAD5C89C2
53.136585,36.221783,0,B9FD0C60-33D3-E99E-2475-815EAD5C89C2
52.94597,36.09924,0,B9FD0C60-33D3-E99E-2475-815EAD5C89C2
53.218105,35.55883,0,B9FD0C60-33D3-E99E-2475-815EAD5C89C2
28.705122,-45.79889,2,B9FD0C60-33D3-E99E-2475-815EAD5C89C2
64.29124,35.84714,2,B9FD0C60-33D3-E99E-2475-815EAD5C89C2
64.290565,35.894814,0,B9FD0C60-33D3-E99E-2475-815EAD5C89C2
-2.4067929,-15.482328,0,BAAA2876-D490-2AB5-0A98-6EB94C7FC331
20.8585,-18.82165,0,BAAA2876-D490-2AB5-0A98-6EB94C7FC331
3.0430708,-17.996222,1,BAAA2876-D490-2AB5-0A98-6EB94C7FC331
3.036808,-17.984474,1,BAAA2876-D490-2AB5-0A98-6EB94C7FC331
-1.6763972,-15.425307,1,BAAA2876-D490-2AB5-0A98-6EB94C7FC331
-1.4038929,-15.804899,1,BAAA2876-D490-2AB5-0A98-6EB94C7FC331
12.494201,-61.51427,2,BAAA2876-D490-2AB5-0A98-6EB94C7FC331
19.84468,-52.447277,2,BAAA2876-D490-2AB5-0A98-6EB94C7FC331
35.21662,-27.4161,2,BAAA2876-D490-2AB5-0A98-6EB94C7FC331
35.156452,-27.511402,2,BAAA2876-D490-2AB5-0A98-6EB94C7FC331
27.087526,-15.640537,2,BAAA2876-D490-2AB5-0A98-6EB94C7FC331
27.175844,-15.457825,2,BAAA2876-D490-2AB5-0A98-6EB94C7FC331
37.78594,23.669037,0,BAAA2876-D490-2AB5-0A98-6EB94C7FC331
37.862453,23.666824,0,BAAA2876-D490-2AB5-0A98-6EB94C7FC331
-8.426355,-7.005256,0,BAAA2876-D490-2AB5-0A98-6EB94C7FC331
-26.33114,-38.11101,0,BAAA2876-D490-2AB5-0A98-6EB94C7FC331
-26.179619,-37.413696,0,BAAA2876-D490-2AB5-0A98-6EB94C7FC331
-26.134424,-37.273785,0,BAAA2876-D490-2AB5-0A98-6EB94C7FC331
12.062303,26.302916,0,BAAA2876-D490-2AB5-0A98-6EB94C7FC331
-3.4848404,41.66523,0,BAAA2876-D490-2AB5-0A98-6EB94C7FC331
-3.408437,41.592236,0,BAAA2876-D490-2AB5-0A98-6EB94C7FC331
2.5717223,1.5572376,0,BAAA2876-D490-2AB5-0A98-6EB94C7FC331
2.522632,1.1085674,1,BAAA2876-D490-2AB5-0A98-6EB94C7FC331
11.120757,-30.679108,1,BAAA2876-D490-2AB5-0A98-6EB94C7FC331
43.354313,-35.360027,0,BAAA2876-D490-2AB5-0A98-6EB94C7FC331
-27.151947,-17.96362,0,BAAA2876-D490-2AB5-0A98-6EB94C7FC331
-27.303108,-17.769024,0,BAAA2876-D490-2AB5-0A98-6EB94C7FC331
-30.348976,-42.65448,0,BAAA2876-D490-2AB5-0A98-6EB94C7FC331
-26.13281,-45.28373,0,BAAA2876-D490-2AB5-0A98-6EB94C7FC331
-26.23494,-45.315956,0,BAAA2876-D490-2AB5-0A98-6EB94C7FC331
59.548573,-15.171699,0,BC7EE230-0AF9-3AC5-24E5-8EC4B0B432A8
42.158768,-24.974943,0,BC7EE230-0AF9-3AC5-24E5-8EC4B0B432A8
30.382551,-18.66277,0,BC7EE230-0AF9-3AC5-24E5-8EC4B0B432A8
41.95904,41.953064,0,BC7EE230-0AF9-3AC5-24E5-8EC4B0B432A8
41.997925,41.949158,0,BC7EE230-0AF9-3AC5-24E5-8EC4B0B432A8
42.01148,41.950157,0,BC7EE230-0AF9-3AC5-24E5-8EC4B0B432A8
63.33792,41.746418,0,BC7EE230-0AF9-3AC5-24E5-8EC4B0B432A8
63.30274,41.765026,0,BC7EE230-0AF9-3AC5-24E5-8EC4B0B432A8
35.255615,37.092545,2,BC7EE230-0AF9-3AC5-24E5-8EC4B0B432A8
19.945412,12.11133,2,BC7EE230-0AF9-3AC5-24E5-8EC4B0B432A8
11.169451,28.42756,2,BC7EE230-0AF9-3AC5-24E5-8EC4B0B432A8
-10.3015585,13.338175,2,BC7EE230-0AF9-3AC5-24E5-8EC4B0B432A8
-2.5177233,-27.450588,2,BC7EE230-0AF9-3AC5-24E5-8EC4B0B432A8
31.638803,5.4010777,2,BC7EE230-0AF9-3AC5-24E5-8EC4B0B432A8
-2.844497,-28.4794,2,BC7EE230-0AF9-3AC5-24E5-8EC4B0B432A8
-3.0712333,-28.580935,2,BC7EE230-0AF9-3AC5-24E5-8EC4B0B432A8
-3.19741,-29.516512,2,BC7EE230-0AF9-3AC5-24E5-8EC4B0B432A8
-2.0362015,-29.467707,1,BC7EE230-0AF9-3AC5-24E5-8EC4B0B432A8
-40.715405,18.272438,2,BD35F47E-4F73-8664-B165-98D2BF2CDA48
-40.80713,19.390873,2,BD35F47E-4F73-8664-B165-98D2BF2CDA48
-43.177773,22.614113,2,BD35F47E-4F73-8664-B165-98D2BF2CDA48
-24.300512,4.745051,2,BD35F47E-4F73-8664-B165-98D2BF2CDA48
-24.281528,4.813454,2,BD35F47E-4F73-8664-B165-98D2BF2CDA48
-16.692598,28.416029,2,BD35F47E-4F73-8664-B165-98D2BF2CDA48
-19.220541,-31.550577,0,BD35F47E-4F73-8664-B165-98D2BF2CDA48
-45.163555,-14.667817,0,BD35F47E-4F73-8664-B165-98D2BF2CDA48
-44.86289,-14.604794,0,BD35F47E-4F73-8664-B165-98D2BF2CDA48
-44.932613,-14.29765,0,BD35F47E-4F73-8664-B165-98D2BF2CDA48
-13.572656,34.615967,0,BD35F47E-4F73-8664-B165-98D2BF2CDA48
-74.332245,15.136876,0,BD35F47E-4F73-8664-B165-98D2BF2CDA48
3.8214197,20.2757,2,BD35F47E-4F73-8664-B165-98D2BF2CDA48
11.558175,10.5805435,0,BD35F47E-4F73-8664-B165-98D2BF2CDA48
26.840038,11.704391,0,BD35F47E-4F73-8664-B165-98D2BF2CDA48
26.843704,11.772443,0,BD35F47E-4F73-8664-B165-98D2BF2CDA48
26.542456,12.522293,0,BD35F47E-4F73-8664-B165-98D2BF2CDA48
32.944973,30.181534,0,BD35F47E-4F73-8664-B165-98D2BF2CDA48
-66.92573,8.224723,2,C24A665A-6B67-FDEA-04A4-C2DA3AF79D51
-57.910744,8.990586,2,C24A665A-6B67-FDEA-04A4-C2DA3AF79D51
-6.062103,-8.69935,0,C24A665A-6B67-FDEA-04A4-C2DA3AF79D51
2.3455575,14.522268,0,C24A665A-6B67-FDEA-04A4-C2DA3AF79D51
38.94569,11.538295,0,C24A665A-6B67-FDEA-04A4-C2DA3AF79D51
39.02216,11.194219,0,C24A665A-6B67-FDEA-04A4-C2DA3AF79D51
22.039219,-15.582282,0,C24A665A-6B67-FDEA-04A4-C2DA3AF79D51
22.066978,-15.611205,0,C24A665A-6B67-FDEA-04A4-C2DA3AF79D51
29.61306,6.035377,0,C24A665A-6B67-FDEA-04A4-C2DA3AF79D51
2.2350442,-21.483557,0,C24A665A-6B67-FDEA-04A4-C2DA3AF79D51
-6.13752,-17.3786,0,C24A665A-6B67-FDEA-04A4-C2DA3AF79D51
-6.1532893,-17.389675,2,C24A665A-6B67-FDEA-04A4-C2DA3AF79D51
-61.51055,20.870384,2,C24A665A-6B67-FDEA-04A4-C2DA3AF79D51
-4.542481,-0.69918805,2,C24A665A-6B67-FDEA-04A4-C2DA3AF79D51
-4.700068,-0.96377045,2,C24A665A-6B67-FDEA-04A4-C2DA3AF79D51
-4.4774256,-1.1000745,2,C24A665A-6B67-FDEA-04A4-C2DA3AF79D51
1.9887931,-31.24753,2,C24A665A-6B67-FDEA-04A4-C2DA3AF79D51
-57.217358,9.440541,2,C24A665A-6B67-FDEA-04A4-C2DA3AF79D51
-5.1998053,-19.537159,2,C24A665A-6B67-FDEA-04A4-C2DA3AF79D51
-4.9970818,-19.620592,2,C24A665A-6B67-FDEA-04A4-C2DA3AF79D51
-1.1986455,-20.9956,2,C24A665A-6B67-FDEA-04A4-C2DA3AF79D51
-1.4822893,-20.908224,2,C24A665A-6B67-FDEA-04A4-C2DA3AF79D51
0.987066,-21.011166,2,C24A665A-6B67-FDEA-04A4-C2DA3AF79D51
-78.50443,10.569554,2,C24A665A-6B67-FDEA-04A4-C2DA3AF79D51
-63.209904,20.226357,2,C24A665A-6B67-FDEA-04A4-C2DA3AF79D51
-62.9309,19.998724,2,C24A665A-6B67-FDEA-04A4-C2DA3AF79D51
-62.98549,19.805763,2,C24A665A-6B67-FDEA-04A4-C2DA3AF79D51
-62.461826,20.2715,2,C24A665A-6B67-FDEA-04A4-C2DA3AF79D51
4.678773,-2.782572,2,C24A665A-6B67-FDEA-04A4-C2DA3AF79D51
-23.172283,20.477364,2,C24A665A-6B67-FDEA-04A4-C2DA3AF79D51
62.60891,-2.5940921,0,C24A665A-6B67-FDEA-04A4-C2DA3AF79D51
26.213917,19.805943,0,C24A665A-6B67-FDEA-04A4-C2DA3AF79D51
-2.9733958,52.19301,0,C24A665A-6B67-FDEA-04A4-C2DA3AF79D51
-3.4888868,51.909523,0,C24A665A-6B67-FDEA-04A4-C2DA3AF79D51
-3.7848957,51.64677,0,C24A665A-6B67-FDEA-04A4-C2DA3AF79D51
-19.478626,44.640247,0,C24A665A-6B67-FDEA-04A4-C2DA3AF79D51
-19.595037,44.6398,0,C24A665A-6B67-FDEA-04A4-C2DA3AF79D51
-35.610832,7.7768974,0,C24A665A-6B67-FDEA-04A4-C2DA3AF79D51
-11.374125,-21.808294,0,C24A665A-6B67-FDEA-04A4-C2DA3AF79D51
7.671998,-57.56537,0,C24A665A-6B67-FDEA-04A4-C2DA3AF79D51
17.017437,-59.37119,0,C24A665A-6B67-FDEA-04A4-C2DA3AF79D51
16.937838,-59.43435,0,C24A665A-6B67-FDEA-04A4-C2DA3AF79D51
-22.117935,-17.11854,2,C5DC661F-E2D6-2B65-4765-77C8B81D2488
-21.455906,-16.996225,2,C5DC661F-E2D6-2B65-4765-77C8B81D2488
13.460885,-17.713829,2,C5DC661F-E2D6-2B65-4765-77C8B81D2488
13.040817,-17.29175,2,C5DC661F-E2D6-2B65-4765-77C8B81D2488
13.833637,-17.760159,0,C5DC661F-E2D6-2B65-4765-77C8B81D2488
64.58655,25.256083,0,C5DC661F-E2D6-2B65-4765-77C8B81D2488
-63.205902,4.8482556,2,C5DC661F-E2D6-2B65-4765-77C8B81D2488
-63.457645,4.9230323,2,C5DC661F-E2D6-2B65-4765-77C8B81D2488
-64.039764,5.1640463,2,C5DC661F-E2D6-2B65-4765-77C8B81D2488
6.6157975,25.640284,2,C8BB6C15-19FA-A17A-5945-6202803016D7
6.661299,25.6702,2,C8BB6C15-19FA-A17A-5945-6202803016D7
20.494081,-22.435461,1,C8BB6C15-19FA-A17A-5945-6202803016D7
20.527506,-22.333563,1,C8BB6C15-19FA-A17A-5945-6202803016D7
37.492455,-29.748423,1,C8BB6C15-19FA-A17A-5945-6202803016D7
22.082365,-50.825005,1,C8BB6C15-19FA-A17A-5945-6202803016D7
-28.638721,36.65281,2,C8BB6C15-19FA-A17A-5945-6202803016D7
-28.8406,36.41411,2,C8BB6C15-19FA-A17A-5945-6202803016D7
-28.591148,36.14336,2,C8BB6C15-19FA-A17A-5945-6202803016D7
-28.687876,35.40818,2,C8BB6C15-19FA-A17A-5945-6202803016D7
14.623671,-61.3129,1,C8BB6C15-19FA-A17A-5945-6202803016D7
14.713619,-61.30501,1,C8BB6C15-19FA-A17A-5945-6202803016D7
36.089096,-5.6526833,1,C8BB6C15-19FA-A17A-5945-6202803016D7
-15.777082,-37.879417,1,C8BB6C15-19FA-A17A-5945-6202803016D7
-15.782773,-37.900234,1,C8BB6C15-19FA-A17A-5945-6202803016D7
48.94407,-31.243542,1,C8BB6C15-19FA-A17A-5945-6202803016D7
63.056362,11.701413,2,C8BB6C15-19FA-A17A-5945-6202803016D7
66.15832,18.209229,2,C8BB6C15-19FA-A17A-5945-6202803016D7
66.35251,18.760519,2,C8BB6C15-19FA-A17A-5945-6202803016D7
66.64974,18.97725,2,C8BB6C15-19FA-A17A-5945-6202803016D7
-29.104845,23.444098,2,C8BB6C15-19FA-A17A-5945-6202803016D7
-29.327745,23.056108,1,C8BB6C15-19FA-A17A-5945-6202803016D7
-29.182196,23.127155,1,C8BB6C15-19FA-A17A-5945-6202803016D7
-36.22979,20.913996,2,C8BB6C15-19FA-A17A-5945-6202803016D7
-44.94782,29.32338,0,CCA3ABC5-DCCE-0BBE-5327-E65AE52A195D
-44.633877,29.473305,0,CCA3ABC5-DCCE-0BBE-5327-E65AE52A195D
-44.152058,29.703299,2,CCA3ABC5-DCCE-0BBE-5327-E65AE52A195D
5.76086,52.99919,2,CCA3ABC5-DCCE-0BBE-5327-E65AE52A195D
6.214305,53.223885,2,CCA3ABC5-DCCE-0BBE-5327-E65AE52A195D
6.5720463,53.417404,2,CCA3ABC5-DCCE-0BBE-5327-E65AE52A195D
10.124305,45.509777,2,CCA3ABC5-DCCE-0BBE-5327-E65AE52A195D
-40.644672,-26.702108,2,CCA3ABC5-DCCE-0BBE-5327-E65AE52A195D
-11.390897,23.327782,2,CCA3ABC5-DCCE-0BBE-5327-E65AE52A195D
-39.84954,-27.621069,2,CCA3ABC5-DCCE-0BBE-5327-E65AE52A195D
-39.980125,-27.765432,2,CCA3ABC5-DCCE-0BBE-5327-E65AE52A195D
-40.476593,-28.470737,0,CCA3ABC5-DCCE-0BBE-5327-E65AE52A195D
-40.85819,-29.245626,0,CCA3ABC5-DCCE-0BBE-5327-E65AE52A195D
-6.3518486,-50.87487,2,CCA3ABC5-DCCE-0BBE-5327-E65AE52A195D
-6.658606,-50.415516,2,CCA3ABC5-DCCE-0BBE-5327-E65AE52A195D
24.620428,15.887476,2,CCA3ABC5-DCCE-0BBE-5327-E65AE52A195D
24.621866,15.780558,2,CCA3ABC5-DCCE-0BBE-5327-E65AE52A195D
55.070335,-9.555681,2,CCA3ABC5-DCCE-0BBE-5327-E65AE52A195D
8.281029,-64.30318,1,CCA3ABC5-DCCE-0BBE-5327-E65AE52A195D
18.913755,-46.96321,1,CCA3ABC5-DCCE-0BBE-5327-E65AE52A195D
18.942097,-47.121098,1,CCA3ABC5-DCCE-0BBE-5327-E65AE52A195D
25.882793,-27.469181,1,CCA3ABC5-DCCE-0BBE-5327-E65AE52A195D
26.18456,-27.388979,2,CCA3ABC5-DCCE-0BBE-5327-E65AE52A195D
26.475945,-27.301071,2,CCA3ABC5-DCCE-0BBE-5327-E65AE52A195D
-42.933105,-33.09314,2,CCA3ABC5-DCCE-0BBE-5327-E65AE52A195D
-42.701027,-33.14547,2,CCA3ABC5-DCCE-0BBE-5327-E65AE52A195D
-41.911243,-33.57954,0,CCA3ABC5-DCCE-0BBE-5327-E65AE52A195D
-41.204098,-34.452663,0,CCA3ABC5-DCCE-0BBE-5327-E65AE52A195D
63.43373,-2.6027339,0,CCA3ABC5-DCCE-0BBE-5327-E65AE52A195D
44.075047,-23.047901,0,CCA3ABC5-DCCE-0BBE-5327-E65AE52A195D
16.759472,6.171972,0,CCA3ABC5-DCCE-0BBE-5327-E65AE52A195D
17.15524,4.226171,0,CCA3ABC5-DCCE-0BBE-5327-E65AE52A195D
44.808388,33.452843,0,CCA3ABC5-DCCE-0BBE-5327-E65AE52A195D
-43.578934,21.200975,2,CD5833CD-93D3-318C-371A-18A32DEFC38B
-43.101578,21.142479,2,CD5833CD-93D3-318C-371A-18A32DEFC38B
-41.842506,20.195112,2,CD5833CD-93D3-318C-371A-18A32DEFC38B
-41.684235,20.428104,2,CD5833CD-93D3-318C-371A-18A32DEFC38B
-37.905243,16.54766,2,CD5833CD-93D3-318C-371A-18A32DEFC38B
-59.590473,12.23609,2,CD5833CD-93D3-318C-371A-18A32DEFC38B
-12.83384,10.102453,2,CD5833CD-93D3-318C-371A-18A32DEFC38B
-43.948044,-0.9934994,2,CD5833CD-93D3-318C-371A-18A32DEFC38B
-43.956738,-1.0573184,2,CD5833CD-93D3-318C-371A-18A32DEFC38B
-44.24167,-4.0925465,2,CD5833CD-93D3-318C-371A-18A32DEFC38B
-44.17858,-4.549843,2,CD5833CD-93D3-318C-371A-18A32DEFC38B
-43.866817,-5.0746083,2,CD5833CD-93D3-318C-371A-18A32DEFC38B
-19.6516,-39.00629,0,CD5833CD-93D3-318C-371A-18A32DEFC38B
-19.675457,-39.073635,0,CD5833CD-93D3-318C-371A-18A32DEFC38B
-24.802696,-25.740133,0,CD5833CD-93D3-318C-371A-18A32DEFC38B
28.912674,-24.769495,0,CD5833CD-93D3-318C-371A-18A32DEFC38B
50.577824,-12.433948,0,CD5833CD-93D3-318C-371A-18A32DEFC38B
50.61755,-12.379104,0,CD5833CD-93D3-318C-371A-18A32DEFC38B
-35.92668,-16.251734,2,D0F7ABC0-F552-63CD-CAC6-6703C39B83CA
-7.113338,-53.835266,2,D0F7ABC0-F552-63CD-CAC6-6703C39B83CA
-6.5605006,-54.0082,2,D0F7ABC0-F552-63CD-CAC6-6703C39B83CA
-5.3424106,-12.940362,2,D0F7ABC0-F552-63CD-CAC6-6703C39B83CA
8.583281,-22.44678,2,D0F7ABC0-F552-63CD-CAC6-6703C39B83CA
8.585385,-22.385569,2,D0F7ABC0-F552-63CD-CAC6-6703C39B83CA
-18.76088,15.535679,1,D0F7ABC0-F552-63CD-CAC6-6703C39B83CA
-18.77175,15.446714,2,D0F7ABC0-F552-63CD-CAC6-6703C39B83CA
-35.67218,-12.1503315,2,D0F7ABC0-F552-63CD-CAC6-6703C39B83CA
-35.535374,-12.211854,2,D0F7ABC0-F552-63CD-CAC6-6703C39B83CA
-59.647686,-14.16346,2,D0F7ABC0-F552-63CD-CAC6-6703C39B83CA
-24.120605,-23.475069,2,D0F7ABC0-F552-63CD-CAC6-6703C39B83CA
32.332634,-25.063454,0,D0F7ABC0-F552-63CD-CAC6-6703C39B83CA
32.03197,-25.121794,0,D0F7ABC0-F552-63CD-CAC6-6703C39B83CA
17.451809,-53.47927,0,D0F7ABC0-F552-63CD-CAC6-6703C39B83CA
-12.099609,41.398716,0,D0F7ABC0-F552-63CD-CAC6-6703C39B83CA
-13.653101,23.254177,1,D0F7ABC0-F552-63CD-CAC6-6703C39B83CA
-51.353836,-26.630333,1,D0F7ABC0-F552-63CD-CAC6-6703C39B83CA
-37.816814,-37.801853,1,D0F7ABC0-F552-63CD-CAC6-6703C39B83CA
-51.338512,-26.863262,1,D0F7ABC0-F552-63CD-CAC6-6703C39B83CA
-51.7384,-27.161245,1,D0F7ABC0-F552-63CD-CAC6-6703C39B83CA
9.384275,-17.798445,2,D0F7ABC0-F552-63CD-CAC6-6703C39B83CA
9.719057,-17.00581,2,D0F7ABC0-F552-63CD-CAC6-6703C39B83CA
-47.896908,-9.445034,2,D0F7ABC0-F552-63CD-CAC6-6703C39B83CA
-5.454155,-5.070687,2,D0F7ABC0-F552-63CD-CAC6-6703C39B83CA
-5.883206,-4.6815505,2,D0F7ABC0-F552-63CD-CAC6-6703C39B83CA
-6.1325383,-4.0632887,2,D0F7ABC0-F552-63CD-CAC6-6703C39B83CA
-18.350607,-39.131966,2,D0F7ABC0-F552-63CD-CAC6-6703C39B83CA
-1.9596776,-54.519344,2,D0F7ABC0-F552-63CD-CAC6-6703C39B83CA
-1.9550726,-54.577568,2,D0F7ABC0-F552-63CD-CAC6-6703C39B83CA
-5.575128,18.829138,0,D51A5648-0039-8CB1-45CB-C51E5ABA8BCC
-24.82028,0.8348939,1,D51A5648-0039-8CB1-45CB-C51E5ABA8BCC
-31.878498,-45.65324,1,D51A5648-0039-8CB1-45CB-C51E5ABA8BCC
-25.524479,1.8280277,1,D51A5648-0039-8CB1-45CB-C51E5ABA8BCC
-25.707869,2.6078022,1,D51A5648-0039-8CB1-45CB-C51E5ABA8BCC
-77.1396,4.538633,2,D51A5648-0039-8CB1-45CB-C51E5ABA8BCC
-4.376086,24.50626,0,D51A5648-0039-8CB1-45CB-C51E5ABA8BCC
-4.2594075,24.709862,0,D51A5648-0039-8CB1-45CB-C51E5ABA8BCC
21.949297,36.74642,2,D51A5648-0039-8CB1-45CB-C51E5ABA8BCC
21.957567,36.77158,2,D51A5648-0039-8CB1-45CB-C51E5ABA8BCC
40.105904,-29.500687,2,D51A5648-0039-8CB1-45CB-C51E5ABA8BCC
39.420845,-29.797998,2,D51A5648-0039-8CB1-45CB-C51E5ABA8BCC
39.536266,-29.920609,0,D51A5648-0039-8CB1-45CB-C51E5ABA8BCC
39.9016,-30.755142,0,D51A5648-0039-8CB1-45CB-C51E5ABA8BCC
52.726414,12.344823,0,D51A5648-0039-8CB1-45CB-C51E5ABA8BCC
52.66301,12.83424,0,D51A5648-0039-8CB1-45CB-C51E5ABA8BCC
58.133408,30.738161,0,D51A5648-0039-8CB1-45CB-C51E5ABA8BCC
58.198853,31.04874,0,D51A5648-0039-8CB1-45CB-C51E5ABA8BCC
6.733449,-55.133602,1,D51A5648-0039-8CB1-45CB-C51E5ABA8BCC
9.699087,-33.777534,1,D51A5648-0039-8CB1-45CB-C51E5ABA8BCC
53.193043,-16.723705,2,D51A5648-0039-8CB1-45CB-C51E5ABA8BCC
6.790638,-14.093533,2,D51A5648-0039-8CB1-45CB-C51E5ABA8BCC
6.190915,-14.021152,2,D51A5648-0039-8CB1-45CB-C51E5ABA8BCC
5.4847555,-13.927818,2,D51A5648-0039-8CB1-45CB-C51E5ABA8BCC
44.9461,23.563082,2,D6D11A63-A131-4E74-041D-6E3BD8EFF8FF
7.6690755,41.505825,2,D6D11A63-A131-4E74-041D-6E3BD8EFF8FF
-12.584401,46.253418,2,D6D11A63-A131-4E74-041D-6E3BD8EFF8FF
3.2871897,37.86849,1,D6D11A63-A131-4E74-041D-6E3BD8EFF8FF
3.6042206,37.767933,1,D6D11A63-A131-4E74-041D-6E3BD8EFF8FF
2.2887053,36.585938,1,D6D11A63-A131-4E74-041D-6E3BD8EFF8FF
-35.19622,-22.301765,1,D6D11A63-A131-4E74-041D-6E3BD8EFF8FF
-34.5334,-22.496115,0,D6D11A63-A131-4E74-041D-6E3BD8EFF8FF
-33.76552,-23.299503,0,D6D11A63-A131-4E74-041D-6E3BD8EFF8FF
-33.580097,-23.317469,0,D6D11A63-A131-4E74-041D-6E3BD8EFF8FF
-32.639984,-23.694864,0,D6D11A63-A131-4E74-041D-6E3BD8EFF8FF
-32.75786,-23.94388,0,D6D11A63-A131-4E74-041D-6E3BD8EFF8FF
51.307384,38.72093,0,D6D11A63-A131-4E74-041D-6E3BD8EFF8FF
51.072433,38.996998,0,D6D11A63-A131-4E74-041D-6E3BD8EFF8FF
50.69124,38.96765,0,D6D11A63-A131-4E74-041D-6E3BD8EFF8FF
22.81142,47.455456,0,D6D11A63-A131-4E74-041D-6E3BD8EFF8FF
25.235332,-19.513021,0,D6D11A63-A131-4E74-041D-6E3BD8EFF8FF
36.340057,-11.293912,0,D6D11A63-A131-4E74-041D-6E3BD8EFF8FF
13.461669,17.62599,2,D8D27F81-4F83-E10A-448A-735447867552
13.220483,17.865814,2,D8D27F81-4F83-E10A-448A-735447867552
11.315855,19.740234,2,D8D27F81-4F83-E10A-448A-735447867552
11.17055,20.16701,0,D8D27F81-4F83-E10A-448A-735447867552
11.104619,20.429298,0,D8D27F81-4F83-E10A-448A-735447867552
11.905643,18.949608,0,D8D27F81-4F83-E10A-448A-735447867552
-20.736948,-33.728584,1,D8D27F81-4F83-E10A-448A-735447867552
-20.29027,-33.193054,1,D8D27F81-4F83-E10A-448A-735447867552
-19.70367,-32.874863,1,D8D27F81-4F83-E10A-448A-735447867552
-19.603039,-33.074142,1,D8D27F81-4F83-E10A-448A-735447867552
30.197422,-10.2589245,1,D8D27F81-4F83-E10A-448A-735447867552
2.0712657,-40.621273,1,D8D27F81-4F83-E10A-448A-735447867552
2.1699774,-40.80173,1,D8D27F81-4F83-E10A-448A-735447867552
-5.660437,-28.922249,1,D8D27F81-4F83-E10A-448A-735447867552
-60.94233,-17.12256,1,D8D27F81-4F83-E10A-448A-735447867552
-60.877758,-17.37024,1,D8D27F81-4F83-E10A-448A-735447867552
-61.233067,-18.385445,1,D8D27F81-4F83-E10A-448A-735447867552
6.9088326,-52.896946,1,D8D27F81-4F83-E10A-448A-735447867552
-31.46641,21.779009,2,DA2856BC-D181-9AF0-DC9A-99A9444D5579
-42.544353,32.516365,2,DA2856BC-D181-9AF0-DC9A-99A9444D5579
-42.4992,32.572582,0,DA2856BC-D181-9AF0-DC9A-99A9444D5579
-41.858257,32.66158,0,DA2856BC-D181-9AF0-DC9A-99A9444D5579
-31.445696,38.422287,0,DA2856BC-D181-9AF0-DC9A-99A9444D5579
-31.393307,38.466885,2,DA2856BC-D181-9AF0-DC9A-99A9444D5579
-10.057346,24.49797,2,DA2856BC-D181-9AF0-DC9A-99A9444D5579
-8.319501,24.408236,2,DA2856BC-D181-9AF0-DC9A-99A9444D5579
-8.229267,24.315142,2,DA2856BC-D181-9AF0-DC9A-99A9444D5579
23.037313,-37.610596,2,DA2856BC-D181-9AF0-DC9A-99A9444D5579
30.356716,-44.768696,0,DA2856BC-D181-9AF0-DC9A-99A9444D5579
30.366877,-44.490448,0,DA2856BC-D181-9AF0-DC9A-99A9444D5579
-38.737198,24.099422,2,DA2856BC-D181-9AF0-DC9A-99A9444D5579
-38.634888,24.141436,0,DA2856BC-D181-9AF0-DC9A-99A9444D5579
-14.856069,44.343754,0,DA2856BC-D181-9AF0-DC9A-99A9444D5579
0.33469716,31.38028,0,DA2856BC-D181-9AF0-DC9A-99A9444D5579
0.34934235,31.355139,0,DA2856BC-D181-9AF0-DC9A-99A9444D5579
0.9871329,31.009602,0,DA2856BC-D181-9AF0-DC9A-99A9444D5579
3.567015,-24.85889,2,DA2856BC-D181-9AF0-DC9A-99A9444D5579
10.367511,11.143499,2,DA2856BC-D181-9AF0-DC9A-99A9444D5579
3.4765797,28.787977,0,DA2856BC-D181-9AF0-DC9A-99A9444D5579
3.8601627,28.663862,0,DA2856BC-D181-9AF0-DC9A-99A9444D5579
4.6210155,28.462437,0,DA2856BC-D181-9AF0-DC9A-99A9444D5579
5.206466,28.307444,2,DA2856BC-D181-9AF0-DC9A-99A9444D5579
-42.341415,23.495321,2,DBA0C8C4-AE05-772F-2E53-E6167F8ACB77
-19.182924,4.343643,2,DBA0C8C4-AE05-772F-2E53-E6167F8ACB77
9.045737,52.690987,2,DBA0C8C4-AE05-772F-2E53-E6167F8ACB77
58.440998,41.820175,2,DBA0C8C4-AE05-772F-2E53-E6167F8ACB77
58.27674,41.851948,2,DBA0C8C4-AE05-772F-2E53-E6167F8ACB77
58.239357,41.596786,2,DBA0C8C4-AE05-772F-2E53-E6167F8ACB77
32.564285,-29.645685,0,DBA0C8C4-AE05-772F-2E53-E6167F8ACB77
30.391115,-29.394173,2,DBA0C8C4-AE05-772F-2E53-E6167F8ACB77
30.84851,-29.351833,2,DBA0C8C4-AE05-772F-2E53-E6167F8ACB77
31.073166,-29.384277,2,DBA0C8C4-AE05-772F-2E53-E6167F8ACB77
57.96196,16.066607,0,DBA0C8C4-AE05-772F-2E53-E6167F8ACB77
66.279755,31.21586,0,DBA0C8C4-AE05-772F-2E53-E6167F8ACB77
24.98817,-21.32973,0,DC0BE0E2-B41E-3D73-47C5-5733952512CB
24.880573,-20.759851,0,DC0BE0E2-B41E-3D73-47C5-5733952512CB
23.452803,-23.089544,0,DC0BE0E2-B41E-3D73-47C5-5733952512CB
23.292374,-22.929953,0,DC0BE0E2-B41E-3D73-47C5-5733952512CB
24.480322,-23.771358,0,DC0BE0E2-B41E-3D73-47C5-5733952512CB
24.690529,-23.258482,0,DC0BE0E2-B41E-3D73-47C5-5733952512CB
-41.74045,6.9830804,0,DC0BE0E2-B41E-3D73-47C5-5733952512CB
-41.748817,6.790558,0,DC0BE0E2-B41E-3D73-47C5-5733952512CB
-44.41972,5.8046265,2,DC0BE0E2-B41E-3D73-47C5-5733952512CB
-44.21923,5.5086365,2,DC0BE0E2-B41E-3D73-47C5-5733952512CB
-43.985264,5.1281815,2,DC0BE0E2-B41E-3D73-47C5-5733952512CB
-44.623756,4.4253035,2,DC0BE0E2-B41E-3D73-47C5-5733952512CB
-5.3501463,-15.177753,2,DC0BE0E2-B41E-3D73-47C5-5733952512CB
23.790796,-26.385332,0,DC0BE0E2-B41E-3D73-47C5-5733952512CB
62.221256,-5.059903,0,DC0BE0E2-B41E-3D73-47C5-5733952512CB
62.304993,-4.8919563,0,DC0BE0E2-B41E-3D73-47C5-5733952512CB
-0.6833696,26.548492,0,DC0BE0E2-B41E-3D73-47C5-5733952512CB
-58.97995,1.7315366,0,DC0BE0E2-B41E-3D73-47C5-5733952512CB
4.6506824,39.351868,2,DC0BE0E2-B41E-3D73-47C5-5733952512CB
22.61967,-21.69156,2,DC0BE0E2-B41E-3D73-47C5-5733952512CB
25.521328,-40.571976,2,DC0BE0E2-B41E-3D73-47C5-5733952512CB
26.007736,-39.87129,2,DC0BE0E2-B41E-3D73-47C5-5733952512CB
26.32068,-39.474068,0,DC0BE0E2-B41E-3D73-47C5-5733952512CB
44.25714,-9.778896,0,DC0BE0E2-B41E-3D73-47C5-5733952512CB
11.341155,-20.61504,0,DC0BE0E2-B41E-3D73-47C5-5733952512CB
42.546005,-10.369795,2,DC0BE0E2-B41E-3D73-47C5-5733952512CB
42.600075,-10.37584,2,DC0BE0E2-B41E-3D73-47C5-5733952512CB
43.2831,-10.382458,2,DC0BE0E2-B41E-3D73-47C5-5733952512CB
26.853338,25.599138,2,DC0BE0E2-B41E-3D73-47C5-5733952512CB
13.730078,2.026246,0,DC0BE0E2-B41E-3D73-47C5-5733952512CB
52.706097,23.383766,0,DC0BE0E2-B41E-3D73-47C5-5733952512CB
-49.704437,-20.414991,0,DC0BE0E2-B41E-3D73-47C5-5733952512CB
-49.71308,-20.416645,0,DC0BE0E2-B41E-3D73-47C5-5733952512CB
-67.99178,-6.627132,0,DC0BE0E2-B41E-3D73-47C5-5733952512CB
-67.39284,-6.627867,2,DC0BE0E2-B41E-3D73-47C5-5733952512CB
-67.175064,-6.6544085,2,DC0BE0E2-B41E-3D73-47C5-5733952512CB
-4.2526336,-33.197083,1,DCB45A10-FAF5-53E0-AB53-2D42AC9BB090
-4.194505,-33.163525,1,DCB45A10-FAF5-53E0-AB53-2D42AC9BB090
61.276047,38.642513,0,DCB45A10-FAF5-53E0-AB53-2D42AC9BB090
61.071045,38.570778,0,DCB45A10-FAF5-53E0-AB53-2D42AC9BB090
60.599533,38.71281,0,DCB45A10-FAF5-53E0-AB53-2D42AC9BB090
68.01041,21.159086,0,DCB45A10-FAF5-53E0-AB53-2D42AC9BB090
55.13945,32.992184,0,DCB45A10-FAF5-53E0-AB53-2D42AC9BB090
54.995846,33.123634,0,DCB45A10-FAF5-53E0-AB53-2D42AC9BB090
25.801754,-8.742828,1,DCB45A10-FAF5-53E0-AB53-2D42AC9BB090
63.95071,-0.85784274,1,DCB45A10-FAF5-53E0-AB53-2D42AC9BB090
64.02137,-0.6327996,1,DCB45A10-FAF5-53E0-AB53-2D42AC9BB090
47.873447,-30.161137,1,DCB45A10-FAF5-53E0-AB53-2D42AC9BB090
44.53935,17.187714,1,DCB45A10-FAF5-53E0-AB53-2D42AC9BB090
44.285583,17.219606,1,DCB45A10-FAF5-53E0-AB53-2D42AC9BB090
64.86583,27.759676,1,DCB45A10-FAF5-53E0-AB53-2D42AC9BB090
16.477636,-33.395344,1,DCB45A10-FAF5-53E0-AB53-2D42AC9BB090
12.562761,-58.479454,1,DCB45A10-FAF5-53E0-AB53-2D42AC9BB090
12.992168,-58.080086,1,DCB45A10-FAF5-53E0-AB53-2D42AC9BB090
-64.19339,-2.5445077,2,DD956DE9-DEFB-C0C6-82B4-C639A17D6782
-59.268623,6.5450726,2,DD956DE9-DEFB-C0C6-82B4-C639A17D6782
-59.676563,6.1238213,2,DD956DE9-DEFB-C0C6-82B4-C639A17D6782
-59.907433,6.207481,2,DD956DE9-DEFB-C0C6-82B4-C639A17D6782
-73.86446,4.946433,2,DD956DE9-DEFB-C0C6-82B4-C639A17D6782
-73.79483,4.7869515,2,DD956DE9-DEFB-C0C6-82B4-C639A17D6782
4.437644,-53.966866,0,DD956DE9-DEFB-C0C6-82B4-C639A17D6782
4.504725,-54.026356,0,DD956DE9-DEFB-C0C6-82B4-C639A17D6782
-25.447083,6.800316,0,DD956DE9-DEFB-C0C6-82B4-C639A17D6782
4.9606085,-9.045217,0,DD956DE9-DEFB-C0C6-82B4-C639A17D6782
-44.988983,12.2967415,0,DD956DE9-DEFB-C0C6-82B4-C639A17D6782
-45.111416,12.3376665,2,DD956DE9-DEFB-C0C6-82B4-C639A17D6782
18.57656,49.972385,0,DD956DE9-DEFB-C0C6-82B4-C639A17D6782
18.61667,49.897533,2,DD956DE9-DEFB-C0C6-82B4-C639A17D6782
-9.718277,44.301037,2,DD956DE9-DEFB-C0C6-82B4-C639A17D6782
-25.160662,38.68187,2,DD956DE9-DEFB-C0C6-82B4-C639A17D6782
-47.66984,22.324736,2,DD956DE9-DEFB-C0C6-82B4-C639A17D6782
-41.377853,-2.5714076,2,DD956DE9-DEFB-C0C6-82B4-C639A17D6782
-54.567142,8.269931,0,DD956DE9-DEFB-C0C6-82B4-C639A17D6782
-55.045246,7.901734,0,DD956DE9-DEFB-C0C6-82B4-C639A17D6782
-55.09802,7.79648,0,DD956DE9-DEFB-C0C6-82B4-C639A17D6782
23.953554,33.780163,0,DD956DE9-DEFB-C0C6-82B4-C639A17D6782
24.078354,33.769276,0,DD956DE9-DEFB-C0C6-82B4-C639A17D6782
51.28918,8.462041,0,DD956DE9-DEFB-C0C6-82B4-C639A17D6782
46.35203,8.298819,0,DD956DE9-DEFB-C0C6-82B4-C639A17D6782
19.526964,12.334722,0,DD956DE9-DEFB-C0C6-82B4-C639A17D6782
10.389007,26.899847,0,DD956DE9-DEFB-C0C6-82B4-C639A17D6782
10.325772,27.132755,0,DD956DE9-DEFB-C0C6-82B4-C639A17D6782
-1.0633749,51.368595,2,DD956DE9-DEFB-C0C6-82B4-C639A17D6782
-15.955097,32.07107,2,DD956DE9-DEFB-C0C6-82B4-C639A17D6782
-51.372223,14.591041,2,DE775A65-68D5-C477-E2F7-BCC1AEF0B850
-9.136131,34.12874,2,DE775A65-68D5-C477-E2F7-BCC1AEF0B850
-3.4896045,19.982363,2,DE775A65-68D5-C477-E2F7-BCC1AEF0B850
-3.7499292,19.157648,2,DE775A65-68D5-C477-E2F7-BCC1AEF0B850
-3.0666285,17.945023,2,DE775A65-68D5-C477-E2F7-BCC1AEF0B850
-3.295691,18.096899,2,DE775A65-68D5-C477-E2F7-BCC1AEF0B850
-16.747099,7.525727,2,DE775A65-68D5-C477-E2F7-BCC1AEF0B850
7.6838756,30.462982,2,DE775A65-68D5-C477-E2F7-BCC1AEF0B850
-7.450908,39.5532,0,DE775A65-68D5-C477-E2F7-BCC1AEF0B850
-7.7278013,39.69492,0,DE775A65-68D5-C477-E2F7-BCC1AEF0B850
-13.964642,17.306816,0,DE775A65-68D5-C477-E2F7-BCC1AEF0B850
-14.001533,17.223366,2,DE775A65-68D5-C477-E2F7-BCC1AEF0B850
49.809578,22.01363,1,DE775A65-68D5-C477-E2F7-BCC1AEF0B850
49.63644,22.023035,1,DE775A65-68D5-C477-E2F7-BCC1AEF0B850
48.571102,22.243881,1,DE775A65-68D5-C477-E2F7-BCC1AEF0B850
31.88925,-6.152026,2,DE775A65-68D5-C477-E2F7-BCC1AEF0B850
-8.945674,-30.567348,2,DE775A65-68D5-C477-E2F7-BCC1AEF0B850
39.59331,-15.510135,2,DE775A65-68D5-C477-E2F7-BCC1AEF0B850
64.79223,29.963942,0,DE775A65-68D5-C477-E2F7-BCC1AEF0B850
65.216225,29.997643,0,DE775A65-68D5-C477-E2F7-BCC1AEF0B850
65.480865,29.89893,0,DE775A65-68D5-C477-E2F7-BCC1AEF0B850
65.4865,29.257803,0,DE775A65-68D5-C477-E2F7-BCC1AEF0B850
17.395859,-31.931143,0,DE775A65-68D5-C477-E2F7-BCC1AEF0B850
17.481936,-31.757673,1,DE775A65-68D5-C477-E2F7-BCC1AEF0B850
66.64449,6.250758,2,DE775A65-68D5-C477-E2F7-BCC1AEF0B850
66.03256,5.5148473,2,DE775A65-68D5-C477-E2F7-BCC1AEF0B850
43.606976,-28.080349,1,DE775A65-68D5-C477-E2F7-BCC1AEF0B850
43.921185,-28.434275,1,DE775A65-68D5-C477-E2F7-BCC1AEF0B850
46.064716,-30.114008,1,DE775A65-68D5-C477-E2F7-BCC1AEF0B850
65.6178,14.622897,0,DE775A65-68D5-C477-E2F7-BCC1AEF0B850
-69.082146,3.4584036,2,DF62EF03-DA30-E70A-CA31-03A029C9610A
-68.88642,3.3000736,2,DF62EF03-DA30-E70A-CA31-03A029C9610A
-54.616154,-0.86881405,2,DF62EF03-DA30-E70A-CA31-03A029C9610A
-54.697174,-0.41375458,2,DF62EF03-DA30-E70A-CA31-03A029C9610A
-67.237755,-3.4239645,2,DF62EF03-DA30-E70A-CA31-03A029C9610A
-67.30759,-3.4003527,2,DF62EF03-DA30-E70A-CA31-03A029C9610A
39.197975,-39.84681,2,DF62EF03-DA30-E70A-CA31-03A029C9610A
29.324352,19.007566,2,DF62EF03-DA30-E70A-CA31-03A029C9610A
29.299217,19.123417,2,DF62EF03-DA30-E70A-CA31-03A029C9610A
32.960316,-3.768504,2,DF62EF03-DA30-E70A-CA31-03A029C9610A
32.586273,-4.0186048,0,DF62EF03-DA30-E70A-CA31-03A029C9610A
32.138958,-4.0898685,0,DF62EF03-DA30-E70A-CA31-03A029C9610A
16.224472,-62.81306,1,DF62EF03-DA30-E70A-CA31-03A029C9610A
42.47865,-31.656229,0,DF62EF03-DA30-E70A-CA31-03A029C9610A
16.023745,-27.58161,0,DF62EF03-DA30-E70A-CA31-03A029C9610A
16.036703,-27.570082,0,DF62EF03-DA30-E70A-CA31-03A029C9610A
5.4060044,-26.199877,0,DF62EF03-DA30-E70A-CA31-03A029C9610A
21.82146,-61.687515,0,DF62EF03-DA30-E70A-CA31-03A029C9610A
-36.97092,-28.716373,2,E3489F9E-39E2-47B9-24EF-BAACE1438D00
-29.633974,-45.524727,2,E3489F9E-39E2-47B9-24EF-BAACE1438D00
-6.1321754,-47.304432,2,E3489F9E-39E2-47B9-24EF-BAACE1438D00
-41.201218,-30.944206,2,E3489F9E-39E2-47B9-24EF-BAACE1438D00
-27.787767,-44.921295,0,E3489F9E-39E2-47B9-24EF-BAACE1438D00
7.122585,-63.72851,1,E3489F9E-39E2-47B9-24EF-BAACE1438D00
4.6166887,11.829727,2,E3489F9E-39E2-47B9-24EF-BAACE1438D00
-28.953213,16.611425,2,E3489F9E-39E2-47B9-24EF-BAACE1438D00
-31.878256,-5.36169,0,E3489F9E-39E2-47B9-24EF-BAACE1438D00
-19.739454,-11.535357,0,E3489F9E-39E2-47B9-24EF-BAACE1438D00
-19.678535,-11.518459,0,E3489F9E-39E2-47B9-24EF-BAACE1438D00
14.07188,22.709358,0,E3489F9E-39E2-47B9-24EF-BAACE1438D00
32.71103,-41.147053,0,E3489F9E-39E2-47B9-24EF-BAACE1438D00
32.57835,-41.21959,2,E3489F9E-39E2-47B9-24EF-BAACE1438D00
31.96277,-40.83771,2,E3489F9E-39E2-47B9-24EF-BAACE1438D00
50.093388,-31.441608,0,E3489F9E-39E2-47B9-24EF-BAACE1438D00
-9.133889,12.983223,0,E3489F9E-39E2-47B9-24EF-BAACE1438D00
15.952735,45.859924,0,E3489F9E-39E2-47B9-24EF-BAACE1438D00
-46.542053,-7.640979,2,E49C1269-8AB7-8C8F-FC88-AA92C2F1E260
1.7434853,0.60561126,2,E49C1269-8AB7-8C8F-FC88-AA92C2F1E260
1.1261743,0.23903382,2,E49C1269-8AB7-8C8F-FC88-AA92C2F1E260
-16.43792,-21.034088,2,E49C1269-8AB7-8C8F-FC88-AA92C2F1E260
-16.47478,-21.089823,2,E49C1269-8AB7-8C8F-FC88-AA92C2F1E260
-41.882126,-9.132866,1,E49C1269-8AB7-8C8F-FC88-AA92C2F1E260
-42.17171,-8.6499605,1,E49C1269-8AB7-8C8F-FC88-AA92C2F1E260
-42.525124,-7.5094914,1,E49C1269-8AB7-8C8F-FC88-AA92C2F1E260
-42.67265,-7.143163,1,E49C1269-8AB7-8C8F-FC88-AA92C2F1E260
-33.405865,-20.719976,1,E49C1269-8AB7-8C8F-FC88-AA92C2F1E260
-58.53284,-2.79807,1,E49C1269-8AB7-8C8F-FC88-AA92C2F1E260
-58.49978,-2.7894583,1,E49C1269-8AB7-8C8F-FC88-AA92C2F1E260
61.175453,32.83047,0,E49C1269-8AB7-8C8F-FC88-AA92C2F1E260
46.217594,24.301695,0,E49C1269-8AB7-8C8F-FC88-AA92C2F1E260
39.81884,14.178512,0,E49C1269-8AB7-8C8F-FC88-AA92C2F1E260
14.04796,-8.867899,0,E49C1269-8AB7-8C8F-FC88-AA92C2F1E260
21.3801,-29.475174,0,E49C1269-8AB7-8C8F-FC88-AA92C2F1E260
21.513313,-30.130053,1,E49C1269-8AB7-8C8F-FC88-AA92C2F1E260
8.541241,-28.221716,1,E49C1269-8AB7-8C8F-FC88-AA92C2F1E260
8.073968,-27.632643,1,E49C1269-8AB7-8C8F-FC88-AA92C2F1E260
-12.148992,-36.111984,1,E49C1269-8AB7-8C8F-FC88-AA92C2F1E260
-10.923195,-44.140995,1,E49C1269-8AB7-8C8F-FC88-AA92C2F1E260
1.4113379,35.38652,1,E49C1269-8AB7-8C8F-FC88-AA92C2F1E260
10.170904,38.131275,2,E49C1269-8AB7-8C8F-FC88-AA92C2F1E260
-44.84184,-28.184807,2,E49C1269-8AB7-8C8F-FC88-AA92C2F1E260
-44.78378,-28.437805,1,E49C1269-8AB7-8C8F-FC88-AA92C2F1E260
-44.63322,-28.521523,1,E49C1269-8AB7-8C8F-FC88-AA92C2F1E260
-28.243517,-44.393494,1,E49C1269-8AB7-8C8F-FC88-AA92C2F1E260
-9.868274,-47.150253,1,E49C1269-8AB7-8C8F-FC88-AA92C2F1E260
-9.6206255,-47.18515,1,E49C1269-8AB7-8C8F-FC88-AA92C2F1E260
18.945639,-20.174603,2,E5CCE6B3-2C6E-BE96-602F-3852C8614777
19.329117,-20.099064,2,E5CCE6B3-2C6E-BE96-602F-3852C8614777
27.712551,2.6573236,0,E5CCE6B3-2C6E-BE96-602F-3852C8614777
27.162323,8.491737,0,E5CCE6B3-2C6E-BE96-602F-3852C8614777
31.440205,29.502125,2,E5CCE6B3-2C6E-BE96-602F-3852C8614777
31.080378,29.365288,2,E5CCE6B3-2C6E-BE96-602F-3852C8614777
-37.497276,5.2603855,2,E5CCE6B3-2C6E-BE96-602F-3852C8614777
-37.689617,5.087379,0,E5CCE6B3-2C6E-BE96-602F-3852C8614777
-12.661257,-4.54992,0,E5CCE6B3-2C6E-BE96-602F-3852C8614777
-12.238385,-5.0743785,0,E5CCE6B3-2C6E-BE96-602F-3852C8614777
-7.415891,-10.740337,0,E5CCE6B3-2C6E-BE96-602F-3852C8614777
-7.0720706,-11.384864,0,E5CCE6B3-2C6E-BE96-602F-3852C8614777
-61.655777,8.737206,2,E5CCE6B3-2C6E-BE96-602F-3852C8614777
-17.67725,39.73362,2,E5CCE6B3-2C6E-BE96-602F-3852C8614777
13.006048,48.445267,2,E5CCE6B3-2C6E-BE96-602F-3852C8614777
13.286687,48.168167,2,E5CCE6B3-2C6E-BE96-602F-3852C8614777
-25.680193,32.06154,2,E5CCE6B3-2C6E-BE96-602F-3852C8614777
-25.69532,32.015182,2,E5CCE6B3-2C6E-BE96-602F-3852C8614777
54.830845,13.88722,2,E5F96AC5-AE7E-C4E8-8288-FB2674F43704
54.954445,13.86574,2,E5F96AC5-AE7E-C4E8-8288-FB2674F43704
32.431927,21.211287,2,E5F96AC5-AE7E-C4E8-8288-FB2674F43704
60.8428,2.2370112,2,E5F96AC5-AE7E-C4E8-8288-FB2674F43704
60.919388,1.9508046,2,E5F96AC5-AE7E-C4E8-8288-FB2674F43704
60.92402,1.9485255,0,E5F96AC5-AE7E-C4E8-8288-FB2674F43704
-78.581375,16.660763,2,E5F96AC5-AE7E-C4E8-8288-FB2674F43704
-78.948105,16.47535,2,E5F96AC5-AE7E-C4E8-8288-FB2674F43704
-79.227585,16.323914,2,E5F96AC5-AE7E-C4E8-8288-FB2674F43704
-4.3962693,2.1709654,2,E5F96AC5-AE7E-C4E8-8288-FB2674F43704
-2.7801652,1.5436705,2,E5F96AC5-AE7E-C4E8-8288-FB2674F43704
-2.8600948,1.5509799,2,E5F96AC5-AE7E-C4E8-8288-FB2674F43704
-6.5671024,-14.785358,1,E5F96AC5-AE7E-C4E8-8288-FB2674F43704
-7.3361926,-13.928554,1,E5F96AC5-AE7E-C4E8-8288-FB2674F43704
-7.292005,-13.731248,1,E5F96AC5-AE7E-C4E8-8288-FB2674F43704
-7.6009183,-13.253261,1,E5F96AC5-AE7E-C4E8-8288-FB2674F43704
-35.8318,18.208624,1,E5F96AC5-AE7E-C4E8-8288-FB2674F43704
-35.891354,18.230543,2,E5F96AC5-AE7E-C4E8-8288-FB2674F43704
46.65403,34.988308,0,E5F96AC5-AE7E-C4E8-8288-FB2674F43704
69.70268,11.443499,0,E5F96AC5-AE7E-C4E8-8288-FB2674F43704
69.83985,11.922559,0,E5F96AC5-AE7E-C4E8-8288-FB2674F43704
69.75958,11.432178,2,E5F96AC5-AE7E-C4E8-8288-FB2674F43704
70.24965,10.936871,2,E5F96AC5-AE7E-C4E8-8288-FB2674F43704
44.668465,-32.07081,2,E5F96AC5-AE7E-C4E8-8288-FB2674F43704
-18.478064,30.81783,2,EA788550-E907-E4AC-EAE4-82CC26723E3B
19.341805,28.90462,2,EA788550-E907-E4AC-EAE4-82CC26723E3B
19.762602,29.226892,2,EA788550-E907-E4AC-EAE4-82CC26723E3B
20.000658,29.446617,2,EA788550-E907-E4AC-EAE4-82CC26723E3B
34.398434,-16.996336,2,EA788550-E907-E4AC-EAE4-82CC26723E3B
-48.57287,14.648854,2,EA788550-E907-E4AC-EAE4-82CC26723E3B
-9.343217,15.365326,2,EA788550-E907-E4AC-EAE4-82CC26723E3B
-9.908393,14.464375,2,EA788550-E907-E4AC-EAE4-82CC26723E3B
-9.914179,14.541591,2,EA788550-E907-E4AC-EAE4-82CC26723E3B
-10.750398,14.561801,2,EA788550-E907-E4AC-EAE4-82CC26723E3B
56.90921,18.418907,2,EA788550-E907-E4AC-EAE4-82CC26723E3B
-46.628395,-8.299302,2,EA788550-E907-E4AC-EAE4-82CC26723E3B
48.42074,-10.855381,2,EA788550-E907-E4AC-EAE4-82CC26723E3B
48.45441,-10.804157,2,EA788550-E907-E4AC-EAE4-82CC26723E3B
20.80788,-4.280841,2,EA788550-E907-E4AC-EAE4-82CC26723E3B
32.42878,-38.870327,2,EA788550-E907-E4AC-EAE4-82CC26723E3B
43.163864,-31.081339,2,EA788550-E907-E4AC-EAE4-82CC26723E3B
17.31183,-40.657986,2,EA788550-E907-E4AC-EAE4-82CC26723E3B
-5.6055784,48.21646,0,EC6E2525-212C-1C3A-0B73-74D1B45748E1
13.214731,52.77989,0,EC6E2525-212C-1C3A-0B73-74D1B45748E1
14.14109,52.454113,0,EC6E2525-212C-1C3A-0B73-74D1B45748E1
14.305304,52.028854,0,EC6E2525-212C-1C3A-0B73-74D1B45748E1
14.279947,51.21624,0,EC6E2525-212C-1C3A-0B73-74D1B45748E1
13.876712,50.5394,0,EC6E2525-212C-1C3A-0B73-74D1B45748E1
-60.96468,-4.868085,2,EC6E2525-212C-1C3A-0B73-74D1B45748E1
-60.780964,-4.7140203,2,EC6E2525-212C-1C3A-0B73-74D1B45748E1
-60.612267,-4.85217,2,EC6E2525-212C-1C3A-0B73-74D1B45748E1
13.702326,23.801577,2,EC6E2525-212C-1C3A-0B73-74D1B45748E1
-8.194965,4.9198937,2,EC6E2525-212C-1C3A-0B73-74D1B45748E1
-52.939186,4.3777537,2,EC6E2525-212C-1C3A-0B73-74D1B45748E1
30.909683,32.837433,0,EC6E2525-212C-1C3A-0B73-74D1B45748E1
43.698643,2.006657,0,EC6E2525-212C-1C3A-0B73-74D1B45748E1
44.212486,1.6892474,0,EC6E2525-212C-1C3A-0B73-74D1B45748E1
44.28154,0.96312374,0,EC6E2525-212C-1C3A-0B73-74D1B45748E1
44.50993,1.184063,0,EC6E2525-212C-1C3A-0B73-74D1B45748E1
45.393234,1.9928666,0,EC6E2525-212C-1C3A-0B73-74D1B45748E1
-4.2574105,-57.58147,0,EC6E2525-212C-1C3A-0B73-74D1B45748E1
-4.490562,-57.551018,0,EC6E2525-212C-1C3A-0B73-74D1B45748E1
-4.1980414,-57.15578,0,EC6E2525-212C-1C3A-0B73-74D1B45748E1
7.9270573,-62.550556,0,EC6E2525-212C-1C3A-0B73-74D1B45748E1
7.9656034,-61.74849,0,EC6E2525-212C-1C3A-0B73-74D1B45748E1
8.63465,-61.274902,0,EC6E2525-212C-1C3A-0B73-74D1B45748E1
-22.373514,1.1320835,2,EE62AFCD-B47D-E676-0257-21F92CB612D8
-11.041119,-30.024021,2,EE62AFCD-B47D-E676-0257-21F92CB612D8
-41.475315,-14.832322,2,EE62AFCD-B47D-E676-0257-21F92CB612D8
-40.885426,-15.416399,2,EE62AFCD-B47D-E676-0257-21F92CB612D8
-40.915493,-15.166768,2,EE62AFCD-B47D-E676-0257-21F92CB612D8
-65.20517,-1.2696407,2,EE62AFCD-B47D-E676-0257-21F92CB612D8
6.0451307,39.22464,2,EE62AFCD-B47D-E676-0257-21F92CB612D8
6.3215556,39.338017,2,EE62AFCD-B47D-E676-0257-21F92CB612D8
6.6747174,39.185844,2,EE62AFCD-B47D-E676-0257-21F92CB612D8
-17.654036,31.696756,2,EE62AFCD-B47D-E676-0257-21F92CB612D8
72.70782,16.644623,2,EE62AFCD-B47D-E676-0257-21F92CB612D8
72.68112,16.632349,0,EE62AFCD-B47D-E676-0257-21F92CB612D8
-13.663744,-32.917015,2,EE62AFCD-B47D-E676-0257-21F92CB612D8
39.096992,-37.061802,2,EE62AFCD-B47D-E676-0257-21F92CB612D8
39.81484,-36.59109,2,EE62AFCD-B47D-E676-0257-21F92CB612D8
40.14138,-36.412735,0,EE62AFCD-B47D-E676-0257-21F92CB612D8
40.13175,-37.320023,0,EE62AFCD-B47D-E676-0257-21F92CB612D8
40.502163,-37.92346,0,EE62AFCD-B47D-E676-0257-21F92CB612D8
43.217747,11.8455925,0,EE62AFCD-B47D-E676-0257-21F92CB612D8
32.026474,2.2163534,0,EE62AFCD-B47D-E676-0257-21F92CB612D8
32.057842,2.3559904,2,EE62AFCD-B47D-E676-0257-21F92CB612D8
63.44237,29.809721,2,EE62AFCD-B47D-E676-0257-21F92CB612D8
-0.89231956,44.245197,2,EE62AFCD-B47D-E676-0257-21F92CB612D8
-1.0648997,44.17421,2,EE62AFCD-B47D-E676-0257-21F92CB612D8
-28.389107,14.610981,0,EE62AFCD-B47D-E676-0257-21F92CB612D8
18.440628,39.343655,2,EE62AFCD-B47D-E676-0257-21F92CB612D8
18.60047,39.461285,2,EE62AFCD-B47D-E676-0257-21F92CB612D8
19.317842,39.451653,2,EE62AFCD-B47D-E676-0257-21F92CB612D8
-12.736964,11.924598,0,EE62AFCD-B47D-E676-0257-21F92CB612D8
-50.56084,2.431574,0,EE62AFCD-B47D-E676-0257-21F92CB612D8
-62.980083,-10.445309,2,F1430977-52AF-4F46-BF92-0A8D736CBD2B
-62.90961,-10.340719,2,F1430977-52AF-4F46-BF92-0A8D736CBD2B
-61.801014,-9.950632,2,F1430977-52AF-4F46-BF92-0A8D736CBD2B
-61.47043,-9.75465,2,F1430977-52AF-4F46-BF92-0A8D736CBD2B
-65.70519,-10.187272,2,F1430977-52AF-4F46-BF92-0A8D736CBD2B
-65.87038,-10.083251,2,F1430977-52AF-4F46-BF92-0A8D736CBD2B
-62.028126,-16.151102,2,F1430977-52AF-4F46-BF92-0A8D736CBD2B
-38.58795,-22.630539,2,F1430977-52AF-4F46-BF92-0A8D736CBD2B
-22.243425,-36.796738,2,F1430977-52AF-4F46-BF92-0A8D736CBD2B
-38.03076,-22.745577,2,F1430977-52AF-4F46-BF92-0A8D736CBD2B
-37.223034,-23.777786,2,F1430977-52AF-4F46-BF92-0A8D736CBD2B
-37.269245,-24.022118,2,F1430977-52AF-4F46-BF92-0A8D736CBD2B
22.756124,-50.44321,1,F1430977-52AF-4F46-BF92-0A8D736CBD2B
67.618645,30.322971,1,F1430977-52AF-4F46-BF92-0A8D736CBD2B
67.66791,30.247793,1,F1430977-52AF-4F46-BF92-0A8D736CBD2B
44.993824,32.987194,2,F1430977-52AF-4F46-BF92-0A8D736CBD2B
14.706351,47.296833,2,F1430977-52AF-4F46-BF92-0A8D736CBD2B
-5.225002,41.337288,2,F1430977-52AF-4F46-BF92-0A8D736CBD2B
12.80944,46.162884,2,F752B62E-E95F-A65D-4CB2-8B0252E15F08
5.0589094,47.518898,2,F752B62E-E95F-A65D-4CB2-8B0252E15F08
4.989321,47.267036,2,F752B62E-E95F-A65D-4CB2-8B0252E15F08
25.523247,27.82836,2,F752B62E-E95F-A65D-4CB2-8B0252E15F08
12.230922,39.101543,0,F752B62E-E95F-A65D-4CB2-8B0252E15F08
66.1428,3.126033,0,F752B62E-E95F-A65D-4CB2-8B0252E15F08
9.524346,-38.848206,0,F752B62E-E95F-A65D-4CB2-8B0252E15F08
9.537705,-38.84686,0,F752B62E-E95F-A65D-4CB2-8B0252E15F08
-16.450354,-18.878199,0,F752B62E-E95F-A65D-4CB2-8B0252E15F08
-16.471127,-18.725727,0,F752B62E-E95F-A65D-4CB2-8B0252E15F08
-33.310482,-18.171068,0,F752B62E-E95F-A65D-4CB2-8B0252E15F08
41.9785,-14.3045,1,F752B62E-E95F-A65D-4CB2-8B0252E15F08
43.149822,-14.486933,2,F752B62E-E95F-A65D-4CB2-8B0252E15F08
43.5246,-14.729332,0,F752B62E-E95F-A65D-4CB2-8B0252E15F08
43.866524,-15.086495,0,F752B62E-E95F-A65D-4CB2-8B0252E15F08
41.492737,17.782694,0,F752B62E-E95F-A65D-4CB2-8B0252E15F08
41.601246,17.823767,0,F752B62E-E95F-A65D-4CB2-8B0252E15F08
39.80947,31.708435,0,F752B62E-E95F-A65D-4CB2-8B0252E15F08
47.579502,-31.373407,0,F752B62E-E95F-A65D-4CB2-8B0252E15F08
12.437298,-37.764465,0,F752B62E-E95F-A65D-4CB2-8B0252E15F08
19.85254,14.049782,2,F752B62E-E95F-A65D-4CB2-8B0252E15F08
19.31941,14.7267,2,F752B62E-E95F-A65D-4CB2-8B0252E15F08
18.900194,15.05846,2,F752B62E-E95F-A65D-4CB2-8B0252E15F08
2.922622,2.5506394,2,F752B62E-E95F-A65D-4CB2-8B0252E15F08
16.592327,-4.413662,0,F752B62E-E95F-A65D-4CB2-8B0252E15F08
-57.530132,-18.257988,0,F752B62E-E95F-A65D-4CB2-8B0252E15F08
-57.765274,-18.011616,2,F752B62E-E95F-A65D-4CB2-8B0252E15F08
-37.089672,-32.686733,2,F752B62E-E95F-A65D-4CB2-8B0252E15F08
-37.055622,-31.895338,2,F752B62E-E95F-A65D-4CB2-8B0252E15F08
1.2245169,-49.305717,2,F752B62E-E95F-A65D-4CB2-8B0252E15F08
42.680138,-23.965065,0,FB70D507-2F2A-0F83-3B53-75EB8452F5E0
44.790512,-31.150438,0,FB70D507-2F2A-0F83-3B53-75EB8452F5E0
30.030428,-20.614141,0,FB70D507-2F2A-0F83-3B53-75EB8452F5E0
55.845856,27.198666,2,FB70D507-2F2A-0F83-3B53-75EB8452F5E0
54.630173,26.336344,2,FB70D507-2F2A-0F83-3B53-75EB8452F5E0
54.591373,26.322876,2,FB70D507-2F2A-0F83-3B53-75EB8452F5E0
-17.659658,-9.234722,1,FB70D507-2F2A-0F83-3B53-75EB8452F5E0
-17.789696,-9.192373,1,FB70D507-2F2A-0F83-3B53-75EB8452F5E0
-21.347494,-40.98954,1,FB70D507-2F2A-0F83-3B53-75EB8452F5E0
-21.31504,-41.237545,1,FB70D507-2F2A-0F83-3B53-75EB8452F5E0
-31.550484,-41.25363,1,FB70D507-2F2A-0F83-3B53-75EB8452F5E0
-36.53012,-4.177313,1,FB70D507-2F2A-0F83-3B53-75EB8452F5E0
-23.139267,-8.433119,2,FB70D507-2F2A-0F83-3B53-75EB8452F5E0
-22.390514,-8.5335655,2,FB70D507-2F2A-0F83-3B53-75EB8452F5E0
-22.15991,-8.575615,2,FB70D507-2F2A-0F83-3B53-75EB8452F5E0
-34.191444,24.950857,2,FC50071B-D2BA-C98B-AC6E-7339010D56DA
-34.805798,24.932524,2,FC50071B-D2BA-C98B-AC6E-7339010D56DA
-30.38347,12.641715,2,FC50071B-D2BA-C98B-AC6E-7339010D56DA
-26.27496,28.854322,2,FC50071B-D2BA-C98B-AC6E-7339010D56DA
-7.0074883,32.98671,2,FC50071B-D2BA-C98B-AC6E-7339010D56DA
-6.696058,33.213867,2,FC50071B-D2BA-C98B-AC6E-7339010D56DA
-47.083237,10.577628,2,FC50071B-D2BA-C98B-AC6E-7339010D56DA
10.71533,34.018444,2,FC50071B-D2BA-C98B-AC6E-7339010D56DA
11.032481,34.07692,2,FC50071B-D2BA-C98B-AC6E-7339010D56DA
59.14796,17.19613,2,FC50071B-D2BA-C98B-AC6E-7339010D56DA
-64.50659,28.29973,2,FC50071B-D2BA-C98B-AC6E-7339010D56DA
-64.52678,28.301247,2,FC50071B-D2BA-C98B-AC6E-7339010D56DA
-11.448537,-45.68675,1,FC50071B-D2BA-C98B-AC6E-7339010D56DA
9.104409,7.891857,2,FC50071B-D2BA-C98B-AC6E-7339010D56DA
9.035974,7.924809,2,FC50071B-D2BA-C98B-AC6E-7339010D56DA
-59.442104,25.77951,2,FC50071B-D2BA-C98B-AC6E-7339010D56DA
-59.43866,25.77753,2,FC50071B-D2BA-C98B-AC6E-7339010D56DA
-60.08169,25.865173,2,FC50071B-D2BA-C98B-AC6E-7339010D56DA
43.116516,31.595879,1,FC50071B-D2BA-C98B-AC6E-7339010D56DA
43.54632,31.430706,1,FC50071B-D2BA-C98B-AC6E-7339010D56DA
43.834957,31.447674,1,FC50071B-D2BA-C98B-AC6E-7339010D56DA
17.883926,25.809,1,FC50071B-D2BA-C98B-AC6E-7339010D56DA
52.373318,-9.748587,0,FC50071B-D2BA-C98B-AC6E-7339010D56DA
52.480103,-9.817011,0,FC50071B-D2BA-C98B-AC6E-7339010D56DA
-28.474098,8.320039,0,FC66D29E-8CD8-AE29-A071-33549272C1EE
-29.025614,8.416278,0,FC66D29E-8CD8-AE29-A071-33549272C1EE
-38.648273,-6.422744,2,FC66D29E-8CD8-AE29-A071-33549272C1EE
-38.71307,-6.4525175,2,FC66D29E-8CD8-AE29-A071-33549272C1EE
-60.66448,10.150548,2,FC66D29E-8CD8-AE29-A071-33549272C1EE
-60.984196,10.330765,2,FC66D29E-8CD8-AE29-A071-33549272C1EE
-0.12280163,38.28957,0,FC66D29E-8CD8-AE29-A071-33549272C1EE
-0.17081112,36.575653,0,FC66D29E-8CD8-AE29-A071-33549272C1EE
-0.24695921,38.572407,0,FC66D29E-8CD8-AE29-A071-33549272C1EE
-16.230478,10.249291,0,FC66D29E-8CD8-AE29-A071-33549272C1EE
-16.314646,10.154721,0,FC66D29E-8CD8-AE29-A071-33549272C1EE
-10.060052,31.364857,0,FC66D29E-8CD8-AE29-A071-33549272C1EE
44.994507,-33.518032,0,FC66D29E-8CD8-AE29-A071-33549272C1EE
45.860126,-34.83041,0,FC66D29E-8CD8-AE29-A071-33549272C1EE
29.949287,-47.583286,0,FC66D29E-8CD8-AE29-A071-33549272C1EE
19.946154,-60.232655,0,FC66D29E-8CD8-AE29-A071-33549272C1EE
61.563183,14.232935,0,FC66D29E-8CD8-AE29-A071-33549272C1EE
61.405777,14.316777,0,FC66D29E-8CD8-AE29-A071-33549272C1EE
-71.563,-0.48882493,2,FFAB0F54-EFF2-FA1A-1892-F9D8ED3C9B31
-70.33226,0.08362153,2,FFAB0F54-EFF2-FA1A-1892-F9D8ED3C9B31
-71.348755,0.46772024,2,FFAB0F54-EFF2-FA1A-1892-F9D8ED3C9B31
-71.70552,0.7242664,2,FFAB0F54-EFF2-FA1A-1892-F9D8ED3C9B31
-70.872696,1.6523502,2,FFAB0F54-EFF2-FA1A-1892-F9D8ED3C9B31
-71.20543,1.8880615,2,FFAB0F54-EFF2-FA1A-1892-F9D8ED3C9B31
-43.002953,15.616487,2,FFAB0F54-EFF2-FA1A-1892-F9D8ED3C9B31
-43.890064,15.8608675,2,FFAB0F54-EFF2-FA1A-1892-F9D8ED3C9B31
-43.800472,15.750436,0,FFAB0F54-EFF2-FA1A-1892-F9D8ED3C9B31
-42.73023,15.440477,0,FFAB0F54-EFF2-FA1A-1892-F9D8ED3C9B31
-19.99737,1.1585687,0,FFAB0F54-EFF2-FA1A-1892-F9D8ED3C9B31
17.105713,24.26961,0,FFAB0F54-EFF2-FA1A-1892-F9D8ED3C9B31
-32.414284,-9.102706,2,FFAB0F54-EFF2-FA1A-1892-F9D8ED3C9B31
-32.407375,-8.951811,2,FFAB0F54-EFF2-FA1A-1892-F9D8ED3C9B31
-0.5762843,-9.761748,2,FFAB0F54-EFF2-FA1A-1892-F9D8ED3C9B31
-0.33904192,-9.646107,2,FFAB0F54-EFF2-FA1A-1892-F9D8ED3C9B31
-12.764535,1.8145331,1,FFAB0F54-EFF2-FA1A-1892-F9D8ED3C9B31
-54.273594,3.837302,2,FFAB0F54-EFF2-FA1A-1892-F9D8ED3C9B31
-44.542515,-30.44541,0,FFAB0F54-EFF2-FA1A-1892-F9D8ED3C9B31
-47.034187,-5.018571,0,FFAB0F54-EFF2-FA1A-1892-F9D8ED3C9B31
-47.027092,-5.0450916,0,FFAB0F54-EFF2-FA1A-1892-F9D8ED3C9B31
-71.661026,5.1238484,0,FFAB0F54-EFF2-FA1A-1892-F9D8ED3C9B31
-71.96837,5.866759,2,FFAB0F54-EFF2-FA1A-1892-F9D8ED3C9B31
-72.332634,5.9586797,2,FFAB0F54-EFF2-FA1A-1892-F9D8ED3C9B31
