tsne_x,tsne_y,label_mood,player_id
43.784138,-6.843577,2,018B0D8D-B5EC-09D6-90ED-550058EBFEAF
22.487858,48.49359,2,018B0D8D-B5EC-09D6-90ED-550058EBFEAF
20.738333,49.295464,2,018B0D8D-B5EC-09D6-90ED-550058EBFEAF
34.950047,32.8688,2,018B0D8D-B5EC-09D6-90ED-550058EBFEAF
35.578007,32.59367,2,018B0D8D-B5EC-09D6-90ED-550058EBFEAF
-21.783213,46.99786,2,018B0D8D-B5EC-09D6-90ED-550058EBFEAF
-22.857998,46.706264,2,018B0D8D-B5EC-09D6-90ED-550058EBFEAF
-28.086573,39.461933,2,018B0D8D-B5EC-09D6-90ED-550058EBFEAF
-39.22318,-0.24739902,2,018B0D8D-B5EC-09D6-90ED-550058EBFEAF
-40.564167,-3.6624482,2,018B0D8D-B5EC-09D6-90ED-550058EBFEAF
-40.593384,-3.6505156,0,018B0D8D-B5EC-09D6-90ED-550058EBFEAF
-40.986298,-4.3364177,0,018B0D8D-B5EC-09D6-90ED-550058EBFEAF
-10.645036,55.61923,2,018B0D8D-B5EC-09D6-90ED-550058EBFEAF
-11.764943,55.910824,2,018B0D8D-B5EC-09D6-90ED-550058EBFEAF
-11.372208,56.072502,2,018B0D8D-B5EC-09D6-90ED-550058EBFEAF
-9.240631,55.637142,2,018B0D8D-B5EC-09D6-90ED-550058EBFEAF
11.423204,50.87849,2,018B0D8D-B5EC-09D6-90ED-550058EBFEAF
21.478157,50.698296,2,018B0D8D-B5EC-09D6-90ED-550058EBFEAF
33.214375,37.523224,2,018B0D8D-B5EC-09D6-90ED-550058EBFEAF
32.220425,37.843548,2,018B0D8D-B5EC-09D6-90ED-550058EBFEAF
31.775354,38.057106,2,018B0D8D-B5EC-09D6-90ED-550058EBFEAF
-4.5455136,40.17751,2,018B0D8D-B5EC-09D6-90ED-550058EBFEAF
-32.94825,-49.063046,2,018B0D8D-B5EC-09D6-90ED-550058EBFEAF
-32.950302,-49.04737,2,018B0D8D-B5EC-09D6-90ED-550058EBFEAF
38.279095,-4.4216504,2,018B0D8D-B5EC-09D6-90ED-550058EBFEAF
36.84149,-3.4493945,2,018B0D8D-B5EC-09D6-90ED-550058EBFEAF
36.803608,-3.3936963,2,018B0D8D-B5EC-09D6-90ED-550058EBFEAF
-9.432385,-7.9565315,2,018B0D8D-B5EC-09D6-90ED-550058EBFEAF
-10.862907,45.590355,0,018B0D8D-B5EC-09D6-90ED-550058EBFEAF
-3.4548638,49.231773,0,018B0D8D-B5EC-09D6-90ED-550058EBFEAF
1.2408297,-15.247332,0,018B0D8D-B5EC-09D6-90ED-550058EBFEAF
7.1746006,-14.396628,0,018B0D8D-B5EC-09D6-90ED-550058EBFEAF
-21.775581,-13.949956,0,018B0D8D-B5EC-09D6-90ED-550058EBFEAF
30.577492,9.545824,0,018B0D8D-B5EC-09D6-90ED-550058EBFEAF
29.392962,11.635114,0,018B0D8D-B5EC-09D6-90ED-550058EBFEAF
33.493248,3.9054155,0,018B0D8D-B5EC-09D6-90ED-550058EBFEAF
-2.2419589,46.511276,0,09FCECC4-F94E-ED69-5E9B-3223B590A149
-19.68846,44.835632,0,09FCECC4-F94E-ED69-5E9B-3223B590A149
-19.999363,44.783115,0,09FCECC4-F94E-ED69-5E9B-3223B590A149
-20.022661,44.81845,2,09FCECC4-F94E-ED69-5E9B-3223B590A149
-23.051033,46.2902,2,09FCECC4-F94E-ED69-5E9B-3223B590A149
5.3618207,59.982773,2,09FCECC4-F94E-ED69-5E9B-3223B590A149
-37.731346,-50.69442,1,09FCECC4-F94E-ED69-5E9B-3223B590A149
-37.56961,-50.225925,1,09FCECC4-F94E-ED69-5E9B-3223B590A149
-37.569588,-50.08644,1,09FCECC4-F94E-ED69-5E9B-3223B590A149
-37.490913,-49.83756,1,09FCECC4-F94E-ED69-5E9B-3223B590A149
-1.7952316,-13.095404,1,09FCECC4-F94E-ED69-5E9B-3223B590A149
-50.897243,10.361974,0,09FCECC4-F94E-ED69-5E9B-3223B590A149
38.543537,32.26654,2,0A221ADF-C99E-307E-7B65-92EF9DABA6C4
40.264847,34.05275,2,0A221ADF-C99E-307E-7B65-92EF9DABA6C4
-25.960903,46.8085,2,0A221ADF-C99E-307E-7B65-92EF9DABA6C4
-27.925156,46.843327,2,0A221ADF-C99E-307E-7B65-92EF9DABA6C4
-27.876896,46.937374,2,0A221ADF-C99E-307E-7B65-92EF9DABA6C4
-28.52203,46.715706,2,0A221ADF-C99E-307E-7B65-92EF9DABA6C4
18.702938,15.475897,2,0A221ADF-C99E-307E-7B65-92EF9DABA6C4
9.045181,15.415878,2,0A221ADF-C99E-307E-7B65-92EF9DABA6C4
9.067848,15.423402,2,0A221ADF-C99E-307E-7B65-92EF9DABA6C4
-27.173428,13.12358,0,0A221ADF-C99E-307E-7B65-92EF9DABA6C4
-51.467236,6.708009,0,0A221ADF-C99E-307E-7B65-92EF9DABA6C4
-51.474113,6.629663,0,0A221ADF-C99E-307E-7B65-92EF9DABA6C4
41.20926,-16.933508,0,0A221ADF-C99E-307E-7B65-92EF9DABA6C4
36.84519,-16.990955,0,0A221ADF-C99E-307E-7B65-92EF9DABA6C4
36.079662,-16.894728,0,0A221ADF-C99E-307E-7B65-92EF9DABA6C4
5.7775817,-14.571457,2,0A221ADF-C99E-307E-7B65-92EF9DABA6C4
4.9136863,-14.107148,2,0A221ADF-C99E-307E-7B65-92EF9DABA6C4
29.677118,-0.73012996,0,0A221ADF-C99E-307E-7B65-92EF9DABA6C4
35.314743,-5.688411,0,0A221ADF-C99E-307E-7B65-92EF9DABA6C4
-1.2245874,-11.784739,0,0A221ADF-C99E-307E-7B65-92EF9DABA6C4
-8.000634,8.5908,0,0A221ADF-C99E-307E-7B65-92EF9DABA6C4
-8.194616,8.770784,0,0A221ADF-C99E-307E-7B65-92EF9DABA6C4
-19.39126,8.429671,2,0A221ADF-C99E-307E-7B65-92EF9DABA6C4
9.583542,-16.560808,2,0A221ADF-C99E-307E-7B65-92EF9DABA6C4
28.588867,-23.2482,0,0A221ADF-C99E-307E-7B65-92EF9DABA6C4
25.5113,-23.69098,0,0A221ADF-C99E-307E-7B65-92EF9DABA6C4
1.9926734,-30.159845,2,0A221ADF-C99E-307E-7B65-92EF9DABA6C4
-50.376015,-17.66503,2,0A221ADF-C99E-307E-7B65-92EF9DABA6C4
-40.448227,0.48057002,2,0A221ADF-C99E-307E-7B65-92EF9DABA6C4
-25.037329,19.2566,2,0A221ADF-C99E-307E-7B65-92EF9DABA6C4
-7.8364553,17.919998,2,0A221ADF-C99E-307E-7B65-92EF9DABA6C4
53.42835,-27.999243,2,0A221ADF-C99E-307E-7B65-92EF9DABA6C4
54.003082,-24.725243,2,0A221ADF-C99E-307E-7B65-92EF9DABA6C4
53.151604,-24.554605,0,0A221ADF-C99E-307E-7B65-92EF9DABA6C4
24.589468,-7.0130987,0,0A221ADF-C99E-307E-7B65-92EF9DABA6C4
24.610165,-7.001519,0,0A221ADF-C99E-307E-7B65-92EF9DABA6C4
13.442189,50.87771,0,0A76B59A-F1FF-F3F5-A3CA-2386FA8EF308
13.738301,50.91212,2,0A76B59A-F1FF-F3F5-A3CA-2386FA8EF308
28.755632,42.24144,2,0A76B59A-F1FF-F3F5-A3CA-2386FA8EF308
31.022177,40.70352,2,0A76B59A-F1FF-F3F5-A3CA-2386FA8EF308
-13.370788,-9.10858,2,0A76B59A-F1FF-F3F5-A3CA-2386FA8EF308
-12.957887,-9.018451,2,0A76B59A-F1FF-F3F5-A3CA-2386FA8EF308
-14.820643,-9.186858,2,0A76B59A-F1FF-F3F5-A3CA-2386FA8EF308
-14.3183,-9.114483,2,0A76B59A-F1FF-F3F5-A3CA-2386FA8EF308
-5.5971518,-21.245,0,0A76B59A-F1FF-F3F5-A3CA-2386FA8EF308
10.825532,16.144426,0,0A76B59A-F1FF-F3F5-A3CA-2386FA8EF308
10.719467,16.411196,0,0A76B59A-F1FF-F3F5-A3CA-2386FA8EF308
-7.309589,0.119764596,2,0A76B59A-F1FF-F3F5-A3CA-2386FA8EF308
45.699883,-18.753397,0,0A76B59A-F1FF-F3F5-A3CA-2386FA8EF308
45.582558,-18.769588,0,0A76B59A-F1FF-F3F5-A3CA-2386FA8EF308
33.868332,-21.769457,0,0A76B59A-F1FF-F3F5-A3CA-2386FA8EF308
-24.778065,-9.0547695,0,0A76B59A-F1FF-F3F5-A3CA-2386FA8EF308
-24.777086,-9.04549,0,0A76B59A-F1FF-F3F5-A3CA-2386FA8EF308
37.593822,-25.295391,0,0A76B59A-F1FF-F3F5-A3CA-2386FA8EF308
55.82551,-23.05959,0,0A76B59A-F1FF-F3F5-A3CA-2386FA8EF308
55.884155,-22.857397,0,0A76B59A-F1FF-F3F5-A3CA-2386FA8EF308
57.444614,-23.816654,0,0A76B59A-F1FF-F3F5-A3CA-2386FA8EF308
-1.95872,-18.027308,2,0A76B59A-F1FF-F3F5-A3CA-2386FA8EF308
-3.1324995,-16.570099,2,0A76B59A-F1FF-F3F5-A3CA-2386FA8EF308
-16.584688,-18.504177,2,0A76B59A-F1FF-F3F5-A3CA-2386FA8EF308
-16.381876,-18.573433,0,0A76B59A-F1FF-F3F5-A3CA-2386FA8EF308
-1.5330442,-34.57097,0,0A76B59A-F1FF-F3F5-A3CA-2386FA8EF308
-4.037447,-30.777662,2,0A76B59A-F1FF-F3F5-A3CA-2386FA8EF308
6.907502,-31.479338,2,0A76B59A-F1FF-F3F5-A3CA-2386FA8EF308
37.550236,-27.78598,2,0A76B59A-F1FF-F3F5-A3CA-2386FA8EF308
37.50832,-27.721321,2,0A76B59A-F1FF-F3F5-A3CA-2386FA8EF308
8.546989,-18.747652,2,0A76B59A-F1FF-F3F5-A3CA-2386FA8EF308
8.344475,-18.90656,2,0A76B59A-F1FF-F3F5-A3CA-2386FA8EF308
17.838062,-3.3385923,2,0A76B59A-F1FF-F3F5-A3CA-2386FA8EF308
26.937477,-18.661142,0,0A76B59A-F1FF-F3F5-A3CA-2386FA8EF308
4.86742,-27.263552,0,0A76B59A-F1FF-F3F5-A3CA-2386FA8EF308
5.9276032,-33.405975,0,0A76B59A-F1FF-F3F5-A3CA-2386FA8EF308
50.16013,-7.632037,2,0AD33010-1AC1-E9FB-2FD4-313E3DF4692D
48.64058,-8.0644245,1,0AD33010-1AC1-E9FB-2FD4-313E3DF4692D
48.486233,-8.228556,1,0AD33010-1AC1-E9FB-2FD4-313E3DF4692D
-3.7823853,47.330246,0,0AD33010-1AC1-E9FB-2FD4-313E3DF4692D
-7.132022,46.194416,0,0AD33010-1AC1-E9FB-2FD4-313E3DF4692D
-7.3374815,44.44458,0,0AD33010-1AC1-E9FB-2FD4-313E3DF4692D
-9.404025,46.12811,1,0AD33010-1AC1-E9FB-2FD4-313E3DF4692D
-3.9343805,40.76482,1,0AD33010-1AC1-E9FB-2FD4-313E3DF4692D
40.655228,3.4478247,0,0AD33010-1AC1-E9FB-2FD4-313E3DF4692D
42.575108,-3.8144507,0,0AD33010-1AC1-E9FB-2FD4-313E3DF4692D
42.60708,-3.7202926,0,0AD33010-1AC1-E9FB-2FD4-313E3DF4692D
42.0352,-3.8013678,0,0AD33010-1AC1-E9FB-2FD4-313E3DF4692D
-40.385174,-6.7542777,1,0AD33010-1AC1-E9FB-2FD4-313E3DF4692D
-40.29811,-7.2140737,2,0AD33010-1AC1-E9FB-2FD4-313E3DF4692D
-40.097168,-7.1504083,2,0AD33010-1AC1-E9FB-2FD4-313E3DF4692D
-39.347553,-6.2898393,2,0AD33010-1AC1-E9FB-2FD4-313E3DF4692D
-7.5643635,50.327354,2,0AD33010-1AC1-E9FB-2FD4-313E3DF4692D
-50.453262,8.380192,2,0AD33010-1AC1-E9FB-2FD4-313E3DF4692D
-9.28856,9.228879,1,0AD33010-1AC1-E9FB-2FD4-313E3DF4692D
9.981747,-20.37827,0,0AD33010-1AC1-E9FB-2FD4-313E3DF4692D
11.725345,-10.273524,0,0AD33010-1AC1-E9FB-2FD4-313E3DF4692D
11.743783,-9.872676,0,0AD33010-1AC1-E9FB-2FD4-313E3DF4692D
24.375767,-16.627153,0,0AD33010-1AC1-E9FB-2FD4-313E3DF4692D
-49.275906,6.9380193,0,0AD33010-1AC1-E9FB-2FD4-313E3DF4692D
-44.860546,-12.602999,1,0AD33010-1AC1-E9FB-2FD4-313E3DF4692D
-45.081837,-5.165711,1,0AD33010-1AC1-E9FB-2FD4-313E3DF4692D
25.704342,45.89648,0,0B5863F1-A482-C95D-EA42-9183B5BDFA12
30.647793,40.274815,0,0B5863F1-A482-C95D-EA42-9183B5BDFA12
30.484257,40.38231,0,0B5863F1-A482-C95D-EA42-9183B5BDFA12
43.32619,5.357162,1,0B5863F1-A482-C95D-EA42-9183B5BDFA12
43.551834,4.9501038,2,0B5863F1-A482-C95D-EA42-9183B5BDFA12
43.899338,4.8269205,2,0B5863F1-A482-C95D-EA42-9183B5BDFA12
31.434422,37.448395,0,0B5863F1-A482-C95D-EA42-9183B5BDFA12
31.150585,37.365715,0,0B5863F1-A482-C95D-EA42-9183B5BDFA12
32.074505,36.44423,2,0B5863F1-A482-C95D-EA42-9183B5BDFA12
32.568382,35.437466,2,0B5863F1-A482-C95D-EA42-9183B5BDFA12
32.917336,35.60762,2,0B5863F1-A482-C95D-EA42-9183B5BDFA12
33.665806,35.079845,2,0B5863F1-A482-C95D-EA42-9183B5BDFA12
-23.261602,43.621708,2,0B5863F1-A482-C95D-EA42-9183B5BDFA12
-23.191069,43.611015,2,0B5863F1-A482-C95D-EA42-9183B5BDFA12
39.227177,34.42059,2,0B5863F1-A482-C95D-EA42-9183B5BDFA12
8.950519,56.79434,2,0B5863F1-A482-C95D-EA42-9183B5BDFA12
-8.7486725,52.018044,2,0B5863F1-A482-C95D-EA42-9183B5BDFA12
52.397602,-8.914781,1,0B5863F1-A482-C95D-EA42-9183B5BDFA12
26.54182,-23.996717,1,0B5863F1-A482-C95D-EA42-9183B5BDFA12
51.98177,-8.307153,1,0B5863F1-A482-C95D-EA42-9183B5BDFA12
-17.280731,10.768239,0,0B5863F1-A482-C95D-EA42-9183B5BDFA12
-17.245823,10.771148,0,0B5863F1-A482-C95D-EA42-9183B5BDFA12
-3.518973,8.319494,0,0B5863F1-A482-C95D-EA42-9183B5BDFA12
-3.3869872,8.352033,0,0B5863F1-A482-C95D-EA42-9183B5BDFA12
9.804445,55.01717,2,0D759376-3F10-1BEB-7205-E91B8BF17984
9.938047,55.24903,2,0D759376-3F10-1BEB-7205-E91B8BF17984
7.9240828,54.59542,2,0D759376-3F10-1BEB-7205-E91B8BF17984
3.199468,49.44445,2,0D759376-3F10-1BEB-7205-E91B8BF17984
10.142952,51.25416,2,0D759376-3F10-1BEB-7205-E91B8BF17984
10.233132,51.221146,2,0D759376-3F10-1BEB-7205-E91B8BF17984
-47.574356,-19.648329,2,0D759376-3F10-1BEB-7205-E91B8BF17984
46.407898,-4.483703,2,0D759376-3F10-1BEB-7205-E91B8BF17984
46.162117,-4.4459605,2,0D759376-3F10-1BEB-7205-E91B8BF17984
46.46711,-4.8836074,2,0D759376-3F10-1BEB-7205-E91B8BF17984
44.796642,-5.477917,2,0D759376-3F10-1BEB-7205-E91B8BF17984
-45.2032,-15.856448,2,0D759376-3F10-1BEB-7205-E91B8BF17984
56.10523,-27.320223,2,0D759376-3F10-1BEB-7205-E91B8BF17984
56.21403,-27.20691,2,0D759376-3F10-1BEB-7205-E91B8BF17984
-20.096315,-28.034426,2,0F3B2D98-51FE-5265-3746-A0763DE31C98
-20.095497,-28.062943,2,0F3B2D98-51FE-5265-3746-A0763DE31C98
9.617999,-9.630104,2,0F3B2D98-51FE-5265-3746-A0763DE31C98
55.1678,-19.604984,2,0F3B2D98-51FE-5265-3746-A0763DE31C98
55.112267,-19.53809,2,0F3B2D98-51FE-5265-3746-A0763DE31C98
29.276834,4.1179333,2,0F3B2D98-51FE-5265-3746-A0763DE31C98
-2.3217306,-33.74994,2,0F3B2D98-51FE-5265-3746-A0763DE31C98
24.789394,-35.659718,2,0F3B2D98-51FE-5265-3746-A0763DE31C98
12.995438,-33.685368,2,0F3B2D98-51FE-5265-3746-A0763DE31C98
20.661203,-14.345677,1,0F3B2D98-51FE-5265-3746-A0763DE31C98
39.04094,-12.876956,1,0F3B2D98-51FE-5265-3746-A0763DE31C98
39.04998,-12.821871,2,0F3B2D98-51FE-5265-3746-A0763DE31C98
7.9656672,-29.673096,2,0F3B2D98-51FE-5265-3746-A0763DE31C98
-5.4769554,-31.987734,2,0F3B2D98-51FE-5265-3746-A0763DE31C98
-32.632114,-59.51695,1,0F3B2D98-51FE-5265-3746-A0763DE31C98
-32.696083,-59.66049,1,0F3B2D98-51FE-5265-3746-A0763DE31C98
-32.621,-59.27197,1,0F3B2D98-51FE-5265-3746-A0763DE31C98
-32.672707,-59.340603,1,0F3B2D98-51FE-5265-3746-A0763DE31C98
51.819374,-11.967613,2,0F3B2D98-51FE-5265-3746-A0763DE31C98
51.792007,-11.851409,0,0F3B2D98-51FE-5265-3746-A0763DE31C98
-2.672873,55.969913,2,14027B3A-0AD6-CBA3-A600-42B3C0A4D933
-2.6881082,55.964108,2,14027B3A-0AD6-CBA3-A600-42B3C0A4D933
-6.309363,42.620827,2,14027B3A-0AD6-CBA3-A600-42B3C0A4D933
-30.994127,40.823204,2,14027B3A-0AD6-CBA3-A600-42B3C0A4D933
-30.290098,40.528694,2,14027B3A-0AD6-CBA3-A600-42B3C0A4D933
-30.332016,40.547558,2,14027B3A-0AD6-CBA3-A600-42B3C0A4D933
-22.42646,16.481386,0,14027B3A-0AD6-CBA3-A600-42B3C0A4D933
-22.33323,16.492722,0,14027B3A-0AD6-CBA3-A600-42B3C0A4D933
11.568164,8.422039,2,14027B3A-0AD6-CBA3-A600-42B3C0A4D933
6.3634806,11.631465,2,14027B3A-0AD6-CBA3-A600-42B3C0A4D933
6.3405995,11.637495,2,14027B3A-0AD6-CBA3-A600-42B3C0A4D933
7.5908203,-6.476494,2,14027B3A-0AD6-CBA3-A600-42B3C0A4D933
39.28126,-14.656071,2,14027B3A-0AD6-CBA3-A600-42B3C0A4D933
2.5498028,-13.82961,2,14027B3A-0AD6-CBA3-A600-42B3C0A4D933
3.5350595,-12.885142,0,14027B3A-0AD6-CBA3-A600-42B3C0A4D933
3.355004,-12.909116,0,14027B3A-0AD6-CBA3-A600-42B3C0A4D933
3.242494,-12.946681,0,14027B3A-0AD6-CBA3-A600-42B3C0A4D933
-9.749219,9.953749,0,14027B3A-0AD6-CBA3-A600-42B3C0A4D933
27.799446,-24.247072,0,14027B3A-0AD6-CBA3-A600-42B3C0A4D933
-55.063274,-14.52244,0,14027B3A-0AD6-CBA3-A600-42B3C0A4D933
25.490551,-17.554665,0,14027B3A-0AD6-CBA3-A600-42B3C0A4D933
25.548904,-17.550112,2,14027B3A-0AD6-CBA3-A600-42B3C0A4D933
13.941159,-23.767225,2,14027B3A-0AD6-CBA3-A600-42B3C0A4D933
-21.743893,-22.06401,2,14027B3A-0AD6-CBA3-A600-42B3C0A4D933
-8.535984,-25.361624,2,14027B3A-0AD6-CBA3-A600-42B3C0A4D933
-8.186568,-25.320566,2,14027B3A-0AD6-CBA3-A600-42B3C0A4D933
22.503178,-12.715234,2,14027B3A-0AD6-CBA3-A600-42B3C0A4D933
21.545717,-4.5647035,2,14027B3A-0AD6-CBA3-A600-42B3C0A4D933
23.654257,-11.469244,2,14027B3A-0AD6-CBA3-A600-42B3C0A4D933
-35.518047,-48.164894,2,14027B3A-0AD6-CBA3-A600-42B3C0A4D933
-35.454834,-48.21085,2,14027B3A-0AD6-CBA3-A600-42B3C0A4D933
-51.855385,-14.215756,2,14027B3A-0AD6-CBA3-A600-42B3C0A4D933
-20.118715,-16.84069,1,165B40B2-D9B2-DBC0-AE48-02C0F49A609F
-20.306822,-16.778728,1,165B40B2-D9B2-DBC0-AE48-02C0F49A609F
-21.82323,-16.29081,1,165B40B2-D9B2-DBC0-AE48-02C0F49A609F
-54.14766,-12.460105,1,165B40B2-D9B2-DBC0-AE48-02C0F49A609F
-54.623306,-12.216881,1,165B40B2-D9B2-DBC0-AE48-02C0F49A609F
-54.15912,-10.034823,1,165B40B2-D9B2-DBC0-AE48-02C0F49A609F
41.285877,-27.564629,2,165B40B2-D9B2-DBC0-AE48-02C0F49A609F
24.497282,-33.049114,2,165B40B2-D9B2-DBC0-AE48-02C0F49A609F
10.563852,0.74271506,2,165B40B2-D9B2-DBC0-AE48-02C0F49A609F
2.2396555,-15.553083,2,165B40B2-D9B2-DBC0-AE48-02C0F49A609F
2.6553218,-15.585539,2,165B40B2-D9B2-DBC0-AE48-02C0F49A609F
2.0929153,-15.20108,2,165B40B2-D9B2-DBC0-AE48-02C0F49A609F
-4.9883037,-8.929516,1,172A62AD-9B69-33E2-1551-9526879D80AC
-4.4846015,-8.952727,2,172A62AD-9B69-33E2-1551-9526879D80AC
-4.354455,-8.912496,2,172A62AD-9B69-33E2-1551-9526879D80AC
-6.373032,-8.454324,2,172A62AD-9B69-33E2-1551-9526879D80AC
-6.5229273,-8.422337,2,172A62AD-9B69-33E2-1551-9526879D80AC
40.53044,33.412766,0,172A62AD-9B69-33E2-1551-9526879D80AC
19.58986,-41.073627,2,172A62AD-9B69-33E2-1551-9526879D80AC
23.71946,-25.610102,2,172A62AD-9B69-33E2-1551-9526879D80AC
-35.64378,-15.093764,2,172A62AD-9B69-33E2-1551-9526879D80AC
-7.783057,44.32268,2,172A62AD-9B69-33E2-1551-9526879D80AC
-8.383597,45.830685,2,172A62AD-9B69-33E2-1551-9526879D80AC
-8.577441,45.885235,2,172A62AD-9B69-33E2-1551-9526879D80AC
29.728397,-32.767185,2,172A62AD-9B69-33E2-1551-9526879D80AC
11.851429,-24.225239,0,172A62AD-9B69-33E2-1551-9526879D80AC
18.225655,-32.892105,0,172A62AD-9B69-33E2-1551-9526879D80AC
15.415797,-36.99995,2,172A62AD-9B69-33E2-1551-9526879D80AC
-3.5184247,-37.812935,2,172A62AD-9B69-33E2-1551-9526879D80AC
20.629995,-39.507523,2,172A62AD-9B69-33E2-1551-9526879D80AC
-8.472097,3.149393,2,172A62AD-9B69-33E2-1551-9526879D80AC
-5.3567142,3.1849968,2,172A62AD-9B69-33E2-1551-9526879D80AC
33.762062,-19.785997,0,1AE03BA6-E346-DEB8-4865-276ECC5CD9B1
33.910183,-19.856497,2,1AE03BA6-E346-DEB8-4865-276ECC5CD9B1
-19.857286,-13.112018,2,1AE03BA6-E346-DEB8-4865-276ECC5CD9B1
-40.007572,-10.033261,2,1AE03BA6-E346-DEB8-4865-276ECC5CD9B1
-39.95794,-10.112548,0,1AE03BA6-E346-DEB8-4865-276ECC5CD9B1
31.001486,0.6324496,0,1AE03BA6-E346-DEB8-4865-276ECC5CD9B1
-14.707359,-30.20564,2,1AE03BA6-E346-DEB8-4865-276ECC5CD9B1
-14.651527,-30.237173,1,1AE03BA6-E346-DEB8-4865-276ECC5CD9B1
5.3844223,-7.3024817,1,1AE03BA6-E346-DEB8-4865-276ECC5CD9B1
12.763859,-34.47517,1,1AE03BA6-E346-DEB8-4865-276ECC5CD9B1
22.694715,-33.503418,1,1AE03BA6-E346-DEB8-4865-276ECC5CD9B1
22.908134,-33.56988,1,1AE03BA6-E346-DEB8-4865-276ECC5CD9B1
21.082058,-33.380573,1,1AE03BA6-E346-DEB8-4865-276ECC5CD9B1
8.158767,-32.900845,1,1AE03BA6-E346-DEB8-4865-276ECC5CD9B1
-31.272457,-18.235682,1,1AE03BA6-E346-DEB8-4865-276ECC5CD9B1
-36.191425,-56.57548,1,1AE03BA6-E346-DEB8-4865-276ECC5CD9B1
-36.186718,-56.57246,1,1AE03BA6-E346-DEB8-4865-276ECC5CD9B1
-36.107723,-56.55264,1,1AE03BA6-E346-DEB8-4865-276ECC5CD9B1
39.439804,-17.570864,2,1AE03BA6-E346-DEB8-4865-276ECC5CD9B1
39.446518,-17.511055,2,1AE03BA6-E346-DEB8-4865-276ECC5CD9B1
10.969184,27.099487,2,1F6A56CA-9C73-442F-2682-BB69E4B03AB2
11.107126,26.908167,2,1F6A56CA-9C73-442F-2682-BB69E4B03AB2
-17.613398,18.678381,2,1F6A56CA-9C73-442F-2682-BB69E4B03AB2
-9.947386,20.813513,2,1F6A56CA-9C73-442F-2682-BB69E4B03AB2
-9.781474,20.876509,2,1F6A56CA-9C73-442F-2682-BB69E4B03AB2
-9.689834,20.901676,2,1F6A56CA-9C73-442F-2682-BB69E4B03AB2
-0.4126768,52.62788,2,1F6A56CA-9C73-442F-2682-BB69E4B03AB2
5.3398604,55.15649,0,1F6A56CA-9C73-442F-2682-BB69E4B03AB2
36.11435,8.993046,0,1F6A56CA-9C73-442F-2682-BB69E4B03AB2
-6.9134645,43.491375,0,1F6A56CA-9C73-442F-2682-BB69E4B03AB2
25.423416,-24.524755,0,1F6A56CA-9C73-442F-2682-BB69E4B03AB2
22.252125,-37.926365,2,1F6A56CA-9C73-442F-2682-BB69E4B03AB2
48.09875,-17.97525,0,1F6A56CA-9C73-442F-2682-BB69E4B03AB2
35.927223,-23.059227,2,1F6A56CA-9C73-442F-2682-BB69E4B03AB2
34.377518,-23.646883,2,1F6A56CA-9C73-442F-2682-BB69E4B03AB2
35.70875,-23.11912,2,1F6A56CA-9C73-442F-2682-BB69E4B03AB2
35.815155,-23.047699,2,1F6A56CA-9C73-442F-2682-BB69E4B03AB2
31.752327,-17.894743,2,1F6A56CA-9C73-442F-2682-BB69E4B03AB2
45.832733,-26.478998,0,1F6A56CA-9C73-442F-2682-BB69E4B03AB2
39.707905,-21.627523,0,1F6A56CA-9C73-442F-2682-BB69E4B03AB2
39.68702,-21.645113,2,1F6A56CA-9C73-442F-2682-BB69E4B03AB2
39.632908,-21.660736,2,1F6A56CA-9C73-442F-2682-BB69E4B03AB2
40.661766,-21.504257,2,1F6A56CA-9C73-442F-2682-BB69E4B03AB2
-9.087665,50.84785,2,1F6A56CA-9C73-442F-2682-BB69E4B03AB2
8.5767,23.093534,2,1FA97947-2FB7-D626-8CD3-2426BEEE97D1
-20.608868,14.616565,2,1FA97947-2FB7-D626-8CD3-2426BEEE97D1
-27.79822,11.951628,2,1FA97947-2FB7-D626-8CD3-2426BEEE97D1
-27.666471,12.012182,2,1FA97947-2FB7-D626-8CD3-2426BEEE97D1
-20.911434,11.374886,2,1FA97947-2FB7-D626-8CD3-2426BEEE97D1
-11.819883,8.157205,2,1FA97947-2FB7-D626-8CD3-2426BEEE97D1
48.920525,-21.5764,1,1FA97947-2FB7-D626-8CD3-2426BEEE97D1
48.9073,-21.585657,1,1FA97947-2FB7-D626-8CD3-2426BEEE97D1
48.850643,-21.50064,1,1FA97947-2FB7-D626-8CD3-2426BEEE97D1
48.584293,-21.675747,1,1FA97947-2FB7-D626-8CD3-2426BEEE97D1
-38.422775,-15.538101,1,1FA97947-2FB7-D626-8CD3-2426BEEE97D1
-53.795856,-13.08517,1,1FA97947-2FB7-D626-8CD3-2426BEEE97D1
-32.79716,-50.47155,1,1FA97947-2FB7-D626-8CD3-2426BEEE97D1
-47.02435,-19.022514,1,1FA97947-2FB7-D626-8CD3-2426BEEE97D1
-47.40059,-19.025137,1,1FA97947-2FB7-D626-8CD3-2426BEEE97D1
-36.192913,-19.121544,1,1FA97947-2FB7-D626-8CD3-2426BEEE97D1
-57.895668,-14.606207,1,1FA97947-2FB7-D626-8CD3-2426BEEE97D1
-58.14859,-14.462932,1,1FA97947-2FB7-D626-8CD3-2426BEEE97D1
-24.610699,-25.969345,2,1FA97947-2FB7-D626-8CD3-2426BEEE97D1
-16.680582,-27.936773,2,2656C6B4-988A-A958-5107-5422027AEE1D
-17.150661,-27.775913,2,2656C6B4-988A-A958-5107-5422027AEE1D
-17.626966,-27.519617,2,2656C6B4-988A-A958-5107-5422027AEE1D
3.4323893,10.638461,2,2656C6B4-988A-A958-5107-5422027AEE1D
-2.9505136,15.819598,2,2656C6B4-988A-A958-5107-5422027AEE1D
-3.0001838,15.813048,2,2656C6B4-988A-A958-5107-5422027AEE1D
-21.466503,-10.27057,2,2656C6B4-988A-A958-5107-5422027AEE1D
-39.850906,-13.77137,2,2656C6B4-988A-A958-5107-5422027AEE1D
24.65632,-24.247385,2,2656C6B4-988A-A958-5107-5422027AEE1D
24.596392,-24.223768,2,2656C6B4-988A-A958-5107-5422027AEE1D
8.2287655,-30.732594,0,2656C6B4-988A-A958-5107-5422027AEE1D
17.652678,-33.909187,0,2656C6B4-988A-A958-5107-5422027AEE1D
-26.829603,-24.731352,0,2656C6B4-988A-A958-5107-5422027AEE1D
-44.965572,-1.5258708,0,2656C6B4-988A-A958-5107-5422027AEE1D
-44.901196,-1.4702913,0,2656C6B4-988A-A958-5107-5422027AEE1D
-44.89877,-1.4695355,0,2656C6B4-988A-A958-5107-5422027AEE1D
-44.404686,-1.6957438,0,2656C6B4-988A-A958-5107-5422027AEE1D
-45.796375,-2.545962,0,2656C6B4-988A-A958-5107-5422027AEE1D
26.86556,44.79284,0,27C12E79-B4DD-AA48-E99E-552C6BAEBA6F
26.457224,44.640182,2,27C12E79-B4DD-AA48-E99E-552C6BAEBA6F
26.662363,45.389484,2,27C12E79-B4DD-AA48-E99E-552C6BAEBA6F
25.310246,46.54251,2,27C12E79-B4DD-AA48-E99E-552C6BAEBA6F
30.568766,36.158207,2,27C12E79-B4DD-AA48-E99E-552C6BAEBA6F
30.555693,36.16854,2,27C12E79-B4DD-AA48-E99E-552C6BAEBA6F
-28.954685,8.160396,2,27C12E79-B4DD-AA48-E99E-552C6BAEBA6F
3.5133803,6.4029527,0,27C12E79-B4DD-AA48-E99E-552C6BAEBA6F
3.9481485,6.0152135,0,27C12E79-B4DD-AA48-E99E-552C6BAEBA6F
3.8853698,6.0528564,0,27C12E79-B4DD-AA48-E99E-552C6BAEBA6F
4.133148,5.8596406,0,27C12E79-B4DD-AA48-E99E-552C6BAEBA6F
0.2938202,-10.20671,0,27C12E79-B4DD-AA48-E99E-552C6BAEBA6F
-17.342772,-20.02629,2,27C12E79-B4DD-AA48-E99E-552C6BAEBA6F
-23.170366,-22.461048,2,27C12E79-B4DD-AA48-E99E-552C6BAEBA6F
-34.36757,-18.47204,2,27C12E79-B4DD-AA48-E99E-552C6BAEBA6F
-34.265987,-18.590937,2,27C12E79-B4DD-AA48-E99E-552C6BAEBA6F
-22.664106,-22.049269,2,27C12E79-B4DD-AA48-E99E-552C6BAEBA6F
9.649426,-32.31534,2,27C12E79-B4DD-AA48-E99E-552C6BAEBA6F
38.55189,-17.099737,2,27C12E79-B4DD-AA48-E99E-552C6BAEBA6F
54.157036,-26.461084,0,27C12E79-B4DD-AA48-E99E-552C6BAEBA6F
21.889177,-10.264485,0,27C12E79-B4DD-AA48-E99E-552C6BAEBA6F
10.03781,-0.28897965,0,27C12E79-B4DD-AA48-E99E-552C6BAEBA6F
10.038907,-0.23923725,0,27C12E79-B4DD-AA48-E99E-552C6BAEBA6F
0.30543792,-13.951978,2,27C12E79-B4DD-AA48-E99E-552C6BAEBA6F
15.230923,16.316229,0,2C636222-CB43-AB6F-444A-7278047991C7
-24.99012,39.957245,0,2C636222-CB43-AB6F-444A-7278047991C7
-5.086611,45.422806,0,2C636222-CB43-AB6F-444A-7278047991C7
-6.229503,45.47699,0,2C636222-CB43-AB6F-444A-7278047991C7
-6.3140163,45.43336,0,2C636222-CB43-AB6F-444A-7278047991C7
8.886175,23.97803,0,2C636222-CB43-AB6F-444A-7278047991C7
10.54882,8.900771,0,2C636222-CB43-AB6F-444A-7278047991C7
-0.6236769,16.89417,0,2C636222-CB43-AB6F-444A-7278047991C7
-17.386932,16.919582,0,2C636222-CB43-AB6F-444A-7278047991C7
-17.558062,16.78381,0,2C636222-CB43-AB6F-444A-7278047991C7
-5.958967,19.703415,0,2C636222-CB43-AB6F-444A-7278047991C7
-6.4001074,19.736542,0,2C636222-CB43-AB6F-444A-7278047991C7
-47.269855,-6.279991,0,2C636222-CB43-AB6F-444A-7278047991C7
-47.23265,-6.3053093,0,2C636222-CB43-AB6F-444A-7278047991C7
-47.26437,-6.3594747,0,2C636222-CB43-AB6F-444A-7278047991C7
-47.268696,-6.4120884,0,2C636222-CB43-AB6F-444A-7278047991C7
-47.424828,-6.478715,0,2C636222-CB43-AB6F-444A-7278047991C7
8.056331,-8.843242,0,2C636222-CB43-AB6F-444A-7278047991C7
-16.932198,44.645855,1,2C636222-CB43-AB6F-444A-7278047991C7
-21.835287,53.022152,1,2C636222-CB43-AB6F-444A-7278047991C7
51.722538,-7.186394,1,2C636222-CB43-AB6F-444A-7278047991C7
53.576065,-9.036721,0,2C636222-CB43-AB6F-444A-7278047991C7
54.33128,-18.7067,0,2C636222-CB43-AB6F-444A-7278047991C7
-3.9671617,20.418879,0,2C636222-CB43-AB6F-444A-7278047991C7
-14.7163725,22.174583,1,2C636222-CB43-AB6F-444A-7278047991C7
7.9345803,-14.821977,0,2C636222-CB43-AB6F-444A-7278047991C7
15.33872,-7.272926,0,2C636222-CB43-AB6F-444A-7278047991C7
15.552003,-7.2387967,0,2C636222-CB43-AB6F-444A-7278047991C7
24.933317,-13.131622,0,2C636222-CB43-AB6F-444A-7278047991C7
-1.2335982,18.935848,0,2C636222-CB43-AB6F-444A-7278047991C7
-8.875253,18.77299,0,2C636222-CB43-AB6F-444A-7278047991C7
-9.000263,18.763256,0,2C636222-CB43-AB6F-444A-7278047991C7
-8.1563635,19.445898,1,2C636222-CB43-AB6F-444A-7278047991C7
-8.172816,19.543259,0,2C636222-CB43-AB6F-444A-7278047991C7
6.9793353,6.8500557,0,2C636222-CB43-AB6F-444A-7278047991C7
-8.806502,24.45228,0,2C636222-CB43-AB6F-444A-7278047991C7
-16.69692,47.657726,2,35FEE4B0-EF25-110F-8D86-5410FA57646B
-7.488015,49.42693,2,35FEE4B0-EF25-110F-8D86-5410FA57646B
-6.7241454,49.55696,2,35FEE4B0-EF25-110F-8D86-5410FA57646B
-6.4327044,49.50295,2,35FEE4B0-EF25-110F-8D86-5410FA57646B
32.47516,4.847159,2,35FEE4B0-EF25-110F-8D86-5410FA57646B
10.538267,-24.740921,2,35FEE4B0-EF25-110F-8D86-5410FA57646B
24.941294,45.710567,1,37249306-1597-DC6D-3544-6FEDBBF8B848
23.945732,47.15423,2,37249306-1597-DC6D-3544-6FEDBBF8B848
43.754604,5.6820602,2,37249306-1597-DC6D-3544-6FEDBBF8B848
45.03549,5.8138437,2,37249306-1597-DC6D-3544-6FEDBBF8B848
44.56697,5.841721,2,37249306-1597-DC6D-3544-6FEDBBF8B848
44.652145,5.7411003,2,37249306-1597-DC6D-3544-6FEDBBF8B848
9.953387,-24.061861,2,37249306-1597-DC6D-3544-6FEDBBF8B848
14.989071,-25.316923,2,37249306-1597-DC6D-3544-6FEDBBF8B848
15.161613,-25.349453,0,37249306-1597-DC6D-3544-6FEDBBF8B848
15.303728,-25.362965,0,37249306-1597-DC6D-3544-6FEDBBF8B848
15.3872795,-26.083376,0,37249306-1597-DC6D-3544-6FEDBBF8B848
20.661366,9.702662,0,37249306-1597-DC6D-3544-6FEDBBF8B848
-50.313328,-0.32345676,1,37249306-1597-DC6D-3544-6FEDBBF8B848
-44.819492,-13.883636,1,37249306-1597-DC6D-3544-6FEDBBF8B848
-18.251965,-17.738287,2,37249306-1597-DC6D-3544-6FEDBBF8B848
-18.37001,-17.87604,2,37249306-1597-DC6D-3544-6FEDBBF8B848
-18.538477,-17.728718,2,37249306-1597-DC6D-3544-6FEDBBF8B848
-18.974167,-17.77754,2,37249306-1597-DC6D-3544-6FEDBBF8B848
-28.4004,-55.470135,0,37249306-1597-DC6D-3544-6FEDBBF8B848
37.01474,2.2767007,0,37249306-1597-DC6D-3544-6FEDBBF8B848
11.876906,-25.316414,0,37249306-1597-DC6D-3544-6FEDBBF8B848
11.360782,-25.217512,0,37249306-1597-DC6D-3544-6FEDBBF8B848
11.422576,-25.232718,2,37249306-1597-DC6D-3544-6FEDBBF8B848
10.821822,-25.484987,2,37249306-1597-DC6D-3544-6FEDBBF8B848
-20.343073,15.557614,0,37249306-1597-DC6D-3544-6FEDBBF8B848
-7.0781736,14.666469,0,37249306-1597-DC6D-3544-6FEDBBF8B848
-23.547394,56.359875,1,3C54E0F5-9C12-3137-9EC1-39645770F53A
-18.208622,56.03549,1,3C54E0F5-9C12-3137-9EC1-39645770F53A
-18.374277,56.062347,1,3C54E0F5-9C12-3137-9EC1-39645770F53A
-4.8880353,43.776497,1,3C54E0F5-9C12-3137-9EC1-39645770F53A
-19.255909,42.552055,1,3C54E0F5-9C12-3137-9EC1-39645770F53A
-19.408365,42.55452,1,3C54E0F5-9C12-3137-9EC1-39645770F53A
-35.632114,-53.53797,2,3C54E0F5-9C12-3137-9EC1-39645770F53A
-35.61781,-53.547504,2,3C54E0F5-9C12-3137-9EC1-39645770F53A
23.769285,-37.59363,2,3C54E0F5-9C12-3137-9EC1-39645770F53A
-43.992355,-9.079744,2,3C54E0F5-9C12-3137-9EC1-39645770F53A
-39.05981,0.73269135,2,3C54E0F5-9C12-3137-9EC1-39645770F53A
6.942658,59.64211,0,3C54E0F5-9C12-3137-9EC1-39645770F53A
-31.724674,-58.43951,1,3C54E0F5-9C12-3137-9EC1-39645770F53A
-31.489958,-58.419796,1,3C54E0F5-9C12-3137-9EC1-39645770F53A
-31.476334,-58.414585,1,3C54E0F5-9C12-3137-9EC1-39645770F53A
-31.428566,-58.50026,1,3C54E0F5-9C12-3137-9EC1-39645770F53A
-17.639784,-7.534379,1,3C54E0F5-9C12-3137-9EC1-39645770F53A
-17.748966,-7.791542,1,3C54E0F5-9C12-3137-9EC1-39645770F53A
-19.78276,9.08073,0,3C54E0F5-9C12-3137-9EC1-39645770F53A
-29.912971,12.484359,0,3C54E0F5-9C12-3137-9EC1-39645770F53A
-28.983545,12.442609,0,3C54E0F5-9C12-3137-9EC1-39645770F53A
-29.295198,12.511861,0,3C54E0F5-9C12-3137-9EC1-39645770F53A
-28.83222,13.083841,1,3C54E0F5-9C12-3137-9EC1-39645770F53A
-53.954224,-8.310596,1,3C54E0F5-9C12-3137-9EC1-39645770F53A
9.093338,57.067146,2,3FC0B5B3-AC42-BF96-D8EE-10E81EAAACF6
8.577492,57.527096,0,3FC0B5B3-AC42-BF96-D8EE-10E81EAAACF6
7.271623,56.939262,0,3FC0B5B3-AC42-BF96-D8EE-10E81EAAACF6
5.7809143,59.419598,0,3FC0B5B3-AC42-BF96-D8EE-10E81EAAACF6
-23.907383,49.83228,0,3FC0B5B3-AC42-BF96-D8EE-10E81EAAACF6
-23.82539,49.849495,0,3FC0B5B3-AC42-BF96-D8EE-10E81EAAACF6
-17.080767,53.675156,2,3FC0B5B3-AC42-BF96-D8EE-10E81EAAACF6
-17.095833,53.673157,2,3FC0B5B3-AC42-BF96-D8EE-10E81EAAACF6
9.714694,26.244019,2,3FC0B5B3-AC42-BF96-D8EE-10E81EAAACF6
15.249635,22.205444,2,3FC0B5B3-AC42-BF96-D8EE-10E81EAAACF6
51.300144,-7.917527,2,3FC0B5B3-AC42-BF96-D8EE-10E81EAAACF6
51.354664,-7.994776,2,3FC0B5B3-AC42-BF96-D8EE-10E81EAAACF6
-3.8134475,39.956585,1,3FC0B5B3-AC42-BF96-D8EE-10E81EAAACF6
-3.8180327,39.935974,2,3FC0B5B3-AC42-BF96-D8EE-10E81EAAACF6
-21.048723,40.107613,2,3FC0B5B3-AC42-BF96-D8EE-10E81EAAACF6
-3.0764635,53.158325,2,3FC0B5B3-AC42-BF96-D8EE-10E81EAAACF6
45.784214,-2.2400022,2,3FC0B5B3-AC42-BF96-D8EE-10E81EAAACF6
-0.93719447,-33.957516,2,3FC0B5B3-AC42-BF96-D8EE-10E81EAAACF6
-24.94938,49.84805,2,3FC0B5B3-AC42-BF96-D8EE-10E81EAAACF6
-9.871007,55.030293,2,3FC0B5B3-AC42-BF96-D8EE-10E81EAAACF6
-1.3790976,53.28192,0,3FC0B5B3-AC42-BF96-D8EE-10E81EAAACF6
-24.69875,37.66067,0,3FC0B5B3-AC42-BF96-D8EE-10E81EAAACF6
11.310441,-30.263304,0,3FC0B5B3-AC42-BF96-D8EE-10E81EAAACF6
11.643068,-29.906282,0,3FC0B5B3-AC42-BF96-D8EE-10E81EAAACF6
38.59048,-17.704239,2,3FC0B5B3-AC42-BF96-D8EE-10E81EAAACF6
25.71925,-6.59318,2,3FC0B5B3-AC42-BF96-D8EE-10E81EAAACF6
25.765465,-6.656353,2,3FC0B5B3-AC42-BF96-D8EE-10E81EAAACF6
26.14927,-7.2114773,2,3FC0B5B3-AC42-BF96-D8EE-10E81EAAACF6
-39.641594,-18.445621,2,3FC0B5B3-AC42-BF96-D8EE-10E81EAAACF6
-39.720844,-18.391956,2,3FC0B5B3-AC42-BF96-D8EE-10E81EAAACF6
-22.55764,46.928223,0,4690C2DC-C0B5-6C1B-880A-D31C46C8A565
-21.91563,54.4246,0,4690C2DC-C0B5-6C1B-880A-D31C46C8A565
-21.788961,54.307644,0,4690C2DC-C0B5-6C1B-880A-D31C46C8A565
10.187545,54.175232,0,4690C2DC-C0B5-6C1B-880A-D31C46C8A565
42.90102,4.795439,0,4690C2DC-C0B5-6C1B-880A-D31C46C8A565
40.929333,4.426292,0,4690C2DC-C0B5-6C1B-880A-D31C46C8A565
-10.89879,44.09446,2,4690C2DC-C0B5-6C1B-880A-D31C46C8A565
-10.883098,44.122948,2,4690C2DC-C0B5-6C1B-880A-D31C46C8A565
-11.329029,43.98439,2,4690C2DC-C0B5-6C1B-880A-D31C46C8A565
-3.6266005,42.47259,2,4690C2DC-C0B5-6C1B-880A-D31C46C8A565
-1.1771867,51.285015,2,4690C2DC-C0B5-6C1B-880A-D31C46C8A565
0.114190064,51.62587,2,4690C2DC-C0B5-6C1B-880A-D31C46C8A565
-23.509695,11.8978615,0,4690C2DC-C0B5-6C1B-880A-D31C46C8A565
-48.922184,-18.498526,2,4690C2DC-C0B5-6C1B-880A-D31C46C8A565
16.721493,-33.51272,2,4690C2DC-C0B5-6C1B-880A-D31C46C8A565
11.06076,-35.258377,2,4690C2DC-C0B5-6C1B-880A-D31C46C8A565
16.408867,-33.561882,2,4690C2DC-C0B5-6C1B-880A-D31C46C8A565
16.976332,-33.56588,2,4690C2DC-C0B5-6C1B-880A-D31C46C8A565
-38.983704,4.987283,2,4690C2DC-C0B5-6C1B-880A-D31C46C8A565
-39.731808,3.126789,2,4690C2DC-C0B5-6C1B-880A-D31C46C8A565
-39.793247,3.0721502,2,4690C2DC-C0B5-6C1B-880A-D31C46C8A565
-39.42829,3.1870263,2,4690C2DC-C0B5-6C1B-880A-D31C46C8A565
-24.054714,9.069106,2,4690C2DC-C0B5-6C1B-880A-D31C46C8A565
-37.979397,3.987579,2,4690C2DC-C0B5-6C1B-880A-D31C46C8A565
11.360845,25.826052,2,46A9A47E-EDE3-2EF4-2F06-E95AF67D57E1
-28.2434,45.62812,2,46A9A47E-EDE3-2EF4-2F06-E95AF67D57E1
16.063354,0.2503781,0,46A9A47E-EDE3-2EF4-2F06-E95AF67D57E1
16.249008,0.057321414,0,46A9A47E-EDE3-2EF4-2F06-E95AF67D57E1
16.256943,0.045523092,0,46A9A47E-EDE3-2EF4-2F06-E95AF67D57E1
16.165613,0.20062307,0,46A9A47E-EDE3-2EF4-2F06-E95AF67D57E1
-4.8903484,46.82553,2,46A9A47E-EDE3-2EF4-2F06-E95AF67D57E1
-25.185163,46.932903,2,46A9A47E-EDE3-2EF4-2F06-E95AF67D57E1
-23.744926,46.250034,2,46A9A47E-EDE3-2EF4-2F06-E95AF67D57E1
-13.702591,22.378767,2,46A9A47E-EDE3-2EF4-2F06-E95AF67D57E1
-13.776231,22.316479,2,46A9A47E-EDE3-2EF4-2F06-E95AF67D57E1
-13.741871,22.359415,0,46A9A47E-EDE3-2EF4-2F06-E95AF67D57E1
-15.261587,18.096521,0,46A9A47E-EDE3-2EF4-2F06-E95AF67D57E1
-15.398164,17.957336,0,46A9A47E-EDE3-2EF4-2F06-E95AF67D57E1
-15.448449,17.872192,2,46A9A47E-EDE3-2EF4-2F06-E95AF67D57E1
-15.104454,13.588749,2,46A9A47E-EDE3-2EF4-2F06-E95AF67D57E1
-17.025274,49.35912,2,46A9A47E-EDE3-2EF4-2F06-E95AF67D57E1
-11.083723,50.011875,2,46A9A47E-EDE3-2EF4-2F06-E95AF67D57E1
20.801773,-24.1076,1,47494449-E68E-E554-8BB1-ECEEE432E269
20.885708,-24.120886,1,47494449-E68E-E554-8BB1-ECEEE432E269
-20.246069,-17.7661,2,47494449-E68E-E554-8BB1-ECEEE432E269
4.3832273,-26.829086,2,47494449-E68E-E554-8BB1-ECEEE432E269
23.888866,10.698942,2,47494449-E68E-E554-8BB1-ECEEE432E269
23.717062,10.788775,2,47494449-E68E-E554-8BB1-ECEEE432E269
-36.38071,-15.342989,2,47494449-E68E-E554-8BB1-ECEEE432E269
-27.27809,-25.248096,2,47494449-E68E-E554-8BB1-ECEEE432E269
-27.26884,-25.388317,2,47494449-E68E-E554-8BB1-ECEEE432E269
-26.460228,-26.307003,2,47494449-E68E-E554-8BB1-ECEEE432E269
-26.603048,-25.984346,2,47494449-E68E-E554-8BB1-ECEEE432E269
6.408469,-24.02819,2,47494449-E68E-E554-8BB1-ECEEE432E269
54.370556,-22.248556,2,47494449-E68E-E554-8BB1-ECEEE432E269
2.1874025,-29.582983,2,47494449-E68E-E554-8BB1-ECEEE432E269
-34.932556,-15.435709,2,47494449-E68E-E554-8BB1-ECEEE432E269
23.432535,-39.060547,2,47494449-E68E-E554-8BB1-ECEEE432E269
23.456953,-39.071053,2,47494449-E68E-E554-8BB1-ECEEE432E269
23.241835,-39.048462,2,47494449-E68E-E554-8BB1-ECEEE432E269
-50.463696,4.5528474,2,47494449-E68E-E554-8BB1-ECEEE432E269
-50.521606,4.5366983,2,47494449-E68E-E554-8BB1-ECEEE432E269
-50.58921,4.3071966,2,47494449-E68E-E554-8BB1-ECEEE432E269
-50.465874,4.0359244,2,47494449-E68E-E554-8BB1-ECEEE432E269
-21.472599,13.256055,2,47494449-E68E-E554-8BB1-ECEEE432E269
10.703079,-6.381282,2,47494449-E68E-E554-8BB1-ECEEE432E269
-54.390476,-6.978357,1,48847236-6E23-6E61-57CD-780C68FAA2C2
-54.34605,-7.0081487,1,48847236-6E23-6E61-57CD-780C68FAA2C2
-53.72196,-6.736466,1,48847236-6E23-6E61-57CD-780C68FAA2C2
-2.7970748,45.562164,1,48847236-6E23-6E61-57CD-780C68FAA2C2
-2.7962823,45.527157,1,48847236-6E23-6E61-57CD-780C68FAA2C2
34.20495,33.20032,1,48847236-6E23-6E61-57CD-780C68FAA2C2
-30.19118,-54.714504,2,48847236-6E23-6E61-57CD-780C68FAA2C2
-30.831139,-54.21419,2,48847236-6E23-6E61-57CD-780C68FAA2C2
-30.992264,-54.35797,2,48847236-6E23-6E61-57CD-780C68FAA2C2
-31.226246,-53.860023,2,48847236-6E23-6E61-57CD-780C68FAA2C2
8.995745,-13.712453,2,48847236-6E23-6E61-57CD-780C68FAA2C2
8.875796,-13.710829,2,48847236-6E23-6E61-57CD-780C68FAA2C2
0.34166226,-16.717161,2,48847236-6E23-6E61-57CD-780C68FAA2C2
0.6825463,-16.001846,2,48847236-6E23-6E61-57CD-780C68FAA2C2
-22.4543,-10.108876,2,48847236-6E23-6E61-57CD-780C68FAA2C2
-54.903267,-9.95445,2,48847236-6E23-6E61-57CD-780C68FAA2C2
-16.377043,11.265927,2,48847236-6E23-6E61-57CD-780C68FAA2C2
-3.0850084,6.314258,2,48847236-6E23-6E61-57CD-780C68FAA2C2
-32.24103,-12.729238,2,48D32E40-ABB9-E3FB-185C-8A5AA0C44CBF
-32.274868,-12.717369,2,48D32E40-ABB9-E3FB-185C-8A5AA0C44CBF
-22.646786,37.676212,2,48D32E40-ABB9-E3FB-185C-8A5AA0C44CBF
-22.667347,37.6817,2,48D32E40-ABB9-E3FB-185C-8A5AA0C44CBF
-22.667635,37.68318,2,48D32E40-ABB9-E3FB-185C-8A5AA0C44CBF
-22.637987,37.670414,2,48D32E40-ABB9-E3FB-185C-8A5AA0C44CBF
-22.84893,20.850615,2,48D32E40-ABB9-E3FB-185C-8A5AA0C44CBF
-23.627298,20.428898,2,48D32E40-ABB9-E3FB-185C-8A5AA0C44CBF
-23.144897,20.652378,0,48D32E40-ABB9-E3FB-185C-8A5AA0C44CBF
-22.080225,20.860064,0,48D32E40-ABB9-E3FB-185C-8A5AA0C44CBF
-23.033949,20.559742,2,48D32E40-ABB9-E3FB-185C-8A5AA0C44CBF
-6.0215325,20.989925,2,48D32E40-ABB9-E3FB-185C-8A5AA0C44CBF
23.579084,-1.1639124,2,48D32E40-ABB9-E3FB-185C-8A5AA0C44CBF
23.526852,-1.0818555,2,48D32E40-ABB9-E3FB-185C-8A5AA0C44CBF
-0.6191445,1.9213492,2,48D32E40-ABB9-E3FB-185C-8A5AA0C44CBF
39.87998,-30.364939,0,48D32E40-ABB9-E3FB-185C-8A5AA0C44CBF
31.98841,-33.222145,0,48D32E40-ABB9-E3FB-185C-8A5AA0C44CBF
24.16111,-37.08806,0,48D32E40-ABB9-E3FB-185C-8A5AA0C44CBF
8.107232,0.3122692,2,48D32E40-ABB9-E3FB-185C-8A5AA0C44CBF
20.665457,-32.86949,0,48D32E40-ABB9-E3FB-185C-8A5AA0C44CBF
14.98284,14.675558,0,48D32E40-ABB9-E3FB-185C-8A5AA0C44CBF
14.41259,2.549095,2,48D32E40-ABB9-E3FB-185C-8A5AA0C44CBF
14.49107,2.4989572,2,48D32E40-ABB9-E3FB-185C-8A5AA0C44CBF
18.713772,-0.82946444,2,48D32E40-ABB9-E3FB-185C-8A5AA0C44CBF
-5.5830207,6.9952917,2,48D32E40-ABB9-E3FB-185C-8A5AA0C44CBF
-5.3560257,6.770379,2,48D32E40-ABB9-E3FB-185C-8A5AA0C44CBF
-34.48973,12.486611,2,48D32E40-ABB9-E3FB-185C-8A5AA0C44CBF
-34.488102,12.478414,0,48D32E40-ABB9-E3FB-185C-8A5AA0C44CBF
-34.65179,12.249796,0,48D32E40-ABB9-E3FB-185C-8A5AA0C44CBF
-5.2517457,20.859024,0,48D32E40-ABB9-E3FB-185C-8A5AA0C44CBF
-14.739523,18.74792,0,48D32E40-ABB9-E3FB-185C-8A5AA0C44CBF
11.179197,3.945254,0,48D32E40-ABB9-E3FB-185C-8A5AA0C44CBF
19.743113,-2.0577457,2,48D32E40-ABB9-E3FB-185C-8A5AA0C44CBF
19.63785,-2.0877795,2,48D32E40-ABB9-E3FB-185C-8A5AA0C44CBF
12.784805,2.804982,2,48D32E40-ABB9-E3FB-185C-8A5AA0C44CBF
12.012908,3.2200968,2,48D32E40-ABB9-E3FB-185C-8A5AA0C44CBF
35.82383,-19.56585,2,4B423110-8A54-A87F-39BB-D68BF033C7FC
17.072107,-11.883627,2,4B423110-8A54-A87F-39BB-D68BF033C7FC
10.269774,-15.168865,2,4B423110-8A54-A87F-39BB-D68BF033C7FC
-3.80776,2.566517,2,4B423110-8A54-A87F-39BB-D68BF033C7FC
-13.19045,4.0175676,2,4B423110-8A54-A87F-39BB-D68BF033C7FC
-13.143962,4.033893,1,4B423110-8A54-A87F-39BB-D68BF033C7FC
49.260292,-17.917883,2,4B423110-8A54-A87F-39BB-D68BF033C7FC
49.063503,-17.838625,2,4B423110-8A54-A87F-39BB-D68BF033C7FC
49.82733,-17.793793,2,4B423110-8A54-A87F-39BB-D68BF033C7FC
21.926226,-30.194345,0,4B423110-8A54-A87F-39BB-D68BF033C7FC
39.2718,-19.773048,0,4B423110-8A54-A87F-39BB-D68BF033C7FC
39.287483,-19.789494,0,4B423110-8A54-A87F-39BB-D68BF033C7FC
27.27184,-24.316837,2,4B423110-8A54-A87F-39BB-D68BF033C7FC
-9.993202,14.585598,2,4B423110-8A54-A87F-39BB-D68BF033C7FC
-9.28258,15.361157,2,4B423110-8A54-A87F-39BB-D68BF033C7FC
-9.300519,15.422509,2,4B423110-8A54-A87F-39BB-D68BF033C7FC
-9.133465,15.32786,1,4B423110-8A54-A87F-39BB-D68BF033C7FC
-8.714618,15.341711,0,4B423110-8A54-A87F-39BB-D68BF033C7FC
17.461271,52.50913,2,4BD5749B-A1D2-E6C9-156F-DF107802D3BE
17.160818,52.68799,2,4BD5749B-A1D2-E6C9-156F-DF107802D3BE
20.036367,52.949783,2,4BD5749B-A1D2-E6C9-156F-DF107802D3BE
20.079395,53.089943,2,4BD5749B-A1D2-E6C9-156F-DF107802D3BE
20.848444,50.901955,2,4BD5749B-A1D2-E6C9-156F-DF107802D3BE
25.186005,43.978798,2,4BD5749B-A1D2-E6C9-156F-DF107802D3BE
-14.250032,46.080235,1,4BD5749B-A1D2-E6C9-156F-DF107802D3BE
-14.638819,46.11786,1,4BD5749B-A1D2-E6C9-156F-DF107802D3BE
45.15497,-3.2867105,1,4BD5749B-A1D2-E6C9-156F-DF107802D3BE
20.095951,-12.692487,2,4BD5749B-A1D2-E6C9-156F-DF107802D3BE
20.077152,-12.6629925,2,4BD5749B-A1D2-E6C9-156F-DF107802D3BE
27.637604,-32.860867,2,4BD5749B-A1D2-E6C9-156F-DF107802D3BE
-3.984382,-21.415937,1,4BD5749B-A1D2-E6C9-156F-DF107802D3BE
-4.751327,-21.317295,1,4BD5749B-A1D2-E6C9-156F-DF107802D3BE
-4.3615556,-21.395452,1,4BD5749B-A1D2-E6C9-156F-DF107802D3BE
-45.02778,-16.222124,2,4BD5749B-A1D2-E6C9-156F-DF107802D3BE
-9.594684,43.027435,2,4BD5749B-A1D2-E6C9-156F-DF107802D3BE
9.138537,51.13838,2,4BD5749B-A1D2-E6C9-156F-DF107802D3BE
-20.870201,40.33466,2,4BD5749B-A1D2-E6C9-156F-DF107802D3BE
25.073921,-31.619648,2,4BD5749B-A1D2-E6C9-156F-DF107802D3BE
25.115494,-31.73865,2,4BD5749B-A1D2-E6C9-156F-DF107802D3BE
26.594267,-31.631237,2,4BD5749B-A1D2-E6C9-156F-DF107802D3BE
26.264174,-31.578476,1,4BD5749B-A1D2-E6C9-156F-DF107802D3BE
28.126747,-31.923538,1,4BD5749B-A1D2-E6C9-156F-DF107802D3BE
-36.436073,15.486185,1,4BD5749B-A1D2-E6C9-156F-DF107802D3BE
-36.47779,15.463711,1,4BD5749B-A1D2-E6C9-156F-DF107802D3BE
-35.036148,15.589243,1,4BD5749B-A1D2-E6C9-156F-DF107802D3BE
-7.508206,-6.2871294,2,4BD5749B-A1D2-E6C9-156F-DF107802D3BE
-24.852776,-26.864382,2,4BD5749B-A1D2-E6C9-156F-DF107802D3BE
-26.141197,-25.343758,2,4BD5749B-A1D2-E6C9-156F-DF107802D3BE
34.320908,4.113937,2,4BFAECAC-0CC2-F9AC-17BB-7343BE737D81
35.82544,2.88775,2,4BFAECAC-0CC2-F9AC-17BB-7343BE737D81
45.584225,-3.2296484,2,4BFAECAC-0CC2-F9AC-17BB-7343BE737D81
42.62946,-7.7199707,2,4BFAECAC-0CC2-F9AC-17BB-7343BE737D81
36.409145,-4.4997735,2,4BFAECAC-0CC2-F9AC-17BB-7343BE737D81
36.395496,-4.662749,2,4BFAECAC-0CC2-F9AC-17BB-7343BE737D81
11.159297,56.196926,2,4BFAECAC-0CC2-F9AC-17BB-7343BE737D81
-13.450158,58.05089,2,4BFAECAC-0CC2-F9AC-17BB-7343BE737D81
29.82936,0.6943952,2,4BFAECAC-0CC2-F9AC-17BB-7343BE737D81
39.519627,-15.251995,2,4BFAECAC-0CC2-F9AC-17BB-7343BE737D81
36.722168,-18.260746,2,4BFAECAC-0CC2-F9AC-17BB-7343BE737D81
36.50202,-18.306894,2,4BFAECAC-0CC2-F9AC-17BB-7343BE737D81
-7.995817,-5.538359,2,4BFAECAC-0CC2-F9AC-17BB-7343BE737D81
-10.92517,-7.363423,2,4BFAECAC-0CC2-F9AC-17BB-7343BE737D81
8.698605,-1.4787308,2,4BFAECAC-0CC2-F9AC-17BB-7343BE737D81
9.216677,-1.4525756,1,4BFAECAC-0CC2-F9AC-17BB-7343BE737D81
9.220976,-1.1139538,2,4BFAECAC-0CC2-F9AC-17BB-7343BE737D81
3.9576054,-3.2891073,2,4BFAECAC-0CC2-F9AC-17BB-7343BE737D81
17.132168,3.6619425,0,4BFAECAC-0CC2-F9AC-17BB-7343BE737D81
16.245821,11.079677,0,4BFAECAC-0CC2-F9AC-17BB-7343BE737D81
-7.6884565,8.923914,2,4BFAECAC-0CC2-F9AC-17BB-7343BE737D81
36.498615,1.5314642,2,4BFAECAC-0CC2-F9AC-17BB-7343BE737D81
6.155469,-21.596872,2,4BFAECAC-0CC2-F9AC-17BB-7343BE737D81
23.061056,-15.788305,2,4BFAECAC-0CC2-F9AC-17BB-7343BE737D81
19.336508,50.15277,2,5270C847-54C3-180E-9737-1D87A639C450
19.26929,50.2481,2,5270C847-54C3-180E-9737-1D87A639C450
12.743555,54.27699,2,5270C847-54C3-180E-9737-1D87A639C450
12.742991,54.147,2,5270C847-54C3-180E-9737-1D87A639C450
13.037369,56.369823,2,5270C847-54C3-180E-9737-1D87A639C450
-20.875692,59.625736,2,5270C847-54C3-180E-9737-1D87A639C450
-4.740873,-36.547302,0,5270C847-54C3-180E-9737-1D87A639C450
-4.971147,-36.3343,0,5270C847-54C3-180E-9737-1D87A639C450
24.646395,-39.231632,0,5270C847-54C3-180E-9737-1D87A639C450
50.80522,-5.408087,0,5270C847-54C3-180E-9737-1D87A639C450
50.812046,-5.404313,0,5270C847-54C3-180E-9737-1D87A639C450
50.772243,-5.3725653,2,5270C847-54C3-180E-9737-1D87A639C450
33.539642,-26.453066,2,5270C847-54C3-180E-9737-1D87A639C450
33.807835,-26.284437,2,5270C847-54C3-180E-9737-1D87A639C450
40.689896,-17.416515,2,5270C847-54C3-180E-9737-1D87A639C450
36.15421,-21.727219,2,5270C847-54C3-180E-9737-1D87A639C450
34.236202,-21.559984,2,5270C847-54C3-180E-9737-1D87A639C450
43.278374,-19.980867,2,5270C847-54C3-180E-9737-1D87A639C450
34.101845,-23.371496,2,5270C847-54C3-180E-9737-1D87A639C450
12.211517,19.008663,2,5270C847-54C3-180E-9737-1D87A639C450
24.558588,-17.925762,2,5270C847-54C3-180E-9737-1D87A639C450
0.112212464,16.521646,2,5270C847-54C3-180E-9737-1D87A639C450
11.119241,2.813802,2,5270C847-54C3-180E-9737-1D87A639C450
22.25057,-13.315096,2,5270C847-54C3-180E-9737-1D87A639C450
-32.597294,-10.857188,2,5690E95B-9747-B2B5-2EE1-16A72200D5CC
-33.349438,-11.95656,2,5690E95B-9747-B2B5-2EE1-16A72200D5CC
-33.424114,-12.06958,0,5690E95B-9747-B2B5-2EE1-16A72200D5CC
-33.459026,-12.331128,0,5690E95B-9747-B2B5-2EE1-16A72200D5CC
-33.46036,-12.3283825,2,5690E95B-9747-B2B5-2EE1-16A72200D5CC
12.552775,57.23234,2,5690E95B-9747-B2B5-2EE1-16A72200D5CC
26.644863,-5.4625998,2,5690E95B-9747-B2B5-2EE1-16A72200D5CC
-2.4823537,57.04508,2,5690E95B-9747-B2B5-2EE1-16A72200D5CC
-8.159597,52.970814,2,5690E95B-9747-B2B5-2EE1-16A72200D5CC
-8.694859,52.915413,2,5690E95B-9747-B2B5-2EE1-16A72200D5CC
-8.786492,53.061558,2,5690E95B-9747-B2B5-2EE1-16A72200D5CC
-9.37697,51.654583,2,5690E95B-9747-B2B5-2EE1-16A72200D5CC
-41.829384,-11.987815,2,5690E95B-9747-B2B5-2EE1-16A72200D5CC
-38.336292,-12.984852,2,5690E95B-9747-B2B5-2EE1-16A72200D5CC
-38.32326,-13.02189,2,5690E95B-9747-B2B5-2EE1-16A72200D5CC
-22.859646,-14.603416,2,5690E95B-9747-B2B5-2EE1-16A72200D5CC
2.6481435,3.6421998,2,5690E95B-9747-B2B5-2EE1-16A72200D5CC
1.3783696,-9.824693,2,5690E95B-9747-B2B5-2EE1-16A72200D5CC
9.0172615,59.9938,0,58CB3C5E-2F5C-31FE-83E8-C6772D99B8D5
15.898131,51.947514,0,58CB3C5E-2F5C-31FE-83E8-C6772D99B8D5
7.077994,57.756264,0,58CB3C5E-2F5C-31FE-83E8-C6772D99B8D5
6.6384606,58.08738,0,58CB3C5E-2F5C-31FE-83E8-C6772D99B8D5
37.332634,3.0587623,2,58CB3C5E-2F5C-31FE-83E8-C6772D99B8D5
40.064987,-2.7488852,2,58CB3C5E-2F5C-31FE-83E8-C6772D99B8D5
19.568417,19.960169,2,58CB3C5E-2F5C-31FE-83E8-C6772D99B8D5
19.523924,19.999628,2,58CB3C5E-2F5C-31FE-83E8-C6772D99B8D5
-23.775139,14.728931,2,58CB3C5E-2F5C-31FE-83E8-C6772D99B8D5
-23.802408,14.714808,1,58CB3C5E-2F5C-31FE-83E8-C6772D99B8D5
-23.74272,14.6547365,0,58CB3C5E-2F5C-31FE-83E8-C6772D99B8D5
-50.63203,8.279924,0,58CB3C5E-2F5C-31FE-83E8-C6772D99B8D5
13.52056,55.295166,2,5CD23052-9069-615B-22B2-CB8E9A2413C9
6.3504667,58.411774,2,5CD23052-9069-615B-22B2-CB8E9A2413C9
5.355566,59.023922,0,5CD23052-9069-615B-22B2-CB8E9A2413C9
6.2518644,7.5143623,0,5CD23052-9069-615B-22B2-CB8E9A2413C9
21.05514,-3.2885852,0,5CD23052-9069-615B-22B2-CB8E9A2413C9
10.460083,4.3044796,0,5CD23052-9069-615B-22B2-CB8E9A2413C9
-26.110674,17.284805,0,5CD23052-9069-615B-22B2-CB8E9A2413C9
-5.159339,16.707342,1,5CD23052-9069-615B-22B2-CB8E9A2413C9
-3.8005216,1.0865544,1,5CD23052-9069-615B-22B2-CB8E9A2413C9
-12.016093,-7.2308445,1,5CD23052-9069-615B-22B2-CB8E9A2413C9
-35.690224,-51.183464,1,5CD23052-9069-615B-22B2-CB8E9A2413C9
-35.425266,-51.574165,1,5CD23052-9069-615B-22B2-CB8E9A2413C9
-35.583946,-50.675274,2,5CD23052-9069-615B-22B2-CB8E9A2413C9
-35.71258,-50.191975,2,5CD23052-9069-615B-22B2-CB8E9A2413C9
-35.75814,-49.755665,2,5CD23052-9069-615B-22B2-CB8E9A2413C9
-37.76159,-48.359615,2,5CD23052-9069-615B-22B2-CB8E9A2413C9
-8.163884,23.999405,0,5CD23052-9069-615B-22B2-CB8E9A2413C9
-7.762225,24.008982,0,5CD23052-9069-615B-22B2-CB8E9A2413C9
13.416478,-11.570661,2,5CD23052-9069-615B-22B2-CB8E9A2413C9
28.951555,-16.091661,2,5CD23052-9069-615B-22B2-CB8E9A2413C9
29.151014,-16.005234,0,5CD23052-9069-615B-22B2-CB8E9A2413C9
13.433107,-6.7210255,0,5CD23052-9069-615B-22B2-CB8E9A2413C9
-11.662056,20.904737,0,5CD23052-9069-615B-22B2-CB8E9A2413C9
-11.508598,20.921282,0,5CD23052-9069-615B-22B2-CB8E9A2413C9
-20.685411,55.999798,2,5E491E0A-C580-29BE-4329-ED7BFF843D0D
-20.887981,56.258686,0,5E491E0A-C580-29BE-4329-ED7BFF843D0D
-25.812952,48.411213,2,5E491E0A-C580-29BE-4329-ED7BFF843D0D
-24.664608,48.181202,2,5E491E0A-C580-29BE-4329-ED7BFF843D0D
20.892006,-2.697159,2,5E491E0A-C580-29BE-4329-ED7BFF843D0D
-3.941299,12.712986,0,5E491E0A-C580-29BE-4329-ED7BFF843D0D
-3.7678132,12.539938,0,5E491E0A-C580-29BE-4329-ED7BFF843D0D
2.2981167,8.11432,2,5E491E0A-C580-29BE-4329-ED7BFF843D0D
-2.791158,2.8741906,2,5E491E0A-C580-29BE-4329-ED7BFF843D0D
-34.512203,4.2860274,2,5E491E0A-C580-29BE-4329-ED7BFF843D0D
-40.023254,7.1722307,2,5E491E0A-C580-29BE-4329-ED7BFF843D0D
-39.971172,7.0804887,1,5E491E0A-C580-29BE-4329-ED7BFF843D0D
-39.90249,6.9847217,1,5E491E0A-C580-29BE-4329-ED7BFF843D0D
-39.927143,7.020519,1,5E491E0A-C580-29BE-4329-ED7BFF843D0D
-38.411846,-7.855179,1,5E491E0A-C580-29BE-4329-ED7BFF843D0D
12.105923,13.2697315,0,5E491E0A-C580-29BE-4329-ED7BFF843D0D
12.0233135,13.303761,0,5E491E0A-C580-29BE-4329-ED7BFF843D0D
12.054906,13.304092,0,5E491E0A-C580-29BE-4329-ED7BFF843D0D
46.21537,-6.0837955,2,5E491E0A-C580-29BE-4329-ED7BFF843D0D
-27.720217,39.35933,2,5E491E0A-C580-29BE-4329-ED7BFF843D0D
-43.808136,-8.923943,2,5E491E0A-C580-29BE-4329-ED7BFF843D0D
-39.82095,-1.4220079,2,5E491E0A-C580-29BE-4329-ED7BFF843D0D
-39.780636,-1.2683964,2,5E491E0A-C580-29BE-4329-ED7BFF843D0D
-8.988922,24.061934,2,5E491E0A-C580-29BE-4329-ED7BFF843D0D
-38.338478,2.28573,0,5E491E0A-C580-29BE-4329-ED7BFF843D0D
-41.643204,1.5939664,2,5E491E0A-C580-29BE-4329-ED7BFF843D0D
-42.04513,1.5735956,2,5E491E0A-C580-29BE-4329-ED7BFF843D0D
-39.935402,-12.132122,2,5E491E0A-C580-29BE-4329-ED7BFF843D0D
-34.602238,-21.178875,2,5E491E0A-C580-29BE-4329-ED7BFF843D0D
-34.09345,-21.624628,2,5E491E0A-C580-29BE-4329-ED7BFF843D0D
35.370632,-16.418146,0,5E491E0A-C580-29BE-4329-ED7BFF843D0D
35.31045,-16.513344,2,5E491E0A-C580-29BE-4329-ED7BFF843D0D
-30.705133,7.714521,2,5E491E0A-C580-29BE-4329-ED7BFF843D0D
-31.033895,9.244732,2,5E491E0A-C580-29BE-4329-ED7BFF843D0D
-30.902884,9.03143,2,5E491E0A-C580-29BE-4329-ED7BFF843D0D
-17.3623,6.8260455,2,5E491E0A-C580-29BE-4329-ED7BFF843D0D
26.401772,45.583973,1,5F222604-CB86-1ABA-EB7B-31FF78B7BE93
27.34984,45.16413,1,5F222604-CB86-1ABA-EB7B-31FF78B7BE93
27.250477,45.678493,1,5F222604-CB86-1ABA-EB7B-31FF78B7BE93
27.717571,43.83381,1,5F222604-CB86-1ABA-EB7B-31FF78B7BE93
28.905083,42.748253,1,5F222604-CB86-1ABA-EB7B-31FF78B7BE93
-29.788136,43.041927,1,5F222604-CB86-1ABA-EB7B-31FF78B7BE93
-36.077496,-16.78804,2,5F222604-CB86-1ABA-EB7B-31FF78B7BE93
29.922337,-0.7353521,2,5F222604-CB86-1ABA-EB7B-31FF78B7BE93
7.000937,-17.651237,2,5F222604-CB86-1ABA-EB7B-31FF78B7BE93
6.856238,-18.052742,2,5F222604-CB86-1ABA-EB7B-31FF78B7BE93
-20.565384,-25.92624,2,5F222604-CB86-1ABA-EB7B-31FF78B7BE93
-20.656504,-26.116438,2,5F222604-CB86-1ABA-EB7B-31FF78B7BE93
-25.23993,-26.34289,2,5F222604-CB86-1ABA-EB7B-31FF78B7BE93
-15.746147,-28.487612,2,5F222604-CB86-1ABA-EB7B-31FF78B7BE93
-19.052237,-14.56964,2,5F222604-CB86-1ABA-EB7B-31FF78B7BE93
37.12462,-5.802982,2,5F222604-CB86-1ABA-EB7B-31FF78B7BE93
29.610104,1.2760367,2,5F222604-CB86-1ABA-EB7B-31FF78B7BE93
46.79781,-26.351786,2,5F222604-CB86-1ABA-EB7B-31FF78B7BE93
17.47451,51.166115,0,623D68EC-1C36-4E39-4317-BE7B59F593D2
17.441525,50.98965,0,623D68EC-1C36-4E39-4317-BE7B59F593D2
17.888605,50.939766,0,623D68EC-1C36-4E39-4317-BE7B59F593D2
16.80551,51.748173,0,623D68EC-1C36-4E39-4317-BE7B59F593D2
13.971812,51.795395,0,623D68EC-1C36-4E39-4317-BE7B59F593D2
8.006942,53.348145,0,623D68EC-1C36-4E39-4317-BE7B59F593D2
37.723007,-24.948074,2,623D68EC-1C36-4E39-4317-BE7B59F593D2
36.40022,-25.131418,2,623D68EC-1C36-4E39-4317-BE7B59F593D2
15.1465845,52.235058,2,623D68EC-1C36-4E39-4317-BE7B59F593D2
16.90439,51.324203,0,623D68EC-1C36-4E39-4317-BE7B59F593D2
45.120667,-6.579739,0,623D68EC-1C36-4E39-4317-BE7B59F593D2
44.907436,-6.4358697,0,623D68EC-1C36-4E39-4317-BE7B59F593D2
53.34677,-10.104151,0,623D68EC-1C36-4E39-4317-BE7B59F593D2
53.792492,-9.362677,2,623D68EC-1C36-4E39-4317-BE7B59F593D2
32.150856,-18.163416,2,623D68EC-1C36-4E39-4317-BE7B59F593D2
30.757921,-17.486809,2,623D68EC-1C36-4E39-4317-BE7B59F593D2
28.65867,-18.37359,0,623D68EC-1C36-4E39-4317-BE7B59F593D2
-4.625272,-9.670544,0,623D68EC-1C36-4E39-4317-BE7B59F593D2
-9.724593,-8.773887,0,623D68EC-1C36-4E39-4317-BE7B59F593D2
-9.680533,-8.7835455,0,623D68EC-1C36-4E39-4317-BE7B59F593D2
-24.710915,56.135483,0,623D68EC-1C36-4E39-4317-BE7B59F593D2
-28.993578,46.35916,0,623D68EC-1C36-4E39-4317-BE7B59F593D2
-27.682888,46.356697,2,623D68EC-1C36-4E39-4317-BE7B59F593D2
-27.37377,46.418583,2,623D68EC-1C36-4E39-4317-BE7B59F593D2
-43.880894,-6.149002,0,623D68EC-1C36-4E39-4317-BE7B59F593D2
-43.7821,-6.3007765,2,623D68EC-1C36-4E39-4317-BE7B59F593D2
-43.60383,-6.451248,2,623D68EC-1C36-4E39-4317-BE7B59F593D2
-44.374043,-5.7913194,2,623D68EC-1C36-4E39-4317-BE7B59F593D2
9.046209,0.44521555,2,623D68EC-1C36-4E39-4317-BE7B59F593D2
6.372324,8.908715,0,623D68EC-1C36-4E39-4317-BE7B59F593D2
6.5923166,59.160183,2,62A1F053-1EA8-7433-090E-89D450314F41
7.340133,58.77985,2,62A1F053-1EA8-7433-090E-89D450314F41
13.648319,18.590145,2,62A1F053-1EA8-7433-090E-89D450314F41
-16.1836,-14.47671,2,62A1F053-1EA8-7433-090E-89D450314F41
-22.365807,-25.064508,2,62A1F053-1EA8-7433-090E-89D450314F41
-21.993103,-24.98908,2,62A1F053-1EA8-7433-090E-89D450314F41
53.28877,-25.340527,0,62A1F053-1EA8-7433-090E-89D450314F41
52.83301,-25.456987,0,62A1F053-1EA8-7433-090E-89D450314F41
47.49622,-26.96963,0,62A1F053-1EA8-7433-090E-89D450314F41
-8.773519,7.3229184,2,62A1F053-1EA8-7433-090E-89D450314F41
-21.249945,60.318474,2,62A1F053-1EA8-7433-090E-89D450314F41
-21.263882,60.17585,2,62A1F053-1EA8-7433-090E-89D450314F41
50.348724,-8.990174,0,62A1F053-1EA8-7433-090E-89D450314F41
49.677082,-8.667497,0,62A1F053-1EA8-7433-090E-89D450314F41
19.75715,-23.647545,1,62A1F053-1EA8-7433-090E-89D450314F41
19.673306,-23.585913,2,62A1F053-1EA8-7433-090E-89D450314F41
19.693098,-23.58131,2,62A1F053-1EA8-7433-090E-89D450314F41
-2.0839074,51.645565,2,62A1F053-1EA8-7433-090E-89D450314F41
25.609781,-9.8902235,0,62A1F053-1EA8-7433-090E-89D450314F41
29.674685,-15.03141,0,62A1F053-1EA8-7433-090E-89D450314F41
5.0386367,-12.201463,0,62A1F053-1EA8-7433-090E-89D450314F41
10.819346,-13.3614435,0,62A1F053-1EA8-7433-090E-89D450314F41
11.525592,-13.362543,0,62A1F053-1EA8-7433-090E-89D450314F41
25.587017,-20.378572,2,62A1F053-1EA8-7433-090E-89D450314F41
6.8258257,-23.129156,2,647C581E-E72F-0765-F94A-065909B99374
-14.708647,-27.827555,2,647C581E-E72F-0765-F94A-065909B99374
-14.708856,-27.872553,2,647C581E-E72F-0765-F94A-065909B99374
-14.868741,-27.75784,2,647C581E-E72F-0765-F94A-065909B99374
-14.951347,-27.637917,2,647C581E-E72F-0765-F94A-065909B99374
-5.349713,-22.243446,2,647C581E-E72F-0765-F94A-065909B99374
5.315305,11.10049,0,647C581E-E72F-0765-F94A-065909B99374
-3.9335425,15.37159,0,647C581E-E72F-0765-F94A-065909B99374
-48.965923,4.3422923,1,647C581E-E72F-0765-F94A-065909B99374
-34.24422,-56.756866,1,647C581E-E72F-0765-F94A-065909B99374
-34.245525,-56.736465,1,647C581E-E72F-0765-F94A-065909B99374
-34.340893,-56.51063,1,647C581E-E72F-0765-F94A-065909B99374
28.160463,-33.059155,2,647C581E-E72F-0765-F94A-065909B99374
26.985182,-33.40978,1,647C581E-E72F-0765-F94A-065909B99374
40.858704,-19.122843,1,647C581E-E72F-0765-F94A-065909B99374
-4.742771,0.74522215,2,647C581E-E72F-0765-F94A-065909B99374
-35.317192,1.6792538,2,647C581E-E72F-0765-F94A-065909B99374
-39.435608,-8.720748,2,647C581E-E72F-0765-F94A-065909B99374
-18.318556,-26.731466,2,647C581E-E72F-0765-F94A-065909B99374
-18.80326,-26.277725,2,647C581E-E72F-0765-F94A-065909B99374
1.160904,-4.739293,2,647C581E-E72F-0765-F94A-065909B99374
1.1966978,-4.8473067,2,647C581E-E72F-0765-F94A-065909B99374
-4.212444,-16.74446,2,647C581E-E72F-0765-F94A-065909B99374
-4.47061,-16.673897,2,647C581E-E72F-0765-F94A-065909B99374
-23.914024,47.395653,1,64A0EC69-0CE2-8405-0FFC-D63A7F55E703
-26.481579,37.716743,1,64A0EC69-0CE2-8405-0FFC-D63A7F55E703
-26.471624,37.737415,1,64A0EC69-0CE2-8405-0FFC-D63A7F55E703
40.46368,1.3466238,1,64A0EC69-0CE2-8405-0FFC-D63A7F55E703
40.58533,1.1618683,1,64A0EC69-0CE2-8405-0FFC-D63A7F55E703
40.88036,0.8874242,1,64A0EC69-0CE2-8405-0FFC-D63A7F55E703
-51.236042,-1.2828441,1,64A0EC69-0CE2-8405-0FFC-D63A7F55E703
-1.4163895,18.471584,0,64A0EC69-0CE2-8405-0FFC-D63A7F55E703
23.927004,2.200127,0,64A0EC69-0CE2-8405-0FFC-D63A7F55E703
24.00263,-7.4982314,0,64A0EC69-0CE2-8405-0FFC-D63A7F55E703
23.551397,-6.9910436,0,64A0EC69-0CE2-8405-0FFC-D63A7F55E703
-13.109889,23.227415,0,64A0EC69-0CE2-8405-0FFC-D63A7F55E703
-53.16096,-2.5013394,1,64A0EC69-0CE2-8405-0FFC-D63A7F55E703
-53.04343,-2.2530234,1,64A0EC69-0CE2-8405-0FFC-D63A7F55E703
-52.400684,-0.6949702,1,64A0EC69-0CE2-8405-0FFC-D63A7F55E703
-52.474373,0.15749624,1,64A0EC69-0CE2-8405-0FFC-D63A7F55E703
-52.65266,-0.34246853,1,64A0EC69-0CE2-8405-0FFC-D63A7F55E703
-52.670933,-0.356462,1,64A0EC69-0CE2-8405-0FFC-D63A7F55E703
-38.03544,-54.67604,1,64A0EC69-0CE2-8405-0FFC-D63A7F55E703
-38.073933,-54.630127,1,64A0EC69-0CE2-8405-0FFC-D63A7F55E703
-1.3467581,17.14411,1,64A0EC69-0CE2-8405-0FFC-D63A7F55E703
-19.164116,16.329685,1,64A0EC69-0CE2-8405-0FFC-D63A7F55E703
-1.3345225,17.233953,1,64A0EC69-0CE2-8405-0FFC-D63A7F55E703
13.459534,-4.5727453,1,64A0EC69-0CE2-8405-0FFC-D63A7F55E703
-35.123802,-19.699118,0,66E9719B-D383-AA87-7FAB-D9B4ABE7011C
-39.674057,-10.836284,0,66E9719B-D383-AA87-7FAB-D9B4ABE7011C
56.375816,-22.146423,2,66E9719B-D383-AA87-7FAB-D9B4ABE7011C
56.671715,-22.668556,2,66E9719B-D383-AA87-7FAB-D9B4ABE7011C
52.599663,-18.35516,2,66E9719B-D383-AA87-7FAB-D9B4ABE7011C
45.483204,-12.377843,2,66E9719B-D383-AA87-7FAB-D9B4ABE7011C
35.35611,5.4606237,2,66E9719B-D383-AA87-7FAB-D9B4ABE7011C
35.25297,5.5380483,2,66E9719B-D383-AA87-7FAB-D9B4ABE7011C
35.29813,5.4675794,2,66E9719B-D383-AA87-7FAB-D9B4ABE7011C
-30.949717,-10.751016,2,66E9719B-D383-AA87-7FAB-D9B4ABE7011C
-20.75676,16.164688,0,66E9719B-D383-AA87-7FAB-D9B4ABE7011C
-20.733343,16.194265,0,66E9719B-D383-AA87-7FAB-D9B4ABE7011C
-34.735847,14.527683,0,66E9719B-D383-AA87-7FAB-D9B4ABE7011C
-32.60067,16.114737,0,66E9719B-D383-AA87-7FAB-D9B4ABE7011C
-32.660473,15.895379,0,66E9719B-D383-AA87-7FAB-D9B4ABE7011C
-17.708906,8.49171,0,66E9719B-D383-AA87-7FAB-D9B4ABE7011C
-17.65593,8.499012,0,66E9719B-D383-AA87-7FAB-D9B4ABE7011C
-17.574677,8.473765,0,66E9719B-D383-AA87-7FAB-D9B4ABE7011C
17.143204,15.433711,2,66E9719B-D383-AA87-7FAB-D9B4ABE7011C
-3.4351048,19.174118,2,66E9719B-D383-AA87-7FAB-D9B4ABE7011C
-6.1685724,2.5666533,2,66E9719B-D383-AA87-7FAB-D9B4ABE7011C
-6.2108455,2.5604422,2,66E9719B-D383-AA87-7FAB-D9B4ABE7011C
-8.661959,3.0123143,2,66E9719B-D383-AA87-7FAB-D9B4ABE7011C
-6.7539535,2.5721266,2,66E9719B-D383-AA87-7FAB-D9B4ABE7011C
-8.692582,2.9949088,2,66E9719B-D383-AA87-7FAB-D9B4ABE7011C
22.384323,-6.1820855,2,66E9719B-D383-AA87-7FAB-D9B4ABE7011C
22.337603,-6.10826,2,66E9719B-D383-AA87-7FAB-D9B4ABE7011C
20.560316,-6.1429386,2,66E9719B-D383-AA87-7FAB-D9B4ABE7011C
20.96004,-6.2881994,2,66E9719B-D383-AA87-7FAB-D9B4ABE7011C
6.65127,-6.261764,2,66E9719B-D383-AA87-7FAB-D9B4ABE7011C
-32.751953,-21.757538,2,66E9719B-D383-AA87-7FAB-D9B4ABE7011C
-32.826733,-21.68777,2,66E9719B-D383-AA87-7FAB-D9B4ABE7011C
-32.379013,-18.280107,2,68339CF4-6AFB-7EFB-40EA-238612F8E5A4
-15.861398,-20.883406,2,68339CF4-6AFB-7EFB-40EA-238612F8E5A4
-4.311891,2.1319673,2,68339CF4-6AFB-7EFB-40EA-238612F8E5A4
-42.689285,-11.9438925,2,68339CF4-6AFB-7EFB-40EA-238612F8E5A4
-43.106747,-11.804094,2,68339CF4-6AFB-7EFB-40EA-238612F8E5A4
-43.125126,-11.824907,2,68339CF4-6AFB-7EFB-40EA-238612F8E5A4
35.445656,2.9298344,2,6B1E25A6-882B-DDD7-CE4F-4EC17A0906CF
34.44436,3.8134425,2,6B1E25A6-882B-DDD7-CE4F-4EC17A0906CF
12.1333,51.75631,0,6B1E25A6-882B-DDD7-CE4F-4EC17A0906CF
15.219862,51.104614,0,6B1E25A6-882B-DDD7-CE4F-4EC17A0906CF
38.91949,2.1233582,0,6B1E25A6-882B-DDD7-CE4F-4EC17A0906CF
31.676146,10.202474,2,6B1E25A6-882B-DDD7-CE4F-4EC17A0906CF
-12.776845,57.36267,2,6B1E25A6-882B-DDD7-CE4F-4EC17A0906CF
49.977394,-22.094353,0,6B1E25A6-882B-DDD7-CE4F-4EC17A0906CF
52.051407,-22.59586,0,6B1E25A6-882B-DDD7-CE4F-4EC17A0906CF
51.831436,-22.466599,2,6B1E25A6-882B-DDD7-CE4F-4EC17A0906CF
38.859924,-24.994507,2,6B1E25A6-882B-DDD7-CE4F-4EC17A0906CF
38.88921,-25.002987,2,6B1E25A6-882B-DDD7-CE4F-4EC17A0906CF
22.337873,-39.793705,2,6B1E25A6-882B-DDD7-CE4F-4EC17A0906CF
21.198755,-39.962128,2,6B1E25A6-882B-DDD7-CE4F-4EC17A0906CF
20.529892,-40.10365,2,6B1E25A6-882B-DDD7-CE4F-4EC17A0906CF
-11.838776,-6.7386303,2,6B1E25A6-882B-DDD7-CE4F-4EC17A0906CF
-13.977215,8.164883,2,6B1E25A6-882B-DDD7-CE4F-4EC17A0906CF
13.19807,21.088982,2,6B1E25A6-882B-DDD7-CE4F-4EC17A0906CF
-5.301596,-37.379055,1,6B1E25A6-882B-DDD7-CE4F-4EC17A0906CF
-4.9790254,-37.747295,1,6B1E25A6-882B-DDD7-CE4F-4EC17A0906CF
-2.7321444,-38.06084,1,6B1E25A6-882B-DDD7-CE4F-4EC17A0906CF
-2.9266713,-23.128134,1,6B1E25A6-882B-DDD7-CE4F-4EC17A0906CF
-2.3509583,-22.374092,1,6B1E25A6-882B-DDD7-CE4F-4EC17A0906CF
-13.327625,10.786617,1,6B1E25A6-882B-DDD7-CE4F-4EC17A0906CF
-13.109561,10.61885,1,6B1E25A6-882B-DDD7-CE4F-4EC17A0906CF
-10.818079,6.120468,1,6B1E25A6-882B-DDD7-CE4F-4EC17A0906CF
-2.077843,45.862465,0,6C9454F6-2AA4-4C25-0387-C6CA7AFC4C13
3.5667992,48.360016,0,6C9454F6-2AA4-4C25-0387-C6CA7AFC4C13
-1.789389,7.024316,0,6C9454F6-2AA4-4C25-0387-C6CA7AFC4C13
-2.0043314,7.1626077,0,6C9454F6-2AA4-4C25-0387-C6CA7AFC4C13
-3.1107507,7.7400045,2,6C9454F6-2AA4-4C25-0387-C6CA7AFC4C13
-2.4538262,7.315442,2,6C9454F6-2AA4-4C25-0387-C6CA7AFC4C13
-2.3776972,7.2858853,2,6C9454F6-2AA4-4C25-0387-C6CA7AFC4C13
-10.047711,45.339657,2,6C9454F6-2AA4-4C25-0387-C6CA7AFC4C13
-9.7001,44.838886,2,6C9454F6-2AA4-4C25-0387-C6CA7AFC4C13
-4.920831,42.847427,2,6C9454F6-2AA4-4C25-0387-C6CA7AFC4C13
10.7661495,26.621313,1,6C9454F6-2AA4-4C25-0387-C6CA7AFC4C13
-3.6071157,41.585094,0,6C9454F6-2AA4-4C25-0387-C6CA7AFC4C13
52.031235,-26.362228,2,6C9454F6-2AA4-4C25-0387-C6CA7AFC4C13
51.94219,-26.38479,1,6C9454F6-2AA4-4C25-0387-C6CA7AFC4C13
49.432213,-26.635162,2,6C9454F6-2AA4-4C25-0387-C6CA7AFC4C13
34.410885,-27.563913,2,6C9454F6-2AA4-4C25-0387-C6CA7AFC4C13
48.98811,-27.232687,2,6C9454F6-2AA4-4C25-0387-C6CA7AFC4C13
16.512066,-31.57829,2,6C9454F6-2AA4-4C25-0387-C6CA7AFC4C13
-25.552103,-24.778913,1,6C9454F6-2AA4-4C25-0387-C6CA7AFC4C13
-17.216091,-26.325764,1,6C9454F6-2AA4-4C25-0387-C6CA7AFC4C13
-16.492073,-26.256962,1,6C9454F6-2AA4-4C25-0387-C6CA7AFC4C13
9.574009,56.379253,0,6C9454F6-2AA4-4C25-0387-C6CA7AFC4C13
10.933505,55.914257,0,6C9454F6-2AA4-4C25-0387-C6CA7AFC4C13
-27.598658,-50.860302,0,6C9454F6-2AA4-4C25-0387-C6CA7AFC4C13
-27.61911,-51.347263,0,6C9454F6-2AA4-4C25-0387-C6CA7AFC4C13
-27.607037,-51.40546,2,6C9454F6-2AA4-4C25-0387-C6CA7AFC4C13
-27.707422,-51.644886,2,6C9454F6-2AA4-4C25-0387-C6CA7AFC4C13
-27.860584,-51.58139,2,6C9454F6-2AA4-4C25-0387-C6CA7AFC4C13
-27.925886,-51.62599,2,6C9454F6-2AA4-4C25-0387-C6CA7AFC4C13
51.018936,-17.610737,0,6C9454F6-2AA4-4C25-0387-C6CA7AFC4C13
-17.160524,23.141382,0,6C9454F6-2AA4-4C25-0387-C6CA7AFC4C13
-17.171387,23.163916,0,6C9454F6-2AA4-4C25-0387-C6CA7AFC4C13
-16.957884,23.17643,2,6C9454F6-2AA4-4C25-0387-C6CA7AFC4C13
-15.55174,23.218668,2,6C9454F6-2AA4-4C25-0387-C6CA7AFC4C13
32.902645,34.132065,2,6C9454F6-2AA4-4C25-0387-C6CA7AFC4C13
35.37183,34.100468,2,6C9454F6-2AA4-4C25-0387-C6CA7AFC4C13
54.417816,-28.30636,2,70432028-81AF-D67A-251E-D2F807AB93CF
-1.188113,9.784071,2,70432028-81AF-D67A-251E-D2F807AB93CF
-1.3323418,9.734879,2,70432028-81AF-D67A-251E-D2F807AB93CF
-4.3707247,8.873268,2,70432028-81AF-D67A-251E-D2F807AB93CF
-1.4842904,8.460564,2,70432028-81AF-D67A-251E-D2F807AB93CF
-1.3900398,8.455493,0,70432028-81AF-D67A-251E-D2F807AB93CF
10.313655,-34.597504,2,70432028-81AF-D67A-251E-D2F807AB93CF
30.872215,-32.825466,2,70432028-81AF-D67A-251E-D2F807AB93CF
-30.224808,-56.86274,2,70432028-81AF-D67A-251E-D2F807AB93CF
-29.988813,-56.785572,2,70432028-81AF-D67A-251E-D2F807AB93CF
-31.932411,-52.489735,2,70432028-81AF-D67A-251E-D2F807AB93CF
-31.913603,-52.58338,2,70432028-81AF-D67A-251E-D2F807AB93CF
-7.520795,9.700836,0,718078D1-70DB-2916-366D-1119A22DCD7F
-48.729588,4.8277254,1,718078D1-70DB-2916-366D-1119A22DCD7F
-52.8432,4.005145,0,718078D1-70DB-2916-366D-1119A22DCD7F
-51.60677,9.248754,0,718078D1-70DB-2916-366D-1119A22DCD7F
-51.60066,9.268667,0,718078D1-70DB-2916-366D-1119A22DCD7F
-51.72788,9.396109,0,718078D1-70DB-2916-366D-1119A22DCD7F
-35.901226,-55.347534,1,718078D1-70DB-2916-366D-1119A22DCD7F
-36.051006,-55.143555,1,718078D1-70DB-2916-366D-1119A22DCD7F
-36.022404,-55.19973,1,718078D1-70DB-2916-366D-1119A22DCD7F
20.72267,-1.0912122,1,718078D1-70DB-2916-366D-1119A22DCD7F
25.659317,-11.384746,1,718078D1-70DB-2916-366D-1119A22DCD7F
22.673815,-5.286357,0,718078D1-70DB-2916-366D-1119A22DCD7F
-42.03681,-11.496835,1,718078D1-70DB-2916-366D-1119A22DCD7F
-32.95638,5.1750875,1,718078D1-70DB-2916-366D-1119A22DCD7F
-33.01178,5.1662655,1,718078D1-70DB-2916-366D-1119A22DCD7F
-33.296364,5.0117855,1,718078D1-70DB-2916-366D-1119A22DCD7F
31.485691,0.50259167,1,718078D1-70DB-2916-366D-1119A22DCD7F
-47.17941,4.7307897,1,718078D1-70DB-2916-366D-1119A22DCD7F
-5.415641,22.123087,0,718078D1-70DB-2916-366D-1119A22DCD7F
-5.3709164,22.126436,0,718078D1-70DB-2916-366D-1119A22DCD7F
-4.976377,22.744308,0,718078D1-70DB-2916-366D-1119A22DCD7F
-17.023464,-25.357471,0,718078D1-70DB-2916-366D-1119A22DCD7F
-16.420088,-25.33939,1,718078D1-70DB-2916-366D-1119A22DCD7F
-59.068283,-14.782068,1,718078D1-70DB-2916-366D-1119A22DCD7F
17.302055,-10.581701,2,72B642AD-2D4A-574F-05EC-EC93C0C52335
17.223562,-10.062396,2,72B642AD-2D4A-574F-05EC-EC93C0C52335
1.6087816,13.353365,2,72B642AD-2D4A-574F-05EC-EC93C0C52335
12.438984,7.411971,2,72B642AD-2D4A-574F-05EC-EC93C0C52335
-19.255571,-27.584866,2,72B642AD-2D4A-574F-05EC-EC93C0C52335
-14.030634,-29.09707,2,72B642AD-2D4A-574F-05EC-EC93C0C52335
24.342222,-28.89589,2,72B642AD-2D4A-574F-05EC-EC93C0C52335
24.406382,-28.838428,2,72B642AD-2D4A-574F-05EC-EC93C0C52335
4.8891287,-4.6914997,2,72B642AD-2D4A-574F-05EC-EC93C0C52335
9.247124,-33.923176,2,72B642AD-2D4A-574F-05EC-EC93C0C52335
0.75040126,-34.542156,2,72B642AD-2D4A-574F-05EC-EC93C0C52335
0.610812,-34.53766,2,72B642AD-2D4A-574F-05EC-EC93C0C52335
-35.69813,-17.473589,2,72B642AD-2D4A-574F-05EC-EC93C0C52335
-37.194946,2.408456,2,72B642AD-2D4A-574F-05EC-EC93C0C52335
23.950403,-23.480444,2,72B642AD-2D4A-574F-05EC-EC93C0C52335
-24.341816,-25.011543,2,72B642AD-2D4A-574F-05EC-EC93C0C52335
-25.002249,-24.110815,2,72B642AD-2D4A-574F-05EC-EC93C0C52335
-24.273388,-24.92301,2,72B642AD-2D4A-574F-05EC-EC93C0C52335
23.218077,-8.18449,2,72B642AD-2D4A-574F-05EC-EC93C0C52335
39.758682,-17.23128,2,72B642AD-2D4A-574F-05EC-EC93C0C52335
20.292725,-37.184994,2,72B642AD-2D4A-574F-05EC-EC93C0C52335
19.876226,-37.218735,2,72B642AD-2D4A-574F-05EC-EC93C0C52335
-26.227654,-26.921602,2,72B642AD-2D4A-574F-05EC-EC93C0C52335
-25.97129,-27.262102,2,72B642AD-2D4A-574F-05EC-EC93C0C52335
-0.038963333,-11.086252,2,7417E7AB-C723-0958-F8EE-DDA4DED65165
-0.35481134,-10.961374,2,7417E7AB-C723-0958-F8EE-DDA4DED65165
50.569656,-18.653889,2,7417E7AB-C723-0958-F8EE-DDA4DED65165
50.907906,-18.752562,2,7417E7AB-C723-0958-F8EE-DDA4DED65165
52.908108,-23.044134,2,7417E7AB-C723-0958-F8EE-DDA4DED65165
24.61849,-22.924149,2,7417E7AB-C723-0958-F8EE-DDA4DED65165
-31.968557,-56.818924,2,7417E7AB-C723-0958-F8EE-DDA4DED65165
-31.955585,-56.87104,2,7417E7AB-C723-0958-F8EE-DDA4DED65165
-31.891941,-56.771503,2,7417E7AB-C723-0958-F8EE-DDA4DED65165
-31.744047,-56.828094,2,7417E7AB-C723-0958-F8EE-DDA4DED65165
-32.614838,-57.88026,2,7417E7AB-C723-0958-F8EE-DDA4DED65165
-36.339523,-53.815445,1,7417E7AB-C723-0958-F8EE-DDA4DED65165
-33.93491,-51.808186,1,7417E7AB-C723-0958-F8EE-DDA4DED65165
-59.37457,-12.479423,1,7417E7AB-C723-0958-F8EE-DDA4DED65165
-59.505833,-12.329963,1,7417E7AB-C723-0958-F8EE-DDA4DED65165
18.587194,-33.6512,1,7417E7AB-C723-0958-F8EE-DDA4DED65165
18.560919,-35.006775,1,7417E7AB-C723-0958-F8EE-DDA4DED65165
44.32975,-25.29817,1,7417E7AB-C723-0958-F8EE-DDA4DED65165
26.954918,46.127514,0,761D024F-3C62-5326-601A-88D436C7726A
26.895134,46.4507,0,761D024F-3C62-5326-601A-88D436C7726A
26.251307,46.139484,2,761D024F-3C62-5326-601A-88D436C7726A
25.954916,46.364666,0,761D024F-3C62-5326-601A-88D436C7726A
25.997952,46.857666,0,761D024F-3C62-5326-601A-88D436C7726A
26.51391,46.745193,0,761D024F-3C62-5326-601A-88D436C7726A
7.9055557,49.76595,2,761D024F-3C62-5326-601A-88D436C7726A
18.297733,19.684698,2,761D024F-3C62-5326-601A-88D436C7726A
17.777615,20.271399,2,761D024F-3C62-5326-601A-88D436C7726A
36.347546,7.4696374,2,761D024F-3C62-5326-601A-88D436C7726A
-60.178516,-13.446556,2,761D024F-3C62-5326-601A-88D436C7726A
-60.457344,-13.485343,1,761D024F-3C62-5326-601A-88D436C7726A
-30.097935,5.7563686,1,761D024F-3C62-5326-601A-88D436C7726A
-42.008076,-0.81149936,2,761D024F-3C62-5326-601A-88D436C7726A
-42.00298,-0.9146455,2,761D024F-3C62-5326-601A-88D436C7726A
-42.039177,-0.95820683,2,761D024F-3C62-5326-601A-88D436C7726A
-42.570404,-2.0793514,2,761D024F-3C62-5326-601A-88D436C7726A
7.4568787,8.514168,2,761D024F-3C62-5326-601A-88D436C7726A
-58.435726,-13.342419,1,761D024F-3C62-5326-601A-88D436C7726A
-58.63692,-13.227764,1,761D024F-3C62-5326-601A-88D436C7726A
-20.638048,-7.7310596,1,761D024F-3C62-5326-601A-88D436C7726A
-20.299805,-7.439762,1,761D024F-3C62-5326-601A-88D436C7726A
42.747765,-9.285963,2,761D024F-3C62-5326-601A-88D436C7726A
40.811165,-8.737365,2,761D024F-3C62-5326-601A-88D436C7726A
-4.9551854,-33.19568,2,761D024F-3C62-5326-601A-88D436C7726A
-21.360203,-28.318737,2,761D024F-3C62-5326-601A-88D436C7726A
-21.148157,-28.27665,2,761D024F-3C62-5326-601A-88D436C7726A
-19.94172,-14.193608,0,761D024F-3C62-5326-601A-88D436C7726A
26.724846,-17.010708,0,761D024F-3C62-5326-601A-88D436C7726A
38.308914,-16.569084,0,761D024F-3C62-5326-601A-88D436C7726A
42.746494,-6.9382057,2,772BA0E9-AC30-CEA6-AA1B-18A0300702AA
42.382996,-5.9925966,2,772BA0E9-AC30-CEA6-AA1B-18A0300702AA
42.155247,-9.336622,2,772BA0E9-AC30-CEA6-AA1B-18A0300702AA
41.055435,-9.198364,2,772BA0E9-AC30-CEA6-AA1B-18A0300702AA
42.620026,-12.191724,2,772BA0E9-AC30-CEA6-AA1B-18A0300702AA
33.425934,-21.234539,2,772BA0E9-AC30-CEA6-AA1B-18A0300702AA
-60.45261,-12.167795,1,772BA0E9-AC30-CEA6-AA1B-18A0300702AA
-58.845142,-10.79497,1,772BA0E9-AC30-CEA6-AA1B-18A0300702AA
-24.411877,37.33828,1,772BA0E9-AC30-CEA6-AA1B-18A0300702AA
-0.41512802,52.117702,1,772BA0E9-AC30-CEA6-AA1B-18A0300702AA
39.754368,33.08194,1,772BA0E9-AC30-CEA6-AA1B-18A0300702AA
-59.26906,-10.4718275,1,772BA0E9-AC30-CEA6-AA1B-18A0300702AA
-31.973463,7.44654,1,772BA0E9-AC30-CEA6-AA1B-18A0300702AA
-31.88564,7.4398274,1,772BA0E9-AC30-CEA6-AA1B-18A0300702AA
-31.765202,7.4733443,1,772BA0E9-AC30-CEA6-AA1B-18A0300702AA
-36.75227,-49.62477,1,772BA0E9-AC30-CEA6-AA1B-18A0300702AA
-33.258022,-53.575523,1,772BA0E9-AC30-CEA6-AA1B-18A0300702AA
-33.257824,-53.5812,1,772BA0E9-AC30-CEA6-AA1B-18A0300702AA
-31.11604,6.5334277,2,772BA0E9-AC30-CEA6-AA1B-18A0300702AA
-20.85852,10.052798,2,772BA0E9-AC30-CEA6-AA1B-18A0300702AA
-20.430813,9.798855,2,772BA0E9-AC30-CEA6-AA1B-18A0300702AA
-3.9405255,4.9778185,2,772BA0E9-AC30-CEA6-AA1B-18A0300702AA
-3.7564044,5.331926,2,772BA0E9-AC30-CEA6-AA1B-18A0300702AA
-3.6331022,5.4520817,2,772BA0E9-AC30-CEA6-AA1B-18A0300702AA
50.020935,-16.725067,2,772BA0E9-AC30-CEA6-AA1B-18A0300702AA
50.01609,-16.723358,2,772BA0E9-AC30-CEA6-AA1B-18A0300702AA
27.710884,2.024091,1,772BA0E9-AC30-CEA6-AA1B-18A0300702AA
25.89713,2.0568616,1,772BA0E9-AC30-CEA6-AA1B-18A0300702AA
2.7385683,12.733272,1,772BA0E9-AC30-CEA6-AA1B-18A0300702AA
34.107586,-25.527866,2,772BA0E9-AC30-CEA6-AA1B-18A0300702AA
17.266678,50.647587,2,77F6B31E-B228-3C6D-A66F-E7E6FDED3587
16.761473,50.690144,2,77F6B31E-B228-3C6D-A66F-E7E6FDED3587
-20.04796,56.916534,2,77F6B31E-B228-3C6D-A66F-E7E6FDED3587
-20.115225,56.93473,2,77F6B31E-B228-3C6D-A66F-E7E6FDED3587
-20.312767,56.71888,2,77F6B31E-B228-3C6D-A66F-E7E6FDED3587
-19.952469,56.590683,2,77F6B31E-B228-3C6D-A66F-E7E6FDED3587
-59.580532,-10.740744,1,77F6B31E-B228-3C6D-A66F-E7E6FDED3587
-59.711285,-10.844395,1,77F6B31E-B228-3C6D-A66F-E7E6FDED3587
30.821396,7.2311974,1,77F6B31E-B228-3C6D-A66F-E7E6FDED3587
-34.226242,-58.084686,1,77F6B31E-B228-3C6D-A66F-E7E6FDED3587
-34.20868,-58.113956,1,77F6B31E-B228-3C6D-A66F-E7E6FDED3587
-34.047424,-58.21631,1,77F6B31E-B228-3C6D-A66F-E7E6FDED3587
21.461933,17.610464,2,77F6B31E-B228-3C6D-A66F-E7E6FDED3587
32.686165,6.047616,2,77F6B31E-B228-3C6D-A66F-E7E6FDED3587
32.720882,5.8846846,2,77F6B31E-B228-3C6D-A66F-E7E6FDED3587
21.4829,17.614462,2,77F6B31E-B228-3C6D-A66F-E7E6FDED3587
21.532417,17.59434,2,77F6B31E-B228-3C6D-A66F-E7E6FDED3587
29.708607,41.074425,2,77F6B31E-B228-3C6D-A66F-E7E6FDED3587
-12.105419,59.309433,2,7B8B31F4-FFC3-7A4E-3EAF-78D5CA8ACB61
-15.249638,46.609093,2,7B8B31F4-FFC3-7A4E-3EAF-78D5CA8ACB61
-21.398777,44.12799,1,7B8B31F4-FFC3-7A4E-3EAF-78D5CA8ACB61
-21.401844,44.101326,1,7B8B31F4-FFC3-7A4E-3EAF-78D5CA8ACB61
-20.405624,44.933834,1,7B8B31F4-FFC3-7A4E-3EAF-78D5CA8ACB61
-21.103596,47.97437,2,7B8B31F4-FFC3-7A4E-3EAF-78D5CA8ACB61
-6.7778773,46.740307,1,7B8B31F4-FFC3-7A4E-3EAF-78D5CA8ACB61
-6.874696,46.719353,1,7B8B31F4-FFC3-7A4E-3EAF-78D5CA8ACB61
-17.279211,47.411186,1,7B8B31F4-FFC3-7A4E-3EAF-78D5CA8ACB61
7.3766007,54.453495,1,7B8B31F4-FFC3-7A4E-3EAF-78D5CA8ACB61
36.36857,8.435178,1,7B8B31F4-FFC3-7A4E-3EAF-78D5CA8ACB61
40.931988,3.5704184,1,7B8B31F4-FFC3-7A4E-3EAF-78D5CA8ACB61
41.03127,-29.663126,2,7B8B31F4-FFC3-7A4E-3EAF-78D5CA8ACB61
41.419373,-29.418217,2,7B8B31F4-FFC3-7A4E-3EAF-78D5CA8ACB61
15.0957155,-38.077293,2,7B8B31F4-FFC3-7A4E-3EAF-78D5CA8ACB61
16.475855,17.555677,2,7B8B31F4-FFC3-7A4E-3EAF-78D5CA8ACB61
1.1199033,-32.809162,2,7B8B31F4-FFC3-7A4E-3EAF-78D5CA8ACB61
1.1456562,-32.791107,2,7B8B31F4-FFC3-7A4E-3EAF-78D5CA8ACB61
36.31259,-21.6213,2,7DC9729F-BA27-3831-6078-F8508766396A
29.943687,-16.057701,2,7DC9729F-BA27-3831-6078-F8508766396A
-0.21058817,-12.4915285,2,7DC9729F-BA27-3831-6078-F8508766396A
8.947671,-10.431259,2,7DC9729F-BA27-3831-6078-F8508766396A
8.89315,-10.499213,2,7DC9729F-BA27-3831-6078-F8508766396A
8.900109,-10.444816,2,7DC9729F-BA27-3831-6078-F8508766396A
-6.5002794,14.820424,2,7DC9729F-BA27-3831-6078-F8508766396A
-6.4755287,14.819909,2,7DC9729F-BA27-3831-6078-F8508766396A
1.471748,13.319153,2,7DC9729F-BA27-3831-6078-F8508766396A
-11.541461,10.395518,2,7DC9729F-BA27-3831-6078-F8508766396A
-20.289711,12.2958,0,7DC9729F-BA27-3831-6078-F8508766396A
19.415703,11.354396,0,7DC9729F-BA27-3831-6078-F8508766396A
19.46087,11.302913,0,7DC9729F-BA27-3831-6078-F8508766396A
19.626892,11.056884,0,7DC9729F-BA27-3831-6078-F8508766396A
-17.017313,11.791857,0,7DC9729F-BA27-3831-6078-F8508766396A
-17.838024,11.2954,0,7DC9729F-BA27-3831-6078-F8508766396A
-34.775547,-16.117893,0,7DC9729F-BA27-3831-6078-F8508766396A
-47.90035,-18.710571,0,7DC9729F-BA27-3831-6078-F8508766396A
-47.946697,-18.66433,0,7DC9729F-BA27-3831-6078-F8508766396A
-36.990574,-18.755945,0,7DC9729F-BA27-3831-6078-F8508766396A
-37.1719,-18.635468,2,7DC9729F-BA27-3831-6078-F8508766396A
-36.975555,-19.128557,2,7DC9729F-BA27-3831-6078-F8508766396A
1.4773988,-34.900757,2,7DC9729F-BA27-3831-6078-F8508766396A
1.46739,-34.906452,2,7DC9729F-BA27-3831-6078-F8508766396A
-3.2632372,-15.81905,2,7DC9729F-BA27-3831-6078-F8508766396A
-7.307079,-4.621607,0,7DC9729F-BA27-3831-6078-F8508766396A
-39.498512,-15.399365,0,7DC9729F-BA27-3831-6078-F8508766396A
-53.03913,-14.597051,0,7DC9729F-BA27-3831-6078-F8508766396A
-53.55241,-14.259454,0,7DC9729F-BA27-3831-6078-F8508766396A
-19.249708,21.470863,0,7DC9729F-BA27-3831-6078-F8508766396A
-18.746038,-9.205584,2,7FB7C50A-30EA-A991-0C04-7FFA681B8803
-18.873604,-9.012662,2,7FB7C50A-30EA-A991-0C04-7FFA681B8803
-19.051432,-8.902793,2,7FB7C50A-30EA-A991-0C04-7FFA681B8803
9.827183,8.116607,2,7FB7C50A-30EA-A991-0C04-7FFA681B8803
-39.922005,-12.421985,2,7FB7C50A-30EA-A991-0C04-7FFA681B8803
-36.745937,-17.767778,2,7FB7C50A-30EA-A991-0C04-7FFA681B8803
-17.671997,-18.569662,2,7FB7C50A-30EA-A991-0C04-7FFA681B8803
13.122972,14.492619,2,7FB7C50A-30EA-A991-0C04-7FFA681B8803
5.2157454,11.978299,2,7FB7C50A-30EA-A991-0C04-7FFA681B8803
12.798849,14.483438,2,7FB7C50A-30EA-A991-0C04-7FFA681B8803
-10.789647,12.148444,2,7FB7C50A-30EA-A991-0C04-7FFA681B8803
4.5450344,11.526943,0,7FB7C50A-30EA-A991-0C04-7FFA681B8803
-47.675587,2.1143765,1,7FB7C50A-30EA-A991-0C04-7FFA681B8803
-47.76624,2.372368,1,7FB7C50A-30EA-A991-0C04-7FFA681B8803
-47.812477,2.47047,1,7FB7C50A-30EA-A991-0C04-7FFA681B8803
-29.23203,11.649028,1,7FB7C50A-30EA-A991-0C04-7FFA681B8803
-28.951502,11.615177,2,7FB7C50A-30EA-A991-0C04-7FFA681B8803
2.2454917,-33.94082,2,7FB7C50A-30EA-A991-0C04-7FFA681B8803
-30.029327,-24.502434,2,7FB7C50A-30EA-A991-0C04-7FFA681B8803
-50.562153,-19.372925,2,7FB7C50A-30EA-A991-0C04-7FFA681B8803
-4.271232,-23.558918,0,7FB7C50A-30EA-A991-0C04-7FFA681B8803
-4.3215733,-22.990067,0,7FB7C50A-30EA-A991-0C04-7FFA681B8803
20.911629,-9.863378,0,7FB7C50A-30EA-A991-0C04-7FFA681B8803
20.938543,-10.34271,0,7FB7C50A-30EA-A991-0C04-7FFA681B8803
15.730104,-33.04401,2,8322EDEF-4C09-318A-1B7E-56D62A6839AD
34.16669,34.24098,2,8322EDEF-4C09-318A-1B7E-56D62A6839AD
39.571476,31.859179,2,8322EDEF-4C09-318A-1B7E-56D62A6839AD
40.23879,32.378536,0,8322EDEF-4C09-318A-1B7E-56D62A6839AD
40.337276,32.820755,0,8322EDEF-4C09-318A-1B7E-56D62A6839AD
-4.046763,21.263132,0,8322EDEF-4C09-318A-1B7E-56D62A6839AD
13.097934,6.0646906,2,8322EDEF-4C09-318A-1B7E-56D62A6839AD
-5.4781036,-23.78697,2,8322EDEF-4C09-318A-1B7E-56D62A6839AD
14.833987,-31.89416,2,8322EDEF-4C09-318A-1B7E-56D62A6839AD
11.961553,-35.72768,0,8322EDEF-4C09-318A-1B7E-56D62A6839AD
15.136126,-33.147808,0,8322EDEF-4C09-318A-1B7E-56D62A6839AD
-0.86968,-35.17862,0,8322EDEF-4C09-318A-1B7E-56D62A6839AD
-0.9902087,-29.74946,0,8322EDEF-4C09-318A-1B7E-56D62A6839AD
-1.0625786,-29.747652,0,8322EDEF-4C09-318A-1B7E-56D62A6839AD
-1.1831912,-29.727737,0,8322EDEF-4C09-318A-1B7E-56D62A6839AD
2.7197142,-30.45649,0,8322EDEF-4C09-318A-1B7E-56D62A6839AD
25.657835,-16.762049,0,8322EDEF-4C09-318A-1B7E-56D62A6839AD
4.536845,-12.307814,0,8322EDEF-4C09-318A-1B7E-56D62A6839AD
8.585716,-16.119926,0,8322EDEF-4C09-318A-1B7E-56D62A6839AD
8.588603,-16.120771,0,8322EDEF-4C09-318A-1B7E-56D62A6839AD
11.370771,-1.3896075,0,8322EDEF-4C09-318A-1B7E-56D62A6839AD
11.24949,-1.2487974,0,8322EDEF-4C09-318A-1B7E-56D62A6839AD
0.37734795,-3.1220179,0,8322EDEF-4C09-318A-1B7E-56D62A6839AD
10.591968,-16.011131,0,8322EDEF-4C09-318A-1B7E-56D62A6839AD
-57.68933,-10.47835,2,8322EDEF-4C09-318A-1B7E-56D62A6839AD
2.0329075,3.2426493,2,8322EDEF-4C09-318A-1B7E-56D62A6839AD
1.3368977,-12.975195,2,8322EDEF-4C09-318A-1B7E-56D62A6839AD
1.373328,-13.009892,2,8322EDEF-4C09-318A-1B7E-56D62A6839AD
-6.810545,-25.576107,2,8322EDEF-4C09-318A-1B7E-56D62A6839AD
-19.376146,-14.987907,2,8322EDEF-4C09-318A-1B7E-56D62A6839AD
-5.133274,17.758013,0,8322EDEF-4C09-318A-1B7E-56D62A6839AD
-19.846031,17.78423,0,8322EDEF-4C09-318A-1B7E-56D62A6839AD
-2.6558433,50.497555,2,8407F9C4-C295-8C95-C281-584AF2118F84
-22.160183,45.87575,2,8407F9C4-C295-8C95-C281-584AF2118F84
-23.462543,45.64058,2,8407F9C4-C295-8C95-C281-584AF2118F84
-25.373987,45.596832,2,8407F9C4-C295-8C95-C281-584AF2118F84
-24.582779,45.601894,2,8407F9C4-C295-8C95-C281-584AF2118F84
-26.213465,45.73688,2,8407F9C4-C295-8C95-C281-584AF2118F84
30.011042,-32.80558,2,8407F9C4-C295-8C95-C281-584AF2118F84
32.586823,4.624211,2,8407F9C4-C295-8C95-C281-584AF2118F84
46.745228,-19.413082,2,8407F9C4-C295-8C95-C281-584AF2118F84
46.87285,-19.578045,2,8407F9C4-C295-8C95-C281-584AF2118F84
47.046127,-19.603365,2,8407F9C4-C295-8C95-C281-584AF2118F84
46.956947,-19.546053,2,8407F9C4-C295-8C95-C281-584AF2118F84
-33.904526,-11.097142,2,85748DC9-A6DA-334D-6422-BF69EE06A98C
-33.89706,-11.090213,2,85748DC9-A6DA-334D-6422-BF69EE06A98C
-5.50708,56.12401,2,85748DC9-A6DA-334D-6422-BF69EE06A98C
-7.2230606,16.449682,2,85748DC9-A6DA-334D-6422-BF69EE06A98C
-7.3087325,16.460169,2,85748DC9-A6DA-334D-6422-BF69EE06A98C
-7.34334,16.508354,2,85748DC9-A6DA-334D-6422-BF69EE06A98C
-13.60247,-11.635056,0,85748DC9-A6DA-334D-6422-BF69EE06A98C
-13.638413,-11.638727,0,85748DC9-A6DA-334D-6422-BF69EE06A98C
-7.1911874,13.488777,0,85748DC9-A6DA-334D-6422-BF69EE06A98C
-39.066498,1.0775665,0,85748DC9-A6DA-334D-6422-BF69EE06A98C
-46.696922,3.652486,0,85748DC9-A6DA-334D-6422-BF69EE06A98C
-11.47709,22.684214,0,85748DC9-A6DA-334D-6422-BF69EE06A98C
3.913148,4.0003924,2,85748DC9-A6DA-334D-6422-BF69EE06A98C
8.182103,6.7545004,2,85748DC9-A6DA-334D-6422-BF69EE06A98C
9.0988,6.599007,2,85748DC9-A6DA-334D-6422-BF69EE06A98C
24.794853,2.310328,2,85748DC9-A6DA-334D-6422-BF69EE06A98C
24.911781,2.2644498,0,85748DC9-A6DA-334D-6422-BF69EE06A98C
-12.823169,18.349848,0,85748DC9-A6DA-334D-6422-BF69EE06A98C
11.26453,51.75933,2,862DB2BA-55C9-5794-03BC-FBBA3BEE80C7
28.185358,42.491295,2,862DB2BA-55C9-5794-03BC-FBBA3BEE80C7
0.018546838,48.034622,2,862DB2BA-55C9-5794-03BC-FBBA3BEE80C7
10.379878,23.92742,2,862DB2BA-55C9-5794-03BC-FBBA3BEE80C7
18.514187,15.975926,2,862DB2BA-55C9-5794-03BC-FBBA3BEE80C7
18.427473,15.93145,2,862DB2BA-55C9-5794-03BC-FBBA3BEE80C7
-11.824759,-26.9363,2,862DB2BA-55C9-5794-03BC-FBBA3BEE80C7
-23.240711,-26.871124,2,862DB2BA-55C9-5794-03BC-FBBA3BEE80C7
-23.547142,-26.872765,2,862DB2BA-55C9-5794-03BC-FBBA3BEE80C7
-19.12474,56.827553,0,862DB2BA-55C9-5794-03BC-FBBA3BEE80C7
-19.036621,56.819447,0,862DB2BA-55C9-5794-03BC-FBBA3BEE80C7
39.081158,33.526344,0,862DB2BA-55C9-5794-03BC-FBBA3BEE80C7
39.884125,33.38958,2,862DB2BA-55C9-5794-03BC-FBBA3BEE80C7
25.975298,-8.5300455,2,862DB2BA-55C9-5794-03BC-FBBA3BEE80C7
38.9008,-12.383941,2,862DB2BA-55C9-5794-03BC-FBBA3BEE80C7
41.9672,-13.503031,2,862DB2BA-55C9-5794-03BC-FBBA3BEE80C7
41.99648,-13.525041,2,862DB2BA-55C9-5794-03BC-FBBA3BEE80C7
42.026505,-13.459458,2,862DB2BA-55C9-5794-03BC-FBBA3BEE80C7
0.8234991,-30.466442,2,862DB2BA-55C9-5794-03BC-FBBA3BEE80C7
-11.574578,-14.75303,2,862DB2BA-55C9-5794-03BC-FBBA3BEE80C7
-37.99908,-14.9787855,0,862DB2BA-55C9-5794-03BC-FBBA3BEE80C7
-19.452063,-13.4145975,0,862DB2BA-55C9-5794-03BC-FBBA3BEE80C7
-10.326347,-6.749212,2,862DB2BA-55C9-5794-03BC-FBBA3BEE80C7
-10.492288,-6.8579144,2,862DB2BA-55C9-5794-03BC-FBBA3BEE80C7
-9.645495,-6.527087,2,862DB2BA-55C9-5794-03BC-FBBA3BEE80C7
-32.234444,6.1838775,2,862DB2BA-55C9-5794-03BC-FBBA3BEE80C7
32.740913,-25.750788,2,862DB2BA-55C9-5794-03BC-FBBA3BEE80C7
32.094933,-26.312649,2,862DB2BA-55C9-5794-03BC-FBBA3BEE80C7
9.834192,-30.992867,2,862DB2BA-55C9-5794-03BC-FBBA3BEE80C7
9.474773,-31.131891,2,862DB2BA-55C9-5794-03BC-FBBA3BEE80C7
-37.272923,-15.274358,1,862DB2BA-55C9-5794-03BC-FBBA3BEE80C7
-4.3821464,49.958466,2,862DB2BA-55C9-5794-03BC-FBBA3BEE80C7
-39.559105,9.640355,2,862DB2BA-55C9-5794-03BC-FBBA3BEE80C7
-39.19762,7.6921415,2,862DB2BA-55C9-5794-03BC-FBBA3BEE80C7
-35.2888,11.328451,2,862DB2BA-55C9-5794-03BC-FBBA3BEE80C7
-19.918657,11.932936,2,862DB2BA-55C9-5794-03BC-FBBA3BEE80C7
-7.606264,52.0999,2,8690E8B6-9B41-5F0E-C518-8F2D028C6690
-8.003057,51.60018,2,8690E8B6-9B41-5F0E-C518-8F2D028C6690
-7.814031,51.607388,2,8690E8B6-9B41-5F0E-C518-8F2D028C6690
-12.445098,56.45001,1,8690E8B6-9B41-5F0E-C518-8F2D028C6690
-12.547128,56.581127,1,8690E8B6-9B41-5F0E-C518-8F2D028C6690
35.10663,33.39068,1,8690E8B6-9B41-5F0E-C518-8F2D028C6690
-22.887743,55.432865,2,8690E8B6-9B41-5F0E-C518-8F2D028C6690
-22.905136,55.42543,2,8690E8B6-9B41-5F0E-C518-8F2D028C6690
-25.482891,49.0468,2,8690E8B6-9B41-5F0E-C518-8F2D028C6690
-22.546898,48.576267,2,8690E8B6-9B41-5F0E-C518-8F2D028C6690
-21.997072,48.40461,2,8690E8B6-9B41-5F0E-C518-8F2D028C6690
37.695385,34.65059,2,8690E8B6-9B41-5F0E-C518-8F2D028C6690
15.323439,-4.464755,2,8690E8B6-9B41-5F0E-C518-8F2D028C6690
15.252092,-4.48142,2,8690E8B6-9B41-5F0E-C518-8F2D028C6690
14.800894,-4.536096,2,8690E8B6-9B41-5F0E-C518-8F2D028C6690
22.24078,-11.388102,2,8690E8B6-9B41-5F0E-C518-8F2D028C6690
25.50749,-13.492897,2,8690E8B6-9B41-5F0E-C518-8F2D028C6690
-11.700979,14.855213,0,8690E8B6-9B41-5F0E-C518-8F2D028C6690
-33.488117,-17.410654,2,874A6B13-C999-C802-1138-FA198591D897
-33.28399,-17.584791,2,874A6B13-C999-C802-1138-FA198591D897
8.833748,9.688329,2,874A6B13-C999-C802-1138-FA198591D897
20.322893,-7.9208174,2,874A6B13-C999-C802-1138-FA198591D897
20.064045,-7.710327,2,874A6B13-C999-C802-1138-FA198591D897
38.328625,-33.025635,2,874A6B13-C999-C802-1138-FA198591D897
5.0076547,10.005142,2,874A6B13-C999-C802-1138-FA198591D897
-6.9270334,5.025533,2,874A6B13-C999-C802-1138-FA198591D897
-6.275554,4.818507,2,874A6B13-C999-C802-1138-FA198591D897
-6.32312,4.8284855,2,874A6B13-C999-C802-1138-FA198591D897
-6.2091293,4.71997,2,874A6B13-C999-C802-1138-FA198591D897
-6.1646023,4.7042904,2,874A6B13-C999-C802-1138-FA198591D897
24.770578,-17.241442,2,874A6B13-C999-C802-1138-FA198591D897
5.2565484,-12.5647135,2,874A6B13-C999-C802-1138-FA198591D897
-4.063035,-22.341738,2,874A6B13-C999-C802-1138-FA198591D897
-2.8129642,-21.74334,2,874A6B13-C999-C802-1138-FA198591D897
25.438896,-7.638547,2,874A6B13-C999-C802-1138-FA198591D897
-25.996138,-24.370102,2,874A6B13-C999-C802-1138-FA198591D897
19.00538,-32.79011,1,9268F759-54B0-96CC-C0F5-9D8DBAA12073
-2.958428,14.207073,0,9268F759-54B0-96CC-C0F5-9D8DBAA12073
-2.7919517,14.220699,0,9268F759-54B0-96CC-C0F5-9D8DBAA12073
-3.043949,14.2072,0,9268F759-54B0-96CC-C0F5-9D8DBAA12073
-3.3514674,14.090107,0,9268F759-54B0-96CC-C0F5-9D8DBAA12073
-11.986713,10.427314,0,9268F759-54B0-96CC-C0F5-9D8DBAA12073
-0.5313884,-18.449657,2,9268F759-54B0-96CC-C0F5-9D8DBAA12073
-16.845726,-25.889503,2,9268F759-54B0-96CC-C0F5-9D8DBAA12073
4.4959836,-10.728126,2,9268F759-54B0-96CC-C0F5-9D8DBAA12073
16.652197,-3.1795406,2,9268F759-54B0-96CC-C0F5-9D8DBAA12073
16.558779,-3.0980563,2,9268F759-54B0-96CC-C0F5-9D8DBAA12073
13.832533,4.9358125,2,9268F759-54B0-96CC-C0F5-9D8DBAA12073
11.5884905,2.0764532,1,9268F759-54B0-96CC-C0F5-9D8DBAA12073
-4.6222258,-37.75841,1,9268F759-54B0-96CC-C0F5-9D8DBAA12073
-39.804195,-13.254781,1,9268F759-54B0-96CC-C0F5-9D8DBAA12073
-21.288792,-7.85254,1,9268F759-54B0-96CC-C0F5-9D8DBAA12073
-21.728985,-7.9499793,1,9268F759-54B0-96CC-C0F5-9D8DBAA12073
-48.237938,6.4071803,1,9268F759-54B0-96CC-C0F5-9D8DBAA12073
-29.934242,8.752005,1,9268F759-54B0-96CC-C0F5-9D8DBAA12073
-48.55617,6.719018,1,9268F759-54B0-96CC-C0F5-9D8DBAA12073
-20.096031,19.648958,1,9268F759-54B0-96CC-C0F5-9D8DBAA12073
-11.435281,21.821465,1,9268F759-54B0-96CC-C0F5-9D8DBAA12073
-1.9659367,15.306793,1,9268F759-54B0-96CC-C0F5-9D8DBAA12073
-51.530727,3.0852501,1,9268F759-54B0-96CC-C0F5-9D8DBAA12073
-23.104988,56.468243,2,94AA1B20-A5D9-F2B4-FD96-2F20A00FAE89
-27.777264,47.83645,2,94AA1B20-A5D9-F2B4-FD96-2F20A00FAE89
-32.337547,14.197152,2,94AA1B20-A5D9-F2B4-FD96-2F20A00FAE89
-32.016106,14.396202,2,94AA1B20-A5D9-F2B4-FD96-2F20A00FAE89
-8.668731,6.3535514,0,94AA1B20-A5D9-F2B4-FD96-2F20A00FAE89
20.285225,9.283077,0,94AA1B20-A5D9-F2B4-FD96-2F20A00FAE89
44.196426,-18.441292,0,94AA1B20-A5D9-F2B4-FD96-2F20A00FAE89
44.168415,-18.429768,0,94AA1B20-A5D9-F2B4-FD96-2F20A00FAE89
25.536922,-14.391364,0,94AA1B20-A5D9-F2B4-FD96-2F20A00FAE89
25.613602,-14.339973,1,94AA1B20-A5D9-F2B4-FD96-2F20A00FAE89
49.27282,-22.94557,1,94AA1B20-A5D9-F2B4-FD96-2F20A00FAE89
-28.481789,38.96859,1,94AA1B20-A5D9-F2B4-FD96-2F20A00FAE89
5.746948,-26.672123,2,94AA1B20-A5D9-F2B4-FD96-2F20A00FAE89
28.296814,-23.118729,2,94AA1B20-A5D9-F2B4-FD96-2F20A00FAE89
35.283684,-29.16542,2,94AA1B20-A5D9-F2B4-FD96-2F20A00FAE89
35.310318,-29.066458,0,94AA1B20-A5D9-F2B4-FD96-2F20A00FAE89
35.392357,-29.140024,0,94AA1B20-A5D9-F2B4-FD96-2F20A00FAE89
-4.1899023,-30.634113,0,94AA1B20-A5D9-F2B4-FD96-2F20A00FAE89
-34.011547,15.842279,2,94AA1B20-A5D9-F2B4-FD96-2F20A00FAE89
-32.966877,16.794453,2,94AA1B20-A5D9-F2B4-FD96-2F20A00FAE89
-10.041604,50.113243,2,94AA1B20-A5D9-F2B4-FD96-2F20A00FAE89
-9.930963,50.019657,2,94AA1B20-A5D9-F2B4-FD96-2F20A00FAE89
0.43995205,49.828655,1,94AA1B20-A5D9-F2B4-FD96-2F20A00FAE89
0.04545313,49.907265,1,94AA1B20-A5D9-F2B4-FD96-2F20A00FAE89
2.0711236,49.582146,1,94AA1B20-A5D9-F2B4-FD96-2F20A00FAE89
-24.148232,-7.8190703,2,94AA1B20-A5D9-F2B4-FD96-2F20A00FAE89
-24.120848,-7.768329,2,94AA1B20-A5D9-F2B4-FD96-2F20A00FAE89
-23.801783,-7.6666317,2,94AA1B20-A5D9-F2B4-FD96-2F20A00FAE89
55.696396,-28.243755,2,94AA1B20-A5D9-F2B4-FD96-2F20A00FAE89
52.635494,-27.862097,2,94AA1B20-A5D9-F2B4-FD96-2F20A00FAE89
-50.761555,-15.011054,1,96B78431-4166-E4D3-2AA2-15BE2512E1D6
-50.354034,-15.416335,1,96B78431-4166-E4D3-2AA2-15BE2512E1D6
-50.469215,-15.413119,1,96B78431-4166-E4D3-2AA2-15BE2512E1D6
-17.39001,-16.1651,1,96B78431-4166-E4D3-2AA2-15BE2512E1D6
-2.3625755,45.056114,1,96B78431-4166-E4D3-2AA2-15BE2512E1D6
-25.101873,40.162457,1,96B78431-4166-E4D3-2AA2-15BE2512E1D6
-1.4289312,-35.412598,2,96B78431-4166-E4D3-2AA2-15BE2512E1D6
38.586563,-15.471519,2,96B78431-4166-E4D3-2AA2-15BE2512E1D6
23.61519,-5.7899313,2,96B78431-4166-E4D3-2AA2-15BE2512E1D6
23.539148,-5.432884,2,96B78431-4166-E4D3-2AA2-15BE2512E1D6
23.806112,-6.315154,2,96B78431-4166-E4D3-2AA2-15BE2512E1D6
-1.5505508,-35.10246,2,96B78431-4166-E4D3-2AA2-15BE2512E1D6
-40.851513,9.483365,1,96B78431-4166-E4D3-2AA2-15BE2512E1D6
-39.633144,9.229316,1,96B78431-4166-E4D3-2AA2-15BE2512E1D6
-39.45505,8.989803,1,96B78431-4166-E4D3-2AA2-15BE2512E1D6
-31.958155,-23.565361,1,96B78431-4166-E4D3-2AA2-15BE2512E1D6
-32.114246,-23.400593,1,96B78431-4166-E4D3-2AA2-15BE2512E1D6
-32.00966,-23.50886,1,96B78431-4166-E4D3-2AA2-15BE2512E1D6
-7.6479225,-10.163914,2,99827717-1B21-7ECC-CAD1-99489F7E19EA
-7.6614466,-10.157589,2,99827717-1B21-7ECC-CAD1-99489F7E19EA
34.32024,10.640872,2,99827717-1B21-7ECC-CAD1-99489F7E19EA
34.382965,10.578987,2,99827717-1B21-7ECC-CAD1-99489F7E19EA
38.397636,32.85604,2,99827717-1B21-7ECC-CAD1-99489F7E19EA
10.363037,55.975616,2,99827717-1B21-7ECC-CAD1-99489F7E19EA
-7.22087,50.600174,2,99827717-1B21-7ECC-CAD1-99489F7E19EA
-7.2322545,50.505405,2,99827717-1B21-7ECC-CAD1-99489F7E19EA
2.4236999,47.7032,2,99827717-1B21-7ECC-CAD1-99489F7E19EA
22.956526,-23.80966,1,99827717-1B21-7ECC-CAD1-99489F7E19EA
22.480719,-23.986164,2,99827717-1B21-7ECC-CAD1-99489F7E19EA
23.853582,-24.091688,2,99827717-1B21-7ECC-CAD1-99489F7E19EA
26.345821,-33.469902,2,99827717-1B21-7ECC-CAD1-99489F7E19EA
-2.8533304,-35.145836,2,99827717-1B21-7ECC-CAD1-99489F7E19EA
17.805727,-30.47141,2,99827717-1B21-7ECC-CAD1-99489F7E19EA
-36.204998,-51.79996,2,99827717-1B21-7ECC-CAD1-99489F7E19EA
42.89684,-16.821926,2,99827717-1B21-7ECC-CAD1-99489F7E19EA
43.177876,-17.263277,2,99827717-1B21-7ECC-CAD1-99489F7E19EA
-8.232903,-23.7162,2,99827717-1B21-7ECC-CAD1-99489F7E19EA
-14.883458,-23.054346,2,99827717-1B21-7ECC-CAD1-99489F7E19EA
0.91518575,-7.718186,2,99827717-1B21-7ECC-CAD1-99489F7E19EA
-11.469466,-5.6672363,2,99827717-1B21-7ECC-CAD1-99489F7E19EA
-20.637398,-14.646024,2,99827717-1B21-7ECC-CAD1-99489F7E19EA
43.495335,-21.626001,2,99827717-1B21-7ECC-CAD1-99489F7E19EA
43.5716,-21.178167,2,99827717-1B21-7ECC-CAD1-99489F7E19EA
43.849346,-20.6156,2,99827717-1B21-7ECC-CAD1-99489F7E19EA
14.406596,57.326065,1,99C0C5AE-01AD-1BB2-A36B-74B166CB26BA
17.678394,49.211617,1,99C0C5AE-01AD-1BB2-A36B-74B166CB26BA
17.497393,49.158295,1,99C0C5AE-01AD-1BB2-A36B-74B166CB26BA
17.539467,49.10766,1,99C0C5AE-01AD-1BB2-A36B-74B166CB26BA
14.28427,57.38059,1,99C0C5AE-01AD-1BB2-A36B-74B166CB26BA
24.795025,45.160168,1,99C0C5AE-01AD-1BB2-A36B-74B166CB26BA
-31.316555,6.218987,1,99C0C5AE-01AD-1BB2-A36B-74B166CB26BA
-37.80602,10.137554,1,99C0C5AE-01AD-1BB2-A36B-74B166CB26BA
-37.828773,10.206902,1,99C0C5AE-01AD-1BB2-A36B-74B166CB26BA
-37.871265,10.16615,1,99C0C5AE-01AD-1BB2-A36B-74B166CB26BA
-38.046402,9.954297,1,99C0C5AE-01AD-1BB2-A36B-74B166CB26BA
-33.703907,16.670088,1,99C0C5AE-01AD-1BB2-A36B-74B166CB26BA
24.335648,-10.181673,2,99C0C5AE-01AD-1BB2-A36B-74B166CB26BA
-48.489044,-16.61784,1,99C0C5AE-01AD-1BB2-A36B-74B166CB26BA
-48.84011,-17.077713,1,99C0C5AE-01AD-1BB2-A36B-74B166CB26BA
-48.583885,-17.339296,1,99C0C5AE-01AD-1BB2-A36B-74B166CB26BA
-48.61781,-17.3421,1,99C0C5AE-01AD-1BB2-A36B-74B166CB26BA
-49.211914,-16.956312,1,99C0C5AE-01AD-1BB2-A36B-74B166CB26BA
-28.973066,-57.376823,1,99C0C5AE-01AD-1BB2-A36B-74B166CB26BA
-28.963552,-57.118366,1,99C0C5AE-01AD-1BB2-A36B-74B166CB26BA
-28.919392,-57.151028,1,99C0C5AE-01AD-1BB2-A36B-74B166CB26BA
-33.068615,-54.271866,1,99C0C5AE-01AD-1BB2-A36B-74B166CB26BA
-0.46612868,-5.568731,1,99C0C5AE-01AD-1BB2-A36B-74B166CB26BA
9.380944,-7.7260427,1,99C0C5AE-01AD-1BB2-A36B-74B166CB26BA
-48.02901,4.99889,1,99C0C5AE-01AD-1BB2-A36B-74B166CB26BA
-47.977432,4.9629726,1,99C0C5AE-01AD-1BB2-A36B-74B166CB26BA
-18.869717,19.546997,2,9A80CFF4-085D-6435-BA08-18E6496A8381
-18.713028,19.508463,2,9A80CFF4-085D-6435-BA08-18E6496A8381
22.231567,0.95706314,2,9A80CFF4-085D-6435-BA08-18E6496A8381
22.210346,0.95939267,2,9A80CFF4-085D-6435-BA08-18E6496A8381
22.23447,0.9377167,0,9A80CFF4-085D-6435-BA08-18E6496A8381
10.135471,6.8490853,0,9A80CFF4-085D-6435-BA08-18E6496A8381
10.875711,-8.4658,2,9A80CFF4-085D-6435-BA08-18E6496A8381
10.877061,-8.485494,2,9A80CFF4-085D-6435-BA08-18E6496A8381
29.881727,-16.959583,2,9A80CFF4-085D-6435-BA08-18E6496A8381
-39.82822,-2.756074,2,9A80CFF4-085D-6435-BA08-18E6496A8381
7.8426757,56.719303,2,9A80CFF4-085D-6435-BA08-18E6496A8381
6.93276,56.27882,2,9A80CFF4-085D-6435-BA08-18E6496A8381
37.760788,-21.626461,2,9A80CFF4-085D-6435-BA08-18E6496A8381
-21.878738,15.001292,2,9A80CFF4-085D-6435-BA08-18E6496A8381
-49.628445,2.1240232,2,9A80CFF4-085D-6435-BA08-18E6496A8381
-49.648987,2.0820677,2,9A80CFF4-085D-6435-BA08-18E6496A8381
-21.595407,-9.347512,2,9A80CFF4-085D-6435-BA08-18E6496A8381
-21.71144,-9.375846,2,9A80CFF4-085D-6435-BA08-18E6496A8381
14.166274,13.6729,0,9C694EBE-9421-F45A-ED92-F521991A6A52
14.154518,13.780944,2,9C694EBE-9421-F45A-ED92-F521991A6A52
14.17877,13.819265,2,9C694EBE-9421-F45A-ED92-F521991A6A52
-7.3700147,13.704851,2,9C694EBE-9421-F45A-ED92-F521991A6A52
9.79779,7.2931776,0,9C694EBE-9421-F45A-ED92-F521991A6A52
-1.7228979,13.41638,0,9C694EBE-9421-F45A-ED92-F521991A6A52
-0.49530473,-13.412046,0,9C694EBE-9421-F45A-ED92-F521991A6A52
6.428424,-20.19625,0,9C694EBE-9421-F45A-ED92-F521991A6A52
12.757319,-11.981233,0,9C694EBE-9421-F45A-ED92-F521991A6A52
12.889969,-11.852619,2,9C694EBE-9421-F45A-ED92-F521991A6A52
12.929952,-11.776385,2,9C694EBE-9421-F45A-ED92-F521991A6A52
1.4266567,-14.508318,2,9C694EBE-9421-F45A-ED92-F521991A6A52
14.110891,-5.6675973,2,9C694EBE-9421-F45A-ED92-F521991A6A52
16.82269,-9.088273,0,9C694EBE-9421-F45A-ED92-F521991A6A52
27.13169,-18.02323,2,9C694EBE-9421-F45A-ED92-F521991A6A52
44.680595,-25.895535,0,9C694EBE-9421-F45A-ED92-F521991A6A52
41.961643,-30.705793,2,9C694EBE-9421-F45A-ED92-F521991A6A52
41.289146,-31.235847,2,9C694EBE-9421-F45A-ED92-F521991A6A52
8.948785,2.2797577,0,9C694EBE-9421-F45A-ED92-F521991A6A52
1.415901,-10.815358,2,9C694EBE-9421-F45A-ED92-F521991A6A52
1.4488764,-10.779953,2,9C694EBE-9421-F45A-ED92-F521991A6A52
1.3139275,-11.295722,2,9C694EBE-9421-F45A-ED92-F521991A6A52
-23.186563,-20.448374,2,9C694EBE-9421-F45A-ED92-F521991A6A52
7.900159,15.4135475,0,9C694EBE-9421-F45A-ED92-F521991A6A52
-26.321299,18.767538,0,9C694EBE-9421-F45A-ED92-F521991A6A52
-38.186256,-46.48755,2,9C694EBE-9421-F45A-ED92-F521991A6A52
52.148296,-9.35059,2,9E6EBCE2-44FB-8F07-4135-E91140B34096
-10.237106,56.92561,2,9E6EBCE2-44FB-8F07-4135-E91140B34096
4.953262,59.245907,0,9E6EBCE2-44FB-8F07-4135-E91140B34096
7.960276,53.789234,0,9E6EBCE2-44FB-8F07-4135-E91140B34096
10.294245,50.314484,0,9E6EBCE2-44FB-8F07-4135-E91140B34096
9.494048,50.176895,0,9E6EBCE2-44FB-8F07-4135-E91140B34096
-0.2978962,50.923096,0,9E6EBCE2-44FB-8F07-4135-E91140B34096
-1.8591874,52.42734,2,9E6EBCE2-44FB-8F07-4135-E91140B34096
-2.0217083,52.61649,2,9E6EBCE2-44FB-8F07-4135-E91140B34096
-51.325157,-18.983734,2,9E6EBCE2-44FB-8F07-4135-E91140B34096
-51.457973,-18.956911,2,9E6EBCE2-44FB-8F07-4135-E91140B34096
-51.572914,-18.942858,2,9E6EBCE2-44FB-8F07-4135-E91140B34096
-30.152344,42.25098,2,9E6EBCE2-44FB-8F07-4135-E91140B34096
-28.549982,39.693794,2,9E6EBCE2-44FB-8F07-4135-E91140B34096
11.339768,20.990149,2,9E6EBCE2-44FB-8F07-4135-E91140B34096
11.373447,20.949345,2,9E6EBCE2-44FB-8F07-4135-E91140B34096
11.612335,21.024115,2,9E6EBCE2-44FB-8F07-4135-E91140B34096
12.276513,20.50244,0,9E6EBCE2-44FB-8F07-4135-E91140B34096
-19.877481,-20.703594,2,A135AF2A-692D-9C83-AB54-34F977E4D14D
-19.780903,-20.733284,2,A135AF2A-692D-9C83-AB54-34F977E4D14D
-6.597224,-31.544044,2,A135AF2A-692D-9C83-AB54-34F977E4D14D
-6.2120295,-31.60697,2,A135AF2A-692D-9C83-AB54-34F977E4D14D
48.801823,-6.661893,2,A135AF2A-692D-9C83-AB54-34F977E4D14D
46.950718,-5.5431066,2,A135AF2A-692D-9C83-AB54-34F977E4D14D
-48.886497,-11.273166,2,A135AF2A-692D-9C83-AB54-34F977E4D14D
-49.043903,-11.319309,2,A135AF2A-692D-9C83-AB54-34F977E4D14D
-49.142803,-11.334788,2,A135AF2A-692D-9C83-AB54-34F977E4D14D
-48.98752,-11.270371,2,A135AF2A-692D-9C83-AB54-34F977E4D14D
-43.049675,0.7332168,2,A135AF2A-692D-9C83-AB54-34F977E4D14D
28.90183,0.61839,0,A135AF2A-692D-9C83-AB54-34F977E4D14D
9.759481,-33.730484,2,A135AF2A-692D-9C83-AB54-34F977E4D14D
31.182364,-33.096024,2,A135AF2A-692D-9C83-AB54-34F977E4D14D
43.38954,-27.109446,2,A135AF2A-692D-9C83-AB54-34F977E4D14D
42.590313,-26.442827,2,A135AF2A-692D-9C83-AB54-34F977E4D14D
42.717308,-26.387257,2,A135AF2A-692D-9C83-AB54-34F977E4D14D
41.606766,-16.467821,0,A135AF2A-692D-9C83-AB54-34F977E4D14D
0.23088291,-31.828098,2,A7C426E7-344F-99F4-6E35-453AF3AD9C2C
0.43610463,-31.85796,2,A7C426E7-344F-99F4-6E35-453AF3AD9C2C
24.391165,-34.438812,2,A7C426E7-344F-99F4-6E35-453AF3AD9C2C
15.614288,21.282568,2,A7C426E7-344F-99F4-6E35-453AF3AD9C2C
15.605436,21.345695,2,A7C426E7-344F-99F4-6E35-453AF3AD9C2C
43.986,-5.2317214,0,A7C426E7-344F-99F4-6E35-453AF3AD9C2C
48.95476,-16.892778,0,A7C426E7-344F-99F4-6E35-453AF3AD9C2C
33.96628,-3.2483697,0,A7C426E7-344F-99F4-6E35-453AF3AD9C2C
12.793937,8.015141,0,A7C426E7-344F-99F4-6E35-453AF3AD9C2C
13.653839,6.8117585,2,A7C426E7-344F-99F4-6E35-453AF3AD9C2C
13.637705,6.7414136,2,A7C426E7-344F-99F4-6E35-453AF3AD9C2C
5.401838,9.234028,2,A7C426E7-344F-99F4-6E35-453AF3AD9C2C
14.465322,52.704067,2,A7C426E7-344F-99F4-6E35-453AF3AD9C2C
11.1140995,53.98113,2,A7C426E7-344F-99F4-6E35-453AF3AD9C2C
53.90156,-21.071568,2,AB9921A8-F143-E101-6A47-E66882F571B2
53.036514,-20.528547,2,AB9921A8-F143-E101-6A47-E66882F571B2
52.85552,-20.311087,2,AB9921A8-F143-E101-6A47-E66882F571B2
52.435394,-19.770521,2,AB9921A8-F143-E101-6A47-E66882F571B2
52.43674,-19.506554,2,AB9921A8-F143-E101-6A47-E66882F571B2
31.802155,36.58632,1,AB9921A8-F143-E101-6A47-E66882F571B2
19.763025,19.289057,0,AB9921A8-F143-E101-6A47-E66882F571B2
-2.757655,40.43752,0,AB9921A8-F143-E101-6A47-E66882F571B2
-2.760563,40.444126,0,AB9921A8-F143-E101-6A47-E66882F571B2
-21.632996,53.05727,1,AB9921A8-F143-E101-6A47-E66882F571B2
-21.914637,57.215675,1,AB9921A8-F143-E101-6A47-E66882F571B2
-8.728922,43.87249,1,AB9921A8-F143-E101-6A47-E66882F571B2
37.087006,-4.666228,2,AB9921A8-F143-E101-6A47-E66882F571B2
-5.023001,56.22877,2,AB9921A8-F143-E101-6A47-E66882F571B2
-5.04011,56.204258,1,AB9921A8-F143-E101-6A47-E66882F571B2
-17.528818,46.23654,1,AB9921A8-F143-E101-6A47-E66882F571B2
9.172355,55.358585,1,AB9921A8-F143-E101-6A47-E66882F571B2
9.160251,54.51908,0,AB9921A8-F143-E101-6A47-E66882F571B2
-20.567726,8.6522665,0,AB9921A8-F143-E101-6A47-E66882F571B2
-20.548353,8.645553,0,AB9921A8-F143-E101-6A47-E66882F571B2
31.919262,2.7565274,2,AB9921A8-F143-E101-6A47-E66882F571B2
31.367496,3.6128032,2,AB9921A8-F143-E101-6A47-E66882F571B2
31.358118,3.6351988,2,AB9921A8-F143-E101-6A47-E66882F571B2
30.30081,4.352338,1,AB9921A8-F143-E101-6A47-E66882F571B2
-56.578564,-7.1107454,1,AB9921A8-F143-E101-6A47-E66882F571B2
-61.293858,-13.610022,1,AB9921A8-F143-E101-6A47-E66882F571B2
-61.297955,-13.638933,1,AB9921A8-F143-E101-6A47-E66882F571B2
-49.373,3.8602903,1,AB9921A8-F143-E101-6A47-E66882F571B2
-28.070896,-50.690456,1,AB9921A8-F143-E101-6A47-E66882F571B2
-28.068474,-50.679203,1,AB9921A8-F143-E101-6A47-E66882F571B2
-7.3601265,20.998276,0,AB9921A8-F143-E101-6A47-E66882F571B2
-7.415351,20.983196,0,AB9921A8-F143-E101-6A47-E66882F571B2
-7.3965826,21.010675,0,AB9921A8-F143-E101-6A47-E66882F571B2
-19.86791,19.18478,1,AB9921A8-F143-E101-6A47-E66882F571B2
-44.750534,2.9701707,1,AB9921A8-F143-E101-6A47-E66882F571B2
-44.75888,2.9877834,1,AB9921A8-F143-E101-6A47-E66882F571B2
-50.827312,9.04594,1,AB9921A8-F143-E101-6A47-E66882F571B2
-29.780813,4.733543,1,AB9921A8-F143-E101-6A47-E66882F571B2
-14.260137,16.282303,1,AB9921A8-F143-E101-6A47-E66882F571B2
-14.243715,16.259588,1,AB9921A8-F143-E101-6A47-E66882F571B2
-14.346881,16.241776,1,AB9921A8-F143-E101-6A47-E66882F571B2
-14.427955,15.660919,1,AB9921A8-F143-E101-6A47-E66882F571B2
-49.244427,5.032753,1,AB9921A8-F143-E101-6A47-E66882F571B2
-21.681707,21.958544,0,B06410CC-D778-33B2-B1FD-A828EE4AF413
-21.61087,21.9595,2,B06410CC-D778-33B2-B1FD-A828EE4AF413
-51.589108,8.267276,2,B06410CC-D778-33B2-B1FD-A828EE4AF413
-38.753113,9.038722,2,B06410CC-D778-33B2-B1FD-A828EE4AF413
-39.294926,12.565517,1,B06410CC-D778-33B2-B1FD-A828EE4AF413
-39.235744,10.917134,2,B06410CC-D778-33B2-B1FD-A828EE4AF413
-39.240875,10.932856,2,B06410CC-D778-33B2-B1FD-A828EE4AF413
-39.42468,12.45549,2,B06410CC-D778-33B2-B1FD-A828EE4AF413
-33.303146,6.96533,2,B06410CC-D778-33B2-B1FD-A828EE4AF413
-33.26507,6.9303427,2,B06410CC-D778-33B2-B1FD-A828EE4AF413
-41.670235,-9.679437,2,B06410CC-D778-33B2-B1FD-A828EE4AF413
-41.636364,-9.610817,0,B06410CC-D778-33B2-B1FD-A828EE4AF413
-51.49887,8.112179,0,B06410CC-D778-33B2-B1FD-A828EE4AF413
-28.443329,14.123292,0,B06410CC-D778-33B2-B1FD-A828EE4AF413
-4.75566,14.370365,0,B06410CC-D778-33B2-B1FD-A828EE4AF413
15.620171,-5.9809866,0,B06410CC-D778-33B2-B1FD-A828EE4AF413
23.15544,-10.162788,2,B06410CC-D778-33B2-B1FD-A828EE4AF413
26.200335,-11.714933,2,B06410CC-D778-33B2-B1FD-A828EE4AF413
-27.646656,-23.617023,2,B06410CC-D778-33B2-B1FD-A828EE4AF413
-27.573595,-23.798275,0,B06410CC-D778-33B2-B1FD-A828EE4AF413
-25.413671,-25.259924,0,B06410CC-D778-33B2-B1FD-A828EE4AF413
-28.516714,-23.244331,0,B06410CC-D778-33B2-B1FD-A828EE4AF413
21.92879,-32.69879,0,B06410CC-D778-33B2-B1FD-A828EE4AF413
9.968694,-33.694492,0,B06410CC-D778-33B2-B1FD-A828EE4AF413
-11.058502,52.682755,1,B0AAFE06-91C2-2C6D-4547-7508BB719E45
-11.422141,53.569275,1,B0AAFE06-91C2-2C6D-4547-7508BB719E45
7.834366,57.978794,1,B0AAFE06-91C2-2C6D-4547-7508BB719E45
7.733694,57.725124,0,B0AAFE06-91C2-2C6D-4547-7508BB719E45
42.270916,-8.707419,0,B0AAFE06-91C2-2C6D-4547-7508BB719E45
43.822086,-23.334255,0,B0AAFE06-91C2-2C6D-4547-7508BB719E45
42.09962,-27.597855,0,B0AAFE06-91C2-2C6D-4547-7508BB719E45
44.20194,-23.218798,2,B0AAFE06-91C2-2C6D-4547-7508BB719E45
44.335117,-22.966967,2,B0AAFE06-91C2-2C6D-4547-7508BB719E45
44.345913,-22.915596,0,B0AAFE06-91C2-2C6D-4547-7508BB719E45
41.774517,-3.7565846,0,B0AAFE06-91C2-2C6D-4547-7508BB719E45
-39.940464,7.9655504,0,B0AAFE06-91C2-2C6D-4547-7508BB719E45
-19.321917,48.69295,0,B0AAFE06-91C2-2C6D-4547-7508BB719E45
-18.120834,48.057976,0,B0AAFE06-91C2-2C6D-4547-7508BB719E45
30.070621,8.790997,0,B0AAFE06-91C2-2C6D-4547-7508BB719E45
30.079836,8.760279,0,B0AAFE06-91C2-2C6D-4547-7508BB719E45
30.00049,8.191996,0,B0AAFE06-91C2-2C6D-4547-7508BB719E45
9.695268,-18.711334,0,B0AAFE06-91C2-2C6D-4547-7508BB719E45
-14.190593,19.565115,0,B0AAFE06-91C2-2C6D-4547-7508BB719E45
-14.166621,19.592888,0,B0AAFE06-91C2-2C6D-4547-7508BB719E45
-9.674855,23.089418,0,B0AAFE06-91C2-2C6D-4547-7508BB719E45
-29.081995,-22.274961,0,B0AAFE06-91C2-2C6D-4547-7508BB719E45
-14.030407,-24.268078,1,B0AAFE06-91C2-2C6D-4547-7508BB719E45
-13.9709,-24.267546,2,B0AAFE06-91C2-2C6D-4547-7508BB719E45
-54.120438,-13.664999,2,B17DF37B-207D-A052-4D45-F862B3BF4C4C
-46.79232,-19.541155,2,B17DF37B-207D-A052-4D45-F862B3BF4C4C
-56.493256,-15.172177,0,B17DF37B-207D-A052-4D45-F862B3BF4C4C
-56.444504,-9.632667,0,B17DF37B-207D-A052-4D45-F862B3BF4C4C
-56.437412,-9.634832,0,B17DF37B-207D-A052-4D45-F862B3BF4C4C
-56.453068,-9.662461,1,B17DF37B-207D-A052-4D45-F862B3BF4C4C
-55.5196,-8.56291,1,B17DF37B-207D-A052-4D45-F862B3BF4C4C
-55.491936,-8.566903,1,B17DF37B-207D-A052-4D45-F862B3BF4C4C
-47.46934,-1.4936589,1,B17DF37B-207D-A052-4D45-F862B3BF4C4C
-47.415665,-1.550605,1,B17DF37B-207D-A052-4D45-F862B3BF4C4C
-12.256612,17.461271,1,B17DF37B-207D-A052-4D45-F862B3BF4C4C
-34.162525,-52.064537,1,B17DF37B-207D-A052-4D45-F862B3BF4C4C
11.05228,52.085464,1,B2EE7EC5-4E5B-EBDD-E0EB-AF758B95C36A
-0.5752535,51.708473,1,B2EE7EC5-4E5B-EBDD-E0EB-AF758B95C36A
1.5257912,48.338875,1,B2EE7EC5-4E5B-EBDD-E0EB-AF758B95C36A
-34.81297,15.521164,1,B2EE7EC5-4E5B-EBDD-E0EB-AF758B95C36A
-34.64003,16.704853,1,B2EE7EC5-4E5B-EBDD-E0EB-AF758B95C36A
-34.639072,16.7516,1,B2EE7EC5-4E5B-EBDD-E0EB-AF758B95C36A
7.82061,15.846238,2,B2EE7EC5-4E5B-EBDD-E0EB-AF758B95C36A
-17.11965,-14.044032,2,B2EE7EC5-4E5B-EBDD-E0EB-AF758B95C36A
-16.909117,-13.919704,2,B2EE7EC5-4E5B-EBDD-E0EB-AF758B95C36A
-16.826538,-13.827562,2,B2EE7EC5-4E5B-EBDD-E0EB-AF758B95C36A
-17.118135,-14.055846,2,B2EE7EC5-4E5B-EBDD-E0EB-AF758B95C36A
-21.06601,-19.457735,2,B2EE7EC5-4E5B-EBDD-E0EB-AF758B95C36A
-21.296623,-29.39723,2,B2EE7EC5-4E5B-EBDD-E0EB-AF758B95C36A
-29.037472,-21.422913,2,B2EE7EC5-4E5B-EBDD-E0EB-AF758B95C36A
-29.380816,-20.843607,2,B2EE7EC5-4E5B-EBDD-E0EB-AF758B95C36A
-29.895788,-20.666925,1,B2EE7EC5-4E5B-EBDD-E0EB-AF758B95C36A
-33.849686,-20.576271,1,B2EE7EC5-4E5B-EBDD-E0EB-AF758B95C36A
-44.933544,-0.40785572,1,B2EE7EC5-4E5B-EBDD-E0EB-AF758B95C36A
-29.46245,-55.453243,1,B2EE7EC5-4E5B-EBDD-E0EB-AF758B95C36A
-29.268984,-55.680805,1,B2EE7EC5-4E5B-EBDD-E0EB-AF758B95C36A
-29.255095,-55.67269,1,B2EE7EC5-4E5B-EBDD-E0EB-AF758B95C36A
-29.242344,-55.289043,1,B2EE7EC5-4E5B-EBDD-E0EB-AF758B95C36A
-28.848349,-54.7409,1,B2EE7EC5-4E5B-EBDD-E0EB-AF758B95C36A
7.35538,55.811962,1,B2EE7EC5-4E5B-EBDD-E0EB-AF758B95C36A
31.408268,39.959393,2,B3CE5256-6F65-85EB-0078-689BD5CC1B17
8.761774,27.486965,2,B3CE5256-6F65-85EB-0078-689BD5CC1B17
8.968326,27.38974,0,B3CE5256-6F65-85EB-0078-689BD5CC1B17
9.667876,27.67622,0,B3CE5256-6F65-85EB-0078-689BD5CC1B17
8.91534,27.376781,0,B3CE5256-6F65-85EB-0078-689BD5CC1B17
8.611422,27.527441,0,B3CE5256-6F65-85EB-0078-689BD5CC1B17
15.127297,22.440224,0,B3CE5256-6F65-85EB-0078-689BD5CC1B17
28.540329,10.213934,0,B3CE5256-6F65-85EB-0078-689BD5CC1B17
28.550121,10.242086,0,B3CE5256-6F65-85EB-0078-689BD5CC1B17
28.54585,10.277709,0,B3CE5256-6F65-85EB-0078-689BD5CC1B17
6.740671,-11.434582,0,B3CE5256-6F65-85EB-0078-689BD5CC1B17
9.975847,-17.265223,0,B3CE5256-6F65-85EB-0078-689BD5CC1B17
-31.13622,10.090223,0,B3CE5256-6F65-85EB-0078-689BD5CC1B17
19.627394,-0.22875382,0,B3CE5256-6F65-85EB-0078-689BD5CC1B17
-0.6048321,14.691908,2,B3CE5256-6F65-85EB-0078-689BD5CC1B17
-0.5104912,14.653151,2,B3CE5256-6F65-85EB-0078-689BD5CC1B17
-0.0005902641,18.6855,2,B3CE5256-6F65-85EB-0078-689BD5CC1B17
-0.024976496,18.681778,2,B3CE5256-6F65-85EB-0078-689BD5CC1B17
27.340893,-30.627077,2,B3CE5256-6F65-85EB-0078-689BD5CC1B17
27.445145,-30.71462,2,B3CE5256-6F65-85EB-0078-689BD5CC1B17
-18.347933,-14.196268,2,B3CE5256-6F65-85EB-0078-689BD5CC1B17
-10.705537,9.702342,2,B3CE5256-6F65-85EB-0078-689BD5CC1B17
-10.40261,9.668834,2,B3CE5256-6F65-85EB-0078-689BD5CC1B17
-28.343973,10.61021,2,B3CE5256-6F65-85EB-0078-689BD5CC1B17
15.192217,19.588537,2,B3CE5256-6F65-85EB-0078-689BD5CC1B17
39.617348,1.9398392,0,B3CE5256-6F65-85EB-0078-689BD5CC1B17
34.280266,-29.653572,2,B6EE5F90-8F59-D3CF-C449-59216B28207B
34.28876,-29.64718,2,B6EE5F90-8F59-D3CF-C449-59216B28207B
-21.708794,12.107518,2,B6EE5F90-8F59-D3CF-C449-59216B28207B
-21.787527,12.092662,2,B6EE5F90-8F59-D3CF-C449-59216B28207B
-12.992025,58.996796,2,B6EE5F90-8F59-D3CF-C449-59216B28207B
29.700117,40.672813,2,B6EE5F90-8F59-D3CF-C449-59216B28207B
-29.271055,-25.068306,1,B6EE5F90-8F59-D3CF-C449-59216B28207B
-28.987183,-25.395817,1,B6EE5F90-8F59-D3CF-C449-59216B28207B
-28.947496,-25.596361,0,B6EE5F90-8F59-D3CF-C449-59216B28207B
-48.99078,-19.89934,0,B6EE5F90-8F59-D3CF-C449-59216B28207B
-49.001778,-19.864311,0,B6EE5F90-8F59-D3CF-C449-59216B28207B
-9.310966,14.149877,0,B6EE5F90-8F59-D3CF-C449-59216B28207B
-50.51938,-5.9340625,1,B6EE5F90-8F59-D3CF-C449-59216B28207B
-49.982784,-6.4214377,1,B6EE5F90-8F59-D3CF-C449-59216B28207B
-50.06729,-6.452139,1,B6EE5F90-8F59-D3CF-C449-59216B28207B
-42.72079,-0.7850837,1,B6EE5F90-8F59-D3CF-C449-59216B28207B
-30.502335,-56.284103,1,B6EE5F90-8F59-D3CF-C449-59216B28207B
-30.372904,-56.351517,1,B6EE5F90-8F59-D3CF-C449-59216B28207B
16.57743,10.293775,0,B9FD0C60-33D3-E99E-2475-815EAD5C89C2
16.574814,10.322934,0,B9FD0C60-33D3-E99E-2475-815EAD5C89C2
16.655416,10.1413355,0,B9FD0C60-33D3-E99E-2475-815EAD5C89C2
16.671942,10.158563,0,B9FD0C60-33D3-E99E-2475-815EAD5C89C2
16.608747,10.118217,2,B9FD0C60-33D3-E99E-2475-815EAD5C89C2
-16.985157,-15.5679035,0,B9FD0C60-33D3-E99E-2475-815EAD5C89C2
-54.93697,-17.21058,1,B9FD0C60-33D3-E99E-2475-815EAD5C89C2
-49.653538,-18.798843,1,B9FD0C60-33D3-E99E-2475-815EAD5C89C2
36.623985,-23.565708,1,B9FD0C60-33D3-E99E-2475-815EAD5C89C2
-11.506085,59.3473,1,B9FD0C60-33D3-E99E-2475-815EAD5C89C2
31.121124,37.12479,1,B9FD0C60-33D3-E99E-2475-815EAD5C89C2
-16.988596,45.622025,1,B9FD0C60-33D3-E99E-2475-815EAD5C89C2
-32.03717,-55.34936,2,B9FD0C60-33D3-E99E-2475-815EAD5C89C2
-38.016296,-46.78332,2,B9FD0C60-33D3-E99E-2475-815EAD5C89C2
-20.14667,12.672409,0,B9FD0C60-33D3-E99E-2475-815EAD5C89C2
-36.844795,2.7464817,0,B9FD0C60-33D3-E99E-2475-815EAD5C89C2
-36.314877,2.8769002,0,B9FD0C60-33D3-E99E-2475-815EAD5C89C2
-41.209625,1.0267161,2,B9FD0C60-33D3-E99E-2475-815EAD5C89C2
-37.622395,-13.872789,2,B9FD0C60-33D3-E99E-2475-815EAD5C89C2
-16.930729,-15.573798,2,B9FD0C60-33D3-E99E-2475-815EAD5C89C2
6.0727615,-25.963852,2,B9FD0C60-33D3-E99E-2475-815EAD5C89C2
19.772215,-38.28903,0,B9FD0C60-33D3-E99E-2475-815EAD5C89C2
20.398945,-38.105488,0,B9FD0C60-33D3-E99E-2475-815EAD5C89C2
20.438282,-38.105885,0,B9FD0C60-33D3-E99E-2475-815EAD5C89C2
-52.99069,2.5266905,1,B9FD0C60-33D3-E99E-2475-815EAD5C89C2
-13.042013,17.368973,2,B9FD0C60-33D3-E99E-2475-815EAD5C89C2
-4.6351223,-34.084785,2,B9FD0C60-33D3-E99E-2475-815EAD5C89C2
17.398977,-29.893366,2,B9FD0C60-33D3-E99E-2475-815EAD5C89C2
-1.4736189,-18.66433,2,B9FD0C60-33D3-E99E-2475-815EAD5C89C2
-1.3134742,-18.70485,2,B9FD0C60-33D3-E99E-2475-815EAD5C89C2
-49.711388,6.2331038,2,BAAA2876-D490-2AB5-0A98-6EB94C7FC331
-30.014814,10.316005,2,BAAA2876-D490-2AB5-0A98-6EB94C7FC331
-29.717058,10.142871,2,BAAA2876-D490-2AB5-0A98-6EB94C7FC331
-29.82335,10.234422,2,BAAA2876-D490-2AB5-0A98-6EB94C7FC331
-49.734104,5.7052426,2,BAAA2876-D490-2AB5-0A98-6EB94C7FC331
9.587115,-22.390705,2,BAAA2876-D490-2AB5-0A98-6EB94C7FC331
-34.7568,17.155369,2,BAAA2876-D490-2AB5-0A98-6EB94C7FC331
-24.04617,34.768917,2,BAAA2876-D490-2AB5-0A98-6EB94C7FC331
-24.047024,34.767097,2,BAAA2876-D490-2AB5-0A98-6EB94C7FC331
-24.016808,34.782433,2,BAAA2876-D490-2AB5-0A98-6EB94C7FC331
-31.554989,-11.430183,2,BAAA2876-D490-2AB5-0A98-6EB94C7FC331
-31.663445,-11.651645,2,BAAA2876-D490-2AB5-0A98-6EB94C7FC331
-18.655106,48.000362,2,BAAA2876-D490-2AB5-0A98-6EB94C7FC331
-18.959213,48.04693,2,BAAA2876-D490-2AB5-0A98-6EB94C7FC331
-17.839136,47.985004,2,BAAA2876-D490-2AB5-0A98-6EB94C7FC331
37.03653,7.3392363,2,BAAA2876-D490-2AB5-0A98-6EB94C7FC331
-6.892131,-35.672596,2,BAAA2876-D490-2AB5-0A98-6EB94C7FC331
-7.004801,-35.5148,2,BAAA2876-D490-2AB5-0A98-6EB94C7FC331
13.882495,-35.09001,2,BAAA2876-D490-2AB5-0A98-6EB94C7FC331
13.905007,-35.08709,2,BAAA2876-D490-2AB5-0A98-6EB94C7FC331
45.850037,-1.7033513,2,BC7EE230-0AF9-3AC5-24E5-8EC4B0B432A8
42.70712,-5.418757,2,BC7EE230-0AF9-3AC5-24E5-8EC4B0B432A8
47.77419,-28.109705,2,BC7EE230-0AF9-3AC5-24E5-8EC4B0B432A8
48.280895,-27.851864,2,BC7EE230-0AF9-3AC5-24E5-8EC4B0B432A8
48.875122,-27.560848,2,BC7EE230-0AF9-3AC5-24E5-8EC4B0B432A8
33.97854,-27.170238,2,BC7EE230-0AF9-3AC5-24E5-8EC4B0B432A8
4.395431,11.875027,0,BC7EE230-0AF9-3AC5-24E5-8EC4B0B432A8
-5.697056,-26.11041,2,BC7EE230-0AF9-3AC5-24E5-8EC4B0B432A8
-5.6108975,-26.221775,2,BC7EE230-0AF9-3AC5-24E5-8EC4B0B432A8
13.357483,-37.857468,2,BC7EE230-0AF9-3AC5-24E5-8EC4B0B432A8
13.449292,-37.842487,2,BC7EE230-0AF9-3AC5-24E5-8EC4B0B432A8
16.862617,-32.489597,2,BC7EE230-0AF9-3AC5-24E5-8EC4B0B432A8
-24.185673,56.168003,2,BD35F47E-4F73-8664-B165-98D2BF2CDA48
-18.82365,55.107845,2,BD35F47E-4F73-8664-B165-98D2BF2CDA48
-18.560577,55.07753,2,BD35F47E-4F73-8664-B165-98D2BF2CDA48
-4.715547,46.76885,2,BD35F47E-4F73-8664-B165-98D2BF2CDA48
-24.882729,40.41929,2,BD35F47E-4F73-8664-B165-98D2BF2CDA48
-31.680775,-10.2237625,2,BD35F47E-4F73-8664-B165-98D2BF2CDA48
0.9987283,52.53728,0,BD35F47E-4F73-8664-B165-98D2BF2CDA48
3.3498132,50.447777,0,BD35F47E-4F73-8664-B165-98D2BF2CDA48
8.122973,51.180702,0,BD35F47E-4F73-8664-B165-98D2BF2CDA48
38.92742,3.733039,0,BD35F47E-4F73-8664-B165-98D2BF2CDA48
39.179768,3.6340697,1,BD35F47E-4F73-8664-B165-98D2BF2CDA48
39.302277,3.5376725,1,BD35F47E-4F73-8664-B165-98D2BF2CDA48
-5.8303156,-33.45924,2,BD35F47E-4F73-8664-B165-98D2BF2CDA48
-6.117536,-33.037018,2,BD35F47E-4F73-8664-B165-98D2BF2CDA48
-6.5224876,-32.618076,2,BD35F47E-4F73-8664-B165-98D2BF2CDA48
2.0824287,-33.44602,2,BD35F47E-4F73-8664-B165-98D2BF2CDA48
4.993331,-32.325317,2,BD35F47E-4F73-8664-B165-98D2BF2CDA48
-18.248064,-20.181316,2,BD35F47E-4F73-8664-B165-98D2BF2CDA48
-9.142475,55.101135,2,BD35F47E-4F73-8664-B165-98D2BF2CDA48
34.340996,33.706177,2,BD35F47E-4F73-8664-B165-98D2BF2CDA48
40.442387,-3.6095364,2,BD35F47E-4F73-8664-B165-98D2BF2CDA48
28.185205,-20.559238,2,BD35F47E-4F73-8664-B165-98D2BF2CDA48
7.1871595,-28.08281,2,BD35F47E-4F73-8664-B165-98D2BF2CDA48
7.454997,-28.285364,2,BD35F47E-4F73-8664-B165-98D2BF2CDA48
-32.981934,-50.29558,0,BD35F47E-4F73-8664-B165-98D2BF2CDA48
-56.484276,-15.912761,0,BD35F47E-4F73-8664-B165-98D2BF2CDA48
-56.60511,-15.968281,2,BD35F47E-4F73-8664-B165-98D2BF2CDA48
-56.720184,-15.93194,2,BD35F47E-4F73-8664-B165-98D2BF2CDA48
-57.034294,-15.877196,2,BD35F47E-4F73-8664-B165-98D2BF2CDA48
-57.71451,-15.817193,2,BD35F47E-4F73-8664-B165-98D2BF2CDA48
20.224392,-40.211304,2,BD35F47E-4F73-8664-B165-98D2BF2CDA48
-3.3105245,-30.42418,2,BD35F47E-4F73-8664-B165-98D2BF2CDA48
1.3929067,-16.513327,0,BD35F47E-4F73-8664-B165-98D2BF2CDA48
-9.8631315,-27.416847,2,BD35F47E-4F73-8664-B165-98D2BF2CDA48
7.5192575,-20.446947,0,BD35F47E-4F73-8664-B165-98D2BF2CDA48
-2.4416134,-34.64663,2,BD35F47E-4F73-8664-B165-98D2BF2CDA48
21.405287,49.13508,2,C24A665A-6B67-FDEA-04A4-C2DA3AF79D51
21.506458,48.648808,0,C24A665A-6B67-FDEA-04A4-C2DA3AF79D51
-20.7378,59.51523,0,C24A665A-6B67-FDEA-04A4-C2DA3AF79D51
-21.26437,60.48442,0,C24A665A-6B67-FDEA-04A4-C2DA3AF79D51
-23.03529,57.446255,0,C24A665A-6B67-FDEA-04A4-C2DA3AF79D51
-23.031239,57.470276,0,C24A665A-6B67-FDEA-04A4-C2DA3AF79D51
-18.507374,22.260963,0,C24A665A-6B67-FDEA-04A4-C2DA3AF79D51
-18.879005,22.790035,0,C24A665A-6B67-FDEA-04A4-C2DA3AF79D51
-19.262197,22.95888,0,C24A665A-6B67-FDEA-04A4-C2DA3AF79D51
-19.289665,22.948011,0,C24A665A-6B67-FDEA-04A4-C2DA3AF79D51
-18.810175,22.757563,0,C24A665A-6B67-FDEA-04A4-C2DA3AF79D51
-19.19893,22.568943,0,C24A665A-6B67-FDEA-04A4-C2DA3AF79D51
-20.472876,-27.854975,2,C24A665A-6B67-FDEA-04A4-C2DA3AF79D51
41.080814,-31.636782,2,C24A665A-6B67-FDEA-04A4-C2DA3AF79D51
18.994469,-23.08779,2,C24A665A-6B67-FDEA-04A4-C2DA3AF79D51
51.9202,-27.239609,0,C24A665A-6B67-FDEA-04A4-C2DA3AF79D51
52.022434,-27.238222,2,C24A665A-6B67-FDEA-04A4-C2DA3AF79D51
52.156334,-27.03261,2,C24A665A-6B67-FDEA-04A4-C2DA3AF79D51
-5.6538124,-35.910183,0,C24A665A-6B67-FDEA-04A4-C2DA3AF79D51
32.45265,-23.332916,0,C24A665A-6B67-FDEA-04A4-C2DA3AF79D51
26.594418,-18.964884,0,C24A665A-6B67-FDEA-04A4-C2DA3AF79D51
-7.0568066,-4.1091022,0,C24A665A-6B67-FDEA-04A4-C2DA3AF79D51
-15.986207,-17.4445,0,C24A665A-6B67-FDEA-04A4-C2DA3AF79D51
-1.3402401,-15.610669,0,C24A665A-6B67-FDEA-04A4-C2DA3AF79D51
-22.084087,56.392586,2,C5DC661F-E2D6-2B65-4765-77C8B81D2488
-22.019077,56.388775,2,C5DC661F-E2D6-2B65-4765-77C8B81D2488
-24.301937,55.740704,2,C5DC661F-E2D6-2B65-4765-77C8B81D2488
-24.177593,47.854168,2,C5DC661F-E2D6-2B65-4765-77C8B81D2488
8.685978,55.632343,2,C5DC661F-E2D6-2B65-4765-77C8B81D2488
8.607073,55.70003,2,C5DC661F-E2D6-2B65-4765-77C8B81D2488
50.882793,-9.628874,2,C5DC661F-E2D6-2B65-4765-77C8B81D2488
50.899227,-9.654295,2,C5DC661F-E2D6-2B65-4765-77C8B81D2488
56.0989,-28.19975,2,C5DC661F-E2D6-2B65-4765-77C8B81D2488
33.715305,4.9153233,2,C5DC661F-E2D6-2B65-4765-77C8B81D2488
16.0664,50.161556,2,C5DC661F-E2D6-2B65-4765-77C8B81D2488
16.404436,50.108578,2,C5DC661F-E2D6-2B65-4765-77C8B81D2488
21.848457,-6.408549,2,C5DC661F-E2D6-2B65-4765-77C8B81D2488
31.645786,8.017886,2,C5DC661F-E2D6-2B65-4765-77C8B81D2488
20.610516,-30.89033,2,C5DC661F-E2D6-2B65-4765-77C8B81D2488
20.632248,-30.933847,2,C5DC661F-E2D6-2B65-4765-77C8B81D2488
42.31446,-15.364994,2,C5DC661F-E2D6-2B65-4765-77C8B81D2488
46.714382,-18.063192,2,C5DC661F-E2D6-2B65-4765-77C8B81D2488
-46.585194,-9.520671,2,C5DC661F-E2D6-2B65-4765-77C8B81D2488
-46.59841,-9.530544,2,C5DC661F-E2D6-2B65-4765-77C8B81D2488
-37.25166,-47.903152,2,C5DC661F-E2D6-2B65-4765-77C8B81D2488
-36.642002,-51.693165,2,C5DC661F-E2D6-2B65-4765-77C8B81D2488
-37.674606,-47.36939,2,C5DC661F-E2D6-2B65-4765-77C8B81D2488
44.222725,-27.653208,2,C5DC661F-E2D6-2B65-4765-77C8B81D2488
-1.6750604,51.203636,0,C8BB6C15-19FA-A17A-5945-6202803016D7
-1.5332088,50.532272,0,C8BB6C15-19FA-A17A-5945-6202803016D7
-1.2006875,50.611305,0,C8BB6C15-19FA-A17A-5945-6202803016D7
-2.0373678,51.038383,1,C8BB6C15-19FA-A17A-5945-6202803016D7
-2.7005131,51.372902,1,C8BB6C15-19FA-A17A-5945-6202803016D7
-4.643858,50.979904,2,C8BB6C15-19FA-A17A-5945-6202803016D7
16.670115,14.429432,2,C8BB6C15-19FA-A17A-5945-6202803016D7
16.741234,14.402441,2,C8BB6C15-19FA-A17A-5945-6202803016D7
29.021915,0.9100288,2,C8BB6C15-19FA-A17A-5945-6202803016D7
-40.61377,5.2380476,2,C8BB6C15-19FA-A17A-5945-6202803016D7
-41.0772,4.4505186,2,C8BB6C15-19FA-A17A-5945-6202803016D7
-41.08259,4.4476333,1,C8BB6C15-19FA-A17A-5945-6202803016D7
-7.766611,-5.038157,2,C8BB6C15-19FA-A17A-5945-6202803016D7
-35.40318,-17.29119,2,C8BB6C15-19FA-A17A-5945-6202803016D7
8.098192,-32.462852,2,C8BB6C15-19FA-A17A-5945-6202803016D7
25.71825,-24.385853,2,C8BB6C15-19FA-A17A-5945-6202803016D7
44.11211,5.214792,2,C8BB6C15-19FA-A17A-5945-6202803016D7
44.32088,4.8475156,1,C8BB6C15-19FA-A17A-5945-6202803016D7
-35.756462,-16.622858,1,C8BB6C15-19FA-A17A-5945-6202803016D7
-5.4515157,-16.370699,1,C8BB6C15-19FA-A17A-5945-6202803016D7
24.383724,-10.94166,1,C8BB6C15-19FA-A17A-5945-6202803016D7
20.71728,-4.2975945,1,C8BB6C15-19FA-A17A-5945-6202803016D7
9.401415,7.406602,1,C8BB6C15-19FA-A17A-5945-6202803016D7
-46.197693,5.0991035,1,C8BB6C15-19FA-A17A-5945-6202803016D7
6.122776,-24.679039,2,C8BB6C15-19FA-A17A-5945-6202803016D7
-10.40898,54.76908,2,C8BB6C15-19FA-A17A-5945-6202803016D7
-15.918764,6.684477,0,CCA3ABC5-DCCE-0BBE-5327-E65AE52A195D
-15.615514,6.5268874,0,CCA3ABC5-DCCE-0BBE-5327-E65AE52A195D
-16.26586,7.041178,2,CCA3ABC5-DCCE-0BBE-5327-E65AE52A195D
-16.39666,7.032942,2,CCA3ABC5-DCCE-0BBE-5327-E65AE52A195D
-27.18206,-26.722631,2,CCA3ABC5-DCCE-0BBE-5327-E65AE52A195D
-18.22012,-29.643253,2,CCA3ABC5-DCCE-0BBE-5327-E65AE52A195D
8.696065,-19.830956,0,CCA3ABC5-DCCE-0BBE-5327-E65AE52A195D
6.9063315,-25.729584,0,CCA3ABC5-DCCE-0BBE-5327-E65AE52A195D
-0.16142792,-32.982544,0,CCA3ABC5-DCCE-0BBE-5327-E65AE52A195D
-20.292913,-20.539227,1,CCA3ABC5-DCCE-0BBE-5327-E65AE52A195D
-2.0762098,-30.087818,2,CCA3ABC5-DCCE-0BBE-5327-E65AE52A195D
12.514779,-12.66807,2,CCA3ABC5-DCCE-0BBE-5327-E65AE52A195D
13.332228,-5.4922633,2,CCA3ABC5-DCCE-0BBE-5327-E65AE52A195D
13.149154,-5.359678,2,CCA3ABC5-DCCE-0BBE-5327-E65AE52A195D
25.622776,44.98394,0,CD5833CD-93D3-318C-371A-18A32DEFC38B
25.471317,45.586143,0,CD5833CD-93D3-318C-371A-18A32DEFC38B
38.423424,31.875824,0,CD5833CD-93D3-318C-371A-18A32DEFC38B
38.020367,32.811886,0,CD5833CD-93D3-318C-371A-18A32DEFC38B
37.954556,33.388813,2,CD5833CD-93D3-318C-371A-18A32DEFC38B
37.388042,33.56523,2,CD5833CD-93D3-318C-371A-18A32DEFC38B
-11.463072,24.834217,0,CD5833CD-93D3-318C-371A-18A32DEFC38B
-11.457599,24.83569,2,CD5833CD-93D3-318C-371A-18A32DEFC38B
8.886148,14.798138,2,CD5833CD-93D3-318C-371A-18A32DEFC38B
21.14445,2.9214327,2,CD5833CD-93D3-318C-371A-18A32DEFC38B
10.666256,-17.053589,2,CD5833CD-93D3-318C-371A-18A32DEFC38B
10.671089,-17.064161,2,CD5833CD-93D3-318C-371A-18A32DEFC38B
39.717346,-32.117138,2,CD5833CD-93D3-318C-371A-18A32DEFC38B
53.342426,-26.04383,2,CD5833CD-93D3-318C-371A-18A32DEFC38B
13.9756975,55.713966,0,D0F7ABC0-F552-63CD-CAC6-6703C39B83CA
13.95531,55.717117,0,D0F7ABC0-F552-63CD-CAC6-6703C39B83CA
13.745653,56.046284,0,D0F7ABC0-F552-63CD-CAC6-6703C39B83CA
30.883034,40.01148,0,D0F7ABC0-F552-63CD-CAC6-6703C39B83CA
38.03994,33.791,0,D0F7ABC0-F552-63CD-CAC6-6703C39B83CA
38.362125,34.65487,0,D0F7ABC0-F552-63CD-CAC6-6703C39B83CA
-3.17465,41.639244,1,D0F7ABC0-F552-63CD-CAC6-6703C39B83CA
22.607729,-36.70877,1,D0F7ABC0-F552-63CD-CAC6-6703C39B83CA
22.9809,-36.688694,2,D0F7ABC0-F552-63CD-CAC6-6703C39B83CA
22.198425,-36.556633,2,D0F7ABC0-F552-63CD-CAC6-6703C39B83CA
21.783358,-36.361134,2,D0F7ABC0-F552-63CD-CAC6-6703C39B83CA
9.3798895,-32.292915,2,D0F7ABC0-F552-63CD-CAC6-6703C39B83CA
-33.028774,-55.95624,1,D0F7ABC0-F552-63CD-CAC6-6703C39B83CA
-33.03946,-55.908493,1,D0F7ABC0-F552-63CD-CAC6-6703C39B83CA
-32.876842,-56.07571,1,D0F7ABC0-F552-63CD-CAC6-6703C39B83CA
9.716826,-35.862473,2,D0F7ABC0-F552-63CD-CAC6-6703C39B83CA
-3.4308655,-32.305527,2,D0F7ABC0-F552-63CD-CAC6-6703C39B83CA
-12.1159525,-26.266888,2,D0F7ABC0-F552-63CD-CAC6-6703C39B83CA
-17.948189,44.58076,2,D51A5648-0039-8CB1-45CB-C51E5ABA8BCC
-17.397537,44.257824,2,D51A5648-0039-8CB1-45CB-C51E5ABA8BCC
-2.94662,43.46723,2,D51A5648-0039-8CB1-45CB-C51E5ABA8BCC
-2.9065053,43.458485,2,D51A5648-0039-8CB1-45CB-C51E5ABA8BCC
-2.6897278,43.692772,2,D51A5648-0039-8CB1-45CB-C51E5ABA8BCC
-2.1236148,44.64357,1,D51A5648-0039-8CB1-45CB-C51E5ABA8BCC
18.3349,16.561739,2,D51A5648-0039-8CB1-45CB-C51E5ABA8BCC
-8.887397,5.6587577,2,D51A5648-0039-8CB1-45CB-C51E5ABA8BCC
-9.071122,5.4641323,2,D51A5648-0039-8CB1-45CB-C51E5ABA8BCC
-9.10153,5.401743,2,D51A5648-0039-8CB1-45CB-C51E5ABA8BCC
-9.524203,4.8199916,2,D51A5648-0039-8CB1-45CB-C51E5ABA8BCC
11.807987,7.8962164,2,D51A5648-0039-8CB1-45CB-C51E5ABA8BCC
9.901717,9.212303,2,D51A5648-0039-8CB1-45CB-C51E5ABA8BCC
10.003427,9.171296,2,D51A5648-0039-8CB1-45CB-C51E5ABA8BCC
-7.094043,10.791595,2,D51A5648-0039-8CB1-45CB-C51E5ABA8BCC
5.298221,-26.179222,2,D51A5648-0039-8CB1-45CB-C51E5ABA8BCC
-38.90294,-7.713863,2,D51A5648-0039-8CB1-45CB-C51E5ABA8BCC
-34.33192,-16.220127,1,D51A5648-0039-8CB1-45CB-C51E5ABA8BCC
-39.60611,0.7991208,2,D51A5648-0039-8CB1-45CB-C51E5ABA8BCC
-22.28437,10.297258,2,D51A5648-0039-8CB1-45CB-C51E5ABA8BCC
-22.667461,10.231865,2,D51A5648-0039-8CB1-45CB-C51E5ABA8BCC
-21.583967,-14.794871,2,D51A5648-0039-8CB1-45CB-C51E5ABA8BCC
-17.24953,-28.989264,2,D51A5648-0039-8CB1-45CB-C51E5ABA8BCC
-3.2802882,-35.299667,2,D51A5648-0039-8CB1-45CB-C51E5ABA8BCC
-20.63855,15.223061,0,D51A5648-0039-8CB1-45CB-C51E5ABA8BCC
17.30979,2.1242259,0,D51A5648-0039-8CB1-45CB-C51E5ABA8BCC
17.205538,2.290354,2,D51A5648-0039-8CB1-45CB-C51E5ABA8BCC
22.580769,-3.8510475,2,D51A5648-0039-8CB1-45CB-C51E5ABA8BCC
22.501175,-3.7072752,2,D51A5648-0039-8CB1-45CB-C51E5ABA8BCC
21.708525,-3.0912478,0,D51A5648-0039-8CB1-45CB-C51E5ABA8BCC
31.816856,37.357056,2,D6D11A63-A131-4E74-041D-6E3BD8EFF8FF
29.60555,38.74212,2,D6D11A63-A131-4E74-041D-6E3BD8EFF8FF
-11.752829,59.363434,2,D6D11A63-A131-4E74-041D-6E3BD8EFF8FF
13.690412,52.340244,2,D6D11A63-A131-4E74-041D-6E3BD8EFF8FF
22.416763,10.107399,2,D6D11A63-A131-4E74-041D-6E3BD8EFF8FF
32.08603,0.22544771,0,D6D11A63-A131-4E74-041D-6E3BD8EFF8FF
8.047702,10.895855,0,D6D11A63-A131-4E74-041D-6E3BD8EFF8FF
8.425265,10.845237,0,D6D11A63-A131-4E74-041D-6E3BD8EFF8FF
46.015434,-6.5791345,0,D6D11A63-A131-4E74-041D-6E3BD8EFF8FF
1.8508892,50.5161,0,D6D11A63-A131-4E74-041D-6E3BD8EFF8FF
2.4799426,50.130333,0,D6D11A63-A131-4E74-041D-6E3BD8EFF8FF
2.7007475,50.300953,0,D6D11A63-A131-4E74-041D-6E3BD8EFF8FF
43.821594,-14.583501,2,D6D11A63-A131-4E74-041D-6E3BD8EFF8FF
40.74143,-28.235174,2,D6D11A63-A131-4E74-041D-6E3BD8EFF8FF
26.856941,-35.71051,2,D6D11A63-A131-4E74-041D-6E3BD8EFF8FF
26.964556,-35.74612,2,D6D11A63-A131-4E74-041D-6E3BD8EFF8FF
47.569756,-26.19568,2,D6D11A63-A131-4E74-041D-6E3BD8EFF8FF
40.55421,-30.386234,0,D6D11A63-A131-4E74-041D-6E3BD8EFF8FF
-19.381327,21.007517,0,D6D11A63-A131-4E74-041D-6E3BD8EFF8FF
51.21674,-6.5801167,0,D6D11A63-A131-4E74-041D-6E3BD8EFF8FF
52.055172,-6.043938,0,D6D11A63-A131-4E74-041D-6E3BD8EFF8FF
51.876293,-6.1032076,0,D6D11A63-A131-4E74-041D-6E3BD8EFF8FF
18.642736,-6.8608284,0,D6D11A63-A131-4E74-041D-6E3BD8EFF8FF
18.75197,-6.8331075,0,D6D11A63-A131-4E74-041D-6E3BD8EFF8FF
-1.0651586,45.538246,2,DA2856BC-D181-9AF0-DC9A-99A9444D5579
-1.094837,45.432602,2,DA2856BC-D181-9AF0-DC9A-99A9444D5579
50.895382,-17.3233,2,DA2856BC-D181-9AF0-DC9A-99A9444D5579
24.875954,1.2428201,0,DA2856BC-D181-9AF0-DC9A-99A9444D5579
17.762033,6.648424,0,DA2856BC-D181-9AF0-DC9A-99A9444D5579
17.722324,6.705879,0,DA2856BC-D181-9AF0-DC9A-99A9444D5579
15.8312235,51.20897,0,DA2856BC-D181-9AF0-DC9A-99A9444D5579
37.039238,31.909506,0,DA2856BC-D181-9AF0-DC9A-99A9444D5579
37.8865,32.4527,0,DA2856BC-D181-9AF0-DC9A-99A9444D5579
20.170086,53.895626,0,DA2856BC-D181-9AF0-DC9A-99A9444D5579
-11.8396635,59.197506,0,DA2856BC-D181-9AF0-DC9A-99A9444D5579
12.289106,-35.35379,0,DA2856BC-D181-9AF0-DC9A-99A9444D5579
7.2928247,-7.906161,2,DA2856BC-D181-9AF0-DC9A-99A9444D5579
7.364567,-7.924853,2,DA2856BC-D181-9AF0-DC9A-99A9444D5579
5.677176,-8.684594,2,DA2856BC-D181-9AF0-DC9A-99A9444D5579
6.9140472,-8.101609,2,DA2856BC-D181-9AF0-DC9A-99A9444D5579
7.3126745,-8.302985,2,DA2856BC-D181-9AF0-DC9A-99A9444D5579
10.879417,20.64563,2,DA2856BC-D181-9AF0-DC9A-99A9444D5579
7.867183,25.03397,1,DA2856BC-D181-9AF0-DC9A-99A9444D5579
7.87294,25.034315,1,DA2856BC-D181-9AF0-DC9A-99A9444D5579
-4.8023853,8.362439,1,DA2856BC-D181-9AF0-DC9A-99A9444D5579
4.63654,5.4788017,2,DA2856BC-D181-9AF0-DC9A-99A9444D5579
6.5388956,7.2111793,2,DA2856BC-D181-9AF0-DC9A-99A9444D5579
16.827347,-0.7556968,2,DA2856BC-D181-9AF0-DC9A-99A9444D5579
14.724784,-38.124264,0,DBA0C8C4-AE05-772F-2E53-E6167F8ACB77
22.074894,-38.94458,0,DBA0C8C4-AE05-772F-2E53-E6167F8ACB77
48.94122,-25.211056,0,DBA0C8C4-AE05-772F-2E53-E6167F8ACB77
48.842205,-25.218315,0,DBA0C8C4-AE05-772F-2E53-E6167F8ACB77
48.861973,-25.229519,2,DBA0C8C4-AE05-772F-2E53-E6167F8ACB77
48.87098,-25.438477,2,DBA0C8C4-AE05-772F-2E53-E6167F8ACB77
13.004337,-3.8067646,2,DBA0C8C4-AE05-772F-2E53-E6167F8ACB77
10.563303,2.3816411,2,DBA0C8C4-AE05-772F-2E53-E6167F8ACB77
10.557849,2.3333552,0,DBA0C8C4-AE05-772F-2E53-E6167F8ACB77
7.0202208,3.5158517,0,DBA0C8C4-AE05-772F-2E53-E6167F8ACB77
6.3286686,3.5937123,0,DBA0C8C4-AE05-772F-2E53-E6167F8ACB77
21.393248,-4.4191184,0,DBA0C8C4-AE05-772F-2E53-E6167F8ACB77
-3.4022408,56.255936,1,DC0BE0E2-B41E-3D73-47C5-5733952512CB
-1.2097232,-32.335636,1,DC0BE0E2-B41E-3D73-47C5-5733952512CB
-1.4666028,-32.197067,0,DC0BE0E2-B41E-3D73-47C5-5733952512CB
-1.7467885,-32.092144,0,DC0BE0E2-B41E-3D73-47C5-5733952512CB
-2.022896,-31.934847,0,DC0BE0E2-B41E-3D73-47C5-5733952512CB
-1.6921993,-31.987701,0,DC0BE0E2-B41E-3D73-47C5-5733952512CB
6.9339952,-21.463264,2,DC0BE0E2-B41E-3D73-47C5-5733952512CB
-51.317917,1.0751253,2,DC0BE0E2-B41E-3D73-47C5-5733952512CB
-51.558167,0.874713,2,DC0BE0E2-B41E-3D73-47C5-5733952512CB
-45.827534,0.16621198,2,DC0BE0E2-B41E-3D73-47C5-5733952512CB
-45.84999,0.15635061,2,DC0BE0E2-B41E-3D73-47C5-5733952512CB
-45.85302,0.08470036,2,DC0BE0E2-B41E-3D73-47C5-5733952512CB
7.3705187,-21.754673,0,DC0BE0E2-B41E-3D73-47C5-5733952512CB
4.7289386,-21.058563,0,DC0BE0E2-B41E-3D73-47C5-5733952512CB
5.6503735,-6.4881473,2,DC0BE0E2-B41E-3D73-47C5-5733952512CB
-7.1474233,-6.5188437,2,DC0BE0E2-B41E-3D73-47C5-5733952512CB
7.364176,-22.519506,2,DC0BE0E2-B41E-3D73-47C5-5733952512CB
19.74769,9.627291,2,DC0BE0E2-B41E-3D73-47C5-5733952512CB
21.7935,-3.6079144,2,DC0BE0E2-B41E-3D73-47C5-5733952512CB
37.291504,-17.215235,2,DC0BE0E2-B41E-3D73-47C5-5733952512CB
4.999681,-11.072584,2,DC0BE0E2-B41E-3D73-47C5-5733952512CB
10.492386,-12.378911,2,DC0BE0E2-B41E-3D73-47C5-5733952512CB
10.065615,-12.662948,2,DC0BE0E2-B41E-3D73-47C5-5733952512CB
10.175366,-12.611949,2,DC0BE0E2-B41E-3D73-47C5-5733952512CB
18.00348,12.767328,2,DCB45A10-FAF5-53E0-AB53-2D42AC9BB090
17.892033,12.863638,2,DCB45A10-FAF5-53E0-AB53-2D42AC9BB090
11.378303,19.953323,2,DCB45A10-FAF5-53E0-AB53-2D42AC9BB090
-18.927305,-6.3962855,1,DCB45A10-FAF5-53E0-AB53-2D42AC9BB090
-40.45987,2.1100495,1,DCB45A10-FAF5-53E0-AB53-2D42AC9BB090
-41.331783,-6.958601,1,DCB45A10-FAF5-53E0-AB53-2D42AC9BB090
11.724114,18.212996,2,DCB45A10-FAF5-53E0-AB53-2D42AC9BB090
-4.9325085,-0.9912331,2,DCB45A10-FAF5-53E0-AB53-2D42AC9BB090
-5.2412243,-0.81825596,2,DCB45A10-FAF5-53E0-AB53-2D42AC9BB090
-5.6691217,-0.39703053,2,DCB45A10-FAF5-53E0-AB53-2D42AC9BB090
-5.63307,-0.29883683,2,DCB45A10-FAF5-53E0-AB53-2D42AC9BB090
-4.595426,-0.8348454,2,DCB45A10-FAF5-53E0-AB53-2D42AC9BB090
16.443007,21.042898,2,DCB45A10-FAF5-53E0-AB53-2D42AC9BB090
33.99484,7.3280816,2,DCB45A10-FAF5-53E0-AB53-2D42AC9BB090
34.156647,7.0030527,2,DCB45A10-FAF5-53E0-AB53-2D42AC9BB090
-24.857819,46.350224,2,DCB45A10-FAF5-53E0-AB53-2D42AC9BB090
-26.914474,47.263134,2,DCB45A10-FAF5-53E0-AB53-2D42AC9BB090
-22.157846,55.21851,2,DCB45A10-FAF5-53E0-AB53-2D42AC9BB090
-26.778875,48.023582,2,DCB45A10-FAF5-53E0-AB53-2D42AC9BB090
-3.1655445,50.931408,2,DCB45A10-FAF5-53E0-AB53-2D42AC9BB090
46.022,-27.91199,2,DD956DE9-DEFB-C0C6-82B4-C639A17D6782
45.89771,-27.944368,2,DD956DE9-DEFB-C0C6-82B4-C639A17D6782
46.059776,-27.886387,2,DD956DE9-DEFB-C0C6-82B4-C639A17D6782
19.347126,-0.32593825,0,DD956DE9-DEFB-C0C6-82B4-C639A17D6782
4.3525395,13.699424,0,DD956DE9-DEFB-C0C6-82B4-C639A17D6782
4.133028,13.707837,0,DD956DE9-DEFB-C0C6-82B4-C639A17D6782
4.487576,13.339897,0,DD956DE9-DEFB-C0C6-82B4-C639A17D6782
4.3003464,13.407162,0,DD956DE9-DEFB-C0C6-82B4-C639A17D6782
4.4300604,13.308124,0,DD956DE9-DEFB-C0C6-82B4-C639A17D6782
-5.0562387,48.35806,2,DD956DE9-DEFB-C0C6-82B4-C639A17D6782
25.632063,-5.425386,2,DD956DE9-DEFB-C0C6-82B4-C639A17D6782
25.454542,-5.317784,2,DD956DE9-DEFB-C0C6-82B4-C639A17D6782
24.629408,-4.2411513,0,DD956DE9-DEFB-C0C6-82B4-C639A17D6782
24.56831,-4.216299,2,DD956DE9-DEFB-C0C6-82B4-C639A17D6782
-20.218254,18.611593,2,DD956DE9-DEFB-C0C6-82B4-C639A17D6782
-21.125154,19.30329,2,DD956DE9-DEFB-C0C6-82B4-C639A17D6782
-51.71547,10.317348,0,DD956DE9-DEFB-C0C6-82B4-C639A17D6782
-21.148378,19.20959,0,DD956DE9-DEFB-C0C6-82B4-C639A17D6782
-35.076916,13.863434,2,DD956DE9-DEFB-C0C6-82B4-C639A17D6782
49.62657,-6.4673233,2,DD956DE9-DEFB-C0C6-82B4-C639A17D6782
49.709957,-6.3594246,2,DD956DE9-DEFB-C0C6-82B4-C639A17D6782
48.365536,-22.582869,2,DD956DE9-DEFB-C0C6-82B4-C639A17D6782
54.003956,-26.684141,2,DD956DE9-DEFB-C0C6-82B4-C639A17D6782
40.3225,-14.441851,2,DD956DE9-DEFB-C0C6-82B4-C639A17D6782
26.131975,45.183037,0,DF62EF03-DA30-E70A-CA31-03A029C9610A
25.04165,47.0582,0,DF62EF03-DA30-E70A-CA31-03A029C9610A
-27.084938,48.490314,0,DF62EF03-DA30-E70A-CA31-03A029C9610A
-24.718243,47.859184,0,DF62EF03-DA30-E70A-CA31-03A029C9610A
-23.419306,47.75966,0,DF62EF03-DA30-E70A-CA31-03A029C9610A
-23.483046,47.6687,0,DF62EF03-DA30-E70A-CA31-03A029C9610A
-22.778109,47.701565,0,DF62EF03-DA30-E70A-CA31-03A029C9610A
39.3194,32.624443,0,DF62EF03-DA30-E70A-CA31-03A029C9610A
20.877205,51.156803,0,DF62EF03-DA30-E70A-CA31-03A029C9610A
18.718306,49.87843,0,DF62EF03-DA30-E70A-CA31-03A029C9610A
19.383352,49.277657,1,DF62EF03-DA30-E70A-CA31-03A029C9610A
20.25258,48.92057,1,DF62EF03-DA30-E70A-CA31-03A029C9610A
-3.2150826,-3.297179,1,DF62EF03-DA30-E70A-CA31-03A029C9610A
-2.8596005,-3.4854581,0,DF62EF03-DA30-E70A-CA31-03A029C9610A
-2.4140751,-3.7673452,0,DF62EF03-DA30-E70A-CA31-03A029C9610A
-2.1277578,-4.0443115,0,DF62EF03-DA30-E70A-CA31-03A029C9610A
9.499783,-3.7828653,0,DF62EF03-DA30-E70A-CA31-03A029C9610A
-8.514367,9.665582,0,DF62EF03-DA30-E70A-CA31-03A029C9610A
-61.489372,-11.919284,1,DF62EF03-DA30-E70A-CA31-03A029C9610A
-57.232517,-7.326817,1,DF62EF03-DA30-E70A-CA31-03A029C9610A
-58.405914,-7.881633,1,DF62EF03-DA30-E70A-CA31-03A029C9610A
-58.42099,-7.8250647,1,DF62EF03-DA30-E70A-CA31-03A029C9610A
-51.27877,-0.5816602,1,DF62EF03-DA30-E70A-CA31-03A029C9610A
-36.337368,-48.22632,1,DF62EF03-DA30-E70A-CA31-03A029C9610A
33.49702,37.582653,2,E3489F9E-39E2-47B9-24EF-BAACE1438D00
38.16071,33.967052,2,E3489F9E-39E2-47B9-24EF-BAACE1438D00
38.97897,32.94117,2,E3489F9E-39E2-47B9-24EF-BAACE1438D00
35.500145,33.031487,2,E3489F9E-39E2-47B9-24EF-BAACE1438D00
7.8642526,49.748177,0,E3489F9E-39E2-47B9-24EF-BAACE1438D00
-47.35799,4.6379046,0,E3489F9E-39E2-47B9-24EF-BAACE1438D00
-54.00511,-11.26824,1,E3489F9E-39E2-47B9-24EF-BAACE1438D00
-54.018555,-11.260756,1,E3489F9E-39E2-47B9-24EF-BAACE1438D00
-53.74029,-9.357574,1,E3489F9E-39E2-47B9-24EF-BAACE1438D00
-52.977623,-11.079211,1,E3489F9E-39E2-47B9-24EF-BAACE1438D00
-49.476997,-14.257359,1,E3489F9E-39E2-47B9-24EF-BAACE1438D00
8.725855,-31.352158,2,E3489F9E-39E2-47B9-24EF-BAACE1438D00
27.492437,-17.608377,2,E3489F9E-39E2-47B9-24EF-BAACE1438D00
-1.2664384,-14.2657,1,E3489F9E-39E2-47B9-24EF-BAACE1438D00
-0.37180337,-5.9537077,1,E3489F9E-39E2-47B9-24EF-BAACE1438D00
1.1081115,13.441714,1,E3489F9E-39E2-47B9-24EF-BAACE1438D00
-6.666589,-24.480564,2,E3489F9E-39E2-47B9-24EF-BAACE1438D00
-6.807611,-24.407106,2,E3489F9E-39E2-47B9-24EF-BAACE1438D00
7.4850984,-10.1061125,1,E3489F9E-39E2-47B9-24EF-BAACE1438D00
9.213662,13.270726,1,E3489F9E-39E2-47B9-24EF-BAACE1438D00
8.939872,12.9637985,1,E3489F9E-39E2-47B9-24EF-BAACE1438D00
-34.539757,-54.971848,1,E3489F9E-39E2-47B9-24EF-BAACE1438D00
-34.463715,-54.942463,1,E3489F9E-39E2-47B9-24EF-BAACE1438D00
-34.32562,-54.738815,1,E3489F9E-39E2-47B9-24EF-BAACE1438D00
-62.066936,-12.468529,1,E3489F9E-39E2-47B9-24EF-BAACE1438D00
-54.380516,-14.42361,2,E3489F9E-39E2-47B9-24EF-BAACE1438D00
54.342808,-9.4628935,2,E49C1269-8AB7-8C8F-FC88-AA92C2F1E260
56.020493,-20.211226,2,E49C1269-8AB7-8C8F-FC88-AA92C2F1E260
21.725382,-6.7694445,2,E49C1269-8AB7-8C8F-FC88-AA92C2F1E260
25.52202,-34.530052,2,E49C1269-8AB7-8C8F-FC88-AA92C2F1E260
25.299252,-34.278122,2,E49C1269-8AB7-8C8F-FC88-AA92C2F1E260
16.7013,-31.163836,2,E49C1269-8AB7-8C8F-FC88-AA92C2F1E260
-5.5904098,-37.15736,0,E49C1269-8AB7-8C8F-FC88-AA92C2F1E260
-6.472926,-35.063145,0,E49C1269-8AB7-8C8F-FC88-AA92C2F1E260
-7.0630555,19.408363,2,E49C1269-8AB7-8C8F-FC88-AA92C2F1E260
-12.169547,17.47537,2,E49C1269-8AB7-8C8F-FC88-AA92C2F1E260
-23.76007,21.809929,2,E49C1269-8AB7-8C8F-FC88-AA92C2F1E260
-23.776075,21.792328,0,E49C1269-8AB7-8C8F-FC88-AA92C2F1E260
-22.373701,18.740282,0,E49C1269-8AB7-8C8F-FC88-AA92C2F1E260
-22.385672,18.699308,0,E49C1269-8AB7-8C8F-FC88-AA92C2F1E260
4.656016,-31.74193,2,E5CCE6B3-2C6E-BE96-602F-3852C8614777
3.4728322,-31.77334,2,E5CCE6B3-2C6E-BE96-602F-3852C8614777
4.3126493,-31.750366,2,E5CCE6B3-2C6E-BE96-602F-3852C8614777
5.13885,-31.663744,2,E5CCE6B3-2C6E-BE96-602F-3852C8614777
13.869256,16.562239,0,E5CCE6B3-2C6E-BE96-602F-3852C8614777
13.563418,16.35464,0,E5CCE6B3-2C6E-BE96-602F-3852C8614777
26.06608,-37.115242,0,E5CCE6B3-2C6E-BE96-602F-3852C8614777
42.827324,-30.672398,0,E5CCE6B3-2C6E-BE96-602F-3852C8614777
53.238033,-27.40826,0,E5CCE6B3-2C6E-BE96-602F-3852C8614777
42.095554,-31.861412,0,E5CCE6B3-2C6E-BE96-602F-3852C8614777
42.027138,-31.93322,0,E5CCE6B3-2C6E-BE96-602F-3852C8614777
9.224552,-30.801401,2,E5CCE6B3-2C6E-BE96-602F-3852C8614777
24.764172,-34.23679,1,E5CCE6B3-2C6E-BE96-602F-3852C8614777
8.979177,23.832973,0,E5CCE6B3-2C6E-BE96-602F-3852C8614777
-25.810986,39.417133,0,E5CCE6B3-2C6E-BE96-602F-3852C8614777
9.085882,23.411512,0,E5CCE6B3-2C6E-BE96-602F-3852C8614777
-36.54321,11.4776945,0,E5CCE6B3-2C6E-BE96-602F-3852C8614777
-34.12302,14.878782,0,E5CCE6B3-2C6E-BE96-602F-3852C8614777
-33.88547,15.264072,0,E5CCE6B3-2C6E-BE96-602F-3852C8614777
-38.964993,10.369739,0,E5CCE6B3-2C6E-BE96-602F-3852C8614777
-45.985638,5.40127,0,E5CCE6B3-2C6E-BE96-602F-3852C8614777
-13.260744,21.862682,0,E5CCE6B3-2C6E-BE96-602F-3852C8614777
9.583571,4.6880054,1,E5CCE6B3-2C6E-BE96-602F-3852C8614777
9.569122,4.697885,0,E5CCE6B3-2C6E-BE96-602F-3852C8614777
-27.191917,47.33258,2,E5F96AC5-AE7E-C4E8-8288-FB2674F43704
-25.737413,47.074677,2,E5F96AC5-AE7E-C4E8-8288-FB2674F43704
-23.736103,47.1313,2,E5F96AC5-AE7E-C4E8-8288-FB2674F43704
-19.453074,47.822136,2,E5F96AC5-AE7E-C4E8-8288-FB2674F43704
-19.36495,48.011032,2,E5F96AC5-AE7E-C4E8-8288-FB2674F43704
-19.986729,48.28742,2,E5F96AC5-AE7E-C4E8-8288-FB2674F43704
0.29377133,52.203857,1,E5F96AC5-AE7E-C4E8-8288-FB2674F43704
38.998394,34.005295,0,E5F96AC5-AE7E-C4E8-8288-FB2674F43704
5.8721333,59.532425,0,E5F96AC5-AE7E-C4E8-8288-FB2674F43704
16.648478,21.087927,0,E5F96AC5-AE7E-C4E8-8288-FB2674F43704
39.205032,-32.398853,0,E5F96AC5-AE7E-C4E8-8288-FB2674F43704
38.9294,-32.612064,0,E5F96AC5-AE7E-C4E8-8288-FB2674F43704
-16.015594,42.24009,2,E5F96AC5-AE7E-C4E8-8288-FB2674F43704
-16.044285,42.239983,2,E5F96AC5-AE7E-C4E8-8288-FB2674F43704
-18.20099,47.03706,2,E5F96AC5-AE7E-C4E8-8288-FB2674F43704
29.075653,-19.157543,2,E5F96AC5-AE7E-C4E8-8288-FB2674F43704
28.994738,-19.281382,2,E5F96AC5-AE7E-C4E8-8288-FB2674F43704
29.008743,-32.680122,1,E5F96AC5-AE7E-C4E8-8288-FB2674F43704
24.239243,-34.461548,1,E5F96AC5-AE7E-C4E8-8288-FB2674F43704
45.387764,-24.371838,1,E5F96AC5-AE7E-C4E8-8288-FB2674F43704
55.01388,-23.670053,2,E5F96AC5-AE7E-C4E8-8288-FB2674F43704
54.937965,-23.652824,2,E5F96AC5-AE7E-C4E8-8288-FB2674F43704
38.657246,33.380253,2,E5F96AC5-AE7E-C4E8-8288-FB2674F43704
39.510715,33.960857,2,E5F96AC5-AE7E-C4E8-8288-FB2674F43704
-59.42468,-14.349954,1,EA788550-E907-E4AC-EAE4-82CC26723E3B
-59.38855,-14.347953,1,EA788550-E907-E4AC-EAE4-82CC26723E3B
-35.8747,-18.796173,1,EA788550-E907-E4AC-EAE4-82CC26723E3B
-1.5856686,-29.256367,0,EA788550-E907-E4AC-EAE4-82CC26723E3B
27.413149,-24.86932,0,EA788550-E907-E4AC-EAE4-82CC26723E3B
-16.26035,-29.715242,2,EA788550-E907-E4AC-EAE4-82CC26723E3B
-22.4642,-15.085303,2,EA788550-E907-E4AC-EAE4-82CC26723E3B
-20.404837,-15.279947,2,EA788550-E907-E4AC-EAE4-82CC26723E3B
-21.976667,-15.226329,2,EA788550-E907-E4AC-EAE4-82CC26723E3B
13.823725,-9.595699,2,EA788550-E907-E4AC-EAE4-82CC26723E3B
13.813609,-9.603724,2,EA788550-E907-E4AC-EAE4-82CC26723E3B
-3.3317168,-31.18115,2,EA788550-E907-E4AC-EAE4-82CC26723E3B
-5.270465,-38.342113,2,EA788550-E907-E4AC-EAE4-82CC26723E3B
46.2022,-24.448528,2,EA788550-E907-E4AC-EAE4-82CC26723E3B
45.93052,-24.96189,2,EA788550-E907-E4AC-EAE4-82CC26723E3B
10.703962,-36.211098,2,EA788550-E907-E4AC-EAE4-82CC26723E3B
10.83751,-36.316032,2,EA788550-E907-E4AC-EAE4-82CC26723E3B
14.700503,-33.910778,2,EA788550-E907-E4AC-EAE4-82CC26723E3B
-22.809265,-28.848392,2,EA788550-E907-E4AC-EAE4-82CC26723E3B
20.296526,-13.130343,2,EA788550-E907-E4AC-EAE4-82CC26723E3B
-57.499645,-12.147021,2,EA788550-E907-E4AC-EAE4-82CC26723E3B
-57.458626,-12.138204,2,EA788550-E907-E4AC-EAE4-82CC26723E3B
-57.80267,-12.077748,2,EA788550-E907-E4AC-EAE4-82CC26723E3B
-57.6611,-12.381989,2,EA788550-E907-E4AC-EAE4-82CC26723E3B
-55.428753,-11.331029,2,EA788550-E907-E4AC-EAE4-82CC26723E3B
-55.485973,-11.48342,2,EA788550-E907-E4AC-EAE4-82CC26723E3B
-55.17204,-10.6129465,2,EA788550-E907-E4AC-EAE4-82CC26723E3B
-10.264475,-27.277122,2,EA788550-E907-E4AC-EAE4-82CC26723E3B
-3.9056077,-23.671402,2,EA788550-E907-E4AC-EAE4-82CC26723E3B
-17.604279,-25.952362,2,EA788550-E907-E4AC-EAE4-82CC26723E3B
12.257956,58.037945,1,EC6E2525-212C-1C3A-0B73-74D1B45748E1
-12.028671,47.585106,1,EC6E2525-212C-1C3A-0B73-74D1B45748E1
-12.030712,47.585766,1,EC6E2525-212C-1C3A-0B73-74D1B45748E1
-12.00831,47.63249,2,EC6E2525-212C-1C3A-0B73-74D1B45748E1
18.522072,20.229216,2,EC6E2525-212C-1C3A-0B73-74D1B45748E1
18.388819,20.33267,2,EC6E2525-212C-1C3A-0B73-74D1B45748E1
-25.407513,54.82375,2,EC6E2525-212C-1C3A-0B73-74D1B45748E1
-25.610529,54.59338,2,EC6E2525-212C-1C3A-0B73-74D1B45748E1
-25.806656,54.354435,2,EC6E2525-212C-1C3A-0B73-74D1B45748E1
-28.983656,45.289337,2,EC6E2525-212C-1C3A-0B73-74D1B45748E1
29.672342,37.940353,2,EC6E2525-212C-1C3A-0B73-74D1B45748E1
29.373932,37.633453,1,EC6E2525-212C-1C3A-0B73-74D1B45748E1
50.92715,-7.381384,1,EC6E2525-212C-1C3A-0B73-74D1B45748E1
-45.964035,-16.86016,2,EC6E2525-212C-1C3A-0B73-74D1B45748E1
-46.08967,-16.916403,2,EC6E2525-212C-1C3A-0B73-74D1B45748E1
-46.761715,-17.511364,2,EC6E2525-212C-1C3A-0B73-74D1B45748E1
-46.83792,-17.496347,2,EC6E2525-212C-1C3A-0B73-74D1B45748E1
-46.58721,-17.600025,2,EC6E2525-212C-1C3A-0B73-74D1B45748E1
-44.010994,-17.080725,1,EC6E2525-212C-1C3A-0B73-74D1B45748E1
-43.216244,-17.247498,1,EC6E2525-212C-1C3A-0B73-74D1B45748E1
-43.5875,-17.141571,1,EC6E2525-212C-1C3A-0B73-74D1B45748E1
-43.419777,-16.665127,1,EC6E2525-212C-1C3A-0B73-74D1B45748E1
45.419598,-13.145273,1,EC6E2525-212C-1C3A-0B73-74D1B45748E1
43.15763,-6.210291,1,EC6E2525-212C-1C3A-0B73-74D1B45748E1
19.779285,2.048298,0,EC6E2525-212C-1C3A-0B73-74D1B45748E1
19.440098,1.4896765,0,EC6E2525-212C-1C3A-0B73-74D1B45748E1
19.358997,1.3512222,0,EC6E2525-212C-1C3A-0B73-74D1B45748E1
19.128782,1.4012228,1,EC6E2525-212C-1C3A-0B73-74D1B45748E1
22.434832,11.282901,1,EC6E2525-212C-1C3A-0B73-74D1B45748E1
22.417582,11.287834,2,EC6E2525-212C-1C3A-0B73-74D1B45748E1
10.922159,51.99406,2,EE62AFCD-B47D-E676-0257-21F92CB612D8
-0.63194245,50.94049,2,EE62AFCD-B47D-E676-0257-21F92CB612D8
-2.3788755,51.041294,0,EE62AFCD-B47D-E676-0257-21F92CB612D8
-8.715569,52.431084,0,EE62AFCD-B47D-E676-0257-21F92CB612D8
-9.451664,54.43904,0,EE62AFCD-B47D-E676-0257-21F92CB612D8
-11.966257,57.7271,2,EE62AFCD-B47D-E676-0257-21F92CB612D8
-34.64801,-13.762567,2,EE62AFCD-B47D-E676-0257-21F92CB612D8
-34.48069,-13.527796,2,EE62AFCD-B47D-E676-0257-21F92CB612D8
-34.140114,-12.018301,2,EE62AFCD-B47D-E676-0257-21F92CB612D8
-34.414127,-13.094117,2,EE62AFCD-B47D-E676-0257-21F92CB612D8
-6.4682646,51.14762,2,EE62AFCD-B47D-E676-0257-21F92CB612D8
-3.709383,51.29257,2,EE62AFCD-B47D-E676-0257-21F92CB612D8
22.981073,-32.142406,2,EE62AFCD-B47D-E676-0257-21F92CB612D8
27.827654,-20.320375,2,EE62AFCD-B47D-E676-0257-21F92CB612D8
-5.253879,-15.879645,0,EE62AFCD-B47D-E676-0257-21F92CB612D8
15.771422,-24.240482,0,EE62AFCD-B47D-E676-0257-21F92CB612D8
9.336319,-24.640778,2,EE62AFCD-B47D-E676-0257-21F92CB612D8
11.433095,18.513485,2,EE62AFCD-B47D-E676-0257-21F92CB612D8
-4.234661,17.236187,2,EE62AFCD-B47D-E676-0257-21F92CB612D8
7.855064,-9.30347,2,EE62AFCD-B47D-E676-0257-21F92CB612D8
20.71548,-7.917786,2,EE62AFCD-B47D-E676-0257-21F92CB612D8
25.262564,-37.147438,2,EE62AFCD-B47D-E676-0257-21F92CB612D8
19.46655,-41.319473,2,EE62AFCD-B47D-E676-0257-21F92CB612D8
-50.57646,-17.36294,2,EE62AFCD-B47D-E676-0257-21F92CB612D8
8.454445,56.855022,1,F1430977-52AF-4F46-BF92-0A8D736CBD2B
8.155506,57.30802,1,F1430977-52AF-4F46-BF92-0A8D736CBD2B
39.658955,32.29683,1,F1430977-52AF-4F46-BF92-0A8D736CBD2B
-17.867401,48.709686,1,F1430977-52AF-4F46-BF92-0A8D736CBD2B
-18.505013,48.73118,1,F1430977-52AF-4F46-BF92-0A8D736CBD2B
-18.792685,47.182713,1,F1430977-52AF-4F46-BF92-0A8D736CBD2B
15.77347,4.8885155,0,F1430977-52AF-4F46-BF92-0A8D736CBD2B
15.827896,4.891235,2,F1430977-52AF-4F46-BF92-0A8D736CBD2B
21.816576,-8.404149,2,F1430977-52AF-4F46-BF92-0A8D736CBD2B
21.777674,-8.178335,2,F1430977-52AF-4F46-BF92-0A8D736CBD2B
13.903384,3.6095266,2,F1430977-52AF-4F46-BF92-0A8D736CBD2B
7.5803337,7.1772246,2,F1430977-52AF-4F46-BF92-0A8D736CBD2B
-26.004889,18.045103,2,F1430977-52AF-4F46-BF92-0A8D736CBD2B
-25.992214,18.108599,2,F1430977-52AF-4F46-BF92-0A8D736CBD2B
-17.75916,20.94929,2,F1430977-52AF-4F46-BF92-0A8D736CBD2B
-17.724669,21.009827,2,F1430977-52AF-4F46-BF92-0A8D736CBD2B
23.075178,-9.283956,0,F1430977-52AF-4F46-BF92-0A8D736CBD2B
-8.879676,23.802332,0,F1430977-52AF-4F46-BF92-0A8D736CBD2B
19.426727,-36.95291,2,F752B62E-E95F-A65D-4CB2-8B0252E15F08
15.457682,-37.68536,2,F752B62E-E95F-A65D-4CB2-8B0252E15F08
-3.8700929,-38.297966,2,F752B62E-E95F-A65D-4CB2-8B0252E15F08
7.656215,-12.221818,2,F752B62E-E95F-A65D-4CB2-8B0252E15F08
7.8221197,-12.21415,2,F752B62E-E95F-A65D-4CB2-8B0252E15F08
8.636497,-12.099607,0,F752B62E-E95F-A65D-4CB2-8B0252E15F08
30.505814,-0.5819475,0,F752B62E-E95F-A65D-4CB2-8B0252E15F08
30.930582,-0.52276427,0,F752B62E-E95F-A65D-4CB2-8B0252E15F08
-10.1024475,44.979877,0,F752B62E-E95F-A65D-4CB2-8B0252E15F08
36.040382,33.348476,0,F752B62E-E95F-A65D-4CB2-8B0252E15F08
36.080322,33.73749,0,F752B62E-E95F-A65D-4CB2-8B0252E15F08
36.27442,33.359726,0,F752B62E-E95F-A65D-4CB2-8B0252E15F08
3.2051747,8.648551,2,F752B62E-E95F-A65D-4CB2-8B0252E15F08
10.772139,0.918774,2,F752B62E-E95F-A65D-4CB2-8B0252E15F08
3.8473577,-5.046956,2,F752B62E-E95F-A65D-4CB2-8B0252E15F08
13.105713,9.88333,0,F752B62E-E95F-A65D-4CB2-8B0252E15F08
13.117899,9.736656,0,F752B62E-E95F-A65D-4CB2-8B0252E15F08
11.572866,-7.701798,0,F752B62E-E95F-A65D-4CB2-8B0252E15F08
8.206417,-15.778247,2,F752B62E-E95F-A65D-4CB2-8B0252E15F08
-8.701894,12.759553,2,F752B62E-E95F-A65D-4CB2-8B0252E15F08
-4.6796274,3.666207,2,F752B62E-E95F-A65D-4CB2-8B0252E15F08
-52.74397,-12.962185,2,F752B62E-E95F-A65D-4CB2-8B0252E15F08
-52.729908,-12.986449,0,F752B62E-E95F-A65D-4CB2-8B0252E15F08
-52.526184,-12.688691,2,F752B62E-E95F-A65D-4CB2-8B0252E15F08
6.5562043,9.621358,0,F752B62E-E95F-A65D-4CB2-8B0252E15F08
6.251525,9.770765,0,F752B62E-E95F-A65D-4CB2-8B0252E15F08
7.3116617,9.648682,0,F752B62E-E95F-A65D-4CB2-8B0252E15F08
-8.142978,22.397623,0,F752B62E-E95F-A65D-4CB2-8B0252E15F08
-9.78351,22.361855,0,F752B62E-E95F-A65D-4CB2-8B0252E15F08
-9.919857,22.44123,0,F752B62E-E95F-A65D-4CB2-8B0252E15F08
31.661602,7.8265643,2,FC50071B-D2BA-C98B-AC6E-7339010D56DA
54.677536,-21.39502,2,FC50071B-D2BA-C98B-AC6E-7339010D56DA
54.721592,-21.343943,2,FC50071B-D2BA-C98B-AC6E-7339010D56DA
54.52619,-21.304457,1,FC50071B-D2BA-C98B-AC6E-7339010D56DA
55.5775,-21.530985,1,FC50071B-D2BA-C98B-AC6E-7339010D56DA
55.46805,-21.428875,1,FC50071B-D2BA-C98B-AC6E-7339010D56DA
50.184933,-27.162682,2,FC50071B-D2BA-C98B-AC6E-7339010D56DA
50.127537,-27.23985,2,FC50071B-D2BA-C98B-AC6E-7339010D56DA
17.580465,16.781895,2,FC50071B-D2BA-C98B-AC6E-7339010D56DA
17.3966,16.61341,2,FC50071B-D2BA-C98B-AC6E-7339010D56DA
-37.1851,11.278674,2,FC50071B-D2BA-C98B-AC6E-7339010D56DA
-37.194824,11.232411,2,FC50071B-D2BA-C98B-AC6E-7339010D56DA
21.057467,-37.977478,2,FC50071B-D2BA-C98B-AC6E-7339010D56DA
8.617795,-18.256046,2,FC50071B-D2BA-C98B-AC6E-7339010D56DA
12.204265,-34.79204,2,FC50071B-D2BA-C98B-AC6E-7339010D56DA
-5.0889144,-24.414402,2,FC50071B-D2BA-C98B-AC6E-7339010D56DA
-4.890721,-23.92886,2,FC50071B-D2BA-C98B-AC6E-7339010D56DA
-5.0864882,-24.736065,2,FC50071B-D2BA-C98B-AC6E-7339010D56DA
20.759884,10.288231,2,FC66D29E-8CD8-AE29-A071-33549272C1EE
20.651752,10.195937,2,FC66D29E-8CD8-AE29-A071-33549272C1EE
-4.0940113,-15.240489,2,FC66D29E-8CD8-AE29-A071-33549272C1EE
-1.7276459,-31.273867,2,FC66D29E-8CD8-AE29-A071-33549272C1EE
12.949414,-6.425873,0,FC66D29E-8CD8-AE29-A071-33549272C1EE
-24.183409,19.79273,0,FC66D29E-8CD8-AE29-A071-33549272C1EE
-2.481693,-38.331394,1,FC66D29E-8CD8-AE29-A071-33549272C1EE
34.4213,-28.5085,1,FC66D29E-8CD8-AE29-A071-33549272C1EE
50.98403,-10.591378,1,FC66D29E-8CD8-AE29-A071-33549272C1EE
-22.824305,-16.459845,1,FC66D29E-8CD8-AE29-A071-33549272C1EE
-11.646355,-14.666473,0,FC66D29E-8CD8-AE29-A071-33549272C1EE
8.592402,-8.216342,0,FC66D29E-8CD8-AE29-A071-33549272C1EE
18.107216,-40.17253,2,FC66D29E-8CD8-AE29-A071-33549272C1EE
17.283396,-40.131344,2,FC66D29E-8CD8-AE29-A071-33549272C1EE
17.05032,-40.14171,0,FC66D29E-8CD8-AE29-A071-33549272C1EE
-6.359556,-19.549055,0,FC66D29E-8CD8-AE29-A071-33549272C1EE
-6.3067737,-19.619287,0,FC66D29E-8CD8-AE29-A071-33549272C1EE
-6.247974,-19.533125,2,FC66D29E-8CD8-AE29-A071-33549272C1EE
39.18365,-4.655739,2,FC66D29E-8CD8-AE29-A071-33549272C1EE
37.858555,-16.330467,2,FC66D29E-8CD8-AE29-A071-33549272C1EE
10.83358,-23.67868,2,FC66D29E-8CD8-AE29-A071-33549272C1EE
18.15781,-31.687374,0,FC66D29E-8CD8-AE29-A071-33549272C1EE
18.155224,-31.683977,0,FC66D29E-8CD8-AE29-A071-33549272C1EE
18.070038,-31.791348,0,FC66D29E-8CD8-AE29-A071-33549272C1EE
23.96384,-3.4793108,0,FFAB0F54-EFF2-FA1A-1892-F9D8ED3C9B31
36.244957,-12.617626,0,FFAB0F54-EFF2-FA1A-1892-F9D8ED3C9B31
36.59395,-13.183102,2,FFAB0F54-EFF2-FA1A-1892-F9D8ED3C9B31
36.73123,-13.686556,2,FFAB0F54-EFF2-FA1A-1892-F9D8ED3C9B31
36.06406,-12.348921,2,FFAB0F54-EFF2-FA1A-1892-F9D8ED3C9B31
35.941174,-12.23183,2,FFAB0F54-EFF2-FA1A-1892-F9D8ED3C9B31
-4.8213825,-15.643363,2,FFAB0F54-EFF2-FA1A-1892-F9D8ED3C9B31
-2.268633,-18.752434,2,FFAB0F54-EFF2-FA1A-1892-F9D8ED3C9B31
8.134555,-17.714937,2,FFAB0F54-EFF2-FA1A-1892-F9D8ED3C9B31
19.150312,-10.7344675,2,FFAB0F54-EFF2-FA1A-1892-F9D8ED3C9B31
19.25498,-10.757248,2,FFAB0F54-EFF2-FA1A-1892-F9D8ED3C9B31
-4.29041,1.3906144,2,FFAB0F54-EFF2-FA1A-1892-F9D8ED3C9B31
-11.49096,2.9720035,2,FFAB0F54-EFF2-FA1A-1892-F9D8ED3C9B31
-22.116514,-9.952187,2,FFAB0F54-EFF2-FA1A-1892-F9D8ED3C9B31
-40.77615,-13.245692,2,FFAB0F54-EFF2-FA1A-1892-F9D8ED3C9B31
-40.76516,-13.239483,2,FFAB0F54-EFF2-FA1A-1892-F9D8ED3C9B31
35.3739,-22.360647,2,FFAB0F54-EFF2-FA1A-1892-F9D8ED3C9B31
49.725468,-24.323925,2,FFAB0F54-EFF2-FA1A-1892-F9D8ED3C9B31
