tsne_x,tsne_y,label_mood,player_id
14.671987,-6.0162377,0,018B0D8D-B5EC-09D6-90ED-550058EBFEAF
-21.276203,-20.33488,2,018B0D8D-B5EC-09D6-90ED-550058EBFEAF
-22.243145,-21.197092,2,018B0D8D-B5EC-09D6-90ED-550058EBFEAF
-22.20134,-21.165201,2,018B0D8D-B5EC-09D6-90ED-550058EBFEAF
-20.862791,-15.678993,0,018B0D8D-B5EC-09D6-90ED-550058EBFEAF
-22.401213,-19.667002,0,018B0D8D-B5EC-09D6-90ED-550058EBFEAF
38.17667,-34.255352,0,018B0D8D-B5EC-09D6-90ED-550058EBFEAF
31.088999,-16.907972,0,018B0D8D-B5EC-09D6-90ED-550058EBFEAF
37.47622,-7.9561353,0,018B0D8D-B5EC-09D6-90ED-550058EBFEAF
36.81809,-9.678659,0,018B0D8D-B5EC-09D6-90ED-550058EBFEAF
-7.564956,-5.079072,1,018B0D8D-B5EC-09D6-90ED-550058EBFEAF
-7.570911,-5.0915065,1,018B0D8D-B5EC-09D6-90ED-550058EBFEAF
-61.925613,11.349846,2,018B0D8D-B5EC-09D6-90ED-550058EBFEAF
-27.133799,2.4912038,2,018B0D8D-B5EC-09D6-90ED-550058EBFEAF
-27.098907,2.5145216,0,018B0D8D-B5EC-09D6-90ED-550058EBFEAF
-27.03084,2.6052642,0,018B0D8D-B5EC-09D6-90ED-550058EBFEAF
-27.510498,2.052481,0,018B0D8D-B5EC-09D6-90ED-550058EBFEAF
-15.225287,22.985518,0,018B0D8D-B5EC-09D6-90ED-550058EBFEAF
8.137248,-6.493535,0,018B0D8D-B5EC-09D6-90ED-550058EBFEAF
7.731786,-21.462744,0,018B0D8D-B5EC-09D6-90ED-550058EBFEAF
6.940562,-24.272953,0,018B0D8D-B5EC-09D6-90ED-550058EBFEAF
14.167992,-3.9947474,0,018B0D8D-B5EC-09D6-90ED-550058EBFEAF
39.069313,-34.178387,1,018B0D8D-B5EC-09D6-90ED-550058EBFEAF
67.67654,12.953603,1,018B0D8D-B5EC-09D6-90ED-550058EBFEAF
21.332205,-0.35320574,0,06F9F8CE-9696-23CA-25B5-000AA4A793BA
21.229689,-0.10839829,0,06F9F8CE-9696-23CA-25B5-000AA4A793BA
13.497408,20.933516,1,06F9F8CE-9696-23CA-25B5-000AA4A793BA
13.956054,-14.521724,2,06F9F8CE-9696-23CA-25B5-000AA4A793BA
39.9464,-33.361748,2,06F9F8CE-9696-23CA-25B5-000AA4A793BA
45.539516,-31.492926,2,06F9F8CE-9696-23CA-25B5-000AA4A793BA
45.456303,-31.360172,2,06F9F8CE-9696-23CA-25B5-000AA4A793BA
45.461975,-31.358324,2,06F9F8CE-9696-23CA-25B5-000AA4A793BA
45.46206,-31.36026,0,06F9F8CE-9696-23CA-25B5-000AA4A793BA
45.45184,-31.34488,0,06F9F8CE-9696-23CA-25B5-000AA4A793BA
10.619921,44.3638,0,06F9F8CE-9696-23CA-25B5-000AA4A793BA
-20.069508,-16.17317,0,06F9F8CE-9696-23CA-25B5-000AA4A793BA
14.978288,7.6319137,0,06F9F8CE-9696-23CA-25B5-000AA4A793BA
-3.583426,55.886974,0,06F9F8CE-9696-23CA-25B5-000AA4A793BA
-59.072853,15.19613,0,06F9F8CE-9696-23CA-25B5-000AA4A793BA
-35.612682,23.433615,2,06F9F8CE-9696-23CA-25B5-000AA4A793BA
-8.458763,0.026344212,2,06F9F8CE-9696-23CA-25B5-000AA4A793BA
-8.709117,-0.37099254,2,06F9F8CE-9696-23CA-25B5-000AA4A793BA
66.973236,15.353626,1,06F9F8CE-9696-23CA-25B5-000AA4A793BA
67.84394,11.060571,1,06F9F8CE-9696-23CA-25B5-000AA4A793BA
67.841286,11.061594,1,06F9F8CE-9696-23CA-25B5-000AA4A793BA
67.782585,10.681031,1,06F9F8CE-9696-23CA-25B5-000AA4A793BA
10.764025,-58.62123,1,06F9F8CE-9696-23CA-25B5-000AA4A793BA
-40.005646,-32.489384,1,06F9F8CE-9696-23CA-25B5-000AA4A793BA
14.2932625,-4.9170346,1,09FCECC4-F94E-ED69-5E9B-3223B590A149
-37.02057,17.211987,1,09FCECC4-F94E-ED69-5E9B-3223B590A149
0.989227,-27.45416,2,09FCECC4-F94E-ED69-5E9B-3223B590A149
-61.632763,-10.816161,2,09FCECC4-F94E-ED69-5E9B-3223B590A149
18.432732,23.266958,2,09FCECC4-F94E-ED69-5E9B-3223B590A149
-58.69208,17.183197,2,09FCECC4-F94E-ED69-5E9B-3223B590A149
14.306016,-3.858798,2,09FCECC4-F94E-ED69-5E9B-3223B590A149
68.09849,2.8469772,1,09FCECC4-F94E-ED69-5E9B-3223B590A149
68.520386,2.8766215,1,09FCECC4-F94E-ED69-5E9B-3223B590A149
67.24758,-1.1382332,1,09FCECC4-F94E-ED69-5E9B-3223B590A149
67.08758,-1.4354556,1,09FCECC4-F94E-ED69-5E9B-3223B590A149
67.049286,-1.4599617,1,09FCECC4-F94E-ED69-5E9B-3223B590A149
-58.677265,17.19079,2,09FCECC4-F94E-ED69-5E9B-3223B590A149
-47.501022,24.772058,2,09FCECC4-F94E-ED69-5E9B-3223B590A149
-21.301132,-21.795673,2,09FCECC4-F94E-ED69-5E9B-3223B590A149
-21.273241,-21.804874,2,09FCECC4-F94E-ED69-5E9B-3223B590A149
-20.599487,-21.003807,2,09FCECC4-F94E-ED69-5E9B-3223B590A149
-5.5808897,-8.923399,2,09FCECC4-F94E-ED69-5E9B-3223B590A149
68.4635,2.3566697,2,0A221ADF-C99E-307E-7B65-92EF9DABA6C4
67.99555,2.3956814,2,0A221ADF-C99E-307E-7B65-92EF9DABA6C4
68.24325,2.9026923,0,0A221ADF-C99E-307E-7B65-92EF9DABA6C4
68.1167,2.869192,0,0A221ADF-C99E-307E-7B65-92EF9DABA6C4
68.11759,2.869114,0,0A221ADF-C99E-307E-7B65-92EF9DABA6C4
68.49763,2.9449184,2,0A221ADF-C99E-307E-7B65-92EF9DABA6C4
39.47197,-4.5836067,2,0A221ADF-C99E-307E-7B65-92EF9DABA6C4
30.377567,-19.224876,2,0A221ADF-C99E-307E-7B65-92EF9DABA6C4
40.674843,-1.9505891,0,0A221ADF-C99E-307E-7B65-92EF9DABA6C4
40.657257,-2.083188,0,0A221ADF-C99E-307E-7B65-92EF9DABA6C4
42.170853,14.145309,0,0A221ADF-C99E-307E-7B65-92EF9DABA6C4
29.968935,-29.940622,0,0A221ADF-C99E-307E-7B65-92EF9DABA6C4
-47.394516,25.083508,2,0A221ADF-C99E-307E-7B65-92EF9DABA6C4
-46.635284,24.864302,2,0A221ADF-C99E-307E-7B65-92EF9DABA6C4
-45.325542,25.10651,2,0A221ADF-C99E-307E-7B65-92EF9DABA6C4
-21.437397,-15.330746,2,0A221ADF-C99E-307E-7B65-92EF9DABA6C4
-21.490255,-15.339295,2,0A221ADF-C99E-307E-7B65-92EF9DABA6C4
-21.971695,-15.76773,0,0A221ADF-C99E-307E-7B65-92EF9DABA6C4
-21.866283,-15.883032,0,0A221ADF-C99E-307E-7B65-92EF9DABA6C4
-21.811735,-15.817975,0,0A221ADF-C99E-307E-7B65-92EF9DABA6C4
30.594694,-28.449583,2,0A221ADF-C99E-307E-7B65-92EF9DABA6C4
35.895576,-10.450285,2,0A221ADF-C99E-307E-7B65-92EF9DABA6C4
34.89053,-11.78683,2,0A221ADF-C99E-307E-7B65-92EF9DABA6C4
38.721397,14.835298,2,0A221ADF-C99E-307E-7B65-92EF9DABA6C4
15.842818,9.864532,2,0A221ADF-C99E-307E-7B65-92EF9DABA6C4
16.937672,10.031176,2,0A221ADF-C99E-307E-7B65-92EF9DABA6C4
-1.0146515,23.696827,0,0A221ADF-C99E-307E-7B65-92EF9DABA6C4
66.78283,16.969097,0,0A221ADF-C99E-307E-7B65-92EF9DABA6C4
66.835434,17.053772,0,0A221ADF-C99E-307E-7B65-92EF9DABA6C4
66.684944,16.97243,0,0A221ADF-C99E-307E-7B65-92EF9DABA6C4
-22.182802,40.49527,2,0A76B59A-F1FF-F3F5-A3CA-2386FA8EF308
9.510199,45.274883,2,0A76B59A-F1FF-F3F5-A3CA-2386FA8EF308
-6.0092163,1.2887594,2,0A76B59A-F1FF-F3F5-A3CA-2386FA8EF308
-5.986353,1.2678587,2,0A76B59A-F1FF-F3F5-A3CA-2386FA8EF308
1.72212,-56.556858,2,0A76B59A-F1FF-F3F5-A3CA-2386FA8EF308
1.7130542,-56.5579,1,0A76B59A-F1FF-F3F5-A3CA-2386FA8EF308
-15.305478,23.729584,1,0A76B59A-F1FF-F3F5-A3CA-2386FA8EF308
-15.300472,23.765333,1,0A76B59A-F1FF-F3F5-A3CA-2386FA8EF308
-15.548088,24.139473,1,0A76B59A-F1FF-F3F5-A3CA-2386FA8EF308
-16.572416,25.504375,1,0A76B59A-F1FF-F3F5-A3CA-2386FA8EF308
31.620216,27.27869,1,0A76B59A-F1FF-F3F5-A3CA-2386FA8EF308
31.667238,27.490294,1,0A76B59A-F1FF-F3F5-A3CA-2386FA8EF308
66.66484,-2.982858,2,0A76B59A-F1FF-F3F5-A3CA-2386FA8EF308
-23.712124,41.187798,2,0A76B59A-F1FF-F3F5-A3CA-2386FA8EF308
-23.650595,41.115433,2,0A76B59A-F1FF-F3F5-A3CA-2386FA8EF308
-22.183039,41.095192,2,0A76B59A-F1FF-F3F5-A3CA-2386FA8EF308
-22.177315,41.10272,2,0A76B59A-F1FF-F3F5-A3CA-2386FA8EF308
31.334787,32.92993,2,0A76B59A-F1FF-F3F5-A3CA-2386FA8EF308
-4.8674884,37.780804,1,0A76B59A-F1FF-F3F5-A3CA-2386FA8EF308
-4.616069,37.54789,1,0A76B59A-F1FF-F3F5-A3CA-2386FA8EF308
-4.583759,37.735386,0,0A76B59A-F1FF-F3F5-A3CA-2386FA8EF308
-4.787452,37.84238,2,0A76B59A-F1FF-F3F5-A3CA-2386FA8EF308
-26.380913,4.432212,2,0A76B59A-F1FF-F3F5-A3CA-2386FA8EF308
-23.635157,10.42907,2,0A76B59A-F1FF-F3F5-A3CA-2386FA8EF308
36.77871,-34.067413,0,0B5863F1-A482-C95D-EA42-9183B5BDFA12
36.845047,-34.059433,0,0B5863F1-A482-C95D-EA42-9183B5BDFA12
39.441517,15.5328455,1,0B5863F1-A482-C95D-EA42-9183B5BDFA12
39.46496,15.524124,1,0B5863F1-A482-C95D-EA42-9183B5BDFA12
31.151669,27.675217,2,0B5863F1-A482-C95D-EA42-9183B5BDFA12
-0.4432217,-27.12535,2,0B5863F1-A482-C95D-EA42-9183B5BDFA12
3.7494268,-19.169868,1,0B5863F1-A482-C95D-EA42-9183B5BDFA12
-67.28211,-17.938967,1,0B5863F1-A482-C95D-EA42-9183B5BDFA12
-66.8484,-17.381678,0,0B5863F1-A482-C95D-EA42-9183B5BDFA12
-13.146825,-41.148594,0,0B5863F1-A482-C95D-EA42-9183B5BDFA12
-13.203818,-41.078354,0,0B5863F1-A482-C95D-EA42-9183B5BDFA12
-13.305022,-40.77101,0,0B5863F1-A482-C95D-EA42-9183B5BDFA12
-60.719925,11.777271,0,0B5863F1-A482-C95D-EA42-9183B5BDFA12
-37.147903,-24.552158,0,0B5863F1-A482-C95D-EA42-9183B5BDFA12
-40.18233,-30.57859,1,0B5863F1-A482-C95D-EA42-9183B5BDFA12
-34.511818,24.262074,0,0B5863F1-A482-C95D-EA42-9183B5BDFA12
-36.16741,-23.465313,0,0B5863F1-A482-C95D-EA42-9183B5BDFA12
-36.259342,-23.50856,0,0B5863F1-A482-C95D-EA42-9183B5BDFA12
-35.879444,-22.791971,0,0B5863F1-A482-C95D-EA42-9183B5BDFA12
-58.893448,1.9464551,0,0B5863F1-A482-C95D-EA42-9183B5BDFA12
-58.89764,1.9404787,0,0B5863F1-A482-C95D-EA42-9183B5BDFA12
-59.27815,1.6299533,1,0B5863F1-A482-C95D-EA42-9183B5BDFA12
-59.277905,1.6294606,1,0B5863F1-A482-C95D-EA42-9183B5BDFA12
-23.858732,-16.554039,1,0B5863F1-A482-C95D-EA42-9183B5BDFA12
-26.797382,-2.0913734,1,0D759376-3F10-1BEB-7205-E91B8BF17984
40.787727,-33.2726,2,0D759376-3F10-1BEB-7205-E91B8BF17984
40.781746,-33.27342,2,0D759376-3F10-1BEB-7205-E91B8BF17984
49.031162,-28.337334,2,0D759376-3F10-1BEB-7205-E91B8BF17984
45.182575,-31.508085,2,0D759376-3F10-1BEB-7205-E91B8BF17984
42.935207,-32.416378,2,0D759376-3F10-1BEB-7205-E91B8BF17984
-41.07771,-30.549904,2,0D759376-3F10-1BEB-7205-E91B8BF17984
-56.42158,3.7142017,2,0D759376-3F10-1BEB-7205-E91B8BF17984
-56.422985,5.13671,2,0D759376-3F10-1BEB-7205-E91B8BF17984
-56.42073,3.7222338,2,0D759376-3F10-1BEB-7205-E91B8BF17984
-61.19674,-11.266305,1,0D759376-3F10-1BEB-7205-E91B8BF17984
-11.335985,-49.009552,1,0D759376-3F10-1BEB-7205-E91B8BF17984
-22.045927,-16.90696,2,0D759376-3F10-1BEB-7205-E91B8BF17984
-60.428764,-12.843124,2,0D759376-3F10-1BEB-7205-E91B8BF17984
31.992424,-14.850852,2,0D759376-3F10-1BEB-7205-E91B8BF17984
37.244938,-10.08612,2,0D759376-3F10-1BEB-7205-E91B8BF17984
46.530365,-30.695242,2,0D759376-3F10-1BEB-7205-E91B8BF17984
33.69092,20.516262,2,0D759376-3F10-1BEB-7205-E91B8BF17984
11.571892,45.01935,2,0D759376-3F10-1BEB-7205-E91B8BF17984
-36.980938,18.738924,2,0D759376-3F10-1BEB-7205-E91B8BF17984
-41.2284,19.974892,2,0D759376-3F10-1BEB-7205-E91B8BF17984
68.59857,10.198152,2,0D759376-3F10-1BEB-7205-E91B8BF17984
68.20232,10.060229,2,0D759376-3F10-1BEB-7205-E91B8BF17984
68.63523,10.277613,2,0D759376-3F10-1BEB-7205-E91B8BF17984
4.974625,62.151398,0,0F3B2D98-51FE-5265-3746-A0763DE31C98
-21.308298,-20.867268,0,0F3B2D98-51FE-5265-3746-A0763DE31C98
-62.434975,11.77392,0,0F3B2D98-51FE-5265-3746-A0763DE31C98
-39.93993,-32.450466,0,0F3B2D98-51FE-5265-3746-A0763DE31C98
37.037987,5.9917045,0,0F3B2D98-51FE-5265-3746-A0763DE31C98
37.037148,5.982437,2,0F3B2D98-51FE-5265-3746-A0763DE31C98
-0.107639685,29.640898,2,0F3B2D98-51FE-5265-3746-A0763DE31C98
-0.13631077,29.697626,2,0F3B2D98-51FE-5265-3746-A0763DE31C98
-0.056898158,29.725418,2,0F3B2D98-51FE-5265-3746-A0763DE31C98
-0.14359957,29.679607,2,0F3B2D98-51FE-5265-3746-A0763DE31C98
-0.18678096,29.662569,2,0F3B2D98-51FE-5265-3746-A0763DE31C98
-16.4544,23.19155,2,0F3B2D98-51FE-5265-3746-A0763DE31C98
-21.746304,-17.013302,0,0F3B2D98-51FE-5265-3746-A0763DE31C98
63.71337,-9.290571,2,0F3B2D98-51FE-5265-3746-A0763DE31C98
63.720238,-9.290433,2,0F3B2D98-51FE-5265-3746-A0763DE31C98
63.6347,-9.067917,2,0F3B2D98-51FE-5265-3746-A0763DE31C98
63.645073,-8.995053,2,0F3B2D98-51FE-5265-3746-A0763DE31C98
64.70833,-9.055739,1,0F3B2D98-51FE-5265-3746-A0763DE31C98
37.776684,10.290693,0,0F3B2D98-51FE-5265-3746-A0763DE31C98
37.780148,10.553852,0,0F3B2D98-51FE-5265-3746-A0763DE31C98
2.2818055,-19.595724,0,0F3B2D98-51FE-5265-3746-A0763DE31C98
3.655453,-19.381685,0,0F3B2D98-51FE-5265-3746-A0763DE31C98
-18.368929,15.055138,1,0F3B2D98-51FE-5265-3746-A0763DE31C98
-18.360048,15.054596,1,0F3B2D98-51FE-5265-3746-A0763DE31C98
0.18399799,60.83557,0,10FFF83C-FD48-DCA7-E554-491C3C1E3EC6
68.50284,6.719664,0,10FFF83C-FD48-DCA7-E554-491C3C1E3EC6
68.49334,6.2799144,0,10FFF83C-FD48-DCA7-E554-491C3C1E3EC6
68.48434,8.202382,0,10FFF83C-FD48-DCA7-E554-491C3C1E3EC6
68.4928,9.368958,0,10FFF83C-FD48-DCA7-E554-491C3C1E3EC6
68.04541,1.4651773,0,10FFF83C-FD48-DCA7-E554-491C3C1E3EC6
-28.148102,-0.37829077,2,10FFF83C-FD48-DCA7-E554-491C3C1E3EC6
-16.68709,22.441893,2,10FFF83C-FD48-DCA7-E554-491C3C1E3EC6
30.055487,29.219044,2,10FFF83C-FD48-DCA7-E554-491C3C1E3EC6
34.61549,28.20495,2,10FFF83C-FD48-DCA7-E554-491C3C1E3EC6
66.32029,-3.995281,2,10FFF83C-FD48-DCA7-E554-491C3C1E3EC6
66.344,-3.9861128,2,10FFF83C-FD48-DCA7-E554-491C3C1E3EC6
-8.38674,-54.68533,0,10FFF83C-FD48-DCA7-E554-491C3C1E3EC6
-8.064066,-54.311443,0,10FFF83C-FD48-DCA7-E554-491C3C1E3EC6
-57.038334,0.0022191128,0,10FFF83C-FD48-DCA7-E554-491C3C1E3EC6
-58.777126,-2.757539,0,10FFF83C-FD48-DCA7-E554-491C3C1E3EC6
-24.63897,42.86412,0,10FFF83C-FD48-DCA7-E554-491C3C1E3EC6
-1.1275605,59.941513,0,10FFF83C-FD48-DCA7-E554-491C3C1E3EC6
-1.1433994,59.94447,0,10FFF83C-FD48-DCA7-E554-491C3C1E3EC6
-1.0170228,60.00895,0,10FFF83C-FD48-DCA7-E554-491C3C1E3EC6
-1.4541631,59.69816,0,10FFF83C-FD48-DCA7-E554-491C3C1E3EC6
12.3034115,2.8295414,0,10FFF83C-FD48-DCA7-E554-491C3C1E3EC6
37.085976,-34.56013,0,10FFF83C-FD48-DCA7-E554-491C3C1E3EC6
44.46623,8.143362,0,10FFF83C-FD48-DCA7-E554-491C3C1E3EC6
44.459038,8.132762,2,10FFF83C-FD48-DCA7-E554-491C3C1E3EC6
-60.910324,-13.199885,0,10FFF83C-FD48-DCA7-E554-491C3C1E3EC6
-62.41029,-13.682555,0,10FFF83C-FD48-DCA7-E554-491C3C1E3EC6
-62.91029,-11.233467,0,10FFF83C-FD48-DCA7-E554-491C3C1E3EC6
-62.937885,-11.197004,0,10FFF83C-FD48-DCA7-E554-491C3C1E3EC6
33.359444,16.597136,0,10FFF83C-FD48-DCA7-E554-491C3C1E3EC6
-17.572481,12.02012,0,14027B3A-0AD6-CBA3-A600-42B3C0A4D933
31.414572,-21.814745,2,14027B3A-0AD6-CBA3-A600-42B3C0A4D933
31.411476,-21.80905,2,14027B3A-0AD6-CBA3-A600-42B3C0A4D933
31.397188,-22.41954,2,14027B3A-0AD6-CBA3-A600-42B3C0A4D933
31.39796,-22.40979,2,14027B3A-0AD6-CBA3-A600-42B3C0A4D933
12.42182,2.4864728,2,14027B3A-0AD6-CBA3-A600-42B3C0A4D933
68.47368,5.6670365,2,14027B3A-0AD6-CBA3-A600-42B3C0A4D933
37.050373,8.325332,2,14027B3A-0AD6-CBA3-A600-42B3C0A4D933
44.47417,8.055104,0,14027B3A-0AD6-CBA3-A600-42B3C0A4D933
38.69338,15.893772,0,14027B3A-0AD6-CBA3-A600-42B3C0A4D933
38.717712,15.909405,0,14027B3A-0AD6-CBA3-A600-42B3C0A4D933
-13.43563,-41.450077,0,14027B3A-0AD6-CBA3-A600-42B3C0A4D933
-22.339483,40.615746,2,14027B3A-0AD6-CBA3-A600-42B3C0A4D933
15.819933,-11.749885,0,14027B3A-0AD6-CBA3-A600-42B3C0A4D933
30.723347,-22.503353,0,14027B3A-0AD6-CBA3-A600-42B3C0A4D933
30.810635,-22.474321,0,14027B3A-0AD6-CBA3-A600-42B3C0A4D933
10.028614,-56.41456,0,14027B3A-0AD6-CBA3-A600-42B3C0A4D933
2.1542494,-49.694866,2,14027B3A-0AD6-CBA3-A600-42B3C0A4D933
2.167462,-49.700172,2,14027B3A-0AD6-CBA3-A600-42B3C0A4D933
8.312194,-56.28287,2,14027B3A-0AD6-CBA3-A600-42B3C0A4D933
8.300131,-56.285244,0,14027B3A-0AD6-CBA3-A600-42B3C0A4D933
15.363264,2.1698906,0,165B40B2-D9B2-DBC0-AE48-02C0F49A609F
15.508265,2.2025561,0,165B40B2-D9B2-DBC0-AE48-02C0F49A609F
-36.379112,1.8682946,0,165B40B2-D9B2-DBC0-AE48-02C0F49A609F
-36.745396,-11.865172,2,165B40B2-D9B2-DBC0-AE48-02C0F49A609F
68.62185,10.317375,2,165B40B2-D9B2-DBC0-AE48-02C0F49A609F
68.55431,10.552946,2,165B40B2-D9B2-DBC0-AE48-02C0F49A609F
8.952942,-6.8961363,2,165B40B2-D9B2-DBC0-AE48-02C0F49A609F
7.4285955,-1.8985851,2,165B40B2-D9B2-DBC0-AE48-02C0F49A609F
18.694881,10.911697,2,165B40B2-D9B2-DBC0-AE48-02C0F49A609F
-62.86606,-13.298541,2,165B40B2-D9B2-DBC0-AE48-02C0F49A609F
-0.0856856,-28.883015,2,165B40B2-D9B2-DBC0-AE48-02C0F49A609F
-0.059234165,-28.71636,2,165B40B2-D9B2-DBC0-AE48-02C0F49A609F
66.9574,15.77218,2,165B40B2-D9B2-DBC0-AE48-02C0F49A609F
66.43809,17.587357,2,165B40B2-D9B2-DBC0-AE48-02C0F49A609F
66.83855,16.354548,2,165B40B2-D9B2-DBC0-AE48-02C0F49A609F
66.83755,16.357592,2,165B40B2-D9B2-DBC0-AE48-02C0F49A609F
16.265451,5.083704,2,165B40B2-D9B2-DBC0-AE48-02C0F49A609F
6.4565616,-59.415863,2,165B40B2-D9B2-DBC0-AE48-02C0F49A609F
32.707516,-19.856749,2,172A62AD-9B69-33E2-1551-9526879D80AC
35.455536,-9.380639,2,172A62AD-9B69-33E2-1551-9526879D80AC
-16.417688,59.81244,2,172A62AD-9B69-33E2-1551-9526879D80AC
2.0624259,-48.429394,2,172A62AD-9B69-33E2-1551-9526879D80AC
1.9620813,-48.53228,2,172A62AD-9B69-33E2-1551-9526879D80AC
1.9749062,-48.4737,2,172A62AD-9B69-33E2-1551-9526879D80AC
-37.188366,-21.436174,0,172A62AD-9B69-33E2-1551-9526879D80AC
-37.11541,-21.296993,0,172A62AD-9B69-33E2-1551-9526879D80AC
8.727575,-5.659364,0,172A62AD-9B69-33E2-1551-9526879D80AC
17.22923,9.994854,2,172A62AD-9B69-33E2-1551-9526879D80AC
-4.9910026,39.500908,2,172A62AD-9B69-33E2-1551-9526879D80AC
1.7432084,32.324368,2,172A62AD-9B69-33E2-1551-9526879D80AC
39.62656,-3.193431,2,172A62AD-9B69-33E2-1551-9526879D80AC
43.504818,6.887595,2,172A62AD-9B69-33E2-1551-9526879D80AC
-3.5345798,55.870663,2,172A62AD-9B69-33E2-1551-9526879D80AC
-3.526835,55.855225,2,172A62AD-9B69-33E2-1551-9526879D80AC
-3.5209513,55.85559,1,172A62AD-9B69-33E2-1551-9526879D80AC
-3.5013254,55.842377,1,172A62AD-9B69-33E2-1551-9526879D80AC
-5.5759144,37.70106,1,172A62AD-9B69-33E2-1551-9526879D80AC
-52.785755,15.2589655,1,172A62AD-9B69-33E2-1551-9526879D80AC
16.702805,21.76724,1,172A62AD-9B69-33E2-1551-9526879D80AC
17.097103,23.764282,1,172A62AD-9B69-33E2-1551-9526879D80AC
17.211214,24.216059,1,172A62AD-9B69-33E2-1551-9526879D80AC
-0.72702485,24.371195,1,172A62AD-9B69-33E2-1551-9526879D80AC
9.8473625,-6.300614,2,1F6A56CA-9C73-442F-2682-BB69E4B03AB2
9.840169,-6.286523,2,1F6A56CA-9C73-442F-2682-BB69E4B03AB2
14.517655,-5.7055373,2,1F6A56CA-9C73-442F-2682-BB69E4B03AB2
14.52167,-5.7042613,2,1F6A56CA-9C73-442F-2682-BB69E4B03AB2
8.307558,-57.469147,2,1F6A56CA-9C73-442F-2682-BB69E4B03AB2
8.268662,-57.47443,2,1F6A56CA-9C73-442F-2682-BB69E4B03AB2
22.529688,23.6993,0,1F6A56CA-9C73-442F-2682-BB69E4B03AB2
-47.66842,24.371948,0,1F6A56CA-9C73-442F-2682-BB69E4B03AB2
-4.7673974,-11.222582,0,1F6A56CA-9C73-442F-2682-BB69E4B03AB2
-5.756357,-8.901023,0,1F6A56CA-9C73-442F-2682-BB69E4B03AB2
-4.7661624,-11.225858,2,1F6A56CA-9C73-442F-2682-BB69E4B03AB2
-66.04093,-16.268194,2,1F6A56CA-9C73-442F-2682-BB69E4B03AB2
-16.655739,11.950385,2,1F6A56CA-9C73-442F-2682-BB69E4B03AB2
-63.142956,-10.898458,2,1F6A56CA-9C73-442F-2682-BB69E4B03AB2
-62.954365,-11.184685,0,1F6A56CA-9C73-442F-2682-BB69E4B03AB2
-62.848076,-14.124577,0,1F6A56CA-9C73-442F-2682-BB69E4B03AB2
-57.140656,0.342317,0,1F6A56CA-9C73-442F-2682-BB69E4B03AB2
-57.061527,0.06748354,1,1F6A56CA-9C73-442F-2682-BB69E4B03AB2
20.522476,-3.6207657,2,1FA97947-2FB7-D626-8CD3-2426BEEE97D1
-59.245155,1.2083614,2,1FA97947-2FB7-D626-8CD3-2426BEEE97D1
-34.938866,-10.7758045,2,1FA97947-2FB7-D626-8CD3-2426BEEE97D1
-35.353596,-10.422582,2,1FA97947-2FB7-D626-8CD3-2426BEEE97D1
-47.84116,23.478779,2,1FA97947-2FB7-D626-8CD3-2426BEEE97D1
10.776805,42.506298,2,1FA97947-2FB7-D626-8CD3-2426BEEE97D1
-37.684334,-23.20939,2,1FA97947-2FB7-D626-8CD3-2426BEEE97D1
-37.139565,-22.868109,2,1FA97947-2FB7-D626-8CD3-2426BEEE97D1
-37.10667,-21.321306,2,1FA97947-2FB7-D626-8CD3-2426BEEE97D1
-37.23379,-21.423693,2,1FA97947-2FB7-D626-8CD3-2426BEEE97D1
-0.42631602,-55.87787,2,1FA97947-2FB7-D626-8CD3-2426BEEE97D1
31.371881,-29.35093,2,1FA97947-2FB7-D626-8CD3-2426BEEE97D1
-7.0624495,0.10622896,1,1FA97947-2FB7-D626-8CD3-2426BEEE97D1
30.163012,-29.213608,1,1FA97947-2FB7-D626-8CD3-2426BEEE97D1
30.424417,-28.717096,1,1FA97947-2FB7-D626-8CD3-2426BEEE97D1
33.40878,-16.395636,1,1FA97947-2FB7-D626-8CD3-2426BEEE97D1
33.4647,-16.040493,1,1FA97947-2FB7-D626-8CD3-2426BEEE97D1
33.272076,-15.572064,1,1FA97947-2FB7-D626-8CD3-2426BEEE97D1
66.31396,17.732922,1,1FA97947-2FB7-D626-8CD3-2426BEEE97D1
66.31472,17.735445,1,1FA97947-2FB7-D626-8CD3-2426BEEE97D1
2.300426,62.634827,1,1FA97947-2FB7-D626-8CD3-2426BEEE97D1
2.274121,62.325386,1,1FA97947-2FB7-D626-8CD3-2426BEEE97D1
2.307383,62.310448,1,1FA97947-2FB7-D626-8CD3-2426BEEE97D1
4.319726,-55.63708,1,1FA97947-2FB7-D626-8CD3-2426BEEE97D1
-4.67233,39.09586,1,1FA97947-2FB7-D626-8CD3-2426BEEE97D1
-57.20135,0.4924382,1,1FA97947-2FB7-D626-8CD3-2426BEEE97D1
-68.1931,-19.211098,1,1FA97947-2FB7-D626-8CD3-2426BEEE97D1
-68.38782,-19.550447,1,1FA97947-2FB7-D626-8CD3-2426BEEE97D1
-9.684624,0.34853965,1,1FA97947-2FB7-D626-8CD3-2426BEEE97D1
16.129091,-10.9730835,1,1FA97947-2FB7-D626-8CD3-2426BEEE97D1
-9.183078,-2.687857,1,1FA97947-2FB7-D626-8CD3-2426BEEE97D1
-67.90237,-18.847115,1,1FA97947-2FB7-D626-8CD3-2426BEEE97D1
37.714508,10.768713,1,1FA97947-2FB7-D626-8CD3-2426BEEE97D1
37.72329,10.418921,1,1FA97947-2FB7-D626-8CD3-2426BEEE97D1
1.7139474,-25.105177,1,1FA97947-2FB7-D626-8CD3-2426BEEE97D1
-13.603311,-40.779495,1,1FA97947-2FB7-D626-8CD3-2426BEEE97D1
21.04385,-0.20473549,1,1FA97947-2FB7-D626-8CD3-2426BEEE97D1
21.057127,-0.068879016,1,1FA97947-2FB7-D626-8CD3-2426BEEE97D1
21.07203,-0.07460367,1,1FA97947-2FB7-D626-8CD3-2426BEEE97D1
21.099861,-0.05667655,1,1FA97947-2FB7-D626-8CD3-2426BEEE97D1
21.12572,0.5121862,1,1FA97947-2FB7-D626-8CD3-2426BEEE97D1
21.143225,0.50681245,1,1FA97947-2FB7-D626-8CD3-2426BEEE97D1
64.56546,-7.9706717,2,2656C6B4-988A-A958-5107-5422027AEE1D
64.2184,-8.667333,2,2656C6B4-988A-A958-5107-5422027AEE1D
-27.76991,0.431486,2,2656C6B4-988A-A958-5107-5422027AEE1D
-57.202885,0.50024086,2,2656C6B4-988A-A958-5107-5422027AEE1D
-59.657803,1.9578887,2,2656C6B4-988A-A958-5107-5422027AEE1D
-59.66433,1.9577093,2,2656C6B4-988A-A958-5107-5422027AEE1D
-60.66157,12.298176,2,2656C6B4-988A-A958-5107-5422027AEE1D
-60.710632,12.260117,2,2656C6B4-988A-A958-5107-5422027AEE1D
-60.72135,12.277104,2,2656C6B4-988A-A958-5107-5422027AEE1D
-41.177933,-30.58818,2,2656C6B4-988A-A958-5107-5422027AEE1D
32.723434,-13.647305,2,2656C6B4-988A-A958-5107-5422027AEE1D
-27.890507,-56.951633,2,2656C6B4-988A-A958-5107-5422027AEE1D
8.873312,-6.4179506,2,2656C6B4-988A-A958-5107-5422027AEE1D
9.402646,-2.2594588,2,2656C6B4-988A-A958-5107-5422027AEE1D
13.160714,1.2347698,2,2656C6B4-988A-A958-5107-5422027AEE1D
16.88243,9.5140915,2,2656C6B4-988A-A958-5107-5422027AEE1D
23.799328,24.341486,2,2656C6B4-988A-A958-5107-5422027AEE1D
-25.44198,2.7993166,2,2656C6B4-988A-A958-5107-5422027AEE1D
-0.6020249,-28.914011,0,27C12E79-B4DD-AA48-E99E-552C6BAEBA6F
-60.663754,2.202189,2,27C12E79-B4DD-AA48-E99E-552C6BAEBA6F
-60.66382,2.1991467,2,27C12E79-B4DD-AA48-E99E-552C6BAEBA6F
39.283424,22.088306,2,27C12E79-B4DD-AA48-E99E-552C6BAEBA6F
15.796506,-11.683723,2,27C12E79-B4DD-AA48-E99E-552C6BAEBA6F
20.541367,-3.5542572,2,27C12E79-B4DD-AA48-E99E-552C6BAEBA6F
-35.974766,23.652653,2,27C12E79-B4DD-AA48-E99E-552C6BAEBA6F
-24.902737,42.516747,2,27C12E79-B4DD-AA48-E99E-552C6BAEBA6F
33.313297,16.646677,2,27C12E79-B4DD-AA48-E99E-552C6BAEBA6F
22.686464,24.087534,2,27C12E79-B4DD-AA48-E99E-552C6BAEBA6F
37.615906,14.197433,2,27C12E79-B4DD-AA48-E99E-552C6BAEBA6F
38.98801,15.365065,0,27C12E79-B4DD-AA48-E99E-552C6BAEBA6F
-1.342209,-23.565903,2,27C12E79-B4DD-AA48-E99E-552C6BAEBA6F
-62.651768,11.574766,1,27C12E79-B4DD-AA48-E99E-552C6BAEBA6F
-62.625584,11.590116,1,27C12E79-B4DD-AA48-E99E-552C6BAEBA6F
-61.632805,11.398905,2,27C12E79-B4DD-AA48-E99E-552C6BAEBA6F
-61.9541,11.346272,2,27C12E79-B4DD-AA48-E99E-552C6BAEBA6F
-62.091873,11.238541,2,27C12E79-B4DD-AA48-E99E-552C6BAEBA6F
-36.643467,3.0235305,0,2C636222-CB43-AB6F-444A-7278047991C7
-52.72348,15.306375,0,2C636222-CB43-AB6F-444A-7278047991C7
-52.7239,15.299389,0,2C636222-CB43-AB6F-444A-7278047991C7
-51.351856,16.397,2,2C636222-CB43-AB6F-444A-7278047991C7
-44.1193,23.96015,2,2C636222-CB43-AB6F-444A-7278047991C7
-44.12827,23.963013,2,2C636222-CB43-AB6F-444A-7278047991C7
40.040443,-3.298786,2,2C636222-CB43-AB6F-444A-7278047991C7
12.947645,1.7620854,2,2C636222-CB43-AB6F-444A-7278047991C7
17.472351,8.348699,2,2C636222-CB43-AB6F-444A-7278047991C7
-60.73262,13.055411,2,2C636222-CB43-AB6F-444A-7278047991C7
-14.048829,-40.8579,2,2C636222-CB43-AB6F-444A-7278047991C7
-19.060911,16.737106,2,2C636222-CB43-AB6F-444A-7278047991C7
-15.82135,58.334454,2,2C636222-CB43-AB6F-444A-7278047991C7
21.0255,0.46212313,2,2C636222-CB43-AB6F-444A-7278047991C7
21.027054,-0.06262928,2,2C636222-CB43-AB6F-444A-7278047991C7
17.42602,23.45679,1,2C636222-CB43-AB6F-444A-7278047991C7
17.41815,23.456434,1,2C636222-CB43-AB6F-444A-7278047991C7
17.42693,23.456411,2,2C636222-CB43-AB6F-444A-7278047991C7
-24.089275,-16.35515,2,35FEE4B0-EF25-110F-8D86-5410FA57646B
-15.703482,-41.112164,2,35FEE4B0-EF25-110F-8D86-5410FA57646B
32.83363,-14.751657,0,35FEE4B0-EF25-110F-8D86-5410FA57646B
33.04063,-14.412086,0,35FEE4B0-EF25-110F-8D86-5410FA57646B
35.60339,-11.2791605,0,35FEE4B0-EF25-110F-8D86-5410FA57646B
-3.8382344,57.766743,1,35FEE4B0-EF25-110F-8D86-5410FA57646B
32.50997,22.16334,0,35FEE4B0-EF25-110F-8D86-5410FA57646B
30.545954,25.875416,0,35FEE4B0-EF25-110F-8D86-5410FA57646B
31.341862,24.997547,2,35FEE4B0-EF25-110F-8D86-5410FA57646B
33.86116,-10.471283,2,35FEE4B0-EF25-110F-8D86-5410FA57646B
44.981457,-31.792313,0,35FEE4B0-EF25-110F-8D86-5410FA57646B
44.97995,-31.782381,0,35FEE4B0-EF25-110F-8D86-5410FA57646B
-63.527542,9.249538,2,35FEE4B0-EF25-110F-8D86-5410FA57646B
-56.282135,5.472588,2,35FEE4B0-EF25-110F-8D86-5410FA57646B
-8.297295,-1.4400418,1,35FEE4B0-EF25-110F-8D86-5410FA57646B
16.294838,4.033432,2,35FEE4B0-EF25-110F-8D86-5410FA57646B
29.825062,29.227154,2,35FEE4B0-EF25-110F-8D86-5410FA57646B
34.93815,27.875332,2,35FEE4B0-EF25-110F-8D86-5410FA57646B
-38.150745,-1.1706212,1,35FEE4B0-EF25-110F-8D86-5410FA57646B
-38.1799,-1.0898609,1,35FEE4B0-EF25-110F-8D86-5410FA57646B
2.3186238,-25.106283,1,35FEE4B0-EF25-110F-8D86-5410FA57646B
7.2681875,-22.554981,1,35FEE4B0-EF25-110F-8D86-5410FA57646B
27.64569,28.29608,0,35FEE4B0-EF25-110F-8D86-5410FA57646B
34.8912,26.993359,0,35FEE4B0-EF25-110F-8D86-5410FA57646B
20.43517,-3.8012452,1,35FEE4B0-EF25-110F-8D86-5410FA57646B
20.422373,-3.8494668,2,35FEE4B0-EF25-110F-8D86-5410FA57646B
-20.291513,-21.155706,2,35FEE4B0-EF25-110F-8D86-5410FA57646B
-20.909857,-21.845268,2,35FEE4B0-EF25-110F-8D86-5410FA57646B
-20.91555,-21.85316,2,35FEE4B0-EF25-110F-8D86-5410FA57646B
16.387163,3.7317023,2,35FEE4B0-EF25-110F-8D86-5410FA57646B
-2.2320595,60.5603,2,37249306-1597-DC6D-3544-6FEDBBF8B848
-24.52957,45.19262,2,37249306-1597-DC6D-3544-6FEDBBF8B848
-2.2372553,60.557556,2,37249306-1597-DC6D-3544-6FEDBBF8B848
-1.4251482,30.955608,2,37249306-1597-DC6D-3544-6FEDBBF8B848
-25.06792,43.66557,1,37249306-1597-DC6D-3544-6FEDBBF8B848
28.760077,33.25953,1,37249306-1597-DC6D-3544-6FEDBBF8B848
-37.664883,-23.335775,1,37249306-1597-DC6D-3544-6FEDBBF8B848
-8.368349,-54.05039,1,37249306-1597-DC6D-3544-6FEDBBF8B848
37.09866,-33.481945,1,37249306-1597-DC6D-3544-6FEDBBF8B848
37.27183,-33.447136,1,37249306-1597-DC6D-3544-6FEDBBF8B848
48.509857,-28.65809,1,37249306-1597-DC6D-3544-6FEDBBF8B848
48.73112,-28.674335,1,37249306-1597-DC6D-3544-6FEDBBF8B848
28.870047,-23.736036,2,37249306-1597-DC6D-3544-6FEDBBF8B848
31.104889,-16.038582,2,37249306-1597-DC6D-3544-6FEDBBF8B848
-4.6743402,-11.42863,2,37249306-1597-DC6D-3544-6FEDBBF8B848
67.24339,15.14951,2,37249306-1597-DC6D-3544-6FEDBBF8B848
67.23108,15.191238,2,37249306-1597-DC6D-3544-6FEDBBF8B848
48.857777,-28.277954,0,37249306-1597-DC6D-3544-6FEDBBF8B848
4.3102794,-54.518856,2,37249306-1597-DC6D-3544-6FEDBBF8B848
-37.078785,-12.190857,2,37249306-1597-DC6D-3544-6FEDBBF8B848
-37.647297,17.332691,2,37249306-1597-DC6D-3544-6FEDBBF8B848
-39.677467,19.040766,2,37249306-1597-DC6D-3544-6FEDBBF8B848
-22.836725,12.088434,2,37249306-1597-DC6D-3544-6FEDBBF8B848
-1.7950963,28.350782,2,37249306-1597-DC6D-3544-6FEDBBF8B848
-1.9977527,21.384596,1,3C54E0F5-9C12-3137-9EC1-39645770F53A
-67.3263,-17.973385,1,3C54E0F5-9C12-3137-9EC1-39645770F53A
-67.398506,-18.035059,1,3C54E0F5-9C12-3137-9EC1-39645770F53A
-21.082338,42.79503,1,3C54E0F5-9C12-3137-9EC1-39645770F53A
-59.841316,1.6210147,1,3C54E0F5-9C12-3137-9EC1-39645770F53A
-38.00563,-23.292034,1,3C54E0F5-9C12-3137-9EC1-39645770F53A
-21.143501,-20.39438,2,3C54E0F5-9C12-3137-9EC1-39645770F53A
-21.11691,-20.394382,2,3C54E0F5-9C12-3137-9EC1-39645770F53A
-20.640678,-15.776478,2,3C54E0F5-9C12-3137-9EC1-39645770F53A
17.473223,8.359361,2,3C54E0F5-9C12-3137-9EC1-39645770F53A
-35.21324,3.2662084,2,3C54E0F5-9C12-3137-9EC1-39645770F53A
-62.1872,-8.432594,2,3C54E0F5-9C12-3137-9EC1-39645770F53A
39.84729,-4.339868,2,3C54E0F5-9C12-3137-9EC1-39645770F53A
30.218126,-26.659746,2,3C54E0F5-9C12-3137-9EC1-39645770F53A
-40.606552,19.307833,2,3C54E0F5-9C12-3137-9EC1-39645770F53A
-40.612057,19.308575,1,3C54E0F5-9C12-3137-9EC1-39645770F53A
-4.4438205,-22.680136,1,3C54E0F5-9C12-3137-9EC1-39645770F53A
-0.35463095,-50.39108,1,3C54E0F5-9C12-3137-9EC1-39645770F53A
-14.066283,-40.828133,1,3C54E0F5-9C12-3137-9EC1-39645770F53A
-67.261314,-17.463255,1,3C54E0F5-9C12-3137-9EC1-39645770F53A
-62.962303,12.634529,1,3C54E0F5-9C12-3137-9EC1-39645770F53A
-61.147633,2.2312734,1,3C54E0F5-9C12-3137-9EC1-39645770F53A
15.751834,-11.777983,1,3C54E0F5-9C12-3137-9EC1-39645770F53A
37.757202,-4.1419706,1,3C54E0F5-9C12-3137-9EC1-39645770F53A
3.3010871,-20.268755,2,3FC0B5B3-AC42-BF96-D8EE-10E81EAAACF6
-4.268968,9.770205,0,3FC0B5B3-AC42-BF96-D8EE-10E81EAAACF6
-18.184225,15.912016,0,3FC0B5B3-AC42-BF96-D8EE-10E81EAAACF6
-18.19377,15.907486,0,3FC0B5B3-AC42-BF96-D8EE-10E81EAAACF6
-26.614172,-2.1544938,0,3FC0B5B3-AC42-BF96-D8EE-10E81EAAACF6
-26.17231,-1.5005492,2,3FC0B5B3-AC42-BF96-D8EE-10E81EAAACF6
37.699535,9.163433,2,3FC0B5B3-AC42-BF96-D8EE-10E81EAAACF6
37.01524,-4.608499,2,3FC0B5B3-AC42-BF96-D8EE-10E81EAAACF6
37.25711,-4.3544087,2,3FC0B5B3-AC42-BF96-D8EE-10E81EAAACF6
32.567932,22.068974,0,3FC0B5B3-AC42-BF96-D8EE-10E81EAAACF6
13.08662,1.2109087,0,3FC0B5B3-AC42-BF96-D8EE-10E81EAAACF6
9.734813,-7.41706,0,3FC0B5B3-AC42-BF96-D8EE-10E81EAAACF6
10.997351,44.334385,2,3FC0B5B3-AC42-BF96-D8EE-10E81EAAACF6
10.992654,44.360233,2,3FC0B5B3-AC42-BF96-D8EE-10E81EAAACF6
-9.23453,-54.454975,2,3FC0B5B3-AC42-BF96-D8EE-10E81EAAACF6
-16.332935,58.95035,2,3FC0B5B3-AC42-BF96-D8EE-10E81EAAACF6
-16.307394,58.957836,2,3FC0B5B3-AC42-BF96-D8EE-10E81EAAACF6
-58.434082,17.061712,2,3FC0B5B3-AC42-BF96-D8EE-10E81EAAACF6
-61.005,2.0049717,2,3FC0B5B3-AC42-BF96-D8EE-10E81EAAACF6
-61.015415,2.0029585,2,3FC0B5B3-AC42-BF96-D8EE-10E81EAAACF6
-60.829697,1.6654049,2,3FC0B5B3-AC42-BF96-D8EE-10E81EAAACF6
-63.816185,9.846012,2,3FC0B5B3-AC42-BF96-D8EE-10E81EAAACF6
-46.997257,25.09438,2,3FC0B5B3-AC42-BF96-D8EE-10E81EAAACF6
-60.383453,-12.981548,2,3FC0B5B3-AC42-BF96-D8EE-10E81EAAACF6
-17.748932,12.042279,2,3FC0B5B3-AC42-BF96-D8EE-10E81EAAACF6
-17.744053,12.041494,2,3FC0B5B3-AC42-BF96-D8EE-10E81EAAACF6
66.54432,18.186647,2,3FC0B5B3-AC42-BF96-D8EE-10E81EAAACF6
67.06556,14.919551,1,3FC0B5B3-AC42-BF96-D8EE-10E81EAAACF6
67.17498,14.822386,2,3FC0B5B3-AC42-BF96-D8EE-10E81EAAACF6
67.20713,14.698543,2,3FC0B5B3-AC42-BF96-D8EE-10E81EAAACF6
-60.815063,-13.165491,0,3FC0B5B3-AC42-BF96-D8EE-10E81EAAACF6
-37.950356,14.437932,0,3FC0B5B3-AC42-BF96-D8EE-10E81EAAACF6
-37.95036,14.438644,0,3FC0B5B3-AC42-BF96-D8EE-10E81EAAACF6
-37.94872,14.43819,0,3FC0B5B3-AC42-BF96-D8EE-10E81EAAACF6
12.4104805,2.4237869,0,3FC0B5B3-AC42-BF96-D8EE-10E81EAAACF6
-35.263477,13.965101,0,3FC0B5B3-AC42-BF96-D8EE-10E81EAAACF6
33.782856,-8.822865,2,4690C2DC-C0B5-6C1B-880A-D31C46C8A565
33.784195,-8.822657,2,4690C2DC-C0B5-6C1B-880A-D31C46C8A565
31.929249,26.22415,0,4690C2DC-C0B5-6C1B-880A-D31C46C8A565
-27.256357,-55.505863,0,4690C2DC-C0B5-6C1B-880A-D31C46C8A565
-26.66956,-56.389057,0,4690C2DC-C0B5-6C1B-880A-D31C46C8A565
8.179327,-59.68931,0,4690C2DC-C0B5-6C1B-880A-D31C46C8A565
-67.53508,-17.70727,2,46A9A47E-EDE3-2EF4-2F06-E95AF67D57E1
34.589363,13.62656,2,46A9A47E-EDE3-2EF4-2F06-E95AF67D57E1
-62.381275,-9.039683,2,46A9A47E-EDE3-2EF4-2F06-E95AF67D57E1
-22.283316,40.26708,2,46A9A47E-EDE3-2EF4-2F06-E95AF67D57E1
-23.982801,1.6255969,2,46A9A47E-EDE3-2EF4-2F06-E95AF67D57E1
-25.855925,0.13979018,2,46A9A47E-EDE3-2EF4-2F06-E95AF67D57E1
-29.417044,1.3677033,0,46A9A47E-EDE3-2EF4-2F06-E95AF67D57E1
-4.0462213,37.477043,2,46A9A47E-EDE3-2EF4-2F06-E95AF67D57E1
-3.7135916,35.889275,2,46A9A47E-EDE3-2EF4-2F06-E95AF67D57E1
-4.0034947,35.696293,2,46A9A47E-EDE3-2EF4-2F06-E95AF67D57E1
-3.9893038,35.712543,2,46A9A47E-EDE3-2EF4-2F06-E95AF67D57E1
-3.7928803,35.939808,0,46A9A47E-EDE3-2EF4-2F06-E95AF67D57E1
19.031544,11.417138,0,46A9A47E-EDE3-2EF4-2F06-E95AF67D57E1
-10.597468,58.386757,1,46A9A47E-EDE3-2EF4-2F06-E95AF67D57E1
33.21615,16.80511,2,46A9A47E-EDE3-2EF4-2F06-E95AF67D57E1
66.22151,18.628567,2,46A9A47E-EDE3-2EF4-2F06-E95AF67D57E1
67.6513,13.039692,2,46A9A47E-EDE3-2EF4-2F06-E95AF67D57E1
66.19757,18.315878,2,46A9A47E-EDE3-2EF4-2F06-E95AF67D57E1
10.021639,44.79196,2,46A9A47E-EDE3-2EF4-2F06-E95AF67D57E1
17.46045,24.882244,2,46A9A47E-EDE3-2EF4-2F06-E95AF67D57E1
36.59934,-34.001415,2,46A9A47E-EDE3-2EF4-2F06-E95AF67D57E1
15.1431675,4.4655356,2,46A9A47E-EDE3-2EF4-2F06-E95AF67D57E1
15.12324,4.472331,2,46A9A47E-EDE3-2EF4-2F06-E95AF67D57E1
15.140906,4.4671917,0,46A9A47E-EDE3-2EF4-2F06-E95AF67D57E1
15.085606,4.5746408,0,46A9A47E-EDE3-2EF4-2F06-E95AF67D57E1
-23.620548,42.42248,0,46A9A47E-EDE3-2EF4-2F06-E95AF67D57E1
-55.37007,12.863264,0,46A9A47E-EDE3-2EF4-2F06-E95AF67D57E1
28.3158,-26.806614,0,46A9A47E-EDE3-2EF4-2F06-E95AF67D57E1
28.3187,-26.802801,0,46A9A47E-EDE3-2EF4-2F06-E95AF67D57E1
28.31611,-26.803616,0,46A9A47E-EDE3-2EF4-2F06-E95AF67D57E1
0.9396719,-29.49267,2,46A9A47E-EDE3-2EF4-2F06-E95AF67D57E1
0.93685246,-29.489233,2,46A9A47E-EDE3-2EF4-2F06-E95AF67D57E1
-0.94440395,30.840395,2,46A9A47E-EDE3-2EF4-2F06-E95AF67D57E1
-23.430244,11.650236,2,46A9A47E-EDE3-2EF4-2F06-E95AF67D57E1
-24.783102,45.157707,2,46A9A47E-EDE3-2EF4-2F06-E95AF67D57E1
-24.275455,42.0591,2,46A9A47E-EDE3-2EF4-2F06-E95AF67D57E1
9.709218,-5.016203,2,47494449-E68E-E554-8BB1-ECEEE432E269
0.023306511,28.328417,2,47494449-E68E-E554-8BB1-ECEEE432E269
0.02269011,28.328342,0,47494449-E68E-E554-8BB1-ECEEE432E269
16.260302,22.083101,0,47494449-E68E-E554-8BB1-ECEEE432E269
8.376327,-8.408427,0,47494449-E68E-E554-8BB1-ECEEE432E269
13.900634,-13.506639,0,47494449-E68E-E554-8BB1-ECEEE432E269
16.387987,3.683725,2,47494449-E68E-E554-8BB1-ECEEE432E269
16.40155,4.157764,2,47494449-E68E-E554-8BB1-ECEEE432E269
15.857483,1.4028398,2,47494449-E68E-E554-8BB1-ECEEE432E269
0.04078083,60.714024,2,47494449-E68E-E554-8BB1-ECEEE432E269
2.7310772,62.085587,2,47494449-E68E-E554-8BB1-ECEEE432E269
-2.8781676,57.800446,2,47494449-E68E-E554-8BB1-ECEEE432E269
35.27153,-11.525014,2,47494449-E68E-E554-8BB1-ECEEE432E269
35.29599,-11.490792,2,47494449-E68E-E554-8BB1-ECEEE432E269
-0.76863146,24.378983,2,47494449-E68E-E554-8BB1-ECEEE432E269
-2.5303748,11.240422,2,47494449-E68E-E554-8BB1-ECEEE432E269
-52.833256,14.853598,2,47494449-E68E-E554-8BB1-ECEEE432E269
-60.103115,-13.365949,2,47494449-E68E-E554-8BB1-ECEEE432E269
9.421907,-5.7521167,1,48847236-6E23-6E61-57CD-780C68FAA2C2
19.567553,24.131632,2,48847236-6E23-6E61-57CD-780C68FAA2C2
29.941195,26.252645,2,48847236-6E23-6E61-57CD-780C68FAA2C2
29.863523,25.861012,2,48847236-6E23-6E61-57CD-780C68FAA2C2
29.863525,25.858175,2,48847236-6E23-6E61-57CD-780C68FAA2C2
30.022871,26.767984,2,48847236-6E23-6E61-57CD-780C68FAA2C2
-37.211205,18.201756,2,48847236-6E23-6E61-57CD-780C68FAA2C2
-65.83353,-16.008436,2,48847236-6E23-6E61-57CD-780C68FAA2C2
-35.886868,14.720258,1,48847236-6E23-6E61-57CD-780C68FAA2C2
-56.352818,3.9986095,2,48847236-6E23-6E61-57CD-780C68FAA2C2
-56.425343,3.677889,2,48847236-6E23-6E61-57CD-780C68FAA2C2
-58.973465,1.9901376,2,48847236-6E23-6E61-57CD-780C68FAA2C2
-37.861404,-0.021689516,0,48847236-6E23-6E61-57CD-780C68FAA2C2
-62.36529,12.273881,0,48847236-6E23-6E61-57CD-780C68FAA2C2
-61.64071,11.389045,0,48847236-6E23-6E61-57CD-780C68FAA2C2
-61.61139,11.371258,0,48847236-6E23-6E61-57CD-780C68FAA2C2
-38.1883,-1.0989436,0,48847236-6E23-6E61-57CD-780C68FAA2C2
-38.73206,-0.6711006,0,48847236-6E23-6E61-57CD-780C68FAA2C2
-23.498867,11.285481,0,48847236-6E23-6E61-57CD-780C68FAA2C2
-0.85264087,-28.476269,0,48847236-6E23-6E61-57CD-780C68FAA2C2
-0.8565992,-28.476135,0,48847236-6E23-6E61-57CD-780C68FAA2C2
9.547976,44.72477,1,48847236-6E23-6E61-57CD-780C68FAA2C2
-5.7485566,-5.1610055,1,48847236-6E23-6E61-57CD-780C68FAA2C2
21.4479,0.26955095,1,48847236-6E23-6E61-57CD-780C68FAA2C2
-37.333633,2.7131052,1,48847236-6E23-6E61-57CD-780C68FAA2C2
-36.884136,2.9331448,1,48847236-6E23-6E61-57CD-780C68FAA2C2
-57.079395,0.81403136,1,48847236-6E23-6E61-57CD-780C68FAA2C2
-0.19412312,-55.962215,1,48847236-6E23-6E61-57CD-780C68FAA2C2
1.3445065,-56.513615,0,48847236-6E23-6E61-57CD-780C68FAA2C2
-22.5913,11.884351,0,48847236-6E23-6E61-57CD-780C68FAA2C2
31.312904,27.99646,2,48D32E40-ABB9-E3FB-185C-8A5AA0C44CBF
31.36902,27.740736,2,48D32E40-ABB9-E3FB-185C-8A5AA0C44CBF
31.372063,27.732738,2,48D32E40-ABB9-E3FB-185C-8A5AA0C44CBF
-20.905787,12.336669,2,48D32E40-ABB9-E3FB-185C-8A5AA0C44CBF
16.548725,-10.959797,0,48D32E40-ABB9-E3FB-185C-8A5AA0C44CBF
-22.989391,42.625805,0,48D32E40-ABB9-E3FB-185C-8A5AA0C44CBF
-16.193747,-41.016808,2,48D32E40-ABB9-E3FB-185C-8A5AA0C44CBF
-63.918163,-11.532024,2,48D32E40-ABB9-E3FB-185C-8A5AA0C44CBF
-63.910275,-11.529827,2,48D32E40-ABB9-E3FB-185C-8A5AA0C44CBF
-63.94987,-11.546109,2,48D32E40-ABB9-E3FB-185C-8A5AA0C44CBF
19.521982,24.565292,2,48D32E40-ABB9-E3FB-185C-8A5AA0C44CBF
-62.29001,-10.52822,2,48D32E40-ABB9-E3FB-185C-8A5AA0C44CBF
-29.40764,1.3692963,0,4B423110-8A54-A87F-39BB-D68BF033C7FC
-7.1661677,-4.518417,0,4B423110-8A54-A87F-39BB-D68BF033C7FC
-7.148941,-4.530569,2,4B423110-8A54-A87F-39BB-D68BF033C7FC
-6.3980613,-4.224242,2,4B423110-8A54-A87F-39BB-D68BF033C7FC
-16.313211,25.711676,2,4B423110-8A54-A87F-39BB-D68BF033C7FC
-26.298494,-56.04232,2,4B423110-8A54-A87F-39BB-D68BF033C7FC
-16.656267,58.744106,0,4B423110-8A54-A87F-39BB-D68BF033C7FC
7.354909,-1.9630382,0,4B423110-8A54-A87F-39BB-D68BF033C7FC
-36.415787,0.48273328,0,4B423110-8A54-A87F-39BB-D68BF033C7FC
-36.492332,0.5444757,0,4B423110-8A54-A87F-39BB-D68BF033C7FC
-36.228157,0.5467757,2,4B423110-8A54-A87F-39BB-D68BF033C7FC
-37.46989,-0.19750996,2,4B423110-8A54-A87F-39BB-D68BF033C7FC
30.447697,27.012169,0,4B423110-8A54-A87F-39BB-D68BF033C7FC
30.424715,27.020607,0,4B423110-8A54-A87F-39BB-D68BF033C7FC
18.867802,24.55532,2,4B423110-8A54-A87F-39BB-D68BF033C7FC
17.455341,23.448187,2,4B423110-8A54-A87F-39BB-D68BF033C7FC
-3.7381344,56.25531,2,4B423110-8A54-A87F-39BB-D68BF033C7FC
-12.958665,-46.449417,2,4B423110-8A54-A87F-39BB-D68BF033C7FC
-35.649643,22.607128,1,4B423110-8A54-A87F-39BB-D68BF033C7FC
-54.67814,14.16815,0,4B423110-8A54-A87F-39BB-D68BF033C7FC
-58.850246,15.54793,0,4B423110-8A54-A87F-39BB-D68BF033C7FC
-9.554787,-54.453926,0,4BD5749B-A1D2-E6C9-156F-DF107802D3BE
-41.24635,19.991201,2,4BD5749B-A1D2-E6C9-156F-DF107802D3BE
-60.41727,14.290677,2,4BD5749B-A1D2-E6C9-156F-DF107802D3BE
-60.45139,14.274333,2,4BD5749B-A1D2-E6C9-156F-DF107802D3BE
-60.449776,14.274193,2,4BD5749B-A1D2-E6C9-156F-DF107802D3BE
-56.068756,6.1339574,2,4BD5749B-A1D2-E6C9-156F-DF107802D3BE
-7.973621,1.4271951,0,4BD5749B-A1D2-E6C9-156F-DF107802D3BE
10.453005,44.970432,0,4BD5749B-A1D2-E6C9-156F-DF107802D3BE
10.468018,45.005302,0,4BD5749B-A1D2-E6C9-156F-DF107802D3BE
3.9054718,62.42191,0,4BD5749B-A1D2-E6C9-156F-DF107802D3BE
3.8972304,62.410454,2,4BD5749B-A1D2-E6C9-156F-DF107802D3BE
13.142374,20.617512,2,4BD5749B-A1D2-E6C9-156F-DF107802D3BE
17.144354,10.014778,0,4BD5749B-A1D2-E6C9-156F-DF107802D3BE
-23.762398,43.72482,2,4BD5749B-A1D2-E6C9-156F-DF107802D3BE
-23.67494,43.780018,2,4BD5749B-A1D2-E6C9-156F-DF107802D3BE
-23.744455,43.726433,2,4BD5749B-A1D2-E6C9-156F-DF107802D3BE
2.6774497,62.044815,2,4BD5749B-A1D2-E6C9-156F-DF107802D3BE
0.2799098,60.90895,2,4BD5749B-A1D2-E6C9-156F-DF107802D3BE
11.101851,42.522438,2,4BD5749B-A1D2-E6C9-156F-DF107802D3BE
11.108633,42.52372,2,4BD5749B-A1D2-E6C9-156F-DF107802D3BE
11.077897,42.55324,2,4BD5749B-A1D2-E6C9-156F-DF107802D3BE
11.173681,42.673218,2,4BD5749B-A1D2-E6C9-156F-DF107802D3BE
16.674742,9.555829,2,4BD5749B-A1D2-E6C9-156F-DF107802D3BE
15.876196,9.7128525,2,4BD5749B-A1D2-E6C9-156F-DF107802D3BE
-2.9998457,57.711937,0,4BFAECAC-0CC2-F9AC-17BB-7343BE737D81
-43.134155,23.393032,0,4BFAECAC-0CC2-F9AC-17BB-7343BE737D81
-3.945005,-21.376955,0,4BFAECAC-0CC2-F9AC-17BB-7343BE737D81
-37.61769,-21.374565,1,4BFAECAC-0CC2-F9AC-17BB-7343BE737D81
-15.810175,-41.0754,2,4BFAECAC-0CC2-F9AC-17BB-7343BE737D81
66.02472,-5.0463095,2,4BFAECAC-0CC2-F9AC-17BB-7343BE737D81
16.413712,-11.507202,2,4BFAECAC-0CC2-F9AC-17BB-7343BE737D81
-13.001716,-40.231922,2,4BFAECAC-0CC2-F9AC-17BB-7343BE737D81
-12.994937,-40.249165,2,4BFAECAC-0CC2-F9AC-17BB-7343BE737D81
38.972397,-3.495006,2,4BFAECAC-0CC2-F9AC-17BB-7343BE737D81
14.182478,-4.2071404,2,4BFAECAC-0CC2-F9AC-17BB-7343BE737D81
-61.09467,13.6261015,0,4BFAECAC-0CC2-F9AC-17BB-7343BE737D81
15.047913,1.959005,2,4BFAECAC-0CC2-F9AC-17BB-7343BE737D81
15.104467,2.0103626,2,4BFAECAC-0CC2-F9AC-17BB-7343BE737D81
-25.086597,42.755535,2,4BFAECAC-0CC2-F9AC-17BB-7343BE737D81
3.1732786,62.983727,2,4BFAECAC-0CC2-F9AC-17BB-7343BE737D81
-23.775768,43.28842,1,4BFAECAC-0CC2-F9AC-17BB-7343BE737D81
1.260897,64.07219,2,4BFAECAC-0CC2-F9AC-17BB-7343BE737D81
-40.86239,-31.421415,0,4BFAECAC-0CC2-F9AC-17BB-7343BE737D81
32.53194,22.097408,0,4BFAECAC-0CC2-F9AC-17BB-7343BE737D81
33.071102,22.211193,2,4BFAECAC-0CC2-F9AC-17BB-7343BE737D81
-2.7805486,56.001415,2,4BFAECAC-0CC2-F9AC-17BB-7343BE737D81
34.1521,-9.869416,2,4BFAECAC-0CC2-F9AC-17BB-7343BE737D81
34.15245,-9.869392,0,4BFAECAC-0CC2-F9AC-17BB-7343BE737D81
32.42333,22.223717,1,4CAE9D77-C8A8-2EE8-53D0-7C3C6331B2C5
-5.914989,-3.8302577,1,4CAE9D77-C8A8-2EE8-53D0-7C3C6331B2C5
-5.9187164,-3.8012564,0,4CAE9D77-C8A8-2EE8-53D0-7C3C6331B2C5
39.260677,22.164663,0,4CAE9D77-C8A8-2EE8-53D0-7C3C6331B2C5
-8.645716,-54.342354,0,4CAE9D77-C8A8-2EE8-53D0-7C3C6331B2C5
-9.2066145,-54.777504,0,4CAE9D77-C8A8-2EE8-53D0-7C3C6331B2C5
-2.119749,12.477885,2,4CAE9D77-C8A8-2EE8-53D0-7C3C6331B2C5
-63.404266,9.033047,1,4CAE9D77-C8A8-2EE8-53D0-7C3C6331B2C5
-55.274178,13.096636,2,4CAE9D77-C8A8-2EE8-53D0-7C3C6331B2C5
-55.267002,13.109833,2,4CAE9D77-C8A8-2EE8-53D0-7C3C6331B2C5
31.768467,-29.198217,2,4CAE9D77-C8A8-2EE8-53D0-7C3C6331B2C5
31.607275,-29.94313,2,4CAE9D77-C8A8-2EE8-53D0-7C3C6331B2C5
-25.565672,2.9455853,2,4CAE9D77-C8A8-2EE8-53D0-7C3C6331B2C5
-17.000433,25.268856,2,4CAE9D77-C8A8-2EE8-53D0-7C3C6331B2C5
1.5726619,-48.74772,1,4CAE9D77-C8A8-2EE8-53D0-7C3C6331B2C5
10.222406,-58.235638,1,4CAE9D77-C8A8-2EE8-53D0-7C3C6331B2C5
10.411698,-57.631165,1,4CAE9D77-C8A8-2EE8-53D0-7C3C6331B2C5
0.9288601,-49.602253,1,4CAE9D77-C8A8-2EE8-53D0-7C3C6331B2C5
-21.272324,-15.246323,1,4CAE9D77-C8A8-2EE8-53D0-7C3C6331B2C5
-21.279564,-15.265983,1,4CAE9D77-C8A8-2EE8-53D0-7C3C6331B2C5
-34.864048,23.398968,1,4CAE9D77-C8A8-2EE8-53D0-7C3C6331B2C5
-34.88119,23.3973,2,4CAE9D77-C8A8-2EE8-53D0-7C3C6331B2C5
-35.473614,23.57688,2,4CAE9D77-C8A8-2EE8-53D0-7C3C6331B2C5
-35.512154,23.695364,2,4CAE9D77-C8A8-2EE8-53D0-7C3C6331B2C5
49.942295,-27.946308,2,5270C847-54C3-180E-9737-1D87A639C450
2.524129,-24.396612,2,5270C847-54C3-180E-9737-1D87A639C450
-14.6474285,-47.162323,2,5270C847-54C3-180E-9737-1D87A639C450
-18.310675,-42.8688,2,5270C847-54C3-180E-9737-1D87A639C450
-18.310123,-42.864956,2,5270C847-54C3-180E-9737-1D87A639C450
-14.651532,-47.160686,2,5270C847-54C3-180E-9737-1D87A639C450
-2.2215137,61.604782,2,5270C847-54C3-180E-9737-1D87A639C450
-51.33949,16.383434,2,5270C847-54C3-180E-9737-1D87A639C450
-60.444187,-13.057168,2,5270C847-54C3-180E-9737-1D87A639C450
-16.12615,58.850777,2,5270C847-54C3-180E-9737-1D87A639C450
-25.955032,42.240623,0,5270C847-54C3-180E-9737-1D87A639C450
-25.312212,42.208183,0,5270C847-54C3-180E-9737-1D87A639C450
10.3931675,41.620453,0,5270C847-54C3-180E-9737-1D87A639C450
10.401151,41.61548,0,5270C847-54C3-180E-9737-1D87A639C450
-5.2421403,-26.386124,0,5270C847-54C3-180E-9737-1D87A639C450
40.284843,16.529804,0,5270C847-54C3-180E-9737-1D87A639C450
-12.415899,-42.68997,0,5270C847-54C3-180E-9737-1D87A639C450
-1.6695837,-55.57443,0,5270C847-54C3-180E-9737-1D87A639C450
30.396715,-18.17158,1,5270C847-54C3-180E-9737-1D87A639C450
31.250872,-17.523838,1,5270C847-54C3-180E-9737-1D87A639C450
31.667248,-18.852966,1,5270C847-54C3-180E-9737-1D87A639C450
38.99057,-34.65159,0,5270C847-54C3-180E-9737-1D87A639C450
39.013165,-34.653286,0,5270C847-54C3-180E-9737-1D87A639C450
-1.663988,21.646389,0,5270C847-54C3-180E-9737-1D87A639C450
29.75631,22.409603,0,5270C847-54C3-180E-9737-1D87A639C450
29.753363,22.407463,0,5270C847-54C3-180E-9737-1D87A639C450
6.938557,-22.332653,0,5270C847-54C3-180E-9737-1D87A639C450
40.3146,-34.12388,0,5270C847-54C3-180E-9737-1D87A639C450
41.592075,-33.874874,0,5270C847-54C3-180E-9737-1D87A639C450
41.590603,-33.872482,0,5270C847-54C3-180E-9737-1D87A639C450
9.496558,38.73039,2,5690E95B-9747-B2B5-2EE1-16A72200D5CC
1.1868645,12.250866,2,5690E95B-9747-B2B5-2EE1-16A72200D5CC
1.1785604,12.2425585,2,5690E95B-9747-B2B5-2EE1-16A72200D5CC
-67.526306,-17.720102,2,5690E95B-9747-B2B5-2EE1-16A72200D5CC
-11.319656,-44.176216,2,5690E95B-9747-B2B5-2EE1-16A72200D5CC
-11.372941,-44.166744,2,5690E95B-9747-B2B5-2EE1-16A72200D5CC
4.580726,63.07198,2,5690E95B-9747-B2B5-2EE1-16A72200D5CC
9.472017,-56.407215,2,5690E95B-9747-B2B5-2EE1-16A72200D5CC
-28.02259,-55.878914,2,5690E95B-9747-B2B5-2EE1-16A72200D5CC
8.83215,-58.53528,2,5690E95B-9747-B2B5-2EE1-16A72200D5CC
9.822542,-58.238537,2,5690E95B-9747-B2B5-2EE1-16A72200D5CC
-42.877518,24.494398,2,5690E95B-9747-B2B5-2EE1-16A72200D5CC
40.742733,-2.1225812,2,5690E95B-9747-B2B5-2EE1-16A72200D5CC
21.26117,-0.68811494,2,5690E95B-9747-B2B5-2EE1-16A72200D5CC
-66.111046,-16.385376,2,5690E95B-9747-B2B5-2EE1-16A72200D5CC
-55.073498,13.036324,2,5690E95B-9747-B2B5-2EE1-16A72200D5CC
-22.784782,11.894155,2,5690E95B-9747-B2B5-2EE1-16A72200D5CC
-22.615223,12.045404,1,5690E95B-9747-B2B5-2EE1-16A72200D5CC
-28.795013,-56.348217,2,5690E95B-9747-B2B5-2EE1-16A72200D5CC
-28.803673,-56.27965,2,5690E95B-9747-B2B5-2EE1-16A72200D5CC
-42.824043,25.216574,1,5690E95B-9747-B2B5-2EE1-16A72200D5CC
34.891747,26.987984,1,5690E95B-9747-B2B5-2EE1-16A72200D5CC
14.192245,-4.0133753,1,5690E95B-9747-B2B5-2EE1-16A72200D5CC
-4.9927683,38.049477,1,5690E95B-9747-B2B5-2EE1-16A72200D5CC
31.849628,25.903835,0,56EF301B-39F0-ED8F-E067-59FB50186E9C
6.9928217,-2.4397402,2,56EF301B-39F0-ED8F-E067-59FB50186E9C
7.0047336,-2.4292758,2,56EF301B-39F0-ED8F-E067-59FB50186E9C
66.156624,-3.6021667,2,56EF301B-39F0-ED8F-E067-59FB50186E9C
66.74956,-3.143962,2,56EF301B-39F0-ED8F-E067-59FB50186E9C
66.750885,-3.1321208,2,56EF301B-39F0-ED8F-E067-59FB50186E9C
4.7657585,-20.292393,0,56EF301B-39F0-ED8F-E067-59FB50186E9C
4.924694,-20.080925,0,56EF301B-39F0-ED8F-E067-59FB50186E9C
30.485178,-21.417818,0,56EF301B-39F0-ED8F-E067-59FB50186E9C
30.438934,-21.280443,0,56EF301B-39F0-ED8F-E067-59FB50186E9C
22.731054,24.084906,0,56EF301B-39F0-ED8F-E067-59FB50186E9C
22.966236,24.062078,0,56EF301B-39F0-ED8F-E067-59FB50186E9C
30.084135,-25.882853,1,56EF301B-39F0-ED8F-E067-59FB50186E9C
30.11876,-26.293516,1,56EF301B-39F0-ED8F-E067-59FB50186E9C
30.123295,-26.287083,1,56EF301B-39F0-ED8F-E067-59FB50186E9C
1.5441493,-48.732136,0,58CB3C5E-2F5C-31FE-83E8-C6772D99B8D5
1.5550317,-48.73562,0,58CB3C5E-2F5C-31FE-83E8-C6772D99B8D5
-8.974329,-54.80736,0,58CB3C5E-2F5C-31FE-83E8-C6772D99B8D5
-9.014184,-54.95595,0,58CB3C5E-2F5C-31FE-83E8-C6772D99B8D5
42.4729,-33.63271,1,58CB3C5E-2F5C-31FE-83E8-C6772D99B8D5
13.145198,1.14454,0,58CB3C5E-2F5C-31FE-83E8-C6772D99B8D5
-60.85954,-13.137688,0,58CB3C5E-2F5C-31FE-83E8-C6772D99B8D5
-14.665327,-39.288006,0,58CB3C5E-2F5C-31FE-83E8-C6772D99B8D5
29.394094,-22.173655,0,58CB3C5E-2F5C-31FE-83E8-C6772D99B8D5
30.717125,27.440037,0,58CB3C5E-2F5C-31FE-83E8-C6772D99B8D5
18.663872,24.819435,2,58CB3C5E-2F5C-31FE-83E8-C6772D99B8D5
18.670567,24.813623,2,58CB3C5E-2F5C-31FE-83E8-C6772D99B8D5
41.988407,14.098123,2,58CB3C5E-2F5C-31FE-83E8-C6772D99B8D5
38.79161,23.453806,2,58CB3C5E-2F5C-31FE-83E8-C6772D99B8D5
40.770973,11.403381,2,58CB3C5E-2F5C-31FE-83E8-C6772D99B8D5
44.204823,7.8018627,2,58CB3C5E-2F5C-31FE-83E8-C6772D99B8D5
44.20892,7.8084874,0,58CB3C5E-2F5C-31FE-83E8-C6772D99B8D5
40.611736,-1.5211651,0,58CB3C5E-2F5C-31FE-83E8-C6772D99B8D5
-36.45311,0.49196613,2,58CB3C5E-2F5C-31FE-83E8-C6772D99B8D5
-36.432808,0.47185084,2,58CB3C5E-2F5C-31FE-83E8-C6772D99B8D5
34.11558,-15.553617,2,58CB3C5E-2F5C-31FE-83E8-C6772D99B8D5
-40.686195,-32.06853,2,58CB3C5E-2F5C-31FE-83E8-C6772D99B8D5
-40.66742,-32.07637,2,58CB3C5E-2F5C-31FE-83E8-C6772D99B8D5
-40.687126,-32.078083,1,58CB3C5E-2F5C-31FE-83E8-C6772D99B8D5
8.750399,-9.047536,0,5CD23052-9069-615B-22B2-CB8E9A2413C9
9.740072,-9.088141,0,5CD23052-9069-615B-22B2-CB8E9A2413C9
9.770303,-8.936766,0,5CD23052-9069-615B-22B2-CB8E9A2413C9
-36.699684,-23.821604,0,5CD23052-9069-615B-22B2-CB8E9A2413C9
-34.407997,24.005604,0,5CD23052-9069-615B-22B2-CB8E9A2413C9
-1.3900295,11.690064,0,5CD23052-9069-615B-22B2-CB8E9A2413C9
-8.614478,-1.7511318,2,5CD23052-9069-615B-22B2-CB8E9A2413C9
-3.7851155,-12.910257,0,5CD23052-9069-615B-22B2-CB8E9A2413C9
-3.775836,-12.92744,0,5CD23052-9069-615B-22B2-CB8E9A2413C9
-8.766042,-0.5033222,0,5CD23052-9069-615B-22B2-CB8E9A2413C9
30.507023,25.892954,0,5CD23052-9069-615B-22B2-CB8E9A2413C9
18.939333,11.3092985,0,5CD23052-9069-615B-22B2-CB8E9A2413C9
-28.78161,-56.401188,0,5CD23052-9069-615B-22B2-CB8E9A2413C9
1.3405105,30.521872,0,5CD23052-9069-615B-22B2-CB8E9A2413C9
1.7179381,30.234604,1,5CD23052-9069-615B-22B2-CB8E9A2413C9
1.7199266,30.23753,1,5CD23052-9069-615B-22B2-CB8E9A2413C9
41.683163,14.047695,1,5CD23052-9069-615B-22B2-CB8E9A2413C9
39.277996,20.057526,1,5CD23052-9069-615B-22B2-CB8E9A2413C9
-37.24208,-23.87795,2,5CD23052-9069-615B-22B2-CB8E9A2413C9
-37.210835,-23.885136,2,5CD23052-9069-615B-22B2-CB8E9A2413C9
-37.286255,-23.920986,2,5CD23052-9069-615B-22B2-CB8E9A2413C9
34.258327,-10.812864,2,5CD23052-9069-615B-22B2-CB8E9A2413C9
38.235077,9.048472,2,5CD23052-9069-615B-22B2-CB8E9A2413C9
34.26373,-12.434046,2,5CD23052-9069-615B-22B2-CB8E9A2413C9
-64.97182,-14.338159,2,5CD23052-9069-615B-22B2-CB8E9A2413C9
13.563307,-14.081223,2,5CD23052-9069-615B-22B2-CB8E9A2413C9
13.575898,-14.0579815,2,5CD23052-9069-615B-22B2-CB8E9A2413C9
16.21804,-11.451073,2,5CD23052-9069-615B-22B2-CB8E9A2413C9
1.3972442,12.975658,2,5CD23052-9069-615B-22B2-CB8E9A2413C9
1.4770963,13.114479,2,5CD23052-9069-615B-22B2-CB8E9A2413C9
-2.0268178,11.590966,2,5E491E0A-C580-29BE-4329-ED7BFF843D0D
-2.0226822,11.598712,0,5E491E0A-C580-29BE-4329-ED7BFF843D0D
-2.039953,11.557008,2,5E491E0A-C580-29BE-4329-ED7BFF843D0D
29.816948,29.222782,2,5E491E0A-C580-29BE-4329-ED7BFF843D0D
37.155582,6.812111,2,5E491E0A-C580-29BE-4329-ED7BFF843D0D
-25.603096,-2.3584166,2,5E491E0A-C580-29BE-4329-ED7BFF843D0D
49.6101,-28.285198,0,5E491E0A-C580-29BE-4329-ED7BFF843D0D
-59.459747,13.57511,2,5E491E0A-C580-29BE-4329-ED7BFF843D0D
-54.76012,13.513299,2,5E491E0A-C580-29BE-4329-ED7BFF843D0D
-39.929756,19.563734,2,5E491E0A-C580-29BE-4329-ED7BFF843D0D
11.161064,42.90456,2,5E491E0A-C580-29BE-4329-ED7BFF843D0D
48.888737,-28.17562,2,5E491E0A-C580-29BE-4329-ED7BFF843D0D
2.97561,-26.922686,2,5E491E0A-C580-29BE-4329-ED7BFF843D0D
32.706127,-14.820183,2,5E491E0A-C580-29BE-4329-ED7BFF843D0D
-7.6272216,1.6676105,2,5E491E0A-C580-29BE-4329-ED7BFF843D0D
-7.6076965,1.665199,2,5E491E0A-C580-29BE-4329-ED7BFF843D0D
-0.9658809,13.019029,2,5E491E0A-C580-29BE-4329-ED7BFF843D0D
-0.96661985,13.018965,2,5E491E0A-C580-29BE-4329-ED7BFF843D0D
-63.82578,9.62836,2,5E491E0A-C580-29BE-4329-ED7BFF843D0D
-47.85444,24.963556,2,5E491E0A-C580-29BE-4329-ED7BFF843D0D
-47.830826,24.993887,2,5E491E0A-C580-29BE-4329-ED7BFF843D0D
-23.900711,-16.005482,2,5E491E0A-C580-29BE-4329-ED7BFF843D0D
-23.709105,-15.611345,2,5E491E0A-C580-29BE-4329-ED7BFF843D0D
-22.669914,-14.895796,2,5E491E0A-C580-29BE-4329-ED7BFF843D0D
34.98791,27.76833,2,5F222604-CB86-1ABA-EB7B-31FF78B7BE93
-23.914324,40.01261,2,5F222604-CB86-1ABA-EB7B-31FF78B7BE93
-46.630405,24.81806,2,5F222604-CB86-1ABA-EB7B-31FF78B7BE93
20.671158,-3.3594697,2,5F222604-CB86-1ABA-EB7B-31FF78B7BE93
15.640792,-11.709725,2,5F222604-CB86-1ABA-EB7B-31FF78B7BE93
-43.75363,24.01149,2,5F222604-CB86-1ABA-EB7B-31FF78B7BE93
30.863338,33.032364,2,5F222604-CB86-1ABA-EB7B-31FF78B7BE93
39.2963,-5.749794,0,5F222604-CB86-1ABA-EB7B-31FF78B7BE93
-36.707703,2.9466136,0,5F222604-CB86-1ABA-EB7B-31FF78B7BE93
-36.93307,2.585173,0,5F222604-CB86-1ABA-EB7B-31FF78B7BE93
-36.974884,17.21129,0,5F222604-CB86-1ABA-EB7B-31FF78B7BE93
-38.297554,18.000204,0,5F222604-CB86-1ABA-EB7B-31FF78B7BE93
17.472488,8.331389,2,5F222604-CB86-1ABA-EB7B-31FF78B7BE93
-33.49319,-19.17705,2,5F222604-CB86-1ABA-EB7B-31FF78B7BE93
68.28055,11.169842,2,5F222604-CB86-1ABA-EB7B-31FF78B7BE93
67.831245,10.702003,2,5F222604-CB86-1ABA-EB7B-31FF78B7BE93
68.25925,11.176955,2,5F222604-CB86-1ABA-EB7B-31FF78B7BE93
68.25562,11.177737,2,5F222604-CB86-1ABA-EB7B-31FF78B7BE93
67.9887,11.133535,2,5F222604-CB86-1ABA-EB7B-31FF78B7BE93
-36.74593,0.8569788,2,5F222604-CB86-1ABA-EB7B-31FF78B7BE93
10.818065,-0.43320876,2,5F222604-CB86-1ABA-EB7B-31FF78B7BE93
34.1573,-12.436432,2,5F222604-CB86-1ABA-EB7B-31FF78B7BE93
-4.5396533,9.548664,2,5F222604-CB86-1ABA-EB7B-31FF78B7BE93
-4.471376,9.611779,2,5F222604-CB86-1ABA-EB7B-31FF78B7BE93
42.549847,-32.519684,0,62A1F053-1EA8-7433-090E-89D450314F41
-16.125029,-40.393555,0,62A1F053-1EA8-7433-090E-89D450314F41
-16.105371,-40.364113,0,62A1F053-1EA8-7433-090E-89D450314F41
-13.038992,-46.995922,0,62A1F053-1EA8-7433-090E-89D450314F41
-15.896375,58.463997,0,62A1F053-1EA8-7433-090E-89D450314F41
2.2748833,-25.062462,2,62A1F053-1EA8-7433-090E-89D450314F41
3.0769496,30.491089,2,62A1F053-1EA8-7433-090E-89D450314F41
2.6967018,30.741438,2,62A1F053-1EA8-7433-090E-89D450314F41
0.7535758,32.081425,2,62A1F053-1EA8-7433-090E-89D450314F41
2.731484,62.184776,2,62A1F053-1EA8-7433-090E-89D450314F41
2.8198993,62.186363,2,62A1F053-1EA8-7433-090E-89D450314F41
32.780727,-13.760113,2,62A1F053-1EA8-7433-090E-89D450314F41
33.7146,20.20428,2,62A1F053-1EA8-7433-090E-89D450314F41
13.275932,21.092628,2,62A1F053-1EA8-7433-090E-89D450314F41
41.979603,14.251689,2,62A1F053-1EA8-7433-090E-89D450314F41
28.934586,-21.16737,2,62A1F053-1EA8-7433-090E-89D450314F41
-54.477264,13.905034,2,62A1F053-1EA8-7433-090E-89D450314F41
-47.92203,24.103842,2,62A1F053-1EA8-7433-090E-89D450314F41
7.8971615,-20.878326,0,62A1F053-1EA8-7433-090E-89D450314F41
37.4569,-6.1351566,0,62A1F053-1EA8-7433-090E-89D450314F41
39.006977,-3.4812121,0,62A1F053-1EA8-7433-090E-89D450314F41
68.49599,5.9562387,1,62A1F053-1EA8-7433-090E-89D450314F41
67.5709,-1.8141451,0,62A1F053-1EA8-7433-090E-89D450314F41
67.57469,-1.785603,0,62A1F053-1EA8-7433-090E-89D450314F41
67.6057,-1.8152246,0,62A1F053-1EA8-7433-090E-89D450314F41
67.602234,-1.8010318,0,62A1F053-1EA8-7433-090E-89D450314F41
35.118187,20.408272,0,62A1F053-1EA8-7433-090E-89D450314F41
-25.355043,-1.8628588,0,62A1F053-1EA8-7433-090E-89D450314F41
-3.0681612,20.205555,0,62A1F053-1EA8-7433-090E-89D450314F41
-2.9573412,20.287046,2,62A1F053-1EA8-7433-090E-89D450314F41
1.8882263,31.953981,1,647C581E-E72F-0765-F94A-065909B99374
2.6855125,30.860186,1,647C581E-E72F-0765-F94A-065909B99374
16.383295,23.110128,1,647C581E-E72F-0765-F94A-065909B99374
-5.505329,-4.569887,2,647C581E-E72F-0765-F94A-065909B99374
-5.5285845,-4.474205,2,647C581E-E72F-0765-F94A-065909B99374
-5.5505233,-4.2772818,2,647C581E-E72F-0765-F94A-065909B99374
-49.984886,17.050093,2,647C581E-E72F-0765-F94A-065909B99374
37.297314,8.237766,2,647C581E-E72F-0765-F94A-065909B99374
33.21226,16.807068,2,647C581E-E72F-0765-F94A-065909B99374
33.120754,16.916952,2,647C581E-E72F-0765-F94A-065909B99374
29.939749,22.406677,2,647C581E-E72F-0765-F94A-065909B99374
7.1999283,-58.38929,2,647C581E-E72F-0765-F94A-065909B99374
7.39289,-58.153687,2,647C581E-E72F-0765-F94A-065909B99374
-57.114033,0.7163608,1,647C581E-E72F-0765-F94A-065909B99374
-59.621723,14.522657,1,647C581E-E72F-0765-F94A-065909B99374
-59.579952,14.591531,1,647C581E-E72F-0765-F94A-065909B99374
-23.386822,43.26212,1,647C581E-E72F-0765-F94A-065909B99374
36.959507,5.6101027,1,647C581E-E72F-0765-F94A-065909B99374
36.959915,5.611541,1,647C581E-E72F-0765-F94A-065909B99374
-23.67516,-16.16014,1,647C581E-E72F-0765-F94A-065909B99374
-23.622858,-15.82694,2,647C581E-E72F-0765-F94A-065909B99374
-23.938387,-16.075138,2,647C581E-E72F-0765-F94A-065909B99374
-34.95626,-11.716706,2,647C581E-E72F-0765-F94A-065909B99374
-34.95165,-11.715834,2,647C581E-E72F-0765-F94A-065909B99374
-25.942661,42.58071,2,66E9719B-D383-AA87-7FAB-D9B4ABE7011C
-9.257142,-54.466076,2,66E9719B-D383-AA87-7FAB-D9B4ABE7011C
-9.262545,-54.512703,0,66E9719B-D383-AA87-7FAB-D9B4ABE7011C
-9.258134,-54.517616,0,66E9719B-D383-AA87-7FAB-D9B4ABE7011C
7.203601,-58.21124,0,66E9719B-D383-AA87-7FAB-D9B4ABE7011C
14.900992,1.8650266,0,66E9719B-D383-AA87-7FAB-D9B4ABE7011C
-64.97779,-14.156088,0,66E9719B-D383-AA87-7FAB-D9B4ABE7011C
-40.999416,19.883362,0,66E9719B-D383-AA87-7FAB-D9B4ABE7011C
38.2419,-7.1315603,2,66E9719B-D383-AA87-7FAB-D9B4ABE7011C
38.115536,-6.099126,2,66E9719B-D383-AA87-7FAB-D9B4ABE7011C
27.25142,30.195015,2,66E9719B-D383-AA87-7FAB-D9B4ABE7011C
27.261429,30.19071,2,66E9719B-D383-AA87-7FAB-D9B4ABE7011C
-25.928534,-1.6054921,2,66E9719B-D383-AA87-7FAB-D9B4ABE7011C
-26.113043,-0.80251205,2,66E9719B-D383-AA87-7FAB-D9B4ABE7011C
-26.001991,-0.5949518,2,66E9719B-D383-AA87-7FAB-D9B4ABE7011C
-4.755993,-4.9694147,2,66E9719B-D383-AA87-7FAB-D9B4ABE7011C
-21.077015,42.709274,2,66E9719B-D383-AA87-7FAB-D9B4ABE7011C
-21.076042,42.70739,2,66E9719B-D383-AA87-7FAB-D9B4ABE7011C
-26.320814,-58.053288,0,66E9719B-D383-AA87-7FAB-D9B4ABE7011C
-23.311605,40.776653,0,66E9719B-D383-AA87-7FAB-D9B4ABE7011C
-67.32324,-18.003593,2,66E9719B-D383-AA87-7FAB-D9B4ABE7011C
-59.47067,1.4109817,2,66E9719B-D383-AA87-7FAB-D9B4ABE7011C
-7.24561,-0.58515906,0,66E9719B-D383-AA87-7FAB-D9B4ABE7011C
-7.2280383,-0.57364357,0,66E9719B-D383-AA87-7FAB-D9B4ABE7011C
37.111343,-34.026566,2,68339CF4-6AFB-7EFB-40EA-238612F8E5A4
14.467329,-5.675981,2,68339CF4-6AFB-7EFB-40EA-238612F8E5A4
8.771511,-8.973342,2,68339CF4-6AFB-7EFB-40EA-238612F8E5A4
6.7967973,-24.877611,2,68339CF4-6AFB-7EFB-40EA-238612F8E5A4
7.744504,-22.068941,2,68339CF4-6AFB-7EFB-40EA-238612F8E5A4
-24.565296,42.606,2,68339CF4-6AFB-7EFB-40EA-238612F8E5A4
-26.40803,4.420879,2,68339CF4-6AFB-7EFB-40EA-238612F8E5A4
-34.831165,-11.585174,2,68339CF4-6AFB-7EFB-40EA-238612F8E5A4
-35.43188,-10.346822,2,68339CF4-6AFB-7EFB-40EA-238612F8E5A4
-33.710682,-20.797104,2,68339CF4-6AFB-7EFB-40EA-238612F8E5A4
-33.564407,-19.229849,2,68339CF4-6AFB-7EFB-40EA-238612F8E5A4
-54.68018,14.268815,2,68339CF4-6AFB-7EFB-40EA-238612F8E5A4
-64.962746,-12.81044,2,68339CF4-6AFB-7EFB-40EA-238612F8E5A4
28.427378,33.05846,2,68339CF4-6AFB-7EFB-40EA-238612F8E5A4
28.419626,33.062603,2,68339CF4-6AFB-7EFB-40EA-238612F8E5A4
20.442719,-3.7880602,2,68339CF4-6AFB-7EFB-40EA-238612F8E5A4
20.443819,-3.7873719,2,68339CF4-6AFB-7EFB-40EA-238612F8E5A4
-15.538345,24.374432,2,68339CF4-6AFB-7EFB-40EA-238612F8E5A4
-6.429915,-25.391783,1,68339CF4-6AFB-7EFB-40EA-238612F8E5A4
10.187271,41.67821,1,68339CF4-6AFB-7EFB-40EA-238612F8E5A4
9.615463,39.09757,1,68339CF4-6AFB-7EFB-40EA-238612F8E5A4
1.4784722,12.705148,1,68339CF4-6AFB-7EFB-40EA-238612F8E5A4
-56.15724,5.9022336,1,68339CF4-6AFB-7EFB-40EA-238612F8E5A4
-53.844894,14.1923895,1,68339CF4-6AFB-7EFB-40EA-238612F8E5A4
-40.641457,-30.793867,2,6B1E25A6-882B-DDD7-CE4F-4EC17A0906CF
-35.19493,24.217188,0,6B1E25A6-882B-DDD7-CE4F-4EC17A0906CF
-35.199383,24.234848,0,6B1E25A6-882B-DDD7-CE4F-4EC17A0906CF
-7.870496,-54.94453,0,6B1E25A6-882B-DDD7-CE4F-4EC17A0906CF
-7.6521826,-54.591908,0,6B1E25A6-882B-DDD7-CE4F-4EC17A0906CF
-20.320677,-21.139061,1,6B1E25A6-882B-DDD7-CE4F-4EC17A0906CF
-0.22167327,-28.654284,2,6B1E25A6-882B-DDD7-CE4F-4EC17A0906CF
-0.12768774,-28.68393,0,6B1E25A6-882B-DDD7-CE4F-4EC17A0906CF
-17.99417,16.056185,0,6B1E25A6-882B-DDD7-CE4F-4EC17A0906CF
-21.054003,12.339734,2,6B1E25A6-882B-DDD7-CE4F-4EC17A0906CF
-4.7966876,37.841164,2,6B1E25A6-882B-DDD7-CE4F-4EC17A0906CF
-5.062456,36.42371,2,6B1E25A6-882B-DDD7-CE4F-4EC17A0906CF
-4.3911552,9.6706,2,6B1E25A6-882B-DDD7-CE4F-4EC17A0906CF
2.162092,-20.135227,0,6B1E25A6-882B-DDD7-CE4F-4EC17A0906CF
-3.9786184,-21.357082,0,6B1E25A6-882B-DDD7-CE4F-4EC17A0906CF
3.981951,-20.929714,0,6B1E25A6-882B-DDD7-CE4F-4EC17A0906CF
43.417397,6.6940174,0,6B1E25A6-882B-DDD7-CE4F-4EC17A0906CF
-12.27887,-42.866013,0,6B1E25A6-882B-DDD7-CE4F-4EC17A0906CF
-17.336205,25.023132,0,6B1E25A6-882B-DDD7-CE4F-4EC17A0906CF
-26.757227,3.1488576,0,6B1E25A6-882B-DDD7-CE4F-4EC17A0906CF
-26.838886,3.0032902,0,6B1E25A6-882B-DDD7-CE4F-4EC17A0906CF
-22.80427,-17.70198,0,6B1E25A6-882B-DDD7-CE4F-4EC17A0906CF
-59.481785,13.532485,0,6B1E25A6-882B-DDD7-CE4F-4EC17A0906CF
-60.38702,13.03303,0,6B1E25A6-882B-DDD7-CE4F-4EC17A0906CF
63.648888,-8.934008,2,6B690AF9-8440-1C43-B353-FA85266AA12C
63.671574,-8.900805,2,6B690AF9-8440-1C43-B353-FA85266AA12C
63.67386,-8.944472,2,6B690AF9-8440-1C43-B353-FA85266AA12C
-16.664194,11.956778,2,6B690AF9-8440-1C43-B353-FA85266AA12C
-12.2975855,-42.902695,2,6B690AF9-8440-1C43-B353-FA85266AA12C
-12.413512,-42.72293,2,6B690AF9-8440-1C43-B353-FA85266AA12C
10.801908,-6.5986133,2,6B690AF9-8440-1C43-B353-FA85266AA12C
-38.23659,14.477881,2,6B690AF9-8440-1C43-B353-FA85266AA12C
-58.7826,-0.8941822,2,6B690AF9-8440-1C43-B353-FA85266AA12C
-58.782513,-0.89437616,1,6B690AF9-8440-1C43-B353-FA85266AA12C
-50.762665,16.709915,1,6B690AF9-8440-1C43-B353-FA85266AA12C
-36.88876,-11.986225,2,6B690AF9-8440-1C43-B353-FA85266AA12C
14.843393,7.18399,0,6B690AF9-8440-1C43-B353-FA85266AA12C
-68.23192,-19.277897,0,6B690AF9-8440-1C43-B353-FA85266AA12C
-67.94433,-18.772459,0,6B690AF9-8440-1C43-B353-FA85266AA12C
3.2021668,-25.143696,0,6B690AF9-8440-1C43-B353-FA85266AA12C
7.4108267,-22.706491,1,6B690AF9-8440-1C43-B353-FA85266AA12C
6.5839243,-24.563742,1,6B690AF9-8440-1C43-B353-FA85266AA12C
-27.855165,0.45257342,2,6C9454F6-2AA4-4C25-0387-C6CA7AFC4C13
-23.898104,-15.724589,2,6C9454F6-2AA4-4C25-0387-C6CA7AFC4C13
3.092576,62.58269,2,6C9454F6-2AA4-4C25-0387-C6CA7AFC4C13
10.613716,45.006897,2,6C9454F6-2AA4-4C25-0387-C6CA7AFC4C13
5.3960166,-25.723242,2,6C9454F6-2AA4-4C25-0387-C6CA7AFC4C13
8.679316,-8.923155,2,6C9454F6-2AA4-4C25-0387-C6CA7AFC4C13
-35.909008,23.724642,2,6C9454F6-2AA4-4C25-0387-C6CA7AFC4C13
-23.686108,-15.620541,2,6C9454F6-2AA4-4C25-0387-C6CA7AFC4C13
-4.84697,-24.271412,2,6C9454F6-2AA4-4C25-0387-C6CA7AFC4C13
1.4002836,-56.540638,0,6C9454F6-2AA4-4C25-0387-C6CA7AFC4C13
9.653433,-58.14357,0,6C9454F6-2AA4-4C25-0387-C6CA7AFC4C13
9.717909,-58.07869,0,6C9454F6-2AA4-4C25-0387-C6CA7AFC4C13
-23.811619,41.340572,1,6C9454F6-2AA4-4C25-0387-C6CA7AFC4C13
-16.857288,57.67129,1,6C9454F6-2AA4-4C25-0387-C6CA7AFC4C13
-8.925121,-55.122826,2,6C9454F6-2AA4-4C25-0387-C6CA7AFC4C13
-16.870415,57.677338,2,6C9454F6-2AA4-4C25-0387-C6CA7AFC4C13
-16.907389,57.81913,2,6C9454F6-2AA4-4C25-0387-C6CA7AFC4C13
-16.500023,58.75478,2,6C9454F6-2AA4-4C25-0387-C6CA7AFC4C13
-3.9491255,-22.660511,0,6C9454F6-2AA4-4C25-0387-C6CA7AFC4C13
4.3693633,-55.268234,0,6C9454F6-2AA4-4C25-0387-C6CA7AFC4C13
4.365749,-55.27066,0,6C9454F6-2AA4-4C25-0387-C6CA7AFC4C13
-18.757765,-42.236496,0,6C9454F6-2AA4-4C25-0387-C6CA7AFC4C13
4.4381657,-55.087738,0,6C9454F6-2AA4-4C25-0387-C6CA7AFC4C13
-23.509613,11.221603,0,6C9454F6-2AA4-4C25-0387-C6CA7AFC4C13
31.16579,-17.689001,1,70432028-81AF-D67A-251E-D2F807AB93CF
68.00214,10.075745,1,70432028-81AF-D67A-251E-D2F807AB93CF
65.25133,-6.608415,1,70432028-81AF-D67A-251E-D2F807AB93CF
65.25632,-6.5978127,1,70432028-81AF-D67A-251E-D2F807AB93CF
65.25509,-6.600396,1,70432028-81AF-D67A-251E-D2F807AB93CF
65.255554,-6.5994554,1,70432028-81AF-D67A-251E-D2F807AB93CF
-34.84789,-10.768697,2,70432028-81AF-D67A-251E-D2F807AB93CF
-23.41486,11.6088085,0,70432028-81AF-D67A-251E-D2F807AB93CF
1.2383578,12.278147,0,70432028-81AF-D67A-251E-D2F807AB93CF
-16.567123,57.5573,0,70432028-81AF-D67A-251E-D2F807AB93CF
-26.726112,-55.962704,0,70432028-81AF-D67A-251E-D2F807AB93CF
-0.9986081,11.670976,2,70432028-81AF-D67A-251E-D2F807AB93CF
-15.625097,24.198387,0,70432028-81AF-D67A-251E-D2F807AB93CF
-15.469649,23.945217,0,70432028-81AF-D67A-251E-D2F807AB93CF
-8.55742,59.372787,0,70432028-81AF-D67A-251E-D2F807AB93CF
-1.3321097,30.914934,2,70432028-81AF-D67A-251E-D2F807AB93CF
9.963402,-7.29549,2,70432028-81AF-D67A-251E-D2F807AB93CF
5.419952,-25.711014,2,70432028-81AF-D67A-251E-D2F807AB93CF
0.0018369145,-28.777458,2,70432028-81AF-D67A-251E-D2F807AB93CF
-23.553883,43.662388,2,70432028-81AF-D67A-251E-D2F807AB93CF
-21.701414,11.680503,2,70432028-81AF-D67A-251E-D2F807AB93CF
-18.534569,-42.299686,2,70432028-81AF-D67A-251E-D2F807AB93CF
-0.2937174,-50.394985,2,70432028-81AF-D67A-251E-D2F807AB93CF
7.060581,-57.512417,2,70432028-81AF-D67A-251E-D2F807AB93CF
-19.97652,-16.222395,0,718078D1-70DB-2916-366D-1119A22DCD7F
-26.15015,-56.565258,0,718078D1-70DB-2916-366D-1119A22DCD7F
10.777958,-58.778217,0,718078D1-70DB-2916-366D-1119A22DCD7F
-26.156103,-56.5602,0,718078D1-70DB-2916-366D-1119A22DCD7F
-60.0015,-13.22654,0,718078D1-70DB-2916-366D-1119A22DCD7F
64.83544,-9.204942,0,718078D1-70DB-2916-366D-1119A22DCD7F
40.808018,-33.203304,0,718078D1-70DB-2916-366D-1119A22DCD7F
40.797775,-33.209732,0,718078D1-70DB-2916-366D-1119A22DCD7F
40.80547,-33.204937,0,718078D1-70DB-2916-366D-1119A22DCD7F
40.79016,-33.212177,0,718078D1-70DB-2916-366D-1119A22DCD7F
-5.8712087,-5.2244477,1,718078D1-70DB-2916-366D-1119A22DCD7F
-5.8614855,-5.2431617,1,718078D1-70DB-2916-366D-1119A22DCD7F
6.618011,-24.65344,2,718078D1-70DB-2916-366D-1119A22DCD7F
7.826814,-21.116665,2,718078D1-70DB-2916-366D-1119A22DCD7F
31.925676,-29.201487,2,718078D1-70DB-2916-366D-1119A22DCD7F
49.54065,-29.389013,2,718078D1-70DB-2916-366D-1119A22DCD7F
50.3618,-28.526077,2,718078D1-70DB-2916-366D-1119A22DCD7F
40.769257,-1.9645214,2,718078D1-70DB-2916-366D-1119A22DCD7F
-4.7135353,-11.365806,1,718078D1-70DB-2916-366D-1119A22DCD7F
-4.7184496,-11.362208,1,718078D1-70DB-2916-366D-1119A22DCD7F
13.157834,-13.630564,1,718078D1-70DB-2916-366D-1119A22DCD7F
-6.6362023,-7.8579235,1,718078D1-70DB-2916-366D-1119A22DCD7F
67.58618,13.302701,0,718078D1-70DB-2916-366D-1119A22DCD7F
68.01798,10.428287,0,718078D1-70DB-2916-366D-1119A22DCD7F
-0.8442838,24.295427,2,72B642AD-2D4A-574F-05EC-EC93C0C52335
-37.33047,-21.13932,2,72B642AD-2D4A-574F-05EC-EC93C0C52335
-35.02207,-11.8448105,2,72B642AD-2D4A-574F-05EC-EC93C0C52335
-56.27496,5.4917064,2,72B642AD-2D4A-574F-05EC-EC93C0C52335
-6.950932,-24.84663,2,72B642AD-2D4A-574F-05EC-EC93C0C52335
-1.3107501,11.801795,2,72B642AD-2D4A-574F-05EC-EC93C0C52335
-17.613007,-41.416862,2,72B642AD-2D4A-574F-05EC-EC93C0C52335
1.5545237,-56.52942,2,72B642AD-2D4A-574F-05EC-EC93C0C52335
-8.883039,59.50158,2,72B642AD-2D4A-574F-05EC-EC93C0C52335
-60.983517,13.635114,2,72B642AD-2D4A-574F-05EC-EC93C0C52335
9.959638,-7.273931,2,72B642AD-2D4A-574F-05EC-EC93C0C52335
14.322171,-5.059628,2,72B642AD-2D4A-574F-05EC-EC93C0C52335
2.65339,62.751957,2,72B642AD-2D4A-574F-05EC-EC93C0C52335
2.6775672,62.701744,2,72B642AD-2D4A-574F-05EC-EC93C0C52335
2.6026876,62.762337,2,72B642AD-2D4A-574F-05EC-EC93C0C52335
-24.787262,43.477955,2,72B642AD-2D4A-574F-05EC-EC93C0C52335
-22.785316,-20.987389,2,72B642AD-2D4A-574F-05EC-EC93C0C52335
67.005295,-1.4282383,1,72B642AD-2D4A-574F-05EC-EC93C0C52335
14.149218,-2.9272122,1,72B642AD-2D4A-574F-05EC-EC93C0C52335
13.816803,0.06523365,1,72B642AD-2D4A-574F-05EC-EC93C0C52335
15.845942,9.759095,1,72B642AD-2D4A-574F-05EC-EC93C0C52335
16.831982,9.876339,1,72B642AD-2D4A-574F-05EC-EC93C0C52335
14.2959175,-3.692997,1,72B642AD-2D4A-574F-05EC-EC93C0C52335
-27.349424,-57.543224,1,72B642AD-2D4A-574F-05EC-EC93C0C52335
-27.376873,-57.548176,1,72B642AD-2D4A-574F-05EC-EC93C0C52335
-26.808943,-57.063816,1,72B642AD-2D4A-574F-05EC-EC93C0C52335
4.6606007,61.962875,2,72B642AD-2D4A-574F-05EC-EC93C0C52335
9.999913,42.795982,2,72B642AD-2D4A-574F-05EC-EC93C0C52335
-6.9390726,-5.194867,2,72B642AD-2D4A-574F-05EC-EC93C0C52335
1.1822354,-27.41473,2,72B642AD-2D4A-574F-05EC-EC93C0C52335
-58.673306,17.24621,2,7417E7AB-C723-0958-F8EE-DDA4DED65165
-63.67903,9.495732,2,7417E7AB-C723-0958-F8EE-DDA4DED65165
-38.05103,-22.034357,2,7417E7AB-C723-0958-F8EE-DDA4DED65165
1.0827595,-49.8448,2,7417E7AB-C723-0958-F8EE-DDA4DED65165
1.0905964,-49.825108,2,7417E7AB-C723-0958-F8EE-DDA4DED65165
9.501759,38.748466,2,7417E7AB-C723-0958-F8EE-DDA4DED65165
-25.361734,-1.8912573,2,7417E7AB-C723-0958-F8EE-DDA4DED65165
-8.156025,-54.947918,2,7417E7AB-C723-0958-F8EE-DDA4DED65165
-8.13086,-54.94651,2,7417E7AB-C723-0958-F8EE-DDA4DED65165
-3.8564358,-22.580742,0,7417E7AB-C723-0958-F8EE-DDA4DED65165
-3.8509119,-22.59015,0,7417E7AB-C723-0958-F8EE-DDA4DED65165
-2.1457314,28.741032,0,7417E7AB-C723-0958-F8EE-DDA4DED65165
40.644047,11.194819,0,761D024F-3C62-5326-601A-88D436C7726A
40.64202,11.189807,1,761D024F-3C62-5326-601A-88D436C7726A
40.35816,-1.5726886,0,761D024F-3C62-5326-601A-88D436C7726A
43.917538,7.43728,0,761D024F-3C62-5326-601A-88D436C7726A
40.357105,-1.5781174,0,761D024F-3C62-5326-601A-88D436C7726A
37.27958,-9.952528,0,761D024F-3C62-5326-601A-88D436C7726A
-63.900967,10.173541,0,761D024F-3C62-5326-601A-88D436C7726A
-63.773003,10.250685,0,761D024F-3C62-5326-601A-88D436C7726A
-62.436237,11.179459,1,761D024F-3C62-5326-601A-88D436C7726A
14.13272,-3.9601562,1,761D024F-3C62-5326-601A-88D436C7726A
14.462536,1.5534673,1,761D024F-3C62-5326-601A-88D436C7726A
14.463478,1.544791,1,761D024F-3C62-5326-601A-88D436C7726A
35.035336,-11.754773,0,761D024F-3C62-5326-601A-88D436C7726A
35.034325,-11.761294,0,761D024F-3C62-5326-601A-88D436C7726A
39.27613,19.886534,0,761D024F-3C62-5326-601A-88D436C7726A
-34.42179,23.868204,0,761D024F-3C62-5326-601A-88D436C7726A
68.39698,4.021582,0,761D024F-3C62-5326-601A-88D436C7726A
68.39911,4.107505,0,761D024F-3C62-5326-601A-88D436C7726A
-8.687957,-1.7425348,1,761D024F-3C62-5326-601A-88D436C7726A
-8.678834,-1.7865295,1,761D024F-3C62-5326-601A-88D436C7726A
-6.670163,-25.383112,1,761D024F-3C62-5326-601A-88D436C7726A
-7.260383,-25.284119,1,761D024F-3C62-5326-601A-88D436C7726A
-9.315447,-54.430794,1,761D024F-3C62-5326-601A-88D436C7726A
1.2507398,64.06598,1,761D024F-3C62-5326-601A-88D436C7726A
-3.532422,-23.231346,2,761D024F-3C62-5326-601A-88D436C7726A
3.7010226,63.34514,2,761D024F-3C62-5326-601A-88D436C7726A
4.5630155,63.345116,2,761D024F-3C62-5326-601A-88D436C7726A
36.204002,10.169681,2,761D024F-3C62-5326-601A-88D436C7726A
36.972168,6.051318,2,761D024F-3C62-5326-601A-88D436C7726A
19.57759,24.146591,2,761D024F-3C62-5326-601A-88D436C7726A
-62.67887,-13.769483,2,772BA0E9-AC30-CEA6-AA1B-18A0300702AA
-62.859665,-14.097801,2,772BA0E9-AC30-CEA6-AA1B-18A0300702AA
13.83845,-14.509297,2,772BA0E9-AC30-CEA6-AA1B-18A0300702AA
40.30367,10.975152,2,772BA0E9-AC30-CEA6-AA1B-18A0300702AA
40.555992,11.216798,2,772BA0E9-AC30-CEA6-AA1B-18A0300702AA
40.585457,11.290629,2,772BA0E9-AC30-CEA6-AA1B-18A0300702AA
37.80313,-33.716713,2,772BA0E9-AC30-CEA6-AA1B-18A0300702AA
29.858498,-29.9628,2,772BA0E9-AC30-CEA6-AA1B-18A0300702AA
30.117764,-17.096579,2,772BA0E9-AC30-CEA6-AA1B-18A0300702AA
30.115297,-17.088503,2,772BA0E9-AC30-CEA6-AA1B-18A0300702AA
30.119558,-17.089363,2,772BA0E9-AC30-CEA6-AA1B-18A0300702AA
-40.293705,-32.48994,2,772BA0E9-AC30-CEA6-AA1B-18A0300702AA
35.44883,14.093492,2,772BA0E9-AC30-CEA6-AA1B-18A0300702AA
-10.561394,58.402138,2,772BA0E9-AC30-CEA6-AA1B-18A0300702AA
6.2263455,-3.1251295,2,772BA0E9-AC30-CEA6-AA1B-18A0300702AA
6.229578,-3.122142,2,772BA0E9-AC30-CEA6-AA1B-18A0300702AA
29.187422,-29.744148,1,772BA0E9-AC30-CEA6-AA1B-18A0300702AA
13.817067,-13.982762,1,772BA0E9-AC30-CEA6-AA1B-18A0300702AA
40.564957,-1.704815,1,772BA0E9-AC30-CEA6-AA1B-18A0300702AA
28.893883,33.263794,1,772BA0E9-AC30-CEA6-AA1B-18A0300702AA
28.899118,33.265236,1,772BA0E9-AC30-CEA6-AA1B-18A0300702AA
29.002522,33.27199,1,772BA0E9-AC30-CEA6-AA1B-18A0300702AA
38.751392,23.54233,0,772BA0E9-AC30-CEA6-AA1B-18A0300702AA
35.99368,-9.888939,0,772BA0E9-AC30-CEA6-AA1B-18A0300702AA
-41.110752,-32.452827,1,772BA0E9-AC30-CEA6-AA1B-18A0300702AA
-36.96191,18.782175,2,772BA0E9-AC30-CEA6-AA1B-18A0300702AA
-40.984238,-30.67915,2,772BA0E9-AC30-CEA6-AA1B-18A0300702AA
-40.978294,-30.650972,2,772BA0E9-AC30-CEA6-AA1B-18A0300702AA
-65.221855,-14.467513,2,772BA0E9-AC30-CEA6-AA1B-18A0300702AA
-65.85307,-16.03368,2,772BA0E9-AC30-CEA6-AA1B-18A0300702AA
-36.000084,-22.20097,2,77F6B31E-B228-3C6D-A66F-E7E6FDED3587
19.286774,23.217464,2,77F6B31E-B228-3C6D-A66F-E7E6FDED3587
19.258947,23.11318,2,77F6B31E-B228-3C6D-A66F-E7E6FDED3587
35.804268,26.214258,2,77F6B31E-B228-3C6D-A66F-E7E6FDED3587
15.601217,5.4311495,2,77F6B31E-B228-3C6D-A66F-E7E6FDED3587
-20.539743,12.06731,2,77F6B31E-B228-3C6D-A66F-E7E6FDED3587
27.948128,32.84616,2,77F6B31E-B228-3C6D-A66F-E7E6FDED3587
21.771494,-0.34816793,2,77F6B31E-B228-3C6D-A66F-E7E6FDED3587
21.77378,-0.3447878,2,77F6B31E-B228-3C6D-A66F-E7E6FDED3587
30.954115,-29.955366,2,77F6B31E-B228-3C6D-A66F-E7E6FDED3587
49.190094,-28.967842,2,77F6B31E-B228-3C6D-A66F-E7E6FDED3587
33.55212,20.724993,2,77F6B31E-B228-3C6D-A66F-E7E6FDED3587
-34.216118,-20.240007,0,77F6B31E-B228-3C6D-A66F-E7E6FDED3587
8.404489,-56.390507,0,77F6B31E-B228-3C6D-A66F-E7E6FDED3587
10.01651,-56.595352,0,77F6B31E-B228-3C6D-A66F-E7E6FDED3587
10.136672,-57.18333,0,77F6B31E-B228-3C6D-A66F-E7E6FDED3587
10.049644,-56.521908,0,77F6B31E-B228-3C6D-A66F-E7E6FDED3587
37.3142,7.898691,2,77F6B31E-B228-3C6D-A66F-E7E6FDED3587
-40.24162,18.902592,1,77F6B31E-B228-3C6D-A66F-E7E6FDED3587
-43.562622,25.436293,1,77F6B31E-B228-3C6D-A66F-E7E6FDED3587
-40.30576,-32.500698,0,77F6B31E-B228-3C6D-A66F-E7E6FDED3587
-43.377945,24.822256,0,77F6B31E-B228-3C6D-A66F-E7E6FDED3587
-43.373756,24.803429,0,77F6B31E-B228-3C6D-A66F-E7E6FDED3587
-43.370277,24.822704,0,77F6B31E-B228-3C6D-A66F-E7E6FDED3587
-4.534536,39.019276,1,77F6B31E-B228-3C6D-A66F-E7E6FDED3587
-4.5309596,39.02231,1,77F6B31E-B228-3C6D-A66F-E7E6FDED3587
-1.2084595,60.578217,1,77F6B31E-B228-3C6D-A66F-E7E6FDED3587
-2.1584299,29.644238,1,77F6B31E-B228-3C6D-A66F-E7E6FDED3587
-1.6290699,28.629486,1,77F6B31E-B228-3C6D-A66F-E7E6FDED3587
-28.994413,-56.03085,1,77F6B31E-B228-3C6D-A66F-E7E6FDED3587
5.4426975,-25.723917,0,7B8B31F4-FFC3-7A4E-3EAF-78D5CA8ACB61
5.46359,-25.728905,0,7B8B31F4-FFC3-7A4E-3EAF-78D5CA8ACB61
-53.373623,14.3620405,0,7B8B31F4-FFC3-7A4E-3EAF-78D5CA8ACB61
-53.454544,14.393011,1,7B8B31F4-FFC3-7A4E-3EAF-78D5CA8ACB61
-62.97851,-10.81963,1,7B8B31F4-FFC3-7A4E-3EAF-78D5CA8ACB61
3.1878302,-20.197067,1,7B8B31F4-FFC3-7A4E-3EAF-78D5CA8ACB61
-46.765545,24.565779,1,7B8B31F4-FFC3-7A4E-3EAF-78D5CA8ACB61
-36.085697,-23.433393,1,7B8B31F4-FFC3-7A4E-3EAF-78D5CA8ACB61
-36.056705,-23.384985,2,7B8B31F4-FFC3-7A4E-3EAF-78D5CA8ACB61
-36.53078,-23.655258,2,7B8B31F4-FFC3-7A4E-3EAF-78D5CA8ACB61
-36.470123,-23.470934,2,7B8B31F4-FFC3-7A4E-3EAF-78D5CA8ACB61
-7.96887,-54.38981,2,7B8B31F4-FFC3-7A4E-3EAF-78D5CA8ACB61
-43.54663,24.232979,2,7B8B31F4-FFC3-7A4E-3EAF-78D5CA8ACB61
-43.57228,24.200771,2,7B8B31F4-FFC3-7A4E-3EAF-78D5CA8ACB61
-10.528357,58.396053,0,7B8B31F4-FFC3-7A4E-3EAF-78D5CA8ACB61
-11.28512,-48.908813,0,7B8B31F4-FFC3-7A4E-3EAF-78D5CA8ACB61
-11.287506,-48.904434,0,7B8B31F4-FFC3-7A4E-3EAF-78D5CA8ACB61
-11.284731,-48.905006,0,7B8B31F4-FFC3-7A4E-3EAF-78D5CA8ACB61
-2.9279175,-25.461401,0,7B8B31F4-FFC3-7A4E-3EAF-78D5CA8ACB61
-4.6360006,-24.755426,1,7B8B31F4-FFC3-7A4E-3EAF-78D5CA8ACB61
-6.653833,-7.4322543,1,7B8B31F4-FFC3-7A4E-3EAF-78D5CA8ACB61
-15.457136,24.711613,1,7B8B31F4-FFC3-7A4E-3EAF-78D5CA8ACB61
-16.347202,25.607094,1,7B8B31F4-FFC3-7A4E-3EAF-78D5CA8ACB61
17.58023,7.6091375,1,7B8B31F4-FFC3-7A4E-3EAF-78D5CA8ACB61
29.347857,-22.859308,0,7DC9729F-BA27-3831-6078-F8508766396A
29.677359,-25.879677,0,7DC9729F-BA27-3831-6078-F8508766396A
66.7078,17.704195,0,7DC9729F-BA27-3831-6078-F8508766396A
66.69431,17.657774,2,7DC9729F-BA27-3831-6078-F8508766396A
66.973595,-1.5393572,2,7DC9729F-BA27-3831-6078-F8508766396A
68.21208,1.5935456,2,7DC9729F-BA27-3831-6078-F8508766396A
-19.535662,16.834986,2,7DC9729F-BA27-3831-6078-F8508766396A
-23.435638,11.638437,2,7DC9729F-BA27-3831-6078-F8508766396A
-21.772078,12.0888605,0,7DC9729F-BA27-3831-6078-F8508766396A
-21.78121,12.069458,0,7DC9729F-BA27-3831-6078-F8508766396A
3.351718,36.00219,0,7DC9729F-BA27-3831-6078-F8508766396A
3.3482647,35.99662,0,7DC9729F-BA27-3831-6078-F8508766396A
-2.4482472,-25.540535,2,7DC9729F-BA27-3831-6078-F8508766396A
-2.436052,-25.545467,2,7DC9729F-BA27-3831-6078-F8508766396A
-2.4181,-25.554708,2,7DC9729F-BA27-3831-6078-F8508766396A
37.603973,-6.1497684,2,7DC9729F-BA27-3831-6078-F8508766396A
35.666664,-11.226421,2,7DC9729F-BA27-3831-6078-F8508766396A
37.20852,-34.06675,2,7DC9729F-BA27-3831-6078-F8508766396A
-63.900204,9.719281,0,7DC9729F-BA27-3831-6078-F8508766396A
16.531609,3.298674,0,7DC9729F-BA27-3831-6078-F8508766396A
21.19553,-0.32551634,0,7DC9729F-BA27-3831-6078-F8508766396A
32.652386,-13.732818,2,7DC9729F-BA27-3831-6078-F8508766396A
3.6559072,61.856262,2,7DC9729F-BA27-3831-6078-F8508766396A
3.511231,62.18902,2,7DC9729F-BA27-3831-6078-F8508766396A
3.7338722,61.978897,1,7FB7C50A-30EA-A991-0C04-7FFA681B8803
10.546854,45.025566,1,7FB7C50A-30EA-A991-0C04-7FFA681B8803
-24.326965,1.1216447,1,7FB7C50A-30EA-A991-0C04-7FFA681B8803
-24.289753,1.301175,1,7FB7C50A-30EA-A991-0C04-7FFA681B8803
-27.129087,-56.716877,1,7FB7C50A-30EA-A991-0C04-7FFA681B8803
-63.651806,9.407562,1,7FB7C50A-30EA-A991-0C04-7FFA681B8803
-36.266857,0.5588858,2,8322EDEF-4C09-318A-1B7E-56D62A6839AD
-23.09665,10.3066025,2,8322EDEF-4C09-318A-1B7E-56D62A6839AD
-23.542543,10.984042,2,8322EDEF-4C09-318A-1B7E-56D62A6839AD
-21.659346,11.696116,0,8322EDEF-4C09-318A-1B7E-56D62A6839AD
-21.728819,12.005476,0,8322EDEF-4C09-318A-1B7E-56D62A6839AD
-21.735401,12.020777,0,8322EDEF-4C09-318A-1B7E-56D62A6839AD
-35.288754,3.0599608,0,8322EDEF-4C09-318A-1B7E-56D62A6839AD
-60.95812,1.6414076,0,8322EDEF-4C09-318A-1B7E-56D62A6839AD
-58.688656,17.271097,0,8322EDEF-4C09-318A-1B7E-56D62A6839AD
-58.690006,17.271154,0,8322EDEF-4C09-318A-1B7E-56D62A6839AD
-25.9906,-1.8463544,2,8322EDEF-4C09-318A-1B7E-56D62A6839AD
-16.462704,23.973639,2,8322EDEF-4C09-318A-1B7E-56D62A6839AD
8.445063,-8.255923,0,8322EDEF-4C09-318A-1B7E-56D62A6839AD
-25.863962,-1.0921383,0,8322EDEF-4C09-318A-1B7E-56D62A6839AD
-25.65522,-1.727147,0,8322EDEF-4C09-318A-1B7E-56D62A6839AD
-25.670155,-1.7236272,0,8322EDEF-4C09-318A-1B7E-56D62A6839AD
-62.701046,-13.732735,2,8322EDEF-4C09-318A-1B7E-56D62A6839AD
-62.695965,-13.738899,2,8322EDEF-4C09-318A-1B7E-56D62A6839AD
-1.2902079,-23.614202,2,8322EDEF-4C09-318A-1B7E-56D62A6839AD
-20.831476,-18.300444,2,8322EDEF-4C09-318A-1B7E-56D62A6839AD
-8.878998,-1.844308,2,8322EDEF-4C09-318A-1B7E-56D62A6839AD
1.1178586,12.859414,0,8322EDEF-4C09-318A-1B7E-56D62A6839AD
-8.859226,-1.8810617,0,8322EDEF-4C09-318A-1B7E-56D62A6839AD
-34.863506,-10.751904,0,8322EDEF-4C09-318A-1B7E-56D62A6839AD
29.052889,-29.739622,1,8322EDEF-4C09-318A-1B7E-56D62A6839AD
-5.810911,-4.1025524,1,8322EDEF-4C09-318A-1B7E-56D62A6839AD
-5.7954197,-4.027445,1,8322EDEF-4C09-318A-1B7E-56D62A6839AD
-7.155142,-1.4665722,1,8322EDEF-4C09-318A-1B7E-56D62A6839AD
8.5850525,-58.837505,1,8322EDEF-4C09-318A-1B7E-56D62A6839AD
-35.32986,-22.826742,1,8322EDEF-4C09-318A-1B7E-56D62A6839AD
8.793998,-6.0141716,1,8322EDEF-4C09-318A-1B7E-56D62A6839AD
39.260147,22.050852,1,8322EDEF-4C09-318A-1B7E-56D62A6839AD
-2.9028313,-14.009591,1,8322EDEF-4C09-318A-1B7E-56D62A6839AD
13.513661,20.70821,1,8322EDEF-4C09-318A-1B7E-56D62A6839AD
68.45949,9.238008,1,8322EDEF-4C09-318A-1B7E-56D62A6839AD
68.45915,9.238077,1,8322EDEF-4C09-318A-1B7E-56D62A6839AD
-26.600456,2.9629238,0,8407F9C4-C295-8C95-C281-584AF2118F84
-26.547726,2.8786256,0,8407F9C4-C295-8C95-C281-584AF2118F84
-27.392069,-1.5783906,0,8407F9C4-C295-8C95-C281-584AF2118F84
-16.618708,57.571697,0,8407F9C4-C295-8C95-C281-584AF2118F84
31.984125,-15.264413,0,8407F9C4-C295-8C95-C281-584AF2118F84
67.20553,14.703881,0,8407F9C4-C295-8C95-C281-584AF2118F84
-61.869335,11.122639,2,8407F9C4-C295-8C95-C281-584AF2118F84
-61.90055,11.094654,2,8407F9C4-C295-8C95-C281-584AF2118F84
-61.515118,11.265162,2,8407F9C4-C295-8C95-C281-584AF2118F84
-59.317093,1.1976353,0,8407F9C4-C295-8C95-C281-584AF2118F84
-55.311245,13.042129,0,8407F9C4-C295-8C95-C281-584AF2118F84
30.104776,-19.418804,0,8407F9C4-C295-8C95-C281-584AF2118F84
35.99063,-9.186553,2,8407F9C4-C295-8C95-C281-584AF2118F84
42.13889,14.215989,2,8407F9C4-C295-8C95-C281-584AF2118F84
44.463795,8.204859,2,8407F9C4-C295-8C95-C281-584AF2118F84
38.182106,-7.2735,2,8407F9C4-C295-8C95-C281-584AF2118F84
16.37458,23.087505,2,8407F9C4-C295-8C95-C281-584AF2118F84
66.74415,-2.8081894,2,8407F9C4-C295-8C95-C281-584AF2118F84
-47.802486,24.184408,0,85748DC9-A6DA-334D-6422-BF69EE06A98C
-47.75943,24.18521,0,85748DC9-A6DA-334D-6422-BF69EE06A98C
-47.30847,24.113272,0,85748DC9-A6DA-334D-6422-BF69EE06A98C
-2.9812233,20.16952,0,85748DC9-A6DA-334D-6422-BF69EE06A98C
49.000233,-29.363413,2,85748DC9-A6DA-334D-6422-BF69EE06A98C
-9.449554,-55.997654,2,85748DC9-A6DA-334D-6422-BF69EE06A98C
1.4340949,-56.537647,0,85748DC9-A6DA-334D-6422-BF69EE06A98C
-60.263218,-13.291031,0,85748DC9-A6DA-334D-6422-BF69EE06A98C
31.87801,-16.828781,0,85748DC9-A6DA-334D-6422-BF69EE06A98C
31.884514,-16.716097,0,85748DC9-A6DA-334D-6422-BF69EE06A98C
28.39141,-24.865057,0,85748DC9-A6DA-334D-6422-BF69EE06A98C
28.385935,-24.84573,0,85748DC9-A6DA-334D-6422-BF69EE06A98C
-43.509235,25.372248,1,85748DC9-A6DA-334D-6422-BF69EE06A98C
-43.525494,25.355011,1,85748DC9-A6DA-334D-6422-BF69EE06A98C
33.177456,16.81182,1,85748DC9-A6DA-334D-6422-BF69EE06A98C
31.211832,-24.09993,1,85748DC9-A6DA-334D-6422-BF69EE06A98C
33.559513,-16.106934,1,85748DC9-A6DA-334D-6422-BF69EE06A98C
46.275837,-30.925161,1,85748DC9-A6DA-334D-6422-BF69EE06A98C
10.262518,44.464573,2,862DB2BA-55C9-5794-03BC-FBBA3BEE80C7
14.34485,2.2188761,2,862DB2BA-55C9-5794-03BC-FBBA3BEE80C7
-17.434471,-41.858562,2,862DB2BA-55C9-5794-03BC-FBBA3BEE80C7
-17.424274,-41.86918,2,862DB2BA-55C9-5794-03BC-FBBA3BEE80C7
-17.429071,-41.846947,2,862DB2BA-55C9-5794-03BC-FBBA3BEE80C7
-17.42564,-41.856308,2,862DB2BA-55C9-5794-03BC-FBBA3BEE80C7
-11.58745,-49.963287,0,862DB2BA-55C9-5794-03BC-FBBA3BEE80C7
-11.692216,-50.261726,0,862DB2BA-55C9-5794-03BC-FBBA3BEE80C7
-16.573101,22.348347,0,862DB2BA-55C9-5794-03BC-FBBA3BEE80C7
-5.197606,35.89994,0,862DB2BA-55C9-5794-03BC-FBBA3BEE80C7
7.002081,-2.4269931,0,862DB2BA-55C9-5794-03BC-FBBA3BEE80C7
44.651146,-31.995241,0,862DB2BA-55C9-5794-03BC-FBBA3BEE80C7
67.51066,-0.6660454,1,862DB2BA-55C9-5794-03BC-FBBA3BEE80C7
67.51007,-0.6672054,1,862DB2BA-55C9-5794-03BC-FBBA3BEE80C7
-33.90663,-21.02992,1,862DB2BA-55C9-5794-03BC-FBBA3BEE80C7
-8.925457,-1.6625092,1,862DB2BA-55C9-5794-03BC-FBBA3BEE80C7
-6.412266,-23.04041,1,862DB2BA-55C9-5794-03BC-FBBA3BEE80C7
-6.423471,-23.073145,1,862DB2BA-55C9-5794-03BC-FBBA3BEE80C7
1.8437021,-49.060863,0,8690E8B6-9B41-5F0E-C518-8F2D028C6690
9.599338,39.048943,0,8690E8B6-9B41-5F0E-C518-8F2D028C6690
-35.0985,-11.904109,0,8690E8B6-9B41-5F0E-C518-8F2D028C6690
-35.107876,-11.923159,0,8690E8B6-9B41-5F0E-C518-8F2D028C6690
28.938929,-21.123999,0,8690E8B6-9B41-5F0E-C518-8F2D028C6690
30.74836,-16.346489,0,8690E8B6-9B41-5F0E-C518-8F2D028C6690
11.127781,-58.036045,0,8690E8B6-9B41-5F0E-C518-8F2D028C6690
10.874122,-58.371513,0,8690E8B6-9B41-5F0E-C518-8F2D028C6690
38.96638,-3.2015657,0,8690E8B6-9B41-5F0E-C518-8F2D028C6690
38.96651,-3.202116,0,8690E8B6-9B41-5F0E-C518-8F2D028C6690
43.505394,6.8769593,2,8690E8B6-9B41-5F0E-C518-8F2D028C6690
37.331356,8.050785,2,8690E8B6-9B41-5F0E-C518-8F2D028C6690
-20.340015,-15.864985,2,8690E8B6-9B41-5F0E-C518-8F2D028C6690
-26.535488,-56.394238,2,8690E8B6-9B41-5F0E-C518-8F2D028C6690
10.585092,-57.961872,2,8690E8B6-9B41-5F0E-C518-8F2D028C6690
8.621132,-59.221195,1,8690E8B6-9B41-5F0E-C518-8F2D028C6690
-7.7806516,59.035122,0,8690E8B6-9B41-5F0E-C518-8F2D028C6690
-11.699703,-50.28508,0,8690E8B6-9B41-5F0E-C518-8F2D028C6690
28.660675,-22.285343,2,8690E8B6-9B41-5F0E-C518-8F2D028C6690
10.2019,43.281082,2,8690E8B6-9B41-5F0E-C518-8F2D028C6690
-26.992874,-55.801186,2,8690E8B6-9B41-5F0E-C518-8F2D028C6690
3.6557229,61.890793,2,8690E8B6-9B41-5F0E-C518-8F2D028C6690
3.6367354,61.840908,0,8690E8B6-9B41-5F0E-C518-8F2D028C6690
-24.502604,42.67914,0,8690E8B6-9B41-5F0E-C518-8F2D028C6690
28.879463,-25.861092,0,874A6B13-C999-C802-1138-FA198591D897
-23.069216,10.300182,2,874A6B13-C999-C802-1138-FA198591D897
-38.507027,0.3842974,2,874A6B13-C999-C802-1138-FA198591D897
-41.436733,-30.980556,2,874A6B13-C999-C802-1138-FA198591D897
-41.43176,-31.055262,0,874A6B13-C999-C802-1138-FA198591D897
-41.013664,-32.01904,0,874A6B13-C999-C802-1138-FA198591D897
-12.523435,-46.986065,1,874A6B13-C999-C802-1138-FA198591D897
-16.778511,59.510548,1,874A6B13-C999-C802-1138-FA198591D897
13.724962,-14.359769,2,874A6B13-C999-C802-1138-FA198591D897
13.695157,-14.533203,2,874A6B13-C999-C802-1138-FA198591D897
10.708039,-6.520479,2,874A6B13-C999-C802-1138-FA198591D897
10.713486,-6.516422,2,874A6B13-C999-C802-1138-FA198591D897
39.278923,20.078135,1,874A6B13-C999-C802-1138-FA198591D897
35.86663,26.502289,2,874A6B13-C999-C802-1138-FA198591D897
39.533573,-3.0508585,2,874A6B13-C999-C802-1138-FA198591D897
39.282177,-3.2239294,2,874A6B13-C999-C802-1138-FA198591D897
13.367058,21.001278,2,874A6B13-C999-C802-1138-FA198591D897
-13.740839,-41.382088,2,874A6B13-C999-C802-1138-FA198591D897
-13.794547,-41.306675,2,874A6B13-C999-C802-1138-FA198591D897
-5.7816877,-22.172308,1,874A6B13-C999-C802-1138-FA198591D897
-5.758513,-22.168327,1,874A6B13-C999-C802-1138-FA198591D897
-5.749884,-22.154636,2,874A6B13-C999-C802-1138-FA198591D897
-2.0784192,9.606435,2,874A6B13-C999-C802-1138-FA198591D897
-0.3524649,-22.97874,2,874A6B13-C999-C802-1138-FA198591D897
14.34646,2.1382551,2,874A6B13-C999-C802-1138-FA198591D897
14.509458,1.5500946,2,874A6B13-C999-C802-1138-FA198591D897
14.574704,1.6899112,2,874A6B13-C999-C802-1138-FA198591D897
14.508237,1.5536005,2,874A6B13-C999-C802-1138-FA198591D897
43.32215,6.513518,2,874A6B13-C999-C802-1138-FA198591D897
42.078304,-32.629852,2,874A6B13-C999-C802-1138-FA198591D897
42.35962,-32.72898,2,874A6B13-C999-C802-1138-FA198591D897
42.47467,-32.778793,2,874A6B13-C999-C802-1138-FA198591D897
67.392624,-0.99246174,2,874A6B13-C999-C802-1138-FA198591D897
67.368774,-0.9969005,2,874A6B13-C999-C802-1138-FA198591D897
67.9816,2.242668,2,874A6B13-C999-C802-1138-FA198591D897
65.955956,-4.6522803,1,874A6B13-C999-C802-1138-FA198591D897
36.063072,10.283364,2,874A6B13-C999-C802-1138-FA198591D897
34.305748,-9.774262,2,874A6B13-C999-C802-1138-FA198591D897
34.30412,-9.757141,2,874A6B13-C999-C802-1138-FA198591D897
16.257437,23.527016,2,9268F759-54B0-96CC-C0F5-9D8DBAA12073
39.102303,-3.5728822,2,9268F759-54B0-96CC-C0F5-9D8DBAA12073
31.260027,-23.650194,2,9268F759-54B0-96CC-C0F5-9D8DBAA12073
-4.7198787,-11.27799,2,9268F759-54B0-96CC-C0F5-9D8DBAA12073
-4.7191067,-11.27993,1,9268F759-54B0-96CC-C0F5-9D8DBAA12073
-66.41214,-16.758554,1,9268F759-54B0-96CC-C0F5-9D8DBAA12073
9.104126,45.17655,2,9268F759-54B0-96CC-C0F5-9D8DBAA12073
-64.92312,-14.307849,2,9268F759-54B0-96CC-C0F5-9D8DBAA12073
-64.92271,-14.297995,2,9268F759-54B0-96CC-C0F5-9D8DBAA12073
-40.898666,-30.53628,2,9268F759-54B0-96CC-C0F5-9D8DBAA12073
-38.494377,-22.272417,2,9268F759-54B0-96CC-C0F5-9D8DBAA12073
-35.147152,23.35316,2,9268F759-54B0-96CC-C0F5-9D8DBAA12073
-6.977844,-25.883932,0,94AA1B20-A5D9-F2B4-FD96-2F20A00FAE89
-7.366738,-4.1492605,2,94AA1B20-A5D9-F2B4-FD96-2F20A00FAE89
-7.3451967,-4.212334,2,94AA1B20-A5D9-F2B4-FD96-2F20A00FAE89
10.42965,45.115273,2,94AA1B20-A5D9-F2B4-FD96-2F20A00FAE89
1.1061134,12.919854,2,94AA1B20-A5D9-F2B4-FD96-2F20A00FAE89
39.201157,22.05242,2,94AA1B20-A5D9-F2B4-FD96-2F20A00FAE89
-36.973892,18.709534,0,94AA1B20-A5D9-F2B4-FD96-2F20A00FAE89
-54.664715,14.281435,0,94AA1B20-A5D9-F2B4-FD96-2F20A00FAE89
-14.84962,58.899815,0,94AA1B20-A5D9-F2B4-FD96-2F20A00FAE89
1.807664,-24.921062,0,94AA1B20-A5D9-F2B4-FD96-2F20A00FAE89
1.7977468,-24.953321,2,94AA1B20-A5D9-F2B4-FD96-2F20A00FAE89
1.7807035,-24.94899,2,94AA1B20-A5D9-F2B4-FD96-2F20A00FAE89
37.588417,-10.90169,2,94AA1B20-A5D9-F2B4-FD96-2F20A00FAE89
42.61909,14.749804,1,94AA1B20-A5D9-F2B4-FD96-2F20A00FAE89
43.403553,6.106916,1,94AA1B20-A5D9-F2B4-FD96-2F20A00FAE89
67.955154,11.776095,1,94AA1B20-A5D9-F2B4-FD96-2F20A00FAE89
-63.584232,-14.502662,0,94AA1B20-A5D9-F2B4-FD96-2F20A00FAE89
-63.564022,-14.509792,0,94AA1B20-A5D9-F2B4-FD96-2F20A00FAE89
-14.155715,-47.119595,2,96B78431-4166-E4D3-2AA2-15BE2512E1D6
-14.584536,-47.16113,2,96B78431-4166-E4D3-2AA2-15BE2512E1D6
14.654294,-6.0310955,2,96B78431-4166-E4D3-2AA2-15BE2512E1D6
16.298521,-11.381562,2,96B78431-4166-E4D3-2AA2-15BE2512E1D6
20.397888,-3.8518891,2,96B78431-4166-E4D3-2AA2-15BE2512E1D6
-22.394768,40.308144,2,96B78431-4166-E4D3-2AA2-15BE2512E1D6
32.4633,22.20734,1,96B78431-4166-E4D3-2AA2-15BE2512E1D6
2.7261162,30.819372,1,96B78431-4166-E4D3-2AA2-15BE2512E1D6
1.6995515,32.317265,1,96B78431-4166-E4D3-2AA2-15BE2512E1D6
-6.6972322,-26.252916,1,96B78431-4166-E4D3-2AA2-15BE2512E1D6
-6.6987023,-26.25113,1,96B78431-4166-E4D3-2AA2-15BE2512E1D6
-6.2986817,-25.840067,1,96B78431-4166-E4D3-2AA2-15BE2512E1D6
-6.7387586,-26.228653,1,96B78431-4166-E4D3-2AA2-15BE2512E1D6
-6.6122303,-7.2989106,1,96B78431-4166-E4D3-2AA2-15BE2512E1D6
6.910509,-58.9349,1,96B78431-4166-E4D3-2AA2-15BE2512E1D6
6.8947926,-58.97756,1,96B78431-4166-E4D3-2AA2-15BE2512E1D6
6.9250493,-59.058315,1,96B78431-4166-E4D3-2AA2-15BE2512E1D6
7.132971,-59.719795,1,96B78431-4166-E4D3-2AA2-15BE2512E1D6
9.872851,41.914062,1,96B78431-4166-E4D3-2AA2-15BE2512E1D6
-16.087828,58.99458,1,96B78431-4166-E4D3-2AA2-15BE2512E1D6
-25.867857,42.234833,1,96B78431-4166-E4D3-2AA2-15BE2512E1D6
14.983809,7.6076007,1,96B78431-4166-E4D3-2AA2-15BE2512E1D6
14.9702835,7.6428003,1,96B78431-4166-E4D3-2AA2-15BE2512E1D6
34.512047,-16.136965,1,96B78431-4166-E4D3-2AA2-15BE2512E1D6
3.9833138,-19.785368,1,99827717-1B21-7ECC-CAD1-99489F7E19EA
38.795513,14.867246,1,99827717-1B21-7ECC-CAD1-99489F7E19EA
38.811504,14.877542,1,99827717-1B21-7ECC-CAD1-99489F7E19EA
38.087135,14.020265,1,99827717-1B21-7ECC-CAD1-99489F7E19EA
39.713676,15.571678,1,99827717-1B21-7ECC-CAD1-99489F7E19EA
39.5507,15.706238,1,99827717-1B21-7ECC-CAD1-99489F7E19EA
-6.646972,-7.942659,2,99827717-1B21-7ECC-CAD1-99489F7E19EA
28.218086,33.04392,2,99827717-1B21-7ECC-CAD1-99489F7E19EA
-22.048786,10.668231,2,99827717-1B21-7ECC-CAD1-99489F7E19EA
40.61131,-32.62107,2,99827717-1B21-7ECC-CAD1-99489F7E19EA
42.498264,-32.520836,2,99827717-1B21-7ECC-CAD1-99489F7E19EA
42.360435,-32.730377,2,99827717-1B21-7ECC-CAD1-99489F7E19EA
0.8028863,-47.388058,1,99827717-1B21-7ECC-CAD1-99489F7E19EA
1.6415759,-48.02617,2,99827717-1B21-7ECC-CAD1-99489F7E19EA
1.8074408,-48.340282,2,99827717-1B21-7ECC-CAD1-99489F7E19EA
1.4853139,13.317109,2,99827717-1B21-7ECC-CAD1-99489F7E19EA
13.037967,-13.711314,2,99827717-1B21-7ECC-CAD1-99489F7E19EA
-6.5505815,-7.4088006,2,99827717-1B21-7ECC-CAD1-99489F7E19EA
37.228107,-10.091485,0,99C0C5AE-01AD-1BB2-A36B-74B166CB26BA
-52.80556,15.088581,0,99C0C5AE-01AD-1BB2-A36B-74B166CB26BA
-50.835487,16.626629,0,99C0C5AE-01AD-1BB2-A36B-74B166CB26BA
3.574812,-20.126713,1,99C0C5AE-01AD-1BB2-A36B-74B166CB26BA
-14.476493,-40.28756,1,99C0C5AE-01AD-1BB2-A36B-74B166CB26BA
-3.9083478,34.5185,1,99C0C5AE-01AD-1BB2-A36B-74B166CB26BA
-5.1367373,35.08101,1,99C0C5AE-01AD-1BB2-A36B-74B166CB26BA
2.394187,-25.133703,2,99C0C5AE-01AD-1BB2-A36B-74B166CB26BA
3.0047696,-25.035019,2,99C0C5AE-01AD-1BB2-A36B-74B166CB26BA
6.776562,-24.565788,0,99C0C5AE-01AD-1BB2-A36B-74B166CB26BA
18.35157,23.952547,0,99C0C5AE-01AD-1BB2-A36B-74B166CB26BA
1.2533032,-24.823917,0,99C0C5AE-01AD-1BB2-A36B-74B166CB26BA
15.369343,2.2175705,0,99C0C5AE-01AD-1BB2-A36B-74B166CB26BA
16.99991,21.44679,0,99C0C5AE-01AD-1BB2-A36B-74B166CB26BA
17.000431,21.446718,0,99C0C5AE-01AD-1BB2-A36B-74B166CB26BA
17.003422,21.443472,1,99C0C5AE-01AD-1BB2-A36B-74B166CB26BA
37.8069,10.293093,1,99C0C5AE-01AD-1BB2-A36B-74B166CB26BA
44.554443,-32.482082,1,99C0C5AE-01AD-1BB2-A36B-74B166CB26BA
67.99565,10.025253,2,99C0C5AE-01AD-1BB2-A36B-74B166CB26BA
68.00838,10.017407,2,99C0C5AE-01AD-1BB2-A36B-74B166CB26BA
67.30795,14.475942,1,99C0C5AE-01AD-1BB2-A36B-74B166CB26BA
21.009272,0.4679523,1,99C0C5AE-01AD-1BB2-A36B-74B166CB26BA
4.4211607,-54.669003,1,99C0C5AE-01AD-1BB2-A36B-74B166CB26BA
-28.93309,-55.877914,1,99C0C5AE-01AD-1BB2-A36B-74B166CB26BA
16.43525,-11.4143505,1,99C0C5AE-01AD-1BB2-A36B-74B166CB26BA
66.849464,-2.3322022,1,99C0C5AE-01AD-1BB2-A36B-74B166CB26BA
66.46128,-3.9610665,1,99C0C5AE-01AD-1BB2-A36B-74B166CB26BA
66.511345,-3.9044654,1,99C0C5AE-01AD-1BB2-A36B-74B166CB26BA
66.46724,-3.965896,1,99C0C5AE-01AD-1BB2-A36B-74B166CB26BA
66.12283,-3.7214866,1,99C0C5AE-01AD-1BB2-A36B-74B166CB26BA
40.630253,-1.539518,2,99C0C5AE-01AD-1BB2-A36B-74B166CB26BA
40.62918,-1.5437647,1,99C0C5AE-01AD-1BB2-A36B-74B166CB26BA
28.460243,-26.786123,1,99C0C5AE-01AD-1BB2-A36B-74B166CB26BA
0.44136888,-47.548134,2,9A80CFF4-085D-6435-BA08-18E6496A8381
0.6183076,-48.784485,2,9A80CFF4-085D-6435-BA08-18E6496A8381
37.22832,-4.471364,0,9A80CFF4-085D-6435-BA08-18E6496A8381
9.712246,43.257668,0,9A80CFF4-085D-6435-BA08-18E6496A8381
-7.3338656,2.2553184,0,9A80CFF4-085D-6435-BA08-18E6496A8381
28.53319,33.253353,0,9A80CFF4-085D-6435-BA08-18E6496A8381
-17.806767,16.80674,2,9C694EBE-9421-F45A-ED92-F521991A6A52
2.6487753,-57.95527,0,9C694EBE-9421-F45A-ED92-F521991A6A52
-35.10039,-7.8637524,0,9C694EBE-9421-F45A-ED92-F521991A6A52
-35.10034,-7.840491,0,9C694EBE-9421-F45A-ED92-F521991A6A52
-36.60891,-11.685409,0,9C694EBE-9421-F45A-ED92-F521991A6A52
-4.1208634,35.723835,1,9C694EBE-9421-F45A-ED92-F521991A6A52
18.351078,23.322002,2,9C694EBE-9421-F45A-ED92-F521991A6A52
8.357756,-8.430239,2,9C694EBE-9421-F45A-ED92-F521991A6A52
8.393549,-8.391083,2,9C694EBE-9421-F45A-ED92-F521991A6A52
-0.73716587,24.397867,2,9C694EBE-9421-F45A-ED92-F521991A6A52
-3.7823935,35.30008,2,9C694EBE-9421-F45A-ED92-F521991A6A52
-8.119948,59.203537,2,9C694EBE-9421-F45A-ED92-F521991A6A52
-37.282806,-12.761137,2,9C694EBE-9421-F45A-ED92-F521991A6A52
-37.283752,-12.762433,2,9C694EBE-9421-F45A-ED92-F521991A6A52
-37.46752,-21.18695,2,9C694EBE-9421-F45A-ED92-F521991A6A52
-36.059437,15.082711,2,9C694EBE-9421-F45A-ED92-F521991A6A52
-35.88655,14.710936,2,9C694EBE-9421-F45A-ED92-F521991A6A52
-3.380677,21.226484,2,9C694EBE-9421-F45A-ED92-F521991A6A52
-3.5700293,-23.059856,2,9C694EBE-9421-F45A-ED92-F521991A6A52
-1.0944802,-23.586065,2,9C694EBE-9421-F45A-ED92-F521991A6A52
-1.1086733,-23.60091,0,9C694EBE-9421-F45A-ED92-F521991A6A52
-21.616003,-21.657593,0,9C694EBE-9421-F45A-ED92-F521991A6A52
-21.896233,-16.963879,2,9C694EBE-9421-F45A-ED92-F521991A6A52
-27.166183,-0.5097186,2,9C694EBE-9421-F45A-ED92-F521991A6A52
3.403665,62.7255,2,9C694EBE-9421-F45A-ED92-F521991A6A52
4.6188755,61.87821,2,9C694EBE-9421-F45A-ED92-F521991A6A52
10.264378,-57.769844,2,9C694EBE-9421-F45A-ED92-F521991A6A52
8.323012,-57.88794,2,9C694EBE-9421-F45A-ED92-F521991A6A52
30.65818,33.07895,0,9C694EBE-9421-F45A-ED92-F521991A6A52
39.31812,-5.658703,0,9C694EBE-9421-F45A-ED92-F521991A6A52
28.48989,-26.782925,0,9C694EBE-9421-F45A-ED92-F521991A6A52
-14.803364,58.613983,0,9C694EBE-9421-F45A-ED92-F521991A6A52
-14.838452,58.59368,0,9C694EBE-9421-F45A-ED92-F521991A6A52
-14.802803,58.602867,0,9C694EBE-9421-F45A-ED92-F521991A6A52
-14.807954,58.608635,0,9C694EBE-9421-F45A-ED92-F521991A6A52
-34.95151,23.615828,0,9C694EBE-9421-F45A-ED92-F521991A6A52
64.19595,-9.107161,2,9E6EBCE2-44FB-8F07-4135-E91140B34096
64.0935,-9.357759,2,9E6EBCE2-44FB-8F07-4135-E91140B34096
64.096466,-9.3455105,2,9E6EBCE2-44FB-8F07-4135-E91140B34096
64.14548,-9.477599,2,9E6EBCE2-44FB-8F07-4135-E91140B34096
64.04454,-9.573962,2,9E6EBCE2-44FB-8F07-4135-E91140B34096
6.105168,-25.364283,2,9E6EBCE2-44FB-8F07-4135-E91140B34096
-3.3947139,36.172424,2,9E6EBCE2-44FB-8F07-4135-E91140B34096
38.65301,14.792349,2,9E6EBCE2-44FB-8F07-4135-E91140B34096
15.636311,5.2337046,2,9E6EBCE2-44FB-8F07-4135-E91140B34096
10.961896,-0.3288615,2,9E6EBCE2-44FB-8F07-4135-E91140B34096
-12.298621,-41.208897,2,9E6EBCE2-44FB-8F07-4135-E91140B34096
-2.3993177,29.213453,2,9E6EBCE2-44FB-8F07-4135-E91140B34096
-24.52975,45.19115,1,9E6EBCE2-44FB-8F07-4135-E91140B34096
-35.739426,24.05926,1,9E6EBCE2-44FB-8F07-4135-E91140B34096
-61.79611,12.142458,1,9E6EBCE2-44FB-8F07-4135-E91140B34096
-61.955555,12.464332,1,9E6EBCE2-44FB-8F07-4135-E91140B34096
-61.899353,12.503983,1,9E6EBCE2-44FB-8F07-4135-E91140B34096
-63.049953,-13.906622,1,9E6EBCE2-44FB-8F07-4135-E91140B34096
-5.855679,-22.318436,2,9E6EBCE2-44FB-8F07-4135-E91140B34096
-3.9595418,58.07565,2,9E6EBCE2-44FB-8F07-4135-E91140B34096
-3.8604288,58.018024,2,9E6EBCE2-44FB-8F07-4135-E91140B34096
-4.11523,58.157764,2,9E6EBCE2-44FB-8F07-4135-E91140B34096
-4.191032,58.23363,2,9E6EBCE2-44FB-8F07-4135-E91140B34096
0.9788933,-27.271328,2,9E6EBCE2-44FB-8F07-4135-E91140B34096
34.30722,-12.8778715,0,A135AF2A-692D-9C83-AB54-34F977E4D14D
1.1325359,13.128024,0,A135AF2A-692D-9C83-AB54-34F977E4D14D
-0.8901133,12.636445,0,A135AF2A-692D-9C83-AB54-34F977E4D14D
-0.8928339,12.629673,2,A135AF2A-692D-9C83-AB54-34F977E4D14D
-0.8917336,12.640861,2,A135AF2A-692D-9C83-AB54-34F977E4D14D
-0.8940324,12.626656,2,A135AF2A-692D-9C83-AB54-34F977E4D14D
-29.049133,-55.977577,2,A135AF2A-692D-9C83-AB54-34F977E4D14D
19.279137,23.101786,2,A135AF2A-692D-9C83-AB54-34F977E4D14D
32.87829,21.928911,2,A135AF2A-692D-9C83-AB54-34F977E4D14D
34.81175,28.148335,2,A135AF2A-692D-9C83-AB54-34F977E4D14D
38.296577,-7.057891,2,A135AF2A-692D-9C83-AB54-34F977E4D14D
27.23811,30.211052,2,A135AF2A-692D-9C83-AB54-34F977E4D14D
-20.404427,12.2137165,0,A135AF2A-692D-9C83-AB54-34F977E4D14D
-19.649872,12.27948,0,A135AF2A-692D-9C83-AB54-34F977E4D14D
0.6794117,-47.415096,1,A135AF2A-692D-9C83-AB54-34F977E4D14D
0.5723601,-47.443512,2,A135AF2A-692D-9C83-AB54-34F977E4D14D
-7.9183626,-54.35441,2,A135AF2A-692D-9C83-AB54-34F977E4D14D
68.43236,8.741036,2,A135AF2A-692D-9C83-AB54-34F977E4D14D
10.734495,42.788567,0,A135AF2A-692D-9C83-AB54-34F977E4D14D
9.599691,39.06955,0,A135AF2A-692D-9C83-AB54-34F977E4D14D
1.2835666,12.890155,0,A135AF2A-692D-9C83-AB54-34F977E4D14D
-25.608665,42.34554,0,A135AF2A-692D-9C83-AB54-34F977E4D14D
-25.221146,41.8474,0,A135AF2A-692D-9C83-AB54-34F977E4D14D
65.55056,-6.012361,0,A135AF2A-692D-9C83-AB54-34F977E4D14D
66.07178,-4.972968,0,A135AF2A-692D-9C83-AB54-34F977E4D14D
66.07567,-4.8642473,1,A135AF2A-692D-9C83-AB54-34F977E4D14D
66.51885,-4.040614,1,A135AF2A-692D-9C83-AB54-34F977E4D14D
31.805202,27.76571,2,A43E8D46-F136-DB41-3E16-F9F161DBA1D6
31.816393,27.548674,2,A43E8D46-F136-DB41-3E16-F9F161DBA1D6
20.504433,-3.6105158,2,A43E8D46-F136-DB41-3E16-F9F161DBA1D6
-27.365309,-56.334774,0,A43E8D46-F136-DB41-3E16-F9F161DBA1D6
1.4115927,-50.202065,0,A43E8D46-F136-DB41-3E16-F9F161DBA1D6
-11.680343,-50.32858,0,A43E8D46-F136-DB41-3E16-F9F161DBA1D6
43.087135,6.177512,1,A43E8D46-F136-DB41-3E16-F9F161DBA1D6
48.733383,-28.743937,1,A43E8D46-F136-DB41-3E16-F9F161DBA1D6
68.392365,3.922993,0,A4D472BD-7D7D-0E62-8837-716018980593
68.381424,3.5054936,0,A4D472BD-7D7D-0E62-8837-716018980593
-12.966567,-46.502464,0,A4D472BD-7D7D-0E62-8837-716018980593
1.2562779,-24.772526,0,A4D472BD-7D7D-0E62-8837-716018980593
1.2472245,-24.768476,0,A4D472BD-7D7D-0E62-8837-716018980593
-4.7676272,-24.626873,0,A4D472BD-7D7D-0E62-8837-716018980593
-1.6531376,-55.579075,0,A4D472BD-7D7D-0E62-8837-716018980593
9.983522,-1.9520421,0,A4D472BD-7D7D-0E62-8837-716018980593
9.987645,-1.9517026,0,A4D472BD-7D7D-0E62-8837-716018980593
9.987603,-1.9536943,0,A4D472BD-7D7D-0E62-8837-716018980593
9.883852,-2.0593276,0,A4D472BD-7D7D-0E62-8837-716018980593
43.238464,6.3960333,0,A4D472BD-7D7D-0E62-8837-716018980593
5.816698,-19.891464,0,A4D472BD-7D7D-0E62-8837-716018980593
5.8214436,-19.889755,0,A4D472BD-7D7D-0E62-8837-716018980593
-7.3291063,0.23916304,0,A4D472BD-7D7D-0E62-8837-716018980593
-62.354145,12.271997,0,A4D472BD-7D7D-0E62-8837-716018980593
64.81208,-7.527577,0,A4D472BD-7D7D-0E62-8837-716018980593
64.81165,-7.5281343,0,A4D472BD-7D7D-0E62-8837-716018980593
-21.762686,-17.84093,0,A4D472BD-7D7D-0E62-8837-716018980593
-21.669914,-18.10003,0,A4D472BD-7D7D-0E62-8837-716018980593
33.71847,20.496635,0,A4D472BD-7D7D-0E62-8837-716018980593
35.082127,20.25385,0,A4D472BD-7D7D-0E62-8837-716018980593
0.76375467,31.914473,0,A4D472BD-7D7D-0E62-8837-716018980593
38.288704,-7.1093864,0,A4D472BD-7D7D-0E62-8837-716018980593
37.427307,-7.814814,1,A4D472BD-7D7D-0E62-8837-716018980593
6.034107,-19.936708,1,A4D472BD-7D7D-0E62-8837-716018980593
31.212217,-23.491043,1,A4D472BD-7D7D-0E62-8837-716018980593
-2.1486845,11.183246,1,A4D472BD-7D7D-0E62-8837-716018980593
37.57498,-33.79302,1,A4D472BD-7D7D-0E62-8837-716018980593
-1.9443842,62.01306,1,A4D472BD-7D7D-0E62-8837-716018980593
67.798195,0.41037577,2,A7C426E7-344F-99F4-6E35-453AF3AD9C2C
67.89846,0.8325086,2,A7C426E7-344F-99F4-6E35-453AF3AD9C2C
68.47021,2.3579628,2,A7C426E7-344F-99F4-6E35-453AF3AD9C2C
68.46246,2.3536174,2,A7C426E7-344F-99F4-6E35-453AF3AD9C2C
68.472336,2.357126,2,A7C426E7-344F-99F4-6E35-453AF3AD9C2C
-36.349056,1.7058336,2,A7C426E7-344F-99F4-6E35-453AF3AD9C2C
4.5731673,-56.001892,2,A7C426E7-344F-99F4-6E35-453AF3AD9C2C
-57.23736,0.6079661,1,A7C426E7-344F-99F4-6E35-453AF3AD9C2C
-57.236286,0.5271825,1,A7C426E7-344F-99F4-6E35-453AF3AD9C2C
-59.37196,1.1463368,1,A7C426E7-344F-99F4-6E35-453AF3AD9C2C
68.49911,7.5370445,1,A7C426E7-344F-99F4-6E35-453AF3AD9C2C
68.50239,7.3315253,1,A7C426E7-344F-99F4-6E35-453AF3AD9C2C
-65.02076,-12.719338,2,A7C426E7-344F-99F4-6E35-453AF3AD9C2C
-65.023,-12.7245455,2,A7C426E7-344F-99F4-6E35-453AF3AD9C2C
8.542462,-56.70349,2,A7C426E7-344F-99F4-6E35-453AF3AD9C2C
0.991945,-49.502598,2,A7C426E7-344F-99F4-6E35-453AF3AD9C2C
0.8750218,-49.315968,2,A7C426E7-344F-99F4-6E35-453AF3AD9C2C
1.852116,-48.83408,2,A7C426E7-344F-99F4-6E35-453AF3AD9C2C
-9.018569,-0.9694294,2,A7C426E7-344F-99F4-6E35-453AF3AD9C2C
-6.7776084,-7.3962502,2,A7C426E7-344F-99F4-6E35-453AF3AD9C2C
-0.0012202499,-26.9701,2,A7C426E7-344F-99F4-6E35-453AF3AD9C2C
-0.0010669566,-26.957047,2,A7C426E7-344F-99F4-6E35-453AF3AD9C2C
0.0020347312,-26.96255,2,A7C426E7-344F-99F4-6E35-453AF3AD9C2C
38.11189,8.645614,2,A7C426E7-344F-99F4-6E35-453AF3AD9C2C
18.664867,10.834856,2,AB9921A8-F143-E101-6A47-E66882F571B2
18.67405,10.901145,2,AB9921A8-F143-E101-6A47-E66882F571B2
32.79187,17.481087,2,AB9921A8-F143-E101-6A47-E66882F571B2
0.002360007,29.439096,0,AB9921A8-F143-E101-6A47-E66882F571B2
-0.027881347,29.348597,1,AB9921A8-F143-E101-6A47-E66882F571B2
1.1537681,12.749796,1,AB9921A8-F143-E101-6A47-E66882F571B2
10.101509,44.489162,2,AB9921A8-F143-E101-6A47-E66882F571B2
-4.984694,39.46877,2,AB9921A8-F143-E101-6A47-E66882F571B2
-18.192709,16.681784,2,AB9921A8-F143-E101-6A47-E66882F571B2
-18.186491,16.673603,2,AB9921A8-F143-E101-6A47-E66882F571B2
2.762023,-58.05599,2,AB9921A8-F143-E101-6A47-E66882F571B2
-18.81189,16.751041,2,AB9921A8-F143-E101-6A47-E66882F571B2
2.7226827,30.766037,0,AB9921A8-F143-E101-6A47-E66882F571B2
16.664917,22.936792,0,AB9921A8-F143-E101-6A47-E66882F571B2
16.290825,21.559086,0,AB9921A8-F143-E101-6A47-E66882F571B2
20.209642,-0.39156365,0,AB9921A8-F143-E101-6A47-E66882F571B2
20.114576,-0.5826095,1,AB9921A8-F143-E101-6A47-E66882F571B2
16.392826,3.6365597,1,AB9921A8-F143-E101-6A47-E66882F571B2
-35.134037,-9.482026,2,AB9921A8-F143-E101-6A47-E66882F571B2
-34.677906,-11.453896,2,AB9921A8-F143-E101-6A47-E66882F571B2
-23.431444,-17.884851,1,AB9921A8-F143-E101-6A47-E66882F571B2
-7.036341,-25.894129,1,AB9921A8-F143-E101-6A47-E66882F571B2
-5.8630595,-22.6126,1,AB9921A8-F143-E101-6A47-E66882F571B2
-36.246387,15.336598,1,AB9921A8-F143-E101-6A47-E66882F571B2
33.166813,-14.944107,1,AB9921A8-F143-E101-6A47-E66882F571B2
37.489277,-6.2092743,1,AB9921A8-F143-E101-6A47-E66882F571B2
-2.6290689,11.123057,2,B06410CC-D778-33B2-B1FD-A828EE4AF413
29.662844,-28.889004,1,B06410CC-D778-33B2-B1FD-A828EE4AF413
1.8034588,30.07948,1,B06410CC-D778-33B2-B1FD-A828EE4AF413
1.7954386,30.195885,2,B06410CC-D778-33B2-B1FD-A828EE4AF413
2.7364929,30.67936,2,B06410CC-D778-33B2-B1FD-A828EE4AF413
1.3919913,30.533026,0,B06410CC-D778-33B2-B1FD-A828EE4AF413
-24.356733,2.1575625,2,B06410CC-D778-33B2-B1FD-A828EE4AF413
-28.811218,-56.427162,2,B06410CC-D778-33B2-B1FD-A828EE4AF413
-15.0941105,23.213974,2,B06410CC-D778-33B2-B1FD-A828EE4AF413
6.981486,-24.567068,2,B06410CC-D778-33B2-B1FD-A828EE4AF413
8.391525,-7.1661267,2,B06410CC-D778-33B2-B1FD-A828EE4AF413
-3.4077277,58.0515,2,B06410CC-D778-33B2-B1FD-A828EE4AF413
-1.5408086,59.67429,1,B06410CC-D778-33B2-B1FD-A828EE4AF413
1.2924482,30.454308,1,B06410CC-D778-33B2-B1FD-A828EE4AF413
-53.390728,14.480326,2,B06410CC-D778-33B2-B1FD-A828EE4AF413
-56.274452,3.8322325,2,B06410CC-D778-33B2-B1FD-A828EE4AF413
-62.88071,-11.028583,0,B06410CC-D778-33B2-B1FD-A828EE4AF413
-63.48444,-13.831358,0,B06410CC-D778-33B2-B1FD-A828EE4AF413
-4.4965854,-22.088764,1,B17DF37B-207D-A052-4D45-F862B3BF4C4C
40.15253,16.515848,1,B17DF37B-207D-A052-4D45-F862B3BF4C4C
-6.8673406,3.0816095,1,B17DF37B-207D-A052-4D45-F862B3BF4C4C
-7.2623034,2.2879674,1,B17DF37B-207D-A052-4D45-F862B3BF4C4C
-7.3108363,2.2251732,1,B17DF37B-207D-A052-4D45-F862B3BF4C4C
-7.352346,2.2025623,1,B17DF37B-207D-A052-4D45-F862B3BF4C4C
0.011254815,-26.9859,0,B17DF37B-207D-A052-4D45-F862B3BF4C4C
-0.023448022,-26.989605,0,B17DF37B-207D-A052-4D45-F862B3BF4C4C
6.1262593,-25.328587,0,B17DF37B-207D-A052-4D45-F862B3BF4C4C
10.013446,41.325302,1,B17DF37B-207D-A052-4D45-F862B3BF4C4C
0.7190536,31.907005,1,B17DF37B-207D-A052-4D45-F862B3BF4C4C
0.69526505,31.786715,1,B17DF37B-207D-A052-4D45-F862B3BF4C4C
6.0606866,-58.296566,0,B17DF37B-207D-A052-4D45-F862B3BF4C4C
-23.562195,10.392588,0,B17DF37B-207D-A052-4D45-F862B3BF4C4C
-23.561138,10.395681,0,B17DF37B-207D-A052-4D45-F862B3BF4C4C
-38.543156,0.17615475,0,B17DF37B-207D-A052-4D45-F862B3BF4C4C
19.78516,12.140458,2,B17DF37B-207D-A052-4D45-F862B3BF4C4C
-41.45672,-31.01225,2,B17DF37B-207D-A052-4D45-F862B3BF4C4C
-22.479021,40.85178,2,B2EE7EC5-4E5B-EBDD-E0EB-AF758B95C36A
-22.450235,40.864494,2,B2EE7EC5-4E5B-EBDD-E0EB-AF758B95C36A
10.463956,-57.048122,1,B2EE7EC5-4E5B-EBDD-E0EB-AF758B95C36A
-17.7871,15.14302,1,B2EE7EC5-4E5B-EBDD-E0EB-AF758B95C36A
2.6655855,62.906166,0,B2EE7EC5-4E5B-EBDD-E0EB-AF758B95C36A
2.620525,62.94966,0,B2EE7EC5-4E5B-EBDD-E0EB-AF758B95C36A
16.219633,-11.451259,1,B2EE7EC5-4E5B-EBDD-E0EB-AF758B95C36A
34.3879,-12.919593,1,B2EE7EC5-4E5B-EBDD-E0EB-AF758B95C36A
40.163338,10.915937,1,B2EE7EC5-4E5B-EBDD-E0EB-AF758B95C36A
-3.1470425,55.03557,1,B2EE7EC5-4E5B-EBDD-E0EB-AF758B95C36A
29.739164,25.949951,1,B2EE7EC5-4E5B-EBDD-E0EB-AF758B95C36A
30.003996,26.977552,1,B2EE7EC5-4E5B-EBDD-E0EB-AF758B95C36A
30.609629,27.295242,1,B2EE7EC5-4E5B-EBDD-E0EB-AF758B95C36A
30.575064,27.082798,1,B2EE7EC5-4E5B-EBDD-E0EB-AF758B95C36A
16.24085,3.1324635,1,B2EE7EC5-4E5B-EBDD-E0EB-AF758B95C36A
40.24104,16.030586,1,B2EE7EC5-4E5B-EBDD-E0EB-AF758B95C36A
9.490177,-8.503711,1,B2EE7EC5-4E5B-EBDD-E0EB-AF758B95C36A
0.47021872,-27.060917,1,B2EE7EC5-4E5B-EBDD-E0EB-AF758B95C36A
-11.27982,-48.8976,1,B2EE7EC5-4E5B-EBDD-E0EB-AF758B95C36A
-11.286831,-48.903522,1,B2EE7EC5-4E5B-EBDD-E0EB-AF758B95C36A
-7.3495393,-8.224538,1,B2EE7EC5-4E5B-EBDD-E0EB-AF758B95C36A
38.14182,8.505398,2,B2EE7EC5-4E5B-EBDD-E0EB-AF758B95C36A
-27.99504,-1.0577573,2,B2EE7EC5-4E5B-EBDD-E0EB-AF758B95C36A
-28.02365,-1.0790967,2,B2EE7EC5-4E5B-EBDD-E0EB-AF758B95C36A
0.98118734,-27.215796,2,B2EE7EC5-4E5B-EBDD-E0EB-AF758B95C36A
-13.340108,-46.77207,2,B2EE7EC5-4E5B-EBDD-E0EB-AF758B95C36A
-11.45467,-49.396744,2,B2EE7EC5-4E5B-EBDD-E0EB-AF758B95C36A
29.365376,-22.630598,2,B2EE7EC5-4E5B-EBDD-E0EB-AF758B95C36A
50.31919,-27.379211,2,B2EE7EC5-4E5B-EBDD-E0EB-AF758B95C36A
50.31895,-27.37629,2,B2EE7EC5-4E5B-EBDD-E0EB-AF758B95C36A
30.593706,28.661724,2,B3CE5256-6F65-85EB-0078-689BD5CC1B17
40.21725,16.16569,0,B3CE5256-6F65-85EB-0078-689BD5CC1B17
40.240837,16.618008,0,B3CE5256-6F65-85EB-0078-689BD5CC1B17
-18.219772,16.782244,0,B3CE5256-6F65-85EB-0078-689BD5CC1B17
30.300566,-29.425049,0,B3CE5256-6F65-85EB-0078-689BD5CC1B17
30.231915,-29.364094,0,B3CE5256-6F65-85EB-0078-689BD5CC1B17
36.057777,-9.151942,0,B3CE5256-6F65-85EB-0078-689BD5CC1B17
-15.730015,24.084833,0,B3CE5256-6F65-85EB-0078-689BD5CC1B17
-16.285076,23.703367,1,B3CE5256-6F65-85EB-0078-689BD5CC1B17
-16.081203,23.972683,1,B3CE5256-6F65-85EB-0078-689BD5CC1B17
-16.080917,23.996302,2,B3CE5256-6F65-85EB-0078-689BD5CC1B17
-20.487719,-15.907301,2,B3CE5256-6F65-85EB-0078-689BD5CC1B17
35.50004,14.058144,2,B3CE5256-6F65-85EB-0078-689BD5CC1B17
35.543144,13.877434,2,B3CE5256-6F65-85EB-0078-689BD5CC1B17
35.5358,13.880559,0,B3CE5256-6F65-85EB-0078-689BD5CC1B17
-5.1638813,37.80414,2,B3CE5256-6F65-85EB-0078-689BD5CC1B17
-36.33383,1.6532512,2,B3CE5256-6F65-85EB-0078-689BD5CC1B17
-36.331226,1.579906,2,B3CE5256-6F65-85EB-0078-689BD5CC1B17
-14.104939,-47.10435,2,B3CE5256-6F65-85EB-0078-689BD5CC1B17
-16.104227,-40.42998,2,B3CE5256-6F65-85EB-0078-689BD5CC1B17
-16.107653,-40.437042,2,B3CE5256-6F65-85EB-0078-689BD5CC1B17
-18.162811,16.689877,2,B3CE5256-6F65-85EB-0078-689BD5CC1B17
-27.95412,-54.68929,2,B3CE5256-6F65-85EB-0078-689BD5CC1B17
35.78067,13.662509,2,B3CE5256-6F65-85EB-0078-689BD5CC1B17
48.42504,-29.081522,1,B6EE5F90-8F59-D3CF-C449-59216B28207B
48.309444,-29.187805,0,B6EE5F90-8F59-D3CF-C449-59216B28207B
48.508125,-29.091772,0,B6EE5F90-8F59-D3CF-C449-59216B28207B
48.501038,-29.090029,0,B6EE5F90-8F59-D3CF-C449-59216B28207B
45.978836,-31.091623,2,B6EE5F90-8F59-D3CF-C449-59216B28207B
6.9473886,-22.205223,2,B6EE5F90-8F59-D3CF-C449-59216B28207B
28.376139,-23.728533,1,B6EE5F90-8F59-D3CF-C449-59216B28207B
44.561707,8.678941,1,B6EE5F90-8F59-D3CF-C449-59216B28207B
44.563133,8.684259,1,B6EE5F90-8F59-D3CF-C449-59216B28207B
30.367825,-27.412827,1,B6EE5F90-8F59-D3CF-C449-59216B28207B
18.640644,23.30077,1,B6EE5F90-8F59-D3CF-C449-59216B28207B
19.316603,23.178831,1,B6EE5F90-8F59-D3CF-C449-59216B28207B
-5.6369324,-8.863573,2,B6EE5F90-8F59-D3CF-C449-59216B28207B
-5.6338735,-8.857685,2,B6EE5F90-8F59-D3CF-C449-59216B28207B
9.536266,45.31746,0,B6EE5F90-8F59-D3CF-C449-59216B28207B
9.534497,45.32574,0,B6EE5F90-8F59-D3CF-C449-59216B28207B
-7.3274355,-0.4670151,0,B6EE5F90-8F59-D3CF-C449-59216B28207B
-7.318286,-0.47088528,0,B6EE5F90-8F59-D3CF-C449-59216B28207B
30.383295,28.450586,1,B6EE5F90-8F59-D3CF-C449-59216B28207B
6.844376,-22.812624,1,B6EE5F90-8F59-D3CF-C449-59216B28207B
5.4276295,-20.067675,1,B6EE5F90-8F59-D3CF-C449-59216B28207B
38.647503,-3.3849573,2,B6EE5F90-8F59-D3CF-C449-59216B28207B
22.654129,24.10018,2,B6EE5F90-8F59-D3CF-C449-59216B28207B
22.592176,24.030598,2,B6EE5F90-8F59-D3CF-C449-59216B28207B
19.348577,25.833242,1,B6EE5F90-8F59-D3CF-C449-59216B28207B
29.351843,-25.758446,1,B6EE5F90-8F59-D3CF-C449-59216B28207B
-13.220683,-40.38883,1,B6EE5F90-8F59-D3CF-C449-59216B28207B
-13.101139,-40.237064,1,B6EE5F90-8F59-D3CF-C449-59216B28207B
-0.89924294,24.28898,1,B6EE5F90-8F59-D3CF-C449-59216B28207B
-0.9880797,24.131247,1,B6EE5F90-8F59-D3CF-C449-59216B28207B
38.78775,23.469082,2,B9FD0C60-33D3-E99E-2475-815EAD5C89C2
-67.38957,-17.635817,2,B9FD0C60-33D3-E99E-2475-815EAD5C89C2
-67.38983,-17.63471,2,B9FD0C60-33D3-E99E-2475-815EAD5C89C2
41.666294,-32.66467,2,B9FD0C60-33D3-E99E-2475-815EAD5C89C2
41.66553,-32.665718,2,B9FD0C60-33D3-E99E-2475-815EAD5C89C2
36.877407,-33.585365,0,B9FD0C60-33D3-E99E-2475-815EAD5C89C2
36.89332,-33.582607,0,B9FD0C60-33D3-E99E-2475-815EAD5C89C2
49.534496,-28.262848,0,B9FD0C60-33D3-E99E-2475-815EAD5C89C2
34.820366,26.78734,0,B9FD0C60-33D3-E99E-2475-815EAD5C89C2
32.89754,21.880167,0,B9FD0C60-33D3-E99E-2475-815EAD5C89C2
32.833878,21.922,0,B9FD0C60-33D3-E99E-2475-815EAD5C89C2
32.860935,21.91741,0,B9FD0C60-33D3-E99E-2475-815EAD5C89C2
16.873922,9.557189,2,B9FD0C60-33D3-E99E-2475-815EAD5C89C2
16.866617,9.558876,0,B9FD0C60-33D3-E99E-2475-815EAD5C89C2
16.869333,9.560392,0,B9FD0C60-33D3-E99E-2475-815EAD5C89C2
-4.909802,-21.752821,0,B9FD0C60-33D3-E99E-2475-815EAD5C89C2
-4.9148555,-21.749058,0,B9FD0C60-33D3-E99E-2475-815EAD5C89C2
8.442092,-7.1148386,1,B9FD0C60-33D3-E99E-2475-815EAD5C89C2
14.188962,-3.9980068,1,B9FD0C60-33D3-E99E-2475-815EAD5C89C2
6.4307704,-24.376705,2,B9FD0C60-33D3-E99E-2475-815EAD5C89C2
-25.554987,-0.034401137,2,B9FD0C60-33D3-E99E-2475-815EAD5C89C2
-24.37941,1.3427682,2,B9FD0C60-33D3-E99E-2475-815EAD5C89C2
-34.566906,23.726704,2,B9FD0C60-33D3-E99E-2475-815EAD5C89C2
-40.08886,-32.51012,2,B9FD0C60-33D3-E99E-2475-815EAD5C89C2
-35.065414,2.8783064,2,BAAA2876-D490-2AB5-0A98-6EB94C7FC331
-3.839549,-21.326609,2,BAAA2876-D490-2AB5-0A98-6EB94C7FC331
38.97522,-3.4736946,2,BAAA2876-D490-2AB5-0A98-6EB94C7FC331
16.284172,-11.411901,2,BAAA2876-D490-2AB5-0A98-6EB94C7FC331
16.276165,-11.40161,2,BAAA2876-D490-2AB5-0A98-6EB94C7FC331
13.482167,-13.972062,2,BAAA2876-D490-2AB5-0A98-6EB94C7FC331
29.289312,-25.31644,2,BAAA2876-D490-2AB5-0A98-6EB94C7FC331
37.211464,-4.507518,2,BAAA2876-D490-2AB5-0A98-6EB94C7FC331
-0.460668,-26.9293,2,BAAA2876-D490-2AB5-0A98-6EB94C7FC331
-0.44975296,-26.940865,1,BAAA2876-D490-2AB5-0A98-6EB94C7FC331
28.769276,-27.835615,2,BAAA2876-D490-2AB5-0A98-6EB94C7FC331
28.811546,-22.34227,2,BAAA2876-D490-2AB5-0A98-6EB94C7FC331
-0.03863266,24.97484,2,BAAA2876-D490-2AB5-0A98-6EB94C7FC331
-18.180635,16.605026,2,BAAA2876-D490-2AB5-0A98-6EB94C7FC331
39.369236,22.179832,2,BAAA2876-D490-2AB5-0A98-6EB94C7FC331
37.590797,-6.4782424,2,BAAA2876-D490-2AB5-0A98-6EB94C7FC331
-35.07575,13.66577,2,BAAA2876-D490-2AB5-0A98-6EB94C7FC331
36.990616,7.3940024,2,BAAA2876-D490-2AB5-0A98-6EB94C7FC331
-22.105526,-16.876375,2,BC7EE230-0AF9-3AC5-24E5-8EC4B0B432A8
-22.14009,-16.90851,0,BC7EE230-0AF9-3AC5-24E5-8EC4B0B432A8
-22.03831,-17.694588,0,BC7EE230-0AF9-3AC5-24E5-8EC4B0B432A8
-11.451691,-49.406666,0,BC7EE230-0AF9-3AC5-24E5-8EC4B0B432A8
-3.1518328,58.077805,0,BC7EE230-0AF9-3AC5-24E5-8EC4B0B432A8
-3.1860533,58.0911,2,BC7EE230-0AF9-3AC5-24E5-8EC4B0B432A8
29.678175,25.860846,0,BC7EE230-0AF9-3AC5-24E5-8EC4B0B432A8
30.398932,25.77245,2,BC7EE230-0AF9-3AC5-24E5-8EC4B0B432A8
29.722403,25.889437,2,BC7EE230-0AF9-3AC5-24E5-8EC4B0B432A8
29.754128,25.884108,2,BC7EE230-0AF9-3AC5-24E5-8EC4B0B432A8
29.697004,25.93659,2,BC7EE230-0AF9-3AC5-24E5-8EC4B0B432A8
33.50193,16.269781,2,BC7EE230-0AF9-3AC5-24E5-8EC4B0B432A8
-37.046436,16.99664,2,BC7EE230-0AF9-3AC5-24E5-8EC4B0B432A8
-7.6964436,58.99492,2,BC7EE230-0AF9-3AC5-24E5-8EC4B0B432A8
-7.7041187,58.99662,2,BC7EE230-0AF9-3AC5-24E5-8EC4B0B432A8
-7.700023,58.99587,2,BC7EE230-0AF9-3AC5-24E5-8EC4B0B432A8
43.54669,6.9283137,2,BC7EE230-0AF9-3AC5-24E5-8EC4B0B432A8
34.923256,27.045818,2,BC7EE230-0AF9-3AC5-24E5-8EC4B0B432A8
-34.608395,-10.660581,0,BD35F47E-4F73-8664-B165-98D2BF2CDA48
-34.585686,-10.651608,0,BD35F47E-4F73-8664-B165-98D2BF2CDA48
-34.611843,-10.661548,2,BD35F47E-4F73-8664-B165-98D2BF2CDA48
29.474068,-28.366137,2,BD35F47E-4F73-8664-B165-98D2BF2CDA48
-62.301994,10.956601,2,BD35F47E-4F73-8664-B165-98D2BF2CDA48
-63.210297,9.894028,2,BD35F47E-4F73-8664-B165-98D2BF2CDA48
-25.260199,44.972282,2,BD35F47E-4F73-8664-B165-98D2BF2CDA48
9.7754,-5.770058,2,BD35F47E-4F73-8664-B165-98D2BF2CDA48
66.89186,15.931037,2,BD35F47E-4F73-8664-B165-98D2BF2CDA48
66.51115,18.180666,2,BD35F47E-4F73-8664-B165-98D2BF2CDA48
66.26668,18.413134,2,BD35F47E-4F73-8664-B165-98D2BF2CDA48
66.26704,18.413235,2,BD35F47E-4F73-8664-B165-98D2BF2CDA48
-23.551594,40.568085,0,BD35F47E-4F73-8664-B165-98D2BF2CDA48
0.7439312,-49.057007,0,BD35F47E-4F73-8664-B165-98D2BF2CDA48
-8.781394,-54.955334,0,BD35F47E-4F73-8664-B165-98D2BF2CDA48
-33.888275,2.3963194,0,BD35F47E-4F73-8664-B165-98D2BF2CDA48
-1.8967012,9.702801,0,BD35F47E-4F73-8664-B165-98D2BF2CDA48
-1.896977,9.704982,0,BD35F47E-4F73-8664-B165-98D2BF2CDA48
35.13581,27.016478,1,BD35F47E-4F73-8664-B165-98D2BF2CDA48
34.8864,26.984617,1,BD35F47E-4F73-8664-B165-98D2BF2CDA48
27.645697,28.308157,1,BD35F47E-4F73-8664-B165-98D2BF2CDA48
-2.4138095,29.173086,0,BD35F47E-4F73-8664-B165-98D2BF2CDA48
37.45312,13.948349,0,BD35F47E-4F73-8664-B165-98D2BF2CDA48
-1.5458486,31.141796,0,BD35F47E-4F73-8664-B165-98D2BF2CDA48
-38.30034,-0.91773844,2,C24A665A-6B67-FDEA-04A4-C2DA3AF79D51
-0.35508984,-50.41318,2,C24A665A-6B67-FDEA-04A4-C2DA3AF79D51
-18.41008,-42.589237,2,C24A665A-6B67-FDEA-04A4-C2DA3AF79D51
-7.403228,-8.444576,0,C24A665A-6B67-FDEA-04A4-C2DA3AF79D51
-7.388103,-8.473497,0,C24A665A-6B67-FDEA-04A4-C2DA3AF79D51
12.305465,-14.320752,0,C24A665A-6B67-FDEA-04A4-C2DA3AF79D51
9.452637,45.417263,2,C24A665A-6B67-FDEA-04A4-C2DA3AF79D51
5.177227,62.356583,2,C24A665A-6B67-FDEA-04A4-C2DA3AF79D51
-60.85225,1.6800109,2,C24A665A-6B67-FDEA-04A4-C2DA3AF79D51
-60.851715,1.6815498,0,C24A665A-6B67-FDEA-04A4-C2DA3AF79D51
-60.81257,1.6708282,0,C24A665A-6B67-FDEA-04A4-C2DA3AF79D51
-60.679314,1.7401278,0,C24A665A-6B67-FDEA-04A4-C2DA3AF79D51
68.49627,7.9466376,2,C24A665A-6B67-FDEA-04A4-C2DA3AF79D51
68.49381,8.138135,1,C24A665A-6B67-FDEA-04A4-C2DA3AF79D51
68.11305,1.6543102,1,C24A665A-6B67-FDEA-04A4-C2DA3AF79D51
10.866211,42.382744,1,C24A665A-6B67-FDEA-04A4-C2DA3AF79D51
11.287334,44.15713,1,C24A665A-6B67-FDEA-04A4-C2DA3AF79D51
10.14875,41.728863,1,C24A665A-6B67-FDEA-04A4-C2DA3AF79D51
-25.982862,1.8071357,1,C24A665A-6B67-FDEA-04A4-C2DA3AF79D51
-27.296274,-56.348534,1,C24A665A-6B67-FDEA-04A4-C2DA3AF79D51
-27.857735,-55.737442,1,C24A665A-6B67-FDEA-04A4-C2DA3AF79D51
7.585106,-58.28327,1,C24A665A-6B67-FDEA-04A4-C2DA3AF79D51
7.4496493,-58.408413,1,C24A665A-6B67-FDEA-04A4-C2DA3AF79D51
7.3131094,-58.62973,1,C24A665A-6B67-FDEA-04A4-C2DA3AF79D51
-61.07043,13.163074,1,C24A665A-6B67-FDEA-04A4-C2DA3AF79D51
14.165952,-3.9613812,1,C24A665A-6B67-FDEA-04A4-C2DA3AF79D51
8.446799,-7.058146,1,C24A665A-6B67-FDEA-04A4-C2DA3AF79D51
8.439095,-7.053617,1,C24A665A-6B67-FDEA-04A4-C2DA3AF79D51
8.414028,-7.0987225,1,C24A665A-6B67-FDEA-04A4-C2DA3AF79D51
-3.892485,-22.564934,1,C24A665A-6B67-FDEA-04A4-C2DA3AF79D51
-37.88105,-0.32722884,2,C5DC661F-E2D6-2B65-4765-77C8B81D2488
-22.090652,-17.867836,2,C5DC661F-E2D6-2B65-4765-77C8B81D2488
-22.060339,-17.86611,2,C5DC661F-E2D6-2B65-4765-77C8B81D2488
-22.05047,-17.934898,2,C5DC661F-E2D6-2B65-4765-77C8B81D2488
-28.80559,-56.425804,2,C5DC661F-E2D6-2B65-4765-77C8B81D2488
-36.069435,-22.046307,2,C5DC661F-E2D6-2B65-4765-77C8B81D2488
-27.24481,-0.027850311,2,C5DC661F-E2D6-2B65-4765-77C8B81D2488
-16.499365,22.417744,2,C5DC661F-E2D6-2B65-4765-77C8B81D2488
-16.310907,23.33503,2,C5DC661F-E2D6-2B65-4765-77C8B81D2488
-62.923344,-11.278646,2,C5DC661F-E2D6-2B65-4765-77C8B81D2488
-60.29443,-12.764483,2,C5DC661F-E2D6-2B65-4765-77C8B81D2488
-62.959385,-13.900231,2,C5DC661F-E2D6-2B65-4765-77C8B81D2488
31.42694,28.327465,2,C8BB6C15-19FA-A17A-5945-6202803016D7
48.50786,-29.066988,2,C8BB6C15-19FA-A17A-5945-6202803016D7
40.803265,-33.252945,2,C8BB6C15-19FA-A17A-5945-6202803016D7
28.916145,-21.215286,0,C8BB6C15-19FA-A17A-5945-6202803016D7
30.129656,-17.10284,0,C8BB6C15-19FA-A17A-5945-6202803016D7
30.12927,-17.107761,0,C8BB6C15-19FA-A17A-5945-6202803016D7
6.992943,-24.479614,0,C8BB6C15-19FA-A17A-5945-6202803016D7
6.9735713,-24.606125,0,C8BB6C15-19FA-A17A-5945-6202803016D7
6.7493563,-24.678268,0,C8BB6C15-19FA-A17A-5945-6202803016D7
-1.9925853,9.679701,0,C8BB6C15-19FA-A17A-5945-6202803016D7
-5.1626797,-24.363157,0,C8BB6C15-19FA-A17A-5945-6202803016D7
-27.87177,-55.70669,0,C8BB6C15-19FA-A17A-5945-6202803016D7
-15.8643265,58.414505,2,C8BB6C15-19FA-A17A-5945-6202803016D7
-25.88453,42.8775,2,C8BB6C15-19FA-A17A-5945-6202803016D7
-25.033522,43.192364,2,C8BB6C15-19FA-A17A-5945-6202803016D7
41.740143,14.539193,0,C8BB6C15-19FA-A17A-5945-6202803016D7
67.88466,0.7604219,0,C8BB6C15-19FA-A17A-5945-6202803016D7
68.07112,1.6769625,0,C8BB6C15-19FA-A17A-5945-6202803016D7
68.07142,1.675718,0,C8BB6C15-19FA-A17A-5945-6202803016D7
68.62442,11.075141,1,C8BB6C15-19FA-A17A-5945-6202803016D7
68.65986,10.914161,2,C8BB6C15-19FA-A17A-5945-6202803016D7
65.8031,-5.316505,2,C8BB6C15-19FA-A17A-5945-6202803016D7
49.37827,-28.012718,2,C8BB6C15-19FA-A17A-5945-6202803016D7
49.46897,-27.8455,2,C8BB6C15-19FA-A17A-5945-6202803016D7
-67.325294,-17.975567,1,C8BB6C15-19FA-A17A-5945-6202803016D7
-60.850174,-12.621753,1,C8BB6C15-19FA-A17A-5945-6202803016D7
-27.925922,3.2551186,1,C8BB6C15-19FA-A17A-5945-6202803016D7
-56.445297,3.3422868,1,C8BB6C15-19FA-A17A-5945-6202803016D7
-58.778957,-2.7670782,1,C8BB6C15-19FA-A17A-5945-6202803016D7
-61.28173,-11.282486,1,C8BB6C15-19FA-A17A-5945-6202803016D7
3.8333323,-20.481133,1,C8BB6C15-19FA-A17A-5945-6202803016D7
3.4575179,-20.318365,1,C8BB6C15-19FA-A17A-5945-6202803016D7
-63.304634,-13.588639,1,C8BB6C15-19FA-A17A-5945-6202803016D7
43.67456,7.1001134,0,CCA3ABC5-DCCE-0BBE-5327-E65AE52A195D
40.418804,15.8934145,2,CCA3ABC5-DCCE-0BBE-5327-E65AE52A195D
39.28307,19.957054,2,CCA3ABC5-DCCE-0BBE-5327-E65AE52A195D
39.035572,21.985582,2,CCA3ABC5-DCCE-0BBE-5327-E65AE52A195D
39.028328,21.979431,2,CCA3ABC5-DCCE-0BBE-5327-E65AE52A195D
39.03069,21.979183,2,CCA3ABC5-DCCE-0BBE-5327-E65AE52A195D
37.550102,-6.2919297,2,CCA3ABC5-DCCE-0BBE-5327-E65AE52A195D
19.260828,25.241348,2,CCA3ABC5-DCCE-0BBE-5327-E65AE52A195D
12.309279,-14.33064,2,CCA3ABC5-DCCE-0BBE-5327-E65AE52A195D
45.706783,-31.450197,2,CCA3ABC5-DCCE-0BBE-5327-E65AE52A195D
45.60335,-31.588036,2,CCA3ABC5-DCCE-0BBE-5327-E65AE52A195D
45.599957,-31.58474,2,CCA3ABC5-DCCE-0BBE-5327-E65AE52A195D
16.767487,5.3271456,0,CD5833CD-93D3-318C-371A-18A32DEFC38B
-3.7264242,20.428322,0,CD5833CD-93D3-318C-371A-18A32DEFC38B
44.400314,8.037003,0,CD5833CD-93D3-318C-371A-18A32DEFC38B
-27.693079,1.8299967,0,CD5833CD-93D3-318C-371A-18A32DEFC38B
-27.719656,1.8141744,0,CD5833CD-93D3-318C-371A-18A32DEFC38B
-27.692888,1.830772,0,CD5833CD-93D3-318C-371A-18A32DEFC38B
-38.173775,-21.168598,0,CD5833CD-93D3-318C-371A-18A32DEFC38B
-23.45732,43.446495,0,CD5833CD-93D3-318C-371A-18A32DEFC38B
30.10051,-19.662352,0,CD5833CD-93D3-318C-371A-18A32DEFC38B
37.579964,-10.583167,0,CD5833CD-93D3-318C-371A-18A32DEFC38B
37.614357,-10.594813,0,CD5833CD-93D3-318C-371A-18A32DEFC38B
37.605385,-10.572365,1,CD5833CD-93D3-318C-371A-18A32DEFC38B
40.167828,10.847177,2,CD5833CD-93D3-318C-371A-18A32DEFC38B
-25.6689,42.585537,2,CD5833CD-93D3-318C-371A-18A32DEFC38B
16.580458,-12.027285,2,CD5833CD-93D3-318C-371A-18A32DEFC38B
16.552149,-12.12911,2,CD5833CD-93D3-318C-371A-18A32DEFC38B
16.571934,-12.0834,2,CD5833CD-93D3-318C-371A-18A32DEFC38B
-5.8873005,-7.1885047,2,CD5833CD-93D3-318C-371A-18A32DEFC38B
-24.706316,1.694089,2,CD5833CD-93D3-318C-371A-18A32DEFC38B
-24.722347,1.7165767,2,CD5833CD-93D3-318C-371A-18A32DEFC38B
-25.23191,1.8173096,2,CD5833CD-93D3-318C-371A-18A32DEFC38B
-47.30898,25.243496,2,CD5833CD-93D3-318C-371A-18A32DEFC38B
-11.951304,-44.074135,2,CD5833CD-93D3-318C-371A-18A32DEFC38B
-34.389698,-10.058426,2,CD5833CD-93D3-318C-371A-18A32DEFC38B
-56.279163,5.4855356,2,CD5833CD-93D3-318C-371A-18A32DEFC38B
-37.917286,-0.17422904,2,CD5833CD-93D3-318C-371A-18A32DEFC38B
-37.874424,-0.11706259,2,CD5833CD-93D3-318C-371A-18A32DEFC38B
-18.532059,-42.877277,2,CD5833CD-93D3-318C-371A-18A32DEFC38B
-14.6230955,-47.173817,2,CD5833CD-93D3-318C-371A-18A32DEFC38B
-9.580111,-53.505177,0,CD5833CD-93D3-318C-371A-18A32DEFC38B
-63.19711,-14.101632,2,CD5833CD-93D3-318C-371A-18A32DEFC38B
68.50529,7.058922,2,CD5833CD-93D3-318C-371A-18A32DEFC38B
66.57071,16.924028,2,CD5833CD-93D3-318C-371A-18A32DEFC38B
66.58402,16.886084,1,CD5833CD-93D3-318C-371A-18A32DEFC38B
68.408516,9.268177,1,CD5833CD-93D3-318C-371A-18A32DEFC38B
68.43294,8.726637,0,CD5833CD-93D3-318C-371A-18A32DEFC38B
8.116373,-7.55128,1,CD5833CD-93D3-318C-371A-18A32DEFC38B
-4.1031446,58.27313,2,CD5833CD-93D3-318C-371A-18A32DEFC38B
-22.726276,-20.981138,2,CD5833CD-93D3-318C-371A-18A32DEFC38B
11.131883,42.83198,2,CD5833CD-93D3-318C-371A-18A32DEFC38B
-22.651188,-20.987963,2,CD5833CD-93D3-318C-371A-18A32DEFC38B
-22.733988,-18.289639,0,CD5833CD-93D3-318C-371A-18A32DEFC38B
0.57585657,31.65898,2,D0F7ABC0-F552-63CD-CAC6-6703C39B83CA
-7.444203,-8.463407,2,D0F7ABC0-F552-63CD-CAC6-6703C39B83CA
13.326692,20.237453,2,D0F7ABC0-F552-63CD-CAC6-6703C39B83CA
16.62059,22.838537,2,D0F7ABC0-F552-63CD-CAC6-6703C39B83CA
38.546024,9.356244,0,D0F7ABC0-F552-63CD-CAC6-6703C39B83CA
38.625652,9.523805,0,D0F7ABC0-F552-63CD-CAC6-6703C39B83CA
0.7733255,-47.343002,1,D0F7ABC0-F552-63CD-CAC6-6703C39B83CA
-7.2105145,-0.16637765,1,D0F7ABC0-F552-63CD-CAC6-6703C39B83CA
-7.1973705,-0.19550207,1,D0F7ABC0-F552-63CD-CAC6-6703C39B83CA
-7.9494867,-0.4369392,1,D0F7ABC0-F552-63CD-CAC6-6703C39B83CA
-8.402112,1.5956861,1,D0F7ABC0-F552-63CD-CAC6-6703C39B83CA
-8.373318,1.5951058,1,D0F7ABC0-F552-63CD-CAC6-6703C39B83CA
-2.3013568,20.894808,1,D0F7ABC0-F552-63CD-CAC6-6703C39B83CA
-43.54836,25.397936,1,D0F7ABC0-F552-63CD-CAC6-6703C39B83CA
-23.9458,40.10368,1,D0F7ABC0-F552-63CD-CAC6-6703C39B83CA
-25.21124,-0.37614295,1,D0F7ABC0-F552-63CD-CAC6-6703C39B83CA
-19.588856,12.270753,1,D0F7ABC0-F552-63CD-CAC6-6703C39B83CA
-19.586992,12.270573,1,D0F7ABC0-F552-63CD-CAC6-6703C39B83CA
9.620714,39.153183,0,D0F7ABC0-F552-63CD-CAC6-6703C39B83CA
9.619252,39.120625,0,D0F7ABC0-F552-63CD-CAC6-6703C39B83CA
9.623295,39.134434,1,D0F7ABC0-F552-63CD-CAC6-6703C39B83CA
33.010376,-19.05384,1,D0F7ABC0-F552-63CD-CAC6-6703C39B83CA
-18.76149,15.835707,1,D0F7ABC0-F552-63CD-CAC6-6703C39B83CA
-25.892675,2.9347377,1,D0F7ABC0-F552-63CD-CAC6-6703C39B83CA
49.261337,-27.678843,2,D51A5648-0039-8CB1-45CB-C51E5ABA8BCC
28.477795,-24.064547,2,D51A5648-0039-8CB1-45CB-C51E5ABA8BCC
40.561977,-2.0659864,2,D51A5648-0039-8CB1-45CB-C51E5ABA8BCC
42.004246,14.257006,2,D51A5648-0039-8CB1-45CB-C51E5ABA8BCC
31.028002,-17.415323,2,D51A5648-0039-8CB1-45CB-C51E5ABA8BCC
31.233086,-16.703691,2,D51A5648-0039-8CB1-45CB-C51E5ABA8BCC
37.96127,-34.374546,0,D51A5648-0039-8CB1-45CB-C51E5ABA8BCC
37.967674,-34.36853,0,D51A5648-0039-8CB1-45CB-C51E5ABA8BCC
-24.337637,2.4269128,2,D51A5648-0039-8CB1-45CB-C51E5ABA8BCC
-16.788593,25.445032,2,D51A5648-0039-8CB1-45CB-C51E5ABA8BCC
-17.186872,25.095903,2,D51A5648-0039-8CB1-45CB-C51E5ABA8BCC
-16.859129,23.87849,2,D51A5648-0039-8CB1-45CB-C51E5ABA8BCC
31.292028,-20.38441,2,D51A5648-0039-8CB1-45CB-C51E5ABA8BCC
31.355982,-20.126537,2,D51A5648-0039-8CB1-45CB-C51E5ABA8BCC
14.024693,-14.556564,2,D51A5648-0039-8CB1-45CB-C51E5ABA8BCC
-34.050957,2.54366,2,D57F474B-B38C-E9AF-73CC-2CF16EED3827
38.4537,-3.4343414,1,D57F474B-B38C-E9AF-73CC-2CF16EED3827
-4.725838,-11.325104,0,D57F474B-B38C-E9AF-73CC-2CF16EED3827
13.640051,-14.787308,0,D57F474B-B38C-E9AF-73CC-2CF16EED3827
-62.419495,-14.874303,0,D57F474B-B38C-E9AF-73CC-2CF16EED3827
-62.68874,-15.096003,0,D57F474B-B38C-E9AF-73CC-2CF16EED3827
2.4672158,-57.87488,0,D57F474B-B38C-E9AF-73CC-2CF16EED3827
-17.924961,15.971161,0,D57F474B-B38C-E9AF-73CC-2CF16EED3827
42.01426,14.269181,0,D57F474B-B38C-E9AF-73CC-2CF16EED3827
-34.23737,-20.116549,2,D57F474B-B38C-E9AF-73CC-2CF16EED3827
-58.67925,17.197489,2,D57F474B-B38C-E9AF-73CC-2CF16EED3827
-47.619377,24.393673,2,D57F474B-B38C-E9AF-73CC-2CF16EED3827
-40.770298,-32.042477,2,D57F474B-B38C-E9AF-73CC-2CF16EED3827
-26.719797,3.2334049,2,D57F474B-B38C-E9AF-73CC-2CF16EED3827
1.1300219,-50.149696,1,D57F474B-B38C-E9AF-73CC-2CF16EED3827
1.1417905,-50.130615,1,D57F474B-B38C-E9AF-73CC-2CF16EED3827
6.652448,-59.19515,1,D57F474B-B38C-E9AF-73CC-2CF16EED3827
6.6570315,-58.913467,0,D57F474B-B38C-E9AF-73CC-2CF16EED3827
-42.78924,25.366343,1,D57F474B-B38C-E9AF-73CC-2CF16EED3827
-23.641489,43.97021,1,D57F474B-B38C-E9AF-73CC-2CF16EED3827
0.13710834,60.941017,1,D57F474B-B38C-E9AF-73CC-2CF16EED3827
-1.8926477,61.623627,1,D57F474B-B38C-E9AF-73CC-2CF16EED3827
-18.376455,-42.615143,1,D57F474B-B38C-E9AF-73CC-2CF16EED3827
-18.379557,-42.614964,1,D57F474B-B38C-E9AF-73CC-2CF16EED3827
-55.728336,7.183834,1,D57F474B-B38C-E9AF-73CC-2CF16EED3827
-35.036526,-9.046153,2,D57F474B-B38C-E9AF-73CC-2CF16EED3827
-60.311306,-12.873102,2,D57F474B-B38C-E9AF-73CC-2CF16EED3827
-62.80422,-13.789913,2,D57F474B-B38C-E9AF-73CC-2CF16EED3827
-62.919792,-13.931585,2,D57F474B-B38C-E9AF-73CC-2CF16EED3827
-25.770338,43.116585,2,D57F474B-B38C-E9AF-73CC-2CF16EED3827
31.534569,27.25029,0,D57F474B-B38C-E9AF-73CC-2CF16EED3827
32.03422,-22.590742,1,D57F474B-B38C-E9AF-73CC-2CF16EED3827
40.144115,-34.843136,1,D57F474B-B38C-E9AF-73CC-2CF16EED3827
-35.49177,24.098455,2,D6D11A63-A131-4E74-041D-6E3BD8EFF8FF
-35.471252,24.097042,2,D6D11A63-A131-4E74-041D-6E3BD8EFF8FF
-43.947556,25.144714,2,D6D11A63-A131-4E74-041D-6E3BD8EFF8FF
2.426494,-56.51463,2,D6D11A63-A131-4E74-041D-6E3BD8EFF8FF
27.610481,29.945236,2,D6D11A63-A131-4E74-041D-6E3BD8EFF8FF
16.391127,22.846,2,D6D11A63-A131-4E74-041D-6E3BD8EFF8FF
9.682491,-57.886475,2,D6D11A63-A131-4E74-041D-6E3BD8EFF8FF
7.2145786,-57.57797,2,D6D11A63-A131-4E74-041D-6E3BD8EFF8FF
6.7380514,-59.46158,2,D6D11A63-A131-4E74-041D-6E3BD8EFF8FF
-4.7001634,-24.60572,2,D6D11A63-A131-4E74-041D-6E3BD8EFF8FF
-6.4882045,-25.093334,2,D6D11A63-A131-4E74-041D-6E3BD8EFF8FF
-6.47643,-25.105185,0,D6D11A63-A131-4E74-041D-6E3BD8EFF8FF
-6.7982326,-7.494955,2,D8D27F81-4F83-E10A-448A-735447867552
1.1452764,12.269938,2,D8D27F81-4F83-E10A-448A-735447867552
1.1731434,12.269185,2,D8D27F81-4F83-E10A-448A-735447867552
0.19094464,29.236639,1,D8D27F81-4F83-E10A-448A-735447867552
0.21321781,29.240084,1,D8D27F81-4F83-E10A-448A-735447867552
-27.771488,-56.86645,1,D8D27F81-4F83-E10A-448A-735447867552
12.955504,20.637028,0,D8D27F81-4F83-E10A-448A-735447867552
12.936026,20.677404,0,D8D27F81-4F83-E10A-448A-735447867552
9.309842,45.182526,0,D8D27F81-4F83-E10A-448A-735447867552
-3.1085224,-13.800252,1,D8D27F81-4F83-E10A-448A-735447867552
-3.1092587,-13.79954,2,D8D27F81-4F83-E10A-448A-735447867552
-42.883907,24.615631,0,D8D27F81-4F83-E10A-448A-735447867552
1.282177,12.845137,2,D8D27F81-4F83-E10A-448A-735447867552
9.509036,38.772396,2,D8D27F81-4F83-E10A-448A-735447867552
5.9273286,-20.489761,2,D8D27F81-4F83-E10A-448A-735447867552
5.5429096,-20.254372,2,D8D27F81-4F83-E10A-448A-735447867552
-36.67462,3.7598245,2,D8D27F81-4F83-E10A-448A-735447867552
-3.1211638,55.217392,2,D8D27F81-4F83-E10A-448A-735447867552
-53.40542,14.747773,2,DA2856BC-D181-9AF0-DC9A-99A9444D5579
-53.407364,14.401001,0,DA2856BC-D181-9AF0-DC9A-99A9444D5579
-52.84769,15.197602,0,DA2856BC-D181-9AF0-DC9A-99A9444D5579
-55.97513,6.46531,0,DA2856BC-D181-9AF0-DC9A-99A9444D5579
39.487274,-4.834068,0,DA2856BC-D181-9AF0-DC9A-99A9444D5579
41.3157,-33.802074,0,DA2856BC-D181-9AF0-DC9A-99A9444D5579
-16.635668,25.518135,2,DA2856BC-D181-9AF0-DC9A-99A9444D5579
-25.821478,2.780059,2,DA2856BC-D181-9AF0-DC9A-99A9444D5579
-46.898754,24.170238,2,DA2856BC-D181-9AF0-DC9A-99A9444D5579
-58.67863,17.278666,2,DA2856BC-D181-9AF0-DC9A-99A9444D5579
-20.905436,-20.57792,2,DA2856BC-D181-9AF0-DC9A-99A9444D5579
-60.454674,-12.8122,0,DA2856BC-D181-9AF0-DC9A-99A9444D5579
-9.568169,-53.360725,1,DA2856BC-D181-9AF0-DC9A-99A9444D5579
-16.058167,58.59967,2,DA2856BC-D181-9AF0-DC9A-99A9444D5579
0.35242993,29.232584,2,DA2856BC-D181-9AF0-DC9A-99A9444D5579
-5.0177155,-24.509523,2,DA2856BC-D181-9AF0-DC9A-99A9444D5579
8.6622925,-8.931606,2,DA2856BC-D181-9AF0-DC9A-99A9444D5579
8.60901,-8.866451,2,DA2856BC-D181-9AF0-DC9A-99A9444D5579
-1.7664496,27.840492,2,DA2856BC-D181-9AF0-DC9A-99A9444D5579
-2.6373386,11.190519,2,DA2856BC-D181-9AF0-DC9A-99A9444D5579
-3.8282843,35.324738,2,DA2856BC-D181-9AF0-DC9A-99A9444D5579
-2.8254037,57.434937,2,DA2856BC-D181-9AF0-DC9A-99A9444D5579
-5.14975,35.080986,1,DA2856BC-D181-9AF0-DC9A-99A9444D5579
19.302595,23.207664,1,DA2856BC-D181-9AF0-DC9A-99A9444D5579
66.95979,15.107968,0,DBA0C8C4-AE05-772F-2E53-E6167F8ACB77
43.037567,-32.49178,2,DBA0C8C4-AE05-772F-2E53-E6167F8ACB77
44.13938,-32.084213,2,DBA0C8C4-AE05-772F-2E53-E6167F8ACB77
34.121826,-13.343916,0,DBA0C8C4-AE05-772F-2E53-E6167F8ACB77
34.12193,-13.343638,0,DBA0C8C4-AE05-772F-2E53-E6167F8ACB77
-23.96545,40.217316,0,DBA0C8C4-AE05-772F-2E53-E6167F8ACB77
1.8439498,-49.391983,0,DBA0C8C4-AE05-772F-2E53-E6167F8ACB77
-28.714893,-56.208344,0,DBA0C8C4-AE05-772F-2E53-E6167F8ACB77
-25.672773,42.891556,0,DBA0C8C4-AE05-772F-2E53-E6167F8ACB77
-27.65925,1.745056,0,DBA0C8C4-AE05-772F-2E53-E6167F8ACB77
-27.679022,1.7095982,0,DBA0C8C4-AE05-772F-2E53-E6167F8ACB77
-14.032405,-47.070305,0,DBA0C8C4-AE05-772F-2E53-E6167F8ACB77
0.3011322,31.980383,2,DBA0C8C4-AE05-772F-2E53-E6167F8ACB77
33.870975,15.570619,2,DBA0C8C4-AE05-772F-2E53-E6167F8ACB77
35.624817,13.789976,2,DBA0C8C4-AE05-772F-2E53-E6167F8ACB77
35.615494,13.801996,2,DBA0C8C4-AE05-772F-2E53-E6167F8ACB77
4.437715,-54.86298,2,DBA0C8C4-AE05-772F-2E53-E6167F8ACB77
-6.51712,-7.4742346,2,DBA0C8C4-AE05-772F-2E53-E6167F8ACB77
-27.304007,1.1354737,0,DBA0C8C4-AE05-772F-2E53-E6167F8ACB77
-27.243591,0.1100979,0,DBA0C8C4-AE05-772F-2E53-E6167F8ACB77
-16.624008,23.618343,2,DBA0C8C4-AE05-772F-2E53-E6167F8ACB77
-16.516287,23.581472,2,DBA0C8C4-AE05-772F-2E53-E6167F8ACB77
-23.470123,11.656829,2,DBA0C8C4-AE05-772F-2E53-E6167F8ACB77
9.850242,-2.04588,2,DBA0C8C4-AE05-772F-2E53-E6167F8ACB77
67.29146,15.053545,2,DBA0C8C4-AE05-772F-2E53-E6167F8ACB77
38.05688,-33.661587,2,DBA0C8C4-AE05-772F-2E53-E6167F8ACB77
6.1079307,-58.812862,2,DBA0C8C4-AE05-772F-2E53-E6167F8ACB77
-11.680071,-50.274242,2,DBA0C8C4-AE05-772F-2E53-E6167F8ACB77
-11.680913,-50.277126,2,DBA0C8C4-AE05-772F-2E53-E6167F8ACB77
-8.884245,59.500576,2,DBA0C8C4-AE05-772F-2E53-E6167F8ACB77
13.1452465,1.3292917,0,DC0BE0E2-B41E-3D73-47C5-5733952512CB
13.158944,1.3290584,0,DC0BE0E2-B41E-3D73-47C5-5733952512CB
13.158038,1.3350184,0,DC0BE0E2-B41E-3D73-47C5-5733952512CB
-27.08388,-0.2782147,0,DC0BE0E2-B41E-3D73-47C5-5733952512CB
-3.5202012,-23.237133,0,DC0BE0E2-B41E-3D73-47C5-5733952512CB
-3.5157678,-23.227417,2,DC0BE0E2-B41E-3D73-47C5-5733952512CB
-15.369181,24.653322,2,DC0BE0E2-B41E-3D73-47C5-5733952512CB
31.864656,-16.91529,2,DC0BE0E2-B41E-3D73-47C5-5733952512CB
28.331078,-24.889244,2,DC0BE0E2-B41E-3D73-47C5-5733952512CB
27.893024,-26.760511,2,DC0BE0E2-B41E-3D73-47C5-5733952512CB
27.800499,-26.942492,2,DC0BE0E2-B41E-3D73-47C5-5733952512CB
39.48572,-5.926258,2,DC0BE0E2-B41E-3D73-47C5-5733952512CB
28.398422,-24.983315,2,DC0BE0E2-B41E-3D73-47C5-5733952512CB
-17.51701,-42.23929,2,DC0BE0E2-B41E-3D73-47C5-5733952512CB
-22.600254,-21.119028,2,DC0BE0E2-B41E-3D73-47C5-5733952512CB
-38.130806,-1.2082936,2,DC0BE0E2-B41E-3D73-47C5-5733952512CB
-37.843685,-0.19894627,2,DC0BE0E2-B41E-3D73-47C5-5733952512CB
-38.23313,-1.0028685,2,DC0BE0E2-B41E-3D73-47C5-5733952512CB
40.603683,15.332967,1,DCB45A10-FAF5-53E0-AB53-2D42AC9BB090
41.058945,16.760136,1,DCB45A10-FAF5-53E0-AB53-2D42AC9BB090
27.871193,32.60782,1,DCB45A10-FAF5-53E0-AB53-2D42AC9BB090
29.18114,29.590965,1,DCB45A10-FAF5-53E0-AB53-2D42AC9BB090
28.075378,29.964788,1,DCB45A10-FAF5-53E0-AB53-2D42AC9BB090
-43.20618,23.348625,2,DCB45A10-FAF5-53E0-AB53-2D42AC9BB090
3.523548,36.26885,2,DCB45A10-FAF5-53E0-AB53-2D42AC9BB090
2.015964,-19.719646,2,DCB45A10-FAF5-53E0-AB53-2D42AC9BB090
0.40430436,33.445957,0,DCB45A10-FAF5-53E0-AB53-2D42AC9BB090
30.523378,-28.915016,0,DCB45A10-FAF5-53E0-AB53-2D42AC9BB090
31.157616,-29.586422,0,DCB45A10-FAF5-53E0-AB53-2D42AC9BB090
31.055988,-29.489574,0,DCB45A10-FAF5-53E0-AB53-2D42AC9BB090
9.839201,-7.9771404,1,DCB45A10-FAF5-53E0-AB53-2D42AC9BB090
20.34515,-3.905293,1,DCB45A10-FAF5-53E0-AB53-2D42AC9BB090
13.925923,20.864834,1,DCB45A10-FAF5-53E0-AB53-2D42AC9BB090
-5.811536,-4.593411,1,DCB45A10-FAF5-53E0-AB53-2D42AC9BB090
-21.964842,40.756805,1,DCB45A10-FAF5-53E0-AB53-2D42AC9BB090
-27.460012,-56.563065,1,DCB45A10-FAF5-53E0-AB53-2D42AC9BB090
-37.15007,18.179071,2,DCB45A10-FAF5-53E0-AB53-2D42AC9BB090
-38.316223,18.116312,2,DCB45A10-FAF5-53E0-AB53-2D42AC9BB090
-3.5991833,58.032787,2,DCB45A10-FAF5-53E0-AB53-2D42AC9BB090
-3.5773861,58.069317,2,DCB45A10-FAF5-53E0-AB53-2D42AC9BB090
-3.9180648,58.15426,1,DCB45A10-FAF5-53E0-AB53-2D42AC9BB090
-37.47589,-23.636133,2,DCB45A10-FAF5-53E0-AB53-2D42AC9BB090
-8.204246,59.23823,1,DCB45A10-FAF5-53E0-AB53-2D42AC9BB090
29.513731,-29.218157,1,DCB45A10-FAF5-53E0-AB53-2D42AC9BB090
-4.4629326,-22.038906,1,DCB45A10-FAF5-53E0-AB53-2D42AC9BB090
-33.54549,-19.216732,1,DCB45A10-FAF5-53E0-AB53-2D42AC9BB090
-34.127293,-20.111746,1,DCB45A10-FAF5-53E0-AB53-2D42AC9BB090
-24.050354,-16.077194,1,DCB45A10-FAF5-53E0-AB53-2D42AC9BB090
-36.9762,18.673569,2,DD956DE9-DEFB-C0C6-82B4-C639A17D6782
-36.987347,18.663073,2,DD956DE9-DEFB-C0C6-82B4-C639A17D6782
-9.233967,-53.031372,2,DD956DE9-DEFB-C0C6-82B4-C639A17D6782
3.0897365,-25.072645,2,DD956DE9-DEFB-C0C6-82B4-C639A17D6782
6.5851803,-24.594637,1,DD956DE9-DEFB-C0C6-82B4-C639A17D6782
10.232626,-1.3337506,0,DD956DE9-DEFB-C0C6-82B4-C639A17D6782
47.898327,-29.48461,0,DD956DE9-DEFB-C0C6-82B4-C639A17D6782
-8.664882,-1.6056794,2,DD956DE9-DEFB-C0C6-82B4-C639A17D6782
39.24745,19.65101,2,DD956DE9-DEFB-C0C6-82B4-C639A17D6782
39.38513,15.529688,2,DD956DE9-DEFB-C0C6-82B4-C639A17D6782
16.90643,21.475468,2,DD956DE9-DEFB-C0C6-82B4-C639A17D6782
-4.2278438,35.812267,2,DD956DE9-DEFB-C0C6-82B4-C639A17D6782
39.34904,22.039207,2,DD956DE9-DEFB-C0C6-82B4-C639A17D6782
14.293008,-13.456532,2,DD956DE9-DEFB-C0C6-82B4-C639A17D6782
-8.143105,2.6734798,0,DD956DE9-DEFB-C0C6-82B4-C639A17D6782
-0.906853,13.309539,0,DD956DE9-DEFB-C0C6-82B4-C639A17D6782
-25.880226,-2.4455068,0,DD956DE9-DEFB-C0C6-82B4-C639A17D6782
-19.94438,-16.335089,0,DD956DE9-DEFB-C0C6-82B4-C639A17D6782
35.843807,-10.326159,0,DD956DE9-DEFB-C0C6-82B4-C639A17D6782
40.72485,11.561065,2,DD956DE9-DEFB-C0C6-82B4-C639A17D6782
13.403894,20.325462,2,DD956DE9-DEFB-C0C6-82B4-C639A17D6782
30.745985,33.046463,2,DD956DE9-DEFB-C0C6-82B4-C639A17D6782
30.58248,33.08517,2,DD956DE9-DEFB-C0C6-82B4-C639A17D6782
30.739857,33.047573,2,DD956DE9-DEFB-C0C6-82B4-C639A17D6782
-36.9736,18.61974,2,DD956DE9-DEFB-C0C6-82B4-C639A17D6782
-36.975918,18.620718,2,DD956DE9-DEFB-C0C6-82B4-C639A17D6782
-36.94547,-20.16528,2,DD956DE9-DEFB-C0C6-82B4-C639A17D6782
13.316945,20.429989,0,DD956DE9-DEFB-C0C6-82B4-C639A17D6782
13.313308,20.433668,0,DD956DE9-DEFB-C0C6-82B4-C639A17D6782
33.07351,-14.988779,0,DD956DE9-DEFB-C0C6-82B4-C639A17D6782
-6.4929657,-0.8912763,2,DD956DE9-DEFB-C0C6-82B4-C639A17D6782
-4.7633314,-5.2659364,2,DD956DE9-DEFB-C0C6-82B4-C639A17D6782
63.200043,-9.758343,2,DD956DE9-DEFB-C0C6-82B4-C639A17D6782
66.63788,-2.907653,2,DD956DE9-DEFB-C0C6-82B4-C639A17D6782
66.64014,-2.8974884,0,DD956DE9-DEFB-C0C6-82B4-C639A17D6782
68.69369,10.121443,0,DD956DE9-DEFB-C0C6-82B4-C639A17D6782
-12.872205,-41.150074,2,DE775A65-68D5-C477-E2F7-BCC1AEF0B850
-12.737981,-41.021046,2,DE775A65-68D5-C477-E2F7-BCC1AEF0B850
-40.07856,-30.988554,2,DE775A65-68D5-C477-E2F7-BCC1AEF0B850
-40.233353,-30.996418,2,DE775A65-68D5-C477-E2F7-BCC1AEF0B850
18.475374,24.848242,2,DE775A65-68D5-C477-E2F7-BCC1AEF0B850
36.77838,-5.726909,2,DE775A65-68D5-C477-E2F7-BCC1AEF0B850
-1.099613,-23.632849,2,DE775A65-68D5-C477-E2F7-BCC1AEF0B850
67.20245,-4.7237935,2,DE775A65-68D5-C477-E2F7-BCC1AEF0B850
39.051655,-33.41424,2,DE775A65-68D5-C477-E2F7-BCC1AEF0B850
39.05064,-33.4163,2,DE775A65-68D5-C477-E2F7-BCC1AEF0B850
38.698017,-33.395737,2,DE775A65-68D5-C477-E2F7-BCC1AEF0B850
40.754333,-33.277695,2,DE775A65-68D5-C477-E2F7-BCC1AEF0B850
-27.030785,-57.000004,1,DF62EF03-DA30-E70A-CA31-03A029C9610A
-27.154045,-57.025726,1,DF62EF03-DA30-E70A-CA31-03A029C9610A
1.417309,-48.187237,1,DF62EF03-DA30-E70A-CA31-03A029C9610A
15.515481,1.4930441,1,DF62EF03-DA30-E70A-CA31-03A029C9610A
14.281005,-4.840581,1,DF62EF03-DA30-E70A-CA31-03A029C9610A
-2.7082844,-25.404278,0,DF62EF03-DA30-E70A-CA31-03A029C9610A
-23.435125,-16.763716,2,DF62EF03-DA30-E70A-CA31-03A029C9610A
-41.32287,-30.563215,2,DF62EF03-DA30-E70A-CA31-03A029C9610A
-38.47303,-21.925726,2,DF62EF03-DA30-E70A-CA31-03A029C9610A
-36.930405,17.081875,2,DF62EF03-DA30-E70A-CA31-03A029C9610A
-66.234116,-16.51998,2,DF62EF03-DA30-E70A-CA31-03A029C9610A
28.917953,-21.153847,2,DF62EF03-DA30-E70A-CA31-03A029C9610A
-8.317409,1.9607114,2,DF62EF03-DA30-E70A-CA31-03A029C9610A
-58.815495,-2.9541087,2,DF62EF03-DA30-E70A-CA31-03A029C9610A
-60.281597,-12.820062,2,DF62EF03-DA30-E70A-CA31-03A029C9610A
-60.26697,-12.830374,2,DF62EF03-DA30-E70A-CA31-03A029C9610A
7.5319138,-1.9006982,0,DF62EF03-DA30-E70A-CA31-03A029C9610A
-59.624435,1.1468463,0,DF62EF03-DA30-E70A-CA31-03A029C9610A
67.25755,15.181588,0,E49C1269-8AB7-8C8F-FC88-AA92C2F1E260
29.257597,-25.74872,0,E49C1269-8AB7-8C8F-FC88-AA92C2F1E260
-3.9142509,35.997612,0,E49C1269-8AB7-8C8F-FC88-AA92C2F1E260
6.6395154,-24.40458,0,E49C1269-8AB7-8C8F-FC88-AA92C2F1E260
-4.4512367,37.6904,2,E49C1269-8AB7-8C8F-FC88-AA92C2F1E260
-4.546013,37.693073,2,E49C1269-8AB7-8C8F-FC88-AA92C2F1E260
-4.5719094,37.690212,2,E49C1269-8AB7-8C8F-FC88-AA92C2F1E260
-4.471973,38.755375,2,E49C1269-8AB7-8C8F-FC88-AA92C2F1E260
-18.135632,16.734207,0,E49C1269-8AB7-8C8F-FC88-AA92C2F1E260
-34.805386,-11.501221,0,E49C1269-8AB7-8C8F-FC88-AA92C2F1E260
-17.675098,-41.656612,0,E49C1269-8AB7-8C8F-FC88-AA92C2F1E260
-4.337953,58.4664,0,E49C1269-8AB7-8C8F-FC88-AA92C2F1E260
-4.343568,58.496567,0,E49C1269-8AB7-8C8F-FC88-AA92C2F1E260
-4.214839,35.908733,0,E49C1269-8AB7-8C8F-FC88-AA92C2F1E260
-2.527907,11.23119,0,E49C1269-8AB7-8C8F-FC88-AA92C2F1E260
-24.698145,45.170288,0,E49C1269-8AB7-8C8F-FC88-AA92C2F1E260
-34.40782,-10.01892,0,E49C1269-8AB7-8C8F-FC88-AA92C2F1E260
-62.05053,12.365009,2,E49C1269-8AB7-8C8F-FC88-AA92C2F1E260
20.456648,23.340872,0,E5CCE6B3-2C6E-BE96-602F-3852C8614777
-59.71506,0.59309214,0,E5CCE6B3-2C6E-BE96-602F-3852C8614777
-68.119736,-19.108065,2,E5CCE6B3-2C6E-BE96-602F-3852C8614777
-3.0118043,34.99381,2,E5CCE6B3-2C6E-BE96-602F-3852C8614777
-16.920546,14.722284,0,E5CCE6B3-2C6E-BE96-602F-3852C8614777
-16.919767,14.72544,0,E5CCE6B3-2C6E-BE96-602F-3852C8614777
-3.3963995,54.859165,0,E5CCE6B3-2C6E-BE96-602F-3852C8614777
-20.938347,12.913438,0,E5CCE6B3-2C6E-BE96-602F-3852C8614777
4.5154486,63.20124,2,E5CCE6B3-2C6E-BE96-602F-3852C8614777
-23.474262,40.333267,2,E5CCE6B3-2C6E-BE96-602F-3852C8614777
46.855793,-30.4206,2,E5CCE6B3-2C6E-BE96-602F-3852C8614777
46.850536,-30.423738,2,E5CCE6B3-2C6E-BE96-602F-3852C8614777
-1.628497,21.78662,2,E5CCE6B3-2C6E-BE96-602F-3852C8614777
6.4515214,-2.9376745,2,E5CCE6B3-2C6E-BE96-602F-3852C8614777
1.3048803,-56.508755,2,E5CCE6B3-2C6E-BE96-602F-3852C8614777
0.6561308,-56.300587,2,E5CCE6B3-2C6E-BE96-602F-3852C8614777
29.418507,-28.310158,2,E5CCE6B3-2C6E-BE96-602F-3852C8614777
29.245934,-28.131407,2,E5CCE6B3-2C6E-BE96-602F-3852C8614777
-5.099388,37.775826,2,E5CCE6B3-2C6E-BE96-602F-3852C8614777
40.020973,16.745667,2,E5CCE6B3-2C6E-BE96-602F-3852C8614777
40.573685,11.269742,2,E5CCE6B3-2C6E-BE96-602F-3852C8614777
40.003532,14.948803,2,E5CCE6B3-2C6E-BE96-602F-3852C8614777
39.79993,15.546846,0,E5CCE6B3-2C6E-BE96-602F-3852C8614777
-7.1329045,-0.11296059,0,E5CCE6B3-2C6E-BE96-602F-3852C8614777
-40.87154,-30.789486,2,E5CCE6B3-2C6E-BE96-602F-3852C8614777
-34.969307,23.367796,2,E5CCE6B3-2C6E-BE96-602F-3852C8614777
-0.25137502,-28.91189,2,E5CCE6B3-2C6E-BE96-602F-3852C8614777
-0.24196136,-28.71204,2,E5CCE6B3-2C6E-BE96-602F-3852C8614777
0.20060068,-27.459166,2,E5CCE6B3-2C6E-BE96-602F-3852C8614777
0.16558631,-27.42574,2,E5CCE6B3-2C6E-BE96-602F-3852C8614777
-36.448524,0.55551106,0,E5F96AC5-AE7E-C4E8-8288-FB2674F43704
-36.46778,0.5409368,0,E5F96AC5-AE7E-C4E8-8288-FB2674F43704
-56.305576,5.393545,0,E5F96AC5-AE7E-C4E8-8288-FB2674F43704
15.598962,-11.658942,2,E5F96AC5-AE7E-C4E8-8288-FB2674F43704
-2.4339192,29.14242,2,E5F96AC5-AE7E-C4E8-8288-FB2674F43704
-2.179983,28.734537,2,E5F96AC5-AE7E-C4E8-8288-FB2674F43704
17.176804,21.294819,2,E5F96AC5-AE7E-C4E8-8288-FB2674F43704
31.946217,26.755312,0,E5F96AC5-AE7E-C4E8-8288-FB2674F43704
34.825222,27.013786,0,E5F96AC5-AE7E-C4E8-8288-FB2674F43704
-7.3567233,2.2334843,0,E5F96AC5-AE7E-C4E8-8288-FB2674F43704
-7.30913,2.2480958,0,E5F96AC5-AE7E-C4E8-8288-FB2674F43704
-3.6288798,21.233812,0,E5F96AC5-AE7E-C4E8-8288-FB2674F43704
-1.8441526,54.572315,0,E5F96AC5-AE7E-C4E8-8288-FB2674F43704
9.34429,42.43259,2,E5F96AC5-AE7E-C4E8-8288-FB2674F43704
10.742965,-0.50045735,2,E5F96AC5-AE7E-C4E8-8288-FB2674F43704
10.632973,-0.6711976,2,E5F96AC5-AE7E-C4E8-8288-FB2674F43704
-1.6794398,-55.574535,2,E5F96AC5-AE7E-C4E8-8288-FB2674F43704
-19.728783,12.194788,2,E5F96AC5-AE7E-C4E8-8288-FB2674F43704
66.89827,16.281885,2,E5F96AC5-AE7E-C4E8-8288-FB2674F43704
66.127426,18.787382,2,E5F96AC5-AE7E-C4E8-8288-FB2674F43704
-0.2703215,24.828123,2,E5F96AC5-AE7E-C4E8-8288-FB2674F43704
-0.27138078,24.827335,2,E5F96AC5-AE7E-C4E8-8288-FB2674F43704
0.114782706,25.04674,2,E5F96AC5-AE7E-C4E8-8288-FB2674F43704
-6.719475,-7.328755,2,E5F96AC5-AE7E-C4E8-8288-FB2674F43704
43.29686,-33.792816,2,E5F96AC5-AE7E-C4E8-8288-FB2674F43704
33.057724,19.7882,2,E5F96AC5-AE7E-C4E8-8288-FB2674F43704
-63.8119,9.958945,2,E5F96AC5-AE7E-C4E8-8288-FB2674F43704
-63.689495,10.113517,0,E5F96AC5-AE7E-C4E8-8288-FB2674F43704
6.3726954,-58.35538,0,E5F96AC5-AE7E-C4E8-8288-FB2674F43704
6.3349576,-58.308704,0,E5F96AC5-AE7E-C4E8-8288-FB2674F43704
-24.394127,2.1694622,2,EA788550-E907-E4AC-EAE4-82CC26723E3B
-26.081621,-1.7237071,2,EA788550-E907-E4AC-EAE4-82CC26723E3B
-26.969812,-1.5217127,2,EA788550-E907-E4AC-EAE4-82CC26723E3B
-26.214787,-0.6140586,2,EA788550-E907-E4AC-EAE4-82CC26723E3B
-27.129055,-1.618942,2,EA788550-E907-E4AC-EAE4-82CC26723E3B
-34.053535,2.6213474,2,EA788550-E907-E4AC-EAE4-82CC26723E3B
37.05799,6.4714103,2,EA788550-E907-E4AC-EAE4-82CC26723E3B
-54.79782,14.330483,2,EA788550-E907-E4AC-EAE4-82CC26723E3B
-47.030563,25.164764,2,EA788550-E907-E4AC-EAE4-82CC26723E3B
-47.031017,25.152023,2,EA788550-E907-E4AC-EAE4-82CC26723E3B
-35.739506,-23.067705,2,EA788550-E907-E4AC-EAE4-82CC26723E3B
-40.26094,-31.109037,2,EA788550-E907-E4AC-EAE4-82CC26723E3B
-27.420223,-57.057808,1,EC6E2525-212C-1C3A-0B73-74D1B45748E1
-27.451597,-57.067318,1,EC6E2525-212C-1C3A-0B73-74D1B45748E1
-18.322794,-42.86609,1,EC6E2525-212C-1C3A-0B73-74D1B45748E1
28.3791,33.11046,1,EC6E2525-212C-1C3A-0B73-74D1B45748E1
28.37307,33.11062,0,EC6E2525-212C-1C3A-0B73-74D1B45748E1
29.721115,29.276417,0,EC6E2525-212C-1C3A-0B73-74D1B45748E1
33.060436,-14.934422,2,EC6E2525-212C-1C3A-0B73-74D1B45748E1
-57.07082,-0.03528943,0,EC6E2525-212C-1C3A-0B73-74D1B45748E1
-57.07185,-0.036667358,0,EC6E2525-212C-1C3A-0B73-74D1B45748E1
-42.744045,25.118208,0,EC6E2525-212C-1C3A-0B73-74D1B45748E1
-42.830273,25.060421,0,EC6E2525-212C-1C3A-0B73-74D1B45748E1
-42.746883,25.11055,0,EC6E2525-212C-1C3A-0B73-74D1B45748E1
-37.62524,-21.473879,2,EC6E2525-212C-1C3A-0B73-74D1B45748E1
-38.02236,-21.93826,2,EC6E2525-212C-1C3A-0B73-74D1B45748E1
-37.969788,-21.861816,2,EC6E2525-212C-1C3A-0B73-74D1B45748E1
-0.7669177,24.380194,2,EC6E2525-212C-1C3A-0B73-74D1B45748E1
-0.76189935,24.386179,0,EC6E2525-212C-1C3A-0B73-74D1B45748E1
-17.888048,15.303668,0,EC6E2525-212C-1C3A-0B73-74D1B45748E1
-7.1766334,-4.346047,2,EC6E2525-212C-1C3A-0B73-74D1B45748E1
-40.566643,-29.991756,2,EC6E2525-212C-1C3A-0B73-74D1B45748E1
15.843861,9.725839,2,EC6E2525-212C-1C3A-0B73-74D1B45748E1
-39.80943,19.1464,1,EC6E2525-212C-1C3A-0B73-74D1B45748E1
-39.914932,19.484825,1,EC6E2525-212C-1C3A-0B73-74D1B45748E1
-39.878365,19.197388,0,EC6E2525-212C-1C3A-0B73-74D1B45748E1
6.849249,-56.95773,2,EE62AFCD-B47D-E676-0257-21F92CB612D8
-6.1725473,-8.661116,2,EE62AFCD-B47D-E676-0257-21F92CB612D8
-15.631281,58.018585,0,EE62AFCD-B47D-E676-0257-21F92CB612D8
-9.793917,-53.46825,0,EE62AFCD-B47D-E676-0257-21F92CB612D8
-14.8180895,58.57342,0,EE62AFCD-B47D-E676-0257-21F92CB612D8
-14.822496,58.58997,0,EE62AFCD-B47D-E676-0257-21F92CB612D8
-67.991005,-18.863655,2,EE62AFCD-B47D-E676-0257-21F92CB612D8
-67.63211,-17.905775,2,EE62AFCD-B47D-E676-0257-21F92CB612D8
28.981722,-23.707895,0,EE62AFCD-B47D-E676-0257-21F92CB612D8
28.753902,-25.700785,0,EE62AFCD-B47D-E676-0257-21F92CB612D8
28.771917,-25.650042,0,EE62AFCD-B47D-E676-0257-21F92CB612D8
32.729263,-13.521758,0,EE62AFCD-B47D-E676-0257-21F92CB612D8
-43.870678,24.818317,2,EE62AFCD-B47D-E676-0257-21F92CB612D8
-1.1483355,-23.538946,2,EE62AFCD-B47D-E676-0257-21F92CB612D8
29.406855,-26.234465,2,EE62AFCD-B47D-E676-0257-21F92CB612D8
18.520813,23.346209,2,EE62AFCD-B47D-E676-0257-21F92CB612D8
18.523575,23.313896,2,EE62AFCD-B47D-E676-0257-21F92CB612D8
18.530216,23.359184,2,EE62AFCD-B47D-E676-0257-21F92CB612D8
-22.279793,-18.46902,2,EE62AFCD-B47D-E676-0257-21F92CB612D8
-22.31214,-18.453655,2,EE62AFCD-B47D-E676-0257-21F92CB612D8
-22.336185,-18.467392,2,EE62AFCD-B47D-E676-0257-21F92CB612D8
-22.37734,-21.15189,2,EE62AFCD-B47D-E676-0257-21F92CB612D8
-22.331215,-21.191345,2,EE62AFCD-B47D-E676-0257-21F92CB612D8
0.299079,60.820225,2,EE62AFCD-B47D-E676-0257-21F92CB612D8
31.25654,-16.176064,2,F1430977-52AF-4F46-BF92-0A8D736CBD2B
31.254614,-16.175047,2,F1430977-52AF-4F46-BF92-0A8D736CBD2B
-0.26719746,24.854559,2,F1430977-52AF-4F46-BF92-0A8D736CBD2B
-4.8790174,-24.473885,0,F1430977-52AF-4F46-BF92-0A8D736CBD2B
-34.63708,24.119635,0,F1430977-52AF-4F46-BF92-0A8D736CBD2B
-34.647526,24.150522,0,F1430977-52AF-4F46-BF92-0A8D736CBD2B
-21.021767,12.10645,0,F1430977-52AF-4F46-BF92-0A8D736CBD2B
-13.724926,-41.165035,0,F1430977-52AF-4F46-BF92-0A8D736CBD2B
-14.044454,-40.845795,0,F1430977-52AF-4F46-BF92-0A8D736CBD2B
8.423319,-8.198533,0,F1430977-52AF-4F46-BF92-0A8D736CBD2B
22.224712,24.19047,2,F1430977-52AF-4F46-BF92-0A8D736CBD2B
19.445,24.190516,2,F1430977-52AF-4F46-BF92-0A8D736CBD2B
17.567312,7.7082777,2,F1430977-52AF-4F46-BF92-0A8D736CBD2B
-16.615469,58.905914,2,F1430977-52AF-4F46-BF92-0A8D736CBD2B
-16.710314,58.84363,2,F1430977-52AF-4F46-BF92-0A8D736CBD2B
-16.229557,59.42586,2,F1430977-52AF-4F46-BF92-0A8D736CBD2B
-16.720566,58.840492,2,F1430977-52AF-4F46-BF92-0A8D736CBD2B
-23.030018,42.60295,2,F1430977-52AF-4F46-BF92-0A8D736CBD2B
-23.075941,42.582542,0,F1430977-52AF-4F46-BF92-0A8D736CBD2B
-63.574562,-14.477407,0,F1430977-52AF-4F46-BF92-0A8D736CBD2B
28.177166,-21.64404,0,F1430977-52AF-4F46-BF92-0A8D736CBD2B
3.7141688,-19.52914,2,F1430977-52AF-4F46-BF92-0A8D736CBD2B
20.67872,-3.3394933,2,F1430977-52AF-4F46-BF92-0A8D736CBD2B
-59.543247,13.491547,2,F1430977-52AF-4F46-BF92-0A8D736CBD2B
-4.4183173,38.803318,0,F752B62E-E95F-A65D-4CB2-8B0252E15F08
10.01116,-7.214213,1,F752B62E-E95F-A65D-4CB2-8B0252E15F08
9.892292,-6.614759,2,F752B62E-E95F-A65D-4CB2-8B0252E15F08
-27.14767,-57.02577,2,F752B62E-E95F-A65D-4CB2-8B0252E15F08
-15.52091,24.281725,2,F752B62E-E95F-A65D-4CB2-8B0252E15F08
-47.685616,24.2938,2,F752B62E-E95F-A65D-4CB2-8B0252E15F08
-58.677773,17.281197,2,F752B62E-E95F-A65D-4CB2-8B0252E15F08
9.84014,42.91532,2,F752B62E-E95F-A65D-4CB2-8B0252E15F08
1.4580773,-48.4204,2,F752B62E-E95F-A65D-4CB2-8B0252E15F08
-8.186992,-53.88163,2,F752B62E-E95F-A65D-4CB2-8B0252E15F08
-8.228606,-53.88592,2,F752B62E-E95F-A65D-4CB2-8B0252E15F08
-8.136441,-53.98225,2,F752B62E-E95F-A65D-4CB2-8B0252E15F08
-46.602005,24.960484,2,F752B62E-E95F-A65D-4CB2-8B0252E15F08
-36.56132,-21.9656,0,F752B62E-E95F-A65D-4CB2-8B0252E15F08
-22.217533,-14.764265,0,F752B62E-E95F-A65D-4CB2-8B0252E15F08
-33.754753,-21.089863,0,F752B62E-E95F-A65D-4CB2-8B0252E15F08
-33.87371,-20.940382,1,F752B62E-E95F-A65D-4CB2-8B0252E15F08
-34.144745,-20.17118,1,F752B62E-E95F-A65D-4CB2-8B0252E15F08
1.1871544,-50.3473,1,F752B62E-E95F-A65D-4CB2-8B0252E15F08
11.204742,42.453804,1,F752B62E-E95F-A65D-4CB2-8B0252E15F08
11.274912,42.605316,1,F752B62E-E95F-A65D-4CB2-8B0252E15F08
64.31342,-8.250101,2,F752B62E-E95F-A65D-4CB2-8B0252E15F08
64.32114,-8.239816,2,F752B62E-E95F-A65D-4CB2-8B0252E15F08
64.25116,-8.6602125,2,F752B62E-E95F-A65D-4CB2-8B0252E15F08
-47.965717,24.935764,2,F752B62E-E95F-A65D-4CB2-8B0252E15F08
-1.2873149,60.63297,2,F752B62E-E95F-A65D-4CB2-8B0252E15F08
-1.6977812,60.535774,2,F752B62E-E95F-A65D-4CB2-8B0252E15F08
1.7155768,30.217545,1,F752B62E-E95F-A65D-4CB2-8B0252E15F08
1.2867804,30.59961,0,F752B62E-E95F-A65D-4CB2-8B0252E15F08
-0.11461064,29.813692,0,F752B62E-E95F-A65D-4CB2-8B0252E15F08
-0.108954415,29.806675,0,F752B62E-E95F-A65D-4CB2-8B0252E15F08
23.502613,24.094679,0,F752B62E-E95F-A65D-4CB2-8B0252E15F08
23.430775,24.104261,0,F752B62E-E95F-A65D-4CB2-8B0252E15F08
-2.025994,55.2269,0,F752B62E-E95F-A65D-4CB2-8B0252E15F08
-2.04018,55.2104,1,F752B62E-E95F-A65D-4CB2-8B0252E15F08
-1.9888109,55.24281,1,F752B62E-E95F-A65D-4CB2-8B0252E15F08
27.826313,33.5886,2,FB3409F8-2ADE-757A-A1A5-DC1BBBD1131A
27.820536,33.591545,2,FB3409F8-2ADE-757A-A1A5-DC1BBBD1131A
-7.8770986,-54.37677,0,FB3409F8-2ADE-757A-A1A5-DC1BBBD1131A
28.065166,32.935314,0,FB3409F8-2ADE-757A-A1A5-DC1BBBD1131A
13.395249,21.04761,0,FB3409F8-2ADE-757A-A1A5-DC1BBBD1131A
13.341537,21.054152,0,FB3409F8-2ADE-757A-A1A5-DC1BBBD1131A
13.295469,-14.14097,1,FB3409F8-2ADE-757A-A1A5-DC1BBBD1131A
13.25285,-14.147754,1,FB3409F8-2ADE-757A-A1A5-DC1BBBD1131A
13.272879,-14.152175,1,FB3409F8-2ADE-757A-A1A5-DC1BBBD1131A
-5.64071,-4.0949345,1,FB3409F8-2ADE-757A-A1A5-DC1BBBD1131A
-5.6189075,-4.197799,0,FB3409F8-2ADE-757A-A1A5-DC1BBBD1131A
-63.148968,9.426599,0,FB3409F8-2ADE-757A-A1A5-DC1BBBD1131A
-68.48077,-19.715807,0,FB3409F8-2ADE-757A-A1A5-DC1BBBD1131A
-68.47948,-19.71359,2,FB3409F8-2ADE-757A-A1A5-DC1BBBD1131A
39.3111,20.555405,2,FB3409F8-2ADE-757A-A1A5-DC1BBBD1131A
35.908447,-10.416016,2,FB3409F8-2ADE-757A-A1A5-DC1BBBD1131A
37.473995,-7.9076967,2,FB3409F8-2ADE-757A-A1A5-DC1BBBD1131A
36.072296,-9.934062,2,FB3409F8-2ADE-757A-A1A5-DC1BBBD1131A
-37.45654,17.663973,1,FB70D507-2F2A-0F83-3B53-75EB8452F5E0
-37.456825,17.660975,1,FB70D507-2F2A-0F83-3B53-75EB8452F5E0
-21.643246,11.662391,1,FB70D507-2F2A-0F83-3B53-75EB8452F5E0
-37.61655,1.2527364,1,FB70D507-2F2A-0F83-3B53-75EB8452F5E0
-37.595516,1.2341391,1,FB70D507-2F2A-0F83-3B53-75EB8452F5E0
-35.642494,23.35965,1,FB70D507-2F2A-0F83-3B53-75EB8452F5E0
8.454904,-59.69372,2,FB70D507-2F2A-0F83-3B53-75EB8452F5E0
8.48255,-59.745872,2,FB70D507-2F2A-0F83-3B53-75EB8452F5E0
33.587627,20.697783,2,FB70D507-2F2A-0F83-3B53-75EB8452F5E0
22.471275,24.006615,1,FB70D507-2F2A-0F83-3B53-75EB8452F5E0
-12.897253,-46.506733,1,FB70D507-2F2A-0F83-3B53-75EB8452F5E0
-11.2973385,-48.923923,1,FB70D507-2F2A-0F83-3B53-75EB8452F5E0
-0.9145225,12.63983,1,FB70D507-2F2A-0F83-3B53-75EB8452F5E0
-0.8784006,12.638303,1,FB70D507-2F2A-0F83-3B53-75EB8452F5E0
-0.88776606,12.642871,1,FB70D507-2F2A-0F83-3B53-75EB8452F5E0
2.634613,63.381382,1,FB70D507-2F2A-0F83-3B53-75EB8452F5E0
-18.154835,16.71448,1,FB70D507-2F2A-0F83-3B53-75EB8452F5E0
-2.5346103,60.376865,1,FB70D507-2F2A-0F83-3B53-75EB8452F5E0
39.42782,19.372288,1,FB70D507-2F2A-0F83-3B53-75EB8452F5E0
39.426533,19.374592,1,FB70D507-2F2A-0F83-3B53-75EB8452F5E0
31.746569,-23.227486,2,FB70D507-2F2A-0F83-3B53-75EB8452F5E0
31.766918,24.041927,2,FC50071B-D2BA-C98B-AC6E-7339010D56DA
31.459082,24.761494,2,FC50071B-D2BA-C98B-AC6E-7339010D56DA
-7.6547685,1.5301344,2,FC50071B-D2BA-C98B-AC6E-7339010D56DA
-7.676573,1.4565668,2,FC50071B-D2BA-C98B-AC6E-7339010D56DA
40.705494,-1.8032676,2,FC50071B-D2BA-C98B-AC6E-7339010D56DA
30.154892,-20.850716,2,FC50071B-D2BA-C98B-AC6E-7339010D56DA
-41.17222,19.926899,2,FC50071B-D2BA-C98B-AC6E-7339010D56DA
-40.421803,19.706375,2,FC50071B-D2BA-C98B-AC6E-7339010D56DA
-3.342194,21.290558,0,FC50071B-D2BA-C98B-AC6E-7339010D56DA
-37.40563,17.601406,0,FC50071B-D2BA-C98B-AC6E-7339010D56DA
-22.142,10.791837,0,FC50071B-D2BA-C98B-AC6E-7339010D56DA
-36.584553,0.8965846,2,FC50071B-D2BA-C98B-AC6E-7339010D56DA
-14.161089,-40.844357,2,FC50071B-D2BA-C98B-AC6E-7339010D56DA
-14.323027,-40.891136,2,FC50071B-D2BA-C98B-AC6E-7339010D56DA
16.048851,4.8293386,2,FC50071B-D2BA-C98B-AC6E-7339010D56DA
38.184155,8.96209,2,FC50071B-D2BA-C98B-AC6E-7339010D56DA
-14.311614,-39.717308,2,FC50071B-D2BA-C98B-AC6E-7339010D56DA
3.1068857,63.376343,1,FC50071B-D2BA-C98B-AC6E-7339010D56DA
-21.132742,-20.308308,0,FC50071B-D2BA-C98B-AC6E-7339010D56DA
-27.911963,-54.706963,0,FC50071B-D2BA-C98B-AC6E-7339010D56DA
6.9267364,-59.307083,1,FC50071B-D2BA-C98B-AC6E-7339010D56DA
12.338718,-14.343326,1,FC50071B-D2BA-C98B-AC6E-7339010D56DA
-35.714073,22.79169,1,FC50071B-D2BA-C98B-AC6E-7339010D56DA
-43.07527,23.313461,1,FC50071B-D2BA-C98B-AC6E-7339010D56DA
-5.636277,-26.56994,1,FC66D29E-8CD8-AE29-A071-33549272C1EE
-5.804231,-25.818272,1,FC66D29E-8CD8-AE29-A071-33549272C1EE
0.59310126,32.186356,1,FC66D29E-8CD8-AE29-A071-33549272C1EE
-1.3654022,60.52833,1,FC66D29E-8CD8-AE29-A071-33549272C1EE
-1.4029342,60.583206,1,FC66D29E-8CD8-AE29-A071-33549272C1EE
-1.3164268,60.60051,1,FC66D29E-8CD8-AE29-A071-33549272C1EE
-9.709122,-53.612362,1,FC66D29E-8CD8-AE29-A071-33549272C1EE
16.33789,4.743244,1,FC66D29E-8CD8-AE29-A071-33549272C1EE
-15.911629,-40.927135,1,FC66D29E-8CD8-AE29-A071-33549272C1EE
-15.907171,-40.930496,1,FC66D29E-8CD8-AE29-A071-33549272C1EE
-15.901387,-40.958637,1,FC66D29E-8CD8-AE29-A071-33549272C1EE
-35.480644,24.025263,1,FC66D29E-8CD8-AE29-A071-33549272C1EE
-36.189163,-22.043745,2,FC66D29E-8CD8-AE29-A071-33549272C1EE
-34.642727,-20.374079,2,FC66D29E-8CD8-AE29-A071-33549272C1EE
-40.190403,-31.992992,2,FC66D29E-8CD8-AE29-A071-33549272C1EE
-18.812994,16.735874,0,FC66D29E-8CD8-AE29-A071-33549272C1EE
-17.847382,-41.48974,0,FC66D29E-8CD8-AE29-A071-33549272C1EE
-17.748466,-41.297466,0,FC66D29E-8CD8-AE29-A071-33549272C1EE
64.64746,-9.376097,0,FC66D29E-8CD8-AE29-A071-33549272C1EE
64.64839,-9.379677,2,FC66D29E-8CD8-AE29-A071-33549272C1EE
68.45245,4.8624434,0,FC66D29E-8CD8-AE29-A071-33549272C1EE
49.395863,-27.866482,0,FC66D29E-8CD8-AE29-A071-33549272C1EE
49.86894,-27.71033,0,FC66D29E-8CD8-AE29-A071-33549272C1EE
49.8505,-27.738424,0,FC66D29E-8CD8-AE29-A071-33549272C1EE
67.701515,0.07310582,2,FFAB0F54-EFF2-FA1A-1892-F9D8ED3C9B31
-16.991968,23.317213,0,FFAB0F54-EFF2-FA1A-1892-F9D8ED3C9B31
-16.975784,23.24522,0,FFAB0F54-EFF2-FA1A-1892-F9D8ED3C9B31
-16.932861,23.197502,0,FFAB0F54-EFF2-FA1A-1892-F9D8ED3C9B31
16.021152,3.9527671,2,FFAB0F54-EFF2-FA1A-1892-F9D8ED3C9B31
15.845924,3.160154,2,FFAB0F54-EFF2-FA1A-1892-F9D8ED3C9B31
-3.6475081,36.18361,2,FFAB0F54-EFF2-FA1A-1892-F9D8ED3C9B31
40.5027,15.961482,0,FFAB0F54-EFF2-FA1A-1892-F9D8ED3C9B31
40.490746,15.988025,0,FFAB0F54-EFF2-FA1A-1892-F9D8ED3C9B31
40.372845,16.769995,0,FFAB0F54-EFF2-FA1A-1892-F9D8ED3C9B31
-36.927395,18.116852,2,FFAB0F54-EFF2-FA1A-1892-F9D8ED3C9B31
21.108637,1.133881,2,FFAB0F54-EFF2-FA1A-1892-F9D8ED3C9B31
-46.637978,24.793247,0,FFAB0F54-EFF2-FA1A-1892-F9D8ED3C9B31
-44.19457,24.669458,2,FFAB0F54-EFF2-FA1A-1892-F9D8ED3C9B31
-36.248405,-21.93942,2,FFAB0F54-EFF2-FA1A-1892-F9D8ED3C9B31
-36.615852,-21.949646,2,FFAB0F54-EFF2-FA1A-1892-F9D8ED3C9B31
-36.236214,-21.96554,2,FFAB0F54-EFF2-FA1A-1892-F9D8ED3C9B31
-15.947784,23.277357,2,FFAB0F54-EFF2-FA1A-1892-F9D8ED3C9B31
-58.685047,17.206789,2,FFAB0F54-EFF2-FA1A-1892-F9D8ED3C9B31
-58.682133,17.19859,0,FFAB0F54-EFF2-FA1A-1892-F9D8ED3C9B31
-59.639618,1.168964,0,FFAB0F54-EFF2-FA1A-1892-F9D8ED3C9B31
-16.816586,59.564026,0,FFAB0F54-EFF2-FA1A-1892-F9D8ED3C9B31
-16.619915,59.619614,0,FFAB0F54-EFF2-FA1A-1892-F9D8ED3C9B31
-16.607943,59.807335,0,FFAB0F54-EFF2-FA1A-1892-F9D8ED3C9B31
