tsne_x,tsne_y,label_mood,player_id
33.047806,20.599913,2,018B0D8D-B5EC-09D6-90ED-550058EBFEAF
14.457033,20.039438,2,018B0D8D-B5EC-09D6-90ED-550058EBFEAF
36.17236,15.30531,2,018B0D8D-B5EC-09D6-90ED-550058EBFEAF
32.456654,21.257942,2,018B0D8D-B5EC-09D6-90ED-550058EBFEAF
37.96392,12.190779,2,018B0D8D-B5EC-09D6-90ED-550058EBFEAF
36.255722,15.324616,2,018B0D8D-B5EC-09D6-90ED-550058EBFEAF
32.749992,21.157154,2,018B0D8D-B5EC-09D6-90ED-550058EBFEAF
14.791915,18.771795,2,018B0D8D-B5EC-09D6-90ED-550058EBFEAF
20.094963,1.1026579,2,018B0D8D-B5EC-09D6-90ED-550058EBFEAF
19.84564,0.99813753,2,018B0D8D-B5EC-09D6-90ED-550058EBFEAF
24.519999,1.3403028,0,018B0D8D-B5EC-09D6-90ED-550058EBFEAF
6.781784,-11.856668,0,018B0D8D-B5EC-09D6-90ED-550058EBFEAF
20.26798,-33.53362,2,018B0D8D-B5EC-09D6-90ED-550058EBFEAF
20.509392,-33.371216,2,018B0D8D-B5EC-09D6-90ED-550058EBFEAF
21.519936,-33.20811,2,018B0D8D-B5EC-09D6-90ED-550058EBFEAF
41.75366,-30.08927,2,018B0D8D-B5EC-09D6-90ED-550058EBFEAF
22.680994,-32.0172,2,018B0D8D-B5EC-09D6-90ED-550058EBFEAF
21.584696,-31.673931,2,018B0D8D-B5EC-09D6-90ED-550058EBFEAF
9.687513,19.056355,2,018B0D8D-B5EC-09D6-90ED-550058EBFEAF
10.149213,19.361494,2,018B0D8D-B5EC-09D6-90ED-550058EBFEAF
36.9344,20.009827,2,018B0D8D-B5EC-09D6-90ED-550058EBFEAF
35.16821,22.385658,2,018B0D8D-B5EC-09D6-90ED-550058EBFEAF
-5.4434175,49.84909,2,018B0D8D-B5EC-09D6-90ED-550058EBFEAF
-5.645906,49.96019,2,018B0D8D-B5EC-09D6-90ED-550058EBFEAF
-10.194068,-36.91357,2,018B0D8D-B5EC-09D6-90ED-550058EBFEAF
-10.3054695,-37.22383,2,018B0D8D-B5EC-09D6-90ED-550058EBFEAF
-10.258198,-36.981285,2,018B0D8D-B5EC-09D6-90ED-550058EBFEAF
-10.259379,-36.994328,2,018B0D8D-B5EC-09D6-90ED-550058EBFEAF
23.741196,-23.501652,0,018B0D8D-B5EC-09D6-90ED-550058EBFEAF
22.096378,-25.55558,0,018B0D8D-B5EC-09D6-90ED-550058EBFEAF
-34.757416,10.856968,0,018B0D8D-B5EC-09D6-90ED-550058EBFEAF
-34.730278,10.861182,0,018B0D8D-B5EC-09D6-90ED-550058EBFEAF
-5.2963276,-42.274002,0,018B0D8D-B5EC-09D6-90ED-550058EBFEAF
-5.058189,-42.527176,0,018B0D8D-B5EC-09D6-90ED-550058EBFEAF
23.641832,-23.826382,0,018B0D8D-B5EC-09D6-90ED-550058EBFEAF
30.06849,-31.23414,0,018B0D8D-B5EC-09D6-90ED-550058EBFEAF
35.169712,13.544198,0,09FCECC4-F94E-ED69-5E9B-3223B590A149
37.129025,18.922602,0,09FCECC4-F94E-ED69-5E9B-3223B590A149
38.351624,19.285334,0,09FCECC4-F94E-ED69-5E9B-3223B590A149
10.8335285,21.968027,2,09FCECC4-F94E-ED69-5E9B-3223B590A149
20.767942,-33.779152,2,09FCECC4-F94E-ED69-5E9B-3223B590A149
50.724617,-26.194695,2,09FCECC4-F94E-ED69-5E9B-3223B590A149
-26.02418,44.660572,1,09FCECC4-F94E-ED69-5E9B-3223B590A149
-25.679787,44.82705,1,09FCECC4-F94E-ED69-5E9B-3223B590A149
-24.735397,45.527187,1,09FCECC4-F94E-ED69-5E9B-3223B590A149
-42.396748,29.911694,1,09FCECC4-F94E-ED69-5E9B-3223B590A149
-21.367207,48.214706,1,09FCECC4-F94E-ED69-5E9B-3223B590A149
-12.090868,19.64717,0,09FCECC4-F94E-ED69-5E9B-3223B590A149
13.28043,-4.660623,2,0A221ADF-C99E-307E-7B65-92EF9DABA6C4
8.283066,-5.6817636,2,0A221ADF-C99E-307E-7B65-92EF9DABA6C4
38.126984,5.431639,2,0A221ADF-C99E-307E-7B65-92EF9DABA6C4
12.694036,2.3665435,2,0A221ADF-C99E-307E-7B65-92EF9DABA6C4
12.781902,2.28607,2,0A221ADF-C99E-307E-7B65-92EF9DABA6C4
15.126123,2.2162488,2,0A221ADF-C99E-307E-7B65-92EF9DABA6C4
-30.459728,-11.072987,2,0A221ADF-C99E-307E-7B65-92EF9DABA6C4
-30.50603,-11.050776,2,0A221ADF-C99E-307E-7B65-92EF9DABA6C4
-30.561459,-11.013477,2,0A221ADF-C99E-307E-7B65-92EF9DABA6C4
-25.534843,-20.648167,0,0A221ADF-C99E-307E-7B65-92EF9DABA6C4
-26.482704,-39.25122,0,0A221ADF-C99E-307E-7B65-92EF9DABA6C4
-26.608294,-39.31804,0,0A221ADF-C99E-307E-7B65-92EF9DABA6C4
0.4677133,-5.5930734,0,0A221ADF-C99E-307E-7B65-92EF9DABA6C4
0.45897382,-5.596839,0,0A221ADF-C99E-307E-7B65-92EF9DABA6C4
-0.61676824,-20.754192,0,0A221ADF-C99E-307E-7B65-92EF9DABA6C4
0.21910764,-19.772459,2,0A221ADF-C99E-307E-7B65-92EF9DABA6C4
18.77819,-4.9490213,2,0A221ADF-C99E-307E-7B65-92EF9DABA6C4
18.752253,-4.967014,0,0A221ADF-C99E-307E-7B65-92EF9DABA6C4
8.578459,-4.871794,0,0A221ADF-C99E-307E-7B65-92EF9DABA6C4
-5.728428,49.48412,0,0A221ADF-C99E-307E-7B65-92EF9DABA6C4
-5.183724,49.22215,0,0A221ADF-C99E-307E-7B65-92EF9DABA6C4
-5.439089,49.30189,0,0A221ADF-C99E-307E-7B65-92EF9DABA6C4
-12.234119,52.685883,2,0A221ADF-C99E-307E-7B65-92EF9DABA6C4
-11.756845,52.752026,2,0A221ADF-C99E-307E-7B65-92EF9DABA6C4
-47.13201,-7.4835563,0,0A221ADF-C99E-307E-7B65-92EF9DABA6C4
-47.173,-7.4909554,0,0A221ADF-C99E-307E-7B65-92EF9DABA6C4
-47.329033,-7.5229993,2,0A221ADF-C99E-307E-7B65-92EF9DABA6C4
39.46951,-23.126877,2,0A221ADF-C99E-307E-7B65-92EF9DABA6C4
25.269968,-22.86411,2,0A221ADF-C99E-307E-7B65-92EF9DABA6C4
-52.65256,-1.3917018,2,0A221ADF-C99E-307E-7B65-92EF9DABA6C4
-1.120015,41.400963,2,0A221ADF-C99E-307E-7B65-92EF9DABA6C4
-1.1742232,41.21052,2,0A221ADF-C99E-307E-7B65-92EF9DABA6C4
-4.0099263,48.350986,2,0A221ADF-C99E-307E-7B65-92EF9DABA6C4
-13.902941,52.739296,0,0A221ADF-C99E-307E-7B65-92EF9DABA6C4
-4.5765624,29.682459,0,0A221ADF-C99E-307E-7B65-92EF9DABA6C4
-4.2995543,30.45647,0,0A221ADF-C99E-307E-7B65-92EF9DABA6C4
9.98117,1.7464345,0,0A76B59A-F1FF-F3F5-A3CA-2386FA8EF308
10.0575905,1.7322216,2,0A76B59A-F1FF-F3F5-A3CA-2386FA8EF308
42.3567,-30.225252,2,0A76B59A-F1FF-F3F5-A3CA-2386FA8EF308
30.725254,-35.36157,2,0A76B59A-F1FF-F3F5-A3CA-2386FA8EF308
18.221432,15.550019,2,0A76B59A-F1FF-F3F5-A3CA-2386FA8EF308
29.602272,7.6458187,2,0A76B59A-F1FF-F3F5-A3CA-2386FA8EF308
42.09491,-23.712551,2,0A76B59A-F1FF-F3F5-A3CA-2386FA8EF308
46.123825,-19.403711,2,0A76B59A-F1FF-F3F5-A3CA-2386FA8EF308
14.47215,50.73038,0,0A76B59A-F1FF-F3F5-A3CA-2386FA8EF308
16.019718,49.900917,0,0A76B59A-F1FF-F3F5-A3CA-2386FA8EF308
10.144531,53.17002,0,0A76B59A-F1FF-F3F5-A3CA-2386FA8EF308
9.199042,53.541367,2,0A76B59A-F1FF-F3F5-A3CA-2386FA8EF308
11.536785,3.3931017,0,0A76B59A-F1FF-F3F5-A3CA-2386FA8EF308
16.602793,4.220341,0,0A76B59A-F1FF-F3F5-A3CA-2386FA8EF308
49.349594,-16.450087,0,0A76B59A-F1FF-F3F5-A3CA-2386FA8EF308
49.25821,-16.572132,0,0A76B59A-F1FF-F3F5-A3CA-2386FA8EF308
49.3033,-16.538511,0,0A76B59A-F1FF-F3F5-A3CA-2386FA8EF308
-0.8080629,-27.315226,0,0A76B59A-F1FF-F3F5-A3CA-2386FA8EF308
-0.9137577,-27.761786,0,0A76B59A-F1FF-F3F5-A3CA-2386FA8EF308
-2.1469219,-32.996315,0,0A76B59A-F1FF-F3F5-A3CA-2386FA8EF308
-2.1291475,-33.37661,0,0A76B59A-F1FF-F3F5-A3CA-2386FA8EF308
-2.259345,-32.962433,2,0A76B59A-F1FF-F3F5-A3CA-2386FA8EF308
-0.37370944,-12.512269,2,0A76B59A-F1FF-F3F5-A3CA-2386FA8EF308
-0.6556038,-12.89944,2,0A76B59A-F1FF-F3F5-A3CA-2386FA8EF308
-6.335126,-25.35569,0,0A76B59A-F1FF-F3F5-A3CA-2386FA8EF308
-30.011768,-39.123505,0,0A76B59A-F1FF-F3F5-A3CA-2386FA8EF308
-30.116682,-37.234627,2,0A76B59A-F1FF-F3F5-A3CA-2386FA8EF308
-30.083864,-37.27084,2,0A76B59A-F1FF-F3F5-A3CA-2386FA8EF308
-30.118475,-37.065983,2,0A76B59A-F1FF-F3F5-A3CA-2386FA8EF308
-30.140856,-36.811543,2,0A76B59A-F1FF-F3F5-A3CA-2386FA8EF308
-2.044662,-22.536272,2,0A76B59A-F1FF-F3F5-A3CA-2386FA8EF308
-2.1085057,-23.095736,2,0A76B59A-F1FF-F3F5-A3CA-2386FA8EF308
-0.46399242,-17.683445,2,0A76B59A-F1FF-F3F5-A3CA-2386FA8EF308
-41.708477,9.009079,0,0A76B59A-F1FF-F3F5-A3CA-2386FA8EF308
-43.92887,8.294824,0,0A76B59A-F1FF-F3F5-A3CA-2386FA8EF308
-44.24258,8.148415,0,0A76B59A-F1FF-F3F5-A3CA-2386FA8EF308
22.219978,-26.066505,2,0AD33010-1AC1-E9FB-2FD4-313E3DF4692D
29.986055,-32.247757,1,0AD33010-1AC1-E9FB-2FD4-313E3DF4692D
42.56939,-25.938372,1,0AD33010-1AC1-E9FB-2FD4-313E3DF4692D
41.71921,-31.488441,0,0AD33010-1AC1-E9FB-2FD4-313E3DF4692D
29.97253,-36.006416,0,0AD33010-1AC1-E9FB-2FD4-313E3DF4692D
30.609953,-36.235935,0,0AD33010-1AC1-E9FB-2FD4-313E3DF4692D
11.689468,16.956926,1,0AD33010-1AC1-E9FB-2FD4-313E3DF4692D
43.54912,-20.979582,1,0AD33010-1AC1-E9FB-2FD4-313E3DF4692D
45.802265,-19.355816,0,0AD33010-1AC1-E9FB-2FD4-313E3DF4692D
46.362606,-19.061436,0,0AD33010-1AC1-E9FB-2FD4-313E3DF4692D
46.408707,-19.063505,0,0AD33010-1AC1-E9FB-2FD4-313E3DF4692D
46.286674,-18.980257,0,0AD33010-1AC1-E9FB-2FD4-313E3DF4692D
8.196272,-0.70570797,1,0AD33010-1AC1-E9FB-2FD4-313E3DF4692D
8.985455,-1.2526203,2,0AD33010-1AC1-E9FB-2FD4-313E3DF4692D
8.858625,-1.5965068,2,0AD33010-1AC1-E9FB-2FD4-313E3DF4692D
9.362522,-0.9575467,2,0AD33010-1AC1-E9FB-2FD4-313E3DF4692D
12.588356,1.7749177,2,0AD33010-1AC1-E9FB-2FD4-313E3DF4692D
-6.6594253,-43.76187,2,0AD33010-1AC1-E9FB-2FD4-313E3DF4692D
14.119896,-5.3067117,1,0AD33010-1AC1-E9FB-2FD4-313E3DF4692D
18.896118,49.939255,0,0AD33010-1AC1-E9FB-2FD4-313E3DF4692D
18.027067,50.390133,0,0AD33010-1AC1-E9FB-2FD4-313E3DF4692D
18.704617,50.086727,0,0AD33010-1AC1-E9FB-2FD4-313E3DF4692D
35.33836,39.957817,0,0AD33010-1AC1-E9FB-2FD4-313E3DF4692D
35.407158,39.83339,0,0AD33010-1AC1-E9FB-2FD4-313E3DF4692D
18.861263,-39.34383,1,0AD33010-1AC1-E9FB-2FD4-313E3DF4692D
51.845654,-20.805033,1,0AD33010-1AC1-E9FB-2FD4-313E3DF4692D
15.587372,-31.906473,0,0B5863F1-A482-C95D-EA42-9183B5BDFA12
37.794193,18.908224,0,0B5863F1-A482-C95D-EA42-9183B5BDFA12
10.713152,-6.7973437,0,0B5863F1-A482-C95D-EA42-9183B5BDFA12
13.147523,-6.1164517,1,0B5863F1-A482-C95D-EA42-9183B5BDFA12
15.176462,-5.7689857,2,0B5863F1-A482-C95D-EA42-9183B5BDFA12
12.505258,-6.7354283,2,0B5863F1-A482-C95D-EA42-9183B5BDFA12
36.463795,18.270472,0,0B5863F1-A482-C95D-EA42-9183B5BDFA12
36.46591,20.932127,0,0B5863F1-A482-C95D-EA42-9183B5BDFA12
36.66911,20.75698,2,0B5863F1-A482-C95D-EA42-9183B5BDFA12
20.29268,-32.46874,2,0B5863F1-A482-C95D-EA42-9183B5BDFA12
19.802446,-32.594395,2,0B5863F1-A482-C95D-EA42-9183B5BDFA12
30.844805,-35.576626,2,0B5863F1-A482-C95D-EA42-9183B5BDFA12
8.711054,20.450516,2,0B5863F1-A482-C95D-EA42-9183B5BDFA12
18.899778,-39.9941,2,0B5863F1-A482-C95D-EA42-9183B5BDFA12
18.927063,-39.674747,2,0B5863F1-A482-C95D-EA42-9183B5BDFA12
19.6288,-39.52945,2,0B5863F1-A482-C95D-EA42-9183B5BDFA12
29.530476,-35.38254,2,0B5863F1-A482-C95D-EA42-9183B5BDFA12
28.851093,1.5316516,1,0B5863F1-A482-C95D-EA42-9183B5BDFA12
20.522308,0.13401891,1,0B5863F1-A482-C95D-EA42-9183B5BDFA12
9.69893,-4.4404287,1,0B5863F1-A482-C95D-EA42-9183B5BDFA12
1.1024917,-9.535582,0,0B5863F1-A482-C95D-EA42-9183B5BDFA12
0.29059708,-9.999005,0,0B5863F1-A482-C95D-EA42-9183B5BDFA12
-1.3415567,-15.346895,0,0B5863F1-A482-C95D-EA42-9183B5BDFA12
-1.5429542,-15.322877,0,0B5863F1-A482-C95D-EA42-9183B5BDFA12
37.96782,5.103835,2,0D759376-3F10-1BEB-7205-E91B8BF17984
39.81487,6.361699,2,0D759376-3F10-1BEB-7205-E91B8BF17984
38.199047,14.553201,2,0D759376-3F10-1BEB-7205-E91B8BF17984
33.86788,17.213268,2,0D759376-3F10-1BEB-7205-E91B8BF17984
33.36209,15.558974,2,0D759376-3F10-1BEB-7205-E91B8BF17984
13.810188,20.22605,2,0D759376-3F10-1BEB-7205-E91B8BF17984
-4.2635756,-36.511417,2,0D759376-3F10-1BEB-7205-E91B8BF17984
-4.155791,-37.72878,2,0D759376-3F10-1BEB-7205-E91B8BF17984
-6.766921,-43.436535,2,0D759376-3F10-1BEB-7205-E91B8BF17984
-6.2038217,-43.049515,2,0D759376-3F10-1BEB-7205-E91B8BF17984
-4.3862047,-36.37533,2,0D759376-3F10-1BEB-7205-E91B8BF17984
21.246866,-34.958893,2,0D759376-3F10-1BEB-7205-E91B8BF17984
13.386515,-10.674693,2,0D759376-3F10-1BEB-7205-E91B8BF17984
11.819676,-9.6645,2,0D759376-3F10-1BEB-7205-E91B8BF17984
-2.8154933,45.690956,2,0F3B2D98-51FE-5265-3746-A0763DE31C98
-2.9238915,45.903477,2,0F3B2D98-51FE-5265-3746-A0763DE31C98
-3.9858706,47.525234,2,0F3B2D98-51FE-5265-3746-A0763DE31C98
-1.5508455,37.841396,2,0F3B2D98-51FE-5265-3746-A0763DE31C98
-1.4192063,38.45378,2,0F3B2D98-51FE-5265-3746-A0763DE31C98
9.37752,-2.7482748,2,0F3B2D98-51FE-5265-3746-A0763DE31C98
30.36628,43.92702,2,0F3B2D98-51FE-5265-3746-A0763DE31C98
30.069832,43.89223,2,0F3B2D98-51FE-5265-3746-A0763DE31C98
30.105915,44.109444,2,0F3B2D98-51FE-5265-3746-A0763DE31C98
16.839909,49.65364,1,0F3B2D98-51FE-5265-3746-A0763DE31C98
18.515333,49.141285,1,0F3B2D98-51FE-5265-3746-A0763DE31C98
-9.3964,22.005444,2,0F3B2D98-51FE-5265-3746-A0763DE31C98
-1.8366958,-15.867002,2,0F3B2D98-51FE-5265-3746-A0763DE31C98
-19.942827,12.834703,2,0F3B2D98-51FE-5265-3746-A0763DE31C98
-20.41221,12.696883,1,0F3B2D98-51FE-5265-3746-A0763DE31C98
-20.541475,12.631177,1,0F3B2D98-51FE-5265-3746-A0763DE31C98
-20.575436,12.650978,1,0F3B2D98-51FE-5265-3746-A0763DE31C98
-20.582848,12.720652,1,0F3B2D98-51FE-5265-3746-A0763DE31C98
18.6006,49.51145,2,0F3B2D98-51FE-5265-3746-A0763DE31C98
-2.7618887,-37.357643,0,0F3B2D98-51FE-5265-3746-A0763DE31C98
47.624577,-27.06516,2,14027B3A-0AD6-CBA3-A600-42B3C0A4D933
16.242004,-3.0862553,2,14027B3A-0AD6-CBA3-A600-42B3C0A4D933
27.87717,0.5794881,2,14027B3A-0AD6-CBA3-A600-42B3C0A4D933
5.1793566,-10.022831,2,14027B3A-0AD6-CBA3-A600-42B3C0A4D933
3.4902928,-14.949547,2,14027B3A-0AD6-CBA3-A600-42B3C0A4D933
6.327892,-13.967123,2,14027B3A-0AD6-CBA3-A600-42B3C0A4D933
-27.037409,-31.880083,0,14027B3A-0AD6-CBA3-A600-42B3C0A4D933
-28.359646,-32.173157,0,14027B3A-0AD6-CBA3-A600-42B3C0A4D933
-27.352106,-38.873707,2,14027B3A-0AD6-CBA3-A600-42B3C0A4D933
-28.217833,-39.011074,2,14027B3A-0AD6-CBA3-A600-42B3C0A4D933
-27.670204,-38.800995,2,14027B3A-0AD6-CBA3-A600-42B3C0A4D933
21.931906,-12.574326,2,14027B3A-0AD6-CBA3-A600-42B3C0A4D933
32.715008,5.5624967,2,14027B3A-0AD6-CBA3-A600-42B3C0A4D933
-33.075176,10.898599,2,14027B3A-0AD6-CBA3-A600-42B3C0A4D933
-1.3689855,41.615925,0,14027B3A-0AD6-CBA3-A600-42B3C0A4D933
-1.9033785,41.594654,0,14027B3A-0AD6-CBA3-A600-42B3C0A4D933
-1.840744,41.014767,0,14027B3A-0AD6-CBA3-A600-42B3C0A4D933
-10.201312,53.019424,0,14027B3A-0AD6-CBA3-A600-42B3C0A4D933
-38.170162,10.226573,0,14027B3A-0AD6-CBA3-A600-42B3C0A4D933
-5.0044494,-23.68893,0,14027B3A-0AD6-CBA3-A600-42B3C0A4D933
-5.2767386,-24.565063,0,14027B3A-0AD6-CBA3-A600-42B3C0A4D933
-5.305643,-24.574726,2,14027B3A-0AD6-CBA3-A600-42B3C0A4D933
2.1666884,-19.332853,2,14027B3A-0AD6-CBA3-A600-42B3C0A4D933
5.1837606,-14.348421,2,14027B3A-0AD6-CBA3-A600-42B3C0A4D933
-13.569205,52.977055,2,14027B3A-0AD6-CBA3-A600-42B3C0A4D933
-8.845602,51.99357,2,14027B3A-0AD6-CBA3-A600-42B3C0A4D933
-12.765836,53.134975,2,14027B3A-0AD6-CBA3-A600-42B3C0A4D933
-32.21802,41.060646,2,14027B3A-0AD6-CBA3-A600-42B3C0A4D933
9.142095,53.62076,2,14027B3A-0AD6-CBA3-A600-42B3C0A4D933
29.499617,43.700603,2,14027B3A-0AD6-CBA3-A600-42B3C0A4D933
33.601517,40.628,2,14027B3A-0AD6-CBA3-A600-42B3C0A4D933
34.228516,40.07119,2,14027B3A-0AD6-CBA3-A600-42B3C0A4D933
-31.517473,-12.124006,1,165B40B2-D9B2-DBC0-AE48-02C0F49A609F
-32.969387,-11.33477,1,165B40B2-D9B2-DBC0-AE48-02C0F49A609F
-33.07768,-11.15726,1,165B40B2-D9B2-DBC0-AE48-02C0F49A609F
-27.200968,-40.099926,1,165B40B2-D9B2-DBC0-AE48-02C0F49A609F
-30.130447,-37.38436,1,165B40B2-D9B2-DBC0-AE48-02C0F49A609F
15.609152,-11.403115,1,165B40B2-D9B2-DBC0-AE48-02C0F49A609F
48.858616,-15.655726,2,165B40B2-D9B2-DBC0-AE48-02C0F49A609F
49.11391,-15.779272,2,165B40B2-D9B2-DBC0-AE48-02C0F49A609F
-35.853264,10.342118,2,165B40B2-D9B2-DBC0-AE48-02C0F49A609F
-26.66331,-28.739588,2,165B40B2-D9B2-DBC0-AE48-02C0F49A609F
-26.61475,-28.564192,2,165B40B2-D9B2-DBC0-AE48-02C0F49A609F
-26.634586,-28.68129,2,165B40B2-D9B2-DBC0-AE48-02C0F49A609F
38.124302,11.207135,1,172A62AD-9B69-33E2-1551-9526879D80AC
17.746294,17.718163,2,172A62AD-9B69-33E2-1551-9526879D80AC
33.627876,5.7451267,2,172A62AD-9B69-33E2-1551-9526879D80AC
30.697206,12.041181,2,172A62AD-9B69-33E2-1551-9526879D80AC
16.953997,18.083052,2,172A62AD-9B69-33E2-1551-9526879D80AC
31.656519,14.017721,0,172A62AD-9B69-33E2-1551-9526879D80AC
46.068935,-16.886242,2,172A62AD-9B69-33E2-1551-9526879D80AC
46.682785,-16.870644,2,172A62AD-9B69-33E2-1551-9526879D80AC
21.83624,-40.397835,2,172A62AD-9B69-33E2-1551-9526879D80AC
21.856102,-40.573494,2,172A62AD-9B69-33E2-1551-9526879D80AC
19.387892,-40.361923,2,172A62AD-9B69-33E2-1551-9526879D80AC
35.226486,22.852808,2,172A62AD-9B69-33E2-1551-9526879D80AC
3.1049511,-6.893525,2,172A62AD-9B69-33E2-1551-9526879D80AC
3.9828558,-18.674227,0,172A62AD-9B69-33E2-1551-9526879D80AC
4.308025,-18.376703,0,172A62AD-9B69-33E2-1551-9526879D80AC
5.8979726,-17.858696,2,172A62AD-9B69-33E2-1551-9526879D80AC
5.726382,-17.919046,2,172A62AD-9B69-33E2-1551-9526879D80AC
12.010996,-14.432402,2,172A62AD-9B69-33E2-1551-9526879D80AC
27.36696,10.45123,2,172A62AD-9B69-33E2-1551-9526879D80AC
27.410728,10.4816,2,172A62AD-9B69-33E2-1551-9526879D80AC
-44.9809,-9.33239,0,1AE03BA6-E346-DEB8-4865-276ECC5CD9B1
-45.107693,-9.366196,2,1AE03BA6-E346-DEB8-4865-276ECC5CD9B1
18.741375,0.86532944,2,1AE03BA6-E346-DEB8-4865-276ECC5CD9B1
9.017923,-4.9152503,2,1AE03BA6-E346-DEB8-4865-276ECC5CD9B1
8.96689,-5.205773,0,1AE03BA6-E346-DEB8-4865-276ECC5CD9B1
6.827111,-8.653248,0,1AE03BA6-E346-DEB8-4865-276ECC5CD9B1
-34.01479,-12.094228,2,1AE03BA6-E346-DEB8-4865-276ECC5CD9B1
-30.11388,-36.47606,1,1AE03BA6-E346-DEB8-4865-276ECC5CD9B1
-30.485888,-37.934143,1,1AE03BA6-E346-DEB8-4865-276ECC5CD9B1
-30.470282,-38.53014,1,1AE03BA6-E346-DEB8-4865-276ECC5CD9B1
15.052699,-8.215517,1,1AE03BA6-E346-DEB8-4865-276ECC5CD9B1
21.273468,-11.969374,1,1AE03BA6-E346-DEB8-4865-276ECC5CD9B1
20.86318,-11.799272,1,1AE03BA6-E346-DEB8-4865-276ECC5CD9B1
21.449581,-11.8498335,1,1AE03BA6-E346-DEB8-4865-276ECC5CD9B1
24.864748,-14.895053,1,1AE03BA6-E346-DEB8-4865-276ECC5CD9B1
34.96058,-18.883041,1,1AE03BA6-E346-DEB8-4865-276ECC5CD9B1
34.842644,-18.956968,1,1AE03BA6-E346-DEB8-4865-276ECC5CD9B1
-52.673344,-0.8623877,1,1AE03BA6-E346-DEB8-4865-276ECC5CD9B1
51.332333,-22.006908,2,1AE03BA6-E346-DEB8-4865-276ECC5CD9B1
53.13821,-27.317923,2,1AE03BA6-E346-DEB8-4865-276ECC5CD9B1
19.97628,-30.406872,2,1F6A56CA-9C73-442F-2682-BB69E4B03AB2
41.597492,-31.474493,2,1F6A56CA-9C73-442F-2682-BB69E4B03AB2
41.376602,-31.38336,2,1F6A56CA-9C73-442F-2682-BB69E4B03AB2
47.397682,-27.060322,2,1F6A56CA-9C73-442F-2682-BB69E4B03AB2
42.862263,-30.792593,2,1F6A56CA-9C73-442F-2682-BB69E4B03AB2
42.09146,-32.06302,2,1F6A56CA-9C73-442F-2682-BB69E4B03AB2
30.839998,-36.3046,2,1F6A56CA-9C73-442F-2682-BB69E4B03AB2
21.120838,-34.009342,0,1F6A56CA-9C73-442F-2682-BB69E4B03AB2
42.22439,-31.960175,0,1F6A56CA-9C73-442F-2682-BB69E4B03AB2
30.930906,-37.324734,0,1F6A56CA-9C73-442F-2682-BB69E4B03AB2
-3.1258996,32.75595,0,1F6A56CA-9C73-442F-2682-BB69E4B03AB2
-6.7868195,25.785038,2,1F6A56CA-9C73-442F-2682-BB69E4B03AB2
-41.71978,-7.704157,0,1F6A56CA-9C73-442F-2682-BB69E4B03AB2
-38.326813,-6.853851,2,1F6A56CA-9C73-442F-2682-BB69E4B03AB2
-37.6991,-6.8612185,2,1F6A56CA-9C73-442F-2682-BB69E4B03AB2
-37.848354,-6.7871714,2,1F6A56CA-9C73-442F-2682-BB69E4B03AB2
-37.491116,-6.924001,2,1F6A56CA-9C73-442F-2682-BB69E4B03AB2
49.94356,-16.938257,2,1F6A56CA-9C73-442F-2682-BB69E4B03AB2
-4.404254,-34.549385,0,1F6A56CA-9C73-442F-2682-BB69E4B03AB2
2.2046268,-9.920049,0,1F6A56CA-9C73-442F-2682-BB69E4B03AB2
3.1151702,-9.524191,2,1F6A56CA-9C73-442F-2682-BB69E4B03AB2
1.511653,-8.641283,2,1F6A56CA-9C73-442F-2682-BB69E4B03AB2
1.0709718,-8.512383,2,1F6A56CA-9C73-442F-2682-BB69E4B03AB2
18.43498,2.10597,2,1F6A56CA-9C73-442F-2682-BB69E4B03AB2
-1.3131626,-18.848063,2,1FA97947-2FB7-D626-8CD3-2426BEEE97D1
-1.1252967,-17.742119,2,1FA97947-2FB7-D626-8CD3-2426BEEE97D1
-1.647301,-25.89537,2,1FA97947-2FB7-D626-8CD3-2426BEEE97D1
-1.6143062,-25.918219,2,1FA97947-2FB7-D626-8CD3-2426BEEE97D1
-1.6469785,-25.868357,2,1FA97947-2FB7-D626-8CD3-2426BEEE97D1
-1.770247,-26.455004,2,1FA97947-2FB7-D626-8CD3-2426BEEE97D1
-6.5292835,25.508802,1,1FA97947-2FB7-D626-8CD3-2426BEEE97D1
-6.886186,25.06761,1,1FA97947-2FB7-D626-8CD3-2426BEEE97D1
-7.397198,24.144976,1,1FA97947-2FB7-D626-8CD3-2426BEEE97D1
-20.62409,13.48602,1,1FA97947-2FB7-D626-8CD3-2426BEEE97D1
-13.795751,53.00159,1,1FA97947-2FB7-D626-8CD3-2426BEEE97D1
-24.804678,12.249503,1,1FA97947-2FB7-D626-8CD3-2426BEEE97D1
-30.133593,-11.911364,1,1FA97947-2FB7-D626-8CD3-2426BEEE97D1
-27.827778,-38.734142,1,1FA97947-2FB7-D626-8CD3-2426BEEE97D1
-27.285988,-33.90524,1,1FA97947-2FB7-D626-8CD3-2426BEEE97D1
-20.9262,13.067177,1,1FA97947-2FB7-D626-8CD3-2426BEEE97D1
-1.6650007,36.891853,1,1FA97947-2FB7-D626-8CD3-2426BEEE97D1
-1.645261,37.18324,1,1FA97947-2FB7-D626-8CD3-2426BEEE97D1
-25.957153,-29.68057,2,1FA97947-2FB7-D626-8CD3-2426BEEE97D1
-39.68434,32.040993,2,2656C6B4-988A-A958-5107-5422027AEE1D
-39.140213,31.236258,2,2656C6B4-988A-A958-5107-5422027AEE1D
-38.476738,32.316776,2,2656C6B4-988A-A958-5107-5422027AEE1D
-25.127003,46.08566,2,2656C6B4-988A-A958-5107-5422027AEE1D
-24.982628,46.31926,2,2656C6B4-988A-A958-5107-5422027AEE1D
-25.537737,45.83966,2,2656C6B4-988A-A958-5107-5422027AEE1D
-12.579673,18.629227,2,2656C6B4-988A-A958-5107-5422027AEE1D
-6.978951,24.132198,2,2656C6B4-988A-A958-5107-5422027AEE1D
3.2683153,-6.817371,2,2656C6B4-988A-A958-5107-5422027AEE1D
0.40130842,-9.512685,2,2656C6B4-988A-A958-5107-5422027AEE1D
2.741223,-7.600874,0,2656C6B4-988A-A958-5107-5422027AEE1D
-52.14528,-3.857022,0,2656C6B4-988A-A958-5107-5422027AEE1D
-32.882347,-11.097174,0,2656C6B4-988A-A958-5107-5422027AEE1D
-36.079678,-8.633112,0,2656C6B4-988A-A958-5107-5422027AEE1D
-36.14051,-8.54378,0,2656C6B4-988A-A958-5107-5422027AEE1D
-38.13105,-8.248241,0,2656C6B4-988A-A958-5107-5422027AEE1D
-39.25626,30.404884,0,2656C6B4-988A-A958-5107-5422027AEE1D
-29.259274,35.578907,0,2656C6B4-988A-A958-5107-5422027AEE1D
29.190409,7.813258,0,27C12E79-B4DD-AA48-E99E-552C6BAEBA6F
28.70272,2.4542725,2,27C12E79-B4DD-AA48-E99E-552C6BAEBA6F
25.348757,1.2248367,2,27C12E79-B4DD-AA48-E99E-552C6BAEBA6F
25.50058,-19.259405,2,27C12E79-B4DD-AA48-E99E-552C6BAEBA6F
25.224842,-13.340581,2,27C12E79-B4DD-AA48-E99E-552C6BAEBA6F
25.195267,-13.3015995,2,27C12E79-B4DD-AA48-E99E-552C6BAEBA6F
-43.066376,-10.267113,2,27C12E79-B4DD-AA48-E99E-552C6BAEBA6F
-45.543205,-10.153672,0,27C12E79-B4DD-AA48-E99E-552C6BAEBA6F
-45.405872,-10.173804,0,27C12E79-B4DD-AA48-E99E-552C6BAEBA6F
-43.956535,-10.14705,0,27C12E79-B4DD-AA48-E99E-552C6BAEBA6F
-53.47393,-1.0738094,0,27C12E79-B4DD-AA48-E99E-552C6BAEBA6F
19.824196,1.0087528,0,27C12E79-B4DD-AA48-E99E-552C6BAEBA6F
-3.5878992,-24.570335,2,27C12E79-B4DD-AA48-E99E-552C6BAEBA6F
-4.130453,-24.986223,2,27C12E79-B4DD-AA48-E99E-552C6BAEBA6F
-2.8974962,-28.775757,2,27C12E79-B4DD-AA48-E99E-552C6BAEBA6F
-2.6817865,-28.750547,2,27C12E79-B4DD-AA48-E99E-552C6BAEBA6F
-3.4832914,-24.63568,2,27C12E79-B4DD-AA48-E99E-552C6BAEBA6F
-2.8414154,-34.727062,2,27C12E79-B4DD-AA48-E99E-552C6BAEBA6F
23.805357,1.9981703,2,27C12E79-B4DD-AA48-E99E-552C6BAEBA6F
23.880774,1.9063264,0,27C12E79-B4DD-AA48-E99E-552C6BAEBA6F
0.68171173,-7.5686655,0,27C12E79-B4DD-AA48-E99E-552C6BAEBA6F
-0.56242055,-23.8968,0,27C12E79-B4DD-AA48-E99E-552C6BAEBA6F
-26.450897,-26.171694,0,27C12E79-B4DD-AA48-E99E-552C6BAEBA6F
-25.925098,-23.449205,2,27C12E79-B4DD-AA48-E99E-552C6BAEBA6F
-6.3840885,-42.41013,0,2C636222-CB43-AB6F-444A-7278047991C7
13.71232,20.554296,0,2C636222-CB43-AB6F-444A-7278047991C7
9.87,20.417349,0,2C636222-CB43-AB6F-444A-7278047991C7
36.27191,21.265823,0,2C636222-CB43-AB6F-444A-7278047991C7
9.671401,20.652275,0,2C636222-CB43-AB6F-444A-7278047991C7
5.2544255,-10.217669,0,2C636222-CB43-AB6F-444A-7278047991C7
25.681084,-24.40684,0,2C636222-CB43-AB6F-444A-7278047991C7
39.705765,-23.51633,0,2C636222-CB43-AB6F-444A-7278047991C7
41.392685,-22.544388,0,2C636222-CB43-AB6F-444A-7278047991C7
42.95914,-19.998926,0,2C636222-CB43-AB6F-444A-7278047991C7
-28.361254,11.1449375,0,2C636222-CB43-AB6F-444A-7278047991C7
-29.091097,11.1497555,0,2C636222-CB43-AB6F-444A-7278047991C7
25.015709,-15.9054,0,2C636222-CB43-AB6F-444A-7278047991C7
12.697927,-10.92228,0,2C636222-CB43-AB6F-444A-7278047991C7
8.358641,-12.5937805,0,2C636222-CB43-AB6F-444A-7278047991C7
7.4673595,-12.83302,0,2C636222-CB43-AB6F-444A-7278047991C7
8.405643,-12.58664,0,2C636222-CB43-AB6F-444A-7278047991C7
-34.2424,11.04508,0,2C636222-CB43-AB6F-444A-7278047991C7
42.287796,-30.744802,1,2C636222-CB43-AB6F-444A-7278047991C7
42.62362,-29.958832,1,2C636222-CB43-AB6F-444A-7278047991C7
42.620113,-29.827187,1,2C636222-CB43-AB6F-444A-7278047991C7
18.949743,-39.44481,0,2C636222-CB43-AB6F-444A-7278047991C7
-29.427683,11.0583105,0,2C636222-CB43-AB6F-444A-7278047991C7
-36.542034,10.734982,0,2C636222-CB43-AB6F-444A-7278047991C7
-28.944794,35.631332,1,2C636222-CB43-AB6F-444A-7278047991C7
-29.498772,-12.401914,0,2C636222-CB43-AB6F-444A-7278047991C7
-34.204407,-9.088052,0,2C636222-CB43-AB6F-444A-7278047991C7
-27.354906,-17.368452,0,2C636222-CB43-AB6F-444A-7278047991C7
-27.538664,-17.031437,0,2C636222-CB43-AB6F-444A-7278047991C7
-28.974464,11.457688,0,2C636222-CB43-AB6F-444A-7278047991C7
-26.362867,11.868362,0,2C636222-CB43-AB6F-444A-7278047991C7
-26.706732,11.722928,0,2C636222-CB43-AB6F-444A-7278047991C7
-29.041656,11.603628,1,2C636222-CB43-AB6F-444A-7278047991C7
-26.743858,11.764669,0,2C636222-CB43-AB6F-444A-7278047991C7
-26.106544,-39.378395,0,2C636222-CB43-AB6F-444A-7278047991C7
-26.185844,-39.31072,0,2C636222-CB43-AB6F-444A-7278047991C7
35.13377,-18.513716,2,35FEE4B0-EF25-110F-8D86-5410FA57646B
34.844273,-18.615187,2,35FEE4B0-EF25-110F-8D86-5410FA57646B
34.63789,-18.771315,2,35FEE4B0-EF25-110F-8D86-5410FA57646B
25.459393,-16.619677,2,35FEE4B0-EF25-110F-8D86-5410FA57646B
-29.444092,-26.849482,2,35FEE4B0-EF25-110F-8D86-5410FA57646B
-28.270332,-32.693466,2,35FEE4B0-EF25-110F-8D86-5410FA57646B
9.858821,3.3615363,1,37249306-1597-DC6D-3544-6FEDBBF8B848
-2.413865,-7.109199,2,37249306-1597-DC6D-3544-6FEDBBF8B848
-2.5014951,-7.3930745,2,37249306-1597-DC6D-3544-6FEDBBF8B848
-2.5649369,-8.296119,2,37249306-1597-DC6D-3544-6FEDBBF8B848
-2.3378227,-7.383895,2,37249306-1597-DC6D-3544-6FEDBBF8B848
-2.4489548,-7.7523623,2,37249306-1597-DC6D-3544-6FEDBBF8B848
13.149742,51.555122,2,37249306-1597-DC6D-3544-6FEDBBF8B848
13.012834,51.665062,2,37249306-1597-DC6D-3544-6FEDBBF8B848
33.55253,43.835808,0,37249306-1597-DC6D-3544-6FEDBBF8B848
33.263916,43.90002,0,37249306-1597-DC6D-3544-6FEDBBF8B848
33.347225,43.886646,0,37249306-1597-DC6D-3544-6FEDBBF8B848
-43.037334,8.025162,0,37249306-1597-DC6D-3544-6FEDBBF8B848
15.100732,19.597376,1,37249306-1597-DC6D-3544-6FEDBBF8B848
30.827196,9.874136,1,37249306-1597-DC6D-3544-6FEDBBF8B848
-33.514717,10.468822,2,37249306-1597-DC6D-3544-6FEDBBF8B848
-33.030403,10.485355,2,37249306-1597-DC6D-3544-6FEDBBF8B848
-39.166466,10.114412,2,37249306-1597-DC6D-3544-6FEDBBF8B848
-42.46393,9.280317,2,37249306-1597-DC6D-3544-6FEDBBF8B848
-48.67353,6.3508134,0,37249306-1597-DC6D-3544-6FEDBBF8B848
-27.438005,-29.124756,0,37249306-1597-DC6D-3544-6FEDBBF8B848
-27.245968,-32.888912,0,37249306-1597-DC6D-3544-6FEDBBF8B848
-27.312662,-32.98698,0,37249306-1597-DC6D-3544-6FEDBBF8B848
-27.250925,-33.36367,2,37249306-1597-DC6D-3544-6FEDBBF8B848
-27.286474,-33.423275,2,37249306-1597-DC6D-3544-6FEDBBF8B848
-21.25863,12.754161,0,37249306-1597-DC6D-3544-6FEDBBF8B848
-21.327307,12.485066,0,37249306-1597-DC6D-3544-6FEDBBF8B848
31.116173,-36.683666,1,3C54E0F5-9C12-3137-9EC1-39645770F53A
31.193645,-35.972687,1,3C54E0F5-9C12-3137-9EC1-39645770F53A
49.126785,-27.093367,1,3C54E0F5-9C12-3137-9EC1-39645770F53A
33.04745,21.045025,1,3C54E0F5-9C12-3137-9EC1-39645770F53A
37.908043,11.770928,1,3C54E0F5-9C12-3137-9EC1-39645770F53A
38.45692,11.446049,1,3C54E0F5-9C12-3137-9EC1-39645770F53A
6.053187,-11.920104,2,3C54E0F5-9C12-3137-9EC1-39645770F53A
5.9352846,-12.139064,2,3C54E0F5-9C12-3137-9EC1-39645770F53A
11.838281,-10.797195,2,3C54E0F5-9C12-3137-9EC1-39645770F53A
46.88225,-16.618282,2,3C54E0F5-9C12-3137-9EC1-39645770F53A
46.35278,-16.768332,2,3C54E0F5-9C12-3137-9EC1-39645770F53A
22.763515,-26.169752,0,3C54E0F5-9C12-3137-9EC1-39645770F53A
12.857793,51.833637,1,3C54E0F5-9C12-3137-9EC1-39645770F53A
14.787336,50.550068,1,3C54E0F5-9C12-3137-9EC1-39645770F53A
-27.853659,35.719414,1,3C54E0F5-9C12-3137-9EC1-39645770F53A
-1.8510728,-23.264727,1,3C54E0F5-9C12-3137-9EC1-39645770F53A
29.866392,12.93889,1,3C54E0F5-9C12-3137-9EC1-39645770F53A
29.659397,7.9070716,1,3C54E0F5-9C12-3137-9EC1-39645770F53A
-6.253553,-38.615486,0,3C54E0F5-9C12-3137-9EC1-39645770F53A
-5.29048,-35.007065,0,3C54E0F5-9C12-3137-9EC1-39645770F53A
-13.560107,-44.34561,0,3C54E0F5-9C12-3137-9EC1-39645770F53A
-13.5929985,-44.405067,0,3C54E0F5-9C12-3137-9EC1-39645770F53A
-7.146294,-26.791079,1,3C54E0F5-9C12-3137-9EC1-39645770F53A
-52.89435,-0.36073023,1,3C54E0F5-9C12-3137-9EC1-39645770F53A
30.802399,-35.361164,2,3FC0B5B3-AC42-BF96-D8EE-10E81EAAACF6
21.451254,-33.142517,0,3FC0B5B3-AC42-BF96-D8EE-10E81EAAACF6
30.57128,-36.68059,0,3FC0B5B3-AC42-BF96-D8EE-10E81EAAACF6
49.316277,-26.595676,0,3FC0B5B3-AC42-BF96-D8EE-10E81EAAACF6
30.365456,-39.06546,0,3FC0B5B3-AC42-BF96-D8EE-10E81EAAACF6
30.361526,-38.68463,0,3FC0B5B3-AC42-BF96-D8EE-10E81EAAACF6
10.838511,18.760218,2,3FC0B5B3-AC42-BF96-D8EE-10E81EAAACF6
11.465882,18.225452,2,3FC0B5B3-AC42-BF96-D8EE-10E81EAAACF6
-0.6554972,-11.942275,2,3FC0B5B3-AC42-BF96-D8EE-10E81EAAACF6
1.5322015,-8.301235,2,3FC0B5B3-AC42-BF96-D8EE-10E81EAAACF6
6.7250714,-8.266203,2,3FC0B5B3-AC42-BF96-D8EE-10E81EAAACF6
6.353183,-6.2098126,2,3FC0B5B3-AC42-BF96-D8EE-10E81EAAACF6
41.7301,-31.916203,1,3FC0B5B3-AC42-BF96-D8EE-10E81EAAACF6
30.27873,-35.964252,2,3FC0B5B3-AC42-BF96-D8EE-10E81EAAACF6
41.77588,-29.509825,2,3FC0B5B3-AC42-BF96-D8EE-10E81EAAACF6
30.236286,-33.18395,2,3FC0B5B3-AC42-BF96-D8EE-10E81EAAACF6
43.292355,-25.560802,2,3FC0B5B3-AC42-BF96-D8EE-10E81EAAACF6
14.092429,-5.6404424,2,3FC0B5B3-AC42-BF96-D8EE-10E81EAAACF6
18.726265,-0.1546084,2,3FC0B5B3-AC42-BF96-D8EE-10E81EAAACF6
13.343731,-3.026847,2,3FC0B5B3-AC42-BF96-D8EE-10E81EAAACF6
34.14312,12.473697,0,3FC0B5B3-AC42-BF96-D8EE-10E81EAAACF6
17.971342,17.11413,0,3FC0B5B3-AC42-BF96-D8EE-10E81EAAACF6
30.897968,4.7591567,0,3FC0B5B3-AC42-BF96-D8EE-10E81EAAACF6
32.317142,3.7308183,0,3FC0B5B3-AC42-BF96-D8EE-10E81EAAACF6
-20.320105,-45.483112,2,3FC0B5B3-AC42-BF96-D8EE-10E81EAAACF6
-13.961445,-44.682964,2,3FC0B5B3-AC42-BF96-D8EE-10E81EAAACF6
-13.800349,-44.506695,2,3FC0B5B3-AC42-BF96-D8EE-10E81EAAACF6
-13.807698,-44.430183,2,3FC0B5B3-AC42-BF96-D8EE-10E81EAAACF6
-7.1860414,-36.467663,2,3FC0B5B3-AC42-BF96-D8EE-10E81EAAACF6
-6.2377777,-37.0621,2,3FC0B5B3-AC42-BF96-D8EE-10E81EAAACF6
33.3593,16.993147,0,4690C2DC-C0B5-6C1B-880A-D31C46C8A565
13.300313,20.06183,0,4690C2DC-C0B5-6C1B-880A-D31C46C8A565
20.224815,-33.51988,0,4690C2DC-C0B5-6C1B-880A-D31C46C8A565
15.912171,-31.697517,0,4690C2DC-C0B5-6C1B-880A-D31C46C8A565
9.287821,20.669132,0,4690C2DC-C0B5-6C1B-880A-D31C46C8A565
30.765192,-37.180206,0,4690C2DC-C0B5-6C1B-880A-D31C46C8A565
37.00275,17.49067,2,4690C2DC-C0B5-6C1B-880A-D31C46C8A565
35.158184,21.732788,2,4690C2DC-C0B5-6C1B-880A-D31C46C8A565
8.129726,18.169344,2,4690C2DC-C0B5-6C1B-880A-D31C46C8A565
11.530532,17.075907,2,4690C2DC-C0B5-6C1B-880A-D31C46C8A565
15.550887,18.490658,2,4690C2DC-C0B5-6C1B-880A-D31C46C8A565
11.9266615,17.508047,2,4690C2DC-C0B5-6C1B-880A-D31C46C8A565
-16.044357,14.549642,0,4690C2DC-C0B5-6C1B-880A-D31C46C8A565
-8.854215,21.754436,2,4690C2DC-C0B5-6C1B-880A-D31C46C8A565
-3.9878836,47.96036,2,4690C2DC-C0B5-6C1B-880A-D31C46C8A565
-2.7251751,45.4794,2,4690C2DC-C0B5-6C1B-880A-D31C46C8A565
-2.687341,45.376457,2,4690C2DC-C0B5-6C1B-880A-D31C46C8A565
-3.9001372,48.220406,2,4690C2DC-C0B5-6C1B-880A-D31C46C8A565
-10.011746,-37.71718,2,4690C2DC-C0B5-6C1B-880A-D31C46C8A565
-43.160637,-10.115334,2,4690C2DC-C0B5-6C1B-880A-D31C46C8A565
-43.1484,-10.174092,2,4690C2DC-C0B5-6C1B-880A-D31C46C8A565
-45.438362,-9.805228,2,4690C2DC-C0B5-6C1B-880A-D31C46C8A565
-45.202213,-9.992331,2,4690C2DC-C0B5-6C1B-880A-D31C46C8A565
-35.498177,-7.3670106,2,4690C2DC-C0B5-6C1B-880A-D31C46C8A565
-31.845718,-9.712281,2,46A9A47E-EDE3-2EF4-2F06-E95AF67D57E1
9.262255,19.511568,2,46A9A47E-EDE3-2EF4-2F06-E95AF67D57E1
-12.404322,18.604534,0,46A9A47E-EDE3-2EF4-2F06-E95AF67D57E1
-12.699066,18.210814,0,46A9A47E-EDE3-2EF4-2F06-E95AF67D57E1
-12.485318,18.47627,0,46A9A47E-EDE3-2EF4-2F06-E95AF67D57E1
-12.5723295,18.433,0,46A9A47E-EDE3-2EF4-2F06-E95AF67D57E1
22.143063,-29.990986,2,46A9A47E-EDE3-2EF4-2F06-E95AF67D57E1
11.590126,19.536566,2,46A9A47E-EDE3-2EF4-2F06-E95AF67D57E1
34.267166,21.797884,2,46A9A47E-EDE3-2EF4-2F06-E95AF67D57E1
9.39479,18.627726,2,46A9A47E-EDE3-2EF4-2F06-E95AF67D57E1
15.230514,16.1536,2,46A9A47E-EDE3-2EF4-2F06-E95AF67D57E1
31.149736,9.028279,0,46A9A47E-EDE3-2EF4-2F06-E95AF67D57E1
0.55672985,-8.286061,0,46A9A47E-EDE3-2EF4-2F06-E95AF67D57E1
12.519342,2.8516493,0,46A9A47E-EDE3-2EF4-2F06-E95AF67D57E1
31.642054,11.496631,2,46A9A47E-EDE3-2EF4-2F06-E95AF67D57E1
31.069422,9.51777,2,46A9A47E-EDE3-2EF4-2F06-E95AF67D57E1
43.4681,-23.769432,2,46A9A47E-EDE3-2EF4-2F06-E95AF67D57E1
43.400723,-24.467754,2,46A9A47E-EDE3-2EF4-2F06-E95AF67D57E1
-18.549797,-48.311424,1,47494449-E68E-E554-8BB1-ECEEE432E269
-8.600731,-44.785473,1,47494449-E68E-E554-8BB1-ECEEE432E269
-8.571388,-43.581158,2,47494449-E68E-E554-8BB1-ECEEE432E269
-15.939312,52.353294,2,47494449-E68E-E554-8BB1-ECEEE432E269
-16.171902,52.23497,2,47494449-E68E-E554-8BB1-ECEEE432E269
-11.818662,53.358677,2,47494449-E68E-E554-8BB1-ECEEE432E269
30.47753,-31.580751,2,47494449-E68E-E554-8BB1-ECEEE432E269
40.540524,-27.227285,2,47494449-E68E-E554-8BB1-ECEEE432E269
42.96293,-23.979912,2,47494449-E68E-E554-8BB1-ECEEE432E269
37.630505,-30.22746,2,47494449-E68E-E554-8BB1-ECEEE432E269
41.058018,-27.70689,2,47494449-E68E-E554-8BB1-ECEEE432E269
23.649647,-29.243006,2,47494449-E68E-E554-8BB1-ECEEE432E269
28.319979,1.4858903,2,47494449-E68E-E554-8BB1-ECEEE432E269
-49.976437,-5.6002736,2,47494449-E68E-E554-8BB1-ECEEE432E269
-48.858612,-5.872896,2,47494449-E68E-E554-8BB1-ECEEE432E269
-48.426983,-6.0782995,2,47494449-E68E-E554-8BB1-ECEEE432E269
-47.911938,-6.3334894,2,47494449-E68E-E554-8BB1-ECEEE432E269
-47.399998,-6.6421084,2,47494449-E68E-E554-8BB1-ECEEE432E269
9.779642,2.4933548,2,47494449-E68E-E554-8BB1-ECEEE432E269
10.24327,2.9486184,2,47494449-E68E-E554-8BB1-ECEEE432E269
10.131146,2.5851157,2,47494449-E68E-E554-8BB1-ECEEE432E269
10.072856,2.5338535,2,47494449-E68E-E554-8BB1-ECEEE432E269
10.142294,2.6944692,2,47494449-E68E-E554-8BB1-ECEEE432E269
12.003416,2.7475553,2,47494449-E68E-E554-8BB1-ECEEE432E269
6.566559,-14.421988,1,48847236-6E23-6E61-57CD-780C68FAA2C2
6.5338383,-14.235718,1,48847236-6E23-6E61-57CD-780C68FAA2C2
15.083763,18.835438,1,48847236-6E23-6E61-57CD-780C68FAA2C2
11.064115,18.287378,1,48847236-6E23-6E61-57CD-780C68FAA2C2
9.617457,17.295578,1,48847236-6E23-6E61-57CD-780C68FAA2C2
41.990746,-30.754597,1,48847236-6E23-6E61-57CD-780C68FAA2C2
-6.6038165,-37.735817,2,48847236-6E23-6E61-57CD-780C68FAA2C2
-14.435978,16.297865,2,48847236-6E23-6E61-57CD-780C68FAA2C2
-14.554831,16.25691,2,48847236-6E23-6E61-57CD-780C68FAA2C2
-25.671207,45.955853,2,48847236-6E23-6E61-57CD-780C68FAA2C2
-25.590668,46.013153,2,48847236-6E23-6E61-57CD-780C68FAA2C2
-25.971483,45.721382,2,48847236-6E23-6E61-57CD-780C68FAA2C2
-34.732468,38.076946,2,48847236-6E23-6E61-57CD-780C68FAA2C2
-34.497494,38.285553,2,48847236-6E23-6E61-57CD-780C68FAA2C2
-35.262997,37.65724,2,48847236-6E23-6E61-57CD-780C68FAA2C2
29.960403,4.561247,2,48847236-6E23-6E61-57CD-780C68FAA2C2
-25.43444,-16.952656,2,48847236-6E23-6E61-57CD-780C68FAA2C2
-24.68782,-20.321644,2,48847236-6E23-6E61-57CD-780C68FAA2C2
-26.101652,-17.266253,2,48D32E40-ABB9-E3FB-185C-8A5AA0C44CBF
-26.241083,-17.22239,2,48D32E40-ABB9-E3FB-185C-8A5AA0C44CBF
-26.018934,-17.106815,2,48D32E40-ABB9-E3FB-185C-8A5AA0C44CBF
-26.0303,-17.079208,2,48D32E40-ABB9-E3FB-185C-8A5AA0C44CBF
-27.554075,-13.68508,2,48D32E40-ABB9-E3FB-185C-8A5AA0C44CBF
-27.556194,-13.675673,2,48D32E40-ABB9-E3FB-185C-8A5AA0C44CBF
-29.73771,42.76412,2,48D32E40-ABB9-E3FB-185C-8A5AA0C44CBF
-29.549538,42.75284,2,48D32E40-ABB9-E3FB-185C-8A5AA0C44CBF
-0.6554773,-17.870625,0,48D32E40-ABB9-E3FB-185C-8A5AA0C44CBF
15.926074,-1.6078283,0,48D32E40-ABB9-E3FB-185C-8A5AA0C44CBF
24.662714,-22.790466,2,48D32E40-ABB9-E3FB-185C-8A5AA0C44CBF
39.495285,-23.278399,2,48D32E40-ABB9-E3FB-185C-8A5AA0C44CBF
-33.957104,11.063663,2,48D32E40-ABB9-E3FB-185C-8A5AA0C44CBF
-33.1419,10.796836,2,48D32E40-ABB9-E3FB-185C-8A5AA0C44CBF
33.103233,42.236103,2,48D32E40-ABB9-E3FB-185C-8A5AA0C44CBF
14.641903,51.916595,0,48D32E40-ABB9-E3FB-185C-8A5AA0C44CBF
16.107643,50.977497,0,48D32E40-ABB9-E3FB-185C-8A5AA0C44CBF
15.893502,51.043613,0,48D32E40-ABB9-E3FB-185C-8A5AA0C44CBF
9.915539,53.475315,2,48D32E40-ABB9-E3FB-185C-8A5AA0C44CBF
10.564904,53.023563,0,48D32E40-ABB9-E3FB-185C-8A5AA0C44CBF
29.936953,43.071415,0,48D32E40-ABB9-E3FB-185C-8A5AA0C44CBF
35.70563,39.58537,2,48D32E40-ABB9-E3FB-185C-8A5AA0C44CBF
36.18014,39.781124,2,48D32E40-ABB9-E3FB-185C-8A5AA0C44CBF
36.506107,39.067192,2,48D32E40-ABB9-E3FB-185C-8A5AA0C44CBF
36.737225,39.333652,2,48D32E40-ABB9-E3FB-185C-8A5AA0C44CBF
37.39172,39.22476,2,48D32E40-ABB9-E3FB-185C-8A5AA0C44CBF
-42.280273,29.36736,2,48D32E40-ABB9-E3FB-185C-8A5AA0C44CBF
-42.12956,29.534103,0,48D32E40-ABB9-E3FB-185C-8A5AA0C44CBF
-47.58827,5.8856583,0,48D32E40-ABB9-E3FB-185C-8A5AA0C44CBF
-51.826756,-0.9715642,0,48D32E40-ABB9-E3FB-185C-8A5AA0C44CBF
-50.659798,-4.440954,0,48D32E40-ABB9-E3FB-185C-8A5AA0C44CBF
-50.12155,-5.206865,0,48D32E40-ABB9-E3FB-185C-8A5AA0C44CBF
-22.242023,48.450035,2,48D32E40-ABB9-E3FB-185C-8A5AA0C44CBF
-24.171045,46.65376,2,48D32E40-ABB9-E3FB-185C-8A5AA0C44CBF
-35.384968,41.581047,2,48D32E40-ABB9-E3FB-185C-8A5AA0C44CBF
-35.059963,41.905235,2,48D32E40-ABB9-E3FB-185C-8A5AA0C44CBF
21.493702,-31.858637,2,4B423110-8A54-A87F-39BB-D68BF033C7FC
29.793722,-31.843096,2,4B423110-8A54-A87F-39BB-D68BF033C7FC
23.73509,-24.826384,2,4B423110-8A54-A87F-39BB-D68BF033C7FC
26.846706,-18.976564,2,4B423110-8A54-A87F-39BB-D68BF033C7FC
-17.590494,-48.58985,2,4B423110-8A54-A87F-39BB-D68BF033C7FC
-13.800143,-46.54112,1,4B423110-8A54-A87F-39BB-D68BF033C7FC
-52.559376,-3.229785,2,4B423110-8A54-A87F-39BB-D68BF033C7FC
-52.831078,-1.3207222,2,4B423110-8A54-A87F-39BB-D68BF033C7FC
-52.28445,-2.5609381,2,4B423110-8A54-A87F-39BB-D68BF033C7FC
-52.58005,-0.8328604,0,4B423110-8A54-A87F-39BB-D68BF033C7FC
-40.20195,9.615295,0,4B423110-8A54-A87F-39BB-D68BF033C7FC
-40.313957,9.542697,0,4B423110-8A54-A87F-39BB-D68BF033C7FC
-28.710964,11.504344,2,4B423110-8A54-A87F-39BB-D68BF033C7FC
-28.64364,11.530457,2,4B423110-8A54-A87F-39BB-D68BF033C7FC
-46.918716,-9.09888,2,4B423110-8A54-A87F-39BB-D68BF033C7FC
-49.424995,-7.4342585,2,4B423110-8A54-A87F-39BB-D68BF033C7FC
-46.165737,-9.494943,1,4B423110-8A54-A87F-39BB-D68BF033C7FC
-37.70493,-9.775472,0,4B423110-8A54-A87F-39BB-D68BF033C7FC
42.84928,-24.387594,2,4BD5749B-A1D2-E6C9-156F-DF107802D3BE
40.560776,-27.571646,2,4BD5749B-A1D2-E6C9-156F-DF107802D3BE
40.84747,-27.771162,2,4BD5749B-A1D2-E6C9-156F-DF107802D3BE
46.148586,-25.702122,2,4BD5749B-A1D2-E6C9-156F-DF107802D3BE
34.896503,17.338402,2,4BD5749B-A1D2-E6C9-156F-DF107802D3BE
32.50738,14.640553,2,4BD5749B-A1D2-E6C9-156F-DF107802D3BE
24.182415,-25.512896,1,4BD5749B-A1D2-E6C9-156F-DF107802D3BE
51.040264,-25.001272,1,4BD5749B-A1D2-E6C9-156F-DF107802D3BE
45.15186,-24.97284,1,4BD5749B-A1D2-E6C9-156F-DF107802D3BE
-35.165188,-9.386767,2,4BD5749B-A1D2-E6C9-156F-DF107802D3BE
-35.20508,-9.390912,2,4BD5749B-A1D2-E6C9-156F-DF107802D3BE
-35.26749,-9.509334,2,4BD5749B-A1D2-E6C9-156F-DF107802D3BE
-41.64677,30.00983,1,4BD5749B-A1D2-E6C9-156F-DF107802D3BE
-41.678497,29.96785,1,4BD5749B-A1D2-E6C9-156F-DF107802D3BE
37.07743,40.181656,1,4BD5749B-A1D2-E6C9-156F-DF107802D3BE
18.009848,15.885512,2,4BD5749B-A1D2-E6C9-156F-DF107802D3BE
11.371823,22.117811,2,4BD5749B-A1D2-E6C9-156F-DF107802D3BE
9.19002,21.285023,2,4BD5749B-A1D2-E6C9-156F-DF107802D3BE
30.357174,-35.1998,2,4BD5749B-A1D2-E6C9-156F-DF107802D3BE
-1.2301197,-28.79485,2,4BD5749B-A1D2-E6C9-156F-DF107802D3BE
-1.5174793,-29.237991,2,4BD5749B-A1D2-E6C9-156F-DF107802D3BE
-2.4362874,-28.422924,2,4BD5749B-A1D2-E6C9-156F-DF107802D3BE
-2.672054,-28.591331,1,4BD5749B-A1D2-E6C9-156F-DF107802D3BE
-2.1945076,-28.041462,1,4BD5749B-A1D2-E6C9-156F-DF107802D3BE
-7.742898,-38.469437,1,4BD5749B-A1D2-E6C9-156F-DF107802D3BE
-7.5996842,-38.51223,1,4BD5749B-A1D2-E6C9-156F-DF107802D3BE
-7.8007984,-39.666862,1,4BD5749B-A1D2-E6C9-156F-DF107802D3BE
-47.543262,6.5289354,2,4BD5749B-A1D2-E6C9-156F-DF107802D3BE
-46.1997,7.067167,2,4BD5749B-A1D2-E6C9-156F-DF107802D3BE
-46.06308,7.105607,2,4BD5749B-A1D2-E6C9-156F-DF107802D3BE
36.663925,7.164398,2,4BFAECAC-0CC2-F9AC-17BB-7343BE737D81
36.34537,3.895291,2,4BFAECAC-0CC2-F9AC-17BB-7343BE737D81
17.3767,3.172377,2,4BFAECAC-0CC2-F9AC-17BB-7343BE737D81
-4.052623,30.374144,2,4BFAECAC-0CC2-F9AC-17BB-7343BE737D81
-4.1309075,30.253782,2,4BFAECAC-0CC2-F9AC-17BB-7343BE737D81
-3.4719412,31.138088,2,4BFAECAC-0CC2-F9AC-17BB-7343BE737D81
50.83179,-21.401075,2,4BFAECAC-0CC2-F9AC-17BB-7343BE737D81
47.57046,-17.146923,2,4BFAECAC-0CC2-F9AC-17BB-7343BE737D81
45.9199,-16.879286,2,4BFAECAC-0CC2-F9AC-17BB-7343BE737D81
-35.216476,10.506952,2,4BFAECAC-0CC2-F9AC-17BB-7343BE737D81
-35.31971,10.595217,2,4BFAECAC-0CC2-F9AC-17BB-7343BE737D81
-35.280094,10.588217,2,4BFAECAC-0CC2-F9AC-17BB-7343BE737D81
4.307744,-18.21159,2,4BFAECAC-0CC2-F9AC-17BB-7343BE737D81
3.4564734,-19.043715,2,4BFAECAC-0CC2-F9AC-17BB-7343BE737D81
12.269367,-14.192656,2,4BFAECAC-0CC2-F9AC-17BB-7343BE737D81
12.408657,-14.143569,1,4BFAECAC-0CC2-F9AC-17BB-7343BE737D81
-26.87303,44.66415,2,4BFAECAC-0CC2-F9AC-17BB-7343BE737D81
-23.938866,47.152237,2,4BFAECAC-0CC2-F9AC-17BB-7343BE737D81
-23.272001,12.331698,0,4BFAECAC-0CC2-F9AC-17BB-7343BE737D81
-35.32306,-8.013012,0,4BFAECAC-0CC2-F9AC-17BB-7343BE737D81
-1.7719803,-19.002516,2,4BFAECAC-0CC2-F9AC-17BB-7343BE737D81
-1.261385,-16.73393,2,4BFAECAC-0CC2-F9AC-17BB-7343BE737D81
-2.3468838,35.555943,2,4BFAECAC-0CC2-F9AC-17BB-7343BE737D81
-13.782126,16.4772,2,4BFAECAC-0CC2-F9AC-17BB-7343BE737D81
36.119324,18.506384,2,5270C847-54C3-180E-9737-1D87A639C450
36.87495,14.20763,2,5270C847-54C3-180E-9737-1D87A639C450
36.43358,13.195993,2,5270C847-54C3-180E-9737-1D87A639C450
36.44602,13.211725,2,5270C847-54C3-180E-9737-1D87A639C450
34.691353,17.178673,2,5270C847-54C3-180E-9737-1D87A639C450
33.420197,18.761818,2,5270C847-54C3-180E-9737-1D87A639C450
-1.6812476,42.752373,0,5270C847-54C3-180E-9737-1D87A639C450
-1.8742476,43.276512,0,5270C847-54C3-180E-9737-1D87A639C450
-19.721786,50.762188,0,5270C847-54C3-180E-9737-1D87A639C450
18.339792,1.3527184,0,5270C847-54C3-180E-9737-1D87A639C450
40.34744,3.1962214,0,5270C847-54C3-180E-9737-1D87A639C450
17.873589,4.3060074,2,5270C847-54C3-180E-9737-1D87A639C450
-25.799248,-39.895607,2,5270C847-54C3-180E-9737-1D87A639C450
-25.800154,-39.78366,2,5270C847-54C3-180E-9737-1D87A639C450
-33.356953,39.87609,2,5270C847-54C3-180E-9737-1D87A639C450
-32.933758,40.20692,2,5270C847-54C3-180E-9737-1D87A639C450
-42.27919,29.133875,2,5270C847-54C3-180E-9737-1D87A639C450
36.727802,39.785435,2,5270C847-54C3-180E-9737-1D87A639C450
5.197191,-18.084362,2,5270C847-54C3-180E-9737-1D87A639C450
14.095779,-7.3710003,2,5270C847-54C3-180E-9737-1D87A639C450
14.4472685,-7.971745,2,5270C847-54C3-180E-9737-1D87A639C450
-29.508913,-26.831352,2,5270C847-54C3-180E-9737-1D87A639C450
-41.586758,29.23368,2,5270C847-54C3-180E-9737-1D87A639C450
17.221966,50.19428,2,5270C847-54C3-180E-9737-1D87A639C450
38.756992,5.9211855,2,5690E95B-9747-B2B5-2EE1-16A72200D5CC
35.659813,4.0421133,2,5690E95B-9747-B2B5-2EE1-16A72200D5CC
35.12879,3.3913634,0,5690E95B-9747-B2B5-2EE1-16A72200D5CC
36.189877,3.7296228,0,5690E95B-9747-B2B5-2EE1-16A72200D5CC
31.956133,14.854084,2,5690E95B-9747-B2B5-2EE1-16A72200D5CC
32.10867,15.348786,2,5690E95B-9747-B2B5-2EE1-16A72200D5CC
46.284588,-25.796354,2,5690E95B-9747-B2B5-2EE1-16A72200D5CC
41.31804,-28.760633,2,5690E95B-9747-B2B5-2EE1-16A72200D5CC
22.03292,-31.702517,2,5690E95B-9747-B2B5-2EE1-16A72200D5CC
28.6348,1.5630695,2,5690E95B-9747-B2B5-2EE1-16A72200D5CC
28.148882,1.2616476,2,5690E95B-9747-B2B5-2EE1-16A72200D5CC
15.860088,-4.1761947,2,5690E95B-9747-B2B5-2EE1-16A72200D5CC
-39.23054,32.430183,2,5690E95B-9747-B2B5-2EE1-16A72200D5CC
19.00016,49.291306,2,5690E95B-9747-B2B5-2EE1-16A72200D5CC
19.399641,49.281944,2,5690E95B-9747-B2B5-2EE1-16A72200D5CC
27.746033,44.844814,2,5690E95B-9747-B2B5-2EE1-16A72200D5CC
19.362951,49.327396,2,5690E95B-9747-B2B5-2EE1-16A72200D5CC
-5.3028407,-29.003975,2,5690E95B-9747-B2B5-2EE1-16A72200D5CC
14.91097,15.079972,0,58CB3C5E-2F5C-31FE-83E8-C6772D99B8D5
15.114566,14.941825,0,58CB3C5E-2F5C-31FE-83E8-C6772D99B8D5
14.8106785,14.575932,0,58CB3C5E-2F5C-31FE-83E8-C6772D99B8D5
14.488865,-6.381451,0,58CB3C5E-2F5C-31FE-83E8-C6772D99B8D5
8.4494295,-5.469184,2,58CB3C5E-2F5C-31FE-83E8-C6772D99B8D5
6.4808564,-6.2649503,2,58CB3C5E-2F5C-31FE-83E8-C6772D99B8D5
42.942898,-30.805431,2,58CB3C5E-2F5C-31FE-83E8-C6772D99B8D5
21.665638,-33.132393,2,58CB3C5E-2F5C-31FE-83E8-C6772D99B8D5
-6.9529333,-37.529705,2,58CB3C5E-2F5C-31FE-83E8-C6772D99B8D5
-6.99925,-37.14051,1,58CB3C5E-2F5C-31FE-83E8-C6772D99B8D5
-7.282077,-37.345497,0,58CB3C5E-2F5C-31FE-83E8-C6772D99B8D5
-8.595368,-44.740883,0,58CB3C5E-2F5C-31FE-83E8-C6772D99B8D5
51.570774,-25.605173,2,5CD23052-9069-615B-22B2-CB8E9A2413C9
50.962406,-21.904718,2,5CD23052-9069-615B-22B2-CB8E9A2413C9
52.1483,-25.732512,0,5CD23052-9069-615B-22B2-CB8E9A2413C9
-1.6030272,-29.991617,0,5CD23052-9069-615B-22B2-CB8E9A2413C9
-0.56074804,-25.22835,0,5CD23052-9069-615B-22B2-CB8E9A2413C9
-1.8916568,-19.70402,0,5CD23052-9069-615B-22B2-CB8E9A2413C9
-3.5137086,47.401035,0,5CD23052-9069-615B-22B2-CB8E9A2413C9
-3.214858,46.56864,1,5CD23052-9069-615B-22B2-CB8E9A2413C9
-20.576147,49.439827,1,5CD23052-9069-615B-22B2-CB8E9A2413C9
-17.785767,-49.355507,1,5CD23052-9069-615B-22B2-CB8E9A2413C9
-18.69527,-49.771458,1,5CD23052-9069-615B-22B2-CB8E9A2413C9
-18.255497,-49.44531,1,5CD23052-9069-615B-22B2-CB8E9A2413C9
-2.534546,-32.09637,2,5CD23052-9069-615B-22B2-CB8E9A2413C9
-21.361336,-46.207863,2,5CD23052-9069-615B-22B2-CB8E9A2413C9
-28.22416,-39.031094,2,5CD23052-9069-615B-22B2-CB8E9A2413C9
-14.469084,15.5897,2,5CD23052-9069-615B-22B2-CB8E9A2413C9
-19.373777,13.4389925,0,5CD23052-9069-615B-22B2-CB8E9A2413C9
-19.678947,13.395265,0,5CD23052-9069-615B-22B2-CB8E9A2413C9
-47.311646,7.486021,2,5CD23052-9069-615B-22B2-CB8E9A2413C9
-46.86658,7.7289724,2,5CD23052-9069-615B-22B2-CB8E9A2413C9
-47.009804,7.4338517,0,5CD23052-9069-615B-22B2-CB8E9A2413C9
-47.204464,7.288276,0,5CD23052-9069-615B-22B2-CB8E9A2413C9
-7.5666556,51.173946,0,5CD23052-9069-615B-22B2-CB8E9A2413C9
-7.0762134,50.87504,0,5CD23052-9069-615B-22B2-CB8E9A2413C9
32.304714,14.431752,2,5E491E0A-C580-29BE-4329-ED7BFF843D0D
16.814243,18.330486,0,5E491E0A-C580-29BE-4329-ED7BFF843D0D
34.116848,11.782071,2,5E491E0A-C580-29BE-4329-ED7BFF843D0D
16.710102,18.569685,2,5E491E0A-C580-29BE-4329-ED7BFF843D0D
-34.06377,35.061268,2,5E491E0A-C580-29BE-4329-ED7BFF843D0D
-33.614998,35.21876,0,5E491E0A-C580-29BE-4329-ED7BFF843D0D
-38.414265,31.161657,0,5E491E0A-C580-29BE-4329-ED7BFF843D0D
-30.185408,35.412605,2,5E491E0A-C580-29BE-4329-ED7BFF843D0D
-28.448238,35.687675,2,5E491E0A-C580-29BE-4329-ED7BFF843D0D
20.478878,-22.700415,2,5E491E0A-C580-29BE-4329-ED7BFF843D0D
-29.763601,-11.215567,2,5E491E0A-C580-29BE-4329-ED7BFF843D0D
-29.93093,-11.252129,1,5E491E0A-C580-29BE-4329-ED7BFF843D0D
-29.934952,-11.098976,1,5E491E0A-C580-29BE-4329-ED7BFF843D0D
-29.691502,-11.001099,1,5E491E0A-C580-29BE-4329-ED7BFF843D0D
-30.589573,-10.07785,1,5E491E0A-C580-29BE-4329-ED7BFF843D0D
43.312572,-24.519762,0,5E491E0A-C580-29BE-4329-ED7BFF843D0D
23.76132,-25.543846,0,5E491E0A-C580-29BE-4329-ED7BFF843D0D
13.934004,16.113853,0,5E491E0A-C580-29BE-4329-ED7BFF843D0D
9.6997795,-0.3904649,2,5E491E0A-C580-29BE-4329-ED7BFF843D0D
42.129166,-29.96094,2,5E491E0A-C580-29BE-4329-ED7BFF843D0D
-36.846085,34.58402,2,5E491E0A-C580-29BE-4329-ED7BFF843D0D
-36.914787,34.499447,2,5E491E0A-C580-29BE-4329-ED7BFF843D0D
-37.043537,34.358112,2,5E491E0A-C580-29BE-4329-ED7BFF843D0D
-29.446575,43.209557,2,5E491E0A-C580-29BE-4329-ED7BFF843D0D
36.166317,39.29049,0,5E491E0A-C580-29BE-4329-ED7BFF843D0D
34.75463,39.28894,2,5E491E0A-C580-29BE-4329-ED7BFF843D0D
34.341984,39.773335,2,5E491E0A-C580-29BE-4329-ED7BFF843D0D
34.242657,39.56985,2,5E491E0A-C580-29BE-4329-ED7BFF843D0D
-25.627695,45.159096,2,5E491E0A-C580-29BE-4329-ED7BFF843D0D
-24.289265,46.17387,2,5E491E0A-C580-29BE-4329-ED7BFF843D0D
-33.046787,40.709995,0,5E491E0A-C580-29BE-4329-ED7BFF843D0D
-32.89175,40.798164,2,5E491E0A-C580-29BE-4329-ED7BFF843D0D
-33.02401,40.33234,2,5E491E0A-C580-29BE-4329-ED7BFF843D0D
-33.347313,40.25233,2,5E491E0A-C580-29BE-4329-ED7BFF843D0D
-33.268734,40.309475,2,5E491E0A-C580-29BE-4329-ED7BFF843D0D
-51.920227,-1.2750288,2,5E491E0A-C580-29BE-4329-ED7BFF843D0D
34.540054,11.920373,1,5F222604-CB86-1ABA-EB7B-31FF78B7BE93
6.603795,-7.1113596,1,5F222604-CB86-1ABA-EB7B-31FF78B7BE93
5.475882,-9.603664,1,5F222604-CB86-1ABA-EB7B-31FF78B7BE93
5.5462613,-9.708973,1,5F222604-CB86-1ABA-EB7B-31FF78B7BE93
5.2408476,-10.170518,1,5F222604-CB86-1ABA-EB7B-31FF78B7BE93
7.9140525,-8.6027155,1,5F222604-CB86-1ABA-EB7B-31FF78B7BE93
25.157784,-13.876664,2,5F222604-CB86-1ABA-EB7B-31FF78B7BE93
-29.807981,-11.88344,2,5F222604-CB86-1ABA-EB7B-31FF78B7BE93
-29.53414,-11.729527,2,5F222604-CB86-1ABA-EB7B-31FF78B7BE93
-30.491724,-9.7779,2,5F222604-CB86-1ABA-EB7B-31FF78B7BE93
-26.957548,-11.565458,2,5F222604-CB86-1ABA-EB7B-31FF78B7BE93
15.055952,51.603935,2,5F222604-CB86-1ABA-EB7B-31FF78B7BE93
-20.008259,49.899113,2,5F222604-CB86-1ABA-EB7B-31FF78B7BE93
-20.019331,49.851597,2,5F222604-CB86-1ABA-EB7B-31FF78B7BE93
-11.638812,18.659908,2,5F222604-CB86-1ABA-EB7B-31FF78B7BE93
-12.345393,18.13179,2,5F222604-CB86-1ABA-EB7B-31FF78B7BE93
-12.360074,17.868757,2,5F222604-CB86-1ABA-EB7B-31FF78B7BE93
-38.901134,-8.391052,2,5F222604-CB86-1ABA-EB7B-31FF78B7BE93
33.37087,7.17391,0,623D68EC-1C36-4E39-4317-BE7B59F593D2
30.966372,8.967421,0,623D68EC-1C36-4E39-4317-BE7B59F593D2
36.279747,4.55428,0,623D68EC-1C36-4E39-4317-BE7B59F593D2
36.49259,4.72291,0,623D68EC-1C36-4E39-4317-BE7B59F593D2
36.044445,4.495605,0,623D68EC-1C36-4E39-4317-BE7B59F593D2
16.042025,20.320396,0,623D68EC-1C36-4E39-4317-BE7B59F593D2
-45.811222,-9.236877,2,623D68EC-1C36-4E39-4317-BE7B59F593D2
-45.68003,-9.305494,2,623D68EC-1C36-4E39-4317-BE7B59F593D2
15.51213,12.872386,2,623D68EC-1C36-4E39-4317-BE7B59F593D2
15.573157,12.777466,0,623D68EC-1C36-4E39-4317-BE7B59F593D2
29.943174,8.396308,0,623D68EC-1C36-4E39-4317-BE7B59F593D2
14.649564,15.453128,0,623D68EC-1C36-4E39-4317-BE7B59F593D2
15.731823,17.636904,0,623D68EC-1C36-4E39-4317-BE7B59F593D2
30.695148,12.038018,2,623D68EC-1C36-4E39-4317-BE7B59F593D2
22.096941,-31.62785,2,623D68EC-1C36-4E39-4317-BE7B59F593D2
20.484926,-29.744974,2,623D68EC-1C36-4E39-4317-BE7B59F593D2
20.6568,-29.503775,0,623D68EC-1C36-4E39-4317-BE7B59F593D2
17.436758,17.106241,0,623D68EC-1C36-4E39-4317-BE7B59F593D2
15.81238,14.636346,0,623D68EC-1C36-4E39-4317-BE7B59F593D2
20.43201,-22.688545,0,623D68EC-1C36-4E39-4317-BE7B59F593D2
16.681381,15.287844,0,623D68EC-1C36-4E39-4317-BE7B59F593D2
23.247202,-25.143131,0,623D68EC-1C36-4E39-4317-BE7B59F593D2
14.581687,15.122271,2,623D68EC-1C36-4E39-4317-BE7B59F593D2
10.3735485,17.762592,2,623D68EC-1C36-4E39-4317-BE7B59F593D2
-26.489206,-22.161505,0,623D68EC-1C36-4E39-4317-BE7B59F593D2
-26.398785,-21.642693,2,623D68EC-1C36-4E39-4317-BE7B59F593D2
-26.345715,-21.976547,2,623D68EC-1C36-4E39-4317-BE7B59F593D2
-31.32035,-8.900529,2,623D68EC-1C36-4E39-4317-BE7B59F593D2
-25.934835,-19.953562,2,623D68EC-1C36-4E39-4317-BE7B59F593D2
-14.151764,-45.310696,0,623D68EC-1C36-4E39-4317-BE7B59F593D2
39.443977,6.5817666,2,62A1F053-1EA8-7433-090E-89D450314F41
38.86055,10.970478,2,62A1F053-1EA8-7433-090E-89D450314F41
18.561146,-2.248646,2,62A1F053-1EA8-7433-090E-89D450314F41
18.448288,-2.379333,2,62A1F053-1EA8-7433-090E-89D450314F41
19.033539,-1.5738292,2,62A1F053-1EA8-7433-090E-89D450314F41
18.500725,-2.291683,2,62A1F053-1EA8-7433-090E-89D450314F41
-27.294844,-14.344261,0,62A1F053-1EA8-7433-090E-89D450314F41
-26.81022,-16.847708,0,62A1F053-1EA8-7433-090E-89D450314F41
-27.205198,-16.016396,0,62A1F053-1EA8-7433-090E-89D450314F41
41.157413,-28.034388,2,62A1F053-1EA8-7433-090E-89D450314F41
37.659184,-30.362501,2,62A1F053-1EA8-7433-090E-89D450314F41
6.7222853,-12.775269,2,62A1F053-1EA8-7433-090E-89D450314F41
48.605053,-15.26352,0,62A1F053-1EA8-7433-090E-89D450314F41
48.59389,-15.186176,0,62A1F053-1EA8-7433-090E-89D450314F41
47.672573,-16.302675,1,62A1F053-1EA8-7433-090E-89D450314F41
48.465034,-15.898142,2,62A1F053-1EA8-7433-090E-89D450314F41
47.48701,-16.328644,2,62A1F053-1EA8-7433-090E-89D450314F41
44.095543,-20.552313,2,62A1F053-1EA8-7433-090E-89D450314F41
-1.7303269,41.763527,0,62A1F053-1EA8-7433-090E-89D450314F41
-1.4346594,41.95902,0,62A1F053-1EA8-7433-090E-89D450314F41
-1.6576067,41.17737,0,62A1F053-1EA8-7433-090E-89D450314F41
-1.6674479,41.80842,0,62A1F053-1EA8-7433-090E-89D450314F41
-2.5022776,35.67317,0,62A1F053-1EA8-7433-090E-89D450314F41
-33.769745,11.421564,2,62A1F053-1EA8-7433-090E-89D450314F41
-18.48668,-46.759727,2,647C581E-E72F-0765-F94A-065909B99374
-42.95912,9.366484,2,647C581E-E72F-0765-F94A-065909B99374
-32.56795,11.692509,2,647C581E-E72F-0765-F94A-065909B99374
-31.586815,11.608784,2,647C581E-E72F-0765-F94A-065909B99374
-31.552567,11.637793,2,647C581E-E72F-0765-F94A-065909B99374
-28.307003,12.328331,2,647C581E-E72F-0765-F94A-065909B99374
-6.0803614,-23.91378,0,647C581E-E72F-0765-F94A-065909B99374
14.427856,-10.730918,0,647C581E-E72F-0765-F94A-065909B99374
14.1698885,-10.770276,1,647C581E-E72F-0765-F94A-065909B99374
-29.966412,-35.88334,1,647C581E-E72F-0765-F94A-065909B99374
-29.660402,-37.59753,1,647C581E-E72F-0765-F94A-065909B99374
-29.705406,-37.613045,1,647C581E-E72F-0765-F94A-065909B99374
-33.86606,41.956764,2,647C581E-E72F-0765-F94A-065909B99374
-35.743923,40.21909,1,647C581E-E72F-0765-F94A-065909B99374
-34.929394,42.23332,1,647C581E-E72F-0765-F94A-065909B99374
-35.170185,41.937546,2,647C581E-E72F-0765-F94A-065909B99374
-34.980785,42.28052,2,647C581E-E72F-0765-F94A-065909B99374
-27.626211,-18.185081,2,647C581E-E72F-0765-F94A-065909B99374
13.9911375,51.61991,2,647C581E-E72F-0765-F94A-065909B99374
-1.7147368,42.536198,2,647C581E-E72F-0765-F94A-065909B99374
-20.391476,50.213474,2,647C581E-E72F-0765-F94A-065909B99374
-20.49329,50.056076,2,647C581E-E72F-0765-F94A-065909B99374
-19.825573,50.546406,2,647C581E-E72F-0765-F94A-065909B99374
-19.455452,50.849976,2,647C581E-E72F-0765-F94A-065909B99374
13.422648,-10.808478,1,64A0EC69-0CE2-8405-0FFC-D63A7F55E703
8.479759,22.054525,1,64A0EC69-0CE2-8405-0FFC-D63A7F55E703
8.302579,21.934917,1,64A0EC69-0CE2-8405-0FFC-D63A7F55E703
30.367933,-39.06163,1,64A0EC69-0CE2-8405-0FFC-D63A7F55E703
42.47894,-30.367601,1,64A0EC69-0CE2-8405-0FFC-D63A7F55E703
22.705997,-32.20454,1,64A0EC69-0CE2-8405-0FFC-D63A7F55E703
-8.569287,51.803154,1,64A0EC69-0CE2-8405-0FFC-D63A7F55E703
-9.038627,51.929462,0,64A0EC69-0CE2-8405-0FFC-D63A7F55E703
-42.384274,-7.5650344,0,64A0EC69-0CE2-8405-0FFC-D63A7F55E703
-43.080055,-7.3443418,0,64A0EC69-0CE2-8405-0FFC-D63A7F55E703
-43.131645,-7.2821765,0,64A0EC69-0CE2-8405-0FFC-D63A7F55E703
21.834295,-40.552895,0,64A0EC69-0CE2-8405-0FFC-D63A7F55E703
-29.168985,43.018818,1,64A0EC69-0CE2-8405-0FFC-D63A7F55E703
-29.300535,42.757225,1,64A0EC69-0CE2-8405-0FFC-D63A7F55E703
-19.870962,50.49644,1,64A0EC69-0CE2-8405-0FFC-D63A7F55E703
-4.726497,49.103024,1,64A0EC69-0CE2-8405-0FFC-D63A7F55E703
-8.41361,23.294596,1,64A0EC69-0CE2-8405-0FFC-D63A7F55E703
-7.3866005,25.360348,1,64A0EC69-0CE2-8405-0FFC-D63A7F55E703
-35.262363,38.11398,1,64A0EC69-0CE2-8405-0FFC-D63A7F55E703
-42.421818,29.19545,1,64A0EC69-0CE2-8405-0FFC-D63A7F55E703
9.911413,53.623657,1,64A0EC69-0CE2-8405-0FFC-D63A7F55E703
15.99844,51.21092,1,64A0EC69-0CE2-8405-0FFC-D63A7F55E703
10.712608,53.491306,1,64A0EC69-0CE2-8405-0FFC-D63A7F55E703
10.87361,53.40593,1,64A0EC69-0CE2-8405-0FFC-D63A7F55E703
-17.605345,-50.851986,0,66E9719B-D383-AA87-7FAB-D9B4ABE7011C
41.959816,-32.07716,0,66E9719B-D383-AA87-7FAB-D9B4ABE7011C
50.071213,-27.730085,2,66E9719B-D383-AA87-7FAB-D9B4ABE7011C
7.9600186,21.670671,2,66E9719B-D383-AA87-7FAB-D9B4ABE7011C
-26.27442,-12.068152,2,66E9719B-D383-AA87-7FAB-D9B4ABE7011C
-26.042774,-12.902121,2,66E9719B-D383-AA87-7FAB-D9B4ABE7011C
-26.01791,-13.039386,2,66E9719B-D383-AA87-7FAB-D9B4ABE7011C
-25.874544,-13.379916,2,66E9719B-D383-AA87-7FAB-D9B4ABE7011C
-26.014212,-12.966339,2,66E9719B-D383-AA87-7FAB-D9B4ABE7011C
35.11941,17.712452,2,66E9719B-D383-AA87-7FAB-D9B4ABE7011C
-27.653767,-27.745735,0,66E9719B-D383-AA87-7FAB-D9B4ABE7011C
-27.543213,-27.816956,0,66E9719B-D383-AA87-7FAB-D9B4ABE7011C
-45.01503,-8.034661,0,66E9719B-D383-AA87-7FAB-D9B4ABE7011C
-45.071526,-8.156493,0,66E9719B-D383-AA87-7FAB-D9B4ABE7011C
-45.968014,-8.0283165,0,66E9719B-D383-AA87-7FAB-D9B4ABE7011C
-26.602451,-16.150969,0,66E9719B-D383-AA87-7FAB-D9B4ABE7011C
-26.392338,-16.16986,0,66E9719B-D383-AA87-7FAB-D9B4ABE7011C
-25.60652,-19.320097,0,66E9719B-D383-AA87-7FAB-D9B4ABE7011C
7.5506487,-14.933568,2,66E9719B-D383-AA87-7FAB-D9B4ABE7011C
-1.6935463,-21.790117,2,66E9719B-D383-AA87-7FAB-D9B4ABE7011C
-0.18858281,-18.685474,2,66E9719B-D383-AA87-7FAB-D9B4ABE7011C
-0.17564915,-19.026815,2,66E9719B-D383-AA87-7FAB-D9B4ABE7011C
0.9599913,-18.418587,2,66E9719B-D383-AA87-7FAB-D9B4ABE7011C
2.0875974,-19.158659,2,66E9719B-D383-AA87-7FAB-D9B4ABE7011C
-7.0806017,25.137262,2,66E9719B-D383-AA87-7FAB-D9B4ABE7011C
-5.3142176,48.902306,2,66E9719B-D383-AA87-7FAB-D9B4ABE7011C
-4.714593,48.427105,2,66E9719B-D383-AA87-7FAB-D9B4ABE7011C
-1.4664155,37.879524,2,66E9719B-D383-AA87-7FAB-D9B4ABE7011C
-2.0635126,35.37286,2,66E9719B-D383-AA87-7FAB-D9B4ABE7011C
-27.548267,-13.554424,2,66E9719B-D383-AA87-7FAB-D9B4ABE7011C
-30.756113,11.3995905,2,66E9719B-D383-AA87-7FAB-D9B4ABE7011C
-30.127308,11.578227,2,66E9719B-D383-AA87-7FAB-D9B4ABE7011C
-52.001446,-0.47872502,2,68339CF4-6AFB-7EFB-40EA-238612F8E5A4
-29.404741,43.19972,2,68339CF4-6AFB-7EFB-40EA-238612F8E5A4
-26.139196,45.359947,2,68339CF4-6AFB-7EFB-40EA-238612F8E5A4
-30.549458,42.25841,2,68339CF4-6AFB-7EFB-40EA-238612F8E5A4
-25.425453,45.333996,2,68339CF4-6AFB-7EFB-40EA-238612F8E5A4
-25.273506,45.40345,2,68339CF4-6AFB-7EFB-40EA-238612F8E5A4
17.135267,3.823013,2,6B1E25A6-882B-DDD7-CE4F-4EC17A0906CF
40.528618,5.9171624,2,6B1E25A6-882B-DDD7-CE4F-4EC17A0906CF
40.570007,6.774182,0,6B1E25A6-882B-DDD7-CE4F-4EC17A0906CF
40.899734,7.1302104,0,6B1E25A6-882B-DDD7-CE4F-4EC17A0906CF
44.18984,-19.87258,0,6B1E25A6-882B-DDD7-CE4F-4EC17A0906CF
33.758102,3.5607538,2,6B1E25A6-882B-DDD7-CE4F-4EC17A0906CF
42.23265,-20.11858,2,6B1E25A6-882B-DDD7-CE4F-4EC17A0906CF
29.586155,-29.010893,0,6B1E25A6-882B-DDD7-CE4F-4EC17A0906CF
39.221302,-23.048655,0,6B1E25A6-882B-DDD7-CE4F-4EC17A0906CF
29.576225,-29.041204,2,6B1E25A6-882B-DDD7-CE4F-4EC17A0906CF
22.15574,-26.172762,2,6B1E25A6-882B-DDD7-CE4F-4EC17A0906CF
22.705847,-26.778606,2,6B1E25A6-882B-DDD7-CE4F-4EC17A0906CF
-2.24406,36.462795,2,6B1E25A6-882B-DDD7-CE4F-4EC17A0906CF
-2.294593,36.206512,2,6B1E25A6-882B-DDD7-CE4F-4EC17A0906CF
-2.1479325,36.722828,2,6B1E25A6-882B-DDD7-CE4F-4EC17A0906CF
-21.45839,49.185635,2,6B1E25A6-882B-DDD7-CE4F-4EC17A0906CF
-21.66512,49.0307,2,6B1E25A6-882B-DDD7-CE4F-4EC17A0906CF
-8.628318,23.744274,2,6B1E25A6-882B-DDD7-CE4F-4EC17A0906CF
-32.13829,11.492052,1,6B1E25A6-882B-DDD7-CE4F-4EC17A0906CF
-31.547144,11.349969,1,6B1E25A6-882B-DDD7-CE4F-4EC17A0906CF
-42.467434,8.807262,1,6B1E25A6-882B-DDD7-CE4F-4EC17A0906CF
-47.40282,6.0035315,1,6B1E25A6-882B-DDD7-CE4F-4EC17A0906CF
10.548472,18.547073,1,6B1E25A6-882B-DDD7-CE4F-4EC17A0906CF
-35.54501,-8.449327,1,6B1E25A6-882B-DDD7-CE4F-4EC17A0906CF
-35.823112,-7.778772,1,6B1E25A6-882B-DDD7-CE4F-4EC17A0906CF
-36.174904,-7.3236675,1,6B1E25A6-882B-DDD7-CE4F-4EC17A0906CF
30.338179,-35.43062,0,6C9454F6-2AA4-4C25-0387-C6CA7AFC4C13
41.842014,-31.098991,0,6C9454F6-2AA4-4C25-0387-C6CA7AFC4C13
-25.936453,-12.643899,0,6C9454F6-2AA4-4C25-0387-C6CA7AFC4C13
-26.189543,-11.9766035,0,6C9454F6-2AA4-4C25-0387-C6CA7AFC4C13
-26.183653,-11.971453,2,6C9454F6-2AA4-4C25-0387-C6CA7AFC4C13
-26.256855,-11.9796,2,6C9454F6-2AA4-4C25-0387-C6CA7AFC4C13
-26.273262,-11.99141,2,6C9454F6-2AA4-4C25-0387-C6CA7AFC4C13
34.84734,13.120755,2,6C9454F6-2AA4-4C25-0387-C6CA7AFC4C13
14.797583,18.945946,2,6C9454F6-2AA4-4C25-0387-C6CA7AFC4C13
42.046715,-20.177324,2,6C9454F6-2AA4-4C25-0387-C6CA7AFC4C13
42.240906,-20.253746,1,6C9454F6-2AA4-4C25-0387-C6CA7AFC4C13
41.67464,-23.267406,0,6C9454F6-2AA4-4C25-0387-C6CA7AFC4C13
-44.349518,-10.783182,2,6C9454F6-2AA4-4C25-0387-C6CA7AFC4C13
-44.45833,-10.741529,1,6C9454F6-2AA4-4C25-0387-C6CA7AFC4C13
-7.2155046,-27.696548,2,6C9454F6-2AA4-4C25-0387-C6CA7AFC4C13
-6.9323745,-27.93349,2,6C9454F6-2AA4-4C25-0387-C6CA7AFC4C13
-6.757065,-27.777718,2,6C9454F6-2AA4-4C25-0387-C6CA7AFC4C13
36.09228,42.310806,2,6C9454F6-2AA4-4C25-0387-C6CA7AFC4C13
-51.567852,-4.99771,1,6C9454F6-2AA4-4C25-0387-C6CA7AFC4C13
-39.478523,-7.5456076,1,6C9454F6-2AA4-4C25-0387-C6CA7AFC4C13
-38.9979,-7.5105786,1,6C9454F6-2AA4-4C25-0387-C6CA7AFC4C13
33.701004,21.300318,0,6C9454F6-2AA4-4C25-0387-C6CA7AFC4C13
34.29928,20.724953,0,6C9454F6-2AA4-4C25-0387-C6CA7AFC4C13
17.791029,17.77081,0,6C9454F6-2AA4-4C25-0387-C6CA7AFC4C13
17.896929,17.531584,0,6C9454F6-2AA4-4C25-0387-C6CA7AFC4C13
20.257725,-22.86025,2,6C9454F6-2AA4-4C25-0387-C6CA7AFC4C13
16.067226,17.730042,2,6C9454F6-2AA4-4C25-0387-C6CA7AFC4C13
36.215137,4.7784963,2,6C9454F6-2AA4-4C25-0387-C6CA7AFC4C13
34.29138,11.759564,2,6C9454F6-2AA4-4C25-0387-C6CA7AFC4C13
37.418587,19.815926,0,6C9454F6-2AA4-4C25-0387-C6CA7AFC4C13
29.274372,44.227062,0,6C9454F6-2AA4-4C25-0387-C6CA7AFC4C13
29.318447,44.119293,0,6C9454F6-2AA4-4C25-0387-C6CA7AFC4C13
29.1396,44.305363,2,6C9454F6-2AA4-4C25-0387-C6CA7AFC4C13
29.003357,44.394253,2,6C9454F6-2AA4-4C25-0387-C6CA7AFC4C13
15.432223,-2.517871,2,6C9454F6-2AA4-4C25-0387-C6CA7AFC4C13
15.680911,-2.0930648,2,6C9454F6-2AA4-4C25-0387-C6CA7AFC4C13
-40.280357,10.076074,2,70432028-81AF-D67A-251E-D2F807AB93CF
-39.24907,10.11484,2,70432028-81AF-D67A-251E-D2F807AB93CF
-43.500793,8.86313,2,70432028-81AF-D67A-251E-D2F807AB93CF
-35.775417,10.88918,2,70432028-81AF-D67A-251E-D2F807AB93CF
-36.011906,10.840442,2,70432028-81AF-D67A-251E-D2F807AB93CF
-36.305058,10.632051,0,70432028-81AF-D67A-251E-D2F807AB93CF
16.764086,50.973957,2,70432028-81AF-D67A-251E-D2F807AB93CF
-1.1362294,40.46425,2,70432028-81AF-D67A-251E-D2F807AB93CF
-1.096012,40.769638,2,70432028-81AF-D67A-251E-D2F807AB93CF
-17.254364,51.730644,2,70432028-81AF-D67A-251E-D2F807AB93CF
-17.291212,51.711098,2,70432028-81AF-D67A-251E-D2F807AB93CF
10.339244,53.510696,2,70432028-81AF-D67A-251E-D2F807AB93CF
-12.161606,16.854937,0,718078D1-70DB-2916-366D-1119A22DCD7F
-12.809192,16.514036,1,718078D1-70DB-2916-366D-1119A22DCD7F
-27.371967,-16.47914,0,718078D1-70DB-2916-366D-1119A22DCD7F
-31.321817,-11.260319,0,718078D1-70DB-2916-366D-1119A22DCD7F
-35.841206,-9.668068,0,718078D1-70DB-2916-366D-1119A22DCD7F
-27.60634,-28.485868,0,718078D1-70DB-2916-366D-1119A22DCD7F
-17.981667,-45.608322,1,718078D1-70DB-2916-366D-1119A22DCD7F
-10.322754,-37.808605,1,718078D1-70DB-2916-366D-1119A22DCD7F
-13.309421,-43.607147,1,718078D1-70DB-2916-366D-1119A22DCD7F
-13.49523,-43.87616,1,718078D1-70DB-2916-366D-1119A22DCD7F
34.45565,-18.151136,1,718078D1-70DB-2916-366D-1119A22DCD7F
-21.29249,-44.45689,0,718078D1-70DB-2916-366D-1119A22DCD7F
-1.9302231,43.25939,1,718078D1-70DB-2916-366D-1119A22DCD7F
-1.3308254,40.405132,1,718078D1-70DB-2916-366D-1119A22DCD7F
-1.236286,41.247658,1,718078D1-70DB-2916-366D-1119A22DCD7F
-21.627531,12.451657,1,718078D1-70DB-2916-366D-1119A22DCD7F
35.60893,10.112162,1,718078D1-70DB-2916-366D-1119A22DCD7F
8.884544,-1.9514488,1,718078D1-70DB-2916-366D-1119A22DCD7F
-49.651188,-6.984174,0,718078D1-70DB-2916-366D-1119A22DCD7F
-29.333395,-16.029907,0,718078D1-70DB-2916-366D-1119A22DCD7F
-19.169273,50.58137,0,718078D1-70DB-2916-366D-1119A22DCD7F
-21.504776,49.065754,0,718078D1-70DB-2916-366D-1119A22DCD7F
-10.160337,52.69921,1,718078D1-70DB-2916-366D-1119A22DCD7F
-2.1000793,41.07791,1,718078D1-70DB-2916-366D-1119A22DCD7F
-26.998829,-13.804814,2,72B642AD-2D4A-574F-05EC-EC93C0C52335
-26.228016,-17.74305,2,72B642AD-2D4A-574F-05EC-EC93C0C52335
16.950108,21.116941,2,72B642AD-2D4A-574F-05EC-EC93C0C52335
16.860966,21.019081,2,72B642AD-2D4A-574F-05EC-EC93C0C52335
16.890488,21.178663,2,72B642AD-2D4A-574F-05EC-EC93C0C52335
15.566739,19.348282,2,72B642AD-2D4A-574F-05EC-EC93C0C52335
-24.425343,46.06611,2,72B642AD-2D4A-574F-05EC-EC93C0C52335
-24.202066,46.347435,2,72B642AD-2D4A-574F-05EC-EC93C0C52335
-26.926285,44.54092,2,72B642AD-2D4A-574F-05EC-EC93C0C52335
-34.239296,39.33771,2,72B642AD-2D4A-574F-05EC-EC93C0C52335
-34.08564,39.37843,2,72B642AD-2D4A-574F-05EC-EC93C0C52335
-26.126566,45.0293,2,72B642AD-2D4A-574F-05EC-EC93C0C52335
-11.631005,18.537977,2,72B642AD-2D4A-574F-05EC-EC93C0C52335
-7.123,24.89512,2,72B642AD-2D4A-574F-05EC-EC93C0C52335
-8.411188,22.894407,2,72B642AD-2D4A-574F-05EC-EC93C0C52335
-11.276685,19.378235,2,72B642AD-2D4A-574F-05EC-EC93C0C52335
-15.645358,14.792487,2,72B642AD-2D4A-574F-05EC-EC93C0C52335
-28.603546,-27.344854,2,72B642AD-2D4A-574F-05EC-EC93C0C52335
-31.08274,-15.074396,2,72B642AD-2D4A-574F-05EC-EC93C0C52335
-2.7736886,33.518597,2,72B642AD-2D4A-574F-05EC-EC93C0C52335
-4.0766463,30.812738,2,72B642AD-2D4A-574F-05EC-EC93C0C52335
-4.076235,30.869879,2,72B642AD-2D4A-574F-05EC-EC93C0C52335
-10.747803,52.13608,2,72B642AD-2D4A-574F-05EC-EC93C0C52335
-9.50857,51.88354,2,72B642AD-2D4A-574F-05EC-EC93C0C52335
13.698341,-11.7267065,2,7417E7AB-C723-0958-F8EE-DDA4DED65165
2.762176,-14.782178,2,7417E7AB-C723-0958-F8EE-DDA4DED65165
6.766292,-12.237628,2,7417E7AB-C723-0958-F8EE-DDA4DED65165
7.055394,-11.718315,2,7417E7AB-C723-0958-F8EE-DDA4DED65165
6.1073766,-13.294777,2,7417E7AB-C723-0958-F8EE-DDA4DED65165
29.678448,-31.79111,2,7417E7AB-C723-0958-F8EE-DDA4DED65165
-16.921183,14.567928,2,7417E7AB-C723-0958-F8EE-DDA4DED65165
-19.26857,13.333853,2,7417E7AB-C723-0958-F8EE-DDA4DED65165
-6.071386,49.951256,2,7417E7AB-C723-0958-F8EE-DDA4DED65165
-6.394192,50.34975,2,7417E7AB-C723-0958-F8EE-DDA4DED65165
-5.9655566,50.310284,2,7417E7AB-C723-0958-F8EE-DDA4DED65165
-18.346651,51.195744,1,7417E7AB-C723-0958-F8EE-DDA4DED65165
-2.4609783,44.78922,1,7417E7AB-C723-0958-F8EE-DDA4DED65165
-3.8138537,47.285114,1,7417E7AB-C723-0958-F8EE-DDA4DED65165
-4.3039355,48.018322,1,7417E7AB-C723-0958-F8EE-DDA4DED65165
-2.9201934,45.876064,1,7417E7AB-C723-0958-F8EE-DDA4DED65165
-2.627054,45.20695,1,7417E7AB-C723-0958-F8EE-DDA4DED65165
-40.78711,9.449133,1,7417E7AB-C723-0958-F8EE-DDA4DED65165
24.111,-23.954926,0,761D024F-3C62-5326-601A-88D436C7726A
24.012152,-23.329643,0,761D024F-3C62-5326-601A-88D436C7726A
16.83098,15.189272,2,761D024F-3C62-5326-601A-88D436C7726A
18.544344,15.409352,0,761D024F-3C62-5326-601A-88D436C7726A
31.0997,3.9882321,0,761D024F-3C62-5326-601A-88D436C7726A
32.849834,3.2648914,0,761D024F-3C62-5326-601A-88D436C7726A
7.716471,20.627619,2,761D024F-3C62-5326-601A-88D436C7726A
20.46503,-34.509045,2,761D024F-3C62-5326-601A-88D436C7726A
-2.3921196,-6.2333207,2,761D024F-3C62-5326-601A-88D436C7726A
-2.3480442,-6.3275046,2,761D024F-3C62-5326-601A-88D436C7726A
9.27712,1.3964701,2,761D024F-3C62-5326-601A-88D436C7726A
6.9955688,-14.406471,1,761D024F-3C62-5326-601A-88D436C7726A
-2.849321,-31.254656,1,761D024F-3C62-5326-601A-88D436C7726A
-13.916751,-44.904312,2,761D024F-3C62-5326-601A-88D436C7726A
-6.330301,-26.025906,2,761D024F-3C62-5326-601A-88D436C7726A
-6.7889557,-27.263378,2,761D024F-3C62-5326-601A-88D436C7726A
-6.9116716,-27.639904,2,761D024F-3C62-5326-601A-88D436C7726A
-10.1120615,-37.454277,2,761D024F-3C62-5326-601A-88D436C7726A
-29.735788,-10.0396,1,761D024F-3C62-5326-601A-88D436C7726A
-2.7622888,-35.35669,1,761D024F-3C62-5326-601A-88D436C7726A
-1.0774801,-28.562603,1,761D024F-3C62-5326-601A-88D436C7726A
-21.118841,-48.451202,1,761D024F-3C62-5326-601A-88D436C7726A
-25.498934,-40.13889,2,761D024F-3C62-5326-601A-88D436C7726A
-25.50225,-40.29359,2,761D024F-3C62-5326-601A-88D436C7726A
39.8713,-23.651022,2,761D024F-3C62-5326-601A-88D436C7726A
45.77643,-19.346453,2,761D024F-3C62-5326-601A-88D436C7726A
-20.01504,-49.423023,2,761D024F-3C62-5326-601A-88D436C7726A
-19.042578,-49.771866,0,761D024F-3C62-5326-601A-88D436C7726A
-18.60868,-49.777313,0,761D024F-3C62-5326-601A-88D436C7726A
-17.7976,-50.637463,0,761D024F-3C62-5326-601A-88D436C7726A
7.091377,-5.8712764,2,772BA0E9-AC30-CEA6-AA1B-18A0300702AA
3.4376774,-6.859678,2,772BA0E9-AC30-CEA6-AA1B-18A0300702AA
3.3616617,-6.7513733,2,772BA0E9-AC30-CEA6-AA1B-18A0300702AA
-0.687351,-24.482452,2,772BA0E9-AC30-CEA6-AA1B-18A0300702AA
-0.6847111,-24.499645,2,772BA0E9-AC30-CEA6-AA1B-18A0300702AA
-0.7073447,-23.898582,2,772BA0E9-AC30-CEA6-AA1B-18A0300702AA
38.34427,41.021557,1,772BA0E9-AC30-CEA6-AA1B-18A0300702AA
38.365707,41.043625,1,772BA0E9-AC30-CEA6-AA1B-18A0300702AA
9.571941,19.708174,1,772BA0E9-AC30-CEA6-AA1B-18A0300702AA
20.387936,-29.724373,1,772BA0E9-AC30-CEA6-AA1B-18A0300702AA
30.358782,-33.73511,1,772BA0E9-AC30-CEA6-AA1B-18A0300702AA
-3.3352544,-24.579441,1,772BA0E9-AC30-CEA6-AA1B-18A0300702AA
-8.011988,-36.52909,1,772BA0E9-AC30-CEA6-AA1B-18A0300702AA
-8.002659,-36.2938,1,772BA0E9-AC30-CEA6-AA1B-18A0300702AA
-7.978892,-36.55954,1,772BA0E9-AC30-CEA6-AA1B-18A0300702AA
-8.479253,-44.05718,1,772BA0E9-AC30-CEA6-AA1B-18A0300702AA
-9.159726,-44.744812,1,772BA0E9-AC30-CEA6-AA1B-18A0300702AA
-9.659127,-45.004868,1,772BA0E9-AC30-CEA6-AA1B-18A0300702AA
12.307632,52.15969,2,772BA0E9-AC30-CEA6-AA1B-18A0300702AA
-39.35131,32.49884,2,772BA0E9-AC30-CEA6-AA1B-18A0300702AA
-39.63683,32.339943,2,772BA0E9-AC30-CEA6-AA1B-18A0300702AA
-40.016758,32.054718,2,772BA0E9-AC30-CEA6-AA1B-18A0300702AA
-40.30898,31.61531,2,772BA0E9-AC30-CEA6-AA1B-18A0300702AA
-27.060904,-29.409725,2,772BA0E9-AC30-CEA6-AA1B-18A0300702AA
-39.751617,31.958036,2,772BA0E9-AC30-CEA6-AA1B-18A0300702AA
-39.380276,32.233036,2,772BA0E9-AC30-CEA6-AA1B-18A0300702AA
12.543759,-6.79975,1,772BA0E9-AC30-CEA6-AA1B-18A0300702AA
10.726538,-6.9073,1,772BA0E9-AC30-CEA6-AA1B-18A0300702AA
16.018,-3.8132782,1,772BA0E9-AC30-CEA6-AA1B-18A0300702AA
37.682854,5.1698008,2,772BA0E9-AC30-CEA6-AA1B-18A0300702AA
28.295893,1.3792031,2,77F6B31E-B228-3C6D-A66F-E7E6FDED3587
24.511951,1.2870225,2,77F6B31E-B228-3C6D-A66F-E7E6FDED3587
24.68721,1.2427402,2,77F6B31E-B228-3C6D-A66F-E7E6FDED3587
16.27963,-2.963122,2,77F6B31E-B228-3C6D-A66F-E7E6FDED3587
33.55757,21.296963,2,77F6B31E-B228-3C6D-A66F-E7E6FDED3587
9.651987,20.64954,2,77F6B31E-B228-3C6D-A66F-E7E6FDED3587
-36.939964,33.374794,1,77F6B31E-B228-3C6D-A66F-E7E6FDED3587
-32.35598,35.283165,1,77F6B31E-B228-3C6D-A66F-E7E6FDED3587
-15.495303,14.645626,1,77F6B31E-B228-3C6D-A66F-E7E6FDED3587
-3.219975,-34.22669,1,77F6B31E-B228-3C6D-A66F-E7E6FDED3587
-2.793588,-33.652542,1,77F6B31E-B228-3C6D-A66F-E7E6FDED3587
-2.2029622,-25.020061,1,77F6B31E-B228-3C6D-A66F-E7E6FDED3587
50.87608,-19.386614,2,77F6B31E-B228-3C6D-A66F-E7E6FDED3587
50.89553,-19.292877,2,77F6B31E-B228-3C6D-A66F-E7E6FDED3587
50.839024,-18.676651,2,77F6B31E-B228-3C6D-A66F-E7E6FDED3587
49.676907,-19.595781,2,77F6B31E-B228-3C6D-A66F-E7E6FDED3587
50.741642,-19.279802,2,77F6B31E-B228-3C6D-A66F-E7E6FDED3587
50.931305,-19.157364,2,77F6B31E-B228-3C6D-A66F-E7E6FDED3587
14.028002,-5.9255624,2,7B8B31F4-FFC3-7A4E-3EAF-78D5CA8ACB61
9.743436,-5.9003525,2,7B8B31F4-FFC3-7A4E-3EAF-78D5CA8ACB61
9.135409,-5.9263787,1,7B8B31F4-FFC3-7A4E-3EAF-78D5CA8ACB61
6.6666694,-6.716066,1,7B8B31F4-FFC3-7A4E-3EAF-78D5CA8ACB61
28.991531,2.483764,1,7B8B31F4-FFC3-7A4E-3EAF-78D5CA8ACB61
15.322271,-2.6565769,2,7B8B31F4-FFC3-7A4E-3EAF-78D5CA8ACB61
14.983614,15.156523,1,7B8B31F4-FFC3-7A4E-3EAF-78D5CA8ACB61
23.39713,-24.304054,1,7B8B31F4-FFC3-7A4E-3EAF-78D5CA8ACB61
11.687982,14.992055,1,7B8B31F4-FFC3-7A4E-3EAF-78D5CA8ACB61
13.478737,15.021552,1,7B8B31F4-FFC3-7A4E-3EAF-78D5CA8ACB61
29.990124,13.085421,1,7B8B31F4-FFC3-7A4E-3EAF-78D5CA8ACB61
48.754555,-27.178259,1,7B8B31F4-FFC3-7A4E-3EAF-78D5CA8ACB61
-47.5986,7.1837463,2,7B8B31F4-FFC3-7A4E-3EAF-78D5CA8ACB61
-47.143906,7.2543845,2,7B8B31F4-FFC3-7A4E-3EAF-78D5CA8ACB61
-47.722755,6.6927967,2,7B8B31F4-FFC3-7A4E-3EAF-78D5CA8ACB61
0.6963543,-15.596404,2,7B8B31F4-FFC3-7A4E-3EAF-78D5CA8ACB61
-0.8589746,-16.123629,2,7B8B31F4-FFC3-7A4E-3EAF-78D5CA8ACB61
-0.8615674,-16.746595,2,7B8B31F4-FFC3-7A4E-3EAF-78D5CA8ACB61
-9.382073,21.787498,2,7DC9729F-BA27-3831-6078-F8508766396A
-8.966485,22.133762,2,7DC9729F-BA27-3831-6078-F8508766396A
-8.003956,23.397783,2,7DC9729F-BA27-3831-6078-F8508766396A
1.7434976,-15.002131,2,7DC9729F-BA27-3831-6078-F8508766396A
1.8458579,-15.001457,2,7DC9729F-BA27-3831-6078-F8508766396A
2.3229506,-14.85062,2,7DC9729F-BA27-3831-6078-F8508766396A
-14.421343,52.513218,2,7DC9729F-BA27-3831-6078-F8508766396A
-14.594376,52.462746,2,7DC9729F-BA27-3831-6078-F8508766396A
-14.805219,52.50242,2,7DC9729F-BA27-3831-6078-F8508766396A
-14.791483,52.47703,2,7DC9729F-BA27-3831-6078-F8508766396A
-14.005863,52.523666,0,7DC9729F-BA27-3831-6078-F8508766396A
-16.946981,-48.604008,0,7DC9729F-BA27-3831-6078-F8508766396A
-16.888107,-48.589222,0,7DC9729F-BA27-3831-6078-F8508766396A
-13.578944,-46.39583,0,7DC9729F-BA27-3831-6078-F8508766396A
-17.035202,-49.107502,0,7DC9729F-BA27-3831-6078-F8508766396A
-19.670732,-48.07635,0,7DC9729F-BA27-3831-6078-F8508766396A
-6.685844,-27.594944,0,7DC9729F-BA27-3831-6078-F8508766396A
-6.246413,-27.225502,0,7DC9729F-BA27-3831-6078-F8508766396A
-6.3275847,-27.256205,0,7DC9729F-BA27-3831-6078-F8508766396A
-6.043535,-28.196552,0,7DC9729F-BA27-3831-6078-F8508766396A
-7.5164924,-38.13661,2,7DC9729F-BA27-3831-6078-F8508766396A
-26.351604,-22.794508,2,7DC9729F-BA27-3831-6078-F8508766396A
-26.115484,-21.085289,2,7DC9729F-BA27-3831-6078-F8508766396A
-27.973225,-19.254948,2,7DC9729F-BA27-3831-6078-F8508766396A
15.866883,51.536015,2,7DC9729F-BA27-3831-6078-F8508766396A
15.941624,51.40954,0,7DC9729F-BA27-3831-6078-F8508766396A
-3.5866137,47.777916,0,7DC9729F-BA27-3831-6078-F8508766396A
-5.0760136,49.732082,0,7DC9729F-BA27-3831-6078-F8508766396A
-1.975674,42.68719,0,7DC9729F-BA27-3831-6078-F8508766396A
-6.5452595,50.610588,0,7DC9729F-BA27-3831-6078-F8508766396A
-7.2676773,26.296488,2,7FB7C50A-30EA-A991-0C04-7FFA681B8803
-7.3406453,26.20362,2,7FB7C50A-30EA-A991-0C04-7FFA681B8803
-7.2488523,26.33195,2,7FB7C50A-30EA-A991-0C04-7FFA681B8803
-8.586924,23.453358,2,7FB7C50A-30EA-A991-0C04-7FFA681B8803
-6.0876164,-41.822636,2,7FB7C50A-30EA-A991-0C04-7FFA681B8803
-6.1382217,-41.878925,2,7FB7C50A-30EA-A991-0C04-7FFA681B8803
-15.053494,52.85644,2,7FB7C50A-30EA-A991-0C04-7FFA681B8803
-14.624264,53.056713,2,7FB7C50A-30EA-A991-0C04-7FFA681B8803
-14.285718,53.105644,2,7FB7C50A-30EA-A991-0C04-7FFA681B8803
47.35772,-19.104378,2,7FB7C50A-30EA-A991-0C04-7FFA681B8803
49.765297,-20.716175,2,7FB7C50A-30EA-A991-0C04-7FFA681B8803
7.492527,-3.0013888,0,7FB7C50A-30EA-A991-0C04-7FFA681B8803
-5.840752,-36.53009,1,7FB7C50A-30EA-A991-0C04-7FFA681B8803
-7.2167826,-36.52617,1,7FB7C50A-30EA-A991-0C04-7FFA681B8803
-7.099814,-36.367554,1,7FB7C50A-30EA-A991-0C04-7FFA681B8803
21.770666,-11.41718,1,7FB7C50A-30EA-A991-0C04-7FFA681B8803
25.685467,-18.676311,2,7FB7C50A-30EA-A991-0C04-7FFA681B8803
39.4191,-21.61614,2,7FB7C50A-30EA-A991-0C04-7FFA681B8803
-35.79989,36.413433,2,7FB7C50A-30EA-A991-0C04-7FFA681B8803
-14.106446,16.211325,2,7FB7C50A-30EA-A991-0C04-7FFA681B8803
-14.458218,15.873778,0,7FB7C50A-30EA-A991-0C04-7FFA681B8803
-15.991882,14.731514,0,7FB7C50A-30EA-A991-0C04-7FFA681B8803
-18.707743,13.524199,0,7FB7C50A-30EA-A991-0C04-7FFA681B8803
-13.203127,17.59116,0,7FB7C50A-30EA-A991-0C04-7FFA681B8803
33.663338,-19.404425,2,8322EDEF-4C09-318A-1B7E-56D62A6839AD
19.079655,-33.040314,2,8322EDEF-4C09-318A-1B7E-56D62A6839AD
16.02558,-31.627508,2,8322EDEF-4C09-318A-1B7E-56D62A6839AD
34.49353,21.941786,0,8322EDEF-4C09-318A-1B7E-56D62A6839AD
11.664285,19.819572,0,8322EDEF-4C09-318A-1B7E-56D62A6839AD
30.430016,-37.746403,0,8322EDEF-4C09-318A-1B7E-56D62A6839AD
-1.6043983,-19.952,2,8322EDEF-4C09-318A-1B7E-56D62A6839AD
-2.9852173,-24.082045,2,8322EDEF-4C09-318A-1B7E-56D62A6839AD
-7.83293,-28.329073,2,8322EDEF-4C09-318A-1B7E-56D62A6839AD
-7.903402,-28.026493,0,8322EDEF-4C09-318A-1B7E-56D62A6839AD
-9.81245,-36.901276,0,8322EDEF-4C09-318A-1B7E-56D62A6839AD
15.253748,-11.12318,0,8322EDEF-4C09-318A-1B7E-56D62A6839AD
-3.9665675,-35.895973,0,8322EDEF-4C09-318A-1B7E-56D62A6839AD
-4.003133,-35.860764,0,8322EDEF-4C09-318A-1B7E-56D62A6839AD
-3.9323092,-35.819584,0,8322EDEF-4C09-318A-1B7E-56D62A6839AD
-25.528902,-39.87291,0,8322EDEF-4C09-318A-1B7E-56D62A6839AD
-25.521002,-40.039642,0,8322EDEF-4C09-318A-1B7E-56D62A6839AD
-25.32256,-19.368008,0,8322EDEF-4C09-318A-1B7E-56D62A6839AD
-45.995213,6.9636335,0,8322EDEF-4C09-318A-1B7E-56D62A6839AD
-45.025497,7.7929792,0,8322EDEF-4C09-318A-1B7E-56D62A6839AD
-40.75988,9.38535,0,8322EDEF-4C09-318A-1B7E-56D62A6839AD
-52.07895,-0.82066214,0,8322EDEF-4C09-318A-1B7E-56D62A6839AD
-46.373043,-8.173188,0,8322EDEF-4C09-318A-1B7E-56D62A6839AD
14.751459,-2.4587271,0,8322EDEF-4C09-318A-1B7E-56D62A6839AD
-25.933548,11.743414,2,8322EDEF-4C09-318A-1B7E-56D62A6839AD
-24.621132,12.022168,2,8322EDEF-4C09-318A-1B7E-56D62A6839AD
-26.259577,11.944851,2,8322EDEF-4C09-318A-1B7E-56D62A6839AD
-35.571808,11.045793,2,8322EDEF-4C09-318A-1B7E-56D62A6839AD
-29.962584,-15.912082,2,8322EDEF-4C09-318A-1B7E-56D62A6839AD
13.825948,-11.767838,2,8322EDEF-4C09-318A-1B7E-56D62A6839AD
-46.98806,7.942783,0,8322EDEF-4C09-318A-1B7E-56D62A6839AD
-50.828514,-3.9108229,0,8322EDEF-4C09-318A-1B7E-56D62A6839AD
22.848562,-28.75057,2,8407F9C4-C295-8C95-C281-584AF2118F84
30.387821,-34.5164,2,8407F9C4-C295-8C95-C281-584AF2118F84
32.38448,20.003756,2,8407F9C4-C295-8C95-C281-584AF2118F84
32.210968,11.724257,2,8407F9C4-C295-8C95-C281-584AF2118F84
34.15516,8.24035,2,8407F9C4-C295-8C95-C281-584AF2118F84
39.978283,2.968403,2,8407F9C4-C295-8C95-C281-584AF2118F84
-3.9917474,-24.289232,2,8407F9C4-C295-8C95-C281-584AF2118F84
3.5910237,-6.641836,2,8407F9C4-C295-8C95-C281-584AF2118F84
15.901601,-1.9271295,2,8407F9C4-C295-8C95-C281-584AF2118F84
18.782413,1.2338663,2,8407F9C4-C295-8C95-C281-584AF2118F84
32.491653,5.087401,2,8407F9C4-C295-8C95-C281-584AF2118F84
15.71878,-2.117103,2,8407F9C4-C295-8C95-C281-584AF2118F84
37.386368,2.5172117,2,85748DC9-A6DA-334D-6422-BF69EE06A98C
36.928967,2.552372,2,85748DC9-A6DA-334D-6422-BF69EE06A98C
12.759667,1.3443435,2,85748DC9-A6DA-334D-6422-BF69EE06A98C
13.172413,-2.751865,2,85748DC9-A6DA-334D-6422-BF69EE06A98C
6.814858,-8.743427,2,85748DC9-A6DA-334D-6422-BF69EE06A98C
-0.12297684,-16.847198,2,85748DC9-A6DA-334D-6422-BF69EE06A98C
7.3890734,-13.966361,0,85748DC9-A6DA-334D-6422-BF69EE06A98C
7.394993,-13.988484,0,85748DC9-A6DA-334D-6422-BF69EE06A98C
5.6779127,-14.145328,0,85748DC9-A6DA-334D-6422-BF69EE06A98C
15.135375,-4.070272,0,85748DC9-A6DA-334D-6422-BF69EE06A98C
25.38615,-23.383184,0,85748DC9-A6DA-334D-6422-BF69EE06A98C
16.552223,-13.156047,0,85748DC9-A6DA-334D-6422-BF69EE06A98C
-25.28115,46.31569,2,85748DC9-A6DA-334D-6422-BF69EE06A98C
-28.135914,-19.093193,2,85748DC9-A6DA-334D-6422-BF69EE06A98C
-29.4293,35.510822,2,85748DC9-A6DA-334D-6422-BF69EE06A98C
-40.24526,31.783861,2,85748DC9-A6DA-334D-6422-BF69EE06A98C
-41.507652,29.586964,0,85748DC9-A6DA-334D-6422-BF69EE06A98C
-41.05964,30.031971,0,85748DC9-A6DA-334D-6422-BF69EE06A98C
16.200966,19.460466,2,862DB2BA-55C9-5794-03BC-FBBA3BEE80C7
19.161858,-30.356398,2,862DB2BA-55C9-5794-03BC-FBBA3BEE80C7
21.264101,-12.79825,2,862DB2BA-55C9-5794-03BC-FBBA3BEE80C7
12.585966,-11.716552,2,862DB2BA-55C9-5794-03BC-FBBA3BEE80C7
12.619838,-11.602879,2,862DB2BA-55C9-5794-03BC-FBBA3BEE80C7
12.63858,-11.4750185,2,862DB2BA-55C9-5794-03BC-FBBA3BEE80C7
25.522875,-16.927849,2,862DB2BA-55C9-5794-03BC-FBBA3BEE80C7
25.568657,-17.039442,2,862DB2BA-55C9-5794-03BC-FBBA3BEE80C7
25.638412,-17.543825,2,862DB2BA-55C9-5794-03BC-FBBA3BEE80C7
17.385021,3.7619333,0,862DB2BA-55C9-5794-03BC-FBBA3BEE80C7
40.328743,3.1955225,0,862DB2BA-55C9-5794-03BC-FBBA3BEE80C7
32.883682,20.186323,0,862DB2BA-55C9-5794-03BC-FBBA3BEE80C7
36.239635,15.333295,2,862DB2BA-55C9-5794-03BC-FBBA3BEE80C7
-3.8236024,-35.530632,2,862DB2BA-55C9-5794-03BC-FBBA3BEE80C7
-3.7111568,-35.435757,2,862DB2BA-55C9-5794-03BC-FBBA3BEE80C7
-5.2297673,-34.323105,2,862DB2BA-55C9-5794-03BC-FBBA3BEE80C7
-4.4693303,-24.743488,2,862DB2BA-55C9-5794-03BC-FBBA3BEE80C7
-4.471819,-24.331919,2,862DB2BA-55C9-5794-03BC-FBBA3BEE80C7
-4.6260405,-24.827745,2,862DB2BA-55C9-5794-03BC-FBBA3BEE80C7
27.479324,10.449826,2,862DB2BA-55C9-5794-03BC-FBBA3BEE80C7
-4.7128963,-42.101875,0,862DB2BA-55C9-5794-03BC-FBBA3BEE80C7
-5.6797314,-44.595238,0,862DB2BA-55C9-5794-03BC-FBBA3BEE80C7
-5.5418997,-44.705883,2,862DB2BA-55C9-5794-03BC-FBBA3BEE80C7
-5.4369226,-44.698875,2,862DB2BA-55C9-5794-03BC-FBBA3BEE80C7
-2.8635693,-33.779324,2,862DB2BA-55C9-5794-03BC-FBBA3BEE80C7
-1.830477,-28.35501,2,862DB2BA-55C9-5794-03BC-FBBA3BEE80C7
-27.689922,12.299346,2,862DB2BA-55C9-5794-03BC-FBBA3BEE80C7
-27.895306,12.239454,2,862DB2BA-55C9-5794-03BC-FBBA3BEE80C7
-27.733852,12.287089,2,862DB2BA-55C9-5794-03BC-FBBA3BEE80C7
-28.273033,12.349933,2,862DB2BA-55C9-5794-03BC-FBBA3BEE80C7
46.873543,-18.473196,1,862DB2BA-55C9-5794-03BC-FBBA3BEE80C7
0.40288323,-15.415221,2,862DB2BA-55C9-5794-03BC-FBBA3BEE80C7
-0.9300372,-18.753735,2,862DB2BA-55C9-5794-03BC-FBBA3BEE80C7
2.9941776,-9.540958,2,862DB2BA-55C9-5794-03BC-FBBA3BEE80C7
33.67006,40.088955,2,862DB2BA-55C9-5794-03BC-FBBA3BEE80C7
35.08363,39.48043,2,862DB2BA-55C9-5794-03BC-FBBA3BEE80C7
38.831253,10.218967,2,8690E8B6-9B41-5F0E-C518-8F2D028C6690
39.391926,6.5647583,2,8690E8B6-9B41-5F0E-C518-8F2D028C6690
38.502693,6.012826,2,8690E8B6-9B41-5F0E-C518-8F2D028C6690
16.496437,2.2446759,1,8690E8B6-9B41-5F0E-C518-8F2D028C6690
34.58906,5.9286013,1,8690E8B6-9B41-5F0E-C518-8F2D028C6690
33.98719,8.174475,1,8690E8B6-9B41-5F0E-C518-8F2D028C6690
23.404581,-24.650076,2,8690E8B6-9B41-5F0E-C518-8F2D028C6690
47.899178,-26.966301,2,8690E8B6-9B41-5F0E-C518-8F2D028C6690
42.75358,-31.798243,2,8690E8B6-9B41-5F0E-C518-8F2D028C6690
49.82876,-22.410658,2,8690E8B6-9B41-5F0E-C518-8F2D028C6690
9.740962,22.488678,2,8690E8B6-9B41-5F0E-C518-8F2D028C6690
8.485901,22.178106,2,8690E8B6-9B41-5F0E-C518-8F2D028C6690
-6.894381,-44.96332,2,8690E8B6-9B41-5F0E-C518-8F2D028C6690
-7.3904757,-44.91129,2,8690E8B6-9B41-5F0E-C518-8F2D028C6690
-7.3408065,-44.822956,2,8690E8B6-9B41-5F0E-C518-8F2D028C6690
-5.074983,-35.80782,2,8690E8B6-9B41-5F0E-C518-8F2D028C6690
-2.9020228,-32.302376,2,8690E8B6-9B41-5F0E-C518-8F2D028C6690
-2.9224794,-32.500336,0,8690E8B6-9B41-5F0E-C518-8F2D028C6690
14.028691,52.50496,2,874A6B13-C999-C802-1138-FA198591D897
13.832629,52.527412,2,874A6B13-C999-C802-1138-FA198591D897
2.0670948,-19.186012,2,874A6B13-C999-C802-1138-FA198591D897
2.0728192,-19.203192,2,874A6B13-C999-C802-1138-FA198591D897
2.0719216,-19.118343,2,874A6B13-C999-C802-1138-FA198591D897
-7.607344,-43.55064,2,874A6B13-C999-C802-1138-FA198591D897
-27.914074,11.315609,2,874A6B13-C999-C802-1138-FA198591D897
-20.631372,49.513157,2,874A6B13-C999-C802-1138-FA198591D897
-32.497063,40.89179,2,874A6B13-C999-C802-1138-FA198591D897
-32.48976,40.882572,2,874A6B13-C999-C802-1138-FA198591D897
-32.6868,40.588383,2,874A6B13-C999-C802-1138-FA198591D897
-32.566814,40.77436,2,874A6B13-C999-C802-1138-FA198591D897
-32.019688,-9.895919,2,874A6B13-C999-C802-1138-FA198591D897
-45.78941,-8.229353,2,874A6B13-C999-C802-1138-FA198591D897
-45.024967,-8.148184,2,874A6B13-C999-C802-1138-FA198591D897
-46.743813,-6.702358,2,874A6B13-C999-C802-1138-FA198591D897
-9.963116,21.324066,2,874A6B13-C999-C802-1138-FA198591D897
-11.906402,17.7123,2,874A6B13-C999-C802-1138-FA198591D897
33.85198,40.515026,1,9268F759-54B0-96CC-C0F5-9D8DBAA12073
-21.887585,12.950112,0,9268F759-54B0-96CC-C0F5-9D8DBAA12073
-21.90489,12.937124,0,9268F759-54B0-96CC-C0F5-9D8DBAA12073
-21.78481,13.010061,0,9268F759-54B0-96CC-C0F5-9D8DBAA12073
-21.769817,13.01911,0,9268F759-54B0-96CC-C0F5-9D8DBAA12073
36.1506,39.26914,0,9268F759-54B0-96CC-C0F5-9D8DBAA12073
-46.129738,-9.076803,2,9268F759-54B0-96CC-C0F5-9D8DBAA12073
-19.957788,13.187173,2,9268F759-54B0-96CC-C0F5-9D8DBAA12073
32.87774,41.53521,2,9268F759-54B0-96CC-C0F5-9D8DBAA12073
32.99713,41.198708,2,9268F759-54B0-96CC-C0F5-9D8DBAA12073
32.557766,41.393475,2,9268F759-54B0-96CC-C0F5-9D8DBAA12073
28.491102,44.38133,2,9268F759-54B0-96CC-C0F5-9D8DBAA12073
15.721113,51.761192,1,9268F759-54B0-96CC-C0F5-9D8DBAA12073
-51.603947,-4.2055902,1,9268F759-54B0-96CC-C0F5-9D8DBAA12073
-7.564401,24.682722,1,9268F759-54B0-96CC-C0F5-9D8DBAA12073
-6.459216,26.055464,1,9268F759-54B0-96CC-C0F5-9D8DBAA12073
-12.842657,17.711628,1,9268F759-54B0-96CC-C0F5-9D8DBAA12073
-42.309734,30.328032,1,9268F759-54B0-96CC-C0F5-9D8DBAA12073
-40.90857,30.917995,1,9268F759-54B0-96CC-C0F5-9D8DBAA12073
-33.07419,34.149868,1,9268F759-54B0-96CC-C0F5-9D8DBAA12073
14.932931,50.515743,1,9268F759-54B0-96CC-C0F5-9D8DBAA12073
-31.038046,35.11257,1,9268F759-54B0-96CC-C0F5-9D8DBAA12073
-36.785088,34.696617,1,9268F759-54B0-96CC-C0F5-9D8DBAA12073
-38.86293,32.737564,1,9268F759-54B0-96CC-C0F5-9D8DBAA12073
31.467735,4.116317,2,94AA1B20-A5D9-F2B4-FD96-2F20A00FAE89
39.1964,6.360203,2,94AA1B20-A5D9-F2B4-FD96-2F20A00FAE89
39.076492,5.5747294,2,94AA1B20-A5D9-F2B4-FD96-2F20A00FAE89
16.609509,2.3192778,2,94AA1B20-A5D9-F2B4-FD96-2F20A00FAE89
9.986632,1.5027478,0,94AA1B20-A5D9-F2B4-FD96-2F20A00FAE89
-50.75108,-4.5651026,0,94AA1B20-A5D9-F2B4-FD96-2F20A00FAE89
-34.53233,-8.092765,0,94AA1B20-A5D9-F2B4-FD96-2F20A00FAE89
-34.12209,-8.154917,0,94AA1B20-A5D9-F2B4-FD96-2F20A00FAE89
-33.99027,-8.309859,0,94AA1B20-A5D9-F2B4-FD96-2F20A00FAE89
-34.418694,-8.210255,1,94AA1B20-A5D9-F2B4-FD96-2F20A00FAE89
-10.087379,22.863321,1,94AA1B20-A5D9-F2B4-FD96-2F20A00FAE89
-9.732594,23.450874,1,94AA1B20-A5D9-F2B4-FD96-2F20A00FAE89
25.336706,-20.587383,2,94AA1B20-A5D9-F2B4-FD96-2F20A00FAE89
24.840076,-22.53716,2,94AA1B20-A5D9-F2B4-FD96-2F20A00FAE89
25.666046,-24.595242,2,94AA1B20-A5D9-F2B4-FD96-2F20A00FAE89
25.589977,-24.578558,0,94AA1B20-A5D9-F2B4-FD96-2F20A00FAE89
41.19139,-22.882967,0,94AA1B20-A5D9-F2B4-FD96-2F20A00FAE89
25.47589,-22.3516,0,94AA1B20-A5D9-F2B4-FD96-2F20A00FAE89
-37.195045,-7.7916675,2,94AA1B20-A5D9-F2B4-FD96-2F20A00FAE89
-34.741447,-7.929962,2,94AA1B20-A5D9-F2B4-FD96-2F20A00FAE89
31.495354,11.15433,2,94AA1B20-A5D9-F2B4-FD96-2F20A00FAE89
31.488125,11.180419,2,94AA1B20-A5D9-F2B4-FD96-2F20A00FAE89
32.157513,11.6844015,1,94AA1B20-A5D9-F2B4-FD96-2F20A00FAE89
17.457802,0.8991402,1,94AA1B20-A5D9-F2B4-FD96-2F20A00FAE89
20.008442,0.46394476,1,94AA1B20-A5D9-F2B4-FD96-2F20A00FAE89
19.94234,0.84474117,2,94AA1B20-A5D9-F2B4-FD96-2F20A00FAE89
29.646969,0.5844317,2,94AA1B20-A5D9-F2B4-FD96-2F20A00FAE89
-32.10442,11.278888,2,94AA1B20-A5D9-F2B4-FD96-2F20A00FAE89
-31.39076,11.298189,2,94AA1B20-A5D9-F2B4-FD96-2F20A00FAE89
-30.780348,11.444197,2,94AA1B20-A5D9-F2B4-FD96-2F20A00FAE89
-28.937166,43.27446,1,96B78431-4166-E4D3-2AA2-15BE2512E1D6
-29.766502,42.995148,1,96B78431-4166-E4D3-2AA2-15BE2512E1D6
-29.767935,42.92524,1,96B78431-4166-E4D3-2AA2-15BE2512E1D6
48.45933,-27.235104,1,96B78431-4166-E4D3-2AA2-15BE2512E1D6
48.21683,-25.918095,1,96B78431-4166-E4D3-2AA2-15BE2512E1D6
37.90533,12.221768,1,96B78431-4166-E4D3-2AA2-15BE2512E1D6
-31.646025,-8.507106,2,96B78431-4166-E4D3-2AA2-15BE2512E1D6
-6.5659876,50.53695,2,96B78431-4166-E4D3-2AA2-15BE2512E1D6
-4.6147213,48.60812,2,96B78431-4166-E4D3-2AA2-15BE2512E1D6
-4.441275,48.49837,2,96B78431-4166-E4D3-2AA2-15BE2512E1D6
-7.9950895,51.427227,2,96B78431-4166-E4D3-2AA2-15BE2512E1D6
-5.4049478,49.40592,2,96B78431-4166-E4D3-2AA2-15BE2512E1D6
15.115271,-4.4902225,1,96B78431-4166-E4D3-2AA2-15BE2512E1D6
-28.26571,-11.345191,1,96B78431-4166-E4D3-2AA2-15BE2512E1D6
-28.796022,-11.043392,1,96B78431-4166-E4D3-2AA2-15BE2512E1D6
-44.494503,-7.3371453,1,96B78431-4166-E4D3-2AA2-15BE2512E1D6
-26.525599,-31.657642,1,96B78431-4166-E4D3-2AA2-15BE2512E1D6
-26.499405,-30.289608,1,96B78431-4166-E4D3-2AA2-15BE2512E1D6
18.327753,15.827261,2,99827717-1B21-7ECC-CAD1-99489F7E19EA
32.312473,19.725655,2,99827717-1B21-7ECC-CAD1-99489F7E19EA
16.196245,19.566504,2,99827717-1B21-7ECC-CAD1-99489F7E19EA
35.114708,13.148144,2,99827717-1B21-7ECC-CAD1-99489F7E19EA
37.914787,11.030209,2,99827717-1B21-7ECC-CAD1-99489F7E19EA
19.988115,0.64614564,2,99827717-1B21-7ECC-CAD1-99489F7E19EA
34.887318,21.525354,2,99827717-1B21-7ECC-CAD1-99489F7E19EA
34.074966,16.941326,2,99827717-1B21-7ECC-CAD1-99489F7E19EA
10.536727,17.431013,2,99827717-1B21-7ECC-CAD1-99489F7E19EA
11.493883,15.094206,1,99827717-1B21-7ECC-CAD1-99489F7E19EA
12.144783,14.828843,2,99827717-1B21-7ECC-CAD1-99489F7E19EA
-22.685535,48.08942,2,99827717-1B21-7ECC-CAD1-99489F7E19EA
-33.96615,38.972977,2,99827717-1B21-7ECC-CAD1-99489F7E19EA
-36.09823,-9.675774,2,99827717-1B21-7ECC-CAD1-99489F7E19EA
-4.1368546,47.697865,2,99827717-1B21-7ECC-CAD1-99489F7E19EA
-8.470388,51.573204,2,99827717-1B21-7ECC-CAD1-99489F7E19EA
-12.588034,52.564686,2,99827717-1B21-7ECC-CAD1-99489F7E19EA
-12.149542,52.594696,2,99827717-1B21-7ECC-CAD1-99489F7E19EA
-51.85073,-2.434747,2,99827717-1B21-7ECC-CAD1-99489F7E19EA
-52.43798,-1.6839302,2,99827717-1B21-7ECC-CAD1-99489F7E19EA
-52.24706,-1.7621049,2,99827717-1B21-7ECC-CAD1-99489F7E19EA
4.520085,-7.125507,2,99827717-1B21-7ECC-CAD1-99489F7E19EA
-26.411985,-39.851612,2,99827717-1B21-7ECC-CAD1-99489F7E19EA
-26.737452,-32.67517,2,99827717-1B21-7ECC-CAD1-99489F7E19EA
-26.56326,-32.408745,2,99827717-1B21-7ECC-CAD1-99489F7E19EA
-26.466888,-32.198616,2,99827717-1B21-7ECC-CAD1-99489F7E19EA
15.854599,17.603518,1,99C0C5AE-01AD-1BB2-A36B-74B166CB26BA
23.422922,-24.841026,1,99C0C5AE-01AD-1BB2-A36B-74B166CB26BA
14.583935,15.449632,1,99C0C5AE-01AD-1BB2-A36B-74B166CB26BA
20.342896,-22.783316,1,99C0C5AE-01AD-1BB2-A36B-74B166CB26BA
33.443428,18.89772,1,99C0C5AE-01AD-1BB2-A36B-74B166CB26BA
30.021107,-37.166744,1,99C0C5AE-01AD-1BB2-A36B-74B166CB26BA
-35.027508,38.88625,1,99C0C5AE-01AD-1BB2-A36B-74B166CB26BA
-34.948555,38.659935,1,99C0C5AE-01AD-1BB2-A36B-74B166CB26BA
-30.610054,35.345562,1,99C0C5AE-01AD-1BB2-A36B-74B166CB26BA
-29.64209,35.513763,1,99C0C5AE-01AD-1BB2-A36B-74B166CB26BA
-29.01717,35.62328,1,99C0C5AE-01AD-1BB2-A36B-74B166CB26BA
-28.824863,35.665348,1,99C0C5AE-01AD-1BB2-A36B-74B166CB26BA
-51.408504,-2.3393888,2,99C0C5AE-01AD-1BB2-A36B-74B166CB26BA
19.175703,-32.873653,1,99C0C5AE-01AD-1BB2-A36B-74B166CB26BA
35.03549,4.932335,1,99C0C5AE-01AD-1BB2-A36B-74B166CB26BA
9.41604,-0.9291574,1,99C0C5AE-01AD-1BB2-A36B-74B166CB26BA
-3.8526635,-22.291258,1,99C0C5AE-01AD-1BB2-A36B-74B166CB26BA
-3.974392,-28.708534,1,99C0C5AE-01AD-1BB2-A36B-74B166CB26BA
-28.681047,-33.39311,1,99C0C5AE-01AD-1BB2-A36B-74B166CB26BA
-28.135586,-33.557793,1,99C0C5AE-01AD-1BB2-A36B-74B166CB26BA
-28.64534,-33.528217,1,99C0C5AE-01AD-1BB2-A36B-74B166CB26BA
-50.007866,-6.297195,1,99C0C5AE-01AD-1BB2-A36B-74B166CB26BA
-47.462006,5.3011956,1,99C0C5AE-01AD-1BB2-A36B-74B166CB26BA
-43.61334,7.9019904,1,99C0C5AE-01AD-1BB2-A36B-74B166CB26BA
-37.135117,10.459546,1,99C0C5AE-01AD-1BB2-A36B-74B166CB26BA
-36.073406,10.25317,1,99C0C5AE-01AD-1BB2-A36B-74B166CB26BA
44.57036,-19.332617,2,9A80CFF4-085D-6435-BA08-18E6496A8381
-7.8473597,-44.016155,2,9A80CFF4-085D-6435-BA08-18E6496A8381
-6.373513,-44.473923,2,9A80CFF4-085D-6435-BA08-18E6496A8381
-6.368613,-44.47788,2,9A80CFF4-085D-6435-BA08-18E6496A8381
-6.525594,-44.21133,0,9A80CFF4-085D-6435-BA08-18E6496A8381
-27.526894,-39.069454,0,9A80CFF4-085D-6435-BA08-18E6496A8381
-26.764877,-33.80116,2,9A80CFF4-085D-6435-BA08-18E6496A8381
-26.869518,-33.487488,2,9A80CFF4-085D-6435-BA08-18E6496A8381
-26.918972,-33.686726,2,9A80CFF4-085D-6435-BA08-18E6496A8381
18.376232,-39.549587,2,9A80CFF4-085D-6435-BA08-18E6496A8381
21.880009,-32.535004,2,9A80CFF4-085D-6435-BA08-18E6496A8381
19.662691,-32.10055,2,9A80CFF4-085D-6435-BA08-18E6496A8381
-24.591898,-20.649637,2,9A80CFF4-085D-6435-BA08-18E6496A8381
9.703659,53.358288,2,9A80CFF4-085D-6435-BA08-18E6496A8381
36.163746,39.761906,2,9A80CFF4-085D-6435-BA08-18E6496A8381
36.655083,39.643078,2,9A80CFF4-085D-6435-BA08-18E6496A8381
37.295784,39.564472,2,9A80CFF4-085D-6435-BA08-18E6496A8381
37.695774,39.632854,2,9A80CFF4-085D-6435-BA08-18E6496A8381
-15.741023,13.689507,0,9C694EBE-9421-F45A-ED92-F521991A6A52
-15.861339,13.714962,2,9C694EBE-9421-F45A-ED92-F521991A6A52
-16.787378,13.641537,2,9C694EBE-9421-F45A-ED92-F521991A6A52
-16.507845,13.601802,2,9C694EBE-9421-F45A-ED92-F521991A6A52
-1.6320683,-19.78655,0,9C694EBE-9421-F45A-ED92-F521991A6A52
-7.94407,-39.67603,0,9C694EBE-9421-F45A-ED92-F521991A6A52
-25.64445,-40.87692,0,9C694EBE-9421-F45A-ED92-F521991A6A52
-7.035576,-43.025955,0,9C694EBE-9421-F45A-ED92-F521991A6A52
-15.834725,-48.302048,0,9C694EBE-9421-F45A-ED92-F521991A6A52
-14.029786,-45.416645,2,9C694EBE-9421-F45A-ED92-F521991A6A52
-14.006294,-45.033955,2,9C694EBE-9421-F45A-ED92-F521991A6A52
-36.88597,34.516468,2,9C694EBE-9421-F45A-ED92-F521991A6A52
-36.503216,35.08538,2,9C694EBE-9421-F45A-ED92-F521991A6A52
-35.483486,37.07698,0,9C694EBE-9421-F45A-ED92-F521991A6A52
-35.072086,37.578285,2,9C694EBE-9421-F45A-ED92-F521991A6A52
-35.41661,37.1277,0,9C694EBE-9421-F45A-ED92-F521991A6A52
-23.320004,12.530845,2,9C694EBE-9421-F45A-ED92-F521991A6A52
-25.316725,12.387541,2,9C694EBE-9421-F45A-ED92-F521991A6A52
36.906906,39.022312,0,9C694EBE-9421-F45A-ED92-F521991A6A52
12.625393,-11.6073675,2,9C694EBE-9421-F45A-ED92-F521991A6A52
8.3835745,-13.24153,2,9C694EBE-9421-F45A-ED92-F521991A6A52
-4.5136557,-22.631306,2,9C694EBE-9421-F45A-ED92-F521991A6A52
-6.891968,-28.542921,2,9C694EBE-9421-F45A-ED92-F521991A6A52
-5.123215,-25.10572,0,9C694EBE-9421-F45A-ED92-F521991A6A52
-35.690556,-8.615677,0,9C694EBE-9421-F45A-ED92-F521991A6A52
-29.235876,-9.928064,2,9C694EBE-9421-F45A-ED92-F521991A6A52
16.594732,-13.379827,2,9E6EBCE2-44FB-8F07-4135-E91140B34096
9.815742,19.585398,2,9E6EBCE2-44FB-8F07-4135-E91140B34096
32.027554,19.060596,0,9E6EBCE2-44FB-8F07-4135-E91140B34096
21.189701,-30.891693,0,9E6EBCE2-44FB-8F07-4135-E91140B34096
19.201727,-30.133646,0,9E6EBCE2-44FB-8F07-4135-E91140B34096
20.68233,-30.389425,0,9E6EBCE2-44FB-8F07-4135-E91140B34096
19.46257,-30.671528,0,9E6EBCE2-44FB-8F07-4135-E91140B34096
30.449198,-35.873936,2,9E6EBCE2-44FB-8F07-4135-E91140B34096
21.762999,-32.964275,2,9E6EBCE2-44FB-8F07-4135-E91140B34096
35.78665,4.683946,2,9E6EBCE2-44FB-8F07-4135-E91140B34096
35.821434,5.2262435,2,9E6EBCE2-44FB-8F07-4135-E91140B34096
35.80442,5.622908,2,9E6EBCE2-44FB-8F07-4135-E91140B34096
8.113306,19.365118,2,9E6EBCE2-44FB-8F07-4135-E91140B34096
8.29271,17.942375,2,9E6EBCE2-44FB-8F07-4135-E91140B34096
-0.2818267,-10.55168,2,9E6EBCE2-44FB-8F07-4135-E91140B34096
-0.11867856,-10.216468,2,9E6EBCE2-44FB-8F07-4135-E91140B34096
-0.0391293,-9.9944315,2,9E6EBCE2-44FB-8F07-4135-E91140B34096
-0.056636073,-9.739598,0,9E6EBCE2-44FB-8F07-4135-E91140B34096
-29.521358,-37.727947,2,A135AF2A-692D-9C83-AB54-34F977E4D14D
-29.597975,-37.703022,2,A135AF2A-692D-9C83-AB54-34F977E4D14D
-15.182488,14.08766,2,A135AF2A-692D-9C83-AB54-34F977E4D14D
-15.688604,14.2613,2,A135AF2A-692D-9C83-AB54-34F977E4D14D
-25.222778,11.966931,2,A135AF2A-692D-9C83-AB54-34F977E4D14D
-25.218813,11.958423,2,A135AF2A-692D-9C83-AB54-34F977E4D14D
-26.332687,-25.877153,2,A135AF2A-692D-9C83-AB54-34F977E4D14D
-26.319105,-25.764746,2,A135AF2A-692D-9C83-AB54-34F977E4D14D
-26.315844,-25.198828,2,A135AF2A-692D-9C83-AB54-34F977E4D14D
-26.09627,-23.814085,2,A135AF2A-692D-9C83-AB54-34F977E4D14D
-39.67686,31.713665,2,A135AF2A-692D-9C83-AB54-34F977E4D14D
31.345293,45.037003,0,A135AF2A-692D-9C83-AB54-34F977E4D14D
-26.863543,-21.285645,2,A135AF2A-692D-9C83-AB54-34F977E4D14D
-36.18947,-10.712777,2,A135AF2A-692D-9C83-AB54-34F977E4D14D
-34.369984,-11.284164,2,A135AF2A-692D-9C83-AB54-34F977E4D14D
-30.871735,-14.709669,2,A135AF2A-692D-9C83-AB54-34F977E4D14D
-30.432655,-15.446285,2,A135AF2A-692D-9C83-AB54-34F977E4D14D
-30.475046,-15.282631,0,A135AF2A-692D-9C83-AB54-34F977E4D14D
-18.069708,-50.0991,2,A7C426E7-344F-99F4-6E35-453AF3AD9C2C
-18.063995,-50.009377,2,A7C426E7-344F-99F4-6E35-453AF3AD9C2C
-17.933031,-50.127857,2,A7C426E7-344F-99F4-6E35-453AF3AD9C2C
12.801539,1.9004987,2,A7C426E7-344F-99F4-6E35-453AF3AD9C2C
18.204123,2.3195565,2,A7C426E7-344F-99F4-6E35-453AF3AD9C2C
35.31378,3.8222723,0,A7C426E7-344F-99F4-6E35-453AF3AD9C2C
-40.53035,31.222414,0,A7C426E7-344F-99F4-6E35-453AF3AD9C2C
-36.27698,11.412846,0,A7C426E7-344F-99F4-6E35-453AF3AD9C2C
-39.26961,10.140813,0,A7C426E7-344F-99F4-6E35-453AF3AD9C2C
-40.719585,10.007124,2,A7C426E7-344F-99F4-6E35-453AF3AD9C2C
-40.842022,9.968798,2,A7C426E7-344F-99F4-6E35-453AF3AD9C2C
-42.01875,9.591882,2,A7C426E7-344F-99F4-6E35-453AF3AD9C2C
12.274117,1.975123,2,A7C426E7-344F-99F4-6E35-453AF3AD9C2C
9.996226,2.9320774,2,A7C426E7-344F-99F4-6E35-453AF3AD9C2C
35.047115,12.902671,2,AB9921A8-F143-E101-6A47-E66882F571B2
33.456917,15.920536,2,AB9921A8-F143-E101-6A47-E66882F571B2
36.623245,6.9898963,2,AB9921A8-F143-E101-6A47-E66882F571B2
16.091917,19.643042,2,AB9921A8-F143-E101-6A47-E66882F571B2
36.526546,20.824995,2,AB9921A8-F143-E101-6A47-E66882F571B2
33.29267,20.015778,1,AB9921A8-F143-E101-6A47-E66882F571B2
41.528214,-28.847673,0,AB9921A8-F143-E101-6A47-E66882F571B2
43.55371,-24.600147,0,AB9921A8-F143-E101-6A47-E66882F571B2
41.28639,-28.100533,0,AB9921A8-F143-E101-6A47-E66882F571B2
42.76415,-24.011602,1,AB9921A8-F143-E101-6A47-E66882F571B2
30.496109,-31.439386,1,AB9921A8-F143-E101-6A47-E66882F571B2
20.3026,-12.879729,1,AB9921A8-F143-E101-6A47-E66882F571B2
34.24833,3.4591968,2,AB9921A8-F143-E101-6A47-E66882F571B2
21.30148,-33.035057,2,AB9921A8-F143-E101-6A47-E66882F571B2
19.133862,-30.329214,1,AB9921A8-F143-E101-6A47-E66882F571B2
34.3412,20.78906,1,AB9921A8-F143-E101-6A47-E66882F571B2
10.180584,19.889847,1,AB9921A8-F143-E101-6A47-E66882F571B2
9.866963,19.558235,0,AB9921A8-F143-E101-6A47-E66882F571B2
31.232397,13.343458,0,AB9921A8-F143-E101-6A47-E66882F571B2
32.126316,5.5316443,0,AB9921A8-F143-E101-6A47-E66882F571B2
29.911255,7.120807,2,AB9921A8-F143-E101-6A47-E66882F571B2
11.388863,15.022851,2,AB9921A8-F143-E101-6A47-E66882F571B2
21.723568,-39.136932,2,AB9921A8-F143-E101-6A47-E66882F571B2
18.792103,-39.052753,1,AB9921A8-F143-E101-6A47-E66882F571B2
-26.156532,-39.42962,1,AB9921A8-F143-E101-6A47-E66882F571B2
6.7163377,-8.148627,1,AB9921A8-F143-E101-6A47-E66882F571B2
13.115166,-6.195234,1,AB9921A8-F143-E101-6A47-E66882F571B2
22.684835,-12.796267,1,AB9921A8-F143-E101-6A47-E66882F571B2
12.740404,-8.058251,1,AB9921A8-F143-E101-6A47-E66882F571B2
22.34736,-13.73569,1,AB9921A8-F143-E101-6A47-E66882F571B2
-6.058934,26.773237,0,AB9921A8-F143-E101-6A47-E66882F571B2
-6.006775,27.06355,0,AB9921A8-F143-E101-6A47-E66882F571B2
-5.577534,27.901205,0,AB9921A8-F143-E101-6A47-E66882F571B2
-4.858792,29.145954,1,AB9921A8-F143-E101-6A47-E66882F571B2
13.938076,15.118185,1,AB9921A8-F143-E101-6A47-E66882F571B2
22.360027,-25.59299,1,AB9921A8-F143-E101-6A47-E66882F571B2
-2.5026953,31.802872,1,AB9921A8-F143-E101-6A47-E66882F571B2
16.565062,-13.233518,1,AB9921A8-F143-E101-6A47-E66882F571B2
34.190804,-17.178787,1,AB9921A8-F143-E101-6A47-E66882F571B2
34.079754,-17.227663,1,AB9921A8-F143-E101-6A47-E66882F571B2
-35.714962,-11.490837,1,AB9921A8-F143-E101-6A47-E66882F571B2
-33.531067,-12.257436,1,AB9921A8-F143-E101-6A47-E66882F571B2
-29.617956,-16.202625,1,AB9921A8-F143-E101-6A47-E66882F571B2
31.330494,44.250954,0,B06410CC-D778-33B2-B1FD-A828EE4AF413
30.603472,44.875137,2,B06410CC-D778-33B2-B1FD-A828EE4AF413
31.253859,44.66108,2,B06410CC-D778-33B2-B1FD-A828EE4AF413
30.88981,44.845287,2,B06410CC-D778-33B2-B1FD-A828EE4AF413
31.12882,44.683533,1,B06410CC-D778-33B2-B1FD-A828EE4AF413
30.73965,45.251987,2,B06410CC-D778-33B2-B1FD-A828EE4AF413
30.986574,45.131844,2,B06410CC-D778-33B2-B1FD-A828EE4AF413
35.209114,43.09929,2,B06410CC-D778-33B2-B1FD-A828EE4AF413
-36.533867,35.038708,2,B06410CC-D778-33B2-B1FD-A828EE4AF413
-17.981562,51.37759,2,B06410CC-D778-33B2-B1FD-A828EE4AF413
-1.8050201,36.23282,2,B06410CC-D778-33B2-B1FD-A828EE4AF413
-2.9104981,33.22852,0,B06410CC-D778-33B2-B1FD-A828EE4AF413
-2.9434068,32.104004,0,B06410CC-D778-33B2-B1FD-A828EE4AF413
8.904223,53.633507,0,B06410CC-D778-33B2-B1FD-A828EE4AF413
38.221066,40.429794,0,B06410CC-D778-33B2-B1FD-A828EE4AF413
36.539658,38.819847,0,B06410CC-D778-33B2-B1FD-A828EE4AF413
37.19307,39.19005,2,B06410CC-D778-33B2-B1FD-A828EE4AF413
36.766003,38.846714,2,B06410CC-D778-33B2-B1FD-A828EE4AF413
-2.170056,43.894615,2,B06410CC-D778-33B2-B1FD-A828EE4AF413
-2.0860236,43.63754,0,B06410CC-D778-33B2-B1FD-A828EE4AF413
-37.83346,32.57687,0,B06410CC-D778-33B2-B1FD-A828EE4AF413
32.050472,42.609486,0,B06410CC-D778-33B2-B1FD-A828EE4AF413
37.39255,41.630276,0,B06410CC-D778-33B2-B1FD-A828EE4AF413
33.24043,40.754112,0,B06410CC-D778-33B2-B1FD-A828EE4AF413
9.348552,21.637178,1,B0AAFE06-91C2-2C6D-4547-7508BB719E45
37.884884,19.751328,1,B0AAFE06-91C2-2C6D-4547-7508BB719E45
12.757367,22.148575,1,B0AAFE06-91C2-2C6D-4547-7508BB719E45
12.647096,22.204372,0,B0AAFE06-91C2-2C6D-4547-7508BB719E45
-1.1140876,-16.253668,0,B0AAFE06-91C2-2C6D-4547-7508BB719E45
-31.552015,35.009792,0,B0AAFE06-91C2-2C6D-4547-7508BB719E45
-32.14534,34.79702,0,B0AAFE06-91C2-2C6D-4547-7508BB719E45
-31.961536,34.89414,2,B0AAFE06-91C2-2C6D-4547-7508BB719E45
-32.266415,34.776165,2,B0AAFE06-91C2-2C6D-4547-7508BB719E45
-33.5383,34.032227,0,B0AAFE06-91C2-2C6D-4547-7508BB719E45
50.983624,-21.221441,0,B0AAFE06-91C2-2C6D-4547-7508BB719E45
-51.408737,-0.877841,0,B0AAFE06-91C2-2C6D-4547-7508BB719E45
51.45709,-26.35283,0,B0AAFE06-91C2-2C6D-4547-7508BB719E45
52.259205,-28.38843,0,B0AAFE06-91C2-2C6D-4547-7508BB719E45
47.405834,-19.679102,0,B0AAFE06-91C2-2C6D-4547-7508BB719E45
47.282368,-19.663645,0,B0AAFE06-91C2-2C6D-4547-7508BB719E45
25.319908,-20.723633,0,B0AAFE06-91C2-2C6D-4547-7508BB719E45
25.26494,-21.647758,0,B0AAFE06-91C2-2C6D-4547-7508BB719E45
-26.415527,-22.792526,0,B0AAFE06-91C2-2C6D-4547-7508BB719E45
-26.428665,-22.815632,0,B0AAFE06-91C2-2C6D-4547-7508BB719E45
-26.464943,-22.781542,0,B0AAFE06-91C2-2C6D-4547-7508BB719E45
-45.18228,-7.058522,0,B0AAFE06-91C2-2C6D-4547-7508BB719E45
-44.65954,-7.611994,1,B0AAFE06-91C2-2C6D-4547-7508BB719E45
-45.593605,-7.412789,2,B0AAFE06-91C2-2C6D-4547-7508BB719E45
-33.694817,-8.915242,2,B17DF37B-207D-A052-4D45-F862B3BF4C4C
-36.170376,-8.95235,2,B17DF37B-207D-A052-4D45-F862B3BF4C4C
-36.217712,-8.85951,0,B17DF37B-207D-A052-4D45-F862B3BF4C4C
11.28272,52.920677,0,B17DF37B-207D-A052-4D45-F862B3BF4C4C
36.04896,42.422165,0,B17DF37B-207D-A052-4D45-F862B3BF4C4C
36.10657,42.38554,1,B17DF37B-207D-A052-4D45-F862B3BF4C4C
-27.606256,-19.802036,1,B17DF37B-207D-A052-4D45-F862B3BF4C4C
-27.598751,-19.846292,1,B17DF37B-207D-A052-4D45-F862B3BF4C4C
-32.429104,-8.778088,1,B17DF37B-207D-A052-4D45-F862B3BF4C4C
-38.18476,-6.8845797,1,B17DF37B-207D-A052-4D45-F862B3BF4C4C
-39.53006,31.823557,1,B17DF37B-207D-A052-4D45-F862B3BF4C4C
-40.00566,32.204147,1,B17DF37B-207D-A052-4D45-F862B3BF4C4C
45.181713,-24.95001,1,B2EE7EC5-4E5B-EBDD-E0EB-AF758B95C36A
30.017572,-31.172237,1,B2EE7EC5-4E5B-EBDD-E0EB-AF758B95C36A
31.741577,20.123005,1,B2EE7EC5-4E5B-EBDD-E0EB-AF758B95C36A
-24.966026,-17.821102,1,B2EE7EC5-4E5B-EBDD-E0EB-AF758B95C36A
-25.066256,-17.377132,1,B2EE7EC5-4E5B-EBDD-E0EB-AF758B95C36A
-24.883188,-17.69661,1,B2EE7EC5-4E5B-EBDD-E0EB-AF758B95C36A
-3.077442,46.20872,2,B2EE7EC5-4E5B-EBDD-E0EB-AF758B95C36A
-20.31469,-45.22193,2,B2EE7EC5-4E5B-EBDD-E0EB-AF758B95C36A
-20.257338,-45.2484,2,B2EE7EC5-4E5B-EBDD-E0EB-AF758B95C36A
-20.840332,-45.389534,2,B2EE7EC5-4E5B-EBDD-E0EB-AF758B95C36A
-20.389765,-45.189842,2,B2EE7EC5-4E5B-EBDD-E0EB-AF758B95C36A
-27.699188,-38.76007,2,B2EE7EC5-4E5B-EBDD-E0EB-AF758B95C36A
-34.42703,41.64701,2,B2EE7EC5-4E5B-EBDD-E0EB-AF758B95C36A
-27.688932,-27.838333,2,B2EE7EC5-4E5B-EBDD-E0EB-AF758B95C36A
-49.744064,-8.325016,2,B2EE7EC5-4E5B-EBDD-E0EB-AF758B95C36A
-49.77486,-8.312868,1,B2EE7EC5-4E5B-EBDD-E0EB-AF758B95C36A
-11.725986,19.224121,1,B2EE7EC5-4E5B-EBDD-E0EB-AF758B95C36A
-29.290953,-33.449467,1,B2EE7EC5-4E5B-EBDD-E0EB-AF758B95C36A
19.01051,-39.661377,1,B2EE7EC5-4E5B-EBDD-E0EB-AF758B95C36A
18.690119,-39.520596,1,B2EE7EC5-4E5B-EBDD-E0EB-AF758B95C36A
18.50685,-39.625034,1,B2EE7EC5-4E5B-EBDD-E0EB-AF758B95C36A
30.220367,-38.047134,1,B2EE7EC5-4E5B-EBDD-E0EB-AF758B95C36A
49.993176,-25.889055,1,B2EE7EC5-4E5B-EBDD-E0EB-AF758B95C36A
48.219196,-26.739445,1,B2EE7EC5-4E5B-EBDD-E0EB-AF758B95C36A
39.148438,10.716015,2,B3CE5256-6F65-85EB-0078-689BD5CC1B17
-2.7258704,-38.03713,2,B3CE5256-6F65-85EB-0078-689BD5CC1B17
-4.6624146,-42.106274,0,B3CE5256-6F65-85EB-0078-689BD5CC1B17
-2.9940312,-38.158833,0,B3CE5256-6F65-85EB-0078-689BD5CC1B17
-2.9879053,-38.16098,0,B3CE5256-6F65-85EB-0078-689BD5CC1B17
-4.694523,-42.16776,0,B3CE5256-6F65-85EB-0078-689BD5CC1B17
-1.9339519,-34.972584,0,B3CE5256-6F65-85EB-0078-689BD5CC1B17
34.249382,3.6304102,0,B3CE5256-6F65-85EB-0078-689BD5CC1B17
14.376442,-6.954025,0,B3CE5256-6F65-85EB-0078-689BD5CC1B17
14.368472,-7.0210834,0,B3CE5256-6F65-85EB-0078-689BD5CC1B17
15.444313,-7.622313,0,B3CE5256-6F65-85EB-0078-689BD5CC1B17
-28.369196,11.332917,0,B3CE5256-6F65-85EB-0078-689BD5CC1B17
-7.767349,25.639465,0,B3CE5256-6F65-85EB-0078-689BD5CC1B17
-6.422398,-38.97033,0,B3CE5256-6F65-85EB-0078-689BD5CC1B17
41.48881,-23.334436,2,B3CE5256-6F65-85EB-0078-689BD5CC1B17
-25.842813,-40.704044,2,B3CE5256-6F65-85EB-0078-689BD5CC1B17
-26.649595,-39.77631,2,B3CE5256-6F65-85EB-0078-689BD5CC1B17
-21.305944,-48.209595,2,B3CE5256-6F65-85EB-0078-689BD5CC1B17
-34.872974,38.332455,2,B3CE5256-6F65-85EB-0078-689BD5CC1B17
-34.470615,38.465496,2,B3CE5256-6F65-85EB-0078-689BD5CC1B17
-17.839628,51.442486,2,B3CE5256-6F65-85EB-0078-689BD5CC1B17
-18.944273,50.821747,2,B3CE5256-6F65-85EB-0078-689BD5CC1B17
-19.48976,50.124603,2,B3CE5256-6F65-85EB-0078-689BD5CC1B17
-24.95597,12.234454,2,B3CE5256-6F65-85EB-0078-689BD5CC1B17
-25.650309,12.084176,2,B3CE5256-6F65-85EB-0078-689BD5CC1B17
-27.845343,11.6797285,0,B3CE5256-6F65-85EB-0078-689BD5CC1B17
33.876804,43.79268,2,B6EE5F90-8F59-D3CF-C449-59216B28207B
33.905388,43.777603,2,B6EE5F90-8F59-D3CF-C449-59216B28207B
35.462986,42.942036,2,B6EE5F90-8F59-D3CF-C449-59216B28207B
34.271885,43.58431,2,B6EE5F90-8F59-D3CF-C449-59216B28207B
34.03322,16.792582,2,B6EE5F90-8F59-D3CF-C449-59216B28207B
53.13485,-27.28275,2,B6EE5F90-8F59-D3CF-C449-59216B28207B
-8.729415,52.8657,1,B6EE5F90-8F59-D3CF-C449-59216B28207B
14.200022,-10.733571,1,B6EE5F90-8F59-D3CF-C449-59216B28207B
-7.0340924,-27.246508,0,B6EE5F90-8F59-D3CF-C449-59216B28207B
-7.360487,-36.86961,0,B6EE5F90-8F59-D3CF-C449-59216B28207B
-45.729362,-7.9710565,0,B6EE5F90-8F59-D3CF-C449-59216B28207B
33.159527,40.465126,0,B6EE5F90-8F59-D3CF-C449-59216B28207B
14.940821,51.915516,1,B6EE5F90-8F59-D3CF-C449-59216B28207B
12.634951,52.7573,1,B6EE5F90-8F59-D3CF-C449-59216B28207B
15.27289,51.710533,1,B6EE5F90-8F59-D3CF-C449-59216B28207B
15.852806,51.478,1,B6EE5F90-8F59-D3CF-C449-59216B28207B
16.600435,50.96614,1,B6EE5F90-8F59-D3CF-C449-59216B28207B
-29.646461,-33.920807,1,B6EE5F90-8F59-D3CF-C449-59216B28207B
6.29753,-2.7490044,0,B9FD0C60-33D3-E99E-2475-815EAD5C89C2
5.643369,-3.2128556,0,B9FD0C60-33D3-E99E-2475-815EAD5C89C2
1.8930559,-6.6341486,0,B9FD0C60-33D3-E99E-2475-815EAD5C89C2
11.784171,3.0871754,0,B9FD0C60-33D3-E99E-2475-815EAD5C89C2
11.882007,2.9993382,2,B9FD0C60-33D3-E99E-2475-815EAD5C89C2
42.62437,-25.734676,0,B9FD0C60-33D3-E99E-2475-815EAD5C89C2
-5.0821,-24.86368,1,B9FD0C60-33D3-E99E-2475-815EAD5C89C2
25.706696,-18.768404,1,B9FD0C60-33D3-E99E-2475-815EAD5C89C2
34.41289,21.39954,1,B9FD0C60-33D3-E99E-2475-815EAD5C89C2
38.99264,11.504306,1,B9FD0C60-33D3-E99E-2475-815EAD5C89C2
40.119404,6.706944,1,B9FD0C60-33D3-E99E-2475-815EAD5C89C2
37.992958,6.392506,1,B9FD0C60-33D3-E99E-2475-815EAD5C89C2
-26.950863,-32.93483,2,B9FD0C60-33D3-E99E-2475-815EAD5C89C2
-26.631355,-25.895329,2,B9FD0C60-33D3-E99E-2475-815EAD5C89C2
-26.205484,-24.562876,0,B9FD0C60-33D3-E99E-2475-815EAD5C89C2
-26.173336,-24.472979,0,B9FD0C60-33D3-E99E-2475-815EAD5C89C2
-25.635155,-20.825865,0,B9FD0C60-33D3-E99E-2475-815EAD5C89C2
-45.593536,6.200499,2,B9FD0C60-33D3-E99E-2475-815EAD5C89C2
-7.1543145,-45.301167,2,B9FD0C60-33D3-E99E-2475-815EAD5C89C2
-7.0038357,-44.12099,2,B9FD0C60-33D3-E99E-2475-815EAD5C89C2
-34.918255,37.690063,2,B9FD0C60-33D3-E99E-2475-815EAD5C89C2
-35.84626,36.333786,0,B9FD0C60-33D3-E99E-2475-815EAD5C89C2
-34.165276,38.716377,0,B9FD0C60-33D3-E99E-2475-815EAD5C89C2
-33.955414,38.94865,0,B9FD0C60-33D3-E99E-2475-815EAD5C89C2
-27.34334,-29.297577,1,B9FD0C60-33D3-E99E-2475-815EAD5C89C2
-42.075817,29.4016,2,B9FD0C60-33D3-E99E-2475-815EAD5C89C2
30.095907,43.565228,2,B9FD0C60-33D3-E99E-2475-815EAD5C89C2
29.108566,44.052967,2,B9FD0C60-33D3-E99E-2475-815EAD5C89C2
30.22202,43.31719,2,B9FD0C60-33D3-E99E-2475-815EAD5C89C2
29.566298,43.40269,2,B9FD0C60-33D3-E99E-2475-815EAD5C89C2
-42.439335,-8.132726,2,BAAA2876-D490-2AB5-0A98-6EB94C7FC331
-42.50949,-8.168095,2,BAAA2876-D490-2AB5-0A98-6EB94C7FC331
-42.397762,-8.14473,2,BAAA2876-D490-2AB5-0A98-6EB94C7FC331
-45.676567,-7.6484685,2,BAAA2876-D490-2AB5-0A98-6EB94C7FC331
-44.73906,-7.9088235,2,BAAA2876-D490-2AB5-0A98-6EB94C7FC331
4.6731763,-6.2985473,2,BAAA2876-D490-2AB5-0A98-6EB94C7FC331
-18.84676,-48.317074,2,BAAA2876-D490-2AB5-0A98-6EB94C7FC331
-18.883984,-48.217525,2,BAAA2876-D490-2AB5-0A98-6EB94C7FC331
-19.390154,-48.293705,2,BAAA2876-D490-2AB5-0A98-6EB94C7FC331
-19.15826,-48.203304,2,BAAA2876-D490-2AB5-0A98-6EB94C7FC331
46.365852,-19.137943,2,BAAA2876-D490-2AB5-0A98-6EB94C7FC331
46.88038,-19.491499,2,BAAA2876-D490-2AB5-0A98-6EB94C7FC331
49.842167,-20.71486,2,BAAA2876-D490-2AB5-0A98-6EB94C7FC331
43.876923,-19.83734,2,BAAA2876-D490-2AB5-0A98-6EB94C7FC331
29.609264,-36.644043,2,BAAA2876-D490-2AB5-0A98-6EB94C7FC331
21.71377,-39.09874,2,BAAA2876-D490-2AB5-0A98-6EB94C7FC331
-26.93497,-17.739107,2,BAAA2876-D490-2AB5-0A98-6EB94C7FC331
-26.969172,-17.633991,2,BAAA2876-D490-2AB5-0A98-6EB94C7FC331
13.312917,-3.0010731,2,BAAA2876-D490-2AB5-0A98-6EB94C7FC331
2.4978335,-5.815425,2,BAAA2876-D490-2AB5-0A98-6EB94C7FC331
40.351044,-22.081202,2,BC7EE230-0AF9-3AC5-24E5-8EC4B0B432A8
14.350594,-6.6211042,2,BC7EE230-0AF9-3AC5-24E5-8EC4B0B432A8
-2.6080356,-35.724384,2,BC7EE230-0AF9-3AC5-24E5-8EC4B0B432A8
-2.7602448,-36.222897,2,BC7EE230-0AF9-3AC5-24E5-8EC4B0B432A8
-2.4260921,-35.671047,2,BC7EE230-0AF9-3AC5-24E5-8EC4B0B432A8
-2.410251,-35.599392,2,BC7EE230-0AF9-3AC5-24E5-8EC4B0B432A8
-44.775726,8.078096,0,BC7EE230-0AF9-3AC5-24E5-8EC4B0B432A8
-39.631668,29.949303,2,BC7EE230-0AF9-3AC5-24E5-8EC4B0B432A8
-40.01327,29.758007,2,BC7EE230-0AF9-3AC5-24E5-8EC4B0B432A8
-39.34498,30.244864,2,BC7EE230-0AF9-3AC5-24E5-8EC4B0B432A8
-39.04504,31.308937,2,BC7EE230-0AF9-3AC5-24E5-8EC4B0B432A8
-40.168262,29.89148,2,BC7EE230-0AF9-3AC5-24E5-8EC4B0B432A8
49.4241,-25.654375,2,BD35F47E-4F73-8664-B165-98D2BF2CDA48
49.90121,-24.931255,2,BD35F47E-4F73-8664-B165-98D2BF2CDA48
48.47753,-25.265636,2,BD35F47E-4F73-8664-B165-98D2BF2CDA48
32.218708,20.002201,2,BD35F47E-4F73-8664-B165-98D2BF2CDA48
21.514984,-29.28254,2,BD35F47E-4F73-8664-B165-98D2BF2CDA48
21.264824,-29.334547,2,BD35F47E-4F73-8664-B165-98D2BF2CDA48
20.45202,-33.337856,0,BD35F47E-4F73-8664-B165-98D2BF2CDA48
21.29704,-34.147682,0,BD35F47E-4F73-8664-B165-98D2BF2CDA48
49.077114,-26.650301,0,BD35F47E-4F73-8664-B165-98D2BF2CDA48
50.60197,-21.210724,0,BD35F47E-4F73-8664-B165-98D2BF2CDA48
50.368786,-22.532259,1,BD35F47E-4F73-8664-B165-98D2BF2CDA48
51.073128,-25.067705,1,BD35F47E-4F73-8664-B165-98D2BF2CDA48
-1.6054399,38.412575,2,BD35F47E-4F73-8664-B165-98D2BF2CDA48
-3.4947007,31.445213,2,BD35F47E-4F73-8664-B165-98D2BF2CDA48
-3.4680276,31.551504,2,BD35F47E-4F73-8664-B165-98D2BF2CDA48
-4.070315,31.268967,2,BD35F47E-4F73-8664-B165-98D2BF2CDA48
-3.9557104,31.621023,2,BD35F47E-4F73-8664-B165-98D2BF2CDA48
-9.386709,22.310812,2,BD35F47E-4F73-8664-B165-98D2BF2CDA48
8.176321,21.754282,2,BD35F47E-4F73-8664-B165-98D2BF2CDA48
9.951901,22.53577,2,BD35F47E-4F73-8664-B165-98D2BF2CDA48
50.058617,-27.019093,2,BD35F47E-4F73-8664-B165-98D2BF2CDA48
49.67649,-26.781597,2,BD35F47E-4F73-8664-B165-98D2BF2CDA48
48.254345,-25.808737,2,BD35F47E-4F73-8664-B165-98D2BF2CDA48
47.95451,-25.677952,2,BD35F47E-4F73-8664-B165-98D2BF2CDA48
-24.62682,46.8817,0,BD35F47E-4F73-8664-B165-98D2BF2CDA48
-26.334938,45.367786,0,BD35F47E-4F73-8664-B165-98D2BF2CDA48
-27.875082,43.965195,2,BD35F47E-4F73-8664-B165-98D2BF2CDA48
-27.583254,44.16679,2,BD35F47E-4F73-8664-B165-98D2BF2CDA48
-27.221695,44.40382,2,BD35F47E-4F73-8664-B165-98D2BF2CDA48
9.219038,-5.05688,2,BD35F47E-4F73-8664-B165-98D2BF2CDA48
-1.4970608,35.814472,2,BD35F47E-4F73-8664-B165-98D2BF2CDA48
-1.4639099,-27.494852,2,BD35F47E-4F73-8664-B165-98D2BF2CDA48
-1.613636,-27.80596,0,BD35F47E-4F73-8664-B165-98D2BF2CDA48
-0.7625222,-13.047938,2,BD35F47E-4F73-8664-B165-98D2BF2CDA48
-1.0195721,-15.671283,0,BD35F47E-4F73-8664-B165-98D2BF2CDA48
13.036906,16.401829,2,BD35F47E-4F73-8664-B165-98D2BF2CDA48
34.032467,20.22739,2,C24A665A-6B67-FDEA-04A4-C2DA3AF79D51
32.289635,18.808603,0,C24A665A-6B67-FDEA-04A4-C2DA3AF79D51
50.126022,-26.948767,0,C24A665A-6B67-FDEA-04A4-C2DA3AF79D51
50.022316,-26.454664,0,C24A665A-6B67-FDEA-04A4-C2DA3AF79D51
50.832855,-26.27111,0,C24A665A-6B67-FDEA-04A4-C2DA3AF79D51
51.164787,-26.493616,0,C24A665A-6B67-FDEA-04A4-C2DA3AF79D51
-23.385174,12.135688,0,C24A665A-6B67-FDEA-04A4-C2DA3AF79D51
-15.907583,15.274545,0,C24A665A-6B67-FDEA-04A4-C2DA3AF79D51
-15.914349,15.262454,0,C24A665A-6B67-FDEA-04A4-C2DA3AF79D51
-16.062593,15.145633,0,C24A665A-6B67-FDEA-04A4-C2DA3AF79D51
-15.290503,15.46484,0,C24A665A-6B67-FDEA-04A4-C2DA3AF79D51
-14.962031,15.574083,0,C24A665A-6B67-FDEA-04A4-C2DA3AF79D51
-23.63065,12.742095,2,C24A665A-6B67-FDEA-04A4-C2DA3AF79D51
25.530125,-16.897276,2,C24A665A-6B67-FDEA-04A4-C2DA3AF79D51
21.673101,-34.745853,2,C24A665A-6B67-FDEA-04A4-C2DA3AF79D51
-10.997614,52.43024,0,C24A665A-6B67-FDEA-04A4-C2DA3AF79D51
-11.396998,52.543568,2,C24A665A-6B67-FDEA-04A4-C2DA3AF79D51
-10.9598875,52.438953,2,C24A665A-6B67-FDEA-04A4-C2DA3AF79D51
-9.972914,21.213503,0,C24A665A-6B67-FDEA-04A4-C2DA3AF79D51
6.1972866,-14.085764,0,C24A665A-6B67-FDEA-04A4-C2DA3AF79D51
6.197348,-13.889599,0,C24A665A-6B67-FDEA-04A4-C2DA3AF79D51
-29.93382,-35.540977,0,C24A665A-6B67-FDEA-04A4-C2DA3AF79D51
-29.440958,-26.953342,0,C24A665A-6B67-FDEA-04A4-C2DA3AF79D51
-33.11584,12.040119,0,C24A665A-6B67-FDEA-04A4-C2DA3AF79D51
35.385395,16.686172,2,C5DC661F-E2D6-2B65-4765-77C8B81D2488
37.58616,12.012337,2,C5DC661F-E2D6-2B65-4765-77C8B81D2488
37.1625,6.0702157,2,C5DC661F-E2D6-2B65-4765-77C8B81D2488
17.830431,3.4083118,2,C5DC661F-E2D6-2B65-4765-77C8B81D2488
17.871578,3.257366,2,C5DC661F-E2D6-2B65-4765-77C8B81D2488
17.838505,3.2882004,2,C5DC661F-E2D6-2B65-4765-77C8B81D2488
6.338303,-2.7030263,2,C5DC661F-E2D6-2B65-4765-77C8B81D2488
5.7919035,-3.053332,2,C5DC661F-E2D6-2B65-4765-77C8B81D2488
7.175381,-2.365341,2,C5DC661F-E2D6-2B65-4765-77C8B81D2488
7.2948823,-2.2127903,2,C5DC661F-E2D6-2B65-4765-77C8B81D2488
48.014954,-25.270096,2,C5DC661F-E2D6-2B65-4765-77C8B81D2488
41.854015,-30.213364,2,C5DC661F-E2D6-2B65-4765-77C8B81D2488
29.315638,1.4508569,2,C5DC661F-E2D6-2B65-4765-77C8B81D2488
41.32468,-23.022127,2,C5DC661F-E2D6-2B65-4765-77C8B81D2488
25.03935,-18.292738,2,C5DC661F-E2D6-2B65-4765-77C8B81D2488
25.117712,-14.706945,2,C5DC661F-E2D6-2B65-4765-77C8B81D2488
29.574972,0.45848474,2,C5DC661F-E2D6-2B65-4765-77C8B81D2488
28.97088,1.1283182,2,C5DC661F-E2D6-2B65-4765-77C8B81D2488
-4.764826,49.667717,2,C5DC661F-E2D6-2B65-4765-77C8B81D2488
-4.449339,49.206993,2,C5DC661F-E2D6-2B65-4765-77C8B81D2488
-14.646588,52.82274,2,C5DC661F-E2D6-2B65-4765-77C8B81D2488
-26.811356,-39.21915,2,C5DC661F-E2D6-2B65-4765-77C8B81D2488
21.321522,-12.151068,2,C5DC661F-E2D6-2B65-4765-77C8B81D2488
-29.592531,-26.759855,2,C5DC661F-E2D6-2B65-4765-77C8B81D2488
52.94711,-27.89428,0,C8BB6C15-19FA-A17A-5945-6202803016D7
52.810547,-28.03827,0,C8BB6C15-19FA-A17A-5945-6202803016D7
20.782116,-32.729183,0,C8BB6C15-19FA-A17A-5945-6202803016D7
8.967083,19.852982,1,C8BB6C15-19FA-A17A-5945-6202803016D7
9.029609,20.009562,1,C8BB6C15-19FA-A17A-5945-6202803016D7
37.768154,12.883353,2,C8BB6C15-19FA-A17A-5945-6202803016D7
33.16823,16.363747,2,C8BB6C15-19FA-A17A-5945-6202803016D7
35.25118,17.865088,2,C8BB6C15-19FA-A17A-5945-6202803016D7
32.66117,9.566562,2,C8BB6C15-19FA-A17A-5945-6202803016D7
-32.722645,11.026748,2,C8BB6C15-19FA-A17A-5945-6202803016D7
-29.547583,11.736479,2,C8BB6C15-19FA-A17A-5945-6202803016D7
-28.587801,12.00779,1,C8BB6C15-19FA-A17A-5945-6202803016D7
-3.621771,31.900188,2,C8BB6C15-19FA-A17A-5945-6202803016D7
-3.2613134,32.429432,2,C8BB6C15-19FA-A17A-5945-6202803016D7
-3.452563,32.14849,2,C8BB6C15-19FA-A17A-5945-6202803016D7
50.080425,-22.76856,2,C8BB6C15-19FA-A17A-5945-6202803016D7
43.460823,-31.754807,2,C8BB6C15-19FA-A17A-5945-6202803016D7
51.30423,-25.084522,1,C8BB6C15-19FA-A17A-5945-6202803016D7
-7.315756,-43.48173,1,C8BB6C15-19FA-A17A-5945-6202803016D7
-6.8899436,-44.67297,1,C8BB6C15-19FA-A17A-5945-6202803016D7
-6.9237194,-44.71425,1,C8BB6C15-19FA-A17A-5945-6202803016D7
-20.868786,-49.017822,1,C8BB6C15-19FA-A17A-5945-6202803016D7
21.990133,-12.794763,1,C8BB6C15-19FA-A17A-5945-6202803016D7
-20.723316,-45.204037,1,C8BB6C15-19FA-A17A-5945-6202803016D7
-25.179941,-41.04162,2,C8BB6C15-19FA-A17A-5945-6202803016D7
39.018864,18.635723,2,C8BB6C15-19FA-A17A-5945-6202803016D7
-2.0055776,35.045734,0,CCA3ABC5-DCCE-0BBE-5327-E65AE52A195D
-2.0589976,34.98794,0,CCA3ABC5-DCCE-0BBE-5327-E65AE52A195D
-1.8882737,35.5481,2,CCA3ABC5-DCCE-0BBE-5327-E65AE52A195D
-2.0665438,35.755516,2,CCA3ABC5-DCCE-0BBE-5327-E65AE52A195D
-18.33046,13.623631,2,CCA3ABC5-DCCE-0BBE-5327-E65AE52A195D
-23.488304,12.421706,2,CCA3ABC5-DCCE-0BBE-5327-E65AE52A195D
32.140194,41.710175,0,CCA3ABC5-DCCE-0BBE-5327-E65AE52A195D
30.249203,42.87338,0,CCA3ABC5-DCCE-0BBE-5327-E65AE52A195D
37.41585,39.851624,0,CCA3ABC5-DCCE-0BBE-5327-E65AE52A195D
-36.635826,-9.851766,1,CCA3ABC5-DCCE-0BBE-5327-E65AE52A195D
-50.28458,-6.6867304,2,CCA3ABC5-DCCE-0BBE-5327-E65AE52A195D
-2.471891,34.67338,2,CCA3ABC5-DCCE-0BBE-5327-E65AE52A195D
-3.5628326,30.748356,2,CCA3ABC5-DCCE-0BBE-5327-E65AE52A195D
-4.219729,30.120443,2,CCA3ABC5-DCCE-0BBE-5327-E65AE52A195D
34.687195,17.11802,0,CD5833CD-93D3-318C-371A-18A32DEFC38B
37.68635,14.5620575,0,CD5833CD-93D3-318C-371A-18A32DEFC38B
36.921677,18.555689,0,CD5833CD-93D3-318C-371A-18A32DEFC38B
36.318195,18.389042,0,CD5833CD-93D3-318C-371A-18A32DEFC38B
38.271595,15.315966,2,CD5833CD-93D3-318C-371A-18A32DEFC38B
38.455566,15.155013,2,CD5833CD-93D3-318C-371A-18A32DEFC38B
-1.2132483,-13.449106,0,CD5833CD-93D3-318C-371A-18A32DEFC38B
-1.146979,-13.499117,2,CD5833CD-93D3-318C-371A-18A32DEFC38B
-1.2405208,-14.542536,2,CD5833CD-93D3-318C-371A-18A32DEFC38B
-1.4403265,-16.468964,2,CD5833CD-93D3-318C-371A-18A32DEFC38B
1.551274,-7.798581,2,CD5833CD-93D3-318C-371A-18A32DEFC38B
1.5529002,-7.760094,2,CD5833CD-93D3-318C-371A-18A32DEFC38B
-1.7244104,-21.887402,2,CD5833CD-93D3-318C-371A-18A32DEFC38B
-1.165348,-27.018595,2,CD5833CD-93D3-318C-371A-18A32DEFC38B
14.729306,23.268358,0,D0F7ABC0-F552-63CD-CAC6-6703C39B83CA
14.707406,23.16213,0,D0F7ABC0-F552-63CD-CAC6-6703C39B83CA
37.7594,19.944014,0,D0F7ABC0-F552-63CD-CAC6-6703C39B83CA
31.608278,-37.39715,0,D0F7ABC0-F552-63CD-CAC6-6703C39B83CA
43.55718,-32.37504,0,D0F7ABC0-F552-63CD-CAC6-6703C39B83CA
30.832745,-38.252987,0,D0F7ABC0-F552-63CD-CAC6-6703C39B83CA
15.300589,-10.248418,1,D0F7ABC0-F552-63CD-CAC6-6703C39B83CA
-18.730104,-46.01946,1,D0F7ABC0-F552-63CD-CAC6-6703C39B83CA
-18.717104,-45.978386,2,D0F7ABC0-F552-63CD-CAC6-6703C39B83CA
-7.8104362,-42.48181,2,D0F7ABC0-F552-63CD-CAC6-6703C39B83CA
-7.8700285,-42.55705,2,D0F7ABC0-F552-63CD-CAC6-6703C39B83CA
-7.8957458,-42.55955,2,D0F7ABC0-F552-63CD-CAC6-6703C39B83CA
-13.022279,18.420444,1,D0F7ABC0-F552-63CD-CAC6-6703C39B83CA
-13.309996,17.201935,1,D0F7ABC0-F552-63CD-CAC6-6703C39B83CA
-48.90939,5.2349467,1,D0F7ABC0-F552-63CD-CAC6-6703C39B83CA
-48.895428,5.26848,2,D0F7ABC0-F552-63CD-CAC6-6703C39B83CA
-40.63895,9.827149,2,D0F7ABC0-F552-63CD-CAC6-6703C39B83CA
18.511036,49.398975,2,D0F7ABC0-F552-63CD-CAC6-6703C39B83CA
38.632793,5.8703384,2,D51A5648-0039-8CB1-45CB-C51E5ABA8BCC
39.626915,6.3993516,2,D51A5648-0039-8CB1-45CB-C51E5ABA8BCC
11.965736,2.7568371,2,D51A5648-0039-8CB1-45CB-C51E5ABA8BCC
12.067204,2.446619,2,D51A5648-0039-8CB1-45CB-C51E5ABA8BCC
13.169363,2.9254835,2,D51A5648-0039-8CB1-45CB-C51E5ABA8BCC
40.255604,3.1409893,1,D51A5648-0039-8CB1-45CB-C51E5ABA8BCC
23.78555,-28.928185,2,D51A5648-0039-8CB1-45CB-C51E5ABA8BCC
25.542627,-25.820583,2,D51A5648-0039-8CB1-45CB-C51E5ABA8BCC
37.557076,-30.027134,2,D51A5648-0039-8CB1-45CB-C51E5ABA8BCC
30.75063,-31.36608,2,D51A5648-0039-8CB1-45CB-C51E5ABA8BCC
21.776236,-39.0879,2,D51A5648-0039-8CB1-45CB-C51E5ABA8BCC
18.46953,16.515999,2,D51A5648-0039-8CB1-45CB-C51E5ABA8BCC
33.088722,3.983975,2,D51A5648-0039-8CB1-45CB-C51E5ABA8BCC
33.00032,3.9505696,2,D51A5648-0039-8CB1-45CB-C51E5ABA8BCC
18.040222,1.0143596,2,D51A5648-0039-8CB1-45CB-C51E5ABA8BCC
22.443222,-30.644728,2,D51A5648-0039-8CB1-45CB-C51E5ABA8BCC
50.13167,-20.765839,2,D51A5648-0039-8CB1-45CB-C51E5ABA8BCC
49.860798,-20.869635,1,D51A5648-0039-8CB1-45CB-C51E5ABA8BCC
7.8949766,-14.24818,2,D51A5648-0039-8CB1-45CB-C51E5ABA8BCC
-54.12809,-3.2062728,2,D51A5648-0039-8CB1-45CB-C51E5ABA8BCC
-54.132862,-3.4756687,2,D51A5648-0039-8CB1-45CB-C51E5ABA8BCC
-54.16749,-3.758515,2,D51A5648-0039-8CB1-45CB-C51E5ABA8BCC
-54.166466,-3.7562592,2,D51A5648-0039-8CB1-45CB-C51E5ABA8BCC
-38.507954,-9.948348,2,D51A5648-0039-8CB1-45CB-C51E5ABA8BCC
-27.857557,-33.999397,0,D51A5648-0039-8CB1-45CB-C51E5ABA8BCC
4.104496,-18.345572,0,D51A5648-0039-8CB1-45CB-C51E5ABA8BCC
26.345785,-23.566961,2,D51A5648-0039-8CB1-45CB-C51E5ABA8BCC
26.768679,-12.338609,2,D51A5648-0039-8CB1-45CB-C51E5ABA8BCC
26.789513,-12.366835,2,D51A5648-0039-8CB1-45CB-C51E5ABA8BCC
-3.3552165,-34.48757,0,D51A5648-0039-8CB1-45CB-C51E5ABA8BCC
14.719775,16.399363,2,D6D11A63-A131-4E74-041D-6E3BD8EFF8FF
24.148754,-23.863134,2,D6D11A63-A131-4E74-041D-6E3BD8EFF8FF
24.611471,-23.778172,2,D6D11A63-A131-4E74-041D-6E3BD8EFF8FF
25.20789,-22.23436,2,D6D11A63-A131-4E74-041D-6E3BD8EFF8FF
-17.663584,-48.52432,2,D6D11A63-A131-4E74-041D-6E3BD8EFF8FF
-17.614138,-48.437283,0,D6D11A63-A131-4E74-041D-6E3BD8EFF8FF
5.2028008,-15.283876,0,D6D11A63-A131-4E74-041D-6E3BD8EFF8FF
5.1719723,-15.275801,0,D6D11A63-A131-4E74-041D-6E3BD8EFF8FF
5.382634,-15.103269,0,D6D11A63-A131-4E74-041D-6E3BD8EFF8FF
41.954533,-19.522789,0,D6D11A63-A131-4E74-041D-6E3BD8EFF8FF
38.375828,-31.585186,0,D6D11A63-A131-4E74-041D-6E3BD8EFF8FF
9.342883,20.031446,0,D6D11A63-A131-4E74-041D-6E3BD8EFF8FF
-32.789116,-11.818893,2,D6D11A63-A131-4E74-041D-6E3BD8EFF8FF
-28.659676,-16.0714,2,D6D11A63-A131-4E74-041D-6E3BD8EFF8FF
-32.236107,-11.667867,2,D6D11A63-A131-4E74-041D-6E3BD8EFF8FF
-32.209866,-11.671132,2,D6D11A63-A131-4E74-041D-6E3BD8EFF8FF
13.788477,-4.749294,2,D6D11A63-A131-4E74-041D-6E3BD8EFF8FF
20.493896,-10.963572,0,D6D11A63-A131-4E74-041D-6E3BD8EFF8FF
40.52414,-22.042902,0,D6D11A63-A131-4E74-041D-6E3BD8EFF8FF
30.557262,-31.62687,0,D6D11A63-A131-4E74-041D-6E3BD8EFF8FF
23.04176,-29.504675,0,D6D11A63-A131-4E74-041D-6E3BD8EFF8FF
11.105688,15.265808,0,D6D11A63-A131-4E74-041D-6E3BD8EFF8FF
-26.557823,-29.363958,0,D6D11A63-A131-4E74-041D-6E3BD8EFF8FF
-26.677568,-31.921219,0,D6D11A63-A131-4E74-041D-6E3BD8EFF8FF
13.930332,21.310143,2,DA2856BC-D181-9AF0-DC9A-99A9444D5579
15.896326,20.720762,2,DA2856BC-D181-9AF0-DC9A-99A9444D5579
38.242115,11.502,2,DA2856BC-D181-9AF0-DC9A-99A9444D5579
38.088264,11.028809,0,DA2856BC-D181-9AF0-DC9A-99A9444D5579
35.5114,16.536385,0,DA2856BC-D181-9AF0-DC9A-99A9444D5579
29.942892,7.474402,0,DA2856BC-D181-9AF0-DC9A-99A9444D5579
16.135841,-31.031221,0,DA2856BC-D181-9AF0-DC9A-99A9444D5579
21.846329,-32.12552,0,DA2856BC-D181-9AF0-DC9A-99A9444D5579
10.73612,18.72519,0,DA2856BC-D181-9AF0-DC9A-99A9444D5579
21.725912,-30.582245,0,DA2856BC-D181-9AF0-DC9A-99A9444D5579
18.914162,-39.459282,0,DA2856BC-D181-9AF0-DC9A-99A9444D5579
-29.533224,-26.67862,0,DA2856BC-D181-9AF0-DC9A-99A9444D5579
-19.373634,-45.32458,2,DA2856BC-D181-9AF0-DC9A-99A9444D5579
-19.379211,-45.323837,2,DA2856BC-D181-9AF0-DC9A-99A9444D5579
-18.868156,-45.21649,2,DA2856BC-D181-9AF0-DC9A-99A9444D5579
-19.06287,-45.24716,2,DA2856BC-D181-9AF0-DC9A-99A9444D5579
-18.874449,-45.15231,2,DA2856BC-D181-9AF0-DC9A-99A9444D5579
-18.788391,-48.019173,2,DA2856BC-D181-9AF0-DC9A-99A9444D5579
-50.87629,-3.8748436,1,DA2856BC-D181-9AF0-DC9A-99A9444D5579
-50.890938,-3.8252523,1,DA2856BC-D181-9AF0-DC9A-99A9444D5579
-29.110142,43.182602,1,DA2856BC-D181-9AF0-DC9A-99A9444D5579
-29.549574,42.73531,2,DA2856BC-D181-9AF0-DC9A-99A9444D5579
-19.533937,50.23096,2,DA2856BC-D181-9AF0-DC9A-99A9444D5579
-19.206835,50.563347,2,DA2856BC-D181-9AF0-DC9A-99A9444D5579
-17.831621,-47.708023,0,DBA0C8C4-AE05-772F-2E53-E6167F8ACB77
-15.143943,15.002426,0,DBA0C8C4-AE05-772F-2E53-E6167F8ACB77
-8.252478,23.448963,0,DBA0C8C4-AE05-772F-2E53-E6167F8ACB77
-7.8673325,24.530191,0,DBA0C8C4-AE05-772F-2E53-E6167F8ACB77
-7.856093,24.686691,2,DBA0C8C4-AE05-772F-2E53-E6167F8ACB77
-7.955947,23.968485,2,DBA0C8C4-AE05-772F-2E53-E6167F8ACB77
-41.435703,-7.8932214,2,DBA0C8C4-AE05-772F-2E53-E6167F8ACB77
-49.230118,4.237386,2,DBA0C8C4-AE05-772F-2E53-E6167F8ACB77
-48.19259,5.862818,0,DBA0C8C4-AE05-772F-2E53-E6167F8ACB77
-48.020058,5.969981,0,DBA0C8C4-AE05-772F-2E53-E6167F8ACB77
-36.29373,10.789584,0,DBA0C8C4-AE05-772F-2E53-E6167F8ACB77
-42.694866,9.348351,0,DBA0C8C4-AE05-772F-2E53-E6167F8ACB77
47.569675,-26.07842,1,DC0BE0E2-B41E-3D73-47C5-5733952512CB
15.126119,51.97602,1,DC0BE0E2-B41E-3D73-47C5-5733952512CB
17.351576,50.612625,0,DC0BE0E2-B41E-3D73-47C5-5733952512CB
17.231613,50.67938,0,DC0BE0E2-B41E-3D73-47C5-5733952512CB
16.68513,51.095585,0,DC0BE0E2-B41E-3D73-47C5-5733952512CB
14.4909115,52.25305,0,DC0BE0E2-B41E-3D73-47C5-5733952512CB
-43.114296,-7.6867037,2,DC0BE0E2-B41E-3D73-47C5-5733952512CB
-46.511772,-6.7181096,2,DC0BE0E2-B41E-3D73-47C5-5733952512CB
-45.40963,7.299074,2,DC0BE0E2-B41E-3D73-47C5-5733952512CB
-46.589314,6.6891217,2,DC0BE0E2-B41E-3D73-47C5-5733952512CB
-46.58256,6.7344904,2,DC0BE0E2-B41E-3D73-47C5-5733952512CB
-46.982586,6.44245,2,DC0BE0E2-B41E-3D73-47C5-5733952512CB
-14.370477,13.685234,0,DC0BE0E2-B41E-3D73-47C5-5733952512CB
-14.465596,13.632641,0,DC0BE0E2-B41E-3D73-47C5-5733952512CB
-14.466439,13.620197,2,DC0BE0E2-B41E-3D73-47C5-5733952512CB
-30.259678,-15.970261,2,DC0BE0E2-B41E-3D73-47C5-5733952512CB
-30.367205,-15.909178,2,DC0BE0E2-B41E-3D73-47C5-5733952512CB
-37.91484,-9.797202,2,DC0BE0E2-B41E-3D73-47C5-5733952512CB
-27.056849,-28.170107,2,DC0BE0E2-B41E-3D73-47C5-5733952512CB
-11.279111,52.884785,2,DC0BE0E2-B41E-3D73-47C5-5733952512CB
14.281399,52.05215,2,DC0BE0E2-B41E-3D73-47C5-5733952512CB
10.590347,53.307133,2,DC0BE0E2-B41E-3D73-47C5-5733952512CB
9.437447,53.597397,2,DC0BE0E2-B41E-3D73-47C5-5733952512CB
8.988605,53.636623,2,DC0BE0E2-B41E-3D73-47C5-5733952512CB
29.852251,3.4087038,2,DCB45A10-FAF5-53E0-AB53-2D42AC9BB090
29.73418,3.2016075,2,DCB45A10-FAF5-53E0-AB53-2D42AC9BB090
29.108576,1.8483379,2,DCB45A10-FAF5-53E0-AB53-2D42AC9BB090
30.00479,3.4878175,1,DCB45A10-FAF5-53E0-AB53-2D42AC9BB090
30.18994,4.015812,1,DCB45A10-FAF5-53E0-AB53-2D42AC9BB090
25.473238,-19.687952,1,DCB45A10-FAF5-53E0-AB53-2D42AC9BB090
-51.784218,-1.4789299,2,DCB45A10-FAF5-53E0-AB53-2D42AC9BB090
18.265089,2.3101082,2,DCB45A10-FAF5-53E0-AB53-2D42AC9BB090
32.88508,4.7843084,2,DCB45A10-FAF5-53E0-AB53-2D42AC9BB090
30.497515,8.415312,2,DCB45A10-FAF5-53E0-AB53-2D42AC9BB090
30.138468,7.5434084,2,DCB45A10-FAF5-53E0-AB53-2D42AC9BB090
23.87186,-23.830135,2,DCB45A10-FAF5-53E0-AB53-2D42AC9BB090
23.679462,-26.15591,2,DCB45A10-FAF5-53E0-AB53-2D42AC9BB090
29.19297,1.3576777,2,DCB45A10-FAF5-53E0-AB53-2D42AC9BB090
15.922202,-4.0828886,2,DCB45A10-FAF5-53E0-AB53-2D42AC9BB090
28.297796,1.7877078,2,DCB45A10-FAF5-53E0-AB53-2D42AC9BB090
28.550686,1.2575302,2,DCB45A10-FAF5-53E0-AB53-2D42AC9BB090
25.140951,-13.407577,2,DCB45A10-FAF5-53E0-AB53-2D42AC9BB090
32.59134,14.382856,2,DCB45A10-FAF5-53E0-AB53-2D42AC9BB090
41.59588,3.842512,2,DCB45A10-FAF5-53E0-AB53-2D42AC9BB090
-19.122513,-48.64182,2,DD956DE9-DEFB-C0C6-82B4-C639A17D6782
-18.703743,-48.570217,2,DD956DE9-DEFB-C0C6-82B4-C639A17D6782
-18.908827,-48.80242,2,DD956DE9-DEFB-C0C6-82B4-C639A17D6782
-19.00687,-48.89751,0,DD956DE9-DEFB-C0C6-82B4-C639A17D6782
34.73861,11.707542,0,DD956DE9-DEFB-C0C6-82B4-C639A17D6782
35.265205,3.877695,0,DD956DE9-DEFB-C0C6-82B4-C639A17D6782
34.623974,3.8081768,0,DD956DE9-DEFB-C0C6-82B4-C639A17D6782
35.00249,4.525021,0,DD956DE9-DEFB-C0C6-82B4-C639A17D6782
17.739555,3.0842447,0,DD956DE9-DEFB-C0C6-82B4-C639A17D6782
16.603743,2.2331414,2,DD956DE9-DEFB-C0C6-82B4-C639A17D6782
9.124339,-5.1381025,2,DD956DE9-DEFB-C0C6-82B4-C639A17D6782
9.203101,-5.4476914,2,DD956DE9-DEFB-C0C6-82B4-C639A17D6782
-49.647423,-7.5832143,0,DD956DE9-DEFB-C0C6-82B4-C639A17D6782
-49.700684,-7.385891,2,DD956DE9-DEFB-C0C6-82B4-C639A17D6782
14.692199,-10.457298,2,DD956DE9-DEFB-C0C6-82B4-C639A17D6782
48.502773,-22.938631,2,DD956DE9-DEFB-C0C6-82B4-C639A17D6782
32.557117,19.936827,0,DD956DE9-DEFB-C0C6-82B4-C639A17D6782
-25.026905,12.32234,0,DD956DE9-DEFB-C0C6-82B4-C639A17D6782
-26.214235,-15.965166,2,DD956DE9-DEFB-C0C6-82B4-C639A17D6782
-33.958572,-7.3008223,2,DD956DE9-DEFB-C0C6-82B4-C639A17D6782
-2.4878595,-18.83983,2,DD956DE9-DEFB-C0C6-82B4-C639A17D6782
-2.6334782,-18.548912,2,DD956DE9-DEFB-C0C6-82B4-C639A17D6782
-0.037301127,-14.977744,2,DD956DE9-DEFB-C0C6-82B4-C639A17D6782
-37.763596,10.357309,2,DD956DE9-DEFB-C0C6-82B4-C639A17D6782
11.609847,-9.396545,0,DF62EF03-DA30-E70A-CA31-03A029C9610A
16.71311,-3.0722651,0,DF62EF03-DA30-E70A-CA31-03A029C9610A
35.407032,12.271087,0,DF62EF03-DA30-E70A-CA31-03A029C9610A
34.145073,15.326792,0,DF62EF03-DA30-E70A-CA31-03A029C9610A
34.276314,15.485211,0,DF62EF03-DA30-E70A-CA31-03A029C9610A
15.59542,20.801954,0,DF62EF03-DA30-E70A-CA31-03A029C9610A
38.146843,10.402799,0,DF62EF03-DA30-E70A-CA31-03A029C9610A
40.110073,7.1244893,0,DF62EF03-DA30-E70A-CA31-03A029C9610A
39.13428,10.301844,0,DF62EF03-DA30-E70A-CA31-03A029C9610A
16.747257,19.71896,0,DF62EF03-DA30-E70A-CA31-03A029C9610A
36.963955,5.3957796,1,DF62EF03-DA30-E70A-CA31-03A029C9610A
39.83059,5.6023173,1,DF62EF03-DA30-E70A-CA31-03A029C9610A
20.489393,-22.717972,1,DF62EF03-DA30-E70A-CA31-03A029C9610A
12.396858,15.035939,0,DF62EF03-DA30-E70A-CA31-03A029C9610A
22.984674,-26.62151,0,DF62EF03-DA30-E70A-CA31-03A029C9610A
13.766662,-4.278748,0,DF62EF03-DA30-E70A-CA31-03A029C9610A
25.058414,-14.585197,0,DF62EF03-DA30-E70A-CA31-03A029C9610A
25.04575,-14.768143,0,DF62EF03-DA30-E70A-CA31-03A029C9610A
10.184071,19.351273,1,DF62EF03-DA30-E70A-CA31-03A029C9610A
-51.820187,-3.1583993,1,DF62EF03-DA30-E70A-CA31-03A029C9610A
-51.644333,-3.355197,1,DF62EF03-DA30-E70A-CA31-03A029C9610A
-51.427933,-4.0312524,1,DF62EF03-DA30-E70A-CA31-03A029C9610A
-51.70666,-2.8796725,1,DF62EF03-DA30-E70A-CA31-03A029C9610A
-51.781612,-2.9198935,1,DF62EF03-DA30-E70A-CA31-03A029C9610A
51.551888,-26.462444,2,E3489F9E-39E2-47B9-24EF-BAACE1438D00
30.643557,-37.8835,2,E3489F9E-39E2-47B9-24EF-BAACE1438D00
9.48494,20.99669,2,E3489F9E-39E2-47B9-24EF-BAACE1438D00
37.69092,18.74834,2,E3489F9E-39E2-47B9-24EF-BAACE1438D00
35.85092,18.071505,0,E3489F9E-39E2-47B9-24EF-BAACE1438D00
-35.61839,36.88119,0,E3489F9E-39E2-47B9-24EF-BAACE1438D00
-16.79848,14.547249,1,E3489F9E-39E2-47B9-24EF-BAACE1438D00
-16.095995,14.886579,1,E3489F9E-39E2-47B9-24EF-BAACE1438D00
-33.427322,11.104137,1,E3489F9E-39E2-47B9-24EF-BAACE1438D00
-42.608387,8.227246,1,E3489F9E-39E2-47B9-24EF-BAACE1438D00
-49.298367,4.0828176,1,E3489F9E-39E2-47B9-24EF-BAACE1438D00
-49.199368,4.210517,2,E3489F9E-39E2-47B9-24EF-BAACE1438D00
34.671696,39.36561,2,E3489F9E-39E2-47B9-24EF-BAACE1438D00
29.803385,43.15316,1,E3489F9E-39E2-47B9-24EF-BAACE1438D00
29.76839,43.0054,1,E3489F9E-39E2-47B9-24EF-BAACE1438D00
11.222909,53.154453,1,E3489F9E-39E2-47B9-24EF-BAACE1438D00
11.548251,53.030003,2,E3489F9E-39E2-47B9-24EF-BAACE1438D00
-41.893288,29.178185,2,E3489F9E-39E2-47B9-24EF-BAACE1438D00
17.970036,49.938427,1,E3489F9E-39E2-47B9-24EF-BAACE1438D00
30.13257,42.642635,1,E3489F9E-39E2-47B9-24EF-BAACE1438D00
30.62386,42.543724,1,E3489F9E-39E2-47B9-24EF-BAACE1438D00
34.30047,40.40377,1,E3489F9E-39E2-47B9-24EF-BAACE1438D00
34.870293,40.277523,1,E3489F9E-39E2-47B9-24EF-BAACE1438D00
-46.14344,7.7502375,1,E3489F9E-39E2-47B9-24EF-BAACE1438D00
37.532337,39.96941,1,E3489F9E-39E2-47B9-24EF-BAACE1438D00
36.079594,38.915886,2,E3489F9E-39E2-47B9-24EF-BAACE1438D00
9.783472,-5.0061197,2,E49C1269-8AB7-8C8F-FC88-AA92C2F1E260
7.7971654,-7.6912904,2,E49C1269-8AB7-8C8F-FC88-AA92C2F1E260
-21.145538,-46.103703,2,E49C1269-8AB7-8C8F-FC88-AA92C2F1E260
-8.33293,-44.46201,2,E49C1269-8AB7-8C8F-FC88-AA92C2F1E260
-7.9184027,-44.015438,2,E49C1269-8AB7-8C8F-FC88-AA92C2F1E260
-26.242506,-24.023287,2,E49C1269-8AB7-8C8F-FC88-AA92C2F1E260
-12.064255,18.698166,0,E49C1269-8AB7-8C8F-FC88-AA92C2F1E260
-7.0615587,24.405142,0,E49C1269-8AB7-8C8F-FC88-AA92C2F1E260
-2.7827132,31.823483,2,E49C1269-8AB7-8C8F-FC88-AA92C2F1E260
-32.127327,-12.232623,2,E49C1269-8AB7-8C8F-FC88-AA92C2F1E260
-31.047016,-11.997846,2,E49C1269-8AB7-8C8F-FC88-AA92C2F1E260
-32.92372,-11.389993,0,E49C1269-8AB7-8C8F-FC88-AA92C2F1E260
-1.2370106,-7.660106,0,E49C1269-8AB7-8C8F-FC88-AA92C2F1E260
-1.8311936,-7.68721,0,E49C1269-8AB7-8C8F-FC88-AA92C2F1E260
6.35361,-6.1043315,2,E5CCE6B3-2C6E-BE96-602F-3852C8614777
3.4579256,-7.1819444,2,E5CCE6B3-2C6E-BE96-602F-3852C8614777
2.9500356,-7.8518467,2,E5CCE6B3-2C6E-BE96-602F-3852C8614777
3.1945107,-6.984889,2,E5CCE6B3-2C6E-BE96-602F-3852C8614777
13.789919,-11.842511,0,E5CCE6B3-2C6E-BE96-602F-3852C8614777
14.4983635,-11.18937,0,E5CCE6B3-2C6E-BE96-602F-3852C8614777
36.13538,-18.83347,0,E5CCE6B3-2C6E-BE96-602F-3852C8614777
36.114048,-18.816917,0,E5CCE6B3-2C6E-BE96-602F-3852C8614777
35.208385,-18.624338,0,E5CCE6B3-2C6E-BE96-602F-3852C8614777
-11.75802,53.177704,0,E5CCE6B3-2C6E-BE96-602F-3852C8614777
-11.759479,53.188038,0,E5CCE6B3-2C6E-BE96-602F-3852C8614777
-6.2196364,49.985226,2,E5CCE6B3-2C6E-BE96-602F-3852C8614777
-27.026987,-23.620216,1,E5CCE6B3-2C6E-BE96-602F-3852C8614777
-27.039503,-23.619768,0,E5CCE6B3-2C6E-BE96-602F-3852C8614777
-27.233051,-24.674376,0,E5CCE6B3-2C6E-BE96-602F-3852C8614777
-26.793745,-34.884384,0,E5CCE6B3-2C6E-BE96-602F-3852C8614777
-30.05952,-35.259308,0,E5CCE6B3-2C6E-BE96-602F-3852C8614777
-30.069168,-35.393963,0,E5CCE6B3-2C6E-BE96-602F-3852C8614777
-30.036173,-35.14072,0,E5CCE6B3-2C6E-BE96-602F-3852C8614777
-39.91877,30.607409,0,E5CCE6B3-2C6E-BE96-602F-3852C8614777
-35.401234,37.762386,0,E5CCE6B3-2C6E-BE96-602F-3852C8614777
-33.891964,39.529835,0,E5CCE6B3-2C6E-BE96-602F-3852C8614777
-34.510284,39.06938,1,E5CCE6B3-2C6E-BE96-602F-3852C8614777
-34.492756,39.07476,0,E5CCE6B3-2C6E-BE96-602F-3852C8614777
16.141392,-30.852629,2,E5F96AC5-AE7E-C4E8-8288-FB2674F43704
29.563406,-37.09405,2,E5F96AC5-AE7E-C4E8-8288-FB2674F43704
29.55404,-37.094627,2,E5F96AC5-AE7E-C4E8-8288-FB2674F43704
38.445236,-31.723225,2,E5F96AC5-AE7E-C4E8-8288-FB2674F43704
42.83767,-30.587263,2,E5F96AC5-AE7E-C4E8-8288-FB2674F43704
6.6667795,-8.167935,2,E5F96AC5-AE7E-C4E8-8288-FB2674F43704
42.330368,-23.658697,1,E5F96AC5-AE7E-C4E8-8288-FB2674F43704
44.072987,-20.367207,0,E5F96AC5-AE7E-C4E8-8288-FB2674F43704
41.94064,-22.727787,0,E5F96AC5-AE7E-C4E8-8288-FB2674F43704
42.021973,-22.320631,0,E5F96AC5-AE7E-C4E8-8288-FB2674F43704
33.27242,-17.043764,0,E5F96AC5-AE7E-C4E8-8288-FB2674F43704
33.25784,-17.03711,0,E5F96AC5-AE7E-C4E8-8288-FB2674F43704
29.87107,-31.97454,2,E5F96AC5-AE7E-C4E8-8288-FB2674F43704
23.102015,-27.948776,2,E5F96AC5-AE7E-C4E8-8288-FB2674F43704
20.331274,-32.510754,2,E5F96AC5-AE7E-C4E8-8288-FB2674F43704
19.854713,1.1931626,2,E5F96AC5-AE7E-C4E8-8288-FB2674F43704
19.391554,2.30514,2,E5F96AC5-AE7E-C4E8-8288-FB2674F43704
-2.2677078,-30.914652,1,E5F96AC5-AE7E-C4E8-8288-FB2674F43704
-2.341789,-30.544645,1,E5F96AC5-AE7E-C4E8-8288-FB2674F43704
-2.2563932,-30.499485,1,E5F96AC5-AE7E-C4E8-8288-FB2674F43704
-2.5943391,-34.295654,2,E5F96AC5-AE7E-C4E8-8288-FB2674F43704
-3.334275,-34.91865,2,E5F96AC5-AE7E-C4E8-8288-FB2674F43704
14.288333,-6.952708,2,E5F96AC5-AE7E-C4E8-8288-FB2674F43704
-0.49066997,-15.894591,2,E5F96AC5-AE7E-C4E8-8288-FB2674F43704
-12.421813,53.177864,1,EA788550-E907-E4AC-EAE4-82CC26723E3B
-12.775132,53.081635,1,EA788550-E907-E4AC-EAE4-82CC26723E3B
18.214563,49.7062,1,EA788550-E907-E4AC-EAE4-82CC26723E3B
18.97247,49.370514,0,EA788550-E907-E4AC-EAE4-82CC26723E3B
19.086601,49.766262,0,EA788550-E907-E4AC-EAE4-82CC26723E3B
17.722494,50.37366,2,EA788550-E907-E4AC-EAE4-82CC26723E3B
-11.915055,52.52548,2,EA788550-E907-E4AC-EAE4-82CC26723E3B
-11.674121,52.49548,2,EA788550-E907-E4AC-EAE4-82CC26723E3B
-2.2979233,44.35032,2,EA788550-E907-E4AC-EAE4-82CC26723E3B
-4.101427,32.192814,2,EA788550-E907-E4AC-EAE4-82CC26723E3B
18.888184,49.78319,2,EA788550-E907-E4AC-EAE4-82CC26723E3B
19.14944,49.684624,2,EA788550-E907-E4AC-EAE4-82CC26723E3B
-9.219631,22.442684,2,EA788550-E907-E4AC-EAE4-82CC26723E3B
-51.912056,-2.989302,2,EA788550-E907-E4AC-EAE4-82CC26723E3B
-42.188354,9.459808,2,EA788550-E907-E4AC-EAE4-82CC26723E3B
-38.155106,31.684752,2,EA788550-E907-E4AC-EAE4-82CC26723E3B
-39.770016,30.164852,2,EA788550-E907-E4AC-EAE4-82CC26723E3B
-39.742695,30.254025,2,EA788550-E907-E4AC-EAE4-82CC26723E3B
-16.240425,52.210636,2,EA788550-E907-E4AC-EAE4-82CC26723E3B
-20.586443,49.39027,2,EA788550-E907-E4AC-EAE4-82CC26723E3B
-24.839481,45.71369,2,EA788550-E907-E4AC-EAE4-82CC26723E3B
-28.310427,43.68615,2,EA788550-E907-E4AC-EAE4-82CC26723E3B
-46.221344,-7.1495466,2,EA788550-E907-E4AC-EAE4-82CC26723E3B
-46.5909,6.794246,2,EA788550-E907-E4AC-EAE4-82CC26723E3B
-23.697441,47.073307,2,EA788550-E907-E4AC-EAE4-82CC26723E3B
-23.617838,47.170494,2,EA788550-E907-E4AC-EAE4-82CC26723E3B
-23.718275,47.028545,2,EA788550-E907-E4AC-EAE4-82CC26723E3B
-20.933985,49.34908,2,EA788550-E907-E4AC-EAE4-82CC26723E3B
-34.0343,12.199365,2,EA788550-E907-E4AC-EAE4-82CC26723E3B
-43.52056,8.858825,2,EA788550-E907-E4AC-EAE4-82CC26723E3B
15.730107,-4.617661,1,EC6E2525-212C-1C3A-0B73-74D1B45748E1
31.161102,13.539808,1,EC6E2525-212C-1C3A-0B73-74D1B45748E1
31.770191,19.24408,1,EC6E2525-212C-1C3A-0B73-74D1B45748E1
31.6525,19.19344,2,EC6E2525-212C-1C3A-0B73-74D1B45748E1
34.49427,17.25101,2,EC6E2525-212C-1C3A-0B73-74D1B45748E1
37.626022,19.105135,2,EC6E2525-212C-1C3A-0B73-74D1B45748E1
50.27707,-27.175928,2,EC6E2525-212C-1C3A-0B73-74D1B45748E1
50.24705,-26.65979,2,EC6E2525-212C-1C3A-0B73-74D1B45748E1
51.301064,-26.443642,2,EC6E2525-212C-1C3A-0B73-74D1B45748E1
30.926239,-38.2963,2,EC6E2525-212C-1C3A-0B73-74D1B45748E1
51.306915,-26.196283,2,EC6E2525-212C-1C3A-0B73-74D1B45748E1
50.98447,-21.36856,1,EC6E2525-212C-1C3A-0B73-74D1B45748E1
49.948025,-25.952486,1,EC6E2525-212C-1C3A-0B73-74D1B45748E1
48.45909,-25.23978,2,EC6E2525-212C-1C3A-0B73-74D1B45748E1
48.392235,-22.886663,2,EC6E2525-212C-1C3A-0B73-74D1B45748E1
44.45096,-20.510176,2,EC6E2525-212C-1C3A-0B73-74D1B45748E1
30.605219,-31.82966,2,EC6E2525-212C-1C3A-0B73-74D1B45748E1
29.573853,-34.746414,2,EC6E2525-212C-1C3A-0B73-74D1B45748E1
-2.681763,-8.746517,1,EC6E2525-212C-1C3A-0B73-74D1B45748E1
-2.669879,-8.800103,1,EC6E2525-212C-1C3A-0B73-74D1B45748E1
-2.7615633,-8.992789,1,EC6E2525-212C-1C3A-0B73-74D1B45748E1
-2.8348765,-9.117236,1,EC6E2525-212C-1C3A-0B73-74D1B45748E1
37.39167,19.511574,1,EC6E2525-212C-1C3A-0B73-74D1B45748E1
13.603843,21.545633,1,EC6E2525-212C-1C3A-0B73-74D1B45748E1
7.0840282,-6.12207,0,EC6E2525-212C-1C3A-0B73-74D1B45748E1
4.329422,-7.3001823,0,EC6E2525-212C-1C3A-0B73-74D1B45748E1
4.1887136,-7.2508492,0,EC6E2525-212C-1C3A-0B73-74D1B45748E1
18.379854,-2.5074391,1,EC6E2525-212C-1C3A-0B73-74D1B45748E1
19.453161,-40.304558,1,EC6E2525-212C-1C3A-0B73-74D1B45748E1
21.872559,-40.579792,2,EC6E2525-212C-1C3A-0B73-74D1B45748E1
40.439095,5.8959665,2,EE62AFCD-B47D-E676-0257-21F92CB612D8
40.059776,6.0585146,2,EE62AFCD-B47D-E676-0257-21F92CB612D8
12.125686,2.9670157,0,EE62AFCD-B47D-E676-0257-21F92CB612D8
12.053632,2.7474597,0,EE62AFCD-B47D-E676-0257-21F92CB612D8
40.933167,3.576171,0,EE62AFCD-B47D-E676-0257-21F92CB612D8
30.664297,-35.5487,2,EE62AFCD-B47D-E676-0257-21F92CB612D8
13.320249,-9.845685,2,EE62AFCD-B47D-E676-0257-21F92CB612D8
5.5757976,-10.708305,2,EE62AFCD-B47D-E676-0257-21F92CB612D8
5.3764105,-10.452493,2,EE62AFCD-B47D-E676-0257-21F92CB612D8
17.157047,0.9288161,2,EE62AFCD-B47D-E676-0257-21F92CB612D8
34.305332,2.1216323,2,EE62AFCD-B47D-E676-0257-21F92CB612D8
33.42339,7.2628527,2,EE62AFCD-B47D-E676-0257-21F92CB612D8
-18.567253,-47.49904,2,EE62AFCD-B47D-E676-0257-21F92CB612D8
-18.65787,-47.24586,2,EE62AFCD-B47D-E676-0257-21F92CB612D8
-21.138628,-45.834106,0,EE62AFCD-B47D-E676-0257-21F92CB612D8
37.501125,19.899687,0,EE62AFCD-B47D-E676-0257-21F92CB612D8
-25.45882,-19.73594,2,EE62AFCD-B47D-E676-0257-21F92CB612D8
-25.66966,-19.599619,2,EE62AFCD-B47D-E676-0257-21F92CB612D8
-35.311024,11.336743,2,EE62AFCD-B47D-E676-0257-21F92CB612D8
-4.860963,-23.237581,2,EE62AFCD-B47D-E676-0257-21F92CB612D8
-4.840548,-23.254467,2,EE62AFCD-B47D-E676-0257-21F92CB612D8
2.467374,-19.105412,2,EE62AFCD-B47D-E676-0257-21F92CB612D8
25.325539,-24.441586,2,EE62AFCD-B47D-E676-0257-21F92CB612D8
24.957716,-21.941021,2,EE62AFCD-B47D-E676-0257-21F92CB612D8
37.683346,11.126548,1,F1430977-52AF-4F46-BF92-0A8D736CBD2B
33.88654,22.083189,1,F1430977-52AF-4F46-BF92-0A8D736CBD2B
8.219272,18.292618,1,F1430977-52AF-4F46-BF92-0A8D736CBD2B
23.167393,-29.373396,1,F1430977-52AF-4F46-BF92-0A8D736CBD2B
22.941555,-30.180815,1,F1430977-52AF-4F46-BF92-0A8D736CBD2B
23.052237,-29.368433,1,F1430977-52AF-4F46-BF92-0A8D736CBD2B
-24.814499,46.6738,0,F1430977-52AF-4F46-BF92-0A8D736CBD2B
-24.566704,46.839794,2,F1430977-52AF-4F46-BF92-0A8D736CBD2B
-28.086887,-28.40573,2,F1430977-52AF-4F46-BF92-0A8D736CBD2B
-28.491978,-31.229166,2,F1430977-52AF-4F46-BF92-0A8D736CBD2B
-30.624422,42.21928,2,F1430977-52AF-4F46-BF92-0A8D736CBD2B
-26.723202,45.01307,2,F1430977-52AF-4F46-BF92-0A8D736CBD2B
-39.65605,-7.3653593,2,F1430977-52AF-4F46-BF92-0A8D736CBD2B
-39.190342,-7.3113346,2,F1430977-52AF-4F46-BF92-0A8D736CBD2B
-17.282513,-50.406334,2,F1430977-52AF-4F46-BF92-0A8D736CBD2B
-17.471798,-50.523376,2,F1430977-52AF-4F46-BF92-0A8D736CBD2B
-38.779716,-7.459435,0,F1430977-52AF-4F46-BF92-0A8D736CBD2B
-39.607193,-7.116541,0,F1430977-52AF-4F46-BF92-0A8D736CBD2B
-9.776472,52.93957,2,F752B62E-E95F-A65D-4CB2-8B0252E15F08
-10.499073,53.34892,2,F752B62E-E95F-A65D-4CB2-8B0252E15F08
-9.507245,52.821796,2,F752B62E-E95F-A65D-4CB2-8B0252E15F08
-17.766815,13.836236,2,F752B62E-E95F-A65D-4CB2-8B0252E15F08
-17.595854,13.923813,2,F752B62E-E95F-A65D-4CB2-8B0252E15F08
-17.932932,13.814898,0,F752B62E-E95F-A65D-4CB2-8B0252E15F08
-0.9117622,-12.773461,0,F752B62E-E95F-A65D-4CB2-8B0252E15F08
1.4791875,-7.7562504,0,F752B62E-E95F-A65D-4CB2-8B0252E15F08
43.78767,-25.364592,0,F752B62E-E95F-A65D-4CB2-8B0252E15F08
41.264343,-30.015772,0,F752B62E-E95F-A65D-4CB2-8B0252E15F08
45.62711,-25.463053,0,F752B62E-E95F-A65D-4CB2-8B0252E15F08
43.373405,-25.635544,0,F752B62E-E95F-A65D-4CB2-8B0252E15F08
-38.747257,-7.1112566,2,F752B62E-E95F-A65D-4CB2-8B0252E15F08
34.596226,-18.77118,2,F752B62E-E95F-A65D-4CB2-8B0252E15F08
-48.156895,5.8557954,2,F752B62E-E95F-A65D-4CB2-8B0252E15F08
-44.799217,7.860243,0,F752B62E-E95F-A65D-4CB2-8B0252E15F08
-45.04688,7.8401637,0,F752B62E-E95F-A65D-4CB2-8B0252E15F08
-40.015438,-7.9745626,0,F752B62E-E95F-A65D-4CB2-8B0252E15F08
-43.16794,8.935993,2,F752B62E-E95F-A65D-4CB2-8B0252E15F08
-45.34333,7.6472588,2,F752B62E-E95F-A65D-4CB2-8B0252E15F08
-15.513281,52.514404,2,F752B62E-E95F-A65D-4CB2-8B0252E15F08
-20.999207,49.852818,2,F752B62E-E95F-A65D-4CB2-8B0252E15F08
-21.012411,49.845905,0,F752B62E-E95F-A65D-4CB2-8B0252E15F08
-21.016207,49.799065,2,F752B62E-E95F-A65D-4CB2-8B0252E15F08
-26.690157,-19.862162,0,F752B62E-E95F-A65D-4CB2-8B0252E15F08
-26.456608,-19.356976,0,F752B62E-E95F-A65D-4CB2-8B0252E15F08
-25.984137,-19.493855,0,F752B62E-E95F-A65D-4CB2-8B0252E15F08
-26.066349,-19.462955,0,F752B62E-E95F-A65D-4CB2-8B0252E15F08
-40.405933,31.323353,0,F752B62E-E95F-A65D-4CB2-8B0252E15F08
33.670647,41.07544,0,F752B62E-E95F-A65D-4CB2-8B0252E15F08
-2.7292082,-34.524174,2,FC50071B-D2BA-C98B-AC6E-7339010D56DA
22.548332,-29.627186,2,FC50071B-D2BA-C98B-AC6E-7339010D56DA
16.149145,-31.581728,2,FC50071B-D2BA-C98B-AC6E-7339010D56DA
41.30755,-31.30408,1,FC50071B-D2BA-C98B-AC6E-7339010D56DA
38.36018,-31.637005,1,FC50071B-D2BA-C98B-AC6E-7339010D56DA
24.167265,-25.901226,1,FC50071B-D2BA-C98B-AC6E-7339010D56DA
-9.526414,21.510548,2,FC50071B-D2BA-C98B-AC6E-7339010D56DA
-9.062205,22.1705,2,FC50071B-D2BA-C98B-AC6E-7339010D56DA
-11.756447,17.5893,2,FC50071B-D2BA-C98B-AC6E-7339010D56DA
-12.1940775,17.447786,2,FC50071B-D2BA-C98B-AC6E-7339010D56DA
-50.526493,-5.12852,2,FC50071B-D2BA-C98B-AC6E-7339010D56DA
-50.381794,-5.381169,2,FC50071B-D2BA-C98B-AC6E-7339010D56DA
-52.061928,-3.9300263,2,FC50071B-D2BA-C98B-AC6E-7339010D56DA
-40.056507,9.492701,2,FC50071B-D2BA-C98B-AC6E-7339010D56DA
-1.5388991,35.852726,2,FC50071B-D2BA-C98B-AC6E-7339010D56DA
-1.5380082,36.09153,2,FC50071B-D2BA-C98B-AC6E-7339010D56DA
-1.4667977,36.705513,2,FC50071B-D2BA-C98B-AC6E-7339010D56DA
-1.4464732,36.808487,2,FC50071B-D2BA-C98B-AC6E-7339010D56DA
-2.0510428,-27.730463,2,FC66D29E-8CD8-AE29-A071-33549272C1EE
-2.1579854,-27.515287,2,FC66D29E-8CD8-AE29-A071-33549272C1EE
-2.2350562,-27.993647,2,FC66D29E-8CD8-AE29-A071-33549272C1EE
-4.5891533,-24.481487,2,FC66D29E-8CD8-AE29-A071-33549272C1EE
25.338316,-21.170305,0,FC66D29E-8CD8-AE29-A071-33549272C1EE
25.801506,-22.369453,0,FC66D29E-8CD8-AE29-A071-33549272C1EE
-1.4189576,38.33157,1,FC66D29E-8CD8-AE29-A071-33549272C1EE
-1.4231734,38.768044,1,FC66D29E-8CD8-AE29-A071-33549272C1EE
-3.5135217,32.19569,1,FC66D29E-8CD8-AE29-A071-33549272C1EE
-3.5011241,32.404984,1,FC66D29E-8CD8-AE29-A071-33549272C1EE
-1.5912403,38.10412,0,FC66D29E-8CD8-AE29-A071-33549272C1EE
-5.2802005,50.216885,0,FC66D29E-8CD8-AE29-A071-33549272C1EE
-40.825596,9.614721,2,FC66D29E-8CD8-AE29-A071-33549272C1EE
-7.972302,24.07575,2,FC66D29E-8CD8-AE29-A071-33549272C1EE
-9.187779,22.19003,0,FC66D29E-8CD8-AE29-A071-33549272C1EE
-6.420998,26.786676,0,FC66D29E-8CD8-AE29-A071-33549272C1EE
-6.4713326,26.711685,0,FC66D29E-8CD8-AE29-A071-33549272C1EE
-6.6442866,26.295918,2,FC66D29E-8CD8-AE29-A071-33549272C1EE
-32.337616,10.782618,2,FC66D29E-8CD8-AE29-A071-33549272C1EE
-45.8924,6.2029448,2,FC66D29E-8CD8-AE29-A071-33549272C1EE
-26.970419,-28.180021,2,FC66D29E-8CD8-AE29-A071-33549272C1EE
-27.330912,-28.990791,0,FC66D29E-8CD8-AE29-A071-33549272C1EE
-27.279505,-28.94796,0,FC66D29E-8CD8-AE29-A071-33549272C1EE
-27.268461,-28.955221,0,FC66D29E-8CD8-AE29-A071-33549272C1EE
24.527643,1.2397833,0,FFAB0F54-EFF2-FA1A-1892-F9D8ED3C9B31
26.02662,-19.976719,0,FFAB0F54-EFF2-FA1A-1892-F9D8ED3C9B31
25.583204,-19.599924,2,FFAB0F54-EFF2-FA1A-1892-F9D8ED3C9B31
26.465448,-19.594711,2,FFAB0F54-EFF2-FA1A-1892-F9D8ED3C9B31
26.789528,-18.885048,2,FFAB0F54-EFF2-FA1A-1892-F9D8ED3C9B31
41.358875,-22.703342,2,FFAB0F54-EFF2-FA1A-1892-F9D8ED3C9B31
-2.991372,48.162464,2,FFAB0F54-EFF2-FA1A-1892-F9D8ED3C9B31
-3.3198478,39.101444,2,FFAB0F54-EFF2-FA1A-1892-F9D8ED3C9B31
-3.3345764,39.20376,2,FFAB0F54-EFF2-FA1A-1892-F9D8ED3C9B31
-3.3348675,39.092358,2,FFAB0F54-EFF2-FA1A-1892-F9D8ED3C9B31
-2.1076703,41.69507,2,FFAB0F54-EFF2-FA1A-1892-F9D8ED3C9B31
12.904997,52.689167,2,FFAB0F54-EFF2-FA1A-1892-F9D8ED3C9B31
12.32024,52.918457,2,FFAB0F54-EFF2-FA1A-1892-F9D8ED3C9B31
13.235545,52.67576,2,FFAB0F54-EFF2-FA1A-1892-F9D8ED3C9B31
13.088333,52.71314,2,FFAB0F54-EFF2-FA1A-1892-F9D8ED3C9B31
13.049134,52.73613,2,FFAB0F54-EFF2-FA1A-1892-F9D8ED3C9B31
-26.750881,-18.456312,2,FFAB0F54-EFF2-FA1A-1892-F9D8ED3C9B31
-8.230573,-37.578922,2,FFAB0F54-EFF2-FA1A-1892-F9D8ED3C9B31
