tsne_x,tsne_y,label_mood,player_id
0.6928682,3.2776532,2,018B0D8D-B5EC-09D6-90ED-550058EBFEAF
-68.73342,-1.0442848,2,018B0D8D-B5EC-09D6-90ED-550058EBFEAF
-62.974087,-10.846136,2,018B0D8D-B5EC-09D6-90ED-550058EBFEAF
-63.28058,-11.33102,2,018B0D8D-B5EC-09D6-90ED-550058EBFEAF
-63.35524,-11.216528,2,018B0D8D-B5EC-09D6-90ED-550058EBFEAF
-64.08014,-10.609726,2,018B0D8D-B5EC-09D6-90ED-550058EBFEAF
-3.607096,-17.145723,0,06F9F8CE-9696-23CA-25B5-000AA4A793BA
-3.1515627,-16.980011,0,06F9F8CE-9696-23CA-25B5-000AA4A793BA
-2.579751,-16.720692,0,06F9F8CE-9696-23CA-25B5-000AA4A793BA
0.13664111,42.09101,2,06F9F8CE-9696-23CA-25B5-000AA4A793BA
0.26976568,42.299583,2,06F9F8CE-9696-23CA-25B5-000AA4A793BA
0.72692156,43.00885,0,06F9F8CE-9696-23CA-25B5-000AA4A793BA
-3.1980994,-13.348961,2,06F9F8CE-9696-23CA-25B5-000AA4A793BA
-26.9844,-52.490303,2,06F9F8CE-9696-23CA-25B5-000AA4A793BA
-26.985287,-52.476856,2,06F9F8CE-9696-23CA-25B5-000AA4A793BA
0.70057565,-11.929695,0,06F9F8CE-9696-23CA-25B5-000AA4A793BA
16.30684,52.301514,0,06F9F8CE-9696-23CA-25B5-000AA4A793BA
17.277357,51.945477,0,06F9F8CE-9696-23CA-25B5-000AA4A793BA
-39.38548,26.760527,1,06F9F8CE-9696-23CA-25B5-000AA4A793BA
-39.59339,26.732428,2,06F9F8CE-9696-23CA-25B5-000AA4A793BA
-51.16074,8.274608,2,06F9F8CE-9696-23CA-25B5-000AA4A793BA
-51.153854,8.088197,2,06F9F8CE-9696-23CA-25B5-000AA4A793BA
-37.577484,33.411472,0,06F9F8CE-9696-23CA-25B5-000AA4A793BA
-37.5299,33.580868,0,06F9F8CE-9696-23CA-25B5-000AA4A793BA
12.518482,35.279896,1,06F9F8CE-9696-23CA-25B5-000AA4A793BA
11.717358,33.815517,0,06F9F8CE-9696-23CA-25B5-000AA4A793BA
12.420861,34.22786,0,06F9F8CE-9696-23CA-25B5-000AA4A793BA
12.449529,34.336407,0,06F9F8CE-9696-23CA-25B5-000AA4A793BA
12.854194,33.017715,0,06F9F8CE-9696-23CA-25B5-000AA4A793BA
13.537028,32.381035,0,06F9F8CE-9696-23CA-25B5-000AA4A793BA
-41.872444,-4.35046,2,06F9F8CE-9696-23CA-25B5-000AA4A793BA
-14.680864,-32.221,2,06F9F8CE-9696-23CA-25B5-000AA4A793BA
14.9940815,7.7786074,2,06F9F8CE-9696-23CA-25B5-000AA4A793BA
14.975317,7.7991347,2,06F9F8CE-9696-23CA-25B5-000AA4A793BA
39.585075,30.0555,2,06F9F8CE-9696-23CA-25B5-000AA4A793BA
39.659687,29.9768,0,06F9F8CE-9696-23CA-25B5-000AA4A793BA
-54.22667,-6.1033783,2,09FCECC4-F94E-ED69-5E9B-3223B590A149
-55.16082,-5.7292986,2,09FCECC4-F94E-ED69-5E9B-3223B590A149
-55.91897,-5.081675,1,09FCECC4-F94E-ED69-5E9B-3223B590A149
-55.90167,-4.666052,1,09FCECC4-F94E-ED69-5E9B-3223B590A149
-55.413544,-3.5246933,1,09FCECC4-F94E-ED69-5E9B-3223B590A149
-55.71717,-2.920724,1,09FCECC4-F94E-ED69-5E9B-3223B590A149
28.301212,20.358637,0,09FCECC4-F94E-ED69-5E9B-3223B590A149
28.057735,20.077526,1,09FCECC4-F94E-ED69-5E9B-3223B590A149
27.152737,19.940187,1,09FCECC4-F94E-ED69-5E9B-3223B590A149
27.044079,19.794552,1,09FCECC4-F94E-ED69-5E9B-3223B590A149
47.49633,-18.554192,1,09FCECC4-F94E-ED69-5E9B-3223B590A149
43.373234,-26.146824,1,09FCECC4-F94E-ED69-5E9B-3223B590A149
18.410925,51.65689,0,09FCECC4-F94E-ED69-5E9B-3223B590A149
15.952062,52.374535,1,09FCECC4-F94E-ED69-5E9B-3223B590A149
18.105883,50.32641,1,09FCECC4-F94E-ED69-5E9B-3223B590A149
18.008497,50.25218,1,09FCECC4-F94E-ED69-5E9B-3223B590A149
46.991608,7.2001615,1,09FCECC4-F94E-ED69-5E9B-3223B590A149
46.936516,7.230035,1,09FCECC4-F94E-ED69-5E9B-3223B590A149
42.47193,10.692369,0,0A221ADF-C99E-307E-7B65-92EF9DABA6C4
42.29655,10.687719,0,0A221ADF-C99E-307E-7B65-92EF9DABA6C4
7.208899,17.073627,2,0A221ADF-C99E-307E-7B65-92EF9DABA6C4
-3.2881227,13.732761,2,0A221ADF-C99E-307E-7B65-92EF9DABA6C4
-40.543552,21.081337,2,0A221ADF-C99E-307E-7B65-92EF9DABA6C4
-40.848785,21.20315,2,0A221ADF-C99E-307E-7B65-92EF9DABA6C4
51.978893,32.9713,0,0A221ADF-C99E-307E-7B65-92EF9DABA6C4
52.87475,32.364735,0,0A221ADF-C99E-307E-7B65-92EF9DABA6C4
53.80587,31.834578,2,0A221ADF-C99E-307E-7B65-92EF9DABA6C4
55.903305,-14.763376,2,0A221ADF-C99E-307E-7B65-92EF9DABA6C4
56.847805,-15.005882,2,0A221ADF-C99E-307E-7B65-92EF9DABA6C4
56.817566,-14.880374,2,0A221ADF-C99E-307E-7B65-92EF9DABA6C4
-31.017662,-51.404835,2,0A221ADF-C99E-307E-7B65-92EF9DABA6C4
-31.10371,-51.446148,2,0A221ADF-C99E-307E-7B65-92EF9DABA6C4
-32.870068,-51.191948,2,0A221ADF-C99E-307E-7B65-92EF9DABA6C4
-33.49749,-51.43723,2,0A221ADF-C99E-307E-7B65-92EF9DABA6C4
-33.78886,-51.53596,2,0A221ADF-C99E-307E-7B65-92EF9DABA6C4
-34.640984,-51.460835,0,0A221ADF-C99E-307E-7B65-92EF9DABA6C4
54.103477,-31.25555,0,0A221ADF-C99E-307E-7B65-92EF9DABA6C4
58.63627,-17.13015,0,0A221ADF-C99E-307E-7B65-92EF9DABA6C4
58.41479,-16.19215,0,0A221ADF-C99E-307E-7B65-92EF9DABA6C4
11.434216,-56.511066,1,0A76B59A-F1FF-F3F5-A3CA-2386FA8EF308
11.620017,-56.572124,2,0A76B59A-F1FF-F3F5-A3CA-2386FA8EF308
-9.959502,-57.41673,2,0A76B59A-F1FF-F3F5-A3CA-2386FA8EF308
-10.416097,-57.450607,2,0A76B59A-F1FF-F3F5-A3CA-2386FA8EF308
-10.657784,-57.373405,2,0A76B59A-F1FF-F3F5-A3CA-2386FA8EF308
-10.900537,-56.46048,2,0A76B59A-F1FF-F3F5-A3CA-2386FA8EF308
-11.007876,-56.254105,2,0A76B59A-F1FF-F3F5-A3CA-2386FA8EF308
-13.149403,-53.04377,2,0A76B59A-F1FF-F3F5-A3CA-2386FA8EF308
-13.493868,-52.377,2,0A76B59A-F1FF-F3F5-A3CA-2386FA8EF308
-13.707068,-52.28369,2,0A76B59A-F1FF-F3F5-A3CA-2386FA8EF308
-19.293816,-49.588497,2,0A76B59A-F1FF-F3F5-A3CA-2386FA8EF308
-19.203037,-49.60218,2,0A76B59A-F1FF-F3F5-A3CA-2386FA8EF308
-1.7231482,-19.340681,2,0A76B59A-F1FF-F3F5-A3CA-2386FA8EF308
29.80008,17.144537,2,0A76B59A-F1FF-F3F5-A3CA-2386FA8EF308
29.738117,16.99982,2,0A76B59A-F1FF-F3F5-A3CA-2386FA8EF308
30.307144,18.895079,2,0A76B59A-F1FF-F3F5-A3CA-2386FA8EF308
30.551119,19.327639,0,0A76B59A-F1FF-F3F5-A3CA-2386FA8EF308
26.400686,38.789085,0,0A76B59A-F1FF-F3F5-A3CA-2386FA8EF308
-21.723648,-11.8765,2,0A76B59A-F1FF-F3F5-A3CA-2386FA8EF308
-21.692314,-11.816796,2,0A76B59A-F1FF-F3F5-A3CA-2386FA8EF308
16.33469,-1.9222633,2,0A76B59A-F1FF-F3F5-A3CA-2386FA8EF308
16.179924,-1.8624512,2,0A76B59A-F1FF-F3F5-A3CA-2386FA8EF308
33.770355,8.133592,2,0A76B59A-F1FF-F3F5-A3CA-2386FA8EF308
33.74939,8.0428915,2,0A76B59A-F1FF-F3F5-A3CA-2386FA8EF308
53.910988,39.595043,0,0A76B59A-F1FF-F3F5-A3CA-2386FA8EF308
53.87152,39.606728,0,0A76B59A-F1FF-F3F5-A3CA-2386FA8EF308
41.09818,47.830273,1,0A76B59A-F1FF-F3F5-A3CA-2386FA8EF308
41.100693,47.80792,1,0A76B59A-F1FF-F3F5-A3CA-2386FA8EF308
55.93767,41.557453,1,0A76B59A-F1FF-F3F5-A3CA-2386FA8EF308
55.717735,41.608425,1,0A76B59A-F1FF-F3F5-A3CA-2386FA8EF308
55.543415,41.645645,0,0A76B59A-F1FF-F3F5-A3CA-2386FA8EF308
58.219143,12.342984,0,0A76B59A-F1FF-F3F5-A3CA-2386FA8EF308
58.192936,12.345602,0,0A76B59A-F1FF-F3F5-A3CA-2386FA8EF308
-6.95336,-24.719824,0,0AD33010-1AC1-E9FB-2FD4-313E3DF4692D
10.640633,11.770219,2,0AD33010-1AC1-E9FB-2FD4-313E3DF4692D
10.797051,11.842099,2,0AD33010-1AC1-E9FB-2FD4-313E3DF4692D
39.9337,7.513492,2,0AD33010-1AC1-E9FB-2FD4-313E3DF4692D
50.683403,7.366489,2,0AD33010-1AC1-E9FB-2FD4-313E3DF4692D
61.04427,-11.132272,2,0AD33010-1AC1-E9FB-2FD4-313E3DF4692D
19.878288,42.784412,1,0AD33010-1AC1-E9FB-2FD4-313E3DF4692D
18.563322,41.539616,1,0AD33010-1AC1-E9FB-2FD4-313E3DF4692D
18.453274,41.415264,1,0AD33010-1AC1-E9FB-2FD4-313E3DF4692D
29.224699,-41.15462,1,0AD33010-1AC1-E9FB-2FD4-313E3DF4692D
29.180323,-41.15477,1,0AD33010-1AC1-E9FB-2FD4-313E3DF4692D
30.2793,-41.00737,1,0AD33010-1AC1-E9FB-2FD4-313E3DF4692D
38.447887,-13.909421,2,0AD33010-1AC1-E9FB-2FD4-313E3DF4692D
-13.605652,25.351612,2,0AD33010-1AC1-E9FB-2FD4-313E3DF4692D
-3.3641467,27.453888,2,0AD33010-1AC1-E9FB-2FD4-313E3DF4692D
-3.3829076,27.514502,0,0AD33010-1AC1-E9FB-2FD4-313E3DF4692D
-3.1108315,27.798086,0,0AD33010-1AC1-E9FB-2FD4-313E3DF4692D
26.043575,47.01697,0,0AD33010-1AC1-E9FB-2FD4-313E3DF4692D
-52.508774,-30.875643,0,0AD33010-1AC1-E9FB-2FD4-313E3DF4692D
19.725618,14.310511,0,0AD33010-1AC1-E9FB-2FD4-313E3DF4692D
54.741993,28.837303,0,0AD33010-1AC1-E9FB-2FD4-313E3DF4692D
33.010517,-4.6099806,0,0AD33010-1AC1-E9FB-2FD4-313E3DF4692D
32.212395,-5.5791316,0,0AD33010-1AC1-E9FB-2FD4-313E3DF4692D
32.02886,-5.795942,1,0AD33010-1AC1-E9FB-2FD4-313E3DF4692D
-64.46924,0.71804345,2,0B5863F1-A482-C95D-EA42-9183B5BDFA12
-64.54149,0.94415575,2,0B5863F1-A482-C95D-EA42-9183B5BDFA12
-62.40974,2.9386473,2,0B5863F1-A482-C95D-EA42-9183B5BDFA12
-62.34311,3.1990016,2,0B5863F1-A482-C95D-EA42-9183B5BDFA12
-21.738367,52.34038,2,0B5863F1-A482-C95D-EA42-9183B5BDFA12
-21.707281,52.333424,0,0B5863F1-A482-C95D-EA42-9183B5BDFA12
-20.770987,-47.71504,2,0D759376-3F10-1BEB-7205-E91B8BF17984
-20.858978,-47.56663,2,0D759376-3F10-1BEB-7205-E91B8BF17984
-21.047014,-47.24664,2,0D759376-3F10-1BEB-7205-E91B8BF17984
5.649659,-44.06911,2,0D759376-3F10-1BEB-7205-E91B8BF17984
41.290333,-8.40402,2,0D759376-3F10-1BEB-7205-E91B8BF17984
41.93254,-7.810828,2,0D759376-3F10-1BEB-7205-E91B8BF17984
-40.637424,43.76742,0,0D759376-3F10-1BEB-7205-E91B8BF17984
-54.62359,29.97764,0,0D759376-3F10-1BEB-7205-E91B8BF17984
-28.300018,-0.35432506,2,0D759376-3F10-1BEB-7205-E91B8BF17984
-28.260735,-0.40790883,2,0D759376-3F10-1BEB-7205-E91B8BF17984
-27.320095,-0.6875642,2,0D759376-3F10-1BEB-7205-E91B8BF17984
-26.782776,-0.9518848,2,0D759376-3F10-1BEB-7205-E91B8BF17984
7.31599,36.164467,1,0D759376-3F10-1BEB-7205-E91B8BF17984
8.029704,36.474133,1,0D759376-3F10-1BEB-7205-E91B8BF17984
8.391375,36.640953,2,0D759376-3F10-1BEB-7205-E91B8BF17984
-29.303236,25.18292,2,0D759376-3F10-1BEB-7205-E91B8BF17984
-33.029114,35.976395,2,0D759376-3F10-1BEB-7205-E91B8BF17984
-33.181644,35.851616,2,0D759376-3F10-1BEB-7205-E91B8BF17984
30.75543,44.615597,0,0D759376-3F10-1BEB-7205-E91B8BF17984
2.9009814,17.6705,0,0D759376-3F10-1BEB-7205-E91B8BF17984
13.356683,1.1638339,1,0D759376-3F10-1BEB-7205-E91B8BF17984
13.373763,1.0922942,1,0D759376-3F10-1BEB-7205-E91B8BF17984
9.394794,-24.493452,1,0D759376-3F10-1BEB-7205-E91B8BF17984
9.029703,-2.6638508,1,0D759376-3F10-1BEB-7205-E91B8BF17984
9.042781,-2.4006705,2,0D759376-3F10-1BEB-7205-E91B8BF17984
10.096642,-3.0083625,2,0D759376-3F10-1BEB-7205-E91B8BF17984
10.069577,-2.8766034,2,0D759376-3F10-1BEB-7205-E91B8BF17984
10.283691,-0.99718237,2,0D759376-3F10-1BEB-7205-E91B8BF17984
11.039156,-0.5568387,2,0D759376-3F10-1BEB-7205-E91B8BF17984
17.341438,-8.99127,2,0D759376-3F10-1BEB-7205-E91B8BF17984
-4.7388783,-37.033127,0,0D759376-3F10-1BEB-7205-E91B8BF17984
-6.37194,11.56786,0,0D759376-3F10-1BEB-7205-E91B8BF17984
-30.658964,35.515675,2,0D759376-3F10-1BEB-7205-E91B8BF17984
-67.1914,-20.244905,2,0D759376-3F10-1BEB-7205-E91B8BF17984
-67.371,-20.020947,2,0D759376-3F10-1BEB-7205-E91B8BF17984
-67.43432,-19.95302,2,0D759376-3F10-1BEB-7205-E91B8BF17984
-12.784931,-42.45551,1,0F3B2D98-51FE-5265-3746-A0763DE31C98
-12.383572,-41.522095,2,0F3B2D98-51FE-5265-3746-A0763DE31C98
-11.920247,-40.989223,2,0F3B2D98-51FE-5265-3746-A0763DE31C98
-50.709293,-1.2171967,2,0F3B2D98-51FE-5265-3746-A0763DE31C98
-6.288872,-5.6271057,2,0F3B2D98-51FE-5265-3746-A0763DE31C98
-3.5744836,51.71659,2,0F3B2D98-51FE-5265-3746-A0763DE31C98
-59.73091,20.237028,2,0F3B2D98-51FE-5265-3746-A0763DE31C98
-52.53403,34.41288,2,0F3B2D98-51FE-5265-3746-A0763DE31C98
45.87708,22.366554,0,0F3B2D98-51FE-5265-3746-A0763DE31C98
46.517124,22.152454,0,0F3B2D98-51FE-5265-3746-A0763DE31C98
46.913906,23.082096,0,0F3B2D98-51FE-5265-3746-A0763DE31C98
46.902966,22.638168,2,0F3B2D98-51FE-5265-3746-A0763DE31C98
-6.723063,8.157008,2,0F3B2D98-51FE-5265-3746-A0763DE31C98
-10.604678,-19.961386,0,0F3B2D98-51FE-5265-3746-A0763DE31C98
-10.480887,-19.991001,0,0F3B2D98-51FE-5265-3746-A0763DE31C98
28.023058,-36.829544,0,0F3B2D98-51FE-5265-3746-A0763DE31C98
33.10609,-43.89237,0,0F3B2D98-51FE-5265-3746-A0763DE31C98
33.250843,-43.767193,1,0F3B2D98-51FE-5265-3746-A0763DE31C98
29.566082,21.505177,1,10FFF83C-FD48-DCA7-E554-491C3C1E3EC6
28.940008,22.030174,1,10FFF83C-FD48-DCA7-E554-491C3C1E3EC6
28.589502,22.102308,1,10FFF83C-FD48-DCA7-E554-491C3C1E3EC6
27.93648,22.558098,1,10FFF83C-FD48-DCA7-E554-491C3C1E3EC6
43.182438,-35.124268,1,10FFF83C-FD48-DCA7-E554-491C3C1E3EC6
43.23944,-35.143612,1,10FFF83C-FD48-DCA7-E554-491C3C1E3EC6
12.890615,-18.31386,1,10FFF83C-FD48-DCA7-E554-491C3C1E3EC6
39.272556,-40.05069,1,10FFF83C-FD48-DCA7-E554-491C3C1E3EC6
39.960102,-40.206272,1,10FFF83C-FD48-DCA7-E554-491C3C1E3EC6
40.214767,-40.297775,1,10FFF83C-FD48-DCA7-E554-491C3C1E3EC6
20.52827,-12.221975,1,10FFF83C-FD48-DCA7-E554-491C3C1E3EC6
39.834846,-41.11154,1,10FFF83C-FD48-DCA7-E554-491C3C1E3EC6
49.484837,-27.054676,1,10FFF83C-FD48-DCA7-E554-491C3C1E3EC6
49.23976,-26.383894,1,10FFF83C-FD48-DCA7-E554-491C3C1E3EC6
49.227932,-26.277288,1,10FFF83C-FD48-DCA7-E554-491C3C1E3EC6
40.90498,-25.9353,1,10FFF83C-FD48-DCA7-E554-491C3C1E3EC6
-35.783962,-44.03036,1,10FFF83C-FD48-DCA7-E554-491C3C1E3EC6
32.37046,0.5248215,1,10FFF83C-FD48-DCA7-E554-491C3C1E3EC6
-41.793762,4.5427566,2,10FFF83C-FD48-DCA7-E554-491C3C1E3EC6
-43.842747,-12.2249,2,10FFF83C-FD48-DCA7-E554-491C3C1E3EC6
-44.20842,-12.669957,2,10FFF83C-FD48-DCA7-E554-491C3C1E3EC6
-44.34611,-12.82343,2,10FFF83C-FD48-DCA7-E554-491C3C1E3EC6
-48.287037,-33.998077,2,10FFF83C-FD48-DCA7-E554-491C3C1E3EC6
-47.106075,-34.75579,2,10FFF83C-FD48-DCA7-E554-491C3C1E3EC6
52.5323,24.493967,0,14027B3A-0AD6-CBA3-A600-42B3C0A4D933
1.4867342,-43.177227,0,14027B3A-0AD6-CBA3-A600-42B3C0A4D933
0.2686225,-45.801563,2,14027B3A-0AD6-CBA3-A600-42B3C0A4D933
1.1605132,-47.3465,2,14027B3A-0AD6-CBA3-A600-42B3C0A4D933
5.4652,-48.58804,2,14027B3A-0AD6-CBA3-A600-42B3C0A4D933
15.887933,23.90186,2,14027B3A-0AD6-CBA3-A600-42B3C0A4D933
-17.831861,-26.405437,2,14027B3A-0AD6-CBA3-A600-42B3C0A4D933
-17.215643,-26.45816,2,14027B3A-0AD6-CBA3-A600-42B3C0A4D933
-16.903883,-26.328247,2,14027B3A-0AD6-CBA3-A600-42B3C0A4D933
-16.676708,-25.962692,2,14027B3A-0AD6-CBA3-A600-42B3C0A4D933
46.971104,-26.006657,2,14027B3A-0AD6-CBA3-A600-42B3C0A4D933
40.097084,-13.171805,0,14027B3A-0AD6-CBA3-A600-42B3C0A4D933
-42.30221,19.701189,2,14027B3A-0AD6-CBA3-A600-42B3C0A4D933
-45.010605,23.42081,2,14027B3A-0AD6-CBA3-A600-42B3C0A4D933
-45.111645,23.349628,2,14027B3A-0AD6-CBA3-A600-42B3C0A4D933
-62.4957,5.445982,0,14027B3A-0AD6-CBA3-A600-42B3C0A4D933
-63.04173,5.835828,0,14027B3A-0AD6-CBA3-A600-42B3C0A4D933
-63.343887,5.939612,0,14027B3A-0AD6-CBA3-A600-42B3C0A4D933
0.665215,16.52048,2,165B40B2-D9B2-DBC0-AE48-02C0F49A609F
0.642578,16.50283,2,165B40B2-D9B2-DBC0-AE48-02C0F49A609F
13.829356,10.579471,2,165B40B2-D9B2-DBC0-AE48-02C0F49A609F
13.423654,10.390685,2,165B40B2-D9B2-DBC0-AE48-02C0F49A609F
14.346194,10.8541355,2,165B40B2-D9B2-DBC0-AE48-02C0F49A609F
62.146305,15.210747,2,165B40B2-D9B2-DBC0-AE48-02C0F49A609F
-36.3053,-37.125214,2,165B40B2-D9B2-DBC0-AE48-02C0F49A609F
20.913576,5.0414095,2,165B40B2-D9B2-DBC0-AE48-02C0F49A609F
21.474659,4.697333,2,165B40B2-D9B2-DBC0-AE48-02C0F49A609F
8.763401,-38.064518,2,165B40B2-D9B2-DBC0-AE48-02C0F49A609F
-4.140693,-40.55831,2,165B40B2-D9B2-DBC0-AE48-02C0F49A609F
-4.1909637,-40.625847,2,165B40B2-D9B2-DBC0-AE48-02C0F49A609F
25.944355,-38.871124,1,165B40B2-D9B2-DBC0-AE48-02C0F49A609F
26.025112,-39.019,2,165B40B2-D9B2-DBC0-AE48-02C0F49A609F
25.691532,-38.56252,2,165B40B2-D9B2-DBC0-AE48-02C0F49A609F
25.413063,-37.672768,2,165B40B2-D9B2-DBC0-AE48-02C0F49A609F
-23.754581,2.3674917,2,165B40B2-D9B2-DBC0-AE48-02C0F49A609F
-23.761778,2.4736013,2,165B40B2-D9B2-DBC0-AE48-02C0F49A609F
53.5118,-25.15716,1,165B40B2-D9B2-DBC0-AE48-02C0F49A609F
53.226097,-24.795881,1,165B40B2-D9B2-DBC0-AE48-02C0F49A609F
53.68892,-24.377487,1,165B40B2-D9B2-DBC0-AE48-02C0F49A609F
53.925713,-23.377335,1,165B40B2-D9B2-DBC0-AE48-02C0F49A609F
53.727703,-23.47662,1,165B40B2-D9B2-DBC0-AE48-02C0F49A609F
51.781322,-26.633589,1,165B40B2-D9B2-DBC0-AE48-02C0F49A609F
-35.981018,46.390556,2,172A62AD-9B69-33E2-1551-9526879D80AC
-35.981228,46.396084,1,172A62AD-9B69-33E2-1551-9526879D80AC
-3.046849,58.1636,0,172A62AD-9B69-33E2-1551-9526879D80AC
49.80666,45.666485,0,172A62AD-9B69-33E2-1551-9526879D80AC
-3.538655,58.689384,0,172A62AD-9B69-33E2-1551-9526879D80AC
-4.740771,58.59041,0,172A62AD-9B69-33E2-1551-9526879D80AC
-46.64581,-18.34482,2,172A62AD-9B69-33E2-1551-9526879D80AC
-30.291307,23.939348,2,172A62AD-9B69-33E2-1551-9526879D80AC
30.370827,39.18124,2,172A62AD-9B69-33E2-1551-9526879D80AC
30.286913,39.3422,2,172A62AD-9B69-33E2-1551-9526879D80AC
53.20245,41.92338,1,172A62AD-9B69-33E2-1551-9526879D80AC
41.159477,10.76921,1,172A62AD-9B69-33E2-1551-9526879D80AC
49.649475,-20.049261,1,172A62AD-9B69-33E2-1551-9526879D80AC
38.39636,-1.9712476,1,172A62AD-9B69-33E2-1551-9526879D80AC
38.106144,-0.8120836,0,172A62AD-9B69-33E2-1551-9526879D80AC
38.16698,-0.9534605,0,172A62AD-9B69-33E2-1551-9526879D80AC
49.000633,32.84674,0,172A62AD-9B69-33E2-1551-9526879D80AC
50.808647,32.38702,0,172A62AD-9B69-33E2-1551-9526879D80AC
-37.839203,-41.484127,2,172A62AD-9B69-33E2-1551-9526879D80AC
28.8373,-6.1123743,2,172A62AD-9B69-33E2-1551-9526879D80AC
-37.637627,-46.685192,2,172A62AD-9B69-33E2-1551-9526879D80AC
-37.395123,-47.27474,2,172A62AD-9B69-33E2-1551-9526879D80AC
-37.476376,-47.51849,2,172A62AD-9B69-33E2-1551-9526879D80AC
-34.056614,-50.120754,2,172A62AD-9B69-33E2-1551-9526879D80AC
-26.392584,31.099333,2,172A62AD-9B69-33E2-1551-9526879D80AC
-26.43014,31.30732,2,172A62AD-9B69-33E2-1551-9526879D80AC
-26.543839,31.879484,0,172A62AD-9B69-33E2-1551-9526879D80AC
23.39033,48.86116,0,172A62AD-9B69-33E2-1551-9526879D80AC
48.40085,41.031338,0,172A62AD-9B69-33E2-1551-9526879D80AC
48.44873,41.035408,0,172A62AD-9B69-33E2-1551-9526879D80AC
-13.9729595,-47.883102,1,1AE03BA6-E346-DEB8-4865-276ECC5CD9B1
-13.831751,-48.60478,1,1AE03BA6-E346-DEB8-4865-276ECC5CD9B1
-13.644652,-48.673946,1,1AE03BA6-E346-DEB8-4865-276ECC5CD9B1
34.807087,-35.383263,1,1AE03BA6-E346-DEB8-4865-276ECC5CD9B1
35.27421,-35.144524,1,1AE03BA6-E346-DEB8-4865-276ECC5CD9B1
36.217716,-34.86762,1,1AE03BA6-E346-DEB8-4865-276ECC5CD9B1
13.323016,-15.739953,1,1AE03BA6-E346-DEB8-4865-276ECC5CD9B1
14.218124,-16.540018,1,1AE03BA6-E346-DEB8-4865-276ECC5CD9B1
14.38972,-17.268295,1,1AE03BA6-E346-DEB8-4865-276ECC5CD9B1
14.520776,-17.195118,1,1AE03BA6-E346-DEB8-4865-276ECC5CD9B1
28.803484,-35.983116,1,1AE03BA6-E346-DEB8-4865-276ECC5CD9B1
28.77433,-35.81436,1,1AE03BA6-E346-DEB8-4865-276ECC5CD9B1
-32.963352,-17.477022,2,1AE03BA6-E346-DEB8-4865-276ECC5CD9B1
44.283466,16.725456,2,1AE03BA6-E346-DEB8-4865-276ECC5CD9B1
44.14719,17.453869,2,1AE03BA6-E346-DEB8-4865-276ECC5CD9B1
43.95721,18.371649,2,1AE03BA6-E346-DEB8-4865-276ECC5CD9B1
43.73992,19.27259,2,1AE03BA6-E346-DEB8-4865-276ECC5CD9B1
43.628235,19.638454,0,1AE03BA6-E346-DEB8-4865-276ECC5CD9B1
31.80981,-1.016616,0,1AE03BA6-E346-DEB8-4865-276ECC5CD9B1
-5.524767,-32.05463,2,1AE03BA6-E346-DEB8-4865-276ECC5CD9B1
-5.603118,-31.961428,2,1AE03BA6-E346-DEB8-4865-276ECC5CD9B1
-15.685941,29.654684,2,1AE03BA6-E346-DEB8-4865-276ECC5CD9B1
26.29942,48.681313,1,1AE03BA6-E346-DEB8-4865-276ECC5CD9B1
-16.354757,30.75967,0,1AE03BA6-E346-DEB8-4865-276ECC5CD9B1
-12.178538,26.630308,0,1AE03BA6-E346-DEB8-4865-276ECC5CD9B1
50.149128,32.323498,0,1AE03BA6-E346-DEB8-4865-276ECC5CD9B1
50.281666,33.2317,0,1AE03BA6-E346-DEB8-4865-276ECC5CD9B1
-66.16434,-6.6572857,2,1F6A56CA-9C73-442F-2682-BB69E4B03AB2
-61.504627,0.51948977,2,1F6A56CA-9C73-442F-2682-BB69E4B03AB2
-61.412163,0.69615525,2,1F6A56CA-9C73-442F-2682-BB69E4B03AB2
17.861986,-2.2392533,2,1F6A56CA-9C73-442F-2682-BB69E4B03AB2
18.053957,-2.6420183,0,1F6A56CA-9C73-442F-2682-BB69E4B03AB2
-31.33203,27.722015,0,1F6A56CA-9C73-442F-2682-BB69E4B03AB2
2.0887337,-18.124548,0,1F6A56CA-9C73-442F-2682-BB69E4B03AB2
1.9853259,-18.505287,2,1F6A56CA-9C73-442F-2682-BB69E4B03AB2
1.4737269,-20.61472,2,1F6A56CA-9C73-442F-2682-BB69E4B03AB2
0.8976953,-20.67507,2,1F6A56CA-9C73-442F-2682-BB69E4B03AB2
0.89574057,-20.672403,0,1F6A56CA-9C73-442F-2682-BB69E4B03AB2
30.739922,-36.044743,0,1F6A56CA-9C73-442F-2682-BB69E4B03AB2
-30.512432,-19.3409,2,1F6A56CA-9C73-442F-2682-BB69E4B03AB2
1.0768539,9.080539,2,1F6A56CA-9C73-442F-2682-BB69E4B03AB2
1.0469064,9.102953,2,1F6A56CA-9C73-442F-2682-BB69E4B03AB2
-42.1105,23.775888,2,1F6A56CA-9C73-442F-2682-BB69E4B03AB2
-42.106438,23.570442,2,1F6A56CA-9C73-442F-2682-BB69E4B03AB2
-42.179672,23.162184,2,1F6A56CA-9C73-442F-2682-BB69E4B03AB2
45.963383,-32.591507,2,1F6A56CA-9C73-442F-2682-BB69E4B03AB2
45.911167,-32.637863,2,1F6A56CA-9C73-442F-2682-BB69E4B03AB2
55.97467,-21.367134,2,1F6A56CA-9C73-442F-2682-BB69E4B03AB2
55.791637,-21.285763,2,1F6A56CA-9C73-442F-2682-BB69E4B03AB2
34.840096,-0.2449048,2,1F6A56CA-9C73-442F-2682-BB69E4B03AB2
34.62177,-0.19315185,2,1F6A56CA-9C73-442F-2682-BB69E4B03AB2
-39.96466,-42.963512,2,1F6A56CA-9C73-442F-2682-BB69E4B03AB2
-40.560154,-43.44599,2,1F6A56CA-9C73-442F-2682-BB69E4B03AB2
-40.73968,-43.4819,2,1F6A56CA-9C73-442F-2682-BB69E4B03AB2
-41.192043,-44.00257,2,1F6A56CA-9C73-442F-2682-BB69E4B03AB2
-40.916565,-44.258446,2,1F6A56CA-9C73-442F-2682-BB69E4B03AB2
25.442812,-34.381313,2,1F6A56CA-9C73-442F-2682-BB69E4B03AB2
-40.370235,39.767284,0,1FA97947-2FB7-D626-8CD3-2426BEEE97D1
-40.375175,39.452812,0,1FA97947-2FB7-D626-8CD3-2426BEEE97D1
-39.850296,39.021393,2,1FA97947-2FB7-D626-8CD3-2426BEEE97D1
-38.986526,38.4722,2,1FA97947-2FB7-D626-8CD3-2426BEEE97D1
-38.834213,38.26253,2,1FA97947-2FB7-D626-8CD3-2426BEEE97D1
-15.97392,41.30323,2,1FA97947-2FB7-D626-8CD3-2426BEEE97D1
11.074453,7.9250083,2,1FA97947-2FB7-D626-8CD3-2426BEEE97D1
11.0345545,7.993372,2,1FA97947-2FB7-D626-8CD3-2426BEEE97D1
26.521517,34.738297,2,1FA97947-2FB7-D626-8CD3-2426BEEE97D1
57.43201,27.37931,2,1FA97947-2FB7-D626-8CD3-2426BEEE97D1
57.341423,27.527308,2,1FA97947-2FB7-D626-8CD3-2426BEEE97D1
56.85435,27.866121,2,1FA97947-2FB7-D626-8CD3-2426BEEE97D1
39.943542,-10.920452,2,1FA97947-2FB7-D626-8CD3-2426BEEE97D1
39.65051,-11.159422,2,1FA97947-2FB7-D626-8CD3-2426BEEE97D1
39.507366,-11.464621,2,1FA97947-2FB7-D626-8CD3-2426BEEE97D1
38.596584,-11.268984,2,1FA97947-2FB7-D626-8CD3-2426BEEE97D1
38.11402,-11.080939,1,1FA97947-2FB7-D626-8CD3-2426BEEE97D1
39.236664,-12.634241,1,1FA97947-2FB7-D626-8CD3-2426BEEE97D1
-63.443363,-20.884508,2,243FE25F-E451-21F6-7EFA-F9DACC7D31CA
-63.39085,-20.897207,2,243FE25F-E451-21F6-7EFA-F9DACC7D31CA
5.4931703,-11.287109,2,243FE25F-E451-21F6-7EFA-F9DACC7D31CA
5.5641766,-11.324678,2,243FE25F-E451-21F6-7EFA-F9DACC7D31CA
-67.49808,2.5911155,2,243FE25F-E451-21F6-7EFA-F9DACC7D31CA
-64.97575,2.8612218,2,243FE25F-E451-21F6-7EFA-F9DACC7D31CA
12.362212,38.93431,0,243FE25F-E451-21F6-7EFA-F9DACC7D31CA
12.3239765,39.33868,2,243FE25F-E451-21F6-7EFA-F9DACC7D31CA
-31.971813,41.70199,2,243FE25F-E451-21F6-7EFA-F9DACC7D31CA
-31.930183,41.725784,2,243FE25F-E451-21F6-7EFA-F9DACC7D31CA
-2.6745014,48.657673,2,243FE25F-E451-21F6-7EFA-F9DACC7D31CA
-47.198383,12.825743,2,243FE25F-E451-21F6-7EFA-F9DACC7D31CA
11.432657,-25.942272,1,243FE25F-E451-21F6-7EFA-F9DACC7D31CA
8.245741,-22.125553,1,243FE25F-E451-21F6-7EFA-F9DACC7D31CA
17.938362,-22.945713,2,243FE25F-E451-21F6-7EFA-F9DACC7D31CA
60.017857,2.1485274,2,243FE25F-E451-21F6-7EFA-F9DACC7D31CA
60.31472,2.0706346,2,243FE25F-E451-21F6-7EFA-F9DACC7D31CA
60.44104,0.98719263,2,243FE25F-E451-21F6-7EFA-F9DACC7D31CA
-50.020756,11.81195,2,2656C6B4-988A-A958-5107-5422027AEE1D
-50.407364,11.463259,2,2656C6B4-988A-A958-5107-5422027AEE1D
-51.098637,11.020651,2,2656C6B4-988A-A958-5107-5422027AEE1D
-39.935528,29.31475,0,2656C6B4-988A-A958-5107-5422027AEE1D
20.01748,36.793724,0,2656C6B4-988A-A958-5107-5422027AEE1D
20.31102,37.42084,0,2656C6B4-988A-A958-5107-5422027AEE1D
35.24931,43.363426,0,2656C6B4-988A-A958-5107-5422027AEE1D
2.7611039,18.659622,0,2656C6B4-988A-A958-5107-5422027AEE1D
-8.754638,5.454305,2,2656C6B4-988A-A958-5107-5422027AEE1D
7.289812,12.709455,2,2656C6B4-988A-A958-5107-5422027AEE1D
7.60114,12.541273,2,2656C6B4-988A-A958-5107-5422027AEE1D
7.7280145,12.203956,2,2656C6B4-988A-A958-5107-5422027AEE1D
47.92079,25.9672,2,2656C6B4-988A-A958-5107-5422027AEE1D
43.257824,0.31447312,2,2656C6B4-988A-A958-5107-5422027AEE1D
44.531956,-0.25511333,2,2656C6B4-988A-A958-5107-5422027AEE1D
44.386703,0.5644726,2,2656C6B4-988A-A958-5107-5422027AEE1D
44.73933,1.3027407,2,2656C6B4-988A-A958-5107-5422027AEE1D
44.82337,1.5129179,2,2656C6B4-988A-A958-5107-5422027AEE1D
-14.4642,-17.391464,2,2656C6B4-988A-A958-5107-5422027AEE1D
20.575914,1.7973758,2,2656C6B4-988A-A958-5107-5422027AEE1D
33.103428,31.776953,2,2656C6B4-988A-A958-5107-5422027AEE1D
33.069004,31.669348,2,2656C6B4-988A-A958-5107-5422027AEE1D
33.955673,32.66034,2,2656C6B4-988A-A958-5107-5422027AEE1D
34.50274,33.277126,2,2656C6B4-988A-A958-5107-5422027AEE1D
-1.000131,-59.44096,0,27C12E79-B4DD-AA48-E99E-552C6BAEBA6F
-1.1284187,-59.399506,0,27C12E79-B4DD-AA48-E99E-552C6BAEBA6F
-3.0460162,-59.07267,2,27C12E79-B4DD-AA48-E99E-552C6BAEBA6F
-4.1557817,-58.616844,2,27C12E79-B4DD-AA48-E99E-552C6BAEBA6F
-4.901585,-58.9995,2,27C12E79-B4DD-AA48-E99E-552C6BAEBA6F
-4.16163,-59.255863,2,27C12E79-B4DD-AA48-E99E-552C6BAEBA6F
-4.1310015,-59.67539,2,27C12E79-B4DD-AA48-E99E-552C6BAEBA6F
-4.66033,-59.622356,2,27C12E79-B4DD-AA48-E99E-552C6BAEBA6F
-5.3163223,-57.39622,2,27C12E79-B4DD-AA48-E99E-552C6BAEBA6F
8.746471,-56.915276,2,27C12E79-B4DD-AA48-E99E-552C6BAEBA6F
5.34697,-56.044144,0,27C12E79-B4DD-AA48-E99E-552C6BAEBA6F
4.9275045,-55.811268,0,27C12E79-B4DD-AA48-E99E-552C6BAEBA6F
-1.4069154,-20.185253,2,27C12E79-B4DD-AA48-E99E-552C6BAEBA6F
-2.361335,-20.774113,2,27C12E79-B4DD-AA48-E99E-552C6BAEBA6F
-2.7528298,-21.040226,2,27C12E79-B4DD-AA48-E99E-552C6BAEBA6F
-60.969093,-6.664961,2,27C12E79-B4DD-AA48-E99E-552C6BAEBA6F
-61.04195,-6.6865797,2,27C12E79-B4DD-AA48-E99E-552C6BAEBA6F
-63.367775,-7.509177,2,27C12E79-B4DD-AA48-E99E-552C6BAEBA6F
18.768213,-3.299141,2,27C12E79-B4DD-AA48-E99E-552C6BAEBA6F
61.94305,-8.977992,2,27C12E79-B4DD-AA48-E99E-552C6BAEBA6F
62.100002,-9.034607,2,27C12E79-B4DD-AA48-E99E-552C6BAEBA6F
62.079685,-9.557569,2,27C12E79-B4DD-AA48-E99E-552C6BAEBA6F
62.295425,-9.665726,2,27C12E79-B4DD-AA48-E99E-552C6BAEBA6F
58.645676,13.998669,2,27C12E79-B4DD-AA48-E99E-552C6BAEBA6F
-14.848619,-45.22492,2,2C636222-CB43-AB6F-444A-7278047991C7
-15.696199,-44.209793,2,2C636222-CB43-AB6F-444A-7278047991C7
-15.855958,-44.57996,2,2C636222-CB43-AB6F-444A-7278047991C7
23.872086,17.408903,0,2C636222-CB43-AB6F-444A-7278047991C7
24.190874,17.6163,0,2C636222-CB43-AB6F-444A-7278047991C7
24.919123,18.075912,0,2C636222-CB43-AB6F-444A-7278047991C7
-20.559235,-20.628023,1,2C636222-CB43-AB6F-444A-7278047991C7
-20.862347,-20.423676,1,2C636222-CB43-AB6F-444A-7278047991C7
16.913183,-19.15465,1,2C636222-CB43-AB6F-444A-7278047991C7
18.109093,-20.008982,1,2C636222-CB43-AB6F-444A-7278047991C7
18.517178,-20.29475,1,2C636222-CB43-AB6F-444A-7278047991C7
18.552298,-20.782099,1,2C636222-CB43-AB6F-444A-7278047991C7
-70.5672,2.9715219,2,2C636222-CB43-AB6F-444A-7278047991C7
11.905206,21.097,0,2C636222-CB43-AB6F-444A-7278047991C7
40.33578,15.399154,0,2C636222-CB43-AB6F-444A-7278047991C7
40.845478,17.157795,0,2C636222-CB43-AB6F-444A-7278047991C7
40.850616,16.878195,0,2C636222-CB43-AB6F-444A-7278047991C7
41.149315,16.075457,0,2C636222-CB43-AB6F-444A-7278047991C7
4.1456475,32.881775,1,2C636222-CB43-AB6F-444A-7278047991C7
4.0921664,32.801373,1,2C636222-CB43-AB6F-444A-7278047991C7
-34.251545,9.622642,2,2C636222-CB43-AB6F-444A-7278047991C7
-34.239338,9.635902,2,2C636222-CB43-AB6F-444A-7278047991C7
-34.20297,10.115739,2,2C636222-CB43-AB6F-444A-7278047991C7
-54.47588,-30.171566,2,2C636222-CB43-AB6F-444A-7278047991C7
-63.86791,-6.285951,2,35FEE4B0-EF25-110F-8D86-5410FA57646B
-62.923714,-1.0056194,2,35FEE4B0-EF25-110F-8D86-5410FA57646B
-63.177734,-1.5852292,2,35FEE4B0-EF25-110F-8D86-5410FA57646B
-59.781624,-2.7179918,2,35FEE4B0-EF25-110F-8D86-5410FA57646B
-59.901756,-2.7818758,2,35FEE4B0-EF25-110F-8D86-5410FA57646B
-60.117855,-2.8566604,2,35FEE4B0-EF25-110F-8D86-5410FA57646B
-48.107964,-19.586462,2,35FEE4B0-EF25-110F-8D86-5410FA57646B
-42.160793,10.39176,2,35FEE4B0-EF25-110F-8D86-5410FA57646B
-41.971737,10.755625,2,35FEE4B0-EF25-110F-8D86-5410FA57646B
-41.847374,9.947261,2,35FEE4B0-EF25-110F-8D86-5410FA57646B
-41.792686,10.954952,2,35FEE4B0-EF25-110F-8D86-5410FA57646B
2.4324098,8.313019,2,35FEE4B0-EF25-110F-8D86-5410FA57646B
40.004147,14.599815,2,35FEE4B0-EF25-110F-8D86-5410FA57646B
55.004826,-1.2488397,2,35FEE4B0-EF25-110F-8D86-5410FA57646B
59.219948,-24.658197,2,35FEE4B0-EF25-110F-8D86-5410FA57646B
46.65469,3.6801872,2,35FEE4B0-EF25-110F-8D86-5410FA57646B
45.74908,3.5103183,2,35FEE4B0-EF25-110F-8D86-5410FA57646B
-49.12461,15.229725,2,35FEE4B0-EF25-110F-8D86-5410FA57646B
-9.24838,-32.245056,2,35FEE4B0-EF25-110F-8D86-5410FA57646B
-9.054784,-33.05732,2,35FEE4B0-EF25-110F-8D86-5410FA57646B
-8.542194,-33.515327,2,35FEE4B0-EF25-110F-8D86-5410FA57646B
18.960934,8.864708,2,35FEE4B0-EF25-110F-8D86-5410FA57646B
18.794989,9.109081,2,35FEE4B0-EF25-110F-8D86-5410FA57646B
36.688957,-9.955105,2,35FEE4B0-EF25-110F-8D86-5410FA57646B
31.926714,-44.03088,1,37249306-1597-DC6D-3544-6FEDBBF8B848
10.791965,-25.404608,1,37249306-1597-DC6D-3544-6FEDBBF8B848
10.764598,-23.068335,1,37249306-1597-DC6D-3544-6FEDBBF8B848
10.535956,-24.583128,2,37249306-1597-DC6D-3544-6FEDBBF8B848
9.942352,-21.087856,2,37249306-1597-DC6D-3544-6FEDBBF8B848
-24.60081,38.483265,2,37249306-1597-DC6D-3544-6FEDBBF8B848
22.244932,-43.96125,1,3C54E0F5-9C12-3137-9EC1-39645770F53A
6.736257,-46.826084,1,3C54E0F5-9C12-3137-9EC1-39645770F53A
6.772986,-46.90221,1,3C54E0F5-9C12-3137-9EC1-39645770F53A
6.0166698,-46.63094,1,3C54E0F5-9C12-3137-9EC1-39645770F53A
3.0135171,-43.2429,1,3C54E0F5-9C12-3137-9EC1-39645770F53A
28.54713,2.5547287,1,3C54E0F5-9C12-3137-9EC1-39645770F53A
30.004307,3.075103,1,3C54E0F5-9C12-3137-9EC1-39645770F53A
30.07165,3.4320805,1,3C54E0F5-9C12-3137-9EC1-39645770F53A
30.781216,4.170332,1,3C54E0F5-9C12-3137-9EC1-39645770F53A
31.607334,4.7644534,1,3C54E0F5-9C12-3137-9EC1-39645770F53A
46.19715,-2.9344518,1,3C54E0F5-9C12-3137-9EC1-39645770F53A
47.261726,-20.21208,1,3C54E0F5-9C12-3137-9EC1-39645770F53A
18.668236,-17.633198,1,3C54E0F5-9C12-3137-9EC1-39645770F53A
10.07018,-4.845192,1,3C54E0F5-9C12-3137-9EC1-39645770F53A
16.779661,5.040972,1,3C54E0F5-9C12-3137-9EC1-39645770F53A
16.843605,5.114453,0,3C54E0F5-9C12-3137-9EC1-39645770F53A
37.343483,12.797782,0,3C54E0F5-9C12-3137-9EC1-39645770F53A
37.029446,39.65913,0,3C54E0F5-9C12-3137-9EC1-39645770F53A
-25.863419,42.266163,0,3C54E0F5-9C12-3137-9EC1-39645770F53A
10.277853,39.882576,0,3C54E0F5-9C12-3137-9EC1-39645770F53A
10.544971,39.534847,0,3C54E0F5-9C12-3137-9EC1-39645770F53A
23.094732,37.139965,0,3C54E0F5-9C12-3137-9EC1-39645770F53A
36.883312,18.706541,0,3C54E0F5-9C12-3137-9EC1-39645770F53A
36.9718,18.585669,1,3C54E0F5-9C12-3137-9EC1-39645770F53A
59.84115,21.65221,0,3C54E0F5-9C12-3137-9EC1-39645770F53A
59.880665,21.820683,0,3C54E0F5-9C12-3137-9EC1-39645770F53A
50.77811,27.796957,0,3C54E0F5-9C12-3137-9EC1-39645770F53A
50.748714,27.984148,0,3C54E0F5-9C12-3137-9EC1-39645770F53A
51.646606,28.297958,0,3C54E0F5-9C12-3137-9EC1-39645770F53A
51.561436,28.831305,1,3C54E0F5-9C12-3137-9EC1-39645770F53A
31.175995,21.289639,2,3FC0B5B3-AC42-BF96-D8EE-10E81EAAACF6
-53.150635,-11.90889,2,3FC0B5B3-AC42-BF96-D8EE-10E81EAAACF6
-64.14108,-8.930111,2,3FC0B5B3-AC42-BF96-D8EE-10E81EAAACF6
-64.07322,-8.819296,2,3FC0B5B3-AC42-BF96-D8EE-10E81EAAACF6
-64.319916,-8.468936,2,3FC0B5B3-AC42-BF96-D8EE-10E81EAAACF6
-69.954185,1.8130791,2,3FC0B5B3-AC42-BF96-D8EE-10E81EAAACF6
-46.365807,36.316124,2,3FC0B5B3-AC42-BF96-D8EE-10E81EAAACF6
-25.795567,52.692043,1,3FC0B5B3-AC42-BF96-D8EE-10E81EAAACF6
-25.509586,53.00908,2,3FC0B5B3-AC42-BF96-D8EE-10E81EAAACF6
-25.46159,53.08708,2,3FC0B5B3-AC42-BF96-D8EE-10E81EAAACF6
-32.343098,25.993929,2,3FC0B5B3-AC42-BF96-D8EE-10E81EAAACF6
-49.875465,5.867154,2,3FC0B5B3-AC42-BF96-D8EE-10E81EAAACF6
18.327429,11.700068,2,3FC0B5B3-AC42-BF96-D8EE-10E81EAAACF6
18.461136,11.863334,2,3FC0B5B3-AC42-BF96-D8EE-10E81EAAACF6
19.256605,12.581965,2,3FC0B5B3-AC42-BF96-D8EE-10E81EAAACF6
57.376427,9.018751,2,3FC0B5B3-AC42-BF96-D8EE-10E81EAAACF6
-57.71846,-26.251028,2,3FC0B5B3-AC42-BF96-D8EE-10E81EAAACF6
-57.65028,-26.290367,2,3FC0B5B3-AC42-BF96-D8EE-10E81EAAACF6
41.959423,-2.151035,0,3FC0B5B3-AC42-BF96-D8EE-10E81EAAACF6
-14.362167,8.095151,0,3FC0B5B3-AC42-BF96-D8EE-10E81EAAACF6
-13.726356,8.165908,0,3FC0B5B3-AC42-BF96-D8EE-10E81EAAACF6
-14.02264,8.454677,0,3FC0B5B3-AC42-BF96-D8EE-10E81EAAACF6
-14.238677,7.7631907,0,3FC0B5B3-AC42-BF96-D8EE-10E81EAAACF6
-13.709706,7.3873634,0,3FC0B5B3-AC42-BF96-D8EE-10E81EAAACF6
25.639027,-30.443365,2,4690C2DC-C0B5-6C1B-880A-D31C46C8A565
22.159885,-42.261433,2,4690C2DC-C0B5-6C1B-880A-D31C46C8A565
-2.001891,-9.677561,2,4690C2DC-C0B5-6C1B-880A-D31C46C8A565
-2.07628,-9.441767,0,4690C2DC-C0B5-6C1B-880A-D31C46C8A565
21.978184,-31.255735,0,4690C2DC-C0B5-6C1B-880A-D31C46C8A565
22.126257,-31.298584,2,4690C2DC-C0B5-6C1B-880A-D31C46C8A565
-45.01196,-25.91739,2,4690C2DC-C0B5-6C1B-880A-D31C46C8A565
-45.407345,-26.152699,2,4690C2DC-C0B5-6C1B-880A-D31C46C8A565
-46.36193,-27.003693,2,4690C2DC-C0B5-6C1B-880A-D31C46C8A565
-46.28175,-27.125174,2,4690C2DC-C0B5-6C1B-880A-D31C46C8A565
40.74331,33.358387,0,4690C2DC-C0B5-6C1B-880A-D31C46C8A565
55.13949,28.255552,0,4690C2DC-C0B5-6C1B-880A-D31C46C8A565
-31.563576,-37.65089,0,4690C2DC-C0B5-6C1B-880A-D31C46C8A565
-31.545141,-38.57508,0,4690C2DC-C0B5-6C1B-880A-D31C46C8A565
-31.182995,-38.968563,0,4690C2DC-C0B5-6C1B-880A-D31C46C8A565
-31.357346,-39.492256,0,4690C2DC-C0B5-6C1B-880A-D31C46C8A565
-31.482738,-40.108723,2,4690C2DC-C0B5-6C1B-880A-D31C46C8A565
-31.576492,-40.82077,2,4690C2DC-C0B5-6C1B-880A-D31C46C8A565
-14.696958,5.1658864,2,4690C2DC-C0B5-6C1B-880A-D31C46C8A565
-14.326111,10.041272,2,4690C2DC-C0B5-6C1B-880A-D31C46C8A565
-41.79975,-9.074446,2,4690C2DC-C0B5-6C1B-880A-D31C46C8A565
-42.12001,-9.334842,2,4690C2DC-C0B5-6C1B-880A-D31C46C8A565
-41.675247,-9.987222,0,4690C2DC-C0B5-6C1B-880A-D31C46C8A565
-8.144038,16.107046,0,4690C2DC-C0B5-6C1B-880A-D31C46C8A565
-8.531991,16.39252,0,4690C2DC-C0B5-6C1B-880A-D31C46C8A565
-8.535899,16.444805,0,4690C2DC-C0B5-6C1B-880A-D31C46C8A565
30.03821,20.420399,0,46A9A47E-EDE3-2EF4-2F06-E95AF67D57E1
0.32517096,-13.037926,0,46A9A47E-EDE3-2EF4-2F06-E95AF67D57E1
-0.45046508,-13.537986,2,46A9A47E-EDE3-2EF4-2F06-E95AF67D57E1
-0.90629244,-14.17115,2,46A9A47E-EDE3-2EF4-2F06-E95AF67D57E1
-0.6455741,-13.345093,2,46A9A47E-EDE3-2EF4-2F06-E95AF67D57E1
-10.416903,-11.973681,2,46A9A47E-EDE3-2EF4-2F06-E95AF67D57E1
-5.57807,29.099451,0,46A9A47E-EDE3-2EF4-2F06-E95AF67D57E1
-8.474719,29.723547,0,46A9A47E-EDE3-2EF4-2F06-E95AF67D57E1
-9.065945,29.902449,0,46A9A47E-EDE3-2EF4-2F06-E95AF67D57E1
-9.600728,30.02424,0,46A9A47E-EDE3-2EF4-2F06-E95AF67D57E1
-5.365335,28.437357,0,46A9A47E-EDE3-2EF4-2F06-E95AF67D57E1
45.258602,30.594782,0,46A9A47E-EDE3-2EF4-2F06-E95AF67D57E1
58.2537,30.007133,2,46A9A47E-EDE3-2EF4-2F06-E95AF67D57E1
60.676758,-14.69944,2,46A9A47E-EDE3-2EF4-2F06-E95AF67D57E1
60.758244,-14.734693,2,46A9A47E-EDE3-2EF4-2F06-E95AF67D57E1
56.60806,4.328497,2,46A9A47E-EDE3-2EF4-2F06-E95AF67D57E1
56.611984,4.38887,2,46A9A47E-EDE3-2EF4-2F06-E95AF67D57E1
20.889845,12.219099,0,46A9A47E-EDE3-2EF4-2F06-E95AF67D57E1
43.045265,-26.579638,1,47494449-E68E-E554-8BB1-ECEEE432E269
15.186919,-4.9703236,1,47494449-E68E-E554-8BB1-ECEEE432E269
4.233219,13.994442,2,47494449-E68E-E554-8BB1-ECEEE432E269
4.2394705,13.978102,2,47494449-E68E-E554-8BB1-ECEEE432E269
29.740995,43.428795,2,47494449-E68E-E554-8BB1-ECEEE432E269
-0.62453103,-2.7662892,2,47494449-E68E-E554-8BB1-ECEEE432E269
-4.6973267,-23.872425,2,47494449-E68E-E554-8BB1-ECEEE432E269
-4.6930623,-23.858091,2,47494449-E68E-E554-8BB1-ECEEE432E269
-22.776543,-19.264841,2,47494449-E68E-E554-8BB1-ECEEE432E269
-22.731747,-18.936687,2,47494449-E68E-E554-8BB1-ECEEE432E269
-22.98747,-17.971815,2,47494449-E68E-E554-8BB1-ECEEE432E269
-23.188492,-17.461138,2,47494449-E68E-E554-8BB1-ECEEE432E269
44.41511,-39.565987,2,47494449-E68E-E554-8BB1-ECEEE432E269
44.42983,-39.554947,2,47494449-E68E-E554-8BB1-ECEEE432E269
42.292103,-23.67523,2,47494449-E68E-E554-8BB1-ECEEE432E269
42.351803,-23.464386,2,47494449-E68E-E554-8BB1-ECEEE432E269
49.75792,-18.036922,2,47494449-E68E-E554-8BB1-ECEEE432E269
49.59425,-18.214039,2,47494449-E68E-E554-8BB1-ECEEE432E269
27.69029,-3.2335033,0,47494449-E68E-E554-8BB1-ECEEE432E269
28.229145,-3.2881541,0,47494449-E68E-E554-8BB1-ECEEE432E269
27.216173,-3.1268082,0,47494449-E68E-E554-8BB1-ECEEE432E269
26.742643,-2.4246721,0,47494449-E68E-E554-8BB1-ECEEE432E269
-38.962044,-6.1728106,0,47494449-E68E-E554-8BB1-ECEEE432E269
-51.68387,-36.538975,0,47494449-E68E-E554-8BB1-ECEEE432E269
-40.44945,15.038374,0,48847236-6E23-6E61-57CD-780C68FAA2C2
-40.183746,14.883983,0,48847236-6E23-6E61-57CD-780C68FAA2C2
-28.591564,18.104025,0,48847236-6E23-6E61-57CD-780C68FAA2C2
-28.681744,18.188889,0,48847236-6E23-6E61-57CD-780C68FAA2C2
-0.045684535,-22.879179,1,48847236-6E23-6E61-57CD-780C68FAA2C2
8.152157,28.190947,1,48847236-6E23-6E61-57CD-780C68FAA2C2
26.495329,-1.6080374,2,48847236-6E23-6E61-57CD-780C68FAA2C2
27.94446,-25.775362,2,48847236-6E23-6E61-57CD-780C68FAA2C2
27.407862,-26.195827,0,48847236-6E23-6E61-57CD-780C68FAA2C2
11.066617,-30.669357,0,48847236-6E23-6E61-57CD-780C68FAA2C2
-13.458767,12.877347,0,48847236-6E23-6E61-57CD-780C68FAA2C2
-13.488505,12.938162,2,48847236-6E23-6E61-57CD-780C68FAA2C2
39.98167,-33.355705,1,48D32E40-ABB9-E3FB-185C-8A5AA0C44CBF
39.873524,-33.279026,1,48D32E40-ABB9-E3FB-185C-8A5AA0C44CBF
39.790894,-33.264847,2,48D32E40-ABB9-E3FB-185C-8A5AA0C44CBF
-17.455103,-18.111708,2,48D32E40-ABB9-E3FB-185C-8A5AA0C44CBF
-16.900715,-19.01998,2,48D32E40-ABB9-E3FB-185C-8A5AA0C44CBF
-17.028599,-18.91811,2,48D32E40-ABB9-E3FB-185C-8A5AA0C44CBF
-31.605192,19.237843,1,48D32E40-ABB9-E3FB-185C-8A5AA0C44CBF
-31.66083,19.180176,1,48D32E40-ABB9-E3FB-185C-8A5AA0C44CBF
-49.213516,16.790731,2,48D32E40-ABB9-E3FB-185C-8A5AA0C44CBF
-49.174057,17.396276,2,48D32E40-ABB9-E3FB-185C-8A5AA0C44CBF
-48.989517,18.198078,2,48D32E40-ABB9-E3FB-185C-8A5AA0C44CBF
-48.836567,18.220736,2,48D32E40-ABB9-E3FB-185C-8A5AA0C44CBF
50.557144,15.325398,1,48D32E40-ABB9-E3FB-185C-8A5AA0C44CBF
50.308586,15.384282,1,48D32E40-ABB9-E3FB-185C-8A5AA0C44CBF
60.423725,-26.542582,1,48D32E40-ABB9-E3FB-185C-8A5AA0C44CBF
60.232887,-26.783682,1,48D32E40-ABB9-E3FB-185C-8A5AA0C44CBF
59.911633,-27.13213,1,48D32E40-ABB9-E3FB-185C-8A5AA0C44CBF
60.721397,-27.820826,1,48D32E40-ABB9-E3FB-185C-8A5AA0C44CBF
60.709217,-27.9698,1,48D32E40-ABB9-E3FB-185C-8A5AA0C44CBF
47.275555,15.86881,1,48D32E40-ABB9-E3FB-185C-8A5AA0C44CBF
47.39212,15.972142,1,48D32E40-ABB9-E3FB-185C-8A5AA0C44CBF
56.631153,-6.184307,1,48D32E40-ABB9-E3FB-185C-8A5AA0C44CBF
56.652447,-6.464252,1,48D32E40-ABB9-E3FB-185C-8A5AA0C44CBF
56.91533,-6.865969,1,48D32E40-ABB9-E3FB-185C-8A5AA0C44CBF
46.04752,-28.697817,1,48D32E40-ABB9-E3FB-185C-8A5AA0C44CBF
44.645138,-22.731174,1,48D32E40-ABB9-E3FB-185C-8A5AA0C44CBF
41.503788,-29.042011,1,48D32E40-ABB9-E3FB-185C-8A5AA0C44CBF
41.457542,-29.047226,1,48D32E40-ABB9-E3FB-185C-8A5AA0C44CBF
37.406,-44.203823,1,48D32E40-ABB9-E3FB-185C-8A5AA0C44CBF
37.30553,-44.24767,1,48D32E40-ABB9-E3FB-185C-8A5AA0C44CBF
-38.89433,7.2848263,2,4B423110-8A54-A87F-39BB-D68BF033C7FC
-38.874035,7.300303,2,4B423110-8A54-A87F-39BB-D68BF033C7FC
-38.600506,7.699481,2,4B423110-8A54-A87F-39BB-D68BF033C7FC
-16.23141,46.423912,0,4B423110-8A54-A87F-39BB-D68BF033C7FC
-16.188932,46.61041,0,4B423110-8A54-A87F-39BB-D68BF033C7FC
-16.003342,47.09558,0,4B423110-8A54-A87F-39BB-D68BF033C7FC
9.793252,14.652369,0,4B423110-8A54-A87F-39BB-D68BF033C7FC
8.0679,15.123004,0,4B423110-8A54-A87F-39BB-D68BF033C7FC
8.454177,15.140066,2,4B423110-8A54-A87F-39BB-D68BF033C7FC
8.522634,15.187878,2,4B423110-8A54-A87F-39BB-D68BF033C7FC
9.15953,15.998643,0,4B423110-8A54-A87F-39BB-D68BF033C7FC
35.60848,41.702484,0,4B423110-8A54-A87F-39BB-D68BF033C7FC
56.51059,18.805458,0,4B423110-8A54-A87F-39BB-D68BF033C7FC
56.286766,19.38165,0,4B423110-8A54-A87F-39BB-D68BF033C7FC
57.938484,-3.4712517,0,4B423110-8A54-A87F-39BB-D68BF033C7FC
58.11599,-3.2088888,0,4B423110-8A54-A87F-39BB-D68BF033C7FC
57.60604,-2.7956314,0,4B423110-8A54-A87F-39BB-D68BF033C7FC
57.114563,-2.3311968,0,4B423110-8A54-A87F-39BB-D68BF033C7FC
9.293752,-53.746925,0,4BD5749B-A1D2-E6C9-156F-DF107802D3BE
-30.108091,-8.7735195,2,4BD5749B-A1D2-E6C9-156F-DF107802D3BE
-50.936398,31.358217,2,4BD5749B-A1D2-E6C9-156F-DF107802D3BE
-51.28434,31.76063,0,4BD5749B-A1D2-E6C9-156F-DF107802D3BE
-51.31337,31.745779,0,4BD5749B-A1D2-E6C9-156F-DF107802D3BE
-26.05806,44.077984,0,4BD5749B-A1D2-E6C9-156F-DF107802D3BE
-45.515987,-21.03173,2,4BD5749B-A1D2-E6C9-156F-DF107802D3BE
-46.279926,-21.16615,2,4BD5749B-A1D2-E6C9-156F-DF107802D3BE
-46.058777,-20.890928,2,4BD5749B-A1D2-E6C9-156F-DF107802D3BE
-57.001667,-11.2986555,0,4BD5749B-A1D2-E6C9-156F-DF107802D3BE
-54.418793,-8.896279,0,4BD5749B-A1D2-E6C9-156F-DF107802D3BE
38.580013,40.717087,0,4BD5749B-A1D2-E6C9-156F-DF107802D3BE
-65.63718,-16.99849,2,4BD5749B-A1D2-E6C9-156F-DF107802D3BE
-41.02059,0.26255512,2,4BD5749B-A1D2-E6C9-156F-DF107802D3BE
-40.904167,0.30253783,0,4BD5749B-A1D2-E6C9-156F-DF107802D3BE
-41.264217,-0.4866836,0,4BD5749B-A1D2-E6C9-156F-DF107802D3BE
-15.285836,24.688398,0,4BD5749B-A1D2-E6C9-156F-DF107802D3BE
-15.333337,24.634478,2,4BD5749B-A1D2-E6C9-156F-DF107802D3BE
-13.878723,-2.0063288,2,4BFAECAC-0CC2-F9AC-17BB-7343BE737D81
6.8618875,-41.28706,2,4BFAECAC-0CC2-F9AC-17BB-7343BE737D81
6.8861604,-41.17835,2,4BFAECAC-0CC2-F9AC-17BB-7343BE737D81
15.481261,-42.696136,2,4BFAECAC-0CC2-F9AC-17BB-7343BE737D81
-15.81944,-11.824724,2,4BFAECAC-0CC2-F9AC-17BB-7343BE737D81
-15.790141,-12.015851,2,4BFAECAC-0CC2-F9AC-17BB-7343BE737D81
-56.384876,-7.5160213,2,4BFAECAC-0CC2-F9AC-17BB-7343BE737D81
-28.601042,-22.889805,2,4BFAECAC-0CC2-F9AC-17BB-7343BE737D81
-28.426525,-23.002625,2,4BFAECAC-0CC2-F9AC-17BB-7343BE737D81
-27.769135,-24.233732,2,4BFAECAC-0CC2-F9AC-17BB-7343BE737D81
-27.693127,-24.627907,2,4BFAECAC-0CC2-F9AC-17BB-7343BE737D81
23.04409,-9.3250475,2,4BFAECAC-0CC2-F9AC-17BB-7343BE737D81
22.447788,-8.899496,2,4BFAECAC-0CC2-F9AC-17BB-7343BE737D81
21.801554,-8.296966,2,4BFAECAC-0CC2-F9AC-17BB-7343BE737D81
6.799888,1.1320654,2,4BFAECAC-0CC2-F9AC-17BB-7343BE737D81
-2.9012125,10.965108,2,4BFAECAC-0CC2-F9AC-17BB-7343BE737D81
-3.0334435,10.458797,1,4BFAECAC-0CC2-F9AC-17BB-7343BE737D81
-2.9532702,10.922622,1,4BFAECAC-0CC2-F9AC-17BB-7343BE737D81
-3.4241576,15.977415,2,4BFAECAC-0CC2-F9AC-17BB-7343BE737D81
-3.578794,15.925793,2,4BFAECAC-0CC2-F9AC-17BB-7343BE737D81
-3.3601925,16.47051,2,4BFAECAC-0CC2-F9AC-17BB-7343BE737D81
-6.1852245,36.583916,2,4BFAECAC-0CC2-F9AC-17BB-7343BE737D81
-5.7116714,36.496864,2,4BFAECAC-0CC2-F9AC-17BB-7343BE737D81
51.661163,-10.655662,2,4BFAECAC-0CC2-F9AC-17BB-7343BE737D81
51.607727,-10.85312,2,4BFAECAC-0CC2-F9AC-17BB-7343BE737D81
51.63863,-11.410367,2,4BFAECAC-0CC2-F9AC-17BB-7343BE737D81
-25.256153,-32.028446,1,4BFAECAC-0CC2-F9AC-17BB-7343BE737D81
-25.306313,-32.022774,1,4BFAECAC-0CC2-F9AC-17BB-7343BE737D81
-49.20226,-31.134087,1,4BFAECAC-0CC2-F9AC-17BB-7343BE737D81
-49.301292,-31.155327,2,4BFAECAC-0CC2-F9AC-17BB-7343BE737D81
4.4927187,-39.322098,2,4CAE9D77-C8A8-2EE8-53D0-7C3C6331B2C5
35.8954,4.329278,2,4CAE9D77-C8A8-2EE8-53D0-7C3C6331B2C5
36.561554,4.065863,1,4CAE9D77-C8A8-2EE8-53D0-7C3C6331B2C5
36.478558,3.9320009,1,4CAE9D77-C8A8-2EE8-53D0-7C3C6331B2C5
36.535736,3.7095025,1,4CAE9D77-C8A8-2EE8-53D0-7C3C6331B2C5
49.520725,-21.467327,1,4CAE9D77-C8A8-2EE8-53D0-7C3C6331B2C5
29.312244,-34.64878,2,4CAE9D77-C8A8-2EE8-53D0-7C3C6331B2C5
5.673488,20.806253,2,4CAE9D77-C8A8-2EE8-53D0-7C3C6331B2C5
-22.35442,24.120361,2,4CAE9D77-C8A8-2EE8-53D0-7C3C6331B2C5
5.8208985,20.828495,2,4CAE9D77-C8A8-2EE8-53D0-7C3C6331B2C5
27.719084,-9.406293,2,4CAE9D77-C8A8-2EE8-53D0-7C3C6331B2C5
27.678959,-9.455188,1,4CAE9D77-C8A8-2EE8-53D0-7C3C6331B2C5
5.4093604,-27.773207,1,5690E95B-9747-B2B5-2EE1-16A72200D5CC
5.331654,-27.91593,1,5690E95B-9747-B2B5-2EE1-16A72200D5CC
5.5477314,-26.464579,1,5690E95B-9747-B2B5-2EE1-16A72200D5CC
5.5158854,-26.20195,2,5690E95B-9747-B2B5-2EE1-16A72200D5CC
1.9935043,-1.7437465,2,5690E95B-9747-B2B5-2EE1-16A72200D5CC
2.0014503,-1.4779651,2,5690E95B-9747-B2B5-2EE1-16A72200D5CC
-31.943193,23.14354,2,5690E95B-9747-B2B5-2EE1-16A72200D5CC
-32.285717,23.540821,2,5690E95B-9747-B2B5-2EE1-16A72200D5CC
-32.25377,23.680729,2,5690E95B-9747-B2B5-2EE1-16A72200D5CC
-36.991043,-19.831451,2,5690E95B-9747-B2B5-2EE1-16A72200D5CC
-37.060608,-19.853178,2,5690E95B-9747-B2B5-2EE1-16A72200D5CC
-48.41461,6.62807,2,5690E95B-9747-B2B5-2EE1-16A72200D5CC
-9.974712,-33.91185,2,5690E95B-9747-B2B5-2EE1-16A72200D5CC
-38.86753,-4.2823997,0,5690E95B-9747-B2B5-2EE1-16A72200D5CC
-38.943657,-4.370658,0,5690E95B-9747-B2B5-2EE1-16A72200D5CC
-49.89215,-5.866947,0,5690E95B-9747-B2B5-2EE1-16A72200D5CC
-49.699223,-5.415947,2,5690E95B-9747-B2B5-2EE1-16A72200D5CC
-49.993347,-6.122935,2,5690E95B-9747-B2B5-2EE1-16A72200D5CC
55.189667,-24.147081,1,5690E95B-9747-B2B5-2EE1-16A72200D5CC
-7.5011573,-33.997757,1,5690E95B-9747-B2B5-2EE1-16A72200D5CC
18.700766,-35.28476,1,5690E95B-9747-B2B5-2EE1-16A72200D5CC
18.645018,-35.306602,0,5690E95B-9747-B2B5-2EE1-16A72200D5CC
-7.2661343,32.722828,0,5690E95B-9747-B2B5-2EE1-16A72200D5CC
-7.198835,32.91654,0,5690E95B-9747-B2B5-2EE1-16A72200D5CC
-15.857551,23.66931,2,5690E95B-9747-B2B5-2EE1-16A72200D5CC
-45.64223,-4.7723093,0,5690E95B-9747-B2B5-2EE1-16A72200D5CC
-45.576202,-4.6569667,0,5690E95B-9747-B2B5-2EE1-16A72200D5CC
35.917194,8.085828,1,58CB3C5E-2F5C-31FE-83E8-C6772D99B8D5
35.878685,8.056887,1,58CB3C5E-2F5C-31FE-83E8-C6772D99B8D5
66.45002,-13.761057,1,58CB3C5E-2F5C-31FE-83E8-C6772D99B8D5
66.36505,-13.702877,1,58CB3C5E-2F5C-31FE-83E8-C6772D99B8D5
16.228767,-11.108588,0,58CB3C5E-2F5C-31FE-83E8-C6772D99B8D5
29.012684,34.589928,0,58CB3C5E-2F5C-31FE-83E8-C6772D99B8D5
38.030643,-37.521313,0,58CB3C5E-2F5C-31FE-83E8-C6772D99B8D5
17.413948,-21.913038,0,58CB3C5E-2F5C-31FE-83E8-C6772D99B8D5
6.9509435,26.018162,0,58CB3C5E-2F5C-31FE-83E8-C6772D99B8D5
7.863002,26.834393,0,58CB3C5E-2F5C-31FE-83E8-C6772D99B8D5
7.5282273,26.5584,0,58CB3C5E-2F5C-31FE-83E8-C6772D99B8D5
8.000618,26.943968,0,58CB3C5E-2F5C-31FE-83E8-C6772D99B8D5
-40.011677,-39.981438,2,58CB3C5E-2F5C-31FE-83E8-C6772D99B8D5
-39.999195,-40.0836,2,58CB3C5E-2F5C-31FE-83E8-C6772D99B8D5
-39.32473,-39.689396,2,58CB3C5E-2F5C-31FE-83E8-C6772D99B8D5
-12.628998,-33.852005,2,58CB3C5E-2F5C-31FE-83E8-C6772D99B8D5
-12.669919,-33.838333,2,58CB3C5E-2F5C-31FE-83E8-C6772D99B8D5
-13.52669,-33.3681,2,58CB3C5E-2F5C-31FE-83E8-C6772D99B8D5
-0.9071554,-40.30005,2,5CD23052-9069-615B-22B2-CB8E9A2413C9
-0.80412984,-40.26545,2,5CD23052-9069-615B-22B2-CB8E9A2413C9
-53.971138,-17.42228,2,5CD23052-9069-615B-22B2-CB8E9A2413C9
-55.695385,-16.714249,2,5CD23052-9069-615B-22B2-CB8E9A2413C9
-55.900356,-16.73513,1,5CD23052-9069-615B-22B2-CB8E9A2413C9
-55.45651,-17.177395,1,5CD23052-9069-615B-22B2-CB8E9A2413C9
49.335514,36.33292,0,5CD23052-9069-615B-22B2-CB8E9A2413C9
49.137447,36.584053,0,5CD23052-9069-615B-22B2-CB8E9A2413C9
-6.4401827,23.004902,0,5CD23052-9069-615B-22B2-CB8E9A2413C9
-43.48128,-41.539272,0,5CD23052-9069-615B-22B2-CB8E9A2413C9
-44.078747,-42.018528,2,5CD23052-9069-615B-22B2-CB8E9A2413C9
-43.852238,-42.023113,2,5CD23052-9069-615B-22B2-CB8E9A2413C9
-40.42176,-21.190872,2,5CD23052-9069-615B-22B2-CB8E9A2413C9
-40.285374,-21.182322,2,5CD23052-9069-615B-22B2-CB8E9A2413C9
23.470964,-40.65285,2,5CD23052-9069-615B-22B2-CB8E9A2413C9
54.41472,-33.448948,1,5CD23052-9069-615B-22B2-CB8E9A2413C9
54.505703,-33.130318,1,5CD23052-9069-615B-22B2-CB8E9A2413C9
54.527565,-32.437607,1,5CD23052-9069-615B-22B2-CB8E9A2413C9
25.958693,3.2831817,2,5E491E0A-C580-29BE-4329-ED7BFF843D0D
26.155397,2.5355816,2,5E491E0A-C580-29BE-4329-ED7BFF843D0D
44.823444,-12.04529,0,5E491E0A-C580-29BE-4329-ED7BFF843D0D
25.5833,2.3192272,0,5E491E0A-C580-29BE-4329-ED7BFF843D0D
-9.924629,-13.285846,2,5E491E0A-C580-29BE-4329-ED7BFF843D0D
-10.150857,-13.363847,2,5E491E0A-C580-29BE-4329-ED7BFF843D0D
-52.06166,2.3097796,2,5E491E0A-C580-29BE-4329-ED7BFF843D0D
-52.114944,2.245066,0,5E491E0A-C580-29BE-4329-ED7BFF843D0D
-34.46413,15.3694935,0,5E491E0A-C580-29BE-4329-ED7BFF843D0D
-34.862446,15.345046,0,5E491E0A-C580-29BE-4329-ED7BFF843D0D
-35.56936,15.141996,0,5E491E0A-C580-29BE-4329-ED7BFF843D0D
-35.980343,14.978214,2,5E491E0A-C580-29BE-4329-ED7BFF843D0D
25.2254,-15.01895,0,5E491E0A-C580-29BE-4329-ED7BFF843D0D
25.438173,-13.8237705,2,5E491E0A-C580-29BE-4329-ED7BFF843D0D
25.51457,-14.19074,2,5E491E0A-C580-29BE-4329-ED7BFF843D0D
50.698128,-5.5717134,2,5E491E0A-C580-29BE-4329-ED7BFF843D0D
50.504044,-5.2216167,2,5E491E0A-C580-29BE-4329-ED7BFF843D0D
49.584103,18.478704,0,5E491E0A-C580-29BE-4329-ED7BFF843D0D
-20.241062,3.1940246,2,5E491E0A-C580-29BE-4329-ED7BFF843D0D
-20.59297,3.3702567,0,5E491E0A-C580-29BE-4329-ED7BFF843D0D
-20.6451,3.3733668,0,5E491E0A-C580-29BE-4329-ED7BFF843D0D
-19.646023,5.914848,0,5E491E0A-C580-29BE-4329-ED7BFF843D0D
-19.606403,5.9038973,0,5E491E0A-C580-29BE-4329-ED7BFF843D0D
-38.795998,-38.85286,2,5E491E0A-C580-29BE-4329-ED7BFF843D0D
35.012836,-6.315954,2,5E491E0A-C580-29BE-4329-ED7BFF843D0D
35.280003,-6.449884,2,5E491E0A-C580-29BE-4329-ED7BFF843D0D
36.927273,-6.813559,2,5E491E0A-C580-29BE-4329-ED7BFF843D0D
-17.408775,-0.810144,2,5F222604-CB86-1ABA-EB7B-31FF78B7BE93
-16.380669,-0.70362586,2,5F222604-CB86-1ABA-EB7B-31FF78B7BE93
-15.93016,-0.9943675,2,5F222604-CB86-1ABA-EB7B-31FF78B7BE93
-11.109011,-8.939727,2,5F222604-CB86-1ABA-EB7B-31FF78B7BE93
-11.107541,-9.377698,2,5F222604-CB86-1ABA-EB7B-31FF78B7BE93
-11.066807,-9.81115,2,5F222604-CB86-1ABA-EB7B-31FF78B7BE93
-41.081703,-17.119795,2,5F222604-CB86-1ABA-EB7B-31FF78B7BE93
-41.17008,-17.315447,2,5F222604-CB86-1ABA-EB7B-31FF78B7BE93
-19.012892,-15.935028,2,5F222604-CB86-1ABA-EB7B-31FF78B7BE93
-18.901842,-15.265114,1,5F222604-CB86-1ABA-EB7B-31FF78B7BE93
-19.917873,-14.734671,2,5F222604-CB86-1ABA-EB7B-31FF78B7BE93
-20.184277,-14.645549,2,5F222604-CB86-1ABA-EB7B-31FF78B7BE93
-25.157047,35.635868,2,5F222604-CB86-1ABA-EB7B-31FF78B7BE93
-24.696627,35.363434,2,5F222604-CB86-1ABA-EB7B-31FF78B7BE93
35.831135,41.320194,2,5F222604-CB86-1ABA-EB7B-31FF78B7BE93
-9.5173645,13.531218,2,5F222604-CB86-1ABA-EB7B-31FF78B7BE93
-9.809459,12.937561,2,5F222604-CB86-1ABA-EB7B-31FF78B7BE93
-9.888337,12.875292,1,5F222604-CB86-1ABA-EB7B-31FF78B7BE93
-5.8888965,-37.836384,2,5F222604-CB86-1ABA-EB7B-31FF78B7BE93
-6.0963335,-37.983315,2,5F222604-CB86-1ABA-EB7B-31FF78B7BE93
-6.6359477,-38.45825,2,5F222604-CB86-1ABA-EB7B-31FF78B7BE93
-25.289457,3.926059,2,5F222604-CB86-1ABA-EB7B-31FF78B7BE93
-25.429155,5.5546064,2,5F222604-CB86-1ABA-EB7B-31FF78B7BE93
-17.334728,25.32275,2,5F222604-CB86-1ABA-EB7B-31FF78B7BE93
-53.180084,-9.388974,2,5F222604-CB86-1ABA-EB7B-31FF78B7BE93
-6.578489,-29.916695,2,5F222604-CB86-1ABA-EB7B-31FF78B7BE93
-6.590424,-29.9097,2,5F222604-CB86-1ABA-EB7B-31FF78B7BE93
-62.16532,-9.017912,2,62A1F053-1EA8-7433-090E-89D450314F41
-62.081947,-9.181389,2,62A1F053-1EA8-7433-090E-89D450314F41
-59.961803,5.9753566,2,62A1F053-1EA8-7433-090E-89D450314F41
-60.36199,5.26174,2,62A1F053-1EA8-7433-090E-89D450314F41
-60.52429,5.117837,2,62A1F053-1EA8-7433-090E-89D450314F41
-57.901726,-9.971739,2,62A1F053-1EA8-7433-090E-89D450314F41
-35.359386,31.338652,2,62A1F053-1EA8-7433-090E-89D450314F41
-34.812996,32.226017,2,62A1F053-1EA8-7433-090E-89D450314F41
-34.343212,32.867134,2,62A1F053-1EA8-7433-090E-89D450314F41
-34.046932,33.145706,2,62A1F053-1EA8-7433-090E-89D450314F41
-33.414627,33.150623,2,62A1F053-1EA8-7433-090E-89D450314F41
-32.371536,33.01302,2,62A1F053-1EA8-7433-090E-89D450314F41
-53.909286,-34.95252,0,62A1F053-1EA8-7433-090E-89D450314F41
-54.296383,-34.50381,0,62A1F053-1EA8-7433-090E-89D450314F41
-47.754185,-9.995943,0,62A1F053-1EA8-7433-090E-89D450314F41
-48.01726,-9.7776165,2,62A1F053-1EA8-7433-090E-89D450314F41
-48.453926,-9.183175,2,62A1F053-1EA8-7433-090E-89D450314F41
-31.191795,35.82977,2,62A1F053-1EA8-7433-090E-89D450314F41
-44.160965,-34.996315,2,62A1F053-1EA8-7433-090E-89D450314F41
-45.172615,-34.727386,2,62A1F053-1EA8-7433-090E-89D450314F41
-44.71415,-34.75983,2,62A1F053-1EA8-7433-090E-89D450314F41
-45.17215,-34.186142,2,62A1F053-1EA8-7433-090E-89D450314F41
-40.080563,-13.8363905,2,62A1F053-1EA8-7433-090E-89D450314F41
-40.12442,-13.771428,2,62A1F053-1EA8-7433-090E-89D450314F41
8.366076,-54.330364,1,647C581E-E72F-0765-F94A-065909B99374
-4.7731075,-8.52114,1,647C581E-E72F-0765-F94A-065909B99374
9.068388,-43.48994,1,647C581E-E72F-0765-F94A-065909B99374
9.287101,-43.540916,1,647C581E-E72F-0765-F94A-065909B99374
10.502889,-43.91258,1,647C581E-E72F-0765-F94A-065909B99374
10.661574,-43.967133,1,647C581E-E72F-0765-F94A-065909B99374
16.677784,-17.04408,1,647C581E-E72F-0765-F94A-065909B99374
-7.0643916,-10.1992035,1,647C581E-E72F-0765-F94A-065909B99374
-5.173747,-22.596851,1,647C581E-E72F-0765-F94A-065909B99374
-3.2544506,-24.64641,1,647C581E-E72F-0765-F94A-065909B99374
-3.2362256,-24.726679,1,647C581E-E72F-0765-F94A-065909B99374
49.072487,-34.724598,1,647C581E-E72F-0765-F94A-065909B99374
-3.2315714,-46.73233,2,66E9719B-D383-AA87-7FAB-D9B4ABE7011C
-54.07855,34.557896,2,66E9719B-D383-AA87-7FAB-D9B4ABE7011C
-53.774258,34.55559,2,66E9719B-D383-AA87-7FAB-D9B4ABE7011C
-53.704163,34.530693,2,66E9719B-D383-AA87-7FAB-D9B4ABE7011C
-5.7054634,0.042779334,2,66E9719B-D383-AA87-7FAB-D9B4ABE7011C
-5.68474,0.017247774,2,66E9719B-D383-AA87-7FAB-D9B4ABE7011C
-67.764496,-8.009477,2,66E9719B-D383-AA87-7FAB-D9B4ABE7011C
-67.56246,-8.1269455,2,66E9719B-D383-AA87-7FAB-D9B4ABE7011C
-60.83566,-11.484175,2,66E9719B-D383-AA87-7FAB-D9B4ABE7011C
-67.20373,-8.527741,0,66E9719B-D383-AA87-7FAB-D9B4ABE7011C
-49.79499,3.820983,0,66E9719B-D383-AA87-7FAB-D9B4ABE7011C
46.071487,-6.4973693,0,66E9719B-D383-AA87-7FAB-D9B4ABE7011C
46.193687,-6.542136,0,66E9719B-D383-AA87-7FAB-D9B4ABE7011C
44.567337,-6.935696,0,66E9719B-D383-AA87-7FAB-D9B4ABE7011C
-40.10898,-32.566505,0,66E9719B-D383-AA87-7FAB-D9B4ABE7011C
-41.916294,-31.007452,2,66E9719B-D383-AA87-7FAB-D9B4ABE7011C
-41.77753,-31.101315,2,66E9719B-D383-AA87-7FAB-D9B4ABE7011C
-39.415714,-32.31631,2,66E9719B-D383-AA87-7FAB-D9B4ABE7011C
-39.087624,-32.470856,2,66E9719B-D383-AA87-7FAB-D9B4ABE7011C
-37.602585,-33.906784,2,66E9719B-D383-AA87-7FAB-D9B4ABE7011C
-12.942184,-29.855494,2,66E9719B-D383-AA87-7FAB-D9B4ABE7011C
-12.504054,-29.893871,2,66E9719B-D383-AA87-7FAB-D9B4ABE7011C
-11.670772,-29.820904,2,66E9719B-D383-AA87-7FAB-D9B4ABE7011C
-11.124197,-29.417156,0,66E9719B-D383-AA87-7FAB-D9B4ABE7011C
6.233874,-53.5579,2,68339CF4-6AFB-7EFB-40EA-238612F8E5A4
6.283816,-52.90067,2,68339CF4-6AFB-7EFB-40EA-238612F8E5A4
6.228762,-51.45665,2,68339CF4-6AFB-7EFB-40EA-238612F8E5A4
4.5809016,-45.392067,2,68339CF4-6AFB-7EFB-40EA-238612F8E5A4
4.7707553,-45.099957,2,68339CF4-6AFB-7EFB-40EA-238612F8E5A4
4.3180957,-43.66667,2,68339CF4-6AFB-7EFB-40EA-238612F8E5A4
7.72181,54.934402,0,68339CF4-6AFB-7EFB-40EA-238612F8E5A4
8.045542,54.902676,0,68339CF4-6AFB-7EFB-40EA-238612F8E5A4
8.368697,54.832302,0,68339CF4-6AFB-7EFB-40EA-238612F8E5A4
15.884475,21.245642,2,68339CF4-6AFB-7EFB-40EA-238612F8E5A4
-1.1352867,38.988667,2,68339CF4-6AFB-7EFB-40EA-238612F8E5A4
-1.1817188,38.955723,2,68339CF4-6AFB-7EFB-40EA-238612F8E5A4
-8.82012,9.497163,2,68339CF4-6AFB-7EFB-40EA-238612F8E5A4
-8.795668,9.445218,0,68339CF4-6AFB-7EFB-40EA-238612F8E5A4
22.527868,-24.883116,0,68339CF4-6AFB-7EFB-40EA-238612F8E5A4
22.585806,-24.864693,0,68339CF4-6AFB-7EFB-40EA-238612F8E5A4
39.14383,-38.49938,0,68339CF4-6AFB-7EFB-40EA-238612F8E5A4
23.134172,-25.470879,0,68339CF4-6AFB-7EFB-40EA-238612F8E5A4
-1.1354187,-0.79407454,0,68339CF4-6AFB-7EFB-40EA-238612F8E5A4
-1.2509626,-0.5507677,0,68339CF4-6AFB-7EFB-40EA-238612F8E5A4
23.864267,-17.376585,1,68339CF4-6AFB-7EFB-40EA-238612F8E5A4
24.714106,-17.167353,1,68339CF4-6AFB-7EFB-40EA-238612F8E5A4
25.000347,-17.383429,1,68339CF4-6AFB-7EFB-40EA-238612F8E5A4
25.380098,-17.613535,1,68339CF4-6AFB-7EFB-40EA-238612F8E5A4
-17.69447,30.519413,2,68339CF4-6AFB-7EFB-40EA-238612F8E5A4
-17.89796,30.086578,2,68339CF4-6AFB-7EFB-40EA-238612F8E5A4
-17.681475,29.938683,2,68339CF4-6AFB-7EFB-40EA-238612F8E5A4
9.183865,-56.041405,2,6B1E25A6-882B-DDD7-CE4F-4EC17A0906CF
7.2606936,-56.317787,2,6B1E25A6-882B-DDD7-CE4F-4EC17A0906CF
-19.477648,-44.497726,0,6B1E25A6-882B-DDD7-CE4F-4EC17A0906CF
-19.542234,-44.48557,2,6B1E25A6-882B-DDD7-CE4F-4EC17A0906CF
-49.967426,21.87664,2,6B1E25A6-882B-DDD7-CE4F-4EC17A0906CF
-50.09762,21.901688,2,6B1E25A6-882B-DDD7-CE4F-4EC17A0906CF
19.336811,-13.8077545,0,6B1E25A6-882B-DDD7-CE4F-4EC17A0906CF
-44.85799,9.1153965,0,6B1E25A6-882B-DDD7-CE4F-4EC17A0906CF
-55.162804,-11.100209,0,6B1E25A6-882B-DDD7-CE4F-4EC17A0906CF
-58.312363,-11.349394,0,6B1E25A6-882B-DDD7-CE4F-4EC17A0906CF
-58.903633,-11.476505,1,6B1E25A6-882B-DDD7-CE4F-4EC17A0906CF
-59.43127,-11.445558,1,6B1E25A6-882B-DDD7-CE4F-4EC17A0906CF
-50.801792,-35.378517,2,6B1E25A6-882B-DDD7-CE4F-4EC17A0906CF
-9.918048,16.589834,2,6B1E25A6-882B-DDD7-CE4F-4EC17A0906CF
22.331562,33.443054,2,6B1E25A6-882B-DDD7-CE4F-4EC17A0906CF
22.4734,33.207096,0,6B1E25A6-882B-DDD7-CE4F-4EC17A0906CF
22.574175,33.069717,0,6B1E25A6-882B-DDD7-CE4F-4EC17A0906CF
37.014606,-35.197773,1,6B690AF9-8440-1C43-B353-FA85266AA12C
56.543377,-13.164325,1,6B690AF9-8440-1C43-B353-FA85266AA12C
-66.51137,-2.2000916,1,6B690AF9-8440-1C43-B353-FA85266AA12C
-43.302418,-16.911144,1,6B690AF9-8440-1C43-B353-FA85266AA12C
-43.286896,-16.887707,1,6B690AF9-8440-1C43-B353-FA85266AA12C
-65.903694,-1.9719832,1,6B690AF9-8440-1C43-B353-FA85266AA12C
-26.074549,-28.321623,1,6B690AF9-8440-1C43-B353-FA85266AA12C
-26.174746,-28.446642,1,6B690AF9-8440-1C43-B353-FA85266AA12C
-46.75833,-41.1141,2,6B690AF9-8440-1C43-B353-FA85266AA12C
-46.878082,-41.084896,2,6B690AF9-8440-1C43-B353-FA85266AA12C
-47.48921,-40.739044,2,6B690AF9-8440-1C43-B353-FA85266AA12C
-49.104992,-40.581966,2,6B690AF9-8440-1C43-B353-FA85266AA12C
-44.23323,30.51016,0,6C9454F6-2AA4-4C25-0387-C6CA7AFC4C13
-28.395638,48.753994,0,6C9454F6-2AA4-4C25-0387-C6CA7AFC4C13
-28.820608,48.224026,2,6C9454F6-2AA4-4C25-0387-C6CA7AFC4C13
-28.64641,47.939625,0,6C9454F6-2AA4-4C25-0387-C6CA7AFC4C13
-28.931265,46.695026,0,6C9454F6-2AA4-4C25-0387-C6CA7AFC4C13
-29.074131,46.47783,0,6C9454F6-2AA4-4C25-0387-C6CA7AFC4C13
-39.802826,30.281088,2,6C9454F6-2AA4-4C25-0387-C6CA7AFC4C13
38.451,45.185272,0,6C9454F6-2AA4-4C25-0387-C6CA7AFC4C13
38.663975,45.431564,0,6C9454F6-2AA4-4C25-0387-C6CA7AFC4C13
39.635452,45.70307,0,6C9454F6-2AA4-4C25-0387-C6CA7AFC4C13
39.734943,46.08809,0,6C9454F6-2AA4-4C25-0387-C6CA7AFC4C13
39.83465,46.362625,0,6C9454F6-2AA4-4C25-0387-C6CA7AFC4C13
12.914905,28.069242,0,6C9454F6-2AA4-4C25-0387-C6CA7AFC4C13
-17.978655,47.53083,0,6C9454F6-2AA4-4C25-0387-C6CA7AFC4C13
-26.939327,39.124012,0,6C9454F6-2AA4-4C25-0387-C6CA7AFC4C13
4.532996,9.577718,0,6C9454F6-2AA4-4C25-0387-C6CA7AFC4C13
4.3247886,10.663265,2,6C9454F6-2AA4-4C25-0387-C6CA7AFC4C13
4.3032656,10.763661,2,6C9454F6-2AA4-4C25-0387-C6CA7AFC4C13
38.31267,-18.48819,2,6C9454F6-2AA4-4C25-0387-C6CA7AFC4C13
-13.444335,-18.335867,2,6C9454F6-2AA4-4C25-0387-C6CA7AFC4C13
-36.481895,-26.727652,2,6C9454F6-2AA4-4C25-0387-C6CA7AFC4C13
-45.89235,-19.706308,2,6C9454F6-2AA4-4C25-0387-C6CA7AFC4C13
-47.744484,-23.628914,2,6C9454F6-2AA4-4C25-0387-C6CA7AFC4C13
-47.574963,-23.344187,2,6C9454F6-2AA4-4C25-0387-C6CA7AFC4C13
45.438324,28.898937,0,6C9454F6-2AA4-4C25-0387-C6CA7AFC4C13
-44.417152,-0.3347299,2,6C9454F6-2AA4-4C25-0387-C6CA7AFC4C13
-44.51435,-0.60404146,2,6C9454F6-2AA4-4C25-0387-C6CA7AFC4C13
-45.04833,-1.2056266,2,6C9454F6-2AA4-4C25-0387-C6CA7AFC4C13
-44.654243,-1.5657392,2,6C9454F6-2AA4-4C25-0387-C6CA7AFC4C13
-44.303795,-1.875238,2,6C9454F6-2AA4-4C25-0387-C6CA7AFC4C13
-44.312347,-44.97196,2,6C9454F6-2AA4-4C25-0387-C6CA7AFC4C13
-44.261223,-44.880253,2,6C9454F6-2AA4-4C25-0387-C6CA7AFC4C13
-43.445877,-44.732296,2,6C9454F6-2AA4-4C25-0387-C6CA7AFC4C13
3.3429332,-57.41765,0,6E42D32E-048C-D829-197E-7950E78F58CB
-6.7887154,-50.821587,0,6E42D32E-048C-D829-197E-7950E78F58CB
-7.4437222,-50.857754,0,6E42D32E-048C-D829-197E-7950E78F58CB
-7.721066,-50.60097,0,6E42D32E-048C-D829-197E-7950E78F58CB
-8.31336,-49.144157,2,6E42D32E-048C-D829-197E-7950E78F58CB
-8.596046,-48.70695,2,6E42D32E-048C-D829-197E-7950E78F58CB
42.84875,-34.089657,1,6E42D32E-048C-D829-197E-7950E78F58CB
-18.20307,-22.210968,1,6E42D32E-048C-D829-197E-7950E78F58CB
-18.122404,-22.052273,0,6E42D32E-048C-D829-197E-7950E78F58CB
-5.4069986,7.0260572,0,6E42D32E-048C-D829-197E-7950E78F58CB
-5.4134502,7.379772,0,6E42D32E-048C-D829-197E-7950E78F58CB
-5.298045,8.036613,2,6E42D32E-048C-D829-197E-7950E78F58CB
-37.98395,29.338167,2,6E42D32E-048C-D829-197E-7950E78F58CB
-37.670166,29.217064,2,6E42D32E-048C-D829-197E-7950E78F58CB
-37.66585,29.39029,2,6E42D32E-048C-D829-197E-7950E78F58CB
53.762486,8.038809,2,6E42D32E-048C-D829-197E-7950E78F58CB
53.147835,8.113223,2,6E42D32E-048C-D829-197E-7950E78F58CB
52.882755,8.192195,1,6E42D32E-048C-D829-197E-7950E78F58CB
-11.99529,46.405087,0,6E42D32E-048C-D829-197E-7950E78F58CB
-12.115944,46.14999,0,6E42D32E-048C-D829-197E-7950E78F58CB
-12.569216,45.116104,0,6E42D32E-048C-D829-197E-7950E78F58CB
-12.405799,45.07148,0,6E42D32E-048C-D829-197E-7950E78F58CB
-11.981933,44.068115,1,6E42D32E-048C-D829-197E-7950E78F58CB
57.651882,-10.553034,1,6E42D32E-048C-D829-197E-7950E78F58CB
2.206877,-9.121504,2,70432028-81AF-D67A-251E-D2F807AB93CF
2.2228177,-9.113249,2,70432028-81AF-D67A-251E-D2F807AB93CF
-24.137377,-22.605408,2,70432028-81AF-D67A-251E-D2F807AB93CF
-23.799839,-23.224224,2,70432028-81AF-D67A-251E-D2F807AB93CF
-23.736425,-23.487274,2,70432028-81AF-D67A-251E-D2F807AB93CF
-23.520508,-23.903898,2,70432028-81AF-D67A-251E-D2F807AB93CF
12.998811,-6.330367,2,70432028-81AF-D67A-251E-D2F807AB93CF
12.919861,-6.3679132,2,70432028-81AF-D67A-251E-D2F807AB93CF
12.099842,26.717445,0,70432028-81AF-D67A-251E-D2F807AB93CF
12.067994,26.669104,0,70432028-81AF-D67A-251E-D2F807AB93CF
52.042892,40.83204,0,70432028-81AF-D67A-251E-D2F807AB93CF
52.149456,40.76231,0,70432028-81AF-D67A-251E-D2F807AB93CF
-24.19221,5.9568505,0,70432028-81AF-D67A-251E-D2F807AB93CF
-24.304825,6.1822677,0,70432028-81AF-D67A-251E-D2F807AB93CF
-48.486465,-1.7729529,0,70432028-81AF-D67A-251E-D2F807AB93CF
-48.361908,-1.6726867,0,70432028-81AF-D67A-251E-D2F807AB93CF
-8.570365,27.028679,0,70432028-81AF-D67A-251E-D2F807AB93CF
-8.618734,27.069159,0,70432028-81AF-D67A-251E-D2F807AB93CF
-65.914246,-15.362084,2,70432028-81AF-D67A-251E-D2F807AB93CF
-65.332405,-15.561182,2,70432028-81AF-D67A-251E-D2F807AB93CF
-65.24745,-15.8142395,2,70432028-81AF-D67A-251E-D2F807AB93CF
-43.133488,-5.2065606,2,70432028-81AF-D67A-251E-D2F807AB93CF
-43.00284,-5.1671567,2,70432028-81AF-D67A-251E-D2F807AB93CF
-43.910927,-4.5952024,2,70432028-81AF-D67A-251E-D2F807AB93CF
-19.497374,45.684746,0,718078D1-70DB-2916-366D-1119A22DCD7F
-19.478842,45.529785,0,718078D1-70DB-2916-366D-1119A22DCD7F
-19.683699,44.801796,0,718078D1-70DB-2916-366D-1119A22DCD7F
-38.642685,16.435728,1,718078D1-70DB-2916-366D-1119A22DCD7F
-59.698223,-18.576262,0,718078D1-70DB-2916-366D-1119A22DCD7F
24.724958,9.173608,0,718078D1-70DB-2916-366D-1119A22DCD7F
24.958391,8.879546,0,718078D1-70DB-2916-366D-1119A22DCD7F
25.148842,7.9095516,0,718078D1-70DB-2916-366D-1119A22DCD7F
-2.448059,46.379456,0,718078D1-70DB-2916-366D-1119A22DCD7F
-2.4441876,46.686535,1,718078D1-70DB-2916-366D-1119A22DCD7F
5.08909,33.924015,1,718078D1-70DB-2916-366D-1119A22DCD7F
31.725382,-43.529556,1,718078D1-70DB-2916-366D-1119A22DCD7F
-47.61581,-16.062546,2,718078D1-70DB-2916-366D-1119A22DCD7F
15.919631,-7.314535,2,718078D1-70DB-2916-366D-1119A22DCD7F
-23.4862,-13.907029,0,718078D1-70DB-2916-366D-1119A22DCD7F
-23.544483,-14.0382395,0,718078D1-70DB-2916-366D-1119A22DCD7F
-33.841644,-18.253405,2,718078D1-70DB-2916-366D-1119A22DCD7F
-33.500584,-18.071733,2,718078D1-70DB-2916-366D-1119A22DCD7F
54.77892,11.6617365,2,718078D1-70DB-2916-366D-1119A22DCD7F
16.57342,32.711403,2,718078D1-70DB-2916-366D-1119A22DCD7F
16.702206,33.72997,2,718078D1-70DB-2916-366D-1119A22DCD7F
7.863383,40.104076,0,718078D1-70DB-2916-366D-1119A22DCD7F
7.702162,40.17819,0,718078D1-70DB-2916-366D-1119A22DCD7F
4.7453637,8.876559,0,718078D1-70DB-2916-366D-1119A22DCD7F
6.4804864,7.977861,0,718078D1-70DB-2916-366D-1119A22DCD7F
5.9616737,7.675948,0,718078D1-70DB-2916-366D-1119A22DCD7F
7.1981144,7.5680933,0,718078D1-70DB-2916-366D-1119A22DCD7F
7.729876,7.109864,0,718078D1-70DB-2916-366D-1119A22DCD7F
40.690258,-15.49824,1,718078D1-70DB-2916-366D-1119A22DCD7F
55.477604,-11.098354,0,718078D1-70DB-2916-366D-1119A22DCD7F
-18.4851,12.237995,2,72B642AD-2D4A-574F-05EC-EC93C0C52335
-18.221523,12.132105,2,72B642AD-2D4A-574F-05EC-EC93C0C52335
17.983301,-31.498327,2,72B642AD-2D4A-574F-05EC-EC93C0C52335
-19.4056,12.384857,2,72B642AD-2D4A-574F-05EC-EC93C0C52335
-46.186604,-30.004646,2,72B642AD-2D4A-574F-05EC-EC93C0C52335
-46.221474,-30.03129,2,72B642AD-2D4A-574F-05EC-EC93C0C52335
-6.486521,53.03972,2,72B642AD-2D4A-574F-05EC-EC93C0C52335
-4.6431813,53.524914,2,72B642AD-2D4A-574F-05EC-EC93C0C52335
-4.4071126,53.67728,1,72B642AD-2D4A-574F-05EC-EC93C0C52335
-7.75939,54.300014,2,72B642AD-2D4A-574F-05EC-EC93C0C52335
-8.053948,54.23756,2,72B642AD-2D4A-574F-05EC-EC93C0C52335
-8.669988,54.512123,2,72B642AD-2D4A-574F-05EC-EC93C0C52335
-6.124245,-17.572586,2,72B642AD-2D4A-574F-05EC-EC93C0C52335
-6.387893,-17.645845,2,72B642AD-2D4A-574F-05EC-EC93C0C52335
-7.259483,-17.851486,2,72B642AD-2D4A-574F-05EC-EC93C0C52335
-66.98258,6.07216,2,72B642AD-2D4A-574F-05EC-EC93C0C52335
-66.88821,6.0349503,2,72B642AD-2D4A-574F-05EC-EC93C0C52335
-66.73733,5.886534,2,72B642AD-2D4A-574F-05EC-EC93C0C52335
-15.998834,-20.351772,2,72B642AD-2D4A-574F-05EC-EC93C0C52335
-24.57138,-9.812466,2,72B642AD-2D4A-574F-05EC-EC93C0C52335
-24.714287,-9.857768,2,72B642AD-2D4A-574F-05EC-EC93C0C52335
-25.079914,-9.280286,0,72B642AD-2D4A-574F-05EC-EC93C0C52335
24.1094,5.981849,0,72B642AD-2D4A-574F-05EC-EC93C0C52335
-13.498265,41.06152,0,72B642AD-2D4A-574F-05EC-EC93C0C52335
-13.259851,40.708344,0,72B642AD-2D4A-574F-05EC-EC93C0C52335
14.580697,16.864014,0,72B642AD-2D4A-574F-05EC-EC93C0C52335
14.826531,16.850025,2,72B642AD-2D4A-574F-05EC-EC93C0C52335
35.726387,14.939628,2,72B642AD-2D4A-574F-05EC-EC93C0C52335
61.012024,-18.627443,2,72B642AD-2D4A-574F-05EC-EC93C0C52335
61.018192,-18.526268,2,72B642AD-2D4A-574F-05EC-EC93C0C52335
-27.381302,42.88582,2,7417E7AB-C723-0958-F8EE-DDA4DED65165
-27.426613,42.778194,2,7417E7AB-C723-0958-F8EE-DDA4DED65165
-30.371727,38.596195,2,7417E7AB-C723-0958-F8EE-DDA4DED65165
-30.539972,38.345722,2,7417E7AB-C723-0958-F8EE-DDA4DED65165
-30.849989,15.17227,1,7417E7AB-C723-0958-F8EE-DDA4DED65165
-30.86942,15.131803,1,7417E7AB-C723-0958-F8EE-DDA4DED65165
-25.59363,14.462475,2,7417E7AB-C723-0958-F8EE-DDA4DED65165
-25.501017,14.542897,2,7417E7AB-C723-0958-F8EE-DDA4DED65165
-25.363386,15.3152075,2,7417E7AB-C723-0958-F8EE-DDA4DED65165
6.5026855,31.01943,0,7417E7AB-C723-0958-F8EE-DDA4DED65165
6.500545,31.033659,0,7417E7AB-C723-0958-F8EE-DDA4DED65165
61.21862,2.5085835,0,7417E7AB-C723-0958-F8EE-DDA4DED65165
28.870901,-24.929518,1,7417E7AB-C723-0958-F8EE-DDA4DED65165
29.444613,-23.570372,1,7417E7AB-C723-0958-F8EE-DDA4DED65165
29.459595,-23.47559,1,7417E7AB-C723-0958-F8EE-DDA4DED65165
2.7885401,-46.813038,1,761D024F-3C62-5326-601A-88D436C7726A
0.3582034,-44.465363,1,761D024F-3C62-5326-601A-88D436C7726A
-16.49471,-47.898518,1,761D024F-3C62-5326-601A-88D436C7726A
-16.617237,-47.855385,1,761D024F-3C62-5326-601A-88D436C7726A
-17.794992,-48.366264,1,761D024F-3C62-5326-601A-88D436C7726A
-17.521189,-47.943256,2,761D024F-3C62-5326-601A-88D436C7726A
-70.377,-0.08517691,0,761D024F-3C62-5326-601A-88D436C7726A
-70.514015,-0.23198703,1,761D024F-3C62-5326-601A-88D436C7726A
-70.550674,-0.43651175,1,761D024F-3C62-5326-601A-88D436C7726A
-71.17772,-1.6703767,1,761D024F-3C62-5326-601A-88D436C7726A
-71.19387,-1.7063683,1,761D024F-3C62-5326-601A-88D436C7726A
-29.762032,-3.9359143,2,761D024F-3C62-5326-601A-88D436C7726A
-50.989204,23.969555,2,761D024F-3C62-5326-601A-88D436C7726A
-50.582836,25.078823,2,761D024F-3C62-5326-601A-88D436C7726A
-50.54603,25.051855,2,761D024F-3C62-5326-601A-88D436C7726A
-55.34989,0.38615176,2,761D024F-3C62-5326-601A-88D436C7726A
10.88349,-37.692516,2,761D024F-3C62-5326-601A-88D436C7726A
18.31412,4.586863,2,761D024F-3C62-5326-601A-88D436C7726A
-2.3680127,1.412153,2,761D024F-3C62-5326-601A-88D436C7726A
-2.3846734,1.4256431,1,761D024F-3C62-5326-601A-88D436C7726A
-2.5752773,1.7688891,1,761D024F-3C62-5326-601A-88D436C7726A
-2.9642627,2.6782048,1,761D024F-3C62-5326-601A-88D436C7726A
-54.515656,12.278058,0,761D024F-3C62-5326-601A-88D436C7726A
-44.92661,36.36367,0,761D024F-3C62-5326-601A-88D436C7726A
2.1931446,-21.522678,2,772BA0E9-AC30-CEA6-AA1B-18A0300702AA
-24.64216,20.266779,2,772BA0E9-AC30-CEA6-AA1B-18A0300702AA
-25.29045,20.642569,2,772BA0E9-AC30-CEA6-AA1B-18A0300702AA
-25.404058,20.741072,2,772BA0E9-AC30-CEA6-AA1B-18A0300702AA
-25.167908,21.201633,2,772BA0E9-AC30-CEA6-AA1B-18A0300702AA
-23.039078,-20.249975,2,772BA0E9-AC30-CEA6-AA1B-18A0300702AA
11.431808,-14.257898,0,772BA0E9-AC30-CEA6-AA1B-18A0300702AA
10.920683,-13.883483,0,772BA0E9-AC30-CEA6-AA1B-18A0300702AA
10.5734625,-13.658176,0,772BA0E9-AC30-CEA6-AA1B-18A0300702AA
41.155933,39.511955,0,772BA0E9-AC30-CEA6-AA1B-18A0300702AA
40.246883,38.964287,0,772BA0E9-AC30-CEA6-AA1B-18A0300702AA
56.533928,10.482658,1,772BA0E9-AC30-CEA6-AA1B-18A0300702AA
44.810333,-16.19287,0,772BA0E9-AC30-CEA6-AA1B-18A0300702AA
44.81729,-16.106926,0,772BA0E9-AC30-CEA6-AA1B-18A0300702AA
44.243122,-15.731233,0,772BA0E9-AC30-CEA6-AA1B-18A0300702AA
44.465336,-15.221144,0,772BA0E9-AC30-CEA6-AA1B-18A0300702AA
60.88626,22.302433,2,772BA0E9-AC30-CEA6-AA1B-18A0300702AA
57.473557,-13.642714,2,772BA0E9-AC30-CEA6-AA1B-18A0300702AA
35.050667,-34.245396,1,77F6B31E-B228-3C6D-A66F-E7E6FDED3587
26.337837,-29.794737,1,77F6B31E-B228-3C6D-A66F-E7E6FDED3587
28.712818,16.967493,2,77F6B31E-B228-3C6D-A66F-E7E6FDED3587
-48.063152,3.6208467,2,77F6B31E-B228-3C6D-A66F-E7E6FDED3587
-57.509834,-16.749224,2,77F6B31E-B228-3C6D-A66F-E7E6FDED3587
-57.24349,-16.79489,2,77F6B31E-B228-3C6D-A66F-E7E6FDED3587
44.536747,-25.26315,1,77F6B31E-B228-3C6D-A66F-E7E6FDED3587
44.574966,-25.06041,1,77F6B31E-B228-3C6D-A66F-E7E6FDED3587
-30.290644,-44.697372,1,77F6B31E-B228-3C6D-A66F-E7E6FDED3587
-30.278913,-44.74046,1,77F6B31E-B228-3C6D-A66F-E7E6FDED3587
-29.743979,-44.190285,1,77F6B31E-B228-3C6D-A66F-E7E6FDED3587
-46.55861,4.8184257,1,77F6B31E-B228-3C6D-A66F-E7E6FDED3587
-46.50706,4.9215083,1,77F6B31E-B228-3C6D-A66F-E7E6FDED3587
-46.185726,5.540772,1,77F6B31E-B228-3C6D-A66F-E7E6FDED3587
-25.383572,48.535313,1,77F6B31E-B228-3C6D-A66F-E7E6FDED3587
-25.28997,48.64668,1,77F6B31E-B228-3C6D-A66F-E7E6FDED3587
62.34423,-27.567354,1,77F6B31E-B228-3C6D-A66F-E7E6FDED3587
52.538162,2.4602258,1,77F6B31E-B228-3C6D-A66F-E7E6FDED3587
-12.575599,55.642693,0,7B8B31F4-FFC3-7A4E-3EAF-78D5CA8ACB61
-20.147633,-16.913336,2,7B8B31F4-FFC3-7A4E-3EAF-78D5CA8ACB61
-33.135166,-33.73571,2,7B8B31F4-FFC3-7A4E-3EAF-78D5CA8ACB61
-33.155453,-33.77611,2,7B8B31F4-FFC3-7A4E-3EAF-78D5CA8ACB61
-33.065933,-33.64761,2,7B8B31F4-FFC3-7A4E-3EAF-78D5CA8ACB61
-36.999638,-16.589567,2,7B8B31F4-FFC3-7A4E-3EAF-78D5CA8ACB61
-36.919315,-16.636505,2,7B8B31F4-FFC3-7A4E-3EAF-78D5CA8ACB61
7.2616987,21.705946,2,7B8B31F4-FFC3-7A4E-3EAF-78D5CA8ACB61
7.6395125,22.188694,2,7B8B31F4-FFC3-7A4E-3EAF-78D5CA8ACB61
7.57936,22.484116,2,7B8B31F4-FFC3-7A4E-3EAF-78D5CA8ACB61
2.9414876,21.411976,2,7B8B31F4-FFC3-7A4E-3EAF-78D5CA8ACB61
2.9712348,21.43632,2,7B8B31F4-FFC3-7A4E-3EAF-78D5CA8ACB61
58.45366,-13.236342,0,7B8B31F4-FFC3-7A4E-3EAF-78D5CA8ACB61
50.93352,-20.323954,0,7B8B31F4-FFC3-7A4E-3EAF-78D5CA8ACB61
50.645752,-20.362726,1,7B8B31F4-FFC3-7A4E-3EAF-78D5CA8ACB61
51.866096,31.69482,1,7B8B31F4-FFC3-7A4E-3EAF-78D5CA8ACB61
23.587614,46.311417,1,7B8B31F4-FFC3-7A4E-3EAF-78D5CA8ACB61
23.619017,46.425053,0,7B8B31F4-FFC3-7A4E-3EAF-78D5CA8ACB61
-22.434155,-27.6535,2,7B8B31F4-FFC3-7A4E-3EAF-78D5CA8ACB61
-22.422878,-27.724848,2,7B8B31F4-FFC3-7A4E-3EAF-78D5CA8ACB61
12.644861,-31.30967,1,7B8B31F4-FFC3-7A4E-3EAF-78D5CA8ACB61
9.622586,-55.06212,2,7DC9729F-BA27-3831-6078-F8508766396A
11.753847,-52.53887,2,7DC9729F-BA27-3831-6078-F8508766396A
-4.4059896,-6.929718,2,7DC9729F-BA27-3831-6078-F8508766396A
-17.371487,-7.114142,2,7DC9729F-BA27-3831-6078-F8508766396A
-17.408115,-7.1408877,2,7DC9729F-BA27-3831-6078-F8508766396A
-17.28905,-5.035777,2,7DC9729F-BA27-3831-6078-F8508766396A
30.393705,16.041494,0,7DC9729F-BA27-3831-6078-F8508766396A
3.3175232,-38.46338,0,7DC9729F-BA27-3831-6078-F8508766396A
3.112381,-38.365242,0,7DC9729F-BA27-3831-6078-F8508766396A
2.7062335,-38.03654,0,7DC9729F-BA27-3831-6078-F8508766396A
-21.10859,0.09296011,0,7DC9729F-BA27-3831-6078-F8508766396A
-21.058018,0.11241234,0,7DC9729F-BA27-3831-6078-F8508766396A
13.260897,15.165471,2,7DC9729F-BA27-3831-6078-F8508766396A
5.5408545,-31.456564,2,7DC9729F-BA27-3831-6078-F8508766396A
32.620007,-14.942952,2,7DC9729F-BA27-3831-6078-F8508766396A
32.771458,-14.995102,2,7DC9729F-BA27-3831-6078-F8508766396A
31.867607,-14.281012,2,7DC9729F-BA27-3831-6078-F8508766396A
-40.7431,14.214465,0,7DC9729F-BA27-3831-6078-F8508766396A
-5.287325,25.93982,2,7DC9729F-BA27-3831-6078-F8508766396A
-5.620485,25.8075,2,7DC9729F-BA27-3831-6078-F8508766396A
-6.590355,24.756756,0,7DC9729F-BA27-3831-6078-F8508766396A
-32.629807,5.291011,2,7FB7C50A-30EA-A991-0C04-7FFA681B8803
-32.668613,5.305645,2,7FB7C50A-30EA-A991-0C04-7FFA681B8803
-10.887122,-2.7198048,2,7FB7C50A-30EA-A991-0C04-7FFA681B8803
-10.524913,-2.3840513,2,7FB7C50A-30EA-A991-0C04-7FFA681B8803
-10.510023,-2.2881665,2,7FB7C50A-30EA-A991-0C04-7FFA681B8803
27.65291,10.440225,0,7FB7C50A-30EA-A991-0C04-7FFA681B8803
56.385174,1.3685546,0,7FB7C50A-30EA-A991-0C04-7FFA681B8803
16.641113,-5.6097937,2,7FB7C50A-30EA-A991-0C04-7FFA681B8803
16.225042,-5.571788,2,7FB7C50A-30EA-A991-0C04-7FFA681B8803
-23.43901,37.893524,2,7FB7C50A-30EA-A991-0C04-7FFA681B8803
-23.47697,37.757572,0,7FB7C50A-30EA-A991-0C04-7FFA681B8803
-23.739666,49.835274,0,7FB7C50A-30EA-A991-0C04-7FFA681B8803
34.58375,-42.95535,1,7FB7C50A-30EA-A991-0C04-7FFA681B8803
35.532963,-40.04508,1,7FB7C50A-30EA-A991-0C04-7FFA681B8803
35.434254,-39.965096,1,7FB7C50A-30EA-A991-0C04-7FFA681B8803
12.154346,-3.7597628,1,7FB7C50A-30EA-A991-0C04-7FFA681B8803
15.812049,25.168638,1,7FB7C50A-30EA-A991-0C04-7FFA681B8803
21.558771,43.050842,1,7FB7C50A-30EA-A991-0C04-7FFA681B8803
20.432613,5.3493366,1,7FB7C50A-30EA-A991-0C04-7FFA681B8803
43.384937,33.637405,1,7FB7C50A-30EA-A991-0C04-7FFA681B8803
43.38075,33.627197,1,7FB7C50A-30EA-A991-0C04-7FFA681B8803
56.400555,8.388447,1,7FB7C50A-30EA-A991-0C04-7FFA681B8803
49.210854,28.240137,1,7FB7C50A-30EA-A991-0C04-7FFA681B8803
-3.576208,-36.086857,1,7FB7C50A-30EA-A991-0C04-7FFA681B8803
39.140106,-10.145361,1,7FB7C50A-30EA-A991-0C04-7FFA681B8803
-3.868254,-36.333813,1,7FB7C50A-30EA-A991-0C04-7FFA681B8803
-37.117943,-41.681168,0,7FB7C50A-30EA-A991-0C04-7FFA681B8803
-36.58412,-42.93222,0,7FB7C50A-30EA-A991-0C04-7FFA681B8803
-36.44589,-43.12622,0,7FB7C50A-30EA-A991-0C04-7FFA681B8803
44.059307,-28.260468,0,7FB7C50A-30EA-A991-0C04-7FFA681B8803
30.888205,-46.783947,0,8322EDEF-4C09-318A-1B7E-56D62A6839AD
30.923073,-46.814922,0,8322EDEF-4C09-318A-1B7E-56D62A6839AD
30.095945,-46.979866,0,8322EDEF-4C09-318A-1B7E-56D62A6839AD
9.143012,-29.918608,2,8322EDEF-4C09-318A-1B7E-56D62A6839AD
-40.968113,-37.439316,2,8322EDEF-4C09-318A-1B7E-56D62A6839AD
-40.97145,-37.434505,2,8322EDEF-4C09-318A-1B7E-56D62A6839AD
48.617958,47.451942,0,8322EDEF-4C09-318A-1B7E-56D62A6839AD
51.061977,47.27934,0,8322EDEF-4C09-318A-1B7E-56D62A6839AD
50.883953,47.20097,0,8322EDEF-4C09-318A-1B7E-56D62A6839AD
50.024044,46.803963,0,8322EDEF-4C09-318A-1B7E-56D62A6839AD
48.79359,46.603184,0,8322EDEF-4C09-318A-1B7E-56D62A6839AD
26.855038,40.528812,0,8322EDEF-4C09-318A-1B7E-56D62A6839AD
26.967777,40.188488,0,8322EDEF-4C09-318A-1B7E-56D62A6839AD
38.694557,10.063628,1,8322EDEF-4C09-318A-1B7E-56D62A6839AD
53.959297,13.177266,1,8322EDEF-4C09-318A-1B7E-56D62A6839AD
29.850853,7.2249527,1,8322EDEF-4C09-318A-1B7E-56D62A6839AD
29.932161,7.097839,1,8322EDEF-4C09-318A-1B7E-56D62A6839AD
56.142685,-8.866435,1,8322EDEF-4C09-318A-1B7E-56D62A6839AD
-55.07216,6.920211,1,8322EDEF-4C09-318A-1B7E-56D62A6839AD
-54.420277,7.731687,1,8322EDEF-4C09-318A-1B7E-56D62A6839AD
-54.456066,8.205582,1,8322EDEF-4C09-318A-1B7E-56D62A6839AD
-54.35634,8.485072,2,8322EDEF-4C09-318A-1B7E-56D62A6839AD
-54.40137,9.081971,2,8322EDEF-4C09-318A-1B7E-56D62A6839AD
-56.486073,21.640259,2,8322EDEF-4C09-318A-1B7E-56D62A6839AD
66.2733,-20.795576,1,8322EDEF-4C09-318A-1B7E-56D62A6839AD
66.381714,-21.318674,1,8322EDEF-4C09-318A-1B7E-56D62A6839AD
66.88721,-21.499468,1,8322EDEF-4C09-318A-1B7E-56D62A6839AD
67.28889,-21.140993,1,8322EDEF-4C09-318A-1B7E-56D62A6839AD
67.185585,-20.612778,1,8322EDEF-4C09-318A-1B7E-56D62A6839AD
66.678276,-20.431974,1,8322EDEF-4C09-318A-1B7E-56D62A6839AD
-44.615906,38.61963,0,8407F9C4-C295-8C95-C281-584AF2118F84
-45.06317,37.747063,2,8407F9C4-C295-8C95-C281-584AF2118F84
-45.81571,37.311153,2,8407F9C4-C295-8C95-C281-584AF2118F84
-45.742428,37.242786,2,8407F9C4-C295-8C95-C281-584AF2118F84
-23.054483,27.4558,2,8407F9C4-C295-8C95-C281-584AF2118F84
-22.88542,27.471708,2,8407F9C4-C295-8C95-C281-584AF2118F84
-36.635414,10.854453,2,8407F9C4-C295-8C95-C281-584AF2118F84
5.292053,38.67781,2,8407F9C4-C295-8C95-C281-584AF2118F84
5.4949346,38.328583,2,8407F9C4-C295-8C95-C281-584AF2118F84
19.282625,30.348701,2,8407F9C4-C295-8C95-C281-584AF2118F84
19.278355,30.337442,2,8407F9C4-C295-8C95-C281-584AF2118F84
-13.593891,-14.685183,2,85748DC9-A6DA-334D-6422-BF69EE06A98C
18.714537,1.4525719,2,85748DC9-A6DA-334D-6422-BF69EE06A98C
18.221153,1.7745063,2,85748DC9-A6DA-334D-6422-BF69EE06A98C
17.546396,1.4741734,0,85748DC9-A6DA-334D-6422-BF69EE06A98C
17.316395,0.83509845,2,85748DC9-A6DA-334D-6422-BF69EE06A98C
16.370531,1.7215562,2,85748DC9-A6DA-334D-6422-BF69EE06A98C
36.266876,12.773684,1,85748DC9-A6DA-334D-6422-BF69EE06A98C
57.428272,15.1481085,1,85748DC9-A6DA-334D-6422-BF69EE06A98C
57.48252,14.797795,1,85748DC9-A6DA-334D-6422-BF69EE06A98C
56.294724,16.164131,1,85748DC9-A6DA-334D-6422-BF69EE06A98C
55.127472,16.79277,1,85748DC9-A6DA-334D-6422-BF69EE06A98C
20.006218,-25.029932,1,85748DC9-A6DA-334D-6422-BF69EE06A98C
31.341017,-40.438583,1,85748DC9-A6DA-334D-6422-BF69EE06A98C
17.843525,-14.304672,1,85748DC9-A6DA-334D-6422-BF69EE06A98C
17.619244,-14.166579,1,85748DC9-A6DA-334D-6422-BF69EE06A98C
6.4393935,5.2946587,1,85748DC9-A6DA-334D-6422-BF69EE06A98C
53.375763,-13.38338,1,85748DC9-A6DA-334D-6422-BF69EE06A98C
53.538548,-13.304871,1,85748DC9-A6DA-334D-6422-BF69EE06A98C
-16.88395,50.539955,0,862DB2BA-55C9-5794-03BC-FBBA3BEE80C7
-16.889372,50.516632,0,862DB2BA-55C9-5794-03BC-FBBA3BEE80C7
20.497194,44.19931,0,862DB2BA-55C9-5794-03BC-FBBA3BEE80C7
61.000202,-7.0581856,0,862DB2BA-55C9-5794-03BC-FBBA3BEE80C7
59.89229,-11.086549,1,862DB2BA-55C9-5794-03BC-FBBA3BEE80C7
33.786037,-42.005363,1,862DB2BA-55C9-5794-03BC-FBBA3BEE80C7
41.83739,45.92347,0,862DB2BA-55C9-5794-03BC-FBBA3BEE80C7
20.880045,25.027838,0,862DB2BA-55C9-5794-03BC-FBBA3BEE80C7
21.462538,25.040245,1,862DB2BA-55C9-5794-03BC-FBBA3BEE80C7
21.48676,24.843538,2,862DB2BA-55C9-5794-03BC-FBBA3BEE80C7
20.820322,24.485096,2,862DB2BA-55C9-5794-03BC-FBBA3BEE80C7
20.323956,23.923609,2,862DB2BA-55C9-5794-03BC-FBBA3BEE80C7
19.608858,-24.457872,2,862DB2BA-55C9-5794-03BC-FBBA3BEE80C7
53.136074,20.296124,2,862DB2BA-55C9-5794-03BC-FBBA3BEE80C7
-27.971964,37.781918,2,862DB2BA-55C9-5794-03BC-FBBA3BEE80C7
-36.056957,39.00847,2,862DB2BA-55C9-5794-03BC-FBBA3BEE80C7
-44.135822,7.3367586,2,862DB2BA-55C9-5794-03BC-FBBA3BEE80C7
-36.24202,38.229786,2,862DB2BA-55C9-5794-03BC-FBBA3BEE80C7
29.66805,-0.13695423,2,862DB2BA-55C9-5794-03BC-FBBA3BEE80C7
29.546202,-0.015601346,2,862DB2BA-55C9-5794-03BC-FBBA3BEE80C7
20.54407,13.066074,2,862DB2BA-55C9-5794-03BC-FBBA3BEE80C7
-2.4025738,-11.625307,2,8690E8B6-9B41-5F0E-C518-8F2D028C6690
-68.914116,-3.077467,2,8690E8B6-9B41-5F0E-C518-8F2D028C6690
-68.65893,-4.2372093,2,8690E8B6-9B41-5F0E-C518-8F2D028C6690
-68.48399,-4.775496,2,8690E8B6-9B41-5F0E-C518-8F2D028C6690
-68.450874,-5.4472218,2,8690E8B6-9B41-5F0E-C518-8F2D028C6690
-68.17996,-5.5296783,2,8690E8B6-9B41-5F0E-C518-8F2D028C6690
-33.02769,27.78078,2,8690E8B6-9B41-5F0E-C518-8F2D028C6690
-33.192257,27.571465,2,8690E8B6-9B41-5F0E-C518-8F2D028C6690
-33.372047,27.272026,2,8690E8B6-9B41-5F0E-C518-8F2D028C6690
-36.01803,26.483238,2,8690E8B6-9B41-5F0E-C518-8F2D028C6690
-36.03939,26.492493,0,8690E8B6-9B41-5F0E-C518-8F2D028C6690
18.947483,-22.856205,0,8690E8B6-9B41-5F0E-C518-8F2D028C6690
-40.66781,17.909351,2,8690E8B6-9B41-5F0E-C518-8F2D028C6690
-40.79341,18.11178,0,8690E8B6-9B41-5F0E-C518-8F2D028C6690
-41.158947,17.898745,0,8690E8B6-9B41-5F0E-C518-8F2D028C6690
1.9059803,-23.85042,0,8690E8B6-9B41-5F0E-C518-8F2D028C6690
1.9312238,-23.835413,0,8690E8B6-9B41-5F0E-C518-8F2D028C6690
12.045443,-27.07023,1,8690E8B6-9B41-5F0E-C518-8F2D028C6690
61.10264,-28.88668,0,8690E8B6-9B41-5F0E-C518-8F2D028C6690
51.25696,19.482096,0,8690E8B6-9B41-5F0E-C518-8F2D028C6690
51.409534,19.682344,0,8690E8B6-9B41-5F0E-C518-8F2D028C6690
53.549335,19.901047,0,8690E8B6-9B41-5F0E-C518-8F2D028C6690
43.368885,2.6020272,0,8690E8B6-9B41-5F0E-C518-8F2D028C6690
43.007126,2.5329323,1,8690E8B6-9B41-5F0E-C518-8F2D028C6690
1.4857118,-51.51635,2,874A6B13-C999-C802-1138-FA198591D897
-59.270782,15.985075,2,874A6B13-C999-C802-1138-FA198591D897
-59.25654,16.41754,2,874A6B13-C999-C802-1138-FA198591D897
-59.50387,15.812232,2,874A6B13-C999-C802-1138-FA198591D897
-59.275143,18.474195,2,874A6B13-C999-C802-1138-FA198591D897
-59.28516,18.80738,0,874A6B13-C999-C802-1138-FA198591D897
43.024445,7.591523,0,874A6B13-C999-C802-1138-FA198591D897
65.402565,-12.725158,0,874A6B13-C999-C802-1138-FA198591D897
43.58643,7.691662,0,874A6B13-C999-C802-1138-FA198591D897
43.641376,7.8491206,0,874A6B13-C999-C802-1138-FA198591D897
-0.5409392,9.4642515,1,874A6B13-C999-C802-1138-FA198591D897
-52.886185,11.707508,2,874A6B13-C999-C802-1138-FA198591D897
-42.868645,-30.586573,2,874A6B13-C999-C802-1138-FA198591D897
-49.00419,-38.091496,2,874A6B13-C999-C802-1138-FA198591D897
-47.51657,-37.89561,2,874A6B13-C999-C802-1138-FA198591D897
-47.648575,-37.77676,2,874A6B13-C999-C802-1138-FA198591D897
-2.3704941,25.240828,2,874A6B13-C999-C802-1138-FA198591D897
-2.3984435,25.660564,0,874A6B13-C999-C802-1138-FA198591D897
-13.088006,20.640781,2,874A6B13-C999-C802-1138-FA198591D897
-11.535637,5.7863255,2,874A6B13-C999-C802-1138-FA198591D897
37.67378,27.401026,2,874A6B13-C999-C802-1138-FA198591D897
37.654537,27.287268,2,874A6B13-C999-C802-1138-FA198591D897
-42.774513,-23.262928,2,874A6B13-C999-C802-1138-FA198591D897
-42.83295,-23.435833,2,874A6B13-C999-C802-1138-FA198591D897
12.9576645,-40.922596,2,9268F759-54B0-96CC-C0F5-9D8DBAA12073
12.9803295,-40.332882,2,9268F759-54B0-96CC-C0F5-9D8DBAA12073
-49.641964,-24.46974,2,9268F759-54B0-96CC-C0F5-9D8DBAA12073
-57.48071,-14.523677,2,9268F759-54B0-96CC-C0F5-9D8DBAA12073
-57.223183,-14.424477,2,9268F759-54B0-96CC-C0F5-9D8DBAA12073
-57.23835,-14.207008,2,9268F759-54B0-96CC-C0F5-9D8DBAA12073
50.118454,-30.695436,2,9268F759-54B0-96CC-C0F5-9D8DBAA12073
50.48937,-30.404882,2,9268F759-54B0-96CC-C0F5-9D8DBAA12073
50.5539,-30.348017,2,9268F759-54B0-96CC-C0F5-9D8DBAA12073
43.933357,-4.3620396,2,9268F759-54B0-96CC-C0F5-9D8DBAA12073
44.113396,-4.622399,2,9268F759-54B0-96CC-C0F5-9D8DBAA12073
27.27354,24.685274,2,9268F759-54B0-96CC-C0F5-9D8DBAA12073
27.096668,26.014915,2,9268F759-54B0-96CC-C0F5-9D8DBAA12073
27.256878,26.344185,2,9268F759-54B0-96CC-C0F5-9D8DBAA12073
27.202154,26.696114,2,9268F759-54B0-96CC-C0F5-9D8DBAA12073
28.13226,26.436413,2,9268F759-54B0-96CC-C0F5-9D8DBAA12073
26.441465,25.440592,2,9268F759-54B0-96CC-C0F5-9D8DBAA12073
-12.905558,-10.434944,2,9268F759-54B0-96CC-C0F5-9D8DBAA12073
19.047932,36.517,1,9268F759-54B0-96CC-C0F5-9D8DBAA12073
18.476307,-11.628592,1,9268F759-54B0-96CC-C0F5-9D8DBAA12073
-27.82217,23.20094,1,9268F759-54B0-96CC-C0F5-9D8DBAA12073
-27.83154,23.814016,1,9268F759-54B0-96CC-C0F5-9D8DBAA12073
-27.503931,22.762363,2,9268F759-54B0-96CC-C0F5-9D8DBAA12073
-28.985462,42.22168,2,9268F759-54B0-96CC-C0F5-9D8DBAA12073
58.250755,16.651512,0,9268F759-54B0-96CC-C0F5-9D8DBAA12073
63.752953,-4.2220907,0,9268F759-54B0-96CC-C0F5-9D8DBAA12073
63.71597,-3.7187378,0,9268F759-54B0-96CC-C0F5-9D8DBAA12073
47.275665,12.822033,1,9268F759-54B0-96CC-C0F5-9D8DBAA12073
47.215397,12.906108,1,9268F759-54B0-96CC-C0F5-9D8DBAA12073
15.947633,-44.441147,0,96B78431-4166-E4D3-2AA2-15BE2512E1D6
16.720531,-44.927284,0,96B78431-4166-E4D3-2AA2-15BE2512E1D6
17.085596,-44.96637,0,96B78431-4166-E4D3-2AA2-15BE2512E1D6
17.10682,-44.86943,0,96B78431-4166-E4D3-2AA2-15BE2512E1D6
53.659508,-15.526974,0,96B78431-4166-E4D3-2AA2-15BE2512E1D6
48.991592,-13.745356,0,96B78431-4166-E4D3-2AA2-15BE2512E1D6
48.97859,-13.757835,1,96B78431-4166-E4D3-2AA2-15BE2512E1D6
-64.41042,-3.5505223,1,96B78431-4166-E4D3-2AA2-15BE2512E1D6
-64.55314,-3.512088,1,96B78431-4166-E4D3-2AA2-15BE2512E1D6
-35.45705,0.6012709,1,96B78431-4166-E4D3-2AA2-15BE2512E1D6
-9.053321,1.116217,1,96B78431-4166-E4D3-2AA2-15BE2512E1D6
-9.052629,1.0995635,1,96B78431-4166-E4D3-2AA2-15BE2512E1D6
18.077906,33.881325,1,96B78431-4166-E4D3-2AA2-15BE2512E1D6
15.557588,29.905516,1,96B78431-4166-E4D3-2AA2-15BE2512E1D6
15.601296,29.809572,1,96B78431-4166-E4D3-2AA2-15BE2512E1D6
23.533735,-21.552101,1,96B78431-4166-E4D3-2AA2-15BE2512E1D6
23.518927,-21.553707,1,96B78431-4166-E4D3-2AA2-15BE2512E1D6
51.18451,-0.4460456,1,96B78431-4166-E4D3-2AA2-15BE2512E1D6
35.10651,23.404337,1,96B78431-4166-E4D3-2AA2-15BE2512E1D6
10.140158,29.60227,1,96B78431-4166-E4D3-2AA2-15BE2512E1D6
9.86914,29.490479,2,96B78431-4166-E4D3-2AA2-15BE2512E1D6
9.286318,33.869057,2,96B78431-4166-E4D3-2AA2-15BE2512E1D6
9.110656,34.10242,2,96B78431-4166-E4D3-2AA2-15BE2512E1D6
8.458254,34.32449,2,96B78431-4166-E4D3-2AA2-15BE2512E1D6
9.324728,-7.619597,1,96B78431-4166-E4D3-2AA2-15BE2512E1D6
9.317142,-7.5854897,1,96B78431-4166-E4D3-2AA2-15BE2512E1D6
-8.836899,24.952503,1,96B78431-4166-E4D3-2AA2-15BE2512E1D6
-9.39361,24.533787,1,96B78431-4166-E4D3-2AA2-15BE2512E1D6
-9.825815,24.53934,2,96B78431-4166-E4D3-2AA2-15BE2512E1D6
-11.159751,23.750517,2,96B78431-4166-E4D3-2AA2-15BE2512E1D6
33.87648,-30.774632,1,99C0C5AE-01AD-1BB2-A36B-74B166CB26BA
33.673553,-30.151457,1,99C0C5AE-01AD-1BB2-A36B-74B166CB26BA
33.292683,-29.5092,1,99C0C5AE-01AD-1BB2-A36B-74B166CB26BA
33.002346,-28.148973,1,99C0C5AE-01AD-1BB2-A36B-74B166CB26BA
-2.4686675,-50.940334,1,99C0C5AE-01AD-1BB2-A36B-74B166CB26BA
-2.479756,-50.99024,1,99C0C5AE-01AD-1BB2-A36B-74B166CB26BA
-30.000246,30.821882,2,99C0C5AE-01AD-1BB2-A36B-74B166CB26BA
-29.96962,30.5992,2,99C0C5AE-01AD-1BB2-A36B-74B166CB26BA
-5.430987,-13.993694,2,99C0C5AE-01AD-1BB2-A36B-74B166CB26BA
-5.15341,-13.159326,2,99C0C5AE-01AD-1BB2-A36B-74B166CB26BA
-5.4919486,-12.6583395,2,99C0C5AE-01AD-1BB2-A36B-74B166CB26BA
-5.7102838,-12.300652,2,99C0C5AE-01AD-1BB2-A36B-74B166CB26BA
-14.746789,-8.101874,0,9A80CFF4-085D-6435-BA08-18E6496A8381
-13.848611,-9.315131,0,9A80CFF4-085D-6435-BA08-18E6496A8381
-14.100496,-8.825697,2,9A80CFF4-085D-6435-BA08-18E6496A8381
-14.0530405,-6.4324455,2,9A80CFF4-085D-6435-BA08-18E6496A8381
-14.155164,-6.4725847,2,9A80CFF4-085D-6435-BA08-18E6496A8381
1.2447758,44.688267,2,9A80CFF4-085D-6435-BA08-18E6496A8381
-47.204105,24.148785,2,9A80CFF4-085D-6435-BA08-18E6496A8381
-35.73729,22.848553,2,9A80CFF4-085D-6435-BA08-18E6496A8381
-35.76099,22.681025,2,9A80CFF4-085D-6435-BA08-18E6496A8381
-35.11997,23.83574,2,9A80CFF4-085D-6435-BA08-18E6496A8381
-34.935646,23.871069,2,9A80CFF4-085D-6435-BA08-18E6496A8381
-27.864624,44.967896,0,9A80CFF4-085D-6435-BA08-18E6496A8381
-30.09387,44.294334,0,9A80CFF4-085D-6435-BA08-18E6496A8381
-27.12856,45.152195,2,9A80CFF4-085D-6435-BA08-18E6496A8381
-26.566935,45.634098,2,9A80CFF4-085D-6435-BA08-18E6496A8381
-25.812145,46.15972,2,9A80CFF4-085D-6435-BA08-18E6496A8381
-47.31547,-14.708957,2,9A80CFF4-085D-6435-BA08-18E6496A8381
-47.341587,-14.985114,2,9A80CFF4-085D-6435-BA08-18E6496A8381
19.778406,15.886312,0,9A80CFF4-085D-6435-BA08-18E6496A8381
59.05651,7.231656,0,9A80CFF4-085D-6435-BA08-18E6496A8381
31.392584,-2.093503,0,9A80CFF4-085D-6435-BA08-18E6496A8381
-43.968567,13.864645,0,9A80CFF4-085D-6435-BA08-18E6496A8381
-43.9857,13.907114,0,9A80CFF4-085D-6435-BA08-18E6496A8381
-65.63944,-13.57159,0,9A80CFF4-085D-6435-BA08-18E6496A8381
-69.88947,-16.066229,2,9A80CFF4-085D-6435-BA08-18E6496A8381
-69.82831,-16.33871,2,9A80CFF4-085D-6435-BA08-18E6496A8381
-69.67373,-17.139288,2,9A80CFF4-085D-6435-BA08-18E6496A8381
-47.61487,35.7534,2,9A80CFF4-085D-6435-BA08-18E6496A8381
42.636658,30.394896,0,9A80CFF4-085D-6435-BA08-18E6496A8381
42.63932,30.366425,0,9A80CFF4-085D-6435-BA08-18E6496A8381
-52.15987,5.3094034,0,9C694EBE-9421-F45A-ED92-F521991A6A52
-56.26085,17.132107,2,9C694EBE-9421-F45A-ED92-F521991A6A52
-68.48068,3.611174,2,9C694EBE-9421-F45A-ED92-F521991A6A52
-61.714436,21.210175,0,9C694EBE-9421-F45A-ED92-F521991A6A52
-61.864334,21.506033,0,9C694EBE-9421-F45A-ED92-F521991A6A52
-62.076523,22.09748,0,9C694EBE-9421-F45A-ED92-F521991A6A52
23.31787,40.348373,0,9C694EBE-9421-F45A-ED92-F521991A6A52
23.1682,40.149437,2,9C694EBE-9421-F45A-ED92-F521991A6A52
22.943838,39.956272,2,9C694EBE-9421-F45A-ED92-F521991A6A52
12.9898405,-1.436883,2,9C694EBE-9421-F45A-ED92-F521991A6A52
13.073669,-1.5359389,2,9C694EBE-9421-F45A-ED92-F521991A6A52
45.848587,9.776992,0,9C694EBE-9421-F45A-ED92-F521991A6A52
58.557987,9.144142,2,9C694EBE-9421-F45A-ED92-F521991A6A52
47.223877,31.422482,2,9C694EBE-9421-F45A-ED92-F521991A6A52
47.267315,31.672613,2,9C694EBE-9421-F45A-ED92-F521991A6A52
49.494804,34.752396,2,9C694EBE-9421-F45A-ED92-F521991A6A52
49.88014,35.428043,0,9C694EBE-9421-F45A-ED92-F521991A6A52
50.573856,34.91488,0,9C694EBE-9421-F45A-ED92-F521991A6A52
-29.167099,3.8931408,2,9E6EBCE2-44FB-8F07-4135-E91140B34096
-29.106598,4.084319,2,9E6EBCE2-44FB-8F07-4135-E91140B34096
-6.3560266,51.673866,2,9E6EBCE2-44FB-8F07-4135-E91140B34096
-0.31261557,58.088886,2,9E6EBCE2-44FB-8F07-4135-E91140B34096
-0.43451533,59.062935,2,9E6EBCE2-44FB-8F07-4135-E91140B34096
-0.08010575,59.34863,2,9E6EBCE2-44FB-8F07-4135-E91140B34096
58.865616,33.15406,0,9E6EBCE2-44FB-8F07-4135-E91140B34096
58.929638,33.013794,2,9E6EBCE2-44FB-8F07-4135-E91140B34096
31.112413,12.032783,2,9E6EBCE2-44FB-8F07-4135-E91140B34096
31.19584,11.992839,2,9E6EBCE2-44FB-8F07-4135-E91140B34096
-27.312872,-11.255658,2,9E6EBCE2-44FB-8F07-4135-E91140B34096
-60.387917,-17.785835,2,9E6EBCE2-44FB-8F07-4135-E91140B34096
2.7254462,-56.552036,2,A135AF2A-692D-9C83-AB54-34F977E4D14D
-13.729474,-43.238804,2,A135AF2A-692D-9C83-AB54-34F977E4D14D
-14.343994,-43.141685,2,A135AF2A-692D-9C83-AB54-34F977E4D14D
-16.916012,-40.91108,0,A135AF2A-692D-9C83-AB54-34F977E4D14D
-5.8741493,41.54018,2,A135AF2A-692D-9C83-AB54-34F977E4D14D
-23.680609,-4.013872,2,A135AF2A-692D-9C83-AB54-34F977E4D14D
-23.63447,-3.762578,2,A135AF2A-692D-9C83-AB54-34F977E4D14D
-23.700544,9.991415,2,A135AF2A-692D-9C83-AB54-34F977E4D14D
-23.687433,9.969633,0,A135AF2A-692D-9C83-AB54-34F977E4D14D
-23.57409,-3.1971405,0,A135AF2A-692D-9C83-AB54-34F977E4D14D
-15.978779,0.7329726,0,A135AF2A-692D-9C83-AB54-34F977E4D14D
3.3754842,-41.564404,0,A135AF2A-692D-9C83-AB54-34F977E4D14D
-60.82251,29.207947,2,A135AF2A-692D-9C83-AB54-34F977E4D14D
-60.526928,29.775318,2,A135AF2A-692D-9C83-AB54-34F977E4D14D
-60.298916,29.18896,2,A135AF2A-692D-9C83-AB54-34F977E4D14D
-59.941124,29.89303,2,A135AF2A-692D-9C83-AB54-34F977E4D14D
-59.73582,29.548231,2,A135AF2A-692D-9C83-AB54-34F977E4D14D
-55.058247,-15.308391,2,A135AF2A-692D-9C83-AB54-34F977E4D14D
-40.858433,26.559046,2,A135AF2A-692D-9C83-AB54-34F977E4D14D
13.731678,14.1192875,0,A135AF2A-692D-9C83-AB54-34F977E4D14D
13.736023,14.18788,0,A135AF2A-692D-9C83-AB54-34F977E4D14D
-39.056282,24.677519,1,A135AF2A-692D-9C83-AB54-34F977E4D14D
-46.37538,11.731071,2,A135AF2A-692D-9C83-AB54-34F977E4D14D
-46.32513,11.767384,2,A135AF2A-692D-9C83-AB54-34F977E4D14D
-51.68073,-20.680164,2,A135AF2A-692D-9C83-AB54-34F977E4D14D
-51.74536,-20.68603,2,A135AF2A-692D-9C83-AB54-34F977E4D14D
-13.681355,-17.011976,2,A135AF2A-692D-9C83-AB54-34F977E4D14D
-13.160574,-16.839102,2,A135AF2A-692D-9C83-AB54-34F977E4D14D
-10.573162,-6.0237923,2,A135AF2A-692D-9C83-AB54-34F977E4D14D
-10.5984745,-5.921872,2,A135AF2A-692D-9C83-AB54-34F977E4D14D
3.6142166,28.13922,2,A7C426E7-344F-99F4-6E35-453AF3AD9C2C
3.9941437,28.380552,2,A7C426E7-344F-99F4-6E35-453AF3AD9C2C
15.117733,-12.698836,2,A7C426E7-344F-99F4-6E35-453AF3AD9C2C
4.857972,28.785187,2,A7C426E7-344F-99F4-6E35-453AF3AD9C2C
39.692745,-37.74324,1,A7C426E7-344F-99F4-6E35-453AF3AD9C2C
30.162422,-32.142662,1,A7C426E7-344F-99F4-6E35-453AF3AD9C2C
53.35453,11.231029,0,A7C426E7-344F-99F4-6E35-453AF3AD9C2C
53.38184,11.236607,0,A7C426E7-344F-99F4-6E35-453AF3AD9C2C
32.271606,40.39948,0,A7C426E7-344F-99F4-6E35-453AF3AD9C2C
32.37889,41.316463,2,A7C426E7-344F-99F4-6E35-453AF3AD9C2C
32.3716,41.94858,2,A7C426E7-344F-99F4-6E35-453AF3AD9C2C
32.51843,42.783638,2,A7C426E7-344F-99F4-6E35-453AF3AD9C2C
32.290733,43.309887,2,A7C426E7-344F-99F4-6E35-453AF3AD9C2C
55.442444,25.115782,1,A7C426E7-344F-99F4-6E35-453AF3AD9C2C
55.95663,24.850391,1,A7C426E7-344F-99F4-6E35-453AF3AD9C2C
55.76089,-10.407014,1,A7C426E7-344F-99F4-6E35-453AF3AD9C2C
37.72074,-37.190083,1,A7C426E7-344F-99F4-6E35-453AF3AD9C2C
38.65476,-37.276096,1,A7C426E7-344F-99F4-6E35-453AF3AD9C2C
47.23428,-11.179415,1,A7C426E7-344F-99F4-6E35-453AF3AD9C2C
20.299835,8.904666,1,A7C426E7-344F-99F4-6E35-453AF3AD9C2C
20.453777,9.247252,1,A7C426E7-344F-99F4-6E35-453AF3AD9C2C
20.725729,9.951561,1,A7C426E7-344F-99F4-6E35-453AF3AD9C2C
21.258793,9.765648,0,A7C426E7-344F-99F4-6E35-453AF3AD9C2C
21.82849,9.958403,0,A7C426E7-344F-99F4-6E35-453AF3AD9C2C
25.01303,49.234856,0,A7C426E7-344F-99F4-6E35-453AF3AD9C2C
-4.1258917,11.844196,1,A7C426E7-344F-99F4-6E35-453AF3AD9C2C
-22.917088,-35.488743,1,A7C426E7-344F-99F4-6E35-453AF3AD9C2C
-22.91773,-36.231117,1,A7C426E7-344F-99F4-6E35-453AF3AD9C2C
-22.62796,-36.029087,1,A7C426E7-344F-99F4-6E35-453AF3AD9C2C
-22.077969,-36.103188,1,A7C426E7-344F-99F4-6E35-453AF3AD9C2C
-54.564133,-2.797672,2,AB9921A8-F143-E101-6A47-E66882F571B2
-49.605186,30.062447,2,AB9921A8-F143-E101-6A47-E66882F571B2
-14.82535,54.67977,2,AB9921A8-F143-E101-6A47-E66882F571B2
-14.653512,54.729248,0,AB9921A8-F143-E101-6A47-E66882F571B2
-13.891597,54.987053,0,AB9921A8-F143-E101-6A47-E66882F571B2
58.636055,34.877666,0,AB9921A8-F143-E101-6A47-E66882F571B2
37.646626,-40.331482,1,AB9921A8-F143-E101-6A47-E66882F571B2
6.4628572,-1.4216579,1,AB9921A8-F143-E101-6A47-E66882F571B2
6.0122705,9.335811,1,AB9921A8-F143-E101-6A47-E66882F571B2
6.4796467,-1.42065,0,AB9921A8-F143-E101-6A47-E66882F571B2
-26.033304,-44.564377,0,AB9921A8-F143-E101-6A47-E66882F571B2
-26.102282,-44.58378,0,AB9921A8-F143-E101-6A47-E66882F571B2
-0.3021306,-26.277357,2,AB9921A8-F143-E101-6A47-E66882F571B2
-0.27573758,-26.264793,2,AB9921A8-F143-E101-6A47-E66882F571B2
20.342274,-22.209187,2,AB9921A8-F143-E101-6A47-E66882F571B2
42.053406,26.236294,2,AB9921A8-F143-E101-6A47-E66882F571B2
42.153336,26.292128,1,AB9921A8-F143-E101-6A47-E66882F571B2
26.85135,47.630287,0,AB9921A8-F143-E101-6A47-E66882F571B2
-14.918865,27.17018,0,AB9921A8-F143-E101-6A47-E66882F571B2
49.324978,30.289639,0,AB9921A8-F143-E101-6A47-E66882F571B2
49.91194,30.777773,0,AB9921A8-F143-E101-6A47-E66882F571B2
50.45463,31.025126,0,AB9921A8-F143-E101-6A47-E66882F571B2
-14.427605,27.918995,2,AB9921A8-F143-E101-6A47-E66882F571B2
-14.456662,27.832754,2,AB9921A8-F143-E101-6A47-E66882F571B2
1.1869023,-42.910732,2,B06410CC-D778-33B2-B1FD-A828EE4AF413
2.6895669,-45.179783,1,B06410CC-D778-33B2-B1FD-A828EE4AF413
-29.313522,6.5520296,2,B06410CC-D778-33B2-B1FD-A828EE4AF413
-29.64368,6.314617,2,B06410CC-D778-33B2-B1FD-A828EE4AF413
-29.654491,6.2971377,0,B06410CC-D778-33B2-B1FD-A828EE4AF413
-28.892815,7.104201,0,B06410CC-D778-33B2-B1FD-A828EE4AF413
40.466953,-4.935042,0,B06410CC-D778-33B2-B1FD-A828EE4AF413
40.427086,-4.888103,0,B06410CC-D778-33B2-B1FD-A828EE4AF413
-9.097612,-15.4409075,0,B06410CC-D778-33B2-B1FD-A828EE4AF413
-9.211578,-15.50204,0,B06410CC-D778-33B2-B1FD-A828EE4AF413
-54.237858,-24.664406,0,B06410CC-D778-33B2-B1FD-A828EE4AF413
-54.28729,-24.735905,2,B06410CC-D778-33B2-B1FD-A828EE4AF413
11.1007595,17.92472,2,B06410CC-D778-33B2-B1FD-A828EE4AF413
34.384895,12.053781,2,B06410CC-D778-33B2-B1FD-A828EE4AF413
35.293736,12.080257,2,B06410CC-D778-33B2-B1FD-A828EE4AF413
28.535595,37.30866,0,B06410CC-D778-33B2-B1FD-A828EE4AF413
35.529663,11.321392,0,B06410CC-D778-33B2-B1FD-A828EE4AF413
40.254704,20.176752,0,B06410CC-D778-33B2-B1FD-A828EE4AF413
-9.31608,-51.622997,2,B0AAFE06-91C2-2C6D-4547-7508BB719E45
-4.913903,-46.48994,2,B0AAFE06-91C2-2C6D-4547-7508BB719E45
-5.163686,-46.588875,2,B0AAFE06-91C2-2C6D-4547-7508BB719E45
2.7059631,-47.831394,2,B0AAFE06-91C2-2C6D-4547-7508BB719E45
4.9257298,24.12711,2,B0AAFE06-91C2-2C6D-4547-7508BB719E45
56.962555,37.217854,0,B0AAFE06-91C2-2C6D-4547-7508BB719E45
-55.341652,-22.251757,2,B0AAFE06-91C2-2C6D-4547-7508BB719E45
-55.605896,-21.886839,2,B0AAFE06-91C2-2C6D-4547-7508BB719E45
-56.793617,-20.401777,2,B0AAFE06-91C2-2C6D-4547-7508BB719E45
-56.825954,-20.326351,2,B0AAFE06-91C2-2C6D-4547-7508BB719E45
-56.622,-19.505322,2,B0AAFE06-91C2-2C6D-4547-7508BB719E45
-56.96402,-19.276777,2,B0AAFE06-91C2-2C6D-4547-7508BB719E45
-52.126682,22.555334,2,B0AAFE06-91C2-2C6D-4547-7508BB719E45
-6.893276,56.390903,0,B0AAFE06-91C2-2C6D-4547-7508BB719E45
-6.5419784,56.206482,0,B0AAFE06-91C2-2C6D-4547-7508BB719E45
-5.121146,55.768982,0,B0AAFE06-91C2-2C6D-4547-7508BB719E45
-5.5902586,55.80265,0,B0AAFE06-91C2-2C6D-4547-7508BB719E45
48.87066,45.81157,0,B0AAFE06-91C2-2C6D-4547-7508BB719E45
-57.981937,-7.246133,2,B0AAFE06-91C2-2C6D-4547-7508BB719E45
-43.99733,33.7225,0,B0AAFE06-91C2-2C6D-4547-7508BB719E45
-43.862083,33.674923,0,B0AAFE06-91C2-2C6D-4547-7508BB719E45
-18.43638,18.567345,0,B0AAFE06-91C2-2C6D-4547-7508BB719E45
-18.221603,18.519062,0,B0AAFE06-91C2-2C6D-4547-7508BB719E45
11.6743555,30.78293,0,B0AAFE06-91C2-2C6D-4547-7508BB719E45
-44.22613,-7.50977,0,B0AAFE06-91C2-2C6D-4547-7508BB719E45
-13.072183,23.814672,0,B0AAFE06-91C2-2C6D-4547-7508BB719E45
-13.0866375,23.691305,0,B0AAFE06-91C2-2C6D-4547-7508BB719E45
-12.940208,22.779264,0,B0AAFE06-91C2-2C6D-4547-7508BB719E45
-12.984422,22.52851,0,B0AAFE06-91C2-2C6D-4547-7508BB719E45
-48.31692,-5.3169017,2,B0AAFE06-91C2-2C6D-4547-7508BB719E45
-11.534235,-23.015446,2,B2EE7EC5-4E5B-EBDD-E0EB-AF758B95C36A
-12.297436,-23.323978,2,B2EE7EC5-4E5B-EBDD-E0EB-AF758B95C36A
-12.646322,-23.487484,0,B2EE7EC5-4E5B-EBDD-E0EB-AF758B95C36A
-13.49537,-23.721174,0,B2EE7EC5-4E5B-EBDD-E0EB-AF758B95C36A
-13.824421,-23.82112,0,B2EE7EC5-4E5B-EBDD-E0EB-AF758B95C36A
-24.939905,18.395658,0,B2EE7EC5-4E5B-EBDD-E0EB-AF758B95C36A
-54.460705,24.1477,2,B2EE7EC5-4E5B-EBDD-E0EB-AF758B95C36A
-40.45162,36.06851,1,B2EE7EC5-4E5B-EBDD-E0EB-AF758B95C36A
-40.49325,35.984936,0,B2EE7EC5-4E5B-EBDD-E0EB-AF758B95C36A
3.9705243,54.423115,0,B2EE7EC5-4E5B-EBDD-E0EB-AF758B95C36A
4.253773,54.798542,0,B2EE7EC5-4E5B-EBDD-E0EB-AF758B95C36A
50.675133,22.199503,1,B2EE7EC5-4E5B-EBDD-E0EB-AF758B95C36A
9.530536,-19.852476,1,B2EE7EC5-4E5B-EBDD-E0EB-AF758B95C36A
-1.5513406,60.17969,1,B2EE7EC5-4E5B-EBDD-E0EB-AF758B95C36A
-1.5114918,60.61542,1,B2EE7EC5-4E5B-EBDD-E0EB-AF758B95C36A
-0.80900455,60.95918,1,B2EE7EC5-4E5B-EBDD-E0EB-AF758B95C36A
-0.6877523,60.917843,1,B2EE7EC5-4E5B-EBDD-E0EB-AF758B95C36A
33.417984,19.992998,1,B2EE7EC5-4E5B-EBDD-E0EB-AF758B95C36A
27.589169,-41.77522,1,B2EE7EC5-4E5B-EBDD-E0EB-AF758B95C36A
26.590187,-41.85508,1,B2EE7EC5-4E5B-EBDD-E0EB-AF758B95C36A
-30.587906,-47.69795,1,B2EE7EC5-4E5B-EBDD-E0EB-AF758B95C36A
-50.25289,-26.789684,2,B3CE5256-6F65-85EB-0078-689BD5CC1B17
-50.72754,-26.766968,2,B3CE5256-6F65-85EB-0078-689BD5CC1B17
-51.58188,-26.298689,2,B3CE5256-6F65-85EB-0078-689BD5CC1B17
-51.704544,-25.687927,2,B3CE5256-6F65-85EB-0078-689BD5CC1B17
-51.850597,-25.061422,2,B3CE5256-6F65-85EB-0078-689BD5CC1B17
-58.607723,-18.320555,2,B3CE5256-6F65-85EB-0078-689BD5CC1B17
-32.501392,-10.55127,2,B3CE5256-6F65-85EB-0078-689BD5CC1B17
-32.7799,-10.238496,2,B3CE5256-6F65-85EB-0078-689BD5CC1B17
-32.818874,-10.136558,2,B3CE5256-6F65-85EB-0078-689BD5CC1B17
3.7901297,43.66306,2,B3CE5256-6F65-85EB-0078-689BD5CC1B17
3.7749062,43.67041,2,B3CE5256-6F65-85EB-0078-689BD5CC1B17
-16.293684,-2.877122,2,B3CE5256-6F65-85EB-0078-689BD5CC1B17
-16.310707,-2.8180513,2,B3CE5256-6F65-85EB-0078-689BD5CC1B17
-4.9477158,51.93019,2,B3CE5256-6F65-85EB-0078-689BD5CC1B17
-4.7843604,52.262093,2,B3CE5256-6F65-85EB-0078-689BD5CC1B17
7.810832,-51.10092,0,B3CE5256-6F65-85EB-0078-689BD5CC1B17
7.3959117,-50.17641,0,B3CE5256-6F65-85EB-0078-689BD5CC1B17
7.180983,-50.17594,0,B3CE5256-6F65-85EB-0078-689BD5CC1B17
-3.9295487,20.71434,2,B3CE5256-6F65-85EB-0078-689BD5CC1B17
-4.0093975,20.640411,2,B3CE5256-6F65-85EB-0078-689BD5CC1B17
-63.56219,-14.024173,2,B3CE5256-6F65-85EB-0078-689BD5CC1B17
-63.71829,-14.048485,2,B3CE5256-6F65-85EB-0078-689BD5CC1B17
-67.28711,-12.808162,2,B3CE5256-6F65-85EB-0078-689BD5CC1B17
-67.41184,-12.729301,2,B3CE5256-6F65-85EB-0078-689BD5CC1B17
36.505188,-33.854843,1,B6EE5F90-8F59-D3CF-C449-59216B28207B
52.855755,-17.12821,1,B6EE5F90-8F59-D3CF-C449-59216B28207B
51.996765,-16.977385,1,B6EE5F90-8F59-D3CF-C449-59216B28207B
51.642334,-16.902231,1,B6EE5F90-8F59-D3CF-C449-59216B28207B
11.368306,-37.879078,2,B6EE5F90-8F59-D3CF-C449-59216B28207B
-11.363595,-12.994391,2,B6EE5F90-8F59-D3CF-C449-59216B28207B
-33.182354,-20.627167,2,B6EE5F90-8F59-D3CF-C449-59216B28207B
-33.14543,-20.642954,2,B6EE5F90-8F59-D3CF-C449-59216B28207B
-6.430277,4.6749887,2,B6EE5F90-8F59-D3CF-C449-59216B28207B
11.679302,18.105276,2,B6EE5F90-8F59-D3CF-C449-59216B28207B
36.933147,14.750984,2,B6EE5F90-8F59-D3CF-C449-59216B28207B
47.332954,-5.064099,2,B6EE5F90-8F59-D3CF-C449-59216B28207B
13.962057,-9.169279,2,B6EE5F90-8F59-D3CF-C449-59216B28207B
13.941209,-9.083905,1,B6EE5F90-8F59-D3CF-C449-59216B28207B
-44.257233,20.052107,1,B6EE5F90-8F59-D3CF-C449-59216B28207B
-44.31107,20.136051,2,B6EE5F90-8F59-D3CF-C449-59216B28207B
-44.474834,21.036877,2,B6EE5F90-8F59-D3CF-C449-59216B28207B
-45.111584,21.28452,2,B6EE5F90-8F59-D3CF-C449-59216B28207B
-45.812435,21.779043,2,B6EE5F90-8F59-D3CF-C449-59216B28207B
-0.35214746,11.389194,2,B6EE5F90-8F59-D3CF-C449-59216B28207B
-0.17582047,11.934472,2,B6EE5F90-8F59-D3CF-C449-59216B28207B
0.0019609062,12.31354,2,B6EE5F90-8F59-D3CF-C449-59216B28207B
0.29596704,12.747859,2,B6EE5F90-8F59-D3CF-C449-59216B28207B
1.0978311,13.214064,2,B6EE5F90-8F59-D3CF-C449-59216B28207B
1.3316075,-55.250034,0,B9FD0C60-33D3-E99E-2475-815EAD5C89C2
1.9072512,-54.847458,0,B9FD0C60-33D3-E99E-2475-815EAD5C89C2
2.1734116,-54.568718,0,B9FD0C60-33D3-E99E-2475-815EAD5C89C2
3.6480083,-54.706573,0,B9FD0C60-33D3-E99E-2475-815EAD5C89C2
-17.103577,-40.07716,0,B9FD0C60-33D3-E99E-2475-815EAD5C89C2
-5.856951,42.272762,0,B9FD0C60-33D3-E99E-2475-815EAD5C89C2
-34.5642,-6.7476044,2,B9FD0C60-33D3-E99E-2475-815EAD5C89C2
-34.237446,-6.370149,2,B9FD0C60-33D3-E99E-2475-815EAD5C89C2
-33.882317,-5.8112893,0,B9FD0C60-33D3-E99E-2475-815EAD5C89C2
-28.323145,-34.28526,0,B9FD0C60-33D3-E99E-2475-815EAD5C89C2
45.31345,-19.12447,1,B9FD0C60-33D3-E99E-2475-815EAD5C89C2
41.986603,-36.293552,1,B9FD0C60-33D3-E99E-2475-815EAD5C89C2
62.453022,-12.404071,1,B9FD0C60-33D3-E99E-2475-815EAD5C89C2
34.30667,-18.747654,1,B9FD0C60-33D3-E99E-2475-815EAD5C89C2
40.48857,4.399001,1,B9FD0C60-33D3-E99E-2475-815EAD5C89C2
40.51965,4.326302,1,B9FD0C60-33D3-E99E-2475-815EAD5C89C2
33.39192,-19.502083,1,B9FD0C60-33D3-E99E-2475-815EAD5C89C2
33.32903,-19.56803,1,B9FD0C60-33D3-E99E-2475-815EAD5C89C2
15.2770815,35.784924,1,B9FD0C60-33D3-E99E-2475-815EAD5C89C2
16.09689,36.081966,1,B9FD0C60-33D3-E99E-2475-815EAD5C89C2
50.495506,3.3438036,1,B9FD0C60-33D3-E99E-2475-815EAD5C89C2
51.320232,3.1116328,1,B9FD0C60-33D3-E99E-2475-815EAD5C89C2
51.12644,3.1384656,1,B9FD0C60-33D3-E99E-2475-815EAD5C89C2
38.61839,-22.487406,1,B9FD0C60-33D3-E99E-2475-815EAD5C89C2
-64.07619,3.8404808,2,BAAA2876-D490-2AB5-0A98-6EB94C7FC331
-60.28975,-8.713864,2,BAAA2876-D490-2AB5-0A98-6EB94C7FC331
-59.530876,-8.679421,2,BAAA2876-D490-2AB5-0A98-6EB94C7FC331
-59.43411,-8.519715,2,BAAA2876-D490-2AB5-0A98-6EB94C7FC331
-52.251877,18.137451,2,BAAA2876-D490-2AB5-0A98-6EB94C7FC331
-52.10859,18.562132,2,BAAA2876-D490-2AB5-0A98-6EB94C7FC331
-25.949306,-15.193877,2,BAAA2876-D490-2AB5-0A98-6EB94C7FC331
-25.924149,-15.233744,0,BAAA2876-D490-2AB5-0A98-6EB94C7FC331
41.48556,-18.583622,0,BAAA2876-D490-2AB5-0A98-6EB94C7FC331
59.699226,-8.329958,0,BAAA2876-D490-2AB5-0A98-6EB94C7FC331
59.149727,-8.765927,0,BAAA2876-D490-2AB5-0A98-6EB94C7FC331
59.05218,-8.879295,0,BAAA2876-D490-2AB5-0A98-6EB94C7FC331
-38.603313,-24.587938,2,BAAA2876-D490-2AB5-0A98-6EB94C7FC331
-38.711475,-25.75672,2,BAAA2876-D490-2AB5-0A98-6EB94C7FC331
-38.56821,-25.886145,2,BAAA2876-D490-2AB5-0A98-6EB94C7FC331
17.899475,-28.305275,2,BAAA2876-D490-2AB5-0A98-6EB94C7FC331
17.855099,-28.277,2,BAAA2876-D490-2AB5-0A98-6EB94C7FC331
11.684333,0.882561,2,BAAA2876-D490-2AB5-0A98-6EB94C7FC331
52.539143,17.096426,1,BAAA2876-D490-2AB5-0A98-6EB94C7FC331
52.841064,17.013222,2,BAAA2876-D490-2AB5-0A98-6EB94C7FC331
35.35107,24.491856,2,BAAA2876-D490-2AB5-0A98-6EB94C7FC331
34.53705,24.716463,2,BAAA2876-D490-2AB5-0A98-6EB94C7FC331
34.068787,24.81152,2,BAAA2876-D490-2AB5-0A98-6EB94C7FC331
33.862698,24.820993,0,BAAA2876-D490-2AB5-0A98-6EB94C7FC331
-60.257225,-13.603153,2,BC7EE230-0AF9-3AC5-24E5-8EC4B0B432A8
-60.015366,-13.744372,2,BC7EE230-0AF9-3AC5-24E5-8EC4B0B432A8
-40.318913,-18.312775,2,BC7EE230-0AF9-3AC5-24E5-8EC4B0B432A8
-35.708538,2.1595495,2,BC7EE230-0AF9-3AC5-24E5-8EC4B0B432A8
-33.533127,37.506477,2,BC7EE230-0AF9-3AC5-24E5-8EC4B0B432A8
-45.727703,15.699279,1,BC7EE230-0AF9-3AC5-24E5-8EC4B0B432A8
-4.7650194,13.9736185,2,BC7EE230-0AF9-3AC5-24E5-8EC4B0B432A8
-28.835808,-13.559756,2,BC7EE230-0AF9-3AC5-24E5-8EC4B0B432A8
-28.61801,-14.223799,0,BC7EE230-0AF9-3AC5-24E5-8EC4B0B432A8
-28.410309,-14.677494,0,BC7EE230-0AF9-3AC5-24E5-8EC4B0B432A8
-28.79799,-14.991269,0,BC7EE230-0AF9-3AC5-24E5-8EC4B0B432A8
44.69422,9.861619,0,BC7EE230-0AF9-3AC5-24E5-8EC4B0B432A8
19.475702,-39.77798,2,BC7EE230-0AF9-3AC5-24E5-8EC4B0B432A8
19.324512,-39.748295,2,BC7EE230-0AF9-3AC5-24E5-8EC4B0B432A8
-49.230835,-18.136974,2,BC7EE230-0AF9-3AC5-24E5-8EC4B0B432A8
-50.062992,-17.07737,2,BC7EE230-0AF9-3AC5-24E5-8EC4B0B432A8
-50.289913,-16.844158,2,BC7EE230-0AF9-3AC5-24E5-8EC4B0B432A8
-50.887794,-16.185268,2,BC7EE230-0AF9-3AC5-24E5-8EC4B0B432A8
-11.806842,32.916965,0,BC7EE230-0AF9-3AC5-24E5-8EC4B0B432A8
-11.916201,32.902996,0,BC7EE230-0AF9-3AC5-24E5-8EC4B0B432A8
48.97191,31.307487,0,BC7EE230-0AF9-3AC5-24E5-8EC4B0B432A8
46.84178,33.67573,0,BC7EE230-0AF9-3AC5-24E5-8EC4B0B432A8
-13.305522,31.197483,0,BC7EE230-0AF9-3AC5-24E5-8EC4B0B432A8
-13.335113,31.191711,0,BC7EE230-0AF9-3AC5-24E5-8EC4B0B432A8
9.60934,10.830768,0,BD35F47E-4F73-8664-B165-98D2BF2CDA48
-28.147902,-18.604662,2,BD35F47E-4F73-8664-B165-98D2BF2CDA48
-28.471785,-18.537415,2,BD35F47E-4F73-8664-B165-98D2BF2CDA48
-27.062967,-19.003626,2,BD35F47E-4F73-8664-B165-98D2BF2CDA48
-26.631594,-19.277828,2,BD35F47E-4F73-8664-B165-98D2BF2CDA48
-26.088747,-19.454765,2,BD35F47E-4F73-8664-B165-98D2BF2CDA48
21.321241,-15.776013,2,BD35F47E-4F73-8664-B165-98D2BF2CDA48
21.259237,-15.706863,2,BD35F47E-4F73-8664-B165-98D2BF2CDA48
4.2369347,2.7919242,1,BD35F47E-4F73-8664-B165-98D2BF2CDA48
-21.52676,21.741339,1,BD35F47E-4F73-8664-B165-98D2BF2CDA48
-22.563736,21.362085,1,BD35F47E-4F73-8664-B165-98D2BF2CDA48
-22.408276,21.772709,2,BD35F47E-4F73-8664-B165-98D2BF2CDA48
43.29297,46.5308,0,BD35F47E-4F73-8664-B165-98D2BF2CDA48
43.3352,46.529312,0,BD35F47E-4F73-8664-B165-98D2BF2CDA48
31.841278,37.75146,0,BD35F47E-4F73-8664-B165-98D2BF2CDA48
56.12852,21.53081,0,BD35F47E-4F73-8664-B165-98D2BF2CDA48
56.219254,21.803019,0,BD35F47E-4F73-8664-B165-98D2BF2CDA48
56.26038,22.410065,0,BD35F47E-4F73-8664-B165-98D2BF2CDA48
-60.94383,-10.691249,0,BD35F47E-4F73-8664-B165-98D2BF2CDA48
58.288746,8.434523,0,BD35F47E-4F73-8664-B165-98D2BF2CDA48
39.75508,25.05972,0,BD35F47E-4F73-8664-B165-98D2BF2CDA48
39.94622,24.592716,0,BD35F47E-4F73-8664-B165-98D2BF2CDA48
39.93922,24.725208,1,BD35F47E-4F73-8664-B165-98D2BF2CDA48
26.076132,-28.542149,1,BD35F47E-4F73-8664-B165-98D2BF2CDA48
-43.304344,-9.255428,0,BD35F47E-4F73-8664-B165-98D2BF2CDA48
59.6836,26.031052,0,BD35F47E-4F73-8664-B165-98D2BF2CDA48
60.006397,26.019556,0,BD35F47E-4F73-8664-B165-98D2BF2CDA48
60.460278,26.003712,0,BD35F47E-4F73-8664-B165-98D2BF2CDA48
61.674164,25.25868,2,BD35F47E-4F73-8664-B165-98D2BF2CDA48
61.188526,25.64819,2,BD35F47E-4F73-8664-B165-98D2BF2CDA48
-7.2269354,46.778,2,C0ABDBF6-67EF-EA64-A2D1-42FA92BD5713
-7.2562246,46.75411,2,C0ABDBF6-67EF-EA64-A2D1-42FA92BD5713
-8.108791,50.18189,2,C0ABDBF6-67EF-EA64-A2D1-42FA92BD5713
-7.7031717,50.475685,2,C0ABDBF6-67EF-EA64-A2D1-42FA92BD5713
4.2410026,58.05449,2,C0ABDBF6-67EF-EA64-A2D1-42FA92BD5713
5.2808337,57.727028,2,C0ABDBF6-67EF-EA64-A2D1-42FA92BD5713
5.896506,57.70218,0,C0ABDBF6-67EF-EA64-A2D1-42FA92BD5713
49.40639,21.513855,0,C0ABDBF6-67EF-EA64-A2D1-42FA92BD5713
49.465576,21.697165,0,C0ABDBF6-67EF-EA64-A2D1-42FA92BD5713
49.721737,22.475,0,C0ABDBF6-67EF-EA64-A2D1-42FA92BD5713
50.294907,-23.371382,0,C0ABDBF6-67EF-EA64-A2D1-42FA92BD5713
50.339672,-23.431034,2,C0ABDBF6-67EF-EA64-A2D1-42FA92BD5713
43.960052,43.73809,0,C0ABDBF6-67EF-EA64-A2D1-42FA92BD5713
47.903553,9.52559,0,C0ABDBF6-67EF-EA64-A2D1-42FA92BD5713
50.73194,-34.23856,2,C0ABDBF6-67EF-EA64-A2D1-42FA92BD5713
50.652164,-34.251045,2,C0ABDBF6-67EF-EA64-A2D1-42FA92BD5713
-9.51587,-20.043451,2,C0ABDBF6-67EF-EA64-A2D1-42FA92BD5713
-0.9967529,-23.286877,2,C0ABDBF6-67EF-EA64-A2D1-42FA92BD5713
-27.442036,-41.217968,2,C0ABDBF6-67EF-EA64-A2D1-42FA92BD5713
-27.348253,-41.138737,2,C0ABDBF6-67EF-EA64-A2D1-42FA92BD5713
7.763588,-55.143883,2,C24A665A-6B67-FDEA-04A4-C2DA3AF79D51
10.630773,-48.740856,2,C24A665A-6B67-FDEA-04A4-C2DA3AF79D51
10.644658,-48.52778,1,C24A665A-6B67-FDEA-04A4-C2DA3AF79D51
10.802794,-48.142178,1,C24A665A-6B67-FDEA-04A4-C2DA3AF79D51
-2.5493941,-8.162585,1,C24A665A-6B67-FDEA-04A4-C2DA3AF79D51
11.528282,-51.245865,1,C24A665A-6B67-FDEA-04A4-C2DA3AF79D51
1.0790164,55.83148,2,C24A665A-6B67-FDEA-04A4-C2DA3AF79D51
3.0311854,57.63783,2,C24A665A-6B67-FDEA-04A4-C2DA3AF79D51
3.2287126,-51.971474,2,C24A665A-6B67-FDEA-04A4-C2DA3AF79D51
3.1754062,-51.672153,1,C24A665A-6B67-FDEA-04A4-C2DA3AF79D51
-12.378036,-48.08738,1,C24A665A-6B67-FDEA-04A4-C2DA3AF79D51
-12.130456,-48.11481,1,C24A665A-6B67-FDEA-04A4-C2DA3AF79D51
30.217388,9.517679,0,C24A665A-6B67-FDEA-04A4-C2DA3AF79D51
30.211536,9.396011,0,C24A665A-6B67-FDEA-04A4-C2DA3AF79D51
-13.385862,-12.5814085,0,C24A665A-6B67-FDEA-04A4-C2DA3AF79D51
-13.505201,-12.982077,0,C24A665A-6B67-FDEA-04A4-C2DA3AF79D51
26.8447,5.568479,1,C24A665A-6B67-FDEA-04A4-C2DA3AF79D51
27.032686,5.806345,0,C24A665A-6B67-FDEA-04A4-C2DA3AF79D51
-0.37217087,30.16289,0,C5DC661F-E2D6-2B65-4765-77C8B81D2488
-0.4386024,30.239426,0,C5DC661F-E2D6-2B65-4765-77C8B81D2488
-1.0030391,30.21958,0,C5DC661F-E2D6-2B65-4765-77C8B81D2488
-2.1012475,29.608658,0,C5DC661F-E2D6-2B65-4765-77C8B81D2488
-4.493204,29.32864,0,C5DC661F-E2D6-2B65-4765-77C8B81D2488
-11.972348,30.111753,0,C5DC661F-E2D6-2B65-4765-77C8B81D2488
-12.218911,29.324045,0,C5DC661F-E2D6-2B65-4765-77C8B81D2488
-11.870035,28.868937,0,C5DC661F-E2D6-2B65-4765-77C8B81D2488
-11.401398,28.508606,0,C5DC661F-E2D6-2B65-4765-77C8B81D2488
-44.607437,-8.188467,0,C5DC661F-E2D6-2B65-4765-77C8B81D2488
-53.961166,-36.48926,0,C5DC661F-E2D6-2B65-4765-77C8B81D2488
-54.116936,-36.515434,2,C5DC661F-E2D6-2B65-4765-77C8B81D2488
-50.805595,-35.374485,2,C5DC661F-E2D6-2B65-4765-77C8B81D2488
-40.449482,-34.158653,2,C5DC661F-E2D6-2B65-4765-77C8B81D2488
11.094308,-30.38182,2,C5DC661F-E2D6-2B65-4765-77C8B81D2488
23.396435,-34.283424,2,C5DC661F-E2D6-2B65-4765-77C8B81D2488
13.943219,-39.670105,2,C8BB6C15-19FA-A17A-5945-6202803016D7
-15.713914,-14.92209,2,C8BB6C15-19FA-A17A-5945-6202803016D7
-41.78451,-25.985617,2,C8BB6C15-19FA-A17A-5945-6202803016D7
-15.74052,-14.85004,2,C8BB6C15-19FA-A17A-5945-6202803016D7
31.449945,26.452686,2,C8BB6C15-19FA-A17A-5945-6202803016D7
31.476055,26.47882,0,C8BB6C15-19FA-A17A-5945-6202803016D7
-51.292202,14.037252,2,C8BB6C15-19FA-A17A-5945-6202803016D7
-37.900776,18.584827,2,C8BB6C15-19FA-A17A-5945-6202803016D7
-18.59481,40.89025,2,C8BB6C15-19FA-A17A-5945-6202803016D7
-18.568409,41.200764,0,C8BB6C15-19FA-A17A-5945-6202803016D7
-18.036314,42.038074,0,C8BB6C15-19FA-A17A-5945-6202803016D7
55.06629,31.620283,0,C8BB6C15-19FA-A17A-5945-6202803016D7
-30.06227,-16.123518,2,C8BB6C15-19FA-A17A-5945-6202803016D7
-29.97335,-16.117125,2,C8BB6C15-19FA-A17A-5945-6202803016D7
19.075802,-7.9049196,0,C8BB6C15-19FA-A17A-5945-6202803016D7
19.32494,-7.5709934,0,C8BB6C15-19FA-A17A-5945-6202803016D7
55.64845,14.428056,0,C8BB6C15-19FA-A17A-5945-6202803016D7
52.367218,5.5643473,0,C8BB6C15-19FA-A17A-5945-6202803016D7
52.307697,42.883717,0,C8BB6C15-19FA-A17A-5945-6202803016D7
52.771397,42.8169,0,C8BB6C15-19FA-A17A-5945-6202803016D7
51.864326,10.245433,1,C8BB6C15-19FA-A17A-5945-6202803016D7
56.330284,-27.22451,1,C8BB6C15-19FA-A17A-5945-6202803016D7
56.043835,-27.396713,1,C8BB6C15-19FA-A17A-5945-6202803016D7
55.872402,-27.436623,1,C8BB6C15-19FA-A17A-5945-6202803016D7
37.047203,23.60613,0,C8BB6C15-19FA-A17A-5945-6202803016D7
35.26786,-2.715991,1,C8BB6C15-19FA-A17A-5945-6202803016D7
35.227005,-2.7217896,1,C8BB6C15-19FA-A17A-5945-6202803016D7
-2.3331907,-55.66127,2,CCA3ABC5-DCCE-0BBE-5327-E65AE52A195D
-2.444862,-55.322124,2,CCA3ABC5-DCCE-0BBE-5327-E65AE52A195D
9.03431,-59.653393,2,CCA3ABC5-DCCE-0BBE-5327-E65AE52A195D
9.35291,-59.482994,0,CCA3ABC5-DCCE-0BBE-5327-E65AE52A195D
9.652791,-59.435005,0,CCA3ABC5-DCCE-0BBE-5327-E65AE52A195D
-4.792123,-6.4908004,0,CCA3ABC5-DCCE-0BBE-5327-E65AE52A195D
9.490178,19.894161,2,CCA3ABC5-DCCE-0BBE-5327-E65AE52A195D
0.9563026,51.586334,2,CCA3ABC5-DCCE-0BBE-5327-E65AE52A195D
1.1940367,52.133636,2,CCA3ABC5-DCCE-0BBE-5327-E65AE52A195D
1.5121746,53.03416,0,CCA3ABC5-DCCE-0BBE-5327-E65AE52A195D
2.9551213,59.05766,0,CCA3ABC5-DCCE-0BBE-5327-E65AE52A195D
3.3196974,59.02029,0,CCA3ABC5-DCCE-0BBE-5327-E65AE52A195D
16.649935,21.642754,2,CD5833CD-93D3-318C-371A-18A32DEFC38B
16.35918,22.107227,0,CD5833CD-93D3-318C-371A-18A32DEFC38B
-1.9364341,55.146545,0,CD5833CD-93D3-318C-371A-18A32DEFC38B
-1.3732283,56.117664,0,CD5833CD-93D3-318C-371A-18A32DEFC38B
-1.690271,56.18225,0,CD5833CD-93D3-318C-371A-18A32DEFC38B
-1.4634767,55.42708,0,CD5833CD-93D3-318C-371A-18A32DEFC38B
-26.679731,26.519205,2,CD5833CD-93D3-318C-371A-18A32DEFC38B
-26.802996,26.551638,2,CD5833CD-93D3-318C-371A-18A32DEFC38B
-27.244703,26.89152,2,CD5833CD-93D3-318C-371A-18A32DEFC38B
34.739647,44.065052,2,CD5833CD-93D3-318C-371A-18A32DEFC38B
42.99595,44.413715,2,CD5833CD-93D3-318C-371A-18A32DEFC38B
3.258307,1.2654481,2,CD5833CD-93D3-318C-371A-18A32DEFC38B
-50.4969,-34.03712,2,CD5833CD-93D3-318C-371A-18A32DEFC38B
24.343655,-34.64387,2,CD5833CD-93D3-318C-371A-18A32DEFC38B
24.444738,-34.631382,2,CD5833CD-93D3-318C-371A-18A32DEFC38B
8.875085,-52.487335,0,D0F7ABC0-F552-63CD-CAC6-6703C39B83CA
-28.095451,-7.007781,0,D0F7ABC0-F552-63CD-CAC6-6703C39B83CA
-28.779243,-5.7938147,0,D0F7ABC0-F552-63CD-CAC6-6703C39B83CA
-28.9584,-5.7638083,1,D0F7ABC0-F552-63CD-CAC6-6703C39B83CA
-28.644613,-5.51847,2,D0F7ABC0-F552-63CD-CAC6-6703C39B83CA
-29.189884,-4.8966618,2,D0F7ABC0-F552-63CD-CAC6-6703C39B83CA
48.226547,-19.660854,1,D0F7ABC0-F552-63CD-CAC6-6703C39B83CA
44.75764,-12.4661,1,D0F7ABC0-F552-63CD-CAC6-6703C39B83CA
-56.11496,-13.831424,0,D0F7ABC0-F552-63CD-CAC6-6703C39B83CA
-56.72243,1.8265984,0,D0F7ABC0-F552-63CD-CAC6-6703C39B83CA
-57.02756,1.3861905,0,D0F7ABC0-F552-63CD-CAC6-6703C39B83CA
-57.065376,1.2846115,0,D0F7ABC0-F552-63CD-CAC6-6703C39B83CA
61.090614,-22.473707,1,D0F7ABC0-F552-63CD-CAC6-6703C39B83CA
60.638596,-22.809978,1,D0F7ABC0-F552-63CD-CAC6-6703C39B83CA
60.516888,-22.933834,1,D0F7ABC0-F552-63CD-CAC6-6703C39B83CA
22.133396,-17.879496,1,D0F7ABC0-F552-63CD-CAC6-6703C39B83CA
17.38947,-12.132005,2,D0F7ABC0-F552-63CD-CAC6-6703C39B83CA
1.9100906,2.087974,2,D0F7ABC0-F552-63CD-CAC6-6703C39B83CA
-13.900484,26.728983,2,D0F7ABC0-F552-63CD-CAC6-6703C39B83CA
27.18779,45.798935,2,D0F7ABC0-F552-63CD-CAC6-6703C39B83CA
-35.2828,-47.117207,2,D0F7ABC0-F552-63CD-CAC6-6703C39B83CA
-35.596146,-47.49786,1,D0F7ABC0-F552-63CD-CAC6-6703C39B83CA
-35.142605,-49.329445,1,D0F7ABC0-F552-63CD-CAC6-6703C39B83CA
-34.980022,-49.548244,1,D0F7ABC0-F552-63CD-CAC6-6703C39B83CA
-20.28772,12.34402,2,D51A5648-0039-8CB1-45CB-C51E5ABA8BCC
27.801329,13.773576,0,D51A5648-0039-8CB1-45CB-C51E5ABA8BCC
27.985476,14.134633,0,D51A5648-0039-8CB1-45CB-C51E5ABA8BCC
50.503944,-16.388426,0,D51A5648-0039-8CB1-45CB-C51E5ABA8BCC
21.269356,-11.999685,0,D51A5648-0039-8CB1-45CB-C51E5ABA8BCC
3.4540527,-15.177571,0,D51A5648-0039-8CB1-45CB-C51E5ABA8BCC
54.12432,-3.8684585,2,D51A5648-0039-8CB1-45CB-C51E5ABA8BCC
53.841236,-3.7793806,2,D51A5648-0039-8CB1-45CB-C51E5ABA8BCC
53.01492,-3.0977643,2,D51A5648-0039-8CB1-45CB-C51E5ABA8BCC
51.720562,-2.0810914,2,D51A5648-0039-8CB1-45CB-C51E5ABA8BCC
51.151905,-1.6323681,2,D51A5648-0039-8CB1-45CB-C51E5ABA8BCC
51.336845,-1.872702,0,D51A5648-0039-8CB1-45CB-C51E5ABA8BCC
-47.840042,-43.13127,1,D51A5648-0039-8CB1-45CB-C51E5ABA8BCC
-48.74352,-43.141003,1,D51A5648-0039-8CB1-45CB-C51E5ABA8BCC
-48.60776,-43.762985,2,D51A5648-0039-8CB1-45CB-C51E5ABA8BCC
-48.192215,-44.084812,2,D51A5648-0039-8CB1-45CB-C51E5ABA8BCC
-47.72723,-44.14135,2,D51A5648-0039-8CB1-45CB-C51E5ABA8BCC
-38.000713,-44.11549,2,D51A5648-0039-8CB1-45CB-C51E5ABA8BCC
-41.36181,42.96193,0,D6D11A63-A131-4E74-041D-6E3BD8EFF8FF
-42.10163,42.90184,1,D6D11A63-A131-4E74-041D-6E3BD8EFF8FF
-42.504635,42.843243,2,D6D11A63-A131-4E74-041D-6E3BD8EFF8FF
-11.301824,-14.720008,2,D6D11A63-A131-4E74-041D-6E3BD8EFF8FF
-12.526219,-14.944098,2,D6D11A63-A131-4E74-041D-6E3BD8EFF8FF
-6.4925814,5.597919,2,D6D11A63-A131-4E74-041D-6E3BD8EFF8FF
-51.685387,-34.26072,2,D6D11A63-A131-4E74-041D-6E3BD8EFF8FF
34.12307,-7.3260765,2,D6D11A63-A131-4E74-041D-6E3BD8EFF8FF
46.119183,29.219088,0,D6D11A63-A131-4E74-041D-6E3BD8EFF8FF
-0.29974005,31.71858,0,D6D11A63-A131-4E74-041D-6E3BD8EFF8FF
-34.99576,18.87464,0,D6D11A63-A131-4E74-041D-6E3BD8EFF8FF
-34.99494,18.781284,0,D6D11A63-A131-4E74-041D-6E3BD8EFF8FF
-43.304848,-28.104149,0,D6D11A63-A131-4E74-041D-6E3BD8EFF8FF
-43.347134,-28.12268,1,D6D11A63-A131-4E74-041D-6E3BD8EFF8FF
43.494663,-21.699522,1,D6D11A63-A131-4E74-041D-6E3BD8EFF8FF
44.882557,-22.296015,1,D6D11A63-A131-4E74-041D-6E3BD8EFF8FF
45.43593,-27.125317,1,D6D11A63-A131-4E74-041D-6E3BD8EFF8FF
45.603977,-27.476421,1,D6D11A63-A131-4E74-041D-6E3BD8EFF8FF
1.2680843,-32.28146,0,D6D11A63-A131-4E74-041D-6E3BD8EFF8FF
0.8132295,-32.597954,0,D6D11A63-A131-4E74-041D-6E3BD8EFF8FF
0.88817626,-32.39782,0,D6D11A63-A131-4E74-041D-6E3BD8EFF8FF
-0.63618106,-31.44197,1,D6D11A63-A131-4E74-041D-6E3BD8EFF8FF
-0.45564497,-31.485054,1,D6D11A63-A131-4E74-041D-6E3BD8EFF8FF
-1.1431528,-31.164179,2,D6D11A63-A131-4E74-041D-6E3BD8EFF8FF
-16.060682,-51.270317,1,DA2856BC-D181-9AF0-DC9A-99A9444D5579
-16.67655,-51.777927,1,DA2856BC-D181-9AF0-DC9A-99A9444D5579
-17.165342,-51.942566,1,DA2856BC-D181-9AF0-DC9A-99A9444D5579
-17.61811,-52.035934,1,DA2856BC-D181-9AF0-DC9A-99A9444D5579
20.691477,-33.05516,1,DA2856BC-D181-9AF0-DC9A-99A9444D5579
-4.0266914,-9.155061,1,DA2856BC-D181-9AF0-DC9A-99A9444D5579
14.847116,-40.250797,1,DA2856BC-D181-9AF0-DC9A-99A9444D5579
-29.44255,11.0700865,1,DA2856BC-D181-9AF0-DC9A-99A9444D5579
-29.421131,11.093356,1,DA2856BC-D181-9AF0-DC9A-99A9444D5579
-21.901703,33.831856,1,DA2856BC-D181-9AF0-DC9A-99A9444D5579
-21.74551,33.913803,2,DA2856BC-D181-9AF0-DC9A-99A9444D5579
-21.088102,34.218754,2,DA2856BC-D181-9AF0-DC9A-99A9444D5579
-36.124146,-1.1990247,0,DA2856BC-D181-9AF0-DC9A-99A9444D5579
-35.92848,-0.78921795,0,DA2856BC-D181-9AF0-DC9A-99A9444D5579
-67.20174,0.010979131,0,DA2856BC-D181-9AF0-DC9A-99A9444D5579
-67.19881,0.09292253,2,DA2856BC-D181-9AF0-DC9A-99A9444D5579
-67.40903,0.9397268,2,DA2856BC-D181-9AF0-DC9A-99A9444D5579
-46.98325,24.426317,2,DA2856BC-D181-9AF0-DC9A-99A9444D5579
-9.231049,-35.023228,0,DA2856BC-D181-9AF0-DC9A-99A9444D5579
-9.26571,-34.81109,2,DA2856BC-D181-9AF0-DC9A-99A9444D5579
-54.636856,-30.775354,2,DA2856BC-D181-9AF0-DC9A-99A9444D5579
-56.082535,-31.701641,2,DA2856BC-D181-9AF0-DC9A-99A9444D5579
-56.56623,-31.77122,2,DA2856BC-D181-9AF0-DC9A-99A9444D5579
-56.82199,-31.780907,2,DA2856BC-D181-9AF0-DC9A-99A9444D5579
5.177643,-53.28348,0,DBA0C8C4-AE05-772F-2E53-E6167F8ACB77
-19.283089,-40.923313,2,DBA0C8C4-AE05-772F-2E53-E6167F8ACB77
-20.777737,-40.65234,2,DBA0C8C4-AE05-772F-2E53-E6167F8ACB77
-21.513084,-40.60009,2,DBA0C8C4-AE05-772F-2E53-E6167F8ACB77
-22.336142,-40.411472,0,DBA0C8C4-AE05-772F-2E53-E6167F8ACB77
-18.92155,38.29609,0,DBA0C8C4-AE05-772F-2E53-E6167F8ACB77
-68.76873,1.6623182,2,DBA0C8C4-AE05-772F-2E53-E6167F8ACB77
-68.76372,1.5122352,2,DBA0C8C4-AE05-772F-2E53-E6167F8ACB77
-60.20445,22.53192,0,DBA0C8C4-AE05-772F-2E53-E6167F8ACB77
-3.2525806,55.097565,0,DBA0C8C4-AE05-772F-2E53-E6167F8ACB77
-15.314548,37.07702,0,DBA0C8C4-AE05-772F-2E53-E6167F8ACB77
-16.083801,36.84311,0,DBA0C8C4-AE05-772F-2E53-E6167F8ACB77
-16.301079,36.863564,0,DBA0C8C4-AE05-772F-2E53-E6167F8ACB77
-17.006361,36.915062,2,DBA0C8C4-AE05-772F-2E53-E6167F8ACB77
-17.436424,36.478397,2,DBA0C8C4-AE05-772F-2E53-E6167F8ACB77
-9.691689,51.693897,0,DBA0C8C4-AE05-772F-2E53-E6167F8ACB77
-10.700165,52.645576,0,DBA0C8C4-AE05-772F-2E53-E6167F8ACB77
-10.776811,52.714565,0,DBA0C8C4-AE05-772F-2E53-E6167F8ACB77
-11.125974,53.508873,0,DBA0C8C4-AE05-772F-2E53-E6167F8ACB77
-11.447852,54.601994,0,DBA0C8C4-AE05-772F-2E53-E6167F8ACB77
23.502281,21.418617,0,DBA0C8C4-AE05-772F-2E53-E6167F8ACB77
23.436068,21.344347,2,DBA0C8C4-AE05-772F-2E53-E6167F8ACB77
13.555848,-37.865143,2,DBA0C8C4-AE05-772F-2E53-E6167F8ACB77
13.347785,-37.448006,2,DBA0C8C4-AE05-772F-2E53-E6167F8ACB77
15.81243,-15.395602,2,DBA0C8C4-AE05-772F-2E53-E6167F8ACB77
15.821023,-15.315745,0,DBA0C8C4-AE05-772F-2E53-E6167F8ACB77
4.7840033,-18.333406,2,DBA0C8C4-AE05-772F-2E53-E6167F8ACB77
3.7534008,-19.625717,2,DBA0C8C4-AE05-772F-2E53-E6167F8ACB77
4.4637737,-18.795696,2,DBA0C8C4-AE05-772F-2E53-E6167F8ACB77
-29.9174,18.888193,2,DBA0C8C4-AE05-772F-2E53-E6167F8ACB77
-0.5216301,17.652945,0,DBA0C8C4-AE05-772F-2E53-E6167F8ACB77
12.905535,-8.869292,2,DBA0C8C4-AE05-772F-2E53-E6167F8ACB77
40.185726,-20.683928,0,DBA0C8C4-AE05-772F-2E53-E6167F8ACB77
43.849583,-9.929526,0,DBA0C8C4-AE05-772F-2E53-E6167F8ACB77
43.550915,-9.787574,0,DBA0C8C4-AE05-772F-2E53-E6167F8ACB77
32.230404,-0.61739373,0,DBA0C8C4-AE05-772F-2E53-E6167F8ACB77
31.964514,37.584553,1,DC0BE0E2-B41E-3D73-47C5-5733952512CB
32.99093,36.653847,2,DC0BE0E2-B41E-3D73-47C5-5733952512CB
33.11597,36.797142,2,DC0BE0E2-B41E-3D73-47C5-5733952512CB
39.185036,12.899405,2,DC0BE0E2-B41E-3D73-47C5-5733952512CB
34.28418,37.239876,2,DC0BE0E2-B41E-3D73-47C5-5733952512CB
34.9887,38.94296,2,DC0BE0E2-B41E-3D73-47C5-5733952512CB
35.2499,38.882065,2,DC0BE0E2-B41E-3D73-47C5-5733952512CB
35.542995,38.854237,2,DC0BE0E2-B41E-3D73-47C5-5733952512CB
60.23296,17.634895,2,DC0BE0E2-B41E-3D73-47C5-5733952512CB
60.046715,16.421293,2,DC0BE0E2-B41E-3D73-47C5-5733952512CB
60.08931,16.044138,2,DC0BE0E2-B41E-3D73-47C5-5733952512CB
6.678366,15.970436,2,DC0BE0E2-B41E-3D73-47C5-5733952512CB
-43.392967,30.055561,2,DCB45A10-FAF5-53E0-AB53-2D42AC9BB090
-43.02645,30.746056,2,DCB45A10-FAF5-53E0-AB53-2D42AC9BB090
-42.938942,31.335062,0,DCB45A10-FAF5-53E0-AB53-2D42AC9BB090
-42.740723,31.519062,0,DCB45A10-FAF5-53E0-AB53-2D42AC9BB090
-22.215645,47.993504,0,DCB45A10-FAF5-53E0-AB53-2D42AC9BB090
-22.184122,48.00562,0,DCB45A10-FAF5-53E0-AB53-2D42AC9BB090
15.447996,-22.442675,1,DCB45A10-FAF5-53E0-AB53-2D42AC9BB090
14.951463,-22.11767,1,DCB45A10-FAF5-53E0-AB53-2D42AC9BB090
14.642401,-21.886251,0,DCB45A10-FAF5-53E0-AB53-2D42AC9BB090
11.484733,37.01394,0,DCB45A10-FAF5-53E0-AB53-2D42AC9BB090
11.417771,36.957836,0,DCB45A10-FAF5-53E0-AB53-2D42AC9BB090
15.775653,43.726246,0,DCB45A10-FAF5-53E0-AB53-2D42AC9BB090
13.67469,4.4941483,0,DCB45A10-FAF5-53E0-AB53-2D42AC9BB090
13.95836,4.639578,0,DCB45A10-FAF5-53E0-AB53-2D42AC9BB090
38.32559,-21.063059,0,DCB45A10-FAF5-53E0-AB53-2D42AC9BB090
38.21535,-20.8913,1,DCB45A10-FAF5-53E0-AB53-2D42AC9BB090
17.97185,-39.915253,1,DCB45A10-FAF5-53E0-AB53-2D42AC9BB090
-44.396214,-20.486753,2,DCB45A10-FAF5-53E0-AB53-2D42AC9BB090
23.767525,-36.73223,1,DCB45A10-FAF5-53E0-AB53-2D42AC9BB090
23.565617,-36.483738,0,DCB45A10-FAF5-53E0-AB53-2D42AC9BB090
45.61547,-21.743006,0,DCB45A10-FAF5-53E0-AB53-2D42AC9BB090
-41.433506,-47.54891,0,DCB45A10-FAF5-53E0-AB53-2D42AC9BB090
-41.722744,-47.281708,0,DCB45A10-FAF5-53E0-AB53-2D42AC9BB090
-41.985943,-47.236656,0,DCB45A10-FAF5-53E0-AB53-2D42AC9BB090
4.255152,-53.196487,2,DD956DE9-DEFB-C0C6-82B4-C639A17D6782
-4.603671,-5.310585,2,DD956DE9-DEFB-C0C6-82B4-C639A17D6782
-5.4145055,-4.68756,2,DD956DE9-DEFB-C0C6-82B4-C639A17D6782
-5.654417,-4.2126274,2,DD956DE9-DEFB-C0C6-82B4-C639A17D6782
2.1909084,40.362247,2,DD956DE9-DEFB-C0C6-82B4-C639A17D6782
2.476059,40.291107,0,DD956DE9-DEFB-C0C6-82B4-C639A17D6782
-60.133957,-16.175917,2,DD956DE9-DEFB-C0C6-82B4-C639A17D6782
-53.27137,-25.830715,2,DD956DE9-DEFB-C0C6-82B4-C639A17D6782
-56.37565,25.461664,2,DD956DE9-DEFB-C0C6-82B4-C639A17D6782
-55.942364,25.905018,2,DD956DE9-DEFB-C0C6-82B4-C639A17D6782
-55.681877,26.34268,2,DD956DE9-DEFB-C0C6-82B4-C639A17D6782
-55.298927,26.879442,0,DD956DE9-DEFB-C0C6-82B4-C639A17D6782
12.615431,46.76977,2,DD956DE9-DEFB-C0C6-82B4-C639A17D6782
12.56618,46.770718,2,DD956DE9-DEFB-C0C6-82B4-C639A17D6782
-13.948259,42.306698,2,DD956DE9-DEFB-C0C6-82B4-C639A17D6782
-20.075836,39.788273,0,DD956DE9-DEFB-C0C6-82B4-C639A17D6782
-16.62312,43.96305,0,DD956DE9-DEFB-C0C6-82B4-C639A17D6782
41.455143,44.703617,0,DD956DE9-DEFB-C0C6-82B4-C639A17D6782
4.3152633,16.963173,0,DD956DE9-DEFB-C0C6-82B4-C639A17D6782
4.1836643,16.952404,0,DD956DE9-DEFB-C0C6-82B4-C639A17D6782
-36.407574,-37.36391,2,DD956DE9-DEFB-C0C6-82B4-C639A17D6782
-48.534477,-21.876446,2,DD956DE9-DEFB-C0C6-82B4-C639A17D6782
-48.49233,-21.573051,2,DD956DE9-DEFB-C0C6-82B4-C639A17D6782
-54.889668,-9.667054,2,DD956DE9-DEFB-C0C6-82B4-C639A17D6782
4.408297,-20.496702,2,DE775A65-68D5-C477-E2F7-BCC1AEF0B850
7.1506157,-20.906038,2,DE775A65-68D5-C477-E2F7-BCC1AEF0B850
6.5494747,-20.375614,0,DE775A65-68D5-C477-E2F7-BCC1AEF0B850
6.812386,-20.188623,0,DE775A65-68D5-C477-E2F7-BCC1AEF0B850
7.4859943,-19.855906,0,DE775A65-68D5-C477-E2F7-BCC1AEF0B850
6.7539673,-19.127579,0,DE775A65-68D5-C477-E2F7-BCC1AEF0B850
4.1387672,2.1161356,2,DE775A65-68D5-C477-E2F7-BCC1AEF0B850
59.721565,-1.0869398,2,DE775A65-68D5-C477-E2F7-BCC1AEF0B850
59.719913,-1.0357144,2,DE775A65-68D5-C477-E2F7-BCC1AEF0B850
47.77359,27.208946,2,DE775A65-68D5-C477-E2F7-BCC1AEF0B850
27.135109,43.17408,2,DE775A65-68D5-C477-E2F7-BCC1AEF0B850
-43.718277,10.055604,2,DE775A65-68D5-C477-E2F7-BCC1AEF0B850
-35.73161,-39.66171,2,DE775A65-68D5-C477-E2F7-BCC1AEF0B850
-35.708824,-39.674366,2,DE775A65-68D5-C477-E2F7-BCC1AEF0B850
24.098711,-27.227493,2,DE775A65-68D5-C477-E2F7-BCC1AEF0B850
24.12405,-27.198261,2,DE775A65-68D5-C477-E2F7-BCC1AEF0B850
1.8428214,34.659725,2,DE775A65-68D5-C477-E2F7-BCC1AEF0B850
1.8275534,34.67118,2,DE775A65-68D5-C477-E2F7-BCC1AEF0B850
-42.11668,-41.389507,2,DE775A65-68D5-C477-E2F7-BCC1AEF0B850
21.347088,-36.45966,2,DE775A65-68D5-C477-E2F7-BCC1AEF0B850
59.079662,-14.756807,2,DE775A65-68D5-C477-E2F7-BCC1AEF0B850
5.620528,-34.162483,2,DE775A65-68D5-C477-E2F7-BCC1AEF0B850
5.6095934,-34.147404,2,DE775A65-68D5-C477-E2F7-BCC1AEF0B850
-40.749886,-11.012527,2,DE775A65-68D5-C477-E2F7-BCC1AEF0B850
-31.625187,-0.7127489,2,DF62EF03-DA30-E70A-CA31-03A029C9610A
-32.8898,-0.2185598,2,DF62EF03-DA30-E70A-CA31-03A029C9610A
-32.09025,0.09199524,0,DF62EF03-DA30-E70A-CA31-03A029C9610A
-32.49232,0.51975286,0,DF62EF03-DA30-E70A-CA31-03A029C9610A
-32.663445,0.8536175,0,DF62EF03-DA30-E70A-CA31-03A029C9610A
-32.915813,1.1149231,2,DF62EF03-DA30-E70A-CA31-03A029C9610A
48.514698,-8.157561,1,DF62EF03-DA30-E70A-CA31-03A029C9610A
51.968437,30.176031,1,DF62EF03-DA30-E70A-CA31-03A029C9610A
-6.184884,30.922401,1,DF62EF03-DA30-E70A-CA31-03A029C9610A
-6.195192,30.897419,1,DF62EF03-DA30-E70A-CA31-03A029C9610A
-53.830067,-40.303272,1,DF62EF03-DA30-E70A-CA31-03A029C9610A
-53.048416,-40.424725,1,DF62EF03-DA30-E70A-CA31-03A029C9610A
-51.882683,-40.939644,1,DF62EF03-DA30-E70A-CA31-03A029C9610A
-50.723877,-41.789402,1,DF62EF03-DA30-E70A-CA31-03A029C9610A
-50.026077,-41.548424,1,DF62EF03-DA30-E70A-CA31-03A029C9610A
-50.58092,-39.802032,2,DF62EF03-DA30-E70A-CA31-03A029C9610A
-45.19451,-37.83258,2,DF62EF03-DA30-E70A-CA31-03A029C9610A
-45.19275,-37.908657,2,DF62EF03-DA30-E70A-CA31-03A029C9610A
17.835432,-52.088516,0,DF62EF03-DA30-E70A-CA31-03A029C9610A
17.830557,-52.087173,0,DF62EF03-DA30-E70A-CA31-03A029C9610A
-19.33474,-33.38862,2,DF62EF03-DA30-E70A-CA31-03A029C9610A
-19.954176,-32.50717,2,DF62EF03-DA30-E70A-CA31-03A029C9610A
-20.309654,-32.82507,2,DF62EF03-DA30-E70A-CA31-03A029C9610A
-19.87811,-31.518099,2,DF62EF03-DA30-E70A-CA31-03A029C9610A
9.568819,-10.60538,0,E3489F9E-39E2-47B9-24EF-BAACE1438D00
9.502684,-10.598439,0,E3489F9E-39E2-47B9-24EF-BAACE1438D00
41.791367,-13.608263,0,E3489F9E-39E2-47B9-24EF-BAACE1438D00
46.80146,-10.179952,0,E3489F9E-39E2-47B9-24EF-BAACE1438D00
46.833237,-9.591395,2,E3489F9E-39E2-47B9-24EF-BAACE1438D00
57.41298,7.1982436,0,E3489F9E-39E2-47B9-24EF-BAACE1438D00
-37.948437,-49.511528,2,E3489F9E-39E2-47B9-24EF-BAACE1438D00
-37.385563,-50.01751,2,E3489F9E-39E2-47B9-24EF-BAACE1438D00
46.864338,-28.117365,2,E3489F9E-39E2-47B9-24EF-BAACE1438D00
58.541195,-17.681574,2,E3489F9E-39E2-47B9-24EF-BAACE1438D00
45.879414,-8.260293,0,E3489F9E-39E2-47B9-24EF-BAACE1438D00
47.781822,38.402622,0,E3489F9E-39E2-47B9-24EF-BAACE1438D00
47.36892,42.152573,0,E3489F9E-39E2-47B9-24EF-BAACE1438D00
47.36282,42.169086,0,E3489F9E-39E2-47B9-24EF-BAACE1438D00
-19.671616,-29.761927,0,E3489F9E-39E2-47B9-24EF-BAACE1438D00
34.337917,-22.940722,0,E3489F9E-39E2-47B9-24EF-BAACE1438D00
36.400566,-23.856491,0,E3489F9E-39E2-47B9-24EF-BAACE1438D00
36.95777,-24.22271,0,E3489F9E-39E2-47B9-24EF-BAACE1438D00
37.380913,-24.24622,2,E3489F9E-39E2-47B9-24EF-BAACE1438D00
37.336628,-24.381493,2,E3489F9E-39E2-47B9-24EF-BAACE1438D00
35.204323,-23.274582,2,E3489F9E-39E2-47B9-24EF-BAACE1438D00
-8.155577,17.806553,2,E3489F9E-39E2-47B9-24EF-BAACE1438D00
-11.816579,10.35671,2,E3489F9E-39E2-47B9-24EF-BAACE1438D00
-11.290307,39.474,2,E49C1269-8AB7-8C8F-FC88-AA92C2F1E260
-11.256764,39.633415,2,E49C1269-8AB7-8C8F-FC88-AA92C2F1E260
36.269554,34.431316,2,E49C1269-8AB7-8C8F-FC88-AA92C2F1E260
36.568413,33.978268,1,E49C1269-8AB7-8C8F-FC88-AA92C2F1E260
36.76468,33.92991,0,E49C1269-8AB7-8C8F-FC88-AA92C2F1E260
37.736286,33.42806,0,E49C1269-8AB7-8C8F-FC88-AA92C2F1E260
54.33773,19.103752,0,E49C1269-8AB7-8C8F-FC88-AA92C2F1E260
41.163017,50.263405,0,E49C1269-8AB7-8C8F-FC88-AA92C2F1E260
40.424854,50.666912,0,E49C1269-8AB7-8C8F-FC88-AA92C2F1E260
39.321125,50.79448,0,E49C1269-8AB7-8C8F-FC88-AA92C2F1E260
39.141716,50.746387,0,E49C1269-8AB7-8C8F-FC88-AA92C2F1E260
39.06383,49.678677,0,E49C1269-8AB7-8C8F-FC88-AA92C2F1E260
-56.551384,-10.143562,2,E49C1269-8AB7-8C8F-FC88-AA92C2F1E260
-44.291607,7.579982,2,E49C1269-8AB7-8C8F-FC88-AA92C2F1E260
42.69974,36.04724,2,E49C1269-8AB7-8C8F-FC88-AA92C2F1E260
42.633152,35.849636,0,E49C1269-8AB7-8C8F-FC88-AA92C2F1E260
-10.986172,27.65157,0,E49C1269-8AB7-8C8F-FC88-AA92C2F1E260
-43.120342,-2.906752,0,E49C1269-8AB7-8C8F-FC88-AA92C2F1E260
-34.65986,-1.9519702,2,E5CCE6B3-2C6E-BE96-602F-3852C8614777
-34.657093,-1.9703913,2,E5CCE6B3-2C6E-BE96-602F-3852C8614777
-1.9890008,6.257048,0,E5CCE6B3-2C6E-BE96-602F-3852C8614777
-1.383786,6.0303545,0,E5CCE6B3-2C6E-BE96-602F-3852C8614777
-1.0415059,6.0341735,0,E5CCE6B3-2C6E-BE96-602F-3852C8614777
29.31854,-38.035553,0,E5CCE6B3-2C6E-BE96-602F-3852C8614777
-48.908474,9.1644125,2,E5CCE6B3-2C6E-BE96-602F-3852C8614777
-48.796593,9.232599,2,E5CCE6B3-2C6E-BE96-602F-3852C8614777
50.30082,-3.8124368,0,E5CCE6B3-2C6E-BE96-602F-3852C8614777
3.6446977,24.913786,0,E5CCE6B3-2C6E-BE96-602F-3852C8614777
3.7088106,24.955616,0,E5CCE6B3-2C6E-BE96-602F-3852C8614777
-38.766087,20.411175,2,E5CCE6B3-2C6E-BE96-602F-3852C8614777
23.15736,29.667265,0,E5CCE6B3-2C6E-BE96-602F-3852C8614777
21.856062,29.1478,0,E5CCE6B3-2C6E-BE96-602F-3852C8614777
22.08216,29.264557,0,E5CCE6B3-2C6E-BE96-602F-3852C8614777
-21.928843,19.255991,0,E5CCE6B3-2C6E-BE96-602F-3852C8614777
-35.334682,-30.161755,0,E5CCE6B3-2C6E-BE96-602F-3852C8614777
-35.429737,-30.45333,2,E5CCE6B3-2C6E-BE96-602F-3852C8614777
32.07597,48.144062,1,E5CCE6B3-2C6E-BE96-602F-3852C8614777
32.098217,48.137474,2,E5CCE6B3-2C6E-BE96-602F-3852C8614777
-0.25647005,-6.6455903,2,E5F96AC5-AE7E-C4E8-8288-FB2674F43704
-30.641047,-26.32629,1,E5F96AC5-AE7E-C4E8-8288-FB2674F43704
-30.653923,-27.081217,1,E5F96AC5-AE7E-C4E8-8288-FB2674F43704
-30.803768,-28.374807,1,E5F96AC5-AE7E-C4E8-8288-FB2674F43704
-30.608446,-28.193241,2,E5F96AC5-AE7E-C4E8-8288-FB2674F43704
-31.252457,-29.20952,2,E5F96AC5-AE7E-C4E8-8288-FB2674F43704
47.097378,-24.677904,1,E5F96AC5-AE7E-C4E8-8288-FB2674F43704
47.15164,-24.237926,1,E5F96AC5-AE7E-C4E8-8288-FB2674F43704
47.42491,-23.40896,1,E5F96AC5-AE7E-C4E8-8288-FB2674F43704
42.27608,-11.494574,1,E5F96AC5-AE7E-C4E8-8288-FB2674F43704
43.060078,-11.453198,1,E5F96AC5-AE7E-C4E8-8288-FB2674F43704
23.097734,4.238506,1,E5F96AC5-AE7E-C4E8-8288-FB2674F43704
51.89896,26.049479,2,E5F96AC5-AE7E-C4E8-8288-FB2674F43704
43.427414,41.559654,2,E5F96AC5-AE7E-C4E8-8288-FB2674F43704
43.4393,41.489624,2,E5F96AC5-AE7E-C4E8-8288-FB2674F43704
36.987476,25.212978,2,E5F96AC5-AE7E-C4E8-8288-FB2674F43704
-22.361605,44.38617,2,E5F96AC5-AE7E-C4E8-8288-FB2674F43704
-22.522839,44.26861,2,E5F96AC5-AE7E-C4E8-8288-FB2674F43704
-0.16416164,-57.667545,2,EA788550-E907-E4AC-EAE4-82CC26723E3B
0.06785576,-57.6807,2,EA788550-E907-E4AC-EAE4-82CC26723E3B
13.514024,-56.233105,2,EA788550-E907-E4AC-EAE4-82CC26723E3B
13.368962,-56.22935,2,EA788550-E907-E4AC-EAE4-82CC26723E3B
1.0921102,-50.68104,2,EA788550-E907-E4AC-EAE4-82CC26723E3B
0.7442122,-50.240463,2,EA788550-E907-E4AC-EAE4-82CC26723E3B
-48.38057,28.005745,0,EA788550-E907-E4AC-EAE4-82CC26723E3B
-48.333916,28.062408,0,EA788550-E907-E4AC-EAE4-82CC26723E3B
-37.135197,3.072945,1,EA788550-E907-E4AC-EAE4-82CC26723E3B
-37.440002,3.03195,1,EA788550-E907-E4AC-EAE4-82CC26723E3B
-53.163635,14.612048,1,EA788550-E907-E4AC-EAE4-82CC26723E3B
-53.370068,14.535685,1,EA788550-E907-E4AC-EAE4-82CC26723E3B
-9.08314,39.2656,1,EA788550-E907-E4AC-EAE4-82CC26723E3B
-19.194098,-10.42826,1,EA788550-E907-E4AC-EAE4-82CC26723E3B
-19.156355,-10.51357,1,EA788550-E907-E4AC-EAE4-82CC26723E3B
-48.947372,-28.21075,1,EA788550-E907-E4AC-EAE4-82CC26723E3B
-15.5143585,-21.272429,1,EA788550-E907-E4AC-EAE4-82CC26723E3B
29.567316,-33.821968,1,EA788550-E907-E4AC-EAE4-82CC26723E3B
-31.343716,20.782581,2,EC6E2525-212C-1C3A-0B73-74D1B45748E1
-30.672022,21.777903,1,EC6E2525-212C-1C3A-0B73-74D1B45748E1
-30.386108,22.270838,1,EC6E2525-212C-1C3A-0B73-74D1B45748E1
-29.972614,21.344318,1,EC6E2525-212C-1C3A-0B73-74D1B45748E1
-29.13987,20.823853,1,EC6E2525-212C-1C3A-0B73-74D1B45748E1
-6.3636146,-24.574575,1,EC6E2525-212C-1C3A-0B73-74D1B45748E1
-27.101496,36.02023,2,EC6E2525-212C-1C3A-0B73-74D1B45748E1
-27.004305,36.068695,2,EC6E2525-212C-1C3A-0B73-74D1B45748E1
-27.588442,35.175976,1,EC6E2525-212C-1C3A-0B73-74D1B45748E1
30.092886,41.010292,1,EC6E2525-212C-1C3A-0B73-74D1B45748E1
53.088,-7.2473154,1,EC6E2525-212C-1C3A-0B73-74D1B45748E1
53.11227,-7.2552195,1,EC6E2525-212C-1C3A-0B73-74D1B45748E1
-1.0409192,21.72394,0,EC6E2525-212C-1C3A-0B73-74D1B45748E1
22.462147,-0.5426138,0,EC6E2525-212C-1C3A-0B73-74D1B45748E1
-0.942484,21.690119,0,EC6E2525-212C-1C3A-0B73-74D1B45748E1
53.73513,-20.657974,0,EC6E2525-212C-1C3A-0B73-74D1B45748E1
53.452858,-20.524754,1,EC6E2525-212C-1C3A-0B73-74D1B45748E1
53.0821,-20.493294,1,EC6E2525-212C-1C3A-0B73-74D1B45748E1
-14.02202,17.152145,0,EC6E2525-212C-1C3A-0B73-74D1B45748E1
-13.756185,16.420067,0,EC6E2525-212C-1C3A-0B73-74D1B45748E1
-13.601038,16.11688,0,EC6E2525-212C-1C3A-0B73-74D1B45748E1
-41.79521,-7.7330313,0,EC6E2525-212C-1C3A-0B73-74D1B45748E1
-41.81911,-7.6266246,0,EC6E2525-212C-1C3A-0B73-74D1B45748E1
-51.054962,-36.747753,1,EC6E2525-212C-1C3A-0B73-74D1B45748E1
-12.654844,-43.544746,2,EE62AFCD-B47D-E676-0257-21F92CB612D8
-14.055337,-41.475124,2,EE62AFCD-B47D-E676-0257-21F92CB612D8
-55.81325,17.297045,2,EE62AFCD-B47D-E676-0257-21F92CB612D8
-52.035225,27.907305,2,EE62AFCD-B47D-E676-0257-21F92CB612D8
-51.956543,28.12114,2,EE62AFCD-B47D-E676-0257-21F92CB612D8
-51.96728,28.16409,0,EE62AFCD-B47D-E676-0257-21F92CB612D8
47.765087,-16.110916,2,EE62AFCD-B47D-E676-0257-21F92CB612D8
47.705498,-16.92823,0,EE62AFCD-B47D-E676-0257-21F92CB612D8
48.13098,-16.003366,0,EE62AFCD-B47D-E676-0257-21F92CB612D8
15.357503,-34.79878,0,EE62AFCD-B47D-E676-0257-21F92CB612D8
15.362406,-34.808933,0,EE62AFCD-B47D-E676-0257-21F92CB612D8
21.83937,2.0708368,0,EE62AFCD-B47D-E676-0257-21F92CB612D8
5.98911,14.241422,2,EE62AFCD-B47D-E676-0257-21F92CB612D8
35.798935,-17.107752,2,EE62AFCD-B47D-E676-0257-21F92CB612D8
35.72596,-17.055403,2,EE62AFCD-B47D-E676-0257-21F92CB612D8
9.918289,-35.103848,2,EE62AFCD-B47D-E676-0257-21F92CB612D8
9.857068,-35.131367,2,EE62AFCD-B47D-E676-0257-21F92CB612D8
-16.608273,-27.739943,2,EE62AFCD-B47D-E676-0257-21F92CB612D8
10.256344,-28.268414,2,EE62AFCD-B47D-E676-0257-21F92CB612D8
10.160006,-28.158743,2,EE62AFCD-B47D-E676-0257-21F92CB612D8
11.813587,-21.89804,2,EE62AFCD-B47D-E676-0257-21F92CB612D8
11.865024,-21.842102,2,EE62AFCD-B47D-E676-0257-21F92CB612D8
43.03071,14.096966,2,EE62AFCD-B47D-E676-0257-21F92CB612D8
43.29813,14.16947,0,EE62AFCD-B47D-E676-0257-21F92CB612D8
43.82725,14.083772,2,EE62AFCD-B47D-E676-0257-21F92CB612D8
49.923615,12.509207,2,EE62AFCD-B47D-E676-0257-21F92CB612D8
49.836014,12.632855,0,EE62AFCD-B47D-E676-0257-21F92CB612D8
8.36879,3.7518668,0,EE62AFCD-B47D-E676-0257-21F92CB612D8
9.098116,4.2076635,0,EE62AFCD-B47D-E676-0257-21F92CB612D8
8.976685,4.173666,0,EE62AFCD-B47D-E676-0257-21F92CB612D8
9.954855,-52.56879,1,F1430977-52AF-4F46-BF92-0A8D736CBD2B
10.25568,-52.20431,1,F1430977-52AF-4F46-BF92-0A8D736CBD2B
10.291089,-51.99267,1,F1430977-52AF-4F46-BF92-0A8D736CBD2B
22.617718,-4.3636556,1,F1430977-52AF-4F46-BF92-0A8D736CBD2B
22.65822,-4.4165215,1,F1430977-52AF-4F46-BF92-0A8D736CBD2B
11.937548,-53.136635,1,F1430977-52AF-4F46-BF92-0A8D736CBD2B
7.7045593,18.60017,1,F1430977-52AF-4F46-BF92-0A8D736CBD2B
6.9875045,19.196152,1,F1430977-52AF-4F46-BF92-0A8D736CBD2B
8.341935,18.89899,1,F1430977-52AF-4F46-BF92-0A8D736CBD2B
8.541999,18.753168,1,F1430977-52AF-4F46-BF92-0A8D736CBD2B
61.125954,-4.473296,1,F1430977-52AF-4F46-BF92-0A8D736CBD2B
61.184944,-4.5767703,1,F1430977-52AF-4F46-BF92-0A8D736CBD2B
33.29036,-10.251062,1,F1430977-52AF-4F46-BF92-0A8D736CBD2B
33.6412,-11.256017,1,F1430977-52AF-4F46-BF92-0A8D736CBD2B
33.601467,-11.144238,1,F1430977-52AF-4F46-BF92-0A8D736CBD2B
38.33185,-27.09187,1,F1430977-52AF-4F46-BF92-0A8D736CBD2B
38.070423,-27.424173,1,F1430977-52AF-4F46-BF92-0A8D736CBD2B
54.327312,-26.969484,1,F1430977-52AF-4F46-BF92-0A8D736CBD2B
-14.7201805,-4.373006,0,F752B62E-E95F-A65D-4CB2-8B0252E15F08
-13.1217785,1.6946398,2,F752B62E-E95F-A65D-4CB2-8B0252E15F08
-13.113642,1.6404083,2,F752B62E-E95F-A65D-4CB2-8B0252E15F08
8.049364,46.970413,2,F752B62E-E95F-A65D-4CB2-8B0252E15F08
7.3768225,47.095554,0,F752B62E-E95F-A65D-4CB2-8B0252E15F08
7.249801,47.138172,0,F752B62E-E95F-A65D-4CB2-8B0252E15F08
-29.02639,-48.369934,2,F752B62E-E95F-A65D-4CB2-8B0252E15F08
-28.530407,-48.416183,2,F752B62E-E95F-A65D-4CB2-8B0252E15F08
-27.995409,-48.489456,0,F752B62E-E95F-A65D-4CB2-8B0252E15F08
-27.411781,-48.647266,0,F752B62E-E95F-A65D-4CB2-8B0252E15F08
38.712654,35.17038,0,F752B62E-E95F-A65D-4CB2-8B0252E15F08
38.550743,35.355564,0,F752B62E-E95F-A65D-4CB2-8B0252E15F08
14.573787,44.52776,2,F752B62E-E95F-A65D-4CB2-8B0252E15F08
14.264577,44.50326,2,F752B62E-E95F-A65D-4CB2-8B0252E15F08
12.236854,44.51165,2,F752B62E-E95F-A65D-4CB2-8B0252E15F08
11.966764,44.48402,2,F752B62E-E95F-A65D-4CB2-8B0252E15F08
-22.795813,41.231396,0,F752B62E-E95F-A65D-4CB2-8B0252E15F08
-47.467587,17.036201,0,F752B62E-E95F-A65D-4CB2-8B0252E15F08
-2.9749587,-43.83203,2,FB3409F8-2ADE-757A-A1A5-DC1BBBD1131A
-17.162607,0.6130121,2,FB3409F8-2ADE-757A-A1A5-DC1BBBD1131A
-17.016506,0.61336744,0,FB3409F8-2ADE-757A-A1A5-DC1BBBD1131A
-2.7667744,-43.368137,0,FB3409F8-2ADE-757A-A1A5-DC1BBBD1131A
-1.4207405,-47.802544,0,FB3409F8-2ADE-757A-A1A5-DC1BBBD1131A
-2.6475003,-45.24554,0,FB3409F8-2ADE-757A-A1A5-DC1BBBD1131A
-2.296891,-45.726322,0,FB3409F8-2ADE-757A-A1A5-DC1BBBD1131A
-1.7892506,-46.356255,1,FB3409F8-2ADE-757A-A1A5-DC1BBBD1131A
-0.2575251,-45.861343,2,FB3409F8-2ADE-757A-A1A5-DC1BBBD1131A
-15.791973,-41.392628,2,FB3409F8-2ADE-757A-A1A5-DC1BBBD1131A
-15.530497,-41.01995,2,FB3409F8-2ADE-757A-A1A5-DC1BBBD1131A
-15.647895,-40.607185,2,FB3409F8-2ADE-757A-A1A5-DC1BBBD1131A
-29.365234,33.60454,2,FB3409F8-2ADE-757A-A1A5-DC1BBBD1131A
-37.66308,21.135406,2,FB3409F8-2ADE-757A-A1A5-DC1BBBD1131A
-37.602688,21.044859,2,FB3409F8-2ADE-757A-A1A5-DC1BBBD1131A
-23.73827,23.097025,2,FB3409F8-2ADE-757A-A1A5-DC1BBBD1131A
-0.041454908,-4.6463785,2,FB3409F8-2ADE-757A-A1A5-DC1BBBD1131A
-30.545261,-48.054825,2,FB3409F8-2ADE-757A-A1A5-DC1BBBD1131A
61.365723,29.656559,0,FB3409F8-2ADE-757A-A1A5-DC1BBBD1131A
61.3867,29.601954,0,FB3409F8-2ADE-757A-A1A5-DC1BBBD1131A
60.837276,9.409224,0,FB3409F8-2ADE-757A-A1A5-DC1BBBD1131A
64.56938,-8.758525,0,FB3409F8-2ADE-757A-A1A5-DC1BBBD1131A
64.35951,-10.394604,1,FB3409F8-2ADE-757A-A1A5-DC1BBBD1131A
64.26268,-10.593926,1,FB3409F8-2ADE-757A-A1A5-DC1BBBD1131A
36.392002,50.210655,0,FB3409F8-2ADE-757A-A1A5-DC1BBBD1131A
36.30859,50.45918,0,FB3409F8-2ADE-757A-A1A5-DC1BBBD1131A
36.27402,48.327248,1,FB3409F8-2ADE-757A-A1A5-DC1BBBD1131A
36.152832,48.021805,1,FB3409F8-2ADE-757A-A1A5-DC1BBBD1131A
60.742397,12.307859,1,FB3409F8-2ADE-757A-A1A5-DC1BBBD1131A
60.762627,12.275524,0,FB3409F8-2ADE-757A-A1A5-DC1BBBD1131A
58.32849,-30.456322,1,FB3409F8-2ADE-757A-A1A5-DC1BBBD1131A
58.282887,-30.52172,1,FB3409F8-2ADE-757A-A1A5-DC1BBBD1131A
61.830368,-25.593473,1,FB3409F8-2ADE-757A-A1A5-DC1BBBD1131A
63.151367,-24.457628,1,FB3409F8-2ADE-757A-A1A5-DC1BBBD1131A
63.247097,-24.384626,1,FB3409F8-2ADE-757A-A1A5-DC1BBBD1131A
62.107273,15.249997,1,FB3409F8-2ADE-757A-A1A5-DC1BBBD1131A
31.878895,-45.953312,2,FB70D507-2F2A-0F83-3B53-75EB8452F5E0
40.520947,-8.157012,2,FB70D507-2F2A-0F83-3B53-75EB8452F5E0
-9.032928,-7.8198466,2,FB70D507-2F2A-0F83-3B53-75EB8452F5E0
-46.69362,3.4854033,2,FB70D507-2F2A-0F83-3B53-75EB8452F5E0
-37.59598,40.091034,2,FB70D507-2F2A-0F83-3B53-75EB8452F5E0
-55.222878,22.213577,2,FB70D507-2F2A-0F83-3B53-75EB8452F5E0
-54.3704,22.05484,2,FB70D507-2F2A-0F83-3B53-75EB8452F5E0
-54.48015,22.01949,2,FB70D507-2F2A-0F83-3B53-75EB8452F5E0
-54.870476,21.768642,2,FB70D507-2F2A-0F83-3B53-75EB8452F5E0
-25.05615,24.695597,0,FB70D507-2F2A-0F83-3B53-75EB8452F5E0
3.5665996,4.943915,0,FB70D507-2F2A-0F83-3B53-75EB8452F5E0
16.762184,-16.456001,0,FB70D507-2F2A-0F83-3B53-75EB8452F5E0
-44.429123,27.4663,2,FB70D507-2F2A-0F83-3B53-75EB8452F5E0
-44.063725,27.656652,0,FB70D507-2F2A-0F83-3B53-75EB8452F5E0
-43.64876,27.82071,0,FB70D507-2F2A-0F83-3B53-75EB8452F5E0
40.90416,14.076984,0,FB70D507-2F2A-0F83-3B53-75EB8452F5E0
11.582319,22.664171,2,FB70D507-2F2A-0F83-3B53-75EB8452F5E0
11.603273,22.86926,2,FB70D507-2F2A-0F83-3B53-75EB8452F5E0
48.157993,29.87122,0,FB70D507-2F2A-0F83-3B53-75EB8452F5E0
54.75961,-17.59432,0,FB70D507-2F2A-0F83-3B53-75EB8452F5E0
55.229343,-18.746101,0,FB70D507-2F2A-0F83-3B53-75EB8452F5E0
55.51992,-18.802431,1,FB70D507-2F2A-0F83-3B53-75EB8452F5E0
55.920517,-18.99778,1,FB70D507-2F2A-0F83-3B53-75EB8452F5E0
56.475,-17.324877,1,FB70D507-2F2A-0F83-3B53-75EB8452F5E0
-48.916332,21.297115,2,FC50071B-D2BA-C98B-AC6E-7339010D56DA
-9.334496,53.441032,2,FC50071B-D2BA-C98B-AC6E-7339010D56DA
-3.0510077,52.81873,2,FC50071B-D2BA-C98B-AC6E-7339010D56DA
2.6130483,53.384502,2,FC50071B-D2BA-C98B-AC6E-7339010D56DA
2.9389699,53.43004,2,FC50071B-D2BA-C98B-AC6E-7339010D56DA
4.5593405,56.980755,2,FC50071B-D2BA-C98B-AC6E-7339010D56DA
16.052094,-31.583744,2,FC50071B-D2BA-C98B-AC6E-7339010D56DA
16.329372,-31.55838,2,FC50071B-D2BA-C98B-AC6E-7339010D56DA
26.72279,30.351463,2,FC50071B-D2BA-C98B-AC6E-7339010D56DA
27.73028,30.252367,2,FC50071B-D2BA-C98B-AC6E-7339010D56DA
27.958204,30.148195,2,FC50071B-D2BA-C98B-AC6E-7339010D56DA
28.374321,29.859728,2,FC50071B-D2BA-C98B-AC6E-7339010D56DA
-37.6173,-52.30411,2,FC50071B-D2BA-C98B-AC6E-7339010D56DA
-37.831326,-52.770138,2,FC50071B-D2BA-C98B-AC6E-7339010D56DA
-37.635418,-53.13983,2,FC50071B-D2BA-C98B-AC6E-7339010D56DA
-37.72927,-53.290134,2,FC50071B-D2BA-C98B-AC6E-7339010D56DA
41.417484,-16.986544,2,FC50071B-D2BA-C98B-AC6E-7339010D56DA
41.450058,-17.22279,2,FC50071B-D2BA-C98B-AC6E-7339010D56DA
57.35961,36.010403,2,FC66D29E-8CD8-AE29-A071-33549272C1EE
56.938343,35.277786,0,FC66D29E-8CD8-AE29-A071-33549272C1EE
56.81032,35.279366,0,FC66D29E-8CD8-AE29-A071-33549272C1EE
55.886982,34.167793,0,FC66D29E-8CD8-AE29-A071-33549272C1EE
18.366495,46.68777,0,FC66D29E-8CD8-AE29-A071-33549272C1EE
18.355085,46.708763,0,FC66D29E-8CD8-AE29-A071-33549272C1EE
30.634823,52.924526,0,FC66D29E-8CD8-AE29-A071-33549272C1EE
30.643555,52.92388,0,FC66D29E-8CD8-AE29-A071-33549272C1EE
13.442124,41.22469,2,FC66D29E-8CD8-AE29-A071-33549272C1EE
13.475212,41.25832,2,FC66D29E-8CD8-AE29-A071-33549272C1EE
-30.892155,-24.530048,2,FC66D29E-8CD8-AE29-A071-33549272C1EE
6.6747184,-15.718053,2,FC66D29E-8CD8-AE29-A071-33549272C1EE
7.2784767,-15.060553,0,FC66D29E-8CD8-AE29-A071-33549272C1EE
5.6563396,-7.4874706,0,FC66D29E-8CD8-AE29-A071-33549272C1EE
5.652015,-7.3501863,0,FC66D29E-8CD8-AE29-A071-33549272C1EE
6.190525,-6.9155936,0,FC66D29E-8CD8-AE29-A071-33549272C1EE
6.5356817,-6.7284007,0,FC66D29E-8CD8-AE29-A071-33549272C1EE
20.1731,-7.4843574,0,FC66D29E-8CD8-AE29-A071-33549272C1EE
16.51918,38.27219,2,FC66D29E-8CD8-AE29-A071-33549272C1EE
15.855985,38.085243,0,FC66D29E-8CD8-AE29-A071-33549272C1EE
15.628004,38.10708,0,FC66D29E-8CD8-AE29-A071-33549272C1EE
3.5125132,-4.10524,0,FC66D29E-8CD8-AE29-A071-33549272C1EE
4.411406,-4.0592637,0,FC66D29E-8CD8-AE29-A071-33549272C1EE
4.7188725,-4.064994,0,FC66D29E-8CD8-AE29-A071-33549272C1EE
53.09841,14.021488,0,FC66D29E-8CD8-AE29-A071-33549272C1EE
52.9099,14.17954,0,FC66D29E-8CD8-AE29-A071-33549272C1EE
36.528385,-13.9245615,0,FC66D29E-8CD8-AE29-A071-33549272C1EE
36.746365,-13.927781,0,FC66D29E-8CD8-AE29-A071-33549272C1EE
38.60056,39.124268,0,FC66D29E-8CD8-AE29-A071-33549272C1EE
38.408546,39.330486,0,FC66D29E-8CD8-AE29-A071-33549272C1EE
-53.882862,-13.508512,2,FFAB0F54-EFF2-FA1A-1892-F9D8ED3C9B31
-54.275852,-14.224161,2,FFAB0F54-EFF2-FA1A-1892-F9D8ED3C9B31
-54.24568,-14.453145,2,FFAB0F54-EFF2-FA1A-1892-F9D8ED3C9B31
-53.547085,-15.110559,2,FFAB0F54-EFF2-FA1A-1892-F9D8ED3C9B31
-21.591536,-6.9137917,2,FFAB0F54-EFF2-FA1A-1892-F9D8ED3C9B31
-21.368517,-7.4115515,0,FFAB0F54-EFF2-FA1A-1892-F9D8ED3C9B31
-20.930895,-7.9067483,0,FFAB0F54-EFF2-FA1A-1892-F9D8ED3C9B31
-43.761803,17.001608,2,FFAB0F54-EFF2-FA1A-1892-F9D8ED3C9B31
-43.72701,17.038105,2,FFAB0F54-EFF2-FA1A-1892-F9D8ED3C9B31
-44.878304,17.026018,2,FFAB0F54-EFF2-FA1A-1892-F9D8ED3C9B31
-34.445385,39.466938,2,FFAB0F54-EFF2-FA1A-1892-F9D8ED3C9B31
-33.897144,40.16512,0,FFAB0F54-EFF2-FA1A-1892-F9D8ED3C9B31
30.578718,33.925537,0,FFAB0F54-EFF2-FA1A-1892-F9D8ED3C9B31
30.595901,33.85367,0,FFAB0F54-EFF2-FA1A-1892-F9D8ED3C9B31
29.74649,34.053314,0,FFAB0F54-EFF2-FA1A-1892-F9D8ED3C9B31
-39.542957,14.278763,0,FFAB0F54-EFF2-FA1A-1892-F9D8ED3C9B31
-39.028122,14.08791,2,FFAB0F54-EFF2-FA1A-1892-F9D8ED3C9B31
-32.49528,-15.893326,2,FFAB0F54-EFF2-FA1A-1892-F9D8ED3C9B31
-22.710165,18.72778,0,FFAB0F54-EFF2-FA1A-1892-F9D8ED3C9B31
-21.140797,-18.47879,0,FFAB0F54-EFF2-FA1A-1892-F9D8ED3C9B31
-21.495855,16.98813,2,FFAB0F54-EFF2-FA1A-1892-F9D8ED3C9B31
-21.556131,17.158024,2,FFAB0F54-EFF2-FA1A-1892-F9D8ED3C9B31
-21.993595,17.43978,2,FFAB0F54-EFF2-FA1A-1892-F9D8ED3C9B31
34.549557,26.709663,0,FFAB0F54-EFF2-FA1A-1892-F9D8ED3C9B31
-43.101753,-39.763557,2,FFAB0F54-EFF2-FA1A-1892-F9D8ED3C9B31
-6.454691,23.664639,2,FFAB0F54-EFF2-FA1A-1892-F9D8ED3C9B31
37.177963,-5.0974727,2,FFAB0F54-EFF2-FA1A-1892-F9D8ED3C9B31
22.91458,12.65468,0,FFAB0F54-EFF2-FA1A-1892-F9D8ED3C9B31
36.902473,-4.7958555,0,FFAB0F54-EFF2-FA1A-1892-F9D8ED3C9B31
36.488213,-3.8599453,0,FFAB0F54-EFF2-FA1A-1892-F9D8ED3C9B31
25.282396,46.17694,0,FFAB0F54-EFF2-FA1A-1892-F9D8ED3C9B31
38.03683,-9.689563,2,FFAB0F54-EFF2-FA1A-1892-F9D8ED3C9B31
2.2946072,31.389853,2,FFAB0F54-EFF2-FA1A-1892-F9D8ED3C9B31
23.592066,53.329704,2,FFAB0F54-EFF2-FA1A-1892-F9D8ED3C9B31
24.008974,53.6421,2,FFAB0F54-EFF2-FA1A-1892-F9D8ED3C9B31
24.243303,53.789345,2,FFAB0F54-EFF2-FA1A-1892-F9D8ED3C9B31
