tsne_x,tsne_y,label_mood,player_id
30.088968,39.94537,0,018B0D8D-B5EC-09D6-90ED-550058EBFEAF
29.554905,39.951725,2,018B0D8D-B5EC-09D6-90ED-550058EBFEAF
29.5319,39.839428,2,018B0D8D-B5EC-09D6-90ED-550058EBFEAF
29.079466,39.20181,2,018B0D8D-B5EC-09D6-90ED-550058EBFEAF
28.718685,38.313137,0,018B0D8D-B5EC-09D6-90ED-550058EBFEAF
30.807972,-2.0676503,0,018B0D8D-B5EC-09D6-90ED-550058EBFEAF
32.194233,-11.617886,0,018B0D8D-B5EC-09D6-90ED-550058EBFEAF
36.676525,-16.040888,0,018B0D8D-B5EC-09D6-90ED-550058EBFEAF
36.858677,-14.361963,0,018B0D8D-B5EC-09D6-90ED-550058EBFEAF
30.523027,-5.3896527,0,018B0D8D-B5EC-09D6-90ED-550058EBFEAF
22.137932,7.5354896,1,018B0D8D-B5EC-09D6-90ED-550058EBFEAF
22.060926,7.806007,1,018B0D8D-B5EC-09D6-90ED-550058EBFEAF
-30.043879,-46.125366,2,018B0D8D-B5EC-09D6-90ED-550058EBFEAF
-4.3551416,-47.1363,2,018B0D8D-B5EC-09D6-90ED-550058EBFEAF
65.71994,-1.7136847,0,018B0D8D-B5EC-09D6-90ED-550058EBFEAF
-8.314445,-47.83335,0,018B0D8D-B5EC-09D6-90ED-550058EBFEAF
-8.43851,-47.76895,0,018B0D8D-B5EC-09D6-90ED-550058EBFEAF
-8.708907,-47.546574,0,018B0D8D-B5EC-09D6-90ED-550058EBFEAF
62.872604,-1.2785501,0,018B0D8D-B5EC-09D6-90ED-550058EBFEAF
55.79531,-7.3539467,0,018B0D8D-B5EC-09D6-90ED-550058EBFEAF
3.752416,-31.103613,0,018B0D8D-B5EC-09D6-90ED-550058EBFEAF
3.6023924,-31.243845,0,018B0D8D-B5EC-09D6-90ED-550058EBFEAF
-25.989994,-5.5687475,1,018B0D8D-B5EC-09D6-90ED-550058EBFEAF
-51.459198,5.4407797,1,018B0D8D-B5EC-09D6-90ED-550058EBFEAF
-12.701129,-1.302684,0,06F9F8CE-9696-23CA-25B5-000AA4A793BA
31.140762,48.880676,0,06F9F8CE-9696-23CA-25B5-000AA4A793BA
-12.066412,48.35302,1,06F9F8CE-9696-23CA-25B5-000AA4A793BA
-12.125851,48.295406,2,06F9F8CE-9696-23CA-25B5-000AA4A793BA
-12.572561,47.984158,2,06F9F8CE-9696-23CA-25B5-000AA4A793BA
-12.669183,47.620556,2,06F9F8CE-9696-23CA-25B5-000AA4A793BA
-12.793787,46.881527,2,06F9F8CE-9696-23CA-25B5-000AA4A793BA
22.888515,-5.762734,2,06F9F8CE-9696-23CA-25B5-000AA4A793BA
58.078064,-11.660035,0,06F9F8CE-9696-23CA-25B5-000AA4A793BA
44.492943,-33.83959,0,06F9F8CE-9696-23CA-25B5-000AA4A793BA
56.175125,-37.810402,0,06F9F8CE-9696-23CA-25B5-000AA4A793BA
-3.0020952,-10.358502,0,06F9F8CE-9696-23CA-25B5-000AA4A793BA
-3.7492232,-9.976641,0,06F9F8CE-9696-23CA-25B5-000AA4A793BA
-4.5728416,-9.646018,0,06F9F8CE-9696-23CA-25B5-000AA4A793BA
-5.102553,-9.51969,0,06F9F8CE-9696-23CA-25B5-000AA4A793BA
-5.5500593,-9.42469,2,06F9F8CE-9696-23CA-25B5-000AA4A793BA
-24.191597,-14.579461,2,06F9F8CE-9696-23CA-25B5-000AA4A793BA
-24.06069,-14.637573,2,06F9F8CE-9696-23CA-25B5-000AA4A793BA
-24.548576,23.12429,1,06F9F8CE-9696-23CA-25B5-000AA4A793BA
-24.848413,22.844688,1,06F9F8CE-9696-23CA-25B5-000AA4A793BA
-25.008661,22.706875,1,06F9F8CE-9696-23CA-25B5-000AA4A793BA
-24.243456,23.195347,1,06F9F8CE-9696-23CA-25B5-000AA4A793BA
19.579998,35.293285,1,06F9F8CE-9696-23CA-25B5-000AA4A793BA
-1.2029161,26.948938,1,06F9F8CE-9696-23CA-25B5-000AA4A793BA
15.567603,-45.52913,1,09FCECC4-F94E-ED69-5E9B-3223B590A149
-5.096121,-50.405483,1,09FCECC4-F94E-ED69-5E9B-3223B590A149
-52.051826,-53.331753,2,09FCECC4-F94E-ED69-5E9B-3223B590A149
-51.963425,-53.273663,2,09FCECC4-F94E-ED69-5E9B-3223B590A149
-51.8792,-53.26863,2,09FCECC4-F94E-ED69-5E9B-3223B590A149
-51.821983,-53.284447,2,09FCECC4-F94E-ED69-5E9B-3223B590A149
24.495754,57.143555,2,09FCECC4-F94E-ED69-5E9B-3223B590A149
67.8413,15.320804,1,09FCECC4-F94E-ED69-5E9B-3223B590A149
67.155,11.8107195,1,09FCECC4-F94E-ED69-5E9B-3223B590A149
66.8106,11.73465,1,09FCECC4-F94E-ED69-5E9B-3223B590A149
35.27721,40.68621,1,09FCECC4-F94E-ED69-5E9B-3223B590A149
35.041904,40.890705,1,09FCECC4-F94E-ED69-5E9B-3223B590A149
-56.859844,-19.105433,2,09FCECC4-F94E-ED69-5E9B-3223B590A149
-56.631966,-18.407122,2,09FCECC4-F94E-ED69-5E9B-3223B590A149
-56.547375,-17.646524,2,09FCECC4-F94E-ED69-5E9B-3223B590A149
-56.417107,-17.275059,2,09FCECC4-F94E-ED69-5E9B-3223B590A149
-55.946648,-16.647682,2,09FCECC4-F94E-ED69-5E9B-3223B590A149
-55.91476,-16.582561,2,09FCECC4-F94E-ED69-5E9B-3223B590A149
-3.6448984,61.211678,2,0A221ADF-C99E-307E-7B65-92EF9DABA6C4
4.997064,61.878006,2,0A221ADF-C99E-307E-7B65-92EF9DABA6C4
-46.183167,2.9184914,0,0A221ADF-C99E-307E-7B65-92EF9DABA6C4
-7.9394455,-9.966744,0,0A221ADF-C99E-307E-7B65-92EF9DABA6C4
-7.484903,-10.433547,0,0A221ADF-C99E-307E-7B65-92EF9DABA6C4
-7.3559494,-10.798385,2,0A221ADF-C99E-307E-7B65-92EF9DABA6C4
-7.328569,-11.266867,2,0A221ADF-C99E-307E-7B65-92EF9DABA6C4
-7.731394,-11.5845995,2,0A221ADF-C99E-307E-7B65-92EF9DABA6C4
34.276337,1.732118,0,0A221ADF-C99E-307E-7B65-92EF9DABA6C4
34.55152,1.3321828,0,0A221ADF-C99E-307E-7B65-92EF9DABA6C4
35.369926,0.8514844,0,0A221ADF-C99E-307E-7B65-92EF9DABA6C4
-2.1721547,-49.84466,0,0A221ADF-C99E-307E-7B65-92EF9DABA6C4
-46.023212,12.489814,2,0A221ADF-C99E-307E-7B65-92EF9DABA6C4
-45.85395,12.550663,2,0A221ADF-C99E-307E-7B65-92EF9DABA6C4
-45.226852,12.762763,2,0A221ADF-C99E-307E-7B65-92EF9DABA6C4
-47.530975,10.838143,2,0A221ADF-C99E-307E-7B65-92EF9DABA6C4
-47.756584,10.565336,2,0A221ADF-C99E-307E-7B65-92EF9DABA6C4
-56.651943,-29.527071,0,0A221ADF-C99E-307E-7B65-92EF9DABA6C4
-45.04503,-34.24563,0,0A221ADF-C99E-307E-7B65-92EF9DABA6C4
-45.056484,-34.176495,0,0A221ADF-C99E-307E-7B65-92EF9DABA6C4
-36.684048,-1.7171246,2,0A221ADF-C99E-307E-7B65-92EF9DABA6C4
-36.30783,0.54935,2,0A221ADF-C99E-307E-7B65-92EF9DABA6C4
-36.03963,0.7181856,2,0A221ADF-C99E-307E-7B65-92EF9DABA6C4
-35.289,0.82449317,2,0A221ADF-C99E-307E-7B65-92EF9DABA6C4
-19.286024,-11.743118,2,0A221ADF-C99E-307E-7B65-92EF9DABA6C4
18.229752,-0.38189724,2,0A221ADF-C99E-307E-7B65-92EF9DABA6C4
13.909138,4.874028,0,0A221ADF-C99E-307E-7B65-92EF9DABA6C4
14.110134,4.476656,0,0A221ADF-C99E-307E-7B65-92EF9DABA6C4
14.228049,4.3125706,0,0A221ADF-C99E-307E-7B65-92EF9DABA6C4
15.313798,2.9443378,0,0A221ADF-C99E-307E-7B65-92EF9DABA6C4
30.140665,9.545998,2,0A76B59A-F1FF-F3F5-A3CA-2386FA8EF308
32.228333,-15.018331,2,0A76B59A-F1FF-F3F5-A3CA-2386FA8EF308
30.187738,-10.178699,2,0A76B59A-F1FF-F3F5-A3CA-2386FA8EF308
1.9177608,-7.288535,2,0A76B59A-F1FF-F3F5-A3CA-2386FA8EF308
-0.59775805,-6.724415,2,0A76B59A-F1FF-F3F5-A3CA-2386FA8EF308
-0.650947,-6.729648,1,0A76B59A-F1FF-F3F5-A3CA-2386FA8EF308
-51.708244,0.109408356,1,0A76B59A-F1FF-F3F5-A3CA-2386FA8EF308
-51.665783,0.43448645,1,0A76B59A-F1FF-F3F5-A3CA-2386FA8EF308
-51.153355,1.1349332,1,0A76B59A-F1FF-F3F5-A3CA-2386FA8EF308
-51.028435,1.2743847,1,0A76B59A-F1FF-F3F5-A3CA-2386FA8EF308
-49.13133,2.5876687,1,0A76B59A-F1FF-F3F5-A3CA-2386FA8EF308
-10.498811,49.226856,1,0A76B59A-F1FF-F3F5-A3CA-2386FA8EF308
52.821064,9.1039295,2,0A76B59A-F1FF-F3F5-A3CA-2386FA8EF308
52.80481,9.040298,2,0A76B59A-F1FF-F3F5-A3CA-2386FA8EF308
52.737946,9.047201,2,0A76B59A-F1FF-F3F5-A3CA-2386FA8EF308
60.086693,11.005921,2,0A76B59A-F1FF-F3F5-A3CA-2386FA8EF308
66.72597,2.6915438,2,0A76B59A-F1FF-F3F5-A3CA-2386FA8EF308
49.141712,-34.469334,2,0A76B59A-F1FF-F3F5-A3CA-2386FA8EF308
-38.27457,4.0522113,1,0A76B59A-F1FF-F3F5-A3CA-2386FA8EF308
-32.261276,-15.2743845,1,0A76B59A-F1FF-F3F5-A3CA-2386FA8EF308
-32.232166,-15.374872,0,0A76B59A-F1FF-F3F5-A3CA-2386FA8EF308
-32.306786,-16.55399,2,0A76B59A-F1FF-F3F5-A3CA-2386FA8EF308
-3.4261448,-28.553549,2,0A76B59A-F1FF-F3F5-A3CA-2386FA8EF308
-3.4600985,-28.624111,2,0A76B59A-F1FF-F3F5-A3CA-2386FA8EF308
-20.324293,-12.241334,0,0B5863F1-A482-C95D-EA42-9183B5BDFA12
-20.027128,-12.142275,0,0B5863F1-A482-C95D-EA42-9183B5BDFA12
1.2978848,-30.057407,1,0B5863F1-A482-C95D-EA42-9183B5BDFA12
-10.005954,24.970491,1,0B5863F1-A482-C95D-EA42-9183B5BDFA12
-10.030357,25.025398,2,0B5863F1-A482-C95D-EA42-9183B5BDFA12
11.647426,41.141857,2,0B5863F1-A482-C95D-EA42-9183B5BDFA12
-1.0973412,-23.91945,1,0B5863F1-A482-C95D-EA42-9183B5BDFA12
10.842109,-39.93617,1,0B5863F1-A482-C95D-EA42-9183B5BDFA12
41.220314,-40.063503,0,0B5863F1-A482-C95D-EA42-9183B5BDFA12
41.359493,-40.33317,0,0B5863F1-A482-C95D-EA42-9183B5BDFA12
10.553841,-44.155636,0,0B5863F1-A482-C95D-EA42-9183B5BDFA12
10.415105,-43.612007,0,0B5863F1-A482-C95D-EA42-9183B5BDFA12
-11.448097,-35.671185,0,0B5863F1-A482-C95D-EA42-9183B5BDFA12
-11.242463,-35.69845,0,0B5863F1-A482-C95D-EA42-9183B5BDFA12
-10.439178,-35.570137,1,0B5863F1-A482-C95D-EA42-9183B5BDFA12
10.895921,-45.611305,0,0B5863F1-A482-C95D-EA42-9183B5BDFA12
10.021105,-46.344166,0,0B5863F1-A482-C95D-EA42-9183B5BDFA12
9.903008,-46.454266,0,0B5863F1-A482-C95D-EA42-9183B5BDFA12
66.74368,-3.9672768,0,0B5863F1-A482-C95D-EA42-9183B5BDFA12
3.1187108,-45.89429,0,0B5863F1-A482-C95D-EA42-9183B5BDFA12
3.9663517,-34.54643,0,0B5863F1-A482-C95D-EA42-9183B5BDFA12
3.7256324,-34.386158,1,0B5863F1-A482-C95D-EA42-9183B5BDFA12
3.5777469,-34.305725,1,0B5863F1-A482-C95D-EA42-9183B5BDFA12
3.1639187,-34.14848,1,0B5863F1-A482-C95D-EA42-9183B5BDFA12
-42.714466,19.367163,1,0D759376-3F10-1BEB-7205-E91B8BF17984
17.003653,49.59173,2,0D759376-3F10-1BEB-7205-E91B8BF17984
16.911116,49.5735,2,0D759376-3F10-1BEB-7205-E91B8BF17984
16.711988,49.701653,2,0D759376-3F10-1BEB-7205-E91B8BF17984
15.919477,49.984776,2,0D759376-3F10-1BEB-7205-E91B8BF17984
-7.1566787,24.332764,2,0D759376-3F10-1BEB-7205-E91B8BF17984
-28.81501,-9.905022,2,0D759376-3F10-1BEB-7205-E91B8BF17984
-28.818207,-9.903403,2,0D759376-3F10-1BEB-7205-E91B8BF17984
13.4066305,-37.570198,2,0D759376-3F10-1BEB-7205-E91B8BF17984
0.7478403,-30.992628,2,0D759376-3F10-1BEB-7205-E91B8BF17984
2.035573,-32.33109,1,0D759376-3F10-1BEB-7205-E91B8BF17984
13.488312,32.304108,1,0D759376-3F10-1BEB-7205-E91B8BF17984
46.614594,9.3943,2,0D759376-3F10-1BEB-7205-E91B8BF17984
64.33754,3.5252051,2,0D759376-3F10-1BEB-7205-E91B8BF17984
64.76682,3.4276226,2,0D759376-3F10-1BEB-7205-E91B8BF17984
36.351208,35.164417,2,0D759376-3F10-1BEB-7205-E91B8BF17984
35.48843,35.433136,2,0D759376-3F10-1BEB-7205-E91B8BF17984
35.21294,35.394985,2,0D759376-3F10-1BEB-7205-E91B8BF17984
-8.83294,51.211163,2,0D759376-3F10-1BEB-7205-E91B8BF17984
-8.902477,51.273224,2,0D759376-3F10-1BEB-7205-E91B8BF17984
7.865767,42.833168,2,0D759376-3F10-1BEB-7205-E91B8BF17984
15.179448,38.901447,2,0D759376-3F10-1BEB-7205-E91B8BF17984
15.093369,39.1989,2,0D759376-3F10-1BEB-7205-E91B8BF17984
-14.095115,51.52727,2,0D759376-3F10-1BEB-7205-E91B8BF17984
12.020634,12.695588,0,0F3B2D98-51FE-5265-3746-A0763DE31C98
11.81088,12.681428,0,0F3B2D98-51FE-5265-3746-A0763DE31C98
18.236633,-2.472645,0,0F3B2D98-51FE-5265-3746-A0763DE31C98
29.795048,-13.854622,0,0F3B2D98-51FE-5265-3746-A0763DE31C98
57.56036,-38.804688,0,0F3B2D98-51FE-5265-3746-A0763DE31C98
57.4733,-38.773438,2,0F3B2D98-51FE-5265-3746-A0763DE31C98
13.244872,12.0810795,2,0F3B2D98-51FE-5265-3746-A0763DE31C98
13.116957,12.769808,2,0F3B2D98-51FE-5265-3746-A0763DE31C98
-8.6623955,60.025665,2,0F3B2D98-51FE-5265-3746-A0763DE31C98
-64.58234,-30.77898,2,0F3B2D98-51FE-5265-3746-A0763DE31C98
-64.553055,-30.389961,2,0F3B2D98-51FE-5265-3746-A0763DE31C98
-64.50838,-30.18979,2,0F3B2D98-51FE-5265-3746-A0763DE31C98
12.8868885,16.318079,0,0F3B2D98-51FE-5265-3746-A0763DE31C98
12.872999,16.344065,2,0F3B2D98-51FE-5265-3746-A0763DE31C98
-11.029103,51.952515,2,0F3B2D98-51FE-5265-3746-A0763DE31C98
-11.352119,52.36989,2,0F3B2D98-51FE-5265-3746-A0763DE31C98
-11.60472,52.740818,2,0F3B2D98-51FE-5265-3746-A0763DE31C98
-12.053153,53.21027,1,0F3B2D98-51FE-5265-3746-A0763DE31C98
-12.872167,53.56625,0,0F3B2D98-51FE-5265-3746-A0763DE31C98
-13.097343,53.634037,0,0F3B2D98-51FE-5265-3746-A0763DE31C98
-13.850237,53.53612,0,0F3B2D98-51FE-5265-3746-A0763DE31C98
-14.729552,53.302372,0,0F3B2D98-51FE-5265-3746-A0763DE31C98
-61.94961,-29.013926,1,0F3B2D98-51FE-5265-3746-A0763DE31C98
-62.023075,-28.999218,1,0F3B2D98-51FE-5265-3746-A0763DE31C98
12.408272,-36.881844,0,10FFF83C-FD48-DCA7-E554-491C3C1E3EC6
32.561462,-40.294758,0,10FFF83C-FD48-DCA7-E554-491C3C1E3EC6
33.221146,-45.08587,0,10FFF83C-FD48-DCA7-E554-491C3C1E3EC6
23.015862,-11.413581,0,10FFF83C-FD48-DCA7-E554-491C3C1E3EC6
18.227314,-9.535184,0,10FFF83C-FD48-DCA7-E554-491C3C1E3EC6
18.133236,-9.503255,0,10FFF83C-FD48-DCA7-E554-491C3C1E3EC6
-35.992447,12.514851,2,10FFF83C-FD48-DCA7-E554-491C3C1E3EC6
-35.99779,12.492482,2,10FFF83C-FD48-DCA7-E554-491C3C1E3EC6
-35.978283,12.281494,2,10FFF83C-FD48-DCA7-E554-491C3C1E3EC6
-35.901,11.626746,2,10FFF83C-FD48-DCA7-E554-491C3C1E3EC6
-54.0754,-31.51511,2,10FFF83C-FD48-DCA7-E554-491C3C1E3EC6
-9.588076,-46.547794,2,10FFF83C-FD48-DCA7-E554-491C3C1E3EC6
38.292477,27.406013,0,10FFF83C-FD48-DCA7-E554-491C3C1E3EC6
38.14652,28.3131,0,10FFF83C-FD48-DCA7-E554-491C3C1E3EC6
38.392414,29.038511,0,10FFF83C-FD48-DCA7-E554-491C3C1E3EC6
71.55956,14.178749,0,10FFF83C-FD48-DCA7-E554-491C3C1E3EC6
71.556725,14.150474,0,10FFF83C-FD48-DCA7-E554-491C3C1E3EC6
36.835823,-44.64267,0,10FFF83C-FD48-DCA7-E554-491C3C1E3EC6
37.231827,-40.54077,0,10FFF83C-FD48-DCA7-E554-491C3C1E3EC6
39.167225,-8.568245,0,10FFF83C-FD48-DCA7-E554-491C3C1E3EC6
15.204783,-4.130465,0,10FFF83C-FD48-DCA7-E554-491C3C1E3EC6
-24.970394,32.744133,0,10FFF83C-FD48-DCA7-E554-491C3C1E3EC6
-24.98588,32.805557,0,10FFF83C-FD48-DCA7-E554-491C3C1E3EC6
-24.247858,33.421795,0,10FFF83C-FD48-DCA7-E554-491C3C1E3EC6
22.840216,52.45272,2,10FFF83C-FD48-DCA7-E554-491C3C1E3EC6
22.866964,52.460392,0,10FFF83C-FD48-DCA7-E554-491C3C1E3EC6
37.82737,20.527668,0,10FFF83C-FD48-DCA7-E554-491C3C1E3EC6
46.530243,-32.52943,0,10FFF83C-FD48-DCA7-E554-491C3C1E3EC6
33.908516,-44.92681,0,10FFF83C-FD48-DCA7-E554-491C3C1E3EC6
1.7412814,-50.54618,0,10FFF83C-FD48-DCA7-E554-491C3C1E3EC6
-44.125,-15.568719,0,14027B3A-0AD6-CBA3-A600-42B3C0A4D933
-44.41254,-15.604809,2,14027B3A-0AD6-CBA3-A600-42B3C0A4D933
-45.080166,-15.832593,2,14027B3A-0AD6-CBA3-A600-42B3C0A4D933
-45.02683,-16.157625,2,14027B3A-0AD6-CBA3-A600-42B3C0A4D933
-44.94038,-16.659473,2,14027B3A-0AD6-CBA3-A600-42B3C0A4D933
-15.70517,-43.90289,2,14027B3A-0AD6-CBA3-A600-42B3C0A4D933
-13.086715,31.958258,2,14027B3A-0AD6-CBA3-A600-42B3C0A4D933
-12.950451,31.886152,2,14027B3A-0AD6-CBA3-A600-42B3C0A4D933
27.271433,31.856493,0,14027B3A-0AD6-CBA3-A600-42B3C0A4D933
35.642647,-15.006424,0,14027B3A-0AD6-CBA3-A600-42B3C0A4D933
31.211512,-5.546361,0,14027B3A-0AD6-CBA3-A600-42B3C0A4D933
34.903168,33.090908,0,14027B3A-0AD6-CBA3-A600-42B3C0A4D933
37.971066,-33.073162,2,14027B3A-0AD6-CBA3-A600-42B3C0A4D933
68.094215,8.353886,0,14027B3A-0AD6-CBA3-A600-42B3C0A4D933
67.82701,8.496423,0,14027B3A-0AD6-CBA3-A600-42B3C0A4D933
12.25865,-29.757416,0,14027B3A-0AD6-CBA3-A600-42B3C0A4D933
-1.9830452,-30.49432,0,14027B3A-0AD6-CBA3-A600-42B3C0A4D933
-54.482864,-12.031439,2,14027B3A-0AD6-CBA3-A600-42B3C0A4D933
-54.657696,-11.990523,2,14027B3A-0AD6-CBA3-A600-42B3C0A4D933
-55.75925,-11.851528,2,14027B3A-0AD6-CBA3-A600-42B3C0A4D933
-55.950848,-11.867397,0,14027B3A-0AD6-CBA3-A600-42B3C0A4D933
-2.9594612,52.61593,0,165B40B2-D9B2-DBC0-AE48-02C0F49A609F
-2.9114542,52.342796,0,165B40B2-D9B2-DBC0-AE48-02C0F49A609F
-2.7441514,51.85946,0,165B40B2-D9B2-DBC0-AE48-02C0F49A609F
-2.5559266,51.623016,2,165B40B2-D9B2-DBC0-AE48-02C0F49A609F
4.777045,43.554478,2,165B40B2-D9B2-DBC0-AE48-02C0F49A609F
4.8420067,43.462524,2,165B40B2-D9B2-DBC0-AE48-02C0F49A609F
-58.210598,13.732514,2,165B40B2-D9B2-DBC0-AE48-02C0F49A609F
-58.16327,13.830237,2,165B40B2-D9B2-DBC0-AE48-02C0F49A609F
-57.79137,13.708143,2,165B40B2-D9B2-DBC0-AE48-02C0F49A609F
-57.56183,13.623495,2,165B40B2-D9B2-DBC0-AE48-02C0F49A609F
-38.96335,14.320096,2,165B40B2-D9B2-DBC0-AE48-02C0F49A609F
1.1392896,25.656752,2,165B40B2-D9B2-DBC0-AE48-02C0F49A609F
-29.145487,5.9362473,2,165B40B2-D9B2-DBC0-AE48-02C0F49A609F
-29.152954,5.941031,2,165B40B2-D9B2-DBC0-AE48-02C0F49A609F
-47.443405,-35.034103,2,165B40B2-D9B2-DBC0-AE48-02C0F49A609F
-47.17487,-35.222588,2,165B40B2-D9B2-DBC0-AE48-02C0F49A609F
-46.97966,-35.115795,2,165B40B2-D9B2-DBC0-AE48-02C0F49A609F
-52.766373,-34.051468,2,165B40B2-D9B2-DBC0-AE48-02C0F49A609F
-59.791817,-8.16737,2,172A62AD-9B69-33E2-1551-9526879D80AC
-59.75413,-8.062423,2,172A62AD-9B69-33E2-1551-9526879D80AC
-59.35049,-7.844274,2,172A62AD-9B69-33E2-1551-9526879D80AC
10.042192,12.553551,2,172A62AD-9B69-33E2-1551-9526879D80AC
10.671619,29.142582,2,172A62AD-9B69-33E2-1551-9526879D80AC
10.798337,29.132381,2,172A62AD-9B69-33E2-1551-9526879D80AC
2.719535,-47.702496,0,172A62AD-9B69-33E2-1551-9526879D80AC
18.019136,-35.511692,0,172A62AD-9B69-33E2-1551-9526879D80AC
18.027811,-35.465767,0,172A62AD-9B69-33E2-1551-9526879D80AC
7.15725,-8.164282,2,172A62AD-9B69-33E2-1551-9526879D80AC
-21.396732,2.5233953,2,172A62AD-9B69-33E2-1551-9526879D80AC
9.683269,13.130482,2,172A62AD-9B69-33E2-1551-9526879D80AC
12.567119,64.63736,2,172A62AD-9B69-33E2-1551-9526879D80AC
13.184126,64.74826,2,172A62AD-9B69-33E2-1551-9526879D80AC
14.138981,64.808624,2,172A62AD-9B69-33E2-1551-9526879D80AC
14.276625,64.795204,2,172A62AD-9B69-33E2-1551-9526879D80AC
-19.517605,-20.54552,1,172A62AD-9B69-33E2-1551-9526879D80AC
-7.478614,-37.30956,1,172A62AD-9B69-33E2-1551-9526879D80AC
-31.067787,-0.53644866,1,172A62AD-9B69-33E2-1551-9526879D80AC
70.00628,7.0680094,1,172A62AD-9B69-33E2-1551-9526879D80AC
5.581748,28.035975,1,172A62AD-9B69-33E2-1551-9526879D80AC
5.499895,28.12878,1,172A62AD-9B69-33E2-1551-9526879D80AC
20.165218,4.511128,1,172A62AD-9B69-33E2-1551-9526879D80AC
-1.5408785,37.97931,1,172A62AD-9B69-33E2-1551-9526879D80AC
29.609715,43.140644,2,1F6A56CA-9C73-442F-2682-BB69E4B03AB2
-24.950302,13.667764,2,1F6A56CA-9C73-442F-2682-BB69E4B03AB2
-24.95232,13.295142,2,1F6A56CA-9C73-442F-2682-BB69E4B03AB2
-24.734383,13.293152,2,1F6A56CA-9C73-442F-2682-BB69E4B03AB2
-24.625038,12.962068,2,1F6A56CA-9C73-442F-2682-BB69E4B03AB2
-24.478682,12.468483,2,1F6A56CA-9C73-442F-2682-BB69E4B03AB2
0.6101358,22.815535,0,1F6A56CA-9C73-442F-2682-BB69E4B03AB2
0.62044543,22.776024,0,1F6A56CA-9C73-442F-2682-BB69E4B03AB2
12.280972,33.145363,0,1F6A56CA-9C73-442F-2682-BB69E4B03AB2
15.700425,31.81859,0,1F6A56CA-9C73-442F-2682-BB69E4B03AB2
61.22276,-2.505477,2,1F6A56CA-9C73-442F-2682-BB69E4B03AB2
61.421165,-2.8220835,2,1F6A56CA-9C73-442F-2682-BB69E4B03AB2
61.98234,-3.4308093,2,1F6A56CA-9C73-442F-2682-BB69E4B03AB2
46.203518,-42.878353,2,1F6A56CA-9C73-442F-2682-BB69E4B03AB2
46.46963,-42.956192,0,1F6A56CA-9C73-442F-2682-BB69E4B03AB2
32.590942,-12.740659,0,1F6A56CA-9C73-442F-2682-BB69E4B03AB2
27.833746,1.7729437,0,1F6A56CA-9C73-442F-2682-BB69E4B03AB2
7.157016,-2.9422472,1,1F6A56CA-9C73-442F-2682-BB69E4B03AB2
35.612297,15.981265,2,1FA97947-2FB7-D626-8CD3-2426BEEE97D1
36.422474,17.182856,2,1FA97947-2FB7-D626-8CD3-2426BEEE97D1
36.742928,17.483995,2,1FA97947-2FB7-D626-8CD3-2426BEEE97D1
36.75972,17.512661,2,1FA97947-2FB7-D626-8CD3-2426BEEE97D1
36.86148,17.691647,2,1FA97947-2FB7-D626-8CD3-2426BEEE97D1
37.706963,19.058693,2,1FA97947-2FB7-D626-8CD3-2426BEEE97D1
10.653413,-10.016002,2,1FA97947-2FB7-D626-8CD3-2426BEEE97D1
10.646381,-9.990295,2,1FA97947-2FB7-D626-8CD3-2426BEEE97D1
22.229994,-6.8833604,2,1FA97947-2FB7-D626-8CD3-2426BEEE97D1
22.274904,-6.902706,2,1FA97947-2FB7-D626-8CD3-2426BEEE97D1
8.531325,14.579238,2,1FA97947-2FB7-D626-8CD3-2426BEEE97D1
8.565118,14.542847,2,1FA97947-2FB7-D626-8CD3-2426BEEE97D1
19.444971,55.61978,1,1FA97947-2FB7-D626-8CD3-2426BEEE97D1
19.062517,56.02998,1,1FA97947-2FB7-D626-8CD3-2426BEEE97D1
18.653128,56.513405,1,1FA97947-2FB7-D626-8CD3-2426BEEE97D1
18.600296,56.446335,1,1FA97947-2FB7-D626-8CD3-2426BEEE97D1
-29.997093,22.105078,1,1FA97947-2FB7-D626-8CD3-2426BEEE97D1
6.710643,-5.121196,1,1FA97947-2FB7-D626-8CD3-2426BEEE97D1
-25.0858,27.768599,1,1FA97947-2FB7-D626-8CD3-2426BEEE97D1
45.109634,12.386067,1,1FA97947-2FB7-D626-8CD3-2426BEEE97D1
51.11583,9.299767,1,1FA97947-2FB7-D626-8CD3-2426BEEE97D1
58.491302,-8.432025,1,1FA97947-2FB7-D626-8CD3-2426BEEE97D1
59.130672,-8.828999,1,1FA97947-2FB7-D626-8CD3-2426BEEE97D1
59.816505,-9.051745,1,1FA97947-2FB7-D626-8CD3-2426BEEE97D1
59.95443,-9.022717,1,1FA97947-2FB7-D626-8CD3-2426BEEE97D1
35.257526,-44.155483,1,1FA97947-2FB7-D626-8CD3-2426BEEE97D1
52.26515,-31.564207,1,1FA97947-2FB7-D626-8CD3-2426BEEE97D1
34.712093,-12.59165,1,1FA97947-2FB7-D626-8CD3-2426BEEE97D1
29.332531,8.779894,1,1FA97947-2FB7-D626-8CD3-2426BEEE97D1
37.432835,28.200544,1,1FA97947-2FB7-D626-8CD3-2426BEEE97D1
-22.752619,31.467127,1,1FA97947-2FB7-D626-8CD3-2426BEEE97D1
-50.76256,-48.436302,1,1FA97947-2FB7-D626-8CD3-2426BEEE97D1
-50.86071,-48.62972,1,1FA97947-2FB7-D626-8CD3-2426BEEE97D1
-50.855404,-48.974556,1,1FA97947-2FB7-D626-8CD3-2426BEEE97D1
-51.859154,-26.314577,1,1FA97947-2FB7-D626-8CD3-2426BEEE97D1
-23.24213,-15.093864,1,1FA97947-2FB7-D626-8CD3-2426BEEE97D1
-22.048655,-13.647315,1,1FA97947-2FB7-D626-8CD3-2426BEEE97D1
-6.0313444,-14.791347,1,1FA97947-2FB7-D626-8CD3-2426BEEE97D1
-6.063498,-14.830505,1,1FA97947-2FB7-D626-8CD3-2426BEEE97D1
7.81362,-37.824924,1,1FA97947-2FB7-D626-8CD3-2426BEEE97D1
7.8219123,-37.839485,1,1FA97947-2FB7-D626-8CD3-2426BEEE97D1
34.099586,-43.790283,1,1FA97947-2FB7-D626-8CD3-2426BEEE97D1
-14.883081,-45.49781,2,2656C6B4-988A-A958-5107-5422027AEE1D
-14.954814,-45.639248,2,2656C6B4-988A-A958-5107-5422027AEE1D
-14.987155,-45.81657,2,2656C6B4-988A-A958-5107-5422027AEE1D
57.343704,5.714051,2,2656C6B4-988A-A958-5107-5422027AEE1D
35.53427,-46.970306,2,2656C6B4-988A-A958-5107-5422027AEE1D
27.90116,3.6507838,2,2656C6B4-988A-A958-5107-5422027AEE1D
50.11404,13.870108,2,2656C6B4-988A-A958-5107-5422027AEE1D
52.063774,10.4414,2,2656C6B4-988A-A958-5107-5422027AEE1D
14.377012,35.550205,2,2656C6B4-988A-A958-5107-5422027AEE1D
14.273659,35.534664,2,2656C6B4-988A-A958-5107-5422027AEE1D
-22.930086,10.285113,2,2656C6B4-988A-A958-5107-5422027AEE1D
-22.940699,10.242447,2,2656C6B4-988A-A958-5107-5422027AEE1D
15.458864,7.0359592,2,2656C6B4-988A-A958-5107-5422027AEE1D
15.151345,6.99254,2,2656C6B4-988A-A958-5107-5422027AEE1D
-0.6070655,62.71298,2,2656C6B4-988A-A958-5107-5422027AEE1D
-0.60977453,62.613663,2,2656C6B4-988A-A958-5107-5422027AEE1D
13.830904,46.950893,2,2656C6B4-988A-A958-5107-5422027AEE1D
13.882271,46.960922,2,2656C6B4-988A-A958-5107-5422027AEE1D
57.134212,6.3334713,0,27C12E79-B4DD-AA48-E99E-552C6BAEBA6F
56.16337,7.22545,2,27C12E79-B4DD-AA48-E99E-552C6BAEBA6F
55.24743,8.119786,2,27C12E79-B4DD-AA48-E99E-552C6BAEBA6F
-21.858881,44.02048,2,27C12E79-B4DD-AA48-E99E-552C6BAEBA6F
-21.932041,43.9071,2,27C12E79-B4DD-AA48-E99E-552C6BAEBA6F
-22.313309,43.377483,2,27C12E79-B4DD-AA48-E99E-552C6BAEBA6F
19.340061,46.636112,2,27C12E79-B4DD-AA48-E99E-552C6BAEBA6F
-2.8309677,33.21763,2,27C12E79-B4DD-AA48-E99E-552C6BAEBA6F
-3.3134298,33.068703,2,27C12E79-B4DD-AA48-E99E-552C6BAEBA6F
-3.4199839,32.821205,2,27C12E79-B4DD-AA48-E99E-552C6BAEBA6F
-3.5261562,32.616207,2,27C12E79-B4DD-AA48-E99E-552C6BAEBA6F
-3.647216,32.231762,0,27C12E79-B4DD-AA48-E99E-552C6BAEBA6F
-61.770466,5.496811,2,27C12E79-B4DD-AA48-E99E-552C6BAEBA6F
-61.67004,5.2912674,1,27C12E79-B4DD-AA48-E99E-552C6BAEBA6F
-58.215427,-27.888926,1,27C12E79-B4DD-AA48-E99E-552C6BAEBA6F
-58.794662,-28.364775,2,27C12E79-B4DD-AA48-E99E-552C6BAEBA6F
-58.86087,-29.568827,2,27C12E79-B4DD-AA48-E99E-552C6BAEBA6F
-58.797695,-29.594187,2,27C12E79-B4DD-AA48-E99E-552C6BAEBA6F
-51.77232,-42.1723,0,2C636222-CB43-AB6F-444A-7278047991C7
-22.404913,35.809494,0,2C636222-CB43-AB6F-444A-7278047991C7
-22.532078,35.798733,0,2C636222-CB43-AB6F-444A-7278047991C7
-21.599854,35.668507,2,2C636222-CB43-AB6F-444A-7278047991C7
21.549004,44.58522,2,2C636222-CB43-AB6F-444A-7278047991C7
21.576168,44.57481,2,2C636222-CB43-AB6F-444A-7278047991C7
-55.140812,-24.120413,2,2C636222-CB43-AB6F-444A-7278047991C7
-28.742899,-33.471832,2,2C636222-CB43-AB6F-444A-7278047991C7
1.6759671,-9.025268,2,2C636222-CB43-AB6F-444A-7278047991C7
1.6162859,-9.090507,2,2C636222-CB43-AB6F-444A-7278047991C7
1.9734337,-9.545411,2,2C636222-CB43-AB6F-444A-7278047991C7
-16.726965,3.9304523,2,2C636222-CB43-AB6F-444A-7278047991C7
9.746356,-30.290808,2,2C636222-CB43-AB6F-444A-7278047991C7
19.04135,-37.955536,2,2C636222-CB43-AB6F-444A-7278047991C7
9.858081,-30.618668,2,2C636222-CB43-AB6F-444A-7278047991C7
9.730516,-30.60376,1,2C636222-CB43-AB6F-444A-7278047991C7
47.35492,12.512044,1,2C636222-CB43-AB6F-444A-7278047991C7
47.430016,12.519484,2,2C636222-CB43-AB6F-444A-7278047991C7
15.378449,60.249348,2,35FEE4B0-EF25-110F-8D86-5410FA57646B
-41.803574,-46.185608,2,35FEE4B0-EF25-110F-8D86-5410FA57646B
-36.158787,-51.250492,0,35FEE4B0-EF25-110F-8D86-5410FA57646B
-36.12002,-51.27669,0,35FEE4B0-EF25-110F-8D86-5410FA57646B
0.09179762,-43.565117,0,35FEE4B0-EF25-110F-8D86-5410FA57646B
-3.3860166,-17.129822,1,35FEE4B0-EF25-110F-8D86-5410FA57646B
9.709659,10.636804,0,35FEE4B0-EF25-110F-8D86-5410FA57646B
9.72866,10.568243,0,35FEE4B0-EF25-110F-8D86-5410FA57646B
9.903337,9.963003,2,35FEE4B0-EF25-110F-8D86-5410FA57646B
22.221512,-4.559795,2,35FEE4B0-EF25-110F-8D86-5410FA57646B
36.850445,-38.784267,0,35FEE4B0-EF25-110F-8D86-5410FA57646B
36.66179,-39.001648,0,35FEE4B0-EF25-110F-8D86-5410FA57646B
72.412186,8.209109,2,35FEE4B0-EF25-110F-8D86-5410FA57646B
72.25462,8.2665205,2,35FEE4B0-EF25-110F-8D86-5410FA57646B
36.95254,31.768488,1,35FEE4B0-EF25-110F-8D86-5410FA57646B
-0.3394005,26.12618,2,35FEE4B0-EF25-110F-8D86-5410FA57646B
-1.0069262,26.263102,2,35FEE4B0-EF25-110F-8D86-5410FA57646B
-1.4795626,26.205637,2,35FEE4B0-EF25-110F-8D86-5410FA57646B
17.109488,1.3316921,1,35FEE4B0-EF25-110F-8D86-5410FA57646B
17.604866,1.7019458,1,35FEE4B0-EF25-110F-8D86-5410FA57646B
23.274836,-8.721831,1,35FEE4B0-EF25-110F-8D86-5410FA57646B
17.815775,2.2153127,1,35FEE4B0-EF25-110F-8D86-5410FA57646B
18.129341,2.973468,0,35FEE4B0-EF25-110F-8D86-5410FA57646B
3.8382657,29.141878,0,35FEE4B0-EF25-110F-8D86-5410FA57646B
-13.19339,12.14331,1,35FEE4B0-EF25-110F-8D86-5410FA57646B
-13.243367,12.307075,2,35FEE4B0-EF25-110F-8D86-5410FA57646B
-13.276573,12.556101,2,35FEE4B0-EF25-110F-8D86-5410FA57646B
-13.284429,12.854661,2,35FEE4B0-EF25-110F-8D86-5410FA57646B
-5.141756,44.47703,2,35FEE4B0-EF25-110F-8D86-5410FA57646B
-5.2516975,44.478535,2,35FEE4B0-EF25-110F-8D86-5410FA57646B
17.147167,43.884945,2,37249306-1597-DC6D-3544-6FEDBBF8B848
55.60102,-7.555698,2,37249306-1597-DC6D-3544-6FEDBBF8B848
70.42407,1.2286131,2,37249306-1597-DC6D-3544-6FEDBBF8B848
70.17844,1.4698211,2,37249306-1597-DC6D-3544-6FEDBBF8B848
69.474106,2.35035,1,37249306-1597-DC6D-3544-6FEDBBF8B848
48.02274,9.456594,1,37249306-1597-DC6D-3544-6FEDBBF8B848
-0.4954355,40.446533,1,37249306-1597-DC6D-3544-6FEDBBF8B848
-17.902575,36.37331,1,37249306-1597-DC6D-3544-6FEDBBF8B848
-4.273503,39.185112,1,37249306-1597-DC6D-3544-6FEDBBF8B848
-3.6751423,39.153446,1,37249306-1597-DC6D-3544-6FEDBBF8B848
-3.4402735,39.193832,1,37249306-1597-DC6D-3544-6FEDBBF8B848
-2.971698,39.363842,1,37249306-1597-DC6D-3544-6FEDBBF8B848
-32.322365,9.757706,2,37249306-1597-DC6D-3544-6FEDBBF8B848
-32.30249,9.728992,2,37249306-1597-DC6D-3544-6FEDBBF8B848
-30.559332,9.110093,2,37249306-1597-DC6D-3544-6FEDBBF8B848
-30.543629,9.108273,2,37249306-1597-DC6D-3544-6FEDBBF8B848
-11.9757185,35.60575,2,37249306-1597-DC6D-3544-6FEDBBF8B848
-11.862251,35.627316,0,37249306-1597-DC6D-3544-6FEDBBF8B848
-15.435895,-31.505266,2,37249306-1597-DC6D-3544-6FEDBBF8B848
-15.415603,-31.544655,2,37249306-1597-DC6D-3544-6FEDBBF8B848
-15.209341,-49.122005,2,37249306-1597-DC6D-3544-6FEDBBF8B848
-15.189291,-49.166336,2,37249306-1597-DC6D-3544-6FEDBBF8B848
-5.1344104,24.842695,2,37249306-1597-DC6D-3544-6FEDBBF8B848
-5.188885,24.796904,2,37249306-1597-DC6D-3544-6FEDBBF8B848
0.64444643,42.069942,1,3C54E0F5-9C12-3137-9EC1-39645770F53A
-1.627,48.08409,1,3C54E0F5-9C12-3137-9EC1-39645770F53A
-1.2451035,48.396053,1,3C54E0F5-9C12-3137-9EC1-39645770F53A
-0.30361092,48.75057,1,3C54E0F5-9C12-3137-9EC1-39645770F53A
-0.04043505,48.969013,1,3C54E0F5-9C12-3137-9EC1-39645770F53A
0.0718353,49.05046,1,3C54E0F5-9C12-3137-9EC1-39645770F53A
-16.925844,40.898094,2,3C54E0F5-9C12-3137-9EC1-39645770F53A
-16.910137,40.879913,2,3C54E0F5-9C12-3137-9EC1-39645770F53A
-16.203737,38.98386,2,3C54E0F5-9C12-3137-9EC1-39645770F53A
-15.864767,38.760983,2,3C54E0F5-9C12-3137-9EC1-39645770F53A
-15.297962,38.304867,2,3C54E0F5-9C12-3137-9EC1-39645770F53A
20.086021,24.63908,2,3C54E0F5-9C12-3137-9EC1-39645770F53A
20.69154,25.938065,2,3C54E0F5-9C12-3137-9EC1-39645770F53A
20.795721,26.316393,2,3C54E0F5-9C12-3137-9EC1-39645770F53A
58.966022,10.462098,2,3C54E0F5-9C12-3137-9EC1-39645770F53A
59.055653,10.423692,1,3C54E0F5-9C12-3137-9EC1-39645770F53A
53.255764,5.383796,1,3C54E0F5-9C12-3137-9EC1-39645770F53A
53.18048,5.518324,1,3C54E0F5-9C12-3137-9EC1-39645770F53A
0.060173392,4.6946282,1,3C54E0F5-9C12-3137-9EC1-39645770F53A
2.435308,32.943558,1,3C54E0F5-9C12-3137-9EC1-39645770F53A
2.0013852,32.376247,1,3C54E0F5-9C12-3137-9EC1-39645770F53A
-12.181502,18.20933,1,3C54E0F5-9C12-3137-9EC1-39645770F53A
-12.2090225,18.05749,1,3C54E0F5-9C12-3137-9EC1-39645770F53A
-12.235894,17.832756,1,3C54E0F5-9C12-3137-9EC1-39645770F53A
4.185616,-36.713062,2,3FC0B5B3-AC42-BF96-D8EE-10E81EAAACF6
49.704826,-28.637114,0,3FC0B5B3-AC42-BF96-D8EE-10E81EAAACF6
60.133343,-31.39204,0,3FC0B5B3-AC42-BF96-D8EE-10E81EAAACF6
11.885702,-31.328802,0,3FC0B5B3-AC42-BF96-D8EE-10E81EAAACF6
-32.41923,-11.02795,0,3FC0B5B3-AC42-BF96-D8EE-10E81EAAACF6
-32.44928,-10.991644,2,3FC0B5B3-AC42-BF96-D8EE-10E81EAAACF6
-67.42523,-19.1046,2,3FC0B5B3-AC42-BF96-D8EE-10E81EAAACF6
-67.45804,-19.088291,2,3FC0B5B3-AC42-BF96-D8EE-10E81EAAACF6
-2.1733959,-44.989326,2,3FC0B5B3-AC42-BF96-D8EE-10E81EAAACF6
-1.8818494,-45.118256,0,3FC0B5B3-AC42-BF96-D8EE-10E81EAAACF6
-1.2286263,-45.48683,0,3FC0B5B3-AC42-BF96-D8EE-10E81EAAACF6
34.787495,-17.225365,0,3FC0B5B3-AC42-BF96-D8EE-10E81EAAACF6
-45.34757,8.485241,2,3FC0B5B3-AC42-BF96-D8EE-10E81EAAACF6
-45.384586,8.541712,2,3FC0B5B3-AC42-BF96-D8EE-10E81EAAACF6
-1.5073847,7.6222935,2,3FC0B5B3-AC42-BF96-D8EE-10E81EAAACF6
11.1952715,26.209057,2,3FC0B5B3-AC42-BF96-D8EE-10E81EAAACF6
60.50035,3.890875,2,3FC0B5B3-AC42-BF96-D8EE-10E81EAAACF6
60.58183,3.9620855,2,3FC0B5B3-AC42-BF96-D8EE-10E81EAAACF6
29.158104,25.927244,2,3FC0B5B3-AC42-BF96-D8EE-10E81EAAACF6
29.244442,25.939539,2,3FC0B5B3-AC42-BF96-D8EE-10E81EAAACF6
29.345995,25.999634,2,3FC0B5B3-AC42-BF96-D8EE-10E81EAAACF6
29.89871,26.224407,2,3FC0B5B3-AC42-BF96-D8EE-10E81EAAACF6
27.749733,25.43284,2,3FC0B5B3-AC42-BF96-D8EE-10E81EAAACF6
27.617544,25.412334,2,3FC0B5B3-AC42-BF96-D8EE-10E81EAAACF6
29.712154,-7.007338,2,3FC0B5B3-AC42-BF96-D8EE-10E81EAAACF6
20.431099,-5.246142,2,3FC0B5B3-AC42-BF96-D8EE-10E81EAAACF6
20.406387,-5.273621,2,3FC0B5B3-AC42-BF96-D8EE-10E81EAAACF6
19.763254,-4.287945,1,3FC0B5B3-AC42-BF96-D8EE-10E81EAAACF6
2.2348208,38.708282,2,3FC0B5B3-AC42-BF96-D8EE-10E81EAAACF6
2.2661116,38.707874,2,3FC0B5B3-AC42-BF96-D8EE-10E81EAAACF6
46.54771,30.513578,0,3FC0B5B3-AC42-BF96-D8EE-10E81EAAACF6
46.558907,30.495604,0,3FC0B5B3-AC42-BF96-D8EE-10E81EAAACF6
46.44634,30.570707,0,3FC0B5B3-AC42-BF96-D8EE-10E81EAAACF6
46.32213,30.700989,0,3FC0B5B3-AC42-BF96-D8EE-10E81EAAACF6
47.39669,29.761618,0,3FC0B5B3-AC42-BF96-D8EE-10E81EAAACF6
36.67948,-45.50763,0,3FC0B5B3-AC42-BF96-D8EE-10E81EAAACF6
20.439817,31.221767,2,4690C2DC-C0B5-6C1B-880A-D31C46C8A565
20.447685,31.211756,2,4690C2DC-C0B5-6C1B-880A-D31C46C8A565
28.119585,33.96935,0,4690C2DC-C0B5-6C1B-880A-D31C46C8A565
28.243338,33.624355,0,4690C2DC-C0B5-6C1B-880A-D31C46C8A565
21.042265,-3.3302548,0,4690C2DC-C0B5-6C1B-880A-D31C46C8A565
20.16118,-3.0941799,0,4690C2DC-C0B5-6C1B-880A-D31C46C8A565
-12.669043,-1.3203051,2,46A9A47E-EDE3-2EF4-2F06-E95AF67D57E1
28.37539,41.229332,2,46A9A47E-EDE3-2EF4-2F06-E95AF67D57E1
28.395145,41.23149,2,46A9A47E-EDE3-2EF4-2F06-E95AF67D57E1
-41.58525,-51.562313,2,46A9A47E-EDE3-2EF4-2F06-E95AF67D57E1
-41.574917,-51.603424,2,46A9A47E-EDE3-2EF4-2F06-E95AF67D57E1
-41.556534,-51.78643,2,46A9A47E-EDE3-2EF4-2F06-E95AF67D57E1
-53.659195,10.16363,0,46A9A47E-EDE3-2EF4-2F06-E95AF67D57E1
-53.55661,10.227708,2,46A9A47E-EDE3-2EF4-2F06-E95AF67D57E1
-53.11528,10.433397,2,46A9A47E-EDE3-2EF4-2F06-E95AF67D57E1
-52.197124,11.27409,2,46A9A47E-EDE3-2EF4-2F06-E95AF67D57E1
-52.04337,11.388258,2,46A9A47E-EDE3-2EF4-2F06-E95AF67D57E1
-15.802301,24.512386,0,46A9A47E-EDE3-2EF4-2F06-E95AF67D57E1
6.433842,-32.71474,0,46A9A47E-EDE3-2EF4-2F06-E95AF67D57E1
57.341072,-0.67115265,1,46A9A47E-EDE3-2EF4-2F06-E95AF67D57E1
57.79774,-40.762737,2,46A9A47E-EDE3-2EF4-2F06-E95AF67D57E1
33.615643,-19.106216,2,46A9A47E-EDE3-2EF4-2F06-E95AF67D57E1
33.276295,-18.883453,2,46A9A47E-EDE3-2EF4-2F06-E95AF67D57E1
21.360348,47.565308,2,46A9A47E-EDE3-2EF4-2F06-E95AF67D57E1
30.83366,-10.18785,2,46A9A47E-EDE3-2EF4-2F06-E95AF67D57E1
25.735579,-5.857643,2,46A9A47E-EDE3-2EF4-2F06-E95AF67D57E1
15.2492485,44.20877,2,46A9A47E-EDE3-2EF4-2F06-E95AF67D57E1
15.143559,44.227497,2,46A9A47E-EDE3-2EF4-2F06-E95AF67D57E1
-29.912535,37.8687,2,46A9A47E-EDE3-2EF4-2F06-E95AF67D57E1
-29.908838,37.83656,0,46A9A47E-EDE3-2EF4-2F06-E95AF67D57E1
-54.53051,-5.7156663,0,46A9A47E-EDE3-2EF4-2F06-E95AF67D57E1
-40.474556,3.3464184,0,46A9A47E-EDE3-2EF4-2F06-E95AF67D57E1
-40.42717,3.3559675,0,46A9A47E-EDE3-2EF4-2F06-E95AF67D57E1
-3.5606785,-15.873138,0,46A9A47E-EDE3-2EF4-2F06-E95AF67D57E1
-3.2921596,-15.835522,0,46A9A47E-EDE3-2EF4-2F06-E95AF67D57E1
7.384128,-41.065147,0,46A9A47E-EDE3-2EF4-2F06-E95AF67D57E1
8.851401,-7.997333,2,46A9A47E-EDE3-2EF4-2F06-E95AF67D57E1
3.421469,-2.3049045,2,46A9A47E-EDE3-2EF4-2F06-E95AF67D57E1
-34.470825,20.488737,2,46A9A47E-EDE3-2EF4-2F06-E95AF67D57E1
-34.036903,20.346443,2,46A9A47E-EDE3-2EF4-2F06-E95AF67D57E1
-33.422092,20.104362,2,46A9A47E-EDE3-2EF4-2F06-E95AF67D57E1
-33.158382,20.003803,2,46A9A47E-EDE3-2EF4-2F06-E95AF67D57E1
59.088665,6.22691,2,47494449-E68E-E554-8BB1-ECEEE432E269
59.454636,6.2017107,2,47494449-E68E-E554-8BB1-ECEEE432E269
62.561855,0.9636668,0,47494449-E68E-E554-8BB1-ECEEE432E269
62.875652,0.5624599,0,47494449-E68E-E554-8BB1-ECEEE432E269
63.117588,-0.590534,0,47494449-E68E-E554-8BB1-ECEEE432E269
47.527096,-36.159874,0,47494449-E68E-E554-8BB1-ECEEE432E269
-5.491209,22.39313,2,47494449-E68E-E554-8BB1-ECEEE432E269
-5.8045645,22.19151,2,47494449-E68E-E554-8BB1-ECEEE432E269
-6.357699,21.5745,2,47494449-E68E-E554-8BB1-ECEEE432E269
-6.4370327,21.497847,2,47494449-E68E-E554-8BB1-ECEEE432E269
-27.758532,11.224713,2,47494449-E68E-E554-8BB1-ECEEE432E269
-27.744196,11.257463,2,47494449-E68E-E554-8BB1-ECEEE432E269
-8.199261,42.684914,2,47494449-E68E-E554-8BB1-ECEEE432E269
-8.205403,42.62293,2,47494449-E68E-E554-8BB1-ECEEE432E269
15.633358,3.072208,2,47494449-E68E-E554-8BB1-ECEEE432E269
16.253332,4.1431594,2,47494449-E68E-E554-8BB1-ECEEE432E269
19.35898,27.407503,2,47494449-E68E-E554-8BB1-ECEEE432E269
25.914537,31.403078,2,47494449-E68E-E554-8BB1-ECEEE432E269
-1.3100137,-36.001602,1,48847236-6E23-6E61-57CD-780C68FAA2C2
-1.2891153,-35.64676,2,48847236-6E23-6E61-57CD-780C68FAA2C2
-11.751481,-31.826164,2,48847236-6E23-6E61-57CD-780C68FAA2C2
-11.738674,-31.812202,2,48847236-6E23-6E61-57CD-780C68FAA2C2
-11.7272625,-31.800915,2,48847236-6E23-6E61-57CD-780C68FAA2C2
-52.06956,-13.890711,2,48847236-6E23-6E61-57CD-780C68FAA2C2
24.300053,48.638897,2,48847236-6E23-6E61-57CD-780C68FAA2C2
11.2053,38.60434,2,48847236-6E23-6E61-57CD-780C68FAA2C2
10.858896,38.657944,1,48847236-6E23-6E61-57CD-780C68FAA2C2
10.561522,38.448986,2,48847236-6E23-6E61-57CD-780C68FAA2C2
13.048719,38.206356,2,48847236-6E23-6E61-57CD-780C68FAA2C2
13.059749,38.17609,2,48847236-6E23-6E61-57CD-780C68FAA2C2
24.965643,33.81677,0,48847236-6E23-6E61-57CD-780C68FAA2C2
24.52264,33.806725,0,48847236-6E23-6E61-57CD-780C68FAA2C2
23.616657,33.874264,0,48847236-6E23-6E61-57CD-780C68FAA2C2
22.971848,34.051674,0,48847236-6E23-6E61-57CD-780C68FAA2C2
21.73216,32.979248,0,48847236-6E23-6E61-57CD-780C68FAA2C2
-52.933178,-42.697968,0,48847236-6E23-6E61-57CD-780C68FAA2C2
-52.910465,-42.914364,0,48847236-6E23-6E61-57CD-780C68FAA2C2
-52.90275,-43.411037,0,48847236-6E23-6E61-57CD-780C68FAA2C2
-53.201813,-44.13508,0,48847236-6E23-6E61-57CD-780C68FAA2C2
-53.503536,-44.528526,1,48847236-6E23-6E61-57CD-780C68FAA2C2
9.454047,61.785442,1,48847236-6E23-6E61-57CD-780C68FAA2C2
9.477225,61.770782,1,48847236-6E23-6E61-57CD-780C68FAA2C2
9.404609,63.23823,1,48847236-6E23-6E61-57CD-780C68FAA2C2
17.761223,62.585377,1,48847236-6E23-6E61-57CD-780C68FAA2C2
17.782076,62.592926,1,48847236-6E23-6E61-57CD-780C68FAA2C2
21.311728,37.998623,1,48847236-6E23-6E61-57CD-780C68FAA2C2
21.38949,38.270004,0,48847236-6E23-6E61-57CD-780C68FAA2C2
21.505371,39.17283,0,48847236-6E23-6E61-57CD-780C68FAA2C2
-61.939873,-22.700499,2,48D32E40-ABB9-E3FB-185C-8A5AA0C44CBF
-61.858288,-21.831675,2,48D32E40-ABB9-E3FB-185C-8A5AA0C44CBF
-61.799,-21.412848,2,48D32E40-ABB9-E3FB-185C-8A5AA0C44CBF
-17.818275,10.716877,2,48D32E40-ABB9-E3FB-185C-8A5AA0C44CBF
-18.02452,10.632392,0,48D32E40-ABB9-E3FB-185C-8A5AA0C44CBF
16.992455,33.56791,0,48D32E40-ABB9-E3FB-185C-8A5AA0C44CBF
-59.478195,-27.68157,2,48D32E40-ABB9-E3FB-185C-8A5AA0C44CBF
-34.68913,-14.923,2,48D32E40-ABB9-E3FB-185C-8A5AA0C44CBF
-34.746033,-14.858258,2,48D32E40-ABB9-E3FB-185C-8A5AA0C44CBF
-35.262196,-13.794894,2,48D32E40-ABB9-E3FB-185C-8A5AA0C44CBF
-35.417988,-13.472124,2,48D32E40-ABB9-E3FB-185C-8A5AA0C44CBF
-35.49019,-13.299359,2,48D32E40-ABB9-E3FB-185C-8A5AA0C44CBF
25.183044,2.367619,0,4B423110-8A54-A87F-39BB-D68BF033C7FC
24.559177,2.55887,0,4B423110-8A54-A87F-39BB-D68BF033C7FC
24.387615,2.6328642,2,4B423110-8A54-A87F-39BB-D68BF033C7FC
15.908586,56.788597,2,4B423110-8A54-A87F-39BB-D68BF033C7FC
-31.834692,-12.153202,2,4B423110-8A54-A87F-39BB-D68BF033C7FC
-31.690525,-12.826232,2,4B423110-8A54-A87F-39BB-D68BF033C7FC
52.789013,-31.282803,0,4B423110-8A54-A87F-39BB-D68BF033C7FC
73.75472,-1.9390256,0,4B423110-8A54-A87F-39BB-D68BF033C7FC
73.74647,-1.9146531,0,4B423110-8A54-A87F-39BB-D68BF033C7FC
67.39137,9.691136,0,4B423110-8A54-A87F-39BB-D68BF033C7FC
66.98201,9.683459,2,4B423110-8A54-A87F-39BB-D68BF033C7FC
66.65998,9.591855,2,4B423110-8A54-A87F-39BB-D68BF033C7FC
-4.7846346,37.014973,0,4B423110-8A54-A87F-39BB-D68BF033C7FC
-5.2131214,37.25727,0,4B423110-8A54-A87F-39BB-D68BF033C7FC
-5.4860578,37.269558,2,4B423110-8A54-A87F-39BB-D68BF033C7FC
-5.5056505,37.216263,2,4B423110-8A54-A87F-39BB-D68BF033C7FC
-5.6414766,36.222683,2,4B423110-8A54-A87F-39BB-D68BF033C7FC
6.337514,-32.02663,2,4B423110-8A54-A87F-39BB-D68BF033C7FC
-24.842524,9.003498,1,4B423110-8A54-A87F-39BB-D68BF033C7FC
-20.615866,-0.17212752,0,4B423110-8A54-A87F-39BB-D68BF033C7FC
-20.61463,-0.20341295,0,4B423110-8A54-A87F-39BB-D68BF033C7FC
8.069373,-14.43019,0,4BD5749B-A1D2-E6C9-156F-DF107802D3BE
-49.349697,-26.99224,2,4BD5749B-A1D2-E6C9-156F-DF107802D3BE
-56.108376,-6.152932,2,4BD5749B-A1D2-E6C9-156F-DF107802D3BE
-56.16305,-5.334723,2,4BD5749B-A1D2-E6C9-156F-DF107802D3BE
-56.410206,-4.770177,2,4BD5749B-A1D2-E6C9-156F-DF107802D3BE
-56.552814,-4.5364738,2,4BD5749B-A1D2-E6C9-156F-DF107802D3BE
47.629745,3.150469,0,4BD5749B-A1D2-E6C9-156F-DF107802D3BE
47.337162,2.3849025,0,4BD5749B-A1D2-E6C9-156F-DF107802D3BE
44.568764,-37.60919,0,4BD5749B-A1D2-E6C9-156F-DF107802D3BE
63.425945,11.048973,0,4BD5749B-A1D2-E6C9-156F-DF107802D3BE
63.730667,11.162663,2,4BD5749B-A1D2-E6C9-156F-DF107802D3BE
22.003288,49.897415,2,4BD5749B-A1D2-E6C9-156F-DF107802D3BE
2.0219676,-17.186796,0,4BD5749B-A1D2-E6C9-156F-DF107802D3BE
2.078943,-17.440414,2,4BD5749B-A1D2-E6C9-156F-DF107802D3BE
2.0417671,-17.506495,2,4BD5749B-A1D2-E6C9-156F-DF107802D3BE
-18.294382,-26.285948,2,4BD5749B-A1D2-E6C9-156F-DF107802D3BE
-18.347937,-26.309774,2,4BD5749B-A1D2-E6C9-156F-DF107802D3BE
-10.1693325,22.188936,2,4BD5749B-A1D2-E6C9-156F-DF107802D3BE
-10.168283,22.199856,2,4BD5749B-A1D2-E6C9-156F-DF107802D3BE
-14.269243,-41.69833,2,4BD5749B-A1D2-E6C9-156F-DF107802D3BE
-14.1861725,-41.67282,2,4BD5749B-A1D2-E6C9-156F-DF107802D3BE
-42.94321,-50.98845,2,4BD5749B-A1D2-E6C9-156F-DF107802D3BE
-54.701015,-49.220623,2,4BD5749B-A1D2-E6C9-156F-DF107802D3BE
-54.737255,-49.187885,2,4BD5749B-A1D2-E6C9-156F-DF107802D3BE
-8.235996,-18.316406,0,4BFAECAC-0CC2-F9AC-17BB-7343BE737D81
-38.842243,-48.525368,0,4BFAECAC-0CC2-F9AC-17BB-7343BE737D81
18.206244,47.099216,0,4BFAECAC-0CC2-F9AC-17BB-7343BE737D81
-50.288136,-33.206753,1,4BFAECAC-0CC2-F9AC-17BB-7343BE737D81
-50.177048,-33.258667,2,4BFAECAC-0CC2-F9AC-17BB-7343BE737D81
-49.59734,-33.421345,2,4BFAECAC-0CC2-F9AC-17BB-7343BE737D81
9.8266115,22.589062,2,4BFAECAC-0CC2-F9AC-17BB-7343BE737D81
6.9099436,49.47465,2,4BFAECAC-0CC2-F9AC-17BB-7343BE737D81
6.942119,49.48861,2,4BFAECAC-0CC2-F9AC-17BB-7343BE737D81
6.9487653,49.495743,2,4BFAECAC-0CC2-F9AC-17BB-7343BE737D81
35.271458,21.878494,2,4BFAECAC-0CC2-F9AC-17BB-7343BE737D81
35.403694,21.75687,0,4BFAECAC-0CC2-F9AC-17BB-7343BE737D81
11.228319,-40.947083,2,4BFAECAC-0CC2-F9AC-17BB-7343BE737D81
-2.3018577,-11.948012,2,4BFAECAC-0CC2-F9AC-17BB-7343BE737D81
-2.2917643,-12.048931,2,4BFAECAC-0CC2-F9AC-17BB-7343BE737D81
-2.4197414,-12.363182,2,4BFAECAC-0CC2-F9AC-17BB-7343BE737D81
-18.476444,-8.87227,1,4BFAECAC-0CC2-F9AC-17BB-7343BE737D81
-18.425158,-8.814649,2,4BFAECAC-0CC2-F9AC-17BB-7343BE737D81
26.563795,34.86022,0,4BFAECAC-0CC2-F9AC-17BB-7343BE737D81
26.433075,34.816788,0,4BFAECAC-0CC2-F9AC-17BB-7343BE737D81
26.494,34.743702,2,4BFAECAC-0CC2-F9AC-17BB-7343BE737D81
26.511538,33.782116,2,4BFAECAC-0CC2-F9AC-17BB-7343BE737D81
48.440163,-35.30748,2,4BFAECAC-0CC2-F9AC-17BB-7343BE737D81
71.44129,9.202541,0,4BFAECAC-0CC2-F9AC-17BB-7343BE737D81
16.940979,-6.478564,1,4CAE9D77-C8A8-2EE8-53D0-7C3C6331B2C5
17.059505,-6.471108,1,4CAE9D77-C8A8-2EE8-53D0-7C3C6331B2C5
4.4948196,35.658413,0,4CAE9D77-C8A8-2EE8-53D0-7C3C6331B2C5
4.543116,35.69481,0,4CAE9D77-C8A8-2EE8-53D0-7C3C6331B2C5
-36.180687,-4.286478,0,4CAE9D77-C8A8-2EE8-53D0-7C3C6331B2C5
-5.4178624,-32.099415,0,4CAE9D77-C8A8-2EE8-53D0-7C3C6331B2C5
-13.308642,-26.936079,2,4CAE9D77-C8A8-2EE8-53D0-7C3C6331B2C5
-13.531016,-25.562511,1,4CAE9D77-C8A8-2EE8-53D0-7C3C6331B2C5
-13.162405,-25.042622,2,4CAE9D77-C8A8-2EE8-53D0-7C3C6331B2C5
-63.546684,-21.166311,2,4CAE9D77-C8A8-2EE8-53D0-7C3C6331B2C5
-64.11225,-21.169031,2,4CAE9D77-C8A8-2EE8-53D0-7C3C6331B2C5
-64.34035,-21.315838,2,4CAE9D77-C8A8-2EE8-53D0-7C3C6331B2C5
-48.89228,-16.720238,2,4CAE9D77-C8A8-2EE8-53D0-7C3C6331B2C5
-49.01051,-16.888613,2,4CAE9D77-C8A8-2EE8-53D0-7C3C6331B2C5
-49.772545,-18.408358,1,4CAE9D77-C8A8-2EE8-53D0-7C3C6331B2C5
-6.9467273,41.396652,1,4CAE9D77-C8A8-2EE8-53D0-7C3C6331B2C5
-6.9398656,41.30743,1,4CAE9D77-C8A8-2EE8-53D0-7C3C6331B2C5
-7.088357,41.004726,1,4CAE9D77-C8A8-2EE8-53D0-7C3C6331B2C5
37.901432,-18.296225,1,4CAE9D77-C8A8-2EE8-53D0-7C3C6331B2C5
31.273018,-11.302973,1,4CAE9D77-C8A8-2EE8-53D0-7C3C6331B2C5
13.317574,60.96506,1,4CAE9D77-C8A8-2EE8-53D0-7C3C6331B2C5
13.0266485,61.010742,2,4CAE9D77-C8A8-2EE8-53D0-7C3C6331B2C5
-33.439323,15.967294,2,4CAE9D77-C8A8-2EE8-53D0-7C3C6331B2C5
-33.45425,16.119219,2,4CAE9D77-C8A8-2EE8-53D0-7C3C6331B2C5
-9.8535,-23.934587,2,5270C847-54C3-180E-9737-1D87A639C450
-9.893972,-23.983784,2,5270C847-54C3-180E-9737-1D87A639C450
39.761787,16.923464,2,5270C847-54C3-180E-9737-1D87A639C450
63.158653,1.6680487,2,5270C847-54C3-180E-9737-1D87A639C450
66.1603,-2.7382288,2,5270C847-54C3-180E-9737-1D87A639C450
42.319202,-36.577415,2,5270C847-54C3-180E-9737-1D87A639C450
32.029102,-14.577966,2,5270C847-54C3-180E-9737-1D87A639C450
20.588018,-12.129301,2,5270C847-54C3-180E-9737-1D87A639C450
20.137558,-11.945392,2,5270C847-54C3-180E-9737-1D87A639C450
19.987848,-11.793299,2,5270C847-54C3-180E-9737-1D87A639C450
19.890913,-11.631749,0,5270C847-54C3-180E-9737-1D87A639C450
16.663494,-2.2524912,0,5270C847-54C3-180E-9737-1D87A639C450
31.184542,-7.53038,0,5270C847-54C3-180E-9737-1D87A639C450
30.990025,-6.7779446,0,5270C847-54C3-180E-9737-1D87A639C450
22.767824,0.26468042,0,5270C847-54C3-180E-9737-1D87A639C450
-3.8285813,6.0240164,0,5270C847-54C3-180E-9737-1D87A639C450
-3.9281516,5.9915113,0,5270C847-54C3-180E-9737-1D87A639C450
-4.2937293,5.497665,0,5270C847-54C3-180E-9737-1D87A639C450
54.238075,-29.38727,1,5270C847-54C3-180E-9737-1D87A639C450
54.58511,-29.030964,1,5270C847-54C3-180E-9737-1D87A639C450
54.58361,-29.00156,1,5270C847-54C3-180E-9737-1D87A639C450
54.648438,-28.895336,0,5270C847-54C3-180E-9737-1D87A639C450
55.083977,-28.336885,0,5270C847-54C3-180E-9737-1D87A639C450
73.19271,10.744498,0,5270C847-54C3-180E-9737-1D87A639C450
3.8865755,56.0709,0,5270C847-54C3-180E-9737-1D87A639C450
3.840985,55.61467,0,5270C847-54C3-180E-9737-1D87A639C450
3.6467285,55.157753,0,5270C847-54C3-180E-9737-1D87A639C450
0.80699253,51.078056,0,5270C847-54C3-180E-9737-1D87A639C450
-2.0758677,45.719646,0,5270C847-54C3-180E-9737-1D87A639C450
-47.017883,-31.53517,0,5270C847-54C3-180E-9737-1D87A639C450
54.32945,-41.400356,2,5690E95B-9747-B2B5-2EE1-16A72200D5CC
70.10483,-3.7981527,2,5690E95B-9747-B2B5-2EE1-16A72200D5CC
49.97431,3.8032928,2,5690E95B-9747-B2B5-2EE1-16A72200D5CC
50.30493,4.3204236,2,5690E95B-9747-B2B5-2EE1-16A72200D5CC
50.39956,4.7560053,2,5690E95B-9747-B2B5-2EE1-16A72200D5CC
-7.345051,-38.23697,2,5690E95B-9747-B2B5-2EE1-16A72200D5CC
-1.377509,41.94906,2,5690E95B-9747-B2B5-2EE1-16A72200D5CC
-50.72831,-34.898243,2,5690E95B-9747-B2B5-2EE1-16A72200D5CC
-13.016815,-44.081627,2,5690E95B-9747-B2B5-2EE1-16A72200D5CC
-13.425571,-43.83816,2,5690E95B-9747-B2B5-2EE1-16A72200D5CC
-13.76309,-43.784695,2,5690E95B-9747-B2B5-2EE1-16A72200D5CC
-13.819141,-43.81196,2,5690E95B-9747-B2B5-2EE1-16A72200D5CC
-9.169676,-43.58706,2,5690E95B-9747-B2B5-2EE1-16A72200D5CC
-9.118263,-43.620552,2,5690E95B-9747-B2B5-2EE1-16A72200D5CC
66.05449,2.4560134,2,5690E95B-9747-B2B5-2EE1-16A72200D5CC
72.80064,6.390696,2,5690E95B-9747-B2B5-2EE1-16A72200D5CC
30.447773,-13.47772,2,5690E95B-9747-B2B5-2EE1-16A72200D5CC
19.358112,2.2335658,1,5690E95B-9747-B2B5-2EE1-16A72200D5CC
-38.288376,-43.100998,2,5690E95B-9747-B2B5-2EE1-16A72200D5CC
-38.395702,-43.133812,2,5690E95B-9747-B2B5-2EE1-16A72200D5CC
-10.555318,-49.176075,1,5690E95B-9747-B2B5-2EE1-16A72200D5CC
45.541275,-34.733162,1,5690E95B-9747-B2B5-2EE1-16A72200D5CC
32.468678,-6.3309803,1,5690E95B-9747-B2B5-2EE1-16A72200D5CC
27.592033,33.04381,1,5690E95B-9747-B2B5-2EE1-16A72200D5CC
-42.855343,19.584879,0,56EF301B-39F0-ED8F-E067-59FB50186E9C
-49.55743,9.059682,2,56EF301B-39F0-ED8F-E067-59FB50186E9C
-49.53309,8.977095,2,56EF301B-39F0-ED8F-E067-59FB50186E9C
-49.518517,8.09579,2,56EF301B-39F0-ED8F-E067-59FB50186E9C
-49.72975,7.740241,2,56EF301B-39F0-ED8F-E067-59FB50186E9C
-49.760742,7.755358,2,56EF301B-39F0-ED8F-E067-59FB50186E9C
37.346462,-11.794562,0,56EF301B-39F0-ED8F-E067-59FB50186E9C
37.23874,-11.83571,0,56EF301B-39F0-ED8F-E067-59FB50186E9C
26.431032,43.63332,0,56EF301B-39F0-ED8F-E067-59FB50186E9C
26.163637,43.71796,0,56EF301B-39F0-ED8F-E067-59FB50186E9C
0.57448035,28.917057,0,56EF301B-39F0-ED8F-E067-59FB50186E9C
-35.279842,-5.238491,0,56EF301B-39F0-ED8F-E067-59FB50186E9C
11.991846,-4.539417,1,56EF301B-39F0-ED8F-E067-59FB50186E9C
11.057205,-5.09486,1,56EF301B-39F0-ED8F-E067-59FB50186E9C
10.957966,-5.168457,1,56EF301B-39F0-ED8F-E067-59FB50186E9C
-51.013905,-27.074106,0,58CB3C5E-2F5C-31FE-83E8-C6772D99B8D5
-50.319542,-27.248875,0,58CB3C5E-2F5C-31FE-83E8-C6772D99B8D5
-50.197495,-27.230669,0,58CB3C5E-2F5C-31FE-83E8-C6772D99B8D5
-54.037025,-9.401577,0,58CB3C5E-2F5C-31FE-83E8-C6772D99B8D5
-53.914715,-9.159018,1,58CB3C5E-2F5C-31FE-83E8-C6772D99B8D5
-53.499355,-9.368251,0,58CB3C5E-2F5C-31FE-83E8-C6772D99B8D5
-18.293829,-36.252064,0,58CB3C5E-2F5C-31FE-83E8-C6772D99B8D5
-18.181873,-36.295036,0,58CB3C5E-2F5C-31FE-83E8-C6772D99B8D5
-18.135181,-36.457207,0,58CB3C5E-2F5C-31FE-83E8-C6772D99B8D5
-17.884518,-36.820457,0,58CB3C5E-2F5C-31FE-83E8-C6772D99B8D5
11.017857,-38.26613,2,58CB3C5E-2F5C-31FE-83E8-C6772D99B8D5
11.109515,-38.341373,2,58CB3C5E-2F5C-31FE-83E8-C6772D99B8D5
7.54322,36.401203,2,58CB3C5E-2F5C-31FE-83E8-C6772D99B8D5
54.07356,8.268802,2,58CB3C5E-2F5C-31FE-83E8-C6772D99B8D5
-48.796535,-33.37818,2,58CB3C5E-2F5C-31FE-83E8-C6772D99B8D5
-59.731907,-36.19003,2,58CB3C5E-2F5C-31FE-83E8-C6772D99B8D5
-59.79404,-36.01043,0,58CB3C5E-2F5C-31FE-83E8-C6772D99B8D5
-59.803917,-35.71069,0,58CB3C5E-2F5C-31FE-83E8-C6772D99B8D5
-4.939695,-34.899483,2,58CB3C5E-2F5C-31FE-83E8-C6772D99B8D5
-4.80887,-35.11111,2,58CB3C5E-2F5C-31FE-83E8-C6772D99B8D5
-4.7655377,-35.15919,2,58CB3C5E-2F5C-31FE-83E8-C6772D99B8D5
-4.111836,-35.434715,2,58CB3C5E-2F5C-31FE-83E8-C6772D99B8D5
6.9676723,-26.66402,2,58CB3C5E-2F5C-31FE-83E8-C6772D99B8D5
51.882286,8.368898,1,58CB3C5E-2F5C-31FE-83E8-C6772D99B8D5
4.341588,52.680164,0,5CD23052-9069-615B-22B2-CB8E9A2413C9
4.2458296,52.586254,0,5CD23052-9069-615B-22B2-CB8E9A2413C9
-27.475891,13.774391,0,5CD23052-9069-615B-22B2-CB8E9A2413C9
-27.318235,13.734824,0,5CD23052-9069-615B-22B2-CB8E9A2413C9
-27.143347,13.504864,0,5CD23052-9069-615B-22B2-CB8E9A2413C9
-54.735806,-22.866022,0,5CD23052-9069-615B-22B2-CB8E9A2413C9
8.653581,22.524237,2,5CD23052-9069-615B-22B2-CB8E9A2413C9
8.745468,22.53187,0,5CD23052-9069-615B-22B2-CB8E9A2413C9
34.62793,-44.520447,0,5CD23052-9069-615B-22B2-CB8E9A2413C9
63.470562,-3.3450089,0,5CD23052-9069-615B-22B2-CB8E9A2413C9
51.791286,3.3737233,0,5CD23052-9069-615B-22B2-CB8E9A2413C9
51.871128,3.427283,0,5CD23052-9069-615B-22B2-CB8E9A2413C9
23.046219,9.912474,0,5CD23052-9069-615B-22B2-CB8E9A2413C9
22.910755,10.088642,0,5CD23052-9069-615B-22B2-CB8E9A2413C9
22.841965,10.170184,1,5CD23052-9069-615B-22B2-CB8E9A2413C9
20.999868,35.955627,1,5CD23052-9069-615B-22B2-CB8E9A2413C9
21.112461,35.836224,1,5CD23052-9069-615B-22B2-CB8E9A2413C9
21.583796,35.125675,1,5CD23052-9069-615B-22B2-CB8E9A2413C9
38.27346,26.620525,2,5CD23052-9069-615B-22B2-CB8E9A2413C9
-26.454393,-0.55637324,2,5CD23052-9069-615B-22B2-CB8E9A2413C9
-25.721466,-0.6789176,2,5CD23052-9069-615B-22B2-CB8E9A2413C9
-25.723928,-0.9119524,2,5CD23052-9069-615B-22B2-CB8E9A2413C9
-25.301973,-0.91798127,2,5CD23052-9069-615B-22B2-CB8E9A2413C9
-25.272696,-0.9122769,2,5CD23052-9069-615B-22B2-CB8E9A2413C9
6.147393,33.93515,2,5CD23052-9069-615B-22B2-CB8E9A2413C9
6.70643,44.868515,2,5CD23052-9069-615B-22B2-CB8E9A2413C9
6.7099576,44.817356,2,5CD23052-9069-615B-22B2-CB8E9A2413C9
19.196306,-6.954904,2,5CD23052-9069-615B-22B2-CB8E9A2413C9
19.845934,-6.9797125,2,5CD23052-9069-615B-22B2-CB8E9A2413C9
20.189795,-7.3414903,2,5CD23052-9069-615B-22B2-CB8E9A2413C9
2.542417,50.26008,2,5E491E0A-C580-29BE-4329-ED7BFF843D0D
2.6214683,50.335682,0,5E491E0A-C580-29BE-4329-ED7BFF843D0D
-57.40268,5.038797,2,5E491E0A-C580-29BE-4329-ED7BFF843D0D
-56.968662,5.335886,2,5E491E0A-C580-29BE-4329-ED7BFF843D0D
-56.887115,5.2955756,2,5E491E0A-C580-29BE-4329-ED7BFF843D0D
-56.2677,5.351971,2,5E491E0A-C580-29BE-4329-ED7BFF843D0D
33.954224,-19.249437,0,5E491E0A-C580-29BE-4329-ED7BFF843D0D
26.106926,-13.610072,2,5E491E0A-C580-29BE-4329-ED7BFF843D0D
8.9131775,0.7623679,2,5E491E0A-C580-29BE-4329-ED7BFF843D0D
-2.6379936,18.35373,2,5E491E0A-C580-29BE-4329-ED7BFF843D0D
-2.9219503,18.145851,2,5E491E0A-C580-29BE-4329-ED7BFF843D0D
-3.118956,18.0079,2,5E491E0A-C580-29BE-4329-ED7BFF843D0D
-3.036014,-16.604868,2,5E491E0A-C580-29BE-4329-ED7BFF843D0D
-39.01548,5.758343,2,5E491E0A-C580-29BE-4329-ED7BFF843D0D
-38.813164,5.7010508,2,5E491E0A-C580-29BE-4329-ED7BFF843D0D
-38.422283,5.5282583,2,5E491E0A-C580-29BE-4329-ED7BFF843D0D
-38.191715,5.2035923,2,5E491E0A-C580-29BE-4329-ED7BFF843D0D
-37.810783,4.909157,2,5E491E0A-C580-29BE-4329-ED7BFF843D0D
-33.491924,3.3315437,2,5E491E0A-C580-29BE-4329-ED7BFF843D0D
-32.28478,3.7245069,2,5E491E0A-C580-29BE-4329-ED7BFF843D0D
-32.25522,3.6748383,2,5E491E0A-C580-29BE-4329-ED7BFF843D0D
-30.81653,3.2774942,2,5E491E0A-C580-29BE-4329-ED7BFF843D0D
-30.624426,3.2245255,2,5E491E0A-C580-29BE-4329-ED7BFF843D0D
23.206028,38.149136,2,5E491E0A-C580-29BE-4329-ED7BFF843D0D
-22.661499,50.84875,2,5F222604-CB86-1ABA-EB7B-31FF78B7BE93
-22.55628,50.913982,2,5F222604-CB86-1ABA-EB7B-31FF78B7BE93
-20.021221,53.248623,2,5F222604-CB86-1ABA-EB7B-31FF78B7BE93
-19.62528,53.3202,2,5F222604-CB86-1ABA-EB7B-31FF78B7BE93
-19.350254,53.360607,2,5F222604-CB86-1ABA-EB7B-31FF78B7BE93
-18.491604,53.386314,2,5F222604-CB86-1ABA-EB7B-31FF78B7BE93
28.580275,-12.046886,2,5F222604-CB86-1ABA-EB7B-31FF78B7BE93
51.186966,-35.667046,0,5F222604-CB86-1ABA-EB7B-31FF78B7BE93
50.952785,-35.68799,0,5F222604-CB86-1ABA-EB7B-31FF78B7BE93
50.30754,-35.733116,0,5F222604-CB86-1ABA-EB7B-31FF78B7BE93
50.69962,-35.271496,0,5F222604-CB86-1ABA-EB7B-31FF78B7BE93
35.60974,-15.719907,0,5F222604-CB86-1ABA-EB7B-31FF78B7BE93
15.567693,14.997805,2,5F222604-CB86-1ABA-EB7B-31FF78B7BE93
-40.76755,30.038853,2,5F222604-CB86-1ABA-EB7B-31FF78B7BE93
-41.063164,29.85153,2,5F222604-CB86-1ABA-EB7B-31FF78B7BE93
-41.362167,29.593597,2,5F222604-CB86-1ABA-EB7B-31FF78B7BE93
-41.966824,29.009663,2,5F222604-CB86-1ABA-EB7B-31FF78B7BE93
-42.147038,28.790194,2,5F222604-CB86-1ABA-EB7B-31FF78B7BE93
1.7650114,57.788864,2,5F222604-CB86-1ABA-EB7B-31FF78B7BE93
-42.969456,27.51659,2,5F222604-CB86-1ABA-EB7B-31FF78B7BE93
-10.545423,-27.278694,2,5F222604-CB86-1ABA-EB7B-31FF78B7BE93
-10.956939,-29.82392,2,5F222604-CB86-1ABA-EB7B-31FF78B7BE93
-10.928797,-29.87698,2,5F222604-CB86-1ABA-EB7B-31FF78B7BE93
-10.659585,-29.857365,2,5F222604-CB86-1ABA-EB7B-31FF78B7BE93
34.096767,-5.775492,0,62A1F053-1EA8-7433-090E-89D450314F41
34.114433,-5.764537,0,62A1F053-1EA8-7433-090E-89D450314F41
40.482754,33.00819,0,62A1F053-1EA8-7433-090E-89D450314F41
11.845631,49.402466,0,62A1F053-1EA8-7433-090E-89D450314F41
-61.487957,-6.1530876,0,62A1F053-1EA8-7433-090E-89D450314F41
-61.50409,-6.1413436,2,62A1F053-1EA8-7433-090E-89D450314F41
-31.576899,-44.43661,2,62A1F053-1EA8-7433-090E-89D450314F41
-31.723038,-44.146843,2,62A1F053-1EA8-7433-090E-89D450314F41
-31.778591,-43.987015,2,62A1F053-1EA8-7433-090E-89D450314F41
-4.3827558,-43.869267,2,62A1F053-1EA8-7433-090E-89D450314F41
-33.766193,-40.925774,2,62A1F053-1EA8-7433-090E-89D450314F41
-33.88294,-40.864216,2,62A1F053-1EA8-7433-090E-89D450314F41
-34.012424,-48.50899,2,62A1F053-1EA8-7433-090E-89D450314F41
-33.917355,-48.472996,2,62A1F053-1EA8-7433-090E-89D450314F41
-43.37095,-45.782295,2,62A1F053-1EA8-7433-090E-89D450314F41
-43.69391,-46.062935,2,62A1F053-1EA8-7433-090E-89D450314F41
32.027542,36.406467,2,62A1F053-1EA8-7433-090E-89D450314F41
32.10355,36.39041,2,62A1F053-1EA8-7433-090E-89D450314F41
64.11991,-1.3052585,0,62A1F053-1EA8-7433-090E-89D450314F41
65.03,1.8755903,0,62A1F053-1EA8-7433-090E-89D450314F41
63.778465,6.630923,0,62A1F053-1EA8-7433-090E-89D450314F41
63.757107,6.720939,1,62A1F053-1EA8-7433-090E-89D450314F41
63.63242,6.7655964,0,62A1F053-1EA8-7433-090E-89D450314F41
64.197716,6.906528,0,62A1F053-1EA8-7433-090E-89D450314F41
63.43748,7.655011,0,62A1F053-1EA8-7433-090E-89D450314F41
69.97549,9.457009,0,62A1F053-1EA8-7433-090E-89D450314F41
33.069607,-5.0156665,0,62A1F053-1EA8-7433-090E-89D450314F41
20.173353,7.179008,0,62A1F053-1EA8-7433-090E-89D450314F41
19.357958,6.7850943,0,62A1F053-1EA8-7433-090E-89D450314F41
19.244076,6.762308,2,62A1F053-1EA8-7433-090E-89D450314F41
73.3227,9.587037,1,647C581E-E72F-0765-F94A-065909B99374
40.604282,35.93126,1,647C581E-E72F-0765-F94A-065909B99374
-45.748875,-0.20122099,1,647C581E-E72F-0765-F94A-065909B99374
-46.2208,-0.20786925,2,647C581E-E72F-0765-F94A-065909B99374
-46.857075,-0.23411731,2,647C581E-E72F-0765-F94A-065909B99374
-47.740826,-0.244112,2,647C581E-E72F-0765-F94A-065909B99374
-63.750523,-27.008373,2,647C581E-E72F-0765-F94A-065909B99374
-63.924496,-27.19981,2,647C581E-E72F-0765-F94A-065909B99374
-63.784866,-27.65251,2,647C581E-E72F-0765-F94A-065909B99374
-63.647373,-27.95659,2,647C581E-E72F-0765-F94A-065909B99374
-63.14242,-28.489212,2,647C581E-E72F-0765-F94A-065909B99374
-62.830746,-28.708403,2,647C581E-E72F-0765-F94A-065909B99374
-16.53765,53.38408,2,647C581E-E72F-0765-F94A-065909B99374
-16.550169,53.33341,1,647C581E-E72F-0765-F94A-065909B99374
16.217035,47.4746,1,647C581E-E72F-0765-F94A-065909B99374
55.305794,-40.435287,1,647C581E-E72F-0765-F94A-065909B99374
53.029705,-38.76327,1,647C581E-E72F-0765-F94A-065909B99374
52.982857,-38.912827,1,647C581E-E72F-0765-F94A-065909B99374
53.268223,-39.38615,1,647C581E-E72F-0765-F94A-065909B99374
54.041386,-40.105347,1,647C581E-E72F-0765-F94A-065909B99374
54.62541,-39.24089,2,647C581E-E72F-0765-F94A-065909B99374
55.58599,-39.257008,2,647C581E-E72F-0765-F94A-065909B99374
56.096264,-39.20352,2,647C581E-E72F-0765-F94A-065909B99374
56.335804,-39.333145,2,647C581E-E72F-0765-F94A-065909B99374
-58.663895,-42.821873,2,66E9719B-D383-AA87-7FAB-D9B4ABE7011C
-58.77709,-42.80404,2,66E9719B-D383-AA87-7FAB-D9B4ABE7011C
-59.11026,-42.743187,0,66E9719B-D383-AA87-7FAB-D9B4ABE7011C
-10.913328,-9.816962,0,66E9719B-D383-AA87-7FAB-D9B4ABE7011C
5.955077,-6.7237525,0,66E9719B-D383-AA87-7FAB-D9B4ABE7011C
6.170279,-7.0560317,0,66E9719B-D383-AA87-7FAB-D9B4ABE7011C
-17.090725,-45.748325,0,66E9719B-D383-AA87-7FAB-D9B4ABE7011C
-17.024864,-45.611786,0,66E9719B-D383-AA87-7FAB-D9B4ABE7011C
-16.91827,-43.539757,2,66E9719B-D383-AA87-7FAB-D9B4ABE7011C
-16.966074,-43.272896,2,66E9719B-D383-AA87-7FAB-D9B4ABE7011C
-16.289593,-42.349186,2,66E9719B-D383-AA87-7FAB-D9B4ABE7011C
-16.422844,-42.449875,2,66E9719B-D383-AA87-7FAB-D9B4ABE7011C
-28.174618,1.712054,2,66E9719B-D383-AA87-7FAB-D9B4ABE7011C
-28.181767,1.8951352,2,66E9719B-D383-AA87-7FAB-D9B4ABE7011C
-40.468567,8.400149,2,66E9719B-D383-AA87-7FAB-D9B4ABE7011C
-40.6132,8.442367,2,66E9719B-D383-AA87-7FAB-D9B4ABE7011C
-41.224342,8.529268,2,66E9719B-D383-AA87-7FAB-D9B4ABE7011C
-41.464134,8.497865,2,66E9719B-D383-AA87-7FAB-D9B4ABE7011C
-17.8044,22.079535,0,66E9719B-D383-AA87-7FAB-D9B4ABE7011C
-17.569368,22.31242,0,66E9719B-D383-AA87-7FAB-D9B4ABE7011C
12.349601,28.450089,2,66E9719B-D383-AA87-7FAB-D9B4ABE7011C
-18.274845,31.390509,2,66E9719B-D383-AA87-7FAB-D9B4ABE7011C
-18.79346,31.412254,0,66E9719B-D383-AA87-7FAB-D9B4ABE7011C
-19.347004,31.303535,0,66E9719B-D383-AA87-7FAB-D9B4ABE7011C
56.92204,-32.827763,2,68339CF4-6AFB-7EFB-40EA-238612F8E5A4
56.89825,-32.806458,2,68339CF4-6AFB-7EFB-40EA-238612F8E5A4
74.59772,8.290654,2,68339CF4-6AFB-7EFB-40EA-238612F8E5A4
42.082443,35.13352,2,68339CF4-6AFB-7EFB-40EA-238612F8E5A4
41.281536,36.13103,2,68339CF4-6AFB-7EFB-40EA-238612F8E5A4
5.8058767,67.52208,2,68339CF4-6AFB-7EFB-40EA-238612F8E5A4
5.2744584,67.53233,2,68339CF4-6AFB-7EFB-40EA-238612F8E5A4
4.2146516,67.54154,2,68339CF4-6AFB-7EFB-40EA-238612F8E5A4
3.685279,67.7024,2,68339CF4-6AFB-7EFB-40EA-238612F8E5A4
3.405698,67.75816,2,68339CF4-6AFB-7EFB-40EA-238612F8E5A4
3.1354969,67.50207,2,68339CF4-6AFB-7EFB-40EA-238612F8E5A4
2.9623184,67.35845,2,68339CF4-6AFB-7EFB-40EA-238612F8E5A4
19.757603,48.75299,2,68339CF4-6AFB-7EFB-40EA-238612F8E5A4
64.53172,13.17471,2,68339CF4-6AFB-7EFB-40EA-238612F8E5A4
64.58344,13.214838,2,68339CF4-6AFB-7EFB-40EA-238612F8E5A4
42.339966,-36.541965,2,68339CF4-6AFB-7EFB-40EA-238612F8E5A4
48.125965,-39.94305,2,68339CF4-6AFB-7EFB-40EA-238612F8E5A4
47.70813,-39.328854,2,68339CF4-6AFB-7EFB-40EA-238612F8E5A4
8.054193,61.727077,1,68339CF4-6AFB-7EFB-40EA-238612F8E5A4
-9.070091,61.760433,1,68339CF4-6AFB-7EFB-40EA-238612F8E5A4
-9.5125065,61.763607,1,68339CF4-6AFB-7EFB-40EA-238612F8E5A4
-10.478668,61.65803,1,68339CF4-6AFB-7EFB-40EA-238612F8E5A4
-10.702632,61.643566,1,68339CF4-6AFB-7EFB-40EA-238612F8E5A4
-10.946573,61.55632,1,68339CF4-6AFB-7EFB-40EA-238612F8E5A4
-44.264725,7.6031156,2,6B1E25A6-882B-DDD7-CE4F-4EC17A0906CF
-8.183963,30.591372,0,6B1E25A6-882B-DDD7-CE4F-4EC17A0906CF
-8.194013,30.568447,0,6B1E25A6-882B-DDD7-CE4F-4EC17A0906CF
-5.574255,34.72468,0,6B1E25A6-882B-DDD7-CE4F-4EC17A0906CF
-7.390062,-51.36871,0,6B1E25A6-882B-DDD7-CE4F-4EC17A0906CF
-7.626038,-50.820652,1,6B1E25A6-882B-DDD7-CE4F-4EC17A0906CF
-7.2541175,-50.223156,2,6B1E25A6-882B-DDD7-CE4F-4EC17A0906CF
-7.2607164,-50.087147,0,6B1E25A6-882B-DDD7-CE4F-4EC17A0906CF
-7.2216105,-49.810867,0,6B1E25A6-882B-DDD7-CE4F-4EC17A0906CF
0.23562181,-47.45037,2,6B1E25A6-882B-DDD7-CE4F-4EC17A0906CF
54.909473,-34.716003,2,6B1E25A6-882B-DDD7-CE4F-4EC17A0906CF
34.115376,-8.634217,2,6B1E25A6-882B-DDD7-CE4F-4EC17A0906CF
27.688364,3.425677,2,6B1E25A6-882B-DDD7-CE4F-4EC17A0906CF
27.3036,4.2017317,0,6B1E25A6-882B-DDD7-CE4F-4EC17A0906CF
26.850883,5.2004657,0,6B1E25A6-882B-DDD7-CE4F-4EC17A0906CF
18.928408,14.484465,0,6B1E25A6-882B-DDD7-CE4F-4EC17A0906CF
-25.47563,19.261894,0,6B1E25A6-882B-DDD7-CE4F-4EC17A0906CF
-25.364693,19.175192,0,6B1E25A6-882B-DDD7-CE4F-4EC17A0906CF
-11.389987,9.511916,0,6B1E25A6-882B-DDD7-CE4F-4EC17A0906CF
-11.404615,9.506759,0,6B1E25A6-882B-DDD7-CE4F-4EC17A0906CF
-64.54556,-19.980213,0,6B1E25A6-882B-DDD7-CE4F-4EC17A0906CF
-47.90622,-47.956085,0,6B1E25A6-882B-DDD7-CE4F-4EC17A0906CF
-47.541977,-47.849094,0,6B1E25A6-882B-DDD7-CE4F-4EC17A0906CF
-46.45567,-47.66059,0,6B1E25A6-882B-DDD7-CE4F-4EC17A0906CF
-41.932896,-48.0253,2,6B690AF9-8440-1C43-B353-FA85266AA12C
-41.146168,-48.522232,2,6B690AF9-8440-1C43-B353-FA85266AA12C
9.835548,0.7086012,2,6B690AF9-8440-1C43-B353-FA85266AA12C
-8.556181,-15.737494,2,6B690AF9-8440-1C43-B353-FA85266AA12C
-8.053558,-15.525835,2,6B690AF9-8440-1C43-B353-FA85266AA12C
-8.063577,-15.530448,2,6B690AF9-8440-1C43-B353-FA85266AA12C
-50.483448,-46.52166,2,6B690AF9-8440-1C43-B353-FA85266AA12C
-50.610786,-46.37965,2,6B690AF9-8440-1C43-B353-FA85266AA12C
-50.859745,-46.66501,2,6B690AF9-8440-1C43-B353-FA85266AA12C
10.695169,59.619774,1,6B690AF9-8440-1C43-B353-FA85266AA12C
10.459958,59.698364,1,6B690AF9-8440-1C43-B353-FA85266AA12C
9.962548,59.762985,2,6B690AF9-8440-1C43-B353-FA85266AA12C
51.19728,-44.224174,0,6B690AF9-8440-1C43-B353-FA85266AA12C
62.197357,9.556266,0,6B690AF9-8440-1C43-B353-FA85266AA12C
61.91736,9.4891205,0,6B690AF9-8440-1C43-B353-FA85266AA12C
10.724289,45.524673,0,6B690AF9-8440-1C43-B353-FA85266AA12C
10.148073,45.460255,1,6B690AF9-8440-1C43-B353-FA85266AA12C
10.020689,45.50966,1,6B690AF9-8440-1C43-B353-FA85266AA12C
10.386219,5.624882,2,6C9454F6-2AA4-4C25-0387-C6CA7AFC4C13
10.438849,6.3526397,2,6C9454F6-2AA4-4C25-0387-C6CA7AFC4C13
10.440805,6.489436,2,6C9454F6-2AA4-4C25-0387-C6CA7AFC4C13
8.9394655,55.745758,2,6C9454F6-2AA4-4C25-0387-C6CA7AFC4C13
9.129041,55.763676,2,6C9454F6-2AA4-4C25-0387-C6CA7AFC4C13
-44.23471,2.335374,2,6C9454F6-2AA4-4C25-0387-C6CA7AFC4C13
-32.0147,-1.2088169,2,6C9454F6-2AA4-4C25-0387-C6CA7AFC4C13
54.967346,-3.5437257,2,6C9454F6-2AA4-4C25-0387-C6CA7AFC4C13
54.99266,-3.5495749,2,6C9454F6-2AA4-4C25-0387-C6CA7AFC4C13
73.72459,4.3770595,0,6C9454F6-2AA4-4C25-0387-C6CA7AFC4C13
73.81508,4.356878,0,6C9454F6-2AA4-4C25-0387-C6CA7AFC4C13
44.115868,-32.816406,0,6C9454F6-2AA4-4C25-0387-C6CA7AFC4C13
-31.042894,12.181443,1,6C9454F6-2AA4-4C25-0387-C6CA7AFC4C13
-31.222898,12.107703,1,6C9454F6-2AA4-4C25-0387-C6CA7AFC4C13
-14.0855465,-23.145828,2,6C9454F6-2AA4-4C25-0387-C6CA7AFC4C13
-13.998122,-23.09774,2,6C9454F6-2AA4-4C25-0387-C6CA7AFC4C13
-49.966553,-1.2226523,2,6C9454F6-2AA4-4C25-0387-C6CA7AFC4C13
-49.877975,-1.304912,2,6C9454F6-2AA4-4C25-0387-C6CA7AFC4C13
48.794697,5.186466,0,6C9454F6-2AA4-4C25-0387-C6CA7AFC4C13
48.824776,5.1483607,0,6C9454F6-2AA4-4C25-0387-C6CA7AFC4C13
-11.388472,-45.597557,0,6C9454F6-2AA4-4C25-0387-C6CA7AFC4C13
3.764445,-45.80537,0,6C9454F6-2AA4-4C25-0387-C6CA7AFC4C13
10.579762,-46.834045,0,6C9454F6-2AA4-4C25-0387-C6CA7AFC4C13
11.100216,-46.459827,0,6C9454F6-2AA4-4C25-0387-C6CA7AFC4C13
16.488914,-45.90571,1,70432028-81AF-D67A-251E-D2F807AB93CF
62.57736,-35.5472,1,70432028-81AF-D67A-251E-D2F807AB93CF
38.656063,-19.013231,1,70432028-81AF-D67A-251E-D2F807AB93CF
35.406464,-9.741111,1,70432028-81AF-D67A-251E-D2F807AB93CF
-16.353434,4.3582325,1,70432028-81AF-D67A-251E-D2F807AB93CF
-17.459946,4.9698668,1,70432028-81AF-D67A-251E-D2F807AB93CF
10.825336,-48.012726,2,70432028-81AF-D67A-251E-D2F807AB93CF
10.399228,-47.890938,0,70432028-81AF-D67A-251E-D2F807AB93CF
10.752386,-47.631104,0,70432028-81AF-D67A-251E-D2F807AB93CF
73.18656,10.229044,0,70432028-81AF-D67A-251E-D2F807AB93CF
42.401264,34.752174,0,70432028-81AF-D67A-251E-D2F807AB93CF
23.003513,56.19685,2,70432028-81AF-D67A-251E-D2F807AB93CF
48.267693,-38.558628,0,70432028-81AF-D67A-251E-D2F807AB93CF
48.175735,-38.38978,0,70432028-81AF-D67A-251E-D2F807AB93CF
38.53271,-43.074043,0,70432028-81AF-D67A-251E-D2F807AB93CF
61.148376,-1.1158997,2,70432028-81AF-D67A-251E-D2F807AB93CF
60.935562,-0.9713059,2,70432028-81AF-D67A-251E-D2F807AB93CF
15.9670105,37.023537,2,70432028-81AF-D67A-251E-D2F807AB93CF
15.869274,37.487976,2,70432028-81AF-D67A-251E-D2F807AB93CF
-15.682895,50.645046,2,70432028-81AF-D67A-251E-D2F807AB93CF
-15.671327,50.55139,2,70432028-81AF-D67A-251E-D2F807AB93CF
-15.712022,50.255314,2,70432028-81AF-D67A-251E-D2F807AB93CF
-16.199854,49.111843,2,70432028-81AF-D67A-251E-D2F807AB93CF
-61.645424,2.7733958,2,70432028-81AF-D67A-251E-D2F807AB93CF
-11.292285,-2.4474719,0,718078D1-70DB-2916-366D-1119A22DCD7F
23.566467,5.473324,0,718078D1-70DB-2916-366D-1119A22DCD7F
22.909212,5.253774,0,718078D1-70DB-2916-366D-1119A22DCD7F
-9.588818,-8.919676,0,718078D1-70DB-2916-366D-1119A22DCD7F
-9.584886,-8.958233,0,718078D1-70DB-2916-366D-1119A22DCD7F
-39.99879,0.981263,0,718078D1-70DB-2916-366D-1119A22DCD7F
-39.856464,0.86609346,0,718078D1-70DB-2916-366D-1119A22DCD7F
-39.384216,0.4971378,0,718078D1-70DB-2916-366D-1119A22DCD7F
5.859889,29.451103,0,718078D1-70DB-2916-366D-1119A22DCD7F
39.28573,32.439236,0,718078D1-70DB-2916-366D-1119A22DCD7F
39.564182,32.54597,1,718078D1-70DB-2916-366D-1119A22DCD7F
28.370281,2.4907014,1,718078D1-70DB-2916-366D-1119A22DCD7F
23.298653,2.9495974,2,718078D1-70DB-2916-366D-1119A22DCD7F
0.7390508,46.72716,2,718078D1-70DB-2916-366D-1119A22DCD7F
0.7409412,46.762993,2,718078D1-70DB-2916-366D-1119A22DCD7F
30.696602,48.51556,2,718078D1-70DB-2916-366D-1119A22DCD7F
30.640638,48.126625,2,718078D1-70DB-2916-366D-1119A22DCD7F
-57.41611,-40.249344,2,718078D1-70DB-2916-366D-1119A22DCD7F
-29.110579,25.01796,1,718078D1-70DB-2916-366D-1119A22DCD7F
10.676499,51.52672,1,718078D1-70DB-2916-366D-1119A22DCD7F
10.254575,51.664116,1,718078D1-70DB-2916-366D-1119A22DCD7F
9.945714,51.796963,1,718078D1-70DB-2916-366D-1119A22DCD7F
9.5111475,52.083458,0,718078D1-70DB-2916-366D-1119A22DCD7F
20.131847,4.1642733,0,718078D1-70DB-2916-366D-1119A22DCD7F
2.1359067,-13.322196,2,72B642AD-2D4A-574F-05EC-EC93C0C52335
-49.866817,-11.040755,2,72B642AD-2D4A-574F-05EC-EC93C0C52335
-49.918022,-11.0876,2,72B642AD-2D4A-574F-05EC-EC93C0C52335
-63.02682,-9.070929,2,72B642AD-2D4A-574F-05EC-EC93C0C52335
-63.12217,-9.061638,2,72B642AD-2D4A-574F-05EC-EC93C0C52335
-63.836857,-9.034049,2,72B642AD-2D4A-574F-05EC-EC93C0C52335
-2.550628,-26.310635,2,72B642AD-2D4A-574F-05EC-EC93C0C52335
-2.4344833,-26.362999,2,72B642AD-2D4A-574F-05EC-EC93C0C52335
-23.20893,-28.836433,2,72B642AD-2D4A-574F-05EC-EC93C0C52335
-24.333931,5.960777,2,72B642AD-2D4A-574F-05EC-EC93C0C52335
-24.363285,6.2809043,2,72B642AD-2D4A-574F-05EC-EC93C0C52335
-24.35828,6.6747117,2,72B642AD-2D4A-574F-05EC-EC93C0C52335
-5.859834,3.1135833,2,72B642AD-2D4A-574F-05EC-EC93C0C52335
-5.887978,3.5145302,2,72B642AD-2D4A-574F-05EC-EC93C0C52335
71.2685,6.902765,2,72B642AD-2D4A-574F-05EC-EC93C0C52335
46.323917,-37.017914,2,72B642AD-2D4A-574F-05EC-EC93C0C52335
51.795723,-34.177868,2,72B642AD-2D4A-574F-05EC-EC93C0C52335
52.775307,-35.330704,1,72B642AD-2D4A-574F-05EC-EC93C0C52335
51.84111,-4.4983044,1,72B642AD-2D4A-574F-05EC-EC93C0C52335
51.85023,-4.5173965,1,72B642AD-2D4A-574F-05EC-EC93C0C52335
52.184006,-36.656075,1,72B642AD-2D4A-574F-05EC-EC93C0C52335
51.86075,-36.205578,1,72B642AD-2D4A-574F-05EC-EC93C0C52335
51.467403,-36.72019,1,72B642AD-2D4A-574F-05EC-EC93C0C52335
34.18607,-13.139734,1,72B642AD-2D4A-574F-05EC-EC93C0C52335
31.912416,-9.375985,1,72B642AD-2D4A-574F-05EC-EC93C0C52335
31.578165,-9.036936,1,72B642AD-2D4A-574F-05EC-EC93C0C52335
27.104933,36.41444,2,72B642AD-2D4A-574F-05EC-EC93C0C52335
18.69984,37.47929,2,72B642AD-2D4A-574F-05EC-EC93C0C52335
18.619356,37.516525,2,72B642AD-2D4A-574F-05EC-EC93C0C52335
3.5270746,41.21401,2,72B642AD-2D4A-574F-05EC-EC93C0C52335
8.116849,-13.923481,2,7417E7AB-C723-0958-F8EE-DDA4DED65165
19.181446,-5.6016774,2,7417E7AB-C723-0958-F8EE-DDA4DED65165
19.022469,-5.2951064,2,7417E7AB-C723-0958-F8EE-DDA4DED65165
6.253529,-7.939068,2,7417E7AB-C723-0958-F8EE-DDA4DED65165
6.0341115,-7.918243,2,7417E7AB-C723-0958-F8EE-DDA4DED65165
-27.465237,8.541475,2,7417E7AB-C723-0958-F8EE-DDA4DED65165
-40.350502,-41.78603,2,7417E7AB-C723-0958-F8EE-DDA4DED65165
-40.96051,-42.465458,2,7417E7AB-C723-0958-F8EE-DDA4DED65165
-40.82305,-43.145466,2,7417E7AB-C723-0958-F8EE-DDA4DED65165
-40.58155,-43.565586,0,7417E7AB-C723-0958-F8EE-DDA4DED65165
-10.935429,-49.58381,0,7417E7AB-C723-0958-F8EE-DDA4DED65165
-10.884426,-49.707508,0,7417E7AB-C723-0958-F8EE-DDA4DED65165
20.52693,50.686012,0,761D024F-3C62-5326-601A-88D436C7726A
20.564667,50.42127,1,761D024F-3C62-5326-601A-88D436C7726A
20.695763,50.063038,0,761D024F-3C62-5326-601A-88D436C7726A
20.9046,49.392967,0,761D024F-3C62-5326-601A-88D436C7726A
70.6827,8.075274,0,761D024F-3C62-5326-601A-88D436C7726A
31.801706,-12.952474,0,761D024F-3C62-5326-601A-88D436C7726A
26.482822,2.2923849,0,761D024F-3C62-5326-601A-88D436C7726A
23.512568,8.201562,0,761D024F-3C62-5326-601A-88D436C7726A
18.64188,13.349169,1,761D024F-3C62-5326-601A-88D436C7726A
18.641579,13.365292,1,761D024F-3C62-5326-601A-88D436C7726A
-22.703768,17.749178,1,761D024F-3C62-5326-601A-88D436C7726A
-22.460016,16.946875,1,761D024F-3C62-5326-601A-88D436C7726A
-21.990025,16.40427,0,761D024F-3C62-5326-601A-88D436C7726A
-21.95444,16.011122,0,761D024F-3C62-5326-601A-88D436C7726A
-21.746805,15.842656,0,761D024F-3C62-5326-601A-88D436C7726A
-22.241428,13.698876,0,761D024F-3C62-5326-601A-88D436C7726A
19.9016,39.8398,0,761D024F-3C62-5326-601A-88D436C7726A
20.05484,39.81072,0,761D024F-3C62-5326-601A-88D436C7726A
-60.225685,-11.508693,1,761D024F-3C62-5326-601A-88D436C7726A
-47.76581,8.635672,1,761D024F-3C62-5326-601A-88D436C7726A
-5.8569365,51.185127,1,761D024F-3C62-5326-601A-88D436C7726A
-5.818774,51.164913,1,761D024F-3C62-5326-601A-88D436C7726A
-6.0032997,51.345562,1,761D024F-3C62-5326-601A-88D436C7726A
-49.66556,6.3199344,1,761D024F-3C62-5326-601A-88D436C7726A
-35.518204,-21.856993,2,761D024F-3C62-5326-601A-88D436C7726A
-35.513462,-21.853643,2,761D024F-3C62-5326-601A-88D436C7726A
-39.691006,-40.144756,2,761D024F-3C62-5326-601A-88D436C7726A
-39.686165,-40.146458,2,761D024F-3C62-5326-601A-88D436C7726A
19.592192,50.00494,2,761D024F-3C62-5326-601A-88D436C7726A
39.56429,-10.175783,2,761D024F-3C62-5326-601A-88D436C7726A
-33.652534,29.155104,2,772BA0E9-AC30-CEA6-AA1B-18A0300702AA
-33.543053,29.12932,2,772BA0E9-AC30-CEA6-AA1B-18A0300702AA
-33.37512,29.10685,2,772BA0E9-AC30-CEA6-AA1B-18A0300702AA
-32.842583,28.995806,2,772BA0E9-AC30-CEA6-AA1B-18A0300702AA
-18.596046,33.40139,2,772BA0E9-AC30-CEA6-AA1B-18A0300702AA
-18.584036,33.368114,2,772BA0E9-AC30-CEA6-AA1B-18A0300702AA
10.176487,41.537613,2,772BA0E9-AC30-CEA6-AA1B-18A0300702AA
9.769515,41.983162,2,772BA0E9-AC30-CEA6-AA1B-18A0300702AA
-41.816708,-35.990307,2,772BA0E9-AC30-CEA6-AA1B-18A0300702AA
-41.770042,-36.012245,2,772BA0E9-AC30-CEA6-AA1B-18A0300702AA
-40.402946,-36.523087,2,772BA0E9-AC30-CEA6-AA1B-18A0300702AA
-40.21232,-36.49549,2,772BA0E9-AC30-CEA6-AA1B-18A0300702AA
-39.308926,-36.427498,2,772BA0E9-AC30-CEA6-AA1B-18A0300702AA
-23.147314,30.65108,2,772BA0E9-AC30-CEA6-AA1B-18A0300702AA
-23.085764,30.68055,2,772BA0E9-AC30-CEA6-AA1B-18A0300702AA
35.660854,26.593948,2,772BA0E9-AC30-CEA6-AA1B-18A0300702AA
35.732204,26.821423,1,772BA0E9-AC30-CEA6-AA1B-18A0300702AA
71.04972,10.237074,1,772BA0E9-AC30-CEA6-AA1B-18A0300702AA
53.57257,-31.937239,1,772BA0E9-AC30-CEA6-AA1B-18A0300702AA
56.340298,-42.811214,1,772BA0E9-AC30-CEA6-AA1B-18A0300702AA
32.62431,-46.59948,1,772BA0E9-AC30-CEA6-AA1B-18A0300702AA
32.328487,-45.925144,1,772BA0E9-AC30-CEA6-AA1B-18A0300702AA
32.280994,-45.60863,0,772BA0E9-AC30-CEA6-AA1B-18A0300702AA
31.943708,-45.3817,0,772BA0E9-AC30-CEA6-AA1B-18A0300702AA
-55.52132,-30.879055,1,772BA0E9-AC30-CEA6-AA1B-18A0300702AA
-55.88849,-30.678114,2,772BA0E9-AC30-CEA6-AA1B-18A0300702AA
-55.925014,-30.412582,2,772BA0E9-AC30-CEA6-AA1B-18A0300702AA
7.095874,53.376953,2,772BA0E9-AC30-CEA6-AA1B-18A0300702AA
7.037519,53.355137,2,772BA0E9-AC30-CEA6-AA1B-18A0300702AA
21.721695,40.660408,2,772BA0E9-AC30-CEA6-AA1B-18A0300702AA
-50.909286,-29.757133,2,77F6B31E-B228-3C6D-A66F-E7E6FDED3587
-51.228542,-30.799355,2,77F6B31E-B228-3C6D-A66F-E7E6FDED3587
-51.228546,-30.962595,2,77F6B31E-B228-3C6D-A66F-E7E6FDED3587
-51.168346,-31.14532,2,77F6B31E-B228-3C6D-A66F-E7E6FDED3587
-50.524216,-31.290691,2,77F6B31E-B228-3C6D-A66F-E7E6FDED3587
-11.946015,-44.602013,2,77F6B31E-B228-3C6D-A66F-E7E6FDED3587
-25.757828,-24.808823,2,77F6B31E-B228-3C6D-A66F-E7E6FDED3587
-25.674706,-25.389946,2,77F6B31E-B228-3C6D-A66F-E7E6FDED3587
-25.871851,-25.733734,2,77F6B31E-B228-3C6D-A66F-E7E6FDED3587
-26.834475,-26.71234,2,77F6B31E-B228-3C6D-A66F-E7E6FDED3587
-27.136692,-26.356438,2,77F6B31E-B228-3C6D-A66F-E7E6FDED3587
-27.183714,-26.380974,2,77F6B31E-B228-3C6D-A66F-E7E6FDED3587
65.66436,-0.41886523,0,77F6B31E-B228-3C6D-A66F-E7E6FDED3587
-8.664416,-44.29329,0,77F6B31E-B228-3C6D-A66F-E7E6FDED3587
-44.61983,-28.91665,0,77F6B31E-B228-3C6D-A66F-E7E6FDED3587
-45.200386,-28.94308,0,77F6B31E-B228-3C6D-A66F-E7E6FDED3587
-45.84613,-28.969471,0,77F6B31E-B228-3C6D-A66F-E7E6FDED3587
-46.22151,-28.909798,2,77F6B31E-B228-3C6D-A66F-E7E6FDED3587
-20.119833,-45.544876,1,77F6B31E-B228-3C6D-A66F-E7E6FDED3587
-19.911104,-45.605473,1,77F6B31E-B228-3C6D-A66F-E7E6FDED3587
27.793177,31.204994,0,77F6B31E-B228-3C6D-A66F-E7E6FDED3587
27.51109,30.78355,0,77F6B31E-B228-3C6D-A66F-E7E6FDED3587
27.366085,10.060074,0,77F6B31E-B228-3C6D-A66F-E7E6FDED3587
-26.364342,29.15377,0,77F6B31E-B228-3C6D-A66F-E7E6FDED3587
-27.49391,28.136282,1,77F6B31E-B228-3C6D-A66F-E7E6FDED3587
-27.384804,27.788301,1,77F6B31E-B228-3C6D-A66F-E7E6FDED3587
-28.189007,26.695328,1,77F6B31E-B228-3C6D-A66F-E7E6FDED3587
-28.29295,26.560484,1,77F6B31E-B228-3C6D-A66F-E7E6FDED3587
-28.803267,25.744059,1,77F6B31E-B228-3C6D-A66F-E7E6FDED3587
6.884074,62.901634,1,77F6B31E-B228-3C6D-A66F-E7E6FDED3587
39.220078,-37.30383,0,7B8B31F4-FFC3-7A4E-3EAF-78D5CA8ACB61
39.16338,-37.321217,0,7B8B31F4-FFC3-7A4E-3EAF-78D5CA8ACB61
20.201939,-2.0599463,0,7B8B31F4-FFC3-7A4E-3EAF-78D5CA8ACB61
6.33776,9.620195,1,7B8B31F4-FFC3-7A4E-3EAF-78D5CA8ACB61
6.1531506,9.817304,1,7B8B31F4-FFC3-7A4E-3EAF-78D5CA8ACB61
5.981435,9.997309,1,7B8B31F4-FFC3-7A4E-3EAF-78D5CA8ACB61
7.0622625,-9.5375595,1,7B8B31F4-FFC3-7A4E-3EAF-78D5CA8ACB61
7.0462117,-9.551564,1,7B8B31F4-FFC3-7A4E-3EAF-78D5CA8ACB61
-5.472112,11.624359,2,7B8B31F4-FFC3-7A4E-3EAF-78D5CA8ACB61
-5.5759015,11.615942,2,7B8B31F4-FFC3-7A4E-3EAF-78D5CA8ACB61
-5.6588464,11.5554695,2,7B8B31F4-FFC3-7A4E-3EAF-78D5CA8ACB61
39.543346,17.09165,2,7B8B31F4-FFC3-7A4E-3EAF-78D5CA8ACB61
69.2125,11.792071,2,7B8B31F4-FFC3-7A4E-3EAF-78D5CA8ACB61
69.75925,11.670397,2,7B8B31F4-FFC3-7A4E-3EAF-78D5CA8ACB61
57.38051,-34.237244,0,7B8B31F4-FFC3-7A4E-3EAF-78D5CA8ACB61
35.13644,-45.900406,0,7B8B31F4-FFC3-7A4E-3EAF-78D5CA8ACB61
36.331646,-48.661358,0,7B8B31F4-FFC3-7A4E-3EAF-78D5CA8ACB61
36.397087,-48.884056,0,7B8B31F4-FFC3-7A4E-3EAF-78D5CA8ACB61
10.582321,-32.51493,0,7B8B31F4-FFC3-7A4E-3EAF-78D5CA8ACB61
-2.9422798,-33.56335,1,7B8B31F4-FFC3-7A4E-3EAF-78D5CA8ACB61
-42.700363,-5.3588705,1,7B8B31F4-FFC3-7A4E-3EAF-78D5CA8ACB61
-43.004417,-5.329688,1,7B8B31F4-FFC3-7A4E-3EAF-78D5CA8ACB61
-43.37148,-5.2865705,1,7B8B31F4-FFC3-7A4E-3EAF-78D5CA8ACB61
-43.61705,-5.238647,1,7B8B31F4-FFC3-7A4E-3EAF-78D5CA8ACB61
31.705414,27.587729,0,7DC9729F-BA27-3831-6078-F8508766396A
27.529823,10.159169,0,7DC9729F-BA27-3831-6078-F8508766396A
23.451195,17.196213,0,7DC9729F-BA27-3831-6078-F8508766396A
23.49696,17.140865,2,7DC9729F-BA27-3831-6078-F8508766396A
23.534714,17.104132,2,7DC9729F-BA27-3831-6078-F8508766396A
23.747116,16.931505,2,7DC9729F-BA27-3831-6078-F8508766396A
-3.6087606,-13.174451,2,7DC9729F-BA27-3831-6078-F8508766396A
-3.6946852,-13.538264,2,7DC9729F-BA27-3831-6078-F8508766396A
42.538517,-41.545826,0,7DC9729F-BA27-3831-6078-F8508766396A
51.48425,-41.693962,0,7DC9729F-BA27-3831-6078-F8508766396A
42.28968,-32.606354,0,7DC9729F-BA27-3831-6078-F8508766396A
66.62558,-6.609572,0,7DC9729F-BA27-3831-6078-F8508766396A
-51.0001,-45.437893,2,7DC9729F-BA27-3831-6078-F8508766396A
21.024857,51.254913,2,7DC9729F-BA27-3831-6078-F8508766396A
34.098675,36.021835,2,7DC9729F-BA27-3831-6078-F8508766396A
33.699146,32.856503,2,7DC9729F-BA27-3831-6078-F8508766396A
33.48278,32.689514,2,7DC9729F-BA27-3831-6078-F8508766396A
33.384018,32.565872,2,7DC9729F-BA27-3831-6078-F8508766396A
-16.730934,-12.875578,0,7DC9729F-BA27-3831-6078-F8508766396A
-16.90899,-12.8435755,0,7DC9729F-BA27-3831-6078-F8508766396A
-17.699791,-12.869583,0,7DC9729F-BA27-3831-6078-F8508766396A
-27.224976,-7.827983,2,7DC9729F-BA27-3831-6078-F8508766396A
-27.360773,-7.308633,2,7DC9729F-BA27-3831-6078-F8508766396A
-27.461063,-6.98459,2,7DC9729F-BA27-3831-6078-F8508766396A
-60.07698,-39.48041,1,7FB7C50A-30EA-A991-0C04-7FFA681B8803
-59.6889,-38.92964,1,7FB7C50A-30EA-A991-0C04-7FFA681B8803
-59.531593,-38.817333,1,7FB7C50A-30EA-A991-0C04-7FFA681B8803
-58.459938,-38.9799,1,7FB7C50A-30EA-A991-0C04-7FFA681B8803
-57.851288,-39.27113,1,7FB7C50A-30EA-A991-0C04-7FFA681B8803
-57.480347,-39.407097,1,7FB7C50A-30EA-A991-0C04-7FFA681B8803
16.27074,-45.67407,2,8322EDEF-4C09-318A-1B7E-56D62A6839AD
61.241608,-32.691395,2,8322EDEF-4C09-318A-1B7E-56D62A6839AD
61.298103,-32.751865,2,8322EDEF-4C09-318A-1B7E-56D62A6839AD
33.443573,-42.31713,0,8322EDEF-4C09-318A-1B7E-56D62A6839AD
5.041604,-29.106205,0,8322EDEF-4C09-318A-1B7E-56D62A6839AD
-37.70721,-5.8082194,0,8322EDEF-4C09-318A-1B7E-56D62A6839AD
63.887886,-34.816486,0,8322EDEF-4C09-318A-1B7E-56D62A6839AD
64.44871,-34.92951,0,8322EDEF-4C09-318A-1B7E-56D62A6839AD
64.58156,-34.94739,0,8322EDEF-4C09-318A-1B7E-56D62A6839AD
73.56293,7.9047914,0,8322EDEF-4C09-318A-1B7E-56D62A6839AD
67.212906,15.201448,2,8322EDEF-4C09-318A-1B7E-56D62A6839AD
25.542963,51.43461,2,8322EDEF-4C09-318A-1B7E-56D62A6839AD
-29.072506,13.985052,0,8322EDEF-4C09-318A-1B7E-56D62A6839AD
-58.67791,2.1349003,0,8322EDEF-4C09-318A-1B7E-56D62A6839AD
-58.69531,2.0528078,0,8322EDEF-4C09-318A-1B7E-56D62A6839AD
-58.44458,0.08257969,0,8322EDEF-4C09-318A-1B7E-56D62A6839AD
-58.680225,-0.2641406,2,8322EDEF-4C09-318A-1B7E-56D62A6839AD
-59.378525,-1.129706,2,8322EDEF-4C09-318A-1B7E-56D62A6839AD
-59.532154,-1.5475736,2,8322EDEF-4C09-318A-1B7E-56D62A6839AD
-59.642174,-3.27644,2,8322EDEF-4C09-318A-1B7E-56D62A6839AD
-59.718784,-3.5145981,2,8322EDEF-4C09-318A-1B7E-56D62A6839AD
-10.7513,46.277897,0,8322EDEF-4C09-318A-1B7E-56D62A6839AD
-49.528168,-17.703667,0,8322EDEF-4C09-318A-1B7E-56D62A6839AD
-25.588863,-16.255177,0,8322EDEF-4C09-318A-1B7E-56D62A6839AD
-52.057003,14.242515,1,8322EDEF-4C09-318A-1B7E-56D62A6839AD
-51.993603,14.046655,1,8322EDEF-4C09-318A-1B7E-56D62A6839AD
-52.04393,13.966077,1,8322EDEF-4C09-318A-1B7E-56D62A6839AD
-25.654108,38.099285,1,8322EDEF-4C09-318A-1B7E-56D62A6839AD
-26.778719,38.6598,1,8322EDEF-4C09-318A-1B7E-56D62A6839AD
-27.076004,38.93246,1,8322EDEF-4C09-318A-1B7E-56D62A6839AD
51.35964,-37.713703,1,8322EDEF-4C09-318A-1B7E-56D62A6839AD
51.28642,-44.17326,1,8322EDEF-4C09-318A-1B7E-56D62A6839AD
60.38763,0.21909271,1,8322EDEF-4C09-318A-1B7E-56D62A6839AD
60.54829,-0.15384498,1,8322EDEF-4C09-318A-1B7E-56D62A6839AD
55.058407,2.931607,1,8322EDEF-4C09-318A-1B7E-56D62A6839AD
14.685227,41.18008,1,8322EDEF-4C09-318A-1B7E-56D62A6839AD
-11.775327,-2.020905,0,8407F9C4-C295-8C95-C281-584AF2118F84
26.620104,11.9174185,0,8407F9C4-C295-8C95-C281-584AF2118F84
26.610855,12.171763,0,8407F9C4-C295-8C95-C281-584AF2118F84
26.785656,12.943058,0,8407F9C4-C295-8C95-C281-584AF2118F84
-24.401344,36.434994,0,8407F9C4-C295-8C95-C281-584AF2118F84
-24.118418,36.345436,0,8407F9C4-C295-8C95-C281-584AF2118F84
67.5277,-1.5115638,2,8407F9C4-C295-8C95-C281-584AF2118F84
59.41954,-2.2685134,2,8407F9C4-C295-8C95-C281-584AF2118F84
59.246662,-2.3332198,2,8407F9C4-C295-8C95-C281-584AF2118F84
58.879738,-2.3776765,0,8407F9C4-C295-8C95-C281-584AF2118F84
58.731686,-2.3797865,0,8407F9C4-C295-8C95-C281-584AF2118F84
15.727906,31.853062,0,8407F9C4-C295-8C95-C281-584AF2118F84
-35.756638,-9.944672,2,8407F9C4-C295-8C95-C281-584AF2118F84
-35.707935,-9.290094,2,8407F9C4-C295-8C95-C281-584AF2118F84
-35.713802,-9.194582,2,8407F9C4-C295-8C95-C281-584AF2118F84
5.738373,57.522457,2,8407F9C4-C295-8C95-C281-584AF2118F84
5.822583,57.600677,2,8407F9C4-C295-8C95-C281-584AF2118F84
-52.00325,4.859235,2,8407F9C4-C295-8C95-C281-584AF2118F84
-14.887165,-26.26488,0,85748DC9-A6DA-334D-6422-BF69EE06A98C
-15.218496,-26.266994,0,85748DC9-A6DA-334D-6422-BF69EE06A98C
-15.318561,-26.306675,0,85748DC9-A6DA-334D-6422-BF69EE06A98C
-15.931972,-26.03681,0,85748DC9-A6DA-334D-6422-BF69EE06A98C
4.405731,-18.729893,2,85748DC9-A6DA-334D-6422-BF69EE06A98C
21.660301,-3.1795864,2,85748DC9-A6DA-334D-6422-BF69EE06A98C
37.927334,-45.47937,0,85748DC9-A6DA-334D-6422-BF69EE06A98C
35.008087,-38.972015,0,85748DC9-A6DA-334D-6422-BF69EE06A98C
2.277418,-11.253572,0,85748DC9-A6DA-334D-6422-BF69EE06A98C
1.7872145,-11.851998,0,85748DC9-A6DA-334D-6422-BF69EE06A98C
1.8858354,-12.14367,0,85748DC9-A6DA-334D-6422-BF69EE06A98C
1.8556283,-12.140968,0,85748DC9-A6DA-334D-6422-BF69EE06A98C
60.81617,6.1468773,1,85748DC9-A6DA-334D-6422-BF69EE06A98C
6.194597,-30.316591,1,85748DC9-A6DA-334D-6422-BF69EE06A98C
-0.60670525,-32.09095,1,85748DC9-A6DA-334D-6422-BF69EE06A98C
-0.79979706,-32.778152,1,85748DC9-A6DA-334D-6422-BF69EE06A98C
-1.0918678,-32.87085,1,85748DC9-A6DA-334D-6422-BF69EE06A98C
-33.891678,2.7228851,1,85748DC9-A6DA-334D-6422-BF69EE06A98C
31.46438,37.887177,2,862DB2BA-55C9-5794-03BC-FBBA3BEE80C7
0.3149953,4.9429183,2,862DB2BA-55C9-5794-03BC-FBBA3BEE80C7
-16.041874,11.353562,2,862DB2BA-55C9-5794-03BC-FBBA3BEE80C7
-16.059395,11.359339,2,862DB2BA-55C9-5794-03BC-FBBA3BEE80C7
-33.078365,-2.4375505,2,862DB2BA-55C9-5794-03BC-FBBA3BEE80C7
-33.02971,-2.3690586,2,862DB2BA-55C9-5794-03BC-FBBA3BEE80C7
-27.983171,32.971256,0,862DB2BA-55C9-5794-03BC-FBBA3BEE80C7
-27.748549,33.10384,0,862DB2BA-55C9-5794-03BC-FBBA3BEE80C7
-27.658371,33.039284,0,862DB2BA-55C9-5794-03BC-FBBA3BEE80C7
-6.1955986,30.369326,0,862DB2BA-55C9-5794-03BC-FBBA3BEE80C7
58.897892,12.909163,0,862DB2BA-55C9-5794-03BC-FBBA3BEE80C7
69.25603,8.444409,0,862DB2BA-55C9-5794-03BC-FBBA3BEE80C7
11.176045,34.17942,1,862DB2BA-55C9-5794-03BC-FBBA3BEE80C7
10.972391,34.31484,1,862DB2BA-55C9-5794-03BC-FBBA3BEE80C7
-26.106579,4.127582,1,862DB2BA-55C9-5794-03BC-FBBA3BEE80C7
-46.26521,-14.72664,1,862DB2BA-55C9-5794-03BC-FBBA3BEE80C7
-46.432705,-14.608907,1,862DB2BA-55C9-5794-03BC-FBBA3BEE80C7
-46.91373,-13.711199,1,862DB2BA-55C9-5794-03BC-FBBA3BEE80C7
-1.6391199,-28.707708,0,8690E8B6-9B41-5F0E-C518-8F2D028C6690
-29.583073,-8.720857,0,8690E8B6-9B41-5F0E-C518-8F2D028C6690
-47.744396,-12.260139,0,8690E8B6-9B41-5F0E-C518-8F2D028C6690
-47.88195,-12.084889,0,8690E8B6-9B41-5F0E-C518-8F2D028C6690
-47.797207,-11.981796,0,8690E8B6-9B41-5F0E-C518-8F2D028C6690
-46.791054,-10.644942,0,8690E8B6-9B41-5F0E-C518-8F2D028C6690
-46.833466,-10.644059,0,8690E8B6-9B41-5F0E-C518-8F2D028C6690
-21.025492,14.736938,0,8690E8B6-9B41-5F0E-C518-8F2D028C6690
29.291296,37.475388,0,8690E8B6-9B41-5F0E-C518-8F2D028C6690
70.97625,0.15989776,0,8690E8B6-9B41-5F0E-C518-8F2D028C6690
63.22948,-34.74515,2,8690E8B6-9B41-5F0E-C518-8F2D028C6690
59.00236,-44.09048,2,8690E8B6-9B41-5F0E-C518-8F2D028C6690
-55.480812,-43.970226,2,8690E8B6-9B41-5F0E-C518-8F2D028C6690
5.911539,53.13843,2,8690E8B6-9B41-5F0E-C518-8F2D028C6690
-56.512936,-46.11197,2,8690E8B6-9B41-5F0E-C518-8F2D028C6690
-56.598324,-46.252464,1,8690E8B6-9B41-5F0E-C518-8F2D028C6690
-57.276382,-47.256393,0,8690E8B6-9B41-5F0E-C518-8F2D028C6690
-57.33482,-47.29026,0,8690E8B6-9B41-5F0E-C518-8F2D028C6690
-22.797018,-12.8801,2,8690E8B6-9B41-5F0E-C518-8F2D028C6690
-11.972761,-10.896527,2,8690E8B6-9B41-5F0E-C518-8F2D028C6690
-11.270775,-10.889676,2,8690E8B6-9B41-5F0E-C518-8F2D028C6690
8.523564,58.42727,2,8690E8B6-9B41-5F0E-C518-8F2D028C6690
-21.762915,32.5111,0,8690E8B6-9B41-5F0E-C518-8F2D028C6690
-21.72734,32.532906,0,8690E8B6-9B41-5F0E-C518-8F2D028C6690
16.487556,-45.65574,0,874A6B13-C999-C802-1138-FA198591D897
62.72332,-32.346462,2,874A6B13-C999-C802-1138-FA198591D897
62.987343,-31.902369,2,874A6B13-C999-C802-1138-FA198591D897
33.224884,-16.452461,2,874A6B13-C999-C802-1138-FA198591D897
21.722927,3.3572903,0,874A6B13-C999-C802-1138-FA198591D897
21.251284,3.7059803,0,874A6B13-C999-C802-1138-FA198591D897
-56.83939,-34.96921,1,874A6B13-C999-C802-1138-FA198591D897
5.4276195,39.517635,1,874A6B13-C999-C802-1138-FA198591D897
5.563968,39.46767,2,874A6B13-C999-C802-1138-FA198591D897
8.90924,37.993813,2,874A6B13-C999-C802-1138-FA198591D897
-58.483265,-5.3155,2,874A6B13-C999-C802-1138-FA198591D897
-58.52121,-5.3639946,2,874A6B13-C999-C802-1138-FA198591D897
-7.265754,-36.236916,1,874A6B13-C999-C802-1138-FA198591D897
-7.385446,-36.31782,2,874A6B13-C999-C802-1138-FA198591D897
8.497487,-40.3166,2,874A6B13-C999-C802-1138-FA198591D897
3.454275,-20.633942,2,874A6B13-C999-C802-1138-FA198591D897
2.6688595,-21.326345,2,874A6B13-C999-C802-1138-FA198591D897
2.335426,-21.699493,2,874A6B13-C999-C802-1138-FA198591D897
-16.459133,-39.186016,2,874A6B13-C999-C802-1138-FA198591D897
-16.410076,-39.316963,1,874A6B13-C999-C802-1138-FA198591D897
-16.13916,-41.190685,1,874A6B13-C999-C802-1138-FA198591D897
-15.6494665,-40.944572,2,874A6B13-C999-C802-1138-FA198591D897
-16.15345,-40.011913,2,874A6B13-C999-C802-1138-FA198591D897
0.22643942,-29.553343,2,874A6B13-C999-C802-1138-FA198591D897
-0.9916715,-30.094267,2,874A6B13-C999-C802-1138-FA198591D897
-0.9454709,-30.091593,2,874A6B13-C999-C802-1138-FA198591D897
-0.98185015,-30.106798,2,874A6B13-C999-C802-1138-FA198591D897
-15.969175,-33.86503,2,874A6B13-C999-C802-1138-FA198591D897
-15.959,-33.805664,2,874A6B13-C999-C802-1138-FA198591D897
-15.962246,-33.771267,2,874A6B13-C999-C802-1138-FA198591D897
-45.997482,-21.750597,2,874A6B13-C999-C802-1138-FA198591D897
-46.360924,-21.731043,2,874A6B13-C999-C802-1138-FA198591D897
-46.424526,-21.738018,2,874A6B13-C999-C802-1138-FA198591D897
-48.96981,13.884527,2,874A6B13-C999-C802-1138-FA198591D897
-49.045406,13.885009,2,874A6B13-C999-C802-1138-FA198591D897
-49.66095,14.091946,1,874A6B13-C999-C802-1138-FA198591D897
23.455397,45.58048,2,874A6B13-C999-C802-1138-FA198591D897
7.962265,31.037352,2,874A6B13-C999-C802-1138-FA198591D897
45.835175,14.454067,2,874A6B13-C999-C802-1138-FA198591D897
-55.122147,-21.690262,2,9268F759-54B0-96CC-C0F5-9D8DBAA12073
-48.579567,17.68855,2,9268F759-54B0-96CC-C0F5-9D8DBAA12073
-16.654875,54.074253,2,9268F759-54B0-96CC-C0F5-9D8DBAA12073
-3.5650752,47.028305,2,9268F759-54B0-96CC-C0F5-9D8DBAA12073
-3.4819632,46.92141,1,9268F759-54B0-96CC-C0F5-9D8DBAA12073
5.9426303,42.32439,1,9268F759-54B0-96CC-C0F5-9D8DBAA12073
-20.795847,35.98742,2,9268F759-54B0-96CC-C0F5-9D8DBAA12073
-40.998367,-24.854136,2,9268F759-54B0-96CC-C0F5-9D8DBAA12073
-40.956665,-24.932468,2,9268F759-54B0-96CC-C0F5-9D8DBAA12073
-40.65625,-25.122284,2,9268F759-54B0-96CC-C0F5-9D8DBAA12073
-40.269226,-25.295246,2,9268F759-54B0-96CC-C0F5-9D8DBAA12073
-39.685017,-25.483152,2,9268F759-54B0-96CC-C0F5-9D8DBAA12073
16.176792,-44.829895,0,94AA1B20-A5D9-F2B4-FD96-2F20A00FAE89
1.6440454,-35.159817,2,94AA1B20-A5D9-F2B4-FD96-2F20A00FAE89
1.3451874,-34.875282,2,94AA1B20-A5D9-F2B4-FD96-2F20A00FAE89
-26.356411,7.2979245,2,94AA1B20-A5D9-F2B4-FD96-2F20A00FAE89
-26.361654,7.3049526,2,94AA1B20-A5D9-F2B4-FD96-2F20A00FAE89
14.824852,25.251156,2,94AA1B20-A5D9-F2B4-FD96-2F20A00FAE89
15.437433,25.907661,0,94AA1B20-A5D9-F2B4-FD96-2F20A00FAE89
15.676245,26.02078,0,94AA1B20-A5D9-F2B4-FD96-2F20A00FAE89
31.321363,-14.680553,0,94AA1B20-A5D9-F2B4-FD96-2F20A00FAE89
64.46326,-31.643244,0,94AA1B20-A5D9-F2B4-FD96-2F20A00FAE89
64.639656,-31.53266,2,94AA1B20-A5D9-F2B4-FD96-2F20A00FAE89
70.87045,-4.6351724,2,94AA1B20-A5D9-F2B4-FD96-2F20A00FAE89
37.010437,32.59829,2,94AA1B20-A5D9-F2B4-FD96-2F20A00FAE89
36.45475,32.563812,1,94AA1B20-A5D9-F2B4-FD96-2F20A00FAE89
36.436752,32.521328,1,94AA1B20-A5D9-F2B4-FD96-2F20A00FAE89
36.36857,32.49034,1,94AA1B20-A5D9-F2B4-FD96-2F20A00FAE89
34.12959,-2.67511,0,94AA1B20-A5D9-F2B4-FD96-2F20A00FAE89
34.875496,-11.710561,0,94AA1B20-A5D9-F2B4-FD96-2F20A00FAE89
21.518917,48.956917,2,96B78431-4166-E4D3-2AA2-15BE2512E1D6
52.373596,14.78165,2,96B78431-4166-E4D3-2AA2-15BE2512E1D6
52.44289,14.790401,2,96B78431-4166-E4D3-2AA2-15BE2512E1D6
1.8491379,33.827435,2,96B78431-4166-E4D3-2AA2-15BE2512E1D6
0.89402866,34.810234,2,96B78431-4166-E4D3-2AA2-15BE2512E1D6
0.91225594,34.870518,2,96B78431-4166-E4D3-2AA2-15BE2512E1D6
-39.168488,22.796537,1,96B78431-4166-E4D3-2AA2-15BE2512E1D6
-39.621975,22.889929,1,96B78431-4166-E4D3-2AA2-15BE2512E1D6
-39.879463,22.939396,1,96B78431-4166-E4D3-2AA2-15BE2512E1D6
-40.03232,22.971643,1,96B78431-4166-E4D3-2AA2-15BE2512E1D6
-19.284819,23.981974,1,96B78431-4166-E4D3-2AA2-15BE2512E1D6
-19.229294,23.95439,1,96B78431-4166-E4D3-2AA2-15BE2512E1D6
10.367024,39.346676,1,96B78431-4166-E4D3-2AA2-15BE2512E1D6
10.279509,40.02015,1,96B78431-4166-E4D3-2AA2-15BE2512E1D6
10.058546,40.66176,1,96B78431-4166-E4D3-2AA2-15BE2512E1D6
25.25152,49.83828,1,96B78431-4166-E4D3-2AA2-15BE2512E1D6
54.649517,12.745918,1,96B78431-4166-E4D3-2AA2-15BE2512E1D6
54.68652,12.560779,1,96B78431-4166-E4D3-2AA2-15BE2512E1D6
55.13123,11.868787,1,96B78431-4166-E4D3-2AA2-15BE2512E1D6
21.634077,27.876026,1,96B78431-4166-E4D3-2AA2-15BE2512E1D6
20.55933,28.65946,1,96B78431-4166-E4D3-2AA2-15BE2512E1D6
20.307045,28.855116,1,96B78431-4166-E4D3-2AA2-15BE2512E1D6
-50.125546,-19.797241,1,96B78431-4166-E4D3-2AA2-15BE2512E1D6
-19.010996,-12.8587475,1,96B78431-4166-E4D3-2AA2-15BE2512E1D6
15.976178,-45.76409,1,99827717-1B21-7ECC-CAD1-99489F7E19EA
60.61943,-6.836869,1,99827717-1B21-7ECC-CAD1-99489F7E19EA
50.258575,2.6916797,1,99827717-1B21-7ECC-CAD1-99489F7E19EA
48.926086,15.073471,1,99827717-1B21-7ECC-CAD1-99489F7E19EA
15.903267,48.845753,1,99827717-1B21-7ECC-CAD1-99489F7E19EA
-4.5681415,60.84237,1,99827717-1B21-7ECC-CAD1-99489F7E19EA
7.0195956,59.751884,2,99827717-1B21-7ECC-CAD1-99489F7E19EA
7.034113,59.78987,2,99827717-1B21-7ECC-CAD1-99489F7E19EA
-52.67251,-45.079514,2,99827717-1B21-7ECC-CAD1-99489F7E19EA
-45.7054,-46.313637,2,99827717-1B21-7ECC-CAD1-99489F7E19EA
-35.214386,-4.9306045,2,99827717-1B21-7ECC-CAD1-99489F7E19EA
-52.242294,-13.871596,2,99827717-1B21-7ECC-CAD1-99489F7E19EA
-45.740326,-44.9853,1,99827717-1B21-7ECC-CAD1-99489F7E19EA
-8.252817,9.201298,2,99827717-1B21-7ECC-CAD1-99489F7E19EA
-5.974879,-23.472694,2,99827717-1B21-7ECC-CAD1-99489F7E19EA
-5.281344,-23.86347,2,99827717-1B21-7ECC-CAD1-99489F7E19EA
-5.9650683,-23.340824,2,99827717-1B21-7ECC-CAD1-99489F7E19EA
-6.19844,-22.815208,2,99827717-1B21-7ECC-CAD1-99489F7E19EA
-20.813112,37.930264,0,99C0C5AE-01AD-1BB2-A36B-74B166CB26BA
-20.46273,38.394745,0,99C0C5AE-01AD-1BB2-A36B-74B166CB26BA
-20.282839,38.576443,0,99C0C5AE-01AD-1BB2-A36B-74B166CB26BA
27.421843,28.75669,1,99C0C5AE-01AD-1BB2-A36B-74B166CB26BA
27.866682,-11.8213215,1,99C0C5AE-01AD-1BB2-A36B-74B166CB26BA
49.17578,-39.713543,1,99C0C5AE-01AD-1BB2-A36B-74B166CB26BA
49.28193,-39.761005,1,99C0C5AE-01AD-1BB2-A36B-74B166CB26BA
49.847145,-40.549477,2,99C0C5AE-01AD-1BB2-A36B-74B166CB26BA
50.014534,-40.130844,2,99C0C5AE-01AD-1BB2-A36B-74B166CB26BA
48.56707,-33.042442,0,99C0C5AE-01AD-1BB2-A36B-74B166CB26BA
69.42568,-7.0541153,0,99C0C5AE-01AD-1BB2-A36B-74B166CB26BA
28.948648,32.379025,0,99C0C5AE-01AD-1BB2-A36B-74B166CB26BA
25.495502,37.61294,0,99C0C5AE-01AD-1BB2-A36B-74B166CB26BA
25.378061,37.76391,0,99C0C5AE-01AD-1BB2-A36B-74B166CB26BA
2.4187133,52.75998,0,99C0C5AE-01AD-1BB2-A36B-74B166CB26BA
2.3340225,52.86209,1,99C0C5AE-01AD-1BB2-A36B-74B166CB26BA
-47.79486,2.6988585,1,99C0C5AE-01AD-1BB2-A36B-74B166CB26BA
-47.860516,2.7429547,1,99C0C5AE-01AD-1BB2-A36B-74B166CB26BA
-39.136505,-10.2906,2,99C0C5AE-01AD-1BB2-A36B-74B166CB26BA
-39.190884,-10.297527,2,99C0C5AE-01AD-1BB2-A36B-74B166CB26BA
-39.50798,-10.311766,1,99C0C5AE-01AD-1BB2-A36B-74B166CB26BA
-8.271365,15.615689,1,99C0C5AE-01AD-1BB2-A36B-74B166CB26BA
-7.482972,15.547441,1,99C0C5AE-01AD-1BB2-A36B-74B166CB26BA
-7.2870812,15.50422,1,99C0C5AE-01AD-1BB2-A36B-74B166CB26BA
12.666973,-27.261602,1,99C0C5AE-01AD-1BB2-A36B-74B166CB26BA
-9.905167,9.339455,1,99C0C5AE-01AD-1BB2-A36B-74B166CB26BA
-63.542454,-12.84498,1,99C0C5AE-01AD-1BB2-A36B-74B166CB26BA
-63.324757,-12.760722,1,99C0C5AE-01AD-1BB2-A36B-74B166CB26BA
-63.0012,-12.623421,1,99C0C5AE-01AD-1BB2-A36B-74B166CB26BA
-62.661686,-12.486675,1,99C0C5AE-01AD-1BB2-A36B-74B166CB26BA
7.0032287,37.83872,2,99C0C5AE-01AD-1BB2-A36B-74B166CB26BA
-12.07626,28.166628,1,99C0C5AE-01AD-1BB2-A36B-74B166CB26BA
-12.072153,28.162565,1,99C0C5AE-01AD-1BB2-A36B-74B166CB26BA
57.187523,-4.540912,2,9A80CFF4-085D-6435-BA08-18E6496A8381
57.338085,-4.5674305,2,9A80CFF4-085D-6435-BA08-18E6496A8381
57.36319,-4.567606,0,9A80CFF4-085D-6435-BA08-18E6496A8381
57.98133,-4.8255615,0,9A80CFF4-085D-6435-BA08-18E6496A8381
54.450394,1.4376999,0,9A80CFF4-085D-6435-BA08-18E6496A8381
28.74231,35.677113,0,9A80CFF4-085D-6435-BA08-18E6496A8381
38.950264,-13.784791,2,9C694EBE-9421-F45A-ED92-F521991A6A52
55.450035,-37.3982,0,9C694EBE-9421-F45A-ED92-F521991A6A52
55.272118,-37.63531,0,9C694EBE-9421-F45A-ED92-F521991A6A52
54.155525,-37.46333,0,9C694EBE-9421-F45A-ED92-F521991A6A52
55.498398,-38.027504,0,9C694EBE-9421-F45A-ED92-F521991A6A52
45.757988,-29.848059,1,9C694EBE-9421-F45A-ED92-F521991A6A52
-26.975338,-12.55401,2,9C694EBE-9421-F45A-ED92-F521991A6A52
-27.19209,-13.068583,2,9C694EBE-9421-F45A-ED92-F521991A6A52
-27.502226,-13.558594,2,9C694EBE-9421-F45A-ED92-F521991A6A52
-27.746016,-13.793004,2,9C694EBE-9421-F45A-ED92-F521991A6A52
-29.14144,-15.054522,2,9C694EBE-9421-F45A-ED92-F521991A6A52
-29.154255,-15.064889,2,9C694EBE-9421-F45A-ED92-F521991A6A52
-11.0220175,56.08644,2,9C694EBE-9421-F45A-ED92-F521991A6A52
-10.952416,56.151863,2,9C694EBE-9421-F45A-ED92-F521991A6A52
-10.277994,56.751102,2,9C694EBE-9421-F45A-ED92-F521991A6A52
1.9426168,58.45047,2,9C694EBE-9421-F45A-ED92-F521991A6A52
2.161865,58.264355,2,9C694EBE-9421-F45A-ED92-F521991A6A52
2.4103425,57.96677,2,9C694EBE-9421-F45A-ED92-F521991A6A52
-59.02988,-31.834906,2,9C694EBE-9421-F45A-ED92-F521991A6A52
-59.28916,-32.53444,2,9C694EBE-9421-F45A-ED92-F521991A6A52
-8.831511,53.545967,0,9C694EBE-9421-F45A-ED92-F521991A6A52
-9.018938,53.708412,0,9C694EBE-9421-F45A-ED92-F521991A6A52
-9.142421,54.012375,2,9C694EBE-9421-F45A-ED92-F521991A6A52
-9.117067,54.215984,2,9C694EBE-9421-F45A-ED92-F521991A6A52
-29.24632,22.187702,2,9C694EBE-9421-F45A-ED92-F521991A6A52
-0.7856774,29.919374,2,9C694EBE-9421-F45A-ED92-F521991A6A52
-0.7789231,29.927078,2,9C694EBE-9421-F45A-ED92-F521991A6A52
0.25882262,28.874388,2,9C694EBE-9421-F45A-ED92-F521991A6A52
64.966576,10.577779,0,9C694EBE-9421-F45A-ED92-F521991A6A52
43.860966,-35.277325,0,9C694EBE-9421-F45A-ED92-F521991A6A52
50.839256,-33.487576,0,9C694EBE-9421-F45A-ED92-F521991A6A52
51.08156,-33.60634,0,9C694EBE-9421-F45A-ED92-F521991A6A52
51.3682,-34.183186,0,9C694EBE-9421-F45A-ED92-F521991A6A52
51.83155,-34.937233,0,9C694EBE-9421-F45A-ED92-F521991A6A52
68.10171,-4.6622963,0,9C694EBE-9421-F45A-ED92-F521991A6A52
67.95427,-4.886887,0,9C694EBE-9421-F45A-ED92-F521991A6A52
-42.796776,19.49224,2,9E6EBCE2-44FB-8F07-4135-E91140B34096
-56.4629,2.7143826,2,9E6EBCE2-44FB-8F07-4135-E91140B34096
-56.349293,2.5727468,2,9E6EBCE2-44FB-8F07-4135-E91140B34096
-55.67808,2.2418537,2,9E6EBCE2-44FB-8F07-4135-E91140B34096
-55.522778,2.1185381,2,9E6EBCE2-44FB-8F07-4135-E91140B34096
-51.197876,2.5747457,2,9E6EBCE2-44FB-8F07-4135-E91140B34096
-44.75993,-10.125283,2,9E6EBCE2-44FB-8F07-4135-E91140B34096
-44.759132,-10.052834,2,9E6EBCE2-44FB-8F07-4135-E91140B34096
-23.609684,15.231214,2,9E6EBCE2-44FB-8F07-4135-E91140B34096
-23.552013,15.202506,2,9E6EBCE2-44FB-8F07-4135-E91140B34096
-23.731987,14.140011,2,9E6EBCE2-44FB-8F07-4135-E91140B34096
-45.27774,-7.3511724,2,9E6EBCE2-44FB-8F07-4135-E91140B34096
-47.3862,6.1448445,1,9E6EBCE2-44FB-8F07-4135-E91140B34096
-47.419624,6.1162577,1,9E6EBCE2-44FB-8F07-4135-E91140B34096
-57.077526,0.949188,1,9E6EBCE2-44FB-8F07-4135-E91140B34096
-54.515945,-7.652012,1,9E6EBCE2-44FB-8F07-4135-E91140B34096
-36.873074,-2.7546508,1,9E6EBCE2-44FB-8F07-4135-E91140B34096
-36.82777,-2.7619002,1,9E6EBCE2-44FB-8F07-4135-E91140B34096
-46.065342,-38.52363,2,9E6EBCE2-44FB-8F07-4135-E91140B34096
-46.23341,-38.491142,2,9E6EBCE2-44FB-8F07-4135-E91140B34096
-46.326885,-38.415455,2,9E6EBCE2-44FB-8F07-4135-E91140B34096
-46.41728,-36.97707,2,9E6EBCE2-44FB-8F07-4135-E91140B34096
-45.918186,-36.464775,2,9E6EBCE2-44FB-8F07-4135-E91140B34096
-45.20532,-36.1895,2,9E6EBCE2-44FB-8F07-4135-E91140B34096
43.323807,34.388474,0,A135AF2A-692D-9C83-AB54-34F977E4D14D
63.02392,-31.269518,0,A135AF2A-692D-9C83-AB54-34F977E4D14D
63.207638,-30.574907,0,A135AF2A-692D-9C83-AB54-34F977E4D14D
26.035131,52.834732,2,A135AF2A-692D-9C83-AB54-34F977E4D14D
26.044983,52.838856,2,A135AF2A-692D-9C83-AB54-34F977E4D14D
26.052265,52.850918,2,A135AF2A-692D-9C83-AB54-34F977E4D14D
32.850338,-44.60083,2,A135AF2A-692D-9C83-AB54-34F977E4D14D
31.684113,-39.17248,2,A135AF2A-692D-9C83-AB54-34F977E4D14D
13.873552,-39.358727,2,A135AF2A-692D-9C83-AB54-34F977E4D14D
1.5993899,-16.085464,2,A135AF2A-692D-9C83-AB54-34F977E4D14D
-15.823946,-12.4284,2,A135AF2A-692D-9C83-AB54-34F977E4D14D
-31.48317,-13.630405,2,A135AF2A-692D-9C83-AB54-34F977E4D14D
11.317394,55.963577,0,A135AF2A-692D-9C83-AB54-34F977E4D14D
11.222262,55.630142,0,A135AF2A-692D-9C83-AB54-34F977E4D14D
11.270587,55.263504,1,A135AF2A-692D-9C83-AB54-34F977E4D14D
11.571556,54.526386,2,A135AF2A-692D-9C83-AB54-34F977E4D14D
13.928779,51.3962,2,A135AF2A-692D-9C83-AB54-34F977E4D14D
13.934864,51.367535,2,A135AF2A-692D-9C83-AB54-34F977E4D14D
-20.019344,-20.977058,0,A135AF2A-692D-9C83-AB54-34F977E4D14D
37.834152,20.04718,0,A135AF2A-692D-9C83-AB54-34F977E4D14D
70.619484,7.935052,0,A135AF2A-692D-9C83-AB54-34F977E4D14D
56.335842,-41.09695,0,A135AF2A-692D-9C83-AB54-34F977E4D14D
27.479523,2.221971,0,A135AF2A-692D-9C83-AB54-34F977E4D14D
6.5472035,-3.019693,0,A135AF2A-692D-9C83-AB54-34F977E4D14D
6.47702,-3.1027603,0,A135AF2A-692D-9C83-AB54-34F977E4D14D
-30.675468,16.277388,1,A135AF2A-692D-9C83-AB54-34F977E4D14D
-30.67543,16.278204,1,A135AF2A-692D-9C83-AB54-34F977E4D14D
-7.156099,61.074024,2,A43E8D46-F136-DB41-3E16-F9F161DBA1D6
-7.238008,61.008347,2,A43E8D46-F136-DB41-3E16-F9F161DBA1D6
-7.4360967,60.748825,2,A43E8D46-F136-DB41-3E16-F9F161DBA1D6
-7.652032,59.70736,0,A43E8D46-F136-DB41-3E16-F9F161DBA1D6
-7.466399,58.92001,0,A43E8D46-F136-DB41-3E16-F9F161DBA1D6
-23.075306,38.84437,0,A43E8D46-F136-DB41-3E16-F9F161DBA1D6
-48.01325,17.399395,1,A43E8D46-F136-DB41-3E16-F9F161DBA1D6
-47.92667,17.383839,1,A43E8D46-F136-DB41-3E16-F9F161DBA1D6
8.822967,-15.136332,0,A4D472BD-7D7D-0E62-8837-716018980593
21.15177,-0.15598318,0,A4D472BD-7D7D-0E62-8837-716018980593
20.972733,0.010406785,0,A4D472BD-7D7D-0E62-8837-716018980593
3.2049065,47.09325,0,A4D472BD-7D7D-0E62-8837-716018980593
3.3282132,47.197487,0,A4D472BD-7D7D-0E62-8837-716018980593
3.8860083,47.57528,0,A4D472BD-7D7D-0E62-8837-716018980593
-21.28532,12.31911,0,A4D472BD-7D7D-0E62-8837-716018980593
-53.02579,3.2804453,0,A4D472BD-7D7D-0E62-8837-716018980593
-53.322926,3.0685961,0,A4D472BD-7D7D-0E62-8837-716018980593
-53.780975,2.590291,0,A4D472BD-7D7D-0E62-8837-716018980593
-53.80266,2.2734594,0,A4D472BD-7D7D-0E62-8837-716018980593
-53.594395,2.0919776,0,A4D472BD-7D7D-0E62-8837-716018980593
-54.10459,0.25522634,0,A4D472BD-7D7D-0E62-8837-716018980593
-53.952892,0.015871994,0,A4D472BD-7D7D-0E62-8837-716018980593
-52.782265,-0.90562695,0,A4D472BD-7D7D-0E62-8837-716018980593
-52.494408,-1.4085935,0,A4D472BD-7D7D-0E62-8837-716018980593
-52.28378,-1.8608035,0,A4D472BD-7D7D-0E62-8837-716018980593
-16.711817,-11.50051,0,A4D472BD-7D7D-0E62-8837-716018980593
23.953918,11.688546,0,A4D472BD-7D7D-0E62-8837-716018980593
14.320227,58.443306,0,A4D472BD-7D7D-0E62-8837-716018980593
14.608166,57.49994,0,A4D472BD-7D7D-0E62-8837-716018980593
14.60662,57.364887,0,A4D472BD-7D7D-0E62-8837-716018980593
13.406739,57.882088,0,A4D472BD-7D7D-0E62-8837-716018980593
12.827136,58.128536,0,A4D472BD-7D7D-0E62-8837-716018980593
-32.613026,-6.2741594,1,A4D472BD-7D7D-0E62-8837-716018980593
-32.49887,-6.6598845,1,A4D472BD-7D7D-0E62-8837-716018980593
-32.406395,-7.1628227,1,A4D472BD-7D7D-0E62-8837-716018980593
-5.171043,-11.3735285,1,A4D472BD-7D7D-0E62-8837-716018980593
-5.2252073,-11.291965,1,A4D472BD-7D7D-0E62-8837-716018980593
-54.44758,-7.593402,1,A4D472BD-7D7D-0E62-8837-716018980593
-19.018032,16.006859,2,A7C426E7-344F-99F4-6E35-453AF3AD9C2C
-18.973883,16.016762,2,A7C426E7-344F-99F4-6E35-453AF3AD9C2C
34.023876,37.13885,2,A7C426E7-344F-99F4-6E35-453AF3AD9C2C
34.043972,36.887173,2,A7C426E7-344F-99F4-6E35-453AF3AD9C2C
69.13068,10.258407,2,A7C426E7-344F-99F4-6E35-453AF3AD9C2C
34.60872,-14.560199,2,A7C426E7-344F-99F4-6E35-453AF3AD9C2C
35.15002,-14.576509,2,A7C426E7-344F-99F4-6E35-453AF3AD9C2C
23.848969,-7.5226736,1,A7C426E7-344F-99F4-6E35-453AF3AD9C2C
21.855932,-6.1320286,1,A7C426E7-344F-99F4-6E35-453AF3AD9C2C
14.870457,-5.039812,1,A7C426E7-344F-99F4-6E35-453AF3AD9C2C
14.885838,-4.92182,1,A7C426E7-344F-99F4-6E35-453AF3AD9C2C
13.146216,-3.3980782,1,A7C426E7-344F-99F4-6E35-453AF3AD9C2C
-55.10583,-33.6877,2,A7C426E7-344F-99F4-6E35-453AF3AD9C2C
-54.974617,-33.697426,2,A7C426E7-344F-99F4-6E35-453AF3AD9C2C
-54.08526,-33.881844,2,A7C426E7-344F-99F4-6E35-453AF3AD9C2C
-47.551884,-37.075096,2,A7C426E7-344F-99F4-6E35-453AF3AD9C2C
-32.988495,-4.2165527,2,A7C426E7-344F-99F4-6E35-453AF3AD9C2C
-32.902897,-4.320822,2,A7C426E7-344F-99F4-6E35-453AF3AD9C2C
-42.782646,-11.580563,2,A7C426E7-344F-99F4-6E35-453AF3AD9C2C
-42.52063,-11.580643,2,A7C426E7-344F-99F4-6E35-453AF3AD9C2C
-42.38719,-11.648296,2,A7C426E7-344F-99F4-6E35-453AF3AD9C2C
-41.496704,-12.389334,2,A7C426E7-344F-99F4-6E35-453AF3AD9C2C
-13.464392,34.93715,2,A7C426E7-344F-99F4-6E35-453AF3AD9C2C
-13.474304,34.931355,2,A7C426E7-344F-99F4-6E35-453AF3AD9C2C
-22.877245,35.371223,2,AB9921A8-F143-E101-6A47-E66882F571B2
-50.594955,-41.126183,2,AB9921A8-F143-E101-6A47-E66882F571B2
-50.344463,-40.476463,2,AB9921A8-F143-E101-6A47-E66882F571B2
-50.118206,-40.149025,0,AB9921A8-F143-E101-6A47-E66882F571B2
-30.658785,-45.66979,1,AB9921A8-F143-E101-6A47-E66882F571B2
-32.176746,-48.109497,1,AB9921A8-F143-E101-6A47-E66882F571B2
-4.043137,-30.900175,2,AB9921A8-F143-E101-6A47-E66882F571B2
-3.8892016,-30.812132,2,AB9921A8-F143-E101-6A47-E66882F571B2
-17.342236,-40.05389,2,AB9921A8-F143-E101-6A47-E66882F571B2
-27.800045,-38.76196,2,AB9921A8-F143-E101-6A47-E66882F571B2
-28.027996,-38.738255,2,AB9921A8-F143-E101-6A47-E66882F571B2
-28.487816,-38.6862,2,AB9921A8-F143-E101-6A47-E66882F571B2
17.965773,9.334221,0,AB9921A8-F143-E101-6A47-E66882F571B2
18.022167,9.53942,0,AB9921A8-F143-E101-6A47-E66882F571B2
-56.352726,-1.6642818,0,AB9921A8-F143-E101-6A47-E66882F571B2
-56.64236,-1.9861685,0,AB9921A8-F143-E101-6A47-E66882F571B2
-56.89013,-2.2316434,1,AB9921A8-F143-E101-6A47-E66882F571B2
-57.439754,-2.694707,1,AB9921A8-F143-E101-6A47-E66882F571B2
8.710537,48.40763,2,AB9921A8-F143-E101-6A47-E66882F571B2
8.681971,48.39281,2,AB9921A8-F143-E101-6A47-E66882F571B2
13.551029,55.192387,1,AB9921A8-F143-E101-6A47-E66882F571B2
7.078947,46.456734,1,AB9921A8-F143-E101-6A47-E66882F571B2
-48.15875,-31.061745,1,AB9921A8-F143-E101-6A47-E66882F571B2
-48.106827,-31.108603,1,AB9921A8-F143-E101-6A47-E66882F571B2
17.1708,21.669466,1,AB9921A8-F143-E101-6A47-E66882F571B2
17.14081,21.624903,1,AB9921A8-F143-E101-6A47-E66882F571B2
-18.033386,50.966938,2,B06410CC-D778-33B2-B1FD-A828EE4AF413
-18.524239,50.496914,1,B06410CC-D778-33B2-B1FD-A828EE4AF413
-18.656591,50.35818,1,B06410CC-D778-33B2-B1FD-A828EE4AF413
-16.044382,34.886322,2,B06410CC-D778-33B2-B1FD-A828EE4AF413
7.464272,36.166695,2,B06410CC-D778-33B2-B1FD-A828EE4AF413
53.57119,7.4851165,0,B06410CC-D778-33B2-B1FD-A828EE4AF413
26.507423,3.2108169,2,B06410CC-D778-33B2-B1FD-A828EE4AF413
21.892344,56.037754,2,B06410CC-D778-33B2-B1FD-A828EE4AF413
6.3752427,65.69402,2,B06410CC-D778-33B2-B1FD-A828EE4AF413
6.2657313,65.725494,2,B06410CC-D778-33B2-B1FD-A828EE4AF413
-5.8676863,57.57841,2,B06410CC-D778-33B2-B1FD-A828EE4AF413
-65.18782,-22.411568,2,B06410CC-D778-33B2-B1FD-A828EE4AF413
-21.358084,20.365376,1,B06410CC-D778-33B2-B1FD-A828EE4AF413
-21.132572,20.191837,1,B06410CC-D778-33B2-B1FD-A828EE4AF413
-19.832142,20.19957,2,B06410CC-D778-33B2-B1FD-A828EE4AF413
-19.05205,20.382904,2,B06410CC-D778-33B2-B1FD-A828EE4AF413
-18.998436,20.389881,0,B06410CC-D778-33B2-B1FD-A828EE4AF413
14.14262,-6.162515,0,B06410CC-D778-33B2-B1FD-A828EE4AF413
32.4852,40.742435,1,B17DF37B-207D-A052-4D45-F862B3BF4C4C
32.42976,40.747433,1,B17DF37B-207D-A052-4D45-F862B3BF4C4C
8.315833,38.848537,1,B17DF37B-207D-A052-4D45-F862B3BF4C4C
8.063893,38.75386,1,B17DF37B-207D-A052-4D45-F862B3BF4C4C
7.6605973,38.904617,1,B17DF37B-207D-A052-4D45-F862B3BF4C4C
7.427584,38.818142,1,B17DF37B-207D-A052-4D45-F862B3BF4C4C
-29.727205,-35.068356,0,B17DF37B-207D-A052-4D45-F862B3BF4C4C
-29.462194,-35.81152,0,B17DF37B-207D-A052-4D45-F862B3BF4C4C
-29.348446,-35.86716,0,B17DF37B-207D-A052-4D45-F862B3BF4C4C
-36.625362,-31.30723,1,B17DF37B-207D-A052-4D45-F862B3BF4C4C
-38.326336,-5.804441,1,B17DF37B-207D-A052-4D45-F862B3BF4C4C
-38.512897,-5.7600265,1,B17DF37B-207D-A052-4D45-F862B3BF4C4C
-53.43993,-21.810812,0,B17DF37B-207D-A052-4D45-F862B3BF4C4C
-40.931145,12.02109,0,B17DF37B-207D-A052-4D45-F862B3BF4C4C
-40.905396,12.0895815,0,B17DF37B-207D-A052-4D45-F862B3BF4C4C
-40.926376,12.068458,0,B17DF37B-207D-A052-4D45-F862B3BF4C4C
11.832439,59.519848,2,B17DF37B-207D-A052-4D45-F862B3BF4C4C
12.449131,59.328766,2,B17DF37B-207D-A052-4D45-F862B3BF4C4C
-9.421483,45.83352,2,B2EE7EC5-4E5B-EBDD-E0EB-AF758B95C36A
-8.6808605,45.279045,2,B2EE7EC5-4E5B-EBDD-E0EB-AF758B95C36A
-7.8998456,44.89408,1,B2EE7EC5-4E5B-EBDD-E0EB-AF758B95C36A
-7.614064,44.743565,1,B2EE7EC5-4E5B-EBDD-E0EB-AF758B95C36A
12.2156315,28.48102,0,B2EE7EC5-4E5B-EBDD-E0EB-AF758B95C36A
58.39802,-0.88436455,0,B2EE7EC5-4E5B-EBDD-E0EB-AF758B95C36A
23.951187,47.666077,1,B2EE7EC5-4E5B-EBDD-E0EB-AF758B95C36A
23.95375,47.62181,1,B2EE7EC5-4E5B-EBDD-E0EB-AF758B95C36A
38.677902,36.991695,1,B2EE7EC5-4E5B-EBDD-E0EB-AF758B95C36A
38.82144,36.634155,1,B2EE7EC5-4E5B-EBDD-E0EB-AF758B95C36A
69.07195,-1.2054532,1,B2EE7EC5-4E5B-EBDD-E0EB-AF758B95C36A
68.94287,-0.44052216,1,B2EE7EC5-4E5B-EBDD-E0EB-AF758B95C36A
68.792816,-0.14954185,1,B2EE7EC5-4E5B-EBDD-E0EB-AF758B95C36A
68.48893,0.5115146,1,B2EE7EC5-4E5B-EBDD-E0EB-AF758B95C36A
68.35054,1.3183861,1,B2EE7EC5-4E5B-EBDD-E0EB-AF758B95C36A
68.28042,1.4636259,1,B2EE7EC5-4E5B-EBDD-E0EB-AF758B95C36A
31.394009,41.572186,1,B2EE7EC5-4E5B-EBDD-E0EB-AF758B95C36A
30.797293,41.69267,1,B2EE7EC5-4E5B-EBDD-E0EB-AF758B95C36A
13.050052,-28.314116,1,B2EE7EC5-4E5B-EBDD-E0EB-AF758B95C36A
13.042154,-28.299026,1,B2EE7EC5-4E5B-EBDD-E0EB-AF758B95C36A
13.016592,-28.453503,1,B2EE7EC5-4E5B-EBDD-E0EB-AF758B95C36A
65.366974,7.8192654,2,B2EE7EC5-4E5B-EBDD-E0EB-AF758B95C36A
65.34976,7.779583,2,B2EE7EC5-4E5B-EBDD-E0EB-AF758B95C36A
48.66596,-30.798082,2,B2EE7EC5-4E5B-EBDD-E0EB-AF758B95C36A
-0.4316142,-11.300456,2,B2EE7EC5-4E5B-EBDD-E0EB-AF758B95C36A
0.024234593,-12.40115,2,B2EE7EC5-4E5B-EBDD-E0EB-AF758B95C36A
-0.039813712,-12.501735,2,B2EE7EC5-4E5B-EBDD-E0EB-AF758B95C36A
-2.2413986,11.275273,2,B2EE7EC5-4E5B-EBDD-E0EB-AF758B95C36A
-2.183081,11.288555,2,B2EE7EC5-4E5B-EBDD-E0EB-AF758B95C36A
9.896606,32.95364,2,B2EE7EC5-4E5B-EBDD-E0EB-AF758B95C36A
19.828161,53.58622,2,B3CE5256-6F65-85EB-0078-689BD5CC1B17
20.0732,53.47455,0,B3CE5256-6F65-85EB-0078-689BD5CC1B17
20.446386,53.512466,0,B3CE5256-6F65-85EB-0078-689BD5CC1B17
61.635227,-38.549625,0,B3CE5256-6F65-85EB-0078-689BD5CC1B17
61.63011,-38.624523,0,B3CE5256-6F65-85EB-0078-689BD5CC1B17
61.135445,-39.20812,0,B3CE5256-6F65-85EB-0078-689BD5CC1B17
60.24583,-40.088566,0,B3CE5256-6F65-85EB-0078-689BD5CC1B17
59.20729,-41.44142,0,B3CE5256-6F65-85EB-0078-689BD5CC1B17
58.911957,-42.146347,1,B3CE5256-6F65-85EB-0078-689BD5CC1B17
58.401752,-42.673866,1,B3CE5256-6F65-85EB-0078-689BD5CC1B17
41.04628,29.340761,2,B3CE5256-6F65-85EB-0078-689BD5CC1B17
40.99542,29.34117,2,B3CE5256-6F65-85EB-0078-689BD5CC1B17
-1.0226313,60.805824,2,B3CE5256-6F65-85EB-0078-689BD5CC1B17
-0.8245562,60.576515,2,B3CE5256-6F65-85EB-0078-689BD5CC1B17
-0.57048416,60.325382,0,B3CE5256-6F65-85EB-0078-689BD5CC1B17
-0.6191327,43.09301,2,B3CE5256-6F65-85EB-0078-689BD5CC1B17
-1.0717626,42.984585,2,B3CE5256-6F65-85EB-0078-689BD5CC1B17
-1.3833752,43.114395,2,B3CE5256-6F65-85EB-0078-689BD5CC1B17
-1.8312418,43.109737,2,B3CE5256-6F65-85EB-0078-689BD5CC1B17
-2.8513508,43.649593,2,B3CE5256-6F65-85EB-0078-689BD5CC1B17
-12.272113,45.420662,2,B3CE5256-6F65-85EB-0078-689BD5CC1B17
-13.38676,44.82682,2,B3CE5256-6F65-85EB-0078-689BD5CC1B17
-13.441129,44.815006,2,B3CE5256-6F65-85EB-0078-689BD5CC1B17
-58.631104,-34.914894,2,B3CE5256-6F65-85EB-0078-689BD5CC1B17
-4.6244407,48.917007,1,B6EE5F90-8F59-D3CF-C449-59216B28207B
-4.6622996,48.72203,0,B6EE5F90-8F59-D3CF-C449-59216B28207B
-4.5574265,48.531464,0,B6EE5F90-8F59-D3CF-C449-59216B28207B
22.333323,59.65864,0,B6EE5F90-8F59-D3CF-C449-59216B28207B
59.12694,-37.189743,2,B6EE5F90-8F59-D3CF-C449-59216B28207B
58.752106,-37.161613,2,B6EE5F90-8F59-D3CF-C449-59216B28207B
-29.799324,19.142513,1,B6EE5F90-8F59-D3CF-C449-59216B28207B
-29.73348,19.221571,1,B6EE5F90-8F59-D3CF-C449-59216B28207B
24.987755,47.410866,1,B6EE5F90-8F59-D3CF-C449-59216B28207B
33.61165,-14.266641,1,B6EE5F90-8F59-D3CF-C449-59216B28207B
47.416824,-38.50619,1,B6EE5F90-8F59-D3CF-C449-59216B28207B
46.28518,-38.347828,1,B6EE5F90-8F59-D3CF-C449-59216B28207B
-30.925201,35.152794,2,B6EE5F90-8F59-D3CF-C449-59216B28207B
-7.6970944,57.25403,2,B6EE5F90-8F59-D3CF-C449-59216B28207B
6.798382,60.820766,0,B6EE5F90-8F59-D3CF-C449-59216B28207B
22.48986,60.22528,0,B6EE5F90-8F59-D3CF-C449-59216B28207B
54.28456,-36.36138,0,B6EE5F90-8F59-D3CF-C449-59216B28207B
54.02403,-35.96322,0,B6EE5F90-8F59-D3CF-C449-59216B28207B
-26.567167,37.700085,1,B6EE5F90-8F59-D3CF-C449-59216B28207B
-49.746773,-43.845592,1,B6EE5F90-8F59-D3CF-C449-59216B28207B
-49.036556,-44.457523,1,B6EE5F90-8F59-D3CF-C449-59216B28207B
-48.74785,-44.622025,2,B6EE5F90-8F59-D3CF-C449-59216B28207B
-46.990604,-45.13763,2,B6EE5F90-8F59-D3CF-C449-59216B28207B
-46.54826,-45.113228,2,B6EE5F90-8F59-D3CF-C449-59216B28207B
-2.8391402,-42.68413,1,B6EE5F90-8F59-D3CF-C449-59216B28207B
-2.8864877,-42.617516,1,B6EE5F90-8F59-D3CF-C449-59216B28207B
18.758146,-5.697044,1,B6EE5F90-8F59-D3CF-C449-59216B28207B
-3.5664577,-41.741558,1,B6EE5F90-8F59-D3CF-C449-59216B28207B
-3.7889576,-41.542145,1,B6EE5F90-8F59-D3CF-C449-59216B28207B
-3.8961291,-41.3384,1,B6EE5F90-8F59-D3CF-C449-59216B28207B
-44.729855,-3.0616472,2,B9FD0C60-33D3-E99E-2475-815EAD5C89C2
-44.497444,-3.0748851,2,B9FD0C60-33D3-E99E-2475-815EAD5C89C2
-44.200058,-3.082305,2,B9FD0C60-33D3-E99E-2475-815EAD5C89C2
-43.312798,-3.0133681,2,B9FD0C60-33D3-E99E-2475-815EAD5C89C2
-43.08787,-2.961227,2,B9FD0C60-33D3-E99E-2475-815EAD5C89C2
-42.091187,-2.5889962,0,B9FD0C60-33D3-E99E-2475-815EAD5C89C2
-41.634037,-2.1778195,0,B9FD0C60-33D3-E99E-2475-815EAD5C89C2
37.81361,35.096848,0,B9FD0C60-33D3-E99E-2475-815EAD5C89C2
70.38459,15.449001,0,B9FD0C60-33D3-E99E-2475-815EAD5C89C2
55.585064,-35.284565,0,B9FD0C60-33D3-E99E-2475-815EAD5C89C2
36.168076,-44.61818,0,B9FD0C60-33D3-E99E-2475-815EAD5C89C2
22.269936,-9.80612,0,B9FD0C60-33D3-E99E-2475-815EAD5C89C2
4.053508,-29.43536,2,B9FD0C60-33D3-E99E-2475-815EAD5C89C2
4.0507927,-29.417646,0,B9FD0C60-33D3-E99E-2475-815EAD5C89C2
55.344112,-7.1299376,0,B9FD0C60-33D3-E99E-2475-815EAD5C89C2
61.907635,-32.084522,0,B9FD0C60-33D3-E99E-2475-815EAD5C89C2
74.3246,10.787011,0,B9FD0C60-33D3-E99E-2475-815EAD5C89C2
70.98224,11.247206,1,B9FD0C60-33D3-E99E-2475-815EAD5C89C2
-34.423748,-2.265524,1,B9FD0C60-33D3-E99E-2475-815EAD5C89C2
-54.329407,-3.2002995,2,B9FD0C60-33D3-E99E-2475-815EAD5C89C2
-54.296078,-2.7608838,2,B9FD0C60-33D3-E99E-2475-815EAD5C89C2
-54.21248,-2.4602695,2,B9FD0C60-33D3-E99E-2475-815EAD5C89C2
-53.991005,-2.1222248,2,B9FD0C60-33D3-E99E-2475-815EAD5C89C2
-54.045544,-1.2587738,2,B9FD0C60-33D3-E99E-2475-815EAD5C89C2
7.045605,18.613754,2,BAAA2876-D490-2AB5-0A98-6EB94C7FC331
6.987237,18.610443,2,BAAA2876-D490-2AB5-0A98-6EB94C7FC331
-16.822588,32.809544,2,BAAA2876-D490-2AB5-0A98-6EB94C7FC331
-16.768536,32.645638,2,BAAA2876-D490-2AB5-0A98-6EB94C7FC331
-16.567453,32.365078,2,BAAA2876-D490-2AB5-0A98-6EB94C7FC331
10.607108,35.684467,2,BAAA2876-D490-2AB5-0A98-6EB94C7FC331
1.1916229,-50.508224,2,BAAA2876-D490-2AB5-0A98-6EB94C7FC331
59.041267,-10.618315,2,BAAA2876-D490-2AB5-0A98-6EB94C7FC331
0.67378926,-50.178272,2,BAAA2876-D490-2AB5-0A98-6EB94C7FC331
0.4668055,-50.038925,1,BAAA2876-D490-2AB5-0A98-6EB94C7FC331
-3.99165,-44.739002,2,BAAA2876-D490-2AB5-0A98-6EB94C7FC331
-44.49348,-39.362225,2,BAAA2876-D490-2AB5-0A98-6EB94C7FC331
-41.432022,-39.569283,2,BAAA2876-D490-2AB5-0A98-6EB94C7FC331
-41.891132,-39.34496,2,BAAA2876-D490-2AB5-0A98-6EB94C7FC331
-42.322735,-39.187,2,BAAA2876-D490-2AB5-0A98-6EB94C7FC331
-21.728333,28.7278,2,BAAA2876-D490-2AB5-0A98-6EB94C7FC331
-21.684553,28.846842,2,BAAA2876-D490-2AB5-0A98-6EB94C7FC331
-21.569288,29.377956,2,BAAA2876-D490-2AB5-0A98-6EB94C7FC331
8.011962,-30.744009,2,BC7EE230-0AF9-3AC5-24E5-8EC4B0B432A8
8.635111,-30.723257,0,BC7EE230-0AF9-3AC5-24E5-8EC4B0B432A8
62.859783,5.9317455,0,BC7EE230-0AF9-3AC5-24E5-8EC4B0B432A8
36.05277,-18.861744,0,BC7EE230-0AF9-3AC5-24E5-8EC4B0B432A8
30.610943,-11.787919,0,BC7EE230-0AF9-3AC5-24E5-8EC4B0B432A8
16.755457,8.667214,2,BC7EE230-0AF9-3AC5-24E5-8EC4B0B432A8
4.66357,-4.6547055,0,BC7EE230-0AF9-3AC5-24E5-8EC4B0B432A8
3.4354603,-3.8583012,2,BC7EE230-0AF9-3AC5-24E5-8EC4B0B432A8
3.3118448,-3.77751,2,BC7EE230-0AF9-3AC5-24E5-8EC4B0B432A8
15.901994,8.840522,2,BC7EE230-0AF9-3AC5-24E5-8EC4B0B432A8
15.768402,8.650844,2,BC7EE230-0AF9-3AC5-24E5-8EC4B0B432A8
-38.07724,9.357664,2,BC7EE230-0AF9-3AC5-24E5-8EC4B0B432A8
-37.521496,8.597572,2,BC7EE230-0AF9-3AC5-24E5-8EC4B0B432A8
-37.31583,8.377558,2,BC7EE230-0AF9-3AC5-24E5-8EC4B0B432A8
-37.148945,8.085653,2,BC7EE230-0AF9-3AC5-24E5-8EC4B0B432A8
-36.92879,7.8365846,2,BC7EE230-0AF9-3AC5-24E5-8EC4B0B432A8
-36.235043,8.314606,2,BC7EE230-0AF9-3AC5-24E5-8EC4B0B432A8
-25.762241,31.586279,2,BC7EE230-0AF9-3AC5-24E5-8EC4B0B432A8
-10.642306,-3.0399532,0,BD35F47E-4F73-8664-B165-98D2BF2CDA48
-34.479557,34.55653,0,BD35F47E-4F73-8664-B165-98D2BF2CDA48
-34.24305,34.4812,2,BD35F47E-4F73-8664-B165-98D2BF2CDA48
-33.797626,34.398804,2,BD35F47E-4F73-8664-B165-98D2BF2CDA48
-33.519135,34.383183,2,BD35F47E-4F73-8664-B165-98D2BF2CDA48
-31.790478,34.71839,2,BD35F47E-4F73-8664-B165-98D2BF2CDA48
-55.54403,-40.270733,2,BD35F47E-4F73-8664-B165-98D2BF2CDA48
-55.553356,-39.887897,2,BD35F47E-4F73-8664-B165-98D2BF2CDA48
-54.994366,-38.87411,2,BD35F47E-4F73-8664-B165-98D2BF2CDA48
-36.142193,-37.88108,2,BD35F47E-4F73-8664-B165-98D2BF2CDA48
-36.136055,-37.80289,2,BD35F47E-4F73-8664-B165-98D2BF2CDA48
11.88222,-3.8734477,2,BD35F47E-4F73-8664-B165-98D2BF2CDA48
-57.457787,-34.287357,0,BD35F47E-4F73-8664-B165-98D2BF2CDA48
-56.45145,-42.073235,0,BD35F47E-4F73-8664-B165-98D2BF2CDA48
-56.008244,-42.326588,0,BD35F47E-4F73-8664-B165-98D2BF2CDA48
-55.925106,-42.15564,0,BD35F47E-4F73-8664-B165-98D2BF2CDA48
-55.553017,-42.145905,0,BD35F47E-4F73-8664-B165-98D2BF2CDA48
-43.770752,-47.80287,0,BD35F47E-4F73-8664-B165-98D2BF2CDA48
-12.675553,-49.53974,1,BD35F47E-4F73-8664-B165-98D2BF2CDA48
-12.670265,-49.483707,1,BD35F47E-4F73-8664-B165-98D2BF2CDA48
-12.25785,-49.41198,1,BD35F47E-4F73-8664-B165-98D2BF2CDA48
1.1859593,-48.45033,0,BD35F47E-4F73-8664-B165-98D2BF2CDA48
46.164635,-33.413864,0,BD35F47E-4F73-8664-B165-98D2BF2CDA48
46.072197,-34.119038,0,BD35F47E-4F73-8664-B165-98D2BF2CDA48
-31.536388,-34.85123,2,C24A665A-6B67-FDEA-04A4-C2DA3AF79D51
-32.174175,-35.081276,2,C24A665A-6B67-FDEA-04A4-C2DA3AF79D51
-31.726297,-35.376408,2,C24A665A-6B67-FDEA-04A4-C2DA3AF79D51
-31.703825,-35.480186,0,C24A665A-6B67-FDEA-04A4-C2DA3AF79D51
-31.802652,-36.10877,0,C24A665A-6B67-FDEA-04A4-C2DA3AF79D51
25.62341,-16.973259,0,C24A665A-6B67-FDEA-04A4-C2DA3AF79D51
-51.43256,13.5378,2,C24A665A-6B67-FDEA-04A4-C2DA3AF79D51
-57.27552,-31.64876,2,C24A665A-6B67-FDEA-04A4-C2DA3AF79D51
-57.485477,-32.2949,2,C24A665A-6B67-FDEA-04A4-C2DA3AF79D51
-57.516743,-32.61936,0,C24A665A-6B67-FDEA-04A4-C2DA3AF79D51
-57.46137,-32.885426,0,C24A665A-6B67-FDEA-04A4-C2DA3AF79D51
-57.547924,-33.236748,0,C24A665A-6B67-FDEA-04A4-C2DA3AF79D51
-6.513716,-47.060448,2,C24A665A-6B67-FDEA-04A4-C2DA3AF79D51
-6.39773,-47.198395,1,C24A665A-6B67-FDEA-04A4-C2DA3AF79D51
64.38387,-3.3145769,1,C24A665A-6B67-FDEA-04A4-C2DA3AF79D51
59.3043,-3.5993936,1,C24A665A-6B67-FDEA-04A4-C2DA3AF79D51
52.69745,3.006275,1,C24A665A-6B67-FDEA-04A4-C2DA3AF79D51
14.553016,32.71565,1,C24A665A-6B67-FDEA-04A4-C2DA3AF79D51
-4.074626,42.532692,1,C24A665A-6B67-FDEA-04A4-C2DA3AF79D51
-4.3005166,42.530613,1,C24A665A-6B67-FDEA-04A4-C2DA3AF79D51
18.41004,-3.3298993,1,C24A665A-6B67-FDEA-04A4-C2DA3AF79D51
9.1016865,13.654778,1,C24A665A-6B67-FDEA-04A4-C2DA3AF79D51
2.4126348,11.216313,1,C24A665A-6B67-FDEA-04A4-C2DA3AF79D51
2.287749,10.989363,1,C24A665A-6B67-FDEA-04A4-C2DA3AF79D51
-37.09287,-42.453445,1,C24A665A-6B67-FDEA-04A4-C2DA3AF79D51
-36.949036,-41.610493,1,C24A665A-6B67-FDEA-04A4-C2DA3AF79D51
-36.55962,-40.459515,1,C24A665A-6B67-FDEA-04A4-C2DA3AF79D51
-36.26814,-39.892647,1,C24A665A-6B67-FDEA-04A4-C2DA3AF79D51
-36.22571,-39.833656,1,C24A665A-6B67-FDEA-04A4-C2DA3AF79D51
8.347762,18.411873,1,C24A665A-6B67-FDEA-04A4-C2DA3AF79D51
-39.90887,-30.84773,2,C5DC661F-E2D6-2B65-4765-77C8B81D2488
-4.880095,6.520336,2,C5DC661F-E2D6-2B65-4765-77C8B81D2488
-16.688656,-21.49039,2,C5DC661F-E2D6-2B65-4765-77C8B81D2488
-16.666,-21.385624,2,C5DC661F-E2D6-2B65-4765-77C8B81D2488
-20.069122,7.241875,2,C5DC661F-E2D6-2B65-4765-77C8B81D2488
-20.156836,7.3059316,2,C5DC661F-E2D6-2B65-4765-77C8B81D2488
-21.738297,8.068716,2,C5DC661F-E2D6-2B65-4765-77C8B81D2488
-21.842476,8.182043,2,C5DC661F-E2D6-2B65-4765-77C8B81D2488
8.731759,34.373585,2,C5DC661F-E2D6-2B65-4765-77C8B81D2488
-16.447285,43.784,2,C5DC661F-E2D6-2B65-4765-77C8B81D2488
-16.483238,43.794464,2,C5DC661F-E2D6-2B65-4765-77C8B81D2488
-27.381496,35.476936,2,C5DC661F-E2D6-2B65-4765-77C8B81D2488
-24.386679,-25.916334,2,C8BB6C15-19FA-A17A-5945-6202803016D7
-23.415512,-26.311665,2,C8BB6C15-19FA-A17A-5945-6202803016D7
1.8077278,-36.58266,2,C8BB6C15-19FA-A17A-5945-6202803016D7
1.8791347,-36.54416,0,C8BB6C15-19FA-A17A-5945-6202803016D7
17.444036,-37.948616,0,C8BB6C15-19FA-A17A-5945-6202803016D7
41.76319,-34.667927,0,C8BB6C15-19FA-A17A-5945-6202803016D7
-0.32280904,-14.1577,0,C8BB6C15-19FA-A17A-5945-6202803016D7
-57.809948,-10.442966,0,C8BB6C15-19FA-A17A-5945-6202803016D7
-58.58575,-9.998323,0,C8BB6C15-19FA-A17A-5945-6202803016D7
-58.77239,-9.965456,0,C8BB6C15-19FA-A17A-5945-6202803016D7
-58.854282,-9.952029,0,C8BB6C15-19FA-A17A-5945-6202803016D7
1.4029758,32.702694,0,C8BB6C15-19FA-A17A-5945-6202803016D7
11.847523,48.689465,2,C8BB6C15-19FA-A17A-5945-6202803016D7
11.862846,48.675304,2,C8BB6C15-19FA-A17A-5945-6202803016D7
12.053413,48.15911,2,C8BB6C15-19FA-A17A-5945-6202803016D7
54.82104,5.3509874,0,C8BB6C15-19FA-A17A-5945-6202803016D7
13.109443,43.174408,0,C8BB6C15-19FA-A17A-5945-6202803016D7
35.943295,-14.028146,0,C8BB6C15-19FA-A17A-5945-6202803016D7
33.872265,34.805233,0,C8BB6C15-19FA-A17A-5945-6202803016D7
33.858257,34.909157,1,C8BB6C15-19FA-A17A-5945-6202803016D7
23.071903,41.798817,2,C8BB6C15-19FA-A17A-5945-6202803016D7
-28.48805,-3.1031017,2,C8BB6C15-19FA-A17A-5945-6202803016D7
-21.158401,-20.742542,2,C8BB6C15-19FA-A17A-5945-6202803016D7
-21.093765,-20.776495,2,C8BB6C15-19FA-A17A-5945-6202803016D7
-35.119015,-6.134903,1,C8BB6C15-19FA-A17A-5945-6202803016D7
-23.403173,-12.976568,1,C8BB6C15-19FA-A17A-5945-6202803016D7
-53.01403,-6.005425,1,C8BB6C15-19FA-A17A-5945-6202803016D7
-53.01542,-5.987461,1,C8BB6C15-19FA-A17A-5945-6202803016D7
-54.102154,7.45386,1,C8BB6C15-19FA-A17A-5945-6202803016D7
-54.09867,7.4575152,1,C8BB6C15-19FA-A17A-5945-6202803016D7
30.77933,20.22326,1,C8BB6C15-19FA-A17A-5945-6202803016D7
30.81082,20.135498,1,C8BB6C15-19FA-A17A-5945-6202803016D7
44.88572,13.101947,1,C8BB6C15-19FA-A17A-5945-6202803016D7
41.515236,-42.81478,0,CCA3ABC5-DCCE-0BBE-5327-E65AE52A195D
41.581738,-42.72098,2,CCA3ABC5-DCCE-0BBE-5327-E65AE52A195D
41.67159,-42.59207,2,CCA3ABC5-DCCE-0BBE-5327-E65AE52A195D
41.88817,-42.407146,2,CCA3ABC5-DCCE-0BBE-5327-E65AE52A195D
42.449207,-43.060627,2,CCA3ABC5-DCCE-0BBE-5327-E65AE52A195D
56.646275,-35.156116,2,CCA3ABC5-DCCE-0BBE-5327-E65AE52A195D
26.1876,41.542297,2,CCA3ABC5-DCCE-0BBE-5327-E65AE52A195D
25.371826,41.77261,2,CCA3ABC5-DCCE-0BBE-5327-E65AE52A195D
25.06998,41.87523,2,CCA3ABC5-DCCE-0BBE-5327-E65AE52A195D
-46.721497,-41.981407,2,CCA3ABC5-DCCE-0BBE-5327-E65AE52A195D
-46.712498,-41.987938,2,CCA3ABC5-DCCE-0BBE-5327-E65AE52A195D
-47.051422,-42.08638,2,CCA3ABC5-DCCE-0BBE-5327-E65AE52A195D
32.391735,44.57744,0,CD5833CD-93D3-318C-371A-18A32DEFC38B
32.4714,44.550297,0,CD5833CD-93D3-318C-371A-18A32DEFC38B
33.544975,-11.073119,0,CD5833CD-93D3-318C-371A-18A32DEFC38B
35.511486,-10.325634,0,CD5833CD-93D3-318C-371A-18A32DEFC38B
33.621666,39.75209,0,CD5833CD-93D3-318C-371A-18A32DEFC38B
34.249523,39.2178,0,CD5833CD-93D3-318C-371A-18A32DEFC38B
36.618843,-13.4241,0,CD5833CD-93D3-318C-371A-18A32DEFC38B
59.13883,-33.78966,0,CD5833CD-93D3-318C-371A-18A32DEFC38B
0.9261875,-10.736398,0,CD5833CD-93D3-318C-371A-18A32DEFC38B
-4.5667663,-8.470002,0,CD5833CD-93D3-318C-371A-18A32DEFC38B
-45.355976,-12.28536,0,CD5833CD-93D3-318C-371A-18A32DEFC38B
-45.53731,-12.273705,1,CD5833CD-93D3-318C-371A-18A32DEFC38B
-27.679878,16.75427,2,CD5833CD-93D3-318C-371A-18A32DEFC38B
-27.722948,16.742765,2,CD5833CD-93D3-318C-371A-18A32DEFC38B
-27.682384,16.74478,2,CD5833CD-93D3-318C-371A-18A32DEFC38B
-43.876,-43.189888,2,CD5833CD-93D3-318C-371A-18A32DEFC38B
-43.91269,-43.262486,2,CD5833CD-93D3-318C-371A-18A32DEFC38B
-44.791,-43.91565,2,CD5833CD-93D3-318C-371A-18A32DEFC38B
-2.3141181,61.269844,2,CD5833CD-93D3-318C-371A-18A32DEFC38B
-43.516766,2.9343,2,CD5833CD-93D3-318C-371A-18A32DEFC38B
-43.391766,3.0708508,2,CD5833CD-93D3-318C-371A-18A32DEFC38B
-42.96808,4.263676,2,CD5833CD-93D3-318C-371A-18A32DEFC38B
-42.967636,4.4517503,2,CD5833CD-93D3-318C-371A-18A32DEFC38B
-42.925037,4.6784425,2,CD5833CD-93D3-318C-371A-18A32DEFC38B
-33.123238,7.19051,2,CD5833CD-93D3-318C-371A-18A32DEFC38B
-32.740368,7.088105,2,CD5833CD-93D3-318C-371A-18A32DEFC38B
-32.64949,7.0766125,2,CD5833CD-93D3-318C-371A-18A32DEFC38B
-31.802305,6.893763,2,CD5833CD-93D3-318C-371A-18A32DEFC38B
-4.5547314,-18.33848,2,CD5833CD-93D3-318C-371A-18A32DEFC38B
-4.151449,-18.179049,0,CD5833CD-93D3-318C-371A-18A32DEFC38B
-52.96415,-45.950844,2,CD5833CD-93D3-318C-371A-18A32DEFC38B
-56.53254,-37.446434,2,CD5833CD-93D3-318C-371A-18A32DEFC38B
-56.5656,-37.270275,2,CD5833CD-93D3-318C-371A-18A32DEFC38B
-56.680073,-36.779484,1,CD5833CD-93D3-318C-371A-18A32DEFC38B
-3.430196,35.899433,1,CD5833CD-93D3-318C-371A-18A32DEFC38B
-3.4041288,35.686077,0,CD5833CD-93D3-318C-371A-18A32DEFC38B
-7.036905,48.813046,1,CD5833CD-93D3-318C-371A-18A32DEFC38B
-7.1098437,48.523407,2,CD5833CD-93D3-318C-371A-18A32DEFC38B
-7.3028464,47.692802,2,CD5833CD-93D3-318C-371A-18A32DEFC38B
-7.2143345,47.15386,2,CD5833CD-93D3-318C-371A-18A32DEFC38B
-6.9919896,46.290405,2,CD5833CD-93D3-318C-371A-18A32DEFC38B
58.010715,-0.9936216,0,CD5833CD-93D3-318C-371A-18A32DEFC38B
-10.787217,44.410088,2,D0F7ABC0-F552-63CD-CAC6-6703C39B83CA
12.165521,33.23571,2,D0F7ABC0-F552-63CD-CAC6-6703C39B83CA
59.50075,-4.7382264,2,D0F7ABC0-F552-63CD-CAC6-6703C39B83CA
59.71569,-4.419073,2,D0F7ABC0-F552-63CD-CAC6-6703C39B83CA
60.081234,-4.2869997,0,D0F7ABC0-F552-63CD-CAC6-6703C39B83CA
60.690964,-4.3689137,0,D0F7ABC0-F552-63CD-CAC6-6703C39B83CA
-10.260206,-10.700517,1,D0F7ABC0-F552-63CD-CAC6-6703C39B83CA
-9.836135,-11.265579,1,D0F7ABC0-F552-63CD-CAC6-6703C39B83CA
-9.815631,-11.420158,1,D0F7ABC0-F552-63CD-CAC6-6703C39B83CA
-0.26949838,-43.23006,1,D0F7ABC0-F552-63CD-CAC6-6703C39B83CA
8.473682,-47.02346,1,D0F7ABC0-F552-63CD-CAC6-6703C39B83CA
38.083908,-18.501537,1,D0F7ABC0-F552-63CD-CAC6-6703C39B83CA
-49.11341,-37.22535,1,D0F7ABC0-F552-63CD-CAC6-6703C39B83CA
-48.204647,-37.49766,1,D0F7ABC0-F552-63CD-CAC6-6703C39B83CA
-59.555347,-30.65309,1,D0F7ABC0-F552-63CD-CAC6-6703C39B83CA
-3.300834,55.950493,1,D0F7ABC0-F552-63CD-CAC6-6703C39B83CA
-2.2153902,56.020813,1,D0F7ABC0-F552-63CD-CAC6-6703C39B83CA
-2.154047,56.03357,1,D0F7ABC0-F552-63CD-CAC6-6703C39B83CA
47.180405,-35.3452,0,D0F7ABC0-F552-63CD-CAC6-6703C39B83CA
46.24534,6.0795183,0,D0F7ABC0-F552-63CD-CAC6-6703C39B83CA
46.305824,6.1894464,1,D0F7ABC0-F552-63CD-CAC6-6703C39B83CA
45.99247,6.51844,1,D0F7ABC0-F552-63CD-CAC6-6703C39B83CA
-25.822783,10.529044,1,D0F7ABC0-F552-63CD-CAC6-6703C39B83CA
-25.869774,10.5578785,1,D0F7ABC0-F552-63CD-CAC6-6703C39B83CA
-16.913992,59.67851,2,D51A5648-0039-8CB1-45CB-C51E5ABA8BCC
-16.709553,59.76622,2,D51A5648-0039-8CB1-45CB-C51E5ABA8BCC
-16.711258,60.03026,2,D51A5648-0039-8CB1-45CB-C51E5ABA8BCC
-16.78751,60.261364,2,D51A5648-0039-8CB1-45CB-C51E5ABA8BCC
-17.032244,60.53933,2,D51A5648-0039-8CB1-45CB-C51E5ABA8BCC
24.633255,57.159534,2,D51A5648-0039-8CB1-45CB-C51E5ABA8BCC
39.74668,-35.22761,0,D51A5648-0039-8CB1-45CB-C51E5ABA8BCC
23.762585,-1.2026153,0,D51A5648-0039-8CB1-45CB-C51E5ABA8BCC
23.270363,-0.9240891,2,D51A5648-0039-8CB1-45CB-C51E5ABA8BCC
22.922377,-0.8066747,2,D51A5648-0039-8CB1-45CB-C51E5ABA8BCC
-1.5240242,-9.891185,2,D51A5648-0039-8CB1-45CB-C51E5ABA8BCC
-6.1849246,-12.17105,2,D51A5648-0039-8CB1-45CB-C51E5ABA8BCC
20.341053,-9.463469,2,D51A5648-0039-8CB1-45CB-C51E5ABA8BCC
15.281054,-8.834888,2,D51A5648-0039-8CB1-45CB-C51E5ABA8BCC
15.240904,-8.84435,2,D51A5648-0039-8CB1-45CB-C51E5ABA8BCC
-24.66467,-10.504054,2,D57F474B-B38C-E9AF-73CC-2CF16EED3827
-24.645761,-10.475749,1,D57F474B-B38C-E9AF-73CC-2CF16EED3827
13.158896,-38.7814,0,D57F474B-B38C-E9AF-73CC-2CF16EED3827
13.274033,-38.92734,0,D57F474B-B38C-E9AF-73CC-2CF16EED3827
35.566013,-39.744335,0,D57F474B-B38C-E9AF-73CC-2CF16EED3827
54.905956,-33.9217,0,D57F474B-B38C-E9AF-73CC-2CF16EED3827
1.3871734,-43.995968,0,D57F474B-B38C-E9AF-73CC-2CF16EED3827
70.52845,0.9939919,0,D57F474B-B38C-E9AF-73CC-2CF16EED3827
2.1789484,-32.51969,0,D57F474B-B38C-E9AF-73CC-2CF16EED3827
-5.272417,-28.796753,2,D57F474B-B38C-E9AF-73CC-2CF16EED3827
-6.0676394,-28.443644,2,D57F474B-B38C-E9AF-73CC-2CF16EED3827
-6.754098,-28.218822,2,D57F474B-B38C-E9AF-73CC-2CF16EED3827
-6.8135858,-28.492708,2,D57F474B-B38C-E9AF-73CC-2CF16EED3827
-6.9603896,-28.723372,2,D57F474B-B38C-E9AF-73CC-2CF16EED3827
-8.756342,-31.09621,1,D57F474B-B38C-E9AF-73CC-2CF16EED3827
-8.203942,-31.171814,1,D57F474B-B38C-E9AF-73CC-2CF16EED3827
-68.04653,-1.5176351,1,D57F474B-B38C-E9AF-73CC-2CF16EED3827
-68.03427,-1.5226697,0,D57F474B-B38C-E9AF-73CC-2CF16EED3827
-42.708244,0.27310404,1,D57F474B-B38C-E9AF-73CC-2CF16EED3827
-42.700863,0.30577338,1,D57F474B-B38C-E9AF-73CC-2CF16EED3827
0.37669227,-8.200005,1,D57F474B-B38C-E9AF-73CC-2CF16EED3827
-45.483242,-7.207982,1,D57F474B-B38C-E9AF-73CC-2CF16EED3827
-49.190407,-14.175739,1,D57F474B-B38C-E9AF-73CC-2CF16EED3827
-49.209476,-14.290225,1,D57F474B-B38C-E9AF-73CC-2CF16EED3827
-8.644506,-5.3770385,1,D57F474B-B38C-E9AF-73CC-2CF16EED3827
-8.611068,-5.447268,2,D57F474B-B38C-E9AF-73CC-2CF16EED3827
-8.212928,-6.1272726,2,D57F474B-B38C-E9AF-73CC-2CF16EED3827
24.735418,7.011307,2,D57F474B-B38C-E9AF-73CC-2CF16EED3827
31.382483,-4.440478,2,D57F474B-B38C-E9AF-73CC-2CF16EED3827
68.66886,15.106505,2,D57F474B-B38C-E9AF-73CC-2CF16EED3827
-15.789353,17.37536,0,D57F474B-B38C-E9AF-73CC-2CF16EED3827
-16.067965,17.579205,1,D57F474B-B38C-E9AF-73CC-2CF16EED3827
-16.199764,17.686508,1,D57F474B-B38C-E9AF-73CC-2CF16EED3827
5.1681976,-16.667912,2,D6D11A63-A131-4E74-041D-6E3BD8EFF8FF
5.1645575,-16.702467,2,D6D11A63-A131-4E74-041D-6E3BD8EFF8FF
29.13205,0.65720284,2,D6D11A63-A131-4E74-041D-6E3BD8EFF8FF
35.420937,-43.575035,2,D6D11A63-A131-4E74-041D-6E3BD8EFF8FF
23.174482,-10.712684,2,D6D11A63-A131-4E74-041D-6E3BD8EFF8FF
22.707384,-10.420952,2,D6D11A63-A131-4E74-041D-6E3BD8EFF8FF
17.51327,-32.495834,2,D6D11A63-A131-4E74-041D-6E3BD8EFF8FF
17.558674,-32.539154,2,D6D11A63-A131-4E74-041D-6E3BD8EFF8FF
72.03026,-3.275927,2,D6D11A63-A131-4E74-041D-6E3BD8EFF8FF
49.83759,-30.537024,2,D6D11A63-A131-4E74-041D-6E3BD8EFF8FF
35.422844,-39.927586,2,D6D11A63-A131-4E74-041D-6E3BD8EFF8FF
11.997159,-39.87092,0,D6D11A63-A131-4E74-041D-6E3BD8EFF8FF
-54.74291,-29.44862,2,D8D27F81-4F83-E10A-448A-735447867552
-54.574,-29.42048,2,D8D27F81-4F83-E10A-448A-735447867552
-54.343266,-29.223114,2,D8D27F81-4F83-E10A-448A-735447867552
-14.4154625,25.207003,1,D8D27F81-4F83-E10A-448A-735447867552
-13.809348,25.256779,1,D8D27F81-4F83-E10A-448A-735447867552
-13.526793,25.295368,1,D8D27F81-4F83-E10A-448A-735447867552
-23.689865,16.892447,0,D8D27F81-4F83-E10A-448A-735447867552
28.933397,48.39279,0,D8D27F81-4F83-E10A-448A-735447867552
28.85357,48.442566,0,D8D27F81-4F83-E10A-448A-735447867552
-51.57519,-37.770283,1,D8D27F81-4F83-E10A-448A-735447867552
9.386484,-17.914974,2,D8D27F81-4F83-E10A-448A-735447867552
9.389527,-17.905285,0,D8D27F81-4F83-E10A-448A-735447867552
7.5183463,-28.863176,2,D8D27F81-4F83-E10A-448A-735447867552
6.83273,-29.354952,2,D8D27F81-4F83-E10A-448A-735447867552
6.7620077,-29.438639,2,D8D27F81-4F83-E10A-448A-735447867552
57.555817,7.2505827,2,D8D27F81-4F83-E10A-448A-735447867552
50.792095,11.929069,2,D8D27F81-4F83-E10A-448A-735447867552
50.79021,11.932862,2,D8D27F81-4F83-E10A-448A-735447867552
-3.240522,50.996456,2,DA2856BC-D181-9AF0-DC9A-99A9444D5579
24.968313,28.459435,0,DA2856BC-D181-9AF0-DC9A-99A9444D5579
25.001087,28.491425,0,DA2856BC-D181-9AF0-DC9A-99A9444D5579
25.350128,28.51241,0,DA2856BC-D181-9AF0-DC9A-99A9444D5579
26.417648,28.589153,0,DA2856BC-D181-9AF0-DC9A-99A9444D5579
39.15404,-43.63813,0,DA2856BC-D181-9AF0-DC9A-99A9444D5579
-58.443733,9.222759,2,DA2856BC-D181-9AF0-DC9A-99A9444D5579
-58.45505,9.215126,2,DA2856BC-D181-9AF0-DC9A-99A9444D5579
-61.201992,-30.645994,2,DA2856BC-D181-9AF0-DC9A-99A9444D5579
-44.008625,-37.82714,2,DA2856BC-D181-9AF0-DC9A-99A9444D5579
-14.348959,-47.305687,2,DA2856BC-D181-9AF0-DC9A-99A9444D5579
-14.3351965,-47.24573,0,DA2856BC-D181-9AF0-DC9A-99A9444D5579
-51.33719,-7.553119,1,DA2856BC-D181-9AF0-DC9A-99A9444D5579
-51.0958,-7.6620183,2,DA2856BC-D181-9AF0-DC9A-99A9444D5579
-50.494896,-7.834265,2,DA2856BC-D181-9AF0-DC9A-99A9444D5579
-49.999737,-7.951251,2,DA2856BC-D181-9AF0-DC9A-99A9444D5579
-49.114876,-8.131597,2,DA2856BC-D181-9AF0-DC9A-99A9444D5579
-48.303703,-8.285618,2,DA2856BC-D181-9AF0-DC9A-99A9444D5579
18.571346,11.057787,2,DA2856BC-D181-9AF0-DC9A-99A9444D5579
-25.957516,27.951008,2,DA2856BC-D181-9AF0-DC9A-99A9444D5579
-22.036228,-7.783007,2,DA2856BC-D181-9AF0-DC9A-99A9444D5579
-21.90776,-7.8932676,2,DA2856BC-D181-9AF0-DC9A-99A9444D5579
-21.642368,-8.116508,1,DA2856BC-D181-9AF0-DC9A-99A9444D5579
-20.36714,-8.880211,1,DA2856BC-D181-9AF0-DC9A-99A9444D5579
-1.6548052,-42.02721,0,DBA0C8C4-AE05-772F-2E53-E6167F8ACB77
-1.6351835,-42.375065,2,DBA0C8C4-AE05-772F-2E53-E6167F8ACB77
4.5591035,-47.325214,2,DBA0C8C4-AE05-772F-2E53-E6167F8ACB77
5.0209684,-47.274406,0,DBA0C8C4-AE05-772F-2E53-E6167F8ACB77
-38.332943,-46.211132,0,DBA0C8C4-AE05-772F-2E53-E6167F8ACB77
32.27387,29.767977,0,DBA0C8C4-AE05-772F-2E53-E6167F8ACB77
35.56162,-14.114774,0,DBA0C8C4-AE05-772F-2E53-E6167F8ACB77
29.429592,34.036945,0,DBA0C8C4-AE05-772F-2E53-E6167F8ACB77
22.605902,36.21176,0,DBA0C8C4-AE05-772F-2E53-E6167F8ACB77
0.21162175,53.6396,0,DBA0C8C4-AE05-772F-2E53-E6167F8ACB77
0.15480906,53.65416,0,DBA0C8C4-AE05-772F-2E53-E6167F8ACB77
0.2001688,53.654922,0,DBA0C8C4-AE05-772F-2E53-E6167F8ACB77
-7.1604385,56.323357,2,DBA0C8C4-AE05-772F-2E53-E6167F8ACB77
-6.981239,56.54776,2,DBA0C8C4-AE05-772F-2E53-E6167F8ACB77
-6.058649,56.214798,2,DBA0C8C4-AE05-772F-2E53-E6167F8ACB77
-5.767574,55.80734,2,DBA0C8C4-AE05-772F-2E53-E6167F8ACB77
-5.5988665,55.710957,2,DBA0C8C4-AE05-772F-2E53-E6167F8ACB77
21.32242,26.999338,2,DBA0C8C4-AE05-772F-2E53-E6167F8ACB77
1.8651059,44.18281,0,DBA0C8C4-AE05-772F-2E53-E6167F8ACB77
1.738925,44.150375,0,DBA0C8C4-AE05-772F-2E53-E6167F8ACB77
1.4544976,44.04752,2,DBA0C8C4-AE05-772F-2E53-E6167F8ACB77
-13.127233,56.544006,2,DBA0C8C4-AE05-772F-2E53-E6167F8ACB77
-13.152081,56.56658,2,DBA0C8C4-AE05-772F-2E53-E6167F8ACB77
-14.011661,57.479042,2,DBA0C8C4-AE05-772F-2E53-E6167F8ACB77
-47.507965,-39.056816,2,DBA0C8C4-AE05-772F-2E53-E6167F8ACB77
-47.726284,-39.17773,2,DBA0C8C4-AE05-772F-2E53-E6167F8ACB77
-47.997097,-39.299217,2,DBA0C8C4-AE05-772F-2E53-E6167F8ACB77
-61.50631,-30.661396,2,DBA0C8C4-AE05-772F-2E53-E6167F8ACB77
-48.076927,-3.7683785,2,DBA0C8C4-AE05-772F-2E53-E6167F8ACB77
-47.905064,-3.671306,2,DBA0C8C4-AE05-772F-2E53-E6167F8ACB77
65.30074,-1.2962651,0,DC0BE0E2-B41E-3D73-47C5-5733952512CB
65.19594,-0.18735385,0,DC0BE0E2-B41E-3D73-47C5-5733952512CB
65.08233,0.2062707,0,DC0BE0E2-B41E-3D73-47C5-5733952512CB
48.449005,6.5287127,0,DC0BE0E2-B41E-3D73-47C5-5733952512CB
48.33215,6.7157,0,DC0BE0E2-B41E-3D73-47C5-5733952512CB
48.315475,6.7370973,2,DC0BE0E2-B41E-3D73-47C5-5733952512CB
-64.93789,-5.9893594,2,DC0BE0E2-B41E-3D73-47C5-5733952512CB
-64.91757,-5.908585,2,DC0BE0E2-B41E-3D73-47C5-5733952512CB
-64.77074,-5.7114058,2,DC0BE0E2-B41E-3D73-47C5-5733952512CB
-51.640892,-4.3665047,2,DC0BE0E2-B41E-3D73-47C5-5733952512CB
-51.218426,-4.3127103,2,DC0BE0E2-B41E-3D73-47C5-5733952512CB
-50.431416,-4.2984657,2,DC0BE0E2-B41E-3D73-47C5-5733952512CB
23.037048,41.4611,2,DC0BE0E2-B41E-3D73-47C5-5733952512CB
-29.548111,-2.751856,2,DC0BE0E2-B41E-3D73-47C5-5733952512CB
-29.759874,-3.0371263,2,DC0BE0E2-B41E-3D73-47C5-5733952512CB
-29.961678,-3.271773,2,DC0BE0E2-B41E-3D73-47C5-5733952512CB
-30.56381,-3.7949755,2,DC0BE0E2-B41E-3D73-47C5-5733952512CB
-13.5074005,-34.79299,2,DC0BE0E2-B41E-3D73-47C5-5733952512CB
-34.182407,17.05457,1,DCB45A10-FAF5-53E0-AB53-2D42AC9BB090
5.104324,59.615093,1,DCB45A10-FAF5-53E0-AB53-2D42AC9BB090
5.0007224,59.459396,1,DCB45A10-FAF5-53E0-AB53-2D42AC9BB090
-40.881634,-7.7454057,1,DCB45A10-FAF5-53E0-AB53-2D42AC9BB090
-40.64835,-7.7506137,1,DCB45A10-FAF5-53E0-AB53-2D42AC9BB090
-2.9550242,-34.847996,2,DCB45A10-FAF5-53E0-AB53-2D42AC9BB090
72.20223,13.901637,2,DCB45A10-FAF5-53E0-AB53-2D42AC9BB090
75.45802,8.014804,2,DCB45A10-FAF5-53E0-AB53-2D42AC9BB090
75.44943,8.026119,0,DCB45A10-FAF5-53E0-AB53-2D42AC9BB090
56.861732,-32.197582,0,DCB45A10-FAF5-53E0-AB53-2D42AC9BB090
0.90349305,-47.59983,0,DCB45A10-FAF5-53E0-AB53-2D42AC9BB090
0.83819705,-47.688873,0,DCB45A10-FAF5-53E0-AB53-2D42AC9BB090
-42.516617,-32.88588,1,DCB45A10-FAF5-53E0-AB53-2D42AC9BB090
-42.10602,-32.54142,1,DCB45A10-FAF5-53E0-AB53-2D42AC9BB090
-41.87007,-32.256313,1,DCB45A10-FAF5-53E0-AB53-2D42AC9BB090
-40.472527,-31.033936,1,DCB45A10-FAF5-53E0-AB53-2D42AC9BB090
-55.67753,-27.183645,1,DCB45A10-FAF5-53E0-AB53-2D42AC9BB090
-55.903942,-27.275076,1,DCB45A10-FAF5-53E0-AB53-2D42AC9BB090
-52.948383,-32.689095,2,DCB45A10-FAF5-53E0-AB53-2D42AC9BB090
-53.94569,-41.820957,2,DCB45A10-FAF5-53E0-AB53-2D42AC9BB090
21.137981,29.042185,2,DCB45A10-FAF5-53E0-AB53-2D42AC9BB090
-40.77758,-22.467178,2,DCB45A10-FAF5-53E0-AB53-2D42AC9BB090
-11.377033,-39.433422,1,DCB45A10-FAF5-53E0-AB53-2D42AC9BB090
-11.36992,-39.428005,2,DCB45A10-FAF5-53E0-AB53-2D42AC9BB090
53.549385,8.251438,1,DCB45A10-FAF5-53E0-AB53-2D42AC9BB090
-12.794826,-46.138805,1,DCB45A10-FAF5-53E0-AB53-2D42AC9BB090
-12.457675,-46.06314,1,DCB45A10-FAF5-53E0-AB53-2D42AC9BB090
-12.4497595,-45.856052,1,DCB45A10-FAF5-53E0-AB53-2D42AC9BB090
-12.86304,-45.510868,1,DCB45A10-FAF5-53E0-AB53-2D42AC9BB090
-20.927534,-45.43799,1,DCB45A10-FAF5-53E0-AB53-2D42AC9BB090
-29.464664,31.464064,2,DD956DE9-DEFB-C0C6-82B4-C639A17D6782
-29.59404,30.815104,2,DD956DE9-DEFB-C0C6-82B4-C639A17D6782
-29.61275,30.735611,2,DD956DE9-DEFB-C0C6-82B4-C639A17D6782
8.780198,-5.494434,2,DD956DE9-DEFB-C0C6-82B4-C639A17D6782
8.817603,-5.784953,1,DD956DE9-DEFB-C0C6-82B4-C639A17D6782
10.389071,-7.6888866,0,DD956DE9-DEFB-C0C6-82B4-C639A17D6782
2.3477764,14.32893,0,DD956DE9-DEFB-C0C6-82B4-C639A17D6782
2.1274397,14.06397,2,DD956DE9-DEFB-C0C6-82B4-C639A17D6782
2.006519,13.860597,2,DD956DE9-DEFB-C0C6-82B4-C639A17D6782
1.9808016,13.826603,2,DD956DE9-DEFB-C0C6-82B4-C639A17D6782
39.81395,20.372648,2,DD956DE9-DEFB-C0C6-82B4-C639A17D6782
39.89163,20.405727,2,DD956DE9-DEFB-C0C6-82B4-C639A17D6782
-40.688713,-46.743835,2,DD956DE9-DEFB-C0C6-82B4-C639A17D6782
-39.97302,-47.177917,2,DD956DE9-DEFB-C0C6-82B4-C639A17D6782
-5.0156727,-48.01439,0,DD956DE9-DEFB-C0C6-82B4-C639A17D6782
69.63955,-3.6563578,0,DD956DE9-DEFB-C0C6-82B4-C639A17D6782
52.454853,-41.69373,0,DD956DE9-DEFB-C0C6-82B4-C639A17D6782
66.51176,0.91382116,0,DD956DE9-DEFB-C0C6-82B4-C639A17D6782
33.264427,29.069483,0,DD956DE9-DEFB-C0C6-82B4-C639A17D6782
33.061516,29.192768,2,DD956DE9-DEFB-C0C6-82B4-C639A17D6782
5.549119,22.650919,2,DD956DE9-DEFB-C0C6-82B4-C639A17D6782
5.486836,22.65834,2,DD956DE9-DEFB-C0C6-82B4-C639A17D6782
5.477277,22.660524,2,DD956DE9-DEFB-C0C6-82B4-C639A17D6782
19.724775,-9.456519,2,DD956DE9-DEFB-C0C6-82B4-C639A17D6782
-22.61446,37.146152,2,DD956DE9-DEFB-C0C6-82B4-C639A17D6782
-22.3174,37.27488,2,DD956DE9-DEFB-C0C6-82B4-C639A17D6782
25.602518,21.56943,2,DD956DE9-DEFB-C0C6-82B4-C639A17D6782
25.6125,21.62777,0,DD956DE9-DEFB-C0C6-82B4-C639A17D6782
73.50658,5.1359982,0,DD956DE9-DEFB-C0C6-82B4-C639A17D6782
70.06474,-3.1856134,0,DD956DE9-DEFB-C0C6-82B4-C639A17D6782
-35.661186,-18.2454,2,DD956DE9-DEFB-C0C6-82B4-C639A17D6782
-35.65886,-18.25926,2,DD956DE9-DEFB-C0C6-82B4-C639A17D6782
-20.319838,-24.584408,2,DD956DE9-DEFB-C0C6-82B4-C639A17D6782
-20.322815,-24.555313,2,DD956DE9-DEFB-C0C6-82B4-C639A17D6782
17.852798,-37.93644,0,DD956DE9-DEFB-C0C6-82B4-C639A17D6782
58.50022,-27.045078,0,DD956DE9-DEFB-C0C6-82B4-C639A17D6782
-40.176506,-3.274938,2,DE775A65-68D5-C477-E2F7-BCC1AEF0B850
-40.235344,-3.3058581,2,DE775A65-68D5-C477-E2F7-BCC1AEF0B850
-60.462875,-12.339043,2,DE775A65-68D5-C477-E2F7-BCC1AEF0B850
-62.364487,-19.666412,2,DE775A65-68D5-C477-E2F7-BCC1AEF0B850
-62.389275,-19.670908,2,DE775A65-68D5-C477-E2F7-BCC1AEF0B850
-62.44133,-19.46469,2,DE775A65-68D5-C477-E2F7-BCC1AEF0B850
51.31826,7.3545427,2,DE775A65-68D5-C477-E2F7-BCC1AEF0B850
51.66859,6.5782638,2,DE775A65-68D5-C477-E2F7-BCC1AEF0B850
51.572315,5.605319,2,DE775A65-68D5-C477-E2F7-BCC1AEF0B850
41.589336,23.080126,2,DE775A65-68D5-C477-E2F7-BCC1AEF0B850
18.835331,4.957359,2,DE775A65-68D5-C477-E2F7-BCC1AEF0B850
7.07951,-4.0913534,2,DE775A65-68D5-C477-E2F7-BCC1AEF0B850
38.562737,43.558643,1,DF62EF03-DA30-E70A-CA31-03A029C9610A
38.069206,44.288155,1,DF62EF03-DA30-E70A-CA31-03A029C9610A
37.86407,44.52193,1,DF62EF03-DA30-E70A-CA31-03A029C9610A
37.71636,44.648136,1,DF62EF03-DA30-E70A-CA31-03A029C9610A
16.669775,51.391678,1,DF62EF03-DA30-E70A-CA31-03A029C9610A
16.55091,51.699398,0,DF62EF03-DA30-E70A-CA31-03A029C9610A
29.331993,-3.723336,2,DF62EF03-DA30-E70A-CA31-03A029C9610A
29.248623,-3.6352108,2,DF62EF03-DA30-E70A-CA31-03A029C9610A
15.366755,1.4967687,2,DF62EF03-DA30-E70A-CA31-03A029C9610A
15.092712,1.8121518,2,DF62EF03-DA30-E70A-CA31-03A029C9610A
-10.9855175,41.64482,2,DF62EF03-DA30-E70A-CA31-03A029C9610A
-11.361042,41.560314,2,DF62EF03-DA30-E70A-CA31-03A029C9610A
-12.513978,41.341255,2,DF62EF03-DA30-E70A-CA31-03A029C9610A
-12.633883,41.309036,2,DF62EF03-DA30-E70A-CA31-03A029C9610A
13.825708,36.321537,2,DF62EF03-DA30-E70A-CA31-03A029C9610A
62.673424,11.113879,2,DF62EF03-DA30-E70A-CA31-03A029C9610A
66.406235,-7.021572,0,DF62EF03-DA30-E70A-CA31-03A029C9610A
69.625305,-5.060751,0,DF62EF03-DA30-E70A-CA31-03A029C9610A
-15.275166,3.5679,0,E49C1269-8AB7-8C8F-FC88-AA92C2F1E260
-15.052757,3.5690153,0,E49C1269-8AB7-8C8F-FC88-AA92C2F1E260
-3.053334,-47.94322,0,E49C1269-8AB7-8C8F-FC88-AA92C2F1E260
5.381357,-47.346943,0,E49C1269-8AB7-8C8F-FC88-AA92C2F1E260
-37.377014,-47.07024,2,E49C1269-8AB7-8C8F-FC88-AA92C2F1E260
-37.366886,-47.074326,2,E49C1269-8AB7-8C8F-FC88-AA92C2F1E260
-37.36274,-47.07867,2,E49C1269-8AB7-8C8F-FC88-AA92C2F1E260
40.28683,34.892776,2,E49C1269-8AB7-8C8F-FC88-AA92C2F1E260
40.312584,34.908897,0,E49C1269-8AB7-8C8F-FC88-AA92C2F1E260
32.142433,-13.475195,0,E49C1269-8AB7-8C8F-FC88-AA92C2F1E260
61.76578,-33.773735,0,E49C1269-8AB7-8C8F-FC88-AA92C2F1E260
60.982414,-33.95916,0,E49C1269-8AB7-8C8F-FC88-AA92C2F1E260
12.462221,-43.802193,0,E49C1269-8AB7-8C8F-FC88-AA92C2F1E260
12.97209,-43.276924,0,E49C1269-8AB7-8C8F-FC88-AA92C2F1E260
-4.3039584,-26.615423,0,E49C1269-8AB7-8C8F-FC88-AA92C2F1E260
-21.626118,-28.175587,0,E49C1269-8AB7-8C8F-FC88-AA92C2F1E260
-21.568468,-28.161728,0,E49C1269-8AB7-8C8F-FC88-AA92C2F1E260
-21.564049,-28.21874,2,E49C1269-8AB7-8C8F-FC88-AA92C2F1E260
-10.114027,4.716518,0,E5CCE6B3-2C6E-BE96-602F-3852C8614777
-10.07634,4.7055874,0,E5CCE6B3-2C6E-BE96-602F-3852C8614777
-5.519289,1.7650048,2,E5CCE6B3-2C6E-BE96-602F-3852C8614777
-5.556605,1.7661133,2,E5CCE6B3-2C6E-BE96-602F-3852C8614777
58.075054,13.863584,0,E5CCE6B3-2C6E-BE96-602F-3852C8614777
44.891315,-30.375057,0,E5CCE6B3-2C6E-BE96-602F-3852C8614777
69.250626,4.919677,0,E5CCE6B3-2C6E-BE96-602F-3852C8614777
68.92182,4.7541986,0,E5CCE6B3-2C6E-BE96-602F-3852C8614777
67.96909,4.8458605,2,E5CCE6B3-2C6E-BE96-602F-3852C8614777
67.53823,5.1506696,2,E5CCE6B3-2C6E-BE96-602F-3852C8614777
66.67697,5.6036167,2,E5CCE6B3-2C6E-BE96-602F-3852C8614777
53.26212,15.723549,2,E5CCE6B3-2C6E-BE96-602F-3852C8614777
7.1548176,0.07303068,2,E5CCE6B3-2C6E-BE96-602F-3852C8614777
7.196755,0.048716597,2,E5CCE6B3-2C6E-BE96-602F-3852C8614777
-0.08293182,19.07297,2,E5CCE6B3-2C6E-BE96-602F-3852C8614777
-0.19934319,19.122892,2,E5CCE6B3-2C6E-BE96-602F-3852C8614777
29.103851,45.380493,2,E5CCE6B3-2C6E-BE96-602F-3852C8614777
29.112112,45.29528,2,E5CCE6B3-2C6E-BE96-602F-3852C8614777
-53.504047,-35.91737,2,E5CCE6B3-2C6E-BE96-602F-3852C8614777
-53.41614,-35.95371,2,E5CCE6B3-2C6E-BE96-602F-3852C8614777
-53.193157,-36.140015,2,E5CCE6B3-2C6E-BE96-602F-3852C8614777
16.094973,54.250347,2,E5CCE6B3-2C6E-BE96-602F-3852C8614777
16.179327,54.22182,0,E5CCE6B3-2C6E-BE96-602F-3852C8614777
16.614836,53.9868,0,E5CCE6B3-2C6E-BE96-602F-3852C8614777
-15.883488,-29.142708,2,E5CCE6B3-2C6E-BE96-602F-3852C8614777
-16.010813,-29.171513,2,E5CCE6B3-2C6E-BE96-602F-3852C8614777
-16.614708,-29.344536,2,E5CCE6B3-2C6E-BE96-602F-3852C8614777
-17.19237,-29.466263,2,E5CCE6B3-2C6E-BE96-602F-3852C8614777
-17.370409,-29.545626,2,E5CCE6B3-2C6E-BE96-602F-3852C8614777
50.73627,14.999268,2,E5CCE6B3-2C6E-BE96-602F-3852C8614777
50.68251,2.8158324,0,E5F96AC5-AE7E-C4E8-8288-FB2674F43704
68.13241,3.656098,0,E5F96AC5-AE7E-C4E8-8288-FB2674F43704
52.885605,8.014507,0,E5F96AC5-AE7E-C4E8-8288-FB2674F43704
13.487081,35.081104,2,E5F96AC5-AE7E-C4E8-8288-FB2674F43704
-16.573473,30.467964,2,E5F96AC5-AE7E-C4E8-8288-FB2674F43704
-16.546022,30.215937,2,E5F96AC5-AE7E-C4E8-8288-FB2674F43704
-16.407814,29.3558,2,E5F96AC5-AE7E-C4E8-8288-FB2674F43704
-16.320951,29.02131,0,E5F96AC5-AE7E-C4E8-8288-FB2674F43704
13.294042,-1.9080586,0,E5F96AC5-AE7E-C4E8-8288-FB2674F43704
13.348555,-1.9047271,0,E5F96AC5-AE7E-C4E8-8288-FB2674F43704
5.2873096,17.498465,0,E5F96AC5-AE7E-C4E8-8288-FB2674F43704
-2.4641783,59.169716,0,E5F96AC5-AE7E-C4E8-8288-FB2674F43704
-3.0169625,59.70801,0,E5F96AC5-AE7E-C4E8-8288-FB2674F43704
-3.5522578,59.93938,2,E5F96AC5-AE7E-C4E8-8288-FB2674F43704
-3.8933096,59.90814,2,E5F96AC5-AE7E-C4E8-8288-FB2674F43704
-4.1380515,59.819916,2,E5F96AC5-AE7E-C4E8-8288-FB2674F43704
-8.319375,33.166485,2,E5F96AC5-AE7E-C4E8-8288-FB2674F43704
-8.325994,33.15831,2,E5F96AC5-AE7E-C4E8-8288-FB2674F43704
4.2028337,29.18879,2,E5F96AC5-AE7E-C4E8-8288-FB2674F43704
-38.62239,17.880941,2,E5F96AC5-AE7E-C4E8-8288-FB2674F43704
-38.54294,17.622908,2,E5F96AC5-AE7E-C4E8-8288-FB2674F43704
-38.24045,16.801207,2,E5F96AC5-AE7E-C4E8-8288-FB2674F43704
-38.00527,16.461315,2,E5F96AC5-AE7E-C4E8-8288-FB2674F43704
-37.77604,16.226414,2,E5F96AC5-AE7E-C4E8-8288-FB2674F43704
23.428734,23.899963,2,E5F96AC5-AE7E-C4E8-8288-FB2674F43704
23.787804,23.979864,2,E5F96AC5-AE7E-C4E8-8288-FB2674F43704
23.77672,23.977968,2,E5F96AC5-AE7E-C4E8-8288-FB2674F43704
24.62168,24.32488,0,E5F96AC5-AE7E-C4E8-8288-FB2674F43704
45.677113,3.9821484,0,E5F96AC5-AE7E-C4E8-8288-FB2674F43704
32.629616,-12.882033,0,E5F96AC5-AE7E-C4E8-8288-FB2674F43704
-61.84045,-23.141142,2,EA788550-E907-E4AC-EAE4-82CC26723E3B
-44.18441,26.364058,2,EA788550-E907-E4AC-EAE4-82CC26723E3B
-61.609997,1.4767473,2,EA788550-E907-E4AC-EAE4-82CC26723E3B
-61.804108,0.8187448,2,EA788550-E907-E4AC-EAE4-82CC26723E3B
-61.77799,0.48462215,2,EA788550-E907-E4AC-EAE4-82CC26723E3B
-61.531685,-0.2313005,2,EA788550-E907-E4AC-EAE4-82CC26723E3B
35.624634,-12.051401,2,EA788550-E907-E4AC-EAE4-82CC26723E3B
31.7971,3.0659282,2,EA788550-E907-E4AC-EAE4-82CC26723E3B
31.797092,3.1583686,2,EA788550-E907-E4AC-EAE4-82CC26723E3B
18.385305,59.224205,2,EA788550-E907-E4AC-EAE4-82CC26723E3B
18.38353,59.18906,2,EA788550-E907-E4AC-EAE4-82CC26723E3B
-25.528442,36.37056,2,EA788550-E907-E4AC-EAE4-82CC26723E3B
2.8523753,-26.442446,1,EC6E2525-212C-1C3A-0B73-74D1B45748E1
3.2080383,-26.915668,1,EC6E2525-212C-1C3A-0B73-74D1B45748E1
3.2760131,-26.97102,1,EC6E2525-212C-1C3A-0B73-74D1B45748E1
3.9871902,-27.587292,1,EC6E2525-212C-1C3A-0B73-74D1B45748E1
67.94999,10.523673,0,EC6E2525-212C-1C3A-0B73-74D1B45748E1
68.37686,10.0197525,0,EC6E2525-212C-1C3A-0B73-74D1B45748E1
6.5267744,-33.328163,2,EC6E2525-212C-1C3A-0B73-74D1B45748E1
62.455616,2.664641,0,EC6E2525-212C-1C3A-0B73-74D1B45748E1
45.367725,-35.201202,0,EC6E2525-212C-1C3A-0B73-74D1B45748E1
34.58553,-15.470635,0,EC6E2525-212C-1C3A-0B73-74D1B45748E1
30.016508,33.151672,0,EC6E2525-212C-1C3A-0B73-74D1B45748E1
-0.3928766,25.043285,0,EC6E2525-212C-1C3A-0B73-74D1B45748E1
-23.056583,8.202573,2,EC6E2525-212C-1C3A-0B73-74D1B45748E1
4.6879287,-11.32966,2,EC6E2525-212C-1C3A-0B73-74D1B45748E1
5.1328793,-11.671425,2,EC6E2525-212C-1C3A-0B73-74D1B45748E1
32.481396,-39.374626,2,EC6E2525-212C-1C3A-0B73-74D1B45748E1
36.10944,-43.47794,0,EC6E2525-212C-1C3A-0B73-74D1B45748E1
36.72582,-42.70514,0,EC6E2525-212C-1C3A-0B73-74D1B45748E1
6.6300864,33.4598,2,EC6E2525-212C-1C3A-0B73-74D1B45748E1
7.850696,33.967525,2,EC6E2525-212C-1C3A-0B73-74D1B45748E1
25.398014,35.566196,2,EC6E2525-212C-1C3A-0B73-74D1B45748E1
64.042725,0.18612517,1,EC6E2525-212C-1C3A-0B73-74D1B45748E1
64.01766,-0.7801043,1,EC6E2525-212C-1C3A-0B73-74D1B45748E1
33.728596,-13.305129,0,EC6E2525-212C-1C3A-0B73-74D1B45748E1
36.351055,-36.30206,2,EE62AFCD-B47D-E676-0257-21F92CB612D8
36.21927,-36.372814,2,EE62AFCD-B47D-E676-0257-21F92CB612D8
35.997593,-36.40943,0,EE62AFCD-B47D-E676-0257-21F92CB612D8
35.682503,-36.553867,0,EE62AFCD-B47D-E676-0257-21F92CB612D8
38.67431,-45.73245,0,EE62AFCD-B47D-E676-0257-21F92CB612D8
26.52411,-8.2233305,0,EE62AFCD-B47D-E676-0257-21F92CB612D8
34.915947,38.05097,2,EE62AFCD-B47D-E676-0257-21F92CB612D8
34.949104,37.969273,2,EE62AFCD-B47D-E676-0257-21F92CB612D8
36.251236,37.06628,0,EE62AFCD-B47D-E676-0257-21F92CB612D8
71.21809,3.5740004,0,EE62AFCD-B47D-E676-0257-21F92CB612D8
71.21662,3.5828726,0,EE62AFCD-B47D-E676-0257-21F92CB612D8
58.533073,-27.089062,0,EE62AFCD-B47D-E676-0257-21F92CB612D8
-35.32063,24.702827,2,EE62AFCD-B47D-E676-0257-21F92CB612D8
-35.317642,24.713823,2,EE62AFCD-B47D-E676-0257-21F92CB612D8
16.111324,12.850811,2,EE62AFCD-B47D-E676-0257-21F92CB612D8
7.9981585,26.628681,2,EE62AFCD-B47D-E676-0257-21F92CB612D8
8.3921995,26.551023,2,EE62AFCD-B47D-E676-0257-21F92CB612D8
8.964582,26.445309,2,EE62AFCD-B47D-E676-0257-21F92CB612D8
-13.519991,-50.639263,2,EE62AFCD-B47D-E676-0257-21F92CB612D8
-13.625573,-50.814537,2,EE62AFCD-B47D-E676-0257-21F92CB612D8
-45.212223,-46.852108,2,EE62AFCD-B47D-E676-0257-21F92CB612D8
-45.26579,-46.993454,2,EE62AFCD-B47D-E676-0257-21F92CB612D8
-46.470417,-40.265606,2,EE62AFCD-B47D-E676-0257-21F92CB612D8
-22.19287,13.069667,2,EE62AFCD-B47D-E676-0257-21F92CB612D8
21.998951,-8.120219,2,F1430977-52AF-4F46-BF92-0A8D736CBD2B
21.31977,-8.248554,2,F1430977-52AF-4F46-BF92-0A8D736CBD2B
36.64857,-46.261192,2,F1430977-52AF-4F46-BF92-0A8D736CBD2B
54.54744,-46.158173,0,F1430977-52AF-4F46-BF92-0A8D736CBD2B
54.540176,-46.17577,0,F1430977-52AF-4F46-BF92-0A8D736CBD2B
11.325666,-47.250183,0,F1430977-52AF-4F46-BF92-0A8D736CBD2B
31.68661,45.71613,0,F1430977-52AF-4F46-BF92-0A8D736CBD2B
31.390617,46.36484,0,F1430977-52AF-4F46-BF92-0A8D736CBD2B
-9.468905,48.15162,0,F1430977-52AF-4F46-BF92-0A8D736CBD2B
-10.085393,47.910706,0,F1430977-52AF-4F46-BF92-0A8D736CBD2B
-10.056518,47.62568,2,F1430977-52AF-4F46-BF92-0A8D736CBD2B
-9.846177,47.29914,2,F1430977-52AF-4F46-BF92-0A8D736CBD2B
-1.7619432,44.438618,2,F1430977-52AF-4F46-BF92-0A8D736CBD2B
-1.4500138,44.603485,2,F1430977-52AF-4F46-BF92-0A8D736CBD2B
15.662067,28.756767,2,F1430977-52AF-4F46-BF92-0A8D736CBD2B
15.838723,28.478533,2,F1430977-52AF-4F46-BF92-0A8D736CBD2B
15.918315,28.339376,2,F1430977-52AF-4F46-BF92-0A8D736CBD2B
16.158182,28.002394,2,F1430977-52AF-4F46-BF92-0A8D736CBD2B
25.38149,-3.6094482,0,F1430977-52AF-4F46-BF92-0A8D736CBD2B
25.352083,-3.624115,0,F1430977-52AF-4F46-BF92-0A8D736CBD2B
61.771175,-41.97682,0,F1430977-52AF-4F46-BF92-0A8D736CBD2B
61.710423,-42.108074,2,F1430977-52AF-4F46-BF92-0A8D736CBD2B
62.613564,-42.176582,2,F1430977-52AF-4F46-BF92-0A8D736CBD2B
61.5331,-43.035664,2,F1430977-52AF-4F46-BF92-0A8D736CBD2B
0.0747355,-27.74571,0,F752B62E-E95F-A65D-4CB2-8B0252E15F08
-0.03763279,-27.736532,1,F752B62E-E95F-A65D-4CB2-8B0252E15F08
-30.103188,-18.464905,2,F752B62E-E95F-A65D-4CB2-8B0252E15F08
-30.305925,-18.170284,2,F752B62E-E95F-A65D-4CB2-8B0252E15F08
-30.751911,-17.549955,2,F752B62E-E95F-A65D-4CB2-8B0252E15F08
-31.157557,-16.626549,2,F752B62E-E95F-A65D-4CB2-8B0252E15F08
-62.222614,-1.3008152,2,F752B62E-E95F-A65D-4CB2-8B0252E15F08
-62.18526,-1.5242096,2,F752B62E-E95F-A65D-4CB2-8B0252E15F08
-61.9692,-1.8813509,2,F752B62E-E95F-A65D-4CB2-8B0252E15F08
-62.051514,-2.1222172,2,F752B62E-E95F-A65D-4CB2-8B0252E15F08
-62.78528,-3.042362,2,F752B62E-E95F-A65D-4CB2-8B0252E15F08
-21.98173,-20.461184,2,F752B62E-E95F-A65D-4CB2-8B0252E15F08
19.32479,57.47855,2,F752B62E-E95F-A65D-4CB2-8B0252E15F08
39.218864,37.693184,0,F752B62E-E95F-A65D-4CB2-8B0252E15F08
58.617596,-40.200268,0,F752B62E-E95F-A65D-4CB2-8B0252E15F08
58.79328,-39.700283,0,F752B62E-E95F-A65D-4CB2-8B0252E15F08
58.95427,-39.872868,1,F752B62E-E95F-A65D-4CB2-8B0252E15F08
59.250084,-40.37108,1,F752B62E-E95F-A65D-4CB2-8B0252E15F08
-5.3326693,-8.0432825,1,F752B62E-E95F-A65D-4CB2-8B0252E15F08
-5.7057977,-7.801048,1,F752B62E-E95F-A65D-4CB2-8B0252E15F08
-6.2168355,-6.9718165,1,F752B62E-E95F-A65D-4CB2-8B0252E15F08
-6.414305,-6.22599,2,F752B62E-E95F-A65D-4CB2-8B0252E15F08
-63.85647,2.7448409,2,F752B62E-E95F-A65D-4CB2-8B0252E15F08
-63.896576,2.7554724,2,F752B62E-E95F-A65D-4CB2-8B0252E15F08
-39.4661,-14.349011,2,F752B62E-E95F-A65D-4CB2-8B0252E15F08
-39.351967,-14.49736,2,F752B62E-E95F-A65D-4CB2-8B0252E15F08
-39.106743,-14.617905,2,F752B62E-E95F-A65D-4CB2-8B0252E15F08
-17.329494,-5.0335064,1,F752B62E-E95F-A65D-4CB2-8B0252E15F08
-17.261562,-5.0016975,0,F752B62E-E95F-A65D-4CB2-8B0252E15F08
15.214121,-40.244522,0,F752B62E-E95F-A65D-4CB2-8B0252E15F08
56.77324,-36.992332,0,F752B62E-E95F-A65D-4CB2-8B0252E15F08
56.86047,-36.31984,0,F752B62E-E95F-A65D-4CB2-8B0252E15F08
56.68668,-36.58809,0,F752B62E-E95F-A65D-4CB2-8B0252E15F08
57.287304,-36.90133,0,F752B62E-E95F-A65D-4CB2-8B0252E15F08
57.72437,-36.397343,1,F752B62E-E95F-A65D-4CB2-8B0252E15F08
41.161892,-36.022064,1,F752B62E-E95F-A65D-4CB2-8B0252E15F08
-6.140287,65.255905,2,FB3409F8-2ADE-757A-A1A5-DC1BBBD1131A
-6.022337,65.02537,2,FB3409F8-2ADE-757A-A1A5-DC1BBBD1131A
-5.990266,64.79216,0,FB3409F8-2ADE-757A-A1A5-DC1BBBD1131A
-6.051433,63.800114,0,FB3409F8-2ADE-757A-A1A5-DC1BBBD1131A
-5.9277515,63.282036,0,FB3409F8-2ADE-757A-A1A5-DC1BBBD1131A
-5.9055734,63.229145,0,FB3409F8-2ADE-757A-A1A5-DC1BBBD1131A
37.769196,-16.842083,1,FB3409F8-2ADE-757A-A1A5-DC1BBBD1131A
38.2435,-17.441864,1,FB3409F8-2ADE-757A-A1A5-DC1BBBD1131A
37.305267,-14.373163,1,FB3409F8-2ADE-757A-A1A5-DC1BBBD1131A
30.231209,-8.258057,1,FB3409F8-2ADE-757A-A1A5-DC1BBBD1131A
18.457106,44.123962,0,FB3409F8-2ADE-757A-A1A5-DC1BBBD1131A
18.475073,44.131397,0,FB3409F8-2ADE-757A-A1A5-DC1BBBD1131A
-11.7923765,-14.908803,0,FB3409F8-2ADE-757A-A1A5-DC1BBBD1131A
-11.868952,-14.875283,2,FB3409F8-2ADE-757A-A1A5-DC1BBBD1131A
-11.987835,-14.837356,2,FB3409F8-2ADE-757A-A1A5-DC1BBBD1131A
13.137235,-40.0592,2,FB3409F8-2ADE-757A-A1A5-DC1BBBD1131A
14.085711,-40.48687,2,FB3409F8-2ADE-757A-A1A5-DC1BBBD1131A
37.303635,-39.774612,2,FB3409F8-2ADE-757A-A1A5-DC1BBBD1131A
-5.1157894,53.764465,1,FB70D507-2F2A-0F83-3B53-75EB8452F5E0
16.588156,40.270283,1,FB70D507-2F2A-0F83-3B53-75EB8452F5E0
17.426874,39.845608,1,FB70D507-2F2A-0F83-3B53-75EB8452F5E0
18.143948,39.863792,1,FB70D507-2F2A-0F83-3B53-75EB8452F5E0
17.191994,39.416428,1,FB70D507-2F2A-0F83-3B53-75EB8452F5E0
16.510256,38.72292,1,FB70D507-2F2A-0F83-3B53-75EB8452F5E0
44.987484,-42.01507,2,FB70D507-2F2A-0F83-3B53-75EB8452F5E0
10.196105,-47.319485,2,FB70D507-2F2A-0F83-3B53-75EB8452F5E0
-0.78640646,-46.900593,2,FB70D507-2F2A-0F83-3B53-75EB8452F5E0
-40.10258,-49.625202,1,FB70D507-2F2A-0F83-3B53-75EB8452F5E0
-40.164764,-49.6761,1,FB70D507-2F2A-0F83-3B53-75EB8452F5E0
-40.40805,-50.602013,1,FB70D507-2F2A-0F83-3B53-75EB8452F5E0
15.333837,35.021496,1,FB70D507-2F2A-0F83-3B53-75EB8452F5E0
49.20855,10.00259,1,FB70D507-2F2A-0F83-3B53-75EB8452F5E0
49.28921,10.008487,1,FB70D507-2F2A-0F83-3B53-75EB8452F5E0
48.739788,10.111102,1,FB70D507-2F2A-0F83-3B53-75EB8452F5E0
9.272634,-26.546675,1,FB70D507-2F2A-0F83-3B53-75EB8452F5E0
9.264982,-26.562687,1,FB70D507-2F2A-0F83-3B53-75EB8452F5E0
57.417236,-2.5021546,1,FB70D507-2F2A-0F83-3B53-75EB8452F5E0
53.052094,-1.3557944,1,FB70D507-2F2A-0F83-3B53-75EB8452F5E0
53.029495,-1.3514751,2,FB70D507-2F2A-0F83-3B53-75EB8452F5E0
40.58759,41.472397,2,FC50071B-D2BA-C98B-AC6E-7339010D56DA
40.337555,41.428387,2,FC50071B-D2BA-C98B-AC6E-7339010D56DA
40.218906,41.304,2,FC50071B-D2BA-C98B-AC6E-7339010D56DA
40.21275,41.075172,2,FC50071B-D2BA-C98B-AC6E-7339010D56DA
39.93152,40.859108,2,FC50071B-D2BA-C98B-AC6E-7339010D56DA
55.244976,-36.191845,2,FC50071B-D2BA-C98B-AC6E-7339010D56DA
-15.469883,-23.996767,2,FC50071B-D2BA-C98B-AC6E-7339010D56DA
-16.457436,-24.218344,2,FC50071B-D2BA-C98B-AC6E-7339010D56DA
-16.540894,-24.236547,0,FC50071B-D2BA-C98B-AC6E-7339010D56DA
-16.563816,-24.250538,0,FC50071B-D2BA-C98B-AC6E-7339010D56DA
-17.596647,-24.299994,0,FC50071B-D2BA-C98B-AC6E-7339010D56DA
37.603447,-48.01195,2,FC50071B-D2BA-C98B-AC6E-7339010D56DA
32.61839,-10.431067,2,FC50071B-D2BA-C98B-AC6E-7339010D56DA
31.91566,-4.9526706,2,FC50071B-D2BA-C98B-AC6E-7339010D56DA
12.255431,43.408173,2,FC50071B-D2BA-C98B-AC6E-7339010D56DA
11.773151,43.554108,2,FC50071B-D2BA-C98B-AC6E-7339010D56DA
11.160117,43.89639,2,FC50071B-D2BA-C98B-AC6E-7339010D56DA
10.969959,43.9458,1,FC50071B-D2BA-C98B-AC6E-7339010D56DA
-36.760902,3.3451557,0,FC50071B-D2BA-C98B-AC6E-7339010D56DA
-36.756374,3.3446639,0,FC50071B-D2BA-C98B-AC6E-7339010D56DA
-1.3992816,-16.139845,1,FC50071B-D2BA-C98B-AC6E-7339010D56DA
-1.0954481,-16.109816,1,FC50071B-D2BA-C98B-AC6E-7339010D56DA
20.914162,-6.7483244,1,FC50071B-D2BA-C98B-AC6E-7339010D56DA
13.177162,31.354794,1,FC50071B-D2BA-C98B-AC6E-7339010D56DA
8.1115265,-13.732989,1,FC66D29E-8CD8-AE29-A071-33549272C1EE
17.894941,-4.580122,1,FC66D29E-8CD8-AE29-A071-33549272C1EE
-9.263515,37.680847,1,FC66D29E-8CD8-AE29-A071-33549272C1EE
-8.583886,38.19228,1,FC66D29E-8CD8-AE29-A071-33549272C1EE
-8.50709,38.28269,1,FC66D29E-8CD8-AE29-A071-33549272C1EE
-8.376162,38.363167,1,FC66D29E-8CD8-AE29-A071-33549272C1EE
-20.340424,2.2686248,1,FC66D29E-8CD8-AE29-A071-33549272C1EE
-20.306648,2.376976,1,FC66D29E-8CD8-AE29-A071-33549272C1EE
-18.14792,3.7690768,1,FC66D29E-8CD8-AE29-A071-33549272C1EE
-3.0752094,0.32043877,1,FC66D29E-8CD8-AE29-A071-33549272C1EE
-3.0550804,0.38486344,1,FC66D29E-8CD8-AE29-A071-33549272C1EE
-2.8378322,1.6932614,1,FC66D29E-8CD8-AE29-A071-33549272C1EE
53.236053,-34.018665,2,FC66D29E-8CD8-AE29-A071-33549272C1EE
68.73595,7.2646146,2,FC66D29E-8CD8-AE29-A071-33549272C1EE
57.62926,12.703877,2,FC66D29E-8CD8-AE29-A071-33549272C1EE
-8.738186,9.220945,0,FC66D29E-8CD8-AE29-A071-33549272C1EE
-56.73844,-8.290446,0,FC66D29E-8CD8-AE29-A071-33549272C1EE
-56.721653,-8.280384,0,FC66D29E-8CD8-AE29-A071-33549272C1EE
-37.179123,5.047009,0,FC66D29E-8CD8-AE29-A071-33549272C1EE
-36.111465,4.6238494,2,FC66D29E-8CD8-AE29-A071-33549272C1EE
35.155014,30.53817,0,FC66D29E-8CD8-AE29-A071-33549272C1EE
49.9908,-30.408232,0,FC66D29E-8CD8-AE29-A071-33549272C1EE
47.4951,-43.150925,0,FC66D29E-8CD8-AE29-A071-33549272C1EE
39.39022,-34.90245,0,FC66D29E-8CD8-AE29-A071-33549272C1EE
11.775493,-44.16199,2,FFAB0F54-EFF2-FA1A-1892-F9D8ED3C9B31
58.977367,-38.27814,0,FFAB0F54-EFF2-FA1A-1892-F9D8ED3C9B31
34.027885,-47.043983,0,FFAB0F54-EFF2-FA1A-1892-F9D8ED3C9B31
34.411655,-46.939556,0,FFAB0F54-EFF2-FA1A-1892-F9D8ED3C9B31
34.493214,-46.693768,2,FFAB0F54-EFF2-FA1A-1892-F9D8ED3C9B31
34.02957,-46.289978,2,FFAB0F54-EFF2-FA1A-1892-F9D8ED3C9B31
34.439346,-46.238483,2,FFAB0F54-EFF2-FA1A-1892-F9D8ED3C9B31
35.629204,-48.218117,0,FFAB0F54-EFF2-FA1A-1892-F9D8ED3C9B31
-1.0770756,-48.23348,0,FFAB0F54-EFF2-FA1A-1892-F9D8ED3C9B31
-4.3766046,-49.73805,0,FFAB0F54-EFF2-FA1A-1892-F9D8ED3C9B31
-4.45597,-49.74789,2,FFAB0F54-EFF2-FA1A-1892-F9D8ED3C9B31
-14.259339,-44.882465,2,FFAB0F54-EFF2-FA1A-1892-F9D8ED3C9B31
-42.787014,-47.793118,0,FFAB0F54-EFF2-FA1A-1892-F9D8ED3C9B31
-43.247986,-47.541164,2,FFAB0F54-EFF2-FA1A-1892-F9D8ED3C9B31
-49.238274,-35.30672,2,FFAB0F54-EFF2-FA1A-1892-F9D8ED3C9B31
-49.24104,-35.29839,2,FFAB0F54-EFF2-FA1A-1892-F9D8ED3C9B31
10.459165,36.88752,2,FFAB0F54-EFF2-FA1A-1892-F9D8ED3C9B31
10.278798,37.02055,2,FFAB0F54-EFF2-FA1A-1892-F9D8ED3C9B31
-50.67275,-34.335705,2,FFAB0F54-EFF2-FA1A-1892-F9D8ED3C9B31
-18.012968,-41.862095,0,FFAB0F54-EFF2-FA1A-1892-F9D8ED3C9B31
-18.039368,-42.11938,0,FFAB0F54-EFF2-FA1A-1892-F9D8ED3C9B31
-18.026028,-42.2359,0,FFAB0F54-EFF2-FA1A-1892-F9D8ED3C9B31
-43.914185,-41.024746,0,FFAB0F54-EFF2-FA1A-1892-F9D8ED3C9B31
-43.89707,-40.996296,0,FFAB0F54-EFF2-FA1A-1892-F9D8ED3C9B31
