tsne_x,tsne_y,label_mood,player_id
-58.45261,-12.793998,2,018B0D8D-B5EC-09D6-90ED-550058EBFEAF
-58.292576,-12.34757,2,018B0D8D-B5EC-09D6-90ED-550058EBFEAF
-49.590042,-6.5362034,2,018B0D8D-B5EC-09D6-90ED-550058EBFEAF
-49.397404,-6.569098,2,018B0D8D-B5EC-09D6-90ED-550058EBFEAF
-50.564728,-6.0844474,2,018B0D8D-B5EC-09D6-90ED-550058EBFEAF
-50.712418,-6.01439,2,018B0D8D-B5EC-09D6-90ED-550058EBFEAF
-11.237019,10.811056,0,018B0D8D-B5EC-09D6-90ED-550058EBFEAF
-11.376695,10.639321,0,018B0D8D-B5EC-09D6-90ED-550058EBFEAF
-11.168486,10.614338,0,018B0D8D-B5EC-09D6-90ED-550058EBFEAF
-27.003998,-7.941255,2,018B0D8D-B5EC-09D6-90ED-550058EBFEAF
-33.135662,-12.195525,2,018B0D8D-B5EC-09D6-90ED-550058EBFEAF
-43.401627,-3.6699023,2,018B0D8D-B5EC-09D6-90ED-550058EBFEAF
63.3196,7.292533,0,018B0D8D-B5EC-09D6-90ED-550058EBFEAF
62.991703,7.478465,0,018B0D8D-B5EC-09D6-90ED-550058EBFEAF
60.11617,1.1884739,0,018B0D8D-B5EC-09D6-90ED-550058EBFEAF
54.802536,-3.2921765,0,018B0D8D-B5EC-09D6-90ED-550058EBFEAF
51.020172,-19.506168,0,018B0D8D-B5EC-09D6-90ED-550058EBFEAF
50.121586,-14.405551,0,018B0D8D-B5EC-09D6-90ED-550058EBFEAF
-19.298662,11.428948,0,06F9F8CE-9696-23CA-25B5-000AA4A793BA
62.180084,3.4752614,0,06F9F8CE-9696-23CA-25B5-000AA4A793BA
61.786686,3.9953847,0,06F9F8CE-9696-23CA-25B5-000AA4A793BA
61.078243,5.2431474,0,06F9F8CE-9696-23CA-25B5-000AA4A793BA
61.20596,5.2724195,0,06F9F8CE-9696-23CA-25B5-000AA4A793BA
56.24527,-7.7765174,1,06F9F8CE-9696-23CA-25B5-000AA4A793BA
53.69765,-8.641255,0,06F9F8CE-9696-23CA-25B5-000AA4A793BA
48.720627,-8.26592,0,06F9F8CE-9696-23CA-25B5-000AA4A793BA
48.21854,-8.529329,0,06F9F8CE-9696-23CA-25B5-000AA4A793BA
47.47141,-8.67053,0,06F9F8CE-9696-23CA-25B5-000AA4A793BA
43.37689,-11.804671,0,06F9F8CE-9696-23CA-25B5-000AA4A793BA
31.96135,-34.101685,0,06F9F8CE-9696-23CA-25B5-000AA4A793BA
6.9971294,-28.777489,2,06F9F8CE-9696-23CA-25B5-000AA4A793BA
7.032024,-28.779667,2,06F9F8CE-9696-23CA-25B5-000AA4A793BA
9.53548,-50.33451,2,06F9F8CE-9696-23CA-25B5-000AA4A793BA
9.430913,-50.356915,2,06F9F8CE-9696-23CA-25B5-000AA4A793BA
9.303895,-50.45199,2,06F9F8CE-9696-23CA-25B5-000AA4A793BA
5.4318957,-51.985077,0,06F9F8CE-9696-23CA-25B5-000AA4A793BA
63.944122,10.319792,0,06F9F8CE-9696-23CA-25B5-000AA4A793BA
63.83248,0.22389908,0,06F9F8CE-9696-23CA-25B5-000AA4A793BA
57.022495,-1.3714545,0,06F9F8CE-9696-23CA-25B5-000AA4A793BA
51.723618,12.805095,0,06F9F8CE-9696-23CA-25B5-000AA4A793BA
49.448246,-10.889509,0,06F9F8CE-9696-23CA-25B5-000AA4A793BA
49.336075,-10.9138155,0,06F9F8CE-9696-23CA-25B5-000AA4A793BA
49.20847,-11.142351,1,06F9F8CE-9696-23CA-25B5-000AA4A793BA
49.673386,-19.077103,1,06F9F8CE-9696-23CA-25B5-000AA4A793BA
37.552986,-19.065395,1,06F9F8CE-9696-23CA-25B5-000AA4A793BA
28.634583,-12.071392,1,06F9F8CE-9696-23CA-25B5-000AA4A793BA
28.275486,-11.747296,0,06F9F8CE-9696-23CA-25B5-000AA4A793BA
28.086649,-11.459477,0,06F9F8CE-9696-23CA-25B5-000AA4A793BA
12.330272,25.453722,0,0A221ADF-C99E-307E-7B65-92EF9DABA6C4
0.8615886,54.29469,0,0A221ADF-C99E-307E-7B65-92EF9DABA6C4
-1.1205621,53.65218,0,0A221ADF-C99E-307E-7B65-92EF9DABA6C4
-10.4192095,49.66932,2,0A221ADF-C99E-307E-7B65-92EF9DABA6C4
-44.63693,39.4748,2,0A221ADF-C99E-307E-7B65-92EF9DABA6C4
-44.454926,39.574284,2,0A221ADF-C99E-307E-7B65-92EF9DABA6C4
27.08107,-34.11386,2,0A221ADF-C99E-307E-7B65-92EF9DABA6C4
19.456148,-34.250244,0,0A221ADF-C99E-307E-7B65-92EF9DABA6C4
19.269863,-34.425274,0,0A221ADF-C99E-307E-7B65-92EF9DABA6C4
18.060417,2.6578841,0,0A221ADF-C99E-307E-7B65-92EF9DABA6C4
17.065409,-1.1160259,0,0A221ADF-C99E-307E-7B65-92EF9DABA6C4
13.455428,-38.87198,2,0A221ADF-C99E-307E-7B65-92EF9DABA6C4
12.883578,-39.68794,2,0A221ADF-C99E-307E-7B65-92EF9DABA6C4
4.5699377,-43.434387,2,0A221ADF-C99E-307E-7B65-92EF9DABA6C4
4.7652574,-44.270405,2,0A221ADF-C99E-307E-7B65-92EF9DABA6C4
4.857976,-44.664177,0,0A221ADF-C99E-307E-7B65-92EF9DABA6C4
-3.5868096,-46.411514,0,0A221ADF-C99E-307E-7B65-92EF9DABA6C4
-4.700711,-47.75471,0,0A221ADF-C99E-307E-7B65-92EF9DABA6C4
-4.925317,56.025547,2,0A221ADF-C99E-307E-7B65-92EF9DABA6C4
-9.712569,51.913876,2,0A221ADF-C99E-307E-7B65-92EF9DABA6C4
-39.46997,22.686543,2,0A221ADF-C99E-307E-7B65-92EF9DABA6C4
-39.016804,23.676336,2,0A221ADF-C99E-307E-7B65-92EF9DABA6C4
-38.797955,23.701859,2,0A221ADF-C99E-307E-7B65-92EF9DABA6C4
-36.919083,22.76955,2,0A221ADF-C99E-307E-7B65-92EF9DABA6C4
29.771053,-2.886345,1,0A76B59A-F1FF-F3F5-A3CA-2386FA8EF308
29.773073,-2.890188,0,0A76B59A-F1FF-F3F5-A3CA-2386FA8EF308
29.730295,-2.8198755,0,0A76B59A-F1FF-F3F5-A3CA-2386FA8EF308
28.449741,-0.5611173,0,0A76B59A-F1FF-F3F5-A3CA-2386FA8EF308
28.419573,-0.5280068,0,0A76B59A-F1FF-F3F5-A3CA-2386FA8EF308
28.388477,-0.4720417,0,0A76B59A-F1FF-F3F5-A3CA-2386FA8EF308
-6.972211,53.811672,2,0A76B59A-F1FF-F3F5-A3CA-2386FA8EF308
-12.051666,52.846348,2,0A76B59A-F1FF-F3F5-A3CA-2386FA8EF308
-14.214996,51.542446,2,0A76B59A-F1FF-F3F5-A3CA-2386FA8EF308
-42.767757,40.24566,2,0A76B59A-F1FF-F3F5-A3CA-2386FA8EF308
-42.60228,40.77812,2,0A76B59A-F1FF-F3F5-A3CA-2386FA8EF308
-41.922615,39.286972,2,0A76B59A-F1FF-F3F5-A3CA-2386FA8EF308
40.044235,-3.295591,2,0A76B59A-F1FF-F3F5-A3CA-2386FA8EF308
40.038616,-3.3050401,1,0A76B59A-F1FF-F3F5-A3CA-2386FA8EF308
32.25453,-11.386426,2,0A76B59A-F1FF-F3F5-A3CA-2386FA8EF308
30.307652,-18.038206,2,0A76B59A-F1FF-F3F5-A3CA-2386FA8EF308
25.363586,-15.016349,2,0A76B59A-F1FF-F3F5-A3CA-2386FA8EF308
24.723911,-27.600658,2,0A76B59A-F1FF-F3F5-A3CA-2386FA8EF308
-9.485924,-46.95311,0,0A76B59A-F1FF-F3F5-A3CA-2386FA8EF308
32.081406,35.279152,0,0A76B59A-F1FF-F3F5-A3CA-2386FA8EF308
32.223602,35.193607,0,0A76B59A-F1FF-F3F5-A3CA-2386FA8EF308
33.07254,33.191555,0,0A76B59A-F1FF-F3F5-A3CA-2386FA8EF308
33.056892,33.316555,2,0A76B59A-F1FF-F3F5-A3CA-2386FA8EF308
32.926006,32.600758,2,0A76B59A-F1FF-F3F5-A3CA-2386FA8EF308
-58.21002,-15.300433,2,0AD33010-1AC1-E9FB-2FD4-313E3DF4692D
-58.12675,-15.117967,2,0AD33010-1AC1-E9FB-2FD4-313E3DF4692D
-57.399902,-15.257842,0,0AD33010-1AC1-E9FB-2FD4-313E3DF4692D
-45.694477,-19.061491,0,0AD33010-1AC1-E9FB-2FD4-313E3DF4692D
-45.441414,-19.166235,0,0AD33010-1AC1-E9FB-2FD4-313E3DF4692D
-44.758766,-19.096254,0,0AD33010-1AC1-E9FB-2FD4-313E3DF4692D
-48.565334,30.334818,2,0AD33010-1AC1-E9FB-2FD4-313E3DF4692D
-48.595,30.3397,0,0AD33010-1AC1-E9FB-2FD4-313E3DF4692D
-34.784206,41.266872,0,0AD33010-1AC1-E9FB-2FD4-313E3DF4692D
-2.997158,27.179144,0,0AD33010-1AC1-E9FB-2FD4-313E3DF4692D
-2.8604033,27.23459,0,0AD33010-1AC1-E9FB-2FD4-313E3DF4692D
-2.3027894,27.458607,0,0AD33010-1AC1-E9FB-2FD4-313E3DF4692D
54.788292,-12.959833,2,0AD33010-1AC1-E9FB-2FD4-313E3DF4692D
54.270626,-12.939284,2,0AD33010-1AC1-E9FB-2FD4-313E3DF4692D
40.95252,-6.700291,2,0AD33010-1AC1-E9FB-2FD4-313E3DF4692D
41.030838,-7.234442,2,0AD33010-1AC1-E9FB-2FD4-313E3DF4692D
41.00497,-7.905009,2,0AD33010-1AC1-E9FB-2FD4-313E3DF4692D
40.68069,-8.244042,2,0AD33010-1AC1-E9FB-2FD4-313E3DF4692D
40.311123,-8.461804,2,0AD33010-1AC1-E9FB-2FD4-313E3DF4692D
30.248438,-32.32425,2,0AD33010-1AC1-E9FB-2FD4-313E3DF4692D
30.060602,-32.200367,2,0AD33010-1AC1-E9FB-2FD4-313E3DF4692D
29.553406,-32.20387,1,0AD33010-1AC1-E9FB-2FD4-313E3DF4692D
28.612774,-31.875736,1,0AD33010-1AC1-E9FB-2FD4-313E3DF4692D
28.537067,-31.860117,1,0AD33010-1AC1-E9FB-2FD4-313E3DF4692D
-8.813118,13.182646,0,0B5863F1-A482-C95D-EA42-9183B5BDFA12
6.302134,2.4485178,0,0B5863F1-A482-C95D-EA42-9183B5BDFA12
6.168437,2.2759905,0,0B5863F1-A482-C95D-EA42-9183B5BDFA12
5.2460914,-27.887928,0,0B5863F1-A482-C95D-EA42-9183B5BDFA12
-8.725268,10.437922,1,0B5863F1-A482-C95D-EA42-9183B5BDFA12
-8.762118,10.253153,1,0B5863F1-A482-C95D-EA42-9183B5BDFA12
-8.85641,10.08792,1,0B5863F1-A482-C95D-EA42-9183B5BDFA12
-9.080272,10.002705,0,0B5863F1-A482-C95D-EA42-9183B5BDFA12
-9.813558,9.2145605,0,0B5863F1-A482-C95D-EA42-9183B5BDFA12
-13.209791,10.132377,0,0B5863F1-A482-C95D-EA42-9183B5BDFA12
13.506281,32.571915,0,0B5863F1-A482-C95D-EA42-9183B5BDFA12
13.6705885,32.55955,0,0B5863F1-A482-C95D-EA42-9183B5BDFA12
13.770126,32.544476,0,0B5863F1-A482-C95D-EA42-9183B5BDFA12
6.695907,37.995594,0,0B5863F1-A482-C95D-EA42-9183B5BDFA12
-3.284438,57.897594,2,0B5863F1-A482-C95D-EA42-9183B5BDFA12
-9.43208,56.36115,2,0B5863F1-A482-C95D-EA42-9183B5BDFA12
-10.007216,55.347,2,0B5863F1-A482-C95D-EA42-9183B5BDFA12
-10.454367,54.99719,2,0B5863F1-A482-C95D-EA42-9183B5BDFA12
59.731453,-0.92352915,0,0B5863F1-A482-C95D-EA42-9183B5BDFA12
51.10046,-6.6867332,0,0B5863F1-A482-C95D-EA42-9183B5BDFA12
50.380154,-13.159714,2,0B5863F1-A482-C95D-EA42-9183B5BDFA12
44.00448,-6.7821903,2,0B5863F1-A482-C95D-EA42-9183B5BDFA12
43.137516,-6.7684884,2,0B5863F1-A482-C95D-EA42-9183B5BDFA12
42.7786,-6.788269,0,0B5863F1-A482-C95D-EA42-9183B5BDFA12
-10.432807,15.48103,1,0B5863F1-A482-C95D-EA42-9183B5BDFA12
-10.368403,15.256658,1,0B5863F1-A482-C95D-EA42-9183B5BDFA12
-10.437658,15.131616,2,0B5863F1-A482-C95D-EA42-9183B5BDFA12
-10.633709,14.632457,2,0B5863F1-A482-C95D-EA42-9183B5BDFA12
0.1074239,-51.07616,2,0B5863F1-A482-C95D-EA42-9183B5BDFA12
-0.01964655,-51.169106,2,0B5863F1-A482-C95D-EA42-9183B5BDFA12
-48.001144,-25.462214,2,0D759376-3F10-1BEB-7205-E91B8BF17984
-48.53791,-25.661331,2,0D759376-3F10-1BEB-7205-E91B8BF17984
-48.58834,-25.81959,2,0D759376-3F10-1BEB-7205-E91B8BF17984
-38.901028,-23.378357,2,0D759376-3F10-1BEB-7205-E91B8BF17984
-38.789394,-23.336618,2,0D759376-3F10-1BEB-7205-E91B8BF17984
-18.489235,-8.133245,2,0D759376-3F10-1BEB-7205-E91B8BF17984
7.52769,34.760006,0,0D759376-3F10-1BEB-7205-E91B8BF17984
7.43263,34.7082,0,0D759376-3F10-1BEB-7205-E91B8BF17984
-3.4542785,59.2623,0,0D759376-3F10-1BEB-7205-E91B8BF17984
-3.9961689,57.20591,0,0D759376-3F10-1BEB-7205-E91B8BF17984
-9.742804,54.707886,0,0D759376-3F10-1BEB-7205-E91B8BF17984
-42.201057,27.139402,2,0D759376-3F10-1BEB-7205-E91B8BF17984
13.880049,-34.621483,2,0D759376-3F10-1BEB-7205-E91B8BF17984
6.7870955,-42.718967,2,0D759376-3F10-1BEB-7205-E91B8BF17984
7.634367,-46.74314,2,0D759376-3F10-1BEB-7205-E91B8BF17984
7.190686,-46.91433,2,0D759376-3F10-1BEB-7205-E91B8BF17984
-0.36262062,-45.902336,2,0D759376-3F10-1BEB-7205-E91B8BF17984
2.434589,-50.498825,2,0D759376-3F10-1BEB-7205-E91B8BF17984
5.96755,-0.561705,0,0F3B2D98-51FE-5265-3746-A0763DE31C98
6.000691,-0.55506,1,0F3B2D98-51FE-5265-3746-A0763DE31C98
6.0532436,-0.5475615,1,0F3B2D98-51FE-5265-3746-A0763DE31C98
-2.7495,-29.489843,1,0F3B2D98-51FE-5265-3746-A0763DE31C98
5.239365,-48.76176,1,0F3B2D98-51FE-5265-3746-A0763DE31C98
5.1210904,-48.87314,1,0F3B2D98-51FE-5265-3746-A0763DE31C98
-40.569164,35.486767,2,0F3B2D98-51FE-5265-3746-A0763DE31C98
-40.578163,35.485367,2,0F3B2D98-51FE-5265-3746-A0763DE31C98
-40.260033,35.196693,2,0F3B2D98-51FE-5265-3746-A0763DE31C98
-34.075222,28.651947,2,0F3B2D98-51FE-5265-3746-A0763DE31C98
-24.5027,14.468872,0,0F3B2D98-51FE-5265-3746-A0763DE31C98
-23.208796,12.562765,0,0F3B2D98-51FE-5265-3746-A0763DE31C98
-63.73359,-15.382067,2,14027B3A-0AD6-CBA3-A600-42B3C0A4D933
-50.185757,-21.662851,2,14027B3A-0AD6-CBA3-A600-42B3C0A4D933
-49.481945,-21.352238,2,14027B3A-0AD6-CBA3-A600-42B3C0A4D933
-48.700462,-21.087399,2,14027B3A-0AD6-CBA3-A600-42B3C0A4D933
-48.24305,-21.098402,2,14027B3A-0AD6-CBA3-A600-42B3C0A4D933
-48.357376,-21.002695,2,14027B3A-0AD6-CBA3-A600-42B3C0A4D933
-40.834404,42.48093,2,14027B3A-0AD6-CBA3-A600-42B3C0A4D933
-40.786747,42.41291,2,14027B3A-0AD6-CBA3-A600-42B3C0A4D933
-40.513954,41.9731,2,14027B3A-0AD6-CBA3-A600-42B3C0A4D933
-35.910786,36.46674,2,14027B3A-0AD6-CBA3-A600-42B3C0A4D933
-34.185295,35.44821,2,14027B3A-0AD6-CBA3-A600-42B3C0A4D933
-22.666437,13.017515,0,14027B3A-0AD6-CBA3-A600-42B3C0A4D933
40.49748,4.59046,0,14027B3A-0AD6-CBA3-A600-42B3C0A4D933
52.78688,6.7122416,0,14027B3A-0AD6-CBA3-A600-42B3C0A4D933
57.48173,11.868882,0,14027B3A-0AD6-CBA3-A600-42B3C0A4D933
59.99145,12.670298,2,14027B3A-0AD6-CBA3-A600-42B3C0A4D933
59.825203,12.551931,2,14027B3A-0AD6-CBA3-A600-42B3C0A4D933
57.3373,-1.3724786,2,14027B3A-0AD6-CBA3-A600-42B3C0A4D933
51.85337,12.901041,2,14027B3A-0AD6-CBA3-A600-42B3C0A4D933
54.471554,-21.725357,2,14027B3A-0AD6-CBA3-A600-42B3C0A4D933
50.644768,-9.577362,2,14027B3A-0AD6-CBA3-A600-42B3C0A4D933
50.595646,-9.691447,2,14027B3A-0AD6-CBA3-A600-42B3C0A4D933
47.106934,-10.034742,2,14027B3A-0AD6-CBA3-A600-42B3C0A4D933
44.631588,-9.589794,0,14027B3A-0AD6-CBA3-A600-42B3C0A4D933
44.253178,-13.784909,0,14027B3A-0AD6-CBA3-A600-42B3C0A4D933
43.78452,-13.942826,0,14027B3A-0AD6-CBA3-A600-42B3C0A4D933
28.13277,-36.575283,0,14027B3A-0AD6-CBA3-A600-42B3C0A4D933
26.84396,-37.134407,2,14027B3A-0AD6-CBA3-A600-42B3C0A4D933
25.881598,-37.92691,2,14027B3A-0AD6-CBA3-A600-42B3C0A4D933
23.893183,-36.249245,2,14027B3A-0AD6-CBA3-A600-42B3C0A4D933
3.6626046,48.821934,2,14027B3A-0AD6-CBA3-A600-42B3C0A4D933
-8.544538,48.45362,2,14027B3A-0AD6-CBA3-A600-42B3C0A4D933
-27.988602,25.42204,2,14027B3A-0AD6-CBA3-A600-42B3C0A4D933
-28.221365,25.630808,2,14027B3A-0AD6-CBA3-A600-42B3C0A4D933
-28.904234,26.101452,2,14027B3A-0AD6-CBA3-A600-42B3C0A4D933
-28.920372,26.009665,2,14027B3A-0AD6-CBA3-A600-42B3C0A4D933
-23.155056,15.470359,0,14027B3A-0AD6-CBA3-A600-42B3C0A4D933
-20.309679,13.242028,0,14027B3A-0AD6-CBA3-A600-42B3C0A4D933
56.98355,6.878284,0,14027B3A-0AD6-CBA3-A600-42B3C0A4D933
57.44601,6.6819563,0,14027B3A-0AD6-CBA3-A600-42B3C0A4D933
60.502308,10.798633,2,14027B3A-0AD6-CBA3-A600-42B3C0A4D933
54.862675,-0.37210363,2,14027B3A-0AD6-CBA3-A600-42B3C0A4D933
-29.632683,18.822014,2,165B40B2-D9B2-DBC0-AE48-02C0F49A609F
-21.527044,-5.687554,2,165B40B2-D9B2-DBC0-AE48-02C0F49A609F
-20.995464,-6.5908923,2,165B40B2-D9B2-DBC0-AE48-02C0F49A609F
-20.687334,-6.867359,2,165B40B2-D9B2-DBC0-AE48-02C0F49A609F
-20.65035,-16.08126,2,165B40B2-D9B2-DBC0-AE48-02C0F49A609F
-20.665339,-16.134647,2,165B40B2-D9B2-DBC0-AE48-02C0F49A609F
-21.145166,-15.887972,2,165B40B2-D9B2-DBC0-AE48-02C0F49A609F
-12.692103,-20.888016,2,165B40B2-D9B2-DBC0-AE48-02C0F49A609F
-12.621625,-21.01516,2,165B40B2-D9B2-DBC0-AE48-02C0F49A609F
-12.183678,-21.177242,2,165B40B2-D9B2-DBC0-AE48-02C0F49A609F
33.23282,-24.15048,2,165B40B2-D9B2-DBC0-AE48-02C0F49A609F
33.30365,-24.0652,2,165B40B2-D9B2-DBC0-AE48-02C0F49A609F
-37.473083,-11.474261,2,165B40B2-D9B2-DBC0-AE48-02C0F49A609F
-41.992897,-10.517486,2,165B40B2-D9B2-DBC0-AE48-02C0F49A609F
-42.126007,-10.539215,2,165B40B2-D9B2-DBC0-AE48-02C0F49A609F
-42.577106,-10.7111225,2,165B40B2-D9B2-DBC0-AE48-02C0F49A609F
-43.30942,-11.128683,2,165B40B2-D9B2-DBC0-AE48-02C0F49A609F
-43.49739,-11.261893,2,165B40B2-D9B2-DBC0-AE48-02C0F49A609F
-6.57078,-15.397844,0,165B40B2-D9B2-DBC0-AE48-02C0F49A609F
-6.3746934,-15.431703,0,165B40B2-D9B2-DBC0-AE48-02C0F49A609F
-6.3267913,-15.656795,0,165B40B2-D9B2-DBC0-AE48-02C0F49A609F
9.571716,-42.12822,0,165B40B2-D9B2-DBC0-AE48-02C0F49A609F
9.075749,-42.170555,0,165B40B2-D9B2-DBC0-AE48-02C0F49A609F
8.954092,-42.207367,1,165B40B2-D9B2-DBC0-AE48-02C0F49A609F
-41.19136,28.2518,2,172A62AD-9B69-33E2-1551-9526879D80AC
-32.208385,25.121214,2,172A62AD-9B69-33E2-1551-9526879D80AC
-24.10431,12.859151,2,172A62AD-9B69-33E2-1551-9526879D80AC
58.605927,3.2549806,2,172A62AD-9B69-33E2-1551-9526879D80AC
64.91097,9.02014,2,172A62AD-9B69-33E2-1551-9526879D80AC
64.83463,8.632904,2,172A62AD-9B69-33E2-1551-9526879D80AC
57.594734,-2.5277255,2,172A62AD-9B69-33E2-1551-9526879D80AC
57.31145,-2.7428546,2,172A62AD-9B69-33E2-1551-9526879D80AC
54.268013,-22.002409,2,172A62AD-9B69-33E2-1551-9526879D80AC
54.213783,-22.032124,2,172A62AD-9B69-33E2-1551-9526879D80AC
35.104134,-4.100644,2,172A62AD-9B69-33E2-1551-9526879D80AC
35.053047,-4.186354,2,172A62AD-9B69-33E2-1551-9526879D80AC
21.480362,-36.229164,2,172A62AD-9B69-33E2-1551-9526879D80AC
18.610905,-1.0166751,2,172A62AD-9B69-33E2-1551-9526879D80AC
17.89748,1.1153046,2,172A62AD-9B69-33E2-1551-9526879D80AC
14.524391,4.6790853,2,172A62AD-9B69-33E2-1551-9526879D80AC
13.871204,4.042068,2,172A62AD-9B69-33E2-1551-9526879D80AC
7.0333953,-33.71757,2,172A62AD-9B69-33E2-1551-9526879D80AC
-64.71038,-15.112048,2,1AE03BA6-E346-DEB8-4865-276ECC5CD9B1
-64.97308,-14.764689,2,1AE03BA6-E346-DEB8-4865-276ECC5CD9B1
-65.563286,-10.739067,2,1AE03BA6-E346-DEB8-4865-276ECC5CD9B1
-65.5577,-10.601862,2,1AE03BA6-E346-DEB8-4865-276ECC5CD9B1
-65.60834,-10.2704735,1,1AE03BA6-E346-DEB8-4865-276ECC5CD9B1
-65.725624,-9.943111,0,1AE03BA6-E346-DEB8-4865-276ECC5CD9B1
-63.54636,-21.525179,0,1AE03BA6-E346-DEB8-4865-276ECC5CD9B1
-33.703724,-27.384724,0,1AE03BA6-E346-DEB8-4865-276ECC5CD9B1
-62.170746,-8.201103,0,1AE03BA6-E346-DEB8-4865-276ECC5CD9B1
-39.046345,-19.074593,0,1AE03BA6-E346-DEB8-4865-276ECC5CD9B1
-39.005993,-18.912834,2,1AE03BA6-E346-DEB8-4865-276ECC5CD9B1
-46.251663,-17.293222,2,1AE03BA6-E346-DEB8-4865-276ECC5CD9B1
0.42865437,-48.567337,1,1AE03BA6-E346-DEB8-4865-276ECC5CD9B1
-1.3171588,-50.418846,0,1AE03BA6-E346-DEB8-4865-276ECC5CD9B1
-12.682489,10.152076,0,1AE03BA6-E346-DEB8-4865-276ECC5CD9B1
-27.75975,-8.632929,0,1AE03BA6-E346-DEB8-4865-276ECC5CD9B1
-37.41632,-9.630252,0,1AE03BA6-E346-DEB8-4865-276ECC5CD9B1
-43.71403,-5.5910354,0,1AE03BA6-E346-DEB8-4865-276ECC5CD9B1
30.19629,-11.598764,1,1AE03BA6-E346-DEB8-4865-276ECC5CD9B1
24.85551,-4.142741,1,1AE03BA6-E346-DEB8-4865-276ECC5CD9B1
24.47782,-3.8058574,1,1AE03BA6-E346-DEB8-4865-276ECC5CD9B1
23.559778,-2.8787568,0,1AE03BA6-E346-DEB8-4865-276ECC5CD9B1
23.15244,-2.4848702,0,1AE03BA6-E346-DEB8-4865-276ECC5CD9B1
22.86851,-2.250578,0,1AE03BA6-E346-DEB8-4865-276ECC5CD9B1
9.310744,44.983696,1,1AE03BA6-E346-DEB8-4865-276ECC5CD9B1
3.1566365,46.362694,0,1AE03BA6-E346-DEB8-4865-276ECC5CD9B1
0.012305281,47.620045,0,1AE03BA6-E346-DEB8-4865-276ECC5CD9B1
-8.215562,47.66055,0,1AE03BA6-E346-DEB8-4865-276ECC5CD9B1
-26.815155,24.043959,2,1AE03BA6-E346-DEB8-4865-276ECC5CD9B1
-42.24275,38.001717,2,1AE03BA6-E346-DEB8-4865-276ECC5CD9B1
-55.53846,-15.634186,2,1F6A56CA-9C73-442F-2682-BB69E4B03AB2
-37.004784,-21.635202,2,1F6A56CA-9C73-442F-2682-BB69E4B03AB2
-17.035803,-8.398232,2,1F6A56CA-9C73-442F-2682-BB69E4B03AB2
-16.749092,-8.7392235,2,1F6A56CA-9C73-442F-2682-BB69E4B03AB2
-16.674147,-8.891956,2,1F6A56CA-9C73-442F-2682-BB69E4B03AB2
-16.81125,-8.663472,2,1F6A56CA-9C73-442F-2682-BB69E4B03AB2
11.542188,13.404724,0,1F6A56CA-9C73-442F-2682-BB69E4B03AB2
16.069033,-3.0590916,0,1F6A56CA-9C73-442F-2682-BB69E4B03AB2
10.493264,-39.602318,2,1F6A56CA-9C73-442F-2682-BB69E4B03AB2
10.39454,-39.63628,2,1F6A56CA-9C73-442F-2682-BB69E4B03AB2
-1.3921732,-39.742996,0,1F6A56CA-9C73-442F-2682-BB69E4B03AB2
-1.6032765,-39.721035,0,1F6A56CA-9C73-442F-2682-BB69E4B03AB2
44.500183,-19.561152,0,1F6A56CA-9C73-442F-2682-BB69E4B03AB2
44.166576,-19.488596,0,1F6A56CA-9C73-442F-2682-BB69E4B03AB2
42.394062,-17.559086,0,1F6A56CA-9C73-442F-2682-BB69E4B03AB2
42.510006,-17.28664,0,1F6A56CA-9C73-442F-2682-BB69E4B03AB2
42.92866,-16.897036,0,1F6A56CA-9C73-442F-2682-BB69E4B03AB2
43.204784,-16.769884,0,1F6A56CA-9C73-442F-2682-BB69E4B03AB2
2.6277626,32.056286,0,243FE25F-E451-21F6-7EFA-F9DACC7D31CA
-12.500355,9.134062,0,243FE25F-E451-21F6-7EFA-F9DACC7D31CA
-12.586174,9.535569,0,243FE25F-E451-21F6-7EFA-F9DACC7D31CA
-40.91559,-8.999158,0,243FE25F-E451-21F6-7EFA-F9DACC7D31CA
-41.389454,-8.783498,2,243FE25F-E451-21F6-7EFA-F9DACC7D31CA
-41.87718,-8.367619,2,243FE25F-E451-21F6-7EFA-F9DACC7D31CA
11.917837,-28.789188,2,243FE25F-E451-21F6-7EFA-F9DACC7D31CA
11.9272785,-28.833355,1,243FE25F-E451-21F6-7EFA-F9DACC7D31CA
-8.647692,-17.257336,1,243FE25F-E451-21F6-7EFA-F9DACC7D31CA
-40.973488,-11.329345,1,243FE25F-E451-21F6-7EFA-F9DACC7D31CA
-40.89792,-11.793282,2,243FE25F-E451-21F6-7EFA-F9DACC7D31CA
-40.975212,-11.933582,2,243FE25F-E451-21F6-7EFA-F9DACC7D31CA
-24.244724,-13.118595,2,243FE25F-E451-21F6-7EFA-F9DACC7D31CA
-24.192173,-12.749936,2,243FE25F-E451-21F6-7EFA-F9DACC7D31CA
-24.340801,-12.73634,2,243FE25F-E451-21F6-7EFA-F9DACC7D31CA
8.705524,0.22408658,2,243FE25F-E451-21F6-7EFA-F9DACC7D31CA
-5.5402417,9.89483,0,243FE25F-E451-21F6-7EFA-F9DACC7D31CA
-5.6846986,9.898383,0,243FE25F-E451-21F6-7EFA-F9DACC7D31CA
-4.776151,-15.167928,2,2656C6B4-988A-A958-5107-5422027AEE1D
-42.912334,-22.708582,2,2656C6B4-988A-A958-5107-5422027AEE1D
-43.230247,-22.47396,2,2656C6B4-988A-A958-5107-5422027AEE1D
-43.357754,-22.419607,2,2656C6B4-988A-A958-5107-5422027AEE1D
-45.326763,-22.17605,2,2656C6B4-988A-A958-5107-5422027AEE1D
-45.697914,-22.257692,2,2656C6B4-988A-A958-5107-5422027AEE1D
-60.212337,-5.0780487,2,2656C6B4-988A-A958-5107-5422027AEE1D
-60.295807,-5.156002,2,2656C6B4-988A-A958-5107-5422027AEE1D
-67.641235,-1.5716596,2,2656C6B4-988A-A958-5107-5422027AEE1D
-67.90279,-1.0046805,2,2656C6B4-988A-A958-5107-5422027AEE1D
-67.95335,1.698005,2,2656C6B4-988A-A958-5107-5422027AEE1D
-67.94701,4.428639,2,2656C6B4-988A-A958-5107-5422027AEE1D
10.47236,-13.690408,0,2656C6B4-988A-A958-5107-5422027AEE1D
10.651135,-13.690375,2,2656C6B4-988A-A958-5107-5422027AEE1D
10.676652,-13.711631,2,2656C6B4-988A-A958-5107-5422027AEE1D
10.700465,-13.769609,2,2656C6B4-988A-A958-5107-5422027AEE1D
35.481686,-10.474123,0,2656C6B4-988A-A958-5107-5422027AEE1D
42.41852,-11.836361,0,2656C6B4-988A-A958-5107-5422027AEE1D
30.91426,32.961777,2,2656C6B4-988A-A958-5107-5422027AEE1D
24.625849,25.102314,2,2656C6B4-988A-A958-5107-5422027AEE1D
2.6337547,46.319023,2,2656C6B4-988A-A958-5107-5422027AEE1D
1.585613,46.88065,2,2656C6B4-988A-A958-5107-5422027AEE1D
-3.3419595,50.44367,2,2656C6B4-988A-A958-5107-5422027AEE1D
-7.7725587,49.09532,2,2656C6B4-988A-A958-5107-5422027AEE1D
-37.99439,-18.25887,2,2C636222-CB43-AB6F-444A-7278047991C7
-43.145016,-18.97011,2,2C636222-CB43-AB6F-444A-7278047991C7
-41.97801,-18.227362,2,2C636222-CB43-AB6F-444A-7278047991C7
-23.536377,-10.938966,2,2C636222-CB43-AB6F-444A-7278047991C7
-40.36377,-17.646048,2,2C636222-CB43-AB6F-444A-7278047991C7
-50.2762,-1.8867781,2,2C636222-CB43-AB6F-444A-7278047991C7
-33.45989,-12.047523,0,2C636222-CB43-AB6F-444A-7278047991C7
-7.6690316,-17.02066,0,2C636222-CB43-AB6F-444A-7278047991C7
2.050025,-21.259861,0,2C636222-CB43-AB6F-444A-7278047991C7
-9.935367,8.50931,0,2C636222-CB43-AB6F-444A-7278047991C7
-27.329746,-8.280292,2,2C636222-CB43-AB6F-444A-7278047991C7
-38.048138,-8.888645,2,2C636222-CB43-AB6F-444A-7278047991C7
41.733063,4.9040647,0,2C636222-CB43-AB6F-444A-7278047991C7
58.163826,7.9380226,0,2C636222-CB43-AB6F-444A-7278047991C7
63.15651,10.565233,0,2C636222-CB43-AB6F-444A-7278047991C7
62.647552,9.290428,0,2C636222-CB43-AB6F-444A-7278047991C7
62.4149,9.103019,2,2C636222-CB43-AB6F-444A-7278047991C7
55.07532,15.767751,2,2C636222-CB43-AB6F-444A-7278047991C7
2.5447838,-53.774284,0,2C636222-CB43-AB6F-444A-7278047991C7
24.46316,33.76887,0,2C636222-CB43-AB6F-444A-7278047991C7
28.93597,29.998365,0,2C636222-CB43-AB6F-444A-7278047991C7
29.698479,29.134254,2,2C636222-CB43-AB6F-444A-7278047991C7
30.162436,28.887365,2,2C636222-CB43-AB6F-444A-7278047991C7
9.01032,46.280666,2,2C636222-CB43-AB6F-444A-7278047991C7
-33.399742,39.365974,0,2C636222-CB43-AB6F-444A-7278047991C7
-32.043293,37.702316,0,2C636222-CB43-AB6F-444A-7278047991C7
-22.419144,17.124554,0,2C636222-CB43-AB6F-444A-7278047991C7
47.708916,-20.170149,0,35FEE4B0-EF25-110F-8D86-5410FA57646B
47.572266,-19.959612,1,35FEE4B0-EF25-110F-8D86-5410FA57646B
38.3097,-19.644072,2,35FEE4B0-EF25-110F-8D86-5410FA57646B
37.712914,-20.544968,2,35FEE4B0-EF25-110F-8D86-5410FA57646B
37.810802,-20.683084,2,35FEE4B0-EF25-110F-8D86-5410FA57646B
38.18082,-21.518232,2,35FEE4B0-EF25-110F-8D86-5410FA57646B
15.388343,-34.01446,2,35FEE4B0-EF25-110F-8D86-5410FA57646B
13.921783,-37.572765,2,35FEE4B0-EF25-110F-8D86-5410FA57646B
6.8696356,-45.43091,2,35FEE4B0-EF25-110F-8D86-5410FA57646B
6.6361213,-45.80901,2,35FEE4B0-EF25-110F-8D86-5410FA57646B
-0.7824207,-46.683403,2,35FEE4B0-EF25-110F-8D86-5410FA57646B
-1.8475691,-49.000214,1,35FEE4B0-EF25-110F-8D86-5410FA57646B
25.941309,-35.839443,2,35FEE4B0-EF25-110F-8D86-5410FA57646B
25.511059,-35.606186,2,35FEE4B0-EF25-110F-8D86-5410FA57646B
21.92334,-33.537148,2,35FEE4B0-EF25-110F-8D86-5410FA57646B
21.637098,-33.91228,2,35FEE4B0-EF25-110F-8D86-5410FA57646B
20.98227,-33.391834,2,35FEE4B0-EF25-110F-8D86-5410FA57646B
17.580395,8.26784,2,35FEE4B0-EF25-110F-8D86-5410FA57646B
-5.068365,53.97942,0,35FEE4B0-EF25-110F-8D86-5410FA57646B
-8.848551,53.587852,0,35FEE4B0-EF25-110F-8D86-5410FA57646B
-9.530281,53.284206,0,35FEE4B0-EF25-110F-8D86-5410FA57646B
-54.162285,-19.236975,0,37249306-1597-DC6D-3544-6FEDBBF8B848
-54.431004,-19.538761,2,37249306-1597-DC6D-3544-6FEDBBF8B848
-54.92621,-19.737282,2,37249306-1597-DC6D-3544-6FEDBBF8B848
-55.118484,-19.599913,2,37249306-1597-DC6D-3544-6FEDBBF8B848
-55.06592,-19.883572,2,37249306-1597-DC6D-3544-6FEDBBF8B848
-55.900654,-19.428486,2,37249306-1597-DC6D-3544-6FEDBBF8B848
-38.746384,-10.1552515,2,37249306-1597-DC6D-3544-6FEDBBF8B848
-42.306355,-3.5427904,2,37249306-1597-DC6D-3544-6FEDBBF8B848
-57.11007,1.6912007,2,37249306-1597-DC6D-3544-6FEDBBF8B848
-57.0506,1.6836599,2,37249306-1597-DC6D-3544-6FEDBBF8B848
-57.315945,2.4376895,2,37249306-1597-DC6D-3544-6FEDBBF8B848
-57.03927,2.9266605,2,37249306-1597-DC6D-3544-6FEDBBF8B848
-57.356163,2.8573964,1,37249306-1597-DC6D-3544-6FEDBBF8B848
-56.24573,2.954571,1,37249306-1597-DC6D-3544-6FEDBBF8B848
-33.476814,-1.8379028,1,37249306-1597-DC6D-3544-6FEDBBF8B848
-49.429005,-1.465857,1,37249306-1597-DC6D-3544-6FEDBBF8B848
-49.27493,-1.5865934,2,37249306-1597-DC6D-3544-6FEDBBF8B848
-49.15076,-1.6108669,2,37249306-1597-DC6D-3544-6FEDBBF8B848
-66.87788,6.386457,1,37249306-1597-DC6D-3544-6FEDBBF8B848
-66.366196,6.506279,1,37249306-1597-DC6D-3544-6FEDBBF8B848
-65.91236,6.5068383,1,37249306-1597-DC6D-3544-6FEDBBF8B848
-21.005821,-8.843406,1,37249306-1597-DC6D-3544-6FEDBBF8B848
-20.243788,-8.623382,1,37249306-1597-DC6D-3544-6FEDBBF8B848
-15.745677,-5.340174,1,37249306-1597-DC6D-3544-6FEDBBF8B848
3.530238,46.557663,0,37249306-1597-DC6D-3544-6FEDBBF8B848
0.17616959,48.767735,0,37249306-1597-DC6D-3544-6FEDBBF8B848
-0.17524585,49.247097,0,37249306-1597-DC6D-3544-6FEDBBF8B848
-63.232273,-4.271972,2,3C54E0F5-9C12-3137-9EC1-39645770F53A
-63.525375,-4.3139853,2,3C54E0F5-9C12-3137-9EC1-39645770F53A
-63.733677,-4.3419104,2,3C54E0F5-9C12-3137-9EC1-39645770F53A
-64.795784,-4.735584,0,3C54E0F5-9C12-3137-9EC1-39645770F53A
-64.996284,-4.8354754,0,3C54E0F5-9C12-3137-9EC1-39645770F53A
-65.10921,-4.8756437,0,3C54E0F5-9C12-3137-9EC1-39645770F53A
-5.3331094,-14.862751,0,3C54E0F5-9C12-3137-9EC1-39645770F53A
-16.081608,-17.482746,0,3C54E0F5-9C12-3137-9EC1-39645770F53A
-16.276937,-17.472107,0,3C54E0F5-9C12-3137-9EC1-39645770F53A
-22.981714,-15.432688,1,3C54E0F5-9C12-3137-9EC1-39645770F53A
-23.013277,-15.423696,1,3C54E0F5-9C12-3137-9EC1-39645770F53A
-36.983368,-17.811687,1,3C54E0F5-9C12-3137-9EC1-39645770F53A
0.40124694,-3.8988926,2,3C54E0F5-9C12-3137-9EC1-39645770F53A
0.44541678,-3.851567,2,3C54E0F5-9C12-3137-9EC1-39645770F53A
0.4520037,-3.9345143,0,3C54E0F5-9C12-3137-9EC1-39645770F53A
0.48535922,-4.186442,0,3C54E0F5-9C12-3137-9EC1-39645770F53A
0.16274129,-5.007146,0,3C54E0F5-9C12-3137-9EC1-39645770F53A
0.014224238,-5.5687094,1,3C54E0F5-9C12-3137-9EC1-39645770F53A
0.28102964,-52.90532,2,3C54E0F5-9C12-3137-9EC1-39645770F53A
23.384953,37.66359,2,3C54E0F5-9C12-3137-9EC1-39645770F53A
23.494692,37.64494,1,3C54E0F5-9C12-3137-9EC1-39645770F53A
24.197887,27.666037,1,3C54E0F5-9C12-3137-9EC1-39645770F53A
24.231949,27.241169,1,3C54E0F5-9C12-3137-9EC1-39645770F53A
9.858654,43.705585,1,3C54E0F5-9C12-3137-9EC1-39645770F53A
17.670588,8.414488,1,3C54E0F5-9C12-3137-9EC1-39645770F53A
14.173217,6.958685,1,3C54E0F5-9C12-3137-9EC1-39645770F53A
13.709583,6.2991624,1,3C54E0F5-9C12-3137-9EC1-39645770F53A
-8.159907,12.8534565,2,3FC0B5B3-AC42-BF96-D8EE-10E81EAAACF6
-7.945034,12.500157,2,3FC0B5B3-AC42-BF96-D8EE-10E81EAAACF6
-7.7221932,11.941261,2,3FC0B5B3-AC42-BF96-D8EE-10E81EAAACF6
-7.626624,11.704338,2,3FC0B5B3-AC42-BF96-D8EE-10E81EAAACF6
-7.6964335,11.043196,2,3FC0B5B3-AC42-BF96-D8EE-10E81EAAACF6
-0.21093957,-42.49751,1,3FC0B5B3-AC42-BF96-D8EE-10E81EAAACF6
8.721472,36.65251,2,3FC0B5B3-AC42-BF96-D8EE-10E81EAAACF6
8.505075,36.77754,2,3FC0B5B3-AC42-BF96-D8EE-10E81EAAACF6
-2.8361738,57.06625,2,3FC0B5B3-AC42-BF96-D8EE-10E81EAAACF6
-13.052112,54.041058,2,3FC0B5B3-AC42-BF96-D8EE-10E81EAAACF6
-14.04182,52.23611,2,3FC0B5B3-AC42-BF96-D8EE-10E81EAAACF6
-41.000343,29.47621,2,3FC0B5B3-AC42-BF96-D8EE-10E81EAAACF6
62.804127,14.542089,2,3FC0B5B3-AC42-BF96-D8EE-10E81EAAACF6
62.904564,14.704637,1,3FC0B5B3-AC42-BF96-D8EE-10E81EAAACF6
-34.786694,23.96376,2,4690C2DC-C0B5-6C1B-880A-D31C46C8A565
-64.93029,5.943604,2,4690C2DC-C0B5-6C1B-880A-D31C46C8A565
-33.64135,-8.499461,0,4690C2DC-C0B5-6C1B-880A-D31C46C8A565
-20.636286,-7.0831804,0,4690C2DC-C0B5-6C1B-880A-D31C46C8A565
-19.8015,-7.2311196,0,4690C2DC-C0B5-6C1B-880A-D31C46C8A565
-19.413456,-7.127897,0,4690C2DC-C0B5-6C1B-880A-D31C46C8A565
-63.96945,6.540374,2,4690C2DC-C0B5-6C1B-880A-D31C46C8A565
-33.596863,-8.461988,2,4690C2DC-C0B5-6C1B-880A-D31C46C8A565
-20.319427,12.159988,2,4690C2DC-C0B5-6C1B-880A-D31C46C8A565
-12.065645,-14.480054,2,4690C2DC-C0B5-6C1B-880A-D31C46C8A565
-11.987667,-14.500892,2,4690C2DC-C0B5-6C1B-880A-D31C46C8A565
-12.035874,-14.6339655,2,4690C2DC-C0B5-6C1B-880A-D31C46C8A565
20.213078,1.4340627,0,4690C2DC-C0B5-6C1B-880A-D31C46C8A565
15.335308,-36.648964,0,4690C2DC-C0B5-6C1B-880A-D31C46C8A565
15.1585,-36.779865,0,4690C2DC-C0B5-6C1B-880A-D31C46C8A565
11.030122,-46.804405,0,4690C2DC-C0B5-6C1B-880A-D31C46C8A565
10.896818,-46.874176,0,4690C2DC-C0B5-6C1B-880A-D31C46C8A565
9.662932,-47.54314,0,4690C2DC-C0B5-6C1B-880A-D31C46C8A565
-45.869934,-27.243858,2,46A9A47E-EDE3-2EF4-2F06-E95AF67D57E1
-45.800137,-27.281279,2,46A9A47E-EDE3-2EF4-2F06-E95AF67D57E1
-44.683212,-27.413578,2,46A9A47E-EDE3-2EF4-2F06-E95AF67D57E1
-44.45605,-27.40779,2,46A9A47E-EDE3-2EF4-2F06-E95AF67D57E1
-44.282173,-27.42941,2,46A9A47E-EDE3-2EF4-2F06-E95AF67D57E1
-48.73338,-11.598056,2,46A9A47E-EDE3-2EF4-2F06-E95AF67D57E1
-37.213104,-8.810776,0,46A9A47E-EDE3-2EF4-2F06-E95AF67D57E1
-37.162025,-8.880747,0,46A9A47E-EDE3-2EF4-2F06-E95AF67D57E1
-37.601406,-8.329223,0,46A9A47E-EDE3-2EF4-2F06-E95AF67D57E1
-37.842037,-7.7270985,0,46A9A47E-EDE3-2EF4-2F06-E95AF67D57E1
-36.50167,-9.900182,2,46A9A47E-EDE3-2EF4-2F06-E95AF67D57E1
-51.511482,-0.047238637,2,46A9A47E-EDE3-2EF4-2F06-E95AF67D57E1
-0.64202726,-46.62141,0,46A9A47E-EDE3-2EF4-2F06-E95AF67D57E1
-8.503213,-47.37528,0,46A9A47E-EDE3-2EF4-2F06-E95AF67D57E1
-8.946794,-47.2277,0,46A9A47E-EDE3-2EF4-2F06-E95AF67D57E1
20.216793,32.941235,0,46A9A47E-EDE3-2EF4-2F06-E95AF67D57E1
20.476124,31.02913,0,46A9A47E-EDE3-2EF4-2F06-E95AF67D57E1
19.64325,30.458014,0,46A9A47E-EDE3-2EF4-2F06-E95AF67D57E1
-39.080402,34.889233,2,46A9A47E-EDE3-2EF4-2F06-E95AF67D57E1
-38.171383,34.812542,2,46A9A47E-EDE3-2EF4-2F06-E95AF67D57E1
-24.376328,18.19537,2,46A9A47E-EDE3-2EF4-2F06-E95AF67D57E1
-19.46677,11.398256,2,46A9A47E-EDE3-2EF4-2F06-E95AF67D57E1
66.97292,6.2711134,0,46A9A47E-EDE3-2EF4-2F06-E95AF67D57E1
66.87344,6.2756605,0,46A9A47E-EDE3-2EF4-2F06-E95AF67D57E1
-14.696528,-11.352613,2,47494449-E68E-E554-8BB1-ECEEE432E269
-14.61728,-20.18655,0,47494449-E68E-E554-8BB1-ECEEE432E269
-14.500376,-20.291744,2,47494449-E68E-E554-8BB1-ECEEE432E269
-14.589876,-19.763483,2,47494449-E68E-E554-8BB1-ECEEE432E269
-14.425368,-19.91302,2,47494449-E68E-E554-8BB1-ECEEE432E269
-13.974461,-20.07931,2,47494449-E68E-E554-8BB1-ECEEE432E269
3.617701,43.343983,2,47494449-E68E-E554-8BB1-ECEEE432E269
-3.1737027,56.12439,2,47494449-E68E-E554-8BB1-ECEEE432E269
-12.675523,53.691853,2,47494449-E68E-E554-8BB1-ECEEE432E269
-42.028988,24.357775,2,47494449-E68E-E554-8BB1-ECEEE432E269
-43.799072,34.255997,2,47494449-E68E-E554-8BB1-ECEEE432E269
-43.87948,34.19851,2,47494449-E68E-E554-8BB1-ECEEE432E269
7.8595686,-44.05783,2,47494449-E68E-E554-8BB1-ECEEE432E269
1.749486,-47.822815,2,47494449-E68E-E554-8BB1-ECEEE432E269
0.3999435,-56.199448,2,47494449-E68E-E554-8BB1-ECEEE432E269
0.26741642,-56.285206,2,47494449-E68E-E554-8BB1-ECEEE432E269
25.285173,33.644108,0,47494449-E68E-E554-8BB1-ECEEE432E269
25.483803,33.333153,0,47494449-E68E-E554-8BB1-ECEEE432E269
-57.86651,4.588728,2,48847236-6E23-6E61-57CD-780C68FAA2C2
-2.6653352,-29.423748,2,48847236-6E23-6E61-57CD-780C68FAA2C2
6.0764875,-52.825146,0,48847236-6E23-6E61-57CD-780C68FAA2C2
5.989141,-53.7949,0,48847236-6E23-6E61-57CD-780C68FAA2C2
5.9786406,-53.954597,0,48847236-6E23-6E61-57CD-780C68FAA2C2
-4.5398555,-54.094078,0,48847236-6E23-6E61-57CD-780C68FAA2C2
11.184203,32.638412,0,48847236-6E23-6E61-57CD-780C68FAA2C2
11.377299,32.61072,0,48847236-6E23-6E61-57CD-780C68FAA2C2
8.092431,35.94223,0,48847236-6E23-6E61-57CD-780C68FAA2C2
7.9944077,36.042976,0,48847236-6E23-6E61-57CD-780C68FAA2C2
5.0491834,43.044632,0,48847236-6E23-6E61-57CD-780C68FAA2C2
4.8278575,43.223904,0,48847236-6E23-6E61-57CD-780C68FAA2C2
-32.67477,27.187675,2,48847236-6E23-6E61-57CD-780C68FAA2C2
-23.94637,16.412207,2,48847236-6E23-6E61-57CD-780C68FAA2C2
-21.576443,12.34501,0,48847236-6E23-6E61-57CD-780C68FAA2C2
59.37884,6.3382106,0,48847236-6E23-6E61-57CD-780C68FAA2C2
60.21565,6.3471646,0,48847236-6E23-6E61-57CD-780C68FAA2C2
61.654884,6.7181554,0,48847236-6E23-6E61-57CD-780C68FAA2C2
-43.909576,-16.726765,2,48847236-6E23-6E61-57CD-780C68FAA2C2
-43.8481,-16.719372,2,48847236-6E23-6E61-57CD-780C68FAA2C2
-54.52422,-11.803187,2,48847236-6E23-6E61-57CD-780C68FAA2C2
-54.633106,-11.356165,2,48847236-6E23-6E61-57CD-780C68FAA2C2
-54.699326,-10.969444,2,48847236-6E23-6E61-57CD-780C68FAA2C2
-54.61927,-10.839411,2,48847236-6E23-6E61-57CD-780C68FAA2C2
-12.392198,8.401605,2,48847236-6E23-6E61-57CD-780C68FAA2C2
5.1040506,-46.96387,2,48847236-6E23-6E61-57CD-780C68FAA2C2
5.1435037,-46.969673,2,48847236-6E23-6E61-57CD-780C68FAA2C2
-3.2920723,-45.024223,0,48847236-6E23-6E61-57CD-780C68FAA2C2
-4.1397033,-44.39414,0,48847236-6E23-6E61-57CD-780C68FAA2C2
-9.432906,-44.096684,0,48847236-6E23-6E61-57CD-780C68FAA2C2
-8.561133,-19.273731,0,48847236-6E23-6E61-57CD-780C68FAA2C2
-64.79973,7.856954,2,48847236-6E23-6E61-57CD-780C68FAA2C2
-42.45915,30.028368,2,48847236-6E23-6E61-57CD-780C68FAA2C2
-38.88055,38.32401,2,48847236-6E23-6E61-57CD-780C68FAA2C2
-38.756992,38.33131,2,48847236-6E23-6E61-57CD-780C68FAA2C2
-34.20166,39.28798,2,48847236-6E23-6E61-57CD-780C68FAA2C2
-2.5905948,-45.602745,0,48847236-6E23-6E61-57CD-780C68FAA2C2
-2.9542892,-45.676086,0,48847236-6E23-6E61-57CD-780C68FAA2C2
-5.2494073,-44.334045,0,48847236-6E23-6E61-57CD-780C68FAA2C2
-22.473505,-17.720669,2,48D32E40-ABB9-E3FB-185C-8A5AA0C44CBF
-2.4524,-16.440783,2,48D32E40-ABB9-E3FB-185C-8A5AA0C44CBF
34.082558,-14.35535,0,48D32E40-ABB9-E3FB-185C-8A5AA0C44CBF
34.02859,-14.77577,0,48D32E40-ABB9-E3FB-185C-8A5AA0C44CBF
34.048634,-15.353467,0,48D32E40-ABB9-E3FB-185C-8A5AA0C44CBF
33.99447,-15.25025,0,48D32E40-ABB9-E3FB-185C-8A5AA0C44CBF
36.86667,-16.24919,0,48D32E40-ABB9-E3FB-185C-8A5AA0C44CBF
37.43104,-16.202255,2,48D32E40-ABB9-E3FB-185C-8A5AA0C44CBF
38.33257,-14.675153,2,48D32E40-ABB9-E3FB-185C-8A5AA0C44CBF
38.429173,-10.846806,2,48D32E40-ABB9-E3FB-185C-8A5AA0C44CBF
26.848972,-19.200167,2,48D32E40-ABB9-E3FB-185C-8A5AA0C44CBF
26.724768,-19.303864,2,48D32E40-ABB9-E3FB-185C-8A5AA0C44CBF
63.960575,0.090292886,1,48D32E40-ABB9-E3FB-185C-8A5AA0C44CBF
46.372334,3.1794932,1,48D32E40-ABB9-E3FB-185C-8A5AA0C44CBF
46.289825,3.0008547,1,48D32E40-ABB9-E3FB-185C-8A5AA0C44CBF
45.989796,2.2599,0,48D32E40-ABB9-E3FB-185C-8A5AA0C44CBF
45.472084,1.3861377,0,48D32E40-ABB9-E3FB-185C-8A5AA0C44CBF
45.20638,1.226423,0,48D32E40-ABB9-E3FB-185C-8A5AA0C44CBF
-6.05774,-44.63257,2,4B423110-8A54-A87F-39BB-D68BF033C7FC
-7.4258637,-51.428997,0,4B423110-8A54-A87F-39BB-D68BF033C7FC
8.820528,28.311516,0,4B423110-8A54-A87F-39BB-D68BF033C7FC
8.810972,28.324125,0,4B423110-8A54-A87F-39BB-D68BF033C7FC
7.0550566,29.700323,0,4B423110-8A54-A87F-39BB-D68BF033C7FC
7.033393,29.659609,2,4B423110-8A54-A87F-39BB-D68BF033C7FC
-34.021675,46.33083,0,4B423110-8A54-A87F-39BB-D68BF033C7FC
-34.187344,46.30433,0,4B423110-8A54-A87F-39BB-D68BF033C7FC
-34.266373,46.312263,0,4B423110-8A54-A87F-39BB-D68BF033C7FC
-34.02014,46.44572,0,4B423110-8A54-A87F-39BB-D68BF033C7FC
-32.75638,46.47604,0,4B423110-8A54-A87F-39BB-D68BF033C7FC
-31.903952,47.92529,0,4B423110-8A54-A87F-39BB-D68BF033C7FC
52.3294,4.651868,2,4B423110-8A54-A87F-39BB-D68BF033C7FC
60.835384,3.6675305,0,4B423110-8A54-A87F-39BB-D68BF033C7FC
60.43919,5.1092095,0,4B423110-8A54-A87F-39BB-D68BF033C7FC
62.75586,-1.1668433,0,4B423110-8A54-A87F-39BB-D68BF033C7FC
60.113155,-2.9897301,2,4B423110-8A54-A87F-39BB-D68BF033C7FC
54.160816,-6.624092,2,4B423110-8A54-A87F-39BB-D68BF033C7FC
52.966278,-16.143309,2,4B423110-8A54-A87F-39BB-D68BF033C7FC
52.73587,-15.581785,2,4B423110-8A54-A87F-39BB-D68BF033C7FC
51.297874,-16.23548,0,4B423110-8A54-A87F-39BB-D68BF033C7FC
49.877388,-18.065958,0,4B423110-8A54-A87F-39BB-D68BF033C7FC
40.20258,-18.448034,0,4B423110-8A54-A87F-39BB-D68BF033C7FC
30.970388,-17.534733,0,4B423110-8A54-A87F-39BB-D68BF033C7FC
-3.412211,50.110447,2,4B423110-8A54-A87F-39BB-D68BF033C7FC
-8.72022,48.11727,2,4B423110-8A54-A87F-39BB-D68BF033C7FC
-40.980274,37.60151,2,4B423110-8A54-A87F-39BB-D68BF033C7FC
-40.617573,37.83468,2,4B423110-8A54-A87F-39BB-D68BF033C7FC
-40.22105,37.92156,2,4B423110-8A54-A87F-39BB-D68BF033C7FC
-34.388523,40.202423,2,4B423110-8A54-A87F-39BB-D68BF033C7FC
50.870575,-21.151188,0,4BD5749B-A1D2-E6C9-156F-DF107802D3BE
50.705265,-21.039997,0,4BD5749B-A1D2-E6C9-156F-DF107802D3BE
50.24109,-20.85983,0,4BD5749B-A1D2-E6C9-156F-DF107802D3BE
-19.786234,-10.731634,0,4BD5749B-A1D2-E6C9-156F-DF107802D3BE
-20.011866,-10.470985,0,4BD5749B-A1D2-E6C9-156F-DF107802D3BE
-19.960394,-10.512109,2,4BD5749B-A1D2-E6C9-156F-DF107802D3BE
-35.475212,-20.452578,2,4BD5749B-A1D2-E6C9-156F-DF107802D3BE
-35.476215,-20.497185,2,4BD5749B-A1D2-E6C9-156F-DF107802D3BE
-34.99024,-20.263391,2,4BD5749B-A1D2-E6C9-156F-DF107802D3BE
-22.369446,-8.793432,2,4BD5749B-A1D2-E6C9-156F-DF107802D3BE
-22.57931,-8.694525,2,4BD5749B-A1D2-E6C9-156F-DF107802D3BE
-22.68927,-8.3521805,2,4BD5749B-A1D2-E6C9-156F-DF107802D3BE
18.33648,-32.392105,2,4BD5749B-A1D2-E6C9-156F-DF107802D3BE
18.840096,-0.051827773,2,4BD5749B-A1D2-E6C9-156F-DF107802D3BE
19.291227,0.058172133,2,4BD5749B-A1D2-E6C9-156F-DF107802D3BE
21.36675,-0.062155515,0,4BD5749B-A1D2-E6C9-156F-DF107802D3BE
10.344758,-0.26717812,0,4BD5749B-A1D2-E6C9-156F-DF107802D3BE
2.5959365,-28.48106,0,4BD5749B-A1D2-E6C9-156F-DF107802D3BE
-36.251385,22.592966,1,4BD5749B-A1D2-E6C9-156F-DF107802D3BE
-26.936562,18.180258,1,4BD5749B-A1D2-E6C9-156F-DF107802D3BE
-22.526228,13.877243,1,4BD5749B-A1D2-E6C9-156F-DF107802D3BE
35.449196,8.233808,1,4BD5749B-A1D2-E6C9-156F-DF107802D3BE
35.732563,7.481634,1,4BD5749B-A1D2-E6C9-156F-DF107802D3BE
66.64071,0.17358722,1,4BD5749B-A1D2-E6C9-156F-DF107802D3BE
6.541343,41.74004,0,4BD5749B-A1D2-E6C9-156F-DF107802D3BE
-0.50686455,46.36229,2,4BD5749B-A1D2-E6C9-156F-DF107802D3BE
-0.774119,46.654583,2,4BD5749B-A1D2-E6C9-156F-DF107802D3BE
22.883781,-35.74549,2,4BFAECAC-0CC2-F9AC-17BB-7343BE737D81
22.550388,-35.80737,2,4BFAECAC-0CC2-F9AC-17BB-7343BE737D81
16.952505,-33.566757,2,4BFAECAC-0CC2-F9AC-17BB-7343BE737D81
15.764465,-39.77183,2,4BFAECAC-0CC2-F9AC-17BB-7343BE737D81
11.785098,-44.515144,2,4BFAECAC-0CC2-F9AC-17BB-7343BE737D81
9.251071,-46.400032,2,4BFAECAC-0CC2-F9AC-17BB-7343BE737D81
-2.8487248,-47.461708,0,4BFAECAC-0CC2-F9AC-17BB-7343BE737D81
2.4484375,-53.139427,0,4BFAECAC-0CC2-F9AC-17BB-7343BE737D81
27.902555,32.555885,2,4BFAECAC-0CC2-F9AC-17BB-7343BE737D81
28.788416,32.200657,2,4BFAECAC-0CC2-F9AC-17BB-7343BE737D81
32.069103,32.28624,2,4BFAECAC-0CC2-F9AC-17BB-7343BE737D81
31.094809,33.368946,2,4BFAECAC-0CC2-F9AC-17BB-7343BE737D81
-57.571835,-7.9360356,2,4CAE9D77-C8A8-2EE8-53D0-7C3C6331B2C5
-57.56569,-7.9463687,2,4CAE9D77-C8A8-2EE8-53D0-7C3C6331B2C5
-58.32986,-7.0506196,2,4CAE9D77-C8A8-2EE8-53D0-7C3C6331B2C5
-37.050423,-28.917328,2,4CAE9D77-C8A8-2EE8-53D0-7C3C6331B2C5
-9.70099,-18.46593,2,4CAE9D77-C8A8-2EE8-53D0-7C3C6331B2C5
-51.970657,-3.021984,2,4CAE9D77-C8A8-2EE8-53D0-7C3C6331B2C5
-37.56813,-30.276667,1,4CAE9D77-C8A8-2EE8-53D0-7C3C6331B2C5
-37.108654,-30.486809,1,4CAE9D77-C8A8-2EE8-53D0-7C3C6331B2C5
8.984673,34.664097,1,4CAE9D77-C8A8-2EE8-53D0-7C3C6331B2C5
8.747002,34.61088,1,4CAE9D77-C8A8-2EE8-53D0-7C3C6331B2C5
5.198743,34.708904,1,4CAE9D77-C8A8-2EE8-53D0-7C3C6331B2C5
-3.8230321,58.811287,1,4CAE9D77-C8A8-2EE8-53D0-7C3C6331B2C5
61.70456,-0.4587635,1,4CAE9D77-C8A8-2EE8-53D0-7C3C6331B2C5
61.18434,-0.66589946,1,4CAE9D77-C8A8-2EE8-53D0-7C3C6331B2C5
51.176838,-5.3218513,1,4CAE9D77-C8A8-2EE8-53D0-7C3C6331B2C5
49.77212,-6.2971354,1,4CAE9D77-C8A8-2EE8-53D0-7C3C6331B2C5
45.930485,-7.7377963,1,4CAE9D77-C8A8-2EE8-53D0-7C3C6331B2C5
45.814156,-7.8774652,1,4CAE9D77-C8A8-2EE8-53D0-7C3C6331B2C5
20.8927,36.86729,1,4CAE9D77-C8A8-2EE8-53D0-7C3C6331B2C5
26.408571,31.068592,1,4CAE9D77-C8A8-2EE8-53D0-7C3C6331B2C5
26.322079,24.97046,1,4CAE9D77-C8A8-2EE8-53D0-7C3C6331B2C5
26.16952,24.986506,1,4CAE9D77-C8A8-2EE8-53D0-7C3C6331B2C5
5.866746,43.71236,2,4CAE9D77-C8A8-2EE8-53D0-7C3C6331B2C5
-0.87126845,47.428516,2,4CAE9D77-C8A8-2EE8-53D0-7C3C6331B2C5
-3.473088,48.952267,2,4CAE9D77-C8A8-2EE8-53D0-7C3C6331B2C5
-8.95158,46.96152,2,4CAE9D77-C8A8-2EE8-53D0-7C3C6331B2C5
-24.281542,23.181744,2,4CAE9D77-C8A8-2EE8-53D0-7C3C6331B2C5
-25.21814,23.170889,2,4CAE9D77-C8A8-2EE8-53D0-7C3C6331B2C5
-25.4242,23.122087,1,4CAE9D77-C8A8-2EE8-53D0-7C3C6331B2C5
-24.939533,21.606937,1,4CAE9D77-C8A8-2EE8-53D0-7C3C6331B2C5
33.59301,-12.939708,2,5270C847-54C3-180E-9737-1D87A639C450
32.97978,-13.276507,2,5270C847-54C3-180E-9737-1D87A639C450
32.85076,-13.521888,2,5270C847-54C3-180E-9737-1D87A639C450
32.508026,-13.444163,2,5270C847-54C3-180E-9737-1D87A639C450
32.191277,-13.549104,2,5270C847-54C3-180E-9737-1D87A639C450
32.156174,-13.391985,2,5270C847-54C3-180E-9737-1D87A639C450
-37.62194,50.849064,0,5270C847-54C3-180E-9737-1D87A639C450
-37.85016,50.24577,0,5270C847-54C3-180E-9737-1D87A639C450
-37.84688,50.615467,0,5270C847-54C3-180E-9737-1D87A639C450
-37.580658,50.024155,0,5270C847-54C3-180E-9737-1D87A639C450
-37.263603,49.849983,0,5270C847-54C3-180E-9737-1D87A639C450
-37.376534,51.035954,0,5270C847-54C3-180E-9737-1D87A639C450
-37.065197,51.027218,0,5270C847-54C3-180E-9737-1D87A639C450
-36.718693,50.922176,0,5270C847-54C3-180E-9737-1D87A639C450
-36.57433,50.58438,0,5270C847-54C3-180E-9737-1D87A639C450
-36.604736,50.20164,0,5270C847-54C3-180E-9737-1D87A639C450
-37.07108,50.38861,0,5270C847-54C3-180E-9737-1D87A639C450
-36.91379,49.950428,0,5270C847-54C3-180E-9737-1D87A639C450
-50.81707,1.190394,1,5690E95B-9747-B2B5-2EE1-16A72200D5CC
-50.966766,1.2918205,2,5690E95B-9747-B2B5-2EE1-16A72200D5CC
-51.22504,1.4994198,2,5690E95B-9747-B2B5-2EE1-16A72200D5CC
-69.7325,4.3069406,2,5690E95B-9747-B2B5-2EE1-16A72200D5CC
-45.491528,27.309923,2,5690E95B-9747-B2B5-2EE1-16A72200D5CC
-45.388397,27.346224,2,5690E95B-9747-B2B5-2EE1-16A72200D5CC
-45.202866,27.330011,2,5690E95B-9747-B2B5-2EE1-16A72200D5CC
-34.436195,27.430151,2,5690E95B-9747-B2B5-2EE1-16A72200D5CC
-24.105679,15.281903,2,5690E95B-9747-B2B5-2EE1-16A72200D5CC
38.678455,5.291604,0,5690E95B-9747-B2B5-2EE1-16A72200D5CC
53.135807,8.372132,0,5690E95B-9747-B2B5-2EE1-16A72200D5CC
53.130707,8.4275875,0,5690E95B-9747-B2B5-2EE1-16A72200D5CC
-39.200325,-14.83953,0,5690E95B-9747-B2B5-2EE1-16A72200D5CC
-39.383907,-14.711154,0,5690E95B-9747-B2B5-2EE1-16A72200D5CC
-38.757915,-15.225367,0,5690E95B-9747-B2B5-2EE1-16A72200D5CC
-71.295746,1.6323162,0,5690E95B-9747-B2B5-2EE1-16A72200D5CC
-70.45142,2.5395303,2,5690E95B-9747-B2B5-2EE1-16A72200D5CC
-70.484276,2.515093,2,5690E95B-9747-B2B5-2EE1-16A72200D5CC
-57.524815,-13.848846,2,58CB3C5E-2F5C-31FE-83E8-C6772D99B8D5
-57.119934,-13.773368,2,58CB3C5E-2F5C-31FE-83E8-C6772D99B8D5
-47.586426,-20.114777,2,58CB3C5E-2F5C-31FE-83E8-C6772D99B8D5
-47.595123,-20.145182,2,58CB3C5E-2F5C-31FE-83E8-C6772D99B8D5
-47.55721,-20.22001,2,58CB3C5E-2F5C-31FE-83E8-C6772D99B8D5
-46.69706,-20.710188,2,58CB3C5E-2F5C-31FE-83E8-C6772D99B8D5
-8.997484,-41.4733,0,58CB3C5E-2F5C-31FE-83E8-C6772D99B8D5
-10.21293,8.198355,0,58CB3C5E-2F5C-31FE-83E8-C6772D99B8D5
-32.980206,-1.8233767,0,58CB3C5E-2F5C-31FE-83E8-C6772D99B8D5
-46.118973,-2.5598557,0,58CB3C5E-2F5C-31FE-83E8-C6772D99B8D5
-47.752884,-2.4954054,0,58CB3C5E-2F5C-31FE-83E8-C6772D99B8D5
-47.82497,-2.5467393,0,58CB3C5E-2F5C-31FE-83E8-C6772D99B8D5
65.34165,9.638937,0,58CB3C5E-2F5C-31FE-83E8-C6772D99B8D5
59.191715,-4.5414233,1,58CB3C5E-2F5C-31FE-83E8-C6772D99B8D5
55.542614,-8.67339,1,58CB3C5E-2F5C-31FE-83E8-C6772D99B8D5
53.805305,-11.567755,1,58CB3C5E-2F5C-31FE-83E8-C6772D99B8D5
52.05044,-13.316966,1,58CB3C5E-2F5C-31FE-83E8-C6772D99B8D5
49.649315,-19.219023,1,58CB3C5E-2F5C-31FE-83E8-C6772D99B8D5
33.32258,-20.303192,1,58CB3C5E-2F5C-31FE-83E8-C6772D99B8D5
33.269238,-20.30901,0,58CB3C5E-2F5C-31FE-83E8-C6772D99B8D5
27.606098,-35.164917,0,58CB3C5E-2F5C-31FE-83E8-C6772D99B8D5
27.44677,-34.953068,0,58CB3C5E-2F5C-31FE-83E8-C6772D99B8D5
20.403887,-31.548706,0,58CB3C5E-2F5C-31FE-83E8-C6772D99B8D5
20.345516,-31.50286,0,58CB3C5E-2F5C-31FE-83E8-C6772D99B8D5
-60.378384,-2.00772,2,5CD23052-9069-615B-22B2-CB8E9A2413C9
-60.237736,-1.6314294,2,5CD23052-9069-615B-22B2-CB8E9A2413C9
-60.004143,-1.6909565,2,5CD23052-9069-615B-22B2-CB8E9A2413C9
-59.92137,-1.6491201,2,5CD23052-9069-615B-22B2-CB8E9A2413C9
-46.452988,-5.5162563,2,5CD23052-9069-615B-22B2-CB8E9A2413C9
-46.388176,-5.600852,1,5CD23052-9069-615B-22B2-CB8E9A2413C9
-0.4388511,50.937054,1,5CD23052-9069-615B-22B2-CB8E9A2413C9
-8.921339,49.14252,1,5CD23052-9069-615B-22B2-CB8E9A2413C9
-39.638603,22.305468,2,5CD23052-9069-615B-22B2-CB8E9A2413C9
-39.861515,34.01943,2,5CD23052-9069-615B-22B2-CB8E9A2413C9
-39.79065,33.954285,2,5CD23052-9069-615B-22B2-CB8E9A2413C9
-39.632717,33.402996,2,5CD23052-9069-615B-22B2-CB8E9A2413C9
12.832533,-33.040554,2,5CD23052-9069-615B-22B2-CB8E9A2413C9
6.474872,-37.97735,2,5CD23052-9069-615B-22B2-CB8E9A2413C9
6.3921843,-38.26525,2,5CD23052-9069-615B-22B2-CB8E9A2413C9
6.3033557,-38.346416,2,5CD23052-9069-615B-22B2-CB8E9A2413C9
-2.1551151,-44.140873,2,5CD23052-9069-615B-22B2-CB8E9A2413C9
-5.799628,-44.902977,2,5CD23052-9069-615B-22B2-CB8E9A2413C9
2.5405123,49.744812,0,5CD23052-9069-615B-22B2-CB8E9A2413C9
-7.886866,45.71325,0,5CD23052-9069-615B-22B2-CB8E9A2413C9
-7.8516526,45.908463,2,5CD23052-9069-615B-22B2-CB8E9A2413C9
33.071213,-8.874427,2,5E491E0A-C580-29BE-4329-ED7BFF843D0D
29.24994,-16.540234,2,5E491E0A-C580-29BE-4329-ED7BFF843D0D
27.644331,-14.792464,0,5E491E0A-C580-29BE-4329-ED7BFF843D0D
27.22718,-14.672064,0,5E491E0A-C580-29BE-4329-ED7BFF843D0D
26.895369,-14.507649,0,5E491E0A-C580-29BE-4329-ED7BFF843D0D
20.405565,-21.925661,2,5E491E0A-C580-29BE-4329-ED7BFF843D0D
55.36061,-16.640394,0,5E491E0A-C580-29BE-4329-ED7BFF843D0D
55.673546,-16.651983,0,5E491E0A-C580-29BE-4329-ED7BFF843D0D
56.686604,-16.458208,0,5E491E0A-C580-29BE-4329-ED7BFF843D0D
56.411118,-16.086845,0,5E491E0A-C580-29BE-4329-ED7BFF843D0D
56.253796,-15.864275,2,5E491E0A-C580-29BE-4329-ED7BFF843D0D
56.21215,-15.067784,2,5E491E0A-C580-29BE-4329-ED7BFF843D0D
47.938572,-3.231311,2,5E491E0A-C580-29BE-4329-ED7BFF843D0D
47.796528,-3.0784535,2,5E491E0A-C580-29BE-4329-ED7BFF843D0D
44.633133,11.595334,0,5E491E0A-C580-29BE-4329-ED7BFF843D0D
44.633663,11.612414,0,5E491E0A-C580-29BE-4329-ED7BFF843D0D
47.09824,10.153944,0,5E491E0A-C580-29BE-4329-ED7BFF843D0D
47.085766,10.144868,0,5E491E0A-C580-29BE-4329-ED7BFF843D0D
-10.745561,-14.81565,2,5F222604-CB86-1ABA-EB7B-31FF78B7BE93
51.497044,-3.6199539,2,5F222604-CB86-1ABA-EB7B-31FF78B7BE93
51.521088,-3.970381,2,5F222604-CB86-1ABA-EB7B-31FF78B7BE93
48.4228,-5.975126,2,5F222604-CB86-1ABA-EB7B-31FF78B7BE93
48.166077,-5.9173374,2,5F222604-CB86-1ABA-EB7B-31FF78B7BE93
47.87178,-5.9214263,2,5F222604-CB86-1ABA-EB7B-31FF78B7BE93
-22.05337,16.484787,2,5F222604-CB86-1ABA-EB7B-31FF78B7BE93
-21.739561,15.649679,2,5F222604-CB86-1ABA-EB7B-31FF78B7BE93
42.776867,7.388545,2,5F222604-CB86-1ABA-EB7B-31FF78B7BE93
42.78903,7.216312,2,5F222604-CB86-1ABA-EB7B-31FF78B7BE93
69.706406,2.9690893,2,5F222604-CB86-1ABA-EB7B-31FF78B7BE93
69.38379,3.5301168,2,5F222604-CB86-1ABA-EB7B-31FF78B7BE93
69.514305,3.7244656,2,5F222604-CB86-1ABA-EB7B-31FF78B7BE93
69.50135,3.841756,2,5F222604-CB86-1ABA-EB7B-31FF78B7BE93
50.431202,2.7011657,1,5F222604-CB86-1ABA-EB7B-31FF78B7BE93
50.114082,2.411786,1,5F222604-CB86-1ABA-EB7B-31FF78B7BE93
49.22598,1.536312,1,5F222604-CB86-1ABA-EB7B-31FF78B7BE93
49.064453,1.4004833,1,5F222604-CB86-1ABA-EB7B-31FF78B7BE93
-1.1436948,-15.997922,2,62A1F053-1EA8-7433-090E-89D450314F41
32.45887,-8.674759,2,62A1F053-1EA8-7433-090E-89D450314F41
32.53791,-8.7694845,2,62A1F053-1EA8-7433-090E-89D450314F41
-9.983436,-15.106161,2,62A1F053-1EA8-7433-090E-89D450314F41
-13.491218,-19.031786,2,62A1F053-1EA8-7433-090E-89D450314F41
-42.220036,-21.369102,2,62A1F053-1EA8-7433-090E-89D450314F41
-45.515743,1.0904729,2,62A1F053-1EA8-7433-090E-89D450314F41
-45.30881,0.93445176,2,62A1F053-1EA8-7433-090E-89D450314F41
-45.034714,0.78995615,1,62A1F053-1EA8-7433-090E-89D450314F41
-44.43779,1.699575,2,62A1F053-1EA8-7433-090E-89D450314F41
-37.802227,-30.443258,2,62A1F053-1EA8-7433-090E-89D450314F41
-37.63325,-30.387505,2,62A1F053-1EA8-7433-090E-89D450314F41
-18.793623,-13.823512,0,62A1F053-1EA8-7433-090E-89D450314F41
-18.731434,-13.667396,2,62A1F053-1EA8-7433-090E-89D450314F41
-34.866676,-19.828516,2,62A1F053-1EA8-7433-090E-89D450314F41
-37.136578,-26.141964,2,62A1F053-1EA8-7433-090E-89D450314F41
-37.255642,-26.385956,0,62A1F053-1EA8-7433-090E-89D450314F41
-37.277565,-26.634193,0,62A1F053-1EA8-7433-090E-89D450314F41
-54.463516,-8.979334,0,62A1F053-1EA8-7433-090E-89D450314F41
-54.51648,-8.749909,0,62A1F053-1EA8-7433-090E-89D450314F41
-54.486534,-7.9713182,0,62A1F053-1EA8-7433-090E-89D450314F41
-54.41322,-7.648261,0,62A1F053-1EA8-7433-090E-89D450314F41
-54.27581,-7.4567533,0,62A1F053-1EA8-7433-090E-89D450314F41
-52.657482,-7.454824,0,62A1F053-1EA8-7433-090E-89D450314F41
-52.506474,-7.4484625,0,62A1F053-1EA8-7433-090E-89D450314F41
-52.825512,-7.3901653,0,62A1F053-1EA8-7433-090E-89D450314F41
-38.89395,-10.480097,0,62A1F053-1EA8-7433-090E-89D450314F41
-12.48713,-20.008835,0,62A1F053-1EA8-7433-090E-89D450314F41
2.0431502,-21.339466,0,62A1F053-1EA8-7433-090E-89D450314F41
2.0446618,-21.33507,0,62A1F053-1EA8-7433-090E-89D450314F41
5.3135138,-28.39287,0,62A1F053-1EA8-7433-090E-89D450314F41
3.7056537,-28.837982,0,62A1F053-1EA8-7433-090E-89D450314F41
3.464449,-28.818708,0,62A1F053-1EA8-7433-090E-89D450314F41
5.9025226,39.579803,2,647C581E-E72F-0765-F94A-065909B99374
0.8201034,54.66529,2,647C581E-E72F-0765-F94A-065909B99374
-2.3682916,55.23647,2,647C581E-E72F-0765-F94A-065909B99374
-11.262795,52.419395,2,647C581E-E72F-0765-F94A-065909B99374
-45.076275,29.054657,2,647C581E-E72F-0765-F94A-065909B99374
-44.893215,29.113241,2,647C581E-E72F-0765-F94A-065909B99374
17.588888,-4.563944,2,647C581E-E72F-0765-F94A-065909B99374
15.825841,5.138487,2,647C581E-E72F-0765-F94A-065909B99374
15.669263,5.0375824,1,647C581E-E72F-0765-F94A-065909B99374
5.8567166,-32.51356,1,647C581E-E72F-0765-F94A-065909B99374
5.689058,-32.723297,2,647C581E-E72F-0765-F94A-065909B99374
5.5858965,-33.42696,2,647C581E-E72F-0765-F94A-065909B99374
-66.37232,-12.598562,1,64A0EC69-0CE2-8405-0FFC-D63A7F55E703
-66.310684,-12.599379,2,64A0EC69-0CE2-8405-0FFC-D63A7F55E703
-66.3087,-12.500411,2,64A0EC69-0CE2-8405-0FFC-D63A7F55E703
-62.22557,-14.963086,2,64A0EC69-0CE2-8405-0FFC-D63A7F55E703
-61.92083,-18.755554,0,64A0EC69-0CE2-8405-0FFC-D63A7F55E703
-40.198795,-26.625952,0,64A0EC69-0CE2-8405-0FFC-D63A7F55E703
-26.257208,17.970037,1,64A0EC69-0CE2-8405-0FFC-D63A7F55E703
38.91589,5.3955326,1,64A0EC69-0CE2-8405-0FFC-D63A7F55E703
52.607323,6.944802,1,64A0EC69-0CE2-8405-0FFC-D63A7F55E703
57.490093,14.628074,1,64A0EC69-0CE2-8405-0FFC-D63A7F55E703
57.279327,14.759782,1,64A0EC69-0CE2-8405-0FFC-D63A7F55E703
56.79076,14.865499,1,64A0EC69-0CE2-8405-0FFC-D63A7F55E703
56.291626,15.100478,1,64A0EC69-0CE2-8405-0FFC-D63A7F55E703
52.767315,-1.1957206,1,64A0EC69-0CE2-8405-0FFC-D63A7F55E703
46.6314,-16.318134,1,64A0EC69-0CE2-8405-0FFC-D63A7F55E703
46.538044,-16.622702,1,64A0EC69-0CE2-8405-0FFC-D63A7F55E703
46.319508,-17.116676,1,64A0EC69-0CE2-8405-0FFC-D63A7F55E703
41.068455,-18.881731,1,64A0EC69-0CE2-8405-0FFC-D63A7F55E703
36.519756,-21.739851,1,64A0EC69-0CE2-8405-0FFC-D63A7F55E703
34.89704,-18.677967,1,64A0EC69-0CE2-8405-0FFC-D63A7F55E703
34.725536,-18.762966,1,64A0EC69-0CE2-8405-0FFC-D63A7F55E703
26.875809,-12.475939,1,64A0EC69-0CE2-8405-0FFC-D63A7F55E703
26.721264,-12.324919,1,64A0EC69-0CE2-8405-0FFC-D63A7F55E703
26.321394,-11.869654,1,64A0EC69-0CE2-8405-0FFC-D63A7F55E703
-50.51135,27.713997,2,64A0EC69-0CE2-8405-0FFC-D63A7F55E703
-50.53652,27.66833,2,64A0EC69-0CE2-8405-0FFC-D63A7F55E703
-50.553993,27.638813,2,64A0EC69-0CE2-8405-0FFC-D63A7F55E703
-19.75226,19.418755,2,64A0EC69-0CE2-8405-0FFC-D63A7F55E703
-19.530863,19.189375,1,64A0EC69-0CE2-8405-0FFC-D63A7F55E703
-19.39861,19.048471,0,64A0EC69-0CE2-8405-0FFC-D63A7F55E703
-37.107025,-21.806725,2,66E9719B-D383-AA87-7FAB-D9B4ABE7011C
-16.92528,-9.909513,2,66E9719B-D383-AA87-7FAB-D9B4ABE7011C
-23.301289,-18.209305,2,66E9719B-D383-AA87-7FAB-D9B4ABE7011C
-36.696716,-19.296478,2,66E9719B-D383-AA87-7FAB-D9B4ABE7011C
-58.675564,-18.352919,2,66E9719B-D383-AA87-7FAB-D9B4ABE7011C
-58.660812,-18.342539,2,66E9719B-D383-AA87-7FAB-D9B4ABE7011C
-20.964613,-15.114642,0,66E9719B-D383-AA87-7FAB-D9B4ABE7011C
-20.38388,-17.353039,2,66E9719B-D383-AA87-7FAB-D9B4ABE7011C
-20.334635,-17.529137,2,66E9719B-D383-AA87-7FAB-D9B4ABE7011C
-19.746199,-18.20731,2,66E9719B-D383-AA87-7FAB-D9B4ABE7011C
-14.848278,-11.485672,2,66E9719B-D383-AA87-7FAB-D9B4ABE7011C
35.97592,-22.19979,2,66E9719B-D383-AA87-7FAB-D9B4ABE7011C
17.558775,-0.24222627,0,66E9719B-D383-AA87-7FAB-D9B4ABE7011C
17.395187,-1.3854164,0,66E9719B-D383-AA87-7FAB-D9B4ABE7011C
14.486831,-37.429543,0,66E9719B-D383-AA87-7FAB-D9B4ABE7011C
10.336829,-45.123775,0,66E9719B-D383-AA87-7FAB-D9B4ABE7011C
10.1358185,-45.38091,0,66E9719B-D383-AA87-7FAB-D9B4ABE7011C
9.999885,-45.553127,0,66E9719B-D383-AA87-7FAB-D9B4ABE7011C
24.283602,29.114552,0,66E9719B-D383-AA87-7FAB-D9B4ABE7011C
26.192558,27.74389,0,66E9719B-D383-AA87-7FAB-D9B4ABE7011C
28.075401,25.118937,2,66E9719B-D383-AA87-7FAB-D9B4ABE7011C
9.1622925,43.068714,2,66E9719B-D383-AA87-7FAB-D9B4ABE7011C
4.2582893,47.79332,2,66E9719B-D383-AA87-7FAB-D9B4ABE7011C
-5.825757,49.110664,2,66E9719B-D383-AA87-7FAB-D9B4ABE7011C
-62.991665,-16.480064,2,68339CF4-6AFB-7EFB-40EA-238612F8E5A4
-53.265163,-14.564055,2,68339CF4-6AFB-7EFB-40EA-238612F8E5A4
-53.172634,-14.593734,2,68339CF4-6AFB-7EFB-40EA-238612F8E5A4
-46.661068,-16.110046,2,68339CF4-6AFB-7EFB-40EA-238612F8E5A4
-43.946686,-23.339832,2,68339CF4-6AFB-7EFB-40EA-238612F8E5A4
-46.982403,-21.586271,2,68339CF4-6AFB-7EFB-40EA-238612F8E5A4
-34.109062,41.413616,2,68339CF4-6AFB-7EFB-40EA-238612F8E5A4
-33.912376,41.62516,2,68339CF4-6AFB-7EFB-40EA-238612F8E5A4
-8.458199,20.95378,2,68339CF4-6AFB-7EFB-40EA-238612F8E5A4
-8.496325,20.799631,2,68339CF4-6AFB-7EFB-40EA-238612F8E5A4
-8.506965,20.732563,2,68339CF4-6AFB-7EFB-40EA-238612F8E5A4
22.511538,9.079893,2,68339CF4-6AFB-7EFB-40EA-238612F8E5A4
58.1818,8.824572,1,68339CF4-6AFB-7EFB-40EA-238612F8E5A4
61.481876,13.609167,2,68339CF4-6AFB-7EFB-40EA-238612F8E5A4
61.510212,13.438028,2,68339CF4-6AFB-7EFB-40EA-238612F8E5A4
61.77455,12.239537,2,68339CF4-6AFB-7EFB-40EA-238612F8E5A4
51.49557,7.058495,2,68339CF4-6AFB-7EFB-40EA-238612F8E5A4
39.096207,7.3391185,2,68339CF4-6AFB-7EFB-40EA-238612F8E5A4
52.861702,-12.705876,0,68339CF4-6AFB-7EFB-40EA-238612F8E5A4
45.080612,-14.068171,0,68339CF4-6AFB-7EFB-40EA-238612F8E5A4
44.998684,-14.21318,0,68339CF4-6AFB-7EFB-40EA-238612F8E5A4
37.399456,-11.965278,0,68339CF4-6AFB-7EFB-40EA-238612F8E5A4
37.14258,-11.864977,0,68339CF4-6AFB-7EFB-40EA-238612F8E5A4
25.707111,-17.840887,0,68339CF4-6AFB-7EFB-40EA-238612F8E5A4
0.90282077,-13.106253,2,6B1E25A6-882B-DDD7-CE4F-4EC17A0906CF
9.507783,-3.1066206,2,6B1E25A6-882B-DDD7-CE4F-4EC17A0906CF
-0.6258899,-3.4810688,0,6B1E25A6-882B-DDD7-CE4F-4EC17A0906CF
-8.698392,15.273841,0,6B1E25A6-882B-DDD7-CE4F-4EC17A0906CF
-8.812541,15.320463,0,6B1E25A6-882B-DDD7-CE4F-4EC17A0906CF
-9.572414,15.097593,0,6B1E25A6-882B-DDD7-CE4F-4EC17A0906CF
-13.696926,-11.286901,0,6B1E25A6-882B-DDD7-CE4F-4EC17A0906CF
1.5467849,-16.580378,0,6B1E25A6-882B-DDD7-CE4F-4EC17A0906CF
1.992155,-16.450766,0,6B1E25A6-882B-DDD7-CE4F-4EC17A0906CF
2.4504466,-16.20803,0,6B1E25A6-882B-DDD7-CE4F-4EC17A0906CF
2.5692163,-16.253244,0,6B1E25A6-882B-DDD7-CE4F-4EC17A0906CF
2.523651,-16.450327,0,6B1E25A6-882B-DDD7-CE4F-4EC17A0906CF
40.195,6.063257,2,6B1E25A6-882B-DDD7-CE4F-4EC17A0906CF
54.695133,4.764676,2,6B1E25A6-882B-DDD7-CE4F-4EC17A0906CF
56.152966,4.9945574,2,6B1E25A6-882B-DDD7-CE4F-4EC17A0906CF
56.490147,5.00404,2,6B1E25A6-882B-DDD7-CE4F-4EC17A0906CF
56.536446,4.91263,1,6B1E25A6-882B-DDD7-CE4F-4EC17A0906CF
58.866653,-1.8590047,1,6B1E25A6-882B-DDD7-CE4F-4EC17A0906CF
-0.65063953,-43.961853,0,6B1E25A6-882B-DDD7-CE4F-4EC17A0906CF
3.6244943,-51.278717,0,6B1E25A6-882B-DDD7-CE4F-4EC17A0906CF
3.5917952,-51.797035,0,6B1E25A6-882B-DDD7-CE4F-4EC17A0906CF
-61.19597,-13.551882,0,6B690AF9-8440-1C43-B353-FA85266AA12C
-60.583492,-13.810631,2,6B690AF9-8440-1C43-B353-FA85266AA12C
-60.357887,-14.088751,2,6B690AF9-8440-1C43-B353-FA85266AA12C
-60.060856,-14.414354,2,6B690AF9-8440-1C43-B353-FA85266AA12C
-59.841396,-14.822367,2,6B690AF9-8440-1C43-B353-FA85266AA12C
-59.437725,-15.872412,2,6B690AF9-8440-1C43-B353-FA85266AA12C
-34.417107,-11.565969,2,6B690AF9-8440-1C43-B353-FA85266AA12C
-38.84928,-8.618308,2,6B690AF9-8440-1C43-B353-FA85266AA12C
-38.97548,-8.39208,1,6B690AF9-8440-1C43-B353-FA85266AA12C
-38.84694,-8.593562,1,6B690AF9-8440-1C43-B353-FA85266AA12C
-14.406835,-21.540213,1,6B690AF9-8440-1C43-B353-FA85266AA12C
5.7211347,32.32271,1,6B690AF9-8440-1C43-B353-FA85266AA12C
-41.075092,40.624294,2,6B690AF9-8440-1C43-B353-FA85266AA12C
-67.66727,4.053172,2,6B690AF9-8440-1C43-B353-FA85266AA12C
-66.74709,0.9913741,1,6B690AF9-8440-1C43-B353-FA85266AA12C
-52.82096,-16.513573,1,6B690AF9-8440-1C43-B353-FA85266AA12C
-44.24347,-21.101452,1,6B690AF9-8440-1C43-B353-FA85266AA12C
-18.62079,-17.98633,2,6B690AF9-8440-1C43-B353-FA85266AA12C
-25.1788,-16.511549,2,6B690AF9-8440-1C43-B353-FA85266AA12C
-25.364777,-16.610247,2,6B690AF9-8440-1C43-B353-FA85266AA12C
-60.49581,-8.675088,2,6B690AF9-8440-1C43-B353-FA85266AA12C
-60.59922,-8.546593,2,6B690AF9-8440-1C43-B353-FA85266AA12C
-60.58892,-8.555358,2,6B690AF9-8440-1C43-B353-FA85266AA12C
-56.914963,-12.476323,2,6B690AF9-8440-1C43-B353-FA85266AA12C
-65.27743,4.305519,0,6B690AF9-8440-1C43-B353-FA85266AA12C
-65.1275,4.123824,0,6B690AF9-8440-1C43-B353-FA85266AA12C
-64.87526,4.0650034,2,6B690AF9-8440-1C43-B353-FA85266AA12C
-64.53356,4.018835,2,6B690AF9-8440-1C43-B353-FA85266AA12C
-63.797028,4.156938,2,6B690AF9-8440-1C43-B353-FA85266AA12C
-18.668806,-2.0352137,2,6B690AF9-8440-1C43-B353-FA85266AA12C
-18.649778,-1.9886197,2,6B690AF9-8440-1C43-B353-FA85266AA12C
37.0984,7.7719274,2,6B690AF9-8440-1C43-B353-FA85266AA12C
51.493652,5.9668646,2,6B690AF9-8440-1C43-B353-FA85266AA12C
55.56173,-1.8207381,2,6B690AF9-8440-1C43-B353-FA85266AA12C
53.353603,-3.821091,2,6B690AF9-8440-1C43-B353-FA85266AA12C
54.112083,-17.106367,1,6B690AF9-8440-1C43-B353-FA85266AA12C
-42.101677,26.531038,2,6C9454F6-2AA4-4C25-0387-C6CA7AFC4C13
-41.54736,26.199673,0,6C9454F6-2AA4-4C25-0387-C6CA7AFC4C13
-41.16072,25.962318,0,6C9454F6-2AA4-4C25-0387-C6CA7AFC4C13
-34.424446,25.479073,0,6C9454F6-2AA4-4C25-0387-C6CA7AFC4C13
-25.786242,17.105612,0,6C9454F6-2AA4-4C25-0387-C6CA7AFC4C13
40.685978,6.0260468,0,6C9454F6-2AA4-4C25-0387-C6CA7AFC4C13
52.381233,5.7617326,0,6C9454F6-2AA4-4C25-0387-C6CA7AFC4C13
57.496025,11.51208,0,6C9454F6-2AA4-4C25-0387-C6CA7AFC4C13
59.48686,8.238885,1,6C9454F6-2AA4-4C25-0387-C6CA7AFC4C13
61.082165,0.013924801,2,6C9454F6-2AA4-4C25-0387-C6CA7AFC4C13
60.38429,-0.6374308,2,6C9454F6-2AA4-4C25-0387-C6CA7AFC4C13
52.24894,-21.15534,2,6C9454F6-2AA4-4C25-0387-C6CA7AFC4C13
-42.708546,39.282772,2,6C9454F6-2AA4-4C25-0387-C6CA7AFC4C13
-42.624485,39.166733,2,6C9454F6-2AA4-4C25-0387-C6CA7AFC4C13
-32.872826,28.664593,2,6C9454F6-2AA4-4C25-0387-C6CA7AFC4C13
12.915981,13.601563,1,6E42D32E-048C-D829-197E-7950E78F58CB
12.719406,13.539337,1,6E42D32E-048C-D829-197E-7950E78F58CB
12.002891,13.109734,1,6E42D32E-048C-D829-197E-7950E78F58CB
11.86471,12.853263,1,6E42D32E-048C-D829-197E-7950E78F58CB
12.056907,12.054554,1,6E42D32E-048C-D829-197E-7950E78F58CB
12.024482,11.320802,1,6E42D32E-048C-D829-197E-7950E78F58CB
12.035826,11.059911,1,6E42D32E-048C-D829-197E-7950E78F58CB
15.927725,-1.049872,1,6E42D32E-048C-D829-197E-7950E78F58CB
12.353535,-39.30763,1,6E42D32E-048C-D829-197E-7950E78F58CB
10.138288,-37.934414,1,6E42D32E-048C-D829-197E-7950E78F58CB
-3.1705642,-36.655388,1,6E42D32E-048C-D829-197E-7950E78F58CB
-3.3710022,-36.652008,1,6E42D32E-048C-D829-197E-7950E78F58CB
15.605005,-38.04887,1,6E42D32E-048C-D829-197E-7950E78F58CB
12.611431,-40.32872,1,6E42D32E-048C-D829-197E-7950E78F58CB
2.3954964,-41.10349,1,6E42D32E-048C-D829-197E-7950E78F58CB
1.6593868,-40.9483,1,6E42D32E-048C-D829-197E-7950E78F58CB
1.1007525,-40.861504,1,6E42D32E-048C-D829-197E-7950E78F58CB
0.864428,-40.889626,1,6E42D32E-048C-D829-197E-7950E78F58CB
-34.362217,27.050327,2,6E42D32E-048C-D829-197E-7950E78F58CB
-31.166338,21.79529,0,6E42D32E-048C-D829-197E-7950E78F58CB
-22.841913,14.354098,0,6E42D32E-048C-D829-197E-7950E78F58CB
35.59745,9.075969,0,6E42D32E-048C-D829-197E-7950E78F58CB
36.582497,9.678751,0,6E42D32E-048C-D829-197E-7950E78F58CB
69.44676,2.4378097,0,6E42D32E-048C-D829-197E-7950E78F58CB
47.513588,-12.788138,1,6E42D32E-048C-D829-197E-7950E78F58CB
47.40186,-12.834552,1,6E42D32E-048C-D829-197E-7950E78F58CB
42.639614,-13.3271055,1,6E42D32E-048C-D829-197E-7950E78F58CB
40.873383,-13.01634,1,6E42D32E-048C-D829-197E-7950E78F58CB
29.608564,-11.065699,1,6E42D32E-048C-D829-197E-7950E78F58CB
29.044258,-10.68737,1,6E42D32E-048C-D829-197E-7950E78F58CB
7.892048,23.96136,0,70432028-81AF-D67A-251E-D2F807AB93CF
7.9919696,23.56221,0,70432028-81AF-D67A-251E-D2F807AB93CF
8.026603,23.274847,2,70432028-81AF-D67A-251E-D2F807AB93CF
-5.6975517,58.389057,2,70432028-81AF-D67A-251E-D2F807AB93CF
-4.7616773,53.562637,2,70432028-81AF-D67A-251E-D2F807AB93CF
-10.478241,51.21576,2,70432028-81AF-D67A-251E-D2F807AB93CF
-43.16523,29.213436,2,70432028-81AF-D67A-251E-D2F807AB93CF
-40.036144,40.63741,2,70432028-81AF-D67A-251E-D2F807AB93CF
-39.438133,41.028122,2,70432028-81AF-D67A-251E-D2F807AB93CF
-39.04849,40.795315,2,70432028-81AF-D67A-251E-D2F807AB93CF
-34.888424,36.623882,2,70432028-81AF-D67A-251E-D2F807AB93CF
-34.072136,36.03169,2,70432028-81AF-D67A-251E-D2F807AB93CF
39.72882,-5.760041,2,70432028-81AF-D67A-251E-D2F807AB93CF
39.445435,-5.9488835,2,70432028-81AF-D67A-251E-D2F807AB93CF
31.694918,-10.479264,2,70432028-81AF-D67A-251E-D2F807AB93CF
31.505178,-10.7457485,2,70432028-81AF-D67A-251E-D2F807AB93CF
31.192104,-10.891437,2,70432028-81AF-D67A-251E-D2F807AB93CF
36.38352,-18.480894,2,70432028-81AF-D67A-251E-D2F807AB93CF
15.614271,7.773539,0,70432028-81AF-D67A-251E-D2F807AB93CF
15.303003,7.4536266,2,70432028-81AF-D67A-251E-D2F807AB93CF
14.653837,6.440615,2,70432028-81AF-D67A-251E-D2F807AB93CF
5.045791,-31.855165,2,70432028-81AF-D67A-251E-D2F807AB93CF
4.751233,-30.964748,2,70432028-81AF-D67A-251E-D2F807AB93CF
4.7604623,-30.893042,2,70432028-81AF-D67A-251E-D2F807AB93CF
55.412918,15.041604,2,70432028-81AF-D67A-251E-D2F807AB93CF
54.967926,15.143337,2,70432028-81AF-D67A-251E-D2F807AB93CF
46.807858,-0.7316508,2,70432028-81AF-D67A-251E-D2F807AB93CF
46.461853,-0.7157433,2,70432028-81AF-D67A-251E-D2F807AB93CF
46.098248,-0.89779526,2,70432028-81AF-D67A-251E-D2F807AB93CF
45.576912,-1.1034616,2,70432028-81AF-D67A-251E-D2F807AB93CF
34.391907,-9.168734,0,718078D1-70DB-2916-366D-1119A22DCD7F
34.481857,-10.204181,1,718078D1-70DB-2916-366D-1119A22DCD7F
33.991207,-10.346144,1,718078D1-70DB-2916-366D-1119A22DCD7F
33.827503,-10.33066,1,718078D1-70DB-2916-366D-1119A22DCD7F
31.235859,-15.532107,1,718078D1-70DB-2916-366D-1119A22DCD7F
31.191833,-15.499038,1,718078D1-70DB-2916-366D-1119A22DCD7F
-2.6106894,-39.414093,2,718078D1-70DB-2916-366D-1119A22DCD7F
-7.9892187,-40.56855,2,718078D1-70DB-2916-366D-1119A22DCD7F
-8.691075,-40.872524,1,718078D1-70DB-2916-366D-1119A22DCD7F
-4.8428698,-54.186886,1,718078D1-70DB-2916-366D-1119A22DCD7F
11.094974,34.048946,1,718078D1-70DB-2916-366D-1119A22DCD7F
10.919643,34.041122,1,718078D1-70DB-2916-366D-1119A22DCD7F
10.320158,34.26586,1,718078D1-70DB-2916-366D-1119A22DCD7F
6.7798014,37.884632,2,718078D1-70DB-2916-366D-1119A22DCD7F
3.1310592,43.340054,2,718078D1-70DB-2916-366D-1119A22DCD7F
0.069472075,53.61686,2,718078D1-70DB-2916-366D-1119A22DCD7F
-0.19496147,53.37386,2,718078D1-70DB-2916-366D-1119A22DCD7F
-4.350624,51.796085,2,718078D1-70DB-2916-366D-1119A22DCD7F
-33.89897,44.061226,0,718078D1-70DB-2916-366D-1119A22DCD7F
-33.5832,44.1747,0,718078D1-70DB-2916-366D-1119A22DCD7F
-3.780147,24.438251,0,718078D1-70DB-2916-366D-1119A22DCD7F
-3.6970897,24.63204,0,718078D1-70DB-2916-366D-1119A22DCD7F
-3.6685216,24.772371,0,718078D1-70DB-2916-366D-1119A22DCD7F
-3.6230063,24.982628,0,718078D1-70DB-2916-366D-1119A22DCD7F
-19.045006,8.968555,1,72B642AD-2D4A-574F-05EC-EC93C0C52335
-19.04608,9.047606,1,72B642AD-2D4A-574F-05EC-EC93C0C52335
-19.016092,9.086723,1,72B642AD-2D4A-574F-05EC-EC93C0C52335
56.51852,2.2626147,1,72B642AD-2D4A-574F-05EC-EC93C0C52335
-8.110237,-15.509961,1,72B642AD-2D4A-574F-05EC-EC93C0C52335
-10.083615,-16.809916,1,72B642AD-2D4A-574F-05EC-EC93C0C52335
-70.23646,0.539691,2,72B642AD-2D4A-574F-05EC-EC93C0C52335
-69.79184,1.4316154,2,72B642AD-2D4A-574F-05EC-EC93C0C52335
-69.684425,1.8164735,2,72B642AD-2D4A-574F-05EC-EC93C0C52335
-69.477936,2.089219,2,72B642AD-2D4A-574F-05EC-EC93C0C52335
-34.71109,23.665886,2,72B642AD-2D4A-574F-05EC-EC93C0C52335
-34.200134,38.60899,2,72B642AD-2D4A-574F-05EC-EC93C0C52335
-61.83427,-13.312701,2,7417E7AB-C723-0958-F8EE-DDA4DED65165
-58.548454,-14.261082,2,7417E7AB-C723-0958-F8EE-DDA4DED65165
-56.557808,-14.951083,2,7417E7AB-C723-0958-F8EE-DDA4DED65165
-49.283978,-19.911373,0,7417E7AB-C723-0958-F8EE-DDA4DED65165
-49.187668,-20.054377,0,7417E7AB-C723-0958-F8EE-DDA4DED65165
-49.879814,-19.91959,0,7417E7AB-C723-0958-F8EE-DDA4DED65165
67.26653,0.86944896,0,7417E7AB-C723-0958-F8EE-DDA4DED65165
67.054474,1.1928419,0,7417E7AB-C723-0958-F8EE-DDA4DED65165
58.82892,5.30112,0,7417E7AB-C723-0958-F8EE-DDA4DED65165
61.351593,8.74007,0,7417E7AB-C723-0958-F8EE-DDA4DED65165
55.55588,14.383369,0,7417E7AB-C723-0958-F8EE-DDA4DED65165
50.837864,-8.022913,0,7417E7AB-C723-0958-F8EE-DDA4DED65165
-0.6960825,-48.14918,0,7417E7AB-C723-0958-F8EE-DDA4DED65165
2.2286415,-52.2608,0,7417E7AB-C723-0958-F8EE-DDA4DED65165
1.3669437,-56.14667,0,7417E7AB-C723-0958-F8EE-DDA4DED65165
24.289787,33.046955,0,7417E7AB-C723-0958-F8EE-DDA4DED65165
28.044334,30.212643,0,7417E7AB-C723-0958-F8EE-DDA4DED65165
28.212975,29.679802,1,7417E7AB-C723-0958-F8EE-DDA4DED65165
61.91648,10.493039,0,7417E7AB-C723-0958-F8EE-DDA4DED65165
62.247955,10.78576,0,7417E7AB-C723-0958-F8EE-DDA4DED65165
61.966587,7.070841,0,7417E7AB-C723-0958-F8EE-DDA4DED65165
52.223118,13.012818,0,7417E7AB-C723-0958-F8EE-DDA4DED65165
52.08477,-17.54864,0,7417E7AB-C723-0958-F8EE-DDA4DED65165
51.527622,-18.132832,2,7417E7AB-C723-0958-F8EE-DDA4DED65165
-22.508608,11.943321,2,7417E7AB-C723-0958-F8EE-DDA4DED65165
67.5879,2.7489512,0,7417E7AB-C723-0958-F8EE-DDA4DED65165
67.03378,3.04797,0,7417E7AB-C723-0958-F8EE-DDA4DED65165
-44.34409,-9.099456,2,761D024F-3C62-5326-601A-88D436C7726A
-44.71722,-9.272384,2,761D024F-3C62-5326-601A-88D436C7726A
-45.089897,-9.496094,2,761D024F-3C62-5326-601A-88D436C7726A
-45.33455,-9.560715,2,761D024F-3C62-5326-601A-88D436C7726A
-68.991806,0.76668894,2,761D024F-3C62-5326-601A-88D436C7726A
-68.73736,3.7777417,2,761D024F-3C62-5326-601A-88D436C7726A
18.27743,6.5187664,1,761D024F-3C62-5326-601A-88D436C7726A
18.279436,6.42302,1,761D024F-3C62-5326-601A-88D436C7726A
16.135464,8.31404,1,761D024F-3C62-5326-601A-88D436C7726A
3.4349387,-32.207577,1,761D024F-3C62-5326-601A-88D436C7726A
3.2123084,-32.558815,1,761D024F-3C62-5326-601A-88D436C7726A
1.5982376,-35.035946,1,761D024F-3C62-5326-601A-88D436C7726A
1.4810925,-35.169228,1,761D024F-3C62-5326-601A-88D436C7726A
1.2299478,-35.45663,0,761D024F-3C62-5326-601A-88D436C7726A
-4.5205812,-45.674393,0,761D024F-3C62-5326-601A-88D436C7726A
-4.6612334,-45.971516,0,761D024F-3C62-5326-601A-88D436C7726A
2.8178158,-54.77429,0,761D024F-3C62-5326-601A-88D436C7726A
23.856932,30.654488,0,761D024F-3C62-5326-601A-88D436C7726A
24.350136,29.726147,0,761D024F-3C62-5326-601A-88D436C7726A
26.273241,26.600296,2,761D024F-3C62-5326-601A-88D436C7726A
9.051143,43.452904,2,761D024F-3C62-5326-601A-88D436C7726A
1.6890979,48.356762,2,761D024F-3C62-5326-601A-88D436C7726A
-4.255097,50.011593,2,761D024F-3C62-5326-601A-88D436C7726A
-23.123951,23.27922,1,761D024F-3C62-5326-601A-88D436C7726A
17.660479,4.4151015,0,761D024F-3C62-5326-601A-88D436C7726A
17.644615,4.4090576,0,761D024F-3C62-5326-601A-88D436C7726A
22.9775,12.70491,0,761D024F-3C62-5326-601A-88D436C7726A
23.022682,12.785332,1,761D024F-3C62-5326-601A-88D436C7726A
23.08929,13.072211,1,761D024F-3C62-5326-601A-88D436C7726A
16.188465,0.087386236,1,761D024F-3C62-5326-601A-88D436C7726A
-44.303146,-21.993538,2,772BA0E9-AC30-CEA6-AA1B-18A0300702AA
-12.717396,-21.960295,2,772BA0E9-AC30-CEA6-AA1B-18A0300702AA
-11.905943,-21.626642,2,772BA0E9-AC30-CEA6-AA1B-18A0300702AA
31.47331,-20.054268,2,772BA0E9-AC30-CEA6-AA1B-18A0300702AA
29.250977,-15.80567,2,772BA0E9-AC30-CEA6-AA1B-18A0300702AA
23.522844,-21.310127,2,772BA0E9-AC30-CEA6-AA1B-18A0300702AA
43.950653,-5.1386876,1,772BA0E9-AC30-CEA6-AA1B-18A0300702AA
32.29961,-18.638443,1,772BA0E9-AC30-CEA6-AA1B-18A0300702AA
31.544815,-19.01411,1,772BA0E9-AC30-CEA6-AA1B-18A0300702AA
31.319319,-19.000402,1,772BA0E9-AC30-CEA6-AA1B-18A0300702AA
36.1501,-8.237855,1,772BA0E9-AC30-CEA6-AA1B-18A0300702AA
30.703661,-6.68143,1,772BA0E9-AC30-CEA6-AA1B-18A0300702AA
13.313415,-0.65774363,1,772BA0E9-AC30-CEA6-AA1B-18A0300702AA
3.771747,-41.989174,1,772BA0E9-AC30-CEA6-AA1B-18A0300702AA
3.7397928,-42.284832,1,772BA0E9-AC30-CEA6-AA1B-18A0300702AA
4.2595396,-45.768387,1,772BA0E9-AC30-CEA6-AA1B-18A0300702AA
-0.36345115,-49.40526,1,772BA0E9-AC30-CEA6-AA1B-18A0300702AA
0.65992576,-53.014217,1,772BA0E9-AC30-CEA6-AA1B-18A0300702AA
64.73896,10.935894,1,772BA0E9-AC30-CEA6-AA1B-18A0300702AA
63.278885,14.969176,1,772BA0E9-AC30-CEA6-AA1B-18A0300702AA
-23.434546,-11.322536,1,77F6B31E-B228-3C6D-A66F-E7E6FDED3587
-9.812182,-17.197205,1,77F6B31E-B228-3C6D-A66F-E7E6FDED3587
-14.7052965,-17.026602,1,77F6B31E-B228-3C6D-A66F-E7E6FDED3587
-14.629952,-16.915682,1,77F6B31E-B228-3C6D-A66F-E7E6FDED3587
-23.975878,-9.998078,1,77F6B31E-B228-3C6D-A66F-E7E6FDED3587
-24.011503,-9.674872,1,77F6B31E-B228-3C6D-A66F-E7E6FDED3587
-23.780306,-7.2311215,1,77F6B31E-B228-3C6D-A66F-E7E6FDED3587
-12.519713,12.942168,1,77F6B31E-B228-3C6D-A66F-E7E6FDED3587
-12.857573,12.484491,1,77F6B31E-B228-3C6D-A66F-E7E6FDED3587
-12.8545475,12.319222,1,77F6B31E-B228-3C6D-A66F-E7E6FDED3587
4.270696,-52.938934,1,77F6B31E-B228-3C6D-A66F-E7E6FDED3587
4.1349025,-53.250725,0,77F6B31E-B228-3C6D-A66F-E7E6FDED3587
-64.230156,-8.641238,2,7B8B31F4-FFC3-7A4E-3EAF-78D5CA8ACB61
-64.33157,-8.544942,2,7B8B31F4-FFC3-7A4E-3EAF-78D5CA8ACB61
-64.843796,-8.093476,2,7B8B31F4-FFC3-7A4E-3EAF-78D5CA8ACB61
-63.66495,-8.53603,2,7B8B31F4-FFC3-7A4E-3EAF-78D5CA8ACB61
-25.123201,-15.882951,2,7B8B31F4-FFC3-7A4E-3EAF-78D5CA8ACB61
-16.0682,-19.034904,2,7B8B31F4-FFC3-7A4E-3EAF-78D5CA8ACB61
58.488514,-0.093137875,0,7B8B31F4-FFC3-7A4E-3EAF-78D5CA8ACB61
54.98193,-4.563532,0,7B8B31F4-FFC3-7A4E-3EAF-78D5CA8ACB61
51.988533,-11.569205,0,7B8B31F4-FFC3-7A4E-3EAF-78D5CA8ACB61
51.577133,-11.85138,0,7B8B31F4-FFC3-7A4E-3EAF-78D5CA8ACB61
47.882343,-14.637062,0,7B8B31F4-FFC3-7A4E-3EAF-78D5CA8ACB61
37.914276,-18.071487,0,7B8B31F4-FFC3-7A4E-3EAF-78D5CA8ACB61
20.29423,12.8319025,0,7B8B31F4-FFC3-7A4E-3EAF-78D5CA8ACB61
20.346483,12.900266,0,7B8B31F4-FFC3-7A4E-3EAF-78D5CA8ACB61
20.129326,12.776921,0,7B8B31F4-FFC3-7A4E-3EAF-78D5CA8ACB61
14.234632,-33.480553,0,7B8B31F4-FFC3-7A4E-3EAF-78D5CA8ACB61
3.931446,-37.22994,0,7B8B31F4-FFC3-7A4E-3EAF-78D5CA8ACB61
1.6492503,-44.585102,0,7B8B31F4-FFC3-7A4E-3EAF-78D5CA8ACB61
1.8974819,-44.835392,0,7B8B31F4-FFC3-7A4E-3EAF-78D5CA8ACB61
0.7593446,-44.81928,0,7B8B31F4-FFC3-7A4E-3EAF-78D5CA8ACB61
-5.552221,-49.554844,0,7B8B31F4-FFC3-7A4E-3EAF-78D5CA8ACB61
-5.4494185,-49.57519,0,7B8B31F4-FFC3-7A4E-3EAF-78D5CA8ACB61
24.55308,36.507248,0,7B8B31F4-FFC3-7A4E-3EAF-78D5CA8ACB61
24.865126,36.511242,0,7B8B31F4-FFC3-7A4E-3EAF-78D5CA8ACB61
67.94724,0.04188223,2,7B8B31F4-FFC3-7A4E-3EAF-78D5CA8ACB61
66.04937,4.6188397,2,7B8B31F4-FFC3-7A4E-3EAF-78D5CA8ACB61
65.76923,4.9329615,2,7B8B31F4-FFC3-7A4E-3EAF-78D5CA8ACB61
65.39085,5.2887955,2,7B8B31F4-FFC3-7A4E-3EAF-78D5CA8ACB61
55.78227,-1.0213866,2,7B8B31F4-FFC3-7A4E-3EAF-78D5CA8ACB61
55.518845,-1.0527438,0,7B8B31F4-FFC3-7A4E-3EAF-78D5CA8ACB61
-4.660672,50.26211,1,7B8B31F4-FFC3-7A4E-3EAF-78D5CA8ACB61
-7.90094,48.14392,1,7B8B31F4-FFC3-7A4E-3EAF-78D5CA8ACB61
-7.7866664,47.753574,1,7B8B31F4-FFC3-7A4E-3EAF-78D5CA8ACB61
-65.98362,3.65174,2,7DC9729F-BA27-3831-6078-F8508766396A
-65.95344,3.5634897,2,7DC9729F-BA27-3831-6078-F8508766396A
-36.052555,-16.797016,2,7DC9729F-BA27-3831-6078-F8508766396A
-35.76304,-18.044306,2,7DC9729F-BA27-3831-6078-F8508766396A
-17.811022,-13.858303,2,7DC9729F-BA27-3831-6078-F8508766396A
-17.485529,-13.690521,2,7DC9729F-BA27-3831-6078-F8508766396A
-6.2669663,13.7877445,0,7DC9729F-BA27-3831-6078-F8508766396A
-6.2442093,13.827163,0,7DC9729F-BA27-3831-6078-F8508766396A
-0.438882,-0.6454666,0,7DC9729F-BA27-3831-6078-F8508766396A
-0.323706,-0.79210216,0,7DC9729F-BA27-3831-6078-F8508766396A
-0.09284381,-0.81346905,0,7DC9729F-BA27-3831-6078-F8508766396A
1.8906898,0.7617058,0,7DC9729F-BA27-3831-6078-F8508766396A
-6.2166014,15.98584,0,7DC9729F-BA27-3831-6078-F8508766396A
-6.439173,15.807875,0,7DC9729F-BA27-3831-6078-F8508766396A
-6.66644,15.500246,0,7DC9729F-BA27-3831-6078-F8508766396A
-6.8100348,15.407669,0,7DC9729F-BA27-3831-6078-F8508766396A
-6.8962393,15.3996315,0,7DC9729F-BA27-3831-6078-F8508766396A
0.65640736,-0.3734673,0,7DC9729F-BA27-3831-6078-F8508766396A
24.212395,-8.060235,2,7FB7C50A-30EA-A991-0C04-7FFA681B8803
16.336325,12.78514,2,7FB7C50A-30EA-A991-0C04-7FFA681B8803
16.321941,12.807241,2,7FB7C50A-30EA-A991-0C04-7FFA681B8803
6.5807505,-10.385438,2,7FB7C50A-30EA-A991-0C04-7FFA681B8803
6.565866,-10.416602,2,7FB7C50A-30EA-A991-0C04-7FFA681B8803
6.5270457,-10.508352,0,7FB7C50A-30EA-A991-0C04-7FFA681B8803
3.7315428,43.407738,2,7FB7C50A-30EA-A991-0C04-7FFA681B8803
0.73358035,53.50032,2,7FB7C50A-30EA-A991-0C04-7FFA681B8803
-9.10876,52.86204,2,7FB7C50A-30EA-A991-0C04-7FFA681B8803
-42.807285,28.238989,2,7FB7C50A-30EA-A991-0C04-7FFA681B8803
-43.005173,28.35642,2,7FB7C50A-30EA-A991-0C04-7FFA681B8803
-43.166775,28.10546,2,7FB7C50A-30EA-A991-0C04-7FFA681B8803
60.70703,9.53292,0,7FB7C50A-30EA-A991-0C04-7FFA681B8803
60.388496,9.436307,0,7FB7C50A-30EA-A991-0C04-7FFA681B8803
54.59633,13.62454,0,7FB7C50A-30EA-A991-0C04-7FFA681B8803
52.88512,13.198512,0,7FB7C50A-30EA-A991-0C04-7FFA681B8803
53.761803,-15.181273,0,7FB7C50A-30EA-A991-0C04-7FFA681B8803
53.780376,-14.659274,0,7FB7C50A-30EA-A991-0C04-7FFA681B8803
36.108173,-17.659407,0,7FB7C50A-30EA-A991-0C04-7FFA681B8803
27.17146,-26.571796,0,7FB7C50A-30EA-A991-0C04-7FFA681B8803
23.62695,-27.044579,0,7FB7C50A-30EA-A991-0C04-7FFA681B8803
18.824324,-27.276249,0,7FB7C50A-30EA-A991-0C04-7FFA681B8803
18.529896,-27.383896,0,7FB7C50A-30EA-A991-0C04-7FFA681B8803
18.21861,-27.437815,0,7FB7C50A-30EA-A991-0C04-7FFA681B8803
28.563168,28.60836,0,7FB7C50A-30EA-A991-0C04-7FFA681B8803
28.67761,28.120659,0,7FB7C50A-30EA-A991-0C04-7FFA681B8803
8.242508,42.084408,0,7FB7C50A-30EA-A991-0C04-7FFA681B8803
5.692648,49.841125,0,7FB7C50A-30EA-A991-0C04-7FFA681B8803
5.613207,49.837997,0,7FB7C50A-30EA-A991-0C04-7FFA681B8803
-4.5455832,49.666275,2,7FB7C50A-30EA-A991-0C04-7FFA681B8803
-26.995539,23.970419,0,7FB7C50A-30EA-A991-0C04-7FFA681B8803
-38.596653,29.540588,2,7FB7C50A-30EA-A991-0C04-7FFA681B8803
-38.988487,36.648483,2,7FB7C50A-30EA-A991-0C04-7FFA681B8803
-38.80456,37.13152,2,7FB7C50A-30EA-A991-0C04-7FFA681B8803
-33.748463,39.774433,2,7FB7C50A-30EA-A991-0C04-7FFA681B8803
-31.76544,37.597797,2,7FB7C50A-30EA-A991-0C04-7FFA681B8803
38.893883,-17.09752,0,8407F9C4-C295-8C95-C281-584AF2118F84
29.71428,-34.97441,2,8407F9C4-C295-8C95-C281-584AF2118F84
26.011822,-37.06376,2,8407F9C4-C295-8C95-C281-584AF2118F84
25.472883,-37.365166,2,8407F9C4-C295-8C95-C281-584AF2118F84
24.099224,-37.29145,2,8407F9C4-C295-8C95-C281-584AF2118F84
23.388996,-37.540413,2,8407F9C4-C295-8C95-C281-584AF2118F84
5.0460744,-51.120792,2,8407F9C4-C295-8C95-C281-584AF2118F84
-1.2366759,-51.950485,2,8407F9C4-C295-8C95-C281-584AF2118F84
-0.8812581,-56.08577,2,8407F9C4-C295-8C95-C281-584AF2118F84
30.95863,35.084335,2,8407F9C4-C295-8C95-C281-584AF2118F84
32.105606,34.319847,2,8407F9C4-C295-8C95-C281-584AF2118F84
32.455833,33.77698,2,8407F9C4-C295-8C95-C281-584AF2118F84
10.177157,46.083694,2,8407F9C4-C295-8C95-C281-584AF2118F84
-4.3422127,55.05696,2,8407F9C4-C295-8C95-C281-584AF2118F84
-4.645956,54.597347,2,8407F9C4-C295-8C95-C281-584AF2118F84
-11.566281,51.430954,2,8407F9C4-C295-8C95-C281-584AF2118F84
-43.73437,37.8305,2,8407F9C4-C295-8C95-C281-584AF2118F84
-43.662163,37.884743,2,8407F9C4-C295-8C95-C281-584AF2118F84
2.1589527,47.813816,0,8407F9C4-C295-8C95-C281-584AF2118F84
-3.1415427,49.598415,0,8407F9C4-C295-8C95-C281-584AF2118F84
-23.754162,23.38879,0,8407F9C4-C295-8C95-C281-584AF2118F84
-38.494495,22.504593,0,8407F9C4-C295-8C95-C281-584AF2118F84
-38.356026,22.612576,0,8407F9C4-C295-8C95-C281-584AF2118F84
-37.286423,22.435127,2,8407F9C4-C295-8C95-C281-584AF2118F84
-41.759956,-5.418116,1,85748DC9-A6DA-334D-6422-BF69EE06A98C
-41.782555,-5.053402,1,85748DC9-A6DA-334D-6422-BF69EE06A98C
-41.755093,-4.677765,1,85748DC9-A6DA-334D-6422-BF69EE06A98C
-41.63714,-4.5443864,2,85748DC9-A6DA-334D-6422-BF69EE06A98C
-40.478237,-5.012198,2,85748DC9-A6DA-334D-6422-BF69EE06A98C
-35.199886,-28.149416,2,85748DC9-A6DA-334D-6422-BF69EE06A98C
-68.3027,0.27527785,1,85748DC9-A6DA-334D-6422-BF69EE06A98C
-68.30395,0.76678145,1,85748DC9-A6DA-334D-6422-BF69EE06A98C
-68.22204,1.1997671,2,85748DC9-A6DA-334D-6422-BF69EE06A98C
-67.84179,2.9574783,2,85748DC9-A6DA-334D-6422-BF69EE06A98C
-65.129074,6.1373687,2,85748DC9-A6DA-334D-6422-BF69EE06A98C
-48.883987,-14.704392,2,85748DC9-A6DA-334D-6422-BF69EE06A98C
-11.352124,12.896828,2,85748DC9-A6DA-334D-6422-BF69EE06A98C
-10.527086,13.420102,2,85748DC9-A6DA-334D-6422-BF69EE06A98C
0.19561388,-37.13716,1,85748DC9-A6DA-334D-6422-BF69EE06A98C
-0.92403764,-45.819866,1,85748DC9-A6DA-334D-6422-BF69EE06A98C
-8.826241,-48.264423,1,85748DC9-A6DA-334D-6422-BF69EE06A98C
-8.612715,-48.367355,2,85748DC9-A6DA-334D-6422-BF69EE06A98C
-59.11757,-13.735489,2,862DB2BA-55C9-5794-03BC-FBBA3BEE80C7
-37.86215,-21.2843,2,862DB2BA-55C9-5794-03BC-FBBA3BEE80C7
-16.08519,-10.4824,2,862DB2BA-55C9-5794-03BC-FBBA3BEE80C7
-3.464087,-14.922392,2,862DB2BA-55C9-5794-03BC-FBBA3BEE80C7
18.855404,-15.699597,2,862DB2BA-55C9-5794-03BC-FBBA3BEE80C7
34.585506,-11.924169,0,862DB2BA-55C9-5794-03BC-FBBA3BEE80C7
62.83051,3.4650044,0,862DB2BA-55C9-5794-03BC-FBBA3BEE80C7
63.211617,11.62711,0,862DB2BA-55C9-5794-03BC-FBBA3BEE80C7
63.33782,11.449782,0,862DB2BA-55C9-5794-03BC-FBBA3BEE80C7
59.715496,-4.100901,0,862DB2BA-55C9-5794-03BC-FBBA3BEE80C7
55.043133,-9.2186775,2,862DB2BA-55C9-5794-03BC-FBBA3BEE80C7
54.6686,-9.841566,2,862DB2BA-55C9-5794-03BC-FBBA3BEE80C7
18.839926,33.43388,0,862DB2BA-55C9-5794-03BC-FBBA3BEE80C7
18.781841,32.76105,2,862DB2BA-55C9-5794-03BC-FBBA3BEE80C7
18.36444,31.968393,2,862DB2BA-55C9-5794-03BC-FBBA3BEE80C7
18.377323,31.428728,2,862DB2BA-55C9-5794-03BC-FBBA3BEE80C7
-0.4484845,45.66291,2,862DB2BA-55C9-5794-03BC-FBBA3BEE80C7
-2.983645,48.739468,2,862DB2BA-55C9-5794-03BC-FBBA3BEE80C7
36.973457,9.843363,0,862DB2BA-55C9-5794-03BC-FBBA3BEE80C7
64.028465,11.576404,0,862DB2BA-55C9-5794-03BC-FBBA3BEE80C7
12.754581,27.001358,0,8690E8B6-9B41-5F0E-C518-8F2D028C6690
12.671719,26.949923,0,8690E8B6-9B41-5F0E-C518-8F2D028C6690
-0.20405291,56.017807,0,8690E8B6-9B41-5F0E-C518-8F2D028C6690
-2.0989614,54.66126,0,8690E8B6-9B41-5F0E-C518-8F2D028C6690
-2.5955393,54.046165,0,8690E8B6-9B41-5F0E-C518-8F2D028C6690
-42.74725,36.517628,0,8690E8B6-9B41-5F0E-C518-8F2D028C6690
-42.53835,35.404003,0,8690E8B6-9B41-5F0E-C518-8F2D028C6690
-42.512177,35.146107,2,8690E8B6-9B41-5F0E-C518-8F2D028C6690
-42.382195,35.07139,2,8690E8B6-9B41-5F0E-C518-8F2D028C6690
-34.88614,33.31814,2,8690E8B6-9B41-5F0E-C518-8F2D028C6690
-24.384274,13.615593,2,8690E8B6-9B41-5F0E-C518-8F2D028C6690
68.10262,-1.8642747,2,8690E8B6-9B41-5F0E-C518-8F2D028C6690
64.86996,-0.7480668,2,8690E8B6-9B41-5F0E-C518-8F2D028C6690
64.42647,-0.7545592,2,8690E8B6-9B41-5F0E-C518-8F2D028C6690
63.866135,-1.1146383,0,8690E8B6-9B41-5F0E-C518-8F2D028C6690
57.17465,-6.9895263,0,8690E8B6-9B41-5F0E-C518-8F2D028C6690
56.444145,-7.6939135,0,8690E8B6-9B41-5F0E-C518-8F2D028C6690
52.96015,-13.149319,0,8690E8B6-9B41-5F0E-C518-8F2D028C6690
22.75616,25.115032,0,8690E8B6-9B41-5F0E-C518-8F2D028C6690
22.77409,24.737747,0,8690E8B6-9B41-5F0E-C518-8F2D028C6690
11.67663,40.9507,2,8690E8B6-9B41-5F0E-C518-8F2D028C6690
4.5664887,47.05192,2,8690E8B6-9B41-5F0E-C518-8F2D028C6690
4.420513,47.666275,2,8690E8B6-9B41-5F0E-C518-8F2D028C6690
-9.130906,47.25515,2,8690E8B6-9B41-5F0E-C518-8F2D028C6690
28.001791,-9.920902,0,874A6B13-C999-C802-1138-FA198591D897
27.840788,-9.812582,0,874A6B13-C999-C802-1138-FA198591D897
27.437326,-9.495905,0,874A6B13-C999-C802-1138-FA198591D897
19.011732,9.957831,0,874A6B13-C999-C802-1138-FA198591D897
19.165052,10.209412,0,874A6B13-C999-C802-1138-FA198591D897
19.250256,10.136462,0,874A6B13-C999-C802-1138-FA198591D897
1.8261725,-56.605423,0,874A6B13-C999-C802-1138-FA198591D897
20.720186,32.433228,0,874A6B13-C999-C802-1138-FA198591D897
20.841248,31.883503,2,874A6B13-C999-C802-1138-FA198591D897
21.28299,29.78646,2,874A6B13-C999-C802-1138-FA198591D897
24.660257,25.690145,2,874A6B13-C999-C802-1138-FA198591D897
25.034807,25.42947,0,874A6B13-C999-C802-1138-FA198591D897
-9.255727,44.934193,2,874A6B13-C999-C802-1138-FA198591D897
-9.425203,43.917053,2,874A6B13-C999-C802-1138-FA198591D897
-9.632079,43.05499,2,874A6B13-C999-C802-1138-FA198591D897
-65.042366,-13.440578,2,8DD09016-F898-915E-4A5C-727F57619D73
-64.92083,-13.34045,2,8DD09016-F898-915E-4A5C-727F57619D73
-64.57922,-13.376614,2,8DD09016-F898-915E-4A5C-727F57619D73
-61.141804,-16.485777,2,8DD09016-F898-915E-4A5C-727F57619D73
-60.74331,-17.031792,2,8DD09016-F898-915E-4A5C-727F57619D73
-39.495018,-28.267431,2,8DD09016-F898-915E-4A5C-727F57619D73
17.206322,-16.52585,2,8DD09016-F898-915E-4A5C-727F57619D73
-19.24901,-17.34805,0,8DD09016-F898-915E-4A5C-727F57619D73
-49.275455,-15.81338,0,8DD09016-F898-915E-4A5C-727F57619D73
-49.575607,-15.557545,0,8DD09016-F898-915E-4A5C-727F57619D73
-49.87911,-15.316091,2,8DD09016-F898-915E-4A5C-727F57619D73
-50.328506,-15.109136,2,8DD09016-F898-915E-4A5C-727F57619D73
8.838034,33.703133,0,8DD09016-F898-915E-4A5C-727F57619D73
8.432869,33.711346,0,8DD09016-F898-915E-4A5C-727F57619D73
7.6930647,33.685524,0,8DD09016-F898-915E-4A5C-727F57619D73
12.870793,25.250813,2,8DD09016-F898-915E-4A5C-727F57619D73
-1.1098269,56.88767,2,8DD09016-F898-915E-4A5C-727F57619D73
-2.725022,55.01575,2,8DD09016-F898-915E-4A5C-727F57619D73
18.040588,-3.0929165,0,8DD09016-F898-915E-4A5C-727F57619D73
17.877277,9.079121,0,8DD09016-F898-915E-4A5C-727F57619D73
17.935514,-2.795664,0,8DD09016-F898-915E-4A5C-727F57619D73
16.709179,-2.3167653,0,8DD09016-F898-915E-4A5C-727F57619D73
-9.72431,12.070898,0,8DD09016-F898-915E-4A5C-727F57619D73
-9.669079,12.116184,0,8DD09016-F898-915E-4A5C-727F57619D73
17.777716,33.626328,0,8DD09016-F898-915E-4A5C-727F57619D73
22.668201,29.191895,0,8DD09016-F898-915E-4A5C-727F57619D73
22.61146,28.46728,0,8DD09016-F898-915E-4A5C-727F57619D73
23.117785,26.815855,2,8DD09016-F898-915E-4A5C-727F57619D73
22.433748,26.442194,2,8DD09016-F898-915E-4A5C-727F57619D73
22.293331,26.392368,2,8DD09016-F898-915E-4A5C-727F57619D73
21.013887,-35.565712,0,8DD09016-F898-915E-4A5C-727F57619D73
19.990286,-35.688152,0,8DD09016-F898-915E-4A5C-727F57619D73
19.39709,1.3172576,0,8DD09016-F898-915E-4A5C-727F57619D73
19.606125,0.91181445,0,8DD09016-F898-915E-4A5C-727F57619D73
14.886966,-38.44572,0,8DD09016-F898-915E-4A5C-727F57619D73
13.223439,-40.219692,0,8DD09016-F898-915E-4A5C-727F57619D73
14.517805,13.989841,2,9268F759-54B0-96CC-C0F5-9D8DBAA12073
15.099342,14.11051,2,9268F759-54B0-96CC-C0F5-9D8DBAA12073
15.425639,14.180361,2,9268F759-54B0-96CC-C0F5-9D8DBAA12073
15.757682,14.441157,2,9268F759-54B0-96CC-C0F5-9D8DBAA12073
15.930169,14.493069,2,9268F759-54B0-96CC-C0F5-9D8DBAA12073
8.114184,3.9098072,2,9268F759-54B0-96CC-C0F5-9D8DBAA12073
23.438997,8.047673,0,9268F759-54B0-96CC-C0F5-9D8DBAA12073
23.519281,7.9821014,0,9268F759-54B0-96CC-C0F5-9D8DBAA12073
21.851063,8.624564,0,9268F759-54B0-96CC-C0F5-9D8DBAA12073
21.180878,8.45595,2,9268F759-54B0-96CC-C0F5-9D8DBAA12073
8.861642,-4.2373557,2,9268F759-54B0-96CC-C0F5-9D8DBAA12073
8.923438,-4.139948,2,9268F759-54B0-96CC-C0F5-9D8DBAA12073
26.592552,-24.84102,2,9268F759-54B0-96CC-C0F5-9D8DBAA12073
20.313812,-0.92491746,2,9268F759-54B0-96CC-C0F5-9D8DBAA12073
9.9474325,12.422338,2,9268F759-54B0-96CC-C0F5-9D8DBAA12073
9.941202,12.43245,2,9268F759-54B0-96CC-C0F5-9D8DBAA12073
12.255467,8.177126,2,9268F759-54B0-96CC-C0F5-9D8DBAA12073
12.2566395,8.092489,1,9268F759-54B0-96CC-C0F5-9D8DBAA12073
-61.253445,-20.810736,2,96B78431-4166-E4D3-2AA2-15BE2512E1D6
-61.4941,-20.880934,1,96B78431-4166-E4D3-2AA2-15BE2512E1D6
-61.54637,-20.889284,2,96B78431-4166-E4D3-2AA2-15BE2512E1D6
-39.799152,-29.348042,2,96B78431-4166-E4D3-2AA2-15BE2512E1D6
-34.523003,-27.006767,2,96B78431-4166-E4D3-2AA2-15BE2512E1D6
-34.658398,-16.27484,2,96B78431-4166-E4D3-2AA2-15BE2512E1D6
25.651245,-32.044918,1,96B78431-4166-E4D3-2AA2-15BE2512E1D6
25.610277,-32.101868,1,96B78431-4166-E4D3-2AA2-15BE2512E1D6
22.730234,-31.912243,1,96B78431-4166-E4D3-2AA2-15BE2512E1D6
22.57162,-31.906784,1,96B78431-4166-E4D3-2AA2-15BE2512E1D6
17.281507,7.6870875,1,96B78431-4166-E4D3-2AA2-15BE2512E1D6
17.099035,7.921805,1,96B78431-4166-E4D3-2AA2-15BE2512E1D6
-35.941334,-18.562237,2,99827717-1B21-7ECC-CAD1-99489F7E19EA
-50.682423,-20.60797,2,99827717-1B21-7ECC-CAD1-99489F7E19EA
-51.2464,-20.81655,2,99827717-1B21-7ECC-CAD1-99489F7E19EA
-51.95232,-20.745245,2,99827717-1B21-7ECC-CAD1-99489F7E19EA
-52.747395,-20.65663,1,99827717-1B21-7ECC-CAD1-99489F7E19EA
-52.993015,-20.63325,2,99827717-1B21-7ECC-CAD1-99489F7E19EA
-23.1604,-6.328037,2,99827717-1B21-7ECC-CAD1-99489F7E19EA
-23.697237,-9.596749,2,99827717-1B21-7ECC-CAD1-99489F7E19EA
-23.215086,-12.364929,1,99827717-1B21-7ECC-CAD1-99489F7E19EA
-34.657585,-18.185585,1,99827717-1B21-7ECC-CAD1-99489F7E19EA
-21.989178,-17.297775,1,99827717-1B21-7ECC-CAD1-99489F7E19EA
-21.776848,-17.363792,1,99827717-1B21-7ECC-CAD1-99489F7E19EA
-49.330956,-9.876645,1,99827717-1B21-7ECC-CAD1-99489F7E19EA
-49.180687,-9.7615795,1,99827717-1B21-7ECC-CAD1-99489F7E19EA
-48.864765,-10.045806,1,99827717-1B21-7ECC-CAD1-99489F7E19EA
-48.619385,-10.142483,1,99827717-1B21-7ECC-CAD1-99489F7E19EA
-48.15645,-10.199134,1,99827717-1B21-7ECC-CAD1-99489F7E19EA
-47.763977,-10.443462,2,99827717-1B21-7ECC-CAD1-99489F7E19EA
-25.302767,-8.630206,1,99827717-1B21-7ECC-CAD1-99489F7E19EA
-25.266727,-8.627831,0,99827717-1B21-7ECC-CAD1-99489F7E19EA
-25.158197,-8.562686,0,99827717-1B21-7ECC-CAD1-99489F7E19EA
-2.9069154,47.757957,0,99827717-1B21-7ECC-CAD1-99489F7E19EA
-6.554414,46.354523,0,99827717-1B21-7ECC-CAD1-99489F7E19EA
-7.0986342,46.73596,0,99827717-1B21-7ECC-CAD1-99489F7E19EA
-24.088886,22.649954,1,99827717-1B21-7ECC-CAD1-99489F7E19EA
-35.546467,29.923687,1,99827717-1B21-7ECC-CAD1-99489F7E19EA
-35.26771,29.745197,1,99827717-1B21-7ECC-CAD1-99489F7E19EA
-34.456623,28.299318,1,99827717-1B21-7ECC-CAD1-99489F7E19EA
-31.382378,22.085484,1,99827717-1B21-7ECC-CAD1-99489F7E19EA
-23.842094,13.894253,1,99827717-1B21-7ECC-CAD1-99489F7E19EA
-6.5021815,-33.590744,2,99827717-1B21-7ECC-CAD1-99489F7E19EA
-4.768722,-35.951366,2,99827717-1B21-7ECC-CAD1-99489F7E19EA
-5.850528,-44.084476,0,99827717-1B21-7ECC-CAD1-99489F7E19EA
13.641732,11.536638,2,99C0C5AE-01AD-1BB2-A36B-74B166CB26BA
12.598764,16.30771,2,99C0C5AE-01AD-1BB2-A36B-74B166CB26BA
12.365965,16.589142,2,99C0C5AE-01AD-1BB2-A36B-74B166CB26BA
11.965559,16.767027,2,99C0C5AE-01AD-1BB2-A36B-74B166CB26BA
42.006855,24.400908,2,99C0C5AE-01AD-1BB2-A36B-74B166CB26BA
42.32245,24.817675,2,99C0C5AE-01AD-1BB2-A36B-74B166CB26BA
42.428307,25.16397,2,99C0C5AE-01AD-1BB2-A36B-74B166CB26BA
42.625927,25.269676,2,99C0C5AE-01AD-1BB2-A36B-74B166CB26BA
42.90772,25.218925,2,99C0C5AE-01AD-1BB2-A36B-74B166CB26BA
43.061302,25.027891,2,99C0C5AE-01AD-1BB2-A36B-74B166CB26BA
42.962635,24.637062,2,99C0C5AE-01AD-1BB2-A36B-74B166CB26BA
43.109737,24.747952,2,99C0C5AE-01AD-1BB2-A36B-74B166CB26BA
42.83526,24.41071,2,99C0C5AE-01AD-1BB2-A36B-74B166CB26BA
42.02627,24.030033,2,99C0C5AE-01AD-1BB2-A36B-74B166CB26BA
13.723099,17.060377,2,99C0C5AE-01AD-1BB2-A36B-74B166CB26BA
-11.477905,-37.502735,2,99C0C5AE-01AD-1BB2-A36B-74B166CB26BA
-11.136666,-37.70919,2,99C0C5AE-01AD-1BB2-A36B-74B166CB26BA
-10.846422,-37.900158,0,99C0C5AE-01AD-1BB2-A36B-74B166CB26BA
-11.128039,50.47255,2,99C0C5AE-01AD-1BB2-A36B-74B166CB26BA
-43.83042,25.674768,2,99C0C5AE-01AD-1BB2-A36B-74B166CB26BA
-43.8415,25.883009,2,99C0C5AE-01AD-1BB2-A36B-74B166CB26BA
-43.78128,26.064238,2,99C0C5AE-01AD-1BB2-A36B-74B166CB26BA
-36.742172,27.24212,2,99C0C5AE-01AD-1BB2-A36B-74B166CB26BA
-29.844725,22.303461,0,99C0C5AE-01AD-1BB2-A36B-74B166CB26BA
33.04815,5.5204816,1,99C0C5AE-01AD-1BB2-A36B-74B166CB26BA
33.225876,5.4441624,1,99C0C5AE-01AD-1BB2-A36B-74B166CB26BA
33.425858,5.447558,1,99C0C5AE-01AD-1BB2-A36B-74B166CB26BA
30.400862,-9.365003,1,99C0C5AE-01AD-1BB2-A36B-74B166CB26BA
30.319246,-9.230703,1,99C0C5AE-01AD-1BB2-A36B-74B166CB26BA
30.157171,-8.776754,1,99C0C5AE-01AD-1BB2-A36B-74B166CB26BA
63.294724,-0.51871294,2,9A80CFF4-085D-6435-BA08-18E6496A8381
62.912746,-1.5385884,2,9A80CFF4-085D-6435-BA08-18E6496A8381
52.661385,-18.740913,0,9A80CFF4-085D-6435-BA08-18E6496A8381
52.065395,-19.352812,0,9A80CFF4-085D-6435-BA08-18E6496A8381
51.65811,-19.395287,0,9A80CFF4-085D-6435-BA08-18E6496A8381
51.43152,-19.828749,0,9A80CFF4-085D-6435-BA08-18E6496A8381
21.00397,29.115242,2,9A80CFF4-085D-6435-BA08-18E6496A8381
9.547074,41.8744,2,9A80CFF4-085D-6435-BA08-18E6496A8381
2.8355114,49.627827,2,9A80CFF4-085D-6435-BA08-18E6496A8381
-9.512931,48.71191,2,9A80CFF4-085D-6435-BA08-18E6496A8381
-44.211987,32.137115,2,9A80CFF4-085D-6435-BA08-18E6496A8381
-43.96625,32.373325,2,9A80CFF4-085D-6435-BA08-18E6496A8381
-59.08706,-17.409958,2,9C694EBE-9421-F45A-ED92-F521991A6A52
-59.05544,-17.412664,2,9C694EBE-9421-F45A-ED92-F521991A6A52
-50.139633,-26.211569,2,9C694EBE-9421-F45A-ED92-F521991A6A52
-49.963566,-25.996931,2,9C694EBE-9421-F45A-ED92-F521991A6A52
-49.875183,-25.794159,0,9C694EBE-9421-F45A-ED92-F521991A6A52
-50.1654,-25.123898,0,9C694EBE-9421-F45A-ED92-F521991A6A52
9.408318,-3.257395,0,9C694EBE-9421-F45A-ED92-F521991A6A52
-9.099148,-17.339367,0,9C694EBE-9421-F45A-ED92-F521991A6A52
-26.908361,-8.876003,0,9C694EBE-9421-F45A-ED92-F521991A6A52
-41.09795,-3.2321799,0,9C694EBE-9421-F45A-ED92-F521991A6A52
-42.553425,-2.1059208,0,9C694EBE-9421-F45A-ED92-F521991A6A52
-42.623825,-1.9977505,2,9C694EBE-9421-F45A-ED92-F521991A6A52
-14.880522,10.092944,2,9C694EBE-9421-F45A-ED92-F521991A6A52
3.2070885,39.35724,2,9C694EBE-9421-F45A-ED92-F521991A6A52
3.1785145,39.34959,0,9C694EBE-9421-F45A-ED92-F521991A6A52
-5.119397,58.5358,0,9C694EBE-9421-F45A-ED92-F521991A6A52
-9.037048,54.35275,0,9C694EBE-9421-F45A-ED92-F521991A6A52
-41.396427,24.136057,0,9C694EBE-9421-F45A-ED92-F521991A6A52
40.61673,4.8874025,0,9C694EBE-9421-F45A-ED92-F521991A6A52
64.22806,2.346941,0,9C694EBE-9421-F45A-ED92-F521991A6A52
58.763996,10.168786,0,9C694EBE-9421-F45A-ED92-F521991A6A52
59.071037,10.923968,0,9C694EBE-9421-F45A-ED92-F521991A6A52
58.98752,13.164013,0,9C694EBE-9421-F45A-ED92-F521991A6A52
58.29446,13.540653,0,9C694EBE-9421-F45A-ED92-F521991A6A52
54.314693,13.010014,0,9C694EBE-9421-F45A-ED92-F521991A6A52
53.085835,-6.4729037,0,9C694EBE-9421-F45A-ED92-F521991A6A52
52.847595,-20.04165,0,9C694EBE-9421-F45A-ED92-F521991A6A52
53.71506,-16.166029,1,9C694EBE-9421-F45A-ED92-F521991A6A52
53.167076,-13.805839,1,9C694EBE-9421-F45A-ED92-F521991A6A52
41.067886,-5.8100657,0,9C694EBE-9421-F45A-ED92-F521991A6A52
-45.615547,30.318714,2,9E6EBCE2-44FB-8F07-4135-E91140B34096
-41.465916,28.809677,2,9E6EBCE2-44FB-8F07-4135-E91140B34096
-40.92588,27.752645,2,9E6EBCE2-44FB-8F07-4135-E91140B34096
-38.26341,25.944246,2,9E6EBCE2-44FB-8F07-4135-E91140B34096
-35.06334,25.779076,2,9E6EBCE2-44FB-8F07-4135-E91140B34096
-26.407885,17.332321,0,9E6EBCE2-44FB-8F07-4135-E91140B34096
-22.696875,14.363741,0,9E6EBCE2-44FB-8F07-4135-E91140B34096
40.791157,3.586472,0,9E6EBCE2-44FB-8F07-4135-E91140B34096
68.50219,0.5782622,0,9E6EBCE2-44FB-8F07-4135-E91140B34096
65.65939,3.810989,0,9E6EBCE2-44FB-8F07-4135-E91140B34096
65.25897,3.957726,0,9E6EBCE2-44FB-8F07-4135-E91140B34096
63.967937,5.076434,0,9E6EBCE2-44FB-8F07-4135-E91140B34096
-24.382042,-7.865283,0,9E6EBCE2-44FB-8F07-4135-E91140B34096
-24.500488,-7.0021696,2,9E6EBCE2-44FB-8F07-4135-E91140B34096
-24.98083,-7.0566235,2,9E6EBCE2-44FB-8F07-4135-E91140B34096
-25.175724,-6.3618784,0,9E6EBCE2-44FB-8F07-4135-E91140B34096
-25.425314,-6.172466,0,9E6EBCE2-44FB-8F07-4135-E91140B34096
-11.777022,12.2175455,0,9E6EBCE2-44FB-8F07-4135-E91140B34096
-8.125856,-17.805052,2,A135AF2A-692D-9C83-AB54-34F977E4D14D
-29.128714,-25.506933,2,A135AF2A-692D-9C83-AB54-34F977E4D14D
-29.408512,-25.716145,2,A135AF2A-692D-9C83-AB54-34F977E4D14D
-29.603329,-25.913712,2,A135AF2A-692D-9C83-AB54-34F977E4D14D
-44.6995,22.334503,2,A135AF2A-692D-9C83-AB54-34F977E4D14D
-44.691887,22.3493,2,A135AF2A-692D-9C83-AB54-34F977E4D14D
-34.24381,-24.980011,2,A135AF2A-692D-9C83-AB54-34F977E4D14D
-17.207932,-18.955286,2,A135AF2A-692D-9C83-AB54-34F977E4D14D
-17.380579,-18.743767,2,A135AF2A-692D-9C83-AB54-34F977E4D14D
-16.209896,-16.42495,2,A135AF2A-692D-9C83-AB54-34F977E4D14D
-16.005796,-15.975599,2,A135AF2A-692D-9C83-AB54-34F977E4D14D
35.659084,6.7821827,2,A135AF2A-692D-9C83-AB54-34F977E4D14D
-29.86304,43.157936,0,A135AF2A-692D-9C83-AB54-34F977E4D14D
-30.879772,43.18614,2,A135AF2A-692D-9C83-AB54-34F977E4D14D
-31.057505,43.19246,2,A135AF2A-692D-9C83-AB54-34F977E4D14D
-30.711176,43.17636,2,A135AF2A-692D-9C83-AB54-34F977E4D14D
-29.312386,43.147774,2,A135AF2A-692D-9C83-AB54-34F977E4D14D
-0.4604637,23.557894,0,A135AF2A-692D-9C83-AB54-34F977E4D14D
17.414946,26.059404,2,A135AF2A-692D-9C83-AB54-34F977E4D14D
17.567028,26.016933,2,A135AF2A-692D-9C83-AB54-34F977E4D14D
19.034002,26.08121,2,A135AF2A-692D-9C83-AB54-34F977E4D14D
1.7793019,45.194016,2,A135AF2A-692D-9C83-AB54-34F977E4D14D
-4.7837067,57.688793,2,A135AF2A-692D-9C83-AB54-34F977E4D14D
-5.1699057,54.9846,0,A135AF2A-692D-9C83-AB54-34F977E4D14D
54.53374,13.616301,2,A135AF2A-692D-9C83-AB54-34F977E4D14D
53.07057,-6.3504877,2,A135AF2A-692D-9C83-AB54-34F977E4D14D
49.358105,-16.910357,2,A135AF2A-692D-9C83-AB54-34F977E4D14D
49.05169,-16.710611,2,A135AF2A-692D-9C83-AB54-34F977E4D14D
40.156292,-19.987972,2,A135AF2A-692D-9C83-AB54-34F977E4D14D
38.695465,-9.0082,2,A135AF2A-692D-9C83-AB54-34F977E4D14D
10.043293,4.459552,1,A43E8D46-F136-DB41-3E16-F9F161DBA1D6
8.77499,4.4572015,1,A43E8D46-F136-DB41-3E16-F9F161DBA1D6
7.1917963,4.099805,1,A43E8D46-F136-DB41-3E16-F9F161DBA1D6
7.2363725,4.231002,1,A43E8D46-F136-DB41-3E16-F9F161DBA1D6
7.5870957,4.653232,1,A43E8D46-F136-DB41-3E16-F9F161DBA1D6
7.7588134,5.2184467,1,A43E8D46-F136-DB41-3E16-F9F161DBA1D6
-38.25885,25.700953,2,A43E8D46-F136-DB41-3E16-F9F161DBA1D6
-33.58883,25.769354,2,A43E8D46-F136-DB41-3E16-F9F161DBA1D6
-23.545792,11.602636,0,A43E8D46-F136-DB41-3E16-F9F161DBA1D6
39.126816,2.3810182,0,A43E8D46-F136-DB41-3E16-F9F161DBA1D6
39.21227,2.477042,0,A43E8D46-F136-DB41-3E16-F9F161DBA1D6
52.91257,4.813712,0,A43E8D46-F136-DB41-3E16-F9F161DBA1D6
8.201673,43.316025,2,A43E8D46-F136-DB41-3E16-F9F161DBA1D6
7.4945636,43.745407,1,A43E8D46-F136-DB41-3E16-F9F161DBA1D6
0.9618856,48.111946,1,A43E8D46-F136-DB41-3E16-F9F161DBA1D6
-1.8488833,49.48774,1,A43E8D46-F136-DB41-3E16-F9F161DBA1D6
-9.687594,49.890133,1,A43E8D46-F136-DB41-3E16-F9F161DBA1D6
-38.601513,29.57787,1,A43E8D46-F136-DB41-3E16-F9F161DBA1D6
44.320736,-25.453178,0,A43E8D46-F136-DB41-3E16-F9F161DBA1D6
44.474472,-25.46205,0,A43E8D46-F136-DB41-3E16-F9F161DBA1D6
44.61638,-25.499329,0,A43E8D46-F136-DB41-3E16-F9F161DBA1D6
-14.7634115,10.290709,0,A43E8D46-F136-DB41-3E16-F9F161DBA1D6
-21.933268,23.376379,1,A43E8D46-F136-DB41-3E16-F9F161DBA1D6
-22.459862,23.437298,1,A43E8D46-F136-DB41-3E16-F9F161DBA1D6
-46.9295,-0.9853119,0,AB9921A8-F143-E101-6A47-E66882F571B2
-46.8703,-1.5795884,1,AB9921A8-F143-E101-6A47-E66882F571B2
-46.886204,-1.9855485,2,AB9921A8-F143-E101-6A47-E66882F571B2
-46.81052,-3.473784,2,AB9921A8-F143-E101-6A47-E66882F571B2
-46.79996,-3.5922782,2,AB9921A8-F143-E101-6A47-E66882F571B2
-44.430798,-8.698754,2,AB9921A8-F143-E101-6A47-E66882F571B2
-19.52247,-18.9762,2,AB9921A8-F143-E101-6A47-E66882F571B2
17.605518,-15.845979,2,AB9921A8-F143-E101-6A47-E66882F571B2
35.471146,6.527751,0,AB9921A8-F143-E101-6A47-E66882F571B2
26.98096,-38.22327,0,AB9921A8-F143-E101-6A47-E66882F571B2
23.613504,-29.24137,0,AB9921A8-F143-E101-6A47-E66882F571B2
23.195297,-29.261086,1,AB9921A8-F143-E101-6A47-E66882F571B2
22.947828,-29.41111,1,AB9921A8-F143-E101-6A47-E66882F571B2
16.821041,-4.3855753,1,AB9921A8-F143-E101-6A47-E66882F571B2
16.61926,-4.3541417,1,AB9921A8-F143-E101-6A47-E66882F571B2
16.261578,-4.32778,1,AB9921A8-F143-E101-6A47-E66882F571B2
14.800144,-38.68816,1,AB9921A8-F143-E101-6A47-E66882F571B2
4.4577494,-38.63393,0,AB9921A8-F143-E101-6A47-E66882F571B2
-5.155563,-37.098934,2,AB9921A8-F143-E101-6A47-E66882F571B2
-4.6494207,-50.335526,1,AB9921A8-F143-E101-6A47-E66882F571B2
21.240509,36.31205,1,AB9921A8-F143-E101-6A47-E66882F571B2
26.93338,31.714466,2,AB9921A8-F143-E101-6A47-E66882F571B2
27.454414,27.819796,2,AB9921A8-F143-E101-6A47-E66882F571B2
27.037737,27.014841,2,AB9921A8-F143-E101-6A47-E66882F571B2
-8.376936,6.952798,0,B06410CC-D778-33B2-B1FD-A828EE4AF413
-8.347216,6.89527,0,B06410CC-D778-33B2-B1FD-A828EE4AF413
-9.579871,-40.687714,0,B06410CC-D778-33B2-B1FD-A828EE4AF413
-6.3637905,-48.512985,0,B06410CC-D778-33B2-B1FD-A828EE4AF413
14.880546,35.418663,1,B06410CC-D778-33B2-B1FD-A828EE4AF413
15.069385,34.870655,1,B06410CC-D778-33B2-B1FD-A828EE4AF413
10.5279255,23.809824,2,B06410CC-D778-33B2-B1FD-A828EE4AF413
10.504367,23.795784,2,B06410CC-D778-33B2-B1FD-A828EE4AF413
-0.4532364,54.594147,2,B06410CC-D778-33B2-B1FD-A828EE4AF413
-6.772226,53.147697,2,B06410CC-D778-33B2-B1FD-A828EE4AF413
-14.012478,52.151016,2,B06410CC-D778-33B2-B1FD-A828EE4AF413
-31.647943,48.074165,2,B06410CC-D778-33B2-B1FD-A828EE4AF413
-31.631142,48.089333,2,B06410CC-D778-33B2-B1FD-A828EE4AF413
-39.605305,39.987957,2,B06410CC-D778-33B2-B1FD-A828EE4AF413
-37.604744,41.133545,2,B06410CC-D778-33B2-B1FD-A828EE4AF413
-35.546078,36.637886,2,B06410CC-D778-33B2-B1FD-A828EE4AF413
-35.223785,35.528618,2,B06410CC-D778-33B2-B1FD-A828EE4AF413
-26.363346,18.195549,2,B06410CC-D778-33B2-B1FD-A828EE4AF413
30.579855,8.811908,0,B06410CC-D778-33B2-B1FD-A828EE4AF413
30.683847,8.732306,0,B06410CC-D778-33B2-B1FD-A828EE4AF413
30.857084,8.606333,0,B06410CC-D778-33B2-B1FD-A828EE4AF413
30.927546,8.569993,0,B06410CC-D778-33B2-B1FD-A828EE4AF413
33.722435,-4.931536,0,B06410CC-D778-33B2-B1FD-A828EE4AF413
33.588306,-4.9892926,0,B06410CC-D778-33B2-B1FD-A828EE4AF413
3.5416877,4.9871964,2,B06410CC-D778-33B2-B1FD-A828EE4AF413
3.5251598,5.0724015,2,B06410CC-D778-33B2-B1FD-A828EE4AF413
3.5274456,5.1493,0,B06410CC-D778-33B2-B1FD-A828EE4AF413
-8.827837,-19.4279,2,B17DF37B-207D-A052-4D45-F862B3BF4C4C
-41.56525,24.6243,2,B17DF37B-207D-A052-4D45-F862B3BF4C4C
-40.720665,30.019526,0,B17DF37B-207D-A052-4D45-F862B3BF4C4C
-38.411953,27.429976,0,B17DF37B-207D-A052-4D45-F862B3BF4C4C
-38.23786,27.418234,2,B17DF37B-207D-A052-4D45-F862B3BF4C4C
-31.440699,22.279709,2,B17DF37B-207D-A052-4D45-F862B3BF4C4C
-6.425023,-33.763474,1,B17DF37B-207D-A052-4D45-F862B3BF4C4C
-6.0293546,-34.451706,1,B17DF37B-207D-A052-4D45-F862B3BF4C4C
-4.3217993,-48.04185,1,B17DF37B-207D-A052-4D45-F862B3BF4C4C
-0.2897308,-52.527668,0,B17DF37B-207D-A052-4D45-F862B3BF4C4C
25.498404,36.0188,0,B17DF37B-207D-A052-4D45-F862B3BF4C4C
26.489918,36.05333,0,B17DF37B-207D-A052-4D45-F862B3BF4C4C
-8.982832,55.248474,2,B2EE7EC5-4E5B-EBDD-E0EB-AF758B95C36A
-40.445366,22.47119,2,B2EE7EC5-4E5B-EBDD-E0EB-AF758B95C36A
-43.03037,31.27043,2,B2EE7EC5-4E5B-EBDD-E0EB-AF758B95C36A
-42.98604,31.01674,2,B2EE7EC5-4E5B-EBDD-E0EB-AF758B95C36A
-36.74381,25.937212,2,B2EE7EC5-4E5B-EBDD-E0EB-AF758B95C36A
-35.83713,26.497168,2,B2EE7EC5-4E5B-EBDD-E0EB-AF758B95C36A
39.943447,-10.747031,1,B2EE7EC5-4E5B-EBDD-E0EB-AF758B95C36A
29.1584,-7.747043,1,B2EE7EC5-4E5B-EBDD-E0EB-AF758B95C36A
28.46561,-7.1474986,1,B2EE7EC5-4E5B-EBDD-E0EB-AF758B95C36A
28.308582,-6.999437,1,B2EE7EC5-4E5B-EBDD-E0EB-AF758B95C36A
17.98006,12.176636,1,B2EE7EC5-4E5B-EBDD-E0EB-AF758B95C36A
17.987686,12.200134,1,B2EE7EC5-4E5B-EBDD-E0EB-AF758B95C36A
20.32636,15.557781,1,B2EE7EC5-4E5B-EBDD-E0EB-AF758B95C36A
20.331291,15.6591015,1,B2EE7EC5-4E5B-EBDD-E0EB-AF758B95C36A
4.424059,-42.13842,1,B2EE7EC5-4E5B-EBDD-E0EB-AF758B95C36A
7.8396997,-45.65307,1,B2EE7EC5-4E5B-EBDD-E0EB-AF758B95C36A
7.702303,-45.99567,1,B2EE7EC5-4E5B-EBDD-E0EB-AF758B95C36A
3.0039468,-50.714245,1,B2EE7EC5-4E5B-EBDD-E0EB-AF758B95C36A
-3.9295652,-51.39406,1,B2EE7EC5-4E5B-EBDD-E0EB-AF758B95C36A
-4.4551764,-51.865158,1,B2EE7EC5-4E5B-EBDD-E0EB-AF758B95C36A
17.318502,36.44024,1,B2EE7EC5-4E5B-EBDD-E0EB-AF758B95C36A
17.44546,36.28324,2,B2EE7EC5-4E5B-EBDD-E0EB-AF758B95C36A
10.690353,42.611397,2,B2EE7EC5-4E5B-EBDD-E0EB-AF758B95C36A
8.118834,44.75558,2,B2EE7EC5-4E5B-EBDD-E0EB-AF758B95C36A
16.19304,9.088308,1,B2EE7EC5-4E5B-EBDD-E0EB-AF758B95C36A
16.4567,9.273212,1,B2EE7EC5-4E5B-EBDD-E0EB-AF758B95C36A
16.606373,9.499683,1,B2EE7EC5-4E5B-EBDD-E0EB-AF758B95C36A
-54.705975,-17.566511,2,B3CE5256-6F65-85EB-0078-689BD5CC1B17
-54.522514,-17.59597,2,B3CE5256-6F65-85EB-0078-689BD5CC1B17
-54.391037,-17.577978,2,B3CE5256-6F65-85EB-0078-689BD5CC1B17
-45.935802,-18.400808,2,B3CE5256-6F65-85EB-0078-689BD5CC1B17
-37.439068,-18.72947,2,B3CE5256-6F65-85EB-0078-689BD5CC1B17
-2.587973,-16.442196,0,B3CE5256-6F65-85EB-0078-689BD5CC1B17
8.232934,0.719449,0,B3CE5256-6F65-85EB-0078-689BD5CC1B17
8.440064,-32.034515,0,B3CE5256-6F65-85EB-0078-689BD5CC1B17
0.56573725,-42.422802,2,B3CE5256-6F65-85EB-0078-689BD5CC1B17
-0.51492476,-42.337013,2,B3CE5256-6F65-85EB-0078-689BD5CC1B17
-0.9520218,-42.38942,2,B3CE5256-6F65-85EB-0078-689BD5CC1B17
-2.1968114,-42.514984,2,B3CE5256-6F65-85EB-0078-689BD5CC1B17
1.4617144,-11.236495,2,B3CE5256-6F65-85EB-0078-689BD5CC1B17
11.747861,-38.575985,2,B3CE5256-6F65-85EB-0078-689BD5CC1B17
3.4012995,-43.952484,2,B3CE5256-6F65-85EB-0078-689BD5CC1B17
3.2581303,-44.31055,2,B3CE5256-6F65-85EB-0078-689BD5CC1B17
3.138333,-44.718704,2,B3CE5256-6F65-85EB-0078-689BD5CC1B17
-2.1687799,-46.723885,2,B3CE5256-6F65-85EB-0078-689BD5CC1B17
36.83106,-10.626643,0,B3CE5256-6F65-85EB-0078-689BD5CC1B17
30.51608,-30.949558,0,B3CE5256-6F65-85EB-0078-689BD5CC1B17
30.487625,-30.797344,2,B3CE5256-6F65-85EB-0078-689BD5CC1B17
30.90714,-29.674837,2,B3CE5256-6F65-85EB-0078-689BD5CC1B17
31.14002,-29.146112,2,B3CE5256-6F65-85EB-0078-689BD5CC1B17
31.278906,-28.90637,2,B3CE5256-6F65-85EB-0078-689BD5CC1B17
-63.14018,-14.53837,2,B6EE5F90-8F59-D3CF-C449-59216B28207B
-63.042763,-14.503684,2,B6EE5F90-8F59-D3CF-C449-59216B28207B
-62.37124,-20.355703,2,B6EE5F90-8F59-D3CF-C449-59216B28207B
-47.079586,-18.527376,2,B6EE5F90-8F59-D3CF-C449-59216B28207B
-37.932808,-18.723671,2,B6EE5F90-8F59-D3CF-C449-59216B28207B
-46.018864,-20.053438,2,B6EE5F90-8F59-D3CF-C449-59216B28207B
-13.186439,11.141653,2,B6EE5F90-8F59-D3CF-C449-59216B28207B
2.641949,32.02907,2,B6EE5F90-8F59-D3CF-C449-59216B28207B
11.89059,33.19976,2,B6EE5F90-8F59-D3CF-C449-59216B28207B
-8.527929,-17.888924,2,B6EE5F90-8F59-D3CF-C449-59216B28207B
-33.211185,-13.431151,2,B6EE5F90-8F59-D3CF-C449-59216B28207B
-33.732018,-13.814248,2,B6EE5F90-8F59-D3CF-C449-59216B28207B
0.45377123,-52.735817,2,B6EE5F90-8F59-D3CF-C449-59216B28207B
23.161806,33.362526,2,B6EE5F90-8F59-D3CF-C449-59216B28207B
23.666534,32.16151,2,B6EE5F90-8F59-D3CF-C449-59216B28207B
23.778866,29.059223,2,B6EE5F90-8F59-D3CF-C449-59216B28207B
25.655815,27.59174,2,B6EE5F90-8F59-D3CF-C449-59216B28207B
9.532217,43.741364,2,B6EE5F90-8F59-D3CF-C449-59216B28207B
-7.333935,9.830921,2,B6EE5F90-8F59-D3CF-C449-59216B28207B
2.8660054,-9.670536,0,B6EE5F90-8F59-D3CF-C449-59216B28207B
2.5641298,-10.128564,2,B6EE5F90-8F59-D3CF-C449-59216B28207B
1.9698696,-10.839479,2,B6EE5F90-8F59-D3CF-C449-59216B28207B
13.181706,0.10604043,2,B6EE5F90-8F59-D3CF-C449-59216B28207B
2.5013697,-2.5037005,2,B6EE5F90-8F59-D3CF-C449-59216B28207B
-9.64332,50.83638,0,B9FD0C60-33D3-E99E-2475-815EAD5C89C2
-43.397167,29.326656,0,B9FD0C60-33D3-E99E-2475-815EAD5C89C2
-40.810303,39.997143,0,B9FD0C60-33D3-E99E-2475-815EAD5C89C2
-40.66442,39.81339,2,B9FD0C60-33D3-E99E-2475-815EAD5C89C2
-40.319717,39.451065,2,B9FD0C60-33D3-E99E-2475-815EAD5C89C2
-35.914486,35.28824,2,B9FD0C60-33D3-E99E-2475-815EAD5C89C2
1.5912899,1.3677181,2,B9FD0C60-33D3-E99E-2475-815EAD5C89C2
1.50574,1.2686584,2,B9FD0C60-33D3-E99E-2475-815EAD5C89C2
0.88482356,0.4938905,2,B9FD0C60-33D3-E99E-2475-815EAD5C89C2
0.5970959,0.35843506,0,B9FD0C60-33D3-E99E-2475-815EAD5C89C2
0.14601669,0.49876705,0,B9FD0C60-33D3-E99E-2475-815EAD5C89C2
0.1057376,0.73266715,0,B9FD0C60-33D3-E99E-2475-815EAD5C89C2
-6.2522416,-47.724808,0,B9FD0C60-33D3-E99E-2475-815EAD5C89C2
21.752993,34.879036,0,B9FD0C60-33D3-E99E-2475-815EAD5C89C2
23.755516,33.960995,0,B9FD0C60-33D3-E99E-2475-815EAD5C89C2
25.191133,29.976532,0,B9FD0C60-33D3-E99E-2475-815EAD5C89C2
25.523355,27.364843,0,B9FD0C60-33D3-E99E-2475-815EAD5C89C2
26.39109,25.930342,0,B9FD0C60-33D3-E99E-2475-815EAD5C89C2
49.087185,-12.142922,1,B9FD0C60-33D3-E99E-2475-815EAD5C89C2
49.171112,-15.303864,1,B9FD0C60-33D3-E99E-2475-815EAD5C89C2
33.51278,-17.078411,1,B9FD0C60-33D3-E99E-2475-815EAD5C89C2
32.8221,-16.87088,1,B9FD0C60-33D3-E99E-2475-815EAD5C89C2
32.361794,-16.754354,1,B9FD0C60-33D3-E99E-2475-815EAD5C89C2
24.74164,-24.593983,1,B9FD0C60-33D3-E99E-2475-815EAD5C89C2
25.007782,-25.340622,1,B9FD0C60-33D3-E99E-2475-815EAD5C89C2
25.148024,-25.543259,1,B9FD0C60-33D3-E99E-2475-815EAD5C89C2
25.664658,-25.49482,2,B9FD0C60-33D3-E99E-2475-815EAD5C89C2
-49.00098,-22.466242,2,BAAA2876-D490-2AB5-0A98-6EB94C7FC331
-42.73584,-29.599669,2,BAAA2876-D490-2AB5-0A98-6EB94C7FC331
-42.1198,-29.833797,2,BAAA2876-D490-2AB5-0A98-6EB94C7FC331
-41.962852,-29.934958,2,BAAA2876-D490-2AB5-0A98-6EB94C7FC331
-41.08457,-29.81888,2,BAAA2876-D490-2AB5-0A98-6EB94C7FC331
-40.919464,-29.825432,1,BAAA2876-D490-2AB5-0A98-6EB94C7FC331
3.9719186,-56.48671,2,BAAA2876-D490-2AB5-0A98-6EB94C7FC331
-7.143886,-17.728695,2,BAAA2876-D490-2AB5-0A98-6EB94C7FC331
-32.931435,-1.6613023,2,BAAA2876-D490-2AB5-0A98-6EB94C7FC331
-32.123413,-1.6302906,2,BAAA2876-D490-2AB5-0A98-6EB94C7FC331
-31.687956,-1.5513235,2,BAAA2876-D490-2AB5-0A98-6EB94C7FC331
-31.583372,-1.5140917,2,BAAA2876-D490-2AB5-0A98-6EB94C7FC331
-14.643771,14.01996,2,BAAA2876-D490-2AB5-0A98-6EB94C7FC331
-14.619218,13.9033985,2,BAAA2876-D490-2AB5-0A98-6EB94C7FC331
-0.9482664,57.93245,2,BAAA2876-D490-2AB5-0A98-6EB94C7FC331
-2.2726,58.106483,1,BAAA2876-D490-2AB5-0A98-6EB94C7FC331
-3.936657,57.70405,1,BAAA2876-D490-2AB5-0A98-6EB94C7FC331
-12.015156,53.63166,2,BAAA2876-D490-2AB5-0A98-6EB94C7FC331
-5.290948,-37.44023,2,BAAA2876-D490-2AB5-0A98-6EB94C7FC331
-6.017251,-50.18755,2,BAAA2876-D490-2AB5-0A98-6EB94C7FC331
-1.2864714,-55.781124,2,BAAA2876-D490-2AB5-0A98-6EB94C7FC331
22.929125,34.912746,2,BAAA2876-D490-2AB5-0A98-6EB94C7FC331
27.79973,30.971106,2,BAAA2876-D490-2AB5-0A98-6EB94C7FC331
24.702667,28.410677,2,BAAA2876-D490-2AB5-0A98-6EB94C7FC331
11.274211,35.990936,2,BC7EE230-0AF9-3AC5-24E5-8EC4B0B432A8
11.16425,35.93497,2,BC7EE230-0AF9-3AC5-24E5-8EC4B0B432A8
10.163413,35.972282,1,BC7EE230-0AF9-3AC5-24E5-8EC4B0B432A8
8.078306,32.482983,1,BC7EE230-0AF9-3AC5-24E5-8EC4B0B432A8
7.4321637,32.592533,2,BC7EE230-0AF9-3AC5-24E5-8EC4B0B432A8
-0.34433183,55.377502,2,BC7EE230-0AF9-3AC5-24E5-8EC4B0B432A8
-33.09106,25.328178,2,BC7EE230-0AF9-3AC5-24E5-8EC4B0B432A8
-23.612244,13.61374,2,BC7EE230-0AF9-3AC5-24E5-8EC4B0B432A8
58.876602,7.06447,2,BC7EE230-0AF9-3AC5-24E5-8EC4B0B432A8
60.27413,7.554813,2,BC7EE230-0AF9-3AC5-24E5-8EC4B0B432A8
60.577576,8.186567,2,BC7EE230-0AF9-3AC5-24E5-8EC4B0B432A8
61.191017,8.451116,2,BC7EE230-0AF9-3AC5-24E5-8EC4B0B432A8
-40.80444,-20.950367,2,BD35F47E-4F73-8664-B165-98D2BF2CDA48
-40.52048,-20.883724,2,BD35F47E-4F73-8664-B165-98D2BF2CDA48
-18.204363,-9.510717,0,BD35F47E-4F73-8664-B165-98D2BF2CDA48
19.713882,-21.379307,2,BD35F47E-4F73-8664-B165-98D2BF2CDA48
12.989898,-4.8643446,2,BD35F47E-4F73-8664-B165-98D2BF2CDA48
12.964109,-4.8709693,2,BD35F47E-4F73-8664-B165-98D2BF2CDA48
35.482536,-21.363295,0,BD35F47E-4F73-8664-B165-98D2BF2CDA48
34.992638,-20.863121,0,BD35F47E-4F73-8664-B165-98D2BF2CDA48
28.239147,-26.613804,0,BD35F47E-4F73-8664-B165-98D2BF2CDA48
28.114729,-26.541008,2,BD35F47E-4F73-8664-B165-98D2BF2CDA48
19.900726,-3.0390801,2,BD35F47E-4F73-8664-B165-98D2BF2CDA48
19.555477,-2.6014707,2,BD35F47E-4F73-8664-B165-98D2BF2CDA48
-2.3490095,-47.7421,0,BD35F47E-4F73-8664-B165-98D2BF2CDA48
-2.2487576,-48.10405,0,BD35F47E-4F73-8664-B165-98D2BF2CDA48
20.836699,35.26631,0,BD35F47E-4F73-8664-B165-98D2BF2CDA48
20.838034,35.20194,0,BD35F47E-4F73-8664-B165-98D2BF2CDA48
29.427935,31.240082,0,BD35F47E-4F73-8664-B165-98D2BF2CDA48
29.729847,30.80686,0,BD35F47E-4F73-8664-B165-98D2BF2CDA48
-39.675003,27.856462,2,BD35F47E-4F73-8664-B165-98D2BF2CDA48
-39.5393,27.750858,2,BD35F47E-4F73-8664-B165-98D2BF2CDA48
-30.848513,20.42267,2,BD35F47E-4F73-8664-B165-98D2BF2CDA48
-23.879642,14.667008,0,BD35F47E-4F73-8664-B165-98D2BF2CDA48
38.394554,6.539823,0,BD35F47E-4F73-8664-B165-98D2BF2CDA48
41.57829,3.8665102,0,BD35F47E-4F73-8664-B165-98D2BF2CDA48
53.88246,-12.484899,0,BD35F47E-4F73-8664-B165-98D2BF2CDA48
53.146484,-11.487466,0,BD35F47E-4F73-8664-B165-98D2BF2CDA48
44.9667,-12.385698,0,BD35F47E-4F73-8664-B165-98D2BF2CDA48
44.452633,-12.64358,0,BD35F47E-4F73-8664-B165-98D2BF2CDA48
26.817106,-36.385895,0,BD35F47E-4F73-8664-B165-98D2BF2CDA48
25.02975,-36.07515,0,BD35F47E-4F73-8664-B165-98D2BF2CDA48
-41.37759,23.28547,2,BD35F47E-4F73-8664-B165-98D2BF2CDA48
-41.019176,32.85515,2,BD35F47E-4F73-8664-B165-98D2BF2CDA48
-41.008583,33.999664,2,BD35F47E-4F73-8664-B165-98D2BF2CDA48
-40.918636,34.003906,2,BD35F47E-4F73-8664-B165-98D2BF2CDA48
-25.78565,18.640415,2,BD35F47E-4F73-8664-B165-98D2BF2CDA48
-21.46586,13.775748,0,BD35F47E-4F73-8664-B165-98D2BF2CDA48
15.428604,-8.53333,2,C0ABDBF6-67EF-EA64-A2D1-42FA92BD5713
2.7136655,-15.09847,2,C0ABDBF6-67EF-EA64-A2D1-42FA92BD5713
2.5228925,-15.141001,2,C0ABDBF6-67EF-EA64-A2D1-42FA92BD5713
0.94150525,-15.0869875,2,C0ABDBF6-67EF-EA64-A2D1-42FA92BD5713
-0.14287372,-15.178871,2,C0ABDBF6-67EF-EA64-A2D1-42FA92BD5713
-0.3243679,-15.083473,2,C0ABDBF6-67EF-EA64-A2D1-42FA92BD5713
1.3818241,-14.632178,2,C0ABDBF6-67EF-EA64-A2D1-42FA92BD5713
9.646141,1.2340704,2,C0ABDBF6-67EF-EA64-A2D1-42FA92BD5713
-6.4206204,11.61527,2,C0ABDBF6-67EF-EA64-A2D1-42FA92BD5713
-6.2777066,11.709446,2,C0ABDBF6-67EF-EA64-A2D1-42FA92BD5713
-6.0561414,11.917949,2,C0ABDBF6-67EF-EA64-A2D1-42FA92BD5713
-6.020244,11.675838,2,C0ABDBF6-67EF-EA64-A2D1-42FA92BD5713
9.217685,41.16557,2,C0ABDBF6-67EF-EA64-A2D1-42FA92BD5713
9.292438,41.106415,2,C0ABDBF6-67EF-EA64-A2D1-42FA92BD5713
-4.2044916,59.62038,2,C0ABDBF6-67EF-EA64-A2D1-42FA92BD5713
-4.4449453,59.565273,2,C0ABDBF6-67EF-EA64-A2D1-42FA92BD5713
-5.374602,57.421955,2,C0ABDBF6-67EF-EA64-A2D1-42FA92BD5713
-23.565104,23.356663,2,C0ABDBF6-67EF-EA64-A2D1-42FA92BD5713
27.085758,-18.604263,2,C24A665A-6B67-FDEA-04A4-C2DA3AF79D51
16.927729,-8.913341,2,C24A665A-6B67-FDEA-04A4-C2DA3AF79D51
16.608763,-8.807553,2,C24A665A-6B67-FDEA-04A4-C2DA3AF79D51
16.309404,-8.71116,2,C24A665A-6B67-FDEA-04A4-C2DA3AF79D51
14.888454,11.881196,2,C24A665A-6B67-FDEA-04A4-C2DA3AF79D51
14.963868,12.130449,2,C24A665A-6B67-FDEA-04A4-C2DA3AF79D51
1.4157714,-33.70707,2,C24A665A-6B67-FDEA-04A4-C2DA3AF79D51
-9.162539,-37.578472,2,C24A665A-6B67-FDEA-04A4-C2DA3AF79D51
-9.242275,-37.623592,1,C24A665A-6B67-FDEA-04A4-C2DA3AF79D51
-2.3045866,-41.064243,1,C24A665A-6B67-FDEA-04A4-C2DA3AF79D51
-9.589506,-42.712425,1,C24A665A-6B67-FDEA-04A4-C2DA3AF79D51
-9.806863,-43.31384,1,C24A665A-6B67-FDEA-04A4-C2DA3AF79D51
-10.745643,-42.762222,1,C24A665A-6B67-FDEA-04A4-C2DA3AF79D51
9.909183,28.915901,1,C24A665A-6B67-FDEA-04A4-C2DA3AF79D51
9.906123,28.932476,1,C24A665A-6B67-FDEA-04A4-C2DA3AF79D51
7.0833426,31.379139,1,C24A665A-6B67-FDEA-04A4-C2DA3AF79D51
6.946533,31.25655,1,C24A665A-6B67-FDEA-04A4-C2DA3AF79D51
6.6085286,31.239168,1,C24A665A-6B67-FDEA-04A4-C2DA3AF79D51
39.052563,-16.424618,1,C24A665A-6B67-FDEA-04A4-C2DA3AF79D51
31.775425,-34.25293,1,C24A665A-6B67-FDEA-04A4-C2DA3AF79D51
31.021778,-34.368183,1,C24A665A-6B67-FDEA-04A4-C2DA3AF79D51
25.14142,-34.22095,1,C24A665A-6B67-FDEA-04A4-C2DA3AF79D51
24.52877,-34.29239,0,C24A665A-6B67-FDEA-04A4-C2DA3AF79D51
23.704859,-34.421993,0,C24A665A-6B67-FDEA-04A4-C2DA3AF79D51
23.229889,-34.555115,0,C24A665A-6B67-FDEA-04A4-C2DA3AF79D51
18.370062,10.504746,0,C24A665A-6B67-FDEA-04A4-C2DA3AF79D51
19.281584,3.3927162,0,C24A665A-6B67-FDEA-04A4-C2DA3AF79D51
19.14121,3.1335547,0,C24A665A-6B67-FDEA-04A4-C2DA3AF79D51
14.7799015,3.260128,1,C24A665A-6B67-FDEA-04A4-C2DA3AF79D51
4.9779487,-30.025612,1,C24A665A-6B67-FDEA-04A4-C2DA3AF79D51
49.145275,-19.686293,2,C5DC661F-E2D6-2B65-4765-77C8B81D2488
38.4555,-18.353891,2,C5DC661F-E2D6-2B65-4765-77C8B81D2488
40.858402,-12.549026,2,C5DC661F-E2D6-2B65-4765-77C8B81D2488
37.73967,-8.510917,2,C5DC661F-E2D6-2B65-4765-77C8B81D2488
37.345524,-8.189707,2,C5DC661F-E2D6-2B65-4765-77C8B81D2488
37.2165,-7.9857087,2,C5DC661F-E2D6-2B65-4765-77C8B81D2488
18.920925,34.44293,0,C5DC661F-E2D6-2B65-4765-77C8B81D2488
20.18647,30.64017,0,C5DC661F-E2D6-2B65-4765-77C8B81D2488
19.163399,29.160463,0,C5DC661F-E2D6-2B65-4765-77C8B81D2488
8.744628,45.444946,0,C5DC661F-E2D6-2B65-4765-77C8B81D2488
6.5988746,47.41367,0,C5DC661F-E2D6-2B65-4765-77C8B81D2488
-27.43822,24.598198,2,C5DC661F-E2D6-2B65-4765-77C8B81D2488
57.27842,7.6926637,2,C5DC661F-E2D6-2B65-4765-77C8B81D2488
61.45759,11.238375,2,C5DC661F-E2D6-2B65-4765-77C8B81D2488
63.53895,8.757637,0,C5DC661F-E2D6-2B65-4765-77C8B81D2488
63.66616,8.594826,0,C5DC661F-E2D6-2B65-4765-77C8B81D2488
58.035427,-5.7667418,0,C5DC661F-E2D6-2B65-4765-77C8B81D2488
55.25346,-10.883731,0,C5DC661F-E2D6-2B65-4765-77C8B81D2488
22.446995,-27.136652,0,C5DC661F-E2D6-2B65-4765-77C8B81D2488
22.290928,-27.708765,0,C5DC661F-E2D6-2B65-4765-77C8B81D2488
21.838861,-28.130186,0,C5DC661F-E2D6-2B65-4765-77C8B81D2488
21.427246,-28.436316,0,C5DC661F-E2D6-2B65-4765-77C8B81D2488
14.57078,1.9726669,0,C5DC661F-E2D6-2B65-4765-77C8B81D2488
14.5859585,1.9899591,0,C5DC661F-E2D6-2B65-4765-77C8B81D2488
33.570263,-0.80589163,2,C8BB6C15-19FA-A17A-5945-6202803016D7
33.569767,-0.82612586,2,C8BB6C15-19FA-A17A-5945-6202803016D7
33.55786,-0.8403689,2,C8BB6C15-19FA-A17A-5945-6202803016D7
20.093126,-14.866135,0,C8BB6C15-19FA-A17A-5945-6202803016D7
20.097593,-14.857704,0,C8BB6C15-19FA-A17A-5945-6202803016D7
23.212093,-24.003767,0,C8BB6C15-19FA-A17A-5945-6202803016D7
12.861794,-1.0733554,1,C8BB6C15-19FA-A17A-5945-6202803016D7
9.625063,-31.412022,1,C8BB6C15-19FA-A17A-5945-6202803016D7
9.730817,-31.420847,1,C8BB6C15-19FA-A17A-5945-6202803016D7
22.364347,36.172264,1,C8BB6C15-19FA-A17A-5945-6202803016D7
21.164675,34.27417,1,C8BB6C15-19FA-A17A-5945-6202803016D7
21.76246,33.887505,1,C8BB6C15-19FA-A17A-5945-6202803016D7
-12.558078,48.806957,1,C8BB6C15-19FA-A17A-5945-6202803016D7
-12.7114525,48.665695,1,C8BB6C15-19FA-A17A-5945-6202803016D7
-12.809275,48.43162,1,C8BB6C15-19FA-A17A-5945-6202803016D7
-12.157663,42.349182,1,C8BB6C15-19FA-A17A-5945-6202803016D7
-12.026499,42.252644,1,C8BB6C15-19FA-A17A-5945-6202803016D7
-11.503373,41.9989,1,C8BB6C15-19FA-A17A-5945-6202803016D7
-10.790385,41.73457,1,C8BB6C15-19FA-A17A-5945-6202803016D7
-10.409861,41.544716,1,C8BB6C15-19FA-A17A-5945-6202803016D7
-10.225883,41.31707,1,C8BB6C15-19FA-A17A-5945-6202803016D7
-35.230324,41.59491,0,CCA3ABC5-DCCE-0BBE-5327-E65AE52A195D
-4.110782,26.616615,0,CCA3ABC5-DCCE-0BBE-5327-E65AE52A195D
-3.8058357,26.427238,0,CCA3ABC5-DCCE-0BBE-5327-E65AE52A195D
-7.1546144,22.256653,2,CCA3ABC5-DCCE-0BBE-5327-E65AE52A195D
-7.1333666,22.259834,2,CCA3ABC5-DCCE-0BBE-5327-E65AE52A195D
-7.1257763,22.262571,2,CCA3ABC5-DCCE-0BBE-5327-E65AE52A195D
42.167828,5.6195436,0,CCA3ABC5-DCCE-0BBE-5327-E65AE52A195D
67.78728,1.8176088,0,CCA3ABC5-DCCE-0BBE-5327-E65AE52A195D
66.588684,2.1165833,0,CCA3ABC5-DCCE-0BBE-5327-E65AE52A195D
65.96622,1.9072093,0,CCA3ABC5-DCCE-0BBE-5327-E65AE52A195D
65.01409,0.61153513,0,CCA3ABC5-DCCE-0BBE-5327-E65AE52A195D
63.379944,-2.1433308,0,CCA3ABC5-DCCE-0BBE-5327-E65AE52A195D
-25.81429,-7.211298,0,CCA3ABC5-DCCE-0BBE-5327-E65AE52A195D
-25.959742,-7.347115,2,CCA3ABC5-DCCE-0BBE-5327-E65AE52A195D
-25.651834,-5.4698877,2,CCA3ABC5-DCCE-0BBE-5327-E65AE52A195D
-5.648357,-32.02674,2,CCA3ABC5-DCCE-0BBE-5327-E65AE52A195D
-12.534878,14.364076,2,CCA3ABC5-DCCE-0BBE-5327-E65AE52A195D
-12.400902,14.092724,0,CCA3ABC5-DCCE-0BBE-5327-E65AE52A195D
-42.52529,32.580433,2,CD5833CD-93D3-318C-371A-18A32DEFC38B
-42.42647,32.831726,2,CD5833CD-93D3-318C-371A-18A32DEFC38B
-31.54769,23.179153,0,CD5833CD-93D3-318C-371A-18A32DEFC38B
-21.53453,11.865692,0,CD5833CD-93D3-318C-371A-18A32DEFC38B
66.997284,-0.7321563,0,CD5833CD-93D3-318C-371A-18A32DEFC38B
65.15524,0.88064915,0,CD5833CD-93D3-318C-371A-18A32DEFC38B
21.977695,-35.117424,1,CD5833CD-93D3-318C-371A-18A32DEFC38B
18.182268,-31.759583,0,CD5833CD-93D3-318C-371A-18A32DEFC38B
16.95448,2.1388035,0,CD5833CD-93D3-318C-371A-18A32DEFC38B
15.733609,2.2733057,0,CD5833CD-93D3-318C-371A-18A32DEFC38B
5.6742134,-35.700375,0,CD5833CD-93D3-318C-371A-18A32DEFC38B
5.2091236,-36.06424,0,CD5833CD-93D3-318C-371A-18A32DEFC38B
0.37016535,-38.89923,0,CD5833CD-93D3-318C-371A-18A32DEFC38B
-0.3928109,-39.047527,0,CD5833CD-93D3-318C-371A-18A32DEFC38B
-6.6645584,-42.56128,0,CD5833CD-93D3-318C-371A-18A32DEFC38B
-4.378653,-49.045475,0,CD5833CD-93D3-318C-371A-18A32DEFC38B
21.761808,32.96899,0,CD5833CD-93D3-318C-371A-18A32DEFC38B
23.207232,32.577957,0,CD5833CD-93D3-318C-371A-18A32DEFC38B
21.09257,30.544283,0,CD5833CD-93D3-318C-371A-18A32DEFC38B
25.27125,28.272339,0,CD5833CD-93D3-318C-371A-18A32DEFC38B
11.338038,44.493046,0,CD5833CD-93D3-318C-371A-18A32DEFC38B
-1.2811376,52.404163,0,CD5833CD-93D3-318C-371A-18A32DEFC38B
-1.5758094,52.797543,0,CD5833CD-93D3-318C-371A-18A32DEFC38B
-12.677331,50.569374,2,CD5833CD-93D3-318C-371A-18A32DEFC38B
8.5443735,5.6391277,2,D51A5648-0039-8CB1-45CB-C51E5ABA8BCC
8.039726,-0.7513203,2,D51A5648-0039-8CB1-45CB-C51E5ABA8BCC
8.41455,-32.38463,2,D51A5648-0039-8CB1-45CB-C51E5ABA8BCC
3.4007466,-48.612377,0,D51A5648-0039-8CB1-45CB-C51E5ABA8BCC
3.2366781,-48.887806,0,D51A5648-0039-8CB1-45CB-C51E5ABA8BCC
3.0865898,-49.01836,0,D51A5648-0039-8CB1-45CB-C51E5ABA8BCC
6.3359976,-57.223446,2,D51A5648-0039-8CB1-45CB-C51E5ABA8BCC
6.298873,-57.22434,2,D51A5648-0039-8CB1-45CB-C51E5ABA8BCC
3.2065287,-56.18848,2,D51A5648-0039-8CB1-45CB-C51E5ABA8BCC
16.067759,38.210316,2,D51A5648-0039-8CB1-45CB-C51E5ABA8BCC
16.64644,37.80675,2,D51A5648-0039-8CB1-45CB-C51E5ABA8BCC
16.75322,37.63748,2,D51A5648-0039-8CB1-45CB-C51E5ABA8BCC
62.769432,12.534035,0,D51A5648-0039-8CB1-45CB-C51E5ABA8BCC
62.573776,13.43922,0,D51A5648-0039-8CB1-45CB-C51E5ABA8BCC
62.68326,12.653431,0,D51A5648-0039-8CB1-45CB-C51E5ABA8BCC
54.5984,-3.0325153,0,D51A5648-0039-8CB1-45CB-C51E5ABA8BCC
54.35994,-3.5444453,0,D51A5648-0039-8CB1-45CB-C51E5ABA8BCC
50.73051,-13.519191,0,D51A5648-0039-8CB1-45CB-C51E5ABA8BCC
33.851173,-7.0144057,1,D57F474B-B38C-E9AF-73CC-2CF16EED3827
33.84762,-7.095318,1,D57F474B-B38C-E9AF-73CC-2CF16EED3827
36.08527,-13.387067,1,D57F474B-B38C-E9AF-73CC-2CF16EED3827
36.06665,-13.755882,1,D57F474B-B38C-E9AF-73CC-2CF16EED3827
35.959354,-15.041822,1,D57F474B-B38C-E9AF-73CC-2CF16EED3827
37.24681,-15.102931,1,D57F474B-B38C-E9AF-73CC-2CF16EED3827
37.614307,-15.039444,1,D57F474B-B38C-E9AF-73CC-2CF16EED3827
29.897617,-14.198862,1,D57F474B-B38C-E9AF-73CC-2CF16EED3827
29.159643,-14.98025,1,D57F474B-B38C-E9AF-73CC-2CF16EED3827
27.748896,-16.767666,1,D57F474B-B38C-E9AF-73CC-2CF16EED3827
23.090988,-24.879242,1,D57F474B-B38C-E9AF-73CC-2CF16EED3827
23.636791,-25.462074,1,D57F474B-B38C-E9AF-73CC-2CF16EED3827
-7.67569,-41.194973,1,D57F474B-B38C-E9AF-73CC-2CF16EED3827
-3.977594,-44.829647,1,D57F474B-B38C-E9AF-73CC-2CF16EED3827
-7.579635,-43.569588,1,D57F474B-B38C-E9AF-73CC-2CF16EED3827
-2.7990346,-52.627613,1,D57F474B-B38C-E9AF-73CC-2CF16EED3827
27.801632,38.003216,1,D57F474B-B38C-E9AF-73CC-2CF16EED3827
27.807573,37.99592,1,D57F474B-B38C-E9AF-73CC-2CF16EED3827
11.697664,18.108318,1,D57F474B-B38C-E9AF-73CC-2CF16EED3827
2.6921442,41.624435,2,D57F474B-B38C-E9AF-73CC-2CF16EED3827
0.51453644,52.566235,2,D57F474B-B38C-E9AF-73CC-2CF16EED3827
-8.047112,51.30402,2,D57F474B-B38C-E9AF-73CC-2CF16EED3827
-45.565376,38.196793,2,D57F474B-B38C-E9AF-73CC-2CF16EED3827
-43.268253,34.00414,2,D57F474B-B38C-E9AF-73CC-2CF16EED3827
21.030329,13.676245,1,D57F474B-B38C-E9AF-73CC-2CF16EED3827
21.078114,13.864117,1,D57F474B-B38C-E9AF-73CC-2CF16EED3827
15.321562,-33.508564,1,D57F474B-B38C-E9AF-73CC-2CF16EED3827
-0.5970768,-32.741486,1,D57F474B-B38C-E9AF-73CC-2CF16EED3827
-1.0314996,-33.331898,1,D57F474B-B38C-E9AF-73CC-2CF16EED3827
-1.671862,-34.039898,1,D57F474B-B38C-E9AF-73CC-2CF16EED3827
-2.1499383,-34.492085,1,D57F474B-B38C-E9AF-73CC-2CF16EED3827
-2.297254,-34.596664,1,D57F474B-B38C-E9AF-73CC-2CF16EED3827
-5.2858605,-43.129723,1,D57F474B-B38C-E9AF-73CC-2CF16EED3827
3.118305,-53.105072,1,D57F474B-B38C-E9AF-73CC-2CF16EED3827
25.491219,34.829666,2,D57F474B-B38C-E9AF-73CC-2CF16EED3827
26.561522,35.065315,2,D57F474B-B38C-E9AF-73CC-2CF16EED3827
-38.207767,21.552223,2,D57F474B-B38C-E9AF-73CC-2CF16EED3827
-39.601006,30.440117,2,D57F474B-B38C-E9AF-73CC-2CF16EED3827
-37.87974,24.395145,2,D57F474B-B38C-E9AF-73CC-2CF16EED3827
-37.52545,24.050804,2,D57F474B-B38C-E9AF-73CC-2CF16EED3827
-25.181013,18.202877,0,D57F474B-B38C-E9AF-73CC-2CF16EED3827
-21.632723,13.872359,0,D57F474B-B38C-E9AF-73CC-2CF16EED3827
-10.829538,-17.522259,2,D6D11A63-A131-4E74-041D-6E3BD8EFF8FF
-14.20591,-21.79125,2,D6D11A63-A131-4E74-041D-6E3BD8EFF8FF
-47.638763,-13.162018,2,D6D11A63-A131-4E74-041D-6E3BD8EFF8FF
-47.631218,-12.601462,2,D6D11A63-A131-4E74-041D-6E3BD8EFF8FF
-47.695408,-12.098944,2,D6D11A63-A131-4E74-041D-6E3BD8EFF8FF
-47.60438,-11.820514,2,D6D11A63-A131-4E74-041D-6E3BD8EFF8FF
50.856285,-14.280289,0,D6D11A63-A131-4E74-041D-6E3BD8EFF8FF
48.602295,-18.57121,2,D6D11A63-A131-4E74-041D-6E3BD8EFF8FF
47.637394,-18.368341,2,D6D11A63-A131-4E74-041D-6E3BD8EFF8FF
39.15503,-15.124117,2,D6D11A63-A131-4E74-041D-6E3BD8EFF8FF
39.191883,-14.431572,2,D6D11A63-A131-4E74-041D-6E3BD8EFF8FF
39.20505,-13.792907,2,D6D11A63-A131-4E74-041D-6E3BD8EFF8FF
22.3963,-22.524927,2,D8D27F81-4F83-E10A-448A-735447867552
22.353031,-22.62312,2,D8D27F81-4F83-E10A-448A-735447867552
0.8622789,-17.594257,2,D8D27F81-4F83-E10A-448A-735447867552
-2.109825,-14.909497,0,D8D27F81-4F83-E10A-448A-735447867552
-1.8041834,-14.795689,0,D8D27F81-4F83-E10A-448A-735447867552
-1.7361877,-14.762239,0,D8D27F81-4F83-E10A-448A-735447867552
67.78022,4.168197,0,D8D27F81-4F83-E10A-448A-735447867552
66.09341,8.125217,1,D8D27F81-4F83-E10A-448A-735447867552
37.379425,10.108014,1,D8D27F81-4F83-E10A-448A-735447867552
-15.048272,-5.8989277,1,D8D27F81-4F83-E10A-448A-735447867552
-15.15217,-6.7225943,1,D8D27F81-4F83-E10A-448A-735447867552
-20.743578,-14.026852,1,D8D27F81-4F83-E10A-448A-735447867552
30.25125,-38.109177,2,D8D27F81-4F83-E10A-448A-735447867552
30.059431,-38.480675,2,D8D27F81-4F83-E10A-448A-735447867552
29.988016,-38.737312,2,D8D27F81-4F83-E10A-448A-735447867552
29.815393,-38.945297,0,D8D27F81-4F83-E10A-448A-735447867552
29.339848,-40.2901,0,D8D27F81-4F83-E10A-448A-735447867552
29.29131,-40.44673,0,D8D27F81-4F83-E10A-448A-735447867552
-19.445145,-16.62867,2,D8D27F81-4F83-E10A-448A-735447867552
-19.414497,-16.330368,2,D8D27F81-4F83-E10A-448A-735447867552
-18.981718,-16.096077,2,D8D27F81-4F83-E10A-448A-735447867552
-15.598311,-13.0310135,2,D8D27F81-4F83-E10A-448A-735447867552
-14.679298,-5.095466,0,D8D27F81-4F83-E10A-448A-735447867552
56.407898,2.0842955,0,D8D27F81-4F83-E10A-448A-735447867552
33.190006,35.13864,1,D8D27F81-4F83-E10A-448A-735447867552
10.069051,46.718117,1,D8D27F81-4F83-E10A-448A-735447867552
-2.3932996,52.28563,1,D8D27F81-4F83-E10A-448A-735447867552
22.340158,-24.989492,2,DA2856BC-D181-9AF0-DC9A-99A9444D5579
21.710987,-25.479475,2,DA2856BC-D181-9AF0-DC9A-99A9444D5579
21.197027,-25.58316,2,DA2856BC-D181-9AF0-DC9A-99A9444D5579
20.373564,-25.799246,2,DA2856BC-D181-9AF0-DC9A-99A9444D5579
20.1959,-25.933453,2,DA2856BC-D181-9AF0-DC9A-99A9444D5579
10.705791,4.655623,2,DA2856BC-D181-9AF0-DC9A-99A9444D5579
-5.7683315,-53.104023,0,DA2856BC-D181-9AF0-DC9A-99A9444D5579
-5.8578973,-53.097824,0,DA2856BC-D181-9AF0-DC9A-99A9444D5579
23.941101,35.392708,0,DA2856BC-D181-9AF0-DC9A-99A9444D5579
24.274323,34.82138,0,DA2856BC-D181-9AF0-DC9A-99A9444D5579
25.699087,29.141619,0,DA2856BC-D181-9AF0-DC9A-99A9444D5579
26.377302,29.219128,0,DA2856BC-D181-9AF0-DC9A-99A9444D5579
0.22849977,-12.505707,2,DBA0C8C4-AE05-772F-2E53-E6167F8ACB77
-34.12344,-26.162777,2,DBA0C8C4-AE05-772F-2E53-E6167F8ACB77
-45.676586,-14.267335,2,DBA0C8C4-AE05-772F-2E53-E6167F8ACB77
-45.645996,-14.052397,2,DBA0C8C4-AE05-772F-2E53-E6167F8ACB77
-45.61493,-13.314982,0,DBA0C8C4-AE05-772F-2E53-E6167F8ACB77
-45.527897,-12.858723,0,DBA0C8C4-AE05-772F-2E53-E6167F8ACB77
-39.97863,26.475822,2,DBA0C8C4-AE05-772F-2E53-E6167F8ACB77
-39.772636,26.43399,2,DBA0C8C4-AE05-772F-2E53-E6167F8ACB77
-39.147705,26.161861,2,DBA0C8C4-AE05-772F-2E53-E6167F8ACB77
-33.607494,26.465866,2,DBA0C8C4-AE05-772F-2E53-E6167F8ACB77
-25.664772,17.159477,2,DBA0C8C4-AE05-772F-2E53-E6167F8ACB77
39.78312,5.7506175,2,DBA0C8C4-AE05-772F-2E53-E6167F8ACB77
-56.730724,5.1008043,2,DBA0C8C4-AE05-772F-2E53-E6167F8ACB77
-60.414623,-0.13541487,2,DBA0C8C4-AE05-772F-2E53-E6167F8ACB77
-60.88918,-0.65556794,2,DBA0C8C4-AE05-772F-2E53-E6167F8ACB77
-62.634613,-0.51181185,2,DBA0C8C4-AE05-772F-2E53-E6167F8ACB77
-63.291584,-0.32396138,2,DBA0C8C4-AE05-772F-2E53-E6167F8ACB77
-63.55854,-0.25672358,2,DBA0C8C4-AE05-772F-2E53-E6167F8ACB77
-57.05146,-17.178797,2,DC0BE0E2-B41E-3D73-47C5-5733952512CB
-56.872902,-16.946331,2,DC0BE0E2-B41E-3D73-47C5-5733952512CB
-56.868114,-16.3674,2,DC0BE0E2-B41E-3D73-47C5-5733952512CB
-37.88444,-21.43665,2,DC0BE0E2-B41E-3D73-47C5-5733952512CB
-17.724047,-20.784977,2,DC0BE0E2-B41E-3D73-47C5-5733952512CB
-17.713047,-20.824242,2,DC0BE0E2-B41E-3D73-47C5-5733952512CB
11.821017,-7.077538,2,DC0BE0E2-B41E-3D73-47C5-5733952512CB
11.346767,-7.656286,2,DC0BE0E2-B41E-3D73-47C5-5733952512CB
11.067131,-7.9643354,2,DC0BE0E2-B41E-3D73-47C5-5733952512CB
-13.480616,-21.219404,2,DC0BE0E2-B41E-3D73-47C5-5733952512CB
-35.967915,-13.039419,2,DC0BE0E2-B41E-3D73-47C5-5733952512CB
-36.001232,-13.013306,0,DC0BE0E2-B41E-3D73-47C5-5733952512CB
-36.511673,37.663246,2,DC0BE0E2-B41E-3D73-47C5-5733952512CB
-36.4001,37.465717,2,DC0BE0E2-B41E-3D73-47C5-5733952512CB
-29.981215,22.599136,2,DC0BE0E2-B41E-3D73-47C5-5733952512CB
-22.270266,13.019686,2,DC0BE0E2-B41E-3D73-47C5-5733952512CB
50.582726,5.337099,2,DC0BE0E2-B41E-3D73-47C5-5733952512CB
51.7504,5.2341084,2,DC0BE0E2-B41E-3D73-47C5-5733952512CB
-7.383226,-46.891045,2,DC0BE0E2-B41E-3D73-47C5-5733952512CB
27.641338,33.935905,2,DC0BE0E2-B41E-3D73-47C5-5733952512CB
28.438364,34.18486,2,DC0BE0E2-B41E-3D73-47C5-5733952512CB
26.739744,28.34802,2,DC0BE0E2-B41E-3D73-47C5-5733952512CB
26.52829,27.569012,0,DC0BE0E2-B41E-3D73-47C5-5733952512CB
25.847721,26.157328,0,DC0BE0E2-B41E-3D73-47C5-5733952512CB
-43.99021,41.666836,0,DC0BE0E2-B41E-3D73-47C5-5733952512CB
-43.965733,41.62992,2,DC0BE0E2-B41E-3D73-47C5-5733952512CB
-39.431683,31.383125,2,DC0BE0E2-B41E-3D73-47C5-5733952512CB
-26.395731,18.90839,2,DC0BE0E2-B41E-3D73-47C5-5733952512CB
-24.728264,13.510721,2,DC0BE0E2-B41E-3D73-47C5-5733952512CB
39.927265,3.8486702,2,DC0BE0E2-B41E-3D73-47C5-5733952512CB
-3.9931426,-39.96627,2,DCB45A10-FAF5-53E0-AB53-2D42AC9BB090
-4.3206897,-39.99365,0,DCB45A10-FAF5-53E0-AB53-2D42AC9BB090
-4.891614,-39.970703,0,DCB45A10-FAF5-53E0-AB53-2D42AC9BB090
-5.5905595,-39.94356,0,DCB45A10-FAF5-53E0-AB53-2D42AC9BB090
-36.017056,-2.8093321,0,DCB45A10-FAF5-53E0-AB53-2D42AC9BB090
-55.88027,0.7865625,0,DCB45A10-FAF5-53E0-AB53-2D42AC9BB090
52.247765,-8.598524,0,DCB45A10-FAF5-53E0-AB53-2D42AC9BB090
53.09943,-14.562951,0,DCB45A10-FAF5-53E0-AB53-2D42AC9BB090
45.214924,-5.792865,2,DCB45A10-FAF5-53E0-AB53-2D42AC9BB090
35.618702,-5.177135,0,DCB45A10-FAF5-53E0-AB53-2D42AC9BB090
35.457436,-5.2157335,0,DCB45A10-FAF5-53E0-AB53-2D42AC9BB090
28.471537,-35.01303,0,DCB45A10-FAF5-53E0-AB53-2D42AC9BB090
13.645039,-33.97131,0,DCB45A10-FAF5-53E0-AB53-2D42AC9BB090
3.255037,-38.052116,0,DCB45A10-FAF5-53E0-AB53-2D42AC9BB090
2.5100288,-38.110554,1,DCB45A10-FAF5-53E0-AB53-2D42AC9BB090
2.0690248,-38.202976,1,DCB45A10-FAF5-53E0-AB53-2D42AC9BB090
-8.501297,-41.579403,1,DCB45A10-FAF5-53E0-AB53-2D42AC9BB090
-8.047076,-42.317265,0,DCB45A10-FAF5-53E0-AB53-2D42AC9BB090
14.213103,-34.443512,2,DCB45A10-FAF5-53E0-AB53-2D42AC9BB090
4.077159,-39.862484,2,DCB45A10-FAF5-53E0-AB53-2D42AC9BB090
4.093689,-39.962303,0,DCB45A10-FAF5-53E0-AB53-2D42AC9BB090
3.2190983,-39.54736,0,DCB45A10-FAF5-53E0-AB53-2D42AC9BB090
2.516387,-39.31139,0,DCB45A10-FAF5-53E0-AB53-2D42AC9BB090
-7.782916,-45.60271,0,DCB45A10-FAF5-53E0-AB53-2D42AC9BB090
-60.00362,1.7682862,2,DD956DE9-DEFB-C0C6-82B4-C639A17D6782
-59.89935,1.9113775,2,DD956DE9-DEFB-C0C6-82B4-C639A17D6782
-59.676777,2.1762621,2,DD956DE9-DEFB-C0C6-82B4-C639A17D6782
-35.22469,-2.554933,0,DD956DE9-DEFB-C0C6-82B4-C639A17D6782
-35.939903,-3.288556,0,DD956DE9-DEFB-C0C6-82B4-C639A17D6782
-36.161236,-3.9022336,0,DD956DE9-DEFB-C0C6-82B4-C639A17D6782
38.758694,-12.485707,0,DD956DE9-DEFB-C0C6-82B4-C639A17D6782
38.58453,-12.554155,0,DD956DE9-DEFB-C0C6-82B4-C639A17D6782
26.121792,-10.235062,0,DD956DE9-DEFB-C0C6-82B4-C639A17D6782
26.27181,-10.00089,0,DD956DE9-DEFB-C0C6-82B4-C639A17D6782
26.625122,-9.213935,0,DD956DE9-DEFB-C0C6-82B4-C639A17D6782
18.632223,-2.5919201,0,DD956DE9-DEFB-C0C6-82B4-C639A17D6782
0.9740454,-47.528305,1,DD956DE9-DEFB-C0C6-82B4-C639A17D6782
0.9653784,-47.685844,0,DD956DE9-DEFB-C0C6-82B4-C639A17D6782
-1.3829895,-52.340054,0,DD956DE9-DEFB-C0C6-82B4-C639A17D6782
19.964205,34.800907,0,DD956DE9-DEFB-C0C6-82B4-C639A17D6782
19.510687,34.568115,0,DD956DE9-DEFB-C0C6-82B4-C639A17D6782
19.380367,30.912931,2,DD956DE9-DEFB-C0C6-82B4-C639A17D6782
20.686993,4.2731285,0,DD956DE9-DEFB-C0C6-82B4-C639A17D6782
20.35323,4.283254,0,DD956DE9-DEFB-C0C6-82B4-C639A17D6782
20.155434,4.2819963,0,DD956DE9-DEFB-C0C6-82B4-C639A17D6782
16.640085,-34.587463,0,DD956DE9-DEFB-C0C6-82B4-C639A17D6782
13.988293,-37.75336,0,DD956DE9-DEFB-C0C6-82B4-C639A17D6782
12.057654,-42.70912,0,DD956DE9-DEFB-C0C6-82B4-C639A17D6782
-57.323067,-4.656342,0,DE775A65-68D5-C477-E2F7-BCC1AEF0B850
-57.40221,-4.2687874,2,DE775A65-68D5-C477-E2F7-BCC1AEF0B850
-57.581776,-3.783774,2,DE775A65-68D5-C477-E2F7-BCC1AEF0B850
-57.756603,-3.5255308,2,DE775A65-68D5-C477-E2F7-BCC1AEF0B850
-57.37326,-3.3839688,2,DE775A65-68D5-C477-E2F7-BCC1AEF0B850
-57.012173,-3.1958823,2,DE775A65-68D5-C477-E2F7-BCC1AEF0B850
0.24388777,-11.1339,2,DE775A65-68D5-C477-E2F7-BCC1AEF0B850
2.5847359,-1.5537933,2,DE775A65-68D5-C477-E2F7-BCC1AEF0B850
-0.09273936,-10.894708,2,DE775A65-68D5-C477-E2F7-BCC1AEF0B850
-34.858524,-2.2187445,2,DE775A65-68D5-C477-E2F7-BCC1AEF0B850
-39.505272,-2.319614,2,DE775A65-68D5-C477-E2F7-BCC1AEF0B850
-39.833595,-2.3670518,2,DE775A65-68D5-C477-E2F7-BCC1AEF0B850
-0.87919754,-41.148273,2,DF62EF03-DA30-E70A-CA31-03A029C9610A
-1.0945891,-41.177284,2,DF62EF03-DA30-E70A-CA31-03A029C9610A
-2.767124,-50.039146,2,DF62EF03-DA30-E70A-CA31-03A029C9610A
-6.2661366,-51.502506,0,DF62EF03-DA30-E70A-CA31-03A029C9610A
12.548751,31.497482,0,DF62EF03-DA30-E70A-CA31-03A029C9610A
12.432834,31.347208,0,DF62EF03-DA30-E70A-CA31-03A029C9610A
-45.03216,35.171852,2,DF62EF03-DA30-E70A-CA31-03A029C9610A
-44.707447,35.814693,2,DF62EF03-DA30-E70A-CA31-03A029C9610A
-44.68122,35.707172,2,DF62EF03-DA30-E70A-CA31-03A029C9610A
-35.948208,36.290867,2,DF62EF03-DA30-E70A-CA31-03A029C9610A
-30.458889,22.988367,2,DF62EF03-DA30-E70A-CA31-03A029C9610A
38.8265,6.7103124,0,DF62EF03-DA30-E70A-CA31-03A029C9610A
-20.700283,11.773398,0,DF62EF03-DA30-E70A-CA31-03A029C9610A
65.18753,3.06802,0,DF62EF03-DA30-E70A-CA31-03A029C9610A
65.942535,7.570906,0,DF62EF03-DA30-E70A-CA31-03A029C9610A
64.08728,7.260443,0,DF62EF03-DA30-E70A-CA31-03A029C9610A
62.979168,6.374768,0,DF62EF03-DA30-E70A-CA31-03A029C9610A
54.02985,14.694621,2,DF62EF03-DA30-E70A-CA31-03A029C9610A
-37.6253,31.775085,2,DF62EF03-DA30-E70A-CA31-03A029C9610A
-37.658104,32.327984,2,DF62EF03-DA30-E70A-CA31-03A029C9610A
-37.507362,39.440372,2,DF62EF03-DA30-E70A-CA31-03A029C9610A
-36.991837,39.560493,2,DF62EF03-DA30-E70A-CA31-03A029C9610A
-34.29173,38.79681,2,DF62EF03-DA30-E70A-CA31-03A029C9610A
-32.712513,37.238487,2,DF62EF03-DA30-E70A-CA31-03A029C9610A
-2.7051327,10.822179,2,E3489F9E-39E2-47B9-24EF-BAACE1438D00
-2.7676673,10.838201,0,E3489F9E-39E2-47B9-24EF-BAACE1438D00
15.33966,-8.333868,0,E3489F9E-39E2-47B9-24EF-BAACE1438D00
15.259774,-8.229892,0,E3489F9E-39E2-47B9-24EF-BAACE1438D00
14.649769,10.920774,0,E3489F9E-39E2-47B9-24EF-BAACE1438D00
14.428068,10.66799,0,E3489F9E-39E2-47B9-24EF-BAACE1438D00
2.130547,-3.2433455,2,E3489F9E-39E2-47B9-24EF-BAACE1438D00
2.0778146,-3.603186,2,E3489F9E-39E2-47B9-24EF-BAACE1438D00
-5.1093206,-31.304302,0,E3489F9E-39E2-47B9-24EF-BAACE1438D00
-5.0544515,-31.305391,0,E3489F9E-39E2-47B9-24EF-BAACE1438D00
-4.7283664,-31.485426,0,E3489F9E-39E2-47B9-24EF-BAACE1438D00
-4.0375395,-49.25792,0,E3489F9E-39E2-47B9-24EF-BAACE1438D00
-7.555453,-50.25349,0,E3489F9E-39E2-47B9-24EF-BAACE1438D00
12.694199,29.917433,0,E3489F9E-39E2-47B9-24EF-BAACE1438D00
12.696661,29.79565,0,E3489F9E-39E2-47B9-24EF-BAACE1438D00
13.634483,27.864355,1,E3489F9E-39E2-47B9-24EF-BAACE1438D00
13.591608,27.374287,1,E3489F9E-39E2-47B9-24EF-BAACE1438D00
13.502636,27.010378,1,E3489F9E-39E2-47B9-24EF-BAACE1438D00
39.91246,-12.4512,1,E3489F9E-39E2-47B9-24EF-BAACE1438D00
39.359257,-11.63042,1,E3489F9E-39E2-47B9-24EF-BAACE1438D00
28.035076,-36.307495,1,E3489F9E-39E2-47B9-24EF-BAACE1438D00
26.733782,-37.77815,1,E3489F9E-39E2-47B9-24EF-BAACE1438D00
25.507704,-37.192356,1,E3489F9E-39E2-47B9-24EF-BAACE1438D00
25.225899,-37.478027,1,E3489F9E-39E2-47B9-24EF-BAACE1438D00
10.370109,31.082111,0,E49C1269-8AB7-8C8F-FC88-AA92C2F1E260
9.851176,30.942045,0,E49C1269-8AB7-8C8F-FC88-AA92C2F1E260
9.597806,30.717575,0,E49C1269-8AB7-8C8F-FC88-AA92C2F1E260
13.159812,25.137203,0,E49C1269-8AB7-8C8F-FC88-AA92C2F1E260
13.6055765,24.98636,1,E49C1269-8AB7-8C8F-FC88-AA92C2F1E260
-1.9000443,54.048912,1,E49C1269-8AB7-8C8F-FC88-AA92C2F1E260
8.147665,-47.739494,0,E49C1269-8AB7-8C8F-FC88-AA92C2F1E260
7.917034,-48.220364,0,E49C1269-8AB7-8C8F-FC88-AA92C2F1E260
7.6531515,-48.636883,2,E49C1269-8AB7-8C8F-FC88-AA92C2F1E260
1.6005204,-51.013924,2,E49C1269-8AB7-8C8F-FC88-AA92C2F1E260
-1.0598539,-51.969227,2,E49C1269-8AB7-8C8F-FC88-AA92C2F1E260
29.91343,37.10777,0,E49C1269-8AB7-8C8F-FC88-AA92C2F1E260
30.593199,36.869076,0,E49C1269-8AB7-8C8F-FC88-AA92C2F1E260
31.161802,36.56829,0,E49C1269-8AB7-8C8F-FC88-AA92C2F1E260
33.13836,34.081318,0,E49C1269-8AB7-8C8F-FC88-AA92C2F1E260
33.760796,34.059406,0,E49C1269-8AB7-8C8F-FC88-AA92C2F1E260
9.679096,46.09745,1,E49C1269-8AB7-8C8F-FC88-AA92C2F1E260
-3.719594,53.35773,2,E49C1269-8AB7-8C8F-FC88-AA92C2F1E260
26.74835,-29.299147,2,E49C1269-8AB7-8C8F-FC88-AA92C2F1E260
26.503807,-29.776411,2,E49C1269-8AB7-8C8F-FC88-AA92C2F1E260
26.143536,-30.215364,0,E49C1269-8AB7-8C8F-FC88-AA92C2F1E260
18.896217,-35.739113,0,E49C1269-8AB7-8C8F-FC88-AA92C2F1E260
18.750046,-35.774067,0,E49C1269-8AB7-8C8F-FC88-AA92C2F1E260
20.486357,0.75092256,0,E49C1269-8AB7-8C8F-FC88-AA92C2F1E260
24.650517,24.511017,2,E49C1269-8AB7-8C8F-FC88-AA92C2F1E260
6.5510125,45.167118,2,E49C1269-8AB7-8C8F-FC88-AA92C2F1E260
-2.1546075,52.48881,2,E49C1269-8AB7-8C8F-FC88-AA92C2F1E260
-10.111197,51.658386,2,E49C1269-8AB7-8C8F-FC88-AA92C2F1E260
-40.604748,31.573631,2,E49C1269-8AB7-8C8F-FC88-AA92C2F1E260
-40.540184,31.658566,2,E49C1269-8AB7-8C8F-FC88-AA92C2F1E260
-43.61135,-21.607365,2,E5CCE6B3-2C6E-BE96-602F-3852C8614777
-21.22733,-16.764185,2,E5CCE6B3-2C6E-BE96-602F-3852C8614777
-19.83723,-15.359903,0,E5CCE6B3-2C6E-BE96-602F-3852C8614777
-9.739163,-16.11983,0,E5CCE6B3-2C6E-BE96-602F-3852C8614777
15.726925,-23.77579,0,E5CCE6B3-2C6E-BE96-602F-3852C8614777
15.744514,-23.830524,0,E5CCE6B3-2C6E-BE96-602F-3852C8614777
-24.982197,18.55672,0,E5CCE6B3-2C6E-BE96-602F-3852C8614777
-21.89151,14.361439,0,E5CCE6B3-2C6E-BE96-602F-3852C8614777
67.866325,0.15242215,0,E5CCE6B3-2C6E-BE96-602F-3852C8614777
66.11273,3.1160574,0,E5CCE6B3-2C6E-BE96-602F-3852C8614777
65.692474,3.3675873,2,E5CCE6B3-2C6E-BE96-602F-3852C8614777
64.64296,4.214899,0,E5CCE6B3-2C6E-BE96-602F-3852C8614777
63.281956,5.1690855,0,E5CCE6B3-2C6E-BE96-602F-3852C8614777
54.19444,14.658029,0,E5CCE6B3-2C6E-BE96-602F-3852C8614777
49.52154,-8.4007435,2,E5CCE6B3-2C6E-BE96-602F-3852C8614777
51.17513,-12.505972,2,E5CCE6B3-2C6E-BE96-602F-3852C8614777
50.263103,-19.36678,2,E5CCE6B3-2C6E-BE96-602F-3852C8614777
37.472233,-6.7360806,2,E5CCE6B3-2C6E-BE96-602F-3852C8614777
-48.176678,-18.606915,2,E5F96AC5-AE7E-C4E8-8288-FB2674F43704
-47.794033,-18.188341,2,E5F96AC5-AE7E-C4E8-8288-FB2674F43704
-47.858345,-17.861727,2,E5F96AC5-AE7E-C4E8-8288-FB2674F43704
-34.79563,-27.174843,2,E5F96AC5-AE7E-C4E8-8288-FB2674F43704
-37.937515,-29.314753,2,E5F96AC5-AE7E-C4E8-8288-FB2674F43704
-51.21911,-26.513428,0,E5F96AC5-AE7E-C4E8-8288-FB2674F43704
-44.352303,-3.3346734,2,E5F96AC5-AE7E-C4E8-8288-FB2674F43704
-44.451107,-3.047248,2,E5F96AC5-AE7E-C4E8-8288-FB2674F43704
-44.51425,-2.702316,0,E5F96AC5-AE7E-C4E8-8288-FB2674F43704
-44.534363,-2.348243,0,E5F96AC5-AE7E-C4E8-8288-FB2674F43704
-45.036053,-1.2316196,0,E5F96AC5-AE7E-C4E8-8288-FB2674F43704
-45.031456,-1.0435908,0,E5F96AC5-AE7E-C4E8-8288-FB2674F43704
-44.95008,-0.671961,2,E5F96AC5-AE7E-C4E8-8288-FB2674F43704
-44.230293,-0.44514722,2,E5F96AC5-AE7E-C4E8-8288-FB2674F43704
-43.880947,-0.29472816,2,E5F96AC5-AE7E-C4E8-8288-FB2674F43704
-36.871357,-29.862225,2,E5F96AC5-AE7E-C4E8-8288-FB2674F43704
-3.7562544,56.2255,2,E5F96AC5-AE7E-C4E8-8288-FB2674F43704
-10.440975,54.163082,2,E5F96AC5-AE7E-C4E8-8288-FB2674F43704
36.348824,-19.634668,0,E5F96AC5-AE7E-C4E8-8288-FB2674F43704
21.6995,2.9588165,0,E5F96AC5-AE7E-C4E8-8288-FB2674F43704
21.278015,3.040001,0,E5F96AC5-AE7E-C4E8-8288-FB2674F43704
18.062134,-35.226555,0,E5F96AC5-AE7E-C4E8-8288-FB2674F43704
13.896429,-36.14002,0,E5F96AC5-AE7E-C4E8-8288-FB2674F43704
5.5056653,-28.715773,2,E5F96AC5-AE7E-C4E8-8288-FB2674F43704
-0.18079813,-40.210144,2,E5F96AC5-AE7E-C4E8-8288-FB2674F43704
-3.278689,-41.372047,2,E5F96AC5-AE7E-C4E8-8288-FB2674F43704
-6.696386,-45.786118,2,E5F96AC5-AE7E-C4E8-8288-FB2674F43704
-6.599279,-46.28924,2,E5F96AC5-AE7E-C4E8-8288-FB2674F43704
23.131382,35.698822,2,E5F96AC5-AE7E-C4E8-8288-FB2674F43704
24.035635,35.644966,2,E5F96AC5-AE7E-C4E8-8288-FB2674F43704
-41.722218,30.82599,0,E5F96AC5-AE7E-C4E8-8288-FB2674F43704
-41.588993,30.758284,2,E5F96AC5-AE7E-C4E8-8288-FB2674F43704
-33.87786,27.190235,0,E5F96AC5-AE7E-C4E8-8288-FB2674F43704
-24.765154,16.08018,0,E5F96AC5-AE7E-C4E8-8288-FB2674F43704
-22.166454,12.670629,0,E5F96AC5-AE7E-C4E8-8288-FB2674F43704
35.766376,8.943201,0,E5F96AC5-AE7E-C4E8-8288-FB2674F43704
5.2564235,-50.619446,2,EA788550-E907-E4AC-EAE4-82CC26723E3B
18.272333,39.13289,2,EA788550-E907-E4AC-EAE4-82CC26723E3B
18.136673,39.04977,2,EA788550-E907-E4AC-EAE4-82CC26723E3B
13.122107,35.520977,2,EA788550-E907-E4AC-EAE4-82CC26723E3B
13.096675,34.791958,2,EA788550-E907-E4AC-EAE4-82CC26723E3B
12.959122,34.6536,2,EA788550-E907-E4AC-EAE4-82CC26723E3B
-2.8536212,-54.03261,2,EA788550-E907-E4AC-EAE4-82CC26723E3B
-3.1910782,-53.61409,2,EA788550-E907-E4AC-EAE4-82CC26723E3B
-2.9601934,-52.93368,2,EA788550-E907-E4AC-EAE4-82CC26723E3B
27.361858,35.816017,2,EA788550-E907-E4AC-EAE4-82CC26723E3B
27.560583,35.64732,2,EA788550-E907-E4AC-EAE4-82CC26723E3B
28.373608,35.247192,2,EA788550-E907-E4AC-EAE4-82CC26723E3B
-62.30685,-11.466235,2,EC6E2525-212C-1C3A-0B73-74D1B45748E1
-62.196285,-11.476473,2,EC6E2525-212C-1C3A-0B73-74D1B45748E1
-52.546867,-17.458847,2,EC6E2525-212C-1C3A-0B73-74D1B45748E1
-52.141224,-17.692127,2,EC6E2525-212C-1C3A-0B73-74D1B45748E1
-51.511974,-18.402317,2,EC6E2525-212C-1C3A-0B73-74D1B45748E1
-50.720913,-19.20664,2,EC6E2525-212C-1C3A-0B73-74D1B45748E1
-56.07195,-4.9651923,2,EC6E2525-212C-1C3A-0B73-74D1B45748E1
-55.313786,-4.880519,2,EC6E2525-212C-1C3A-0B73-74D1B45748E1
-54.904125,-4.8017,2,EC6E2525-212C-1C3A-0B73-74D1B45748E1
-54.45239,-3.8324094,2,EC6E2525-212C-1C3A-0B73-74D1B45748E1
-54.306675,-3.8480177,2,EC6E2525-212C-1C3A-0B73-74D1B45748E1
-43.047848,-6.4084196,2,EC6E2525-212C-1C3A-0B73-74D1B45748E1
-50.95944,-11.716288,0,EC6E2525-212C-1C3A-0B73-74D1B45748E1
-51.196964,-10.974152,0,EC6E2525-212C-1C3A-0B73-74D1B45748E1
-51.280582,-10.853218,0,EC6E2525-212C-1C3A-0B73-74D1B45748E1
-49.941277,-11.620863,0,EC6E2525-212C-1C3A-0B73-74D1B45748E1
-49.852234,-11.671981,0,EC6E2525-212C-1C3A-0B73-74D1B45748E1
-49.79851,-12.018371,0,EC6E2525-212C-1C3A-0B73-74D1B45748E1
-13.823254,-10.326179,2,EC6E2525-212C-1C3A-0B73-74D1B45748E1
-13.625597,-10.125521,2,EC6E2525-212C-1C3A-0B73-74D1B45748E1
-13.619395,-9.826899,2,EC6E2525-212C-1C3A-0B73-74D1B45748E1
-13.662038,-9.846371,2,EC6E2525-212C-1C3A-0B73-74D1B45748E1
-14.14904,-9.266393,2,EC6E2525-212C-1C3A-0B73-74D1B45748E1
-14.291784,-9.094167,2,EC6E2525-212C-1C3A-0B73-74D1B45748E1
12.437962,-37.1285,2,EC6E2525-212C-1C3A-0B73-74D1B45748E1
5.607666,-41.204174,2,EC6E2525-212C-1C3A-0B73-74D1B45748E1
5.5118055,-41.13446,2,EC6E2525-212C-1C3A-0B73-74D1B45748E1
-2.0840554,-38.017193,2,EC6E2525-212C-1C3A-0B73-74D1B45748E1
-4.817743,-42.273373,2,EC6E2525-212C-1C3A-0B73-74D1B45748E1
-5.3499618,-47.197758,2,EC6E2525-212C-1C3A-0B73-74D1B45748E1
-63.264175,-13.073798,2,EE62AFCD-B47D-E676-0257-21F92CB612D8
-63.3148,-12.637682,2,EE62AFCD-B47D-E676-0257-21F92CB612D8
-63.942253,-11.272518,2,EE62AFCD-B47D-E676-0257-21F92CB612D8
-64.00936,-11.078819,2,EE62AFCD-B47D-E676-0257-21F92CB612D8
-63.40925,-21.024511,2,EE62AFCD-B47D-E676-0257-21F92CB612D8
-63.395092,-21.057512,2,EE62AFCD-B47D-E676-0257-21F92CB612D8
-69.16813,3.304182,2,EE62AFCD-B47D-E676-0257-21F92CB612D8
-68.430336,3.3985133,2,EE62AFCD-B47D-E676-0257-21F92CB612D8
-67.12325,2.2513435,2,EE62AFCD-B47D-E676-0257-21F92CB612D8
-66.441956,2.0323582,2,EE62AFCD-B47D-E676-0257-21F92CB612D8
-40.097965,-19.154074,0,EE62AFCD-B47D-E676-0257-21F92CB612D8
-17.656206,-12.440329,0,EE62AFCD-B47D-E676-0257-21F92CB612D8
-47.403496,-23.273096,2,EE62AFCD-B47D-E676-0257-21F92CB612D8
-47.15097,-23.390108,2,EE62AFCD-B47D-E676-0257-21F92CB612D8
-47.023643,-23.532135,2,EE62AFCD-B47D-E676-0257-21F92CB612D8
-46.785545,-23.745045,2,EE62AFCD-B47D-E676-0257-21F92CB612D8
-23.216888,-13.321406,2,EE62AFCD-B47D-E676-0257-21F92CB612D8
-23.289612,-13.670955,0,EE62AFCD-B47D-E676-0257-21F92CB612D8
29.899271,-13.319916,2,F1430977-52AF-4F46-BF92-0A8D736CBD2B
29.446526,-13.855685,2,F1430977-52AF-4F46-BF92-0A8D736CBD2B
28.983717,-14.065579,2,F1430977-52AF-4F46-BF92-0A8D736CBD2B
27.792095,-16.507637,2,F1430977-52AF-4F46-BF92-0A8D736CBD2B
21.957642,-23.858753,2,F1430977-52AF-4F46-BF92-0A8D736CBD2B
20.545715,-23.45414,2,F1430977-52AF-4F46-BF92-0A8D736CBD2B
5.794369,36.114773,0,F1430977-52AF-4F46-BF92-0A8D736CBD2B
5.877764,35.92557,0,F1430977-52AF-4F46-BF92-0A8D736CBD2B
6.603709,34.3204,0,F1430977-52AF-4F46-BF92-0A8D736CBD2B
6.2952304,34.459354,0,F1430977-52AF-4F46-BF92-0A8D736CBD2B
13.136679,21.79567,2,F1430977-52AF-4F46-BF92-0A8D736CBD2B
13.138799,21.805355,2,F1430977-52AF-4F46-BF92-0A8D736CBD2B
-34.740955,40.074253,0,F1430977-52AF-4F46-BF92-0A8D736CBD2B
-30.872076,35.678165,0,F1430977-52AF-4F46-BF92-0A8D736CBD2B
-57.52733,9.46256,0,F1430977-52AF-4F46-BF92-0A8D736CBD2B
-57.49389,9.05167,0,F1430977-52AF-4F46-BF92-0A8D736CBD2B
-57.41444,8.455841,0,F1430977-52AF-4F46-BF92-0A8D736CBD2B
-57.33353,8.214077,0,F1430977-52AF-4F46-BF92-0A8D736CBD2B
27.87874,22.792017,1,F1430977-52AF-4F46-BF92-0A8D736CBD2B
27.529795,22.72254,2,F1430977-52AF-4F46-BF92-0A8D736CBD2B
27.29958,22.703691,2,F1430977-52AF-4F46-BF92-0A8D736CBD2B
14.058053,24.228256,2,F1430977-52AF-4F46-BF92-0A8D736CBD2B
6.4469223,47.365944,2,F1430977-52AF-4F46-BF92-0A8D736CBD2B
-8.332067,51.02347,2,F1430977-52AF-4F46-BF92-0A8D736CBD2B
-13.651797,50.97965,2,F1430977-52AF-4F46-BF92-0A8D736CBD2B
-45.655876,33.126213,2,F1430977-52AF-4F46-BF92-0A8D736CBD2B
-45.622692,33.223793,2,F1430977-52AF-4F46-BF92-0A8D736CBD2B
-45.179874,-4.5637794,2,F752B62E-E95F-A65D-4CB2-8B0252E15F08
-44.815308,-4.8119617,2,F752B62E-E95F-A65D-4CB2-8B0252E15F08
-37.629288,-10.344499,0,F752B62E-E95F-A65D-4CB2-8B0252E15F08
4.6669664,0.07575696,0,F752B62E-E95F-A65D-4CB2-8B0252E15F08
3.3654392,-0.29063493,0,F752B62E-E95F-A65D-4CB2-8B0252E15F08
3.3700347,-0.38601732,0,F752B62E-E95F-A65D-4CB2-8B0252E15F08
3.1890364,44.28902,2,F752B62E-E95F-A65D-4CB2-8B0252E15F08
-5.379746,56.39748,2,F752B62E-E95F-A65D-4CB2-8B0252E15F08
-8.415402,54.36608,0,F752B62E-E95F-A65D-4CB2-8B0252E15F08
-40.027893,24.240042,0,F752B62E-E95F-A65D-4CB2-8B0252E15F08
-40.05675,24.931583,0,F752B62E-E95F-A65D-4CB2-8B0252E15F08
-39.60951,24.79778,2,F752B62E-E95F-A65D-4CB2-8B0252E15F08
-36.109898,24.657629,2,F752B62E-E95F-A65D-4CB2-8B0252E15F08
-31.236725,21.11788,2,F752B62E-E95F-A65D-4CB2-8B0252E15F08
-22.595661,13.540604,0,F752B62E-E95F-A65D-4CB2-8B0252E15F08
40.78471,4.6161995,0,F752B62E-E95F-A65D-4CB2-8B0252E15F08
67.9155,-0.63856465,0,F752B62E-E95F-A65D-4CB2-8B0252E15F08
64.39861,3.484231,0,F752B62E-E95F-A65D-4CB2-8B0252E15F08
-4.9722753,-35.99143,0,F752B62E-E95F-A65D-4CB2-8B0252E15F08
-7.54338,-48.946163,0,F752B62E-E95F-A65D-4CB2-8B0252E15F08
-1.869414,-51.22582,1,F752B62E-E95F-A65D-4CB2-8B0252E15F08
13.499278,37.125046,1,F752B62E-E95F-A65D-4CB2-8B0252E15F08
14.132815,36.839645,1,F752B62E-E95F-A65D-4CB2-8B0252E15F08
14.503016,36.8146,0,F752B62E-E95F-A65D-4CB2-8B0252E15F08
26.727472,-27.560919,0,F752B62E-E95F-A65D-4CB2-8B0252E15F08
25.963688,-28.01909,2,F752B62E-E95F-A65D-4CB2-8B0252E15F08
25.47488,-28.330486,2,F752B62E-E95F-A65D-4CB2-8B0252E15F08
25.344458,-28.507162,0,F752B62E-E95F-A65D-4CB2-8B0252E15F08
18.24718,-1.9696184,0,F752B62E-E95F-A65D-4CB2-8B0252E15F08
14.682589,8.912838,0,F752B62E-E95F-A65D-4CB2-8B0252E15F08
2.0606487,58.00988,0,FB70D507-2F2A-0F83-3B53-75EB8452F5E0
1.8431647,58.092686,0,FB70D507-2F2A-0F83-3B53-75EB8452F5E0
1.4892967,58.2179,0,FB70D507-2F2A-0F83-3B53-75EB8452F5E0
-14.137255,52.9755,0,FB70D507-2F2A-0F83-3B53-75EB8452F5E0
-12.493796,52.445625,0,FB70D507-2F2A-0F83-3B53-75EB8452F5E0
-10.524524,50.27477,0,FB70D507-2F2A-0F83-3B53-75EB8452F5E0
17.111855,30.70462,0,FB70D507-2F2A-0F83-3B53-75EB8452F5E0
16.778837,30.08118,0,FB70D507-2F2A-0F83-3B53-75EB8452F5E0
16.510462,29.76376,1,FB70D507-2F2A-0F83-3B53-75EB8452F5E0
16.63276,28.354021,1,FB70D507-2F2A-0F83-3B53-75EB8452F5E0
-1.0612352,52.006954,1,FB70D507-2F2A-0F83-3B53-75EB8452F5E0
-5.1624207,53.19209,1,FB70D507-2F2A-0F83-3B53-75EB8452F5E0
-55.058804,-0.7310082,2,FC50071B-D2BA-C98B-AC6E-7339010D56DA
-55.145893,-0.7466484,2,FC50071B-D2BA-C98B-AC6E-7339010D56DA
-55.130672,-0.8756955,2,FC50071B-D2BA-C98B-AC6E-7339010D56DA
-57.052864,-9.715009,2,FC50071B-D2BA-C98B-AC6E-7339010D56DA
-57.017338,-9.771753,2,FC50071B-D2BA-C98B-AC6E-7339010D56DA
-38.135044,-29.086315,2,FC50071B-D2BA-C98B-AC6E-7339010D56DA
53.611904,-17.855894,1,FC50071B-D2BA-C98B-AC6E-7339010D56DA
53.56784,-17.047144,2,FC50071B-D2BA-C98B-AC6E-7339010D56DA
52.820103,-15.012764,2,FC50071B-D2BA-C98B-AC6E-7339010D56DA
46.830532,-10.971511,2,FC50071B-D2BA-C98B-AC6E-7339010D56DA
45.26935,-11.444801,2,FC50071B-D2BA-C98B-AC6E-7339010D56DA
43.663345,-9.667791,2,FC50071B-D2BA-C98B-AC6E-7339010D56DA
29.372559,-17.144226,1,FC50071B-D2BA-C98B-AC6E-7339010D56DA
29.988764,-18.759062,1,FC50071B-D2BA-C98B-AC6E-7339010D56DA
29.573584,5.035294,2,FC50071B-D2BA-C98B-AC6E-7339010D56DA
29.375175,5.0066214,2,FC50071B-D2BA-C98B-AC6E-7339010D56DA
29.02328,4.958613,2,FC50071B-D2BA-C98B-AC6E-7339010D56DA
27.153687,6.404512,2,FC50071B-D2BA-C98B-AC6E-7339010D56DA
27.135809,6.4022527,2,FC50071B-D2BA-C98B-AC6E-7339010D56DA
12.335503,2.1812327,2,FC50071B-D2BA-C98B-AC6E-7339010D56DA
11.881103,1.7335398,2,FC50071B-D2BA-C98B-AC6E-7339010D56DA
11.628531,1.4743544,2,FC50071B-D2BA-C98B-AC6E-7339010D56DA
11.31354,1.3692964,2,FC50071B-D2BA-C98B-AC6E-7339010D56DA
11.048795,0.99741465,2,FC50071B-D2BA-C98B-AC6E-7339010D56DA
12.7671995,45.00979,2,FC50071B-D2BA-C98B-AC6E-7339010D56DA
12.302372,44.98697,2,FC50071B-D2BA-C98B-AC6E-7339010D56DA
5.448761,48.437286,2,FC50071B-D2BA-C98B-AC6E-7339010D56DA
5.3217664,48.48231,2,FC50071B-D2BA-C98B-AC6E-7339010D56DA
-7.276867,48.662617,2,FC50071B-D2BA-C98B-AC6E-7339010D56DA
-26.297995,24.794735,2,FC50071B-D2BA-C98B-AC6E-7339010D56DA
-63.072956,-17.121166,2,FC66D29E-8CD8-AE29-A071-33549272C1EE
-25.585035,-10.994583,2,FC66D29E-8CD8-AE29-A071-33549272C1EE
-25.866238,-11.124621,2,FC66D29E-8CD8-AE29-A071-33549272C1EE
-13.969433,-16.018616,2,FC66D29E-8CD8-AE29-A071-33549272C1EE
-9.029059,-15.511802,2,FC66D29E-8CD8-AE29-A071-33549272C1EE
42.33297,-4.9774156,2,FC66D29E-8CD8-AE29-A071-33549272C1EE
-21.976255,-14.516102,2,FC66D29E-8CD8-AE29-A071-33549272C1EE
18.981094,-24.251131,2,FC66D29E-8CD8-AE29-A071-33549272C1EE
18.616234,-24.293394,0,FC66D29E-8CD8-AE29-A071-33549272C1EE
17.997313,-24.22987,0,FC66D29E-8CD8-AE29-A071-33549272C1EE
17.602833,-24.217989,2,FC66D29E-8CD8-AE29-A071-33549272C1EE
10.217153,5.3511934,2,FC66D29E-8CD8-AE29-A071-33549272C1EE
-30.871061,38.954338,0,FC66D29E-8CD8-AE29-A071-33549272C1EE
-31.180716,40.103756,0,FC66D29E-8CD8-AE29-A071-33549272C1EE
-31.081554,39.99337,2,FC66D29E-8CD8-AE29-A071-33549272C1EE
-30.94707,39.991226,2,FC66D29E-8CD8-AE29-A071-33549272C1EE
-16.660292,54.053055,2,FC66D29E-8CD8-AE29-A071-33549272C1EE
-16.657303,54.07737,2,FC66D29E-8CD8-AE29-A071-33549272C1EE
-62.754715,-12.659646,2,FFAB0F54-EFF2-FA1A-1892-F9D8ED3C9B31
-62.165237,-12.609117,2,FFAB0F54-EFF2-FA1A-1892-F9D8ED3C9B31
-59.71602,-11.961201,2,FFAB0F54-EFF2-FA1A-1892-F9D8ED3C9B31
-59.15743,-11.427562,2,FFAB0F54-EFF2-FA1A-1892-F9D8ED3C9B31
-58.87873,-11.096515,2,FFAB0F54-EFF2-FA1A-1892-F9D8ED3C9B31
-58.68618,-10.6819515,2,FFAB0F54-EFF2-FA1A-1892-F9D8ED3C9B31
-50.09201,-18.3925,2,FFAB0F54-EFF2-FA1A-1892-F9D8ED3C9B31
-49.76425,-18.502947,2,FFAB0F54-EFF2-FA1A-1892-F9D8ED3C9B31
-33.856133,-17.84308,2,FFAB0F54-EFF2-FA1A-1892-F9D8ED3C9B31
-21.517351,-18.244493,0,FFAB0F54-EFF2-FA1A-1892-F9D8ED3C9B31
-22.216932,-16.301025,0,FFAB0F54-EFF2-FA1A-1892-F9D8ED3C9B31
-22.221992,-16.356627,0,FFAB0F54-EFF2-FA1A-1892-F9D8ED3C9B31
-68.07144,5.758177,2,FFAB0F54-EFF2-FA1A-1892-F9D8ED3C9B31
-68.07864,5.7703905,2,FFAB0F54-EFF2-FA1A-1892-F9D8ED3C9B31
-67.77204,5.4754677,2,FFAB0F54-EFF2-FA1A-1892-F9D8ED3C9B31
-66.94123,4.838138,2,FFAB0F54-EFF2-FA1A-1892-F9D8ED3C9B31
-65.00032,2.5815191,2,FFAB0F54-EFF2-FA1A-1892-F9D8ED3C9B31
-22.127798,-9.815797,0,FFAB0F54-EFF2-FA1A-1892-F9D8ED3C9B31
54.14787,-11.200446,0,FFAB0F54-EFF2-FA1A-1892-F9D8ED3C9B31
53.844925,-10.941584,0,FFAB0F54-EFF2-FA1A-1892-F9D8ED3C9B31
46.055855,-9.907491,0,FFAB0F54-EFF2-FA1A-1892-F9D8ED3C9B31
45.50135,-10.036027,0,FFAB0F54-EFF2-FA1A-1892-F9D8ED3C9B31
41.061947,-10.576948,0,FFAB0F54-EFF2-FA1A-1892-F9D8ED3C9B31
40.881626,-10.683144,0,FFAB0F54-EFF2-FA1A-1892-F9D8ED3C9B31
27.881132,26.465704,0,FFAB0F54-EFF2-FA1A-1892-F9D8ED3C9B31
28.108547,26.315111,0,FFAB0F54-EFF2-FA1A-1892-F9D8ED3C9B31
27.954233,25.378136,0,FFAB0F54-EFF2-FA1A-1892-F9D8ED3C9B31
