tsne_x,tsne_y,label_mood,player_id
-10.339059,-16.049746,0,018B0D8D-B5EC-09D6-90ED-550058EBFEAF
-10.33787,-16.03398,2,018B0D8D-B5EC-09D6-90ED-550058EBFEAF
8.248636,45.61849,2,018B0D8D-B5EC-09D6-90ED-550058EBFEAF
8.452911,45.70068,2,018B0D8D-B5EC-09D6-90ED-550058EBFEAF
8.741397,45.652256,0,018B0D8D-B5EC-09D6-90ED-550058EBFEAF
8.010464,46.447643,0,018B0D8D-B5EC-09D6-90ED-550058EBFEAF
26.729008,-13.805263,0,018B0D8D-B5EC-09D6-90ED-550058EBFEAF
2.12985,-54.053444,0,018B0D8D-B5EC-09D6-90ED-550058EBFEAF
2.0305548,-54.695763,0,018B0D8D-B5EC-09D6-90ED-550058EBFEAF
4.8665485,18.014185,0,018B0D8D-B5EC-09D6-90ED-550058EBFEAF
5.2245536,18.888933,1,018B0D8D-B5EC-09D6-90ED-550058EBFEAF
5.1750045,18.677183,1,018B0D8D-B5EC-09D6-90ED-550058EBFEAF
24.164146,36.844986,2,018B0D8D-B5EC-09D6-90ED-550058EBFEAF
24.512962,36.704258,2,018B0D8D-B5EC-09D6-90ED-550058EBFEAF
59.633823,1.027111,0,018B0D8D-B5EC-09D6-90ED-550058EBFEAF
57.65562,27.998676,0,018B0D8D-B5EC-09D6-90ED-550058EBFEAF
57.358685,28.5694,0,018B0D8D-B5EC-09D6-90ED-550058EBFEAF
57.29418,28.684458,0,018B0D8D-B5EC-09D6-90ED-550058EBFEAF
60.721523,3.0566251,0,018B0D8D-B5EC-09D6-90ED-550058EBFEAF
49.343945,-22.000341,0,018B0D8D-B5EC-09D6-90ED-550058EBFEAF
48.564426,-22.471329,0,018B0D8D-B5EC-09D6-90ED-550058EBFEAF
48.32467,-22.674854,0,018B0D8D-B5EC-09D6-90ED-550058EBFEAF
47.030735,-24.356388,1,018B0D8D-B5EC-09D6-90ED-550058EBFEAF
46.89558,-24.548471,1,018B0D8D-B5EC-09D6-90ED-550058EBFEAF
-3.0154407,0.83214253,0,06F9F8CE-9696-23CA-25B5-000AA4A793BA
-4.7100015,0.6308131,0,06F9F8CE-9696-23CA-25B5-000AA4A793BA
-4.6979303,1.0806717,1,06F9F8CE-9696-23CA-25B5-000AA4A793BA
-4.399935,1.7591127,2,06F9F8CE-9696-23CA-25B5-000AA4A793BA
-4.4070196,2.10189,2,06F9F8CE-9696-23CA-25B5-000AA4A793BA
-4.4007144,3.1076174,2,06F9F8CE-9696-23CA-25B5-000AA4A793BA
-4.3470654,3.535537,2,06F9F8CE-9696-23CA-25B5-000AA4A793BA
57.85174,-10.356325,2,06F9F8CE-9696-23CA-25B5-000AA4A793BA
58.119892,-10.126553,0,06F9F8CE-9696-23CA-25B5-000AA4A793BA
60.54904,-3.8795247,0,06F9F8CE-9696-23CA-25B5-000AA4A793BA
70.96996,-8.544325,0,06F9F8CE-9696-23CA-25B5-000AA4A793BA
3.582566,-56.487778,0,06F9F8CE-9696-23CA-25B5-000AA4A793BA
8.559142,-29.190826,0,06F9F8CE-9696-23CA-25B5-000AA4A793BA
8.526082,-29.15197,0,06F9F8CE-9696-23CA-25B5-000AA4A793BA
-46.40955,-16.96724,0,06F9F8CE-9696-23CA-25B5-000AA4A793BA
-46.434547,-16.361385,2,06F9F8CE-9696-23CA-25B5-000AA4A793BA
-46.420364,-15.5352125,2,06F9F8CE-9696-23CA-25B5-000AA4A793BA
-46.41539,-15.154892,2,06F9F8CE-9696-23CA-25B5-000AA4A793BA
-22.531416,-11.374423,1,06F9F8CE-9696-23CA-25B5-000AA4A793BA
-22.473757,-11.354265,1,06F9F8CE-9696-23CA-25B5-000AA4A793BA
8.852689,-15.931443,1,06F9F8CE-9696-23CA-25B5-000AA4A793BA
9.006286,-16.229492,1,06F9F8CE-9696-23CA-25B5-000AA4A793BA
8.916708,-17.136791,1,06F9F8CE-9696-23CA-25B5-000AA4A793BA
8.824709,-17.751839,1,06F9F8CE-9696-23CA-25B5-000AA4A793BA
65.08801,-30.416443,1,09FCECC4-F94E-ED69-5E9B-3223B590A149
23.142004,-5.197648,1,09FCECC4-F94E-ED69-5E9B-3223B590A149
23.616354,-7.700255,2,09FCECC4-F94E-ED69-5E9B-3223B590A149
23.981018,-8.2068615,2,09FCECC4-F94E-ED69-5E9B-3223B590A149
23.941994,-8.201464,2,09FCECC4-F94E-ED69-5E9B-3223B590A149
24.194693,-8.330948,2,09FCECC4-F94E-ED69-5E9B-3223B590A149
25.261206,-9.2735195,2,09FCECC4-F94E-ED69-5E9B-3223B590A149
49.07093,-0.8737751,1,09FCECC4-F94E-ED69-5E9B-3223B590A149
65.19069,-0.18096603,1,09FCECC4-F94E-ED69-5E9B-3223B590A149
49.72542,14.756264,1,09FCECC4-F94E-ED69-5E9B-3223B590A149
49.663258,14.760427,1,09FCECC4-F94E-ED69-5E9B-3223B590A149
4.8446655,20.109526,1,09FCECC4-F94E-ED69-5E9B-3223B590A149
-56.511116,-2.6022446,2,09FCECC4-F94E-ED69-5E9B-3223B590A149
-56.42628,-2.6427124,2,09FCECC4-F94E-ED69-5E9B-3223B590A149
-66.78606,30.529345,2,09FCECC4-F94E-ED69-5E9B-3223B590A149
-66.69091,30.604548,2,09FCECC4-F94E-ED69-5E9B-3223B590A149
-66.0496,30.983992,2,09FCECC4-F94E-ED69-5E9B-3223B590A149
-65.664474,31.179102,2,09FCECC4-F94E-ED69-5E9B-3223B590A149
-37.569916,4.0055084,2,0A221ADF-C99E-307E-7B65-92EF9DABA6C4
-37.69955,3.8958867,2,0A221ADF-C99E-307E-7B65-92EF9DABA6C4
-38.283417,3.9022136,0,0A221ADF-C99E-307E-7B65-92EF9DABA6C4
-40.49118,-21.352438,0,0A221ADF-C99E-307E-7B65-92EF9DABA6C4
-40.42739,-22.42453,0,0A221ADF-C99E-307E-7B65-92EF9DABA6C4
-40.643986,-22.836895,2,0A221ADF-C99E-307E-7B65-92EF9DABA6C4
-40.98885,-23.393845,2,0A221ADF-C99E-307E-7B65-92EF9DABA6C4
-41.595947,-24.047937,2,0A221ADF-C99E-307E-7B65-92EF9DABA6C4
2.5053954,16.17791,0,0A221ADF-C99E-307E-7B65-92EF9DABA6C4
2.4226186,16.222082,0,0A221ADF-C99E-307E-7B65-92EF9DABA6C4
-18.044168,21.368319,0,0A221ADF-C99E-307E-7B65-92EF9DABA6C4
-63.19365,17.756763,0,0A221ADF-C99E-307E-7B65-92EF9DABA6C4
-70.04364,16.94181,2,0A221ADF-C99E-307E-7B65-92EF9DABA6C4
-70.1546,16.859886,2,0A221ADF-C99E-307E-7B65-92EF9DABA6C4
-70.29337,16.760996,2,0A221ADF-C99E-307E-7B65-92EF9DABA6C4
-62.654762,-6.873079,2,0A221ADF-C99E-307E-7B65-92EF9DABA6C4
-62.647,-6.893036,2,0A221ADF-C99E-307E-7B65-92EF9DABA6C4
-16.595634,13.380491,0,0A221ADF-C99E-307E-7B65-92EF9DABA6C4
-16.61662,13.295557,0,0A221ADF-C99E-307E-7B65-92EF9DABA6C4
-34.715748,49.58226,0,0A221ADF-C99E-307E-7B65-92EF9DABA6C4
-34.240337,50.547134,2,0A221ADF-C99E-307E-7B65-92EF9DABA6C4
-34.05016,50.770824,2,0A221ADF-C99E-307E-7B65-92EF9DABA6C4
-32.944656,51.950256,2,0A221ADF-C99E-307E-7B65-92EF9DABA6C4
-32.36119,52.522648,2,0A221ADF-C99E-307E-7B65-92EF9DABA6C4
-34.051384,-28.034021,2,0A221ADF-C99E-307E-7B65-92EF9DABA6C4
1.7652595,11.529521,2,0A221ADF-C99E-307E-7B65-92EF9DABA6C4
2.1010563,10.892646,0,0A221ADF-C99E-307E-7B65-92EF9DABA6C4
2.4010928,10.37369,0,0A221ADF-C99E-307E-7B65-92EF9DABA6C4
2.4162626,10.194095,0,0A221ADF-C99E-307E-7B65-92EF9DABA6C4
3.2310133,9.551162,0,0A221ADF-C99E-307E-7B65-92EF9DABA6C4
23.350681,-11.790942,2,0A76B59A-F1FF-F3F5-A3CA-2386FA8EF308
85.161026,-12.575358,2,0A76B59A-F1FF-F3F5-A3CA-2386FA8EF308
76.42655,-7.967192,2,0A76B59A-F1FF-F3F5-A3CA-2386FA8EF308
-47.87563,-21.466623,2,0A76B59A-F1FF-F3F5-A3CA-2386FA8EF308
-47.66398,-20.789515,2,0A76B59A-F1FF-F3F5-A3CA-2386FA8EF308
-47.63571,-20.588238,1,0A76B59A-F1FF-F3F5-A3CA-2386FA8EF308
-52.842186,12.572453,1,0A76B59A-F1FF-F3F5-A3CA-2386FA8EF308
-52.699314,12.225899,1,0A76B59A-F1FF-F3F5-A3CA-2386FA8EF308
-52.571148,11.5013,1,0A76B59A-F1FF-F3F5-A3CA-2386FA8EF308
-52.24544,11.256662,1,0A76B59A-F1FF-F3F5-A3CA-2386FA8EF308
-14.836327,-7.8292017,1,0A76B59A-F1FF-F3F5-A3CA-2386FA8EF308
-14.849177,-7.885384,1,0A76B59A-F1FF-F3F5-A3CA-2386FA8EF308
22.215712,-16.801035,2,0A76B59A-F1FF-F3F5-A3CA-2386FA8EF308
22.274841,-16.35684,2,0A76B59A-F1FF-F3F5-A3CA-2386FA8EF308
22.30932,-16.181559,2,0A76B59A-F1FF-F3F5-A3CA-2386FA8EF308
22.228697,-15.46771,2,0A76B59A-F1FF-F3F5-A3CA-2386FA8EF308
62.759907,6.1359468,2,0A76B59A-F1FF-F3F5-A3CA-2386FA8EF308
66.039085,20.889791,2,0A76B59A-F1FF-F3F5-A3CA-2386FA8EF308
-22.485481,-18.563175,1,0A76B59A-F1FF-F3F5-A3CA-2386FA8EF308
-22.402739,-18.51214,1,0A76B59A-F1FF-F3F5-A3CA-2386FA8EF308
-21.331444,-18.977823,0,0A76B59A-F1FF-F3F5-A3CA-2386FA8EF308
-66.716095,-10.368761,2,0A76B59A-F1FF-F3F5-A3CA-2386FA8EF308
-66.81635,-9.9142685,2,0A76B59A-F1FF-F3F5-A3CA-2386FA8EF308
-66.87061,-9.62661,2,0A76B59A-F1FF-F3F5-A3CA-2386FA8EF308
-48.654625,-32.112007,0,0B5863F1-A482-C95D-EA42-9183B5BDFA12
-48.502213,-31.175674,0,0B5863F1-A482-C95D-EA42-9183B5BDFA12
-48.463406,-31.011244,1,0B5863F1-A482-C95D-EA42-9183B5BDFA12
-15.754068,35.006508,1,0B5863F1-A482-C95D-EA42-9183B5BDFA12
-15.756917,35.001114,2,0B5863F1-A482-C95D-EA42-9183B5BDFA12
-0.8580912,24.111536,2,0B5863F1-A482-C95D-EA42-9183B5BDFA12
25.092155,16.137678,1,0B5863F1-A482-C95D-EA42-9183B5BDFA12
25.472582,15.889399,1,0B5863F1-A482-C95D-EA42-9183B5BDFA12
62.123547,-13.561584,0,0B5863F1-A482-C95D-EA42-9183B5BDFA12
62.411343,-7.328445,0,0B5863F1-A482-C95D-EA42-9183B5BDFA12
42.025936,-7.3726106,0,0B5863F1-A482-C95D-EA42-9183B5BDFA12
12.3264675,-34.658516,0,0B5863F1-A482-C95D-EA42-9183B5BDFA12
36.39837,20.005825,0,0B5863F1-A482-C95D-EA42-9183B5BDFA12
36.388126,19.981768,0,0B5863F1-A482-C95D-EA42-9183B5BDFA12
49.266132,-28.580074,1,0B5863F1-A482-C95D-EA42-9183B5BDFA12
49.283306,-28.577255,0,0B5863F1-A482-C95D-EA42-9183B5BDFA12
69.31125,2.9309442,0,0B5863F1-A482-C95D-EA42-9183B5BDFA12
69.50761,3.8184648,0,0B5863F1-A482-C95D-EA42-9183B5BDFA12
57.407627,0.69702053,0,0B5863F1-A482-C95D-EA42-9183B5BDFA12
45.62109,-15.139377,0,0B5863F1-A482-C95D-EA42-9183B5BDFA12
46.3569,-17.183132,0,0B5863F1-A482-C95D-EA42-9183B5BDFA12
46.27262,-17.543259,1,0B5863F1-A482-C95D-EA42-9183B5BDFA12
46.183655,-17.74552,1,0B5863F1-A482-C95D-EA42-9183B5BDFA12
-70.21521,-7.461253,1,0B5863F1-A482-C95D-EA42-9183B5BDFA12
51.908478,15.587463,1,0D759376-3F10-1BEB-7205-E91B8BF17984
52.195988,15.089605,2,0D759376-3F10-1BEB-7205-E91B8BF17984
52.89428,14.258103,2,0D759376-3F10-1BEB-7205-E91B8BF17984
53.10463,14.129052,2,0D759376-3F10-1BEB-7205-E91B8BF17984
53.38101,14.5145855,2,0D759376-3F10-1BEB-7205-E91B8BF17984
34.95935,27.521753,2,0D759376-3F10-1BEB-7205-E91B8BF17984
-62.758568,16.001379,2,0D759376-3F10-1BEB-7205-E91B8BF17984
-62.7917,15.925738,2,0D759376-3F10-1BEB-7205-E91B8BF17984
-73.745544,-1.4443247,2,0D759376-3F10-1BEB-7205-E91B8BF17984
-73.224556,-1.9379206,2,0D759376-3F10-1BEB-7205-E91B8BF17984
-33.7197,4.3175673,1,0D759376-3F10-1BEB-7205-E91B8BF17984
-14.68884,-5.144745,1,0D759376-3F10-1BEB-7205-E91B8BF17984
23.899939,-54.855125,2,0D759376-3F10-1BEB-7205-E91B8BF17984
23.820118,-54.823196,2,0D759376-3F10-1BEB-7205-E91B8BF17984
23.07295,-54.57289,2,0D759376-3F10-1BEB-7205-E91B8BF17984
2.7198691,-60.335148,2,0D759376-3F10-1BEB-7205-E91B8BF17984
-0.735343,-49.236267,2,0D759376-3F10-1BEB-7205-E91B8BF17984
-16.537,11.221446,2,0D759376-3F10-1BEB-7205-E91B8BF17984
-3.061246,10.711677,2,0D759376-3F10-1BEB-7205-E91B8BF17984
-2.8917916,10.744724,2,0D759376-3F10-1BEB-7205-E91B8BF17984
-2.226469,10.887889,2,0D759376-3F10-1BEB-7205-E91B8BF17984
8.949637,6.1115856,2,0D759376-3F10-1BEB-7205-E91B8BF17984
8.805363,5.907681,2,0D759376-3F10-1BEB-7205-E91B8BF17984
8.439255,5.519132,2,0D759376-3F10-1BEB-7205-E91B8BF17984
-8.007009,6.7201176,0,0F3B2D98-51FE-5265-3746-A0763DE31C98
-8.139919,6.9264,0,0F3B2D98-51FE-5265-3746-A0763DE31C98
-8.494928,7.352785,0,0F3B2D98-51FE-5265-3746-A0763DE31C98
17.784088,-28.194006,0,0F3B2D98-51FE-5265-3746-A0763DE31C98
73.84028,-3.062683,0,0F3B2D98-51FE-5265-3746-A0763DE31C98
73.63159,-2.7992983,2,0F3B2D98-51FE-5265-3746-A0763DE31C98
-37.51644,-14.913697,2,0F3B2D98-51FE-5265-3746-A0763DE31C98
-37.436947,-14.846378,2,0F3B2D98-51FE-5265-3746-A0763DE31C98
-36.655556,-13.960496,2,0F3B2D98-51FE-5265-3746-A0763DE31C98
-39.317955,7.2924,2,0F3B2D98-51FE-5265-3746-A0763DE31C98
-39.218353,7.915742,2,0F3B2D98-51FE-5265-3746-A0763DE31C98
-39.141045,7.960928,2,0F3B2D98-51FE-5265-3746-A0763DE31C98
8.229492,-25.048796,0,0F3B2D98-51FE-5265-3746-A0763DE31C98
8.470164,-25.058868,2,0F3B2D98-51FE-5265-3746-A0763DE31C98
9.398249,-25.049551,2,0F3B2D98-51FE-5265-3746-A0763DE31C98
10.901518,-24.081638,2,0F3B2D98-51FE-5265-3746-A0763DE31C98
11.528333,-24.15164,2,0F3B2D98-51FE-5265-3746-A0763DE31C98
11.869684,-24.198515,1,0F3B2D98-51FE-5265-3746-A0763DE31C98
23.018497,-31.41685,0,0F3B2D98-51FE-5265-3746-A0763DE31C98
23.249275,-31.154877,0,0F3B2D98-51FE-5265-3746-A0763DE31C98
23.544325,-30.815672,0,0F3B2D98-51FE-5265-3746-A0763DE31C98
-24.11163,25.026348,0,0F3B2D98-51FE-5265-3746-A0763DE31C98
-24.134525,25.013235,1,0F3B2D98-51FE-5265-3746-A0763DE31C98
-41.533604,-3.2442544,1,0F3B2D98-51FE-5265-3746-A0763DE31C98
30.632374,-19.995523,0,10FFF83C-FD48-DCA7-E554-491C3C1E3EC6
52.737564,-11.281944,0,10FFF83C-FD48-DCA7-E554-491C3C1E3EC6
68.343346,-1.5398962,0,10FFF83C-FD48-DCA7-E554-491C3C1E3EC6
68.45509,-1.3295525,0,10FFF83C-FD48-DCA7-E554-491C3C1E3EC6
57.0614,-21.4842,0,10FFF83C-FD48-DCA7-E554-491C3C1E3EC6
57.052444,-21.159378,0,10FFF83C-FD48-DCA7-E554-491C3C1E3EC6
-61.333363,39.976658,2,10FFF83C-FD48-DCA7-E554-491C3C1E3EC6
-61.20134,39.54758,2,10FFF83C-FD48-DCA7-E554-491C3C1E3EC6
-61.070095,39.090057,2,10FFF83C-FD48-DCA7-E554-491C3C1E3EC6
-0.32495633,62.82556,2,10FFF83C-FD48-DCA7-E554-491C3C1E3EC6
-0.32134408,62.826714,2,10FFF83C-FD48-DCA7-E554-491C3C1E3EC6
15.391737,-12.153343,2,10FFF83C-FD48-DCA7-E554-491C3C1E3EC6
59.75047,20.05331,0,10FFF83C-FD48-DCA7-E554-491C3C1E3EC6
59.48347,20.00974,0,10FFF83C-FD48-DCA7-E554-491C3C1E3EC6
58.925987,19.939259,0,10FFF83C-FD48-DCA7-E554-491C3C1E3EC6
57.09392,20.402332,0,10FFF83C-FD48-DCA7-E554-491C3C1E3EC6
56.767025,20.441437,0,10FFF83C-FD48-DCA7-E554-491C3C1E3EC6
70.810455,-2.167619,0,10FFF83C-FD48-DCA7-E554-491C3C1E3EC6
60.96081,23.591072,0,10FFF83C-FD48-DCA7-E554-491C3C1E3EC6
60.94993,23.541084,0,10FFF83C-FD48-DCA7-E554-491C3C1E3EC6
-37.628094,26.361095,0,10FFF83C-FD48-DCA7-E554-491C3C1E3EC6
-38.262608,26.757767,0,10FFF83C-FD48-DCA7-E554-491C3C1E3EC6
-38.60369,26.972036,0,10FFF83C-FD48-DCA7-E554-491C3C1E3EC6
-38.985336,27.61467,0,10FFF83C-FD48-DCA7-E554-491C3C1E3EC6
-39.14634,27.750597,2,10FFF83C-FD48-DCA7-E554-491C3C1E3EC6
41.820923,11.7716875,0,10FFF83C-FD48-DCA7-E554-491C3C1E3EC6
42.144836,11.800375,0,10FFF83C-FD48-DCA7-E554-491C3C1E3EC6
42.99355,11.912336,0,10FFF83C-FD48-DCA7-E554-491C3C1E3EC6
70.7312,-1.8297176,0,10FFF83C-FD48-DCA7-E554-491C3C1E3EC6
69.9527,0.14368188,0,10FFF83C-FD48-DCA7-E554-491C3C1E3EC6
-78.98448,0.4175902,0,14027B3A-0AD6-CBA3-A600-42B3C0A4D933
-78.85744,0.7902876,2,14027B3A-0AD6-CBA3-A600-42B3C0A4D933
-78.82965,0.8470544,2,14027B3A-0AD6-CBA3-A600-42B3C0A4D933
-76.42077,11.88794,2,14027B3A-0AD6-CBA3-A600-42B3C0A4D933
-76.576195,11.996992,2,14027B3A-0AD6-CBA3-A600-42B3C0A4D933
-77.248856,12.695542,2,14027B3A-0AD6-CBA3-A600-42B3C0A4D933
-19.091822,10.185509,2,14027B3A-0AD6-CBA3-A600-42B3C0A4D933
-19.081835,10.107297,2,14027B3A-0AD6-CBA3-A600-42B3C0A4D933
1.3611773,38.81529,0,14027B3A-0AD6-CBA3-A600-42B3C0A4D933
1.8949498,-57.456074,0,14027B3A-0AD6-CBA3-A600-42B3C0A4D933
0.024272839,-58.644352,0,14027B3A-0AD6-CBA3-A600-42B3C0A4D933
-4.791054,-47.452187,0,14027B3A-0AD6-CBA3-A600-42B3C0A4D933
20.058102,47.17713,2,14027B3A-0AD6-CBA3-A600-42B3C0A4D933
55.385033,1.7903306,0,14027B3A-0AD6-CBA3-A600-42B3C0A4D933
46.538124,4.8697057,0,14027B3A-0AD6-CBA3-A600-42B3C0A4D933
46.067608,4.9974785,0,14027B3A-0AD6-CBA3-A600-42B3C0A4D933
-65.96609,-1.4002472,0,14027B3A-0AD6-CBA3-A600-42B3C0A4D933
-65.91708,-1.3995636,2,14027B3A-0AD6-CBA3-A600-42B3C0A4D933
-64.16945,-1.3609189,2,14027B3A-0AD6-CBA3-A600-42B3C0A4D933
-63.897343,-1.541921,2,14027B3A-0AD6-CBA3-A600-42B3C0A4D933
-63.281532,-2.2094986,0,14027B3A-0AD6-CBA3-A600-42B3C0A4D933
5.164011,-27.459024,0,165B40B2-D9B2-DBC0-AE48-02C0F49A609F
5.249385,-27.336802,0,165B40B2-D9B2-DBC0-AE48-02C0F49A609F
5.509103,-26.970652,0,165B40B2-D9B2-DBC0-AE48-02C0F49A609F
5.85745,-26.55284,2,165B40B2-D9B2-DBC0-AE48-02C0F49A609F
59.50916,13.955066,2,165B40B2-D9B2-DBC0-AE48-02C0F49A609F
59.55167,13.930069,2,165B40B2-D9B2-DBC0-AE48-02C0F49A609F
-33.81798,-59.653404,2,165B40B2-D9B2-DBC0-AE48-02C0F49A609F
-33.035934,-59.491474,2,165B40B2-D9B2-DBC0-AE48-02C0F49A609F
-32.430817,-59.36655,2,165B40B2-D9B2-DBC0-AE48-02C0F49A609F
-32.318993,-59.33786,2,165B40B2-D9B2-DBC0-AE48-02C0F49A609F
12.195447,-31.120417,2,165B40B2-D9B2-DBC0-AE48-02C0F49A609F
12.367808,-31.134933,2,165B40B2-D9B2-DBC0-AE48-02C0F49A609F
-59.789864,3.8890183,2,165B40B2-D9B2-DBC0-AE48-02C0F49A609F
-60.03711,3.951574,2,165B40B2-D9B2-DBC0-AE48-02C0F49A609F
-7.6293774,36.51333,2,165B40B2-D9B2-DBC0-AE48-02C0F49A609F
-8.298613,36.505375,2,165B40B2-D9B2-DBC0-AE48-02C0F49A609F
-8.723299,36.323307,2,165B40B2-D9B2-DBC0-AE48-02C0F49A609F
-8.622202,36.34341,2,165B40B2-D9B2-DBC0-AE48-02C0F49A609F
-12.192455,34.5392,2,172A62AD-9B69-33E2-1551-9526879D80AC
-12.124649,34.395885,2,172A62AD-9B69-33E2-1551-9526879D80AC
-11.71608,33.66836,2,172A62AD-9B69-33E2-1551-9526879D80AC
-10.670792,31.843039,2,172A62AD-9B69-33E2-1551-9526879D80AC
-10.5842,31.981256,2,172A62AD-9B69-33E2-1551-9526879D80AC
26.652903,21.216429,2,172A62AD-9B69-33E2-1551-9526879D80AC
35.859203,-19.900879,0,172A62AD-9B69-33E2-1551-9526879D80AC
35.45724,-19.81856,0,172A62AD-9B69-33E2-1551-9526879D80AC
35.232765,-19.759758,0,172A62AD-9B69-33E2-1551-9526879D80AC
34.005486,-19.467688,2,172A62AD-9B69-33E2-1551-9526879D80AC
-0.54416305,7.8507133,2,172A62AD-9B69-33E2-1551-9526879D80AC
-0.45976153,7.793826,2,172A62AD-9B69-33E2-1551-9526879D80AC
9.5934725,1.8403517,2,172A62AD-9B69-33E2-1551-9526879D80AC
9.776992,1.7616451,2,172A62AD-9B69-33E2-1551-9526879D80AC
11.556778,0.99900544,2,172A62AD-9B69-33E2-1551-9526879D80AC
11.648061,0.95505804,2,172A62AD-9B69-33E2-1551-9526879D80AC
12.460122,0.66512495,1,172A62AD-9B69-33E2-1551-9526879D80AC
-37.008053,-5.514846,1,172A62AD-9B69-33E2-1551-9526879D80AC
7.3164263,-32.25346,1,172A62AD-9B69-33E2-1551-9526879D80AC
49.841328,6.955882,1,172A62AD-9B69-33E2-1551-9526879D80AC
-10.832434,-11.835448,1,172A62AD-9B69-33E2-1551-9526879D80AC
-11.196337,-11.966373,1,172A62AD-9B69-33E2-1551-9526879D80AC
-12.214157,-12.391636,1,172A62AD-9B69-33E2-1551-9526879D80AC
-12.5398245,-12.501675,1,172A62AD-9B69-33E2-1551-9526879D80AC
-12.75443,21.019981,2,1F6A56CA-9C73-442F-2682-BB69E4B03AB2
-13.027291,21.156824,2,1F6A56CA-9C73-442F-2682-BB69E4B03AB2
-14.127502,21.430485,2,1F6A56CA-9C73-442F-2682-BB69E4B03AB2
-14.899409,21.786673,2,1F6A56CA-9C73-442F-2682-BB69E4B03AB2
-15.405683,21.943007,2,1F6A56CA-9C73-442F-2682-BB69E4B03AB2
-15.631982,22.017527,2,1F6A56CA-9C73-442F-2682-BB69E4B03AB2
16.586866,-18.8425,0,1F6A56CA-9C73-442F-2682-BB69E4B03AB2
16.746317,-18.820347,0,1F6A56CA-9C73-442F-2682-BB69E4B03AB2
18.335333,-18.624413,0,1F6A56CA-9C73-442F-2682-BB69E4B03AB2
18.709137,-18.64167,0,1F6A56CA-9C73-442F-2682-BB69E4B03AB2
56.682022,-5.7469625,2,1F6A56CA-9C73-442F-2682-BB69E4B03AB2
56.734795,-5.944995,2,1F6A56CA-9C73-442F-2682-BB69E4B03AB2
56.962925,-6.577917,2,1F6A56CA-9C73-442F-2682-BB69E4B03AB2
60.865387,-11.011369,2,1F6A56CA-9C73-442F-2682-BB69E4B03AB2
75.58053,-9.3058815,0,1F6A56CA-9C73-442F-2682-BB69E4B03AB2
7.1354876,-49.52567,0,1F6A56CA-9C73-442F-2682-BB69E4B03AB2
8.129244,-49.20936,0,1F6A56CA-9C73-442F-2682-BB69E4B03AB2
8.87601,-48.913517,1,1F6A56CA-9C73-442F-2682-BB69E4B03AB2
38.79073,-2.8315756,2,1FA97947-2FB7-D626-8CD3-2426BEEE97D1
38.863857,-2.8078887,2,1FA97947-2FB7-D626-8CD3-2426BEEE97D1
40.466934,-2.5756927,2,1FA97947-2FB7-D626-8CD3-2426BEEE97D1
40.762848,-2.5037475,2,1FA97947-2FB7-D626-8CD3-2426BEEE97D1
41.004753,-2.4595175,2,1FA97947-2FB7-D626-8CD3-2426BEEE97D1
51.996655,6.9833403,2,1FA97947-2FB7-D626-8CD3-2426BEEE97D1
10.525087,-44.77018,2,1FA97947-2FB7-D626-8CD3-2426BEEE97D1
10.147938,-44.64298,2,1FA97947-2FB7-D626-8CD3-2426BEEE97D1
10.040254,-44.619392,2,1FA97947-2FB7-D626-8CD3-2426BEEE97D1
1.7068119,5.530541,2,1FA97947-2FB7-D626-8CD3-2426BEEE97D1
1.5924304,5.6736937,2,1FA97947-2FB7-D626-8CD3-2426BEEE97D1
1.0270946,6.9308453,2,1FA97947-2FB7-D626-8CD3-2426BEEE97D1
-31.326292,4.3015985,1,1FA97947-2FB7-D626-8CD3-2426BEEE97D1
-31.02677,4.3261805,1,1FA97947-2FB7-D626-8CD3-2426BEEE97D1
-30.507116,4.3015833,1,1FA97947-2FB7-D626-8CD3-2426BEEE97D1
-33.2363,13.491049,1,1FA97947-2FB7-D626-8CD3-2426BEEE97D1
-33.1963,13.912625,1,1FA97947-2FB7-D626-8CD3-2426BEEE97D1
-31.492847,13.9460125,1,1FA97947-2FB7-D626-8CD3-2426BEEE97D1
-35.84795,-5.303961,1,1FA97947-2FB7-D626-8CD3-2426BEEE97D1
-36.031773,-5.3757987,1,1FA97947-2FB7-D626-8CD3-2426BEEE97D1
13.262143,-34.969154,1,1FA97947-2FB7-D626-8CD3-2426BEEE97D1
46.32091,-7.6820064,1,1FA97947-2FB7-D626-8CD3-2426BEEE97D1
46.453632,-7.606699,1,1FA97947-2FB7-D626-8CD3-2426BEEE97D1
47.226864,-6.9005966,1,1FA97947-2FB7-D626-8CD3-2426BEEE97D1
47.407227,-6.921405,1,1FA97947-2FB7-D626-8CD3-2426BEEE97D1
47.96892,-7.315506,1,1FA97947-2FB7-D626-8CD3-2426BEEE97D1
78.39952,1.7299458,1,1FA97947-2FB7-D626-8CD3-2426BEEE97D1
78.48015,1.9225619,1,1FA97947-2FB7-D626-8CD3-2426BEEE97D1
21.332453,-27.065157,1,1FA97947-2FB7-D626-8CD3-2426BEEE97D1
21.325788,-27.082449,1,1FA97947-2FB7-D626-8CD3-2426BEEE97D1
1.9917008,-36.491825,1,1FA97947-2FB7-D626-8CD3-2426BEEE97D1
2.0386186,-36.319176,1,1FA97947-2FB7-D626-8CD3-2426BEEE97D1
2.3268497,-36.083694,1,1FA97947-2FB7-D626-8CD3-2426BEEE97D1
3.083077,-35.255238,1,1FA97947-2FB7-D626-8CD3-2426BEEE97D1
-48.702106,-1.1396201,1,1FA97947-2FB7-D626-8CD3-2426BEEE97D1
-48.92256,-0.51674116,1,1FA97947-2FB7-D626-8CD3-2426BEEE97D1
-49.224667,-0.07331348,1,1FA97947-2FB7-D626-8CD3-2426BEEE97D1
-49.3958,0.03641517,1,1FA97947-2FB7-D626-8CD3-2426BEEE97D1
-58.45734,1.1394058,1,1FA97947-2FB7-D626-8CD3-2426BEEE97D1
-58.724064,1.0554892,1,1FA97947-2FB7-D626-8CD3-2426BEEE97D1
28.448166,-15.529731,1,1FA97947-2FB7-D626-8CD3-2426BEEE97D1
75.407166,-14.104813,1,1FA97947-2FB7-D626-8CD3-2426BEEE97D1
32.544483,23.609547,2,2656C6B4-988A-A958-5107-5422027AEE1D
33.18267,23.211065,2,2656C6B4-988A-A958-5107-5422027AEE1D
33.427742,23.037516,2,2656C6B4-988A-A958-5107-5422027AEE1D
49.652344,6.049337,2,2656C6B4-988A-A958-5107-5422027AEE1D
75.99847,0.35567188,2,2656C6B4-988A-A958-5107-5422027AEE1D
75.494896,1.2129296,2,2656C6B4-988A-A958-5107-5422027AEE1D
33.75495,42.74733,2,2656C6B4-988A-A958-5107-5422027AEE1D
33.774967,42.705406,2,2656C6B4-988A-A958-5107-5422027AEE1D
-14.945743,31.290934,2,2656C6B4-988A-A958-5107-5422027AEE1D
-14.9538,31.285505,2,2656C6B4-988A-A958-5107-5422027AEE1D
-18.24298,19.69956,2,2656C6B4-988A-A958-5107-5422027AEE1D
-18.270666,19.632391,2,2656C6B4-988A-A958-5107-5422027AEE1D
-7.9889827,-42.5479,2,2656C6B4-988A-A958-5107-5422027AEE1D
-7.9666376,-42.55804,2,2656C6B4-988A-A958-5107-5422027AEE1D
-11.557295,-23.276169,2,2656C6B4-988A-A958-5107-5422027AEE1D
-5.7455373,18.472435,2,2656C6B4-988A-A958-5107-5422027AEE1D
-5.7083306,18.426529,2,2656C6B4-988A-A958-5107-5422027AEE1D
19.837437,14.349096,2,2656C6B4-988A-A958-5107-5422027AEE1D
32.889103,14.301348,0,27C12E79-B4DD-AA48-E99E-552C6BAEBA6F
-34.45414,34.6206,2,27C12E79-B4DD-AA48-E99E-552C6BAEBA6F
-34.93718,34.134987,2,27C12E79-B4DD-AA48-E99E-552C6BAEBA6F
-35.199078,33.99088,2,27C12E79-B4DD-AA48-E99E-552C6BAEBA6F
-35.83233,33.615204,2,27C12E79-B4DD-AA48-E99E-552C6BAEBA6F
-36.472057,33.296616,2,27C12E79-B4DD-AA48-E99E-552C6BAEBA6F
-25.608171,30.494247,2,27C12E79-B4DD-AA48-E99E-552C6BAEBA6F
15.875996,22.649311,2,27C12E79-B4DD-AA48-E99E-552C6BAEBA6F
15.814625,22.60324,2,27C12E79-B4DD-AA48-E99E-552C6BAEBA6F
20.36125,4.0868735,2,27C12E79-B4DD-AA48-E99E-552C6BAEBA6F
20.340155,3.9415388,2,27C12E79-B4DD-AA48-E99E-552C6BAEBA6F
20.229176,3.3751872,0,27C12E79-B4DD-AA48-E99E-552C6BAEBA6F
-53.064754,2.2861435,2,27C12E79-B4DD-AA48-E99E-552C6BAEBA6F
-53.15531,2.3679378,1,27C12E79-B4DD-AA48-E99E-552C6BAEBA6F
-57.386955,4.252684,1,27C12E79-B4DD-AA48-E99E-552C6BAEBA6F
-57.268948,4.386218,2,27C12E79-B4DD-AA48-E99E-552C6BAEBA6F
-28.327295,32.26626,2,27C12E79-B4DD-AA48-E99E-552C6BAEBA6F
-28.917976,32.715775,2,27C12E79-B4DD-AA48-E99E-552C6BAEBA6F
28.498714,-1.6062694,0,2C636222-CB43-AB6F-444A-7278047991C7
28.854462,-1.731277,0,2C636222-CB43-AB6F-444A-7278047991C7
29.222103,-1.7794292,0,2C636222-CB43-AB6F-444A-7278047991C7
30.381662,-1.8693193,2,2C636222-CB43-AB6F-444A-7278047991C7
-21.912815,8.505626,2,2C636222-CB43-AB6F-444A-7278047991C7
-21.9741,8.489107,2,2C636222-CB43-AB6F-444A-7278047991C7
29.107862,-46.068314,2,2C636222-CB43-AB6F-444A-7278047991C7
28.680895,-46.406307,2,2C636222-CB43-AB6F-444A-7278047991C7
28.234966,-46.790783,2,2C636222-CB43-AB6F-444A-7278047991C7
27.201574,-47.66016,2,2C636222-CB43-AB6F-444A-7278047991C7
27.190723,-47.668003,2,2C636222-CB43-AB6F-444A-7278047991C7
-42.92631,-7.55063,2,2C636222-CB43-AB6F-444A-7278047991C7
-63.273495,21.380617,2,2C636222-CB43-AB6F-444A-7278047991C7
-63.121662,21.570633,2,2C636222-CB43-AB6F-444A-7278047991C7
-62.716595,22.234917,2,2C636222-CB43-AB6F-444A-7278047991C7
-62.582058,23.327852,1,2C636222-CB43-AB6F-444A-7278047991C7
-62.629234,24.160303,1,2C636222-CB43-AB6F-444A-7278047991C7
-62.64372,24.448868,2,2C636222-CB43-AB6F-444A-7278047991C7
5.5221205,-4.9988866,2,35FEE4B0-EF25-110F-8D86-5410FA57646B
5.8231535,-5.3711,2,35FEE4B0-EF25-110F-8D86-5410FA57646B
6.143433,-5.682736,0,35FEE4B0-EF25-110F-8D86-5410FA57646B
9.781265,-55.76873,0,35FEE4B0-EF25-110F-8D86-5410FA57646B
-1.4591231,-51.687508,0,35FEE4B0-EF25-110F-8D86-5410FA57646B
-5.95851,-29.768702,1,35FEE4B0-EF25-110F-8D86-5410FA57646B
-18.300718,-20.932213,0,35FEE4B0-EF25-110F-8D86-5410FA57646B
-18.188944,-20.737192,0,35FEE4B0-EF25-110F-8D86-5410FA57646B
-17.798214,-20.282873,2,35FEE4B0-EF25-110F-8D86-5410FA57646B
43.05571,-20.911867,2,35FEE4B0-EF25-110F-8D86-5410FA57646B
44.047676,-20.43474,0,35FEE4B0-EF25-110F-8D86-5410FA57646B
44.30531,-20.407295,0,35FEE4B0-EF25-110F-8D86-5410FA57646B
70.19253,-7.838987,2,35FEE4B0-EF25-110F-8D86-5410FA57646B
68.52668,-8.895821,2,35FEE4B0-EF25-110F-8D86-5410FA57646B
9.387955,-39.190624,1,35FEE4B0-EF25-110F-8D86-5410FA57646B
9.393511,-39.21616,2,35FEE4B0-EF25-110F-8D86-5410FA57646B
-1.8101397,-5.2252045,2,35FEE4B0-EF25-110F-8D86-5410FA57646B
-1.8924525,-5.205435,2,35FEE4B0-EF25-110F-8D86-5410FA57646B
-7.1009927,-59.668713,1,35FEE4B0-EF25-110F-8D86-5410FA57646B
-6.933856,-59.456505,1,35FEE4B0-EF25-110F-8D86-5410FA57646B
-5.76638,-57.64995,1,35FEE4B0-EF25-110F-8D86-5410FA57646B
-5.548369,-50.695805,1,35FEE4B0-EF25-110F-8D86-5410FA57646B
-5.427201,-50.514847,0,35FEE4B0-EF25-110F-8D86-5410FA57646B
0.75369984,18.816767,0,35FEE4B0-EF25-110F-8D86-5410FA57646B
-27.39373,10.978233,1,35FEE4B0-EF25-110F-8D86-5410FA57646B
-27.28491,10.857861,2,35FEE4B0-EF25-110F-8D86-5410FA57646B
-26.738447,10.342221,2,35FEE4B0-EF25-110F-8D86-5410FA57646B
-27.073534,10.064822,2,35FEE4B0-EF25-110F-8D86-5410FA57646B
-39.28002,-1.7765003,2,35FEE4B0-EF25-110F-8D86-5410FA57646B
-38.926632,-1.961326,2,35FEE4B0-EF25-110F-8D86-5410FA57646B
-59.997112,-1.9152682,2,37249306-1597-DC6D-3544-6FEDBBF8B848
-60.026936,-1.9595611,2,37249306-1597-DC6D-3544-6FEDBBF8B848
50.50065,-2.6560981,2,37249306-1597-DC6D-3544-6FEDBBF8B848
58.131706,4.5289288,2,37249306-1597-DC6D-3544-6FEDBBF8B848
57.900337,4.647025,1,37249306-1597-DC6D-3544-6FEDBBF8B848
23.427244,-4.6511364,1,37249306-1597-DC6D-3544-6FEDBBF8B848
-7.796199,29.661325,1,37249306-1597-DC6D-3544-6FEDBBF8B848
5.770475,-9.759386,1,37249306-1597-DC6D-3544-6FEDBBF8B848
5.7939386,-9.800238,1,37249306-1597-DC6D-3544-6FEDBBF8B848
6.232894,-10.197506,1,37249306-1597-DC6D-3544-6FEDBBF8B848
6.936672,-10.891192,1,37249306-1597-DC6D-3544-6FEDBBF8B848
7.1114554,-11.0632305,1,37249306-1597-DC6D-3544-6FEDBBF8B848
-24.048525,13.190048,2,37249306-1597-DC6D-3544-6FEDBBF8B848
-23.613237,13.019213,2,37249306-1597-DC6D-3544-6FEDBBF8B848
-23.38033,12.935452,2,37249306-1597-DC6D-3544-6FEDBBF8B848
-21.569592,12.393247,2,37249306-1597-DC6D-3544-6FEDBBF8B848
-21.555601,12.380784,2,37249306-1597-DC6D-3544-6FEDBBF8B848
-52.287663,-17.801453,0,37249306-1597-DC6D-3544-6FEDBBF8B848
-50.895958,33.15697,2,37249306-1597-DC6D-3544-6FEDBBF8B848
-50.866264,33.189728,2,37249306-1597-DC6D-3544-6FEDBBF8B848
12.055989,23.740244,2,37249306-1597-DC6D-3544-6FEDBBF8B848
11.963123,23.710398,2,37249306-1597-DC6D-3544-6FEDBBF8B848
-31.152422,22.99232,2,37249306-1597-DC6D-3544-6FEDBBF8B848
-31.273304,23.012484,2,37249306-1597-DC6D-3544-6FEDBBF8B848
-13.881832,4.4839582,1,3C54E0F5-9C12-3137-9EC1-39645770F53A
-13.383496,3.7667923,1,3C54E0F5-9C12-3137-9EC1-39645770F53A
-13.150997,3.4390624,1,3C54E0F5-9C12-3137-9EC1-39645770F53A
-12.134061,2.6310167,1,3C54E0F5-9C12-3137-9EC1-39645770F53A
-11.250538,1.7840478,1,3C54E0F5-9C12-3137-9EC1-39645770F53A
-11.538873,1.5377618,1,3C54E0F5-9C12-3137-9EC1-39645770F53A
1.6708155,-27.503143,2,3C54E0F5-9C12-3137-9EC1-39645770F53A
1.6614296,-27.50678,2,3C54E0F5-9C12-3137-9EC1-39645770F53A
-58.066746,-5.161615,2,3C54E0F5-9C12-3137-9EC1-39645770F53A
-57.744167,-5.3638744,2,3C54E0F5-9C12-3137-9EC1-39645770F53A
-57.509922,-5.515412,2,3C54E0F5-9C12-3137-9EC1-39645770F53A
-66.50091,18.565056,2,3C54E0F5-9C12-3137-9EC1-39645770F53A
-66.03777,18.33039,2,3C54E0F5-9C12-3137-9EC1-39645770F53A
-65.932556,18.32914,2,3C54E0F5-9C12-3137-9EC1-39645770F53A
31.093,47.241737,2,3C54E0F5-9C12-3137-9EC1-39645770F53A
30.660793,46.159973,1,3C54E0F5-9C12-3137-9EC1-39645770F53A
30.609587,45.938236,1,3C54E0F5-9C12-3137-9EC1-39645770F53A
30.528877,45.333412,1,3C54E0F5-9C12-3137-9EC1-39645770F53A
13.761003,-21.034435,1,3C54E0F5-9C12-3137-9EC1-39645770F53A
13.175121,-20.510515,1,3C54E0F5-9C12-3137-9EC1-39645770F53A
13.161476,-20.516085,1,3C54E0F5-9C12-3137-9EC1-39645770F53A
-29.66623,10.914144,1,3C54E0F5-9C12-3137-9EC1-39645770F53A
-30.401491,11.105413,1,3C54E0F5-9C12-3137-9EC1-39645770F53A
-29.751598,10.882165,1,3C54E0F5-9C12-3137-9EC1-39645770F53A
29.34334,15.856614,2,3FC0B5B3-AC42-BF96-D8EE-10E81EAAACF6
46.45036,-10.982116,0,3FC0B5B3-AC42-BF96-D8EE-10E81EAAACF6
39.57104,-28.335026,0,3FC0B5B3-AC42-BF96-D8EE-10E81EAAACF6
39.708378,-28.212976,0,3FC0B5B3-AC42-BF96-D8EE-10E81EAAACF6
-41.110252,30.706049,0,3FC0B5B3-AC42-BF96-D8EE-10E81EAAACF6
-41.131413,30.680328,2,3FC0B5B3-AC42-BF96-D8EE-10E81EAAACF6
-43.477673,28.745445,2,3FC0B5B3-AC42-BF96-D8EE-10E81EAAACF6
-43.082344,28.544447,2,3FC0B5B3-AC42-BF96-D8EE-10E81EAAACF6
-42.627094,28.403309,2,3FC0B5B3-AC42-BF96-D8EE-10E81EAAACF6
15.387719,-6.7473683,0,3FC0B5B3-AC42-BF96-D8EE-10E81EAAACF6
15.33018,-6.72477,0,3FC0B5B3-AC42-BF96-D8EE-10E81EAAACF6
0.8146511,-43.797966,0,3FC0B5B3-AC42-BF96-D8EE-10E81EAAACF6
-52.62358,8.537804,2,3FC0B5B3-AC42-BF96-D8EE-10E81EAAACF6
-52.533512,8.540706,2,3FC0B5B3-AC42-BF96-D8EE-10E81EAAACF6
23.420616,12.612566,2,3FC0B5B3-AC42-BF96-D8EE-10E81EAAACF6
23.662886,12.60161,2,3FC0B5B3-AC42-BF96-D8EE-10E81EAAACF6
57.770706,11.467116,2,3FC0B5B3-AC42-BF96-D8EE-10E81EAAACF6
57.79733,11.447117,2,3FC0B5B3-AC42-BF96-D8EE-10E81EAAACF6
19.700876,22.57031,2,3FC0B5B3-AC42-BF96-D8EE-10E81EAAACF6
19.704779,22.582237,2,3FC0B5B3-AC42-BF96-D8EE-10E81EAAACF6
19.566427,25.514887,2,3FC0B5B3-AC42-BF96-D8EE-10E81EAAACF6
19.34821,25.950638,2,3FC0B5B3-AC42-BF96-D8EE-10E81EAAACF6
17.928022,27.517202,2,3FC0B5B3-AC42-BF96-D8EE-10E81EAAACF6
17.535557,27.699198,2,3FC0B5B3-AC42-BF96-D8EE-10E81EAAACF6
5.2473135,26.727373,2,3FC0B5B3-AC42-BF96-D8EE-10E81EAAACF6
5.5812397,26.69485,2,3FC0B5B3-AC42-BF96-D8EE-10E81EAAACF6
6.037957,26.649248,2,3FC0B5B3-AC42-BF96-D8EE-10E81EAAACF6
8.234685,26.574316,1,3FC0B5B3-AC42-BF96-D8EE-10E81EAAACF6
8.747659,26.527872,2,3FC0B5B3-AC42-BF96-D8EE-10E81EAAACF6
9.020182,26.50394,2,3FC0B5B3-AC42-BF96-D8EE-10E81EAAACF6
15.157888,-30.466234,0,3FC0B5B3-AC42-BF96-D8EE-10E81EAAACF6
15.228736,-30.903116,0,3FC0B5B3-AC42-BF96-D8EE-10E81EAAACF6
15.018896,-30.750896,0,3FC0B5B3-AC42-BF96-D8EE-10E81EAAACF6
15.505605,-30.60447,0,3FC0B5B3-AC42-BF96-D8EE-10E81EAAACF6
15.954701,-31.515589,0,3FC0B5B3-AC42-BF96-D8EE-10E81EAAACF6
77.846886,-10.215581,0,3FC0B5B3-AC42-BF96-D8EE-10E81EAAACF6
-46.33724,14.178901,2,4690C2DC-C0B5-6C1B-880A-D31C46C8A565
-46.300163,14.209353,2,4690C2DC-C0B5-6C1B-880A-D31C46C8A565
2.2271147,-11.292948,0,4690C2DC-C0B5-6C1B-880A-D31C46C8A565
2.1567154,-11.594113,0,4690C2DC-C0B5-6C1B-880A-D31C46C8A565
1.7098545,-59.64483,0,4690C2DC-C0B5-6C1B-880A-D31C46C8A565
35.799736,-44.45702,0,4690C2DC-C0B5-6C1B-880A-D31C46C8A565
-9.491414,-3.5401552,2,46A9A47E-EDE3-2EF4-2F06-E95AF67D57E1
-27.467533,19.235567,2,46A9A47E-EDE3-2EF4-2F06-E95AF67D57E1
-27.760529,19.51346,2,46A9A47E-EDE3-2EF4-2F06-E95AF67D57E1
-28.213005,19.957174,2,46A9A47E-EDE3-2EF4-2F06-E95AF67D57E1
-28.551056,20.286488,2,46A9A47E-EDE3-2EF4-2F06-E95AF67D57E1
-29.064713,20.916656,2,46A9A47E-EDE3-2EF4-2F06-E95AF67D57E1
-8.285511,-17.831354,0,46A9A47E-EDE3-2EF4-2F06-E95AF67D57E1
-52.330696,-0.2666209,2,46A9A47E-EDE3-2EF4-2F06-E95AF67D57E1
-52.32493,-0.19403973,2,46A9A47E-EDE3-2EF4-2F06-E95AF67D57E1
-54.489655,0.17683984,2,46A9A47E-EDE3-2EF4-2F06-E95AF67D57E1
-54.8311,0.2525096,2,46A9A47E-EDE3-2EF4-2F06-E95AF67D57E1
-55.51251,0.36122563,0,46A9A47E-EDE3-2EF4-2F06-E95AF67D57E1
52.87079,-7.7158327,0,46A9A47E-EDE3-2EF4-2F06-E95AF67D57E1
52.83385,-7.646352,1,46A9A47E-EDE3-2EF4-2F06-E95AF67D57E1
75.30559,-3.663387,2,46A9A47E-EDE3-2EF4-2F06-E95AF67D57E1
1.1688132,-51.024258,2,46A9A47E-EDE3-2EF4-2F06-E95AF67D57E1
1.1875486,-50.607082,2,46A9A47E-EDE3-2EF4-2F06-E95AF67D57E1
44.744705,2.5339973,2,46A9A47E-EDE3-2EF4-2F06-E95AF67D57E1
1.9629433,-43.376015,2,46A9A47E-EDE3-2EF4-2F06-E95AF67D57E1
1.9756846,-43.360786,2,46A9A47E-EDE3-2EF4-2F06-E95AF67D57E1
0.7934991,-32.83263,2,46A9A47E-EDE3-2EF4-2F06-E95AF67D57E1
0.8021887,-32.823086,2,46A9A47E-EDE3-2EF4-2F06-E95AF67D57E1
4.0032096,-23.984762,2,46A9A47E-EDE3-2EF4-2F06-E95AF67D57E1
3.829895,-23.798801,0,46A9A47E-EDE3-2EF4-2F06-E95AF67D57E1
3.338188,-23.395308,0,46A9A47E-EDE3-2EF4-2F06-E95AF67D57E1
2.7462282,-22.95879,0,46A9A47E-EDE3-2EF4-2F06-E95AF67D57E1
2.7324579,-23.030165,0,46A9A47E-EDE3-2EF4-2F06-E95AF67D57E1
-4.9193263,-32.569805,0,46A9A47E-EDE3-2EF4-2F06-E95AF67D57E1
-4.79006,-32.766518,0,46A9A47E-EDE3-2EF4-2F06-E95AF67D57E1
-4.2992387,-33.455826,0,46A9A47E-EDE3-2EF4-2F06-E95AF67D57E1
-14.503278,-39.947876,2,46A9A47E-EDE3-2EF4-2F06-E95AF67D57E1
-14.5096035,-40.082672,2,46A9A47E-EDE3-2EF4-2F06-E95AF67D57E1
-3.7659237,21.220114,2,46A9A47E-EDE3-2EF4-2F06-E95AF67D57E1
-9.557888,40.34781,2,46A9A47E-EDE3-2EF4-2F06-E95AF67D57E1
-9.214915,40.474533,2,46A9A47E-EDE3-2EF4-2F06-E95AF67D57E1
-8.949859,40.574512,2,46A9A47E-EDE3-2EF4-2F06-E95AF67D57E1
59.059265,9.067498,2,47494449-E68E-E554-8BB1-ECEEE432E269
59.614853,8.817829,2,47494449-E68E-E554-8BB1-ECEEE432E269
60.055454,8.618982,0,47494449-E68E-E554-8BB1-ECEEE432E269
61.09881,7.7819805,0,47494449-E68E-E554-8BB1-ECEEE432E269
61.653004,7.1356993,0,47494449-E68E-E554-8BB1-ECEEE432E269
70.15622,-5.04627,0,47494449-E68E-E554-8BB1-ECEEE432E269
-40.942657,49.12692,2,47494449-E68E-E554-8BB1-ECEEE432E269
-41.25845,48.81328,2,47494449-E68E-E554-8BB1-ECEEE432E269
-41.89855,48.20341,2,47494449-E68E-E554-8BB1-ECEEE432E269
-42.112793,48.004524,2,47494449-E68E-E554-8BB1-ECEEE432E269
-55.161514,5.465829,2,47494449-E68E-E554-8BB1-ECEEE432E269
-15.589136,-18.597952,2,47494449-E68E-E554-8BB1-ECEEE432E269
-28.103342,-2.365164,2,47494449-E68E-E554-8BB1-ECEEE432E269
-28.455074,-2.5578089,2,47494449-E68E-E554-8BB1-ECEEE432E269
-28.885702,-2.810767,2,47494449-E68E-E554-8BB1-ECEEE432E269
-59.80008,-11.749523,2,47494449-E68E-E554-8BB1-ECEEE432E269
-59.845886,-11.939456,2,47494449-E68E-E554-8BB1-ECEEE432E269
-60.073956,-12.554555,2,47494449-E68E-E554-8BB1-ECEEE432E269
33.058876,-16.293007,1,48847236-6E23-6E61-57CD-780C68FAA2C2
29.125769,-14.65289,2,48847236-6E23-6E61-57CD-780C68FAA2C2
-47.946457,19.5732,2,48847236-6E23-6E61-57CD-780C68FAA2C2
-47.79581,19.881035,2,48847236-6E23-6E61-57CD-780C68FAA2C2
-47.273487,20.42963,2,48847236-6E23-6E61-57CD-780C68FAA2C2
-47.017857,20.584457,2,48847236-6E23-6E61-57CD-780C68FAA2C2
35.727997,8.710223,2,48847236-6E23-6E61-57CD-780C68FAA2C2
7.6882153,9.72472,2,48847236-6E23-6E61-57CD-780C68FAA2C2
7.9350996,9.5788,1,48847236-6E23-6E61-57CD-780C68FAA2C2
9.290786,8.933838,2,48847236-6E23-6E61-57CD-780C68FAA2C2
9.697057,8.790283,2,48847236-6E23-6E61-57CD-780C68FAA2C2
9.864931,8.772878,2,48847236-6E23-6E61-57CD-780C68FAA2C2
2.262909,-7.541346,0,48847236-6E23-6E61-57CD-780C68FAA2C2
2.0341573,-7.270101,0,48847236-6E23-6E61-57CD-780C68FAA2C2
1.618613,-6.817591,0,48847236-6E23-6E61-57CD-780C68FAA2C2
1.9799968,-6.0431647,0,48847236-6E23-6E61-57CD-780C68FAA2C2
2.2485874,-5.534025,0,48847236-6E23-6E61-57CD-780C68FAA2C2
-29.4742,36.031853,0,48847236-6E23-6E61-57CD-780C68FAA2C2
-29.83416,35.8158,0,48847236-6E23-6E61-57CD-780C68FAA2C2
-30.189745,35.561626,0,48847236-6E23-6E61-57CD-780C68FAA2C2
-31.143087,34.778904,0,48847236-6E23-6E61-57CD-780C68FAA2C2
-31.48151,34.711563,1,48847236-6E23-6E61-57CD-780C68FAA2C2
-4.3519597,13.575064,1,48847236-6E23-6E61-57CD-780C68FAA2C2
-4.3541346,13.538664,1,48847236-6E23-6E61-57CD-780C68FAA2C2
-29.126999,3.8491764,1,48847236-6E23-6E61-57CD-780C68FAA2C2
-12.460902,-8.972033,1,48847236-6E23-6E61-57CD-780C68FAA2C2
-12.328373,-8.857478,1,48847236-6E23-6E61-57CD-780C68FAA2C2
-11.343642,-8.031731,1,48847236-6E23-6E61-57CD-780C68FAA2C2
-9.863256,-7.6825857,0,48847236-6E23-6E61-57CD-780C68FAA2C2
-9.573819,-7.7217574,0,48847236-6E23-6E61-57CD-780C68FAA2C2
-38.488743,14.243933,2,48D32E40-ABB9-E3FB-185C-8A5AA0C44CBF
-38.343433,14.600433,2,48D32E40-ABB9-E3FB-185C-8A5AA0C44CBF
-38.00325,14.949529,2,48D32E40-ABB9-E3FB-185C-8A5AA0C44CBF
-14.238504,10.7931185,2,48D32E40-ABB9-E3FB-185C-8A5AA0C44CBF
-14.148886,10.545878,0,48D32E40-ABB9-E3FB-185C-8A5AA0C44CBF
-7.037929,-9.490982,0,48D32E40-ABB9-E3FB-185C-8A5AA0C44CBF
-49.1023,14.185125,2,48D32E40-ABB9-E3FB-185C-8A5AA0C44CBF
-49.577316,13.671946,2,48D32E40-ABB9-E3FB-185C-8A5AA0C44CBF
-49.661396,13.621234,2,48D32E40-ABB9-E3FB-185C-8A5AA0C44CBF
-53.288864,-27.354185,2,48D32E40-ABB9-E3FB-185C-8A5AA0C44CBF
-53.099014,-27.380297,2,48D32E40-ABB9-E3FB-185C-8A5AA0C44CBF
-52.84385,-27.442686,2,48D32E40-ABB9-E3FB-185C-8A5AA0C44CBF
-1.7229687,-39.95266,0,4B423110-8A54-A87F-39BB-D68BF033C7FC
-1.7114362,-39.324722,0,4B423110-8A54-A87F-39BB-D68BF033C7FC
-1.6989948,-38.882263,2,4B423110-8A54-A87F-39BB-D68BF033C7FC
-1.7328967,-38.09424,2,4B423110-8A54-A87F-39BB-D68BF033C7FC
-43.497646,-28.607275,2,4B423110-8A54-A87F-39BB-D68BF033C7FC
-43.528305,-28.5925,2,4B423110-8A54-A87F-39BB-D68BF033C7FC
81.89281,-18.319887,0,4B423110-8A54-A87F-39BB-D68BF033C7FC
67.86168,-9.127126,0,4B423110-8A54-A87F-39BB-D68BF033C7FC
54.121544,18.390156,0,4B423110-8A54-A87F-39BB-D68BF033C7FC
53.966324,18.362654,0,4B423110-8A54-A87F-39BB-D68BF033C7FC
51.62084,19.4648,2,4B423110-8A54-A87F-39BB-D68BF033C7FC
51.699116,19.372255,2,4B423110-8A54-A87F-39BB-D68BF033C7FC
-20.662958,-19.95817,0,4B423110-8A54-A87F-39BB-D68BF033C7FC
-30.399742,40.666588,0,4B423110-8A54-A87F-39BB-D68BF033C7FC
-30.46969,40.298687,2,4B423110-8A54-A87F-39BB-D68BF033C7FC
-30.575191,40.161156,2,4B423110-8A54-A87F-39BB-D68BF033C7FC
-29.66335,39.628662,2,4B423110-8A54-A87F-39BB-D68BF033C7FC
-70.234505,-7.9543476,2,4B423110-8A54-A87F-39BB-D68BF033C7FC
-46.965847,-9.492884,1,4B423110-8A54-A87F-39BB-D68BF033C7FC
-61.598347,1.6000034,0,4B423110-8A54-A87F-39BB-D68BF033C7FC
-61.583454,1.5990082,0,4B423110-8A54-A87F-39BB-D68BF033C7FC
66.07323,-29.39913,0,4BD5749B-A1D2-E6C9-156F-DF107802D3BE
-5.367941,-27.722033,2,4BD5749B-A1D2-E6C9-156F-DF107802D3BE
-6.3617353,-28.097748,2,4BD5749B-A1D2-E6C9-156F-DF107802D3BE
-6.588602,-27.2674,2,4BD5749B-A1D2-E6C9-156F-DF107802D3BE
-6.825634,-26.932417,2,4BD5749B-A1D2-E6C9-156F-DF107802D3BE
-7.015161,-26.565273,2,4BD5749B-A1D2-E6C9-156F-DF107802D3BE
49.81345,2.9421885,0,4BD5749B-A1D2-E6C9-156F-DF107802D3BE
50.126324,2.6853166,0,4BD5749B-A1D2-E6C9-156F-DF107802D3BE
50.731026,2.4307687,0,4BD5749B-A1D2-E6C9-156F-DF107802D3BE
54.795883,1.2569609,0,4BD5749B-A1D2-E6C9-156F-DF107802D3BE
56.515385,23.73643,2,4BD5749B-A1D2-E6C9-156F-DF107802D3BE
56.47065,23.77007,2,4BD5749B-A1D2-E6C9-156F-DF107802D3BE
9.67269,-3.5911906,0,4BD5749B-A1D2-E6C9-156F-DF107802D3BE
9.829379,-3.6168299,2,4BD5749B-A1D2-E6C9-156F-DF107802D3BE
11.080203,-3.7121043,2,4BD5749B-A1D2-E6C9-156F-DF107802D3BE
11.233641,-3.7591884,2,4BD5749B-A1D2-E6C9-156F-DF107802D3BE
12.471987,-4.144988,2,4BD5749B-A1D2-E6C9-156F-DF107802D3BE
12.847632,-4.093101,2,4BD5749B-A1D2-E6C9-156F-DF107802D3BE
14.53923,-2.9794288,2,4BD5749B-A1D2-E6C9-156F-DF107802D3BE
15.32753,-2.4743023,2,4BD5749B-A1D2-E6C9-156F-DF107802D3BE
15.441232,-2.4156685,2,4BD5749B-A1D2-E6C9-156F-DF107802D3BE
-59.20827,-8.456614,2,4BD5749B-A1D2-E6C9-156F-DF107802D3BE
-59.20665,-8.401356,2,4BD5749B-A1D2-E6C9-156F-DF107802D3BE
-62.98723,6.7224426,2,4BD5749B-A1D2-E6C9-156F-DF107802D3BE
65.02352,-32.08682,0,4BFAECAC-0CC2-F9AC-17BB-7343BE737D81
27.071863,0.81008583,0,4BFAECAC-0CC2-F9AC-17BB-7343BE737D81
26.193012,0.71414876,0,4BFAECAC-0CC2-F9AC-17BB-7343BE737D81
25.96288,0.7608082,1,4BFAECAC-0CC2-F9AC-17BB-7343BE737D81
25.531593,1.0800031,2,4BFAECAC-0CC2-F9AC-17BB-7343BE737D81
24.964619,27.469309,2,4BFAECAC-0CC2-F9AC-17BB-7343BE737D81
18.02003,-9.887318,2,4BFAECAC-0CC2-F9AC-17BB-7343BE737D81
18.213493,-9.015995,2,4BFAECAC-0CC2-F9AC-17BB-7343BE737D81
18.7493,-8.457466,2,4BFAECAC-0CC2-F9AC-17BB-7343BE737D81
18.833996,-8.359567,2,4BFAECAC-0CC2-F9AC-17BB-7343BE737D81
19.492117,-8.192828,2,4BFAECAC-0CC2-F9AC-17BB-7343BE737D81
20.418238,-9.327117,0,4BFAECAC-0CC2-F9AC-17BB-7343BE737D81
33.460823,-24.52679,2,4BFAECAC-0CC2-F9AC-17BB-7343BE737D81
32.356514,-23.807226,2,4BFAECAC-0CC2-F9AC-17BB-7343BE737D81
32.131653,-23.561481,2,4BFAECAC-0CC2-F9AC-17BB-7343BE737D81
31.113138,-23.749105,2,4BFAECAC-0CC2-F9AC-17BB-7343BE737D81
-41.844093,14.609546,1,4BFAECAC-0CC2-F9AC-17BB-7343BE737D81
-41.869694,14.516105,2,4BFAECAC-0CC2-F9AC-17BB-7343BE737D81
-0.89590794,-43.727432,0,4BFAECAC-0CC2-F9AC-17BB-7343BE737D81
-0.9309177,-43.727383,0,4BFAECAC-0CC2-F9AC-17BB-7343BE737D81
-0.9922022,-43.730713,2,4BFAECAC-0CC2-F9AC-17BB-7343BE737D81
-1.7151612,-44.516632,2,4BFAECAC-0CC2-F9AC-17BB-7343BE737D81
72.78061,-8.249098,2,4BFAECAC-0CC2-F9AC-17BB-7343BE737D81
69.61473,-5.9085793,0,4BFAECAC-0CC2-F9AC-17BB-7343BE737D81
-8.425569,-54.37538,1,4CAE9D77-C8A8-2EE8-53D0-7C3C6331B2C5
-8.455147,-54.373016,1,4CAE9D77-C8A8-2EE8-53D0-7C3C6331B2C5
-9.587018,-54.34839,0,4CAE9D77-C8A8-2EE8-53D0-7C3C6331B2C5
-9.930427,-54.28599,0,4CAE9D77-C8A8-2EE8-53D0-7C3C6331B2C5
31.653248,1.1075653,0,4CAE9D77-C8A8-2EE8-53D0-7C3C6331B2C5
31.708307,1.0786796,0,4CAE9D77-C8A8-2EE8-53D0-7C3C6331B2C5
-72.703285,11.048964,2,4CAE9D77-C8A8-2EE8-53D0-7C3C6331B2C5
-72.67488,11.06311,1,4CAE9D77-C8A8-2EE8-53D0-7C3C6331B2C5
-56.92283,29.190975,2,4CAE9D77-C8A8-2EE8-53D0-7C3C6331B2C5
-56.31562,29.197643,2,4CAE9D77-C8A8-2EE8-53D0-7C3C6331B2C5
-55.24777,28.939735,2,4CAE9D77-C8A8-2EE8-53D0-7C3C6331B2C5
-54.990005,28.883837,2,4CAE9D77-C8A8-2EE8-53D0-7C3C6331B2C5
-44.00291,12.71559,2,4CAE9D77-C8A8-2EE8-53D0-7C3C6331B2C5
-44.346104,11.643694,2,4CAE9D77-C8A8-2EE8-53D0-7C3C6331B2C5
-44.366024,11.388972,1,4CAE9D77-C8A8-2EE8-53D0-7C3C6331B2C5
3.2979922,-20.212227,1,4CAE9D77-C8A8-2EE8-53D0-7C3C6331B2C5
2.943401,-19.340977,1,4CAE9D77-C8A8-2EE8-53D0-7C3C6331B2C5
2.943763,-19.380592,1,4CAE9D77-C8A8-2EE8-53D0-7C3C6331B2C5
2.1111686,-56.124546,1,4CAE9D77-C8A8-2EE8-53D0-7C3C6331B2C5
-0.5336577,-57.909576,1,4CAE9D77-C8A8-2EE8-53D0-7C3C6331B2C5
-7.5250916,-44.87049,1,4CAE9D77-C8A8-2EE8-53D0-7C3C6331B2C5
-21.250196,-4.465574,2,4CAE9D77-C8A8-2EE8-53D0-7C3C6331B2C5
-20.874933,-4.897556,2,4CAE9D77-C8A8-2EE8-53D0-7C3C6331B2C5
-20.79782,-5.021938,2,4CAE9D77-C8A8-2EE8-53D0-7C3C6331B2C5
21.117006,33.156734,2,5270C847-54C3-180E-9737-1D87A639C450
21.08588,32.994,2,5270C847-54C3-180E-9737-1D87A639C450
20.919199,32.53339,2,5270C847-54C3-180E-9737-1D87A639C450
51.652557,23.427467,2,5270C847-54C3-180E-9737-1D87A639C450
52.063812,23.32374,2,5270C847-54C3-180E-9737-1D87A639C450
52.571175,23.190826,2,5270C847-54C3-180E-9737-1D87A639C450
6.4026065,-50.59756,2,5270C847-54C3-180E-9737-1D87A639C450
12.628204,-50.627037,2,5270C847-54C3-180E-9737-1D87A639C450
13.110781,-50.701668,2,5270C847-54C3-180E-9737-1D87A639C450
14.146377,-50.852615,2,5270C847-54C3-180E-9737-1D87A639C450
14.07266,-50.842735,0,5270C847-54C3-180E-9737-1D87A639C450
14.969977,-50.94967,0,5270C847-54C3-180E-9737-1D87A639C450
-18.107212,-53.444256,0,5270C847-54C3-180E-9737-1D87A639C450
-18.150732,-53.443016,0,5270C847-54C3-180E-9737-1D87A639C450
5.2400694,13.164536,0,5270C847-54C3-180E-9737-1D87A639C450
5.767245,13.258141,0,5270C847-54C3-180E-9737-1D87A639C450
6.212679,13.310419,0,5270C847-54C3-180E-9737-1D87A639C450
7.2681932,13.4055805,0,5270C847-54C3-180E-9737-1D87A639C450
82.19223,-3.0629697,1,5270C847-54C3-180E-9737-1D87A639C450
82.49149,-1.7489493,1,5270C847-54C3-180E-9737-1D87A639C450
82.77576,-0.9863648,1,5270C847-54C3-180E-9737-1D87A639C450
82.35643,-1.0479993,0,5270C847-54C3-180E-9737-1D87A639C450
82.04763,-1.3254726,0,5270C847-54C3-180E-9737-1D87A639C450
81.54932,-1.0279405,0,5270C847-54C3-180E-9737-1D87A639C450
-4.505204,-21.921225,0,5270C847-54C3-180E-9737-1D87A639C450
-4.775964,-21.604954,0,5270C847-54C3-180E-9737-1D87A639C450
-5.2940645,-20.981022,0,5270C847-54C3-180E-9737-1D87A639C450
-5.7436686,-20.454958,0,5270C847-54C3-180E-9737-1D87A639C450
-6.019258,-20.12857,0,5270C847-54C3-180E-9737-1D87A639C450
9.945845,-25.721325,0,5270C847-54C3-180E-9737-1D87A639C450
73.49536,-2.4772577,2,5690E95B-9747-B2B5-2EE1-16A72200D5CC
61.187637,0.8341461,2,5690E95B-9747-B2B5-2EE1-16A72200D5CC
25.020647,23.841496,2,5690E95B-9747-B2B5-2EE1-16A72200D5CC
24.408567,24.318926,2,5690E95B-9747-B2B5-2EE1-16A72200D5CC
23.861977,24.699894,2,5690E95B-9747-B2B5-2EE1-16A72200D5CC
23.513628,24.935793,2,5690E95B-9747-B2B5-2EE1-16A72200D5CC
-22.509659,-44.453403,2,5690E95B-9747-B2B5-2EE1-16A72200D5CC
-22.505955,-44.469257,2,5690E95B-9747-B2B5-2EE1-16A72200D5CC
32.72186,17.754665,2,5690E95B-9747-B2B5-2EE1-16A72200D5CC
33.237144,17.939247,2,5690E95B-9747-B2B5-2EE1-16A72200D5CC
34.09194,17.430767,2,5690E95B-9747-B2B5-2EE1-16A72200D5CC
34.2537,17.40496,2,5690E95B-9747-B2B5-2EE1-16A72200D5CC
35.315212,16.875675,2,5690E95B-9747-B2B5-2EE1-16A72200D5CC
35.353462,16.84509,2,5690E95B-9747-B2B5-2EE1-16A72200D5CC
45.353413,-13.900911,2,5690E95B-9747-B2B5-2EE1-16A72200D5CC
48.75515,5.4836416,2,5690E95B-9747-B2B5-2EE1-16A72200D5CC
19.214739,-29.589499,2,5690E95B-9747-B2B5-2EE1-16A72200D5CC
20.577444,-28.157135,1,5690E95B-9747-B2B5-2EE1-16A72200D5CC
7.902412,56.961628,2,5690E95B-9747-B2B5-2EE1-16A72200D5CC
8.211373,57.21415,2,5690E95B-9747-B2B5-2EE1-16A72200D5CC
8.304888,57.29598,1,5690E95B-9747-B2B5-2EE1-16A72200D5CC
44.357136,7.248441,1,5690E95B-9747-B2B5-2EE1-16A72200D5CC
9.48746,59.03642,1,5690E95B-9747-B2B5-2EE1-16A72200D5CC
-8.008037,-9.862788,1,5690E95B-9747-B2B5-2EE1-16A72200D5CC
20.936922,6.5544524,0,56EF301B-39F0-ED8F-E067-59FB50186E9C
-42.558224,25.9118,2,56EF301B-39F0-ED8F-E067-59FB50186E9C
-43.31089,25.777536,2,56EF301B-39F0-ED8F-E067-59FB50186E9C
-43.80059,25.716873,2,56EF301B-39F0-ED8F-E067-59FB50186E9C
-44.436447,25.657526,2,56EF301B-39F0-ED8F-E067-59FB50186E9C
-44.71966,25.593401,2,56EF301B-39F0-ED8F-E067-59FB50186E9C
14.070356,-61.404922,0,56EF301B-39F0-ED8F-E067-59FB50186E9C
14.118842,-61.329586,0,56EF301B-39F0-ED8F-E067-59FB50186E9C
15.042841,-59.429462,0,56EF301B-39F0-ED8F-E067-59FB50186E9C
15.132664,-59.4171,0,56EF301B-39F0-ED8F-E067-59FB50186E9C
11.967619,-9.85657,0,56EF301B-39F0-ED8F-E067-59FB50186E9C
11.959239,-9.895883,0,56EF301B-39F0-ED8F-E067-59FB50186E9C
4.8918447,52.236202,1,56EF301B-39F0-ED8F-E067-59FB50186E9C
5.228719,52.008926,1,56EF301B-39F0-ED8F-E067-59FB50186E9C
5.4332514,51.869213,1,56EF301B-39F0-ED8F-E067-59FB50186E9C
-4.0533757,30.865082,0,58CB3C5E-2F5C-31FE-83E8-C6772D99B8D5
-3.4603724,30.969912,0,58CB3C5E-2F5C-31FE-83E8-C6772D99B8D5
-3.014716,31.004278,0,58CB3C5E-2F5C-31FE-83E8-C6772D99B8D5
-20.943783,-15.545104,0,58CB3C5E-2F5C-31FE-83E8-C6772D99B8D5
-7.9074187,-30.968157,1,58CB3C5E-2F5C-31FE-83E8-C6772D99B8D5
-7.8914275,-30.972437,0,58CB3C5E-2F5C-31FE-83E8-C6772D99B8D5
42.26911,-34.24704,0,58CB3C5E-2F5C-31FE-83E8-C6772D99B8D5
42.259594,-34.24902,0,58CB3C5E-2F5C-31FE-83E8-C6772D99B8D5
-70.37406,2.747825,0,58CB3C5E-2F5C-31FE-83E8-C6772D99B8D5
-70.38305,2.7515075,0,58CB3C5E-2F5C-31FE-83E8-C6772D99B8D5
-66.85012,2.6422856,2,58CB3C5E-2F5C-31FE-83E8-C6772D99B8D5
-67.20699,2.4719565,2,58CB3C5E-2F5C-31FE-83E8-C6772D99B8D5
13.765152,-30.162466,2,58CB3C5E-2F5C-31FE-83E8-C6772D99B8D5
51.40041,28.061083,2,58CB3C5E-2F5C-31FE-83E8-C6772D99B8D5
-0.19840446,23.368725,2,58CB3C5E-2F5C-31FE-83E8-C6772D99B8D5
0.014311597,22.556005,2,58CB3C5E-2F5C-31FE-83E8-C6772D99B8D5
0.35749328,21.613724,0,58CB3C5E-2F5C-31FE-83E8-C6772D99B8D5
0.4699926,21.347088,0,58CB3C5E-2F5C-31FE-83E8-C6772D99B8D5
-36.802433,12.437888,2,58CB3C5E-2F5C-31FE-83E8-C6772D99B8D5
-36.486225,11.606055,2,58CB3C5E-2F5C-31FE-83E8-C6772D99B8D5
-36.36863,11.302997,2,58CB3C5E-2F5C-31FE-83E8-C6772D99B8D5
-36.046562,10.536486,2,58CB3C5E-2F5C-31FE-83E8-C6772D99B8D5
27.172188,41.825325,2,58CB3C5E-2F5C-31FE-83E8-C6772D99B8D5
27.181414,41.77695,1,58CB3C5E-2F5C-31FE-83E8-C6772D99B8D5
-2.1732101,5.0340123,0,5CD23052-9069-615B-22B2-CB8E9A2413C9
-2.1638465,5.0374146,0,5CD23052-9069-615B-22B2-CB8E9A2413C9
-53.60306,-11.8909445,0,5CD23052-9069-615B-22B2-CB8E9A2413C9
-53.662533,-12.062279,0,5CD23052-9069-615B-22B2-CB8E9A2413C9
-54.2813,-13.046812,0,5CD23052-9069-615B-22B2-CB8E9A2413C9
-54.481716,-13.307234,0,5CD23052-9069-615B-22B2-CB8E9A2413C9
20.745966,-0.31216025,2,5CD23052-9069-615B-22B2-CB8E9A2413C9
20.701517,-0.27914262,0,5CD23052-9069-615B-22B2-CB8E9A2413C9
59.459488,-5.35543,0,5CD23052-9069-615B-22B2-CB8E9A2413C9
59.403732,0.8707898,0,5CD23052-9069-615B-22B2-CB8E9A2413C9
63.241093,15.46705,0,5CD23052-9069-615B-22B2-CB8E9A2413C9
63.243713,15.459415,0,5CD23052-9069-615B-22B2-CB8E9A2413C9
-24.323242,-31.218687,0,5CD23052-9069-615B-22B2-CB8E9A2413C9
-24.804586,-31.70267,0,5CD23052-9069-615B-22B2-CB8E9A2413C9
-24.797287,-31.68744,1,5CD23052-9069-615B-22B2-CB8E9A2413C9
-29.992474,-0.117961176,1,5CD23052-9069-615B-22B2-CB8E9A2413C9
-29.689457,0.141312,1,5CD23052-9069-615B-22B2-CB8E9A2413C9
-29.17148,0.7259233,1,5CD23052-9069-615B-22B2-CB8E9A2413C9
-4.6644926,28.02113,2,5CD23052-9069-615B-22B2-CB8E9A2413C9
16.897058,0.5729362,2,5CD23052-9069-615B-22B2-CB8E9A2413C9
16.646208,0.6395255,2,5CD23052-9069-615B-22B2-CB8E9A2413C9
16.05332,1.227101,2,5CD23052-9069-615B-22B2-CB8E9A2413C9
16.046795,1.5716044,2,5CD23052-9069-615B-22B2-CB8E9A2413C9
15.80308,2.3185992,2,5CD23052-9069-615B-22B2-CB8E9A2413C9
-49.660465,4.0439525,2,5CD23052-9069-615B-22B2-CB8E9A2413C9
-49.52715,3.5396292,2,5CD23052-9069-615B-22B2-CB8E9A2413C9
-49.393322,3.1322384,2,5CD23052-9069-615B-22B2-CB8E9A2413C9
4.59072,-46.743683,2,5CD23052-9069-615B-22B2-CB8E9A2413C9
4.507825,-46.882282,2,5CD23052-9069-615B-22B2-CB8E9A2413C9
4.139695,-47.48429,2,5CD23052-9069-615B-22B2-CB8E9A2413C9
-10.677572,-0.5132076,2,5E491E0A-C580-29BE-4329-ED7BFF843D0D
-11.222637,-0.7040747,0,5E491E0A-C580-29BE-4329-ED7BFF843D0D
-11.724319,-1.0475848,2,5E491E0A-C580-29BE-4329-ED7BFF843D0D
-43.219196,-6.395183,2,5E491E0A-C580-29BE-4329-ED7BFF843D0D
-43.49517,-6.25724,2,5E491E0A-C580-29BE-4329-ED7BFF843D0D
-43.871487,-6.26954,2,5E491E0A-C580-29BE-4329-ED7BFF843D0D
27.271935,-22.716963,0,5E491E0A-C580-29BE-4329-ED7BFF843D0D
27.32154,-22.705267,2,5E491E0A-C580-29BE-4329-ED7BFF843D0D
-69.23912,-20.986065,2,5E491E0A-C580-29BE-4329-ED7BFF843D0D
-69.237434,-20.97143,2,5E491E0A-C580-29BE-4329-ED7BFF843D0D
-69.13077,-19.86172,2,5E491E0A-C580-29BE-4329-ED7BFF843D0D
-69.092125,-19.653336,2,5E491E0A-C580-29BE-4329-ED7BFF843D0D
16.418007,-24.229603,2,5E491E0A-C580-29BE-4329-ED7BFF843D0D
16.491886,-24.206808,2,5E491E0A-C580-29BE-4329-ED7BFF843D0D
15.443365,-24.747404,2,5E491E0A-C580-29BE-4329-ED7BFF843D0D
15.278426,-24.849419,2,5E491E0A-C580-29BE-4329-ED7BFF843D0D
0.96496546,28.608326,2,5E491E0A-C580-29BE-4329-ED7BFF843D0D
-46.81515,33.290394,2,5E491E0A-C580-29BE-4329-ED7BFF843D0D
-46.92853,32.63534,2,5E491E0A-C580-29BE-4329-ED7BFF843D0D
-46.844494,32.44985,2,5E491E0A-C580-29BE-4329-ED7BFF843D0D
-22.218517,33.36652,2,5E491E0A-C580-29BE-4329-ED7BFF843D0D
41.87809,36.339157,2,5E491E0A-C580-29BE-4329-ED7BFF843D0D
42.18522,36.24631,2,5E491E0A-C580-29BE-4329-ED7BFF843D0D
42.77817,36.049465,2,5E491E0A-C580-29BE-4329-ED7BFF843D0D
-27.285744,27.82304,2,5F222604-CB86-1ABA-EB7B-31FF78B7BE93
-28.147118,27.747286,2,5F222604-CB86-1ABA-EB7B-31FF78B7BE93
-28.54438,27.838417,2,5F222604-CB86-1ABA-EB7B-31FF78B7BE93
-28.924953,28.810452,2,5F222604-CB86-1ABA-EB7B-31FF78B7BE93
-29.446283,28.235708,2,5F222604-CB86-1ABA-EB7B-31FF78B7BE93
-28.981936,29.299318,2,5F222604-CB86-1ABA-EB7B-31FF78B7BE93
72.1565,7.3577423,2,5F222604-CB86-1ABA-EB7B-31FF78B7BE93
85.153984,-19.047213,0,5F222604-CB86-1ABA-EB7B-31FF78B7BE93
85.49566,-19.369722,0,5F222604-CB86-1ABA-EB7B-31FF78B7BE93
85.906494,-19.659197,0,5F222604-CB86-1ABA-EB7B-31FF78B7BE93
85.72801,-19.985504,0,5F222604-CB86-1ABA-EB7B-31FF78B7BE93
-18.990744,8.82226,0,5F222604-CB86-1ABA-EB7B-31FF78B7BE93
-35.18617,-16.211617,2,5F222604-CB86-1ABA-EB7B-31FF78B7BE93
-35.21378,-16.193241,2,5F222604-CB86-1ABA-EB7B-31FF78B7BE93
-32.76179,19.895552,2,5F222604-CB86-1ABA-EB7B-31FF78B7BE93
-32.503006,19.757816,2,5F222604-CB86-1ABA-EB7B-31FF78B7BE93
-32.191223,19.674719,2,5F222604-CB86-1ABA-EB7B-31FF78B7BE93
24.981382,-1.5786818,2,5F222604-CB86-1ABA-EB7B-31FF78B7BE93
24.96807,-2.2792757,2,5F222604-CB86-1ABA-EB7B-31FF78B7BE93
24.96212,-2.8598664,2,5F222604-CB86-1ABA-EB7B-31FF78B7BE93
24.986244,-3.4623442,2,5F222604-CB86-1ABA-EB7B-31FF78B7BE93
28.80107,-29.613659,2,5F222604-CB86-1ABA-EB7B-31FF78B7BE93
28.947903,-30.014559,2,5F222604-CB86-1ABA-EB7B-31FF78B7BE93
29.190836,-30.591223,2,5F222604-CB86-1ABA-EB7B-31FF78B7BE93
10.209044,61.04136,0,62A1F053-1EA8-7433-090E-89D450314F41
10.189301,60.972454,0,62A1F053-1EA8-7433-090E-89D450314F41
47.561558,17.971937,0,62A1F053-1EA8-7433-090E-89D450314F41
-21.873333,41.27636,0,62A1F053-1EA8-7433-090E-89D450314F41
-51.76155,28.372656,0,62A1F053-1EA8-7433-090E-89D450314F41
-51.718136,28.343925,2,62A1F053-1EA8-7433-090E-89D450314F41
5.319732,6.318782,2,62A1F053-1EA8-7433-090E-89D450314F41
5.3097224,6.319754,2,62A1F053-1EA8-7433-090E-89D450314F41
5.037459,3.4705443,2,62A1F053-1EA8-7433-090E-89D450314F41
5.027745,3.451244,2,62A1F053-1EA8-7433-090E-89D450314F41
3.4455793,1.4831924,2,62A1F053-1EA8-7433-090E-89D450314F41
3.3924496,1.497135,2,62A1F053-1EA8-7433-090E-89D450314F41
-59.194565,7.9625263,2,62A1F053-1EA8-7433-090E-89D450314F41
-59.477802,7.6962585,2,62A1F053-1EA8-7433-090E-89D450314F41
-59.577415,7.5831017,2,62A1F053-1EA8-7433-090E-89D450314F41
-60.59382,6.748209,2,62A1F053-1EA8-7433-090E-89D450314F41
-26.85589,-55.165245,2,62A1F053-1EA8-7433-090E-89D450314F41
-26.852533,-55.171936,2,62A1F053-1EA8-7433-090E-89D450314F41
63.199287,3.5677547,0,62A1F053-1EA8-7433-090E-89D450314F41
63.284164,3.5220935,0,62A1F053-1EA8-7433-090E-89D450314F41
37.498955,12.391258,0,62A1F053-1EA8-7433-090E-89D450314F41
37.05094,13.293504,1,62A1F053-1EA8-7433-090E-89D450314F41
36.98353,13.073249,0,62A1F053-1EA8-7433-090E-89D450314F41
36.893917,13.322177,0,62A1F053-1EA8-7433-090E-89D450314F41
36.34433,13.268001,0,62A1F053-1EA8-7433-090E-89D450314F41
52.261765,1.6837906,0,62A1F053-1EA8-7433-090E-89D450314F41
69.199295,21.103012,0,62A1F053-1EA8-7433-090E-89D450314F41
69.2179,21.153154,0,62A1F053-1EA8-7433-090E-89D450314F41
-12.569447,7.3176007,0,62A1F053-1EA8-7433-090E-89D450314F41
-12.554309,7.3047676,2,62A1F053-1EA8-7433-090E-89D450314F41
39.35613,7.3956847,1,647C581E-E72F-0765-F94A-065909B99374
34.653526,1.9188812,1,647C581E-E72F-0765-F94A-065909B99374
34.70319,1.9626882,1,647C581E-E72F-0765-F94A-065909B99374
-41.05495,22.976126,2,647C581E-E72F-0765-F94A-065909B99374
-41.175762,23.016598,2,647C581E-E72F-0765-F94A-065909B99374
-41.709217,23.047405,2,647C581E-E72F-0765-F94A-065909B99374
-46.993446,23.478535,2,647C581E-E72F-0765-F94A-065909B99374
-46.76421,23.43812,2,647C581E-E72F-0765-F94A-065909B99374
-45.26308,22.862955,2,647C581E-E72F-0765-F94A-065909B99374
-45.03716,22.835283,2,647C581E-E72F-0765-F94A-065909B99374
-44.336246,22.80101,2,647C581E-E72F-0765-F94A-065909B99374
-43.76354,22.747105,2,647C581E-E72F-0765-F94A-065909B99374
-17.45623,2.5651195,2,647C581E-E72F-0765-F94A-065909B99374
-17.388155,2.7244358,1,647C581E-E72F-0765-F94A-065909B99374
-17.178236,4.045081,1,647C581E-E72F-0765-F94A-065909B99374
83.57653,-14.605296,1,647C581E-E72F-0765-F94A-065909B99374
83.74398,-14.78019,1,647C581E-E72F-0765-F94A-065909B99374
82.235954,-16.305431,1,647C581E-E72F-0765-F94A-065909B99374
82.01062,-16.426804,1,647C581E-E72F-0765-F94A-065909B99374
81.13421,-15.582311,1,647C581E-E72F-0765-F94A-065909B99374
80.420784,-14.663969,2,647C581E-E72F-0765-F94A-065909B99374
80.565704,-13.787036,2,647C581E-E72F-0765-F94A-065909B99374
80.76479,-12.729233,2,647C581E-E72F-0765-F94A-065909B99374
80.820244,-12.328562,2,647C581E-E72F-0765-F94A-065909B99374
-7.0041714,4.1336627,2,66E9719B-D383-AA87-7FAB-D9B4ABE7011C
-7.4799147,4.035747,2,66E9719B-D383-AA87-7FAB-D9B4ABE7011C
-7.892397,3.9393075,0,66E9719B-D383-AA87-7FAB-D9B4ABE7011C
-27.758244,-22.82902,0,66E9719B-D383-AA87-7FAB-D9B4ABE7011C
-27.592527,-23.54493,0,66E9719B-D383-AA87-7FAB-D9B4ABE7011C
-27.508877,-23.790874,0,66E9719B-D383-AA87-7FAB-D9B4ABE7011C
32.717896,26.706688,0,66E9719B-D383-AA87-7FAB-D9B4ABE7011C
32.62964,27.429941,0,66E9719B-D383-AA87-7FAB-D9B4ABE7011C
32.504505,27.938723,2,66E9719B-D383-AA87-7FAB-D9B4ABE7011C
32.302746,28.583319,2,66E9719B-D383-AA87-7FAB-D9B4ABE7011C
32.075726,29.045046,2,66E9719B-D383-AA87-7FAB-D9B4ABE7011C
31.686672,29.552778,2,66E9719B-D383-AA87-7FAB-D9B4ABE7011C
-22.750187,16.66264,2,66E9719B-D383-AA87-7FAB-D9B4ABE7011C
-22.955635,16.481535,2,66E9719B-D383-AA87-7FAB-D9B4ABE7011C
-23.286999,16.172316,2,66E9719B-D383-AA87-7FAB-D9B4ABE7011C
-37.463913,-8.498917,2,66E9719B-D383-AA87-7FAB-D9B4ABE7011C
-37.473602,-8.527235,2,66E9719B-D383-AA87-7FAB-D9B4ABE7011C
-50.702908,-3.5037518,2,66E9719B-D383-AA87-7FAB-D9B4ABE7011C
37.932556,1.5689553,0,66E9719B-D383-AA87-7FAB-D9B4ABE7011C
37.957024,1.6119033,0,66E9719B-D383-AA87-7FAB-D9B4ABE7011C
38.678467,1.9880987,2,66E9719B-D383-AA87-7FAB-D9B4ABE7011C
-24.412457,10.019265,2,66E9719B-D383-AA87-7FAB-D9B4ABE7011C
-25.076298,9.91397,0,66E9719B-D383-AA87-7FAB-D9B4ABE7011C
-6.425733,36.446228,0,66E9719B-D383-AA87-7FAB-D9B4ABE7011C
84.76058,-9.403552,2,68339CF4-6AFB-7EFB-40EA-238612F8E5A4
84.932625,-8.863672,2,68339CF4-6AFB-7EFB-40EA-238612F8E5A4
84.801285,-7.5170302,2,68339CF4-6AFB-7EFB-40EA-238612F8E5A4
85.35632,-6.521743,2,68339CF4-6AFB-7EFB-40EA-238612F8E5A4
-26.629389,12.682085,2,68339CF4-6AFB-7EFB-40EA-238612F8E5A4
-6.7162614,15.730663,2,68339CF4-6AFB-7EFB-40EA-238612F8E5A4
-6.833366,15.487906,2,68339CF4-6AFB-7EFB-40EA-238612F8E5A4
-7.3473835,14.595941,2,68339CF4-6AFB-7EFB-40EA-238612F8E5A4
-7.8931847,14.0593405,2,68339CF4-6AFB-7EFB-40EA-238612F8E5A4
-8.253566,13.807499,2,68339CF4-6AFB-7EFB-40EA-238612F8E5A4
-8.649701,13.707869,2,68339CF4-6AFB-7EFB-40EA-238612F8E5A4
-9.159682,13.941592,2,68339CF4-6AFB-7EFB-40EA-238612F8E5A4
21.320808,9.0295315,2,68339CF4-6AFB-7EFB-40EA-238612F8E5A4
47.604206,8.105771,2,68339CF4-6AFB-7EFB-40EA-238612F8E5A4
47.657394,8.100801,2,68339CF4-6AFB-7EFB-40EA-238612F8E5A4
50.808117,4.3925724,2,68339CF4-6AFB-7EFB-40EA-238612F8E5A4
81.98575,-19.821785,2,68339CF4-6AFB-7EFB-40EA-238612F8E5A4
82.11152,-19.827036,2,68339CF4-6AFB-7EFB-40EA-238612F8E5A4
-30.994648,-13.444122,1,68339CF4-6AFB-7EFB-40EA-238612F8E5A4
-31.437096,-13.086851,1,68339CF4-6AFB-7EFB-40EA-238612F8E5A4
-31.473707,-12.945839,1,68339CF4-6AFB-7EFB-40EA-238612F8E5A4
-31.842012,-11.454607,1,68339CF4-6AFB-7EFB-40EA-238612F8E5A4
-32.073048,-11.406824,1,68339CF4-6AFB-7EFB-40EA-238612F8E5A4
-32.36107,-11.153352,1,68339CF4-6AFB-7EFB-40EA-238612F8E5A4
20.924494,30.721102,2,6B1E25A6-882B-DDD7-CE4F-4EC17A0906CF
13.026455,49.80823,0,6B1E25A6-882B-DDD7-CE4F-4EC17A0906CF
13.092079,49.62448,0,6B1E25A6-882B-DDD7-CE4F-4EC17A0906CF
13.437514,48.647114,0,6B1E25A6-882B-DDD7-CE4F-4EC17A0906CF
20.816685,39.79722,0,6B1E25A6-882B-DDD7-CE4F-4EC17A0906CF
21.171053,39.485535,1,6B1E25A6-882B-DDD7-CE4F-4EC17A0906CF
21.860699,38.884205,2,6B1E25A6-882B-DDD7-CE4F-4EC17A0906CF
21.897415,38.863445,0,6B1E25A6-882B-DDD7-CE4F-4EC17A0906CF
22.981226,37.91856,0,6B1E25A6-882B-DDD7-CE4F-4EC17A0906CF
23.090677,38.00499,2,6B1E25A6-882B-DDD7-CE4F-4EC17A0906CF
53.458916,3.847257,2,6B1E25A6-882B-DDD7-CE4F-4EC17A0906CF
1.4851865,-52.75355,2,6B1E25A6-882B-DDD7-CE4F-4EC17A0906CF
0.32115284,-57.054,2,6B1E25A6-882B-DDD7-CE4F-4EC17A0906CF
-2.999223,-59.991497,0,6B1E25A6-882B-DDD7-CE4F-4EC17A0906CF
-3.2671707,-59.819927,0,6B1E25A6-882B-DDD7-CE4F-4EC17A0906CF
-7.5345325,-23.95919,0,6B1E25A6-882B-DDD7-CE4F-4EC17A0906CF
-7.4714904,-23.390127,0,6B1E25A6-882B-DDD7-CE4F-4EC17A0906CF
-7.313782,-23.138391,0,6B1E25A6-882B-DDD7-CE4F-4EC17A0906CF
16.938894,33.330765,0,6B1E25A6-882B-DDD7-CE4F-4EC17A0906CF
16.918442,33.340496,0,6B1E25A6-882B-DDD7-CE4F-4EC17A0906CF
-15.975225,39.213314,0,6B1E25A6-882B-DDD7-CE4F-4EC17A0906CF
-15.775495,39.488373,0,6B1E25A6-882B-DDD7-CE4F-4EC17A0906CF
-14.699477,40.45395,0,6B1E25A6-882B-DDD7-CE4F-4EC17A0906CF
-14.570574,40.57626,0,6B1E25A6-882B-DDD7-CE4F-4EC17A0906CF
-30.84622,58.56431,2,6B690AF9-8440-1C43-B353-FA85266AA12C
-30.843477,58.578598,2,6B690AF9-8440-1C43-B353-FA85266AA12C
12.115647,-16.777536,2,6B690AF9-8440-1C43-B353-FA85266AA12C
13.787879,-16.909,2,6B690AF9-8440-1C43-B353-FA85266AA12C
14.706517,-15.752784,2,6B690AF9-8440-1C43-B353-FA85266AA12C
14.688564,-15.779246,2,6B690AF9-8440-1C43-B353-FA85266AA12C
-51.25616,-44.85846,2,6B690AF9-8440-1C43-B353-FA85266AA12C
-51.04831,-44.7763,2,6B690AF9-8440-1C43-B353-FA85266AA12C
-50.139145,-44.40562,2,6B690AF9-8440-1C43-B353-FA85266AA12C
-48.888287,-43.837337,1,6B690AF9-8440-1C43-B353-FA85266AA12C
-48.3924,-43.59311,1,6B690AF9-8440-1C43-B353-FA85266AA12C
-47.812305,-43.291027,2,6B690AF9-8440-1C43-B353-FA85266AA12C
85.12221,-14.49045,0,6B690AF9-8440-1C43-B353-FA85266AA12C
36.62891,5.680101,0,6B690AF9-8440-1C43-B353-FA85266AA12C
36.911514,5.894278,0,6B690AF9-8440-1C43-B353-FA85266AA12C
-41.10875,-34.275352,0,6B690AF9-8440-1C43-B353-FA85266AA12C
-41.426598,-33.945354,1,6B690AF9-8440-1C43-B353-FA85266AA12C
-41.56456,-33.805347,1,6B690AF9-8440-1C43-B353-FA85266AA12C
-11.22829,10.599038,2,6C9454F6-2AA4-4C25-0387-C6CA7AFC4C13
-11.487949,10.60798,2,6C9454F6-2AA4-4C25-0387-C6CA7AFC4C13
-11.788479,10.582109,2,6C9454F6-2AA4-4C25-0387-C6CA7AFC4C13
-47.38374,11.235508,2,6C9454F6-2AA4-4C25-0387-C6CA7AFC4C13
-47.882854,11.085629,2,6C9454F6-2AA4-4C25-0387-C6CA7AFC4C13
-48.590008,11.000947,2,6C9454F6-2AA4-4C25-0387-C6CA7AFC4C13
-17.800934,26.308445,2,6C9454F6-2AA4-4C25-0387-C6CA7AFC4C13
48.678207,34.16938,2,6C9454F6-2AA4-4C25-0387-C6CA7AFC4C13
48.843292,34.152676,2,6C9454F6-2AA4-4C25-0387-C6CA7AFC4C13
49.29681,34.1097,0,6C9454F6-2AA4-4C25-0387-C6CA7AFC4C13
49.50598,34.09263,0,6C9454F6-2AA4-4C25-0387-C6CA7AFC4C13
68.26617,-6.6612554,0,6C9454F6-2AA4-4C25-0387-C6CA7AFC4C13
40.130474,4.0538096,1,6C9454F6-2AA4-4C25-0387-C6CA7AFC4C13
40.08707,4.0607924,1,6C9454F6-2AA4-4C25-0387-C6CA7AFC4C13
26.311722,19.875143,2,6C9454F6-2AA4-4C25-0387-C6CA7AFC4C13
26.161716,19.623352,2,6C9454F6-2AA4-4C25-0387-C6CA7AFC4C13
-32.1503,25.952904,2,6C9454F6-2AA4-4C25-0387-C6CA7AFC4C13
-31.607252,26.001478,2,6C9454F6-2AA4-4C25-0387-C6CA7AFC4C13
54.024807,-26.433424,0,6C9454F6-2AA4-4C25-0387-C6CA7AFC4C13
54.148705,-26.42659,0,6C9454F6-2AA4-4C25-0387-C6CA7AFC4C13
53.09729,-26.442352,0,6C9454F6-2AA4-4C25-0387-C6CA7AFC4C13
70.09068,4.5773845,0,6C9454F6-2AA4-4C25-0387-C6CA7AFC4C13
69.612755,2.495741,0,6C9454F6-2AA4-4C25-0387-C6CA7AFC4C13
69.23902,2.0318265,0,6C9454F6-2AA4-4C25-0387-C6CA7AFC4C13
66.68007,-30.212471,1,70432028-81AF-D67A-251E-D2F807AB93CF
82.79392,-9.994416,1,70432028-81AF-D67A-251E-D2F807AB93CF
1.4212873,-56.453285,1,70432028-81AF-D67A-251E-D2F807AB93CF
-7.114442,-56.415348,1,70432028-81AF-D67A-251E-D2F807AB93CF
-30.397606,16.943169,1,70432028-81AF-D67A-251E-D2F807AB93CF
-30.448654,16.985458,1,70432028-81AF-D67A-251E-D2F807AB93CF
71.598305,1.7273561,2,70432028-81AF-D67A-251E-D2F807AB93CF
72.44267,-0.36408043,0,70432028-81AF-D67A-251E-D2F807AB93CF
73.02397,-5.3686185,0,70432028-81AF-D67A-251E-D2F807AB93CF
54.93829,11.281909,0,70432028-81AF-D67A-251E-D2F807AB93CF
54.691124,12.035308,0,70432028-81AF-D67A-251E-D2F807AB93CF
54.565422,12.388752,2,70432028-81AF-D67A-251E-D2F807AB93CF
79.37321,-10.884177,0,70432028-81AF-D67A-251E-D2F807AB93CF
79.323746,-10.581788,0,70432028-81AF-D67A-251E-D2F807AB93CF
57.15171,-2.4625156,0,70432028-81AF-D67A-251E-D2F807AB93CF
56.92153,-1.4449059,2,70432028-81AF-D67A-251E-D2F807AB93CF
56.859005,-1.2304099,2,70432028-81AF-D67A-251E-D2F807AB93CF
-6.071006,-10.401804,2,70432028-81AF-D67A-251E-D2F807AB93CF
-5.7416053,-10.160385,2,70432028-81AF-D67A-251E-D2F807AB93CF
-8.177056,0.9786198,2,70432028-81AF-D67A-251E-D2F807AB93CF
-8.181167,1.0137776,2,70432028-81AF-D67A-251E-D2F807AB93CF
-40.984406,-15.102731,2,70432028-81AF-D67A-251E-D2F807AB93CF
-41.043026,-15.26843,2,70432028-81AF-D67A-251E-D2F807AB93CF
-41.244755,-15.594592,2,70432028-81AF-D67A-251E-D2F807AB93CF
-8.529089,-46.452114,0,718078D1-70DB-2916-366D-1119A22DCD7F
-7.8064303,-45.23328,0,718078D1-70DB-2916-366D-1119A22DCD7F
-26.624905,-28.02031,0,718078D1-70DB-2916-366D-1119A22DCD7F
-27.405354,-27.427622,0,718078D1-70DB-2916-366D-1119A22DCD7F
-27.72356,-27.328434,0,718078D1-70DB-2916-366D-1119A22DCD7F
-27.941986,-27.223541,0,718078D1-70DB-2916-366D-1119A22DCD7F
-44.59064,-21.98179,0,718078D1-70DB-2916-366D-1119A22DCD7F
-44.72719,-21.648258,0,718078D1-70DB-2916-366D-1119A22DCD7F
-1.9215376,-27.362415,0,718078D1-70DB-2916-366D-1119A22DCD7F
-1.8800747,-27.42202,0,718078D1-70DB-2916-366D-1119A22DCD7F
-38.835278,-9.397519,1,718078D1-70DB-2916-366D-1119A22DCD7F
6.85167,-49.143105,1,718078D1-70DB-2916-366D-1119A22DCD7F
-11.053737,-41.813564,2,718078D1-70DB-2916-366D-1119A22DCD7F
-11.066253,-41.80581,2,718078D1-70DB-2916-366D-1119A22DCD7F
-6.2654867,-1.6859913,2,718078D1-70DB-2916-366D-1119A22DCD7F
-6.5761385,-1.6691301,2,718078D1-70DB-2916-366D-1119A22DCD7F
-6.9785194,-1.6938156,2,718078D1-70DB-2916-366D-1119A22DCD7F
-10.202421,15.232922,2,718078D1-70DB-2916-366D-1119A22DCD7F
-22.38606,-9.422094,1,718078D1-70DB-2916-366D-1119A22DCD7F
-19.070251,-11.044218,1,718078D1-70DB-2916-366D-1119A22DCD7F
-19.02008,-11.292426,1,718078D1-70DB-2916-366D-1119A22DCD7F
-18.848099,-11.530136,1,718078D1-70DB-2916-366D-1119A22DCD7F
-17.549274,-11.081708,0,718078D1-70DB-2916-366D-1119A22DCD7F
-17.017618,-11.1795635,0,718078D1-70DB-2916-366D-1119A22DCD7F
1.6857238,-2.732847,2,72B642AD-2D4A-574F-05EC-EC93C0C52335
-19.672918,23.554712,2,72B642AD-2D4A-574F-05EC-EC93C0C52335
-19.824142,23.997814,2,72B642AD-2D4A-574F-05EC-EC93C0C52335
-20.059027,24.735416,2,72B642AD-2D4A-574F-05EC-EC93C0C52335
-20.907871,25.859596,2,72B642AD-2D4A-574F-05EC-EC93C0C52335
-20.872868,25.823961,2,72B642AD-2D4A-574F-05EC-EC93C0C52335
23.92046,16.712343,2,72B642AD-2D4A-574F-05EC-EC93C0C52335
23.246119,16.841503,2,72B642AD-2D4A-574F-05EC-EC93C0C52335
23.027191,16.868895,2,72B642AD-2D4A-574F-05EC-EC93C0C52335
-71.40392,-11.008973,2,72B642AD-2D4A-574F-05EC-EC93C0C52335
-71.65771,-11.298405,2,72B642AD-2D4A-574F-05EC-EC93C0C52335
-71.91268,-11.633332,2,72B642AD-2D4A-574F-05EC-EC93C0C52335
46.48952,14.523095,2,72B642AD-2D4A-574F-05EC-EC93C0C52335
46.59264,14.458642,2,72B642AD-2D4A-574F-05EC-EC93C0C52335
48.013844,11.704358,2,72B642AD-2D4A-574F-05EC-EC93C0C52335
47.76501,11.534027,2,72B642AD-2D4A-574F-05EC-EC93C0C52335
78.22928,-11.581874,2,72B642AD-2D4A-574F-05EC-EC93C0C52335
78.04028,-11.960191,1,72B642AD-2D4A-574F-05EC-EC93C0C52335
39.100307,9.581641,1,72B642AD-2D4A-574F-05EC-EC93C0C52335
67.54957,1.7866573,1,72B642AD-2D4A-574F-05EC-EC93C0C52335
76.98022,-11.859075,1,72B642AD-2D4A-574F-05EC-EC93C0C52335
76.91281,-11.222206,1,72B642AD-2D4A-574F-05EC-EC93C0C52335
75.87437,-11.246509,1,72B642AD-2D4A-574F-05EC-EC93C0C52335
-2.3127513,-56.509293,1,72B642AD-2D4A-574F-05EC-EC93C0C52335
-2.390892,-56.45275,1,72B642AD-2D4A-574F-05EC-EC93C0C52335
-7.694749,-39.057358,1,72B642AD-2D4A-574F-05EC-EC93C0C52335
-8.018382,-38.90968,2,72B642AD-2D4A-574F-05EC-EC93C0C52335
-9.118145,-38.23652,2,72B642AD-2D4A-574F-05EC-EC93C0C52335
-10.262927,-37.64144,2,72B642AD-2D4A-574F-05EC-EC93C0C52335
-10.2987385,-37.626396,2,72B642AD-2D4A-574F-05EC-EC93C0C52335
-9.264692,-47.170784,2,7417E7AB-C723-0958-F8EE-DDA4DED65165
-11.374618,-47.615067,2,7417E7AB-C723-0958-F8EE-DDA4DED65165
-12.1916065,-47.832752,2,7417E7AB-C723-0958-F8EE-DDA4DED65165
-13.462083,-48.21777,2,7417E7AB-C723-0958-F8EE-DDA4DED65165
-13.917336,-48.36962,2,7417E7AB-C723-0958-F8EE-DDA4DED65165
-14.424938,-48.54172,2,7417E7AB-C723-0958-F8EE-DDA4DED65165
15.606358,38.774788,2,7417E7AB-C723-0958-F8EE-DDA4DED65165
16.153101,38.176373,2,7417E7AB-C723-0958-F8EE-DDA4DED65165
16.350927,38.020317,2,7417E7AB-C723-0958-F8EE-DDA4DED65165
16.852743,37.599354,0,7417E7AB-C723-0958-F8EE-DDA4DED65165
39.247578,16.548845,0,7417E7AB-C723-0958-F8EE-DDA4DED65165
39.397934,16.627228,0,7417E7AB-C723-0958-F8EE-DDA4DED65165
43.004772,15.647537,0,761D024F-3C62-5326-601A-88D436C7726A
43.045315,15.788942,1,761D024F-3C62-5326-601A-88D436C7726A
43.601913,16.6469,0,761D024F-3C62-5326-601A-88D436C7726A
44.274918,16.850544,0,761D024F-3C62-5326-601A-88D436C7726A
52.442238,3.9553235,0,761D024F-3C62-5326-601A-88D436C7726A
52.261154,3.353783,0,761D024F-3C62-5326-601A-88D436C7726A
57.088234,-22.68193,0,761D024F-3C62-5326-601A-88D436C7726A
-1.5535682,31.063982,0,761D024F-3C62-5326-601A-88D436C7726A
-41.49517,1.1921672,1,761D024F-3C62-5326-601A-88D436C7726A
-40.830963,1.4213992,1,761D024F-3C62-5326-601A-88D436C7726A
-40.707058,1.8665237,1,761D024F-3C62-5326-601A-88D436C7726A
-40.559814,2.3714123,1,761D024F-3C62-5326-601A-88D436C7726A
-40.63746,3.039671,0,761D024F-3C62-5326-601A-88D436C7726A
-2.2019708,-8.844932,0,761D024F-3C62-5326-601A-88D436C7726A
-1.9309392,-9.020088,0,761D024F-3C62-5326-601A-88D436C7726A
-1.3225204,-9.483686,0,761D024F-3C62-5326-601A-88D436C7726A
5.642328,-17.505033,0,761D024F-3C62-5326-601A-88D436C7726A
5.6554623,-17.534584,0,761D024F-3C62-5326-601A-88D436C7726A
-25.988384,-1.1731248,1,761D024F-3C62-5326-601A-88D436C7726A
20.634306,-11.57204,1,761D024F-3C62-5326-601A-88D436C7726A
-4.7701445,-7.096771,1,761D024F-3C62-5326-601A-88D436C7726A
-4.804771,-7.0779653,1,761D024F-3C62-5326-601A-88D436C7726A
-37.96625,-2.2946854,1,761D024F-3C62-5326-601A-88D436C7726A
-37.163162,-2.4286375,1,761D024F-3C62-5326-601A-88D436C7726A
-5.081635,41.82079,2,761D024F-3C62-5326-601A-88D436C7726A
-5.0255685,42.06418,2,761D024F-3C62-5326-601A-88D436C7726A
-4.5649595,43.60659,2,761D024F-3C62-5326-601A-88D436C7726A
-4.570176,43.613224,2,761D024F-3C62-5326-601A-88D436C7726A
-4.9687176,44.32114,2,761D024F-3C62-5326-601A-88D436C7726A
42.496998,-11.747468,2,761D024F-3C62-5326-601A-88D436C7726A
-34.7633,-22.255737,2,772BA0E9-AC30-CEA6-AA1B-18A0300702AA
-50.01361,7.5124474,2,772BA0E9-AC30-CEA6-AA1B-18A0300702AA
-49.853832,7.6689706,2,772BA0E9-AC30-CEA6-AA1B-18A0300702AA
-49.4518,8.171079,2,772BA0E9-AC30-CEA6-AA1B-18A0300702AA
-8.815231,26.805243,2,772BA0E9-AC30-CEA6-AA1B-18A0300702AA
-8.801162,26.780079,2,772BA0E9-AC30-CEA6-AA1B-18A0300702AA
3.3966172,20.68255,2,772BA0E9-AC30-CEA6-AA1B-18A0300702AA
57.072483,-11.031947,2,772BA0E9-AC30-CEA6-AA1B-18A0300702AA
38.620075,-36.898323,2,772BA0E9-AC30-CEA6-AA1B-18A0300702AA
38.60744,-36.908154,2,772BA0E9-AC30-CEA6-AA1B-18A0300702AA
-40.7492,10.808128,2,772BA0E9-AC30-CEA6-AA1B-18A0300702AA
-40.721752,10.992964,2,772BA0E9-AC30-CEA6-AA1B-18A0300702AA
-40.613934,11.946405,2,772BA0E9-AC30-CEA6-AA1B-18A0300702AA
-12.429572,64.993355,2,772BA0E9-AC30-CEA6-AA1B-18A0300702AA
-12.417775,65.157555,2,772BA0E9-AC30-CEA6-AA1B-18A0300702AA
-12.467411,65.9668,2,772BA0E9-AC30-CEA6-AA1B-18A0300702AA
-12.579457,66.29456,1,772BA0E9-AC30-CEA6-AA1B-18A0300702AA
-11.704145,66.221375,1,772BA0E9-AC30-CEA6-AA1B-18A0300702AA
69.34998,-20.846073,1,772BA0E9-AC30-CEA6-AA1B-18A0300702AA
68.21958,-18.457876,1,772BA0E9-AC30-CEA6-AA1B-18A0300702AA
68.10557,-18.33767,1,772BA0E9-AC30-CEA6-AA1B-18A0300702AA
54.557106,-13.947903,1,772BA0E9-AC30-CEA6-AA1B-18A0300702AA
54.53664,-13.896085,0,772BA0E9-AC30-CEA6-AA1B-18A0300702AA
54.47997,-13.93707,0,772BA0E9-AC30-CEA6-AA1B-18A0300702AA
-2.0783105,35.68779,1,772BA0E9-AC30-CEA6-AA1B-18A0300702AA
-2.3545332,35.48531,2,772BA0E9-AC30-CEA6-AA1B-18A0300702AA
-2.670649,35.260212,2,772BA0E9-AC30-CEA6-AA1B-18A0300702AA
-8.588112,23.552126,2,772BA0E9-AC30-CEA6-AA1B-18A0300702AA
-9.154196,23.956427,2,772BA0E9-AC30-CEA6-AA1B-18A0300702AA
-9.685661,24.483181,2,772BA0E9-AC30-CEA6-AA1B-18A0300702AA
12.630473,29.30421,2,77F6B31E-B228-3C6D-A66F-E7E6FDED3587
13.221222,29.809584,2,77F6B31E-B228-3C6D-A66F-E7E6FDED3587
13.635647,30.137712,2,77F6B31E-B228-3C6D-A66F-E7E6FDED3587
13.817827,30.481083,2,77F6B31E-B228-3C6D-A66F-E7E6FDED3587
13.914874,30.633974,2,77F6B31E-B228-3C6D-A66F-E7E6FDED3587
52.348297,18.005219,2,77F6B31E-B228-3C6D-A66F-E7E6FDED3587
-22.936487,34.14461,2,77F6B31E-B228-3C6D-A66F-E7E6FDED3587
-23.12138,33.631542,2,77F6B31E-B228-3C6D-A66F-E7E6FDED3587
-23.65441,33.285973,2,77F6B31E-B228-3C6D-A66F-E7E6FDED3587
-45.36568,31.383247,2,77F6B31E-B228-3C6D-A66F-E7E6FDED3587
-44.577755,31.736612,2,77F6B31E-B228-3C6D-A66F-E7E6FDED3587
-44.36398,31.780008,2,77F6B31E-B228-3C6D-A66F-E7E6FDED3587
30.956306,7.6503673,0,77F6B31E-B228-3C6D-A66F-E7E6FDED3587
30.675217,7.6907263,0,77F6B31E-B228-3C6D-A66F-E7E6FDED3587
29.193342,7.7821765,0,77F6B31E-B228-3C6D-A66F-E7E6FDED3587
28.691858,7.753049,0,77F6B31E-B228-3C6D-A66F-E7E6FDED3587
28.107058,7.685746,0,77F6B31E-B228-3C6D-A66F-E7E6FDED3587
-53.276142,-1.6010196,2,77F6B31E-B228-3C6D-A66F-E7E6FDED3587
-46.817482,-36.71021,1,77F6B31E-B228-3C6D-A66F-E7E6FDED3587
-46.818546,-36.70961,1,77F6B31E-B228-3C6D-A66F-E7E6FDED3587
21.051603,-20.860712,0,77F6B31E-B228-3C6D-A66F-E7E6FDED3587
21.089056,-20.882078,0,77F6B31E-B228-3C6D-A66F-E7E6FDED3587
25.061937,-13.65306,0,77F6B31E-B228-3C6D-A66F-E7E6FDED3587
21.666992,-25.308847,0,77F6B31E-B228-3C6D-A66F-E7E6FDED3587
-2.9950569,-17.065372,1,77F6B31E-B228-3C6D-A66F-E7E6FDED3587
-2.6801312,-17.851261,1,77F6B31E-B228-3C6D-A66F-E7E6FDED3587
-2.4769666,-18.353006,1,77F6B31E-B228-3C6D-A66F-E7E6FDED3587
-33.276012,-7.7091975,1,77F6B31E-B228-3C6D-A66F-E7E6FDED3587
-33.32802,-8.093444,1,77F6B31E-B228-3C6D-A66F-E7E6FDED3587
-33.34983,-8.281904,1,77F6B31E-B228-3C6D-A66F-E7E6FDED3587
68.93893,-4.571788,0,7B8B31F4-FFC3-7A4E-3EAF-78D5CA8ACB61
42.332146,-18.66409,0,7B8B31F4-FFC3-7A4E-3EAF-78D5CA8ACB61
-54.412342,-35.707077,0,7B8B31F4-FFC3-7A4E-3EAF-78D5CA8ACB61
-54.156845,-35.19723,1,7B8B31F4-FFC3-7A4E-3EAF-78D5CA8ACB61
-54.002388,-34.890095,1,7B8B31F4-FFC3-7A4E-3EAF-78D5CA8ACB61
-53.32444,-33.723152,1,7B8B31F4-FFC3-7A4E-3EAF-78D5CA8ACB61
-22.749437,-37.83713,1,7B8B31F4-FFC3-7A4E-3EAF-78D5CA8ACB61
-22.77994,-37.77991,1,7B8B31F4-FFC3-7A4E-3EAF-78D5CA8ACB61
-23.377907,-36.812935,2,7B8B31F4-FFC3-7A4E-3EAF-78D5CA8ACB61
-23.565628,-36.528164,2,7B8B31F4-FFC3-7A4E-3EAF-78D5CA8ACB61
9.848094,-7.1311603,2,7B8B31F4-FFC3-7A4E-3EAF-78D5CA8ACB61
20.192133,24.998241,2,7B8B31F4-FFC3-7A4E-3EAF-78D5CA8ACB61
43.004948,17.864035,2,7B8B31F4-FFC3-7A4E-3EAF-78D5CA8ACB61
65.86502,-9.8531275,2,7B8B31F4-FFC3-7A4E-3EAF-78D5CA8ACB61
71.86899,-12.70998,0,7B8B31F4-FFC3-7A4E-3EAF-78D5CA8ACB61
73.12901,-12.864942,0,7B8B31F4-FFC3-7A4E-3EAF-78D5CA8ACB61
54.802994,-2.9844267,0,7B8B31F4-FFC3-7A4E-3EAF-78D5CA8ACB61
54.79747,-2.9746678,0,7B8B31F4-FFC3-7A4E-3EAF-78D5CA8ACB61
34.26311,-16.770126,0,7B8B31F4-FFC3-7A4E-3EAF-78D5CA8ACB61
37.374092,-10.964682,1,7B8B31F4-FFC3-7A4E-3EAF-78D5CA8ACB61
-61.300285,-23.626543,1,7B8B31F4-FFC3-7A4E-3EAF-78D5CA8ACB61
-61.11834,-23.279581,1,7B8B31F4-FFC3-7A4E-3EAF-78D5CA8ACB61
-60.90131,-22.769884,1,7B8B31F4-FFC3-7A4E-3EAF-78D5CA8ACB61
-60.79566,-22.523485,1,7B8B31F4-FFC3-7A4E-3EAF-78D5CA8ACB61
61.54271,-0.46007854,0,7DC9729F-BA27-3831-6078-F8508766396A
39.093914,-43.63598,0,7DC9729F-BA27-3831-6078-F8508766396A
37.872433,-43.66308,0,7DC9729F-BA27-3831-6078-F8508766396A
37.870483,-43.646626,2,7DC9729F-BA27-3831-6078-F8508766396A
37.962414,-43.73217,2,7DC9729F-BA27-3831-6078-F8508766396A
36.764633,-44.13038,2,7DC9729F-BA27-3831-6078-F8508766396A
19.743034,-35.279415,2,7DC9729F-BA27-3831-6078-F8508766396A
19.744322,-35.276653,2,7DC9729F-BA27-3831-6078-F8508766396A
64.59295,-14.04935,0,7DC9729F-BA27-3831-6078-F8508766396A
36.683273,-17.13708,0,7DC9729F-BA27-3831-6078-F8508766396A
37.487827,-16.965868,0,7DC9729F-BA27-3831-6078-F8508766396A
37.66503,-16.90972,0,7DC9729F-BA27-3831-6078-F8508766396A
-17.206821,38.900585,2,7DC9729F-BA27-3831-6078-F8508766396A
19.373537,30.326069,2,7DC9729F-BA27-3831-6078-F8508766396A
19.795338,30.321688,2,7DC9729F-BA27-3831-6078-F8508766396A
0.46661055,2.1258266,2,7DC9729F-BA27-3831-6078-F8508766396A
0.20240085,2.85523,2,7DC9729F-BA27-3831-6078-F8508766396A
0.1194692,3.1291687,2,7DC9729F-BA27-3831-6078-F8508766396A
33.792404,-33.399162,0,7DC9729F-BA27-3831-6078-F8508766396A
33.65281,-33.70108,0,7DC9729F-BA27-3831-6078-F8508766396A
32.97914,-35.210457,0,7DC9729F-BA27-3831-6078-F8508766396A
32.630726,-35.977245,2,7DC9729F-BA27-3831-6078-F8508766396A
32.563293,-36.118465,2,7DC9729F-BA27-3831-6078-F8508766396A
32.30109,-36.746582,2,7DC9729F-BA27-3831-6078-F8508766396A
-28.28816,7.8235555,1,7FB7C50A-30EA-A991-0C04-7FFA681B8803
-28.145027,7.742453,1,7FB7C50A-30EA-A991-0C04-7FFA681B8803
-27.858936,7.218232,1,7FB7C50A-30EA-A991-0C04-7FFA681B8803
-27.562824,6.58691,1,7FB7C50A-30EA-A991-0C04-7FFA681B8803
-27.38891,6.1350007,1,7FB7C50A-30EA-A991-0C04-7FFA681B8803
-46.748413,-6.2620196,1,7FB7C50A-30EA-A991-0C04-7FFA681B8803
66.146286,-30.364006,2,8322EDEF-4C09-318A-1B7E-56D62A6839AD
70.587395,-22.457193,2,8322EDEF-4C09-318A-1B7E-56D62A6839AD
70.49907,-22.487038,2,8322EDEF-4C09-318A-1B7E-56D62A6839AD
67.55696,-22.388851,0,8322EDEF-4C09-318A-1B7E-56D62A6839AD
43.149277,5.306024,0,8322EDEF-4C09-318A-1B7E-56D62A6839AD
27.04489,-33.825638,0,8322EDEF-4C09-318A-1B7E-56D62A6839AD
81.87901,-21.803154,0,8322EDEF-4C09-318A-1B7E-56D62A6839AD
75.841774,-15.635365,0,8322EDEF-4C09-318A-1B7E-56D62A6839AD
75.804565,-15.482168,0,8322EDEF-4C09-318A-1B7E-56D62A6839AD
75.26414,5.274564,0,8322EDEF-4C09-318A-1B7E-56D62A6839AD
75.330414,6.24947,2,8322EDEF-4C09-318A-1B7E-56D62A6839AD
4.814837,-1.6668042,2,8322EDEF-4C09-318A-1B7E-56D62A6839AD
-28.191048,24.787193,0,8322EDEF-4C09-318A-1B7E-56D62A6839AD
-28.305988,24.898932,0,8322EDEF-4C09-318A-1B7E-56D62A6839AD
-39.13753,37.23804,0,8322EDEF-4C09-318A-1B7E-56D62A6839AD
-39.128082,37.56996,0,8322EDEF-4C09-318A-1B7E-56D62A6839AD
-38.96901,37.989582,2,8322EDEF-4C09-318A-1B7E-56D62A6839AD
-38.32622,38.828636,2,8322EDEF-4C09-318A-1B7E-56D62A6839AD
-37.979362,39.278202,2,8322EDEF-4C09-318A-1B7E-56D62A6839AD
-23.768095,-1.663694,2,8322EDEF-4C09-318A-1B7E-56D62A6839AD
-23.73916,-1.7716842,2,8322EDEF-4C09-318A-1B7E-56D62A6839AD
-22.579311,-1.8587497,0,8322EDEF-4C09-318A-1B7E-56D62A6839AD
-22.344822,-1.9416012,0,8322EDEF-4C09-318A-1B7E-56D62A6839AD
-19.864962,-14.293217,0,8322EDEF-4C09-318A-1B7E-56D62A6839AD
-24.643364,-16.55748,1,8322EDEF-4C09-318A-1B7E-56D62A6839AD
-24.392054,-16.5033,1,8322EDEF-4C09-318A-1B7E-56D62A6839AD
-24.108265,-16.286247,1,8322EDEF-4C09-318A-1B7E-56D62A6839AD
9.928596,-34.91676,1,8322EDEF-4C09-318A-1B7E-56D62A6839AD
10.950571,-34.384914,1,8322EDEF-4C09-318A-1B7E-56D62A6839AD
10.980013,-34.235622,1,8322EDEF-4C09-318A-1B7E-56D62A6839AD
85.79159,-14.96933,1,8322EDEF-4C09-318A-1B7E-56D62A6839AD
86.4799,-15.084888,1,8322EDEF-4C09-318A-1B7E-56D62A6839AD
60.473404,4.927279,1,8322EDEF-4C09-318A-1B7E-56D62A6839AD
60.241547,5.9823804,1,8322EDEF-4C09-318A-1B7E-56D62A6839AD
59.65221,6.526912,1,8322EDEF-4C09-318A-1B7E-56D62A6839AD
58.70217,6.7806563,1,8322EDEF-4C09-318A-1B7E-56D62A6839AD
-32.3256,-14.168573,0,8407F9C4-C295-8C95-C281-584AF2118F84
-29.820282,-15.2594385,0,8407F9C4-C295-8C95-C281-584AF2118F84
-30.583,-16.164268,0,8407F9C4-C295-8C95-C281-584AF2118F84
-30.701157,-16.461327,0,8407F9C4-C295-8C95-C281-584AF2118F84
27.599606,-40.91935,0,8407F9C4-C295-8C95-C281-584AF2118F84
27.603228,-40.917313,0,8407F9C4-C295-8C95-C281-584AF2118F84
57.377243,2.862416,2,8407F9C4-C295-8C95-C281-584AF2118F84
62.50719,8.797875,2,8407F9C4-C295-8C95-C281-584AF2118F84
62.642628,9.0027,2,8407F9C4-C295-8C95-C281-584AF2118F84
63.025864,9.417819,0,8407F9C4-C295-8C95-C281-584AF2118F84
63.48741,11.070498,0,8407F9C4-C295-8C95-C281-584AF2118F84
63.53777,11.252222,0,8407F9C4-C295-8C95-C281-584AF2118F84
-62.670364,4.8547025,2,8407F9C4-C295-8C95-C281-584AF2118F84
23.936441,2.0695918,2,8407F9C4-C295-8C95-C281-584AF2118F84
23.940634,2.0438354,2,8407F9C4-C295-8C95-C281-584AF2118F84
-35.505093,-33.031994,2,8407F9C4-C295-8C95-C281-584AF2118F84
-35.406487,-33.014366,2,8407F9C4-C295-8C95-C281-584AF2118F84
-36.278614,-33.239586,2,8407F9C4-C295-8C95-C281-584AF2118F84
-76.44421,8.862962,0,85748DC9-A6DA-334D-6422-BF69EE06A98C
-76.592064,8.47131,0,85748DC9-A6DA-334D-6422-BF69EE06A98C
-76.742165,8.509139,0,85748DC9-A6DA-334D-6422-BF69EE06A98C
-76.72455,7.7202654,0,85748DC9-A6DA-334D-6422-BF69EE06A98C
-76.64442,7.0204306,2,85748DC9-A6DA-334D-6422-BF69EE06A98C
-75.56081,5.052986,2,85748DC9-A6DA-334D-6422-BF69EE06A98C
73.69302,-16.06392,0,85748DC9-A6DA-334D-6422-BF69EE06A98C
54.257595,-16.968534,0,85748DC9-A6DA-334D-6422-BF69EE06A98C
19.396273,62.671986,0,85748DC9-A6DA-334D-6422-BF69EE06A98C
19.50467,62.33505,0,85748DC9-A6DA-334D-6422-BF69EE06A98C
19.756384,61.53806,0,85748DC9-A6DA-334D-6422-BF69EE06A98C
19.766615,61.506123,0,85748DC9-A6DA-334D-6422-BF69EE06A98C
31.714521,15.121367,1,85748DC9-A6DA-334D-6422-BF69EE06A98C
31.574907,15.226874,1,85748DC9-A6DA-334D-6422-BF69EE06A98C
32.02813,14.960474,1,85748DC9-A6DA-334D-6422-BF69EE06A98C
38.431313,42.91519,1,85748DC9-A6DA-334D-6422-BF69EE06A98C
38.249084,42.854755,1,85748DC9-A6DA-334D-6422-BF69EE06A98C
37.109512,42.277695,1,85748DC9-A6DA-334D-6422-BF69EE06A98C
18.944628,-3.6176746,2,862DB2BA-55C9-5794-03BC-FBBA3BEE80C7
22.748661,-0.812972,2,862DB2BA-55C9-5794-03BC-FBBA3BEE80C7
-35.580486,23.081827,2,862DB2BA-55C9-5794-03BC-FBBA3BEE80C7
-35.826782,23.119268,2,862DB2BA-55C9-5794-03BC-FBBA3BEE80C7
-36.94641,23.204227,2,862DB2BA-55C9-5794-03BC-FBBA3BEE80C7
-36.998936,23.222433,2,862DB2BA-55C9-5794-03BC-FBBA3BEE80C7
-44.12628,-52.112095,0,862DB2BA-55C9-5794-03BC-FBBA3BEE80C7
-44.049435,-51.647232,0,862DB2BA-55C9-5794-03BC-FBBA3BEE80C7
-43.992146,-51.29759,0,862DB2BA-55C9-5794-03BC-FBBA3BEE80C7
-43.879284,-50.55445,0,862DB2BA-55C9-5794-03BC-FBBA3BEE80C7
24.235563,-16.269058,0,862DB2BA-55C9-5794-03BC-FBBA3BEE80C7
46.76243,1.8302264,0,862DB2BA-55C9-5794-03BC-FBBA3BEE80C7
-19.391315,-27.445799,1,862DB2BA-55C9-5794-03BC-FBBA3BEE80C7
-19.297903,-30.044678,1,862DB2BA-55C9-5794-03BC-FBBA3BEE80C7
-19.779224,-29.537092,1,862DB2BA-55C9-5794-03BC-FBBA3BEE80C7
-20.702696,-28.696869,1,862DB2BA-55C9-5794-03BC-FBBA3BEE80C7
-21.50064,-28.522263,1,862DB2BA-55C9-5794-03BC-FBBA3BEE80C7
-22.073421,-28.435215,1,862DB2BA-55C9-5794-03BC-FBBA3BEE80C7
38.497578,-6.7554274,0,8690E8B6-9B41-5F0E-C518-8F2D028C6690
20.887863,-11.9683075,0,8690E8B6-9B41-5F0E-C518-8F2D028C6690
-25.741446,55.078865,0,8690E8B6-9B41-5F0E-C518-8F2D028C6690
-25.690054,54.97321,0,8690E8B6-9B41-5F0E-C518-8F2D028C6690
-25.289574,53.767857,0,8690E8B6-9B41-5F0E-C518-8F2D028C6690
-24.94939,52.551903,0,8690E8B6-9B41-5F0E-C518-8F2D028C6690
-24.81659,52.28918,0,8690E8B6-9B41-5F0E-C518-8F2D028C6690
-24.482468,51.82984,0,8690E8B6-9B41-5F0E-C518-8F2D028C6690
-23.91387,51.266018,0,8690E8B6-9B41-5F0E-C518-8F2D028C6690
30.85161,20.419537,0,8690E8B6-9B41-5F0E-C518-8F2D028C6690
73.05505,-10.727692,2,8690E8B6-9B41-5F0E-C518-8F2D028C6690
72.8457,-11.689728,2,8690E8B6-9B41-5F0E-C518-8F2D028C6690
-18.725742,40.535183,2,8690E8B6-9B41-5F0E-C518-8F2D028C6690
-18.941648,41.874073,2,8690E8B6-9B41-5F0E-C518-8F2D028C6690
-18.411377,41.729656,2,8690E8B6-9B41-5F0E-C518-8F2D028C6690
-18.054926,41.594296,1,8690E8B6-9B41-5F0E-C518-8F2D028C6690
27.81272,29.50007,0,8690E8B6-9B41-5F0E-C518-8F2D028C6690
27.885805,29.452396,0,8690E8B6-9B41-5F0E-C518-8F2D028C6690
-51.349785,47.847954,2,8690E8B6-9B41-5F0E-C518-8F2D028C6690
-50.95892,48.00507,2,8690E8B6-9B41-5F0E-C518-8F2D028C6690
-50.186035,48.37855,2,8690E8B6-9B41-5F0E-C518-8F2D028C6690
-49.628494,48.681145,2,8690E8B6-9B41-5F0E-C518-8F2D028C6690
-37.241558,0.89632684,0,8690E8B6-9B41-5F0E-C518-8F2D028C6690
-37.31059,0.979297,0,8690E8B6-9B41-5F0E-C518-8F2D028C6690
66.00988,-30.23448,0,874A6B13-C999-C802-1138-FA198591D897
77.15185,-2.873125,2,874A6B13-C999-C802-1138-FA198591D897
77.24315,-2.8496118,2,874A6B13-C999-C802-1138-FA198591D897
69.961784,-12.113697,2,874A6B13-C999-C802-1138-FA198591D897
5.9705467,-41.565884,0,874A6B13-C999-C802-1138-FA198591D897
5.9674225,-41.545204,0,874A6B13-C999-C802-1138-FA198591D897
-14.326751,-23.485895,1,874A6B13-C999-C802-1138-FA198591D897
-14.36261,-23.35016,1,874A6B13-C999-C802-1138-FA198591D897
-14.57788,-21.96748,2,874A6B13-C999-C802-1138-FA198591D897
-14.849688,-21.26552,2,874A6B13-C999-C802-1138-FA198591D897
-55.435604,11.583638,2,874A6B13-C999-C802-1138-FA198591D897
-55.40069,11.782919,2,874A6B13-C999-C802-1138-FA198591D897
28.299137,-5.954226,1,874A6B13-C999-C802-1138-FA198591D897
28.42952,-6.0965805,2,874A6B13-C999-C802-1138-FA198591D897
29.04828,-6.706854,2,874A6B13-C999-C802-1138-FA198591D897
30.847206,-6.846954,2,874A6B13-C999-C802-1138-FA198591D897
30.947657,-6.728482,2,874A6B13-C999-C802-1138-FA198591D897
31.549776,-6.182153,2,874A6B13-C999-C802-1138-FA198591D897
-52.00839,34.822132,2,874A6B13-C999-C802-1138-FA198591D897
-52.40052,34.124252,1,874A6B13-C999-C802-1138-FA198591D897
-53.020008,33.82763,1,874A6B13-C999-C802-1138-FA198591D897
-54.291904,33.352757,2,874A6B13-C999-C802-1138-FA198591D897
-54.46005,33.306152,2,874A6B13-C999-C802-1138-FA198591D897
-57.615673,33.360966,2,874A6B13-C999-C802-1138-FA198591D897
-58.36639,33.312893,2,874A6B13-C999-C802-1138-FA198591D897
-58.88335,33.30074,2,874A6B13-C999-C802-1138-FA198591D897
-59.572815,33.070297,2,874A6B13-C999-C802-1138-FA198591D897
15.057855,7.855371,2,874A6B13-C999-C802-1138-FA198591D897
14.618959,7.9822073,2,874A6B13-C999-C802-1138-FA198591D897
14.243089,8.109617,2,874A6B13-C999-C802-1138-FA198591D897
-52.319893,17.997732,2,874A6B13-C999-C802-1138-FA198591D897
-52.300297,17.967121,2,874A6B13-C999-C802-1138-FA198591D897
-51.409847,17.500975,2,874A6B13-C999-C802-1138-FA198591D897
-47.821453,36.834526,2,874A6B13-C999-C802-1138-FA198591D897
-48.146652,36.869167,2,874A6B13-C999-C802-1138-FA198591D897
-48.745953,37.002853,1,874A6B13-C999-C802-1138-FA198591D897
24.481356,45.188534,2,874A6B13-C999-C802-1138-FA198591D897
24.27593,45.364906,2,874A6B13-C999-C802-1138-FA198591D897
23.613817,45.938145,2,874A6B13-C999-C802-1138-FA198591D897
-54.926907,24.916397,2,9268F759-54B0-96CC-C0F5-9D8DBAA12073
-54.86946,24.902262,2,9268F759-54B0-96CC-C0F5-9D8DBAA12073
-20.467112,0.78770936,2,9268F759-54B0-96CC-C0F5-9D8DBAA12073
-20.502705,0.80940974,2,9268F759-54B0-96CC-C0F5-9D8DBAA12073
37.029633,9.29791,1,9268F759-54B0-96CC-C0F5-9D8DBAA12073
37.01571,9.299999,1,9268F759-54B0-96CC-C0F5-9D8DBAA12073
17.212349,1.987865,2,9268F759-54B0-96CC-C0F5-9D8DBAA12073
-39.91874,-40.270977,2,9268F759-54B0-96CC-C0F5-9D8DBAA12073
-39.898037,-40.35992,2,9268F759-54B0-96CC-C0F5-9D8DBAA12073
-39.569862,-41.208786,2,9268F759-54B0-96CC-C0F5-9D8DBAA12073
-39.513184,-41.559986,2,9268F759-54B0-96CC-C0F5-9D8DBAA12073
-39.461086,-42.36656,2,9268F759-54B0-96CC-C0F5-9D8DBAA12073
36.514088,-22.10084,0,94AA1B20-A5D9-F2B4-FD96-2F20A00FAE89
37.218792,-24.434908,2,94AA1B20-A5D9-F2B4-FD96-2F20A00FAE89
37.716095,-24.28608,2,94AA1B20-A5D9-F2B4-FD96-2F20A00FAE89
37.850155,-24.216002,2,94AA1B20-A5D9-F2B4-FD96-2F20A00FAE89
37.987568,-23.838398,2,94AA1B20-A5D9-F2B4-FD96-2F20A00FAE89
38.66271,-23.888569,2,94AA1B20-A5D9-F2B4-FD96-2F20A00FAE89
50.44915,-9.275,0,94AA1B20-A5D9-F2B4-FD96-2F20A00FAE89
50.444206,-9.284235,0,94AA1B20-A5D9-F2B4-FD96-2F20A00FAE89
62.21185,-4.1140733,0,94AA1B20-A5D9-F2B4-FD96-2F20A00FAE89
62.776352,-19.373707,0,94AA1B20-A5D9-F2B4-FD96-2F20A00FAE89
62.42994,-20.668198,2,94AA1B20-A5D9-F2B4-FD96-2F20A00FAE89
62.25002,-21.139797,2,94AA1B20-A5D9-F2B4-FD96-2F20A00FAE89
-0.56885076,-64.42232,2,94AA1B20-A5D9-F2B4-FD96-2F20A00FAE89
0.428606,-64.03021,1,94AA1B20-A5D9-F2B4-FD96-2F20A00FAE89
0.54817426,-64.05312,1,94AA1B20-A5D9-F2B4-FD96-2F20A00FAE89
0.8961423,-64.132095,1,94AA1B20-A5D9-F2B4-FD96-2F20A00FAE89
1.0923961,-63.589676,0,94AA1B20-A5D9-F2B4-FD96-2F20A00FAE89
1.316303,-62.96899,0,94AA1B20-A5D9-F2B4-FD96-2F20A00FAE89
23.12812,30.114164,2,96B78431-4166-E4D3-2AA2-15BE2512E1D6
23.4364,29.87901,2,96B78431-4166-E4D3-2AA2-15BE2512E1D6
23.589455,30.074377,2,96B78431-4166-E4D3-2AA2-15BE2512E1D6
23.445559,29.05103,2,96B78431-4166-E4D3-2AA2-15BE2512E1D6
-37.29272,30.585611,2,96B78431-4166-E4D3-2AA2-15BE2512E1D6
-37.296658,30.612309,2,96B78431-4166-E4D3-2AA2-15BE2512E1D6
18.52441,7.1552405,1,96B78431-4166-E4D3-2AA2-15BE2512E1D6
18.700686,7.269932,1,96B78431-4166-E4D3-2AA2-15BE2512E1D6
19.892447,7.5318413,1,96B78431-4166-E4D3-2AA2-15BE2512E1D6
20.06677,7.599072,1,96B78431-4166-E4D3-2AA2-15BE2512E1D6
12.6057005,4.543523,1,96B78431-4166-E4D3-2AA2-15BE2512E1D6
12.291313,4.6912146,1,96B78431-4166-E4D3-2AA2-15BE2512E1D6
11.730723,4.9506845,1,96B78431-4166-E4D3-2AA2-15BE2512E1D6
27.127018,11.597291,1,96B78431-4166-E4D3-2AA2-15BE2512E1D6
27.235,11.657563,1,96B78431-4166-E4D3-2AA2-15BE2512E1D6
28.408543,12.27952,1,96B78431-4166-E4D3-2AA2-15BE2512E1D6
28.829617,12.460315,1,96B78431-4166-E4D3-2AA2-15BE2512E1D6
29.225811,48.069107,1,96B78431-4166-E4D3-2AA2-15BE2512E1D6
29.29653,48.293583,1,96B78431-4166-E4D3-2AA2-15BE2512E1D6
31.478968,48.397007,1,96B78431-4166-E4D3-2AA2-15BE2512E1D6
-32.98115,9.87809,1,96B78431-4166-E4D3-2AA2-15BE2512E1D6
-33.07368,9.82727,1,96B78431-4166-E4D3-2AA2-15BE2512E1D6
-40.48289,-6.0770593,1,96B78431-4166-E4D3-2AA2-15BE2512E1D6
-40.359997,-6.167833,1,96B78431-4166-E4D3-2AA2-15BE2512E1D6
65.60874,-31.1389,1,99827717-1B21-7ECC-CAD1-99489F7E19EA
56.845325,14.619287,1,99827717-1B21-7ECC-CAD1-99489F7E19EA
56.744225,14.92382,1,99827717-1B21-7ECC-CAD1-99489F7E19EA
56.27999,15.971352,1,99827717-1B21-7ECC-CAD1-99489F7E19EA
-7.730233,20.56653,1,99827717-1B21-7ECC-CAD1-99489F7E19EA
-7.756902,20.57294,1,99827717-1B21-7ECC-CAD1-99489F7E19EA
-23.560608,3.8499815,2,99827717-1B21-7ECC-CAD1-99489F7E19EA
-23.714697,4.1719656,2,99827717-1B21-7ECC-CAD1-99489F7E19EA
-23.932669,5.0480638,2,99827717-1B21-7ECC-CAD1-99489F7E19EA
-24.03192,5.6080804,2,99827717-1B21-7ECC-CAD1-99489F7E19EA
-26.152279,3.295255,2,99827717-1B21-7ECC-CAD1-99489F7E19EA
-26.223228,3.2766397,2,99827717-1B21-7ECC-CAD1-99489F7E19EA
-59.64565,11.665695,1,99827717-1B21-7ECC-CAD1-99489F7E19EA
-69.87385,7.4222336,2,99827717-1B21-7ECC-CAD1-99489F7E19EA
-70.49226,7.1420746,2,99827717-1B21-7ECC-CAD1-99489F7E19EA
-70.85827,7.014693,2,99827717-1B21-7ECC-CAD1-99489F7E19EA
-49.14968,30.212389,2,99827717-1B21-7ECC-CAD1-99489F7E19EA
-49.105904,30.236187,2,99827717-1B21-7ECC-CAD1-99489F7E19EA
-55.28122,-21.822088,0,99C0C5AE-01AD-1BB2-A36B-74B166CB26BA
-54.81132,-21.698713,0,99C0C5AE-01AD-1BB2-A36B-74B166CB26BA
-54.41624,-21.59838,0,99C0C5AE-01AD-1BB2-A36B-74B166CB26BA
46.040047,11.929667,1,99C0C5AE-01AD-1BB2-A36B-74B166CB26BA
47.00565,10.882541,1,99C0C5AE-01AD-1BB2-A36B-74B166CB26BA
82.39381,-12.058758,1,99C0C5AE-01AD-1BB2-A36B-74B166CB26BA
82.22563,-12.68374,1,99C0C5AE-01AD-1BB2-A36B-74B166CB26BA
82.361786,-13.392678,2,99C0C5AE-01AD-1BB2-A36B-74B166CB26BA
82.33976,-13.899271,2,99C0C5AE-01AD-1BB2-A36B-74B166CB26BA
83.91981,-16.166496,0,99C0C5AE-01AD-1BB2-A36B-74B166CB26BA
16.943436,-40.361454,0,99C0C5AE-01AD-1BB2-A36B-74B166CB26BA
17.011,-40.54873,0,99C0C5AE-01AD-1BB2-A36B-74B166CB26BA
17.930923,-41.836708,0,99C0C5AE-01AD-1BB2-A36B-74B166CB26BA
19.15406,-43.119843,0,99C0C5AE-01AD-1BB2-A36B-74B166CB26BA
-17.740004,-17.299372,0,99C0C5AE-01AD-1BB2-A36B-74B166CB26BA
-18.104715,-17.117092,1,99C0C5AE-01AD-1BB2-A36B-74B166CB26BA
-18.71665,-16.849236,1,99C0C5AE-01AD-1BB2-A36B-74B166CB26BA
-19.320942,-16.762691,1,99C0C5AE-01AD-1BB2-A36B-74B166CB26BA
11.804609,35.11205,2,99C0C5AE-01AD-1BB2-A36B-74B166CB26BA
11.765345,35.251186,2,99C0C5AE-01AD-1BB2-A36B-74B166CB26BA
11.324535,35.679764,1,99C0C5AE-01AD-1BB2-A36B-74B166CB26BA
10.711093,36.19255,1,99C0C5AE-01AD-1BB2-A36B-74B166CB26BA
9.58859,37.10783,1,99C0C5AE-01AD-1BB2-A36B-74B166CB26BA
9.39254,37.275345,1,99C0C5AE-01AD-1BB2-A36B-74B166CB26BA
19.808111,-48.100197,1,99C0C5AE-01AD-1BB2-A36B-74B166CB26BA
-34.782833,-49.893635,1,99C0C5AE-01AD-1BB2-A36B-74B166CB26BA
-35.197727,-49.190384,1,99C0C5AE-01AD-1BB2-A36B-74B166CB26BA
-35.311256,-48.956924,1,99C0C5AE-01AD-1BB2-A36B-74B166CB26BA
-35.774624,-47.717297,1,99C0C5AE-01AD-1BB2-A36B-74B166CB26BA
-35.829666,-47.54501,1,99C0C5AE-01AD-1BB2-A36B-74B166CB26BA
-13.442821,13.87777,2,99C0C5AE-01AD-1BB2-A36B-74B166CB26BA
-12.688409,13.510669,1,99C0C5AE-01AD-1BB2-A36B-74B166CB26BA
-12.541966,13.419315,1,99C0C5AE-01AD-1BB2-A36B-74B166CB26BA
64.76512,21.022837,2,9A80CFF4-085D-6435-BA08-18E6496A8381
64.81102,21.1597,2,9A80CFF4-085D-6435-BA08-18E6496A8381
64.72722,21.480143,0,9A80CFF4-085D-6435-BA08-18E6496A8381
64.60696,8.7902565,0,9A80CFF4-085D-6435-BA08-18E6496A8381
16.616562,-39.43623,0,9A80CFF4-085D-6435-BA08-18E6496A8381
-14.190866,-38.784725,0,9A80CFF4-085D-6435-BA08-18E6496A8381
42.45872,9.809804,2,9C694EBE-9421-F45A-ED92-F521991A6A52
81.723236,-10.041738,0,9C694EBE-9421-F45A-ED92-F521991A6A52
81.0281,-10.222436,0,9C694EBE-9421-F45A-ED92-F521991A6A52
87.17805,-10.143007,0,9C694EBE-9421-F45A-ED92-F521991A6A52
87.2385,-10.077329,0,9C694EBE-9421-F45A-ED92-F521991A6A52
87.69719,-10.104383,1,9C694EBE-9421-F45A-ED92-F521991A6A52
-44.79367,17.769373,2,9C694EBE-9421-F45A-ED92-F521991A6A52
-45.089985,18.549385,2,9C694EBE-9421-F45A-ED92-F521991A6A52
-45.18071,18.70366,2,9C694EBE-9421-F45A-ED92-F521991A6A52
-50.56111,25.116585,2,9C694EBE-9421-F45A-ED92-F521991A6A52
-50.530746,25.28776,2,9C694EBE-9421-F45A-ED92-F521991A6A52
-50.69664,25.655617,2,9C694EBE-9421-F45A-ED92-F521991A6A52
15.64845,25.4706,2,9C694EBE-9421-F45A-ED92-F521991A6A52
15.586548,25.415771,2,9C694EBE-9421-F45A-ED92-F521991A6A52
-9.824243,18.825813,2,9C694EBE-9421-F45A-ED92-F521991A6A52
-10.115009,18.460268,2,9C694EBE-9421-F45A-ED92-F521991A6A52
-10.357716,18.009264,2,9C694EBE-9421-F45A-ED92-F521991A6A52
-11.310152,17.470655,2,9C694EBE-9421-F45A-ED92-F521991A6A52
-25.86632,22.899738,2,9C694EBE-9421-F45A-ED92-F521991A6A52
-25.861992,22.865034,2,9C694EBE-9421-F45A-ED92-F521991A6A52
-8.301408,10.236952,0,9C694EBE-9421-F45A-ED92-F521991A6A52
-7.717962,10.428597,0,9C694EBE-9421-F45A-ED92-F521991A6A52
-7.1073313,10.313158,2,9C694EBE-9421-F45A-ED92-F521991A6A52
-6.8680553,10.287549,2,9C694EBE-9421-F45A-ED92-F521991A6A52
10.393144,-12.315607,2,9C694EBE-9421-F45A-ED92-F521991A6A52
11.061877,-12.776438,2,9C694EBE-9421-F45A-ED92-F521991A6A52
11.237015,-12.893735,2,9C694EBE-9421-F45A-ED92-F521991A6A52
11.577092,-13.096505,2,9C694EBE-9421-F45A-ED92-F521991A6A52
53.156815,-0.13982503,0,9C694EBE-9421-F45A-ED92-F521991A6A52
53.09947,-0.12560052,0,9C694EBE-9421-F45A-ED92-F521991A6A52
77.46476,-5.4983864,0,9C694EBE-9421-F45A-ED92-F521991A6A52
77.59448,-5.617192,0,9C694EBE-9421-F45A-ED92-F521991A6A52
79.4193,-8.459428,0,9C694EBE-9421-F45A-ED92-F521991A6A52
79.172066,-8.632434,0,9C694EBE-9421-F45A-ED92-F521991A6A52
39.291477,-19.04617,0,9C694EBE-9421-F45A-ED92-F521991A6A52
39.318005,-19.047018,0,9C694EBE-9421-F45A-ED92-F521991A6A52
-19.554773,38.232563,2,9E6EBCE2-44FB-8F07-4135-E91140B34096
-20.782299,37.04874,2,9E6EBCE2-44FB-8F07-4135-E91140B34096
-20.864422,37.449593,2,9E6EBCE2-44FB-8F07-4135-E91140B34096
-21.028194,38.02877,2,9E6EBCE2-44FB-8F07-4135-E91140B34096
-21.417372,38.536346,2,9E6EBCE2-44FB-8F07-4135-E91140B34096
-21.744402,39.014023,2,9E6EBCE2-44FB-8F07-4135-E91140B34096
-22.018269,21.68038,2,9E6EBCE2-44FB-8F07-4135-E91140B34096
-22.080313,21.741365,2,9E6EBCE2-44FB-8F07-4135-E91140B34096
-57.803806,-16.760403,2,9E6EBCE2-44FB-8F07-4135-E91140B34096
-57.719128,-16.58525,2,9E6EBCE2-44FB-8F07-4135-E91140B34096
-57.456745,-15.97053,2,9E6EBCE2-44FB-8F07-4135-E91140B34096
-57.206272,-15.3911705,2,9E6EBCE2-44FB-8F07-4135-E91140B34096
-53.28996,14.925042,1,9E6EBCE2-44FB-8F07-4135-E91140B34096
-53.373093,14.920491,1,9E6EBCE2-44FB-8F07-4135-E91140B34096
-61.173042,17.64771,1,9E6EBCE2-44FB-8F07-4135-E91140B34096
-60.44934,18.089256,1,9E6EBCE2-44FB-8F07-4135-E91140B34096
-60.239487,18.249979,1,9E6EBCE2-44FB-8F07-4135-E91140B34096
-35.727497,15.377272,1,9E6EBCE2-44FB-8F07-4135-E91140B34096
-11.783217,25.349558,2,9E6EBCE2-44FB-8F07-4135-E91140B34096
-11.986912,25.833458,2,9E6EBCE2-44FB-8F07-4135-E91140B34096
-12.267459,26.569828,2,9E6EBCE2-44FB-8F07-4135-E91140B34096
-12.300936,27.143263,2,9E6EBCE2-44FB-8F07-4135-E91140B34096
-12.754967,28.53332,2,9E6EBCE2-44FB-8F07-4135-E91140B34096
-12.646366,28.93111,2,9E6EBCE2-44FB-8F07-4135-E91140B34096
50.873154,1.4305463,0,A135AF2A-692D-9C83-AB54-34F977E4D14D
82.91518,-6.9987884,0,A135AF2A-692D-9C83-AB54-34F977E4D14D
82.70873,-6.9701886,0,A135AF2A-692D-9C83-AB54-34F977E4D14D
48.035847,-44.663406,2,A135AF2A-692D-9C83-AB54-34F977E4D14D
48.029495,-44.667717,2,A135AF2A-692D-9C83-AB54-34F977E4D14D
48.031036,-44.66706,2,A135AF2A-692D-9C83-AB54-34F977E4D14D
77.04605,-14.555853,2,A135AF2A-692D-9C83-AB54-34F977E4D14D
65.82283,-6.6453543,2,A135AF2A-692D-9C83-AB54-34F977E4D14D
34.395443,-21.875456,2,A135AF2A-692D-9C83-AB54-34F977E4D14D
-65.981804,-4.8538938,2,A135AF2A-692D-9C83-AB54-34F977E4D14D
-56.114872,19.56327,2,A135AF2A-692D-9C83-AB54-34F977E4D14D
-56.11418,19.581886,2,A135AF2A-692D-9C83-AB54-34F977E4D14D
17.673597,11.175498,0,A135AF2A-692D-9C83-AB54-34F977E4D14D
18.074373,11.190403,0,A135AF2A-692D-9C83-AB54-34F977E4D14D
18.740776,11.263127,1,A135AF2A-692D-9C83-AB54-34F977E4D14D
20.122696,11.152513,2,A135AF2A-692D-9C83-AB54-34F977E4D14D
20.528873,11.002509,2,A135AF2A-692D-9C83-AB54-34F977E4D14D
20.70168,10.520419,2,A135AF2A-692D-9C83-AB54-34F977E4D14D
28.060654,-19.078596,0,A135AF2A-692D-9C83-AB54-34F977E4D14D
48.815987,1.2145332,0,A135AF2A-692D-9C83-AB54-34F977E4D14D
49.38772,0.8237988,0,A135AF2A-692D-9C83-AB54-34F977E4D14D
61.152683,-4.9044094,0,A135AF2A-692D-9C83-AB54-34F977E4D14D
1.0418366,-46.76278,0,A135AF2A-692D-9C83-AB54-34F977E4D14D
-34.898163,-24.566238,0,A135AF2A-692D-9C83-AB54-34F977E4D14D
-35.317215,-24.217941,0,A135AF2A-692D-9C83-AB54-34F977E4D14D
-35.95306,-24.038832,1,A135AF2A-692D-9C83-AB54-34F977E4D14D
-36.157906,-23.97911,1,A135AF2A-692D-9C83-AB54-34F977E4D14D
-23.88856,38.509415,2,A43E8D46-F136-DB41-3E16-F9F161DBA1D6
-2.6613312,-12.637399,2,A43E8D46-F136-DB41-3E16-F9F161DBA1D6
-2.6317055,-12.7102995,2,A43E8D46-F136-DB41-3E16-F9F161DBA1D6
-2.1837008,-13.665084,0,A43E8D46-F136-DB41-3E16-F9F161DBA1D6
-1.6330893,-14.450969,0,A43E8D46-F136-DB41-3E16-F9F161DBA1D6
-1.1216596,-14.838241,0,A43E8D46-F136-DB41-3E16-F9F161DBA1D6
-23.90414,-5.5569515,1,A43E8D46-F136-DB41-3E16-F9F161DBA1D6
-23.974258,-5.483115,1,A43E8D46-F136-DB41-3E16-F9F161DBA1D6
18.130905,-6.3634324,0,A4D472BD-7D7D-0E62-8837-716018980593
-16.903936,-27.003113,0,A4D472BD-7D7D-0E62-8837-716018980593
-16.97772,-26.850954,0,A4D472BD-7D7D-0E62-8837-716018980593
-17.255867,-25.377811,0,A4D472BD-7D7D-0E62-8837-716018980593
-17.389671,-25.113522,0,A4D472BD-7D7D-0E62-8837-716018980593
-17.85424,-24.339651,0,A4D472BD-7D7D-0E62-8837-716018980593
-26.709703,-13.222663,0,A4D472BD-7D7D-0E62-8837-716018980593
-25.68372,-12.828603,0,A4D472BD-7D7D-0E62-8837-716018980593
-25.542986,-12.754844,0,A4D472BD-7D7D-0E62-8837-716018980593
-25.56274,-11.897783,0,A4D472BD-7D7D-0E62-8837-716018980593
-24.163717,-9.295233,0,A4D472BD-7D7D-0E62-8837-716018980593
-24.203365,-8.81159,0,A4D472BD-7D7D-0E62-8837-716018980593
-24.5221,-8.712613,0,A4D472BD-7D7D-0E62-8837-716018980593
-25.115221,-8.72846,0,A4D472BD-7D7D-0E62-8837-716018980593
-25.658997,-7.6681533,0,A4D472BD-7D7D-0E62-8837-716018980593
-26.93135,-7.124236,0,A4D472BD-7D7D-0E62-8837-716018980593
-27.012077,-7.0515018,0,A4D472BD-7D7D-0E62-8837-716018980593
-27.060766,-7.9852977,0,A4D472BD-7D7D-0E62-8837-716018980593
-1.9138331,-19.91075,0,A4D472BD-7D7D-0E62-8837-716018980593
-0.47510466,-18.937107,0,A4D472BD-7D7D-0E62-8837-716018980593
-0.32680732,-19.053646,0,A4D472BD-7D7D-0E62-8837-716018980593
-0.01692181,-20.636086,0,A4D472BD-7D7D-0E62-8837-716018980593
-0.7875458,-21.528902,0,A4D472BD-7D7D-0E62-8837-716018980593
-0.824291,-21.685217,0,A4D472BD-7D7D-0E62-8837-716018980593
-47.552334,-26.686842,1,A4D472BD-7D7D-0E62-8837-716018980593
-47.81728,-26.95338,1,A4D472BD-7D7D-0E62-8837-716018980593
-48.317482,-27.420628,1,A4D472BD-7D7D-0E62-8837-716018980593
-49.315014,-28.420614,1,A4D472BD-7D7D-0E62-8837-716018980593
-51.278446,-28.323719,1,A4D472BD-7D7D-0E62-8837-716018980593
-23.013792,-6.3847637,1,A4D472BD-7D7D-0E62-8837-716018980593
-18.73867,32.46443,2,A7C426E7-344F-99F4-6E35-453AF3AD9C2C
-18.646349,32.483578,2,A7C426E7-344F-99F4-6E35-453AF3AD9C2C
-5.205366,23.97597,2,A7C426E7-344F-99F4-6E35-453AF3AD9C2C
-5.1518545,23.954975,2,A7C426E7-344F-99F4-6E35-453AF3AD9C2C
44.537846,3.6207123,2,A7C426E7-344F-99F4-6E35-453AF3AD9C2C
3.6902666,-51.80376,2,A7C426E7-344F-99F4-6E35-453AF3AD9C2C
2.8717155,-51.984116,2,A7C426E7-344F-99F4-6E35-453AF3AD9C2C
7.4602513,-1.4303082,1,A7C426E7-344F-99F4-6E35-453AF3AD9C2C
7.028115,-0.94525933,1,A7C426E7-344F-99F4-6E35-453AF3AD9C2C
6.455817,-0.4143579,1,A7C426E7-344F-99F4-6E35-453AF3AD9C2C
6.4268456,0.3060924,1,A7C426E7-344F-99F4-6E35-453AF3AD9C2C
6.399401,0.40937036,1,A7C426E7-344F-99F4-6E35-453AF3AD9C2C
-24.185644,-41.80824,2,A7C426E7-344F-99F4-6E35-453AF3AD9C2C
-25.076744,-41.752193,2,A7C426E7-344F-99F4-6E35-453AF3AD9C2C
-24.985174,-41.75963,2,A7C426E7-344F-99F4-6E35-453AF3AD9C2C
-27.993996,-42.614883,2,A7C426E7-344F-99F4-6E35-453AF3AD9C2C
-28.298994,-42.840942,2,A7C426E7-344F-99F4-6E35-453AF3AD9C2C
-28.632818,-43.130974,2,A7C426E7-344F-99F4-6E35-453AF3AD9C2C
-33.288902,26.02749,2,A7C426E7-344F-99F4-6E35-453AF3AD9C2C
-33.67306,26.250166,2,A7C426E7-344F-99F4-6E35-453AF3AD9C2C
-34.0229,26.582731,2,A7C426E7-344F-99F4-6E35-453AF3AD9C2C
-34.85667,28.287746,2,A7C426E7-344F-99F4-6E35-453AF3AD9C2C
-34.88788,28.785742,2,A7C426E7-344F-99F4-6E35-453AF3AD9C2C
-34.910255,29.0298,2,A7C426E7-344F-99F4-6E35-453AF3AD9C2C
-42.363342,9.430285,2,AB9921A8-F143-E101-6A47-E66882F571B2
-8.06265,-13.524289,2,AB9921A8-F143-E101-6A47-E66882F571B2
-7.7788086,-13.014785,2,AB9921A8-F143-E101-6A47-E66882F571B2
-7.3956714,-12.922825,0,AB9921A8-F143-E101-6A47-E66882F571B2
-5.9064536,-13.0324545,1,AB9921A8-F143-E101-6A47-E66882F571B2
-5.6514826,-13.287017,1,AB9921A8-F143-E101-6A47-E66882F571B2
31.904194,33.63883,2,AB9921A8-F143-E101-6A47-E66882F571B2
32.510582,32.841877,2,AB9921A8-F143-E101-6A47-E66882F571B2
32.739548,32.443085,2,AB9921A8-F143-E101-6A47-E66882F571B2
-23.938225,20.043257,2,AB9921A8-F143-E101-6A47-E66882F571B2
-23.946074,20.054617,2,AB9921A8-F143-E101-6A47-E66882F571B2
-18.919897,34.652607,2,AB9921A8-F143-E101-6A47-E66882F571B2
-24.495132,-25.445623,0,AB9921A8-F143-E101-6A47-E66882F571B2
-23.837582,-25.419659,0,AB9921A8-F143-E101-6A47-E66882F571B2
-23.678827,-25.342756,0,AB9921A8-F143-E101-6A47-E66882F571B2
-21.96193,-23.684858,0,AB9921A8-F143-E101-6A47-E66882F571B2
-21.415537,-23.289415,1,AB9921A8-F143-E101-6A47-E66882F571B2
-21.204597,-23.163523,1,AB9921A8-F143-E101-6A47-E66882F571B2
-19.977564,46.105934,2,AB9921A8-F143-E101-6A47-E66882F571B2
-19.55947,46.121685,2,AB9921A8-F143-E101-6A47-E66882F571B2
-19.017168,46.369984,1,AB9921A8-F143-E101-6A47-E66882F571B2
-18.52367,46.668312,1,AB9921A8-F143-E101-6A47-E66882F571B2
-17.644241,47.233215,1,AB9921A8-F143-E101-6A47-E66882F571B2
-17.0717,47.58959,1,AB9921A8-F143-E101-6A47-E66882F571B2
-23.780682,1.0214032,1,AB9921A8-F143-E101-6A47-E66882F571B2
-23.773413,1.0666037,1,AB9921A8-F143-E101-6A47-E66882F571B2
-13.625029,17.336721,2,B06410CC-D778-33B2-B1FD-A828EE4AF413
-14.409249,17.538462,1,B06410CC-D778-33B2-B1FD-A828EE4AF413
-14.805942,17.488735,1,B06410CC-D778-33B2-B1FD-A828EE4AF413
-15.193625,17.778725,2,B06410CC-D778-33B2-B1FD-A828EE4AF413
-15.756718,18.105701,2,B06410CC-D778-33B2-B1FD-A828EE4AF413
51.3964,28.050123,0,B06410CC-D778-33B2-B1FD-A828EE4AF413
20.781233,-44.657936,2,B06410CC-D778-33B2-B1FD-A828EE4AF413
20.753708,-44.624596,2,B06410CC-D778-33B2-B1FD-A828EE4AF413
-26.810293,14.862283,2,B06410CC-D778-33B2-B1FD-A828EE4AF413
-26.926346,15.052728,2,B06410CC-D778-33B2-B1FD-A828EE4AF413
-27.236355,15.441069,2,B06410CC-D778-33B2-B1FD-A828EE4AF413
-39.087936,22.23897,2,B06410CC-D778-33B2-B1FD-A828EE4AF413
-32.201756,14.586576,1,B06410CC-D778-33B2-B1FD-A828EE4AF413
-19.029728,-40.09288,1,B06410CC-D778-33B2-B1FD-A828EE4AF413
-17.882006,-40.71258,2,B06410CC-D778-33B2-B1FD-A828EE4AF413
-17.678453,-41.153793,2,B06410CC-D778-33B2-B1FD-A828EE4AF413
-17.624111,-41.460953,0,B06410CC-D778-33B2-B1FD-A828EE4AF413
-12.7075615,-55.70334,0,B06410CC-D778-33B2-B1FD-A828EE4AF413
6.563878,-32.63676,1,B17DF37B-207D-A052-4D45-F862B3BF4C4C
6.4453464,-32.642067,1,B17DF37B-207D-A052-4D45-F862B3BF4C4C
-10.688994,-25.654287,1,B17DF37B-207D-A052-4D45-F862B3BF4C4C
-10.431607,-25.490028,1,B17DF37B-207D-A052-4D45-F862B3BF4C4C
-10.056366,-25.46298,1,B17DF37B-207D-A052-4D45-F862B3BF4C4C
-0.3310476,-9.831791,1,B17DF37B-207D-A052-4D45-F862B3BF4C4C
-21.794897,-51.56478,0,B17DF37B-207D-A052-4D45-F862B3BF4C4C
-22.176691,-51.559826,0,B17DF37B-207D-A052-4D45-F862B3BF4C4C
-22.617823,-51.55335,0,B17DF37B-207D-A052-4D45-F862B3BF4C4C
-46.093693,-10.341759,1,B17DF37B-207D-A052-4D45-F862B3BF4C4C
-45.659527,-10.647725,1,B17DF37B-207D-A052-4D45-F862B3BF4C4C
-44.964535,-10.983189,1,B17DF37B-207D-A052-4D45-F862B3BF4C4C
-26.744661,-19.022278,0,B17DF37B-207D-A052-4D45-F862B3BF4C4C
-27.471859,-18.502829,0,B17DF37B-207D-A052-4D45-F862B3BF4C4C
-28.052647,-18.578814,0,B17DF37B-207D-A052-4D45-F862B3BF4C4C
-28.257034,-18.530502,0,B17DF37B-207D-A052-4D45-F862B3BF4C4C
-29.850327,-20.064215,2,B17DF37B-207D-A052-4D45-F862B3BF4C4C
-29.880915,-20.107487,2,B17DF37B-207D-A052-4D45-F862B3BF4C4C
-0.3238966,-23.945475,2,B2EE7EC5-4E5B-EBDD-E0EB-AF758B95C36A
-0.28193867,-24.575844,2,B2EE7EC5-4E5B-EBDD-E0EB-AF758B95C36A
-0.18648483,-24.799622,1,B2EE7EC5-4E5B-EBDD-E0EB-AF758B95C36A
30.542807,-26.019947,1,B2EE7EC5-4E5B-EBDD-E0EB-AF758B95C36A
54.269447,-10.292003,0,B2EE7EC5-4E5B-EBDD-E0EB-AF758B95C36A
54.397263,-10.234325,0,B2EE7EC5-4E5B-EBDD-E0EB-AF758B95C36A
32.27776,10.576703,1,B2EE7EC5-4E5B-EBDD-E0EB-AF758B95C36A
32.439854,10.620375,1,B2EE7EC5-4E5B-EBDD-E0EB-AF758B95C36A
33.85358,11.070653,1,B2EE7EC5-4E5B-EBDD-E0EB-AF758B95C36A
33.887104,10.959335,1,B2EE7EC5-4E5B-EBDD-E0EB-AF758B95C36A
69.85377,8.876187,1,B2EE7EC5-4E5B-EBDD-E0EB-AF758B95C36A
69.48411,9.683067,1,B2EE7EC5-4E5B-EBDD-E0EB-AF758B95C36A
69.19538,10.24218,1,B2EE7EC5-4E5B-EBDD-E0EB-AF758B95C36A
68.682304,10.963508,1,B2EE7EC5-4E5B-EBDD-E0EB-AF758B95C36A
68.36768,11.72221,1,B2EE7EC5-4E5B-EBDD-E0EB-AF758B95C36A
68.29466,11.880127,1,B2EE7EC5-4E5B-EBDD-E0EB-AF758B95C36A
6.60994,22.794199,1,B2EE7EC5-4E5B-EBDD-E0EB-AF758B95C36A
6.5980844,22.786983,1,B2EE7EC5-4E5B-EBDD-E0EB-AF758B95C36A
45.99875,-31.992186,1,B2EE7EC5-4E5B-EBDD-E0EB-AF758B95C36A
45.98695,-32.032097,1,B2EE7EC5-4E5B-EBDD-E0EB-AF758B95C36A
46.109222,-31.624695,1,B2EE7EC5-4E5B-EBDD-E0EB-AF758B95C36A
66.54131,12.493455,2,B2EE7EC5-4E5B-EBDD-E0EB-AF758B95C36A
54.878803,5.3796816,2,B2EE7EC5-4E5B-EBDD-E0EB-AF758B95C36A
54.7894,4.4086213,2,B2EE7EC5-4E5B-EBDD-E0EB-AF758B95C36A
-50.265568,42.385464,2,B2EE7EC5-4E5B-EBDD-E0EB-AF758B95C36A
-50.070747,42.4641,2,B2EE7EC5-4E5B-EBDD-E0EB-AF758B95C36A
-49.71577,42.663254,2,B2EE7EC5-4E5B-EBDD-E0EB-AF758B95C36A
-48.99618,43.0874,2,B2EE7EC5-4E5B-EBDD-E0EB-AF758B95C36A
-15.443381,8.902014,2,B2EE7EC5-4E5B-EBDD-E0EB-AF758B95C36A
-20.973864,20.833858,2,B2EE7EC5-4E5B-EBDD-E0EB-AF758B95C36A
-20.414507,17.46365,2,B3CE5256-6F65-85EB-0078-689BD5CC1B17
10.204352,18.084724,0,B3CE5256-6F65-85EB-0078-689BD5CC1B17
10.974347,17.47596,0,B3CE5256-6F65-85EB-0078-689BD5CC1B17
78.430244,-17.873663,0,B3CE5256-6F65-85EB-0078-689BD5CC1B17
79.10031,-18.264416,0,B3CE5256-6F65-85EB-0078-689BD5CC1B17
79.42472,-18.260529,0,B3CE5256-6F65-85EB-0078-689BD5CC1B17
79.26371,-17.017883,0,B3CE5256-6F65-85EB-0078-689BD5CC1B17
79.738945,-16.540966,0,B3CE5256-6F65-85EB-0078-689BD5CC1B17
79.90956,-16.56824,1,B3CE5256-6F65-85EB-0078-689BD5CC1B17
69.02198,-7.4143724,1,B3CE5256-6F65-85EB-0078-689BD5CC1B17
38.733047,-29.694921,2,B3CE5256-6F65-85EB-0078-689BD5CC1B17
38.62018,-30.053745,2,B3CE5256-6F65-85EB-0078-689BD5CC1B17
-0.6908377,14.114876,2,B3CE5256-6F65-85EB-0078-689BD5CC1B17
-0.6827766,14.042867,2,B3CE5256-6F65-85EB-0078-689BD5CC1B17
-0.7711854,13.725643,0,B3CE5256-6F65-85EB-0078-689BD5CC1B17
-4.4799037,-2.32341,2,B3CE5256-6F65-85EB-0078-689BD5CC1B17
-4.503384,-2.4439993,2,B3CE5256-6F65-85EB-0078-689BD5CC1B17
-4.630007,-3.4500628,2,B3CE5256-6F65-85EB-0078-689BD5CC1B17
-4.6339154,-3.6576495,2,B3CE5256-6F65-85EB-0078-689BD5CC1B17
-20.1071,-8.140127,2,B3CE5256-6F65-85EB-0078-689BD5CC1B17
-20.142593,-8.120368,2,B3CE5256-6F65-85EB-0078-689BD5CC1B17
-43.775574,-2.4920938,2,B3CE5256-6F65-85EB-0078-689BD5CC1B17
-43.7877,-2.4716728,2,B3CE5256-6F65-85EB-0078-689BD5CC1B17
-53.070774,23.78304,2,B3CE5256-6F65-85EB-0078-689BD5CC1B17
-14.055114,-34.621964,1,B6EE5F90-8F59-D3CF-C449-59216B28207B
-13.362568,-34.870995,0,B6EE5F90-8F59-D3CF-C449-59216B28207B
-12.830411,-35.049377,0,B6EE5F90-8F59-D3CF-C449-59216B28207B
12.671623,-39.9574,0,B6EE5F90-8F59-D3CF-C449-59216B28207B
75.9463,-20.250828,2,B6EE5F90-8F59-D3CF-C449-59216B28207B
76.05181,-20.242302,2,B6EE5F90-8F59-D3CF-C449-59216B28207B
-29.186903,-10.922259,1,B6EE5F90-8F59-D3CF-C449-59216B28207B
-29.035765,-10.708164,1,B6EE5F90-8F59-D3CF-C449-59216B28207B
-29.27956,-9.060071,1,B6EE5F90-8F59-D3CF-C449-59216B28207B
-0.48102623,-60.94662,1,B6EE5F90-8F59-D3CF-C449-59216B28207B
77.15081,-16.780802,1,B6EE5F90-8F59-D3CF-C449-59216B28207B
76.77399,-17.621246,1,B6EE5F90-8F59-D3CF-C449-59216B28207B
-32.675766,1.0137191,2,B6EE5F90-8F59-D3CF-C449-59216B28207B
-32.648502,0.9875327,2,B6EE5F90-8F59-D3CF-C449-59216B28207B
-10.031764,-19.760948,0,B6EE5F90-8F59-D3CF-C449-59216B28207B
-8.815576,-18.966566,0,B6EE5F90-8F59-D3CF-C449-59216B28207B
72.09046,-20.033888,0,B6EE5F90-8F59-D3CF-C449-59216B28207B
72.15435,-19.864162,0,B6EE5F90-8F59-D3CF-C449-59216B28207B
-24.993551,29.345928,1,B6EE5F90-8F59-D3CF-C449-59216B28207B
-24.888824,28.825525,1,B6EE5F90-8F59-D3CF-C449-59216B28207B
-24.786674,28.429195,1,B6EE5F90-8F59-D3CF-C449-59216B28207B
-24.504179,27.976261,2,B6EE5F90-8F59-D3CF-C449-59216B28207B
-38.723667,32.668095,2,B6EE5F90-8F59-D3CF-C449-59216B28207B
-38.806946,32.680847,2,B6EE5F90-8F59-D3CF-C449-59216B28207B
-2.4833915,-51.95483,1,B6EE5F90-8F59-D3CF-C449-59216B28207B
-2.5589232,-52.3506,1,B6EE5F90-8F59-D3CF-C449-59216B28207B
-2.8888237,-53.00881,1,B6EE5F90-8F59-D3CF-C449-59216B28207B
-4.1781754,-53.46307,1,B6EE5F90-8F59-D3CF-C449-59216B28207B
-4.3670692,-53.468758,1,B6EE5F90-8F59-D3CF-C449-59216B28207B
-5.753269,-53.384136,1,B6EE5F90-8F59-D3CF-C449-59216B28207B
-44.142532,35.85261,2,B9FD0C60-33D3-E99E-2475-815EAD5C89C2
-43.837048,35.422016,2,B9FD0C60-33D3-E99E-2475-815EAD5C89C2
-43.63338,35.197666,2,B9FD0C60-33D3-E99E-2475-815EAD5C89C2
-42.97255,34.63141,2,B9FD0C60-33D3-E99E-2475-815EAD5C89C2
-42.64262,34.47371,2,B9FD0C60-33D3-E99E-2475-815EAD5C89C2
-41.63047,34.58347,0,B9FD0C60-33D3-E99E-2475-815EAD5C89C2
-41.116524,34.6232,0,B9FD0C60-33D3-E99E-2475-815EAD5C89C2
51.35528,13.234239,0,B9FD0C60-33D3-E99E-2475-815EAD5C89C2
52.39094,5.2520127,0,B9FD0C60-33D3-E99E-2475-815EAD5C89C2
80.455086,-11.037372,0,B9FD0C60-33D3-E99E-2475-815EAD5C89C2
77.14765,-13.562303,0,B9FD0C60-33D3-E99E-2475-815EAD5C89C2
71.08373,-15.349009,0,B9FD0C60-33D3-E99E-2475-815EAD5C89C2
41.731434,-6.306698,2,B9FD0C60-33D3-E99E-2475-815EAD5C89C2
41.736713,-6.337149,0,B9FD0C60-33D3-E99E-2475-815EAD5C89C2
53.823513,7.31988,0,B9FD0C60-33D3-E99E-2475-815EAD5C89C2
73.79832,-4.969494,0,B9FD0C60-33D3-E99E-2475-815EAD5C89C2
54.328163,7.684762,0,B9FD0C60-33D3-E99E-2475-815EAD5C89C2
37.641697,23.879168,1,B9FD0C60-33D3-E99E-2475-815EAD5C89C2
37.235233,24.156034,1,B9FD0C60-33D3-E99E-2475-815EAD5C89C2
36.88736,24.370615,2,B9FD0C60-33D3-E99E-2475-815EAD5C89C2
1.1360537,-0.9298427,2,B9FD0C60-33D3-E99E-2475-815EAD5C89C2
0.72704804,-1.435532,2,B9FD0C60-33D3-E99E-2475-815EAD5C89C2
0.37180832,-1.9400707,2,B9FD0C60-33D3-E99E-2475-815EAD5C89C2
-0.13042352,-1.9292775,2,B9FD0C60-33D3-E99E-2475-815EAD5C89C2
9.375443,-21.278408,2,BAAA2876-D490-2AB5-0A98-6EB94C7FC331
9.222032,-21.313406,2,BAAA2876-D490-2AB5-0A98-6EB94C7FC331
8.089699,-21.41731,2,BAAA2876-D490-2AB5-0A98-6EB94C7FC331
7.0664506,-21.491842,2,BAAA2876-D490-2AB5-0A98-6EB94C7FC331
6.9528136,-21.534714,2,BAAA2876-D490-2AB5-0A98-6EB94C7FC331
-11.9805155,23.82144,2,BAAA2876-D490-2AB5-0A98-6EB94C7FC331
29.135921,52.142273,2,BAAA2876-D490-2AB5-0A98-6EB94C7FC331
28.515055,52.095837,2,BAAA2876-D490-2AB5-0A98-6EB94C7FC331
28.054483,52.25889,2,BAAA2876-D490-2AB5-0A98-6EB94C7FC331
27.796732,52.379955,1,BAAA2876-D490-2AB5-0A98-6EB94C7FC331
26.827848,53.044353,2,BAAA2876-D490-2AB5-0A98-6EB94C7FC331
26.179338,53.49416,2,BAAA2876-D490-2AB5-0A98-6EB94C7FC331
-1.4520655,43.351414,2,BAAA2876-D490-2AB5-0A98-6EB94C7FC331
-1.7979296,43.389534,2,BAAA2876-D490-2AB5-0A98-6EB94C7FC331
-1.6169553,40.37086,2,BAAA2876-D490-2AB5-0A98-6EB94C7FC331
-0.081600256,40.1886,2,BAAA2876-D490-2AB5-0A98-6EB94C7FC331
-0.063242376,40.159092,2,BAAA2876-D490-2AB5-0A98-6EB94C7FC331
0.65497303,40.499424,2,BAAA2876-D490-2AB5-0A98-6EB94C7FC331
31.533573,-15.881312,2,BC7EE230-0AF9-3AC5-24E5-8EC4B0B432A8
31.524004,-15.879887,0,BC7EE230-0AF9-3AC5-24E5-8EC4B0B432A8
56.442467,1.3918761,0,BC7EE230-0AF9-3AC5-24E5-8EC4B0B432A8
75.1262,-11.632662,0,BC7EE230-0AF9-3AC5-24E5-8EC4B0B432A8
-5.1830025,-43.756763,0,BC7EE230-0AF9-3AC5-24E5-8EC4B0B432A8
-5.0277934,-43.74257,2,BC7EE230-0AF9-3AC5-24E5-8EC4B0B432A8
-37.57652,-28.64849,0,BC7EE230-0AF9-3AC5-24E5-8EC4B0B432A8
-37.821236,-28.269354,2,BC7EE230-0AF9-3AC5-24E5-8EC4B0B432A8
-38.4362,-27.457132,2,BC7EE230-0AF9-3AC5-24E5-8EC4B0B432A8
-38.517242,-27.376738,2,BC7EE230-0AF9-3AC5-24E5-8EC4B0B432A8
-20.116783,5.609466,2,BC7EE230-0AF9-3AC5-24E5-8EC4B0B432A8
-20.118135,5.5792627,2,BC7EE230-0AF9-3AC5-24E5-8EC4B0B432A8
-2.2087624,26.553333,2,BC7EE230-0AF9-3AC5-24E5-8EC4B0B432A8
-1.824268,26.88182,2,BC7EE230-0AF9-3AC5-24E5-8EC4B0B432A8
-1.4589363,27.005991,2,BC7EE230-0AF9-3AC5-24E5-8EC4B0B432A8
-25.176289,35.876904,2,BC7EE230-0AF9-3AC5-24E5-8EC4B0B432A8
-25.583666,36.191727,2,BC7EE230-0AF9-3AC5-24E5-8EC4B0B432A8
-25.812496,36.355015,2,BC7EE230-0AF9-3AC5-24E5-8EC4B0B432A8
-14.892413,-11.376654,0,BD35F47E-4F73-8664-B165-98D2BF2CDA48
-47.508247,-6.8622484,0,BD35F47E-4F73-8664-B165-98D2BF2CDA48
-56.15034,8.301768,2,BD35F47E-4F73-8664-B165-98D2BF2CDA48
-55.974373,8.159887,2,BD35F47E-4F73-8664-B165-98D2BF2CDA48
-56.017563,8.057455,2,BD35F47E-4F73-8664-B165-98D2BF2CDA48
-55.117435,7.9497433,2,BD35F47E-4F73-8664-B165-98D2BF2CDA48
-7.548669,32.730812,2,BD35F47E-4F73-8664-B165-98D2BF2CDA48
-7.501667,32.544544,2,BD35F47E-4F73-8664-B165-98D2BF2CDA48
-7.0164447,30.277851,2,BD35F47E-4F73-8664-B165-98D2BF2CDA48
-6.955404,30.281187,2,BD35F47E-4F73-8664-B165-98D2BF2CDA48
-51.195454,-17.532558,2,BD35F47E-4F73-8664-B165-98D2BF2CDA48
-51.02556,-17.508076,2,BD35F47E-4F73-8664-B165-98D2BF2CDA48
-33.230675,-19.136242,0,BD35F47E-4F73-8664-B165-98D2BF2CDA48
-33.220634,-19.156538,0,BD35F47E-4F73-8664-B165-98D2BF2CDA48
-18.985949,15.189819,0,BD35F47E-4F73-8664-B165-98D2BF2CDA48
-18.502905,15.422127,0,BD35F47E-4F73-8664-B165-98D2BF2CDA48
-18.172068,15.657154,0,BD35F47E-4F73-8664-B165-98D2BF2CDA48
-17.709272,15.800172,0,BD35F47E-4F73-8664-B165-98D2BF2CDA48
41.401558,26.66027,1,BD35F47E-4F73-8664-B165-98D2BF2CDA48
41.058136,27.321474,1,BD35F47E-4F73-8664-B165-98D2BF2CDA48
41.083714,27.579483,1,BD35F47E-4F73-8664-B165-98D2BF2CDA48
41.15716,28.344084,0,BD35F47E-4F73-8664-B165-98D2BF2CDA48
49.296265,-12.403743,0,BD35F47E-4F73-8664-B165-98D2BF2CDA48
49.29952,-12.389592,0,BD35F47E-4F73-8664-B165-98D2BF2CDA48
-33.519154,-39.2728,2,C24A665A-6B67-FDEA-04A4-C2DA3AF79D51
-34.042053,-39.786514,2,C24A665A-6B67-FDEA-04A4-C2DA3AF79D51
-34.24074,-39.869034,2,C24A665A-6B67-FDEA-04A4-C2DA3AF79D51
-33.909798,-40.25229,0,C24A665A-6B67-FDEA-04A4-C2DA3AF79D51
-34.44424,-40.54594,0,C24A665A-6B67-FDEA-04A4-C2DA3AF79D51
-33.17868,-41.151157,0,C24A665A-6B67-FDEA-04A4-C2DA3AF79D51
-54.51641,21.845915,2,C24A665A-6B67-FDEA-04A4-C2DA3AF79D51
-54.522636,21.824392,2,C24A665A-6B67-FDEA-04A4-C2DA3AF79D51
-29.163568,-35.887585,2,C24A665A-6B67-FDEA-04A4-C2DA3AF79D51
-28.820305,-36.057137,0,C24A665A-6B67-FDEA-04A4-C2DA3AF79D51
-27.988249,-36.54512,0,C24A665A-6B67-FDEA-04A4-C2DA3AF79D51
-28.124317,-36.461845,0,C24A665A-6B67-FDEA-04A4-C2DA3AF79D51
-58.537907,24.1449,2,C24A665A-6B67-FDEA-04A4-C2DA3AF79D51
43.14655,24.525667,1,C24A665A-6B67-FDEA-04A4-C2DA3AF79D51
54.905396,-5.9894567,1,C24A665A-6B67-FDEA-04A4-C2DA3AF79D51
55.573177,-7.083562,1,C24A665A-6B67-FDEA-04A4-C2DA3AF79D51
55.791035,-7.6998096,1,C24A665A-6B67-FDEA-04A4-C2DA3AF79D51
56.033195,-8.659501,1,C24A665A-6B67-FDEA-04A4-C2DA3AF79D51
-19.074444,-1.4172479,1,C24A665A-6B67-FDEA-04A4-C2DA3AF79D51
-18.4735,-1.566015,1,C24A665A-6B67-FDEA-04A4-C2DA3AF79D51
-7.049032,-55.013435,1,C24A665A-6B67-FDEA-04A4-C2DA3AF79D51
-35.3349,2.3434927,1,C24A665A-6B67-FDEA-04A4-C2DA3AF79D51
-35.443317,2.3528306,1,C24A665A-6B67-FDEA-04A4-C2DA3AF79D51
-46.50293,-25.702017,1,C24A665A-6B67-FDEA-04A4-C2DA3AF79D51
-24.898973,7.97286,1,C24A665A-6B67-FDEA-04A4-C2DA3AF79D51
-31.116903,7.88048,1,C24A665A-6B67-FDEA-04A4-C2DA3AF79D51
-30.967453,7.956173,1,C24A665A-6B67-FDEA-04A4-C2DA3AF79D51
-31.556974,7.495853,1,C24A665A-6B67-FDEA-04A4-C2DA3AF79D51
-24.270712,-20.975277,1,C24A665A-6B67-FDEA-04A4-C2DA3AF79D51
-24.201893,-21.065786,1,C24A665A-6B67-FDEA-04A4-C2DA3AF79D51
-31.599403,-2.673443,2,C5DC661F-E2D6-2B65-4765-77C8B81D2488
-31.559853,-2.686599,2,C5DC661F-E2D6-2B65-4765-77C8B81D2488
-38.45555,43.887825,2,C5DC661F-E2D6-2B65-4765-77C8B81D2488
-38.08905,43.977306,2,C5DC661F-E2D6-2B65-4765-77C8B81D2488
-37.36858,44.272987,2,C5DC661F-E2D6-2B65-4765-77C8B81D2488
-36.167576,44.628063,2,C5DC661F-E2D6-2B65-4765-77C8B81D2488
-34.808445,44.76802,2,C5DC661F-E2D6-2B65-4765-77C8B81D2488
-34.280674,44.87176,2,C5DC661F-E2D6-2B65-4765-77C8B81D2488
-33.018295,45.080498,2,C5DC661F-E2D6-2B65-4765-77C8B81D2488
-32.104042,45.218063,2,C5DC661F-E2D6-2B65-4765-77C8B81D2488
-30.413294,45.36217,2,C5DC661F-E2D6-2B65-4765-77C8B81D2488
-30.34136,45.3851,2,C5DC661F-E2D6-2B65-4765-77C8B81D2488
38.84586,-12.0743685,2,C8BB6C15-19FA-A17A-5945-6202803016D7
39.37101,-11.63875,2,C8BB6C15-19FA-A17A-5945-6202803016D7
39.971905,-11.546736,2,C8BB6C15-19FA-A17A-5945-6202803016D7
40.5448,-11.376529,0,C8BB6C15-19FA-A17A-5945-6202803016D7
41.445312,-11.449197,0,C8BB6C15-19FA-A17A-5945-6202803016D7
43.464165,-9.897361,0,C8BB6C15-19FA-A17A-5945-6202803016D7
29.226427,-19.62549,0,C8BB6C15-19FA-A17A-5945-6202803016D7
37.67674,32.114517,0,C8BB6C15-19FA-A17A-5945-6202803016D7
37.26195,31.705326,0,C8BB6C15-19FA-A17A-5945-6202803016D7
36.777206,31.049446,0,C8BB6C15-19FA-A17A-5945-6202803016D7
36.80222,30.999077,0,C8BB6C15-19FA-A17A-5945-6202803016D7
37.225777,30.712519,0,C8BB6C15-19FA-A17A-5945-6202803016D7
64.01909,29.90453,2,C8BB6C15-19FA-A17A-5945-6202803016D7
63.99822,29.889925,2,C8BB6C15-19FA-A17A-5945-6202803016D7
64.27082,29.448877,2,C8BB6C15-19FA-A17A-5945-6202803016D7
64.77796,29.49807,0,C8BB6C15-19FA-A17A-5945-6202803016D7
17.997786,-24.17819,0,C8BB6C15-19FA-A17A-5945-6202803016D7
-3.7645874,-45.632324,0,C8BB6C15-19FA-A17A-5945-6202803016D7
-7.3879495,-5.581243,0,C8BB6C15-19FA-A17A-5945-6202803016D7
-7.542545,-5.5164766,1,C8BB6C15-19FA-A17A-5945-6202803016D7
-8.137874,-5.34006,2,C8BB6C15-19FA-A17A-5945-6202803016D7
9.37592,-7.308867,2,C8BB6C15-19FA-A17A-5945-6202803016D7
21.298103,28.101597,2,C8BB6C15-19FA-A17A-5945-6202803016D7
21.326153,28.134642,2,C8BB6C15-19FA-A17A-5945-6202803016D7
-44.63514,16.482103,1,C8BB6C15-19FA-A17A-5945-6202803016D7
-68.67381,21.37954,1,C8BB6C15-19FA-A17A-5945-6202803016D7
-68.23685,21.329344,1,C8BB6C15-19FA-A17A-5945-6202803016D7
-67.96333,21.488802,1,C8BB6C15-19FA-A17A-5945-6202803016D7
-67.11079,21.958471,1,C8BB6C15-19FA-A17A-5945-6202803016D7
-66.64105,22.328533,1,C8BB6C15-19FA-A17A-5945-6202803016D7
18.049862,45.319485,1,C8BB6C15-19FA-A17A-5945-6202803016D7
18.263826,45.49309,1,C8BB6C15-19FA-A17A-5945-6202803016D7
19.627369,46.644764,1,C8BB6C15-19FA-A17A-5945-6202803016D7
65.99833,-13.97145,0,CCA3ABC5-DCCE-0BBE-5327-E65AE52A195D
66.24821,-13.680874,2,CCA3ABC5-DCCE-0BBE-5327-E65AE52A195D
66.985405,-13.396674,2,CCA3ABC5-DCCE-0BBE-5327-E65AE52A195D
67.823586,-13.094095,2,CCA3ABC5-DCCE-0BBE-5327-E65AE52A195D
68.22112,-12.864555,2,CCA3ABC5-DCCE-0BBE-5327-E65AE52A195D
82.13048,-11.372259,2,CCA3ABC5-DCCE-0BBE-5327-E65AE52A195D
-11.325887,-19.806427,2,CCA3ABC5-DCCE-0BBE-5327-E65AE52A195D
-11.486805,-20.202906,2,CCA3ABC5-DCCE-0BBE-5327-E65AE52A195D
-11.276107,-20.847067,2,CCA3ABC5-DCCE-0BBE-5327-E65AE52A195D
-18.990694,-47.920242,2,CCA3ABC5-DCCE-0BBE-5327-E65AE52A195D
-19.1734,-47.639076,2,CCA3ABC5-DCCE-0BBE-5327-E65AE52A195D
-19.453545,-47.184742,2,CCA3ABC5-DCCE-0BBE-5327-E65AE52A195D
-10.770333,57.35114,0,CD5833CD-93D3-318C-371A-18A32DEFC38B
-10.763877,57.35747,0,CD5833CD-93D3-318C-371A-18A32DEFC38B
72.885185,-0.66441387,0,CD5833CD-93D3-318C-371A-18A32DEFC38B
66.5827,18.602932,0,CD5833CD-93D3-318C-371A-18A32DEFC38B
66.44702,17.896688,0,CD5833CD-93D3-318C-371A-18A32DEFC38B
66.41709,17.809341,0,CD5833CD-93D3-318C-371A-18A32DEFC38B
63.334423,-3.6779075,0,CD5833CD-93D3-318C-371A-18A32DEFC38B
65.137344,-6.2490973,0,CD5833CD-93D3-318C-371A-18A32DEFC38B
-30.127337,-31.860285,0,CD5833CD-93D3-318C-371A-18A32DEFC38B
-30.349169,-31.252409,0,CD5833CD-93D3-318C-371A-18A32DEFC38B
-30.689564,-30.42921,0,CD5833CD-93D3-318C-371A-18A32DEFC38B
-30.788988,-30.242046,1,CD5833CD-93D3-318C-371A-18A32DEFC38B
-61.83802,4.710448,2,CD5833CD-93D3-318C-371A-18A32DEFC38B
-59.179417,14.799035,2,CD5833CD-93D3-318C-371A-18A32DEFC38B
-59.334957,14.898871,2,CD5833CD-93D3-318C-371A-18A32DEFC38B
-59.14731,21.993671,2,CD5833CD-93D3-318C-371A-18A32DEFC38B
-59.245914,21.945032,2,CD5833CD-93D3-318C-371A-18A32DEFC38B
-59.710575,21.447674,2,CD5833CD-93D3-318C-371A-18A32DEFC38B
-51.520184,-3.5047407,2,CD5833CD-93D3-318C-371A-18A32DEFC38B
-51.778763,-3.551504,2,CD5833CD-93D3-318C-371A-18A32DEFC38B
-44.75869,-19.719193,2,CD5833CD-93D3-318C-371A-18A32DEFC38B
-44.701977,-19.618614,2,CD5833CD-93D3-318C-371A-18A32DEFC38B
-37.861763,16.51786,2,CD5833CD-93D3-318C-371A-18A32DEFC38B
25.463825,28.588608,2,CD5833CD-93D3-318C-371A-18A32DEFC38B
-3.2352479,49.4008,2,CD5833CD-93D3-318C-371A-18A32DEFC38B
-2.6086252,49.473354,2,CD5833CD-93D3-318C-371A-18A32DEFC38B
-2.379443,49.481255,2,CD5833CD-93D3-318C-371A-18A32DEFC38B
-0.63251257,49.065937,2,CD5833CD-93D3-318C-371A-18A32DEFC38B
-0.11185526,48.940968,2,CD5833CD-93D3-318C-371A-18A32DEFC38B
0.2830902,48.850548,0,CD5833CD-93D3-318C-371A-18A32DEFC38B
-10.34379,29.00051,2,CD5833CD-93D3-318C-371A-18A32DEFC38B
-4.669967,6.7838798,2,CD5833CD-93D3-318C-371A-18A32DEFC38B
-4.5887837,7.4586425,2,CD5833CD-93D3-318C-371A-18A32DEFC38B
-4.582401,7.740702,1,CD5833CD-93D3-318C-371A-18A32DEFC38B
23.616219,-24.001043,1,CD5833CD-93D3-318C-371A-18A32DEFC38B
23.635616,-23.998716,0,CD5833CD-93D3-318C-371A-18A32DEFC38B
8.360953,31.224833,1,CD5833CD-93D3-318C-371A-18A32DEFC38B
8.2906065,31.26321,2,CD5833CD-93D3-318C-371A-18A32DEFC38B
7.3951654,31.761435,2,CD5833CD-93D3-318C-371A-18A32DEFC38B
5.989852,32.6388,2,CD5833CD-93D3-318C-371A-18A32DEFC38B
5.8825946,32.686195,2,CD5833CD-93D3-318C-371A-18A32DEFC38B
16.497196,15.144349,0,CD5833CD-93D3-318C-371A-18A32DEFC38B
-28.130503,-46.41959,2,D0F7ABC0-F552-63CD-CAC6-6703C39B83CA
-28.273489,-46.344955,2,D0F7ABC0-F552-63CD-CAC6-6703C39B83CA
-29.01056,-45.803463,2,D0F7ABC0-F552-63CD-CAC6-6703C39B83CA
52.913036,-5.855868,2,D0F7ABC0-F552-63CD-CAC6-6703C39B83CA
53.5587,-5.2449884,0,D0F7ABC0-F552-63CD-CAC6-6703C39B83CA
53.55633,-5.095448,0,D0F7ABC0-F552-63CD-CAC6-6703C39B83CA
-32.15453,-22.53682,1,D0F7ABC0-F552-63CD-CAC6-6703C39B83CA
-32.651203,-23.078856,1,D0F7ABC0-F552-63CD-CAC6-6703C39B83CA
-32.80445,-23.253487,1,D0F7ABC0-F552-63CD-CAC6-6703C39B83CA
14.170302,-58.126446,1,D0F7ABC0-F552-63CD-CAC6-6703C39B83CA
4.333006,-54.55264,1,D0F7ABC0-F552-63CD-CAC6-6703C39B83CA
1.8160664,-56.725204,1,D0F7ABC0-F552-63CD-CAC6-6703C39B83CA
-35.17377,39.336514,1,D0F7ABC0-F552-63CD-CAC6-6703C39B83CA
-34.59937,39.15867,1,D0F7ABC0-F552-63CD-CAC6-6703C39B83CA
-34.399822,38.781487,1,D0F7ABC0-F552-63CD-CAC6-6703C39B83CA
-34.18897,38.420506,1,D0F7ABC0-F552-63CD-CAC6-6703C39B83CA
-29.453426,14.197124,1,D0F7ABC0-F552-63CD-CAC6-6703C39B83CA
-28.8996,2.566471,1,D0F7ABC0-F552-63CD-CAC6-6703C39B83CA
62.719166,-18.779991,0,D0F7ABC0-F552-63CD-CAC6-6703C39B83CA
43.554123,-15.304649,0,D0F7ABC0-F552-63CD-CAC6-6703C39B83CA
43.105885,-14.986707,1,D0F7ABC0-F552-63CD-CAC6-6703C39B83CA
42.18518,-15.29016,1,D0F7ABC0-F552-63CD-CAC6-6703C39B83CA
41.495884,-15.518716,1,D0F7ABC0-F552-63CD-CAC6-6703C39B83CA
41.0595,-15.621949,1,D0F7ABC0-F552-63CD-CAC6-6703C39B83CA
11.933126,19.520884,2,D51A5648-0039-8CB1-45CB-C51E5ABA8BCC
11.201908,19.327328,2,D51A5648-0039-8CB1-45CB-C51E5ABA8BCC
11.027261,19.53787,2,D51A5648-0039-8CB1-45CB-C51E5ABA8BCC
10.485406,19.742035,2,D51A5648-0039-8CB1-45CB-C51E5ABA8BCC
10.081302,19.996881,2,D51A5648-0039-8CB1-45CB-C51E5ABA8BCC
9.434781,20.413013,2,D51A5648-0039-8CB1-45CB-C51E5ABA8BCC
71.046745,-9.595823,0,D51A5648-0039-8CB1-45CB-C51E5ABA8BCC
14.020511,11.233375,0,D51A5648-0039-8CB1-45CB-C51E5ABA8BCC
13.992967,11.234181,2,D51A5648-0039-8CB1-45CB-C51E5ABA8BCC
-49.119667,-12.756179,2,D51A5648-0039-8CB1-45CB-C51E5ABA8BCC
-49.22088,-13.252441,2,D51A5648-0039-8CB1-45CB-C51E5ABA8BCC
-49.27415,-13.503906,2,D51A5648-0039-8CB1-45CB-C51E5ABA8BCC
58.187424,-15.653455,2,D51A5648-0039-8CB1-45CB-C51E5ABA8BCC
59.812237,-16.685112,2,D51A5648-0039-8CB1-45CB-C51E5ABA8BCC
59.86849,-16.718992,2,D51A5648-0039-8CB1-45CB-C51E5ABA8BCC
-69.858795,-1.5257648,2,D57F474B-B38C-E9AF-73CC-2CF16EED3827
-69.93565,-1.5984607,1,D57F474B-B38C-E9AF-73CC-2CF16EED3827
-71.07502,-2.4594026,0,D57F474B-B38C-E9AF-73CC-2CF16EED3827
-71.432106,-2.61022,0,D57F474B-B38C-E9AF-73CC-2CF16EED3827
52.634865,-13.042644,0,D57F474B-B38C-E9AF-73CC-2CF16EED3827
60.94518,-2.9508874,0,D57F474B-B38C-E9AF-73CC-2CF16EED3827
54.255024,-18.546543,0,D57F474B-B38C-E9AF-73CC-2CF16EED3827
59.68866,4.0049157,0,D57F474B-B38C-E9AF-73CC-2CF16EED3827
51.246243,-6.438968,0,D57F474B-B38C-E9AF-73CC-2CF16EED3827
26.998394,-26.826883,2,D57F474B-B38C-E9AF-73CC-2CF16EED3827
26.99791,-26.837069,2,D57F474B-B38C-E9AF-73CC-2CF16EED3827
-76.62698,-6.0811486,2,D57F474B-B38C-E9AF-73CC-2CF16EED3827
-76.57612,-6.36752,2,D57F474B-B38C-E9AF-73CC-2CF16EED3827
-76.463524,-6.803737,2,D57F474B-B38C-E9AF-73CC-2CF16EED3827
-76.25446,-7.3681197,1,D57F474B-B38C-E9AF-73CC-2CF16EED3827
6.380736,-37.28573,1,D57F474B-B38C-E9AF-73CC-2CF16EED3827
6.722586,-36.940987,1,D57F474B-B38C-E9AF-73CC-2CF16EED3827
7.018584,-36.622013,0,D57F474B-B38C-E9AF-73CC-2CF16EED3827
-42.221615,5.882655,1,D57F474B-B38C-E9AF-73CC-2CF16EED3827
-42.226837,5.888259,1,D57F474B-B38C-E9AF-73CC-2CF16EED3827
-30.035177,-24.885036,1,D57F474B-B38C-E9AF-73CC-2CF16EED3827
-30.110554,-25.126022,1,D57F474B-B38C-E9AF-73CC-2CF16EED3827
-30.622667,-25.88046,1,D57F474B-B38C-E9AF-73CC-2CF16EED3827
-30.857117,-26.347916,1,D57F474B-B38C-E9AF-73CC-2CF16EED3827
-51.28468,-7.052458,1,D57F474B-B38C-E9AF-73CC-2CF16EED3827
-51.1844,-7.134374,2,D57F474B-B38C-E9AF-73CC-2CF16EED3827
-50.707474,-8.048131,2,D57F474B-B38C-E9AF-73CC-2CF16EED3827
-50.508663,-8.377778,2,D57F474B-B38C-E9AF-73CC-2CF16EED3827
-10.43606,5.3503666,2,D57F474B-B38C-E9AF-73CC-2CF16EED3827
25.697691,-13.846988,2,D57F474B-B38C-E9AF-73CC-2CF16EED3827
-62.662167,10.502899,0,D57F474B-B38C-E9AF-73CC-2CF16EED3827
-62.634617,10.63348,1,D57F474B-B38C-E9AF-73CC-2CF16EED3827
-62.58261,11.0257635,1,D57F474B-B38C-E9AF-73CC-2CF16EED3827
-15.99706,-58.57785,2,D6D11A63-A131-4E74-041D-6E3BD8EFF8FF
-15.998621,-58.569317,2,D6D11A63-A131-4E74-041D-6E3BD8EFF8FF
0.47821388,-54.941525,2,D6D11A63-A131-4E74-041D-6E3BD8EFF8FF
67.70663,-2.4620483,2,D6D11A63-A131-4E74-041D-6E3BD8EFF8FF
71.923134,-14.964667,2,D6D11A63-A131-4E74-041D-6E3BD8EFF8FF
70.625626,-15.684464,2,D6D11A63-A131-4E74-041D-6E3BD8EFF8FF
35.464397,-14.0411005,2,D6D11A63-A131-4E74-041D-6E3BD8EFF8FF
35.75885,-14.167086,2,D6D11A63-A131-4E74-041D-6E3BD8EFF8FF
36.538513,-14.41371,2,D6D11A63-A131-4E74-041D-6E3BD8EFF8FF
71.99266,-7.505124,2,D6D11A63-A131-4E74-041D-6E3BD8EFF8FF
50.53704,-21.387098,2,D6D11A63-A131-4E74-041D-6E3BD8EFF8FF
51.128662,-21.003681,0,D6D11A63-A131-4E74-041D-6E3BD8EFF8FF
-36.019928,18.92696,2,D8D27F81-4F83-E10A-448A-735447867552
-35.98988,18.881157,2,D8D27F81-4F83-E10A-448A-735447867552
-35.29383,18.146294,2,D8D27F81-4F83-E10A-448A-735447867552
-34.675735,17.65949,1,D8D27F81-4F83-E10A-448A-735447867552
-34.07967,17.150166,1,D8D27F81-4F83-E10A-448A-735447867552
-33.768944,16.87671,1,D8D27F81-4F83-E10A-448A-735447867552
-3.403732,-25.011703,0,D8D27F81-4F83-E10A-448A-735447867552
-4.069989,-24.785412,0,D8D27F81-4F83-E10A-448A-735447867552
-4.0515313,-24.806593,0,D8D27F81-4F83-E10A-448A-735447867552
-1.6684573,-34.57752,1,D8D27F81-4F83-E10A-448A-735447867552
-1.6869295,-34.915142,2,D8D27F81-4F83-E10A-448A-735447867552
-1.6694107,-35.027443,0,D8D27F81-4F83-E10A-448A-735447867552
52.223473,-35.49072,2,D8D27F81-4F83-E10A-448A-735447867552
52.40768,-35.306644,2,D8D27F81-4F83-E10A-448A-735447867552
53.479465,-34.285267,2,D8D27F81-4F83-E10A-448A-735447867552
54.265553,-33.6947,2,D8D27F81-4F83-E10A-448A-735447867552
54.784344,-33.33301,2,D8D27F81-4F83-E10A-448A-735447867552
54.967403,-33.20211,2,D8D27F81-4F83-E10A-448A-735447867552
-40.813087,26.28915,2,DA2856BC-D181-9AF0-DC9A-99A9444D5579
40.625023,21.547636,0,DA2856BC-D181-9AF0-DC9A-99A9444D5579
40.817486,21.706758,0,DA2856BC-D181-9AF0-DC9A-99A9444D5579
40.881725,21.746857,0,DA2856BC-D181-9AF0-DC9A-99A9444D5579
40.987606,19.849224,0,DA2856BC-D181-9AF0-DC9A-99A9444D5579
66.97911,-11.322815,0,DA2856BC-D181-9AF0-DC9A-99A9444D5579
-55.597404,3.1614456,2,DA2856BC-D181-9AF0-DC9A-99A9444D5579
-55.814316,3.3309338,2,DA2856BC-D181-9AF0-DC9A-99A9444D5579
-31.44901,31.897276,2,DA2856BC-D181-9AF0-DC9A-99A9444D5579
27.664486,26.115738,2,DA2856BC-D181-9AF0-DC9A-99A9444D5579
27.882921,25.863392,2,DA2856BC-D181-9AF0-DC9A-99A9444D5579
28.068731,25.649479,0,DA2856BC-D181-9AF0-DC9A-99A9444D5579
-44.79684,39.943924,1,DA2856BC-D181-9AF0-DC9A-99A9444D5579
-44.26376,39.929646,2,DA2856BC-D181-9AF0-DC9A-99A9444D5579
-43.214237,40.03795,2,DA2856BC-D181-9AF0-DC9A-99A9444D5579
-42.76267,40.340935,2,DA2856BC-D181-9AF0-DC9A-99A9444D5579
-42.271763,40.68413,2,DA2856BC-D181-9AF0-DC9A-99A9444D5579
-41.83271,40.97234,2,DA2856BC-D181-9AF0-DC9A-99A9444D5579
-20.155485,31.962826,2,DA2856BC-D181-9AF0-DC9A-99A9444D5579
-21.206087,30.381659,2,DA2856BC-D181-9AF0-DC9A-99A9444D5579
-21.36845,29.94254,2,DA2856BC-D181-9AF0-DC9A-99A9444D5579
-21.438189,29.59681,2,DA2856BC-D181-9AF0-DC9A-99A9444D5579
-26.425798,0.31587088,1,DA2856BC-D181-9AF0-DC9A-99A9444D5579
-26.480227,0.45081657,1,DA2856BC-D181-9AF0-DC9A-99A9444D5579
7.2967205,-59.499058,0,DBA0C8C4-AE05-772F-2E53-E6167F8ACB77
7.2780476,-59.393818,2,DBA0C8C4-AE05-772F-2E53-E6167F8ACB77
70.62586,2.492878,2,DBA0C8C4-AE05-772F-2E53-E6167F8ACB77
67.77907,3.7641275,0,DBA0C8C4-AE05-772F-2E53-E6167F8ACB77
34.86339,6.127519,0,DBA0C8C4-AE05-772F-2E53-E6167F8ACB77
26.409445,-9.757206,0,DBA0C8C4-AE05-772F-2E53-E6167F8ACB77
-3.8269465,-42.196045,0,DBA0C8C4-AE05-772F-2E53-E6167F8ACB77
-7.7387033,-35.949486,0,DBA0C8C4-AE05-772F-2E53-E6167F8ACB77
-7.921738,-35.570824,0,DBA0C8C4-AE05-772F-2E53-E6167F8ACB77
-8.160339,-35.148453,0,DBA0C8C4-AE05-772F-2E53-E6167F8ACB77
-45.67138,4.565368,0,DBA0C8C4-AE05-772F-2E53-E6167F8ACB77
-46.06407,4.798236,0,DBA0C8C4-AE05-772F-2E53-E6167F8ACB77
-46.37447,4.831927,2,DBA0C8C4-AE05-772F-2E53-E6167F8ACB77
-47.024265,4.9960713,2,DBA0C8C4-AE05-772F-2E53-E6167F8ACB77
-46.54515,6.5286717,2,DBA0C8C4-AE05-772F-2E53-E6167F8ACB77
-46.08989,7.043858,2,DBA0C8C4-AE05-772F-2E53-E6167F8ACB77
-45.629425,7.5498824,2,DBA0C8C4-AE05-772F-2E53-E6167F8ACB77
-45.22138,8.12805,2,DBA0C8C4-AE05-772F-2E53-E6167F8ACB77
-15.516866,-31.150114,0,DBA0C8C4-AE05-772F-2E53-E6167F8ACB77
-14.972539,-31.036507,0,DBA0C8C4-AE05-772F-2E53-E6167F8ACB77
-14.980732,-31.037228,2,DBA0C8C4-AE05-772F-2E53-E6167F8ACB77
-16.175312,-31.268,2,DBA0C8C4-AE05-772F-2E53-E6167F8ACB77
8.276641,16.352484,2,DBA0C8C4-AE05-772F-2E53-E6167F8ACB77
8.322398,16.495583,2,DBA0C8C4-AE05-772F-2E53-E6167F8ACB77
-15.629115,27.69142,2,DBA0C8C4-AE05-772F-2E53-E6167F8ACB77
-16.073795,27.306513,2,DBA0C8C4-AE05-772F-2E53-E6167F8ACB77
-16.317734,27.155725,2,DBA0C8C4-AE05-772F-2E53-E6167F8ACB77
-52.836414,5.8632255,2,DBA0C8C4-AE05-772F-2E53-E6167F8ACB77
-52.869144,5.6316676,2,DBA0C8C4-AE05-772F-2E53-E6167F8ACB77
-52.93292,4.1262016,2,DBA0C8C4-AE05-772F-2E53-E6167F8ACB77
52.136024,-1.7503705,0,DC0BE0E2-B41E-3D73-47C5-5733952512CB
60.871937,10.613559,0,DC0BE0E2-B41E-3D73-47C5-5733952512CB
60.866505,10.566449,0,DC0BE0E2-B41E-3D73-47C5-5733952512CB
31.36897,40.690495,0,DC0BE0E2-B41E-3D73-47C5-5733952512CB
31.324226,40.691273,0,DC0BE0E2-B41E-3D73-47C5-5733952512CB
31.33026,40.66559,2,DC0BE0E2-B41E-3D73-47C5-5733952512CB
-34.587955,-1.5377678,2,DC0BE0E2-B41E-3D73-47C5-5733952512CB
-34.397316,-1.8161705,2,DC0BE0E2-B41E-3D73-47C5-5733952512CB
-34.375507,-1.900502,2,DC0BE0E2-B41E-3D73-47C5-5733952512CB
-33.28797,-3.9513843,2,DC0BE0E2-B41E-3D73-47C5-5733952512CB
-33.24705,-4.0341473,2,DC0BE0E2-B41E-3D73-47C5-5733952512CB
-23.040207,-13.645776,2,DC0BE0E2-B41E-3D73-47C5-5733952512CB
-22.982988,-13.732277,2,DC0BE0E2-B41E-3D73-47C5-5733952512CB
25.369987,-35.045547,2,DC0BE0E2-B41E-3D73-47C5-5733952512CB
25.812868,-34.699436,2,DC0BE0E2-B41E-3D73-47C5-5733952512CB
26.069752,-34.501232,2,DC0BE0E2-B41E-3D73-47C5-5733952512CB
24.026842,8.846124,2,DC0BE0E2-B41E-3D73-47C5-5733952512CB
24.279936,9.137444,2,DC0BE0E2-B41E-3D73-47C5-5733952512CB
-24.43559,45.079517,1,DCB45A10-FAF5-53E0-AB53-2D42AC9BB090
-24.864227,45.62495,1,DCB45A10-FAF5-53E0-AB53-2D42AC9BB090
-25.25863,46.23295,1,DCB45A10-FAF5-53E0-AB53-2D42AC9BB090
-25.43315,46.73745,1,DCB45A10-FAF5-53E0-AB53-2D42AC9BB090
-69.24094,11.704714,1,DCB45A10-FAF5-53E0-AB53-2D42AC9BB090
-69.61789,11.976708,2,DCB45A10-FAF5-53E0-AB53-2D42AC9BB090
50.52861,9.932289,2,DCB45A10-FAF5-53E0-AB53-2D42AC9BB090
51.066334,9.547492,2,DCB45A10-FAF5-53E0-AB53-2D42AC9BB090
51.557766,9.199201,0,DCB45A10-FAF5-53E0-AB53-2D42AC9BB090
59.425667,-2.6663609,0,DCB45A10-FAF5-53E0-AB53-2D42AC9BB090
66.69042,5.578165,0,DCB45A10-FAF5-53E0-AB53-2D42AC9BB090
66.6356,5.6584473,0,DCB45A10-FAF5-53E0-AB53-2D42AC9BB090
-57.574547,10.7517185,1,DCB45A10-FAF5-53E0-AB53-2D42AC9BB090
-57.767178,10.942978,1,DCB45A10-FAF5-53E0-AB53-2D42AC9BB090
-58.42342,11.478674,1,DCB45A10-FAF5-53E0-AB53-2D42AC9BB090
-35.89631,6.866314,1,DCB45A10-FAF5-53E0-AB53-2D42AC9BB090
-35.604992,6.8221326,1,DCB45A10-FAF5-53E0-AB53-2D42AC9BB090
-35.12483,6.767832,1,DCB45A10-FAF5-53E0-AB53-2D42AC9BB090
-45.513897,45.342903,2,DCB45A10-FAF5-53E0-AB53-2D42AC9BB090
-45.536514,45.329426,2,DCB45A10-FAF5-53E0-AB53-2D42AC9BB090
-12.056101,38.263573,2,DCB45A10-FAF5-53E0-AB53-2D42AC9BB090
-12.061083,38.271004,2,DCB45A10-FAF5-53E0-AB53-2D42AC9BB090
28.826313,34.28081,1,DCB45A10-FAF5-53E0-AB53-2D42AC9BB090
28.863026,34.264557,2,DCB45A10-FAF5-53E0-AB53-2D42AC9BB090
36.320198,46.052647,1,DCB45A10-FAF5-53E0-AB53-2D42AC9BB090
36.70221,46.29821,1,DCB45A10-FAF5-53E0-AB53-2D42AC9BB090
37.55132,46.78737,1,DCB45A10-FAF5-53E0-AB53-2D42AC9BB090
37.920605,46.683376,1,DCB45A10-FAF5-53E0-AB53-2D42AC9BB090
38.465305,46.48281,1,DCB45A10-FAF5-53E0-AB53-2D42AC9BB090
18.647015,-21.463923,1,DCB45A10-FAF5-53E0-AB53-2D42AC9BB090
-24.980299,41.781303,2,DD956DE9-DEFB-C0C6-82B4-C639A17D6782
-25.119205,41.725166,2,DD956DE9-DEFB-C0C6-82B4-C639A17D6782
-25.194887,41.707706,2,DD956DE9-DEFB-C0C6-82B4-C639A17D6782
-47.662216,-3.099653,2,DD956DE9-DEFB-C0C6-82B4-C639A17D6782
-47.562946,-3.3106186,1,DD956DE9-DEFB-C0C6-82B4-C639A17D6782
-5.1683145,-36.81408,0,DD956DE9-DEFB-C0C6-82B4-C639A17D6782
2.3627996,30.043934,0,DD956DE9-DEFB-C0C6-82B4-C639A17D6782
1.9131542,30.26579,2,DD956DE9-DEFB-C0C6-82B4-C639A17D6782
1.4124434,30.695173,2,DD956DE9-DEFB-C0C6-82B4-C639A17D6782
1.4146156,30.778645,2,DD956DE9-DEFB-C0C6-82B4-C639A17D6782
1.5591477,31.778284,2,DD956DE9-DEFB-C0C6-82B4-C639A17D6782
-38.891712,29.078276,2,DD956DE9-DEFB-C0C6-82B4-C639A17D6782
-31.972216,30.616955,2,DD956DE9-DEFB-C0C6-82B4-C639A17D6782
-32.016758,30.493063,2,DD956DE9-DEFB-C0C6-82B4-C639A17D6782
60.694138,17.109264,0,DD956DE9-DEFB-C0C6-82B4-C639A17D6782
60.861645,1.3109654,0,DD956DE9-DEFB-C0C6-82B4-C639A17D6782
74.57055,-8.444056,0,DD956DE9-DEFB-C0C6-82B4-C639A17D6782
58.578674,3.451998,0,DD956DE9-DEFB-C0C6-82B4-C639A17D6782
35.183964,4.90558,0,DD956DE9-DEFB-C0C6-82B4-C639A17D6782
33.540054,4.7271194,2,DD956DE9-DEFB-C0C6-82B4-C639A17D6782
32.988716,4.7818975,2,DD956DE9-DEFB-C0C6-82B4-C639A17D6782
13.364722,41.235092,2,DD956DE9-DEFB-C0C6-82B4-C639A17D6782
13.362451,41.26291,2,DD956DE9-DEFB-C0C6-82B4-C639A17D6782
13.359802,41.986107,2,DD956DE9-DEFB-C0C6-82B4-C639A17D6782
-64.42752,6.871192,2,DD956DE9-DEFB-C0C6-82B4-C639A17D6782
-65.1185,7.0590086,2,DD956DE9-DEFB-C0C6-82B4-C639A17D6782
-65.29856,7.0805297,2,DD956DE9-DEFB-C0C6-82B4-C639A17D6782
-65.873566,7.284845,0,DD956DE9-DEFB-C0C6-82B4-C639A17D6782
50.333027,-15.961925,0,DD956DE9-DEFB-C0C6-82B4-C639A17D6782
50.35473,-15.940195,0,DD956DE9-DEFB-C0C6-82B4-C639A17D6782
-65.92657,15.171631,2,DD956DE9-DEFB-C0C6-82B4-C639A17D6782
-66.01825,14.759884,2,DD956DE9-DEFB-C0C6-82B4-C639A17D6782
-66.07801,14.549057,2,DD956DE9-DEFB-C0C6-82B4-C639A17D6782
-66.15306,13.633088,2,DD956DE9-DEFB-C0C6-82B4-C639A17D6782
-66.397255,12.544075,0,DD956DE9-DEFB-C0C6-82B4-C639A17D6782
63.91506,-5.4101815,0,DD956DE9-DEFB-C0C6-82B4-C639A17D6782
-48.042507,26.26061,2,DE775A65-68D5-C477-E2F7-BCC1AEF0B850
-47.90262,26.362083,2,DE775A65-68D5-C477-E2F7-BCC1AEF0B850
-48.41018,25.731596,2,DE775A65-68D5-C477-E2F7-BCC1AEF0B850
-46.74408,26.889471,2,DE775A65-68D5-C477-E2F7-BCC1AEF0B850
-46.51702,28.05772,2,DE775A65-68D5-C477-E2F7-BCC1AEF0B850
-46.4648,28.209002,2,DE775A65-68D5-C477-E2F7-BCC1AEF0B850
30.669458,-10.864051,2,DE775A65-68D5-C477-E2F7-BCC1AEF0B850
30.646725,-10.859122,2,DE775A65-68D5-C477-E2F7-BCC1AEF0B850
16.753654,-1.027908,2,DE775A65-68D5-C477-E2F7-BCC1AEF0B850
10.962815,-6.9471445,2,DE775A65-68D5-C477-E2F7-BCC1AEF0B850
-5.8327703,-16.761608,2,DE775A65-68D5-C477-E2F7-BCC1AEF0B850
-5.8438315,-16.755999,2,DE775A65-68D5-C477-E2F7-BCC1AEF0B850
63.407932,-0.5895497,1,DF62EF03-DA30-E70A-CA31-03A029C9610A
63.313305,-0.5944029,1,DF62EF03-DA30-E70A-CA31-03A029C9610A
35.64148,-5.3818235,1,DF62EF03-DA30-E70A-CA31-03A029C9610A
36.73475,-5.6250863,1,DF62EF03-DA30-E70A-CA31-03A029C9610A
36.884243,-5.6734114,1,DF62EF03-DA30-E70A-CA31-03A029C9610A
11.117871,-28.57555,0,DF62EF03-DA30-E70A-CA31-03A029C9610A
-29.609577,-5.5679445,2,DF62EF03-DA30-E70A-CA31-03A029C9610A
-30.10588,-5.9757953,2,DF62EF03-DA30-E70A-CA31-03A029C9610A
-30.11417,-5.9819393,2,DF62EF03-DA30-E70A-CA31-03A029C9610A
-19.452858,-34.366474,2,DF62EF03-DA30-E70A-CA31-03A029C9610A
-19.141314,-34.50325,2,DF62EF03-DA30-E70A-CA31-03A029C9610A
-18.968142,-34.640835,2,DF62EF03-DA30-E70A-CA31-03A029C9610A
-17.305902,-36.42596,2,DF62EF03-DA30-E70A-CA31-03A029C9610A
-17.21954,-36.55616,2,DF62EF03-DA30-E70A-CA31-03A029C9610A
5.2464457,-31.032827,2,DF62EF03-DA30-E70A-CA31-03A029C9610A
40.20599,7.257256,2,DF62EF03-DA30-E70A-CA31-03A029C9610A
65.986435,-4.409272,0,DF62EF03-DA30-E70A-CA31-03A029C9610A
66.192764,-4.3744555,0,DF62EF03-DA30-E70A-CA31-03A029C9610A
4.4979734,40.557568,0,E49C1269-8AB7-8C8F-FC88-AA92C2F1E260
4.7293134,40.954803,0,E49C1269-8AB7-8C8F-FC88-AA92C2F1E260
4.9532976,41.347233,0,E49C1269-8AB7-8C8F-FC88-AA92C2F1E260
45.875202,22.265728,0,E49C1269-8AB7-8C8F-FC88-AA92C2F1E260
46.38292,20.696215,2,E49C1269-8AB7-8C8F-FC88-AA92C2F1E260
46.244514,20.935959,2,E49C1269-8AB7-8C8F-FC88-AA92C2F1E260
46.2084,20.991013,2,E49C1269-8AB7-8C8F-FC88-AA92C2F1E260
47.4542,18.980495,2,E49C1269-8AB7-8C8F-FC88-AA92C2F1E260
47.516087,18.980701,0,E49C1269-8AB7-8C8F-FC88-AA92C2F1E260
64.51901,-2.6343186,0,E49C1269-8AB7-8C8F-FC88-AA92C2F1E260
69.69382,-21.619072,0,E49C1269-8AB7-8C8F-FC88-AA92C2F1E260
68.00347,-22.13463,0,E49C1269-8AB7-8C8F-FC88-AA92C2F1E260
42.938812,-24.6748,0,E49C1269-8AB7-8C8F-FC88-AA92C2F1E260
42.577393,-25.47548,0,E49C1269-8AB7-8C8F-FC88-AA92C2F1E260
42.49122,-25.752048,0,E49C1269-8AB7-8C8F-FC88-AA92C2F1E260
-41.53671,17.89718,0,E49C1269-8AB7-8C8F-FC88-AA92C2F1E260
-40.83411,17.636444,0,E49C1269-8AB7-8C8F-FC88-AA92C2F1E260
-40.66103,17.687452,2,E49C1269-8AB7-8C8F-FC88-AA92C2F1E260
-53.388546,-2.660003,0,E5CCE6B3-2C6E-BE96-602F-3852C8614777
-65.38178,3.2189853,0,E5CCE6B3-2C6E-BE96-602F-3852C8614777
-65.36874,3.2389624,2,E5CCE6B3-2C6E-BE96-602F-3852C8614777
-65.10051,3.3665419,2,E5CCE6B3-2C6E-BE96-602F-3852C8614777
23.272614,-39.407185,0,E5CCE6B3-2C6E-BE96-602F-3852C8614777
23.296759,-39.392418,0,E5CCE6B3-2C6E-BE96-602F-3852C8614777
55.8376,8.893439,0,E5CCE6B3-2C6E-BE96-602F-3852C8614777
56.204514,8.7057085,0,E5CCE6B3-2C6E-BE96-602F-3852C8614777
35.273422,-1.9639324,2,E5CCE6B3-2C6E-BE96-602F-3852C8614777
35.13657,-1.973502,2,E5CCE6B3-2C6E-BE96-602F-3852C8614777
34.448235,-1.8871013,2,E5CCE6B3-2C6E-BE96-602F-3852C8614777
34.16867,-1.8278892,2,E5CCE6B3-2C6E-BE96-602F-3852C8614777
-27.461748,44.632717,2,E5CCE6B3-2C6E-BE96-602F-3852C8614777
-13.855959,45.230644,2,E5CCE6B3-2C6E-BE96-602F-3852C8614777
-13.38625,44.964787,2,E5CCE6B3-2C6E-BE96-602F-3852C8614777
-12.458036,44.343338,2,E5CCE6B3-2C6E-BE96-602F-3852C8614777
-11.836294,43.88125,2,E5CCE6B3-2C6E-BE96-602F-3852C8614777
-11.549974,43.66326,2,E5CCE6B3-2C6E-BE96-602F-3852C8614777
-17.881763,29.009718,2,E5CCE6B3-2C6E-BE96-602F-3852C8614777
-18.213593,28.58328,2,E5CCE6B3-2C6E-BE96-602F-3852C8614777
-18.448622,28.347612,2,E5CCE6B3-2C6E-BE96-602F-3852C8614777
3.2998867,35.318085,2,E5CCE6B3-2C6E-BE96-602F-3852C8614777
3.3086622,35.306995,0,E5CCE6B3-2C6E-BE96-602F-3852C8614777
27.448704,-11.765221,0,E5CCE6B3-2C6E-BE96-602F-3852C8614777
-54.74252,37.973873,2,E5CCE6B3-2C6E-BE96-602F-3852C8614777
-54.718918,37.948517,2,E5CCE6B3-2C6E-BE96-602F-3852C8614777
-54.20372,37.56776,2,E5CCE6B3-2C6E-BE96-602F-3852C8614777
-45.25798,0.4437191,2,E5CCE6B3-2C6E-BE96-602F-3852C8614777
-45.266453,0.5340037,2,E5CCE6B3-2C6E-BE96-602F-3852C8614777
-45.05067,1.8580987,2,E5CCE6B3-2C6E-BE96-602F-3852C8614777
48.64892,3.43758,0,E5F96AC5-AE7E-C4E8-8288-FB2674F43704
52.97329,9.407624,0,E5F96AC5-AE7E-C4E8-8288-FB2674F43704
12.860593,14.392832,0,E5F96AC5-AE7E-C4E8-8288-FB2674F43704
12.055326,14.068573,2,E5F96AC5-AE7E-C4E8-8288-FB2674F43704
11.562067,13.824084,2,E5F96AC5-AE7E-C4E8-8288-FB2674F43704
11.047213,13.534021,2,E5F96AC5-AE7E-C4E8-8288-FB2674F43704
-13.490512,-16.257906,2,E5F96AC5-AE7E-C4E8-8288-FB2674F43704
-13.745759,-15.91047,0,E5F96AC5-AE7E-C4E8-8288-FB2674F43704
-13.888002,-15.739252,0,E5F96AC5-AE7E-C4E8-8288-FB2674F43704
-14.69869,-14.9399805,0,E5F96AC5-AE7E-C4E8-8288-FB2674F43704
36.229965,36.23384,0,E5F96AC5-AE7E-C4E8-8288-FB2674F43704
36.242233,36.2455,0,E5F96AC5-AE7E-C4E8-8288-FB2674F43704
-1.641932,16.192196,0,E5F96AC5-AE7E-C4E8-8288-FB2674F43704
-1.6449869,16.20779,2,E5F96AC5-AE7E-C4E8-8288-FB2674F43704
-2.1948955,17.638212,2,E5F96AC5-AE7E-C4E8-8288-FB2674F43704
-2.242402,17.815964,2,E5F96AC5-AE7E-C4E8-8288-FB2674F43704
1.9297323,-15.936501,2,E5F96AC5-AE7E-C4E8-8288-FB2674F43704
1.9640367,-15.918136,2,E5F96AC5-AE7E-C4E8-8288-FB2674F43704
-55.99156,15.148681,2,E5F96AC5-AE7E-C4E8-8288-FB2674F43704
-56.30835,16.195988,2,E5F96AC5-AE7E-C4E8-8288-FB2674F43704
-56.367428,16.39511,2,E5F96AC5-AE7E-C4E8-8288-FB2674F43704
-56.877735,16.656424,2,E5F96AC5-AE7E-C4E8-8288-FB2674F43704
-57.78615,18.511784,2,E5F96AC5-AE7E-C4E8-8288-FB2674F43704
-57.748287,18.599459,2,E5F96AC5-AE7E-C4E8-8288-FB2674F43704
-3.5505307,56.193684,2,E5F96AC5-AE7E-C4E8-8288-FB2674F43704
-3.4255068,56.15926,2,E5F96AC5-AE7E-C4E8-8288-FB2674F43704
-2.5588765,55.91444,2,E5F96AC5-AE7E-C4E8-8288-FB2674F43704
-1.9405599,55.745785,0,E5F96AC5-AE7E-C4E8-8288-FB2674F43704
32.1851,37.357647,0,E5F96AC5-AE7E-C4E8-8288-FB2674F43704
0.780421,-53.39114,0,E5F96AC5-AE7E-C4E8-8288-FB2674F43704
-51.178337,20.910788,2,EA788550-E907-E4AC-EAE4-82CC26723E3B
-50.45262,21.419704,2,EA788550-E907-E4AC-EAE4-82CC26723E3B
-49.892826,22.032515,2,EA788550-E907-E4AC-EAE4-82CC26723E3B
-49.69793,22.294487,2,EA788550-E907-E4AC-EAE4-82CC26723E3B
-49.352795,22.631582,2,EA788550-E907-E4AC-EAE4-82CC26723E3B
-48.988396,22.939693,2,EA788550-E907-E4AC-EAE4-82CC26723E3B
-0.75208545,-52.97276,2,EA788550-E907-E4AC-EAE4-82CC26723E3B
-6.0601625,-40.583088,2,EA788550-E907-E4AC-EAE4-82CC26723E3B
-6.1278043,-40.5677,2,EA788550-E907-E4AC-EAE4-82CC26723E3B
-35.061787,-12.416687,2,EA788550-E907-E4AC-EAE4-82CC26723E3B
-35.462734,-12.158556,2,EA788550-E907-E4AC-EAE4-82CC26723E3B
-35.69921,-11.986807,2,EA788550-E907-E4AC-EAE4-82CC26723E3B
33.605732,-9.73006,1,EC6E2525-212C-1C3A-0B73-74D1B45748E1
34.303307,-9.568706,1,EC6E2525-212C-1C3A-0B73-74D1B45748E1
34.55604,-9.522345,1,EC6E2525-212C-1C3A-0B73-74D1B45748E1
49.425533,-3.5679507,1,EC6E2525-212C-1C3A-0B73-74D1B45748E1
49.958935,-3.0245976,0,EC6E2525-212C-1C3A-0B73-74D1B45748E1
55.50173,0.6858795,0,EC6E2525-212C-1C3A-0B73-74D1B45748E1
28.998938,20.936867,2,EC6E2525-212C-1C3A-0B73-74D1B45748E1
29.151716,20.880764,0,EC6E2525-212C-1C3A-0B73-74D1B45748E1
44.315907,8.40739,0,EC6E2525-212C-1C3A-0B73-74D1B45748E1
44.406937,8.061282,0,EC6E2525-212C-1C3A-0B73-74D1B45748E1
-2.8510237,-45.895027,0,EC6E2525-212C-1C3A-0B73-74D1B45748E1
0.15060666,-6.9658065,0,EC6E2525-212C-1C3A-0B73-74D1B45748E1
-58.440193,13.756345,2,EC6E2525-212C-1C3A-0B73-74D1B45748E1
5.640997,-14.184122,2,EC6E2525-212C-1C3A-0B73-74D1B45748E1
5.7063293,-14.155262,2,EC6E2525-212C-1C3A-0B73-74D1B45748E1
60.289944,-8.265014,2,EC6E2525-212C-1C3A-0B73-74D1B45748E1
60.987553,-7.938025,0,EC6E2525-212C-1C3A-0B73-74D1B45748E1
62.0897,-7.5677757,0,EC6E2525-212C-1C3A-0B73-74D1B45748E1
-61.858932,-36.389336,2,EC6E2525-212C-1C3A-0B73-74D1B45748E1
-61.852516,-36.388657,2,EC6E2525-212C-1C3A-0B73-74D1B45748E1
24.54983,5.7152257,2,EC6E2525-212C-1C3A-0B73-74D1B45748E1
25.02894,5.749794,1,EC6E2525-212C-1C3A-0B73-74D1B45748E1
25.569317,5.7743115,1,EC6E2525-212C-1C3A-0B73-74D1B45748E1
2.382144,-55.350925,0,EC6E2525-212C-1C3A-0B73-74D1B45748E1
37.055275,-52.49389,2,EE62AFCD-B47D-E676-0257-21F92CB612D8
36.830704,-53.032986,2,EE62AFCD-B47D-E676-0257-21F92CB612D8
36.79653,-53.123547,0,EE62AFCD-B47D-E676-0257-21F92CB612D8
36.623367,-53.493553,0,EE62AFCD-B47D-E676-0257-21F92CB612D8
74.37854,-28.75185,0,EE62AFCD-B47D-E676-0257-21F92CB612D8
74.38347,-28.742016,0,EE62AFCD-B47D-E676-0257-21F92CB612D8
28.919249,3.986657,2,EE62AFCD-B47D-E676-0257-21F92CB612D8
29.188597,3.8174849,2,EE62AFCD-B47D-E676-0257-21F92CB612D8
29.77986,3.4734786,0,EE62AFCD-B47D-E676-0257-21F92CB612D8
42.619415,0.5331514,0,EE62AFCD-B47D-E676-0257-21F92CB612D8
42.563297,0.5544088,0,EE62AFCD-B47D-E676-0257-21F92CB612D8
41.98483,0.7630291,0,EE62AFCD-B47D-E676-0257-21F92CB612D8
-2.893025,19.845634,2,EE62AFCD-B47D-E676-0257-21F92CB612D8
-2.969157,19.952707,2,EE62AFCD-B47D-E676-0257-21F92CB612D8
-12.933158,-18.413298,2,EE62AFCD-B47D-E676-0257-21F92CB612D8
17.73073,-14.108995,2,EE62AFCD-B47D-E676-0257-21F92CB612D8
18.224318,-14.221806,2,EE62AFCD-B47D-E676-0257-21F92CB612D8
18.483019,-14.256974,2,EE62AFCD-B47D-E676-0257-21F92CB612D8
23.907553,32.170704,2,EE62AFCD-B47D-E676-0257-21F92CB612D8
-15.763074,24.840786,2,EE62AFCD-B47D-E676-0257-21F92CB612D8
-15.536571,25.152693,2,EE62AFCD-B47D-E676-0257-21F92CB612D8
-13.671476,25.538843,2,EE62AFCD-B47D-E676-0257-21F92CB612D8
-59.744686,28.519693,2,EE62AFCD-B47D-E676-0257-21F92CB612D8
-59.783176,28.524998,2,EE62AFCD-B47D-E676-0257-21F92CB612D8
-10.536775,-52.057213,2,F1430977-52AF-4F46-BF92-0A8D736CBD2B
-10.500049,-52.223644,2,F1430977-52AF-4F46-BF92-0A8D736CBD2B
70.91042,-20.571415,2,F1430977-52AF-4F46-BF92-0A8D736CBD2B
73.035385,-21.634193,0,F1430977-52AF-4F46-BF92-0A8D736CBD2B
72.951035,-21.77402,0,F1430977-52AF-4F46-BF92-0A8D736CBD2B
72.811195,-22.50466,0,F1430977-52AF-4F46-BF92-0A8D736CBD2B
-14.806678,0.5761255,0,F1430977-52AF-4F46-BF92-0A8D736CBD2B
-14.926724,0.55235994,0,F1430977-52AF-4F46-BF92-0A8D736CBD2B
-16.613937,0.056266822,0,F1430977-52AF-4F46-BF92-0A8D736CBD2B
-16.93529,-0.47871754,0,F1430977-52AF-4F46-BF92-0A8D736CBD2B
-17.10632,-1.0380709,2,F1430977-52AF-4F46-BF92-0A8D736CBD2B
-16.821114,-1.743577,2,F1430977-52AF-4F46-BF92-0A8D736CBD2B
-16.301966,-2.4746869,2,F1430977-52AF-4F46-BF92-0A8D736CBD2B
-15.749353,-2.7812526,2,F1430977-52AF-4F46-BF92-0A8D736CBD2B
72.22307,15.646241,2,F1430977-52AF-4F46-BF92-0A8D736CBD2B
71.18986,15.27295,2,F1430977-52AF-4F46-BF92-0A8D736CBD2B
71.25786,15.292019,2,F1430977-52AF-4F46-BF92-0A8D736CBD2B
69.38875,15.1075945,2,F1430977-52AF-4F46-BF92-0A8D736CBD2B
69.343796,15.093355,0,F1430977-52AF-4F46-BF92-0A8D736CBD2B
63.41927,-10.101911,0,F1430977-52AF-4F46-BF92-0A8D736CBD2B
78.35555,-21.258656,0,F1430977-52AF-4F46-BF92-0A8D736CBD2B
78.81344,-21.22046,2,F1430977-52AF-4F46-BF92-0A8D736CBD2B
78.96055,-21.29835,2,F1430977-52AF-4F46-BF92-0A8D736CBD2B
21.902462,-44.93176,2,F1430977-52AF-4F46-BF92-0A8D736CBD2B
38.424488,-7.906009,0,F752B62E-E95F-A65D-4CB2-8B0252E15F08
38.379242,-8.1453285,1,F752B62E-E95F-A65D-4CB2-8B0252E15F08
-42.77894,19.579567,2,F752B62E-E95F-A65D-4CB2-8B0252E15F08
-42.725094,19.60012,2,F752B62E-E95F-A65D-4CB2-8B0252E15F08
-42.145336,20.032894,2,F752B62E-E95F-A65D-4CB2-8B0252E15F08
-40.61878,20.335518,2,F752B62E-E95F-A65D-4CB2-8B0252E15F08
-40.28863,20.322165,2,F752B62E-E95F-A65D-4CB2-8B0252E15F08
-39.754787,20.101362,2,F752B62E-E95F-A65D-4CB2-8B0252E15F08
-16.856127,-14.439322,2,F752B62E-E95F-A65D-4CB2-8B0252E15F08
-16.857475,-14.400611,2,F752B62E-E95F-A65D-4CB2-8B0252E15F08
22.484087,20.369926,2,F752B62E-E95F-A65D-4CB2-8B0252E15F08
22.697096,20.861172,2,F752B62E-E95F-A65D-4CB2-8B0252E15F08
-25.145514,17.413115,2,F752B62E-E95F-A65D-4CB2-8B0252E15F08
2.079699,-12.875057,0,F752B62E-E95F-A65D-4CB2-8B0252E15F08
79.730354,-12.673864,0,F752B62E-E95F-A65D-4CB2-8B0252E15F08
79.51724,-13.229943,0,F752B62E-E95F-A65D-4CB2-8B0252E15F08
79.17839,-13.66262,1,F752B62E-E95F-A65D-4CB2-8B0252E15F08
78.95018,-13.718711,1,F752B62E-E95F-A65D-4CB2-8B0252E15F08
-36.77357,-20.266878,1,F752B62E-E95F-A65D-4CB2-8B0252E15F08
-37.57249,-20.047764,1,F752B62E-E95F-A65D-4CB2-8B0252E15F08
-38.549072,-19.726416,1,F752B62E-E95F-A65D-4CB2-8B0252E15F08
-38.935184,-19.48591,2,F752B62E-E95F-A65D-4CB2-8B0252E15F08
-39.84375,-18.875822,2,F752B62E-E95F-A65D-4CB2-8B0252E15F08
-40.08742,-18.712156,2,F752B62E-E95F-A65D-4CB2-8B0252E15F08
-55.00015,-8.308334,2,F752B62E-E95F-A65D-4CB2-8B0252E15F08
-54.9906,-8.318561,2,F752B62E-E95F-A65D-4CB2-8B0252E15F08
15.148606,-9.216126,2,F752B62E-E95F-A65D-4CB2-8B0252E15F08
15.646374,-10.158533,1,F752B62E-E95F-A65D-4CB2-8B0252E15F08
15.730699,-10.278019,0,F752B62E-E95F-A65D-4CB2-8B0252E15F08
5.55913,-54.41116,0,F752B62E-E95F-A65D-4CB2-8B0252E15F08
83.92913,-17.739311,0,F752B62E-E95F-A65D-4CB2-8B0252E15F08
84.002914,-18.442041,0,F752B62E-E95F-A65D-4CB2-8B0252E15F08
83.50248,-18.26406,0,F752B62E-E95F-A65D-4CB2-8B0252E15F08
78.787315,-15.535528,0,F752B62E-E95F-A65D-4CB2-8B0252E15F08
78.82436,-14.886993,1,F752B62E-E95F-A65D-4CB2-8B0252E15F08
32.107475,-22.219257,1,F752B62E-E95F-A65D-4CB2-8B0252E15F08
26.683308,31.056955,2,FB3409F8-2ADE-757A-A1A5-DC1BBBD1131A
-9.685676,48.333984,2,FB3409F8-2ADE-757A-A1A5-DC1BBBD1131A
-9.931344,48.732727,0,FB3409F8-2ADE-757A-A1A5-DC1BBBD1131A
-10.238214,49.259453,0,FB3409F8-2ADE-757A-A1A5-DC1BBBD1131A
-10.47385,49.776306,0,FB3409F8-2ADE-757A-A1A5-DC1BBBD1131A
-10.703234,50.12232,0,FB3409F8-2ADE-757A-A1A5-DC1BBBD1131A
3.100969,-53.024296,1,FB3409F8-2ADE-757A-A1A5-DC1BBBD1131A
1.9937506,-53.57685,1,FB3409F8-2ADE-757A-A1A5-DC1BBBD1131A
-1.8905668,-46.791687,1,FB3409F8-2ADE-757A-A1A5-DC1BBBD1131A
-1.0980047,-46.904713,1,FB3409F8-2ADE-757A-A1A5-DC1BBBD1131A
-1.0991936,-46.894703,0,FB3409F8-2ADE-757A-A1A5-DC1BBBD1131A
-0.49813524,-46.776524,0,FB3409F8-2ADE-757A-A1A5-DC1BBBD1131A
33.659615,-28.193518,0,FB3409F8-2ADE-757A-A1A5-DC1BBBD1131A
33.689236,-28.217093,2,FB3409F8-2ADE-757A-A1A5-DC1BBBD1131A
34.565594,-27.742361,2,FB3409F8-2ADE-757A-A1A5-DC1BBBD1131A
35.053795,-27.56179,2,FB3409F8-2ADE-757A-A1A5-DC1BBBD1131A
54.164467,-18.227747,2,FB3409F8-2ADE-757A-A1A5-DC1BBBD1131A
73.60845,-14.75341,2,FB3409F8-2ADE-757A-A1A5-DC1BBBD1131A
-13.89671,-26.457876,1,FB70D507-2F2A-0F83-3B53-75EB8452F5E0
-13.866965,-26.464264,1,FB70D507-2F2A-0F83-3B53-75EB8452F5E0
-11.344768,-4.042523,1,FB70D507-2F2A-0F83-3B53-75EB8452F5E0
-11.678336,-3.9801757,1,FB70D507-2F2A-0F83-3B53-75EB8452F5E0
-11.731575,-4.268874,1,FB70D507-2F2A-0F83-3B53-75EB8452F5E0
-12.030084,-4.5982857,1,FB70D507-2F2A-0F83-3B53-75EB8452F5E0
24.040543,-17.895166,2,FB70D507-2F2A-0F83-3B53-75EB8452F5E0
24.191128,-18.242746,2,FB70D507-2F2A-0F83-3B53-75EB8452F5E0
-15.465938,-43.53541,2,FB70D507-2F2A-0F83-3B53-75EB8452F5E0
-16.00977,6.4078746,1,FB70D507-2F2A-0F83-3B53-75EB8452F5E0
-16.813627,6.352464,1,FB70D507-2F2A-0F83-3B53-75EB8452F5E0
-16.951653,6.440745,1,FB70D507-2F2A-0F83-3B53-75EB8452F5E0
19.804665,-3.7862804,1,FB70D507-2F2A-0F83-3B53-75EB8452F5E0
20.919296,-3.9247172,1,FB70D507-2F2A-0F83-3B53-75EB8452F5E0
21.038517,-3.914961,1,FB70D507-2F2A-0F83-3B53-75EB8452F5E0
-63.021072,-15.42795,1,FB70D507-2F2A-0F83-3B53-75EB8452F5E0
-63.009212,-15.3956785,1,FB70D507-2F2A-0F83-3B53-75EB8452F5E0
-32.8878,22.813177,1,FB70D507-2F2A-0F83-3B53-75EB8452F5E0
58.186104,-14.083111,1,FB70D507-2F2A-0F83-3B53-75EB8452F5E0
58.289513,-14.003673,1,FB70D507-2F2A-0F83-3B53-75EB8452F5E0
58.49798,-13.855281,2,FB70D507-2F2A-0F83-3B53-75EB8452F5E0
45.398064,-2.0981402,2,FC50071B-D2BA-C98B-AC6E-7339010D56DA
45.40855,-2.3434882,2,FC50071B-D2BA-C98B-AC6E-7339010D56DA
45.748154,-2.3341434,2,FC50071B-D2BA-C98B-AC6E-7339010D56DA
45.814995,-2.5754023,2,FC50071B-D2BA-C98B-AC6E-7339010D56DA
45.376446,-3.3757918,2,FC50071B-D2BA-C98B-AC6E-7339010D56DA
69.63368,-10.06533,2,FC50071B-D2BA-C98B-AC6E-7339010D56DA
16.77158,18.580795,2,FC50071B-D2BA-C98B-AC6E-7339010D56DA
17.124714,18.503319,2,FC50071B-D2BA-C98B-AC6E-7339010D56DA
17.59403,18.39187,0,FC50071B-D2BA-C98B-AC6E-7339010D56DA
18.245094,18.234756,0,FC50071B-D2BA-C98B-AC6E-7339010D56DA
18.877579,18.097404,0,FC50071B-D2BA-C98B-AC6E-7339010D56DA
50.582214,0.02741574,2,FC50071B-D2BA-C98B-AC6E-7339010D56DA
-3.6239896,-48.295162,2,FC50071B-D2BA-C98B-AC6E-7339010D56DA
-3.6967726,-48.12046,2,FC50071B-D2BA-C98B-AC6E-7339010D56DA
-17.14281,-6.063048,2,FC50071B-D2BA-C98B-AC6E-7339010D56DA
-18.348078,-5.4187193,2,FC50071B-D2BA-C98B-AC6E-7339010D56DA
-18.428734,-5.4053698,2,FC50071B-D2BA-C98B-AC6E-7339010D56DA
-9.99187,-21.771223,1,FC50071B-D2BA-C98B-AC6E-7339010D56DA
-1.7480803,-29.727743,0,FC50071B-D2BA-C98B-AC6E-7339010D56DA
-2.484482,-30.076593,0,FC50071B-D2BA-C98B-AC6E-7339010D56DA
-2.67966,-30.210018,1,FC50071B-D2BA-C98B-AC6E-7339010D56DA
-3.4422865,-29.89689,1,FC50071B-D2BA-C98B-AC6E-7339010D56DA
-2.4346168,-31.208708,1,FC50071B-D2BA-C98B-AC6E-7339010D56DA
-20.31496,3.2055202,1,FC50071B-D2BA-C98B-AC6E-7339010D56DA
-7.6339297,-49.081078,1,FC66D29E-8CD8-AE29-A071-33549272C1EE
-7.555013,-49.11024,1,FC66D29E-8CD8-AE29-A071-33549272C1EE
-17.42723,-8.582224,1,FC66D29E-8CD8-AE29-A071-33549272C1EE
-26.465927,-4.3437195,1,FC66D29E-8CD8-AE29-A071-33549272C1EE
-26.420496,-4.3601093,1,FC66D29E-8CD8-AE29-A071-33549272C1EE
-25.789425,-4.1248455,1,FC66D29E-8CD8-AE29-A071-33549272C1EE
-40.14705,-10.58464,1,FC66D29E-8CD8-AE29-A071-33549272C1EE
-40.281647,-10.408352,1,FC66D29E-8CD8-AE29-A071-33549272C1EE
-41.00741,-10.1545,1,FC66D29E-8CD8-AE29-A071-33549272C1EE
-47.927456,17.494396,1,FC66D29E-8CD8-AE29-A071-33549272C1EE
-47.9609,17.542826,1,FC66D29E-8CD8-AE29-A071-33549272C1EE
2.7553675,24.892326,1,FC66D29E-8CD8-AE29-A071-33549272C1EE
65.167145,-16.954874,2,FC66D29E-8CD8-AE29-A071-33549272C1EE
74.53755,-14.127997,2,FC66D29E-8CD8-AE29-A071-33549272C1EE
67.497284,-7.087938,2,FC66D29E-8CD8-AE29-A071-33549272C1EE
-65.53001,-29.482431,0,FC66D29E-8CD8-AE29-A071-33549272C1EE
-65.02309,-29.680647,0,FC66D29E-8CD8-AE29-A071-33549272C1EE
-64.9822,-29.69741,0,FC66D29E-8CD8-AE29-A071-33549272C1EE
2.3746278,-30.263287,0,FC66D29E-8CD8-AE29-A071-33549272C1EE
2.672094,-30.364391,2,FC66D29E-8CD8-AE29-A071-33549272C1EE
3.6538758,-30.760813,0,FC66D29E-8CD8-AE29-A071-33549272C1EE
64.20794,-8.123597,0,FC66D29E-8CD8-AE29-A071-33549272C1EE
61.58067,-25.426962,0,FC66D29E-8CD8-AE29-A071-33549272C1EE
61.582775,-25.420162,0,FC66D29E-8CD8-AE29-A071-33549272C1EE
-60.7694,35.912186,2,FFAB0F54-EFF2-FA1A-1892-F9D8ED3C9B31
47.739243,0.24856877,0,FFAB0F54-EFF2-FA1A-1892-F9D8ED3C9B31
65.57468,-11.70329,0,FFAB0F54-EFF2-FA1A-1892-F9D8ED3C9B31
64.32953,-11.682903,0,FFAB0F54-EFF2-FA1A-1892-F9D8ED3C9B31
64.44836,-11.595089,2,FFAB0F54-EFF2-FA1A-1892-F9D8ED3C9B31
64.46895,-12.05329,2,FFAB0F54-EFF2-FA1A-1892-F9D8ED3C9B31
64.45414,-12.291832,2,FFAB0F54-EFF2-FA1A-1892-F9D8ED3C9B31
49.020195,11.906736,0,FFAB0F54-EFF2-FA1A-1892-F9D8ED3C9B31
45.389114,25.151281,0,FFAB0F54-EFF2-FA1A-1892-F9D8ED3C9B31
45.34277,25.188284,0,FFAB0F54-EFF2-FA1A-1892-F9D8ED3C9B31
44.875946,27.856792,2,FFAB0F54-EFF2-FA1A-1892-F9D8ED3C9B31
44.80424,27.791477,2,FFAB0F54-EFF2-FA1A-1892-F9D8ED3C9B31
11.18896,-16.632582,0,FFAB0F54-EFF2-FA1A-1892-F9D8ED3C9B31
-16.61261,54.1882,2,FFAB0F54-EFF2-FA1A-1892-F9D8ED3C9B31
-16.830406,54.232174,2,FFAB0F54-EFF2-FA1A-1892-F9D8ED3C9B31
-17.706059,54.385468,2,FFAB0F54-EFF2-FA1A-1892-F9D8ED3C9B31
-18.294037,54.476093,2,FFAB0F54-EFF2-FA1A-1892-F9D8ED3C9B31
-19.18578,54.667717,2,FFAB0F54-EFF2-FA1A-1892-F9D8ED3C9B31
-10.495589,-31.743608,2,FFAB0F54-EFF2-FA1A-1892-F9D8ED3C9B31
-10.788957,-31.422203,0,FFAB0F54-EFF2-FA1A-1892-F9D8ED3C9B31
-11.028977,-30.510721,0,FFAB0F54-EFF2-FA1A-1892-F9D8ED3C9B31
-11.122956,-29.90882,0,FFAB0F54-EFF2-FA1A-1892-F9D8ED3C9B31
-11.159288,-29.02349,0,FFAB0F54-EFF2-FA1A-1892-F9D8ED3C9B31
-11.190659,-28.739414,0,FFAB0F54-EFF2-FA1A-1892-F9D8ED3C9B31
