tsne_x,tsne_y,label_mood,player_id
29.91555,71.853584,0,018B0D8D-B5EC-09D6-90ED-550058EBFEAF
30.561384,72.212585,2,018B0D8D-B5EC-09D6-90ED-550058EBFEAF
-10.204488,34.318977,2,018B0D8D-B5EC-09D6-90ED-550058EBFEAF
-10.807263,34.28145,2,018B0D8D-B5EC-09D6-90ED-550058EBFEAF
-11.284155,34.311275,2,018B0D8D-B5EC-09D6-90ED-550058EBFEAF
-12.269829,34.988293,2,018B0D8D-B5EC-09D6-90ED-550058EBFEAF
22.04917,38.51596,2,018B0D8D-B5EC-09D6-90ED-550058EBFEAF
22.797337,38.021133,2,018B0D8D-B5EC-09D6-90ED-550058EBFEAF
23.008425,37.754955,0,018B0D8D-B5EC-09D6-90ED-550058EBFEAF
23.328602,37.084972,2,018B0D8D-B5EC-09D6-90ED-550058EBFEAF
56.8891,-15.142085,2,018B0D8D-B5EC-09D6-90ED-550058EBFEAF
56.88372,-15.230649,2,018B0D8D-B5EC-09D6-90ED-550058EBFEAF
-61.2396,1.5585225,0,018B0D8D-B5EC-09D6-90ED-550058EBFEAF
-71.05905,-8.160749,0,018B0D8D-B5EC-09D6-90ED-550058EBFEAF
-70.91686,-8.354256,0,018B0D8D-B5EC-09D6-90ED-550058EBFEAF
-69.64499,-9.045409,0,018B0D8D-B5EC-09D6-90ED-550058EBFEAF
-12.65718,-28.977592,0,018B0D8D-B5EC-09D6-90ED-550058EBFEAF
-7.255164,-14.635414,2,018B0D8D-B5EC-09D6-90ED-550058EBFEAF
14.435654,49.5158,2,06F9F8CE-9696-23CA-25B5-000AA4A793BA
15.067707,49.42589,2,06F9F8CE-9696-23CA-25B5-000AA4A793BA
15.462254,49.391273,2,06F9F8CE-9696-23CA-25B5-000AA4A793BA
16.107252,49.292145,2,06F9F8CE-9696-23CA-25B5-000AA4A793BA
16.20235,49.269073,2,06F9F8CE-9696-23CA-25B5-000AA4A793BA
30.000772,41.58289,2,06F9F8CE-9696-23CA-25B5-000AA4A793BA
-23.17783,3.2677672,1,06F9F8CE-9696-23CA-25B5-000AA4A793BA
-23.472404,3.0363944,0,06F9F8CE-9696-23CA-25B5-000AA4A793BA
11.245372,20.164433,0,06F9F8CE-9696-23CA-25B5-000AA4A793BA
11.0412445,20.378424,0,06F9F8CE-9696-23CA-25B5-000AA4A793BA
24.338547,28.36453,2,06F9F8CE-9696-23CA-25B5-000AA4A793BA
24.465666,28.400291,2,06F9F8CE-9696-23CA-25B5-000AA4A793BA
-76.20803,-19.389486,0,06F9F8CE-9696-23CA-25B5-000AA4A793BA
-76.44292,-19.204082,0,06F9F8CE-9696-23CA-25B5-000AA4A793BA
-61.277237,-13.815505,0,06F9F8CE-9696-23CA-25B5-000AA4A793BA
-61.167007,-13.711488,0,06F9F8CE-9696-23CA-25B5-000AA4A793BA
-18.41961,4.8324127,0,06F9F8CE-9696-23CA-25B5-000AA4A793BA
-18.51012,4.937659,0,06F9F8CE-9696-23CA-25B5-000AA4A793BA
-51.79713,-5.88698,0,06F9F8CE-9696-23CA-25B5-000AA4A793BA
-51.575382,-5.9505925,0,06F9F8CE-9696-23CA-25B5-000AA4A793BA
14.313929,-11.942431,0,06F9F8CE-9696-23CA-25B5-000AA4A793BA
27.062464,-17.570768,0,06F9F8CE-9696-23CA-25B5-000AA4A793BA
27.301708,-18.052544,0,06F9F8CE-9696-23CA-25B5-000AA4A793BA
27.555742,-18.717926,1,06F9F8CE-9696-23CA-25B5-000AA4A793BA
27.86809,-19.895367,1,06F9F8CE-9696-23CA-25B5-000AA4A793BA
28.833076,-22.85362,0,06F9F8CE-9696-23CA-25B5-000AA4A793BA
29.086945,-23.952234,0,06F9F8CE-9696-23CA-25B5-000AA4A793BA
30.064758,-24.75429,0,06F9F8CE-9696-23CA-25B5-000AA4A793BA
30.489395,-24.837145,0,06F9F8CE-9696-23CA-25B5-000AA4A793BA
29.935366,-25.555727,0,06F9F8CE-9696-23CA-25B5-000AA4A793BA
-8.58842,-42.8325,1,09FCECC4-F94E-ED69-5E9B-3223B590A149
-8.565165,-42.829865,1,09FCECC4-F94E-ED69-5E9B-3223B590A149
-55.00758,-15.093026,1,09FCECC4-F94E-ED69-5E9B-3223B590A149
-54.980755,-15.040842,1,09FCECC4-F94E-ED69-5E9B-3223B590A149
-22.423933,-4.895289,1,09FCECC4-F94E-ED69-5E9B-3223B590A149
-22.2359,-4.85211,1,09FCECC4-F94E-ED69-5E9B-3223B590A149
31.571953,-20.527431,1,09FCECC4-F94E-ED69-5E9B-3223B590A149
31.595343,-20.529015,1,09FCECC4-F94E-ED69-5E9B-3223B590A149
57.453587,-35.703186,1,09FCECC4-F94E-ED69-5E9B-3223B590A149
56.847225,-36.031025,1,09FCECC4-F94E-ED69-5E9B-3223B590A149
56.451767,-36.427567,1,09FCECC4-F94E-ED69-5E9B-3223B590A149
56.014034,-36.805683,1,09FCECC4-F94E-ED69-5E9B-3223B590A149
55.50647,-37.287773,1,09FCECC4-F94E-ED69-5E9B-3223B590A149
-4.521199,-46.437717,1,09FCECC4-F94E-ED69-5E9B-3223B590A149
-67.358,-17.758375,1,09FCECC4-F94E-ED69-5E9B-3223B590A149
-67.59163,-17.597271,1,09FCECC4-F94E-ED69-5E9B-3223B590A149
-40.50861,18.098896,1,09FCECC4-F94E-ED69-5E9B-3223B590A149
-40.44952,18.098806,2,09FCECC4-F94E-ED69-5E9B-3223B590A149
-33.617012,-19.064352,0,09FCECC4-F94E-ED69-5E9B-3223B590A149
-33.18933,-18.682678,0,09FCECC4-F94E-ED69-5E9B-3223B590A149
-32.206543,-17.774405,1,09FCECC4-F94E-ED69-5E9B-3223B590A149
-31.855196,-17.422598,1,09FCECC4-F94E-ED69-5E9B-3223B590A149
-31.507887,-17.14198,1,09FCECC4-F94E-ED69-5E9B-3223B590A149
-30.602093,-16.826616,1,09FCECC4-F94E-ED69-5E9B-3223B590A149
15.030757,-33.535816,2,0A221ADF-C99E-307E-7B65-92EF9DABA6C4
55.753796,-2.667831,2,0A221ADF-C99E-307E-7B65-92EF9DABA6C4
55.828568,-2.1766236,2,0A221ADF-C99E-307E-7B65-92EF9DABA6C4
55.93798,-1.5137824,2,0A221ADF-C99E-307E-7B65-92EF9DABA6C4
-7.3321953,31.286173,2,0A221ADF-C99E-307E-7B65-92EF9DABA6C4
-7.307303,31.286583,2,0A221ADF-C99E-307E-7B65-92EF9DABA6C4
-2.9535117,31.97579,0,0A221ADF-C99E-307E-7B65-92EF9DABA6C4
-3.1283016,31.944582,0,0A221ADF-C99E-307E-7B65-92EF9DABA6C4
-1.744878,32.244793,0,0A221ADF-C99E-307E-7B65-92EF9DABA6C4
-1.0587456,32.272614,0,0A221ADF-C99E-307E-7B65-92EF9DABA6C4
-0.27970836,32.137623,2,0A221ADF-C99E-307E-7B65-92EF9DABA6C4
39.768913,56.012695,2,0A221ADF-C99E-307E-7B65-92EF9DABA6C4
-32.02246,16.24987,0,0A221ADF-C99E-307E-7B65-92EF9DABA6C4
21.671766,27.834665,2,0A221ADF-C99E-307E-7B65-92EF9DABA6C4
21.514908,27.727297,2,0A221ADF-C99E-307E-7B65-92EF9DABA6C4
20.199333,26.80246,2,0A221ADF-C99E-307E-7B65-92EF9DABA6C4
19.570559,26.73618,2,0A221ADF-C99E-307E-7B65-92EF9DABA6C4
19.373053,27.047674,2,0A221ADF-C99E-307E-7B65-92EF9DABA6C4
8.160304,60.726345,2,0A76B59A-F1FF-F3F5-A3CA-2386FA8EF308
7.3116674,60.463505,2,0A76B59A-F1FF-F3F5-A3CA-2386FA8EF308
6.8322372,60.273323,2,0A76B59A-F1FF-F3F5-A3CA-2386FA8EF308
6.2354145,60.01696,2,0A76B59A-F1FF-F3F5-A3CA-2386FA8EF308
-2.660151,18.666082,2,0A76B59A-F1FF-F3F5-A3CA-2386FA8EF308
-2.1788676,18.59501,2,0A76B59A-F1FF-F3F5-A3CA-2386FA8EF308
-1.6568693,18.47335,0,0A76B59A-F1FF-F3F5-A3CA-2386FA8EF308
-0.10145038,17.717823,0,0A76B59A-F1FF-F3F5-A3CA-2386FA8EF308
-0.30751786,17.57742,0,0A76B59A-F1FF-F3F5-A3CA-2386FA8EF308
0.9553021,17.952213,0,0A76B59A-F1FF-F3F5-A3CA-2386FA8EF308
-1.8441116,51.031414,2,0A76B59A-F1FF-F3F5-A3CA-2386FA8EF308
-1.8396881,51.040382,2,0A76B59A-F1FF-F3F5-A3CA-2386FA8EF308
16.70925,-42.64483,2,0A76B59A-F1FF-F3F5-A3CA-2386FA8EF308
16.868273,-42.521805,2,0A76B59A-F1FF-F3F5-A3CA-2386FA8EF308
16.454306,-43.291588,2,0A76B59A-F1FF-F3F5-A3CA-2386FA8EF308
16.129948,-43.975143,2,0A76B59A-F1FF-F3F5-A3CA-2386FA8EF308
15.673437,-44.91195,2,0A76B59A-F1FF-F3F5-A3CA-2386FA8EF308
15.2687435,-45.73765,0,0A76B59A-F1FF-F3F5-A3CA-2386FA8EF308
5.240404,19.74691,2,0A76B59A-F1FF-F3F5-A3CA-2386FA8EF308
5.1776977,19.734013,0,0A76B59A-F1FF-F3F5-A3CA-2386FA8EF308
-0.8727999,11.526835,0,0A76B59A-F1FF-F3F5-A3CA-2386FA8EF308
-0.84633666,11.408925,0,0A76B59A-F1FF-F3F5-A3CA-2386FA8EF308
-0.8441979,10.825924,0,0A76B59A-F1FF-F3F5-A3CA-2386FA8EF308
-0.75528836,10.428356,2,0A76B59A-F1FF-F3F5-A3CA-2386FA8EF308
-78.35268,-25.360485,2,0A76B59A-F1FF-F3F5-A3CA-2386FA8EF308
-31.919912,35.3083,2,0A76B59A-F1FF-F3F5-A3CA-2386FA8EF308
-31.914274,35.319584,2,0A76B59A-F1FF-F3F5-A3CA-2386FA8EF308
-31.881065,-24.28076,1,0AD33010-1AC1-E9FB-2FD4-313E3DF4692D
-32.147697,-24.466877,1,0AD33010-1AC1-E9FB-2FD4-313E3DF4692D
-31.652573,-24.656544,1,0AD33010-1AC1-E9FB-2FD4-313E3DF4692D
-31.993889,-25.739674,2,0AD33010-1AC1-E9FB-2FD4-313E3DF4692D
33.730404,12.367458,2,0AD33010-1AC1-E9FB-2FD4-313E3DF4692D
33.720516,12.399528,2,0AD33010-1AC1-E9FB-2FD4-313E3DF4692D
-14.494335,-20.32695,1,0AD33010-1AC1-E9FB-2FD4-313E3DF4692D
-17.247208,-56.58515,1,0AD33010-1AC1-E9FB-2FD4-313E3DF4692D
-17.241686,-56.564896,1,0AD33010-1AC1-E9FB-2FD4-313E3DF4692D
-8.91564,-47.62153,1,0AD33010-1AC1-E9FB-2FD4-313E3DF4692D
-9.044365,-47.5157,1,0AD33010-1AC1-E9FB-2FD4-313E3DF4692D
-9.898437,-46.537376,1,0AD33010-1AC1-E9FB-2FD4-313E3DF4692D
10.097418,-33.507355,1,0AD33010-1AC1-E9FB-2FD4-313E3DF4692D
43.927917,-46.299515,1,0AD33010-1AC1-E9FB-2FD4-313E3DF4692D
44.089928,-46.094196,1,0AD33010-1AC1-E9FB-2FD4-313E3DF4692D
50.38844,-46.36088,1,0AD33010-1AC1-E9FB-2FD4-313E3DF4692D
50.350765,-46.3409,1,0AD33010-1AC1-E9FB-2FD4-313E3DF4692D
50.7708,-46.248806,1,0AD33010-1AC1-E9FB-2FD4-313E3DF4692D
-16.40041,2.3326256,1,0AD33010-1AC1-E9FB-2FD4-313E3DF4692D
-16.330725,2.1124363,1,0AD33010-1AC1-E9FB-2FD4-313E3DF4692D
37.869347,53.037758,0,0D759376-3F10-1BEB-7205-E91B8BF17984
-55.22122,18.882708,0,0D759376-3F10-1BEB-7205-E91B8BF17984
-55.236725,19.090525,0,0D759376-3F10-1BEB-7205-E91B8BF17984
-55.051785,19.751154,0,0D759376-3F10-1BEB-7205-E91B8BF17984
0.4878276,13.731958,1,0D759376-3F10-1BEB-7205-E91B8BF17984
0.54188144,13.666247,2,0D759376-3F10-1BEB-7205-E91B8BF17984
-77.80061,-20.476088,0,0D759376-3F10-1BEB-7205-E91B8BF17984
-77.732346,-20.31658,0,0D759376-3F10-1BEB-7205-E91B8BF17984
-68.142006,3.5539563,0,0D759376-3F10-1BEB-7205-E91B8BF17984
-68.037415,3.677346,0,0D759376-3F10-1BEB-7205-E91B8BF17984
-30.065807,11.945602,0,0D759376-3F10-1BEB-7205-E91B8BF17984
-30.016516,11.950892,0,0D759376-3F10-1BEB-7205-E91B8BF17984
26.699018,68.86061,2,0F3B2D98-51FE-5265-3746-A0763DE31C98
-3.4659817,23.913506,2,0F3B2D98-51FE-5265-3746-A0763DE31C98
-3.3678179,23.717068,0,0F3B2D98-51FE-5265-3746-A0763DE31C98
-2.2818737,21.851624,0,0F3B2D98-51FE-5265-3746-A0763DE31C98
-2.3482037,21.78195,0,0F3B2D98-51FE-5265-3746-A0763DE31C98
-2.9358652,21.886086,2,0F3B2D98-51FE-5265-3746-A0763DE31C98
8.355824,7.6998644,1,0F3B2D98-51FE-5265-3746-A0763DE31C98
-4.0817833,-6.1904683,1,0F3B2D98-51FE-5265-3746-A0763DE31C98
-4.299748,-5.615733,1,0F3B2D98-51FE-5265-3746-A0763DE31C98
-4.4789996,-5.4396343,0,0F3B2D98-51FE-5265-3746-A0763DE31C98
-5.0078382,-4.739432,0,0F3B2D98-51FE-5265-3746-A0763DE31C98
-48.759567,-15.903291,0,0F3B2D98-51FE-5265-3746-A0763DE31C98
19.232012,4.735268,2,0F3B2D98-51FE-5265-3746-A0763DE31C98
19.476072,4.6131597,2,0F3B2D98-51FE-5265-3746-A0763DE31C98
19.822235,4.407674,2,0F3B2D98-51FE-5265-3746-A0763DE31C98
-59.83985,-43.84181,0,0F3B2D98-51FE-5265-3746-A0763DE31C98
-59.87284,-43.720623,0,0F3B2D98-51FE-5265-3746-A0763DE31C98
-59.950417,-43.472694,0,0F3B2D98-51FE-5265-3746-A0763DE31C98
34.8646,-3.6624246,2,0F3B2D98-51FE-5265-3746-A0763DE31C98
34.854454,-4.061212,2,0F3B2D98-51FE-5265-3746-A0763DE31C98
34.86606,-4.0686355,2,0F3B2D98-51FE-5265-3746-A0763DE31C98
16.214594,-28.754478,2,0F3B2D98-51FE-5265-3746-A0763DE31C98
16.430065,-29.03879,1,0F3B2D98-51FE-5265-3746-A0763DE31C98
16.875523,-29.620903,2,0F3B2D98-51FE-5265-3746-A0763DE31C98
10.151728,3.6726525,0,0F3B2D98-51FE-5265-3746-A0763DE31C98
9.484289,4.328275,0,0F3B2D98-51FE-5265-3746-A0763DE31C98
9.66239,4.1603723,0,0F3B2D98-51FE-5265-3746-A0763DE31C98
8.974959,4.6870074,0,0F3B2D98-51FE-5265-3746-A0763DE31C98
39.693188,-11.471922,2,14027B3A-0AD6-CBA3-A600-42B3C0A4D933
39.758797,-11.106986,2,14027B3A-0AD6-CBA3-A600-42B3C0A4D933
39.831444,-10.576753,2,14027B3A-0AD6-CBA3-A600-42B3C0A4D933
21.70526,2.2350178,2,14027B3A-0AD6-CBA3-A600-42B3C0A4D933
21.660524,2.2316377,2,14027B3A-0AD6-CBA3-A600-42B3C0A4D933
-43.252087,-29.507862,0,14027B3A-0AD6-CBA3-A600-42B3C0A4D933
34.42302,8.160061,0,14027B3A-0AD6-CBA3-A600-42B3C0A4D933
34.313217,8.370916,0,14027B3A-0AD6-CBA3-A600-42B3C0A4D933
34.081333,8.801127,0,14027B3A-0AD6-CBA3-A600-42B3C0A4D933
-31.454617,22.89944,0,14027B3A-0AD6-CBA3-A600-42B3C0A4D933
-74.96294,-12.398392,0,14027B3A-0AD6-CBA3-A600-42B3C0A4D933
-68.14789,-2.465007,0,14027B3A-0AD6-CBA3-A600-42B3C0A4D933
28.787018,-2.6190555,0,14027B3A-0AD6-CBA3-A600-42B3C0A4D933
28.77448,-2.544818,2,14027B3A-0AD6-CBA3-A600-42B3C0A4D933
23.625698,6.2515354,2,14027B3A-0AD6-CBA3-A600-42B3C0A4D933
23.297834,6.6720824,2,14027B3A-0AD6-CBA3-A600-42B3C0A4D933
23.118761,6.9328065,0,14027B3A-0AD6-CBA3-A600-42B3C0A4D933
22.905634,7.282947,0,14027B3A-0AD6-CBA3-A600-42B3C0A4D933
-27.260645,-6.980729,1,165B40B2-D9B2-DBC0-AE48-02C0F49A609F
-51.826653,-13.777892,1,165B40B2-D9B2-DBC0-AE48-02C0F49A609F
31.009043,-6.751079,1,165B40B2-D9B2-DBC0-AE48-02C0F49A609F
30.705395,-6.4061146,1,165B40B2-D9B2-DBC0-AE48-02C0F49A609F
30.42764,-6.1849227,1,165B40B2-D9B2-DBC0-AE48-02C0F49A609F
28.462603,-6.7266364,1,165B40B2-D9B2-DBC0-AE48-02C0F49A609F
27.745605,-25.775705,1,165B40B2-D9B2-DBC0-AE48-02C0F49A609F
39.07732,-34.0454,1,165B40B2-D9B2-DBC0-AE48-02C0F49A609F
39.117565,-34.296112,2,165B40B2-D9B2-DBC0-AE48-02C0F49A609F
37.25916,-34.51859,2,165B40B2-D9B2-DBC0-AE48-02C0F49A609F
36.948513,-34.8853,2,165B40B2-D9B2-DBC0-AE48-02C0F49A609F
36.49957,-35.53476,2,165B40B2-D9B2-DBC0-AE48-02C0F49A609F
14.877069,15.524891,2,165B40B2-D9B2-DBC0-AE48-02C0F49A609F
15.4599905,15.2463875,2,165B40B2-D9B2-DBC0-AE48-02C0F49A609F
15.807061,15.073613,2,165B40B2-D9B2-DBC0-AE48-02C0F49A609F
48.40506,36.024696,2,172A62AD-9B69-33E2-1551-9526879D80AC
48.393497,35.930355,2,172A62AD-9B69-33E2-1551-9526879D80AC
37.021942,-7.4055963,2,172A62AD-9B69-33E2-1551-9526879D80AC
36.999027,-7.445208,2,172A62AD-9B69-33E2-1551-9526879D80AC
51.826225,-16.183834,2,172A62AD-9B69-33E2-1551-9526879D80AC
52.54548,-16.037907,2,172A62AD-9B69-33E2-1551-9526879D80AC
52.99592,-15.6014595,2,172A62AD-9B69-33E2-1551-9526879D80AC
53.539753,-15.080192,2,172A62AD-9B69-33E2-1551-9526879D80AC
53.808636,-14.730006,2,172A62AD-9B69-33E2-1551-9526879D80AC
43.743202,34.61918,2,172A62AD-9B69-33E2-1551-9526879D80AC
6.801622,67.780815,2,172A62AD-9B69-33E2-1551-9526879D80AC
6.8059773,67.75911,2,172A62AD-9B69-33E2-1551-9526879D80AC
29.2564,62.9794,2,172A62AD-9B69-33E2-1551-9526879D80AC
29.169569,62.79533,2,172A62AD-9B69-33E2-1551-9526879D80AC
28.91186,62.193542,2,172A62AD-9B69-33E2-1551-9526879D80AC
28.79211,61.63773,2,172A62AD-9B69-33E2-1551-9526879D80AC
27.1399,56.5164,2,172A62AD-9B69-33E2-1551-9526879D80AC
27.2056,56.43987,2,172A62AD-9B69-33E2-1551-9526879D80AC
-17.311213,-49.32863,1,172A62AD-9B69-33E2-1551-9526879D80AC
-50.46781,18.201513,1,172A62AD-9B69-33E2-1551-9526879D80AC
-50.54057,18.190796,1,172A62AD-9B69-33E2-1551-9526879D80AC
-58.936222,6.8144455,1,172A62AD-9B69-33E2-1551-9526879D80AC
-58.866867,6.3096514,1,172A62AD-9B69-33E2-1551-9526879D80AC
-58.92032,5.7325883,1,172A62AD-9B69-33E2-1551-9526879D80AC
-60.06091,3.7361853,1,172A62AD-9B69-33E2-1551-9526879D80AC
-60.67929,2.395919,1,172A62AD-9B69-33E2-1551-9526879D80AC
-73.30219,-10.860336,1,172A62AD-9B69-33E2-1551-9526879D80AC
-73.16934,-10.984011,1,172A62AD-9B69-33E2-1551-9526879D80AC
-72.18731,-11.434516,2,172A62AD-9B69-33E2-1551-9526879D80AC
-71.71608,-11.540297,2,172A62AD-9B69-33E2-1551-9526879D80AC
-10.014764,-17.600677,2,172A62AD-9B69-33E2-1551-9526879D80AC
-10.104594,-17.909283,2,172A62AD-9B69-33E2-1551-9526879D80AC
-9.853512,-22.432543,2,172A62AD-9B69-33E2-1551-9526879D80AC
25.547255,-9.92466,2,172A62AD-9B69-33E2-1551-9526879D80AC
25.565216,-9.881932,2,172A62AD-9B69-33E2-1551-9526879D80AC
51.661884,-27.715935,2,172A62AD-9B69-33E2-1551-9526879D80AC
-58.879147,-28.143433,2,172A62AD-9B69-33E2-1551-9526879D80AC
-58.768993,-28.120955,2,172A62AD-9B69-33E2-1551-9526879D80AC
-56.96225,-27.910372,2,172A62AD-9B69-33E2-1551-9526879D80AC
-9.86816,-39.532288,2,1F6A56CA-9C73-442F-2682-BB69E4B03AB2
-30.770103,1.3995596,2,1F6A56CA-9C73-442F-2682-BB69E4B03AB2
-30.081871,1.1941173,2,1F6A56CA-9C73-442F-2682-BB69E4B03AB2
-29.303598,0.99164146,2,1F6A56CA-9C73-442F-2682-BB69E4B03AB2
-28.547407,1.0773835,2,1F6A56CA-9C73-442F-2682-BB69E4B03AB2
-28.230938,1.2003728,2,1F6A56CA-9C73-442F-2682-BB69E4B03AB2
-69.352486,-5.1360574,0,1F6A56CA-9C73-442F-2682-BB69E4B03AB2
-37.53915,-28.310839,0,1F6A56CA-9C73-442F-2682-BB69E4B03AB2
-79.177895,-24.099333,0,1F6A56CA-9C73-442F-2682-BB69E4B03AB2
-79.54303,-22.84036,0,1F6A56CA-9C73-442F-2682-BB69E4B03AB2
-78.96001,-22.967289,0,1F6A56CA-9C73-442F-2682-BB69E4B03AB2
-78.84651,-22.996403,0,1F6A56CA-9C73-442F-2682-BB69E4B03AB2
-41.89069,1.3585243,0,1F6A56CA-9C73-442F-2682-BB69E4B03AB2
-41.868248,1.367039,0,1F6A56CA-9C73-442F-2682-BB69E4B03AB2
54.950565,35.24417,0,1F6A56CA-9C73-442F-2682-BB69E4B03AB2
54.40555,35.19133,0,1F6A56CA-9C73-442F-2682-BB69E4B03AB2
54.07716,35.238644,0,1F6A56CA-9C73-442F-2682-BB69E4B03AB2
-22.622374,-29.620459,0,1F6A56CA-9C73-442F-2682-BB69E4B03AB2
33.519596,53.63594,2,1FA97947-2FB7-D626-8CD3-2426BEEE97D1
8.362007,35.3923,2,1FA97947-2FB7-D626-8CD3-2426BEEE97D1
8.431139,35.64205,2,1FA97947-2FB7-D626-8CD3-2426BEEE97D1
8.676898,37.23609,2,1FA97947-2FB7-D626-8CD3-2426BEEE97D1
8.645948,37.468735,2,1FA97947-2FB7-D626-8CD3-2426BEEE97D1
8.547713,38.49774,2,1FA97947-2FB7-D626-8CD3-2426BEEE97D1
8.683746,39.191586,2,1FA97947-2FB7-D626-8CD3-2426BEEE97D1
-37.983757,2.929957,0,1FA97947-2FB7-D626-8CD3-2426BEEE97D1
-37.9851,2.9374113,0,1FA97947-2FB7-D626-8CD3-2426BEEE97D1
-27.618315,-22.35872,0,1FA97947-2FB7-D626-8CD3-2426BEEE97D1
-28.38786,-22.358704,0,1FA97947-2FB7-D626-8CD3-2426BEEE97D1
-28.826284,-22.284782,0,1FA97947-2FB7-D626-8CD3-2426BEEE97D1
-46.59265,-4.9531226,0,1FA97947-2FB7-D626-8CD3-2426BEEE97D1
0.7443887,-14.917244,0,1FA97947-2FB7-D626-8CD3-2426BEEE97D1
6.437036,-11.607653,1,1FA97947-2FB7-D626-8CD3-2426BEEE97D1
6.639888,-11.145389,1,1FA97947-2FB7-D626-8CD3-2426BEEE97D1
6.4235263,-10.80563,1,1FA97947-2FB7-D626-8CD3-2426BEEE97D1
6.096071,-10.262912,0,1FA97947-2FB7-D626-8CD3-2426BEEE97D1
-79.56594,-14.883853,0,1FA97947-2FB7-D626-8CD3-2426BEEE97D1
-79.60898,-14.897404,0,1FA97947-2FB7-D626-8CD3-2426BEEE97D1
-34.950684,25.163797,2,1FA97947-2FB7-D626-8CD3-2426BEEE97D1
-34.936504,25.189152,2,1FA97947-2FB7-D626-8CD3-2426BEEE97D1
9.663189,22.509802,2,1FA97947-2FB7-D626-8CD3-2426BEEE97D1
9.587261,22.70671,2,1FA97947-2FB7-D626-8CD3-2426BEEE97D1
43.316975,-2.0625591,2,243FE25F-E451-21F6-7EFA-F9DACC7D31CA
43.361286,-2.1034203,2,243FE25F-E451-21F6-7EFA-F9DACC7D31CA
20.961205,-23.18357,2,243FE25F-E451-21F6-7EFA-F9DACC7D31CA
21.000158,-23.526278,2,243FE25F-E451-21F6-7EFA-F9DACC7D31CA
21.013947,-23.656597,2,243FE25F-E451-21F6-7EFA-F9DACC7D31CA
29.039976,-46.58114,2,243FE25F-E451-21F6-7EFA-F9DACC7D31CA
29.648891,-46.248714,2,243FE25F-E451-21F6-7EFA-F9DACC7D31CA
30.158937,-45.91696,2,243FE25F-E451-21F6-7EFA-F9DACC7D31CA
30.692022,-45.579582,2,243FE25F-E451-21F6-7EFA-F9DACC7D31CA
72.77179,-15.770639,2,243FE25F-E451-21F6-7EFA-F9DACC7D31CA
73.010574,-15.486116,2,243FE25F-E451-21F6-7EFA-F9DACC7D31CA
73.468056,-15.010488,2,243FE25F-E451-21F6-7EFA-F9DACC7D31CA
2.832147,10.948995,2,243FE25F-E451-21F6-7EFA-F9DACC7D31CA
2.4806843,11.838506,2,243FE25F-E451-21F6-7EFA-F9DACC7D31CA
2.4089925,12.129698,2,243FE25F-E451-21F6-7EFA-F9DACC7D31CA
34.660927,55.585083,2,243FE25F-E451-21F6-7EFA-F9DACC7D31CA
35.252617,55.845722,2,243FE25F-E451-21F6-7EFA-F9DACC7D31CA
35.309715,55.90852,2,243FE25F-E451-21F6-7EFA-F9DACC7D31CA
-29.269905,52.530983,2,243FE25F-E451-21F6-7EFA-F9DACC7D31CA
-29.263517,52.54406,2,243FE25F-E451-21F6-7EFA-F9DACC7D31CA
-56.26471,20.854855,2,243FE25F-E451-21F6-7EFA-F9DACC7D31CA
-56.9707,23.857687,2,243FE25F-E451-21F6-7EFA-F9DACC7D31CA
-57.39343,24.3592,2,243FE25F-E451-21F6-7EFA-F9DACC7D31CA
-57.5906,24.597664,2,243FE25F-E451-21F6-7EFA-F9DACC7D31CA
10.047288,20.547255,2,243FE25F-E451-21F6-7EFA-F9DACC7D31CA
40.138615,46.80256,2,243FE25F-E451-21F6-7EFA-F9DACC7D31CA
40.129818,46.908382,2,243FE25F-E451-21F6-7EFA-F9DACC7D31CA
-13.230292,28.922419,0,2656C6B4-988A-A958-5107-5422027AEE1D
2.3561275,4.5181913,2,2656C6B4-988A-A958-5107-5422027AEE1D
1.4413759,4.5884757,2,2656C6B4-988A-A958-5107-5422027AEE1D
1.1560829,4.5775127,2,2656C6B4-988A-A958-5107-5422027AEE1D
0.06907193,3.9441936,2,2656C6B4-988A-A958-5107-5422027AEE1D
-0.21737519,3.7052023,2,2656C6B4-988A-A958-5107-5422027AEE1D
-42.72117,-1.9043075,2,2656C6B4-988A-A958-5107-5422027AEE1D
-42.541763,-1.8949566,2,2656C6B4-988A-A958-5107-5422027AEE1D
5.2178874,5.3503013,0,2656C6B4-988A-A958-5107-5422027AEE1D
5.5189385,5.470959,0,2656C6B4-988A-A958-5107-5422027AEE1D
6.1664524,5.772677,0,2656C6B4-988A-A958-5107-5422027AEE1D
12.500531,16.758091,2,2656C6B4-988A-A958-5107-5422027AEE1D
-56.039963,-4.3402457,0,2656C6B4-988A-A958-5107-5422027AEE1D
-55.363655,-5.2698064,0,2656C6B4-988A-A958-5107-5422027AEE1D
-55.02449,-5.2529864,0,2656C6B4-988A-A958-5107-5422027AEE1D
14.645581,-6.478997,0,2656C6B4-988A-A958-5107-5422027AEE1D
14.607355,-6.4550977,2,2656C6B4-988A-A958-5107-5422027AEE1D
15.393894,-6.903197,2,2656C6B4-988A-A958-5107-5422027AEE1D
10.033562,58.863235,2,27C12E79-B4DD-AA48-E99E-552C6BAEBA6F
10.757283,58.93406,2,27C12E79-B4DD-AA48-E99E-552C6BAEBA6F
11.240992,59.386597,2,27C12E79-B4DD-AA48-E99E-552C6BAEBA6F
11.390138,59.61624,2,27C12E79-B4DD-AA48-E99E-552C6BAEBA6F
12.077216,59.90775,2,27C12E79-B4DD-AA48-E99E-552C6BAEBA6F
4.223671,33.65979,2,27C12E79-B4DD-AA48-E99E-552C6BAEBA6F
-36.719975,-22.415712,2,27C12E79-B4DD-AA48-E99E-552C6BAEBA6F
-36.6874,-22.417627,2,27C12E79-B4DD-AA48-E99E-552C6BAEBA6F
34.24792,43.180416,2,27C12E79-B4DD-AA48-E99E-552C6BAEBA6F
10.858893,44.961906,2,27C12E79-B4DD-AA48-E99E-552C6BAEBA6F
11.50962,45.141228,2,27C12E79-B4DD-AA48-E99E-552C6BAEBA6F
11.71621,45.18602,2,27C12E79-B4DD-AA48-E99E-552C6BAEBA6F
2.1028063,-11.516369,2,27C12E79-B4DD-AA48-E99E-552C6BAEBA6F
1.6199706,-11.434263,2,27C12E79-B4DD-AA48-E99E-552C6BAEBA6F
1.1113766,-11.375487,2,27C12E79-B4DD-AA48-E99E-552C6BAEBA6F
0.49883988,-11.265405,2,27C12E79-B4DD-AA48-E99E-552C6BAEBA6F
-35.86409,-18.21206,2,27C12E79-B4DD-AA48-E99E-552C6BAEBA6F
-35.91276,-18.166363,2,27C12E79-B4DD-AA48-E99E-552C6BAEBA6F
-44.253635,-7.3943267,2,27C12E79-B4DD-AA48-E99E-552C6BAEBA6F
-44.21604,-7.321185,2,27C12E79-B4DD-AA48-E99E-552C6BAEBA6F
-57.592983,11.911555,2,27C12E79-B4DD-AA48-E99E-552C6BAEBA6F
-57.614838,11.84762,2,27C12E79-B4DD-AA48-E99E-552C6BAEBA6F
-36.88441,6.488191,2,27C12E79-B4DD-AA48-E99E-552C6BAEBA6F
-37.870148,6.028746,2,27C12E79-B4DD-AA48-E99E-552C6BAEBA6F
37.591106,55.1227,2,2C636222-CB43-AB6F-444A-7278047991C7
37.64874,55.123222,2,2C636222-CB43-AB6F-444A-7278047991C7
6.1966996,31.722422,2,2C636222-CB43-AB6F-444A-7278047991C7
6.1413817,32.198803,2,2C636222-CB43-AB6F-444A-7278047991C7
-6.8198886,40.22628,2,2C636222-CB43-AB6F-444A-7278047991C7
-6.7249284,40.187477,2,2C636222-CB43-AB6F-444A-7278047991C7
2.8010643,18.77787,2,2C636222-CB43-AB6F-444A-7278047991C7
-9.130785,14.949064,0,2C636222-CB43-AB6F-444A-7278047991C7
-9.176893,14.915369,0,2C636222-CB43-AB6F-444A-7278047991C7
-56.36458,4.357195,0,2C636222-CB43-AB6F-444A-7278047991C7
-57.259525,3.816191,0,2C636222-CB43-AB6F-444A-7278047991C7
-57.993618,3.5672321,0,2C636222-CB43-AB6F-444A-7278047991C7
37.186344,-42.36038,0,2C636222-CB43-AB6F-444A-7278047991C7
-38.595047,14.936466,0,2C636222-CB43-AB6F-444A-7278047991C7
-38.696106,14.543977,0,2C636222-CB43-AB6F-444A-7278047991C7
-39.0381,13.0737095,0,2C636222-CB43-AB6F-444A-7278047991C7
-39.04677,12.729582,0,2C636222-CB43-AB6F-444A-7278047991C7
-38.67294,11.714758,0,2C636222-CB43-AB6F-444A-7278047991C7
-51.46773,-39.970703,0,2C636222-CB43-AB6F-444A-7278047991C7
-50.99208,-39.972,0,2C636222-CB43-AB6F-444A-7278047991C7
-50.069633,-40.356106,0,2C636222-CB43-AB6F-444A-7278047991C7
27.610502,-33.559196,0,2C636222-CB43-AB6F-444A-7278047991C7
28.117733,-33.646717,0,2C636222-CB43-AB6F-444A-7278047991C7
29.01473,-33.69481,2,2C636222-CB43-AB6F-444A-7278047991C7
31.419191,21.367798,2,35FEE4B0-EF25-110F-8D86-5410FA57646B
31.35963,21.441816,2,35FEE4B0-EF25-110F-8D86-5410FA57646B
30.166693,22.781252,2,35FEE4B0-EF25-110F-8D86-5410FA57646B
29.73228,22.960728,2,35FEE4B0-EF25-110F-8D86-5410FA57646B
28.607252,23.194563,2,35FEE4B0-EF25-110F-8D86-5410FA57646B
28.484528,23.286966,2,35FEE4B0-EF25-110F-8D86-5410FA57646B
25.34089,51.193092,2,35FEE4B0-EF25-110F-8D86-5410FA57646B
25.407505,50.510628,0,35FEE4B0-EF25-110F-8D86-5410FA57646B
22.734632,51.202232,0,35FEE4B0-EF25-110F-8D86-5410FA57646B
22.914532,51.3591,0,35FEE4B0-EF25-110F-8D86-5410FA57646B
23.47613,51.795555,0,35FEE4B0-EF25-110F-8D86-5410FA57646B
43.207733,-10.847968,0,35FEE4B0-EF25-110F-8D86-5410FA57646B
29.265526,3.1547916,2,35FEE4B0-EF25-110F-8D86-5410FA57646B
30.03092,3.9413233,2,35FEE4B0-EF25-110F-8D86-5410FA57646B
29.797682,3.995088,2,35FEE4B0-EF25-110F-8D86-5410FA57646B
28.696623,4.776521,1,35FEE4B0-EF25-110F-8D86-5410FA57646B
28.147757,5.083605,2,35FEE4B0-EF25-110F-8D86-5410FA57646B
27.79399,5.3894954,2,35FEE4B0-EF25-110F-8D86-5410FA57646B
61.92113,-27.227158,2,35FEE4B0-EF25-110F-8D86-5410FA57646B
61.95367,-27.205746,2,35FEE4B0-EF25-110F-8D86-5410FA57646B
-51.026413,-28.39273,2,35FEE4B0-EF25-110F-8D86-5410FA57646B
44.179417,-36.758884,0,37249306-1597-DC6D-3544-6FEDBBF8B848
44.929657,-36.202385,0,37249306-1597-DC6D-3544-6FEDBBF8B848
45.177315,-36.20964,0,37249306-1597-DC6D-3544-6FEDBBF8B848
45.913876,-36.33927,0,37249306-1597-DC6D-3544-6FEDBBF8B848
-35.518383,-36.60725,0,37249306-1597-DC6D-3544-6FEDBBF8B848
-67.85056,-21.744682,1,37249306-1597-DC6D-3544-6FEDBBF8B848
-33.89103,7.8838882,1,37249306-1597-DC6D-3544-6FEDBBF8B848
-32.671516,8.068215,1,37249306-1597-DC6D-3544-6FEDBBF8B848
-31.67701,8.446014,1,37249306-1597-DC6D-3544-6FEDBBF8B848
-31.378334,8.573308,1,37249306-1597-DC6D-3544-6FEDBBF8B848
3.5808287,23.29969,1,37249306-1597-DC6D-3544-6FEDBBF8B848
3.6323507,23.2928,0,37249306-1597-DC6D-3544-6FEDBBF8B848
-22.55796,8.504,0,37249306-1597-DC6D-3544-6FEDBBF8B848
-23.425148,8.583848,0,37249306-1597-DC6D-3544-6FEDBBF8B848
-23.578888,8.679676,0,37249306-1597-DC6D-3544-6FEDBBF8B848
-3.184668,47.754864,0,37249306-1597-DC6D-3544-6FEDBBF8B848
-6.8476977,-38.768494,1,37249306-1597-DC6D-3544-6FEDBBF8B848
-6.864352,-38.794872,1,37249306-1597-DC6D-3544-6FEDBBF8B848
22.291845,-39.299152,0,37249306-1597-DC6D-3544-6FEDBBF8B848
22.300493,-39.304474,0,37249306-1597-DC6D-3544-6FEDBBF8B848
36.466896,-24.58448,0,37249306-1597-DC6D-3544-6FEDBBF8B848
36.41769,-24.737331,0,37249306-1597-DC6D-3544-6FEDBBF8B848
35.954556,-21.6978,0,37249306-1597-DC6D-3544-6FEDBBF8B848
35.928925,-21.658161,0,37249306-1597-DC6D-3544-6FEDBBF8B848
-48.877316,-12.975531,0,37249306-1597-DC6D-3544-6FEDBBF8B848
-9.162809,20.746515,0,37249306-1597-DC6D-3544-6FEDBBF8B848
-9.011195,20.78392,0,37249306-1597-DC6D-3544-6FEDBBF8B848
-65.98459,9.524019,1,3C54E0F5-9C12-3137-9EC1-39645770F53A
-65.98427,9.352254,1,3C54E0F5-9C12-3137-9EC1-39645770F53A
-66.000885,8.50948,1,3C54E0F5-9C12-3137-9EC1-39645770F53A
-59.4083,14.455929,1,3C54E0F5-9C12-3137-9EC1-39645770F53A
-59.830418,14.563657,1,3C54E0F5-9C12-3137-9EC1-39645770F53A
-60.72915,15.037934,1,3C54E0F5-9C12-3137-9EC1-39645770F53A
-61.554142,14.946008,1,3C54E0F5-9C12-3137-9EC1-39645770F53A
-63.23653,14.353217,1,3C54E0F5-9C12-3137-9EC1-39645770F53A
-63.341953,14.280579,0,3C54E0F5-9C12-3137-9EC1-39645770F53A
-67.491295,-10.808997,0,3C54E0F5-9C12-3137-9EC1-39645770F53A
-67.16743,-10.898346,0,3C54E0F5-9C12-3137-9EC1-39645770F53A
-66.627464,-11.271517,0,3C54E0F5-9C12-3137-9EC1-39645770F53A
-44.032875,38.467117,0,3C54E0F5-9C12-3137-9EC1-39645770F53A
-44.000275,38.500034,1,3C54E0F5-9C12-3137-9EC1-39645770F53A
19.12457,22.207031,1,3C54E0F5-9C12-3137-9EC1-39645770F53A
18.899136,21.576994,1,3C54E0F5-9C12-3137-9EC1-39645770F53A
18.760057,21.303831,1,3C54E0F5-9C12-3137-9EC1-39645770F53A
-25.388058,1.0011623,1,3C54E0F5-9C12-3137-9EC1-39645770F53A
43.022312,6.8571725,2,3FC0B5B3-AC42-BF96-D8EE-10E81EAAACF6
38.94414,-40.604034,2,3FC0B5B3-AC42-BF96-D8EE-10E81EAAACF6
39.253056,-40.678608,2,3FC0B5B3-AC42-BF96-D8EE-10E81EAAACF6
40.162197,-41.41514,2,3FC0B5B3-AC42-BF96-D8EE-10E81EAAACF6
40.439865,-41.657986,2,3FC0B5B3-AC42-BF96-D8EE-10E81EAAACF6
44.02176,36.689503,2,3FC0B5B3-AC42-BF96-D8EE-10E81EAAACF6
46.461475,-47.529167,1,3FC0B5B3-AC42-BF96-D8EE-10E81EAAACF6
-3.5018034,-29.76714,1,3FC0B5B3-AC42-BF96-D8EE-10E81EAAACF6
14.017471,-31.30988,2,3FC0B5B3-AC42-BF96-D8EE-10E81EAAACF6
28.866158,-29.87658,2,3FC0B5B3-AC42-BF96-D8EE-10E81EAAACF6
56.28094,-25.318972,2,3FC0B5B3-AC42-BF96-D8EE-10E81EAAACF6
56.39758,-25.535791,2,3FC0B5B3-AC42-BF96-D8EE-10E81EAAACF6
-12.591326,-47.857677,2,3FC0B5B3-AC42-BF96-D8EE-10E81EAAACF6
42.549366,45.38548,2,3FC0B5B3-AC42-BF96-D8EE-10E81EAAACF6
-8.26026,63.221966,2,3FC0B5B3-AC42-BF96-D8EE-10E81EAAACF6
-8.166775,63.324112,2,3FC0B5B3-AC42-BF96-D8EE-10E81EAAACF6
-6.7466435,64.64302,2,3FC0B5B3-AC42-BF96-D8EE-10E81EAAACF6
-6.6592135,64.72087,2,3FC0B5B3-AC42-BF96-D8EE-10E81EAAACF6
29.024073,67.78497,2,4690C2DC-C0B5-6C1B-880A-D31C46C8A565
28.416107,67.26077,2,4690C2DC-C0B5-6C1B-880A-D31C46C8A565
-0.13078897,59.71916,2,4690C2DC-C0B5-6C1B-880A-D31C46C8A565
-72.58038,-6.958528,2,4690C2DC-C0B5-6C1B-880A-D31C46C8A565
-17.9269,48.75289,2,4690C2DC-C0B5-6C1B-880A-D31C46C8A565
-17.900166,48.771954,2,4690C2DC-C0B5-6C1B-880A-D31C46C8A565
39.97574,54.85985,2,4690C2DC-C0B5-6C1B-880A-D31C46C8A565
18.52369,39.2117,2,4690C2DC-C0B5-6C1B-880A-D31C46C8A565
18.135468,38.935684,2,4690C2DC-C0B5-6C1B-880A-D31C46C8A565
17.960129,38.825584,0,4690C2DC-C0B5-6C1B-880A-D31C46C8A565
-48.13172,7.652625,0,4690C2DC-C0B5-6C1B-880A-D31C46C8A565
-48.372204,7.655997,0,4690C2DC-C0B5-6C1B-880A-D31C46C8A565
-52.168217,-10.228439,2,4690C2DC-C0B5-6C1B-880A-D31C46C8A565
-11.052162,-15.382375,2,4690C2DC-C0B5-6C1B-880A-D31C46C8A565
22.266188,-10.566484,2,4690C2DC-C0B5-6C1B-880A-D31C46C8A565
22.192656,-10.994325,2,4690C2DC-C0B5-6C1B-880A-D31C46C8A565
22.105282,-11.393225,2,4690C2DC-C0B5-6C1B-880A-D31C46C8A565
-5.036717,-28.417511,0,4690C2DC-C0B5-6C1B-880A-D31C46C8A565
-10.688358,-3.5418022,0,4690C2DC-C0B5-6C1B-880A-D31C46C8A565
-10.198098,-3.1857567,0,4690C2DC-C0B5-6C1B-880A-D31C46C8A565
-9.231671,-2.474167,0,4690C2DC-C0B5-6C1B-880A-D31C46C8A565
-8.950723,-2.2779777,0,4690C2DC-C0B5-6C1B-880A-D31C46C8A565
-7.856684,-1.8539602,0,4690C2DC-C0B5-6C1B-880A-D31C46C8A565
-7.634381,-1.8021482,0,4690C2DC-C0B5-6C1B-880A-D31C46C8A565
-51.956158,5.047503,0,4690C2DC-C0B5-6C1B-880A-D31C46C8A565
-52.152866,4.992118,0,4690C2DC-C0B5-6C1B-880A-D31C46C8A565
-52.71296,4.274358,0,4690C2DC-C0B5-6C1B-880A-D31C46C8A565
-61.676758,-6.571775,0,4690C2DC-C0B5-6C1B-880A-D31C46C8A565
-40.31946,4.708739,2,4690C2DC-C0B5-6C1B-880A-D31C46C8A565
-40.304737,4.685316,2,4690C2DC-C0B5-6C1B-880A-D31C46C8A565
26.143904,67.46302,2,46A9A47E-EDE3-2EF4-2F06-E95AF67D57E1
26.50238,67.27836,2,46A9A47E-EDE3-2EF4-2F06-E95AF67D57E1
25.416803,66.938644,2,46A9A47E-EDE3-2EF4-2F06-E95AF67D57E1
16.147957,32.996624,2,46A9A47E-EDE3-2EF4-2F06-E95AF67D57E1
-0.3147058,25.221327,2,46A9A47E-EDE3-2EF4-2F06-E95AF67D57E1
-0.3038033,25.232573,2,46A9A47E-EDE3-2EF4-2F06-E95AF67D57E1
-8.668055,40.827988,0,46A9A47E-EDE3-2EF4-2F06-E95AF67D57E1
1.7612671,40.526566,0,46A9A47E-EDE3-2EF4-2F06-E95AF67D57E1
2.213276,40.554424,0,46A9A47E-EDE3-2EF4-2F06-E95AF67D57E1
2.8416338,40.598095,0,46A9A47E-EDE3-2EF4-2F06-E95AF67D57E1
3.4247832,40.730267,2,46A9A47E-EDE3-2EF4-2F06-E95AF67D57E1
3.9969208,40.825058,2,46A9A47E-EDE3-2EF4-2F06-E95AF67D57E1
-60.782394,-19.211166,0,46A9A47E-EDE3-2EF4-2F06-E95AF67D57E1
-60.796417,-19.162302,0,46A9A47E-EDE3-2EF4-2F06-E95AF67D57E1
-32.07682,-9.520451,0,46A9A47E-EDE3-2EF4-2F06-E95AF67D57E1
-32.186123,-9.463417,2,46A9A47E-EDE3-2EF4-2F06-E95AF67D57E1
-14.35636,11.415751,2,46A9A47E-EDE3-2EF4-2F06-E95AF67D57E1
-14.310878,11.42935,2,46A9A47E-EDE3-2EF4-2F06-E95AF67D57E1
-59.999588,-4.901257,0,46A9A47E-EDE3-2EF4-2F06-E95AF67D57E1
-60.88569,-4.3836317,0,46A9A47E-EDE3-2EF4-2F06-E95AF67D57E1
-72.81555,-13.959527,0,46A9A47E-EDE3-2EF4-2F06-E95AF67D57E1
-71.8721,-14.234476,0,46A9A47E-EDE3-2EF4-2F06-E95AF67D57E1
-71.5418,-14.31859,2,46A9A47E-EDE3-2EF4-2F06-E95AF67D57E1
20.47071,15.260192,2,46A9A47E-EDE3-2EF4-2F06-E95AF67D57E1
62.523994,-30.085114,2,46A9A47E-EDE3-2EF4-2F06-E95AF67D57E1
62.58537,-30.612736,2,46A9A47E-EDE3-2EF4-2F06-E95AF67D57E1
62.724854,-31.205532,2,46A9A47E-EDE3-2EF4-2F06-E95AF67D57E1
63.604496,-32.570404,0,46A9A47E-EDE3-2EF4-2F06-E95AF67D57E1
-69.32899,-21.564323,0,46A9A47E-EDE3-2EF4-2F06-E95AF67D57E1
-70.2447,-21.427443,0,46A9A47E-EDE3-2EF4-2F06-E95AF67D57E1
8.082506,20.182144,2,47494449-E68E-E554-8BB1-ECEEE432E269
-18.493399,-16.564203,2,47494449-E68E-E554-8BB1-ECEEE432E269
-19.304798,-16.382845,2,47494449-E68E-E554-8BB1-ECEEE432E269
-19.79551,-16.229465,0,47494449-E68E-E554-8BB1-ECEEE432E269
-52.496597,-13.564781,0,47494449-E68E-E554-8BB1-ECEEE432E269
-68.60349,-16.081259,0,47494449-E68E-E554-8BB1-ECEEE432E269
57.708687,-22.91806,1,47494449-E68E-E554-8BB1-ECEEE432E269
58.310158,-22.83066,2,47494449-E68E-E554-8BB1-ECEEE432E269
58.66844,-22.755075,2,47494449-E68E-E554-8BB1-ECEEE432E269
59.101017,-22.468132,2,47494449-E68E-E554-8BB1-ECEEE432E269
-32.206287,-38.49458,0,47494449-E68E-E554-8BB1-ECEEE432E269
-75.717674,-20.859184,0,47494449-E68E-E554-8BB1-ECEEE432E269
-15.901153,-25.0755,2,47494449-E68E-E554-8BB1-ECEEE432E269
-16.158583,-24.668856,0,47494449-E68E-E554-8BB1-ECEEE432E269
-16.528471,-24.169468,0,47494449-E68E-E554-8BB1-ECEEE432E269
-16.972692,-22.77079,0,47494449-E68E-E554-8BB1-ECEEE432E269
-49.003376,-7.8875613,0,47494449-E68E-E554-8BB1-ECEEE432E269
-49.144478,-7.9007697,1,47494449-E68E-E554-8BB1-ECEEE432E269
-74.84751,-18.991594,0,47494449-E68E-E554-8BB1-ECEEE432E269
-74.44236,-18.489511,2,47494449-E68E-E554-8BB1-ECEEE432E269
-68.49856,-32.132534,2,47494449-E68E-E554-8BB1-ECEEE432E269
-15.014102,6.0518327,2,47494449-E68E-E554-8BB1-ECEEE432E269
-14.633366,4.3001685,2,47494449-E68E-E554-8BB1-ECEEE432E269
-14.471135,4.2195163,2,47494449-E68E-E554-8BB1-ECEEE432E269
22.460316,35.854416,2,48847236-6E23-6E61-57CD-780C68FAA2C2
52.663548,-8.712213,2,48847236-6E23-6E61-57CD-780C68FAA2C2
52.436264,-8.643205,2,48847236-6E23-6E61-57CD-780C68FAA2C2
51.672935,-8.356294,2,48847236-6E23-6E61-57CD-780C68FAA2C2
60.57721,9.614818,2,48847236-6E23-6E61-57CD-780C68FAA2C2
60.584114,9.679496,2,48847236-6E23-6E61-57CD-780C68FAA2C2
-9.065002,7.9751883,0,48847236-6E23-6E61-57CD-780C68FAA2C2
-8.249887,8.00439,0,48847236-6E23-6E61-57CD-780C68FAA2C2
-7.139147,8.244566,0,48847236-6E23-6E61-57CD-780C68FAA2C2
-7.2902675,7.9702153,2,48847236-6E23-6E61-57CD-780C68FAA2C2
-5.9874687,7.3837385,2,48847236-6E23-6E61-57CD-780C68FAA2C2
-5.549139,7.18421,2,48847236-6E23-6E61-57CD-780C68FAA2C2
52.55043,-21.446213,2,48847236-6E23-6E61-57CD-780C68FAA2C2
52.35822,-21.541664,2,48847236-6E23-6E61-57CD-780C68FAA2C2
51.307423,-21.92437,2,48847236-6E23-6E61-57CD-780C68FAA2C2
50.91033,-21.944658,2,48847236-6E23-6E61-57CD-780C68FAA2C2
49.834,-21.73273,0,48847236-6E23-6E61-57CD-780C68FAA2C2
-61.494724,-23.278841,0,48847236-6E23-6E61-57CD-780C68FAA2C2
-71.89592,9.213814,0,48847236-6E23-6E61-57CD-780C68FAA2C2
-71.8521,9.971759,2,48847236-6E23-6E61-57CD-780C68FAA2C2
-18.254524,15.416367,2,48847236-6E23-6E61-57CD-780C68FAA2C2
-18.152037,15.538501,2,48847236-6E23-6E61-57CD-780C68FAA2C2
-17.46341,16.291655,2,48847236-6E23-6E61-57CD-780C68FAA2C2
-17.080393,16.639515,2,48847236-6E23-6E61-57CD-780C68FAA2C2
-21.779469,-18.4654,0,48847236-6E23-6E61-57CD-780C68FAA2C2
-21.771866,-18.474562,0,48847236-6E23-6E61-57CD-780C68FAA2C2
32.892784,-37.425705,2,48847236-6E23-6E61-57CD-780C68FAA2C2
53.015347,-28.918787,2,48847236-6E23-6E61-57CD-780C68FAA2C2
53.23633,-29.122639,2,48847236-6E23-6E61-57CD-780C68FAA2C2
53.60996,-29.85108,2,48847236-6E23-6E61-57CD-780C68FAA2C2
32.940323,42.976303,1,48D32E40-ABB9-E3FB-185C-8A5AA0C44CBF
32.97015,42.583855,1,48D32E40-ABB9-E3FB-185C-8A5AA0C44CBF
32.815598,41.79202,1,48D32E40-ABB9-E3FB-185C-8A5AA0C44CBF
32.73893,41.51168,1,48D32E40-ABB9-E3FB-185C-8A5AA0C44CBF
0.8604221,-19.018953,1,48D32E40-ABB9-E3FB-185C-8A5AA0C44CBF
0.3240653,-19.350426,1,48D32E40-ABB9-E3FB-185C-8A5AA0C44CBF
1.2514912,7.6201754,1,48D32E40-ABB9-E3FB-185C-8A5AA0C44CBF
1.5871321,7.7660675,1,48D32E40-ABB9-E3FB-185C-8A5AA0C44CBF
2.5085688,8.344786,0,48D32E40-ABB9-E3FB-185C-8A5AA0C44CBF
2.6944864,8.445718,0,48D32E40-ABB9-E3FB-185C-8A5AA0C44CBF
-50.985706,14.201219,0,48D32E40-ABB9-E3FB-185C-8A5AA0C44CBF
-50.9578,14.169425,0,48D32E40-ABB9-E3FB-185C-8A5AA0C44CBF
-16.833502,-48.19813,1,48D32E40-ABB9-E3FB-185C-8A5AA0C44CBF
-15.87498,-46.0315,1,48D32E40-ABB9-E3FB-185C-8A5AA0C44CBF
-15.692926,-45.574715,1,48D32E40-ABB9-E3FB-185C-8A5AA0C44CBF
-15.543751,-45.16164,1,48D32E40-ABB9-E3FB-185C-8A5AA0C44CBF
-15.817386,-43.426666,1,48D32E40-ABB9-E3FB-185C-8A5AA0C44CBF
-15.858014,-43.18308,1,48D32E40-ABB9-E3FB-185C-8A5AA0C44CBF
41.42745,3.8969212,2,4B423110-8A54-A87F-39BB-D68BF033C7FC
41.466797,4.0522885,2,4B423110-8A54-A87F-39BB-D68BF033C7FC
41.52719,4.678406,2,4B423110-8A54-A87F-39BB-D68BF033C7FC
46.475525,30.947775,2,4B423110-8A54-A87F-39BB-D68BF033C7FC
46.543396,30.448257,2,4B423110-8A54-A87F-39BB-D68BF033C7FC
46.596107,29.975584,2,4B423110-8A54-A87F-39BB-D68BF033C7FC
43.314785,-7.2899942,2,4B423110-8A54-A87F-39BB-D68BF033C7FC
43.355045,-7.097352,2,4B423110-8A54-A87F-39BB-D68BF033C7FC
43.49701,-6.543136,2,4B423110-8A54-A87F-39BB-D68BF033C7FC
43.84059,-5.723921,2,4B423110-8A54-A87F-39BB-D68BF033C7FC
44.54712,-4.9885163,2,4B423110-8A54-A87F-39BB-D68BF033C7FC
45.347137,-4.3399053,2,4B423110-8A54-A87F-39BB-D68BF033C7FC
-65.707634,-29.742851,0,4B423110-8A54-A87F-39BB-D68BF033C7FC
8.328701,-18.06703,0,4B423110-8A54-A87F-39BB-D68BF033C7FC
8.4243965,-18.095278,2,4B423110-8A54-A87F-39BB-D68BF033C7FC
8.017257,-16.86054,2,4B423110-8A54-A87F-39BB-D68BF033C7FC
7.9415092,-16.69217,2,4B423110-8A54-A87F-39BB-D68BF033C7FC
-44.179096,-3.826757,0,4B423110-8A54-A87F-39BB-D68BF033C7FC
-30.025644,-21.709093,0,4B423110-8A54-A87F-39BB-D68BF033C7FC
-43.66163,-16.379053,0,4B423110-8A54-A87F-39BB-D68BF033C7FC
-43.66281,-16.32195,0,4B423110-8A54-A87F-39BB-D68BF033C7FC
-48.394314,-4.468143,0,4BD5749B-A1D2-E6C9-156F-DF107802D3BE
-48.137802,-4.487918,0,4BD5749B-A1D2-E6C9-156F-DF107802D3BE
19.348969,-12.174489,0,4BD5749B-A1D2-E6C9-156F-DF107802D3BE
19.580505,-12.70513,0,4BD5749B-A1D2-E6C9-156F-DF107802D3BE
20.024988,-13.008677,0,4BD5749B-A1D2-E6C9-156F-DF107802D3BE
20.576485,-13.2598915,0,4BD5749B-A1D2-E6C9-156F-DF107802D3BE
-24.535809,21.83089,2,4BD5749B-A1D2-E6C9-156F-DF107802D3BE
-24.624174,21.69632,2,4BD5749B-A1D2-E6C9-156F-DF107802D3BE
-58.189533,1.2004462,2,4BD5749B-A1D2-E6C9-156F-DF107802D3BE
-57.74254,1.1332146,2,4BD5749B-A1D2-E6C9-156F-DF107802D3BE
-57.060158,0.9450514,2,4BD5749B-A1D2-E6C9-156F-DF107802D3BE
-21.193207,-14.16306,2,4BD5749B-A1D2-E6C9-156F-DF107802D3BE
-25.79998,-36.82525,1,4BD5749B-A1D2-E6C9-156F-DF107802D3BE
-25.884407,-36.40855,1,4BD5749B-A1D2-E6C9-156F-DF107802D3BE
-25.834959,-35.97511,1,4BD5749B-A1D2-E6C9-156F-DF107802D3BE
-25.637623,-35.624554,1,4BD5749B-A1D2-E6C9-156F-DF107802D3BE
-6.37075,-10.900853,1,4BD5749B-A1D2-E6C9-156F-DF107802D3BE
-7.477743,-10.161766,1,4BD5749B-A1D2-E6C9-156F-DF107802D3BE
25.74358,62.445312,2,4BFAECAC-0CC2-F9AC-17BB-7343BE737D81
25.490576,62.431454,2,4BFAECAC-0CC2-F9AC-17BB-7343BE737D81
14.920248,65.982376,2,4BFAECAC-0CC2-F9AC-17BB-7343BE737D81
14.881466,66.00526,2,4BFAECAC-0CC2-F9AC-17BB-7343BE737D81
-14.530574,32.789524,2,4BFAECAC-0CC2-F9AC-17BB-7343BE737D81
-14.558374,32.78361,2,4BFAECAC-0CC2-F9AC-17BB-7343BE737D81
17.485033,-11.192811,2,4BFAECAC-0CC2-F9AC-17BB-7343BE737D81
17.89562,-10.975233,2,4BFAECAC-0CC2-F9AC-17BB-7343BE737D81
18.231499,-10.031768,2,4BFAECAC-0CC2-F9AC-17BB-7343BE737D81
17.338234,-24.740934,0,4BFAECAC-0CC2-F9AC-17BB-7343BE737D81
17.313944,-24.781855,0,4BFAECAC-0CC2-F9AC-17BB-7343BE737D81
29.893011,-42.963444,0,4BFAECAC-0CC2-F9AC-17BB-7343BE737D81
-47.65251,-34.86114,0,4BFAECAC-0CC2-F9AC-17BB-7343BE737D81
23.719559,-34.323765,0,4BFAECAC-0CC2-F9AC-17BB-7343BE737D81
41.70388,-36.343784,0,4BFAECAC-0CC2-F9AC-17BB-7343BE737D81
53.291336,-42.25862,2,4BFAECAC-0CC2-F9AC-17BB-7343BE737D81
53.43138,-41.857784,2,4BFAECAC-0CC2-F9AC-17BB-7343BE737D81
53.66593,-41.258125,2,4BFAECAC-0CC2-F9AC-17BB-7343BE737D81
21.001755,-36.048874,2,4BFAECAC-0CC2-F9AC-17BB-7343BE737D81
-18.498817,-53.845974,2,4BFAECAC-0CC2-F9AC-17BB-7343BE737D81
-19.011642,-53.91525,0,4BFAECAC-0CC2-F9AC-17BB-7343BE737D81
-19.148432,-53.86233,0,4BFAECAC-0CC2-F9AC-17BB-7343BE737D81
-17.629602,-0.63963157,0,4BFAECAC-0CC2-F9AC-17BB-7343BE737D81
-17.629614,-0.48876572,2,4BFAECAC-0CC2-F9AC-17BB-7343BE737D81
-5.1239624,30.047256,1,4CAE9D77-C8A8-2EE8-53D0-7C3C6331B2C5
-4.9978952,29.945091,2,4CAE9D77-C8A8-2EE8-53D0-7C3C6331B2C5
-4.011535,29.430775,2,4CAE9D77-C8A8-2EE8-53D0-7C3C6331B2C5
-2.8819933,28.568235,2,4CAE9D77-C8A8-2EE8-53D0-7C3C6331B2C5
-2.7422793,28.388056,2,4CAE9D77-C8A8-2EE8-53D0-7C3C6331B2C5
-2.3220015,28.43324,2,4CAE9D77-C8A8-2EE8-53D0-7C3C6331B2C5
5.9955015,23.211052,2,4CAE9D77-C8A8-2EE8-53D0-7C3C6331B2C5
-50.431046,2.8446887,2,4CAE9D77-C8A8-2EE8-53D0-7C3C6331B2C5
-30.19334,-4.7404666,1,4CAE9D77-C8A8-2EE8-53D0-7C3C6331B2C5
-29.981586,-4.8609037,1,4CAE9D77-C8A8-2EE8-53D0-7C3C6331B2C5
-29.002724,-5.731077,1,4CAE9D77-C8A8-2EE8-53D0-7C3C6331B2C5
-28.581879,-6.175383,1,4CAE9D77-C8A8-2EE8-53D0-7C3C6331B2C5
-53.928715,15.546526,2,4CAE9D77-C8A8-2EE8-53D0-7C3C6331B2C5
-54.13399,15.000112,2,4CAE9D77-C8A8-2EE8-53D0-7C3C6331B2C5
-54.27079,14.786117,2,4CAE9D77-C8A8-2EE8-53D0-7C3C6331B2C5
-21.812672,52.370796,2,4CAE9D77-C8A8-2EE8-53D0-7C3C6331B2C5
-21.870436,53.050518,2,4CAE9D77-C8A8-2EE8-53D0-7C3C6331B2C5
-21.867392,52.954742,2,4CAE9D77-C8A8-2EE8-53D0-7C3C6331B2C5
-40.456432,32.873344,1,4CAE9D77-C8A8-2EE8-53D0-7C3C6331B2C5
-40.648937,32.932274,1,4CAE9D77-C8A8-2EE8-53D0-7C3C6331B2C5
-57.184784,-13.0612545,1,4CAE9D77-C8A8-2EE8-53D0-7C3C6331B2C5
-57.631134,-13.463397,1,4CAE9D77-C8A8-2EE8-53D0-7C3C6331B2C5
-57.927914,-13.732453,1,4CAE9D77-C8A8-2EE8-53D0-7C3C6331B2C5
-9.324299,-20.517094,1,4CAE9D77-C8A8-2EE8-53D0-7C3C6331B2C5
5.4182296,-25.78285,1,4CAE9D77-C8A8-2EE8-53D0-7C3C6331B2C5
5.4442587,-26.20242,1,4CAE9D77-C8A8-2EE8-53D0-7C3C6331B2C5
5.5662084,-26.740911,1,4CAE9D77-C8A8-2EE8-53D0-7C3C6331B2C5
23.355904,-43.200237,1,4CAE9D77-C8A8-2EE8-53D0-7C3C6331B2C5
22.5913,-43.15342,1,4CAE9D77-C8A8-2EE8-53D0-7C3C6331B2C5
22.51983,-43.093334,1,4CAE9D77-C8A8-2EE8-53D0-7C3C6331B2C5
36.255417,45.19948,2,4CAE9D77-C8A8-2EE8-53D0-7C3C6331B2C5
12.649449,12.878628,2,4CAE9D77-C8A8-2EE8-53D0-7C3C6331B2C5
12.667812,12.873499,2,4CAE9D77-C8A8-2EE8-53D0-7C3C6331B2C5
15.318551,55.138565,2,5270C847-54C3-180E-9737-1D87A639C450
15.244346,56.071568,2,5270C847-54C3-180E-9737-1D87A639C450
15.263329,56.96498,2,5270C847-54C3-180E-9737-1D87A639C450
15.227926,57.40139,2,5270C847-54C3-180E-9737-1D87A639C450
15.824458,58.424313,2,5270C847-54C3-180E-9737-1D87A639C450
16.053457,58.721222,2,5270C847-54C3-180E-9737-1D87A639C450
11.097169,-5.0904584,0,5270C847-54C3-180E-9737-1D87A639C450
11.215704,-4.8675766,0,5270C847-54C3-180E-9737-1D87A639C450
11.770086,-3.6959233,0,5270C847-54C3-180E-9737-1D87A639C450
11.744461,-3.731471,0,5270C847-54C3-180E-9737-1D87A639C450
-56.052837,-35.247643,0,5270C847-54C3-180E-9737-1D87A639C450
-55.914005,-35.37002,0,5270C847-54C3-180E-9737-1D87A639C450
13.41326,27.55167,1,5690E95B-9747-B2B5-2EE1-16A72200D5CC
13.883086,27.45213,1,5690E95B-9747-B2B5-2EE1-16A72200D5CC
14.485658,27.271154,1,5690E95B-9747-B2B5-2EE1-16A72200D5CC
15.083474,27.090818,1,5690E95B-9747-B2B5-2EE1-16A72200D5CC
22.814396,12.611558,1,5690E95B-9747-B2B5-2EE1-16A72200D5CC
22.783463,12.610126,1,5690E95B-9747-B2B5-2EE1-16A72200D5CC
-11.908604,-34.13337,0,5690E95B-9747-B2B5-2EE1-16A72200D5CC
-11.0346,-35.6549,0,5690E95B-9747-B2B5-2EE1-16A72200D5CC
-10.954554,-35.777565,2,5690E95B-9747-B2B5-2EE1-16A72200D5CC
-11.733033,-41.94566,2,5690E95B-9747-B2B5-2EE1-16A72200D5CC
-11.877708,-42.930305,2,5690E95B-9747-B2B5-2EE1-16A72200D5CC
-11.907437,-43.109653,2,5690E95B-9747-B2B5-2EE1-16A72200D5CC
10.88428,-21.63271,0,5690E95B-9747-B2B5-2EE1-16A72200D5CC
11.58105,-21.380323,2,5690E95B-9747-B2B5-2EE1-16A72200D5CC
11.559566,-21.366854,2,5690E95B-9747-B2B5-2EE1-16A72200D5CC
0.6379331,-2.1257448,0,5690E95B-9747-B2B5-2EE1-16A72200D5CC
0.56820244,-2.1024156,0,5690E95B-9747-B2B5-2EE1-16A72200D5CC
-0.901138,-3.8383062,0,5690E95B-9747-B2B5-2EE1-16A72200D5CC
-0.923964,-4.090741,2,5690E95B-9747-B2B5-2EE1-16A72200D5CC
-0.8560387,-5.8136168,2,5690E95B-9747-B2B5-2EE1-16A72200D5CC
-1.1665748,-5.958735,2,5690E95B-9747-B2B5-2EE1-16A72200D5CC
-0.024309421,-6.751758,2,5690E95B-9747-B2B5-2EE1-16A72200D5CC
-1.1833218,-8.436435,0,5690E95B-9747-B2B5-2EE1-16A72200D5CC
-1.3055489,-8.585475,0,5690E95B-9747-B2B5-2EE1-16A72200D5CC
-8.573643,-18.918306,1,5690E95B-9747-B2B5-2EE1-16A72200D5CC
-8.403568,-18.881601,1,5690E95B-9747-B2B5-2EE1-16A72200D5CC
27.80459,-12.745427,1,5690E95B-9747-B2B5-2EE1-16A72200D5CC
27.873047,-13.2557955,1,5690E95B-9747-B2B5-2EE1-16A72200D5CC
28.096529,-13.693907,2,5690E95B-9747-B2B5-2EE1-16A72200D5CC
28.479488,-14.400803,2,5690E95B-9747-B2B5-2EE1-16A72200D5CC
38.994408,25.363628,2,58CB3C5E-2F5C-31FE-83E8-C6772D99B8D5
38.654522,25.23605,2,58CB3C5E-2F5C-31FE-83E8-C6772D99B8D5
38.153828,25.096352,2,58CB3C5E-2F5C-31FE-83E8-C6772D99B8D5
36.89543,25.140827,2,58CB3C5E-2F5C-31FE-83E8-C6772D99B8D5
36.672398,25.093328,1,58CB3C5E-2F5C-31FE-83E8-C6772D99B8D5
36.122784,25.274334,1,58CB3C5E-2F5C-31FE-83E8-C6772D99B8D5
-57.943695,15.365556,0,58CB3C5E-2F5C-31FE-83E8-C6772D99B8D5
-37.192165,-2.195422,1,58CB3C5E-2F5C-31FE-83E8-C6772D99B8D5
-36.160667,-3.4820547,1,58CB3C5E-2F5C-31FE-83E8-C6772D99B8D5
-35.97386,-3.5629342,1,58CB3C5E-2F5C-31FE-83E8-C6772D99B8D5
-19.61263,-21.509563,1,58CB3C5E-2F5C-31FE-83E8-C6772D99B8D5
-19.647522,-21.564283,1,58CB3C5E-2F5C-31FE-83E8-C6772D99B8D5
31.165808,-13.375049,2,58CB3C5E-2F5C-31FE-83E8-C6772D99B8D5
31.252672,-13.392723,0,58CB3C5E-2F5C-31FE-83E8-C6772D99B8D5
37.67244,-31.461563,0,58CB3C5E-2F5C-31FE-83E8-C6772D99B8D5
37.62073,-31.563532,0,58CB3C5E-2F5C-31FE-83E8-C6772D99B8D5
35.13128,-32.753506,2,58CB3C5E-2F5C-31FE-83E8-C6772D99B8D5
35.04565,-32.778458,2,58CB3C5E-2F5C-31FE-83E8-C6772D99B8D5
-25.8028,37.31623,2,5CD23052-9069-615B-22B2-CB8E9A2413C9
-25.726852,37.23948,2,5CD23052-9069-615B-22B2-CB8E9A2413C9
-23.68081,34.94442,1,5CD23052-9069-615B-22B2-CB8E9A2413C9
-23.549858,34.77368,1,5CD23052-9069-615B-22B2-CB8E9A2413C9
-22.894218,32.989914,2,5CD23052-9069-615B-22B2-CB8E9A2413C9
-22.066328,31.765116,2,5CD23052-9069-615B-22B2-CB8E9A2413C9
-21.943579,31.615738,2,5CD23052-9069-615B-22B2-CB8E9A2413C9
-21.572823,30.671253,2,5CD23052-9069-615B-22B2-CB8E9A2413C9
-21.253624,29.610874,2,5CD23052-9069-615B-22B2-CB8E9A2413C9
-21.163673,29.23558,0,5CD23052-9069-615B-22B2-CB8E9A2413C9
-49.906254,9.457366,0,5CD23052-9069-615B-22B2-CB8E9A2413C9
-49.978176,9.189067,0,5CD23052-9069-615B-22B2-CB8E9A2413C9
-40.85671,8.41078,2,5CD23052-9069-615B-22B2-CB8E9A2413C9
-40.901863,8.326301,2,5CD23052-9069-615B-22B2-CB8E9A2413C9
-39.609615,8.800922,2,5CD23052-9069-615B-22B2-CB8E9A2413C9
-61.809025,-14.862022,2,5CD23052-9069-615B-22B2-CB8E9A2413C9
-16.774197,4.5470996,1,5CD23052-9069-615B-22B2-CB8E9A2413C9
-16.52697,4.3933797,1,5CD23052-9069-615B-22B2-CB8E9A2413C9
-37.093895,21.62459,2,5CD23052-9069-615B-22B2-CB8E9A2413C9
-37.301113,21.703217,2,5CD23052-9069-615B-22B2-CB8E9A2413C9
-38.37257,22.296799,2,5CD23052-9069-615B-22B2-CB8E9A2413C9
-53.72916,-7.448934,2,5CD23052-9069-615B-22B2-CB8E9A2413C9
-52.720882,-17.647402,0,5CD23052-9069-615B-22B2-CB8E9A2413C9
-74.07015,-15.165727,0,5CD23052-9069-615B-22B2-CB8E9A2413C9
21.022104,24.30817,2,5CD23052-9069-615B-22B2-CB8E9A2413C9
20.9756,24.263323,2,5CD23052-9069-615B-22B2-CB8E9A2413C9
-45.462673,-18.572166,2,5CD23052-9069-615B-22B2-CB8E9A2413C9
35.122463,21.840069,2,5E491E0A-C580-29BE-4329-ED7BFF843D0D
35.10511,21.748592,0,5E491E0A-C580-29BE-4329-ED7BFF843D0D
-25.02711,29.051716,0,5E491E0A-C580-29BE-4329-ED7BFF843D0D
-25.016882,29.036959,0,5E491E0A-C580-29BE-4329-ED7BFF843D0D
27.90464,43.159748,2,5E491E0A-C580-29BE-4329-ED7BFF843D0D
27.966045,43.189323,2,5E491E0A-C580-29BE-4329-ED7BFF843D0D
-61.41134,-39.41467,2,5E491E0A-C580-29BE-4329-ED7BFF843D0D
-61.429882,-39.410316,2,5E491E0A-C580-29BE-4329-ED7BFF843D0D
6.1268616,-50.280537,0,5E491E0A-C580-29BE-4329-ED7BFF843D0D
6.465486,-50.21121,0,5E491E0A-C580-29BE-4329-ED7BFF843D0D
6.8919196,-49.770382,0,5E491E0A-C580-29BE-4329-ED7BFF843D0D
7.7106586,-50.70608,0,5E491E0A-C580-29BE-4329-ED7BFF843D0D
-55.187157,2.0174437,0,5E491E0A-C580-29BE-4329-ED7BFF843D0D
-16.290981,-17.091248,0,5E491E0A-C580-29BE-4329-ED7BFF843D0D
-15.823825,-16.83386,0,5E491E0A-C580-29BE-4329-ED7BFF843D0D
6.1494637,1.7879466,0,5E491E0A-C580-29BE-4329-ED7BFF843D0D
6.4286222,1.999516,2,5E491E0A-C580-29BE-4329-ED7BFF843D0D
6.7983527,2.226624,2,5E491E0A-C580-29BE-4329-ED7BFF843D0D
-16.888157,45.94517,0,5F222604-CB86-1ABA-EB7B-31FF78B7BE93
41.843517,57.636845,0,5F222604-CB86-1ABA-EB7B-31FF78B7BE93
42.142204,57.702297,0,5F222604-CB86-1ABA-EB7B-31FF78B7BE93
42.66459,57.6997,2,5F222604-CB86-1ABA-EB7B-31FF78B7BE93
42.390133,58.270794,2,5F222604-CB86-1ABA-EB7B-31FF78B7BE93
42.23722,59.33778,2,5F222604-CB86-1ABA-EB7B-31FF78B7BE93
-33.364212,29.195004,2,5F222604-CB86-1ABA-EB7B-31FF78B7BE93
-33.397923,29.198553,2,5F222604-CB86-1ABA-EB7B-31FF78B7BE93
-32.49469,28.859726,2,5F222604-CB86-1ABA-EB7B-31FF78B7BE93
-31.508047,28.439892,2,5F222604-CB86-1ABA-EB7B-31FF78B7BE93
-31.13158,28.283068,2,5F222604-CB86-1ABA-EB7B-31FF78B7BE93
-30.511724,28.011076,2,5F222604-CB86-1ABA-EB7B-31FF78B7BE93
18.444803,-53.071396,2,5F222604-CB86-1ABA-EB7B-31FF78B7BE93
17.998379,-53.49212,2,5F222604-CB86-1ABA-EB7B-31FF78B7BE93
17.272934,-53.96885,2,5F222604-CB86-1ABA-EB7B-31FF78B7BE93
16.837524,-54.226967,2,5F222604-CB86-1ABA-EB7B-31FF78B7BE93
16.084341,-54.69232,2,5F222604-CB86-1ABA-EB7B-31FF78B7BE93
15.768385,-54.908936,2,5F222604-CB86-1ABA-EB7B-31FF78B7BE93
33.862785,5.034868,2,5F222604-CB86-1ABA-EB7B-31FF78B7BE93
34.01443,5.0392146,2,5F222604-CB86-1ABA-EB7B-31FF78B7BE93
34.67206,4.943139,2,5F222604-CB86-1ABA-EB7B-31FF78B7BE93
36.80358,4.222684,2,5F222604-CB86-1ABA-EB7B-31FF78B7BE93
36.996025,4.21908,2,5F222604-CB86-1ABA-EB7B-31FF78B7BE93
37.332184,4.2089114,2,5F222604-CB86-1ABA-EB7B-31FF78B7BE93
13.841034,19.458471,2,5F222604-CB86-1ABA-EB7B-31FF78B7BE93
-11.144976,9.7593565,2,5F222604-CB86-1ABA-EB7B-31FF78B7BE93
-11.706285,9.688158,2,5F222604-CB86-1ABA-EB7B-31FF78B7BE93
-12.135537,9.648774,2,5F222604-CB86-1ABA-EB7B-31FF78B7BE93
-17.555754,12.40549,2,5F222604-CB86-1ABA-EB7B-31FF78B7BE93
-17.515726,12.394265,2,5F222604-CB86-1ABA-EB7B-31FF78B7BE93
12.520176,-47.19351,2,623D68EC-1C36-4E39-4317-BE7B59F593D2
12.526147,-47.199505,2,623D68EC-1C36-4E39-4317-BE7B59F593D2
12.972579,-48.46865,2,623D68EC-1C36-4E39-4317-BE7B59F593D2
12.917247,-48.290882,2,623D68EC-1C36-4E39-4317-BE7B59F593D2
39.417088,-3.4100513,2,623D68EC-1C36-4E39-4317-BE7B59F593D2
39.460686,-3.2083938,2,623D68EC-1C36-4E39-4317-BE7B59F593D2
-63.364838,-9.249256,0,623D68EC-1C36-4E39-4317-BE7B59F593D2
-63.555927,-9.383608,0,623D68EC-1C36-4E39-4317-BE7B59F593D2
-22.522799,5.2284937,0,623D68EC-1C36-4E39-4317-BE7B59F593D2
-22.433773,4.8399405,0,623D68EC-1C36-4E39-4317-BE7B59F593D2
-21.65806,4.029875,0,623D68EC-1C36-4E39-4317-BE7B59F593D2
-21.308094,3.9273229,0,623D68EC-1C36-4E39-4317-BE7B59F593D2
-55.560257,-6.9652944,0,623D68EC-1C36-4E39-4317-BE7B59F593D2
-51.72689,-16.533428,0,623D68EC-1C36-4E39-4317-BE7B59F593D2
-51.519066,-16.492062,0,623D68EC-1C36-4E39-4317-BE7B59F593D2
8.036804,-24.038757,0,623D68EC-1C36-4E39-4317-BE7B59F593D2
8.121144,-23.89037,0,623D68EC-1C36-4E39-4317-BE7B59F593D2
9.048626,-22.549109,0,623D68EC-1C36-4E39-4317-BE7B59F593D2
-24.273712,-41.672478,0,623D68EC-1C36-4E39-4317-BE7B59F593D2
-24.041887,-41.795383,0,623D68EC-1C36-4E39-4317-BE7B59F593D2
-42.731426,-24.904081,0,623D68EC-1C36-4E39-4317-BE7B59F593D2
-43.301548,-24.771984,0,623D68EC-1C36-4E39-4317-BE7B59F593D2
-44.3028,-24.341091,0,623D68EC-1C36-4E39-4317-BE7B59F593D2
-44.58969,-24.168547,0,623D68EC-1C36-4E39-4317-BE7B59F593D2
52.322174,0.88502914,2,62A1F053-1EA8-7433-090E-89D450314F41
52.379517,0.29304832,2,62A1F053-1EA8-7433-090E-89D450314F41
52.375713,-0.36998686,2,62A1F053-1EA8-7433-090E-89D450314F41
52.34637,-1.2598207,2,62A1F053-1EA8-7433-090E-89D450314F41
52.227116,-2.15949,2,62A1F053-1EA8-7433-090E-89D450314F41
52.078884,-3.5496144,1,62A1F053-1EA8-7433-090E-89D450314F41
65.78108,3.4900973,2,62A1F053-1EA8-7433-090E-89D450314F41
66.18445,3.1813855,2,62A1F053-1EA8-7433-090E-89D450314F41
66.17984,3.2269235,2,62A1F053-1EA8-7433-090E-89D450314F41
51.098145,-32.72721,2,62A1F053-1EA8-7433-090E-89D450314F41
33.250614,17.372822,2,62A1F053-1EA8-7433-090E-89D450314F41
33.252876,17.38956,2,62A1F053-1EA8-7433-090E-89D450314F41
3.1627214,-2.2130237,2,62A1F053-1EA8-7433-090E-89D450314F41
4.005705,-1.3266741,1,62A1F053-1EA8-7433-090E-89D450314F41
4.1099315,-1.2456098,1,62A1F053-1EA8-7433-090E-89D450314F41
29.440119,72.941154,2,647C581E-E72F-0765-F94A-065909B99374
31.25975,72.96577,2,647C581E-E72F-0765-F94A-065909B99374
14.0352125,35.50414,2,647C581E-E72F-0765-F94A-065909B99374
13.2303295,35.617992,2,647C581E-E72F-0765-F94A-065909B99374
12.688249,35.681053,2,647C581E-E72F-0765-F94A-065909B99374
11.6244755,35.447464,2,647C581E-E72F-0765-F94A-065909B99374
-5.216548,43.58488,2,647C581E-E72F-0765-F94A-065909B99374
-5.2641377,43.809414,2,647C581E-E72F-0765-F94A-065909B99374
-5.8375597,43.98335,2,647C581E-E72F-0765-F94A-065909B99374
-4.176575,44.00236,2,647C581E-E72F-0765-F94A-065909B99374
56.260086,3.351649,2,647C581E-E72F-0765-F94A-065909B99374
56.272266,3.3449802,2,647C581E-E72F-0765-F94A-065909B99374
0.87443453,0.96268743,1,647C581E-E72F-0765-F94A-065909B99374
0.8828777,1.0108722,0,647C581E-E72F-0765-F94A-065909B99374
-14.406079,-33.287,0,647C581E-E72F-0765-F94A-065909B99374
-14.249622,-33.202187,0,647C581E-E72F-0765-F94A-065909B99374
-13.140074,-32.46985,0,647C581E-E72F-0765-F94A-065909B99374
-13.012111,-32.319515,0,647C581E-E72F-0765-F94A-065909B99374
48.88823,-36.478546,1,647C581E-E72F-0765-F94A-065909B99374
48.97778,-36.12677,1,647C581E-E72F-0765-F94A-065909B99374
49.567455,-35.068855,0,647C581E-E72F-0765-F94A-065909B99374
50.97607,-30.322891,0,647C581E-E72F-0765-F94A-065909B99374
49.19642,-41.806744,0,647C581E-E72F-0765-F94A-065909B99374
49.15951,-43.196632,0,647C581E-E72F-0765-F94A-065909B99374
29.84877,71.28154,2,66E9719B-D383-AA87-7FAB-D9B4ABE7011C
32.43505,72.1739,2,66E9719B-D383-AA87-7FAB-D9B4ABE7011C
32.88058,72.08446,2,66E9719B-D383-AA87-7FAB-D9B4ABE7011C
3.321592,45.308235,2,66E9719B-D383-AA87-7FAB-D9B4ABE7011C
3.9857814,45.043663,2,66E9719B-D383-AA87-7FAB-D9B4ABE7011C
4.3331437,44.886616,2,66E9719B-D383-AA87-7FAB-D9B4ABE7011C
22.083662,22.040369,0,66E9719B-D383-AA87-7FAB-D9B4ABE7011C
22.27095,21.955791,0,66E9719B-D383-AA87-7FAB-D9B4ABE7011C
23.863785,20.9661,0,66E9719B-D383-AA87-7FAB-D9B4ABE7011C
24.559723,20.566238,0,66E9719B-D383-AA87-7FAB-D9B4ABE7011C
25.253819,20.178102,2,66E9719B-D383-AA87-7FAB-D9B4ABE7011C
25.516724,20.068958,2,66E9719B-D383-AA87-7FAB-D9B4ABE7011C
47.76428,-32.50127,0,66E9719B-D383-AA87-7FAB-D9B4ABE7011C
48.445557,-32.31494,2,66E9719B-D383-AA87-7FAB-D9B4ABE7011C
48.96806,-32.177757,2,66E9719B-D383-AA87-7FAB-D9B4ABE7011C
49.769176,-32.17429,2,66E9719B-D383-AA87-7FAB-D9B4ABE7011C
-4.033567,-45.738483,2,66E9719B-D383-AA87-7FAB-D9B4ABE7011C
-34.772488,-8.754257,0,66E9719B-D383-AA87-7FAB-D9B4ABE7011C
9.068037,52.127144,2,68339CF4-6AFB-7EFB-40EA-238612F8E5A4
9.188645,52.440495,2,68339CF4-6AFB-7EFB-40EA-238612F8E5A4
10.942851,40.795,2,68339CF4-6AFB-7EFB-40EA-238612F8E5A4
11.040044,40.51021,2,68339CF4-6AFB-7EFB-40EA-238612F8E5A4
11.401825,39.72906,2,68339CF4-6AFB-7EFB-40EA-238612F8E5A4
11.547461,39.38287,2,68339CF4-6AFB-7EFB-40EA-238612F8E5A4
-4.349161,10.981605,0,68339CF4-6AFB-7EFB-40EA-238612F8E5A4
-4.369215,11.042453,0,68339CF4-6AFB-7EFB-40EA-238612F8E5A4
-4.2468834,11.960753,0,68339CF4-6AFB-7EFB-40EA-238612F8E5A4
-4.1957912,13.5405655,2,68339CF4-6AFB-7EFB-40EA-238612F8E5A4
-4.059517,14.1046915,2,68339CF4-6AFB-7EFB-40EA-238612F8E5A4
-3.731538,14.648819,2,68339CF4-6AFB-7EFB-40EA-238612F8E5A4
-3.2898495,15.02251,2,68339CF4-6AFB-7EFB-40EA-238612F8E5A4
61.157265,-40.034687,2,68339CF4-6AFB-7EFB-40EA-238612F8E5A4
60.661015,-40.481716,2,68339CF4-6AFB-7EFB-40EA-238612F8E5A4
60.45024,-40.65178,2,68339CF4-6AFB-7EFB-40EA-238612F8E5A4
60.23043,-41.33982,2,68339CF4-6AFB-7EFB-40EA-238612F8E5A4
-33.24567,-35.432037,0,68339CF4-6AFB-7EFB-40EA-238612F8E5A4
5.9434485,-5.036294,2,68339CF4-6AFB-7EFB-40EA-238612F8E5A4
6.3852425,-5.4062862,2,68339CF4-6AFB-7EFB-40EA-238612F8E5A4
7.1537356,-5.944402,0,68339CF4-6AFB-7EFB-40EA-238612F8E5A4
7.654172,-6.22929,0,68339CF4-6AFB-7EFB-40EA-238612F8E5A4
8.050464,-6.509001,0,68339CF4-6AFB-7EFB-40EA-238612F8E5A4
-0.45985386,-18.619925,0,68339CF4-6AFB-7EFB-40EA-238612F8E5A4
-27.907743,-26.764366,1,68339CF4-6AFB-7EFB-40EA-238612F8E5A4
-27.743017,-26.670809,1,68339CF4-6AFB-7EFB-40EA-238612F8E5A4
-26.670488,-25.846506,1,68339CF4-6AFB-7EFB-40EA-238612F8E5A4
-16.56403,-4.2179003,1,68339CF4-6AFB-7EFB-40EA-238612F8E5A4
-16.348656,-4.0250387,1,68339CF4-6AFB-7EFB-40EA-238612F8E5A4
-15.7742,-3.692322,1,68339CF4-6AFB-7EFB-40EA-238612F8E5A4
-16.511591,-10.127876,1,68339CF4-6AFB-7EFB-40EA-238612F8E5A4
10.253287,-28.138617,1,68339CF4-6AFB-7EFB-40EA-238612F8E5A4
10.241537,-28.13572,1,68339CF4-6AFB-7EFB-40EA-238612F8E5A4
20.026838,-28.22129,1,6B1E25A6-882B-DDD7-CE4F-4EC17A0906CF
20.944008,-28.214914,1,6B1E25A6-882B-DDD7-CE4F-4EC17A0906CF
21.196146,-28.19918,1,6B1E25A6-882B-DDD7-CE4F-4EC17A0906CF
49.43507,-18.888002,1,6B1E25A6-882B-DDD7-CE4F-4EC17A0906CF
43.18149,-23.767467,1,6B1E25A6-882B-DDD7-CE4F-4EC17A0906CF
42.912395,-23.35882,1,6B1E25A6-882B-DDD7-CE4F-4EC17A0906CF
-54.053917,-30.13946,0,6B1E25A6-882B-DDD7-CE4F-4EC17A0906CF
-53.41317,-30.645187,0,6B1E25A6-882B-DDD7-CE4F-4EC17A0906CF
-53.34233,-30.61958,0,6B1E25A6-882B-DDD7-CE4F-4EC17A0906CF
30.070475,-36.519836,0,6B1E25A6-882B-DDD7-CE4F-4EC17A0906CF
30.432255,-37.41736,0,6B1E25A6-882B-DDD7-CE4F-4EC17A0906CF
30.517153,-37.96499,0,6B1E25A6-882B-DDD7-CE4F-4EC17A0906CF
-51.18764,-1.8314351,0,6B1E25A6-882B-DDD7-CE4F-4EC17A0906CF
-50.726727,-2.3898432,0,6B1E25A6-882B-DDD7-CE4F-4EC17A0906CF
-50.404324,-2.7955627,0,6B1E25A6-882B-DDD7-CE4F-4EC17A0906CF
-9.679859,-13.472468,0,6B1E25A6-882B-DDD7-CE4F-4EC17A0906CF
-9.645809,-13.369159,0,6B1E25A6-882B-DDD7-CE4F-4EC17A0906CF
-49.01152,-5.2558947,0,6B1E25A6-882B-DDD7-CE4F-4EC17A0906CF
61.680172,-16.424643,2,6B690AF9-8440-1C43-B353-FA85266AA12C
62.847332,-16.534052,2,6B690AF9-8440-1C43-B353-FA85266AA12C
63.33989,-16.908504,2,6B690AF9-8440-1C43-B353-FA85266AA12C
63.50882,-17.191444,2,6B690AF9-8440-1C43-B353-FA85266AA12C
-8.738683,-54.39917,2,6B690AF9-8440-1C43-B353-FA85266AA12C
-8.790835,-54.34539,2,6B690AF9-8440-1C43-B353-FA85266AA12C
0.8173504,-34.11395,1,6B690AF9-8440-1C43-B353-FA85266AA12C
0.6411078,-33.98625,1,6B690AF9-8440-1C43-B353-FA85266AA12C
-0.035534218,-33.498566,1,6B690AF9-8440-1C43-B353-FA85266AA12C
40.099022,-31.871384,1,6B690AF9-8440-1C43-B353-FA85266AA12C
40.78423,-32.241657,1,6B690AF9-8440-1C43-B353-FA85266AA12C
40.969048,-32.46097,1,6B690AF9-8440-1C43-B353-FA85266AA12C
-25.52985,-9.402592,1,6B690AF9-8440-1C43-B353-FA85266AA12C
-25.671019,-9.584835,1,6B690AF9-8440-1C43-B353-FA85266AA12C
-25.825853,-10.587961,1,6B690AF9-8440-1C43-B353-FA85266AA12C
-25.803762,-10.937438,1,6B690AF9-8440-1C43-B353-FA85266AA12C
-25.922956,-11.728156,1,6B690AF9-8440-1C43-B353-FA85266AA12C
-25.962975,-12.292971,1,6B690AF9-8440-1C43-B353-FA85266AA12C
26.420029,40.345036,0,6C9454F6-2AA4-4C25-0387-C6CA7AFC4C13
26.207754,40.767292,0,6C9454F6-2AA4-4C25-0387-C6CA7AFC4C13
25.563444,41.02858,2,6C9454F6-2AA4-4C25-0387-C6CA7AFC4C13
25.864996,41.716152,2,6C9454F6-2AA4-4C25-0387-C6CA7AFC4C13
24.450928,41.42199,2,6C9454F6-2AA4-4C25-0387-C6CA7AFC4C13
-12.180527,28.745342,2,6C9454F6-2AA4-4C25-0387-C6CA7AFC4C13
-11.497633,28.618547,0,6C9454F6-2AA4-4C25-0387-C6CA7AFC4C13
-10.771841,28.551474,2,6C9454F6-2AA4-4C25-0387-C6CA7AFC4C13
35.73238,41.34621,2,6C9454F6-2AA4-4C25-0387-C6CA7AFC4C13
36.156956,41.413246,2,6C9454F6-2AA4-4C25-0387-C6CA7AFC4C13
37.122047,41.874195,2,6C9454F6-2AA4-4C25-0387-C6CA7AFC4C13
-56.59619,9.303523,0,6C9454F6-2AA4-4C25-0387-C6CA7AFC4C13
-35.743652,10.512812,0,6C9454F6-2AA4-4C25-0387-C6CA7AFC4C13
-63.13072,-16.676876,0,6C9454F6-2AA4-4C25-0387-C6CA7AFC4C13
-71.27006,7.338811,0,6C9454F6-2AA4-4C25-0387-C6CA7AFC4C13
-71.22253,7.2777348,2,6C9454F6-2AA4-4C25-0387-C6CA7AFC4C13
-77.29294,-12.461946,2,6C9454F6-2AA4-4C25-0387-C6CA7AFC4C13
-75.45921,-13.35304,2,6C9454F6-2AA4-4C25-0387-C6CA7AFC4C13
-14.904507,-7.225455,0,6C9454F6-2AA4-4C25-0387-C6CA7AFC4C13
-14.901541,-7.3496,0,6C9454F6-2AA4-4C25-0387-C6CA7AFC4C13
-15.031217,-7.7042537,0,6C9454F6-2AA4-4C25-0387-C6CA7AFC4C13
10.2805395,-42.69607,0,6C9454F6-2AA4-4C25-0387-C6CA7AFC4C13
10.323255,-42.7139,2,6C9454F6-2AA4-4C25-0387-C6CA7AFC4C13
63.60286,-28.424006,2,6C9454F6-2AA4-4C25-0387-C6CA7AFC4C13
-77.17028,-21.768984,0,6C9454F6-2AA4-4C25-0387-C6CA7AFC4C13
-30.955276,-7.854718,0,6C9454F6-2AA4-4C25-0387-C6CA7AFC4C13
-22.444155,1.0120173,2,6C9454F6-2AA4-4C25-0387-C6CA7AFC4C13
-22.335234,0.99440575,2,6C9454F6-2AA4-4C25-0387-C6CA7AFC4C13
-39.507935,-16.45233,0,6C9454F6-2AA4-4C25-0387-C6CA7AFC4C13
-39.51578,-16.480167,0,6C9454F6-2AA4-4C25-0387-C6CA7AFC4C13
-3.1770053,-10.464766,2,6C9454F6-2AA4-4C25-0387-C6CA7AFC4C13
-4.8353076,-9.014124,2,6C9454F6-2AA4-4C25-0387-C6CA7AFC4C13
-4.9581156,-9.06846,2,6C9454F6-2AA4-4C25-0387-C6CA7AFC4C13
13.975583,70.01839,2,6E42D32E-048C-D829-197E-7950E78F58CB
13.284966,69.93534,2,6E42D32E-048C-D829-197E-7950E78F58CB
12.686887,69.900955,2,6E42D32E-048C-D829-197E-7950E78F58CB
12.258335,70.308464,2,6E42D32E-048C-D829-197E-7950E78F58CB
11.022803,70.439926,2,6E42D32E-048C-D829-197E-7950E78F58CB
10.914313,70.44822,2,6E42D32E-048C-D829-197E-7950E78F58CB
43.477417,17.30154,0,6E42D32E-048C-D829-197E-7950E78F58CB
43.60489,17.28436,0,6E42D32E-048C-D829-197E-7950E78F58CB
28.335693,48.64806,0,6E42D32E-048C-D829-197E-7950E78F58CB
28.285347,48.353992,0,6E42D32E-048C-D829-197E-7950E78F58CB
26.927742,46.773525,1,6E42D32E-048C-D829-197E-7950E78F58CB
26.48709,46.46692,1,6E42D32E-048C-D829-197E-7950E78F58CB
25.624971,45.935867,1,6E42D32E-048C-D829-197E-7950E78F58CB
25.46857,45.851265,1,6E42D32E-048C-D829-197E-7950E78F58CB
6.6887956,8.342378,0,6E42D32E-048C-D829-197E-7950E78F58CB
-45.41825,7.1395636,0,6E42D32E-048C-D829-197E-7950E78F58CB
-45.88803,7.0417495,0,6E42D32E-048C-D829-197E-7950E78F58CB
-46.56819,7.3865857,0,6E42D32E-048C-D829-197E-7950E78F58CB
-1.6644311,-13.01073,1,6E42D32E-048C-D829-197E-7950E78F58CB
-2.4952288,-12.790914,1,6E42D32E-048C-D829-197E-7950E78F58CB
-2.7314682,-12.5941925,1,6E42D32E-048C-D829-197E-7950E78F58CB
-4.5899224,-11.972341,1,6E42D32E-048C-D829-197E-7950E78F58CB
-4.8084416,-11.980554,1,6E42D32E-048C-D829-197E-7950E78F58CB
-5.5352316,-12.308343,1,6E42D32E-048C-D829-197E-7950E78F58CB
-65.941025,-26.737339,0,6E42D32E-048C-D829-197E-7950E78F58CB
-66.33565,-26.253866,0,6E42D32E-048C-D829-197E-7950E78F58CB
-66.739876,-26.309359,0,6E42D32E-048C-D829-197E-7950E78F58CB
-67.2652,-26.96108,0,6E42D32E-048C-D829-197E-7950E78F58CB
5.341754,-35.73522,1,6E42D32E-048C-D829-197E-7950E78F58CB
5.34544,-35.70597,1,6E42D32E-048C-D829-197E-7950E78F58CB
-18.48109,31.747198,0,70432028-81AF-D67A-251E-D2F807AB93CF
-17.586061,32.046665,0,70432028-81AF-D67A-251E-D2F807AB93CF
-17.00505,32.161713,2,70432028-81AF-D67A-251E-D2F807AB93CF
0.2914235,28.940186,2,70432028-81AF-D67A-251E-D2F807AB93CF
1.0629642,28.293217,2,70432028-81AF-D67A-251E-D2F807AB93CF
1.2525297,28.159544,2,70432028-81AF-D67A-251E-D2F807AB93CF
2.1426387,27.554493,2,70432028-81AF-D67A-251E-D2F807AB93CF
3.1298833,27.332333,2,70432028-81AF-D67A-251E-D2F807AB93CF
3.547024,27.442413,2,70432028-81AF-D67A-251E-D2F807AB93CF
5.013042,28.065483,2,70432028-81AF-D67A-251E-D2F807AB93CF
5.2067685,28.374075,2,70432028-81AF-D67A-251E-D2F807AB93CF
5.3192897,28.437197,2,70432028-81AF-D67A-251E-D2F807AB93CF
-40.151344,-19.540768,0,70432028-81AF-D67A-251E-D2F807AB93CF
-39.87402,-19.567884,0,70432028-81AF-D67A-251E-D2F807AB93CF
-4.9199347,-1.8956906,0,70432028-81AF-D67A-251E-D2F807AB93CF
-4.688672,-1.8276168,0,70432028-81AF-D67A-251E-D2F807AB93CF
-3.8020594,-1.8320777,0,70432028-81AF-D67A-251E-D2F807AB93CF
-3.697991,-1.854891,0,70432028-81AF-D67A-251E-D2F807AB93CF
-20.037785,-47.039944,1,718078D1-70DB-2916-366D-1119A22DCD7F
-19.98889,-47.090332,2,718078D1-70DB-2916-366D-1119A22DCD7F
-46.872917,-3.8234336,2,718078D1-70DB-2916-366D-1119A22DCD7F
-2.8997447,-41.55582,2,718078D1-70DB-2916-366D-1119A22DCD7F
-2.8999999,-41.33603,2,718078D1-70DB-2916-366D-1119A22DCD7F
-2.8946116,-40.750553,2,718078D1-70DB-2916-366D-1119A22DCD7F
36.862865,-39.44862,2,718078D1-70DB-2916-366D-1119A22DCD7F
-52.28919,-26.532896,1,718078D1-70DB-2916-366D-1119A22DCD7F
-52.55177,-26.34797,0,718078D1-70DB-2916-366D-1119A22DCD7F
-53.394733,-25.804962,0,718078D1-70DB-2916-366D-1119A22DCD7F
-61.763515,-16.894133,0,718078D1-70DB-2916-366D-1119A22DCD7F
-61.64315,-16.910736,0,718078D1-70DB-2916-366D-1119A22DCD7F
-13.092333,-12.921229,1,718078D1-70DB-2916-366D-1119A22DCD7F
-13.078091,-12.960927,1,718078D1-70DB-2916-366D-1119A22DCD7F
-44.18845,-13.395743,1,718078D1-70DB-2916-366D-1119A22DCD7F
-43.854725,-12.943494,1,718078D1-70DB-2916-366D-1119A22DCD7F
-44.68711,-12.643006,2,718078D1-70DB-2916-366D-1119A22DCD7F
-45.138363,-12.221191,2,718078D1-70DB-2916-366D-1119A22DCD7F
-45.86562,-10.523797,2,718078D1-70DB-2916-366D-1119A22DCD7F
-47.027256,-10.634914,2,718078D1-70DB-2916-366D-1119A22DCD7F
-46.929897,-10.608373,2,718078D1-70DB-2916-366D-1119A22DCD7F
-12.842183,-51.45983,2,718078D1-70DB-2916-366D-1119A22DCD7F
-13.788556,-51.700504,2,718078D1-70DB-2916-366D-1119A22DCD7F
-14.046256,-51.684044,2,718078D1-70DB-2916-366D-1119A22DCD7F
-56.29383,-17.98786,1,718078D1-70DB-2916-366D-1119A22DCD7F
-56.605362,-17.573084,1,718078D1-70DB-2916-366D-1119A22DCD7F
-57.222797,-17.036036,1,718078D1-70DB-2916-366D-1119A22DCD7F
-42.026264,-21.791252,1,718078D1-70DB-2916-366D-1119A22DCD7F
-6.9219613,-19.38716,1,718078D1-70DB-2916-366D-1119A22DCD7F
32.214165,-2.223617,2,718078D1-70DB-2916-366D-1119A22DCD7F
33.56352,66.82735,2,72B642AD-2D4A-574F-05EC-EC93C0C52335
33.512543,66.85375,2,72B642AD-2D4A-574F-05EC-EC93C0C52335
16.04197,66.424515,2,72B642AD-2D4A-574F-05EC-EC93C0C52335
-15.213098,43.58959,2,72B642AD-2D4A-574F-05EC-EC93C0C52335
-15.763611,44.741257,2,72B642AD-2D4A-574F-05EC-EC93C0C52335
-15.879527,44.858276,2,72B642AD-2D4A-574F-05EC-EC93C0C52335
47.075687,4.0833955,2,72B642AD-2D4A-574F-05EC-EC93C0C52335
46.35943,3.73403,2,72B642AD-2D4A-574F-05EC-EC93C0C52335
45.773376,3.6726723,2,72B642AD-2D4A-574F-05EC-EC93C0C52335
45.556705,3.6115067,2,72B642AD-2D4A-574F-05EC-EC93C0C52335
44.89628,1.9346147,1,72B642AD-2D4A-574F-05EC-EC93C0C52335
44.841705,1.7629459,1,72B642AD-2D4A-574F-05EC-EC93C0C52335
-2.336638,7.782087,1,72B642AD-2D4A-574F-05EC-EC93C0C52335
-1.9878577,7.493846,2,72B642AD-2D4A-574F-05EC-EC93C0C52335
-1.9801306,6.5397677,2,72B642AD-2D4A-574F-05EC-EC93C0C52335
-1.7264911,5.413984,2,72B642AD-2D4A-574F-05EC-EC93C0C52335
-1.6980217,4.9307804,2,72B642AD-2D4A-574F-05EC-EC93C0C52335
-14.525441,-49.16181,2,72B642AD-2D4A-574F-05EC-EC93C0C52335
-10.867358,-10.511793,2,72B642AD-2D4A-574F-05EC-EC93C0C52335
-10.544567,-10.815263,2,72B642AD-2D4A-574F-05EC-EC93C0C52335
19.299559,-15.921701,2,72B642AD-2D4A-574F-05EC-EC93C0C52335
19.406593,-15.919857,2,72B642AD-2D4A-574F-05EC-EC93C0C52335
-1.794207,-26.931826,2,72B642AD-2D4A-574F-05EC-EC93C0C52335
-1.8559698,-27.125473,2,72B642AD-2D4A-574F-05EC-EC93C0C52335
39.838413,44.496174,2,72B642AD-2D4A-574F-05EC-EC93C0C52335
-32.871624,-5.757373,2,72B642AD-2D4A-574F-05EC-EC93C0C52335
-33.3174,-6.1329975,2,72B642AD-2D4A-574F-05EC-EC93C0C52335
-33.535763,-6.285156,2,72B642AD-2D4A-574F-05EC-EC93C0C52335
43.599648,53.945198,2,72B642AD-2D4A-574F-05EC-EC93C0C52335
43.605118,53.969078,2,72B642AD-2D4A-574F-05EC-EC93C0C52335
-21.16635,23.411407,0,7417E7AB-C723-0958-F8EE-DDA4DED65165
-21.207655,24.462772,0,7417E7AB-C723-0958-F8EE-DDA4DED65165
-21.97484,25.47843,0,7417E7AB-C723-0958-F8EE-DDA4DED65165
-22.023996,25.584206,0,7417E7AB-C723-0958-F8EE-DDA4DED65165
-22.574614,25.985367,0,7417E7AB-C723-0958-F8EE-DDA4DED65165
-59.341022,1.0834017,0,7417E7AB-C723-0958-F8EE-DDA4DED65165
60.646915,-19.72701,2,7417E7AB-C723-0958-F8EE-DDA4DED65165
60.808376,-19.873276,2,7417E7AB-C723-0958-F8EE-DDA4DED65165
61.539684,-20.484129,2,7417E7AB-C723-0958-F8EE-DDA4DED65165
-75.318016,-29.394247,2,7417E7AB-C723-0958-F8EE-DDA4DED65165
-75.23813,-29.165766,0,7417E7AB-C723-0958-F8EE-DDA4DED65165
-75.106026,-28.705269,0,7417E7AB-C723-0958-F8EE-DDA4DED65165
-0.66267353,56.79589,2,761D024F-3C62-5326-601A-88D436C7726A
-1.8296752,56.94878,2,761D024F-3C62-5326-601A-88D436C7726A
-2.4652843,56.828777,2,761D024F-3C62-5326-601A-88D436C7726A
-67.83123,16.10537,2,761D024F-3C62-5326-601A-88D436C7726A
-4.8737383,55.64833,2,761D024F-3C62-5326-601A-88D436C7726A
-4.936662,55.604034,2,761D024F-3C62-5326-601A-88D436C7726A
2.7565775,31.747833,0,761D024F-3C62-5326-601A-88D436C7726A
2.8857853,31.762325,0,761D024F-3C62-5326-601A-88D436C7726A
18.777195,42.648006,0,761D024F-3C62-5326-601A-88D436C7726A
19.58636,43.233284,0,761D024F-3C62-5326-601A-88D436C7726A
19.759108,43.34867,0,761D024F-3C62-5326-601A-88D436C7726A
-42.408447,-12.907691,0,761D024F-3C62-5326-601A-88D436C7726A
73.07826,-26.52646,2,761D024F-3C62-5326-601A-88D436C7726A
73.15784,-26.90073,2,761D024F-3C62-5326-601A-88D436C7726A
73.25457,-27.175783,2,761D024F-3C62-5326-601A-88D436C7726A
0.53214157,-50.88351,2,761D024F-3C62-5326-601A-88D436C7726A
-0.14628358,-50.50144,2,761D024F-3C62-5326-601A-88D436C7726A
-0.28029895,-50.41907,2,761D024F-3C62-5326-601A-88D436C7726A
40.625908,53.5801,2,761D024F-3C62-5326-601A-88D436C7726A
24.754622,32.43095,2,761D024F-3C62-5326-601A-88D436C7726A
24.758982,32.360657,1,761D024F-3C62-5326-601A-88D436C7726A
17.768654,12.2008915,1,761D024F-3C62-5326-601A-88D436C7726A
17.548897,12.015971,1,761D024F-3C62-5326-601A-88D436C7726A
17.396036,11.893707,1,761D024F-3C62-5326-601A-88D436C7726A
10.321528,26.832544,0,761D024F-3C62-5326-601A-88D436C7726A
-74.8875,3.7857924,0,761D024F-3C62-5326-601A-88D436C7726A
-74.79471,3.5320215,0,761D024F-3C62-5326-601A-88D436C7726A
-73.738304,1.8207003,0,761D024F-3C62-5326-601A-88D436C7726A
-73.524605,1.6991575,0,761D024F-3C62-5326-601A-88D436C7726A
-72.89839,1.4510258,0,761D024F-3C62-5326-601A-88D436C7726A
-1.7028855,33.84295,2,772BA0E9-AC30-CEA6-AA1B-18A0300702AA
-7.266701,35.951065,2,772BA0E9-AC30-CEA6-AA1B-18A0300702AA
-7.4528117,36.13192,2,772BA0E9-AC30-CEA6-AA1B-18A0300702AA
-8.275999,37.153934,2,772BA0E9-AC30-CEA6-AA1B-18A0300702AA
-8.456683,37.423954,2,772BA0E9-AC30-CEA6-AA1B-18A0300702AA
30.018873,38.342083,2,772BA0E9-AC30-CEA6-AA1B-18A0300702AA
16.222189,6.9456596,2,772BA0E9-AC30-CEA6-AA1B-18A0300702AA
15.821971,6.154706,2,772BA0E9-AC30-CEA6-AA1B-18A0300702AA
15.5906725,5.821317,2,772BA0E9-AC30-CEA6-AA1B-18A0300702AA
14.78058,4.813679,0,772BA0E9-AC30-CEA6-AA1B-18A0300702AA
14.440107,4.382466,0,772BA0E9-AC30-CEA6-AA1B-18A0300702AA
14.073734,4.000458,0,772BA0E9-AC30-CEA6-AA1B-18A0300702AA
-0.17199822,-19.739044,1,772BA0E9-AC30-CEA6-AA1B-18A0300702AA
-44.383408,20.314806,1,772BA0E9-AC30-CEA6-AA1B-18A0300702AA
-44.528885,19.681807,1,772BA0E9-AC30-CEA6-AA1B-18A0300702AA
-44.572025,19.031069,1,772BA0E9-AC30-CEA6-AA1B-18A0300702AA
-45.204315,18.23947,1,772BA0E9-AC30-CEA6-AA1B-18A0300702AA
-45.480804,17.803936,1,772BA0E9-AC30-CEA6-AA1B-18A0300702AA
-38.736847,-6.6658955,1,772BA0E9-AC30-CEA6-AA1B-18A0300702AA
-38.18585,-6.777467,1,772BA0E9-AC30-CEA6-AA1B-18A0300702AA
-39.088684,-7.029453,1,772BA0E9-AC30-CEA6-AA1B-18A0300702AA
20.432035,-7.3517456,1,772BA0E9-AC30-CEA6-AA1B-18A0300702AA
20.418552,-7.3735003,1,772BA0E9-AC30-CEA6-AA1B-18A0300702AA
43.829395,-49.125984,1,772BA0E9-AC30-CEA6-AA1B-18A0300702AA
67.76211,-10.889876,2,77F6B31E-B228-3C6D-A66F-E7E6FDED3587
67.68511,-11.017076,2,77F6B31E-B228-3C6D-A66F-E7E6FDED3587
67.02675,-12.191535,2,77F6B31E-B228-3C6D-A66F-E7E6FDED3587
66.561516,-12.724078,2,77F6B31E-B228-3C6D-A66F-E7E6FDED3587
66.41404,-13.396224,2,77F6B31E-B228-3C6D-A66F-E7E6FDED3587
67.07268,-14.755187,2,77F6B31E-B228-3C6D-A66F-E7E6FDED3587
33.547478,-46.4596,2,77F6B31E-B228-3C6D-A66F-E7E6FDED3587
-69.34399,-35.727936,2,77F6B31E-B228-3C6D-A66F-E7E6FDED3587
-69.34324,-35.678436,2,77F6B31E-B228-3C6D-A66F-E7E6FDED3587
-67.6204,-36.829487,2,77F6B31E-B228-3C6D-A66F-E7E6FDED3587
-67.42057,-36.957264,2,77F6B31E-B228-3C6D-A66F-E7E6FDED3587
-27.233593,14.371609,2,77F6B31E-B228-3C6D-A66F-E7E6FDED3587
-27.999634,15.093913,2,77F6B31E-B228-3C6D-A66F-E7E6FDED3587
-27.934954,15.092113,2,77F6B31E-B228-3C6D-A66F-E7E6FDED3587
-28.413113,15.41736,2,77F6B31E-B228-3C6D-A66F-E7E6FDED3587
-50.71039,6.020462,2,77F6B31E-B228-3C6D-A66F-E7E6FDED3587
-14.715799,24.631218,2,77F6B31E-B228-3C6D-A66F-E7E6FDED3587
-14.4165745,24.47927,2,77F6B31E-B228-3C6D-A66F-E7E6FDED3587
47.63393,-49.428658,1,77F6B31E-B228-3C6D-A66F-E7E6FDED3587
47.90162,-49.94183,1,77F6B31E-B228-3C6D-A66F-E7E6FDED3587
48.778,-50.292877,1,77F6B31E-B228-3C6D-A66F-E7E6FDED3587
27.807375,-7.7803984,1,77F6B31E-B228-3C6D-A66F-E7E6FDED3587
27.430275,-7.361313,1,77F6B31E-B228-3C6D-A66F-E7E6FDED3587
-33.358578,-22.187065,1,77F6B31E-B228-3C6D-A66F-E7E6FDED3587
37.70108,60.40798,2,7B8B31F4-FFC3-7A4E-3EAF-78D5CA8ACB61
37.710335,60.333107,2,7B8B31F4-FFC3-7A4E-3EAF-78D5CA8ACB61
38.05206,59.54592,2,7B8B31F4-FFC3-7A4E-3EAF-78D5CA8ACB61
38.251022,58.76673,2,7B8B31F4-FFC3-7A4E-3EAF-78D5CA8ACB61
38.600502,57.792496,2,7B8B31F4-FFC3-7A4E-3EAF-78D5CA8ACB61
38.872078,57.2591,2,7B8B31F4-FFC3-7A4E-3EAF-78D5CA8ACB61
-57.770123,-3.4107952,0,7B8B31F4-FFC3-7A4E-3EAF-78D5CA8ACB61
-58.39566,-2.0868433,0,7B8B31F4-FFC3-7A4E-3EAF-78D5CA8ACB61
-57.85971,-1.905609,0,7B8B31F4-FFC3-7A4E-3EAF-78D5CA8ACB61
-57.690166,-1.7435817,0,7B8B31F4-FFC3-7A4E-3EAF-78D5CA8ACB61
-55.80191,-2.4204953,0,7B8B31F4-FFC3-7A4E-3EAF-78D5CA8ACB61
-55.691803,-2.5698886,0,7B8B31F4-FFC3-7A4E-3EAF-78D5CA8ACB61
7.721587,55.151276,2,7DC9729F-BA27-3831-6078-F8508766396A
24.448675,60.553272,2,7DC9729F-BA27-3831-6078-F8508766396A
26.58625,60.719826,2,7DC9729F-BA27-3831-6078-F8508766396A
26.85289,60.744076,2,7DC9729F-BA27-3831-6078-F8508766396A
25.978249,59.92189,2,7DC9729F-BA27-3831-6078-F8508766396A
26.082512,59.82455,2,7DC9729F-BA27-3831-6078-F8508766396A
10.391175,14.851485,2,7DC9729F-BA27-3831-6078-F8508766396A
9.974795,14.515225,2,7DC9729F-BA27-3831-6078-F8508766396A
9.807296,14.389508,2,7DC9729F-BA27-3831-6078-F8508766396A
8.566817,-13.87519,2,7DC9729F-BA27-3831-6078-F8508766396A
8.925971,-14.7283535,2,7DC9729F-BA27-3831-6078-F8508766396A
9.490439,-15.000594,2,7DC9729F-BA27-3831-6078-F8508766396A
-53.601433,17.274157,2,7DC9729F-BA27-3831-6078-F8508766396A
-75.335335,-6.529083,0,7DC9729F-BA27-3831-6078-F8508766396A
-75.39074,-7.2317185,0,7DC9729F-BA27-3831-6078-F8508766396A
-75.29138,-8.019377,0,7DC9729F-BA27-3831-6078-F8508766396A
-75.22507,-8.382706,0,7DC9729F-BA27-3831-6078-F8508766396A
-75.237724,-8.866724,0,7DC9729F-BA27-3831-6078-F8508766396A
31.185843,-28.489626,2,7DC9729F-BA27-3831-6078-F8508766396A
31.515514,-28.366661,2,7DC9729F-BA27-3831-6078-F8508766396A
-41.167942,-14.688879,2,7DC9729F-BA27-3831-6078-F8508766396A
32.781296,-27.13647,2,7DC9729F-BA27-3831-6078-F8508766396A
33.71182,-26.232292,2,7DC9729F-BA27-3831-6078-F8508766396A
33.798695,-26.254547,2,7DC9729F-BA27-3831-6078-F8508766396A
-31.720812,-38.27392,2,7DC9729F-BA27-3831-6078-F8508766396A
-66.30009,-23.486725,2,7DC9729F-BA27-3831-6078-F8508766396A
-37.038418,9.420159,2,7DC9729F-BA27-3831-6078-F8508766396A
-15.588412,7.3834763,2,7DC9729F-BA27-3831-6078-F8508766396A
-15.230974,7.467205,2,7DC9729F-BA27-3831-6078-F8508766396A
-14.940305,7.5802693,2,7DC9729F-BA27-3831-6078-F8508766396A
34.02227,48.03299,2,7DC9729F-BA27-3831-6078-F8508766396A
33.911163,48.61777,2,7DC9729F-BA27-3831-6078-F8508766396A
33.737446,49.833252,2,7DC9729F-BA27-3831-6078-F8508766396A
32.678467,50.265137,2,7DC9729F-BA27-3831-6078-F8508766396A
33.02718,50.29917,2,7DC9729F-BA27-3831-6078-F8508766396A
34.37639,50.9509,2,7DC9729F-BA27-3831-6078-F8508766396A
-75.85329,-15.735628,2,7DC9729F-BA27-3831-6078-F8508766396A
-75.47428,-15.249711,2,7DC9729F-BA27-3831-6078-F8508766396A
-69.715034,-18.22361,2,7DC9729F-BA27-3831-6078-F8508766396A
46.449482,-45.086617,0,7FB7C50A-30EA-A991-0C04-7FFA681B8803
45.82962,-40.850147,2,7FB7C50A-30EA-A991-0C04-7FFA681B8803
45.70688,-41.417435,2,7FB7C50A-30EA-A991-0C04-7FFA681B8803
45.360023,-42.0569,2,7FB7C50A-30EA-A991-0C04-7FFA681B8803
44.447044,-42.325184,2,7FB7C50A-30EA-A991-0C04-7FFA681B8803
-74.52813,-24.600975,2,7FB7C50A-30EA-A991-0C04-7FFA681B8803
-41.815826,26.380371,2,7FB7C50A-30EA-A991-0C04-7FFA681B8803
-41.722214,26.006083,2,7FB7C50A-30EA-A991-0C04-7FFA681B8803
-41.57239,25.386417,2,7FB7C50A-30EA-A991-0C04-7FFA681B8803
-39.71665,24.81348,2,7FB7C50A-30EA-A991-0C04-7FFA681B8803
-66.10746,1.8850458,2,7FB7C50A-30EA-A991-0C04-7FFA681B8803
-65.8706,1.0136443,0,7FB7C50A-30EA-A991-0C04-7FFA681B8803
-65.9647,0.17800772,0,7FB7C50A-30EA-A991-0C04-7FFA681B8803
-66.5924,-1.0664866,0,7FB7C50A-30EA-A991-0C04-7FFA681B8803
-66.25497,-2.231897,0,7FB7C50A-30EA-A991-0C04-7FFA681B8803
-66.46576,-2.1030138,0,7FB7C50A-30EA-A991-0C04-7FFA681B8803
-57.731823,-33.639862,0,7FB7C50A-30EA-A991-0C04-7FFA681B8803
-57.664135,-33.73162,0,7FB7C50A-30EA-A991-0C04-7FFA681B8803
46.12729,8.364548,0,8322EDEF-4C09-318A-1B7E-56D62A6839AD
-20.163006,-50.77934,0,8322EDEF-4C09-318A-1B7E-56D62A6839AD
-20.6849,-50.884174,0,8322EDEF-4C09-318A-1B7E-56D62A6839AD
-21.038624,-50.7672,0,8322EDEF-4C09-318A-1B7E-56D62A6839AD
-20.348476,-50.217663,2,8322EDEF-4C09-318A-1B7E-56D62A6839AD
38.95235,0.29048693,2,8322EDEF-4C09-318A-1B7E-56D62A6839AD
48.109734,-46.98972,1,8322EDEF-4C09-318A-1B7E-56D62A6839AD
33.774197,-24.636461,1,8322EDEF-4C09-318A-1B7E-56D62A6839AD
16.357082,7.995663,1,8322EDEF-4C09-318A-1B7E-56D62A6839AD
-29.22618,-13.748388,1,8322EDEF-4C09-318A-1B7E-56D62A6839AD
-28.710196,-14.117549,1,8322EDEF-4C09-318A-1B7E-56D62A6839AD
-28.82017,-14.040376,1,8322EDEF-4C09-318A-1B7E-56D62A6839AD
27.094118,18.689104,2,8322EDEF-4C09-318A-1B7E-56D62A6839AD
28.125134,17.598747,2,8322EDEF-4C09-318A-1B7E-56D62A6839AD
28.257233,17.46649,0,8322EDEF-4C09-318A-1B7E-56D62A6839AD
16.539547,-20.924627,0,8322EDEF-4C09-318A-1B7E-56D62A6839AD
16.596094,-20.981215,0,8322EDEF-4C09-318A-1B7E-56D62A6839AD
16.155653,-20.97066,2,8322EDEF-4C09-318A-1B7E-56D62A6839AD
9.979724,-10.22771,2,8407F9C4-C295-8C95-C281-584AF2118F84
10.372776,-10.766389,2,8407F9C4-C295-8C95-C281-584AF2118F84
10.731555,-11.353808,2,8407F9C4-C295-8C95-C281-584AF2118F84
10.832211,-11.708345,2,8407F9C4-C295-8C95-C281-584AF2118F84
-3.9568024,-26.956911,2,8407F9C4-C295-8C95-C281-584AF2118F84
14.3742285,-32.176884,2,8407F9C4-C295-8C95-C281-584AF2118F84
-29.4615,-32.563194,0,8407F9C4-C295-8C95-C281-584AF2118F84
-29.687218,-32.25664,0,8407F9C4-C295-8C95-C281-584AF2118F84
-29.98038,-31.844234,0,8407F9C4-C295-8C95-C281-584AF2118F84
20.300358,9.826561,0,8407F9C4-C295-8C95-C281-584AF2118F84
20.336647,9.982319,0,8407F9C4-C295-8C95-C281-584AF2118F84
20.484268,10.859822,0,8407F9C4-C295-8C95-C281-584AF2118F84
-47.484653,-47.266094,0,8407F9C4-C295-8C95-C281-584AF2118F84
-47.46133,-47.265522,0,8407F9C4-C295-8C95-C281-584AF2118F84
-36.819054,-14.789203,0,8407F9C4-C295-8C95-C281-584AF2118F84
-36.948956,-14.796189,0,8407F9C4-C295-8C95-C281-584AF2118F84
-48.183804,-13.100228,0,8407F9C4-C295-8C95-C281-584AF2118F84
-14.909531,-38.649105,0,8407F9C4-C295-8C95-C281-584AF2118F84
-14.810472,-38.018593,2,8407F9C4-C295-8C95-C281-584AF2118F84
-14.679425,-37.533752,2,8407F9C4-C295-8C95-C281-584AF2118F84
-14.580678,-37.049107,2,8407F9C4-C295-8C95-C281-584AF2118F84
-12.471957,-25.110403,2,8407F9C4-C295-8C95-C281-584AF2118F84
-12.379396,-25.180515,2,8407F9C4-C295-8C95-C281-584AF2118F84
16.664677,18.61803,2,8407F9C4-C295-8C95-C281-584AF2118F84
-62.428764,-27.895271,0,85748DC9-A6DA-334D-6422-BF69EE06A98C
-61.81876,-28.167662,0,85748DC9-A6DA-334D-6422-BF69EE06A98C
-61.258408,-28.419252,0,85748DC9-A6DA-334D-6422-BF69EE06A98C
-14.433843,53.709732,2,85748DC9-A6DA-334D-6422-BF69EE06A98C
-14.061852,53.676308,2,85748DC9-A6DA-334D-6422-BF69EE06A98C
-13.707149,53.645832,2,85748DC9-A6DA-334D-6422-BF69EE06A98C
-62.78525,21.26382,0,85748DC9-A6DA-334D-6422-BF69EE06A98C
-62.773144,21.261106,0,85748DC9-A6DA-334D-6422-BF69EE06A98C
-11.001429,23.828575,0,85748DC9-A6DA-334D-6422-BF69EE06A98C
-11.283622,23.5575,0,85748DC9-A6DA-334D-6422-BF69EE06A98C
-11.485566,23.365816,0,85748DC9-A6DA-334D-6422-BF69EE06A98C
-47.690655,-13.123734,0,85748DC9-A6DA-334D-6422-BF69EE06A98C
-48.185837,23.848722,0,85748DC9-A6DA-334D-6422-BF69EE06A98C
-48.31907,22.678486,0,85748DC9-A6DA-334D-6422-BF69EE06A98C
-48.334873,22.455215,1,85748DC9-A6DA-334D-6422-BF69EE06A98C
30.08368,52.84194,1,85748DC9-A6DA-334D-6422-BF69EE06A98C
30.089458,52.835136,1,85748DC9-A6DA-334D-6422-BF69EE06A98C
-42.700115,18.567148,1,85748DC9-A6DA-334D-6422-BF69EE06A98C
-18.024559,-51.89814,1,85748DC9-A6DA-334D-6422-BF69EE06A98C
-17.735418,-51.59856,1,85748DC9-A6DA-334D-6422-BF69EE06A98C
-17.457884,-51.238506,2,85748DC9-A6DA-334D-6422-BF69EE06A98C
6.5081706,17.89165,2,85748DC9-A6DA-334D-6422-BF69EE06A98C
6.4747763,17.814468,2,85748DC9-A6DA-334D-6422-BF69EE06A98C
44.514893,-27.462591,2,85748DC9-A6DA-334D-6422-BF69EE06A98C
3.9376197,66.96042,0,862DB2BA-55C9-5794-03BC-FBBA3BEE80C7
4.014538,66.45624,2,862DB2BA-55C9-5794-03BC-FBBA3BEE80C7
4.034075,65.7498,2,862DB2BA-55C9-5794-03BC-FBBA3BEE80C7
3.8352757,64.96031,2,862DB2BA-55C9-5794-03BC-FBBA3BEE80C7
-79.225845,-7.3831167,2,862DB2BA-55C9-5794-03BC-FBBA3BEE80C7
-79.17846,-7.536808,2,862DB2BA-55C9-5794-03BC-FBBA3BEE80C7
-67.61373,-7.076342,0,862DB2BA-55C9-5794-03BC-FBBA3BEE80C7
-67.49402,-7.094066,0,862DB2BA-55C9-5794-03BC-FBBA3BEE80C7
-12.867743,-17.573896,2,862DB2BA-55C9-5794-03BC-FBBA3BEE80C7
3.7787468,-18.287235,2,862DB2BA-55C9-5794-03BC-FBBA3BEE80C7
4.6585436,-18.415947,0,862DB2BA-55C9-5794-03BC-FBBA3BEE80C7
4.598524,-18.394083,0,862DB2BA-55C9-5794-03BC-FBBA3BEE80C7
65.32082,-26.589127,0,862DB2BA-55C9-5794-03BC-FBBA3BEE80C7
18.872858,-35.091045,0,862DB2BA-55C9-5794-03BC-FBBA3BEE80C7
-66.92226,-21.907623,0,862DB2BA-55C9-5794-03BC-FBBA3BEE80C7
-37.525185,38.79125,0,862DB2BA-55C9-5794-03BC-FBBA3BEE80C7
-37.911415,39.83962,0,862DB2BA-55C9-5794-03BC-FBBA3BEE80C7
-37.98292,40.021748,2,862DB2BA-55C9-5794-03BC-FBBA3BEE80C7
33.91729,-10.42971,0,862DB2BA-55C9-5794-03BC-FBBA3BEE80C7
34.380104,-10.841642,0,862DB2BA-55C9-5794-03BC-FBBA3BEE80C7
34.695755,-11.041205,2,862DB2BA-55C9-5794-03BC-FBBA3BEE80C7
40.544178,-36.93795,2,862DB2BA-55C9-5794-03BC-FBBA3BEE80C7
40.146336,-37.14423,2,862DB2BA-55C9-5794-03BC-FBBA3BEE80C7
39.622684,-37.314705,2,862DB2BA-55C9-5794-03BC-FBBA3BEE80C7
38.874664,-37.560783,0,862DB2BA-55C9-5794-03BC-FBBA3BEE80C7
-50.027206,-29.089743,0,862DB2BA-55C9-5794-03BC-FBBA3BEE80C7
-50.116627,-29.053995,0,862DB2BA-55C9-5794-03BC-FBBA3BEE80C7
43.57301,-38.72957,0,8690E8B6-9B41-5F0E-C518-8F2D028C6690
45.076244,-26.510265,0,8690E8B6-9B41-5F0E-C518-8F2D028C6690
45.907578,-25.588144,0,8690E8B6-9B41-5F0E-C518-8F2D028C6690
46.05534,-25.416868,0,8690E8B6-9B41-5F0E-C518-8F2D028C6690
12.010894,6.928106,0,8690E8B6-9B41-5F0E-C518-8F2D028C6690
11.989345,6.9482327,0,8690E8B6-9B41-5F0E-C518-8F2D028C6690
19.765638,47.13006,2,8690E8B6-9B41-5F0E-C518-8F2D028C6690
19.935123,47.158318,2,8690E8B6-9B41-5F0E-C518-8F2D028C6690
21.213171,47.251194,0,8690E8B6-9B41-5F0E-C518-8F2D028C6690
21.917763,47.364666,0,8690E8B6-9B41-5F0E-C518-8F2D028C6690
-74.8643,-2.954521,0,8690E8B6-9B41-5F0E-C518-8F2D028C6690
-74.86913,-2.9777474,0,8690E8B6-9B41-5F0E-C518-8F2D028C6690
31.32348,-33.63937,0,8690E8B6-9B41-5F0E-C518-8F2D028C6690
31.496658,-33.63942,0,8690E8B6-9B41-5F0E-C518-8F2D028C6690
46.699734,-30.519093,0,8690E8B6-9B41-5F0E-C518-8F2D028C6690
46.875637,-30.344427,0,8690E8B6-9B41-5F0E-C518-8F2D028C6690
63.94814,-25.987383,0,8690E8B6-9B41-5F0E-C518-8F2D028C6690
64.144875,-25.988476,0,8690E8B6-9B41-5F0E-C518-8F2D028C6690
-29.301722,-27.326147,0,8690E8B6-9B41-5F0E-C518-8F2D028C6690
-73.412254,-33.80011,0,8690E8B6-9B41-5F0E-C518-8F2D028C6690
-73.43665,-33.83471,0,8690E8B6-9B41-5F0E-C518-8F2D028C6690
-55.856197,32.858673,1,8690E8B6-9B41-5F0E-C518-8F2D028C6690
-55.426777,33.054447,0,8690E8B6-9B41-5F0E-C518-8F2D028C6690
-55.254925,33.127926,0,8690E8B6-9B41-5F0E-C518-8F2D028C6690
34.711956,64.54342,2,874A6B13-C999-C802-1138-FA198591D897
34.693035,64.650856,2,874A6B13-C999-C802-1138-FA198591D897
25.05087,57.156796,2,874A6B13-C999-C802-1138-FA198591D897
25.039627,56.561264,2,874A6B13-C999-C802-1138-FA198591D897
24.88207,55.24486,2,874A6B13-C999-C802-1138-FA198591D897
24.693457,54.70664,2,874A6B13-C999-C802-1138-FA198591D897
-38.502316,-27.394804,0,874A6B13-C999-C802-1138-FA198591D897
-39.27546,-26.945581,0,874A6B13-C999-C802-1138-FA198591D897
-39.602028,-26.888634,2,874A6B13-C999-C802-1138-FA198591D897
-40.26807,-26.679901,2,874A6B13-C999-C802-1138-FA198591D897
-5.2515664,1.2994467,2,874A6B13-C999-C802-1138-FA198591D897
-5.2678356,1.3487295,0,874A6B13-C999-C802-1138-FA198591D897
-9.314104,43.038235,2,8DD09016-F898-915E-4A5C-727F57619D73
49.62855,9.232245,2,8DD09016-F898-915E-4A5C-727F57619D73
49.6737,9.178994,2,8DD09016-F898-915E-4A5C-727F57619D73
49.60243,8.649478,2,8DD09016-F898-915E-4A5C-727F57619D73
49.50372,8.028517,2,8DD09016-F898-915E-4A5C-727F57619D73
49.65538,7.3524494,2,8DD09016-F898-915E-4A5C-727F57619D73
-55.224243,-9.555446,0,8DD09016-F898-915E-4A5C-727F57619D73
-54.79871,-9.967007,0,8DD09016-F898-915E-4A5C-727F57619D73
-54.461567,-10.174453,0,8DD09016-F898-915E-4A5C-727F57619D73
12.770872,23.22143,0,8DD09016-F898-915E-4A5C-727F57619D73
12.597512,23.291294,2,8DD09016-F898-915E-4A5C-727F57619D73
12.458845,23.392166,2,8DD09016-F898-915E-4A5C-727F57619D73
47.12019,46.8711,2,8DD09016-F898-915E-4A5C-727F57619D73
13.239254,-25.513962,2,8DD09016-F898-915E-4A5C-727F57619D73
13.225089,-25.52855,2,8DD09016-F898-915E-4A5C-727F57619D73
-17.810705,-34.623802,2,8DD09016-F898-915E-4A5C-727F57619D73
-17.855333,-34.604298,2,8DD09016-F898-915E-4A5C-727F57619D73
-34.74202,4.884509,2,8DD09016-F898-915E-4A5C-727F57619D73
-34.352383,3.895414,2,8DD09016-F898-915E-4A5C-727F57619D73
-34.26438,3.7057655,2,8DD09016-F898-915E-4A5C-727F57619D73
-22.026869,-32.812813,2,8DD09016-F898-915E-4A5C-727F57619D73
-22.005331,-32.818768,2,8DD09016-F898-915E-4A5C-727F57619D73
38.30647,-18.070211,2,8DD09016-F898-915E-4A5C-727F57619D73
38.322296,-18.085287,2,8DD09016-F898-915E-4A5C-727F57619D73
32.423714,-17.07418,2,8DD09016-F898-915E-4A5C-727F57619D73
32.463146,-17.084278,2,8DD09016-F898-915E-4A5C-727F57619D73
34.532784,-18.019632,2,8DD09016-F898-915E-4A5C-727F57619D73
34.6527,-18.119001,2,8DD09016-F898-915E-4A5C-727F57619D73
43.283836,-33.10636,2,8DD09016-F898-915E-4A5C-727F57619D73
43.03309,-33.297985,2,8DD09016-F898-915E-4A5C-727F57619D73
37.437103,45.50528,0,8DD09016-F898-915E-4A5C-727F57619D73
17.315216,25.195425,2,8DD09016-F898-915E-4A5C-727F57619D73
17.086742,24.80015,2,8DD09016-F898-915E-4A5C-727F57619D73
27.133242,12.698966,2,9268F759-54B0-96CC-C0F5-9D8DBAA12073
27.14884,12.696945,2,9268F759-54B0-96CC-C0F5-9D8DBAA12073
11.525829,65.296394,2,9268F759-54B0-96CC-C0F5-9D8DBAA12073
11.262452,65.11415,2,9268F759-54B0-96CC-C0F5-9D8DBAA12073
10.67524,64.89241,2,9268F759-54B0-96CC-C0F5-9D8DBAA12073
9.176735,64.57752,2,9268F759-54B0-96CC-C0F5-9D8DBAA12073
8.896759,64.37815,2,9268F759-54B0-96CC-C0F5-9D8DBAA12073
8.380576,64.04741,2,9268F759-54B0-96CC-C0F5-9D8DBAA12073
-20.363255,34.5036,2,9268F759-54B0-96CC-C0F5-9D8DBAA12073
-19.67321,34.45226,2,9268F759-54B0-96CC-C0F5-9D8DBAA12073
-19.186121,34.452976,2,9268F759-54B0-96CC-C0F5-9D8DBAA12073
-18.251913,34.520695,2,9268F759-54B0-96CC-C0F5-9D8DBAA12073
23.502203,16.682972,2,9268F759-54B0-96CC-C0F5-9D8DBAA12073
23.669111,16.54185,2,9268F759-54B0-96CC-C0F5-9D8DBAA12073
24.337633,15.903569,2,9268F759-54B0-96CC-C0F5-9D8DBAA12073
23.486021,-0.20710225,2,9268F759-54B0-96CC-C0F5-9D8DBAA12073
25.042557,-1.9391373,2,9268F759-54B0-96CC-C0F5-9D8DBAA12073
25.083626,-1.968178,2,9268F759-54B0-96CC-C0F5-9D8DBAA12073
13.145412,1.0311099,1,9268F759-54B0-96CC-C0F5-9D8DBAA12073
13.07462,0.8114458,1,9268F759-54B0-96CC-C0F5-9D8DBAA12073
12.925232,0.3170444,1,9268F759-54B0-96CC-C0F5-9D8DBAA12073
-71.48426,-19.827282,0,94AA1B20-A5D9-F2B4-FD96-2F20A00FAE89
-71.55492,-20.187393,0,94AA1B20-A5D9-F2B4-FD96-2F20A00FAE89
-72.31999,-20.659147,0,94AA1B20-A5D9-F2B4-FD96-2F20A00FAE89
6.8567224,42.785683,2,94AA1B20-A5D9-F2B4-FD96-2F20A00FAE89
7.147367,42.713863,2,94AA1B20-A5D9-F2B4-FD96-2F20A00FAE89
7.651221,42.579834,2,94AA1B20-A5D9-F2B4-FD96-2F20A00FAE89
-46.219414,-1.6975844,0,94AA1B20-A5D9-F2B4-FD96-2F20A00FAE89
-13.583662,-2.0010002,0,94AA1B20-A5D9-F2B4-FD96-2F20A00FAE89
-13.540517,-1.9993471,0,94AA1B20-A5D9-F2B4-FD96-2F20A00FAE89
31.812902,-0.10150591,2,94AA1B20-A5D9-F2B4-FD96-2F20A00FAE89
32.34359,-0.45600647,2,94AA1B20-A5D9-F2B4-FD96-2F20A00FAE89
32.60127,-0.5144687,2,94AA1B20-A5D9-F2B4-FD96-2F20A00FAE89
14.369351,63.041855,2,96B78431-4166-E4D3-2AA2-15BE2512E1D6
14.631992,62.929142,2,96B78431-4166-E4D3-2AA2-15BE2512E1D6
14.828213,62.65596,2,96B78431-4166-E4D3-2AA2-15BE2512E1D6
15.767189,61.515625,2,96B78431-4166-E4D3-2AA2-15BE2512E1D6
15.749216,61.03388,2,96B78431-4166-E4D3-2AA2-15BE2512E1D6
16.96837,60.9161,2,96B78431-4166-E4D3-2AA2-15BE2512E1D6
-39.525173,-0.5279121,0,96B78431-4166-E4D3-2AA2-15BE2512E1D6
-39.437828,-0.5176279,0,96B78431-4166-E4D3-2AA2-15BE2512E1D6
-32.927757,-0.0938898,0,96B78431-4166-E4D3-2AA2-15BE2512E1D6
-32.929516,-0.24125214,1,96B78431-4166-E4D3-2AA2-15BE2512E1D6
-32.952847,-1.2342037,1,96B78431-4166-E4D3-2AA2-15BE2512E1D6
-32.949715,-1.4656518,1,96B78431-4166-E4D3-2AA2-15BE2512E1D6
-66.227936,-17.3456,1,96B78431-4166-E4D3-2AA2-15BE2512E1D6
-63.923325,-16.786703,1,96B78431-4166-E4D3-2AA2-15BE2512E1D6
-23.965,-22.559032,2,96B78431-4166-E4D3-2AA2-15BE2512E1D6
-23.552872,-22.79711,2,96B78431-4166-E4D3-2AA2-15BE2512E1D6
21.004654,19.150978,2,96B78431-4166-E4D3-2AA2-15BE2512E1D6
21.053392,19.151928,2,96B78431-4166-E4D3-2AA2-15BE2512E1D6
-36.97873,-6.760724,1,96B78431-4166-E4D3-2AA2-15BE2512E1D6
11.894005,-8.050676,1,96B78431-4166-E4D3-2AA2-15BE2512E1D6
40.487778,50.024296,2,96B78431-4166-E4D3-2AA2-15BE2512E1D6
40.56727,50.143764,2,96B78431-4166-E4D3-2AA2-15BE2512E1D6
41.1468,51.321384,2,96B78431-4166-E4D3-2AA2-15BE2512E1D6
41.27826,51.558548,2,96B78431-4166-E4D3-2AA2-15BE2512E1D6
19.86872,58.74601,2,99827717-1B21-7ECC-CAD1-99489F7E19EA
21.883793,67.09522,2,99827717-1B21-7ECC-CAD1-99489F7E19EA
21.568794,68.13138,2,99827717-1B21-7ECC-CAD1-99489F7E19EA
21.629517,68.48011,2,99827717-1B21-7ECC-CAD1-99489F7E19EA
22.618229,69.12101,2,99827717-1B21-7ECC-CAD1-99489F7E19EA
23.326986,69.42382,2,99827717-1B21-7ECC-CAD1-99489F7E19EA
23.940449,69.691376,2,99827717-1B21-7ECC-CAD1-99489F7E19EA
23.867338,70.42713,2,99827717-1B21-7ECC-CAD1-99489F7E19EA
60.60188,1.123307,2,99827717-1B21-7ECC-CAD1-99489F7E19EA
60.533493,0.81100154,2,99827717-1B21-7ECC-CAD1-99489F7E19EA
60.437542,0.169772,2,99827717-1B21-7ECC-CAD1-99489F7E19EA
-12.927235,-5.067934,2,99827717-1B21-7ECC-CAD1-99489F7E19EA
-49.82953,1.4616301,1,99827717-1B21-7ECC-CAD1-99489F7E19EA
-50.078773,0.91593736,1,99827717-1B21-7ECC-CAD1-99489F7E19EA
-50.01612,0.43670207,1,99827717-1B21-7ECC-CAD1-99489F7E19EA
-51.110718,-8.877181,1,99827717-1B21-7ECC-CAD1-99489F7E19EA
-51.38468,-9.76365,1,99827717-1B21-7ECC-CAD1-99489F7E19EA
-51.013203,-10.368242,1,99827717-1B21-7ECC-CAD1-99489F7E19EA
40.856552,-34.317043,1,99827717-1B21-7ECC-CAD1-99489F7E19EA
45.90672,-23.066183,1,99827717-1B21-7ECC-CAD1-99489F7E19EA
45.932343,-22.698387,1,99827717-1B21-7ECC-CAD1-99489F7E19EA
46.086143,-21.817717,0,99827717-1B21-7ECC-CAD1-99489F7E19EA
-58.408264,-23.890482,0,99827717-1B21-7ECC-CAD1-99489F7E19EA
-58.63914,-23.742254,0,99827717-1B21-7ECC-CAD1-99489F7E19EA
46.878597,-51.022316,1,99827717-1B21-7ECC-CAD1-99489F7E19EA
46.301205,-51.13081,1,99827717-1B21-7ECC-CAD1-99489F7E19EA
46.012405,-51.123375,1,99827717-1B21-7ECC-CAD1-99489F7E19EA
24.904787,-24.970003,1,99827717-1B21-7ECC-CAD1-99489F7E19EA
25.231888,-25.495527,1,99827717-1B21-7ECC-CAD1-99489F7E19EA
25.758875,-25.831133,1,99827717-1B21-7ECC-CAD1-99489F7E19EA
-24.52706,-15.502941,1,99827717-1B21-7ECC-CAD1-99489F7E19EA
-24.05573,-15.407926,1,99827717-1B21-7ECC-CAD1-99489F7E19EA
-23.613659,-15.326213,1,99827717-1B21-7ECC-CAD1-99489F7E19EA
-44.6351,-29.857094,0,99C0C5AE-01AD-1BB2-A36B-74B166CB26BA
-44.585384,-29.87872,0,99C0C5AE-01AD-1BB2-A36B-74B166CB26BA
-26.818516,33.502052,0,99C0C5AE-01AD-1BB2-A36B-74B166CB26BA
-26.790133,33.239105,0,99C0C5AE-01AD-1BB2-A36B-74B166CB26BA
-26.732397,32.65534,0,99C0C5AE-01AD-1BB2-A36B-74B166CB26BA
-26.867466,31.984915,0,99C0C5AE-01AD-1BB2-A36B-74B166CB26BA
-30.753586,-1.782586,0,99C0C5AE-01AD-1BB2-A36B-74B166CB26BA
-29.824709,-1.7367102,0,99C0C5AE-01AD-1BB2-A36B-74B166CB26BA
-29.20027,-1.6091254,0,99C0C5AE-01AD-1BB2-A36B-74B166CB26BA
-29.00272,-2.0790153,0,99C0C5AE-01AD-1BB2-A36B-74B166CB26BA
-12.15165,-9.414214,0,99C0C5AE-01AD-1BB2-A36B-74B166CB26BA
-7.6832123,-24.268833,0,99C0C5AE-01AD-1BB2-A36B-74B166CB26BA
-72.71073,-25.24447,0,99C0C5AE-01AD-1BB2-A36B-74B166CB26BA
-72.77596,-25.635668,2,99C0C5AE-01AD-1BB2-A36B-74B166CB26BA
-73.04697,-26.17232,2,99C0C5AE-01AD-1BB2-A36B-74B166CB26BA
-1.8206263,0.4414057,2,99C0C5AE-01AD-1BB2-A36B-74B166CB26BA
-2.1746345,1.0503641,2,99C0C5AE-01AD-1BB2-A36B-74B166CB26BA
-2.2574058,1.2074748,2,99C0C5AE-01AD-1BB2-A36B-74B166CB26BA
46.315323,51.55787,2,9A80CFF4-085D-6435-BA08-18E6496A8381
46.695423,51.638824,0,9A80CFF4-085D-6435-BA08-18E6496A8381
47.281273,51.75775,0,9A80CFF4-085D-6435-BA08-18E6496A8381
45.27036,-33.197025,2,9A80CFF4-085D-6435-BA08-18E6496A8381
45.884617,-33.217594,2,9A80CFF4-085D-6435-BA08-18E6496A8381
46.160465,-33.291428,2,9A80CFF4-085D-6435-BA08-18E6496A8381
14.609039,-10.22646,0,9A80CFF4-085D-6435-BA08-18E6496A8381
15.161426,-11.318306,0,9A80CFF4-085D-6435-BA08-18E6496A8381
51.152035,32.458237,0,9A80CFF4-085D-6435-BA08-18E6496A8381
51.158943,32.544716,0,9A80CFF4-085D-6435-BA08-18E6496A8381
24.381329,-19.653854,0,9A80CFF4-085D-6435-BA08-18E6496A8381
24.419586,-19.834448,2,9A80CFF4-085D-6435-BA08-18E6496A8381
26.609203,-28.451546,2,9A80CFF4-085D-6435-BA08-18E6496A8381
27.031796,-28.904959,2,9A80CFF4-085D-6435-BA08-18E6496A8381
39.261917,-24.313147,2,9A80CFF4-085D-6435-BA08-18E6496A8381
38.107365,64.36483,2,9C694EBE-9421-F45A-ED92-F521991A6A52
38.215584,64.316536,2,9C694EBE-9421-F45A-ED92-F521991A6A52
40.09678,64.19606,2,9C694EBE-9421-F45A-ED92-F521991A6A52
40.50852,64.29294,2,9C694EBE-9421-F45A-ED92-F521991A6A52
62.669495,-4.6450086,2,9C694EBE-9421-F45A-ED92-F521991A6A52
62.35737,-5.32099,2,9C694EBE-9421-F45A-ED92-F521991A6A52
62.032574,-5.96039,2,9C694EBE-9421-F45A-ED92-F521991A6A52
62.020298,-7.8982244,2,9C694EBE-9421-F45A-ED92-F521991A6A52
62.353878,-8.774094,2,9C694EBE-9421-F45A-ED92-F521991A6A52
62.619442,-9.257596,2,9C694EBE-9421-F45A-ED92-F521991A6A52
63.327316,-10.055666,2,9C694EBE-9421-F45A-ED92-F521991A6A52
63.609077,-10.208585,2,9C694EBE-9421-F45A-ED92-F521991A6A52
26.311886,-51.60765,2,9C694EBE-9421-F45A-ED92-F521991A6A52
26.248184,-51.6859,2,9C694EBE-9421-F45A-ED92-F521991A6A52
-68.88531,-29.93399,2,9C694EBE-9421-F45A-ED92-F521991A6A52
-68.81005,-30.070337,2,9C694EBE-9421-F45A-ED92-F521991A6A52
-68.16483,-30.954258,0,9C694EBE-9421-F45A-ED92-F521991A6A52
-65.97187,-31.074398,0,9C694EBE-9421-F45A-ED92-F521991A6A52
-65.297966,-31.534796,1,9C694EBE-9421-F45A-ED92-F521991A6A52
-64.70327,-31.924507,1,9C694EBE-9421-F45A-ED92-F521991A6A52
11.687726,-17.68277,2,9C694EBE-9421-F45A-ED92-F521991A6A52
11.720569,-17.682724,2,9C694EBE-9421-F45A-ED92-F521991A6A52
-12.370783,49.181145,2,9C694EBE-9421-F45A-ED92-F521991A6A52
-12.415444,48.99145,2,9C694EBE-9421-F45A-ED92-F521991A6A52
40.984665,29.262547,2,9E6EBCE2-44FB-8F07-4135-E91140B34096
40.898212,30.016415,2,9E6EBCE2-44FB-8F07-4135-E91140B34096
40.87455,31.121256,2,9E6EBCE2-44FB-8F07-4135-E91140B34096
40.899136,31.753796,2,9E6EBCE2-44FB-8F07-4135-E91140B34096
40.90048,32.311596,2,9E6EBCE2-44FB-8F07-4135-E91140B34096
45.68239,-12.087008,2,9E6EBCE2-44FB-8F07-4135-E91140B34096
46.22894,-12.394454,2,9E6EBCE2-44FB-8F07-4135-E91140B34096
46.524544,-12.513362,2,9E6EBCE2-44FB-8F07-4135-E91140B34096
52.851116,-12.245516,2,9E6EBCE2-44FB-8F07-4135-E91140B34096
52.965614,-12.236401,2,9E6EBCE2-44FB-8F07-4135-E91140B34096
45.993362,20.846853,2,9E6EBCE2-44FB-8F07-4135-E91140B34096
45.981136,20.809744,2,9E6EBCE2-44FB-8F07-4135-E91140B34096
15.377824,-2.453735,2,9E6EBCE2-44FB-8F07-4135-E91140B34096
16.118929,-2.8135152,2,9E6EBCE2-44FB-8F07-4135-E91140B34096
16.648691,-3.0016823,2,9E6EBCE2-44FB-8F07-4135-E91140B34096
17.309223,-3.1893284,2,9E6EBCE2-44FB-8F07-4135-E91140B34096
18.036617,-5.2263503,2,9E6EBCE2-44FB-8F07-4135-E91140B34096
18.007725,-5.21342,0,9E6EBCE2-44FB-8F07-4135-E91140B34096
27.109753,31.262869,2,9E6EBCE2-44FB-8F07-4135-E91140B34096
27.14668,31.242071,2,9E6EBCE2-44FB-8F07-4135-E91140B34096
-36.597248,29.995934,0,9E6EBCE2-44FB-8F07-4135-E91140B34096
-36.74908,30.272171,0,9E6EBCE2-44FB-8F07-4135-E91140B34096
-37.487396,31.784882,0,9E6EBCE2-44FB-8F07-4135-E91140B34096
-37.686554,32.444603,1,9E6EBCE2-44FB-8F07-4135-E91140B34096
-37.50315,33.423145,0,9E6EBCE2-44FB-8F07-4135-E91140B34096
-58.190125,-11.044195,0,9E6EBCE2-44FB-8F07-4135-E91140B34096
-58.21014,-10.901968,0,9E6EBCE2-44FB-8F07-4135-E91140B34096
-58.791748,-9.029607,0,9E6EBCE2-44FB-8F07-4135-E91140B34096
-59.26069,-8.594421,0,9E6EBCE2-44FB-8F07-4135-E91140B34096
-54.75468,-7.1356297,0,9E6EBCE2-44FB-8F07-4135-E91140B34096
-63.272366,-13.289253,2,9E6EBCE2-44FB-8F07-4135-E91140B34096
-63.365505,-13.135467,2,9E6EBCE2-44FB-8F07-4135-E91140B34096
-21.811262,6.4424067,2,9E6EBCE2-44FB-8F07-4135-E91140B34096
23.916283,-29.904951,2,A135AF2A-692D-9C83-AB54-34F977E4D14D
23.960901,-29.911215,2,A135AF2A-692D-9C83-AB54-34F977E4D14D
55.577374,-11.300945,2,A135AF2A-692D-9C83-AB54-34F977E4D14D
55.513012,-10.9089365,2,A135AF2A-692D-9C83-AB54-34F977E4D14D
55.58258,-10.50275,0,A135AF2A-692D-9C83-AB54-34F977E4D14D
-85.12477,-6.510797,0,A135AF2A-692D-9C83-AB54-34F977E4D14D
-84.35144,-6.2856874,0,A135AF2A-692D-9C83-AB54-34F977E4D14D
-84.04022,-6.1289477,0,A135AF2A-692D-9C83-AB54-34F977E4D14D
-18.649916,40.82317,2,A135AF2A-692D-9C83-AB54-34F977E4D14D
1.2426462,33.8319,2,A135AF2A-692D-9C83-AB54-34F977E4D14D
30.993057,45.57244,2,A135AF2A-692D-9C83-AB54-34F977E4D14D
31.0984,45.56269,2,A135AF2A-692D-9C83-AB54-34F977E4D14D
-26.557932,4.758107,0,A135AF2A-692D-9C83-AB54-34F977E4D14D
-26.319323,4.7590566,0,A135AF2A-692D-9C83-AB54-34F977E4D14D
-25.918074,4.8114886,2,A135AF2A-692D-9C83-AB54-34F977E4D14D
34.040936,32.154835,2,A135AF2A-692D-9C83-AB54-34F977E4D14D
46.08999,41.244183,2,A135AF2A-692D-9C83-AB54-34F977E4D14D
46.21873,41.15542,2,A135AF2A-692D-9C83-AB54-34F977E4D14D
36.60387,-46.290333,2,A135AF2A-692D-9C83-AB54-34F977E4D14D
37.231754,-46.46858,2,A135AF2A-692D-9C83-AB54-34F977E4D14D
38.04611,-46.56854,0,A135AF2A-692D-9C83-AB54-34F977E4D14D
38.417538,-46.234493,0,A135AF2A-692D-9C83-AB54-34F977E4D14D
-12.6903715,-53.538143,0,A135AF2A-692D-9C83-AB54-34F977E4D14D
-73.40721,-23.159782,0,A135AF2A-692D-9C83-AB54-34F977E4D14D
30.089048,-9.78988,2,A135AF2A-692D-9C83-AB54-34F977E4D14D
30.112438,-9.838862,2,A135AF2A-692D-9C83-AB54-34F977E4D14D
-8.860396,-28.602943,2,A135AF2A-692D-9C83-AB54-34F977E4D14D
28.793459,-29.857224,2,A135AF2A-692D-9C83-AB54-34F977E4D14D
49.21611,-24.31525,2,A135AF2A-692D-9C83-AB54-34F977E4D14D
49.262016,-24.323784,2,A135AF2A-692D-9C83-AB54-34F977E4D14D
49.786987,-4.699891,1,A43E8D46-F136-DB41-3E16-F9F161DBA1D6
49.971607,-4.7317305,1,A43E8D46-F136-DB41-3E16-F9F161DBA1D6
53.32654,-5.8412685,2,A43E8D46-F136-DB41-3E16-F9F161DBA1D6
53.45461,-5.9729047,2,A43E8D46-F136-DB41-3E16-F9F161DBA1D6
54.087723,-6.3674617,2,A43E8D46-F136-DB41-3E16-F9F161DBA1D6
-83.114204,-10.023215,2,A43E8D46-F136-DB41-3E16-F9F161DBA1D6
-82.35915,-9.686395,2,A43E8D46-F136-DB41-3E16-F9F161DBA1D6
-82.194,-9.280019,2,A43E8D46-F136-DB41-3E16-F9F161DBA1D6
-82.1213,-8.856431,0,A43E8D46-F136-DB41-3E16-F9F161DBA1D6
1.6655347,35.69074,0,A43E8D46-F136-DB41-3E16-F9F161DBA1D6
2.5700948,35.368286,0,A43E8D46-F136-DB41-3E16-F9F161DBA1D6
2.9141717,35.407497,0,A43E8D46-F136-DB41-3E16-F9F161DBA1D6
3.6340349,36.722816,1,A43E8D46-F136-DB41-3E16-F9F161DBA1D6
3.6719134,36.795185,1,A43E8D46-F136-DB41-3E16-F9F161DBA1D6
4.3607783,37.5392,1,A43E8D46-F136-DB41-3E16-F9F161DBA1D6
10.090038,32.876987,1,A43E8D46-F136-DB41-3E16-F9F161DBA1D6
10.141592,32.783535,1,A43E8D46-F136-DB41-3E16-F9F161DBA1D6
-12.990223,35.582657,0,A43E8D46-F136-DB41-3E16-F9F161DBA1D6
38.49718,8.899968,0,A7C426E7-344F-99F4-6E35-453AF3AD9C2C
50.514965,24.724606,0,A7C426E7-344F-99F4-6E35-453AF3AD9C2C
50.36843,25.428446,0,A7C426E7-344F-99F4-6E35-453AF3AD9C2C
50.39441,25.227386,0,A7C426E7-344F-99F4-6E35-453AF3AD9C2C
26.756693,-4.5966926,0,A7C426E7-344F-99F4-6E35-453AF3AD9C2C
27.101116,-4.6506553,2,A7C426E7-344F-99F4-6E35-453AF3AD9C2C
-10.132226,-28.07031,0,A7C426E7-344F-99F4-6E35-453AF3AD9C2C
14.409993,-37.73436,0,A7C426E7-344F-99F4-6E35-453AF3AD9C2C
13.905737,-37.6441,0,A7C426E7-344F-99F4-6E35-453AF3AD9C2C
13.570246,-37.59082,0,A7C426E7-344F-99F4-6E35-453AF3AD9C2C
-7.8432856,-50.42185,1,A7C426E7-344F-99F4-6E35-453AF3AD9C2C
-8.009406,-50.35526,1,A7C426E7-344F-99F4-6E35-453AF3AD9C2C
-2.4088218,-58.034893,0,A7C426E7-344F-99F4-6E35-453AF3AD9C2C
-2.1087039,-57.85655,0,A7C426E7-344F-99F4-6E35-453AF3AD9C2C
-1.4154838,-57.420166,0,A7C426E7-344F-99F4-6E35-453AF3AD9C2C
-1.1453217,-57.254215,0,A7C426E7-344F-99F4-6E35-453AF3AD9C2C
41.95952,-37.75045,0,A7C426E7-344F-99F4-6E35-453AF3AD9C2C
46.546352,-38.11853,0,A7C426E7-344F-99F4-6E35-453AF3AD9C2C
52.231674,4.651931,2,AB9921A8-F143-E101-6A47-E66882F571B2
66.61877,-29.214142,2,AB9921A8-F143-E101-6A47-E66882F571B2
67.09401,-29.232174,2,AB9921A8-F143-E101-6A47-E66882F571B2
67.79652,-29.346266,2,AB9921A8-F143-E101-6A47-E66882F571B2
68.31315,-29.460241,2,AB9921A8-F143-E101-6A47-E66882F571B2
69.01427,-29.664347,0,AB9921A8-F143-E101-6A47-E66882F571B2
3.7026258,54.337845,0,AB9921A8-F143-E101-6A47-E66882F571B2
2.767118,53.835693,0,AB9921A8-F143-E101-6A47-E66882F571B2
2.528817,53.716465,0,AB9921A8-F143-E101-6A47-E66882F571B2
-45.05568,3.3327894,1,AB9921A8-F143-E101-6A47-E66882F571B2
-43.633198,4.1491942,1,AB9921A8-F143-E101-6A47-E66882F571B2
-43.543255,4.2018867,1,AB9921A8-F143-E101-6A47-E66882F571B2
64.61934,-23.695702,0,AB9921A8-F143-E101-6A47-E66882F571B2
-50.402954,35.98029,0,AB9921A8-F143-E101-6A47-E66882F571B2
-50.37793,35.979733,0,AB9921A8-F143-E101-6A47-E66882F571B2
52.48946,14.724124,0,AB9921A8-F143-E101-6A47-E66882F571B2
51.73965,15.417782,2,AB9921A8-F143-E101-6A47-E66882F571B2
51.542213,15.529782,2,AB9921A8-F143-E101-6A47-E66882F571B2
44.171947,49.29323,2,AB9921A8-F143-E101-6A47-E66882F571B2
44.24748,48.88591,2,AB9921A8-F143-E101-6A47-E66882F571B2
44.23255,47.73051,0,AB9921A8-F143-E101-6A47-E66882F571B2
44.086723,46.919895,0,AB9921A8-F143-E101-6A47-E66882F571B2
-48.497402,-25.796957,0,AB9921A8-F143-E101-6A47-E66882F571B2
-65.34764,-15.568541,0,AB9921A8-F143-E101-6A47-E66882F571B2
-34.25647,-39.41591,0,AB9921A8-F143-E101-6A47-E66882F571B2
-34.21699,-39.433228,1,AB9921A8-F143-E101-6A47-E66882F571B2
16.957857,1.7666308,1,AB9921A8-F143-E101-6A47-E66882F571B2
16.96005,1.7931887,1,AB9921A8-F143-E101-6A47-E66882F571B2
34.331158,38.263794,1,AB9921A8-F143-E101-6A47-E66882F571B2
34.357967,38.310303,2,AB9921A8-F143-E101-6A47-E66882F571B2
-5.635608,-19.883345,2,B06410CC-D778-33B2-B1FD-A828EE4AF413
1.3896198,-27.515959,2,B06410CC-D778-33B2-B1FD-A828EE4AF413
1.805707,-28.197157,2,B06410CC-D778-33B2-B1FD-A828EE4AF413
2.186108,-28.958225,2,B06410CC-D778-33B2-B1FD-A828EE4AF413
2.359721,-29.429573,2,B06410CC-D778-33B2-B1FD-A828EE4AF413
2.5580156,-30.22542,0,B06410CC-D778-33B2-B1FD-A828EE4AF413
-67.91766,-0.45584482,0,B06410CC-D778-33B2-B1FD-A828EE4AF413
-49.362553,-22.44425,0,B06410CC-D778-33B2-B1FD-A828EE4AF413
-49.16993,-22.39675,0,B06410CC-D778-33B2-B1FD-A828EE4AF413
-47.439877,-21.90372,0,B06410CC-D778-33B2-B1FD-A828EE4AF413
-46.786274,-21.607403,0,B06410CC-D778-33B2-B1FD-A828EE4AF413
-46.585,-21.508175,0,B06410CC-D778-33B2-B1FD-A828EE4AF413
-44.446045,-36.96021,0,B06410CC-D778-33B2-B1FD-A828EE4AF413
-44.24913,-36.979992,0,B06410CC-D778-33B2-B1FD-A828EE4AF413
-43.38779,-37.10543,0,B06410CC-D778-33B2-B1FD-A828EE4AF413
-42.91949,-37.1919,1,B06410CC-D778-33B2-B1FD-A828EE4AF413
-40.61906,-38.56057,1,B06410CC-D778-33B2-B1FD-A828EE4AF413
-40.579433,-38.580833,1,B06410CC-D778-33B2-B1FD-A828EE4AF413
49.180176,-12.026213,0,B0AAFE06-91C2-2C6D-4547-7508BB719E45
49.4005,-11.644895,2,B0AAFE06-91C2-2C6D-4547-7508BB719E45
49.742504,-11.0295725,2,B0AAFE06-91C2-2C6D-4547-7508BB719E45
49.820976,-10.026206,2,B0AAFE06-91C2-2C6D-4547-7508BB719E45
31.920712,-56.520824,0,B0AAFE06-91C2-2C6D-4547-7508BB719E45
-59.808132,-20.310572,0,B0AAFE06-91C2-2C6D-4547-7508BB719E45
52.823772,-25.992723,2,B0AAFE06-91C2-2C6D-4547-7508BB719E45
53.035023,-25.760805,2,B0AAFE06-91C2-2C6D-4547-7508BB719E45
53.678192,-25.361362,2,B0AAFE06-91C2-2C6D-4547-7508BB719E45
52.417904,-25.072979,0,B0AAFE06-91C2-2C6D-4547-7508BB719E45
47.47794,-20.539799,0,B0AAFE06-91C2-2C6D-4547-7508BB719E45
-47.445892,3.297378,0,B0AAFE06-91C2-2C6D-4547-7508BB719E45
-71.088974,-16.951021,0,B0AAFE06-91C2-2C6D-4547-7508BB719E45
-70.82332,-17.194519,0,B0AAFE06-91C2-2C6D-4547-7508BB719E45
24.03285,-5.3951154,0,B0AAFE06-91C2-2C6D-4547-7508BB719E45
36.43699,0.43112767,2,B0AAFE06-91C2-2C6D-4547-7508BB719E45
36.794952,1.0704218,2,B0AAFE06-91C2-2C6D-4547-7508BB719E45
36.881996,1.2658008,2,B0AAFE06-91C2-2C6D-4547-7508BB719E45
-43.50429,-10.330287,0,B0AAFE06-91C2-2C6D-4547-7508BB719E45
-17.327137,-37.701206,0,B0AAFE06-91C2-2C6D-4547-7508BB719E45
-55.62921,0.0371569,0,B0AAFE06-91C2-2C6D-4547-7508BB719E45
-16.252563,-29.788385,0,B0AAFE06-91C2-2C6D-4547-7508BB719E45
-16.24008,-29.867956,0,B0AAFE06-91C2-2C6D-4547-7508BB719E45
-61.15479,-11.308392,0,B0AAFE06-91C2-2C6D-4547-7508BB719E45
-3.0757198,-36.213463,1,B17DF37B-207D-A052-4D45-F862B3BF4C4C
-3.0481138,-36.22211,1,B17DF37B-207D-A052-4D45-F862B3BF4C4C
-60.651535,8.754688,1,B17DF37B-207D-A052-4D45-F862B3BF4C4C
-60.982384,8.90675,1,B17DF37B-207D-A052-4D45-F862B3BF4C4C
-42.641315,14.609798,1,B17DF37B-207D-A052-4D45-F862B3BF4C4C
-42.555008,14.630944,1,B17DF37B-207D-A052-4D45-F862B3BF4C4C
35.480225,-27.949724,1,B17DF37B-207D-A052-4D45-F862B3BF4C4C
-16.132206,-52.08495,2,B17DF37B-207D-A052-4D45-F862B3BF4C4C
-36.016838,16.876265,2,B17DF37B-207D-A052-4D45-F862B3BF4C4C
-35.871017,17.301477,2,B17DF37B-207D-A052-4D45-F862B3BF4C4C
-34.944187,18.225979,2,B17DF37B-207D-A052-4D45-F862B3BF4C4C
-33.85643,18.80614,2,B17DF37B-207D-A052-4D45-F862B3BF4C4C
-33.582733,18.880095,2,B17DF37B-207D-A052-4D45-F862B3BF4C4C
13.206557,-14.315414,2,B17DF37B-207D-A052-4D45-F862B3BF4C4C
13.226044,-14.331276,2,B17DF37B-207D-A052-4D45-F862B3BF4C4C
-19.578953,-28.152279,2,B17DF37B-207D-A052-4D45-F862B3BF4C4C
-19.576225,-28.158072,0,B17DF37B-207D-A052-4D45-F862B3BF4C4C
-42.24182,-17.86481,0,B17DF37B-207D-A052-4D45-F862B3BF4C4C
-18.668346,-24.55908,1,B17DF37B-207D-A052-4D45-F862B3BF4C4C
-26.504204,-17.657309,1,B17DF37B-207D-A052-4D45-F862B3BF4C4C
-27.746153,-17.628391,1,B17DF37B-207D-A052-4D45-F862B3BF4C4C
-27.294569,-17.997545,1,B17DF37B-207D-A052-4D45-F862B3BF4C4C
-27.249622,-18.934841,1,B17DF37B-207D-A052-4D45-F862B3BF4C4C
-8.496488,-16.4304,1,B17DF37B-207D-A052-4D45-F862B3BF4C4C
59.17515,-5.2536235,0,B2EE7EC5-4E5B-EBDD-E0EB-AF758B95C36A
58.768005,-5.9199176,2,B2EE7EC5-4E5B-EBDD-E0EB-AF758B95C36A
58.577477,-6.2843304,2,B2EE7EC5-4E5B-EBDD-E0EB-AF758B95C36A
58.181385,-6.989297,2,B2EE7EC5-4E5B-EBDD-E0EB-AF758B95C36A
57.590992,-7.6296024,2,B2EE7EC5-4E5B-EBDD-E0EB-AF758B95C36A
57.199345,-7.994326,0,B2EE7EC5-4E5B-EBDD-E0EB-AF758B95C36A
-46.947334,13.387831,0,B2EE7EC5-4E5B-EBDD-E0EB-AF758B95C36A
-46.941364,13.401058,0,B2EE7EC5-4E5B-EBDD-E0EB-AF758B95C36A
-2.5783195,40.29414,2,B2EE7EC5-4E5B-EBDD-E0EB-AF758B95C36A
-2.3605137,40.431973,2,B2EE7EC5-4E5B-EBDD-E0EB-AF758B95C36A
-1.2246135,41.329853,2,B2EE7EC5-4E5B-EBDD-E0EB-AF758B95C36A
-1.1185606,41.460926,2,B2EE7EC5-4E5B-EBDD-E0EB-AF758B95C36A
28.549658,-17.122211,2,B2EE7EC5-4E5B-EBDD-E0EB-AF758B95C36A
-53.637398,-40.519672,2,B2EE7EC5-4E5B-EBDD-E0EB-AF758B95C36A
-53.95717,-40.45403,1,B2EE7EC5-4E5B-EBDD-E0EB-AF758B95C36A
-51.935734,-41.043423,2,B2EE7EC5-4E5B-EBDD-E0EB-AF758B95C36A
56.104836,-29.655241,2,B2EE7EC5-4E5B-EBDD-E0EB-AF758B95C36A
56.092525,-29.629099,2,B2EE7EC5-4E5B-EBDD-E0EB-AF758B95C36A
-6.055923,16.999996,0,B2EE7EC5-4E5B-EBDD-E0EB-AF758B95C36A
-6.281089,17.21707,0,B2EE7EC5-4E5B-EBDD-E0EB-AF758B95C36A
-6.2741556,17.311747,0,B2EE7EC5-4E5B-EBDD-E0EB-AF758B95C36A
-49.164246,3.9487858,0,B2EE7EC5-4E5B-EBDD-E0EB-AF758B95C36A
-48.99186,3.0116541,0,B2EE7EC5-4E5B-EBDD-E0EB-AF758B95C36A
-34.299522,-3.9509284,0,B2EE7EC5-4E5B-EBDD-E0EB-AF758B95C36A
-42.547592,46.3381,0,B3CE5256-6F65-85EB-0078-689BD5CC1B17
-42.54108,46.340042,0,B3CE5256-6F65-85EB-0078-689BD5CC1B17
17.052616,30.457472,0,B3CE5256-6F65-85EB-0078-689BD5CC1B17
17.627306,30.093184,2,B3CE5256-6F65-85EB-0078-689BD5CC1B17
18.055372,29.649672,2,B3CE5256-6F65-85EB-0078-689BD5CC1B17
18.388,29.073801,2,B3CE5256-6F65-85EB-0078-689BD5CC1B17
47.812805,-16.399157,0,B3CE5256-6F65-85EB-0078-689BD5CC1B17
23.635801,-6.5551424,0,B3CE5256-6F65-85EB-0078-689BD5CC1B17
-69.492966,-19.692293,0,B3CE5256-6F65-85EB-0078-689BD5CC1B17
32.17524,35.425808,2,B3CE5256-6F65-85EB-0078-689BD5CC1B17
32.167385,35.41056,2,B3CE5256-6F65-85EB-0078-689BD5CC1B17
32.05008,34.58709,2,B3CE5256-6F65-85EB-0078-689BD5CC1B17
45.307964,42.268322,0,B3CE5256-6F65-85EB-0078-689BD5CC1B17
-8.877657,1.6368163,0,B3CE5256-6F65-85EB-0078-689BD5CC1B17
-9.075073,1.5609794,0,B3CE5256-6F65-85EB-0078-689BD5CC1B17
-10.327287,0.76700413,0,B3CE5256-6F65-85EB-0078-689BD5CC1B17
-10.743457,0.51400757,0,B3CE5256-6F65-85EB-0078-689BD5CC1B17
-28.399166,19.480042,0,B3CE5256-6F65-85EB-0078-689BD5CC1B17
-29.251396,19.560728,0,B3CE5256-6F65-85EB-0078-689BD5CC1B17
-29.6023,19.595514,0,B3CE5256-6F65-85EB-0078-689BD5CC1B17
-61.52595,3.316071,2,B3CE5256-6F65-85EB-0078-689BD5CC1B17
-61.87846,3.267664,0,B3CE5256-6F65-85EB-0078-689BD5CC1B17
-62.597546,3.456917,0,B3CE5256-6F65-85EB-0078-689BD5CC1B17
-63.733074,1.7156945,0,B3CE5256-6F65-85EB-0078-689BD5CC1B17
25.213387,-37.80097,0,B3CE5256-6F65-85EB-0078-689BD5CC1B17
25.560957,-36.998432,0,B3CE5256-6F65-85EB-0078-689BD5CC1B17
25.748917,-36.711338,2,B3CE5256-6F65-85EB-0078-689BD5CC1B17
26.578062,-36.871998,0,B3CE5256-6F65-85EB-0078-689BD5CC1B17
-48.142178,-31.078362,0,B3CE5256-6F65-85EB-0078-689BD5CC1B17
-68.11635,-25.494926,0,B3CE5256-6F65-85EB-0078-689BD5CC1B17
-24.61983,43.22304,0,B6EE5F90-8F59-D3CF-C449-59216B28207B
-24.746157,42.620525,0,B6EE5F90-8F59-D3CF-C449-59216B28207B
-25.040329,41.549843,0,B6EE5F90-8F59-D3CF-C449-59216B28207B
-25.056755,41.47585,0,B6EE5F90-8F59-D3CF-C449-59216B28207B
-4.799566,33.96246,0,B6EE5F90-8F59-D3CF-C449-59216B28207B
-4.796468,33.96541,2,B6EE5F90-8F59-D3CF-C449-59216B28207B
38.854595,35.843266,2,B6EE5F90-8F59-D3CF-C449-59216B28207B
38.34883,35.873753,0,B6EE5F90-8F59-D3CF-C449-59216B28207B
37.510773,35.46796,0,B6EE5F90-8F59-D3CF-C449-59216B28207B
37.670776,36.408127,0,B6EE5F90-8F59-D3CF-C449-59216B28207B
-45.137676,1.2818869,0,B6EE5F90-8F59-D3CF-C449-59216B28207B
-45.360855,0.8831292,0,B6EE5F90-8F59-D3CF-C449-59216B28207B
-45.67416,0.3587523,0,B6EE5F90-8F59-D3CF-C449-59216B28207B
-20.992847,-2.3858736,0,B6EE5F90-8F59-D3CF-C449-59216B28207B
-20.906841,-2.2517734,1,B6EE5F90-8F59-D3CF-C449-59216B28207B
-18.515726,8.16692,1,B6EE5F90-8F59-D3CF-C449-59216B28207B
-18.991167,8.695004,1,B6EE5F90-8F59-D3CF-C449-59216B28207B
-18.84397,8.682872,1,B6EE5F90-8F59-D3CF-C449-59216B28207B
-19.697939,9.193533,2,B6EE5F90-8F59-D3CF-C449-59216B28207B
-48.36871,29.35767,2,B6EE5F90-8F59-D3CF-C449-59216B28207B
49.674282,-27.630112,2,B6EE5F90-8F59-D3CF-C449-59216B28207B
49.9697,-27.4807,2,B6EE5F90-8F59-D3CF-C449-59216B28207B
50.788708,-26.961687,2,B6EE5F90-8F59-D3CF-C449-59216B28207B
41.590416,-41.281456,2,B6EE5F90-8F59-D3CF-C449-59216B28207B
-14.035876,38.76801,0,B9FD0C60-33D3-E99E-2475-815EAD5C89C2
-13.835486,39.408066,0,B9FD0C60-33D3-E99E-2475-815EAD5C89C2
-13.32895,39.205772,0,B9FD0C60-33D3-E99E-2475-815EAD5C89C2
-12.689605,39.19795,2,B9FD0C60-33D3-E99E-2475-815EAD5C89C2
27.640047,36.06887,2,B9FD0C60-33D3-E99E-2475-815EAD5C89C2
27.640596,36.059315,2,B9FD0C60-33D3-E99E-2475-815EAD5C89C2
47.849033,-39.154408,2,B9FD0C60-33D3-E99E-2475-815EAD5C89C2
48.6141,-39.906147,2,B9FD0C60-33D3-E99E-2475-815EAD5C89C2
48.859665,-40.096962,2,B9FD0C60-33D3-E99E-2475-815EAD5C89C2
49.604,-40.115906,2,B9FD0C60-33D3-E99E-2475-815EAD5C89C2
43.013184,38.59239,0,B9FD0C60-33D3-E99E-2475-815EAD5C89C2
-9.794861,54.099068,0,B9FD0C60-33D3-E99E-2475-815EAD5C89C2
-40.24299,-22.58355,2,BAAA2876-D490-2AB5-0A98-6EB94C7FC331
39.490246,19.99082,2,BAAA2876-D490-2AB5-0A98-6EB94C7FC331
39.842403,20.573547,2,BAAA2876-D490-2AB5-0A98-6EB94C7FC331
40.15112,21.273539,2,BAAA2876-D490-2AB5-0A98-6EB94C7FC331
40.620415,21.873648,2,BAAA2876-D490-2AB5-0A98-6EB94C7FC331
40.323944,22.115421,2,BAAA2876-D490-2AB5-0A98-6EB94C7FC331
10.024073,10.750315,2,BAAA2876-D490-2AB5-0A98-6EB94C7FC331
10.02126,10.71801,2,BAAA2876-D490-2AB5-0A98-6EB94C7FC331
9.0035,9.373285,2,BAAA2876-D490-2AB5-0A98-6EB94C7FC331
8.980867,9.057458,2,BAAA2876-D490-2AB5-0A98-6EB94C7FC331
9.625702,8.694322,2,BAAA2876-D490-2AB5-0A98-6EB94C7FC331
-16.26522,9.862918,2,BAAA2876-D490-2AB5-0A98-6EB94C7FC331
-14.598703,19.853111,2,BAAA2876-D490-2AB5-0A98-6EB94C7FC331
-14.654962,19.9232,2,BAAA2876-D490-2AB5-0A98-6EB94C7FC331
-16.255228,21.031273,2,BAAA2876-D490-2AB5-0A98-6EB94C7FC331
-16.428219,21.065683,2,BAAA2876-D490-2AB5-0A98-6EB94C7FC331
-17.231592,21.05029,0,BAAA2876-D490-2AB5-0A98-6EB94C7FC331
-18.28947,21.037903,0,BAAA2876-D490-2AB5-0A98-6EB94C7FC331
25.254362,25.817865,2,BAAA2876-D490-2AB5-0A98-6EB94C7FC331
25.287083,25.636042,2,BAAA2876-D490-2AB5-0A98-6EB94C7FC331
41.960514,-26.684362,2,BAAA2876-D490-2AB5-0A98-6EB94C7FC331
41.928223,-26.559978,2,BAAA2876-D490-2AB5-0A98-6EB94C7FC331
41.57776,-25.87343,1,BAAA2876-D490-2AB5-0A98-6EB94C7FC331
40.72922,-24.959509,1,BAAA2876-D490-2AB5-0A98-6EB94C7FC331
32.717472,58.882744,2,BAAA2876-D490-2AB5-0A98-6EB94C7FC331
33.121876,58.87894,2,BAAA2876-D490-2AB5-0A98-6EB94C7FC331
-41.258926,-9.909582,2,BAAA2876-D490-2AB5-0A98-6EB94C7FC331
-41.248844,-9.988588,2,BAAA2876-D490-2AB5-0A98-6EB94C7FC331
-17.624899,-19.19063,2,BAAA2876-D490-2AB5-0A98-6EB94C7FC331
-17.65178,-19.202662,2,BAAA2876-D490-2AB5-0A98-6EB94C7FC331
19.046963,66.274345,1,BC7EE230-0AF9-3AC5-24E5-8EC4B0B432A8
18.87307,66.07387,1,BC7EE230-0AF9-3AC5-24E5-8EC4B0B432A8
18.47264,65.11735,2,BC7EE230-0AF9-3AC5-24E5-8EC4B0B432A8
19.034231,64.43212,2,BC7EE230-0AF9-3AC5-24E5-8EC4B0B432A8
18.506891,63.90321,2,BC7EE230-0AF9-3AC5-24E5-8EC4B0B432A8
18.357096,63.74403,2,BC7EE230-0AF9-3AC5-24E5-8EC4B0B432A8
-16.559803,27.20739,2,BC7EE230-0AF9-3AC5-24E5-8EC4B0B432A8
-16.554447,26.933977,2,BC7EE230-0AF9-3AC5-24E5-8EC4B0B432A8
-17.165377,26.618309,2,BC7EE230-0AF9-3AC5-24E5-8EC4B0B432A8
-18.108414,25.898748,2,BC7EE230-0AF9-3AC5-24E5-8EC4B0B432A8
-18.228626,25.468468,2,BC7EE230-0AF9-3AC5-24E5-8EC4B0B432A8
-18.43877,24.77051,2,BC7EE230-0AF9-3AC5-24E5-8EC4B0B432A8
67.89467,-25.478262,2,BC7EE230-0AF9-3AC5-24E5-8EC4B0B432A8
67.88777,-25.526194,2,BC7EE230-0AF9-3AC5-24E5-8EC4B0B432A8
-31.072039,-39.843933,2,BC7EE230-0AF9-3AC5-24E5-8EC4B0B432A8
-70.17666,-23.63162,2,BC7EE230-0AF9-3AC5-24E5-8EC4B0B432A8
-70.0951,-23.636671,2,BC7EE230-0AF9-3AC5-24E5-8EC4B0B432A8
-25.573977,-28.924667,2,BC7EE230-0AF9-3AC5-24E5-8EC4B0B432A8
-59.145027,-16.75218,0,BD35F47E-4F73-8664-B165-98D2BF2CDA48
-58.99786,-15.904474,0,BD35F47E-4F73-8664-B165-98D2BF2CDA48
-24.595242,-20.6493,0,BD35F47E-4F73-8664-B165-98D2BF2CDA48
-24.50121,-20.506153,0,BD35F47E-4F73-8664-B165-98D2BF2CDA48
-13.866214,1.076167,1,BD35F47E-4F73-8664-B165-98D2BF2CDA48
-13.824972,1.0988386,2,BD35F47E-4F73-8664-B165-98D2BF2CDA48
-0.8323132,-23.628855,2,BD35F47E-4F73-8664-B165-98D2BF2CDA48
-0.6833526,-23.64858,2,BD35F47E-4F73-8664-B165-98D2BF2CDA48
22.161726,-13.856331,2,BD35F47E-4F73-8664-B165-98D2BF2CDA48
40.918293,-50.520603,0,BD35F47E-4F73-8664-B165-98D2BF2CDA48
-33.62473,-48.88959,0,BD35F47E-4F73-8664-B165-98D2BF2CDA48
46.290516,-28.621136,0,BD35F47E-4F73-8664-B165-98D2BF2CDA48
33.040825,-35.120647,0,BD35F47E-4F73-8664-B165-98D2BF2CDA48
46.920235,-28.051804,2,BD35F47E-4F73-8664-B165-98D2BF2CDA48
47.25841,-27.682108,2,BD35F47E-4F73-8664-B165-98D2BF2CDA48
47.598595,-26.96879,2,BD35F47E-4F73-8664-B165-98D2BF2CDA48
47.726135,-26.114553,2,BD35F47E-4F73-8664-B165-98D2BF2CDA48
-47.384193,32.074326,0,BD35F47E-4F73-8664-B165-98D2BF2CDA48
-47.289093,31.839163,0,BD35F47E-4F73-8664-B165-98D2BF2CDA48
-46.88158,30.895296,0,BD35F47E-4F73-8664-B165-98D2BF2CDA48
-46.001896,30.455462,0,BD35F47E-4F73-8664-B165-98D2BF2CDA48
-45.077652,29.664799,0,BD35F47E-4F73-8664-B165-98D2BF2CDA48
-44.91768,29.478596,0,BD35F47E-4F73-8664-B165-98D2BF2CDA48
-44.253887,-1.624697,0,BD35F47E-4F73-8664-B165-98D2BF2CDA48
-49.128075,-18.425936,0,BD35F47E-4F73-8664-B165-98D2BF2CDA48
-48.677124,-18.32716,0,BD35F47E-4F73-8664-B165-98D2BF2CDA48
-48.02883,-18.276424,0,BD35F47E-4F73-8664-B165-98D2BF2CDA48
44.596874,13.299654,2,C5DC661F-E2D6-2B65-4765-77C8B81D2488
44.829197,12.830782,2,C5DC661F-E2D6-2B65-4765-77C8B81D2488
45.080643,12.348174,2,C5DC661F-E2D6-2B65-4765-77C8B81D2488
39.121803,40.345516,2,C5DC661F-E2D6-2B65-4765-77C8B81D2488
39.08497,39.55997,2,C5DC661F-E2D6-2B65-4765-77C8B81D2488
39.11334,39.46071,2,C5DC661F-E2D6-2B65-4765-77C8B81D2488
-9.557488,-29.772352,0,C5DC661F-E2D6-2B65-4765-77C8B81D2488
20.791218,-32.152943,0,C5DC661F-E2D6-2B65-4765-77C8B81D2488
20.567572,-32.299103,2,C5DC661F-E2D6-2B65-4765-77C8B81D2488
19.73962,-32.654743,2,C5DC661F-E2D6-2B65-4765-77C8B81D2488
-32.516205,-34.878117,2,C5DC661F-E2D6-2B65-4765-77C8B81D2488
-4.2163963,-45.998493,2,C5DC661F-E2D6-2B65-4765-77C8B81D2488
-21.304447,-42.453503,0,C5DC661F-E2D6-2B65-4765-77C8B81D2488
-20.273794,-43.43616,0,C5DC661F-E2D6-2B65-4765-77C8B81D2488
-20.304731,-43.14436,0,C5DC661F-E2D6-2B65-4765-77C8B81D2488
-19.682196,-40.526768,2,C5DC661F-E2D6-2B65-4765-77C8B81D2488
-19.584978,-40.407074,2,C5DC661F-E2D6-2B65-4765-77C8B81D2488
-18.444788,-38.73836,2,C5DC661F-E2D6-2B65-4765-77C8B81D2488
43.243305,-18.761805,2,C5DC661F-E2D6-2B65-4765-77C8B81D2488
43.51982,-18.133972,2,C5DC661F-E2D6-2B65-4765-77C8B81D2488
43.964783,-17.599752,2,C5DC661F-E2D6-2B65-4765-77C8B81D2488
44.24362,-17.43106,2,C5DC661F-E2D6-2B65-4765-77C8B81D2488
42.75008,-16.681194,2,C5DC661F-E2D6-2B65-4765-77C8B81D2488
42.544247,-16.356134,2,C5DC661F-E2D6-2B65-4765-77C8B81D2488
-27.761364,39.12768,0,C8BB6C15-19FA-A17A-5945-6202803016D7
-27.672241,39.10937,0,C8BB6C15-19FA-A17A-5945-6202803016D7
-23.763412,38.794903,0,C8BB6C15-19FA-A17A-5945-6202803016D7
-23.221455,38.71639,2,C8BB6C15-19FA-A17A-5945-6202803016D7
-22.306637,38.616974,2,C8BB6C15-19FA-A17A-5945-6202803016D7
-21.367468,38.511986,2,C8BB6C15-19FA-A17A-5945-6202803016D7
-20.6208,38.392914,2,C8BB6C15-19FA-A17A-5945-6202803016D7
-11.511765,31.905624,1,C8BB6C15-19FA-A17A-5945-6202803016D7
-11.494164,31.84054,1,C8BB6C15-19FA-A17A-5945-6202803016D7
2.8863983,-22.279266,1,C8BB6C15-19FA-A17A-5945-6202803016D7
2.9840703,-22.41916,1,C8BB6C15-19FA-A17A-5945-6202803016D7
3.1820328,-22.670979,1,C8BB6C15-19FA-A17A-5945-6202803016D7
-38.756386,-12.254886,1,C8BB6C15-19FA-A17A-5945-6202803016D7
-39.6359,-12.64199,1,C8BB6C15-19FA-A17A-5945-6202803016D7
-40.56294,-12.947651,1,C8BB6C15-19FA-A17A-5945-6202803016D7
-4.431335,-15.311965,1,C8BB6C15-19FA-A17A-5945-6202803016D7
-3.87877,-15.271131,1,C8BB6C15-19FA-A17A-5945-6202803016D7
-2.2713919,-16.037195,1,C8BB6C15-19FA-A17A-5945-6202803016D7
-6.2215652,-13.39717,1,C8BB6C15-19FA-A17A-5945-6202803016D7
41.08205,-54.553352,1,C8BB6C15-19FA-A17A-5945-6202803016D7
41.260925,-54.192085,1,C8BB6C15-19FA-A17A-5945-6202803016D7
41.522873,-53.643948,1,C8BB6C15-19FA-A17A-5945-6202803016D7
-52.642586,-35.47825,1,C8BB6C15-19FA-A17A-5945-6202803016D7
-52.816868,-35.441963,1,C8BB6C15-19FA-A17A-5945-6202803016D7
9.072336,29.85802,0,CCA3ABC5-DCCE-0BBE-5327-E65AE52A195D
9.0841255,29.775959,0,CCA3ABC5-DCCE-0BBE-5327-E65AE52A195D
29.331526,9.785821,0,CCA3ABC5-DCCE-0BBE-5327-E65AE52A195D
30.247158,8.868108,0,CCA3ABC5-DCCE-0BBE-5327-E65AE52A195D
31.039846,8.020827,0,CCA3ABC5-DCCE-0BBE-5327-E65AE52A195D
31.167667,7.8569775,0,CCA3ABC5-DCCE-0BBE-5327-E65AE52A195D
16.458105,-64.07656,0,CCA3ABC5-DCCE-0BBE-5327-E65AE52A195D
16.55581,-63.97485,0,CCA3ABC5-DCCE-0BBE-5327-E65AE52A195D
17.32174,-63.178883,0,CCA3ABC5-DCCE-0BBE-5327-E65AE52A195D
17.488354,-63.00499,0,CCA3ABC5-DCCE-0BBE-5327-E65AE52A195D
19.083557,-61.13398,0,CCA3ABC5-DCCE-0BBE-5327-E65AE52A195D
20.112164,-59.639687,0,CCA3ABC5-DCCE-0BBE-5327-E65AE52A195D
20.358479,-59.27473,1,CCA3ABC5-DCCE-0BBE-5327-E65AE52A195D
20.702736,-58.724823,1,CCA3ABC5-DCCE-0BBE-5327-E65AE52A195D
20.995674,-58.279015,1,CCA3ABC5-DCCE-0BBE-5327-E65AE52A195D
21.322691,-57.79128,1,CCA3ABC5-DCCE-0BBE-5327-E65AE52A195D
-39.86114,-33.99656,0,CCA3ABC5-DCCE-0BBE-5327-E65AE52A195D
-40.158627,-33.7662,0,CCA3ABC5-DCCE-0BBE-5327-E65AE52A195D
-40.21824,-33.665173,0,CCA3ABC5-DCCE-0BBE-5327-E65AE52A195D
-63.238247,-25.786093,2,CCA3ABC5-DCCE-0BBE-5327-E65AE52A195D
-63.82668,-25.80276,2,CCA3ABC5-DCCE-0BBE-5327-E65AE52A195D
-42.144554,-32.126274,2,CCA3ABC5-DCCE-0BBE-5327-E65AE52A195D
-41.96872,-32.229034,2,CCA3ABC5-DCCE-0BBE-5327-E65AE52A195D
-3.8093061,3.3582568,2,CCA3ABC5-DCCE-0BBE-5327-E65AE52A195D
2.706346,-8.573157,1,CCA3ABC5-DCCE-0BBE-5327-E65AE52A195D
2.7059243,-8.275235,1,CCA3ABC5-DCCE-0BBE-5327-E65AE52A195D
2.7335534,-7.3239007,1,CCA3ABC5-DCCE-0BBE-5327-E65AE52A195D
2.743006,-6.508142,1,CCA3ABC5-DCCE-0BBE-5327-E65AE52A195D
2.714419,-5.8589144,1,CCA3ABC5-DCCE-0BBE-5327-E65AE52A195D
2.6779757,-5.413764,1,CCA3ABC5-DCCE-0BBE-5327-E65AE52A195D
-3.99273,-18.458858,1,CCA3ABC5-DCCE-0BBE-5327-E65AE52A195D
-4.1385293,-18.678823,1,CCA3ABC5-DCCE-0BBE-5327-E65AE52A195D
5.616039,-31.345554,1,CCA3ABC5-DCCE-0BBE-5327-E65AE52A195D
5.879292,-31.281216,1,CCA3ABC5-DCCE-0BBE-5327-E65AE52A195D
7.032568,-31.057047,1,CCA3ABC5-DCCE-0BBE-5327-E65AE52A195D
7.034998,-31.094465,1,CCA3ABC5-DCCE-0BBE-5327-E65AE52A195D
54.235092,32.360092,2,CD5833CD-93D3-318C-371A-18A32DEFC38B
54.20052,32.337296,2,CD5833CD-93D3-318C-371A-18A32DEFC38B
34.710373,-15.084333,2,CD5833CD-93D3-318C-371A-18A32DEFC38B
34.87213,-14.953921,2,CD5833CD-93D3-318C-371A-18A32DEFC38B
35.77208,-14.195401,2,CD5833CD-93D3-318C-371A-18A32DEFC38B
35.903843,-14.132922,2,CD5833CD-93D3-318C-371A-18A32DEFC38B
-19.167963,-3.4988644,0,CD5833CD-93D3-318C-371A-18A32DEFC38B
-8.316278,-14.282472,0,CD5833CD-93D3-318C-371A-18A32DEFC38B
18.272423,-12.548419,0,CD5833CD-93D3-318C-371A-18A32DEFC38B
17.903757,-13.3752,0,CD5833CD-93D3-318C-371A-18A32DEFC38B
16.968298,-14.249083,0,CD5833CD-93D3-318C-371A-18A32DEFC38B
-2.221381,-27.850533,1,CD5833CD-93D3-318C-371A-18A32DEFC38B
25.66228,-32.605175,1,CD5833CD-93D3-318C-371A-18A32DEFC38B
25.673798,-32.590908,2,CD5833CD-93D3-318C-371A-18A32DEFC38B
53.05103,-32.656967,2,CD5833CD-93D3-318C-371A-18A32DEFC38B
53.605927,-33.086716,2,CD5833CD-93D3-318C-371A-18A32DEFC38B
53.803925,-33.360897,2,CD5833CD-93D3-318C-371A-18A32DEFC38B
31.880905,-49.032665,0,CD5833CD-93D3-318C-371A-18A32DEFC38B
-59.141697,-5.805932,0,CD5833CD-93D3-318C-371A-18A32DEFC38B
-58.161022,-4.7339997,1,CD5833CD-93D3-318C-371A-18A32DEFC38B
-47.735344,-0.7140958,1,CD5833CD-93D3-318C-371A-18A32DEFC38B
-47.709957,-0.71135837,1,CD5833CD-93D3-318C-371A-18A32DEFC38B
21.711414,-3.0241215,2,CD5833CD-93D3-318C-371A-18A32DEFC38B
21.75317,-3.0189586,2,CD5833CD-93D3-318C-371A-18A32DEFC38B
32.372746,-40.032288,2,CD5833CD-93D3-318C-371A-18A32DEFC38B
32.475536,-40.997974,2,CD5833CD-93D3-318C-371A-18A32DEFC38B
32.597176,-41.178577,2,CD5833CD-93D3-318C-371A-18A32DEFC38B
32.540653,-41.845333,2,CD5833CD-93D3-318C-371A-18A32DEFC38B
33.223866,-42.093525,2,CD5833CD-93D3-318C-371A-18A32DEFC38B
-61.13697,-23.049973,0,CD5833CD-93D3-318C-371A-18A32DEFC38B
46.054245,15.389885,2,D0F7ABC0-F552-63CD-CAC6-6703C39B83CA
46.015827,16.44692,2,D0F7ABC0-F552-63CD-CAC6-6703C39B83CA
46.360027,16.962809,2,D0F7ABC0-F552-63CD-CAC6-6703C39B83CA
-33.934258,13.464958,2,D0F7ABC0-F552-63CD-CAC6-6703C39B83CA
-34.310978,13.192713,2,D0F7ABC0-F552-63CD-CAC6-6703C39B83CA
-34.704773,12.830448,2,D0F7ABC0-F552-63CD-CAC6-6703C39B83CA
30.486092,56.518425,1,D0F7ABC0-F552-63CD-CAC6-6703C39B83CA
30.57432,56.96801,2,D0F7ABC0-F552-63CD-CAC6-6703C39B83CA
30.636127,57.500935,2,D0F7ABC0-F552-63CD-CAC6-6703C39B83CA
30.667797,58.294315,2,D0F7ABC0-F552-63CD-CAC6-6703C39B83CA
34.44787,-30.143665,2,D0F7ABC0-F552-63CD-CAC6-6703C39B83CA
34.543518,-30.183859,2,D0F7ABC0-F552-63CD-CAC6-6703C39B83CA
-64.26478,-5.6812167,1,D0F7ABC0-F552-63CD-CAC6-6703C39B83CA
-64.36818,-5.7138934,1,D0F7ABC0-F552-63CD-CAC6-6703C39B83CA
-26.492504,-0.18070686,1,D0F7ABC0-F552-63CD-CAC6-6703C39B83CA
-26.402147,-0.12325563,1,D0F7ABC0-F552-63CD-CAC6-6703C39B83CA
-26.80112,-5.674661,1,D0F7ABC0-F552-63CD-CAC6-6703C39B83CA
-9.096988,-15.514579,1,D0F7ABC0-F552-63CD-CAC6-6703C39B83CA
-71.41593,-4.816261,0,D51A5648-0039-8CB1-45CB-C51E5ABA8BCC
-71.088936,-4.2906604,0,D51A5648-0039-8CB1-45CB-C51E5ABA8BCC
-70.86289,-1.998054,0,D51A5648-0039-8CB1-45CB-C51E5ABA8BCC
-70.852036,-2.0045447,0,D51A5648-0039-8CB1-45CB-C51E5ABA8BCC
-35.36302,-26.121984,1,D51A5648-0039-8CB1-45CB-C51E5ABA8BCC
2.767917,-43.462116,1,D51A5648-0039-8CB1-45CB-C51E5ABA8BCC
3.0923018,-43.483948,1,D51A5648-0039-8CB1-45CB-C51E5ABA8BCC
3.6976826,-43.5649,1,D51A5648-0039-8CB1-45CB-C51E5ABA8BCC
24.173868,-48.17491,1,D51A5648-0039-8CB1-45CB-C51E5ABA8BCC
24.228762,-48.08823,1,D51A5648-0039-8CB1-45CB-C51E5ABA8BCC
49.02384,-29.373411,1,D51A5648-0039-8CB1-45CB-C51E5ABA8BCC
49.100777,-29.327017,1,D51A5648-0039-8CB1-45CB-C51E5ABA8BCC
-24.656586,-48.942085,1,D51A5648-0039-8CB1-45CB-C51E5ABA8BCC
-24.689545,-48.98696,1,D51A5648-0039-8CB1-45CB-C51E5ABA8BCC
-24.058933,-47.137398,1,D51A5648-0039-8CB1-45CB-C51E5ABA8BCC
-24.103872,-47.103344,1,D51A5648-0039-8CB1-45CB-C51E5ABA8BCC
47.556587,-0.3108696,1,D51A5648-0039-8CB1-45CB-C51E5ABA8BCC
47.569164,-0.31652305,1,D51A5648-0039-8CB1-45CB-C51E5ABA8BCC
18.860754,68.25087,2,D57F474B-B38C-E9AF-73CC-2CF16EED3827
19.077398,68.29029,2,D57F474B-B38C-E9AF-73CC-2CF16EED3827
19.017223,72.21926,2,D57F474B-B38C-E9AF-73CC-2CF16EED3827
18.929281,72.94124,2,D57F474B-B38C-E9AF-73CC-2CF16EED3827
18.912575,73.07946,1,D57F474B-B38C-E9AF-73CC-2CF16EED3827
18.792532,73.648895,1,D57F474B-B38C-E9AF-73CC-2CF16EED3827
33.403942,-36.809093,1,D57F474B-B38C-E9AF-73CC-2CF16EED3827
38.724285,-29.267467,1,D57F474B-B38C-E9AF-73CC-2CF16EED3827
38.786163,-28.592888,1,D57F474B-B38C-E9AF-73CC-2CF16EED3827
38.77504,-27.616783,1,D57F474B-B38C-E9AF-73CC-2CF16EED3827
38.438766,-26.985714,1,D57F474B-B38C-E9AF-73CC-2CF16EED3827
37.8188,-26.294796,1,D57F474B-B38C-E9AF-73CC-2CF16EED3827
-22.02774,-23.158134,1,D57F474B-B38C-E9AF-73CC-2CF16EED3827
-29.166342,-8.868366,0,D57F474B-B38C-E9AF-73CC-2CF16EED3827
-29.546736,-9.437786,0,D57F474B-B38C-E9AF-73CC-2CF16EED3827
-29.769388,-10.060434,0,D57F474B-B38C-E9AF-73CC-2CF16EED3827
-29.529705,-10.631684,0,D57F474B-B38C-E9AF-73CC-2CF16EED3827
-29.272615,-11.375581,0,D57F474B-B38C-E9AF-73CC-2CF16EED3827
6.6559587,21.368284,2,D57F474B-B38C-E9AF-73CC-2CF16EED3827
6.607733,21.447626,2,D57F474B-B38C-E9AF-73CC-2CF16EED3827
-38.665543,24.523676,0,D57F474B-B38C-E9AF-73CC-2CF16EED3827
21.921757,30.588537,0,D57F474B-B38C-E9AF-73CC-2CF16EED3827
21.547148,31.709442,0,D57F474B-B38C-E9AF-73CC-2CF16EED3827
21.507578,31.76409,2,D57F474B-B38C-E9AF-73CC-2CF16EED3827
-79.8345,0.22244331,2,D6D11A63-A131-4E74-041D-6E3BD8EFF8FF
-80.918335,-1.6620251,2,D6D11A63-A131-4E74-041D-6E3BD8EFF8FF
-80.95017,-2.2532003,2,D6D11A63-A131-4E74-041D-6E3BD8EFF8FF
-80.88878,-2.7164562,0,D6D11A63-A131-4E74-041D-6E3BD8EFF8FF
-80.06265,-4.7966557,0,D6D11A63-A131-4E74-041D-6E3BD8EFF8FF
-80.081184,-4.790256,0,D6D11A63-A131-4E74-041D-6E3BD8EFF8FF
-64.39604,-20.592712,0,D6D11A63-A131-4E74-041D-6E3BD8EFF8FF
-64.398026,-20.777002,0,D6D11A63-A131-4E74-041D-6E3BD8EFF8FF
-63.43197,-21.7451,0,D6D11A63-A131-4E74-041D-6E3BD8EFF8FF
-43.621334,-42.37413,0,D6D11A63-A131-4E74-041D-6E3BD8EFF8FF
-43.604736,-42.395916,1,D6D11A63-A131-4E74-041D-6E3BD8EFF8FF
36.712666,17.20515,1,D6D11A63-A131-4E74-041D-6E3BD8EFF8FF
-38.004063,-44.318607,0,D6D11A63-A131-4E74-041D-6E3BD8EFF8FF
-37.99407,-44.31441,0,D6D11A63-A131-4E74-041D-6E3BD8EFF8FF
14.819032,-16.533033,0,D6D11A63-A131-4E74-041D-6E3BD8EFF8FF
14.878457,-16.476696,0,D6D11A63-A131-4E74-041D-6E3BD8EFF8FF
49.808914,46.29578,2,D6D11A63-A131-4E74-041D-6E3BD8EFF8FF
49.682045,46.36236,2,D6D11A63-A131-4E74-041D-6E3BD8EFF8FF
1.865857,-38.40058,0,D6D11A63-A131-4E74-041D-6E3BD8EFF8FF
2.7760944,-38.368767,0,D6D11A63-A131-4E74-041D-6E3BD8EFF8FF
2.8290062,-38.361385,0,D6D11A63-A131-4E74-041D-6E3BD8EFF8FF
5.8785195,-40.40844,0,D6D11A63-A131-4E74-041D-6E3BD8EFF8FF
5.9114823,-40.461834,0,D6D11A63-A131-4E74-041D-6E3BD8EFF8FF
5.872763,-40.52208,0,D6D11A63-A131-4E74-041D-6E3BD8EFF8FF
14.000177,10.036354,2,D8D27F81-4F83-E10A-448A-735447867552
14.030293,10.003817,2,D8D27F81-4F83-E10A-448A-735447867552
-14.216167,-15.851418,0,D8D27F81-4F83-E10A-448A-735447867552
-14.028489,-15.848104,0,D8D27F81-4F83-E10A-448A-735447867552
-12.900363,-15.527122,0,D8D27F81-4F83-E10A-448A-735447867552
-12.624217,-15.510136,1,D8D27F81-4F83-E10A-448A-735447867552
-44.04106,10.866634,0,D8D27F81-4F83-E10A-448A-735447867552
-44.021797,10.906594,0,D8D27F81-4F83-E10A-448A-735447867552
29.330524,-31.347246,1,D8D27F81-4F83-E10A-448A-735447867552
44.229626,-30.66871,1,D8D27F81-4F83-E10A-448A-735447867552
44.264706,-30.368675,1,D8D27F81-4F83-E10A-448A-735447867552
44.117893,-30.06128,2,D8D27F81-4F83-E10A-448A-735447867552
61.35216,-23.966553,2,D8D27F81-4F83-E10A-448A-735447867552
61.387566,-23.965038,2,D8D27F81-4F83-E10A-448A-735447867552
4.731408,8.081228,2,D8D27F81-4F83-E10A-448A-735447867552
-35.777718,-9.901465,2,D8D27F81-4F83-E10A-448A-735447867552
-36.14836,-9.891013,1,D8D27F81-4F83-E10A-448A-735447867552
-36.929096,-10.181651,1,D8D27F81-4F83-E10A-448A-735447867552
-13.899753,-22.391876,1,D8D27F81-4F83-E10A-448A-735447867552
-13.76018,-20.93589,1,D8D27F81-4F83-E10A-448A-735447867552
-13.25802,-20.59953,1,D8D27F81-4F83-E10A-448A-735447867552
-12.822675,-20.155666,1,D8D27F81-4F83-E10A-448A-735447867552
-7.238994,-16.862396,1,D8D27F81-4F83-E10A-448A-735447867552
-6.7132883,-16.720827,1,D8D27F81-4F83-E10A-448A-735447867552
5.3173013,-14.460478,1,D8D27F81-4F83-E10A-448A-735447867552
5.001236,-14.647077,1,D8D27F81-4F83-E10A-448A-735447867552
3.6749508,-15.161354,1,D8D27F81-4F83-E10A-448A-735447867552
3.4735756,-15.257944,1,D8D27F81-4F83-E10A-448A-735447867552
24.081604,-35.291725,1,D8D27F81-4F83-E10A-448A-735447867552
46.409767,-45.60366,1,D8D27F81-4F83-E10A-448A-735447867552
-13.251462,-10.148348,0,DA2856BC-D181-9AF0-DC9A-99A9444D5579
-5.4411707,-22.463379,2,DA2856BC-D181-9AF0-DC9A-99A9444D5579
-5.905678,-22.870846,2,DA2856BC-D181-9AF0-DC9A-99A9444D5579
-49.677235,-26.42344,2,DA2856BC-D181-9AF0-DC9A-99A9444D5579
-4.5905943,-26.298508,2,DA2856BC-D181-9AF0-DC9A-99A9444D5579
-4.4920034,-26.351871,0,DA2856BC-D181-9AF0-DC9A-99A9444D5579
30.786993,14.978445,2,DA2856BC-D181-9AF0-DC9A-99A9444D5579
30.760006,14.819244,2,DA2856BC-D181-9AF0-DC9A-99A9444D5579
30.545322,13.872969,2,DA2856BC-D181-9AF0-DC9A-99A9444D5579
6.6239877,-20.535757,2,DA2856BC-D181-9AF0-DC9A-99A9444D5579
-3.0639305,-22.346367,2,DA2856BC-D181-9AF0-DC9A-99A9444D5579
-3.1268265,-22.379862,0,DA2856BC-D181-9AF0-DC9A-99A9444D5579
26.146109,-22.043457,2,DA2856BC-D181-9AF0-DC9A-99A9444D5579
26.400705,-22.132616,0,DA2856BC-D181-9AF0-DC9A-99A9444D5579
59.017776,-31.087755,0,DA2856BC-D181-9AF0-DC9A-99A9444D5579
59.33031,-31.266611,2,DA2856BC-D181-9AF0-DC9A-99A9444D5579
59.863113,-31.861124,2,DA2856BC-D181-9AF0-DC9A-99A9444D5579
59.979336,-32.555614,2,DA2856BC-D181-9AF0-DC9A-99A9444D5579
30.101774,68.82064,2,DBA0C8C4-AE05-772F-2E53-E6167F8ACB77
15.754746,45.131584,2,DBA0C8C4-AE05-772F-2E53-E6167F8ACB77
15.642078,44.845364,0,DBA0C8C4-AE05-772F-2E53-E6167F8ACB77
15.290264,44.100533,0,DBA0C8C4-AE05-772F-2E53-E6167F8ACB77
14.202962,42.235477,0,DBA0C8C4-AE05-772F-2E53-E6167F8ACB77
14.209736,42.22616,2,DBA0C8C4-AE05-772F-2E53-E6167F8ACB77
22.383987,41.695496,2,DBA0C8C4-AE05-772F-2E53-E6167F8ACB77
-15.060034,30.711237,2,DBA0C8C4-AE05-772F-2E53-E6167F8ACB77
-15.474901,30.174374,2,DBA0C8C4-AE05-772F-2E53-E6167F8ACB77
-15.606353,29.95644,0,DBA0C8C4-AE05-772F-2E53-E6167F8ACB77
37.39252,48.69881,2,DBA0C8C4-AE05-772F-2E53-E6167F8ACB77
37.391827,48.66923,2,DBA0C8C4-AE05-772F-2E53-E6167F8ACB77
15.92456,22.154064,2,DBA0C8C4-AE05-772F-2E53-E6167F8ACB77
15.911637,22.090855,2,DBA0C8C4-AE05-772F-2E53-E6167F8ACB77
-10.596244,-6.969088,2,DBA0C8C4-AE05-772F-2E53-E6167F8ACB77
-10.581646,-6.9804983,2,DBA0C8C4-AE05-772F-2E53-E6167F8ACB77
-8.446308,-7.456227,2,DBA0C8C4-AE05-772F-2E53-E6167F8ACB77
-8.148465,-7.2863755,2,DBA0C8C4-AE05-772F-2E53-E6167F8ACB77
-7.661005,-6.913482,2,DBA0C8C4-AE05-772F-2E53-E6167F8ACB77
-53.167282,-0.53137463,0,DBA0C8C4-AE05-772F-2E53-E6167F8ACB77
-53.87471,-0.21077107,0,DBA0C8C4-AE05-772F-2E53-E6167F8ACB77
-54.645542,-0.057064023,0,DBA0C8C4-AE05-772F-2E53-E6167F8ACB77
-63.310905,-2.4467154,0,DBA0C8C4-AE05-772F-2E53-E6167F8ACB77
-62.784595,-2.3564813,0,DBA0C8C4-AE05-772F-2E53-E6167F8ACB77
19.53062,53.68237,2,DC0BE0E2-B41E-3D73-47C5-5733952512CB
19.313957,53.549465,0,DC0BE0E2-B41E-3D73-47C5-5733952512CB
18.95441,53.358624,0,DC0BE0E2-B41E-3D73-47C5-5733952512CB
26.025885,9.568473,0,DC0BE0E2-B41E-3D73-47C5-5733952512CB
26.248455,9.199135,0,DC0BE0E2-B41E-3D73-47C5-5733952512CB
26.211603,9.087738,0,DC0BE0E2-B41E-3D73-47C5-5733952512CB
-66.52583,-14.259816,0,DC0BE0E2-B41E-3D73-47C5-5733952512CB
-66.364494,-14.362658,0,DC0BE0E2-B41E-3D73-47C5-5733952512CB
-24.819544,11.526038,0,DC0BE0E2-B41E-3D73-47C5-5733952512CB
-24.732967,11.41469,0,DC0BE0E2-B41E-3D73-47C5-5733952512CB
-24.86071,12.131771,2,DC0BE0E2-B41E-3D73-47C5-5733952512CB
31.718235,3.1786299,2,DC0BE0E2-B41E-3D73-47C5-5733952512CB
71.5997,-21.877502,2,DC0BE0E2-B41E-3D73-47C5-5733952512CB
71.40722,-22.123613,2,DC0BE0E2-B41E-3D73-47C5-5733952512CB
70.915016,-22.682684,2,DC0BE0E2-B41E-3D73-47C5-5733952512CB
70.230255,-23.200186,0,DC0BE0E2-B41E-3D73-47C5-5733952512CB
70.69406,-23.80877,0,DC0BE0E2-B41E-3D73-47C5-5733952512CB
70.767235,-24.221817,0,DC0BE0E2-B41E-3D73-47C5-5733952512CB
-71.467804,-26.293442,0,DC0BE0E2-B41E-3D73-47C5-5733952512CB
-70.675896,-26.57187,0,DC0BE0E2-B41E-3D73-47C5-5733952512CB
-22.032316,-11.168441,0,DC0BE0E2-B41E-3D73-47C5-5733952512CB
-21.839224,-11.063216,0,DC0BE0E2-B41E-3D73-47C5-5733952512CB
-53.573586,8.803608,0,DCB45A10-FAF5-53E0-AB53-2D42AC9BB090
-52.69322,8.509951,0,DCB45A10-FAF5-53E0-AB53-2D42AC9BB090
-52.289345,8.451319,2,DCB45A10-FAF5-53E0-AB53-2D42AC9BB090
-51.78853,8.729123,2,DCB45A10-FAF5-53E0-AB53-2D42AC9BB090
-48.26517,9.552466,2,DCB45A10-FAF5-53E0-AB53-2D42AC9BB090
31.842188,-31.036547,0,DCB45A10-FAF5-53E0-AB53-2D42AC9BB090
-32.833263,-13.741107,0,DCB45A10-FAF5-53E0-AB53-2D42AC9BB090
-32.806293,-13.691939,0,DCB45A10-FAF5-53E0-AB53-2D42AC9BB090
-23.865862,-6.8326855,0,DCB45A10-FAF5-53E0-AB53-2D42AC9BB090
-23.653652,-7.115469,0,DCB45A10-FAF5-53E0-AB53-2D42AC9BB090
-22.92289,-8.072598,0,DCB45A10-FAF5-53E0-AB53-2D42AC9BB090
-22.845995,-8.153979,1,DCB45A10-FAF5-53E0-AB53-2D42AC9BB090
68.83428,-2.5534468,2,DCB45A10-FAF5-53E0-AB53-2D42AC9BB090
68.80112,-2.5426197,1,DCB45A10-FAF5-53E0-AB53-2D42AC9BB090
39.629642,-21.844872,0,DCB45A10-FAF5-53E0-AB53-2D42AC9BB090
39.864273,-21.677778,0,DCB45A10-FAF5-53E0-AB53-2D42AC9BB090
40.64787,-21.210186,0,DCB45A10-FAF5-53E0-AB53-2D42AC9BB090
-41.993027,7.727375,0,DCB45A10-FAF5-53E0-AB53-2D42AC9BB090
23.763494,-6.7066836,1,DCB45A10-FAF5-53E0-AB53-2D42AC9BB090
-22.800226,-12.3695345,1,DCB45A10-FAF5-53E0-AB53-2D42AC9BB090
-67.13382,-20.051096,1,DCB45A10-FAF5-53E0-AB53-2D42AC9BB090
-19.585155,1.8385584,1,DCB45A10-FAF5-53E0-AB53-2D42AC9BB090
-19.31822,1.9763881,1,DCB45A10-FAF5-53E0-AB53-2D42AC9BB090
-18.881676,2.1808727,1,DCB45A10-FAF5-53E0-AB53-2D42AC9BB090
-35.918747,12.798497,0,DD956DE9-DEFB-C0C6-82B4-C639A17D6782
-75.95745,-23.1632,0,DD956DE9-DEFB-C0C6-82B4-C639A17D6782
-75.81204,-23.214972,0,DD956DE9-DEFB-C0C6-82B4-C639A17D6782
-29.557571,5.5111637,0,DD956DE9-DEFB-C0C6-82B4-C639A17D6782
-29.818316,5.2846894,0,DD956DE9-DEFB-C0C6-82B4-C639A17D6782
-30.456627,4.80106,0,DD956DE9-DEFB-C0C6-82B4-C639A17D6782
-24.42876,-28.775524,0,DD956DE9-DEFB-C0C6-82B4-C639A17D6782
-24.688442,-28.774885,0,DD956DE9-DEFB-C0C6-82B4-C639A17D6782
-11.78897,5.5471153,0,DD956DE9-DEFB-C0C6-82B4-C639A17D6782
-11.749066,5.5383735,1,DD956DE9-DEFB-C0C6-82B4-C639A17D6782
-9.648064,4.235684,1,DD956DE9-DEFB-C0C6-82B4-C639A17D6782
-9.603394,4.1951156,1,DD956DE9-DEFB-C0C6-82B4-C639A17D6782
-38.208572,-20.225832,2,DD956DE9-DEFB-C0C6-82B4-C639A17D6782
21.783234,-16.928274,2,DD956DE9-DEFB-C0C6-82B4-C639A17D6782
21.354969,-17.112562,2,DD956DE9-DEFB-C0C6-82B4-C639A17D6782
20.565533,-18.387598,2,DD956DE9-DEFB-C0C6-82B4-C639A17D6782
20.574528,-18.601465,2,DD956DE9-DEFB-C0C6-82B4-C639A17D6782
23.816444,-26.549044,1,DD956DE9-DEFB-C0C6-82B4-C639A17D6782
-79.20078,0.7160972,0,DD956DE9-DEFB-C0C6-82B4-C639A17D6782
-44.472347,-19.040823,2,DD956DE9-DEFB-C0C6-82B4-C639A17D6782
-44.57476,-18.995192,2,DD956DE9-DEFB-C0C6-82B4-C639A17D6782
8.921207,48.347374,2,DE775A65-68D5-C477-E2F7-BCC1AEF0B850
8.952123,48.149876,2,DE775A65-68D5-C477-E2F7-BCC1AEF0B850
12.199627,37.0459,2,DE775A65-68D5-C477-E2F7-BCC1AEF0B850
-20.285223,44.24037,2,DE775A65-68D5-C477-E2F7-BCC1AEF0B850
-19.7986,45.629105,2,DE775A65-68D5-C477-E2F7-BCC1AEF0B850
-19.709873,45.655872,2,DE775A65-68D5-C477-E2F7-BCC1AEF0B850
41.376553,10.059848,2,DE775A65-68D5-C477-E2F7-BCC1AEF0B850
41.138474,9.925181,2,DE775A65-68D5-C477-E2F7-BCC1AEF0B850
40.287766,9.551551,2,DE775A65-68D5-C477-E2F7-BCC1AEF0B850
35.23684,-43.006443,2,DE775A65-68D5-C477-E2F7-BCC1AEF0B850
35.245583,-42.207924,0,DE775A65-68D5-C477-E2F7-BCC1AEF0B850
35.415592,-41.991276,0,DE775A65-68D5-C477-E2F7-BCC1AEF0B850
35.968555,-41.346706,2,DE775A65-68D5-C477-E2F7-BCC1AEF0B850
36.447693,-40.47852,2,DE775A65-68D5-C477-E2F7-BCC1AEF0B850
7.9023523,-57.78724,2,DE775A65-68D5-C477-E2F7-BCC1AEF0B850
6.9832053,-57.643272,0,DE775A65-68D5-C477-E2F7-BCC1AEF0B850
6.662443,-57.493355,0,DE775A65-68D5-C477-E2F7-BCC1AEF0B850
5.8981776,-57.05691,0,DE775A65-68D5-C477-E2F7-BCC1AEF0B850
9.35652,18.216898,2,DE775A65-68D5-C477-E2F7-BCC1AEF0B850
8.931822,17.526539,2,DE775A65-68D5-C477-E2F7-BCC1AEF0B850
8.816658,17.168173,2,DE775A65-68D5-C477-E2F7-BCC1AEF0B850
13.020263,-30.74094,2,DE775A65-68D5-C477-E2F7-BCC1AEF0B850
52.02141,-36.773796,2,DE775A65-68D5-C477-E2F7-BCC1AEF0B850
52.054436,-36.76079,2,DE775A65-68D5-C477-E2F7-BCC1AEF0B850
16.213129,34.759644,2,DF62EF03-DA30-E70A-CA31-03A029C9610A
16.85345,34.223076,2,DF62EF03-DA30-E70A-CA31-03A029C9610A
17.558212,34.555122,2,DF62EF03-DA30-E70A-CA31-03A029C9610A
18.131922,34.73467,2,DF62EF03-DA30-E70A-CA31-03A029C9610A
19.183645,34.94968,2,DF62EF03-DA30-E70A-CA31-03A029C9610A
19.606524,35.013016,2,DF62EF03-DA30-E70A-CA31-03A029C9610A
-27.714449,25.558474,2,DF62EF03-DA30-E70A-CA31-03A029C9610A
-27.374628,25.168125,2,DF62EF03-DA30-E70A-CA31-03A029C9610A
-26.714947,24.585684,2,DF62EF03-DA30-E70A-CA31-03A029C9610A
-26.569828,24.463045,2,DF62EF03-DA30-E70A-CA31-03A029C9610A
27.559874,52.53869,0,DF62EF03-DA30-E70A-CA31-03A029C9610A
-53.878685,12.190722,0,DF62EF03-DA30-E70A-CA31-03A029C9610A
-17.595913,-48.364346,1,DF62EF03-DA30-E70A-CA31-03A029C9610A
37.332333,13.807162,1,DF62EF03-DA30-E70A-CA31-03A029C9610A
37.51387,13.839081,1,DF62EF03-DA30-E70A-CA31-03A029C9610A
38.983948,14.157046,1,DF62EF03-DA30-E70A-CA31-03A029C9610A
39.78238,14.543555,1,DF62EF03-DA30-E70A-CA31-03A029C9610A
40.104393,14.62976,1,DF62EF03-DA30-E70A-CA31-03A029C9610A
-26.24188,-2.9607594,2,DF62EF03-DA30-E70A-CA31-03A029C9610A
-25.64187,-3.4926975,2,DF62EF03-DA30-E70A-CA31-03A029C9610A
-24.945045,-3.7759879,2,DF62EF03-DA30-E70A-CA31-03A029C9610A
-24.106373,-3.3663216,2,DF62EF03-DA30-E70A-CA31-03A029C9610A
-23.524715,-2.6309164,0,DF62EF03-DA30-E70A-CA31-03A029C9610A
-23.438063,-2.37064,0,DF62EF03-DA30-E70A-CA31-03A029C9610A
66.05984,-36.063515,0,DF62EF03-DA30-E70A-CA31-03A029C9610A
66.06483,-36.076622,0,DF62EF03-DA30-E70A-CA31-03A029C9610A
-47.421448,-33.128716,0,DF62EF03-DA30-E70A-CA31-03A029C9610A
-47.458412,-33.286842,0,DF62EF03-DA30-E70A-CA31-03A029C9610A
-22.329937,-25.009216,0,DF62EF03-DA30-E70A-CA31-03A029C9610A
-22.282003,-25.165577,0,DF62EF03-DA30-E70A-CA31-03A029C9610A
8.353384,50.706673,0,E3489F9E-39E2-47B9-24EF-BAACE1438D00
8.256275,50.59633,0,E3489F9E-39E2-47B9-24EF-BAACE1438D00
-50.986095,10.710383,0,E3489F9E-39E2-47B9-24EF-BAACE1438D00
3.6608193,49.36169,0,E3489F9E-39E2-47B9-24EF-BAACE1438D00
3.8100204,49.254974,2,E3489F9E-39E2-47B9-24EF-BAACE1438D00
4.5459723,48.77314,2,E3489F9E-39E2-47B9-24EF-BAACE1438D00
-33.55562,-11.761613,1,E3489F9E-39E2-47B9-24EF-BAACE1438D00
-36.293037,0.5508469,1,E3489F9E-39E2-47B9-24EF-BAACE1438D00
-36.21348,0.574243,1,E3489F9E-39E2-47B9-24EF-BAACE1438D00
9.216077,-0.4835631,1,E3489F9E-39E2-47B9-24EF-BAACE1438D00
9.405758,-0.6135797,1,E3489F9E-39E2-47B9-24EF-BAACE1438D00
9.643538,-0.7713635,1,E3489F9E-39E2-47B9-24EF-BAACE1438D00
-45.579773,-8.588582,1,E3489F9E-39E2-47B9-24EF-BAACE1438D00
-61.42866,-7.6018596,1,E3489F9E-39E2-47B9-24EF-BAACE1438D00
-61.52469,-7.9557204,1,E3489F9E-39E2-47B9-24EF-BAACE1438D00
-62.136425,-8.116311,1,E3489F9E-39E2-47B9-24EF-BAACE1438D00
-41.9155,-5.3241405,1,E3489F9E-39E2-47B9-24EF-BAACE1438D00
-41.683365,-5.4111295,1,E3489F9E-39E2-47B9-24EF-BAACE1438D00
52.30669,19.718388,2,E49C1269-8AB7-8C8F-FC88-AA92C2F1E260
52.03902,20.009693,2,E49C1269-8AB7-8C8F-FC88-AA92C2F1E260
51.807766,20.185587,2,E49C1269-8AB7-8C8F-FC88-AA92C2F1E260
28.284904,0.9485637,0,E49C1269-8AB7-8C8F-FC88-AA92C2F1E260
28.132246,0.62100756,2,E49C1269-8AB7-8C8F-FC88-AA92C2F1E260
-49.435352,16.385944,2,E49C1269-8AB7-8C8F-FC88-AA92C2F1E260
59.145435,-25.699385,0,E49C1269-8AB7-8C8F-FC88-AA92C2F1E260
59.20458,-25.816002,0,E49C1269-8AB7-8C8F-FC88-AA92C2F1E260
58.973343,-26.634125,0,E49C1269-8AB7-8C8F-FC88-AA92C2F1E260
42.0662,-42.200226,0,E49C1269-8AB7-8C8F-FC88-AA92C2F1E260
-56.89182,-24.000616,0,E49C1269-8AB7-8C8F-FC88-AA92C2F1E260
-74.250565,-21.019136,0,E49C1269-8AB7-8C8F-FC88-AA92C2F1E260
-53.149384,-3.6417613,0,E49C1269-8AB7-8C8F-FC88-AA92C2F1E260
-53.154522,-3.6181145,0,E49C1269-8AB7-8C8F-FC88-AA92C2F1E260
-60.434326,-0.95928264,0,E49C1269-8AB7-8C8F-FC88-AA92C2F1E260
-60.753277,-0.81686336,2,E49C1269-8AB7-8C8F-FC88-AA92C2F1E260
-61.681995,-0.8064292,2,E49C1269-8AB7-8C8F-FC88-AA92C2F1E260
-64.46349,-2.2755942,2,E49C1269-8AB7-8C8F-FC88-AA92C2F1E260
18.565327,-38.683533,0,E49C1269-8AB7-8C8F-FC88-AA92C2F1E260
18.574411,-38.6672,0,E49C1269-8AB7-8C8F-FC88-AA92C2F1E260
28.957329,-41.1522,2,E49C1269-8AB7-8C8F-FC88-AA92C2F1E260
28.71245,-40.72556,2,E49C1269-8AB7-8C8F-FC88-AA92C2F1E260
28.57108,-40.39036,2,E49C1269-8AB7-8C8F-FC88-AA92C2F1E260
28.404724,-39.527443,2,E49C1269-8AB7-8C8F-FC88-AA92C2F1E260
66.925766,-17.48033,2,E5CCE6B3-2C6E-BE96-602F-3852C8614777
66.916306,-17.245548,2,E5CCE6B3-2C6E-BE96-602F-3852C8614777
66.97278,-15.741889,2,E5CCE6B3-2C6E-BE96-602F-3852C8614777
43.91214,36.054417,2,E5CCE6B3-2C6E-BE96-602F-3852C8614777
28.138887,64.78612,2,E5CCE6B3-2C6E-BE96-602F-3852C8614777
28.051443,64.69695,2,E5CCE6B3-2C6E-BE96-602F-3852C8614777
19.277576,16.179743,1,E5CCE6B3-2C6E-BE96-602F-3852C8614777
19.212881,16.136646,1,E5CCE6B3-2C6E-BE96-602F-3852C8614777
18.624796,16.172112,2,E5CCE6B3-2C6E-BE96-602F-3852C8614777
42.843033,-47.93602,2,E5CCE6B3-2C6E-BE96-602F-3852C8614777
42.811172,-47.941574,2,E5CCE6B3-2C6E-BE96-602F-3852C8614777
44.128803,-25.592566,2,E5CCE6B3-2C6E-BE96-602F-3852C8614777
-24.216564,16.749784,0,E5CCE6B3-2C6E-BE96-602F-3852C8614777
-23.934134,16.489693,2,E5CCE6B3-2C6E-BE96-602F-3852C8614777
-23.05927,15.717576,2,E5CCE6B3-2C6E-BE96-602F-3852C8614777
-22.713491,15.422561,2,E5CCE6B3-2C6E-BE96-602F-3852C8614777
71.55355,-4.918704,2,E5CCE6B3-2C6E-BE96-602F-3852C8614777
71.563515,-4.9529543,2,E5CCE6B3-2C6E-BE96-602F-3852C8614777
26.361996,-44.081028,2,E5CCE6B3-2C6E-BE96-602F-3852C8614777
26.529617,-44.437172,2,E5CCE6B3-2C6E-BE96-602F-3852C8614777
26.640926,-45.39053,2,E5CCE6B3-2C6E-BE96-602F-3852C8614777
26.605093,-45.810444,2,E5CCE6B3-2C6E-BE96-602F-3852C8614777
-31.21145,-36.08214,0,E5CCE6B3-2C6E-BE96-602F-3852C8614777
-67.945786,-23.770948,0,E5CCE6B3-2C6E-BE96-602F-3852C8614777
62.16787,-13.763412,2,E5F96AC5-AE7E-C4E8-8288-FB2674F43704
62.65464,-13.879492,2,E5F96AC5-AE7E-C4E8-8288-FB2674F43704
63.43738,-13.870638,2,E5F96AC5-AE7E-C4E8-8288-FB2674F43704
63.754368,-14.400364,2,E5F96AC5-AE7E-C4E8-8288-FB2674F43704
64.1101,-15.124754,2,E5F96AC5-AE7E-C4E8-8288-FB2674F43704
65.20576,-15.24324,2,E5F96AC5-AE7E-C4E8-8288-FB2674F43704
13.441528,31.551565,2,E5F96AC5-AE7E-C4E8-8288-FB2674F43704
13.144246,31.339128,2,E5F96AC5-AE7E-C4E8-8288-FB2674F43704
12.971908,31.193516,2,E5F96AC5-AE7E-C4E8-8288-FB2674F43704
40.430656,42.791,1,E5F96AC5-AE7E-C4E8-8288-FB2674F43704
40.71029,42.805122,1,E5F96AC5-AE7E-C4E8-8288-FB2674F43704
41.170235,42.566498,1,E5F96AC5-AE7E-C4E8-8288-FB2674F43704
54.883976,-22.977564,2,E5F96AC5-AE7E-C4E8-8288-FB2674F43704
55.131958,-23.262966,2,E5F96AC5-AE7E-C4E8-8288-FB2674F43704
64.78548,-22.444147,2,E5F96AC5-AE7E-C4E8-8288-FB2674F43704
64.97814,-21.968395,2,E5F96AC5-AE7E-C4E8-8288-FB2674F43704
65.45707,-21.557564,2,E5F96AC5-AE7E-C4E8-8288-FB2674F43704
66.23602,-20.340984,2,E5F96AC5-AE7E-C4E8-8288-FB2674F43704
-43.001476,-11.633485,2,E5F96AC5-AE7E-C4E8-8288-FB2674F43704
-19.009731,-11.276011,2,E5F96AC5-AE7E-C4E8-8288-FB2674F43704
-18.987158,-11.2319,2,E5F96AC5-AE7E-C4E8-8288-FB2674F43704
-18.396875,-8.943288,0,E5F96AC5-AE7E-C4E8-8288-FB2674F43704
-18.481936,-8.731382,0,E5F96AC5-AE7E-C4E8-8288-FB2674F43704
-18.573746,-8.175057,0,E5F96AC5-AE7E-C4E8-8288-FB2674F43704
34.808155,31.796898,0,E5F96AC5-AE7E-C4E8-8288-FB2674F43704
35.525402,31.329035,0,E5F96AC5-AE7E-C4E8-8288-FB2674F43704
24.904924,-15.808214,2,E5F96AC5-AE7E-C4E8-8288-FB2674F43704
24.894773,-15.863734,2,E5F96AC5-AE7E-C4E8-8288-FB2674F43704
-9.2468605,-31.193228,2,E5F96AC5-AE7E-C4E8-8288-FB2674F43704
24.365139,-23.066336,2,E5F96AC5-AE7E-C4E8-8288-FB2674F43704
-16.184458,36.693054,2,EA788550-E907-E4AC-EAE4-82CC26723E3B
-15.863766,36.211586,2,EA788550-E907-E4AC-EAE4-82CC26723E3B
-15.774348,35.98879,2,EA788550-E907-E4AC-EAE4-82CC26723E3B
-15.330989,35.635662,2,EA788550-E907-E4AC-EAE4-82CC26723E3B
-3.637995,37.038994,0,EA788550-E907-E4AC-EAE4-82CC26723E3B
-3.6188407,37.03939,2,EA788550-E907-E4AC-EAE4-82CC26723E3B
40.86209,1.205612,2,EA788550-E907-E4AC-EAE4-82CC26723E3B
41.209,0.8220545,2,EA788550-E907-E4AC-EAE4-82CC26723E3B
41.55892,0.37273705,2,EA788550-E907-E4AC-EAE4-82CC26723E3B
42.104595,-0.88956106,2,EA788550-E907-E4AC-EAE4-82CC26723E3B
42.146664,-1.409269,2,EA788550-E907-E4AC-EAE4-82CC26723E3B
42.442978,-3.247896,2,EA788550-E907-E4AC-EAE4-82CC26723E3B
-10.260349,18.76043,2,EA788550-E907-E4AC-EAE4-82CC26723E3B
-10.736506,18.645657,2,EA788550-E907-E4AC-EAE4-82CC26723E3B
-11.371178,18.266712,2,EA788550-E907-E4AC-EAE4-82CC26723E3B
-11.554236,18.07058,2,EA788550-E907-E4AC-EAE4-82CC26723E3B
-7.974277,-11.97434,2,EA788550-E907-E4AC-EAE4-82CC26723E3B
-16.411764,-13.886219,2,EA788550-E907-E4AC-EAE4-82CC26723E3B
-17.08062,-13.67283,2,EA788550-E907-E4AC-EAE4-82CC26723E3B
-17.620493,-13.474748,2,EA788550-E907-E4AC-EAE4-82CC26723E3B
-20.417685,-5.9437094,2,EA788550-E907-E4AC-EAE4-82CC26723E3B
-20.126738,-5.784175,2,EA788550-E907-E4AC-EAE4-82CC26723E3B
-19.411755,-5.602371,2,EA788550-E907-E4AC-EAE4-82CC26723E3B
17.08859,-18.309395,2,EA788550-E907-E4AC-EAE4-82CC26723E3B
-7.0173526,49.718315,2,EA788550-E907-E4AC-EAE4-82CC26723E3B
-7.217924,49.952915,2,EA788550-E907-E4AC-EAE4-82CC26723E3B
-7.392574,50.144924,2,EA788550-E907-E4AC-EAE4-82CC26723E3B
-37.985153,-25.63204,2,EA788550-E907-E4AC-EAE4-82CC26723E3B
19.34845,-0.2337987,2,EA788550-E907-E4AC-EAE4-82CC26723E3B
19.353018,-0.22953361,2,EA788550-E907-E4AC-EAE4-82CC26723E3B
58.455784,-13.112761,2,EC6E2525-212C-1C3A-0B73-74D1B45748E1
59.28582,-12.757203,2,EC6E2525-212C-1C3A-0B73-74D1B45748E1
59.483788,-12.557334,2,EC6E2525-212C-1C3A-0B73-74D1B45748E1
56.88327,-10.510302,2,EC6E2525-212C-1C3A-0B73-74D1B45748E1
44.518845,25.27237,2,EC6E2525-212C-1C3A-0B73-74D1B45748E1
44.520508,25.279222,2,EC6E2525-212C-1C3A-0B73-74D1B45748E1
-53.63486,-20.49821,1,EC6E2525-212C-1C3A-0B73-74D1B45748E1
-53.640762,-20.429289,0,EC6E2525-212C-1C3A-0B73-74D1B45748E1
-53.43913,-19.78138,0,EC6E2525-212C-1C3A-0B73-74D1B45748E1
-69.58682,-12.968677,0,EC6E2525-212C-1C3A-0B73-74D1B45748E1
-69.806854,-12.944345,0,EC6E2525-212C-1C3A-0B73-74D1B45748E1
-74.22748,-13.685735,0,EC6E2525-212C-1C3A-0B73-74D1B45748E1
-56.907955,-25.073225,2,EC6E2525-212C-1C3A-0B73-74D1B45748E1
-54.314575,-25.335493,2,EC6E2525-212C-1C3A-0B73-74D1B45748E1
-28.220217,9.016407,1,EC6E2525-212C-1C3A-0B73-74D1B45748E1
-27.95382,8.601388,1,EC6E2525-212C-1C3A-0B73-74D1B45748E1
-27.734383,7.999824,1,EC6E2525-212C-1C3A-0B73-74D1B45748E1
-26.275394,8.366762,1,EC6E2525-212C-1C3A-0B73-74D1B45748E1
20.895277,62.381794,2,EE62AFCD-B47D-E676-0257-21F92CB612D8
21.822191,62.38402,2,EE62AFCD-B47D-E676-0257-21F92CB612D8
22.678598,62.49588,2,EE62AFCD-B47D-E676-0257-21F92CB612D8
23.512299,63.323128,2,EE62AFCD-B47D-E676-0257-21F92CB612D8
23.316645,63.932007,2,EE62AFCD-B47D-E676-0257-21F92CB612D8
22.810097,64.40427,2,EE62AFCD-B47D-E676-0257-21F92CB612D8
-4.9163117,26.671232,0,EE62AFCD-B47D-E676-0257-21F92CB612D8
-5.9350595,26.38945,0,EE62AFCD-B47D-E676-0257-21F92CB612D8
-6.4685583,26.252106,0,EE62AFCD-B47D-E676-0257-21F92CB612D8
-7.1938815,26.16333,0,EE62AFCD-B47D-E676-0257-21F92CB612D8
-8.688858,26.024078,0,EE62AFCD-B47D-E676-0257-21F92CB612D8
-8.788935,26.050016,0,EE62AFCD-B47D-E676-0257-21F92CB612D8
5.142829,15.393935,2,EE62AFCD-B47D-E676-0257-21F92CB612D8
4.910483,15.288392,0,EE62AFCD-B47D-E676-0257-21F92CB612D8
3.2025583,15.575318,0,EE62AFCD-B47D-E676-0257-21F92CB612D8
2.9618385,15.564846,0,EE62AFCD-B47D-E676-0257-21F92CB612D8
-57.484596,-7.0656238,0,EE62AFCD-B47D-E676-0257-21F92CB612D8
-57.771492,-6.712073,0,EE62AFCD-B47D-E676-0257-21F92CB612D8
24.909431,-12.9840555,2,EE62AFCD-B47D-E676-0257-21F92CB612D8
24.885962,-13.03485,2,EE62AFCD-B47D-E676-0257-21F92CB612D8
-3.039983,-30.969067,0,EE62AFCD-B47D-E676-0257-21F92CB612D8
-33.070263,-48.269512,0,EE62AFCD-B47D-E676-0257-21F92CB612D8
25.20009,-39.97358,0,EE62AFCD-B47D-E676-0257-21F92CB612D8
25.289206,-39.90702,2,EE62AFCD-B47D-E676-0257-21F92CB612D8
-33.789192,-29.739845,2,F1430977-52AF-4F46-BF92-0A8D736CBD2B
-35.551533,-32.021538,2,F1430977-52AF-4F46-BF92-0A8D736CBD2B
-35.96453,-31.852629,2,F1430977-52AF-4F46-BF92-0A8D736CBD2B
-36.136097,-31.79142,2,F1430977-52AF-4F46-BF92-0A8D736CBD2B
-32.692513,-29.213915,2,F1430977-52AF-4F46-BF92-0A8D736CBD2B
-32.02699,-29.221327,2,F1430977-52AF-4F46-BF92-0A8D736CBD2B
26.082882,64.543175,2,F752B62E-E95F-A65D-4CB2-8B0252E15F08
26.137354,63.986374,2,F752B62E-E95F-A65D-4CB2-8B0252E15F08
11.314446,56.53937,2,F752B62E-E95F-A65D-4CB2-8B0252E15F08
6.335826,34.7339,2,F752B62E-E95F-A65D-4CB2-8B0252E15F08
5.7047095,34.4712,1,F752B62E-E95F-A65D-4CB2-8B0252E15F08
5.3999643,34.280685,0,F752B62E-E95F-A65D-4CB2-8B0252E15F08
14.877439,38.753174,2,F752B62E-E95F-A65D-4CB2-8B0252E15F08
14.798351,38.77201,2,F752B62E-E95F-A65D-4CB2-8B0252E15F08
-0.6810107,36.98539,2,F752B62E-E95F-A65D-4CB2-8B0252E15F08
-0.7382113,36.993084,2,F752B62E-E95F-A65D-4CB2-8B0252E15F08
-79.39643,-10.788287,2,F752B62E-E95F-A65D-4CB2-8B0252E15F08
-79.34897,-10.784527,0,F752B62E-E95F-A65D-4CB2-8B0252E15F08
-55.103188,6.2793055,0,F752B62E-E95F-A65D-4CB2-8B0252E15F08
-54.910103,6.2854743,0,F752B62E-E95F-A65D-4CB2-8B0252E15F08
-9.038807,11.903539,0,F752B62E-E95F-A65D-4CB2-8B0252E15F08
-8.668645,11.840217,0,F752B62E-E95F-A65D-4CB2-8B0252E15F08
-7.856289,11.777541,2,F752B62E-E95F-A65D-4CB2-8B0252E15F08
-7.453616,11.74862,2,F752B62E-E95F-A65D-4CB2-8B0252E15F08
64.23764,-20.46122,2,F752B62E-E95F-A65D-4CB2-8B0252E15F08
5.5599155,10.573989,0,F752B62E-E95F-A65D-4CB2-8B0252E15F08
5.8943887,10.973339,0,F752B62E-E95F-A65D-4CB2-8B0252E15F08
6.3731985,11.580544,0,F752B62E-E95F-A65D-4CB2-8B0252E15F08
7.186719,12.703942,0,F752B62E-E95F-A65D-4CB2-8B0252E15F08
7.3149557,12.837812,0,F752B62E-E95F-A65D-4CB2-8B0252E15F08
34.874928,-39.155785,2,F752B62E-E95F-A65D-4CB2-8B0252E15F08
32.32054,-43.960033,2,F752B62E-E95F-A65D-4CB2-8B0252E15F08
32.41416,-44.193485,2,F752B62E-E95F-A65D-4CB2-8B0252E15F08
33.41602,-45.35074,2,F752B62E-E95F-A65D-4CB2-8B0252E15F08
-68.957634,-25.516132,0,F752B62E-E95F-A65D-4CB2-8B0252E15F08
-72.420364,-23.04027,0,F752B62E-E95F-A65D-4CB2-8B0252E15F08
-39.348934,-3.996154,0,F752B62E-E95F-A65D-4CB2-8B0252E15F08
-39.272255,-3.954214,0,F752B62E-E95F-A65D-4CB2-8B0252E15F08
30.390745,32.57081,2,F752B62E-E95F-A65D-4CB2-8B0252E15F08
30.357727,32.45027,0,F752B62E-E95F-A65D-4CB2-8B0252E15F08
28.05453,27.929625,0,F752B62E-E95F-A65D-4CB2-8B0252E15F08
28.041376,27.920906,0,F752B62E-E95F-A65D-4CB2-8B0252E15F08
-6.9881,-27.944433,1,FB3409F8-2ADE-757A-A1A5-DC1BBBD1131A
-7.0005293,-28.104921,1,FB3409F8-2ADE-757A-A1A5-DC1BBBD1131A
-7.843404,-30.079622,1,FB3409F8-2ADE-757A-A1A5-DC1BBBD1131A
-32.037243,-47.272057,1,FB3409F8-2ADE-757A-A1A5-DC1BBBD1131A
55.21911,-20.052284,1,FB3409F8-2ADE-757A-A1A5-DC1BBBD1131A
55.239117,-20.047419,1,FB3409F8-2ADE-757A-A1A5-DC1BBBD1131A
55.98895,-19.957575,1,FB3409F8-2ADE-757A-A1A5-DC1BBBD1131A
57.635715,-19.003544,1,FB3409F8-2ADE-757A-A1A5-DC1BBBD1131A
57.63374,-18.961018,1,FB3409F8-2ADE-757A-A1A5-DC1BBBD1131A
67.04735,-19.467037,1,FB3409F8-2ADE-757A-A1A5-DC1BBBD1131A
-0.98813397,-16.19174,1,FB3409F8-2ADE-757A-A1A5-DC1BBBD1131A
-0.99299556,-16.21202,1,FB3409F8-2ADE-757A-A1A5-DC1BBBD1131A
-18.299316,60.190434,1,FB3409F8-2ADE-757A-A1A5-DC1BBBD1131A
-17.507158,60.092854,1,FB3409F8-2ADE-757A-A1A5-DC1BBBD1131A
-16.7438,59.99375,1,FB3409F8-2ADE-757A-A1A5-DC1BBBD1131A
-16.284649,59.930447,1,FB3409F8-2ADE-757A-A1A5-DC1BBBD1131A
-6.3394084,4.323734,1,FB3409F8-2ADE-757A-A1A5-DC1BBBD1131A
-6.346246,4.331608,1,FB3409F8-2ADE-757A-A1A5-DC1BBBD1131A
31.911781,28.550901,1,FB70D507-2F2A-0F83-3B53-75EB8452F5E0
31.945223,28.470623,0,FB70D507-2F2A-0F83-3B53-75EB8452F5E0
32.716778,26.412962,0,FB70D507-2F2A-0F83-3B53-75EB8452F5E0
32.801647,26.23009,0,FB70D507-2F2A-0F83-3B53-75EB8452F5E0
55.564247,9.510868,2,FB70D507-2F2A-0F83-3B53-75EB8452F5E0
55.56642,9.507036,2,FB70D507-2F2A-0F83-3B53-75EB8452F5E0
31.123945,64.73286,0,FB70D507-2F2A-0F83-3B53-75EB8452F5E0
31.48068,64.36962,0,FB70D507-2F2A-0F83-3B53-75EB8452F5E0
31.835876,63.975933,2,FB70D507-2F2A-0F83-3B53-75EB8452F5E0
32.777344,63.242004,2,FB70D507-2F2A-0F83-3B53-75EB8452F5E0
33.510937,62.124027,2,FB70D507-2F2A-0F83-3B53-75EB8452F5E0
33.53193,61.760113,2,FB70D507-2F2A-0F83-3B53-75EB8452F5E0
12.726309,18.393686,2,FB70D507-2F2A-0F83-3B53-75EB8452F5E0
12.461935,18.177633,2,FB70D507-2F2A-0F83-3B53-75EB8452F5E0
3.3894506,1.9597515,2,FB70D507-2F2A-0F83-3B53-75EB8452F5E0
-53.069,1.8770529,2,FB70D507-2F2A-0F83-3B53-75EB8452F5E0
-52.890892,1.9493809,2,FB70D507-2F2A-0F83-3B53-75EB8452F5E0
-52.611828,1.8557284,0,FB70D507-2F2A-0F83-3B53-75EB8452F5E0
49.02291,-47.039402,2,FB70D507-2F2A-0F83-3B53-75EB8452F5E0
35.872326,-26.276134,2,FB70D507-2F2A-0F83-3B53-75EB8452F5E0
9.445586,-37.143852,2,FB70D507-2F2A-0F83-3B53-75EB8452F5E0
9.222504,-36.850906,0,FB70D507-2F2A-0F83-3B53-75EB8452F5E0
8.880688,-36.27111,0,FB70D507-2F2A-0F83-3B53-75EB8452F5E0
8.642512,-35.316372,0,FB70D507-2F2A-0F83-3B53-75EB8452F5E0
19.805574,57.807953,2,FC50071B-D2BA-C98B-AC6E-7339010D56DA
19.799566,57.703815,2,FC50071B-D2BA-C98B-AC6E-7339010D56DA
23.64447,59.21925,2,FC50071B-D2BA-C98B-AC6E-7339010D56DA
22.090813,59.21308,2,FC50071B-D2BA-C98B-AC6E-7339010D56DA
22.25455,59.308285,2,FC50071B-D2BA-C98B-AC6E-7339010D56DA
22.817427,59.52857,2,FC50071B-D2BA-C98B-AC6E-7339010D56DA
39.16773,9.102989,2,FC50071B-D2BA-C98B-AC6E-7339010D56DA
41.61797,-29.509457,2,FC50071B-D2BA-C98B-AC6E-7339010D56DA
41.62392,-29.553589,2,FC50071B-D2BA-C98B-AC6E-7339010D56DA
69.89706,-18.973778,2,FC50071B-D2BA-C98B-AC6E-7339010D56DA
70.00727,-18.840294,2,FC50071B-D2BA-C98B-AC6E-7339010D56DA
70.08685,-18.2175,2,FC50071B-D2BA-C98B-AC6E-7339010D56DA
1.7770904,21.679071,2,FC50071B-D2BA-C98B-AC6E-7339010D56DA
1.4729046,21.71393,2,FC50071B-D2BA-C98B-AC6E-7339010D56DA
1.1372097,21.731668,2,FC50071B-D2BA-C98B-AC6E-7339010D56DA
-6.7185574,21.568275,2,FC50071B-D2BA-C98B-AC6E-7339010D56DA
-6.597624,20.978918,2,FC50071B-D2BA-C98B-AC6E-7339010D56DA
-6.6057825,20.702085,1,FC50071B-D2BA-C98B-AC6E-7339010D56DA
18.174162,-34.98639,2,FC50071B-D2BA-C98B-AC6E-7339010D56DA
-60.52835,-25.319345,2,FC50071B-D2BA-C98B-AC6E-7339010D56DA
-21.292284,12.020562,2,FC50071B-D2BA-C98B-AC6E-7339010D56DA
-20.969986,11.928847,1,FC50071B-D2BA-C98B-AC6E-7339010D56DA
6.8443503,-2.720962,1,FC50071B-D2BA-C98B-AC6E-7339010D56DA
6.8495016,-2.7358603,1,FC50071B-D2BA-C98B-AC6E-7339010D56DA
25.41537,2.4644294,0,FC66D29E-8CD8-AE29-A071-33549272C1EE
25.416712,3.0690885,0,FC66D29E-8CD8-AE29-A071-33549272C1EE
25.394325,3.2701073,0,FC66D29E-8CD8-AE29-A071-33549272C1EE
-33.11981,44.493687,2,FC66D29E-8CD8-AE29-A071-33549272C1EE
-32.78665,44.584515,2,FC66D29E-8CD8-AE29-A071-33549272C1EE
-31.987366,44.81971,2,FC66D29E-8CD8-AE29-A071-33549272C1EE
-31.656761,44.898636,0,FC66D29E-8CD8-AE29-A071-33549272C1EE
7.1844196,25.408337,0,FC66D29E-8CD8-AE29-A071-33549272C1EE
7.3881774,25.303946,0,FC66D29E-8CD8-AE29-A071-33549272C1EE
8.600985,25.237497,0,FC66D29E-8CD8-AE29-A071-33549272C1EE
8.881194,25.193243,0,FC66D29E-8CD8-AE29-A071-33549272C1EE
-54.006622,-12.306284,0,FC66D29E-8CD8-AE29-A071-33549272C1EE
-54.144726,-12.600133,0,FC66D29E-8CD8-AE29-A071-33549272C1EE
-7.5386705,-21.126045,2,FC66D29E-8CD8-AE29-A071-33549272C1EE
-7.2039266,-21.025843,2,FC66D29E-8CD8-AE29-A071-33549272C1EE
-6.8664064,-33.382545,2,FC66D29E-8CD8-AE29-A071-33549272C1EE
-6.481388,-33.125008,0,FC66D29E-8CD8-AE29-A071-33549272C1EE
-6.251133,-33.09611,0,FC66D29E-8CD8-AE29-A071-33549272C1EE
-20.739178,18.574146,2,FC66D29E-8CD8-AE29-A071-33549272C1EE
-20.662539,18.564297,2,FC66D29E-8CD8-AE29-A071-33549272C1EE
-13.380086,15.756748,2,FC66D29E-8CD8-AE29-A071-33549272C1EE
-13.201855,15.317324,2,FC66D29E-8CD8-AE29-A071-33549272C1EE
-12.981953,14.693065,0,FC66D29E-8CD8-AE29-A071-33549272C1EE
-12.674531,13.892925,0,FC66D29E-8CD8-AE29-A071-33549272C1EE
30.242071,70.630424,2,FFAB0F54-EFF2-FA1A-1892-F9D8ED3C9B31
30.689589,70.67057,0,FFAB0F54-EFF2-FA1A-1892-F9D8ED3C9B31
9.717326,54.923336,0,FFAB0F54-EFF2-FA1A-1892-F9D8ED3C9B31
-17.912006,41.541855,0,FFAB0F54-EFF2-FA1A-1892-F9D8ED3C9B31
0.19307561,45.961227,2,FFAB0F54-EFF2-FA1A-1892-F9D8ED3C9B31
0.18955693,45.956703,2,FFAB0F54-EFF2-FA1A-1892-F9D8ED3C9B31
-11.798722,42.741867,0,FFAB0F54-EFF2-FA1A-1892-F9D8ED3C9B31
-10.772764,43.805523,0,FFAB0F54-EFF2-FA1A-1892-F9D8ED3C9B31
-10.768407,44.170372,2,FFAB0F54-EFF2-FA1A-1892-F9D8ED3C9B31
-10.688955,45.54703,0,FFAB0F54-EFF2-FA1A-1892-F9D8ED3C9B31
-10.733515,45.77262,0,FFAB0F54-EFF2-FA1A-1892-F9D8ED3C9B31
-62.253563,5.19394,0,FFAB0F54-EFF2-FA1A-1892-F9D8ED3C9B31
58.675316,28.338793,2,FFAB0F54-EFF2-FA1A-1892-F9D8ED3C9B31
58.932182,27.544304,1,FFAB0F54-EFF2-FA1A-1892-F9D8ED3C9B31
59.051056,27.153168,1,FFAB0F54-EFF2-FA1A-1892-F9D8ED3C9B31
59.228413,26.481247,0,FFAB0F54-EFF2-FA1A-1892-F9D8ED3C9B31
46.55188,47.669086,0,FFAB0F54-EFF2-FA1A-1892-F9D8ED3C9B31
46.53216,48.10336,0,FFAB0F54-EFF2-FA1A-1892-F9D8ED3C9B31
-15.833184,-54.012222,1,FFAB0F54-EFF2-FA1A-1892-F9D8ED3C9B31
-15.777428,-54.490093,1,FFAB0F54-EFF2-FA1A-1892-F9D8ED3C9B31
-15.748465,-54.747665,2,FFAB0F54-EFF2-FA1A-1892-F9D8ED3C9B31
-25.334713,20.846035,0,FFAB0F54-EFF2-FA1A-1892-F9D8ED3C9B31
-46.3779,-15.771406,0,FFAB0F54-EFF2-FA1A-1892-F9D8ED3C9B31
-46.239628,-15.756017,0,FFAB0F54-EFF2-FA1A-1892-F9D8ED3C9B31
