tsne_x,tsne_y,label_mood,player_id
-64.014534,-33.851673,2,018B0D8D-B5EC-09D6-90ED-550058EBFEAF
-62.874874,-42.221134,2,018B0D8D-B5EC-09D6-90ED-550058EBFEAF
-62.912468,-42.330364,2,018B0D8D-B5EC-09D6-90ED-550058EBFEAF
-63.06443,-42.76064,2,018B0D8D-B5EC-09D6-90ED-550058EBFEAF
-61.96247,-44.952133,2,018B0D8D-B5EC-09D6-90ED-550058EBFEAF
-61.92134,-45.03898,2,018B0D8D-B5EC-09D6-90ED-550058EBFEAF
21.31267,-6.580158,0,018B0D8D-B5EC-09D6-90ED-550058EBFEAF
21.400839,-6.4760413,0,018B0D8D-B5EC-09D6-90ED-550058EBFEAF
40.334778,26.768646,0,018B0D8D-B5EC-09D6-90ED-550058EBFEAF
40.398457,26.956974,2,018B0D8D-B5EC-09D6-90ED-550058EBFEAF
40.67336,27.927168,2,018B0D8D-B5EC-09D6-90ED-550058EBFEAF
40.771404,28.306019,2,018B0D8D-B5EC-09D6-90ED-550058EBFEAF
6.358576,12.266839,0,018B0D8D-B5EC-09D6-90ED-550058EBFEAF
-11.458958,0.745759,0,018B0D8D-B5EC-09D6-90ED-550058EBFEAF
-11.612244,0.5988068,0,018B0D8D-B5EC-09D6-90ED-550058EBFEAF
-12.348625,-0.043007173,0,018B0D8D-B5EC-09D6-90ED-550058EBFEAF
-13.415859,-1.2404594,0,018B0D8D-B5EC-09D6-90ED-550058EBFEAF
-13.615779,-1.4714689,0,018B0D8D-B5EC-09D6-90ED-550058EBFEAF
-32.524864,29.60986,0,06F9F8CE-9696-23CA-25B5-000AA4A793BA
-7.5055604,18.913738,0,06F9F8CE-9696-23CA-25B5-000AA4A793BA
-7.570755,19.095316,0,06F9F8CE-9696-23CA-25B5-000AA4A793BA
-1.4521823,7.850029,0,06F9F8CE-9696-23CA-25B5-000AA4A793BA
-1.5844638,7.8990607,0,06F9F8CE-9696-23CA-25B5-000AA4A793BA
-2.0388663,8.041692,1,06F9F8CE-9696-23CA-25B5-000AA4A793BA
-11.247202,-5.907306,0,06F9F8CE-9696-23CA-25B5-000AA4A793BA
-11.654898,-6.5238185,0,06F9F8CE-9696-23CA-25B5-000AA4A793BA
-12.008213,-7.077421,0,06F9F8CE-9696-23CA-25B5-000AA4A793BA
-12.502576,-7.6184826,0,06F9F8CE-9696-23CA-25B5-000AA4A793BA
-20.78575,-9.732032,0,06F9F8CE-9696-23CA-25B5-000AA4A793BA
-20.855234,-9.72667,0,06F9F8CE-9696-23CA-25B5-000AA4A793BA
33.294254,14.256171,2,06F9F8CE-9696-23CA-25B5-000AA4A793BA
34.2128,14.379633,2,06F9F8CE-9696-23CA-25B5-000AA4A793BA
35.31747,14.641892,2,06F9F8CE-9696-23CA-25B5-000AA4A793BA
35.65532,14.718507,2,06F9F8CE-9696-23CA-25B5-000AA4A793BA
36.22626,14.777788,2,06F9F8CE-9696-23CA-25B5-000AA4A793BA
63.08328,1.0188143,0,06F9F8CE-9696-23CA-25B5-000AA4A793BA
3.5912728,10.13519,0,06F9F8CE-9696-23CA-25B5-000AA4A793BA
-10.648432,11.941035,0,06F9F8CE-9696-23CA-25B5-000AA4A793BA
-10.668379,11.943972,0,06F9F8CE-9696-23CA-25B5-000AA4A793BA
-7.676374,-1.0937368,0,06F9F8CE-9696-23CA-25B5-000AA4A793BA
-7.7069306,-1.5620025,0,06F9F8CE-9696-23CA-25B5-000AA4A793BA
-7.4012117,-3.4611459,0,06F9F8CE-9696-23CA-25B5-000AA4A793BA
-7.4213567,-3.5553925,1,06F9F8CE-9696-23CA-25B5-000AA4A793BA
-11.764795,-15.725599,1,06F9F8CE-9696-23CA-25B5-000AA4A793BA
-11.970261,-15.840844,1,06F9F8CE-9696-23CA-25B5-000AA4A793BA
-15.101637,-20.177174,1,06F9F8CE-9696-23CA-25B5-000AA4A793BA
-15.4244175,-20.5898,0,06F9F8CE-9696-23CA-25B5-000AA4A793BA
-15.544709,-20.78686,0,06F9F8CE-9696-23CA-25B5-000AA4A793BA
56.0277,-20.211672,0,0A221ADF-C99E-307E-7B65-92EF9DABA6C4
26.19342,-32.353893,0,0A221ADF-C99E-307E-7B65-92EF9DABA6C4
25.929993,-32.057533,0,0A221ADF-C99E-307E-7B65-92EF9DABA6C4
-5.2076244,51.876858,2,0A221ADF-C99E-307E-7B65-92EF9DABA6C4
-5.3627467,52.182434,2,0A221ADF-C99E-307E-7B65-92EF9DABA6C4
-5.41473,52.88316,2,0A221ADF-C99E-307E-7B65-92EF9DABA6C4
0.2737188,-21.462975,2,0A221ADF-C99E-307E-7B65-92EF9DABA6C4
0.7467123,-21.510809,0,0A221ADF-C99E-307E-7B65-92EF9DABA6C4
1.771432,-21.615309,0,0A221ADF-C99E-307E-7B65-92EF9DABA6C4
2.2138205,-21.534092,0,0A221ADF-C99E-307E-7B65-92EF9DABA6C4
3.4547443,-21.125515,0,0A221ADF-C99E-307E-7B65-92EF9DABA6C4
38.23468,8.337663,2,0A221ADF-C99E-307E-7B65-92EF9DABA6C4
41.469585,10.7523985,2,0A221ADF-C99E-307E-7B65-92EF9DABA6C4
42.272934,10.583943,2,0A221ADF-C99E-307E-7B65-92EF9DABA6C4
42.978973,10.508946,2,0A221ADF-C99E-307E-7B65-92EF9DABA6C4
43.922997,10.206066,0,0A221ADF-C99E-307E-7B65-92EF9DABA6C4
44.701145,9.927014,0,0A221ADF-C99E-307E-7B65-92EF9DABA6C4
66.15593,1.7181296,0,0A221ADF-C99E-307E-7B65-92EF9DABA6C4
-6.520141,43.977367,2,0A221ADF-C99E-307E-7B65-92EF9DABA6C4
-6.7801204,44.490986,2,0A221ADF-C99E-307E-7B65-92EF9DABA6C4
-7.1050367,45.188595,2,0A221ADF-C99E-307E-7B65-92EF9DABA6C4
-16.317415,63.143944,2,0A221ADF-C99E-307E-7B65-92EF9DABA6C4
-16.65246,63.73655,2,0A221ADF-C99E-307E-7B65-92EF9DABA6C4
-16.77101,63.871082,2,0A221ADF-C99E-307E-7B65-92EF9DABA6C4
-52.467308,-60.314285,1,0A76B59A-F1FF-F3F5-A3CA-2386FA8EF308
-52.35518,-60.2783,0,0A76B59A-F1FF-F3F5-A3CA-2386FA8EF308
-51.68262,-60.080357,0,0A76B59A-F1FF-F3F5-A3CA-2386FA8EF308
-48.954964,-63.165195,0,0A76B59A-F1FF-F3F5-A3CA-2386FA8EF308
-48.546585,-63.455265,0,0A76B59A-F1FF-F3F5-A3CA-2386FA8EF308
-48.461754,-63.51031,0,0A76B59A-F1FF-F3F5-A3CA-2386FA8EF308
-4.488046,32.768276,2,0A76B59A-F1FF-F3F5-A3CA-2386FA8EF308
-4.0011516,33.662872,2,0A76B59A-F1FF-F3F5-A3CA-2386FA8EF308
-3.8970692,33.93432,2,0A76B59A-F1FF-F3F5-A3CA-2386FA8EF308
-10.476422,47.164806,2,0A76B59A-F1FF-F3F5-A3CA-2386FA8EF308
-18.613487,41.988876,2,0A76B59A-F1FF-F3F5-A3CA-2386FA8EF308
-18.823198,41.946556,2,0A76B59A-F1FF-F3F5-A3CA-2386FA8EF308
-12.320469,-8.246722,2,0A76B59A-F1FF-F3F5-A3CA-2386FA8EF308
-16.060171,-17.848948,1,0A76B59A-F1FF-F3F5-A3CA-2386FA8EF308
-16.464775,-18.029097,2,0A76B59A-F1FF-F3F5-A3CA-2386FA8EF308
-21.418737,-18.610754,2,0A76B59A-F1FF-F3F5-A3CA-2386FA8EF308
-21.616796,-18.878498,2,0A76B59A-F1FF-F3F5-A3CA-2386FA8EF308
-21.79298,-19.188318,2,0A76B59A-F1FF-F3F5-A3CA-2386FA8EF308
66.08779,-0.77449054,0,0A76B59A-F1FF-F3F5-A3CA-2386FA8EF308
58.26257,-22.232832,0,0A76B59A-F1FF-F3F5-A3CA-2386FA8EF308
58.05383,-22.429256,0,0A76B59A-F1FF-F3F5-A3CA-2386FA8EF308
57.292942,-22.590252,0,0A76B59A-F1FF-F3F5-A3CA-2386FA8EF308
35.476837,-27.297577,2,0A76B59A-F1FF-F3F5-A3CA-2386FA8EF308
35.093193,-27.211878,2,0A76B59A-F1FF-F3F5-A3CA-2386FA8EF308
-59.156822,-32.794086,2,0AD33010-1AC1-E9FB-2FD4-313E3DF4692D
-58.175816,-32.824913,2,0AD33010-1AC1-E9FB-2FD4-313E3DF4692D
-48.936356,-30.637787,0,0AD33010-1AC1-E9FB-2FD4-313E3DF4692D
-48.488346,-30.497118,0,0AD33010-1AC1-E9FB-2FD4-313E3DF4692D
-47.524075,-30.449135,0,0AD33010-1AC1-E9FB-2FD4-313E3DF4692D
-47.19899,-30.46042,0,0AD33010-1AC1-E9FB-2FD4-313E3DF4692D
-1.2705612,60.382584,2,0AD33010-1AC1-E9FB-2FD4-313E3DF4692D
-1.207184,60.526752,0,0AD33010-1AC1-E9FB-2FD4-313E3DF4692D
2.8062067,69.813354,0,0AD33010-1AC1-E9FB-2FD4-313E3DF4692D
3.1490383,70.38849,0,0AD33010-1AC1-E9FB-2FD4-313E3DF4692D
3.8995981,71.28301,0,0AD33010-1AC1-E9FB-2FD4-313E3DF4692D
4.040521,71.36895,0,0AD33010-1AC1-E9FB-2FD4-313E3DF4692D
-16.00841,-12.112126,2,0AD33010-1AC1-E9FB-2FD4-313E3DF4692D
-16.233253,-12.276118,2,0AD33010-1AC1-E9FB-2FD4-313E3DF4692D
-17.095259,-12.874659,2,0AD33010-1AC1-E9FB-2FD4-313E3DF4692D
-18.094595,-13.304874,2,0AD33010-1AC1-E9FB-2FD4-313E3DF4692D
-18.59028,-13.453896,2,0AD33010-1AC1-E9FB-2FD4-313E3DF4692D
-19.883154,-14.14122,2,0AD33010-1AC1-E9FB-2FD4-313E3DF4692D
-20.438396,-14.467312,2,0AD33010-1AC1-E9FB-2FD4-313E3DF4692D
-21.22159,-14.989701,2,0AD33010-1AC1-E9FB-2FD4-313E3DF4692D
-21.420013,-15.159039,2,0AD33010-1AC1-E9FB-2FD4-313E3DF4692D
-8.224568,-19.284714,1,0AD33010-1AC1-E9FB-2FD4-313E3DF4692D
-7.843018,-19.48419,1,0AD33010-1AC1-E9FB-2FD4-313E3DF4692D
-7.271558,-19.75666,1,0AD33010-1AC1-E9FB-2FD4-313E3DF4692D
-18.678383,-60.337368,0,0B5863F1-A482-C95D-EA42-9183B5BDFA12
-17.85663,-59.80062,0,0B5863F1-A482-C95D-EA42-9183B5BDFA12
-17.66864,-59.711872,0,0B5863F1-A482-C95D-EA42-9183B5BDFA12
30.967821,4.0781546,0,0B5863F1-A482-C95D-EA42-9183B5BDFA12
37.670147,11.881689,1,0B5863F1-A482-C95D-EA42-9183B5BDFA12
37.85801,12.237895,1,0B5863F1-A482-C95D-EA42-9183B5BDFA12
38.225155,12.919154,1,0B5863F1-A482-C95D-EA42-9183B5BDFA12
38.42265,13.321682,0,0B5863F1-A482-C95D-EA42-9183B5BDFA12
62.884228,21.974428,0,0B5863F1-A482-C95D-EA42-9183B5BDFA12
63.495552,22.58895,0,0B5863F1-A482-C95D-EA42-9183B5BDFA12
63.66301,22.726755,0,0B5863F1-A482-C95D-EA42-9183B5BDFA12
54.400875,-19.301023,0,0B5863F1-A482-C95D-EA42-9183B5BDFA12
54.54046,-19.412832,0,0B5863F1-A482-C95D-EA42-9183B5BDFA12
55.273212,-19.949389,0,0B5863F1-A482-C95D-EA42-9183B5BDFA12
38.089096,-16.061579,2,0B5863F1-A482-C95D-EA42-9183B5BDFA12
7.4548936,47.446224,2,0B5863F1-A482-C95D-EA42-9183B5BDFA12
7.122228,47.75431,2,0B5863F1-A482-C95D-EA42-9183B5BDFA12
6.918275,47.941254,2,0B5863F1-A482-C95D-EA42-9183B5BDFA12
-18.77169,7.656493,0,0B5863F1-A482-C95D-EA42-9183B5BDFA12
-18.741438,7.6049647,0,0B5863F1-A482-C95D-EA42-9183B5BDFA12
-25.324533,-11.683347,2,0B5863F1-A482-C95D-EA42-9183B5BDFA12
-25.046839,-11.312242,2,0B5863F1-A482-C95D-EA42-9183B5BDFA12
-24.410429,-10.57424,2,0B5863F1-A482-C95D-EA42-9183B5BDFA12
-24.101254,-10.384721,0,0B5863F1-A482-C95D-EA42-9183B5BDFA12
53.918716,37.129288,1,0B5863F1-A482-C95D-EA42-9183B5BDFA12
54.103832,37.20856,1,0B5863F1-A482-C95D-EA42-9183B5BDFA12
54.757626,37.329433,2,0B5863F1-A482-C95D-EA42-9183B5BDFA12
55.114704,37.39333,2,0B5863F1-A482-C95D-EA42-9183B5BDFA12
53.960712,12.524861,2,0B5863F1-A482-C95D-EA42-9183B5BDFA12
63.966805,-18.979929,2,0B5863F1-A482-C95D-EA42-9183B5BDFA12
-41.785507,-42.153996,2,0D759376-3F10-1BEB-7205-E91B8BF17984
-41.708725,-42.174316,2,0D759376-3F10-1BEB-7205-E91B8BF17984
-41.49587,-42.54061,2,0D759376-3F10-1BEB-7205-E91B8BF17984
-41.112907,-42.996162,2,0D759376-3F10-1BEB-7205-E91B8BF17984
-31.046856,-53.712585,2,0D759376-3F10-1BEB-7205-E91B8BF17984
-30.534431,-53.840233,2,0D759376-3F10-1BEB-7205-E91B8BF17984
52.825672,-17.068445,0,0D759376-3F10-1BEB-7205-E91B8BF17984
52.841362,-17.051662,0,0D759376-3F10-1BEB-7205-E91B8BF17984
26.421946,-33.632767,0,0D759376-3F10-1BEB-7205-E91B8BF17984
10.739502,44.261753,0,0D759376-3F10-1BEB-7205-E91B8BF17984
10.240665,44.62494,0,0D759376-3F10-1BEB-7205-E91B8BF17984
9.943358,44.83923,2,0D759376-3F10-1BEB-7205-E91B8BF17984
46.216503,0.71467924,2,0D759376-3F10-1BEB-7205-E91B8BF17984
46.856056,0.3548044,2,0D759376-3F10-1BEB-7205-E91B8BF17984
47.54827,-0.011979019,2,0D759376-3F10-1BEB-7205-E91B8BF17984
48.140297,-0.19934988,2,0D759376-3F10-1BEB-7205-E91B8BF17984
48.536472,-0.39941758,2,0D759376-3F10-1BEB-7205-E91B8BF17984
65.28596,6.2118306,2,0D759376-3F10-1BEB-7205-E91B8BF17984
39.463573,22.630018,0,0F3B2D98-51FE-5265-3746-A0763DE31C98
39.543354,22.421228,1,0F3B2D98-51FE-5265-3746-A0763DE31C98
39.640354,21.962534,1,0F3B2D98-51FE-5265-3746-A0763DE31C98
52.14647,7.9656243,1,0F3B2D98-51FE-5265-3746-A0763DE31C98
52.582115,7.417991,1,0F3B2D98-51FE-5265-3746-A0763DE31C98
52.804836,7.141681,1,0F3B2D98-51FE-5265-3746-A0763DE31C98
-17.931747,59.684013,2,0F3B2D98-51FE-5265-3746-A0763DE31C98
-17.925444,59.439873,2,0F3B2D98-51FE-5265-3746-A0763DE31C98
-17.858494,58.995373,2,0F3B2D98-51FE-5265-3746-A0763DE31C98
-31.786726,46.258842,2,0F3B2D98-51FE-5265-3746-A0763DE31C98
-32.43842,45.528694,0,0F3B2D98-51FE-5265-3746-A0763DE31C98
-32.800644,45.144794,0,0F3B2D98-51FE-5265-3746-A0763DE31C98
-63.495495,-31.65096,2,14027B3A-0AD6-CBA3-A600-42B3C0A4D933
-55.56692,-47.35977,2,14027B3A-0AD6-CBA3-A600-42B3C0A4D933
-55.88112,-47.597168,2,14027B3A-0AD6-CBA3-A600-42B3C0A4D933
-56.73598,-48.0197,2,14027B3A-0AD6-CBA3-A600-42B3C0A4D933
-57.339664,-48.35088,2,14027B3A-0AD6-CBA3-A600-42B3C0A4D933
-57.57724,-48.530586,2,14027B3A-0AD6-CBA3-A600-42B3C0A4D933
-12.476917,47.62413,2,14027B3A-0AD6-CBA3-A600-42B3C0A4D933
-12.602453,47.680782,2,14027B3A-0AD6-CBA3-A600-42B3C0A4D933
-30.57403,58.81141,2,14027B3A-0AD6-CBA3-A600-42B3C0A4D933
-30.977394,58.862514,2,14027B3A-0AD6-CBA3-A600-42B3C0A4D933
-31.41652,58.877495,2,14027B3A-0AD6-CBA3-A600-42B3C0A4D933
-32.18109,58.90642,0,14027B3A-0AD6-CBA3-A600-42B3C0A4D933
-32.92183,58.962826,0,14027B3A-0AD6-CBA3-A600-42B3C0A4D933
-1.0224621,14.210495,0,14027B3A-0AD6-CBA3-A600-42B3C0A4D933
-2.903815,13.529172,0,14027B3A-0AD6-CBA3-A600-42B3C0A4D933
6.6860337,7.962682,2,14027B3A-0AD6-CBA3-A600-42B3C0A4D933
6.664581,7.991405,2,14027B3A-0AD6-CBA3-A600-42B3C0A4D933
-3.579433,13.528714,2,14027B3A-0AD6-CBA3-A600-42B3C0A4D933
-5.331617,-5.8295274,2,14027B3A-0AD6-CBA3-A600-42B3C0A4D933
-5.7488832,-6.18898,2,14027B3A-0AD6-CBA3-A600-42B3C0A4D933
-5.9977145,-6.447402,2,14027B3A-0AD6-CBA3-A600-42B3C0A4D933
-6.4924245,-6.959911,2,14027B3A-0AD6-CBA3-A600-42B3C0A4D933
-16.486586,-15.347338,2,14027B3A-0AD6-CBA3-A600-42B3C0A4D933
-17.121035,-15.974796,0,14027B3A-0AD6-CBA3-A600-42B3C0A4D933
-17.806196,-16.676271,0,14027B3A-0AD6-CBA3-A600-42B3C0A4D933
-18.534258,-16.951115,0,14027B3A-0AD6-CBA3-A600-42B3C0A4D933
-24.711866,-31.87742,0,14027B3A-0AD6-CBA3-A600-42B3C0A4D933
-24.32361,-32.421585,2,14027B3A-0AD6-CBA3-A600-42B3C0A4D933
-24.165579,-32.622158,2,14027B3A-0AD6-CBA3-A600-42B3C0A4D933
-25.735521,-31.81771,2,14027B3A-0AD6-CBA3-A600-42B3C0A4D933
17.233978,-14.138294,2,14027B3A-0AD6-CBA3-A600-42B3C0A4D933
-8.937986,45.77139,2,14027B3A-0AD6-CBA3-A600-42B3C0A4D933
-8.912741,46.23612,2,14027B3A-0AD6-CBA3-A600-42B3C0A4D933
-16.75172,55.754425,2,14027B3A-0AD6-CBA3-A600-42B3C0A4D933
-17.291115,55.94449,2,14027B3A-0AD6-CBA3-A600-42B3C0A4D933
-17.908297,56.119827,2,14027B3A-0AD6-CBA3-A600-42B3C0A4D933
-18.495678,55.95159,0,14027B3A-0AD6-CBA3-A600-42B3C0A4D933
-19.273912,55.658295,0,14027B3A-0AD6-CBA3-A600-42B3C0A4D933
7.072472,10.212848,0,14027B3A-0AD6-CBA3-A600-42B3C0A4D933
6.236218,10.357366,0,14027B3A-0AD6-CBA3-A600-42B3C0A4D933
1.5726004,10.474509,2,14027B3A-0AD6-CBA3-A600-42B3C0A4D933
1.3326857,10.403413,2,14027B3A-0AD6-CBA3-A600-42B3C0A4D933
-15.1644535,54.304794,2,165B40B2-D9B2-DBC0-AE48-02C0F49A609F
-15.458415,54.158043,2,165B40B2-D9B2-DBC0-AE48-02C0F49A609F
-16.031128,53.767128,2,165B40B2-D9B2-DBC0-AE48-02C0F49A609F
-32.934364,14.629466,2,165B40B2-D9B2-DBC0-AE48-02C0F49A609F
-33.263462,14.085195,2,165B40B2-D9B2-DBC0-AE48-02C0F49A609F
-33.33369,13.983354,2,165B40B2-D9B2-DBC0-AE48-02C0F49A609F
-42.772514,1.6927013,2,165B40B2-D9B2-DBC0-AE48-02C0F49A609F
-42.783295,1.6551801,2,165B40B2-D9B2-DBC0-AE48-02C0F49A609F
-43.82451,-1.6976684,2,165B40B2-D9B2-DBC0-AE48-02C0F49A609F
-43.827065,-1.7302039,2,165B40B2-D9B2-DBC0-AE48-02C0F49A609F
-24.932764,-24.00406,2,165B40B2-D9B2-DBC0-AE48-02C0F49A609F
-24.640953,-23.832375,2,165B40B2-D9B2-DBC0-AE48-02C0F49A609F
39.731297,-24.75879,2,165B40B2-D9B2-DBC0-AE48-02C0F49A609F
39.508934,-24.468876,2,165B40B2-D9B2-DBC0-AE48-02C0F49A609F
39.13715,-24.182734,2,165B40B2-D9B2-DBC0-AE48-02C0F49A609F
22.672485,-11.23301,2,165B40B2-D9B2-DBC0-AE48-02C0F49A609F
22.654175,-11.223615,2,165B40B2-D9B2-DBC0-AE48-02C0F49A609F
-45.756016,4.6199737,2,165B40B2-D9B2-DBC0-AE48-02C0F49A609F
11.933498,-26.232708,0,165B40B2-D9B2-DBC0-AE48-02C0F49A609F
12.006793,-26.186712,0,165B40B2-D9B2-DBC0-AE48-02C0F49A609F
42.776394,19.947344,0,165B40B2-D9B2-DBC0-AE48-02C0F49A609F
42.937668,19.531866,0,165B40B2-D9B2-DBC0-AE48-02C0F49A609F
43.21576,18.88615,0,165B40B2-D9B2-DBC0-AE48-02C0F49A609F
43.380714,18.671366,1,165B40B2-D9B2-DBC0-AE48-02C0F49A609F
-11.033891,51.62988,2,172A62AD-9B69-33E2-1551-9526879D80AC
-11.143817,51.61061,2,172A62AD-9B69-33E2-1551-9526879D80AC
3.9251392,15.728457,2,172A62AD-9B69-33E2-1551-9526879D80AC
3.789422,15.119757,2,172A62AD-9B69-33E2-1551-9526879D80AC
3.6131787,14.568982,2,172A62AD-9B69-33E2-1551-9526879D80AC
-0.6421171,4.8343363,2,172A62AD-9B69-33E2-1551-9526879D80AC
-0.9835676,4.580959,2,172A62AD-9B69-33E2-1551-9526879D80AC
-1.6767162,4.0409408,2,172A62AD-9B69-33E2-1551-9526879D80AC
-14.841286,-3.9191222,2,172A62AD-9B69-33E2-1551-9526879D80AC
-14.958658,-4.01857,2,172A62AD-9B69-33E2-1551-9526879D80AC
-30.42282,-17.38935,2,172A62AD-9B69-33E2-1551-9526879D80AC
-30.43643,-17.393593,2,172A62AD-9B69-33E2-1551-9526879D80AC
8.963666,-20.583788,2,172A62AD-9B69-33E2-1551-9526879D80AC
9.696836,-20.772388,2,172A62AD-9B69-33E2-1551-9526879D80AC
10.061644,-20.825718,2,172A62AD-9B69-33E2-1551-9526879D80AC
11.319648,-21.143877,2,172A62AD-9B69-33E2-1551-9526879D80AC
24.764074,7.381681,2,172A62AD-9B69-33E2-1551-9526879D80AC
24.831295,7.408052,2,172A62AD-9B69-33E2-1551-9526879D80AC
-61.806374,-29.75964,2,1AE03BA6-E346-DEB8-4865-276ECC5CD9B1
-47.754585,-37.32476,2,1AE03BA6-E346-DEB8-4865-276ECC5CD9B1
-47.711864,-37.802727,2,1AE03BA6-E346-DEB8-4865-276ECC5CD9B1
-47.555954,-38.271183,2,1AE03BA6-E346-DEB8-4865-276ECC5CD9B1
-46.162224,-38.607323,1,1AE03BA6-E346-DEB8-4865-276ECC5CD9B1
-45.441383,-38.924145,0,1AE03BA6-E346-DEB8-4865-276ECC5CD9B1
-44.79211,-39.29798,0,1AE03BA6-E346-DEB8-4865-276ECC5CD9B1
-44.349453,-39.424824,0,1AE03BA6-E346-DEB8-4865-276ECC5CD9B1
-43.807877,-39.72338,0,1AE03BA6-E346-DEB8-4865-276ECC5CD9B1
-35.989067,-50.68323,0,1AE03BA6-E346-DEB8-4865-276ECC5CD9B1
-35.3834,-50.36183,2,1AE03BA6-E346-DEB8-4865-276ECC5CD9B1
-35.321884,-50.33139,2,1AE03BA6-E346-DEB8-4865-276ECC5CD9B1
56.58114,11.313717,1,1AE03BA6-E346-DEB8-4865-276ECC5CD9B1
71.36886,4.127689,0,1AE03BA6-E346-DEB8-4865-276ECC5CD9B1
41.540142,-48.789627,0,1AE03BA6-E346-DEB8-4865-276ECC5CD9B1
40.953087,-48.113297,0,1AE03BA6-E346-DEB8-4865-276ECC5CD9B1
40.755886,-47.9243,0,1AE03BA6-E346-DEB8-4865-276ECC5CD9B1
40.13733,-47.436142,0,1AE03BA6-E346-DEB8-4865-276ECC5CD9B1
-4.1833024,-21.873646,1,1AE03BA6-E346-DEB8-4865-276ECC5CD9B1
-4.095473,-21.816557,1,1AE03BA6-E346-DEB8-4865-276ECC5CD9B1
14.196691,-40.17329,1,1AE03BA6-E346-DEB8-4865-276ECC5CD9B1
14.565382,-40.31002,0,1AE03BA6-E346-DEB8-4865-276ECC5CD9B1
15.470045,-40.61688,0,1AE03BA6-E346-DEB8-4865-276ECC5CD9B1
15.602956,-40.66746,0,1AE03BA6-E346-DEB8-4865-276ECC5CD9B1
45.304977,-22.780548,1,1AE03BA6-E346-DEB8-4865-276ECC5CD9B1
14.039789,37.1784,0,1AE03BA6-E346-DEB8-4865-276ECC5CD9B1
13.991611,37.220142,0,1AE03BA6-E346-DEB8-4865-276ECC5CD9B1
-0.4154711,48.73515,0,1AE03BA6-E346-DEB8-4865-276ECC5CD9B1
-7.219421,54.05736,2,1AE03BA6-E346-DEB8-4865-276ECC5CD9B1
-7.2638993,54.167625,2,1AE03BA6-E346-DEB8-4865-276ECC5CD9B1
-63.049706,-32.57044,2,1F6A56CA-9C73-442F-2682-BB69E4B03AB2
-52.20398,-25.976606,2,1F6A56CA-9C73-442F-2682-BB69E4B03AB2
-52.033546,-26.240074,2,1F6A56CA-9C73-442F-2682-BB69E4B03AB2
-51.603916,-26.861977,2,1F6A56CA-9C73-442F-2682-BB69E4B03AB2
-50.653004,-27.17183,2,1F6A56CA-9C73-442F-2682-BB69E4B03AB2
-50.123135,-27.288303,2,1F6A56CA-9C73-442F-2682-BB69E4B03AB2
-15.680004,-57.934746,0,1F6A56CA-9C73-442F-2682-BB69E4B03AB2
-15.654465,-57.93747,0,1F6A56CA-9C73-442F-2682-BB69E4B03AB2
29.66747,3.0270739,2,1F6A56CA-9C73-442F-2682-BB69E4B03AB2
29.624748,3.1159322,2,1F6A56CA-9C73-442F-2682-BB69E4B03AB2
28.415825,5.2769995,0,1F6A56CA-9C73-442F-2682-BB69E4B03AB2
28.44473,5.290031,0,1F6A56CA-9C73-442F-2682-BB69E4B03AB2
-7.2728076,-16.118814,0,1F6A56CA-9C73-442F-2682-BB69E4B03AB2
-7.718779,-15.929784,0,1F6A56CA-9C73-442F-2682-BB69E4B03AB2
-8.49309,-15.792873,0,1F6A56CA-9C73-442F-2682-BB69E4B03AB2
-9.490515,-16.362446,0,1F6A56CA-9C73-442F-2682-BB69E4B03AB2
-6.9919515,-28.429733,0,1F6A56CA-9C73-442F-2682-BB69E4B03AB2
-6.4196267,-27.779264,0,1F6A56CA-9C73-442F-2682-BB69E4B03AB2
44.146667,-9.677673,0,243FE25F-E451-21F6-7EFA-F9DACC7D31CA
43.60138,-10.478485,0,243FE25F-E451-21F6-7EFA-F9DACC7D31CA
43.226326,-10.948847,0,243FE25F-E451-21F6-7EFA-F9DACC7D31CA
42.976326,-11.211653,0,243FE25F-E451-21F6-7EFA-F9DACC7D31CA
40.844856,-12.329452,2,243FE25F-E451-21F6-7EFA-F9DACC7D31CA
40.77795,-12.362138,2,243FE25F-E451-21F6-7EFA-F9DACC7D31CA
43.82262,-27.292828,2,243FE25F-E451-21F6-7EFA-F9DACC7D31CA
42.93041,-27.747437,1,243FE25F-E451-21F6-7EFA-F9DACC7D31CA
42.170315,-27.512587,1,243FE25F-E451-21F6-7EFA-F9DACC7D31CA
41.42951,-27.199747,1,243FE25F-E451-21F6-7EFA-F9DACC7D31CA
20.587282,-20.544535,2,243FE25F-E451-21F6-7EFA-F9DACC7D31CA
20.465448,-20.429129,2,243FE25F-E451-21F6-7EFA-F9DACC7D31CA
12.554252,-23.256641,2,243FE25F-E451-21F6-7EFA-F9DACC7D31CA
12.613123,-23.248009,2,243FE25F-E451-21F6-7EFA-F9DACC7D31CA
9.15983,-23.347229,2,243FE25F-E451-21F6-7EFA-F9DACC7D31CA
26.662764,22.174574,2,243FE25F-E451-21F6-7EFA-F9DACC7D31CA
27.401394,23.29589,0,243FE25F-E451-21F6-7EFA-F9DACC7D31CA
27.39194,23.344797,0,243FE25F-E451-21F6-7EFA-F9DACC7D31CA
-37.605263,-42.07604,2,2656C6B4-988A-A958-5107-5422027AEE1D
-38.080894,-43.0955,2,2656C6B4-988A-A958-5107-5422027AEE1D
-38.024635,-43.6515,2,2656C6B4-988A-A958-5107-5422027AEE1D
-37.68521,-43.88138,2,2656C6B4-988A-A958-5107-5422027AEE1D
-36.34571,-44.809067,2,2656C6B4-988A-A958-5107-5422027AEE1D
-36.0762,-44.936253,2,2656C6B4-988A-A958-5107-5422027AEE1D
-62.83426,-22.840607,2,2656C6B4-988A-A958-5107-5422027AEE1D
-62.707394,-23.07398,2,2656C6B4-988A-A958-5107-5422027AEE1D
-62.478107,-23.48813,2,2656C6B4-988A-A958-5107-5422027AEE1D
-19.1717,45.277847,2,2656C6B4-988A-A958-5107-5422027AEE1D
-19.04215,46.17284,2,2656C6B4-988A-A958-5107-5422027AEE1D
-19.074423,46.44684,2,2656C6B4-988A-A958-5107-5422027AEE1D
-19.021072,-3.3542209,0,2656C6B4-988A-A958-5107-5422027AEE1D
-18.956964,-3.5772207,2,2656C6B4-988A-A958-5107-5422027AEE1D
-18.548374,-4.9027925,2,2656C6B4-988A-A958-5107-5422027AEE1D
-18.355707,-5.6782546,2,2656C6B4-988A-A958-5107-5422027AEE1D
-18.225586,-6.394082,0,2656C6B4-988A-A958-5107-5422027AEE1D
-18.17564,-6.675298,0,2656C6B4-988A-A958-5107-5422027AEE1D
27.704882,-17.093027,2,2656C6B4-988A-A958-5107-5422027AEE1D
27.645464,-17.000143,2,2656C6B4-988A-A958-5107-5422027AEE1D
10.254073,27.622717,2,2656C6B4-988A-A958-5107-5422027AEE1D
10.380417,27.645775,2,2656C6B4-988A-A958-5107-5422027AEE1D
-1.629706,39.212616,2,2656C6B4-988A-A958-5107-5422027AEE1D
-1.6538852,39.25272,2,2656C6B4-988A-A958-5107-5422027AEE1D
-39.223866,-58.595512,2,2C636222-CB43-AB6F-444A-7278047991C7
-39.19969,-58.36916,2,2C636222-CB43-AB6F-444A-7278047991C7
-39.179966,-57.819782,2,2C636222-CB43-AB6F-444A-7278047991C7
-47.489536,-53.163433,2,2C636222-CB43-AB6F-444A-7278047991C7
-47.91068,-53.31984,2,2C636222-CB43-AB6F-444A-7278047991C7
-48.30739,-53.48853,2,2C636222-CB43-AB6F-444A-7278047991C7
52.716095,23.728312,0,2C636222-CB43-AB6F-444A-7278047991C7
53.074066,24.071056,0,2C636222-CB43-AB6F-444A-7278047991C7
53.150185,24.28004,0,2C636222-CB43-AB6F-444A-7278047991C7
52.885773,25.046524,0,2C636222-CB43-AB6F-444A-7278047991C7
38.203285,42.49353,2,2C636222-CB43-AB6F-444A-7278047991C7
37.92721,42.49979,2,2C636222-CB43-AB6F-444A-7278047991C7
4.797242,17.522074,0,2C636222-CB43-AB6F-444A-7278047991C7
4.78634,17.540323,0,2C636222-CB43-AB6F-444A-7278047991C7
2.1588225,8.197968,0,2C636222-CB43-AB6F-444A-7278047991C7
1.5875087,7.7145553,0,2C636222-CB43-AB6F-444A-7278047991C7
0.6921191,6.857608,2,2C636222-CB43-AB6F-444A-7278047991C7
0.73732114,6.605278,2,2C636222-CB43-AB6F-444A-7278047991C7
63.430805,-1.7542026,0,2C636222-CB43-AB6F-444A-7278047991C7
51.861523,-36.438904,0,2C636222-CB43-AB6F-444A-7278047991C7
51.885803,-36.312588,0,2C636222-CB43-AB6F-444A-7278047991C7
52.21459,-35.781654,2,2C636222-CB43-AB6F-444A-7278047991C7
52.60807,-35.171936,2,2C636222-CB43-AB6F-444A-7278047991C7
27.80086,-26.249462,2,2C636222-CB43-AB6F-444A-7278047991C7
-1.3371681,68.23223,0,2C636222-CB43-AB6F-444A-7278047991C7
-1.8009855,68.30976,0,2C636222-CB43-AB6F-444A-7278047991C7
-2.1034963,68.34276,0,2C636222-CB43-AB6F-444A-7278047991C7
-27.681398,-18.882504,0,35FEE4B0-EF25-110F-8D86-5410FA57646B
-27.462877,-19.01504,1,35FEE4B0-EF25-110F-8D86-5410FA57646B
-26.905731,-19.560154,2,35FEE4B0-EF25-110F-8D86-5410FA57646B
-22.33244,-26.192987,2,35FEE4B0-EF25-110F-8D86-5410FA57646B
-21.82687,-26.802824,2,35FEE4B0-EF25-110F-8D86-5410FA57646B
-21.365013,-27.343058,2,35FEE4B0-EF25-110F-8D86-5410FA57646B
28.336739,8.537461,2,35FEE4B0-EF25-110F-8D86-5410FA57646B
39.94625,6.1252637,2,35FEE4B0-EF25-110F-8D86-5410FA57646B
40.193447,6.121231,2,35FEE4B0-EF25-110F-8D86-5410FA57646B
40.561916,6.0465746,2,35FEE4B0-EF25-110F-8D86-5410FA57646B
53.685318,5.4993863,2,35FEE4B0-EF25-110F-8D86-5410FA57646B
54.989697,5.366317,1,35FEE4B0-EF25-110F-8D86-5410FA57646B
-19.827446,-28.587765,2,35FEE4B0-EF25-110F-8D86-5410FA57646B
-1.3226234,-18.17309,2,35FEE4B0-EF25-110F-8D86-5410FA57646B
-0.9015068,-17.597546,2,35FEE4B0-EF25-110F-8D86-5410FA57646B
-0.63476527,-17.319477,2,35FEE4B0-EF25-110F-8D86-5410FA57646B
0.5366831,-16.175299,2,35FEE4B0-EF25-110F-8D86-5410FA57646B
0.6957645,-16.00342,2,35FEE4B0-EF25-110F-8D86-5410FA57646B
-22.135117,27.126297,0,35FEE4B0-EF25-110F-8D86-5410FA57646B
-21.976389,27.403511,0,35FEE4B0-EF25-110F-8D86-5410FA57646B
-21.56227,28.057306,0,35FEE4B0-EF25-110F-8D86-5410FA57646B
-61.91034,-27.404684,0,37249306-1597-DC6D-3544-6FEDBBF8B848
-57.456787,-21.472858,2,37249306-1597-DC6D-3544-6FEDBBF8B848
-57.09675,-21.451702,2,37249306-1597-DC6D-3544-6FEDBBF8B848
-56.38901,-21.397688,2,37249306-1597-DC6D-3544-6FEDBBF8B848
-55.28159,-21.369497,2,37249306-1597-DC6D-3544-6FEDBBF8B848
-55.053963,-21.476131,2,37249306-1597-DC6D-3544-6FEDBBF8B848
44.75162,36.805107,2,37249306-1597-DC6D-3544-6FEDBBF8B848
44.432194,36.969402,2,37249306-1597-DC6D-3544-6FEDBBF8B848
44.100178,37.13888,2,37249306-1597-DC6D-3544-6FEDBBF8B848
44.335293,38.034122,2,37249306-1597-DC6D-3544-6FEDBBF8B848
42.525467,42.27251,2,37249306-1597-DC6D-3544-6FEDBBF8B848
42.84128,42.409496,2,37249306-1597-DC6D-3544-6FEDBBF8B848
43.352066,42.731133,1,37249306-1597-DC6D-3544-6FEDBBF8B848
47.995575,-17.364944,1,37249306-1597-DC6D-3544-6FEDBBF8B848
47.717415,-17.572601,1,37249306-1597-DC6D-3544-6FEDBBF8B848
46.868114,-18.133278,1,37249306-1597-DC6D-3544-6FEDBBF8B848
46.754993,-18.329815,2,37249306-1597-DC6D-3544-6FEDBBF8B848
36.88769,-21.536423,2,37249306-1597-DC6D-3544-6FEDBBF8B848
-26.735931,34.825325,1,37249306-1597-DC6D-3544-6FEDBBF8B848
-26.839338,34.757156,1,37249306-1597-DC6D-3544-6FEDBBF8B848
-27.184214,34.50656,1,37249306-1597-DC6D-3544-6FEDBBF8B848
-28.954311,32.943035,1,37249306-1597-DC6D-3544-6FEDBBF8B848
-29.062037,32.76087,1,37249306-1597-DC6D-3544-6FEDBBF8B848
-16.545732,17.868982,1,37249306-1597-DC6D-3544-6FEDBBF8B848
21.561388,-21.7031,0,37249306-1597-DC6D-3544-6FEDBBF8B848
-6.293637,29.789091,0,37249306-1597-DC6D-3544-6FEDBBF8B848
-6.2998524,29.808578,0,37249306-1597-DC6D-3544-6FEDBBF8B848
-18.485432,-74.26829,2,3C54E0F5-9C12-3137-9EC1-39645770F53A
-18.0251,-74.24446,2,3C54E0F5-9C12-3137-9EC1-39645770F53A
-17.656729,-74.21512,2,3C54E0F5-9C12-3137-9EC1-39645770F53A
-17.140656,-74.1307,0,3C54E0F5-9C12-3137-9EC1-39645770F53A
-16.496151,-73.99968,0,3C54E0F5-9C12-3137-9EC1-39645770F53A
-15.817069,-73.85939,0,3C54E0F5-9C12-3137-9EC1-39645770F53A
-36.806286,-6.442778,0,3C54E0F5-9C12-3137-9EC1-39645770F53A
-34.17624,-9.667101,0,3C54E0F5-9C12-3137-9EC1-39645770F53A
-27.678364,-25.793365,0,3C54E0F5-9C12-3137-9EC1-39645770F53A
-28.262197,-25.690203,1,3C54E0F5-9C12-3137-9EC1-39645770F53A
-29.510288,-25.223515,1,3C54E0F5-9C12-3137-9EC1-39645770F53A
-29.399721,-25.280699,1,3C54E0F5-9C12-3137-9EC1-39645770F53A
24.39666,23.61678,2,3C54E0F5-9C12-3137-9EC1-39645770F53A
24.668087,23.22186,2,3C54E0F5-9C12-3137-9EC1-39645770F53A
24.696045,23.084631,0,3C54E0F5-9C12-3137-9EC1-39645770F53A
24.27999,22.465904,0,3C54E0F5-9C12-3137-9EC1-39645770F53A
25.746946,27.259083,0,3C54E0F5-9C12-3137-9EC1-39645770F53A
25.74443,27.298332,1,3C54E0F5-9C12-3137-9EC1-39645770F53A
65.47375,1.0184902,2,3C54E0F5-9C12-3137-9EC1-39645770F53A
57.76517,-4.4690886,2,3C54E0F5-9C12-3137-9EC1-39645770F53A
46.015224,-24.370695,1,3C54E0F5-9C12-3137-9EC1-39645770F53A
45.52963,-24.600883,1,3C54E0F5-9C12-3137-9EC1-39645770F53A
45.183548,-24.548544,1,3C54E0F5-9C12-3137-9EC1-39645770F53A
21.233164,-27.581991,1,3C54E0F5-9C12-3137-9EC1-39645770F53A
0.66697884,-27.147316,1,3C54E0F5-9C12-3137-9EC1-39645770F53A
5.1458163,-27.225197,1,3C54E0F5-9C12-3137-9EC1-39645770F53A
5.252442,-27.304426,1,3C54E0F5-9C12-3137-9EC1-39645770F53A
7.7090187,-51.121674,2,3FC0B5B3-AC42-BF96-D8EE-10E81EAAACF6
21.029808,12.68541,2,3FC0B5B3-AC42-BF96-D8EE-10E81EAAACF6
21.07661,12.714565,2,3FC0B5B3-AC42-BF96-D8EE-10E81EAAACF6
27.208443,18.600288,2,3FC0B5B3-AC42-BF96-D8EE-10E81EAAACF6
27.482258,18.472284,2,3FC0B5B3-AC42-BF96-D8EE-10E81EAAACF6
28.208885,18.182964,1,3FC0B5B3-AC42-BF96-D8EE-10E81EAAACF6
41.525307,-38.377026,2,3FC0B5B3-AC42-BF96-D8EE-10E81EAAACF6
41.444817,-38.279408,2,3FC0B5B3-AC42-BF96-D8EE-10E81EAAACF6
32.423157,-45.47929,2,3FC0B5B3-AC42-BF96-D8EE-10E81EAAACF6
32.40179,-45.516136,2,3FC0B5B3-AC42-BF96-D8EE-10E81EAAACF6
-15.427586,36.03024,2,3FC0B5B3-AC42-BF96-D8EE-10E81EAAACF6
-15.336344,36.12969,2,3FC0B5B3-AC42-BF96-D8EE-10E81EAAACF6
-7.694666,16.199846,2,3FC0B5B3-AC42-BF96-D8EE-10E81EAAACF6
-7.770899,16.201206,1,3FC0B5B3-AC42-BF96-D8EE-10E81EAAACF6
4.704773,26.398983,2,4690C2DC-C0B5-6C1B-880A-D31C46C8A565
4.73693,25.904598,2,4690C2DC-C0B5-6C1B-880A-D31C46C8A565
4.7386875,25.218813,0,4690C2DC-C0B5-6C1B-880A-D31C46C8A565
4.739516,24.539328,0,4690C2DC-C0B5-6C1B-880A-D31C46C8A565
4.7646837,23.362755,0,4690C2DC-C0B5-6C1B-880A-D31C46C8A565
4.924016,22.569038,0,4690C2DC-C0B5-6C1B-880A-D31C46C8A565
-26.188221,48.853355,2,4690C2DC-C0B5-6C1B-880A-D31C46C8A565
-26.22016,48.693684,2,4690C2DC-C0B5-6C1B-880A-D31C46C8A565
-26.476843,47.770134,2,4690C2DC-C0B5-6C1B-880A-D31C46C8A565
-31.837032,19.655891,2,4690C2DC-C0B5-6C1B-880A-D31C46C8A565
-31.710281,19.22003,2,4690C2DC-C0B5-6C1B-880A-D31C46C8A565
-31.351599,18.33079,2,4690C2DC-C0B5-6C1B-880A-D31C46C8A565
15.319597,-6.342407,0,4690C2DC-C0B5-6C1B-880A-D31C46C8A565
15.737927,-5.5015044,0,4690C2DC-C0B5-6C1B-880A-D31C46C8A565
15.8930025,-5.161994,0,4690C2DC-C0B5-6C1B-880A-D31C46C8A565
43.737194,12.323507,0,4690C2DC-C0B5-6C1B-880A-D31C46C8A565
44.04015,12.276154,0,4690C2DC-C0B5-6C1B-880A-D31C46C8A565
44.885483,11.94627,0,4690C2DC-C0B5-6C1B-880A-D31C46C8A565
-28.442425,-51.125065,2,46A9A47E-EDE3-2EF4-2F06-E95AF67D57E1
-27.952333,-51.701263,2,46A9A47E-EDE3-2EF4-2F06-E95AF67D57E1
-27.730816,-51.97374,2,46A9A47E-EDE3-2EF4-2F06-E95AF67D57E1
-27.402887,-52.28275,2,46A9A47E-EDE3-2EF4-2F06-E95AF67D57E1
16.138834,12.104718,2,46A9A47E-EDE3-2EF4-2F06-E95AF67D57E1
16.830173,12.682792,2,46A9A47E-EDE3-2EF4-2F06-E95AF67D57E1
39.506386,-42.306847,0,46A9A47E-EDE3-2EF4-2F06-E95AF67D57E1
39.298805,-42.11651,0,46A9A47E-EDE3-2EF4-2F06-E95AF67D57E1
39.03329,-41.924133,0,46A9A47E-EDE3-2EF4-2F06-E95AF67D57E1
38.30243,-41.052685,0,46A9A47E-EDE3-2EF4-2F06-E95AF67D57E1
29.684319,-39.798878,2,46A9A47E-EDE3-2EF4-2F06-E95AF67D57E1
29.573532,-39.784775,2,46A9A47E-EDE3-2EF4-2F06-E95AF67D57E1
48.794502,11.86313,0,46A9A47E-EDE3-2EF4-2F06-E95AF67D57E1
68.39354,1.708471,0,46A9A47E-EDE3-2EF4-2F06-E95AF67D57E1
68.342514,1.6593759,0,46A9A47E-EDE3-2EF4-2F06-E95AF67D57E1
48.398582,-27.526718,0,46A9A47E-EDE3-2EF4-2F06-E95AF67D57E1
48.45626,-27.474363,0,46A9A47E-EDE3-2EF4-2F06-E95AF67D57E1
34.445805,-22.730696,0,46A9A47E-EDE3-2EF4-2F06-E95AF67D57E1
-23.503069,35.73071,2,46A9A47E-EDE3-2EF4-2F06-E95AF67D57E1
-23.491077,35.43081,2,46A9A47E-EDE3-2EF4-2F06-E95AF67D57E1
-23.486855,34.781693,2,46A9A47E-EDE3-2EF4-2F06-E95AF67D57E1
-0.17568003,19.947113,2,46A9A47E-EDE3-2EF4-2F06-E95AF67D57E1
-0.2753299,19.34962,0,46A9A47E-EDE3-2EF4-2F06-E95AF67D57E1
-0.42312852,18.86725,0,46A9A47E-EDE3-2EF4-2F06-E95AF67D57E1
-33.218845,-47.74006,2,47494449-E68E-E554-8BB1-ECEEE432E269
-33.01676,-48.10095,0,47494449-E68E-E554-8BB1-ECEEE432E269
-32.71769,-49.094643,2,47494449-E68E-E554-8BB1-ECEEE432E269
-32.276222,-49.79535,2,47494449-E68E-E554-8BB1-ECEEE432E269
-32.095375,-50.093414,2,47494449-E68E-E554-8BB1-ECEEE432E269
-31.403566,-50.52053,2,47494449-E68E-E554-8BB1-ECEEE432E269
34.71917,-14.846548,2,47494449-E68E-E554-8BB1-ECEEE432E269
33.924885,-14.280652,2,47494449-E68E-E554-8BB1-ECEEE432E269
33.397484,-13.716764,2,47494449-E68E-E554-8BB1-ECEEE432E269
33.15596,-13.38706,2,47494449-E68E-E554-8BB1-ECEEE432E269
4.874675,51.13325,2,47494449-E68E-E554-8BB1-ECEEE432E269
4.9015484,51.147854,2,47494449-E68E-E554-8BB1-ECEEE432E269
46.682865,20.192272,2,47494449-E68E-E554-8BB1-ECEEE432E269
46.675747,20.178621,2,47494449-E68E-E554-8BB1-ECEEE432E269
71.749275,0.73925257,2,47494449-E68E-E554-8BB1-ECEEE432E269
71.76797,0.73119044,2,47494449-E68E-E554-8BB1-ECEEE432E269
54.592213,-26.045452,0,47494449-E68E-E554-8BB1-ECEEE432E269
54.858513,-25.62498,0,47494449-E68E-E554-8BB1-ECEEE432E269
66.81402,18.053299,2,48847236-6E23-6E61-57CD-780C68FAA2C2
66.77075,17.953892,2,48847236-6E23-6E61-57CD-780C68FAA2C2
66.0107,14.860698,0,48847236-6E23-6E61-57CD-780C68FAA2C2
63.828144,9.598879,0,48847236-6E23-6E61-57CD-780C68FAA2C2
64.08104,9.29937,0,48847236-6E23-6E61-57CD-780C68FAA2C2
59.57244,-0.9634222,0,48847236-6E23-6E61-57CD-780C68FAA2C2
58.36471,-2.2971678,0,48847236-6E23-6E61-57CD-780C68FAA2C2
62.954517,-24.098883,0,48847236-6E23-6E61-57CD-780C68FAA2C2
62.791897,-24.05731,0,48847236-6E23-6E61-57CD-780C68FAA2C2
52.446648,-22.936457,0,48847236-6E23-6E61-57CD-780C68FAA2C2
30.210724,-29.603245,0,48847236-6E23-6E61-57CD-780C68FAA2C2
30.030167,-29.57669,0,48847236-6E23-6E61-57CD-780C68FAA2C2
-8.979602,58.938114,2,48847236-6E23-6E61-57CD-780C68FAA2C2
-8.946393,58.976383,2,48847236-6E23-6E61-57CD-780C68FAA2C2
8.755673,15.77082,0,48847236-6E23-6E61-57CD-780C68FAA2C2
8.025568,15.050374,0,48847236-6E23-6E61-57CD-780C68FAA2C2
7.663039,14.780372,0,48847236-6E23-6E61-57CD-780C68FAA2C2
7.089363,14.68097,0,48847236-6E23-6E61-57CD-780C68FAA2C2
-29.17132,-43.927975,2,48847236-6E23-6E61-57CD-780C68FAA2C2
-28.854256,-43.986687,2,48847236-6E23-6E61-57CD-780C68FAA2C2
-27.71196,-44.18343,2,48847236-6E23-6E61-57CD-780C68FAA2C2
-27.089931,-44.263573,2,48847236-6E23-6E61-57CD-780C68FAA2C2
-25.543758,-44.41377,2,48847236-6E23-6E61-57CD-780C68FAA2C2
-25.348358,-44.433315,2,48847236-6E23-6E61-57CD-780C68FAA2C2
62.970547,15.676421,2,48847236-6E23-6E61-57CD-780C68FAA2C2
63.037582,15.471933,2,48847236-6E23-6E61-57CD-780C68FAA2C2
63.532024,14.021384,2,48847236-6E23-6E61-57CD-780C68FAA2C2
63.988388,12.60271,0,48847236-6E23-6E61-57CD-780C68FAA2C2
64.13703,12.084922,0,48847236-6E23-6E61-57CD-780C68FAA2C2
67.67287,6.015375,0,48847236-6E23-6E61-57CD-780C68FAA2C2
-8.236172,33.09528,0,48847236-6E23-6E61-57CD-780C68FAA2C2
-8.70127,33.675774,2,48847236-6E23-6E61-57CD-780C68FAA2C2
-8.983606,33.96984,2,48847236-6E23-6E61-57CD-780C68FAA2C2
-3.0722246,62.643097,2,48847236-6E23-6E61-57CD-780C68FAA2C2
-3.1029484,62.91824,2,48847236-6E23-6E61-57CD-780C68FAA2C2
-3.2323222,63.943783,2,48847236-6E23-6E61-57CD-780C68FAA2C2
62.76339,12.465714,0,48847236-6E23-6E61-57CD-780C68FAA2C2
62.665974,11.410888,0,48847236-6E23-6E61-57CD-780C68FAA2C2
62.290123,10.691722,0,48847236-6E23-6E61-57CD-780C68FAA2C2
-48.73426,-27.255636,2,48D32E40-ABB9-E3FB-185C-8A5AA0C44CBF
-30.705843,-33.317375,2,48D32E40-ABB9-E3FB-185C-8A5AA0C44CBF
-30.31223,-32.937916,0,48D32E40-ABB9-E3FB-185C-8A5AA0C44CBF
-29.988022,-32.57049,0,48D32E40-ABB9-E3FB-185C-8A5AA0C44CBF
-29.296116,-31.916357,0,48D32E40-ABB9-E3FB-185C-8A5AA0C44CBF
-28.949835,-31.456741,0,48D32E40-ABB9-E3FB-185C-8A5AA0C44CBF
-28.33173,-30.869568,0,48D32E40-ABB9-E3FB-185C-8A5AA0C44CBF
-23.969519,-26.895863,2,48D32E40-ABB9-E3FB-185C-8A5AA0C44CBF
-23.729055,-27.13683,2,48D32E40-ABB9-E3FB-185C-8A5AA0C44CBF
-16.428795,-40.496437,2,48D32E40-ABB9-E3FB-185C-8A5AA0C44CBF
-16.714224,-40.318195,2,48D32E40-ABB9-E3FB-185C-8A5AA0C44CBF
-17.030344,-40.112617,2,48D32E40-ABB9-E3FB-185C-8A5AA0C44CBF
-12.901869,12.401911,1,48D32E40-ABB9-E3FB-185C-8A5AA0C44CBF
-34.59245,8.341229,1,48D32E40-ABB9-E3FB-185C-8A5AA0C44CBF
-34.814896,8.0623045,1,48D32E40-ABB9-E3FB-185C-8A5AA0C44CBF
-35.237965,7.4488516,0,48D32E40-ABB9-E3FB-185C-8A5AA0C44CBF
-35.78101,6.6325994,0,48D32E40-ABB9-E3FB-185C-8A5AA0C44CBF
-35.96447,6.361539,0,48D32E40-ABB9-E3FB-185C-8A5AA0C44CBF
55.635098,0.79248035,2,4B423110-8A54-A87F-39BB-D68BF033C7FC
55.596664,0.45225117,0,4B423110-8A54-A87F-39BB-D68BF033C7FC
67.263504,-10.912646,0,4B423110-8A54-A87F-39BB-D68BF033C7FC
67.2929,-11.062052,0,4B423110-8A54-A87F-39BB-D68BF033C7FC
45.721607,-34.94967,0,4B423110-8A54-A87F-39BB-D68BF033C7FC
45.72333,-34.964046,2,4B423110-8A54-A87F-39BB-D68BF033C7FC
2.6947477,64.31331,0,4B423110-8A54-A87F-39BB-D68BF033C7FC
2.8331459,64.097755,0,4B423110-8A54-A87F-39BB-D68BF033C7FC
3.1610694,63.507305,0,4B423110-8A54-A87F-39BB-D68BF033C7FC
3.5850556,62.816315,0,4B423110-8A54-A87F-39BB-D68BF033C7FC
3.078005,61.646072,0,4B423110-8A54-A87F-39BB-D68BF033C7FC
2.9966233,61.199352,0,4B423110-8A54-A87F-39BB-D68BF033C7FC
-1.2297748,11.563983,2,4B423110-8A54-A87F-39BB-D68BF033C7FC
-1.2829931,11.327347,0,4B423110-8A54-A87F-39BB-D68BF033C7FC
-0.7234449,10.645979,0,4B423110-8A54-A87F-39BB-D68BF033C7FC
-7.7440395,10.545059,0,4B423110-8A54-A87F-39BB-D68BF033C7FC
-7.9117994,10.57464,2,4B423110-8A54-A87F-39BB-D68BF033C7FC
-13.159935,7.513977,2,4B423110-8A54-A87F-39BB-D68BF033C7FC
-25.180729,5.7467837,2,4B423110-8A54-A87F-39BB-D68BF033C7FC
-25.401817,5.6751623,2,4B423110-8A54-A87F-39BB-D68BF033C7FC
-26.578753,5.2935543,0,4B423110-8A54-A87F-39BB-D68BF033C7FC
-26.599089,5.273447,0,4B423110-8A54-A87F-39BB-D68BF033C7FC
-23.061707,-21.575333,0,4B423110-8A54-A87F-39BB-D68BF033C7FC
-23.062798,-21.638277,0,4B423110-8A54-A87F-39BB-D68BF033C7FC
-2.473428,51.282375,2,4B423110-8A54-A87F-39BB-D68BF033C7FC
-2.4804764,53.19119,2,4B423110-8A54-A87F-39BB-D68BF033C7FC
-2.5938132,53.777763,2,4B423110-8A54-A87F-39BB-D68BF033C7FC
-2.6488228,54.208126,2,4B423110-8A54-A87F-39BB-D68BF033C7FC
-0.21717069,63.505814,2,4B423110-8A54-A87F-39BB-D68BF033C7FC
0.48850346,65.047424,2,4B423110-8A54-A87F-39BB-D68BF033C7FC
-1.6018889,-2.5320735,0,4BD5749B-A1D2-E6C9-156F-DF107802D3BE
-1.3784198,-3.3639631,0,4BD5749B-A1D2-E6C9-156F-DF107802D3BE
-1.1263958,-3.9014587,0,4BD5749B-A1D2-E6C9-156F-DF107802D3BE
-0.643707,-4.603977,0,4BD5749B-A1D2-E6C9-156F-DF107802D3BE
-0.41269842,-4.9351287,0,4BD5749B-A1D2-E6C9-156F-DF107802D3BE
-35.20576,-12.389328,2,4BD5749B-A1D2-E6C9-156F-DF107802D3BE
-35.483265,-12.654249,2,4BD5749B-A1D2-E6C9-156F-DF107802D3BE
-36.674618,-13.515695,2,4BD5749B-A1D2-E6C9-156F-DF107802D3BE
-37.331688,-13.786701,2,4BD5749B-A1D2-E6C9-156F-DF107802D3BE
-37.88856,-14.109883,2,4BD5749B-A1D2-E6C9-156F-DF107802D3BE
-38.460484,-14.494597,2,4BD5749B-A1D2-E6C9-156F-DF107802D3BE
-38.820683,-14.637237,2,4BD5749B-A1D2-E6C9-156F-DF107802D3BE
5.657641,-20.997414,2,4BD5749B-A1D2-E6C9-156F-DF107802D3BE
6.1132545,-21.221056,2,4BD5749B-A1D2-E6C9-156F-DF107802D3BE
6.7593803,-21.155867,2,4BD5749B-A1D2-E6C9-156F-DF107802D3BE
7.2332296,-20.861555,0,4BD5749B-A1D2-E6C9-156F-DF107802D3BE
29.99234,15.542391,0,4BD5749B-A1D2-E6C9-156F-DF107802D3BE
35.907066,22.103674,0,4BD5749B-A1D2-E6C9-156F-DF107802D3BE
-44.217365,27.994791,1,4BD5749B-A1D2-E6C9-156F-DF107802D3BE
-44.396683,27.721378,1,4BD5749B-A1D2-E6C9-156F-DF107802D3BE
-44.776875,27.058222,1,4BD5749B-A1D2-E6C9-156F-DF107802D3BE
-45.166172,26.362717,1,4BD5749B-A1D2-E6C9-156F-DF107802D3BE
-45.7258,25.27251,1,4BD5749B-A1D2-E6C9-156F-DF107802D3BE
-46.05612,24.58124,1,4BD5749B-A1D2-E6C9-156F-DF107802D3BE
44.16559,-16.039228,0,4BD5749B-A1D2-E6C9-156F-DF107802D3BE
-24.172255,-46.953426,2,4BD5749B-A1D2-E6C9-156F-DF107802D3BE
-24.153145,-46.943104,2,4BD5749B-A1D2-E6C9-156F-DF107802D3BE
-18.26984,-33.574417,2,4BFAECAC-0CC2-F9AC-17BB-7343BE737D81
-17.711258,-33.807293,2,4BFAECAC-0CC2-F9AC-17BB-7343BE737D81
-17.474476,-33.97927,2,4BFAECAC-0CC2-F9AC-17BB-7343BE737D81
1.7770759,-24.89616,2,4BFAECAC-0CC2-F9AC-17BB-7343BE737D81
29.678768,9.579338,2,4BFAECAC-0CC2-F9AC-17BB-7343BE737D81
29.819305,9.748217,2,4BFAECAC-0CC2-F9AC-17BB-7343BE737D81
60.064938,4.581454,0,4BFAECAC-0CC2-F9AC-17BB-7343BE737D81
60.689487,0.3100937,0,4BFAECAC-0CC2-F9AC-17BB-7343BE737D81
59.71295,-5.308476,2,4BFAECAC-0CC2-F9AC-17BB-7343BE737D81
61.79458,-22.468203,2,4BFAECAC-0CC2-F9AC-17BB-7343BE737D81
61.74096,-22.36935,2,4BFAECAC-0CC2-F9AC-17BB-7343BE737D81
52.087807,-24.598902,2,4BFAECAC-0CC2-F9AC-17BB-7343BE737D81
-28.54088,-60.388767,2,4CAE9D77-C8A8-2EE8-53D0-7C3C6331B2C5
-28.263268,-60.105553,2,4CAE9D77-C8A8-2EE8-53D0-7C3C6331B2C5
-27.738407,-59.55237,2,4CAE9D77-C8A8-2EE8-53D0-7C3C6331B2C5
-27.346804,-59.08313,2,4CAE9D77-C8A8-2EE8-53D0-7C3C6331B2C5
16.062933,3.6935916,2,4CAE9D77-C8A8-2EE8-53D0-7C3C6331B2C5
16.249563,3.8049316,2,4CAE9D77-C8A8-2EE8-53D0-7C3C6331B2C5
69.64133,-16.256615,1,4CAE9D77-C8A8-2EE8-53D0-7C3C6331B2C5
69.43341,-16.660818,1,4CAE9D77-C8A8-2EE8-53D0-7C3C6331B2C5
69.28073,-16.901888,1,4CAE9D77-C8A8-2EE8-53D0-7C3C6331B2C5
68.94187,-17.370838,1,4CAE9D77-C8A8-2EE8-53D0-7C3C6331B2C5
44.932556,-21.389273,1,4CAE9D77-C8A8-2EE8-53D0-7C3C6331B2C5
26.044884,-29.066866,1,4CAE9D77-C8A8-2EE8-53D0-7C3C6331B2C5
-8.3855095,13.489769,1,4CAE9D77-C8A8-2EE8-53D0-7C3C6331B2C5
-8.563416,13.544404,1,4CAE9D77-C8A8-2EE8-53D0-7C3C6331B2C5
-19.83505,1.038715,1,4CAE9D77-C8A8-2EE8-53D0-7C3C6331B2C5
-25.554123,-3.838299,1,4CAE9D77-C8A8-2EE8-53D0-7C3C6331B2C5
-25.74248,-3.9950871,1,4CAE9D77-C8A8-2EE8-53D0-7C3C6331B2C5
-26.300951,-4.437916,1,4CAE9D77-C8A8-2EE8-53D0-7C3C6331B2C5
57.60023,-38.590782,1,4CAE9D77-C8A8-2EE8-53D0-7C3C6331B2C5
57.255135,-38.667896,1,4CAE9D77-C8A8-2EE8-53D0-7C3C6331B2C5
56.650414,-38.755352,1,4CAE9D77-C8A8-2EE8-53D0-7C3C6331B2C5
55.61689,-38.99225,1,4CAE9D77-C8A8-2EE8-53D0-7C3C6331B2C5
54.843956,-39.901363,2,4CAE9D77-C8A8-2EE8-53D0-7C3C6331B2C5
54.73142,-40.268375,2,4CAE9D77-C8A8-2EE8-53D0-7C3C6331B2C5
-15.629361,33.61855,2,4CAE9D77-C8A8-2EE8-53D0-7C3C6331B2C5
-15.71665,33.889458,2,4CAE9D77-C8A8-2EE8-53D0-7C3C6331B2C5
-8.646118,51.61511,2,4CAE9D77-C8A8-2EE8-53D0-7C3C6331B2C5
-28.076859,41.187748,2,4CAE9D77-C8A8-2EE8-53D0-7C3C6331B2C5
-28.1829,41.00329,1,4CAE9D77-C8A8-2EE8-53D0-7C3C6331B2C5
-28.84766,39.908768,1,4CAE9D77-C8A8-2EE8-53D0-7C3C6331B2C5
-8.001459,-24.552591,2,5270C847-54C3-180E-9737-1D87A639C450
-8.72624,-23.0966,2,5270C847-54C3-180E-9737-1D87A639C450
-8.810011,-22.968237,2,5270C847-54C3-180E-9737-1D87A639C450
-7.2129974,-23.377447,2,5270C847-54C3-180E-9737-1D87A639C450
-6.8814955,-23.134544,2,5270C847-54C3-180E-9737-1D87A639C450
-6.3894544,-22.59072,2,5270C847-54C3-180E-9737-1D87A639C450
9.781889,76.70214,0,5270C847-54C3-180E-9737-1D87A639C450
10.402717,77.26114,0,5270C847-54C3-180E-9737-1D87A639C450
10.807257,76.72696,0,5270C847-54C3-180E-9737-1D87A639C450
10.981936,76.00137,0,5270C847-54C3-180E-9737-1D87A639C450
10.310718,75.985405,0,5270C847-54C3-180E-9737-1D87A639C450
10.258936,75.28201,0,5270C847-54C3-180E-9737-1D87A639C450
9.566112,76.01748,0,5270C847-54C3-180E-9737-1D87A639C450
9.227463,75.43616,0,5270C847-54C3-180E-9737-1D87A639C450
8.63376,76.10246,0,5270C847-54C3-180E-9737-1D87A639C450
8.747387,76.747604,0,5270C847-54C3-180E-9737-1D87A639C450
8.907426,77.30528,0,5270C847-54C3-180E-9737-1D87A639C450
9.570681,77.476585,0,5270C847-54C3-180E-9737-1D87A639C450
-51.62728,17.86342,1,5690E95B-9747-B2B5-2EE1-16A72200D5CC
-51.44762,18.038973,2,5690E95B-9747-B2B5-2EE1-16A72200D5CC
-50.934616,18.521105,2,5690E95B-9747-B2B5-2EE1-16A72200D5CC
-20.301538,50.43298,2,5690E95B-9747-B2B5-2EE1-16A72200D5CC
-20.30376,50.89731,2,5690E95B-9747-B2B5-2EE1-16A72200D5CC
-23.186975,56.779633,2,5690E95B-9747-B2B5-2EE1-16A72200D5CC
-23.47149,56.41791,2,5690E95B-9747-B2B5-2EE1-16A72200D5CC
-23.772984,56.16062,2,5690E95B-9747-B2B5-2EE1-16A72200D5CC
-24.792065,54.82687,2,5690E95B-9747-B2B5-2EE1-16A72200D5CC
-25.017223,54.583893,0,5690E95B-9747-B2B5-2EE1-16A72200D5CC
-9.603514,21.164095,0,5690E95B-9747-B2B5-2EE1-16A72200D5CC
-9.644861,21.088081,0,5690E95B-9747-B2B5-2EE1-16A72200D5CC
-19.727049,36.76509,0,5690E95B-9747-B2B5-2EE1-16A72200D5CC
-19.723492,36.85948,0,5690E95B-9747-B2B5-2EE1-16A72200D5CC
-20.236555,37.98,0,5690E95B-9747-B2B5-2EE1-16A72200D5CC
-20.797052,39.089886,0,5690E95B-9747-B2B5-2EE1-16A72200D5CC
-21.147333,39.6918,2,5690E95B-9747-B2B5-2EE1-16A72200D5CC
-21.367771,40.15877,2,5690E95B-9747-B2B5-2EE1-16A72200D5CC
-61.961315,-31.752993,2,58CB3C5E-2F5C-31FE-83E8-C6772D99B8D5
-54.759888,-33.575336,2,58CB3C5E-2F5C-31FE-83E8-C6772D99B8D5
-54.195614,-33.660667,2,58CB3C5E-2F5C-31FE-83E8-C6772D99B8D5
-53.55847,-33.793854,2,58CB3C5E-2F5C-31FE-83E8-C6772D99B8D5
-52.612118,-34.241074,2,58CB3C5E-2F5C-31FE-83E8-C6772D99B8D5
-52.20777,-34.593597,2,58CB3C5E-2F5C-31FE-83E8-C6772D99B8D5
68.44146,7.148296,0,58CB3C5E-2F5C-31FE-83E8-C6772D99B8D5
40.580433,-19.80436,0,58CB3C5E-2F5C-31FE-83E8-C6772D99B8D5
40.14926,-20.280134,0,58CB3C5E-2F5C-31FE-83E8-C6772D99B8D5
39.59553,-20.624441,0,58CB3C5E-2F5C-31FE-83E8-C6772D99B8D5
39.01831,-20.911316,0,58CB3C5E-2F5C-31FE-83E8-C6772D99B8D5
37.630566,-21.430628,0,58CB3C5E-2F5C-31FE-83E8-C6772D99B8D5
-0.54325444,2.612327,0,58CB3C5E-2F5C-31FE-83E8-C6772D99B8D5
-0.81188124,2.2005796,1,58CB3C5E-2F5C-31FE-83E8-C6772D99B8D5
-0.9790925,1.864202,1,58CB3C5E-2F5C-31FE-83E8-C6772D99B8D5
-7.21801,-10.045214,1,58CB3C5E-2F5C-31FE-83E8-C6772D99B8D5
-7.3203707,-10.379741,1,58CB3C5E-2F5C-31FE-83E8-C6772D99B8D5
-7.4032545,-10.940322,1,58CB3C5E-2F5C-31FE-83E8-C6772D99B8D5
-7.040829,-12.161716,1,58CB3C5E-2F5C-31FE-83E8-C6772D99B8D5
-6.8768954,-12.533745,0,58CB3C5E-2F5C-31FE-83E8-C6772D99B8D5
-5.6999497,-12.889645,0,58CB3C5E-2F5C-31FE-83E8-C6772D99B8D5
-5.2954683,-13.01641,0,58CB3C5E-2F5C-31FE-83E8-C6772D99B8D5
-3.2292569,-13.499392,0,58CB3C5E-2F5C-31FE-83E8-C6772D99B8D5
-3.1436307,-13.546314,0,58CB3C5E-2F5C-31FE-83E8-C6772D99B8D5
-56.78388,-12.433457,2,5CD23052-9069-615B-22B2-CB8E9A2413C9
-56.896503,-11.951385,2,5CD23052-9069-615B-22B2-CB8E9A2413C9
-56.94447,-11.633214,2,5CD23052-9069-615B-22B2-CB8E9A2413C9
-56.98376,-11.070938,2,5CD23052-9069-615B-22B2-CB8E9A2413C9
22.09775,-4.1211877,2,5CD23052-9069-615B-22B2-CB8E9A2413C9
53.911972,33.29212,1,5CD23052-9069-615B-22B2-CB8E9A2413C9
-11.694712,30.810484,1,5CD23052-9069-615B-22B2-CB8E9A2413C9
0.7145419,50.644363,1,5CD23052-9069-615B-22B2-CB8E9A2413C9
0.7421139,51.13303,2,5CD23052-9069-615B-22B2-CB8E9A2413C9
0.81701374,52.295662,2,5CD23052-9069-615B-22B2-CB8E9A2413C9
1.0008963,52.792824,2,5CD23052-9069-615B-22B2-CB8E9A2413C9
1.3361408,53.37589,2,5CD23052-9069-615B-22B2-CB8E9A2413C9
36.013897,17.526443,2,5CD23052-9069-615B-22B2-CB8E9A2413C9
36.799156,17.46365,2,5CD23052-9069-615B-22B2-CB8E9A2413C9
37.101883,17.383413,2,5CD23052-9069-615B-22B2-CB8E9A2413C9
53.45178,9.69123,2,5CD23052-9069-615B-22B2-CB8E9A2413C9
55.97619,7.0344996,2,5CD23052-9069-615B-22B2-CB8E9A2413C9
63.136513,7.4814844,2,5CD23052-9069-615B-22B2-CB8E9A2413C9
19.596983,-14.907466,0,5CD23052-9069-615B-22B2-CB8E9A2413C9
2.6157517,47.80634,0,5CD23052-9069-615B-22B2-CB8E9A2413C9
2.639734,47.80906,2,5CD23052-9069-615B-22B2-CB8E9A2413C9
-33.214188,-28.728449,2,5E491E0A-C580-29BE-4329-ED7BFF843D0D
-33.13115,-29.318962,2,5E491E0A-C580-29BE-4329-ED7BFF843D0D
-33.278522,-29.641008,0,5E491E0A-C580-29BE-4329-ED7BFF843D0D
-34.20525,-30.24954,0,5E491E0A-C580-29BE-4329-ED7BFF843D0D
-34.975845,-30.923717,0,5E491E0A-C580-29BE-4329-ED7BFF843D0D
-35.13622,-31.367737,2,5E491E0A-C580-29BE-4329-ED7BFF843D0D
-35.73862,1.6726834,0,5E491E0A-C580-29BE-4329-ED7BFF843D0D
-35.722115,1.6738415,0,5E491E0A-C580-29BE-4329-ED7BFF843D0D
-33.789406,-1.3131223,0,5E491E0A-C580-29BE-4329-ED7BFF843D0D
-33.36132,-1.3786111,0,5E491E0A-C580-29BE-4329-ED7BFF843D0D
-33.02887,-1.3747776,2,5E491E0A-C580-29BE-4329-ED7BFF843D0D
-29.966036,-0.5596176,2,5E491E0A-C580-29BE-4329-ED7BFF843D0D
-29.8539,-0.39911762,2,5E491E0A-C580-29BE-4329-ED7BFF843D0D
-29.756262,0.21935552,2,5E491E0A-C580-29BE-4329-ED7BFF843D0D
-29.812323,0.9564548,0,5E491E0A-C580-29BE-4329-ED7BFF843D0D
-30.682713,3.1809227,0,5E491E0A-C580-29BE-4329-ED7BFF843D0D
-30.783031,3.5915802,0,5E491E0A-C580-29BE-4329-ED7BFF843D0D
-30.835072,3.8136215,0,5E491E0A-C580-29BE-4329-ED7BFF843D0D
-63.55699,-28.61474,2,5F222604-CB86-1ABA-EB7B-31FF78B7BE93
-30.582884,9.498889,2,5F222604-CB86-1ABA-EB7B-31FF78B7BE93
-30.57556,9.482521,2,5F222604-CB86-1ABA-EB7B-31FF78B7BE93
-40.354507,8.945082,2,5F222604-CB86-1ABA-EB7B-31FF78B7BE93
-40.712444,8.943682,2,5F222604-CB86-1ABA-EB7B-31FF78B7BE93
-41.13503,8.943942,2,5F222604-CB86-1ABA-EB7B-31FF78B7BE93
-32.556767,50.805267,2,5F222604-CB86-1ABA-EB7B-31FF78B7BE93
-32.890198,50.878853,2,5F222604-CB86-1ABA-EB7B-31FF78B7BE93
-34.423843,50.63563,2,5F222604-CB86-1ABA-EB7B-31FF78B7BE93
-35.017883,50.224007,2,5F222604-CB86-1ABA-EB7B-31FF78B7BE93
-38.67474,35.41358,2,5F222604-CB86-1ABA-EB7B-31FF78B7BE93
-38.599186,35.23366,2,5F222604-CB86-1ABA-EB7B-31FF78B7BE93
9.916542,12.236946,2,5F222604-CB86-1ABA-EB7B-31FF78B7BE93
9.9932,12.308456,2,5F222604-CB86-1ABA-EB7B-31FF78B7BE93
10.59691,13.040813,1,5F222604-CB86-1ABA-EB7B-31FF78B7BE93
-17.895191,10.533161,1,5F222604-CB86-1ABA-EB7B-31FF78B7BE93
-18.464285,10.8540745,1,5F222604-CB86-1ABA-EB7B-31FF78B7BE93
-18.789618,10.922301,1,5F222604-CB86-1ABA-EB7B-31FF78B7BE93
-41.634605,-35.17175,2,62A1F053-1EA8-7433-090E-89D450314F41
-41.34863,-35.064404,2,62A1F053-1EA8-7433-090E-89D450314F41
-40.107765,-34.960796,2,62A1F053-1EA8-7433-090E-89D450314F41
-39.48288,-34.829296,2,62A1F053-1EA8-7433-090E-89D450314F41
-38.917133,-34.655067,2,62A1F053-1EA8-7433-090E-89D450314F41
-37.259155,-30.40652,2,62A1F053-1EA8-7433-090E-89D450314F41
50.60184,16.01834,2,62A1F053-1EA8-7433-090E-89D450314F41
68.90975,5.381653,2,62A1F053-1EA8-7433-090E-89D450314F41
43.73071,-42.680622,1,62A1F053-1EA8-7433-090E-89D450314F41
43.477013,-42.3675,2,62A1F053-1EA8-7433-090E-89D450314F41
43.00485,-41.963387,2,62A1F053-1EA8-7433-090E-89D450314F41
42.49885,-41.478683,2,62A1F053-1EA8-7433-090E-89D450314F41
-35.679775,-18.181337,0,62A1F053-1EA8-7433-090E-89D450314F41
-36.242233,-18.2218,2,62A1F053-1EA8-7433-090E-89D450314F41
-36.6757,-18.382584,2,62A1F053-1EA8-7433-090E-89D450314F41
-38.42553,-19.374691,2,62A1F053-1EA8-7433-090E-89D450314F41
-39.21977,-19.632257,0,62A1F053-1EA8-7433-090E-89D450314F41
-39.55081,-19.711155,0,62A1F053-1EA8-7433-090E-89D450314F41
-54.483063,-2.6872115,0,62A1F053-1EA8-7433-090E-89D450314F41
-54.699688,-2.813963,0,62A1F053-1EA8-7433-090E-89D450314F41
-55.618603,-3.4822493,0,62A1F053-1EA8-7433-090E-89D450314F41
-55.984497,-3.8812625,0,62A1F053-1EA8-7433-090E-89D450314F41
-56.361576,-4.6949177,0,62A1F053-1EA8-7433-090E-89D450314F41
-56.720497,-6.090402,0,62A1F053-1EA8-7433-090E-89D450314F41
-56.766605,-6.3000784,0,62A1F053-1EA8-7433-090E-89D450314F41
35.063488,25.949644,0,62A1F053-1EA8-7433-090E-89D450314F41
35.288734,26.157438,0,62A1F053-1EA8-7433-090E-89D450314F41
35.80197,26.579742,0,62A1F053-1EA8-7433-090E-89D450314F41
36.47362,27.186565,0,62A1F053-1EA8-7433-090E-89D450314F41
36.691296,27.371618,0,62A1F053-1EA8-7433-090E-89D450314F41
35.009537,20.299637,0,62A1F053-1EA8-7433-090E-89D450314F41
34.974106,21.382874,0,62A1F053-1EA8-7433-090E-89D450314F41
35.05132,21.591833,0,62A1F053-1EA8-7433-090E-89D450314F41
26.519278,-20.052649,2,647C581E-E72F-0765-F94A-065909B99374
3.1148195,32.838066,2,647C581E-E72F-0765-F94A-065909B99374
2.6226528,33.428566,2,647C581E-E72F-0765-F94A-065909B99374
2.2385082,33.872414,2,647C581E-E72F-0765-F94A-065909B99374
-12.847835,52.984634,2,647C581E-E72F-0765-F94A-065909B99374
-13.313731,53.192226,2,647C581E-E72F-0765-F94A-065909B99374
-19.148342,-32.11581,2,647C581E-E72F-0765-F94A-065909B99374
6.146228,-17.910557,2,647C581E-E72F-0765-F94A-065909B99374
6.1714807,-17.89385,1,647C581E-E72F-0765-F94A-065909B99374
31.09336,17.674084,1,647C581E-E72F-0765-F94A-065909B99374
31.86921,18.39406,2,647C581E-E72F-0765-F94A-065909B99374
31.969421,18.482304,2,647C581E-E72F-0765-F94A-065909B99374
-60.8085,-30.21609,1,64A0EC69-0CE2-8405-0FFC-D63A7F55E703
-56.678165,-30.835072,2,64A0EC69-0CE2-8405-0FFC-D63A7F55E703
-56.59473,-30.784754,2,64A0EC69-0CE2-8405-0FFC-D63A7F55E703
-22.549913,-5.5768065,2,64A0EC69-0CE2-8405-0FFC-D63A7F55E703
-22.09988,-5.747209,0,64A0EC69-0CE2-8405-0FFC-D63A7F55E703
-21.830395,-5.8339076,0,64A0EC69-0CE2-8405-0FFC-D63A7F55E703
-24.003452,37.97531,1,64A0EC69-0CE2-8405-0FFC-D63A7F55E703
1.3836213,16.697548,1,64A0EC69-0CE2-8405-0FFC-D63A7F55E703
0.9692863,16.792421,1,64A0EC69-0CE2-8405-0FFC-D63A7F55E703
0.44309908,16.67694,1,64A0EC69-0CE2-8405-0FFC-D63A7F55E703
1.8092623,12.563908,1,64A0EC69-0CE2-8405-0FFC-D63A7F55E703
1.8208005,12.631819,1,64A0EC69-0CE2-8405-0FFC-D63A7F55E703
-25.773567,-0.55809075,1,64A0EC69-0CE2-8405-0FFC-D63A7F55E703
-25.830944,-0.6687854,1,64A0EC69-0CE2-8405-0FFC-D63A7F55E703
-28.743195,-9.607537,1,64A0EC69-0CE2-8405-0FFC-D63A7F55E703
-28.722483,-10.073724,1,64A0EC69-0CE2-8405-0FFC-D63A7F55E703
-28.76538,-10.856888,1,64A0EC69-0CE2-8405-0FFC-D63A7F55E703
-28.756712,-11.609556,1,64A0EC69-0CE2-8405-0FFC-D63A7F55E703
-28.613317,-12.281632,1,64A0EC69-0CE2-8405-0FFC-D63A7F55E703
-30.699259,-28.308249,1,64A0EC69-0CE2-8405-0FFC-D63A7F55E703
-30.542143,-28.51386,1,64A0EC69-0CE2-8405-0FFC-D63A7F55E703
-14.780457,-30.660252,1,64A0EC69-0CE2-8405-0FFC-D63A7F55E703
-14.29979,-30.865034,1,64A0EC69-0CE2-8405-0FFC-D63A7F55E703
-14.112351,-30.84908,1,64A0EC69-0CE2-8405-0FFC-D63A7F55E703
3.7760782,67.03166,2,64A0EC69-0CE2-8405-0FFC-D63A7F55E703
4.0638804,67.186386,2,64A0EC69-0CE2-8405-0FFC-D63A7F55E703
7.062263,66.939606,2,64A0EC69-0CE2-8405-0FFC-D63A7F55E703
-26.14567,25.433462,2,64A0EC69-0CE2-8405-0FFC-D63A7F55E703
-26.155962,24.93774,1,64A0EC69-0CE2-8405-0FFC-D63A7F55E703
-26.148138,24.729925,0,64A0EC69-0CE2-8405-0FFC-D63A7F55E703
-47.986984,-40.817238,2,66E9719B-D383-AA87-7FAB-D9B4ABE7011C
-47.765766,-40.808315,2,66E9719B-D383-AA87-7FAB-D9B4ABE7011C
-40.5956,-38.820606,2,66E9719B-D383-AA87-7FAB-D9B4ABE7011C
-39.61963,-39.24955,2,66E9719B-D383-AA87-7FAB-D9B4ABE7011C
-39.3902,-39.645027,2,66E9719B-D383-AA87-7FAB-D9B4ABE7011C
-38.979427,-40.596695,2,66E9719B-D383-AA87-7FAB-D9B4ABE7011C
-45.759842,-15.390539,0,66E9719B-D383-AA87-7FAB-D9B4ABE7011C
-45.24616,-15.710634,2,66E9719B-D383-AA87-7FAB-D9B4ABE7011C
-44.207882,-16.441246,2,66E9719B-D383-AA87-7FAB-D9B4ABE7011C
-43.887085,-16.36974,2,66E9719B-D383-AA87-7FAB-D9B4ABE7011C
-43.364258,-16.38717,2,66E9719B-D383-AA87-7FAB-D9B4ABE7011C
-13.402929,-14.544985,2,66E9719B-D383-AA87-7FAB-D9B4ABE7011C
14.899695,-1.9473732,0,66E9719B-D383-AA87-7FAB-D9B4ABE7011C
15.053672,-1.9568661,0,66E9719B-D383-AA87-7FAB-D9B4ABE7011C
15.907093,-1.9944522,0,66E9719B-D383-AA87-7FAB-D9B4ABE7011C
40.90276,13.575947,0,66E9719B-D383-AA87-7FAB-D9B4ABE7011C
41.061314,13.538006,0,66E9719B-D383-AA87-7FAB-D9B4ABE7011C
41.910572,13.158868,0,66E9719B-D383-AA87-7FAB-D9B4ABE7011C
62.476387,-25.503084,0,66E9719B-D383-AA87-7FAB-D9B4ABE7011C
62.44234,-25.71033,0,66E9719B-D383-AA87-7FAB-D9B4ABE7011C
63.559723,-26.22805,2,66E9719B-D383-AA87-7FAB-D9B4ABE7011C
10.457668,-3.7223208,2,66E9719B-D383-AA87-7FAB-D9B4ABE7011C
-10.389482,27.816767,2,66E9719B-D383-AA87-7FAB-D9B4ABE7011C
-10.463623,27.85187,2,66E9719B-D383-AA87-7FAB-D9B4ABE7011C
-61.136322,-28.550634,2,68339CF4-6AFB-7EFB-40EA-238612F8E5A4
-48.472374,-24.019258,2,68339CF4-6AFB-7EFB-40EA-238612F8E5A4
-47.924686,-24.14963,2,68339CF4-6AFB-7EFB-40EA-238612F8E5A4
-47.27378,-24.298613,2,68339CF4-6AFB-7EFB-40EA-238612F8E5A4
-46.36247,-24.253975,2,68339CF4-6AFB-7EFB-40EA-238612F8E5A4
-46.926945,-24.645641,2,68339CF4-6AFB-7EFB-40EA-238612F8E5A4
-0.40844253,64.91576,2,68339CF4-6AFB-7EFB-40EA-238612F8E5A4
0.1481058,66.53052,2,68339CF4-6AFB-7EFB-40EA-238612F8E5A4
6.635084,59.75397,2,68339CF4-6AFB-7EFB-40EA-238612F8E5A4
6.750608,59.48579,2,68339CF4-6AFB-7EFB-40EA-238612F8E5A4
7.236925,58.24613,2,68339CF4-6AFB-7EFB-40EA-238612F8E5A4
7.510779,57.6292,2,68339CF4-6AFB-7EFB-40EA-238612F8E5A4
7.7152,57.175575,1,68339CF4-6AFB-7EFB-40EA-238612F8E5A4
4.8558755,5.9731402,2,68339CF4-6AFB-7EFB-40EA-238612F8E5A4
5.3835483,5.820234,2,68339CF4-6AFB-7EFB-40EA-238612F8E5A4
6.42349,5.4762874,2,68339CF4-6AFB-7EFB-40EA-238612F8E5A4
17.07715,31.501984,2,68339CF4-6AFB-7EFB-40EA-238612F8E5A4
17.073189,31.52067,2,68339CF4-6AFB-7EFB-40EA-238612F8E5A4
-9.181822,-9.5122595,0,68339CF4-6AFB-7EFB-40EA-238612F8E5A4
-15.720541,-25.998999,0,68339CF4-6AFB-7EFB-40EA-238612F8E5A4
-15.697693,-25.726854,0,68339CF4-6AFB-7EFB-40EA-238612F8E5A4
-17.875164,-19.2433,0,68339CF4-6AFB-7EFB-40EA-238612F8E5A4
-18.475412,-19.382055,0,68339CF4-6AFB-7EFB-40EA-238612F8E5A4
-18.762175,-19.38638,0,68339CF4-6AFB-7EFB-40EA-238612F8E5A4
-13.917729,-61.043354,2,6B1E25A6-882B-DDD7-CE4F-4EC17A0906CF
-13.848108,-61.076508,2,6B1E25A6-882B-DDD7-CE4F-4EC17A0906CF
23.510662,30.208061,0,6B1E25A6-882B-DDD7-CE4F-4EC17A0906CF
23.450464,30.941414,0,6B1E25A6-882B-DDD7-CE4F-4EC17A0906CF
23.43353,31.139935,0,6B1E25A6-882B-DDD7-CE4F-4EC17A0906CF
23.405228,31.567524,0,6B1E25A6-882B-DDD7-CE4F-4EC17A0906CF
-3.3824923,-39.38089,0,6B1E25A6-882B-DDD7-CE4F-4EC17A0906CF
-2.6041894,-39.436367,0,6B1E25A6-882B-DDD7-CE4F-4EC17A0906CF
-1.9702201,-39.52269,0,6B1E25A6-882B-DDD7-CE4F-4EC17A0906CF
-1.1717609,-39.48234,0,6B1E25A6-882B-DDD7-CE4F-4EC17A0906CF
-1.0796945,-39.413517,0,6B1E25A6-882B-DDD7-CE4F-4EC17A0906CF
10.384842,-27.088528,0,6B1E25A6-882B-DDD7-CE4F-4EC17A0906CF
0.18471417,14.455154,2,6B1E25A6-882B-DDD7-CE4F-4EC17A0906CF
-0.4129746,14.455275,2,6B1E25A6-882B-DDD7-CE4F-4EC17A0906CF
-10.4822855,15.940237,2,6B1E25A6-882B-DDD7-CE4F-4EC17A0906CF
-10.453285,15.163818,2,6B1E25A6-882B-DDD7-CE4F-4EC17A0906CF
-10.681072,14.806397,1,6B1E25A6-882B-DDD7-CE4F-4EC17A0906CF
-11.364719,14.644438,1,6B1E25A6-882B-DDD7-CE4F-4EC17A0906CF
59.970535,9.6034775,0,6B1E25A6-882B-DDD7-CE4F-4EC17A0906CF
60.97964,9.325058,0,6B1E25A6-882B-DDD7-CE4F-4EC17A0906CF
61.212013,9.016818,0,6B1E25A6-882B-DDD7-CE4F-4EC17A0906CF
-64.17719,-33.870983,0,6B690AF9-8440-1C43-B353-FA85266AA12C
-56.948997,-40.718906,2,6B690AF9-8440-1C43-B353-FA85266AA12C
-56.63221,-41.794323,2,6B690AF9-8440-1C43-B353-FA85266AA12C
-56.571667,-41.90998,2,6B690AF9-8440-1C43-B353-FA85266AA12C
-55.54803,-43.76073,2,6B690AF9-8440-1C43-B353-FA85266AA12C
-55.492607,-43.938072,2,6B690AF9-8440-1C43-B353-FA85266AA12C
35.794113,43.824745,2,6B690AF9-8440-1C43-B353-FA85266AA12C
35.839336,43.79404,2,6B690AF9-8440-1C43-B353-FA85266AA12C
50.113125,-13.921673,1,6B690AF9-8440-1C43-B353-FA85266AA12C
50.217102,-15.241619,1,6B690AF9-8440-1C43-B353-FA85266AA12C
50.311817,-15.64148,1,6B690AF9-8440-1C43-B353-FA85266AA12C
50.45274,-15.9730215,1,6B690AF9-8440-1C43-B353-FA85266AA12C
-15.285619,47.97626,2,6B690AF9-8440-1C43-B353-FA85266AA12C
-15.798566,47.77384,2,6B690AF9-8440-1C43-B353-FA85266AA12C
-16.621996,47.784454,1,6B690AF9-8440-1C43-B353-FA85266AA12C
-17.091576,47.909695,1,6B690AF9-8440-1C43-B353-FA85266AA12C
-32.81394,25.50792,1,6B690AF9-8440-1C43-B353-FA85266AA12C
-32.80741,25.375185,2,6B690AF9-8440-1C43-B353-FA85266AA12C
-35.90693,17.171373,2,6B690AF9-8440-1C43-B353-FA85266AA12C
-36.115433,17.12165,2,6B690AF9-8440-1C43-B353-FA85266AA12C
-37.01855,16.945475,2,6B690AF9-8440-1C43-B353-FA85266AA12C
-38.232437,16.180286,2,6B690AF9-8440-1C43-B353-FA85266AA12C
-38.921906,15.560126,2,6B690AF9-8440-1C43-B353-FA85266AA12C
-39.238586,15.213545,2,6B690AF9-8440-1C43-B353-FA85266AA12C
-40.654507,52.64088,0,6B690AF9-8440-1C43-B353-FA85266AA12C
-40.687828,52.384098,0,6B690AF9-8440-1C43-B353-FA85266AA12C
-40.869896,51.380096,2,6B690AF9-8440-1C43-B353-FA85266AA12C
-40.93397,51.024406,2,6B690AF9-8440-1C43-B353-FA85266AA12C
-39.19261,23.975546,2,6B690AF9-8440-1C43-B353-FA85266AA12C
-39.116814,23.355408,2,6B690AF9-8440-1C43-B353-FA85266AA12C
-38.9875,22.61361,2,6B690AF9-8440-1C43-B353-FA85266AA12C
-38.927113,22.429407,2,6B690AF9-8440-1C43-B353-FA85266AA12C
-5.933641,10.604867,2,6B690AF9-8440-1C43-B353-FA85266AA12C
-16.744465,13.482101,2,6B690AF9-8440-1C43-B353-FA85266AA12C
-17.086481,13.427514,2,6B690AF9-8440-1C43-B353-FA85266AA12C
-18.046406,13.192447,1,6B690AF9-8440-1C43-B353-FA85266AA12C
-30.664337,65.9314,2,6C9454F6-2AA4-4C25-0387-C6CA7AFC4C13
-30.439325,65.347115,0,6C9454F6-2AA4-4C25-0387-C6CA7AFC4C13
-30.462835,64.9265,0,6C9454F6-2AA4-4C25-0387-C6CA7AFC4C13
-30.615185,63.984375,0,6C9454F6-2AA4-4C25-0387-C6CA7AFC4C13
-31.037992,63.330433,0,6C9454F6-2AA4-4C25-0387-C6CA7AFC4C13
-31.790443,62.937363,0,6C9454F6-2AA4-4C25-0387-C6CA7AFC4C13
-4.600837,16.631208,0,6C9454F6-2AA4-4C25-0387-C6CA7AFC4C13
-4.3337717,16.273493,0,6C9454F6-2AA4-4C25-0387-C6CA7AFC4C13
-3.8963752,15.797074,1,6C9454F6-2AA4-4C25-0387-C6CA7AFC4C13
-5.0813675,14.787502,2,6C9454F6-2AA4-4C25-0387-C6CA7AFC4C13
-5.635786,14.395696,2,6C9454F6-2AA4-4C25-0387-C6CA7AFC4C13
-6.0431485,14.064241,2,6C9454F6-2AA4-4C25-0387-C6CA7AFC4C13
-9.324115,54.12724,2,6C9454F6-2AA4-4C25-0387-C6CA7AFC4C13
-9.331795,54.56393,2,6C9454F6-2AA4-4C25-0387-C6CA7AFC4C13
-9.317415,54.950527,2,6C9454F6-2AA4-4C25-0387-C6CA7AFC4C13
-19.07083,-47.3631,1,6E42D32E-048C-D829-197E-7950E78F58CB
-19.485971,-47.59697,1,6E42D32E-048C-D829-197E-7950E78F58CB
-20.955517,-47.88266,1,6E42D32E-048C-D829-197E-7950E78F58CB
-21.084866,-47.9047,1,6E42D32E-048C-D829-197E-7950E78F58CB
15.251135,-19.780865,1,6E42D32E-048C-D829-197E-7950E78F58CB
15.195083,-19.720795,1,6E42D32E-048C-D829-197E-7950E78F58CB
14.912014,-19.382587,1,6E42D32E-048C-D829-197E-7950E78F58CB
23.605545,9.782597,1,6E42D32E-048C-D829-197E-7950E78F58CB
33.311188,23.174034,1,6E42D32E-048C-D829-197E-7950E78F58CB
54.168816,32.46472,1,6E42D32E-048C-D829-197E-7950E78F58CB
54.435886,32.218678,1,6E42D32E-048C-D829-197E-7950E78F58CB
54.778343,31.885143,1,6E42D32E-048C-D829-197E-7950E78F58CB
3.642731,-25.651897,1,6E42D32E-048C-D829-197E-7950E78F58CB
47.186554,6.8439436,1,6E42D32E-048C-D829-197E-7950E78F58CB
47.65758,6.6646695,1,6E42D32E-048C-D829-197E-7950E78F58CB
48.095093,6.518423,1,6E42D32E-048C-D829-197E-7950E78F58CB
49.581005,6.626754,1,6E42D32E-048C-D829-197E-7950E78F58CB
50.08106,6.6285834,1,6E42D32E-048C-D829-197E-7950E78F58CB
-31.836716,48.032803,2,6E42D32E-048C-D829-197E-7950E78F58CB
-32.204292,48.014263,0,6E42D32E-048C-D829-197E-7950E78F58CB
-33.088955,48.058834,0,6E42D32E-048C-D829-197E-7950E78F58CB
-33.817303,48.168716,0,6E42D32E-048C-D829-197E-7950E78F58CB
-34.85429,47.4909,0,6E42D32E-048C-D829-197E-7950E78F58CB
-39.065258,37.313046,0,6E42D32E-048C-D829-197E-7950E78F58CB
-31.816156,-12.832395,1,6E42D32E-048C-D829-197E-7950E78F58CB
-31.584547,-13.177508,1,6E42D32E-048C-D829-197E-7950E78F58CB
-31.425425,-13.464239,1,6E42D32E-048C-D829-197E-7950E78F58CB
-30.66758,-14.508817,1,6E42D32E-048C-D829-197E-7950E78F58CB
-17.07547,-37.26978,1,6E42D32E-048C-D829-197E-7950E78F58CB
-17.052826,-37.30064,1,6E42D32E-048C-D829-197E-7950E78F58CB
66.72331,-24.73795,0,70432028-81AF-D67A-251E-D2F807AB93CF
66.96955,-24.7756,0,70432028-81AF-D67A-251E-D2F807AB93CF
-13.781322,24.078033,2,70432028-81AF-D67A-251E-D2F807AB93CF
-13.735431,24.342602,2,70432028-81AF-D67A-251E-D2F807AB93CF
-13.490867,25.759047,2,70432028-81AF-D67A-251E-D2F807AB93CF
-4.086532,41.557663,2,70432028-81AF-D67A-251E-D2F807AB93CF
-4.1125593,41.9641,2,70432028-81AF-D67A-251E-D2F807AB93CF
-11.740941,61.40799,2,70432028-81AF-D67A-251E-D2F807AB93CF
-11.93978,61.88075,2,70432028-81AF-D67A-251E-D2F807AB93CF
-12.228192,62.30325,2,70432028-81AF-D67A-251E-D2F807AB93CF
-12.951898,63.234047,2,70432028-81AF-D67A-251E-D2F807AB93CF
-13.151674,63.436993,2,70432028-81AF-D67A-251E-D2F807AB93CF
-17.769379,-9.783499,2,70432028-81AF-D67A-251E-D2F807AB93CF
-18.87004,-10.149598,2,70432028-81AF-D67A-251E-D2F807AB93CF
-19.162697,-10.184789,2,70432028-81AF-D67A-251E-D2F807AB93CF
-15.8188095,-28.566145,2,70432028-81AF-D67A-251E-D2F807AB93CF
-32.688873,-21.406404,2,70432028-81AF-D67A-251E-D2F807AB93CF
-32.68825,-21.407589,2,70432028-81AF-D67A-251E-D2F807AB93CF
4.9040227,-23.89088,0,70432028-81AF-D67A-251E-D2F807AB93CF
5.174614,-23.93735,2,70432028-81AF-D67A-251E-D2F807AB93CF
5.917009,-24.167448,2,70432028-81AF-D67A-251E-D2F807AB93CF
31.311834,12.524639,2,70432028-81AF-D67A-251E-D2F807AB93CF
31.227549,21.360823,2,70432028-81AF-D67A-251E-D2F807AB93CF
31.223864,21.373726,2,70432028-81AF-D67A-251E-D2F807AB93CF
-16.04947,7.2067347,2,70432028-81AF-D67A-251E-D2F807AB93CF
-16.178074,7.193429,2,70432028-81AF-D67A-251E-D2F807AB93CF
-36.81023,-0.8046203,2,70432028-81AF-D67A-251E-D2F807AB93CF
-37.013226,-0.92920256,2,70432028-81AF-D67A-251E-D2F807AB93CF
-37.779045,-1.2735958,2,70432028-81AF-D67A-251E-D2F807AB93CF
-38.146236,-1.4466084,2,70432028-81AF-D67A-251E-D2F807AB93CF
-36.099545,-23.030155,0,718078D1-70DB-2916-366D-1119A22DCD7F
-36.120567,-23.15333,1,718078D1-70DB-2916-366D-1119A22DCD7F
-35.292324,-24.710295,1,718078D1-70DB-2916-366D-1119A22DCD7F
-35.057186,-25.267153,1,718078D1-70DB-2916-366D-1119A22DCD7F
-34.89172,-25.9553,1,718078D1-70DB-2916-366D-1119A22DCD7F
-34.81844,-26.334646,1,718078D1-70DB-2916-366D-1119A22DCD7F
52.64688,17.377089,2,718078D1-70DB-2916-366D-1119A22DCD7F
52.68705,17.307558,2,718078D1-70DB-2916-366D-1119A22DCD7F
61.126747,11.558371,1,718078D1-70DB-2916-366D-1119A22DCD7F
59.5749,1.0683749,1,718078D1-70DB-2916-366D-1119A22DCD7F
58.3534,-9.084159,1,718078D1-70DB-2916-366D-1119A22DCD7F
58.385254,-9.930055,1,718078D1-70DB-2916-366D-1119A22DCD7F
33.429028,-29.37354,1,718078D1-70DB-2916-366D-1119A22DCD7F
32.60301,-29.085382,2,718078D1-70DB-2916-366D-1119A22DCD7F
32.222454,-28.90392,2,718078D1-70DB-2916-366D-1119A22DCD7F
16.911434,-26.42239,2,718078D1-70DB-2916-366D-1119A22DCD7F
16.871107,-26.422476,2,718078D1-70DB-2916-366D-1119A22DCD7F
-14.172791,29.83028,2,718078D1-70DB-2916-366D-1119A22DCD7F
-4.3882074,71.20834,0,718078D1-70DB-2916-366D-1119A22DCD7F
-4.438477,71.23838,0,718078D1-70DB-2916-366D-1119A22DCD7F
-7.047274,72.34129,0,718078D1-70DB-2916-366D-1119A22DCD7F
-7.2929783,72.503235,0,718078D1-70DB-2916-366D-1119A22DCD7F
-8.282948,73.19833,0,718078D1-70DB-2916-366D-1119A22DCD7F
-8.323709,73.22402,0,718078D1-70DB-2916-366D-1119A22DCD7F
-30.511318,16.421095,1,72B642AD-2D4A-574F-05EC-EC93C0C52335
-30.476082,16.372614,1,72B642AD-2D4A-574F-05EC-EC93C0C52335
-29.468487,15.523783,1,72B642AD-2D4A-574F-05EC-EC93C0C52335
-28.78684,14.893168,1,72B642AD-2D4A-574F-05EC-EC93C0C52335
-28.180363,14.352149,1,72B642AD-2D4A-574F-05EC-EC93C0C52335
-27.878492,13.886771,1,72B642AD-2D4A-574F-05EC-EC93C0C52335
-6.6044345,60.20024,2,72B642AD-2D4A-574F-05EC-EC93C0C52335
-6.4933786,60.462215,2,72B642AD-2D4A-574F-05EC-EC93C0C52335
-6.2201457,61.071003,2,72B642AD-2D4A-574F-05EC-EC93C0C52335
-5.8958874,61.73014,2,72B642AD-2D4A-574F-05EC-EC93C0C52335
-3.1816766,65.509514,2,72B642AD-2D4A-574F-05EC-EC93C0C52335
-3.0002089,65.70876,2,72B642AD-2D4A-574F-05EC-EC93C0C52335
-65.94968,-35.47742,2,7417E7AB-C723-0958-F8EE-DDA4DED65165
-66.68255,-36.659718,2,7417E7AB-C723-0958-F8EE-DDA4DED65165
-66.73272,-36.743263,2,7417E7AB-C723-0958-F8EE-DDA4DED65165
-44.783844,-43.048977,0,7417E7AB-C723-0958-F8EE-DDA4DED65165
-44.3084,-43.115654,0,7417E7AB-C723-0958-F8EE-DDA4DED65165
-44.07219,-43.111042,0,7417E7AB-C723-0958-F8EE-DDA4DED65165
-11.063995,19.164373,0,7417E7AB-C723-0958-F8EE-DDA4DED65165
-9.921225,18.578512,0,7417E7AB-C723-0958-F8EE-DDA4DED65165
-9.819372,18.50258,0,7417E7AB-C723-0958-F8EE-DDA4DED65165
-20.093653,4.9651017,0,7417E7AB-C723-0958-F8EE-DDA4DED65165
-20.637142,4.0908313,0,7417E7AB-C723-0958-F8EE-DDA4DED65165
-20.815514,3.8103173,0,7417E7AB-C723-0958-F8EE-DDA4DED65165
57.15163,5.55913,0,7417E7AB-C723-0958-F8EE-DDA4DED65165
62.573414,4.0537343,0,7417E7AB-C723-0958-F8EE-DDA4DED65165
64.72334,-4.9136815,0,7417E7AB-C723-0958-F8EE-DDA4DED65165
64.423225,-5.592334,0,7417E7AB-C723-0958-F8EE-DDA4DED65165
48.649418,-38.037323,0,7417E7AB-C723-0958-F8EE-DDA4DED65165
48.61471,-37.994476,1,7417E7AB-C723-0958-F8EE-DDA4DED65165
8.78835,9.535472,0,7417E7AB-C723-0958-F8EE-DDA4DED65165
-4.4211545,3.0068693,0,7417E7AB-C723-0958-F8EE-DDA4DED65165
-4.633556,2.768348,0,7417E7AB-C723-0958-F8EE-DDA4DED65165
-4.998555,2.1055405,0,7417E7AB-C723-0958-F8EE-DDA4DED65165
-17.387705,-1.0430481,0,7417E7AB-C723-0958-F8EE-DDA4DED65165
-17.422075,-1.0838422,2,7417E7AB-C723-0958-F8EE-DDA4DED65165
-40.178238,45.43011,2,7417E7AB-C723-0958-F8EE-DDA4DED65165
-42.670532,39.104797,0,7417E7AB-C723-0958-F8EE-DDA4DED65165
-42.8388,39.057606,0,7417E7AB-C723-0958-F8EE-DDA4DED65165
21.144466,-32.70938,2,761D024F-3C62-5326-601A-88D436C7726A
20.564178,-32.406227,2,761D024F-3C62-5326-601A-88D436C7726A
-10.977574,37.571426,2,761D024F-3C62-5326-601A-88D436C7726A
-11.230597,37.783333,2,761D024F-3C62-5326-601A-88D436C7726A
-12.503535,38.591213,2,761D024F-3C62-5326-601A-88D436C7726A
-12.675192,38.62406,2,761D024F-3C62-5326-601A-88D436C7726A
-6.1300173,-53.688946,1,761D024F-3C62-5326-601A-88D436C7726A
-6.154163,-53.67814,1,761D024F-3C62-5326-601A-88D436C7726A
-5.6107345,-53.886387,1,761D024F-3C62-5326-601A-88D436C7726A
31.536102,-1.3102194,1,761D024F-3C62-5326-601A-88D436C7726A
32.18599,-0.60990304,1,761D024F-3C62-5326-601A-88D436C7726A
32.74819,-0.11191309,1,761D024F-3C62-5326-601A-88D436C7726A
33.281376,0.30193907,1,761D024F-3C62-5326-601A-88D436C7726A
33.669262,0.5382525,0,761D024F-3C62-5326-601A-88D436C7726A
65.51426,8.701402,0,761D024F-3C62-5326-601A-88D436C7726A
65.920616,8.240944,0,761D024F-3C62-5326-601A-88D436C7726A
69.672356,-6.766587,0,761D024F-3C62-5326-601A-88D436C7726A
70.15446,-8.627016,0,761D024F-3C62-5326-601A-88D436C7726A
70.1807,-8.689896,0,761D024F-3C62-5326-601A-88D436C7726A
59.59339,-22.668108,2,761D024F-3C62-5326-601A-88D436C7726A
32.120014,-27.441666,2,761D024F-3C62-5326-601A-88D436C7726A
27.843132,-28.420317,2,761D024F-3C62-5326-601A-88D436C7726A
0.7739053,42.693806,2,761D024F-3C62-5326-601A-88D436C7726A
-13.805014,35.550774,1,761D024F-3C62-5326-601A-88D436C7726A
1.4885733,-9.993113,0,761D024F-3C62-5326-601A-88D436C7726A
1.6635028,-10.113636,0,761D024F-3C62-5326-601A-88D436C7726A
2.1646588,-10.35966,0,761D024F-3C62-5326-601A-88D436C7726A
4.5508156,-10.305063,1,761D024F-3C62-5326-601A-88D436C7726A
5.0707173,-10.12768,1,761D024F-3C62-5326-601A-88D436C7726A
5.652081,-9.874207,1,761D024F-3C62-5326-601A-88D436C7726A
-65.07951,-32.267696,2,772BA0E9-AC30-CEA6-AA1B-18A0300702AA
-44.501087,-32.930275,2,772BA0E9-AC30-CEA6-AA1B-18A0300702AA
-44.28128,-32.77584,2,772BA0E9-AC30-CEA6-AA1B-18A0300702AA
-43.859306,-32.389385,2,772BA0E9-AC30-CEA6-AA1B-18A0300702AA
-42.504364,-32.47938,2,772BA0E9-AC30-CEA6-AA1B-18A0300702AA
-42.404507,-32.43308,2,772BA0E9-AC30-CEA6-AA1B-18A0300702AA
-12.384165,-24.96687,1,772BA0E9-AC30-CEA6-AA1B-18A0300702AA
-12.4708395,-24.969015,1,772BA0E9-AC30-CEA6-AA1B-18A0300702AA
-14.426931,-23.718264,1,772BA0E9-AC30-CEA6-AA1B-18A0300702AA
-14.491351,-23.69711,1,772BA0E9-AC30-CEA6-AA1B-18A0300702AA
-11.54584,-30.590801,1,772BA0E9-AC30-CEA6-AA1B-18A0300702AA
-11.509837,-30.646143,1,772BA0E9-AC30-CEA6-AA1B-18A0300702AA
41.1221,7.927674,1,772BA0E9-AC30-CEA6-AA1B-18A0300702AA
41.78006,8.167373,1,772BA0E9-AC30-CEA6-AA1B-18A0300702AA
42.202484,8.462823,1,772BA0E9-AC30-CEA6-AA1B-18A0300702AA
42.619667,8.532314,1,772BA0E9-AC30-CEA6-AA1B-18A0300702AA
47.943237,11.310026,1,772BA0E9-AC30-CEA6-AA1B-18A0300702AA
62.90096,-0.1709129,1,772BA0E9-AC30-CEA6-AA1B-18A0300702AA
-3.4559734,19.174818,1,772BA0E9-AC30-CEA6-AA1B-18A0300702AA
-3.313236,18.73442,1,772BA0E9-AC30-CEA6-AA1B-18A0300702AA
-10.544352,-38.500843,1,77F6B31E-B228-3C6D-A66F-E7E6FDED3587
-11.164536,-39.1704,1,77F6B31E-B228-3C6D-A66F-E7E6FDED3587
-12.035508,-40.413937,1,77F6B31E-B228-3C6D-A66F-E7E6FDED3587
-12.229032,-40.87421,1,77F6B31E-B228-3C6D-A66F-E7E6FDED3587
-12.546094,-41.45337,1,77F6B31E-B228-3C6D-A66F-E7E6FDED3587
-12.648072,-41.71741,1,77F6B31E-B228-3C6D-A66F-E7E6FDED3587
43.014046,6.006846,1,77F6B31E-B228-3C6D-A66F-E7E6FDED3587
43.902645,5.933211,1,77F6B31E-B228-3C6D-A66F-E7E6FDED3587
44.325645,5.8344045,1,77F6B31E-B228-3C6D-A66F-E7E6FDED3587
45.2359,5.5357246,1,77F6B31E-B228-3C6D-A66F-E7E6FDED3587
45.932056,5.351662,1,77F6B31E-B228-3C6D-A66F-E7E6FDED3587
59.302032,5.5565505,0,77F6B31E-B228-3C6D-A66F-E7E6FDED3587
-42.672222,-48.787697,2,7B8B31F4-FFC3-7A4E-3EAF-78D5CA8ACB61
-42.523674,-48.844643,2,7B8B31F4-FFC3-7A4E-3EAF-78D5CA8ACB61
-41.898098,-49.102947,2,7B8B31F4-FFC3-7A4E-3EAF-78D5CA8ACB61
-40.450424,-49.749126,2,7B8B31F4-FFC3-7A4E-3EAF-78D5CA8ACB61
-39.824104,-49.7716,2,7B8B31F4-FFC3-7A4E-3EAF-78D5CA8ACB61
-39.242523,-49.78781,2,7B8B31F4-FFC3-7A4E-3EAF-78D5CA8ACB61
1.6961453,-0.17078531,0,7B8B31F4-FFC3-7A4E-3EAF-78D5CA8ACB61
1.5629512,-0.6022949,0,7B8B31F4-FFC3-7A4E-3EAF-78D5CA8ACB61
-2.489642,-7.881369,0,7B8B31F4-FFC3-7A4E-3EAF-78D5CA8ACB61
-2.7996743,-8.29887,0,7B8B31F4-FFC3-7A4E-3EAF-78D5CA8ACB61
-3.4635973,-9.134452,0,7B8B31F4-FFC3-7A4E-3EAF-78D5CA8ACB61
-3.8787754,-9.7078905,0,7B8B31F4-FFC3-7A4E-3EAF-78D5CA8ACB61
3.7925153,-13.900033,0,7B8B31F4-FFC3-7A4E-3EAF-78D5CA8ACB61
3.2808905,-13.619845,0,7B8B31F4-FFC3-7A4E-3EAF-78D5CA8ACB61
3.129769,-13.557142,0,7B8B31F4-FFC3-7A4E-3EAF-78D5CA8ACB61
46.30798,2.5856977,0,7B8B31F4-FFC3-7A4E-3EAF-78D5CA8ACB61
46.465717,3.09509,0,7B8B31F4-FFC3-7A4E-3EAF-78D5CA8ACB61
47.06896,3.2474468,0,7B8B31F4-FFC3-7A4E-3EAF-78D5CA8ACB61
47.59971,3.457275,0,7B8B31F4-FFC3-7A4E-3EAF-78D5CA8ACB61
57.133278,3.7961419,0,7B8B31F4-FFC3-7A4E-3EAF-78D5CA8ACB61
57.916737,3.5193632,0,7B8B31F4-FFC3-7A4E-3EAF-78D5CA8ACB61
58.446976,0.11410353,0,7B8B31F4-FFC3-7A4E-3EAF-78D5CA8ACB61
58.473618,-6.394533,0,7B8B31F4-FFC3-7A4E-3EAF-78D5CA8ACB61
60.232075,-24.371965,0,7B8B31F4-FFC3-7A4E-3EAF-78D5CA8ACB61
-35.837128,33.89571,2,7B8B31F4-FFC3-7A4E-3EAF-78D5CA8ACB61
-36.129044,33.354908,2,7B8B31F4-FFC3-7A4E-3EAF-78D5CA8ACB61
-14.375791,10.190519,2,7B8B31F4-FFC3-7A4E-3EAF-78D5CA8ACB61
-13.803145,10.142191,2,7B8B31F4-FFC3-7A4E-3EAF-78D5CA8ACB61
-13.037673,10.286006,2,7B8B31F4-FFC3-7A4E-3EAF-78D5CA8ACB61
-12.527494,10.390072,0,7B8B31F4-FFC3-7A4E-3EAF-78D5CA8ACB61
-13.153295,33.200012,1,7B8B31F4-FFC3-7A4E-3EAF-78D5CA8ACB61
-12.792615,34.129597,1,7B8B31F4-FFC3-7A4E-3EAF-78D5CA8ACB61
-12.632496,34.267216,1,7B8B31F4-FFC3-7A4E-3EAF-78D5CA8ACB61
-17.417492,50.197197,2,7DC9729F-BA27-3831-6078-F8508766396A
-17.729557,50.12761,2,7DC9729F-BA27-3831-6078-F8508766396A
-18.10073,49.99206,2,7DC9729F-BA27-3831-6078-F8508766396A
-60.507637,10.327446,2,7DC9729F-BA27-3831-6078-F8508766396A
-60.49743,10.005787,2,7DC9729F-BA27-3831-6078-F8508766396A
-60.468616,9.330358,2,7DC9729F-BA27-3831-6078-F8508766396A
32.679592,56.832726,0,7DC9729F-BA27-3831-6078-F8508766396A
32.787674,56.89185,0,7DC9729F-BA27-3831-6078-F8508766396A
34.18936,57.266712,0,7DC9729F-BA27-3831-6078-F8508766396A
34.97162,57.22466,0,7DC9729F-BA27-3831-6078-F8508766396A
35.677418,57.059387,0,7DC9729F-BA27-3831-6078-F8508766396A
37.034233,57.114822,0,7DC9729F-BA27-3831-6078-F8508766396A
37.439075,57.24536,0,7DC9729F-BA27-3831-6078-F8508766396A
37.243454,59.057697,0,7DC9729F-BA27-3831-6078-F8508766396A
36.762344,59.14744,0,7DC9729F-BA27-3831-6078-F8508766396A
35.90635,59.172504,0,7DC9729F-BA27-3831-6078-F8508766396A
35.727013,59.062584,0,7DC9729F-BA27-3831-6078-F8508766396A
35.297234,58.78241,0,7DC9729F-BA27-3831-6078-F8508766396A
-1.244444,-47.78897,2,7FB7C50A-30EA-A991-0C04-7FFA681B8803
-0.33186552,-47.601418,2,7FB7C50A-30EA-A991-0C04-7FFA681B8803
0.41214293,-47.32107,2,7FB7C50A-30EA-A991-0C04-7FFA681B8803
1.0981112,-47.18838,2,7FB7C50A-30EA-A991-0C04-7FFA681B8803
0.9984102,-46.565796,2,7FB7C50A-30EA-A991-0C04-7FFA681B8803
0.9532274,-45.876442,0,7FB7C50A-30EA-A991-0C04-7FFA681B8803
23.988895,-19.997551,2,7FB7C50A-30EA-A991-0C04-7FFA681B8803
23.950205,-19.822355,2,7FB7C50A-30EA-A991-0C04-7FFA681B8803
-3.7453723,50.487595,2,7FB7C50A-30EA-A991-0C04-7FFA681B8803
-8.699666,52.226196,2,7FB7C50A-30EA-A991-0C04-7FFA681B8803
-13.137566,55.57787,2,7FB7C50A-30EA-A991-0C04-7FFA681B8803
-13.229895,55.63642,2,7FB7C50A-30EA-A991-0C04-7FFA681B8803
-6.039298,11.902422,0,7FB7C50A-30EA-A991-0C04-7FFA681B8803
-12.469109,5.459499,0,7FB7C50A-30EA-A991-0C04-7FFA681B8803
-12.649919,5.176905,0,7FB7C50A-30EA-A991-0C04-7FFA681B8803
-13.02104,4.6784234,0,7FB7C50A-30EA-A991-0C04-7FFA681B8803
-13.65148,2.9868042,0,7FB7C50A-30EA-A991-0C04-7FFA681B8803
-13.661291,2.94979,0,7FB7C50A-30EA-A991-0C04-7FFA681B8803
-22.19972,-35.402348,0,7FB7C50A-30EA-A991-0C04-7FFA681B8803
-21.448948,-35.660763,0,7FB7C50A-30EA-A991-0C04-7FFA681B8803
-21.087124,-35.947544,0,7FB7C50A-30EA-A991-0C04-7FFA681B8803
-20.396727,-37.163612,0,7FB7C50A-30EA-A991-0C04-7FFA681B8803
-20.156721,-37.719154,0,7FB7C50A-30EA-A991-0C04-7FFA681B8803
-19.498323,-38.639706,0,7FB7C50A-30EA-A991-0C04-7FFA681B8803
49.42332,-24.152477,0,7FB7C50A-30EA-A991-0C04-7FFA681B8803
49.132694,-24.254143,0,7FB7C50A-30EA-A991-0C04-7FFA681B8803
24.842789,-26.81714,0,7FB7C50A-30EA-A991-0C04-7FFA681B8803
25.225016,-26.229618,0,7FB7C50A-30EA-A991-0C04-7FFA681B8803
12.493392,28.48232,0,7FB7C50A-30EA-A991-0C04-7FFA681B8803
-2.3353941,47.763374,2,7FB7C50A-30EA-A991-0C04-7FFA681B8803
-3.2012923,47.97469,0,7FB7C50A-30EA-A991-0C04-7FFA681B8803
-3.575992,48.13614,2,7FB7C50A-30EA-A991-0C04-7FFA681B8803
-9.846358,65.02826,2,7FB7C50A-30EA-A991-0C04-7FFA681B8803
-9.543872,65.19269,2,7FB7C50A-30EA-A991-0C04-7FFA681B8803
-8.092185,66.14478,2,7FB7C50A-30EA-A991-0C04-7FFA681B8803
-8.052823,66.17539,2,7FB7C50A-30EA-A991-0C04-7FFA681B8803
-12.618639,-19.40491,0,8407F9C4-C295-8C95-C281-584AF2118F84
-11.843208,-19.282787,2,8407F9C4-C295-8C95-C281-584AF2118F84
-11.462725,-19.227594,2,8407F9C4-C295-8C95-C281-584AF2118F84
-4.5480537,-19.056284,2,8407F9C4-C295-8C95-C281-584AF2118F84
-4.2718234,-19.324636,2,8407F9C4-C295-8C95-C281-584AF2118F84
-3.7531652,-19.60066,2,8407F9C4-C295-8C95-C281-584AF2118F84
46.21465,12.286142,2,8407F9C4-C295-8C95-C281-584AF2118F84
71.05251,2.940145,2,8407F9C4-C295-8C95-C281-584AF2118F84
56.499256,-33.94816,2,8407F9C4-C295-8C95-C281-584AF2118F84
55.689648,-34.470963,2,8407F9C4-C295-8C95-C281-584AF2118F84
55.269703,-34.761044,2,8407F9C4-C295-8C95-C281-584AF2118F84
54.785927,-35.076122,2,8407F9C4-C295-8C95-C281-584AF2118F84
54.400948,-36.223763,2,8407F9C4-C295-8C95-C281-584AF2118F84
27.109978,-25.264896,2,8407F9C4-C295-8C95-C281-584AF2118F84
-1.3506747,42.324703,2,8407F9C4-C295-8C95-C281-584AF2118F84
-15.398655,39.20778,2,8407F9C4-C295-8C95-C281-584AF2118F84
-16.164877,39.126457,2,8407F9C4-C295-8C95-C281-584AF2118F84
-16.404022,39.249825,2,8407F9C4-C295-8C95-C281-584AF2118F84
15.765567,-10.783749,0,8407F9C4-C295-8C95-C281-584AF2118F84
15.764713,-10.812001,0,8407F9C4-C295-8C95-C281-584AF2118F84
-8.772128,39.355495,0,8407F9C4-C295-8C95-C281-584AF2118F84
-8.829766,39.418137,0,8407F9C4-C295-8C95-C281-584AF2118F84
-26.804972,67.21515,0,8407F9C4-C295-8C95-C281-584AF2118F84
-26.814232,67.20848,2,8407F9C4-C295-8C95-C281-584AF2118F84
48.953114,22.684978,1,85748DC9-A6DA-334D-6422-BF69EE06A98C
49.18037,22.545412,1,85748DC9-A6DA-334D-6422-BF69EE06A98C
49.668457,22.265762,1,85748DC9-A6DA-334D-6422-BF69EE06A98C
50.843246,21.665127,2,85748DC9-A6DA-334D-6422-BF69EE06A98C
46.252544,-6.728664,2,85748DC9-A6DA-334D-6422-BF69EE06A98C
46.12952,-6.9251876,2,85748DC9-A6DA-334D-6422-BF69EE06A98C
-43.33272,31.144522,1,85748DC9-A6DA-334D-6422-BF69EE06A98C
-43.337383,31.099482,1,85748DC9-A6DA-334D-6422-BF69EE06A98C
-28.569046,46.520023,2,85748DC9-A6DA-334D-6422-BF69EE06A98C
-28.974495,46.92148,2,85748DC9-A6DA-334D-6422-BF69EE06A98C
-29.479717,47.370667,2,85748DC9-A6DA-334D-6422-BF69EE06A98C
-29.96977,47.803802,2,85748DC9-A6DA-334D-6422-BF69EE06A98C
42.898327,15.636213,2,85748DC9-A6DA-334D-6422-BF69EE06A98C
42.945503,15.640013,2,85748DC9-A6DA-334D-6422-BF69EE06A98C
50.358913,12.97288,1,85748DC9-A6DA-334D-6422-BF69EE06A98C
50.55234,12.841814,1,85748DC9-A6DA-334D-6422-BF69EE06A98C
61.568794,4.31723,1,85748DC9-A6DA-334D-6422-BF69EE06A98C
64.123,5.5237823,2,85748DC9-A6DA-334D-6422-BF69EE06A98C
-61.373203,-33.60174,2,862DB2BA-55C9-5794-03BC-FBBA3BEE80C7
-51.664856,-40.83601,2,862DB2BA-55C9-5794-03BC-FBBA3BEE80C7
-48.72513,-44.77698,2,862DB2BA-55C9-5794-03BC-FBBA3BEE80C7
-48.470886,-44.76958,2,862DB2BA-55C9-5794-03BC-FBBA3BEE80C7
-48.137604,-44.76247,2,862DB2BA-55C9-5794-03BC-FBBA3BEE80C7
-36.179943,-55.71761,0,862DB2BA-55C9-5794-03BC-FBBA3BEE80C7
-1.685553,17.42798,0,862DB2BA-55C9-5794-03BC-FBBA3BEE80C7
2.6798944,4.2471757,0,862DB2BA-55C9-5794-03BC-FBBA3BEE80C7
2.7348669,3.8548276,0,862DB2BA-55C9-5794-03BC-FBBA3BEE80C7
2.7968524,3.0738394,0,862DB2BA-55C9-5794-03BC-FBBA3BEE80C7
2.7449028,2.0632594,2,862DB2BA-55C9-5794-03BC-FBBA3BEE80C7
2.8577807,1.5065283,2,862DB2BA-55C9-5794-03BC-FBBA3BEE80C7
60.4201,-31.745869,0,862DB2BA-55C9-5794-03BC-FBBA3BEE80C7
60.503414,-31.372782,2,862DB2BA-55C9-5794-03BC-FBBA3BEE80C7
60.562027,-30.864553,2,862DB2BA-55C9-5794-03BC-FBBA3BEE80C7
27.804268,-23.35674,2,862DB2BA-55C9-5794-03BC-FBBA3BEE80C7
27.567074,-23.544846,2,862DB2BA-55C9-5794-03BC-FBBA3BEE80C7
19.54088,-15.855296,2,862DB2BA-55C9-5794-03BC-FBBA3BEE80C7
10.431818,9.255948,0,862DB2BA-55C9-5794-03BC-FBBA3BEE80C7
10.520082,9.2516985,0,862DB2BA-55C9-5794-03BC-FBBA3BEE80C7
40.77013,-35.81502,0,8690E8B6-9B41-5F0E-C518-8F2D028C6690
40.804344,-35.846516,0,8690E8B6-9B41-5F0E-C518-8F2D028C6690
26.79371,-34.675438,0,8690E8B6-9B41-5F0E-C518-8F2D028C6690
26.843897,-34.856895,0,8690E8B6-9B41-5F0E-C518-8F2D028C6690
-1.4031216,35.710148,0,8690E8B6-9B41-5F0E-C518-8F2D028C6690
-12.43857,41.678616,0,8690E8B6-9B41-5F0E-C518-8F2D028C6690
-13.062393,41.867184,0,8690E8B6-9B41-5F0E-C518-8F2D028C6690
-13.773409,42.136593,2,8690E8B6-9B41-5F0E-C518-8F2D028C6690
-14.186535,42.21132,2,8690E8B6-9B41-5F0E-C518-8F2D028C6690
-15.644464,42.264225,2,8690E8B6-9B41-5F0E-C518-8F2D028C6690
-16.016739,42.16596,2,8690E8B6-9B41-5F0E-C518-8F2D028C6690
2.1555133,21.64745,2,8690E8B6-9B41-5F0E-C518-8F2D028C6690
2.1190295,21.07968,2,8690E8B6-9B41-5F0E-C518-8F2D028C6690
2.1685457,20.999172,2,8690E8B6-9B41-5F0E-C518-8F2D028C6690
7.401577,0.9061354,0,8690E8B6-9B41-5F0E-C518-8F2D028C6690
7.1081533,0.276549,0,8690E8B6-9B41-5F0E-C518-8F2D028C6690
6.957608,-0.050468285,0,8690E8B6-9B41-5F0E-C518-8F2D028C6690
6.6095343,-1.1082227,0,8690E8B6-9B41-5F0E-C518-8F2D028C6690
53.093338,-27.084307,0,8690E8B6-9B41-5F0E-C518-8F2D028C6690
23.051151,-29.243773,0,8690E8B6-9B41-5F0E-C518-8F2D028C6690
22.885021,-29.18256,2,8690E8B6-9B41-5F0E-C518-8F2D028C6690
15.53197,-15.431991,2,8690E8B6-9B41-5F0E-C518-8F2D028C6690
15.426285,-15.432897,2,8690E8B6-9B41-5F0E-C518-8F2D028C6690
-1.1228352,47.84135,2,8690E8B6-9B41-5F0E-C518-8F2D028C6690
-33.176086,-24.676449,0,874A6B13-C999-C802-1138-FA198591D897
2.0515747,-35.685593,0,874A6B13-C999-C802-1138-FA198591D897
1.8198167,-35.619083,0,874A6B13-C999-C802-1138-FA198591D897
1.0903053,-35.442284,0,874A6B13-C999-C802-1138-FA198591D897
-0.13268048,-35.69202,0,874A6B13-C999-C802-1138-FA198591D897
-0.22132799,-35.711548,0,874A6B13-C999-C802-1138-FA198591D897
56.233574,-9.807282,0,874A6B13-C999-C802-1138-FA198591D897
56.246346,-10.499904,0,874A6B13-C999-C802-1138-FA198591D897
56.299446,-11.473577,2,874A6B13-C999-C802-1138-FA198591D897
56.1219,-12.468012,2,874A6B13-C999-C802-1138-FA198591D897
55.970196,-13.040348,2,874A6B13-C999-C802-1138-FA198591D897
22.980402,-35.8003,0,874A6B13-C999-C802-1138-FA198591D897
-20.048172,72.69142,2,874A6B13-C999-C802-1138-FA198591D897
-19.395973,73.20285,2,874A6B13-C999-C802-1138-FA198591D897
-19.197506,73.3636,2,874A6B13-C999-C802-1138-FA198591D897
-62.377163,-30.335709,2,8DD09016-F898-915E-4A5C-727F57619D73
-49.03584,-33.87763,2,8DD09016-F898-915E-4A5C-727F57619D73
-48.827553,-33.91523,2,8DD09016-F898-915E-4A5C-727F57619D73
-47.591095,-34.18128,2,8DD09016-F898-915E-4A5C-727F57619D73
-45.959595,-34.65647,2,8DD09016-F898-915E-4A5C-727F57619D73
-44.45041,-35.241573,2,8DD09016-F898-915E-4A5C-727F57619D73
-44.19713,-35.403645,2,8DD09016-F898-915E-4A5C-727F57619D73
-46.797142,-47.796844,0,8DD09016-F898-915E-4A5C-727F57619D73
-46.93168,-49.0144,0,8DD09016-F898-915E-4A5C-727F57619D73
-47.13448,-49.43245,0,8DD09016-F898-915E-4A5C-727F57619D73
-47.97238,-50.19432,2,8DD09016-F898-915E-4A5C-727F57619D73
-48.178608,-50.34083,2,8DD09016-F898-915E-4A5C-727F57619D73
23.64776,-38.643597,0,8DD09016-F898-915E-4A5C-727F57619D73
23.711117,-38.059208,0,8DD09016-F898-915E-4A5C-727F57619D73
23.722353,-37.705883,0,8DD09016-F898-915E-4A5C-727F57619D73
24.054201,-37.04489,2,8DD09016-F898-915E-4A5C-727F57619D73
25.276415,-35.790825,2,8DD09016-F898-915E-4A5C-727F57619D73
5.4933047,35.46547,2,8DD09016-F898-915E-4A5C-727F57619D73
6.7231274,-30.624893,0,8DD09016-F898-915E-4A5C-727F57619D73
6.6631284,-30.551096,0,8DD09016-F898-915E-4A5C-727F57619D73
6.229119,-30.418425,0,8DD09016-F898-915E-4A5C-727F57619D73
5.5335183,-30.02142,0,8DD09016-F898-915E-4A5C-727F57619D73
50.23974,33.351913,0,8DD09016-F898-915E-4A5C-727F57619D73
50.238346,33.34797,0,8DD09016-F898-915E-4A5C-727F57619D73
53.414062,-9.790161,0,8DD09016-F898-915E-4A5C-727F57619D73
53.33084,-9.845924,0,8DD09016-F898-915E-4A5C-727F57619D73
33.42354,-33.103725,0,8DD09016-F898-915E-4A5C-727F57619D73
33.462345,-33.172565,2,8DD09016-F898-915E-4A5C-727F57619D73
32.300213,-32.276253,2,8DD09016-F898-915E-4A5C-727F57619D73
31.894613,-32.028027,2,8DD09016-F898-915E-4A5C-727F57619D73
11.425326,-36.120255,0,8DD09016-F898-915E-4A5C-727F57619D73
12.285841,-36.639107,0,8DD09016-F898-915E-4A5C-727F57619D73
12.508654,-36.115494,0,8DD09016-F898-915E-4A5C-727F57619D73
12.783496,-35.939384,0,8DD09016-F898-915E-4A5C-727F57619D73
13.576822,-35.45104,0,8DD09016-F898-915E-4A5C-727F57619D73
43.654385,2.913284,0,8DD09016-F898-915E-4A5C-727F57619D73
7.4178495,-48.16474,2,9268F759-54B0-96CC-C0F5-9D8DBAA12073
7.498815,-48.249283,2,9268F759-54B0-96CC-C0F5-9D8DBAA12073
8.354376,-49.304066,2,9268F759-54B0-96CC-C0F5-9D8DBAA12073
9.631218,-49.327778,2,9268F759-54B0-96CC-C0F5-9D8DBAA12073
10.284545,-49.386543,2,9268F759-54B0-96CC-C0F5-9D8DBAA12073
10.4901495,-49.388905,2,9268F759-54B0-96CC-C0F5-9D8DBAA12073
-26.649944,9.701289,0,9268F759-54B0-96CC-C0F5-9D8DBAA12073
-26.647642,9.688323,0,9268F759-54B0-96CC-C0F5-9D8DBAA12073
20.47966,4.1466465,0,9268F759-54B0-96CC-C0F5-9D8DBAA12073
20.986141,4.249836,2,9268F759-54B0-96CC-C0F5-9D8DBAA12073
21.89496,4.4383407,2,9268F759-54B0-96CC-C0F5-9D8DBAA12073
22.111788,4.485771,2,9268F759-54B0-96CC-C0F5-9D8DBAA12073
3.3445067,-18.285402,2,9268F759-54B0-96CC-C0F5-9D8DBAA12073
3.3603983,-18.323893,2,9268F759-54B0-96CC-C0F5-9D8DBAA12073
-8.952522,-44.508972,2,9268F759-54B0-96CC-C0F5-9D8DBAA12073
-8.675326,-44.708107,2,9268F759-54B0-96CC-C0F5-9D8DBAA12073
-7.848455,-45.306435,2,9268F759-54B0-96CC-C0F5-9D8DBAA12073
-7.3503194,-45.677975,1,9268F759-54B0-96CC-C0F5-9D8DBAA12073
-46.012306,-46.00916,2,96B78431-4166-E4D3-2AA2-15BE2512E1D6
-45.358185,-46.439182,1,96B78431-4166-E4D3-2AA2-15BE2512E1D6
-45.04976,-46.574253,2,96B78431-4166-E4D3-2AA2-15BE2512E1D6
-38.458263,-47.278194,2,96B78431-4166-E4D3-2AA2-15BE2512E1D6
-38.06511,-47.3677,2,96B78431-4166-E4D3-2AA2-15BE2512E1D6
-37.555798,-47.49942,2,96B78431-4166-E4D3-2AA2-15BE2512E1D6
-9.590576,-40.779606,1,96B78431-4166-E4D3-2AA2-15BE2512E1D6
-9.437702,-40.670486,1,96B78431-4166-E4D3-2AA2-15BE2512E1D6
-8.63638,-40.075428,1,96B78431-4166-E4D3-2AA2-15BE2512E1D6
-7.4932184,-40.044945,1,96B78431-4166-E4D3-2AA2-15BE2512E1D6
-6.7117133,-40.193516,1,96B78431-4166-E4D3-2AA2-15BE2512E1D6
-6.6166368,-40.210537,1,96B78431-4166-E4D3-2AA2-15BE2512E1D6
-51.583153,-46.972992,2,99827717-1B21-7ECC-CAD1-99489F7E19EA
-51.565792,-47.689735,2,99827717-1B21-7ECC-CAD1-99489F7E19EA
-51.518185,-48.580093,2,99827717-1B21-7ECC-CAD1-99489F7E19EA
-51.691162,-48.9528,2,99827717-1B21-7ECC-CAD1-99489F7E19EA
-50.939964,-49.704323,1,99827717-1B21-7ECC-CAD1-99489F7E19EA
-50.715317,-49.95044,2,99827717-1B21-7ECC-CAD1-99489F7E19EA
-44.571465,-7.2534094,2,99827717-1B21-7ECC-CAD1-99489F7E19EA
-44.009384,-7.531581,2,99827717-1B21-7ECC-CAD1-99489F7E19EA
-43.70075,-7.737427,1,99827717-1B21-7ECC-CAD1-99489F7E19EA
-26.667418,-28.235483,1,99827717-1B21-7ECC-CAD1-99489F7E19EA
-26.229183,-28.464315,1,99827717-1B21-7ECC-CAD1-99489F7E19EA
-26.01567,-28.606373,1,99827717-1B21-7ECC-CAD1-99489F7E19EA
-50.913906,-0.15454116,1,99827717-1B21-7ECC-CAD1-99489F7E19EA
-51.15687,0.051024444,1,99827717-1B21-7ECC-CAD1-99489F7E19EA
-52.087612,1.4537047,1,99827717-1B21-7ECC-CAD1-99489F7E19EA
-52.069187,1.4458508,1,99827717-1B21-7ECC-CAD1-99489F7E19EA
-52.090107,2.3201,1,99827717-1B21-7ECC-CAD1-99489F7E19EA
-52.120384,3.0029368,2,99827717-1B21-7ECC-CAD1-99489F7E19EA
11.121135,-8.703904,1,99827717-1B21-7ECC-CAD1-99489F7E19EA
11.119747,-8.709526,0,99827717-1B21-7ECC-CAD1-99489F7E19EA
-18.651463,32.182667,0,99827717-1B21-7ECC-CAD1-99489F7E19EA
-19.438501,33.32793,0,99827717-1B21-7ECC-CAD1-99489F7E19EA
-19.755795,33.787453,0,99827717-1B21-7ECC-CAD1-99489F7E19EA
-20.157953,34.25166,0,99827717-1B21-7ECC-CAD1-99489F7E19EA
-24.616043,42.15604,1,99827717-1B21-7ECC-CAD1-99489F7E19EA
-24.869337,42.706295,1,99827717-1B21-7ECC-CAD1-99489F7E19EA
-25.170235,43.32213,1,99827717-1B21-7ECC-CAD1-99489F7E19EA
-25.912552,44.35589,1,99827717-1B21-7ECC-CAD1-99489F7E19EA
-26.187363,44.80532,1,99827717-1B21-7ECC-CAD1-99489F7E19EA
-26.668129,45.87065,1,99827717-1B21-7ECC-CAD1-99489F7E19EA
49.923805,27.931683,2,99827717-1B21-7ECC-CAD1-99489F7E19EA
49.930676,27.929228,2,99827717-1B21-7ECC-CAD1-99489F7E19EA
60.263172,7.4025893,0,99827717-1B21-7ECC-CAD1-99489F7E19EA
2.802761,-47.695183,2,99C0C5AE-01AD-1BB2-A36B-74B166CB26BA
-35.103218,-61.726444,2,99C0C5AE-01AD-1BB2-A36B-74B166CB26BA
20.440355,60.69459,2,99C0C5AE-01AD-1BB2-A36B-74B166CB26BA
20.42263,60.81768,2,99C0C5AE-01AD-1BB2-A36B-74B166CB26BA
19.872437,62.956642,2,99C0C5AE-01AD-1BB2-A36B-74B166CB26BA
19.09745,64.5461,2,99C0C5AE-01AD-1BB2-A36B-74B166CB26BA
19.123888,65.299164,2,99C0C5AE-01AD-1BB2-A36B-74B166CB26BA
18.453953,65.35963,2,99C0C5AE-01AD-1BB2-A36B-74B166CB26BA
17.98182,65.01905,2,99C0C5AE-01AD-1BB2-A36B-74B166CB26BA
17.613003,65.41415,2,99C0C5AE-01AD-1BB2-A36B-74B166CB26BA
17.711338,65.954094,2,99C0C5AE-01AD-1BB2-A36B-74B166CB26BA
18.159248,66.18138,2,99C0C5AE-01AD-1BB2-A36B-74B166CB26BA
18.728073,66.09523,2,99C0C5AE-01AD-1BB2-A36B-74B166CB26BA
22.052696,64.48524,2,99C0C5AE-01AD-1BB2-A36B-74B166CB26BA
22.68901,63.951653,2,99C0C5AE-01AD-1BB2-A36B-74B166CB26BA
28.011883,12.849997,2,99C0C5AE-01AD-1BB2-A36B-74B166CB26BA
28.438828,12.113917,2,99C0C5AE-01AD-1BB2-A36B-74B166CB26BA
28.570324,11.883216,0,99C0C5AE-01AD-1BB2-A36B-74B166CB26BA
-18.62039,52.896748,2,99C0C5AE-01AD-1BB2-A36B-74B166CB26BA
-19.089323,52.972473,2,99C0C5AE-01AD-1BB2-A36B-74B166CB26BA
-20.594734,53.35727,2,99C0C5AE-01AD-1BB2-A36B-74B166CB26BA
-20.884424,53.470333,2,99C0C5AE-01AD-1BB2-A36B-74B166CB26BA
-21.769594,53.854733,2,99C0C5AE-01AD-1BB2-A36B-74B166CB26BA
-22.200138,54.05164,0,99C0C5AE-01AD-1BB2-A36B-74B166CB26BA
-20.474901,14.771712,1,99C0C5AE-01AD-1BB2-A36B-74B166CB26BA
-20.541752,14.690838,1,99C0C5AE-01AD-1BB2-A36B-74B166CB26BA
-21.122223,13.727349,1,99C0C5AE-01AD-1BB2-A36B-74B166CB26BA
-12.210703,-21.321434,1,99C0C5AE-01AD-1BB2-A36B-74B166CB26BA
-12.053356,-22.099785,1,99C0C5AE-01AD-1BB2-A36B-74B166CB26BA
-12.022466,-22.138435,1,99C0C5AE-01AD-1BB2-A36B-74B166CB26BA
-17.728289,4.4796996,2,9A80CFF4-085D-6435-BA08-18E6496A8381
-17.4888,4.3142605,2,9A80CFF4-085D-6435-BA08-18E6496A8381
-16.58721,3.3742008,0,9A80CFF4-085D-6435-BA08-18E6496A8381
-16.275135,1.4588921,0,9A80CFF4-085D-6435-BA08-18E6496A8381
-16.381306,1.2529688,0,9A80CFF4-085D-6435-BA08-18E6496A8381
-13.457341,-18.002542,0,9A80CFF4-085D-6435-BA08-18E6496A8381
32.302402,-22.526884,2,9A80CFF4-085D-6435-BA08-18E6496A8381
32.429035,-22.120596,2,9A80CFF4-085D-6435-BA08-18E6496A8381
31.716589,-21.844398,2,9A80CFF4-085D-6435-BA08-18E6496A8381
-0.35807064,44.71612,2,9A80CFF4-085D-6435-BA08-18E6496A8381
-11.55534,58.62481,2,9A80CFF4-085D-6435-BA08-18E6496A8381
-11.758688,58.76055,2,9A80CFF4-085D-6435-BA08-18E6496A8381
-43.036602,-46.219086,2,9C694EBE-9421-F45A-ED92-F521991A6A52
-42.653904,-46.075256,2,9C694EBE-9421-F45A-ED92-F521991A6A52
-41.9775,-45.948833,2,9C694EBE-9421-F45A-ED92-F521991A6A52
-40.75271,-45.764706,2,9C694EBE-9421-F45A-ED92-F521991A6A52
-40.070564,-45.630775,0,9C694EBE-9421-F45A-ED92-F521991A6A52
-39.707253,-45.559147,0,9C694EBE-9421-F45A-ED92-F521991A6A52
34.885143,34.410072,0,9C694EBE-9421-F45A-ED92-F521991A6A52
35.056553,34.773525,0,9C694EBE-9421-F45A-ED92-F521991A6A52
35.42419,36.25939,0,9C694EBE-9421-F45A-ED92-F521991A6A52
35.43334,36.511105,0,9C694EBE-9421-F45A-ED92-F521991A6A52
35.50601,37.634,0,9C694EBE-9421-F45A-ED92-F521991A6A52
35.521423,37.912384,2,9C694EBE-9421-F45A-ED92-F521991A6A52
-19.198565,20.068012,2,9C694EBE-9421-F45A-ED92-F521991A6A52
-18.50681,20.289099,2,9C694EBE-9421-F45A-ED92-F521991A6A52
-17.975325,20.244057,0,9C694EBE-9421-F45A-ED92-F521991A6A52
-17.203157,20.264883,0,9C694EBE-9421-F45A-ED92-F521991A6A52
-16.030071,21.20895,0,9C694EBE-9421-F45A-ED92-F521991A6A52
-15.81144,21.337238,0,9C694EBE-9421-F45A-ED92-F521991A6A52
12.17801,21.324415,0,9C694EBE-9421-F45A-ED92-F521991A6A52
12.178093,21.32415,0,9C694EBE-9421-F45A-ED92-F521991A6A52
-13.48598,17.295408,0,9C694EBE-9421-F45A-ED92-F521991A6A52
-13.253418,16.917194,0,9C694EBE-9421-F45A-ED92-F521991A6A52
-12.76423,15.664097,0,9C694EBE-9421-F45A-ED92-F521991A6A52
-13.630566,15.60305,0,9C694EBE-9421-F45A-ED92-F521991A6A52
-14.471142,15.249697,0,9C694EBE-9421-F45A-ED92-F521991A6A52
-14.749406,15.268918,0,9C694EBE-9421-F45A-ED92-F521991A6A52
4.377473,-5.6522617,0,9C694EBE-9421-F45A-ED92-F521991A6A52
4.552307,-5.7065806,1,9C694EBE-9421-F45A-ED92-F521991A6A52
6.2565784,-5.9845424,1,9C694EBE-9421-F45A-ED92-F521991A6A52
6.4656587,-6.0171566,0,9C694EBE-9421-F45A-ED92-F521991A6A52
-7.4801326,41.645554,2,9E6EBCE2-44FB-8F07-4135-E91140B34096
-7.522243,41.714233,2,9E6EBCE2-44FB-8F07-4135-E91140B34096
-32.74328,41.80081,2,9E6EBCE2-44FB-8F07-4135-E91140B34096
-33.306606,41.018764,2,9E6EBCE2-44FB-8F07-4135-E91140B34096
-33.49126,40.69299,2,9E6EBCE2-44FB-8F07-4135-E91140B34096
-34.09734,41.057606,0,9E6EBCE2-44FB-8F07-4135-E91140B34096
-31.305014,51.797897,0,9E6EBCE2-44FB-8F07-4135-E91140B34096
-39.692074,42.954338,0,9E6EBCE2-44FB-8F07-4135-E91140B34096
-40.60594,41.06478,0,9E6EBCE2-44FB-8F07-4135-E91140B34096
-40.649258,40.97482,0,9E6EBCE2-44FB-8F07-4135-E91140B34096
4.2621946,8.978888,0,9E6EBCE2-44FB-8F07-4135-E91140B34096
3.8725529,8.792841,0,9E6EBCE2-44FB-8F07-4135-E91140B34096
19.369946,-7.8198295,0,9E6EBCE2-44FB-8F07-4135-E91140B34096
38.16457,33.033096,2,9E6EBCE2-44FB-8F07-4135-E91140B34096
38.812653,33.02851,2,9E6EBCE2-44FB-8F07-4135-E91140B34096
39.620792,32.99005,0,9E6EBCE2-44FB-8F07-4135-E91140B34096
39.991806,32.97086,0,9E6EBCE2-44FB-8F07-4135-E91140B34096
40.402287,32.932106,0,9E6EBCE2-44FB-8F07-4135-E91140B34096
24.332079,-22.408134,2,A135AF2A-692D-9C83-AB54-34F977E4D14D
-4.106094,36.585358,2,A135AF2A-692D-9C83-AB54-34F977E4D14D
-4.874417,36.98692,2,A135AF2A-692D-9C83-AB54-34F977E4D14D
-5.6074314,37.490772,2,A135AF2A-692D-9C83-AB54-34F977E4D14D
-6.3420568,38.013966,2,A135AF2A-692D-9C83-AB54-34F977E4D14D
-6.5272717,38.29071,2,A135AF2A-692D-9C83-AB54-34F977E4D14D
-31.674587,-7.765664,2,A135AF2A-692D-9C83-AB54-34F977E4D14D
-31.643198,-8.756354,2,A135AF2A-692D-9C83-AB54-34F977E4D14D
-31.856289,-9.423333,2,A135AF2A-692D-9C83-AB54-34F977E4D14D
-31.982092,-9.775913,2,A135AF2A-692D-9C83-AB54-34F977E4D14D
-38.42268,-8.625689,2,A135AF2A-692D-9C83-AB54-34F977E4D14D
-38.46642,-8.629879,2,A135AF2A-692D-9C83-AB54-34F977E4D14D
33.43155,29.455002,0,A135AF2A-692D-9C83-AB54-34F977E4D14D
33.640118,29.72587,2,A135AF2A-692D-9C83-AB54-34F977E4D14D
33.95993,30.248062,2,A135AF2A-692D-9C83-AB54-34F977E4D14D
10.936503,67.53686,2,A135AF2A-692D-9C83-AB54-34F977E4D14D
10.696323,67.664955,2,A135AF2A-692D-9C83-AB54-34F977E4D14D
10.824615,67.61233,0,A135AF2A-692D-9C83-AB54-34F977E4D14D
35.818527,-29.79913,2,A135AF2A-692D-9C83-AB54-34F977E4D14D
22.348114,-25.655857,2,A135AF2A-692D-9C83-AB54-34F977E4D14D
22.079277,-25.931486,2,A135AF2A-692D-9C83-AB54-34F977E4D14D
-22.961939,10.002362,2,A135AF2A-692D-9C83-AB54-34F977E4D14D
-22.932512,10.139301,2,A135AF2A-692D-9C83-AB54-34F977E4D14D
-22.712364,11.647517,0,A135AF2A-692D-9C83-AB54-34F977E4D14D
-9.240748,2.3355632,2,A135AF2A-692D-9C83-AB54-34F977E4D14D
-9.409976,2.1640816,2,A135AF2A-692D-9C83-AB54-34F977E4D14D
-25.707401,-7.119435,2,A135AF2A-692D-9C83-AB54-34F977E4D14D
-25.758814,-7.4544067,2,A135AF2A-692D-9C83-AB54-34F977E4D14D
-25.444286,-7.864889,2,A135AF2A-692D-9C83-AB54-34F977E4D14D
-24.945004,-8.2924185,2,A135AF2A-692D-9C83-AB54-34F977E4D14D
-4.1757846,-48.14872,1,A43E8D46-F136-DB41-3E16-F9F161DBA1D6
10.209859,-58.873962,1,A43E8D46-F136-DB41-3E16-F9F161DBA1D6
10.459564,-59.196518,1,A43E8D46-F136-DB41-3E16-F9F161DBA1D6
10.639625,-59.456448,1,A43E8D46-F136-DB41-3E16-F9F161DBA1D6
11.087656,-59.798077,1,A43E8D46-F136-DB41-3E16-F9F161DBA1D6
11.746663,-60.349827,1,A43E8D46-F136-DB41-3E16-F9F161DBA1D6
-44.743088,46.83897,2,A43E8D46-F136-DB41-3E16-F9F161DBA1D6
-44.62737,46.390053,2,A43E8D46-F136-DB41-3E16-F9F161DBA1D6
-44.550014,45.96906,0,A43E8D46-F136-DB41-3E16-F9F161DBA1D6
-44.291534,44.544132,0,A43E8D46-F136-DB41-3E16-F9F161DBA1D6
-44.121506,43.816467,0,A43E8D46-F136-DB41-3E16-F9F161DBA1D6
-9.131344,11.5852585,0,A43E8D46-F136-DB41-3E16-F9F161DBA1D6
18.726088,-29.078371,2,A43E8D46-F136-DB41-3E16-F9F161DBA1D6
19.018028,-28.98518,1,A43E8D46-F136-DB41-3E16-F9F161DBA1D6
19.45359,-28.882172,1,A43E8D46-F136-DB41-3E16-F9F161DBA1D6
-15.754397,27.355492,1,A43E8D46-F136-DB41-3E16-F9F161DBA1D6
-16.714212,29.35686,1,A43E8D46-F136-DB41-3E16-F9F161DBA1D6
-16.722158,29.304781,1,A43E8D46-F136-DB41-3E16-F9F161DBA1D6
16.813757,55.969944,0,A43E8D46-F136-DB41-3E16-F9F161DBA1D6
16.768768,55.71304,0,A43E8D46-F136-DB41-3E16-F9F161DBA1D6
16.689602,55.203293,0,A43E8D46-F136-DB41-3E16-F9F161DBA1D6
-18.178577,24.924736,0,A43E8D46-F136-DB41-3E16-F9F161DBA1D6
-18.181683,25.228937,1,A43E8D46-F136-DB41-3E16-F9F161DBA1D6
-18.218513,26.105871,1,A43E8D46-F136-DB41-3E16-F9F161DBA1D6
22.156918,-42.70456,0,AB9921A8-F143-E101-6A47-E66882F571B2
22.21039,-42.96922,1,AB9921A8-F143-E101-6A47-E66882F571B2
22.365015,-43.554176,2,AB9921A8-F143-E101-6A47-E66882F571B2
23.230803,-45.906487,2,AB9921A8-F143-E101-6A47-E66882F571B2
23.255331,-45.96991,2,AB9921A8-F143-E101-6A47-E66882F571B2
-53.66027,-27.531239,2,AB9921A8-F143-E101-6A47-E66882F571B2
-34.777912,-16.1195,2,AB9921A8-F143-E101-6A47-E66882F571B2
-34.35228,-16.522789,2,AB9921A8-F143-E101-6A47-E66882F571B2
-34.034435,-16.85835,0,AB9921A8-F143-E101-6A47-E66882F571B2
-7.7857523,-34.803608,0,AB9921A8-F143-E101-6A47-E66882F571B2
-7.381822,-35.4179,0,AB9921A8-F143-E101-6A47-E66882F571B2
-7.157932,-36.11232,1,AB9921A8-F143-E101-6A47-E66882F571B2
-7.145749,-36.859386,1,AB9921A8-F143-E101-6A47-E66882F571B2
26.135841,-7.22724,1,AB9921A8-F143-E101-6A47-E66882F571B2
26.28579,-6.97466,1,AB9921A8-F143-E101-6A47-E66882F571B2
26.45846,-6.667216,1,AB9921A8-F143-E101-6A47-E66882F571B2
27.140892,-5.546741,1,AB9921A8-F143-E101-6A47-E66882F571B2
27.386263,-5.1372604,0,AB9921A8-F143-E101-6A47-E66882F571B2
55.17306,-2.0681903,2,AB9921A8-F143-E101-6A47-E66882F571B2
55.635647,-2.9222136,1,AB9921A8-F143-E101-6A47-E66882F571B2
55.632847,-3.437461,1,AB9921A8-F143-E101-6A47-E66882F571B2
51.373447,-41.365753,2,AB9921A8-F143-E101-6A47-E66882F571B2
50.97167,-41.42256,2,AB9921A8-F143-E101-6A47-E66882F571B2
50.410114,-41.51229,2,AB9921A8-F143-E101-6A47-E66882F571B2
59.311848,18.814081,0,B06410CC-D778-33B2-B1FD-A828EE4AF413
59.21613,18.749678,0,B06410CC-D778-33B2-B1FD-A828EE4AF413
58.385777,18.130539,0,B06410CC-D778-33B2-B1FD-A828EE4AF413
57.56949,17.012028,0,B06410CC-D778-33B2-B1FD-A828EE4AF413
49.469883,-8.944471,1,B06410CC-D778-33B2-B1FD-A828EE4AF413
49.44313,-8.981704,1,B06410CC-D778-33B2-B1FD-A828EE4AF413
8.555341,32.039852,2,B06410CC-D778-33B2-B1FD-A828EE4AF413
8.014628,32.31412,2,B06410CC-D778-33B2-B1FD-A828EE4AF413
7.452516,32.58145,2,B06410CC-D778-33B2-B1FD-A828EE4AF413
6.883391,32.887985,2,B06410CC-D778-33B2-B1FD-A828EE4AF413
-2.6117783,44.95544,2,B06410CC-D778-33B2-B1FD-A828EE4AF413
-3.131273,44.795887,2,B06410CC-D778-33B2-B1FD-A828EE4AF413
-3.3426285,44.74466,2,B06410CC-D778-33B2-B1FD-A828EE4AF413
-20.967817,44.267643,2,B06410CC-D778-33B2-B1FD-A828EE4AF413
-21.395426,43.313812,2,B06410CC-D778-33B2-B1FD-A828EE4AF413
-21.52381,42.847992,2,B06410CC-D778-33B2-B1FD-A828EE4AF413
-25.808533,38.535477,2,B06410CC-D778-33B2-B1FD-A828EE4AF413
-25.857046,38.490135,2,B06410CC-D778-33B2-B1FD-A828EE4AF413
-36.244324,-3.7333975,0,B06410CC-D778-33B2-B1FD-A828EE4AF413
-36.074734,-4.6366796,0,B06410CC-D778-33B2-B1FD-A828EE4AF413
-36.065453,-5.137635,0,B06410CC-D778-33B2-B1FD-A828EE4AF413
-36.00278,-6.28526,0,B06410CC-D778-33B2-B1FD-A828EE4AF413
-35.13748,-8.099351,0,B06410CC-D778-33B2-B1FD-A828EE4AF413
-35.017185,-8.365729,0,B06410CC-D778-33B2-B1FD-A828EE4AF413
28.41677,51.61326,2,B06410CC-D778-33B2-B1FD-A828EE4AF413
28.065884,51.521748,2,B06410CC-D778-33B2-B1FD-A828EE4AF413
27.735933,51.432846,0,B06410CC-D778-33B2-B1FD-A828EE4AF413
-6.0015197,46.781994,2,B17DF37B-207D-A052-4D45-F862B3BF4C4C
-6.338401,46.81635,2,B17DF37B-207D-A052-4D45-F862B3BF4C4C
-22.287643,59.365788,0,B17DF37B-207D-A052-4D45-F862B3BF4C4C
-23.072155,59.45328,0,B17DF37B-207D-A052-4D45-F862B3BF4C4C
-23.719254,59.700756,2,B17DF37B-207D-A052-4D45-F862B3BF4C4C
-24.0872,59.852077,2,B17DF37B-207D-A052-4D45-F862B3BF4C4C
55.581688,12.241795,1,B17DF37B-207D-A052-4D45-F862B3BF4C4C
55.472847,12.3243885,1,B17DF37B-207D-A052-4D45-F862B3BF4C4C
60.16825,4.8991084,1,B17DF37B-207D-A052-4D45-F862B3BF4C4C
64.20854,-19.77886,0,B17DF37B-207D-A052-4D45-F862B3BF4C4C
64.152954,-20.669872,0,B17DF37B-207D-A052-4D45-F862B3BF4C4C
64.21565,-21.018515,0,B17DF37B-207D-A052-4D45-F862B3BF4C4C
-8.49346,48.83423,2,B2EE7EC5-4E5B-EBDD-E0EB-AF758B95C36A
-8.593415,48.919235,2,B2EE7EC5-4E5B-EBDD-E0EB-AF758B95C36A
-14.210937,59.83706,2,B2EE7EC5-4E5B-EBDD-E0EB-AF758B95C36A
-14.542342,60.200825,2,B2EE7EC5-4E5B-EBDD-E0EB-AF758B95C36A
-14.966688,60.66193,2,B2EE7EC5-4E5B-EBDD-E0EB-AF758B95C36A
-15.367398,61.07651,2,B2EE7EC5-4E5B-EBDD-E0EB-AF758B95C36A
-14.732498,-16.088757,1,B2EE7EC5-4E5B-EBDD-E0EB-AF758B95C36A
-14.522656,-16.064978,1,B2EE7EC5-4E5B-EBDD-E0EB-AF758B95C36A
-22.395716,-29.707462,1,B2EE7EC5-4E5B-EBDD-E0EB-AF758B95C36A
-22.318247,-29.856339,1,B2EE7EC5-4E5B-EBDD-E0EB-AF758B95C36A
-21.659592,-31.290316,1,B2EE7EC5-4E5B-EBDD-E0EB-AF758B95C36A
-21.480612,-31.269888,1,B2EE7EC5-4E5B-EBDD-E0EB-AF758B95C36A
40.77865,1.1198453,1,B2EE7EC5-4E5B-EBDD-E0EB-AF758B95C36A
41.289967,1.9121116,1,B2EE7EC5-4E5B-EBDD-E0EB-AF758B95C36A
41.606564,2.5170922,1,B2EE7EC5-4E5B-EBDD-E0EB-AF758B95C36A
41.684387,2.9209502,1,B2EE7EC5-4E5B-EBDD-E0EB-AF758B95C36A
42.346104,3.4228125,1,B2EE7EC5-4E5B-EBDD-E0EB-AF758B95C36A
53.655403,4.112123,1,B2EE7EC5-4E5B-EBDD-E0EB-AF758B95C36A
54.281033,3.083863,1,B2EE7EC5-4E5B-EBDD-E0EB-AF758B95C36A
53.40892,-6.109884,1,B2EE7EC5-4E5B-EBDD-E0EB-AF758B95C36A
45.146393,-29.035051,1,B2EE7EC5-4E5B-EBDD-E0EB-AF758B95C36A
44.790394,-29.094597,2,B2EE7EC5-4E5B-EBDD-E0EB-AF758B95C36A
32.743298,-25.895988,2,B2EE7EC5-4E5B-EBDD-E0EB-AF758B95C36A
32.843723,-25.745275,2,B2EE7EC5-4E5B-EBDD-E0EB-AF758B95C36A
-9.050874,-49.739048,1,B2EE7EC5-4E5B-EBDD-E0EB-AF758B95C36A
-9.211559,-50.373276,1,B2EE7EC5-4E5B-EBDD-E0EB-AF758B95C36A
-9.234249,-50.450813,1,B2EE7EC5-4E5B-EBDD-E0EB-AF758B95C36A
-62.54404,-29.575417,2,B3CE5256-6F65-85EB-0078-689BD5CC1B17
-51.682823,-19.675014,2,B3CE5256-6F65-85EB-0078-689BD5CC1B17
-51.319412,-19.58793,2,B3CE5256-6F65-85EB-0078-689BD5CC1B17
-50.652233,-19.460114,2,B3CE5256-6F65-85EB-0078-689BD5CC1B17
-49.637405,-19.614487,2,B3CE5256-6F65-85EB-0078-689BD5CC1B17
-49.17693,-19.74102,0,B3CE5256-6F65-85EB-0078-689BD5CC1B17
35.574764,11.086071,0,B3CE5256-6F65-85EB-0078-689BD5CC1B17
34.29753,10.921032,0,B3CE5256-6F65-85EB-0078-689BD5CC1B17
33.93608,10.768267,2,B3CE5256-6F65-85EB-0078-689BD5CC1B17
33.645725,10.646464,2,B3CE5256-6F65-85EB-0078-689BD5CC1B17
47.818703,14.49221,2,B3CE5256-6F65-85EB-0078-689BD5CC1B17
48.24353,14.2363615,2,B3CE5256-6F65-85EB-0078-689BD5CC1B17
3.568545,-25.42881,2,B3CE5256-6F65-85EB-0078-689BD5CC1B17
46.621124,8.466413,2,B3CE5256-6F65-85EB-0078-689BD5CC1B17
47.382492,9.090273,2,B3CE5256-6F65-85EB-0078-689BD5CC1B17
48.22558,9.088356,2,B3CE5256-6F65-85EB-0078-689BD5CC1B17
48.859848,9.009343,2,B3CE5256-6F65-85EB-0078-689BD5CC1B17
49.9764,9.005059,2,B3CE5256-6F65-85EB-0078-689BD5CC1B17
-12.130263,-32.773666,0,B3CE5256-6F65-85EB-0078-689BD5CC1B17
-12.631887,-33.686676,0,B3CE5256-6F65-85EB-0078-689BD5CC1B17
-12.597625,-33.899742,2,B3CE5256-6F65-85EB-0078-689BD5CC1B17
-10.761567,-34.554955,2,B3CE5256-6F65-85EB-0078-689BD5CC1B17
-10.729894,-35.194126,2,B3CE5256-6F65-85EB-0078-689BD5CC1B17
-10.712581,-35.47365,2,B3CE5256-6F65-85EB-0078-689BD5CC1B17
-61.230713,-30.312992,2,B6EE5F90-8F59-D3CF-C449-59216B28207B
-51.634422,-38.290424,2,B6EE5F90-8F59-D3CF-C449-59216B28207B
-51.456573,-38.09852,2,B6EE5F90-8F59-D3CF-C449-59216B28207B
-51.052,-37.524277,2,B6EE5F90-8F59-D3CF-C449-59216B28207B
-50.470695,-36.729576,2,B6EE5F90-8F59-D3CF-C449-59216B28207B
-50.268005,-36.53669,2,B6EE5F90-8F59-D3CF-C449-59216B28207B
39.32182,42.644222,2,B6EE5F90-8F59-D3CF-C449-59216B28207B
50.79833,-19.460014,2,B6EE5F90-8F59-D3CF-C449-59216B28207B
50.351776,-19.810055,2,B6EE5F90-8F59-D3CF-C449-59216B28207B
48.94213,-20.524685,2,B6EE5F90-8F59-D3CF-C449-59216B28207B
48.44798,-20.705366,2,B6EE5F90-8F59-D3CF-C449-59216B28207B
47.596333,-20.857761,2,B6EE5F90-8F59-D3CF-C449-59216B28207B
61.57148,-1.1085472,2,B6EE5F90-8F59-D3CF-C449-59216B28207B
60.065315,-7.6394877,2,B6EE5F90-8F59-D3CF-C449-59216B28207B
49.614136,-34.746834,2,B6EE5F90-8F59-D3CF-C449-59216B28207B
49.30974,-34.833244,2,B6EE5F90-8F59-D3CF-C449-59216B28207B
49.05604,-35.00639,2,B6EE5F90-8F59-D3CF-C449-59216B28207B
26.780258,-20.238167,2,B6EE5F90-8F59-D3CF-C449-59216B28207B
11.530929,-15.866252,2,B6EE5F90-8F59-D3CF-C449-59216B28207B
10.840405,-16.710594,0,B6EE5F90-8F59-D3CF-C449-59216B28207B
10.645187,-16.93966,2,B6EE5F90-8F59-D3CF-C449-59216B28207B
10.34947,-17.25209,2,B6EE5F90-8F59-D3CF-C449-59216B28207B
35.89913,8.006025,2,B6EE5F90-8F59-D3CF-C449-59216B28207B
31.795404,27.789028,2,B6EE5F90-8F59-D3CF-C449-59216B28207B
-11.557309,44.85154,0,B9FD0C60-33D3-E99E-2475-815EAD5C89C2
-12.390586,45.178482,0,B9FD0C60-33D3-E99E-2475-815EAD5C89C2
-12.867243,45.32983,0,B9FD0C60-33D3-E99E-2475-815EAD5C89C2
-14.180302,45.36476,2,B9FD0C60-33D3-E99E-2475-815EAD5C89C2
-14.7456045,45.38261,2,B9FD0C60-33D3-E99E-2475-815EAD5C89C2
-15.47123,45.495804,2,B9FD0C60-33D3-E99E-2475-815EAD5C89C2
34.632793,61.495262,2,B9FD0C60-33D3-E99E-2475-815EAD5C89C2
34.525883,61.05316,2,B9FD0C60-33D3-E99E-2475-815EAD5C89C2
34.250854,60.500328,2,B9FD0C60-33D3-E99E-2475-815EAD5C89C2
34.185566,59.722687,0,B9FD0C60-33D3-E99E-2475-815EAD5C89C2
33.872143,59.179806,0,B9FD0C60-33D3-E99E-2475-815EAD5C89C2
33.54915,58.72931,0,B9FD0C60-33D3-E99E-2475-815EAD5C89C2
61.183197,0.16056445,0,B9FD0C60-33D3-E99E-2475-815EAD5C89C2
60.987587,-6.0743933,0,B9FD0C60-33D3-E99E-2475-815EAD5C89C2
63.78826,-29.937395,0,B9FD0C60-33D3-E99E-2475-815EAD5C89C2
63.82843,-29.566784,0,B9FD0C60-33D3-E99E-2475-815EAD5C89C2
63.805737,-29.01198,0,B9FD0C60-33D3-E99E-2475-815EAD5C89C2
63.712418,-28.444166,0,B9FD0C60-33D3-E99E-2475-815EAD5C89C2
-13.05438,-27.5744,1,B9FD0C60-33D3-E99E-2475-815EAD5C89C2
-13.467447,-27.577564,1,B9FD0C60-33D3-E99E-2475-815EAD5C89C2
-14.345955,-27.617943,1,B9FD0C60-33D3-E99E-2475-815EAD5C89C2
-15.069412,-27.966166,1,B9FD0C60-33D3-E99E-2475-815EAD5C89C2
-20.565407,-33.105434,1,B9FD0C60-33D3-E99E-2475-815EAD5C89C2
-20.729387,-33.41282,1,B9FD0C60-33D3-E99E-2475-815EAD5C89C2
-20.988,-33.77902,1,B9FD0C60-33D3-E99E-2475-815EAD5C89C2
-22.085167,-41.427753,1,B9FD0C60-33D3-E99E-2475-815EAD5C89C2
-22.098082,-41.54514,2,B9FD0C60-33D3-E99E-2475-815EAD5C89C2
-64.751595,-32.618507,2,BAAA2876-D490-2AB5-0A98-6EB94C7FC331
-55.565865,-53.759933,2,BAAA2876-D490-2AB5-0A98-6EB94C7FC331
-55.11711,-53.63898,2,BAAA2876-D490-2AB5-0A98-6EB94C7FC331
-54.39543,-53.491608,2,BAAA2876-D490-2AB5-0A98-6EB94C7FC331
-53.852253,-53.531208,2,BAAA2876-D490-2AB5-0A98-6EB94C7FC331
-53.16167,-53.751736,1,BAAA2876-D490-2AB5-0A98-6EB94C7FC331
55.849144,20.316095,2,BAAA2876-D490-2AB5-0A98-6EB94C7FC331
55.02152,20.411314,2,BAAA2876-D490-2AB5-0A98-6EB94C7FC331
54.771152,20.446932,2,BAAA2876-D490-2AB5-0A98-6EB94C7FC331
39.116478,-8.595001,2,BAAA2876-D490-2AB5-0A98-6EB94C7FC331
38.560623,-8.837742,2,BAAA2876-D490-2AB5-0A98-6EB94C7FC331
38.283245,-8.960153,2,BAAA2876-D490-2AB5-0A98-6EB94C7FC331
28.503872,-13.124981,2,BAAA2876-D490-2AB5-0A98-6EB94C7FC331
28.397436,-13.053576,2,BAAA2876-D490-2AB5-0A98-6EB94C7FC331
-0.39189485,30.0381,2,BAAA2876-D490-2AB5-0A98-6EB94C7FC331
-0.51847166,30.307642,1,BAAA2876-D490-2AB5-0A98-6EB94C7FC331
-1.0076852,31.499437,1,BAAA2876-D490-2AB5-0A98-6EB94C7FC331
-1.150209,31.860254,2,BAAA2876-D490-2AB5-0A98-6EB94C7FC331
50.3446,-3.8743904,2,BAAA2876-D490-2AB5-0A98-6EB94C7FC331
50.446312,-4.394139,2,BAAA2876-D490-2AB5-0A98-6EB94C7FC331
50.363533,-4.965941,2,BAAA2876-D490-2AB5-0A98-6EB94C7FC331
37.230556,-34.83103,2,BAAA2876-D490-2AB5-0A98-6EB94C7FC331
36.95648,-34.494587,2,BAAA2876-D490-2AB5-0A98-6EB94C7FC331
36.69608,-34.03791,2,BAAA2876-D490-2AB5-0A98-6EB94C7FC331
54.014786,-22.827518,2,BC7EE230-0AF9-3AC5-24E5-8EC4B0B432A8
54.396854,-21.74039,2,BC7EE230-0AF9-3AC5-24E5-8EC4B0B432A8
53.749485,-22.122244,1,BC7EE230-0AF9-3AC5-24E5-8EC4B0B432A8
52.91826,-22.112188,1,BC7EE230-0AF9-3AC5-24E5-8EC4B0B432A8
51.917664,-21.604116,2,BC7EE230-0AF9-3AC5-24E5-8EC4B0B432A8
23.158424,-24.033495,2,BC7EE230-0AF9-3AC5-24E5-8EC4B0B432A8
-14.928744,52.02127,2,BC7EE230-0AF9-3AC5-24E5-8EC4B0B432A8
-15.271351,52.052128,2,BC7EE230-0AF9-3AC5-24E5-8EC4B0B432A8
-7.1148796,26.10874,2,BC7EE230-0AF9-3AC5-24E5-8EC4B0B432A8
-7.0258965,25.652157,2,BC7EE230-0AF9-3AC5-24E5-8EC4B0B432A8
-6.877321,24.843931,2,BC7EE230-0AF9-3AC5-24E5-8EC4B0B432A8
-2.8133898,5.872836,2,BC7EE230-0AF9-3AC5-24E5-8EC4B0B432A8
-42.469025,-53.096092,2,BD35F47E-4F73-8664-B165-98D2BF2CDA48
-42.143627,-53.058224,2,BD35F47E-4F73-8664-B165-98D2BF2CDA48
-41.450493,-53.13724,0,BD35F47E-4F73-8664-B165-98D2BF2CDA48
-40.843704,-53.336967,2,BD35F47E-4F73-8664-B165-98D2BF2CDA48
-39.86537,-54.401436,2,BD35F47E-4F73-8664-B165-98D2BF2CDA48
-39.68449,-54.63671,2,BD35F47E-4F73-8664-B165-98D2BF2CDA48
-12.442233,-17.708797,0,BD35F47E-4F73-8664-B165-98D2BF2CDA48
-19.354979,-29.269974,0,BD35F47E-4F73-8664-B165-98D2BF2CDA48
-19.237213,-29.775133,0,BD35F47E-4F73-8664-B165-98D2BF2CDA48
-18.21252,-30.550617,2,BD35F47E-4F73-8664-B165-98D2BF2CDA48
-17.564285,-30.843754,2,BD35F47E-4F73-8664-B165-98D2BF2CDA48
-17.147772,-30.957376,2,BD35F47E-4F73-8664-B165-98D2BF2CDA48
57.97784,7.6437593,0,BD35F47E-4F73-8664-B165-98D2BF2CDA48
61.8122,2.77802,0,BD35F47E-4F73-8664-B165-98D2BF2CDA48
61.498802,-7.6816454,0,BD35F47E-4F73-8664-B165-98D2BF2CDA48
61.616108,-8.19705,0,BD35F47E-4F73-8664-B165-98D2BF2CDA48
56.275585,-30.615953,0,BD35F47E-4F73-8664-B165-98D2BF2CDA48
56.549953,-30.666437,0,BD35F47E-4F73-8664-B165-98D2BF2CDA48
-29.374296,50.384823,2,BD35F47E-4F73-8664-B165-98D2BF2CDA48
-29.65385,50.42503,2,BD35F47E-4F73-8664-B165-98D2BF2CDA48
-30.312992,50.53195,2,BD35F47E-4F73-8664-B165-98D2BF2CDA48
-31.004868,50.58378,0,BD35F47E-4F73-8664-B165-98D2BF2CDA48
-38.624588,44.51466,0,BD35F47E-4F73-8664-B165-98D2BF2CDA48
-40.911957,39.140236,0,BD35F47E-4F73-8664-B165-98D2BF2CDA48
-9.2378,-13.30164,0,BD35F47E-4F73-8664-B165-98D2BF2CDA48
-9.610344,-13.473639,0,BD35F47E-4F73-8664-B165-98D2BF2CDA48
-10.350001,-13.843455,0,BD35F47E-4F73-8664-B165-98D2BF2CDA48
-22.866282,-23.983953,0,BD35F47E-4F73-8664-B165-98D2BF2CDA48
-22.632776,-23.978487,0,BD35F47E-4F73-8664-B165-98D2BF2CDA48
-21.927776,-24.169678,0,BD35F47E-4F73-8664-B165-98D2BF2CDA48
-1.0474346,57.016167,2,BD35F47E-4F73-8664-B165-98D2BF2CDA48
-1.0571263,57.08316,2,BD35F47E-4F73-8664-B165-98D2BF2CDA48
-23.404263,51.603176,2,BD35F47E-4F73-8664-B165-98D2BF2CDA48
-23.649158,51.507713,2,BD35F47E-4F73-8664-B165-98D2BF2CDA48
-24.66388,51.06524,2,BD35F47E-4F73-8664-B165-98D2BF2CDA48
-24.789307,50.996735,0,BD35F47E-4F73-8664-B165-98D2BF2CDA48
-19.069666,-53.25659,2,C0ABDBF6-67EF-EA64-A2D1-42FA92BD5713
-18.463005,-52.60124,2,C0ABDBF6-67EF-EA64-A2D1-42FA92BD5713
-18.176802,-52.320736,2,C0ABDBF6-67EF-EA64-A2D1-42FA92BD5713
-17.72123,-52.021435,2,C0ABDBF6-67EF-EA64-A2D1-42FA92BD5713
-16.093733,-51.526886,2,C0ABDBF6-67EF-EA64-A2D1-42FA92BD5713
-15.674181,-51.373634,2,C0ABDBF6-67EF-EA64-A2D1-42FA92BD5713
-14.757315,-50.993057,2,C0ABDBF6-67EF-EA64-A2D1-42FA92BD5713
23.214544,16.909422,2,C0ABDBF6-67EF-EA64-A2D1-42FA92BD5713
23.987555,16.33617,2,C0ABDBF6-67EF-EA64-A2D1-42FA92BD5713
24.32637,16.086939,2,C0ABDBF6-67EF-EA64-A2D1-42FA92BD5713
25.016977,15.576563,2,C0ABDBF6-67EF-EA64-A2D1-42FA92BD5713
25.315296,15.340606,2,C0ABDBF6-67EF-EA64-A2D1-42FA92BD5713
19.660618,-24.271408,2,C0ABDBF6-67EF-EA64-A2D1-42FA92BD5713
19.670027,-24.27645,2,C0ABDBF6-67EF-EA64-A2D1-42FA92BD5713
9.787356,38.74999,2,C0ABDBF6-67EF-EA64-A2D1-42FA92BD5713
9.391951,39.085686,2,C0ABDBF6-67EF-EA64-A2D1-42FA92BD5713
9.096901,39.346706,2,C0ABDBF6-67EF-EA64-A2D1-42FA92BD5713
8.309383,40.178215,2,C0ABDBF6-67EF-EA64-A2D1-42FA92BD5713
0.21254966,-56.446583,2,C24A665A-6B67-FDEA-04A4-C2DA3AF79D51
0.87089616,-56.155663,2,C24A665A-6B67-FDEA-04A4-C2DA3AF79D51
1.1414484,-56.032467,2,C24A665A-6B67-FDEA-04A4-C2DA3AF79D51
2.388015,-55.81915,2,C24A665A-6B67-FDEA-04A4-C2DA3AF79D51
3.202769,-55.778893,2,C24A665A-6B67-FDEA-04A4-C2DA3AF79D51
3.7016184,-55.77523,2,C24A665A-6B67-FDEA-04A4-C2DA3AF79D51
45.753532,16.64426,2,C24A665A-6B67-FDEA-04A4-C2DA3AF79D51
46.030483,16.627693,2,C24A665A-6B67-FDEA-04A4-C2DA3AF79D51
47.042774,16.57608,1,C24A665A-6B67-FDEA-04A4-C2DA3AF79D51
47.9615,16.550669,1,C24A665A-6B67-FDEA-04A4-C2DA3AF79D51
54.858128,16.196074,1,C24A665A-6B67-FDEA-04A4-C2DA3AF79D51
55.02071,16.10113,1,C24A665A-6B67-FDEA-04A4-C2DA3AF79D51
67.176765,4.3081756,1,C24A665A-6B67-FDEA-04A4-C2DA3AF79D51
52.91879,-6.6588383,1,C24A665A-6B67-FDEA-04A4-C2DA3AF79D51
45.061226,-31.34953,1,C24A665A-6B67-FDEA-04A4-C2DA3AF79D51
44.82373,-31.843328,1,C24A665A-6B67-FDEA-04A4-C2DA3AF79D51
44.67309,-32.0444,1,C24A665A-6B67-FDEA-04A4-C2DA3AF79D51
43.967396,-32.485462,1,C24A665A-6B67-FDEA-04A4-C2DA3AF79D51
-16.277767,-24.680569,1,C24A665A-6B67-FDEA-04A4-C2DA3AF79D51
-24.255775,-18.752455,1,C24A665A-6B67-FDEA-04A4-C2DA3AF79D51
-24.249792,-18.245491,1,C24A665A-6B67-FDEA-04A4-C2DA3AF79D51
-24.291529,-17.891972,1,C24A665A-6B67-FDEA-04A4-C2DA3AF79D51
0.27254346,-32.710667,0,C24A665A-6B67-FDEA-04A4-C2DA3AF79D51
0.630931,-32.53499,0,C24A665A-6B67-FDEA-04A4-C2DA3AF79D51
1.2679247,-32.064404,0,C24A665A-6B67-FDEA-04A4-C2DA3AF79D51
2.2942166,-30.696524,0,C24A665A-6B67-FDEA-04A4-C2DA3AF79D51
2.502489,-30.368567,0,C24A665A-6B67-FDEA-04A4-C2DA3AF79D51
3.0311782,-28.932549,0,C24A665A-6B67-FDEA-04A4-C2DA3AF79D51
44.885574,1.0763416,1,C24A665A-6B67-FDEA-04A4-C2DA3AF79D51
33.674236,21.755606,1,C24A665A-6B67-FDEA-04A4-C2DA3AF79D51
-18.699883,-23.036392,2,C5DC661F-E2D6-2B65-4765-77C8B81D2488
-19.331402,-23.491922,2,C5DC661F-E2D6-2B65-4765-77C8B81D2488
-19.37167,-24.855598,2,C5DC661F-E2D6-2B65-4765-77C8B81D2488
-19.276743,-25.288807,2,C5DC661F-E2D6-2B65-4765-77C8B81D2488
-19.128578,-25.63026,2,C5DC661F-E2D6-2B65-4765-77C8B81D2488
-18.547209,-26.015759,2,C5DC661F-E2D6-2B65-4765-77C8B81D2488
55.303802,-15.965296,0,C5DC661F-E2D6-2B65-4765-77C8B81D2488
55.27119,-16.064873,0,C5DC661F-E2D6-2B65-4765-77C8B81D2488
33.41968,-22.586845,0,C5DC661F-E2D6-2B65-4765-77C8B81D2488
5.0574546,43.100216,0,C5DC661F-E2D6-2B65-4765-77C8B81D2488
4.6217594,43.309574,0,C5DC661F-E2D6-2B65-4765-77C8B81D2488
4.1592875,43.516075,2,C5DC661F-E2D6-2B65-4765-77C8B81D2488
3.9853323,12.870773,2,C5DC661F-E2D6-2B65-4765-77C8B81D2488
4.607463,11.384387,2,C5DC661F-E2D6-2B65-4765-77C8B81D2488
4.827684,11.138137,0,C5DC661F-E2D6-2B65-4765-77C8B81D2488
-4.110608,-0.5230475,0,C5DC661F-E2D6-2B65-4765-77C8B81D2488
-4.140531,-0.8331264,0,C5DC661F-E2D6-2B65-4765-77C8B81D2488
-4.210527,-1.4162784,0,C5DC661F-E2D6-2B65-4765-77C8B81D2488
2.5545995,-39.57129,0,C5DC661F-E2D6-2B65-4765-77C8B81D2488
2.3121202,-40.028214,0,C5DC661F-E2D6-2B65-4765-77C8B81D2488
2.2258306,-40.159847,0,C5DC661F-E2D6-2B65-4765-77C8B81D2488
7.7521667,-25.49313,0,C5DC661F-E2D6-2B65-4765-77C8B81D2488
8.134271,-24.785473,0,C5DC661F-E2D6-2B65-4765-77C8B81D2488
8.398303,-24.308462,0,C5DC661F-E2D6-2B65-4765-77C8B81D2488
-32.718834,-36.69893,2,C8BB6C15-19FA-A17A-5945-6202803016D7
-33.08683,-36.453384,2,C8BB6C15-19FA-A17A-5945-6202803016D7
-33.721558,-35.946285,2,C8BB6C15-19FA-A17A-5945-6202803016D7
-34.489536,-35.396626,0,C8BB6C15-19FA-A17A-5945-6202803016D7
-35.118725,-35.073208,0,C8BB6C15-19FA-A17A-5945-6202803016D7
-35.42287,-34.910038,0,C8BB6C15-19FA-A17A-5945-6202803016D7
50.055386,2.699246,1,C8BB6C15-19FA-A17A-5945-6202803016D7
50.51486,2.838026,1,C8BB6C15-19FA-A17A-5945-6202803016D7
50.59882,3.0282254,1,C8BB6C15-19FA-A17A-5945-6202803016D7
51.588013,2.504088,1,C8BB6C15-19FA-A17A-5945-6202803016D7
61.11681,22.8,1,C8BB6C15-19FA-A17A-5945-6202803016D7
55.673332,-5.007284,1,C8BB6C15-19FA-A17A-5945-6202803016D7
-18.281807,35.459675,1,C8BB6C15-19FA-A17A-5945-6202803016D7
-17.505424,69.36865,1,C8BB6C15-19FA-A17A-5945-6202803016D7
-17.162268,69.59921,1,C8BB6C15-19FA-A17A-5945-6202803016D7
-16.555021,69.90721,1,C8BB6C15-19FA-A17A-5945-6202803016D7
-15.857998,70.13003,1,C8BB6C15-19FA-A17A-5945-6202803016D7
-15.426886,70.39859,1,C8BB6C15-19FA-A17A-5945-6202803016D7
-14.877752,70.72668,1,C8BB6C15-19FA-A17A-5945-6202803016D7
-14.062611,71.22787,1,C8BB6C15-19FA-A17A-5945-6202803016D7
-13.515222,71.5579,1,C8BB6C15-19FA-A17A-5945-6202803016D7
1.2861743,68.25597,0,CCA3ABC5-DCCE-0BBE-5327-E65AE52A195D
1.1891702,68.390076,0,CCA3ABC5-DCCE-0BBE-5327-E65AE52A195D
0.866092,68.69666,0,CCA3ABC5-DCCE-0BBE-5327-E65AE52A195D
7.722994,64.755516,2,CCA3ABC5-DCCE-0BBE-5327-E65AE52A195D
7.8038406,64.63369,2,CCA3ABC5-DCCE-0BBE-5327-E65AE52A195D
7.8874784,64.509094,2,CCA3ABC5-DCCE-0BBE-5327-E65AE52A195D
-35.61828,35.8034,0,CCA3ABC5-DCCE-0BBE-5327-E65AE52A195D
-3.23633,23.718468,0,CCA3ABC5-DCCE-0BBE-5327-E65AE52A195D
-2.6154795,23.40221,0,CCA3ABC5-DCCE-0BBE-5327-E65AE52A195D
-2.0229461,23.26086,0,CCA3ABC5-DCCE-0BBE-5327-E65AE52A195D
-1.466185,23.445112,0,CCA3ABC5-DCCE-0BBE-5327-E65AE52A195D
-0.8334718,23.76842,0,CCA3ABC5-DCCE-0BBE-5327-E65AE52A195D
43.76647,31.278423,0,CCA3ABC5-DCCE-0BBE-5327-E65AE52A195D
43.59206,30.509653,2,CCA3ABC5-DCCE-0BBE-5327-E65AE52A195D
44.15218,30.695269,2,CCA3ABC5-DCCE-0BBE-5327-E65AE52A195D
44.622536,30.759209,2,CCA3ABC5-DCCE-0BBE-5327-E65AE52A195D
45.663357,30.621542,2,CCA3ABC5-DCCE-0BBE-5327-E65AE52A195D
45.86348,30.651773,0,CCA3ABC5-DCCE-0BBE-5327-E65AE52A195D
-12.975332,50.08627,2,CD5833CD-93D3-318C-371A-18A32DEFC38B
-13.234814,50.242115,2,CD5833CD-93D3-318C-371A-18A32DEFC38B
-14.111036,50.786484,0,CD5833CD-93D3-318C-371A-18A32DEFC38B
-14.605913,50.805298,0,CD5833CD-93D3-318C-371A-18A32DEFC38B
-7.11033,22.044323,0,CD5833CD-93D3-318C-371A-18A32DEFC38B
-6.1983576,17.474817,0,CD5833CD-93D3-318C-371A-18A32DEFC38B
5.665854,-34.65658,1,CD5833CD-93D3-318C-371A-18A32DEFC38B
6.1323843,-34.296158,0,CD5833CD-93D3-318C-371A-18A32DEFC38B
6.4409027,-34.052418,0,CD5833CD-93D3-318C-371A-18A32DEFC38B
8.215607,-33.85865,0,CD5833CD-93D3-318C-371A-18A32DEFC38B
36.40822,3.1178832,0,CD5833CD-93D3-318C-371A-18A32DEFC38B
36.990135,3.565789,0,CD5833CD-93D3-318C-371A-18A32DEFC38B
37.416794,3.6603758,0,CD5833CD-93D3-318C-371A-18A32DEFC38B
37.853157,3.7039492,0,CD5833CD-93D3-318C-371A-18A32DEFC38B
57.59081,4.527867,0,CD5833CD-93D3-318C-371A-18A32DEFC38B
61.989353,-3.7310452,0,CD5833CD-93D3-318C-371A-18A32DEFC38B
61.68612,-3.914837,0,CD5833CD-93D3-318C-371A-18A32DEFC38B
59.099457,-24.669643,0,CD5833CD-93D3-318C-371A-18A32DEFC38B
57.897984,-24.793814,0,CD5833CD-93D3-318C-371A-18A32DEFC38B
57.630707,-24.80364,0,CD5833CD-93D3-318C-371A-18A32DEFC38B
28.661324,-26.939985,0,CD5833CD-93D3-318C-371A-18A32DEFC38B
28.17332,-26.325253,0,CD5833CD-93D3-318C-371A-18A32DEFC38B
17.677217,-14.237406,0,CD5833CD-93D3-318C-371A-18A32DEFC38B
1.1564229,44.788353,2,CD5833CD-93D3-318C-371A-18A32DEFC38B
2.3930113,-50.36462,2,D51A5648-0039-8CB1-45CB-C51E5ABA8BCC
2.5112,-50.74196,2,D51A5648-0039-8CB1-45CB-C51E5ABA8BCC
36.230408,-1.810171,2,D51A5648-0039-8CB1-45CB-C51E5ABA8BCC
37.559227,-2.5906537,0,D51A5648-0039-8CB1-45CB-C51E5ABA8BCC
37.85914,-2.7781866,0,D51A5648-0039-8CB1-45CB-C51E5ABA8BCC
38.455284,-3.1617386,0,D51A5648-0039-8CB1-45CB-C51E5ABA8BCC
54.54505,24.131062,2,D51A5648-0039-8CB1-45CB-C51E5ABA8BCC
55.74423,24.351967,2,D51A5648-0039-8CB1-45CB-C51E5ABA8BCC
59.401215,-13.983773,2,D51A5648-0039-8CB1-45CB-C51E5ABA8BCC
58.927715,-14.636368,2,D51A5648-0039-8CB1-45CB-C51E5ABA8BCC
58.608215,-15.366358,2,D51A5648-0039-8CB1-45CB-C51E5ABA8BCC
58.244724,-15.953096,2,D51A5648-0039-8CB1-45CB-C51E5ABA8BCC
-10.132755,9.105416,0,D51A5648-0039-8CB1-45CB-C51E5ABA8BCC
-10.310537,8.824603,0,D51A5648-0039-8CB1-45CB-C51E5ABA8BCC
-10.63406,8.573055,0,D51A5648-0039-8CB1-45CB-C51E5ABA8BCC
-24.199266,1.7839185,0,D51A5648-0039-8CB1-45CB-C51E5ABA8BCC
-24.231108,1.7503483,0,D51A5648-0039-8CB1-45CB-C51E5ABA8BCC
-0.6626473,-12.728879,0,D51A5648-0039-8CB1-45CB-C51E5ABA8BCC
-42.29004,-26.354834,1,D57F474B-B38C-E9AF-73CC-2CF16EED3827
-41.46276,-26.798937,1,D57F474B-B38C-E9AF-73CC-2CF16EED3827
-40.292446,-27.402943,1,D57F474B-B38C-E9AF-73CC-2CF16EED3827
-40.086704,-27.517788,1,D57F474B-B38C-E9AF-73CC-2CF16EED3827
-27.114664,-35.09126,1,D57F474B-B38C-E9AF-73CC-2CF16EED3827
-26.456686,-35.53056,1,D57F474B-B38C-E9AF-73CC-2CF16EED3827
-25.737566,-35.819447,1,D57F474B-B38C-E9AF-73CC-2CF16EED3827
-25.280043,-36.363144,1,D57F474B-B38C-E9AF-73CC-2CF16EED3827
-24.694843,-37.053993,1,D57F474B-B38C-E9AF-73CC-2CF16EED3827
-23.94166,-37.899044,1,D57F474B-B38C-E9AF-73CC-2CF16EED3827
-23.184399,-38.614006,1,D57F474B-B38C-E9AF-73CC-2CF16EED3827
-22.920197,-38.898273,1,D57F474B-B38C-E9AF-73CC-2CF16EED3827
50.81524,4.7688265,1,D57F474B-B38C-E9AF-73CC-2CF16EED3827
57.38088,2.328414,1,D57F474B-B38C-E9AF-73CC-2CF16EED3827
57.1782,1.9320017,1,D57F474B-B38C-E9AF-73CC-2CF16EED3827
66.17331,0.098202266,1,D57F474B-B38C-E9AF-73CC-2CF16EED3827
64.297615,-9.478625,1,D57F474B-B38C-E9AF-73CC-2CF16EED3827
64.32385,-9.538455,1,D57F474B-B38C-E9AF-73CC-2CF16EED3827
-18.61496,22.340643,1,D57F474B-B38C-E9AF-73CC-2CF16EED3827
-18.491621,22.963272,2,D57F474B-B38C-E9AF-73CC-2CF16EED3827
1.3711246,37.331635,2,D57F474B-B38C-E9AF-73CC-2CF16EED3827
1.3821137,37.358616,2,D57F474B-B38C-E9AF-73CC-2CF16EED3827
-9.991897,42.736473,2,D57F474B-B38C-E9AF-73CC-2CF16EED3827
-10.145828,42.71197,2,D57F474B-B38C-E9AF-73CC-2CF16EED3827
8.45485,-29.250538,1,D57F474B-B38C-E9AF-73CC-2CF16EED3827
9.228514,-28.659021,1,D57F474B-B38C-E9AF-73CC-2CF16EED3827
9.606255,-28.526955,1,D57F474B-B38C-E9AF-73CC-2CF16EED3827
44.283012,25.853989,1,D57F474B-B38C-E9AF-73CC-2CF16EED3827
44.337883,25.178112,1,D57F474B-B38C-E9AF-73CC-2CF16EED3827
44.424015,24.85532,1,D57F474B-B38C-E9AF-73CC-2CF16EED3827
44.88398,23.607374,1,D57F474B-B38C-E9AF-73CC-2CF16EED3827
44.930714,23.498384,1,D57F474B-B38C-E9AF-73CC-2CF16EED3827
50.50497,10.302825,1,D57F474B-B38C-E9AF-73CC-2CF16EED3827
59.972507,-2.4689813,1,D57F474B-B38C-E9AF-73CC-2CF16EED3827
59.572136,-3.4764042,2,D57F474B-B38C-E9AF-73CC-2CF16EED3827
59.439754,-3.6542053,2,D57F474B-B38C-E9AF-73CC-2CF16EED3827
-9.899858,52.874176,2,D57F474B-B38C-E9AF-73CC-2CF16EED3827
-14.102703,57.543716,2,D57F474B-B38C-E9AF-73CC-2CF16EED3827
-14.894348,57.45735,2,D57F474B-B38C-E9AF-73CC-2CF16EED3827
-15.186883,57.39258,2,D57F474B-B38C-E9AF-73CC-2CF16EED3827
-33.291054,54.904503,0,D57F474B-B38C-E9AF-73CC-2CF16EED3827
-33.316647,54.98587,0,D57F474B-B38C-E9AF-73CC-2CF16EED3827
-22.205118,-51.576355,2,D6D11A63-A131-4E74-041D-6E3BD8EFF8FF
-22.538197,-51.42744,2,D6D11A63-A131-4E74-041D-6E3BD8EFF8FF
-23.433353,-51.163555,2,D6D11A63-A131-4E74-041D-6E3BD8EFF8FF
17.39467,14.519827,2,D6D11A63-A131-4E74-041D-6E3BD8EFF8FF
17.748243,14.581756,2,D6D11A63-A131-4E74-041D-6E3BD8EFF8FF
18.256931,14.913867,2,D6D11A63-A131-4E74-041D-6E3BD8EFF8FF
-8.640433,-5.651271,0,D6D11A63-A131-4E74-041D-6E3BD8EFF8FF
-26.413044,-13.927945,2,D6D11A63-A131-4E74-041D-6E3BD8EFF8FF
-27.087778,-14.5109005,2,D6D11A63-A131-4E74-041D-6E3BD8EFF8FF
-27.383957,-15.009869,2,D6D11A63-A131-4E74-041D-6E3BD8EFF8FF
-27.596016,-15.561251,2,D6D11A63-A131-4E74-041D-6E3BD8EFF8FF
-27.76385,-15.913131,2,D6D11A63-A131-4E74-041D-6E3BD8EFF8FF
-19.298521,-42.922577,2,D8D27F81-4F83-E10A-448A-735447867552
-18.767523,-43.7176,2,D8D27F81-4F83-E10A-448A-735447867552
-18.314447,-44.065548,2,D8D27F81-4F83-E10A-448A-735447867552
-17.49448,-44.239017,0,D8D27F81-4F83-E10A-448A-735447867552
-16.501547,-45.928535,0,D8D27F81-4F83-E10A-448A-735447867552
2.6717007,-27.396513,0,D8D27F81-4F83-E10A-448A-735447867552
8.892078,6.1659107,0,D8D27F81-4F83-E10A-448A-735447867552
8.948268,5.858528,1,D8D27F81-4F83-E10A-448A-735447867552
8.911598,5.1008034,1,D8D27F81-4F83-E10A-448A-735447867552
-24.759462,15.450472,1,D8D27F81-4F83-E10A-448A-735447867552
-24.316126,16.163248,1,D8D27F81-4F83-E10A-448A-735447867552
-24.097355,16.430489,1,D8D27F81-4F83-E10A-448A-735447867552
-14.877254,-32.941936,2,D8D27F81-4F83-E10A-448A-735447867552
-14.887699,-32.910748,2,D8D27F81-4F83-E10A-448A-735447867552
-4.1388183,-35.30161,2,D8D27F81-4F83-E10A-448A-735447867552
-4.1353836,-36.068886,0,D8D27F81-4F83-E10A-448A-735447867552
-3.909956,-36.549606,0,D8D27F81-4F83-E10A-448A-735447867552
-4.1177373,-37.077827,0,D8D27F81-4F83-E10A-448A-735447867552
-32.386723,23.694654,2,D8D27F81-4F83-E10A-448A-735447867552
-5.31211,8.64996,2,D8D27F81-4F83-E10A-448A-735447867552
-5.1072283,8.190002,2,D8D27F81-4F83-E10A-448A-735447867552
-4.835786,7.0444646,2,D8D27F81-4F83-E10A-448A-735447867552
-4.8007603,5.953623,0,D8D27F81-4F83-E10A-448A-735447867552
-4.7822742,5.684167,0,D8D27F81-4F83-E10A-448A-735447867552
60.533802,-29.601318,1,D8D27F81-4F83-E10A-448A-735447867552
43.08271,-16.876665,1,D8D27F81-4F83-E10A-448A-735447867552
42.923355,-16.959076,1,D8D27F81-4F83-E10A-448A-735447867552
-37.43611,-53.07455,2,DA2856BC-D181-9AF0-DC9A-99A9444D5579
-36.442993,-53.859707,2,DA2856BC-D181-9AF0-DC9A-99A9444D5579
-35.851654,-53.16413,2,DA2856BC-D181-9AF0-DC9A-99A9444D5579
-35.454346,-53.04921,2,DA2856BC-D181-9AF0-DC9A-99A9444D5579
-33.489807,-53.6004,2,DA2856BC-D181-9AF0-DC9A-99A9444D5579
-33.46745,-53.58482,2,DA2856BC-D181-9AF0-DC9A-99A9444D5579
64.113045,0.8489478,0,DA2856BC-D181-9AF0-DC9A-99A9444D5579
65.024796,0.25275096,0,DA2856BC-D181-9AF0-DC9A-99A9444D5579
54.360794,-30.67983,0,DA2856BC-D181-9AF0-DC9A-99A9444D5579
54.672565,-30.41152,0,DA2856BC-D181-9AF0-DC9A-99A9444D5579
52.07787,-29.629326,0,DA2856BC-D181-9AF0-DC9A-99A9444D5579
51.819324,-29.488186,0,DA2856BC-D181-9AF0-DC9A-99A9444D5579
-33.176575,-58.192196,2,DBA0C8C4-AE05-772F-2E53-E6167F8ACB77
-33.28502,-57.813175,2,DBA0C8C4-AE05-772F-2E53-E6167F8ACB77
-33.618004,-57.094463,2,DBA0C8C4-AE05-772F-2E53-E6167F8ACB77
-33.721996,-56.66872,2,DBA0C8C4-AE05-772F-2E53-E6167F8ACB77
17.782974,9.392618,0,DBA0C8C4-AE05-772F-2E53-E6167F8ACB77
17.819077,9.48299,0,DBA0C8C4-AE05-772F-2E53-E6167F8ACB77
-23.916357,64.85928,2,DBA0C8C4-AE05-772F-2E53-E6167F8ACB77
-24.62469,64.712616,2,DBA0C8C4-AE05-772F-2E53-E6167F8ACB77
-24.820389,64.6663,2,DBA0C8C4-AE05-772F-2E53-E6167F8ACB77
-32.522213,37.40635,2,DBA0C8C4-AE05-772F-2E53-E6167F8ACB77
-32.783146,37.17779,2,DBA0C8C4-AE05-772F-2E53-E6167F8ACB77
-33.2295,36.792805,2,DBA0C8C4-AE05-772F-2E53-E6167F8ACB77
18.27866,44.006714,2,DBA0C8C4-AE05-772F-2E53-E6167F8ACB77
18.207407,44.040737,2,DBA0C8C4-AE05-772F-2E53-E6167F8ACB77
17.334835,44.424755,2,DBA0C8C4-AE05-772F-2E53-E6167F8ACB77
16.885597,44.609272,2,DBA0C8C4-AE05-772F-2E53-E6167F8ACB77
15.622716,45.04561,2,DBA0C8C4-AE05-772F-2E53-E6167F8ACB77
15.205324,45.18041,2,DBA0C8C4-AE05-772F-2E53-E6167F8ACB77
-60.169178,-29.716272,2,DC0BE0E2-B41E-3D73-47C5-5733952512CB
-53.87474,-30.667318,2,DC0BE0E2-B41E-3D73-47C5-5733952512CB
-53.396267,-30.650639,2,DC0BE0E2-B41E-3D73-47C5-5733952512CB
-52.823368,-30.740068,2,DC0BE0E2-B41E-3D73-47C5-5733952512CB
-51.57661,-31.397076,2,DC0BE0E2-B41E-3D73-47C5-5733952512CB
-51.328514,-31.508667,2,DC0BE0E2-B41E-3D73-47C5-5733952512CB
15.417625,-52.652588,2,DC0BE0E2-B41E-3D73-47C5-5733952512CB
15.56743,-52.60813,2,DC0BE0E2-B41E-3D73-47C5-5733952512CB
16.626297,-52.33546,2,DC0BE0E2-B41E-3D73-47C5-5733952512CB
16.97038,-52.21974,2,DC0BE0E2-B41E-3D73-47C5-5733952512CB
17.37452,-52.0082,2,DC0BE0E2-B41E-3D73-47C5-5733952512CB
39.028164,16.747572,0,DC0BE0E2-B41E-3D73-47C5-5733952512CB
-19.769958,62.308193,2,DC0BE0E2-B41E-3D73-47C5-5733952512CB
-20.0966,62.48205,2,DC0BE0E2-B41E-3D73-47C5-5733952512CB
-20.966562,63.00771,2,DC0BE0E2-B41E-3D73-47C5-5733952512CB
-21.22544,63.107918,2,DC0BE0E2-B41E-3D73-47C5-5733952512CB
-31.78952,29.060678,2,DC0BE0E2-B41E-3D73-47C5-5733952512CB
-2.6017542,10.947407,2,DC0BE0E2-B41E-3D73-47C5-5733952512CB
67.34781,6.1150947,2,DC0BE0E2-B41E-3D73-47C5-5733952512CB
39.8033,-29.306698,2,DC0BE0E2-B41E-3D73-47C5-5733952512CB
39.45178,-30.16859,2,DC0BE0E2-B41E-3D73-47C5-5733952512CB
39.262993,-30.94817,2,DC0BE0E2-B41E-3D73-47C5-5733952512CB
38.926052,-31.04906,0,DC0BE0E2-B41E-3D73-47C5-5733952512CB
37.97926,-31.319933,0,DC0BE0E2-B41E-3D73-47C5-5733952512CB
-7.6560793,56.576096,0,DC0BE0E2-B41E-3D73-47C5-5733952512CB
-7.3160152,56.408394,2,DC0BE0E2-B41E-3D73-47C5-5733952512CB
-6.5687857,56.677795,2,DC0BE0E2-B41E-3D73-47C5-5733952512CB
-5.985349,56.898994,2,DC0BE0E2-B41E-3D73-47C5-5733952512CB
-5.490565,57.271,2,DC0BE0E2-B41E-3D73-47C5-5733952512CB
-4.656269,56.899517,2,DC0BE0E2-B41E-3D73-47C5-5733952512CB
32.11169,8.401931,2,DCB45A10-FAF5-53E0-AB53-2D42AC9BB090
32.186348,8.338027,0,DCB45A10-FAF5-53E0-AB53-2D42AC9BB090
52.14691,-0.3230444,0,DCB45A10-FAF5-53E0-AB53-2D42AC9BB090
52.17576,-0.38752377,0,DCB45A10-FAF5-53E0-AB53-2D42AC9BB090
63.850796,-15.63931,0,DCB45A10-FAF5-53E0-AB53-2D42AC9BB090
63.86408,-15.648745,0,DCB45A10-FAF5-53E0-AB53-2D42AC9BB090
-14.226016,4.3368998,0,DCB45A10-FAF5-53E0-AB53-2D42AC9BB090
-28.648941,-22.038641,0,DCB45A10-FAF5-53E0-AB53-2D42AC9BB090
-28.295736,-22.063887,2,DCB45A10-FAF5-53E0-AB53-2D42AC9BB090
-27.585283,-22.08632,0,DCB45A10-FAF5-53E0-AB53-2D42AC9BB090
-26.325003,-22.015463,0,DCB45A10-FAF5-53E0-AB53-2D42AC9BB090
-25.483961,-21.852325,0,DCB45A10-FAF5-53E0-AB53-2D42AC9BB090
24.103722,-0.25863215,0,DCB45A10-FAF5-53E0-AB53-2D42AC9BB090
24.499619,-0.09493276,0,DCB45A10-FAF5-53E0-AB53-2D42AC9BB090
25.438112,0.25572503,1,DCB45A10-FAF5-53E0-AB53-2D42AC9BB090
25.75141,0.36126325,1,DCB45A10-FAF5-53E0-AB53-2D42AC9BB090
26.50471,0.53515893,1,DCB45A10-FAF5-53E0-AB53-2D42AC9BB090
63.67631,3.26703,0,DCB45A10-FAF5-53E0-AB53-2D42AC9BB090
33.582813,5.4685497,2,DCB45A10-FAF5-53E0-AB53-2D42AC9BB090
34.024055,5.832752,2,DCB45A10-FAF5-53E0-AB53-2D42AC9BB090
34.7203,6.4977293,0,DCB45A10-FAF5-53E0-AB53-2D42AC9BB090
34.87243,6.544216,0,DCB45A10-FAF5-53E0-AB53-2D42AC9BB090
57.504555,8.7363205,0,DCB45A10-FAF5-53E0-AB53-2D42AC9BB090
61.93753,5.807663,0,DCB45A10-FAF5-53E0-AB53-2D42AC9BB090
27.511414,40.60813,2,DD956DE9-DEFB-C0C6-82B4-C639A17D6782
27.83322,40.480988,2,DD956DE9-DEFB-C0C6-82B4-C639A17D6782
29.04394,39.971985,2,DD956DE9-DEFB-C0C6-82B4-C639A17D6782
29.338903,39.83618,0,DD956DE9-DEFB-C0C6-82B4-C639A17D6782
29.868538,39.73776,0,DD956DE9-DEFB-C0C6-82B4-C639A17D6782
30.884209,39.477043,0,DD956DE9-DEFB-C0C6-82B4-C639A17D6782
-24.151337,-15.110297,0,DD956DE9-DEFB-C0C6-82B4-C639A17D6782
-24.126871,-15.126924,0,DD956DE9-DEFB-C0C6-82B4-C639A17D6782
-9.635352,-27.039392,0,DD956DE9-DEFB-C0C6-82B4-C639A17D6782
-9.623696,-27.145565,0,DD956DE9-DEFB-C0C6-82B4-C639A17D6782
-10.24546,-27.683382,0,DD956DE9-DEFB-C0C6-82B4-C639A17D6782
-11.151069,-28.441042,0,DD956DE9-DEFB-C0C6-82B4-C639A17D6782
57.865116,12.303508,1,DD956DE9-DEFB-C0C6-82B4-C639A17D6782
57.92051,12.253872,0,DD956DE9-DEFB-C0C6-82B4-C639A17D6782
64.90478,2.9770663,0,DD956DE9-DEFB-C0C6-82B4-C639A17D6782
47.68051,-28.316687,0,DD956DE9-DEFB-C0C6-82B4-C639A17D6782
47.607784,-29.876448,0,DD956DE9-DEFB-C0C6-82B4-C639A17D6782
47.451515,-29.911798,2,DD956DE9-DEFB-C0C6-82B4-C639A17D6782
12.168509,-31.896147,0,DD956DE9-DEFB-C0C6-82B4-C639A17D6782
12.234529,-31.768385,0,DD956DE9-DEFB-C0C6-82B4-C639A17D6782
12.136223,-29.731468,0,DD956DE9-DEFB-C0C6-82B4-C639A17D6782
12.193438,-29.501698,0,DD956DE9-DEFB-C0C6-82B4-C639A17D6782
19.33592,-1.055038,0,DD956DE9-DEFB-C0C6-82B4-C639A17D6782
19.40982,-1.0005435,0,DD956DE9-DEFB-C0C6-82B4-C639A17D6782
-24.670881,-55.901524,0,DE775A65-68D5-C477-E2F7-BCC1AEF0B850
-24.265762,-56.007717,2,DE775A65-68D5-C477-E2F7-BCC1AEF0B850
-23.709255,-56.219063,2,DE775A65-68D5-C477-E2F7-BCC1AEF0B850
-22.817074,-56.58985,2,DE775A65-68D5-C477-E2F7-BCC1AEF0B850
-22.014885,-56.991077,2,DE775A65-68D5-C477-E2F7-BCC1AEF0B850
-21.66615,-57.19947,2,DE775A65-68D5-C477-E2F7-BCC1AEF0B850
29.539389,26.957973,2,DE775A65-68D5-C477-E2F7-BCC1AEF0B850
29.605324,27.215538,2,DE775A65-68D5-C477-E2F7-BCC1AEF0B850
29.74517,28.273129,2,DE775A65-68D5-C477-E2F7-BCC1AEF0B850
29.765125,28.831118,2,DE775A65-68D5-C477-E2F7-BCC1AEF0B850
29.751392,29.581284,2,DE775A65-68D5-C477-E2F7-BCC1AEF0B850
29.771896,30.05418,2,DE775A65-68D5-C477-E2F7-BCC1AEF0B850
49.882984,18.697702,2,DF62EF03-DA30-E70A-CA31-03A029C9610A
49.881065,18.658401,2,DF62EF03-DA30-E70A-CA31-03A029C9610A
68.17138,-2.5298052,2,DF62EF03-DA30-E70A-CA31-03A029C9610A
37.859695,-37.850376,0,DF62EF03-DA30-E70A-CA31-03A029C9610A
38.191868,-37.461483,0,DF62EF03-DA30-E70A-CA31-03A029C9610A
38.41529,-37.276817,0,DF62EF03-DA30-E70A-CA31-03A029C9610A
-26.021927,58.269302,2,DF62EF03-DA30-E70A-CA31-03A029C9610A
-26.739502,57.53217,2,DF62EF03-DA30-E70A-CA31-03A029C9610A
-27.072004,57.2163,2,DF62EF03-DA30-E70A-CA31-03A029C9610A
-27.629974,56.601025,2,DF62EF03-DA30-E70A-CA31-03A029C9610A
-27.928047,56.21641,2,DF62EF03-DA30-E70A-CA31-03A029C9610A
-33.35604,30.281609,0,DF62EF03-DA30-E70A-CA31-03A029C9610A
-4.5653696,21.299759,0,DF62EF03-DA30-E70A-CA31-03A029C9610A
-4.127316,20.636835,0,DF62EF03-DA30-E70A-CA31-03A029C9610A
-3.8968618,20.0744,0,DF62EF03-DA30-E70A-CA31-03A029C9610A
-7.501311,4.7987304,0,DF62EF03-DA30-E70A-CA31-03A029C9610A
-7.1598544,4.145574,0,DF62EF03-DA30-E70A-CA31-03A029C9610A
-7.024165,3.752254,2,DF62EF03-DA30-E70A-CA31-03A029C9610A
-11.140881,56.12754,2,DF62EF03-DA30-E70A-CA31-03A029C9610A
-11.065625,55.892338,2,DF62EF03-DA30-E70A-CA31-03A029C9610A
-5.533608,64.62785,2,DF62EF03-DA30-E70A-CA31-03A029C9610A
-5.12628,65.113014,2,DF62EF03-DA30-E70A-CA31-03A029C9610A
-4.761659,65.79808,2,DF62EF03-DA30-E70A-CA31-03A029C9610A
-5.1986675,66.02366,2,DF62EF03-DA30-E70A-CA31-03A029C9610A
-34.038006,-40.308105,2,E3489F9E-39E2-47B9-24EF-BAACE1438D00
-33.88006,-40.40702,0,E3489F9E-39E2-47B9-24EF-BAACE1438D00
-3.0442753,-47.77385,0,E3489F9E-39E2-47B9-24EF-BAACE1438D00
-32.63823,-41.77951,0,E3489F9E-39E2-47B9-24EF-BAACE1438D00
-32.634857,-42.3874,0,E3489F9E-39E2-47B9-24EF-BAACE1438D00
-32.675888,-42.540314,0,E3489F9E-39E2-47B9-24EF-BAACE1438D00
38.57575,19.203655,2,E3489F9E-39E2-47B9-24EF-BAACE1438D00
38.88288,18.892828,2,E3489F9E-39E2-47B9-24EF-BAACE1438D00
39.319683,18.73735,0,E3489F9E-39E2-47B9-24EF-BAACE1438D00
39.722164,18.606995,0,E3489F9E-39E2-47B9-24EF-BAACE1438D00
53.532135,10.993937,0,E3489F9E-39E2-47B9-24EF-BAACE1438D00
58.516575,3.4830167,0,E3489F9E-39E2-47B9-24EF-BAACE1438D00
60.37419,1.3194207,0,E3489F9E-39E2-47B9-24EF-BAACE1438D00
59.223167,-27.325565,0,E3489F9E-39E2-47B9-24EF-BAACE1438D00
59.267372,-27.195341,0,E3489F9E-39E2-47B9-24EF-BAACE1438D00
59.150806,-26.108332,1,E3489F9E-39E2-47B9-24EF-BAACE1438D00
31.09189,-8.65133,1,E3489F9E-39E2-47B9-24EF-BAACE1438D00
31.062317,-8.661038,1,E3489F9E-39E2-47B9-24EF-BAACE1438D00
-14.885935,-35.206894,1,E3489F9E-39E2-47B9-24EF-BAACE1438D00
-14.537236,-36.0446,1,E3489F9E-39E2-47B9-24EF-BAACE1438D00
-14.291115,-36.519905,1,E3489F9E-39E2-47B9-24EF-BAACE1438D00
-13.911965,-37.13746,1,E3489F9E-39E2-47B9-24EF-BAACE1438D00
-13.369133,-37.47927,1,E3489F9E-39E2-47B9-24EF-BAACE1438D00
-12.645115,-37.88775,1,E3489F9E-39E2-47B9-24EF-BAACE1438D00
35.10221,-38.221878,0,E49C1269-8AB7-8C8F-FC88-AA92C2F1E260
34.99639,-38.47907,0,E49C1269-8AB7-8C8F-FC88-AA92C2F1E260
34.44098,-39.309273,0,E49C1269-8AB7-8C8F-FC88-AA92C2F1E260
33.663284,-39.788822,0,E49C1269-8AB7-8C8F-FC88-AA92C2F1E260
33.20624,-39.965897,1,E49C1269-8AB7-8C8F-FC88-AA92C2F1E260
-0.8132929,34.703533,1,E49C1269-8AB7-8C8F-FC88-AA92C2F1E260
42.558342,-2.3801713,0,E49C1269-8AB7-8C8F-FC88-AA92C2F1E260
42.749542,-2.429607,0,E49C1269-8AB7-8C8F-FC88-AA92C2F1E260
43.236336,-2.568263,2,E49C1269-8AB7-8C8F-FC88-AA92C2F1E260
63.999065,1.7633183,2,E49C1269-8AB7-8C8F-FC88-AA92C2F1E260
64.9122,-2.2899706,2,E49C1269-8AB7-8C8F-FC88-AA92C2F1E260
60.091164,-18.25545,0,E49C1269-8AB7-8C8F-FC88-AA92C2F1E260
59.67645,-18.890871,0,E49C1269-8AB7-8C8F-FC88-AA92C2F1E260
59.247364,-19.497921,0,E49C1269-8AB7-8C8F-FC88-AA92C2F1E260
59.05093,-19.538132,0,E49C1269-8AB7-8C8F-FC88-AA92C2F1E260
43.532864,-23.82558,0,E49C1269-8AB7-8C8F-FC88-AA92C2F1E260
30.4076,-27.19752,1,E49C1269-8AB7-8C8F-FC88-AA92C2F1E260
30.14266,-26.601862,2,E49C1269-8AB7-8C8F-FC88-AA92C2F1E260
-19.662857,-30.689766,2,E49C1269-8AB7-8C8F-FC88-AA92C2F1E260
-3.7819242,-16.437777,2,E49C1269-8AB7-8C8F-FC88-AA92C2F1E260
-3.7731178,-16.4497,0,E49C1269-8AB7-8C8F-FC88-AA92C2F1E260
10.234501,-43.23253,0,E49C1269-8AB7-8C8F-FC88-AA92C2F1E260
10.2752495,-42.908527,0,E49C1269-8AB7-8C8F-FC88-AA92C2F1E260
10.323751,-42.531292,0,E49C1269-8AB7-8C8F-FC88-AA92C2F1E260
29.235374,-19.958784,2,E49C1269-8AB7-8C8F-FC88-AA92C2F1E260
10.980105,51.549316,2,E49C1269-8AB7-8C8F-FC88-AA92C2F1E260
10.794287,51.730988,2,E49C1269-8AB7-8C8F-FC88-AA92C2F1E260
10.028037,52.392178,2,E49C1269-8AB7-8C8F-FC88-AA92C2F1E260
9.684414,52.66971,2,E49C1269-8AB7-8C8F-FC88-AA92C2F1E260
-13.305898,59.4138,2,E49C1269-8AB7-8C8F-FC88-AA92C2F1E260
-44.668396,-51.382526,2,E5CCE6B3-2C6E-BE96-602F-3852C8614777
-44.429,-51.63244,2,E5CCE6B3-2C6E-BE96-602F-3852C8614777
-44.131535,-51.873512,0,E5CCE6B3-2C6E-BE96-602F-3852C8614777
-12.114204,-58.228176,0,E5CCE6B3-2C6E-BE96-602F-3852C8614777
-11.904323,-58.633236,0,E5CCE6B3-2C6E-BE96-602F-3852C8614777
-11.726213,-59.00066,0,E5CCE6B3-2C6E-BE96-602F-3852C8614777
-37.259605,39.17643,0,E5CCE6B3-2C6E-BE96-602F-3852C8614777
-37.735996,38.672108,0,E5CCE6B3-2C6E-BE96-602F-3852C8614777
-38.27217,38.22986,0,E5CCE6B3-2C6E-BE96-602F-3852C8614777
-7.858805,7.883223,0,E5CCE6B3-2C6E-BE96-602F-3852C8614777
-7.892237,7.757085,2,E5CCE6B3-2C6E-BE96-602F-3852C8614777
-8.223806,6.1745505,0,E5CCE6B3-2C6E-BE96-602F-3852C8614777
-9.988936,6.427851,0,E5CCE6B3-2C6E-BE96-602F-3852C8614777
-10.663856,-2.3369799,0,E5CCE6B3-2C6E-BE96-602F-3852C8614777
-10.855357,-3.0349572,2,E5CCE6B3-2C6E-BE96-602F-3852C8614777
-11.073043,-3.456407,2,E5CCE6B3-2C6E-BE96-602F-3852C8614777
-20.378937,-21.407867,2,E5CCE6B3-2C6E-BE96-602F-3852C8614777
-20.400324,-22.28705,2,E5CCE6B3-2C6E-BE96-602F-3852C8614777
-44.414722,-55.410225,2,E5F96AC5-AE7E-C4E8-8288-FB2674F43704
-44.419,-55.730328,2,E5F96AC5-AE7E-C4E8-8288-FB2674F43704
-44.428238,-55.98886,2,E5F96AC5-AE7E-C4E8-8288-FB2674F43704
-44.655796,-57.911808,2,E5F96AC5-AE7E-C4E8-8288-FB2674F43704
-44.781822,-58.77665,2,E5F96AC5-AE7E-C4E8-8288-FB2674F43704
-44.827576,-59.08446,0,E5F96AC5-AE7E-C4E8-8288-FB2674F43704
59.767582,31.916576,2,E5F96AC5-AE7E-C4E8-8288-FB2674F43704
59.166916,31.662498,2,E5F96AC5-AE7E-C4E8-8288-FB2674F43704
58.649097,31.460516,0,E5F96AC5-AE7E-C4E8-8288-FB2674F43704
58.277493,31.358389,0,E5F96AC5-AE7E-C4E8-8288-FB2674F43704
50.187504,-12.607414,0,E5F96AC5-AE7E-C4E8-8288-FB2674F43704
50.147564,-13.175185,0,E5F96AC5-AE7E-C4E8-8288-FB2674F43704
43.19487,-36.3973,2,E5F96AC5-AE7E-C4E8-8288-FB2674F43704
43.165806,-36.435436,2,E5F96AC5-AE7E-C4E8-8288-FB2674F43704
35.700813,-17.446777,2,E5F96AC5-AE7E-C4E8-8288-FB2674F43704
34.925526,-16.787212,2,E5F96AC5-AE7E-C4E8-8288-FB2674F43704
34.002243,-16.729435,2,E5F96AC5-AE7E-C4E8-8288-FB2674F43704
33.472733,-16.674301,2,E5F96AC5-AE7E-C4E8-8288-FB2674F43704
-2.906942,-29.000935,0,E5F96AC5-AE7E-C4E8-8288-FB2674F43704
-2.6767237,-30.274632,0,E5F96AC5-AE7E-C4E8-8288-FB2674F43704
-1.9344225,-30.102139,0,E5F96AC5-AE7E-C4E8-8288-FB2674F43704
-1.8127074,-30.154135,0,E5F96AC5-AE7E-C4E8-8288-FB2674F43704
29.557735,7.638493,0,E5F96AC5-AE7E-C4E8-8288-FB2674F43704
29.521488,7.8619657,2,E5F96AC5-AE7E-C4E8-8288-FB2674F43704
31.010725,10.358534,2,E5F96AC5-AE7E-C4E8-8288-FB2674F43704
44.895233,14.295098,2,E5F96AC5-AE7E-C4E8-8288-FB2674F43704
54.92862,3.4684,2,E5F96AC5-AE7E-C4E8-8288-FB2674F43704
59.741432,1.7512972,2,E5F96AC5-AE7E-C4E8-8288-FB2674F43704
57.91233,-6.947878,2,E5F96AC5-AE7E-C4E8-8288-FB2674F43704
57.644085,-7.241417,2,E5F96AC5-AE7E-C4E8-8288-FB2674F43704
-37.097652,60.789314,0,E5F96AC5-AE7E-C4E8-8288-FB2674F43704
-37.091114,60.599197,2,E5F96AC5-AE7E-C4E8-8288-FB2674F43704
-37.13378,59.76438,0,E5F96AC5-AE7E-C4E8-8288-FB2674F43704
-37.159714,59.06339,0,E5F96AC5-AE7E-C4E8-8288-FB2674F43704
-37.22778,58.21391,0,E5F96AC5-AE7E-C4E8-8288-FB2674F43704
-37.410606,57.352615,0,E5F96AC5-AE7E-C4E8-8288-FB2674F43704
58.612457,23.43045,2,EA788550-E907-E4AC-EAE4-82CC26723E3B
58.954353,23.668028,2,EA788550-E907-E4AC-EAE4-82CC26723E3B
59.686203,24.227037,2,EA788550-E907-E4AC-EAE4-82CC26723E3B
59.956375,24.695381,2,EA788550-E907-E4AC-EAE4-82CC26723E3B
45.537018,-38.29624,2,EA788550-E907-E4AC-EAE4-82CC26723E3B
45.52762,-38.270153,2,EA788550-E907-E4AC-EAE4-82CC26723E3B
65.56811,11.397504,2,EA788550-E907-E4AC-EAE4-82CC26723E3B
66.69491,11.535962,2,EA788550-E907-E4AC-EAE4-82CC26723E3B
67.51004,11.508631,2,EA788550-E907-E4AC-EAE4-82CC26723E3B
38.317463,-27.700449,2,EA788550-E907-E4AC-EAE4-82CC26723E3B
37.765644,-27.961773,2,EA788550-E907-E4AC-EAE4-82CC26723E3B
37.52032,-28.07669,2,EA788550-E907-E4AC-EAE4-82CC26723E3B
-61.73554,-34.081364,2,EC6E2525-212C-1C3A-0B73-74D1B45748E1
-52.902657,-41.63075,2,EC6E2525-212C-1C3A-0B73-74D1B45748E1
-52.327377,-41.813927,2,EC6E2525-212C-1C3A-0B73-74D1B45748E1
-51.663666,-42.24541,2,EC6E2525-212C-1C3A-0B73-74D1B45748E1
-51.080032,-42.4885,2,EC6E2525-212C-1C3A-0B73-74D1B45748E1
-50.699528,-42.525623,2,EC6E2525-212C-1C3A-0B73-74D1B45748E1
-38.332317,-62.371582,2,EC6E2525-212C-1C3A-0B73-74D1B45748E1
-35.876526,-61.25981,2,EC6E2525-212C-1C3A-0B73-74D1B45748E1
-38.987286,-63.09232,2,EC6E2525-212C-1C3A-0B73-74D1B45748E1
-39.371666,-63.533752,2,EC6E2525-212C-1C3A-0B73-74D1B45748E1
-39.828957,-64.122765,2,EC6E2525-212C-1C3A-0B73-74D1B45748E1
-40.27891,-64.69865,2,EC6E2525-212C-1C3A-0B73-74D1B45748E1
-3.9845214,-42.92388,0,EC6E2525-212C-1C3A-0B73-74D1B45748E1
-4.080852,-43.592583,0,EC6E2525-212C-1C3A-0B73-74D1B45748E1
-4.1410146,-43.916874,0,EC6E2525-212C-1C3A-0B73-74D1B45748E1
-50.873642,-4.5329456,0,EC6E2525-212C-1C3A-0B73-74D1B45748E1
-50.591896,-4.4487104,0,EC6E2525-212C-1C3A-0B73-74D1B45748E1
-50.432922,-4.412099,0,EC6E2525-212C-1C3A-0B73-74D1B45748E1
-47.543034,-7.8172398,2,EC6E2525-212C-1C3A-0B73-74D1B45748E1
-47.587017,-8.182219,2,EC6E2525-212C-1C3A-0B73-74D1B45748E1
-47.591087,-8.869196,2,EC6E2525-212C-1C3A-0B73-74D1B45748E1
-47.83257,-9.512811,2,EC6E2525-212C-1C3A-0B73-74D1B45748E1
-48.23347,-10.953015,2,EC6E2525-212C-1C3A-0B73-74D1B45748E1
-48.267876,-11.066042,2,EC6E2525-212C-1C3A-0B73-74D1B45748E1
39.312733,10.027913,2,EC6E2525-212C-1C3A-0B73-74D1B45748E1
39.44823,10.059959,2,EC6E2525-212C-1C3A-0B73-74D1B45748E1
54.863865,8.989972,2,EC6E2525-212C-1C3A-0B73-74D1B45748E1
55.397854,8.889316,2,EC6E2525-212C-1C3A-0B73-74D1B45748E1
55.86581,8.624489,2,EC6E2525-212C-1C3A-0B73-74D1B45748E1
66.068504,4.7141523,2,EC6E2525-212C-1C3A-0B73-74D1B45748E1
-60.103924,-30.760696,2,EE62AFCD-B47D-E676-0257-21F92CB612D8
-56.56909,-36.724907,2,EE62AFCD-B47D-E676-0257-21F92CB612D8
-56.39721,-36.861565,2,EE62AFCD-B47D-E676-0257-21F92CB612D8
-55.658314,-37.64151,2,EE62AFCD-B47D-E676-0257-21F92CB612D8
-55.23695,-38.00292,2,EE62AFCD-B47D-E676-0257-21F92CB612D8
-54.917084,-38.186527,2,EE62AFCD-B47D-E676-0257-21F92CB612D8
-21.013037,57.574898,2,EE62AFCD-B47D-E676-0257-21F92CB612D8
-21.118742,57.535275,2,EE62AFCD-B47D-E676-0257-21F92CB612D8
-28.543428,53.024406,2,EE62AFCD-B47D-E676-0257-21F92CB612D8
-28.772158,53.03315,2,EE62AFCD-B47D-E676-0257-21F92CB612D8
-29.489408,53.263763,0,EE62AFCD-B47D-E676-0257-21F92CB612D8
-39.24082,43.477097,0,EE62AFCD-B47D-E676-0257-21F92CB612D8
-28.828117,-6.2010107,2,EE62AFCD-B47D-E676-0257-21F92CB612D8
-28.941729,-6.0849576,2,EE62AFCD-B47D-E676-0257-21F92CB612D8
-29.287706,-5.5370727,2,EE62AFCD-B47D-E676-0257-21F92CB612D8
-29.788961,-4.878818,2,EE62AFCD-B47D-E676-0257-21F92CB612D8
-30.12645,-4.559718,2,EE62AFCD-B47D-E676-0257-21F92CB612D8
-3.6031377,-33.76843,0,EE62AFCD-B47D-E676-0257-21F92CB612D8
-29.424906,-38.54261,2,F1430977-52AF-4F46-BF92-0A8D736CBD2B
-28.965538,-38.872257,2,F1430977-52AF-4F46-BF92-0A8D736CBD2B
-28.025604,-39.40769,2,F1430977-52AF-4F46-BF92-0A8D736CBD2B
-27.284061,-39.818512,2,F1430977-52AF-4F46-BF92-0A8D736CBD2B
-27.006578,-39.993347,2,F1430977-52AF-4F46-BF92-0A8D736CBD2B
-26.515808,-40.99216,2,F1430977-52AF-4F46-BF92-0A8D736CBD2B
47.421684,-12.625369,0,F1430977-52AF-4F46-BF92-0A8D736CBD2B
47.12966,-12.950367,0,F1430977-52AF-4F46-BF92-0A8D736CBD2B
46.876076,-13.163724,0,F1430977-52AF-4F46-BF92-0A8D736CBD2B
23.846243,-16.150436,0,F1430977-52AF-4F46-BF92-0A8D736CBD2B
23.579706,-16.353018,2,F1430977-52AF-4F46-BF92-0A8D736CBD2B
22.913488,-16.735895,2,F1430977-52AF-4F46-BF92-0A8D736CBD2B
1.1258109,65.44854,0,F1430977-52AF-4F46-BF92-0A8D736CBD2B
2.349939,66.30217,0,F1430977-52AF-4F46-BF92-0A8D736CBD2B
4.9423766,68.286964,0,F1430977-52AF-4F46-BF92-0A8D736CBD2B
6.234747,69.22122,0,F1430977-52AF-4F46-BF92-0A8D736CBD2B
6.5388017,69.419785,0,F1430977-52AF-4F46-BF92-0A8D736CBD2B
6.7459064,69.53808,0,F1430977-52AF-4F46-BF92-0A8D736CBD2B
16.12761,63.084072,1,F1430977-52AF-4F46-BF92-0A8D736CBD2B
15.901354,61.59533,2,F1430977-52AF-4F46-BF92-0A8D736CBD2B
15.894031,61.352165,2,F1430977-52AF-4F46-BF92-0A8D736CBD2B
5.257398,37.055336,2,F1430977-52AF-4F46-BF92-0A8D736CBD2B
4.8842034,36.821014,2,F1430977-52AF-4F46-BF92-0A8D736CBD2B
4.2269435,36.96092,2,F1430977-52AF-4F46-BF92-0A8D736CBD2B
-6.0504723,49.622726,2,F1430977-52AF-4F46-BF92-0A8D736CBD2B
-6.6730695,50.175556,2,F1430977-52AF-4F46-BF92-0A8D736CBD2B
-6.834539,50.26064,2,F1430977-52AF-4F46-BF92-0A8D736CBD2B
18.528877,24.093931,2,F752B62E-E95F-A65D-4CB2-8B0252E15F08
18.891161,23.847708,2,F752B62E-E95F-A65D-4CB2-8B0252E15F08
19.603617,23.359995,0,F752B62E-E95F-A65D-4CB2-8B0252E15F08
19.649248,23.306343,0,F752B62E-E95F-A65D-4CB2-8B0252E15F08
20.86815,19.763699,0,F752B62E-E95F-A65D-4CB2-8B0252E15F08
20.895359,19.714903,0,F752B62E-E95F-A65D-4CB2-8B0252E15F08
20.35059,-29.18652,2,F752B62E-E95F-A65D-4CB2-8B0252E15F08
2.0869863,40.39737,2,F752B62E-E95F-A65D-4CB2-8B0252E15F08
-0.73089683,46.582565,0,F752B62E-E95F-A65D-4CB2-8B0252E15F08
-10.419573,49.521385,0,F752B62E-E95F-A65D-4CB2-8B0252E15F08
-10.61508,49.76168,0,F752B62E-E95F-A65D-4CB2-8B0252E15F08
-27.386011,63.76178,2,F752B62E-E95F-A65D-4CB2-8B0252E15F08
-27.569187,63.23518,2,F752B62E-E95F-A65D-4CB2-8B0252E15F08
-27.79677,62.81837,2,F752B62E-E95F-A65D-4CB2-8B0252E15F08
-28.422564,61.87426,0,F752B62E-E95F-A65D-4CB2-8B0252E15F08
-28.641823,61.53027,0,F752B62E-E95F-A65D-4CB2-8B0252E15F08
-4.2687535,10.932147,0,F752B62E-E95F-A65D-4CB2-8B0252E15F08
-4.2692423,10.88108,0,F752B62E-E95F-A65D-4CB2-8B0252E15F08
55.281284,31.08399,0,F752B62E-E95F-A65D-4CB2-8B0252E15F08
69.99023,6.3523946,0,F752B62E-E95F-A65D-4CB2-8B0252E15F08
70.424065,6.0929112,1,F752B62E-E95F-A65D-4CB2-8B0252E15F08
50.44382,-32.122475,1,F752B62E-E95F-A65D-4CB2-8B0252E15F08
50.054424,-32.209534,1,F752B62E-E95F-A65D-4CB2-8B0252E15F08
49.751232,-32.229546,0,F752B62E-E95F-A65D-4CB2-8B0252E15F08
-12.775429,-46.227848,0,F752B62E-E95F-A65D-4CB2-8B0252E15F08
-12.7494,-46.12142,2,F752B62E-E95F-A65D-4CB2-8B0252E15F08
-12.666804,-45.670948,2,F752B62E-E95F-A65D-4CB2-8B0252E15F08
6.2772026,-38.98325,0,F752B62E-E95F-A65D-4CB2-8B0252E15F08
6.420577,-38.927578,0,F752B62E-E95F-A65D-4CB2-8B0252E15F08
7.2927327,-38.63985,0,F752B62E-E95F-A65D-4CB2-8B0252E15F08
-22.860226,21.138008,0,FB70D507-2F2A-0F83-3B53-75EB8452F5E0
-22.944914,21.685894,0,FB70D507-2F2A-0F83-3B53-75EB8452F5E0
-22.946714,22.115265,0,FB70D507-2F2A-0F83-3B53-75EB8452F5E0
-22.854502,22.892756,0,FB70D507-2F2A-0F83-3B53-75EB8452F5E0
-23.715422,30.273664,0,FB70D507-2F2A-0F83-3B53-75EB8452F5E0
-23.738075,30.307129,0,FB70D507-2F2A-0F83-3B53-75EB8452F5E0
56.25592,-27.994764,0,FB70D507-2F2A-0F83-3B53-75EB8452F5E0
55.80247,-28.033564,0,FB70D507-2F2A-0F83-3B53-75EB8452F5E0
55.354923,-28.180704,1,FB70D507-2F2A-0F83-3B53-75EB8452F5E0
30.106987,-24.601372,1,FB70D507-2F2A-0F83-3B53-75EB8452F5E0
29.283424,-25.018883,1,FB70D507-2F2A-0F83-3B53-75EB8452F5E0
0.26668617,43.639065,1,FB70D507-2F2A-0F83-3B53-75EB8452F5E0
-25.589415,-64.01958,2,FC50071B-D2BA-C98B-AC6E-7339010D56DA
-25.919765,-64.237724,2,FC50071B-D2BA-C98B-AC6E-7339010D56DA
-26.443186,-64.56847,2,FC50071B-D2BA-C98B-AC6E-7339010D56DA
-26.848494,-64.70775,2,FC50071B-D2BA-C98B-AC6E-7339010D56DA
-57.526066,-26.511688,2,FC50071B-D2BA-C98B-AC6E-7339010D56DA
-57.55089,-26.486492,2,FC50071B-D2BA-C98B-AC6E-7339010D56DA
-1.2888044,-24.437025,1,FC50071B-D2BA-C98B-AC6E-7339010D56DA
-1.4746776,-24.56065,2,FC50071B-D2BA-C98B-AC6E-7339010D56DA
-2.560863,-25.152847,2,FC50071B-D2BA-C98B-AC6E-7339010D56DA
-3.1303823,-25.434471,2,FC50071B-D2BA-C98B-AC6E-7339010D56DA
-3.7924001,-25.733974,2,FC50071B-D2BA-C98B-AC6E-7339010D56DA
-3.9299536,-25.799917,2,FC50071B-D2BA-C98B-AC6E-7339010D56DA
-9.048629,-31.281736,1,FC50071B-D2BA-C98B-AC6E-7339010D56DA
-8.317945,-31.448376,1,FC50071B-D2BA-C98B-AC6E-7339010D56DA
-7.9387517,-31.364431,2,FC50071B-D2BA-C98B-AC6E-7339010D56DA
-6.7656164,-31.232698,2,FC50071B-D2BA-C98B-AC6E-7339010D56DA
-5.9624557,-31.328947,2,FC50071B-D2BA-C98B-AC6E-7339010D56DA
-5.2377563,-31.298384,2,FC50071B-D2BA-C98B-AC6E-7339010D56DA
-5.139346,-31.37472,2,FC50071B-D2BA-C98B-AC6E-7339010D56DA
7.1555557,-14.302587,2,FC50071B-D2BA-C98B-AC6E-7339010D56DA
7.608678,-14.007802,2,FC50071B-D2BA-C98B-AC6E-7339010D56DA
7.856048,-13.823258,2,FC50071B-D2BA-C98B-AC6E-7339010D56DA
8.870987,-12.778101,2,FC50071B-D2BA-C98B-AC6E-7339010D56DA
9.068264,-12.526423,2,FC50071B-D2BA-C98B-AC6E-7339010D56DA
-46.483913,9.811038,2,FC50071B-D2BA-C98B-AC6E-7339010D56DA
-46.550587,9.619989,2,FC50071B-D2BA-C98B-AC6E-7339010D56DA
-47.169975,8.1756115,2,FC50071B-D2BA-C98B-AC6E-7339010D56DA
-47.256393,8.033432,2,FC50071B-D2BA-C98B-AC6E-7339010D56DA
-47.544098,7.6013227,2,FC50071B-D2BA-C98B-AC6E-7339010D56DA
-22.009977,44.7566,2,FC50071B-D2BA-C98B-AC6E-7339010D56DA
-61.835026,-28.488785,2,FC66D29E-8CD8-AE29-A071-33549272C1EE
-21.684822,-0.93025446,2,FC66D29E-8CD8-AE29-A071-33549272C1EE
-22.080858,-1.7814206,2,FC66D29E-8CD8-AE29-A071-33549272C1EE
-22.224064,-1.9878798,2,FC66D29E-8CD8-AE29-A071-33549272C1EE
-42.25632,-22.84546,2,FC66D29E-8CD8-AE29-A071-33549272C1EE
-42.272022,-22.858364,2,FC66D29E-8CD8-AE29-A071-33549272C1EE
-21.194792,-44.61058,2,FC66D29E-8CD8-AE29-A071-33549272C1EE
-21.292418,-44.76647,2,FC66D29E-8CD8-AE29-A071-33549272C1EE
4.370526,-43.434895,0,FC66D29E-8CD8-AE29-A071-33549272C1EE
4.6142797,-44.287663,0,FC66D29E-8CD8-AE29-A071-33549272C1EE
4.671071,-44.756416,2,FC66D29E-8CD8-AE29-A071-33549272C1EE
4.6873918,-44.952003,2,FC66D29E-8CD8-AE29-A071-33549272C1EE
-0.050866902,70.43643,0,FC66D29E-8CD8-AE29-A071-33549272C1EE
0.15334307,70.7389,0,FC66D29E-8CD8-AE29-A071-33549272C1EE
0.3999202,71.86686,2,FC66D29E-8CD8-AE29-A071-33549272C1EE
0.39580876,72.50218,2,FC66D29E-8CD8-AE29-A071-33549272C1EE
0.38216656,72.984825,2,FC66D29E-8CD8-AE29-A071-33549272C1EE
0.4664183,73.31393,2,FC66D29E-8CD8-AE29-A071-33549272C1EE
-60.907322,-31.493986,2,FFAB0F54-EFF2-FA1A-1892-F9D8ED3C9B31
-59.321423,-34.631683,2,FFAB0F54-EFF2-FA1A-1892-F9D8ED3C9B31
-59.384644,-35.719833,2,FFAB0F54-EFF2-FA1A-1892-F9D8ED3C9B31
-59.58599,-36.66149,2,FFAB0F54-EFF2-FA1A-1892-F9D8ED3C9B31
-59.54339,-37.30516,2,FFAB0F54-EFF2-FA1A-1892-F9D8ED3C9B31
-59.412876,-37.865124,2,FFAB0F54-EFF2-FA1A-1892-F9D8ED3C9B31
-15.561535,-8.330972,2,FFAB0F54-EFF2-FA1A-1892-F9D8ED3C9B31
-15.379416,-8.688037,2,FFAB0F54-EFF2-FA1A-1892-F9D8ED3C9B31
-15.102429,-9.299822,2,FFAB0F54-EFF2-FA1A-1892-F9D8ED3C9B31
-14.769008,-9.970246,0,FFAB0F54-EFF2-FA1A-1892-F9D8ED3C9B31
-41.321068,-11.839087,0,FFAB0F54-EFF2-FA1A-1892-F9D8ED3C9B31
-41.25442,-11.905749,0,FFAB0F54-EFF2-FA1A-1892-F9D8ED3C9B31
-11.197741,53.416508,2,FFAB0F54-EFF2-FA1A-1892-F9D8ED3C9B31
-21.981884,47.314518,2,FFAB0F54-EFF2-FA1A-1892-F9D8ED3C9B31
-22.13844,47.33406,2,FFAB0F54-EFF2-FA1A-1892-F9D8ED3C9B31
-22.956448,47.509624,2,FFAB0F54-EFF2-FA1A-1892-F9D8ED3C9B31
-23.798615,47.162674,2,FFAB0F54-EFF2-FA1A-1892-F9D8ED3C9B31
-23.937464,47.06808,0,FFAB0F54-EFF2-FA1A-1892-F9D8ED3C9B31
-11.170368,-10.87175,0,FFAB0F54-EFF2-FA1A-1892-F9D8ED3C9B31
-11.495403,-11.003583,0,FFAB0F54-EFF2-FA1A-1892-F9D8ED3C9B31
-12.2681265,-11.403548,0,FFAB0F54-EFF2-FA1A-1892-F9D8ED3C9B31
-12.666209,-11.866389,0,FFAB0F54-EFF2-FA1A-1892-F9D8ED3C9B31
-12.678894,-13.213848,0,FFAB0F54-EFF2-FA1A-1892-F9D8ED3C9B31
-12.758824,-13.672918,0,FFAB0F54-EFF2-FA1A-1892-F9D8ED3C9B31
53.589497,-29.249895,0,FFAB0F54-EFF2-FA1A-1892-F9D8ED3C9B31
32.07598,-52.704784,0,FFAB0F54-EFF2-FA1A-1892-F9D8ED3C9B31
32.033333,-52.725384,0,FFAB0F54-EFF2-FA1A-1892-F9D8ED3C9B31
