tsne_x,tsne_y,label_mood,player_id
-44.245228,-31.036236,2,018B0D8D-B5EC-09D6-90ED-550058EBFEAF
-44.264984,-31.043009,2,018B0D8D-B5EC-09D6-90ED-550058EBFEAF
-43.748703,25.717005,2,018B0D8D-B5EC-09D6-90ED-550058EBFEAF
-43.433308,26.11638,2,018B0D8D-B5EC-09D6-90ED-550058EBFEAF
-43.032066,26.440735,2,018B0D8D-B5EC-09D6-90ED-550058EBFEAF
-42.900875,27.503824,2,018B0D8D-B5EC-09D6-90ED-550058EBFEAF
-42.670643,27.60291,2,018B0D8D-B5EC-09D6-90ED-550058EBFEAF
-18.281237,46.816116,2,018B0D8D-B5EC-09D6-90ED-550058EBFEAF
-17.052294,46.216072,2,018B0D8D-B5EC-09D6-90ED-550058EBFEAF
-16.511448,45.79021,2,018B0D8D-B5EC-09D6-90ED-550058EBFEAF
-16.335495,45.669186,0,018B0D8D-B5EC-09D6-90ED-550058EBFEAF
-15.703925,45.41079,0,018B0D8D-B5EC-09D6-90ED-550058EBFEAF
-19.720263,-42.40616,2,018B0D8D-B5EC-09D6-90ED-550058EBFEAF
-19.467056,-43.306698,2,018B0D8D-B5EC-09D6-90ED-550058EBFEAF
-19.21705,-43.77414,2,018B0D8D-B5EC-09D6-90ED-550058EBFEAF
-63.409203,-16.431576,2,018B0D8D-B5EC-09D6-90ED-550058EBFEAF
-63.53866,-17.263376,2,018B0D8D-B5EC-09D6-90ED-550058EBFEAF
-63.49661,-17.468925,2,018B0D8D-B5EC-09D6-90ED-550058EBFEAF
-69.803696,-7.6671476,2,018B0D8D-B5EC-09D6-90ED-550058EBFEAF
-70.105064,-7.7538314,2,018B0D8D-B5EC-09D6-90ED-550058EBFEAF
-70.76548,-8.020911,2,018B0D8D-B5EC-09D6-90ED-550058EBFEAF
-6.615785,23.112675,2,018B0D8D-B5EC-09D6-90ED-550058EBFEAF
-6.1813445,23.395199,2,018B0D8D-B5EC-09D6-90ED-550058EBFEAF
-5.578816,23.79563,2,018B0D8D-B5EC-09D6-90ED-550058EBFEAF
-46.555073,40.348755,2,018B0D8D-B5EC-09D6-90ED-550058EBFEAF
-46.31601,39.636803,2,018B0D8D-B5EC-09D6-90ED-550058EBFEAF
-46.039394,38.66797,2,018B0D8D-B5EC-09D6-90ED-550058EBFEAF
-45.892868,38.22865,2,018B0D8D-B5EC-09D6-90ED-550058EBFEAF
-45.44542,37.307137,0,018B0D8D-B5EC-09D6-90ED-550058EBFEAF
-45.222893,36.826588,0,018B0D8D-B5EC-09D6-90ED-550058EBFEAF
-31.959223,29.131443,0,018B0D8D-B5EC-09D6-90ED-550058EBFEAF
-31.555206,28.779028,0,018B0D8D-B5EC-09D6-90ED-550058EBFEAF
-31.17164,28.47626,0,018B0D8D-B5EC-09D6-90ED-550058EBFEAF
-30.652073,28.150772,0,018B0D8D-B5EC-09D6-90ED-550058EBFEAF
-23.448671,-33.001484,0,018B0D8D-B5EC-09D6-90ED-550058EBFEAF
-23.496212,-32.968906,0,018B0D8D-B5EC-09D6-90ED-550058EBFEAF
-32.258198,-7.505592,0,09FCECC4-F94E-ED69-5E9B-3223B590A149
-30.33796,-7.5761456,0,09FCECC4-F94E-ED69-5E9B-3223B590A149
-29.379004,-8.594615,0,09FCECC4-F94E-ED69-5E9B-3223B590A149
-28.836676,-8.815101,2,09FCECC4-F94E-ED69-5E9B-3223B590A149
-28.374365,-9.778443,2,09FCECC4-F94E-ED69-5E9B-3223B590A149
-28.074787,-10.54307,2,09FCECC4-F94E-ED69-5E9B-3223B590A149
18.167435,-48.880936,1,09FCECC4-F94E-ED69-5E9B-3223B590A149
18.025278,-49.48884,1,09FCECC4-F94E-ED69-5E9B-3223B590A149
18.277048,-49.29698,1,09FCECC4-F94E-ED69-5E9B-3223B590A149
19.117472,-48.68259,1,09FCECC4-F94E-ED69-5E9B-3223B590A149
75.22388,-15.4337435,1,09FCECC4-F94E-ED69-5E9B-3223B590A149
75.20474,-15.438334,0,09FCECC4-F94E-ED69-5E9B-3223B590A149
-33.073704,1.4270651,2,0A221ADF-C99E-307E-7B65-92EF9DABA6C4
-33.197887,1.7636887,2,0A221ADF-C99E-307E-7B65-92EF9DABA6C4
-33.54814,2.6525893,2,0A221ADF-C99E-307E-7B65-92EF9DABA6C4
-33.848232,3.2111278,2,0A221ADF-C99E-307E-7B65-92EF9DABA6C4
-47.384567,30.583536,2,0A221ADF-C99E-307E-7B65-92EF9DABA6C4
-47.182365,30.350117,2,0A221ADF-C99E-307E-7B65-92EF9DABA6C4
55.311253,-0.5247448,2,0A221ADF-C99E-307E-7B65-92EF9DABA6C4
55.558445,-1.084824,2,0A221ADF-C99E-307E-7B65-92EF9DABA6C4
55.580097,-1.1886106,2,0A221ADF-C99E-307E-7B65-92EF9DABA6C4
55.843872,-2.2114637,0,0A221ADF-C99E-307E-7B65-92EF9DABA6C4
56.012478,-3.4314966,0,0A221ADF-C99E-307E-7B65-92EF9DABA6C4
56.060905,-3.9254766,0,0A221ADF-C99E-307E-7B65-92EF9DABA6C4
6.6203957,13.190549,0,0A221ADF-C99E-307E-7B65-92EF9DABA6C4
6.615046,13.175527,0,0A221ADF-C99E-307E-7B65-92EF9DABA6C4
55.797756,-24.267517,0,0A221ADF-C99E-307E-7B65-92EF9DABA6C4
56.168396,-24.992794,2,0A221ADF-C99E-307E-7B65-92EF9DABA6C4
56.370537,-25.509546,2,0A221ADF-C99E-307E-7B65-92EF9DABA6C4
55.89702,-27.525549,0,0A221ADF-C99E-307E-7B65-92EF9DABA6C4
56.25203,-27.258549,0,0A221ADF-C99E-307E-7B65-92EF9DABA6C4
56.870842,-26.908533,0,0A221ADF-C99E-307E-7B65-92EF9DABA6C4
-5.7869196,-6.3446293,0,0A221ADF-C99E-307E-7B65-92EF9DABA6C4
-5.514453,-6.595187,0,0A221ADF-C99E-307E-7B65-92EF9DABA6C4
-4.8232994,-7.190597,2,0A221ADF-C99E-307E-7B65-92EF9DABA6C4
-4.2245116,-7.681423,2,0A221ADF-C99E-307E-7B65-92EF9DABA6C4
-27.208382,0.3676178,0,0A221ADF-C99E-307E-7B65-92EF9DABA6C4
-27.364492,-0.2579168,0,0A221ADF-C99E-307E-7B65-92EF9DABA6C4
-27.445816,-0.7988421,2,0A221ADF-C99E-307E-7B65-92EF9DABA6C4
-11.534908,-20.28469,2,0A221ADF-C99E-307E-7B65-92EF9DABA6C4
-11.073834,-20.252733,2,0A221ADF-C99E-307E-7B65-92EF9DABA6C4
-10.21195,-20.293074,2,0A221ADF-C99E-307E-7B65-92EF9DABA6C4
-43.248085,-9.75775,2,0A221ADF-C99E-307E-7B65-92EF9DABA6C4
-42.70722,-10.732423,2,0A221ADF-C99E-307E-7B65-92EF9DABA6C4
-42.265263,-11.092026,2,0A221ADF-C99E-307E-7B65-92EF9DABA6C4
-41.6009,-11.075725,0,0A221ADF-C99E-307E-7B65-92EF9DABA6C4
0.87250704,-24.689507,0,0A221ADF-C99E-307E-7B65-92EF9DABA6C4
0.8729143,-24.70052,0,0A221ADF-C99E-307E-7B65-92EF9DABA6C4
-45.946434,-6.563793,0,0A76B59A-F1FF-F3F5-A3CA-2386FA8EF308
-46.581337,-6.134439,2,0A76B59A-F1FF-F3F5-A3CA-2386FA8EF308
-46.771877,-6.071431,2,0A76B59A-F1FF-F3F5-A3CA-2386FA8EF308
-48.41841,-5.699467,2,0A76B59A-F1FF-F3F5-A3CA-2386FA8EF308
-16.804184,11.563244,2,0A76B59A-F1FF-F3F5-A3CA-2386FA8EF308
-16.10158,11.99482,2,0A76B59A-F1FF-F3F5-A3CA-2386FA8EF308
-15.907633,12.087376,2,0A76B59A-F1FF-F3F5-A3CA-2386FA8EF308
-16.159996,13.940651,2,0A76B59A-F1FF-F3F5-A3CA-2386FA8EF308
-16.627113,14.795386,0,0A76B59A-F1FF-F3F5-A3CA-2386FA8EF308
-17.217417,15.576025,0,0A76B59A-F1FF-F3F5-A3CA-2386FA8EF308
-17.570797,16.098259,0,0A76B59A-F1FF-F3F5-A3CA-2386FA8EF308
-17.999899,16.708433,2,0A76B59A-F1FF-F3F5-A3CA-2386FA8EF308
-20.219639,-26.265394,0,0A76B59A-F1FF-F3F5-A3CA-2386FA8EF308
-20.255209,-26.252611,0,0A76B59A-F1FF-F3F5-A3CA-2386FA8EF308
-30.386633,24.27515,0,0A76B59A-F1FF-F3F5-A3CA-2386FA8EF308
-30.778196,24.233765,0,0A76B59A-F1FF-F3F5-A3CA-2386FA8EF308
-31.866507,24.127789,0,0A76B59A-F1FF-F3F5-A3CA-2386FA8EF308
-32.341866,23.91083,0,0A76B59A-F1FF-F3F5-A3CA-2386FA8EF308
-33.84093,22.526257,0,0A76B59A-F1FF-F3F5-A3CA-2386FA8EF308
-34.037067,22.349957,0,0A76B59A-F1FF-F3F5-A3CA-2386FA8EF308
7.174237,9.529455,0,0A76B59A-F1FF-F3F5-A3CA-2386FA8EF308
6.582095,9.60348,2,0A76B59A-F1FF-F3F5-A3CA-2386FA8EF308
5.9139185,9.684502,2,0A76B59A-F1FF-F3F5-A3CA-2386FA8EF308
5.490492,9.703833,2,0A76B59A-F1FF-F3F5-A3CA-2386FA8EF308
30.14319,-26.00945,0,0A76B59A-F1FF-F3F5-A3CA-2386FA8EF308
30.19117,-26.171152,0,0A76B59A-F1FF-F3F5-A3CA-2386FA8EF308
30.780218,-27.993383,2,0A76B59A-F1FF-F3F5-A3CA-2386FA8EF308
31.170307,-28.32162,2,0A76B59A-F1FF-F3F5-A3CA-2386FA8EF308
30.902319,-28.628277,2,0A76B59A-F1FF-F3F5-A3CA-2386FA8EF308
30.433565,-29.175283,2,0A76B59A-F1FF-F3F5-A3CA-2386FA8EF308
4.1915345,-3.4003713,2,0A76B59A-F1FF-F3F5-A3CA-2386FA8EF308
4.324714,-3.3475132,2,0A76B59A-F1FF-F3F5-A3CA-2386FA8EF308
5.256904,-3.3720098,2,0A76B59A-F1FF-F3F5-A3CA-2386FA8EF308
6.086059,-3.61997,0,0A76B59A-F1FF-F3F5-A3CA-2386FA8EF308
17.243391,-5.8853755,0,0A76B59A-F1FF-F3F5-A3CA-2386FA8EF308
17.287086,-5.808718,0,0A76B59A-F1FF-F3F5-A3CA-2386FA8EF308
-1.8514004,14.854799,2,0AD33010-1AC1-E9FB-2FD4-313E3DF4692D
-2.2864077,14.816641,1,0AD33010-1AC1-E9FB-2FD4-313E3DF4692D
-2.8298938,14.743045,1,0AD33010-1AC1-E9FB-2FD4-313E3DF4692D
-3.2706687,14.743406,0,0AD33010-1AC1-E9FB-2FD4-313E3DF4692D
-16.945711,-7.052533,0,0AD33010-1AC1-E9FB-2FD4-313E3DF4692D
-13.061587,-25.223759,0,0AD33010-1AC1-E9FB-2FD4-313E3DF4692D
-9.450755,-4.0870748,1,0AD33010-1AC1-E9FB-2FD4-313E3DF4692D
-10.003552,-4.1511083,1,0AD33010-1AC1-E9FB-2FD4-313E3DF4692D
-10.795303,-4.483612,0,0AD33010-1AC1-E9FB-2FD4-313E3DF4692D
41.11886,46.56385,0,0AD33010-1AC1-E9FB-2FD4-313E3DF4692D
41.37106,45.743896,0,0AD33010-1AC1-E9FB-2FD4-313E3DF4692D
41.43066,45.55076,0,0AD33010-1AC1-E9FB-2FD4-313E3DF4692D
-47.65665,18.388678,1,0AD33010-1AC1-E9FB-2FD4-313E3DF4692D
-46.957825,19.113535,2,0AD33010-1AC1-E9FB-2FD4-313E3DF4692D
-46.491352,18.613726,2,0AD33010-1AC1-E9FB-2FD4-313E3DF4692D
-46.466877,18.450098,2,0AD33010-1AC1-E9FB-2FD4-313E3DF4692D
-29.981318,-6.47683,2,0AD33010-1AC1-E9FB-2FD4-313E3DF4692D
22.5335,35.073093,2,0AD33010-1AC1-E9FB-2FD4-313E3DF4692D
-34.653843,38.254524,1,0AD33010-1AC1-E9FB-2FD4-313E3DF4692D
-35.050694,38.54574,0,0AD33010-1AC1-E9FB-2FD4-313E3DF4692D
-35.256725,38.717087,0,0AD33010-1AC1-E9FB-2FD4-313E3DF4692D
-1.9494333,-4.9053454,0,0AD33010-1AC1-E9FB-2FD4-313E3DF4692D
-1.8027779,-4.634967,0,0AD33010-1AC1-E9FB-2FD4-313E3DF4692D
-1.5300349,-4.0367193,0,0AD33010-1AC1-E9FB-2FD4-313E3DF4692D
13.681527,54.47978,1,0AD33010-1AC1-E9FB-2FD4-313E3DF4692D
13.670024,54.484818,1,0AD33010-1AC1-E9FB-2FD4-313E3DF4692D
-43.278355,-35.25084,0,0B5863F1-A482-C95D-EA42-9183B5BDFA12
-42.688587,-34.887505,0,0B5863F1-A482-C95D-EA42-9183B5BDFA12
-42.449093,-34.730953,0,0B5863F1-A482-C95D-EA42-9183B5BDFA12
-62.224117,11.474363,1,0B5863F1-A482-C95D-EA42-9183B5BDFA12
-61.872654,11.331504,2,0B5863F1-A482-C95D-EA42-9183B5BDFA12
-61.41981,11.13609,2,0B5863F1-A482-C95D-EA42-9183B5BDFA12
-18.882393,-9.410186,0,0B5863F1-A482-C95D-EA42-9183B5BDFA12
-19.400143,-9.007361,0,0B5863F1-A482-C95D-EA42-9183B5BDFA12
-19.681982,-8.737706,2,0B5863F1-A482-C95D-EA42-9183B5BDFA12
-20.664953,-7.9687347,2,0B5863F1-A482-C95D-EA42-9183B5BDFA12
-20.759228,-7.847127,2,0B5863F1-A482-C95D-EA42-9183B5BDFA12
-24.16978,21.98944,2,0B5863F1-A482-C95D-EA42-9183B5BDFA12
-19.731394,4.0773487,2,0B5863F1-A482-C95D-EA42-9183B5BDFA12
-19.890104,4.283087,2,0B5863F1-A482-C95D-EA42-9183B5BDFA12
-21.416843,6.4503365,2,0B5863F1-A482-C95D-EA42-9183B5BDFA12
-21.460962,6.519292,2,0B5863F1-A482-C95D-EA42-9183B5BDFA12
-43.994144,18.509256,2,0B5863F1-A482-C95D-EA42-9183B5BDFA12
-42.78177,18.5223,1,0B5863F1-A482-C95D-EA42-9183B5BDFA12
-43.102825,17.459059,1,0B5863F1-A482-C95D-EA42-9183B5BDFA12
-43.029877,17.167212,1,0B5863F1-A482-C95D-EA42-9183B5BDFA12
-42.023586,16.461182,0,0B5863F1-A482-C95D-EA42-9183B5BDFA12
-41.23596,16.018581,0,0B5863F1-A482-C95D-EA42-9183B5BDFA12
-40.900166,15.906689,0,0B5863F1-A482-C95D-EA42-9183B5BDFA12
-16.82911,4.3821445,0,0B5863F1-A482-C95D-EA42-9183B5BDFA12
-39.834797,-9.842113,2,0D759376-3F10-1BEB-7205-E91B8BF17984
-39.213974,-9.524153,2,0D759376-3F10-1BEB-7205-E91B8BF17984
-38.79777,-9.243066,2,0D759376-3F10-1BEB-7205-E91B8BF17984
-38.34734,-8.368956,2,0D759376-3F10-1BEB-7205-E91B8BF17984
-37.46896,-7.912999,2,0D759376-3F10-1BEB-7205-E91B8BF17984
-36.67658,-7.952629,2,0D759376-3F10-1BEB-7205-E91B8BF17984
-43.23862,-15.3950205,2,0D759376-3F10-1BEB-7205-E91B8BF17984
-42.61406,-15.878261,2,0D759376-3F10-1BEB-7205-E91B8BF17984
-24.608755,-9.492818,2,0D759376-3F10-1BEB-7205-E91B8BF17984
-24.188662,-9.381819,2,0D759376-3F10-1BEB-7205-E91B8BF17984
-7.4820576,15.520837,2,0D759376-3F10-1BEB-7205-E91B8BF17984
-7.490808,15.51785,2,0D759376-3F10-1BEB-7205-E91B8BF17984
-26.82454,45.162006,2,0D759376-3F10-1BEB-7205-E91B8BF17984
-26.833265,45.136963,2,0D759376-3F10-1BEB-7205-E91B8BF17984
40.712452,37.60895,2,0F3B2D98-51FE-5265-3746-A0763DE31C98
40.530815,38.16499,2,0F3B2D98-51FE-5265-3746-A0763DE31C98
40.28358,38.742073,2,0F3B2D98-51FE-5265-3746-A0763DE31C98
39.951836,39.93651,2,0F3B2D98-51FE-5265-3746-A0763DE31C98
39.854874,40.438354,2,0F3B2D98-51FE-5265-3746-A0763DE31C98
39.77476,41.059605,2,0F3B2D98-51FE-5265-3746-A0763DE31C98
16.383202,-36.33948,2,0F3B2D98-51FE-5265-3746-A0763DE31C98
16.253283,-35.77045,2,0F3B2D98-51FE-5265-3746-A0763DE31C98
16.195168,-35.56004,2,0F3B2D98-51FE-5265-3746-A0763DE31C98
-65.138565,-36.12687,1,0F3B2D98-51FE-5265-3746-A0763DE31C98
-64.05565,-37.397636,1,0F3B2D98-51FE-5265-3746-A0763DE31C98
-63.968693,-37.470146,2,0F3B2D98-51FE-5265-3746-A0763DE31C98
39.44042,0.31854814,2,0F3B2D98-51FE-5265-3746-A0763DE31C98
39.651253,0.42929977,2,0F3B2D98-51FE-5265-3746-A0763DE31C98
40.433308,0.8339763,1,0F3B2D98-51FE-5265-3746-A0763DE31C98
70.61963,33.17904,1,0F3B2D98-51FE-5265-3746-A0763DE31C98
70.301956,33.394585,1,0F3B2D98-51FE-5265-3746-A0763DE31C98
70.094,33.52426,1,0F3B2D98-51FE-5265-3746-A0763DE31C98
43.46469,1.8198161,2,0F3B2D98-51FE-5265-3746-A0763DE31C98
43.46811,1.8330426,0,0F3B2D98-51FE-5265-3746-A0763DE31C98
-32.86465,-19.512247,2,14027B3A-0AD6-CBA3-A600-42B3C0A4D933
-32.85692,-19.53612,2,14027B3A-0AD6-CBA3-A600-42B3C0A4D933
-1.5807536,-36.751865,2,14027B3A-0AD6-CBA3-A600-42B3C0A4D933
-1.662853,-36.601982,2,14027B3A-0AD6-CBA3-A600-42B3C0A4D933
-2.281916,-35.52197,2,14027B3A-0AD6-CBA3-A600-42B3C0A4D933
-2.3844776,-35.360703,2,14027B3A-0AD6-CBA3-A600-42B3C0A4D933
40.32561,-12.107972,0,14027B3A-0AD6-CBA3-A600-42B3C0A4D933
40.301632,-12.139588,0,14027B3A-0AD6-CBA3-A600-42B3C0A4D933
-39.0487,-53.267014,2,14027B3A-0AD6-CBA3-A600-42B3C0A4D933
-39.762043,-53.924915,2,14027B3A-0AD6-CBA3-A600-42B3C0A4D933
-40.0536,-54.22714,2,14027B3A-0AD6-CBA3-A600-42B3C0A4D933
-40.39253,-54.548977,2,14027B3A-0AD6-CBA3-A600-42B3C0A4D933
42.87523,33.82774,2,14027B3A-0AD6-CBA3-A600-42B3C0A4D933
43.528366,34.24687,2,14027B3A-0AD6-CBA3-A600-42B3C0A4D933
44.19774,34.833458,0,14027B3A-0AD6-CBA3-A600-42B3C0A4D933
44.579792,35.14145,0,14027B3A-0AD6-CBA3-A600-42B3C0A4D933
44.89178,35.2758,0,14027B3A-0AD6-CBA3-A600-42B3C0A4D933
45.694954,35.749622,0,14027B3A-0AD6-CBA3-A600-42B3C0A4D933
15.215544,25.796684,0,14027B3A-0AD6-CBA3-A600-42B3C0A4D933
15.823363,25.969122,0,14027B3A-0AD6-CBA3-A600-42B3C0A4D933
17.10606,26.389133,0,14027B3A-0AD6-CBA3-A600-42B3C0A4D933
17.870653,26.719728,2,14027B3A-0AD6-CBA3-A600-42B3C0A4D933
18.355822,26.981031,2,14027B3A-0AD6-CBA3-A600-42B3C0A4D933
18.896217,27.285936,2,14027B3A-0AD6-CBA3-A600-42B3C0A4D933
53.025925,16.276505,2,14027B3A-0AD6-CBA3-A600-42B3C0A4D933
52.665142,16.154873,2,14027B3A-0AD6-CBA3-A600-42B3C0A4D933
51.8671,16.318266,2,14027B3A-0AD6-CBA3-A600-42B3C0A4D933
51.415016,16.385792,2,14027B3A-0AD6-CBA3-A600-42B3C0A4D933
8.365145,-5.0697565,2,14027B3A-0AD6-CBA3-A600-42B3C0A4D933
8.378028,-5.686582,2,14027B3A-0AD6-CBA3-A600-42B3C0A4D933
8.535602,-6.3223696,2,14027B3A-0AD6-CBA3-A600-42B3C0A4D933
8.141517,-6.440121,2,14027B3A-0AD6-CBA3-A600-42B3C0A4D933
-43.953423,-18.065317,1,165B40B2-D9B2-DBC0-AE48-02C0F49A609F
-44.008675,-17.968124,1,165B40B2-D9B2-DBC0-AE48-02C0F49A609F
-39.86605,-1.7489078,1,165B40B2-D9B2-DBC0-AE48-02C0F49A609F
43.82485,50.791862,1,165B40B2-D9B2-DBC0-AE48-02C0F49A609F
44.70809,50.849968,1,165B40B2-D9B2-DBC0-AE48-02C0F49A609F
45.080894,50.878635,1,165B40B2-D9B2-DBC0-AE48-02C0F49A609F
-10.2175865,-49.622715,2,165B40B2-D9B2-DBC0-AE48-02C0F49A609F
36.752094,-9.674625,2,165B40B2-D9B2-DBC0-AE48-02C0F49A609F
36.96835,-9.401618,2,165B40B2-D9B2-DBC0-AE48-02C0F49A609F
37.603947,-8.532489,2,165B40B2-D9B2-DBC0-AE48-02C0F49A609F
38.046295,-7.8904643,2,165B40B2-D9B2-DBC0-AE48-02C0F49A609F
38.062443,-7.867452,2,165B40B2-D9B2-DBC0-AE48-02C0F49A609F
-7.4860997,-21.691187,1,172A62AD-9B69-33E2-1551-9526879D80AC
-7.727073,-21.503288,2,172A62AD-9B69-33E2-1551-9526879D80AC
-8.227136,-21.367334,2,172A62AD-9B69-33E2-1551-9526879D80AC
-19.82073,19.979557,2,172A62AD-9B69-33E2-1551-9526879D80AC
-20.059599,20.403755,2,172A62AD-9B69-33E2-1551-9526879D80AC
-20.42683,21.03018,0,172A62AD-9B69-33E2-1551-9526879D80AC
1.4316753,3.291575,2,172A62AD-9B69-33E2-1551-9526879D80AC
0.4163948,3.3384798,2,172A62AD-9B69-33E2-1551-9526879D80AC
0.023487568,3.2896085,2,172A62AD-9B69-33E2-1551-9526879D80AC
-1.0062513,2.996711,2,172A62AD-9B69-33E2-1551-9526879D80AC
-1.8892487,2.6762793,2,172A62AD-9B69-33E2-1551-9526879D80AC
-2.011569,2.6465716,2,172A62AD-9B69-33E2-1551-9526879D80AC
-50.187843,26.962673,2,172A62AD-9B69-33E2-1551-9526879D80AC
-23.613905,-51.18995,0,172A62AD-9B69-33E2-1551-9526879D80AC
-23.519403,-51.25235,0,172A62AD-9B69-33E2-1551-9526879D80AC
-20.756874,-52.354218,2,172A62AD-9B69-33E2-1551-9526879D80AC
-19.785625,-52.2686,2,172A62AD-9B69-33E2-1551-9526879D80AC
-19.506262,-52.215996,2,172A62AD-9B69-33E2-1551-9526879D80AC
42.2061,8.842829,2,172A62AD-9B69-33E2-1551-9526879D80AC
42.228657,8.811652,2,172A62AD-9B69-33E2-1551-9526879D80AC
-1.9065264,-17.187841,0,1AE03BA6-E346-DEB8-4865-276ECC5CD9B1
-1.3804731,-17.069862,2,1AE03BA6-E346-DEB8-4865-276ECC5CD9B1
-1.1515112,-16.871264,2,1AE03BA6-E346-DEB8-4865-276ECC5CD9B1
-0.02485174,-14.882282,2,1AE03BA6-E346-DEB8-4865-276ECC5CD9B1
0.32260865,-14.317131,0,1AE03BA6-E346-DEB8-4865-276ECC5CD9B1
0.53814805,-13.957511,0,1AE03BA6-E346-DEB8-4865-276ECC5CD9B1
18.249586,-31.715914,2,1AE03BA6-E346-DEB8-4865-276ECC5CD9B1
17.938032,-31.645164,1,1AE03BA6-E346-DEB8-4865-276ECC5CD9B1
17.568806,-31.53036,1,1AE03BA6-E346-DEB8-4865-276ECC5CD9B1
36.969315,61.67358,1,1AE03BA6-E346-DEB8-4865-276ECC5CD9B1
36.952385,61.049255,1,1AE03BA6-E346-DEB8-4865-276ECC5CD9B1
36.975945,60.462696,1,1AE03BA6-E346-DEB8-4865-276ECC5CD9B1
37.020878,60.006763,1,1AE03BA6-E346-DEB8-4865-276ECC5CD9B1
37.140945,59.48207,1,1AE03BA6-E346-DEB8-4865-276ECC5CD9B1
37.49726,58.053307,1,1AE03BA6-E346-DEB8-4865-276ECC5CD9B1
12.835302,14.512393,1,1AE03BA6-E346-DEB8-4865-276ECC5CD9B1
12.181861,14.606214,1,1AE03BA6-E346-DEB8-4865-276ECC5CD9B1
11.8757105,14.605165,1,1AE03BA6-E346-DEB8-4865-276ECC5CD9B1
38.97785,-3.7072842,2,1AE03BA6-E346-DEB8-4865-276ECC5CD9B1
38.974174,-3.7012336,2,1AE03BA6-E346-DEB8-4865-276ECC5CD9B1
-65.88364,-20.428316,2,1F6A56CA-9C73-442F-2682-BB69E4B03AB2
-65.55106,-20.45442,2,1F6A56CA-9C73-442F-2682-BB69E4B03AB2
-64.65887,-20.909746,2,1F6A56CA-9C73-442F-2682-BB69E4B03AB2
-3.9732203,-31.160854,2,1F6A56CA-9C73-442F-2682-BB69E4B03AB2
-4.047311,-30.071943,2,1F6A56CA-9C73-442F-2682-BB69E4B03AB2
-4.100712,-29.664583,2,1F6A56CA-9C73-442F-2682-BB69E4B03AB2
-49.76051,-45.212414,2,1F6A56CA-9C73-442F-2682-BB69E4B03AB2
-49.587082,-45.489063,0,1F6A56CA-9C73-442F-2682-BB69E4B03AB2
-49.112553,-46.195534,0,1F6A56CA-9C73-442F-2682-BB69E4B03AB2
-36.08966,13.439861,0,1F6A56CA-9C73-442F-2682-BB69E4B03AB2
-36.345184,14.6901655,0,1F6A56CA-9C73-442F-2682-BB69E4B03AB2
-36.411427,14.7593975,2,1F6A56CA-9C73-442F-2682-BB69E4B03AB2
-15.327574,26.623533,0,1F6A56CA-9C73-442F-2682-BB69E4B03AB2
-15.529365,25.876347,2,1F6A56CA-9C73-442F-2682-BB69E4B03AB2
-15.608082,25.572805,2,1F6A56CA-9C73-442F-2682-BB69E4B03AB2
-16.146608,24.332924,2,1F6A56CA-9C73-442F-2682-BB69E4B03AB2
-16.316017,23.901228,2,1F6A56CA-9C73-442F-2682-BB69E4B03AB2
-16.60962,22.92931,2,1F6A56CA-9C73-442F-2682-BB69E4B03AB2
48.775116,10.462148,0,1F6A56CA-9C73-442F-2682-BB69E4B03AB2
48.692055,10.483248,0,1F6A56CA-9C73-442F-2682-BB69E4B03AB2
-53.828487,38.71544,2,1F6A56CA-9C73-442F-2682-BB69E4B03AB2
-54.08778,38.228336,2,1F6A56CA-9C73-442F-2682-BB69E4B03AB2
-54.34168,37.655594,2,1F6A56CA-9C73-442F-2682-BB69E4B03AB2
-54.603718,36.94243,2,1F6A56CA-9C73-442F-2682-BB69E4B03AB2
-21.974977,-29.689592,2,1FA97947-2FB7-D626-8CD3-2426BEEE97D1
-27.568628,-68.0535,2,1FA97947-2FB7-D626-8CD3-2426BEEE97D1
-27.572067,-68.71486,2,1FA97947-2FB7-D626-8CD3-2426BEEE97D1
-27.498621,-69.28964,2,1FA97947-2FB7-D626-8CD3-2426BEEE97D1
-28.04347,-69.42352,2,1FA97947-2FB7-D626-8CD3-2426BEEE97D1
-28.372871,-69.861275,2,1FA97947-2FB7-D626-8CD3-2426BEEE97D1
-29.385195,39.93032,1,1FA97947-2FB7-D626-8CD3-2426BEEE97D1
-29.344667,39.942646,1,1FA97947-2FB7-D626-8CD3-2426BEEE97D1
4.106624,26.76648,1,1FA97947-2FB7-D626-8CD3-2426BEEE97D1
4.872633,27.376951,1,1FA97947-2FB7-D626-8CD3-2426BEEE97D1
5.323414,27.765253,1,1FA97947-2FB7-D626-8CD3-2426BEEE97D1
6.0877266,28.705538,1,1FA97947-2FB7-D626-8CD3-2426BEEE97D1
29.414394,17.240564,1,1FA97947-2FB7-D626-8CD3-2426BEEE97D1
29.111204,17.13527,1,1FA97947-2FB7-D626-8CD3-2426BEEE97D1
28.293095,16.834038,1,1FA97947-2FB7-D626-8CD3-2426BEEE97D1
27.289486,16.818665,1,1FA97947-2FB7-D626-8CD3-2426BEEE97D1
21.325636,40.070236,1,1FA97947-2FB7-D626-8CD3-2426BEEE97D1
21.314472,40.0735,1,1FA97947-2FB7-D626-8CD3-2426BEEE97D1
-4.0041895,-47.370506,2,1FA97947-2FB7-D626-8CD3-2426BEEE97D1
23.15976,6.836291,2,2656C6B4-988A-A958-5107-5422027AEE1D
24.214565,6.688328,2,2656C6B4-988A-A958-5107-5422027AEE1D
24.731451,6.4379582,2,2656C6B4-988A-A958-5107-5422027AEE1D
25.470854,5.4070234,2,2656C6B4-988A-A958-5107-5422027AEE1D
25.910484,5.0477543,2,2656C6B4-988A-A958-5107-5422027AEE1D
26.32358,4.8569746,2,2656C6B4-988A-A958-5107-5422027AEE1D
12.811229,7.1075153,2,2656C6B4-988A-A958-5107-5422027AEE1D
12.554344,7.2739487,2,2656C6B4-988A-A958-5107-5422027AEE1D
12.034758,7.5880075,2,2656C6B4-988A-A958-5107-5422027AEE1D
-35.378372,53.490265,2,2656C6B4-988A-A958-5107-5422027AEE1D
-35.46505,53.66835,0,2656C6B4-988A-A958-5107-5422027AEE1D
-35.7057,54.25371,0,2656C6B4-988A-A958-5107-5422027AEE1D
31.59738,38.368763,0,2656C6B4-988A-A958-5107-5422027AEE1D
69.420815,-31.654667,0,2656C6B4-988A-A958-5107-5422027AEE1D
68.82885,-31.42852,0,2656C6B4-988A-A958-5107-5422027AEE1D
68.599815,-31.232386,0,2656C6B4-988A-A958-5107-5422027AEE1D
68.98796,-29.80168,0,2656C6B4-988A-A958-5107-5422027AEE1D
68.961914,-29.531654,0,2656C6B4-988A-A958-5107-5422027AEE1D
-47.29947,-32.071922,0,27C12E79-B4DD-AA48-E99E-552C6BAEBA6F
-47.270813,-31.820074,2,27C12E79-B4DD-AA48-E99E-552C6BAEBA6F
-47.161694,-30.899046,2,27C12E79-B4DD-AA48-E99E-552C6BAEBA6F
-37.596397,-18.930986,2,27C12E79-B4DD-AA48-E99E-552C6BAEBA6F
-36.98471,-18.787859,2,27C12E79-B4DD-AA48-E99E-552C6BAEBA6F
-36.708538,-18.746868,2,27C12E79-B4DD-AA48-E99E-552C6BAEBA6F
2.2861109,-64.68059,2,27C12E79-B4DD-AA48-E99E-552C6BAEBA6F
3.0500667,-64.60141,0,27C12E79-B4DD-AA48-E99E-552C6BAEBA6F
3.5451353,-64.53389,0,27C12E79-B4DD-AA48-E99E-552C6BAEBA6F
5.547412,-64.118256,0,27C12E79-B4DD-AA48-E99E-552C6BAEBA6F
5.7060757,-64.05074,0,27C12E79-B4DD-AA48-E99E-552C6BAEBA6F
6.5002866,-63.769047,0,27C12E79-B4DD-AA48-E99E-552C6BAEBA6F
75.74419,-28.196869,2,27C12E79-B4DD-AA48-E99E-552C6BAEBA6F
74.95387,-27.235773,2,27C12E79-B4DD-AA48-E99E-552C6BAEBA6F
74.62918,-27.088854,2,27C12E79-B4DD-AA48-E99E-552C6BAEBA6F
74.83981,-25.569094,2,27C12E79-B4DD-AA48-E99E-552C6BAEBA6F
74.85479,-24.345472,2,27C12E79-B4DD-AA48-E99E-552C6BAEBA6F
74.87219,-24.065184,2,27C12E79-B4DD-AA48-E99E-552C6BAEBA6F
-49.812817,47.545235,2,27C12E79-B4DD-AA48-E99E-552C6BAEBA6F
-49.896645,47.574566,0,27C12E79-B4DD-AA48-E99E-552C6BAEBA6F
-52.68808,48.733986,0,27C12E79-B4DD-AA48-E99E-552C6BAEBA6F
-53.531105,48.972633,0,27C12E79-B4DD-AA48-E99E-552C6BAEBA6F
-54.594837,49.14301,0,27C12E79-B4DD-AA48-E99E-552C6BAEBA6F
-54.792206,49.17371,2,27C12E79-B4DD-AA48-E99E-552C6BAEBA6F
-54.986774,-20.42018,0,2C636222-CB43-AB6F-444A-7278047991C7
-54.981068,-20.439453,0,2C636222-CB43-AB6F-444A-7278047991C7
-27.227337,20.90828,0,2C636222-CB43-AB6F-444A-7278047991C7
-27.142368,20.980452,0,2C636222-CB43-AB6F-444A-7278047991C7
-25.696732,22.33432,0,2C636222-CB43-AB6F-444A-7278047991C7
-25.596668,22.359158,0,2C636222-CB43-AB6F-444A-7278047991C7
11.7430525,-2.292342,0,2C636222-CB43-AB6F-444A-7278047991C7
28.159622,66.29802,0,2C636222-CB43-AB6F-444A-7278047991C7
28.304543,66.19442,0,2C636222-CB43-AB6F-444A-7278047991C7
28.994001,65.597565,0,2C636222-CB43-AB6F-444A-7278047991C7
29.857765,64.86826,0,2C636222-CB43-AB6F-444A-7278047991C7
30.104233,64.64739,0,2C636222-CB43-AB6F-444A-7278047991C7
-35.51945,-49.786324,0,2C636222-CB43-AB6F-444A-7278047991C7
-34.821983,-49.06388,0,2C636222-CB43-AB6F-444A-7278047991C7
-34.54354,-48.820816,0,2C636222-CB43-AB6F-444A-7278047991C7
-33.872803,-48.41332,0,2C636222-CB43-AB6F-444A-7278047991C7
-15.51231,-43.038094,0,2C636222-CB43-AB6F-444A-7278047991C7
-15.499567,-43.026237,0,2C636222-CB43-AB6F-444A-7278047991C7
-35.531338,7.9179897,1,2C636222-CB43-AB6F-444A-7278047991C7
-34.716248,7.61315,1,2C636222-CB43-AB6F-444A-7278047991C7
-34.396675,7.4645085,1,2C636222-CB43-AB6F-444A-7278047991C7
-6.307162,-39.6959,0,2C636222-CB43-AB6F-444A-7278047991C7
-6.859327,-40.437454,0,2C636222-CB43-AB6F-444A-7278047991C7
-6.992238,-40.598396,0,2C636222-CB43-AB6F-444A-7278047991C7
-5.3883996,41.95177,1,2C636222-CB43-AB6F-444A-7278047991C7
-6.3534718,41.902843,0,2C636222-CB43-AB6F-444A-7278047991C7
-6.6459327,41.89419,0,2C636222-CB43-AB6F-444A-7278047991C7
41.34947,19.878147,0,2C636222-CB43-AB6F-444A-7278047991C7
40.77296,20.132885,0,2C636222-CB43-AB6F-444A-7278047991C7
40.007896,20.367043,0,2C636222-CB43-AB6F-444A-7278047991C7
39.026096,20.740118,0,2C636222-CB43-AB6F-444A-7278047991C7
38.53809,21.057955,0,2C636222-CB43-AB6F-444A-7278047991C7
38.3086,21.841864,1,2C636222-CB43-AB6F-444A-7278047991C7
38.65253,22.78995,0,2C636222-CB43-AB6F-444A-7278047991C7
38.687057,25.08745,0,2C636222-CB43-AB6F-444A-7278047991C7
38.706726,25.500072,0,2C636222-CB43-AB6F-444A-7278047991C7
-22.57365,-11.364224,2,35FEE4B0-EF25-110F-8D86-5410FA57646B
-22.53182,-11.4252615,2,35FEE4B0-EF25-110F-8D86-5410FA57646B
-50.82073,-0.62561303,2,35FEE4B0-EF25-110F-8D86-5410FA57646B
-50.854515,-0.6349747,2,35FEE4B0-EF25-110F-8D86-5410FA57646B
-52.97311,-1.1298397,2,35FEE4B0-EF25-110F-8D86-5410FA57646B
-52.984985,-1.1487206,2,35FEE4B0-EF25-110F-8D86-5410FA57646B
-41.13488,-31.380438,1,37249306-1597-DC6D-3544-6FEDBBF8B848
-41.055256,-31.352299,2,37249306-1597-DC6D-3544-6FEDBBF8B848
-44.613064,-1.4505061,2,37249306-1597-DC6D-3544-6FEDBBF8B848
-44.2557,-0.5686636,2,37249306-1597-DC6D-3544-6FEDBBF8B848
-44.03175,-0.07537357,2,37249306-1597-DC6D-3544-6FEDBBF8B848
-43.931293,0.13400957,2,37249306-1597-DC6D-3544-6FEDBBF8B848
8.01275,34.934315,2,37249306-1597-DC6D-3544-6FEDBBF8B848
7.57164,34.715366,2,37249306-1597-DC6D-3544-6FEDBBF8B848
7.0788903,34.487774,0,37249306-1597-DC6D-3544-6FEDBBF8B848
5.713942,33.892624,0,37249306-1597-DC6D-3544-6FEDBBF8B848
5.527284,33.801872,0,37249306-1597-DC6D-3544-6FEDBBF8B848
0.7341635,17.28513,0,37249306-1597-DC6D-3544-6FEDBBF8B848
-4.71198,18.022999,1,37249306-1597-DC6D-3544-6FEDBBF8B848
38.931217,4.898539,1,37249306-1597-DC6D-3544-6FEDBBF8B848
40.095036,5.1524057,2,37249306-1597-DC6D-3544-6FEDBBF8B848
40.733387,5.293045,2,37249306-1597-DC6D-3544-6FEDBBF8B848
41.430714,5.417624,2,37249306-1597-DC6D-3544-6FEDBBF8B848
41.387325,5.256221,2,37249306-1597-DC6D-3544-6FEDBBF8B848
-5.7247148,-2.8754852,0,37249306-1597-DC6D-3544-6FEDBBF8B848
-0.98183304,-73.88327,0,37249306-1597-DC6D-3544-6FEDBBF8B848
-1.2795302,-73.46453,0,37249306-1597-DC6D-3544-6FEDBBF8B848
-1.8831611,-72.62922,0,37249306-1597-DC6D-3544-6FEDBBF8B848
-2.3007538,-72.05034,2,37249306-1597-DC6D-3544-6FEDBBF8B848
-2.5273092,-71.738434,2,37249306-1597-DC6D-3544-6FEDBBF8B848
53.11169,-17.258034,0,37249306-1597-DC6D-3544-6FEDBBF8B848
53.09042,-17.251215,0,37249306-1597-DC6D-3544-6FEDBBF8B848
-32.404713,-1.328954,1,3C54E0F5-9C12-3137-9EC1-39645770F53A
-32.47221,-1.3171452,1,3C54E0F5-9C12-3137-9EC1-39645770F53A
-31.047522,-0.74506193,1,3C54E0F5-9C12-3137-9EC1-39645770F53A
-30.955912,-0.77870435,1,3C54E0F5-9C12-3137-9EC1-39645770F53A
-25.259783,-22.345959,1,3C54E0F5-9C12-3137-9EC1-39645770F53A
-25.134037,-22.209341,1,3C54E0F5-9C12-3137-9EC1-39645770F53A
7.5523896,40.80255,2,3C54E0F5-9C12-3137-9EC1-39645770F53A
7.3287644,41.105515,2,3C54E0F5-9C12-3137-9EC1-39645770F53A
6.762624,41.838505,2,3C54E0F5-9C12-3137-9EC1-39645770F53A
5.638335,43.205128,2,3C54E0F5-9C12-3137-9EC1-39645770F53A
5.1691556,43.657204,2,3C54E0F5-9C12-3137-9EC1-39645770F53A
4.8556266,43.92865,0,3C54E0F5-9C12-3137-9EC1-39645770F53A
31.200077,33.428135,1,3C54E0F5-9C12-3137-9EC1-39645770F53A
31.229187,33.570423,1,3C54E0F5-9C12-3137-9EC1-39645770F53A
30.889849,35.145245,1,3C54E0F5-9C12-3137-9EC1-39645770F53A
30.605463,35.845215,1,3C54E0F5-9C12-3137-9EC1-39645770F53A
30.280737,36.520336,1,3C54E0F5-9C12-3137-9EC1-39645770F53A
30.06066,36.87391,1,3C54E0F5-9C12-3137-9EC1-39645770F53A
22.73491,-6.7315,0,3C54E0F5-9C12-3137-9EC1-39645770F53A
22.132898,-6.839633,0,3C54E0F5-9C12-3137-9EC1-39645770F53A
21.539812,-6.964985,0,3C54E0F5-9C12-3137-9EC1-39645770F53A
20.764511,-7.299999,0,3C54E0F5-9C12-3137-9EC1-39645770F53A
20.32516,-7.4745226,1,3C54E0F5-9C12-3137-9EC1-39645770F53A
36.73688,22.40797,1,3C54E0F5-9C12-3137-9EC1-39645770F53A
-52.812695,-9.970606,2,3FC0B5B3-AC42-BF96-D8EE-10E81EAAACF6
-52.80438,-10.020129,0,3FC0B5B3-AC42-BF96-D8EE-10E81EAAACF6
-51.139874,5.151645,0,3FC0B5B3-AC42-BF96-D8EE-10E81EAAACF6
-51.121433,4.811242,0,3FC0B5B3-AC42-BF96-D8EE-10E81EAAACF6
-51.016575,3.4527955,0,3FC0B5B3-AC42-BF96-D8EE-10E81EAAACF6
-51.024193,3.0388293,0,3FC0B5B3-AC42-BF96-D8EE-10E81EAAACF6
0.53436625,-31.955383,2,3FC0B5B3-AC42-BF96-D8EE-10E81EAAACF6
0.55350214,-31.944801,2,3FC0B5B3-AC42-BF96-D8EE-10E81EAAACF6
0.8203403,31.419804,2,3FC0B5B3-AC42-BF96-D8EE-10E81EAAACF6
0.89132816,31.383503,2,3FC0B5B3-AC42-BF96-D8EE-10E81EAAACF6
0.3943063,32.012638,2,3FC0B5B3-AC42-BF96-D8EE-10E81EAAACF6
-61.50413,-13.614276,2,3FC0B5B3-AC42-BF96-D8EE-10E81EAAACF6
-34.015003,-9.384863,1,3FC0B5B3-AC42-BF96-D8EE-10E81EAAACF6
-34.02214,-9.597595,2,3FC0B5B3-AC42-BF96-D8EE-10E81EAAACF6
-34.443245,-10.684837,2,3FC0B5B3-AC42-BF96-D8EE-10E81EAAACF6
-34.26035,-11.500652,2,3FC0B5B3-AC42-BF96-D8EE-10E81EAAACF6
-32.744133,-12.427445,2,3FC0B5B3-AC42-BF96-D8EE-10E81EAAACF6
-12.975981,-47.43071,2,3FC0B5B3-AC42-BF96-D8EE-10E81EAAACF6
3.3321512,-46.244736,2,3FC0B5B3-AC42-BF96-D8EE-10E81EAAACF6
3.3115678,-46.227966,2,3FC0B5B3-AC42-BF96-D8EE-10E81EAAACF6
-26.39483,-26.47957,0,3FC0B5B3-AC42-BF96-D8EE-10E81EAAACF6
-27.087816,-26.581648,0,3FC0B5B3-AC42-BF96-D8EE-10E81EAAACF6
-30.85991,-9.321157,0,3FC0B5B3-AC42-BF96-D8EE-10E81EAAACF6
17.00103,-2.302659,0,3FC0B5B3-AC42-BF96-D8EE-10E81EAAACF6
49.771954,19.062511,2,3FC0B5B3-AC42-BF96-D8EE-10E81EAAACF6
49.747124,19.750116,2,3FC0B5B3-AC42-BF96-D8EE-10E81EAAACF6
49.712894,20.23435,2,3FC0B5B3-AC42-BF96-D8EE-10E81EAAACF6
49.53487,20.544044,2,3FC0B5B3-AC42-BF96-D8EE-10E81EAAACF6
50.00135,21.603304,2,3FC0B5B3-AC42-BF96-D8EE-10E81EAAACF6
50.230843,22.182703,2,3FC0B5B3-AC42-BF96-D8EE-10E81EAAACF6
-35.596443,-2.4988678,0,4690C2DC-C0B5-6C1B-880A-D31C46C8A565
-35.87842,-3.0154333,0,4690C2DC-C0B5-6C1B-880A-D31C46C8A565
-35.712597,-4.05565,0,4690C2DC-C0B5-6C1B-880A-D31C46C8A565
-35.107212,-4.7135816,0,4690C2DC-C0B5-6C1B-880A-D31C46C8A565
-73.42774,-32.261642,0,4690C2DC-C0B5-6C1B-880A-D31C46C8A565
-73.4373,-32.254772,0,4690C2DC-C0B5-6C1B-880A-D31C46C8A565
-54.67581,2.1512134,2,4690C2DC-C0B5-6C1B-880A-D31C46C8A565
-54.878334,2.5658708,2,4690C2DC-C0B5-6C1B-880A-D31C46C8A565
-55.154808,3.3433223,2,4690C2DC-C0B5-6C1B-880A-D31C46C8A565
-55.302124,3.776383,2,4690C2DC-C0B5-6C1B-880A-D31C46C8A565
-71.27744,-2.5835762,2,4690C2DC-C0B5-6C1B-880A-D31C46C8A565
-71.337715,-2.4792488,2,4690C2DC-C0B5-6C1B-880A-D31C46C8A565
-25.318762,38.80042,0,4690C2DC-C0B5-6C1B-880A-D31C46C8A565
45.430145,31.200926,2,4690C2DC-C0B5-6C1B-880A-D31C46C8A565
45.62216,30.821564,2,4690C2DC-C0B5-6C1B-880A-D31C46C8A565
46.12236,29.905739,2,4690C2DC-C0B5-6C1B-880A-D31C46C8A565
46.48747,29.563711,2,4690C2DC-C0B5-6C1B-880A-D31C46C8A565
47.108,29.101877,2,4690C2DC-C0B5-6C1B-880A-D31C46C8A565
-40.385685,52.678795,2,4690C2DC-C0B5-6C1B-880A-D31C46C8A565
-41.02163,52.71719,2,4690C2DC-C0B5-6C1B-880A-D31C46C8A565
-41.3299,52.72635,2,4690C2DC-C0B5-6C1B-880A-D31C46C8A565
-54.05847,18.149519,2,4690C2DC-C0B5-6C1B-880A-D31C46C8A565
-54.279037,17.57141,2,4690C2DC-C0B5-6C1B-880A-D31C46C8A565
-54.40729,17.215357,2,4690C2DC-C0B5-6C1B-880A-D31C46C8A565
-8.379887,-15.441317,2,46A9A47E-EDE3-2EF4-2F06-E95AF67D57E1
-8.285711,-15.94416,2,46A9A47E-EDE3-2EF4-2F06-E95AF67D57E1
-8.600135,-17.54782,0,46A9A47E-EDE3-2EF4-2F06-E95AF67D57E1
-8.610648,-17.648916,0,46A9A47E-EDE3-2EF4-2F06-E95AF67D57E1
-5.7804217,-14.292069,0,46A9A47E-EDE3-2EF4-2F06-E95AF67D57E1
-5.7750535,-14.308783,0,46A9A47E-EDE3-2EF4-2F06-E95AF67D57E1
-43.713337,9.635374,2,46A9A47E-EDE3-2EF4-2F06-E95AF67D57E1
-43.70669,9.660436,2,46A9A47E-EDE3-2EF4-2F06-E95AF67D57E1
-11.065919,17.195662,2,46A9A47E-EDE3-2EF4-2F06-E95AF67D57E1
-11.018765,17.1955,2,46A9A47E-EDE3-2EF4-2F06-E95AF67D57E1
67.85446,-38.062576,2,46A9A47E-EDE3-2EF4-2F06-E95AF67D57E1
67.858696,-38.05924,0,46A9A47E-EDE3-2EF4-2F06-E95AF67D57E1
-31.720707,16.3417,0,46A9A47E-EDE3-2EF4-2F06-E95AF67D57E1
-32.156548,16.416029,0,46A9A47E-EDE3-2EF4-2F06-E95AF67D57E1
-33.118034,16.603512,2,46A9A47E-EDE3-2EF4-2F06-E95AF67D57E1
-33.903507,16.813515,2,46A9A47E-EDE3-2EF4-2F06-E95AF67D57E1
-57.225685,-37.609,2,46A9A47E-EDE3-2EF4-2F06-E95AF67D57E1
-57.230667,-37.654205,2,46A9A47E-EDE3-2EF4-2F06-E95AF67D57E1
33.04098,-41.867302,1,47494449-E68E-E554-8BB1-ECEEE432E269
34.1734,-41.456337,1,47494449-E68E-E554-8BB1-ECEEE432E269
34.273827,-41.466297,2,47494449-E68E-E554-8BB1-ECEEE432E269
36.51918,-41.709038,2,47494449-E68E-E554-8BB1-ECEEE432E269
37.2738,-41.872013,2,47494449-E68E-E554-8BB1-ECEEE432E269
37.592033,-41.944355,2,47494449-E68E-E554-8BB1-ECEEE432E269
6.3144364,-49.528053,2,47494449-E68E-E554-8BB1-ECEEE432E269
6.838661,-50.139763,2,47494449-E68E-E554-8BB1-ECEEE432E269
7.2493443,-50.30915,2,47494449-E68E-E554-8BB1-ECEEE432E269
9.039818,-49.38091,2,47494449-E68E-E554-8BB1-ECEEE432E269
9.796914,-49.140846,2,47494449-E68E-E554-8BB1-ECEEE432E269
10.161057,-49.03504,2,47494449-E68E-E554-8BB1-ECEEE432E269
-51.022846,-5.703049,2,47494449-E68E-E554-8BB1-ECEEE432E269
29.97393,-0.5723632,2,47494449-E68E-E554-8BB1-ECEEE432E269
30.674019,-0.15870394,2,47494449-E68E-E554-8BB1-ECEEE432E269
31.514505,0.593886,2,47494449-E68E-E554-8BB1-ECEEE432E269
32.294125,0.6406846,2,47494449-E68E-E554-8BB1-ECEEE432E269
32.554897,0.596369,2,47494449-E68E-E554-8BB1-ECEEE432E269
48.63593,5.985159,2,47494449-E68E-E554-8BB1-ECEEE432E269
49.07823,6.2958655,2,47494449-E68E-E554-8BB1-ECEEE432E269
49.531654,6.5810204,2,47494449-E68E-E554-8BB1-ECEEE432E269
49.92946,6.8392067,2,47494449-E68E-E554-8BB1-ECEEE432E269
50.863525,8.109636,2,47494449-E68E-E554-8BB1-ECEEE432E269
51.201607,8.667693,2,47494449-E68E-E554-8BB1-ECEEE432E269
56.009197,53.621532,1,48847236-6E23-6E61-57CD-780C68FAA2C2
55.954697,53.506847,1,48847236-6E23-6E61-57CD-780C68FAA2C2
-38.88266,-15.12368,1,48847236-6E23-6E61-57CD-780C68FAA2C2
-38.38699,-14.953589,1,48847236-6E23-6E61-57CD-780C68FAA2C2
-36.628815,-14.185139,1,48847236-6E23-6E61-57CD-780C68FAA2C2
-36.14056,-14.391418,1,48847236-6E23-6E61-57CD-780C68FAA2C2
-4.0716105,62.281734,2,48847236-6E23-6E61-57CD-780C68FAA2C2
-3.9261942,61.77234,2,48847236-6E23-6E61-57CD-780C68FAA2C2
-3.823005,61.376774,2,48847236-6E23-6E61-57CD-780C68FAA2C2
24.891207,13.060368,2,48847236-6E23-6E61-57CD-780C68FAA2C2
25.015347,13.121587,2,48847236-6E23-6E61-57CD-780C68FAA2C2
26.556261,13.130392,2,48847236-6E23-6E61-57CD-780C68FAA2C2
27.340305,12.969705,2,48847236-6E23-6E61-57CD-780C68FAA2C2
27.839495,12.801443,2,48847236-6E23-6E61-57CD-780C68FAA2C2
28.467274,12.675033,2,48847236-6E23-6E61-57CD-780C68FAA2C2
28.27685,10.455487,2,48847236-6E23-6E61-57CD-780C68FAA2C2
28.296486,10.332436,2,48847236-6E23-6E61-57CD-780C68FAA2C2
-23.624014,-45.839527,2,48847236-6E23-6E61-57CD-780C68FAA2C2
82.36384,13.783699,2,48D32E40-ABB9-E3FB-185C-8A5AA0C44CBF
82.56563,13.6498575,2,48D32E40-ABB9-E3FB-185C-8A5AA0C44CBF
84.12675,12.31198,2,48D32E40-ABB9-E3FB-185C-8A5AA0C44CBF
84.16868,12.493121,2,48D32E40-ABB9-E3FB-185C-8A5AA0C44CBF
84.80228,13.574325,2,48D32E40-ABB9-E3FB-185C-8A5AA0C44CBF
84.85518,13.686518,2,48D32E40-ABB9-E3FB-185C-8A5AA0C44CBF
34.384815,-56.440727,2,48D32E40-ABB9-E3FB-185C-8A5AA0C44CBF
34.37948,-56.442604,2,48D32E40-ABB9-E3FB-185C-8A5AA0C44CBF
29.431984,-59.01848,0,48D32E40-ABB9-E3FB-185C-8A5AA0C44CBF
28.856964,-59.08042,0,48D32E40-ABB9-E3FB-185C-8A5AA0C44CBF
28.507746,-59.11876,2,48D32E40-ABB9-E3FB-185C-8A5AA0C44CBF
27.878563,-59.19726,2,48D32E40-ABB9-E3FB-185C-8A5AA0C44CBF
-22.659613,26.11267,2,48D32E40-ABB9-E3FB-185C-8A5AA0C44CBF
-22.823378,25.645224,2,48D32E40-ABB9-E3FB-185C-8A5AA0C44CBF
-22.891273,25.469744,2,48D32E40-ABB9-E3FB-185C-8A5AA0C44CBF
-14.270054,4.4282036,0,48D32E40-ABB9-E3FB-185C-8A5AA0C44CBF
-14.275895,4.4488273,0,48D32E40-ABB9-E3FB-185C-8A5AA0C44CBF
-11.195249,-52.732117,0,48D32E40-ABB9-E3FB-185C-8A5AA0C44CBF
21.086056,-30.314148,2,48D32E40-ABB9-E3FB-185C-8A5AA0C44CBF
21.08695,-30.306894,0,48D32E40-ABB9-E3FB-185C-8A5AA0C44CBF
23.88202,17.118872,0,48D32E40-ABB9-E3FB-185C-8A5AA0C44CBF
23.715908,18.023176,2,48D32E40-ABB9-E3FB-185C-8A5AA0C44CBF
23.62649,18.311638,2,48D32E40-ABB9-E3FB-185C-8A5AA0C44CBF
23.895664,19.211304,2,48D32E40-ABB9-E3FB-185C-8A5AA0C44CBF
24.15844,20.234997,2,48D32E40-ABB9-E3FB-185C-8A5AA0C44CBF
24.251354,20.810457,2,48D32E40-ABB9-E3FB-185C-8A5AA0C44CBF
24.29808,21.13826,2,48D32E40-ABB9-E3FB-185C-8A5AA0C44CBF
22.681131,-25.128317,0,48D32E40-ABB9-E3FB-185C-8A5AA0C44CBF
23.133804,-25.571556,0,48D32E40-ABB9-E3FB-185C-8A5AA0C44CBF
23.69576,-25.757395,0,48D32E40-ABB9-E3FB-185C-8A5AA0C44CBF
24.570211,-25.819847,0,48D32E40-ABB9-E3FB-185C-8A5AA0C44CBF
13.984601,62.169453,0,48D32E40-ABB9-E3FB-185C-8A5AA0C44CBF
14.337855,62.392265,2,48D32E40-ABB9-E3FB-185C-8A5AA0C44CBF
14.907988,62.632587,2,48D32E40-ABB9-E3FB-185C-8A5AA0C44CBF
15.804377,62.928604,2,48D32E40-ABB9-E3FB-185C-8A5AA0C44CBF
60.124775,-22.32374,2,48D32E40-ABB9-E3FB-185C-8A5AA0C44CBF
3.9669,4.5322895,2,4B423110-8A54-A87F-39BB-D68BF033C7FC
4.4998894,4.206507,2,4B423110-8A54-A87F-39BB-D68BF033C7FC
5.257202,3.731659,2,4B423110-8A54-A87F-39BB-D68BF033C7FC
5.744966,3.2962418,2,4B423110-8A54-A87F-39BB-D68BF033C7FC
6.3654456,2.7355766,2,4B423110-8A54-A87F-39BB-D68BF033C7FC
6.487615,2.62147,1,4B423110-8A54-A87F-39BB-D68BF033C7FC
42.46981,-26.493887,2,4B423110-8A54-A87F-39BB-D68BF033C7FC
42.067265,-25.809202,2,4B423110-8A54-A87F-39BB-D68BF033C7FC
41.991413,-25.68252,2,4B423110-8A54-A87F-39BB-D68BF033C7FC
40.09399,-24.330887,0,4B423110-8A54-A87F-39BB-D68BF033C7FC
24.397003,-3.4962971,0,4B423110-8A54-A87F-39BB-D68BF033C7FC
24.40074,-3.501009,0,4B423110-8A54-A87F-39BB-D68BF033C7FC
-28.106632,14.000079,2,4B423110-8A54-A87F-39BB-D68BF033C7FC
-28.11995,13.926746,2,4B423110-8A54-A87F-39BB-D68BF033C7FC
-24.233425,12.589965,2,4B423110-8A54-A87F-39BB-D68BF033C7FC
-24.787243,12.709269,2,4B423110-8A54-A87F-39BB-D68BF033C7FC
-25.148441,12.561236,1,4B423110-8A54-A87F-39BB-D68BF033C7FC
-25.424212,11.752056,0,4B423110-8A54-A87F-39BB-D68BF033C7FC
-20.663237,-4.435619,2,4BD5749B-A1D2-E6C9-156F-DF107802D3BE
-20.62502,-4.3746142,2,4BD5749B-A1D2-E6C9-156F-DF107802D3BE
-19.93522,-3.3803895,2,4BD5749B-A1D2-E6C9-156F-DF107802D3BE
-19.643545,-2.958727,2,4BD5749B-A1D2-E6C9-156F-DF107802D3BE
-19.091791,-2.2744932,2,4BD5749B-A1D2-E6C9-156F-DF107802D3BE
-49.916138,-21.927011,2,4BD5749B-A1D2-E6C9-156F-DF107802D3BE
-46.227577,-59.291405,1,4BD5749B-A1D2-E6C9-156F-DF107802D3BE
-46.22344,-59.298306,1,4BD5749B-A1D2-E6C9-156F-DF107802D3BE
-26.025045,-6.850654,1,4BD5749B-A1D2-E6C9-156F-DF107802D3BE
-25.709297,-6.69177,2,4BD5749B-A1D2-E6C9-156F-DF107802D3BE
-24.190224,-6.182121,2,4BD5749B-A1D2-E6C9-156F-DF107802D3BE
-24.379847,-6.2125797,2,4BD5749B-A1D2-E6C9-156F-DF107802D3BE
38.412975,33.94038,1,4BD5749B-A1D2-E6C9-156F-DF107802D3BE
38.364918,33.939484,1,4BD5749B-A1D2-E6C9-156F-DF107802D3BE
35.141556,42.285778,1,4BD5749B-A1D2-E6C9-156F-DF107802D3BE
34.964035,42.802204,2,4BD5749B-A1D2-E6C9-156F-DF107802D3BE
34.628063,43.614834,2,4BD5749B-A1D2-E6C9-156F-DF107802D3BE
34.341953,44.2697,2,4BD5749B-A1D2-E6C9-156F-DF107802D3BE
-17.467676,6.18337,2,4BD5749B-A1D2-E6C9-156F-DF107802D3BE
-18.104107,7.516,2,4BD5749B-A1D2-E6C9-156F-DF107802D3BE
-17.507612,6.8865056,2,4BD5749B-A1D2-E6C9-156F-DF107802D3BE
-17.03995,7.6312723,2,4BD5749B-A1D2-E6C9-156F-DF107802D3BE
-63.49474,29.806799,1,4BD5749B-A1D2-E6C9-156F-DF107802D3BE
-63.510387,29.809156,1,4BD5749B-A1D2-E6C9-156F-DF107802D3BE
-39.25691,7.542385,1,4BD5749B-A1D2-E6C9-156F-DF107802D3BE
-39.502605,7.210166,1,4BD5749B-A1D2-E6C9-156F-DF107802D3BE
-40.57351,6.1122503,1,4BD5749B-A1D2-E6C9-156F-DF107802D3BE
-41.0562,5.75466,2,4BD5749B-A1D2-E6C9-156F-DF107802D3BE
-41.800785,5.305807,2,4BD5749B-A1D2-E6C9-156F-DF107802D3BE
-42.562878,4.953624,2,4BD5749B-A1D2-E6C9-156F-DF107802D3BE
1.8199524,-3.4517555,2,4BFAECAC-0CC2-F9AC-17BB-7343BE737D81
-82.14922,-3.8528438,2,4BFAECAC-0CC2-F9AC-17BB-7343BE737D81
-82.088974,-3.7627304,2,4BFAECAC-0CC2-F9AC-17BB-7343BE737D81
-81.20328,-2.668993,2,4BFAECAC-0CC2-F9AC-17BB-7343BE737D81
-80.85237,-2.2897048,2,4BFAECAC-0CC2-F9AC-17BB-7343BE737D81
-80.670815,-2.1418166,2,4BFAECAC-0CC2-F9AC-17BB-7343BE737D81
2.474025,-57.55491,2,4BFAECAC-0CC2-F9AC-17BB-7343BE737D81
2.499045,-57.55208,2,4BFAECAC-0CC2-F9AC-17BB-7343BE737D81
-2.96377,-24.56818,2,4BFAECAC-0CC2-F9AC-17BB-7343BE737D81
-3.46123,-25.096764,2,4BFAECAC-0CC2-F9AC-17BB-7343BE737D81
-3.82714,-25.151644,2,4BFAECAC-0CC2-F9AC-17BB-7343BE737D81
-2.761635,-25.820856,2,4BFAECAC-0CC2-F9AC-17BB-7343BE737D81
8.717931,-1.139286,2,4BFAECAC-0CC2-F9AC-17BB-7343BE737D81
8.590015,-1.138459,2,4BFAECAC-0CC2-F9AC-17BB-7343BE737D81
7.464512,-0.67113,2,4BFAECAC-0CC2-F9AC-17BB-7343BE737D81
7.130154,-0.52631205,1,4BFAECAC-0CC2-F9AC-17BB-7343BE737D81
-8.419406,32.70713,2,4BFAECAC-0CC2-F9AC-17BB-7343BE737D81
-8.435326,32.7196,2,4BFAECAC-0CC2-F9AC-17BB-7343BE737D81
47.094624,-34.77829,0,4BFAECAC-0CC2-F9AC-17BB-7343BE737D81
46.413204,-34.861553,0,4BFAECAC-0CC2-F9AC-17BB-7343BE737D81
45.987663,-35.00314,2,4BFAECAC-0CC2-F9AC-17BB-7343BE737D81
45.306904,-35.151657,2,4BFAECAC-0CC2-F9AC-17BB-7343BE737D81
24.440716,-9.934289,2,4BFAECAC-0CC2-F9AC-17BB-7343BE737D81
24.42639,-9.971168,2,4BFAECAC-0CC2-F9AC-17BB-7343BE737D81
-49.47091,-25.436543,2,5270C847-54C3-180E-9737-1D87A639C450
-52.45266,-25.65263,2,5270C847-54C3-180E-9737-1D87A639C450
-52.64036,-24.781218,2,5270C847-54C3-180E-9737-1D87A639C450
-52.69223,-24.105198,2,5270C847-54C3-180E-9737-1D87A639C450
-52.895157,-23.683279,2,5270C847-54C3-180E-9737-1D87A639C450
-53.17731,-22.923975,2,5270C847-54C3-180E-9737-1D87A639C450
-27.499681,7.1868677,0,5270C847-54C3-180E-9737-1D87A639C450
-27.638308,7.339973,0,5270C847-54C3-180E-9737-1D87A639C450
-28.63734,8.42489,0,5270C847-54C3-180E-9737-1D87A639C450
-29.010885,8.9127,0,5270C847-54C3-180E-9737-1D87A639C450
-29.322248,9.453998,0,5270C847-54C3-180E-9737-1D87A639C450
-29.688148,9.665581,2,5270C847-54C3-180E-9737-1D87A639C450
26.089127,-16.743095,2,5270C847-54C3-180E-9737-1D87A639C450
25.945215,-17.181444,2,5270C847-54C3-180E-9737-1D87A639C450
25.458923,-18.111162,2,5270C847-54C3-180E-9737-1D87A639C450
25.251223,-18.502447,2,5270C847-54C3-180E-9737-1D87A639C450
24.806616,-19.215525,2,5270C847-54C3-180E-9737-1D87A639C450
17.398638,19.178745,2,5270C847-54C3-180E-9737-1D87A639C450
73.81892,21.5404,2,5270C847-54C3-180E-9737-1D87A639C450
73.1852,20.427225,2,5270C847-54C3-180E-9737-1D87A639C450
72.56782,20.55722,2,5270C847-54C3-180E-9737-1D87A639C450
72.01873,20.617949,2,5270C847-54C3-180E-9737-1D87A639C450
-6.056766,-46.460434,2,5270C847-54C3-180E-9737-1D87A639C450
-6.0486145,-46.63524,2,5270C847-54C3-180E-9737-1D87A639C450
-20.500124,-18.245615,2,5690E95B-9747-B2B5-2EE1-16A72200D5CC
-19.97295,-18.344786,2,5690E95B-9747-B2B5-2EE1-16A72200D5CC
-19.197763,-18.492552,0,5690E95B-9747-B2B5-2EE1-16A72200D5CC
-17.629827,-18.992819,0,5690E95B-9747-B2B5-2EE1-16A72200D5CC
-17.273586,-19.105019,2,5690E95B-9747-B2B5-2EE1-16A72200D5CC
-16.545395,-19.120964,2,5690E95B-9747-B2B5-2EE1-16A72200D5CC
-49.983196,-12.871664,2,5690E95B-9747-B2B5-2EE1-16A72200D5CC
-49.66671,-13.211021,2,5690E95B-9747-B2B5-2EE1-16A72200D5CC
-49.446648,-13.408689,2,5690E95B-9747-B2B5-2EE1-16A72200D5CC
-48.14255,-14.632645,2,5690E95B-9747-B2B5-2EE1-16A72200D5CC
-47.645226,-15.100924,2,5690E95B-9747-B2B5-2EE1-16A72200D5CC
-46.915943,-15.865849,2,5690E95B-9747-B2B5-2EE1-16A72200D5CC
58.48369,28.947489,2,5690E95B-9747-B2B5-2EE1-16A72200D5CC
58.762203,28.047436,2,5690E95B-9747-B2B5-2EE1-16A72200D5CC
59.13958,27.03973,2,5690E95B-9747-B2B5-2EE1-16A72200D5CC
58.921635,26.664686,2,5690E95B-9747-B2B5-2EE1-16A72200D5CC
59.236385,26.494352,2,5690E95B-9747-B2B5-2EE1-16A72200D5CC
59.61208,25.757467,2,5690E95B-9747-B2B5-2EE1-16A72200D5CC
-30.596788,15.913388,0,58CB3C5E-2F5C-31FE-83E8-C6772D99B8D5
-45.907562,-42.64336,0,58CB3C5E-2F5C-31FE-83E8-C6772D99B8D5
-45.540012,-42.728573,0,58CB3C5E-2F5C-31FE-83E8-C6772D99B8D5
-44.670284,-42.872356,0,58CB3C5E-2F5C-31FE-83E8-C6772D99B8D5
-44.222076,-43.000496,2,58CB3C5E-2F5C-31FE-83E8-C6772D99B8D5
-43.19025,-43.21257,2,58CB3C5E-2F5C-31FE-83E8-C6772D99B8D5
-19.908995,-15.312282,2,58CB3C5E-2F5C-31FE-83E8-C6772D99B8D5
-20.487518,-15.2774,2,58CB3C5E-2F5C-31FE-83E8-C6772D99B8D5
-39.76502,-26.861532,2,58CB3C5E-2F5C-31FE-83E8-C6772D99B8D5
-63.117767,0.26272717,1,58CB3C5E-2F5C-31FE-83E8-C6772D99B8D5
-63.133877,0.22632033,0,58CB3C5E-2F5C-31FE-83E8-C6772D99B8D5
-11.326996,41.40225,0,58CB3C5E-2F5C-31FE-83E8-C6772D99B8D5
-80.445526,-11.532612,2,5CD23052-9069-615B-22B2-CB8E9A2413C9
-80.44674,-11.520898,2,5CD23052-9069-615B-22B2-CB8E9A2413C9
8.863672,16.08315,0,5CD23052-9069-615B-22B2-CB8E9A2413C9
9.3277,16.993956,0,5CD23052-9069-615B-22B2-CB8E9A2413C9
9.429923,17.2009,0,5CD23052-9069-615B-22B2-CB8E9A2413C9
10.032307,17.701523,0,5CD23052-9069-615B-22B2-CB8E9A2413C9
65.3348,-15.55683,0,5CD23052-9069-615B-22B2-CB8E9A2413C9
65.436226,-14.699407,1,5CD23052-9069-615B-22B2-CB8E9A2413C9
65.665886,-13.5029955,1,5CD23052-9069-615B-22B2-CB8E9A2413C9
65.700935,-13.263009,1,5CD23052-9069-615B-22B2-CB8E9A2413C9
55.52002,42.90508,1,5CD23052-9069-615B-22B2-CB8E9A2413C9
55.34524,43.01366,1,5CD23052-9069-615B-22B2-CB8E9A2413C9
54.090385,43.714214,2,5CD23052-9069-615B-22B2-CB8E9A2413C9
53.771465,43.883472,2,5CD23052-9069-615B-22B2-CB8E9A2413C9
-16.913729,53.42201,2,5CD23052-9069-615B-22B2-CB8E9A2413C9
-16.822392,53.626835,2,5CD23052-9069-615B-22B2-CB8E9A2413C9
-16.341984,54.833706,0,5CD23052-9069-615B-22B2-CB8E9A2413C9
-16.212584,55.126076,0,5CD23052-9069-615B-22B2-CB8E9A2413C9
-24.500103,-16.163813,2,5CD23052-9069-615B-22B2-CB8E9A2413C9
-23.320107,-15.836978,2,5CD23052-9069-615B-22B2-CB8E9A2413C9
-23.04522,-15.828814,0,5CD23052-9069-615B-22B2-CB8E9A2413C9
8.064599,-21.340054,0,5CD23052-9069-615B-22B2-CB8E9A2413C9
8.458312,-21.279636,0,5CD23052-9069-615B-22B2-CB8E9A2413C9
9.289881,-21.163563,0,5CD23052-9069-615B-22B2-CB8E9A2413C9
-59.683414,-4.2343025,2,5E491E0A-C580-29BE-4329-ED7BFF843D0D
-59.388744,-3.90855,0,5E491E0A-C580-29BE-4329-ED7BFF843D0D
-58.887474,-3.1322718,2,5E491E0A-C580-29BE-4329-ED7BFF843D0D
5.6346464,66.70044,2,5E491E0A-C580-29BE-4329-ED7BFF843D0D
6.074433,66.742256,2,5E491E0A-C580-29BE-4329-ED7BFF843D0D
7.803849,66.8187,0,5E491E0A-C580-29BE-4329-ED7BFF843D0D
8.538703,66.77867,0,5E491E0A-C580-29BE-4329-ED7BFF843D0D
8.890354,67.038155,2,5E491E0A-C580-29BE-4329-ED7BFF843D0D
9.272457,67.33127,2,5E491E0A-C580-29BE-4329-ED7BFF843D0D
10.706232,68.34191,2,5E491E0A-C580-29BE-4329-ED7BFF843D0D
11.067098,68.60117,2,5E491E0A-C580-29BE-4329-ED7BFF843D0D
-58.869835,21.90351,1,5E491E0A-C580-29BE-4329-ED7BFF843D0D
-58.730427,21.735273,1,5E491E0A-C580-29BE-4329-ED7BFF843D0D
-58.053127,20.866472,1,5E491E0A-C580-29BE-4329-ED7BFF843D0D
-38.795635,19.49516,1,5E491E0A-C580-29BE-4329-ED7BFF843D0D
-38.098103,19.265059,0,5E491E0A-C580-29BE-4329-ED7BFF843D0D
-37.002556,18.900484,0,5E491E0A-C580-29BE-4329-ED7BFF843D0D
-37.19867,18.971521,0,5E491E0A-C580-29BE-4329-ED7BFF843D0D
-16.454012,38.410564,2,5E491E0A-C580-29BE-4329-ED7BFF843D0D
-16.66565,39.053364,2,5E491E0A-C580-29BE-4329-ED7BFF843D0D
-16.922567,39.65094,2,5E491E0A-C580-29BE-4329-ED7BFF843D0D
-17.518684,40.619225,2,5E491E0A-C580-29BE-4329-ED7BFF843D0D
-17.682547,40.879948,2,5E491E0A-C580-29BE-4329-ED7BFF843D0D
-37.94453,35.275707,2,5E491E0A-C580-29BE-4329-ED7BFF843D0D
21.9259,3.7075062,0,5E491E0A-C580-29BE-4329-ED7BFF843D0D
22.468649,3.63446,2,5E491E0A-C580-29BE-4329-ED7BFF843D0D
23.156582,3.5195687,2,5E491E0A-C580-29BE-4329-ED7BFF843D0D
22.605652,1.2058567,2,5E491E0A-C580-29BE-4329-ED7BFF843D0D
22.55398,0.38507193,2,5E491E0A-C580-29BE-4329-ED7BFF843D0D
22.523127,-0.04206444,2,5E491E0A-C580-29BE-4329-ED7BFF843D0D
-24.032303,-2.696998,0,5E491E0A-C580-29BE-4329-ED7BFF843D0D
-23.982199,-2.430532,2,5E491E0A-C580-29BE-4329-ED7BFF843D0D
-23.70713,-0.5018065,2,5E491E0A-C580-29BE-4329-ED7BFF843D0D
-23.286055,0.09520582,2,5E491E0A-C580-29BE-4329-ED7BFF843D0D
-22.608532,0.9342643,2,5E491E0A-C580-29BE-4329-ED7BFF843D0D
-22.44376,1.09799,2,5E491E0A-C580-29BE-4329-ED7BFF843D0D
48.482964,53.794395,1,5F222604-CB86-1ABA-EB7B-31FF78B7BE93
48.46348,53.815693,1,5F222604-CB86-1ABA-EB7B-31FF78B7BE93
-79.14537,19.093216,1,5F222604-CB86-1ABA-EB7B-31FF78B7BE93
-78.757645,19.369656,1,5F222604-CB86-1ABA-EB7B-31FF78B7BE93
-78.3741,19.641283,1,5F222604-CB86-1ABA-EB7B-31FF78B7BE93
31.589462,-9.427769,1,5F222604-CB86-1ABA-EB7B-31FF78B7BE93
33.363846,11.1652565,2,5F222604-CB86-1ABA-EB7B-31FF78B7BE93
33.687794,10.555189,2,5F222604-CB86-1ABA-EB7B-31FF78B7BE93
33.7938,9.780879,2,5F222604-CB86-1ABA-EB7B-31FF78B7BE93
33.826416,9.54518,2,5F222604-CB86-1ABA-EB7B-31FF78B7BE93
34.04811,-13.933012,2,5F222604-CB86-1ABA-EB7B-31FF78B7BE93
33.920307,-14.225251,2,5F222604-CB86-1ABA-EB7B-31FF78B7BE93
45.26086,11.429059,2,5F222604-CB86-1ABA-EB7B-31FF78B7BE93
45.063793,12.450782,2,5F222604-CB86-1ABA-EB7B-31FF78B7BE93
44.762257,13.039719,2,5F222604-CB86-1ABA-EB7B-31FF78B7BE93
45.347733,13.173266,2,5F222604-CB86-1ABA-EB7B-31FF78B7BE93
45.997204,13.540997,2,5F222604-CB86-1ABA-EB7B-31FF78B7BE93
46.578377,13.911044,2,5F222604-CB86-1ABA-EB7B-31FF78B7BE93
-71.64157,4.20848,0,623D68EC-1C36-4E39-4317-BE7B59F593D2
-70.60397,4.1895304,0,623D68EC-1C36-4E39-4317-BE7B59F593D2
-70.32687,4.086539,0,623D68EC-1C36-4E39-4317-BE7B59F593D2
-69.74952,3.5065706,0,623D68EC-1C36-4E39-4317-BE7B59F593D2
-68.59234,2.5371585,0,623D68EC-1C36-4E39-4317-BE7B59F593D2
-68.113815,2.3376136,0,623D68EC-1C36-4E39-4317-BE7B59F593D2
-7.321646,-52.32039,2,623D68EC-1C36-4E39-4317-BE7B59F593D2
-7.3058763,-52.52418,2,623D68EC-1C36-4E39-4317-BE7B59F593D2
-7.352015,-51.125256,2,623D68EC-1C36-4E39-4317-BE7B59F593D2
-6.652534,-50.429256,0,623D68EC-1C36-4E39-4317-BE7B59F593D2
-17.963896,-22.769234,0,623D68EC-1C36-4E39-4317-BE7B59F593D2
-17.512465,-22.88775,0,623D68EC-1C36-4E39-4317-BE7B59F593D2
-16.613585,-23.178358,0,623D68EC-1C36-4E39-4317-BE7B59F593D2
-16.300402,-23.300163,2,623D68EC-1C36-4E39-4317-BE7B59F593D2
16.434595,1.3893424,2,623D68EC-1C36-4E39-4317-BE7B59F593D2
15.685009,1.3716239,2,623D68EC-1C36-4E39-4317-BE7B59F593D2
15.305043,1.3466884,0,623D68EC-1C36-4E39-4317-BE7B59F593D2
-63.056046,18.868328,0,623D68EC-1C36-4E39-4317-BE7B59F593D2
-62.998592,18.522879,0,623D68EC-1C36-4E39-4317-BE7B59F593D2
-62.819767,17.75674,0,623D68EC-1C36-4E39-4317-BE7B59F593D2
-62.746685,17.083242,0,623D68EC-1C36-4E39-4317-BE7B59F593D2
-18.818344,27.48425,0,623D68EC-1C36-4E39-4317-BE7B59F593D2
-5.625015,-17.383484,2,623D68EC-1C36-4E39-4317-BE7B59F593D2
-5.4775953,-17.47025,2,623D68EC-1C36-4E39-4317-BE7B59F593D2
79.57175,6.9931874,0,623D68EC-1C36-4E39-4317-BE7B59F593D2
79.584564,6.7353926,2,623D68EC-1C36-4E39-4317-BE7B59F593D2
79.458305,6.162902,2,623D68EC-1C36-4E39-4317-BE7B59F593D2
79.323235,5.452138,2,623D68EC-1C36-4E39-4317-BE7B59F593D2
79.17302,4.662788,2,623D68EC-1C36-4E39-4317-BE7B59F593D2
-0.032975115,-28.433193,0,623D68EC-1C36-4E39-4317-BE7B59F593D2
-51.472294,-19.056528,2,62A1F053-1EA8-7433-090E-89D450314F41
-51.43174,-18.953297,2,62A1F053-1EA8-7433-090E-89D450314F41
-50.936123,-17.49992,2,62A1F053-1EA8-7433-090E-89D450314F41
-50.79411,-17.173214,2,62A1F053-1EA8-7433-090E-89D450314F41
-42.77268,-4.17564,2,62A1F053-1EA8-7433-090E-89D450314F41
-42.615856,-3.5014918,2,62A1F053-1EA8-7433-090E-89D450314F41
-25.682636,-11.465826,0,62A1F053-1EA8-7433-090E-89D450314F41
-25.944595,-11.564757,0,62A1F053-1EA8-7433-090E-89D450314F41
-34.06236,-16.191875,0,62A1F053-1EA8-7433-090E-89D450314F41
-34.074978,-16.21116,2,62A1F053-1EA8-7433-090E-89D450314F41
-53.672623,-14.746999,2,62A1F053-1EA8-7433-090E-89D450314F41
-53.71139,-14.724628,2,62A1F053-1EA8-7433-090E-89D450314F41
7.1109047,-17.240791,0,62A1F053-1EA8-7433-090E-89D450314F41
7.6990056,-17.00529,0,62A1F053-1EA8-7433-090E-89D450314F41
7.99498,-16.893438,1,62A1F053-1EA8-7433-090E-89D450314F41
-66.0088,10.095327,2,62A1F053-1EA8-7433-090E-89D450314F41
-66.42697,9.774691,2,62A1F053-1EA8-7433-090E-89D450314F41
-66.82706,9.4360075,2,62A1F053-1EA8-7433-090E-89D450314F41
43.84849,-47.651344,0,62A1F053-1EA8-7433-090E-89D450314F41
43.36764,-48.429607,0,62A1F053-1EA8-7433-090E-89D450314F41
42.6712,-49.53429,0,62A1F053-1EA8-7433-090E-89D450314F41
42.33367,-50.072628,0,62A1F053-1EA8-7433-090E-89D450314F41
41.95787,-50.66836,0,62A1F053-1EA8-7433-090E-89D450314F41
41.775352,-50.953316,2,62A1F053-1EA8-7433-090E-89D450314F41
43.360157,-13.896221,2,647C581E-E72F-0765-F94A-065909B99374
43.88032,-13.589218,2,647C581E-E72F-0765-F94A-065909B99374
44.25447,-13.284333,2,647C581E-E72F-0765-F94A-065909B99374
44.5805,-12.740591,2,647C581E-E72F-0765-F94A-065909B99374
44.877068,-11.552232,2,647C581E-E72F-0765-F94A-065909B99374
44.90158,-11.479137,2,647C581E-E72F-0765-F94A-065909B99374
23.09115,-14.187962,0,647C581E-E72F-0765-F94A-065909B99374
23.762499,-13.503493,0,647C581E-E72F-0765-F94A-065909B99374
23.996141,-13.2548895,1,647C581E-E72F-0765-F94A-065909B99374
27.719095,-8.489865,1,647C581E-E72F-0765-F94A-065909B99374
27.900621,-8.330547,1,647C581E-E72F-0765-F94A-065909B99374
28.190573,-8.113855,1,647C581E-E72F-0765-F94A-065909B99374
52.862335,2.2000883,2,647C581E-E72F-0765-F94A-065909B99374
52.16808,1.9497619,1,647C581E-E72F-0765-F94A-065909B99374
51.951637,1.9333872,1,647C581E-E72F-0765-F94A-065909B99374
51.083855,2.51052,2,647C581E-E72F-0765-F94A-065909B99374
50.746243,2.423743,2,647C581E-E72F-0765-F94A-065909B99374
50.099632,2.1857889,2,647C581E-E72F-0765-F94A-065909B99374
25.017271,-34.18927,2,647C581E-E72F-0765-F94A-065909B99374
25.0118,-34.20637,2,647C581E-E72F-0765-F94A-065909B99374
70.277084,2.1647007,2,647C581E-E72F-0765-F94A-065909B99374
69.84202,1.6659203,2,647C581E-E72F-0765-F94A-065909B99374
69.61324,1.4405181,2,647C581E-E72F-0765-F94A-065909B99374
68.26302,0.41147932,2,647C581E-E72F-0765-F94A-065909B99374
-19.873646,-29.388689,1,64A0EC69-0CE2-8405-0FFC-D63A7F55E703
-19.574148,-29.923864,1,64A0EC69-0CE2-8405-0FFC-D63A7F55E703
-19.08389,-30.287457,1,64A0EC69-0CE2-8405-0FFC-D63A7F55E703
-18.406582,-30.498903,1,64A0EC69-0CE2-8405-0FFC-D63A7F55E703
-17.546295,-31.2862,1,64A0EC69-0CE2-8405-0FFC-D63A7F55E703
-17.221296,-31.773655,1,64A0EC69-0CE2-8405-0FFC-D63A7F55E703
15.205016,-46.58475,1,64A0EC69-0CE2-8405-0FFC-D63A7F55E703
15.027691,-46.31088,0,64A0EC69-0CE2-8405-0FFC-D63A7F55E703
14.687414,-45.731083,0,64A0EC69-0CE2-8405-0FFC-D63A7F55E703
14.264698,-43.954575,0,64A0EC69-0CE2-8405-0FFC-D63A7F55E703
14.117388,-41.867516,0,64A0EC69-0CE2-8405-0FFC-D63A7F55E703
14.110162,-41.729904,0,64A0EC69-0CE2-8405-0FFC-D63A7F55E703
28.064974,21.293755,1,64A0EC69-0CE2-8405-0FFC-D63A7F55E703
28.727806,21.75348,1,64A0EC69-0CE2-8405-0FFC-D63A7F55E703
29.350897,22.32566,1,64A0EC69-0CE2-8405-0FFC-D63A7F55E703
29.896519,22.505291,1,64A0EC69-0CE2-8405-0FFC-D63A7F55E703
30.335354,22.532316,1,64A0EC69-0CE2-8405-0FFC-D63A7F55E703
30.61844,22.079494,1,64A0EC69-0CE2-8405-0FFC-D63A7F55E703
-3.383251,-50.944824,1,64A0EC69-0CE2-8405-0FFC-D63A7F55E703
25.223583,9.923433,1,64A0EC69-0CE2-8405-0FFC-D63A7F55E703
73.77921,8.370228,1,64A0EC69-0CE2-8405-0FFC-D63A7F55E703
73.79767,8.095808,1,64A0EC69-0CE2-8405-0FFC-D63A7F55E703
73.70892,6.776338,1,64A0EC69-0CE2-8405-0FFC-D63A7F55E703
73.69219,6.5697846,1,64A0EC69-0CE2-8405-0FFC-D63A7F55E703
-7.3526797,-35.872498,0,66E9719B-D383-AA87-7FAB-D9B4ABE7011C
-7.351186,-35.588554,0,66E9719B-D383-AA87-7FAB-D9B4ABE7011C
-7.3929887,-34.379604,2,66E9719B-D383-AA87-7FAB-D9B4ABE7011C
-28.269222,17.085083,2,66E9719B-D383-AA87-7FAB-D9B4ABE7011C
-28.240095,17.042564,2,66E9719B-D383-AA87-7FAB-D9B4ABE7011C
-40.36487,-46.988865,2,66E9719B-D383-AA87-7FAB-D9B4ABE7011C
-40.017918,-47.0065,2,66E9719B-D383-AA87-7FAB-D9B4ABE7011C
-39.798656,-46.966244,2,66E9719B-D383-AA87-7FAB-D9B4ABE7011C
-36.131985,-44.61322,2,66E9719B-D383-AA87-7FAB-D9B4ABE7011C
-36.16676,-44.56806,2,66E9719B-D383-AA87-7FAB-D9B4ABE7011C
30.507406,-11.639465,0,66E9719B-D383-AA87-7FAB-D9B4ABE7011C
75.59792,14.908746,0,66E9719B-D383-AA87-7FAB-D9B4ABE7011C
69.11373,-2.980251,0,66E9719B-D383-AA87-7FAB-D9B4ABE7011C
69.01104,-3.360563,0,66E9719B-D383-AA87-7FAB-D9B4ABE7011C
68.66511,-4.568363,0,66E9719B-D383-AA87-7FAB-D9B4ABE7011C
68.290535,-5.2399716,0,66E9719B-D383-AA87-7FAB-D9B4ABE7011C
68.115944,-5.753992,0,66E9719B-D383-AA87-7FAB-D9B4ABE7011C
67.77587,-5.754632,0,66E9719B-D383-AA87-7FAB-D9B4ABE7011C
-32.087406,-35.160145,2,66E9719B-D383-AA87-7FAB-D9B4ABE7011C
43.20856,59.01107,2,66E9719B-D383-AA87-7FAB-D9B4ABE7011C
43.86482,59.285175,2,66E9719B-D383-AA87-7FAB-D9B4ABE7011C
44.230923,59.381283,2,66E9719B-D383-AA87-7FAB-D9B4ABE7011C
45.58521,59.38836,2,66E9719B-D383-AA87-7FAB-D9B4ABE7011C
45.718193,59.366917,2,66E9719B-D383-AA87-7FAB-D9B4ABE7011C
53.390724,56.958233,2,66E9719B-D383-AA87-7FAB-D9B4ABE7011C
53.5483,56.93955,2,66E9719B-D383-AA87-7FAB-D9B4ABE7011C
1.6739191,-6.653388,2,66E9719B-D383-AA87-7FAB-D9B4ABE7011C
1.0546372,-7.1783752,2,66E9719B-D383-AA87-7FAB-D9B4ABE7011C
0.40830398,-7.453518,2,66E9719B-D383-AA87-7FAB-D9B4ABE7011C
-0.393459,-7.7652273,2,66E9719B-D383-AA87-7FAB-D9B4ABE7011C
50.116055,-8.9470825,2,66E9719B-D383-AA87-7FAB-D9B4ABE7011C
50.123253,-8.956199,2,66E9719B-D383-AA87-7FAB-D9B4ABE7011C
64.58634,29.64543,2,68339CF4-6AFB-7EFB-40EA-238612F8E5A4
64.22575,30.082245,2,68339CF4-6AFB-7EFB-40EA-238612F8E5A4
64.01855,30.345663,2,68339CF4-6AFB-7EFB-40EA-238612F8E5A4
40.304607,11.688787,2,68339CF4-6AFB-7EFB-40EA-238612F8E5A4
40.409344,11.380503,2,68339CF4-6AFB-7EFB-40EA-238612F8E5A4
40.501717,11.196551,2,68339CF4-6AFB-7EFB-40EA-238612F8E5A4
-13.710748,-22.508863,2,6B1E25A6-882B-DDD7-CE4F-4EC17A0906CF
-13.708128,-22.356735,2,6B1E25A6-882B-DDD7-CE4F-4EC17A0906CF
-57.402256,-23.79775,0,6B1E25A6-882B-DDD7-CE4F-4EC17A0906CF
-57.682724,-23.875076,0,6B1E25A6-882B-DDD7-CE4F-4EC17A0906CF
-59.669666,-25.830235,0,6B1E25A6-882B-DDD7-CE4F-4EC17A0906CF
-59.731148,-25.893728,2,6B1E25A6-882B-DDD7-CE4F-4EC17A0906CF
-3.404547,5.55609,2,6B1E25A6-882B-DDD7-CE4F-4EC17A0906CF
-2.7585046,5.345802,0,6B1E25A6-882B-DDD7-CE4F-4EC17A0906CF
-2.3203447,5.108738,0,6B1E25A6-882B-DDD7-CE4F-4EC17A0906CF
-58.11421,15.729628,2,6B1E25A6-882B-DDD7-CE4F-4EC17A0906CF
-58.45936,15.718649,2,6B1E25A6-882B-DDD7-CE4F-4EC17A0906CF
-58.85522,15.675282,2,6B1E25A6-882B-DDD7-CE4F-4EC17A0906CF
28.449677,-46.877644,2,6B1E25A6-882B-DDD7-CE4F-4EC17A0906CF
28.498579,-47.91119,2,6B1E25A6-882B-DDD7-CE4F-4EC17A0906CF
28.488003,-47.523296,2,6B1E25A6-882B-DDD7-CE4F-4EC17A0906CF
29.727598,-48.213917,2,6B1E25A6-882B-DDD7-CE4F-4EC17A0906CF
30.207972,-48.430374,2,6B1E25A6-882B-DDD7-CE4F-4EC17A0906CF
43.145966,5.0215125,2,6B1E25A6-882B-DDD7-CE4F-4EC17A0906CF
14.181128,-2.482836,1,6B1E25A6-882B-DDD7-CE4F-4EC17A0906CF
13.568809,-2.358872,1,6B1E25A6-882B-DDD7-CE4F-4EC17A0906CF
13.204557,-2.3379624,1,6B1E25A6-882B-DDD7-CE4F-4EC17A0906CF
34.31705,-21.011343,1,6B1E25A6-882B-DDD7-CE4F-4EC17A0906CF
34.846188,-21.235558,1,6B1E25A6-882B-DDD7-CE4F-4EC17A0906CF
36.366817,-21.803911,1,6B1E25A6-882B-DDD7-CE4F-4EC17A0906CF
37.07251,-21.666813,1,6B1E25A6-882B-DDD7-CE4F-4EC17A0906CF
37.29454,-21.607079,1,6B1E25A6-882B-DDD7-CE4F-4EC17A0906CF
-37.219044,-3.3485923,0,6C9454F6-2AA4-4C25-0387-C6CA7AFC4C13
10.982272,-37.270462,0,6C9454F6-2AA4-4C25-0387-C6CA7AFC4C13
11.0135565,-37.30853,0,6C9454F6-2AA4-4C25-0387-C6CA7AFC4C13
16.848974,-62.164997,0,6C9454F6-2AA4-4C25-0387-C6CA7AFC4C13
16.955818,-62.258102,2,6C9454F6-2AA4-4C25-0387-C6CA7AFC4C13
17.713465,-62.726887,2,6C9454F6-2AA4-4C25-0387-C6CA7AFC4C13
18.39884,-63.142567,2,6C9454F6-2AA4-4C25-0387-C6CA7AFC4C13
19.033035,-63.532738,2,6C9454F6-2AA4-4C25-0387-C6CA7AFC4C13
-53.50641,23.495556,2,6C9454F6-2AA4-4C25-0387-C6CA7AFC4C13
-54.237823,24.176739,2,6C9454F6-2AA4-4C25-0387-C6CA7AFC4C13
-54.82006,24.60657,1,6C9454F6-2AA4-4C25-0387-C6CA7AFC4C13
-55.37121,25.002958,0,6C9454F6-2AA4-4C25-0387-C6CA7AFC4C13
66.24911,11.490629,2,6C9454F6-2AA4-4C25-0387-C6CA7AFC4C13
66.96147,11.098034,1,6C9454F6-2AA4-4C25-0387-C6CA7AFC4C13
67.91773,10.706183,2,6C9454F6-2AA4-4C25-0387-C6CA7AFC4C13
68.48473,10.238672,2,6C9454F6-2AA4-4C25-0387-C6CA7AFC4C13
68.22204,9.931656,2,6C9454F6-2AA4-4C25-0387-C6CA7AFC4C13
67.90909,9.351379,2,6C9454F6-2AA4-4C25-0387-C6CA7AFC4C13
58.50691,-44.06995,1,6C9454F6-2AA4-4C25-0387-C6CA7AFC4C13
58.363735,-44.546562,1,6C9454F6-2AA4-4C25-0387-C6CA7AFC4C13
58.10874,-45.401707,1,6C9454F6-2AA4-4C25-0387-C6CA7AFC4C13
57.929382,-46.030293,0,6C9454F6-2AA4-4C25-0387-C6CA7AFC4C13
57.679348,-46.91389,0,6C9454F6-2AA4-4C25-0387-C6CA7AFC4C13
36.043255,-30.174963,0,6C9454F6-2AA4-4C25-0387-C6CA7AFC4C13
36.366943,-30.657635,0,6C9454F6-2AA4-4C25-0387-C6CA7AFC4C13
37.266582,-32.03134,2,6C9454F6-2AA4-4C25-0387-C6CA7AFC4C13
37.514027,-32.29308,2,6C9454F6-2AA4-4C25-0387-C6CA7AFC4C13
37.87077,-32.701706,2,6C9454F6-2AA4-4C25-0387-C6CA7AFC4C13
38.53845,-33.086933,2,6C9454F6-2AA4-4C25-0387-C6CA7AFC4C13
39.13224,-33.3483,0,6C9454F6-2AA4-4C25-0387-C6CA7AFC4C13
9.16951,-41.21454,0,6C9454F6-2AA4-4C25-0387-C6CA7AFC4C13
9.157958,-41.20595,0,6C9454F6-2AA4-4C25-0387-C6CA7AFC4C13
-76.21111,-7.869542,2,6C9454F6-2AA4-4C25-0387-C6CA7AFC4C13
-75.614456,-7.6472383,2,6C9454F6-2AA4-4C25-0387-C6CA7AFC4C13
-74.90865,-7.334162,2,6C9454F6-2AA4-4C25-0387-C6CA7AFC4C13
-74.39566,-7.122527,2,6C9454F6-2AA4-4C25-0387-C6CA7AFC4C13
9.388675,-29.91329,2,70432028-81AF-D67A-251E-D2F807AB93CF
10.257913,-30.492926,2,70432028-81AF-D67A-251E-D2F807AB93CF
11.02305,-31.129963,2,70432028-81AF-D67A-251E-D2F807AB93CF
11.530959,-31.57399,2,70432028-81AF-D67A-251E-D2F807AB93CF
12.087872,-31.998802,2,70432028-81AF-D67A-251E-D2F807AB93CF
12.282998,-32.17544,0,70432028-81AF-D67A-251E-D2F807AB93CF
12.844321,47.2125,2,70432028-81AF-D67A-251E-D2F807AB93CF
12.482911,47.31596,2,70432028-81AF-D67A-251E-D2F807AB93CF
11.691476,47.555447,2,70432028-81AF-D67A-251E-D2F807AB93CF
10.293429,47.93001,2,70432028-81AF-D67A-251E-D2F807AB93CF
9.510814,48.084175,2,70432028-81AF-D67A-251E-D2F807AB93CF
9.067403,48.173264,2,70432028-81AF-D67A-251E-D2F807AB93CF
76.27333,-6.4612494,0,718078D1-70DB-2916-366D-1119A22DCD7F
76.12856,-6.7628584,1,718078D1-70DB-2916-366D-1119A22DCD7F
75.222984,-8.286249,0,718078D1-70DB-2916-366D-1119A22DCD7F
74.85688,-8.937514,0,718078D1-70DB-2916-366D-1119A22DCD7F
74.538284,-9.560653,0,718078D1-70DB-2916-366D-1119A22DCD7F
74.33176,-9.91922,0,718078D1-70DB-2916-366D-1119A22DCD7F
73.45952,27.04594,1,718078D1-70DB-2916-366D-1119A22DCD7F
72.82371,26.951855,1,718078D1-70DB-2916-366D-1119A22DCD7F
72.19965,26.876759,1,718078D1-70DB-2916-366D-1119A22DCD7F
70.962654,26.806376,1,718078D1-70DB-2916-366D-1119A22DCD7F
70.5263,26.796825,1,718078D1-70DB-2916-366D-1119A22DCD7F
69.92705,26.83299,0,718078D1-70DB-2916-366D-1119A22DCD7F
35.530807,19.588644,1,718078D1-70DB-2916-366D-1119A22DCD7F
35.142235,19.744133,1,718078D1-70DB-2916-366D-1119A22DCD7F
34.546444,19.553041,1,718078D1-70DB-2916-366D-1119A22DCD7F
33.546135,19.250347,1,718078D1-70DB-2916-366D-1119A22DCD7F
32.108635,18.83226,1,718078D1-70DB-2916-366D-1119A22DCD7F
31.751469,18.716335,1,718078D1-70DB-2916-366D-1119A22DCD7F
78.128426,15.696011,0,718078D1-70DB-2916-366D-1119A22DCD7F
77.87172,15.655741,0,718078D1-70DB-2916-366D-1119A22DCD7F
77.134964,15.525816,0,718078D1-70DB-2916-366D-1119A22DCD7F
27.747967,-67.73068,0,718078D1-70DB-2916-366D-1119A22DCD7F
27.731937,-67.722694,1,718078D1-70DB-2916-366D-1119A22DCD7F
21.863514,14.832873,1,718078D1-70DB-2916-366D-1119A22DCD7F
41.865463,-6.2639866,2,72B642AD-2D4A-574F-05EC-EC93C0C52335
42.270576,-7.3598804,2,72B642AD-2D4A-574F-05EC-EC93C0C52335
42.27943,-7.198571,2,72B642AD-2D4A-574F-05EC-EC93C0C52335
44.523346,-7.7054486,2,72B642AD-2D4A-574F-05EC-EC93C0C52335
45.353405,-7.8204722,2,72B642AD-2D4A-574F-05EC-EC93C0C52335
45.637356,-7.877971,2,72B642AD-2D4A-574F-05EC-EC93C0C52335
4.1496797,-14.085177,2,72B642AD-2D4A-574F-05EC-EC93C0C52335
4.188644,-14.065233,2,72B642AD-2D4A-574F-05EC-EC93C0C52335
5.4700823,-13.765522,2,72B642AD-2D4A-574F-05EC-EC93C0C52335
19.383642,-42.155743,2,72B642AD-2D4A-574F-05EC-EC93C0C52335
19.43309,-41.24592,2,72B642AD-2D4A-574F-05EC-EC93C0C52335
19.45821,-41.02621,2,72B642AD-2D4A-574F-05EC-EC93C0C52335
17.249058,35.044376,2,72B642AD-2D4A-574F-05EC-EC93C0C52335
17.227028,35.155876,2,72B642AD-2D4A-574F-05EC-EC93C0C52335
17.058825,36.036983,2,72B642AD-2D4A-574F-05EC-EC93C0C52335
17.177717,37.5536,2,72B642AD-2D4A-574F-05EC-EC93C0C52335
17.305273,38.113167,2,72B642AD-2D4A-574F-05EC-EC93C0C52335
17.473404,38.798023,2,72B642AD-2D4A-574F-05EC-EC93C0C52335
59.521084,1.8820014,2,72B642AD-2D4A-574F-05EC-EC93C0C52335
59.41845,2.0251954,2,72B642AD-2D4A-574F-05EC-EC93C0C52335
58.46577,3.3568459,2,72B642AD-2D4A-574F-05EC-EC93C0C52335
58.384438,3.4741433,2,72B642AD-2D4A-574F-05EC-EC93C0C52335
57.46673,9.240542,2,72B642AD-2D4A-574F-05EC-EC93C0C52335
57.487576,9.292226,2,72B642AD-2D4A-574F-05EC-EC93C0C52335
-18.015917,-56.540855,2,7417E7AB-C723-0958-F8EE-DDA4DED65165
-18.49773,-56.725685,2,7417E7AB-C723-0958-F8EE-DDA4DED65165
-18.919699,-56.90367,2,7417E7AB-C723-0958-F8EE-DDA4DED65165
-29.830269,1.9614453,2,7417E7AB-C723-0958-F8EE-DDA4DED65165
-29.769878,2.0510976,2,7417E7AB-C723-0958-F8EE-DDA4DED65165
-50.5707,-7.4781003,2,7417E7AB-C723-0958-F8EE-DDA4DED65165
30.351414,32.40211,2,7417E7AB-C723-0958-F8EE-DDA4DED65165
22.970383,57.15885,2,7417E7AB-C723-0958-F8EE-DDA4DED65165
22.822266,57.565357,2,7417E7AB-C723-0958-F8EE-DDA4DED65165
22.698141,57.94536,2,7417E7AB-C723-0958-F8EE-DDA4DED65165
22.413443,58.571003,2,7417E7AB-C723-0958-F8EE-DDA4DED65165
21.685518,59.552677,1,7417E7AB-C723-0958-F8EE-DDA4DED65165
-46.284264,15.472311,1,7417E7AB-C723-0958-F8EE-DDA4DED65165
-2.6972144,10.973431,1,7417E7AB-C723-0958-F8EE-DDA4DED65165
-2.7007809,10.975028,1,7417E7AB-C723-0958-F8EE-DDA4DED65165
49.90378,37.865593,1,7417E7AB-C723-0958-F8EE-DDA4DED65165
49.92783,38.265438,1,7417E7AB-C723-0958-F8EE-DDA4DED65165
49.951862,38.568924,1,7417E7AB-C723-0958-F8EE-DDA4DED65165
-9.067226,8.858009,0,761D024F-3C62-5326-601A-88D436C7726A
-9.229626,8.547346,0,761D024F-3C62-5326-601A-88D436C7726A
-9.808101,6.882323,2,761D024F-3C62-5326-601A-88D436C7726A
-9.887363,6.6167507,0,761D024F-3C62-5326-601A-88D436C7726A
-10.275882,5.985484,0,761D024F-3C62-5326-601A-88D436C7726A
-10.4845,5.6261373,0,761D024F-3C62-5326-601A-88D436C7726A
4.710141,7.1291146,2,761D024F-3C62-5326-601A-88D436C7726A
-11.362298,-26.999264,2,761D024F-3C62-5326-601A-88D436C7726A
-11.562776,-26.907997,2,761D024F-3C62-5326-601A-88D436C7726A
-13.126968,-26.07039,2,761D024F-3C62-5326-601A-88D436C7726A
24.642855,35.386513,2,761D024F-3C62-5326-601A-88D436C7726A
24.72063,35.4011,1,761D024F-3C62-5326-601A-88D436C7726A
0.35023782,37.061832,1,761D024F-3C62-5326-601A-88D436C7726A
0.4954049,37.85708,2,761D024F-3C62-5326-601A-88D436C7726A
0.56812054,38.260044,2,761D024F-3C62-5326-601A-88D436C7726A
0.7645554,39.678974,2,761D024F-3C62-5326-601A-88D436C7726A
0.8689962,40.035046,2,761D024F-3C62-5326-601A-88D436C7726A
48.240967,32.76915,2,761D024F-3C62-5326-601A-88D436C7726A
36.315678,29.286253,1,761D024F-3C62-5326-601A-88D436C7726A
36.295467,29.934189,1,761D024F-3C62-5326-601A-88D436C7726A
36.242004,30.334745,1,761D024F-3C62-5326-601A-88D436C7726A
20.962473,31.29105,1,761D024F-3C62-5326-601A-88D436C7726A
20.7289,31.38173,2,761D024F-3C62-5326-601A-88D436C7726A
20.109364,31.668207,2,761D024F-3C62-5326-601A-88D436C7726A
-68.58698,17.16274,2,761D024F-3C62-5326-601A-88D436C7726A
-68.57393,17.176651,2,761D024F-3C62-5326-601A-88D436C7726A
-13.497816,-18.746534,2,761D024F-3C62-5326-601A-88D436C7726A
-13.376739,-18.849602,0,761D024F-3C62-5326-601A-88D436C7726A
46.150497,8.366579,0,761D024F-3C62-5326-601A-88D436C7726A
46.443455,8.513643,0,761D024F-3C62-5326-601A-88D436C7726A
-42.76084,46.0929,2,772BA0E9-AC30-CEA6-AA1B-18A0300702AA
-42.323296,45.978004,2,772BA0E9-AC30-CEA6-AA1B-18A0300702AA
-41.377987,45.71258,2,772BA0E9-AC30-CEA6-AA1B-18A0300702AA
-40.721867,45.52902,2,772BA0E9-AC30-CEA6-AA1B-18A0300702AA
-39.073605,44.938454,2,772BA0E9-AC30-CEA6-AA1B-18A0300702AA
-38.839417,44.88082,2,772BA0E9-AC30-CEA6-AA1B-18A0300702AA
26.399235,31.331457,1,772BA0E9-AC30-CEA6-AA1B-18A0300702AA
26.145477,31.350386,1,772BA0E9-AC30-CEA6-AA1B-18A0300702AA
25.307411,31.389174,1,772BA0E9-AC30-CEA6-AA1B-18A0300702AA
-21.924078,-44.86385,1,772BA0E9-AC30-CEA6-AA1B-18A0300702AA
-21.755455,-44.6201,1,772BA0E9-AC30-CEA6-AA1B-18A0300702AA
51.969368,62.442715,1,772BA0E9-AC30-CEA6-AA1B-18A0300702AA
-45.458622,14.747437,1,772BA0E9-AC30-CEA6-AA1B-18A0300702AA
-4.2387195,1.1327907,1,772BA0E9-AC30-CEA6-AA1B-18A0300702AA
-4.2165527,1.1441017,1,772BA0E9-AC30-CEA6-AA1B-18A0300702AA
10.980774,30.76138,1,772BA0E9-AC30-CEA6-AA1B-18A0300702AA
10.715797,30.90251,1,772BA0E9-AC30-CEA6-AA1B-18A0300702AA
10.593193,31.09388,1,772BA0E9-AC30-CEA6-AA1B-18A0300702AA
18.538076,20.51443,2,772BA0E9-AC30-CEA6-AA1B-18A0300702AA
19.294188,21.056633,2,772BA0E9-AC30-CEA6-AA1B-18A0300702AA
19.235176,21.080755,2,772BA0E9-AC30-CEA6-AA1B-18A0300702AA
20.145761,22.589125,2,772BA0E9-AC30-CEA6-AA1B-18A0300702AA
20.519346,22.844501,2,772BA0E9-AC30-CEA6-AA1B-18A0300702AA
20.85005,23.005426,2,772BA0E9-AC30-CEA6-AA1B-18A0300702AA
20.294529,12.530941,2,772BA0E9-AC30-CEA6-AA1B-18A0300702AA
20.222818,12.730878,2,772BA0E9-AC30-CEA6-AA1B-18A0300702AA
20.340065,14.103979,1,772BA0E9-AC30-CEA6-AA1B-18A0300702AA
20.063557,15.1261425,1,772BA0E9-AC30-CEA6-AA1B-18A0300702AA
19.59531,15.984099,1,772BA0E9-AC30-CEA6-AA1B-18A0300702AA
19.383026,16.35021,2,772BA0E9-AC30-CEA6-AA1B-18A0300702AA
-61.99607,-23.857307,2,77F6B31E-B228-3C6D-A66F-E7E6FDED3587
-61.740303,-23.335957,2,77F6B31E-B228-3C6D-A66F-E7E6FDED3587
-61.278603,-22.711855,2,77F6B31E-B228-3C6D-A66F-E7E6FDED3587
-60.899666,-22.06665,2,77F6B31E-B228-3C6D-A66F-E7E6FDED3587
-60.672504,-21.341314,2,77F6B31E-B228-3C6D-A66F-E7E6FDED3587
-60.652782,-20.736364,2,77F6B31E-B228-3C6D-A66F-E7E6FDED3587
54.573765,49.79809,1,77F6B31E-B228-3C6D-A66F-E7E6FDED3587
53.473774,49.43172,1,77F6B31E-B228-3C6D-A66F-E7E6FDED3587
52.964153,49.248512,1,77F6B31E-B228-3C6D-A66F-E7E6FDED3587
50.335617,48.12898,1,77F6B31E-B228-3C6D-A66F-E7E6FDED3587
49.71027,48.01876,1,77F6B31E-B228-3C6D-A66F-E7E6FDED3587
49.567577,47.99543,1,77F6B31E-B228-3C6D-A66F-E7E6FDED3587
-66.742485,-13.5391655,2,77F6B31E-B228-3C6D-A66F-E7E6FDED3587
-67.24924,-13.182903,2,77F6B31E-B228-3C6D-A66F-E7E6FDED3587
-67.695076,-12.836082,2,77F6B31E-B228-3C6D-A66F-E7E6FDED3587
-68.169304,-12.014078,2,77F6B31E-B228-3C6D-A66F-E7E6FDED3587
-68.887184,-11.252563,2,77F6B31E-B228-3C6D-A66F-E7E6FDED3587
-24.029797,-27.186678,2,77F6B31E-B228-3C6D-A66F-E7E6FDED3587
-61.177612,1.3659172,2,7B8B31F4-FFC3-7A4E-3EAF-78D5CA8ACB61
-36.92702,-5.3866806,2,7B8B31F4-FFC3-7A4E-3EAF-78D5CA8ACB61
-29.811966,-24.123928,1,7B8B31F4-FFC3-7A4E-3EAF-78D5CA8ACB61
-29.145254,-24.498108,1,7B8B31F4-FFC3-7A4E-3EAF-78D5CA8ACB61
-28.763144,-24.639046,1,7B8B31F4-FFC3-7A4E-3EAF-78D5CA8ACB61
-28.171772,-24.219133,2,7B8B31F4-FFC3-7A4E-3EAF-78D5CA8ACB61
-11.85694,-1.5686288,1,7B8B31F4-FFC3-7A4E-3EAF-78D5CA8ACB61
-11.700535,-1.5610805,1,7B8B31F4-FFC3-7A4E-3EAF-78D5CA8ACB61
-9.34909,-1.3022792,1,7B8B31F4-FFC3-7A4E-3EAF-78D5CA8ACB61
-9.105806,-1.2772648,1,7B8B31F4-FFC3-7A4E-3EAF-78D5CA8ACB61
-7.8973317,-0.9314239,1,7B8B31F4-FFC3-7A4E-3EAF-78D5CA8ACB61
-7.7492623,-0.8883079,1,7B8B31F4-FFC3-7A4E-3EAF-78D5CA8ACB61
8.391075,-68.73335,2,7B8B31F4-FFC3-7A4E-3EAF-78D5CA8ACB61
8.448125,-68.71658,2,7B8B31F4-FFC3-7A4E-3EAF-78D5CA8ACB61
9.597179,-68.11009,2,7B8B31F4-FFC3-7A4E-3EAF-78D5CA8ACB61
35.381115,-2.1579971,2,7B8B31F4-FFC3-7A4E-3EAF-78D5CA8ACB61
36.068027,-1.8126112,2,7B8B31F4-FFC3-7A4E-3EAF-78D5CA8ACB61
36.246487,-1.7116544,2,7B8B31F4-FFC3-7A4E-3EAF-78D5CA8ACB61
13.275844,-24.064705,2,7DC9729F-BA27-3831-6078-F8508766396A
13.033048,-24.078455,2,7DC9729F-BA27-3831-6078-F8508766396A
11.955561,-24.29157,2,7DC9729F-BA27-3831-6078-F8508766396A
-31.097166,5.3807898,2,7DC9729F-BA27-3831-6078-F8508766396A
-31.210066,5.7075467,2,7DC9729F-BA27-3831-6078-F8508766396A
-31.386822,6.3334193,2,7DC9729F-BA27-3831-6078-F8508766396A
-4.2215686,-21.396093,2,7DC9729F-BA27-3831-6078-F8508766396A
-3.5557237,-20.957397,2,7DC9729F-BA27-3831-6078-F8508766396A
-3.252045,-20.811941,2,7DC9729F-BA27-3831-6078-F8508766396A
-1.9030539,-20.3483,2,7DC9729F-BA27-3831-6078-F8508766396A
46.027046,18.867899,0,7DC9729F-BA27-3831-6078-F8508766396A
46.037518,18.16037,0,7DC9729F-BA27-3831-6078-F8508766396A
45.690636,17.90303,0,7DC9729F-BA27-3831-6078-F8508766396A
45.652206,17.535337,0,7DC9729F-BA27-3831-6078-F8508766396A
44.70568,17.832516,0,7DC9729F-BA27-3831-6078-F8508766396A
43.906136,17.862925,0,7DC9729F-BA27-3831-6078-F8508766396A
65.376076,4.4130387,0,7DC9729F-BA27-3831-6078-F8508766396A
64.835724,4.189798,0,7DC9729F-BA27-3831-6078-F8508766396A
64.29725,4.1350155,0,7DC9729F-BA27-3831-6078-F8508766396A
63.835583,4.1448402,0,7DC9729F-BA27-3831-6078-F8508766396A
63.211662,5.1877503,2,7DC9729F-BA27-3831-6078-F8508766396A
62.822006,5.502018,2,7DC9729F-BA27-3831-6078-F8508766396A
60.698853,6.7530594,2,7DC9729F-BA27-3831-6078-F8508766396A
60.630527,6.816023,2,7DC9729F-BA27-3831-6078-F8508766396A
14.544325,-7.955653,2,7DC9729F-BA27-3831-6078-F8508766396A
14.7404175,-7.8762665,0,7DC9729F-BA27-3831-6078-F8508766396A
14.218866,-7.678541,0,7DC9729F-BA27-3831-6078-F8508766396A
12.753411,-6.656694,0,7DC9729F-BA27-3831-6078-F8508766396A
11.418655,-5.841865,0,7DC9729F-BA27-3831-6078-F8508766396A
11.389891,-5.8117905,0,7DC9729F-BA27-3831-6078-F8508766396A
-40.090034,38.436043,2,7FB7C50A-30EA-A991-0C04-7FFA681B8803
-40.087322,38.392178,2,7FB7C50A-30EA-A991-0C04-7FFA681B8803
-15.395791,-26.140846,2,7FB7C50A-30EA-A991-0C04-7FFA681B8803
-15.410072,-26.154707,2,7FB7C50A-30EA-A991-0C04-7FFA681B8803
-40.791992,-17.933558,2,7FB7C50A-30EA-A991-0C04-7FFA681B8803
-41.010162,-18.038065,2,7FB7C50A-30EA-A991-0C04-7FFA681B8803
8.08794,-26.632315,2,7FB7C50A-30EA-A991-0C04-7FFA681B8803
8.105476,-26.627682,2,7FB7C50A-30EA-A991-0C04-7FFA681B8803
6.3090215,-27.249361,2,7FB7C50A-30EA-A991-0C04-7FFA681B8803
5.856137,-27.398813,2,7FB7C50A-30EA-A991-0C04-7FFA681B8803
4.312629,-27.940395,2,7FB7C50A-30EA-A991-0C04-7FFA681B8803
4.0860972,-28.01337,0,7FB7C50A-30EA-A991-0C04-7FFA681B8803
50.33044,25.993027,1,7FB7C50A-30EA-A991-0C04-7FFA681B8803
49.617992,26.02523,1,7FB7C50A-30EA-A991-0C04-7FFA681B8803
49.10372,25.97909,1,7FB7C50A-30EA-A991-0C04-7FFA681B8803
48.308716,25.93424,1,7FB7C50A-30EA-A991-0C04-7FFA681B8803
47.79867,25.846502,2,7FB7C50A-30EA-A991-0C04-7FFA681B8803
0.04712578,-21.251442,2,7FB7C50A-30EA-A991-0C04-7FFA681B8803
-55.872303,-27.466513,2,7FB7C50A-30EA-A991-0C04-7FFA681B8803
-55.450035,-26.703983,2,7FB7C50A-30EA-A991-0C04-7FFA681B8803
-55.358135,-26.334452,0,7FB7C50A-30EA-A991-0C04-7FFA681B8803
25.334675,-30.153181,0,7FB7C50A-30EA-A991-0C04-7FFA681B8803
25.432528,-29.890354,0,7FB7C50A-30EA-A991-0C04-7FFA681B8803
25.777754,-29.03315,0,7FB7C50A-30EA-A991-0C04-7FFA681B8803
-26.688967,-17.291754,2,8322EDEF-4C09-318A-1B7E-56D62A6839AD
-26.857025,-17.343681,2,8322EDEF-4C09-318A-1B7E-56D62A6839AD
-25.244482,-41.021824,2,8322EDEF-4C09-318A-1B7E-56D62A6839AD
-25.164583,-41.196342,0,8322EDEF-4C09-318A-1B7E-56D62A6839AD
-24.592121,-41.269417,0,8322EDEF-4C09-318A-1B7E-56D62A6839AD
-23.739414,-41.226147,0,8322EDEF-4C09-318A-1B7E-56D62A6839AD
54.36012,8.191939,2,8322EDEF-4C09-318A-1B7E-56D62A6839AD
54.600384,7.4730973,2,8322EDEF-4C09-318A-1B7E-56D62A6839AD
54.7142,7.046083,2,8322EDEF-4C09-318A-1B7E-56D62A6839AD
54.935097,6.1533537,0,8322EDEF-4C09-318A-1B7E-56D62A6839AD
55.215916,5.597248,0,8322EDEF-4C09-318A-1B7E-56D62A6839AD
55.432262,5.008507,0,8322EDEF-4C09-318A-1B7E-56D62A6839AD
-39.84454,-4.335667,0,8322EDEF-4C09-318A-1B7E-56D62A6839AD
-39.75126,-4.453018,0,8322EDEF-4C09-318A-1B7E-56D62A6839AD
-38.852448,-5.4139132,0,8322EDEF-4C09-318A-1B7E-56D62A6839AD
12.211604,-18.59181,0,8322EDEF-4C09-318A-1B7E-56D62A6839AD
12.395523,-18.612179,0,8322EDEF-4C09-318A-1B7E-56D62A6839AD
59.935986,-30.94652,0,8322EDEF-4C09-318A-1B7E-56D62A6839AD
59.94981,-30.963428,0,8322EDEF-4C09-318A-1B7E-56D62A6839AD
59.9732,-33.05305,0,8322EDEF-4C09-318A-1B7E-56D62A6839AD
59.9772,-33.522312,0,8322EDEF-4C09-318A-1B7E-56D62A6839AD
60.00754,-34.192074,0,8322EDEF-4C09-318A-1B7E-56D62A6839AD
60.20198,-37.4479,0,8322EDEF-4C09-318A-1B7E-56D62A6839AD
60.20352,-37.523052,0,8322EDEF-4C09-318A-1B7E-56D62A6839AD
54.424232,38.982433,2,8322EDEF-4C09-318A-1B7E-56D62A6839AD
54.44607,38.984768,2,8322EDEF-4C09-318A-1B7E-56D62A6839AD
21.473488,-35.522747,2,8322EDEF-4C09-318A-1B7E-56D62A6839AD
21.617493,-35.99769,2,8322EDEF-4C09-318A-1B7E-56D62A6839AD
21.682117,-36.288506,2,8322EDEF-4C09-318A-1B7E-56D62A6839AD
28.22833,-14.51498,2,8322EDEF-4C09-318A-1B7E-56D62A6839AD
69.57341,-11.400871,0,8322EDEF-4C09-318A-1B7E-56D62A6839AD
69.56892,-11.396782,0,8322EDEF-4C09-318A-1B7E-56D62A6839AD
-42.717617,22.494999,2,8407F9C4-C295-8C95-C281-584AF2118F84
-42.72692,22.483374,2,8407F9C4-C295-8C95-C281-584AF2118F84
-57.507336,29.479439,2,8407F9C4-C295-8C95-C281-584AF2118F84
-57.789055,30.052208,2,8407F9C4-C295-8C95-C281-584AF2118F84
-57.952713,30.4569,2,8407F9C4-C295-8C95-C281-584AF2118F84
-57.823723,30.814327,2,8407F9C4-C295-8C95-C281-584AF2118F84
-26.709404,35.671516,2,8407F9C4-C295-8C95-C281-584AF2118F84
-26.69911,35.676823,2,8407F9C4-C295-8C95-C281-584AF2118F84
-25.850681,35.47707,2,8407F9C4-C295-8C95-C281-584AF2118F84
13.490544,-11.329511,2,8407F9C4-C295-8C95-C281-584AF2118F84
13.644339,-10.924868,2,8407F9C4-C295-8C95-C281-584AF2118F84
13.907917,-10.811703,2,8407F9C4-C295-8C95-C281-584AF2118F84
-14.441587,-38.19427,2,85748DC9-A6DA-334D-6422-BF69EE06A98C
-14.4446535,-38.176598,2,85748DC9-A6DA-334D-6422-BF69EE06A98C
-13.769238,-37.413826,2,85748DC9-A6DA-334D-6422-BF69EE06A98C
-13.00364,-35.595913,2,85748DC9-A6DA-334D-6422-BF69EE06A98C
-12.769404,-34.55876,2,85748DC9-A6DA-334D-6422-BF69EE06A98C
-12.70675,-34.196846,2,85748DC9-A6DA-334D-6422-BF69EE06A98C
73.56617,-0.123613834,0,85748DC9-A6DA-334D-6422-BF69EE06A98C
74.47169,-0.352586,0,85748DC9-A6DA-334D-6422-BF69EE06A98C
75.17447,-0.4879355,0,85748DC9-A6DA-334D-6422-BF69EE06A98C
76.43709,-0.609033,0,85748DC9-A6DA-334D-6422-BF69EE06A98C
76.821,-0.6906508,0,85748DC9-A6DA-334D-6422-BF69EE06A98C
77.58227,-0.8319426,0,85748DC9-A6DA-334D-6422-BF69EE06A98C
46.70181,22.75675,2,85748DC9-A6DA-334D-6422-BF69EE06A98C
46.824112,22.746424,2,85748DC9-A6DA-334D-6422-BF69EE06A98C
44.489227,-41.038296,2,85748DC9-A6DA-334D-6422-BF69EE06A98C
45.288616,-40.571293,2,85748DC9-A6DA-334D-6422-BF69EE06A98C
45.261307,-40.605846,0,85748DC9-A6DA-334D-6422-BF69EE06A98C
46.004185,-40.0437,0,85748DC9-A6DA-334D-6422-BF69EE06A98C
-68.2411,-21.51873,2,862DB2BA-55C9-5794-03BC-FBBA3BEE80C7
-68.3093,-21.506151,2,862DB2BA-55C9-5794-03BC-FBBA3BEE80C7
32.462677,-36.706455,2,862DB2BA-55C9-5794-03BC-FBBA3BEE80C7
32.198097,-36.193172,2,862DB2BA-55C9-5794-03BC-FBBA3BEE80C7
31.851133,-35.443886,2,862DB2BA-55C9-5794-03BC-FBBA3BEE80C7
31.717539,-35.165188,2,862DB2BA-55C9-5794-03BC-FBBA3BEE80C7
-52.094566,-4.012644,2,862DB2BA-55C9-5794-03BC-FBBA3BEE80C7
-52.59317,-4.812632,2,862DB2BA-55C9-5794-03BC-FBBA3BEE80C7
-52.71532,-5.095889,2,862DB2BA-55C9-5794-03BC-FBBA3BEE80C7
-54.151848,-6.4077587,0,862DB2BA-55C9-5794-03BC-FBBA3BEE80C7
-54.163464,-6.6980586,0,862DB2BA-55C9-5794-03BC-FBBA3BEE80C7
-53.43503,-7.9209623,0,862DB2BA-55C9-5794-03BC-FBBA3BEE80C7
-10.086132,-31.064713,2,862DB2BA-55C9-5794-03BC-FBBA3BEE80C7
-8.670531,-31.029018,2,862DB2BA-55C9-5794-03BC-FBBA3BEE80C7
-8.545951,-31.024406,2,862DB2BA-55C9-5794-03BC-FBBA3BEE80C7
64.45883,-0.19496965,2,862DB2BA-55C9-5794-03BC-FBBA3BEE80C7
64.687195,-0.85334975,2,862DB2BA-55C9-5794-03BC-FBBA3BEE80C7
64.81796,-1.4506551,2,862DB2BA-55C9-5794-03BC-FBBA3BEE80C7
64.83158,-2.1433866,2,862DB2BA-55C9-5794-03BC-FBBA3BEE80C7
64.597496,-2.9325774,2,862DB2BA-55C9-5794-03BC-FBBA3BEE80C7
64.21974,-3.8175173,0,862DB2BA-55C9-5794-03BC-FBBA3BEE80C7
19.458567,-11.907791,0,862DB2BA-55C9-5794-03BC-FBBA3BEE80C7
19.116104,-13.006018,2,862DB2BA-55C9-5794-03BC-FBBA3BEE80C7
18.981247,-12.656669,2,862DB2BA-55C9-5794-03BC-FBBA3BEE80C7
18.778376,-12.214,2,862DB2BA-55C9-5794-03BC-FBBA3BEE80C7
13.070461,18.987732,2,862DB2BA-55C9-5794-03BC-FBBA3BEE80C7
13.274669,19.598259,2,862DB2BA-55C9-5794-03BC-FBBA3BEE80C7
13.69741,20.554996,2,862DB2BA-55C9-5794-03BC-FBBA3BEE80C7
13.908918,20.913633,2,862DB2BA-55C9-5794-03BC-FBBA3BEE80C7
14.472202,21.507734,2,862DB2BA-55C9-5794-03BC-FBBA3BEE80C7
-29.362932,11.59854,1,862DB2BA-55C9-5794-03BC-FBBA3BEE80C7
12.986373,41.802025,2,862DB2BA-55C9-5794-03BC-FBBA3BEE80C7
12.860687,41.365192,2,862DB2BA-55C9-5794-03BC-FBBA3BEE80C7
12.612086,40.4405,2,862DB2BA-55C9-5794-03BC-FBBA3BEE80C7
12.455652,39.677048,2,862DB2BA-55C9-5794-03BC-FBBA3BEE80C7
12.363939,38.785923,2,862DB2BA-55C9-5794-03BC-FBBA3BEE80C7
-62.185955,-6.914409,2,8690E8B6-9B41-5F0E-C518-8F2D028C6690
-39.34172,-21.76953,2,8690E8B6-9B41-5F0E-C518-8F2D028C6690
-39.174015,-21.712414,2,8690E8B6-9B41-5F0E-C518-8F2D028C6690
-21.504227,-21.46622,1,8690E8B6-9B41-5F0E-C518-8F2D028C6690
-21.03377,-21.924234,1,8690E8B6-9B41-5F0E-C518-8F2D028C6690
-20.876457,-22.089777,1,8690E8B6-9B41-5F0E-C518-8F2D028C6690
-59.601192,4.6444807,2,8690E8B6-9B41-5F0E-C518-8F2D028C6690
-59.602924,4.560863,2,8690E8B6-9B41-5F0E-C518-8F2D028C6690
-58.985962,5.232055,2,8690E8B6-9B41-5F0E-C518-8F2D028C6690
-34.87423,-23.691856,2,8690E8B6-9B41-5F0E-C518-8F2D028C6690
-32.882263,-23.548067,2,8690E8B6-9B41-5F0E-C518-8F2D028C6690
-32.48813,-23.543268,2,8690E8B6-9B41-5F0E-C518-8F2D028C6690
3.7604673,0.06294658,2,8690E8B6-9B41-5F0E-C518-8F2D028C6690
-11.150929,-47.87405,2,8690E8B6-9B41-5F0E-C518-8F2D028C6690
-11.11206,-47.79717,2,8690E8B6-9B41-5F0E-C518-8F2D028C6690
-10.672527,-47.030987,2,8690E8B6-9B41-5F0E-C518-8F2D028C6690
-9.790353,-45.57909,2,8690E8B6-9B41-5F0E-C518-8F2D028C6690
-9.498877,-44.921715,0,8690E8B6-9B41-5F0E-C518-8F2D028C6690
-37.534294,10.451977,2,874A6B13-C999-C802-1138-FA198591D897
-37.540688,10.460983,2,874A6B13-C999-C802-1138-FA198591D897
18.290586,-1.6953818,2,874A6B13-C999-C802-1138-FA198591D897
18.677168,-1.7788516,2,874A6B13-C999-C802-1138-FA198591D897
19.206568,-1.8589281,2,874A6B13-C999-C802-1138-FA198591D897
19.68088,-2.2105112,2,874A6B13-C999-C802-1138-FA198591D897
-28.624107,56.22923,2,874A6B13-C999-C802-1138-FA198591D897
-28.60846,56.27435,2,874A6B13-C999-C802-1138-FA198591D897
-27.487682,59.564297,2,874A6B13-C999-C802-1138-FA198591D897
-27.462063,59.636078,2,874A6B13-C999-C802-1138-FA198591D897
-26.425695,61.838768,2,874A6B13-C999-C802-1138-FA198591D897
-26.420185,61.85881,2,874A6B13-C999-C802-1138-FA198591D897
15.578397,-10.498557,2,874A6B13-C999-C802-1138-FA198591D897
-30.307318,48.567944,2,874A6B13-C999-C802-1138-FA198591D897
-30.335278,48.636467,2,874A6B13-C999-C802-1138-FA198591D897
-30.284643,49.835716,2,874A6B13-C999-C802-1138-FA198591D897
-30.570103,50.46813,2,874A6B13-C999-C802-1138-FA198591D897
-30.799042,50.94792,2,874A6B13-C999-C802-1138-FA198591D897
-51.760532,29.453754,1,9268F759-54B0-96CC-C0F5-9D8DBAA12073
-51.721165,29.524374,0,9268F759-54B0-96CC-C0F5-9D8DBAA12073
-5.568787,6.7527533,0,9268F759-54B0-96CC-C0F5-9D8DBAA12073
-5.59291,7.2249503,0,9268F759-54B0-96CC-C0F5-9D8DBAA12073
-5.518295,7.5806646,0,9268F759-54B0-96CC-C0F5-9D8DBAA12073
-5.4348583,8.121942,0,9268F759-54B0-96CC-C0F5-9D8DBAA12073
39.17747,8.438171,2,9268F759-54B0-96CC-C0F5-9D8DBAA12073
39.188034,8.44049,2,9268F759-54B0-96CC-C0F5-9D8DBAA12073
23.387777,47.10071,2,9268F759-54B0-96CC-C0F5-9D8DBAA12073
23.423061,47.020786,2,9268F759-54B0-96CC-C0F5-9D8DBAA12073
23.84972,46.29861,2,9268F759-54B0-96CC-C0F5-9D8DBAA12073
24.311169,45.52167,2,9268F759-54B0-96CC-C0F5-9D8DBAA12073
0.7886932,23.6196,1,9268F759-54B0-96CC-C0F5-9D8DBAA12073
1.1514308,23.268904,1,9268F759-54B0-96CC-C0F5-9D8DBAA12073
1.6889985,22.809502,1,9268F759-54B0-96CC-C0F5-9D8DBAA12073
2.3070898,22.2995,1,9268F759-54B0-96CC-C0F5-9D8DBAA12073
3.5585084,21.258974,1,9268F759-54B0-96CC-C0F5-9D8DBAA12073
3.794969,21.133171,1,9268F759-54B0-96CC-C0F5-9D8DBAA12073
4.7174244,20.770597,1,9268F759-54B0-96CC-C0F5-9D8DBAA12073
33.361607,37.74808,1,9268F759-54B0-96CC-C0F5-9D8DBAA12073
34.15189,37.375263,1,9268F759-54B0-96CC-C0F5-9D8DBAA12073
34.860104,37.13986,1,9268F759-54B0-96CC-C0F5-9D8DBAA12073
35.16239,36.947136,1,9268F759-54B0-96CC-C0F5-9D8DBAA12073
35.761738,36.522583,1,9268F759-54B0-96CC-C0F5-9D8DBAA12073
-31.478346,-11.17366,2,94AA1B20-A5D9-F2B4-FD96-2F20A00FAE89
-31.165686,-12.169524,2,94AA1B20-A5D9-F2B4-FD96-2F20A00FAE89
-30.71759,-12.588553,2,94AA1B20-A5D9-F2B4-FD96-2F20A00FAE89
-30.450686,-12.769889,2,94AA1B20-A5D9-F2B4-FD96-2F20A00FAE89
-17.063347,-25.749771,0,94AA1B20-A5D9-F2B4-FD96-2F20A00FAE89
16.129864,-23.761517,0,94AA1B20-A5D9-F2B4-FD96-2F20A00FAE89
-24.319504,-55.815907,0,94AA1B20-A5D9-F2B4-FD96-2F20A00FAE89
-24.299309,-55.79328,0,94AA1B20-A5D9-F2B4-FD96-2F20A00FAE89
-49.218353,14.332789,0,94AA1B20-A5D9-F2B4-FD96-2F20A00FAE89
-48.614727,15.012431,1,94AA1B20-A5D9-F2B4-FD96-2F20A00FAE89
-48.250996,15.651002,1,94AA1B20-A5D9-F2B4-FD96-2F20A00FAE89
-48.172993,16.16823,1,94AA1B20-A5D9-F2B4-FD96-2F20A00FAE89
1.583233,-19.315773,2,94AA1B20-A5D9-F2B4-FD96-2F20A00FAE89
1.8895311,-19.104496,2,94AA1B20-A5D9-F2B4-FD96-2F20A00FAE89
3.0039754,-18.101118,2,94AA1B20-A5D9-F2B4-FD96-2F20A00FAE89
3.3056872,-17.90439,0,94AA1B20-A5D9-F2B4-FD96-2F20A00FAE89
3.7588212,-17.60207,0,94AA1B20-A5D9-F2B4-FD96-2F20A00FAE89
-1.0392804,8.420863,0,94AA1B20-A5D9-F2B4-FD96-2F20A00FAE89
-17.313791,-61.80383,2,94AA1B20-A5D9-F2B4-FD96-2F20A00FAE89
-17.767782,-61.90792,2,94AA1B20-A5D9-F2B4-FD96-2F20A00FAE89
-18.03992,-62.00322,2,94AA1B20-A5D9-F2B4-FD96-2F20A00FAE89
-36.968674,32.915573,2,94AA1B20-A5D9-F2B4-FD96-2F20A00FAE89
-37.714,33.211143,1,94AA1B20-A5D9-F2B4-FD96-2F20A00FAE89
-38.057343,33.16816,1,94AA1B20-A5D9-F2B4-FD96-2F20A00FAE89
-67.70368,12.992995,1,94AA1B20-A5D9-F2B4-FD96-2F20A00FAE89
-68.576485,12.891124,2,94AA1B20-A5D9-F2B4-FD96-2F20A00FAE89
-69.674255,12.628481,2,94AA1B20-A5D9-F2B4-FD96-2F20A00FAE89
-70.24535,12.935983,2,94AA1B20-A5D9-F2B4-FD96-2F20A00FAE89
-71.04488,13.2975,2,94AA1B20-A5D9-F2B4-FD96-2F20A00FAE89
-71.34403,13.48886,2,94AA1B20-A5D9-F2B4-FD96-2F20A00FAE89
-8.327352,-4.691068,1,96B78431-4166-E4D3-2AA2-15BE2512E1D6
-39.54396,1.821655,1,96B78431-4166-E4D3-2AA2-15BE2512E1D6
-40.300602,1.5047675,1,96B78431-4166-E4D3-2AA2-15BE2512E1D6
-40.797573,1.2257549,1,96B78431-4166-E4D3-2AA2-15BE2512E1D6
-40.68436,0.42818835,1,96B78431-4166-E4D3-2AA2-15BE2512E1D6
-40.503525,-0.3391516,1,96B78431-4166-E4D3-2AA2-15BE2512E1D6
-12.230977,50.3113,2,96B78431-4166-E4D3-2AA2-15BE2512E1D6
-11.934203,50.24768,2,96B78431-4166-E4D3-2AA2-15BE2512E1D6
-11.046841,50.10361,2,96B78431-4166-E4D3-2AA2-15BE2512E1D6
-10.644783,50.000156,2,96B78431-4166-E4D3-2AA2-15BE2512E1D6
-5.5266066,37.576435,2,96B78431-4166-E4D3-2AA2-15BE2512E1D6
-5.5140047,37.546276,2,96B78431-4166-E4D3-2AA2-15BE2512E1D6
17.734344,-55.6818,1,96B78431-4166-E4D3-2AA2-15BE2512E1D6
17.086586,-55.32318,1,96B78431-4166-E4D3-2AA2-15BE2512E1D6
15.94994,-54.79211,1,96B78431-4166-E4D3-2AA2-15BE2512E1D6
15.4160795,-54.63366,1,96B78431-4166-E4D3-2AA2-15BE2512E1D6
14.763325,-54.51496,1,96B78431-4166-E4D3-2AA2-15BE2512E1D6
14.359737,-53.777016,1,96B78431-4166-E4D3-2AA2-15BE2512E1D6
-37.848503,-29.91655,2,99827717-1B21-7ECC-CAD1-99489F7E19EA
-37.84226,-29.913862,2,99827717-1B21-7ECC-CAD1-99489F7E19EA
-29.513098,-20.292624,2,99827717-1B21-7ECC-CAD1-99489F7E19EA
-29.326826,-20.217417,2,99827717-1B21-7ECC-CAD1-99489F7E19EA
-28.17844,-19.989695,2,99827717-1B21-7ECC-CAD1-99489F7E19EA
-27.619396,-19.899632,2,99827717-1B21-7ECC-CAD1-99489F7E19EA
-11.46359,-8.415243,2,99827717-1B21-7ECC-CAD1-99489F7E19EA
-10.725674,-7.517133,2,99827717-1B21-7ECC-CAD1-99489F7E19EA
-10.52891,-7.219277,2,99827717-1B21-7ECC-CAD1-99489F7E19EA
-39.564453,-39.949448,1,99827717-1B21-7ECC-CAD1-99489F7E19EA
-40.175163,-39.32635,2,99827717-1B21-7ECC-CAD1-99489F7E19EA
-40.256763,-39.181866,2,99827717-1B21-7ECC-CAD1-99489F7E19EA
61.57339,-19.249292,2,99827717-1B21-7ECC-CAD1-99489F7E19EA
61.778072,-19.495049,2,99827717-1B21-7ECC-CAD1-99489F7E19EA
62.459347,-20.090914,2,99827717-1B21-7ECC-CAD1-99489F7E19EA
63.69607,-20.525887,2,99827717-1B21-7ECC-CAD1-99489F7E19EA
63.85962,-20.56206,2,99827717-1B21-7ECC-CAD1-99489F7E19EA
49.30389,12.934968,2,99827717-1B21-7ECC-CAD1-99489F7E19EA
24.8378,-44.486267,2,99827717-1B21-7ECC-CAD1-99489F7E19EA
24.857828,-44.49433,2,99827717-1B21-7ECC-CAD1-99489F7E19EA
51.68322,-5.381497,2,99827717-1B21-7ECC-CAD1-99489F7E19EA
51.328068,-4.9257116,2,99827717-1B21-7ECC-CAD1-99489F7E19EA
50.82617,-4.3870444,2,99827717-1B21-7ECC-CAD1-99489F7E19EA
49.83865,-3.4791086,2,99827717-1B21-7ECC-CAD1-99489F7E19EA
49.53418,-3.228331,2,99827717-1B21-7ECC-CAD1-99489F7E19EA
48.894802,-2.8857512,2,99827717-1B21-7ECC-CAD1-99489F7E19EA
-81.41887,9.344807,1,99C0C5AE-01AD-1BB2-A36B-74B166CB26BA
-81.00254,9.205714,1,99C0C5AE-01AD-1BB2-A36B-74B166CB26BA
-79.591675,8.716276,1,99C0C5AE-01AD-1BB2-A36B-74B166CB26BA
-79.244026,8.637276,1,99C0C5AE-01AD-1BB2-A36B-74B166CB26BA
-77.663605,8.745251,1,99C0C5AE-01AD-1BB2-A36B-74B166CB26BA
-77.65843,8.747056,1,99C0C5AE-01AD-1BB2-A36B-74B166CB26BA
-22.389898,50.481453,1,99C0C5AE-01AD-1BB2-A36B-74B166CB26BA
-22.6273,50.359886,1,99C0C5AE-01AD-1BB2-A36B-74B166CB26BA
-24.053057,49.602108,1,99C0C5AE-01AD-1BB2-A36B-74B166CB26BA
-24.521618,49.42262,1,99C0C5AE-01AD-1BB2-A36B-74B166CB26BA
-25.489283,49.136295,1,99C0C5AE-01AD-1BB2-A36B-74B166CB26BA
-26.189165,48.94375,1,99C0C5AE-01AD-1BB2-A36B-74B166CB26BA
18.72418,-23.17818,2,99C0C5AE-01AD-1BB2-A36B-74B166CB26BA
67.04497,36.123985,1,99C0C5AE-01AD-1BB2-A36B-74B166CB26BA
67.36117,36.810467,1,99C0C5AE-01AD-1BB2-A36B-74B166CB26BA
67.77792,37.16255,1,99C0C5AE-01AD-1BB2-A36B-74B166CB26BA
67.775826,37.258408,1,99C0C5AE-01AD-1BB2-A36B-74B166CB26BA
67.548584,38.257504,1,99C0C5AE-01AD-1BB2-A36B-74B166CB26BA
59.368412,40.211052,1,99C0C5AE-01AD-1BB2-A36B-74B166CB26BA
59.526756,40.26004,1,99C0C5AE-01AD-1BB2-A36B-74B166CB26BA
60.450523,40.40182,1,99C0C5AE-01AD-1BB2-A36B-74B166CB26BA
62.116184,40.380745,1,99C0C5AE-01AD-1BB2-A36B-74B166CB26BA
62.64435,40.324917,1,99C0C5AE-01AD-1BB2-A36B-74B166CB26BA
63.010784,40.276722,1,99C0C5AE-01AD-1BB2-A36B-74B166CB26BA
33.598557,23.131693,1,99C0C5AE-01AD-1BB2-A36B-74B166CB26BA
33.59923,23.129484,1,99C0C5AE-01AD-1BB2-A36B-74B166CB26BA
50.735012,-26.317307,2,9A80CFF4-085D-6435-BA08-18E6496A8381
50.73583,-26.313217,2,9A80CFF4-085D-6435-BA08-18E6496A8381
-38.52211,-24.754848,2,9A80CFF4-085D-6435-BA08-18E6496A8381
-37.787167,-24.861168,2,9A80CFF4-085D-6435-BA08-18E6496A8381
-37.329945,-24.939266,0,9A80CFF4-085D-6435-BA08-18E6496A8381
45.21883,7.4497905,0,9A80CFF4-085D-6435-BA08-18E6496A8381
-52.478725,14.423371,2,9A80CFF4-085D-6435-BA08-18E6496A8381
-52.49734,14.4131775,2,9A80CFF4-085D-6435-BA08-18E6496A8381
-30.708693,34.722122,2,9A80CFF4-085D-6435-BA08-18E6496A8381
-30.945477,34.5332,2,9A80CFF4-085D-6435-BA08-18E6496A8381
-31.351154,34.23678,2,9A80CFF4-085D-6435-BA08-18E6496A8381
-25.889526,-23.412691,2,9A80CFF4-085D-6435-BA08-18E6496A8381
29.270754,4.174907,2,9A80CFF4-085D-6435-BA08-18E6496A8381
29.261007,4.091433,2,9A80CFF4-085D-6435-BA08-18E6496A8381
30.072813,5.7456717,2,9A80CFF4-085D-6435-BA08-18E6496A8381
29.414085,7.173462,2,9A80CFF4-085D-6435-BA08-18E6496A8381
29.797565,7.47269,2,9A80CFF4-085D-6435-BA08-18E6496A8381
30.116673,7.686013,2,9A80CFF4-085D-6435-BA08-18E6496A8381
1.7141333,11.487914,0,9C694EBE-9421-F45A-ED92-F521991A6A52
1.7191465,11.496015,2,9C694EBE-9421-F45A-ED92-F521991A6A52
2.5949447,12.916428,2,9C694EBE-9421-F45A-ED92-F521991A6A52
2.6896913,13.0608835,2,9C694EBE-9421-F45A-ED92-F521991A6A52
-10.345662,58.59418,0,9C694EBE-9421-F45A-ED92-F521991A6A52
-10.343292,58.59639,0,9C694EBE-9421-F45A-ED92-F521991A6A52
-72.06109,-1.5902565,0,9C694EBE-9421-F45A-ED92-F521991A6A52
-23.71919,37.776287,0,9C694EBE-9421-F45A-ED92-F521991A6A52
-22.876562,37.61808,0,9C694EBE-9421-F45A-ED92-F521991A6A52
-22.622461,37.592445,2,9C694EBE-9421-F45A-ED92-F521991A6A52
-14.413304,31.43831,2,9C694EBE-9421-F45A-ED92-F521991A6A52
-15.0588,31.53494,2,9C694EBE-9421-F45A-ED92-F521991A6A52
-15.99385,31.54162,2,9C694EBE-9421-F45A-ED92-F521991A6A52
-16.510298,31.465275,0,9C694EBE-9421-F45A-ED92-F521991A6A52
8.182432,6.571667,2,9C694EBE-9421-F45A-ED92-F521991A6A52
8.195205,6.098772,0,9C694EBE-9421-F45A-ED92-F521991A6A52
8.601117,5.6330147,2,9C694EBE-9421-F45A-ED92-F521991A6A52
8.757196,5.555414,2,9C694EBE-9421-F45A-ED92-F521991A6A52
17.426006,44.56573,0,9C694EBE-9421-F45A-ED92-F521991A6A52
17.828316,43.966633,2,9C694EBE-9421-F45A-ED92-F521991A6A52
18.043644,43.663624,2,9C694EBE-9421-F45A-ED92-F521991A6A52
-2.2327123,20.309313,2,9C694EBE-9421-F45A-ED92-F521991A6A52
-2.2440937,20.306786,2,9C694EBE-9421-F45A-ED92-F521991A6A52
-39.524193,-7.1056,0,9C694EBE-9421-F45A-ED92-F521991A6A52
53.75669,-20.7397,0,9C694EBE-9421-F45A-ED92-F521991A6A52
53.766655,-20.725971,2,9C694EBE-9421-F45A-ED92-F521991A6A52
-57.945446,2.71571,2,9E6EBCE2-44FB-8F07-4135-E91140B34096
-49.346447,-27.159122,2,9E6EBCE2-44FB-8F07-4135-E91140B34096
-49.516586,-27.128649,0,9E6EBCE2-44FB-8F07-4135-E91140B34096
-51.774155,-29.080425,0,9E6EBCE2-44FB-8F07-4135-E91140B34096
-51.854275,-29.202799,0,9E6EBCE2-44FB-8F07-4135-E91140B34096
-52.253647,-30.818401,0,9E6EBCE2-44FB-8F07-4135-E91140B34096
-29.516935,-29.572989,0,9E6EBCE2-44FB-8F07-4135-E91140B34096
-29.549923,-29.629211,2,9E6EBCE2-44FB-8F07-4135-E91140B34096
-30.166555,-30.300053,2,9E6EBCE2-44FB-8F07-4135-E91140B34096
-49.75436,-8.449037,2,9E6EBCE2-44FB-8F07-4135-E91140B34096
-70.69111,30.268738,2,9E6EBCE2-44FB-8F07-4135-E91140B34096
-70.69035,30.272903,2,9E6EBCE2-44FB-8F07-4135-E91140B34096
-36.972683,4.0276427,2,9E6EBCE2-44FB-8F07-4135-E91140B34096
-36.964233,4.027508,2,9E6EBCE2-44FB-8F07-4135-E91140B34096
-16.338465,-2.2238238,2,9E6EBCE2-44FB-8F07-4135-E91140B34096
-16.3167,-2.1865487,2,9E6EBCE2-44FB-8F07-4135-E91140B34096
-14.73047,-1.6419309,2,9E6EBCE2-44FB-8F07-4135-E91140B34096
-14.561544,-1.6134421,0,9E6EBCE2-44FB-8F07-4135-E91140B34096
-3.698757,-12.577274,2,A135AF2A-692D-9C83-AB54-34F977E4D14D
-3.0973415,-11.984162,2,A135AF2A-692D-9C83-AB54-34F977E4D14D
-2.7012725,-11.622715,2,A135AF2A-692D-9C83-AB54-34F977E4D14D
-1.4865434,-10.722161,2,A135AF2A-692D-9C83-AB54-34F977E4D14D
-1.3388082,-10.617885,2,A135AF2A-692D-9C83-AB54-34F977E4D14D
-21.325953,37.49629,2,A135AF2A-692D-9C83-AB54-34F977E4D14D
1.2474395,-41.16222,2,A135AF2A-692D-9C83-AB54-34F977E4D14D
1.6469818,-40.873028,2,A135AF2A-692D-9C83-AB54-34F977E4D14D
2.0769231,-40.575993,2,A135AF2A-692D-9C83-AB54-34F977E4D14D
3.3280258,-39.67517,2,A135AF2A-692D-9C83-AB54-34F977E4D14D
3.7631347,-39.395798,2,A135AF2A-692D-9C83-AB54-34F977E4D14D
4.572072,-38.90609,0,A135AF2A-692D-9C83-AB54-34F977E4D14D
67.027596,17.07151,2,A135AF2A-692D-9C83-AB54-34F977E4D14D
67.69974,16.973015,2,A135AF2A-692D-9C83-AB54-34F977E4D14D
68.22122,16.866743,2,A135AF2A-692D-9C83-AB54-34F977E4D14D
69.399376,16.578295,2,A135AF2A-692D-9C83-AB54-34F977E4D14D
70.275536,16.323872,2,A135AF2A-692D-9C83-AB54-34F977E4D14D
71.06593,16.110376,0,A135AF2A-692D-9C83-AB54-34F977E4D14D
-56.09935,-31.525608,2,A7C426E7-344F-99F4-6E35-453AF3AD9C2C
-56.08957,-31.533947,2,A7C426E7-344F-99F4-6E35-453AF3AD9C2C
-55.438255,-33.96732,2,A7C426E7-344F-99F4-6E35-453AF3AD9C2C
-55.406986,-34.619892,2,A7C426E7-344F-99F4-6E35-453AF3AD9C2C
-54.96945,-34.582886,2,A7C426E7-344F-99F4-6E35-453AF3AD9C2C
-53.819836,-34.81688,0,A7C426E7-344F-99F4-6E35-453AF3AD9C2C
-6.616959,12.09804,0,A7C426E7-344F-99F4-6E35-453AF3AD9C2C
-6.631928,12.105696,0,A7C426E7-344F-99F4-6E35-453AF3AD9C2C
-56.130257,-10.4978695,0,A7C426E7-344F-99F4-6E35-453AF3AD9C2C
-56.545967,-11.572609,2,A7C426E7-344F-99F4-6E35-453AF3AD9C2C
-56.59248,-11.68818,2,A7C426E7-344F-99F4-6E35-453AF3AD9C2C
-57.013584,-12.761224,2,A7C426E7-344F-99F4-6E35-453AF3AD9C2C
-43.6918,-21.907146,2,A7C426E7-344F-99F4-6E35-453AF3AD9C2C
-43.71072,-21.754313,2,A7C426E7-344F-99F4-6E35-453AF3AD9C2C
-48.027245,-23.087936,2,AB9921A8-F143-E101-6A47-E66882F571B2
-47.865234,-22.168066,2,AB9921A8-F143-E101-6A47-E66882F571B2
-47.65894,-21.89776,2,AB9921A8-F143-E101-6A47-E66882F571B2
-38.329243,-11.802425,2,AB9921A8-F143-E101-6A47-E66882F571B2
-37.710583,-12.151781,2,AB9921A8-F143-E101-6A47-E66882F571B2
-37.237743,-12.619762,1,AB9921A8-F143-E101-6A47-E66882F571B2
-6.41035,-20.213066,0,AB9921A8-F143-E101-6A47-E66882F571B2
-27.340776,-3.9884074,0,AB9921A8-F143-E101-6A47-E66882F571B2
-27.649948,-3.9299963,0,AB9921A8-F143-E101-6A47-E66882F571B2
-29.529545,-3.4723506,1,AB9921A8-F143-E101-6A47-E66882F571B2
-29.64135,-3.4107401,1,AB9921A8-F143-E101-6A47-E66882F571B2
-31.608377,9.02188,1,AB9921A8-F143-E101-6A47-E66882F571B2
-78.12521,-19.715355,2,AB9921A8-F143-E101-6A47-E66882F571B2
-77.77332,-19.875406,2,AB9921A8-F143-E101-6A47-E66882F571B2
-76.98661,-20.20459,1,AB9921A8-F143-E101-6A47-E66882F571B2
-76.608116,-20.57628,1,AB9921A8-F143-E101-6A47-E66882F571B2
-75.54909,-21.45516,1,AB9921A8-F143-E101-6A47-E66882F571B2
-46.47222,-25.194094,0,AB9921A8-F143-E101-6A47-E66882F571B2
-3.252567,73.80614,0,AB9921A8-F143-E101-6A47-E66882F571B2
-3.5623717,73.23342,0,AB9921A8-F143-E101-6A47-E66882F571B2
-3.734626,72.895706,2,AB9921A8-F143-E101-6A47-E66882F571B2
-4.6444974,71.06615,2,AB9921A8-F143-E101-6A47-E66882F571B2
-4.8548346,70.68706,2,AB9921A8-F143-E101-6A47-E66882F571B2
-5.0962954,70.25146,1,AB9921A8-F143-E101-6A47-E66882F571B2
60.980022,46.336514,1,AB9921A8-F143-E101-6A47-E66882F571B2
60.631054,46.569977,1,AB9921A8-F143-E101-6A47-E66882F571B2
60.134953,46.878746,1,AB9921A8-F143-E101-6A47-E66882F571B2
58.498947,47.83602,1,AB9921A8-F143-E101-6A47-E66882F571B2
57.888657,48.403194,1,AB9921A8-F143-E101-6A47-E66882F571B2
57.79445,48.516098,1,AB9921A8-F143-E101-6A47-E66882F571B2
16.312548,-15.925694,0,AB9921A8-F143-E101-6A47-E66882F571B2
15.980256,-15.830212,0,AB9921A8-F143-E101-6A47-E66882F571B2
15.497605,-15.7225,0,AB9921A8-F143-E101-6A47-E66882F571B2
14.43975,-15.509231,1,AB9921A8-F143-E101-6A47-E66882F571B2
31.887093,-10.248484,1,AB9921A8-F143-E101-6A47-E66882F571B2
31.965578,-10.444829,1,AB9921A8-F143-E101-6A47-E66882F571B2
70.17252,-17.105003,1,AB9921A8-F143-E101-6A47-E66882F571B2
70.1246,-17.131863,1,AB9921A8-F143-E101-6A47-E66882F571B2
52.450207,-13.083972,1,AB9921A8-F143-E101-6A47-E66882F571B2
51.75961,-13.022514,1,AB9921A8-F143-E101-6A47-E66882F571B2
51.249035,-12.939635,1,AB9921A8-F143-E101-6A47-E66882F571B2
49.408463,-12.733711,1,AB9921A8-F143-E101-6A47-E66882F571B2
49.304615,-12.695089,1,AB9921A8-F143-E101-6A47-E66882F571B2
65.64098,-17.093115,0,B06410CC-D778-33B2-B1FD-A828EE4AF413
60.215675,-2.7811782,2,B06410CC-D778-33B2-B1FD-A828EE4AF413
59.951557,-2.3784633,2,B06410CC-D778-33B2-B1FD-A828EE4AF413
58.96527,-1.1591343,2,B06410CC-D778-33B2-B1FD-A828EE4AF413
53.259693,11.120724,1,B06410CC-D778-33B2-B1FD-A828EE4AF413
52.74447,11.563482,2,B06410CC-D778-33B2-B1FD-A828EE4AF413
52.424942,11.706363,2,B06410CC-D778-33B2-B1FD-A828EE4AF413
52.07067,11.8772745,2,B06410CC-D778-33B2-B1FD-A828EE4AF413
30.102104,43.367367,2,B06410CC-D778-33B2-B1FD-A828EE4AF413
30.082455,43.396454,2,B06410CC-D778-33B2-B1FD-A828EE4AF413
-22.967781,42.048122,2,B06410CC-D778-33B2-B1FD-A828EE4AF413
-22.968428,42.091652,0,B06410CC-D778-33B2-B1FD-A828EE4AF413
36.023468,50.05117,0,B06410CC-D778-33B2-B1FD-A828EE4AF413
35.97563,50.222656,0,B06410CC-D778-33B2-B1FD-A828EE4AF413
35.849556,50.672787,0,B06410CC-D778-33B2-B1FD-A828EE4AF413
35.628708,51.49033,0,B06410CC-D778-33B2-B1FD-A828EE4AF413
30.34264,58.026722,2,B06410CC-D778-33B2-B1FD-A828EE4AF413
30.340183,58.030483,2,B06410CC-D778-33B2-B1FD-A828EE4AF413
31.887474,-4.5981026,2,B06410CC-D778-33B2-B1FD-A828EE4AF413
31.72193,-4.576955,0,B06410CC-D778-33B2-B1FD-A828EE4AF413
30.965292,-4.5312867,0,B06410CC-D778-33B2-B1FD-A828EE4AF413
30.073792,-4.596434,0,B06410CC-D778-33B2-B1FD-A828EE4AF413
28.296545,-3.3656354,0,B06410CC-D778-33B2-B1FD-A828EE4AF413
28.20873,-3.295233,0,B06410CC-D778-33B2-B1FD-A828EE4AF413
-45.332626,-37.988842,1,B0AAFE06-91C2-2C6D-4547-7508BB719E45
-45.714405,-38.19136,1,B0AAFE06-91C2-2C6D-4547-7508BB719E45
-47.26141,-38.67807,1,B0AAFE06-91C2-2C6D-4547-7508BB719E45
-47.95955,-38.871365,0,B0AAFE06-91C2-2C6D-4547-7508BB719E45
-48.572002,-39.11207,0,B0AAFE06-91C2-2C6D-4547-7508BB719E45
-52.631237,-41.306595,0,B0AAFE06-91C2-2C6D-4547-7508BB719E45
-52.64979,-41.31217,0,B0AAFE06-91C2-2C6D-4547-7508BB719E45
-11.439823,12.926788,2,B0AAFE06-91C2-2C6D-4547-7508BB719E45
-10.795965,12.726223,2,B0AAFE06-91C2-2C6D-4547-7508BB719E45
-10.643565,12.690599,0,B0AAFE06-91C2-2C6D-4547-7508BB719E45
-68.88969,-32.77893,0,B0AAFE06-91C2-2C6D-4547-7508BB719E45
-68.89054,-32.769024,0,B0AAFE06-91C2-2C6D-4547-7508BB719E45
-42.772053,33.242718,0,B0AAFE06-91C2-2C6D-4547-7508BB719E45
-59.898266,37.889717,0,B0AAFE06-91C2-2C6D-4547-7508BB719E45
-60.33658,38.145367,0,B0AAFE06-91C2-2C6D-4547-7508BB719E45
-61.435223,38.809128,0,B0AAFE06-91C2-2C6D-4547-7508BB719E45
-62.377293,39.276806,0,B0AAFE06-91C2-2C6D-4547-7508BB719E45
-62.505013,39.334248,0,B0AAFE06-91C2-2C6D-4547-7508BB719E45
46.346558,-29.47449,0,B0AAFE06-91C2-2C6D-4547-7508BB719E45
46.446564,-29.218208,0,B0AAFE06-91C2-2C6D-4547-7508BB719E45
46.57929,-28.841377,0,B0AAFE06-91C2-2C6D-4547-7508BB719E45
46.616425,-28.088768,0,B0AAFE06-91C2-2C6D-4547-7508BB719E45
-4.17304,-2.1321168,1,B0AAFE06-91C2-2C6D-4547-7508BB719E45
-4.2483215,-2.102047,2,B0AAFE06-91C2-2C6D-4547-7508BB719E45
-2.9600523,-42.930515,2,B17DF37B-207D-A052-4D45-F862B3BF4C4C
-2.9376912,-42.902184,2,B17DF37B-207D-A052-4D45-F862B3BF4C4C
-14.269011,66.00154,0,B17DF37B-207D-A052-4D45-F862B3BF4C4C
-14.297,66.07569,0,B17DF37B-207D-A052-4D45-F862B3BF4C4C
-14.629548,66.846085,0,B17DF37B-207D-A052-4D45-F862B3BF4C4C
-14.829658,67.293724,1,B17DF37B-207D-A052-4D45-F862B3BF4C4C
60.86096,52.616684,1,B17DF37B-207D-A052-4D45-F862B3BF4C4C
61.248035,52.39654,1,B17DF37B-207D-A052-4D45-F862B3BF4C4C
62.419983,51.760033,1,B17DF37B-207D-A052-4D45-F862B3BF4C4C
64.01501,51.17929,1,B17DF37B-207D-A052-4D45-F862B3BF4C4C
64.20881,50.948753,1,B17DF37B-207D-A052-4D45-F862B3BF4C4C
64.00106,50.417484,1,B17DF37B-207D-A052-4D45-F862B3BF4C4C
-27.60736,3.6891744,1,B2EE7EC5-4E5B-EBDD-E0EB-AF758B95C36A
-27.049803,3.8972375,1,B2EE7EC5-4E5B-EBDD-E0EB-AF758B95C36A
-26.466848,4.108649,1,B2EE7EC5-4E5B-EBDD-E0EB-AF758B95C36A
-24.8669,4.3508286,1,B2EE7EC5-4E5B-EBDD-E0EB-AF758B95C36A
-23.988195,4.3955827,1,B2EE7EC5-4E5B-EBDD-E0EB-AF758B95C36A
-24.023905,4.4197893,1,B2EE7EC5-4E5B-EBDD-E0EB-AF758B95C36A
61.553104,21.500114,2,B2EE7EC5-4E5B-EBDD-E0EB-AF758B95C36A
62.487755,21.861221,2,B2EE7EC5-4E5B-EBDD-E0EB-AF758B95C36A
63.481457,22.169733,2,B2EE7EC5-4E5B-EBDD-E0EB-AF758B95C36A
64.076035,22.134375,2,B2EE7EC5-4E5B-EBDD-E0EB-AF758B95C36A
64.353584,22.436247,2,B2EE7EC5-4E5B-EBDD-E0EB-AF758B95C36A
64.70636,22.780529,2,B2EE7EC5-4E5B-EBDD-E0EB-AF758B95C36A
20.086458,8.092721,2,B2EE7EC5-4E5B-EBDD-E0EB-AF758B95C36A
20.482477,8.408305,2,B2EE7EC5-4E5B-EBDD-E0EB-AF758B95C36A
21.405462,9.434818,2,B2EE7EC5-4E5B-EBDD-E0EB-AF758B95C36A
21.831022,9.845586,1,B2EE7EC5-4E5B-EBDD-E0EB-AF758B95C36A
22.30954,10.054893,1,B2EE7EC5-4E5B-EBDD-E0EB-AF758B95C36A
22.62735,10.2064705,1,B2EE7EC5-4E5B-EBDD-E0EB-AF758B95C36A
5.1218023,52.351234,1,B2EE7EC5-4E5B-EBDD-E0EB-AF758B95C36A
4.6756124,52.57653,1,B2EE7EC5-4E5B-EBDD-E0EB-AF758B95C36A
4.0635176,52.87097,1,B2EE7EC5-4E5B-EBDD-E0EB-AF758B95C36A
3.7214918,52.98212,1,B2EE7EC5-4E5B-EBDD-E0EB-AF758B95C36A
-30.713085,20.364096,1,B2EE7EC5-4E5B-EBDD-E0EB-AF758B95C36A
-30.651054,19.901178,1,B2EE7EC5-4E5B-EBDD-E0EB-AF758B95C36A
-18.639711,-0.10984109,2,B3CE5256-6F65-85EB-0078-689BD5CC1B17
-17.763563,0.19957642,2,B3CE5256-6F65-85EB-0078-689BD5CC1B17
-17.262419,1.1481527,0,B3CE5256-6F65-85EB-0078-689BD5CC1B17
-17.068274,1.2443061,0,B3CE5256-6F65-85EB-0078-689BD5CC1B17
-16.657143,0.81929034,0,B3CE5256-6F65-85EB-0078-689BD5CC1B17
-15.72843,1.0038166,0,B3CE5256-6F65-85EB-0078-689BD5CC1B17
-14.460355,1.4497428,0,B3CE5256-6F65-85EB-0078-689BD5CC1B17
-12.349359,36.44145,0,B3CE5256-6F65-85EB-0078-689BD5CC1B17
-11.673236,36.761776,0,B3CE5256-6F65-85EB-0078-689BD5CC1B17
-11.571932,36.77679,0,B3CE5256-6F65-85EB-0078-689BD5CC1B17
-10.402303,36.95262,0,B3CE5256-6F65-85EB-0078-689BD5CC1B17
-10.548495,37.728794,0,B3CE5256-6F65-85EB-0078-689BD5CC1B17
75.1336,16.750626,0,B3CE5256-6F65-85EB-0078-689BD5CC1B17
74.9812,17.08196,0,B3CE5256-6F65-85EB-0078-689BD5CC1B17
57.719463,55.968548,2,B3CE5256-6F65-85EB-0078-689BD5CC1B17
58.062965,56.378284,2,B3CE5256-6F65-85EB-0078-689BD5CC1B17
57.13989,56.37085,2,B3CE5256-6F65-85EB-0078-689BD5CC1B17
57.182457,56.612587,2,B3CE5256-6F65-85EB-0078-689BD5CC1B17
41.788227,-2.5342627,2,B3CE5256-6F65-85EB-0078-689BD5CC1B17
65.4743,-25.616528,2,B3CE5256-6F65-85EB-0078-689BD5CC1B17
64.77872,-25.357895,2,B3CE5256-6F65-85EB-0078-689BD5CC1B17
64.24145,-25.400127,2,B3CE5256-6F65-85EB-0078-689BD5CC1B17
63.57513,-25.704456,2,B3CE5256-6F65-85EB-0078-689BD5CC1B17
62.901333,-25.916584,2,B3CE5256-6F65-85EB-0078-689BD5CC1B17
62.307407,-26.100416,2,B3CE5256-6F65-85EB-0078-689BD5CC1B17
61.513214,-26.35096,0,B3CE5256-6F65-85EB-0078-689BD5CC1B17
-31.16822,-57.57348,2,B6EE5F90-8F59-D3CF-C449-59216B28207B
-31.171118,-57.564648,2,B6EE5F90-8F59-D3CF-C449-59216B28207B
-31.254734,-56.95431,2,B6EE5F90-8F59-D3CF-C449-59216B28207B
-31.347271,-56.00462,2,B6EE5F90-8F59-D3CF-C449-59216B28207B
-31.4381,-55.06348,2,B6EE5F90-8F59-D3CF-C449-59216B28207B
-45.830635,-18.759804,2,B6EE5F90-8F59-D3CF-C449-59216B28207B
6.6570497,29.663084,1,B6EE5F90-8F59-D3CF-C449-59216B28207B
-34.186665,43.462368,1,B6EE5F90-8F59-D3CF-C449-59216B28207B
-33.944633,44.098946,0,B6EE5F90-8F59-D3CF-C449-59216B28207B
-33.58692,44.830864,0,B6EE5F90-8F59-D3CF-C449-59216B28207B
-33.34589,44.94215,0,B6EE5F90-8F59-D3CF-C449-59216B28207B
-33.613537,45.83068,0,B6EE5F90-8F59-D3CF-C449-59216B28207B
36.290817,17.153957,1,B6EE5F90-8F59-D3CF-C449-59216B28207B
36.03598,16.861614,1,B6EE5F90-8F59-D3CF-C449-59216B28207B
35.150528,15.835902,1,B6EE5F90-8F59-D3CF-C449-59216B28207B
34.896626,15.475274,1,B6EE5F90-8F59-D3CF-C449-59216B28207B
34.31377,14.702464,1,B6EE5F90-8F59-D3CF-C449-59216B28207B
34.150906,14.56589,1,B6EE5F90-8F59-D3CF-C449-59216B28207B
82.42509,-11.236325,0,B9FD0C60-33D3-E99E-2475-815EAD5C89C2
82.9526,-11.29452,0,B9FD0C60-33D3-E99E-2475-815EAD5C89C2
83.27286,-11.201672,0,B9FD0C60-33D3-E99E-2475-815EAD5C89C2
84.30839,-10.04318,0,B9FD0C60-33D3-E99E-2475-815EAD5C89C2
84.510216,-9.8270645,2,B9FD0C60-33D3-E99E-2475-815EAD5C89C2
84.81877,-9.490071,0,B9FD0C60-33D3-E99E-2475-815EAD5C89C2
-14.9316225,-9.7011595,1,B9FD0C60-33D3-E99E-2475-815EAD5C89C2
-14.721904,-9.942572,1,B9FD0C60-33D3-E99E-2475-815EAD5C89C2
-14.437254,-10.356444,1,B9FD0C60-33D3-E99E-2475-815EAD5C89C2
-15.263789,-15.874606,1,B9FD0C60-33D3-E99E-2475-815EAD5C89C2
-15.870969,-15.551737,1,B9FD0C60-33D3-E99E-2475-815EAD5C89C2
-15.894014,-15.466205,1,B9FD0C60-33D3-E99E-2475-815EAD5C89C2
31.28441,25.739624,2,B9FD0C60-33D3-E99E-2475-815EAD5C89C2
31.432322,26.181047,2,B9FD0C60-33D3-E99E-2475-815EAD5C89C2
31.588074,26.927193,0,B9FD0C60-33D3-E99E-2475-815EAD5C89C2
31.71735,27.67407,0,B9FD0C60-33D3-E99E-2475-815EAD5C89C2
31.773054,28.635094,0,B9FD0C60-33D3-E99E-2475-815EAD5C89C2
31.805952,29.470993,2,B9FD0C60-33D3-E99E-2475-815EAD5C89C2
47.624714,3.453219,2,B9FD0C60-33D3-E99E-2475-815EAD5C89C2
47.17375,2.9684236,2,B9FD0C60-33D3-E99E-2475-815EAD5C89C2
46.80771,2.6569386,2,B9FD0C60-33D3-E99E-2475-815EAD5C89C2
37.52297,13.102699,0,B9FD0C60-33D3-E99E-2475-815EAD5C89C2
37.48417,12.593612,0,B9FD0C60-33D3-E99E-2475-815EAD5C89C2
37.453625,12.343249,0,B9FD0C60-33D3-E99E-2475-815EAD5C89C2
39.120907,17.86463,1,B9FD0C60-33D3-E99E-2475-815EAD5C89C2
39.27438,17.548338,2,B9FD0C60-33D3-E99E-2475-815EAD5C89C2
40.19925,15.98113,2,B9FD0C60-33D3-E99E-2475-815EAD5C89C2
40.479572,15.531143,2,B9FD0C60-33D3-E99E-2475-815EAD5C89C2
40.9048,15.146726,2,B9FD0C60-33D3-E99E-2475-815EAD5C89C2
41.20667,14.890479,2,B9FD0C60-33D3-E99E-2475-815EAD5C89C2
85.063896,25.501621,2,BAAA2876-D490-2AB5-0A98-6EB94C7FC331
84.271965,25.448324,2,BAAA2876-D490-2AB5-0A98-6EB94C7FC331
84.50216,24.864378,2,BAAA2876-D490-2AB5-0A98-6EB94C7FC331
83.85233,24.903412,2,BAAA2876-D490-2AB5-0A98-6EB94C7FC331
83.28279,25.13431,2,BAAA2876-D490-2AB5-0A98-6EB94C7FC331
82.33138,25.140823,2,BAAA2876-D490-2AB5-0A98-6EB94C7FC331
-9.957444,-12.694725,2,BAAA2876-D490-2AB5-0A98-6EB94C7FC331
-10.04732,-11.780282,2,BAAA2876-D490-2AB5-0A98-6EB94C7FC331
-10.353302,-11.743306,2,BAAA2876-D490-2AB5-0A98-6EB94C7FC331
-10.691915,-11.667206,2,BAAA2876-D490-2AB5-0A98-6EB94C7FC331
-55.69056,-2.999709,2,BAAA2876-D490-2AB5-0A98-6EB94C7FC331
-55.733906,-2.9443765,2,BAAA2876-D490-2AB5-0A98-6EB94C7FC331
-52.246056,28.371756,2,BAAA2876-D490-2AB5-0A98-6EB94C7FC331
-47.80638,29.05872,2,BAAA2876-D490-2AB5-0A98-6EB94C7FC331
-45.738075,30.616726,2,BAAA2876-D490-2AB5-0A98-6EB94C7FC331
-8.979147,-63.716183,2,BAAA2876-D490-2AB5-0A98-6EB94C7FC331
-8.679629,-63.43986,2,BAAA2876-D490-2AB5-0A98-6EB94C7FC331
-8.487541,-63.23775,2,BAAA2876-D490-2AB5-0A98-6EB94C7FC331
-70.613594,22.520351,2,BAAA2876-D490-2AB5-0A98-6EB94C7FC331
-70.608795,22.505713,2,BAAA2876-D490-2AB5-0A98-6EB94C7FC331
-17.494162,-48.09002,2,BC7EE230-0AF9-3AC5-24E5-8EC4B0B432A8
-17.45394,-48.1382,2,BC7EE230-0AF9-3AC5-24E5-8EC4B0B432A8
-18.619514,-46.219387,2,BC7EE230-0AF9-3AC5-24E5-8EC4B0B432A8
-19.180847,-46.144455,2,BC7EE230-0AF9-3AC5-24E5-8EC4B0B432A8
-32.23052,-36.664,2,BC7EE230-0AF9-3AC5-24E5-8EC4B0B432A8
-32.22817,-36.42346,2,BC7EE230-0AF9-3AC5-24E5-8EC4B0B432A8
-30.55603,-16.903175,0,BC7EE230-0AF9-3AC5-24E5-8EC4B0B432A8
-30.548014,-15.937088,2,BC7EE230-0AF9-3AC5-24E5-8EC4B0B432A8
-30.609509,-15.584806,2,BC7EE230-0AF9-3AC5-24E5-8EC4B0B432A8
-32.80637,-5.461595,2,BC7EE230-0AF9-3AC5-24E5-8EC4B0B432A8
-32.621178,-5.2206516,2,BC7EE230-0AF9-3AC5-24E5-8EC4B0B432A8
-32.219448,-4.741254,2,BC7EE230-0AF9-3AC5-24E5-8EC4B0B432A8
-60.625187,-17.811825,2,BD35F47E-4F73-8664-B165-98D2BF2CDA48
-60.41369,-17.696207,2,BD35F47E-4F73-8664-B165-98D2BF2CDA48
-58.804474,-17.220526,2,BD35F47E-4F73-8664-B165-98D2BF2CDA48
-58.240097,-17.291649,2,BD35F47E-4F73-8664-B165-98D2BF2CDA48
-56.75154,-17.431786,2,BD35F47E-4F73-8664-B165-98D2BF2CDA48
-56.30631,-17.490223,2,BD35F47E-4F73-8664-B165-98D2BF2CDA48
-33.077053,12.540644,0,BD35F47E-4F73-8664-B165-98D2BF2CDA48
-33.080112,12.495901,0,BD35F47E-4F73-8664-B165-98D2BF2CDA48
-27.870728,-8.081309,0,BD35F47E-4F73-8664-B165-98D2BF2CDA48
-30.343027,-40.96748,0,BD35F47E-4F73-8664-B165-98D2BF2CDA48
-30.49272,-41.073387,1,BD35F47E-4F73-8664-B165-98D2BF2CDA48
-30.828903,-41.30021,1,BD35F47E-4F73-8664-B165-98D2BF2CDA48
-35.900238,27.729586,2,BD35F47E-4F73-8664-B165-98D2BF2CDA48
-35.942135,27.5879,2,BD35F47E-4F73-8664-B165-98D2BF2CDA48
-36.426716,26.741848,2,BD35F47E-4F73-8664-B165-98D2BF2CDA48
-37.762985,24.704832,2,BD35F47E-4F73-8664-B165-98D2BF2CDA48
-37.920265,24.543514,2,BD35F47E-4F73-8664-B165-98D2BF2CDA48
-39.08441,23.414322,2,BD35F47E-4F73-8664-B165-98D2BF2CDA48
-39.152397,23.335941,2,BD35F47E-4F73-8664-B165-98D2BF2CDA48
-12.557606,-15.622768,2,BD35F47E-4F73-8664-B165-98D2BF2CDA48
-12.335163,-15.828543,2,BD35F47E-4F73-8664-B165-98D2BF2CDA48
-47.84965,-51.456753,2,BD35F47E-4F73-8664-B165-98D2BF2CDA48
-48.795883,-52.050434,2,BD35F47E-4F73-8664-B165-98D2BF2CDA48
-49.06325,-52.227516,2,BD35F47E-4F73-8664-B165-98D2BF2CDA48
75.20727,13.432541,0,BD35F47E-4F73-8664-B165-98D2BF2CDA48
74.03872,13.277039,0,BD35F47E-4F73-8664-B165-98D2BF2CDA48
73.746,13.2238865,2,BD35F47E-4F73-8664-B165-98D2BF2CDA48
72.96978,13.006561,2,BD35F47E-4F73-8664-B165-98D2BF2CDA48
71.96403,12.819835,2,BD35F47E-4F73-8664-B165-98D2BF2CDA48
71.52143,12.753362,2,BD35F47E-4F73-8664-B165-98D2BF2CDA48
19.069689,4.3621144,2,BD35F47E-4F73-8664-B165-98D2BF2CDA48
18.662172,4.6162367,2,BD35F47E-4F73-8664-B165-98D2BF2CDA48
18.250084,4.808591,0,BD35F47E-4F73-8664-B165-98D2BF2CDA48
17.847738,5.4954505,2,BD35F47E-4F73-8664-B165-98D2BF2CDA48
17.200613,6.3345037,0,BD35F47E-4F73-8664-B165-98D2BF2CDA48
16.747952,7.115508,2,BD35F47E-4F73-8664-B165-98D2BF2CDA48
-66.962906,-1.9240756,2,C24A665A-6B67-FDEA-04A4-C2DA3AF79D51
-66.75477,-2.3016634,0,C24A665A-6B67-FDEA-04A4-C2DA3AF79D51
-66.51022,-2.749097,0,C24A665A-6B67-FDEA-04A4-C2DA3AF79D51
-65.98037,-3.4104435,0,C24A665A-6B67-FDEA-04A4-C2DA3AF79D51
-65.36193,-4.6001863,0,C24A665A-6B67-FDEA-04A4-C2DA3AF79D51
-65.032074,-4.1987634,0,C24A665A-6B67-FDEA-04A4-C2DA3AF79D51
44.08053,-3.8619025,0,C24A665A-6B67-FDEA-04A4-C2DA3AF79D51
45.26044,-2.5852509,0,C24A665A-6B67-FDEA-04A4-C2DA3AF79D51
44.527378,-2.6027539,0,C24A665A-6B67-FDEA-04A4-C2DA3AF79D51
44.16478,-2.4945998,0,C24A665A-6B67-FDEA-04A4-C2DA3AF79D51
44.393993,-1.9043041,0,C24A665A-6B67-FDEA-04A4-C2DA3AF79D51
44.98682,-1.2088091,0,C24A665A-6B67-FDEA-04A4-C2DA3AF79D51
-8.29931,-50.740112,2,C24A665A-6B67-FDEA-04A4-C2DA3AF79D51
47.162716,-16.607471,2,C24A665A-6B67-FDEA-04A4-C2DA3AF79D51
47.460968,-16.835716,2,C24A665A-6B67-FDEA-04A4-C2DA3AF79D51
48.70878,-17.994677,0,C24A665A-6B67-FDEA-04A4-C2DA3AF79D51
48.806267,-17.779,2,C24A665A-6B67-FDEA-04A4-C2DA3AF79D51
49.269657,-16.89561,2,C24A665A-6B67-FDEA-04A4-C2DA3AF79D51
-61.938683,7.091123,0,C24A665A-6B67-FDEA-04A4-C2DA3AF79D51
-62.818165,6.889759,0,C24A665A-6B67-FDEA-04A4-C2DA3AF79D51
-63.164776,6.8388133,0,C24A665A-6B67-FDEA-04A4-C2DA3AF79D51
26.108828,0.00793702,0,C24A665A-6B67-FDEA-04A4-C2DA3AF79D51
26.554176,0.7985403,0,C24A665A-6B67-FDEA-04A4-C2DA3AF79D51
26.66351,0.9761415,0,C24A665A-6B67-FDEA-04A4-C2DA3AF79D51
-34.849007,-27.963018,2,C5DC661F-E2D6-2B65-4765-77C8B81D2488
-34.764717,-27.971977,2,C5DC661F-E2D6-2B65-4765-77C8B81D2488
-33.428806,-28.007591,2,C5DC661F-E2D6-2B65-4765-77C8B81D2488
-33.15166,-27.979317,2,C5DC661F-E2D6-2B65-4765-77C8B81D2488
-51.844353,-37.232075,2,C5DC661F-E2D6-2B65-4765-77C8B81D2488
-51.85495,-37.24319,2,C5DC661F-E2D6-2B65-4765-77C8B81D2488
-51.71818,20.483072,2,C5DC661F-E2D6-2B65-4765-77C8B81D2488
-51.717545,20.481733,2,C5DC661F-E2D6-2B65-4765-77C8B81D2488
-41.056255,-27.133688,2,C5DC661F-E2D6-2B65-4765-77C8B81D2488
-41.839817,-27.144917,2,C5DC661F-E2D6-2B65-4765-77C8B81D2488
-43.829903,-27.204288,2,C5DC661F-E2D6-2B65-4765-77C8B81D2488
-43.850502,-27.185413,2,C5DC661F-E2D6-2B65-4765-77C8B81D2488
-67.51973,-45.57689,2,C5DC661F-E2D6-2B65-4765-77C8B81D2488
-67.06163,-45.015255,2,C5DC661F-E2D6-2B65-4765-77C8B81D2488
-66.5253,-44.37588,2,C5DC661F-E2D6-2B65-4765-77C8B81D2488
-66.31679,-44.131863,2,C5DC661F-E2D6-2B65-4765-77C8B81D2488
-59.69806,-33.342705,2,C5DC661F-E2D6-2B65-4765-77C8B81D2488
-59.686623,-33.362316,2,C5DC661F-E2D6-2B65-4765-77C8B81D2488
23.14137,-52.506676,2,C5DC661F-E2D6-2B65-4765-77C8B81D2488
22.982964,-52.37833,2,C5DC661F-E2D6-2B65-4765-77C8B81D2488
22.535273,-51.978584,2,C5DC661F-E2D6-2B65-4765-77C8B81D2488
14.365694,-27.75335,2,C5DC661F-E2D6-2B65-4765-77C8B81D2488
14.386001,-27.697388,2,C5DC661F-E2D6-2B65-4765-77C8B81D2488
20.00421,1.5222611,2,C5DC661F-E2D6-2B65-4765-77C8B81D2488
-47.99973,32.457493,0,C8BB6C15-19FA-A17A-5945-6202803016D7
-49.424324,33.413425,0,C8BB6C15-19FA-A17A-5945-6202803016D7
-49.425106,33.000057,0,C8BB6C15-19FA-A17A-5945-6202803016D7
-49.593616,32.904102,1,C8BB6C15-19FA-A17A-5945-6202803016D7
-59.62909,-42.427746,1,C8BB6C15-19FA-A17A-5945-6202803016D7
-59.620846,-42.44379,2,C8BB6C15-19FA-A17A-5945-6202803016D7
-2.5548236,47.590397,2,C8BB6C15-19FA-A17A-5945-6202803016D7
-2.374774,47.586273,2,C8BB6C15-19FA-A17A-5945-6202803016D7
-0.52816546,47.51992,2,C8BB6C15-19FA-A17A-5945-6202803016D7
0.37492824,47.511463,2,C8BB6C15-19FA-A17A-5945-6202803016D7
0.98535275,47.48978,2,C8BB6C15-19FA-A17A-5945-6202803016D7
2.0179257,47.432472,1,C8BB6C15-19FA-A17A-5945-6202803016D7
-28.595707,-48.80934,2,C8BB6C15-19FA-A17A-5945-6202803016D7
-28.617342,-48.750763,2,C8BB6C15-19FA-A17A-5945-6202803016D7
-29.385796,-46.500114,2,C8BB6C15-19FA-A17A-5945-6202803016D7
-29.418808,-46.33509,2,C8BB6C15-19FA-A17A-5945-6202803016D7
-13.653993,-13.817519,2,C8BB6C15-19FA-A17A-5945-6202803016D7
-13.811385,-13.242961,1,C8BB6C15-19FA-A17A-5945-6202803016D7
57.864433,19.01821,1,C8BB6C15-19FA-A17A-5945-6202803016D7
58.425922,18.878685,1,C8BB6C15-19FA-A17A-5945-6202803016D7
59.083652,18.678118,1,C8BB6C15-19FA-A17A-5945-6202803016D7
59.71899,18.429062,1,C8BB6C15-19FA-A17A-5945-6202803016D7
12.015451,11.33887,1,C8BB6C15-19FA-A17A-5945-6202803016D7
12.055446,11.246059,1,C8BB6C15-19FA-A17A-5945-6202803016D7
-2.885879,-56.748745,2,C8BB6C15-19FA-A17A-5945-6202803016D7
-2.882772,-56.747036,2,C8BB6C15-19FA-A17A-5945-6202803016D7
58.67053,-7.0317874,0,CCA3ABC5-DCCE-0BBE-5327-E65AE52A195D
57.114666,-7.597472,0,CCA3ABC5-DCCE-0BBE-5327-E65AE52A195D
56.130764,-8.028845,2,CCA3ABC5-DCCE-0BBE-5327-E65AE52A195D
55.68886,-8.207157,2,CCA3ABC5-DCCE-0BBE-5327-E65AE52A195D
53.862194,-8.568382,2,CCA3ABC5-DCCE-0BBE-5327-E65AE52A195D
53.730694,-8.58674,2,CCA3ABC5-DCCE-0BBE-5327-E65AE52A195D
14.797298,4.8720636,0,CCA3ABC5-DCCE-0BBE-5327-E65AE52A195D
45.62218,-23.91521,0,CCA3ABC5-DCCE-0BBE-5327-E65AE52A195D
45.508114,-23.746044,0,CCA3ABC5-DCCE-0BBE-5327-E65AE52A195D
45.011368,-23.136236,1,CCA3ABC5-DCCE-0BBE-5327-E65AE52A195D
44.42783,-22.222,2,CCA3ABC5-DCCE-0BBE-5327-E65AE52A195D
44.32506,-22.057545,2,CCA3ABC5-DCCE-0BBE-5327-E65AE52A195D
42.403385,-19.390278,2,CCA3ABC5-DCCE-0BBE-5327-E65AE52A195D
42.36339,-19.325283,2,CCA3ABC5-DCCE-0BBE-5327-E65AE52A195D
-43.431503,-23.570751,0,CD5833CD-93D3-318C-371A-18A32DEFC38B
-42.02876,-23.649298,0,CD5833CD-93D3-318C-371A-18A32DEFC38B
-41.28142,-23.560501,0,CD5833CD-93D3-318C-371A-18A32DEFC38B
-24.352833,-19.21201,0,CD5833CD-93D3-318C-371A-18A32DEFC38B
-23.414139,-19.379627,2,CD5833CD-93D3-318C-371A-18A32DEFC38B
-23.158875,-19.428724,2,CD5833CD-93D3-318C-371A-18A32DEFC38B
78.50486,11.287693,0,CD5833CD-93D3-318C-371A-18A32DEFC38B
78.3534,11.212563,2,CD5833CD-93D3-318C-371A-18A32DEFC38B
77.761246,10.902057,2,CD5833CD-93D3-318C-371A-18A32DEFC38B
56.661854,12.925855,2,CD5833CD-93D3-318C-371A-18A32DEFC38B
55.850113,13.509933,2,CD5833CD-93D3-318C-371A-18A32DEFC38B
55.645226,13.599274,2,CD5833CD-93D3-318C-371A-18A32DEFC38B
-34.765015,60.673042,2,CD5833CD-93D3-318C-371A-18A32DEFC38B
-34.77963,60.668076,2,CD5833CD-93D3-318C-371A-18A32DEFC38B
-47.770176,-2.6397984,0,D0F7ABC0-F552-63CD-CAC6-6703C39B83CA
-47.775337,-2.6394444,0,D0F7ABC0-F552-63CD-CAC6-6703C39B83CA
-19.685444,-12.555693,0,D0F7ABC0-F552-63CD-CAC6-6703C39B83CA
-18.462547,-12.795262,0,D0F7ABC0-F552-63CD-CAC6-6703C39B83CA
-18.066921,-12.689339,0,D0F7ABC0-F552-63CD-CAC6-6703C39B83CA
-17.309696,-12.220407,0,D0F7ABC0-F552-63CD-CAC6-6703C39B83CA
-7.4017363,-9.561727,1,D0F7ABC0-F552-63CD-CAC6-6703C39B83CA
-7.114092,-9.907866,1,D0F7ABC0-F552-63CD-CAC6-6703C39B83CA
-6.8269625,-10.268792,2,D0F7ABC0-F552-63CD-CAC6-6703C39B83CA
-10.536896,-40.12704,2,D0F7ABC0-F552-63CD-CAC6-6703C39B83CA
-10.9574795,-40.822968,2,D0F7ABC0-F552-63CD-CAC6-6703C39B83CA
-11.209368,-41.287617,2,D0F7ABC0-F552-63CD-CAC6-6703C39B83CA
20.590578,-17.68916,1,D0F7ABC0-F552-63CD-CAC6-6703C39B83CA
20.633856,-17.918695,1,D0F7ABC0-F552-63CD-CAC6-6703C39B83CA
20.899788,-19.177355,1,D0F7ABC0-F552-63CD-CAC6-6703C39B83CA
21.121817,-20.086061,2,D0F7ABC0-F552-63CD-CAC6-6703C39B83CA
21.608227,-21.463434,2,D0F7ABC0-F552-63CD-CAC6-6703C39B83CA
21.70808,-21.680937,2,D0F7ABC0-F552-63CD-CAC6-6703C39B83CA
-7.895948,2.0077894,2,D51A5648-0039-8CB1-45CB-C51E5ABA8BCC
-7.669399,2.1439636,2,D51A5648-0039-8CB1-45CB-C51E5ABA8BCC
-21.359539,-36.056213,2,D51A5648-0039-8CB1-45CB-C51E5ABA8BCC
-20.83995,-35.911045,2,D51A5648-0039-8CB1-45CB-C51E5ABA8BCC
-20.47503,-35.99848,2,D51A5648-0039-8CB1-45CB-C51E5ABA8BCC
-19.305038,-36.32367,1,D51A5648-0039-8CB1-45CB-C51E5ABA8BCC
-7.440762,19.928024,2,D51A5648-0039-8CB1-45CB-C51E5ABA8BCC
-7.385517,19.868246,2,D51A5648-0039-8CB1-45CB-C51E5ABA8BCC
-42.56253,-63.647964,2,D51A5648-0039-8CB1-45CB-C51E5ABA8BCC
-42.290962,-63.74778,2,D51A5648-0039-8CB1-45CB-C51E5ABA8BCC
-42.03013,-63.86655,2,D51A5648-0039-8CB1-45CB-C51E5ABA8BCC
-39.7648,-64.77827,2,D51A5648-0039-8CB1-45CB-C51E5ABA8BCC
-39.178448,-64.78979,2,D51A5648-0039-8CB1-45CB-C51E5ABA8BCC
-38.93482,-64.80567,2,D51A5648-0039-8CB1-45CB-C51E5ABA8BCC
-3.646268,54.663696,2,D51A5648-0039-8CB1-45CB-C51E5ABA8BCC
-3.2729425,54.494,2,D51A5648-0039-8CB1-45CB-C51E5ABA8BCC
-2.8240054,54.292816,2,D51A5648-0039-8CB1-45CB-C51E5ABA8BCC
-1.9310343,53.905327,1,D51A5648-0039-8CB1-45CB-C51E5ABA8BCC
41.772915,23.935495,2,D51A5648-0039-8CB1-45CB-C51E5ABA8BCC
43.182163,23.919111,2,D51A5648-0039-8CB1-45CB-C51E5ABA8BCC
43.39746,23.198477,2,D51A5648-0039-8CB1-45CB-C51E5ABA8BCC
43.501907,22.683538,2,D51A5648-0039-8CB1-45CB-C51E5ABA8BCC
43.67499,22.002071,2,D51A5648-0039-8CB1-45CB-C51E5ABA8BCC
43.63737,21.840006,2,D51A5648-0039-8CB1-45CB-C51E5ABA8BCC
35.85843,-27.407013,0,D51A5648-0039-8CB1-45CB-C51E5ABA8BCC
35.926983,-28.177921,0,D51A5648-0039-8CB1-45CB-C51E5ABA8BCC
68.95241,-22.111994,2,D51A5648-0039-8CB1-45CB-C51E5ABA8BCC
68.81796,-22.000048,2,D51A5648-0039-8CB1-45CB-C51E5ABA8BCC
68.168785,-21.35799,2,D51A5648-0039-8CB1-45CB-C51E5ABA8BCC
67.96787,-21.210608,0,D51A5648-0039-8CB1-45CB-C51E5ABA8BCC
-70.67524,-18.866062,2,D6D11A63-A131-4E74-041D-6E3BD8EFF8FF
-70.201096,-18.53621,2,D6D11A63-A131-4E74-041D-6E3BD8EFF8FF
-69.707924,-18.300343,2,D6D11A63-A131-4E74-041D-6E3BD8EFF8FF
-68.11736,-18.139462,2,D6D11A63-A131-4E74-041D-6E3BD8EFF8FF
-67.71104,-18.044712,2,D6D11A63-A131-4E74-041D-6E3BD8EFF8FF
-67.105156,-18.080605,0,D6D11A63-A131-4E74-041D-6E3BD8EFF8FF
-59.521652,0.50489926,0,D6D11A63-A131-4E74-041D-6E3BD8EFF8FF
-59.1323,0.0011291385,0,D6D11A63-A131-4E74-041D-6E3BD8EFF8FF
-58.690407,-0.21736439,0,D6D11A63-A131-4E74-041D-6E3BD8EFF8FF
-57.578373,-0.7410689,0,D6D11A63-A131-4E74-041D-6E3BD8EFF8FF
-57.415333,-0.63417184,0,D6D11A63-A131-4E74-041D-6E3BD8EFF8FF
-56.5576,-0.4350232,0,D6D11A63-A131-4E74-041D-6E3BD8EFF8FF
52.820473,31.955359,2,D6D11A63-A131-4E74-041D-6E3BD8EFF8FF
52.94196,31.414331,2,D6D11A63-A131-4E74-041D-6E3BD8EFF8FF
53.082893,30.744295,2,D6D11A63-A131-4E74-041D-6E3BD8EFF8FF
53.212696,30.042282,2,D6D11A63-A131-4E74-041D-6E3BD8EFF8FF
53.303112,29.504969,2,D6D11A63-A131-4E74-041D-6E3BD8EFF8FF
53.45771,28.554768,0,D6D11A63-A131-4E74-041D-6E3BD8EFF8FF
52.794983,-38.644737,0,D6D11A63-A131-4E74-041D-6E3BD8EFF8FF
52.565704,-39.23931,0,D6D11A63-A131-4E74-041D-6E3BD8EFF8FF
52.418804,-39.628017,0,D6D11A63-A131-4E74-041D-6E3BD8EFF8FF
52.169792,-40.30452,0,D6D11A63-A131-4E74-041D-6E3BD8EFF8FF
-41.539257,34.436737,0,D6D11A63-A131-4E74-041D-6E3BD8EFF8FF
-42.00093,33.773342,0,D6D11A63-A131-4E74-041D-6E3BD8EFF8FF
-13.683271,-30.03624,2,DA2856BC-D181-9AF0-DC9A-99A9444D5579
-14.1234865,-29.28376,2,DA2856BC-D181-9AF0-DC9A-99A9444D5579
-14.276806,-29.027504,2,DA2856BC-D181-9AF0-DC9A-99A9444D5579
-14.439407,18.742682,0,DA2856BC-D181-9AF0-DC9A-99A9444D5579
-13.758131,18.22913,0,DA2856BC-D181-9AF0-DC9A-99A9444D5579
-13.6622925,18.159012,0,DA2856BC-D181-9AF0-DC9A-99A9444D5579
-45.772346,6.751705,0,DA2856BC-D181-9AF0-DC9A-99A9444D5579
-45.775528,6.8035135,0,DA2856BC-D181-9AF0-DC9A-99A9444D5579
-70.052345,-15.519573,0,DA2856BC-D181-9AF0-DC9A-99A9444D5579
-3.944339,33.388157,0,DA2856BC-D181-9AF0-DC9A-99A9444D5579
-3.9086308,33.358356,0,DA2856BC-D181-9AF0-DC9A-99A9444D5579
43.3736,25.706823,0,DA2856BC-D181-9AF0-DC9A-99A9444D5579
-41.47391,12.42995,2,DA2856BC-D181-9AF0-DC9A-99A9444D5579
-41.660194,12.4175415,2,DA2856BC-D181-9AF0-DC9A-99A9444D5579
-44.052883,12.823994,2,DA2856BC-D181-9AF0-DC9A-99A9444D5579
-44.072784,12.802031,2,DA2856BC-D181-9AF0-DC9A-99A9444D5579
-46.652473,12.222125,2,DA2856BC-D181-9AF0-DC9A-99A9444D5579
-46.78006,12.163083,2,DA2856BC-D181-9AF0-DC9A-99A9444D5579
-27.711082,26.463598,1,DA2856BC-D181-9AF0-DC9A-99A9444D5579
-27.654854,26.51591,1,DA2856BC-D181-9AF0-DC9A-99A9444D5579
29.797852,-21.574589,1,DA2856BC-D181-9AF0-DC9A-99A9444D5579
29.641567,-21.618795,2,DA2856BC-D181-9AF0-DC9A-99A9444D5579
27.978176,-22.05438,2,DA2856BC-D181-9AF0-DC9A-99A9444D5579
27.769247,-22.121538,2,DA2856BC-D181-9AF0-DC9A-99A9444D5579
-64.31369,3.3686373,0,DBA0C8C4-AE05-772F-2E53-E6167F8ACB77
-64.34176,3.4471292,0,DBA0C8C4-AE05-772F-2E53-E6167F8ACB77
-64.00119,24.437593,0,DBA0C8C4-AE05-772F-2E53-E6167F8ACB77
-63.998417,24.470694,0,DBA0C8C4-AE05-772F-2E53-E6167F8ACB77
-9.95315,-23.623383,2,DBA0C8C4-AE05-772F-2E53-E6167F8ACB77
-9.896095,-23.649555,2,DBA0C8C4-AE05-772F-2E53-E6167F8ACB77
61.228703,-16.001568,2,DBA0C8C4-AE05-772F-2E53-E6167F8ACB77
59.83487,-15.2919445,2,DBA0C8C4-AE05-772F-2E53-E6167F8ACB77
59.07618,-15.171623,0,DBA0C8C4-AE05-772F-2E53-E6167F8ACB77
58.593994,-15.096253,0,DBA0C8C4-AE05-772F-2E53-E6167F8ACB77
57.769993,-15.058632,0,DBA0C8C4-AE05-772F-2E53-E6167F8ACB77
57.251854,-15.031779,0,DBA0C8C4-AE05-772F-2E53-E6167F8ACB77
-58.5702,10.182485,1,DC0BE0E2-B41E-3D73-47C5-5733952512CB
-58.09427,10.584317,1,DC0BE0E2-B41E-3D73-47C5-5733952512CB
-57.647423,10.927128,0,DC0BE0E2-B41E-3D73-47C5-5733952512CB
-57.10019,11.252002,0,DC0BE0E2-B41E-3D73-47C5-5733952512CB
-55.66375,11.6639185,0,DC0BE0E2-B41E-3D73-47C5-5733952512CB
-55.19714,11.778208,0,DC0BE0E2-B41E-3D73-47C5-5733952512CB
8.051517,-44.458584,2,DC0BE0E2-B41E-3D73-47C5-5733952512CB
8.089967,-44.437794,2,DC0BE0E2-B41E-3D73-47C5-5733952512CB
26.765318,-38.108566,2,DC0BE0E2-B41E-3D73-47C5-5733952512CB
26.289936,-39.1139,2,DC0BE0E2-B41E-3D73-47C5-5733952512CB
26.086979,-38.93122,2,DC0BE0E2-B41E-3D73-47C5-5733952512CB
25.532919,-38.863815,2,DC0BE0E2-B41E-3D73-47C5-5733952512CB
15.792242,31.17807,0,DC0BE0E2-B41E-3D73-47C5-5733952512CB
15.602891,30.672144,0,DC0BE0E2-B41E-3D73-47C5-5733952512CB
15.4782715,30.309948,2,DC0BE0E2-B41E-3D73-47C5-5733952512CB
4.034976,-22.504997,2,DC0BE0E2-B41E-3D73-47C5-5733952512CB
4.015242,-22.711754,2,DC0BE0E2-B41E-3D73-47C5-5733952512CB
3.9495242,-23.551521,2,DC0BE0E2-B41E-3D73-47C5-5733952512CB
38.38782,-15.682284,2,DC0BE0E2-B41E-3D73-47C5-5733952512CB
38.403164,-15.678998,2,DC0BE0E2-B41E-3D73-47C5-5733952512CB
9.170478,-58.199825,2,DC0BE0E2-B41E-3D73-47C5-5733952512CB
8.552531,-57.5987,2,DC0BE0E2-B41E-3D73-47C5-5733952512CB
7.966956,-56.920258,2,DC0BE0E2-B41E-3D73-47C5-5733952512CB
7.861682,-56.800076,2,DC0BE0E2-B41E-3D73-47C5-5733952512CB
-22.511805,-14.088044,2,DCB45A10-FAF5-53E0-AB53-2D42AC9BB090
-49.281986,8.247009,2,DCB45A10-FAF5-53E0-AB53-2D42AC9BB090
-49.497677,8.4761095,2,DCB45A10-FAF5-53E0-AB53-2D42AC9BB090
-50.88546,9.110828,1,DCB45A10-FAF5-53E0-AB53-2D42AC9BB090
-51.227787,9.403119,1,DCB45A10-FAF5-53E0-AB53-2D42AC9BB090
-51.02821,9.943964,1,DCB45A10-FAF5-53E0-AB53-2D42AC9BB090
-13.629128,-5.1656775,2,DCB45A10-FAF5-53E0-AB53-2D42AC9BB090
-14.058614,-5.170251,2,DCB45A10-FAF5-53E0-AB53-2D42AC9BB090
-14.786789,-5.3281326,2,DCB45A10-FAF5-53E0-AB53-2D42AC9BB090
-15.216503,-5.705995,2,DCB45A10-FAF5-53E0-AB53-2D42AC9BB090
-15.926878,-6.4742627,2,DCB45A10-FAF5-53E0-AB53-2D42AC9BB090
-22.430498,-24.66576,2,DCB45A10-FAF5-53E0-AB53-2D42AC9BB090
-23.610401,-26.098232,2,DCB45A10-FAF5-53E0-AB53-2D42AC9BB090
-23.292883,-25.369432,2,DCB45A10-FAF5-53E0-AB53-2D42AC9BB090
-23.437494,-24.7043,2,DCB45A10-FAF5-53E0-AB53-2D42AC9BB090
-59.12216,-6.7141833,2,DCB45A10-FAF5-53E0-AB53-2D42AC9BB090
-58.62848,-7.134575,2,DCB45A10-FAF5-53E0-AB53-2D42AC9BB090
-58.08086,-7.7514477,2,DCB45A10-FAF5-53E0-AB53-2D42AC9BB090
-57.44337,-7.650986,2,DCB45A10-FAF5-53E0-AB53-2D42AC9BB090
-56.588432,-7.5501328,2,DCB45A10-FAF5-53E0-AB53-2D42AC9BB090
-2.095392,-61.759983,2,DD956DE9-DEFB-C0C6-82B4-C639A17D6782
-2.0854287,-61.758236,2,DD956DE9-DEFB-C0C6-82B4-C639A17D6782
-1.3823063,-61.55669,2,DD956DE9-DEFB-C0C6-82B4-C639A17D6782
11.105878,-14.787502,0,DD956DE9-DEFB-C0C6-82B4-C639A17D6782
-47.41213,1.5005902,0,DD956DE9-DEFB-C0C6-82B4-C639A17D6782
-47.506954,2.07286,0,DD956DE9-DEFB-C0C6-82B4-C639A17D6782
-47.348804,2.752748,0,DD956DE9-DEFB-C0C6-82B4-C639A17D6782
-47.023087,3.0715373,0,DD956DE9-DEFB-C0C6-82B4-C639A17D6782
-46.156097,3.6142292,0,DD956DE9-DEFB-C0C6-82B4-C639A17D6782
-13.432385,8.534627,2,DD956DE9-DEFB-C0C6-82B4-C639A17D6782
-13.383202,8.6623535,2,DD956DE9-DEFB-C0C6-82B4-C639A17D6782
-13.167365,9.711069,2,DD956DE9-DEFB-C0C6-82B4-C639A17D6782
-46.1901,59.786842,0,DD956DE9-DEFB-C0C6-82B4-C639A17D6782
-46.289413,59.845276,2,DD956DE9-DEFB-C0C6-82B4-C639A17D6782
-46.619686,59.666267,2,DD956DE9-DEFB-C0C6-82B4-C639A17D6782
-47.05777,58.556667,2,DD956DE9-DEFB-C0C6-82B4-C639A17D6782
-47.43246,57.818806,0,DD956DE9-DEFB-C0C6-82B4-C639A17D6782
56.46325,15.451425,0,DD956DE9-DEFB-C0C6-82B4-C639A17D6782
-10.260412,21.460403,2,DD956DE9-DEFB-C0C6-82B4-C639A17D6782
-10.6810055,21.530523,2,DD956DE9-DEFB-C0C6-82B4-C639A17D6782
-11.767889,21.775196,2,DD956DE9-DEFB-C0C6-82B4-C639A17D6782
-12.049137,21.851948,2,DD956DE9-DEFB-C0C6-82B4-C639A17D6782
13.219023,34.945965,2,DD956DE9-DEFB-C0C6-82B4-C639A17D6782
13.202964,34.95664,2,DD956DE9-DEFB-C0C6-82B4-C639A17D6782
-50.043423,-33.610653,0,DF62EF03-DA30-E70A-CA31-03A029C9610A
-50.0792,-33.571373,0,DF62EF03-DA30-E70A-CA31-03A029C9610A
-45.571156,-12.069173,0,DF62EF03-DA30-E70A-CA31-03A029C9610A
-45.672775,-11.426342,0,DF62EF03-DA30-E70A-CA31-03A029C9610A
-45.790718,-11.20516,0,DF62EF03-DA30-E70A-CA31-03A029C9610A
-47.049206,-10.098257,0,DF62EF03-DA30-E70A-CA31-03A029C9610A
-47.128323,-9.984779,0,DF62EF03-DA30-E70A-CA31-03A029C9610A
-49.788742,26.369127,0,DF62EF03-DA30-E70A-CA31-03A029C9610A
-48.239037,24.65185,0,DF62EF03-DA30-E70A-CA31-03A029C9610A
-47.863678,23.78698,0,DF62EF03-DA30-E70A-CA31-03A029C9610A
-47.696632,23.611515,1,DF62EF03-DA30-E70A-CA31-03A029C9610A
-47.38459,23.147575,1,DF62EF03-DA30-E70A-CA31-03A029C9610A
-6.941485,-26.973955,1,DF62EF03-DA30-E70A-CA31-03A029C9610A
-7.1344166,-26.738073,0,DF62EF03-DA30-E70A-CA31-03A029C9610A
-7.901231,-25.922886,0,DF62EF03-DA30-E70A-CA31-03A029C9610A
-39.73645,14.732581,0,DF62EF03-DA30-E70A-CA31-03A029C9610A
85.687584,6.614838,0,DF62EF03-DA30-E70A-CA31-03A029C9610A
85.658264,6.639747,0,DF62EF03-DA30-E70A-CA31-03A029C9610A
57.807537,36.1066,1,DF62EF03-DA30-E70A-CA31-03A029C9610A
58.161987,35.171257,1,DF62EF03-DA30-E70A-CA31-03A029C9610A
58.388298,34.52799,1,DF62EF03-DA30-E70A-CA31-03A029C9610A
58.724403,34.28128,1,DF62EF03-DA30-E70A-CA31-03A029C9610A
59.317226,33.85925,1,DF62EF03-DA30-E70A-CA31-03A029C9610A
39.507057,23.213518,1,DF62EF03-DA30-E70A-CA31-03A029C9610A
-28.13349,-13.635984,2,E3489F9E-39E2-47B9-24EF-BAACE1438D00
-27.288315,-13.756365,2,E3489F9E-39E2-47B9-24EF-BAACE1438D00
-26.912384,-13.721108,2,E3489F9E-39E2-47B9-24EF-BAACE1438D00
-15.064748,-21.985065,2,E3489F9E-39E2-47B9-24EF-BAACE1438D00
28.496994,-12.4968815,0,E3489F9E-39E2-47B9-24EF-BAACE1438D00
28.612057,-12.549425,0,E3489F9E-39E2-47B9-24EF-BAACE1438D00
53.961166,62.937878,1,E3489F9E-39E2-47B9-24EF-BAACE1438D00
53.63512,62.542458,1,E3489F9E-39E2-47B9-24EF-BAACE1438D00
53.315308,62.25594,1,E3489F9E-39E2-47B9-24EF-BAACE1438D00
53.2837,61.855015,1,E3489F9E-39E2-47B9-24EF-BAACE1438D00
-62.714645,-31.596582,1,E3489F9E-39E2-47B9-24EF-BAACE1438D00
-62.738052,-31.545282,2,E3489F9E-39E2-47B9-24EF-BAACE1438D00
-24.23577,17.507185,2,E3489F9E-39E2-47B9-24EF-BAACE1438D00
-24.272175,17.50143,1,E3489F9E-39E2-47B9-24EF-BAACE1438D00
9.448842,-11.904625,1,E3489F9E-39E2-47B9-24EF-BAACE1438D00
9.452579,-11.921921,1,E3489F9E-39E2-47B9-24EF-BAACE1438D00
9.269994,-10.04285,2,E3489F9E-39E2-47B9-24EF-BAACE1438D00
9.199437,-9.948929,2,E3489F9E-39E2-47B9-24EF-BAACE1438D00
3.9972186,17.43401,1,E3489F9E-39E2-47B9-24EF-BAACE1438D00
4.690285,17.23803,1,E3489F9E-39E2-47B9-24EF-BAACE1438D00
5.3935738,17.093346,1,E3489F9E-39E2-47B9-24EF-BAACE1438D00
6.382472,17.008322,1,E3489F9E-39E2-47B9-24EF-BAACE1438D00
35.70679,25.599335,1,E3489F9E-39E2-47B9-24EF-BAACE1438D00
35.7646,25.570856,1,E3489F9E-39E2-47B9-24EF-BAACE1438D00
8.889856,57.694878,1,E3489F9E-39E2-47B9-24EF-BAACE1438D00
8.889983,57.69337,2,E3489F9E-39E2-47B9-24EF-BAACE1438D00
5.765212,-9.745905,2,E49C1269-8AB7-8C8F-FC88-AA92C2F1E260
4.808923,-9.564349,2,E49C1269-8AB7-8C8F-FC88-AA92C2F1E260
4.408471,-9.526986,2,E49C1269-8AB7-8C8F-FC88-AA92C2F1E260
3.6198452,-9.526229,2,E49C1269-8AB7-8C8F-FC88-AA92C2F1E260
-11.323147,1.9581819,2,E49C1269-8AB7-8C8F-FC88-AA92C2F1E260
-11.3341,1.966227,2,E49C1269-8AB7-8C8F-FC88-AA92C2F1E260
36.006935,7.380923,0,E49C1269-8AB7-8C8F-FC88-AA92C2F1E260
36.453583,8.106215,0,E49C1269-8AB7-8C8F-FC88-AA92C2F1E260
36.51143,8.229931,2,E49C1269-8AB7-8C8F-FC88-AA92C2F1E260
57.859028,-19.454298,2,E49C1269-8AB7-8C8F-FC88-AA92C2F1E260
59.071114,-21.366491,2,E49C1269-8AB7-8C8F-FC88-AA92C2F1E260
59.095585,-21.396374,0,E49C1269-8AB7-8C8F-FC88-AA92C2F1E260
-5.755366,4.000473,0,E49C1269-8AB7-8C8F-FC88-AA92C2F1E260
-5.635379,4.112468,0,E49C1269-8AB7-8C8F-FC88-AA92C2F1E260
-20.49567,32.247158,2,E5CCE6B3-2C6E-BE96-602F-3852C8614777
-21.069859,32.129612,2,E5CCE6B3-2C6E-BE96-602F-3852C8614777
-21.962643,31.930254,2,E5CCE6B3-2C6E-BE96-602F-3852C8614777
-22.683289,31.683615,2,E5CCE6B3-2C6E-BE96-602F-3852C8614777
-23.051283,31.553808,0,E5CCE6B3-2C6E-BE96-602F-3852C8614777
-47.40623,9.115224,0,E5CCE6B3-2C6E-BE96-602F-3852C8614777
-6.4531035,47.78486,0,E5CCE6B3-2C6E-BE96-602F-3852C8614777
-6.458694,47.779808,0,E5CCE6B3-2C6E-BE96-602F-3852C8614777
-9.6417675,46.441196,0,E5CCE6B3-2C6E-BE96-602F-3852C8614777
-10.407809,46.34962,0,E5CCE6B3-2C6E-BE96-602F-3852C8614777
-10.676149,46.196686,0,E5CCE6B3-2C6E-BE96-602F-3852C8614777
-11.158017,45.823235,2,E5CCE6B3-2C6E-BE96-602F-3852C8614777
-14.253309,-51.404343,1,E5CCE6B3-2C6E-BE96-602F-3852C8614777
-14.149436,-51.36833,0,E5CCE6B3-2C6E-BE96-602F-3852C8614777
-13.200839,-51.561363,0,E5CCE6B3-2C6E-BE96-602F-3852C8614777
-14.091683,-53.215244,0,E5CCE6B3-2C6E-BE96-602F-3852C8614777
-14.16345,-53.684574,0,E5CCE6B3-2C6E-BE96-602F-3852C8614777
-13.774523,-56.08527,0,E5CCE6B3-2C6E-BE96-602F-3852C8614777
-13.236449,-57.29234,0,E5CCE6B3-2C6E-BE96-602F-3852C8614777
-12.986462,-57.807426,0,E5CCE6B3-2C6E-BE96-602F-3852C8614777
-12.376978,-58.944706,0,E5CCE6B3-2C6E-BE96-602F-3852C8614777
-12.267532,-59.03341,0,E5CCE6B3-2C6E-BE96-602F-3852C8614777
44.654495,26.7303,1,E5CCE6B3-2C6E-BE96-602F-3852C8614777
44.756317,26.734001,0,E5CCE6B3-2C6E-BE96-602F-3852C8614777
-40.30469,30.338032,2,E5F96AC5-AE7E-C4E8-8288-FB2674F43704
-40.00002,30.363577,2,E5F96AC5-AE7E-C4E8-8288-FB2674F43704
-41.049587,30.06492,2,E5F96AC5-AE7E-C4E8-8288-FB2674F43704
-62.621735,-8.990803,2,E5F96AC5-AE7E-C4E8-8288-FB2674F43704
-71.96776,-13.6596775,2,E5F96AC5-AE7E-C4E8-8288-FB2674F43704
-71.92687,-13.658453,2,E5F96AC5-AE7E-C4E8-8288-FB2674F43704
-55.67701,5.060177,1,E5F96AC5-AE7E-C4E8-8288-FB2674F43704
-54.79705,7.2694817,0,E5F96AC5-AE7E-C4E8-8288-FB2674F43704
-54.742588,7.3740554,0,E5F96AC5-AE7E-C4E8-8288-FB2674F43704
1.1567284,7.043712,0,E5F96AC5-AE7E-C4E8-8288-FB2674F43704
0.6207763,7.3009744,0,E5F96AC5-AE7E-C4E8-8288-FB2674F43704
0.34418428,7.4009404,0,E5F96AC5-AE7E-C4E8-8288-FB2674F43704
-24.281965,8.491607,2,E5F96AC5-AE7E-C4E8-8288-FB2674F43704
-24.232544,8.52362,2,E5F96AC5-AE7E-C4E8-8288-FB2674F43704
-26.843475,29.947634,2,E5F96AC5-AE7E-C4E8-8288-FB2674F43704
-27.45225,31.470112,2,E5F96AC5-AE7E-C4E8-8288-FB2674F43704
-27.775806,31.809416,2,E5F96AC5-AE7E-C4E8-8288-FB2674F43704
-28.063734,31.983673,1,E5F96AC5-AE7E-C4E8-8288-FB2674F43704
-71.66601,-26.47106,1,E5F96AC5-AE7E-C4E8-8288-FB2674F43704
-71.539635,-26.55662,1,E5F96AC5-AE7E-C4E8-8288-FB2674F43704
-70.96207,-26.937151,2,E5F96AC5-AE7E-C4E8-8288-FB2674F43704
-67.38834,-28.037537,2,E5F96AC5-AE7E-C4E8-8288-FB2674F43704
-67.14893,-27.801785,2,E5F96AC5-AE7E-C4E8-8288-FB2674F43704
-66.28138,-27.01839,2,E5F96AC5-AE7E-C4E8-8288-FB2674F43704
40.544765,28.597712,1,EA788550-E907-E4AC-EAE4-82CC26723E3B
40.830704,28.725933,1,EA788550-E907-E4AC-EAE4-82CC26723E3B
41.24847,28.935772,1,EA788550-E907-E4AC-EAE4-82CC26723E3B
-2.4494102,-46.71717,0,EA788550-E907-E4AC-EAE4-82CC26723E3B
31.17748,-17.338434,0,EA788550-E907-E4AC-EAE4-82CC26723E3B
31.22346,-17.269419,2,EA788550-E907-E4AC-EAE4-82CC26723E3B
60.1768,14.095423,2,EA788550-E907-E4AC-EAE4-82CC26723E3B
61.170113,12.892991,2,EA788550-E907-E4AC-EAE4-82CC26723E3B
61.551018,12.19354,2,EA788550-E907-E4AC-EAE4-82CC26723E3B
61.675034,11.562943,2,EA788550-E907-E4AC-EAE4-82CC26723E3B
62.010876,11.369796,2,EA788550-E907-E4AC-EAE4-82CC26723E3B
61.924603,10.833695,2,EA788550-E907-E4AC-EAE4-82CC26723E3B
23.73734,25.86758,2,EA788550-E907-E4AC-EAE4-82CC26723E3B
24.621727,25.951443,2,EA788550-E907-E4AC-EAE4-82CC26723E3B
25.239204,26.07683,2,EA788550-E907-E4AC-EAE4-82CC26723E3B
26.257683,26.30571,2,EA788550-E907-E4AC-EAE4-82CC26723E3B
27.014982,26.469013,2,EA788550-E907-E4AC-EAE4-82CC26723E3B
27.403906,26.546074,2,EA788550-E907-E4AC-EAE4-82CC26723E3B
28.86375,51.954136,2,EA788550-E907-E4AC-EAE4-82CC26723E3B
28.762455,51.24157,2,EA788550-E907-E4AC-EAE4-82CC26723E3B
28.34492,50.98477,2,EA788550-E907-E4AC-EAE4-82CC26723E3B
28.609512,50.537373,2,EA788550-E907-E4AC-EAE4-82CC26723E3B
28.70125,49.934696,2,EA788550-E907-E4AC-EAE4-82CC26723E3B
31.53643,13.409145,2,EA788550-E907-E4AC-EAE4-82CC26723E3B
54.660316,21.318766,2,EA788550-E907-E4AC-EAE4-82CC26723E3B
54.364956,21.674198,2,EA788550-E907-E4AC-EAE4-82CC26723E3B
54.274887,22.113676,2,EA788550-E907-E4AC-EAE4-82CC26723E3B
54.030514,22.642822,2,EA788550-E907-E4AC-EAE4-82CC26723E3B
53.982353,23.418442,2,EA788550-E907-E4AC-EAE4-82CC26723E3B
53.717037,23.981749,2,EA788550-E907-E4AC-EAE4-82CC26723E3B
-35.354176,-39.83325,1,EC6E2525-212C-1C3A-0B73-74D1B45748E1
-35.366047,-39.832367,1,EC6E2525-212C-1C3A-0B73-74D1B45748E1
-56.09919,-47.818947,1,EC6E2525-212C-1C3A-0B73-74D1B45748E1
-56.013226,-47.435417,2,EC6E2525-212C-1C3A-0B73-74D1B45748E1
-55.830894,-46.645073,2,EC6E2525-212C-1C3A-0B73-74D1B45748E1
-55.712563,-46.21781,2,EC6E2525-212C-1C3A-0B73-74D1B45748E1
-60.464848,-9.969159,2,EC6E2525-212C-1C3A-0B73-74D1B45748E1
-59.86832,-10.280126,2,EC6E2525-212C-1C3A-0B73-74D1B45748E1
-59.51426,-10.446062,2,EC6E2525-212C-1C3A-0B73-74D1B45748E1
-36.999302,0.5486678,2,EC6E2525-212C-1C3A-0B73-74D1B45748E1
-36.71535,0.35755917,2,EC6E2525-212C-1C3A-0B73-74D1B45748E1
-36.1915,-0.048285104,1,EC6E2525-212C-1C3A-0B73-74D1B45748E1
48.74801,15.139655,1,EC6E2525-212C-1C3A-0B73-74D1B45748E1
19.51589,50.139557,2,EC6E2525-212C-1C3A-0B73-74D1B45748E1
19.433907,50.47088,2,EC6E2525-212C-1C3A-0B73-74D1B45748E1
19.321447,51.11821,2,EC6E2525-212C-1C3A-0B73-74D1B45748E1
18.927612,51.79666,2,EC6E2525-212C-1C3A-0B73-74D1B45748E1
18.724823,52.052937,2,EC6E2525-212C-1C3A-0B73-74D1B45748E1
7.459492,-35.832718,1,EC6E2525-212C-1C3A-0B73-74D1B45748E1
7.0346074,-35.39562,1,EC6E2525-212C-1C3A-0B73-74D1B45748E1
6.520826,-34.93389,1,EC6E2525-212C-1C3A-0B73-74D1B45748E1
6.2496586,-34.70369,1,EC6E2525-212C-1C3A-0B73-74D1B45748E1
5.015218,-33.752346,1,EC6E2525-212C-1C3A-0B73-74D1B45748E1
4.559738,-33.376465,1,EC6E2525-212C-1C3A-0B73-74D1B45748E1
80.28561,35.011898,0,EC6E2525-212C-1C3A-0B73-74D1B45748E1
80.392166,35.19508,0,EC6E2525-212C-1C3A-0B73-74D1B45748E1
80.89731,36.105114,0,EC6E2525-212C-1C3A-0B73-74D1B45748E1
81.1147,36.49978,1,EC6E2525-212C-1C3A-0B73-74D1B45748E1
81.4747,37.207603,1,EC6E2525-212C-1C3A-0B73-74D1B45748E1
-25.770891,39.669746,2,EC6E2525-212C-1C3A-0B73-74D1B45748E1
-65.311165,-8.739213,2,EE62AFCD-B47D-E676-0257-21F92CB612D8
-64.91812,-9.34405,2,EE62AFCD-B47D-E676-0257-21F92CB612D8
-64.601326,-9.959903,0,EE62AFCD-B47D-E676-0257-21F92CB612D8
-63.93716,-10.468565,0,EE62AFCD-B47D-E676-0257-21F92CB612D8
-63.506184,-11.383811,0,EE62AFCD-B47D-E676-0257-21F92CB612D8
-62.26882,-12.440393,2,EE62AFCD-B47D-E676-0257-21F92CB612D8
16.90986,-21.56729,2,EE62AFCD-B47D-E676-0257-21F92CB612D8
16.716913,-21.320114,2,EE62AFCD-B47D-E676-0257-21F92CB612D8
16.157959,-20.687773,2,EE62AFCD-B47D-E676-0257-21F92CB612D8
15.541751,-20.184355,2,EE62AFCD-B47D-E676-0257-21F92CB612D8
-35.421356,-21.732061,2,EE62AFCD-B47D-E676-0257-21F92CB612D8
-35.134617,-22.7246,2,EE62AFCD-B47D-E676-0257-21F92CB612D8
17.991814,-27.280016,2,EE62AFCD-B47D-E676-0257-21F92CB612D8
18.056515,-26.694157,2,EE62AFCD-B47D-E676-0257-21F92CB612D8
18.12942,-26.171654,0,EE62AFCD-B47D-E676-0257-21F92CB612D8
-20.075544,11.370503,0,EE62AFCD-B47D-E676-0257-21F92CB612D8
-21.0537,10.522602,2,EE62AFCD-B47D-E676-0257-21F92CB612D8
-20.918715,10.633235,2,EE62AFCD-B47D-E676-0257-21F92CB612D8
-5.4327188,29.260374,2,EE62AFCD-B47D-E676-0257-21F92CB612D8
-5.1767936,29.061008,2,EE62AFCD-B47D-E676-0257-21F92CB612D8
-4.7167773,28.735802,2,EE62AFCD-B47D-E676-0257-21F92CB612D8
-2.7816515,27.877226,2,EE62AFCD-B47D-E676-0257-21F92CB612D8
-2.0176942,26.98166,2,EE62AFCD-B47D-E676-0257-21F92CB612D8
-1.8749268,26.806913,2,EE62AFCD-B47D-E676-0257-21F92CB612D8
-27.333908,-32.589092,1,F1430977-52AF-4F46-BF92-0A8D736CBD2B
-27.537878,-33.94841,1,F1430977-52AF-4F46-BF92-0A8D736CBD2B
-27.560085,-34.183563,1,F1430977-52AF-4F46-BF92-0A8D736CBD2B
-27.46108,-35.477604,1,F1430977-52AF-4F46-BF92-0A8D736CBD2B
-27.412855,-35.81946,1,F1430977-52AF-4F46-BF92-0A8D736CBD2B
-27.306833,-36.37235,1,F1430977-52AF-4F46-BF92-0A8D736CBD2B
51.8122,-32.594643,0,F1430977-52AF-4F46-BF92-0A8D736CBD2B
52.23727,-32.426056,2,F1430977-52AF-4F46-BF92-0A8D736CBD2B
52.88937,-32.15051,2,F1430977-52AF-4F46-BF92-0A8D736CBD2B
2.2554638,59.85202,2,F1430977-52AF-4F46-BF92-0A8D736CBD2B
1.2040727,59.661354,2,F1430977-52AF-4F46-BF92-0A8D736CBD2B
1.0387024,59.634377,2,F1430977-52AF-4F46-BF92-0A8D736CBD2B
-9.390903,27.688082,2,F1430977-52AF-4F46-BF92-0A8D736CBD2B
-9.6208,27.539776,2,F1430977-52AF-4F46-BF92-0A8D736CBD2B
-10.678412,26.803185,2,F1430977-52AF-4F46-BF92-0A8D736CBD2B
-11.309743,26.357079,2,F1430977-52AF-4F46-BF92-0A8D736CBD2B
-11.443907,26.01624,0,F1430977-52AF-4F46-BF92-0A8D736CBD2B
4.2599244,-5.2956805,0,F1430977-52AF-4F46-BF92-0A8D736CBD2B
50.186256,-23.275679,2,F752B62E-E95F-A65D-4CB2-8B0252E15F08
50.126106,-22.70511,2,F752B62E-E95F-A65D-4CB2-8B0252E15F08
-7.2344093,-56.50036,2,F752B62E-E95F-A65D-4CB2-8B0252E15F08
-7.7054806,-55.958607,2,F752B62E-E95F-A65D-4CB2-8B0252E15F08
-8.00307,-55.64701,2,F752B62E-E95F-A65D-4CB2-8B0252E15F08
-8.613032,-55.17449,0,F752B62E-E95F-A65D-4CB2-8B0252E15F08
-9.211374,-54.660088,0,F752B62E-E95F-A65D-4CB2-8B0252E15F08
-24.674019,-13.718359,0,F752B62E-E95F-A65D-4CB2-8B0252E15F08
-24.89831,-29.23295,0,F752B62E-E95F-A65D-4CB2-8B0252E15F08
-25.525513,-28.70562,0,F752B62E-E95F-A65D-4CB2-8B0252E15F08
-25.532658,-28.495789,0,F752B62E-E95F-A65D-4CB2-8B0252E15F08
-25.787271,-28.009634,0,F752B62E-E95F-A65D-4CB2-8B0252E15F08
-1.535006,-50.36143,2,F752B62E-E95F-A65D-4CB2-8B0252E15F08
-0.5178649,-50.84349,2,F752B62E-E95F-A65D-4CB2-8B0252E15F08
0.3392913,-51.302578,2,F752B62E-E95F-A65D-4CB2-8B0252E15F08
0.8291584,-51.75667,0,F752B62E-E95F-A65D-4CB2-8B0252E15F08
1.1552283,-52.071785,0,F752B62E-E95F-A65D-4CB2-8B0252E15F08
1.395388,-52.42034,0,F752B62E-E95F-A65D-4CB2-8B0252E15F08
69.726,47.1502,2,F752B62E-E95F-A65D-4CB2-8B0252E15F08
69.14865,46.49807,2,F752B62E-E95F-A65D-4CB2-8B0252E15F08
68.800674,45.78363,2,F752B62E-E95F-A65D-4CB2-8B0252E15F08
68.84778,45.22948,2,F752B62E-E95F-A65D-4CB2-8B0252E15F08
68.87185,44.863457,0,F752B62E-E95F-A65D-4CB2-8B0252E15F08
68.91853,43.874626,2,F752B62E-E95F-A65D-4CB2-8B0252E15F08
63.107574,-8.246416,0,F752B62E-E95F-A65D-4CB2-8B0252E15F08
62.517323,-8.3946295,0,F752B62E-E95F-A65D-4CB2-8B0252E15F08
62.123802,-8.721438,0,F752B62E-E95F-A65D-4CB2-8B0252E15F08
61.332504,-9.417326,0,F752B62E-E95F-A65D-4CB2-8B0252E15F08
60.85273,-9.884075,0,F752B62E-E95F-A65D-4CB2-8B0252E15F08
60.20353,-10.473587,0,F752B62E-E95F-A65D-4CB2-8B0252E15F08
-33.888474,-33.359215,2,FC50071B-D2BA-C98B-AC6E-7339010D56DA
-34.261295,-33.34149,2,FC50071B-D2BA-C98B-AC6E-7339010D56DA
-35.93753,-33.953766,2,FC50071B-D2BA-C98B-AC6E-7339010D56DA
-36.559464,-34.21946,1,FC50071B-D2BA-C98B-AC6E-7339010D56DA
-36.928482,-34.507927,1,FC50071B-D2BA-C98B-AC6E-7339010D56DA
-37.680122,-35.28064,1,FC50071B-D2BA-C98B-AC6E-7339010D56DA
33.799076,5.0357356,2,FC50071B-D2BA-C98B-AC6E-7339010D56DA
33.913475,4.8934393,2,FC50071B-D2BA-C98B-AC6E-7339010D56DA
33.973736,4.3647857,2,FC50071B-D2BA-C98B-AC6E-7339010D56DA
35.758675,2.5040548,2,FC50071B-D2BA-C98B-AC6E-7339010D56DA
36.105835,2.0190356,2,FC50071B-D2BA-C98B-AC6E-7339010D56DA
36.359894,1.7268791,2,FC50071B-D2BA-C98B-AC6E-7339010D56DA
12.143592,3.8052816,2,FC50071B-D2BA-C98B-AC6E-7339010D56DA
12.093393,3.5922189,2,FC50071B-D2BA-C98B-AC6E-7339010D56DA
11.686054,2.8689125,2,FC50071B-D2BA-C98B-AC6E-7339010D56DA
11.330747,2.3308887,2,FC50071B-D2BA-C98B-AC6E-7339010D56DA
10.500087,1.1576753,2,FC50071B-D2BA-C98B-AC6E-7339010D56DA
10.59499,1.1118233,2,FC50071B-D2BA-C98B-AC6E-7339010D56DA
0.83110774,-0.22340344,2,FC66D29E-8CD8-AE29-A071-33549272C1EE
0.6730574,-0.37361795,2,FC66D29E-8CD8-AE29-A071-33549272C1EE
-0.23943135,-1.0215883,2,FC66D29E-8CD8-AE29-A071-33549272C1EE
-0.31422102,-1.1003847,2,FC66D29E-8CD8-AE29-A071-33549272C1EE
-42.187653,-6.377249,0,FC66D29E-8CD8-AE29-A071-33549272C1EE
-43.81108,-4.915878,0,FC66D29E-8CD8-AE29-A071-33549272C1EE
-55.63156,-58.70758,1,FC66D29E-8CD8-AE29-A071-33549272C1EE
-55.30119,-58.104137,1,FC66D29E-8CD8-AE29-A071-33549272C1EE
-54.93328,-57.452026,1,FC66D29E-8CD8-AE29-A071-33549272C1EE
-54.94133,-57.4326,1,FC66D29E-8CD8-AE29-A071-33549272C1EE
-63.376007,16.262213,0,FC66D29E-8CD8-AE29-A071-33549272C1EE
-3.618035,41.635956,0,FC66D29E-8CD8-AE29-A071-33549272C1EE
15.581666,9.923007,2,FC66D29E-8CD8-AE29-A071-33549272C1EE
15.798223,10.474718,2,FC66D29E-8CD8-AE29-A071-33549272C1EE
16.133404,11.53915,0,FC66D29E-8CD8-AE29-A071-33549272C1EE
16.231543,12.402801,0,FC66D29E-8CD8-AE29-A071-33549272C1EE
16.217403,13.012782,0,FC66D29E-8CD8-AE29-A071-33549272C1EE
16.164095,13.333369,2,FC66D29E-8CD8-AE29-A071-33549272C1EE
-21.78457,15.092604,2,FC66D29E-8CD8-AE29-A071-33549272C1EE
-21.793499,15.1010275,2,FC66D29E-8CD8-AE29-A071-33549272C1EE
15.742652,15.701552,2,FC66D29E-8CD8-AE29-A071-33549272C1EE
-14.428734,-68.114,0,FC66D29E-8CD8-AE29-A071-33549272C1EE
-14.964601,-69.16814,0,FC66D29E-8CD8-AE29-A071-33549272C1EE
-15.090229,-69.408104,0,FC66D29E-8CD8-AE29-A071-33549272C1EE
46.07955,44.441116,0,FFAB0F54-EFF2-FA1A-1892-F9D8ED3C9B31
46.389713,43.835003,0,FFAB0F54-EFF2-FA1A-1892-F9D8ED3C9B31
46.64652,43.337463,2,FFAB0F54-EFF2-FA1A-1892-F9D8ED3C9B31
46.840355,43.0492,2,FFAB0F54-EFF2-FA1A-1892-F9D8ED3C9B31
46.65061,42.488155,2,FFAB0F54-EFF2-FA1A-1892-F9D8ED3C9B31
9.92516,12.19087,2,FFAB0F54-EFF2-FA1A-1892-F9D8ED3C9B31
10.743615,26.234886,2,FFAB0F54-EFF2-FA1A-1892-F9D8ED3C9B31
10.637808,26.06462,2,FFAB0F54-EFF2-FA1A-1892-F9D8ED3C9B31
9.407474,24.414328,2,FFAB0F54-EFF2-FA1A-1892-F9D8ED3C9B31
9.333232,24.274397,2,FFAB0F54-EFF2-FA1A-1892-F9D8ED3C9B31
8.808275,23.593332,2,FFAB0F54-EFF2-FA1A-1892-F9D8ED3C9B31
8.744106,21.976072,2,FFAB0F54-EFF2-FA1A-1892-F9D8ED3C9B31
8.676671,21.395958,2,FFAB0F54-EFF2-FA1A-1892-F9D8ED3C9B31
35.110424,-5.471946,2,FFAB0F54-EFF2-FA1A-1892-F9D8ED3C9B31
27.721289,40.005386,2,FFAB0F54-EFF2-FA1A-1892-F9D8ED3C9B31
27.314447,40.20717,2,FFAB0F54-EFF2-FA1A-1892-F9D8ED3C9B31
26.863947,40.17515,2,FFAB0F54-EFF2-FA1A-1892-F9D8ED3C9B31
26.459156,40.167175,2,FFAB0F54-EFF2-FA1A-1892-F9D8ED3C9B31
