tsne_x,tsne_y,label_mood,player_id
-16.484522,67.358246,2,018B0D8D-B5EC-09D6-90ED-550058EBFEAF
-1.5458019,57.29136,2,018B0D8D-B5EC-09D6-90ED-550058EBFEAF
-1.3865931,56.39199,2,018B0D8D-B5EC-09D6-90ED-550058EBFEAF
-2.4539108,53.33827,2,018B0D8D-B5EC-09D6-90ED-550058EBFEAF
-1.8605132,51.824337,2,018B0D8D-B5EC-09D6-90ED-550058EBFEAF
-1.6823434,50.519855,2,018B0D8D-B5EC-09D6-90ED-550058EBFEAF
5.7400923,37.94251,2,018B0D8D-B5EC-09D6-90ED-550058EBFEAF
6.0939646,37.716003,2,018B0D8D-B5EC-09D6-90ED-550058EBFEAF
5.4275727,28.812494,2,018B0D8D-B5EC-09D6-90ED-550058EBFEAF
6.1606817,28.102047,2,018B0D8D-B5EC-09D6-90ED-550058EBFEAF
6.417116,27.945148,0,018B0D8D-B5EC-09D6-90ED-550058EBFEAF
6.8377104,27.68691,0,018B0D8D-B5EC-09D6-90ED-550058EBFEAF
59.270058,29.723223,2,018B0D8D-B5EC-09D6-90ED-550058EBFEAF
58.8412,29.585133,0,018B0D8D-B5EC-09D6-90ED-550058EBFEAF
55.521698,26.759005,0,018B0D8D-B5EC-09D6-90ED-550058EBFEAF
56.127293,26.709747,0,018B0D8D-B5EC-09D6-90ED-550058EBFEAF
56.773445,26.979368,0,018B0D8D-B5EC-09D6-90ED-550058EBFEAF
57.531796,27.057325,0,018B0D8D-B5EC-09D6-90ED-550058EBFEAF
-34.893364,-38.042286,1,018B0D8D-B5EC-09D6-90ED-550058EBFEAF
-34.55336,-38.170006,0,018B0D8D-B5EC-09D6-90ED-550058EBFEAF
-33.374474,-39.18784,0,018B0D8D-B5EC-09D6-90ED-550058EBFEAF
-33.187115,-39.383595,0,018B0D8D-B5EC-09D6-90ED-550058EBFEAF
-26.002644,-42.518475,0,018B0D8D-B5EC-09D6-90ED-550058EBFEAF
-25.97666,-42.569653,0,018B0D8D-B5EC-09D6-90ED-550058EBFEAF
-54.16104,30.96858,0,018B0D8D-B5EC-09D6-90ED-550058EBFEAF
7.682305,-48.889835,2,06F9F8CE-9696-23CA-25B5-000AA4A793BA
7.93064,-48.824932,2,06F9F8CE-9696-23CA-25B5-000AA4A793BA
9.711171,-48.280396,2,06F9F8CE-9696-23CA-25B5-000AA4A793BA
9.87907,-48.247417,2,06F9F8CE-9696-23CA-25B5-000AA4A793BA
29.667263,-50.989883,2,06F9F8CE-9696-23CA-25B5-000AA4A793BA
30.307253,-50.47779,2,06F9F8CE-9696-23CA-25B5-000AA4A793BA
35.28754,-46.541134,2,06F9F8CE-9696-23CA-25B5-000AA4A793BA
35.577682,-46.40349,1,06F9F8CE-9696-23CA-25B5-000AA4A793BA
54.386177,-43.23177,1,06F9F8CE-9696-23CA-25B5-000AA4A793BA
54.69044,-42.600613,1,06F9F8CE-9696-23CA-25B5-000AA4A793BA
54.90497,-41.840694,1,06F9F8CE-9696-23CA-25B5-000AA4A793BA
54.985188,-41.421986,2,06F9F8CE-9696-23CA-25B5-000AA4A793BA
-47.21406,-6.2709618,2,06F9F8CE-9696-23CA-25B5-000AA4A793BA
-47.95975,-5.9727917,2,06F9F8CE-9696-23CA-25B5-000AA4A793BA
-48.515423,-5.8211064,0,06F9F8CE-9696-23CA-25B5-000AA4A793BA
-49.30697,-5.7341127,0,06F9F8CE-9696-23CA-25B5-000AA4A793BA
-49.855705,-5.688832,0,06F9F8CE-9696-23CA-25B5-000AA4A793BA
-58.494,20.513643,0,06F9F8CE-9696-23CA-25B5-000AA4A793BA
32.87361,-31.102818,0,0A221ADF-C99E-307E-7B65-92EF9DABA6C4
33.917175,-30.517666,0,0A221ADF-C99E-307E-7B65-92EF9DABA6C4
34.378864,-30.283092,0,0A221ADF-C99E-307E-7B65-92EF9DABA6C4
41.337036,-21.66193,2,0A221ADF-C99E-307E-7B65-92EF9DABA6C4
46.151005,-11.646298,2,0A221ADF-C99E-307E-7B65-92EF9DABA6C4
46.105816,-11.242421,2,0A221ADF-C99E-307E-7B65-92EF9DABA6C4
45.693153,-10.393724,2,0A221ADF-C99E-307E-7B65-92EF9DABA6C4
45.460438,-9.952478,0,0A221ADF-C99E-307E-7B65-92EF9DABA6C4
40.01483,17.93526,0,0A221ADF-C99E-307E-7B65-92EF9DABA6C4
41.734344,20.07537,0,0A221ADF-C99E-307E-7B65-92EF9DABA6C4
41.73,20.994417,2,0A221ADF-C99E-307E-7B65-92EF9DABA6C4
41.63306,21.453682,2,0A221ADF-C99E-307E-7B65-92EF9DABA6C4
54.975883,24.13851,2,0A221ADF-C99E-307E-7B65-92EF9DABA6C4
54.818466,24.479929,2,0A221ADF-C99E-307E-7B65-92EF9DABA6C4
54.336212,25.39096,2,0A221ADF-C99E-307E-7B65-92EF9DABA6C4
54.131363,25.954905,2,0A221ADF-C99E-307E-7B65-92EF9DABA6C4
54.22672,26.989048,2,0A221ADF-C99E-307E-7B65-92EF9DABA6C4
54.080017,27.492466,2,0A221ADF-C99E-307E-7B65-92EF9DABA6C4
-14.525607,62.826115,2,0A76B59A-F1FF-F3F5-A3CA-2386FA8EF308
-10.772738,60.758465,2,0A76B59A-F1FF-F3F5-A3CA-2386FA8EF308
-10.948345,60.500134,2,0A76B59A-F1FF-F3F5-A3CA-2386FA8EF308
-11.458925,60.02016,2,0A76B59A-F1FF-F3F5-A3CA-2386FA8EF308
-16.253878,57.265495,2,0A76B59A-F1FF-F3F5-A3CA-2386FA8EF308
-16.227856,57.242554,2,0A76B59A-F1FF-F3F5-A3CA-2386FA8EF308
-19.76548,20.539282,2,0A76B59A-F1FF-F3F5-A3CA-2386FA8EF308
-21.189688,13.397489,2,0A76B59A-F1FF-F3F5-A3CA-2386FA8EF308
-20.948515,12.74002,2,0A76B59A-F1FF-F3F5-A3CA-2386FA8EF308
-20.7534,12.052451,2,0A76B59A-F1FF-F3F5-A3CA-2386FA8EF308
-20.645308,11.252025,2,0A76B59A-F1FF-F3F5-A3CA-2386FA8EF308
-20.644924,10.957666,2,0A76B59A-F1FF-F3F5-A3CA-2386FA8EF308
39.46074,-25.113638,1,0A76B59A-F1FF-F3F5-A3CA-2386FA8EF308
39.610645,-24.692373,1,0A76B59A-F1FF-F3F5-A3CA-2386FA8EF308
39.589725,-23.75024,1,0A76B59A-F1FF-F3F5-A3CA-2386FA8EF308
36.52702,-16.863842,1,0A76B59A-F1FF-F3F5-A3CA-2386FA8EF308
36.08438,-16.629843,1,0A76B59A-F1FF-F3F5-A3CA-2386FA8EF308
35.866055,-16.27134,1,0A76B59A-F1FF-F3F5-A3CA-2386FA8EF308
6.2417035,-8.872564,1,0A76B59A-F1FF-F3F5-A3CA-2386FA8EF308
6.287429,-9.22565,1,0A76B59A-F1FF-F3F5-A3CA-2386FA8EF308
6.2546334,-9.701492,1,0A76B59A-F1FF-F3F5-A3CA-2386FA8EF308
6.1196327,-11.007298,1,0A76B59A-F1FF-F3F5-A3CA-2386FA8EF308
6.1106477,-11.739363,1,0A76B59A-F1FF-F3F5-A3CA-2386FA8EF308
6.111727,-12.013282,1,0A76B59A-F1FF-F3F5-A3CA-2386FA8EF308
13.75951,-11.223833,2,0A76B59A-F1FF-F3F5-A3CA-2386FA8EF308
13.598012,-11.492393,2,0A76B59A-F1FF-F3F5-A3CA-2386FA8EF308
13.061849,-12.402268,2,0A76B59A-F1FF-F3F5-A3CA-2386FA8EF308
12.791214,-12.90904,2,0A76B59A-F1FF-F3F5-A3CA-2386FA8EF308
12.363819,-13.730778,2,0A76B59A-F1FF-F3F5-A3CA-2386FA8EF308
12.193413,-14.050116,2,0A76B59A-F1FF-F3F5-A3CA-2386FA8EF308
-2.961065,-45.277153,2,0B5863F1-A482-C95D-EA42-9183B5BDFA12
-2.20465,-45.411076,2,0B5863F1-A482-C95D-EA42-9183B5BDFA12
-1.5593361,-45.32982,2,0B5863F1-A482-C95D-EA42-9183B5BDFA12
-0.809901,-45.099403,2,0B5863F1-A482-C95D-EA42-9183B5BDFA12
0.3442291,-45.02056,2,0B5863F1-A482-C95D-EA42-9183B5BDFA12
0.74848956,-45.032814,2,0B5863F1-A482-C95D-EA42-9183B5BDFA12
-6.5245214,39.704754,0,0B5863F1-A482-C95D-EA42-9183B5BDFA12
-5.993493,39.626293,0,0B5863F1-A482-C95D-EA42-9183B5BDFA12
-5.0431657,39.111904,0,0B5863F1-A482-C95D-EA42-9183B5BDFA12
-1.5552962,36.053658,0,0B5863F1-A482-C95D-EA42-9183B5BDFA12
-1.1098967,35.813442,0,0B5863F1-A482-C95D-EA42-9183B5BDFA12
-0.68093306,35.290634,0,0B5863F1-A482-C95D-EA42-9183B5BDFA12
-16.746038,-19.281406,0,0B5863F1-A482-C95D-EA42-9183B5BDFA12
-16.177296,-19.378847,2,0B5863F1-A482-C95D-EA42-9183B5BDFA12
-5.8216662,-22.38524,2,0B5863F1-A482-C95D-EA42-9183B5BDFA12
-5.560497,-22.445833,2,0B5863F1-A482-C95D-EA42-9183B5BDFA12
0.4630639,-36.221504,0,0B5863F1-A482-C95D-EA42-9183B5BDFA12
0.48416033,-36.33651,0,0B5863F1-A482-C95D-EA42-9183B5BDFA12
-60.081757,20.91092,2,0B5863F1-A482-C95D-EA42-9183B5BDFA12
-56.585243,32.510265,2,0B5863F1-A482-C95D-EA42-9183B5BDFA12
-56.690186,33.403072,2,0B5863F1-A482-C95D-EA42-9183B5BDFA12
-0.14130852,-20.893496,2,0D759376-3F10-1BEB-7205-E91B8BF17984
0.74988455,-20.975304,2,0D759376-3F10-1BEB-7205-E91B8BF17984
2.1971426,-21.03942,2,0D759376-3F10-1BEB-7205-E91B8BF17984
2.4690127,-21.184114,2,0D759376-3F10-1BEB-7205-E91B8BF17984
3.0672638,-21.509546,2,0D759376-3F10-1BEB-7205-E91B8BF17984
3.3326852,-21.586823,2,0D759376-3F10-1BEB-7205-E91B8BF17984
14.7232,18.928158,1,0D759376-3F10-1BEB-7205-E91B8BF17984
-36.9083,-1.4018416,1,0D759376-3F10-1BEB-7205-E91B8BF17984
-37.6062,-1.4254427,1,0D759376-3F10-1BEB-7205-E91B8BF17984
-38.100246,-1.3688585,1,0D759376-3F10-1BEB-7205-E91B8BF17984
-55.934803,-0.53829026,1,0D759376-3F10-1BEB-7205-E91B8BF17984
-55.873787,-0.5290108,1,0D759376-3F10-1BEB-7205-E91B8BF17984
4.1633935,-33.258644,2,0D759376-3F10-1BEB-7205-E91B8BF17984
5.8770485,-33.854496,2,0D759376-3F10-1BEB-7205-E91B8BF17984
6.4815054,-34.20254,2,0D759376-3F10-1BEB-7205-E91B8BF17984
6.533555,-34.454937,0,0D759376-3F10-1BEB-7205-E91B8BF17984
22.356678,-47.13883,0,0D759376-3F10-1BEB-7205-E91B8BF17984
22.414452,-47.192852,2,0D759376-3F10-1BEB-7205-E91B8BF17984
-58.638927,22.251204,2,0D759376-3F10-1BEB-7205-E91B8BF17984
-58.60255,23.017746,2,0D759376-3F10-1BEB-7205-E91B8BF17984
-58.62307,23.45923,1,0D759376-3F10-1BEB-7205-E91B8BF17984
-57.54982,33.286175,1,0D759376-3F10-1BEB-7205-E91B8BF17984
31.24802,-53.082897,2,0F3B2D98-51FE-5265-3746-A0763DE31C98
38.30198,-48.113415,2,0F3B2D98-51FE-5265-3746-A0763DE31C98
38.613453,-47.828037,2,0F3B2D98-51FE-5265-3746-A0763DE31C98
39.131824,-46.882812,2,0F3B2D98-51FE-5265-3746-A0763DE31C98
41.308456,-40.40899,2,0F3B2D98-51FE-5265-3746-A0763DE31C98
41.364075,-40.278324,2,0F3B2D98-51FE-5265-3746-A0763DE31C98
-39.342976,16.58431,0,0F3B2D98-51FE-5265-3746-A0763DE31C98
-39.135986,17.044296,0,0F3B2D98-51FE-5265-3746-A0763DE31C98
-38.87469,17.697893,0,0F3B2D98-51FE-5265-3746-A0763DE31C98
-38.66233,18.080275,0,0F3B2D98-51FE-5265-3746-A0763DE31C98
-22.995985,64.28906,0,0F3B2D98-51FE-5265-3746-A0763DE31C98
-22.565525,64.23999,0,0F3B2D98-51FE-5265-3746-A0763DE31C98
-21.565287,64.03273,1,0F3B2D98-51FE-5265-3746-A0763DE31C98
-7.845961,60.635143,1,0F3B2D98-51FE-5265-3746-A0763DE31C98
-7.226171,60.19772,1,0F3B2D98-51FE-5265-3746-A0763DE31C98
-7.087255,59.859642,0,0F3B2D98-51FE-5265-3746-A0763DE31C98
-7.1266704,59.34207,0,0F3B2D98-51FE-5265-3746-A0763DE31C98
-11.791076,38.56357,0,0F3B2D98-51FE-5265-3746-A0763DE31C98
21.523914,-54.5097,0,0F3B2D98-51FE-5265-3746-A0763DE31C98
28.885944,-46.72156,0,0F3B2D98-51FE-5265-3746-A0763DE31C98
46.66667,-42.4954,0,0F3B2D98-51FE-5265-3746-A0763DE31C98
46.841274,-42.705715,0,0F3B2D98-51FE-5265-3746-A0763DE31C98
47.961723,-43.536106,0,0F3B2D98-51FE-5265-3746-A0763DE31C98
48.318676,-43.42476,0,0F3B2D98-51FE-5265-3746-A0763DE31C98
-3.2408593,0.85474044,2,14027B3A-0AD6-CBA3-A600-42B3C0A4D933
-6.9557176,-0.022154229,2,14027B3A-0AD6-CBA3-A600-42B3C0A4D933
-7.034003,-0.19822696,2,14027B3A-0AD6-CBA3-A600-42B3C0A4D933
-7.2829504,-1.5529453,2,14027B3A-0AD6-CBA3-A600-42B3C0A4D933
-7.275403,-1.9929689,2,14027B3A-0AD6-CBA3-A600-42B3C0A4D933
-7.1711326,-2.5620494,2,14027B3A-0AD6-CBA3-A600-42B3C0A4D933
43.184887,-6.681712,2,14027B3A-0AD6-CBA3-A600-42B3C0A4D933
42.570423,-6.189644,2,14027B3A-0AD6-CBA3-A600-42B3C0A4D933
42.17785,-5.777059,2,14027B3A-0AD6-CBA3-A600-42B3C0A4D933
37.390568,-1.947759,2,14027B3A-0AD6-CBA3-A600-42B3C0A4D933
37.597466,-1.457734,2,14027B3A-0AD6-CBA3-A600-42B3C0A4D933
37.69058,-1.1826814,2,14027B3A-0AD6-CBA3-A600-42B3C0A4D933
31.764517,-3.0050228,2,14027B3A-0AD6-CBA3-A600-42B3C0A4D933
31.347864,-2.9380581,2,14027B3A-0AD6-CBA3-A600-42B3C0A4D933
30.796885,-2.888627,2,14027B3A-0AD6-CBA3-A600-42B3C0A4D933
30.11632,-2.8926823,2,14027B3A-0AD6-CBA3-A600-42B3C0A4D933
29.01476,-2.9235878,2,14027B3A-0AD6-CBA3-A600-42B3C0A4D933
28.55125,-2.956092,2,14027B3A-0AD6-CBA3-A600-42B3C0A4D933
-19.497215,-31.114325,2,165B40B2-D9B2-DBC0-AE48-02C0F49A609F
-19.543394,-31.284185,2,165B40B2-D9B2-DBC0-AE48-02C0F49A609F
-13.158451,-42.96767,2,165B40B2-D9B2-DBC0-AE48-02C0F49A609F
-12.77481,-43.078407,2,165B40B2-D9B2-DBC0-AE48-02C0F49A609F
-12.1644335,-43.186485,2,165B40B2-D9B2-DBC0-AE48-02C0F49A609F
-9.979454,-42.46629,2,165B40B2-D9B2-DBC0-AE48-02C0F49A609F
-46.37534,44.17381,2,165B40B2-D9B2-DBC0-AE48-02C0F49A609F
-46.30006,44.22202,2,165B40B2-D9B2-DBC0-AE48-02C0F49A609F
-13.20455,38.15166,2,165B40B2-D9B2-DBC0-AE48-02C0F49A609F
-12.884814,37.921516,2,165B40B2-D9B2-DBC0-AE48-02C0F49A609F
-12.288635,37.140415,2,165B40B2-D9B2-DBC0-AE48-02C0F49A609F
-11.928878,36.186813,2,165B40B2-D9B2-DBC0-AE48-02C0F49A609F
6.769614,-24.092796,0,165B40B2-D9B2-DBC0-AE48-02C0F49A609F
6.758397,-24.206318,0,165B40B2-D9B2-DBC0-AE48-02C0F49A609F
6.493103,-25.201933,0,165B40B2-D9B2-DBC0-AE48-02C0F49A609F
9.931026,-37.591015,0,165B40B2-D9B2-DBC0-AE48-02C0F49A609F
10.123509,-37.697105,0,165B40B2-D9B2-DBC0-AE48-02C0F49A609F
10.681882,-37.856205,0,165B40B2-D9B2-DBC0-AE48-02C0F49A609F
11.589537,-37.958256,0,165B40B2-D9B2-DBC0-AE48-02C0F49A609F
19.73278,-46.360165,1,165B40B2-D9B2-DBC0-AE48-02C0F49A609F
19.80125,-46.181183,1,165B40B2-D9B2-DBC0-AE48-02C0F49A609F
30.546404,-39.075165,1,165B40B2-D9B2-DBC0-AE48-02C0F49A609F
46.39645,-47.83262,2,165B40B2-D9B2-DBC0-AE48-02C0F49A609F
46.471336,-47.54605,2,165B40B2-D9B2-DBC0-AE48-02C0F49A609F
23.974415,-1.5752536,0,165B40B2-D9B2-DBC0-AE48-02C0F49A609F
23.605438,-2.1368794,0,165B40B2-D9B2-DBC0-AE48-02C0F49A609F
23.46727,-2.3628366,0,165B40B2-D9B2-DBC0-AE48-02C0F49A609F
-65.78588,-0.7621066,1,172A62AD-9B69-33E2-1551-9526879D80AC
-65.80804,-0.20086846,2,172A62AD-9B69-33E2-1551-9526879D80AC
-65.81272,0.68269217,2,172A62AD-9B69-33E2-1551-9526879D80AC
-65.58707,2.1376994,2,172A62AD-9B69-33E2-1551-9526879D80AC
-65.46496,2.6421876,2,172A62AD-9B69-33E2-1551-9526879D80AC
-65.19041,3.3969557,2,172A62AD-9B69-33E2-1551-9526879D80AC
-63.940796,5.5221705,2,172A62AD-9B69-33E2-1551-9526879D80AC
-63.87924,5.729005,1,172A62AD-9B69-33E2-1551-9526879D80AC
-61.843586,23.145609,1,172A62AD-9B69-33E2-1551-9526879D80AC
-61.17724,31.44041,1,172A62AD-9B69-33E2-1551-9526879D80AC
-61.13832,31.610693,2,172A62AD-9B69-33E2-1551-9526879D80AC
-47.225483,40.68368,2,172A62AD-9B69-33E2-1551-9526879D80AC
-46.936546,40.709244,2,172A62AD-9B69-33E2-1551-9526879D80AC
-13.363227,44.156322,2,172A62AD-9B69-33E2-1551-9526879D80AC
-13.317234,44.278725,2,172A62AD-9B69-33E2-1551-9526879D80AC
1.7518653,60.1513,2,172A62AD-9B69-33E2-1551-9526879D80AC
1.6189796,59.845158,2,172A62AD-9B69-33E2-1551-9526879D80AC
1.3788304,59.37338,2,172A62AD-9B69-33E2-1551-9526879D80AC
-43.143456,-26.14269,2,172A62AD-9B69-33E2-1551-9526879D80AC
-43.013058,-26.188232,2,172A62AD-9B69-33E2-1551-9526879D80AC
-41.96886,-26.324205,2,172A62AD-9B69-33E2-1551-9526879D80AC
-40.99141,-26.931826,2,172A62AD-9B69-33E2-1551-9526879D80AC
-40.75804,-27.038124,2,172A62AD-9B69-33E2-1551-9526879D80AC
-31.134882,-33.904354,1,172A62AD-9B69-33E2-1551-9526879D80AC
-30.990246,-34.060593,1,172A62AD-9B69-33E2-1551-9526879D80AC
-26.106176,-37.322235,1,172A62AD-9B69-33E2-1551-9526879D80AC
-25.938965,-37.468876,2,172A62AD-9B69-33E2-1551-9526879D80AC
-25.590784,-38.249226,2,172A62AD-9B69-33E2-1551-9526879D80AC
-22.239307,-44.83305,2,172A62AD-9B69-33E2-1551-9526879D80AC
-22.233953,-44.854973,2,172A62AD-9B69-33E2-1551-9526879D80AC
58.312855,-8.5575075,2,172A62AD-9B69-33E2-1551-9526879D80AC
58.40347,-8.056174,1,172A62AD-9B69-33E2-1551-9526879D80AC
58.527435,-7.626185,1,172A62AD-9B69-33E2-1551-9526879D80AC
51.081547,-1.0555202,1,172A62AD-9B69-33E2-1551-9526879D80AC
50.858395,-0.78888315,1,172A62AD-9B69-33E2-1551-9526879D80AC
50.2227,-0.26251093,1,172A62AD-9B69-33E2-1551-9526879D80AC
31.88918,18.371021,1,172A62AD-9B69-33E2-1551-9526879D80AC
31.360224,18.54589,1,172A62AD-9B69-33E2-1551-9526879D80AC
30.746609,18.809359,1,172A62AD-9B69-33E2-1551-9526879D80AC
18.156628,21.174871,1,172A62AD-9B69-33E2-1551-9526879D80AC
17.828886,21.042318,1,172A62AD-9B69-33E2-1551-9526879D80AC
-33.2159,-6.1242576,1,172A62AD-9B69-33E2-1551-9526879D80AC
1.6116638,-63.58826,2,1AE03BA6-E346-DEB8-4865-276ECC5CD9B1
1.6968715,-63.263237,2,1AE03BA6-E346-DEB8-4865-276ECC5CD9B1
2.3749738,-62.668995,2,1AE03BA6-E346-DEB8-4865-276ECC5CD9B1
5.641204,-60.035164,2,1AE03BA6-E346-DEB8-4865-276ECC5CD9B1
6.029959,-59.538647,2,1AE03BA6-E346-DEB8-4865-276ECC5CD9B1
6.1636696,-59.393055,2,1AE03BA6-E346-DEB8-4865-276ECC5CD9B1
-5.834961,-34.62656,2,1AE03BA6-E346-DEB8-4865-276ECC5CD9B1
-5.487162,-35.02245,2,1AE03BA6-E346-DEB8-4865-276ECC5CD9B1
-4.269006,-35.65832,2,1AE03BA6-E346-DEB8-4865-276ECC5CD9B1
-3.6934435,-35.991528,2,1AE03BA6-E346-DEB8-4865-276ECC5CD9B1
-3.2443357,-36.28823,2,1AE03BA6-E346-DEB8-4865-276ECC5CD9B1
14.638874,-45.593155,1,1AE03BA6-E346-DEB8-4865-276ECC5CD9B1
14.584205,-45.51018,1,1AE03BA6-E346-DEB8-4865-276ECC5CD9B1
17.844065,-31.263058,1,1AE03BA6-E346-DEB8-4865-276ECC5CD9B1
17.882439,-31.273163,1,1AE03BA6-E346-DEB8-4865-276ECC5CD9B1
13.284319,33.349937,0,1F6A56CA-9C73-442F-2682-BB69E4B03AB2
12.722661,33.367916,2,1F6A56CA-9C73-442F-2682-BB69E4B03AB2
12.367689,33.361122,2,1F6A56CA-9C73-442F-2682-BB69E4B03AB2
5.41556,24.547285,2,1F6A56CA-9C73-442F-2682-BB69E4B03AB2
4.570411,24.188738,0,1F6A56CA-9C73-442F-2682-BB69E4B03AB2
4.410754,24.134468,0,1F6A56CA-9C73-442F-2682-BB69E4B03AB2
4.151806,-50.013702,2,1F6A56CA-9C73-442F-2682-BB69E4B03AB2
4.5905743,-50.149353,2,1F6A56CA-9C73-442F-2682-BB69E4B03AB2
5.3018866,-50.44919,2,1F6A56CA-9C73-442F-2682-BB69E4B03AB2
5.8969393,-50.612087,2,1F6A56CA-9C73-442F-2682-BB69E4B03AB2
27.64112,-50.302036,2,1F6A56CA-9C73-442F-2682-BB69E4B03AB2
27.898483,-49.733616,2,1F6A56CA-9C73-442F-2682-BB69E4B03AB2
14.563755,-30.612326,2,1F6A56CA-9C73-442F-2682-BB69E4B03AB2
51.41519,-48.054173,2,1F6A56CA-9C73-442F-2682-BB69E4B03AB2
50.97546,-47.30755,2,1F6A56CA-9C73-442F-2682-BB69E4B03AB2
50.4771,-46.041687,2,1F6A56CA-9C73-442F-2682-BB69E4B03AB2
50.352222,-45.17443,2,1F6A56CA-9C73-442F-2682-BB69E4B03AB2
50.393417,-44.691803,2,1F6A56CA-9C73-442F-2682-BB69E4B03AB2
2.2818646,13.118587,2,1FA97947-2FB7-D626-8CD3-2426BEEE97D1
2.2129188,12.87509,2,1FA97947-2FB7-D626-8CD3-2426BEEE97D1
1.9056104,11.758754,2,1FA97947-2FB7-D626-8CD3-2426BEEE97D1
-27.379566,-13.995751,2,1FA97947-2FB7-D626-8CD3-2426BEEE97D1
-27.413898,-14.043843,2,1FA97947-2FB7-D626-8CD3-2426BEEE97D1
-30.831448,-13.542869,2,1FA97947-2FB7-D626-8CD3-2426BEEE97D1
24.813894,-46.89157,1,1FA97947-2FB7-D626-8CD3-2426BEEE97D1
24.83269,-46.94185,1,1FA97947-2FB7-D626-8CD3-2426BEEE97D1
30.006079,-44.35034,1,1FA97947-2FB7-D626-8CD3-2426BEEE97D1
30.825132,-43.867195,1,1FA97947-2FB7-D626-8CD3-2426BEEE97D1
31.42058,-43.486835,1,1FA97947-2FB7-D626-8CD3-2426BEEE97D1
31.827995,-43.21519,1,1FA97947-2FB7-D626-8CD3-2426BEEE97D1
61.84656,14.345162,2,1FA97947-2FB7-D626-8CD3-2426BEEE97D1
61.69442,14.561389,1,1FA97947-2FB7-D626-8CD3-2426BEEE97D1
61.44373,15.381136,2,1FA97947-2FB7-D626-8CD3-2426BEEE97D1
61.36202,16.371239,2,1FA97947-2FB7-D626-8CD3-2426BEEE97D1
61.38913,17.102087,2,1FA97947-2FB7-D626-8CD3-2426BEEE97D1
62.2023,18.373566,2,1FA97947-2FB7-D626-8CD3-2426BEEE97D1
63.367603,19.549278,2,1FA97947-2FB7-D626-8CD3-2426BEEE97D1
37.292458,39.37752,2,1FA97947-2FB7-D626-8CD3-2426BEEE97D1
36.662228,39.232723,2,1FA97947-2FB7-D626-8CD3-2426BEEE97D1
36.545662,39.20225,1,1FA97947-2FB7-D626-8CD3-2426BEEE97D1
29.685566,28.37391,2,1FA97947-2FB7-D626-8CD3-2426BEEE97D1
25.623177,22.741076,2,1FA97947-2FB7-D626-8CD3-2426BEEE97D1
-12.469341,-18.693037,1,1FA97947-2FB7-D626-8CD3-2426BEEE97D1
-12.28316,-18.827559,1,1FA97947-2FB7-D626-8CD3-2426BEEE97D1
-11.666869,-19.34841,1,1FA97947-2FB7-D626-8CD3-2426BEEE97D1
-11.196404,-19.97172,1,1FA97947-2FB7-D626-8CD3-2426BEEE97D1
-11.239283,-21.22848,1,1FA97947-2FB7-D626-8CD3-2426BEEE97D1
-11.16975,-21.629911,1,1FA97947-2FB7-D626-8CD3-2426BEEE97D1
-10.8632,-22.353102,1,1FA97947-2FB7-D626-8CD3-2426BEEE97D1
-10.56816,-22.660326,1,1FA97947-2FB7-D626-8CD3-2426BEEE97D1
-9.408522,-49.00019,1,1FA97947-2FB7-D626-8CD3-2426BEEE97D1
-9.005683,-50.00147,1,1FA97947-2FB7-D626-8CD3-2426BEEE97D1
-8.795237,-50.45368,1,1FA97947-2FB7-D626-8CD3-2426BEEE97D1
-8.606235,-51.163666,1,1FA97947-2FB7-D626-8CD3-2426BEEE97D1
40.46566,-37.28791,0,243FE25F-E451-21F6-7EFA-F9DACC7D31CA
40.833134,-37.593693,0,243FE25F-E451-21F6-7EFA-F9DACC7D31CA
43.80382,-37.39817,0,243FE25F-E451-21F6-7EFA-F9DACC7D31CA
44.395473,-37.29696,1,243FE25F-E451-21F6-7EFA-F9DACC7D31CA
46.224796,-36.627064,2,243FE25F-E451-21F6-7EFA-F9DACC7D31CA
46.50732,-36.392326,2,243FE25F-E451-21F6-7EFA-F9DACC7D31CA
51.929752,17.424768,0,243FE25F-E451-21F6-7EFA-F9DACC7D31CA
51.58916,16.758413,0,243FE25F-E451-21F6-7EFA-F9DACC7D31CA
51.26663,16.529467,2,243FE25F-E451-21F6-7EFA-F9DACC7D31CA
21.060736,10.329232,2,243FE25F-E451-21F6-7EFA-F9DACC7D31CA
20.41753,10.352774,2,243FE25F-E451-21F6-7EFA-F9DACC7D31CA
-40.5887,2.0120625,2,243FE25F-E451-21F6-7EFA-F9DACC7D31CA
-6.2473483,56.73052,2,243FE25F-E451-21F6-7EFA-F9DACC7D31CA
-6.040281,56.25141,2,243FE25F-E451-21F6-7EFA-F9DACC7D31CA
-5.680996,55.55565,2,243FE25F-E451-21F6-7EFA-F9DACC7D31CA
-5.8329344,54.803143,2,243FE25F-E451-21F6-7EFA-F9DACC7D31CA
-1.640711,44.710804,2,243FE25F-E451-21F6-7EFA-F9DACC7D31CA
-1.5836987,44.378635,2,243FE25F-E451-21F6-7EFA-F9DACC7D31CA
-4.6222997,25.854412,2,243FE25F-E451-21F6-7EFA-F9DACC7D31CA
-4.5778427,25.745731,2,243FE25F-E451-21F6-7EFA-F9DACC7D31CA
-4.828124,8.818593,2,243FE25F-E451-21F6-7EFA-F9DACC7D31CA
-5.421335,8.46126,2,243FE25F-E451-21F6-7EFA-F9DACC7D31CA
-5.58426,8.371737,2,243FE25F-E451-21F6-7EFA-F9DACC7D31CA
-6.304988,7.9217443,2,243FE25F-E451-21F6-7EFA-F9DACC7D31CA
32.992504,-40.27485,2,2656C6B4-988A-A958-5107-5422027AEE1D
34.847244,-39.985374,2,2656C6B4-988A-A958-5107-5422027AEE1D
35.695866,-39.985573,0,2656C6B4-988A-A958-5107-5422027AEE1D
36.579674,-39.92567,0,2656C6B4-988A-A958-5107-5422027AEE1D
37.81094,-39.81685,0,2656C6B4-988A-A958-5107-5422027AEE1D
38.274742,-39.987537,0,2656C6B4-988A-A958-5107-5422027AEE1D
-33.96172,21.81727,2,2656C6B4-988A-A958-5107-5422027AEE1D
-33.98073,21.794628,2,2656C6B4-988A-A958-5107-5422027AEE1D
27.404642,-12.140353,2,2656C6B4-988A-A958-5107-5422027AEE1D
28.350471,-12.089262,2,2656C6B4-988A-A958-5107-5422027AEE1D
28.619522,-12.030902,2,2656C6B4-988A-A958-5107-5422027AEE1D
31.069136,-11.412675,2,2656C6B4-988A-A958-5107-5422027AEE1D
4.789721,-4.5770984,2,2656C6B4-988A-A958-5107-5422027AEE1D
5.0075827,-3.8323908,2,2656C6B4-988A-A958-5107-5422027AEE1D
5.248399,-2.985256,2,2656C6B4-988A-A958-5107-5422027AEE1D
5.3696876,-2.6751065,2,2656C6B4-988A-A958-5107-5422027AEE1D
7.57811,-0.84053874,2,2656C6B4-988A-A958-5107-5422027AEE1D
7.638151,-0.78984845,2,2656C6B4-988A-A958-5107-5422027AEE1D
13.420794,43.766846,0,27C12E79-B4DD-AA48-E99E-552C6BAEBA6F
13.619399,43.401054,2,27C12E79-B4DD-AA48-E99E-552C6BAEBA6F
14.030896,42.650585,2,27C12E79-B4DD-AA48-E99E-552C6BAEBA6F
14.381892,41.99922,2,27C12E79-B4DD-AA48-E99E-552C6BAEBA6F
15.09758,40.578953,2,27C12E79-B4DD-AA48-E99E-552C6BAEBA6F
15.179044,40.39285,2,27C12E79-B4DD-AA48-E99E-552C6BAEBA6F
47.10852,-35.001087,2,27C12E79-B4DD-AA48-E99E-552C6BAEBA6F
37.641636,-6.05937,2,27C12E79-B4DD-AA48-E99E-552C6BAEBA6F
37.648598,-6.0337725,2,27C12E79-B4DD-AA48-E99E-552C6BAEBA6F
54.81873,12.173317,0,27C12E79-B4DD-AA48-E99E-552C6BAEBA6F
55.30629,12.586303,0,27C12E79-B4DD-AA48-E99E-552C6BAEBA6F
55.644474,12.857597,0,27C12E79-B4DD-AA48-E99E-552C6BAEBA6F
-38.939743,23.79641,0,27C12E79-B4DD-AA48-E99E-552C6BAEBA6F
-38.901115,24.049686,0,27C12E79-B4DD-AA48-E99E-552C6BAEBA6F
-38.980614,24.970278,0,27C12E79-B4DD-AA48-E99E-552C6BAEBA6F
-48.634655,35.890594,0,27C12E79-B4DD-AA48-E99E-552C6BAEBA6F
-38.70434,26.033026,2,27C12E79-B4DD-AA48-E99E-552C6BAEBA6F
-38.461636,26.628536,2,27C12E79-B4DD-AA48-E99E-552C6BAEBA6F
-21.488077,32.377686,2,27C12E79-B4DD-AA48-E99E-552C6BAEBA6F
-21.493563,32.3592,2,27C12E79-B4DD-AA48-E99E-552C6BAEBA6F
-14.5904875,19.370512,2,27C12E79-B4DD-AA48-E99E-552C6BAEBA6F
-14.644211,19.02552,2,27C12E79-B4DD-AA48-E99E-552C6BAEBA6F
-14.985041,18.449541,2,27C12E79-B4DD-AA48-E99E-552C6BAEBA6F
-14.915628,17.753925,0,27C12E79-B4DD-AA48-E99E-552C6BAEBA6F
9.196722,-50.40414,2,2C636222-CB43-AB6F-444A-7278047991C7
10.051032,-50.495426,2,2C636222-CB43-AB6F-444A-7278047991C7
10.491751,-50.50822,2,2C636222-CB43-AB6F-444A-7278047991C7
27.804743,-49.173233,2,2C636222-CB43-AB6F-444A-7278047991C7
34.94077,-49.539013,0,2C636222-CB43-AB6F-444A-7278047991C7
35.057774,-49.45014,0,2C636222-CB43-AB6F-444A-7278047991C7
-60.28257,17.976536,0,2C636222-CB43-AB6F-444A-7278047991C7
-60.252525,18.385326,0,2C636222-CB43-AB6F-444A-7278047991C7
-60.333786,19.717587,0,2C636222-CB43-AB6F-444A-7278047991C7
-56.452034,40.15532,0,2C636222-CB43-AB6F-444A-7278047991C7
-56.083313,40.071945,0,2C636222-CB43-AB6F-444A-7278047991C7
-55.35241,39.804493,2,2C636222-CB43-AB6F-444A-7278047991C7
17.154581,-35.369736,0,2C636222-CB43-AB6F-444A-7278047991C7
17.544184,-35.168842,0,2C636222-CB43-AB6F-444A-7278047991C7
18.48987,-35.18897,2,2C636222-CB43-AB6F-444A-7278047991C7
31.830452,-29.743416,2,2C636222-CB43-AB6F-444A-7278047991C7
32.412884,-29.48033,2,2C636222-CB43-AB6F-444A-7278047991C7
33.345333,-29.112825,0,2C636222-CB43-AB6F-444A-7278047991C7
54.337254,-0.6465221,2,35FEE4B0-EF25-110F-8D86-5410FA57646B
31.734718,24.292948,2,35FEE4B0-EF25-110F-8D86-5410FA57646B
29.921047,24.91157,2,35FEE4B0-EF25-110F-8D86-5410FA57646B
29.620174,25.07426,2,35FEE4B0-EF25-110F-8D86-5410FA57646B
28.59918,25.321478,2,35FEE4B0-EF25-110F-8D86-5410FA57646B
28.09856,25.513578,2,35FEE4B0-EF25-110F-8D86-5410FA57646B
-37.999344,-3.513701,2,35FEE4B0-EF25-110F-8D86-5410FA57646B
-39.074226,-3.3670733,2,35FEE4B0-EF25-110F-8D86-5410FA57646B
-40.969685,-3.5839753,2,35FEE4B0-EF25-110F-8D86-5410FA57646B
-49.541996,-0.119804345,2,35FEE4B0-EF25-110F-8D86-5410FA57646B
-50.172268,0.47202685,2,35FEE4B0-EF25-110F-8D86-5410FA57646B
-50.386543,0.8993435,2,35FEE4B0-EF25-110F-8D86-5410FA57646B
46.952396,8.928631,0,35FEE4B0-EF25-110F-8D86-5410FA57646B
47.252575,18.256517,0,35FEE4B0-EF25-110F-8D86-5410FA57646B
47.44506,18.492746,0,35FEE4B0-EF25-110F-8D86-5410FA57646B
52.891144,31.991877,0,35FEE4B0-EF25-110F-8D86-5410FA57646B
53.70106,32.175323,0,35FEE4B0-EF25-110F-8D86-5410FA57646B
54.302765,32.54656,0,35FEE4B0-EF25-110F-8D86-5410FA57646B
54.585026,32.97348,0,35FEE4B0-EF25-110F-8D86-5410FA57646B
55.13467,32.76793,2,35FEE4B0-EF25-110F-8D86-5410FA57646B
55.656635,32.878986,0,35FEE4B0-EF25-110F-8D86-5410FA57646B
48.638557,26.99103,0,35FEE4B0-EF25-110F-8D86-5410FA57646B
48.737038,26.717295,2,35FEE4B0-EF25-110F-8D86-5410FA57646B
27.33277,21.093353,2,35FEE4B0-EF25-110F-8D86-5410FA57646B
23.883862,19.926497,2,35FEE4B0-EF25-110F-8D86-5410FA57646B
23.396343,20.32512,2,35FEE4B0-EF25-110F-8D86-5410FA57646B
-40.95139,-1.3004504,2,35FEE4B0-EF25-110F-8D86-5410FA57646B
-41.243347,-1.351933,2,35FEE4B0-EF25-110F-8D86-5410FA57646B
-49.678883,-2.1852894,2,35FEE4B0-EF25-110F-8D86-5410FA57646B
-50.038155,-2.2895584,2,35FEE4B0-EF25-110F-8D86-5410FA57646B
-43.85775,26.260113,0,35FEE4B0-EF25-110F-8D86-5410FA57646B
50.20365,-33.173176,1,37249306-1597-DC6D-3544-6FEDBBF8B848
59.96429,5.657789,1,37249306-1597-DC6D-3544-6FEDBBF8B848
60.18553,6.3051224,2,37249306-1597-DC6D-3544-6FEDBBF8B848
60.66312,7.3260303,2,37249306-1597-DC6D-3544-6FEDBBF8B848
61.112213,8.044608,2,37249306-1597-DC6D-3544-6FEDBBF8B848
61.377907,8.399508,2,37249306-1597-DC6D-3544-6FEDBBF8B848
-60.215626,26.836367,0,37249306-1597-DC6D-3544-6FEDBBF8B848
-60.196125,27.330778,0,37249306-1597-DC6D-3544-6FEDBBF8B848
-60.46307,28.018505,0,37249306-1597-DC6D-3544-6FEDBBF8B848
-61.177456,28.511389,0,37249306-1597-DC6D-3544-6FEDBBF8B848
-61.86761,28.92827,0,37249306-1597-DC6D-3544-6FEDBBF8B848
-62.265553,29.267704,0,37249306-1597-DC6D-3544-6FEDBBF8B848
19.136356,6.6018686,2,37249306-1597-DC6D-3544-6FEDBBF8B848
18.717833,6.4109898,2,37249306-1597-DC6D-3544-6FEDBBF8B848
18.364973,5.805113,2,37249306-1597-DC6D-3544-6FEDBBF8B848
-42.885876,-1.9521934,2,37249306-1597-DC6D-3544-6FEDBBF8B848
-43.618217,-2.2437766,0,37249306-1597-DC6D-3544-6FEDBBF8B848
-44.0434,-2.3701303,0,37249306-1597-DC6D-3544-6FEDBBF8B848
38.049843,-51.73622,0,3C54E0F5-9C12-3137-9EC1-39645770F53A
38.66608,-51.590332,2,3C54E0F5-9C12-3137-9EC1-39645770F53A
39.466362,-51.59461,2,3C54E0F5-9C12-3137-9EC1-39645770F53A
40.222694,-52.082535,2,3C54E0F5-9C12-3137-9EC1-39645770F53A
58.20008,-23.848928,2,3C54E0F5-9C12-3137-9EC1-39645770F53A
58.210182,-23.780807,2,3C54E0F5-9C12-3137-9EC1-39645770F53A
52.12799,25.479244,0,3C54E0F5-9C12-3137-9EC1-39645770F53A
44.31999,26.533892,0,3C54E0F5-9C12-3137-9EC1-39645770F53A
43.763,26.794945,0,3C54E0F5-9C12-3137-9EC1-39645770F53A
43.055595,26.965006,0,3C54E0F5-9C12-3137-9EC1-39645770F53A
42.95362,27.221537,0,3C54E0F5-9C12-3137-9EC1-39645770F53A
42.38779,26.477642,0,3C54E0F5-9C12-3137-9EC1-39645770F53A
-46.235443,37.41308,0,3C54E0F5-9C12-3137-9EC1-39645770F53A
-46.045906,37.454784,0,3C54E0F5-9C12-3137-9EC1-39645770F53A
-44.93495,38.215504,0,3C54E0F5-9C12-3137-9EC1-39645770F53A
-16.993423,40.91858,1,3C54E0F5-9C12-3137-9EC1-39645770F53A
-16.782997,41.26635,1,3C54E0F5-9C12-3137-9EC1-39645770F53A
-16.398527,41.625317,1,3C54E0F5-9C12-3137-9EC1-39645770F53A
34.340073,-39.70284,2,3C54E0F5-9C12-3137-9EC1-39645770F53A
35.335995,-28.508408,2,3C54E0F5-9C12-3137-9EC1-39645770F53A
36.416893,-28.603437,2,3C54E0F5-9C12-3137-9EC1-39645770F53A
43.093334,-24.347733,2,3C54E0F5-9C12-3137-9EC1-39645770F53A
44.14673,-23.779112,1,3C54E0F5-9C12-3137-9EC1-39645770F53A
44.417347,-23.574154,1,3C54E0F5-9C12-3137-9EC1-39645770F53A
35.0803,-43.943024,1,3FC0B5B3-AC42-BF96-D8EE-10E81EAAACF6
36.122795,-43.737457,1,3FC0B5B3-AC42-BF96-D8EE-10E81EAAACF6
36.757717,-43.4836,2,3FC0B5B3-AC42-BF96-D8EE-10E81EAAACF6
37.301853,-43.136097,2,3FC0B5B3-AC42-BF96-D8EE-10E81EAAACF6
57.3257,-13.468077,2,3FC0B5B3-AC42-BF96-D8EE-10E81EAAACF6
57.06941,-13.375428,2,3FC0B5B3-AC42-BF96-D8EE-10E81EAAACF6
-50.71429,9.344135,1,3FC0B5B3-AC42-BF96-D8EE-10E81EAAACF6
-50.610176,9.837822,1,3FC0B5B3-AC42-BF96-D8EE-10E81EAAACF6
-46.96609,29.569693,1,3FC0B5B3-AC42-BF96-D8EE-10E81EAAACF6
-47.63439,30.336433,1,3FC0B5B3-AC42-BF96-D8EE-10E81EAAACF6
-47.556213,30.284304,1,3FC0B5B3-AC42-BF96-D8EE-10E81EAAACF6
-47.556175,31.104727,1,3FC0B5B3-AC42-BF96-D8EE-10E81EAAACF6
45.257874,-26.906227,1,3FC0B5B3-AC42-BF96-D8EE-10E81EAAACF6
45.490486,-26.688335,1,3FC0B5B3-AC42-BF96-D8EE-10E81EAAACF6
49.98517,-6.2232294,1,3FC0B5B3-AC42-BF96-D8EE-10E81EAAACF6
50.58827,-5.578042,1,3FC0B5B3-AC42-BF96-D8EE-10E81EAAACF6
50.425285,-4.5147104,1,3FC0B5B3-AC42-BF96-D8EE-10E81EAAACF6
49.948635,-3.4287016,2,3FC0B5B3-AC42-BF96-D8EE-10E81EAAACF6
-30.535572,-2.1356523,2,3FC0B5B3-AC42-BF96-D8EE-10E81EAAACF6
-30.634834,-2.3216631,2,3FC0B5B3-AC42-BF96-D8EE-10E81EAAACF6
-32.12422,-3.2638443,2,3FC0B5B3-AC42-BF96-D8EE-10E81EAAACF6
-32.106804,-3.982657,2,3FC0B5B3-AC42-BF96-D8EE-10E81EAAACF6
-31.856167,-4.4403048,1,3FC0B5B3-AC42-BF96-D8EE-10E81EAAACF6
-31.444107,-4.843114,2,3FC0B5B3-AC42-BF96-D8EE-10E81EAAACF6
-1.0592377,-51.118225,2,4690C2DC-C0B5-6C1B-880A-D31C46C8A565
-0.6223464,-51.107616,2,4690C2DC-C0B5-6C1B-880A-D31C46C8A565
14.670153,-54.51231,2,4690C2DC-C0B5-6C1B-880A-D31C46C8A565
15.448018,-54.35461,2,4690C2DC-C0B5-6C1B-880A-D31C46C8A565
16.200031,-54.01239,2,4690C2DC-C0B5-6C1B-880A-D31C46C8A565
16.87573,-53.69892,2,4690C2DC-C0B5-6C1B-880A-D31C46C8A565
23.370544,-53.47375,0,4690C2DC-C0B5-6C1B-880A-D31C46C8A565
23.849852,-53.39868,0,4690C2DC-C0B5-6C1B-880A-D31C46C8A565
38.495434,-44.938427,0,4690C2DC-C0B5-6C1B-880A-D31C46C8A565
39.29628,-44.203197,0,4690C2DC-C0B5-6C1B-880A-D31C46C8A565
40.016155,-43.691875,2,4690C2DC-C0B5-6C1B-880A-D31C46C8A565
40.26895,-43.54748,2,4690C2DC-C0B5-6C1B-880A-D31C46C8A565
21.448503,-33.34044,0,4690C2DC-C0B5-6C1B-880A-D31C46C8A565
21.518543,-33.312187,0,4690C2DC-C0B5-6C1B-880A-D31C46C8A565
26.563251,-30.052711,0,4690C2DC-C0B5-6C1B-880A-D31C46C8A565
26.8348,-29.658888,0,4690C2DC-C0B5-6C1B-880A-D31C46C8A565
26.153528,-28.589582,0,4690C2DC-C0B5-6C1B-880A-D31C46C8A565
26.017244,-28.347586,0,4690C2DC-C0B5-6C1B-880A-D31C46C8A565
46.614677,-20.558632,0,46A9A47E-EDE3-2EF4-2F06-E95AF67D57E1
48.891537,-13.25456,2,46A9A47E-EDE3-2EF4-2F06-E95AF67D57E1
48.682507,-12.230711,2,46A9A47E-EDE3-2EF4-2F06-E95AF67D57E1
48.55085,-11.386326,2,46A9A47E-EDE3-2EF4-2F06-E95AF67D57E1
44.427208,10.156606,2,46A9A47E-EDE3-2EF4-2F06-E95AF67D57E1
44.175278,10.312624,2,46A9A47E-EDE3-2EF4-2F06-E95AF67D57E1
43.20354,10.724107,2,46A9A47E-EDE3-2EF4-2F06-E95AF67D57E1
42.135254,11.047489,2,46A9A47E-EDE3-2EF4-2F06-E95AF67D57E1
41.4363,11.251414,2,46A9A47E-EDE3-2EF4-2F06-E95AF67D57E1
27.967136,22.666176,0,46A9A47E-EDE3-2EF4-2F06-E95AF67D57E1
27.88621,22.694067,2,46A9A47E-EDE3-2EF4-2F06-E95AF67D57E1
-34.13622,-1.8580683,2,46A9A47E-EDE3-2EF4-2F06-E95AF67D57E1
-18.598923,68.05313,2,47494449-E68E-E554-8BB1-ECEEE432E269
3.1986797,49.737045,2,47494449-E68E-E554-8BB1-ECEEE432E269
3.087512,49.339134,2,47494449-E68E-E554-8BB1-ECEEE432E269
3.0175476,48.79913,2,47494449-E68E-E554-8BB1-ECEEE432E269
0.067309886,40.805653,2,47494449-E68E-E554-8BB1-ECEEE432E269
0.2910846,40.62326,2,47494449-E68E-E554-8BB1-ECEEE432E269
-40.321114,-30.058636,2,47494449-E68E-E554-8BB1-ECEEE432E269
-40.36108,-29.991776,2,47494449-E68E-E554-8BB1-ECEEE432E269
-33.531998,-43.581947,2,47494449-E68E-E554-8BB1-ECEEE432E269
-33.208866,-44.186016,0,47494449-E68E-E554-8BB1-ECEEE432E269
-32.947266,-44.639446,0,47494449-E68E-E554-8BB1-ECEEE432E269
-32.677364,-45.118618,0,47494449-E68E-E554-8BB1-ECEEE432E269
-52.83102,26.729073,0,47494449-E68E-E554-8BB1-ECEEE432E269
-54.53945,34.975197,0,47494449-E68E-E554-8BB1-ECEEE432E269
-53.99594,34.777065,0,47494449-E68E-E554-8BB1-ECEEE432E269
-52.77179,34.387077,0,47494449-E68E-E554-8BB1-ECEEE432E269
-39.086384,33.2015,0,47494449-E68E-E554-8BB1-ECEEE432E269
-38.989532,33.262466,0,47494449-E68E-E554-8BB1-ECEEE432E269
-14.168981,-16.856358,2,47494449-E68E-E554-8BB1-ECEEE432E269
-14.325424,-17.287663,2,47494449-E68E-E554-8BB1-ECEEE432E269
-14.696951,-17.673277,2,47494449-E68E-E554-8BB1-ECEEE432E269
-16.989584,-31.0409,2,47494449-E68E-E554-8BB1-ECEEE432E269
-16.984785,-31.493946,2,47494449-E68E-E554-8BB1-ECEEE432E269
-17.460497,-36.972977,2,47494449-E68E-E554-8BB1-ECEEE432E269
54.987724,-10.891269,1,47494449-E68E-E554-8BB1-ECEEE432E269
55.195908,-10.536735,1,47494449-E68E-E554-8BB1-ECEEE432E269
48.199284,-2.7650027,0,47494449-E68E-E554-8BB1-ECEEE432E269
47.96336,-2.304282,0,47494449-E68E-E554-8BB1-ECEEE432E269
44.200417,3.652279,2,47494449-E68E-E554-8BB1-ECEEE432E269
44.249477,4.740374,2,47494449-E68E-E554-8BB1-ECEEE432E269
44.146397,5.303239,2,47494449-E68E-E554-8BB1-ECEEE432E269
23.999527,13.284755,2,47494449-E68E-E554-8BB1-ECEEE432E269
23.393642,13.24224,2,47494449-E68E-E554-8BB1-ECEEE432E269
20.708025,13.312638,0,47494449-E68E-E554-8BB1-ECEEE432E269
20.409496,12.943994,0,47494449-E68E-E554-8BB1-ECEEE432E269
-36.92034,-6.478928,1,47494449-E68E-E554-8BB1-ECEEE432E269
35.256256,-26.752716,0,48847236-6E23-6E61-57CD-780C68FAA2C2
35.994263,-26.299461,0,48847236-6E23-6E61-57CD-780C68FAA2C2
36.380405,-26.016125,0,48847236-6E23-6E61-57CD-780C68FAA2C2
37.288166,-25.336199,0,48847236-6E23-6E61-57CD-780C68FAA2C2
48.86656,-16.570019,0,48847236-6E23-6E61-57CD-780C68FAA2C2
48.851242,-16.017443,0,48847236-6E23-6E61-57CD-780C68FAA2C2
-54.798588,29.972645,2,48847236-6E23-6E61-57CD-780C68FAA2C2
63.09513,18.147417,0,48D32E40-ABB9-E3FB-185C-8A5AA0C44CBF
63.03476,18.134016,0,48D32E40-ABB9-E3FB-185C-8A5AA0C44CBF
17.48537,-4.2559743,0,48D32E40-ABB9-E3FB-185C-8A5AA0C44CBF
17.277973,-4.5284038,0,48D32E40-ABB9-E3FB-185C-8A5AA0C44CBF
17.033548,-4.88241,0,48D32E40-ABB9-E3FB-185C-8A5AA0C44CBF
16.910835,-5.1945887,0,48D32E40-ABB9-E3FB-185C-8A5AA0C44CBF
20.946066,17.194849,2,48D32E40-ABB9-E3FB-185C-8A5AA0C44CBF
19.39078,16.323658,2,48D32E40-ABB9-E3FB-185C-8A5AA0C44CBF
-36.280464,-7.5375075,2,48D32E40-ABB9-E3FB-185C-8A5AA0C44CBF
-36.21057,-8.291544,0,48D32E40-ABB9-E3FB-185C-8A5AA0C44CBF
-36.14415,-8.91159,0,48D32E40-ABB9-E3FB-185C-8A5AA0C44CBF
-44.331535,-16.393608,0,48D32E40-ABB9-E3FB-185C-8A5AA0C44CBF
-44.40106,-16.389254,1,48D32E40-ABB9-E3FB-185C-8A5AA0C44CBF
-52.74532,-15.089389,1,48D32E40-ABB9-E3FB-185C-8A5AA0C44CBF
-52.89922,-14.797118,1,48D32E40-ABB9-E3FB-185C-8A5AA0C44CBF
-53.251705,-13.907595,1,48D32E40-ABB9-E3FB-185C-8A5AA0C44CBF
-53.274124,-13.47275,1,48D32E40-ABB9-E3FB-185C-8A5AA0C44CBF
-53.322483,-12.493841,1,48D32E40-ABB9-E3FB-185C-8A5AA0C44CBF
-14.241452,-5.102921,0,48D32E40-ABB9-E3FB-185C-8A5AA0C44CBF
-14.260753,-5.155073,0,48D32E40-ABB9-E3FB-185C-8A5AA0C44CBF
-23.08433,-24.78077,2,48D32E40-ABB9-E3FB-185C-8A5AA0C44CBF
-23.46437,-25.229162,2,48D32E40-ABB9-E3FB-185C-8A5AA0C44CBF
-23.922153,-25.722786,2,48D32E40-ABB9-E3FB-185C-8A5AA0C44CBF
-24.297197,-26.112204,2,48D32E40-ABB9-E3FB-185C-8A5AA0C44CBF
-25.283316,-27.066406,2,48D32E40-ABB9-E3FB-185C-8A5AA0C44CBF
-25.393017,-27.214676,1,48D32E40-ABB9-E3FB-185C-8A5AA0C44CBF
-16.48339,-44.66279,1,48D32E40-ABB9-E3FB-185C-8A5AA0C44CBF
-16.2507,-44.880424,0,48D32E40-ABB9-E3FB-185C-8A5AA0C44CBF
-15.4654665,-45.701782,0,48D32E40-ABB9-E3FB-185C-8A5AA0C44CBF
-14.849322,-46.346798,0,48D32E40-ABB9-E3FB-185C-8A5AA0C44CBF
-15.699235,-1.1995364,0,4B423110-8A54-A87F-39BB-D68BF033C7FC
-15.700476,-1.2376065,0,4B423110-8A54-A87F-39BB-D68BF033C7FC
-37.471447,-23.406624,0,4B423110-8A54-A87F-39BB-D68BF033C7FC
-37.318375,-23.777006,2,4B423110-8A54-A87F-39BB-D68BF033C7FC
-36.77392,-24.864748,2,4B423110-8A54-A87F-39BB-D68BF033C7FC
-36.663044,-24.956545,2,4B423110-8A54-A87F-39BB-D68BF033C7FC
34.94305,11.459307,0,4B423110-8A54-A87F-39BB-D68BF033C7FC
34.76009,11.095401,0,4B423110-8A54-A87F-39BB-D68BF033C7FC
34.60556,10.202352,0,4B423110-8A54-A87F-39BB-D68BF033C7FC
-24.903528,-2.5632076,0,4B423110-8A54-A87F-39BB-D68BF033C7FC
-25.303679,-2.5667474,0,4B423110-8A54-A87F-39BB-D68BF033C7FC
-26.216726,-2.413986,2,4B423110-8A54-A87F-39BB-D68BF033C7FC
37.482685,-24.189259,0,4B423110-8A54-A87F-39BB-D68BF033C7FC
57.967037,-15.866867,0,4B423110-8A54-A87F-39BB-D68BF033C7FC
55.935802,-8.899247,0,4B423110-8A54-A87F-39BB-D68BF033C7FC
55.0409,-8.418312,0,4B423110-8A54-A87F-39BB-D68BF033C7FC
54.61103,-7.978244,1,4B423110-8A54-A87F-39BB-D68BF033C7FC
53.388588,-6.724701,1,4B423110-8A54-A87F-39BB-D68BF033C7FC
39.844196,19.264946,1,4B423110-8A54-A87F-39BB-D68BF033C7FC
40.32514,19.522404,1,4B423110-8A54-A87F-39BB-D68BF033C7FC
31.920555,21.975903,1,4B423110-8A54-A87F-39BB-D68BF033C7FC
31.251307,21.847757,1,4B423110-8A54-A87F-39BB-D68BF033C7FC
30.180983,21.640493,1,4B423110-8A54-A87F-39BB-D68BF033C7FC
26.137608,21.611748,1,4B423110-8A54-A87F-39BB-D68BF033C7FC
-15.911817,67.7021,2,4BD5749B-A1D2-E6C9-156F-DF107802D3BE
-0.76221603,57.72469,2,4BD5749B-A1D2-E6C9-156F-DF107802D3BE
0.66197383,54.107334,2,4BD5749B-A1D2-E6C9-156F-DF107802D3BE
0.868464,53.29713,2,4BD5749B-A1D2-E6C9-156F-DF107802D3BE
1.173653,52.29271,2,4BD5749B-A1D2-E6C9-156F-DF107802D3BE
1.487787,51.50108,2,4BD5749B-A1D2-E6C9-156F-DF107802D3BE
-42.305477,-35.695232,2,4BD5749B-A1D2-E6C9-156F-DF107802D3BE
-41.025894,-36.30324,2,4BD5749B-A1D2-E6C9-156F-DF107802D3BE
-40.401623,-36.58483,2,4BD5749B-A1D2-E6C9-156F-DF107802D3BE
-39.91871,-36.8,2,4BD5749B-A1D2-E6C9-156F-DF107802D3BE
-39.01274,-37.275696,2,4BD5749B-A1D2-E6C9-156F-DF107802D3BE
-38.516113,-37.41765,2,4BD5749B-A1D2-E6C9-156F-DF107802D3BE
2.4530387,-38.935925,0,4BD5749B-A1D2-E6C9-156F-DF107802D3BE
26.103062,-36.348045,0,4BD5749B-A1D2-E6C9-156F-DF107802D3BE
26.76054,-36.13912,0,4BD5749B-A1D2-E6C9-156F-DF107802D3BE
27.652975,-35.620945,0,4BD5749B-A1D2-E6C9-156F-DF107802D3BE
38.60526,-28.00943,0,4BD5749B-A1D2-E6C9-156F-DF107802D3BE
38.630154,-27.41894,0,4BD5749B-A1D2-E6C9-156F-DF107802D3BE
-37.98804,36.00894,0,4BD5749B-A1D2-E6C9-156F-DF107802D3BE
-37.914772,36.05624,0,4BD5749B-A1D2-E6C9-156F-DF107802D3BE
-17.550194,37.970226,0,4BD5749B-A1D2-E6C9-156F-DF107802D3BE
-18.123281,37.46092,0,4BD5749B-A1D2-E6C9-156F-DF107802D3BE
-18.297178,37.145546,0,4BD5749B-A1D2-E6C9-156F-DF107802D3BE
-18.528467,36.502697,0,4BD5749B-A1D2-E6C9-156F-DF107802D3BE
43.349686,1.0503151,0,4BD5749B-A1D2-E6C9-156F-DF107802D3BE
42.181057,2.5421345,0,4BD5749B-A1D2-E6C9-156F-DF107802D3BE
41.721775,3.0046499,2,4BD5749B-A1D2-E6C9-156F-DF107802D3BE
40.86843,3.787114,2,4BD5749B-A1D2-E6C9-156F-DF107802D3BE
40.04759,4.2615695,2,4BD5749B-A1D2-E6C9-156F-DF107802D3BE
39.343636,4.6436286,2,4BD5749B-A1D2-E6C9-156F-DF107802D3BE
-38.027935,-41.002167,2,4BFAECAC-0CC2-F9AC-17BB-7343BE737D81
-37.84386,-40.800537,2,4BFAECAC-0CC2-F9AC-17BB-7343BE737D81
-37.46828,-40.346317,2,4BFAECAC-0CC2-F9AC-17BB-7343BE737D81
-25.72128,-32.592953,2,4BFAECAC-0CC2-F9AC-17BB-7343BE737D81
-32.27549,-36.49747,2,4BFAECAC-0CC2-F9AC-17BB-7343BE737D81
-32.169434,-36.48504,2,4BFAECAC-0CC2-F9AC-17BB-7343BE737D81
-5.106432,58.526577,2,4CAE9D77-C8A8-2EE8-53D0-7C3C6331B2C5
-4.3151383,57.089584,2,4CAE9D77-C8A8-2EE8-53D0-7C3C6331B2C5
-4.139787,56.302975,2,4CAE9D77-C8A8-2EE8-53D0-7C3C6331B2C5
-5.5800605,52.738632,2,4CAE9D77-C8A8-2EE8-53D0-7C3C6331B2C5
-5.8996305,52.14904,2,4CAE9D77-C8A8-2EE8-53D0-7C3C6331B2C5
-6.097666,51.925186,0,4CAE9D77-C8A8-2EE8-53D0-7C3C6331B2C5
-9.758624,25.114906,2,4CAE9D77-C8A8-2EE8-53D0-7C3C6331B2C5
-9.602535,25.073744,2,4CAE9D77-C8A8-2EE8-53D0-7C3C6331B2C5
-2.4886508,20.28492,2,4CAE9D77-C8A8-2EE8-53D0-7C3C6331B2C5
-2.397221,19.918379,0,4CAE9D77-C8A8-2EE8-53D0-7C3C6331B2C5
-2.6565464,19.552137,0,4CAE9D77-C8A8-2EE8-53D0-7C3C6331B2C5
-2.7691987,19.237377,0,4CAE9D77-C8A8-2EE8-53D0-7C3C6331B2C5
-1.9535592,39.804344,2,4CAE9D77-C8A8-2EE8-53D0-7C3C6331B2C5
-1.7398754,39.652752,2,4CAE9D77-C8A8-2EE8-53D0-7C3C6331B2C5
1.0232562,35.816105,2,4CAE9D77-C8A8-2EE8-53D0-7C3C6331B2C5
0.9676552,35.336292,0,4CAE9D77-C8A8-2EE8-53D0-7C3C6331B2C5
0.8972954,32.98456,0,4CAE9D77-C8A8-2EE8-53D0-7C3C6331B2C5
0.70797986,32.08839,0,4CAE9D77-C8A8-2EE8-53D0-7C3C6331B2C5
33.80406,-32.57993,0,4CAE9D77-C8A8-2EE8-53D0-7C3C6331B2C5
34.067627,-32.56034,0,4CAE9D77-C8A8-2EE8-53D0-7C3C6331B2C5
42.758667,-30.015894,0,4CAE9D77-C8A8-2EE8-53D0-7C3C6331B2C5
50.78911,-15.403854,0,4CAE9D77-C8A8-2EE8-53D0-7C3C6331B2C5
50.80307,-15.057531,1,4CAE9D77-C8A8-2EE8-53D0-7C3C6331B2C5
52.61999,-8.655026,0,4CAE9D77-C8A8-2EE8-53D0-7C3C6331B2C5
52.825333,-7.6485496,0,4CAE9D77-C8A8-2EE8-53D0-7C3C6331B2C5
50.24792,2.3808138,0,4CAE9D77-C8A8-2EE8-53D0-7C3C6331B2C5
49.63819,11.628397,0,4CAE9D77-C8A8-2EE8-53D0-7C3C6331B2C5
49.55687,11.805424,0,4CAE9D77-C8A8-2EE8-53D0-7C3C6331B2C5
48.86193,12.718044,0,4CAE9D77-C8A8-2EE8-53D0-7C3C6331B2C5
48.510357,12.924634,0,4CAE9D77-C8A8-2EE8-53D0-7C3C6331B2C5
-7.5714154,15.776436,2,5690E95B-9747-B2B5-2EE1-16A72200D5CC
-7.427833,15.60872,2,5690E95B-9747-B2B5-2EE1-16A72200D5CC
-6.391158,14.832877,2,5690E95B-9747-B2B5-2EE1-16A72200D5CC
-5.247754,14.367668,2,5690E95B-9747-B2B5-2EE1-16A72200D5CC
-4.739463,13.977304,2,5690E95B-9747-B2B5-2EE1-16A72200D5CC
-4.463744,13.7607355,2,5690E95B-9747-B2B5-2EE1-16A72200D5CC
-4.6324077,12.320396,2,5690E95B-9747-B2B5-2EE1-16A72200D5CC
-20.630041,-14.55077,2,5690E95B-9747-B2B5-2EE1-16A72200D5CC
-20.642012,-14.574903,2,5690E95B-9747-B2B5-2EE1-16A72200D5CC
-25.958704,-17.000689,2,5690E95B-9747-B2B5-2EE1-16A72200D5CC
-25.852844,-17.59038,2,5690E95B-9747-B2B5-2EE1-16A72200D5CC
-25.93569,-17.763254,2,5690E95B-9747-B2B5-2EE1-16A72200D5CC
18.802826,-49.390785,0,5690E95B-9747-B2B5-2EE1-16A72200D5CC
19.277887,-49.382126,2,5690E95B-9747-B2B5-2EE1-16A72200D5CC
20.083895,-49.451004,2,5690E95B-9747-B2B5-2EE1-16A72200D5CC
20.628672,-49.428455,2,5690E95B-9747-B2B5-2EE1-16A72200D5CC
15.8342085,-62.91095,2,5690E95B-9747-B2B5-2EE1-16A72200D5CC
15.832372,-62.963226,2,5690E95B-9747-B2B5-2EE1-16A72200D5CC
-30.85448,-20.530807,2,5690E95B-9747-B2B5-2EE1-16A72200D5CC
-30.862652,-20.666277,2,5690E95B-9747-B2B5-2EE1-16A72200D5CC
-22.186827,-38.5861,2,5690E95B-9747-B2B5-2EE1-16A72200D5CC
-22.146515,-38.728783,2,5690E95B-9747-B2B5-2EE1-16A72200D5CC
-22.298235,-40.86024,2,5690E95B-9747-B2B5-2EE1-16A72200D5CC
-22.2001,-41.293205,2,5690E95B-9747-B2B5-2EE1-16A72200D5CC
-1.9097295,-63.109554,2,5690E95B-9747-B2B5-2EE1-16A72200D5CC
-2.4794724,-63.229618,0,5690E95B-9747-B2B5-2EE1-16A72200D5CC
-3.1362743,-63.41357,2,5690E95B-9747-B2B5-2EE1-16A72200D5CC
-4.0611014,-63.782867,2,5690E95B-9747-B2B5-2EE1-16A72200D5CC
-4.688374,-64.096466,2,5690E95B-9747-B2B5-2EE1-16A72200D5CC
-4.8066306,-64.15825,2,5690E95B-9747-B2B5-2EE1-16A72200D5CC
-9.378155,6.494799,0,58CB3C5E-2F5C-31FE-83E8-C6772D99B8D5
-9.722461,6.1599703,0,58CB3C5E-2F5C-31FE-83E8-C6772D99B8D5
-10.407821,5.479285,0,58CB3C5E-2F5C-31FE-83E8-C6772D99B8D5
-10.9044485,4.971095,2,58CB3C5E-2F5C-31FE-83E8-C6772D99B8D5
-34.98534,-26.824118,2,58CB3C5E-2F5C-31FE-83E8-C6772D99B8D5
-34.988335,-26.827854,2,58CB3C5E-2F5C-31FE-83E8-C6772D99B8D5
-67.19643,17.265297,2,58CB3C5E-2F5C-31FE-83E8-C6772D99B8D5
-67.125465,17.74809,0,58CB3C5E-2F5C-31FE-83E8-C6772D99B8D5
-67.007034,18.321274,0,58CB3C5E-2F5C-31FE-83E8-C6772D99B8D5
-66.719345,18.834333,0,58CB3C5E-2F5C-31FE-83E8-C6772D99B8D5
-63.67066,23.380999,0,58CB3C5E-2F5C-31FE-83E8-C6772D99B8D5
-64.173035,24.600636,0,58CB3C5E-2F5C-31FE-83E8-C6772D99B8D5
15.5871935,-47.977814,1,58CB3C5E-2F5C-31FE-83E8-C6772D99B8D5
16.349497,-47.925392,1,58CB3C5E-2F5C-31FE-83E8-C6772D99B8D5
16.771074,-47.83125,0,58CB3C5E-2F5C-31FE-83E8-C6772D99B8D5
36.46662,-55.22378,0,58CB3C5E-2F5C-31FE-83E8-C6772D99B8D5
37.325573,-55.514618,0,58CB3C5E-2F5C-31FE-83E8-C6772D99B8D5
37.44484,-55.54852,0,58CB3C5E-2F5C-31FE-83E8-C6772D99B8D5
-28.904354,53.773876,0,5E491E0A-C580-29BE-4329-ED7BFF843D0D
-29.11589,54.021076,1,5E491E0A-C580-29BE-4329-ED7BFF843D0D
-29.628212,54.22284,1,5E491E0A-C580-29BE-4329-ED7BFF843D0D
-30.32805,54.490604,1,5E491E0A-C580-29BE-4329-ED7BFF843D0D
-31.382626,54.96138,1,5E491E0A-C580-29BE-4329-ED7BFF843D0D
-31.595583,55.02357,1,5E491E0A-C580-29BE-4329-ED7BFF843D0D
-24.172205,57.26629,0,5E491E0A-C580-29BE-4329-ED7BFF843D0D
-24.755156,57.169323,0,5E491E0A-C580-29BE-4329-ED7BFF843D0D
-25.319447,57.103275,0,5E491E0A-C580-29BE-4329-ED7BFF843D0D
-25.923105,56.590336,2,5E491E0A-C580-29BE-4329-ED7BFF843D0D
-26.339153,56.31971,2,5E491E0A-C580-29BE-4329-ED7BFF843D0D
-26.955196,56.093246,2,5E491E0A-C580-29BE-4329-ED7BFF843D0D
22.440409,-10.528741,1,5E491E0A-C580-29BE-4329-ED7BFF843D0D
22.327978,-10.324664,2,5E491E0A-C580-29BE-4329-ED7BFF843D0D
22.075884,-9.872101,2,5E491E0A-C580-29BE-4329-ED7BFF843D0D
-25.974583,53.622086,2,5E491E0A-C580-29BE-4329-ED7BFF843D0D
-26.094885,52.89828,2,5E491E0A-C580-29BE-4329-ED7BFF843D0D
-26.124533,52.748257,2,5E491E0A-C580-29BE-4329-ED7BFF843D0D
5.7978086,-38.288246,1,5F222604-CB86-1ABA-EB7B-31FF78B7BE93
6.1294503,-38.839413,1,5F222604-CB86-1ABA-EB7B-31FF78B7BE93
6.362642,-39.18658,1,5F222604-CB86-1ABA-EB7B-31FF78B7BE93
6.6689367,-39.754227,1,5F222604-CB86-1ABA-EB7B-31FF78B7BE93
23.662516,-56.863323,1,5F222604-CB86-1ABA-EB7B-31FF78B7BE93
23.68531,-56.885277,1,5F222604-CB86-1ABA-EB7B-31FF78B7BE93
44.296535,-39.896637,1,5F222604-CB86-1ABA-EB7B-31FF78B7BE93
44.902946,-39.621735,1,5F222604-CB86-1ABA-EB7B-31FF78B7BE93
45.588264,-39.39754,1,5F222604-CB86-1ABA-EB7B-31FF78B7BE93
48.610897,-36.392178,1,5F222604-CB86-1ABA-EB7B-31FF78B7BE93
49.145382,-35.500324,1,5F222604-CB86-1ABA-EB7B-31FF78B7BE93
49.640594,-34.738033,1,5F222604-CB86-1ABA-EB7B-31FF78B7BE93
50.073795,-34.29149,1,5F222604-CB86-1ABA-EB7B-31FF78B7BE93
29.802294,13.153546,1,5F222604-CB86-1ABA-EB7B-31FF78B7BE93
29.729837,13.249532,1,5F222604-CB86-1ABA-EB7B-31FF78B7BE93
28.814245,14.241898,1,5F222604-CB86-1ABA-EB7B-31FF78B7BE93
27.726591,15.22735,1,5F222604-CB86-1ABA-EB7B-31FF78B7BE93
27.198483,15.293135,1,5F222604-CB86-1ABA-EB7B-31FF78B7BE93
18.463343,13.679413,1,5F222604-CB86-1ABA-EB7B-31FF78B7BE93
18.31896,13.82717,1,5F222604-CB86-1ABA-EB7B-31FF78B7BE93
-30.00179,-9.40475,1,5F222604-CB86-1ABA-EB7B-31FF78B7BE93
-29.115261,-9.121405,1,5F222604-CB86-1ABA-EB7B-31FF78B7BE93
-28.442049,-8.915125,1,5F222604-CB86-1ABA-EB7B-31FF78B7BE93
-27.805084,-8.739967,2,5F222604-CB86-1ABA-EB7B-31FF78B7BE93
-27.31233,-8.516855,2,5F222604-CB86-1ABA-EB7B-31FF78B7BE93
-26.784792,-8.269546,2,5F222604-CB86-1ABA-EB7B-31FF78B7BE93
-26.177893,-8.119161,2,5F222604-CB86-1ABA-EB7B-31FF78B7BE93
-26.161263,-6.8616495,2,5F222604-CB86-1ABA-EB7B-31FF78B7BE93
-26.06988,-6.315988,2,5F222604-CB86-1ABA-EB7B-31FF78B7BE93
-26.04716,-6.1399612,2,5F222604-CB86-1ABA-EB7B-31FF78B7BE93
-54.445545,24.089186,0,5F222604-CB86-1ABA-EB7B-31FF78B7BE93
-54.443382,25.04104,0,5F222604-CB86-1ABA-EB7B-31FF78B7BE93
-54.42466,25.686394,0,5F222604-CB86-1ABA-EB7B-31FF78B7BE93
-49.124752,41.272644,0,5F222604-CB86-1ABA-EB7B-31FF78B7BE93
-48.974693,41.48874,0,5F222604-CB86-1ABA-EB7B-31FF78B7BE93
-48.780266,42.364166,1,5F222604-CB86-1ABA-EB7B-31FF78B7BE93
1.0267571,-28.544004,1,5F222604-CB86-1ABA-EB7B-31FF78B7BE93
1.4440837,-28.579948,1,5F222604-CB86-1ABA-EB7B-31FF78B7BE93
1.8789078,-28.166616,1,5F222604-CB86-1ABA-EB7B-31FF78B7BE93
2.2177553,-27.941162,1,5F222604-CB86-1ABA-EB7B-31FF78B7BE93
15.361892,-33.436195,1,5F222604-CB86-1ABA-EB7B-31FF78B7BE93
15.725593,-33.516205,1,5F222604-CB86-1ABA-EB7B-31FF78B7BE93
-44.07531,-35.24903,2,623D68EC-1C36-4E39-4317-BE7B59F593D2
-37.949806,-33.77895,2,623D68EC-1C36-4E39-4317-BE7B59F593D2
-37.911285,-33.74545,2,623D68EC-1C36-4E39-4317-BE7B59F593D2
-36.17891,-35.39902,2,623D68EC-1C36-4E39-4317-BE7B59F593D2
-35.809948,-35.639805,2,623D68EC-1C36-4E39-4317-BE7B59F593D2
-35.431282,-35.947525,2,623D68EC-1C36-4E39-4317-BE7B59F593D2
40.37909,8.113939,0,623D68EC-1C36-4E39-4317-BE7B59F593D2
39.7987,8.378418,0,623D68EC-1C36-4E39-4317-BE7B59F593D2
39.58708,8.477693,0,623D68EC-1C36-4E39-4317-BE7B59F593D2
36.059803,7.426265,2,623D68EC-1C36-4E39-4317-BE7B59F593D2
36.023148,7.625929,2,623D68EC-1C36-4E39-4317-BE7B59F593D2
18.529308,10.938623,0,623D68EC-1C36-4E39-4317-BE7B59F593D2
18.42504,10.755006,0,623D68EC-1C36-4E39-4317-BE7B59F593D2
-45.699436,0.3588287,0,623D68EC-1C36-4E39-4317-BE7B59F593D2
-46.13077,0.79764277,0,623D68EC-1C36-4E39-4317-BE7B59F593D2
-46.881622,1.5236338,0,623D68EC-1C36-4E39-4317-BE7B59F593D2
-48.295876,2.1457143,0,623D68EC-1C36-4E39-4317-BE7B59F593D2
-48.765068,2.5026383,0,623D68EC-1C36-4E39-4317-BE7B59F593D2
2.6230936,8.866809,2,62A1F053-1EA8-7433-090E-89D450314F41
2.771603,8.836364,2,62A1F053-1EA8-7433-090E-89D450314F41
3.4975257,8.86477,2,62A1F053-1EA8-7433-090E-89D450314F41
-32.451836,-24.802834,2,62A1F053-1EA8-7433-090E-89D450314F41
-32.218246,-25.017588,2,62A1F053-1EA8-7433-090E-89D450314F41
-31.950136,-25.168716,2,62A1F053-1EA8-7433-090E-89D450314F41
-2.5738769,-18.993385,2,62A1F053-1EA8-7433-090E-89D450314F41
12.631813,-34.747913,2,62A1F053-1EA8-7433-090E-89D450314F41
12.703652,-34.815998,2,62A1F053-1EA8-7433-090E-89D450314F41
17.850367,-36.53585,2,62A1F053-1EA8-7433-090E-89D450314F41
18.819483,-36.473835,2,62A1F053-1EA8-7433-090E-89D450314F41
20.111399,-36.508305,2,62A1F053-1EA8-7433-090E-89D450314F41
-17.781624,1.0861745,0,647C581E-E72F-0765-F94A-065909B99374
-17.791136,1.0550337,0,647C581E-E72F-0765-F94A-065909B99374
3.333958,3.9702156,1,647C581E-E72F-0765-F94A-065909B99374
2.5484772,4.2500153,1,647C581E-E72F-0765-F94A-065909B99374
1.9160424,4.4321523,1,647C581E-E72F-0765-F94A-065909B99374
1.5622644,4.532787,0,647C581E-E72F-0765-F94A-065909B99374
-22.840792,-60.22739,0,647C581E-E72F-0765-F94A-065909B99374
-22.989716,-59.89062,0,647C581E-E72F-0765-F94A-065909B99374
-23.327309,-59.223576,0,647C581E-E72F-0765-F94A-065909B99374
-24.0988,-58.473022,0,647C581E-E72F-0765-F94A-065909B99374
-24.08062,-57.492092,0,647C581E-E72F-0765-F94A-065909B99374
-24.112856,-57.032608,1,647C581E-E72F-0765-F94A-065909B99374
-24.318548,-55.9139,1,647C581E-E72F-0765-F94A-065909B99374
-24.449982,-55.46067,1,647C581E-E72F-0765-F94A-065909B99374
-24.623594,-54.922016,1,647C581E-E72F-0765-F94A-065909B99374
-24.817768,-54.32614,1,647C581E-E72F-0765-F94A-065909B99374
-25.007565,-53.831066,1,647C581E-E72F-0765-F94A-065909B99374
-25.185648,-53.421703,1,647C581E-E72F-0765-F94A-065909B99374
-18.371784,-60.091705,1,647C581E-E72F-0765-F94A-065909B99374
-18.15138,-59.997932,1,647C581E-E72F-0765-F94A-065909B99374
-17.785786,-59.76095,1,647C581E-E72F-0765-F94A-065909B99374
-16.861956,-59.061188,1,647C581E-E72F-0765-F94A-065909B99374
-16.366796,-58.711815,1,647C581E-E72F-0765-F94A-065909B99374
-16.13357,-58.546402,1,647C581E-E72F-0765-F94A-065909B99374
-15.959534,-65.72428,2,647C581E-E72F-0765-F94A-065909B99374
-15.508896,-65.943306,1,647C581E-E72F-0765-F94A-065909B99374
-15.349082,-65.83839,1,647C581E-E72F-0765-F94A-065909B99374
-14.601756,-64.90785,2,647C581E-E72F-0765-F94A-065909B99374
-14.5625925,-64.86891,2,647C581E-E72F-0765-F94A-065909B99374
-14.598108,-64.64462,2,647C581E-E72F-0765-F94A-065909B99374
-14.273878,33.92306,0,66E9719B-D383-AA87-7FAB-D9B4ABE7011C
-13.83184,33.906353,0,66E9719B-D383-AA87-7FAB-D9B4ABE7011C
-2.8525248,34.442196,0,66E9719B-D383-AA87-7FAB-D9B4ABE7011C
-2.096532,33.753166,0,66E9719B-D383-AA87-7FAB-D9B4ABE7011C
-1.3168256,32.982086,0,66E9719B-D383-AA87-7FAB-D9B4ABE7011C
-0.8797945,32.02279,0,66E9719B-D383-AA87-7FAB-D9B4ABE7011C
14.448644,-39.969707,0,66E9719B-D383-AA87-7FAB-D9B4ABE7011C
14.909812,-39.86678,0,66E9719B-D383-AA87-7FAB-D9B4ABE7011C
16.226896,-39.638893,0,66E9719B-D383-AA87-7FAB-D9B4ABE7011C
16.643206,-39.65947,0,66E9719B-D383-AA87-7FAB-D9B4ABE7011C
32.92757,-26.589636,0,66E9719B-D383-AA87-7FAB-D9B4ABE7011C
33.047672,-26.848175,0,66E9719B-D383-AA87-7FAB-D9B4ABE7011C
42.07277,15.021264,2,66E9719B-D383-AA87-7FAB-D9B4ABE7011C
41.907722,16.24993,2,66E9719B-D383-AA87-7FAB-D9B4ABE7011C
41.911774,16.422987,2,66E9719B-D383-AA87-7FAB-D9B4ABE7011C
41.025818,16.75616,2,66E9719B-D383-AA87-7FAB-D9B4ABE7011C
37.541763,17.425318,2,66E9719B-D383-AA87-7FAB-D9B4ABE7011C
37.409546,17.471964,2,66E9719B-D383-AA87-7FAB-D9B4ABE7011C
-8.038727,31.834965,2,68339CF4-6AFB-7EFB-40EA-238612F8E5A4
-7.7548776,31.614996,2,68339CF4-6AFB-7EFB-40EA-238612F8E5A4
-6.8835697,31.049208,0,68339CF4-6AFB-7EFB-40EA-238612F8E5A4
-5.31244,30.470068,0,68339CF4-6AFB-7EFB-40EA-238612F8E5A4
-4.641239,30.331217,0,68339CF4-6AFB-7EFB-40EA-238612F8E5A4
-4.431816,30.297007,0,68339CF4-6AFB-7EFB-40EA-238612F8E5A4
-2.8905382,-41.423634,2,68339CF4-6AFB-7EFB-40EA-238612F8E5A4
-2.8903859,-41.19344,2,68339CF4-6AFB-7EFB-40EA-238612F8E5A4
-2.8835528,-40.51682,2,68339CF4-6AFB-7EFB-40EA-238612F8E5A4
-2.794526,-39.62,2,68339CF4-6AFB-7EFB-40EA-238612F8E5A4
15.480262,-56.83265,2,68339CF4-6AFB-7EFB-40EA-238612F8E5A4
15.547431,-56.855442,2,68339CF4-6AFB-7EFB-40EA-238612F8E5A4
6.298351,16.426851,1,68339CF4-6AFB-7EFB-40EA-238612F8E5A4
6.216013,15.662737,1,68339CF4-6AFB-7EFB-40EA-238612F8E5A4
6.056948,14.757517,1,68339CF4-6AFB-7EFB-40EA-238612F8E5A4
5.72383,13.886668,1,68339CF4-6AFB-7EFB-40EA-238612F8E5A4
5.681674,13.136117,1,68339CF4-6AFB-7EFB-40EA-238612F8E5A4
5.53249,12.450791,1,68339CF4-6AFB-7EFB-40EA-238612F8E5A4
-19.968433,-19.976942,1,68339CF4-6AFB-7EFB-40EA-238612F8E5A4
-20.408611,-20.946064,1,68339CF4-6AFB-7EFB-40EA-238612F8E5A4
-20.82017,-21.504173,1,68339CF4-6AFB-7EFB-40EA-238612F8E5A4
-20.91389,-21.976788,1,68339CF4-6AFB-7EFB-40EA-238612F8E5A4
-20.92241,-22.857298,1,68339CF4-6AFB-7EFB-40EA-238612F8E5A4
-20.664536,-23.564697,1,68339CF4-6AFB-7EFB-40EA-238612F8E5A4
-17.40658,69.326324,2,6B1E25A6-882B-DDD7-CE4F-4EC17A0906CF
9.74988,50.722347,2,6B1E25A6-882B-DDD7-CE4F-4EC17A0906CF
9.682496,50.48786,2,6B1E25A6-882B-DDD7-CE4F-4EC17A0906CF
9.188471,49.136047,2,6B1E25A6-882B-DDD7-CE4F-4EC17A0906CF
9.068328,48.263165,2,6B1E25A6-882B-DDD7-CE4F-4EC17A0906CF
9.459403,47.391586,2,6B1E25A6-882B-DDD7-CE4F-4EC17A0906CF
29.936045,-26.847092,0,6B1E25A6-882B-DDD7-CE4F-4EC17A0906CF
30.88583,-26.276567,0,6B1E25A6-882B-DDD7-CE4F-4EC17A0906CF
31.494234,-25.885569,0,6B1E25A6-882B-DDD7-CE4F-4EC17A0906CF
32.216362,-25.453688,0,6B1E25A6-882B-DDD7-CE4F-4EC17A0906CF
34.094467,-23.199907,0,6B1E25A6-882B-DDD7-CE4F-4EC17A0906CF
34.25522,-22.933216,0,6B1E25A6-882B-DDD7-CE4F-4EC17A0906CF
-43.097496,5.3778396,0,6B1E25A6-882B-DDD7-CE4F-4EC17A0906CF
-43.035038,5.7610083,0,6B1E25A6-882B-DDD7-CE4F-4EC17A0906CF
-42.969448,6.3744545,2,6B1E25A6-882B-DDD7-CE4F-4EC17A0906CF
-42.93512,7.1798143,2,6B1E25A6-882B-DDD7-CE4F-4EC17A0906CF
-42.690643,7.624514,2,6B1E25A6-882B-DDD7-CE4F-4EC17A0906CF
-43.184555,8.760059,2,6B1E25A6-882B-DDD7-CE4F-4EC17A0906CF
18.387403,-38.977985,0,6B1E25A6-882B-DDD7-CE4F-4EC17A0906CF
18.808268,-38.832542,0,6B1E25A6-882B-DDD7-CE4F-4EC17A0906CF
19.555113,-38.500614,0,6B1E25A6-882B-DDD7-CE4F-4EC17A0906CF
33.004513,-37.674927,0,6B1E25A6-882B-DDD7-CE4F-4EC17A0906CF
33.675613,-37.006954,0,6B1E25A6-882B-DDD7-CE4F-4EC17A0906CF
34.25717,-36.25556,1,6B1E25A6-882B-DDD7-CE4F-4EC17A0906CF
63.279045,-14.022455,1,6B1E25A6-882B-DDD7-CE4F-4EC17A0906CF
62.702465,-13.313084,1,6B1E25A6-882B-DDD7-CE4F-4EC17A0906CF
62.426292,-12.864786,1,6B1E25A6-882B-DDD7-CE4F-4EC17A0906CF
59.04336,-2.0497396,1,6B1E25A6-882B-DDD7-CE4F-4EC17A0906CF
58.6948,-1.4683938,1,6B1E25A6-882B-DDD7-CE4F-4EC17A0906CF
58.332264,-0.97173667,2,6B1E25A6-882B-DDD7-CE4F-4EC17A0906CF
40.14692,14.111549,0,6B690AF9-8440-1C43-B353-FA85266AA12C
39.43724,14.077091,0,6B690AF9-8440-1C43-B353-FA85266AA12C
38.794796,14.0669565,0,6B690AF9-8440-1C43-B353-FA85266AA12C
14.990437,14.674023,0,6B690AF9-8440-1C43-B353-FA85266AA12C
14.557915,14.334295,0,6B690AF9-8440-1C43-B353-FA85266AA12C
14.053565,13.981532,1,6B690AF9-8440-1C43-B353-FA85266AA12C
39.527637,-21.161802,1,6B690AF9-8440-1C43-B353-FA85266AA12C
39.53567,-21.119879,1,6B690AF9-8440-1C43-B353-FA85266AA12C
49.92007,-10.173733,0,6B690AF9-8440-1C43-B353-FA85266AA12C
49.613472,-10.018437,0,6B690AF9-8440-1C43-B353-FA85266AA12C
48.959885,-9.7310295,0,6B690AF9-8440-1C43-B353-FA85266AA12C
41.990852,13.289302,0,6B690AF9-8440-1C43-B353-FA85266AA12C
17.736544,9.904079,1,6B690AF9-8440-1C43-B353-FA85266AA12C
-38.640564,1.948136,1,6B690AF9-8440-1C43-B353-FA85266AA12C
-58.331253,-3.198126,1,6B690AF9-8440-1C43-B353-FA85266AA12C
-58.639748,-3.0528138,1,6B690AF9-8440-1C43-B353-FA85266AA12C
-59.49179,-2.4625268,1,6B690AF9-8440-1C43-B353-FA85266AA12C
-59.771988,-2.1968977,1,6B690AF9-8440-1C43-B353-FA85266AA12C
4.0244718,33.918983,2,6C9454F6-2AA4-4C25-0387-C6CA7AFC4C13
4.072128,33.4047,2,6C9454F6-2AA4-4C25-0387-C6CA7AFC4C13
4.2268806,31.923326,2,6C9454F6-2AA4-4C25-0387-C6CA7AFC4C13
4.5538807,31.600056,0,6C9454F6-2AA4-4C25-0387-C6CA7AFC4C13
5.518335,31.169283,0,6C9454F6-2AA4-4C25-0387-C6CA7AFC4C13
-35.682095,-33.378513,0,6C9454F6-2AA4-4C25-0387-C6CA7AFC4C13
-34.726048,-33.77315,2,6C9454F6-2AA4-4C25-0387-C6CA7AFC4C13
-34.39554,-33.86199,2,6C9454F6-2AA4-4C25-0387-C6CA7AFC4C13
-33.740246,-34.33089,2,6C9454F6-2AA4-4C25-0387-C6CA7AFC4C13
-33.53147,-35.198387,2,6C9454F6-2AA4-4C25-0387-C6CA7AFC4C13
-30.402235,-37.47137,2,6C9454F6-2AA4-4C25-0387-C6CA7AFC4C13
-30.300447,-37.538692,2,6C9454F6-2AA4-4C25-0387-C6CA7AFC4C13
-39.992615,-2.3864799,2,6C9454F6-2AA4-4C25-0387-C6CA7AFC4C13
-45.90648,-3.9034426,2,6C9454F6-2AA4-4C25-0387-C6CA7AFC4C13
-46.417343,-3.4344933,2,6C9454F6-2AA4-4C25-0387-C6CA7AFC4C13
-46.814247,-2.9102895,2,6C9454F6-2AA4-4C25-0387-C6CA7AFC4C13
-47.229042,-2.4060318,2,6C9454F6-2AA4-4C25-0387-C6CA7AFC4C13
-53.488728,17.510607,2,6C9454F6-2AA4-4C25-0387-C6CA7AFC4C13
33.94648,20.654333,2,6C9454F6-2AA4-4C25-0387-C6CA7AFC4C13
33.916744,20.619783,2,6C9454F6-2AA4-4C25-0387-C6CA7AFC4C13
27.636028,19.66081,0,6C9454F6-2AA4-4C25-0387-C6CA7AFC4C13
26.384863,20.12992,0,6C9454F6-2AA4-4C25-0387-C6CA7AFC4C13
25.40148,20.463509,0,6C9454F6-2AA4-4C25-0387-C6CA7AFC4C13
18.921032,18.51836,2,6C9454F6-2AA4-4C25-0387-C6CA7AFC4C13
-16.131805,63.35155,2,70432028-81AF-D67A-251E-D2F807AB93CF
-16.143894,63.543995,2,70432028-81AF-D67A-251E-D2F807AB93CF
-8.584886,58.293858,2,70432028-81AF-D67A-251E-D2F807AB93CF
-9.049977,57.743176,2,70432028-81AF-D67A-251E-D2F807AB93CF
-9.43368,57.406284,2,70432028-81AF-D67A-251E-D2F807AB93CF
-10.018882,56.951683,2,70432028-81AF-D67A-251E-D2F807AB93CF
43.560886,-52.051506,2,70432028-81AF-D67A-251E-D2F807AB93CF
43.85332,-52.123924,2,70432028-81AF-D67A-251E-D2F807AB93CF
44.622124,-52.512363,2,70432028-81AF-D67A-251E-D2F807AB93CF
35.68999,-18.89594,2,70432028-81AF-D67A-251E-D2F807AB93CF
35.457775,-18.555685,2,70432028-81AF-D67A-251E-D2F807AB93CF
34.9397,-18.153677,2,70432028-81AF-D67A-251E-D2F807AB93CF
34.664593,-17.838314,2,70432028-81AF-D67A-251E-D2F807AB93CF
33.604923,-16.749537,2,70432028-81AF-D67A-251E-D2F807AB93CF
59.06586,14.298033,2,70432028-81AF-D67A-251E-D2F807AB93CF
59.610455,13.961779,2,70432028-81AF-D67A-251E-D2F807AB93CF
59.86637,13.393348,2,70432028-81AF-D67A-251E-D2F807AB93CF
59.98736,12.992247,2,70432028-81AF-D67A-251E-D2F807AB93CF
-42.930786,-5.0586658,0,70432028-81AF-D67A-251E-D2F807AB93CF
-42.992012,-4.9670153,0,70432028-81AF-D67A-251E-D2F807AB93CF
-49.14353,-9.128365,0,70432028-81AF-D67A-251E-D2F807AB93CF
-49.671303,-9.79493,2,70432028-81AF-D67A-251E-D2F807AB93CF
-50.063675,-10.137273,2,70432028-81AF-D67A-251E-D2F807AB93CF
-50.71198,-10.570951,2,70432028-81AF-D67A-251E-D2F807AB93CF
-12.342707,9.767852,0,718078D1-70DB-2916-366D-1119A22DCD7F
-12.591918,10.346169,1,718078D1-70DB-2916-366D-1119A22DCD7F
-12.71665,10.700649,1,718078D1-70DB-2916-366D-1119A22DCD7F
-10.865175,16.87336,2,718078D1-70DB-2916-366D-1119A22DCD7F
-10.694324,17.653372,2,718078D1-70DB-2916-366D-1119A22DCD7F
-10.624514,17.875381,2,718078D1-70DB-2916-366D-1119A22DCD7F
-3.0727732,-8.96185,0,718078D1-70DB-2916-366D-1119A22DCD7F
-3.2004633,-9.701302,0,718078D1-70DB-2916-366D-1119A22DCD7F
-3.3089917,-10.264822,0,718078D1-70DB-2916-366D-1119A22DCD7F
-3.4031668,-10.625334,0,718078D1-70DB-2916-366D-1119A22DCD7F
-20.480621,-57.183365,0,718078D1-70DB-2916-366D-1119A22DCD7F
-20.513645,-57.165554,0,718078D1-70DB-2916-366D-1119A22DCD7F
-47.773834,12.093212,1,718078D1-70DB-2916-366D-1119A22DCD7F
-47.80007,12.126472,1,718078D1-70DB-2916-366D-1119A22DCD7F
-54.30811,12.934679,1,718078D1-70DB-2916-366D-1119A22DCD7F
-50.492832,21.800804,1,718078D1-70DB-2916-366D-1119A22DCD7F
-50.40114,21.840836,0,718078D1-70DB-2916-366D-1119A22DCD7F
-43.093086,24.15513,0,718078D1-70DB-2916-366D-1119A22DCD7F
-42.5662,24.656244,0,718078D1-70DB-2916-366D-1119A22DCD7F
-41.85178,25.087929,0,718078D1-70DB-2916-366D-1119A22DCD7F
-40.2817,28.182257,0,718078D1-70DB-2916-366D-1119A22DCD7F
-40.01757,28.619541,0,718078D1-70DB-2916-366D-1119A22DCD7F
-39.378372,29.454538,1,718078D1-70DB-2916-366D-1119A22DCD7F
-39.160347,29.76518,0,718078D1-70DB-2916-366D-1119A22DCD7F
8.419482,-65.66142,0,72B642AD-2D4A-574F-05EC-EC93C0C52335
8.754742,-65.5891,0,72B642AD-2D4A-574F-05EC-EC93C0C52335
9.962937,-65.2807,0,72B642AD-2D4A-574F-05EC-EC93C0C52335
10.557302,-65.12297,0,72B642AD-2D4A-574F-05EC-EC93C0C52335
11.2217655,-64.94255,0,72B642AD-2D4A-574F-05EC-EC93C0C52335
11.476221,-64.83352,0,72B642AD-2D4A-574F-05EC-EC93C0C52335
12.564591,-64.64215,1,72B642AD-2D4A-574F-05EC-EC93C0C52335
12.985117,-64.60144,1,72B642AD-2D4A-574F-05EC-EC93C0C52335
27.616516,-25.000557,1,72B642AD-2D4A-574F-05EC-EC93C0C52335
27.684921,-24.961246,2,72B642AD-2D4A-574F-05EC-EC93C0C52335
38.367615,-30.253319,2,72B642AD-2D4A-574F-05EC-EC93C0C52335
39.109413,-29.82623,2,72B642AD-2D4A-574F-05EC-EC93C0C52335
52.499092,-16.728825,2,72B642AD-2D4A-574F-05EC-EC93C0C52335
53.13151,-16.690561,2,72B642AD-2D4A-574F-05EC-EC93C0C52335
55.03285,-4.329175,2,72B642AD-2D4A-574F-05EC-EC93C0C52335
55.13154,-3.6272252,2,72B642AD-2D4A-574F-05EC-EC93C0C52335
55.25284,-2.8193638,2,72B642AD-2D4A-574F-05EC-EC93C0C52335
55.467163,-2.3681767,2,72B642AD-2D4A-574F-05EC-EC93C0C52335
41.531315,32.804745,0,72B642AD-2D4A-574F-05EC-EC93C0C52335
41.89258,32.626976,0,72B642AD-2D4A-574F-05EC-EC93C0C52335
57.359062,33.915844,0,72B642AD-2D4A-574F-05EC-EC93C0C52335
57.574768,34.15626,1,72B642AD-2D4A-574F-05EC-EC93C0C52335
58.587852,35.78653,1,72B642AD-2D4A-574F-05EC-EC93C0C52335
58.73459,36.032852,1,72B642AD-2D4A-574F-05EC-EC93C0C52335
-11.7965765,22.85249,2,72B642AD-2D4A-574F-05EC-EC93C0C52335
-11.318146,22.418766,2,72B642AD-2D4A-574F-05EC-EC93C0C52335
-10.56211,21.796104,2,72B642AD-2D4A-574F-05EC-EC93C0C52335
-9.933672,21.3241,2,72B642AD-2D4A-574F-05EC-EC93C0C52335
-9.181011,21.117134,2,72B642AD-2D4A-574F-05EC-EC93C0C52335
-8.903298,20.977486,2,72B642AD-2D4A-574F-05EC-EC93C0C52335
-3.7383277,-28.348875,0,7417E7AB-C723-0958-F8EE-DDA4DED65165
-4.519735,-28.861897,0,7417E7AB-C723-0958-F8EE-DDA4DED65165
-4.599334,-28.91899,0,7417E7AB-C723-0958-F8EE-DDA4DED65165
-7.3930306,-54.36596,0,7417E7AB-C723-0958-F8EE-DDA4DED65165
-7.2574925,-54.488426,0,7417E7AB-C723-0958-F8EE-DDA4DED65165
-7.024332,-54.654484,0,7417E7AB-C723-0958-F8EE-DDA4DED65165
-60.240852,24.677595,2,7417E7AB-C723-0958-F8EE-DDA4DED65165
-56.784325,30.21337,2,7417E7AB-C723-0958-F8EE-DDA4DED65165
-56.65078,30.334833,0,7417E7AB-C723-0958-F8EE-DDA4DED65165
-49.53213,47.67043,0,7417E7AB-C723-0958-F8EE-DDA4DED65165
-49.335457,48.07261,0,7417E7AB-C723-0958-F8EE-DDA4DED65165
-49.197353,48.304634,0,7417E7AB-C723-0958-F8EE-DDA4DED65165
36.733624,14.840844,1,7417E7AB-C723-0958-F8EE-DDA4DED65165
35.612385,14.481523,1,7417E7AB-C723-0958-F8EE-DDA4DED65165
35.372276,14.462539,1,7417E7AB-C723-0958-F8EE-DDA4DED65165
23.5798,18.327818,1,7417E7AB-C723-0958-F8EE-DDA4DED65165
23.369394,18.094336,1,7417E7AB-C723-0958-F8EE-DDA4DED65165
-39.912407,-4.671044,1,7417E7AB-C723-0958-F8EE-DDA4DED65165
5.489603,8.415278,1,761D024F-3C62-5326-601A-88D436C7726A
5.4697323,8.427462,1,761D024F-3C62-5326-601A-88D436C7726A
-34.57798,-21.183971,1,761D024F-3C62-5326-601A-88D436C7726A
-34.539165,-21.372902,1,761D024F-3C62-5326-601A-88D436C7726A
-32.962498,-28.171577,0,761D024F-3C62-5326-601A-88D436C7726A
-32.792267,-28.279768,0,761D024F-3C62-5326-601A-88D436C7726A
-31.365421,-29.262234,0,761D024F-3C62-5326-601A-88D436C7726A
-31.169664,-29.319254,0,761D024F-3C62-5326-601A-88D436C7726A
-30.880686,-30.001616,0,761D024F-3C62-5326-601A-88D436C7726A
-30.094345,-31.078955,0,761D024F-3C62-5326-601A-88D436C7726A
-29.522192,-31.45729,1,761D024F-3C62-5326-601A-88D436C7726A
-1.7613492,-48.352165,0,761D024F-3C62-5326-601A-88D436C7726A
-0.60232776,-48.372128,0,761D024F-3C62-5326-601A-88D436C7726A
-0.23371385,-48.50715,0,761D024F-3C62-5326-601A-88D436C7726A
15.589775,-51.167892,0,761D024F-3C62-5326-601A-88D436C7726A
15.99061,-51.002285,0,761D024F-3C62-5326-601A-88D436C7726A
22.97718,-52.032967,0,761D024F-3C62-5326-601A-88D436C7726A
23.045565,-51.39161,0,761D024F-3C62-5326-601A-88D436C7726A
-53.452183,19.331919,0,761D024F-3C62-5326-601A-88D436C7726A
-50.703316,35.982765,0,761D024F-3C62-5326-601A-88D436C7726A
-51.025375,36.40685,0,761D024F-3C62-5326-601A-88D436C7726A
-51.166843,37.613697,0,761D024F-3C62-5326-601A-88D436C7726A
-51.11235,38.415924,2,761D024F-3C62-5326-601A-88D436C7726A
-51.144047,38.9625,2,761D024F-3C62-5326-601A-88D436C7726A
-22.588963,17.319464,0,761D024F-3C62-5326-601A-88D436C7726A
-22.410866,17.310303,0,761D024F-3C62-5326-601A-88D436C7726A
-5.1624727,4.2859783,0,761D024F-3C62-5326-601A-88D436C7726A
-5.566938,4.086818,0,761D024F-3C62-5326-601A-88D436C7726A
-6.3850503,3.43255,0,761D024F-3C62-5326-601A-88D436C7726A
-6.597886,3.2538362,0,761D024F-3C62-5326-601A-88D436C7726A
-16.525192,69.438065,2,772BA0E9-AC30-CEA6-AA1B-18A0300702AA
-1.4464533,59.314106,2,772BA0E9-AC30-CEA6-AA1B-18A0300702AA
-1.1558465,59.5521,2,772BA0E9-AC30-CEA6-AA1B-18A0300702AA
6.8903894,47.160843,2,772BA0E9-AC30-CEA6-AA1B-18A0300702AA
6.9530244,47.143257,2,772BA0E9-AC30-CEA6-AA1B-18A0300702AA
-1.5782086,28.199268,2,772BA0E9-AC30-CEA6-AA1B-18A0300702AA
-41.63726,43.769386,1,772BA0E9-AC30-CEA6-AA1B-18A0300702AA
-41.016903,44.0923,1,772BA0E9-AC30-CEA6-AA1B-18A0300702AA
-40.491093,44.29053,1,772BA0E9-AC30-CEA6-AA1B-18A0300702AA
-25.38723,40.19329,1,772BA0E9-AC30-CEA6-AA1B-18A0300702AA
-24.937656,39.751675,1,772BA0E9-AC30-CEA6-AA1B-18A0300702AA
-24.750319,39.55819,1,772BA0E9-AC30-CEA6-AA1B-18A0300702AA
-24.866291,-20.98474,1,772BA0E9-AC30-CEA6-AA1B-18A0300702AA
-24.927034,-21.073265,1,772BA0E9-AC30-CEA6-AA1B-18A0300702AA
-11.216323,-45.999027,0,772BA0E9-AC30-CEA6-AA1B-18A0300702AA
-11.676511,-46.216736,0,772BA0E9-AC30-CEA6-AA1B-18A0300702AA
-12.297368,-46.639877,0,772BA0E9-AC30-CEA6-AA1B-18A0300702AA
-13.048715,-47.40144,0,772BA0E9-AC30-CEA6-AA1B-18A0300702AA
28.590952,-40.029026,1,772BA0E9-AC30-CEA6-AA1B-18A0300702AA
35.87961,-30.711868,1,772BA0E9-AC30-CEA6-AA1B-18A0300702AA
36.704956,-30.276669,1,772BA0E9-AC30-CEA6-AA1B-18A0300702AA
43.90802,-30.098269,1,772BA0E9-AC30-CEA6-AA1B-18A0300702AA
44.011948,-30.181046,0,772BA0E9-AC30-CEA6-AA1B-18A0300702AA
41.86299,-17.407764,0,772BA0E9-AC30-CEA6-AA1B-18A0300702AA
-36.094414,4.37207,1,772BA0E9-AC30-CEA6-AA1B-18A0300702AA
-40.918255,-6.851617,1,772BA0E9-AC30-CEA6-AA1B-18A0300702AA
-41.153965,-6.9640965,1,772BA0E9-AC30-CEA6-AA1B-18A0300702AA
-57.84234,0.18911865,1,772BA0E9-AC30-CEA6-AA1B-18A0300702AA
-54.11305,7.266859,1,772BA0E9-AC30-CEA6-AA1B-18A0300702AA
-54.088924,7.5326395,1,772BA0E9-AC30-CEA6-AA1B-18A0300702AA
-31.36315,2.6320937,2,77F6B31E-B228-3C6D-A66F-E7E6FDED3587
-30.679916,4.0276103,2,77F6B31E-B228-3C6D-A66F-E7E6FDED3587
-30.38765,4.407723,2,77F6B31E-B228-3C6D-A66F-E7E6FDED3587
-30.00388,4.938271,2,77F6B31E-B228-3C6D-A66F-E7E6FDED3587
-48.375225,-14.444416,2,77F6B31E-B228-3C6D-A66F-E7E6FDED3587
-48.38387,-14.434017,2,77F6B31E-B228-3C6D-A66F-E7E6FDED3587
-42.33221,28.944424,0,77F6B31E-B228-3C6D-A66F-E7E6FDED3587
-42.7165,29.860022,0,77F6B31E-B228-3C6D-A66F-E7E6FDED3587
-42.906403,30.302404,2,77F6B31E-B228-3C6D-A66F-E7E6FDED3587
-44.574127,40.252842,2,77F6B31E-B228-3C6D-A66F-E7E6FDED3587
-44.245747,40.80872,2,77F6B31E-B228-3C6D-A66F-E7E6FDED3587
-43.642117,41.24169,2,77F6B31E-B228-3C6D-A66F-E7E6FDED3587
5.5727186,-68.34292,1,77F6B31E-B228-3C6D-A66F-E7E6FDED3587
5.5318027,-68.73361,1,77F6B31E-B228-3C6D-A66F-E7E6FDED3587
5.476614,-69.432846,1,77F6B31E-B228-3C6D-A66F-E7E6FDED3587
5.4203887,-69.8188,1,77F6B31E-B228-3C6D-A66F-E7E6FDED3587
20.95612,-30.025145,2,77F6B31E-B228-3C6D-A66F-E7E6FDED3587
22.241272,-30.181768,2,77F6B31E-B228-3C6D-A66F-E7E6FDED3587
-8.330021,51.033142,2,7B8B31F4-FFC3-7A4E-3EAF-78D5CA8ACB61
-8.681618,50.95479,2,7B8B31F4-FFC3-7A4E-3EAF-78D5CA8ACB61
-14.721613,48.951935,0,7B8B31F4-FFC3-7A4E-3EAF-78D5CA8ACB61
-14.955356,48.8305,0,7B8B31F4-FFC3-7A4E-3EAF-78D5CA8ACB61
-15.753259,48.28458,0,7B8B31F4-FFC3-7A4E-3EAF-78D5CA8ACB61
-15.90431,48.186405,0,7B8B31F4-FFC3-7A4E-3EAF-78D5CA8ACB61
18.45113,24.52558,2,7B8B31F4-FFC3-7A4E-3EAF-78D5CA8ACB61
18.108662,24.688192,2,7B8B31F4-FFC3-7A4E-3EAF-78D5CA8ACB61
-30.676987,1.7421095,0,7B8B31F4-FFC3-7A4E-3EAF-78D5CA8ACB61
-29.267673,2.041334,0,7B8B31F4-FFC3-7A4E-3EAF-78D5CA8ACB61
-28.759645,2.1643088,0,7B8B31F4-FFC3-7A4E-3EAF-78D5CA8ACB61
-27.918633,2.268926,0,7B8B31F4-FFC3-7A4E-3EAF-78D5CA8ACB61
-8.793777,-17.834175,1,7B8B31F4-FFC3-7A4E-3EAF-78D5CA8ACB61
-8.591464,-17.940186,1,7B8B31F4-FFC3-7A4E-3EAF-78D5CA8ACB61
-8.128865,-18.669939,1,7B8B31F4-FFC3-7A4E-3EAF-78D5CA8ACB61
-7.9268303,-19.157742,1,7B8B31F4-FFC3-7A4E-3EAF-78D5CA8ACB61
-6.940425,-19.558321,1,7B8B31F4-FFC3-7A4E-3EAF-78D5CA8ACB61
-6.686268,-19.687813,1,7B8B31F4-FFC3-7A4E-3EAF-78D5CA8ACB61
29.269012,-34.55367,0,7B8B31F4-FFC3-7A4E-3EAF-78D5CA8ACB61
29.68426,-34.798595,0,7B8B31F4-FFC3-7A4E-3EAF-78D5CA8ACB61
19.127192,-19.035797,0,7B8B31F4-FFC3-7A4E-3EAF-78D5CA8ACB61
18.98282,-18.821802,0,7B8B31F4-FFC3-7A4E-3EAF-78D5CA8ACB61
18.283379,-17.726295,0,7B8B31F4-FFC3-7A4E-3EAF-78D5CA8ACB61
18.251507,-17.6736,0,7B8B31F4-FFC3-7A4E-3EAF-78D5CA8ACB61
-56.440067,9.481511,1,7B8B31F4-FFC3-7A4E-3EAF-78D5CA8ACB61
-56.743744,9.510289,1,7B8B31F4-FFC3-7A4E-3EAF-78D5CA8ACB61
-56.440784,10.729641,0,7B8B31F4-FFC3-7A4E-3EAF-78D5CA8ACB61
-56.157253,11.3844595,0,7B8B31F4-FFC3-7A4E-3EAF-78D5CA8ACB61
-55.926407,12.317994,0,7B8B31F4-FFC3-7A4E-3EAF-78D5CA8ACB61
-54.846783,27.352577,0,7B8B31F4-FFC3-7A4E-3EAF-78D5CA8ACB61
-1.9321359,-69.74109,2,7DC9729F-BA27-3831-6078-F8508766396A
-1.4858828,-69.49215,2,7DC9729F-BA27-3831-6078-F8508766396A
-1.1327667,-69.30331,2,7DC9729F-BA27-3831-6078-F8508766396A
0.13657105,-68.570595,2,7DC9729F-BA27-3831-6078-F8508766396A
1.4804264,-67.618256,2,7DC9729F-BA27-3831-6078-F8508766396A
1.6451129,-67.52017,2,7DC9729F-BA27-3831-6078-F8508766396A
2.2142622,-66.932724,2,7DC9729F-BA27-3831-6078-F8508766396A
20.666985,-62.5632,2,7DC9729F-BA27-3831-6078-F8508766396A
21.029331,-62.791515,2,7DC9729F-BA27-3831-6078-F8508766396A
22.221853,-63.783806,2,7DC9729F-BA27-3831-6078-F8508766396A
22.669895,-64.20993,0,7DC9729F-BA27-3831-6078-F8508766396A
23.105433,-64.66719,0,7DC9729F-BA27-3831-6078-F8508766396A
23.941416,-65.40903,0,7DC9729F-BA27-3831-6078-F8508766396A
24.281317,-65.72176,0,7DC9729F-BA27-3831-6078-F8508766396A
25.122793,-66.66478,0,7DC9729F-BA27-3831-6078-F8508766396A
25.521633,-67.11247,2,7DC9729F-BA27-3831-6078-F8508766396A
25.915552,-67.59213,2,7DC9729F-BA27-3831-6078-F8508766396A
26.025175,-67.72315,2,7DC9729F-BA27-3831-6078-F8508766396A
-17.357819,28.660109,2,7FB7C50A-30EA-A991-0C04-7FFA681B8803
-17.232933,28.495178,2,7FB7C50A-30EA-A991-0C04-7FFA681B8803
-16.432604,27.709852,0,7FB7C50A-30EA-A991-0C04-7FFA681B8803
-14.7580385,26.499216,0,7FB7C50A-30EA-A991-0C04-7FFA681B8803
-14.35786,26.153173,0,7FB7C50A-30EA-A991-0C04-7FFA681B8803
-14.128213,25.936012,0,7FB7C50A-30EA-A991-0C04-7FFA681B8803
47.72004,31.047337,2,7FB7C50A-30EA-A991-0C04-7FFA681B8803
47.395935,31.234144,2,7FB7C50A-30EA-A991-0C04-7FFA681B8803
46.840797,31.535156,2,7FB7C50A-30EA-A991-0C04-7FFA681B8803
45.80052,31.517992,1,7FB7C50A-30EA-A991-0C04-7FFA681B8803
36.297638,26.019444,0,7FB7C50A-30EA-A991-0C04-7FFA681B8803
36.125633,25.955288,0,7FB7C50A-30EA-A991-0C04-7FFA681B8803
-53.761314,10.114584,0,7FB7C50A-30EA-A991-0C04-7FFA681B8803
-53.71591,10.5789,0,7FB7C50A-30EA-A991-0C04-7FFA681B8803
-53.770245,10.965006,0,7FB7C50A-30EA-A991-0C04-7FFA681B8803
-47.996845,27.60402,0,7FB7C50A-30EA-A991-0C04-7FFA681B8803
-48.430023,27.894268,1,7FB7C50A-30EA-A991-0C04-7FFA681B8803
-48.574043,28.161057,1,7FB7C50A-30EA-A991-0C04-7FFA681B8803
54.269547,5.2688184,2,7FB7C50A-30EA-A991-0C04-7FFA681B8803
54.16572,6.109498,2,7FB7C50A-30EA-A991-0C04-7FFA681B8803
54.137836,6.395487,2,7FB7C50A-30EA-A991-0C04-7FFA681B8803
-17.003052,62.146896,2,8322EDEF-4C09-318A-1B7E-56D62A6839AD
-17.261684,61.083897,2,8322EDEF-4C09-318A-1B7E-56D62A6839AD
-17.528444,60.163105,2,8322EDEF-4C09-318A-1B7E-56D62A6839AD
-18.796736,59.12357,2,8322EDEF-4C09-318A-1B7E-56D62A6839AD
-19.33449,58.72043,0,8322EDEF-4C09-318A-1B7E-56D62A6839AD
-19.495226,58.592815,0,8322EDEF-4C09-318A-1B7E-56D62A6839AD
-11.120132,1.138466,2,8322EDEF-4C09-318A-1B7E-56D62A6839AD
-11.2548485,0.8758556,2,8322EDEF-4C09-318A-1B7E-56D62A6839AD
-11.313451,0.44320866,2,8322EDEF-4C09-318A-1B7E-56D62A6839AD
-12.148884,-2.7559495,2,8322EDEF-4C09-318A-1B7E-56D62A6839AD
-11.758221,-3.401638,2,8322EDEF-4C09-318A-1B7E-56D62A6839AD
-11.7249155,-3.5475612,2,8322EDEF-4C09-318A-1B7E-56D62A6839AD
45.48208,39.784412,1,8322EDEF-4C09-318A-1B7E-56D62A6839AD
39.173588,33.982327,0,8322EDEF-4C09-318A-1B7E-56D62A6839AD
38.73268,33.69693,0,8322EDEF-4C09-318A-1B7E-56D62A6839AD
38.480083,33.58496,0,8322EDEF-4C09-318A-1B7E-56D62A6839AD
44.639786,24.510353,0,8322EDEF-4C09-318A-1B7E-56D62A6839AD
44.628193,24.406548,0,8322EDEF-4C09-318A-1B7E-56D62A6839AD
-21.078585,-6.8865814,1,8322EDEF-4C09-318A-1B7E-56D62A6839AD
-21.07264,-6.914867,1,8322EDEF-4C09-318A-1B7E-56D62A6839AD
-23.276014,-34.452473,1,8322EDEF-4C09-318A-1B7E-56D62A6839AD
-23.069769,-34.28607,1,8322EDEF-4C09-318A-1B7E-56D62A6839AD
-22.15145,-33.594795,1,8322EDEF-4C09-318A-1B7E-56D62A6839AD
-21.950228,-33.384575,1,8322EDEF-4C09-318A-1B7E-56D62A6839AD
-63.919792,19.08007,2,8407F9C4-C295-8C95-C281-584AF2118F84
-64.06451,19.739315,2,8407F9C4-C295-8C95-C281-584AF2118F84
-64.21735,20.677841,0,8407F9C4-C295-8C95-C281-584AF2118F84
-64.264465,21.354393,0,8407F9C4-C295-8C95-C281-584AF2118F84
-65.052246,21.895155,0,8407F9C4-C295-8C95-C281-584AF2118F84
-65.32891,22.290764,0,8407F9C4-C295-8C95-C281-584AF2118F84
-19.361877,-35.897026,2,8407F9C4-C295-8C95-C281-584AF2118F84
-8.603469,-37.291744,2,8407F9C4-C295-8C95-C281-584AF2118F84
-8.058828,-37.493412,2,8407F9C4-C295-8C95-C281-584AF2118F84
-7.235925,-37.731853,2,8407F9C4-C295-8C95-C281-584AF2118F84
-6.575943,-37.90584,0,8407F9C4-C295-8C95-C281-584AF2118F84
-6.2961397,-37.905296,0,8407F9C4-C295-8C95-C281-584AF2118F84
18.453176,16.231977,0,8407F9C4-C295-8C95-C281-584AF2118F84
-42.17592,0.96347934,0,8407F9C4-C295-8C95-C281-584AF2118F84
-42.574852,1.139493,0,8407F9C4-C295-8C95-C281-584AF2118F84
-43.082813,2.522975,0,8407F9C4-C295-8C95-C281-584AF2118F84
-50.01211,15.604344,0,8407F9C4-C295-8C95-C281-584AF2118F84
-50.04738,15.6060915,2,8407F9C4-C295-8C95-C281-584AF2118F84
-50.207394,14.432236,2,8407F9C4-C295-8C95-C281-584AF2118F84
-56.142555,35.76136,2,8407F9C4-C295-8C95-C281-584AF2118F84
-56.195038,35.59227,2,8407F9C4-C295-8C95-C281-584AF2118F84
-56.38208,34.773037,2,8407F9C4-C295-8C95-C281-584AF2118F84
18.394688,-42.445366,1,85748DC9-A6DA-334D-6422-BF69EE06A98C
19.214935,-42.335266,1,85748DC9-A6DA-334D-6422-BF69EE06A98C
20.066525,-42.18508,1,85748DC9-A6DA-334D-6422-BF69EE06A98C
20.831884,-41.76376,1,85748DC9-A6DA-334D-6422-BF69EE06A98C
21.493614,-41.19526,1,85748DC9-A6DA-334D-6422-BF69EE06A98C
21.966604,-40.71734,0,85748DC9-A6DA-334D-6422-BF69EE06A98C
-20.37115,-11.127639,2,85748DC9-A6DA-334D-6422-BF69EE06A98C
-20.399155,-11.119002,2,85748DC9-A6DA-334D-6422-BF69EE06A98C
-14.833279,-23.6456,2,85748DC9-A6DA-334D-6422-BF69EE06A98C
-14.752395,-23.780972,2,85748DC9-A6DA-334D-6422-BF69EE06A98C
-4.715903,-18.932137,1,85748DC9-A6DA-334D-6422-BF69EE06A98C
-4.7165136,-18.900528,1,85748DC9-A6DA-334D-6422-BF69EE06A98C
-17.753479,67.19051,2,8690E8B6-9B41-5F0E-C518-8F2D028C6690
1.5851704,57.004066,2,8690E8B6-9B41-5F0E-C518-8F2D028C6690
0.6765206,56.680767,2,8690E8B6-9B41-5F0E-C518-8F2D028C6690
0.41813782,56.36586,2,8690E8B6-9B41-5F0E-C518-8F2D028C6690
0.3994513,55.77706,2,8690E8B6-9B41-5F0E-C518-8F2D028C6690
-1.7778735,48.02203,2,8690E8B6-9B41-5F0E-C518-8F2D028C6690
-1.8433408,47.810936,2,8690E8B6-9B41-5F0E-C518-8F2D028C6690
1.0799034,22.985243,2,8690E8B6-9B41-5F0E-C518-8F2D028C6690
1.2244346,22.29253,2,8690E8B6-9B41-5F0E-C518-8F2D028C6690
1.2469327,21.364967,2,8690E8B6-9B41-5F0E-C518-8F2D028C6690
0.8900165,20.890026,2,8690E8B6-9B41-5F0E-C518-8F2D028C6690
0.03968943,20.41285,0,8690E8B6-9B41-5F0E-C518-8F2D028C6690
-27.241415,-24.272993,2,8690E8B6-9B41-5F0E-C518-8F2D028C6690
-10.413784,-72.755516,2,8690E8B6-9B41-5F0E-C518-8F2D028C6690
-10.243864,-72.64172,2,8690E8B6-9B41-5F0E-C518-8F2D028C6690
-9.800109,-72.32469,2,8690E8B6-9B41-5F0E-C518-8F2D028C6690
-9.371229,-72.00543,2,8690E8B6-9B41-5F0E-C518-8F2D028C6690
6.550253,-43.183064,2,8690E8B6-9B41-5F0E-C518-8F2D028C6690
6.851028,-43.311695,2,8690E8B6-9B41-5F0E-C518-8F2D028C6690
7.7958345,-43.882584,2,8690E8B6-9B41-5F0E-C518-8F2D028C6690
8.335648,-44.20196,2,8690E8B6-9B41-5F0E-C518-8F2D028C6690
9.140883,-44.585236,2,8690E8B6-9B41-5F0E-C518-8F2D028C6690
23.773222,-49.782944,2,8690E8B6-9B41-5F0E-C518-8F2D028C6690
23.905664,-50.0484,2,8690E8B6-9B41-5F0E-C518-8F2D028C6690
31.868246,14.737481,2,8690E8B6-9B41-5F0E-C518-8F2D028C6690
31.069859,15.2303505,2,8690E8B6-9B41-5F0E-C518-8F2D028C6690
30.525974,15.573578,2,8690E8B6-9B41-5F0E-C518-8F2D028C6690
29.313639,16.848822,2,8690E8B6-9B41-5F0E-C518-8F2D028C6690
28.59049,17.162643,2,8690E8B6-9B41-5F0E-C518-8F2D028C6690
27.678782,16.835003,0,8690E8B6-9B41-5F0E-C518-8F2D028C6690
-4.435178,37.22492,2,8690E8B6-9B41-5F0E-C518-8F2D028C6690
-4.4058466,36.491844,2,8690E8B6-9B41-5F0E-C518-8F2D028C6690
-4.410603,36.082638,2,8690E8B6-9B41-5F0E-C518-8F2D028C6690
-0.9425605,25.371328,2,8690E8B6-9B41-5F0E-C518-8F2D028C6690
-0.97795767,25.294771,2,8690E8B6-9B41-5F0E-C518-8F2D028C6690
0.6327743,31.116184,0,8690E8B6-9B41-5F0E-C518-8F2D028C6690
10.112211,-41.490166,0,8690E8B6-9B41-5F0E-C518-8F2D028C6690
10.454219,-41.559074,0,8690E8B6-9B41-5F0E-C518-8F2D028C6690
11.126331,-41.721096,0,8690E8B6-9B41-5F0E-C518-8F2D028C6690
12.093413,-41.956722,0,8690E8B6-9B41-5F0E-C518-8F2D028C6690
12.800777,-42.162045,0,8690E8B6-9B41-5F0E-C518-8F2D028C6690
13.852058,-42.119347,0,8690E8B6-9B41-5F0E-C518-8F2D028C6690
-4.9478173,62.83791,2,874A6B13-C999-C802-1138-FA198591D897
-4.1964965,63.081356,2,874A6B13-C999-C802-1138-FA198591D897
-4.133926,63.03216,2,874A6B13-C999-C802-1138-FA198591D897
6.4391713,63.978363,2,874A6B13-C999-C802-1138-FA198591D897
6.6594014,63.79484,0,874A6B13-C999-C802-1138-FA198591D897
6.9061875,63.55757,0,874A6B13-C999-C802-1138-FA198591D897
25.20968,-43.464123,2,874A6B13-C999-C802-1138-FA198591D897
25.314016,-43.19099,2,874A6B13-C999-C802-1138-FA198591D897
25.717829,-42.218227,2,874A6B13-C999-C802-1138-FA198591D897
25.915901,-41.860233,2,874A6B13-C999-C802-1138-FA198591D897
31.69388,-34.937664,0,874A6B13-C999-C802-1138-FA198591D897
31.826267,-34.831165,0,874A6B13-C999-C802-1138-FA198591D897
14.731522,8.867319,1,874A6B13-C999-C802-1138-FA198591D897
14.461045,8.795371,1,874A6B13-C999-C802-1138-FA198591D897
-33.65448,7.4705114,1,874A6B13-C999-C802-1138-FA198591D897
-33.785812,7.3213553,1,874A6B13-C999-C802-1138-FA198591D897
-34.17134,6.6863074,0,874A6B13-C999-C802-1138-FA198591D897
-34.377018,6.257634,0,874A6B13-C999-C802-1138-FA198591D897
-42.087948,38.205574,0,874A6B13-C999-C802-1138-FA198591D897
-41.70697,38.325855,0,874A6B13-C999-C802-1138-FA198591D897
-39.153908,38.785576,1,874A6B13-C999-C802-1138-FA198591D897
-38.522217,38.978424,1,874A6B13-C999-C802-1138-FA198591D897
-37.761856,39.19931,1,874A6B13-C999-C802-1138-FA198591D897
-37.292294,39.301548,1,874A6B13-C999-C802-1138-FA198591D897
-7.9999204,-24.473928,0,874A6B13-C999-C802-1138-FA198591D897
-8.047928,-24.464537,0,874A6B13-C999-C802-1138-FA198591D897
-17.392046,-23.363241,0,874A6B13-C999-C802-1138-FA198591D897
-17.373562,-24.121292,0,874A6B13-C999-C802-1138-FA198591D897
-17.408049,-24.924112,0,874A6B13-C999-C802-1138-FA198591D897
-17.321814,-25.365076,0,874A6B13-C999-C802-1138-FA198591D897
38.784042,22.177618,0,8DD09016-F898-915E-4A5C-727F57619D73
37.906986,22.346594,0,8DD09016-F898-915E-4A5C-727F57619D73
32.564487,26.232492,0,8DD09016-F898-915E-4A5C-727F57619D73
32.29764,26.561804,0,8DD09016-F898-915E-4A5C-727F57619D73
21.124247,23.2835,0,8DD09016-F898-915E-4A5C-727F57619D73
21.123255,23.328205,0,8DD09016-F898-915E-4A5C-727F57619D73
42.12812,7.9698277,0,8DD09016-F898-915E-4A5C-727F57619D73
42.004105,7.9306307,0,8DD09016-F898-915E-4A5C-727F57619D73
13.211256,4.410467,0,8DD09016-F898-915E-4A5C-727F57619D73
12.788165,4.5873017,0,8DD09016-F898-915E-4A5C-727F57619D73
12.312412,4.8500037,0,8DD09016-F898-915E-4A5C-727F57619D73
-36.062374,-0.676426,0,8DD09016-F898-915E-4A5C-727F57619D73
-16.69793,15.134193,0,9268F759-54B0-96CC-C0F5-9D8DBAA12073
-1.3215365,17.503563,1,9268F759-54B0-96CC-C0F5-9D8DBAA12073
-1.579095,17.19358,1,9268F759-54B0-96CC-C0F5-9D8DBAA12073
-1.7178904,17.0531,1,9268F759-54B0-96CC-C0F5-9D8DBAA12073
-2.8177986,16.080778,2,9268F759-54B0-96CC-C0F5-9D8DBAA12073
-3.322374,15.718088,2,9268F759-54B0-96CC-C0F5-9D8DBAA12073
-26.675303,-23.645153,2,9268F759-54B0-96CC-C0F5-9D8DBAA12073
-16.839321,-38.118187,2,9268F759-54B0-96CC-C0F5-9D8DBAA12073
-16.68876,-38.777008,2,9268F759-54B0-96CC-C0F5-9D8DBAA12073
-16.409006,-39.36425,2,9268F759-54B0-96CC-C0F5-9D8DBAA12073
2.8432791,-46.239517,2,9268F759-54B0-96CC-C0F5-9D8DBAA12073
3.504452,-46.49082,2,9268F759-54B0-96CC-C0F5-9D8DBAA12073
4.5159435,-46.53264,2,9268F759-54B0-96CC-C0F5-9D8DBAA12073
5.002794,-46.60163,2,9268F759-54B0-96CC-C0F5-9D8DBAA12073
5.4845896,-46.737,0,9268F759-54B0-96CC-C0F5-9D8DBAA12073
11.990697,-61.445786,0,9268F759-54B0-96CC-C0F5-9D8DBAA12073
12.044354,-61.144974,0,9268F759-54B0-96CC-C0F5-9D8DBAA12073
12.160405,-60.415688,0,9268F759-54B0-96CC-C0F5-9D8DBAA12073
45.80278,48.540615,1,9268F759-54B0-96CC-C0F5-9D8DBAA12073
45.923237,48.648422,1,9268F759-54B0-96CC-C0F5-9D8DBAA12073
45.954063,48.672432,1,9268F759-54B0-96CC-C0F5-9D8DBAA12073
-35.420994,-30.634367,2,94AA1B20-A5D9-F2B4-FD96-2F20A00FAE89
-34.81935,-30.233707,2,94AA1B20-A5D9-F2B4-FD96-2F20A00FAE89
-34.239662,-30.083437,2,94AA1B20-A5D9-F2B4-FD96-2F20A00FAE89
-26.11384,-31.072012,0,94AA1B20-A5D9-F2B4-FD96-2F20A00FAE89
-26.388073,-30.975597,0,94AA1B20-A5D9-F2B4-FD96-2F20A00FAE89
-25.23772,-31.181965,0,94AA1B20-A5D9-F2B4-FD96-2F20A00FAE89
40.243584,-49.05536,2,94AA1B20-A5D9-F2B4-FD96-2F20A00FAE89
40.40819,-48.470516,2,94AA1B20-A5D9-F2B4-FD96-2F20A00FAE89
40.811615,-47.209263,0,94AA1B20-A5D9-F2B4-FD96-2F20A00FAE89
40.982456,-46.740055,0,94AA1B20-A5D9-F2B4-FD96-2F20A00FAE89
41.465984,-46.233807,0,94AA1B20-A5D9-F2B4-FD96-2F20A00FAE89
52.766937,-20.891336,0,94AA1B20-A5D9-F2B4-FD96-2F20A00FAE89
-15.92177,36.41371,2,94AA1B20-A5D9-F2B4-FD96-2F20A00FAE89
-15.912415,36.231224,2,94AA1B20-A5D9-F2B4-FD96-2F20A00FAE89
-15.598951,35.264946,2,94AA1B20-A5D9-F2B4-FD96-2F20A00FAE89
-15.084194,34.838585,2,94AA1B20-A5D9-F2B4-FD96-2F20A00FAE89
-10.944078,34.08189,0,94AA1B20-A5D9-F2B4-FD96-2F20A00FAE89
-10.876626,34.0235,0,94AA1B20-A5D9-F2B4-FD96-2F20A00FAE89
-28.133116,-28.323301,2,96B78431-4166-E4D3-2AA2-15BE2512E1D6
-28.167513,-28.689552,2,96B78431-4166-E4D3-2AA2-15BE2512E1D6
-28.389284,-29.37158,2,96B78431-4166-E4D3-2AA2-15BE2512E1D6
-28.738268,-30.391628,2,96B78431-4166-E4D3-2AA2-15BE2512E1D6
-3.6820364,-47.446426,1,96B78431-4166-E4D3-2AA2-15BE2512E1D6
-3.4114952,-47.603172,1,96B78431-4166-E4D3-2AA2-15BE2512E1D6
34.3594,1.1804664,2,96B78431-4166-E4D3-2AA2-15BE2512E1D6
33.803772,1.0531509,2,96B78431-4166-E4D3-2AA2-15BE2512E1D6
33.31973,0.948021,2,96B78431-4166-E4D3-2AA2-15BE2512E1D6
32.6665,1.0191894,2,96B78431-4166-E4D3-2AA2-15BE2512E1D6
32.20563,1.2018319,2,96B78431-4166-E4D3-2AA2-15BE2512E1D6
56.50461,29.130821,2,96B78431-4166-E4D3-2AA2-15BE2512E1D6
55.37405,29.08124,2,96B78431-4166-E4D3-2AA2-15BE2512E1D6
54.452686,29.17029,2,96B78431-4166-E4D3-2AA2-15BE2512E1D6
51.033115,30.03233,2,96B78431-4166-E4D3-2AA2-15BE2512E1D6
50.542587,30.736185,2,96B78431-4166-E4D3-2AA2-15BE2512E1D6
50.321323,31.02083,2,96B78431-4166-E4D3-2AA2-15BE2512E1D6
50.017044,31.583376,2,96B78431-4166-E4D3-2AA2-15BE2512E1D6
-50.216846,27.427437,1,96B78431-4166-E4D3-2AA2-15BE2512E1D6
-50.532284,27.611418,1,96B78431-4166-E4D3-2AA2-15BE2512E1D6
-50.305607,32.21839,1,96B78431-4166-E4D3-2AA2-15BE2512E1D6
-49.96688,32.755882,1,96B78431-4166-E4D3-2AA2-15BE2512E1D6
-49.731342,33.428276,2,96B78431-4166-E4D3-2AA2-15BE2512E1D6
-48.96541,34.081196,2,96B78431-4166-E4D3-2AA2-15BE2512E1D6
-29.45793,40.29189,0,96B78431-4166-E4D3-2AA2-15BE2512E1D6
-29.617523,40.328552,0,96B78431-4166-E4D3-2AA2-15BE2512E1D6
-29.899624,40.038177,1,96B78431-4166-E4D3-2AA2-15BE2512E1D6
-30.549158,39.40859,1,96B78431-4166-E4D3-2AA2-15BE2512E1D6
-31.477959,37.82221,1,96B78431-4166-E4D3-2AA2-15BE2512E1D6
-31.560514,37.70866,1,96B78431-4166-E4D3-2AA2-15BE2512E1D6
7.5891676,37.72847,2,99827717-1B21-7ECC-CAD1-99489F7E19EA
8.141534,37.18456,2,99827717-1B21-7ECC-CAD1-99489F7E19EA
8.63385,37.144917,2,99827717-1B21-7ECC-CAD1-99489F7E19EA
10.136278,37.123783,2,99827717-1B21-7ECC-CAD1-99489F7E19EA
10.440465,37.115665,2,99827717-1B21-7ECC-CAD1-99489F7E19EA
-23.242434,-2.5785432,2,99827717-1B21-7ECC-CAD1-99489F7E19EA
10.446734,-46.411983,2,99827717-1B21-7ECC-CAD1-99489F7E19EA
10.881751,-46.56053,2,99827717-1B21-7ECC-CAD1-99489F7E19EA
11.870911,-47.12169,2,99827717-1B21-7ECC-CAD1-99489F7E19EA
12.214927,-47.194164,2,99827717-1B21-7ECC-CAD1-99489F7E19EA
24.69234,-50.41055,2,99827717-1B21-7ECC-CAD1-99489F7E19EA
28.64239,-52.411896,1,99827717-1B21-7ECC-CAD1-99489F7E19EA
46.326015,14.3791685,1,99827717-1B21-7ECC-CAD1-99489F7E19EA
45.8047,14.471175,0,99827717-1B21-7ECC-CAD1-99489F7E19EA
45.08325,14.591152,0,99827717-1B21-7ECC-CAD1-99489F7E19EA
44.273834,14.6283245,0,99827717-1B21-7ECC-CAD1-99489F7E19EA
37.397263,12.20392,0,99827717-1B21-7ECC-CAD1-99489F7E19EA
37.24753,12.14975,0,99827717-1B21-7ECC-CAD1-99489F7E19EA
-23.010946,53.02322,2,99C0C5AE-01AD-1BB2-A36B-74B166CB26BA
-23.082148,52.910225,2,99C0C5AE-01AD-1BB2-A36B-74B166CB26BA
-24.191656,51.683636,2,99C0C5AE-01AD-1BB2-A36B-74B166CB26BA
-24.768974,50.515984,2,99C0C5AE-01AD-1BB2-A36B-74B166CB26BA
-24.926826,49.99376,2,99C0C5AE-01AD-1BB2-A36B-74B166CB26BA
-25.014872,49.674385,2,99C0C5AE-01AD-1BB2-A36B-74B166CB26BA
-17.670599,11.148921,2,99C0C5AE-01AD-1BB2-A36B-74B166CB26BA
-17.576363,11.052052,2,99C0C5AE-01AD-1BB2-A36B-74B166CB26BA
-16.546938,9.599939,2,99C0C5AE-01AD-1BB2-A36B-74B166CB26BA
-16.269651,9.054148,2,99C0C5AE-01AD-1BB2-A36B-74B166CB26BA
-16.17707,8.543047,2,99C0C5AE-01AD-1BB2-A36B-74B166CB26BA
-16.28163,7.8317895,2,99C0C5AE-01AD-1BB2-A36B-74B166CB26BA
-1.0585941,-5.5225697,2,99C0C5AE-01AD-1BB2-A36B-74B166CB26BA
-1.3205813,-5.470496,2,99C0C5AE-01AD-1BB2-A36B-74B166CB26BA
-1.7467614,-5.2078137,2,99C0C5AE-01AD-1BB2-A36B-74B166CB26BA
-3.2266512,-3.740451,2,99C0C5AE-01AD-1BB2-A36B-74B166CB26BA
-3.2825186,-3.6969576,2,99C0C5AE-01AD-1BB2-A36B-74B166CB26BA
-24.92401,16.093475,2,99C0C5AE-01AD-1BB2-A36B-74B166CB26BA
23.802174,-29.329353,2,99C0C5AE-01AD-1BB2-A36B-74B166CB26BA
23.74192,-28.96249,2,99C0C5AE-01AD-1BB2-A36B-74B166CB26BA
23.550928,-28.18402,2,99C0C5AE-01AD-1BB2-A36B-74B166CB26BA
27.157173,-20.67386,2,99C0C5AE-01AD-1BB2-A36B-74B166CB26BA
27.392313,-20.134363,2,99C0C5AE-01AD-1BB2-A36B-74B166CB26BA
27.507504,-19.843454,2,99C0C5AE-01AD-1BB2-A36B-74B166CB26BA
-43.217037,21.145422,2,99C0C5AE-01AD-1BB2-A36B-74B166CB26BA
-42.556652,21.846478,2,99C0C5AE-01AD-1BB2-A36B-74B166CB26BA
-42.396156,21.980007,2,99C0C5AE-01AD-1BB2-A36B-74B166CB26BA
-13.771511,64.480545,2,9A80CFF4-085D-6435-BA08-18E6496A8381
-3.8117943,59.2202,2,9A80CFF4-085D-6435-BA08-18E6496A8381
-3.1094012,58.8855,0,9A80CFF4-085D-6435-BA08-18E6496A8381
-2.8850064,58.689472,0,9A80CFF4-085D-6435-BA08-18E6496A8381
-3.3959758,52.257923,0,9A80CFF4-085D-6435-BA08-18E6496A8381
-3.4940472,51.27757,2,9A80CFF4-085D-6435-BA08-18E6496A8381
18.924856,-56.69841,1,9A80CFF4-085D-6435-BA08-18E6496A8381
19.24983,-56.27233,2,9A80CFF4-085D-6435-BA08-18E6496A8381
19.810764,-55.651005,2,9A80CFF4-085D-6435-BA08-18E6496A8381
20.340252,-54.836166,2,9A80CFF4-085D-6435-BA08-18E6496A8381
42.022015,-49.129604,2,9A80CFF4-085D-6435-BA08-18E6496A8381
43.215122,-48.842422,2,9A80CFF4-085D-6435-BA08-18E6496A8381
29.89182,-33.601818,0,9A80CFF4-085D-6435-BA08-18E6496A8381
31.097511,-32.96122,0,9A80CFF4-085D-6435-BA08-18E6496A8381
36.655746,-29.341072,0,9A80CFF4-085D-6435-BA08-18E6496A8381
45.184265,-28.015905,0,9A80CFF4-085D-6435-BA08-18E6496A8381
46.558537,-27.185482,0,9A80CFF4-085D-6435-BA08-18E6496A8381
47.12992,-26.90978,0,9A80CFF4-085D-6435-BA08-18E6496A8381
42.120247,-42.83937,2,9C694EBE-9421-F45A-ED92-F521991A6A52
42.231518,-42.63389,2,9C694EBE-9421-F45A-ED92-F521991A6A52
53.259003,-13.889344,0,9C694EBE-9421-F45A-ED92-F521991A6A52
53.273636,-13.772944,0,9C694EBE-9421-F45A-ED92-F521991A6A52
51.641773,-7.166606,0,9C694EBE-9421-F45A-ED92-F521991A6A52
46.881012,8.223005,0,9C694EBE-9421-F45A-ED92-F521991A6A52
-38.635735,49.939686,2,9C694EBE-9421-F45A-ED92-F521991A6A52
-38.561256,49.981762,2,9C694EBE-9421-F45A-ED92-F521991A6A52
-6.9836826,42.43198,2,9C694EBE-9421-F45A-ED92-F521991A6A52
-6.424103,42.475677,2,9C694EBE-9421-F45A-ED92-F521991A6A52
-4.976642,42.50986,2,9C694EBE-9421-F45A-ED92-F521991A6A52
-4.7718287,42.459366,2,9C694EBE-9421-F45A-ED92-F521991A6A52
-1.5914515,-31.625246,0,9C694EBE-9421-F45A-ED92-F521991A6A52
-1.4850053,-31.68376,0,9C694EBE-9421-F45A-ED92-F521991A6A52
0.72274107,-32.052498,0,9C694EBE-9421-F45A-ED92-F521991A6A52
1.0524381,-32.357437,0,9C694EBE-9421-F45A-ED92-F521991A6A52
1.9211583,-33.08883,0,9C694EBE-9421-F45A-ED92-F521991A6A52
2.0552514,-33.289566,0,9C694EBE-9421-F45A-ED92-F521991A6A52
39.35283,11.367089,0,9C694EBE-9421-F45A-ED92-F521991A6A52
38.84579,11.335552,2,9C694EBE-9421-F45A-ED92-F521991A6A52
37.59529,10.550341,2,9C694EBE-9421-F45A-ED92-F521991A6A52
37.29137,10.258734,2,9C694EBE-9421-F45A-ED92-F521991A6A52
11.604507,7.470263,2,9C694EBE-9421-F45A-ED92-F521991A6A52
11.508021,7.5641108,2,9C694EBE-9421-F45A-ED92-F521991A6A52
-34.192966,3.3029962,2,9C694EBE-9421-F45A-ED92-F521991A6A52
-34.359917,3.2010307,2,9C694EBE-9421-F45A-ED92-F521991A6A52
-34.464317,2.262882,0,9C694EBE-9421-F45A-ED92-F521991A6A52
-34.916004,1.6232307,0,9C694EBE-9421-F45A-ED92-F521991A6A52
-35.69132,1.2939667,0,9C694EBE-9421-F45A-ED92-F521991A6A52
-38.611824,3.930799,0,9C694EBE-9421-F45A-ED92-F521991A6A52
5.9256296,34.595345,2,9E6EBCE2-44FB-8F07-4135-E91140B34096
6.0799346,34.039158,2,9E6EBCE2-44FB-8F07-4135-E91140B34096
6.677664,32.74457,2,9E6EBCE2-44FB-8F07-4135-E91140B34096
6.8147335,32.20907,2,9E6EBCE2-44FB-8F07-4135-E91140B34096
7.1828074,31.71245,2,9E6EBCE2-44FB-8F07-4135-E91140B34096
1.7885653,7.4271865,2,9E6EBCE2-44FB-8F07-4135-E91140B34096
-35.232952,-1.6763685,2,9E6EBCE2-44FB-8F07-4135-E91140B34096
-39.322586,-0.7711766,2,9E6EBCE2-44FB-8F07-4135-E91140B34096
-45.84452,3.0806954,2,9E6EBCE2-44FB-8F07-4135-E91140B34096
-46.260002,3.273934,1,9E6EBCE2-44FB-8F07-4135-E91140B34096
-47.190872,3.8666003,1,9E6EBCE2-44FB-8F07-4135-E91140B34096
-48.888374,4.2489986,1,9E6EBCE2-44FB-8F07-4135-E91140B34096
-6.23372,-45.765236,2,9E6EBCE2-44FB-8F07-4135-E91140B34096
-5.769573,-45.71844,2,9E6EBCE2-44FB-8F07-4135-E91140B34096
-5.1600633,-45.229958,2,9E6EBCE2-44FB-8F07-4135-E91140B34096
-4.79098,-44.068596,1,9E6EBCE2-44FB-8F07-4135-E91140B34096
3.1963031,-45.02035,1,9E6EBCE2-44FB-8F07-4135-E91140B34096
8.117203,-47.063232,2,9E6EBCE2-44FB-8F07-4135-E91140B34096
-3.9172928,-56.305294,0,A135AF2A-692D-9C83-AB54-34F977E4D14D
-3.7368138,-56.46721,0,A135AF2A-692D-9C83-AB54-34F977E4D14D
-2.8763845,-57.284805,0,A135AF2A-692D-9C83-AB54-34F977E4D14D
-2.5435255,-57.6509,0,A135AF2A-692D-9C83-AB54-34F977E4D14D
-0.13476041,-58.67295,2,A135AF2A-692D-9C83-AB54-34F977E4D14D
-0.052882034,-58.55694,2,A135AF2A-692D-9C83-AB54-34F977E4D14D
34.840145,-14.043552,2,A135AF2A-692D-9C83-AB54-34F977E4D14D
34.093277,-12.93418,2,A135AF2A-692D-9C83-AB54-34F977E4D14D
33.76809,-12.590848,2,A135AF2A-692D-9C83-AB54-34F977E4D14D
33.467415,-12.221763,2,A135AF2A-692D-9C83-AB54-34F977E4D14D
32.915226,-11.393076,2,A135AF2A-692D-9C83-AB54-34F977E4D14D
32.917297,-10.885402,2,A135AF2A-692D-9C83-AB54-34F977E4D14D
-16.086634,-28.585957,2,A135AF2A-692D-9C83-AB54-34F977E4D14D
-15.761128,-28.266306,2,A135AF2A-692D-9C83-AB54-34F977E4D14D
-15.320117,-27.884453,2,A135AF2A-692D-9C83-AB54-34F977E4D14D
-12.799196,-7.903858,0,A43E8D46-F136-DB41-3E16-F9F161DBA1D6
-12.838916,-7.9283,0,A43E8D46-F136-DB41-3E16-F9F161DBA1D6
-28.511824,-33.807293,0,A43E8D46-F136-DB41-3E16-F9F161DBA1D6
-28.43627,-33.907436,0,A43E8D46-F136-DB41-3E16-F9F161DBA1D6
-27.747356,-34.162468,1,A43E8D46-F136-DB41-3E16-F9F161DBA1D6
-26.959127,-34.820015,1,A43E8D46-F136-DB41-3E16-F9F161DBA1D6
57.97303,-4.783961,0,A43E8D46-F136-DB41-3E16-F9F161DBA1D6
57.962097,-4.723545,0,A43E8D46-F136-DB41-3E16-F9F161DBA1D6
58.217552,9.454692,0,A43E8D46-F136-DB41-3E16-F9F161DBA1D6
58.112705,9.693971,0,A43E8D46-F136-DB41-3E16-F9F161DBA1D6
57.789288,10.370832,0,A43E8D46-F136-DB41-3E16-F9F161DBA1D6
50.504364,21.583464,0,A43E8D46-F136-DB41-3E16-F9F161DBA1D6
50.237537,21.801785,0,A43E8D46-F136-DB41-3E16-F9F161DBA1D6
49.250587,22.870611,0,A43E8D46-F136-DB41-3E16-F9F161DBA1D6
48.846436,23.388567,0,A43E8D46-F136-DB41-3E16-F9F161DBA1D6
48.593323,23.666008,1,A43E8D46-F136-DB41-3E16-F9F161DBA1D6
47.11959,24.860712,1,A43E8D46-F136-DB41-3E16-F9F161DBA1D6
46.698986,25.071918,1,A43E8D46-F136-DB41-3E16-F9F161DBA1D6
-18.511053,21.713554,2,A43E8D46-F136-DB41-3E16-F9F161DBA1D6
-17.480442,21.314863,2,A43E8D46-F136-DB41-3E16-F9F161DBA1D6
-17.334827,21.238173,1,A43E8D46-F136-DB41-3E16-F9F161DBA1D6
34.81876,-51.833576,2,A7C426E7-344F-99F4-6E35-453AF3AD9C2C
34.867893,-51.792362,2,A7C426E7-344F-99F4-6E35-453AF3AD9C2C
43.074673,-44.7132,2,A7C426E7-344F-99F4-6E35-453AF3AD9C2C
43.399803,-44.209133,2,A7C426E7-344F-99F4-6E35-453AF3AD9C2C
44.166573,-43.57401,1,A7C426E7-344F-99F4-6E35-453AF3AD9C2C
44.461456,-42.83917,1,A7C426E7-344F-99F4-6E35-453AF3AD9C2C
-68.239746,6.730719,1,A7C426E7-344F-99F4-6E35-453AF3AD9C2C
-68.30118,7.162158,1,A7C426E7-344F-99F4-6E35-453AF3AD9C2C
-68.32229,7.4806933,1,A7C426E7-344F-99F4-6E35-453AF3AD9C2C
-62.959843,24.60794,1,A7C426E7-344F-99F4-6E35-453AF3AD9C2C
-63.112698,25.225676,1,A7C426E7-344F-99F4-6E35-453AF3AD9C2C
-64.4498,27.323715,1,A7C426E7-344F-99F4-6E35-453AF3AD9C2C
-64.54462,27.605581,1,A7C426E7-344F-99F4-6E35-453AF3AD9C2C
-64.5131,28.255074,1,A7C426E7-344F-99F4-6E35-453AF3AD9C2C
-12.528234,42.377262,1,A7C426E7-344F-99F4-6E35-453AF3AD9C2C
-11.79801,42.015507,2,A7C426E7-344F-99F4-6E35-453AF3AD9C2C
-10.60721,41.43809,2,A7C426E7-344F-99F4-6E35-453AF3AD9C2C
-9.739352,41.04411,2,A7C426E7-344F-99F4-6E35-453AF3AD9C2C
-8.53669,40.140728,2,A7C426E7-344F-99F4-6E35-453AF3AD9C2C
-8.336709,39.61899,2,A7C426E7-344F-99F4-6E35-453AF3AD9C2C
-8.705215,38.108433,2,A7C426E7-344F-99F4-6E35-453AF3AD9C2C
10.934104,27.222708,2,A7C426E7-344F-99F4-6E35-453AF3AD9C2C
11.251243,26.721567,2,A7C426E7-344F-99F4-6E35-453AF3AD9C2C
11.362321,26.53264,2,A7C426E7-344F-99F4-6E35-453AF3AD9C2C
37.045902,-36.06262,1,A7C426E7-344F-99F4-6E35-453AF3AD9C2C
37.414345,-35.411674,1,A7C426E7-344F-99F4-6E35-453AF3AD9C2C
37.72856,-35.016464,1,A7C426E7-344F-99F4-6E35-453AF3AD9C2C
47.342327,-23.279348,2,A7C426E7-344F-99F4-6E35-453AF3AD9C2C
47.397587,-22.925991,2,A7C426E7-344F-99F4-6E35-453AF3AD9C2C
53.510555,-9.709963,2,A7C426E7-344F-99F4-6E35-453AF3AD9C2C
52.84919,-5.8721533,2,A7C426E7-344F-99F4-6E35-453AF3AD9C2C
52.853996,-5.4856277,2,A7C426E7-344F-99F4-6E35-453AF3AD9C2C
50.71577,3.8272061,2,A7C426E7-344F-99F4-6E35-453AF3AD9C2C
49.995068,4.7840004,2,A7C426E7-344F-99F4-6E35-453AF3AD9C2C
49.803474,5.0516386,2,A7C426E7-344F-99F4-6E35-453AF3AD9C2C
34.74385,19.012037,2,A7C426E7-344F-99F4-6E35-453AF3AD9C2C
-51.521408,3.6120062,1,A7C426E7-344F-99F4-6E35-453AF3AD9C2C
-51.164314,3.6881588,1,A7C426E7-344F-99F4-6E35-453AF3AD9C2C
-50.45845,3.937949,1,A7C426E7-344F-99F4-6E35-453AF3AD9C2C
-56.85826,20.833555,1,A7C426E7-344F-99F4-6E35-453AF3AD9C2C
-56.814243,21.220093,1,A7C426E7-344F-99F4-6E35-453AF3AD9C2C
-56.17211,22.258978,0,A7C426E7-344F-99F4-6E35-453AF3AD9C2C
-41.80127,35.224434,0,AB9921A8-F143-E101-6A47-E66882F571B2
-41.442387,35.448845,0,AB9921A8-F143-E101-6A47-E66882F571B2
-40.841625,35.815678,0,AB9921A8-F143-E101-6A47-E66882F571B2
-21.661055,39.24713,0,AB9921A8-F143-E101-6A47-E66882F571B2
-21.643581,38.927677,0,AB9921A8-F143-E101-6A47-E66882F571B2
-21.933565,38.336758,1,AB9921A8-F143-E101-6A47-E66882F571B2
-14.100589,-20.539076,1,AB9921A8-F143-E101-6A47-E66882F571B2
-14.155529,-20.914175,1,AB9921A8-F143-E101-6A47-E66882F571B2
-13.314131,-29.784828,1,AB9921A8-F143-E101-6A47-E66882F571B2
-13.333562,-30.48255,1,AB9921A8-F143-E101-6A47-E66882F571B2
-13.1677265,-31.229992,1,AB9921A8-F143-E101-6A47-E66882F571B2
-13.064609,-31.567972,1,AB9921A8-F143-E101-6A47-E66882F571B2
-38.97327,60.167927,0,B06410CC-D778-33B2-B1FD-A828EE4AF413
-38.999493,60.20028,0,B06410CC-D778-33B2-B1FD-A828EE4AF413
-37.985126,58.898075,0,B06410CC-D778-33B2-B1FD-A828EE4AF413
-37.94376,58.87303,0,B06410CC-D778-33B2-B1FD-A828EE4AF413
-36.780373,57.68646,0,B06410CC-D778-33B2-B1FD-A828EE4AF413
-36.516617,57.377625,0,B06410CC-D778-33B2-B1FD-A828EE4AF413
-25.168325,28.275482,2,B06410CC-D778-33B2-B1FD-A828EE4AF413
-25.006361,28.138363,2,B06410CC-D778-33B2-B1FD-A828EE4AF413
-23.73833,27.477222,2,B06410CC-D778-33B2-B1FD-A828EE4AF413
-22.97086,26.716278,2,B06410CC-D778-33B2-B1FD-A828EE4AF413
-22.575603,26.007927,2,B06410CC-D778-33B2-B1FD-A828EE4AF413
-22.27858,25.094395,2,B06410CC-D778-33B2-B1FD-A828EE4AF413
-24.39779,21.965458,1,B06410CC-D778-33B2-B1FD-A828EE4AF413
-25.362677,21.962381,1,B06410CC-D778-33B2-B1FD-A828EE4AF413
-25.838095,22.084843,1,B06410CC-D778-33B2-B1FD-A828EE4AF413
-26.61122,22.67207,1,B06410CC-D778-33B2-B1FD-A828EE4AF413
-32.063107,25.486263,1,B06410CC-D778-33B2-B1FD-A828EE4AF413
-32.069813,25.478786,1,B06410CC-D778-33B2-B1FD-A828EE4AF413
-20.002737,49.541294,2,B06410CC-D778-33B2-B1FD-A828EE4AF413
-19.177893,49.353943,2,B06410CC-D778-33B2-B1FD-A828EE4AF413
-19.003084,49.293514,1,B06410CC-D778-33B2-B1FD-A828EE4AF413
-18.10917,69.028725,2,B0AAFE06-91C2-2C6D-4547-7508BB719E45
6.4583764,52.70918,2,B0AAFE06-91C2-2C6D-4547-7508BB719E45
6.4403296,52.411255,2,B0AAFE06-91C2-2C6D-4547-7508BB719E45
6.506228,51.28469,2,B0AAFE06-91C2-2C6D-4547-7508BB719E45
6.550831,50.338135,2,B0AAFE06-91C2-2C6D-4547-7508BB719E45
6.621389,49.523678,2,B0AAFE06-91C2-2C6D-4547-7508BB719E45
-2.2664888,11.359711,0,B0AAFE06-91C2-2C6D-4547-7508BB719E45
-2.144507,11.062447,0,B0AAFE06-91C2-2C6D-4547-7508BB719E45
-1.9081252,10.282555,0,B0AAFE06-91C2-2C6D-4547-7508BB719E45
-1.3822255,9.599939,0,B0AAFE06-91C2-2C6D-4547-7508BB719E45
-0.8007398,9.011116,1,B0AAFE06-91C2-2C6D-4547-7508BB719E45
-0.34073642,8.451634,0,B0AAFE06-91C2-2C6D-4547-7508BB719E45
-55.13136,28.336874,2,B0AAFE06-91C2-2C6D-4547-7508BB719E45
-55.065212,29.03617,0,B0AAFE06-91C2-2C6D-4547-7508BB719E45
-15.239959,61.89506,2,B17DF37B-207D-A052-4D45-F862B3BF4C4C
-13.938164,60.37693,2,B17DF37B-207D-A052-4D45-F862B3BF4C4C
-13.435475,59.78911,2,B17DF37B-207D-A052-4D45-F862B3BF4C4C
-13.194403,59.210926,2,B17DF37B-207D-A052-4D45-F862B3BF4C4C
-13.298996,57.54108,2,B17DF37B-207D-A052-4D45-F862B3BF4C4C
-13.364899,56.955383,2,B17DF37B-207D-A052-4D45-F862B3BF4C4C
-13.451239,56.017563,2,B17DF37B-207D-A052-4D45-F862B3BF4C4C
-13.508065,55.11889,2,B17DF37B-207D-A052-4D45-F862B3BF4C4C
-13.513409,54.215015,1,B17DF37B-207D-A052-4D45-F862B3BF4C4C
-13.492246,53.501522,1,B17DF37B-207D-A052-4D45-F862B3BF4C4C
-7.791078,35.2842,1,B17DF37B-207D-A052-4D45-F862B3BF4C4C
-7.7399454,35.160835,0,B17DF37B-207D-A052-4D45-F862B3BF4C4C
10.7774725,-28.304615,2,B17DF37B-207D-A052-4D45-F862B3BF4C4C
11.077894,-28.54554,1,B17DF37B-207D-A052-4D45-F862B3BF4C4C
11.539933,-28.893072,1,B17DF37B-207D-A052-4D45-F862B3BF4C4C
12.4125185,-29.656006,1,B17DF37B-207D-A052-4D45-F862B3BF4C4C
12.992443,-30.020357,1,B17DF37B-207D-A052-4D45-F862B3BF4C4C
13.534023,-30.216957,1,B17DF37B-207D-A052-4D45-F862B3BF4C4C
-2.884713,-23.936842,1,B17DF37B-207D-A052-4D45-F862B3BF4C4C
-2.7345433,-24.047733,1,B17DF37B-207D-A052-4D45-F862B3BF4C4C
-1.7683846,-25.02051,1,B17DF37B-207D-A052-4D45-F862B3BF4C4C
-0.8925815,-25.564005,1,B17DF37B-207D-A052-4D45-F862B3BF4C4C
-0.34065863,-25.880419,1,B17DF37B-207D-A052-4D45-F862B3BF4C4C
0.20232862,-26.091467,1,B17DF37B-207D-A052-4D45-F862B3BF4C4C
52.49069,0.96461964,1,B17DF37B-207D-A052-4D45-F862B3BF4C4C
52.27142,1.8585167,0,B17DF37B-207D-A052-4D45-F862B3BF4C4C
35.974346,20.95356,0,B17DF37B-207D-A052-4D45-F862B3BF4C4C
35.201385,21.022982,0,B17DF37B-207D-A052-4D45-F862B3BF4C4C
29.410738,20.301147,0,B17DF37B-207D-A052-4D45-F862B3BF4C4C
29.113379,20.310822,0,B17DF37B-207D-A052-4D45-F862B3BF4C4C
-52.213127,13.832261,1,B17DF37B-207D-A052-4D45-F862B3BF4C4C
-52.564713,14.178449,1,B17DF37B-207D-A052-4D45-F862B3BF4C4C
-52.85023,14.398675,1,B17DF37B-207D-A052-4D45-F862B3BF4C4C
-49.67024,24.982536,1,B17DF37B-207D-A052-4D45-F862B3BF4C4C
-48.615627,24.30578,1,B17DF37B-207D-A052-4D45-F862B3BF4C4C
-48.292812,24.283083,1,B17DF37B-207D-A052-4D45-F862B3BF4C4C
-15.012741,-15.543834,1,B2EE7EC5-4E5B-EBDD-E0EB-AF758B95C36A
-16.81277,-16.177666,1,B2EE7EC5-4E5B-EBDD-E0EB-AF758B95C36A
-17.194345,-16.290699,1,B2EE7EC5-4E5B-EBDD-E0EB-AF758B95C36A
-18.478743,-17.024279,1,B2EE7EC5-4E5B-EBDD-E0EB-AF758B95C36A
-19.08204,-17.512545,1,B2EE7EC5-4E5B-EBDD-E0EB-AF758B95C36A
-19.470226,-26.65719,2,B2EE7EC5-4E5B-EBDD-E0EB-AF758B95C36A
-19.395897,-27.02671,2,B2EE7EC5-4E5B-EBDD-E0EB-AF758B95C36A
-19.169067,-27.835262,2,B2EE7EC5-4E5B-EBDD-E0EB-AF758B95C36A
-19.027,-28.271967,2,B2EE7EC5-4E5B-EBDD-E0EB-AF758B95C36A
-12.473753,-33.875267,2,B2EE7EC5-4E5B-EBDD-E0EB-AF758B95C36A
-11.892546,-34.50811,1,B2EE7EC5-4E5B-EBDD-E0EB-AF758B95C36A
-11.695365,-34.719173,1,B2EE7EC5-4E5B-EBDD-E0EB-AF758B95C36A
-34.68619,44.218483,1,B2EE7EC5-4E5B-EBDD-E0EB-AF758B95C36A
-34.868896,44.67699,1,B2EE7EC5-4E5B-EBDD-E0EB-AF758B95C36A
-34.981995,45.02852,1,B2EE7EC5-4E5B-EBDD-E0EB-AF758B95C36A
-35.12198,45.57029,1,B2EE7EC5-4E5B-EBDD-E0EB-AF758B95C36A
-35.316208,46.299995,1,B2EE7EC5-4E5B-EBDD-E0EB-AF758B95C36A
-35.36748,46.488377,1,B2EE7EC5-4E5B-EBDD-E0EB-AF758B95C36A
43.73555,44.02793,1,B2EE7EC5-4E5B-EBDD-E0EB-AF758B95C36A
43.53013,44.03706,1,B2EE7EC5-4E5B-EBDD-E0EB-AF758B95C36A
42.116474,44.201397,1,B2EE7EC5-4E5B-EBDD-E0EB-AF758B95C36A
40.28271,44.232727,1,B2EE7EC5-4E5B-EBDD-E0EB-AF758B95C36A
40.29052,43.578564,1,B2EE7EC5-4E5B-EBDD-E0EB-AF758B95C36A
40.33835,43.16198,1,B2EE7EC5-4E5B-EBDD-E0EB-AF758B95C36A
40.481087,42.580242,1,B2EE7EC5-4E5B-EBDD-E0EB-AF758B95C36A
40.75114,41.92619,1,B2EE7EC5-4E5B-EBDD-E0EB-AF758B95C36A
36.71402,42.665306,1,B2EE7EC5-4E5B-EBDD-E0EB-AF758B95C36A
35.84589,42.295174,1,B2EE7EC5-4E5B-EBDD-E0EB-AF758B95C36A
35.34855,42.081547,0,B2EE7EC5-4E5B-EBDD-E0EB-AF758B95C36A
34.583355,41.863808,0,B2EE7EC5-4E5B-EBDD-E0EB-AF758B95C36A
-57.568306,11.075941,0,B2EE7EC5-4E5B-EBDD-E0EB-AF758B95C36A
-52.88078,22.802227,0,B2EE7EC5-4E5B-EBDD-E0EB-AF758B95C36A
-53.292477,21.999989,0,B2EE7EC5-4E5B-EBDD-E0EB-AF758B95C36A
-53.515182,21.790092,0,B2EE7EC5-4E5B-EBDD-E0EB-AF758B95C36A
-52.52357,29.53826,0,B2EE7EC5-4E5B-EBDD-E0EB-AF758B95C36A
-52.38558,29.423868,0,B2EE7EC5-4E5B-EBDD-E0EB-AF758B95C36A
58.40211,22.871407,0,B3CE5256-6F65-85EB-0078-689BD5CC1B17
58.618397,22.773321,0,B3CE5256-6F65-85EB-0078-689BD5CC1B17
59.24259,22.317848,0,B3CE5256-6F65-85EB-0078-689BD5CC1B17
59.95818,21.729137,0,B3CE5256-6F65-85EB-0078-689BD5CC1B17
61.401028,20.355387,0,B3CE5256-6F65-85EB-0078-689BD5CC1B17
61.732502,19.960241,0,B3CE5256-6F65-85EB-0078-689BD5CC1B17
56.810265,22.886093,0,B3CE5256-6F65-85EB-0078-689BD5CC1B17
45.11999,18.80134,0,B3CE5256-6F65-85EB-0078-689BD5CC1B17
25.427116,10.19176,0,B3CE5256-6F65-85EB-0078-689BD5CC1B17
24.548676,10.179845,0,B3CE5256-6F65-85EB-0078-689BD5CC1B17
24.054611,10.308805,2,B3CE5256-6F65-85EB-0078-689BD5CC1B17
23.373209,10.6260805,2,B3CE5256-6F65-85EB-0078-689BD5CC1B17
11.972106,-44.341946,0,B6EE5F90-8F59-D3CF-C449-59216B28207B
12.320381,-43.87441,0,B6EE5F90-8F59-D3CF-C449-59216B28207B
21.3239,-44.768497,0,B6EE5F90-8F59-D3CF-C449-59216B28207B
21.463718,-44.493332,0,B6EE5F90-8F59-D3CF-C449-59216B28207B
24.654001,-38.868855,0,B6EE5F90-8F59-D3CF-C449-59216B28207B
24.938576,-38.545033,1,B6EE5F90-8F59-D3CF-C449-59216B28207B
51.232872,34.275703,2,B6EE5F90-8F59-D3CF-C449-59216B28207B
51.491146,34.425877,2,B6EE5F90-8F59-D3CF-C449-59216B28207B
53.743107,36.069843,2,B6EE5F90-8F59-D3CF-C449-59216B28207B
53.657906,36.372776,2,B6EE5F90-8F59-D3CF-C449-59216B28207B
53.41461,37.634502,1,B6EE5F90-8F59-D3CF-C449-59216B28207B
52.36198,37.19252,1,B6EE5F90-8F59-D3CF-C449-59216B28207B
51.877308,37.18756,2,B6EE5F90-8F59-D3CF-C449-59216B28207B
50.918175,37.232178,2,B6EE5F90-8F59-D3CF-C449-59216B28207B
50.1623,37.210297,2,B6EE5F90-8F59-D3CF-C449-59216B28207B
27.876705,29.75387,2,B6EE5F90-8F59-D3CF-C449-59216B28207B
27.472113,29.750902,2,B6EE5F90-8F59-D3CF-C449-59216B28207B
-37.693333,-4.234569,2,B6EE5F90-8F59-D3CF-C449-59216B28207B
-9.754284,45.59783,0,B9FD0C60-33D3-E99E-2475-815EAD5C89C2
-9.378987,45.772724,2,B9FD0C60-33D3-E99E-2475-815EAD5C89C2
-8.822488,46.0212,2,B9FD0C60-33D3-E99E-2475-815EAD5C89C2
-7.254555,46.03535,0,B9FD0C60-33D3-E99E-2475-815EAD5C89C2
-6.690374,23.718683,0,B9FD0C60-33D3-E99E-2475-815EAD5C89C2
-6.6939907,23.711933,0,B9FD0C60-33D3-E99E-2475-815EAD5C89C2
12.505075,-3.2417107,2,B9FD0C60-33D3-E99E-2475-815EAD5C89C2
12.55307,-3.3198147,2,B9FD0C60-33D3-E99E-2475-815EAD5C89C2
13.069081,-4.1083994,2,B9FD0C60-33D3-E99E-2475-815EAD5C89C2
13.772333,-4.6733656,2,B9FD0C60-33D3-E99E-2475-815EAD5C89C2
13.717831,-4.816933,0,B9FD0C60-33D3-E99E-2475-815EAD5C89C2
13.3956785,-4.867592,0,B9FD0C60-33D3-E99E-2475-815EAD5C89C2
6.78304,3.9397366,0,B9FD0C60-33D3-E99E-2475-815EAD5C89C2
6.9237165,4.3238134,0,B9FD0C60-33D3-E99E-2475-815EAD5C89C2
7.063911,4.6941023,0,B9FD0C60-33D3-E99E-2475-815EAD5C89C2
7.157291,5.126607,2,B9FD0C60-33D3-E99E-2475-815EAD5C89C2
-16.986652,-13.015842,2,B9FD0C60-33D3-E99E-2475-815EAD5C89C2
-16.963608,-13.043097,0,B9FD0C60-33D3-E99E-2475-815EAD5C89C2
-29.199753,60.814747,0,BAAA2876-D490-2AB5-0A98-6EB94C7FC331
-29.769585,60.763233,0,BAAA2876-D490-2AB5-0A98-6EB94C7FC331
-30.223944,60.60845,1,BAAA2876-D490-2AB5-0A98-6EB94C7FC331
-29.849693,62.32935,1,BAAA2876-D490-2AB5-0A98-6EB94C7FC331
-29.869785,62.755245,1,BAAA2876-D490-2AB5-0A98-6EB94C7FC331
-29.933199,63.41471,1,BAAA2876-D490-2AB5-0A98-6EB94C7FC331
-0.91233253,14.544958,2,BAAA2876-D490-2AB5-0A98-6EB94C7FC331
-0.8983998,14.03268,2,BAAA2876-D490-2AB5-0A98-6EB94C7FC331
-0.9180887,13.582819,2,BAAA2876-D490-2AB5-0A98-6EB94C7FC331
-11.652781,-14.186752,2,BAAA2876-D490-2AB5-0A98-6EB94C7FC331
-12.124151,-12.918166,2,BAAA2876-D490-2AB5-0A98-6EB94C7FC331
-12.022117,-13.097973,2,BAAA2876-D490-2AB5-0A98-6EB94C7FC331
21.077423,-27.827227,0,BAAA2876-D490-2AB5-0A98-6EB94C7FC331
21.088287,-27.771473,0,BAAA2876-D490-2AB5-0A98-6EB94C7FC331
24.573105,-26.572794,0,BAAA2876-D490-2AB5-0A98-6EB94C7FC331
24.641678,-26.486753,0,BAAA2876-D490-2AB5-0A98-6EB94C7FC331
39.529396,-16.846966,0,BAAA2876-D490-2AB5-0A98-6EB94C7FC331
39.888535,-16.541956,0,BAAA2876-D490-2AB5-0A98-6EB94C7FC331
40.202854,-16.35636,0,BAAA2876-D490-2AB5-0A98-6EB94C7FC331
41.352314,-13.407985,0,BAAA2876-D490-2AB5-0A98-6EB94C7FC331
41.39703,-13.174282,0,BAAA2876-D490-2AB5-0A98-6EB94C7FC331
41.384655,-11.77287,0,BAAA2876-D490-2AB5-0A98-6EB94C7FC331
41.55484,-10.972688,1,BAAA2876-D490-2AB5-0A98-6EB94C7FC331
41.758373,-10.452521,1,BAAA2876-D490-2AB5-0A98-6EB94C7FC331
44.873856,42.112686,0,BAAA2876-D490-2AB5-0A98-6EB94C7FC331
45.288685,42.037273,0,BAAA2876-D490-2AB5-0A98-6EB94C7FC331
46.051888,42.00738,0,BAAA2876-D490-2AB5-0A98-6EB94C7FC331
46.833755,42.94043,0,BAAA2876-D490-2AB5-0A98-6EB94C7FC331
47.228844,43.337444,0,BAAA2876-D490-2AB5-0A98-6EB94C7FC331
47.488968,43.554924,0,BAAA2876-D490-2AB5-0A98-6EB94C7FC331
-7.762949,-61.00848,0,BC7EE230-0AF9-3AC5-24E5-8EC4B0B432A8
-8.632565,-61.165066,0,BC7EE230-0AF9-3AC5-24E5-8EC4B0B432A8
-9.513112,-61.20629,0,BC7EE230-0AF9-3AC5-24E5-8EC4B0B432A8
-9.827538,-61.192028,0,BC7EE230-0AF9-3AC5-24E5-8EC4B0B432A8
-10.714214,-60.903378,0,BC7EE230-0AF9-3AC5-24E5-8EC4B0B432A8
-11.176031,-60.711243,0,BC7EE230-0AF9-3AC5-24E5-8EC4B0B432A8
23.930983,-23.157467,0,BC7EE230-0AF9-3AC5-24E5-8EC4B0B432A8
24.074871,-23.273506,0,BC7EE230-0AF9-3AC5-24E5-8EC4B0B432A8
28.387867,-30.920542,2,BC7EE230-0AF9-3AC5-24E5-8EC4B0B432A8
33.569977,-33.602417,2,BC7EE230-0AF9-3AC5-24E5-8EC4B0B432A8
36.797207,-22.009533,2,BC7EE230-0AF9-3AC5-24E5-8EC4B0B432A8
36.688244,-21.5729,2,BC7EE230-0AF9-3AC5-24E5-8EC4B0B432A8
30.779022,27.607687,2,BC7EE230-0AF9-3AC5-24E5-8EC4B0B432A8
30.728346,27.576843,2,BC7EE230-0AF9-3AC5-24E5-8EC4B0B432A8
24.104692,22.424658,2,BC7EE230-0AF9-3AC5-24E5-8EC4B0B432A8
-35.83022,-5.0665097,2,BC7EE230-0AF9-3AC5-24E5-8EC4B0B432A8
-35.425156,-5.6121125,2,BC7EE230-0AF9-3AC5-24E5-8EC4B0B432A8
-34.952843,-5.834889,1,BC7EE230-0AF9-3AC5-24E5-8EC4B0B432A8
-17.58179,68.44466,2,BD35F47E-4F73-8664-B165-98D2BF2CDA48
4.3074775,52.999554,2,BD35F47E-4F73-8664-B165-98D2BF2CDA48
4.494375,52.587864,2,BD35F47E-4F73-8664-B165-98D2BF2CDA48
4.6049643,45.05454,2,BD35F47E-4F73-8664-B165-98D2BF2CDA48
4.739294,44.4187,2,BD35F47E-4F73-8664-B165-98D2BF2CDA48
4.7877674,44.100044,2,BD35F47E-4F73-8664-B165-98D2BF2CDA48
2.7269568,40.960236,0,BD35F47E-4F73-8664-B165-98D2BF2CDA48
2.4522316,40.0567,0,BD35F47E-4F73-8664-B165-98D2BF2CDA48
2.2920356,39.592285,0,BD35F47E-4F73-8664-B165-98D2BF2CDA48
4.4104624,19.395296,0,BD35F47E-4F73-8664-B165-98D2BF2CDA48
4.368702,19.472057,0,BD35F47E-4F73-8664-B165-98D2BF2CDA48
4.0941896,20.25663,0,BD35F47E-4F73-8664-B165-98D2BF2CDA48
-57.48027,5.910197,2,BD35F47E-4F73-8664-B165-98D2BF2CDA48
-57.703945,6.344265,0,BD35F47E-4F73-8664-B165-98D2BF2CDA48
-58.196934,6.8674417,0,BD35F47E-4F73-8664-B165-98D2BF2CDA48
-58.626602,7.220644,0,BD35F47E-4F73-8664-B165-98D2BF2CDA48
-58.876972,7.7194037,0,BD35F47E-4F73-8664-B165-98D2BF2CDA48
-50.73085,18.987083,0,BD35F47E-4F73-8664-B165-98D2BF2CDA48
-11.448277,65.75274,2,C24A665A-6B67-FDEA-04A4-C2DA3AF79D51
-10.563104,66.244225,2,C24A665A-6B67-FDEA-04A4-C2DA3AF79D51
-10.040159,66.88016,0,C24A665A-6B67-FDEA-04A4-C2DA3AF79D51
-9.767188,67.30959,0,C24A665A-6B67-FDEA-04A4-C2DA3AF79D51
-8.398519,69.29749,0,C24A665A-6B67-FDEA-04A4-C2DA3AF79D51
-8.10264,69.742615,0,C24A665A-6B67-FDEA-04A4-C2DA3AF79D51
-7.770753,70.045944,0,C24A665A-6B67-FDEA-04A4-C2DA3AF79D51
-8.641411,70.90366,0,C24A665A-6B67-FDEA-04A4-C2DA3AF79D51
-9.777581,71.937706,0,C24A665A-6B67-FDEA-04A4-C2DA3AF79D51
-10.323373,72.55464,0,C24A665A-6B67-FDEA-04A4-C2DA3AF79D51
-10.712905,73.0211,0,C24A665A-6B67-FDEA-04A4-C2DA3AF79D51
-10.931165,73.27302,2,C24A665A-6B67-FDEA-04A4-C2DA3AF79D51
-35.50495,55.56849,2,C24A665A-6B67-FDEA-04A4-C2DA3AF79D51
-35.44017,55.073902,2,C24A665A-6B67-FDEA-04A4-C2DA3AF79D51
-35.434258,54.483177,2,C24A665A-6B67-FDEA-04A4-C2DA3AF79D51
-35.416626,53.69787,2,C24A665A-6B67-FDEA-04A4-C2DA3AF79D51
-35.47459,52.437786,2,C24A665A-6B67-FDEA-04A4-C2DA3AF79D51
-35.492752,52.25499,2,C24A665A-6B67-FDEA-04A4-C2DA3AF79D51
-27.6022,47.266666,2,C24A665A-6B67-FDEA-04A4-C2DA3AF79D51
-27.660585,47.253002,2,C24A665A-6B67-FDEA-04A4-C2DA3AF79D51
-28.07623,47.046482,2,C24A665A-6B67-FDEA-04A4-C2DA3AF79D51
-28.830576,46.71944,2,C24A665A-6B67-FDEA-04A4-C2DA3AF79D51
-29.563023,46.39503,2,C24A665A-6B67-FDEA-04A4-C2DA3AF79D51
-29.741577,46.31722,2,C24A665A-6B67-FDEA-04A4-C2DA3AF79D51
-26.344246,30.69839,2,C24A665A-6B67-FDEA-04A4-C2DA3AF79D51
-25.965342,30.625822,2,C24A665A-6B67-FDEA-04A4-C2DA3AF79D51
-25.58563,30.487684,2,C24A665A-6B67-FDEA-04A4-C2DA3AF79D51
-15.498768,13.433904,2,C24A665A-6B67-FDEA-04A4-C2DA3AF79D51
-15.788078,13.143755,2,C24A665A-6B67-FDEA-04A4-C2DA3AF79D51
-16.09705,12.770433,2,C24A665A-6B67-FDEA-04A4-C2DA3AF79D51
-11.99159,-9.175022,0,C24A665A-6B67-FDEA-04A4-C2DA3AF79D51
-6.031846,-13.605071,0,C24A665A-6B67-FDEA-04A4-C2DA3AF79D51
-6.615619,-13.570878,0,C24A665A-6B67-FDEA-04A4-C2DA3AF79D51
-7.0243554,-13.555223,0,C24A665A-6B67-FDEA-04A4-C2DA3AF79D51
-34.173153,-16.084599,0,C24A665A-6B67-FDEA-04A4-C2DA3AF79D51
-34.14091,-16.069767,0,C24A665A-6B67-FDEA-04A4-C2DA3AF79D51
-32.941837,-13.778748,0,C24A665A-6B67-FDEA-04A4-C2DA3AF79D51
-32.98838,-13.617709,0,C24A665A-6B67-FDEA-04A4-C2DA3AF79D51
-33.640842,-13.019185,0,C24A665A-6B67-FDEA-04A4-C2DA3AF79D51
-18.41474,-49.569443,0,C24A665A-6B67-FDEA-04A4-C2DA3AF79D51
-17.993484,-50.312767,0,C24A665A-6B67-FDEA-04A4-C2DA3AF79D51
-17.534336,-51.0307,0,C24A665A-6B67-FDEA-04A4-C2DA3AF79D51
-8.781206,-43.830822,2,C5DC661F-E2D6-2B65-4765-77C8B81D2488
-8.412027,-43.168694,2,C5DC661F-E2D6-2B65-4765-77C8B81D2488
-7.905816,-42.623226,2,C5DC661F-E2D6-2B65-4765-77C8B81D2488
-7.7354593,-42.420315,2,C5DC661F-E2D6-2B65-4765-77C8B81D2488
14.8410425,-37.118427,0,C5DC661F-E2D6-2B65-4765-77C8B81D2488
15.428527,-36.815884,0,C5DC661F-E2D6-2B65-4765-77C8B81D2488
-46.658978,6.9125495,2,C5DC661F-E2D6-2B65-4765-77C8B81D2488
-47.08463,7.2946506,2,C5DC661F-E2D6-2B65-4765-77C8B81D2488
-47.439026,7.68735,2,C5DC661F-E2D6-2B65-4765-77C8B81D2488
-27.125965,28.842577,2,C8BB6C15-19FA-A17A-5945-6202803016D7
-27.123173,28.729832,2,C8BB6C15-19FA-A17A-5945-6202803016D7
-28.140379,21.352636,1,C8BB6C15-19FA-A17A-5945-6202803016D7
-28.139978,21.434704,1,C8BB6C15-19FA-A17A-5945-6202803016D7
-29.773544,22.902615,1,C8BB6C15-19FA-A17A-5945-6202803016D7
-29.890139,22.952894,1,C8BB6C15-19FA-A17A-5945-6202803016D7
-29.046951,29.00483,2,C8BB6C15-19FA-A17A-5945-6202803016D7
-29.579105,29.09672,2,C8BB6C15-19FA-A17A-5945-6202803016D7
-30.555965,28.656836,2,C8BB6C15-19FA-A17A-5945-6202803016D7
-30.873293,28.552301,2,C8BB6C15-19FA-A17A-5945-6202803016D7
-31.38463,17.028528,1,C8BB6C15-19FA-A17A-5945-6202803016D7
-31.387487,17.005123,1,C8BB6C15-19FA-A17A-5945-6202803016D7
16.64203,-44.091873,1,C8BB6C15-19FA-A17A-5945-6202803016D7
17.155523,-44.45294,1,C8BB6C15-19FA-A17A-5945-6202803016D7
17.540756,-44.606243,1,C8BB6C15-19FA-A17A-5945-6202803016D7
45.17372,-49.81549,1,C8BB6C15-19FA-A17A-5945-6202803016D7
45.056984,-49.21967,2,C8BB6C15-19FA-A17A-5945-6202803016D7
45.461475,-48.270123,2,C8BB6C15-19FA-A17A-5945-6202803016D7
50.690624,-40.454704,2,C8BB6C15-19FA-A17A-5945-6202803016D7
50.59809,-39.94171,2,C8BB6C15-19FA-A17A-5945-6202803016D7
50.644066,-39.20249,2,C8BB6C15-19FA-A17A-5945-6202803016D7
50.72428,-37.790833,1,C8BB6C15-19FA-A17A-5945-6202803016D7
51.415478,-36.94367,1,C8BB6C15-19FA-A17A-5945-6202803016D7
51.701366,-36.716843,2,C8BB6C15-19FA-A17A-5945-6202803016D7
-18.345406,63.433804,0,CCA3ABC5-DCCE-0BBE-5327-E65AE52A195D
-18.394665,63.58289,0,CCA3ABC5-DCCE-0BBE-5327-E65AE52A195D
-8.926651,62.326424,2,CCA3ABC5-DCCE-0BBE-5327-E65AE52A195D
-9.072616,62.878967,2,CCA3ABC5-DCCE-0BBE-5327-E65AE52A195D
-9.609208,63.60077,2,CCA3ABC5-DCCE-0BBE-5327-E65AE52A195D
-9.80851,63.67649,2,CCA3ABC5-DCCE-0BBE-5327-E65AE52A195D
-30.332647,33.893017,2,CCA3ABC5-DCCE-0BBE-5327-E65AE52A195D
-30.741236,33.706234,2,CCA3ABC5-DCCE-0BBE-5327-E65AE52A195D
-31.034716,32.968914,2,CCA3ABC5-DCCE-0BBE-5327-E65AE52A195D
-31.7185,31.891584,2,CCA3ABC5-DCCE-0BBE-5327-E65AE52A195D
-32.031296,31.574417,2,CCA3ABC5-DCCE-0BBE-5327-E65AE52A195D
-31.427286,31.421688,0,CCA3ABC5-DCCE-0BBE-5327-E65AE52A195D
-31.179762,31.215273,0,CCA3ABC5-DCCE-0BBE-5327-E65AE52A195D
-28.98912,31.37621,2,CCA3ABC5-DCCE-0BBE-5327-E65AE52A195D
-28.906668,31.397299,2,CCA3ABC5-DCCE-0BBE-5327-E65AE52A195D
-28.087917,31.961964,2,CCA3ABC5-DCCE-0BBE-5327-E65AE52A195D
-27.385883,33.129158,2,CCA3ABC5-DCCE-0BBE-5327-E65AE52A195D
-27.213663,33.351215,2,CCA3ABC5-DCCE-0BBE-5327-E65AE52A195D
-26.750778,24.380823,1,CCA3ABC5-DCCE-0BBE-5327-E65AE52A195D
-26.687725,25.103466,1,CCA3ABC5-DCCE-0BBE-5327-E65AE52A195D
-26.731272,25.368748,1,CCA3ABC5-DCCE-0BBE-5327-E65AE52A195D
-27.416412,25.813581,1,CCA3ABC5-DCCE-0BBE-5327-E65AE52A195D
-28.330763,25.696714,2,CCA3ABC5-DCCE-0BBE-5327-E65AE52A195D
-28.597206,25.676994,2,CCA3ABC5-DCCE-0BBE-5327-E65AE52A195D
21.527641,-25.126055,2,CCA3ABC5-DCCE-0BBE-5327-E65AE52A195D
21.419697,-24.91787,2,CCA3ABC5-DCCE-0BBE-5327-E65AE52A195D
20.915903,-23.779848,0,CCA3ABC5-DCCE-0BBE-5327-E65AE52A195D
20.720158,-23.402727,0,CCA3ABC5-DCCE-0BBE-5327-E65AE52A195D
20.197433,-22.525469,0,CCA3ABC5-DCCE-0BBE-5327-E65AE52A195D
20.00262,-22.24301,0,CCA3ABC5-DCCE-0BBE-5327-E65AE52A195D
17.701527,-27.239632,0,CCA3ABC5-DCCE-0BBE-5327-E65AE52A195D
17.585901,-26.711727,0,CCA3ABC5-DCCE-0BBE-5327-E65AE52A195D
17.328102,-26.114986,0,CCA3ABC5-DCCE-0BBE-5327-E65AE52A195D
-14.900042,67.712494,2,CD5833CD-93D3-318C-371A-18A32DEFC38B
-1.9182662,55.501255,2,CD5833CD-93D3-318C-371A-18A32DEFC38B
-1.6759063,55.064278,2,CD5833CD-93D3-318C-371A-18A32DEFC38B
-1.3077612,54.25666,2,CD5833CD-93D3-318C-371A-18A32DEFC38B
-0.94246924,53.38682,2,CD5833CD-93D3-318C-371A-18A32DEFC38B
-3.2604067,49.710526,2,CD5833CD-93D3-318C-371A-18A32DEFC38B
-42.440037,-32.23832,2,CD5833CD-93D3-318C-371A-18A32DEFC38B
-41.728043,-32.33524,2,CD5833CD-93D3-318C-371A-18A32DEFC38B
-40.439484,-32.39747,2,CD5833CD-93D3-318C-371A-18A32DEFC38B
-39.997547,-32.678562,2,CD5833CD-93D3-318C-371A-18A32DEFC38B
-39.428978,-33.046246,2,CD5833CD-93D3-318C-371A-18A32DEFC38B
-29.486269,-39.626637,2,CD5833CD-93D3-318C-371A-18A32DEFC38B
-9.951055,37.781876,0,CD5833CD-93D3-318C-371A-18A32DEFC38B
10.189808,18.047585,0,CD5833CD-93D3-318C-371A-18A32DEFC38B
10.168744,17.9571,0,CD5833CD-93D3-318C-371A-18A32DEFC38B
8.839317,16.53692,0,CD5833CD-93D3-318C-371A-18A32DEFC38B
8.797059,16.124496,0,CD5833CD-93D3-318C-371A-18A32DEFC38B
8.817497,15.77145,0,CD5833CD-93D3-318C-371A-18A32DEFC38B
10.629347,22.068016,2,D0F7ABC0-F552-63CD-CAC6-6703C39B83CA
8.878292,12.978969,2,D0F7ABC0-F552-63CD-CAC6-6703C39B83CA
8.829715,12.810612,2,D0F7ABC0-F552-63CD-CAC6-6703C39B83CA
8.528312,11.180688,2,D0F7ABC0-F552-63CD-CAC6-6703C39B83CA
8.520226,10.864289,2,D0F7ABC0-F552-63CD-CAC6-6703C39B83CA
8.502462,10.103706,2,D0F7ABC0-F552-63CD-CAC6-6703C39B83CA
-22.401354,-28.676659,1,D0F7ABC0-F552-63CD-CAC6-6703C39B83CA
-22.382776,-28.73995,2,D0F7ABC0-F552-63CD-CAC6-6703C39B83CA
-16.965666,-33.766663,2,D0F7ABC0-F552-63CD-CAC6-6703C39B83CA
-16.657139,-34.80715,2,D0F7ABC0-F552-63CD-CAC6-6703C39B83CA
-16.61806,-35.228954,2,D0F7ABC0-F552-63CD-CAC6-6703C39B83CA
-16.281378,-35.657246,2,D0F7ABC0-F552-63CD-CAC6-6703C39B83CA
-0.24782023,-6.5116,0,D0F7ABC0-F552-63CD-CAC6-6703C39B83CA
-1.6447406,-15.078189,0,D0F7ABC0-F552-63CD-CAC6-6703C39B83CA
-1.6850163,-15.085019,0,D0F7ABC0-F552-63CD-CAC6-6703C39B83CA
-11.565392,-26.256002,0,D0F7ABC0-F552-63CD-CAC6-6703C39B83CA
-12.724277,-26.012512,1,D0F7ABC0-F552-63CD-CAC6-6703C39B83CA
-12.442842,-26.191772,1,D0F7ABC0-F552-63CD-CAC6-6703C39B83CA
-11.229544,-27.320694,1,D0F7ABC0-F552-63CD-CAC6-6703C39B83CA
-11.058537,-27.496359,1,D0F7ABC0-F552-63CD-CAC6-6703C39B83CA
-7.367571,-35.224937,1,D0F7ABC0-F552-63CD-CAC6-6703C39B83CA
-9.935585,-40.07231,2,D0F7ABC0-F552-63CD-CAC6-6703C39B83CA
-10.141542,-40.125286,2,D0F7ABC0-F552-63CD-CAC6-6703C39B83CA
-10.380549,-40.014034,2,D0F7ABC0-F552-63CD-CAC6-6703C39B83CA
50.92068,9.31516,2,D0F7ABC0-F552-63CD-CAC6-6703C39B83CA
50.828262,9.421989,2,D0F7ABC0-F552-63CD-CAC6-6703C39B83CA
28.858967,6.4628735,2,D0F7ABC0-F552-63CD-CAC6-6703C39B83CA
28.194448,6.4925904,2,D0F7ABC0-F552-63CD-CAC6-6703C39B83CA
27.124643,6.4936943,2,D0F7ABC0-F552-63CD-CAC6-6703C39B83CA
26.739796,6.442581,2,D0F7ABC0-F552-63CD-CAC6-6703C39B83CA
1.1794934,37.676365,0,D51A5648-0039-8CB1-45CB-C51E5ABA8BCC
2.5049715,28.873821,1,D51A5648-0039-8CB1-45CB-C51E5ABA8BCC
2.6792295,28.47664,1,D51A5648-0039-8CB1-45CB-C51E5ABA8BCC
2.7765265,28.130125,1,D51A5648-0039-8CB1-45CB-C51E5ABA8BCC
2.2631958,27.176695,1,D51A5648-0039-8CB1-45CB-C51E5ABA8BCC
1.9379152,26.611727,2,D51A5648-0039-8CB1-45CB-C51E5ABA8BCC
10.402559,-30.926157,0,D51A5648-0039-8CB1-45CB-C51E5ABA8BCC
24.571169,-35.136734,0,D51A5648-0039-8CB1-45CB-C51E5ABA8BCC
24.927496,-35.049755,2,D51A5648-0039-8CB1-45CB-C51E5ABA8BCC
25.861893,-33.93616,2,D51A5648-0039-8CB1-45CB-C51E5ABA8BCC
26.735289,-33.36931,2,D51A5648-0039-8CB1-45CB-C51E5ABA8BCC
27.009691,-33.244793,2,D51A5648-0039-8CB1-45CB-C51E5ABA8BCC
42.885933,-20.134106,0,D51A5648-0039-8CB1-45CB-C51E5ABA8BCC
44.203537,-19.645714,0,D51A5648-0039-8CB1-45CB-C51E5ABA8BCC
44.478592,-19.529411,0,D51A5648-0039-8CB1-45CB-C51E5ABA8BCC
48.88561,-6.955882,0,D51A5648-0039-8CB1-45CB-C51E5ABA8BCC
47.73377,-7.115869,0,D51A5648-0039-8CB1-45CB-C51E5ABA8BCC
47.60848,-7.1634884,0,D51A5648-0039-8CB1-45CB-C51E5ABA8BCC
17.500969,7.1560287,1,D51A5648-0039-8CB1-45CB-C51E5ABA8BCC
-36.303345,-3.1996188,1,D51A5648-0039-8CB1-45CB-C51E5ABA8BCC
-44.64101,-8.093986,2,D51A5648-0039-8CB1-45CB-C51E5ABA8BCC
-44.723152,-8.139141,2,D51A5648-0039-8CB1-45CB-C51E5ABA8BCC
-46.053833,-10.477748,2,D51A5648-0039-8CB1-45CB-C51E5ABA8BCC
-46.103073,-10.520794,2,D51A5648-0039-8CB1-45CB-C51E5ABA8BCC
-5.378789,-27.039448,2,D6D11A63-A131-4E74-041D-6E3BD8EFF8FF
-5.39891,-26.944162,2,D6D11A63-A131-4E74-041D-6E3BD8EFF8FF
-4.6499,-51.300392,2,D6D11A63-A131-4E74-041D-6E3BD8EFF8FF
-4.2890863,-51.556747,1,D6D11A63-A131-4E74-041D-6E3BD8EFF8FF
-3.7330341,-51.64647,1,D6D11A63-A131-4E74-041D-6E3BD8EFF8FF
-3.143594,-52.16234,1,D6D11A63-A131-4E74-041D-6E3BD8EFF8FF
-2.8884418,-52.39899,1,D6D11A63-A131-4E74-041D-6E3BD8EFF8FF
10.002012,-55.092133,0,D6D11A63-A131-4E74-041D-6E3BD8EFF8FF
10.400029,-55.23452,0,D6D11A63-A131-4E74-041D-6E3BD8EFF8FF
11.778709,-55.622253,0,D6D11A63-A131-4E74-041D-6E3BD8EFF8FF
12.212448,-55.560684,0,D6D11A63-A131-4E74-041D-6E3BD8EFF8FF
13.044324,-55.287968,0,D6D11A63-A131-4E74-041D-6E3BD8EFF8FF
45.249348,38.324425,0,D6D11A63-A131-4E74-041D-6E3BD8EFF8FF
45.431843,38.16312,0,D6D11A63-A131-4E74-041D-6E3BD8EFF8FF
45.458626,37.469955,0,D6D11A63-A131-4E74-041D-6E3BD8EFF8FF
49.62093,33.940792,0,D6D11A63-A131-4E74-041D-6E3BD8EFF8FF
49.568222,33.579815,0,D6D11A63-A131-4E74-041D-6E3BD8EFF8FF
48.734333,33.978973,0,D6D11A63-A131-4E74-041D-6E3BD8EFF8FF
54.827538,1.8353928,2,D8D27F81-4F83-E10A-448A-735447867552
54.802082,1.924829,2,D8D27F81-4F83-E10A-448A-735447867552
40.589306,27.711576,2,D8D27F81-4F83-E10A-448A-735447867552
40.726723,28.434313,0,D8D27F81-4F83-E10A-448A-735447867552
40.265717,29.308239,0,D8D27F81-4F83-E10A-448A-735447867552
39.772305,29.833456,0,D8D27F81-4F83-E10A-448A-735447867552
31.792532,8.988115,1,D8D27F81-4F83-E10A-448A-735447867552
31.198391,9.558617,1,D8D27F81-4F83-E10A-448A-735447867552
30.873863,9.7512,1,D8D27F81-4F83-E10A-448A-735447867552
29.741299,10.2722225,1,D8D27F81-4F83-E10A-448A-735447867552
28.443954,10.262625,1,D8D27F81-4F83-E10A-448A-735447867552
28.139648,10.234428,1,D8D27F81-4F83-E10A-448A-735447867552
-39.767708,-8.378272,1,D8D27F81-4F83-E10A-448A-735447867552
-39.72044,-8.728168,1,D8D27F81-4F83-E10A-448A-735447867552
-40.065975,-10.682609,1,D8D27F81-4F83-E10A-448A-735447867552
-40.23275,-10.886148,1,D8D27F81-4F83-E10A-448A-735447867552
-41.319077,-11.663582,1,D8D27F81-4F83-E10A-448A-735447867552
-41.753292,-11.921675,1,D8D27F81-4F83-E10A-448A-735447867552
42.729675,18.994658,2,DA2856BC-D181-9AF0-DC9A-99A9444D5579
25.236727,27.59809,2,DA2856BC-D181-9AF0-DC9A-99A9444D5579
25.132496,27.458088,0,DA2856BC-D181-9AF0-DC9A-99A9444D5579
24.265432,25.886068,0,DA2856BC-D181-9AF0-DC9A-99A9444D5579
23.832365,25.401207,0,DA2856BC-D181-9AF0-DC9A-99A9444D5579
23.423885,25.163694,2,DA2856BC-D181-9AF0-DC9A-99A9444D5579
-28.040892,-19.422667,2,DA2856BC-D181-9AF0-DC9A-99A9444D5579
-27.352348,-19.821728,2,DA2856BC-D181-9AF0-DC9A-99A9444D5579
-26.850212,-20.058266,2,DA2856BC-D181-9AF0-DC9A-99A9444D5579
-26.410017,-20.46793,2,DA2856BC-D181-9AF0-DC9A-99A9444D5579
-9.498324,-32.404385,0,DA2856BC-D181-9AF0-DC9A-99A9444D5579
-9.387479,-32.51354,0,DA2856BC-D181-9AF0-DC9A-99A9444D5579
33.394955,17.140942,2,DA2856BC-D181-9AF0-DC9A-99A9444D5579
33.177162,17.22022,0,DA2856BC-D181-9AF0-DC9A-99A9444D5579
26.491173,17.31305,0,DA2856BC-D181-9AF0-DC9A-99A9444D5579
25.907188,17.259342,0,DA2856BC-D181-9AF0-DC9A-99A9444D5579
24.889908,16.600113,0,DA2856BC-D181-9AF0-DC9A-99A9444D5579
-40.11681,0.15304089,0,DA2856BC-D181-9AF0-DC9A-99A9444D5579
-40.226162,0.9307762,2,DA2856BC-D181-9AF0-DC9A-99A9444D5579
-51.280552,-2.39086,2,DA2856BC-D181-9AF0-DC9A-99A9444D5579
-51.838593,-2.541013,0,DA2856BC-D181-9AF0-DC9A-99A9444D5579
-52.33165,-3.4473495,0,DA2856BC-D181-9AF0-DC9A-99A9444D5579
-52.440514,-4.057884,0,DA2856BC-D181-9AF0-DC9A-99A9444D5579
-59.692745,19.383957,2,DA2856BC-D181-9AF0-DC9A-99A9444D5579
-0.61338484,38.037746,2,DBA0C8C4-AE05-772F-2E53-E6167F8ACB77
-2.9465034,27.644659,2,DBA0C8C4-AE05-772F-2E53-E6167F8ACB77
-2.8175602,27.335276,2,DBA0C8C4-AE05-772F-2E53-E6167F8ACB77
2.341603,16.301075,2,DBA0C8C4-AE05-772F-2E53-E6167F8ACB77
2.4010499,16.023516,2,DBA0C8C4-AE05-772F-2E53-E6167F8ACB77
2.5998828,15.727141,2,DBA0C8C4-AE05-772F-2E53-E6167F8ACB77
-38.07946,-5.7222724,0,DBA0C8C4-AE05-772F-2E53-E6167F8ACB77
-38.62212,-5.658847,2,DBA0C8C4-AE05-772F-2E53-E6167F8ACB77
-58.14262,-6.1418085,2,DBA0C8C4-AE05-772F-2E53-E6167F8ACB77
-58.264877,-5.9492307,2,DBA0C8C4-AE05-772F-2E53-E6167F8ACB77
-58.65895,-5.1139064,0,DBA0C8C4-AE05-772F-2E53-E6167F8ACB77
-51.051006,18.295334,0,DBA0C8C4-AE05-772F-2E53-E6167F8ACB77
-16.164215,4.607461,0,DC0BE0E2-B41E-3D73-47C5-5733952512CB
-15.62536,3.9437213,0,DC0BE0E2-B41E-3D73-47C5-5733952512CB
-15.129252,3.3715687,0,DC0BE0E2-B41E-3D73-47C5-5733952512CB
-14.970859,3.0748444,0,DC0BE0E2-B41E-3D73-47C5-5733952512CB
-15.836869,3.1188133,0,DC0BE0E2-B41E-3D73-47C5-5733952512CB
-16.537127,3.463646,0,DC0BE0E2-B41E-3D73-47C5-5733952512CB
-18.116693,3.968925,0,DC0BE0E2-B41E-3D73-47C5-5733952512CB
-18.486525,4.016917,0,DC0BE0E2-B41E-3D73-47C5-5733952512CB
-19.443317,4.099057,2,DC0BE0E2-B41E-3D73-47C5-5733952512CB
-19.956942,4.2115254,2,DC0BE0E2-B41E-3D73-47C5-5733952512CB
-21.05589,3.8184772,2,DC0BE0E2-B41E-3D73-47C5-5733952512CB
-21.420038,3.680078,2,DC0BE0E2-B41E-3D73-47C5-5733952512CB
-22.783178,2.7464683,2,DC0BE0E2-B41E-3D73-47C5-5733952512CB
-23.060995,2.388611,0,DC0BE0E2-B41E-3D73-47C5-5733952512CB
-23.328543,1.9859719,0,DC0BE0E2-B41E-3D73-47C5-5733952512CB
-6.0741563,-7.7423677,0,DC0BE0E2-B41E-3D73-47C5-5733952512CB
-6.328107,-7.9579372,0,DC0BE0E2-B41E-3D73-47C5-5733952512CB
-7.4408298,-8.51501,0,DC0BE0E2-B41E-3D73-47C5-5733952512CB
-14.294338,-49.94378,2,DC0BE0E2-B41E-3D73-47C5-5733952512CB
-14.210199,-50.066696,2,DC0BE0E2-B41E-3D73-47C5-5733952512CB
-13.588814,-51.325756,2,DC0BE0E2-B41E-3D73-47C5-5733952512CB
-13.491731,-51.482822,2,DC0BE0E2-B41E-3D73-47C5-5733952512CB
-12.862762,-53.42039,0,DC0BE0E2-B41E-3D73-47C5-5733952512CB
-12.83716,-53.46664,0,DC0BE0E2-B41E-3D73-47C5-5733952512CB
-0.25965482,-60.963337,0,DC0BE0E2-B41E-3D73-47C5-5733952512CB
0.45318002,-61.607166,2,DC0BE0E2-B41E-3D73-47C5-5733952512CB
1.2669175,-61.817665,2,DC0BE0E2-B41E-3D73-47C5-5733952512CB
1.7265036,-61.572315,2,DC0BE0E2-B41E-3D73-47C5-5733952512CB
2.9820776,-60.589252,2,DC0BE0E2-B41E-3D73-47C5-5733952512CB
3.2690222,-60.404373,0,DC0BE0E2-B41E-3D73-47C5-5733952512CB
43.586853,30.427998,0,DC0BE0E2-B41E-3D73-47C5-5733952512CB
44.21833,29.813322,0,DC0BE0E2-B41E-3D73-47C5-5733952512CB
44.495804,29.537487,0,DC0BE0E2-B41E-3D73-47C5-5733952512CB
51.31188,27.87054,0,DC0BE0E2-B41E-3D73-47C5-5733952512CB
51.222054,27.856754,2,DC0BE0E2-B41E-3D73-47C5-5733952512CB
53.17374,26.768642,2,DC0BE0E2-B41E-3D73-47C5-5733952512CB
-14.300196,-13.047511,1,DCB45A10-FAF5-53E0-AB53-2D42AC9BB090
6.085004,-29.358955,1,DCB45A10-FAF5-53E0-AB53-2D42AC9BB090
6.5793104,-29.890585,0,DCB45A10-FAF5-53E0-AB53-2D42AC9BB090
6.951087,-30.14604,0,DCB45A10-FAF5-53E0-AB53-2D42AC9BB090
9.281586,-30.231947,0,DCB45A10-FAF5-53E0-AB53-2D42AC9BB090
9.350773,-30.185434,0,DCB45A10-FAF5-53E0-AB53-2D42AC9BB090
7.4904265,21.22734,0,DCB45A10-FAF5-53E0-AB53-2D42AC9BB090
7.417946,20.898775,0,DCB45A10-FAF5-53E0-AB53-2D42AC9BB090
-0.8074939,1.2496381,1,DCB45A10-FAF5-53E0-AB53-2D42AC9BB090
-1.1508996,1.0947155,1,DCB45A10-FAF5-53E0-AB53-2D42AC9BB090
-0.27825645,0.26842594,1,DCB45A10-FAF5-53E0-AB53-2D42AC9BB090
-0.17397451,0.10114908,1,DCB45A10-FAF5-53E0-AB53-2D42AC9BB090
-39.86763,-3.1086273,1,DCB45A10-FAF5-53E0-AB53-2D42AC9BB090
-53.37868,0.690211,1,DCB45A10-FAF5-53E0-AB53-2D42AC9BB090
-53.47791,0.7371525,1,DCB45A10-FAF5-53E0-AB53-2D42AC9BB090
-58.366337,3.3533316,1,DCB45A10-FAF5-53E0-AB53-2D42AC9BB090
-59.58597,4.6580524,1,DCB45A10-FAF5-53E0-AB53-2D42AC9BB090
-59.620728,4.671613,1,DCB45A10-FAF5-53E0-AB53-2D42AC9BB090
-17.147366,67.73794,2,DD956DE9-DEFB-C0C6-82B4-C639A17D6782
3.7169802,56.444656,2,DD956DE9-DEFB-C0C6-82B4-C639A17D6782
3.6431212,56.1063,2,DD956DE9-DEFB-C0C6-82B4-C639A17D6782
3.4970367,55.702637,2,DD956DE9-DEFB-C0C6-82B4-C639A17D6782
-0.14998844,49.46246,2,DD956DE9-DEFB-C0C6-82B4-C639A17D6782
-0.29215804,49.087605,2,DD956DE9-DEFB-C0C6-82B4-C639A17D6782
41.297836,-30.469807,0,DD956DE9-DEFB-C0C6-82B4-C639A17D6782
57.95707,-15.43855,0,DD956DE9-DEFB-C0C6-82B4-C639A17D6782
55.509335,-16.692587,0,DD956DE9-DEFB-C0C6-82B4-C639A17D6782
55.425617,-16.790417,0,DD956DE9-DEFB-C0C6-82B4-C639A17D6782
46.75206,-5.7463975,0,DD956DE9-DEFB-C0C6-82B4-C639A17D6782
46.41978,-4.9284873,2,DD956DE9-DEFB-C0C6-82B4-C639A17D6782
-19.761284,44.08776,0,DD956DE9-DEFB-C0C6-82B4-C639A17D6782
-19.301012,42.88122,2,DD956DE9-DEFB-C0C6-82B4-C639A17D6782
-19.140032,42.03482,2,DD956DE9-DEFB-C0C6-82B4-C639A17D6782
-19.08449,41.210342,2,DD956DE9-DEFB-C0C6-82B4-C639A17D6782
-19.21172,40.43978,2,DD956DE9-DEFB-C0C6-82B4-C639A17D6782
-19.31071,40.082718,2,DD956DE9-DEFB-C0C6-82B4-C639A17D6782
8.228263,-34.825245,0,DD956DE9-DEFB-C0C6-82B4-C639A17D6782
8.267568,-34.49571,0,DD956DE9-DEFB-C0C6-82B4-C639A17D6782
9.2598715,-33.708214,0,DD956DE9-DEFB-C0C6-82B4-C639A17D6782
9.83391,-33.430763,0,DD956DE9-DEFB-C0C6-82B4-C639A17D6782
21.571707,-37.42002,0,DD956DE9-DEFB-C0C6-82B4-C639A17D6782
30.281513,-31.79687,0,DD956DE9-DEFB-C0C6-82B4-C639A17D6782
40.716274,-27.947367,0,DD956DE9-DEFB-C0C6-82B4-C639A17D6782
41.10639,-27.711205,0,DD956DE9-DEFB-C0C6-82B4-C639A17D6782
41.972275,-25.935822,0,DD956DE9-DEFB-C0C6-82B4-C639A17D6782
42.70622,-26.323267,0,DD956DE9-DEFB-C0C6-82B4-C639A17D6782
59.31295,-18.511625,2,DD956DE9-DEFB-C0C6-82B4-C639A17D6782
59.282803,-18.50726,2,DD956DE9-DEFB-C0C6-82B4-C639A17D6782
-15.742189,22.50179,2,DE775A65-68D5-C477-E2F7-BCC1AEF0B850
-15.49608,22.492922,2,DE775A65-68D5-C477-E2F7-BCC1AEF0B850
-4.875208,21.570263,2,DE775A65-68D5-C477-E2F7-BCC1AEF0B850
-4.9416223,20.812922,2,DE775A65-68D5-C477-E2F7-BCC1AEF0B850
-4.9485,20.420156,2,DE775A65-68D5-C477-E2F7-BCC1AEF0B850
-5.248243,19.260569,2,DE775A65-68D5-C477-E2F7-BCC1AEF0B850
-5.548455,18.535107,2,DE775A65-68D5-C477-E2F7-BCC1AEF0B850
-23.191677,-14.769639,2,DE775A65-68D5-C477-E2F7-BCC1AEF0B850
-23.355707,-15.681763,0,DE775A65-68D5-C477-E2F7-BCC1AEF0B850
-23.52505,-16.287615,0,DE775A65-68D5-C477-E2F7-BCC1AEF0B850
-23.25507,-17.45908,0,DE775A65-68D5-C477-E2F7-BCC1AEF0B850
-23.504675,-17.78644,2,DE775A65-68D5-C477-E2F7-BCC1AEF0B850
55.690388,-6.460537,1,DE775A65-68D5-C477-E2F7-BCC1AEF0B850
55.579433,-6.3230124,1,DE775A65-68D5-C477-E2F7-BCC1AEF0B850
52.905067,-3.917232,1,DE775A65-68D5-C477-E2F7-BCC1AEF0B850
52.95872,-3.461279,2,DE775A65-68D5-C477-E2F7-BCC1AEF0B850
56.78042,3.0223439,2,DE775A65-68D5-C477-E2F7-BCC1AEF0B850
56.992493,3.584891,2,DE775A65-68D5-C477-E2F7-BCC1AEF0B850
-55.46995,2.09511,0,DE775A65-68D5-C477-E2F7-BCC1AEF0B850
-55.53062,1.8366231,0,DE775A65-68D5-C477-E2F7-BCC1AEF0B850
-55.364113,3.4190822,0,DE775A65-68D5-C477-E2F7-BCC1AEF0B850
-55.34754,4.2105165,0,DE775A65-68D5-C477-E2F7-BCC1AEF0B850
-55.407604,4.863313,0,DE775A65-68D5-C477-E2F7-BCC1AEF0B850
-46.294537,25.933382,1,DE775A65-68D5-C477-E2F7-BCC1AEF0B850
13.195796,-23.437246,2,DE775A65-68D5-C477-E2F7-BCC1AEF0B850
13.620725,-23.390022,2,DE775A65-68D5-C477-E2F7-BCC1AEF0B850
14.213947,-23.337328,1,DE775A65-68D5-C477-E2F7-BCC1AEF0B850
15.157834,-23.294067,1,DE775A65-68D5-C477-E2F7-BCC1AEF0B850
15.729735,-23.294628,1,DE775A65-68D5-C477-E2F7-BCC1AEF0B850
26.613277,-26.759275,0,DE775A65-68D5-C477-E2F7-BCC1AEF0B850
-19.681921,-2.6216528,2,DF62EF03-DA30-E70A-CA31-03A029C9610A
-19.82359,-2.9457679,2,DF62EF03-DA30-E70A-CA31-03A029C9610A
-20.131584,-3.4818363,2,DF62EF03-DA30-E70A-CA31-03A029C9610A
-36.93585,-30.372143,2,DF62EF03-DA30-E70A-CA31-03A029C9610A
-37.344387,-29.75904,2,DF62EF03-DA30-E70A-CA31-03A029C9610A
-37.462646,-29.541498,2,DF62EF03-DA30-E70A-CA31-03A029C9610A
41.363506,37.426704,2,DF62EF03-DA30-E70A-CA31-03A029C9610A
41.37158,37.400528,2,DF62EF03-DA30-E70A-CA31-03A029C9610A
46.8581,38.8708,2,DF62EF03-DA30-E70A-CA31-03A029C9610A
47.419144,38.645058,2,DF62EF03-DA30-E70A-CA31-03A029C9610A
45.299923,22.436638,0,DF62EF03-DA30-E70A-CA31-03A029C9610A
45.19508,22.362244,0,DF62EF03-DA30-E70A-CA31-03A029C9610A
-51.7581,33.3932,1,DF62EF03-DA30-E70A-CA31-03A029C9610A
-51.81984,33.352676,0,DF62EF03-DA30-E70A-CA31-03A029C9610A
-45.84613,35.502613,0,DF62EF03-DA30-E70A-CA31-03A029C9610A
-45.317116,35.85959,0,DF62EF03-DA30-E70A-CA31-03A029C9610A
-43.87797,35.387722,0,DF62EF03-DA30-E70A-CA31-03A029C9610A
-43.85359,34.672817,0,DF62EF03-DA30-E70A-CA31-03A029C9610A
21.098717,-52.014385,2,E3489F9E-39E2-47B9-24EF-BAACE1438D00
21.425766,-51.91898,2,E3489F9E-39E2-47B9-24EF-BAACE1438D00
33.367542,-48.398792,2,E3489F9E-39E2-47B9-24EF-BAACE1438D00
41.629444,-33.264755,2,E3489F9E-39E2-47B9-24EF-BAACE1438D00
41.774456,-33.196613,0,E3489F9E-39E2-47B9-24EF-BAACE1438D00
42.197395,-33.08708,1,E3489F9E-39E2-47B9-24EF-BAACE1438D00
-26.352226,-22.883045,2,E3489F9E-39E2-47B9-24EF-BAACE1438D00
0.0477931,-41.46442,2,E3489F9E-39E2-47B9-24EF-BAACE1438D00
0.58709836,-41.49603,0,E3489F9E-39E2-47B9-24EF-BAACE1438D00
1.2111332,-41.420006,0,E3489F9E-39E2-47B9-24EF-BAACE1438D00
2.1330993,-40.535152,0,E3489F9E-39E2-47B9-24EF-BAACE1438D00
2.495059,-40.48021,0,E3489F9E-39E2-47B9-24EF-BAACE1438D00
19.283676,-53.995663,0,E3489F9E-39E2-47B9-24EF-BAACE1438D00
20.08089,-54.09497,2,E3489F9E-39E2-47B9-24EF-BAACE1438D00
31.525965,-48.884674,2,E3489F9E-39E2-47B9-24EF-BAACE1438D00
44.853783,-46.25144,0,E3489F9E-39E2-47B9-24EF-BAACE1438D00
45.61819,-45.973793,0,E3489F9E-39E2-47B9-24EF-BAACE1438D00
46.11741,-45.492504,0,E3489F9E-39E2-47B9-24EF-BAACE1438D00
52.969845,-11.65167,2,E49C1269-8AB7-8C8F-FC88-AA92C2F1E260
52.41015,-11.478762,2,E49C1269-8AB7-8C8F-FC88-AA92C2F1E260
51.956043,-11.268863,2,E49C1269-8AB7-8C8F-FC88-AA92C2F1E260
47.548332,-0.11196741,2,E49C1269-8AB7-8C8F-FC88-AA92C2F1E260
47.52908,0.4401222,2,E49C1269-8AB7-8C8F-FC88-AA92C2F1E260
47.280544,1.3975893,1,E49C1269-8AB7-8C8F-FC88-AA92C2F1E260
47.26491,2.4393504,1,E49C1269-8AB7-8C8F-FC88-AA92C2F1E260
47.231674,2.741663,1,E49C1269-8AB7-8C8F-FC88-AA92C2F1E260
29.24781,35.251385,1,E49C1269-8AB7-8C8F-FC88-AA92C2F1E260
28.916754,35.674572,1,E49C1269-8AB7-8C8F-FC88-AA92C2F1E260
28.659958,36.025787,1,E49C1269-8AB7-8C8F-FC88-AA92C2F1E260
28.321056,36.479916,1,E49C1269-8AB7-8C8F-FC88-AA92C2F1E260
56.396942,31.018435,0,E49C1269-8AB7-8C8F-FC88-AA92C2F1E260
55.264168,30.837261,0,E49C1269-8AB7-8C8F-FC88-AA92C2F1E260
55.048656,31.056244,0,E49C1269-8AB7-8C8F-FC88-AA92C2F1E260
52.409103,33.40603,0,E49C1269-8AB7-8C8F-FC88-AA92C2F1E260
44.643284,32.83286,0,E49C1269-8AB7-8C8F-FC88-AA92C2F1E260
44.26897,33.108284,1,E49C1269-8AB7-8C8F-FC88-AA92C2F1E260
-48.950516,19.898409,1,E49C1269-8AB7-8C8F-FC88-AA92C2F1E260
-47.745193,20.21612,1,E49C1269-8AB7-8C8F-FC88-AA92C2F1E260
-47.53787,21.010096,1,E49C1269-8AB7-8C8F-FC88-AA92C2F1E260
-47.47459,21.653465,1,E49C1269-8AB7-8C8F-FC88-AA92C2F1E260
-47.6556,33.766785,1,E49C1269-8AB7-8C8F-FC88-AA92C2F1E260
-47.758553,34.147293,2,E49C1269-8AB7-8C8F-FC88-AA92C2F1E260
1.2509068,-5.533705,2,E49C1269-8AB7-8C8F-FC88-AA92C2F1E260
-2.4269874,5.2794237,1,E49C1269-8AB7-8C8F-FC88-AA92C2F1E260
-2.3744185,5.1939383,1,E49C1269-8AB7-8C8F-FC88-AA92C2F1E260
-10.242494,-5.517089,1,E49C1269-8AB7-8C8F-FC88-AA92C2F1E260
-10.442913,-6.289553,1,E49C1269-8AB7-8C8F-FC88-AA92C2F1E260
-10.489915,-6.658332,1,E49C1269-8AB7-8C8F-FC88-AA92C2F1E260
51.566013,-19.147022,2,E5CCE6B3-2C6E-BE96-602F-3852C8614777
52.814716,-18.51633,2,E5CCE6B3-2C6E-BE96-602F-3852C8614777
53.095642,-18.13379,0,E5CCE6B3-2C6E-BE96-602F-3852C8614777
50.792965,-7.983014,0,E5CCE6B3-2C6E-BE96-602F-3852C8614777
47.915276,6.5000024,2,E5CCE6B3-2C6E-BE96-602F-3852C8614777
47.869938,6.6292768,2,E5CCE6B3-2C6E-BE96-602F-3852C8614777
-37.238632,-2.7973504,2,E5CCE6B3-2C6E-BE96-602F-3852C8614777
-54.894073,-6.1255474,0,E5CCE6B3-2C6E-BE96-602F-3852C8614777
-55.116142,-5.9701877,0,E5CCE6B3-2C6E-BE96-602F-3852C8614777
-52.211792,-1.3153175,0,E5CCE6B3-2C6E-BE96-602F-3852C8614777
-52.04614,0.077125534,0,E5CCE6B3-2C6E-BE96-602F-3852C8614777
-60.62593,16.345974,0,E5CCE6B3-2C6E-BE96-602F-3852C8614777
33.9169,23.148676,2,E5CCE6B3-2C6E-BE96-602F-3852C8614777
33.856358,23.155407,2,E5CCE6B3-2C6E-BE96-602F-3852C8614777
21.408089,19.942997,2,E5CCE6B3-2C6E-BE96-602F-3852C8614777
21.307648,19.942287,2,E5CCE6B3-2C6E-BE96-602F-3852C8614777
-37.583263,0.5459461,2,E5CCE6B3-2C6E-BE96-602F-3852C8614777
-38.08192,0.8138759,2,E5CCE6B3-2C6E-BE96-602F-3852C8614777
62.942455,-17.512491,2,E5F96AC5-AE7E-C4E8-8288-FB2674F43704
62.71762,-17.921064,2,E5F96AC5-AE7E-C4E8-8288-FB2674F43704
62.39957,-18.295465,2,E5F96AC5-AE7E-C4E8-8288-FB2674F43704
55.074947,-18.229946,2,E5F96AC5-AE7E-C4E8-8288-FB2674F43704
63.062588,1.2458876,2,E5F96AC5-AE7E-C4E8-8288-FB2674F43704
63.082706,1.3221096,0,E5F96AC5-AE7E-C4E8-8288-FB2674F43704
-58.015152,16.816912,2,E5F96AC5-AE7E-C4E8-8288-FB2674F43704
-56.303936,23.687046,2,E5F96AC5-AE7E-C4E8-8288-FB2674F43704
-54.80155,32.71959,2,E5F96AC5-AE7E-C4E8-8288-FB2674F43704
-54.747925,32.489967,2,E5F96AC5-AE7E-C4E8-8288-FB2674F43704
-53.436466,32.497005,2,E5F96AC5-AE7E-C4E8-8288-FB2674F43704
-53.29689,32.837765,2,E5F96AC5-AE7E-C4E8-8288-FB2674F43704
38.954887,-41.045635,1,E5F96AC5-AE7E-C4E8-8288-FB2674F43704
58.755394,-12.810511,1,E5F96AC5-AE7E-C4E8-8288-FB2674F43704
59.18809,-11.602714,1,E5F96AC5-AE7E-C4E8-8288-FB2674F43704
59.18272,-10.959994,1,E5F96AC5-AE7E-C4E8-8288-FB2674F43704
56.743195,-0.34239042,1,E5F96AC5-AE7E-C4E8-8288-FB2674F43704
56.660942,-0.21826391,2,E5F96AC5-AE7E-C4E8-8288-FB2674F43704
-34.66208,-3.5868578,0,E5F96AC5-AE7E-C4E8-8288-FB2674F43704
-34.832,-3.87928,0,E5F96AC5-AE7E-C4E8-8288-FB2674F43704
-56.06416,-4.379806,0,E5F96AC5-AE7E-C4E8-8288-FB2674F43704
-55.998684,-4.2007565,2,E5F96AC5-AE7E-C4E8-8288-FB2674F43704
-53.558716,-2.031323,2,E5F96AC5-AE7E-C4E8-8288-FB2674F43704
-58.075825,15.118164,2,E5F96AC5-AE7E-C4E8-8288-FB2674F43704
3.9800687,-55.75596,2,EA788550-E907-E4AC-EAE4-82CC26723E3B
3.7611587,-55.669666,2,EA788550-E907-E4AC-EAE4-82CC26723E3B
3.0971143,-55.303017,2,EA788550-E907-E4AC-EAE4-82CC26723E3B
9.757221,-19.462517,2,EA788550-E907-E4AC-EAE4-82CC26723E3B
9.93575,-19.226112,2,EA788550-E907-E4AC-EAE4-82CC26723E3B
10.090082,-19.00074,2,EA788550-E907-E4AC-EAE4-82CC26723E3B
35.772617,-34.409668,2,EA788550-E907-E4AC-EAE4-82CC26723E3B
35.676796,-33.54229,2,EA788550-E907-E4AC-EAE4-82CC26723E3B
35.912327,-33.256413,2,EA788550-E907-E4AC-EAE4-82CC26723E3B
48.235096,-19.977024,2,EA788550-E907-E4AC-EAE4-82CC26723E3B
56.815838,-11.305218,2,EA788550-E907-E4AC-EAE4-82CC26723E3B
56.969902,-11.0535965,2,EA788550-E907-E4AC-EAE4-82CC26723E3B
-45.42676,22.651918,2,EA788550-E907-E4AC-EAE4-82CC26723E3B
-45.530334,23.68682,2,EA788550-E907-E4AC-EAE4-82CC26723E3B
-45.56358,24.226309,2,EA788550-E907-E4AC-EAE4-82CC26723E3B
-45.392925,24.803335,2,EA788550-E907-E4AC-EAE4-82CC26723E3B
-53.724823,37.69464,2,EA788550-E907-E4AC-EAE4-82CC26723E3B
-53.787807,37.84623,2,EA788550-E907-E4AC-EAE4-82CC26723E3B
0.16014352,-8.66195,0,EC6E2525-212C-1C3A-0B73-74D1B45748E1
0.21001647,-9.093541,0,EC6E2525-212C-1C3A-0B73-74D1B45748E1
0.37407616,-10.089569,0,EC6E2525-212C-1C3A-0B73-74D1B45748E1
0.4701148,-10.578035,0,EC6E2525-212C-1C3A-0B73-74D1B45748E1
-32.631275,-32.088604,0,EC6E2525-212C-1C3A-0B73-74D1B45748E1
-33.026104,-32.090878,0,EC6E2525-212C-1C3A-0B73-74D1B45748E1
12.960168,-50.93491,2,EC6E2525-212C-1C3A-0B73-74D1B45748E1
13.428857,-50.701134,2,EC6E2525-212C-1C3A-0B73-74D1B45748E1
14.118655,-50.490513,2,EC6E2525-212C-1C3A-0B73-74D1B45748E1
26.58557,-52.46009,2,EC6E2525-212C-1C3A-0B73-74D1B45748E1
27.199726,-52.401947,2,EC6E2525-212C-1C3A-0B73-74D1B45748E1
27.860405,-52.568512,2,EC6E2525-212C-1C3A-0B73-74D1B45748E1
21.998821,15.187266,0,EC6E2525-212C-1C3A-0B73-74D1B45748E1
22.5029,15.176073,0,EC6E2525-212C-1C3A-0B73-74D1B45748E1
-33.389965,0.33090162,0,EC6E2525-212C-1C3A-0B73-74D1B45748E1
-32.87274,0.37407863,0,EC6E2525-212C-1C3A-0B73-74D1B45748E1
-32.61113,0.056373846,0,EC6E2525-212C-1C3A-0B73-74D1B45748E1
-32.198395,-0.2615514,0,EC6E2525-212C-1C3A-0B73-74D1B45748E1
1.7583289,11.2798605,0,EC6E2525-212C-1C3A-0B73-74D1B45748E1
-28.835583,-17.50136,0,EC6E2525-212C-1C3A-0B73-74D1B45748E1
-28.771471,-17.73593,0,EC6E2525-212C-1C3A-0B73-74D1B45748E1
-11.765702,-15.972408,0,EC6E2525-212C-1C3A-0B73-74D1B45748E1
-10.329815,-15.34206,0,EC6E2525-212C-1C3A-0B73-74D1B45748E1
-10.021476,-15.290781,0,EC6E2525-212C-1C3A-0B73-74D1B45748E1
-16.348267,66.4311,2,EE62AFCD-B47D-E676-0257-21F92CB612D8
-15.878362,65.46227,2,EE62AFCD-B47D-E676-0257-21F92CB612D8
-8.374108,54.99936,2,EE62AFCD-B47D-E676-0257-21F92CB612D8
1.2319431,46.73175,2,EE62AFCD-B47D-E676-0257-21F92CB612D8
1.44953,46.340206,2,EE62AFCD-B47D-E676-0257-21F92CB612D8
1.7165114,45.758793,2,EE62AFCD-B47D-E676-0257-21F92CB612D8
47.350834,-45.45779,2,EE62AFCD-B47D-E676-0257-21F92CB612D8
62.00698,-10.088277,2,EE62AFCD-B47D-E676-0257-21F92CB612D8
62.090508,-9.81876,2,EE62AFCD-B47D-E676-0257-21F92CB612D8
62.305187,-8.747951,2,EE62AFCD-B47D-E676-0257-21F92CB612D8
62.99516,-7.4362664,2,EE62AFCD-B47D-E676-0257-21F92CB612D8
63.32644,-6.8177857,0,EE62AFCD-B47D-E676-0257-21F92CB612D8
46.402367,27.633337,2,EE62AFCD-B47D-E676-0257-21F92CB612D8
46.889923,27.716206,2,EE62AFCD-B47D-E676-0257-21F92CB612D8
47.755127,28.090694,2,EE62AFCD-B47D-E676-0257-21F92CB612D8
48.1566,28.42959,0,EE62AFCD-B47D-E676-0257-21F92CB612D8
48.716694,29.537958,0,EE62AFCD-B47D-E676-0257-21F92CB612D8
52.996006,30.270172,0,EE62AFCD-B47D-E676-0257-21F92CB612D8
-50.535187,6.366291,0,EE62AFCD-B47D-E676-0257-21F92CB612D8
-50.612534,6.456193,0,EE62AFCD-B47D-E676-0257-21F92CB612D8
-55.368122,19.359055,2,EE62AFCD-B47D-E676-0257-21F92CB612D8
-55.47092,20.086147,2,EE62AFCD-B47D-E676-0257-21F92CB612D8
-56.992626,26.932886,2,EE62AFCD-B47D-E676-0257-21F92CB612D8
-52.881786,36.20172,2,EE62AFCD-B47D-E676-0257-21F92CB612D8
-14.100777,-36.774506,0,EE62AFCD-B47D-E676-0257-21F92CB612D8
-14.199699,-37.336845,2,EE62AFCD-B47D-E676-0257-21F92CB612D8
-13.954216,-38.600067,2,EE62AFCD-B47D-E676-0257-21F92CB612D8
-13.911455,-38.882404,2,EE62AFCD-B47D-E676-0257-21F92CB612D8
2.2273614,-42.468426,0,EE62AFCD-B47D-E676-0257-21F92CB612D8
3.2641587,-43.210846,0,EE62AFCD-B47D-E676-0257-21F92CB612D8
-11.78686,51.063683,2,F1430977-52AF-4F46-BF92-0A8D736CBD2B
-11.968122,50.69711,2,F1430977-52AF-4F46-BF92-0A8D736CBD2B
-12.322394,50.009384,2,F1430977-52AF-4F46-BF92-0A8D736CBD2B
-12.5235405,49.714943,2,F1430977-52AF-4F46-BF92-0A8D736CBD2B
-12.688477,14.364609,2,F1430977-52AF-4F46-BF92-0A8D736CBD2B
-12.61565,14.112326,2,F1430977-52AF-4F46-BF92-0A8D736CBD2B
-9.130188,13.271494,2,F1430977-52AF-4F46-BF92-0A8D736CBD2B
-8.655856,12.889618,2,F1430977-52AF-4F46-BF92-0A8D736CBD2B
-8.143259,12.408678,2,F1430977-52AF-4F46-BF92-0A8D736CBD2B
-7.8997593,11.809917,2,F1430977-52AF-4F46-BF92-0A8D736CBD2B
-7.789636,10.782276,2,F1430977-52AF-4F46-BF92-0A8D736CBD2B
-7.8287706,10.324814,2,F1430977-52AF-4F46-BF92-0A8D736CBD2B
-40.101208,11.020235,1,F1430977-52AF-4F46-BF92-0A8D736CBD2B
-40.11131,11.059289,1,F1430977-52AF-4F46-BF92-0A8D736CBD2B
-56.04829,17.886393,1,F1430977-52AF-4F46-BF92-0A8D736CBD2B
-56.130463,18.078497,2,F1430977-52AF-4F46-BF92-0A8D736CBD2B
-57.873707,25.430702,2,F1430977-52AF-4F46-BF92-0A8D736CBD2B
-57.857483,25.725687,2,F1430977-52AF-4F46-BF92-0A8D736CBD2B
-7.421876,28.309893,2,F752B62E-E95F-A65D-4CB2-8B0252E15F08
-7.215054,28.15297,2,F752B62E-E95F-A65D-4CB2-8B0252E15F08
-6.264876,27.303967,2,F752B62E-E95F-A65D-4CB2-8B0252E15F08
-3.0468762,23.319921,2,F752B62E-E95F-A65D-4CB2-8B0252E15F08
-2.8036227,22.798985,0,F752B62E-E95F-A65D-4CB2-8B0252E15F08
-2.6419039,22.5025,0,F752B62E-E95F-A65D-4CB2-8B0252E15F08
46.04205,-15.104128,0,F752B62E-E95F-A65D-4CB2-8B0252E15F08
46.044933,-15.069071,0,F752B62E-E95F-A65D-4CB2-8B0252E15F08
42.89157,-2.3428314,0,F752B62E-E95F-A65D-4CB2-8B0252E15F08
42.96167,-2.1043603,0,F752B62E-E95F-A65D-4CB2-8B0252E15F08
43.542854,-1.2837074,0,F752B62E-E95F-A65D-4CB2-8B0252E15F08
54.978077,15.202309,1,F752B62E-E95F-A65D-4CB2-8B0252E15F08
54.573208,15.22415,2,F752B62E-E95F-A65D-4CB2-8B0252E15F08
53.718384,15.204451,0,F752B62E-E95F-A65D-4CB2-8B0252E15F08
52.8828,15.055254,0,F752B62E-E95F-A65D-4CB2-8B0252E15F08
52.439053,14.995532,0,F752B62E-E95F-A65D-4CB2-8B0252E15F08
21.446934,3.48455,0,F752B62E-E95F-A65D-4CB2-8B0252E15F08
14.034965,19.498846,0,F752B62E-E95F-A65D-4CB2-8B0252E15F08
49.561333,-47.47088,0,F752B62E-E95F-A65D-4CB2-8B0252E15F08
49.31041,-46.869144,0,F752B62E-E95F-A65D-4CB2-8B0252E15F08
48.61409,-45.8206,2,F752B62E-E95F-A65D-4CB2-8B0252E15F08
60.20375,-14.516801,2,F752B62E-E95F-A65D-4CB2-8B0252E15F08
60.23941,-14.086288,2,F752B62E-E95F-A65D-4CB2-8B0252E15F08
60.29447,-13.757842,2,F752B62E-E95F-A65D-4CB2-8B0252E15F08
23.929985,6.0660872,0,F752B62E-E95F-A65D-4CB2-8B0252E15F08
23.505459,6.2263937,0,F752B62E-E95F-A65D-4CB2-8B0252E15F08
22.812044,6.676525,2,F752B62E-E95F-A65D-4CB2-8B0252E15F08
22.184046,6.8349366,2,F752B62E-E95F-A65D-4CB2-8B0252E15F08
21.580982,6.9180207,2,F752B62E-E95F-A65D-4CB2-8B0252E15F08
-36.52323,2.011584,2,F752B62E-E95F-A65D-4CB2-8B0252E15F08
14.435188,-64.39337,0,FB70D507-2F2A-0F83-3B53-75EB8452F5E0
43.5585,-46.99814,0,FB70D507-2F2A-0F83-3B53-75EB8452F5E0
43.598385,-46.91506,0,FB70D507-2F2A-0F83-3B53-75EB8452F5E0
47.97619,-39.638893,2,FB70D507-2F2A-0F83-3B53-75EB8452F5E0
48.180897,-38.983322,2,FB70D507-2F2A-0F83-3B53-75EB8452F5E0
48.318226,-38.648136,2,FB70D507-2F2A-0F83-3B53-75EB8452F5E0
-15.437526,39.069153,1,FB70D507-2F2A-0F83-3B53-75EB8452F5E0
-15.304622,38.85909,1,FB70D507-2F2A-0F83-3B53-75EB8452F5E0
-15.175458,38.17746,1,FB70D507-2F2A-0F83-3B53-75EB8452F5E0
-12.531652,30.944132,1,FB70D507-2F2A-0F83-3B53-75EB8452F5E0
-12.25853,30.224104,1,FB70D507-2F2A-0F83-3B53-75EB8452F5E0
-12.12532,29.844437,1,FB70D507-2F2A-0F83-3B53-75EB8452F5E0
55.233414,23.04688,2,FB70D507-2F2A-0F83-3B53-75EB8452F5E0
56.439365,18.953573,2,FB70D507-2F2A-0F83-3B53-75EB8452F5E0
56.452312,18.934797,2,FB70D507-2F2A-0F83-3B53-75EB8452F5E0
-18.923365,17.237621,2,FC50071B-D2BA-C98B-AC6E-7339010D56DA
-18.803343,16.995972,2,FC50071B-D2BA-C98B-AC6E-7339010D56DA
-18.293535,16.23794,2,FC50071B-D2BA-C98B-AC6E-7339010D56DA
-17.953173,15.336987,2,FC50071B-D2BA-C98B-AC6E-7339010D56DA
-18.009571,14.760169,2,FC50071B-D2BA-C98B-AC6E-7339010D56DA
-18.061972,14.37008,2,FC50071B-D2BA-C98B-AC6E-7339010D56DA
-68.88052,14.145032,2,FC50071B-D2BA-C98B-AC6E-7339010D56DA
-68.89151,15.041654,2,FC50071B-D2BA-C98B-AC6E-7339010D56DA
-68.95481,15.750008,2,FC50071B-D2BA-C98B-AC6E-7339010D56DA
-69.36059,16.219168,2,FC50071B-D2BA-C98B-AC6E-7339010D56DA
-70.44061,17.127357,2,FC50071B-D2BA-C98B-AC6E-7339010D56DA
-70.64859,17.270668,2,FC50071B-D2BA-C98B-AC6E-7339010D56DA
-44.104267,16.44068,1,FC50071B-D2BA-C98B-AC6E-7339010D56DA
-44.222878,16.65178,2,FC50071B-D2BA-C98B-AC6E-7339010D56DA
-44.723618,17.49269,2,FC50071B-D2BA-C98B-AC6E-7339010D56DA
-50.455284,30.232016,2,FC50071B-D2BA-C98B-AC6E-7339010D56DA
-50.74988,30.49666,2,FC50071B-D2BA-C98B-AC6E-7339010D56DA
-52.16014,30.692179,2,FC50071B-D2BA-C98B-AC6E-7339010D56DA
-24.258598,8.541925,1,FC50071B-D2BA-C98B-AC6E-7339010D56DA
-24.319073,8.361849,1,FC50071B-D2BA-C98B-AC6E-7339010D56DA
-24.540768,7.600879,1,FC50071B-D2BA-C98B-AC6E-7339010D56DA
-24.769873,6.290983,1,FC50071B-D2BA-C98B-AC6E-7339010D56DA
-24.98189,4.746659,0,FC50071B-D2BA-C98B-AC6E-7339010D56DA
-25.048155,4.5962267,0,FC50071B-D2BA-C98B-AC6E-7339010D56DA
-8.671954,49.06028,0,FC66D29E-8CD8-AE29-A071-33549272C1EE
-8.365706,48.952606,0,FC66D29E-8CD8-AE29-A071-33549272C1EE
-7.389382,48.69573,2,FC66D29E-8CD8-AE29-A071-33549272C1EE
-6.5661416,48.1459,2,FC66D29E-8CD8-AE29-A071-33549272C1EE
-6.2241983,47.834312,2,FC66D29E-8CD8-AE29-A071-33549272C1EE
-5.790415,47.01226,2,FC66D29E-8CD8-AE29-A071-33549272C1EE
-13.171215,-24.9339,0,FC66D29E-8CD8-AE29-A071-33549272C1EE
-9.0267725,-28.198107,0,FC66D29E-8CD8-AE29-A071-33549272C1EE
-9.052568,-28.646605,0,FC66D29E-8CD8-AE29-A071-33549272C1EE
-9.034272,-28.912094,0,FC66D29E-8CD8-AE29-A071-33549272C1EE
-7.2335443,-30.82141,0,FC66D29E-8CD8-AE29-A071-33549272C1EE
-7.132641,-30.88315,0,FC66D29E-8CD8-AE29-A071-33549272C1EE
28.682331,-28.85194,0,FC66D29E-8CD8-AE29-A071-33549272C1EE
29.343498,-29.180416,0,FC66D29E-8CD8-AE29-A071-33549272C1EE
29.9282,-29.477016,0,FC66D29E-8CD8-AE29-A071-33549272C1EE
38.117702,-32.68344,0,FC66D29E-8CD8-AE29-A071-33549272C1EE
38.427303,-32.617554,0,FC66D29E-8CD8-AE29-A071-33549272C1EE
55.855556,-13.003495,0,FC66D29E-8CD8-AE29-A071-33549272C1EE
-13.902276,64.592766,2,FFAB0F54-EFF2-FA1A-1892-F9D8ED3C9B31
-2.66554,57.144203,2,FFAB0F54-EFF2-FA1A-1892-F9D8ED3C9B31
-2.6610284,56.476627,2,FFAB0F54-EFF2-FA1A-1892-F9D8ED3C9B31
-3.228209,54.615208,2,FFAB0F54-EFF2-FA1A-1892-F9D8ED3C9B31
-3.3478284,54.278008,2,FFAB0F54-EFF2-FA1A-1892-F9D8ED3C9B31
-2.427835,49.72707,2,FFAB0F54-EFF2-FA1A-1892-F9D8ED3C9B31
-29.49679,-25.576145,2,FFAB0F54-EFF2-FA1A-1892-F9D8ED3C9B31
-29.257908,-25.35735,2,FFAB0F54-EFF2-FA1A-1892-F9D8ED3C9B31
-28.958422,-25.10871,0,FFAB0F54-EFF2-FA1A-1892-F9D8ED3C9B31
-6.015418,-48.52468,0,FFAB0F54-EFF2-FA1A-1892-F9D8ED3C9B31
-5.7625556,-48.60374,0,FFAB0F54-EFF2-FA1A-1892-F9D8ED3C9B31
-3.1439502,-49.409775,0,FFAB0F54-EFF2-FA1A-1892-F9D8ED3C9B31
-2.3218687,-49.727806,2,FFAB0F54-EFF2-FA1A-1892-F9D8ED3C9B31
0.2413229,-49.855305,2,FFAB0F54-EFF2-FA1A-1892-F9D8ED3C9B31
1.0660758,-50.161034,2,FFAB0F54-EFF2-FA1A-1892-F9D8ED3C9B31
1.5051786,-50.377827,2,FFAB0F54-EFF2-FA1A-1892-F9D8ED3C9B31
18.351654,-52.042927,1,FFAB0F54-EFF2-FA1A-1892-F9D8ED3C9B31
18.524939,-52.054832,2,FFAB0F54-EFF2-FA1A-1892-F9D8ED3C9B31
-17.184692,-5.677828,0,FFAB0F54-EFF2-FA1A-1892-F9D8ED3C9B31
-17.130978,-5.9416046,0,FFAB0F54-EFF2-FA1A-1892-F9D8ED3C9B31
-16.758297,-7.191928,0,FFAB0F54-EFF2-FA1A-1892-F9D8ED3C9B31
-16.67219,-7.5935755,0,FFAB0F54-EFF2-FA1A-1892-F9D8ED3C9B31
-16.135101,-9.339953,2,FFAB0F54-EFF2-FA1A-1892-F9D8ED3C9B31
-16.023733,-9.9521675,2,FFAB0F54-EFF2-FA1A-1892-F9D8ED3C9B31
