tsne_x,tsne_y,label_mood,player_id
5.818694,-19.080343,0,018B0D8D-B5EC-09D6-90ED-550058EBFEAF
-18.741066,-12.314134,2,018B0D8D-B5EC-09D6-90ED-550058EBFEAF
6.0189548,9.378457,2,018B0D8D-B5EC-09D6-90ED-550058EBFEAF
6.5008106,9.8752575,2,018B0D8D-B5EC-09D6-90ED-550058EBFEAF
-14.342469,-8.636635,1,018B0D8D-B5EC-09D6-90ED-550058EBFEAF
48.70018,17.201166,1,018B0D8D-B5EC-09D6-90ED-550058EBFEAF
6.955258,-11.463425,2,018B0D8D-B5EC-09D6-90ED-550058EBFEAF
2.4173198,-31.947372,2,018B0D8D-B5EC-09D6-90ED-550058EBFEAF
2.4096265,-31.763365,2,018B0D8D-B5EC-09D6-90ED-550058EBFEAF
20.23221,-29.622065,2,018B0D8D-B5EC-09D6-90ED-550058EBFEAF
23.606306,-1.3876673,2,018B0D8D-B5EC-09D6-90ED-550058EBFEAF
15.729396,30.760107,2,018B0D8D-B5EC-09D6-90ED-550058EBFEAF
18.263613,32.536453,2,018B0D8D-B5EC-09D6-90ED-550058EBFEAF
5.93228,42.85837,2,018B0D8D-B5EC-09D6-90ED-550058EBFEAF
18.337389,32.719593,2,018B0D8D-B5EC-09D6-90ED-550058EBFEAF
14.953292,31.439411,2,018B0D8D-B5EC-09D6-90ED-550058EBFEAF
10.744626,32.566895,0,018B0D8D-B5EC-09D6-90ED-550058EBFEAF
4.984275,10.740353,0,018B0D8D-B5EC-09D6-90ED-550058EBFEAF
2.4328394,-51.620255,0,018B0D8D-B5EC-09D6-90ED-550058EBFEAF
-4.71457,-41.71249,0,018B0D8D-B5EC-09D6-90ED-550058EBFEAF
-11.623677,-31.395132,2,018B0D8D-B5EC-09D6-90ED-550058EBFEAF
-2.94055,-19.22328,2,018B0D8D-B5EC-09D6-90ED-550058EBFEAF
-17.836065,-22.34997,2,018B0D8D-B5EC-09D6-90ED-550058EBFEAF
-22.972925,-9.1144495,2,018B0D8D-B5EC-09D6-90ED-550058EBFEAF
-43.34565,-13.779636,2,018B0D8D-B5EC-09D6-90ED-550058EBFEAF
-43.354656,-13.724111,2,018B0D8D-B5EC-09D6-90ED-550058EBFEAF
-28.196827,-31.552431,0,018B0D8D-B5EC-09D6-90ED-550058EBFEAF
-19.274948,-34.57644,0,018B0D8D-B5EC-09D6-90ED-550058EBFEAF
-11.635248,-21.983522,0,018B0D8D-B5EC-09D6-90ED-550058EBFEAF
-7.9287157,-4.228706,0,018B0D8D-B5EC-09D6-90ED-550058EBFEAF
-46.69862,-7.881699,2,018B0D8D-B5EC-09D6-90ED-550058EBFEAF
-46.54879,-7.768021,2,018B0D8D-B5EC-09D6-90ED-550058EBFEAF
-42.34379,37.755882,2,018B0D8D-B5EC-09D6-90ED-550058EBFEAF
-10.739714,22.678255,2,018B0D8D-B5EC-09D6-90ED-550058EBFEAF
-10.674801,22.693869,2,018B0D8D-B5EC-09D6-90ED-550058EBFEAF
-3.704165,43.438133,2,018B0D8D-B5EC-09D6-90ED-550058EBFEAF
-9.381294,-43.488667,2,0A221ADF-C99E-307E-7B65-92EF9DABA6C4
-40.639782,-13.326243,2,0A221ADF-C99E-307E-7B65-92EF9DABA6C4
-26.385798,-30.626272,2,0A221ADF-C99E-307E-7B65-92EF9DABA6C4
-25.715199,-30.792952,2,0A221ADF-C99E-307E-7B65-92EF9DABA6C4
-0.074496835,1.3207046,0,0A221ADF-C99E-307E-7B65-92EF9DABA6C4
4.7574906,29.056332,0,0A221ADF-C99E-307E-7B65-92EF9DABA6C4
7.611679,-58.44657,2,0A221ADF-C99E-307E-7B65-92EF9DABA6C4
9.422902,-59.72702,2,0A221ADF-C99E-307E-7B65-92EF9DABA6C4
-31.884998,-15.072547,0,0A221ADF-C99E-307E-7B65-92EF9DABA6C4
-5.4172125,18.814049,0,0A221ADF-C99E-307E-7B65-92EF9DABA6C4
3.6665308,13.04485,0,0A221ADF-C99E-307E-7B65-92EF9DABA6C4
20.453022,-2.5311449,2,0A221ADF-C99E-307E-7B65-92EF9DABA6C4
29.901915,0.26570654,2,0A221ADF-C99E-307E-7B65-92EF9DABA6C4
25.81209,4.534222,2,0A221ADF-C99E-307E-7B65-92EF9DABA6C4
25.296913,4.3125644,2,0A221ADF-C99E-307E-7B65-92EF9DABA6C4
5.193935,-8.591503,2,0A221ADF-C99E-307E-7B65-92EF9DABA6C4
-21.292645,-0.051574066,0,0A221ADF-C99E-307E-7B65-92EF9DABA6C4
-22.055363,-17.586731,0,0A221ADF-C99E-307E-7B65-92EF9DABA6C4
-10.709028,-50.00517,2,0A221ADF-C99E-307E-7B65-92EF9DABA6C4
-54.05214,20.675703,2,0A221ADF-C99E-307E-7B65-92EF9DABA6C4
-38.030766,12.3041935,2,0A221ADF-C99E-307E-7B65-92EF9DABA6C4
-19.104473,-22.467607,2,0A221ADF-C99E-307E-7B65-92EF9DABA6C4
7.6284385,-31.11349,0,0A221ADF-C99E-307E-7B65-92EF9DABA6C4
7.616445,-31.21394,0,0A221ADF-C99E-307E-7B65-92EF9DABA6C4
16.632227,34.047276,2,0A221ADF-C99E-307E-7B65-92EF9DABA6C4
-9.968827,10.805764,0,0A221ADF-C99E-307E-7B65-92EF9DABA6C4
-8.352273,-20.826046,0,0A221ADF-C99E-307E-7B65-92EF9DABA6C4
-8.26936,-20.88593,0,0A221ADF-C99E-307E-7B65-92EF9DABA6C4
-9.508566,-37.430077,2,0A221ADF-C99E-307E-7B65-92EF9DABA6C4
-35.475536,-22.74666,2,0A221ADF-C99E-307E-7B65-92EF9DABA6C4
-33.511448,21.019787,2,0A76B59A-F1FF-F3F5-A3CA-2386FA8EF308
45.16187,27.602158,1,0A76B59A-F1FF-F3F5-A3CA-2386FA8EF308
5.1836386,32.382362,1,0A76B59A-F1FF-F3F5-A3CA-2386FA8EF308
13.176708,32.004272,2,0A76B59A-F1FF-F3F5-A3CA-2386FA8EF308
-4.3867903,28.647175,2,0A76B59A-F1FF-F3F5-A3CA-2386FA8EF308
17.218702,10.971463,2,0A76B59A-F1FF-F3F5-A3CA-2386FA8EF308
-2.7518842,18.734339,2,0A76B59A-F1FF-F3F5-A3CA-2386FA8EF308
-7.8411345,0.42035505,2,0A76B59A-F1FF-F3F5-A3CA-2386FA8EF308
-2.1941454,19.230885,0,0A76B59A-F1FF-F3F5-A3CA-2386FA8EF308
44.10095,9.842509,0,0A76B59A-F1FF-F3F5-A3CA-2386FA8EF308
4.249624,42.25661,0,0A76B59A-F1FF-F3F5-A3CA-2386FA8EF308
4.045819,42.00391,2,0A76B59A-F1FF-F3F5-A3CA-2386FA8EF308
50.869434,18.192564,0,0A76B59A-F1FF-F3F5-A3CA-2386FA8EF308
55.11816,16.865303,0,0A76B59A-F1FF-F3F5-A3CA-2386FA8EF308
-9.904778,46.74227,0,0A76B59A-F1FF-F3F5-A3CA-2386FA8EF308
5.3960404,47.937103,2,0A76B59A-F1FF-F3F5-A3CA-2386FA8EF308
4.2121305,47.00776,2,0A76B59A-F1FF-F3F5-A3CA-2386FA8EF308
1.1616454,46.194485,2,0A76B59A-F1FF-F3F5-A3CA-2386FA8EF308
-49.425518,38.85704,2,0A76B59A-F1FF-F3F5-A3CA-2386FA8EF308
-47.718403,40.317463,2,0A76B59A-F1FF-F3F5-A3CA-2386FA8EF308
-53.462357,31.693768,2,0A76B59A-F1FF-F3F5-A3CA-2386FA8EF308
-46.1726,-12.9953985,2,0A76B59A-F1FF-F3F5-A3CA-2386FA8EF308
43.502518,28.696218,1,0AD33010-1AC1-E9FB-2FD4-313E3DF4692D
37.153873,11.564438,1,0AD33010-1AC1-E9FB-2FD4-313E3DF4692D
39.754616,16.564335,0,0AD33010-1AC1-E9FB-2FD4-313E3DF4692D
21.892015,3.5500345,0,0AD33010-1AC1-E9FB-2FD4-313E3DF4692D
21.466282,4.2041764,0,0AD33010-1AC1-E9FB-2FD4-313E3DF4692D
-2.1019506,-41.015324,0,0AD33010-1AC1-E9FB-2FD4-313E3DF4692D
40.720757,10.696061,0,0AD33010-1AC1-E9FB-2FD4-313E3DF4692D
52.83975,9.040174,2,0AD33010-1AC1-E9FB-2FD4-313E3DF4692D
11.096985,-14.415266,2,0AD33010-1AC1-E9FB-2FD4-313E3DF4692D
39.26846,1.0896721,2,0AD33010-1AC1-E9FB-2FD4-313E3DF4692D
39.219067,1.21986,2,0AD33010-1AC1-E9FB-2FD4-313E3DF4692D
5.359003,-30.146244,2,0AD33010-1AC1-E9FB-2FD4-313E3DF4692D
45.84004,18.438889,1,0AD33010-1AC1-E9FB-2FD4-313E3DF4692D
29.132122,17.6328,1,0AD33010-1AC1-E9FB-2FD4-313E3DF4692D
0.6644324,5.1735067,1,0AD33010-1AC1-E9FB-2FD4-313E3DF4692D
-26.202658,16.690594,1,0AD33010-1AC1-E9FB-2FD4-313E3DF4692D
2.3933022,44.279694,1,0AD33010-1AC1-E9FB-2FD4-313E3DF4692D
38.61225,33.947407,1,0AD33010-1AC1-E9FB-2FD4-313E3DF4692D
22.55438,3.1785405,1,0AD33010-1AC1-E9FB-2FD4-313E3DF4692D
32.32006,22.208744,1,0AD33010-1AC1-E9FB-2FD4-313E3DF4692D
32.37751,22.284714,1,0AD33010-1AC1-E9FB-2FD4-313E3DF4692D
32.573833,22.361816,2,0AD33010-1AC1-E9FB-2FD4-313E3DF4692D
42.05075,29.578707,2,0AD33010-1AC1-E9FB-2FD4-313E3DF4692D
6.1365314,48.974102,2,0AD33010-1AC1-E9FB-2FD4-313E3DF4692D
-43.290234,-5.2854543,1,0B5863F1-A482-C95D-EA42-9183B5BDFA12
-37.9264,-17.121792,1,0B5863F1-A482-C95D-EA42-9183B5BDFA12
-37.81168,-17.29184,1,0B5863F1-A482-C95D-EA42-9183B5BDFA12
-38.317528,-16.444525,1,0B5863F1-A482-C95D-EA42-9183B5BDFA12
-38.577274,-9.339168,1,0B5863F1-A482-C95D-EA42-9183B5BDFA12
-23.70551,-16.348692,1,0B5863F1-A482-C95D-EA42-9183B5BDFA12
-38.564426,-9.607361,1,0B5863F1-A482-C95D-EA42-9183B5BDFA12
11.685882,-15.485013,1,0B5863F1-A482-C95D-EA42-9183B5BDFA12
-3.5031548,-1.3314669,0,0B5863F1-A482-C95D-EA42-9183B5BDFA12
-1.3180399,1.3007109,0,0B5863F1-A482-C95D-EA42-9183B5BDFA12
-41.58453,19.19017,0,0B5863F1-A482-C95D-EA42-9183B5BDFA12
-41.277866,18.905151,0,0B5863F1-A482-C95D-EA42-9183B5BDFA12
40.7661,4.873795,2,0B5863F1-A482-C95D-EA42-9183B5BDFA12
40.122578,4.9036965,2,0B5863F1-A482-C95D-EA42-9183B5BDFA12
-9.450902,-6.674441,2,0B5863F1-A482-C95D-EA42-9183B5BDFA12
11.636143,2.6148992,2,0B5863F1-A482-C95D-EA42-9183B5BDFA12
25.305538,-7.7969575,2,0B5863F1-A482-C95D-EA42-9183B5BDFA12
36.829063,8.06549,2,0B5863F1-A482-C95D-EA42-9183B5BDFA12
-48.099377,-8.089124,2,0B5863F1-A482-C95D-EA42-9183B5BDFA12
-4.4505696,-54.60282,2,0B5863F1-A482-C95D-EA42-9183B5BDFA12
-4.87825,-54.340508,2,0B5863F1-A482-C95D-EA42-9183B5BDFA12
-3.5967965,-12.553635,1,0B5863F1-A482-C95D-EA42-9183B5BDFA12
-17.269327,12.540657,1,0B5863F1-A482-C95D-EA42-9183B5BDFA12
-17.296795,12.401974,1,0B5863F1-A482-C95D-EA42-9183B5BDFA12
37.153748,30.627033,1,0D759376-3F10-1BEB-7205-E91B8BF17984
-40.894756,30.504845,1,0D759376-3F10-1BEB-7205-E91B8BF17984
-35.490192,25.54816,1,0D759376-3F10-1BEB-7205-E91B8BF17984
-14.130692,18.819422,1,0D759376-3F10-1BEB-7205-E91B8BF17984
-9.802201,36.725456,1,0D759376-3F10-1BEB-7205-E91B8BF17984
0.6918051,44.478554,1,0D759376-3F10-1BEB-7205-E91B8BF17984
-18.502024,47.226135,2,0D759376-3F10-1BEB-7205-E91B8BF17984
-18.233017,46.976852,2,0D759376-3F10-1BEB-7205-E91B8BF17984
-36.810596,33.001205,2,0D759376-3F10-1BEB-7205-E91B8BF17984
-36.722336,32.994663,2,0D759376-3F10-1BEB-7205-E91B8BF17984
-28.00018,40.207493,2,0D759376-3F10-1BEB-7205-E91B8BF17984
7.5085344,-56.45238,0,0D759376-3F10-1BEB-7205-E91B8BF17984
24.681744,-46.15917,0,0D759376-3F10-1BEB-7205-E91B8BF17984
35.099052,-38.95557,0,0D759376-3F10-1BEB-7205-E91B8BF17984
35.38634,-38.59836,0,0D759376-3F10-1BEB-7205-E91B8BF17984
34.54274,-39.693237,2,0D759376-3F10-1BEB-7205-E91B8BF17984
18.435362,-41.11568,0,0D759376-3F10-1BEB-7205-E91B8BF17984
-7.633676,-49.480198,0,0D759376-3F10-1BEB-7205-E91B8BF17984
60.08049,18.767633,2,0D759376-3F10-1BEB-7205-E91B8BF17984
49.258488,28.215752,2,0D759376-3F10-1BEB-7205-E91B8BF17984
-26.179846,17.955923,2,0D759376-3F10-1BEB-7205-E91B8BF17984
-12.401092,12.848944,2,0D759376-3F10-1BEB-7205-E91B8BF17984
-12.694192,12.43809,2,0D759376-3F10-1BEB-7205-E91B8BF17984
11.977007,14.301149,2,0D759376-3F10-1BEB-7205-E91B8BF17984
51.863537,11.858687,1,0D759376-3F10-1BEB-7205-E91B8BF17984
29.007578,-1.9298762,1,0D759376-3F10-1BEB-7205-E91B8BF17984
-27.966772,-36.20926,2,0D759376-3F10-1BEB-7205-E91B8BF17984
-6.439313,-48.1913,2,0D759376-3F10-1BEB-7205-E91B8BF17984
-27.9972,-36.276882,2,0D759376-3F10-1BEB-7205-E91B8BF17984
4.2014413,-61.836575,2,0D759376-3F10-1BEB-7205-E91B8BF17984
15.289176,-42.223793,0,0F3B2D98-51FE-5265-3746-A0763DE31C98
14.863423,-47.32173,2,0F3B2D98-51FE-5265-3746-A0763DE31C98
11.95899,-38.1883,2,0F3B2D98-51FE-5265-3746-A0763DE31C98
32.525833,-31.740517,2,0F3B2D98-51FE-5265-3746-A0763DE31C98
32.597973,-31.527605,2,0F3B2D98-51FE-5265-3746-A0763DE31C98
11.064393,-43.79864,0,0F3B2D98-51FE-5265-3746-A0763DE31C98
10.770451,-44.049866,0,0F3B2D98-51FE-5265-3746-A0763DE31C98
4.566963,-31.941267,0,0F3B2D98-51FE-5265-3746-A0763DE31C98
4.6264067,-8.4772,2,0F3B2D98-51FE-5265-3746-A0763DE31C98
17.937223,2.135469,2,0F3B2D98-51FE-5265-3746-A0763DE31C98
17.795128,1.7936105,0,0F3B2D98-51FE-5265-3746-A0763DE31C98
-2.3444614,-1.4896884,0,0F3B2D98-51FE-5265-3746-A0763DE31C98
30.583687,-18.688047,1,0F3B2D98-51FE-5265-3746-A0763DE31C98
32.73126,-33.2773,1,0F3B2D98-51FE-5265-3746-A0763DE31C98
32.6676,-33.403362,1,0F3B2D98-51FE-5265-3746-A0763DE31C98
35.367134,-38.0514,1,0F3B2D98-51FE-5265-3746-A0763DE31C98
29.568478,-39.741333,0,0F3B2D98-51FE-5265-3746-A0763DE31C98
10.930746,-56.940273,0,0F3B2D98-51FE-5265-3746-A0763DE31C98
-38.94974,13.189352,2,0F3B2D98-51FE-5265-3746-A0763DE31C98
-24.110712,22.25644,2,0F3B2D98-51FE-5265-3746-A0763DE31C98
-43.150543,20.738762,2,0F3B2D98-51FE-5265-3746-A0763DE31C98
-3.5636706,-43.356037,0,0F3B2D98-51FE-5265-3746-A0763DE31C98
-3.4006855,-43.61187,0,0F3B2D98-51FE-5265-3746-A0763DE31C98
6.985454,-59.217323,0,0F3B2D98-51FE-5265-3746-A0763DE31C98
-41.126278,-6.74212,2,10FFF83C-FD48-DCA7-E554-491C3C1E3EC6
-40.266438,-6.0864205,2,10FFF83C-FD48-DCA7-E554-491C3C1E3EC6
-39.75689,-5.728067,1,10FFF83C-FD48-DCA7-E554-491C3C1E3EC6
-18.85339,-26.119686,1,10FFF83C-FD48-DCA7-E554-491C3C1E3EC6
31.769537,-11.609386,1,10FFF83C-FD48-DCA7-E554-491C3C1E3EC6
39.26462,-9.050862,1,10FFF83C-FD48-DCA7-E554-491C3C1E3EC6
35.94104,18.591415,1,10FFF83C-FD48-DCA7-E554-491C3C1E3EC6
-40.614544,14.651826,1,10FFF83C-FD48-DCA7-E554-491C3C1E3EC6
-27.131449,-10.841386,1,10FFF83C-FD48-DCA7-E554-491C3C1E3EC6
-2.427287,-30.88827,1,10FFF83C-FD48-DCA7-E554-491C3C1E3EC6
58.370716,10.075084,1,10FFF83C-FD48-DCA7-E554-491C3C1E3EC6
58.318283,10.102401,1,10FFF83C-FD48-DCA7-E554-491C3C1E3EC6
17.363295,14.558735,1,10FFF83C-FD48-DCA7-E554-491C3C1E3EC6
27.46828,15.983305,1,10FFF83C-FD48-DCA7-E554-491C3C1E3EC6
19.407778,-63.34367,1,10FFF83C-FD48-DCA7-E554-491C3C1E3EC6
13.776119,-64.783325,0,10FFF83C-FD48-DCA7-E554-491C3C1E3EC6
3.4331264,-54.868572,0,10FFF83C-FD48-DCA7-E554-491C3C1E3EC6
2.7717268,-54.841156,0,10FFF83C-FD48-DCA7-E554-491C3C1E3EC6
13.467994,-43.484898,0,14027B3A-0AD6-CBA3-A600-42B3C0A4D933
13.47979,-43.49347,0,14027B3A-0AD6-CBA3-A600-42B3C0A4D933
5.9175663,-25.156801,2,14027B3A-0AD6-CBA3-A600-42B3C0A4D933
-5.234557,2.5281863,2,14027B3A-0AD6-CBA3-A600-42B3C0A4D933
29.869728,-21.475567,2,14027B3A-0AD6-CBA3-A600-42B3C0A4D933
12.289459,-12.381509,2,14027B3A-0AD6-CBA3-A600-42B3C0A4D933
6.229817,-47.60289,2,14027B3A-0AD6-CBA3-A600-42B3C0A4D933
6.1967297,-47.39388,2,14027B3A-0AD6-CBA3-A600-42B3C0A4D933
-23.721014,-18.855503,2,14027B3A-0AD6-CBA3-A600-42B3C0A4D933
-23.745428,-18.289108,2,14027B3A-0AD6-CBA3-A600-42B3C0A4D933
-17.90177,-9.316496,2,14027B3A-0AD6-CBA3-A600-42B3C0A4D933
9.1416,32.752766,2,14027B3A-0AD6-CBA3-A600-42B3C0A4D933
-42.639046,30.762747,2,14027B3A-0AD6-CBA3-A600-42B3C0A4D933
-42.018112,30.531525,2,14027B3A-0AD6-CBA3-A600-42B3C0A4D933
-41.999344,30.736588,2,14027B3A-0AD6-CBA3-A600-42B3C0A4D933
-21.5272,8.203556,0,14027B3A-0AD6-CBA3-A600-42B3C0A4D933
30.37967,-12.923744,0,14027B3A-0AD6-CBA3-A600-42B3C0A4D933
0.59944564,-51.596455,0,14027B3A-0AD6-CBA3-A600-42B3C0A4D933
-46.142788,34.08778,2,14027B3A-0AD6-CBA3-A600-42B3C0A4D933
2.4060996,44.465706,2,14027B3A-0AD6-CBA3-A600-42B3C0A4D933
4.8707223,16.271616,2,14027B3A-0AD6-CBA3-A600-42B3C0A4D933
27.32824,-40.278812,2,14027B3A-0AD6-CBA3-A600-42B3C0A4D933
6.128132,-36.65858,0,14027B3A-0AD6-CBA3-A600-42B3C0A4D933
9.241084,-56.63868,0,14027B3A-0AD6-CBA3-A600-42B3C0A4D933
-15.344452,48.337757,2,172A62AD-9B69-33E2-1551-9526879D80AC
-15.295941,48.380886,2,172A62AD-9B69-33E2-1551-9526879D80AC
-48.23727,20.212673,2,172A62AD-9B69-33E2-1551-9526879D80AC
13.53636,33.072006,2,172A62AD-9B69-33E2-1551-9526879D80AC
49.57316,22.489897,1,172A62AD-9B69-33E2-1551-9526879D80AC
53.491707,21.349237,1,172A62AD-9B69-33E2-1551-9526879D80AC
-22.70165,-23.858562,2,172A62AD-9B69-33E2-1551-9526879D80AC
-15.709,-25.571896,2,172A62AD-9B69-33E2-1551-9526879D80AC
-36.62356,28.348574,2,172A62AD-9B69-33E2-1551-9526879D80AC
-31.27852,38.335167,2,172A62AD-9B69-33E2-1551-9526879D80AC
-46.887985,36.610245,2,172A62AD-9B69-33E2-1551-9526879D80AC
-46.833454,36.643215,2,172A62AD-9B69-33E2-1551-9526879D80AC
-20.022957,41.655582,2,172A62AD-9B69-33E2-1551-9526879D80AC
-19.185843,41.628536,1,172A62AD-9B69-33E2-1551-9526879D80AC
-2.4309955,-6.701456,1,172A62AD-9B69-33E2-1551-9526879D80AC
0.96291107,-9.937227,1,172A62AD-9B69-33E2-1551-9526879D80AC
0.7216307,-9.874914,2,172A62AD-9B69-33E2-1551-9526879D80AC
-1.0669212,-9.468459,2,172A62AD-9B69-33E2-1551-9526879D80AC
-21.39309,11.450022,2,1AE03BA6-E346-DEB8-4865-276ECC5CD9B1
-13.895904,44.896954,2,1AE03BA6-E346-DEB8-4865-276ECC5CD9B1
-45.420784,35.77943,2,1AE03BA6-E346-DEB8-4865-276ECC5CD9B1
-49.874313,33.360836,1,1AE03BA6-E346-DEB8-4865-276ECC5CD9B1
-45.470818,35.70097,1,1AE03BA6-E346-DEB8-4865-276ECC5CD9B1
-44.013306,37.155273,1,1AE03BA6-E346-DEB8-4865-276ECC5CD9B1
50.45428,27.1343,1,1AE03BA6-E346-DEB8-4865-276ECC5CD9B1
9.514308,-26.83436,1,1AE03BA6-E346-DEB8-4865-276ECC5CD9B1
25.842478,-27.593029,0,1AE03BA6-E346-DEB8-4865-276ECC5CD9B1
11.847571,-4.769156,0,1AE03BA6-E346-DEB8-4865-276ECC5CD9B1
12.045669,-4.1729603,0,1AE03BA6-E346-DEB8-4865-276ECC5CD9B1
-15.016107,-22.316957,2,1AE03BA6-E346-DEB8-4865-276ECC5CD9B1
-15.757119,3.4774165,2,1AE03BA6-E346-DEB8-4865-276ECC5CD9B1
-23.437054,18.755955,2,1AE03BA6-E346-DEB8-4865-276ECC5CD9B1
-27.882004,-9.157679,0,1AE03BA6-E346-DEB8-4865-276ECC5CD9B1
-14.013054,-28.402063,0,1AE03BA6-E346-DEB8-4865-276ECC5CD9B1
4.6582994,-35.275642,0,1AE03BA6-E346-DEB8-4865-276ECC5CD9B1
28.32397,-37.37145,0,1AE03BA6-E346-DEB8-4865-276ECC5CD9B1
31.369482,-41.004868,0,1AE03BA6-E346-DEB8-4865-276ECC5CD9B1
29.86874,-40.96367,0,1AE03BA6-E346-DEB8-4865-276ECC5CD9B1
20.312479,-47.613644,0,1AE03BA6-E346-DEB8-4865-276ECC5CD9B1
6.5559573,-38.22904,0,1AE03BA6-E346-DEB8-4865-276ECC5CD9B1
-4.5802865,14.577725,0,1AE03BA6-E346-DEB8-4865-276ECC5CD9B1
-28.915346,31.214554,2,1AE03BA6-E346-DEB8-4865-276ECC5CD9B1
34.297436,-12.257331,1,1AE03BA6-E346-DEB8-4865-276ECC5CD9B1
37.167152,-32.45955,1,1AE03BA6-E346-DEB8-4865-276ECC5CD9B1
40.13435,-10.774138,1,1AE03BA6-E346-DEB8-4865-276ECC5CD9B1
32.59922,-34.90262,0,1AE03BA6-E346-DEB8-4865-276ECC5CD9B1
34.051815,-35.860874,0,1AE03BA6-E346-DEB8-4865-276ECC5CD9B1
18.538103,-61.38224,0,1AE03BA6-E346-DEB8-4865-276ECC5CD9B1
59.230446,19.566063,1,1AE03BA6-E346-DEB8-4865-276ECC5CD9B1
57.73934,20.590445,1,1AE03BA6-E346-DEB8-4865-276ECC5CD9B1
58.25729,19.83566,1,1AE03BA6-E346-DEB8-4865-276ECC5CD9B1
57.952812,19.748474,1,1AE03BA6-E346-DEB8-4865-276ECC5CD9B1
44.469448,-5.7461452,1,1AE03BA6-E346-DEB8-4865-276ECC5CD9B1
45.139553,-5.4483204,1,1AE03BA6-E346-DEB8-4865-276ECC5CD9B1
39.158535,-7.741575,1,1AE03BA6-E346-DEB8-4865-276ECC5CD9B1
3.950496,-13.579549,1,1AE03BA6-E346-DEB8-4865-276ECC5CD9B1
-8.645523,-10.9705515,1,1AE03BA6-E346-DEB8-4865-276ECC5CD9B1
4.1218214,-13.180303,1,1AE03BA6-E346-DEB8-4865-276ECC5CD9B1
-32.30161,-19.787195,1,1AE03BA6-E346-DEB8-4865-276ECC5CD9B1
-8.166237,-8.905367,1,1AE03BA6-E346-DEB8-4865-276ECC5CD9B1
-0.34649727,-25.331467,2,1F6A56CA-9C73-442F-2682-BB69E4B03AB2
16.796492,-1.9441259,1,1F6A56CA-9C73-442F-2682-BB69E4B03AB2
21.994482,0.9889343,1,1F6A56CA-9C73-442F-2682-BB69E4B03AB2
-0.761467,-24.68811,1,1F6A56CA-9C73-442F-2682-BB69E4B03AB2
-0.61926496,-24.968208,2,1F6A56CA-9C73-442F-2682-BB69E4B03AB2
22.156347,1.9710288,2,1F6A56CA-9C73-442F-2682-BB69E4B03AB2
-40.22468,23.281845,2,1F6A56CA-9C73-442F-2682-BB69E4B03AB2
-40.09715,23.183506,2,1F6A56CA-9C73-442F-2682-BB69E4B03AB2
-44.08194,-12.708337,2,1F6A56CA-9C73-442F-2682-BB69E4B03AB2
34.658993,11.927493,2,1F6A56CA-9C73-442F-2682-BB69E4B03AB2
28.21454,0.80025434,2,1F6A56CA-9C73-442F-2682-BB69E4B03AB2
40.6456,3.1399815,2,1F6A56CA-9C73-442F-2682-BB69E4B03AB2
-35.86398,28.544771,2,1F6A56CA-9C73-442F-2682-BB69E4B03AB2
-23.090773,15.452444,2,1F6A56CA-9C73-442F-2682-BB69E4B03AB2
7.8232646,27.715387,2,1F6A56CA-9C73-442F-2682-BB69E4B03AB2
20.861551,11.787469,2,1F6A56CA-9C73-442F-2682-BB69E4B03AB2
37.69432,19.230394,2,1F6A56CA-9C73-442F-2682-BB69E4B03AB2
-2.8580527,-9.210737,2,1F6A56CA-9C73-442F-2682-BB69E4B03AB2
11.359135,-7.5281057,2,1FA97947-2FB7-D626-8CD3-2426BEEE97D1
1.4137802,14.638388,2,1FA97947-2FB7-D626-8CD3-2426BEEE97D1
1.293558,14.67535,0,1FA97947-2FB7-D626-8CD3-2426BEEE97D1
-17.775364,1.6837329,0,1FA97947-2FB7-D626-8CD3-2426BEEE97D1
43.809334,-4.2242465,0,1FA97947-2FB7-D626-8CD3-2426BEEE97D1
44.22982,-4.9996467,0,1FA97947-2FB7-D626-8CD3-2426BEEE97D1
43.666794,20.240452,1,1FA97947-2FB7-D626-8CD3-2426BEEE97D1
-9.03631,-14.761068,0,1FA97947-2FB7-D626-8CD3-2426BEEE97D1
0.88062644,-54.522205,0,1FA97947-2FB7-D626-8CD3-2426BEEE97D1
7.3559146,-61.527317,0,1FA97947-2FB7-D626-8CD3-2426BEEE97D1
10.964935,-62.42729,0,1FA97947-2FB7-D626-8CD3-2426BEEE97D1
10.6462755,-62.30443,0,1FA97947-2FB7-D626-8CD3-2426BEEE97D1
-5.408306,32.16672,2,1FA97947-2FB7-D626-8CD3-2426BEEE97D1
7.5159316,45.040764,1,1FA97947-2FB7-D626-8CD3-2426BEEE97D1
12.643025,31.935379,2,1FA97947-2FB7-D626-8CD3-2426BEEE97D1
-8.965001,35.599224,2,1FA97947-2FB7-D626-8CD3-2426BEEE97D1
5.106138,45.428444,2,1FA97947-2FB7-D626-8CD3-2426BEEE97D1
5.344564,46.71141,2,1FA97947-2FB7-D626-8CD3-2426BEEE97D1
5.811922,30.465618,2,1FA97947-2FB7-D626-8CD3-2426BEEE97D1
-9.218338,24.99469,2,1FA97947-2FB7-D626-8CD3-2426BEEE97D1
-47.904488,28.959795,2,1FA97947-2FB7-D626-8CD3-2426BEEE97D1
-31.882242,33.301617,2,1FA97947-2FB7-D626-8CD3-2426BEEE97D1
-32.23172,33.017033,2,1FA97947-2FB7-D626-8CD3-2426BEEE97D1
4.580371,45.972942,2,1FA97947-2FB7-D626-8CD3-2426BEEE97D1
-46.919033,30.76387,2,1FA97947-2FB7-D626-8CD3-2426BEEE97D1
-9.389114,-49.809383,2,1FA97947-2FB7-D626-8CD3-2426BEEE97D1
-9.383885,-49.776886,2,1FA97947-2FB7-D626-8CD3-2426BEEE97D1
-9.913108,-50.78786,2,1FA97947-2FB7-D626-8CD3-2426BEEE97D1
-27.32097,-32.297913,2,1FA97947-2FB7-D626-8CD3-2426BEEE97D1
0.74401957,-0.17518136,2,1FA97947-2FB7-D626-8CD3-2426BEEE97D1
-29.000677,35.773277,2,243FE25F-E451-21F6-7EFA-F9DACC7D31CA
-15.479748,29.320555,2,243FE25F-E451-21F6-7EFA-F9DACC7D31CA
-43.905094,10.974247,2,243FE25F-E451-21F6-7EFA-F9DACC7D31CA
-34.040543,-17.124905,2,243FE25F-E451-21F6-7EFA-F9DACC7D31CA
-20.532566,-34.091644,2,243FE25F-E451-21F6-7EFA-F9DACC7D31CA
-29.261414,-29.260159,2,243FE25F-E451-21F6-7EFA-F9DACC7D31CA
-29.390762,-29.230852,2,243FE25F-E451-21F6-7EFA-F9DACC7D31CA
-17.640606,6.575467,2,243FE25F-E451-21F6-7EFA-F9DACC7D31CA
-4.262651,16.025412,2,243FE25F-E451-21F6-7EFA-F9DACC7D31CA
12.982949,33.141365,2,243FE25F-E451-21F6-7EFA-F9DACC7D31CA
9.871363,26.28714,2,243FE25F-E451-21F6-7EFA-F9DACC7D31CA
-52.90747,32.216667,2,243FE25F-E451-21F6-7EFA-F9DACC7D31CA
-23.678759,25.618551,2,243FE25F-E451-21F6-7EFA-F9DACC7D31CA
-23.628254,25.860508,2,243FE25F-E451-21F6-7EFA-F9DACC7D31CA
20.446205,38.222378,2,243FE25F-E451-21F6-7EFA-F9DACC7D31CA
20.28675,38.155075,2,243FE25F-E451-21F6-7EFA-F9DACC7D31CA
6.2708225,24.97748,2,243FE25F-E451-21F6-7EFA-F9DACC7D31CA
-2.672391,-11.668578,2,243FE25F-E451-21F6-7EFA-F9DACC7D31CA
-41.559116,20.477982,2,2656C6B4-988A-A958-5107-5422027AEE1D
-26.427893,31.433065,0,2656C6B4-988A-A958-5107-5422027AEE1D
-12.094312,28.726074,0,2656C6B4-988A-A958-5107-5422027AEE1D
-12.337087,28.801014,0,2656C6B4-988A-A958-5107-5422027AEE1D
9.665025,28.734055,0,2656C6B4-988A-A958-5107-5422027AEE1D
13.07695,31.242332,2,2656C6B4-988A-A958-5107-5422027AEE1D
-44.724617,-16.380777,0,2656C6B4-988A-A958-5107-5422027AEE1D
-48.086697,-4.263482,2,2656C6B4-988A-A958-5107-5422027AEE1D
-48.181515,-3.990136,2,2656C6B4-988A-A958-5107-5422027AEE1D
-54.838978,18.782097,2,2656C6B4-988A-A958-5107-5422027AEE1D
-54.815205,18.792553,2,2656C6B4-988A-A958-5107-5422027AEE1D
11.964277,17.16046,2,2656C6B4-988A-A958-5107-5422027AEE1D
4.6082077,-17.880749,2,2656C6B4-988A-A958-5107-5422027AEE1D
-1.2084583,-29.85712,0,2656C6B4-988A-A958-5107-5422027AEE1D
-0.5441576,-30.643291,0,2656C6B4-988A-A958-5107-5422027AEE1D
-13.719386,-16.53616,0,2656C6B4-988A-A958-5107-5422027AEE1D
18.115967,-1.5066681,0,2656C6B4-988A-A958-5107-5422027AEE1D
18.623743,-2.0371897,2,2656C6B4-988A-A958-5107-5422027AEE1D
-23.9737,22.065323,2,2656C6B4-988A-A958-5107-5422027AEE1D
-8.837363,29.22011,2,2656C6B4-988A-A958-5107-5422027AEE1D
27.267761,3.8041975,2,2656C6B4-988A-A958-5107-5422027AEE1D
39.879246,-9.87939,2,2656C6B4-988A-A958-5107-5422027AEE1D
39.10644,-32.683624,2,2656C6B4-988A-A958-5107-5422027AEE1D
38.940342,-32.946857,0,2656C6B4-988A-A958-5107-5422027AEE1D
7.457705,-54.00906,0,27C12E79-B4DD-AA48-E99E-552C6BAEBA6F
7.4790945,-53.953945,0,27C12E79-B4DD-AA48-E99E-552C6BAEBA6F
7.3467317,-54.232048,1,27C12E79-B4DD-AA48-E99E-552C6BAEBA6F
2.6961803,-48.443905,2,27C12E79-B4DD-AA48-E99E-552C6BAEBA6F
2.864506,-33.58886,2,27C12E79-B4DD-AA48-E99E-552C6BAEBA6F
13.88896,26.777994,2,27C12E79-B4DD-AA48-E99E-552C6BAEBA6F
13.129981,26.315786,2,27C12E79-B4DD-AA48-E99E-552C6BAEBA6F
23.87208,13.367202,2,27C12E79-B4DD-AA48-E99E-552C6BAEBA6F
-3.282332,10.24472,2,27C12E79-B4DD-AA48-E99E-552C6BAEBA6F
8.415012,-23.028086,1,27C12E79-B4DD-AA48-E99E-552C6BAEBA6F
8.357711,-23.205633,1,27C12E79-B4DD-AA48-E99E-552C6BAEBA6F
22.582829,-7.4804373,1,27C12E79-B4DD-AA48-E99E-552C6BAEBA6F
8.850193,-22.714245,0,27C12E79-B4DD-AA48-E99E-552C6BAEBA6F
8.877364,-22.559835,1,27C12E79-B4DD-AA48-E99E-552C6BAEBA6F
9.224969,-21.466362,1,27C12E79-B4DD-AA48-E99E-552C6BAEBA6F
-3.7122593,-29.536964,2,27C12E79-B4DD-AA48-E99E-552C6BAEBA6F
-3.8906105,-28.903751,2,27C12E79-B4DD-AA48-E99E-552C6BAEBA6F
-6.1775174,-26.79425,2,27C12E79-B4DD-AA48-E99E-552C6BAEBA6F
-26.839628,32.34101,2,27C12E79-B4DD-AA48-E99E-552C6BAEBA6F
-23.462044,3.573707,2,27C12E79-B4DD-AA48-E99E-552C6BAEBA6F
-22.267645,17.941221,2,27C12E79-B4DD-AA48-E99E-552C6BAEBA6F
-12.683483,27.03048,2,27C12E79-B4DD-AA48-E99E-552C6BAEBA6F
-16.975174,-30.26415,2,27C12E79-B4DD-AA48-E99E-552C6BAEBA6F
-16.73464,-30.181438,2,27C12E79-B4DD-AA48-E99E-552C6BAEBA6F
7.194356,-25.537638,0,27C12E79-B4DD-AA48-E99E-552C6BAEBA6F
8.46075,-18.239685,0,27C12E79-B4DD-AA48-E99E-552C6BAEBA6F
30.572145,-30.278206,0,27C12E79-B4DD-AA48-E99E-552C6BAEBA6F
30.870693,-30.287584,2,27C12E79-B4DD-AA48-E99E-552C6BAEBA6F
27.988214,-17.924118,2,27C12E79-B4DD-AA48-E99E-552C6BAEBA6F
5.5341043,-11.342332,2,27C12E79-B4DD-AA48-E99E-552C6BAEBA6F
-33.368237,24.575033,0,2C636222-CB43-AB6F-444A-7278047991C7
-33.906635,23.518333,1,2C636222-CB43-AB6F-444A-7278047991C7
-23.323568,35.162735,2,2C636222-CB43-AB6F-444A-7278047991C7
8.493867,31.513369,2,2C636222-CB43-AB6F-444A-7278047991C7
9.7695465,31.783556,2,2C636222-CB43-AB6F-444A-7278047991C7
9.124139,31.493816,2,2C636222-CB43-AB6F-444A-7278047991C7
-15.469994,2.2534783,2,2C636222-CB43-AB6F-444A-7278047991C7
-26.385626,43.46604,2,2C636222-CB43-AB6F-444A-7278047991C7
1.5384005,45.8858,0,2C636222-CB43-AB6F-444A-7278047991C7
31.044802,35.51415,0,2C636222-CB43-AB6F-444A-7278047991C7
41.179718,29.601807,0,2C636222-CB43-AB6F-444A-7278047991C7
36.189835,31.069054,2,2C636222-CB43-AB6F-444A-7278047991C7
-26.06662,-29.525213,2,35FEE4B0-EF25-110F-8D86-5410FA57646B
-17.655119,-12.408864,2,35FEE4B0-EF25-110F-8D86-5410FA57646B
-17.01712,-14.338141,2,35FEE4B0-EF25-110F-8D86-5410FA57646B
-18.767048,-13.814647,2,35FEE4B0-EF25-110F-8D86-5410FA57646B
-19.370249,-13.882459,2,35FEE4B0-EF25-110F-8D86-5410FA57646B
-43.72211,4.2404337,2,35FEE4B0-EF25-110F-8D86-5410FA57646B
-27.641352,-32.829308,2,35FEE4B0-EF25-110F-8D86-5410FA57646B
-21.395166,-5.5492554,2,35FEE4B0-EF25-110F-8D86-5410FA57646B
19.697948,-29.18184,0,35FEE4B0-EF25-110F-8D86-5410FA57646B
36.43371,-14.506164,0,35FEE4B0-EF25-110F-8D86-5410FA57646B
19.469656,-30.046503,0,35FEE4B0-EF25-110F-8D86-5410FA57646B
29.659758,-36.225677,0,35FEE4B0-EF25-110F-8D86-5410FA57646B
-21.55226,-36.349625,2,35FEE4B0-EF25-110F-8D86-5410FA57646B
27.640594,4.0380063,2,35FEE4B0-EF25-110F-8D86-5410FA57646B
26.586756,16.615232,0,35FEE4B0-EF25-110F-8D86-5410FA57646B
46.84662,-0.95050067,0,35FEE4B0-EF25-110F-8D86-5410FA57646B
56.333702,10.376919,0,35FEE4B0-EF25-110F-8D86-5410FA57646B
37.47792,27.546165,0,35FEE4B0-EF25-110F-8D86-5410FA57646B
-4.0900598,13.80612,2,35FEE4B0-EF25-110F-8D86-5410FA57646B
-3.9951258,13.719988,2,35FEE4B0-EF25-110F-8D86-5410FA57646B
-0.62545097,-1.0882562,2,35FEE4B0-EF25-110F-8D86-5410FA57646B
9.622525,-8.012713,2,35FEE4B0-EF25-110F-8D86-5410FA57646B
-16.480816,-16.610487,2,35FEE4B0-EF25-110F-8D86-5410FA57646B
-31.260191,-1.4009569,2,35FEE4B0-EF25-110F-8D86-5410FA57646B
-25.556732,13.670702,2,35FEE4B0-EF25-110F-8D86-5410FA57646B
0.17545012,13.947669,2,35FEE4B0-EF25-110F-8D86-5410FA57646B
-9.027629,28.00427,2,35FEE4B0-EF25-110F-8D86-5410FA57646B
-26.58552,13.60993,2,35FEE4B0-EF25-110F-8D86-5410FA57646B
-26.081848,12.906536,2,35FEE4B0-EF25-110F-8D86-5410FA57646B
-20.645687,-0.6684975,1,35FEE4B0-EF25-110F-8D86-5410FA57646B
4.340091,4.161435,2,35FEE4B0-EF25-110F-8D86-5410FA57646B
22.944424,-7.5013895,2,35FEE4B0-EF25-110F-8D86-5410FA57646B
5.0893703,23.645456,2,35FEE4B0-EF25-110F-8D86-5410FA57646B
0.13113256,49.5057,2,35FEE4B0-EF25-110F-8D86-5410FA57646B
0.530179,49.1927,2,35FEE4B0-EF25-110F-8D86-5410FA57646B
-43.860695,39.789505,2,35FEE4B0-EF25-110F-8D86-5410FA57646B
58.309273,11.624614,1,3FC0B5B3-AC42-BF96-D8EE-10E81EAAACF6
43.04143,-4.9526505,1,3FC0B5B3-AC42-BF96-D8EE-10E81EAAACF6
-9.9338455,-10.494349,2,3FC0B5B3-AC42-BF96-D8EE-10E81EAAACF6
-6.7643056,7.6766047,2,3FC0B5B3-AC42-BF96-D8EE-10E81EAAACF6
-6.5040936,8.000423,2,3FC0B5B3-AC42-BF96-D8EE-10E81EAAACF6
-7.576925,26.935663,2,3FC0B5B3-AC42-BF96-D8EE-10E81EAAACF6
-41.153507,11.828356,2,3FC0B5B3-AC42-BF96-D8EE-10E81EAAACF6
-24.656994,19.271305,2,3FC0B5B3-AC42-BF96-D8EE-10E81EAAACF6
-14.356411,9.043685,2,3FC0B5B3-AC42-BF96-D8EE-10E81EAAACF6
-14.491186,9.603712,2,3FC0B5B3-AC42-BF96-D8EE-10E81EAAACF6
-14.531223,9.693542,1,3FC0B5B3-AC42-BF96-D8EE-10E81EAAACF6
-29.012821,33.54139,2,3FC0B5B3-AC42-BF96-D8EE-10E81EAAACF6
-42.164917,26.569477,2,3FC0B5B3-AC42-BF96-D8EE-10E81EAAACF6
-42.164692,26.639946,2,3FC0B5B3-AC42-BF96-D8EE-10E81EAAACF6
-42.247204,26.524965,2,3FC0B5B3-AC42-BF96-D8EE-10E81EAAACF6
6.4728055,24.187729,2,3FC0B5B3-AC42-BF96-D8EE-10E81EAAACF6
0.64461523,27.562117,2,3FC0B5B3-AC42-BF96-D8EE-10E81EAAACF6
-43.461685,28.849623,2,3FC0B5B3-AC42-BF96-D8EE-10E81EAAACF6
-12.900197,8.451219,2,4690C2DC-C0B5-6C1B-880A-D31C46C8A565
-20.65613,6.019446,2,4690C2DC-C0B5-6C1B-880A-D31C46C8A565
-13.594175,-13.508614,2,4690C2DC-C0B5-6C1B-880A-D31C46C8A565
-13.618293,-13.470995,2,4690C2DC-C0B5-6C1B-880A-D31C46C8A565
15.822856,-11.566078,0,4690C2DC-C0B5-6C1B-880A-D31C46C8A565
16.308407,-11.62037,0,4690C2DC-C0B5-6C1B-880A-D31C46C8A565
13.864979,-20.575886,0,4690C2DC-C0B5-6C1B-880A-D31C46C8A565
-15.818947,5.961087,0,4690C2DC-C0B5-6C1B-880A-D31C46C8A565
-24.527103,21.284199,0,4690C2DC-C0B5-6C1B-880A-D31C46C8A565
13.781452,16.119566,0,4690C2DC-C0B5-6C1B-880A-D31C46C8A565
33.107956,-12.713711,2,4690C2DC-C0B5-6C1B-880A-D31C46C8A565
13.162137,-42.08716,2,4690C2DC-C0B5-6C1B-880A-D31C46C8A565
-46.826447,21.65318,2,4690C2DC-C0B5-6C1B-880A-D31C46C8A565
-46.865665,21.741808,2,4690C2DC-C0B5-6C1B-880A-D31C46C8A565
-53.253384,22.006655,2,4690C2DC-C0B5-6C1B-880A-D31C46C8A565
-53.405773,20.98918,2,4690C2DC-C0B5-6C1B-880A-D31C46C8A565
-53.203754,21.502197,2,4690C2DC-C0B5-6C1B-880A-D31C46C8A565
20.16352,8.108076,2,4690C2DC-C0B5-6C1B-880A-D31C46C8A565
-23.287828,-37.72036,0,4690C2DC-C0B5-6C1B-880A-D31C46C8A565
-19.427917,-18.529312,0,4690C2DC-C0B5-6C1B-880A-D31C46C8A565
-11.3529005,-15.161034,0,4690C2DC-C0B5-6C1B-880A-D31C46C8A565
-9.889629,-17.68431,0,4690C2DC-C0B5-6C1B-880A-D31C46C8A565
44.566917,-2.7655554,2,4690C2DC-C0B5-6C1B-880A-D31C46C8A565
41.431076,5.4397955,2,4690C2DC-C0B5-6C1B-880A-D31C46C8A565
26.387037,-21.495756,2,4690C2DC-C0B5-6C1B-880A-D31C46C8A565
-10.74829,-3.3827732,2,4690C2DC-C0B5-6C1B-880A-D31C46C8A565
-11.016886,-3.3029754,2,4690C2DC-C0B5-6C1B-880A-D31C46C8A565
-25.253824,12.529725,2,4690C2DC-C0B5-6C1B-880A-D31C46C8A565
-5.7136493,43.407402,2,4690C2DC-C0B5-6C1B-880A-D31C46C8A565
-9.669337,43.217262,2,4690C2DC-C0B5-6C1B-880A-D31C46C8A565
45.995964,2.3978333,2,46A9A47E-EDE3-2EF4-2F06-E95AF67D57E1
46.14181,2.7163696,2,46A9A47E-EDE3-2EF4-2F06-E95AF67D57E1
23.915047,-18.166964,2,46A9A47E-EDE3-2EF4-2F06-E95AF67D57E1
24.097273,17.634418,0,46A9A47E-EDE3-2EF4-2F06-E95AF67D57E1
-0.27113876,4.774195,0,46A9A47E-EDE3-2EF4-2F06-E95AF67D57E1
-0.30824336,4.6194606,2,46A9A47E-EDE3-2EF4-2F06-E95AF67D57E1
-53.244892,30.231342,2,46A9A47E-EDE3-2EF4-2F06-E95AF67D57E1
-53.236107,30.137045,2,46A9A47E-EDE3-2EF4-2F06-E95AF67D57E1
-46.959976,17.64908,2,46A9A47E-EDE3-2EF4-2F06-E95AF67D57E1
-20.554537,-10.105208,2,46A9A47E-EDE3-2EF4-2F06-E95AF67D57E1
-26.970808,-24.05223,2,46A9A47E-EDE3-2EF4-2F06-E95AF67D57E1
-26.901686,-24.078875,0,46A9A47E-EDE3-2EF4-2F06-E95AF67D57E1
-17.00804,46.969925,2,46A9A47E-EDE3-2EF4-2F06-E95AF67D57E1
-14.082135,45.575542,2,46A9A47E-EDE3-2EF4-2F06-E95AF67D57E1
-29.620766,36.05953,2,46A9A47E-EDE3-2EF4-2F06-E95AF67D57E1
-46.62619,20.00562,2,46A9A47E-EDE3-2EF4-2F06-E95AF67D57E1
25.408628,18.953436,2,46A9A47E-EDE3-2EF4-2F06-E95AF67D57E1
25.37594,19.050486,0,46A9A47E-EDE3-2EF4-2F06-E95AF67D57E1
35.086323,12.900291,0,46A9A47E-EDE3-2EF4-2F06-E95AF67D57E1
31.313046,-11.503706,0,46A9A47E-EDE3-2EF4-2F06-E95AF67D57E1
28.382866,-29.112972,0,46A9A47E-EDE3-2EF4-2F06-E95AF67D57E1
-6.058748,-35.8032,0,46A9A47E-EDE3-2EF4-2F06-E95AF67D57E1
-6.0539913,-35.84482,0,46A9A47E-EDE3-2EF4-2F06-E95AF67D57E1
-5.5969515,-35.694454,0,46A9A47E-EDE3-2EF4-2F06-E95AF67D57E1
-6.221168,-36.213776,0,46A9A47E-EDE3-2EF4-2F06-E95AF67D57E1
25.126179,-40.942825,0,46A9A47E-EDE3-2EF4-2F06-E95AF67D57E1
-1.4212855,-40.3551,0,46A9A47E-EDE3-2EF4-2F06-E95AF67D57E1
-22.383831,-35.756634,0,46A9A47E-EDE3-2EF4-2F06-E95AF67D57E1
-22.505491,-35.731346,2,46A9A47E-EDE3-2EF4-2F06-E95AF67D57E1
-22.56195,-34.633984,2,46A9A47E-EDE3-2EF4-2F06-E95AF67D57E1
33.45643,-39.869205,0,47494449-E68E-E554-8BB1-ECEEE432E269
27.07959,-37.176174,0,47494449-E68E-E554-8BB1-ECEEE432E269
2.9295552,-29.553278,2,47494449-E68E-E554-8BB1-ECEEE432E269
2.7254167,-29.381224,2,47494449-E68E-E554-8BB1-ECEEE432E269
7.497417,-10.740521,2,47494449-E68E-E554-8BB1-ECEEE432E269
-5.653539,5.5486803,2,47494449-E68E-E554-8BB1-ECEEE432E269
-16.129183,-37.035725,2,47494449-E68E-E554-8BB1-ECEEE432E269
-9.774303,-40.96602,2,47494449-E68E-E554-8BB1-ECEEE432E269
-9.780791,-41.06728,2,47494449-E68E-E554-8BB1-ECEEE432E269
-10.031555,-40.641636,2,47494449-E68E-E554-8BB1-ECEEE432E269
-46.380737,-14.1584,2,47494449-E68E-E554-8BB1-ECEEE432E269
-40.7971,26.646198,2,47494449-E68E-E554-8BB1-ECEEE432E269
56.450237,9.669379,0,48847236-6E23-6E61-57CD-780C68FAA2C2
54.600704,8.860774,0,48847236-6E23-6E61-57CD-780C68FAA2C2
15.809663,13.494349,0,48847236-6E23-6E61-57CD-780C68FAA2C2
15.774631,13.63264,0,48847236-6E23-6E61-57CD-780C68FAA2C2
-19.937565,0.9213811,0,48847236-6E23-6E61-57CD-780C68FAA2C2
-19.75877,1.1220213,0,48847236-6E23-6E61-57CD-780C68FAA2C2
36.814465,32.008373,1,48847236-6E23-6E61-57CD-780C68FAA2C2
36.43418,31.856981,1,48847236-6E23-6E61-57CD-780C68FAA2C2
19.272562,13.949031,1,48847236-6E23-6E61-57CD-780C68FAA2C2
-0.47697997,2.120126,1,48847236-6E23-6E61-57CD-780C68FAA2C2
29.828796,1.6620655,1,48847236-6E23-6E61-57CD-780C68FAA2C2
52.64081,18.14835,1,48847236-6E23-6E61-57CD-780C68FAA2C2
-16.881773,49.927467,2,48847236-6E23-6E61-57CD-780C68FAA2C2
-17.505835,50.37087,2,48847236-6E23-6E61-57CD-780C68FAA2C2
0.36227828,50.006535,0,48847236-6E23-6E61-57CD-780C68FAA2C2
-8.941648,48.879063,0,48847236-6E23-6E61-57CD-780C68FAA2C2
-9.012102,48.202206,0,48847236-6E23-6E61-57CD-780C68FAA2C2
-6.168419,-40.56406,0,48847236-6E23-6E61-57CD-780C68FAA2C2
-4.7993093,28.26347,1,48D32E40-ABB9-E3FB-185C-8A5AA0C44CBF
-1.1982545,6.633056,1,48D32E40-ABB9-E3FB-185C-8A5AA0C44CBF
13.153458,-22.544346,1,48D32E40-ABB9-E3FB-185C-8A5AA0C44CBF
14.718483,7.5792603,1,48D32E40-ABB9-E3FB-185C-8A5AA0C44CBF
58.398083,21.670088,1,48D32E40-ABB9-E3FB-185C-8A5AA0C44CBF
58.522636,21.573511,1,48D32E40-ABB9-E3FB-185C-8A5AA0C44CBF
58.159138,17.396255,2,48D32E40-ABB9-E3FB-185C-8A5AA0C44CBF
49.55207,24.422249,2,48D32E40-ABB9-E3FB-185C-8A5AA0C44CBF
44.242,27.570341,2,48D32E40-ABB9-E3FB-185C-8A5AA0C44CBF
6.944748,32.814194,2,48D32E40-ABB9-E3FB-185C-8A5AA0C44CBF
5.8005004,44.51938,2,48D32E40-ABB9-E3FB-185C-8A5AA0C44CBF
33.926414,18.801346,2,48D32E40-ABB9-E3FB-185C-8A5AA0C44CBF
18.917955,11.215918,1,48D32E40-ABB9-E3FB-185C-8A5AA0C44CBF
-15.791994,-23.124895,2,48D32E40-ABB9-E3FB-185C-8A5AA0C44CBF
10.931911,34.45362,2,48D32E40-ABB9-E3FB-185C-8A5AA0C44CBF
10.675857,34.679695,2,48D32E40-ABB9-E3FB-185C-8A5AA0C44CBF
10.364914,38.372665,0,48D32E40-ABB9-E3FB-185C-8A5AA0C44CBF
10.446612,38.44119,0,48D32E40-ABB9-E3FB-185C-8A5AA0C44CBF
-45.754616,32.65609,2,48D32E40-ABB9-E3FB-185C-8A5AA0C44CBF
-28.679224,41.710896,2,48D32E40-ABB9-E3FB-185C-8A5AA0C44CBF
-46.39958,32.899,2,48D32E40-ABB9-E3FB-185C-8A5AA0C44CBF
-5.857725,42.068077,2,48D32E40-ABB9-E3FB-185C-8A5AA0C44CBF
33.06385,32.95355,1,48D32E40-ABB9-E3FB-185C-8A5AA0C44CBF
43.717407,15.958165,1,48D32E40-ABB9-E3FB-185C-8A5AA0C44CBF
-38.629402,-12.666802,2,4B423110-8A54-A87F-39BB-D68BF033C7FC
-10.558766,-49.27532,2,4B423110-8A54-A87F-39BB-D68BF033C7FC
21.8261,-41.531475,0,4B423110-8A54-A87F-39BB-D68BF033C7FC
8.714239,-41.89121,0,4B423110-8A54-A87F-39BB-D68BF033C7FC
8.875443,-42.00867,0,4B423110-8A54-A87F-39BB-D68BF033C7FC
-4.049539,-39.015682,0,4B423110-8A54-A87F-39BB-D68BF033C7FC
-16.325256,9.634528,2,4B423110-8A54-A87F-39BB-D68BF033C7FC
25.402822,33.483017,2,4B423110-8A54-A87F-39BB-D68BF033C7FC
25.53593,33.39821,2,4B423110-8A54-A87F-39BB-D68BF033C7FC
34.625935,13.722618,2,4B423110-8A54-A87F-39BB-D68BF033C7FC
-2.5035143,-44.553333,0,4B423110-8A54-A87F-39BB-D68BF033C7FC
12.187048,-39.93813,0,4B423110-8A54-A87F-39BB-D68BF033C7FC
-42.949306,-10.965353,2,4B423110-8A54-A87F-39BB-D68BF033C7FC
-1.8144354,-45.97313,2,4B423110-8A54-A87F-39BB-D68BF033C7FC
9.985841,-62.633915,0,4B423110-8A54-A87F-39BB-D68BF033C7FC
14.523488,-62.484135,0,4B423110-8A54-A87F-39BB-D68BF033C7FC
10.767294,-63.4672,0,4B423110-8A54-A87F-39BB-D68BF033C7FC
11.252723,-63.57369,0,4B423110-8A54-A87F-39BB-D68BF033C7FC
-27.08879,28.495222,2,4B423110-8A54-A87F-39BB-D68BF033C7FC
-5.8043756,40.275814,2,4B423110-8A54-A87F-39BB-D68BF033C7FC
13.94915,33.416462,2,4B423110-8A54-A87F-39BB-D68BF033C7FC
-26.038666,38.345734,2,4B423110-8A54-A87F-39BB-D68BF033C7FC
-31.01105,25.593,2,4B423110-8A54-A87F-39BB-D68BF033C7FC
-19.973465,49.88478,0,4B423110-8A54-A87F-39BB-D68BF033C7FC
26.881662,-23.271265,2,4BD5749B-A1D2-E6C9-156F-DF107802D3BE
26.968065,-23.2569,2,4BD5749B-A1D2-E6C9-156F-DF107802D3BE
52.0879,13.24735,2,4BD5749B-A1D2-E6C9-156F-DF107802D3BE
22.01526,-28.00562,2,4BD5749B-A1D2-E6C9-156F-DF107802D3BE
42.776768,3.776675,2,4BD5749B-A1D2-E6C9-156F-DF107802D3BE
42.86573,3.879323,1,4BD5749B-A1D2-E6C9-156F-DF107802D3BE
-46.522133,8.683556,2,4BD5749B-A1D2-E6C9-156F-DF107802D3BE
-51.953106,18.840435,2,4BD5749B-A1D2-E6C9-156F-DF107802D3BE
-51.95418,18.857553,2,4BD5749B-A1D2-E6C9-156F-DF107802D3BE
-52.927444,18.968122,2,4BD5749B-A1D2-E6C9-156F-DF107802D3BE
-47.37232,-6.127835,2,4BD5749B-A1D2-E6C9-156F-DF107802D3BE
-45.939266,10.752318,2,4BD5749B-A1D2-E6C9-156F-DF107802D3BE
-45.94945,10.704288,2,4BD5749B-A1D2-E6C9-156F-DF107802D3BE
-14.072847,-15.391587,2,4BD5749B-A1D2-E6C9-156F-DF107802D3BE
9.170747,-45.72997,2,4BD5749B-A1D2-E6C9-156F-DF107802D3BE
8.128236,-46.159218,0,4BD5749B-A1D2-E6C9-156F-DF107802D3BE
8.392844,-45.937458,0,4BD5749B-A1D2-E6C9-156F-DF107802D3BE
7.0663342,-48.810955,0,4BD5749B-A1D2-E6C9-156F-DF107802D3BE
17.434546,30.387798,1,4BD5749B-A1D2-E6C9-156F-DF107802D3BE
11.479513,18.09611,1,4BD5749B-A1D2-E6C9-156F-DF107802D3BE
11.372451,18.194073,0,4BD5749B-A1D2-E6C9-156F-DF107802D3BE
11.418769,16.148516,0,4BD5749B-A1D2-E6C9-156F-DF107802D3BE
-18.683418,-20.480003,0,4BD5749B-A1D2-E6C9-156F-DF107802D3BE
-49.040634,8.345354,1,4BD5749B-A1D2-E6C9-156F-DF107802D3BE
-38.509388,14.420365,2,4BD5749B-A1D2-E6C9-156F-DF107802D3BE
-3.4555798,0.702889,0,4BD5749B-A1D2-E6C9-156F-DF107802D3BE
24.791824,-18.883121,0,4BD5749B-A1D2-E6C9-156F-DF107802D3BE
-4.865215,-24.499725,0,4BD5749B-A1D2-E6C9-156F-DF107802D3BE
8.218881,-5.3696523,0,4BD5749B-A1D2-E6C9-156F-DF107802D3BE
7.97986,-5.3513126,0,4BD5749B-A1D2-E6C9-156F-DF107802D3BE
-30.041252,-3.3377926,0,4BD5749B-A1D2-E6C9-156F-DF107802D3BE
-6.849817,-25.412453,0,4BD5749B-A1D2-E6C9-156F-DF107802D3BE
4.6533656,-16.377472,0,4BD5749B-A1D2-E6C9-156F-DF107802D3BE
-4.3445687,10.786672,0,4BD5749B-A1D2-E6C9-156F-DF107802D3BE
-20.634195,0.8383577,0,4BD5749B-A1D2-E6C9-156F-DF107802D3BE
-39.913723,4.351558,0,4BD5749B-A1D2-E6C9-156F-DF107802D3BE
-52.95318,28.041538,2,4BFAECAC-0CC2-F9AC-17BB-7343BE737D81
-52.38779,27.933847,0,4BFAECAC-0CC2-F9AC-17BB-7343BE737D81
-51.70428,27.6871,0,4BFAECAC-0CC2-F9AC-17BB-7343BE737D81
14.25562,4.6312037,0,4BFAECAC-0CC2-F9AC-17BB-7343BE737D81
26.468641,-27.61869,0,4BFAECAC-0CC2-F9AC-17BB-7343BE737D81
34.88444,-26.87121,0,4BFAECAC-0CC2-F9AC-17BB-7343BE737D81
-31.111364,38.402054,2,4BFAECAC-0CC2-F9AC-17BB-7343BE737D81
-8.947825,28.857714,2,4BFAECAC-0CC2-F9AC-17BB-7343BE737D81
1.8280655,13.794698,2,4BFAECAC-0CC2-F9AC-17BB-7343BE737D81
-4.66306,10.818409,0,4BFAECAC-0CC2-F9AC-17BB-7343BE737D81
12.9261675,-25.605337,0,4BFAECAC-0CC2-F9AC-17BB-7343BE737D81
2.3666964,-41.6716,0,4BFAECAC-0CC2-F9AC-17BB-7343BE737D81
50.334057,24.078077,1,4CAE9D77-C8A8-2EE8-53D0-7C3C6331B2C5
59.103542,15.942319,1,4CAE9D77-C8A8-2EE8-53D0-7C3C6331B2C5
52.73336,19.532457,1,4CAE9D77-C8A8-2EE8-53D0-7C3C6331B2C5
58.203182,14.584165,1,4CAE9D77-C8A8-2EE8-53D0-7C3C6331B2C5
57.33076,15.061552,1,4CAE9D77-C8A8-2EE8-53D0-7C3C6331B2C5
59.390205,13.90038,1,4CAE9D77-C8A8-2EE8-53D0-7C3C6331B2C5
-52.429363,35.093884,1,4CAE9D77-C8A8-2EE8-53D0-7C3C6331B2C5
-52.361084,35.28745,1,4CAE9D77-C8A8-2EE8-53D0-7C3C6331B2C5
-52.21398,35.470455,1,4CAE9D77-C8A8-2EE8-53D0-7C3C6331B2C5
-46.871647,26.16921,1,4CAE9D77-C8A8-2EE8-53D0-7C3C6331B2C5
49.40628,12.474491,1,4CAE9D77-C8A8-2EE8-53D0-7C3C6331B2C5
54.316902,17.399843,1,4CAE9D77-C8A8-2EE8-53D0-7C3C6331B2C5
-11.819817,-12.364032,2,4CAE9D77-C8A8-2EE8-53D0-7C3C6331B2C5
17.123478,-3.4146721,1,4CAE9D77-C8A8-2EE8-53D0-7C3C6331B2C5
32.407665,-13.100458,1,4CAE9D77-C8A8-2EE8-53D0-7C3C6331B2C5
37.832115,-31.711197,1,4CAE9D77-C8A8-2EE8-53D0-7C3C6331B2C5
35.52973,-32.84598,1,4CAE9D77-C8A8-2EE8-53D0-7C3C6331B2C5
34.893246,-32.345657,1,4CAE9D77-C8A8-2EE8-53D0-7C3C6331B2C5
16.501928,6.531771,1,4CAE9D77-C8A8-2EE8-53D0-7C3C6331B2C5
-22.726433,6.0981536,1,4CAE9D77-C8A8-2EE8-53D0-7C3C6331B2C5
-47.511166,-4.789637,0,4CAE9D77-C8A8-2EE8-53D0-7C3C6331B2C5
-28.447968,-34.390247,0,4CAE9D77-C8A8-2EE8-53D0-7C3C6331B2C5
-11.294346,-53.180237,0,4CAE9D77-C8A8-2EE8-53D0-7C3C6331B2C5
-10.293397,-53.23203,0,4CAE9D77-C8A8-2EE8-53D0-7C3C6331B2C5
23.560492,37.053352,1,4CAE9D77-C8A8-2EE8-53D0-7C3C6331B2C5
-11.109854,-37.985764,1,4CAE9D77-C8A8-2EE8-53D0-7C3C6331B2C5
-10.383752,-38.494305,1,4CAE9D77-C8A8-2EE8-53D0-7C3C6331B2C5
17.99846,-62.25208,0,5690E95B-9747-B2B5-2EE1-16A72200D5CC
31.730856,-40.382904,0,5690E95B-9747-B2B5-2EE1-16A72200D5CC
20.77605,-45.84671,0,5690E95B-9747-B2B5-2EE1-16A72200D5CC
22.650257,-42.3442,0,5690E95B-9747-B2B5-2EE1-16A72200D5CC
9.464425,-61.28277,0,5690E95B-9747-B2B5-2EE1-16A72200D5CC
-2.6311634,-44.16223,0,5690E95B-9747-B2B5-2EE1-16A72200D5CC
-9.998559,-34.093575,2,5690E95B-9747-B2B5-2EE1-16A72200D5CC
-10.019411,-34.51287,2,5690E95B-9747-B2B5-2EE1-16A72200D5CC
2.2494087,14.953763,2,5690E95B-9747-B2B5-2EE1-16A72200D5CC
6.468808,-43.069355,2,5690E95B-9747-B2B5-2EE1-16A72200D5CC
6.396982,-43.255634,2,5690E95B-9747-B2B5-2EE1-16A72200D5CC
2.820615,-46.97532,2,5690E95B-9747-B2B5-2EE1-16A72200D5CC
6.9703712,-56.383152,1,5690E95B-9747-B2B5-2EE1-16A72200D5CC
12.488314,-41.952213,2,5690E95B-9747-B2B5-2EE1-16A72200D5CC
39.391518,6.1973486,2,5690E95B-9747-B2B5-2EE1-16A72200D5CC
9.60681,30.394152,2,5690E95B-9747-B2B5-2EE1-16A72200D5CC
8.900151,29.949614,2,5690E95B-9747-B2B5-2EE1-16A72200D5CC
9.162229,30.042606,2,5690E95B-9747-B2B5-2EE1-16A72200D5CC
-38.94425,31.30629,2,5690E95B-9747-B2B5-2EE1-16A72200D5CC
-38.47642,22.23666,2,5690E95B-9747-B2B5-2EE1-16A72200D5CC
-32.82685,19.197697,2,5690E95B-9747-B2B5-2EE1-16A72200D5CC
-37.980724,21.862785,2,5690E95B-9747-B2B5-2EE1-16A72200D5CC
25.633825,20.487282,2,5690E95B-9747-B2B5-2EE1-16A72200D5CC
-10.758801,27.23021,2,5690E95B-9747-B2B5-2EE1-16A72200D5CC
35.25661,22.806156,2,5690E95B-9747-B2B5-2EE1-16A72200D5CC
18.996183,37.88998,2,5690E95B-9747-B2B5-2EE1-16A72200D5CC
-43.757786,27.80428,2,5690E95B-9747-B2B5-2EE1-16A72200D5CC
-44.254337,26.911263,2,5690E95B-9747-B2B5-2EE1-16A72200D5CC
-53.775753,33.90555,2,5690E95B-9747-B2B5-2EE1-16A72200D5CC
36.523777,-34.51833,1,58CB3C5E-2F5C-31FE-83E8-C6772D99B8D5
34.652077,-26.656767,2,58CB3C5E-2F5C-31FE-83E8-C6772D99B8D5
25.002754,8.621802,2,58CB3C5E-2F5C-31FE-83E8-C6772D99B8D5
25.081944,8.677107,2,58CB3C5E-2F5C-31FE-83E8-C6772D99B8D5
36.599987,34.40969,2,58CB3C5E-2F5C-31FE-83E8-C6772D99B8D5
-9.677866,47.746883,2,58CB3C5E-2F5C-31FE-83E8-C6772D99B8D5
26.825895,-37.31364,0,58CB3C5E-2F5C-31FE-83E8-C6772D99B8D5
41.969196,-6.309476,0,58CB3C5E-2F5C-31FE-83E8-C6772D99B8D5
37.67627,-8.988839,2,58CB3C5E-2F5C-31FE-83E8-C6772D99B8D5
37.37077,-9.873029,2,58CB3C5E-2F5C-31FE-83E8-C6772D99B8D5
12.770423,23.245264,2,58CB3C5E-2F5C-31FE-83E8-C6772D99B8D5
-3.1136355,1.3396585,0,58CB3C5E-2F5C-31FE-83E8-C6772D99B8D5
21.373114,-29.128038,0,5CD23052-9069-615B-22B2-CB8E9A2413C9
7.2548447,-13.610105,0,5CD23052-9069-615B-22B2-CB8E9A2413C9
24.574093,3.279505,0,5CD23052-9069-615B-22B2-CB8E9A2413C9
19.748226,7.2888794,1,5CD23052-9069-615B-22B2-CB8E9A2413C9
19.575981,7.166711,1,5CD23052-9069-615B-22B2-CB8E9A2413C9
44.825455,-4.3292093,1,5CD23052-9069-615B-22B2-CB8E9A2413C9
2.5266488,-23.18331,0,5CD23052-9069-615B-22B2-CB8E9A2413C9
-6.4055285,-44.444202,0,5CD23052-9069-615B-22B2-CB8E9A2413C9
-6.3105965,-44.244797,0,5CD23052-9069-615B-22B2-CB8E9A2413C9
-2.8609343,26.207047,1,5CD23052-9069-615B-22B2-CB8E9A2413C9
31.229582,31.50216,1,5CD23052-9069-615B-22B2-CB8E9A2413C9
33.820717,25.305918,1,5CD23052-9069-615B-22B2-CB8E9A2413C9
39.144836,14.68672,1,5CD23052-9069-615B-22B2-CB8E9A2413C9
14.470025,5.756781,0,5CD23052-9069-615B-22B2-CB8E9A2413C9
26.387897,-26.221626,0,5CD23052-9069-615B-22B2-CB8E9A2413C9
3.4219956,-36.244884,0,5CD23052-9069-615B-22B2-CB8E9A2413C9
-9.23103,-26.659122,0,5CD23052-9069-615B-22B2-CB8E9A2413C9
-9.47,-26.297077,0,5CD23052-9069-615B-22B2-CB8E9A2413C9
-29.344864,16.45981,0,5CD23052-9069-615B-22B2-CB8E9A2413C9
-10.060958,28.808443,0,5CD23052-9069-615B-22B2-CB8E9A2413C9
-3.1467392,23.347702,0,5CD23052-9069-615B-22B2-CB8E9A2413C9
-12.2326355,44.240955,0,5CD23052-9069-615B-22B2-CB8E9A2413C9
43.758747,26.549883,0,5CD23052-9069-615B-22B2-CB8E9A2413C9
55.96705,16.171568,1,5CD23052-9069-615B-22B2-CB8E9A2413C9
23.951742,-37.537067,0,5CD23052-9069-615B-22B2-CB8E9A2413C9
25.690983,-20.623749,0,5CD23052-9069-615B-22B2-CB8E9A2413C9
26.435497,-0.9800096,0,5CD23052-9069-615B-22B2-CB8E9A2413C9
26.689081,-1.1526597,0,5CD23052-9069-615B-22B2-CB8E9A2413C9
14.034625,26.93825,0,5CD23052-9069-615B-22B2-CB8E9A2413C9
43.573105,30.202175,1,5CD23052-9069-615B-22B2-CB8E9A2413C9
48.170326,7.8001494,0,5CD23052-9069-615B-22B2-CB8E9A2413C9
36.695957,8.285374,0,5CD23052-9069-615B-22B2-CB8E9A2413C9
6.6959605,22.568499,0,5CD23052-9069-615B-22B2-CB8E9A2413C9
-1.0731221,-12.208926,0,5CD23052-9069-615B-22B2-CB8E9A2413C9
-2.5563846,-12.349106,0,5CD23052-9069-615B-22B2-CB8E9A2413C9
-1.0004262,-12.2168865,0,5CD23052-9069-615B-22B2-CB8E9A2413C9
34.65406,22.671991,0,5CD23052-9069-615B-22B2-CB8E9A2413C9
20.3494,38.8532,0,5CD23052-9069-615B-22B2-CB8E9A2413C9
5.2944517,25.444105,2,5CD23052-9069-615B-22B2-CB8E9A2413C9
38.70165,20.220669,2,5CD23052-9069-615B-22B2-CB8E9A2413C9
-10.93874,21.629805,2,5CD23052-9069-615B-22B2-CB8E9A2413C9
-43.958004,27.5087,2,5CD23052-9069-615B-22B2-CB8E9A2413C9
-6.6498737,-15.272155,1,5E491E0A-C580-29BE-4329-ED7BFF843D0D
-41.570236,-19.278202,0,5E491E0A-C580-29BE-4329-ED7BFF843D0D
-41.55005,-19.180725,0,5E491E0A-C580-29BE-4329-ED7BFF843D0D
-23.954699,-33.814194,0,5E491E0A-C580-29BE-4329-ED7BFF843D0D
-24.14283,-33.837536,0,5E491E0A-C580-29BE-4329-ED7BFF843D0D
-10.712937,-48.73312,0,5E491E0A-C580-29BE-4329-ED7BFF843D0D
-16.541481,-27.431839,0,5E491E0A-C580-29BE-4329-ED7BFF843D0D
-7.5135694,-13.022134,0,5E491E0A-C580-29BE-4329-ED7BFF843D0D
-48.81274,17.622026,0,5E491E0A-C580-29BE-4329-ED7BFF843D0D
-48.80652,17.755754,0,5E491E0A-C580-29BE-4329-ED7BFF843D0D
-34.072235,3.7308571,2,5E491E0A-C580-29BE-4329-ED7BFF843D0D
-34.34086,3.7220888,2,5E491E0A-C580-29BE-4329-ED7BFF843D0D
-44.339973,19.36137,2,5F222604-CB86-1ABA-EB7B-31FF78B7BE93
-44.609158,19.519728,2,5F222604-CB86-1ABA-EB7B-31FF78B7BE93
-43.9031,19.868366,2,5F222604-CB86-1ABA-EB7B-31FF78B7BE93
-11.457482,26.026411,2,5F222604-CB86-1ABA-EB7B-31FF78B7BE93
19.797466,9.503017,2,5F222604-CB86-1ABA-EB7B-31FF78B7BE93
18.117485,11.64798,1,5F222604-CB86-1ABA-EB7B-31FF78B7BE93
-4.4127026,6.5977716,2,5F222604-CB86-1ABA-EB7B-31FF78B7BE93
-8.179713,-15.618897,2,5F222604-CB86-1ABA-EB7B-31FF78B7BE93
-8.277795,-15.580649,2,5F222604-CB86-1ABA-EB7B-31FF78B7BE93
-20.968512,-33.124317,2,5F222604-CB86-1ABA-EB7B-31FF78B7BE93
-21.634127,-32.254528,2,5F222604-CB86-1ABA-EB7B-31FF78B7BE93
-21.514952,-32.34061,2,5F222604-CB86-1ABA-EB7B-31FF78B7BE93
-22.261295,-6.1934934,2,5F222604-CB86-1ABA-EB7B-31FF78B7BE93
-42.485706,-9.443756,2,5F222604-CB86-1ABA-EB7B-31FF78B7BE93
-42.36104,-9.400466,2,5F222604-CB86-1ABA-EB7B-31FF78B7BE93
-34.988216,-25.107632,2,5F222604-CB86-1ABA-EB7B-31FF78B7BE93
-34.652306,-25.821615,2,5F222604-CB86-1ABA-EB7B-31FF78B7BE93
-21.14781,41.677246,2,5F222604-CB86-1ABA-EB7B-31FF78B7BE93
-16.55994,51.084522,2,5F222604-CB86-1ABA-EB7B-31FF78B7BE93
1.0903282,49.969646,2,5F222604-CB86-1ABA-EB7B-31FF78B7BE93
48.62945,24.602005,2,5F222604-CB86-1ABA-EB7B-31FF78B7BE93
30.411797,34.880047,2,5F222604-CB86-1ABA-EB7B-31FF78B7BE93
3.476111,46.393585,2,5F222604-CB86-1ABA-EB7B-31FF78B7BE93
-16.862732,41.165085,2,5F222604-CB86-1ABA-EB7B-31FF78B7BE93
-8.177149,42.02802,2,623D68EC-1C36-4E39-4317-BE7B59F593D2
-10.660091,33.82283,2,623D68EC-1C36-4E39-4317-BE7B59F593D2
-1.4852483,-4.067912,2,623D68EC-1C36-4E39-4317-BE7B59F593D2
27.933222,-15.512236,0,623D68EC-1C36-4E39-4317-BE7B59F593D2
27.928822,-15.535042,0,623D68EC-1C36-4E39-4317-BE7B59F593D2
24.19775,-37.843372,0,623D68EC-1C36-4E39-4317-BE7B59F593D2
-9.793387,-32.377487,2,623D68EC-1C36-4E39-4317-BE7B59F593D2
-34.039875,-13.956131,2,623D68EC-1C36-4E39-4317-BE7B59F593D2
-36.435818,-12.786252,2,623D68EC-1C36-4E39-4317-BE7B59F593D2
-36.85718,-12.703222,2,623D68EC-1C36-4E39-4317-BE7B59F593D2
-34.074226,-13.993375,2,623D68EC-1C36-4E39-4317-BE7B59F593D2
-7.994022,-52.630516,0,623D68EC-1C36-4E39-4317-BE7B59F593D2
-23.15288,40.949635,2,623D68EC-1C36-4E39-4317-BE7B59F593D2
-23.241207,40.785656,2,623D68EC-1C36-4E39-4317-BE7B59F593D2
-18.896675,13.468915,1,623D68EC-1C36-4E39-4317-BE7B59F593D2
-34.215973,10.173515,2,623D68EC-1C36-4E39-4317-BE7B59F593D2
-35.18047,10.422071,2,623D68EC-1C36-4E39-4317-BE7B59F593D2
-34.115234,10.260634,2,623D68EC-1C36-4E39-4317-BE7B59F593D2
-48.573246,34.68736,2,623D68EC-1C36-4E39-4317-BE7B59F593D2
-48.16423,35.13195,2,623D68EC-1C36-4E39-4317-BE7B59F593D2
-22.217041,49.061928,2,623D68EC-1C36-4E39-4317-BE7B59F593D2
23.484062,-26.210869,2,623D68EC-1C36-4E39-4317-BE7B59F593D2
23.007778,-25.852621,2,623D68EC-1C36-4E39-4317-BE7B59F593D2
9.184963,-9.515942,2,623D68EC-1C36-4E39-4317-BE7B59F593D2
-7.1785617,-10.661918,2,623D68EC-1C36-4E39-4317-BE7B59F593D2
-3.7451172,3.952233,2,623D68EC-1C36-4E39-4317-BE7B59F593D2
1.2770123,23.419691,2,623D68EC-1C36-4E39-4317-BE7B59F593D2
2.3235648,23.88961,2,623D68EC-1C36-4E39-4317-BE7B59F593D2
1.77159,23.664768,2,623D68EC-1C36-4E39-4317-BE7B59F593D2
-39.30043,13.395105,2,623D68EC-1C36-4E39-4317-BE7B59F593D2
-39.434185,32.372356,2,623D68EC-1C36-4E39-4317-BE7B59F593D2
33.276028,36.015892,2,62A1F053-1EA8-7433-090E-89D450314F41
9.191136,46.298668,2,62A1F053-1EA8-7433-090E-89D450314F41
9.668452,45.299477,2,62A1F053-1EA8-7433-090E-89D450314F41
9.798809,45.162075,2,62A1F053-1EA8-7433-090E-89D450314F41
22.930305,30.271887,2,62A1F053-1EA8-7433-090E-89D450314F41
23.08146,29.93039,2,62A1F053-1EA8-7433-090E-89D450314F41
46.809486,21.415735,2,62A1F053-1EA8-7433-090E-89D450314F41
42.722904,17.543257,2,62A1F053-1EA8-7433-090E-89D450314F41
7.5752783,-6.325146,0,62A1F053-1EA8-7433-090E-89D450314F41
7.342387,-6.054482,0,62A1F053-1EA8-7433-090E-89D450314F41
-3.323904,1.9478203,0,62A1F053-1EA8-7433-090E-89D450314F41
-5.609967,-22.36592,0,62A1F053-1EA8-7433-090E-89D450314F41
-12.28098,7.6214695,0,62A1F053-1EA8-7433-090E-89D450314F41
8.277602,-0.6092857,0,62A1F053-1EA8-7433-090E-89D450314F41
8.394903,-0.6925145,0,62A1F053-1EA8-7433-090E-89D450314F41
31.350672,-10.291265,1,62A1F053-1EA8-7433-090E-89D450314F41
13.241253,-29.418648,2,62A1F053-1EA8-7433-090E-89D450314F41
3.5442111,-50.032234,2,62A1F053-1EA8-7433-090E-89D450314F41
-42.168175,-8.093044,2,62A1F053-1EA8-7433-090E-89D450314F41
-26.828684,-31.477324,1,62A1F053-1EA8-7433-090E-89D450314F41
3.7704592,-56.085957,1,62A1F053-1EA8-7433-090E-89D450314F41
16.81037,-50.700794,1,62A1F053-1EA8-7433-090E-89D450314F41
21.226751,19.812822,2,62A1F053-1EA8-7433-090E-89D450314F41
9.621025,21.93128,2,62A1F053-1EA8-7433-090E-89D450314F41
-10.971764,27.997574,2,647C581E-E72F-0765-F94A-065909B99374
24.420181,18.458317,2,647C581E-E72F-0765-F94A-065909B99374
15.443067,28.396559,2,647C581E-E72F-0765-F94A-065909B99374
15.403171,28.46244,2,647C581E-E72F-0765-F94A-065909B99374
15.673133,28.034311,2,647C581E-E72F-0765-F94A-065909B99374
7.710492,29.486128,2,647C581E-E72F-0765-F94A-065909B99374
-12.782718,4.6515064,2,647C581E-E72F-0765-F94A-065909B99374
-21.554115,3.6049871,2,647C581E-E72F-0765-F94A-065909B99374
-17.288332,-0.723271,2,647C581E-E72F-0765-F94A-065909B99374
-17.112734,-0.86058366,2,647C581E-E72F-0765-F94A-065909B99374
-12.987082,4.813993,2,647C581E-E72F-0765-F94A-065909B99374
-19.422531,28.451807,2,647C581E-E72F-0765-F94A-065909B99374
-26.50393,6.687662,0,647C581E-E72F-0765-F94A-065909B99374
-30.829634,16.344555,0,647C581E-E72F-0765-F94A-065909B99374
35.007984,-28.919834,0,647C581E-E72F-0765-F94A-065909B99374
26.102913,-35.685326,0,647C581E-E72F-0765-F94A-065909B99374
22.06325,-44.675114,0,647C581E-E72F-0765-F94A-065909B99374
16.695192,-60.16126,0,647C581E-E72F-0765-F94A-065909B99374
43.17303,27.013628,1,647C581E-E72F-0765-F94A-065909B99374
17.079649,32.519596,1,647C581E-E72F-0765-F94A-065909B99374
16.141575,32.19754,1,647C581E-E72F-0765-F94A-065909B99374
52.520447,13.309039,1,647C581E-E72F-0765-F94A-065909B99374
44.47262,6.9094505,1,647C581E-E72F-0765-F94A-065909B99374
44.543568,6.636853,1,647C581E-E72F-0765-F94A-065909B99374
49.62519,16.143833,1,64A0EC69-0CE2-8405-0FFC-D63A7F55E703
51.653294,14.358189,1,64A0EC69-0CE2-8405-0FFC-D63A7F55E703
52.9072,11.481443,1,64A0EC69-0CE2-8405-0FFC-D63A7F55E703
53.008324,11.749229,1,64A0EC69-0CE2-8405-0FFC-D63A7F55E703
27.064877,5.0183187,1,64A0EC69-0CE2-8405-0FFC-D63A7F55E703
42.02543,11.705433,1,64A0EC69-0CE2-8405-0FFC-D63A7F55E703
36.493256,-30.342482,0,64A0EC69-0CE2-8405-0FFC-D63A7F55E703
36.484306,-30.36473,0,64A0EC69-0CE2-8405-0FFC-D63A7F55E703
35.186768,-16.89369,0,64A0EC69-0CE2-8405-0FFC-D63A7F55E703
57.800938,14.089552,0,64A0EC69-0CE2-8405-0FFC-D63A7F55E703
58.457897,13.567427,1,64A0EC69-0CE2-8405-0FFC-D63A7F55E703
58.485474,10.939038,1,64A0EC69-0CE2-8405-0FFC-D63A7F55E703
35.04257,29.108635,1,64A0EC69-0CE2-8405-0FFC-D63A7F55E703
11.865092,30.776993,1,64A0EC69-0CE2-8405-0FFC-D63A7F55E703
-10.858597,4.985123,1,64A0EC69-0CE2-8405-0FFC-D63A7F55E703
60.55753,12.357407,1,64A0EC69-0CE2-8405-0FFC-D63A7F55E703
60.228516,20.036036,1,64A0EC69-0CE2-8405-0FFC-D63A7F55E703
60.19605,20.206247,1,64A0EC69-0CE2-8405-0FFC-D63A7F55E703
-23.997377,-18.152018,2,66E9719B-D383-AA87-7FAB-D9B4ABE7011C
-15.94712,-23.586185,2,66E9719B-D383-AA87-7FAB-D9B4ABE7011C
14.108994,-45.64644,2,66E9719B-D383-AA87-7FAB-D9B4ABE7011C
14.432141,-46.19521,2,66E9719B-D383-AA87-7FAB-D9B4ABE7011C
-32.494553,-15.641322,2,66E9719B-D383-AA87-7FAB-D9B4ABE7011C
-41.64701,-2.6106026,2,66E9719B-D383-AA87-7FAB-D9B4ABE7011C
4.526075,-58.968758,0,66E9719B-D383-AA87-7FAB-D9B4ABE7011C
-27.931803,-23.648918,0,66E9719B-D383-AA87-7FAB-D9B4ABE7011C
-27.648056,40.867676,0,66E9719B-D383-AA87-7FAB-D9B4ABE7011C
-47.348915,31.817184,0,66E9719B-D383-AA87-7FAB-D9B4ABE7011C
-43.298252,38.45971,0,66E9719B-D383-AA87-7FAB-D9B4ABE7011C
-48.41536,32.808846,2,66E9719B-D383-AA87-7FAB-D9B4ABE7011C
-8.321938,29.623327,0,66E9719B-D383-AA87-7FAB-D9B4ABE7011C
17.229671,30.281374,0,66E9719B-D383-AA87-7FAB-D9B4ABE7011C
35.7449,17.551435,0,66E9719B-D383-AA87-7FAB-D9B4ABE7011C
11.882659,-23.902609,2,66E9719B-D383-AA87-7FAB-D9B4ABE7011C
11.765814,-23.736439,2,66E9719B-D383-AA87-7FAB-D9B4ABE7011C
19.03347,-14.352324,2,66E9719B-D383-AA87-7FAB-D9B4ABE7011C
4.04182,-4.5352297,2,66E9719B-D383-AA87-7FAB-D9B4ABE7011C
4.0858417,-4.653337,0,66E9719B-D383-AA87-7FAB-D9B4ABE7011C
-5.314096,-46.413002,0,66E9719B-D383-AA87-7FAB-D9B4ABE7011C
-5.1429343,-46.694782,0,66E9719B-D383-AA87-7FAB-D9B4ABE7011C
-30.190498,-32.404446,0,66E9719B-D383-AA87-7FAB-D9B4ABE7011C
-14.64449,-24.07678,2,66E9719B-D383-AA87-7FAB-D9B4ABE7011C
21.59928,-44.065445,0,68339CF4-6AFB-7EFB-40EA-238612F8E5A4
25.911818,-18.836046,2,68339CF4-6AFB-7EFB-40EA-238612F8E5A4
8.375081,-8.2619915,2,68339CF4-6AFB-7EFB-40EA-238612F8E5A4
5.4198785,13.039511,2,68339CF4-6AFB-7EFB-40EA-238612F8E5A4
6.4516,28.683037,2,68339CF4-6AFB-7EFB-40EA-238612F8E5A4
6.4144974,28.640577,2,68339CF4-6AFB-7EFB-40EA-238612F8E5A4
-4.525096,-43.19354,0,68339CF4-6AFB-7EFB-40EA-238612F8E5A4
0.25055978,-20.021585,2,68339CF4-6AFB-7EFB-40EA-238612F8E5A4
-5.1387286,30.645056,2,68339CF4-6AFB-7EFB-40EA-238612F8E5A4
-24.15258,20.50717,2,68339CF4-6AFB-7EFB-40EA-238612F8E5A4
13.816541,-37.810673,2,68339CF4-6AFB-7EFB-40EA-238612F8E5A4
32.6283,-38.97538,0,68339CF4-6AFB-7EFB-40EA-238612F8E5A4
-0.53351617,-51.15028,0,68339CF4-6AFB-7EFB-40EA-238612F8E5A4
-0.5036662,-51.366177,1,68339CF4-6AFB-7EFB-40EA-238612F8E5A4
-42.290955,-5.3908215,1,68339CF4-6AFB-7EFB-40EA-238612F8E5A4
-29.673807,8.28593,1,68339CF4-6AFB-7EFB-40EA-238612F8E5A4
-48.102608,30.82396,2,68339CF4-6AFB-7EFB-40EA-238612F8E5A4
-46.76113,34.14771,2,68339CF4-6AFB-7EFB-40EA-238612F8E5A4
-44.93426,30.775463,2,68339CF4-6AFB-7EFB-40EA-238612F8E5A4
-46.290066,18.971577,2,68339CF4-6AFB-7EFB-40EA-238612F8E5A4
-2.9476287,4.9033046,2,68339CF4-6AFB-7EFB-40EA-238612F8E5A4
10.518562,-13.185959,0,68339CF4-6AFB-7EFB-40EA-238612F8E5A4
8.924608,-61.123238,0,68339CF4-6AFB-7EFB-40EA-238612F8E5A4
8.574698,-60.99739,0,68339CF4-6AFB-7EFB-40EA-238612F8E5A4
-0.5539211,31.596542,1,68339CF4-6AFB-7EFB-40EA-238612F8E5A4
-2.542236,14.173184,1,68339CF4-6AFB-7EFB-40EA-238612F8E5A4
-2.1574972,14.194325,1,68339CF4-6AFB-7EFB-40EA-238612F8E5A4
-22.139235,0.73059887,1,68339CF4-6AFB-7EFB-40EA-238612F8E5A4
-8.6144085,34.863297,1,68339CF4-6AFB-7EFB-40EA-238612F8E5A4
1.8549076,25.8408,2,68339CF4-6AFB-7EFB-40EA-238612F8E5A4
-47.642647,41.01087,0,6B1E25A6-882B-DDD7-CE4F-4EC17A0906CF
-48.032497,40.742786,0,6B1E25A6-882B-DDD7-CE4F-4EC17A0906CF
-32.063885,0.55520964,0,6B1E25A6-882B-DDD7-CE4F-4EC17A0906CF
-32.193256,0.6221058,1,6B1E25A6-882B-DDD7-CE4F-4EC17A0906CF
18.241056,7.773759,1,6B1E25A6-882B-DDD7-CE4F-4EC17A0906CF
31.8981,28.29199,1,6B1E25A6-882B-DDD7-CE4F-4EC17A0906CF
-40.82366,7.9636965,2,6B1E25A6-882B-DDD7-CE4F-4EC17A0906CF
-40.857296,8.043764,2,6B1E25A6-882B-DDD7-CE4F-4EC17A0906CF
-51.594006,37.23581,2,6B1E25A6-882B-DDD7-CE4F-4EC17A0906CF
-51.602196,37.203865,2,6B1E25A6-882B-DDD7-CE4F-4EC17A0906CF
-51.823025,31.116276,2,6B1E25A6-882B-DDD7-CE4F-4EC17A0906CF
-51.945786,31.608297,2,6B1E25A6-882B-DDD7-CE4F-4EC17A0906CF
-18.52121,-5.177262,1,6B1E25A6-882B-DDD7-CE4F-4EC17A0906CF
-10.664959,11.654866,1,6B1E25A6-882B-DDD7-CE4F-4EC17A0906CF
-35.441826,20.476345,0,6B1E25A6-882B-DDD7-CE4F-4EC17A0906CF
-34.209034,28.420023,0,6B1E25A6-882B-DDD7-CE4F-4EC17A0906CF
-34.506096,28.201271,0,6B1E25A6-882B-DDD7-CE4F-4EC17A0906CF
-34.383827,28.345856,2,6B1E25A6-882B-DDD7-CE4F-4EC17A0906CF
42.678524,31.864185,1,6B1E25A6-882B-DDD7-CE4F-4EC17A0906CF
46.0932,24.087666,1,6B1E25A6-882B-DDD7-CE4F-4EC17A0906CF
46.033955,23.902178,0,6B1E25A6-882B-DDD7-CE4F-4EC17A0906CF
-7.0749106,20.961327,0,6B1E25A6-882B-DDD7-CE4F-4EC17A0906CF
-7.999148,21.123377,0,6B1E25A6-882B-DDD7-CE4F-4EC17A0906CF
-7.918269,21.125443,1,6B1E25A6-882B-DDD7-CE4F-4EC17A0906CF
-47.47704,39.106464,2,6B690AF9-8440-1C43-B353-FA85266AA12C
-47.46873,38.913235,2,6B690AF9-8440-1C43-B353-FA85266AA12C
-32.185486,18.74067,2,6B690AF9-8440-1C43-B353-FA85266AA12C
14.075668,-21.018194,1,6B690AF9-8440-1C43-B353-FA85266AA12C
-17.918198,26.704369,1,6B690AF9-8440-1C43-B353-FA85266AA12C
-3.6924937,32.244488,1,6B690AF9-8440-1C43-B353-FA85266AA12C
-17.622992,50.992268,2,6B690AF9-8440-1C43-B353-FA85266AA12C
1.9811686,49.420082,2,6B690AF9-8440-1C43-B353-FA85266AA12C
4.3019395,49.337215,2,6B690AF9-8440-1C43-B353-FA85266AA12C
-28.626736,42.53862,2,6B690AF9-8440-1C43-B353-FA85266AA12C
-28.470535,42.645813,2,6B690AF9-8440-1C43-B353-FA85266AA12C
7.72157,16.503763,1,6B690AF9-8440-1C43-B353-FA85266AA12C
-22.665783,-16.416212,1,6B690AF9-8440-1C43-B353-FA85266AA12C
12.126597,18.613428,1,6B690AF9-8440-1C43-B353-FA85266AA12C
25.262527,15.239018,1,6B690AF9-8440-1C43-B353-FA85266AA12C
47.79455,20.828438,1,6B690AF9-8440-1C43-B353-FA85266AA12C
43.804886,17.710249,1,6B690AF9-8440-1C43-B353-FA85266AA12C
55.261707,18.167608,1,6B690AF9-8440-1C43-B353-FA85266AA12C
35.513725,-14.484457,1,6B690AF9-8440-1C43-B353-FA85266AA12C
-14.0706215,-4.568637,1,6B690AF9-8440-1C43-B353-FA85266AA12C
-38.63815,17.47322,1,6B690AF9-8440-1C43-B353-FA85266AA12C
-38.696217,17.595924,1,6B690AF9-8440-1C43-B353-FA85266AA12C
-42.857437,19.978382,1,6B690AF9-8440-1C43-B353-FA85266AA12C
-51.004154,32.026207,1,6B690AF9-8440-1C43-B353-FA85266AA12C
45.642315,22.465229,2,6B690AF9-8440-1C43-B353-FA85266AA12C
22.97194,14.155795,2,6B690AF9-8440-1C43-B353-FA85266AA12C
38.060696,19.495417,2,6B690AF9-8440-1C43-B353-FA85266AA12C
11.252527,3.6980345,2,6B690AF9-8440-1C43-B353-FA85266AA12C
-32.774666,9.693621,2,6B690AF9-8440-1C43-B353-FA85266AA12C
-32.74119,9.633285,2,6B690AF9-8440-1C43-B353-FA85266AA12C
-24.164469,5.3728127,0,6C9454F6-2AA4-4C25-0387-C6CA7AFC4C13
-22.02068,5.4599333,2,6C9454F6-2AA4-4C25-0387-C6CA7AFC4C13
-22.34604,4.881953,2,6C9454F6-2AA4-4C25-0387-C6CA7AFC4C13
-3.526155,31.465908,2,6C9454F6-2AA4-4C25-0387-C6CA7AFC4C13
8.9713955,-50.271336,2,6C9454F6-2AA4-4C25-0387-C6CA7AFC4C13
0.19932917,-41.73019,2,6C9454F6-2AA4-4C25-0387-C6CA7AFC4C13
-24.197063,-25.268515,0,6C9454F6-2AA4-4C25-0387-C6CA7AFC4C13
-12.699892,-27.834576,0,6C9454F6-2AA4-4C25-0387-C6CA7AFC4C13
-48.118954,7.3294997,0,6C9454F6-2AA4-4C25-0387-C6CA7AFC4C13
-47.75934,7.15207,0,6C9454F6-2AA4-4C25-0387-C6CA7AFC4C13
-42.39302,-12.52534,0,6C9454F6-2AA4-4C25-0387-C6CA7AFC4C13
-24.621002,33.896675,0,6C9454F6-2AA4-4C25-0387-C6CA7AFC4C13
-50.89166,34.297997,2,6C9454F6-2AA4-4C25-0387-C6CA7AFC4C13
-50.889523,34.205006,2,6C9454F6-2AA4-4C25-0387-C6CA7AFC4C13
-46.34272,40.226944,2,6C9454F6-2AA4-4C25-0387-C6CA7AFC4C13
-17.761122,49.201923,2,6C9454F6-2AA4-4C25-0387-C6CA7AFC4C13
-24.543379,45.22778,0,6C9454F6-2AA4-4C25-0387-C6CA7AFC4C13
-9.87144,-43.95,0,6C9454F6-2AA4-4C25-0387-C6CA7AFC4C13
-15.33206,-10.615676,2,6E42D32E-048C-D829-197E-7950E78F58CB
-16.69645,-11.561468,2,6E42D32E-048C-D829-197E-7950E78F58CB
-15.983922,-11.212794,2,6E42D32E-048C-D829-197E-7950E78F58CB
-27.340067,-3.0047452,2,6E42D32E-048C-D829-197E-7950E78F58CB
-41.57124,1.1301708,2,6E42D32E-048C-D829-197E-7950E78F58CB
-41.416813,0.5025299,2,6E42D32E-048C-D829-197E-7950E78F58CB
-6.5487256,9.847505,2,6E42D32E-048C-D829-197E-7950E78F58CB
-11.190225,7.783532,2,6E42D32E-048C-D829-197E-7950E78F58CB
-11.332662,31.247377,2,6E42D32E-048C-D829-197E-7950E78F58CB
-11.342254,31.529205,2,6E42D32E-048C-D829-197E-7950E78F58CB
-26.492273,-1.4459821,2,6E42D32E-048C-D829-197E-7950E78F58CB
-26.605133,-1.2601072,2,6E42D32E-048C-D829-197E-7950E78F58CB
37.592064,15.189736,1,6E42D32E-048C-D829-197E-7950E78F58CB
-0.3781637,42.452045,1,6E42D32E-048C-D829-197E-7950E78F58CB
22.749758,31.82004,1,6E42D32E-048C-D829-197E-7950E78F58CB
58.04459,19.136759,1,6E42D32E-048C-D829-197E-7950E78F58CB
48.129475,26.663328,1,6E42D32E-048C-D829-197E-7950E78F58CB
52.13844,24.163094,2,6E42D32E-048C-D829-197E-7950E78F58CB
-5.585433,-28.877481,1,70432028-81AF-D67A-251E-D2F807AB93CF
-5.068768,-30.673058,1,70432028-81AF-D67A-251E-D2F807AB93CF
-4.8809123,-30.499033,2,70432028-81AF-D67A-251E-D2F807AB93CF
-5.88382,-28.239374,2,70432028-81AF-D67A-251E-D2F807AB93CF
-4.6542516,-25.824608,2,70432028-81AF-D67A-251E-D2F807AB93CF
-4.558186,-25.912476,2,70432028-81AF-D67A-251E-D2F807AB93CF
-2.8823125,-32.77014,0,70432028-81AF-D67A-251E-D2F807AB93CF
15.149249,26.071756,2,70432028-81AF-D67A-251E-D2F807AB93CF
7.4456234,41.772182,2,70432028-81AF-D67A-251E-D2F807AB93CF
7.4384418,47.849545,2,70432028-81AF-D67A-251E-D2F807AB93CF
7.5151825,47.828514,2,70432028-81AF-D67A-251E-D2F807AB93CF
1.1220664,47.880905,2,70432028-81AF-D67A-251E-D2F807AB93CF
32.585335,-9.941476,0,70432028-81AF-D67A-251E-D2F807AB93CF
33.447212,-9.58622,2,70432028-81AF-D67A-251E-D2F807AB93CF
33.293236,-9.602617,2,70432028-81AF-D67A-251E-D2F807AB93CF
20.94227,-17.430624,2,70432028-81AF-D67A-251E-D2F807AB93CF
26.797068,-18.77775,2,70432028-81AF-D67A-251E-D2F807AB93CF
49.38038,17.058424,2,70432028-81AF-D67A-251E-D2F807AB93CF
42.78152,28.3573,2,70432028-81AF-D67A-251E-D2F807AB93CF
50.75241,23.92225,2,70432028-81AF-D67A-251E-D2F807AB93CF
45.782967,27.803518,2,70432028-81AF-D67A-251E-D2F807AB93CF
14.079087,17.289988,2,70432028-81AF-D67A-251E-D2F807AB93CF
32.078068,2.2270114,0,70432028-81AF-D67A-251E-D2F807AB93CF
16.4978,-44.939423,0,70432028-81AF-D67A-251E-D2F807AB93CF
-13.019395,-7.1849303,1,70432028-81AF-D67A-251E-D2F807AB93CF
-15.667593,-18.17301,1,70432028-81AF-D67A-251E-D2F807AB93CF
-26.586048,-6.403262,1,70432028-81AF-D67A-251E-D2F807AB93CF
-27.49369,-6.8543744,2,70432028-81AF-D67A-251E-D2F807AB93CF
-26.027782,-6.182746,2,70432028-81AF-D67A-251E-D2F807AB93CF
-52.6747,26.5209,2,70432028-81AF-D67A-251E-D2F807AB93CF
13.566082,-49.780704,0,70432028-81AF-D67A-251E-D2F807AB93CF
-2.3891685,-28.828323,0,70432028-81AF-D67A-251E-D2F807AB93CF
31.15254,-27.359173,0,70432028-81AF-D67A-251E-D2F807AB93CF
4.1870227,-45.211765,2,70432028-81AF-D67A-251E-D2F807AB93CF
16.911161,-0.25393534,0,718078D1-70DB-2916-366D-1119A22DCD7F
17.09007,0.08189788,0,718078D1-70DB-2916-366D-1119A22DCD7F
-28.94932,5.1500373,0,718078D1-70DB-2916-366D-1119A22DCD7F
-29.126137,5.101027,0,718078D1-70DB-2916-366D-1119A22DCD7F
-28.422712,38.75192,1,718078D1-70DB-2916-366D-1119A22DCD7F
31.853401,33.377155,1,718078D1-70DB-2916-366D-1119A22DCD7F
9.885344,-29.716621,1,718078D1-70DB-2916-366D-1119A22DCD7F
11.426223,-8.581941,2,718078D1-70DB-2916-366D-1119A22DCD7F
-1.2109799,-0.4815737,2,718078D1-70DB-2916-366D-1119A22DCD7F
-0.75596005,-0.0119131375,2,718078D1-70DB-2916-366D-1119A22DCD7F
15.319235,30.561825,2,718078D1-70DB-2916-366D-1119A22DCD7F
5.007383,44.692387,2,718078D1-70DB-2916-366D-1119A22DCD7F
37.892082,-6.568976,1,718078D1-70DB-2916-366D-1119A22DCD7F
24.999798,2.0289195,1,718078D1-70DB-2916-366D-1119A22DCD7F
29.60577,1.0212926,1,718078D1-70DB-2916-366D-1119A22DCD7F
35.406326,15.809147,1,718078D1-70DB-2916-366D-1119A22DCD7F
13.924991,-27.059599,0,718078D1-70DB-2916-366D-1119A22DCD7F
10.766239,-48.090694,0,718078D1-70DB-2916-366D-1119A22DCD7F
-11.8010025,8.281474,2,718078D1-70DB-2916-366D-1119A22DCD7F
-16.923664,-19.463602,2,718078D1-70DB-2916-366D-1119A22DCD7F
-16.98795,-3.5943928,2,718078D1-70DB-2916-366D-1119A22DCD7F
-40.4275,-14.724147,2,718078D1-70DB-2916-366D-1119A22DCD7F
-46.316982,-13.890347,2,718078D1-70DB-2916-366D-1119A22DCD7F
-16.923082,-10.923142,2,72B642AD-2D4A-574F-05EC-EC93C0C52335
-18.147278,-14.019009,2,72B642AD-2D4A-574F-05EC-EC93C0C52335
-4.2731576,-31.821707,2,72B642AD-2D4A-574F-05EC-EC93C0C52335
-4.272593,-31.788483,0,72B642AD-2D4A-574F-05EC-EC93C0C52335
-4.21949,-31.672142,0,72B642AD-2D4A-574F-05EC-EC93C0C52335
-4.24993,-31.668571,0,72B642AD-2D4A-574F-05EC-EC93C0C52335
-31.515602,22.818007,2,72B642AD-2D4A-574F-05EC-EC93C0C52335
-31.287912,22.214668,2,72B642AD-2D4A-574F-05EC-EC93C0C52335
-20.84776,8.692282,2,72B642AD-2D4A-574F-05EC-EC93C0C52335
12.755048,1.790765,2,72B642AD-2D4A-574F-05EC-EC93C0C52335
23.314625,6.1548486,2,72B642AD-2D4A-574F-05EC-EC93C0C52335
23.671143,5.755701,2,72B642AD-2D4A-574F-05EC-EC93C0C52335
23.780746,5.7269874,2,72B642AD-2D4A-574F-05EC-EC93C0C52335
32.679405,14.250687,2,72B642AD-2D4A-574F-05EC-EC93C0C52335
-31.87965,-3.4039862,2,72B642AD-2D4A-574F-05EC-EC93C0C52335
-46.673573,8.939621,2,72B642AD-2D4A-574F-05EC-EC93C0C52335
-46.44899,9.270119,2,72B642AD-2D4A-574F-05EC-EC93C0C52335
-43.7679,-7.775803,2,72B642AD-2D4A-574F-05EC-EC93C0C52335
-40.76052,-11.708699,2,72B642AD-2D4A-574F-05EC-EC93C0C52335
38.151474,2.7444594,2,72B642AD-2D4A-574F-05EC-EC93C0C52335
12.691326,-0.50101393,2,72B642AD-2D4A-574F-05EC-EC93C0C52335
12.607594,-0.48502013,0,72B642AD-2D4A-574F-05EC-EC93C0C52335
13.687693,0.031950627,0,72B642AD-2D4A-574F-05EC-EC93C0C52335
13.58707,0.113252796,0,72B642AD-2D4A-574F-05EC-EC93C0C52335
34.10498,28.647743,0,72B642AD-2D4A-574F-05EC-EC93C0C52335
57.54173,17.08658,0,72B642AD-2D4A-574F-05EC-EC93C0C52335
57.469353,16.964998,0,72B642AD-2D4A-574F-05EC-EC93C0C52335
57.187847,17.41983,0,72B642AD-2D4A-574F-05EC-EC93C0C52335
54.06307,8.266303,0,72B642AD-2D4A-574F-05EC-EC93C0C52335
37.80979,-33.511272,0,72B642AD-2D4A-574F-05EC-EC93C0C52335
41.891212,5.9971523,1,7417E7AB-C723-0958-F8EE-DDA4DED65165
32.650055,-15.853952,1,7417E7AB-C723-0958-F8EE-DDA4DED65165
26.77244,-20.238539,0,7417E7AB-C723-0958-F8EE-DDA4DED65165
27.175257,-20.126207,0,7417E7AB-C723-0958-F8EE-DDA4DED65165
18.689041,-28.776848,0,7417E7AB-C723-0958-F8EE-DDA4DED65165
17.218992,-59.92729,0,7417E7AB-C723-0958-F8EE-DDA4DED65165
27.567461,-36.571377,0,7417E7AB-C723-0958-F8EE-DDA4DED65165
22.21882,-29.046259,2,7417E7AB-C723-0958-F8EE-DDA4DED65165
-15.055814,-31.513947,2,7417E7AB-C723-0958-F8EE-DDA4DED65165
11.280026,-5.8588815,2,7417E7AB-C723-0958-F8EE-DDA4DED65165
1.1443818,9.646171,2,7417E7AB-C723-0958-F8EE-DDA4DED65165
-10.884688,21.284168,2,7417E7AB-C723-0958-F8EE-DDA4DED65165
-0.7122555,49.859695,2,7417E7AB-C723-0958-F8EE-DDA4DED65165
-0.3411892,-16.995691,2,7417E7AB-C723-0958-F8EE-DDA4DED65165
-39.80827,-19.047953,2,7417E7AB-C723-0958-F8EE-DDA4DED65165
-8.66726,-50.42817,0,7417E7AB-C723-0958-F8EE-DDA4DED65165
-53.65816,25.628178,0,7417E7AB-C723-0958-F8EE-DDA4DED65165
-53.80133,24.885056,0,7417E7AB-C723-0958-F8EE-DDA4DED65165
-53.257027,27.322695,0,7417E7AB-C723-0958-F8EE-DDA4DED65165
-19.500046,-5.657847,2,7417E7AB-C723-0958-F8EE-DDA4DED65165
-46.025776,-5.3434563,2,7417E7AB-C723-0958-F8EE-DDA4DED65165
-45.507767,-5.4919696,2,7417E7AB-C723-0958-F8EE-DDA4DED65165
-43.759396,12.233137,2,7417E7AB-C723-0958-F8EE-DDA4DED65165
-50.9075,15.580104,2,7417E7AB-C723-0958-F8EE-DDA4DED65165
-3.4922523,-30.007858,2,761D024F-3C62-5326-601A-88D436C7726A
8.209746,-23.994926,2,761D024F-3C62-5326-601A-88D436C7726A
-5.815273,-26.78258,2,761D024F-3C62-5326-601A-88D436C7726A
-4.078206,-27.40138,2,761D024F-3C62-5326-601A-88D436C7726A
26.266176,1.4940106,2,761D024F-3C62-5326-601A-88D436C7726A
26.452753,1.6871768,2,761D024F-3C62-5326-601A-88D436C7726A
34.562107,-37.03462,2,761D024F-3C62-5326-601A-88D436C7726A
33.827065,-38.512672,1,761D024F-3C62-5326-601A-88D436C7726A
27.471657,-29.88778,1,761D024F-3C62-5326-601A-88D436C7726A
15.090742,-25.496595,1,761D024F-3C62-5326-601A-88D436C7726A
20.63056,-17.51593,1,761D024F-3C62-5326-601A-88D436C7726A
7.508926,-12.31929,0,761D024F-3C62-5326-601A-88D436C7726A
55.471924,17.274967,1,761D024F-3C62-5326-601A-88D436C7726A
37.410015,33.32812,1,761D024F-3C62-5326-601A-88D436C7726A
37.272266,33.678688,1,761D024F-3C62-5326-601A-88D436C7726A
35.619347,34.317936,1,761D024F-3C62-5326-601A-88D436C7726A
-5.222093,12.468118,1,761D024F-3C62-5326-601A-88D436C7726A
13.350304,23.075045,1,761D024F-3C62-5326-601A-88D436C7726A
-28.0211,-17.919363,2,772BA0E9-AC30-CEA6-AA1B-18A0300702AA
-21.60743,-5.0712647,2,772BA0E9-AC30-CEA6-AA1B-18A0300702AA
-37.3149,13.578446,2,772BA0E9-AC30-CEA6-AA1B-18A0300702AA
-30.355017,-1.3601764,2,772BA0E9-AC30-CEA6-AA1B-18A0300702AA
-34.723907,22.0803,2,772BA0E9-AC30-CEA6-AA1B-18A0300702AA
-34.78912,22.128532,2,772BA0E9-AC30-CEA6-AA1B-18A0300702AA
-27.782967,41.559704,1,772BA0E9-AC30-CEA6-AA1B-18A0300702AA
-27.011217,42.18047,1,772BA0E9-AC30-CEA6-AA1B-18A0300702AA
-27.068092,42.055286,1,772BA0E9-AC30-CEA6-AA1B-18A0300702AA
-19.138903,47.039722,1,772BA0E9-AC30-CEA6-AA1B-18A0300702AA
-2.9519281,-20.590569,1,772BA0E9-AC30-CEA6-AA1B-18A0300702AA
44.797836,1.7501229,1,772BA0E9-AC30-CEA6-AA1B-18A0300702AA
32.37613,29.762314,2,772BA0E9-AC30-CEA6-AA1B-18A0300702AA
32.11106,30.332724,2,772BA0E9-AC30-CEA6-AA1B-18A0300702AA
24.44586,21.939405,1,772BA0E9-AC30-CEA6-AA1B-18A0300702AA
23.96677,22.473316,1,772BA0E9-AC30-CEA6-AA1B-18A0300702AA
23.790123,22.514614,1,772BA0E9-AC30-CEA6-AA1B-18A0300702AA
52.03556,11.245479,1,772BA0E9-AC30-CEA6-AA1B-18A0300702AA
6.387804,-14.533646,2,772BA0E9-AC30-CEA6-AA1B-18A0300702AA
22.026888,12.457418,2,772BA0E9-AC30-CEA6-AA1B-18A0300702AA
21.638515,12.093724,0,772BA0E9-AC30-CEA6-AA1B-18A0300702AA
22.25734,12.222834,0,772BA0E9-AC30-CEA6-AA1B-18A0300702AA
25.223719,-15.961644,0,772BA0E9-AC30-CEA6-AA1B-18A0300702AA
31.49963,-22.51305,0,772BA0E9-AC30-CEA6-AA1B-18A0300702AA
20.550116,-62.960163,0,772BA0E9-AC30-CEA6-AA1B-18A0300702AA
-0.113498114,-9.023385,0,772BA0E9-AC30-CEA6-AA1B-18A0300702AA
-0.11374715,-9.046529,0,772BA0E9-AC30-CEA6-AA1B-18A0300702AA
-1.4539287,-8.347557,0,772BA0E9-AC30-CEA6-AA1B-18A0300702AA
-1.9509903,-7.946559,0,772BA0E9-AC30-CEA6-AA1B-18A0300702AA
-1.7186018,-8.822685,0,772BA0E9-AC30-CEA6-AA1B-18A0300702AA
21.384823,-15.777545,1,77F6B31E-B228-3C6D-A66F-E7E6FDED3587
7.311035,-34.19694,1,77F6B31E-B228-3C6D-A66F-E7E6FDED3587
-5.5080476,-47.546707,1,77F6B31E-B228-3C6D-A66F-E7E6FDED3587
-5.6173944,-47.712315,2,77F6B31E-B228-3C6D-A66F-E7E6FDED3587
-5.8018565,-47.902637,2,77F6B31E-B228-3C6D-A66F-E7E6FDED3587
7.1441636,-34.384888,2,77F6B31E-B228-3C6D-A66F-E7E6FDED3587
-31.943619,-20.365757,2,77F6B31E-B228-3C6D-A66F-E7E6FDED3587
-2.996699,-6.4733124,2,77F6B31E-B228-3C6D-A66F-E7E6FDED3587
-3.1281166,-6.646276,1,77F6B31E-B228-3C6D-A66F-E7E6FDED3587
-33.823017,-22.388788,1,77F6B31E-B228-3C6D-A66F-E7E6FDED3587
-3.4181778,-8.486492,1,77F6B31E-B228-3C6D-A66F-E7E6FDED3587
-33.474575,-23.093172,1,77F6B31E-B228-3C6D-A66F-E7E6FDED3587
-3.5892231,-47.318146,2,77F6B31E-B228-3C6D-A66F-E7E6FDED3587
-17.739887,-32.691135,2,77F6B31E-B228-3C6D-A66F-E7E6FDED3587
3.9529212,-41.589943,0,77F6B31E-B228-3C6D-A66F-E7E6FDED3587
4.2400146,-41.6091,0,77F6B31E-B228-3C6D-A66F-E7E6FDED3587
-9.206996,-53.04283,0,77F6B31E-B228-3C6D-A66F-E7E6FDED3587
-9.613617,-52.753826,0,77F6B31E-B228-3C6D-A66F-E7E6FDED3587
1.0430518,-39.986496,2,7B8B31F4-FFC3-7A4E-3EAF-78D5CA8ACB61
-18.055017,-17.981773,2,7B8B31F4-FFC3-7A4E-3EAF-78D5CA8ACB61
-17.382849,-18.708239,2,7B8B31F4-FFC3-7A4E-3EAF-78D5CA8ACB61
-24.694975,-12.4357395,2,7B8B31F4-FFC3-7A4E-3EAF-78D5CA8ACB61
-19.076971,-16.135332,2,7B8B31F4-FFC3-7A4E-3EAF-78D5CA8ACB61
-9.587759,-5.1334786,2,7B8B31F4-FFC3-7A4E-3EAF-78D5CA8ACB61
-51.956245,29.243828,2,7B8B31F4-FFC3-7A4E-3EAF-78D5CA8ACB61
-51.65364,29.592062,2,7B8B31F4-FFC3-7A4E-3EAF-78D5CA8ACB61
-42.442707,-7.4796896,2,7B8B31F4-FFC3-7A4E-3EAF-78D5CA8ACB61
-28.309338,-31.682465,2,7B8B31F4-FFC3-7A4E-3EAF-78D5CA8ACB61
-46.243237,-5.4276667,2,7B8B31F4-FFC3-7A4E-3EAF-78D5CA8ACB61
-35.29329,0.7526272,2,7B8B31F4-FFC3-7A4E-3EAF-78D5CA8ACB61
-8.941981,-46.56267,2,7DC9729F-BA27-3831-6078-F8508766396A
-9.026079,-46.60962,2,7DC9729F-BA27-3831-6078-F8508766396A
-27.617006,23.638453,2,7DC9729F-BA27-3831-6078-F8508766396A
-8.642669,33.29573,2,7DC9729F-BA27-3831-6078-F8508766396A
-5.2699046,44.42599,2,7DC9729F-BA27-3831-6078-F8508766396A
-5.131174,44.44587,2,7DC9729F-BA27-3831-6078-F8508766396A
-8.558527,33.49008,0,7DC9729F-BA27-3831-6078-F8508766396A
-28.891907,-2.5063977,0,7DC9729F-BA27-3831-6078-F8508766396A
1.3274405,-27.29311,0,7DC9729F-BA27-3831-6078-F8508766396A
20.098043,9.355369,2,7DC9729F-BA27-3831-6078-F8508766396A
28.255072,5.0191298,2,7DC9729F-BA27-3831-6078-F8508766396A
28.477081,4.9741583,2,7DC9729F-BA27-3831-6078-F8508766396A
15.302662,34.289364,2,7DC9729F-BA27-3831-6078-F8508766396A
15.62733,34.48444,2,7DC9729F-BA27-3831-6078-F8508766396A
-1.7311945,44.088413,2,7DC9729F-BA27-3831-6078-F8508766396A
7.021904,40.438267,2,7DC9729F-BA27-3831-6078-F8508766396A
-7.707244,43.53464,2,7DC9729F-BA27-3831-6078-F8508766396A
-22.822004,11.471215,2,7DC9729F-BA27-3831-6078-F8508766396A
-10.863251,29.464027,2,7DC9729F-BA27-3831-6078-F8508766396A
-30.784227,16.420698,1,7DC9729F-BA27-3831-6078-F8508766396A
-27.045795,6.448713,2,7DC9729F-BA27-3831-6078-F8508766396A
20.041172,-18.263515,2,7DC9729F-BA27-3831-6078-F8508766396A
3.1423266,-1.3227137,2,7DC9729F-BA27-3831-6078-F8508766396A
3.027136,-1.285443,2,7DC9729F-BA27-3831-6078-F8508766396A
56.078335,22.776016,2,7FB7C50A-30EA-A991-0C04-7FFA681B8803
13.951408,6.3253164,2,7FB7C50A-30EA-A991-0C04-7FFA681B8803
33.572845,4.3068852,0,7FB7C50A-30EA-A991-0C04-7FFA681B8803
45.70842,0.8535184,0,7FB7C50A-30EA-A991-0C04-7FFA681B8803
31.734396,-32.08987,0,7FB7C50A-30EA-A991-0C04-7FFA681B8803
2.8318346,-51.069675,0,7FB7C50A-30EA-A991-0C04-7FFA681B8803
51.00533,17.217173,1,7FB7C50A-30EA-A991-0C04-7FFA681B8803
40.311146,14.887869,1,7FB7C50A-30EA-A991-0C04-7FFA681B8803
21.669497,17.887953,1,7FB7C50A-30EA-A991-0C04-7FFA681B8803
27.915585,15.97001,1,7FB7C50A-30EA-A991-0C04-7FFA681B8803
9.724225,13.336259,1,7FB7C50A-30EA-A991-0C04-7FFA681B8803
-2.767086,-50.67349,1,7FB7C50A-30EA-A991-0C04-7FFA681B8803
38.827053,-5.944003,1,7FB7C50A-30EA-A991-0C04-7FFA681B8803
36.477947,-33.114307,2,7FB7C50A-30EA-A991-0C04-7FFA681B8803
34.392647,-33.84884,1,7FB7C50A-30EA-A991-0C04-7FFA681B8803
40.010597,-11.3159895,0,7FB7C50A-30EA-A991-0C04-7FFA681B8803
39.175148,-11.150862,0,7FB7C50A-30EA-A991-0C04-7FFA681B8803
2.2125607,-52.74211,0,7FB7C50A-30EA-A991-0C04-7FFA681B8803
-22.485895,-36.510273,0,7FB7C50A-30EA-A991-0C04-7FFA681B8803
2.9796324,-38.937157,0,7FB7C50A-30EA-A991-0C04-7FFA681B8803
-15.536332,-6.317724,2,7FB7C50A-30EA-A991-0C04-7FFA681B8803
-15.783773,-6.1515675,2,7FB7C50A-30EA-A991-0C04-7FFA681B8803
16.99676,8.707325,2,7FB7C50A-30EA-A991-0C04-7FFA681B8803
25.509535,17.86882,2,7FB7C50A-30EA-A991-0C04-7FFA681B8803
38.336056,33.151123,1,7FB7C50A-30EA-A991-0C04-7FFA681B8803
41.502068,28.175234,2,7FB7C50A-30EA-A991-0C04-7FFA681B8803
32.707783,27.663399,2,7FB7C50A-30EA-A991-0C04-7FFA681B8803
14.343109,30.192745,2,7FB7C50A-30EA-A991-0C04-7FFA681B8803
2.993753,49.2429,2,7FB7C50A-30EA-A991-0C04-7FFA681B8803
-47.128883,41.02515,2,7FB7C50A-30EA-A991-0C04-7FFA681B8803
10.792972,-45.90313,0,8322EDEF-4C09-318A-1B7E-56D62A6839AD
20.638409,-42.91018,0,8322EDEF-4C09-318A-1B7E-56D62A6839AD
14.693974,-43.203037,0,8322EDEF-4C09-318A-1B7E-56D62A6839AD
16.350323,-0.8737796,0,8322EDEF-4C09-318A-1B7E-56D62A6839AD
22.54076,7.113909,2,8322EDEF-4C09-318A-1B7E-56D62A6839AD
-6.883038,29.919182,2,8322EDEF-4C09-318A-1B7E-56D62A6839AD
-16.86234,48.155357,2,8322EDEF-4C09-318A-1B7E-56D62A6839AD
34.324642,35.855625,2,8322EDEF-4C09-318A-1B7E-56D62A6839AD
34.57589,36.141254,2,8322EDEF-4C09-318A-1B7E-56D62A6839AD
34.647064,35.98418,2,8322EDEF-4C09-318A-1B7E-56D62A6839AD
34.80583,32.82994,2,8322EDEF-4C09-318A-1B7E-56D62A6839AD
34.654312,33.068146,2,8322EDEF-4C09-318A-1B7E-56D62A6839AD
-36.719517,21.98625,2,8322EDEF-4C09-318A-1B7E-56D62A6839AD
-7.8931074,-10.251381,0,8322EDEF-4C09-318A-1B7E-56D62A6839AD
-10.490027,-29.623756,0,8322EDEF-4C09-318A-1B7E-56D62A6839AD
8.614265,-34.050545,0,8322EDEF-4C09-318A-1B7E-56D62A6839AD
8.649484,-33.855453,0,8322EDEF-4C09-318A-1B7E-56D62A6839AD
16.146437,-44.945457,0,8322EDEF-4C09-318A-1B7E-56D62A6839AD
-28.703772,32.357307,2,8407F9C4-C295-8C95-C281-584AF2118F84
5.063942,30.603739,0,8407F9C4-C295-8C95-C281-584AF2118F84
-14.260061,30.349659,0,8407F9C4-C295-8C95-C281-584AF2118F84
-50.415516,36.281445,0,8407F9C4-C295-8C95-C281-584AF2118F84
-49.91965,37.381218,0,8407F9C4-C295-8C95-C281-584AF2118F84
-50.463436,35.62172,2,8407F9C4-C295-8C95-C281-584AF2118F84
-18.848516,48.886868,2,8407F9C4-C295-8C95-C281-584AF2118F84
-19.654396,48.538174,2,8407F9C4-C295-8C95-C281-584AF2118F84
-20.033922,48.49639,2,8407F9C4-C295-8C95-C281-584AF2118F84
-14.286683,50.234634,0,8407F9C4-C295-8C95-C281-584AF2118F84
3.4969347,24.869549,0,8407F9C4-C295-8C95-C281-584AF2118F84
-24.416159,13.781523,0,8407F9C4-C295-8C95-C281-584AF2118F84
-7.8282437,-8.760918,2,8407F9C4-C295-8C95-C281-584AF2118F84
-7.0882454,33.420933,2,8407F9C4-C295-8C95-C281-584AF2118F84
9.0863,23.72894,2,8407F9C4-C295-8C95-C281-584AF2118F84
35.832935,-16.210886,0,8407F9C4-C295-8C95-C281-584AF2118F84
-9.960132,14.487665,2,8407F9C4-C295-8C95-C281-584AF2118F84
-10.079377,14.632213,2,8407F9C4-C295-8C95-C281-584AF2118F84
29.126286,2.8502483,1,85748DC9-A6DA-334D-6422-BF69EE06A98C
28.508194,2.6552444,1,85748DC9-A6DA-334D-6422-BF69EE06A98C
28.141768,2.7773852,1,85748DC9-A6DA-334D-6422-BF69EE06A98C
32.238293,-14.556677,1,85748DC9-A6DA-334D-6422-BF69EE06A98C
15.990672,-14.746258,0,85748DC9-A6DA-334D-6422-BF69EE06A98C
31.108244,-14.788424,0,85748DC9-A6DA-334D-6422-BF69EE06A98C
16.322805,-15.302233,0,85748DC9-A6DA-334D-6422-BF69EE06A98C
15.96459,-16.095037,0,85748DC9-A6DA-334D-6422-BF69EE06A98C
24.966848,-3.9502544,0,85748DC9-A6DA-334D-6422-BF69EE06A98C
24.711157,-3.7269108,0,85748DC9-A6DA-334D-6422-BF69EE06A98C
51.68906,19.47942,1,85748DC9-A6DA-334D-6422-BF69EE06A98C
49.788174,25.518717,1,85748DC9-A6DA-334D-6422-BF69EE06A98C
36.096478,23.35288,0,85748DC9-A6DA-334D-6422-BF69EE06A98C
28.468893,35.414112,0,85748DC9-A6DA-334D-6422-BF69EE06A98C
6.9905024,24.06858,0,85748DC9-A6DA-334D-6422-BF69EE06A98C
8.311983,21.31699,2,85748DC9-A6DA-334D-6422-BF69EE06A98C
1.9978555,0.90362287,2,85748DC9-A6DA-334D-6422-BF69EE06A98C
-15.902822,-20.705976,2,85748DC9-A6DA-334D-6422-BF69EE06A98C
36.673485,21.550661,1,85748DC9-A6DA-334D-6422-BF69EE06A98C
23.95176,36.821762,1,85748DC9-A6DA-334D-6422-BF69EE06A98C
5.5837445,24.624308,1,85748DC9-A6DA-334D-6422-BF69EE06A98C
5.4826217,24.447435,2,85748DC9-A6DA-334D-6422-BF69EE06A98C
-2.554484,10.231951,2,85748DC9-A6DA-334D-6422-BF69EE06A98C
-22.242409,-40.56997,2,85748DC9-A6DA-334D-6422-BF69EE06A98C
1.8234074,-39.2864,0,862DB2BA-55C9-5794-03BC-FBBA3BEE80C7
10.152312,-21.11641,2,862DB2BA-55C9-5794-03BC-FBBA3BEE80C7
-12.316118,9.961982,2,862DB2BA-55C9-5794-03BC-FBBA3BEE80C7
-12.381209,10.044033,2,862DB2BA-55C9-5794-03BC-FBBA3BEE80C7
-5.4382257,-20.93871,2,862DB2BA-55C9-5794-03BC-FBBA3BEE80C7
17.690664,-31.382109,0,862DB2BA-55C9-5794-03BC-FBBA3BEE80C7
-0.20297486,3.1784108,0,862DB2BA-55C9-5794-03BC-FBBA3BEE80C7
4.818349,43.691124,0,862DB2BA-55C9-5794-03BC-FBBA3BEE80C7
4.6137953,28.364243,0,862DB2BA-55C9-5794-03BC-FBBA3BEE80C7
-2.8167052,33.14379,2,862DB2BA-55C9-5794-03BC-FBBA3BEE80C7
-3.1290731,33.40144,2,862DB2BA-55C9-5794-03BC-FBBA3BEE80C7
-6.0583706,34.92535,2,862DB2BA-55C9-5794-03BC-FBBA3BEE80C7
-7.8648825,27.837265,2,862DB2BA-55C9-5794-03BC-FBBA3BEE80C7
-7.522335,28.06835,0,862DB2BA-55C9-5794-03BC-FBBA3BEE80C7
-10.340863,31.365152,0,862DB2BA-55C9-5794-03BC-FBBA3BEE80C7
-27.842209,3.3971303,0,862DB2BA-55C9-5794-03BC-FBBA3BEE80C7
-0.47264996,-42.054626,2,862DB2BA-55C9-5794-03BC-FBBA3BEE80C7
-20.338955,-6.7622175,2,862DB2BA-55C9-5794-03BC-FBBA3BEE80C7
-12.217807,12.003518,0,862DB2BA-55C9-5794-03BC-FBBA3BEE80C7
15.586824,8.028786,0,862DB2BA-55C9-5794-03BC-FBBA3BEE80C7
23.033276,15.49511,0,862DB2BA-55C9-5794-03BC-FBBA3BEE80C7
37.635025,6.930668,2,862DB2BA-55C9-5794-03BC-FBBA3BEE80C7
47.659832,8.355816,2,862DB2BA-55C9-5794-03BC-FBBA3BEE80C7
38.504658,18.568249,2,862DB2BA-55C9-5794-03BC-FBBA3BEE80C7
-55.391388,17.6389,2,8690E8B6-9B41-5F0E-C518-8F2D028C6690
-49.34678,18.909063,2,8690E8B6-9B41-5F0E-C518-8F2D028C6690
-46.56792,-3.102365,2,8690E8B6-9B41-5F0E-C518-8F2D028C6690
-26.582228,-34.296204,2,8690E8B6-9B41-5F0E-C518-8F2D028C6690
-44.198746,-16.86232,2,8690E8B6-9B41-5F0E-C518-8F2D028C6690
-45.332508,-10.565822,2,8690E8B6-9B41-5F0E-C518-8F2D028C6690
34.243736,17.84927,1,8690E8B6-9B41-5F0E-C518-8F2D028C6690
26.551737,18.453247,1,8690E8B6-9B41-5F0E-C518-8F2D028C6690
-21.74078,-24.625002,1,8690E8B6-9B41-5F0E-C518-8F2D028C6690
-15.697488,-32.844944,1,8690E8B6-9B41-5F0E-C518-8F2D028C6690
-16.194727,-32.74174,1,8690E8B6-9B41-5F0E-C518-8F2D028C6690
20.63493,16.005802,1,8690E8B6-9B41-5F0E-C518-8F2D028C6690
49.802868,27.840921,1,8690E8B6-9B41-5F0E-C518-8F2D028C6690
19.581078,38.637768,1,8690E8B6-9B41-5F0E-C518-8F2D028C6690
-23.640158,25.200119,1,8690E8B6-9B41-5F0E-C518-8F2D028C6690
-31.811817,9.664441,1,8690E8B6-9B41-5F0E-C518-8F2D028C6690
0.7598073,27.378769,1,8690E8B6-9B41-5F0E-C518-8F2D028C6690
-21.233036,-13.639809,1,8690E8B6-9B41-5F0E-C518-8F2D028C6690
1.6985087,-48.286026,0,874A6B13-C999-C802-1138-FA198591D897
1.5071348,-48.188564,2,874A6B13-C999-C802-1138-FA198591D897
-23.704927,-32.32634,2,874A6B13-C999-C802-1138-FA198591D897
-40.13492,-17.609419,2,874A6B13-C999-C802-1138-FA198591D897
-22.002106,-7.971685,2,874A6B13-C999-C802-1138-FA198591D897
-21.892155,-7.8394704,2,874A6B13-C999-C802-1138-FA198591D897
47.020386,26.613426,1,874A6B13-C999-C802-1138-FA198591D897
40.454678,30.890871,1,874A6B13-C999-C802-1138-FA198591D897
40.00928,31.170277,1,874A6B13-C999-C802-1138-FA198591D897
21.358042,5.688059,1,874A6B13-C999-C802-1138-FA198591D897
44.995052,3.4148555,1,874A6B13-C999-C802-1138-FA198591D897
46.230625,4.031769,1,874A6B13-C999-C802-1138-FA198591D897
-44.46013,-3.3615835,1,874A6B13-C999-C802-1138-FA198591D897
-44.33483,-3.2743833,1,874A6B13-C999-C802-1138-FA198591D897
-47.850685,19.65508,1,874A6B13-C999-C802-1138-FA198591D897
-0.18474707,21.88773,1,874A6B13-C999-C802-1138-FA198591D897
-24.286072,-0.33881748,1,874A6B13-C999-C802-1138-FA198591D897
49.88615,15.079072,1,874A6B13-C999-C802-1138-FA198591D897
56.663246,8.16832,1,874A6B13-C999-C802-1138-FA198591D897
56.865417,8.298222,0,874A6B13-C999-C802-1138-FA198591D897
32.56638,-29.567516,0,874A6B13-C999-C802-1138-FA198591D897
30.88692,-39.987293,0,874A6B13-C999-C802-1138-FA198591D897
16.054667,-64.61117,0,874A6B13-C999-C802-1138-FA198591D897
16.322554,-64.27529,0,874A6B13-C999-C802-1138-FA198591D897
0.60626423,-34.736137,2,8DD09016-F898-915E-4A5C-727F57619D73
1.3644558,-33.529495,2,8DD09016-F898-915E-4A5C-727F57619D73
12.160776,-35.7503,2,8DD09016-F898-915E-4A5C-727F57619D73
11.870889,-35.538433,2,8DD09016-F898-915E-4A5C-727F57619D73
11.629255,-34.675137,0,8DD09016-F898-915E-4A5C-727F57619D73
14.1669,-19.69433,0,8DD09016-F898-915E-4A5C-727F57619D73
-4.815551,-22.472548,2,8DD09016-F898-915E-4A5C-727F57619D73
7.0461144,-18.638182,2,8DD09016-F898-915E-4A5C-727F57619D73
18.876266,-28.20633,2,8DD09016-F898-915E-4A5C-727F57619D73
13.517525,-25.898254,2,8DD09016-F898-915E-4A5C-727F57619D73
13.89613,-25.594698,0,8DD09016-F898-915E-4A5C-727F57619D73
23.995846,-44.833645,0,8DD09016-F898-915E-4A5C-727F57619D73
-5.53589,-0.0070311734,2,9268F759-54B0-96CC-C0F5-9D8DBAA12073
7.2363534,-8.34919,2,9268F759-54B0-96CC-C0F5-9D8DBAA12073
6.8418736,-13.278896,2,9268F759-54B0-96CC-C0F5-9D8DBAA12073
7.227591,-12.930915,2,9268F759-54B0-96CC-C0F5-9D8DBAA12073
7.838378,-8.472798,2,9268F759-54B0-96CC-C0F5-9D8DBAA12073
-40.39643,20.748985,2,9268F759-54B0-96CC-C0F5-9D8DBAA12073
17.77662,12.411006,1,9268F759-54B0-96CC-C0F5-9D8DBAA12073
30.80199,-16.243174,1,9268F759-54B0-96CC-C0F5-9D8DBAA12073
36.60439,-4.801695,1,9268F759-54B0-96CC-C0F5-9D8DBAA12073
35.081787,4.842819,1,9268F759-54B0-96CC-C0F5-9D8DBAA12073
35.48637,4.793701,1,9268F759-54B0-96CC-C0F5-9D8DBAA12073
35.565582,4.844645,1,9268F759-54B0-96CC-C0F5-9D8DBAA12073
-41.686436,33.261185,2,9268F759-54B0-96CC-C0F5-9D8DBAA12073
-26.068348,34.110107,2,9268F759-54B0-96CC-C0F5-9D8DBAA12073
-25.850739,34.12778,2,9268F759-54B0-96CC-C0F5-9D8DBAA12073
-3.467764,45.342518,2,9268F759-54B0-96CC-C0F5-9D8DBAA12073
-38.743847,23.183306,2,9268F759-54B0-96CC-C0F5-9D8DBAA12073
-31.17723,4.4001484,2,9268F759-54B0-96CC-C0F5-9D8DBAA12073
12.978024,14.07208,1,9268F759-54B0-96CC-C0F5-9D8DBAA12073
-13.373048,-9.343337,1,9268F759-54B0-96CC-C0F5-9D8DBAA12073
-26.368996,-12.572928,1,9268F759-54B0-96CC-C0F5-9D8DBAA12073
5.188307,-62.17477,1,9268F759-54B0-96CC-C0F5-9D8DBAA12073
4.631948,-61.742218,1,9268F759-54B0-96CC-C0F5-9D8DBAA12073
-15.547665,-9.56173,2,94AA1B20-A5D9-F2B4-FD96-2F20A00FAE89
39.23487,31.540535,2,94AA1B20-A5D9-F2B4-FD96-2F20A00FAE89
55.263752,9.749059,2,94AA1B20-A5D9-F2B4-FD96-2F20A00FAE89
37.091335,-7.2804174,2,94AA1B20-A5D9-F2B4-FD96-2F20A00FAE89
37.263016,-7.395609,2,94AA1B20-A5D9-F2B4-FD96-2F20A00FAE89
36.468647,-7.410336,2,94AA1B20-A5D9-F2B4-FD96-2F20A00FAE89
-12.825472,-22.427877,0,94AA1B20-A5D9-F2B4-FD96-2F20A00FAE89
-13.209797,-22.156687,0,94AA1B20-A5D9-F2B4-FD96-2F20A00FAE89
-13.57632,-0.16321799,0,94AA1B20-A5D9-F2B4-FD96-2F20A00FAE89
-13.782623,-0.31930906,0,94AA1B20-A5D9-F2B4-FD96-2F20A00FAE89
-44.18726,38.939037,0,94AA1B20-A5D9-F2B4-FD96-2F20A00FAE89
-44.465878,32.89566,0,94AA1B20-A5D9-F2B4-FD96-2F20A00FAE89
-26.723808,18.991169,2,94AA1B20-A5D9-F2B4-FD96-2F20A00FAE89
-13.804239,18.96123,2,94AA1B20-A5D9-F2B4-FD96-2F20A00FAE89
13.33144,12.379574,2,94AA1B20-A5D9-F2B4-FD96-2F20A00FAE89
-21.283852,-3.061831,0,94AA1B20-A5D9-F2B4-FD96-2F20A00FAE89
2.8242698,-52.876892,0,94AA1B20-A5D9-F2B4-FD96-2F20A00FAE89
7.3397717,-60.866405,0,94AA1B20-A5D9-F2B4-FD96-2F20A00FAE89
60.45922,15.40865,0,94AA1B20-A5D9-F2B4-FD96-2F20A00FAE89
60.346085,14.234681,0,94AA1B20-A5D9-F2B4-FD96-2F20A00FAE89
59.914463,13.4188385,0,94AA1B20-A5D9-F2B4-FD96-2F20A00FAE89
59.619816,13.104884,0,94AA1B20-A5D9-F2B4-FD96-2F20A00FAE89
56.819866,10.525298,0,94AA1B20-A5D9-F2B4-FD96-2F20A00FAE89
5.5347753,-14.307566,0,94AA1B20-A5D9-F2B4-FD96-2F20A00FAE89
0.33015057,15.881782,0,94AA1B20-A5D9-F2B4-FD96-2F20A00FAE89
18.294477,16.330101,0,94AA1B20-A5D9-F2B4-FD96-2F20A00FAE89
15.801175,1.3388848,0,94AA1B20-A5D9-F2B4-FD96-2F20A00FAE89
19.509472,15.650664,2,94AA1B20-A5D9-F2B4-FD96-2F20A00FAE89
19.637968,16.143888,2,94AA1B20-A5D9-F2B4-FD96-2F20A00FAE89
-26.23935,23.309917,2,94AA1B20-A5D9-F2B4-FD96-2F20A00FAE89
10.794864,-19.517475,0,94AA1B20-A5D9-F2B4-FD96-2F20A00FAE89
10.8605585,-19.12273,0,94AA1B20-A5D9-F2B4-FD96-2F20A00FAE89
25.840637,-13.777331,0,94AA1B20-A5D9-F2B4-FD96-2F20A00FAE89
25.190609,-14.184089,1,94AA1B20-A5D9-F2B4-FD96-2F20A00FAE89
26.131311,-13.699176,0,94AA1B20-A5D9-F2B4-FD96-2F20A00FAE89
15.768479,1.2084602,2,94AA1B20-A5D9-F2B4-FD96-2F20A00FAE89
-10.499392,-25.059183,2,96B78431-4166-E4D3-2AA2-15BE2512E1D6
-10.788904,-24.768452,2,96B78431-4166-E4D3-2AA2-15BE2512E1D6
-42.150303,16.207216,2,96B78431-4166-E4D3-2AA2-15BE2512E1D6
-42.47744,16.64189,2,96B78431-4166-E4D3-2AA2-15BE2512E1D6
-34.758762,26.008696,2,96B78431-4166-E4D3-2AA2-15BE2512E1D6
-44.046326,29.361189,1,96B78431-4166-E4D3-2AA2-15BE2512E1D6
-3.1524854,-45.982815,0,96B78431-4166-E4D3-2AA2-15BE2512E1D6
-14.34605,-14.46328,0,96B78431-4166-E4D3-2AA2-15BE2512E1D6
-46.879623,6.596543,0,96B78431-4166-E4D3-2AA2-15BE2512E1D6
-42.139114,39.95256,0,96B78431-4166-E4D3-2AA2-15BE2512E1D6
-42.12532,40.07478,0,96B78431-4166-E4D3-2AA2-15BE2512E1D6
-7.0455017,41.78054,0,96B78431-4166-E4D3-2AA2-15BE2512E1D6
-35.17154,-0.9478609,2,96B78431-4166-E4D3-2AA2-15BE2512E1D6
-35.241776,-1.5865213,2,96B78431-4166-E4D3-2AA2-15BE2512E1D6
-45.08678,-11.8967905,2,96B78431-4166-E4D3-2AA2-15BE2512E1D6
-21.367973,-19.68397,2,96B78431-4166-E4D3-2AA2-15BE2512E1D6
-29.819853,2.0187411,2,96B78431-4166-E4D3-2AA2-15BE2512E1D6
-28.365068,32.255108,2,96B78431-4166-E4D3-2AA2-15BE2512E1D6
13.933396,-16.668224,0,96B78431-4166-E4D3-2AA2-15BE2512E1D6
28.422194,-33.642235,0,96B78431-4166-E4D3-2AA2-15BE2512E1D6
28.343046,-33.71191,0,96B78431-4166-E4D3-2AA2-15BE2512E1D6
6.516638,-57.077,2,96B78431-4166-E4D3-2AA2-15BE2512E1D6
17.482681,-61.95795,2,96B78431-4166-E4D3-2AA2-15BE2512E1D6
11.54967,-40.124763,2,96B78431-4166-E4D3-2AA2-15BE2512E1D6
28.86155,-44.679455,0,96B78431-4166-E4D3-2AA2-15BE2512E1D6
28.227142,-44.710686,0,96B78431-4166-E4D3-2AA2-15BE2512E1D6
28.649292,-44.521893,1,96B78431-4166-E4D3-2AA2-15BE2512E1D6
-33.743484,-24.214766,1,96B78431-4166-E4D3-2AA2-15BE2512E1D6
-3.4783514,-10.503301,1,96B78431-4166-E4D3-2AA2-15BE2512E1D6
8.512468,-62.29222,0,99827717-1B21-7ECC-CAD1-99489F7E19EA
12.435922,-62.516647,1,99827717-1B21-7ECC-CAD1-99489F7E19EA
10.816678,-55.56884,2,99827717-1B21-7ECC-CAD1-99489F7E19EA
9.050833,-53.53359,2,99827717-1B21-7ECC-CAD1-99489F7E19EA
-17.935448,-22.08568,2,99827717-1B21-7ECC-CAD1-99489F7E19EA
-17.615345,-21.89639,2,99827717-1B21-7ECC-CAD1-99489F7E19EA
-54.48041,18.81007,2,99827717-1B21-7ECC-CAD1-99489F7E19EA
-40.560394,12.85659,2,99827717-1B21-7ECC-CAD1-99489F7E19EA
-36.351578,24.359032,2,99827717-1B21-7ECC-CAD1-99489F7E19EA
-36.33105,24.342913,2,99827717-1B21-7ECC-CAD1-99489F7E19EA
-37.334415,23.498926,2,99827717-1B21-7ECC-CAD1-99489F7E19EA
-37.510807,23.310421,2,99827717-1B21-7ECC-CAD1-99489F7E19EA
-4.265796,32.9353,1,99827717-1B21-7ECC-CAD1-99489F7E19EA
24.82892,15.532118,1,99827717-1B21-7ECC-CAD1-99489F7E19EA
24.471804,14.823329,1,99827717-1B21-7ECC-CAD1-99489F7E19EA
24.266455,14.096872,1,99827717-1B21-7ECC-CAD1-99489F7E19EA
11.143176,14.405117,1,99827717-1B21-7ECC-CAD1-99489F7E19EA
45.901283,0.24847372,1,99827717-1B21-7ECC-CAD1-99489F7E19EA
18.241606,-30.614277,0,99C0C5AE-01AD-1BB2-A36B-74B166CB26BA
10.394821,-47.087708,0,99C0C5AE-01AD-1BB2-A36B-74B166CB26BA
20.261711,-44.462017,0,99C0C5AE-01AD-1BB2-A36B-74B166CB26BA
3.4790616,-35.571236,0,99C0C5AE-01AD-1BB2-A36B-74B166CB26BA
6.2646356,-11.5961895,2,99C0C5AE-01AD-1BB2-A36B-74B166CB26BA
41.760094,14.5411215,2,99C0C5AE-01AD-1BB2-A36B-74B166CB26BA
42.839737,26.211418,2,99C0C5AE-01AD-1BB2-A36B-74B166CB26BA
42.206463,13.91793,2,99C0C5AE-01AD-1BB2-A36B-74B166CB26BA
41.911427,16.387323,2,99C0C5AE-01AD-1BB2-A36B-74B166CB26BA
41.97432,17.029556,2,99C0C5AE-01AD-1BB2-A36B-74B166CB26BA
45.50015,4.9748893,0,99C0C5AE-01AD-1BB2-A36B-74B166CB26BA
20.993126,-30.193932,0,99C0C5AE-01AD-1BB2-A36B-74B166CB26BA
2.9864724,29.82417,1,99C0C5AE-01AD-1BB2-A36B-74B166CB26BA
2.899276,29.832613,1,99C0C5AE-01AD-1BB2-A36B-74B166CB26BA
-34.19554,32.48043,2,99C0C5AE-01AD-1BB2-A36B-74B166CB26BA
-42.212532,38.332615,2,99C0C5AE-01AD-1BB2-A36B-74B166CB26BA
2.3741565,42.879974,2,99C0C5AE-01AD-1BB2-A36B-74B166CB26BA
30.585863,36.341324,2,99C0C5AE-01AD-1BB2-A36B-74B166CB26BA
-11.6431465,46.831326,2,99C0C5AE-01AD-1BB2-A36B-74B166CB26BA
-11.947536,46.846275,2,99C0C5AE-01AD-1BB2-A36B-74B166CB26BA
3.649163,48.728184,0,99C0C5AE-01AD-1BB2-A36B-74B166CB26BA
2.0779293,48.380325,0,99C0C5AE-01AD-1BB2-A36B-74B166CB26BA
6.211921,42.111298,0,99C0C5AE-01AD-1BB2-A36B-74B166CB26BA
12.488575,18.710754,0,99C0C5AE-01AD-1BB2-A36B-74B166CB26BA
3.7541347,43.40189,2,99C0C5AE-01AD-1BB2-A36B-74B166CB26BA
29.617132,34.93714,2,99C0C5AE-01AD-1BB2-A36B-74B166CB26BA
3.7735472,43.679188,2,99C0C5AE-01AD-1BB2-A36B-74B166CB26BA
13.709977,19.800762,2,99C0C5AE-01AD-1BB2-A36B-74B166CB26BA
9.608561,16.042713,2,99C0C5AE-01AD-1BB2-A36B-74B166CB26BA
14.399072,19.803558,2,99C0C5AE-01AD-1BB2-A36B-74B166CB26BA
42.09902,13.107089,2,9A80CFF4-085D-6435-BA08-18E6496A8381
30.90584,2.0204325,2,9A80CFF4-085D-6435-BA08-18E6496A8381
28.462732,-0.51709414,2,9A80CFF4-085D-6435-BA08-18E6496A8381
20.627922,-19.27269,2,9A80CFF4-085D-6435-BA08-18E6496A8381
20.592682,-18.978222,2,9A80CFF4-085D-6435-BA08-18E6496A8381
21.4298,-42.506054,0,9A80CFF4-085D-6435-BA08-18E6496A8381
7.1460657,-51.083466,2,9A80CFF4-085D-6435-BA08-18E6496A8381
6.863529,-51.279774,2,9A80CFF4-085D-6435-BA08-18E6496A8381
6.1100464,-51.26305,2,9A80CFF4-085D-6435-BA08-18E6496A8381
6.5305057,-50.942303,2,9A80CFF4-085D-6435-BA08-18E6496A8381
-22.984615,7.7363143,2,9A80CFF4-085D-6435-BA08-18E6496A8381
-10.897571,-13.34082,0,9A80CFF4-085D-6435-BA08-18E6496A8381
-19.484056,-15.086894,2,9A80CFF4-085D-6435-BA08-18E6496A8381
-14.2725,-17.723635,2,9A80CFF4-085D-6435-BA08-18E6496A8381
-11.807473,6.576478,2,9A80CFF4-085D-6435-BA08-18E6496A8381
-29.84484,22.886562,0,9A80CFF4-085D-6435-BA08-18E6496A8381
-29.607319,23.151878,0,9A80CFF4-085D-6435-BA08-18E6496A8381
-38.14957,28.928823,2,9A80CFF4-085D-6435-BA08-18E6496A8381
-16.926924,-13.591721,1,9C694EBE-9421-F45A-ED92-F521991A6A52
-25.39137,-12.066705,1,9C694EBE-9421-F45A-ED92-F521991A6A52
-24.843166,-12.002067,1,9C694EBE-9421-F45A-ED92-F521991A6A52
-29.305916,-3.1211667,1,9C694EBE-9421-F45A-ED92-F521991A6A52
-39.9408,3.320912,1,9C694EBE-9421-F45A-ED92-F521991A6A52
-30.666319,24.434523,2,9C694EBE-9421-F45A-ED92-F521991A6A52
-38.184467,30.204914,2,9C694EBE-9421-F45A-ED92-F521991A6A52
-3.0301838,29.354883,2,9C694EBE-9421-F45A-ED92-F521991A6A52
-3.1130235,28.814837,2,9C694EBE-9421-F45A-ED92-F521991A6A52
-7.927307,45.649925,2,9C694EBE-9421-F45A-ED92-F521991A6A52
-9.094767,46.369728,2,9C694EBE-9421-F45A-ED92-F521991A6A52
6.271304,41.353893,2,9C694EBE-9421-F45A-ED92-F521991A6A52
-43.78656,22.489378,2,9C694EBE-9421-F45A-ED92-F521991A6A52
-34.57493,15.591222,2,9C694EBE-9421-F45A-ED92-F521991A6A52
-31.349396,21.41438,2,9C694EBE-9421-F45A-ED92-F521991A6A52
-27.78074,-11.638368,2,9C694EBE-9421-F45A-ED92-F521991A6A52
-30.436249,4.291884,0,9C694EBE-9421-F45A-ED92-F521991A6A52
-27.158033,-30.09793,0,9C694EBE-9421-F45A-ED92-F521991A6A52
-42.107204,33.99764,2,9C694EBE-9421-F45A-ED92-F521991A6A52
-9.149256,3.5324316,0,9C694EBE-9421-F45A-ED92-F521991A6A52
-9.107691,3.0796711,0,9C694EBE-9421-F45A-ED92-F521991A6A52
21.991625,-2.614215,0,9C694EBE-9421-F45A-ED92-F521991A6A52
27.434782,-17.793755,0,9C694EBE-9421-F45A-ED92-F521991A6A52
34.649826,-36.492863,1,9C694EBE-9421-F45A-ED92-F521991A6A52
-7.8797145,-34.44848,2,9C694EBE-9421-F45A-ED92-F521991A6A52
-38.20839,15.533722,2,9C694EBE-9421-F45A-ED92-F521991A6A52
-23.577036,12.827453,2,9C694EBE-9421-F45A-ED92-F521991A6A52
-22.15467,-3.073377,2,9C694EBE-9421-F45A-ED92-F521991A6A52
-2.8975039,-21.565441,0,9C694EBE-9421-F45A-ED92-F521991A6A52
2.3649964,-30.291191,0,9C694EBE-9421-F45A-ED92-F521991A6A52
-2.78216,-21.325773,0,9C694EBE-9421-F45A-ED92-F521991A6A52
15.904606,-7.528275,0,9C694EBE-9421-F45A-ED92-F521991A6A52
-1.688586,23.867779,2,9C694EBE-9421-F45A-ED92-F521991A6A52
-1.4970622,24.488554,2,9C694EBE-9421-F45A-ED92-F521991A6A52
5.3851676,43.685215,1,9C694EBE-9421-F45A-ED92-F521991A6A52
-0.97630554,25.27075,1,9C694EBE-9421-F45A-ED92-F521991A6A52
10.26766,0.9101514,2,9E6EBCE2-44FB-8F07-4135-E91140B34096
-3.9869905,22.310612,2,9E6EBCE2-44FB-8F07-4135-E91140B34096
53.664112,22.124243,2,9E6EBCE2-44FB-8F07-4135-E91140B34096
51.22296,14.776473,2,9E6EBCE2-44FB-8F07-4135-E91140B34096
48.1595,18.787767,2,9E6EBCE2-44FB-8F07-4135-E91140B34096
-7.296329,44.21169,1,9E6EBCE2-44FB-8F07-4135-E91140B34096
-22.637209,-33.686394,0,9E6EBCE2-44FB-8F07-4135-E91140B34096
-24.411457,-4.41883,0,9E6EBCE2-44FB-8F07-4135-E91140B34096
-38.9962,14.950478,2,9E6EBCE2-44FB-8F07-4135-E91140B34096
-39.16562,15.016209,2,9E6EBCE2-44FB-8F07-4135-E91140B34096
-42.11079,5.9283667,2,9E6EBCE2-44FB-8F07-4135-E91140B34096
-44.24162,18.688389,2,9E6EBCE2-44FB-8F07-4135-E91140B34096
10.220849,-27.969093,0,9E6EBCE2-44FB-8F07-4135-E91140B34096
18.98645,-14.337571,0,9E6EBCE2-44FB-8F07-4135-E91140B34096
2.965733,12.200237,0,9E6EBCE2-44FB-8F07-4135-E91140B34096
2.7695546,12.074216,0,9E6EBCE2-44FB-8F07-4135-E91140B34096
2.4465706,12.13294,0,9E6EBCE2-44FB-8F07-4135-E91140B34096
23.077026,19.833574,0,9E6EBCE2-44FB-8F07-4135-E91140B34096
33.781723,-34.27971,1,A135AF2A-692D-9C83-AB54-34F977E4D14D
-31.086205,-14.023463,1,A135AF2A-692D-9C83-AB54-34F977E4D14D
-26.75593,1.4074924,1,A135AF2A-692D-9C83-AB54-34F977E4D14D
22.11662,32.188972,1,A135AF2A-692D-9C83-AB54-34F977E4D14D
46.902164,27.967041,1,A135AF2A-692D-9C83-AB54-34F977E4D14D
51.96481,23.072596,1,A135AF2A-692D-9C83-AB54-34F977E4D14D
-28.563013,16.915913,1,A135AF2A-692D-9C83-AB54-34F977E4D14D
-25.82544,30.105145,2,A135AF2A-692D-9C83-AB54-34F977E4D14D
-37.173252,29.514778,2,A135AF2A-692D-9C83-AB54-34F977E4D14D
-42.98751,22.225273,2,A135AF2A-692D-9C83-AB54-34F977E4D14D
-28.442307,11.637992,2,A135AF2A-692D-9C83-AB54-34F977E4D14D
-28.388714,11.562979,2,A135AF2A-692D-9C83-AB54-34F977E4D14D
-16.700705,10.749786,0,A135AF2A-692D-9C83-AB54-34F977E4D14D
16.833914,2.8618803,0,A135AF2A-692D-9C83-AB54-34F977E4D14D
19.017836,3.7373147,0,A135AF2A-692D-9C83-AB54-34F977E4D14D
12.954027,-13.292159,2,A135AF2A-692D-9C83-AB54-34F977E4D14D
-10.180646,5.076988,2,A135AF2A-692D-9C83-AB54-34F977E4D14D
-15.469944,10.351286,2,A135AF2A-692D-9C83-AB54-34F977E4D14D
-40.56282,5.366114,2,A43E8D46-F136-DB41-3E16-F9F161DBA1D6
-43.485565,3.0436056,2,A43E8D46-F136-DB41-3E16-F9F161DBA1D6
-41.71267,5.5497804,2,A43E8D46-F136-DB41-3E16-F9F161DBA1D6
-29.101755,-1.8359009,2,A43E8D46-F136-DB41-3E16-F9F161DBA1D6
-7.6852927,33.88328,2,A43E8D46-F136-DB41-3E16-F9F161DBA1D6
-28.119532,34.163116,2,A43E8D46-F136-DB41-3E16-F9F161DBA1D6
-9.1473675,-24.639936,0,A43E8D46-F136-DB41-3E16-F9F161DBA1D6
-9.465556,-23.629105,2,A43E8D46-F136-DB41-3E16-F9F161DBA1D6
-19.573967,-24.969923,2,A43E8D46-F136-DB41-3E16-F9F161DBA1D6
-19.885826,-25.532234,2,A43E8D46-F136-DB41-3E16-F9F161DBA1D6
-19.661127,-25.747475,1,A43E8D46-F136-DB41-3E16-F9F161DBA1D6
-38.378944,19.338526,2,A43E8D46-F136-DB41-3E16-F9F161DBA1D6
2.9379158,-32.47172,1,A43E8D46-F136-DB41-3E16-F9F161DBA1D6
-11.170796,-6.6244426,2,A43E8D46-F136-DB41-3E16-F9F161DBA1D6
-29.31981,21.244572,2,A43E8D46-F136-DB41-3E16-F9F161DBA1D6
-29.631804,21.449936,2,A43E8D46-F136-DB41-3E16-F9F161DBA1D6
-1.0768818,-54.114067,2,A43E8D46-F136-DB41-3E16-F9F161DBA1D6
5.773725,-58.645447,1,A43E8D46-F136-DB41-3E16-F9F161DBA1D6
43.78704,19.58688,1,A43E8D46-F136-DB41-3E16-F9F161DBA1D6
1.34976,44.7351,1,A43E8D46-F136-DB41-3E16-F9F161DBA1D6
0.26221174,21.264347,1,A43E8D46-F136-DB41-3E16-F9F161DBA1D6
-9.273378,-35.527542,1,A43E8D46-F136-DB41-3E16-F9F161DBA1D6
0.51397717,-20.825687,0,A43E8D46-F136-DB41-3E16-F9F161DBA1D6
-24.04789,-38.05845,0,A43E8D46-F136-DB41-3E16-F9F161DBA1D6
24.941423,-43.077305,0,A43E8D46-F136-DB41-3E16-F9F161DBA1D6
25.293583,-42.850307,0,A43E8D46-F136-DB41-3E16-F9F161DBA1D6
19.76747,-40.00588,0,A43E8D46-F136-DB41-3E16-F9F161DBA1D6
-11.624421,-27.252472,1,A43E8D46-F136-DB41-3E16-F9F161DBA1D6
-6.028645,27.567413,1,A43E8D46-F136-DB41-3E16-F9F161DBA1D6
18.793251,9.80805,1,A43E8D46-F136-DB41-3E16-F9F161DBA1D6
45.67267,-3.462835,1,AB9921A8-F143-E101-6A47-E66882F571B2
45.558468,-3.7416666,1,AB9921A8-F143-E101-6A47-E66882F571B2
21.687252,-45.81094,1,AB9921A8-F143-E101-6A47-E66882F571B2
18.378199,-59.693806,1,AB9921A8-F143-E101-6A47-E66882F571B2
18.273233,-59.807236,1,AB9921A8-F143-E101-6A47-E66882F571B2
41.817417,4.712856,1,AB9921A8-F143-E101-6A47-E66882F571B2
34.158398,-29.836212,0,AB9921A8-F143-E101-6A47-E66882F571B2
15.343222,-53.280773,2,AB9921A8-F143-E101-6A47-E66882F571B2
15.306631,-53.2593,2,AB9921A8-F143-E101-6A47-E66882F571B2
26.974638,-42.56985,2,AB9921A8-F143-E101-6A47-E66882F571B2
15.879643,-52.496616,2,AB9921A8-F143-E101-6A47-E66882F571B2
26.347464,-41.84314,0,AB9921A8-F143-E101-6A47-E66882F571B2
28.133394,-20.145578,0,AB9921A8-F143-E101-6A47-E66882F571B2
11.358725,-16.625977,0,AB9921A8-F143-E101-6A47-E66882F571B2
11.347935,-16.673653,0,AB9921A8-F143-E101-6A47-E66882F571B2
-8.965539,-29.344563,0,AB9921A8-F143-E101-6A47-E66882F571B2
-24.65011,9.47694,0,AB9921A8-F143-E101-6A47-E66882F571B2
-23.622414,36.68807,0,AB9921A8-F143-E101-6A47-E66882F571B2
-14.369726,-10.44215,1,B06410CC-D778-33B2-B1FD-A828EE4AF413
-18.38734,-17.596098,1,B06410CC-D778-33B2-B1FD-A828EE4AF413
-14.894525,-11.70352,1,B06410CC-D778-33B2-B1FD-A828EE4AF413
5.6724863,-17.828989,1,B06410CC-D778-33B2-B1FD-A828EE4AF413
3.5763433,3.8874588,1,B06410CC-D778-33B2-B1FD-A828EE4AF413
27.470028,17.73892,1,B06410CC-D778-33B2-B1FD-A828EE4AF413
22.369383,-1.7442328,2,B06410CC-D778-33B2-B1FD-A828EE4AF413
22.783432,-1.129023,2,B06410CC-D778-33B2-B1FD-A828EE4AF413
5.6999617,12.632711,2,B06410CC-D778-33B2-B1FD-A828EE4AF413
5.675653,12.648474,2,B06410CC-D778-33B2-B1FD-A828EE4AF413
22.19192,-16.855196,0,B06410CC-D778-33B2-B1FD-A828EE4AF413
22.192453,-16.84377,0,B06410CC-D778-33B2-B1FD-A828EE4AF413
9.246544,-36.63943,0,B06410CC-D778-33B2-B1FD-A828EE4AF413
8.700527,-36.260044,0,B06410CC-D778-33B2-B1FD-A828EE4AF413
8.407316,-36.011894,2,B06410CC-D778-33B2-B1FD-A828EE4AF413
14.277377,-41.78776,2,B06410CC-D778-33B2-B1FD-A828EE4AF413
8.756051,-36.701412,2,B06410CC-D778-33B2-B1FD-A828EE4AF413
-5.429034,-0.13111791,2,B06410CC-D778-33B2-B1FD-A828EE4AF413
-21.455769,46.505447,2,B06410CC-D778-33B2-B1FD-A828EE4AF413
-21.10078,46.919792,2,B06410CC-D778-33B2-B1FD-A828EE4AF413
-5.7301426,41.910576,2,B06410CC-D778-33B2-B1FD-A828EE4AF413
34.181927,16.152905,1,B06410CC-D778-33B2-B1FD-A828EE4AF413
11.985996,-21.32674,0,B06410CC-D778-33B2-B1FD-A828EE4AF413
7.6558347,-45.64126,0,B06410CC-D778-33B2-B1FD-A828EE4AF413
26.0016,9.746586,1,B06410CC-D778-33B2-B1FD-A828EE4AF413
-3.0269542,-37.471535,1,B06410CC-D778-33B2-B1FD-A828EE4AF413
-2.9727166,-37.293736,1,B06410CC-D778-33B2-B1FD-A828EE4AF413
-2.9448085,-37.084854,1,B06410CC-D778-33B2-B1FD-A828EE4AF413
21.73466,-47.791706,1,B06410CC-D778-33B2-B1FD-A828EE4AF413
9.6715355,-26.791231,1,B06410CC-D778-33B2-B1FD-A828EE4AF413
11.174493,-37.017155,1,B06410CC-D778-33B2-B1FD-A828EE4AF413
10.788021,-37.09759,2,B06410CC-D778-33B2-B1FD-A828EE4AF413
-10.741566,-13.307991,2,B06410CC-D778-33B2-B1FD-A828EE4AF413
1.7642462,29.849695,2,B06410CC-D778-33B2-B1FD-A828EE4AF413
-15.115514,29.355629,2,B06410CC-D778-33B2-B1FD-A828EE4AF413
-44.54022,9.045086,2,B06410CC-D778-33B2-B1FD-A828EE4AF413
32.36665,-8.62053,2,B0AAFE06-91C2-2C6D-4547-7508BB719E45
38.677486,-7.16076,0,B0AAFE06-91C2-2C6D-4547-7508BB719E45
15.894113,-23.64273,2,B0AAFE06-91C2-2C6D-4547-7508BB719E45
15.764155,-23.63281,2,B0AAFE06-91C2-2C6D-4547-7508BB719E45
-23.742153,-21.752773,2,B0AAFE06-91C2-2C6D-4547-7508BB719E45
-23.859114,-21.966501,2,B0AAFE06-91C2-2C6D-4547-7508BB719E45
-20.650656,48.32925,0,B0AAFE06-91C2-2C6D-4547-7508BB719E45
-24.604446,45.49861,0,B0AAFE06-91C2-2C6D-4547-7508BB719E45
16.264597,15.150176,0,B0AAFE06-91C2-2C6D-4547-7508BB719E45
13.598963,-12.066687,0,B0AAFE06-91C2-2C6D-4547-7508BB719E45
20.147074,-48.83514,0,B0AAFE06-91C2-2C6D-4547-7508BB719E45
20.02207,-49.19574,0,B0AAFE06-91C2-2C6D-4547-7508BB719E45
34.03159,29.671522,2,B17DF37B-207D-A052-4D45-F862B3BF4C4C
34.449337,29.856735,2,B17DF37B-207D-A052-4D45-F862B3BF4C4C
42.748386,27.594229,1,B17DF37B-207D-A052-4D45-F862B3BF4C4C
35.99886,18.431059,1,B17DF37B-207D-A052-4D45-F862B3BF4C4C
20.311625,-3.2907841,0,B17DF37B-207D-A052-4D45-F862B3BF4C4C
12.506064,-43.316647,0,B17DF37B-207D-A052-4D45-F862B3BF4C4C
40.01276,32.78332,1,B17DF37B-207D-A052-4D45-F862B3BF4C4C
49.951107,25.077354,1,B17DF37B-207D-A052-4D45-F862B3BF4C4C
-13.995761,11.440184,1,B17DF37B-207D-A052-4D45-F862B3BF4C4C
25.924404,19.745874,1,B17DF37B-207D-A052-4D45-F862B3BF4C4C
18.885052,29.457224,1,B17DF37B-207D-A052-4D45-F862B3BF4C4C
19.321005,29.114521,1,B17DF37B-207D-A052-4D45-F862B3BF4C4C
29.459263,-19.936289,2,B17DF37B-207D-A052-4D45-F862B3BF4C4C
20.9825,20.178513,2,B17DF37B-207D-A052-4D45-F862B3BF4C4C
9.681175,41.654892,2,B17DF37B-207D-A052-4D45-F862B3BF4C4C
2.8106713,5.9217577,0,B17DF37B-207D-A052-4D45-F862B3BF4C4C
2.9354515,5.82218,0,B17DF37B-207D-A052-4D45-F862B3BF4C4C
-4.2870007,-54.293926,0,B17DF37B-207D-A052-4D45-F862B3BF4C4C
5.524319,-17.858656,0,B2EE7EC5-4E5B-EBDD-E0EB-AF758B95C36A
-4.1680346,-28.289797,0,B2EE7EC5-4E5B-EBDD-E0EB-AF758B95C36A
-4.5630994,-28.755297,0,B2EE7EC5-4E5B-EBDD-E0EB-AF758B95C36A
-25.694561,-25.74398,2,B2EE7EC5-4E5B-EBDD-E0EB-AF758B95C36A
-25.576067,-25.457035,2,B2EE7EC5-4E5B-EBDD-E0EB-AF758B95C36A
-0.6638372,30.384184,2,B2EE7EC5-4E5B-EBDD-E0EB-AF758B95C36A
-0.6933278,30.369446,2,B2EE7EC5-4E5B-EBDD-E0EB-AF758B95C36A
-0.5174321,30.5492,2,B2EE7EC5-4E5B-EBDD-E0EB-AF758B95C36A
-4.5537696,27.079918,2,B2EE7EC5-4E5B-EBDD-E0EB-AF758B95C36A
-2.0945492,31.897736,0,B2EE7EC5-4E5B-EBDD-E0EB-AF758B95C36A
-24.192339,-30.886938,0,B2EE7EC5-4E5B-EBDD-E0EB-AF758B95C36A
-24.329742,-30.876326,0,B2EE7EC5-4E5B-EBDD-E0EB-AF758B95C36A
20.84741,30.530426,1,B2EE7EC5-4E5B-EBDD-E0EB-AF758B95C36A
32.87166,28.380085,1,B2EE7EC5-4E5B-EBDD-E0EB-AF758B95C36A
-23.049809,-1.2458513,1,B2EE7EC5-4E5B-EBDD-E0EB-AF758B95C36A
-20.378513,-15.636483,1,B2EE7EC5-4E5B-EBDD-E0EB-AF758B95C36A
-22.50458,1.9635822,1,B2EE7EC5-4E5B-EBDD-E0EB-AF758B95C36A
12.103983,-7.7092476,1,B2EE7EC5-4E5B-EBDD-E0EB-AF758B95C36A
-0.34565547,16.195778,1,B2EE7EC5-4E5B-EBDD-E0EB-AF758B95C36A
14.088696,15.366801,1,B2EE7EC5-4E5B-EBDD-E0EB-AF758B95C36A
34.34073,-9.126992,1,B2EE7EC5-4E5B-EBDD-E0EB-AF758B95C36A
18.572868,34.034504,1,B2EE7EC5-4E5B-EBDD-E0EB-AF758B95C36A
19.296053,33.327747,1,B2EE7EC5-4E5B-EBDD-E0EB-AF758B95C36A
-24.076668,17.391285,1,B2EE7EC5-4E5B-EBDD-E0EB-AF758B95C36A
-2.3317163,-47.61187,2,B2EE7EC5-4E5B-EBDD-E0EB-AF758B95C36A
-2.3385344,-47.531635,2,B2EE7EC5-4E5B-EBDD-E0EB-AF758B95C36A
-0.42820925,-46.38738,1,B2EE7EC5-4E5B-EBDD-E0EB-AF758B95C36A
12.423502,-44.97396,1,B2EE7EC5-4E5B-EBDD-E0EB-AF758B95C36A
34.037346,-14.13369,1,B2EE7EC5-4E5B-EBDD-E0EB-AF758B95C36A
33.482513,-14.463638,1,B2EE7EC5-4E5B-EBDD-E0EB-AF758B95C36A
47.038143,17.948036,1,B2EE7EC5-4E5B-EBDD-E0EB-AF758B95C36A
46.94,18.034845,1,B2EE7EC5-4E5B-EBDD-E0EB-AF758B95C36A
43.70234,24.944359,1,B2EE7EC5-4E5B-EBDD-E0EB-AF758B95C36A
13.684806,30.118355,1,B2EE7EC5-4E5B-EBDD-E0EB-AF758B95C36A
42.15999,12.210672,1,B2EE7EC5-4E5B-EBDD-E0EB-AF758B95C36A
29.857336,-16.84993,1,B2EE7EC5-4E5B-EBDD-E0EB-AF758B95C36A
-52.699318,36.49271,2,B2EE7EC5-4E5B-EBDD-E0EB-AF758B95C36A
12.996475,-55.68528,2,B2EE7EC5-4E5B-EBDD-E0EB-AF758B95C36A
13.191903,-56.616997,2,B2EE7EC5-4E5B-EBDD-E0EB-AF758B95C36A
13.0679455,-55.492428,2,B2EE7EC5-4E5B-EBDD-E0EB-AF758B95C36A
13.282604,-55.0974,2,B2EE7EC5-4E5B-EBDD-E0EB-AF758B95C36A
41.143333,-10.566142,1,B2EE7EC5-4E5B-EBDD-E0EB-AF758B95C36A
-40.02339,-17.532032,2,B3CE5256-6F65-85EB-0078-689BD5CC1B17
-12.39231,3.0253098,2,B3CE5256-6F65-85EB-0078-689BD5CC1B17
-32.962418,5.67105,2,B3CE5256-6F65-85EB-0078-689BD5CC1B17
-32.849537,5.674087,2,B3CE5256-6F65-85EB-0078-689BD5CC1B17
-25.265772,-6.8345084,2,B3CE5256-6F65-85EB-0078-689BD5CC1B17
-30.133234,18.488974,2,B3CE5256-6F65-85EB-0078-689BD5CC1B17
-32.53375,22.68476,2,B3CE5256-6F65-85EB-0078-689BD5CC1B17
-31.315884,23.253897,2,B3CE5256-6F65-85EB-0078-689BD5CC1B17
-29.20815,18.055578,2,B3CE5256-6F65-85EB-0078-689BD5CC1B17
-20.886557,10.223127,2,B3CE5256-6F65-85EB-0078-689BD5CC1B17
-20.785862,9.635288,2,B3CE5256-6F65-85EB-0078-689BD5CC1B17
-1.859276,-42.752346,0,B3CE5256-6F65-85EB-0078-689BD5CC1B17
21.667757,-49.042133,0,B3CE5256-6F65-85EB-0078-689BD5CC1B17
18.125237,-47.56829,0,B3CE5256-6F65-85EB-0078-689BD5CC1B17
18.459696,-47.373177,2,B3CE5256-6F65-85EB-0078-689BD5CC1B17
1.2138134,-26.234346,2,B3CE5256-6F65-85EB-0078-689BD5CC1B17
-1.6252283,15.87349,2,B3CE5256-6F65-85EB-0078-689BD5CC1B17
-1.6623454,15.903243,2,B3CE5256-6F65-85EB-0078-689BD5CC1B17
7.161265,-63.510235,0,B3CE5256-6F65-85EB-0078-689BD5CC1B17
7.3621235,-63.966892,0,B3CE5256-6F65-85EB-0078-689BD5CC1B17
7.7216454,-63.921772,0,B3CE5256-6F65-85EB-0078-689BD5CC1B17
7.3761334,-63.85721,0,B3CE5256-6F65-85EB-0078-689BD5CC1B17
-30.092506,-32.587936,2,B3CE5256-6F65-85EB-0078-689BD5CC1B17
-19.734829,-5.9440913,2,B3CE5256-6F65-85EB-0078-689BD5CC1B17
-38.865192,-14.49987,1,B6EE5F90-8F59-D3CF-C449-59216B28207B
-25.53382,-31.653673,0,B6EE5F90-8F59-D3CF-C449-59216B28207B
-39.187828,-14.613956,0,B6EE5F90-8F59-D3CF-C449-59216B28207B
-44.92069,6.900791,0,B6EE5F90-8F59-D3CF-C449-59216B28207B
-19.685326,-33.657085,0,B6EE5F90-8F59-D3CF-C449-59216B28207B
-0.81144804,-47.76797,0,B6EE5F90-8F59-D3CF-C449-59216B28207B
56.753716,22.346008,1,B6EE5F90-8F59-D3CF-C449-59216B28207B
57.411167,21.838064,1,B6EE5F90-8F59-D3CF-C449-59216B28207B
55.74633,22.159325,1,B6EE5F90-8F59-D3CF-C449-59216B28207B
56.23632,22.181566,1,B6EE5F90-8F59-D3CF-C449-59216B28207B
58.33643,15.57835,1,B6EE5F90-8F59-D3CF-C449-59216B28207B
58.72652,15.084001,1,B6EE5F90-8F59-D3CF-C449-59216B28207B
-6.6645684,43.976772,2,B6EE5F90-8F59-D3CF-C449-59216B28207B
-16.108755,7.3226695,2,B6EE5F90-8F59-D3CF-C449-59216B28207B
-2.4935975,34.758186,2,B6EE5F90-8F59-D3CF-C449-59216B28207B
50.660637,13.385827,1,B6EE5F90-8F59-D3CF-C449-59216B28207B
46.7607,1.5976744,0,B6EE5F90-8F59-D3CF-C449-59216B28207B
46.710297,1.1833401,0,B6EE5F90-8F59-D3CF-C449-59216B28207B
5.9052095,10.463117,2,B9FD0C60-33D3-E99E-2475-815EAD5C89C2
13.094751,-26.735392,2,B9FD0C60-33D3-E99E-2475-815EAD5C89C2
27.037458,-28.38185,0,B9FD0C60-33D3-E99E-2475-815EAD5C89C2
16.37029,-44.171932,0,B9FD0C60-33D3-E99E-2475-815EAD5C89C2
8.159612,-54.432148,0,B9FD0C60-33D3-E99E-2475-815EAD5C89C2
22.268185,-32.203815,0,B9FD0C60-33D3-E99E-2475-815EAD5C89C2
33.474453,-38.11271,2,B9FD0C60-33D3-E99E-2475-815EAD5C89C2
11.318039,-38.812153,0,B9FD0C60-33D3-E99E-2475-815EAD5C89C2
42.9119,14.490471,0,B9FD0C60-33D3-E99E-2475-815EAD5C89C2
52.107937,10.042148,0,B9FD0C60-33D3-E99E-2475-815EAD5C89C2
55.83583,14.445606,0,B9FD0C60-33D3-E99E-2475-815EAD5C89C2
54.431393,21.93857,1,B9FD0C60-33D3-E99E-2475-815EAD5C89C2
14.4474325,-63.535004,0,B9FD0C60-33D3-E99E-2475-815EAD5C89C2
14.052316,-63.349003,0,B9FD0C60-33D3-E99E-2475-815EAD5C89C2
-0.10709929,-53.718533,2,B9FD0C60-33D3-E99E-2475-815EAD5C89C2
5.727174,-59.44239,2,B9FD0C60-33D3-E99E-2475-815EAD5C89C2
5.895805,-59.463295,2,B9FD0C60-33D3-E99E-2475-815EAD5C89C2
5.286948,-59.83758,2,B9FD0C60-33D3-E99E-2475-815EAD5C89C2
-41.77112,-15.400322,0,B9FD0C60-33D3-E99E-2475-815EAD5C89C2
-41.908146,-16.5318,0,B9FD0C60-33D3-E99E-2475-815EAD5C89C2
-41.491554,-15.909892,0,B9FD0C60-33D3-E99E-2475-815EAD5C89C2
-41.77545,-16.447582,0,B9FD0C60-33D3-E99E-2475-815EAD5C89C2
-14.378945,-30.112333,2,B9FD0C60-33D3-E99E-2475-815EAD5C89C2
-35.54906,-12.845057,2,B9FD0C60-33D3-E99E-2475-815EAD5C89C2
53.78666,22.8792,1,BAAA2876-D490-2AB5-0A98-6EB94C7FC331
35.276478,29.84143,1,BAAA2876-D490-2AB5-0A98-6EB94C7FC331
23.419525,-28.27516,1,BAAA2876-D490-2AB5-0A98-6EB94C7FC331
23.215664,-29.05086,1,BAAA2876-D490-2AB5-0A98-6EB94C7FC331
0.53842425,-27.895262,1,BAAA2876-D490-2AB5-0A98-6EB94C7FC331
-26.941994,32.71921,1,BAAA2876-D490-2AB5-0A98-6EB94C7FC331
4.4298797,48.63754,1,BAAA2876-D490-2AB5-0A98-6EB94C7FC331
33.659225,34.54027,1,BAAA2876-D490-2AB5-0A98-6EB94C7FC331
33.730988,34.13081,1,BAAA2876-D490-2AB5-0A98-6EB94C7FC331
12.6619215,22.890625,1,BAAA2876-D490-2AB5-0A98-6EB94C7FC331
33.764072,-27.885494,1,BAAA2876-D490-2AB5-0A98-6EB94C7FC331
28.599642,-38.69192,1,BAAA2876-D490-2AB5-0A98-6EB94C7FC331
28.494055,-38.712536,1,BAAA2876-D490-2AB5-0A98-6EB94C7FC331
23.574423,-41.5226,0,BAAA2876-D490-2AB5-0A98-6EB94C7FC331
23.985365,-41.328373,0,BAAA2876-D490-2AB5-0A98-6EB94C7FC331
45.217472,-2.6447835,0,BAAA2876-D490-2AB5-0A98-6EB94C7FC331
12.167668,-63.25207,0,BAAA2876-D490-2AB5-0A98-6EB94C7FC331
13.544247,-63.80957,0,BAAA2876-D490-2AB5-0A98-6EB94C7FC331
-11.310392,43.637253,2,BAAA2876-D490-2AB5-0A98-6EB94C7FC331
-9.277019,42.78664,1,BAAA2876-D490-2AB5-0A98-6EB94C7FC331
8.147184,41.546875,1,BAAA2876-D490-2AB5-0A98-6EB94C7FC331
-52.091904,32.408684,1,BAAA2876-D490-2AB5-0A98-6EB94C7FC331
-50.20521,31.024813,1,BAAA2876-D490-2AB5-0A98-6EB94C7FC331
-49.97024,31.043524,2,BAAA2876-D490-2AB5-0A98-6EB94C7FC331
5.015998,-51.65726,0,BAAA2876-D490-2AB5-0A98-6EB94C7FC331
17.919718,-63.394207,0,BAAA2876-D490-2AB5-0A98-6EB94C7FC331
17.681416,-63.19278,0,BAAA2876-D490-2AB5-0A98-6EB94C7FC331
18.41941,-62.97037,0,BAAA2876-D490-2AB5-0A98-6EB94C7FC331
17.389103,-64.08569,0,BAAA2876-D490-2AB5-0A98-6EB94C7FC331
17.198168,-64.647484,1,BAAA2876-D490-2AB5-0A98-6EB94C7FC331
-12.595532,30.663624,2,BC7EE230-0AF9-3AC5-24E5-8EC4B0B432A8
-16.597757,26.212025,2,BC7EE230-0AF9-3AC5-24E5-8EC4B0B432A8
-12.128864,-7.318348,2,BC7EE230-0AF9-3AC5-24E5-8EC4B0B432A8
-28.883545,25.321135,0,BC7EE230-0AF9-3AC5-24E5-8EC4B0B432A8
-28.858265,25.301746,2,BC7EE230-0AF9-3AC5-24E5-8EC4B0B432A8
-17.968987,4.537386,2,BC7EE230-0AF9-3AC5-24E5-8EC4B0B432A8
45.19836,-2.4075658,2,BC7EE230-0AF9-3AC5-24E5-8EC4B0B432A8
37.48239,-33.688354,2,BC7EE230-0AF9-3AC5-24E5-8EC4B0B432A8
15.224547,-63.563705,2,BC7EE230-0AF9-3AC5-24E5-8EC4B0B432A8
15.882566,-63.606396,2,BC7EE230-0AF9-3AC5-24E5-8EC4B0B432A8
15.179243,-64.041916,2,BC7EE230-0AF9-3AC5-24E5-8EC4B0B432A8
12.921053,-63.23943,2,BC7EE230-0AF9-3AC5-24E5-8EC4B0B432A8
-0.9882205,-53.12197,2,BC7EE230-0AF9-3AC5-24E5-8EC4B0B432A8
-40.427387,-16.789768,0,BC7EE230-0AF9-3AC5-24E5-8EC4B0B432A8
-30.175026,-2.6055489,0,BC7EE230-0AF9-3AC5-24E5-8EC4B0B432A8
-15.117459,-20.413462,0,BC7EE230-0AF9-3AC5-24E5-8EC4B0B432A8
-9.912541,-28.018507,0,BC7EE230-0AF9-3AC5-24E5-8EC4B0B432A8
7.203261,-57.768597,0,BC7EE230-0AF9-3AC5-24E5-8EC4B0B432A8
-42.36267,3.0489326,0,BD35F47E-4F73-8664-B165-98D2BF2CDA48
-42.584343,3.1590421,2,BD35F47E-4F73-8664-B165-98D2BF2CDA48
-29.028906,-2.4126797,2,BD35F47E-4F73-8664-B165-98D2BF2CDA48
35.53265,28.90518,2,BD35F47E-4F73-8664-B165-98D2BF2CDA48
57.797447,9.50962,0,BD35F47E-4F73-8664-B165-98D2BF2CDA48
40.764214,2.9235322,0,BD35F47E-4F73-8664-B165-98D2BF2CDA48
-6.848532,40.999313,2,BD35F47E-4F73-8664-B165-98D2BF2CDA48
6.5434747,47.837353,2,BD35F47E-4F73-8664-B165-98D2BF2CDA48
10.392947,45.24245,0,BD35F47E-4F73-8664-B165-98D2BF2CDA48
42.904037,12.3259945,0,BD35F47E-4F73-8664-B165-98D2BF2CDA48
31.022848,-38.76288,0,BD35F47E-4F73-8664-B165-98D2BF2CDA48
30.94234,-38.659966,0,BD35F47E-4F73-8664-B165-98D2BF2CDA48
8.667598,-50.132854,0,BD35F47E-4F73-8664-B165-98D2BF2CDA48
-46.137566,-11.815511,0,BD35F47E-4F73-8664-B165-98D2BF2CDA48
-46.491425,-7.0784526,0,BD35F47E-4F73-8664-B165-98D2BF2CDA48
-53.68339,15.7258415,2,BD35F47E-4F73-8664-B165-98D2BF2CDA48
-53.791065,17.081854,2,BD35F47E-4F73-8664-B165-98D2BF2CDA48
-53.706635,17.747833,2,BD35F47E-4F73-8664-B165-98D2BF2CDA48
26.374123,-33.719994,2,BD35F47E-4F73-8664-B165-98D2BF2CDA48
26.394684,-33.70084,2,BD35F47E-4F73-8664-B165-98D2BF2CDA48
-7.099015,-9.733395,2,BD35F47E-4F73-8664-B165-98D2BF2CDA48
20.253426,10.381908,2,BD35F47E-4F73-8664-B165-98D2BF2CDA48
16.850237,26.394875,2,BD35F47E-4F73-8664-B165-98D2BF2CDA48
16.792675,25.873627,2,BD35F47E-4F73-8664-B165-98D2BF2CDA48
-9.396896,-6.44314,1,C24A665A-6B67-FDEA-04A4-C2DA3AF79D51
-12.568901,5.693328,2,C24A665A-6B67-FDEA-04A4-C2DA3AF79D51
12.583621,28.628107,2,C24A665A-6B67-FDEA-04A4-C2DA3AF79D51
7.396872,31.342234,2,C24A665A-6B67-FDEA-04A4-C2DA3AF79D51
12.707559,28.733961,2,C24A665A-6B67-FDEA-04A4-C2DA3AF79D51
12.607394,29.174685,2,C24A665A-6B67-FDEA-04A4-C2DA3AF79D51
-27.316029,20.82351,2,C24A665A-6B67-FDEA-04A4-C2DA3AF79D51
-15.900818,-13.926806,2,C24A665A-6B67-FDEA-04A4-C2DA3AF79D51
-8.700548,5.996552,2,C24A665A-6B67-FDEA-04A4-C2DA3AF79D51
-8.699548,6.049091,1,C24A665A-6B67-FDEA-04A4-C2DA3AF79D51
-0.84708345,-39.601753,2,C24A665A-6B67-FDEA-04A4-C2DA3AF79D51
28.755404,-12.938057,2,C24A665A-6B67-FDEA-04A4-C2DA3AF79D51
28.83004,-12.710375,2,C24A665A-6B67-FDEA-04A4-C2DA3AF79D51
28.722837,-13.080694,2,C24A665A-6B67-FDEA-04A4-C2DA3AF79D51
50.577568,15.913915,2,C24A665A-6B67-FDEA-04A4-C2DA3AF79D51
47.499783,22.275597,2,C24A665A-6B67-FDEA-04A4-C2DA3AF79D51
44.189957,29.16399,1,C24A665A-6B67-FDEA-04A4-C2DA3AF79D51
44.09835,29.213507,1,C24A665A-6B67-FDEA-04A4-C2DA3AF79D51
-6.714356,-39.572113,0,C24A665A-6B67-FDEA-04A4-C2DA3AF79D51
-6.534003,-39.763287,0,C24A665A-6B67-FDEA-04A4-C2DA3AF79D51
-8.255465,-49.561165,0,C24A665A-6B67-FDEA-04A4-C2DA3AF79D51
-43.60628,-12.884928,0,C24A665A-6B67-FDEA-04A4-C2DA3AF79D51
-52.948383,25.318527,2,C5DC661F-E2D6-2B65-4765-77C8B81D2488
-0.8809218,33.044632,2,C5DC661F-E2D6-2B65-4765-77C8B81D2488
-4.766021,32.119064,2,C5DC661F-E2D6-2B65-4765-77C8B81D2488
19.460342,32.01572,2,C5DC661F-E2D6-2B65-4765-77C8B81D2488
-11.755255,3.0821354,2,C5DC661F-E2D6-2B65-4765-77C8B81D2488
-0.52663076,14.119476,2,C5DC661F-E2D6-2B65-4765-77C8B81D2488
-36.444702,10.759435,2,C5DC661F-E2D6-2B65-4765-77C8B81D2488
-36.426876,10.749737,2,C5DC661F-E2D6-2B65-4765-77C8B81D2488
40.691948,6.4690876,1,C8BB6C15-19FA-A17A-5945-6202803016D7
-2.3579385,0.72616583,0,C8BB6C15-19FA-A17A-5945-6202803016D7
-6.037073,-25.25677,0,C8BB6C15-19FA-A17A-5945-6202803016D7
-5.9108014,-25.004387,0,C8BB6C15-19FA-A17A-5945-6202803016D7
-15.365291,-16.874966,0,C8BB6C15-19FA-A17A-5945-6202803016D7
-21.304707,-15.932709,0,C8BB6C15-19FA-A17A-5945-6202803016D7
2.231288,32.224728,1,C8BB6C15-19FA-A17A-5945-6202803016D7
2.301502,32.225807,0,C8BB6C15-19FA-A17A-5945-6202803016D7
-18.183262,0.24575403,0,C8BB6C15-19FA-A17A-5945-6202803016D7
10.183706,-10.743657,0,C8BB6C15-19FA-A17A-5945-6202803016D7
20.68254,-27.955559,0,C8BB6C15-19FA-A17A-5945-6202803016D7
14.767539,-43.896114,0,C8BB6C15-19FA-A17A-5945-6202803016D7
21.320131,-45.86671,2,C8BB6C15-19FA-A17A-5945-6202803016D7
13.576676,-48.239693,2,C8BB6C15-19FA-A17A-5945-6202803016D7
-25.01753,-34.38258,2,C8BB6C15-19FA-A17A-5945-6202803016D7
-1.2065374,-48.624817,2,C8BB6C15-19FA-A17A-5945-6202803016D7
1.6227683,-22.52812,0,C8BB6C15-19FA-A17A-5945-6202803016D7
11.269391,-57.238693,0,C8BB6C15-19FA-A17A-5945-6202803016D7
-42.488045,22.672426,2,C8BB6C15-19FA-A17A-5945-6202803016D7
-42.07114,23.051699,2,C8BB6C15-19FA-A17A-5945-6202803016D7
-38.57369,6.408723,1,C8BB6C15-19FA-A17A-5945-6202803016D7
-38.037872,5.420697,1,C8BB6C15-19FA-A17A-5945-6202803016D7
-37.855564,5.3052526,1,C8BB6C15-19FA-A17A-5945-6202803016D7
-12.238115,-31.56069,1,C8BB6C15-19FA-A17A-5945-6202803016D7
-40.288525,-13.59717,0,CCA3ABC5-DCCE-0BBE-5327-E65AE52A195D
-28.157967,-26.977888,0,CCA3ABC5-DCCE-0BBE-5327-E65AE52A195D
-28.12463,-26.999264,1,CCA3ABC5-DCCE-0BBE-5327-E65AE52A195D
-3.317166,-27.68535,2,CCA3ABC5-DCCE-0BBE-5327-E65AE52A195D
-3.244353,-28.00885,2,CCA3ABC5-DCCE-0BBE-5327-E65AE52A195D
18.02564,-27.556244,2,CCA3ABC5-DCCE-0BBE-5327-E65AE52A195D
32.686195,34.690308,0,CCA3ABC5-DCCE-0BBE-5327-E65AE52A195D
32.522728,34.87034,2,CCA3ABC5-DCCE-0BBE-5327-E65AE52A195D
41.151005,32.705536,2,CCA3ABC5-DCCE-0BBE-5327-E65AE52A195D
12.125242,-26.989183,2,CCA3ABC5-DCCE-0BBE-5327-E65AE52A195D
3.977698,-36.313953,2,CCA3ABC5-DCCE-0BBE-5327-E65AE52A195D
19.520344,-33.335136,2,CCA3ABC5-DCCE-0BBE-5327-E65AE52A195D
6.046607,-61.73906,0,CCA3ABC5-DCCE-0BBE-5327-E65AE52A195D
5.998435,-61.632656,0,CCA3ABC5-DCCE-0BBE-5327-E65AE52A195D
6.5044374,-62.11015,0,CCA3ABC5-DCCE-0BBE-5327-E65AE52A195D
13.891787,-62.640137,0,CCA3ABC5-DCCE-0BBE-5327-E65AE52A195D
13.58901,-62.367527,0,CCA3ABC5-DCCE-0BBE-5327-E65AE52A195D
33.56895,-39.54291,0,CCA3ABC5-DCCE-0BBE-5327-E65AE52A195D
-9.281926,25.895325,0,CD5833CD-93D3-318C-371A-18A32DEFC38B
-17.739199,8.188491,0,CD5833CD-93D3-318C-371A-18A32DEFC38B
-18.81767,-8.730654,0,CD5833CD-93D3-318C-371A-18A32DEFC38B
-14.278906,3.1276338,0,CD5833CD-93D3-318C-371A-18A32DEFC38B
14.1272335,-18.641102,0,CD5833CD-93D3-318C-371A-18A32DEFC38B
-15.192442,3.076661,0,CD5833CD-93D3-318C-371A-18A32DEFC38B
12.680008,-64.23541,0,CD5833CD-93D3-318C-371A-18A32DEFC38B
18.52951,-64.092606,0,CD5833CD-93D3-318C-371A-18A32DEFC38B
23.491016,-29.71314,0,CD5833CD-93D3-318C-371A-18A32DEFC38B
22.211834,-5.0288496,0,CD5833CD-93D3-318C-371A-18A32DEFC38B
1.9162024,9.949294,0,CD5833CD-93D3-318C-371A-18A32DEFC38B
24.611858,19.881983,1,CD5833CD-93D3-318C-371A-18A32DEFC38B
-8.744946,-10.186039,0,CD5833CD-93D3-318C-371A-18A32DEFC38B
-21.547916,-17.861668,0,CD5833CD-93D3-318C-371A-18A32DEFC38B
-18.545794,4.7681003,0,CD5833CD-93D3-318C-371A-18A32DEFC38B
-33.636852,18.946459,2,CD5833CD-93D3-318C-371A-18A32DEFC38B
-37.73895,21.31022,2,CD5833CD-93D3-318C-371A-18A32DEFC38B
-11.418303,25.17318,2,CD5833CD-93D3-318C-371A-18A32DEFC38B
-18.762152,41.983032,2,CD5833CD-93D3-318C-371A-18A32DEFC38B
-18.08058,42.673115,2,CD5833CD-93D3-318C-371A-18A32DEFC38B
-0.22550555,-7.1855297,2,CD5833CD-93D3-318C-371A-18A32DEFC38B
0.810127,-6.6940084,2,CD5833CD-93D3-318C-371A-18A32DEFC38B
17.551641,-20.694344,2,CD5833CD-93D3-318C-371A-18A32DEFC38B
17.875381,-20.377365,0,CD5833CD-93D3-318C-371A-18A32DEFC38B
11.023877,-41.767666,1,D0F7ABC0-F552-63CD-CAC6-6703C39B83CA
11.319824,-42.244225,1,D0F7ABC0-F552-63CD-CAC6-6703C39B83CA
5.1849594,-37.66182,2,D0F7ABC0-F552-63CD-CAC6-6703C39B83CA
-9.03033,-33.852467,2,D0F7ABC0-F552-63CD-CAC6-6703C39B83CA
-3.17875,-40.656044,2,D0F7ABC0-F552-63CD-CAC6-6703C39B83CA
-1.4251428,-3.310538,2,D0F7ABC0-F552-63CD-CAC6-6703C39B83CA
30.35696,-32.18143,1,D0F7ABC0-F552-63CD-CAC6-6703C39B83CA
30.485138,-31.836985,1,D0F7ABC0-F552-63CD-CAC6-6703C39B83CA
10.196632,-30.607082,2,D0F7ABC0-F552-63CD-CAC6-6703C39B83CA
-7.320954,-28.368668,2,D0F7ABC0-F552-63CD-CAC6-6703C39B83CA
-41.248905,-13.297084,2,D0F7ABC0-F552-63CD-CAC6-6703C39B83CA
-7.3218064,13.745736,2,D0F7ABC0-F552-63CD-CAC6-6703C39B83CA
42.136093,27.27856,1,D0F7ABC0-F552-63CD-CAC6-6703C39B83CA
48.688213,21.241827,1,D0F7ABC0-F552-63CD-CAC6-6703C39B83CA
54.919243,21.068447,1,D0F7ABC0-F552-63CD-CAC6-6703C39B83CA
10.119955,-24.35812,1,D0F7ABC0-F552-63CD-CAC6-6703C39B83CA
-12.856973,-14.667199,1,D0F7ABC0-F552-63CD-CAC6-6703C39B83CA
29.859537,14.712185,1,D0F7ABC0-F552-63CD-CAC6-6703C39B83CA
29.10722,14.458658,1,D0F7ABC0-F552-63CD-CAC6-6703C39B83CA
28.553461,14.020192,1,D0F7ABC0-F552-63CD-CAC6-6703C39B83CA
29.576271,14.542875,1,D0F7ABC0-F552-63CD-CAC6-6703C39B83CA
59.93851,20.99657,1,D0F7ABC0-F552-63CD-CAC6-6703C39B83CA
47.01094,8.628784,1,D0F7ABC0-F552-63CD-CAC6-6703C39B83CA
45.776913,-1.4230762,1,D0F7ABC0-F552-63CD-CAC6-6703C39B83CA
47.552612,4.171306,1,D0F7ABC0-F552-63CD-CAC6-6703C39B83CA
47.934265,3.1084273,1,D0F7ABC0-F552-63CD-CAC6-6703C39B83CA
47.756805,3.7194543,1,D0F7ABC0-F552-63CD-CAC6-6703C39B83CA
14.219461,3.4542546,1,D0F7ABC0-F552-63CD-CAC6-6703C39B83CA
14.437459,3.317738,1,D0F7ABC0-F552-63CD-CAC6-6703C39B83CA
52.36961,22.427208,1,D0F7ABC0-F552-63CD-CAC6-6703C39B83CA
2.1942935,-40.875195,2,D51A5648-0039-8CB1-45CB-C51E5ABA8BCC
1.7675803,-40.644157,2,D51A5648-0039-8CB1-45CB-C51E5ABA8BCC
-10.029603,8.96251,2,D51A5648-0039-8CB1-45CB-C51E5ABA8BCC
-11.911579,25.952309,0,D51A5648-0039-8CB1-45CB-C51E5ABA8BCC
-12.169999,26.16596,0,D51A5648-0039-8CB1-45CB-C51E5ABA8BCC
1.5116246,16.94847,0,D51A5648-0039-8CB1-45CB-C51E5ABA8BCC
1.78874,16.720081,0,D51A5648-0039-8CB1-45CB-C51E5ABA8BCC
1.9868107,16.758327,1,D51A5648-0039-8CB1-45CB-C51E5ABA8BCC
3.906056,-32.238644,1,D51A5648-0039-8CB1-45CB-C51E5ABA8BCC
11.019267,-9.64509,1,D51A5648-0039-8CB1-45CB-C51E5ABA8BCC
-6.4235125,3.9047325,1,D51A5648-0039-8CB1-45CB-C51E5ABA8BCC
-30.215935,38.52058,2,D51A5648-0039-8CB1-45CB-C51E5ABA8BCC
33.166027,-36.458134,0,D51A5648-0039-8CB1-45CB-C51E5ABA8BCC
6.38557,-45.54918,0,D51A5648-0039-8CB1-45CB-C51E5ABA8BCC
-29.4175,7.422782,0,D51A5648-0039-8CB1-45CB-C51E5ABA8BCC
-29.494335,7.5323157,0,D51A5648-0039-8CB1-45CB-C51E5ABA8BCC
-29.513613,7.7676907,0,D51A5648-0039-8CB1-45CB-C51E5ABA8BCC
1.0231072,43.50297,0,D51A5648-0039-8CB1-45CB-C51E5ABA8BCC
20.729696,-25.164974,0,D57F474B-B38C-E9AF-73CC-2CF16EED3827
12.854361,-6.92603,0,D57F474B-B38C-E9AF-73CC-2CF16EED3827
15.888083,11.846841,0,D57F474B-B38C-E9AF-73CC-2CF16EED3827
19.498327,17.366611,0,D57F474B-B38C-E9AF-73CC-2CF16EED3827
47.635815,27.426933,0,D57F474B-B38C-E9AF-73CC-2CF16EED3827
49.10416,26.525024,0,D57F474B-B38C-E9AF-73CC-2CF16EED3827
40.651493,6.9393196,1,D57F474B-B38C-E9AF-73CC-2CF16EED3827
8.558459,19.278835,1,D57F474B-B38C-E9AF-73CC-2CF16EED3827
10.202618,41.539696,1,D57F474B-B38C-E9AF-73CC-2CF16EED3827
22.754795,39.064995,1,D57F474B-B38C-E9AF-73CC-2CF16EED3827
35.357193,23.169916,1,D57F474B-B38C-E9AF-73CC-2CF16EED3827
25.160852,-7.6552672,1,D57F474B-B38C-E9AF-73CC-2CF16EED3827
-29.06412,-35.145233,0,D57F474B-B38C-E9AF-73CC-2CF16EED3827
-29.160875,-34.886402,2,D57F474B-B38C-E9AF-73CC-2CF16EED3827
-39.82508,11.300613,2,D57F474B-B38C-E9AF-73CC-2CF16EED3827
-53.677532,23.54991,2,D57F474B-B38C-E9AF-73CC-2CF16EED3827
-44.86661,40.64728,2,D57F474B-B38C-E9AF-73CC-2CF16EED3827
-44.610912,40.952347,2,D57F474B-B38C-E9AF-73CC-2CF16EED3827
9.191849,-5.655532,2,D6D11A63-A131-4E74-041D-6E3BD8EFF8FF
-13.714147,-10.3979,2,D6D11A63-A131-4E74-041D-6E3BD8EFF8FF
-11.748565,8.964137,2,D6D11A63-A131-4E74-041D-6E3BD8EFF8FF
-17.30017,-13.164389,2,D6D11A63-A131-4E74-041D-6E3BD8EFF8FF
-30.550508,17.982054,2,D6D11A63-A131-4E74-041D-6E3BD8EFF8FF
38.587597,4.102626,2,D6D11A63-A131-4E74-041D-6E3BD8EFF8FF
38.86448,4.0850806,2,D6D11A63-A131-4E74-041D-6E3BD8EFF8FF
38.931343,4.0413814,2,D6D11A63-A131-4E74-041D-6E3BD8EFF8FF
28.246325,-3.638647,2,D6D11A63-A131-4E74-041D-6E3BD8EFF8FF
28.33809,-3.7528443,2,D6D11A63-A131-4E74-041D-6E3BD8EFF8FF
-1.8532156,3.463685,2,D6D11A63-A131-4E74-041D-6E3BD8EFF8FF
-1.795845,3.533654,2,D6D11A63-A131-4E74-041D-6E3BD8EFF8FF
-45.509193,-17.311817,0,D6D11A63-A131-4E74-041D-6E3BD8EFF8FF
-45.509834,-17.287615,0,D6D11A63-A131-4E74-041D-6E3BD8EFF8FF
-26.592394,-37.97403,0,D6D11A63-A131-4E74-041D-6E3BD8EFF8FF
-26.730389,-37.875027,0,D6D11A63-A131-4E74-041D-6E3BD8EFF8FF
-17.816528,-36.53655,2,D6D11A63-A131-4E74-041D-6E3BD8EFF8FF
20.721712,6.9903164,2,D6D11A63-A131-4E74-041D-6E3BD8EFF8FF
-49.654938,27.195118,2,D6D11A63-A131-4E74-041D-6E3BD8EFF8FF
-36.036816,3.8856456,2,D6D11A63-A131-4E74-041D-6E3BD8EFF8FF
-49.45652,27.161034,2,D6D11A63-A131-4E74-041D-6E3BD8EFF8FF
-49.886044,26.284838,2,D6D11A63-A131-4E74-041D-6E3BD8EFF8FF
-50.51643,13.83851,2,D6D11A63-A131-4E74-041D-6E3BD8EFF8FF
-23.558867,-37.577984,2,D6D11A63-A131-4E74-041D-6E3BD8EFF8FF
13.354632,-38.680008,2,DA2856BC-D181-9AF0-DC9A-99A9444D5579
2.408311,-36.47308,2,DA2856BC-D181-9AF0-DC9A-99A9444D5579
-19.44114,-34.32869,2,DA2856BC-D181-9AF0-DC9A-99A9444D5579
-42.24815,-14.116717,1,DA2856BC-D181-9AF0-DC9A-99A9444D5579
-24.483135,-19.816727,2,DA2856BC-D181-9AF0-DC9A-99A9444D5579
-41.905468,-13.96648,2,DA2856BC-D181-9AF0-DC9A-99A9444D5579
-24.330133,-27.637226,2,DA2856BC-D181-9AF0-DC9A-99A9444D5579
-24.10463,-27.295183,2,DA2856BC-D181-9AF0-DC9A-99A9444D5579
-45.14664,-9.661791,0,DA2856BC-D181-9AF0-DC9A-99A9444D5579
-19.86539,-35.332726,0,DA2856BC-D181-9AF0-DC9A-99A9444D5579
12.279562,-36.91356,0,DA2856BC-D181-9AF0-DC9A-99A9444D5579
-41.270798,-4.5636606,0,DA2856BC-D181-9AF0-DC9A-99A9444D5579
-30.721926,-18.66958,2,DA2856BC-D181-9AF0-DC9A-99A9444D5579
-18.425272,16.125694,2,DA2856BC-D181-9AF0-DC9A-99A9444D5579
-17.860106,16.137205,2,DA2856BC-D181-9AF0-DC9A-99A9444D5579
-17.556257,16.142778,0,DA2856BC-D181-9AF0-DC9A-99A9444D5579
29.35174,-14.533299,0,DA2856BC-D181-9AF0-DC9A-99A9444D5579
36.698734,-11.064448,0,DA2856BC-D181-9AF0-DC9A-99A9444D5579
-46.375786,23.96237,2,DA2856BC-D181-9AF0-DC9A-99A9444D5579
-19.653677,12.830572,2,DA2856BC-D181-9AF0-DC9A-99A9444D5579
-43.236855,25.219471,2,DA2856BC-D181-9AF0-DC9A-99A9444D5579
24.43496,-7.590054,0,DA2856BC-D181-9AF0-DC9A-99A9444D5579
25.203379,-15.405377,2,DA2856BC-D181-9AF0-DC9A-99A9444D5579
14.242502,9.996967,2,DA2856BC-D181-9AF0-DC9A-99A9444D5579
-34.533146,19.198395,2,DA2856BC-D181-9AF0-DC9A-99A9444D5579
-0.9019305,34.789402,0,DA2856BC-D181-9AF0-DC9A-99A9444D5579
-9.476433,0.25411603,0,DA2856BC-D181-9AF0-DC9A-99A9444D5579
-9.451132,0.18871598,2,DA2856BC-D181-9AF0-DC9A-99A9444D5579
9.736855,-14.954946,2,DA2856BC-D181-9AF0-DC9A-99A9444D5579
-9.154698,-0.2244435,2,DA2856BC-D181-9AF0-DC9A-99A9444D5579
-4.6433597,23.582357,0,DBA0C8C4-AE05-772F-2E53-E6167F8ACB77
-25.363976,-8.313397,0,DBA0C8C4-AE05-772F-2E53-E6167F8ACB77
-25.10626,-8.640868,2,DBA0C8C4-AE05-772F-2E53-E6167F8ACB77
-25.37979,-8.2086,2,DBA0C8C4-AE05-772F-2E53-E6167F8ACB77
-32.822006,16.82935,2,DBA0C8C4-AE05-772F-2E53-E6167F8ACB77
-32.890232,16.9111,2,DBA0C8C4-AE05-772F-2E53-E6167F8ACB77
-2.3675048,26.17187,0,DBA0C8C4-AE05-772F-2E53-E6167F8ACB77
-24.64607,15.222151,2,DBA0C8C4-AE05-772F-2E53-E6167F8ACB77
18.683636,-23.044428,2,DBA0C8C4-AE05-772F-2E53-E6167F8ACB77
18.70955,-23.074734,2,DBA0C8C4-AE05-772F-2E53-E6167F8ACB77
-12.81338,-40.36016,0,DBA0C8C4-AE05-772F-2E53-E6167F8ACB77
-13.137549,-40.17203,0,DBA0C8C4-AE05-772F-2E53-E6167F8ACB77
45.72583,8.13309,0,DBA0C8C4-AE05-772F-2E53-E6167F8ACB77
49.848164,11.589035,0,DBA0C8C4-AE05-772F-2E53-E6167F8ACB77
39.65789,3.1978693,2,DBA0C8C4-AE05-772F-2E53-E6167F8ACB77
35.461884,-29.902992,2,DBA0C8C4-AE05-772F-2E53-E6167F8ACB77
38.81768,-8.159854,2,DBA0C8C4-AE05-772F-2E53-E6167F8ACB77
-8.745455,-5.9943604,2,DBA0C8C4-AE05-772F-2E53-E6167F8ACB77
11.56481,7.7356315,2,DBA0C8C4-AE05-772F-2E53-E6167F8ACB77
11.988351,7.6016483,2,DBA0C8C4-AE05-772F-2E53-E6167F8ACB77
17.480064,27.961185,2,DBA0C8C4-AE05-772F-2E53-E6167F8ACB77
-6.3038917,46.79399,2,DBA0C8C4-AE05-772F-2E53-E6167F8ACB77
-6.555468,46.72846,0,DBA0C8C4-AE05-772F-2E53-E6167F8ACB77
-11.47505,44.96753,0,DBA0C8C4-AE05-772F-2E53-E6167F8ACB77
9.193038,-3.8186553,0,DC0BE0E2-B41E-3D73-47C5-5733952512CB
9.391138,-4.9059114,0,DC0BE0E2-B41E-3D73-47C5-5733952512CB
-11.043753,-17.180836,0,DC0BE0E2-B41E-3D73-47C5-5733952512CB
-11.176838,-17.22341,0,DC0BE0E2-B41E-3D73-47C5-5733952512CB
-30.039135,-4.8906813,0,DC0BE0E2-B41E-3D73-47C5-5733952512CB
-39.473347,4.91364,2,DC0BE0E2-B41E-3D73-47C5-5733952512CB
-23.807781,7.654467,2,DC0BE0E2-B41E-3D73-47C5-5733952512CB
-10.206325,40.360344,2,DC0BE0E2-B41E-3D73-47C5-5733952512CB
-10.319758,40.35476,2,DC0BE0E2-B41E-3D73-47C5-5733952512CB
-18.954336,-23.474493,0,DC0BE0E2-B41E-3D73-47C5-5733952512CB
0.34641287,-35.53349,0,DC0BE0E2-B41E-3D73-47C5-5733952512CB
0.291836,-35.475796,0,DC0BE0E2-B41E-3D73-47C5-5733952512CB
17.356865,-16.59663,2,DC0BE0E2-B41E-3D73-47C5-5733952512CB
18.824135,-44.440872,2,DC0BE0E2-B41E-3D73-47C5-5733952512CB
25.70209,-36.37417,0,DC0BE0E2-B41E-3D73-47C5-5733952512CB
25.346724,-36.036057,0,DC0BE0E2-B41E-3D73-47C5-5733952512CB
24.082438,-20.65766,2,DC0BE0E2-B41E-3D73-47C5-5733952512CB
10.042469,25.671267,2,DC0BE0E2-B41E-3D73-47C5-5733952512CB
-4.947591,2.0302436,2,DC0BE0E2-B41E-3D73-47C5-5733952512CB
4.7257376,9.560933,0,DC0BE0E2-B41E-3D73-47C5-5733952512CB
4.540261,9.437697,0,DC0BE0E2-B41E-3D73-47C5-5733952512CB
-8.1667595,-53.500534,0,DC0BE0E2-B41E-3D73-47C5-5733952512CB
4.1622834,-45.202633,0,DC0BE0E2-B41E-3D73-47C5-5733952512CB
-13.093028,-10.708396,2,DCB45A10-FAF5-53E0-AB53-2D42AC9BB090
-19.163301,-11.300636,2,DCB45A10-FAF5-53E0-AB53-2D42AC9BB090
-19.067156,-11.708559,2,DCB45A10-FAF5-53E0-AB53-2D42AC9BB090
46.364395,16.171995,2,DCB45A10-FAF5-53E0-AB53-2D42AC9BB090
52.60703,16.696901,1,DCB45A10-FAF5-53E0-AB53-2D42AC9BB090
54.679882,12.386023,1,DCB45A10-FAF5-53E0-AB53-2D42AC9BB090
21.569378,30.81937,1,DCB45A10-FAF5-53E0-AB53-2D42AC9BB090
-7.92993,-18.617344,1,DCB45A10-FAF5-53E0-AB53-2D42AC9BB090
-12.638614,-27.094685,1,DCB45A10-FAF5-53E0-AB53-2D42AC9BB090
-1.075646,-3.4853773,1,DCB45A10-FAF5-53E0-AB53-2D42AC9BB090
54.576107,11.548832,1,DCB45A10-FAF5-53E0-AB53-2D42AC9BB090
55.033184,10.496908,1,DCB45A10-FAF5-53E0-AB53-2D42AC9BB090
-21.26759,-38.210327,0,DCB45A10-FAF5-53E0-AB53-2D42AC9BB090
-34.14144,-24.521854,0,DCB45A10-FAF5-53E0-AB53-2D42AC9BB090
-34.885574,-24.482908,1,DCB45A10-FAF5-53E0-AB53-2D42AC9BB090
-47.785286,-8.191101,2,DCB45A10-FAF5-53E0-AB53-2D42AC9BB090
-34.2,-25.852179,2,DCB45A10-FAF5-53E0-AB53-2D42AC9BB090
-3.8270352,-54.562855,2,DCB45A10-FAF5-53E0-AB53-2D42AC9BB090
31.822676,-44.06757,2,DCB45A10-FAF5-53E0-AB53-2D42AC9BB090
31.537489,-44.192455,2,DCB45A10-FAF5-53E0-AB53-2D42AC9BB090
-36.58319,-24.349674,2,DCB45A10-FAF5-53E0-AB53-2D42AC9BB090
-36.493855,-24.348501,2,DCB45A10-FAF5-53E0-AB53-2D42AC9BB090
-36.04007,8.573712,0,DCB45A10-FAF5-53E0-AB53-2D42AC9BB090
-25.073254,41.359642,2,DCB45A10-FAF5-53E0-AB53-2D42AC9BB090
-3.6085517,-24.00915,2,DD956DE9-DEFB-C0C6-82B4-C639A17D6782
-14.170747,-17.215002,2,DD956DE9-DEFB-C0C6-82B4-C639A17D6782
-4.0183215,-24.348837,2,DD956DE9-DEFB-C0C6-82B4-C639A17D6782
9.281769,-6.6222954,2,DD956DE9-DEFB-C0C6-82B4-C639A17D6782
9.707079,-6.692844,2,DD956DE9-DEFB-C0C6-82B4-C639A17D6782
26.128532,-1.877449,2,DD956DE9-DEFB-C0C6-82B4-C639A17D6782
-54.019787,15.185681,2,DD956DE9-DEFB-C0C6-82B4-C639A17D6782
-52.60001,16.579948,2,DD956DE9-DEFB-C0C6-82B4-C639A17D6782
-52.206863,17.212402,2,DD956DE9-DEFB-C0C6-82B4-C639A17D6782
-43.800167,6.919357,2,DD956DE9-DEFB-C0C6-82B4-C639A17D6782
-18.7373,48.149323,2,DD956DE9-DEFB-C0C6-82B4-C639A17D6782
-12.5433,-12.651295,2,DD956DE9-DEFB-C0C6-82B4-C639A17D6782
-26.772207,-3.8946502,0,DD956DE9-DEFB-C0C6-82B4-C639A17D6782
-9.9040985,9.436303,0,DD956DE9-DEFB-C0C6-82B4-C639A17D6782
-14.296048,-34.14079,0,DD956DE9-DEFB-C0C6-82B4-C639A17D6782
-13.628364,-34.05068,0,DD956DE9-DEFB-C0C6-82B4-C639A17D6782
-9.243007,-53.72519,0,DD956DE9-DEFB-C0C6-82B4-C639A17D6782
-9.954323,-53.419487,0,DD956DE9-DEFB-C0C6-82B4-C639A17D6782
47.08522,15.709434,2,DE775A65-68D5-C477-E2F7-BCC1AEF0B850
47.672504,15.909259,2,DE775A65-68D5-C477-E2F7-BCC1AEF0B850
57.165718,14.346843,2,DE775A65-68D5-C477-E2F7-BCC1AEF0B850
43.613926,-4.971922,2,DE775A65-68D5-C477-E2F7-BCC1AEF0B850
34.937775,-29.503723,2,DE775A65-68D5-C477-E2F7-BCC1AEF0B850
32.517776,-40.03628,2,DE775A65-68D5-C477-E2F7-BCC1AEF0B850
-13.477238,-28.273783,0,DE775A65-68D5-C477-E2F7-BCC1AEF0B850
-41.08013,39.990738,1,DE775A65-68D5-C477-E2F7-BCC1AEF0B850
-12.881399,47.415615,1,DE775A65-68D5-C477-E2F7-BCC1AEF0B850
-21.861082,50.263535,1,DE775A65-68D5-C477-E2F7-BCC1AEF0B850
-21.515587,50.153564,1,DE775A65-68D5-C477-E2F7-BCC1AEF0B850
-21.331312,49.98448,1,DE775A65-68D5-C477-E2F7-BCC1AEF0B850
-6.9891896,28.18725,1,DE775A65-68D5-C477-E2F7-BCC1AEF0B850
-44.716328,17.93719,1,DE775A65-68D5-C477-E2F7-BCC1AEF0B850
-21.143684,5.672149,2,DE775A65-68D5-C477-E2F7-BCC1AEF0B850
9.048922,-47.141106,2,DE775A65-68D5-C477-E2F7-BCC1AEF0B850
8.83071,-47.449726,2,DE775A65-68D5-C477-E2F7-BCC1AEF0B850
9.106791,-47.38763,2,DE775A65-68D5-C477-E2F7-BCC1AEF0B850
-28.66022,14.347232,2,DE775A65-68D5-C477-E2F7-BCC1AEF0B850
-28.785994,14.578856,0,DE775A65-68D5-C477-E2F7-BCC1AEF0B850
-28.902294,14.691625,0,DE775A65-68D5-C477-E2F7-BCC1AEF0B850
-44.07771,14.947437,0,DE775A65-68D5-C477-E2F7-BCC1AEF0B850
-21.599215,-38.585762,0,DE775A65-68D5-C477-E2F7-BCC1AEF0B850
-2.0549002,-52.103924,2,DE775A65-68D5-C477-E2F7-BCC1AEF0B850
-45.260128,-7.966206,2,DE775A65-68D5-C477-E2F7-BCC1AEF0B850
-46.15805,29.217411,2,DE775A65-68D5-C477-E2F7-BCC1AEF0B850
-45.95773,29.48252,2,DE775A65-68D5-C477-E2F7-BCC1AEF0B850
-29.772448,26.98101,2,DE775A65-68D5-C477-E2F7-BCC1AEF0B850
-23.995262,42.40431,2,DE775A65-68D5-C477-E2F7-BCC1AEF0B850
-23.649199,43.341595,2,DE775A65-68D5-C477-E2F7-BCC1AEF0B850
-26.844913,22.145737,0,DF62EF03-DA30-E70A-CA31-03A029C9610A
-35.15191,23.97232,1,DF62EF03-DA30-E70A-CA31-03A029C9610A
-48.366974,22.443916,2,DF62EF03-DA30-E70A-CA31-03A029C9610A
-48.5494,22.56395,2,DF62EF03-DA30-E70A-CA31-03A029C9610A
-49.674107,22.66005,2,DF62EF03-DA30-E70A-CA31-03A029C9610A
-20.282366,-4.4451814,2,DF62EF03-DA30-E70A-CA31-03A029C9610A
17.096153,12.884465,2,DF62EF03-DA30-E70A-CA31-03A029C9610A
22.67934,17.342672,1,DF62EF03-DA30-E70A-CA31-03A029C9610A
22.644932,17.369919,1,DF62EF03-DA30-E70A-CA31-03A029C9610A
37.769913,-6.1645885,1,DF62EF03-DA30-E70A-CA31-03A029C9610A
44.92984,1.3342744,1,DF62EF03-DA30-E70A-CA31-03A029C9610A
29.91475,-34.03346,0,DF62EF03-DA30-E70A-CA31-03A029C9610A
31.34393,34.258186,1,DF62EF03-DA30-E70A-CA31-03A029C9610A
16.012383,9.930098,1,DF62EF03-DA30-E70A-CA31-03A029C9610A
23.8974,-1.7113425,1,DF62EF03-DA30-E70A-CA31-03A029C9610A
26.29768,17.901674,1,DF62EF03-DA30-E70A-CA31-03A029C9610A
46.354565,26.964657,1,DF62EF03-DA30-E70A-CA31-03A029C9610A
40.229935,32.110275,1,DF62EF03-DA30-E70A-CA31-03A029C9610A
0.5287837,-7.5432587,2,DF62EF03-DA30-E70A-CA31-03A029C9610A
1.3069557,-6.7813516,2,DF62EF03-DA30-E70A-CA31-03A029C9610A
29.810493,-46.529922,2,DF62EF03-DA30-E70A-CA31-03A029C9610A
30.401772,-46.150555,2,DF62EF03-DA30-E70A-CA31-03A029C9610A
30.579882,-46.03891,0,DF62EF03-DA30-E70A-CA31-03A029C9610A
30.307234,-46.19098,0,DF62EF03-DA30-E70A-CA31-03A029C9610A
-22.248915,41.796165,2,DF62EF03-DA30-E70A-CA31-03A029C9610A
-43.11458,28.589678,2,DF62EF03-DA30-E70A-CA31-03A029C9610A
-21.738873,14.157524,2,DF62EF03-DA30-E70A-CA31-03A029C9610A
-34.72532,-21.589453,2,DF62EF03-DA30-E70A-CA31-03A029C9610A
-34.77675,-21.606739,2,DF62EF03-DA30-E70A-CA31-03A029C9610A
3.7043312,-60.660812,2,DF62EF03-DA30-E70A-CA31-03A029C9610A
-28.697927,40.989178,2,E3489F9E-39E2-47B9-24EF-BAACE1438D00
-29.781143,40.434807,2,E3489F9E-39E2-47B9-24EF-BAACE1438D00
-29.264498,40.543,0,E3489F9E-39E2-47B9-24EF-BAACE1438D00
-20.922556,21.351469,0,E3489F9E-39E2-47B9-24EF-BAACE1438D00
-20.892807,21.454662,0,E3489F9E-39E2-47B9-24EF-BAACE1438D00
23.569275,-46.122887,0,E3489F9E-39E2-47B9-24EF-BAACE1438D00
5.593272,-50.053337,0,E3489F9E-39E2-47B9-24EF-BAACE1438D00
-26.808708,-20.656002,0,E3489F9E-39E2-47B9-24EF-BAACE1438D00
-26.95559,-20.437199,0,E3489F9E-39E2-47B9-24EF-BAACE1438D00
-5.136829,-42.252796,2,E3489F9E-39E2-47B9-24EF-BAACE1438D00
-17.396826,6.6291647,2,E3489F9E-39E2-47B9-24EF-BAACE1438D00
-49.129513,32.74575,2,E3489F9E-39E2-47B9-24EF-BAACE1438D00
12.876619,-28.36037,0,E3489F9E-39E2-47B9-24EF-BAACE1438D00
-5.784002,5.6967325,0,E3489F9E-39E2-47B9-24EF-BAACE1438D00
49.30544,23.151215,0,E3489F9E-39E2-47B9-24EF-BAACE1438D00
53.65632,19.405586,0,E3489F9E-39E2-47B9-24EF-BAACE1438D00
53.615772,19.301056,0,E3489F9E-39E2-47B9-24EF-BAACE1438D00
36.66634,15.725427,0,E3489F9E-39E2-47B9-24EF-BAACE1438D00
26.133394,-20.047316,0,E3489F9E-39E2-47B9-24EF-BAACE1438D00
35.092075,-14.549382,0,E3489F9E-39E2-47B9-24EF-BAACE1438D00
8.276093,-57.386993,0,E3489F9E-39E2-47B9-24EF-BAACE1438D00
1.6176192,-50.318695,1,E3489F9E-39E2-47B9-24EF-BAACE1438D00
-20.77492,-7.4257436,1,E3489F9E-39E2-47B9-24EF-BAACE1438D00
-24.6525,17.878317,2,E3489F9E-39E2-47B9-24EF-BAACE1438D00
-25.878391,-11.7534685,0,E49C1269-8AB7-8C8F-FC88-AA92C2F1E260
-13.162681,-25.368435,0,E49C1269-8AB7-8C8F-FC88-AA92C2F1E260
21.113884,-2.1554146,0,E49C1269-8AB7-8C8F-FC88-AA92C2F1E260
44.812706,8.714159,0,E49C1269-8AB7-8C8F-FC88-AA92C2F1E260
40.796764,12.409631,1,E49C1269-8AB7-8C8F-FC88-AA92C2F1E260
40.92192,13.103382,1,E49C1269-8AB7-8C8F-FC88-AA92C2F1E260
40.698807,13.477208,1,E49C1269-8AB7-8C8F-FC88-AA92C2F1E260
19.419037,31.316975,1,E49C1269-8AB7-8C8F-FC88-AA92C2F1E260
-1.883821,33.426624,1,E49C1269-8AB7-8C8F-FC88-AA92C2F1E260
-29.355486,34.29913,1,E49C1269-8AB7-8C8F-FC88-AA92C2F1E260
-44.35037,34.8419,2,E49C1269-8AB7-8C8F-FC88-AA92C2F1E260
-44.374977,34.833096,2,E49C1269-8AB7-8C8F-FC88-AA92C2F1E260
-44.6932,34.917522,2,E49C1269-8AB7-8C8F-FC88-AA92C2F1E260
-8.084164,42.117767,2,E49C1269-8AB7-8C8F-FC88-AA92C2F1E260
-10.554205,32.7629,2,E49C1269-8AB7-8C8F-FC88-AA92C2F1E260
-10.809293,33.031956,2,E49C1269-8AB7-8C8F-FC88-AA92C2F1E260
2.9562426,26.417221,1,E49C1269-8AB7-8C8F-FC88-AA92C2F1E260
17.960032,-32.279438,1,E49C1269-8AB7-8C8F-FC88-AA92C2F1E260
8.13549,22.041119,0,E49C1269-8AB7-8C8F-FC88-AA92C2F1E260
36.230976,23.103281,2,E49C1269-8AB7-8C8F-FC88-AA92C2F1E260
11.348621,2.3466625,2,E49C1269-8AB7-8C8F-FC88-AA92C2F1E260
32.176105,-39.67249,2,E49C1269-8AB7-8C8F-FC88-AA92C2F1E260
10.080224,-40.10943,2,E49C1269-8AB7-8C8F-FC88-AA92C2F1E260
19.445803,-46.609516,2,E49C1269-8AB7-8C8F-FC88-AA92C2F1E260
49.156883,25.302101,1,E5CCE6B3-2C6E-BE96-602F-3852C8614777
53.10675,18.618835,1,E5CCE6B3-2C6E-BE96-602F-3852C8614777
34.450623,18.031425,1,E5CCE6B3-2C6E-BE96-602F-3852C8614777
59.87166,14.398345,1,E5CCE6B3-2C6E-BE96-602F-3852C8614777
60.54354,14.69091,1,E5CCE6B3-2C6E-BE96-602F-3852C8614777
60.13078,16.021708,1,E5CCE6B3-2C6E-BE96-602F-3852C8614777
12.5870695,-48.800854,0,E5CCE6B3-2C6E-BE96-602F-3852C8614777
24.139353,-39.660873,0,E5CCE6B3-2C6E-BE96-602F-3852C8614777
35.2102,-11.517287,2,E5CCE6B3-2C6E-BE96-602F-3852C8614777
35.611534,-11.267112,2,E5CCE6B3-2C6E-BE96-602F-3852C8614777
40.162075,17.838701,2,E5CCE6B3-2C6E-BE96-602F-3852C8614777
45.663372,21.902323,0,E5CCE6B3-2C6E-BE96-602F-3852C8614777
21.42503,39.357048,0,E5CCE6B3-2C6E-BE96-602F-3852C8614777
20.84046,39.294025,0,E5CCE6B3-2C6E-BE96-602F-3852C8614777
20.424614,39.980232,0,E5CCE6B3-2C6E-BE96-602F-3852C8614777
20.618517,40.493004,2,E5CCE6B3-2C6E-BE96-602F-3852C8614777
-9.063998,21.259363,2,E5CCE6B3-2C6E-BE96-602F-3852C8614777
-46.65161,39.752678,2,E5CCE6B3-2C6E-BE96-602F-3852C8614777
56.29031,19.22511,0,E5CCE6B3-2C6E-BE96-602F-3852C8614777
55.916203,19.221657,0,E5CCE6B3-2C6E-BE96-602F-3852C8614777
41.752045,-7.5154247,0,E5CCE6B3-2C6E-BE96-602F-3852C8614777
16.656929,-62.520996,0,E5CCE6B3-2C6E-BE96-602F-3852C8614777
-2.323098,1.5672529,0,E5CCE6B3-2C6E-BE96-602F-3852C8614777
-30.810043,38.264626,0,E5CCE6B3-2C6E-BE96-602F-3852C8614777
20.579863,-16.198086,0,E5F96AC5-AE7E-C4E8-8288-FB2674F43704
11.974053,-10.45627,0,E5F96AC5-AE7E-C4E8-8288-FB2674F43704
11.659119,19.662642,0,E5F96AC5-AE7E-C4E8-8288-FB2674F43704
7.8959947,46.807026,0,E5F96AC5-AE7E-C4E8-8288-FB2674F43704
6.5536757,45.73461,0,E5F96AC5-AE7E-C4E8-8288-FB2674F43704
-21.584541,49.302963,2,E5F96AC5-AE7E-C4E8-8288-FB2674F43704
13.660592,34.20425,2,E5F96AC5-AE7E-C4E8-8288-FB2674F43704
-29.925455,32.95742,2,E5F96AC5-AE7E-C4E8-8288-FB2674F43704
-22.790531,22.36296,2,E5F96AC5-AE7E-C4E8-8288-FB2674F43704
-5.652166,29.65376,2,E5F96AC5-AE7E-C4E8-8288-FB2674F43704
8.213795,42.96933,2,E5F96AC5-AE7E-C4E8-8288-FB2674F43704
-33.197285,24.099943,0,E5F96AC5-AE7E-C4E8-8288-FB2674F43704
6.167065,-54.094738,2,E5F96AC5-AE7E-C4E8-8288-FB2674F43704
4.1919913,-53.01321,2,E5F96AC5-AE7E-C4E8-8288-FB2674F43704
3.3876226,-53.23099,2,E5F96AC5-AE7E-C4E8-8288-FB2674F43704
1.4236804,-53.395447,2,E5F96AC5-AE7E-C4E8-8288-FB2674F43704
17.510714,-50.146526,2,E5F96AC5-AE7E-C4E8-8288-FB2674F43704
15.714357,-62.660538,0,E5F96AC5-AE7E-C4E8-8288-FB2674F43704
-43.38481,33.600975,2,E5F96AC5-AE7E-C4E8-8288-FB2674F43704
-13.190977,11.9646635,2,E5F96AC5-AE7E-C4E8-8288-FB2674F43704
-25.903036,9.032801,2,E5F96AC5-AE7E-C4E8-8288-FB2674F43704
-25.962406,9.288407,2,E5F96AC5-AE7E-C4E8-8288-FB2674F43704
-43.092316,19.430538,2,E5F96AC5-AE7E-C4E8-8288-FB2674F43704
-38.25703,3.9770517,2,E5F96AC5-AE7E-C4E8-8288-FB2674F43704
3.2529092,45.52474,2,E5F96AC5-AE7E-C4E8-8288-FB2674F43704
2.7662199,45.63495,2,E5F96AC5-AE7E-C4E8-8288-FB2674F43704
-12.292482,21.58162,2,E5F96AC5-AE7E-C4E8-8288-FB2674F43704
-12.892635,21.52013,2,E5F96AC5-AE7E-C4E8-8288-FB2674F43704
-10.920564,-21.738504,2,E5F96AC5-AE7E-C4E8-8288-FB2674F43704
-0.39984727,-17.21295,2,E5F96AC5-AE7E-C4E8-8288-FB2674F43704
-44.124516,5.3330693,2,EA788550-E907-E4AC-EAE4-82CC26723E3B
-44.047237,5.3647747,2,EA788550-E907-E4AC-EAE4-82CC26723E3B
-44.17147,5.4249,2,EA788550-E907-E4AC-EAE4-82CC26723E3B
-40.338627,15.98142,2,EA788550-E907-E4AC-EAE4-82CC26723E3B
-40.309032,16.33521,2,EA788550-E907-E4AC-EAE4-82CC26723E3B
-27.982939,23.04285,2,EA788550-E907-E4AC-EAE4-82CC26723E3B
-1.244012,33.064983,2,EA788550-E907-E4AC-EAE4-82CC26723E3B
-13.16361,44.11362,2,EA788550-E907-E4AC-EAE4-82CC26723E3B
-13.726411,43.90025,2,EA788550-E907-E4AC-EAE4-82CC26723E3B
-24.836445,36.80898,2,EA788550-E907-E4AC-EAE4-82CC26723E3B
-25.11257,36.930412,2,EA788550-E907-E4AC-EAE4-82CC26723E3B
-24.720972,36.528366,2,EA788550-E907-E4AC-EAE4-82CC26723E3B
15.1504755,-25.777782,0,EA788550-E907-E4AC-EAE4-82CC26723E3B
26.891611,2.8925872,0,EA788550-E907-E4AC-EAE4-82CC26723E3B
12.334257,-46.17232,0,EA788550-E907-E4AC-EAE4-82CC26723E3B
9.043983,-12.546938,0,EA788550-E907-E4AC-EAE4-82CC26723E3B
9.154369,-12.659139,0,EA788550-E907-E4AC-EAE4-82CC26723E3B
9.0204315,-12.2032795,0,EA788550-E907-E4AC-EAE4-82CC26723E3B
16.699873,-63.143826,0,EA788550-E907-E4AC-EAE4-82CC26723E3B
27.891968,-34.416348,0,EA788550-E907-E4AC-EAE4-82CC26723E3B
-24.6011,11.873106,0,EA788550-E907-E4AC-EAE4-82CC26723E3B
-43.736275,10.949875,2,EA788550-E907-E4AC-EAE4-82CC26723E3B
9.6298,-41.71448,0,EC6E2525-212C-1C3A-0B73-74D1B45748E1
8.056716,-40.46061,0,EC6E2525-212C-1C3A-0B73-74D1B45748E1
8.544907,-40.7529,0,EC6E2525-212C-1C3A-0B73-74D1B45748E1
33.779324,-32.098377,0,EC6E2525-212C-1C3A-0B73-74D1B45748E1
30.97838,-35.325203,0,EC6E2525-212C-1C3A-0B73-74D1B45748E1
35.115845,-17.515684,0,EC6E2525-212C-1C3A-0B73-74D1B45748E1
-14.644731,-27.615807,1,EC6E2525-212C-1C3A-0B73-74D1B45748E1
-21.571934,-20.643652,1,EC6E2525-212C-1C3A-0B73-74D1B45748E1
-14.703999,-27.587976,1,EC6E2525-212C-1C3A-0B73-74D1B45748E1
31.85063,-26.78972,1,EC6E2525-212C-1C3A-0B73-74D1B45748E1
32.00094,-26.541637,1,EC6E2525-212C-1C3A-0B73-74D1B45748E1
32.164074,-26.736824,1,EC6E2525-212C-1C3A-0B73-74D1B45748E1
9.125681,-3.5745568,2,EE62AFCD-B47D-E676-0257-21F92CB612D8
-14.058417,-9.92522,2,EE62AFCD-B47D-E676-0257-21F92CB612D8
10.562647,-21.658064,2,EE62AFCD-B47D-E676-0257-21F92CB612D8
10.5507555,-22.083828,2,EE62AFCD-B47D-E676-0257-21F92CB612D8
10.501597,-22.440845,2,EE62AFCD-B47D-E676-0257-21F92CB612D8
10.042314,-23.087608,2,EE62AFCD-B47D-E676-0257-21F92CB612D8
-49.028202,29.945646,2,EE62AFCD-B47D-E676-0257-21F92CB612D8
-48.95295,29.932774,2,EE62AFCD-B47D-E676-0257-21F92CB612D8
-45.036358,-6.410068,0,EE62AFCD-B47D-E676-0257-21F92CB612D8
-43.569946,-6.425703,0,EE62AFCD-B47D-E676-0257-21F92CB612D8
-42.70333,-6.93629,0,EE62AFCD-B47D-E676-0257-21F92CB612D8
-41.379314,-11.3743105,2,EE62AFCD-B47D-E676-0257-21F92CB612D8
-47.510303,-7.0122986,0,EE62AFCD-B47D-E676-0257-21F92CB612D8
30.071203,-37.090782,0,EE62AFCD-B47D-E676-0257-21F92CB612D8
35.080933,-36.63713,0,EE62AFCD-B47D-E676-0257-21F92CB612D8
7.9775095,-27.31208,0,EE62AFCD-B47D-E676-0257-21F92CB612D8
-21.088308,20.683771,1,EE62AFCD-B47D-E676-0257-21F92CB612D8
-41.269653,38.468067,1,EE62AFCD-B47D-E676-0257-21F92CB612D8
-6.4448233,-23.088247,0,EE62AFCD-B47D-E676-0257-21F92CB612D8
-6.6667495,-23.086435,0,EE62AFCD-B47D-E676-0257-21F92CB612D8
9.822946,-28.971703,0,EE62AFCD-B47D-E676-0257-21F92CB612D8
-8.497583,-31.675068,1,EE62AFCD-B47D-E676-0257-21F92CB612D8
-8.730558,-30.815058,2,EE62AFCD-B47D-E676-0257-21F92CB612D8
-8.883397,-30.668364,2,EE62AFCD-B47D-E676-0257-21F92CB612D8
-43.154087,35.293343,2,F1430977-52AF-4F46-BF92-0A8D736CBD2B
-43.464565,36.019714,0,F1430977-52AF-4F46-BF92-0A8D736CBD2B
-20.038738,2.7463558,0,F1430977-52AF-4F46-BF92-0A8D736CBD2B
-29.09295,19.12186,2,F1430977-52AF-4F46-BF92-0A8D736CBD2B
-20.187977,3.1580954,2,F1430977-52AF-4F46-BF92-0A8D736CBD2B
-41.813076,28.84573,2,F1430977-52AF-4F46-BF92-0A8D736CBD2B
-14.897799,6.8853273,2,F1430977-52AF-4F46-BF92-0A8D736CBD2B
-21.50452,-28.265379,2,F1430977-52AF-4F46-BF92-0A8D736CBD2B
-43.089016,10.301537,2,F1430977-52AF-4F46-BF92-0A8D736CBD2B
-42.70588,9.85057,2,F1430977-52AF-4F46-BF92-0A8D736CBD2B
-42.999996,9.819261,2,F1430977-52AF-4F46-BF92-0A8D736CBD2B
-26.774242,15.962783,0,F1430977-52AF-4F46-BF92-0A8D736CBD2B
-30.440392,26.190262,0,F1430977-52AF-4F46-BF92-0A8D736CBD2B
-25.457373,15.769244,0,F1430977-52AF-4F46-BF92-0A8D736CBD2B
-33.374714,31.743093,2,F1430977-52AF-4F46-BF92-0A8D736CBD2B
-28.080603,34.816017,2,F1430977-52AF-4F46-BF92-0A8D736CBD2B
28.137503,-0.96020645,2,F1430977-52AF-4F46-BF92-0A8D736CBD2B
-26.812843,28.29563,2,F1430977-52AF-4F46-BF92-0A8D736CBD2B
-27.274414,38.142876,2,F1430977-52AF-4F46-BF92-0A8D736CBD2B
-27.34181,37.983604,0,F1430977-52AF-4F46-BF92-0A8D736CBD2B
-48.678688,19.433308,2,F1430977-52AF-4F46-BF92-0A8D736CBD2B
-50.56649,14.736832,2,F1430977-52AF-4F46-BF92-0A8D736CBD2B
-45.51975,-6.9084234,2,F1430977-52AF-4F46-BF92-0A8D736CBD2B
-49.57947,17.600838,2,F1430977-52AF-4F46-BF92-0A8D736CBD2B
8.471313,20.39793,2,F1430977-52AF-4F46-BF92-0A8D736CBD2B
8.3941145,20.997753,2,F1430977-52AF-4F46-BF92-0A8D736CBD2B
-0.5082533,6.475967,2,F1430977-52AF-4F46-BF92-0A8D736CBD2B
-21.808323,-12.547094,2,F1430977-52AF-4F46-BF92-0A8D736CBD2B
-21.732723,-12.625499,2,F1430977-52AF-4F46-BF92-0A8D736CBD2B
-19.673193,-30.352213,2,F1430977-52AF-4F46-BF92-0A8D736CBD2B
-40.847538,-18.856712,0,F752B62E-E95F-A65D-4CB2-8B0252E15F08
-48.986927,11.174479,0,F752B62E-E95F-A65D-4CB2-8B0252E15F08
-48.921413,11.161393,2,F752B62E-E95F-A65D-4CB2-8B0252E15F08
-48.42374,11.244267,2,F752B62E-E95F-A65D-4CB2-8B0252E15F08
-44.553455,38.02718,0,F752B62E-E95F-A65D-4CB2-8B0252E15F08
-6.9684653,35.60857,0,F752B62E-E95F-A65D-4CB2-8B0252E15F08
-17.503323,-34.46981,0,F752B62E-E95F-A65D-4CB2-8B0252E15F08
-32.81662,-18.905237,0,F752B62E-E95F-A65D-4CB2-8B0252E15F08
-33.058857,-18.307552,0,F752B62E-E95F-A65D-4CB2-8B0252E15F08
-33.117786,-17.959307,1,F752B62E-E95F-A65D-4CB2-8B0252E15F08
3.9138625,-37.45129,2,F752B62E-E95F-A65D-4CB2-8B0252E15F08
40.876823,-9.041195,2,F752B62E-E95F-A65D-4CB2-8B0252E15F08
42.890007,-2.6888385,0,F752B62E-E95F-A65D-4CB2-8B0252E15F08
42.88328,-3.7004204,0,F752B62E-E95F-A65D-4CB2-8B0252E15F08
41.218655,-8.535935,1,F752B62E-E95F-A65D-4CB2-8B0252E15F08
43.692635,-3.303741,2,F752B62E-E95F-A65D-4CB2-8B0252E15F08
42.820396,-2.2490516,2,F752B62E-E95F-A65D-4CB2-8B0252E15F08
33.085518,-29.36574,0,F752B62E-E95F-A65D-4CB2-8B0252E15F08
44.630135,20.336058,1,FB70D507-2F2A-0F83-3B53-75EB8452F5E0
51.534794,22.833359,1,FB70D507-2F2A-0F83-3B53-75EB8452F5E0
20.58465,32.69916,1,FB70D507-2F2A-0F83-3B53-75EB8452F5E0
33.831528,30.602104,1,FB70D507-2F2A-0F83-3B53-75EB8452F5E0
3.8881788,45.073845,1,FB70D507-2F2A-0F83-3B53-75EB8452F5E0
2.0999434,42.74481,1,FB70D507-2F2A-0F83-3B53-75EB8452F5E0
33.887054,26.978096,1,FB70D507-2F2A-0F83-3B53-75EB8452F5E0
34.13115,27.10525,1,FB70D507-2F2A-0F83-3B53-75EB8452F5E0
34.16862,26.093824,1,FB70D507-2F2A-0F83-3B53-75EB8452F5E0
37.916595,13.55365,1,FB70D507-2F2A-0F83-3B53-75EB8452F5E0
15.668855,22.38248,2,FB70D507-2F2A-0F83-3B53-75EB8452F5E0
-30.05973,1.7827011,2,FB70D507-2F2A-0F83-3B53-75EB8452F5E0
-39.692524,27.062445,2,FB70D507-2F2A-0F83-3B53-75EB8452F5E0
-52.793995,33.427433,0,FB70D507-2F2A-0F83-3B53-75EB8452F5E0
-25.323065,24.916367,0,FB70D507-2F2A-0F83-3B53-75EB8452F5E0
-25.216194,24.906662,0,FB70D507-2F2A-0F83-3B53-75EB8452F5E0
-25.35715,24.707502,0,FB70D507-2F2A-0F83-3B53-75EB8452F5E0
-22.791628,-4.3549347,0,FB70D507-2F2A-0F83-3B53-75EB8452F5E0
42.208305,30.500366,1,FB70D507-2F2A-0F83-3B53-75EB8452F5E0
-15.61051,50.03848,1,FB70D507-2F2A-0F83-3B53-75EB8452F5E0
-18.581198,50.18938,1,FB70D507-2F2A-0F83-3B53-75EB8452F5E0
-15.865781,50.466934,2,FB70D507-2F2A-0F83-3B53-75EB8452F5E0
-15.315757,50.59399,2,FB70D507-2F2A-0F83-3B53-75EB8452F5E0
-15.781509,50.900597,2,FB70D507-2F2A-0F83-3B53-75EB8452F5E0
-14.727322,50.781208,2,FB70D507-2F2A-0F83-3B53-75EB8452F5E0
-45.615368,39.977432,0,FB70D507-2F2A-0F83-3B53-75EB8452F5E0
-16.782787,49.11874,0,FB70D507-2F2A-0F83-3B53-75EB8452F5E0
-17.082188,48.789867,2,FB70D507-2F2A-0F83-3B53-75EB8452F5E0
-17.741264,48.382023,2,FB70D507-2F2A-0F83-3B53-75EB8452F5E0
-27.47824,19.320328,2,FB70D507-2F2A-0F83-3B53-75EB8452F5E0
-24.433018,-1.7764628,2,FC50071B-D2BA-C98B-AC6E-7339010D56DA
-24.093033,-3.6791174,2,FC50071B-D2BA-C98B-AC6E-7339010D56DA
-24.028793,-3.263528,2,FC50071B-D2BA-C98B-AC6E-7339010D56DA
-24.024107,-2.8022041,2,FC50071B-D2BA-C98B-AC6E-7339010D56DA
-25.816511,11.90925,2,FC50071B-D2BA-C98B-AC6E-7339010D56DA
-12.983581,31.621172,2,FC50071B-D2BA-C98B-AC6E-7339010D56DA
36.09277,16.18159,2,FC50071B-D2BA-C98B-AC6E-7339010D56DA
24.784128,16.897526,2,FC50071B-D2BA-C98B-AC6E-7339010D56DA
-30.498604,-15.842735,1,FC50071B-D2BA-C98B-AC6E-7339010D56DA
-11.564522,-23.589209,2,FC50071B-D2BA-C98B-AC6E-7339010D56DA
-15.131937,-30.626738,2,FC50071B-D2BA-C98B-AC6E-7339010D56DA
-30.838123,-15.526276,2,FC50071B-D2BA-C98B-AC6E-7339010D56DA
-28.937576,-6.637992,2,FC50071B-D2BA-C98B-AC6E-7339010D56DA
-28.977446,-6.874427,2,FC50071B-D2BA-C98B-AC6E-7339010D56DA
-29.117027,-7.0673394,2,FC50071B-D2BA-C98B-AC6E-7339010D56DA
-26.547108,3.3969936,2,FC50071B-D2BA-C98B-AC6E-7339010D56DA
-26.34399,3.720926,1,FC50071B-D2BA-C98B-AC6E-7339010D56DA
48.043148,20.663546,1,FC50071B-D2BA-C98B-AC6E-7339010D56DA
0.7084748,-44.364243,0,FC66D29E-8CD8-AE29-A071-33549272C1EE
19.923992,-33.155815,0,FC66D29E-8CD8-AE29-A071-33549272C1EE
33.94052,-25.72135,2,FC66D29E-8CD8-AE29-A071-33549272C1EE
24.981743,-39.709694,2,FC66D29E-8CD8-AE29-A071-33549272C1EE
26.196743,-39.882572,2,FC66D29E-8CD8-AE29-A071-33549272C1EE
26.175066,-39.815327,2,FC66D29E-8CD8-AE29-A071-33549272C1EE
34.911346,-31.322655,2,FC66D29E-8CD8-AE29-A071-33549272C1EE
29.33904,3.8200066,2,FC66D29E-8CD8-AE29-A071-33549272C1EE
20.747948,18.101427,2,FC66D29E-8CD8-AE29-A071-33549272C1EE
-7.2709227,12.918505,2,FC66D29E-8CD8-AE29-A071-33549272C1EE
5.9372954,16.30915,2,FC66D29E-8CD8-AE29-A071-33549272C1EE
6.497021,16.354763,0,FC66D29E-8CD8-AE29-A071-33549272C1EE
-40.94656,32.23717,2,FC66D29E-8CD8-AE29-A071-33549272C1EE
-21.486115,-20.385223,2,FC66D29E-8CD8-AE29-A071-33549272C1EE
-18.677086,7.9346275,2,FC66D29E-8CD8-AE29-A071-33549272C1EE
-7.8961406,1.3348483,2,FC66D29E-8CD8-AE29-A071-33549272C1EE
10.754536,-13.213788,2,FC66D29E-8CD8-AE29-A071-33549272C1EE
17.522167,14.814242,2,FC66D29E-8CD8-AE29-A071-33549272C1EE
6.75559,-17.551298,0,FC66D29E-8CD8-AE29-A071-33549272C1EE
-41.633396,22.321339,0,FC66D29E-8CD8-AE29-A071-33549272C1EE
-41.24871,3.1511207,0,FC66D29E-8CD8-AE29-A071-33549272C1EE
-41.186928,-17.44166,0,FC66D29E-8CD8-AE29-A071-33549272C1EE
-18.334291,-32.088604,0,FC66D29E-8CD8-AE29-A071-33549272C1EE
-21.577085,-29.737558,0,FC66D29E-8CD8-AE29-A071-33549272C1EE
-21.753876,-29.649818,1,FC66D29E-8CD8-AE29-A071-33549272C1EE
-40.82137,-8.007512,1,FC66D29E-8CD8-AE29-A071-33549272C1EE
-17.38205,-31.491837,1,FC66D29E-8CD8-AE29-A071-33549272C1EE
-50.09425,16.528683,2,FC66D29E-8CD8-AE29-A071-33549272C1EE
-42.721844,13.247378,2,FC66D29E-8CD8-AE29-A071-33549272C1EE
-46.580257,27.891779,2,FC66D29E-8CD8-AE29-A071-33549272C1EE
-29.569523,3.8558912,2,FFAB0F54-EFF2-FA1A-1892-F9D8ED3C9B31
-26.617239,39.2234,2,FFAB0F54-EFF2-FA1A-1892-F9D8ED3C9B31
-42.500626,-3.8855636,2,FFAB0F54-EFF2-FA1A-1892-F9D8ED3C9B31
-30.738712,-28.464973,2,FFAB0F54-EFF2-FA1A-1892-F9D8ED3C9B31
-26.37873,-33.94466,2,FFAB0F54-EFF2-FA1A-1892-F9D8ED3C9B31
-1.1608615,-49.268852,0,FFAB0F54-EFF2-FA1A-1892-F9D8ED3C9B31
-25.97919,-26.802668,2,FFAB0F54-EFF2-FA1A-1892-F9D8ED3C9B31
7.6020823,-3.426683,2,FFAB0F54-EFF2-FA1A-1892-F9D8ED3C9B31
-4.684182,-13.018969,2,FFAB0F54-EFF2-FA1A-1892-F9D8ED3C9B31
-4.727803,-13.0029745,2,FFAB0F54-EFF2-FA1A-1892-F9D8ED3C9B31
36.146755,35.728916,2,FFAB0F54-EFF2-FA1A-1892-F9D8ED3C9B31
34.688866,21.843044,2,FFAB0F54-EFF2-FA1A-1892-F9D8ED3C9B31
19.125605,-39.041603,2,FFAB0F54-EFF2-FA1A-1892-F9D8ED3C9B31
19.178486,-39.544865,2,FFAB0F54-EFF2-FA1A-1892-F9D8ED3C9B31
23.749979,-47.101097,2,FFAB0F54-EFF2-FA1A-1892-F9D8ED3C9B31
23.1159,-47.930447,2,FFAB0F54-EFF2-FA1A-1892-F9D8ED3C9B31
-3.7747374,-55.133713,2,FFAB0F54-EFF2-FA1A-1892-F9D8ED3C9B31
