tsne_x,tsne_y,label_mood,player_id
13.282098,-37.251003,0,018B0D8D-B5EC-09D6-90ED-550058EBFEAF
52.94267,18.594538,2,018B0D8D-B5EC-09D6-90ED-550058EBFEAF
11.661685,-45.981995,2,018B0D8D-B5EC-09D6-90ED-550058EBFEAF
11.915712,-46.40102,2,018B0D8D-B5EC-09D6-90ED-550058EBFEAF
25.48803,-56.94343,1,018B0D8D-B5EC-09D6-90ED-550058EBFEAF
8.946592,-45.156746,1,018B0D8D-B5EC-09D6-90ED-550058EBFEAF
22.771051,20.18283,2,018B0D8D-B5EC-09D6-90ED-550058EBFEAF
20.91981,21.859552,2,018B0D8D-B5EC-09D6-90ED-550058EBFEAF
0.734914,29.410437,2,018B0D8D-B5EC-09D6-90ED-550058EBFEAF
-9.716479,7.430587,2,018B0D8D-B5EC-09D6-90ED-550058EBFEAF
-29.924913,-20.68609,2,018B0D8D-B5EC-09D6-90ED-550058EBFEAF
-42.21615,2.9924011,2,018B0D8D-B5EC-09D6-90ED-550058EBFEAF
-31.257952,-20.594662,2,018B0D8D-B5EC-09D6-90ED-550058EBFEAF
-9.091668,-1.86699,2,018B0D8D-B5EC-09D6-90ED-550058EBFEAF
-13.387164,-0.7288175,2,018B0D8D-B5EC-09D6-90ED-550058EBFEAF
-4.196786,-19.058533,2,018B0D8D-B5EC-09D6-90ED-550058EBFEAF
-3.9734547,-18.915508,0,018B0D8D-B5EC-09D6-90ED-550058EBFEAF
56.960278,23.81957,0,018B0D8D-B5EC-09D6-90ED-550058EBFEAF
8.80715,-24.680822,0,018B0D8D-B5EC-09D6-90ED-550058EBFEAF
23.247442,-34.00265,0,018B0D8D-B5EC-09D6-90ED-550058EBFEAF
27.235365,-55.913,2,018B0D8D-B5EC-09D6-90ED-550058EBFEAF
60.32223,5.408594,2,018B0D8D-B5EC-09D6-90ED-550058EBFEAF
65.63155,-12.216596,2,018B0D8D-B5EC-09D6-90ED-550058EBFEAF
21.654848,-41.669064,2,018B0D8D-B5EC-09D6-90ED-550058EBFEAF
13.2705345,-38.146988,2,018B0D8D-B5EC-09D6-90ED-550058EBFEAF
17.426716,-25.725752,2,018B0D8D-B5EC-09D6-90ED-550058EBFEAF
15.050012,-39.007854,0,018B0D8D-B5EC-09D6-90ED-550058EBFEAF
12.78209,-22.670094,0,018B0D8D-B5EC-09D6-90ED-550058EBFEAF
20.03525,0.35194176,0,018B0D8D-B5EC-09D6-90ED-550058EBFEAF
11.52978,12.362993,0,018B0D8D-B5EC-09D6-90ED-550058EBFEAF
-24.384281,45.281532,2,018B0D8D-B5EC-09D6-90ED-550058EBFEAF
-17.25875,53.36182,2,018B0D8D-B5EC-09D6-90ED-550058EBFEAF
-12.522178,53.990856,2,018B0D8D-B5EC-09D6-90ED-550058EBFEAF
-37.98488,11.77886,2,018B0D8D-B5EC-09D6-90ED-550058EBFEAF
-5.4941335,48.24961,2,018B0D8D-B5EC-09D6-90ED-550058EBFEAF
-5.3160586,48.31949,2,018B0D8D-B5EC-09D6-90ED-550058EBFEAF
23.209066,-54.037876,2,0A221ADF-C99E-307E-7B65-92EF9DABA6C4
15.303264,-49.13643,2,0A221ADF-C99E-307E-7B65-92EF9DABA6C4
20.46475,-31.110863,2,0A221ADF-C99E-307E-7B65-92EF9DABA6C4
20.44428,-26.385344,2,0A221ADF-C99E-307E-7B65-92EF9DABA6C4
22.27222,2.2054727,0,0A221ADF-C99E-307E-7B65-92EF9DABA6C4
22.487772,17.712122,0,0A221ADF-C99E-307E-7B65-92EF9DABA6C4
-10.400063,-4.196794,2,0A221ADF-C99E-307E-7B65-92EF9DABA6C4
-7.422524,26.227879,2,0A221ADF-C99E-307E-7B65-92EF9DABA6C4
-9.514904,5.2101912,0,0A221ADF-C99E-307E-7B65-92EF9DABA6C4
-26.194214,-28.64781,0,0A221ADF-C99E-307E-7B65-92EF9DABA6C4
-28.861935,-22.177036,0,0A221ADF-C99E-307E-7B65-92EF9DABA6C4
-40.512024,-9.876142,2,0A221ADF-C99E-307E-7B65-92EF9DABA6C4
-41.309566,4.5079546,2,0A221ADF-C99E-307E-7B65-92EF9DABA6C4
-42.2222,3.1717925,2,0A221ADF-C99E-307E-7B65-92EF9DABA6C4
-27.664183,-23.185635,2,0A221ADF-C99E-307E-7B65-92EF9DABA6C4
-3.4524949,-17.278698,2,0A221ADF-C99E-307E-7B65-92EF9DABA6C4
-8.8129,-8.714729,0,0A221ADF-C99E-307E-7B65-92EF9DABA6C4
-12.945153,-33.655674,0,0A221ADF-C99E-307E-7B65-92EF9DABA6C4
9.016765,-30.478737,2,0A221ADF-C99E-307E-7B65-92EF9DABA6C4
14.501073,-47.229343,2,0A221ADF-C99E-307E-7B65-92EF9DABA6C4
28.444714,53.8117,2,0A221ADF-C99E-307E-7B65-92EF9DABA6C4
28.473051,53.8657,2,0A221ADF-C99E-307E-7B65-92EF9DABA6C4
28.406551,53.969234,0,0A221ADF-C99E-307E-7B65-92EF9DABA6C4
27.06579,-54.672295,0,0A221ADF-C99E-307E-7B65-92EF9DABA6C4
-31.605404,-16.791162,2,0A221ADF-C99E-307E-7B65-92EF9DABA6C4
-39.137398,9.464202,0,0A221ADF-C99E-307E-7B65-92EF9DABA6C4
-14.896278,54.358334,0,0A221ADF-C99E-307E-7B65-92EF9DABA6C4
-21.460833,52.73476,0,0A221ADF-C99E-307E-7B65-92EF9DABA6C4
-24.835133,46.807266,2,0A221ADF-C99E-307E-7B65-92EF9DABA6C4
-21.98201,52.02414,2,0A221ADF-C99E-307E-7B65-92EF9DABA6C4
-24.63775,-34.889057,2,0A76B59A-F1FF-F3F5-A3CA-2386FA8EF308
-2.6500235,-6.889607,1,0A76B59A-F1FF-F3F5-A3CA-2386FA8EF308
6.995226,26.952038,1,0A76B59A-F1FF-F3F5-A3CA-2386FA8EF308
18.043499,24.567286,2,0A76B59A-F1FF-F3F5-A3CA-2386FA8EF308
35.71961,6.388949,2,0A76B59A-F1FF-F3F5-A3CA-2386FA8EF308
-1.906297,-7.233461,2,0A76B59A-F1FF-F3F5-A3CA-2386FA8EF308
-12.467074,-36.39423,2,0A76B59A-F1FF-F3F5-A3CA-2386FA8EF308
-27.429382,-28.167578,2,0A76B59A-F1FF-F3F5-A3CA-2386FA8EF308
-19.935406,-31.66244,0,0A76B59A-F1FF-F3F5-A3CA-2386FA8EF308
-18.437275,-33.354465,0,0A76B59A-F1FF-F3F5-A3CA-2386FA8EF308
-11.369847,0.8444828,0,0A76B59A-F1FF-F3F5-A3CA-2386FA8EF308
-6.488851,26.59794,2,0A76B59A-F1FF-F3F5-A3CA-2386FA8EF308
-8.473234,10.505464,0,0A76B59A-F1FF-F3F5-A3CA-2386FA8EF308
-8.768616,11.440679,0,0A76B59A-F1FF-F3F5-A3CA-2386FA8EF308
-43.608757,-22.142462,0,0A76B59A-F1FF-F3F5-A3CA-2386FA8EF308
-8.620213,11.168522,2,0A76B59A-F1FF-F3F5-A3CA-2386FA8EF308
-21.954288,-24.973019,2,0A76B59A-F1FF-F3F5-A3CA-2386FA8EF308
-43.213623,-20.799858,2,0A76B59A-F1FF-F3F5-A3CA-2386FA8EF308
66.15516,-11.218728,2,0A76B59A-F1FF-F3F5-A3CA-2386FA8EF308
38.040077,-10.396734,2,0A76B59A-F1FF-F3F5-A3CA-2386FA8EF308
38.20703,-9.210239,2,0A76B59A-F1FF-F3F5-A3CA-2386FA8EF308
22.853418,-52.802563,2,0A76B59A-F1FF-F3F5-A3CA-2386FA8EF308
3.2731495,25.728296,1,0AD33010-1AC1-E9FB-2FD4-313E3DF4692D
24.710266,29.435856,1,0AD33010-1AC1-E9FB-2FD4-313E3DF4692D
24.609425,29.468416,0,0AD33010-1AC1-E9FB-2FD4-313E3DF4692D
-48.857143,-19.23072,0,0AD33010-1AC1-E9FB-2FD4-313E3DF4692D
-40.19003,1.9602525,0,0AD33010-1AC1-E9FB-2FD4-313E3DF4692D
-36.67998,6.4048886,0,0AD33010-1AC1-E9FB-2FD4-313E3DF4692D
-8.368384,52.006546,0,0AD33010-1AC1-E9FB-2FD4-313E3DF4692D
-8.536148,52.350346,2,0AD33010-1AC1-E9FB-2FD4-313E3DF4692D
-37.96914,7.3537574,2,0AD33010-1AC1-E9FB-2FD4-313E3DF4692D
-40.993786,3.389158,2,0AD33010-1AC1-E9FB-2FD4-313E3DF4692D
-40.867153,4.8457036,2,0AD33010-1AC1-E9FB-2FD4-313E3DF4692D
-38.07102,7.4927692,2,0AD33010-1AC1-E9FB-2FD4-313E3DF4692D
22.51997,0.52063304,1,0AD33010-1AC1-E9FB-2FD4-313E3DF4692D
10.687417,25.563055,1,0AD33010-1AC1-E9FB-2FD4-313E3DF4692D
11.456384,25.674776,1,0AD33010-1AC1-E9FB-2FD4-313E3DF4692D
30.582605,8.088038,1,0AD33010-1AC1-E9FB-2FD4-313E3DF4692D
23.469955,29.850023,1,0AD33010-1AC1-E9FB-2FD4-313E3DF4692D
24.22977,29.266851,1,0AD33010-1AC1-E9FB-2FD4-313E3DF4692D
1.2892525,-6.763821,1,0AD33010-1AC1-E9FB-2FD4-313E3DF4692D
-27.379837,-34.996464,1,0AD33010-1AC1-E9FB-2FD4-313E3DF4692D
-27.653484,-34.59446,1,0AD33010-1AC1-E9FB-2FD4-313E3DF4692D
-51.23117,-17.313728,2,0AD33010-1AC1-E9FB-2FD4-313E3DF4692D
-50.883354,-17.611744,2,0AD33010-1AC1-E9FB-2FD4-313E3DF4692D
-47.235325,-11.881463,2,0AD33010-1AC1-E9FB-2FD4-313E3DF4692D
-4.805269,7.4147887,1,0B5863F1-A482-C95D-EA42-9183B5BDFA12
-3.6737823,-0.33497,1,0B5863F1-A482-C95D-EA42-9183B5BDFA12
-3.617509,0.22001337,1,0B5863F1-A482-C95D-EA42-9183B5BDFA12
18.235096,24.482048,1,0B5863F1-A482-C95D-EA42-9183B5BDFA12
20.655401,17.16974,1,0B5863F1-A482-C95D-EA42-9183B5BDFA12
16.802334,-32.363407,1,0B5863F1-A482-C95D-EA42-9183B5BDFA12
26.424982,-54.584545,1,0B5863F1-A482-C95D-EA42-9183B5BDFA12
60.18211,5.8355536,1,0B5863F1-A482-C95D-EA42-9183B5BDFA12
59.79382,6.745251,0,0B5863F1-A482-C95D-EA42-9183B5BDFA12
20.55244,-34.433907,0,0B5863F1-A482-C95D-EA42-9183B5BDFA12
20.625736,-34.43809,0,0B5863F1-A482-C95D-EA42-9183B5BDFA12
25.017591,-43.02068,0,0B5863F1-A482-C95D-EA42-9183B5BDFA12
-64.278076,10.478257,2,0B5863F1-A482-C95D-EA42-9183B5BDFA12
-63.593964,10.134535,2,0B5863F1-A482-C95D-EA42-9183B5BDFA12
-63.658558,10.036473,2,0B5863F1-A482-C95D-EA42-9183B5BDFA12
-61.55646,16.409397,2,0B5863F1-A482-C95D-EA42-9183B5BDFA12
-25.913034,39.261444,2,0B5863F1-A482-C95D-EA42-9183B5BDFA12
-23.52494,44.65932,2,0B5863F1-A482-C95D-EA42-9183B5BDFA12
-37.67708,37.0124,2,0B5863F1-A482-C95D-EA42-9183B5BDFA12
-39.774788,37.73776,2,0B5863F1-A482-C95D-EA42-9183B5BDFA12
-36.88367,35.828674,2,0B5863F1-A482-C95D-EA42-9183B5BDFA12
-37.77889,37.21865,1,0B5863F1-A482-C95D-EA42-9183B5BDFA12
-63.78913,17.078583,1,0B5863F1-A482-C95D-EA42-9183B5BDFA12
-35.404427,37.82824,1,0B5863F1-A482-C95D-EA42-9183B5BDFA12
-36.25997,6.661629,1,0D759376-3F10-1BEB-7205-E91B8BF17984
-5.6763005,51.609,1,0D759376-3F10-1BEB-7205-E91B8BF17984
-7.2137833,51.58209,1,0D759376-3F10-1BEB-7205-E91B8BF17984
-48.013214,1.0149885,1,0D759376-3F10-1BEB-7205-E91B8BF17984
-48.121227,0.6021844,1,0D759376-3F10-1BEB-7205-E91B8BF17984
-7.886115,50.839344,1,0D759376-3F10-1BEB-7205-E91B8BF17984
-48.819683,-19.043175,2,0D759376-3F10-1BEB-7205-E91B8BF17984
-49.786304,-18.618011,2,0D759376-3F10-1BEB-7205-E91B8BF17984
-49.347282,-18.984968,2,0D759376-3F10-1BEB-7205-E91B8BF17984
-29.207376,-30.883322,2,0D759376-3F10-1BEB-7205-E91B8BF17984
-29.822002,-30.53671,2,0D759376-3F10-1BEB-7205-E91B8BF17984
-22.398672,-35.67459,0,0D759376-3F10-1BEB-7205-E91B8BF17984
-23.72834,-36.806866,0,0D759376-3F10-1BEB-7205-E91B8BF17984
1.6875151,-7.434509,0,0D759376-3F10-1BEB-7205-E91B8BF17984
28.14099,-0.47211984,0,0D759376-3F10-1BEB-7205-E91B8BF17984
28.153412,-0.47651854,2,0D759376-3F10-1BEB-7205-E91B8BF17984
15.437102,-54.23877,0,0D759376-3F10-1BEB-7205-E91B8BF17984
22.432533,-60.302746,0,0D759376-3F10-1BEB-7205-E91B8BF17984
-48.135616,-21.431335,2,0D759376-3F10-1BEB-7205-E91B8BF17984
-41.22603,5.529181,2,0D759376-3F10-1BEB-7205-E91B8BF17984
-57.379032,9.314955,2,0D759376-3F10-1BEB-7205-E91B8BF17984
-62.42856,10.096794,2,0D759376-3F10-1BEB-7205-E91B8BF17984
-64.72548,12.088241,2,0D759376-3F10-1BEB-7205-E91B8BF17984
-65.12211,12.374449,2,0D759376-3F10-1BEB-7205-E91B8BF17984
17.501894,-43.760445,1,0D759376-3F10-1BEB-7205-E91B8BF17984
62.837875,5.0101748,1,0D759376-3F10-1BEB-7205-E91B8BF17984
64.73182,-12.0251,2,0D759376-3F10-1BEB-7205-E91B8BF17984
31.301445,53.78445,2,0D759376-3F10-1BEB-7205-E91B8BF17984
64.63143,-11.108111,2,0D759376-3F10-1BEB-7205-E91B8BF17984
64.37911,-12.362661,2,0D759376-3F10-1BEB-7205-E91B8BF17984
52.808018,18.246399,0,0F3B2D98-51FE-5265-3746-A0763DE31C98
25.200062,18.654905,2,0F3B2D98-51FE-5265-3746-A0763DE31C98
11.985028,30.113703,2,0F3B2D98-51FE-5265-3746-A0763DE31C98
-1.7998108,31.53698,2,0F3B2D98-51FE-5265-3746-A0763DE31C98
-7.8848953,2.541654,2,0F3B2D98-51FE-5265-3746-A0763DE31C98
-1.3502482,32.06712,0,0F3B2D98-51FE-5265-3746-A0763DE31C98
43.084938,-8.372865,0,0F3B2D98-51FE-5265-3746-A0763DE31C98
8.89451,-38.14787,0,0F3B2D98-51FE-5265-3746-A0763DE31C98
10.901199,-28.232943,2,0F3B2D98-51FE-5265-3746-A0763DE31C98
43.91812,-12.413171,2,0F3B2D98-51FE-5265-3746-A0763DE31C98
29.983683,12.277535,0,0F3B2D98-51FE-5265-3746-A0763DE31C98
-10.000255,-2.3125973,0,0F3B2D98-51FE-5265-3746-A0763DE31C98
-47.778072,-18.690502,1,0F3B2D98-51FE-5265-3746-A0763DE31C98
-24.782598,-33.768047,1,0F3B2D98-51FE-5265-3746-A0763DE31C98
-22.871414,-33.443295,1,0F3B2D98-51FE-5265-3746-A0763DE31C98
-6.0016623,4.446855,1,0F3B2D98-51FE-5265-3746-A0763DE31C98
-30.99268,-28.835081,0,0F3B2D98-51FE-5265-3746-A0763DE31C98
-24.692453,-33.713566,0,0F3B2D98-51FE-5265-3746-A0763DE31C98
65.45532,-11.882022,2,0F3B2D98-51FE-5265-3746-A0763DE31C98
65.36342,-12.182357,2,0F3B2D98-51FE-5265-3746-A0763DE31C98
27.893171,-56.026623,2,0F3B2D98-51FE-5265-3746-A0763DE31C98
20.367886,-49.22556,0,0F3B2D98-51FE-5265-3746-A0763DE31C98
24.396854,-44.399258,0,0F3B2D98-51FE-5265-3746-A0763DE31C98
13.202729,-44.459106,0,0F3B2D98-51FE-5265-3746-A0763DE31C98
36.870472,3.14402,2,10FFF83C-FD48-DCA7-E554-491C3C1E3EC6
24.034208,24.778421,2,10FFF83C-FD48-DCA7-E554-491C3C1E3EC6
43.029278,-6.4156713,1,10FFF83C-FD48-DCA7-E554-491C3C1E3EC6
53.861725,17.109842,1,10FFF83C-FD48-DCA7-E554-491C3C1E3EC6
53.5947,17.040497,1,10FFF83C-FD48-DCA7-E554-491C3C1E3EC6
43.507233,-6.9708886,1,10FFF83C-FD48-DCA7-E554-491C3C1E3EC6
-24.160828,-27.305065,1,10FFF83C-FD48-DCA7-E554-491C3C1E3EC6
-5.8274336,-8.387936,1,10FFF83C-FD48-DCA7-E554-491C3C1E3EC6
11.5892515,27.916695,1,10FFF83C-FD48-DCA7-E554-491C3C1E3EC6
10.811688,18.543163,1,10FFF83C-FD48-DCA7-E554-491C3C1E3EC6
35.785923,2.82449,1,10FFF83C-FD48-DCA7-E554-491C3C1E3EC6
9.506958,-38.013218,1,10FFF83C-FD48-DCA7-E554-491C3C1E3EC6
-36.63577,4.221458,1,10FFF83C-FD48-DCA7-E554-491C3C1E3EC6
-48.264942,-9.481969,1,10FFF83C-FD48-DCA7-E554-491C3C1E3EC6
-36.652588,-0.72388667,1,10FFF83C-FD48-DCA7-E554-491C3C1E3EC6
-36.301556,-1.0558306,0,10FFF83C-FD48-DCA7-E554-491C3C1E3EC6
-2.7763991,23.046791,0,10FFF83C-FD48-DCA7-E554-491C3C1E3EC6
-2.730538,23.03126,0,10FFF83C-FD48-DCA7-E554-491C3C1E3EC6
5.284952,31.70777,0,14027B3A-0AD6-CBA3-A600-42B3C0A4D933
8.748054,32.06434,0,14027B3A-0AD6-CBA3-A600-42B3C0A4D933
8.286982,31.981258,2,14027B3A-0AD6-CBA3-A600-42B3C0A4D933
-12.864992,-36.110252,2,14027B3A-0AD6-CBA3-A600-42B3C0A4D933
-42.64702,-17.976278,2,14027B3A-0AD6-CBA3-A600-42B3C0A4D933
-41.171635,-11.926723,2,14027B3A-0AD6-CBA3-A600-42B3C0A4D933
-14.466972,-36.93358,2,14027B3A-0AD6-CBA3-A600-42B3C0A4D933
-43.16831,-22.818527,2,14027B3A-0AD6-CBA3-A600-42B3C0A4D933
-21.44224,-26.330208,2,14027B3A-0AD6-CBA3-A600-42B3C0A4D933
-18.237188,-38.342686,2,14027B3A-0AD6-CBA3-A600-42B3C0A4D933
-17.816174,-37.56349,2,14027B3A-0AD6-CBA3-A600-42B3C0A4D933
56.402973,23.26804,2,14027B3A-0AD6-CBA3-A600-42B3C0A4D933
-4.801642,-1.3386649,2,14027B3A-0AD6-CBA3-A600-42B3C0A4D933
22.009405,21.31391,2,14027B3A-0AD6-CBA3-A600-42B3C0A4D933
35.826008,4.0647783,2,14027B3A-0AD6-CBA3-A600-42B3C0A4D933
33.106567,4.028668,0,14027B3A-0AD6-CBA3-A600-42B3C0A4D933
44.440166,-11.866405,0,14027B3A-0AD6-CBA3-A600-42B3C0A4D933
24.013737,55.66366,0,14027B3A-0AD6-CBA3-A600-42B3C0A4D933
-47.480625,-21.161858,2,14027B3A-0AD6-CBA3-A600-42B3C0A4D933
-45.13283,-9.444736,2,14027B3A-0AD6-CBA3-A600-42B3C0A4D933
-47.804585,-19.46837,2,14027B3A-0AD6-CBA3-A600-42B3C0A4D933
-28.529829,-29.354279,2,14027B3A-0AD6-CBA3-A600-42B3C0A4D933
-7.0462165,5.8066864,0,14027B3A-0AD6-CBA3-A600-42B3C0A4D933
-5.830227,5.0303335,0,14027B3A-0AD6-CBA3-A600-42B3C0A4D933
-24.391571,-21.749989,2,172A62AD-9B69-33E2-1551-9526879D80AC
-10.559659,12.603544,2,172A62AD-9B69-33E2-1551-9526879D80AC
-10.66212,12.848214,2,172A62AD-9B69-33E2-1551-9526879D80AC
-10.746451,12.980213,2,172A62AD-9B69-33E2-1551-9526879D80AC
-0.23811941,24.852367,1,172A62AD-9B69-33E2-1551-9526879D80AC
-0.33522278,24.196732,1,172A62AD-9B69-33E2-1551-9526879D80AC
-1.4314132,33.293865,2,172A62AD-9B69-33E2-1551-9526879D80AC
6.168483,-28.01287,2,172A62AD-9B69-33E2-1551-9526879D80AC
16.82491,-44.51354,2,172A62AD-9B69-33E2-1551-9526879D80AC
28.525661,53.661373,2,172A62AD-9B69-33E2-1551-9526879D80AC
30.615526,54.802685,2,172A62AD-9B69-33E2-1551-9526879D80AC
64.96529,6.3135295,2,172A62AD-9B69-33E2-1551-9526879D80AC
-32.910175,37.602665,2,172A62AD-9B69-33E2-1551-9526879D80AC
-29.373392,43.121258,1,172A62AD-9B69-33E2-1551-9526879D80AC
-29.359161,43.10707,1,172A62AD-9B69-33E2-1551-9526879D80AC
-62.433796,17.82483,1,172A62AD-9B69-33E2-1551-9526879D80AC
-62.446125,17.862417,2,172A62AD-9B69-33E2-1551-9526879D80AC
-27.17437,38.120518,2,172A62AD-9B69-33E2-1551-9526879D80AC
22.808794,23.268122,2,1AE03BA6-E346-DEB8-4865-276ECC5CD9B1
8.829389,-24.8509,2,1AE03BA6-E346-DEB8-4865-276ECC5CD9B1
12.51509,-43.173527,2,1AE03BA6-E346-DEB8-4865-276ECC5CD9B1
10.004818,-37.259678,1,1AE03BA6-E346-DEB8-4865-276ECC5CD9B1
10.190203,-35.447945,1,1AE03BA6-E346-DEB8-4865-276ECC5CD9B1
15.397694,-32.924824,1,1AE03BA6-E346-DEB8-4865-276ECC5CD9B1
-20.695564,-34.097168,1,1AE03BA6-E346-DEB8-4865-276ECC5CD9B1
-27.439276,-26.889824,1,1AE03BA6-E346-DEB8-4865-276ECC5CD9B1
-44.43979,-10.079455,0,1AE03BA6-E346-DEB8-4865-276ECC5CD9B1
-47.53013,-21.452747,0,1AE03BA6-E346-DEB8-4865-276ECC5CD9B1
-47.92045,-18.379112,0,1AE03BA6-E346-DEB8-4865-276ECC5CD9B1
-41.691402,-5.3712997,2,1AE03BA6-E346-DEB8-4865-276ECC5CD9B1
-29.030666,-30.28775,2,1AE03BA6-E346-DEB8-4865-276ECC5CD9B1
-4.7070413,-5.736616,2,1AE03BA6-E346-DEB8-4865-276ECC5CD9B1
7.9129086,25.882465,0,1AE03BA6-E346-DEB8-4865-276ECC5CD9B1
18.793913,20.32971,0,1AE03BA6-E346-DEB8-4865-276ECC5CD9B1
8.389858,28.566145,0,1AE03BA6-E346-DEB8-4865-276ECC5CD9B1
-3.3138278,1.4793525,0,1AE03BA6-E346-DEB8-4865-276ECC5CD9B1
-2.697464,-5.1276097,0,1AE03BA6-E346-DEB8-4865-276ECC5CD9B1
-31.28163,-26.47762,0,1AE03BA6-E346-DEB8-4865-276ECC5CD9B1
-32.355083,-22.651438,0,1AE03BA6-E346-DEB8-4865-276ECC5CD9B1
7.966727,22.718105,0,1AE03BA6-E346-DEB8-4865-276ECC5CD9B1
19.677073,-32.706806,0,1AE03BA6-E346-DEB8-4865-276ECC5CD9B1
21.249096,-32.684494,2,1AE03BA6-E346-DEB8-4865-276ECC5CD9B1
22.219257,1.8624436,1,1AE03BA6-E346-DEB8-4865-276ECC5CD9B1
13.867388,-22.840717,1,1AE03BA6-E346-DEB8-4865-276ECC5CD9B1
13.265277,-21.1444,1,1AE03BA6-E346-DEB8-4865-276ECC5CD9B1
13.63556,-23.109436,0,1AE03BA6-E346-DEB8-4865-276ECC5CD9B1
23.117619,2.7035422,0,1AE03BA6-E346-DEB8-4865-276ECC5CD9B1
2.5609071,30.809969,0,1AE03BA6-E346-DEB8-4865-276ECC5CD9B1
-30.581146,-14.104445,1,1AE03BA6-E346-DEB8-4865-276ECC5CD9B1
-29.734726,-15.168685,1,1AE03BA6-E346-DEB8-4865-276ECC5CD9B1
-30.61119,-14.073371,1,1AE03BA6-E346-DEB8-4865-276ECC5CD9B1
-15.72265,11.688004,1,1AE03BA6-E346-DEB8-4865-276ECC5CD9B1
6.842876,34.55381,1,1AE03BA6-E346-DEB8-4865-276ECC5CD9B1
6.1648335,-28.067274,1,1AE03BA6-E346-DEB8-4865-276ECC5CD9B1
-19.680365,-28.149336,1,1AE03BA6-E346-DEB8-4865-276ECC5CD9B1
-19.692223,-28.23609,1,1AE03BA6-E346-DEB8-4865-276ECC5CD9B1
30.941677,14.124865,1,1AE03BA6-E346-DEB8-4865-276ECC5CD9B1
27.965244,22.241709,1,1AE03BA6-E346-DEB8-4865-276ECC5CD9B1
-31.101074,-17.075207,1,1AE03BA6-E346-DEB8-4865-276ECC5CD9B1
-31.08425,-17.070765,1,1AE03BA6-E346-DEB8-4865-276ECC5CD9B1
-6.589601,51.764034,2,1F6A56CA-9C73-442F-2682-BB69E4B03AB2
-7.2655177,51.887024,1,1F6A56CA-9C73-442F-2682-BB69E4B03AB2
-36.480125,6.318505,1,1F6A56CA-9C73-442F-2682-BB69E4B03AB2
-48.13039,0.6864389,1,1F6A56CA-9C73-442F-2682-BB69E4B03AB2
-48.363262,-0.08586774,2,1F6A56CA-9C73-442F-2682-BB69E4B03AB2
-36.70083,5.140972,2,1F6A56CA-9C73-442F-2682-BB69E4B03AB2
24.861597,-62.28947,2,1F6A56CA-9C73-442F-2682-BB69E4B03AB2
64.94337,6.280459,2,1F6A56CA-9C73-442F-2682-BB69E4B03AB2
30.993185,54.179176,2,1F6A56CA-9C73-442F-2682-BB69E4B03AB2
64.5017,-11.343467,2,1F6A56CA-9C73-442F-2682-BB69E4B03AB2
30.490015,54.817818,2,1F6A56CA-9C73-442F-2682-BB69E4B03AB2
23.60711,-59.372578,2,1F6A56CA-9C73-442F-2682-BB69E4B03AB2
-13.869975,54.74454,2,1F6A56CA-9C73-442F-2682-BB69E4B03AB2
-20.43678,53.550087,2,1F6A56CA-9C73-442F-2682-BB69E4B03AB2
-23.248676,42.349064,2,1F6A56CA-9C73-442F-2682-BB69E4B03AB2
-59.746307,15.736683,2,1F6A56CA-9C73-442F-2682-BB69E4B03AB2
-27.813734,41.684505,2,1F6A56CA-9C73-442F-2682-BB69E4B03AB2
-24.538895,45.149834,2,1F6A56CA-9C73-442F-2682-BB69E4B03AB2
41.280716,-9.358658,2,1FA97947-2FB7-D626-8CD3-2426BEEE97D1
29.085264,3.062445,2,1FA97947-2FB7-D626-8CD3-2426BEEE97D1
21.55239,0.44269726,0,1FA97947-2FB7-D626-8CD3-2426BEEE97D1
28.051928,4.553901,0,1FA97947-2FB7-D626-8CD3-2426BEEE97D1
22.566483,25.593645,0,1FA97947-2FB7-D626-8CD3-2426BEEE97D1
28.706495,5.093605,0,1FA97947-2FB7-D626-8CD3-2426BEEE97D1
40.002785,-12.620642,1,1FA97947-2FB7-D626-8CD3-2426BEEE97D1
56.92207,17.248417,0,1FA97947-2FB7-D626-8CD3-2426BEEE97D1
9.487474,-32.047455,0,1FA97947-2FB7-D626-8CD3-2426BEEE97D1
14.382509,-51.01651,0,1FA97947-2FB7-D626-8CD3-2426BEEE97D1
42.05473,-8.791705,0,1FA97947-2FB7-D626-8CD3-2426BEEE97D1
28.242565,2.417988,0,1FA97947-2FB7-D626-8CD3-2426BEEE97D1
-25.605366,-20.39038,2,1FA97947-2FB7-D626-8CD3-2426BEEE97D1
-6.644796,9.078029,1,1FA97947-2FB7-D626-8CD3-2426BEEE97D1
3.8596323,23.476965,2,1FA97947-2FB7-D626-8CD3-2426BEEE97D1
7.701322,22.271473,2,1FA97947-2FB7-D626-8CD3-2426BEEE97D1
10.140876,11.90379,2,1FA97947-2FB7-D626-8CD3-2426BEEE97D1
36.521954,-9.460424,2,1FA97947-2FB7-D626-8CD3-2426BEEE97D1
12.8866625,-23.254534,2,1FA97947-2FB7-D626-8CD3-2426BEEE97D1
9.590143,23.996693,2,1FA97947-2FB7-D626-8CD3-2426BEEE97D1
2.4967406,25.58544,2,1FA97947-2FB7-D626-8CD3-2426BEEE97D1
2.735978,25.179766,2,1FA97947-2FB7-D626-8CD3-2426BEEE97D1
-32.437813,-26.132406,2,1FA97947-2FB7-D626-8CD3-2426BEEE97D1
-47.227665,-18.127272,2,1FA97947-2FB7-D626-8CD3-2426BEEE97D1
-7.0087347,53.48292,2,1FA97947-2FB7-D626-8CD3-2426BEEE97D1
-11.747731,25.95975,2,1FA97947-2FB7-D626-8CD3-2426BEEE97D1
-9.341724,25.619947,2,1FA97947-2FB7-D626-8CD3-2426BEEE97D1
7.3666806,-24.374249,2,1FA97947-2FB7-D626-8CD3-2426BEEE97D1
7.0447736,-24.054375,2,1FA97947-2FB7-D626-8CD3-2426BEEE97D1
-6.992701,45.913105,2,1FA97947-2FB7-D626-8CD3-2426BEEE97D1
-3.5934374,-6.095033,2,243FE25F-E451-21F6-7EFA-F9DACC7D31CA
-12.526462,6.384489,2,243FE25F-E451-21F6-7EFA-F9DACC7D31CA
-24.754433,-33.16693,2,243FE25F-E451-21F6-7EFA-F9DACC7D31CA
-31.02418,-27.062754,2,243FE25F-E451-21F6-7EFA-F9DACC7D31CA
-29.103514,-28.188602,2,243FE25F-E451-21F6-7EFA-F9DACC7D31CA
-6.6235175,5.6164165,2,243FE25F-E451-21F6-7EFA-F9DACC7D31CA
-5.804152,4.3285174,2,243FE25F-E451-21F6-7EFA-F9DACC7D31CA
9.201159,26.306553,2,243FE25F-E451-21F6-7EFA-F9DACC7D31CA
10.593903,26.67524,2,243FE25F-E451-21F6-7EFA-F9DACC7D31CA
10.587514,26.751392,2,243FE25F-E451-21F6-7EFA-F9DACC7D31CA
2.4557135,26.475866,2,243FE25F-E451-21F6-7EFA-F9DACC7D31CA
4.024259,24.67759,2,243FE25F-E451-21F6-7EFA-F9DACC7D31CA
-30.803595,35.11211,2,243FE25F-E451-21F6-7EFA-F9DACC7D31CA
-32.433105,33.942497,2,243FE25F-E451-21F6-7EFA-F9DACC7D31CA
-30.65782,35.973557,2,243FE25F-E451-21F6-7EFA-F9DACC7D31CA
-30.975996,36.044136,2,243FE25F-E451-21F6-7EFA-F9DACC7D31CA
-30.974741,35.92594,2,243FE25F-E451-21F6-7EFA-F9DACC7D31CA
-36.390324,37.824753,2,243FE25F-E451-21F6-7EFA-F9DACC7D31CA
13.205275,-38.798317,2,2656C6B4-988A-A958-5107-5422027AEE1D
28.175453,4.9147906,0,2656C6B4-988A-A958-5107-5422027AEE1D
9.553418,28.99432,0,2656C6B4-988A-A958-5107-5422027AEE1D
-12.859671,5.834083,0,2656C6B4-988A-A958-5107-5422027AEE1D
-10.239297,-0.15727833,0,2656C6B4-988A-A958-5107-5422027AEE1D
-13.796399,-2.761562,2,2656C6B4-988A-A958-5107-5422027AEE1D
9.190119,-35.35049,0,2656C6B4-988A-A958-5107-5422027AEE1D
9.038488,-35.10419,2,2656C6B4-988A-A958-5107-5422027AEE1D
7.071999,-36.78538,2,2656C6B4-988A-A958-5107-5422027AEE1D
61.615627,6.5027657,2,2656C6B4-988A-A958-5107-5422027AEE1D
12.877129,-50.610535,2,2656C6B4-988A-A958-5107-5422027AEE1D
23.269775,-55.902103,2,2656C6B4-988A-A958-5107-5422027AEE1D
8.068292,-42.81586,2,2656C6B4-988A-A958-5107-5422027AEE1D
53.478706,16.433678,0,2656C6B4-988A-A958-5107-5422027AEE1D
54.03442,16.649986,0,2656C6B4-988A-A958-5107-5422027AEE1D
56.436516,14.89211,0,2656C6B4-988A-A958-5107-5422027AEE1D
52.212524,16.799152,0,2656C6B4-988A-A958-5107-5422027AEE1D
24.252771,20.242634,2,2656C6B4-988A-A958-5107-5422027AEE1D
61.10283,5.5995975,2,2656C6B4-988A-A958-5107-5422027AEE1D
29.39612,-59.42069,2,2656C6B4-988A-A958-5107-5422027AEE1D
28.26997,59.775646,2,2656C6B4-988A-A958-5107-5422027AEE1D
12.842892,-45.613453,2,2656C6B4-988A-A958-5107-5422027AEE1D
20.135357,-22.44256,2,2656C6B4-988A-A958-5107-5422027AEE1D
19.978636,-21.722744,0,2656C6B4-988A-A958-5107-5422027AEE1D
-5.3937297,7.624118,0,27C12E79-B4DD-AA48-E99E-552C6BAEBA6F
1.1867075,25.274746,0,27C12E79-B4DD-AA48-E99E-552C6BAEBA6F
27.878311,1.9321444,1,27C12E79-B4DD-AA48-E99E-552C6BAEBA6F
26.83609,2.5466866,2,27C12E79-B4DD-AA48-E99E-552C6BAEBA6F
24.721561,8.688734,2,27C12E79-B4DD-AA48-E99E-552C6BAEBA6F
11.960126,23.27813,2,27C12E79-B4DD-AA48-E99E-552C6BAEBA6F
-10.924656,8.726364,2,27C12E79-B4DD-AA48-E99E-552C6BAEBA6F
-10.908033,8.724603,2,27C12E79-B4DD-AA48-E99E-552C6BAEBA6F
13.0960455,23.95119,2,27C12E79-B4DD-AA48-E99E-552C6BAEBA6F
-4.2032704,-4.8195934,1,27C12E79-B4DD-AA48-E99E-552C6BAEBA6F
14.909713,24.40933,1,27C12E79-B4DD-AA48-E99E-552C6BAEBA6F
14.788832,24.44147,1,27C12E79-B4DD-AA48-E99E-552C6BAEBA6F
33.992783,2.264242,0,27C12E79-B4DD-AA48-E99E-552C6BAEBA6F
42.206795,-10.243498,1,27C12E79-B4DD-AA48-E99E-552C6BAEBA6F
12.005052,-46.838535,1,27C12E79-B4DD-AA48-E99E-552C6BAEBA6F
10.882926,-30.779085,2,27C12E79-B4DD-AA48-E99E-552C6BAEBA6F
23.919476,16.21351,2,27C12E79-B4DD-AA48-E99E-552C6BAEBA6F
11.776903,23.102972,2,27C12E79-B4DD-AA48-E99E-552C6BAEBA6F
15.512639,24.180235,2,27C12E79-B4DD-AA48-E99E-552C6BAEBA6F
-12.036492,8.020302,2,27C12E79-B4DD-AA48-E99E-552C6BAEBA6F
-12.3907,8.018936,2,27C12E79-B4DD-AA48-E99E-552C6BAEBA6F
-44.235435,-17.730547,2,27C12E79-B4DD-AA48-E99E-552C6BAEBA6F
-30.7569,-20.239058,2,27C12E79-B4DD-AA48-E99E-552C6BAEBA6F
-36.765797,7.976598,2,27C12E79-B4DD-AA48-E99E-552C6BAEBA6F
-13.590433,9.283665,0,27C12E79-B4DD-AA48-E99E-552C6BAEBA6F
-10.313161,2.272549,0,27C12E79-B4DD-AA48-E99E-552C6BAEBA6F
-10.149052,4.009017,0,27C12E79-B4DD-AA48-E99E-552C6BAEBA6F
-12.912972,11.017177,2,27C12E79-B4DD-AA48-E99E-552C6BAEBA6F
-12.907574,11.42085,2,27C12E79-B4DD-AA48-E99E-552C6BAEBA6F
-40.15831,0.396037,2,27C12E79-B4DD-AA48-E99E-552C6BAEBA6F
-15.1765995,2.2585154,0,2C636222-CB43-AB6F-444A-7278047991C7
-31.538754,-19.649137,1,2C636222-CB43-AB6F-444A-7278047991C7
-14.275777,5.6980467,2,2C636222-CB43-AB6F-444A-7278047991C7
12.074908,30.950193,2,2C636222-CB43-AB6F-444A-7278047991C7
23.279688,22.478765,2,2C636222-CB43-AB6F-444A-7278047991C7
22.747011,21.194016,2,2C636222-CB43-AB6F-444A-7278047991C7
7.9866934,-32.325123,2,2C636222-CB43-AB6F-444A-7278047991C7
28.74105,10.973188,2,2C636222-CB43-AB6F-444A-7278047991C7
22.035078,21.890636,0,2C636222-CB43-AB6F-444A-7278047991C7
10.837109,27.222036,0,2C636222-CB43-AB6F-444A-7278047991C7
-6.4484763,3.655931,0,2C636222-CB43-AB6F-444A-7278047991C7
-5.796146,-5.5108595,2,2C636222-CB43-AB6F-444A-7278047991C7
-2.7832906,-12.346944,2,35FEE4B0-EF25-110F-8D86-5410FA57646B
17.118977,20.711838,2,35FEE4B0-EF25-110F-8D86-5410FA57646B
26.112879,7.5057216,2,35FEE4B0-EF25-110F-8D86-5410FA57646B
39.99236,-7.5754848,2,35FEE4B0-EF25-110F-8D86-5410FA57646B
42.427425,-10.721571,2,35FEE4B0-EF25-110F-8D86-5410FA57646B
11.42785,-45.49558,2,35FEE4B0-EF25-110F-8D86-5410FA57646B
-42.221756,2.9916224,2,35FEE4B0-EF25-110F-8D86-5410FA57646B
-40.476017,4.329137,2,35FEE4B0-EF25-110F-8D86-5410FA57646B
-44.061684,-16.123953,0,35FEE4B0-EF25-110F-8D86-5410FA57646B
-23.421371,-26.465076,0,35FEE4B0-EF25-110F-8D86-5410FA57646B
-21.52705,-26.873907,0,35FEE4B0-EF25-110F-8D86-5410FA57646B
-45.09117,-22.441626,0,35FEE4B0-EF25-110F-8D86-5410FA57646B
7.960935,25.677351,2,35FEE4B0-EF25-110F-8D86-5410FA57646B
2.325415,27.22521,2,35FEE4B0-EF25-110F-8D86-5410FA57646B
9.10655,28.406763,0,35FEE4B0-EF25-110F-8D86-5410FA57646B
2.7893648,29.659914,0,35FEE4B0-EF25-110F-8D86-5410FA57646B
-3.878414,-1.0167198,0,35FEE4B0-EF25-110F-8D86-5410FA57646B
-22.762663,-33.48066,0,35FEE4B0-EF25-110F-8D86-5410FA57646B
28.109886,-55.767025,2,35FEE4B0-EF25-110F-8D86-5410FA57646B
60.176907,6.5388503,2,35FEE4B0-EF25-110F-8D86-5410FA57646B
21.769594,-41.55508,2,35FEE4B0-EF25-110F-8D86-5410FA57646B
21.233795,-37.04021,2,35FEE4B0-EF25-110F-8D86-5410FA57646B
22.964243,-32.715412,2,35FEE4B0-EF25-110F-8D86-5410FA57646B
21.214264,-27.197542,2,35FEE4B0-EF25-110F-8D86-5410FA57646B
39.149532,-11.901307,2,35FEE4B0-EF25-110F-8D86-5410FA57646B
39.124763,-11.856699,2,35FEE4B0-EF25-110F-8D86-5410FA57646B
21.319534,-32.22204,2,35FEE4B0-EF25-110F-8D86-5410FA57646B
18.460278,-23.50325,2,35FEE4B0-EF25-110F-8D86-5410FA57646B
20.327806,-26.589891,2,35FEE4B0-EF25-110F-8D86-5410FA57646B
24.842999,-37.55259,1,35FEE4B0-EF25-110F-8D86-5410FA57646B
-26.158102,38.84324,2,35FEE4B0-EF25-110F-8D86-5410FA57646B
-60.514977,15.130318,2,35FEE4B0-EF25-110F-8D86-5410FA57646B
-23.979397,45.03872,2,35FEE4B0-EF25-110F-8D86-5410FA57646B
-16.283207,55.35024,2,35FEE4B0-EF25-110F-8D86-5410FA57646B
-13.987664,55.051468,2,35FEE4B0-EF25-110F-8D86-5410FA57646B
-40.177708,11.621096,2,35FEE4B0-EF25-110F-8D86-5410FA57646B
-46.686577,-10.349816,1,3FC0B5B3-AC42-BF96-D8EE-10E81EAAACF6
-46.667118,-10.508592,1,3FC0B5B3-AC42-BF96-D8EE-10E81EAAACF6
-46.440063,-10.493036,2,3FC0B5B3-AC42-BF96-D8EE-10E81EAAACF6
-32.523846,-21.271845,2,3FC0B5B3-AC42-BF96-D8EE-10E81EAAACF6
-3.5104806,-8.96716,2,3FC0B5B3-AC42-BF96-D8EE-10E81EAAACF6
-7.3819685,-0.4164766,2,3FC0B5B3-AC42-BF96-D8EE-10E81EAAACF6
22.901405,2.3283985,2,3FC0B5B3-AC42-BF96-D8EE-10E81EAAACF6
27.480978,3.816494,2,3FC0B5B3-AC42-BF96-D8EE-10E81EAAACF6
27.466385,3.1307168,2,3FC0B5B3-AC42-BF96-D8EE-10E81EAAACF6
-0.3281723,-4.4602447,2,3FC0B5B3-AC42-BF96-D8EE-10E81EAAACF6
-25.74558,-35.43303,1,3FC0B5B3-AC42-BF96-D8EE-10E81EAAACF6
6.2977858,22.257236,2,3FC0B5B3-AC42-BF96-D8EE-10E81EAAACF6
-27.776224,41.182888,2,3FC0B5B3-AC42-BF96-D8EE-10E81EAAACF6
-30.855053,34.82244,2,3FC0B5B3-AC42-BF96-D8EE-10E81EAAACF6
-31.648638,34.35002,2,3FC0B5B3-AC42-BF96-D8EE-10E81EAAACF6
-64.08002,16.384962,2,3FC0B5B3-AC42-BF96-D8EE-10E81EAAACF6
-36.744717,35.68401,2,3FC0B5B3-AC42-BF96-D8EE-10E81EAAACF6
-33.923878,36.767895,2,3FC0B5B3-AC42-BF96-D8EE-10E81EAAACF6
-4.3644543,-13.516334,2,4690C2DC-C0B5-6C1B-880A-D31C46C8A565
-9.562712,3.0759404,2,4690C2DC-C0B5-6C1B-880A-D31C46C8A565
-5.2465057,-8.827324,2,4690C2DC-C0B5-6C1B-880A-D31C46C8A565
-31.133358,-27.396505,2,4690C2DC-C0B5-6C1B-880A-D31C46C8A565
-29.371965,-30.105453,0,4690C2DC-C0B5-6C1B-880A-D31C46C8A565
-31.860664,-28.802307,0,4690C2DC-C0B5-6C1B-880A-D31C46C8A565
-6.642911,1.0224444,0,4690C2DC-C0B5-6C1B-880A-D31C46C8A565
-0.43305567,28.476313,0,4690C2DC-C0B5-6C1B-880A-D31C46C8A565
18.932062,23.08429,0,4690C2DC-C0B5-6C1B-880A-D31C46C8A565
36.842564,2.511844,0,4690C2DC-C0B5-6C1B-880A-D31C46C8A565
28.464964,-59.741535,2,4690C2DC-C0B5-6C1B-880A-D31C46C8A565
61.128483,9.033003,2,4690C2DC-C0B5-6C1B-880A-D31C46C8A565
6.24814,23.345572,2,4690C2DC-C0B5-6C1B-880A-D31C46C8A565
26.723078,1.4362936,2,4690C2DC-C0B5-6C1B-880A-D31C46C8A565
11.361405,-19.635912,2,4690C2DC-C0B5-6C1B-880A-D31C46C8A565
21.691744,-33.666885,2,4690C2DC-C0B5-6C1B-880A-D31C46C8A565
29.097103,54.32868,2,4690C2DC-C0B5-6C1B-880A-D31C46C8A565
65.778786,-13.259686,2,4690C2DC-C0B5-6C1B-880A-D31C46C8A565
4.0027027,23.791044,0,4690C2DC-C0B5-6C1B-880A-D31C46C8A565
15.627145,20.276903,0,4690C2DC-C0B5-6C1B-880A-D31C46C8A565
37.24998,-11.795894,0,4690C2DC-C0B5-6C1B-880A-D31C46C8A565
12.469145,-23.658804,0,4690C2DC-C0B5-6C1B-880A-D31C46C8A565
19.412123,-27.081898,2,4690C2DC-C0B5-6C1B-880A-D31C46C8A565
20.318253,-33.17669,2,4690C2DC-C0B5-6C1B-880A-D31C46C8A565
21.951363,-30.702196,2,4690C2DC-C0B5-6C1B-880A-D31C46C8A565
21.558256,-34.32813,2,4690C2DC-C0B5-6C1B-880A-D31C46C8A565
17.759792,-23.645882,2,4690C2DC-C0B5-6C1B-880A-D31C46C8A565
21.779364,2.5568902,2,4690C2DC-C0B5-6C1B-880A-D31C46C8A565
19.15878,1.3446825,2,4690C2DC-C0B5-6C1B-880A-D31C46C8A565
12.599941,10.840266,2,4690C2DC-C0B5-6C1B-880A-D31C46C8A565
9.716761,30.953508,2,46A9A47E-EDE3-2EF4-2F06-E95AF67D57E1
2.8785715,31.170525,2,46A9A47E-EDE3-2EF4-2F06-E95AF67D57E1
-12.640633,-2.8830285,2,46A9A47E-EDE3-2EF4-2F06-E95AF67D57E1
-5.517535,-7.6609926,0,46A9A47E-EDE3-2EF4-2F06-E95AF67D57E1
-10.144393,-4.563739,0,46A9A47E-EDE3-2EF4-2F06-E95AF67D57E1
-18.136312,-35.602924,2,46A9A47E-EDE3-2EF4-2F06-E95AF67D57E1
40.17748,-12.504407,2,46A9A47E-EDE3-2EF4-2F06-E95AF67D57E1
21.918716,7.0624,2,46A9A47E-EDE3-2EF4-2F06-E95AF67D57E1
8.204133,17.073927,2,46A9A47E-EDE3-2EF4-2F06-E95AF67D57E1
9.935805,17.978065,2,46A9A47E-EDE3-2EF4-2F06-E95AF67D57E1
13.039951,14.04211,2,46A9A47E-EDE3-2EF4-2F06-E95AF67D57E1
23.834944,4.3474565,0,46A9A47E-EDE3-2EF4-2F06-E95AF67D57E1
-3.2194622,1.3592794,2,46A9A47E-EDE3-2EF4-2F06-E95AF67D57E1
25.105042,28.130598,2,46A9A47E-EDE3-2EF4-2F06-E95AF67D57E1
34.7735,6.0481296,2,46A9A47E-EDE3-2EF4-2F06-E95AF67D57E1
9.754816,-41.846127,2,46A9A47E-EDE3-2EF4-2F06-E95AF67D57E1
28.946737,-60.519688,2,46A9A47E-EDE3-2EF4-2F06-E95AF67D57E1
26.48104,-60.227554,0,46A9A47E-EDE3-2EF4-2F06-E95AF67D57E1
42.98366,-8.981075,0,46A9A47E-EDE3-2EF4-2F06-E95AF67D57E1
-6.8034716,-1.0867538,0,46A9A47E-EDE3-2EF4-2F06-E95AF67D57E1
-8.059198,2.2187717,0,46A9A47E-EDE3-2EF4-2F06-E95AF67D57E1
-6.996643,3.0509496,0,46A9A47E-EDE3-2EF4-2F06-E95AF67D57E1
-4.666257,-1.2157037,0,46A9A47E-EDE3-2EF4-2F06-E95AF67D57E1
19.373783,24.50406,0,46A9A47E-EDE3-2EF4-2F06-E95AF67D57E1
44.289238,-10.906633,0,46A9A47E-EDE3-2EF4-2F06-E95AF67D57E1
32.99395,8.989883,0,46A9A47E-EDE3-2EF4-2F06-E95AF67D57E1
25.178627,28.089008,0,46A9A47E-EDE3-2EF4-2F06-E95AF67D57E1
-6.2266517,4.1417484,0,46A9A47E-EDE3-2EF4-2F06-E95AF67D57E1
-45.197056,-9.675482,2,46A9A47E-EDE3-2EF4-2F06-E95AF67D57E1
-40.892982,-4.5089674,2,46A9A47E-EDE3-2EF4-2F06-E95AF67D57E1
9.490924,31.242386,0,47494449-E68E-E554-8BB1-ECEEE432E269
-9.828112,2.9309537,0,47494449-E68E-E554-8BB1-ECEEE432E269
-10.250686,1.1166863,2,47494449-E68E-E554-8BB1-ECEEE432E269
-27.706404,-21.59602,2,47494449-E68E-E554-8BB1-ECEEE432E269
-43.1765,-11.05208,2,47494449-E68E-E554-8BB1-ECEEE432E269
-42.563393,-11.950162,2,47494449-E68E-E554-8BB1-ECEEE432E269
-44.894115,-11.584723,2,47494449-E68E-E554-8BB1-ECEEE432E269
-29.217875,-25.32575,2,47494449-E68E-E554-8BB1-ECEEE432E269
-28.987799,-27.046831,2,47494449-E68E-E554-8BB1-ECEEE432E269
-28.881157,-26.047915,2,47494449-E68E-E554-8BB1-ECEEE432E269
-29.36311,-23.721893,2,47494449-E68E-E554-8BB1-ECEEE432E269
-35.30982,-4.432566,2,47494449-E68E-E554-8BB1-ECEEE432E269
-27.255697,-27.21099,0,48847236-6E23-6E61-57CD-780C68FAA2C2
-13.51488,6.401179,0,48847236-6E23-6E61-57CD-780C68FAA2C2
-7.926839,-12.692509,0,48847236-6E23-6E61-57CD-780C68FAA2C2
-19.828217,-31.41094,0,48847236-6E23-6E61-57CD-780C68FAA2C2
-10.698412,-35.47047,0,48847236-6E23-6E61-57CD-780C68FAA2C2
-13.189556,-35.1426,0,48847236-6E23-6E61-57CD-780C68FAA2C2
11.638991,12.677811,1,48847236-6E23-6E61-57CD-780C68FAA2C2
28.450241,10.056442,1,48847236-6E23-6E61-57CD-780C68FAA2C2
11.12529,-37.78484,1,48847236-6E23-6E61-57CD-780C68FAA2C2
10.127488,-34.946552,1,48847236-6E23-6E61-57CD-780C68FAA2C2
9.228766,-28.801876,1,48847236-6E23-6E61-57CD-780C68FAA2C2
43.56081,-10.146525,1,48847236-6E23-6E61-57CD-780C68FAA2C2
-38.16262,10.377012,2,48847236-6E23-6E61-57CD-780C68FAA2C2
-36.15615,-13.932261,2,48847236-6E23-6E61-57CD-780C68FAA2C2
-35.683304,-13.71338,0,48847236-6E23-6E61-57CD-780C68FAA2C2
-35.403996,-13.461987,0,48847236-6E23-6E61-57CD-780C68FAA2C2
-25.436615,-25.194386,0,48847236-6E23-6E61-57CD-780C68FAA2C2
-8.175087,26.777786,0,48847236-6E23-6E61-57CD-780C68FAA2C2
-5.1572456,-16.991604,1,48D32E40-ABB9-E3FB-185C-8A5AA0C44CBF
25.242195,23.620754,1,48D32E40-ABB9-E3FB-185C-8A5AA0C44CBF
-11.337684,-1.8652179,1,48D32E40-ABB9-E3FB-185C-8A5AA0C44CBF
17.53532,31.031063,1,48D32E40-ABB9-E3FB-185C-8A5AA0C44CBF
17.181606,31.587692,1,48D32E40-ABB9-E3FB-185C-8A5AA0C44CBF
-13.4332285,-0.68367666,1,48D32E40-ABB9-E3FB-185C-8A5AA0C44CBF
-36.3986,6.3644733,2,48D32E40-ABB9-E3FB-185C-8A5AA0C44CBF
-41.91481,-3.658527,2,48D32E40-ABB9-E3FB-185C-8A5AA0C44CBF
-32.743618,-27.531595,2,48D32E40-ABB9-E3FB-185C-8A5AA0C44CBF
-7.290708,4.3750215,2,48D32E40-ABB9-E3FB-185C-8A5AA0C44CBF
-3.5289123,-5.894708,2,48D32E40-ABB9-E3FB-185C-8A5AA0C44CBF
8.693144,28.473618,2,48D32E40-ABB9-E3FB-185C-8A5AA0C44CBF
-41.77022,4.9823995,1,48D32E40-ABB9-E3FB-185C-8A5AA0C44CBF
-40.176987,-11.305015,2,48D32E40-ABB9-E3FB-185C-8A5AA0C44CBF
-40.872604,-10.787036,2,48D32E40-ABB9-E3FB-185C-8A5AA0C44CBF
-43.13781,-10.947953,2,48D32E40-ABB9-E3FB-185C-8A5AA0C44CBF
-7.3435745,4.4884605,0,48D32E40-ABB9-E3FB-185C-8A5AA0C44CBF
-2.7774522,-11.412472,0,48D32E40-ABB9-E3FB-185C-8A5AA0C44CBF
37.00264,3.777605,2,48D32E40-ABB9-E3FB-185C-8A5AA0C44CBF
29.576834,12.1393175,2,48D32E40-ABB9-E3FB-185C-8A5AA0C44CBF
4.3183823,30.156559,2,48D32E40-ABB9-E3FB-185C-8A5AA0C44CBF
-4.538949,-1.2126281,2,48D32E40-ABB9-E3FB-185C-8A5AA0C44CBF
-29.501474,-23.573769,1,48D32E40-ABB9-E3FB-185C-8A5AA0C44CBF
-37.993874,1.7764235,1,48D32E40-ABB9-E3FB-185C-8A5AA0C44CBF
26.304876,-59.37373,2,4B423110-8A54-A87F-39BB-D68BF033C7FC
18.437754,-52.213394,2,4B423110-8A54-A87F-39BB-D68BF033C7FC
6.9683285,-36.62635,0,4B423110-8A54-A87F-39BB-D68BF033C7FC
53.70381,16.920845,0,4B423110-8A54-A87F-39BB-D68BF033C7FC
28.830019,11.223177,0,4B423110-8A54-A87F-39BB-D68BF033C7FC
43.72023,-8.935032,0,4B423110-8A54-A87F-39BB-D68BF033C7FC
65.810074,-11.7842455,2,4B423110-8A54-A87F-39BB-D68BF033C7FC
66.094215,-13.181981,2,4B423110-8A54-A87F-39BB-D68BF033C7FC
66.121956,-13.189301,2,4B423110-8A54-A87F-39BB-D68BF033C7FC
65.691414,-12.578966,2,4B423110-8A54-A87F-39BB-D68BF033C7FC
65.56589,-11.974457,0,4B423110-8A54-A87F-39BB-D68BF033C7FC
28.318453,59.790604,0,4B423110-8A54-A87F-39BB-D68BF033C7FC
0.5241912,-3.053645,2,4B423110-8A54-A87F-39BB-D68BF033C7FC
5.2589736,20.494251,2,4B423110-8A54-A87F-39BB-D68BF033C7FC
0.35107106,22.183867,0,4B423110-8A54-A87F-39BB-D68BF033C7FC
9.089211,12.263227,0,4B423110-8A54-A87F-39BB-D68BF033C7FC
8.88051,12.07733,0,4B423110-8A54-A87F-39BB-D68BF033C7FC
-0.27803013,23.152779,0,4B423110-8A54-A87F-39BB-D68BF033C7FC
19.36811,22.088997,2,4B423110-8A54-A87F-39BB-D68BF033C7FC
-6.3565683,-10.555963,2,4B423110-8A54-A87F-39BB-D68BF033C7FC
-23.256199,-23.718899,2,4B423110-8A54-A87F-39BB-D68BF033C7FC
-42.88976,-20.147654,2,4B423110-8A54-A87F-39BB-D68BF033C7FC
-38.998806,-9.093383,2,4B423110-8A54-A87F-39BB-D68BF033C7FC
-42.785553,3.3643305,0,4B423110-8A54-A87F-39BB-D68BF033C7FC
12.049728,29.285461,2,4BD5749B-A1D2-E6C9-156F-DF107802D3BE
-6.9339075,-1.507671,2,4BD5749B-A1D2-E6C9-156F-DF107802D3BE
-25.448347,-29.06529,2,4BD5749B-A1D2-E6C9-156F-DF107802D3BE
-12.140266,1.6190408,2,4BD5749B-A1D2-E6C9-156F-DF107802D3BE
-27.359232,-27.007656,2,4BD5749B-A1D2-E6C9-156F-DF107802D3BE
-5.234639,-8.901252,1,4BD5749B-A1D2-E6C9-156F-DF107802D3BE
-39.22966,-4.9882255,2,4BD5749B-A1D2-E6C9-156F-DF107802D3BE
-40.182526,-4.895029,2,4BD5749B-A1D2-E6C9-156F-DF107802D3BE
-39.107803,0.5852004,2,4BD5749B-A1D2-E6C9-156F-DF107802D3BE
-44.690834,-10.8240795,2,4BD5749B-A1D2-E6C9-156F-DF107802D3BE
-39.848133,-6.5222726,2,4BD5749B-A1D2-E6C9-156F-DF107802D3BE
-44.070007,-11.591627,2,4BD5749B-A1D2-E6C9-156F-DF107802D3BE
-14.462258,-36.935677,2,4BD5749B-A1D2-E6C9-156F-DF107802D3BE
56.52803,23.582628,2,4BD5749B-A1D2-E6C9-156F-DF107802D3BE
-5.6365366,-12.494698,2,4BD5749B-A1D2-E6C9-156F-DF107802D3BE
20.222498,23.04776,0,4BD5749B-A1D2-E6C9-156F-DF107802D3BE
34.370117,3.5020046,0,4BD5749B-A1D2-E6C9-156F-DF107802D3BE
24.843763,19.036999,0,4BD5749B-A1D2-E6C9-156F-DF107802D3BE
-6.4104586,25.659992,1,4BD5749B-A1D2-E6C9-156F-DF107802D3BE
41.452667,-13.871952,1,4BD5749B-A1D2-E6C9-156F-DF107802D3BE
38.551006,4.4122653,0,4BD5749B-A1D2-E6C9-156F-DF107802D3BE
15.637592,-32.744118,0,4BD5749B-A1D2-E6C9-156F-DF107802D3BE
41.439865,-13.913087,0,4BD5749B-A1D2-E6C9-156F-DF107802D3BE
23.643167,21.999527,1,4BD5749B-A1D2-E6C9-156F-DF107802D3BE
25.00488,-43.089943,2,4BD5749B-A1D2-E6C9-156F-DF107802D3BE
19.43194,-36.161263,0,4BD5749B-A1D2-E6C9-156F-DF107802D3BE
24.323597,-43.17813,0,4BD5749B-A1D2-E6C9-156F-DF107802D3BE
17.451382,-21.975056,0,4BD5749B-A1D2-E6C9-156F-DF107802D3BE
14.199771,-21.371696,0,4BD5749B-A1D2-E6C9-156F-DF107802D3BE
14.685879,-21.089176,0,4BD5749B-A1D2-E6C9-156F-DF107802D3BE
15.163758,-21.155533,0,4BD5749B-A1D2-E6C9-156F-DF107802D3BE
12.643711,11.953693,0,4BD5749B-A1D2-E6C9-156F-DF107802D3BE
9.442658,17.619947,0,4BD5749B-A1D2-E6C9-156F-DF107802D3BE
21.170343,5.987752,0,4BD5749B-A1D2-E6C9-156F-DF107802D3BE
12.581962,29.476175,0,4BD5749B-A1D2-E6C9-156F-DF107802D3BE
-18.519358,-33.810078,0,4BD5749B-A1D2-E6C9-156F-DF107802D3BE
-43.68072,-10.230981,2,4BFAECAC-0CC2-F9AC-17BB-7343BE737D81
-42.842392,-18.939283,0,4BFAECAC-0CC2-F9AC-17BB-7343BE737D81
-42.412292,-11.606563,0,4BFAECAC-0CC2-F9AC-17BB-7343BE737D81
-42.425182,-11.809546,0,4BFAECAC-0CC2-F9AC-17BB-7343BE737D81
-41.335785,-10.609643,0,4BFAECAC-0CC2-F9AC-17BB-7343BE737D81
-41.984955,-14.636869,0,4BFAECAC-0CC2-F9AC-17BB-7343BE737D81
14.150706,-45.53237,2,4BFAECAC-0CC2-F9AC-17BB-7343BE737D81
19.864012,-34.27026,2,4BFAECAC-0CC2-F9AC-17BB-7343BE737D81
21.769878,-30.335176,2,4BFAECAC-0CC2-F9AC-17BB-7343BE737D81
20.272675,-24.24991,0,4BFAECAC-0CC2-F9AC-17BB-7343BE737D81
23.021208,-1.5400645,0,4BFAECAC-0CC2-F9AC-17BB-7343BE737D81
9.377007,16.95353,0,4BFAECAC-0CC2-F9AC-17BB-7343BE737D81
6.5873766,16.95882,1,4CAE9D77-C8A8-2EE8-53D0-7C3C6331B2C5
-6.5693007,25.992908,1,4CAE9D77-C8A8-2EE8-53D0-7C3C6331B2C5
14.010184,29.609137,1,4CAE9D77-C8A8-2EE8-53D0-7C3C6331B2C5
-7.5106263,23.507961,1,4CAE9D77-C8A8-2EE8-53D0-7C3C6331B2C5
-13.437494,13.130817,1,4CAE9D77-C8A8-2EE8-53D0-7C3C6331B2C5
-7.302534,6.046011,1,4CAE9D77-C8A8-2EE8-53D0-7C3C6331B2C5
10.425288,13.091056,1,4CAE9D77-C8A8-2EE8-53D0-7C3C6331B2C5
6.33508,22.524235,1,4CAE9D77-C8A8-2EE8-53D0-7C3C6331B2C5
20.43589,0.11459618,1,4CAE9D77-C8A8-2EE8-53D0-7C3C6331B2C5
21.300606,-29.138477,1,4CAE9D77-C8A8-2EE8-53D0-7C3C6331B2C5
20.778217,-22.973475,1,4CAE9D77-C8A8-2EE8-53D0-7C3C6331B2C5
21.220133,-25.481625,1,4CAE9D77-C8A8-2EE8-53D0-7C3C6331B2C5
-30.206886,-13.729354,2,4CAE9D77-C8A8-2EE8-53D0-7C3C6331B2C5
-36.18391,10.857843,1,4CAE9D77-C8A8-2EE8-53D0-7C3C6331B2C5
-36.732304,10.81675,1,4CAE9D77-C8A8-2EE8-53D0-7C3C6331B2C5
-38.62075,9.89785,1,4CAE9D77-C8A8-2EE8-53D0-7C3C6331B2C5
-32.3551,-14.406675,1,4CAE9D77-C8A8-2EE8-53D0-7C3C6331B2C5
-17.037113,9.662409,1,4CAE9D77-C8A8-2EE8-53D0-7C3C6331B2C5
7.561486,34.705788,1,4CAE9D77-C8A8-2EE8-53D0-7C3C6331B2C5
7.4596806,-24.669718,1,4CAE9D77-C8A8-2EE8-53D0-7C3C6331B2C5
17.295732,-44.662663,0,4CAE9D77-C8A8-2EE8-53D0-7C3C6331B2C5
64.5115,-11.69557,0,4CAE9D77-C8A8-2EE8-53D0-7C3C6331B2C5
31.135267,54.116745,0,4CAE9D77-C8A8-2EE8-53D0-7C3C6331B2C5
31.088633,54.118282,0,4CAE9D77-C8A8-2EE8-53D0-7C3C6331B2C5
-22.290533,45.393307,1,4CAE9D77-C8A8-2EE8-53D0-7C3C6331B2C5
-23.269468,46.13017,1,4CAE9D77-C8A8-2EE8-53D0-7C3C6331B2C5
-27.177536,39.18972,1,4CAE9D77-C8A8-2EE8-53D0-7C3C6331B2C5
-41.852913,-5.41344,0,5690E95B-9747-B2B5-2EE1-16A72200D5CC
-40.841408,2.124466,0,5690E95B-9747-B2B5-2EE1-16A72200D5CC
-44.061726,-5.3542852,0,5690E95B-9747-B2B5-2EE1-16A72200D5CC
-46.757847,-9.264613,0,5690E95B-9747-B2B5-2EE1-16A72200D5CC
-8.650958,10.169386,0,5690E95B-9747-B2B5-2EE1-16A72200D5CC
21.266455,18.090746,0,5690E95B-9747-B2B5-2EE1-16A72200D5CC
8.343233,-29.564648,2,5690E95B-9747-B2B5-2EE1-16A72200D5CC
26.489206,-54.61046,2,5690E95B-9747-B2B5-2EE1-16A72200D5CC
28.720568,54.90615,2,5690E95B-9747-B2B5-2EE1-16A72200D5CC
26.84853,-55.943275,2,5690E95B-9747-B2B5-2EE1-16A72200D5CC
21.545603,-33.051083,2,5690E95B-9747-B2B5-2EE1-16A72200D5CC
21.730568,2.146975,2,5690E95B-9747-B2B5-2EE1-16A72200D5CC
7.465804,16.071634,1,5690E95B-9747-B2B5-2EE1-16A72200D5CC
-5.860802,23.417688,2,5690E95B-9747-B2B5-2EE1-16A72200D5CC
11.4290905,11.5915985,2,5690E95B-9747-B2B5-2EE1-16A72200D5CC
18.385748,-23.435276,2,5690E95B-9747-B2B5-2EE1-16A72200D5CC
20.0099,-25.778652,2,5690E95B-9747-B2B5-2EE1-16A72200D5CC
20.909033,-33.86852,2,5690E95B-9747-B2B5-2EE1-16A72200D5CC
-1.5990037,-3.2920442,2,5690E95B-9747-B2B5-2EE1-16A72200D5CC
7.846031,25.020012,2,5690E95B-9747-B2B5-2EE1-16A72200D5CC
-24.015842,-22.28843,2,5690E95B-9747-B2B5-2EE1-16A72200D5CC
-41.978542,-10.3904085,2,5690E95B-9747-B2B5-2EE1-16A72200D5CC
-41.757683,-12.77811,2,5690E95B-9747-B2B5-2EE1-16A72200D5CC
-38.1831,8.918188,2,5690E95B-9747-B2B5-2EE1-16A72200D5CC
-22.571608,44.693214,2,5690E95B-9747-B2B5-2EE1-16A72200D5CC
-15.918587,56.424904,2,5690E95B-9747-B2B5-2EE1-16A72200D5CC
-15.850418,56.27478,2,5690E95B-9747-B2B5-2EE1-16A72200D5CC
-37.515114,-14.484784,2,5690E95B-9747-B2B5-2EE1-16A72200D5CC
-18.626472,5.765516,2,5690E95B-9747-B2B5-2EE1-16A72200D5CC
-12.391839,-33.38369,1,58CB3C5E-2F5C-31FE-83E8-C6772D99B8D5
-43.18843,-22.13504,2,58CB3C5E-2F5C-31FE-83E8-C6772D99B8D5
-41.329166,-21.118755,2,58CB3C5E-2F5C-31FE-83E8-C6772D99B8D5
-38.632786,0.5192549,2,58CB3C5E-2F5C-31FE-83E8-C6772D99B8D5
-5.303941,51.569393,2,58CB3C5E-2F5C-31FE-83E8-C6772D99B8D5
-38.318363,0.95994693,2,58CB3C5E-2F5C-31FE-83E8-C6772D99B8D5
-31.074102,-25.12415,0,58CB3C5E-2F5C-31FE-83E8-C6772D99B8D5
-1.7270882,-7.2509494,0,58CB3C5E-2F5C-31FE-83E8-C6772D99B8D5
28.826422,3.640509,2,58CB3C5E-2F5C-31FE-83E8-C6772D99B8D5
27.811304,2.857141,2,58CB3C5E-2F5C-31FE-83E8-C6772D99B8D5
8.0269575,16.902897,2,58CB3C5E-2F5C-31FE-83E8-C6772D99B8D5
12.920755,11.821327,0,58CB3C5E-2F5C-31FE-83E8-C6772D99B8D5
20.778608,21.591629,0,5CD23052-9069-615B-22B2-CB8E9A2413C9
12.921889,28.014252,0,5CD23052-9069-615B-22B2-CB8E9A2413C9
22.787792,19.909601,0,5CD23052-9069-615B-22B2-CB8E9A2413C9
22.930672,18.219465,1,5CD23052-9069-615B-22B2-CB8E9A2413C9
9.333472,-26.298395,1,5CD23052-9069-615B-22B2-CB8E9A2413C9
35.879436,3.4435215,1,5CD23052-9069-615B-22B2-CB8E9A2413C9
8.182151,29.15158,0,5CD23052-9069-615B-22B2-CB8E9A2413C9
-26.510838,-29.194485,0,5CD23052-9069-615B-22B2-CB8E9A2413C9
-7.579063,6.3507075,0,5CD23052-9069-615B-22B2-CB8E9A2413C9
-3.5266316,-2.0978045,1,5CD23052-9069-615B-22B2-CB8E9A2413C9
8.619771,26.538832,1,5CD23052-9069-615B-22B2-CB8E9A2413C9
24.833475,28.458334,1,5CD23052-9069-615B-22B2-CB8E9A2413C9
24.043558,21.12518,1,5CD23052-9069-615B-22B2-CB8E9A2413C9
8.625011,26.845512,0,5CD23052-9069-615B-22B2-CB8E9A2413C9
-7.4113955,0.55949533,0,5CD23052-9069-615B-22B2-CB8E9A2413C9
-38.044262,-4.397507,0,5CD23052-9069-615B-22B2-CB8E9A2413C9
-35.19977,6.1820035,0,5CD23052-9069-615B-22B2-CB8E9A2413C9
-24.621105,-21.353823,0,5CD23052-9069-615B-22B2-CB8E9A2413C9
5.465719,15.60207,0,5CD23052-9069-615B-22B2-CB8E9A2413C9
14.2378645,-19.379425,0,5CD23052-9069-615B-22B2-CB8E9A2413C9
25.17533,-57.92631,0,5CD23052-9069-615B-22B2-CB8E9A2413C9
64.3398,-13.070584,0,5CD23052-9069-615B-22B2-CB8E9A2413C9
63.166836,6.3593426,0,5CD23052-9069-615B-22B2-CB8E9A2413C9
60.183006,7.0298367,1,5CD23052-9069-615B-22B2-CB8E9A2413C9
9.667895,-30.151056,0,5CD23052-9069-615B-22B2-CB8E9A2413C9
9.796139,-28.930387,0,5CD23052-9069-615B-22B2-CB8E9A2413C9
10.376592,-29.646143,0,5CD23052-9069-615B-22B2-CB8E9A2413C9
39.78707,-7.0814924,0,5CD23052-9069-615B-22B2-CB8E9A2413C9
43.156754,-7.8539977,0,5CD23052-9069-615B-22B2-CB8E9A2413C9
4.3814373,32.303707,1,5CD23052-9069-615B-22B2-CB8E9A2413C9
-30.665289,34.935234,0,5CD23052-9069-615B-22B2-CB8E9A2413C9
-31.87068,34.76132,0,5CD23052-9069-615B-22B2-CB8E9A2413C9
-35.37873,37.742462,0,5CD23052-9069-615B-22B2-CB8E9A2413C9
-34.141087,36.753273,0,5CD23052-9069-615B-22B2-CB8E9A2413C9
-33.012554,34.685684,0,5CD23052-9069-615B-22B2-CB8E9A2413C9
-31.475203,35.77662,0,5CD23052-9069-615B-22B2-CB8E9A2413C9
-31.768288,34.620075,0,5CD23052-9069-615B-22B2-CB8E9A2413C9
-32.974007,34.61934,0,5CD23052-9069-615B-22B2-CB8E9A2413C9
-31.881207,34.570717,2,5CD23052-9069-615B-22B2-CB8E9A2413C9
-60.597233,14.477868,2,5CD23052-9069-615B-22B2-CB8E9A2413C9
-22.84147,43.258366,2,5CD23052-9069-615B-22B2-CB8E9A2413C9
-23.287106,42.918037,2,5CD23052-9069-615B-22B2-CB8E9A2413C9
8.975401,-43.758465,1,5E491E0A-C580-29BE-4329-ED7BFF843D0D
25.998564,-58.664684,0,5E491E0A-C580-29BE-4329-ED7BFF843D0D
29.4145,-59.89457,0,5E491E0A-C580-29BE-4329-ED7BFF843D0D
29.544191,-60.02869,0,5E491E0A-C580-29BE-4329-ED7BFF843D0D
60.939304,9.418315,0,5E491E0A-C580-29BE-4329-ED7BFF843D0D
25.166342,56.51394,0,5E491E0A-C580-29BE-4329-ED7BFF843D0D
56.864765,16.90508,0,5E491E0A-C580-29BE-4329-ED7BFF843D0D
-4.5604086,-12.14759,0,5E491E0A-C580-29BE-4329-ED7BFF843D0D
-12.715575,0.94275874,0,5E491E0A-C580-29BE-4329-ED7BFF843D0D
6.8474255,30.907085,0,5E491E0A-C580-29BE-4329-ED7BFF843D0D
24.024424,20.205608,2,5E491E0A-C580-29BE-4329-ED7BFF843D0D
41.4238,-6.2717385,2,5E491E0A-C580-29BE-4329-ED7BFF843D0D
27.627546,54.937668,2,5F222604-CB86-1ABA-EB7B-31FF78B7BE93
61.603966,5.838333,2,5F222604-CB86-1ABA-EB7B-31FF78B7BE93
18.487375,-49.582157,2,5F222604-CB86-1ABA-EB7B-31FF78B7BE93
40.27751,-7.099417,2,5F222604-CB86-1ABA-EB7B-31FF78B7BE93
9.63095,30.891008,2,5F222604-CB86-1ABA-EB7B-31FF78B7BE93
-11.101777,0.5326446,1,5F222604-CB86-1ABA-EB7B-31FF78B7BE93
-29.238403,-28.424997,2,5F222604-CB86-1ABA-EB7B-31FF78B7BE93
-23.521805,-34.025715,2,5F222604-CB86-1ABA-EB7B-31FF78B7BE93
-6.2095423,5.679035,2,5F222604-CB86-1ABA-EB7B-31FF78B7BE93
-2.685492,-4.8020215,2,5F222604-CB86-1ABA-EB7B-31FF78B7BE93
18.217228,20.369682,2,5F222604-CB86-1ABA-EB7B-31FF78B7BE93
22.182314,4.7167096,2,5F222604-CB86-1ABA-EB7B-31FF78B7BE93
-63.93588,9.887072,2,5F222604-CB86-1ABA-EB7B-31FF78B7BE93
-64.574524,12.237962,2,5F222604-CB86-1ABA-EB7B-31FF78B7BE93
-61.750305,16.638624,2,5F222604-CB86-1ABA-EB7B-31FF78B7BE93
-27.58551,39.9544,2,5F222604-CB86-1ABA-EB7B-31FF78B7BE93
-25.695381,39.513767,2,5F222604-CB86-1ABA-EB7B-31FF78B7BE93
-23.07432,42.839317,2,5F222604-CB86-1ABA-EB7B-31FF78B7BE93
6.1465864,-28.106441,2,5F222604-CB86-1ABA-EB7B-31FF78B7BE93
14.248099,-41.640156,2,5F222604-CB86-1ABA-EB7B-31FF78B7BE93
9.376602,-39.479794,2,5F222604-CB86-1ABA-EB7B-31FF78B7BE93
6.646918,-32.62227,2,5F222604-CB86-1ABA-EB7B-31FF78B7BE93
28.259745,18.787317,2,5F222604-CB86-1ABA-EB7B-31FF78B7BE93
28.241894,18.785261,2,5F222604-CB86-1ABA-EB7B-31FF78B7BE93
-29.812103,-20.840456,2,623D68EC-1C36-4E39-4317-BE7B59F593D2
-13.525215,-36.405075,2,623D68EC-1C36-4E39-4317-BE7B59F593D2
56.7946,23.90889,2,623D68EC-1C36-4E39-4317-BE7B59F593D2
-19.02005,-34.2598,0,623D68EC-1C36-4E39-4317-BE7B59F593D2
-5.4363403,-8.973047,0,623D68EC-1C36-4E39-4317-BE7B59F593D2
8.171743,27.98128,0,623D68EC-1C36-4E39-4317-BE7B59F593D2
-57.594494,10.779762,2,623D68EC-1C36-4E39-4317-BE7B59F593D2
-60.450855,11.503814,2,623D68EC-1C36-4E39-4317-BE7B59F593D2
-60.54259,11.04763,2,623D68EC-1C36-4E39-4317-BE7B59F593D2
-60.731934,11.309483,2,623D68EC-1C36-4E39-4317-BE7B59F593D2
-60.063267,13.18302,2,623D68EC-1C36-4E39-4317-BE7B59F593D2
-59.92196,14.964582,0,623D68EC-1C36-4E39-4317-BE7B59F593D2
-63.668945,16.797306,2,623D68EC-1C36-4E39-4317-BE7B59F593D2
-32.81525,32.94157,2,623D68EC-1C36-4E39-4317-BE7B59F593D2
-37.65351,37.01767,1,623D68EC-1C36-4E39-4317-BE7B59F593D2
-37.599777,36.809624,2,623D68EC-1C36-4E39-4317-BE7B59F593D2
-37.614914,37.049232,2,623D68EC-1C36-4E39-4317-BE7B59F593D2
-37.69154,37.040512,2,623D68EC-1C36-4E39-4317-BE7B59F593D2
28.251314,54.208115,2,623D68EC-1C36-4E39-4317-BE7B59F593D2
27.69133,54.435772,2,623D68EC-1C36-4E39-4317-BE7B59F593D2
15.668015,-44.447533,2,623D68EC-1C36-4E39-4317-BE7B59F593D2
22.829525,-59.561844,2,623D68EC-1C36-4E39-4317-BE7B59F593D2
17.695969,-44.457832,2,623D68EC-1C36-4E39-4317-BE7B59F593D2
15.354647,-40.525978,2,623D68EC-1C36-4E39-4317-BE7B59F593D2
15.950797,-42.349014,2,623D68EC-1C36-4E39-4317-BE7B59F593D2
14.8966675,-41.1688,2,623D68EC-1C36-4E39-4317-BE7B59F593D2
23.557447,-59.37103,2,623D68EC-1C36-4E39-4317-BE7B59F593D2
62.54406,5.1205373,2,623D68EC-1C36-4E39-4317-BE7B59F593D2
23.743338,-59.357697,2,623D68EC-1C36-4E39-4317-BE7B59F593D2
28.543575,59.7807,2,623D68EC-1C36-4E39-4317-BE7B59F593D2
28.353619,59.900818,2,623D68EC-1C36-4E39-4317-BE7B59F593D2
-42.02554,-17.265152,2,62A1F053-1EA8-7433-090E-89D450314F41
-43.94367,-25.368004,2,62A1F053-1EA8-7433-090E-89D450314F41
56.322617,24.154106,2,62A1F053-1EA8-7433-090E-89D450314F41
-17.739061,-37.423164,2,62A1F053-1EA8-7433-090E-89D450314F41
-43.855965,-14.2517,2,62A1F053-1EA8-7433-090E-89D450314F41
-42.270767,-21.772917,2,62A1F053-1EA8-7433-090E-89D450314F41
37.607864,-11.833631,2,62A1F053-1EA8-7433-090E-89D450314F41
19.880476,-29.45189,2,62A1F053-1EA8-7433-090E-89D450314F41
14.569734,-38.456463,0,62A1F053-1EA8-7433-090E-89D450314F41
25.119535,-53.31636,0,62A1F053-1EA8-7433-090E-89D450314F41
13.726769,-44.597496,0,62A1F053-1EA8-7433-090E-89D450314F41
14.949891,-38.194054,0,62A1F053-1EA8-7433-090E-89D450314F41
20.900888,-30.254272,0,62A1F053-1EA8-7433-090E-89D450314F41
13.885921,-22.912682,0,62A1F053-1EA8-7433-090E-89D450314F41
23.39086,-38.534573,0,62A1F053-1EA8-7433-090E-89D450314F41
36.71636,-9.395085,1,62A1F053-1EA8-7433-090E-89D450314F41
39.259354,-11.83005,2,62A1F053-1EA8-7433-090E-89D450314F41
55.16225,19.07823,2,62A1F053-1EA8-7433-090E-89D450314F41
-5.2666574,52.036587,2,62A1F053-1EA8-7433-090E-89D450314F41
-11.548203,53.40129,1,62A1F053-1EA8-7433-090E-89D450314F41
-57.970535,11.401896,1,62A1F053-1EA8-7433-090E-89D450314F41
-23.50833,42.849865,1,62A1F053-1EA8-7433-090E-89D450314F41
-30.237082,35.293938,2,62A1F053-1EA8-7433-090E-89D450314F41
-30.67301,34.615032,2,62A1F053-1EA8-7433-090E-89D450314F41
26.893803,10.150221,2,647C581E-E72F-0765-F94A-065909B99374
13.2765255,13.737543,2,647C581E-E72F-0765-F94A-065909B99374
8.9382305,24.944471,2,647C581E-E72F-0765-F94A-065909B99374
-27.325788,-23.698961,2,647C581E-E72F-0765-F94A-065909B99374
-27.268038,-21.56161,2,647C581E-E72F-0765-F94A-065909B99374
-31.056599,-20.982979,2,647C581E-E72F-0765-F94A-065909B99374
32.16308,11.772772,2,647C581E-E72F-0765-F94A-065909B99374
26.581911,22.295311,2,647C581E-E72F-0765-F94A-065909B99374
-6.939315,26.621119,2,647C581E-E72F-0765-F94A-065909B99374
-14.918552,2.856701,2,647C581E-E72F-0765-F94A-065909B99374
-14.311465,12.311394,2,647C581E-E72F-0765-F94A-065909B99374
-41.990173,-14.514205,2,647C581E-E72F-0765-F94A-065909B99374
-10.72345,-1.2864054,0,647C581E-E72F-0765-F94A-065909B99374
-25.415644,-28.087593,0,647C581E-E72F-0765-F94A-065909B99374
-25.517303,-27.970364,0,647C581E-E72F-0765-F94A-065909B99374
-3.7766533,-16.864685,0,647C581E-E72F-0765-F94A-065909B99374
-12.922886,-34.83825,0,647C581E-E72F-0765-F94A-065909B99374
-41.012436,-5.6334662,0,647C581E-E72F-0765-F94A-065909B99374
-40.47763,6.511889,1,647C581E-E72F-0765-F94A-065909B99374
-40.85384,3.4848452,1,647C581E-E72F-0765-F94A-065909B99374
-47.10323,-11.760754,1,647C581E-E72F-0765-F94A-065909B99374
-43.926167,-5.217383,1,647C581E-E72F-0765-F94A-065909B99374
-39.86284,1.8094829,1,647C581E-E72F-0765-F94A-065909B99374
-41.81042,-9.566956,1,647C581E-E72F-0765-F94A-065909B99374
11.748617,32.25199,1,64A0EC69-0CE2-8405-0FFC-D63A7F55E703
24.76132,23.496658,1,64A0EC69-0CE2-8405-0FFC-D63A7F55E703
11.88944,30.902945,1,64A0EC69-0CE2-8405-0FFC-D63A7F55E703
35.17143,4.369005,1,64A0EC69-0CE2-8405-0FFC-D63A7F55E703
28.851065,10.673646,1,64A0EC69-0CE2-8405-0FFC-D63A7F55E703
10.081196,-38.017887,1,64A0EC69-0CE2-8405-0FFC-D63A7F55E703
9.282195,-37.211258,0,64A0EC69-0CE2-8405-0FFC-D63A7F55E703
8.985279,-37.289566,0,64A0EC69-0CE2-8405-0FFC-D63A7F55E703
7.3866744,-42.993267,0,64A0EC69-0CE2-8405-0FFC-D63A7F55E703
43.389435,-13.570204,0,64A0EC69-0CE2-8405-0FFC-D63A7F55E703
32.941902,10.704868,1,64A0EC69-0CE2-8405-0FFC-D63A7F55E703
34.056183,5.412973,1,64A0EC69-0CE2-8405-0FFC-D63A7F55E703
61.495487,6.940805,1,64A0EC69-0CE2-8405-0FFC-D63A7F55E703
53.458645,16.007559,1,64A0EC69-0CE2-8405-0FFC-D63A7F55E703
19.269594,24.589828,1,64A0EC69-0CE2-8405-0FFC-D63A7F55E703
-3.0108414,-9.092892,1,64A0EC69-0CE2-8405-0FFC-D63A7F55E703
-7.153423,8.476058,1,64A0EC69-0CE2-8405-0FFC-D63A7F55E703
-44.35877,-8.298101,1,64A0EC69-0CE2-8405-0FFC-D63A7F55E703
-6.246772,24.58114,2,66E9719B-D383-AA87-7FAB-D9B4ABE7011C
-5.026881,-2.073988,2,66E9719B-D383-AA87-7FAB-D9B4ABE7011C
-7.2333264,-1.446341,2,66E9719B-D383-AA87-7FAB-D9B4ABE7011C
-11.961597,2.4106343,2,66E9719B-D383-AA87-7FAB-D9B4ABE7011C
-11.04135,-3.8669503,2,66E9719B-D383-AA87-7FAB-D9B4ABE7011C
-10.024248,-4.6384926,2,66E9719B-D383-AA87-7FAB-D9B4ABE7011C
-33.275574,-24.546925,0,66E9719B-D383-AA87-7FAB-D9B4ABE7011C
-48.565666,-18.16758,0,66E9719B-D383-AA87-7FAB-D9B4ABE7011C
-48.995384,-18.060867,0,66E9719B-D383-AA87-7FAB-D9B4ABE7011C
-32.245506,-28.831617,0,66E9719B-D383-AA87-7FAB-D9B4ABE7011C
-23.318905,-36.651608,0,66E9719B-D383-AA87-7FAB-D9B4ABE7011C
-6.406757,1.1284891,2,66E9719B-D383-AA87-7FAB-D9B4ABE7011C
5.8749733,23.884153,0,66E9719B-D383-AA87-7FAB-D9B4ABE7011C
26.81249,1.421701,0,66E9719B-D383-AA87-7FAB-D9B4ABE7011C
28.625229,0.98851275,0,66E9719B-D383-AA87-7FAB-D9B4ABE7011C
29.761238,1.1343949,2,66E9719B-D383-AA87-7FAB-D9B4ABE7011C
29.204355,1.4352164,2,66E9719B-D383-AA87-7FAB-D9B4ABE7011C
7.4813924,24.353996,2,66E9719B-D383-AA87-7FAB-D9B4ABE7011C
64.89021,6.3609695,2,66E9719B-D383-AA87-7FAB-D9B4ABE7011C
64.53117,-12.6012,0,66E9719B-D383-AA87-7FAB-D9B4ABE7011C
63.342594,8.389916,0,66E9719B-D383-AA87-7FAB-D9B4ABE7011C
21.72275,-60.019753,0,66E9719B-D383-AA87-7FAB-D9B4ABE7011C
20.39666,-59.059437,0,66E9719B-D383-AA87-7FAB-D9B4ABE7011C
9.843381,-23.707088,2,66E9719B-D383-AA87-7FAB-D9B4ABE7011C
24.232563,-56.421787,0,68339CF4-6AFB-7EFB-40EA-238612F8E5A4
7.276169,-35.909935,2,68339CF4-6AFB-7EFB-40EA-238612F8E5A4
42.34879,-6.013192,2,68339CF4-6AFB-7EFB-40EA-238612F8E5A4
3.2531953,33.160202,2,68339CF4-6AFB-7EFB-40EA-238612F8E5A4
3.3743458,33.096607,2,68339CF4-6AFB-7EFB-40EA-238612F8E5A4
10.585627,32.69212,2,68339CF4-6AFB-7EFB-40EA-238612F8E5A4
28.54059,11.060177,0,68339CF4-6AFB-7EFB-40EA-238612F8E5A4
43.08531,-8.506669,2,68339CF4-6AFB-7EFB-40EA-238612F8E5A4
52.331787,17.443989,2,68339CF4-6AFB-7EFB-40EA-238612F8E5A4
27.895626,-60.529785,2,68339CF4-6AFB-7EFB-40EA-238612F8E5A4
18.430286,-52.265438,2,68339CF4-6AFB-7EFB-40EA-238612F8E5A4
7.148389,-42.53205,0,68339CF4-6AFB-7EFB-40EA-238612F8E5A4
22.717627,20.656229,0,68339CF4-6AFB-7EFB-40EA-238612F8E5A4
22.577892,20.244196,1,68339CF4-6AFB-7EFB-40EA-238612F8E5A4
8.255635,28.523735,1,68339CF4-6AFB-7EFB-40EA-238612F8E5A4
-3.8785746,-9.512715,1,68339CF4-6AFB-7EFB-40EA-238612F8E5A4
-18.85198,-35.182854,2,68339CF4-6AFB-7EFB-40EA-238612F8E5A4
-26.957235,-29.543827,2,68339CF4-6AFB-7EFB-40EA-238612F8E5A4
-3.4714403,-5.737223,2,68339CF4-6AFB-7EFB-40EA-238612F8E5A4
-9.604083,-5.0181007,2,68339CF4-6AFB-7EFB-40EA-238612F8E5A4
-47.63915,-22.0428,2,68339CF4-6AFB-7EFB-40EA-238612F8E5A4
-32.25922,-27.701757,0,68339CF4-6AFB-7EFB-40EA-238612F8E5A4
-32.003315,-27.50998,0,68339CF4-6AFB-7EFB-40EA-238612F8E5A4
-28.171024,-29.782143,0,68339CF4-6AFB-7EFB-40EA-238612F8E5A4
23.246666,-30.09166,1,68339CF4-6AFB-7EFB-40EA-238612F8E5A4
22.696169,-41.043983,1,68339CF4-6AFB-7EFB-40EA-238612F8E5A4
22.802141,-41.0665,1,68339CF4-6AFB-7EFB-40EA-238612F8E5A4
23.443403,-40.556217,1,68339CF4-6AFB-7EFB-40EA-238612F8E5A4
21.163868,-36.962994,1,68339CF4-6AFB-7EFB-40EA-238612F8E5A4
23.38242,-40.689274,2,68339CF4-6AFB-7EFB-40EA-238612F8E5A4
-5.2285304,3.2740831,0,6B1E25A6-882B-DDD7-CE4F-4EC17A0906CF
-3.3379645,0.30511084,0,6B1E25A6-882B-DDD7-CE4F-4EC17A0906CF
28.903564,9.38568,0,6B1E25A6-882B-DDD7-CE4F-4EC17A0906CF
10.992343,-39.981735,1,6B1E25A6-882B-DDD7-CE4F-4EC17A0906CF
13.710781,-43.389008,1,6B1E25A6-882B-DDD7-CE4F-4EC17A0906CF
26.617126,-55.058075,1,6B1E25A6-882B-DDD7-CE4F-4EC17A0906CF
-7.9665594,54.991318,2,6B1E25A6-882B-DDD7-CE4F-4EC17A0906CF
-7.9846616,54.694798,2,6B1E25A6-882B-DDD7-CE4F-4EC17A0906CF
-7.4001656,54.01453,2,6B1E25A6-882B-DDD7-CE4F-4EC17A0906CF
-16.545704,16.54716,2,6B1E25A6-882B-DDD7-CE4F-4EC17A0906CF
-0.5918573,25.381891,2,6B1E25A6-882B-DDD7-CE4F-4EC17A0906CF
10.053557,-19.839172,2,6B1E25A6-882B-DDD7-CE4F-4EC17A0906CF
20.43079,-59.090294,1,6B1E25A6-882B-DDD7-CE4F-4EC17A0906CF
28.640985,52.542454,1,6B1E25A6-882B-DDD7-CE4F-4EC17A0906CF
21.649614,-60.226833,0,6B1E25A6-882B-DDD7-CE4F-4EC17A0906CF
21.629835,-60.050323,0,6B1E25A6-882B-DDD7-CE4F-4EC17A0906CF
64.22899,-12.64238,0,6B1E25A6-882B-DDD7-CE4F-4EC17A0906CF
64.29127,6.2706356,2,6B1E25A6-882B-DDD7-CE4F-4EC17A0906CF
-21.257458,52.91531,1,6B1E25A6-882B-DDD7-CE4F-4EC17A0906CF
-27.390282,42.51345,1,6B1E25A6-882B-DDD7-CE4F-4EC17A0906CF
-24.782284,46.785934,0,6B1E25A6-882B-DDD7-CE4F-4EC17A0906CF
-28.882244,42.23168,0,6B1E25A6-882B-DDD7-CE4F-4EC17A0906CF
-28.930767,42.025673,0,6B1E25A6-882B-DDD7-CE4F-4EC17A0906CF
-28.001295,38.988213,1,6B1E25A6-882B-DDD7-CE4F-4EC17A0906CF
-8.160017,51.410873,2,6B690AF9-8440-1C43-B353-FA85266AA12C
-39.540688,1.5340441,2,6B690AF9-8440-1C43-B353-FA85266AA12C
-46.92981,-19.912628,2,6B690AF9-8440-1C43-B353-FA85266AA12C
-44.73137,-9.842111,1,6B690AF9-8440-1C43-B353-FA85266AA12C
-40.918987,1.1077136,1,6B690AF9-8440-1C43-B353-FA85266AA12C
-22.047855,-32.600533,1,6B690AF9-8440-1C43-B353-FA85266AA12C
-36.742134,4.1918225,2,6B690AF9-8440-1C43-B353-FA85266AA12C
-48.24898,-9.621485,2,6B690AF9-8440-1C43-B353-FA85266AA12C
-30.206434,-31.436495,2,6B690AF9-8440-1C43-B353-FA85266AA12C
0.6423999,-7.324421,2,6B690AF9-8440-1C43-B353-FA85266AA12C
33.77001,4.6674204,2,6B690AF9-8440-1C43-B353-FA85266AA12C
44.381546,-10.896598,1,6B690AF9-8440-1C43-B353-FA85266AA12C
22.560152,-30.29607,1,6B690AF9-8440-1C43-B353-FA85266AA12C
25.234938,-52.348873,1,6B690AF9-8440-1C43-B353-FA85266AA12C
22.351833,-34.16892,1,6B690AF9-8440-1C43-B353-FA85266AA12C
16.493961,-22.589022,1,6B690AF9-8440-1C43-B353-FA85266AA12C
22.13909,1.7815533,1,6B690AF9-8440-1C43-B353-FA85266AA12C
22.235903,1.6887625,1,6B690AF9-8440-1C43-B353-FA85266AA12C
-1.2566612,-4.0479054,1,6B690AF9-8440-1C43-B353-FA85266AA12C
-19.24229,-33.23588,1,6B690AF9-8440-1C43-B353-FA85266AA12C
-19.914022,-28.095953,1,6B690AF9-8440-1C43-B353-FA85266AA12C
-43.155262,5.4414325,1,6B690AF9-8440-1C43-B353-FA85266AA12C
-5.181494,53.315384,1,6B690AF9-8440-1C43-B353-FA85266AA12C
-7.8326874,55.24002,1,6B690AF9-8440-1C43-B353-FA85266AA12C
-23.562397,44.2644,2,6B690AF9-8440-1C43-B353-FA85266AA12C
-26.766197,39.280487,2,6B690AF9-8440-1C43-B353-FA85266AA12C
-60.196617,15.66574,2,6B690AF9-8440-1C43-B353-FA85266AA12C
-26.498993,40.239525,2,6B690AF9-8440-1C43-B353-FA85266AA12C
-62.064648,16.659927,2,6B690AF9-8440-1C43-B353-FA85266AA12C
-36.67662,35.64028,2,6B690AF9-8440-1C43-B353-FA85266AA12C
-23.37213,-28.168444,0,6C9454F6-2AA4-4C25-0387-C6CA7AFC4C13
-20.576761,-31.604656,2,6C9454F6-2AA4-4C25-0387-C6CA7AFC4C13
-25.079496,-26.663607,2,6C9454F6-2AA4-4C25-0387-C6CA7AFC4C13
-18.413443,-32.856773,2,6C9454F6-2AA4-4C25-0387-C6CA7AFC4C13
-18.776905,-33.42255,2,6C9454F6-2AA4-4C25-0387-C6CA7AFC4C13
-12.792832,-33.670506,2,6C9454F6-2AA4-4C25-0387-C6CA7AFC4C13
29.20329,-59.498672,0,6C9454F6-2AA4-4C25-0387-C6CA7AFC4C13
28.305311,-59.14185,0,6C9454F6-2AA4-4C25-0387-C6CA7AFC4C13
11.80598,-43.816975,0,6C9454F6-2AA4-4C25-0387-C6CA7AFC4C13
29.016102,8.052288,0,6C9454F6-2AA4-4C25-0387-C6CA7AFC4C13
-48.81415,-16.30866,0,6C9454F6-2AA4-4C25-0387-C6CA7AFC4C13
-40.735607,-4.1683598,0,6C9454F6-2AA4-4C25-0387-C6CA7AFC4C13
-13.032015,56.135834,2,6C9454F6-2AA4-4C25-0387-C6CA7AFC4C13
-36.1893,10.865924,2,6C9454F6-2AA4-4C25-0387-C6CA7AFC4C13
-30.467745,-13.819158,2,6C9454F6-2AA4-4C25-0387-C6CA7AFC4C13
-17.906221,6.2072554,2,6C9454F6-2AA4-4C25-0387-C6CA7AFC4C13
-18.456213,6.0543785,0,6C9454F6-2AA4-4C25-0387-C6CA7AFC4C13
8.032323,34.56187,0,6C9454F6-2AA4-4C25-0387-C6CA7AFC4C13
23.250673,-53.86837,2,6E42D32E-048C-D829-197E-7950E78F58CB
55.271145,18.424438,2,6E42D32E-048C-D829-197E-7950E78F58CB
13.683693,12.400063,2,6E42D32E-048C-D829-197E-7950E78F58CB
57.11396,17.853613,2,6E42D32E-048C-D829-197E-7950E78F58CB
23.785044,-31.567757,2,6E42D32E-048C-D829-197E-7950E78F58CB
23.343443,-33.040775,2,6E42D32E-048C-D829-197E-7950E78F58CB
-7.943083,-12.999867,2,6E42D32E-048C-D829-197E-7950E78F58CB
-44.961582,-24.382881,2,6E42D32E-048C-D829-197E-7950E78F58CB
-38.525337,-10.135414,2,6E42D32E-048C-D829-197E-7950E78F58CB
-42.65005,4.864666,2,6E42D32E-048C-D829-197E-7950E78F58CB
-38.621708,8.47974,2,6E42D32E-048C-D829-197E-7950E78F58CB
-41.399876,5.551628,2,6E42D32E-048C-D829-197E-7950E78F58CB
-8.8245945,-10.828344,1,6E42D32E-048C-D829-197E-7950E78F58CB
56.783104,22.464865,1,6E42D32E-048C-D829-197E-7950E78F58CB
22.022112,7.495045,1,6E42D32E-048C-D829-197E-7950E78F58CB
24.24165,22.554163,1,6E42D32E-048C-D829-197E-7950E78F58CB
43.990078,-8.448975,1,6E42D32E-048C-D829-197E-7950E78F58CB
35.754055,6.378008,2,6E42D32E-048C-D829-197E-7950E78F58CB
62.25421,7.840466,1,70432028-81AF-D67A-251E-D2F807AB93CF
62.294907,7.8682036,1,70432028-81AF-D67A-251E-D2F807AB93CF
25.914566,-57.25499,2,70432028-81AF-D67A-251E-D2F807AB93CF
24.490438,55.252975,2,70432028-81AF-D67A-251E-D2F807AB93CF
25.015556,55.780064,2,70432028-81AF-D67A-251E-D2F807AB93CF
53.487988,18.628147,2,70432028-81AF-D67A-251E-D2F807AB93CF
39.653133,-7.758498,0,70432028-81AF-D67A-251E-D2F807AB93CF
13.030249,-44.322514,2,70432028-81AF-D67A-251E-D2F807AB93CF
18.882345,-49.395786,2,70432028-81AF-D67A-251E-D2F807AB93CF
24.386576,-53.038467,2,70432028-81AF-D67A-251E-D2F807AB93CF
19.506279,-36.615093,2,70432028-81AF-D67A-251E-D2F807AB93CF
15.59148,-21.423195,2,70432028-81AF-D67A-251E-D2F807AB93CF
26.459558,23.11372,0,70432028-81AF-D67A-251E-D2F807AB93CF
30.85098,12.764714,2,70432028-81AF-D67A-251E-D2F807AB93CF
26.722948,22.763266,2,70432028-81AF-D67A-251E-D2F807AB93CF
25.056305,24.359915,2,70432028-81AF-D67A-251E-D2F807AB93CF
25.95094,22.516632,2,70432028-81AF-D67A-251E-D2F807AB93CF
20.427048,23.431313,2,70432028-81AF-D67A-251E-D2F807AB93CF
-8.895506,-0.8104619,2,70432028-81AF-D67A-251E-D2F807AB93CF
-13.557263,9.239052,2,70432028-81AF-D67A-251E-D2F807AB93CF
-25.319721,-29.258894,2,70432028-81AF-D67A-251E-D2F807AB93CF
-13.096601,0.7931277,2,70432028-81AF-D67A-251E-D2F807AB93CF
-19.971653,-31.64166,0,70432028-81AF-D67A-251E-D2F807AB93CF
-14.337642,0.91456807,0,70432028-81AF-D67A-251E-D2F807AB93CF
-12.514499,-34.548893,1,70432028-81AF-D67A-251E-D2F807AB93CF
-5.886034,-8.487346,1,70432028-81AF-D67A-251E-D2F807AB93CF
-6.5923615,-7.879493,1,70432028-81AF-D67A-251E-D2F807AB93CF
56.586178,23.536818,2,70432028-81AF-D67A-251E-D2F807AB93CF
-17.894958,-37.482838,2,70432028-81AF-D67A-251E-D2F807AB93CF
-18.246267,-38.31672,2,70432028-81AF-D67A-251E-D2F807AB93CF
21.247944,24.067762,0,70432028-81AF-D67A-251E-D2F807AB93CF
19.973286,23.61405,0,70432028-81AF-D67A-251E-D2F807AB93CF
13.856175,15.2665,0,70432028-81AF-D67A-251E-D2F807AB93CF
24.801943,19.479473,2,70432028-81AF-D67A-251E-D2F807AB93CF
27.728611,-60.192295,0,718078D1-70DB-2916-366D-1119A22DCD7F
61.30336,8.793444,0,718078D1-70DB-2916-366D-1119A22DCD7F
62.50802,6.386441,0,718078D1-70DB-2916-366D-1119A22DCD7F
29.079527,-61.1468,0,718078D1-70DB-2916-366D-1119A22DCD7F
44.327568,-11.912897,1,718078D1-70DB-2916-366D-1119A22DCD7F
36.228386,4.416623,1,718078D1-70DB-2916-366D-1119A22DCD7F
26.852468,-55.013374,1,718078D1-70DB-2916-366D-1119A22DCD7F
24.72298,-41.452194,2,718078D1-70DB-2916-366D-1119A22DCD7F
25.159742,-42.97845,2,718078D1-70DB-2916-366D-1119A22DCD7F
18.455254,-23.876461,2,718078D1-70DB-2916-366D-1119A22DCD7F
22.13542,2.6553948,2,718078D1-70DB-2916-366D-1119A22DCD7F
35.96007,-10.195313,2,718078D1-70DB-2916-366D-1119A22DCD7F
23.22013,29.899149,1,718078D1-70DB-2916-366D-1119A22DCD7F
-27.874147,-29.886456,1,718078D1-70DB-2916-366D-1119A22DCD7F
-11.866244,-36.792336,1,718078D1-70DB-2916-366D-1119A22DCD7F
-12.417369,-37.050278,1,718078D1-70DB-2916-366D-1119A22DCD7F
-41.244583,-17.372797,0,718078D1-70DB-2916-366D-1119A22DCD7F
-41.69871,-18.02955,0,718078D1-70DB-2916-366D-1119A22DCD7F
-41.010853,9.389286,2,718078D1-70DB-2916-366D-1119A22DCD7F
-58.264038,9.941746,2,718078D1-70DB-2916-366D-1119A22DCD7F
-64.14965,10.028384,2,718078D1-70DB-2916-366D-1119A22DCD7F
-64.79081,11.584081,2,718078D1-70DB-2916-366D-1119A22DCD7F
-63.135036,15.727051,2,718078D1-70DB-2916-366D-1119A22DCD7F
58.58051,10.908969,2,72B642AD-2D4A-574F-05EC-EC93C0C52335
62.181828,5.7485304,2,72B642AD-2D4A-574F-05EC-EC93C0C52335
24.59447,55.04552,2,72B642AD-2D4A-574F-05EC-EC93C0C52335
25.94676,55.48049,0,72B642AD-2D4A-574F-05EC-EC93C0C52335
24.654148,55.067055,0,72B642AD-2D4A-574F-05EC-EC93C0C52335
61.628204,8.96796,0,72B642AD-2D4A-574F-05EC-EC93C0C52335
23.827576,23.081484,2,72B642AD-2D4A-574F-05EC-EC93C0C52335
16.954897,31.660872,2,72B642AD-2D4A-574F-05EC-EC93C0C52335
-13.698442,0.88321996,2,72B642AD-2D4A-574F-05EC-EC93C0C52335
-17.513134,-33.981277,2,72B642AD-2D4A-574F-05EC-EC93C0C52335
-43.600197,-11.715799,2,72B642AD-2D4A-574F-05EC-EC93C0C52335
-43.294605,-18.128185,2,72B642AD-2D4A-574F-05EC-EC93C0C52335
-11.309578,-34.52393,2,72B642AD-2D4A-574F-05EC-EC93C0C52335
-11.722184,-34.330208,2,72B642AD-2D4A-574F-05EC-EC93C0C52335
56.42802,24.17891,2,72B642AD-2D4A-574F-05EC-EC93C0C52335
-20.873444,-34.20428,2,72B642AD-2D4A-574F-05EC-EC93C0C52335
56.3761,24.097586,2,72B642AD-2D4A-574F-05EC-EC93C0C52335
56.43994,23.305767,2,72B642AD-2D4A-574F-05EC-EC93C0C52335
-42.292244,-20.882109,2,72B642AD-2D4A-574F-05EC-EC93C0C52335
-43.854725,-11.69693,2,72B642AD-2D4A-574F-05EC-EC93C0C52335
-42.805172,3.6128893,2,72B642AD-2D4A-574F-05EC-EC93C0C52335
-38.25415,8.280537,0,72B642AD-2D4A-574F-05EC-EC93C0C52335
-8.583912,52.879765,0,72B642AD-2D4A-574F-05EC-EC93C0C52335
-8.669319,52.965305,0,72B642AD-2D4A-574F-05EC-EC93C0C52335
-5.193093,52.579327,0,72B642AD-2D4A-574F-05EC-EC93C0C52335
-8.699686,52.868187,0,72B642AD-2D4A-574F-05EC-EC93C0C52335
-11.087739,53.09436,0,72B642AD-2D4A-574F-05EC-EC93C0C52335
-7.191399,52.295784,0,72B642AD-2D4A-574F-05EC-EC93C0C52335
-40.108807,-5.630017,0,72B642AD-2D4A-574F-05EC-EC93C0C52335
-42.98383,-11.2952585,0,72B642AD-2D4A-574F-05EC-EC93C0C52335
20.74339,-29.22451,1,7417E7AB-C723-0958-F8EE-DDA4DED65165
14.255266,-21.398733,1,7417E7AB-C723-0958-F8EE-DDA4DED65165
11.385424,-19.666298,0,7417E7AB-C723-0958-F8EE-DDA4DED65165
8.837724,17.970148,0,7417E7AB-C723-0958-F8EE-DDA4DED65165
9.729142,28.135813,0,7417E7AB-C723-0958-F8EE-DDA4DED65165
4.601595,27.171293,0,7417E7AB-C723-0958-F8EE-DDA4DED65165
-65.414856,12.784527,0,7417E7AB-C723-0958-F8EE-DDA4DED65165
-35.547787,33.152092,2,7417E7AB-C723-0958-F8EE-DDA4DED65165
-33.85362,36.78341,2,7417E7AB-C723-0958-F8EE-DDA4DED65165
-29.94204,35.026688,2,7417E7AB-C723-0958-F8EE-DDA4DED65165
-60.137787,15.673037,2,7417E7AB-C723-0958-F8EE-DDA4DED65165
-23.792135,44.730225,2,7417E7AB-C723-0958-F8EE-DDA4DED65165
-30.071533,-13.170665,2,7417E7AB-C723-0958-F8EE-DDA4DED65165
-16.553402,16.532755,2,7417E7AB-C723-0958-F8EE-DDA4DED65165
-10.515195,25.118725,2,7417E7AB-C723-0958-F8EE-DDA4DED65165
24.327501,57.003998,0,7417E7AB-C723-0958-F8EE-DDA4DED65165
29.41855,53.2546,0,7417E7AB-C723-0958-F8EE-DDA4DED65165
66.04166,-11.976101,0,7417E7AB-C723-0958-F8EE-DDA4DED65165
66.13322,-12.364363,0,7417E7AB-C723-0958-F8EE-DDA4DED65165
66.42586,-12.842481,2,7417E7AB-C723-0958-F8EE-DDA4DED65165
24.855793,-62.282955,2,7417E7AB-C723-0958-F8EE-DDA4DED65165
31.04922,54.162495,2,7417E7AB-C723-0958-F8EE-DDA4DED65165
63.996017,-11.41872,2,7417E7AB-C723-0958-F8EE-DDA4DED65165
30.776152,54.88638,2,7417E7AB-C723-0958-F8EE-DDA4DED65165
27.490175,5.6483,2,761D024F-3C62-5326-601A-88D436C7726A
-21.37362,-32.46576,2,761D024F-3C62-5326-601A-88D436C7726A
-49.051167,-16.450367,2,761D024F-3C62-5326-601A-88D436C7726A
-44.99848,-10.2383,2,761D024F-3C62-5326-601A-88D436C7726A
-40.734505,-4.5254555,2,761D024F-3C62-5326-601A-88D436C7726A
-49.21929,-16.883102,2,761D024F-3C62-5326-601A-88D436C7726A
2.734304,31.250454,2,761D024F-3C62-5326-601A-88D436C7726A
0.57191867,29.535007,1,761D024F-3C62-5326-601A-88D436C7726A
-13.363407,1.4135088,1,761D024F-3C62-5326-601A-88D436C7726A
-23.539885,-27.357841,1,761D024F-3C62-5326-601A-88D436C7726A
-29.776875,-20.783892,1,761D024F-3C62-5326-601A-88D436C7726A
-29.191448,-21.44753,0,761D024F-3C62-5326-601A-88D436C7726A
-25.741655,-34.19172,1,761D024F-3C62-5326-601A-88D436C7726A
-30.808027,-29.946182,1,761D024F-3C62-5326-601A-88D436C7726A
-23.348007,-36.604763,1,761D024F-3C62-5326-601A-88D436C7726A
-50.16987,-18.680342,1,761D024F-3C62-5326-601A-88D436C7726A
-47.543934,-10.397633,1,761D024F-3C62-5326-601A-88D436C7726A
-50.419746,-19.10939,1,761D024F-3C62-5326-601A-88D436C7726A
15.697032,-49.658485,2,772BA0E9-AC30-CEA6-AA1B-18A0300702AA
12.243662,-37.686596,2,772BA0E9-AC30-CEA6-AA1B-18A0300702AA
20.271854,-51.643284,2,772BA0E9-AC30-CEA6-AA1B-18A0300702AA
11.781998,-44.123795,2,772BA0E9-AC30-CEA6-AA1B-18A0300702AA
11.351853,-38.496323,2,772BA0E9-AC30-CEA6-AA1B-18A0300702AA
20.837597,26.021582,2,772BA0E9-AC30-CEA6-AA1B-18A0300702AA
28.02806,11.004289,1,772BA0E9-AC30-CEA6-AA1B-18A0300702AA
20.039335,18.074162,1,772BA0E9-AC30-CEA6-AA1B-18A0300702AA
20.073704,18.048811,1,772BA0E9-AC30-CEA6-AA1B-18A0300702AA
27.031742,4.310246,1,772BA0E9-AC30-CEA6-AA1B-18A0300702AA
8.869527,-30.574123,1,772BA0E9-AC30-CEA6-AA1B-18A0300702AA
21.066717,-30.38144,1,772BA0E9-AC30-CEA6-AA1B-18A0300702AA
-6.0338497,23.87372,2,772BA0E9-AC30-CEA6-AA1B-18A0300702AA
6.573227,16.838081,2,772BA0E9-AC30-CEA6-AA1B-18A0300702AA
2.4634743,27.158821,1,772BA0E9-AC30-CEA6-AA1B-18A0300702AA
-26.873549,-28.092876,1,772BA0E9-AC30-CEA6-AA1B-18A0300702AA
-39.945873,8.460008,1,772BA0E9-AC30-CEA6-AA1B-18A0300702AA
-57.919178,9.854326,1,772BA0E9-AC30-CEA6-AA1B-18A0300702AA
-15.5594425,8.71691,2,772BA0E9-AC30-CEA6-AA1B-18A0300702AA
-32.03635,-15.261507,2,772BA0E9-AC30-CEA6-AA1B-18A0300702AA
-16.54914,54.575874,0,772BA0E9-AC30-CEA6-AA1B-18A0300702AA
-16.941336,54.949776,0,772BA0E9-AC30-CEA6-AA1B-18A0300702AA
-22.364584,51.24116,0,772BA0E9-AC30-CEA6-AA1B-18A0300702AA
-22.147127,52.04854,0,772BA0E9-AC30-CEA6-AA1B-18A0300702AA
-7.768073,56.294827,0,772BA0E9-AC30-CEA6-AA1B-18A0300702AA
-8.10148,56.176247,0,772BA0E9-AC30-CEA6-AA1B-18A0300702AA
-21.238787,52.969208,0,772BA0E9-AC30-CEA6-AA1B-18A0300702AA
-20.627766,53.45036,0,772BA0E9-AC30-CEA6-AA1B-18A0300702AA
-16.532734,56.195385,0,772BA0E9-AC30-CEA6-AA1B-18A0300702AA
-13.048365,55.83933,0,772BA0E9-AC30-CEA6-AA1B-18A0300702AA
5.947799,36.267593,1,77F6B31E-B228-3C6D-A66F-E7E6FDED3587
5.7400823,36.340584,1,77F6B31E-B228-3C6D-A66F-E7E6FDED3587
5.860717,36.305958,1,77F6B31E-B228-3C6D-A66F-E7E6FDED3587
-6.6831703,46.698624,2,77F6B31E-B228-3C6D-A66F-E7E6FDED3587
-6.645775,46.836624,2,77F6B31E-B228-3C6D-A66F-E7E6FDED3587
-6.564105,47.670662,2,77F6B31E-B228-3C6D-A66F-E7E6FDED3587
-14.018822,55.90261,2,77F6B31E-B228-3C6D-A66F-E7E6FDED3587
-16.6555,56.14601,2,77F6B31E-B228-3C6D-A66F-E7E6FDED3587
-16.399654,56.349266,1,77F6B31E-B228-3C6D-A66F-E7E6FDED3587
-39.28002,38.82334,1,77F6B31E-B228-3C6D-A66F-E7E6FDED3587
-21.184208,53.03304,1,77F6B31E-B228-3C6D-A66F-E7E6FDED3587
-22.54347,51.32155,1,77F6B31E-B228-3C6D-A66F-E7E6FDED3587
-9.24765,28.155687,2,77F6B31E-B228-3C6D-A66F-E7E6FDED3587
32.274628,12.994691,2,77F6B31E-B228-3C6D-A66F-E7E6FDED3587
4.5394,-39.27716,0,77F6B31E-B228-3C6D-A66F-E7E6FDED3587
4.5615153,-39.416523,0,77F6B31E-B228-3C6D-A66F-E7E6FDED3587
4.5700436,-39.46183,0,77F6B31E-B228-3C6D-A66F-E7E6FDED3587
4.5657535,-39.42527,0,77F6B31E-B228-3C6D-A66F-E7E6FDED3587
35.619743,1.8944758,2,7B8B31F4-FFC3-7A4E-3EAF-78D5CA8ACB61
26.066273,7.6053963,2,7B8B31F4-FFC3-7A4E-3EAF-78D5CA8ACB61
22.428114,3.4440684,2,7B8B31F4-FFC3-7A4E-3EAF-78D5CA8ACB61
19.714657,-26.888536,2,7B8B31F4-FFC3-7A4E-3EAF-78D5CA8ACB61
24.528591,-44.313614,2,7B8B31F4-FFC3-7A4E-3EAF-78D5CA8ACB61
15.789367,-47.77418,2,7B8B31F4-FFC3-7A4E-3EAF-78D5CA8ACB61
28.428183,52.87636,2,7B8B31F4-FFC3-7A4E-3EAF-78D5CA8ACB61
21.819399,-60.05518,2,7B8B31F4-FFC3-7A4E-3EAF-78D5CA8ACB61
28.424747,59.957085,2,7B8B31F4-FFC3-7A4E-3EAF-78D5CA8ACB61
20.90261,-59.4909,2,7B8B31F4-FFC3-7A4E-3EAF-78D5CA8ACB61
15.419068,-54.176983,2,7B8B31F4-FFC3-7A4E-3EAF-78D5CA8ACB61
21.899906,-60.055523,2,7B8B31F4-FFC3-7A4E-3EAF-78D5CA8ACB61
22.863203,-53.660786,2,7DC9729F-BA27-3831-6078-F8508766396A
58.27323,14.817761,2,7DC9729F-BA27-3831-6078-F8508766396A
22.216105,-43.548878,2,7DC9729F-BA27-3831-6078-F8508766396A
24.921293,-39.136467,2,7DC9729F-BA27-3831-6078-F8508766396A
20.07742,-36.260857,2,7DC9729F-BA27-3831-6078-F8508766396A
16.187763,-48.915386,2,7DC9729F-BA27-3831-6078-F8508766396A
16.123835,-49.20093,0,7DC9729F-BA27-3831-6078-F8508766396A
12.126994,-37.683674,0,7DC9729F-BA27-3831-6078-F8508766396A
11.699808,-36.900234,0,7DC9729F-BA27-3831-6078-F8508766396A
31.855328,10.142716,2,7DC9729F-BA27-3831-6078-F8508766396A
37.21347,4.4901495,2,7DC9729F-BA27-3831-6078-F8508766396A
4.881079,31.262733,2,7DC9729F-BA27-3831-6078-F8508766396A
-1.3603003,31.864483,2,7DC9729F-BA27-3831-6078-F8508766396A
-10.847255,-1.11241,2,7DC9729F-BA27-3831-6078-F8508766396A
2.1672747,32.41876,2,7DC9729F-BA27-3831-6078-F8508766396A
1.694904,32.34081,2,7DC9729F-BA27-3831-6078-F8508766396A
-13.917269,-2.7301126,2,7DC9729F-BA27-3831-6078-F8508766396A
-19.476435,-30.989983,2,7DC9729F-BA27-3831-6078-F8508766396A
-42.768414,-27.635815,2,7DC9729F-BA27-3831-6078-F8508766396A
-40.768383,-12.542904,1,7DC9729F-BA27-3831-6078-F8508766396A
-38.472385,-11.232328,2,7DC9729F-BA27-3831-6078-F8508766396A
-42.157944,5.9851923,2,7DC9729F-BA27-3831-6078-F8508766396A
-38.613094,-11.160668,2,7DC9729F-BA27-3831-6078-F8508766396A
-45.83251,-23.644049,2,7DC9729F-BA27-3831-6078-F8508766396A
-3.8179822,-1.1931921,2,7FB7C50A-30EA-A991-0C04-7FFA681B8803
-9.918907,6.3422713,2,7FB7C50A-30EA-A991-0C04-7FFA681B8803
-7.895388,-1.2752744,0,7FB7C50A-30EA-A991-0C04-7FFA681B8803
-15.925158,-0.66288763,0,7FB7C50A-30EA-A991-0C04-7FFA681B8803
-15.907497,-0.9281884,0,7FB7C50A-30EA-A991-0C04-7FFA681B8803
-18.048033,-35.600613,0,7FB7C50A-30EA-A991-0C04-7FFA681B8803
7.0854106,26.938395,1,7FB7C50A-30EA-A991-0C04-7FFA681B8803
31.2744,4.855743,1,7FB7C50A-30EA-A991-0C04-7FFA681B8803
43.180393,-7.9890423,1,7FB7C50A-30EA-A991-0C04-7FFA681B8803
56.39962,15.841261,1,7FB7C50A-30EA-A991-0C04-7FFA681B8803
54.17684,16.168627,1,7FB7C50A-30EA-A991-0C04-7FFA681B8803
51.846058,17.113214,1,7FB7C50A-30EA-A991-0C04-7FFA681B8803
23.13322,17.447775,1,7FB7C50A-30EA-A991-0C04-7FFA681B8803
11.548217,13.23186,2,7FB7C50A-30EA-A991-0C04-7FFA681B8803
36.73777,-9.11758,1,7FB7C50A-30EA-A991-0C04-7FFA681B8803
8.350776,18.29843,0,7FB7C50A-30EA-A991-0C04-7FFA681B8803
27.393702,4.91683,0,7FB7C50A-30EA-A991-0C04-7FFA681B8803
13.365594,11.46207,0,7FB7C50A-30EA-A991-0C04-7FFA681B8803
-7.305045,10.156475,0,7FB7C50A-30EA-A991-0C04-7FFA681B8803
6.0030017,19.760899,0,7FB7C50A-30EA-A991-0C04-7FFA681B8803
-0.4499106,23.527042,2,7FB7C50A-30EA-A991-0C04-7FFA681B8803
7.9708667,18.54332,2,7FB7C50A-30EA-A991-0C04-7FFA681B8803
22.087803,3.2878003,2,7FB7C50A-30EA-A991-0C04-7FFA681B8803
14.521163,-22.187204,2,7FB7C50A-30EA-A991-0C04-7FFA681B8803
-25.84404,-21.22646,1,7FB7C50A-30EA-A991-0C04-7FFA681B8803
-38.44318,-6.2256074,2,7FB7C50A-30EA-A991-0C04-7FFA681B8803
-25.882603,-21.388668,2,7FB7C50A-30EA-A991-0C04-7FFA681B8803
-20.947353,-25.441925,2,7FB7C50A-30EA-A991-0C04-7FFA681B8803
-6.710001,-9.65605,2,7FB7C50A-30EA-A991-0C04-7FFA681B8803
-0.21531802,-6.6155586,2,7FB7C50A-30EA-A991-0C04-7FFA681B8803
2.0566509,32.549484,0,8322EDEF-4C09-318A-1B7E-56D62A6839AD
10.226306,32.21094,0,8322EDEF-4C09-318A-1B7E-56D62A6839AD
4.279009,30.723259,0,8322EDEF-4C09-318A-1B7E-56D62A6839AD
11.535146,31.435764,0,8322EDEF-4C09-318A-1B7E-56D62A6839AD
2.9411132,30.752497,2,8322EDEF-4C09-318A-1B7E-56D62A6839AD
34.600067,4.3185177,2,8322EDEF-4C09-318A-1B7E-56D62A6839AD
-17.073347,7.4471655,2,8322EDEF-4C09-318A-1B7E-56D62A6839AD
-9.853089,27.135487,2,8322EDEF-4C09-318A-1B7E-56D62A6839AD
-10.825418,26.604984,2,8322EDEF-4C09-318A-1B7E-56D62A6839AD
-17.626686,10.214305,2,8322EDEF-4C09-318A-1B7E-56D62A6839AD
-32.731625,-14.420886,2,8322EDEF-4C09-318A-1B7E-56D62A6839AD
-17.70051,9.040236,2,8322EDEF-4C09-318A-1B7E-56D62A6839AD
64.26918,-11.815775,2,8322EDEF-4C09-318A-1B7E-56D62A6839AD
64.97765,6.3644624,0,8322EDEF-4C09-318A-1B7E-56D62A6839AD
64.97201,-13.283586,0,8322EDEF-4C09-318A-1B7E-56D62A6839AD
65.01039,-13.226549,0,8322EDEF-4C09-318A-1B7E-56D62A6839AD
65.03518,-12.918706,0,8322EDEF-4C09-318A-1B7E-56D62A6839AD
27.589344,52.703476,0,8322EDEF-4C09-318A-1B7E-56D62A6839AD
8.154657,-29.18196,2,8407F9C4-C295-8C95-C281-584AF2118F84
12.415945,26.848848,0,8407F9C4-C295-8C95-C281-584AF2118F84
-6.752258,25.395626,0,8407F9C4-C295-8C95-C281-584AF2118F84
1.3472964,27.81279,0,8407F9C4-C295-8C95-C281-584AF2118F84
1.68584,28.144966,0,8407F9C4-C295-8C95-C281-584AF2118F84
13.180587,29.157387,2,8407F9C4-C295-8C95-C281-584AF2118F84
-35.3924,-13.502762,2,8407F9C4-C295-8C95-C281-584AF2118F84
-35.158375,-14.20949,2,8407F9C4-C295-8C95-C281-584AF2118F84
-25.350449,-25.258495,2,8407F9C4-C295-8C95-C281-584AF2118F84
-17.477242,9.45544,0,8407F9C4-C295-8C95-C281-584AF2118F84
-10.29594,26.185852,0,8407F9C4-C295-8C95-C281-584AF2118F84
6.3836446,34.364998,0,8407F9C4-C295-8C95-C281-584AF2118F84
9.713401,-41.82736,2,8407F9C4-C295-8C95-C281-584AF2118F84
4.6652102,-36.811604,2,8407F9C4-C295-8C95-C281-584AF2118F84
10.195808,33.61845,2,8407F9C4-C295-8C95-C281-584AF2118F84
-19.152824,-29.190563,0,8407F9C4-C295-8C95-C281-584AF2118F84
-31.67216,-16.746141,2,8407F9C4-C295-8C95-C281-584AF2118F84
-32.10377,-15.482175,2,8407F9C4-C295-8C95-C281-584AF2118F84
25.808184,51.21038,1,85748DC9-A6DA-334D-6422-BF69EE06A98C
26.57243,53.932335,1,85748DC9-A6DA-334D-6422-BF69EE06A98C
61.748558,6.846314,1,85748DC9-A6DA-334D-6422-BF69EE06A98C
52.36155,16.901068,1,85748DC9-A6DA-334D-6422-BF69EE06A98C
4.219485,29.817589,0,85748DC9-A6DA-334D-6422-BF69EE06A98C
-7.6923313,-1.2798163,0,85748DC9-A6DA-334D-6422-BF69EE06A98C
-21.224527,-32.191196,0,85748DC9-A6DA-334D-6422-BF69EE06A98C
-22.818651,-31.274364,0,85748DC9-A6DA-334D-6422-BF69EE06A98C
-15.646836,-1.1906201,0,85748DC9-A6DA-334D-6422-BF69EE06A98C
-7.757017,-1.2606277,0,85748DC9-A6DA-334D-6422-BF69EE06A98C
-4.2815213,-3.1407897,1,85748DC9-A6DA-334D-6422-BF69EE06A98C
-21.137497,-31.228708,1,85748DC9-A6DA-334D-6422-BF69EE06A98C
-40.06784,-17.507662,0,85748DC9-A6DA-334D-6422-BF69EE06A98C
-40.788742,9.126322,0,85748DC9-A6DA-334D-6422-BF69EE06A98C
-40.780926,10.983821,0,85748DC9-A6DA-334D-6422-BF69EE06A98C
-41.646633,8.474923,2,85748DC9-A6DA-334D-6422-BF69EE06A98C
-5.2463417,54.361816,2,85748DC9-A6DA-334D-6422-BF69EE06A98C
-57.99278,9.572196,2,85748DC9-A6DA-334D-6422-BF69EE06A98C
-35.64652,34.139217,1,85748DC9-A6DA-334D-6422-BF69EE06A98C
-37.61456,37.245773,1,85748DC9-A6DA-334D-6422-BF69EE06A98C
-39.773518,37.73733,1,85748DC9-A6DA-334D-6422-BF69EE06A98C
-39.692497,37.867065,2,85748DC9-A6DA-334D-6422-BF69EE06A98C
-39.687347,37.83746,2,85748DC9-A6DA-334D-6422-BF69EE06A98C
-39.75139,37.762505,2,85748DC9-A6DA-334D-6422-BF69EE06A98C
56.462643,17.562592,0,862DB2BA-55C9-5794-03BC-FBBA3BEE80C7
26.236212,8.646051,2,862DB2BA-55C9-5794-03BC-FBBA3BEE80C7
39.106678,-11.721153,2,862DB2BA-55C9-5794-03BC-FBBA3BEE80C7
24.57291,-37.219822,2,862DB2BA-55C9-5794-03BC-FBBA3BEE80C7
20.486244,-31.057724,2,862DB2BA-55C9-5794-03BC-FBBA3BEE80C7
12.629659,-36.543507,0,862DB2BA-55C9-5794-03BC-FBBA3BEE80C7
-0.37437683,29.636438,0,862DB2BA-55C9-5794-03BC-FBBA3BEE80C7
-10.953587,-0.3273255,0,862DB2BA-55C9-5794-03BC-FBBA3BEE80C7
2.9753685,31.408787,0,862DB2BA-55C9-5794-03BC-FBBA3BEE80C7
25.220018,22.937216,2,862DB2BA-55C9-5794-03BC-FBBA3BEE80C7
6.759844,-33.867023,2,862DB2BA-55C9-5794-03BC-FBBA3BEE80C7
6.581453,-35.957558,2,862DB2BA-55C9-5794-03BC-FBBA3BEE80C7
-44.178326,-9.701858,2,862DB2BA-55C9-5794-03BC-FBBA3BEE80C7
-39.38671,1.6159024,0,862DB2BA-55C9-5794-03BC-FBBA3BEE80C7
-39.9384,3.1274152,0,862DB2BA-55C9-5794-03BC-FBBA3BEE80C7
-37.18773,6.571632,0,862DB2BA-55C9-5794-03BC-FBBA3BEE80C7
-48.035854,-19.653574,2,862DB2BA-55C9-5794-03BC-FBBA3BEE80C7
-2.4535367,1.580982,2,862DB2BA-55C9-5794-03BC-FBBA3BEE80C7
-42.638306,7.297158,0,862DB2BA-55C9-5794-03BC-FBBA3BEE80C7
-23.39517,42.852886,0,862DB2BA-55C9-5794-03BC-FBBA3BEE80C7
-60.26621,14.2911825,0,862DB2BA-55C9-5794-03BC-FBBA3BEE80C7
-30.420584,36.086536,2,862DB2BA-55C9-5794-03BC-FBBA3BEE80C7
-32.283497,35.261696,2,862DB2BA-55C9-5794-03BC-FBBA3BEE80C7
-36.5738,37.800716,2,862DB2BA-55C9-5794-03BC-FBBA3BEE80C7
-24.186184,-33.486095,2,8690E8B6-9B41-5F0E-C518-8F2D028C6690
-29.256504,-28.930044,2,8690E8B6-9B41-5F0E-C518-8F2D028C6690
-48.565964,-19.535624,2,8690E8B6-9B41-5F0E-C518-8F2D028C6690
-48.735775,-19.839128,2,8690E8B6-9B41-5F0E-C518-8F2D028C6690
-24.6939,-22.484829,2,8690E8B6-9B41-5F0E-C518-8F2D028C6690
11.7935705,13.664546,2,8690E8B6-9B41-5F0E-C518-8F2D028C6690
12.661442,-36.427128,1,8690E8B6-9B41-5F0E-C518-8F2D028C6690
20.170353,-35.119717,1,8690E8B6-9B41-5F0E-C518-8F2D028C6690
23.679327,-1.6085485,1,8690E8B6-9B41-5F0E-C518-8F2D028C6690
-4.858169,-17.560244,1,8690E8B6-9B41-5F0E-C518-8F2D028C6690
-14.231452,0.28935885,1,8690E8B6-9B41-5F0E-C518-8F2D028C6690
-44.92934,-24.362867,1,8690E8B6-9B41-5F0E-C518-8F2D028C6690
-64.41822,17.295904,1,8690E8B6-9B41-5F0E-C518-8F2D028C6690
-32.51401,33.89725,1,8690E8B6-9B41-5F0E-C518-8F2D028C6690
-62.90286,16.65654,1,8690E8B6-9B41-5F0E-C518-8F2D028C6690
-33.043026,34.086338,1,8690E8B6-9B41-5F0E-C518-8F2D028C6690
-64.41655,16.219767,1,8690E8B6-9B41-5F0E-C518-8F2D028C6690
-64.54933,16.081375,1,8690E8B6-9B41-5F0E-C518-8F2D028C6690
-13.252636,-3.4166389,0,874A6B13-C999-C802-1138-FA198591D897
-6.929629,26.531328,2,874A6B13-C999-C802-1138-FA198591D897
-10.159873,5.641228,2,874A6B13-C999-C802-1138-FA198591D897
-3.3887737,2.0396433,2,874A6B13-C999-C802-1138-FA198591D897
-27.461,-21.751703,2,874A6B13-C999-C802-1138-FA198591D897
-20.253752,-33.922398,2,874A6B13-C999-C802-1138-FA198591D897
1.1999286,28.199705,1,874A6B13-C999-C802-1138-FA198591D897
-3.1614826,-4.3393855,1,874A6B13-C999-C802-1138-FA198591D897
-10.903417,-34.040573,1,874A6B13-C999-C802-1138-FA198591D897
-3.416293,-8.794315,1,874A6B13-C999-C802-1138-FA198591D897
23.923111,20.339544,1,874A6B13-C999-C802-1138-FA198591D897
44.44603,-9.939417,1,874A6B13-C999-C802-1138-FA198591D897
6.9854984,27.281208,1,874A6B13-C999-C802-1138-FA198591D897
29.491262,8.267592,1,874A6B13-C999-C802-1138-FA198591D897
45.03839,-10.443947,1,874A6B13-C999-C802-1138-FA198591D897
26.332136,-60.297718,1,874A6B13-C999-C802-1138-FA198591D897
62.754204,6.7606006,1,874A6B13-C999-C802-1138-FA198591D897
27.586685,53.40537,1,874A6B13-C999-C802-1138-FA198591D897
62.3443,6.702076,1,874A6B13-C999-C802-1138-FA198591D897
28.90283,-60.899265,0,874A6B13-C999-C802-1138-FA198591D897
24.02169,55.34649,0,874A6B13-C999-C802-1138-FA198591D897
26.276783,-59.195393,0,874A6B13-C999-C802-1138-FA198591D897
27.871374,-59.665073,0,874A6B13-C999-C802-1138-FA198591D897
25.837128,-58.150906,0,874A6B13-C999-C802-1138-FA198591D897
-40.925613,-10.978997,2,8DD09016-F898-915E-4A5C-727F57619D73
-41.610798,4.696316,2,8DD09016-F898-915E-4A5C-727F57619D73
-4.878947,52.66242,2,8DD09016-F898-915E-4A5C-727F57619D73
-46.62953,-18.03347,2,8DD09016-F898-915E-4A5C-727F57619D73
-47.37684,-18.263453,0,8DD09016-F898-915E-4A5C-727F57619D73
-48.667603,-21.862606,0,8DD09016-F898-915E-4A5C-727F57619D73
9.789764,-27.37524,2,8DD09016-F898-915E-4A5C-727F57619D73
10.397714,-26.58758,2,8DD09016-F898-915E-4A5C-727F57619D73
22.940916,16.774963,2,8DD09016-F898-915E-4A5C-727F57619D73
15.03746,-21.110079,2,8DD09016-F898-915E-4A5C-727F57619D73
12.555261,12.696156,0,8DD09016-F898-915E-4A5C-727F57619D73
-6.1479983,24.221788,0,8DD09016-F898-915E-4A5C-727F57619D73
20.484959,-26.514992,2,9268F759-54B0-96CC-C0F5-9D8DBAA12073
27.961988,4.855573,2,9268F759-54B0-96CC-C0F5-9D8DBAA12073
22.984385,18.469515,2,9268F759-54B0-96CC-C0F5-9D8DBAA12073
23.460815,25.051506,2,9268F759-54B0-96CC-C0F5-9D8DBAA12073
37.03041,3.6893985,2,9268F759-54B0-96CC-C0F5-9D8DBAA12073
26.897486,22.356886,2,9268F759-54B0-96CC-C0F5-9D8DBAA12073
-46.045925,-17.779926,1,9268F759-54B0-96CC-C0F5-9D8DBAA12073
-47.91663,-22.373203,1,9268F759-54B0-96CC-C0F5-9D8DBAA12073
-29.221178,-29.28354,1,9268F759-54B0-96CC-C0F5-9D8DBAA12073
-5.169597,3.9751735,1,9268F759-54B0-96CC-C0F5-9D8DBAA12073
-48.9728,-19.10368,1,9268F759-54B0-96CC-C0F5-9D8DBAA12073
-44.114708,-5.14369,1,9268F759-54B0-96CC-C0F5-9D8DBAA12073
34.83176,3.5486665,2,9268F759-54B0-96CC-C0F5-9D8DBAA12073
13.280608,14.027056,2,9268F759-54B0-96CC-C0F5-9D8DBAA12073
21.190346,23.959389,2,9268F759-54B0-96CC-C0F5-9D8DBAA12073
34.70301,3.6906214,2,9268F759-54B0-96CC-C0F5-9D8DBAA12073
25.477457,19.191704,2,9268F759-54B0-96CC-C0F5-9D8DBAA12073
23.28666,-2.271735,2,9268F759-54B0-96CC-C0F5-9D8DBAA12073
17.804714,22.460236,1,9268F759-54B0-96CC-C0F5-9D8DBAA12073
17.679356,22.466011,1,9268F759-54B0-96CC-C0F5-9D8DBAA12073
12.791264,24.000261,1,9268F759-54B0-96CC-C0F5-9D8DBAA12073
4.689324,28.282862,1,9268F759-54B0-96CC-C0F5-9D8DBAA12073
-5.450895,7.686076,1,9268F759-54B0-96CC-C0F5-9D8DBAA12073
26.793688,-58.336823,2,94AA1B20-A5D9-F2B4-FD96-2F20A00FAE89
9.304077,-31.853827,2,94AA1B20-A5D9-F2B4-FD96-2F20A00FAE89
20.639786,18.491163,2,94AA1B20-A5D9-F2B4-FD96-2F20A00FAE89
-1.5086954,-4.1027656,2,94AA1B20-A5D9-F2B4-FD96-2F20A00FAE89
8.925158,27.130377,2,94AA1B20-A5D9-F2B4-FD96-2F20A00FAE89
-13.766383,3.0304847,2,94AA1B20-A5D9-F2B4-FD96-2F20A00FAE89
-38.50754,-9.625048,0,94AA1B20-A5D9-F2B4-FD96-2F20A00FAE89
-38.255283,8.098986,0,94AA1B20-A5D9-F2B4-FD96-2F20A00FAE89
-8.486714,52.543453,0,94AA1B20-A5D9-F2B4-FD96-2F20A00FAE89
-56.920643,8.898356,0,94AA1B20-A5D9-F2B4-FD96-2F20A00FAE89
-9.793175,50.64162,0,94AA1B20-A5D9-F2B4-FD96-2F20A00FAE89
-38.06451,7.0091004,0,94AA1B20-A5D9-F2B4-FD96-2F20A00FAE89
-46.481533,-21.789232,2,94AA1B20-A5D9-F2B4-FD96-2F20A00FAE89
-12.013592,2.3755832,2,94AA1B20-A5D9-F2B4-FD96-2F20A00FAE89
-3.7862105,-15.8999195,2,94AA1B20-A5D9-F2B4-FD96-2F20A00FAE89
13.372167,29.774113,0,94AA1B20-A5D9-F2B4-FD96-2F20A00FAE89
-9.160617,-11.51942,0,94AA1B20-A5D9-F2B4-FD96-2F20A00FAE89
-21.888887,-29.743397,0,94AA1B20-A5D9-F2B4-FD96-2F20A00FAE89
12.759183,28.909897,0,94AA1B20-A5D9-F2B4-FD96-2F20A00FAE89
9.451956,28.622541,0,94AA1B20-A5D9-F2B4-FD96-2F20A00FAE89
12.041841,26.298117,0,94AA1B20-A5D9-F2B4-FD96-2F20A00FAE89
21.564665,19.36167,0,94AA1B20-A5D9-F2B4-FD96-2F20A00FAE89
28.533075,10.544042,0,94AA1B20-A5D9-F2B4-FD96-2F20A00FAE89
21.24601,22.724663,0,94AA1B20-A5D9-F2B4-FD96-2F20A00FAE89
4.307751,31.116734,0,94AA1B20-A5D9-F2B4-FD96-2F20A00FAE89
-5.478508,-16.204527,0,94AA1B20-A5D9-F2B4-FD96-2F20A00FAE89
55.421223,24.192602,0,94AA1B20-A5D9-F2B4-FD96-2F20A00FAE89
-42.69014,-27.71695,2,94AA1B20-A5D9-F2B4-FD96-2F20A00FAE89
-42.517902,-27.900766,2,94AA1B20-A5D9-F2B4-FD96-2F20A00FAE89
55.16601,24.250849,2,94AA1B20-A5D9-F2B4-FD96-2F20A00FAE89
-39.533146,-18.454733,0,94AA1B20-A5D9-F2B4-FD96-2F20A00FAE89
-39.58135,-17.512579,0,94AA1B20-A5D9-F2B4-FD96-2F20A00FAE89
-42.43007,7.4615903,0,94AA1B20-A5D9-F2B4-FD96-2F20A00FAE89
-58.541344,8.774133,1,94AA1B20-A5D9-F2B4-FD96-2F20A00FAE89
-57.919632,10.394033,0,94AA1B20-A5D9-F2B4-FD96-2F20A00FAE89
-60.288662,12.172462,2,94AA1B20-A5D9-F2B4-FD96-2F20A00FAE89
11.808167,30.686274,2,96B78431-4166-E4D3-2AA2-15BE2512E1D6
36.588936,3.9845266,2,96B78431-4166-E4D3-2AA2-15BE2512E1D6
24.110033,23.571022,2,96B78431-4166-E4D3-2AA2-15BE2512E1D6
-1.3261894,31.821991,2,96B78431-4166-E4D3-2AA2-15BE2512E1D6
-12.152706,-35.047455,2,96B78431-4166-E4D3-2AA2-15BE2512E1D6
-22.388494,-30.71347,1,96B78431-4166-E4D3-2AA2-15BE2512E1D6
35.923447,3.3742955,0,96B78431-4166-E4D3-2AA2-15BE2512E1D6
43.95965,-11.950107,0,96B78431-4166-E4D3-2AA2-15BE2512E1D6
40.92121,-6.5124288,0,96B78431-4166-E4D3-2AA2-15BE2512E1D6
21.312534,24.785112,0,96B78431-4166-E4D3-2AA2-15BE2512E1D6
25.190762,22.6341,0,96B78431-4166-E4D3-2AA2-15BE2512E1D6
-4.4250665,-13.652947,0,96B78431-4166-E4D3-2AA2-15BE2512E1D6
21.665056,-31.311676,2,96B78431-4166-E4D3-2AA2-15BE2512E1D6
14.839809,-43.7852,2,96B78431-4166-E4D3-2AA2-15BE2512E1D6
12.165878,-40.027786,2,96B78431-4166-E4D3-2AA2-15BE2512E1D6
9.366481,-31.466507,2,96B78431-4166-E4D3-2AA2-15BE2512E1D6
11.01541,-28.1169,2,96B78431-4166-E4D3-2AA2-15BE2512E1D6
13.711727,-39.147076,2,96B78431-4166-E4D3-2AA2-15BE2512E1D6
13.164894,-45.84489,0,96B78431-4166-E4D3-2AA2-15BE2512E1D6
20.428064,-22.406857,0,96B78431-4166-E4D3-2AA2-15BE2512E1D6
19.821148,-22.56794,0,96B78431-4166-E4D3-2AA2-15BE2512E1D6
10.068977,-20.044554,2,96B78431-4166-E4D3-2AA2-15BE2512E1D6
10.110305,-20.088,2,96B78431-4166-E4D3-2AA2-15BE2512E1D6
8.072669,16.7551,2,96B78431-4166-E4D3-2AA2-15BE2512E1D6
-26.43875,38.99722,0,96B78431-4166-E4D3-2AA2-15BE2512E1D6
-60.16543,15.812489,0,96B78431-4166-E4D3-2AA2-15BE2512E1D6
-27.863983,41.38352,1,96B78431-4166-E4D3-2AA2-15BE2512E1D6
-62.13512,16.376688,1,96B78431-4166-E4D3-2AA2-15BE2512E1D6
-27.054691,39.93949,1,96B78431-4166-E4D3-2AA2-15BE2512E1D6
2.4969344,25.951311,0,99827717-1B21-7ECC-CAD1-99489F7E19EA
8.725756,-30.511267,1,99827717-1B21-7ECC-CAD1-99489F7E19EA
15.919161,-46.942375,2,99827717-1B21-7ECC-CAD1-99489F7E19EA
65.237915,-11.260865,2,99827717-1B21-7ECC-CAD1-99489F7E19EA
28.969093,59.55829,2,99827717-1B21-7ECC-CAD1-99489F7E19EA
30.57848,54.791164,2,99827717-1B21-7ECC-CAD1-99489F7E19EA
20.127813,-31.836723,2,99827717-1B21-7ECC-CAD1-99489F7E19EA
12.539703,-44.49059,2,99827717-1B21-7ECC-CAD1-99489F7E19EA
20.258501,-51.589596,2,99827717-1B21-7ECC-CAD1-99489F7E19EA
14.971907,-48.643387,2,99827717-1B21-7ECC-CAD1-99489F7E19EA
15.066968,-49.314064,2,99827717-1B21-7ECC-CAD1-99489F7E19EA
16.553108,-49.83357,2,99827717-1B21-7ECC-CAD1-99489F7E19EA
-41.210987,-17.36381,1,99827717-1B21-7ECC-CAD1-99489F7E19EA
-42.706753,6.0912395,1,99827717-1B21-7ECC-CAD1-99489F7E19EA
-38.17218,-11.23181,1,99827717-1B21-7ECC-CAD1-99489F7E19EA
-8.920112,54.09823,1,99827717-1B21-7ECC-CAD1-99489F7E19EA
-57.40807,10.756594,1,99827717-1B21-7ECC-CAD1-99489F7E19EA
-57.42522,10.911705,1,99827717-1B21-7ECC-CAD1-99489F7E19EA
20.451698,-35.826748,0,99C0C5AE-01AD-1BB2-A36B-74B166CB26BA
13.559987,-36.42232,0,99C0C5AE-01AD-1BB2-A36B-74B166CB26BA
17.633196,-36.160374,0,99C0C5AE-01AD-1BB2-A36B-74B166CB26BA
9.497585,-44.65359,0,99C0C5AE-01AD-1BB2-A36B-74B166CB26BA
24.312979,-56.210327,2,99C0C5AE-01AD-1BB2-A36B-74B166CB26BA
13.549668,-50.341946,2,99C0C5AE-01AD-1BB2-A36B-74B166CB26BA
53.59611,17.708876,2,99C0C5AE-01AD-1BB2-A36B-74B166CB26BA
54.139442,18.005703,2,99C0C5AE-01AD-1BB2-A36B-74B166CB26BA
53.838444,17.403404,2,99C0C5AE-01AD-1BB2-A36B-74B166CB26BA
53.953747,16.19652,2,99C0C5AE-01AD-1BB2-A36B-74B166CB26BA
35.013702,4.301668,0,99C0C5AE-01AD-1BB2-A36B-74B166CB26BA
43.308525,-7.1040606,0,99C0C5AE-01AD-1BB2-A36B-74B166CB26BA
-27.403263,-29.424177,1,99C0C5AE-01AD-1BB2-A36B-74B166CB26BA
-31.135754,-28.016872,1,99C0C5AE-01AD-1BB2-A36B-74B166CB26BA
-31.068552,-27.189276,2,99C0C5AE-01AD-1BB2-A36B-74B166CB26BA
-32.214233,-21.828844,2,99C0C5AE-01AD-1BB2-A36B-74B166CB26BA
-42.006557,-4.8454847,2,99C0C5AE-01AD-1BB2-A36B-74B166CB26BA
-25.203247,-34.773018,2,99C0C5AE-01AD-1BB2-A36B-74B166CB26BA
9.732112,-27.790333,2,99C0C5AE-01AD-1BB2-A36B-74B166CB26BA
11.101305,-28.083109,2,99C0C5AE-01AD-1BB2-A36B-74B166CB26BA
20.166704,-24.407026,0,99C0C5AE-01AD-1BB2-A36B-74B166CB26BA
21.032564,-23.385397,0,99C0C5AE-01AD-1BB2-A36B-74B166CB26BA
21.745228,-33.054245,0,99C0C5AE-01AD-1BB2-A36B-74B166CB26BA
19.062366,-23.239256,0,99C0C5AE-01AD-1BB2-A36B-74B166CB26BA
13.738273,-20.066391,2,99C0C5AE-01AD-1BB2-A36B-74B166CB26BA
10.328245,19.11715,2,99C0C5AE-01AD-1BB2-A36B-74B166CB26BA
-19.741446,-29.429012,2,99C0C5AE-01AD-1BB2-A36B-74B166CB26BA
-39.59968,9.216525,2,99C0C5AE-01AD-1BB2-A36B-74B166CB26BA
-57.156605,11.107311,2,99C0C5AE-01AD-1BB2-A36B-74B166CB26BA
-57.986076,10.506316,2,99C0C5AE-01AD-1BB2-A36B-74B166CB26BA
43.237587,-7.4432096,2,9A80CFF4-085D-6435-BA08-18E6496A8381
31.898668,10.574603,2,9A80CFF4-085D-6435-BA08-18E6496A8381
26.119858,27.075968,2,9A80CFF4-085D-6435-BA08-18E6496A8381
26.087719,26.91924,2,9A80CFF4-085D-6435-BA08-18E6496A8381
11.616222,30.52414,2,9A80CFF4-085D-6435-BA08-18E6496A8381
-9.942022,6.672241,0,9A80CFF4-085D-6435-BA08-18E6496A8381
12.8577585,-50.536926,2,9A80CFF4-085D-6435-BA08-18E6496A8381
56.05923,15.882867,2,9A80CFF4-085D-6435-BA08-18E6496A8381
40.724697,-12.862156,2,9A80CFF4-085D-6435-BA08-18E6496A8381
-3.9571264,-18.193834,2,9A80CFF4-085D-6435-BA08-18E6496A8381
12.305042,14.465705,2,9A80CFF4-085D-6435-BA08-18E6496A8381
56.873425,22.49226,0,9A80CFF4-085D-6435-BA08-18E6496A8381
24.930887,-43.063213,2,9A80CFF4-085D-6435-BA08-18E6496A8381
24.66542,-41.451084,2,9A80CFF4-085D-6435-BA08-18E6496A8381
22.292667,-32.9002,2,9A80CFF4-085D-6435-BA08-18E6496A8381
24.522345,-40.41374,0,9A80CFF4-085D-6435-BA08-18E6496A8381
24.944218,-41.19491,0,9A80CFF4-085D-6435-BA08-18E6496A8381
27.481312,-56.176445,2,9A80CFF4-085D-6435-BA08-18E6496A8381
15.476058,-50.333805,1,9C694EBE-9421-F45A-ED92-F521991A6A52
27.55088,59.884228,1,9C694EBE-9421-F45A-ED92-F521991A6A52
58.311127,14.8424,1,9C694EBE-9421-F45A-ED92-F521991A6A52
13.195919,-37.371746,1,9C694EBE-9421-F45A-ED92-F521991A6A52
26.477251,8.713275,1,9C694EBE-9421-F45A-ED92-F521991A6A52
22.667622,-29.490726,2,9C694EBE-9421-F45A-ED92-F521991A6A52
1.6739018,31.377563,2,9C694EBE-9421-F45A-ED92-F521991A6A52
-11.4606085,-0.43417305,2,9C694EBE-9421-F45A-ED92-F521991A6A52
-15.516894,2.1922271,2,9C694EBE-9421-F45A-ED92-F521991A6A52
-41.781006,-17.274384,2,9C694EBE-9421-F45A-ED92-F521991A6A52
-42.230442,4.0658045,2,9C694EBE-9421-F45A-ED92-F521991A6A52
-5.0423713,52.863205,2,9C694EBE-9421-F45A-ED92-F521991A6A52
-17.449335,-34.219402,2,9C694EBE-9421-F45A-ED92-F521991A6A52
-17.479942,-34.008118,2,9C694EBE-9421-F45A-ED92-F521991A6A52
-5.75546,-13.429806,2,9C694EBE-9421-F45A-ED92-F521991A6A52
-12.6595125,-34.772606,2,9C694EBE-9421-F45A-ED92-F521991A6A52
-13.515476,2.3093193,0,9C694EBE-9421-F45A-ED92-F521991A6A52
4.576073,28.58954,0,9C694EBE-9421-F45A-ED92-F521991A6A52
-11.576496,-34.239746,2,9C694EBE-9421-F45A-ED92-F521991A6A52
-5.0477495,-12.681199,0,9C694EBE-9421-F45A-ED92-F521991A6A52
23.792938,19.070501,0,9C694EBE-9421-F45A-ED92-F521991A6A52
13.047226,13.776354,0,9C694EBE-9421-F45A-ED92-F521991A6A52
52.223114,17.41624,0,9C694EBE-9421-F45A-ED92-F521991A6A52
52.25485,17.556383,1,9C694EBE-9421-F45A-ED92-F521991A6A52
18.60378,-25.58107,2,9C694EBE-9421-F45A-ED92-F521991A6A52
13.880235,-37.816505,2,9C694EBE-9421-F45A-ED92-F521991A6A52
23.511827,-39.54529,2,9C694EBE-9421-F45A-ED92-F521991A6A52
25.024605,-37.541737,2,9C694EBE-9421-F45A-ED92-F521991A6A52
16.297287,-22.307175,0,9C694EBE-9421-F45A-ED92-F521991A6A52
19.508282,-23.618557,0,9C694EBE-9421-F45A-ED92-F521991A6A52
22.003906,2.6528714,0,9C694EBE-9421-F45A-ED92-F521991A6A52
12.231532,11.611235,0,9C694EBE-9421-F45A-ED92-F521991A6A52
-7.6143475,-9.429561,2,9C694EBE-9421-F45A-ED92-F521991A6A52
-17.594688,-33.706688,2,9C694EBE-9421-F45A-ED92-F521991A6A52
-40.840847,-18.128716,1,9C694EBE-9421-F45A-ED92-F521991A6A52
-40.23635,-12.80021,1,9C694EBE-9421-F45A-ED92-F521991A6A52
-10.346215,-1.0262405,2,9E6EBCE2-44FB-8F07-4135-E91140B34096
-11.328223,-1.2613076,2,9E6EBCE2-44FB-8F07-4135-E91140B34096
2.9056308,33.26424,2,9E6EBCE2-44FB-8F07-4135-E91140B34096
-12.082495,-3.320538,2,9E6EBCE2-44FB-8F07-4135-E91140B34096
26.372454,25.559715,2,9E6EBCE2-44FB-8F07-4135-E91140B34096
35.395664,5.7639074,1,9E6EBCE2-44FB-8F07-4135-E91140B34096
19.644524,-31.38233,0,9E6EBCE2-44FB-8F07-4135-E91140B34096
15.695685,-47.675514,0,9E6EBCE2-44FB-8F07-4135-E91140B34096
61.570786,5.889764,2,9E6EBCE2-44FB-8F07-4135-E91140B34096
26.89984,54.577652,2,9E6EBCE2-44FB-8F07-4135-E91140B34096
27.02232,54.625923,2,9E6EBCE2-44FB-8F07-4135-E91140B34096
61.958252,8.824298,2,9E6EBCE2-44FB-8F07-4135-E91140B34096
20.975002,-34.00653,0,9E6EBCE2-44FB-8F07-4135-E91140B34096
21.529402,-30.183409,0,9E6EBCE2-44FB-8F07-4135-E91140B34096
21.473846,-29.345903,0,9E6EBCE2-44FB-8F07-4135-E91140B34096
13.236028,-21.970835,0,9E6EBCE2-44FB-8F07-4135-E91140B34096
16.431545,-22.768845,0,9E6EBCE2-44FB-8F07-4135-E91140B34096
13.5735035,-21.821095,0,9E6EBCE2-44FB-8F07-4135-E91140B34096
35.931812,3.5681825,1,A135AF2A-692D-9C83-AB54-34F977E4D14D
9.475008,29.82451,1,A135AF2A-692D-9C83-AB54-34F977E4D14D
-3.306232,-11.55954,1,A135AF2A-692D-9C83-AB54-34F977E4D14D
-4.878555,-5.8543444,1,A135AF2A-692D-9C83-AB54-34F977E4D14D
-2.9129167,-16.012627,1,A135AF2A-692D-9C83-AB54-34F977E4D14D
-11.328099,-34.238403,1,A135AF2A-692D-9C83-AB54-34F977E4D14D
29.050919,-60.520283,1,A135AF2A-692D-9C83-AB54-34F977E4D14D
22.958124,-56.425068,2,A135AF2A-692D-9C83-AB54-34F977E4D14D
6.8232503,-33.373684,2,A135AF2A-692D-9C83-AB54-34F977E4D14D
12.092734,-50.883026,2,A135AF2A-692D-9C83-AB54-34F977E4D14D
55.67342,15.742989,2,A135AF2A-692D-9C83-AB54-34F977E4D14D
52.32871,17.47791,2,A135AF2A-692D-9C83-AB54-34F977E4D14D
21.630276,6.079698,0,A135AF2A-692D-9C83-AB54-34F977E4D14D
18.373861,-34.439938,0,A135AF2A-692D-9C83-AB54-34F977E4D14D
18.59182,7.2119303,0,A135AF2A-692D-9C83-AB54-34F977E4D14D
38.98499,-12.972802,2,A135AF2A-692D-9C83-AB54-34F977E4D14D
23.427599,-1.732028,2,A135AF2A-692D-9C83-AB54-34F977E4D14D
23.24323,-1.7856892,2,A135AF2A-692D-9C83-AB54-34F977E4D14D
27.572136,59.907223,2,A43E8D46-F136-DB41-3E16-F9F161DBA1D6
39.690723,-10.287421,2,A43E8D46-F136-DB41-3E16-F9F161DBA1D6
15.42674,26.678478,2,A43E8D46-F136-DB41-3E16-F9F161DBA1D6
13.304478,-37.31552,2,A43E8D46-F136-DB41-3E16-F9F161DBA1D6
15.600113,-49.022717,2,A43E8D46-F136-DB41-3E16-F9F161DBA1D6
12.499966,-46.481667,2,A43E8D46-F136-DB41-3E16-F9F161DBA1D6
-9.510658,-1.9340457,0,A43E8D46-F136-DB41-3E16-F9F161DBA1D6
-11.552022,-0.8051039,2,A43E8D46-F136-DB41-3E16-F9F161DBA1D6
-13.454872,-0.4624418,2,A43E8D46-F136-DB41-3E16-F9F161DBA1D6
17.607931,31.091232,2,A43E8D46-F136-DB41-3E16-F9F161DBA1D6
26.537945,25.065065,1,A43E8D46-F136-DB41-3E16-F9F161DBA1D6
6.808264,-34.96745,2,A43E8D46-F136-DB41-3E16-F9F161DBA1D6
-39.888966,-11.2182665,1,A43E8D46-F136-DB41-3E16-F9F161DBA1D6
-42.804825,-16.100466,2,A43E8D46-F136-DB41-3E16-F9F161DBA1D6
-41.264194,-14.038423,2,A43E8D46-F136-DB41-3E16-F9F161DBA1D6
-44.669834,-25.241766,2,A43E8D46-F136-DB41-3E16-F9F161DBA1D6
-18.29395,-32.951775,2,A43E8D46-F136-DB41-3E16-F9F161DBA1D6
-12.767444,-34.409157,1,A43E8D46-F136-DB41-3E16-F9F161DBA1D6
-32.088314,-21.251608,1,A43E8D46-F136-DB41-3E16-F9F161DBA1D6
-41.32262,-4.9785047,1,A43E8D46-F136-DB41-3E16-F9F161DBA1D6
-34.787704,-4.570879,1,A43E8D46-F136-DB41-3E16-F9F161DBA1D6
-34.8118,-4.5392227,1,A43E8D46-F136-DB41-3E16-F9F161DBA1D6
-32.135105,-21.715239,0,A43E8D46-F136-DB41-3E16-F9F161DBA1D6
-11.69281,7.0636673,0,A43E8D46-F136-DB41-3E16-F9F161DBA1D6
28.473969,54.811413,0,A43E8D46-F136-DB41-3E16-F9F161DBA1D6
27.295912,55.31904,0,A43E8D46-F136-DB41-3E16-F9F161DBA1D6
28.31455,55.07744,0,A43E8D46-F136-DB41-3E16-F9F161DBA1D6
28.514883,55.409897,1,A43E8D46-F136-DB41-3E16-F9F161DBA1D6
28.306927,55.344437,1,A43E8D46-F136-DB41-3E16-F9F161DBA1D6
28.28402,55.326046,1,A43E8D46-F136-DB41-3E16-F9F161DBA1D6
53.865753,16.035246,1,AB9921A8-F143-E101-6A47-E66882F571B2
43.880424,-12.018497,1,AB9921A8-F143-E101-6A47-E66882F571B2
8.657311,-43.169323,1,AB9921A8-F143-E101-6A47-E66882F571B2
7.077206,-33.353733,1,AB9921A8-F143-E101-6A47-E66882F571B2
54.19729,17.571629,1,AB9921A8-F143-E101-6A47-E66882F571B2
19.557945,23.60358,1,AB9921A8-F143-E101-6A47-E66882F571B2
-60.113342,14.772248,0,AB9921A8-F143-E101-6A47-E66882F571B2
-60.409977,14.301863,2,AB9921A8-F143-E101-6A47-E66882F571B2
-25.948858,38.683926,2,AB9921A8-F143-E101-6A47-E66882F571B2
-26.407515,39.826633,2,AB9921A8-F143-E101-6A47-E66882F571B2
-26.700548,39.9408,2,AB9921A8-F143-E101-6A47-E66882F571B2
-30.858892,34.66452,0,AB9921A8-F143-E101-6A47-E66882F571B2
10.852482,-40.94169,0,AB9921A8-F143-E101-6A47-E66882F571B2
22.303358,-55.32104,0,AB9921A8-F143-E101-6A47-E66882F571B2
27.60232,53.336544,0,AB9921A8-F143-E101-6A47-E66882F571B2
62.51268,7.733364,0,AB9921A8-F143-E101-6A47-E66882F571B2
64.883484,-12.579284,0,AB9921A8-F143-E101-6A47-E66882F571B2
63.907627,-11.944605,0,AB9921A8-F143-E101-6A47-E66882F571B2
61.662098,8.9149475,1,B06410CC-D778-33B2-B1FD-A828EE4AF413
24.731031,55.769554,1,B06410CC-D778-33B2-B1FD-A828EE4AF413
27.5574,5.7411833,1,B06410CC-D778-33B2-B1FD-A828EE4AF413
24.479458,17.080666,1,B06410CC-D778-33B2-B1FD-A828EE4AF413
22.887238,3.616316,1,B06410CC-D778-33B2-B1FD-A828EE4AF413
39.44115,-10.863283,1,B06410CC-D778-33B2-B1FD-A828EE4AF413
26.438784,-57.7474,2,B06410CC-D778-33B2-B1FD-A828EE4AF413
13.949157,-50.123817,2,B06410CC-D778-33B2-B1FD-A828EE4AF413
8.862818,-45.25196,2,B06410CC-D778-33B2-B1FD-A828EE4AF413
27.079462,10.609942,2,B06410CC-D778-33B2-B1FD-A828EE4AF413
-5.776275,-13.543294,0,B06410CC-D778-33B2-B1FD-A828EE4AF413
-18.32522,-33.281277,0,B06410CC-D778-33B2-B1FD-A828EE4AF413
-43.718475,-23.19636,0,B06410CC-D778-33B2-B1FD-A828EE4AF413
-43.559708,-18.760342,0,B06410CC-D778-33B2-B1FD-A828EE4AF413
-12.448192,-35.063683,2,B06410CC-D778-33B2-B1FD-A828EE4AF413
-25.21924,-27.32849,2,B06410CC-D778-33B2-B1FD-A828EE4AF413
-43.500397,-24.56857,2,B06410CC-D778-33B2-B1FD-A828EE4AF413
-42.21912,-17.735964,2,B06410CC-D778-33B2-B1FD-A828EE4AF413
12.7613735,30.388475,2,B06410CC-D778-33B2-B1FD-A828EE4AF413
44.9648,-11.579734,2,B06410CC-D778-33B2-B1FD-A828EE4AF413
44.971653,-11.662588,2,B06410CC-D778-33B2-B1FD-A828EE4AF413
38.090687,2.778179,1,B06410CC-D778-33B2-B1FD-A828EE4AF413
23.928513,19.336552,0,B06410CC-D778-33B2-B1FD-A828EE4AF413
44.51611,-9.374357,0,B06410CC-D778-33B2-B1FD-A828EE4AF413
25.14345,24.340992,1,B06410CC-D778-33B2-B1FD-A828EE4AF413
7.128282,-39.583096,1,B06410CC-D778-33B2-B1FD-A828EE4AF413
7.3483224,-42.399586,1,B06410CC-D778-33B2-B1FD-A828EE4AF413
18.4463,-52.247578,1,B06410CC-D778-33B2-B1FD-A828EE4AF413
28.06893,-60.392178,1,B06410CC-D778-33B2-B1FD-A828EE4AF413
9.140333,-38.0699,1,B06410CC-D778-33B2-B1FD-A828EE4AF413
-21.808903,-29.686783,1,B06410CC-D778-33B2-B1FD-A828EE4AF413
-44.557583,-19.017073,2,B06410CC-D778-33B2-B1FD-A828EE4AF413
-44.442963,-19.270048,2,B06410CC-D778-33B2-B1FD-A828EE4AF413
-44.28242,-12.4039545,2,B06410CC-D778-33B2-B1FD-A828EE4AF413
-39.815105,-6.7294436,2,B06410CC-D778-33B2-B1FD-A828EE4AF413
-45.503086,-18.591976,2,B06410CC-D778-33B2-B1FD-A828EE4AF413
-50.27648,-18.562601,2,B0AAFE06-91C2-2C6D-4547-7508BB719E45
-27.014933,-34.397724,0,B0AAFE06-91C2-2C6D-4547-7508BB719E45
1.743048,-5.4933906,2,B0AAFE06-91C2-2C6D-4547-7508BB719E45
27.790693,1.7835181,2,B0AAFE06-91C2-2C6D-4547-7508BB719E45
15.949042,-42.200108,2,B0AAFE06-91C2-2C6D-4547-7508BB719E45
25.301287,-53.23899,2,B0AAFE06-91C2-2C6D-4547-7508BB719E45
-16.920546,14.063012,0,B0AAFE06-91C2-2C6D-4547-7508BB719E45
-10.749374,26.538477,0,B0AAFE06-91C2-2C6D-4547-7508BB719E45
-10.100565,26.894424,0,B0AAFE06-91C2-2C6D-4547-7508BB719E45
-1.1110649,33.941418,0,B0AAFE06-91C2-2C6D-4547-7508BB719E45
-16.84221,7.4401927,0,B0AAFE06-91C2-2C6D-4547-7508BB719E45
-16.686003,7.439788,0,B0AAFE06-91C2-2C6D-4547-7508BB719E45
-41.63787,6.4256496,2,B17DF37B-207D-A052-4D45-F862B3BF4C4C
-42.475105,5.5081735,2,B17DF37B-207D-A052-4D45-F862B3BF4C4C
-42.977184,4.6310477,1,B17DF37B-207D-A052-4D45-F862B3BF4C4C
-42.96115,-17.86503,1,B17DF37B-207D-A052-4D45-F862B3BF4C4C
-44.514645,-24.47276,0,B17DF37B-207D-A052-4D45-F862B3BF4C4C
-13.3685465,1.0586096,0,B17DF37B-207D-A052-4D45-F862B3BF4C4C
60.970154,6.334778,1,B17DF37B-207D-A052-4D45-F862B3BF4C4C
27.545849,59.865265,1,B17DF37B-207D-A052-4D45-F862B3BF4C4C
12.373881,31.385098,1,B17DF37B-207D-A052-4D45-F862B3BF4C4C
-17.280937,-33.47932,1,B17DF37B-207D-A052-4D45-F862B3BF4C4C
-42.30151,-28.13564,1,B17DF37B-207D-A052-4D45-F862B3BF4C4C
-6.9943805,-14.166734,1,B17DF37B-207D-A052-4D45-F862B3BF4C4C
-22.66596,51.41635,2,B17DF37B-207D-A052-4D45-F862B3BF4C4C
-22.704176,51.556973,2,B17DF37B-207D-A052-4D45-F862B3BF4C4C
-22.698872,51.215004,2,B17DF37B-207D-A052-4D45-F862B3BF4C4C
-30.753212,33.31122,0,B17DF37B-207D-A052-4D45-F862B3BF4C4C
-62.808704,16.612946,0,B17DF37B-207D-A052-4D45-F862B3BF4C4C
-33.778126,37.08412,0,B17DF37B-207D-A052-4D45-F862B3BF4C4C
42.8398,-11.573903,0,B2EE7EC5-4E5B-EBDD-E0EB-AF758B95C36A
-5.1159286,-17.418713,0,B2EE7EC5-4E5B-EBDD-E0EB-AF758B95C36A
25.762672,9.714974,0,B2EE7EC5-4E5B-EBDD-E0EB-AF758B95C36A
17.415012,-50.03136,2,B2EE7EC5-4E5B-EBDD-E0EB-AF758B95C36A
61.818676,5.8646197,2,B2EE7EC5-4E5B-EBDD-E0EB-AF758B95C36A
29.358627,-58.76634,2,B2EE7EC5-4E5B-EBDD-E0EB-AF758B95C36A
27.326946,-57.927876,2,B2EE7EC5-4E5B-EBDD-E0EB-AF758B95C36A
58.593853,10.891183,2,B2EE7EC5-4E5B-EBDD-E0EB-AF758B95C36A
18.733673,-49.26725,2,B2EE7EC5-4E5B-EBDD-E0EB-AF758B95C36A
9.600441,-35.982403,0,B2EE7EC5-4E5B-EBDD-E0EB-AF758B95C36A
9.995125,-45.004345,0,B2EE7EC5-4E5B-EBDD-E0EB-AF758B95C36A
8.160068,-37.53357,0,B2EE7EC5-4E5B-EBDD-E0EB-AF758B95C36A
-6.6314836,-13.777123,1,B2EE7EC5-4E5B-EBDD-E0EB-AF758B95C36A
-23.844568,-28.821693,1,B2EE7EC5-4E5B-EBDD-E0EB-AF758B95C36A
-11.348238,-35.865112,1,B2EE7EC5-4E5B-EBDD-E0EB-AF758B95C36A
-17.570185,-34.230568,1,B2EE7EC5-4E5B-EBDD-E0EB-AF758B95C36A
-23.911465,-27.134035,1,B2EE7EC5-4E5B-EBDD-E0EB-AF758B95C36A
-3.725517,-16.037313,1,B2EE7EC5-4E5B-EBDD-E0EB-AF758B95C36A
10.47211,18.115358,1,B2EE7EC5-4E5B-EBDD-E0EB-AF758B95C36A
41.54783,-13.79407,1,B2EE7EC5-4E5B-EBDD-E0EB-AF758B95C36A
10.154316,-36.423523,1,B2EE7EC5-4E5B-EBDD-E0EB-AF758B95C36A
13.085435,-49.820484,1,B2EE7EC5-4E5B-EBDD-E0EB-AF758B95C36A
7.3835196,-43.46473,1,B2EE7EC5-4E5B-EBDD-E0EB-AF758B95C36A
7.279427,-43.45406,1,B2EE7EC5-4E5B-EBDD-E0EB-AF758B95C36A
-2.2942824,-0.6208361,2,B2EE7EC5-4E5B-EBDD-E0EB-AF758B95C36A
-12.705015,3.669317,2,B2EE7EC5-4E5B-EBDD-E0EB-AF758B95C36A
-22.905716,-25.313057,1,B2EE7EC5-4E5B-EBDD-E0EB-AF758B95C36A
-44.390846,-9.036298,1,B2EE7EC5-4E5B-EBDD-E0EB-AF758B95C36A
-43.124744,-20.379461,1,B2EE7EC5-4E5B-EBDD-E0EB-AF758B95C36A
-45.564766,-11.078456,1,B2EE7EC5-4E5B-EBDD-E0EB-AF758B95C36A
8.275744,-36.48583,1,B2EE7EC5-4E5B-EBDD-E0EB-AF758B95C36A
55.57073,15.723284,1,B2EE7EC5-4E5B-EBDD-E0EB-AF758B95C36A
19.374855,24.648932,1,B2EE7EC5-4E5B-EBDD-E0EB-AF758B95C36A
28.369186,4.0241704,1,B2EE7EC5-4E5B-EBDD-E0EB-AF758B95C36A
12.489492,13.059344,1,B2EE7EC5-4E5B-EBDD-E0EB-AF758B95C36A
13.056393,12.068443,1,B2EE7EC5-4E5B-EBDD-E0EB-AF758B95C36A
25.01768,-53.17448,2,B2EE7EC5-4E5B-EBDD-E0EB-AF758B95C36A
21.498398,-42.98657,2,B2EE7EC5-4E5B-EBDD-E0EB-AF758B95C36A
61.66988,6.135601,2,B2EE7EC5-4E5B-EBDD-E0EB-AF758B95C36A
25.364412,-59.20256,2,B2EE7EC5-4E5B-EBDD-E0EB-AF758B95C36A
60.781315,6.1248474,2,B2EE7EC5-4E5B-EBDD-E0EB-AF758B95C36A
20.64443,-32.486664,1,B2EE7EC5-4E5B-EBDD-E0EB-AF758B95C36A
-25.109203,-27.065641,2,B3CE5256-6F65-85EB-0078-689BD5CC1B17
-44.798763,-24.508848,2,B3CE5256-6F65-85EB-0078-689BD5CC1B17
-25.16221,-27.145176,2,B3CE5256-6F65-85EB-0078-689BD5CC1B17
-14.886971,2.7144454,2,B3CE5256-6F65-85EB-0078-689BD5CC1B17
2.662357,31.064234,2,B3CE5256-6F65-85EB-0078-689BD5CC1B17
24.176952,23.782438,2,B3CE5256-6F65-85EB-0078-689BD5CC1B17
30.351498,12.618529,2,B3CE5256-6F65-85EB-0078-689BD5CC1B17
32.22855,11.80453,2,B3CE5256-6F65-85EB-0078-689BD5CC1B17
-7.2275853,-12.981305,2,B3CE5256-6F65-85EB-0078-689BD5CC1B17
-11.504479,-35.260025,2,B3CE5256-6F65-85EB-0078-689BD5CC1B17
-39.330135,-10.805312,2,B3CE5256-6F65-85EB-0078-689BD5CC1B17
-42.164528,-12.092641,0,B3CE5256-6F65-85EB-0078-689BD5CC1B17
38.57859,-11.277891,0,B3CE5256-6F65-85EB-0078-689BD5CC1B17
21.54082,-0.86499476,0,B3CE5256-6F65-85EB-0078-689BD5CC1B17
18.525877,-24.19136,2,B3CE5256-6F65-85EB-0078-689BD5CC1B17
16.646711,-22.596317,2,B3CE5256-6F65-85EB-0078-689BD5CC1B17
13.571355,-20.725416,2,B3CE5256-6F65-85EB-0078-689BD5CC1B17
20.865553,-25.921808,2,B3CE5256-6F65-85EB-0078-689BD5CC1B17
8.80371,-24.004728,0,B3CE5256-6F65-85EB-0078-689BD5CC1B17
15.361077,-40.246593,0,B3CE5256-6F65-85EB-0078-689BD5CC1B17
16.076408,-46.11227,0,B3CE5256-6F65-85EB-0078-689BD5CC1B17
16.098139,-46.069607,0,B3CE5256-6F65-85EB-0078-689BD5CC1B17
65.05666,-11.367037,2,B3CE5256-6F65-85EB-0078-689BD5CC1B17
65.10745,-11.385542,2,B3CE5256-6F65-85EB-0078-689BD5CC1B17
-40.984623,3.587972,1,B6EE5F90-8F59-D3CF-C449-59216B28207B
-7.366814,52.281906,0,B6EE5F90-8F59-D3CF-C449-59216B28207B
-8.250403,51.76539,0,B6EE5F90-8F59-D3CF-C449-59216B28207B
-37.29924,6.5002446,0,B6EE5F90-8F59-D3CF-C449-59216B28207B
-48.415276,-0.20704335,0,B6EE5F90-8F59-D3CF-C449-59216B28207B
-7.513826,51.031563,0,B6EE5F90-8F59-D3CF-C449-59216B28207B
-3.4101176,0.42928705,1,B6EE5F90-8F59-D3CF-C449-59216B28207B
-4.157564,4.37148,1,B6EE5F90-8F59-D3CF-C449-59216B28207B
-4.2429824,4.5451427,1,B6EE5F90-8F59-D3CF-C449-59216B28207B
24.200771,29.11726,1,B6EE5F90-8F59-D3CF-C449-59216B28207B
37.09294,2.0767992,1,B6EE5F90-8F59-D3CF-C449-59216B28207B
11.879219,-38.92011,1,B6EE5F90-8F59-D3CF-C449-59216B28207B
21.711628,18.199661,2,B6EE5F90-8F59-D3CF-C449-59216B28207B
27.809017,2.8207867,2,B6EE5F90-8F59-D3CF-C449-59216B28207B
21.685886,-0.048701067,2,B6EE5F90-8F59-D3CF-C449-59216B28207B
11.329696,-19.657047,1,B6EE5F90-8F59-D3CF-C449-59216B28207B
21.540728,-0.23593353,0,B6EE5F90-8F59-D3CF-C449-59216B28207B
10.92514,11.677148,0,B6EE5F90-8F59-D3CF-C449-59216B28207B
12.046149,-45.103043,2,B9FD0C60-33D3-E99E-2475-815EAD5C89C2
8.974942,-36.366707,2,B9FD0C60-33D3-E99E-2475-815EAD5C89C2
23.292208,25.569262,0,B9FD0C60-33D3-E99E-2475-815EAD5C89C2
26.958689,22.786709,0,B9FD0C60-33D3-E99E-2475-815EAD5C89C2
16.806444,31.26247,0,B9FD0C60-33D3-E99E-2475-815EAD5C89C2
-13.544939,-0.12485883,0,B9FD0C60-33D3-E99E-2475-815EAD5C89C2
-14.717423,1.7342205,2,B9FD0C60-33D3-E99E-2475-815EAD5C89C2
-25.856075,-26.607416,0,B9FD0C60-33D3-E99E-2475-815EAD5C89C2
-37.48674,8.400686,0,B9FD0C60-33D3-E99E-2475-815EAD5C89C2
-38.08455,8.019047,0,B9FD0C60-33D3-E99E-2475-815EAD5C89C2
-5.3012347,52.488148,0,B9FD0C60-33D3-E99E-2475-815EAD5C89C2
-36.621292,7.469903,1,B9FD0C60-33D3-E99E-2475-815EAD5C89C2
8.17032,23.1459,0,B9FD0C60-33D3-E99E-2475-815EAD5C89C2
19.524578,3.4101353,0,B9FD0C60-33D3-E99E-2475-815EAD5C89C2
16.012554,20.861841,2,B9FD0C60-33D3-E99E-2475-815EAD5C89C2
3.048129,24.62518,2,B9FD0C60-33D3-E99E-2475-815EAD5C89C2
-1.3175833,-0.96040094,2,B9FD0C60-33D3-E99E-2475-815EAD5C89C2
-6.5409265,-2.3667006,2,B9FD0C60-33D3-E99E-2475-815EAD5C89C2
-33.986294,33.145424,0,B9FD0C60-33D3-E99E-2475-815EAD5C89C2
-64.83858,17.295664,0,B9FD0C60-33D3-E99E-2475-815EAD5C89C2
-35.615856,33.170372,0,B9FD0C60-33D3-E99E-2475-815EAD5C89C2
-65.1444,16.932707,0,B9FD0C60-33D3-E99E-2475-815EAD5C89C2
-35.629204,33.234615,2,B9FD0C60-33D3-E99E-2475-815EAD5C89C2
-35.659233,33.254654,2,B9FD0C60-33D3-E99E-2475-815EAD5C89C2
-9.386577,-2.087762,1,BAAA2876-D490-2AB5-0A98-6EB94C7FC331
-14.495134,1.7404144,1,BAAA2876-D490-2AB5-0A98-6EB94C7FC331
-28.649649,-22.383652,1,BAAA2876-D490-2AB5-0A98-6EB94C7FC331
-43.342342,-17.440807,1,BAAA2876-D490-2AB5-0A98-6EB94C7FC331
-42.1249,-11.745857,1,BAAA2876-D490-2AB5-0A98-6EB94C7FC331
-42.058308,5.0199537,1,BAAA2876-D490-2AB5-0A98-6EB94C7FC331
-45.687675,-10.560742,1,BAAA2876-D490-2AB5-0A98-6EB94C7FC331
-32.315403,-21.989088,1,BAAA2876-D490-2AB5-0A98-6EB94C7FC331
-33.339527,-23.25835,1,BAAA2876-D490-2AB5-0A98-6EB94C7FC331
-31.524673,-26.61112,1,BAAA2876-D490-2AB5-0A98-6EB94C7FC331
-6.017307,4.1132226,1,BAAA2876-D490-2AB5-0A98-6EB94C7FC331
10.765201,25.771057,1,BAAA2876-D490-2AB5-0A98-6EB94C7FC331
23.952595,21.213173,1,BAAA2876-D490-2AB5-0A98-6EB94C7FC331
34.188896,5.213418,0,BAAA2876-D490-2AB5-0A98-6EB94C7FC331
43.98624,-10.218846,0,BAAA2876-D490-2AB5-0A98-6EB94C7FC331
44.3466,-10.844338,0,BAAA2876-D490-2AB5-0A98-6EB94C7FC331
31.137148,4.7598705,0,BAAA2876-D490-2AB5-0A98-6EB94C7FC331
29.579496,7.4577074,0,BAAA2876-D490-2AB5-0A98-6EB94C7FC331
22.899876,-55.746788,2,BAAA2876-D490-2AB5-0A98-6EB94C7FC331
19.562447,-51.92114,1,BAAA2876-D490-2AB5-0A98-6EB94C7FC331
61.364826,8.735415,1,BAAA2876-D490-2AB5-0A98-6EB94C7FC331
18.82046,-51.917934,1,BAAA2876-D490-2AB5-0A98-6EB94C7FC331
10.251914,-43.672623,1,BAAA2876-D490-2AB5-0A98-6EB94C7FC331
41.801964,-9.040583,2,BAAA2876-D490-2AB5-0A98-6EB94C7FC331
24.262331,2.00522,0,BAAA2876-D490-2AB5-0A98-6EB94C7FC331
-1.266671,-0.6326919,0,BAAA2876-D490-2AB5-0A98-6EB94C7FC331
1.5342823,-5.918284,0,BAAA2876-D490-2AB5-0A98-6EB94C7FC331
1.1684569,-5.5351253,0,BAAA2876-D490-2AB5-0A98-6EB94C7FC331
7.6566496,22.4078,0,BAAA2876-D490-2AB5-0A98-6EB94C7FC331
19.530615,2.72069,1,BAAA2876-D490-2AB5-0A98-6EB94C7FC331
-26.592136,-28.131569,2,BC7EE230-0AF9-3AC5-24E5-8EC4B0B432A8
-14.47128,-2.871849,2,BC7EE230-0AF9-3AC5-24E5-8EC4B0B432A8
-15.982702,-0.5903321,2,BC7EE230-0AF9-3AC5-24E5-8EC4B0B432A8
-8.67249,-2.1159267,0,BC7EE230-0AF9-3AC5-24E5-8EC4B0B432A8
36.007015,2.452828,2,BC7EE230-0AF9-3AC5-24E5-8EC4B0B432A8
14.674415,-19.828337,2,BC7EE230-0AF9-3AC5-24E5-8EC4B0B432A8
20.622541,-30.293932,2,BC7EE230-0AF9-3AC5-24E5-8EC4B0B432A8
20.237421,0.016594177,2,BC7EE230-0AF9-3AC5-24E5-8EC4B0B432A8
3.9906683,23.661385,2,BC7EE230-0AF9-3AC5-24E5-8EC4B0B432A8
0.5792795,-6.4862895,2,BC7EE230-0AF9-3AC5-24E5-8EC4B0B432A8
4.7580047,22.266397,2,BC7EE230-0AF9-3AC5-24E5-8EC4B0B432A8
6.0425134,20.879742,2,BC7EE230-0AF9-3AC5-24E5-8EC4B0B432A8
20.21577,0.0023121499,2,BC7EE230-0AF9-3AC5-24E5-8EC4B0B432A8
20.215504,3.3692636,0,BC7EE230-0AF9-3AC5-24E5-8EC4B0B432A8
16.534712,-22.588194,0,BC7EE230-0AF9-3AC5-24E5-8EC4B0B432A8
16.590958,-22.759506,0,BC7EE230-0AF9-3AC5-24E5-8EC4B0B432A8
21.664122,-29.090685,0,BC7EE230-0AF9-3AC5-24E5-8EC4B0B432A8
14.036058,-20.981215,0,BC7EE230-0AF9-3AC5-24E5-8EC4B0B432A8
19.210613,-36.71174,0,BD35F47E-4F73-8664-B165-98D2BF2CDA48
19.981232,-23.677181,2,BD35F47E-4F73-8664-B165-98D2BF2CDA48
20.145569,-34.865005,2,BD35F47E-4F73-8664-B165-98D2BF2CDA48
15.045364,-21.475262,2,BD35F47E-4F73-8664-B165-98D2BF2CDA48
28.405523,4.655017,0,BD35F47E-4F73-8664-B165-98D2BF2CDA48
22.559952,18.930378,0,BD35F47E-4F73-8664-B165-98D2BF2CDA48
-40.31751,-21.426891,2,BD35F47E-4F73-8664-B165-98D2BF2CDA48
-18.081007,-38.129814,2,BD35F47E-4F73-8664-B165-98D2BF2CDA48
-17.834631,-37.41573,0,BD35F47E-4F73-8664-B165-98D2BF2CDA48
-42.57826,-20.95611,0,BD35F47E-4F73-8664-B165-98D2BF2CDA48
-42.562664,-21.016336,0,BD35F47E-4F73-8664-B165-98D2BF2CDA48
-45.741024,-13.049031,0,BD35F47E-4F73-8664-B165-98D2BF2CDA48
-24.27774,46.489998,0,BD35F47E-4F73-8664-B165-98D2BF2CDA48
-16.994078,53.677197,0,BD35F47E-4F73-8664-B165-98D2BF2CDA48
-11.61075,54.459835,0,BD35F47E-4F73-8664-B165-98D2BF2CDA48
-36.894726,10.733376,2,BD35F47E-4F73-8664-B165-98D2BF2CDA48
-36.225468,-12.66573,2,BD35F47E-4F73-8664-B165-98D2BF2CDA48
-46.243702,-25.09963,2,BD35F47E-4F73-8664-B165-98D2BF2CDA48
7.029383,-31.171745,2,BD35F47E-4F73-8664-B165-98D2BF2CDA48
38.55929,4.4436736,2,BD35F47E-4F73-8664-B165-98D2BF2CDA48
14.733453,31.69151,2,BD35F47E-4F73-8664-B165-98D2BF2CDA48
-15.825639,6.9823966,2,BD35F47E-4F73-8664-B165-98D2BF2CDA48
-39.98429,11.172146,2,BD35F47E-4F73-8664-B165-98D2BF2CDA48
-14.994611,54.42156,2,BD35F47E-4F73-8664-B165-98D2BF2CDA48
8.087068,-35.630745,1,C24A665A-6B67-FDEA-04A4-C2DA3AF79D51
52.710857,17.764988,2,C24A665A-6B67-FDEA-04A4-C2DA3AF79D51
12.338043,32.19948,2,C24A665A-6B67-FDEA-04A4-C2DA3AF79D51
-13.661545,0.34365913,2,C24A665A-6B67-FDEA-04A4-C2DA3AF79D51
-27.674503,-23.300514,2,C24A665A-6B67-FDEA-04A4-C2DA3AF79D51
-43.756443,-23.794538,2,C24A665A-6B67-FDEA-04A4-C2DA3AF79D51
-8.434028,8.182945,2,C24A665A-6B67-FDEA-04A4-C2DA3AF79D51
-11.871761,6.9054794,2,C24A665A-6B67-FDEA-04A4-C2DA3AF79D51
-29.696424,-28.32354,2,C24A665A-6B67-FDEA-04A4-C2DA3AF79D51
-8.322975,8.181323,1,C24A665A-6B67-FDEA-04A4-C2DA3AF79D51
-47.762524,-18.937325,2,C24A665A-6B67-FDEA-04A4-C2DA3AF79D51
-44.049503,-5.3830853,2,C24A665A-6B67-FDEA-04A4-C2DA3AF79D51
-40.37684,1.1900072,2,C24A665A-6B67-FDEA-04A4-C2DA3AF79D51
-40.443043,1.1023612,2,C24A665A-6B67-FDEA-04A4-C2DA3AF79D51
-41.976074,-5.277371,2,C24A665A-6B67-FDEA-04A4-C2DA3AF79D51
-5.692206,51.53275,2,C24A665A-6B67-FDEA-04A4-C2DA3AF79D51
-38.823036,2.3287108,1,C24A665A-6B67-FDEA-04A4-C2DA3AF79D51
-36.549915,5.9530783,1,C24A665A-6B67-FDEA-04A4-C2DA3AF79D51
26.837439,54.662403,0,C24A665A-6B67-FDEA-04A4-C2DA3AF79D51
20.077782,-49.274364,0,C24A665A-6B67-FDEA-04A4-C2DA3AF79D51
20.028112,-49.337772,0,C24A665A-6B67-FDEA-04A4-C2DA3AF79D51
60.819355,6.3295293,0,C24A665A-6B67-FDEA-04A4-C2DA3AF79D51
-10.199815,5.5481424,2,C5DC661F-E2D6-2B65-4765-77C8B81D2488
-13.607235,6.2717013,2,C5DC661F-E2D6-2B65-4765-77C8B81D2488
-13.572773,6.1136065,2,C5DC661F-E2D6-2B65-4765-77C8B81D2488
-10.958931,-0.7107125,2,C5DC661F-E2D6-2B65-4765-77C8B81D2488
-15.096534,2.399064,2,C5DC661F-E2D6-2B65-4765-77C8B81D2488
-25.172049,-27.306177,2,C5DC661F-E2D6-2B65-4765-77C8B81D2488
-20.508423,53.49359,2,C5DC661F-E2D6-2B65-4765-77C8B81D2488
-20.398762,53.577682,2,C5DC661F-E2D6-2B65-4765-77C8B81D2488
-16.07132,4.0830274,1,C8BB6C15-19FA-A17A-5945-6202803016D7
-13.906401,1.7080939,0,C8BB6C15-19FA-A17A-5945-6202803016D7
-3.4347467,-16.402225,0,C8BB6C15-19FA-A17A-5945-6202803016D7
-4.9286647,-12.905922,0,C8BB6C15-19FA-A17A-5945-6202803016D7
9.558863,28.878132,0,C8BB6C15-19FA-A17A-5945-6202803016D7
26.532137,10.616731,0,C8BB6C15-19FA-A17A-5945-6202803016D7
43.226364,-13.531243,1,C8BB6C15-19FA-A17A-5945-6202803016D7
36.32853,2.7058704,0,C8BB6C15-19FA-A17A-5945-6202803016D7
24.681332,18.98844,0,C8BB6C15-19FA-A17A-5945-6202803016D7
-5.6431084,-12.222859,0,C8BB6C15-19FA-A17A-5945-6202803016D7
-5.503451,-12.642868,0,C8BB6C15-19FA-A17A-5945-6202803016D7
21.762589,23.566036,0,C8BB6C15-19FA-A17A-5945-6202803016D7
-30.345413,-27.266027,2,C8BB6C15-19FA-A17A-5945-6202803016D7
-8.807388,5.2553205,2,C8BB6C15-19FA-A17A-5945-6202803016D7
6.1246934,30.743307,2,C8BB6C15-19FA-A17A-5945-6202803016D7
-5.002007,-0.20144863,2,C8BB6C15-19FA-A17A-5945-6202803016D7
-5.0657086,-16.98136,0,C8BB6C15-19FA-A17A-5945-6202803016D7
-4.925712,-12.849162,0,C8BB6C15-19FA-A17A-5945-6202803016D7
56.288597,15.925908,2,C8BB6C15-19FA-A17A-5945-6202803016D7
23.108902,-56.98668,2,C8BB6C15-19FA-A17A-5945-6202803016D7
27.300049,52.61756,1,C8BB6C15-19FA-A17A-5945-6202803016D7
25.805195,51.214695,1,C8BB6C15-19FA-A17A-5945-6202803016D7
62.329826,6.814801,1,C8BB6C15-19FA-A17A-5945-6202803016D7
61.58988,7.801109,1,C8BB6C15-19FA-A17A-5945-6202803016D7
40.720985,-7.5528564,0,CCA3ABC5-DCCE-0BBE-5327-E65AE52A195D
57.217464,15.506802,0,CCA3ABC5-DCCE-0BBE-5327-E65AE52A195D
54.817005,17.709995,1,CCA3ABC5-DCCE-0BBE-5327-E65AE52A195D
54.660812,17.94513,2,CCA3ABC5-DCCE-0BBE-5327-E65AE52A195D
27.557524,59.91261,2,CCA3ABC5-DCCE-0BBE-5327-E65AE52A195D
10.516938,-45.248013,2,CCA3ABC5-DCCE-0BBE-5327-E65AE52A195D
55.678062,23.346401,0,CCA3ABC5-DCCE-0BBE-5327-E65AE52A195D
-45.17343,-22.356482,2,CCA3ABC5-DCCE-0BBE-5327-E65AE52A195D
-45.027237,-22.383816,2,CCA3ABC5-DCCE-0BBE-5327-E65AE52A195D
-8.898283,1.1534537,2,CCA3ABC5-DCCE-0BBE-5327-E65AE52A195D
14.040901,29.68027,2,CCA3ABC5-DCCE-0BBE-5327-E65AE52A195D
12.436383,30.142942,2,CCA3ABC5-DCCE-0BBE-5327-E65AE52A195D
-47.384018,-22.328138,0,CCA3ABC5-DCCE-0BBE-5327-E65AE52A195D
-12.512089,-36.56858,0,CCA3ABC5-DCCE-0BBE-5327-E65AE52A195D
-48.850185,-21.417585,0,CCA3ABC5-DCCE-0BBE-5327-E65AE52A195D
-49.94328,-18.134752,0,CCA3ABC5-DCCE-0BBE-5327-E65AE52A195D
-25.263847,-34.12954,0,CCA3ABC5-DCCE-0BBE-5327-E65AE52A195D
-33.263054,-24.644669,0,CCA3ABC5-DCCE-0BBE-5327-E65AE52A195D
-44.744053,-9.608917,0,CD5833CD-93D3-318C-371A-18A32DEFC38B
-10.607671,11.5632105,0,CD5833CD-93D3-318C-371A-18A32DEFC38B
7.4032965,24.100761,0,CD5833CD-93D3-318C-371A-18A32DEFC38B
4.107361,24.069542,0,CD5833CD-93D3-318C-371A-18A32DEFC38B
6.362304,22.364304,0,CD5833CD-93D3-318C-371A-18A32DEFC38B
23.763538,2.0923042,0,CD5833CD-93D3-318C-371A-18A32DEFC38B
0.6869919,-7.120035,0,CD5833CD-93D3-318C-371A-18A32DEFC38B
6.498115,22.763317,0,CD5833CD-93D3-318C-371A-18A32DEFC38B
21.586695,-0.09647095,0,CD5833CD-93D3-318C-371A-18A32DEFC38B
18.212044,-23.789677,0,CD5833CD-93D3-318C-371A-18A32DEFC38B
10.169409,-20.021746,0,CD5833CD-93D3-318C-371A-18A32DEFC38B
-6.5194407,23.392109,1,CD5833CD-93D3-318C-371A-18A32DEFC38B
-13.90144,53.84358,0,CD5833CD-93D3-318C-371A-18A32DEFC38B
-15.119933,54.317604,0,CD5833CD-93D3-318C-371A-18A32DEFC38B
-16.417109,54.755833,0,CD5833CD-93D3-318C-371A-18A32DEFC38B
-16.273413,54.890507,2,CD5833CD-93D3-318C-371A-18A32DEFC38B
-16.654242,54.405468,2,CD5833CD-93D3-318C-371A-18A32DEFC38B
-14.838679,54.21646,2,CD5833CD-93D3-318C-371A-18A32DEFC38B
-11.303938,27.048912,2,CD5833CD-93D3-318C-371A-18A32DEFC38B
-6.322434,47.131466,2,CD5833CD-93D3-318C-371A-18A32DEFC38B
-6.320492,47.124306,2,CD5833CD-93D3-318C-371A-18A32DEFC38B
-17.577814,16.074936,2,CD5833CD-93D3-318C-371A-18A32DEFC38B
-6.523122,46.951008,2,CD5833CD-93D3-318C-371A-18A32DEFC38B
-6.631379,54.69987,0,CD5833CD-93D3-318C-371A-18A32DEFC38B
25.815681,51.208836,1,D0F7ABC0-F552-63CD-CAC6-6703C39B83CA
27.726725,53.484325,1,D0F7ABC0-F552-63CD-CAC6-6703C39B83CA
27.356434,53.926384,2,D0F7ABC0-F552-63CD-CAC6-6703C39B83CA
23.028282,-55.75659,2,D0F7ABC0-F552-63CD-CAC6-6703C39B83CA
8.931199,-43.187603,2,D0F7ABC0-F552-63CD-CAC6-6703C39B83CA
8.796331,-43.262703,2,D0F7ABC0-F552-63CD-CAC6-6703C39B83CA
52.204357,17.134216,1,D0F7ABC0-F552-63CD-CAC6-6703C39B83CA
31.6223,4.8173943,1,D0F7ABC0-F552-63CD-CAC6-6703C39B83CA
34.184677,5.446774,2,D0F7ABC0-F552-63CD-CAC6-6703C39B83CA
23.6567,21.007315,2,D0F7ABC0-F552-63CD-CAC6-6703C39B83CA
-3.0469556,-12.225068,2,D0F7ABC0-F552-63CD-CAC6-6703C39B83CA
7.8834887,26.174393,2,D0F7ABC0-F552-63CD-CAC6-6703C39B83CA
11.792638,-38.590355,1,D0F7ABC0-F552-63CD-CAC6-6703C39B83CA
10.155167,-35.53742,1,D0F7ABC0-F552-63CD-CAC6-6703C39B83CA
9.055379,-31.19867,1,D0F7ABC0-F552-63CD-CAC6-6703C39B83CA
31.403927,6.2010407,1,D0F7ABC0-F552-63CD-CAC6-6703C39B83CA
16.207672,21.084093,1,D0F7ABC0-F552-63CD-CAC6-6703C39B83CA
-24.793844,-21.30213,1,D0F7ABC0-F552-63CD-CAC6-6703C39B83CA
-6.6053653,23.382494,1,D0F7ABC0-F552-63CD-CAC6-6703C39B83CA
-6.099273,23.453323,1,D0F7ABC0-F552-63CD-CAC6-6703C39B83CA
-23.260311,-20.020584,1,D0F7ABC0-F552-63CD-CAC6-6703C39B83CA
-25.02065,-20.373135,1,D0F7ABC0-F552-63CD-CAC6-6703C39B83CA
-18.780024,-25.308208,1,D0F7ABC0-F552-63CD-CAC6-6703C39B83CA
-40.052647,-21.56197,1,D0F7ABC0-F552-63CD-CAC6-6703C39B83CA
60.2152,5.9589376,1,D0F7ABC0-F552-63CD-CAC6-6703C39B83CA
18.870022,-35.270786,1,D0F7ABC0-F552-63CD-CAC6-6703C39B83CA
20.118422,-22.154398,1,D0F7ABC0-F552-63CD-CAC6-6703C39B83CA
9.516336,-29.944965,1,D0F7ABC0-F552-63CD-CAC6-6703C39B83CA
18.554453,7.2546673,1,D0F7ABC0-F552-63CD-CAC6-6703C39B83CA
9.942927,-27.07726,1,D0F7ABC0-F552-63CD-CAC6-6703C39B83CA
27.17313,55.031315,2,D51A5648-0039-8CB1-45CB-C51E5ABA8BCC
15.812759,-49.151173,2,D51A5648-0039-8CB1-45CB-C51E5ABA8BCC
26.319134,-57.70321,2,D51A5648-0039-8CB1-45CB-C51E5ABA8BCC
14.142441,-49.474915,0,D51A5648-0039-8CB1-45CB-C51E5ABA8BCC
26.824121,10.627476,0,D51A5648-0039-8CB1-45CB-C51E5ABA8BCC
-9.450151,-2.4935837,0,D51A5648-0039-8CB1-45CB-C51E5ABA8BCC
-15.008442,3.7607129,0,D51A5648-0039-8CB1-45CB-C51E5ABA8BCC
-18.066128,-34.776173,1,D51A5648-0039-8CB1-45CB-C51E5ABA8BCC
-15.596899,0.9590618,1,D51A5648-0039-8CB1-45CB-C51E5ABA8BCC
-23.908476,-27.445282,1,D51A5648-0039-8CB1-45CB-C51E5ABA8BCC
-15.033913,3.8204668,1,D51A5648-0039-8CB1-45CB-C51E5ABA8BCC
-10.994041,-35.384212,2,D51A5648-0039-8CB1-45CB-C51E5ABA8BCC
26.462221,10.838558,0,D51A5648-0039-8CB1-45CB-C51E5ABA8BCC
35.783546,4.2321677,0,D51A5648-0039-8CB1-45CB-C51E5ABA8BCC
25.284817,20.392336,0,D51A5648-0039-8CB1-45CB-C51E5ABA8BCC
-4.6749234,-12.895012,0,D51A5648-0039-8CB1-45CB-C51E5ABA8BCC
-5.528076,-7.5403438,0,D51A5648-0039-8CB1-45CB-C51E5ABA8BCC
-5.600589,-6.9488244,0,D51A5648-0039-8CB1-45CB-C51E5ABA8BCC
20.270332,-26.523949,0,D57F474B-B38C-E9AF-73CC-2CF16EED3827
19.830256,-30.615364,0,D57F474B-B38C-E9AF-73CC-2CF16EED3827
13.715142,-38.564774,0,D57F474B-B38C-E9AF-73CC-2CF16EED3827
13.171221,-44.76901,0,D57F474B-B38C-E9AF-73CC-2CF16EED3827
20.967482,-25.419085,0,D57F474B-B38C-E9AF-73CC-2CF16EED3827
27.486092,9.624685,0,D57F474B-B38C-E9AF-73CC-2CF16EED3827
-64.975845,10.614345,1,D57F474B-B38C-E9AF-73CC-2CF16EED3827
-64.781105,13.30887,1,D57F474B-B38C-E9AF-73CC-2CF16EED3827
-33.812878,33.395355,1,D57F474B-B38C-E9AF-73CC-2CF16EED3827
-36.117702,34.64657,1,D57F474B-B38C-E9AF-73CC-2CF16EED3827
-36.652164,35.63735,1,D57F474B-B38C-E9AF-73CC-2CF16EED3827
-33.403374,34.05611,1,D57F474B-B38C-E9AF-73CC-2CF16EED3827
-25.440031,39.51782,0,D57F474B-B38C-E9AF-73CC-2CF16EED3827
-23.93984,45.259434,2,D57F474B-B38C-E9AF-73CC-2CF16EED3827
-8.31418,55.041985,2,D57F474B-B38C-E9AF-73CC-2CF16EED3827
-37.12562,-12.690988,2,D57F474B-B38C-E9AF-73CC-2CF16EED3827
-25.240183,-24.56213,2,D57F474B-B38C-E9AF-73CC-2CF16EED3827
-25.19247,-24.526188,2,D57F474B-B38C-E9AF-73CC-2CF16EED3827
18.372087,-50.01817,2,D6D11A63-A131-4E74-041D-6E3BD8EFF8FF
19.221846,-36.76078,2,D6D11A63-A131-4E74-041D-6E3BD8EFF8FF
18.835588,-49.284702,2,D6D11A63-A131-4E74-041D-6E3BD8EFF8FF
28.481236,-58.844143,2,D6D11A63-A131-4E74-041D-6E3BD8EFF8FF
12.185107,-45.149918,2,D6D11A63-A131-4E74-041D-6E3BD8EFF8FF
34.57329,3.0438643,2,D6D11A63-A131-4E74-041D-6E3BD8EFF8FF
11.074176,25.800137,2,D6D11A63-A131-4E74-041D-6E3BD8EFF8FF
-11.760103,6.942618,2,D6D11A63-A131-4E74-041D-6E3BD8EFF8FF
-25.509731,-33.77165,2,D6D11A63-A131-4E74-041D-6E3BD8EFF8FF
-23.608683,-35.632626,2,D6D11A63-A131-4E74-041D-6E3BD8EFF8FF
-23.758858,-34.99158,2,D6D11A63-A131-4E74-041D-6E3BD8EFF8FF
-23.215014,-36.86182,2,D6D11A63-A131-4E74-041D-6E3BD8EFF8FF
-43.02416,-23.028671,0,D6D11A63-A131-4E74-041D-6E3BD8EFF8FF
-22.871647,-24.138554,0,D6D11A63-A131-4E74-041D-6E3BD8EFF8FF
-21.248444,-26.254498,0,D6D11A63-A131-4E74-041D-6E3BD8EFF8FF
-18.55044,-25.957954,0,D6D11A63-A131-4E74-041D-6E3BD8EFF8FF
-23.580069,-22.80156,2,D6D11A63-A131-4E74-041D-6E3BD8EFF8FF
20.226725,22.21991,2,D6D11A63-A131-4E74-041D-6E3BD8EFF8FF
-2.4955516,-4.811364,2,D6D11A63-A131-4E74-041D-6E3BD8EFF8FF
-7.019783,8.029211,2,D6D11A63-A131-4E74-041D-6E3BD8EFF8FF
0.23956825,-7.517138,2,D6D11A63-A131-4E74-041D-6E3BD8EFF8FF
-2.0530453,-1.0025339,2,D6D11A63-A131-4E74-041D-6E3BD8EFF8FF
-7.0559964,8.334864,2,D6D11A63-A131-4E74-041D-6E3BD8EFF8FF
-7.0280533,8.237765,2,D6D11A63-A131-4E74-041D-6E3BD8EFF8FF
-31.34765,-28.655672,2,DA2856BC-D181-9AF0-DC9A-99A9444D5579
-29.22579,-29.183844,2,DA2856BC-D181-9AF0-DC9A-99A9444D5579
-29.859083,-29.131653,2,DA2856BC-D181-9AF0-DC9A-99A9444D5579
3.89767,24.973757,1,DA2856BC-D181-9AF0-DC9A-99A9444D5579
26.912159,4.1806064,2,DA2856BC-D181-9AF0-DC9A-99A9444D5579
22.05054,-33.71625,2,DA2856BC-D181-9AF0-DC9A-99A9444D5579
12.936576,-19.749855,2,DA2856BC-D181-9AF0-DC9A-99A9444D5579
12.8472,11.417334,2,DA2856BC-D181-9AF0-DC9A-99A9444D5579
6.208442,16.115902,0,DA2856BC-D181-9AF0-DC9A-99A9444D5579
0.08173272,-3.3535287,0,DA2856BC-D181-9AF0-DC9A-99A9444D5579
-31.086485,-24.851023,0,DA2856BC-D181-9AF0-DC9A-99A9444D5579
1.9460107,-5.2085905,0,DA2856BC-D181-9AF0-DC9A-99A9444D5579
1.3485345,-5.5725102,2,DA2856BC-D181-9AF0-DC9A-99A9444D5579
1.1585214,-6.627957,2,DA2856BC-D181-9AF0-DC9A-99A9444D5579
1.0255712,-7.244368,2,DA2856BC-D181-9AF0-DC9A-99A9444D5579
-3.263414,-19.839022,0,DA2856BC-D181-9AF0-DC9A-99A9444D5579
-3.2258027,-19.89693,0,DA2856BC-D181-9AF0-DC9A-99A9444D5579
20.323778,0.0041301847,0,DA2856BC-D181-9AF0-DC9A-99A9444D5579
-33.957344,36.73463,2,DA2856BC-D181-9AF0-DC9A-99A9444D5579
-32.412018,33.872955,2,DA2856BC-D181-9AF0-DC9A-99A9444D5579
-32.878838,32.88343,2,DA2856BC-D181-9AF0-DC9A-99A9444D5579
-63.679962,16.974176,0,DA2856BC-D181-9AF0-DC9A-99A9444D5579
-63.752277,16.820173,2,DA2856BC-D181-9AF0-DC9A-99A9444D5579
-33.255493,34.147022,2,DA2856BC-D181-9AF0-DC9A-99A9444D5579
11.408023,-40.682835,2,DA2856BC-D181-9AF0-DC9A-99A9444D5579
41.281567,-5.1447654,0,DA2856BC-D181-9AF0-DC9A-99A9444D5579
0.29379722,30.97957,0,DA2856BC-D181-9AF0-DC9A-99A9444D5579
-15.764706,6.989316,2,DA2856BC-D181-9AF0-DC9A-99A9444D5579
-30.954084,-15.348843,2,DA2856BC-D181-9AF0-DC9A-99A9444D5579
-37.584248,-12.899138,2,DA2856BC-D181-9AF0-DC9A-99A9444D5579
14.748127,-49.60508,0,DBA0C8C4-AE05-772F-2E53-E6167F8ACB77
31.686014,10.62024,0,DBA0C8C4-AE05-772F-2E53-E6167F8ACB77
14.046935,12.868681,2,DBA0C8C4-AE05-772F-2E53-E6167F8ACB77
12.95154,32.25698,2,DBA0C8C4-AE05-772F-2E53-E6167F8ACB77
-8.604277,-11.76973,2,DBA0C8C4-AE05-772F-2E53-E6167F8ACB77
-16.179983,4.078124,2,DBA0C8C4-AE05-772F-2E53-E6167F8ACB77
-24.848291,-33.333614,0,DBA0C8C4-AE05-772F-2E53-E6167F8ACB77
-32.102844,-26.24215,2,DBA0C8C4-AE05-772F-2E53-E6167F8ACB77
-33.120575,-24.53191,2,DBA0C8C4-AE05-772F-2E53-E6167F8ACB77
-46.847317,-10.219506,2,DBA0C8C4-AE05-772F-2E53-E6167F8ACB77
-25.492384,-35.228283,0,DBA0C8C4-AE05-772F-2E53-E6167F8ACB77
-27.68396,-34.271534,0,DBA0C8C4-AE05-772F-2E53-E6167F8ACB77
36.54523,-9.086466,0,DBA0C8C4-AE05-772F-2E53-E6167F8ACB77
9.918214,17.948187,0,DBA0C8C4-AE05-772F-2E53-E6167F8ACB77
-16.12929,4.4209294,2,DBA0C8C4-AE05-772F-2E53-E6167F8ACB77
-40.92541,7.408337,2,DBA0C8C4-AE05-772F-2E53-E6167F8ACB77
-12.1659975,54.534904,2,DBA0C8C4-AE05-772F-2E53-E6167F8ACB77
-24.035608,42.127335,2,DBA0C8C4-AE05-772F-2E53-E6167F8ACB77
28.3011,53.65581,2,DBA0C8C4-AE05-772F-2E53-E6167F8ACB77
26.716366,53.091885,2,DBA0C8C4-AE05-772F-2E53-E6167F8ACB77
4.7329736,-36.79491,2,DBA0C8C4-AE05-772F-2E53-E6167F8ACB77
2.0035384,31.322157,2,DBA0C8C4-AE05-772F-2E53-E6167F8ACB77
-40.270535,-16.30528,0,DBA0C8C4-AE05-772F-2E53-E6167F8ACB77
-39.875103,10.992285,0,DBA0C8C4-AE05-772F-2E53-E6167F8ACB77
25.32455,55.407017,0,DC0BE0E2-B41E-3D73-47C5-5733952512CB
9.732772,-46.057766,0,DC0BE0E2-B41E-3D73-47C5-5733952512CB
24.38839,55.45494,0,DC0BE0E2-B41E-3D73-47C5-5733952512CB
11.423719,-46.309784,0,DC0BE0E2-B41E-3D73-47C5-5733952512CB
10.764282,-45.737278,0,DC0BE0E2-B41E-3D73-47C5-5733952512CB
10.950204,-31.76628,2,DC0BE0E2-B41E-3D73-47C5-5733952512CB
19.49809,-36.637486,2,DC0BE0E2-B41E-3D73-47C5-5733952512CB
22.7789,-31.161663,2,DC0BE0E2-B41E-3D73-47C5-5733952512CB
23.463,-32.04887,2,DC0BE0E2-B41E-3D73-47C5-5733952512CB
24.275356,-40.445072,0,DC0BE0E2-B41E-3D73-47C5-5733952512CB
11.049951,-31.502497,0,DC0BE0E2-B41E-3D73-47C5-5733952512CB
18.550343,22.401411,0,DC0BE0E2-B41E-3D73-47C5-5733952512CB
5.8712387,-36.707497,2,DC0BE0E2-B41E-3D73-47C5-5733952512CB
24.023668,55.71467,2,DC0BE0E2-B41E-3D73-47C5-5733952512CB
56.43416,14.861433,0,DC0BE0E2-B41E-3D73-47C5-5733952512CB
53.42572,16.43608,0,DC0BE0E2-B41E-3D73-47C5-5733952512CB
26.207823,21.13421,2,DC0BE0E2-B41E-3D73-47C5-5733952512CB
-3.6818755,-15.814502,2,DC0BE0E2-B41E-3D73-47C5-5733952512CB
-42.796677,6.302995,2,DC0BE0E2-B41E-3D73-47C5-5733952512CB
-43.5754,5.8972836,0,DC0BE0E2-B41E-3D73-47C5-5733952512CB
-40.174526,-11.18623,0,DC0BE0E2-B41E-3D73-47C5-5733952512CB
-40.243248,-5.5639486,0,DC0BE0E2-B41E-3D73-47C5-5733952512CB
-43.85782,-24.309515,0,DC0BE0E2-B41E-3D73-47C5-5733952512CB
39.748764,-7.633122,2,DCB45A10-FAF5-53E0-AB53-2D42AC9BB090
26.419718,8.608136,2,DCB45A10-FAF5-53E0-AB53-2D42AC9BB090
26.124718,9.203715,2,DCB45A10-FAF5-53E0-AB53-2D42AC9BB090
29.074497,3.529078,2,DCB45A10-FAF5-53E0-AB53-2D42AC9BB090
39.85264,-7.606885,1,DCB45A10-FAF5-53E0-AB53-2D42AC9BB090
35.51393,2.0008254,1,DCB45A10-FAF5-53E0-AB53-2D42AC9BB090
-4.8482366,-12.292733,1,DCB45A10-FAF5-53E0-AB53-2D42AC9BB090
56.881542,23.759346,1,DCB45A10-FAF5-53E0-AB53-2D42AC9BB090
-6.984077,-9.59128,1,DCB45A10-FAF5-53E0-AB53-2D42AC9BB090
11.2358265,17.19736,1,DCB45A10-FAF5-53E0-AB53-2D42AC9BB090
13.793166,13.692365,1,DCB45A10-FAF5-53E0-AB53-2D42AC9BB090
12.964956,15.3136635,1,DCB45A10-FAF5-53E0-AB53-2D42AC9BB090
-33.810307,37.158813,0,DCB45A10-FAF5-53E0-AB53-2D42AC9BB090
-26.672775,39.012707,0,DCB45A10-FAF5-53E0-AB53-2D42AC9BB090
-30.844353,34.849136,1,DCB45A10-FAF5-53E0-AB53-2D42AC9BB090
-26.682837,39.175434,2,DCB45A10-FAF5-53E0-AB53-2D42AC9BB090
-26.480196,38.894825,2,DCB45A10-FAF5-53E0-AB53-2D42AC9BB090
-62.21854,16.147974,2,DCB45A10-FAF5-53E0-AB53-2D42AC9BB090
-31.911043,32.718098,2,DCB45A10-FAF5-53E0-AB53-2D42AC9BB090
-31.896414,32.67106,2,DCB45A10-FAF5-53E0-AB53-2D42AC9BB090
-63.229786,16.384611,2,DCB45A10-FAF5-53E0-AB53-2D42AC9BB090
-25.956402,40.2845,2,DCB45A10-FAF5-53E0-AB53-2D42AC9BB090
-23.232101,42.58445,0,DCB45A10-FAF5-53E0-AB53-2D42AC9BB090
-7.4097977,55.86334,2,DCB45A10-FAF5-53E0-AB53-2D42AC9BB090
23.50121,-54.476,2,DD956DE9-DEFB-C0C6-82B4-C639A17D6782
27.58937,59.901325,2,DD956DE9-DEFB-C0C6-82B4-C639A17D6782
42.786682,-11.652236,2,DD956DE9-DEFB-C0C6-82B4-C639A17D6782
56.50396,17.614847,2,DD956DE9-DEFB-C0C6-82B4-C639A17D6782
18.444258,-47.213715,2,DD956DE9-DEFB-C0C6-82B4-C639A17D6782
27.14577,-58.230515,2,DD956DE9-DEFB-C0C6-82B4-C639A17D6782
-37.183258,12.381093,2,DD956DE9-DEFB-C0C6-82B4-C639A17D6782
-38.062313,11.720619,2,DD956DE9-DEFB-C0C6-82B4-C639A17D6782
-38.94066,11.643462,2,DD956DE9-DEFB-C0C6-82B4-C639A17D6782
-11.088115,55.049377,2,DD956DE9-DEFB-C0C6-82B4-C639A17D6782
-12.43587,53.781975,2,DD956DE9-DEFB-C0C6-82B4-C639A17D6782
-14.092161,54.44542,2,DD956DE9-DEFB-C0C6-82B4-C639A17D6782
-11.904247,53.703506,0,DD956DE9-DEFB-C0C6-82B4-C639A17D6782
-11.348499,53.21018,0,DD956DE9-DEFB-C0C6-82B4-C639A17D6782
-47.622005,-12.345068,0,DD956DE9-DEFB-C0C6-82B4-C639A17D6782
-9.274577,25.484764,0,DD956DE9-DEFB-C0C6-82B4-C639A17D6782
28.995417,1.4728534,0,DD956DE9-DEFB-C0C6-82B4-C639A17D6782
12.713301,-23.168125,0,DD956DE9-DEFB-C0C6-82B4-C639A17D6782
10.985747,29.133726,2,DE775A65-68D5-C477-E2F7-BCC1AEF0B850
-14.318873,12.7641115,2,DE775A65-68D5-C477-E2F7-BCC1AEF0B850
-21.060493,-26.971615,2,DE775A65-68D5-C477-E2F7-BCC1AEF0B850
-13.720265,2.2632885,2,DE775A65-68D5-C477-E2F7-BCC1AEF0B850
-10.215779,0.019678192,2,DE775A65-68D5-C477-E2F7-BCC1AEF0B850
-9.581433,0.6634366,2,DE775A65-68D5-C477-E2F7-BCC1AEF0B850
-43.021637,-21.298729,0,DE775A65-68D5-C477-E2F7-BCC1AEF0B850
-3.493889,-17.374743,1,DE775A65-68D5-C477-E2F7-BCC1AEF0B850
40.119354,-12.235674,1,DE775A65-68D5-C477-E2F7-BCC1AEF0B850
9.828029,-35.61038,1,DE775A65-68D5-C477-E2F7-BCC1AEF0B850
10.764678,-38.083733,1,DE775A65-68D5-C477-E2F7-BCC1AEF0B850
25.469162,-57.374664,1,DE775A65-68D5-C477-E2F7-BCC1AEF0B850
26.343103,-58.284077,1,DE775A65-68D5-C477-E2F7-BCC1AEF0B850
27.979403,-60.364555,1,DE775A65-68D5-C477-E2F7-BCC1AEF0B850
8.544995,-38.444897,2,DE775A65-68D5-C477-E2F7-BCC1AEF0B850
7.7467046,-42.961666,2,DE775A65-68D5-C477-E2F7-BCC1AEF0B850
61.582108,6.9718614,2,DE775A65-68D5-C477-E2F7-BCC1AEF0B850
12.754243,-50.592773,2,DE775A65-68D5-C477-E2F7-BCC1AEF0B850
-60.292423,12.05648,2,DE775A65-68D5-C477-E2F7-BCC1AEF0B850
-63.93402,9.9223585,0,DE775A65-68D5-C477-E2F7-BCC1AEF0B850
-63.94245,9.789403,0,DE775A65-68D5-C477-E2F7-BCC1AEF0B850
-60.88673,10.891574,0,DE775A65-68D5-C477-E2F7-BCC1AEF0B850
-64.68062,10.738505,0,DE775A65-68D5-C477-E2F7-BCC1AEF0B850
-64.57814,12.179361,2,DE775A65-68D5-C477-E2F7-BCC1AEF0B850
-40.20486,11.651251,2,DE775A65-68D5-C477-E2F7-BCC1AEF0B850
-37.661312,-14.703788,2,DE775A65-68D5-C477-E2F7-BCC1AEF0B850
-16.890844,7.6947002,2,DE775A65-68D5-C477-E2F7-BCC1AEF0B850
-17.18977,8.741006,2,DE775A65-68D5-C477-E2F7-BCC1AEF0B850
-16.834444,9.5018215,2,DE775A65-68D5-C477-E2F7-BCC1AEF0B850
-16.847052,13.876623,2,DE775A65-68D5-C477-E2F7-BCC1AEF0B850
42.656597,-11.0070305,0,DF62EF03-DA30-E70A-CA31-03A029C9610A
23.834497,16.872492,1,DF62EF03-DA30-E70A-CA31-03A029C9610A
39.32462,-8.063769,2,DF62EF03-DA30-E70A-CA31-03A029C9610A
37.571777,-11.726582,2,DF62EF03-DA30-E70A-CA31-03A029C9610A
37.610065,-11.789932,2,DF62EF03-DA30-E70A-CA31-03A029C9610A
21.188314,5.310561,2,DF62EF03-DA30-E70A-CA31-03A029C9610A
28.236717,4.941224,2,DF62EF03-DA30-E70A-CA31-03A029C9610A
22.710636,18.143867,1,DF62EF03-DA30-E70A-CA31-03A029C9610A
19.367529,21.469189,1,DF62EF03-DA30-E70A-CA31-03A029C9610A
20.753777,21.457289,1,DF62EF03-DA30-E70A-CA31-03A029C9610A
21.65669,19.33906,1,DF62EF03-DA30-E70A-CA31-03A029C9610A
11.861299,29.653606,0,DF62EF03-DA30-E70A-CA31-03A029C9610A
21.221611,-31.071997,1,DF62EF03-DA30-E70A-CA31-03A029C9610A
12.558293,-19.88629,1,DF62EF03-DA30-E70A-CA31-03A029C9610A
21.098928,-29.551466,1,DF62EF03-DA30-E70A-CA31-03A029C9610A
20.59875,-25.277393,1,DF62EF03-DA30-E70A-CA31-03A029C9610A
20.92729,-32.92466,1,DF62EF03-DA30-E70A-CA31-03A029C9610A
19.979628,-24.568876,1,DF62EF03-DA30-E70A-CA31-03A029C9610A
-13.455926,54.696655,2,DF62EF03-DA30-E70A-CA31-03A029C9610A
-20.418146,53.563198,2,DF62EF03-DA30-E70A-CA31-03A029C9610A
-22.12134,45.15904,2,DF62EF03-DA30-E70A-CA31-03A029C9610A
-24.276365,41.281796,2,DF62EF03-DA30-E70A-CA31-03A029C9610A
-28.093128,40.276936,0,DF62EF03-DA30-E70A-CA31-03A029C9610A
-28.299116,41.13262,0,DF62EF03-DA30-E70A-CA31-03A029C9610A
-7.6408277,55.481483,2,DF62EF03-DA30-E70A-CA31-03A029C9610A
-36.982037,12.432908,2,DF62EF03-DA30-E70A-CA31-03A029C9610A
-17.52918,16.10116,2,DF62EF03-DA30-E70A-CA31-03A029C9610A
-8.441935,55.501614,2,DF62EF03-DA30-E70A-CA31-03A029C9610A
-16.778658,55.494392,2,DF62EF03-DA30-E70A-CA31-03A029C9610A
-13.512258,53.804253,2,DF62EF03-DA30-E70A-CA31-03A029C9610A
9.255014,27.625755,2,E3489F9E-39E2-47B9-24EF-BAACE1438D00
8.4197035,25.023827,2,E3489F9E-39E2-47B9-24EF-BAACE1438D00
-2.9612257,-1.0982503,0,E3489F9E-39E2-47B9-24EF-BAACE1438D00
-5.546696,2.8176234,0,E3489F9E-39E2-47B9-24EF-BAACE1438D00
25.100094,28.143682,0,E3489F9E-39E2-47B9-24EF-BAACE1438D00
31.44827,6.2641315,0,E3489F9E-39E2-47B9-24EF-BAACE1438D00
-2.5615604,-15.088449,0,E3489F9E-39E2-47B9-24EF-BAACE1438D00
-6.617131,3.0546105,0,E3489F9E-39E2-47B9-24EF-BAACE1438D00
-5.555382,4.566728,0,E3489F9E-39E2-47B9-24EF-BAACE1438D00
29.10223,8.92974,2,E3489F9E-39E2-47B9-24EF-BAACE1438D00
9.461046,-28.104568,2,E3489F9E-39E2-47B9-24EF-BAACE1438D00
29.231293,-59.255436,2,E3489F9E-39E2-47B9-24EF-BAACE1438D00
-30.938364,-24.926884,0,E3489F9E-39E2-47B9-24EF-BAACE1438D00
-29.828342,-32.13565,0,E3489F9E-39E2-47B9-24EF-BAACE1438D00
-35.83114,-1.4729848,0,E3489F9E-39E2-47B9-24EF-BAACE1438D00
0.8753878,-6.5082755,0,E3489F9E-39E2-47B9-24EF-BAACE1438D00
6.386088,20.807596,0,E3489F9E-39E2-47B9-24EF-BAACE1438D00
24.181454,1.9540564,0,E3489F9E-39E2-47B9-24EF-BAACE1438D00
16.927269,-22.258003,0,E3489F9E-39E2-47B9-24EF-BAACE1438D00
22.814476,2.5007017,0,E3489F9E-39E2-47B9-24EF-BAACE1438D00
8.180155,19.280016,0,E3489F9E-39E2-47B9-24EF-BAACE1438D00
-6.35289,-9.506533,1,E3489F9E-39E2-47B9-24EF-BAACE1438D00
-26.151134,-27.3784,1,E3489F9E-39E2-47B9-24EF-BAACE1438D00
-45.558426,-23.843195,2,E3489F9E-39E2-47B9-24EF-BAACE1438D00
24.908215,-42.649494,0,E49C1269-8AB7-8C8F-FC88-AA92C2F1E260
25.013248,-42.727505,0,E49C1269-8AB7-8C8F-FC88-AA92C2F1E260
27.026192,-57.82698,0,E49C1269-8AB7-8C8F-FC88-AA92C2F1E260
11.802702,-38.087914,0,E49C1269-8AB7-8C8F-FC88-AA92C2F1E260
8.747003,-33.422997,1,E49C1269-8AB7-8C8F-FC88-AA92C2F1E260
9.431534,-26.439447,1,E49C1269-8AB7-8C8F-FC88-AA92C2F1E260
7.7314143,-34.225586,1,E49C1269-8AB7-8C8F-FC88-AA92C2F1E260
23.086235,19.079319,1,E49C1269-8AB7-8C8F-FC88-AA92C2F1E260
6.92996,31.057058,1,E49C1269-8AB7-8C8F-FC88-AA92C2F1E260
12.651192,32.294453,1,E49C1269-8AB7-8C8F-FC88-AA92C2F1E260
-8.301773,-11.772273,2,E49C1269-8AB7-8C8F-FC88-AA92C2F1E260
-22.93233,-26.008944,2,E49C1269-8AB7-8C8F-FC88-AA92C2F1E260
-21.17706,-26.729324,2,E49C1269-8AB7-8C8F-FC88-AA92C2F1E260
-21.822233,-21.084251,2,E49C1269-8AB7-8C8F-FC88-AA92C2F1E260
-21.780527,-21.037786,2,E49C1269-8AB7-8C8F-FC88-AA92C2F1E260
-19.266388,-24.527687,2,E49C1269-8AB7-8C8F-FC88-AA92C2F1E260
5.0439587,15.17161,1,E49C1269-8AB7-8C8F-FC88-AA92C2F1E260
5.521937,15.229085,1,E49C1269-8AB7-8C8F-FC88-AA92C2F1E260
-26.237888,39.485134,0,E49C1269-8AB7-8C8F-FC88-AA92C2F1E260
-62.00271,15.5366745,2,E49C1269-8AB7-8C8F-FC88-AA92C2F1E260
-60.356277,15.63012,2,E49C1269-8AB7-8C8F-FC88-AA92C2F1E260
-22.807655,42.7457,2,E49C1269-8AB7-8C8F-FC88-AA92C2F1E260
-9.488536,56.349636,2,E49C1269-8AB7-8C8F-FC88-AA92C2F1E260
-9.708335,55.921288,2,E49C1269-8AB7-8C8F-FC88-AA92C2F1E260
-0.45084688,29.806335,1,E5CCE6B3-2C6E-BE96-602F-3852C8614777
-4.5585356,-1.1360672,1,E5CCE6B3-2C6E-BE96-602F-3852C8614777
-7.273101,-1.4922739,1,E5CCE6B3-2C6E-BE96-602F-3852C8614777
-3.8719351,-0.9646377,1,E5CCE6B3-2C6E-BE96-602F-3852C8614777
-3.9012136,-11.250185,1,E5CCE6B3-2C6E-BE96-602F-3852C8614777
-3.1839435,-14.691535,1,E5CCE6B3-2C6E-BE96-602F-3852C8614777
-24.235008,45.456573,0,E5CCE6B3-2C6E-BE96-602F-3852C8614777
-14.709497,55.161453,0,E5CCE6B3-2C6E-BE96-602F-3852C8614777
-23.62752,42.328056,2,E5CCE6B3-2C6E-BE96-602F-3852C8614777
-23.953587,44.692173,2,E5CCE6B3-2C6E-BE96-602F-3852C8614777
-23.960716,46.19521,2,E5CCE6B3-2C6E-BE96-602F-3852C8614777
-30.51004,35.19667,0,E5CCE6B3-2C6E-BE96-602F-3852C8614777
-32.552414,33.830853,0,E5CCE6B3-2C6E-BE96-602F-3852C8614777
-62.11433,16.244247,0,E5CCE6B3-2C6E-BE96-602F-3852C8614777
-25.806864,40.003162,0,E5CCE6B3-2C6E-BE96-602F-3852C8614777
-14.425221,55.294407,2,E5CCE6B3-2C6E-BE96-602F-3852C8614777
-13.899035,56.28342,2,E5CCE6B3-2C6E-BE96-602F-3852C8614777
-12.474789,55.83052,2,E5CCE6B3-2C6E-BE96-602F-3852C8614777
-17.40848,9.296599,0,E5CCE6B3-2C6E-BE96-602F-3852C8614777
-1.2576952,33.529636,0,E5CCE6B3-2C6E-BE96-602F-3852C8614777
7.427162,34.65218,0,E5CCE6B3-2C6E-BE96-602F-3852C8614777
7.4775686,-24.590042,0,E5CCE6B3-2C6E-BE96-602F-3852C8614777
15.920793,-44.160362,0,E5CCE6B3-2C6E-BE96-602F-3852C8614777
65.053375,-12.368778,0,E5CCE6B3-2C6E-BE96-602F-3852C8614777
-38.96751,1.0258983,0,E5F96AC5-AE7E-C4E8-8288-FB2674F43704
-9.0461035,-8.364565,0,E5F96AC5-AE7E-C4E8-8288-FB2674F43704
20.218555,21.28571,0,E5F96AC5-AE7E-C4E8-8288-FB2674F43704
21.932793,20.655273,0,E5F96AC5-AE7E-C4E8-8288-FB2674F43704
23.228851,6.7350917,0,E5F96AC5-AE7E-C4E8-8288-FB2674F43704
28.858908,10.208049,2,E5F96AC5-AE7E-C4E8-8288-FB2674F43704
-7.081492,23.189524,2,E5F96AC5-AE7E-C4E8-8288-FB2674F43704
-13.350433,13.779842,2,E5F96AC5-AE7E-C4E8-8288-FB2674F43704
-19.281853,-24.579948,2,E5F96AC5-AE7E-C4E8-8288-FB2674F43704
-37.840466,-2.6070333,2,E5F96AC5-AE7E-C4E8-8288-FB2674F43704
-37.67438,-3.8259652,2,E5F96AC5-AE7E-C4E8-8288-FB2674F43704
-44.07621,-11.518093,0,E5F96AC5-AE7E-C4E8-8288-FB2674F43704
5.567928,15.61428,2,E5F96AC5-AE7E-C4E8-8288-FB2674F43704
56.728897,18.982029,2,E5F96AC5-AE7E-C4E8-8288-FB2674F43704
24.914322,-51.564255,2,E5F96AC5-AE7E-C4E8-8288-FB2674F43704
24.130768,56.72785,2,E5F96AC5-AE7E-C4E8-8288-FB2674F43704
24.199997,56.72437,2,E5F96AC5-AE7E-C4E8-8288-FB2674F43704
57.3799,21.751951,0,E5F96AC5-AE7E-C4E8-8288-FB2674F43704
-40.36381,-17.643414,2,E5F96AC5-AE7E-C4E8-8288-FB2674F43704
-40.56882,9.18494,2,E5F96AC5-AE7E-C4E8-8288-FB2674F43704
-58.513817,8.83614,2,E5F96AC5-AE7E-C4E8-8288-FB2674F43704
-60.80583,10.892334,2,E5F96AC5-AE7E-C4E8-8288-FB2674F43704
-63.825565,9.976431,2,E5F96AC5-AE7E-C4E8-8288-FB2674F43704
-60.05378,15.665829,2,E5F96AC5-AE7E-C4E8-8288-FB2674F43704
-29.975122,-14.9647875,2,E5F96AC5-AE7E-C4E8-8288-FB2674F43704
-29.594458,-15.322604,2,E5F96AC5-AE7E-C4E8-8288-FB2674F43704
-35.91873,-15.91531,2,E5F96AC5-AE7E-C4E8-8288-FB2674F43704
-35.12655,-14.088266,2,E5F96AC5-AE7E-C4E8-8288-FB2674F43704
-2.7970524,-17.348768,2,E5F96AC5-AE7E-C4E8-8288-FB2674F43704
27.620537,18.677452,2,E5F96AC5-AE7E-C4E8-8288-FB2674F43704
25.112434,-39.044014,2,EA788550-E907-E4AC-EAE4-82CC26723E3B
25.058376,-39.091267,2,EA788550-E907-E4AC-EAE4-82CC26723E3B
19.201063,1.1131078,2,EA788550-E907-E4AC-EAE4-82CC26723E3B
19.702538,0.6193793,2,EA788550-E907-E4AC-EAE4-82CC26723E3B
37.00973,-9.217939,2,EA788550-E907-E4AC-EAE4-82CC26723E3B
13.716978,-37.13792,2,EA788550-E907-E4AC-EAE4-82CC26723E3B
54.521976,17.528603,2,EA788550-E907-E4AC-EAE4-82CC26723E3B
31.593868,12.042948,2,EA788550-E907-E4AC-EAE4-82CC26723E3B
9.338612,31.43688,2,EA788550-E907-E4AC-EAE4-82CC26723E3B
-15.915771,-2.1699216,2,EA788550-E907-E4AC-EAE4-82CC26723E3B
-15.954925,-1.1089909,2,EA788550-E907-E4AC-EAE4-82CC26723E3B
-15.832007,-1.93909,2,EA788550-E907-E4AC-EAE4-82CC26723E3B
-16.819172,0.7460631,0,EA788550-E907-E4AC-EAE4-82CC26723E3B
-15.926824,0.44652382,0,EA788550-E907-E4AC-EAE4-82CC26723E3B
-13.138209,-36.162693,0,EA788550-E907-E4AC-EAE4-82CC26723E3B
-22.385174,-30.5737,0,EA788550-E907-E4AC-EAE4-82CC26723E3B
-43.10984,-16.174438,0,EA788550-E907-E4AC-EAE4-82CC26723E3B
-44.881313,-23.844244,0,EA788550-E907-E4AC-EAE4-82CC26723E3B
-31.644562,-28.745607,0,EA788550-E907-E4AC-EAE4-82CC26723E3B
-2.7113447,-7.8707848,0,EA788550-E907-E4AC-EAE4-82CC26723E3B
8.188632,27.014383,0,EA788550-E907-E4AC-EAE4-82CC26723E3B
25.57549,27.098442,2,EA788550-E907-E4AC-EAE4-82CC26723E3B
14.035028,-49.129204,0,EC6E2525-212C-1C3A-0B73-74D1B45748E1
11.026569,-35.509296,0,EC6E2525-212C-1C3A-0B73-74D1B45748E1
27.238829,9.830015,0,EC6E2525-212C-1C3A-0B73-74D1B45748E1
-7.68137,25.322357,0,EC6E2525-212C-1C3A-0B73-74D1B45748E1
-7.784261,25.556273,0,EC6E2525-212C-1C3A-0B73-74D1B45748E1
12.701536,27.243544,0,EC6E2525-212C-1C3A-0B73-74D1B45748E1
9.955781,-26.65976,1,EC6E2525-212C-1C3A-0B73-74D1B45748E1
13.937819,27.586512,1,EC6E2525-212C-1C3A-0B73-74D1B45748E1
13.418299,27.48092,1,EC6E2525-212C-1C3A-0B73-74D1B45748E1
-8.10645,26.120796,1,EC6E2525-212C-1C3A-0B73-74D1B45748E1
-1.4693338,32.335293,1,EC6E2525-212C-1C3A-0B73-74D1B45748E1
-1.7190852,32.543213,1,EC6E2525-212C-1C3A-0B73-74D1B45748E1
24.43347,55.53572,2,EE62AFCD-B47D-E676-0257-21F92CB612D8
42.547325,-10.699588,2,EE62AFCD-B47D-E676-0257-21F92CB612D8
56.945965,17.862965,2,EE62AFCD-B47D-E676-0257-21F92CB612D8
57.142433,17.895817,2,EE62AFCD-B47D-E676-0257-21F92CB612D8
15.5795355,-20.651234,2,EE62AFCD-B47D-E676-0257-21F92CB612D8
23.624067,-33.326794,2,EE62AFCD-B47D-E676-0257-21F92CB612D8
-12.780937,-33.87467,2,EE62AFCD-B47D-E676-0257-21F92CB612D8
22.230703,7.7728553,2,EE62AFCD-B47D-E676-0257-21F92CB612D8
28.97095,5.510573,0,EE62AFCD-B47D-E676-0257-21F92CB612D8
40.311462,-6.8853593,0,EE62AFCD-B47D-E676-0257-21F92CB612D8
44.06496,-9.457974,0,EE62AFCD-B47D-E676-0257-21F92CB612D8
36.614937,2.9876537,2,EE62AFCD-B47D-E676-0257-21F92CB612D8
54.1549,16.679352,0,EE62AFCD-B47D-E676-0257-21F92CB612D8
31.509129,10.682356,0,EE62AFCD-B47D-E676-0257-21F92CB612D8
13.353668,13.293602,0,EE62AFCD-B47D-E676-0257-21F92CB612D8
-18.582243,-25.8391,0,EE62AFCD-B47D-E676-0257-21F92CB612D8
-3.4145148,-17.522003,1,EE62AFCD-B47D-E676-0257-21F92CB612D8
-4.125789,-19.015928,1,EE62AFCD-B47D-E676-0257-21F92CB612D8
26.104095,-56.748547,0,EE62AFCD-B47D-E676-0257-21F92CB612D8
18.429111,-47.331337,0,EE62AFCD-B47D-E676-0257-21F92CB612D8
22.933945,-53.984493,0,EE62AFCD-B47D-E676-0257-21F92CB612D8
23.041176,-54.434223,1,EE62AFCD-B47D-E676-0257-21F92CB612D8
24.087107,-41.86204,2,EE62AFCD-B47D-E676-0257-21F92CB612D8
24.513275,-40.065952,2,EE62AFCD-B47D-E676-0257-21F92CB612D8
52.199013,18.067572,2,F1430977-52AF-4F46-BF92-0A8D736CBD2B
43.878387,-12.204937,0,F1430977-52AF-4F46-BF92-0A8D736CBD2B
9.706134,-38.343777,0,F1430977-52AF-4F46-BF92-0A8D736CBD2B
9.751617,-45.28095,2,F1430977-52AF-4F46-BF92-0A8D736CBD2B
8.965436,-35.26106,2,F1430977-52AF-4F46-BF92-0A8D736CBD2B
29.45252,4.9066963,2,F1430977-52AF-4F46-BF92-0A8D736CBD2B
1.0488038,25.67532,2,F1430977-52AF-4F46-BF92-0A8D736CBD2B
-8.103416,25.137926,2,F1430977-52AF-4F46-BF92-0A8D736CBD2B
-14.32422,17.607384,2,F1430977-52AF-4F46-BF92-0A8D736CBD2B
-14.365656,17.618631,2,F1430977-52AF-4F46-BF92-0A8D736CBD2B
-39.646664,0.19460541,2,F1430977-52AF-4F46-BF92-0A8D736CBD2B
-35.154163,3.1282332,0,F1430977-52AF-4F46-BF92-0A8D736CBD2B
-33.36658,3.0008569,0,F1430977-52AF-4F46-BF92-0A8D736CBD2B
-33.354767,2.9953253,0,F1430977-52AF-4F46-BF92-0A8D736CBD2B
-13.689711,16.2339,2,F1430977-52AF-4F46-BF92-0A8D736CBD2B
-4.6946845,47.674488,2,F1430977-52AF-4F46-BF92-0A8D736CBD2B
-9.840512,24.43451,2,F1430977-52AF-4F46-BF92-0A8D736CBD2B
12.925904,23.577219,2,F1430977-52AF-4F46-BF92-0A8D736CBD2B
-4.6996264,47.66258,2,F1430977-52AF-4F46-BF92-0A8D736CBD2B
-13.6520815,16.14946,0,F1430977-52AF-4F46-BF92-0A8D736CBD2B
-4.8794985,48.242844,2,F1430977-52AF-4F46-BF92-0A8D736CBD2B
-13.738485,16.323225,2,F1430977-52AF-4F46-BF92-0A8D736CBD2B
-0.70061105,-1.2799703,2,F1430977-52AF-4F46-BF92-0A8D736CBD2B
-6.9944425,9.193436,2,F1430977-52AF-4F46-BF92-0A8D736CBD2B
-64.27536,12.190068,2,F1430977-52AF-4F46-BF92-0A8D736CBD2B
-64.233025,11.828257,2,F1430977-52AF-4F46-BF92-0A8D736CBD2B
-64.71775,12.641867,2,F1430977-52AF-4F46-BF92-0A8D736CBD2B
-65.27027,12.107139,2,F1430977-52AF-4F46-BF92-0A8D736CBD2B
-64.619255,10.505652,2,F1430977-52AF-4F46-BF92-0A8D736CBD2B
-65.094604,12.5121355,2,F1430977-52AF-4F46-BF92-0A8D736CBD2B
13.719792,13.872495,0,F752B62E-E95F-A65D-4CB2-8B0252E15F08
6.310448,14.09245,0,F752B62E-E95F-A65D-4CB2-8B0252E15F08
6.2642837,14.127365,2,F752B62E-E95F-A65D-4CB2-8B0252E15F08
14.732254,12.485619,2,F752B62E-E95F-A65D-4CB2-8B0252E15F08
35.19175,-7.7320585,0,F752B62E-E95F-A65D-4CB2-8B0252E15F08
-5.7918706,25.387047,0,F752B62E-E95F-A65D-4CB2-8B0252E15F08
-7.503996,25.367893,0,F752B62E-E95F-A65D-4CB2-8B0252E15F08
-13.65488,11.853434,0,F752B62E-E95F-A65D-4CB2-8B0252E15F08
-31.579903,-14.897937,0,F752B62E-E95F-A65D-4CB2-8B0252E15F08
-39.147686,9.117059,1,F752B62E-E95F-A65D-4CB2-8B0252E15F08
-38.036057,-13.849416,2,F752B62E-E95F-A65D-4CB2-8B0252E15F08
-8.786672,56.089207,2,F752B62E-E95F-A65D-4CB2-8B0252E15F08
-11.930979,55.477303,0,F752B62E-E95F-A65D-4CB2-8B0252E15F08
-57.963474,10.543645,0,F752B62E-E95F-A65D-4CB2-8B0252E15F08
-60.134937,12.976222,1,F752B62E-E95F-A65D-4CB2-8B0252E15F08
-61.399067,16.815634,2,F752B62E-E95F-A65D-4CB2-8B0252E15F08
-34.769535,36.604156,2,F752B62E-E95F-A65D-4CB2-8B0252E15F08
-33.912975,37.894318,0,F752B62E-E95F-A65D-4CB2-8B0252E15F08
19.063997,25.297155,1,FB70D507-2F2A-0F83-3B53-75EB8452F5E0
19.584717,24.185707,1,FB70D507-2F2A-0F83-3B53-75EB8452F5E0
44.11246,-9.643574,1,FB70D507-2F2A-0F83-3B53-75EB8452F5E0
42.48902,-6.848927,1,FB70D507-2F2A-0F83-3B53-75EB8452F5E0
-9.47809,-0.86443776,1,FB70D507-2F2A-0F83-3B53-75EB8452F5E0
-0.26723617,30.621094,1,FB70D507-2F2A-0F83-3B53-75EB8452F5E0
-11.561549,-4.449506,1,FB70D507-2F2A-0F83-3B53-75EB8452F5E0
-5.6980157,2.5546842,1,FB70D507-2F2A-0F83-3B53-75EB8452F5E0
-9.0417,-10.796504,1,FB70D507-2F2A-0F83-3B53-75EB8452F5E0
7.6874356,15.08174,1,FB70D507-2F2A-0F83-3B53-75EB8452F5E0
38.403233,-11.509214,2,FB70D507-2F2A-0F83-3B53-75EB8452F5E0
23.294178,-36.147076,2,FB70D507-2F2A-0F83-3B53-75EB8452F5E0
-9.270477,24.349352,2,FB70D507-2F2A-0F83-3B53-75EB8452F5E0
-44.43393,-17.858873,0,FB70D507-2F2A-0F83-3B53-75EB8452F5E0
-39.447647,9.114071,0,FB70D507-2F2A-0F83-3B53-75EB8452F5E0
-40.555378,11.234278,0,FB70D507-2F2A-0F83-3B53-75EB8452F5E0
-57.275036,11.288307,0,FB70D507-2F2A-0F83-3B53-75EB8452F5E0
-63.910435,11.84529,0,FB70D507-2F2A-0F83-3B53-75EB8452F5E0
-9.718885,55.25056,1,FB70D507-2F2A-0F83-3B53-75EB8452F5E0
-33.115723,-14.40303,1,FB70D507-2F2A-0F83-3B53-75EB8452F5E0
-10.844453,26.51636,1,FB70D507-2F2A-0F83-3B53-75EB8452F5E0
-10.758724,26.483881,2,FB70D507-2F2A-0F83-3B53-75EB8452F5E0
-1.0874467,33.995987,2,FB70D507-2F2A-0F83-3B53-75EB8452F5E0
-8.245387,27.621561,2,FB70D507-2F2A-0F83-3B53-75EB8452F5E0
-18.566679,6.284642,2,FB70D507-2F2A-0F83-3B53-75EB8452F5E0
-18.33392,6.1402054,0,FB70D507-2F2A-0F83-3B53-75EB8452F5E0
-16.147268,11.289056,0,FB70D507-2F2A-0F83-3B53-75EB8452F5E0
-15.919066,11.662397,2,FB70D507-2F2A-0F83-3B53-75EB8452F5E0
-30.130188,-13.109495,2,FB70D507-2F2A-0F83-3B53-75EB8452F5E0
-5.4437356,52.923187,2,FB70D507-2F2A-0F83-3B53-75EB8452F5E0
61.661507,8.815875,2,FC50071B-D2BA-C98B-AC6E-7339010D56DA
28.007027,-59.137486,2,FC50071B-D2BA-C98B-AC6E-7339010D56DA
11.056535,-45.92975,2,FC50071B-D2BA-C98B-AC6E-7339010D56DA
15.902384,-49.458496,2,FC50071B-D2BA-C98B-AC6E-7339010D56DA
26.88923,-57.677364,2,FC50071B-D2BA-C98B-AC6E-7339010D56DA
18.588541,-47.01814,2,FC50071B-D2BA-C98B-AC6E-7339010D56DA
26.297382,23.582489,2,FC50071B-D2BA-C98B-AC6E-7339010D56DA
6.983766,-34.491184,2,FC50071B-D2BA-C98B-AC6E-7339010D56DA
6.090806,-34.92048,1,FC50071B-D2BA-C98B-AC6E-7339010D56DA
41.289066,-5.313572,2,FC50071B-D2BA-C98B-AC6E-7339010D56DA
26.235949,25.571434,2,FC50071B-D2BA-C98B-AC6E-7339010D56DA
-11.522045,-3.5608454,2,FC50071B-D2BA-C98B-AC6E-7339010D56DA
-8.747428,-8.793508,2,FC50071B-D2BA-C98B-AC6E-7339010D56DA
56.900505,22.357565,2,FC50071B-D2BA-C98B-AC6E-7339010D56DA
56.744858,22.459656,2,FC50071B-D2BA-C98B-AC6E-7339010D56DA
55.93728,23.602264,2,FC50071B-D2BA-C98B-AC6E-7339010D56DA
55.85048,23.63724,1,FC50071B-D2BA-C98B-AC6E-7339010D56DA
-17.924463,-36.291412,1,FC50071B-D2BA-C98B-AC6E-7339010D56DA
-36.317406,6.074044,0,FC66D29E-8CD8-AE29-A071-33549272C1EE
-41.39949,-3.7321858,0,FC66D29E-8CD8-AE29-A071-33549272C1EE
-41.36701,-3.8814352,2,FC66D29E-8CD8-AE29-A071-33549272C1EE
-31.243261,-25.65194,2,FC66D29E-8CD8-AE29-A071-33549272C1EE
-2.2164052,-5.537205,2,FC66D29E-8CD8-AE29-A071-33549272C1EE
-9.371152,24.562115,2,FC66D29E-8CD8-AE29-A071-33549272C1EE
5.487012,27.401722,2,FC66D29E-8CD8-AE29-A071-33549272C1EE
11.91195,29.501335,2,FC66D29E-8CD8-AE29-A071-33549272C1EE
43.833218,-9.63998,2,FC66D29E-8CD8-AE29-A071-33549272C1EE
35.185707,6.2115116,2,FC66D29E-8CD8-AE29-A071-33549272C1EE
41.204586,-4.705737,2,FC66D29E-8CD8-AE29-A071-33549272C1EE
27.66534,60.13514,0,FC66D29E-8CD8-AE29-A071-33549272C1EE
13.2607,28.343016,2,FC66D29E-8CD8-AE29-A071-33549272C1EE
13.403856,28.83259,2,FC66D29E-8CD8-AE29-A071-33549272C1EE
21.887524,18.371977,2,FC66D29E-8CD8-AE29-A071-33549272C1EE
7.7947288,28.860655,2,FC66D29E-8CD8-AE29-A071-33549272C1EE
-7.048144,25.741629,2,FC66D29E-8CD8-AE29-A071-33549272C1EE
-34.58878,-4.7141824,2,FC66D29E-8CD8-AE29-A071-33549272C1EE
1.3525449,24.550879,0,FC66D29E-8CD8-AE29-A071-33549272C1EE
1.1940554,24.943878,0,FC66D29E-8CD8-AE29-A071-33549272C1EE
-7.6828966,9.130532,0,FC66D29E-8CD8-AE29-A071-33549272C1EE
-12.241799,11.595578,0,FC66D29E-8CD8-AE29-A071-33549272C1EE
6.0322886,19.54111,0,FC66D29E-8CD8-AE29-A071-33549272C1EE
4.3219676,24.328005,0,FC66D29E-8CD8-AE29-A071-33549272C1EE
-8.628026,10.544054,1,FC66D29E-8CD8-AE29-A071-33549272C1EE
-10.032065,11.658358,1,FC66D29E-8CD8-AE29-A071-33549272C1EE
-29.760637,-25.158066,1,FC66D29E-8CD8-AE29-A071-33549272C1EE
-38.376743,1.3673446,2,FC66D29E-8CD8-AE29-A071-33549272C1EE
-38.784298,2.3348532,2,FC66D29E-8CD8-AE29-A071-33549272C1EE
-44.021545,-5.3690963,2,FC66D29E-8CD8-AE29-A071-33549272C1EE
-36.068775,-4.3515935,2,FFAB0F54-EFF2-FA1A-1892-F9D8ED3C9B31
-35.467934,-4.439375,2,FFAB0F54-EFF2-FA1A-1892-F9D8ED3C9B31
-38.493088,-4.6525617,2,FFAB0F54-EFF2-FA1A-1892-F9D8ED3C9B31
-44.413364,-19.391396,2,FFAB0F54-EFF2-FA1A-1892-F9D8ED3C9B31
-28.909512,-29.666334,2,FFAB0F54-EFF2-FA1A-1892-F9D8ED3C9B31
-48.87042,-21.359217,0,FFAB0F54-EFF2-FA1A-1892-F9D8ED3C9B31
-22.552828,44.157444,2,FFAB0F54-EFF2-FA1A-1892-F9D8ED3C9B31
-22.665644,44.88039,2,FFAB0F54-EFF2-FA1A-1892-F9D8ED3C9B31
-14.705763,56.180508,2,FFAB0F54-EFF2-FA1A-1892-F9D8ED3C9B31
-15.728803,56.172367,2,FFAB0F54-EFF2-FA1A-1892-F9D8ED3C9B31
-9.108695,55.32016,2,FFAB0F54-EFF2-FA1A-1892-F9D8ED3C9B31
-9.514056,55.344265,2,FFAB0F54-EFF2-FA1A-1892-F9D8ED3C9B31
-8.848612,55.237377,2,FFAB0F54-EFF2-FA1A-1892-F9D8ED3C9B31
-12.216796,54.582577,2,FFAB0F54-EFF2-FA1A-1892-F9D8ED3C9B31
-8.363973,55.089546,2,FFAB0F54-EFF2-FA1A-1892-F9D8ED3C9B31
-9.195575,54.847816,2,FFAB0F54-EFF2-FA1A-1892-F9D8ED3C9B31
-9.09098,54.926132,2,FFAB0F54-EFF2-FA1A-1892-F9D8ED3C9B31
