tsne_x,tsne_y,label_mood,player_id
19.205854,30.496635,2,018B0D8D-B5EC-09D6-90ED-550058EBFEAF
-47.6245,13.184326,2,018B0D8D-B5EC-09D6-90ED-550058EBFEAF
-47.21907,13.459905,2,018B0D8D-B5EC-09D6-90ED-550058EBFEAF
-46.226788,14.165663,2,018B0D8D-B5EC-09D6-90ED-550058EBFEAF
-45.56628,14.765065,2,018B0D8D-B5EC-09D6-90ED-550058EBFEAF
-45.832153,14.518535,2,018B0D8D-B5EC-09D6-90ED-550058EBFEAF
6.15835,19.906197,2,018B0D8D-B5EC-09D6-90ED-550058EBFEAF
11.514407,-22.448603,0,018B0D8D-B5EC-09D6-90ED-550058EBFEAF
11.49897,-22.33274,0,018B0D8D-B5EC-09D6-90ED-550058EBFEAF
6.249543,20.778866,2,018B0D8D-B5EC-09D6-90ED-550058EBFEAF
6.591793,21.647951,2,018B0D8D-B5EC-09D6-90ED-550058EBFEAF
6.3921075,21.776594,2,018B0D8D-B5EC-09D6-90ED-550058EBFEAF
-24.383297,-2.4384809,2,018B0D8D-B5EC-09D6-90ED-550058EBFEAF
-24.210014,-2.5706267,2,018B0D8D-B5EC-09D6-90ED-550058EBFEAF
-5.6772323,-25.185997,2,018B0D8D-B5EC-09D6-90ED-550058EBFEAF
-5.531663,-25.033201,2,018B0D8D-B5EC-09D6-90ED-550058EBFEAF
38.196835,-2.6838584,0,018B0D8D-B5EC-09D6-90ED-550058EBFEAF
50.554035,-29.791853,0,018B0D8D-B5EC-09D6-90ED-550058EBFEAF
46.535248,7.2859287,0,09FCECC4-F94E-ED69-5E9B-3223B590A149
46.513725,7.3021245,0,09FCECC4-F94E-ED69-5E9B-3223B590A149
24.958065,53.44554,0,09FCECC4-F94E-ED69-5E9B-3223B590A149
22.399624,49.74829,1,09FCECC4-F94E-ED69-5E9B-3223B590A149
22.3133,49.399643,1,09FCECC4-F94E-ED69-5E9B-3223B590A149
22.085955,48.990273,1,09FCECC4-F94E-ED69-5E9B-3223B590A149
44.176296,-49.62445,0,09FCECC4-F94E-ED69-5E9B-3223B590A149
-49.771885,27.801308,0,09FCECC4-F94E-ED69-5E9B-3223B590A149
-6.757188,52.6135,0,09FCECC4-F94E-ED69-5E9B-3223B590A149
-7.297346,52.86955,1,09FCECC4-F94E-ED69-5E9B-3223B590A149
-7.2502584,53.06651,1,09FCECC4-F94E-ED69-5E9B-3223B590A149
-7.11247,53.164185,1,09FCECC4-F94E-ED69-5E9B-3223B590A149
24.485394,51.669827,1,09FCECC4-F94E-ED69-5E9B-3223B590A149
49.127594,27.813086,1,09FCECC4-F94E-ED69-5E9B-3223B590A149
21.166256,33.98701,1,09FCECC4-F94E-ED69-5E9B-3223B590A149
-15.723048,-37.92694,2,09FCECC4-F94E-ED69-5E9B-3223B590A149
-14.795593,-6.729364,2,09FCECC4-F94E-ED69-5E9B-3223B590A149
-49.414146,5.813515,2,09FCECC4-F94E-ED69-5E9B-3223B590A149
-49.552917,6.066752,2,09FCECC4-F94E-ED69-5E9B-3223B590A149
-49.885723,6.058987,2,09FCECC4-F94E-ED69-5E9B-3223B590A149
-50.826267,19.093452,2,09FCECC4-F94E-ED69-5E9B-3223B590A149
-50.580803,19.354069,2,09FCECC4-F94E-ED69-5E9B-3223B590A149
-32.170097,-17.627127,1,09FCECC4-F94E-ED69-5E9B-3223B590A149
-32.121574,-17.610518,1,09FCECC4-F94E-ED69-5E9B-3223B590A149
-37.800003,-0.11280838,2,09FCECC4-F94E-ED69-5E9B-3223B590A149
-37.876423,-0.18026651,2,09FCECC4-F94E-ED69-5E9B-3223B590A149
-31.899025,-12.458472,1,09FCECC4-F94E-ED69-5E9B-3223B590A149
3.471283,50.28103,1,09FCECC4-F94E-ED69-5E9B-3223B590A149
3.4243305,49.77115,1,09FCECC4-F94E-ED69-5E9B-3223B590A149
17.191734,56.54291,1,09FCECC4-F94E-ED69-5E9B-3223B590A149
-6.28981,-35.03906,2,0A221ADF-C99E-307E-7B65-92EF9DABA6C4
-6.4270034,-34.915325,2,0A221ADF-C99E-307E-7B65-92EF9DABA6C4
-6.9954734,-34.51396,2,0A221ADF-C99E-307E-7B65-92EF9DABA6C4
-7.5366497,-34.769573,2,0A221ADF-C99E-307E-7B65-92EF9DABA6C4
-36.774506,-8.144542,2,0A221ADF-C99E-307E-7B65-92EF9DABA6C4
-36.79522,-7.8819013,2,0A221ADF-C99E-307E-7B65-92EF9DABA6C4
-44.3232,7.75811,2,0A221ADF-C99E-307E-7B65-92EF9DABA6C4
-44.288,7.6868296,0,0A221ADF-C99E-307E-7B65-92EF9DABA6C4
-29.472971,9.014449,0,0A221ADF-C99E-307E-7B65-92EF9DABA6C4
-9.701807,2.8424358,0,0A221ADF-C99E-307E-7B65-92EF9DABA6C4
35.25313,6.743515,0,0A221ADF-C99E-307E-7B65-92EF9DABA6C4
50.469772,16.38933,0,0A221ADF-C99E-307E-7B65-92EF9DABA6C4
-27.71953,7.4580483,2,0A221ADF-C99E-307E-7B65-92EF9DABA6C4
3.8777535,-22.650513,2,0A221ADF-C99E-307E-7B65-92EF9DABA6C4
3.3765855,-23.415344,2,0A221ADF-C99E-307E-7B65-92EF9DABA6C4
3.301926,-23.489923,2,0A221ADF-C99E-307E-7B65-92EF9DABA6C4
2.7443082,-23.80847,0,0A221ADF-C99E-307E-7B65-92EF9DABA6C4
5.6417804,-47.952847,0,0A221ADF-C99E-307E-7B65-92EF9DABA6C4
29.175655,57.308334,1,0A76B59A-F1FF-F3F5-A3CA-2386FA8EF308
1.6532017,29.863075,1,0A76B59A-F1FF-F3F5-A3CA-2386FA8EF308
5.8335676,-29.376034,1,0A76B59A-F1FF-F3F5-A3CA-2386FA8EF308
-0.37264425,-42.710907,1,0A76B59A-F1FF-F3F5-A3CA-2386FA8EF308
-0.30889934,-42.73489,0,0A76B59A-F1FF-F3F5-A3CA-2386FA8EF308
56.069977,-44.54922,0,0A76B59A-F1FF-F3F5-A3CA-2386FA8EF308
0.55162144,46.970203,1,0A76B59A-F1FF-F3F5-A3CA-2386FA8EF308
-22.663134,27.275692,1,0A76B59A-F1FF-F3F5-A3CA-2386FA8EF308
-22.56612,27.359404,1,0A76B59A-F1FF-F3F5-A3CA-2386FA8EF308
32.843456,-18.918758,1,0A76B59A-F1FF-F3F5-A3CA-2386FA8EF308
28.123074,45.75054,0,0A76B59A-F1FF-F3F5-A3CA-2386FA8EF308
28.08271,25.13902,0,0A76B59A-F1FF-F3F5-A3CA-2386FA8EF308
-65.29793,1.2703145,2,0A76B59A-F1FF-F3F5-A3CA-2386FA8EF308
-38.88572,5.3435454,2,0A76B59A-F1FF-F3F5-A3CA-2386FA8EF308
-38.83014,5.3059473,1,0A76B59A-F1FF-F3F5-A3CA-2386FA8EF308
-38.21402,-9.444714,1,0A76B59A-F1FF-F3F5-A3CA-2386FA8EF308
30.224411,-15.96758,1,0A76B59A-F1FF-F3F5-A3CA-2386FA8EF308
21.17543,-26.368793,1,0A76B59A-F1FF-F3F5-A3CA-2386FA8EF308
5.4326134,-9.155727,1,0A76B59A-F1FF-F3F5-A3CA-2386FA8EF308
5.2316384,-9.362691,1,0A76B59A-F1FF-F3F5-A3CA-2386FA8EF308
33.89462,-5.0024223,1,0A76B59A-F1FF-F3F5-A3CA-2386FA8EF308
22.693188,-32.257477,2,0A76B59A-F1FF-F3F5-A3CA-2386FA8EF308
22.789316,-32.07972,2,0A76B59A-F1FF-F3F5-A3CA-2386FA8EF308
22.362518,-32.81368,2,0A76B59A-F1FF-F3F5-A3CA-2386FA8EF308
32.288635,-8.942634,0,0AD33010-1AC1-E9FB-2FD4-313E3DF4692D
32.281624,-8.967248,0,0AD33010-1AC1-E9FB-2FD4-313E3DF4692D
-7.695737,-32.458015,2,0AD33010-1AC1-E9FB-2FD4-313E3DF4692D
-57.960953,-0.84033483,2,0AD33010-1AC1-E9FB-2FD4-313E3DF4692D
-54.0126,20.611275,2,0AD33010-1AC1-E9FB-2FD4-313E3DF4692D
-53.880386,20.621916,2,0AD33010-1AC1-E9FB-2FD4-313E3DF4692D
55.753952,26.938103,1,0AD33010-1AC1-E9FB-2FD4-313E3DF4692D
26.900417,20.371113,1,0AD33010-1AC1-E9FB-2FD4-313E3DF4692D
-6.114724,-30.561455,2,0AD33010-1AC1-E9FB-2FD4-313E3DF4692D
-20.601213,3.8715727,2,0AD33010-1AC1-E9FB-2FD4-313E3DF4692D
-20.963009,3.5398927,2,0AD33010-1AC1-E9FB-2FD4-313E3DF4692D
-21.036081,3.4991047,2,0AD33010-1AC1-E9FB-2FD4-313E3DF4692D
32.21982,42.322655,1,0AD33010-1AC1-E9FB-2FD4-313E3DF4692D
9.518073,-21.515352,1,0AD33010-1AC1-E9FB-2FD4-313E3DF4692D
7.241697,44.979767,1,0AD33010-1AC1-E9FB-2FD4-313E3DF4692D
8.024341,45.26628,1,0AD33010-1AC1-E9FB-2FD4-313E3DF4692D
8.08892,45.276752,1,0AD33010-1AC1-E9FB-2FD4-313E3DF4692D
8.134061,45.4368,1,0AD33010-1AC1-E9FB-2FD4-313E3DF4692D
-6.0050983,39.272232,1,0AD33010-1AC1-E9FB-2FD4-313E3DF4692D
-50.602074,-15.849059,2,0AD33010-1AC1-E9FB-2FD4-313E3DF4692D
-50.602665,-15.830686,2,0AD33010-1AC1-E9FB-2FD4-313E3DF4692D
31.92842,60.89554,0,0B5863F1-A482-C95D-EA42-9183B5BDFA12
34.15042,8.220065,2,0B5863F1-A482-C95D-EA42-9183B5BDFA12
6.0463495,16.132885,2,0B5863F1-A482-C95D-EA42-9183B5BDFA12
6.0637193,15.992657,2,0B5863F1-A482-C95D-EA42-9183B5BDFA12
13.073538,-5.615585,2,0B5863F1-A482-C95D-EA42-9183B5BDFA12
13.148465,-5.4897614,0,0B5863F1-A482-C95D-EA42-9183B5BDFA12
35.1636,-39.562054,0,0B5863F1-A482-C95D-EA42-9183B5BDFA12
47.379547,1.1194417,0,0B5863F1-A482-C95D-EA42-9183B5BDFA12
46.827133,1.1705152,0,0B5863F1-A482-C95D-EA42-9183B5BDFA12
46.07487,0.95427704,2,0B5863F1-A482-C95D-EA42-9183B5BDFA12
6.739829,-27.02261,2,0B5863F1-A482-C95D-EA42-9183B5BDFA12
6.7691655,-27.030167,2,0B5863F1-A482-C95D-EA42-9183B5BDFA12
11.631194,50.324303,0,0B5863F1-A482-C95D-EA42-9183B5BDFA12
1.5254298,-16.629444,2,0B5863F1-A482-C95D-EA42-9183B5BDFA12
31.619295,15.812202,2,0B5863F1-A482-C95D-EA42-9183B5BDFA12
31.577417,15.747594,2,0B5863F1-A482-C95D-EA42-9183B5BDFA12
31.075779,-26.917719,2,0B5863F1-A482-C95D-EA42-9183B5BDFA12
31.077463,-26.949778,0,0B5863F1-A482-C95D-EA42-9183B5BDFA12
-49.911522,1.917347,0,0B5863F1-A482-C95D-EA42-9183B5BDFA12
-47.412876,9.031308,0,0B5863F1-A482-C95D-EA42-9183B5BDFA12
-47.74622,8.625953,0,0B5863F1-A482-C95D-EA42-9183B5BDFA12
-47.13208,9.009365,0,0B5863F1-A482-C95D-EA42-9183B5BDFA12
18.955078,-28.495361,0,0B5863F1-A482-C95D-EA42-9183B5BDFA12
45.82707,10.496006,0,0B5863F1-A482-C95D-EA42-9183B5BDFA12
19.679104,4.2943797,0,0B5863F1-A482-C95D-EA42-9183B5BDFA12
18.447004,4.8623133,0,0B5863F1-A482-C95D-EA42-9183B5BDFA12
8.130711,-39.37627,0,0B5863F1-A482-C95D-EA42-9183B5BDFA12
31.730457,-37.177853,0,0B5863F1-A482-C95D-EA42-9183B5BDFA12
31.78059,-37.224735,1,0B5863F1-A482-C95D-EA42-9183B5BDFA12
31.65399,-37.18898,1,0B5863F1-A482-C95D-EA42-9183B5BDFA12
-7.146974,-26.38296,0,0B5863F1-A482-C95D-EA42-9183B5BDFA12
59.36349,-25.336445,0,0B5863F1-A482-C95D-EA42-9183B5BDFA12
59.346554,-24.670347,0,0B5863F1-A482-C95D-EA42-9183B5BDFA12
59.73403,-18.179485,0,0B5863F1-A482-C95D-EA42-9183B5BDFA12
60.348618,-18.351257,0,0B5863F1-A482-C95D-EA42-9183B5BDFA12
60.46132,-18.097965,0,0B5863F1-A482-C95D-EA42-9183B5BDFA12
26.93976,62.72971,1,0D759376-3F10-1BEB-7205-E91B8BF17984
27.250698,63.093338,1,0D759376-3F10-1BEB-7205-E91B8BF17984
27.473373,63.424892,1,0D759376-3F10-1BEB-7205-E91B8BF17984
27.922415,64.206024,0,0D759376-3F10-1BEB-7205-E91B8BF17984
58.471542,12.296417,0,0D759376-3F10-1BEB-7205-E91B8BF17984
62.275146,-13.870897,0,0D759376-3F10-1BEB-7205-E91B8BF17984
38.13098,31.020899,1,0D759376-3F10-1BEB-7205-E91B8BF17984
47.34846,11.693139,1,0D759376-3F10-1BEB-7205-E91B8BF17984
47.783367,11.2623625,1,0D759376-3F10-1BEB-7205-E91B8BF17984
47.907116,10.296293,1,0D759376-3F10-1BEB-7205-E91B8BF17984
51.101288,6.8652525,1,0D759376-3F10-1BEB-7205-E91B8BF17984
51.40967,6.4733605,1,0D759376-3F10-1BEB-7205-E91B8BF17984
51.40928,7.349013,1,0D759376-3F10-1BEB-7205-E91B8BF17984
36.451077,31.69732,1,0D759376-3F10-1BEB-7205-E91B8BF17984
36.075893,31.127033,1,0D759376-3F10-1BEB-7205-E91B8BF17984
35.56297,33.018684,1,0D759376-3F10-1BEB-7205-E91B8BF17984
35.37513,31.222853,1,0D759376-3F10-1BEB-7205-E91B8BF17984
35.45393,32.35317,1,0D759376-3F10-1BEB-7205-E91B8BF17984
-12.9697485,34.52661,0,0F3B2D98-51FE-5265-3746-A0763DE31C98
-12.733657,34.214977,0,0F3B2D98-51FE-5265-3746-A0763DE31C98
5.7681484,-19.574171,0,0F3B2D98-51FE-5265-3746-A0763DE31C98
53.3238,10.865974,0,0F3B2D98-51FE-5265-3746-A0763DE31C98
20.709578,8.543359,0,0F3B2D98-51FE-5265-3746-A0763DE31C98
37.65306,26.341158,0,0F3B2D98-51FE-5265-3746-A0763DE31C98
-50.273426,14.271191,1,0F3B2D98-51FE-5265-3746-A0763DE31C98
-37.12568,26.999582,1,0F3B2D98-51FE-5265-3746-A0763DE31C98
-49.147102,21.527422,1,0F3B2D98-51FE-5265-3746-A0763DE31C98
-49.26951,21.629179,1,0F3B2D98-51FE-5265-3746-A0763DE31C98
-50.423775,22.455896,1,0F3B2D98-51FE-5265-3746-A0763DE31C98
-50.609837,22.620955,1,0F3B2D98-51FE-5265-3746-A0763DE31C98
-14.3668,42.3038,1,0F3B2D98-51FE-5265-3746-A0763DE31C98
-19.699604,-10.422124,1,0F3B2D98-51FE-5265-3746-A0763DE31C98
-11.753101,0.51407415,1,0F3B2D98-51FE-5265-3746-A0763DE31C98
-11.298167,0.48162442,1,0F3B2D98-51FE-5265-3746-A0763DE31C98
-11.100754,0.44538942,1,0F3B2D98-51FE-5265-3746-A0763DE31C98
-0.87366384,-9.381647,1,0F3B2D98-51FE-5265-3746-A0763DE31C98
51.27053,-13.555513,0,0F3B2D98-51FE-5265-3746-A0763DE31C98
49.84256,-12.786273,0,0F3B2D98-51FE-5265-3746-A0763DE31C98
49.90271,-12.733888,0,0F3B2D98-51FE-5265-3746-A0763DE31C98
53.50658,-10.178818,0,0F3B2D98-51FE-5265-3746-A0763DE31C98
53.26827,-11.366563,0,0F3B2D98-51FE-5265-3746-A0763DE31C98
53.397835,-12.5354805,1,0F3B2D98-51FE-5265-3746-A0763DE31C98
-16.270435,26.403736,0,10FFF83C-FD48-DCA7-E554-491C3C1E3EC6
53.483303,-32.094494,0,10FFF83C-FD48-DCA7-E554-491C3C1E3EC6
46.964798,10.171381,1,10FFF83C-FD48-DCA7-E554-491C3C1E3EC6
47.923313,13.162157,1,10FFF83C-FD48-DCA7-E554-491C3C1E3EC6
47.97151,13.130938,1,10FFF83C-FD48-DCA7-E554-491C3C1E3EC6
59.646076,-10.571725,1,10FFF83C-FD48-DCA7-E554-491C3C1E3EC6
-7.8222504,-27.053078,1,10FFF83C-FD48-DCA7-E554-491C3C1E3EC6
49.311096,-0.1641946,1,10FFF83C-FD48-DCA7-E554-491C3C1E3EC6
48.85721,-2.2232344,1,10FFF83C-FD48-DCA7-E554-491C3C1E3EC6
48.700172,-2.184347,1,10FFF83C-FD48-DCA7-E554-491C3C1E3EC6
48.553165,-2.3464067,1,10FFF83C-FD48-DCA7-E554-491C3C1E3EC6
42.21945,21.746881,1,10FFF83C-FD48-DCA7-E554-491C3C1E3EC6
-25.1857,-44.791782,2,14027B3A-0AD6-CBA3-A600-42B3C0A4D933
-25.179996,-44.78924,2,14027B3A-0AD6-CBA3-A600-42B3C0A4D933
2.1731005,-54.562355,2,14027B3A-0AD6-CBA3-A600-42B3C0A4D933
41.267963,-48.308624,0,14027B3A-0AD6-CBA3-A600-42B3C0A4D933
47.041553,20.72894,0,14027B3A-0AD6-CBA3-A600-42B3C0A4D933
56.20389,-20.70077,0,14027B3A-0AD6-CBA3-A600-42B3C0A4D933
53.851933,-4.78479,0,14027B3A-0AD6-CBA3-A600-42B3C0A4D933
54.48962,19.481226,0,14027B3A-0AD6-CBA3-A600-42B3C0A4D933
54.529358,19.739548,0,14027B3A-0AD6-CBA3-A600-42B3C0A4D933
54.44378,18.727894,0,14027B3A-0AD6-CBA3-A600-42B3C0A4D933
13.116439,16.329226,0,14027B3A-0AD6-CBA3-A600-42B3C0A4D933
-31.727701,0.4105761,2,14027B3A-0AD6-CBA3-A600-42B3C0A4D933
-32.42987,1.9145103,2,14027B3A-0AD6-CBA3-A600-42B3C0A4D933
-32.40675,2.0984066,0,14027B3A-0AD6-CBA3-A600-42B3C0A4D933
-32.424088,2.3467302,0,14027B3A-0AD6-CBA3-A600-42B3C0A4D933
-28.899952,4.7891946,2,165B40B2-D9B2-DBC0-AE48-02C0F49A609F
-29.655752,4.475973,2,165B40B2-D9B2-DBC0-AE48-02C0F49A609F
-29.700994,4.4861083,2,165B40B2-D9B2-DBC0-AE48-02C0F49A609F
-10.156328,-23.377504,2,165B40B2-D9B2-DBC0-AE48-02C0F49A609F
23.393911,-19.357832,2,165B40B2-D9B2-DBC0-AE48-02C0F49A609F
23.410925,-19.351282,2,165B40B2-D9B2-DBC0-AE48-02C0F49A609F
-27.55737,23.124508,2,165B40B2-D9B2-DBC0-AE48-02C0F49A609F
-38.867214,-13.95631,2,165B40B2-D9B2-DBC0-AE48-02C0F49A609F
-38.90326,-13.625328,2,165B40B2-D9B2-DBC0-AE48-02C0F49A609F
-38.808655,-13.059494,2,165B40B2-D9B2-DBC0-AE48-02C0F49A609F
-39.28084,-13.000401,2,165B40B2-D9B2-DBC0-AE48-02C0F49A609F
-37.9434,-13.460211,2,165B40B2-D9B2-DBC0-AE48-02C0F49A609F
-39.173042,-37.153988,2,165B40B2-D9B2-DBC0-AE48-02C0F49A609F
-38.812824,-37.60402,2,165B40B2-D9B2-DBC0-AE48-02C0F49A609F
-38.683403,-37.792732,2,165B40B2-D9B2-DBC0-AE48-02C0F49A609F
-38.080204,-38.061695,2,165B40B2-D9B2-DBC0-AE48-02C0F49A609F
-38.303474,-38.874924,1,165B40B2-D9B2-DBC0-AE48-02C0F49A609F
25.460642,-15.266567,1,165B40B2-D9B2-DBC0-AE48-02C0F49A609F
-20.888578,26.961405,2,165B40B2-D9B2-DBC0-AE48-02C0F49A609F
11.222255,52.607887,2,165B40B2-D9B2-DBC0-AE48-02C0F49A609F
-53.12726,32.45042,2,165B40B2-D9B2-DBC0-AE48-02C0F49A609F
-53.33553,32.256184,2,165B40B2-D9B2-DBC0-AE48-02C0F49A609F
-54.70003,31.879156,2,165B40B2-D9B2-DBC0-AE48-02C0F49A609F
-54.831486,31.846512,2,165B40B2-D9B2-DBC0-AE48-02C0F49A609F
-52.337925,32.12007,2,165B40B2-D9B2-DBC0-AE48-02C0F49A609F
32.0591,36.557434,0,165B40B2-D9B2-DBC0-AE48-02C0F49A609F
36.39238,-4.1516933,0,165B40B2-D9B2-DBC0-AE48-02C0F49A609F
36.534996,-4.0335374,0,165B40B2-D9B2-DBC0-AE48-02C0F49A609F
36.22529,-3.6772232,0,165B40B2-D9B2-DBC0-AE48-02C0F49A609F
41.729954,-9.725152,0,165B40B2-D9B2-DBC0-AE48-02C0F49A609F
-75.19151,-13.551024,2,172A62AD-9B69-33E2-1551-9526879D80AC
-75.17199,-13.590372,2,172A62AD-9B69-33E2-1551-9526879D80AC
-75.157585,-13.651331,2,172A62AD-9B69-33E2-1551-9526879D80AC
-31.965017,-42.90032,2,172A62AD-9B69-33E2-1551-9526879D80AC
-32.609493,-42.65956,2,172A62AD-9B69-33E2-1551-9526879D80AC
-32.631298,-42.65178,2,172A62AD-9B69-33E2-1551-9526879D80AC
56.607037,-2.9476259,1,172A62AD-9B69-33E2-1551-9526879D80AC
56.584152,-3.0556452,1,172A62AD-9B69-33E2-1551-9526879D80AC
-4.8677382,36.979248,1,172A62AD-9B69-33E2-1551-9526879D80AC
-19.511456,13.599913,1,172A62AD-9B69-33E2-1551-9526879D80AC
-69.582924,-6.886021,2,172A62AD-9B69-33E2-1551-9526879D80AC
-69.412186,-6.9411116,2,172A62AD-9B69-33E2-1551-9526879D80AC
-47.55377,25.096724,2,172A62AD-9B69-33E2-1551-9526879D80AC
-73.99091,4.301328,2,172A62AD-9B69-33E2-1551-9526879D80AC
-64.29472,-7.7363305,2,172A62AD-9B69-33E2-1551-9526879D80AC
-63.690247,-9.582066,2,172A62AD-9B69-33E2-1551-9526879D80AC
-64.27151,-9.117111,2,172A62AD-9B69-33E2-1551-9526879D80AC
-64.46992,-8.580941,2,172A62AD-9B69-33E2-1551-9526879D80AC
-13.072679,-3.0512974,2,172A62AD-9B69-33E2-1551-9526879D80AC
-42.31612,1.7355481,2,172A62AD-9B69-33E2-1551-9526879D80AC
-42.347122,1.8152506,2,172A62AD-9B69-33E2-1551-9526879D80AC
-41.619034,1.4147258,2,172A62AD-9B69-33E2-1551-9526879D80AC
2.0691898,12.239018,2,172A62AD-9B69-33E2-1551-9526879D80AC
2.0714214,12.193885,2,172A62AD-9B69-33E2-1551-9526879D80AC
-17.347721,-21.632118,1,1AE03BA6-E346-DEB8-4865-276ECC5CD9B1
-17.219835,-21.323013,2,1AE03BA6-E346-DEB8-4865-276ECC5CD9B1
-17.160595,-21.332863,2,1AE03BA6-E346-DEB8-4865-276ECC5CD9B1
12.480138,-18.665504,2,1AE03BA6-E346-DEB8-4865-276ECC5CD9B1
12.461632,-18.714575,2,1AE03BA6-E346-DEB8-4865-276ECC5CD9B1
10.823512,-49.296753,2,1AE03BA6-E346-DEB8-4865-276ECC5CD9B1
-10.5054865,-26.846563,0,1AE03BA6-E346-DEB8-4865-276ECC5CD9B1
51.93701,-33.97847,0,1AE03BA6-E346-DEB8-4865-276ECC5CD9B1
41.39357,31.322786,0,1AE03BA6-E346-DEB8-4865-276ECC5CD9B1
41.286148,31.31334,0,1AE03BA6-E346-DEB8-4865-276ECC5CD9B1
52.454807,-13.530318,0,1AE03BA6-E346-DEB8-4865-276ECC5CD9B1
34.95343,0.052312087,0,1AE03BA6-E346-DEB8-4865-276ECC5CD9B1
22.953499,-10.890796,1,1AE03BA6-E346-DEB8-4865-276ECC5CD9B1
23.001795,-10.849407,1,1AE03BA6-E346-DEB8-4865-276ECC5CD9B1
34.537743,-0.12610672,1,1AE03BA6-E346-DEB8-4865-276ECC5CD9B1
49.535107,6.2957187,1,1AE03BA6-E346-DEB8-4865-276ECC5CD9B1
22.26936,52.549347,1,1AE03BA6-E346-DEB8-4865-276ECC5CD9B1
22.279882,52.51459,1,1AE03BA6-E346-DEB8-4865-276ECC5CD9B1
-29.140232,-39.58886,2,1AE03BA6-E346-DEB8-4865-276ECC5CD9B1
-29.151031,-39.593548,2,1AE03BA6-E346-DEB8-4865-276ECC5CD9B1
-39.567986,-39.441307,2,1AE03BA6-E346-DEB8-4865-276ECC5CD9B1
-70.251526,-20.578207,2,1AE03BA6-E346-DEB8-4865-276ECC5CD9B1
-70.2039,-20.675879,2,1AE03BA6-E346-DEB8-4865-276ECC5CD9B1
-70.08854,-20.86988,2,1AE03BA6-E346-DEB8-4865-276ECC5CD9B1
19.353048,56.58345,1,1AE03BA6-E346-DEB8-4865-276ECC5CD9B1
-3.641276,31.242262,0,1AE03BA6-E346-DEB8-4865-276ECC5CD9B1
11.2246895,-8.412699,0,1AE03BA6-E346-DEB8-4865-276ECC5CD9B1
11.678342,18.917967,0,1AE03BA6-E346-DEB8-4865-276ECC5CD9B1
9.797029,-9.439651,0,1AE03BA6-E346-DEB8-4865-276ECC5CD9B1
9.653807,-9.657931,0,1AE03BA6-E346-DEB8-4865-276ECC5CD9B1
16.092026,56.557133,1,1AE03BA6-E346-DEB8-4865-276ECC5CD9B1
16.006145,56.4673,1,1AE03BA6-E346-DEB8-4865-276ECC5CD9B1
7.9714,54.23394,1,1AE03BA6-E346-DEB8-4865-276ECC5CD9B1
7.481376,54.3538,1,1AE03BA6-E346-DEB8-4865-276ECC5CD9B1
39.186615,1.001479,1,1AE03BA6-E346-DEB8-4865-276ECC5CD9B1
14.968018,50.606365,1,1AE03BA6-E346-DEB8-4865-276ECC5CD9B1
-28.647831,-15.566043,2,1F6A56CA-9C73-442F-2682-BB69E4B03AB2
-28.457342,-15.541365,2,1F6A56CA-9C73-442F-2682-BB69E4B03AB2
-26.433468,-15.066143,2,1F6A56CA-9C73-442F-2682-BB69E4B03AB2
-26.54298,-14.010152,2,1F6A56CA-9C73-442F-2682-BB69E4B03AB2
-26.154821,-13.118792,2,1F6A56CA-9C73-442F-2682-BB69E4B03AB2
-26.07154,-11.706138,2,1F6A56CA-9C73-442F-2682-BB69E4B03AB2
-61.3841,-0.41203275,2,1F6A56CA-9C73-442F-2682-BB69E4B03AB2
-13.296853,30.176733,2,1F6A56CA-9C73-442F-2682-BB69E4B03AB2
-12.835538,30.225084,2,1F6A56CA-9C73-442F-2682-BB69E4B03AB2
9.342555,42.56757,2,1F6A56CA-9C73-442F-2682-BB69E4B03AB2
35.241077,20.552862,2,1F6A56CA-9C73-442F-2682-BB69E4B03AB2
-0.8229001,-13.645306,2,1F6A56CA-9C73-442F-2682-BB69E4B03AB2
20.14202,-46.483162,0,1F6A56CA-9C73-442F-2682-BB69E4B03AB2
34.699028,-12.398355,0,1F6A56CA-9C73-442F-2682-BB69E4B03AB2
34.52507,-12.151324,0,1F6A56CA-9C73-442F-2682-BB69E4B03AB2
34.158497,-11.656413,0,1F6A56CA-9C73-442F-2682-BB69E4B03AB2
21.077724,45.86352,0,1F6A56CA-9C73-442F-2682-BB69E4B03AB2
-35.506733,-10.046762,2,1F6A56CA-9C73-442F-2682-BB69E4B03AB2
11.981374,17.614328,1,1FA97947-2FB7-D626-8CD3-2426BEEE97D1
13.625719,-53.397385,1,1FA97947-2FB7-D626-8CD3-2426BEEE97D1
13.423227,-53.45106,1,1FA97947-2FB7-D626-8CD3-2426BEEE97D1
12.647746,-53.720535,1,1FA97947-2FB7-D626-8CD3-2426BEEE97D1
14.266539,-53.240883,1,1FA97947-2FB7-D626-8CD3-2426BEEE97D1
14.970147,-53.161137,1,1FA97947-2FB7-D626-8CD3-2426BEEE97D1
43.872986,4.1596475,1,1FA97947-2FB7-D626-8CD3-2426BEEE97D1
24.447994,-13.781814,1,1FA97947-2FB7-D626-8CD3-2426BEEE97D1
2.6975114,-14.602642,1,1FA97947-2FB7-D626-8CD3-2426BEEE97D1
-10.456499,15.218633,1,1FA97947-2FB7-D626-8CD3-2426BEEE97D1
-10.586589,15.371331,1,1FA97947-2FB7-D626-8CD3-2426BEEE97D1
12.994448,48.063423,1,1FA97947-2FB7-D626-8CD3-2426BEEE97D1
-52.305943,8.138298,2,1FA97947-2FB7-D626-8CD3-2426BEEE97D1
-52.966885,8.28874,2,1FA97947-2FB7-D626-8CD3-2426BEEE97D1
-53.423084,8.274095,2,1FA97947-2FB7-D626-8CD3-2426BEEE97D1
-57.680393,2.570261,2,1FA97947-2FB7-D626-8CD3-2426BEEE97D1
-57.685436,2.254951,2,1FA97947-2FB7-D626-8CD3-2426BEEE97D1
-57.260456,1.6684805,2,1FA97947-2FB7-D626-8CD3-2426BEEE97D1
8.31522,1.8401266,2,1FA97947-2FB7-D626-8CD3-2426BEEE97D1
21.456682,17.879932,2,1FA97947-2FB7-D626-8CD3-2426BEEE97D1
21.597715,17.833935,2,1FA97947-2FB7-D626-8CD3-2426BEEE97D1
16.861265,30.879848,2,243FE25F-E451-21F6-7EFA-F9DACC7D31CA
16.56175,30.607628,2,243FE25F-E451-21F6-7EFA-F9DACC7D31CA
22.172926,44.495407,2,243FE25F-E451-21F6-7EFA-F9DACC7D31CA
38.56835,22.810974,2,243FE25F-E451-21F6-7EFA-F9DACC7D31CA
38.515675,22.697212,2,243FE25F-E451-21F6-7EFA-F9DACC7D31CA
34.28487,11.152409,2,243FE25F-E451-21F6-7EFA-F9DACC7D31CA
-45.87745,-4.7510147,2,243FE25F-E451-21F6-7EFA-F9DACC7D31CA
-46.08993,-4.937419,2,243FE25F-E451-21F6-7EFA-F9DACC7D31CA
-46.16026,-4.2600236,2,243FE25F-E451-21F6-7EFA-F9DACC7D31CA
-47.35149,-4.290059,2,243FE25F-E451-21F6-7EFA-F9DACC7D31CA
-47.564224,-4.417298,2,243FE25F-E451-21F6-7EFA-F9DACC7D31CA
-47.614605,-4.330058,2,243FE25F-E451-21F6-7EFA-F9DACC7D31CA
-16.651012,5.358465,2,243FE25F-E451-21F6-7EFA-F9DACC7D31CA
-16.690357,5.361425,2,243FE25F-E451-21F6-7EFA-F9DACC7D31CA
-45.981125,-7.5363526,2,243FE25F-E451-21F6-7EFA-F9DACC7D31CA
-45.148296,-7.2756324,2,243FE25F-E451-21F6-7EFA-F9DACC7D31CA
-44.875755,-7.5302835,2,243FE25F-E451-21F6-7EFA-F9DACC7D31CA
-45.13349,-8.194878,2,243FE25F-E451-21F6-7EFA-F9DACC7D31CA
-44.72292,-8.393302,0,243FE25F-E451-21F6-7EFA-F9DACC7D31CA
-44.57435,-8.274633,0,243FE25F-E451-21F6-7EFA-F9DACC7D31CA
-43.470673,-9.953292,0,243FE25F-E451-21F6-7EFA-F9DACC7D31CA
-42.72455,-8.716012,0,243FE25F-E451-21F6-7EFA-F9DACC7D31CA
-42.407547,-8.910945,0,243FE25F-E451-21F6-7EFA-F9DACC7D31CA
-42.08999,-8.879452,0,243FE25F-E451-21F6-7EFA-F9DACC7D31CA
-25.093088,27.124924,2,2656C6B4-988A-A958-5107-5422027AEE1D
-4.9131303,45.715473,2,2656C6B4-988A-A958-5107-5422027AEE1D
-55.55922,13.2340555,2,2656C6B4-988A-A958-5107-5422027AEE1D
-69.91963,-10.024604,2,2656C6B4-988A-A958-5107-5422027AEE1D
-70.47446,-10.737431,2,2656C6B4-988A-A958-5107-5422027AEE1D
-70.53062,-10.820424,2,2656C6B4-988A-A958-5107-5422027AEE1D
-14.490563,-45.566845,2,2656C6B4-988A-A958-5107-5422027AEE1D
-14.545474,-45.56878,2,2656C6B4-988A-A958-5107-5422027AEE1D
-43.96576,-22.005974,2,2656C6B4-988A-A958-5107-5422027AEE1D
-8.855237,-29.191555,2,2656C6B4-988A-A958-5107-5422027AEE1D
-8.836999,-29.465963,2,2656C6B4-988A-A958-5107-5422027AEE1D
-22.96969,18.756926,2,2656C6B4-988A-A958-5107-5422027AEE1D
6.927853,-5.122709,0,2656C6B4-988A-A958-5107-5422027AEE1D
7.394904,-5.4798403,0,2656C6B4-988A-A958-5107-5422027AEE1D
7.4946337,-5.5636907,0,2656C6B4-988A-A958-5107-5422027AEE1D
5.252753,-4.436253,0,2656C6B4-988A-A958-5107-5422027AEE1D
5.3097525,-4.4705553,0,2656C6B4-988A-A958-5107-5422027AEE1D
-22.928305,-4.3901343,0,2656C6B4-988A-A958-5107-5422027AEE1D
37.475906,16.672386,0,27C12E79-B4DD-AA48-E99E-552C6BAEBA6F
8.355478,-57.342144,0,27C12E79-B4DD-AA48-E99E-552C6BAEBA6F
8.27593,-57.35559,2,27C12E79-B4DD-AA48-E99E-552C6BAEBA6F
8.373307,-57.2751,2,27C12E79-B4DD-AA48-E99E-552C6BAEBA6F
7.590903,-57.34396,2,27C12E79-B4DD-AA48-E99E-552C6BAEBA6F
14.987586,-8.779668,2,27C12E79-B4DD-AA48-E99E-552C6BAEBA6F
33.02103,50.003483,2,27C12E79-B4DD-AA48-E99E-552C6BAEBA6F
20.677853,50.692066,2,27C12E79-B4DD-AA48-E99E-552C6BAEBA6F
-12.661962,47.587067,0,27C12E79-B4DD-AA48-E99E-552C6BAEBA6F
-7.436941,11.963233,0,27C12E79-B4DD-AA48-E99E-552C6BAEBA6F
-6.6802216,12.206707,0,27C12E79-B4DD-AA48-E99E-552C6BAEBA6F
-6.437005,12.263656,0,27C12E79-B4DD-AA48-E99E-552C6BAEBA6F
60.328266,23.119059,0,27C12E79-B4DD-AA48-E99E-552C6BAEBA6F
38.989597,-31.170063,0,27C12E79-B4DD-AA48-E99E-552C6BAEBA6F
39.20788,-31.097397,0,27C12E79-B4DD-AA48-E99E-552C6BAEBA6F
17.20817,-45.406532,2,27C12E79-B4DD-AA48-E99E-552C6BAEBA6F
17.017048,-45.37333,2,27C12E79-B4DD-AA48-E99E-552C6BAEBA6F
16.844807,-45.391003,2,27C12E79-B4DD-AA48-E99E-552C6BAEBA6F
33.317688,53.986973,2,27C12E79-B4DD-AA48-E99E-552C6BAEBA6F
33.31764,54.07908,2,27C12E79-B4DD-AA48-E99E-552C6BAEBA6F
56.396355,2.6927922,2,27C12E79-B4DD-AA48-E99E-552C6BAEBA6F
-36.090694,-14.674381,2,2C636222-CB43-AB6F-444A-7278047991C7
-22.113781,-44.625854,2,2C636222-CB43-AB6F-444A-7278047991C7
49.920826,-22.326475,2,2C636222-CB43-AB6F-444A-7278047991C7
9.895157,-57.04483,2,2C636222-CB43-AB6F-444A-7278047991C7
3.8194995,-57.101616,2,2C636222-CB43-AB6F-444A-7278047991C7
3.5480554,-57.129826,2,2C636222-CB43-AB6F-444A-7278047991C7
26.844416,-19.207659,0,2C636222-CB43-AB6F-444A-7278047991C7
37.943516,51.297604,0,2C636222-CB43-AB6F-444A-7278047991C7
37.558716,51.39183,0,2C636222-CB43-AB6F-444A-7278047991C7
37.697517,51.29754,0,2C636222-CB43-AB6F-444A-7278047991C7
40.07913,29.855318,0,2C636222-CB43-AB6F-444A-7278047991C7
6.5322413,-45.687443,2,2C636222-CB43-AB6F-444A-7278047991C7
6.508323,-45.532784,2,2C636222-CB43-AB6F-444A-7278047991C7
-11.03021,-34.01114,2,2C636222-CB43-AB6F-444A-7278047991C7
-48.295513,-24.330276,2,2C636222-CB43-AB6F-444A-7278047991C7
-48.316643,-24.28801,2,2C636222-CB43-AB6F-444A-7278047991C7
-48.067184,-25.127901,2,2C636222-CB43-AB6F-444A-7278047991C7
4.302743,-39.246506,2,2C636222-CB43-AB6F-444A-7278047991C7
-13.407123,-27.810047,2,2C636222-CB43-AB6F-444A-7278047991C7
-13.212437,-27.799042,2,2C636222-CB43-AB6F-444A-7278047991C7
19.957706,-41.56703,2,2C636222-CB43-AB6F-444A-7278047991C7
42.730026,-41.23502,2,2C636222-CB43-AB6F-444A-7278047991C7
50.208004,-10.078486,0,2C636222-CB43-AB6F-444A-7278047991C7
49.133675,-26.29476,2,2C636222-CB43-AB6F-444A-7278047991C7
-32.451622,-25.004387,2,2C636222-CB43-AB6F-444A-7278047991C7
-32.367775,-25.085396,2,2C636222-CB43-AB6F-444A-7278047991C7
-32.698444,-24.658756,2,2C636222-CB43-AB6F-444A-7278047991C7
-0.39581996,-23.266424,2,2C636222-CB43-AB6F-444A-7278047991C7
37.13655,-14.915364,2,2C636222-CB43-AB6F-444A-7278047991C7
36.204845,-14.822847,2,2C636222-CB43-AB6F-444A-7278047991C7
-27.439575,-18.889511,2,35FEE4B0-EF25-110F-8D86-5410FA57646B
-27.4445,-18.700161,2,35FEE4B0-EF25-110F-8D86-5410FA57646B
-14.096582,2.559629,2,35FEE4B0-EF25-110F-8D86-5410FA57646B
-13.713407,2.6472754,2,35FEE4B0-EF25-110F-8D86-5410FA57646B
-36.07197,1.6624792,2,35FEE4B0-EF25-110F-8D86-5410FA57646B
-3.61895,35.11362,1,35FEE4B0-EF25-110F-8D86-5410FA57646B
-45.598362,7.068545,2,35FEE4B0-EF25-110F-8D86-5410FA57646B
-11.304074,-52.31562,2,35FEE4B0-EF25-110F-8D86-5410FA57646B
-10.755747,-52.42483,2,35FEE4B0-EF25-110F-8D86-5410FA57646B
-10.441905,-52.50764,2,35FEE4B0-EF25-110F-8D86-5410FA57646B
25.880493,-46.473362,1,35FEE4B0-EF25-110F-8D86-5410FA57646B
25.974262,-46.49297,1,35FEE4B0-EF25-110F-8D86-5410FA57646B
23.584076,-8.225975,1,35FEE4B0-EF25-110F-8D86-5410FA57646B
-34.905315,19.609194,1,35FEE4B0-EF25-110F-8D86-5410FA57646B
-35.632812,-5.717771,1,35FEE4B0-EF25-110F-8D86-5410FA57646B
-35.664825,-5.6152096,0,35FEE4B0-EF25-110F-8D86-5410FA57646B
-1.429826,28.731783,0,35FEE4B0-EF25-110F-8D86-5410FA57646B
-1.4616556,28.689466,0,35FEE4B0-EF25-110F-8D86-5410FA57646B
10.397941,26.275614,0,35FEE4B0-EF25-110F-8D86-5410FA57646B
10.533636,26.320446,2,35FEE4B0-EF25-110F-8D86-5410FA57646B
10.876473,26.36157,2,35FEE4B0-EF25-110F-8D86-5410FA57646B
21.29423,-10.879151,2,35FEE4B0-EF25-110F-8D86-5410FA57646B
-2.6615245,-30.956629,1,35FEE4B0-EF25-110F-8D86-5410FA57646B
11.343708,-44.06487,1,35FEE4B0-EF25-110F-8D86-5410FA57646B
59.35814,-22.254747,0,35FEE4B0-EF25-110F-8D86-5410FA57646B
48.61614,4.1926103,1,35FEE4B0-EF25-110F-8D86-5410FA57646B
29.300451,21.476702,1,35FEE4B0-EF25-110F-8D86-5410FA57646B
29.364244,21.780706,1,35FEE4B0-EF25-110F-8D86-5410FA57646B
29.431969,21.9961,1,35FEE4B0-EF25-110F-8D86-5410FA57646B
28.089027,58.767235,1,35FEE4B0-EF25-110F-8D86-5410FA57646B
42.206192,0.7576441,2,37249306-1597-DC6D-3544-6FEDBBF8B848
-31.761225,-38.065887,2,37249306-1597-DC6D-3544-6FEDBBF8B848
-65.138756,-4.3893332,0,37249306-1597-DC6D-3544-6FEDBBF8B848
-64.94953,-4.595694,0,37249306-1597-DC6D-3544-6FEDBBF8B848
-41.530846,-20.116348,2,37249306-1597-DC6D-3544-6FEDBBF8B848
-41.579525,-20.051085,2,37249306-1597-DC6D-3544-6FEDBBF8B848
-11.643441,-30.363838,0,37249306-1597-DC6D-3544-6FEDBBF8B848
48.83155,-19.961273,0,37249306-1597-DC6D-3544-6FEDBBF8B848
11.221262,-37.0377,0,37249306-1597-DC6D-3544-6FEDBBF8B848
11.24244,-37.029396,1,37249306-1597-DC6D-3544-6FEDBBF8B848
10.850509,-37.41371,1,37249306-1597-DC6D-3544-6FEDBBF8B848
-27.774054,-36.2676,1,37249306-1597-DC6D-3544-6FEDBBF8B848
48.290752,-39.197296,0,37249306-1597-DC6D-3544-6FEDBBF8B848
35.63548,14.941873,0,37249306-1597-DC6D-3544-6FEDBBF8B848
56.41623,-38.985863,0,37249306-1597-DC6D-3544-6FEDBBF8B848
56.511627,-38.843548,0,37249306-1597-DC6D-3544-6FEDBBF8B848
62.277508,1.8377728,0,37249306-1597-DC6D-3544-6FEDBBF8B848
62.415592,1.9699069,1,37249306-1597-DC6D-3544-6FEDBBF8B848
-39.98427,-12.479448,2,3FC0B5B3-AC42-BF96-D8EE-10E81EAAACF6
-18.58839,-27.71531,2,3FC0B5B3-AC42-BF96-D8EE-10E81EAAACF6
-18.621023,-27.764736,2,3FC0B5B3-AC42-BF96-D8EE-10E81EAAACF6
20.032827,-27.67156,2,3FC0B5B3-AC42-BF96-D8EE-10E81EAAACF6
-67.92738,13.747882,2,3FC0B5B3-AC42-BF96-D8EE-10E81EAAACF6
-67.98196,13.720569,2,3FC0B5B3-AC42-BF96-D8EE-10E81EAAACF6
-16.79325,-15.824126,2,3FC0B5B3-AC42-BF96-D8EE-10E81EAAACF6
-16.566021,-16.02018,2,3FC0B5B3-AC42-BF96-D8EE-10E81EAAACF6
-16.116241,-16.498114,2,3FC0B5B3-AC42-BF96-D8EE-10E81EAAACF6
-16.293789,-16.282528,2,3FC0B5B3-AC42-BF96-D8EE-10E81EAAACF6
-1.9225551,-27.617699,2,3FC0B5B3-AC42-BF96-D8EE-10E81EAAACF6
-14.153688,26.495876,2,3FC0B5B3-AC42-BF96-D8EE-10E81EAAACF6
14.465554,20.824844,1,3FC0B5B3-AC42-BF96-D8EE-10E81EAAACF6
15.104535,20.646866,2,3FC0B5B3-AC42-BF96-D8EE-10E81EAAACF6
15.920952,20.627022,2,3FC0B5B3-AC42-BF96-D8EE-10E81EAAACF6
40.64552,22.339787,0,3FC0B5B3-AC42-BF96-D8EE-10E81EAAACF6
34.288795,55.00708,0,3FC0B5B3-AC42-BF96-D8EE-10E81EAAACF6
59.69528,-10.378244,0,3FC0B5B3-AC42-BF96-D8EE-10E81EAAACF6
-67.30004,20.351015,2,4690C2DC-C0B5-6C1B-880A-D31C46C8A565
-67.33356,20.462597,2,4690C2DC-C0B5-6C1B-880A-D31C46C8A565
-50.89935,15.031762,2,4690C2DC-C0B5-6C1B-880A-D31C46C8A565
-10.867951,-23.922617,2,4690C2DC-C0B5-6C1B-880A-D31C46C8A565
31.918377,-39.14878,0,4690C2DC-C0B5-6C1B-880A-D31C46C8A565
-13.457522,-43.948368,0,4690C2DC-C0B5-6C1B-880A-D31C46C8A565
-12.709493,-44.094467,0,4690C2DC-C0B5-6C1B-880A-D31C46C8A565
-38.771515,-29.846632,0,4690C2DC-C0B5-6C1B-880A-D31C46C8A565
-41.84872,-27.84277,0,4690C2DC-C0B5-6C1B-880A-D31C46C8A565
-40.320435,-29.693228,0,4690C2DC-C0B5-6C1B-880A-D31C46C8A565
-40.465607,-29.21044,0,4690C2DC-C0B5-6C1B-880A-D31C46C8A565
-40.7772,-28.952425,0,4690C2DC-C0B5-6C1B-880A-D31C46C8A565
-0.81122404,-3.1017442,2,4690C2DC-C0B5-6C1B-880A-D31C46C8A565
-0.8068232,-3.1096692,2,4690C2DC-C0B5-6C1B-880A-D31C46C8A565
-4.088588,-57.997925,0,4690C2DC-C0B5-6C1B-880A-D31C46C8A565
-4.1245503,-57.981243,0,4690C2DC-C0B5-6C1B-880A-D31C46C8A565
-27.311092,-24.695862,0,4690C2DC-C0B5-6C1B-880A-D31C46C8A565
2.2537124,-51.52737,0,4690C2DC-C0B5-6C1B-880A-D31C46C8A565
15.837993,-17.009144,2,4690C2DC-C0B5-6C1B-880A-D31C46C8A565
15.224925,-17.08314,2,4690C2DC-C0B5-6C1B-880A-D31C46C8A565
16.953026,-17.034805,2,4690C2DC-C0B5-6C1B-880A-D31C46C8A565
16.983078,-17.024605,2,4690C2DC-C0B5-6C1B-880A-D31C46C8A565
18.021975,-16.861113,2,4690C2DC-C0B5-6C1B-880A-D31C46C8A565
38.136726,-35.335106,0,4690C2DC-C0B5-6C1B-880A-D31C46C8A565
-14.655377,49.363476,2,46A9A47E-EDE3-2EF4-2F06-E95AF67D57E1
-69.596405,20.496622,2,46A9A47E-EDE3-2EF4-2F06-E95AF67D57E1
-69.44173,20.683233,2,46A9A47E-EDE3-2EF4-2F06-E95AF67D57E1
-75.386536,3.426761,2,46A9A47E-EDE3-2EF4-2F06-E95AF67D57E1
-65.99463,-16.237953,2,46A9A47E-EDE3-2EF4-2F06-E95AF67D57E1
-67.62152,-15.423694,2,46A9A47E-EDE3-2EF4-2F06-E95AF67D57E1
-12.059185,-37.71171,0,46A9A47E-EDE3-2EF4-2F06-E95AF67D57E1
-11.982188,-37.606026,0,46A9A47E-EDE3-2EF4-2F06-E95AF67D57E1
46.442375,-17.839136,0,46A9A47E-EDE3-2EF4-2F06-E95AF67D57E1
46.90867,-17.859493,0,46A9A47E-EDE3-2EF4-2F06-E95AF67D57E1
54.995346,-28.964006,0,46A9A47E-EDE3-2EF4-2F06-E95AF67D57E1
-13.5978155,-32.50457,0,46A9A47E-EDE3-2EF4-2F06-E95AF67D57E1
-35.14747,5.6195507,2,46A9A47E-EDE3-2EF4-2F06-E95AF67D57E1
-35.16542,5.683538,2,46A9A47E-EDE3-2EF4-2F06-E95AF67D57E1
-67.92377,-3.9414837,2,46A9A47E-EDE3-2EF4-2F06-E95AF67D57E1
-67.86723,-3.8847218,2,46A9A47E-EDE3-2EF4-2F06-E95AF67D57E1
-39.305786,-21.202951,2,46A9A47E-EDE3-2EF4-2F06-E95AF67D57E1
-34.34834,-28.45963,2,46A9A47E-EDE3-2EF4-2F06-E95AF67D57E1
-33.783512,-3.7204647,2,46A9A47E-EDE3-2EF4-2F06-E95AF67D57E1
-33.792366,-3.7868059,2,46A9A47E-EDE3-2EF4-2F06-E95AF67D57E1
-48.42326,3.9080515,2,46A9A47E-EDE3-2EF4-2F06-E95AF67D57E1
-40.275696,26.481777,2,46A9A47E-EDE3-2EF4-2F06-E95AF67D57E1
-48.89071,3.5553367,2,46A9A47E-EDE3-2EF4-2F06-E95AF67D57E1
-48.60458,3.1190379,2,46A9A47E-EDE3-2EF4-2F06-E95AF67D57E1
1.149139,-23.725023,0,46A9A47E-EDE3-2EF4-2F06-E95AF67D57E1
-8.640237,5.583311,0,46A9A47E-EDE3-2EF4-2F06-E95AF67D57E1
-22.306402,21.305275,0,46A9A47E-EDE3-2EF4-2F06-E95AF67D57E1
-12.362775,23.185465,0,46A9A47E-EDE3-2EF4-2F06-E95AF67D57E1
-23.222996,21.243748,0,46A9A47E-EDE3-2EF4-2F06-E95AF67D57E1
-23.65487,21.237734,2,46A9A47E-EDE3-2EF4-2F06-E95AF67D57E1
30.26055,11.475398,0,47494449-E68E-E554-8BB1-ECEEE432E269
30.292768,11.444135,0,47494449-E68E-E554-8BB1-ECEEE432E269
29.808687,11.949128,0,47494449-E68E-E554-8BB1-ECEEE432E269
23.817352,-13.195437,1,47494449-E68E-E554-8BB1-ECEEE432E269
14.22041,-39.035305,1,47494449-E68E-E554-8BB1-ECEEE432E269
14.222004,-39.034065,2,47494449-E68E-E554-8BB1-ECEEE432E269
-39.750244,-21.664675,0,47494449-E68E-E554-8BB1-ECEEE432E269
-8.506104,-41.4458,0,47494449-E68E-E554-8BB1-ECEEE432E269
-36.63158,-26.826435,2,47494449-E68E-E554-8BB1-ECEEE432E269
-36.58233,-26.338335,2,47494449-E68E-E554-8BB1-ECEEE432E269
-36.480972,-25.80614,2,47494449-E68E-E554-8BB1-ECEEE432E269
1.5129471,-35.683704,0,47494449-E68E-E554-8BB1-ECEEE432E269
52.843433,-42.536507,2,47494449-E68E-E554-8BB1-ECEEE432E269
52.490437,-42.814594,2,47494449-E68E-E554-8BB1-ECEEE432E269
52.086456,-42.972404,2,47494449-E68E-E554-8BB1-ECEEE432E269
46.075356,-46.576183,2,47494449-E68E-E554-8BB1-ECEEE432E269
21.733692,-45.09399,2,47494449-E68E-E554-8BB1-ECEEE432E269
-11.265769,24.933378,2,47494449-E68E-E554-8BB1-ECEEE432E269
-39.19293,-18.201496,2,48847236-6E23-6E61-57CD-780C68FAA2C2
-39.175488,-18.20485,2,48847236-6E23-6E61-57CD-780C68FAA2C2
-38.29506,-31.277506,2,48847236-6E23-6E61-57CD-780C68FAA2C2
-38.29176,-18.53138,2,48847236-6E23-6E61-57CD-780C68FAA2C2
-8.553303,3.36466,2,48847236-6E23-6E61-57CD-780C68FAA2C2
1.1252108,-37.072147,0,48847236-6E23-6E61-57CD-780C68FAA2C2
2.2862773,-37.38691,2,48847236-6E23-6E61-57CD-780C68FAA2C2
1.8959422,-37.241302,0,48847236-6E23-6E61-57CD-780C68FAA2C2
14.203669,-2.5107503,0,48847236-6E23-6E61-57CD-780C68FAA2C2
14.274451,-2.3786056,0,48847236-6E23-6E61-57CD-780C68FAA2C2
51.69101,13.720364,2,48847236-6E23-6E61-57CD-780C68FAA2C2
51.6518,13.862065,2,48847236-6E23-6E61-57CD-780C68FAA2C2
51.423214,13.480372,2,48847236-6E23-6E61-57CD-780C68FAA2C2
34.964146,7.21564,2,48847236-6E23-6E61-57CD-780C68FAA2C2
9.381907,-28.28479,2,48847236-6E23-6E61-57CD-780C68FAA2C2
8.939187,-28.24773,1,48847236-6E23-6E61-57CD-780C68FAA2C2
20.72438,-2.3585317,1,48847236-6E23-6E61-57CD-780C68FAA2C2
19.458632,28.495838,1,48847236-6E23-6E61-57CD-780C68FAA2C2
-70.45168,22.531996,2,48847236-6E23-6E61-57CD-780C68FAA2C2
-70.52186,22.380106,2,48847236-6E23-6E61-57CD-780C68FAA2C2
-70.82468,21.81275,2,48847236-6E23-6E61-57CD-780C68FAA2C2
-46.135612,26.646358,2,48847236-6E23-6E61-57CD-780C68FAA2C2
-46.142845,26.621748,0,48847236-6E23-6E61-57CD-780C68FAA2C2
48.12124,-39.685883,0,48847236-6E23-6E61-57CD-780C68FAA2C2
51.793335,-46.248466,0,48847236-6E23-6E61-57CD-780C68FAA2C2
54.91252,-43.67646,0,48847236-6E23-6E61-57CD-780C68FAA2C2
44.225616,-7.5333347,0,48847236-6E23-6E61-57CD-780C68FAA2C2
44.216602,-7.679712,0,48847236-6E23-6E61-57CD-780C68FAA2C2
-22.517063,18.05164,0,48847236-6E23-6E61-57CD-780C68FAA2C2
-39.47473,-25.289656,0,48847236-6E23-6E61-57CD-780C68FAA2C2
-1.4239357,3.554826,2,48847236-6E23-6E61-57CD-780C68FAA2C2
32.814728,-14.68596,0,48847236-6E23-6E61-57CD-780C68FAA2C2
33.404705,-15.202147,0,48847236-6E23-6E61-57CD-780C68FAA2C2
33.011623,-14.795276,0,48847236-6E23-6E61-57CD-780C68FAA2C2
29.23611,25.377146,0,48847236-6E23-6E61-57CD-780C68FAA2C2
29.413507,25.310354,0,48847236-6E23-6E61-57CD-780C68FAA2C2
-6.915182,-47.987766,2,48D32E40-ABB9-E3FB-185C-8A5AA0C44CBF
-6.471118,-48.048935,2,48D32E40-ABB9-E3FB-185C-8A5AA0C44CBF
-6.159006,-47.692833,2,48D32E40-ABB9-E3FB-185C-8A5AA0C44CBF
-6.0215907,-47.473473,2,48D32E40-ABB9-E3FB-185C-8A5AA0C44CBF
-6.1515074,-46.356945,2,48D32E40-ABB9-E3FB-185C-8A5AA0C44CBF
33.54684,-38.303078,2,48D32E40-ABB9-E3FB-185C-8A5AA0C44CBF
52.26335,-26.761625,1,48D32E40-ABB9-E3FB-185C-8A5AA0C44CBF
52.394783,-26.06751,1,48D32E40-ABB9-E3FB-185C-8A5AA0C44CBF
52.155228,-26.477863,1,48D32E40-ABB9-E3FB-185C-8A5AA0C44CBF
14.810991,17.886536,1,48D32E40-ABB9-E3FB-185C-8A5AA0C44CBF
14.652162,18.156588,1,48D32E40-ABB9-E3FB-185C-8A5AA0C44CBF
19.993742,44.58361,1,48D32E40-ABB9-E3FB-185C-8A5AA0C44CBF
39.61224,26.11868,2,48D32E40-ABB9-E3FB-185C-8A5AA0C44CBF
39.94605,26.095457,2,48D32E40-ABB9-E3FB-185C-8A5AA0C44CBF
41.34517,26.847073,2,48D32E40-ABB9-E3FB-185C-8A5AA0C44CBF
41.793907,27.06449,2,48D32E40-ABB9-E3FB-185C-8A5AA0C44CBF
42.049,27.04322,1,48D32E40-ABB9-E3FB-185C-8A5AA0C44CBF
14.438287,16.135418,1,48D32E40-ABB9-E3FB-185C-8A5AA0C44CBF
-4.7269692,51.718243,1,48D32E40-ABB9-E3FB-185C-8A5AA0C44CBF
-5.3261447,51.54174,1,48D32E40-ABB9-E3FB-185C-8A5AA0C44CBF
-5.58047,51.289078,1,48D32E40-ABB9-E3FB-185C-8A5AA0C44CBF
-23.766846,31.641672,1,48D32E40-ABB9-E3FB-185C-8A5AA0C44CBF
-23.886623,31.492762,1,48D32E40-ABB9-E3FB-185C-8A5AA0C44CBF
11.022319,6.11075,1,48D32E40-ABB9-E3FB-185C-8A5AA0C44CBF
-54.41771,13.950182,2,4B423110-8A54-A87F-39BB-D68BF033C7FC
-54.233795,13.954112,2,4B423110-8A54-A87F-39BB-D68BF033C7FC
-25.614038,28.066,2,4B423110-8A54-A87F-39BB-D68BF033C7FC
-25.744648,28.206446,2,4B423110-8A54-A87F-39BB-D68BF033C7FC
-42.068592,-1.51816,2,4B423110-8A54-A87F-39BB-D68BF033C7FC
10.877125,22.303696,2,4B423110-8A54-A87F-39BB-D68BF033C7FC
17.858192,26.080061,0,4B423110-8A54-A87F-39BB-D68BF033C7FC
17.18746,27.358528,0,4B423110-8A54-A87F-39BB-D68BF033C7FC
17.03174,28.58032,2,4B423110-8A54-A87F-39BB-D68BF033C7FC
-40.762615,-4.103713,2,4B423110-8A54-A87F-39BB-D68BF033C7FC
-40.926514,-4.350103,2,4B423110-8A54-A87F-39BB-D68BF033C7FC
-41.16542,-4.2957506,2,4B423110-8A54-A87F-39BB-D68BF033C7FC
-76.240974,-7.6257176,2,4B423110-8A54-A87F-39BB-D68BF033C7FC
-33.94619,-7.5451465,2,4B423110-8A54-A87F-39BB-D68BF033C7FC
-33.92861,-7.551392,2,4B423110-8A54-A87F-39BB-D68BF033C7FC
4.677743,11.869226,0,4B423110-8A54-A87F-39BB-D68BF033C7FC
-33.732265,-0.8800567,0,4B423110-8A54-A87F-39BB-D68BF033C7FC
-33.731594,-0.8757592,0,4B423110-8A54-A87F-39BB-D68BF033C7FC
-14.832901,-39.559006,1,4BD5749B-A1D2-E6C9-156F-DF107802D3BE
-14.725351,-39.63415,1,4BD5749B-A1D2-E6C9-156F-DF107802D3BE
7.040199,4.1140857,1,4BD5749B-A1D2-E6C9-156F-DF107802D3BE
7.084628,4.3775644,1,4BD5749B-A1D2-E6C9-156F-DF107802D3BE
1.1291313,43.869217,1,4BD5749B-A1D2-E6C9-156F-DF107802D3BE
1.1840587,44.19697,1,4BD5749B-A1D2-E6C9-156F-DF107802D3BE
24.178991,26.897654,1,4BD5749B-A1D2-E6C9-156F-DF107802D3BE
29.560402,-17.748373,1,4BD5749B-A1D2-E6C9-156F-DF107802D3BE
30.046194,-17.157349,1,4BD5749B-A1D2-E6C9-156F-DF107802D3BE
30.001331,-17.488085,1,4BD5749B-A1D2-E6C9-156F-DF107802D3BE
47.60502,-22.396746,1,4BD5749B-A1D2-E6C9-156F-DF107802D3BE
3.66683,-41.768757,1,4BD5749B-A1D2-E6C9-156F-DF107802D3BE
2.736805,-41.533142,1,4BD5749B-A1D2-E6C9-156F-DF107802D3BE
2.3913603,-41.509285,1,4BD5749B-A1D2-E6C9-156F-DF107802D3BE
-17.673893,0.7297019,1,4BD5749B-A1D2-E6C9-156F-DF107802D3BE
-17.688566,0.7435148,1,4BD5749B-A1D2-E6C9-156F-DF107802D3BE
-17.806614,1.2079164,1,4BD5749B-A1D2-E6C9-156F-DF107802D3BE
2.3431125,38.36434,1,4BD5749B-A1D2-E6C9-156F-DF107802D3BE
-65.80564,22.53259,2,4BD5749B-A1D2-E6C9-156F-DF107802D3BE
-65.76304,22.573553,2,4BD5749B-A1D2-E6C9-156F-DF107802D3BE
-45.317966,28.341377,2,4BD5749B-A1D2-E6C9-156F-DF107802D3BE
-39.759624,21.285654,2,4BD5749B-A1D2-E6C9-156F-DF107802D3BE
-39.543716,21.129414,2,4BD5749B-A1D2-E6C9-156F-DF107802D3BE
-38.97561,20.848751,2,4BD5749B-A1D2-E6C9-156F-DF107802D3BE
14.00942,44.16401,1,4BD5749B-A1D2-E6C9-156F-DF107802D3BE
11.099904,7.967409,1,4BD5749B-A1D2-E6C9-156F-DF107802D3BE
11.096463,8.361124,1,4BD5749B-A1D2-E6C9-156F-DF107802D3BE
12.531164,43.510975,1,4BD5749B-A1D2-E6C9-156F-DF107802D3BE
12.881349,43.675232,1,4BD5749B-A1D2-E6C9-156F-DF107802D3BE
22.84996,56.14899,1,4BD5749B-A1D2-E6C9-156F-DF107802D3BE
52.7026,12.829903,0,4BFAECAC-0CC2-F9AC-17BB-7343BE737D81
47.50931,-35.40839,0,4BFAECAC-0CC2-F9AC-17BB-7343BE737D81
33.889893,-41.822258,0,4BFAECAC-0CC2-F9AC-17BB-7343BE737D81
13.773213,-48.51201,0,4BFAECAC-0CC2-F9AC-17BB-7343BE737D81
13.605089,-48.72867,0,4BFAECAC-0CC2-F9AC-17BB-7343BE737D81
13.657642,-49.34283,0,4BFAECAC-0CC2-F9AC-17BB-7343BE737D81
-19.87477,-24.43892,2,4BFAECAC-0CC2-F9AC-17BB-7343BE737D81
-19.699444,-24.601822,2,4BFAECAC-0CC2-F9AC-17BB-7343BE737D81
8.558209,-31.534615,2,4BFAECAC-0CC2-F9AC-17BB-7343BE737D81
-4.441208,-10.816016,2,4BFAECAC-0CC2-F9AC-17BB-7343BE737D81
25.162771,18.345543,2,4BFAECAC-0CC2-F9AC-17BB-7343BE737D81
19.231585,-33.05598,2,4BFAECAC-0CC2-F9AC-17BB-7343BE737D81
31.579197,-24.251038,2,4BFAECAC-0CC2-F9AC-17BB-7343BE737D81
31.575834,-24.306265,2,4BFAECAC-0CC2-F9AC-17BB-7343BE737D81
3.1144266,-16.639269,2,4BFAECAC-0CC2-F9AC-17BB-7343BE737D81
31.952652,-23.376999,2,4BFAECAC-0CC2-F9AC-17BB-7343BE737D81
-50.577835,-11.838118,2,4BFAECAC-0CC2-F9AC-17BB-7343BE737D81
-50.72098,-11.855126,2,4BFAECAC-0CC2-F9AC-17BB-7343BE737D81
59.543625,-19.770763,0,4BFAECAC-0CC2-F9AC-17BB-7343BE737D81
58.90799,-23.49131,0,4BFAECAC-0CC2-F9AC-17BB-7343BE737D81
52.025845,-30.742357,0,4BFAECAC-0CC2-F9AC-17BB-7343BE737D81
31.18971,60.744488,2,4BFAECAC-0CC2-F9AC-17BB-7343BE737D81
37.170467,-33.444084,2,4BFAECAC-0CC2-F9AC-17BB-7343BE737D81
-13.540337,-4.5583262,2,4BFAECAC-0CC2-F9AC-17BB-7343BE737D81
-3.9196737,-47.283566,2,4CAE9D77-C8A8-2EE8-53D0-7C3C6331B2C5
0.81238276,-31.700785,2,4CAE9D77-C8A8-2EE8-53D0-7C3C6331B2C5
-0.05805489,-31.978952,2,4CAE9D77-C8A8-2EE8-53D0-7C3C6331B2C5
-0.334255,-32.037025,0,4CAE9D77-C8A8-2EE8-53D0-7C3C6331B2C5
36.171062,-34.500053,0,4CAE9D77-C8A8-2EE8-53D0-7C3C6331B2C5
43.231354,-48.71246,0,4CAE9D77-C8A8-2EE8-53D0-7C3C6331B2C5
-32.988537,16.801092,1,4CAE9D77-C8A8-2EE8-53D0-7C3C6331B2C5
-33.991016,17.774471,1,4CAE9D77-C8A8-2EE8-53D0-7C3C6331B2C5
-33.4993,17.972027,1,4CAE9D77-C8A8-2EE8-53D0-7C3C6331B2C5
-33.32381,18.309336,1,4CAE9D77-C8A8-2EE8-53D0-7C3C6331B2C5
-33.767143,18.460587,1,4CAE9D77-C8A8-2EE8-53D0-7C3C6331B2C5
-32.17222,18.696135,1,4CAE9D77-C8A8-2EE8-53D0-7C3C6331B2C5
-34.049076,29.062412,2,5270C847-54C3-180E-9737-1D87A639C450
-11.371827,50.13867,2,5270C847-54C3-180E-9737-1D87A639C450
-11.590948,50.06926,2,5270C847-54C3-180E-9737-1D87A639C450
-12.293328,49.839336,2,5270C847-54C3-180E-9737-1D87A639C450
-12.134161,50.13053,2,5270C847-54C3-180E-9737-1D87A639C450
-64.03644,21.42849,2,5270C847-54C3-180E-9737-1D87A639C450
-31.972342,-1.7355235,2,5270C847-54C3-180E-9737-1D87A639C450
10.431909,-25.807016,2,5270C847-54C3-180E-9737-1D87A639C450
55.317585,6.8601804,2,5270C847-54C3-180E-9737-1D87A639C450
22.548029,13.211278,2,5270C847-54C3-180E-9737-1D87A639C450
22.377455,13.111545,2,5270C847-54C3-180E-9737-1D87A639C450
22.200405,12.853901,2,5270C847-54C3-180E-9737-1D87A639C450
-25.410034,-37.424942,0,5270C847-54C3-180E-9737-1D87A639C450
-24.70044,-37.27061,0,5270C847-54C3-180E-9737-1D87A639C450
-24.502626,-36.995495,0,5270C847-54C3-180E-9737-1D87A639C450
-24.436657,-36.78505,0,5270C847-54C3-180E-9737-1D87A639C450
-25.011415,-36.621952,0,5270C847-54C3-180E-9737-1D87A639C450
21.028805,7.47913,0,5270C847-54C3-180E-9737-1D87A639C450
-67.68291,5.661007,2,5270C847-54C3-180E-9737-1D87A639C450
-36.192745,29.498537,2,5270C847-54C3-180E-9737-1D87A639C450
-49.3649,-29.265213,2,5270C847-54C3-180E-9737-1D87A639C450
-48.764942,-29.514475,2,5270C847-54C3-180E-9737-1D87A639C450
-47.82856,-29.976347,2,5270C847-54C3-180E-9737-1D87A639C450
-47.525917,-30.146034,2,5270C847-54C3-180E-9737-1D87A639C450
-2.692171,-46.467182,2,5690E95B-9747-B2B5-2EE1-16A72200D5CC
-2.6457043,-46.503185,2,5690E95B-9747-B2B5-2EE1-16A72200D5CC
34.310043,28.759039,2,5690E95B-9747-B2B5-2EE1-16A72200D5CC
54.79103,22.788418,0,5690E95B-9747-B2B5-2EE1-16A72200D5CC
56.3583,22.213152,0,5690E95B-9747-B2B5-2EE1-16A72200D5CC
56.550106,20.941925,0,5690E95B-9747-B2B5-2EE1-16A72200D5CC
-74.07618,9.994509,2,5690E95B-9747-B2B5-2EE1-16A72200D5CC
-74.05794,9.79294,2,5690E95B-9747-B2B5-2EE1-16A72200D5CC
-42.547737,28.624424,2,5690E95B-9747-B2B5-2EE1-16A72200D5CC
-17.403309,38.410225,2,5690E95B-9747-B2B5-2EE1-16A72200D5CC
-17.52283,38.47135,1,5690E95B-9747-B2B5-2EE1-16A72200D5CC
-43.442673,28.884789,2,5690E95B-9747-B2B5-2EE1-16A72200D5CC
14.26451,11.368854,0,5690E95B-9747-B2B5-2EE1-16A72200D5CC
14.259797,11.401812,0,5690E95B-9747-B2B5-2EE1-16A72200D5CC
21.39525,-7.604994,0,5690E95B-9747-B2B5-2EE1-16A72200D5CC
21.307375,-7.8354235,0,5690E95B-9747-B2B5-2EE1-16A72200D5CC
36.678143,-12.538247,0,5690E95B-9747-B2B5-2EE1-16A72200D5CC
37.02099,-13.1270075,0,5690E95B-9747-B2B5-2EE1-16A72200D5CC
29.47062,17.771828,1,5690E95B-9747-B2B5-2EE1-16A72200D5CC
37.873352,-1.2415532,1,5690E95B-9747-B2B5-2EE1-16A72200D5CC
-5.987989,-23.359348,1,5690E95B-9747-B2B5-2EE1-16A72200D5CC
10.878136,40.388813,1,5690E95B-9747-B2B5-2EE1-16A72200D5CC
10.880372,40.38335,1,5690E95B-9747-B2B5-2EE1-16A72200D5CC
17.225117,51.49826,1,5690E95B-9747-B2B5-2EE1-16A72200D5CC
11.804915,-33.565086,1,56EF301B-39F0-ED8F-E067-59FB50186E9C
11.809459,-33.50897,1,56EF301B-39F0-ED8F-E067-59FB50186E9C
29.840454,30.792727,1,56EF301B-39F0-ED8F-E067-59FB50186E9C
29.575748,30.095058,1,56EF301B-39F0-ED8F-E067-59FB50186E9C
29.49109,29.874435,1,56EF301B-39F0-ED8F-E067-59FB50186E9C
29.173656,29.195896,1,56EF301B-39F0-ED8F-E067-59FB50186E9C
-1.5611368,48.345562,1,56EF301B-39F0-ED8F-E067-59FB50186E9C
-1.8528881,48.24835,1,56EF301B-39F0-ED8F-E067-59FB50186E9C
-2.9146206,48.55765,1,56EF301B-39F0-ED8F-E067-59FB50186E9C
-8.79702,40.487473,2,56EF301B-39F0-ED8F-E067-59FB50186E9C
-42.70906,19.094786,2,56EF301B-39F0-ED8F-E067-59FB50186E9C
-42.790195,18.946209,2,56EF301B-39F0-ED8F-E067-59FB50186E9C
49.65133,21.791775,1,56EF301B-39F0-ED8F-E067-59FB50186E9C
49.782234,21.599365,1,56EF301B-39F0-ED8F-E067-59FB50186E9C
49.46671,21.954607,1,56EF301B-39F0-ED8F-E067-59FB50186E9C
13.346134,24.048882,1,56EF301B-39F0-ED8F-E067-59FB50186E9C
13.307428,24.029737,1,56EF301B-39F0-ED8F-E067-59FB50186E9C
18.64343,29.502335,1,56EF301B-39F0-ED8F-E067-59FB50186E9C
-5.9790196,7.582552,1,56EF301B-39F0-ED8F-E067-59FB50186E9C
-5.9907093,7.5677485,1,56EF301B-39F0-ED8F-E067-59FB50186E9C
-6.0026236,7.5543976,1,56EF301B-39F0-ED8F-E067-59FB50186E9C
19.867405,-3.35391,0,58CB3C5E-2F5C-31FE-83E8-C6772D99B8D5
40.7219,-0.61193633,1,58CB3C5E-2F5C-31FE-83E8-C6772D99B8D5
41.359108,-0.47166106,1,58CB3C5E-2F5C-31FE-83E8-C6772D99B8D5
41.17999,-0.5503142,1,58CB3C5E-2F5C-31FE-83E8-C6772D99B8D5
3.8381279,2.665109,2,58CB3C5E-2F5C-31FE-83E8-C6772D99B8D5
-68.64597,-10.767377,2,58CB3C5E-2F5C-31FE-83E8-C6772D99B8D5
-15.589013,-49.607544,0,58CB3C5E-2F5C-31FE-83E8-C6772D99B8D5
-15.663851,-49.600918,2,58CB3C5E-2F5C-31FE-83E8-C6772D99B8D5
-58.21386,-17.839582,2,58CB3C5E-2F5C-31FE-83E8-C6772D99B8D5
-58.29195,-17.832697,2,58CB3C5E-2F5C-31FE-83E8-C6772D99B8D5
-62.927082,-3.2885466,2,58CB3C5E-2F5C-31FE-83E8-C6772D99B8D5
-62.798336,-3.2806275,2,58CB3C5E-2F5C-31FE-83E8-C6772D99B8D5
22.841978,-0.40269035,2,5E491E0A-C580-29BE-4329-ED7BFF843D0D
22.8343,-0.40770522,2,5E491E0A-C580-29BE-4329-ED7BFF843D0D
-7.983287,19.534271,2,5E491E0A-C580-29BE-4329-ED7BFF843D0D
-8.07559,19.352222,0,5E491E0A-C580-29BE-4329-ED7BFF843D0D
-8.369238,18.890966,0,5E491E0A-C580-29BE-4329-ED7BFF843D0D
-0.8756217,18.465208,0,5E491E0A-C580-29BE-4329-ED7BFF843D0D
-28.037304,-0.8758711,2,5E491E0A-C580-29BE-4329-ED7BFF843D0D
-27.986084,-0.8046631,2,5E491E0A-C580-29BE-4329-ED7BFF843D0D
-7.2114444,-28.843046,2,5E491E0A-C580-29BE-4329-ED7BFF843D0D
-58.760315,-23.655369,0,5E491E0A-C580-29BE-4329-ED7BFF843D0D
-67.40222,-8.046028,0,5E491E0A-C580-29BE-4329-ED7BFF843D0D
-67.42628,-8.094014,0,5E491E0A-C580-29BE-4329-ED7BFF843D0D
32.297783,24.852953,1,5E491E0A-C580-29BE-4329-ED7BFF843D0D
3.6554985,-0.697793,1,5E491E0A-C580-29BE-4329-ED7BFF843D0D
3.576329,-0.3447072,1,5E491E0A-C580-29BE-4329-ED7BFF843D0D
0.8063498,17.675371,1,5E491E0A-C580-29BE-4329-ED7BFF843D0D
0.92255926,17.84674,1,5E491E0A-C580-29BE-4329-ED7BFF843D0D
1.0239638,17.939135,1,5E491E0A-C580-29BE-4329-ED7BFF843D0D
32.741985,30.780317,1,5E491E0A-C580-29BE-4329-ED7BFF843D0D
32.88214,30.931557,1,5E491E0A-C580-29BE-4329-ED7BFF843D0D
58.628532,20.755806,0,5E491E0A-C580-29BE-4329-ED7BFF843D0D
58.587746,21.333174,2,5E491E0A-C580-29BE-4329-ED7BFF843D0D
58.633118,22.385328,2,5E491E0A-C580-29BE-4329-ED7BFF843D0D
57.15885,-23.30341,2,5E491E0A-C580-29BE-4329-ED7BFF843D0D
-57.05901,19.864939,2,5E491E0A-C580-29BE-4329-ED7BFF843D0D
-56.90138,19.822535,2,5E491E0A-C580-29BE-4329-ED7BFF843D0D
-56.733887,19.980646,2,5E491E0A-C580-29BE-4329-ED7BFF843D0D
-15.747185,-4.9597564,1,5E491E0A-C580-29BE-4329-ED7BFF843D0D
1.0551661,30.375004,1,5E491E0A-C580-29BE-4329-ED7BFF843D0D
35.849308,39.657436,1,5E491E0A-C580-29BE-4329-ED7BFF843D0D
25.710144,53.20312,1,5F222604-CB86-1ABA-EB7B-31FF78B7BE93
19.823193,48.054077,1,5F222604-CB86-1ABA-EB7B-31FF78B7BE93
19.191166,-30.610065,1,5F222604-CB86-1ABA-EB7B-31FF78B7BE93
38.40006,-40.364082,2,5F222604-CB86-1ABA-EB7B-31FF78B7BE93
10.270802,-51.7019,2,5F222604-CB86-1ABA-EB7B-31FF78B7BE93
10.139774,-51.662994,2,5F222604-CB86-1ABA-EB7B-31FF78B7BE93
9.753335,-51.54092,2,5F222604-CB86-1ABA-EB7B-31FF78B7BE93
9.137964,-51.471783,2,5F222604-CB86-1ABA-EB7B-31FF78B7BE93
34.34251,35.03817,2,5F222604-CB86-1ABA-EB7B-31FF78B7BE93
35.136093,34.55447,2,5F222604-CB86-1ABA-EB7B-31FF78B7BE93
35.894653,35.699604,2,5F222604-CB86-1ABA-EB7B-31FF78B7BE93
35.946484,35.01737,2,5F222604-CB86-1ABA-EB7B-31FF78B7BE93
-5.058337,-32.256565,2,5F222604-CB86-1ABA-EB7B-31FF78B7BE93
-4.893175,-32.378124,2,5F222604-CB86-1ABA-EB7B-31FF78B7BE93
13.786175,3.978564,2,5F222604-CB86-1ABA-EB7B-31FF78B7BE93
25.503191,19.665596,2,5F222604-CB86-1ABA-EB7B-31FF78B7BE93
-21.712242,-15.800931,2,5F222604-CB86-1ABA-EB7B-31FF78B7BE93
-21.98637,-15.6926365,2,5F222604-CB86-1ABA-EB7B-31FF78B7BE93
20.214048,6.8389935,1,5F222604-CB86-1ABA-EB7B-31FF78B7BE93
20.18803,6.8386555,1,5F222604-CB86-1ABA-EB7B-31FF78B7BE93
22.911356,6.3599463,1,5F222604-CB86-1ABA-EB7B-31FF78B7BE93
23.110195,6.453893,2,5F222604-CB86-1ABA-EB7B-31FF78B7BE93
27.79352,1.100259,2,5F222604-CB86-1ABA-EB7B-31FF78B7BE93
26.938543,1.3955182,2,5F222604-CB86-1ABA-EB7B-31FF78B7BE93
27.41488,1.5094136,2,5F222604-CB86-1ABA-EB7B-31FF78B7BE93
25.603287,3.0618746,2,5F222604-CB86-1ABA-EB7B-31FF78B7BE93
25.630075,2.9419556,2,5F222604-CB86-1ABA-EB7B-31FF78B7BE93
26.483885,1.4311517,2,5F222604-CB86-1ABA-EB7B-31FF78B7BE93
43.762196,16.970194,2,5F222604-CB86-1ABA-EB7B-31FF78B7BE93
35.61464,0.6934477,2,5F222604-CB86-1ABA-EB7B-31FF78B7BE93
-48.00118,-19.730085,2,5F222604-CB86-1ABA-EB7B-31FF78B7BE93
-20.139908,-13.108163,2,5F222604-CB86-1ABA-EB7B-31FF78B7BE93
-12.247712,16.386919,2,5F222604-CB86-1ABA-EB7B-31FF78B7BE93
26.71243,-19.563978,2,5F222604-CB86-1ABA-EB7B-31FF78B7BE93
52.545174,-32.795612,2,5F222604-CB86-1ABA-EB7B-31FF78B7BE93
52.49509,-32.69016,2,5F222604-CB86-1ABA-EB7B-31FF78B7BE93
-69.5728,4.5449166,0,623D68EC-1C36-4E39-4317-BE7B59F593D2
-70.26685,4.7881303,2,623D68EC-1C36-4E39-4317-BE7B59F593D2
-77.03508,3.7170634,2,623D68EC-1C36-4E39-4317-BE7B59F593D2
-77.2936,3.677046,2,623D68EC-1C36-4E39-4317-BE7B59F593D2
-77.504196,3.3865573,2,623D68EC-1C36-4E39-4317-BE7B59F593D2
-77.615,3.268638,2,623D68EC-1C36-4E39-4317-BE7B59F593D2
59.134426,24.153692,0,623D68EC-1C36-4E39-4317-BE7B59F593D2
-3.3140545,30.44392,0,623D68EC-1C36-4E39-4317-BE7B59F593D2
-70.465416,-0.00041344413,0,623D68EC-1C36-4E39-4317-BE7B59F593D2
-70.44719,0.15114462,2,623D68EC-1C36-4E39-4317-BE7B59F593D2
-70.898155,0.7753265,2,623D68EC-1C36-4E39-4317-BE7B59F593D2
-70.9702,0.9612354,2,623D68EC-1C36-4E39-4317-BE7B59F593D2
-35.125046,-44.737953,2,623D68EC-1C36-4E39-4317-BE7B59F593D2
-35.029373,-44.799927,2,623D68EC-1C36-4E39-4317-BE7B59F593D2
-33.9215,-45.64654,2,623D68EC-1C36-4E39-4317-BE7B59F593D2
52.314518,-45.45535,0,623D68EC-1C36-4E39-4317-BE7B59F593D2
53.11586,-45.428623,0,623D68EC-1C36-4E39-4317-BE7B59F593D2
4.6756535,-59.131897,0,623D68EC-1C36-4E39-4317-BE7B59F593D2
-61.88681,-15.1158495,2,623D68EC-1C36-4E39-4317-BE7B59F593D2
-61.87462,-15.187855,2,623D68EC-1C36-4E39-4317-BE7B59F593D2
-35.28933,-39.768135,2,623D68EC-1C36-4E39-4317-BE7B59F593D2
-34.98141,-39.639477,2,623D68EC-1C36-4E39-4317-BE7B59F593D2
-34.361965,-39.32455,0,623D68EC-1C36-4E39-4317-BE7B59F593D2
21.16534,-30.187765,0,623D68EC-1C36-4E39-4317-BE7B59F593D2
33.61823,41.600838,2,623D68EC-1C36-4E39-4317-BE7B59F593D2
25.426332,57.47792,0,623D68EC-1C36-4E39-4317-BE7B59F593D2
25.420088,57.471024,2,623D68EC-1C36-4E39-4317-BE7B59F593D2
-41.298588,-12.713078,2,62A1F053-1EA8-7433-090E-89D450314F41
-18.818619,-25.319004,2,62A1F053-1EA8-7433-090E-89D450314F41
9.196454,-24.048794,2,62A1F053-1EA8-7433-090E-89D450314F41
54.411648,-8.294428,2,62A1F053-1EA8-7433-090E-89D450314F41
25.244904,6.8222475,0,62A1F053-1EA8-7433-090E-89D450314F41
25.114931,6.700391,0,62A1F053-1EA8-7433-090E-89D450314F41
-61.3112,-2.0391722,2,62A1F053-1EA8-7433-090E-89D450314F41
-64.5428,11.251392,2,62A1F053-1EA8-7433-090E-89D450314F41
-64.50525,11.491016,2,62A1F053-1EA8-7433-090E-89D450314F41
-63.301773,11.249996,2,62A1F053-1EA8-7433-090E-89D450314F41
-63.0757,11.135625,2,62A1F053-1EA8-7433-090E-89D450314F41
-41.917896,5.619729,2,62A1F053-1EA8-7433-090E-89D450314F41
-2.4775138,1.2303205,2,62A1F053-1EA8-7433-090E-89D450314F41
13.639727,8.946369,2,62A1F053-1EA8-7433-090E-89D450314F41
40.042038,18.749622,2,62A1F053-1EA8-7433-090E-89D450314F41
38.511147,40.041008,1,62A1F053-1EA8-7433-090E-89D450314F41
45.664112,31.842485,1,62A1F053-1EA8-7433-090E-89D450314F41
45.571774,31.964655,1,62A1F053-1EA8-7433-090E-89D450314F41
-19.58275,-6.5327077,2,62A1F053-1EA8-7433-090E-89D450314F41
-0.8037586,-22.286299,2,62A1F053-1EA8-7433-090E-89D450314F41
-19.715479,-7.235512,2,62A1F053-1EA8-7433-090E-89D450314F41
-19.845142,-7.39954,2,62A1F053-1EA8-7433-090E-89D450314F41
-20.49854,-7.802978,2,62A1F053-1EA8-7433-090E-89D450314F41
-0.7834781,-22.431532,2,62A1F053-1EA8-7433-090E-89D450314F41
-29.788332,29.169283,2,647C581E-E72F-0765-F94A-065909B99374
-29.920803,29.225704,2,647C581E-E72F-0765-F94A-065909B99374
-30.446281,29.068018,1,647C581E-E72F-0765-F94A-065909B99374
-30.28884,29.351837,1,647C581E-E72F-0765-F94A-065909B99374
4.681557,39.78134,1,647C581E-E72F-0765-F94A-065909B99374
34.97652,-32.051266,2,647C581E-E72F-0765-F94A-065909B99374
22.260536,7.802551,0,66E9719B-D383-AA87-7FAB-D9B4ABE7011C
-19.148966,18.43782,0,66E9719B-D383-AA87-7FAB-D9B4ABE7011C
-33.610287,28.892538,2,66E9719B-D383-AA87-7FAB-D9B4ABE7011C
-59.54109,23.666914,2,66E9719B-D383-AA87-7FAB-D9B4ABE7011C
-59.763344,23.60027,2,66E9719B-D383-AA87-7FAB-D9B4ABE7011C
-59.701633,23.706427,2,66E9719B-D383-AA87-7FAB-D9B4ABE7011C
-58.956654,24.121197,2,66E9719B-D383-AA87-7FAB-D9B4ABE7011C
-5.0585437,46.753025,2,66E9719B-D383-AA87-7FAB-D9B4ABE7011C
-0.9277775,33.871017,0,66E9719B-D383-AA87-7FAB-D9B4ABE7011C
-16.80825,13.580918,0,66E9719B-D383-AA87-7FAB-D9B4ABE7011C
-16.742216,13.592575,2,66E9719B-D383-AA87-7FAB-D9B4ABE7011C
-60.94196,-4.803965,2,66E9719B-D383-AA87-7FAB-D9B4ABE7011C
-34.228043,23.483011,2,66E9719B-D383-AA87-7FAB-D9B4ABE7011C
-34.228817,23.48446,0,66E9719B-D383-AA87-7FAB-D9B4ABE7011C
-14.385572,-10.009656,0,66E9719B-D383-AA87-7FAB-D9B4ABE7011C
53.502045,-33.56219,0,66E9719B-D383-AA87-7FAB-D9B4ABE7011C
53.572266,-13.27935,0,66E9719B-D383-AA87-7FAB-D9B4ABE7011C
48.775223,11.686202,0,66E9719B-D383-AA87-7FAB-D9B4ABE7011C
-16.259241,22.75863,0,66E9719B-D383-AA87-7FAB-D9B4ABE7011C
-34.565987,10.850831,0,66E9719B-D383-AA87-7FAB-D9B4ABE7011C
-13.770445,13.856296,2,66E9719B-D383-AA87-7FAB-D9B4ABE7011C
-13.794177,13.793684,2,66E9719B-D383-AA87-7FAB-D9B4ABE7011C
-25.951086,33.45842,2,66E9719B-D383-AA87-7FAB-D9B4ABE7011C
-25.689161,33.613674,2,66E9719B-D383-AA87-7FAB-D9B4ABE7011C
-8.463295,38.86941,2,66E9719B-D383-AA87-7FAB-D9B4ABE7011C
-8.626123,38.82866,2,66E9719B-D383-AA87-7FAB-D9B4ABE7011C
-24.016388,-12.375562,2,66E9719B-D383-AA87-7FAB-D9B4ABE7011C
0.25765458,-47.483658,2,66E9719B-D383-AA87-7FAB-D9B4ABE7011C
0.11810554,-47.46851,0,66E9719B-D383-AA87-7FAB-D9B4ABE7011C
0.86061954,-47.401836,0,66E9719B-D383-AA87-7FAB-D9B4ABE7011C
-24.818396,24.20616,2,66E9719B-D383-AA87-7FAB-D9B4ABE7011C
-24.815239,24.312393,2,66E9719B-D383-AA87-7FAB-D9B4ABE7011C
-40.16313,17.436413,2,68339CF4-6AFB-7EFB-40EA-238612F8E5A4
-19.083735,22.68458,2,68339CF4-6AFB-7EFB-40EA-238612F8E5A4
-19.051212,22.675474,2,68339CF4-6AFB-7EFB-40EA-238612F8E5A4
9.388119,19.644564,2,68339CF4-6AFB-7EFB-40EA-238612F8E5A4
10.365548,19.759874,0,68339CF4-6AFB-7EFB-40EA-238612F8E5A4
10.980959,19.374918,0,68339CF4-6AFB-7EFB-40EA-238612F8E5A4
-45.617275,-0.010174574,2,68339CF4-6AFB-7EFB-40EA-238612F8E5A4
0.027272837,6.459339,2,68339CF4-6AFB-7EFB-40EA-238612F8E5A4
37.895103,5.3822036,2,68339CF4-6AFB-7EFB-40EA-238612F8E5A4
37.973648,5.5129747,2,68339CF4-6AFB-7EFB-40EA-238612F8E5A4
37.439816,5.617979,0,68339CF4-6AFB-7EFB-40EA-238612F8E5A4
53.062244,-16.798172,0,68339CF4-6AFB-7EFB-40EA-238612F8E5A4
-49.112186,-1.1878523,2,68339CF4-6AFB-7EFB-40EA-238612F8E5A4
-49.026234,-1.180195,2,68339CF4-6AFB-7EFB-40EA-238612F8E5A4
-20.753529,-9.955749,2,68339CF4-6AFB-7EFB-40EA-238612F8E5A4
1.5087565,-19.265629,2,68339CF4-6AFB-7EFB-40EA-238612F8E5A4
1.832271,-18.950623,2,68339CF4-6AFB-7EFB-40EA-238612F8E5A4
3.858238,-19.088264,2,68339CF4-6AFB-7EFB-40EA-238612F8E5A4
3.9795375,-19.162403,1,68339CF4-6AFB-7EFB-40EA-238612F8E5A4
-16.272768,19.56021,0,68339CF4-6AFB-7EFB-40EA-238612F8E5A4
-16.455534,20.140074,0,68339CF4-6AFB-7EFB-40EA-238612F8E5A4
-16.118965,19.833168,0,68339CF4-6AFB-7EFB-40EA-238612F8E5A4
18.276245,31.938406,0,68339CF4-6AFB-7EFB-40EA-238612F8E5A4
55.73283,-9.407304,0,6B1E25A6-882B-DDD7-CE4F-4EC17A0906CF
-13.194837,-14.103342,0,6B1E25A6-882B-DDD7-CE4F-4EC17A0906CF
-12.786535,-14.710905,0,6B1E25A6-882B-DDD7-CE4F-4EC17A0906CF
-12.755091,-14.821739,0,6B1E25A6-882B-DDD7-CE4F-4EC17A0906CF
-12.350509,-15.431726,2,6B1E25A6-882B-DDD7-CE4F-4EC17A0906CF
-11.740344,-15.040877,2,6B1E25A6-882B-DDD7-CE4F-4EC17A0906CF
-24.248386,-13.361506,2,6B1E25A6-882B-DDD7-CE4F-4EC17A0906CF
-10.057161,-42.135773,0,6B1E25A6-882B-DDD7-CE4F-4EC17A0906CF
-9.537645,-42.25748,0,6B1E25A6-882B-DDD7-CE4F-4EC17A0906CF
-9.154483,-42.60342,0,6B1E25A6-882B-DDD7-CE4F-4EC17A0906CF
13.90106,-43.78432,0,6B1E25A6-882B-DDD7-CE4F-4EC17A0906CF
18.935343,-26.997555,0,6B1E25A6-882B-DDD7-CE4F-4EC17A0906CF
40.111588,-18.037909,0,6B1E25A6-882B-DDD7-CE4F-4EC17A0906CF
-26.043966,18.3858,0,6B1E25A6-882B-DDD7-CE4F-4EC17A0906CF
-26.305391,18.6127,0,6B1E25A6-882B-DDD7-CE4F-4EC17A0906CF
-27.214846,19.174633,2,6B1E25A6-882B-DDD7-CE4F-4EC17A0906CF
-43.09882,16.513706,2,6B1E25A6-882B-DDD7-CE4F-4EC17A0906CF
-27.299768,19.553995,2,6B1E25A6-882B-DDD7-CE4F-4EC17A0906CF
47.443512,16.13115,1,6B690AF9-8440-1C43-B353-FA85266AA12C
41.64676,22.655922,1,6B690AF9-8440-1C43-B353-FA85266AA12C
39.864,34.651413,1,6B690AF9-8440-1C43-B353-FA85266AA12C
2.487961,10.974487,1,6B690AF9-8440-1C43-B353-FA85266AA12C
-32.03693,-5.692449,1,6B690AF9-8440-1C43-B353-FA85266AA12C
-68.05935,2.7651088,1,6B690AF9-8440-1C43-B353-FA85266AA12C
11.2401705,42.870804,1,6B690AF9-8440-1C43-B353-FA85266AA12C
32.817986,22.744627,1,6B690AF9-8440-1C43-B353-FA85266AA12C
-31.058859,35.777573,1,6B690AF9-8440-1C43-B353-FA85266AA12C
-31.413563,35.144585,1,6B690AF9-8440-1C43-B353-FA85266AA12C
-31.510061,34.98179,1,6B690AF9-8440-1C43-B353-FA85266AA12C
-55.933605,4.5507584,2,6B690AF9-8440-1C43-B353-FA85266AA12C
-19.218634,33.03837,2,6C9454F6-2AA4-4C25-0387-C6CA7AFC4C13
-66.13296,18.404078,2,6C9454F6-2AA4-4C25-0387-C6CA7AFC4C13
-76.0881,-1.8253571,2,6C9454F6-2AA4-4C25-0387-C6CA7AFC4C13
-76.15584,-1.7483022,2,6C9454F6-2AA4-4C25-0387-C6CA7AFC4C13
-71.329124,-11.842771,2,6C9454F6-2AA4-4C25-0387-C6CA7AFC4C13
-71.15274,-12.249487,2,6C9454F6-2AA4-4C25-0387-C6CA7AFC4C13
-71.13042,-12.457517,2,6C9454F6-2AA4-4C25-0387-C6CA7AFC4C13
2.6296005,-59.761734,0,6C9454F6-2AA4-4C25-0387-C6CA7AFC4C13
47.14537,-49.932293,0,6C9454F6-2AA4-4C25-0387-C6CA7AFC4C13
3.360949,-60.80971,0,6C9454F6-2AA4-4C25-0387-C6CA7AFC4C13
3.3010867,-60.623592,0,6C9454F6-2AA4-4C25-0387-C6CA7AFC4C13
3.445511,-59.527878,0,6C9454F6-2AA4-4C25-0387-C6CA7AFC4C13
55.214592,-5.4050736,0,6C9454F6-2AA4-4C25-0387-C6CA7AFC4C13
59.639244,-17.359018,0,6C9454F6-2AA4-4C25-0387-C6CA7AFC4C13
25.81682,19.676924,0,6C9454F6-2AA4-4C25-0387-C6CA7AFC4C13
-52.36983,-4.791972,2,6C9454F6-2AA4-4C25-0387-C6CA7AFC4C13
-53.473553,-5.001346,2,6C9454F6-2AA4-4C25-0387-C6CA7AFC4C13
-53.63075,-5.0431814,2,6C9454F6-2AA4-4C25-0387-C6CA7AFC4C13
57.461864,3.7065,0,6C9454F6-2AA4-4C25-0387-C6CA7AFC4C13
36.997005,-40.22768,0,6C9454F6-2AA4-4C25-0387-C6CA7AFC4C13
51.59657,-29.880526,0,6C9454F6-2AA4-4C25-0387-C6CA7AFC4C13
43.936874,-47.273827,0,6C9454F6-2AA4-4C25-0387-C6CA7AFC4C13
-1.8367921,-42.126335,2,6C9454F6-2AA4-4C25-0387-C6CA7AFC4C13
21.404491,-43.61234,2,6C9454F6-2AA4-4C25-0387-C6CA7AFC4C13
41.151405,-37.27605,2,6C9454F6-2AA4-4C25-0387-C6CA7AFC4C13
41.141983,-37.261684,2,6C9454F6-2AA4-4C25-0387-C6CA7AFC4C13
41.43014,-37.307755,0,6C9454F6-2AA4-4C25-0387-C6CA7AFC4C13
-71.980606,-8.705881,2,6E42D32E-048C-D829-197E-7950E78F58CB
-71.92528,-8.943448,2,6E42D32E-048C-D829-197E-7950E78F58CB
2.3096356,-44.95713,2,6E42D32E-048C-D829-197E-7950E78F58CB
2.3699167,-44.91866,2,6E42D32E-048C-D829-197E-7950E78F58CB
44.689304,-32.1953,0,6E42D32E-048C-D829-197E-7950E78F58CB
44.791653,-32.19093,0,6E42D32E-048C-D829-197E-7950E78F58CB
27.095633,49.447006,2,6E42D32E-048C-D829-197E-7950E78F58CB
26.8633,49.493267,2,6E42D32E-048C-D829-197E-7950E78F58CB
26.599138,49.60139,1,6E42D32E-048C-D829-197E-7950E78F58CB
25.935417,49.289043,1,6E42D32E-048C-D829-197E-7950E78F58CB
1.3230166,35.293705,1,6E42D32E-048C-D829-197E-7950E78F58CB
-47.530514,1.4232633,2,6E42D32E-048C-D829-197E-7950E78F58CB
31.37241,43.61473,1,6E42D32E-048C-D829-197E-7950E78F58CB
33.71251,52.818066,1,6E42D32E-048C-D829-197E-7950E78F58CB
53.93017,21.678806,1,6E42D32E-048C-D829-197E-7950E78F58CB
57.624863,23.33688,1,6E42D32E-048C-D829-197E-7950E78F58CB
56.919086,27.98651,1,6E42D32E-048C-D829-197E-7950E78F58CB
56.902298,28.153322,1,6E42D32E-048C-D829-197E-7950E78F58CB
-10.16983,-46.7109,2,6E42D32E-048C-D829-197E-7950E78F58CB
-10.22336,-46.728275,2,6E42D32E-048C-D829-197E-7950E78F58CB
-9.67656,-46.319523,2,6E42D32E-048C-D829-197E-7950E78F58CB
-9.6549425,-46.05788,2,6E42D32E-048C-D829-197E-7950E78F58CB
-13.829383,-35.154144,2,6E42D32E-048C-D829-197E-7950E78F58CB
-28.95665,-11.29259,2,6E42D32E-048C-D829-197E-7950E78F58CB
-4.498493,0.8185711,1,6E42D32E-048C-D829-197E-7950E78F58CB
-4.26591,0.7501641,1,6E42D32E-048C-D829-197E-7950E78F58CB
17.76498,-5.981549,1,6E42D32E-048C-D829-197E-7950E78F58CB
19.745419,-29.303797,1,6E42D32E-048C-D829-197E-7950E78F58CB
26.454666,-17.28853,0,6E42D32E-048C-D829-197E-7950E78F58CB
58.605022,19.255291,0,6E42D32E-048C-D829-197E-7950E78F58CB
57.949654,2.6389616,0,6E42D32E-048C-D829-197E-7950E78F58CB
44.239273,20.151337,0,6E42D32E-048C-D829-197E-7950E78F58CB
44.412704,19.656765,0,6E42D32E-048C-D829-197E-7950E78F58CB
44.031128,23.690655,0,6E42D32E-048C-D829-197E-7950E78F58CB
21.095076,24.355305,1,6E42D32E-048C-D829-197E-7950E78F58CB
21.206264,24.207914,1,6E42D32E-048C-D829-197E-7950E78F58CB
65.011894,-0.47587392,0,6E42D32E-048C-D829-197E-7950E78F58CB
64.98929,-0.36942062,0,6E42D32E-048C-D829-197E-7950E78F58CB
64.99364,-0.1533891,1,6E42D32E-048C-D829-197E-7950E78F58CB
59.792282,27.230734,1,6E42D32E-048C-D829-197E-7950E78F58CB
59.471184,27.486536,1,6E42D32E-048C-D829-197E-7950E78F58CB
59.129356,27.79513,1,6E42D32E-048C-D829-197E-7950E78F58CB
25.844795,-5.0737023,0,70432028-81AF-D67A-251E-D2F807AB93CF
25.207947,-5.0544415,0,70432028-81AF-D67A-251E-D2F807AB93CF
25.426346,-4.47172,0,70432028-81AF-D67A-251E-D2F807AB93CF
25.800423,-3.9903758,0,70432028-81AF-D67A-251E-D2F807AB93CF
26.113857,-3.877704,0,70432028-81AF-D67A-251E-D2F807AB93CF
55.29341,-1.4987144,0,70432028-81AF-D67A-251E-D2F807AB93CF
35.925743,44.83069,0,70432028-81AF-D67A-251E-D2F807AB93CF
35.859432,44.897423,0,70432028-81AF-D67A-251E-D2F807AB93CF
33.801243,50.93614,0,70432028-81AF-D67A-251E-D2F807AB93CF
-3.8377755,-5.5235486,0,70432028-81AF-D67A-251E-D2F807AB93CF
-3.6346195,-5.9435453,0,70432028-81AF-D67A-251E-D2F807AB93CF
-3.4859545,-6.2534065,0,70432028-81AF-D67A-251E-D2F807AB93CF
2.4250581,34.960022,1,718078D1-70DB-2916-366D-1119A22DCD7F
26.469883,32.31462,0,718078D1-70DB-2916-366D-1119A22DCD7F
26.613194,32.40451,0,718078D1-70DB-2916-366D-1119A22DCD7F
26.2137,32.271603,0,718078D1-70DB-2916-366D-1119A22DCD7F
44.71043,-0.78584236,0,718078D1-70DB-2916-366D-1119A22DCD7F
54.20911,-11.473875,0,718078D1-70DB-2916-366D-1119A22DCD7F
-41.39021,-22.662066,2,718078D1-70DB-2916-366D-1119A22DCD7F
-41.149006,-22.88109,2,718078D1-70DB-2916-366D-1119A22DCD7F
-2.325502,-13.355076,2,718078D1-70DB-2916-366D-1119A22DCD7F
-2.1045287,-13.333864,0,718078D1-70DB-2916-366D-1119A22DCD7F
32.823223,-5.229337,0,718078D1-70DB-2916-366D-1119A22DCD7F
24.308475,-35.646576,0,718078D1-70DB-2916-366D-1119A22DCD7F
35.73484,-5.4703984,0,718078D1-70DB-2916-366D-1119A22DCD7F
39.247772,-27.623667,0,718078D1-70DB-2916-366D-1119A22DCD7F
36.317287,-6.4552245,0,718078D1-70DB-2916-366D-1119A22DCD7F
15.973822,26.791656,0,718078D1-70DB-2916-366D-1119A22DCD7F
15.853952,27.087107,0,718078D1-70DB-2916-366D-1119A22DCD7F
15.84914,26.507933,0,718078D1-70DB-2916-366D-1119A22DCD7F
54.206707,12.972949,1,718078D1-70DB-2916-366D-1119A22DCD7F
22.100056,32.523514,2,718078D1-70DB-2916-366D-1119A22DCD7F
-36.472603,-3.3536732,2,718078D1-70DB-2916-366D-1119A22DCD7F
-6.1683254,-27.120817,2,718078D1-70DB-2916-366D-1119A22DCD7F
-37.84952,-3.4214604,2,718078D1-70DB-2916-366D-1119A22DCD7F
-37.785892,-3.379488,2,718078D1-70DB-2916-366D-1119A22DCD7F
-73.19754,-10.801919,2,72B642AD-2D4A-574F-05EC-EC93C0C52335
-73.27345,-10.852275,2,72B642AD-2D4A-574F-05EC-EC93C0C52335
-29.752,-29.303066,2,72B642AD-2D4A-574F-05EC-EC93C0C52335
18.761475,-23.878101,2,72B642AD-2D4A-574F-05EC-EC93C0C52335
19.248745,-24.165209,1,72B642AD-2D4A-574F-05EC-EC93C0C52335
-51.87605,18.237576,2,72B642AD-2D4A-574F-05EC-EC93C0C52335
-9.055518,-32.23388,2,72B642AD-2D4A-574F-05EC-EC93C0C52335
-2.4316568,37.267826,2,72B642AD-2D4A-574F-05EC-EC93C0C52335
-3.1084263,37.663555,2,72B642AD-2D4A-574F-05EC-EC93C0C52335
-37.6959,15.522922,1,72B642AD-2D4A-574F-05EC-EC93C0C52335
-37.755997,15.409257,1,72B642AD-2D4A-574F-05EC-EC93C0C52335
-37.944534,14.988292,1,72B642AD-2D4A-574F-05EC-EC93C0C52335
-32.433384,-47.135498,1,72B642AD-2D4A-574F-05EC-EC93C0C52335
-32.342037,-47.28251,1,72B642AD-2D4A-574F-05EC-EC93C0C52335
6.095495,-60.01027,1,72B642AD-2D4A-574F-05EC-EC93C0C52335
5.503769,-59.91222,1,72B642AD-2D4A-574F-05EC-EC93C0C52335
5.8002486,-60.22646,1,72B642AD-2D4A-574F-05EC-EC93C0C52335
7.306802,-59.47777,1,72B642AD-2D4A-574F-05EC-EC93C0C52335
-38.80442,2.4642935,2,72B642AD-2D4A-574F-05EC-EC93C0C52335
3.4373465,13.362777,1,72B642AD-2D4A-574F-05EC-EC93C0C52335
-38.829037,2.4657652,1,72B642AD-2D4A-574F-05EC-EC93C0C52335
3.8418825,-31.379751,1,72B642AD-2D4A-574F-05EC-EC93C0C52335
14.4433365,-35.077427,2,72B642AD-2D4A-574F-05EC-EC93C0C52335
3.8175852,-31.52689,2,72B642AD-2D4A-574F-05EC-EC93C0C52335
-53.05383,-23.978897,2,72B642AD-2D4A-574F-05EC-EC93C0C52335
-52.72615,-24.49691,2,72B642AD-2D4A-574F-05EC-EC93C0C52335
-52.849014,-22.521986,2,72B642AD-2D4A-574F-05EC-EC93C0C52335
-51.975178,-22.471445,2,72B642AD-2D4A-574F-05EC-EC93C0C52335
-51.714817,-22.510632,2,72B642AD-2D4A-574F-05EC-EC93C0C52335
-9.315591,-10.87286,2,72B642AD-2D4A-574F-05EC-EC93C0C52335
-0.38541597,-15.927494,2,7417E7AB-C723-0958-F8EE-DDA4DED65165
-0.3665964,-15.883202,0,7417E7AB-C723-0958-F8EE-DDA4DED65165
-0.30999562,8.002827,0,7417E7AB-C723-0958-F8EE-DDA4DED65165
-72.52984,17.16125,0,7417E7AB-C723-0958-F8EE-DDA4DED65165
-73.11492,16.419106,0,7417E7AB-C723-0958-F8EE-DDA4DED65165
-72.99197,16.537388,2,7417E7AB-C723-0958-F8EE-DDA4DED65165
28.209808,14.287548,0,7417E7AB-C723-0958-F8EE-DDA4DED65165
54.0854,-44.520596,0,7417E7AB-C723-0958-F8EE-DDA4DED65165
53.929184,-44.854313,0,7417E7AB-C723-0958-F8EE-DDA4DED65165
54.38283,-45.15129,0,7417E7AB-C723-0958-F8EE-DDA4DED65165
54.7896,-45.057217,0,7417E7AB-C723-0958-F8EE-DDA4DED65165
54.842125,-44.73988,0,7417E7AB-C723-0958-F8EE-DDA4DED65165
20.44375,27.893423,1,7417E7AB-C723-0958-F8EE-DDA4DED65165
20.499748,27.870462,1,7417E7AB-C723-0958-F8EE-DDA4DED65165
2.9306798,-32.6224,2,7417E7AB-C723-0958-F8EE-DDA4DED65165
-64.99393,-16.71095,2,7417E7AB-C723-0958-F8EE-DDA4DED65165
-52.231606,4.9675646,2,7417E7AB-C723-0958-F8EE-DDA4DED65165
-48.09211,19.600725,2,7417E7AB-C723-0958-F8EE-DDA4DED65165
-14.169841,48.35921,2,761D024F-3C62-5326-601A-88D436C7726A
-14.33117,48.50525,2,761D024F-3C62-5326-601A-88D436C7726A
-45.85902,30.41017,2,761D024F-3C62-5326-601A-88D436C7726A
-14.312272,45.699047,2,761D024F-3C62-5326-601A-88D436C7726A
-13.993713,45.80077,1,761D024F-3C62-5326-601A-88D436C7726A
-12.495577,27.374525,2,761D024F-3C62-5326-601A-88D436C7726A
-7.4574347,-25.312374,0,761D024F-3C62-5326-601A-88D436C7726A
-57.395073,15.705393,0,761D024F-3C62-5326-601A-88D436C7726A
-58.421856,15.931485,0,761D024F-3C62-5326-601A-88D436C7726A
-58.342075,15.950383,2,761D024F-3C62-5326-601A-88D436C7726A
-58.761875,16.38097,2,761D024F-3C62-5326-601A-88D436C7726A
-58.513668,16.78882,2,761D024F-3C62-5326-601A-88D436C7726A
-50.81412,17.185047,2,761D024F-3C62-5326-601A-88D436C7726A
31.705292,26.595278,2,761D024F-3C62-5326-601A-88D436C7726A
16.086538,14.285497,2,761D024F-3C62-5326-601A-88D436C7726A
20.936646,-35.520844,2,761D024F-3C62-5326-601A-88D436C7726A
21.10363,-35.945213,2,761D024F-3C62-5326-601A-88D436C7726A
21.34127,-36.14222,2,761D024F-3C62-5326-601A-88D436C7726A
-55.497322,18.036003,2,761D024F-3C62-5326-601A-88D436C7726A
-74.48497,20.29398,2,761D024F-3C62-5326-601A-88D436C7726A
-74.34369,20.53274,2,761D024F-3C62-5326-601A-88D436C7726A
-74.0641,21.079706,2,761D024F-3C62-5326-601A-88D436C7726A
-75.41999,19.608812,2,761D024F-3C62-5326-601A-88D436C7726A
-13.08399,-21.778997,2,761D024F-3C62-5326-601A-88D436C7726A
5.005932,-41.92196,2,772BA0E9-AC30-CEA6-AA1B-18A0300702AA
-29.95866,-20.39651,2,772BA0E9-AC30-CEA6-AA1B-18A0300702AA
-30.12839,-20.269608,2,772BA0E9-AC30-CEA6-AA1B-18A0300702AA
-29.334995,-21.67121,0,772BA0E9-AC30-CEA6-AA1B-18A0300702AA
-29.603199,-21.30788,0,772BA0E9-AC30-CEA6-AA1B-18A0300702AA
-28.922546,-22.534962,0,772BA0E9-AC30-CEA6-AA1B-18A0300702AA
-8.148909,-8.100337,0,772BA0E9-AC30-CEA6-AA1B-18A0300702AA
29.88135,59.010986,0,772BA0E9-AC30-CEA6-AA1B-18A0300702AA
29.740513,58.892193,2,772BA0E9-AC30-CEA6-AA1B-18A0300702AA
13.21748,36.435154,2,772BA0E9-AC30-CEA6-AA1B-18A0300702AA
6.739739,-22.539814,2,772BA0E9-AC30-CEA6-AA1B-18A0300702AA
-37.755714,-30.3562,2,772BA0E9-AC30-CEA6-AA1B-18A0300702AA
15.939431,49.272076,1,772BA0E9-AC30-CEA6-AA1B-18A0300702AA
15.800587,49.851204,1,772BA0E9-AC30-CEA6-AA1B-18A0300702AA
33.857166,-8.219273,1,772BA0E9-AC30-CEA6-AA1B-18A0300702AA
21.885408,-43.78402,1,772BA0E9-AC30-CEA6-AA1B-18A0300702AA
51.898228,-39.928253,0,772BA0E9-AC30-CEA6-AA1B-18A0300702AA
51.941708,-39.941475,0,772BA0E9-AC30-CEA6-AA1B-18A0300702AA
-32.646473,-23.250517,2,772BA0E9-AC30-CEA6-AA1B-18A0300702AA
-38.310253,24.475727,1,772BA0E9-AC30-CEA6-AA1B-18A0300702AA
-38.335236,24.465477,1,772BA0E9-AC30-CEA6-AA1B-18A0300702AA
-32.252876,-5.822427,2,77F6B31E-B228-3C6D-A66F-E7E6FDED3587
-9.3223715,-22.49705,2,77F6B31E-B228-3C6D-A66F-E7E6FDED3587
29.748104,51.079086,1,77F6B31E-B228-3C6D-A66F-E7E6FDED3587
13.006143,49.88462,1,77F6B31E-B228-3C6D-A66F-E7E6FDED3587
12.987344,50.320553,2,77F6B31E-B228-3C6D-A66F-E7E6FDED3587
12.196022,48.68627,2,77F6B31E-B228-3C6D-A66F-E7E6FDED3587
11.993165,48.83182,2,77F6B31E-B228-3C6D-A66F-E7E6FDED3587
-15.714949,35.508022,2,77F6B31E-B228-3C6D-A66F-E7E6FDED3587
-35.95695,12.07779,2,77F6B31E-B228-3C6D-A66F-E7E6FDED3587
-35.07577,12.585525,2,77F6B31E-B228-3C6D-A66F-E7E6FDED3587
-35.0796,12.659423,2,77F6B31E-B228-3C6D-A66F-E7E6FDED3587
-6.418164,45.24782,2,77F6B31E-B228-3C6D-A66F-E7E6FDED3587
3.8018656,41.677303,1,77F6B31E-B228-3C6D-A66F-E7E6FDED3587
4.2003613,42.1063,1,77F6B31E-B228-3C6D-A66F-E7E6FDED3587
-33.212036,13.031041,2,77F6B31E-B228-3C6D-A66F-E7E6FDED3587
-63.434063,0.036661904,2,77F6B31E-B228-3C6D-A66F-E7E6FDED3587
-63.53421,-0.4452847,2,77F6B31E-B228-3C6D-A66F-E7E6FDED3587
-63.580322,-0.79507536,2,77F6B31E-B228-3C6D-A66F-E7E6FDED3587
20.619658,56.9329,1,77F6B31E-B228-3C6D-A66F-E7E6FDED3587
-4.477872,50.2885,1,77F6B31E-B228-3C6D-A66F-E7E6FDED3587
20.649088,56.963207,1,77F6B31E-B228-3C6D-A66F-E7E6FDED3587
4.9586406,38.98275,1,77F6B31E-B228-3C6D-A66F-E7E6FDED3587
56.250153,31.452263,1,77F6B31E-B228-3C6D-A66F-E7E6FDED3587
56.260033,31.459951,1,77F6B31E-B228-3C6D-A66F-E7E6FDED3587
17.949675,22.272036,2,77F6B31E-B228-3C6D-A66F-E7E6FDED3587
38.217525,42.450054,2,77F6B31E-B228-3C6D-A66F-E7E6FDED3587
38.223064,42.479263,2,77F6B31E-B228-3C6D-A66F-E7E6FDED3587
-9.636738,50.058575,1,7B8B31F4-FFC3-7A4E-3EAF-78D5CA8ACB61
-9.981826,49.724403,2,7B8B31F4-FFC3-7A4E-3EAF-78D5CA8ACB61
-18.921335,8.129531,2,7B8B31F4-FFC3-7A4E-3EAF-78D5CA8ACB61
-19.014488,7.934185,2,7B8B31F4-FFC3-7A4E-3EAF-78D5CA8ACB61
-33.47071,-14.718237,2,7B8B31F4-FFC3-7A4E-3EAF-78D5CA8ACB61
-18.511963,8.858231,2,7B8B31F4-FFC3-7A4E-3EAF-78D5CA8ACB61
-56.606686,9.930253,2,7B8B31F4-FFC3-7A4E-3EAF-78D5CA8ACB61
-56.62678,9.989038,2,7B8B31F4-FFC3-7A4E-3EAF-78D5CA8ACB61
-11.38414,37.032658,2,7B8B31F4-FFC3-7A4E-3EAF-78D5CA8ACB61
26.654587,27.312958,2,7B8B31F4-FFC3-7A4E-3EAF-78D5CA8ACB61
26.704117,27.318546,1,7B8B31F4-FFC3-7A4E-3EAF-78D5CA8ACB61
59.50198,6.594586,1,7B8B31F4-FFC3-7A4E-3EAF-78D5CA8ACB61
-43.56523,26.164513,2,7B8B31F4-FFC3-7A4E-3EAF-78D5CA8ACB61
-43.508842,26.146864,2,7B8B31F4-FFC3-7A4E-3EAF-78D5CA8ACB61
-38.394096,-10.185286,2,7B8B31F4-FFC3-7A4E-3EAF-78D5CA8ACB61
27.177458,-30.45333,2,7B8B31F4-FFC3-7A4E-3EAF-78D5CA8ACB61
9.426601,-46.00905,1,7B8B31F4-FFC3-7A4E-3EAF-78D5CA8ACB61
-58.59847,-24.4632,2,7B8B31F4-FFC3-7A4E-3EAF-78D5CA8ACB61
50.46287,25.259008,1,7B8B31F4-FFC3-7A4E-3EAF-78D5CA8ACB61
39.427128,-33.746788,2,7B8B31F4-FFC3-7A4E-3EAF-78D5CA8ACB61
-2.0520227,-23.246191,2,7B8B31F4-FFC3-7A4E-3EAF-78D5CA8ACB61
20.08269,20.80683,2,7B8B31F4-FFC3-7A4E-3EAF-78D5CA8ACB61
-44.084778,30.525541,2,7B8B31F4-FFC3-7A4E-3EAF-78D5CA8ACB61
-44.315075,29.970915,2,7B8B31F4-FFC3-7A4E-3EAF-78D5CA8ACB61
59.29267,-2.3730986,0,7DC9729F-BA27-3831-6078-F8508766396A
59.348373,-1.3059032,0,7DC9729F-BA27-3831-6078-F8508766396A
59.45725,-0.60620964,0,7DC9729F-BA27-3831-6078-F8508766396A
59.465233,-0.58065534,0,7DC9729F-BA27-3831-6078-F8508766396A
56.37607,-32.061054,0,7DC9729F-BA27-3831-6078-F8508766396A
48.217884,-12.471172,0,7DC9729F-BA27-3831-6078-F8508766396A
27.569519,8.496613,0,7DC9729F-BA27-3831-6078-F8508766396A
27.55232,8.5243435,2,7DC9729F-BA27-3831-6078-F8508766396A
-1.130411,37.782894,2,7DC9729F-BA27-3831-6078-F8508766396A
-21.130669,-0.85691285,2,7DC9729F-BA27-3831-6078-F8508766396A
-21.188099,-1.1672931,2,7DC9729F-BA27-3831-6078-F8508766396A
-21.435534,-2.0034513,2,7DC9729F-BA27-3831-6078-F8508766396A
32.654247,-32.28202,2,7DC9729F-BA27-3831-6078-F8508766396A
32.841785,-32.268536,2,7DC9729F-BA27-3831-6078-F8508766396A
53.699726,-1.6853106,0,7DC9729F-BA27-3831-6078-F8508766396A
52.99355,-1.9499037,0,7DC9729F-BA27-3831-6078-F8508766396A
51.50251,-2.640446,0,7DC9729F-BA27-3831-6078-F8508766396A
19.385567,-4.082066,0,7DC9729F-BA27-3831-6078-F8508766396A
-15.377058,16.626108,2,7DC9729F-BA27-3831-6078-F8508766396A
-16.290268,23.755196,2,7DC9729F-BA27-3831-6078-F8508766396A
-16.253256,23.94833,2,7DC9729F-BA27-3831-6078-F8508766396A
-46.98353,23.630672,2,7DC9729F-BA27-3831-6078-F8508766396A
-46.995476,23.615974,2,7DC9729F-BA27-3831-6078-F8508766396A
-46.607628,22.733149,2,7DC9729F-BA27-3831-6078-F8508766396A
52.599987,8.202582,0,7DC9729F-BA27-3831-6078-F8508766396A
20.520649,3.2317128,0,7DC9729F-BA27-3831-6078-F8508766396A
20.472858,3.255696,0,7DC9729F-BA27-3831-6078-F8508766396A
-59.710133,-14.392161,2,7FB7C50A-30EA-A991-0C04-7FFA681B8803
-56.031307,13.03014,2,7FB7C50A-30EA-A991-0C04-7FFA681B8803
-30.278711,12.163781,2,7FB7C50A-30EA-A991-0C04-7FFA681B8803
-30.08071,12.30286,2,7FB7C50A-30EA-A991-0C04-7FFA681B8803
-30.267424,12.166429,2,7FB7C50A-30EA-A991-0C04-7FFA681B8803
-0.89253396,18.07286,2,7FB7C50A-30EA-A991-0C04-7FFA681B8803
-70.46115,19.560371,2,8322EDEF-4C09-318A-1B7E-56D62A6839AD
-26.55882,13.595259,2,8322EDEF-4C09-318A-1B7E-56D62A6839AD
37.021065,20.01417,2,8322EDEF-4C09-318A-1B7E-56D62A6839AD
20.398695,47.973866,2,8322EDEF-4C09-318A-1B7E-56D62A6839AD
-6.258428,46.009277,2,8322EDEF-4C09-318A-1B7E-56D62A6839AD
-31.666395,28.285116,2,8322EDEF-4C09-318A-1B7E-56D62A6839AD
9.47338,-17.69293,0,8322EDEF-4C09-318A-1B7E-56D62A6839AD
9.270731,-17.939457,2,8322EDEF-4C09-318A-1B7E-56D62A6839AD
9.954679,-17.152246,2,8322EDEF-4C09-318A-1B7E-56D62A6839AD
17.21303,23.226603,2,8322EDEF-4C09-318A-1B7E-56D62A6839AD
36.302536,23.346592,2,8322EDEF-4C09-318A-1B7E-56D62A6839AD
15.851628,57.599197,2,8322EDEF-4C09-318A-1B7E-56D62A6839AD
22.88458,59.633205,1,8322EDEF-4C09-318A-1B7E-56D62A6839AD
22.64255,59.470467,2,8322EDEF-4C09-318A-1B7E-56D62A6839AD
21.858955,58.84081,2,8322EDEF-4C09-318A-1B7E-56D62A6839AD
21.117897,58.46764,2,8322EDEF-4C09-318A-1B7E-56D62A6839AD
-16.57701,-8.587267,2,8322EDEF-4C09-318A-1B7E-56D62A6839AD
1.6024758,7.9934235,2,8322EDEF-4C09-318A-1B7E-56D62A6839AD
-3.3303928,-39.55856,2,8322EDEF-4C09-318A-1B7E-56D62A6839AD
-8.600657,-18.573826,0,8322EDEF-4C09-318A-1B7E-56D62A6839AD
13.430836,55.929283,0,8322EDEF-4C09-318A-1B7E-56D62A6839AD
13.111585,56.441948,0,8322EDEF-4C09-318A-1B7E-56D62A6839AD
45.49947,30.316435,0,8322EDEF-4C09-318A-1B7E-56D62A6839AD
47.627,30.599203,0,8322EDEF-4C09-318A-1B7E-56D62A6839AD
47.324295,29.732626,0,8322EDEF-4C09-318A-1B7E-56D62A6839AD
47.273777,29.584763,0,8322EDEF-4C09-318A-1B7E-56D62A6839AD
47.206444,29.442667,0,8322EDEF-4C09-318A-1B7E-56D62A6839AD
45.87246,-49.927517,2,8407F9C4-C295-8C95-C281-584AF2118F84
45.686813,-49.901253,2,8407F9C4-C295-8C95-C281-584AF2118F84
21.654568,-50.973564,2,8407F9C4-C295-8C95-C281-584AF2118F84
21.656698,-50.966892,2,8407F9C4-C295-8C95-C281-584AF2118F84
-0.84141636,5.3867054,2,8407F9C4-C295-8C95-C281-584AF2118F84
-14.261005,-1.3742813,2,8407F9C4-C295-8C95-C281-584AF2118F84
-14.45775,-0.9827957,2,8407F9C4-C295-8C95-C281-584AF2118F84
23.008177,25.5848,2,8407F9C4-C295-8C95-C281-584AF2118F84
23.54817,25.489386,2,8407F9C4-C295-8C95-C281-584AF2118F84
23.793262,25.390066,0,8407F9C4-C295-8C95-C281-584AF2118F84
3.1004448,26.278023,0,8407F9C4-C295-8C95-C281-584AF2118F84
3.0282595,26.111227,0,8407F9C4-C295-8C95-C281-584AF2118F84
-4.130978,-37.019638,2,8407F9C4-C295-8C95-C281-584AF2118F84
-4.2440495,-36.862267,0,8407F9C4-C295-8C95-C281-584AF2118F84
-7.008472,-6.7495956,2,8407F9C4-C295-8C95-C281-584AF2118F84
-6.9710484,-6.7009907,2,8407F9C4-C295-8C95-C281-584AF2118F84
-33.66568,-17.2365,2,8407F9C4-C295-8C95-C281-584AF2118F84
-48.513657,6.776252,2,8407F9C4-C295-8C95-C281-584AF2118F84
-43.388092,-14.136618,2,85748DC9-A6DA-334D-6422-BF69EE06A98C
-43.283916,-14.105049,2,85748DC9-A6DA-334D-6422-BF69EE06A98C
-40.404926,22.286455,2,85748DC9-A6DA-334D-6422-BF69EE06A98C
-25.990368,-6.5205173,2,85748DC9-A6DA-334D-6422-BF69EE06A98C
-25.69063,-6.553933,2,85748DC9-A6DA-334D-6422-BF69EE06A98C
-58.82781,-4.6314116,2,85748DC9-A6DA-334D-6422-BF69EE06A98C
-11.956971,-39.443893,0,85748DC9-A6DA-334D-6422-BF69EE06A98C
-12.260302,-39.641796,0,85748DC9-A6DA-334D-6422-BF69EE06A98C
0.18043657,-34.575764,0,85748DC9-A6DA-334D-6422-BF69EE06A98C
15.396145,-42.740326,0,85748DC9-A6DA-334D-6422-BF69EE06A98C
42.54092,18.687584,0,85748DC9-A6DA-334D-6422-BF69EE06A98C
31.191462,38.760326,1,85748DC9-A6DA-334D-6422-BF69EE06A98C
-12.489986,43.771816,1,85748DC9-A6DA-334D-6422-BF69EE06A98C
-54.63011,-14.547968,2,85748DC9-A6DA-334D-6422-BF69EE06A98C
-54.609726,-13.877823,2,85748DC9-A6DA-334D-6422-BF69EE06A98C
-54.556847,-13.671203,2,85748DC9-A6DA-334D-6422-BF69EE06A98C
-54.156013,-13.872371,2,85748DC9-A6DA-334D-6422-BF69EE06A98C
-7.027657,-38.001694,2,85748DC9-A6DA-334D-6422-BF69EE06A98C
23.833532,42.358925,1,85748DC9-A6DA-334D-6422-BF69EE06A98C
27.299013,60.87886,2,85748DC9-A6DA-334D-6422-BF69EE06A98C
27.305923,60.865356,2,85748DC9-A6DA-334D-6422-BF69EE06A98C
-0.46232292,-39.19862,2,8690E8B6-9B41-5F0E-C518-8F2D028C6690
-0.6062917,-39.0813,2,8690E8B6-9B41-5F0E-C518-8F2D028C6690
49.53558,16.607294,2,8690E8B6-9B41-5F0E-C518-8F2D028C6690
-0.24498385,19.355093,2,8690E8B6-9B41-5F0E-C518-8F2D028C6690
38.8296,-38.83381,2,8690E8B6-9B41-5F0E-C518-8F2D028C6690
15.328356,-36.19317,2,8690E8B6-9B41-5F0E-C518-8F2D028C6690
-35.959583,-35.813583,2,8690E8B6-9B41-5F0E-C518-8F2D028C6690
-36.106644,-35.895214,2,8690E8B6-9B41-5F0E-C518-8F2D028C6690
-35.13511,-35.666656,2,8690E8B6-9B41-5F0E-C518-8F2D028C6690
-2.8680224,-26.612492,2,8690E8B6-9B41-5F0E-C518-8F2D028C6690
51.83753,-16.60404,2,8690E8B6-9B41-5F0E-C518-8F2D028C6690
51.60623,-16.112883,0,8690E8B6-9B41-5F0E-C518-8F2D028C6690
54.006626,-34.730457,2,8690E8B6-9B41-5F0E-C518-8F2D028C6690
4.5612645,-49.63265,2,8690E8B6-9B41-5F0E-C518-8F2D028C6690
-38.4791,-33.52182,2,8690E8B6-9B41-5F0E-C518-8F2D028C6690
-38.670166,-33.71542,2,8690E8B6-9B41-5F0E-C518-8F2D028C6690
-38.343414,-33.34949,2,8690E8B6-9B41-5F0E-C518-8F2D028C6690
-63.898895,-14.496683,2,8690E8B6-9B41-5F0E-C518-8F2D028C6690
15.31876,29.058134,2,874A6B13-C999-C802-1138-FA198591D897
15.295668,29.12099,2,874A6B13-C999-C802-1138-FA198591D897
21.427193,44.34359,1,874A6B13-C999-C802-1138-FA198591D897
37.31225,34.572628,0,874A6B13-C999-C802-1138-FA198591D897
13.250195,0.15694663,0,874A6B13-C999-C802-1138-FA198591D897
13.403035,0.44317895,0,874A6B13-C999-C802-1138-FA198591D897
23.070583,16.322062,2,874A6B13-C999-C802-1138-FA198591D897
-40.613956,-38.839012,2,874A6B13-C999-C802-1138-FA198591D897
-24.08968,-18.154257,2,874A6B13-C999-C802-1138-FA198591D897
-70.77966,-17.1132,2,874A6B13-C999-C802-1138-FA198591D897
-70.78752,-16.774145,2,874A6B13-C999-C802-1138-FA198591D897
-70.77523,-16.593344,2,874A6B13-C999-C802-1138-FA198591D897
-17.5341,-29.293474,2,874A6B13-C999-C802-1138-FA198591D897
-52.632153,-1.2971157,2,874A6B13-C999-C802-1138-FA198591D897
0.2960847,-16.082235,2,874A6B13-C999-C802-1138-FA198591D897
35.09684,25.028202,1,874A6B13-C999-C802-1138-FA198591D897
35.197403,25.082952,1,874A6B13-C999-C802-1138-FA198591D897
47.86927,-15.156102,1,874A6B13-C999-C802-1138-FA198591D897
40.06666,20.226963,0,874A6B13-C999-C802-1138-FA198591D897
38.827896,20.307968,0,874A6B13-C999-C802-1138-FA198591D897
39.246788,19.870527,0,874A6B13-C999-C802-1138-FA198591D897
24.413918,-6.3658423,1,874A6B13-C999-C802-1138-FA198591D897
19.786863,0.61931694,0,874A6B13-C999-C802-1138-FA198591D897
50.79361,-19.70443,0,874A6B13-C999-C802-1138-FA198591D897
-73.369774,13.868029,2,874A6B13-C999-C802-1138-FA198591D897
-17.562527,40.50691,2,874A6B13-C999-C802-1138-FA198591D897
-63.621193,8.770666,2,874A6B13-C999-C802-1138-FA198591D897
-63.730804,8.542083,2,874A6B13-C999-C802-1138-FA198591D897
-63.93317,7.7701592,2,874A6B13-C999-C802-1138-FA198591D897
-63.90066,7.038319,2,874A6B13-C999-C802-1138-FA198591D897
-58.661335,-22.82944,2,874A6B13-C999-C802-1138-FA198591D897
27.574852,-31.404762,2,874A6B13-C999-C802-1138-FA198591D897
27.77274,-32.349144,0,874A6B13-C999-C802-1138-FA198591D897
27.765224,-32.53906,0,874A6B13-C999-C802-1138-FA198591D897
27.996532,-33.488007,0,874A6B13-C999-C802-1138-FA198591D897
28.086224,-33.76599,0,874A6B13-C999-C802-1138-FA198591D897
32.39616,47.344433,1,874A6B13-C999-C802-1138-FA198591D897
32.356483,47.319233,1,874A6B13-C999-C802-1138-FA198591D897
-22.175323,15.8756485,2,874A6B13-C999-C802-1138-FA198591D897
-23.385857,16.223848,2,874A6B13-C999-C802-1138-FA198591D897
-22.76846,16.258522,2,874A6B13-C999-C802-1138-FA198591D897
-23.528303,16.163776,2,874A6B13-C999-C802-1138-FA198591D897
-15.273252,2.7969136,2,8DD09016-F898-915E-4A5C-727F57619D73
-2.6138194,32.817055,2,8DD09016-F898-915E-4A5C-727F57619D73
-59.999355,11.684417,2,8DD09016-F898-915E-4A5C-727F57619D73
-59.496414,11.989594,2,8DD09016-F898-915E-4A5C-727F57619D73
-59.249977,12.0856905,2,8DD09016-F898-915E-4A5C-727F57619D73
-74.02693,5.4717965,2,8DD09016-F898-915E-4A5C-727F57619D73
27.49882,52.802616,0,8DD09016-F898-915E-4A5C-727F57619D73
27.432337,52.869385,0,8DD09016-F898-915E-4A5C-727F57619D73
-1.0314573,51.25069,0,8DD09016-F898-915E-4A5C-727F57619D73
-76.57948,7.2859726,2,8DD09016-F898-915E-4A5C-727F57619D73
-76.58236,7.235023,2,8DD09016-F898-915E-4A5C-727F57619D73
-77.08261,1.6746817,2,8DD09016-F898-915E-4A5C-727F57619D73
22.261036,3.217551,0,8DD09016-F898-915E-4A5C-727F57619D73
-16.227873,-34.963284,0,8DD09016-F898-915E-4A5C-727F57619D73
-16.237907,-34.951332,0,8DD09016-F898-915E-4A5C-727F57619D73
10.77929,1.2112737,1,9268F759-54B0-96CC-C0F5-9D8DBAA12073
-23.323675,-37.815636,1,9268F759-54B0-96CC-C0F5-9D8DBAA12073
9.667694,-47.60677,1,9268F759-54B0-96CC-C0F5-9D8DBAA12073
9.697111,-47.703632,1,9268F759-54B0-96CC-C0F5-9D8DBAA12073
9.997516,-47.71015,1,9268F759-54B0-96CC-C0F5-9D8DBAA12073
9.924272,-48.01105,1,9268F759-54B0-96CC-C0F5-9D8DBAA12073
-22.82572,-33.841194,2,9268F759-54B0-96CC-C0F5-9D8DBAA12073
-22.614109,-33.877167,2,9268F759-54B0-96CC-C0F5-9D8DBAA12073
-23.536928,-33.72872,2,9268F759-54B0-96CC-C0F5-9D8DBAA12073
-21.533882,-34.00125,1,9268F759-54B0-96CC-C0F5-9D8DBAA12073
-9.7389,29.48299,1,9268F759-54B0-96CC-C0F5-9D8DBAA12073
-9.729368,29.532154,1,9268F759-54B0-96CC-C0F5-9D8DBAA12073
40.690975,-23.827478,1,9268F759-54B0-96CC-C0F5-9D8DBAA12073
39.936413,-24.182455,1,9268F759-54B0-96CC-C0F5-9D8DBAA12073
39.431774,-24.30422,1,9268F759-54B0-96CC-C0F5-9D8DBAA12073
39.45528,-24.305397,1,9268F759-54B0-96CC-C0F5-9D8DBAA12073
56.36376,23.506353,1,9268F759-54B0-96CC-C0F5-9D8DBAA12073
28.192965,60.862583,1,9268F759-54B0-96CC-C0F5-9D8DBAA12073
-21.575829,-19.941675,2,9268F759-54B0-96CC-C0F5-9D8DBAA12073
-20.870825,-19.97933,2,9268F759-54B0-96CC-C0F5-9D8DBAA12073
-20.64397,-19.90387,2,9268F759-54B0-96CC-C0F5-9D8DBAA12073
8.790911,14.097287,2,9268F759-54B0-96CC-C0F5-9D8DBAA12073
8.837368,14.127407,1,9268F759-54B0-96CC-C0F5-9D8DBAA12073
29.61496,52.946915,1,9268F759-54B0-96CC-C0F5-9D8DBAA12073
-10.572593,-10.471219,2,9268F759-54B0-96CC-C0F5-9D8DBAA12073
10.990946,-31.265806,2,9268F759-54B0-96CC-C0F5-9D8DBAA12073
40.395958,12.152901,2,9268F759-54B0-96CC-C0F5-9D8DBAA12073
19.225773,-7.090902,2,9268F759-54B0-96CC-C0F5-9D8DBAA12073
-42.164227,13.699798,2,9268F759-54B0-96CC-C0F5-9D8DBAA12073
-42.21201,13.722425,2,9268F759-54B0-96CC-C0F5-9D8DBAA12073
52.751217,-47.303883,0,94AA1B20-A5D9-F2B4-FD96-2F20A00FAE89
52.48039,-47.33495,2,94AA1B20-A5D9-F2B4-FD96-2F20A00FAE89
51.850883,-47.971256,2,94AA1B20-A5D9-F2B4-FD96-2F20A00FAE89
11.747263,-24.688557,2,94AA1B20-A5D9-F2B4-FD96-2F20A00FAE89
5.4436603,-12.809933,2,94AA1B20-A5D9-F2B4-FD96-2F20A00FAE89
5.4133787,-12.849698,2,94AA1B20-A5D9-F2B4-FD96-2F20A00FAE89
0.4832062,0.5033728,2,94AA1B20-A5D9-F2B4-FD96-2F20A00FAE89
0.49870408,0.4667053,2,94AA1B20-A5D9-F2B4-FD96-2F20A00FAE89
-54.755722,-33.376255,2,94AA1B20-A5D9-F2B4-FD96-2F20A00FAE89
-55.30352,-32.99609,2,94AA1B20-A5D9-F2B4-FD96-2F20A00FAE89
-55.24983,-33.030582,2,94AA1B20-A5D9-F2B4-FD96-2F20A00FAE89
-55.597023,-32.798756,2,94AA1B20-A5D9-F2B4-FD96-2F20A00FAE89
-15.018437,27.89663,2,94AA1B20-A5D9-F2B4-FD96-2F20A00FAE89
16.540192,35.206516,2,94AA1B20-A5D9-F2B4-FD96-2F20A00FAE89
16.511051,35.171127,2,94AA1B20-A5D9-F2B4-FD96-2F20A00FAE89
-69.57998,9.952297,2,96B78431-4166-E4D3-2AA2-15BE2512E1D6
-69.593315,9.900871,2,96B78431-4166-E4D3-2AA2-15BE2512E1D6
-27.882914,-3.6852412,2,96B78431-4166-E4D3-2AA2-15BE2512E1D6
-27.742525,-3.6492345,2,96B78431-4166-E4D3-2AA2-15BE2512E1D6
17.254831,-39.78933,1,96B78431-4166-E4D3-2AA2-15BE2512E1D6
-3.0525222,46.86072,1,96B78431-4166-E4D3-2AA2-15BE2512E1D6
41.83819,7.3377852,0,96B78431-4166-E4D3-2AA2-15BE2512E1D6
41.953358,7.3277693,0,96B78431-4166-E4D3-2AA2-15BE2512E1D6
28.11387,4.1146803,0,96B78431-4166-E4D3-2AA2-15BE2512E1D6
9.89773,3.4108331,0,96B78431-4166-E4D3-2AA2-15BE2512E1D6
-44.68004,-17.35664,0,96B78431-4166-E4D3-2AA2-15BE2512E1D6
-44.668243,-17.318556,2,96B78431-4166-E4D3-2AA2-15BE2512E1D6
-73.93533,12.998671,2,96B78431-4166-E4D3-2AA2-15BE2512E1D6
-73.955574,12.994973,2,96B78431-4166-E4D3-2AA2-15BE2512E1D6
-18.533617,45.85721,2,96B78431-4166-E4D3-2AA2-15BE2512E1D6
-46.703617,31.358372,2,96B78431-4166-E4D3-2AA2-15BE2512E1D6
-47.39836,31.325705,2,96B78431-4166-E4D3-2AA2-15BE2512E1D6
-47.343872,31.319616,2,96B78431-4166-E4D3-2AA2-15BE2512E1D6
28.422081,-38.116577,0,99827717-1B21-7ECC-CAD1-99489F7E19EA
-39.432262,-0.12236848,0,99827717-1B21-7ECC-CAD1-99489F7E19EA
-68.20776,-18.370157,0,99827717-1B21-7ECC-CAD1-99489F7E19EA
-68.06835,-17.911676,0,99827717-1B21-7ECC-CAD1-99489F7E19EA
-67.69081,-17.967237,2,99827717-1B21-7ECC-CAD1-99489F7E19EA
-67.50625,-17.886877,2,99827717-1B21-7ECC-CAD1-99489F7E19EA
-66.75023,-17.886005,2,99827717-1B21-7ECC-CAD1-99489F7E19EA
-7.3351135,-39.537937,2,99827717-1B21-7ECC-CAD1-99489F7E19EA
-1.8308438,-51.5495,2,99827717-1B21-7ECC-CAD1-99489F7E19EA
-1.4303268,-51.82493,1,99827717-1B21-7ECC-CAD1-99489F7E19EA
-1.889979,-51.634007,1,99827717-1B21-7ECC-CAD1-99489F7E19EA
-3.1445208,-51.01465,2,99827717-1B21-7ECC-CAD1-99489F7E19EA
-3.5780907,-50.89285,2,99827717-1B21-7ECC-CAD1-99489F7E19EA
36.717377,-34.370003,2,99827717-1B21-7ECC-CAD1-99489F7E19EA
-5.459935,-22.227226,2,99827717-1B21-7ECC-CAD1-99489F7E19EA
-4.7349176,-12.540793,2,99827717-1B21-7ECC-CAD1-99489F7E19EA
-12.276114,40.631,2,99827717-1B21-7ECC-CAD1-99489F7E19EA
17.105259,55.216576,2,99827717-1B21-7ECC-CAD1-99489F7E19EA
-60.99618,7.7571416,2,99827717-1B21-7ECC-CAD1-99489F7E19EA
-60.2089,8.952828,2,99827717-1B21-7ECC-CAD1-99489F7E19EA
-60.155277,8.348735,2,99827717-1B21-7ECC-CAD1-99489F7E19EA
-59.321323,7.8685794,2,99827717-1B21-7ECC-CAD1-99489F7E19EA
-58.630756,7.542766,2,99827717-1B21-7ECC-CAD1-99489F7E19EA
-37.691196,19.364025,2,99827717-1B21-7ECC-CAD1-99489F7E19EA
-13.780537,10.702231,1,99827717-1B21-7ECC-CAD1-99489F7E19EA
-11.426819,9.958978,1,99827717-1B21-7ECC-CAD1-99489F7E19EA
-12.936598,10.802158,1,99827717-1B21-7ECC-CAD1-99489F7E19EA
-12.601866,10.706957,1,99827717-1B21-7ECC-CAD1-99489F7E19EA
-11.559449,10.5301895,1,99827717-1B21-7ECC-CAD1-99489F7E19EA
-10.899409,11.273721,1,99827717-1B21-7ECC-CAD1-99489F7E19EA
-13.245261,8.682694,1,99827717-1B21-7ECC-CAD1-99489F7E19EA
-13.840674,8.270372,1,99827717-1B21-7ECC-CAD1-99489F7E19EA
-13.939785,8.203113,1,99827717-1B21-7ECC-CAD1-99489F7E19EA
59.62201,9.709904,0,9A80CFF4-085D-6435-BA08-18E6496A8381
59.65841,9.617862,0,9A80CFF4-085D-6435-BA08-18E6496A8381
1.2607646,-6.6463523,0,9A80CFF4-085D-6435-BA08-18E6496A8381
1.2346039,-6.608066,0,9A80CFF4-085D-6435-BA08-18E6496A8381
-16.000126,-30.810553,2,9A80CFF4-085D-6435-BA08-18E6496A8381
-16.138353,-30.720291,2,9A80CFF4-085D-6435-BA08-18E6496A8381
-67.364174,8.057359,0,9A80CFF4-085D-6435-BA08-18E6496A8381
-66.58701,6.522214,0,9A80CFF4-085D-6435-BA08-18E6496A8381
-66.36462,6.359365,2,9A80CFF4-085D-6435-BA08-18E6496A8381
-10.698598,52.39554,2,9A80CFF4-085D-6435-BA08-18E6496A8381
-10.5936165,52.376015,2,9A80CFF4-085D-6435-BA08-18E6496A8381
23.697927,61.5557,2,9A80CFF4-085D-6435-BA08-18E6496A8381
-38.910778,8.660879,2,9C694EBE-9421-F45A-ED92-F521991A6A52
-39.006516,8.667765,2,9C694EBE-9421-F45A-ED92-F521991A6A52
-31.006035,-15.521536,2,9C694EBE-9421-F45A-ED92-F521991A6A52
12.340828,12.179382,0,9C694EBE-9421-F45A-ED92-F521991A6A52
-1.9243025,-38.18621,0,9C694EBE-9421-F45A-ED92-F521991A6A52
41.94282,-43.773247,2,9C694EBE-9421-F45A-ED92-F521991A6A52
-65.75558,-12.876717,2,9C694EBE-9421-F45A-ED92-F521991A6A52
-9.279543,-36.308247,0,9C694EBE-9421-F45A-ED92-F521991A6A52
-9.146655,-36.19092,0,9C694EBE-9421-F45A-ED92-F521991A6A52
47.931377,-28.850466,0,9C694EBE-9421-F45A-ED92-F521991A6A52
51.142685,-20.918915,0,9C694EBE-9421-F45A-ED92-F521991A6A52
50.8498,-4.2713532,0,9C694EBE-9421-F45A-ED92-F521991A6A52
31.438421,49.42195,0,9C694EBE-9421-F45A-ED92-F521991A6A52
-17.946701,47.787315,2,9C694EBE-9421-F45A-ED92-F521991A6A52
-61.81248,25.30013,2,9C694EBE-9421-F45A-ED92-F521991A6A52
-61.696377,25.341934,2,9C694EBE-9421-F45A-ED92-F521991A6A52
-61.700558,25.329268,2,9C694EBE-9421-F45A-ED92-F521991A6A52
-74.91247,0.15138333,2,9C694EBE-9421-F45A-ED92-F521991A6A52
19.81695,-12.434101,0,9C694EBE-9421-F45A-ED92-F521991A6A52
5.307658,11.091828,0,9C694EBE-9421-F45A-ED92-F521991A6A52
25.86373,-16.046358,0,9C694EBE-9421-F45A-ED92-F521991A6A52
61.356415,21.988985,0,9C694EBE-9421-F45A-ED92-F521991A6A52
61.34451,22.022871,0,9C694EBE-9421-F45A-ED92-F521991A6A52
57.943054,5.04387,0,9C694EBE-9421-F45A-ED92-F521991A6A52
-71.61574,-3.1042774,2,9E6EBCE2-44FB-8F07-4135-E91140B34096
-38.529446,-6.2310576,2,9E6EBCE2-44FB-8F07-4135-E91140B34096
10.81038,-21.037199,2,9E6EBCE2-44FB-8F07-4135-E91140B34096
45.60383,-24.434525,2,9E6EBCE2-44FB-8F07-4135-E91140B34096
45.430614,-24.167997,1,9E6EBCE2-44FB-8F07-4135-E91140B34096
45.451782,-24.206173,1,9E6EBCE2-44FB-8F07-4135-E91140B34096
-29.688639,24.660805,2,9E6EBCE2-44FB-8F07-4135-E91140B34096
-29.498884,24.59752,2,9E6EBCE2-44FB-8F07-4135-E91140B34096
-29.309752,24.477365,2,9E6EBCE2-44FB-8F07-4135-E91140B34096
-28.709549,24.370918,2,9E6EBCE2-44FB-8F07-4135-E91140B34096
8.479421,-35.176086,2,9E6EBCE2-44FB-8F07-4135-E91140B34096
54.90597,24.830975,1,9E6EBCE2-44FB-8F07-4135-E91140B34096
-68.3061,24.206692,2,9E6EBCE2-44FB-8F07-4135-E91140B34096
-68.33425,24.168694,2,9E6EBCE2-44FB-8F07-4135-E91140B34096
-15.699913,40.23584,2,9E6EBCE2-44FB-8F07-4135-E91140B34096
-15.571957,40.248196,2,9E6EBCE2-44FB-8F07-4135-E91140B34096
-15.473234,39.87548,2,9E6EBCE2-44FB-8F07-4135-E91140B34096
9.389172,-8.773109,2,9E6EBCE2-44FB-8F07-4135-E91140B34096
-62.85844,-6.503449,2,9E6EBCE2-44FB-8F07-4135-E91140B34096
-62.60512,-6.4824495,2,9E6EBCE2-44FB-8F07-4135-E91140B34096
-11.048768,-37.88488,2,9E6EBCE2-44FB-8F07-4135-E91140B34096
19.26504,-21.018728,2,A135AF2A-692D-9C83-AB54-34F977E4D14D
19.710052,-20.136745,0,A135AF2A-692D-9C83-AB54-34F977E4D14D
19.831966,-20.063257,0,A135AF2A-692D-9C83-AB54-34F977E4D14D
-8.95163,45.398376,0,A135AF2A-692D-9C83-AB54-34F977E4D14D
-9.320628,45.724216,2,A135AF2A-692D-9C83-AB54-34F977E4D14D
-9.499271,45.828533,2,A135AF2A-692D-9C83-AB54-34F977E4D14D
-10.034239,46.01167,2,A135AF2A-692D-9C83-AB54-34F977E4D14D
-10.290121,46.204845,2,A135AF2A-692D-9C83-AB54-34F977E4D14D
-9.40648,46.866356,2,A135AF2A-692D-9C83-AB54-34F977E4D14D
-19.931261,20.34691,2,A135AF2A-692D-9C83-AB54-34F977E4D14D
9.729071,0.667244,2,A135AF2A-692D-9C83-AB54-34F977E4D14D
9.600523,0.40990168,0,A135AF2A-692D-9C83-AB54-34F977E4D14D
38.301376,32.223026,2,A135AF2A-692D-9C83-AB54-34F977E4D14D
-15.809374,32.399353,2,A135AF2A-692D-9C83-AB54-34F977E4D14D
-16.385845,32.387512,2,A135AF2A-692D-9C83-AB54-34F977E4D14D
-17.038588,32.186493,2,A135AF2A-692D-9C83-AB54-34F977E4D14D
6.4287624,11.362814,2,A135AF2A-692D-9C83-AB54-34F977E4D14D
6.451108,11.442314,2,A135AF2A-692D-9C83-AB54-34F977E4D14D
12.835204,-46.48943,2,A135AF2A-692D-9C83-AB54-34F977E4D14D
12.829375,-46.47431,2,A135AF2A-692D-9C83-AB54-34F977E4D14D
0.54376817,-56.433544,2,A135AF2A-692D-9C83-AB54-34F977E4D14D
0.58456415,-56.47448,2,A135AF2A-692D-9C83-AB54-34F977E4D14D
47.31345,-42.196636,1,A135AF2A-692D-9C83-AB54-34F977E4D14D
47.365677,-42.217308,1,A135AF2A-692D-9C83-AB54-34F977E4D14D
-15.14229,-2.7987733,2,A135AF2A-692D-9C83-AB54-34F977E4D14D
-4.7023487,-27.672438,0,A135AF2A-692D-9C83-AB54-34F977E4D14D
38.53776,-8.41198,0,A135AF2A-692D-9C83-AB54-34F977E4D14D
38.549625,-8.404629,0,A135AF2A-692D-9C83-AB54-34F977E4D14D
1.7233335,21.932837,2,A135AF2A-692D-9C83-AB54-34F977E4D14D
1.7132818,21.957752,2,A135AF2A-692D-9C83-AB54-34F977E4D14D
24.72215,10.812585,1,A43E8D46-F136-DB41-3E16-F9F161DBA1D6
25.19316,11.22016,1,A43E8D46-F136-DB41-3E16-F9F161DBA1D6
20.917952,-4.842054,1,A43E8D46-F136-DB41-3E16-F9F161DBA1D6
-0.9636447,-26.712276,1,A43E8D46-F136-DB41-3E16-F9F161DBA1D6
-42.147232,-3.6033163,2,A43E8D46-F136-DB41-3E16-F9F161DBA1D6
-42.74833,-3.436173,2,A43E8D46-F136-DB41-3E16-F9F161DBA1D6
27.788292,-15.378539,0,A43E8D46-F136-DB41-3E16-F9F161DBA1D6
32.007385,1.3867136,0,A43E8D46-F136-DB41-3E16-F9F161DBA1D6
31.91668,1.4008939,0,A43E8D46-F136-DB41-3E16-F9F161DBA1D6
31.513351,1.7208245,0,A43E8D46-F136-DB41-3E16-F9F161DBA1D6
28.507711,11.051699,0,A43E8D46-F136-DB41-3E16-F9F161DBA1D6
42.32403,21.275658,0,A43E8D46-F136-DB41-3E16-F9F161DBA1D6
7.303652,31.279652,2,A43E8D46-F136-DB41-3E16-F9F161DBA1D6
7.135856,30.58548,2,A43E8D46-F136-DB41-3E16-F9F161DBA1D6
6.8000984,31.20861,2,A43E8D46-F136-DB41-3E16-F9F161DBA1D6
6.808335,31.624037,2,A43E8D46-F136-DB41-3E16-F9F161DBA1D6
6.7865424,32.008247,0,A43E8D46-F136-DB41-3E16-F9F161DBA1D6
5.4468513,-16.376583,0,A43E8D46-F136-DB41-3E16-F9F161DBA1D6
-18.082237,45.104317,2,A7C426E7-344F-99F4-6E35-453AF3AD9C2C
-16.620953,45.769623,2,A7C426E7-344F-99F4-6E35-453AF3AD9C2C
11.278682,46.57871,1,A7C426E7-344F-99F4-6E35-453AF3AD9C2C
28.528446,35.54324,1,A7C426E7-344F-99F4-6E35-453AF3AD9C2C
28.494997,35.66436,2,A7C426E7-344F-99F4-6E35-453AF3AD9C2C
-2.9613204,35.028057,2,A7C426E7-344F-99F4-6E35-453AF3AD9C2C
33.797836,-34.43168,2,A7C426E7-344F-99F4-6E35-453AF3AD9C2C
33.532795,-32.846462,2,A7C426E7-344F-99F4-6E35-453AF3AD9C2C
53.918278,-20.412111,1,A7C426E7-344F-99F4-6E35-453AF3AD9C2C
53.50069,2.8111932,1,A7C426E7-344F-99F4-6E35-453AF3AD9C2C
53.220764,3.093927,1,A7C426E7-344F-99F4-6E35-453AF3AD9C2C
32.42307,52.829906,1,A7C426E7-344F-99F4-6E35-453AF3AD9C2C
35.34913,-36.70894,0,A7C426E7-344F-99F4-6E35-453AF3AD9C2C
35.62986,-36.493656,0,A7C426E7-344F-99F4-6E35-453AF3AD9C2C
36.066097,-36.66638,0,A7C426E7-344F-99F4-6E35-453AF3AD9C2C
51.094036,-33.026558,0,A7C426E7-344F-99F4-6E35-453AF3AD9C2C
48.34542,-15.548789,0,A7C426E7-344F-99F4-6E35-453AF3AD9C2C
-12.208998,-32.94391,2,A7C426E7-344F-99F4-6E35-453AF3AD9C2C
-6.6851664,34.063854,1,A7C426E7-344F-99F4-6E35-453AF3AD9C2C
-6.9842052,34.562145,1,A7C426E7-344F-99F4-6E35-453AF3AD9C2C
-7.280585,34.83797,1,A7C426E7-344F-99F4-6E35-453AF3AD9C2C
15.005842,35.455017,1,A7C426E7-344F-99F4-6E35-453AF3AD9C2C
34.41523,49.165363,1,A7C426E7-344F-99F4-6E35-453AF3AD9C2C
34.5037,49.099472,1,A7C426E7-344F-99F4-6E35-453AF3AD9C2C
18.393742,53.236145,2,A7C426E7-344F-99F4-6E35-453AF3AD9C2C
18.71204,53.151363,2,A7C426E7-344F-99F4-6E35-453AF3AD9C2C
-6.1451526,28.742422,2,A7C426E7-344F-99F4-6E35-453AF3AD9C2C
-25.178318,-22.80571,2,A7C426E7-344F-99F4-6E35-453AF3AD9C2C
-25.310465,-22.331837,2,A7C426E7-344F-99F4-6E35-453AF3AD9C2C
-25.32393,-22.290537,2,A7C426E7-344F-99F4-6E35-453AF3AD9C2C
-17.768017,-38.859024,1,AB9921A8-F143-E101-6A47-E66882F571B2
-17.748808,-38.93002,1,AB9921A8-F143-E101-6A47-E66882F571B2
-75.0532,-0.097839214,1,AB9921A8-F143-E101-6A47-E66882F571B2
-74.60082,5.939766,1,AB9921A8-F143-E101-6A47-E66882F571B2
-77.47489,0.6941156,1,AB9921A8-F143-E101-6A47-E66882F571B2
-77.48281,0.69570446,2,AB9921A8-F143-E101-6A47-E66882F571B2
23.941523,21.76653,1,AB9921A8-F143-E101-6A47-E66882F571B2
-19.682007,26.045462,1,AB9921A8-F143-E101-6A47-E66882F571B2
-19.5413,25.640722,1,AB9921A8-F143-E101-6A47-E66882F571B2
-19.678637,25.232132,1,AB9921A8-F143-E101-6A47-E66882F571B2
-22.944246,7.5822916,1,AB9921A8-F143-E101-6A47-E66882F571B2
13.2188015,2.3552587,1,AB9921A8-F143-E101-6A47-E66882F571B2
57.33174,25.72735,1,AB9921A8-F143-E101-6A47-E66882F571B2
45.79626,22.658962,1,AB9921A8-F143-E101-6A47-E66882F571B2
29.996042,54.968533,1,AB9921A8-F143-E101-6A47-E66882F571B2
29.778902,55.311016,1,AB9921A8-F143-E101-6A47-E66882F571B2
29.69366,55.551662,1,AB9921A8-F143-E101-6A47-E66882F571B2
29.502102,55.423573,1,AB9921A8-F143-E101-6A47-E66882F571B2
14.990635,-27.216135,0,AB9921A8-F143-E101-6A47-E66882F571B2
14.990167,-27.20394,1,AB9921A8-F143-E101-6A47-E66882F571B2
15.5498905,-25.140688,1,AB9921A8-F143-E101-6A47-E66882F571B2
15.273565,-24.887606,1,AB9921A8-F143-E101-6A47-E66882F571B2
14.7722845,-24.281406,1,AB9921A8-F143-E101-6A47-E66882F571B2
-66.54145,11.706929,1,AB9921A8-F143-E101-6A47-E66882F571B2
49.616264,26.64201,1,AB9921A8-F143-E101-6A47-E66882F571B2
49.685,26.600927,1,AB9921A8-F143-E101-6A47-E66882F571B2
49.96575,26.4131,1,AB9921A8-F143-E101-6A47-E66882F571B2
-22.848253,-31.879986,2,B06410CC-D778-33B2-B1FD-A828EE4AF413
4.108346,-28.77073,2,B06410CC-D778-33B2-B1FD-A828EE4AF413
-14.8206215,16.772352,2,B06410CC-D778-33B2-B1FD-A828EE4AF413
-40.49182,-32.41403,2,B06410CC-D778-33B2-B1FD-A828EE4AF413
-40.90849,-32.22101,2,B06410CC-D778-33B2-B1FD-A828EE4AF413
-67.032364,-10.643712,2,B06410CC-D778-33B2-B1FD-A828EE4AF413
-67.01691,-10.703844,2,B06410CC-D778-33B2-B1FD-A828EE4AF413
-40.090057,-32.13037,1,B06410CC-D778-33B2-B1FD-A828EE4AF413
-62.609917,-18.98176,0,B06410CC-D778-33B2-B1FD-A828EE4AF413
-62.78875,-18.856743,0,B06410CC-D778-33B2-B1FD-A828EE4AF413
-32.50071,8.250295,0,B06410CC-D778-33B2-B1FD-A828EE4AF413
-32.479557,8.35462,1,B06410CC-D778-33B2-B1FD-A828EE4AF413
-12.51304,-29.53869,2,B06410CC-D778-33B2-B1FD-A828EE4AF413
-3.9427485,16.49026,2,B06410CC-D778-33B2-B1FD-A828EE4AF413
21.414497,-15.161481,2,B06410CC-D778-33B2-B1FD-A828EE4AF413
17.881603,-28.853163,0,B06410CC-D778-33B2-B1FD-A828EE4AF413
17.379538,-28.56429,0,B06410CC-D778-33B2-B1FD-A828EE4AF413
17.057966,-28.318886,0,B06410CC-D778-33B2-B1FD-A828EE4AF413
2.2314725,-11.034378,2,B06410CC-D778-33B2-B1FD-A828EE4AF413
2.2508557,-11.029156,2,B06410CC-D778-33B2-B1FD-A828EE4AF413
17.660778,8.243736,2,B06410CC-D778-33B2-B1FD-A828EE4AF413
17.42737,8.76263,2,B06410CC-D778-33B2-B1FD-A828EE4AF413
17.359346,43.47751,2,B06410CC-D778-33B2-B1FD-A828EE4AF413
17.387953,43.492542,2,B06410CC-D778-33B2-B1FD-A828EE4AF413
-3.0711899,-45.201675,1,B0AAFE06-91C2-2C6D-4547-7508BB719E45
32.715637,-40.120075,1,B0AAFE06-91C2-2C6D-4547-7508BB719E45
10.941137,-43.872147,1,B0AAFE06-91C2-2C6D-4547-7508BB719E45
10.218767,-43.901733,1,B0AAFE06-91C2-2C6D-4547-7508BB719E45
-53.637783,-1.3403765,2,B0AAFE06-91C2-2C6D-4547-7508BB719E45
-53.597385,-1.290378,2,B0AAFE06-91C2-2C6D-4547-7508BB719E45
56.25995,11.099913,2,B0AAFE06-91C2-2C6D-4547-7508BB719E45
56.35964,10.829637,2,B0AAFE06-91C2-2C6D-4547-7508BB719E45
56.268074,11.089786,2,B0AAFE06-91C2-2C6D-4547-7508BB719E45
55.3977,1.9993488,2,B0AAFE06-91C2-2C6D-4547-7508BB719E45
54.051216,-23.290247,2,B0AAFE06-91C2-2C6D-4547-7508BB719E45
59.661263,24.449991,2,B0AAFE06-91C2-2C6D-4547-7508BB719E45
5.5332227,51.02079,1,B0AAFE06-91C2-2C6D-4547-7508BB719E45
5.6908765,51.056824,1,B0AAFE06-91C2-2C6D-4547-7508BB719E45
5.715863,51.29311,1,B0AAFE06-91C2-2C6D-4547-7508BB719E45
20.53443,52.76672,1,B0AAFE06-91C2-2C6D-4547-7508BB719E45
56.53815,13.9566555,1,B0AAFE06-91C2-2C6D-4547-7508BB719E45
51.947105,24.88287,1,B0AAFE06-91C2-2C6D-4547-7508BB719E45
-65.48151,4.0560637,0,B17DF37B-207D-A052-4D45-F862B3BF4C4C
-65.4344,4.05462,0,B17DF37B-207D-A052-4D45-F862B3BF4C4C
-9.5982685,5.5273013,0,B17DF37B-207D-A052-4D45-F862B3BF4C4C
-10.426234,5.884031,0,B17DF37B-207D-A052-4D45-F862B3BF4C4C
-10.8110695,5.076189,2,B17DF37B-207D-A052-4D45-F862B3BF4C4C
-10.950084,4.7621675,0,B17DF37B-207D-A052-4D45-F862B3BF4C4C
-56.562756,-3.3983939,0,B17DF37B-207D-A052-4D45-F862B3BF4C4C
-41.436703,-25.329016,0,B17DF37B-207D-A052-4D45-F862B3BF4C4C
-41.76759,-25.166586,0,B17DF37B-207D-A052-4D45-F862B3BF4C4C
-59.256645,-2.8434274,0,B17DF37B-207D-A052-4D45-F862B3BF4C4C
-58.833004,-2.656805,0,B17DF37B-207D-A052-4D45-F862B3BF4C4C
-50.99839,3.2725658,0,B17DF37B-207D-A052-4D45-F862B3BF4C4C
-26.596699,32.85826,2,B17DF37B-207D-A052-4D45-F862B3BF4C4C
-9.9999075,23.928942,2,B17DF37B-207D-A052-4D45-F862B3BF4C4C
1.8960427,-26.342213,1,B17DF37B-207D-A052-4D45-F862B3BF4C4C
1.9173789,-26.48837,1,B17DF37B-207D-A052-4D45-F862B3BF4C4C
46.700165,-45.260197,1,B17DF37B-207D-A052-4D45-F862B3BF4C4C
47.04349,-45.160572,0,B17DF37B-207D-A052-4D45-F862B3BF4C4C
12.028848,32.352486,2,B17DF37B-207D-A052-4D45-F862B3BF4C4C
11.861248,33.095757,2,B17DF37B-207D-A052-4D45-F862B3BF4C4C
11.748432,33.39959,2,B17DF37B-207D-A052-4D45-F862B3BF4C4C
11.833965,33.612473,2,B17DF37B-207D-A052-4D45-F862B3BF4C4C
10.373771,33.45912,2,B17DF37B-207D-A052-4D45-F862B3BF4C4C
-6.7432113,39.01379,1,B17DF37B-207D-A052-4D45-F862B3BF4C4C
55.38862,-33.052948,0,B17DF37B-207D-A052-4D45-F862B3BF4C4C
29.942951,40.94317,0,B17DF37B-207D-A052-4D45-F862B3BF4C4C
61.327534,1.9590238,0,B17DF37B-207D-A052-4D45-F862B3BF4C4C
56.876125,-28.855417,0,B17DF37B-207D-A052-4D45-F862B3BF4C4C
36.615845,-31.211258,1,B17DF37B-207D-A052-4D45-F862B3BF4C4C
-21.313448,-10.505104,2,B17DF37B-207D-A052-4D45-F862B3BF4C4C
-62.49889,3.0431368,2,B2EE7EC5-4E5B-EBDD-E0EB-AF758B95C36A
-62.443935,3.192529,2,B2EE7EC5-4E5B-EBDD-E0EB-AF758B95C36A
-61.09927,3.8969615,2,B2EE7EC5-4E5B-EBDD-E0EB-AF758B95C36A
-61.31128,4.374847,2,B2EE7EC5-4E5B-EBDD-E0EB-AF758B95C36A
-60.720657,4.4447927,2,B2EE7EC5-4E5B-EBDD-E0EB-AF758B95C36A
-60.67027,4.4757943,0,B2EE7EC5-4E5B-EBDD-E0EB-AF758B95C36A
51.36126,-24.334837,1,B2EE7EC5-4E5B-EBDD-E0EB-AF758B95C36A
51.367935,-24.311739,1,B2EE7EC5-4E5B-EBDD-E0EB-AF758B95C36A
44.616104,13.094796,1,B2EE7EC5-4E5B-EBDD-E0EB-AF758B95C36A
44.61468,13.700077,1,B2EE7EC5-4E5B-EBDD-E0EB-AF758B95C36A
44.48977,14.274045,1,B2EE7EC5-4E5B-EBDD-E0EB-AF758B95C36A
44.421146,15.072551,1,B2EE7EC5-4E5B-EBDD-E0EB-AF758B95C36A
-45.736813,18.122149,2,B2EE7EC5-4E5B-EBDD-E0EB-AF758B95C36A
-45.626423,18.224104,2,B2EE7EC5-4E5B-EBDD-E0EB-AF758B95C36A
-3.8734376,-17.055637,2,B2EE7EC5-4E5B-EBDD-E0EB-AF758B95C36A
-4.1149254,-17.804886,2,B2EE7EC5-4E5B-EBDD-E0EB-AF758B95C36A
-4.158052,-17.895155,2,B2EE7EC5-4E5B-EBDD-E0EB-AF758B95C36A
-4.021412,-17.743956,2,B2EE7EC5-4E5B-EBDD-E0EB-AF758B95C36A
-50.820503,26.16398,2,B3CE5256-6F65-85EB-0078-689BD5CC1B17
-50.857334,26.247715,2,B3CE5256-6F65-85EB-0078-689BD5CC1B17
-18.012304,32.5052,0,B3CE5256-6F65-85EB-0078-689BD5CC1B17
1.4118706,3.5909429,0,B3CE5256-6F65-85EB-0078-689BD5CC1B17
-5.1661453,-39.531773,0,B3CE5256-6F65-85EB-0078-689BD5CC1B17
-2.010075,6.160104,2,B3CE5256-6F65-85EB-0078-689BD5CC1B17
-1.9550867,6.5425296,2,B3CE5256-6F65-85EB-0078-689BD5CC1B17
-2.050591,7.4269876,2,B3CE5256-6F65-85EB-0078-689BD5CC1B17
-39.269043,29.910479,2,B3CE5256-6F65-85EB-0078-689BD5CC1B17
-39.39843,29.857075,2,B3CE5256-6F65-85EB-0078-689BD5CC1B17
-0.11920923,39.88894,2,B3CE5256-6F65-85EB-0078-689BD5CC1B17
-16.010138,12.33133,2,B3CE5256-6F65-85EB-0078-689BD5CC1B17
-35.161026,-18.636621,2,B3CE5256-6F65-85EB-0078-689BD5CC1B17
-35.025017,-18.430847,2,B3CE5256-6F65-85EB-0078-689BD5CC1B17
-7.9703736,-9.874433,2,B3CE5256-6F65-85EB-0078-689BD5CC1B17
-7.97952,-10.149827,2,B3CE5256-6F65-85EB-0078-689BD5CC1B17
10.418476,49.515938,2,B3CE5256-6F65-85EB-0078-689BD5CC1B17
12.966667,45.190945,2,B3CE5256-6F65-85EB-0078-689BD5CC1B17
-0.7792681,-21.162718,2,B3CE5256-6F65-85EB-0078-689BD5CC1B17
-0.758903,-20.79336,2,B3CE5256-6F65-85EB-0078-689BD5CC1B17
2.6932278,-52.44382,2,B3CE5256-6F65-85EB-0078-689BD5CC1B17
-22.010668,-41.458183,2,B3CE5256-6F65-85EB-0078-689BD5CC1B17
-22.167383,-41.353405,2,B3CE5256-6F65-85EB-0078-689BD5CC1B17
-51.82409,1.0401223,2,B3CE5256-6F65-85EB-0078-689BD5CC1B17
-19.070059,38.834274,2,B3CE5256-6F65-85EB-0078-689BD5CC1B17
-14.020348,-4.591574,2,B3CE5256-6F65-85EB-0078-689BD5CC1B17
18.238384,-6.6545606,2,B3CE5256-6F65-85EB-0078-689BD5CC1B17
-4.8034415,-39.56047,0,B3CE5256-6F65-85EB-0078-689BD5CC1B17
37.96383,36.074825,0,B3CE5256-6F65-85EB-0078-689BD5CC1B17
26.059868,-6.4380417,0,B3CE5256-6F65-85EB-0078-689BD5CC1B17
34.14981,-25.105133,0,B6EE5F90-8F59-D3CF-C449-59216B28207B
41.970768,-13.38585,0,B6EE5F90-8F59-D3CF-C449-59216B28207B
41.857872,-12.864851,0,B6EE5F90-8F59-D3CF-C449-59216B28207B
41.882866,-12.924803,2,B6EE5F90-8F59-D3CF-C449-59216B28207B
-8.323701,41.50343,2,B6EE5F90-8F59-D3CF-C449-59216B28207B
-28.97944,1.0528706,2,B6EE5F90-8F59-D3CF-C449-59216B28207B
36.252747,-21.92383,0,B6EE5F90-8F59-D3CF-C449-59216B28207B
36.246403,-21.930075,0,B6EE5F90-8F59-D3CF-C449-59216B28207B
64.02461,-12.098132,0,B6EE5F90-8F59-D3CF-C449-59216B28207B
64.0148,-12.098333,0,B6EE5F90-8F59-D3CF-C449-59216B28207B
63.523453,-12.644864,0,B6EE5F90-8F59-D3CF-C449-59216B28207B
63.6864,-12.437998,0,B6EE5F90-8F59-D3CF-C449-59216B28207B
-58.456223,-7.985199,0,B6EE5F90-8F59-D3CF-C449-59216B28207B
-58.72799,-8.117169,0,B6EE5F90-8F59-D3CF-C449-59216B28207B
-58.80253,-8.129028,0,B6EE5F90-8F59-D3CF-C449-59216B28207B
-59.098305,-7.568815,2,B6EE5F90-8F59-D3CF-C449-59216B28207B
-11.254494,25.8966,2,B6EE5F90-8F59-D3CF-C449-59216B28207B
-22.992191,-13.402774,2,B6EE5F90-8F59-D3CF-C449-59216B28207B
33.51684,4.310634,2,B9FD0C60-33D3-E99E-2475-815EAD5C89C2
33.471146,4.3354445,2,B9FD0C60-33D3-E99E-2475-815EAD5C89C2
33.986332,4.175809,2,B9FD0C60-33D3-E99E-2475-815EAD5C89C2
29.72628,48.86781,2,B9FD0C60-33D3-E99E-2475-815EAD5C89C2
29.784191,48.765965,0,B9FD0C60-33D3-E99E-2475-815EAD5C89C2
35.121597,12.352166,0,B9FD0C60-33D3-E99E-2475-815EAD5C89C2
34.466606,12.449881,0,B9FD0C60-33D3-E99E-2475-815EAD5C89C2
34.49506,12.209296,0,B9FD0C60-33D3-E99E-2475-815EAD5C89C2
37.093094,45.56414,2,B9FD0C60-33D3-E99E-2475-815EAD5C89C2
37.14527,45.94545,2,B9FD0C60-33D3-E99E-2475-815EAD5C89C2
31.8611,57.099834,2,B9FD0C60-33D3-E99E-2475-815EAD5C89C2
34.76513,22.110712,2,B9FD0C60-33D3-E99E-2475-815EAD5C89C2
-49.80415,-35.889126,0,B9FD0C60-33D3-E99E-2475-815EAD5C89C2
-49.85391,-35.85964,0,B9FD0C60-33D3-E99E-2475-815EAD5C89C2
-31.513369,-8.670022,2,B9FD0C60-33D3-E99E-2475-815EAD5C89C2
-31.469088,-8.682755,2,B9FD0C60-33D3-E99E-2475-815EAD5C89C2
-31.311342,-8.753993,2,B9FD0C60-33D3-E99E-2475-815EAD5C89C2
8.5578,-30.65412,2,B9FD0C60-33D3-E99E-2475-815EAD5C89C2
14.709571,53.264824,2,BAAA2876-D490-2AB5-0A98-6EB94C7FC331
35.644783,18.56886,2,BAAA2876-D490-2AB5-0A98-6EB94C7FC331
-3.4338522,39.951916,2,BAAA2876-D490-2AB5-0A98-6EB94C7FC331
-35.093376,28.897072,2,BAAA2876-D490-2AB5-0A98-6EB94C7FC331
-63.206,20.542484,2,BAAA2876-D490-2AB5-0A98-6EB94C7FC331
-64.711006,19.690836,2,BAAA2876-D490-2AB5-0A98-6EB94C7FC331
-64.06195,19.871422,2,BAAA2876-D490-2AB5-0A98-6EB94C7FC331
-64.17031,19.44961,2,BAAA2876-D490-2AB5-0A98-6EB94C7FC331
-63.15396,18.773844,2,BAAA2876-D490-2AB5-0A98-6EB94C7FC331
-63.243584,18.513006,2,BAAA2876-D490-2AB5-0A98-6EB94C7FC331
-62.61752,18.467253,2,BAAA2876-D490-2AB5-0A98-6EB94C7FC331
-62.162773,18.3771,1,BAAA2876-D490-2AB5-0A98-6EB94C7FC331
45.798084,17.107502,1,BAAA2876-D490-2AB5-0A98-6EB94C7FC331
37.070004,20.814178,0,BAAA2876-D490-2AB5-0A98-6EB94C7FC331
29.363415,39.412857,0,BAAA2876-D490-2AB5-0A98-6EB94C7FC331
29.031364,39.081112,2,BAAA2876-D490-2AB5-0A98-6EB94C7FC331
9.8020525,-12.837539,2,BAAA2876-D490-2AB5-0A98-6EB94C7FC331
9.800063,-12.882224,2,BAAA2876-D490-2AB5-0A98-6EB94C7FC331
-10.765285,-19.60223,2,BAAA2876-D490-2AB5-0A98-6EB94C7FC331
-36.77683,9.117357,2,BAAA2876-D490-2AB5-0A98-6EB94C7FC331
-71.53749,-6.458612,2,BAAA2876-D490-2AB5-0A98-6EB94C7FC331
-71.08847,-5.84352,2,BAAA2876-D490-2AB5-0A98-6EB94C7FC331
-71.02834,-5.0008454,2,BAAA2876-D490-2AB5-0A98-6EB94C7FC331
-71.02795,-4.9686084,2,BAAA2876-D490-2AB5-0A98-6EB94C7FC331
24.297647,-45.09915,0,BAAA2876-D490-2AB5-0A98-6EB94C7FC331
24.253738,-45.08678,0,BAAA2876-D490-2AB5-0A98-6EB94C7FC331
23.506485,-45.809074,0,BAAA2876-D490-2AB5-0A98-6EB94C7FC331
23.484673,-45.85544,0,BAAA2876-D490-2AB5-0A98-6EB94C7FC331
-1.6672565,42.680237,0,BC7EE230-0AF9-3AC5-24E5-8EC4B0B432A8
15.232588,25.771358,0,BC7EE230-0AF9-3AC5-24E5-8EC4B0B432A8
-0.68820953,43.19685,2,BC7EE230-0AF9-3AC5-24E5-8EC4B0B432A8
-69.710464,17.073599,2,BC7EE230-0AF9-3AC5-24E5-8EC4B0B432A8
-69.573235,16.969435,2,BC7EE230-0AF9-3AC5-24E5-8EC4B0B432A8
-68.57,16.456057,2,BC7EE230-0AF9-3AC5-24E5-8EC4B0B432A8
-68.05853,16.539133,2,BC7EE230-0AF9-3AC5-24E5-8EC4B0B432A8
-66.725845,16.343353,2,BC7EE230-0AF9-3AC5-24E5-8EC4B0B432A8
-66.47869,16.446274,2,BC7EE230-0AF9-3AC5-24E5-8EC4B0B432A8
-44.475662,11.056387,2,BC7EE230-0AF9-3AC5-24E5-8EC4B0B432A8
-17.233671,-12.184423,2,BC7EE230-0AF9-3AC5-24E5-8EC4B0B432A8
-17.172274,-12.337193,2,BC7EE230-0AF9-3AC5-24E5-8EC4B0B432A8
51.641132,-12.284733,0,BC7EE230-0AF9-3AC5-24E5-8EC4B0B432A8
51.84093,-11.138051,0,BC7EE230-0AF9-3AC5-24E5-8EC4B0B432A8
51.566383,-10.1773,0,BC7EE230-0AF9-3AC5-24E5-8EC4B0B432A8
48.297565,-7.7415113,0,BC7EE230-0AF9-3AC5-24E5-8EC4B0B432A8
48.676685,-7.7440176,0,BC7EE230-0AF9-3AC5-24E5-8EC4B0B432A8
48.706097,-7.7187767,0,BC7EE230-0AF9-3AC5-24E5-8EC4B0B432A8
-5.56474,1.1492586,2,BC7EE230-0AF9-3AC5-24E5-8EC4B0B432A8
-25.966349,43.206142,2,BC7EE230-0AF9-3AC5-24E5-8EC4B0B432A8
-27.00082,42.642838,2,BC7EE230-0AF9-3AC5-24E5-8EC4B0B432A8
-27.024601,42.632694,2,BC7EE230-0AF9-3AC5-24E5-8EC4B0B432A8
-27.680489,42.346733,2,BC7EE230-0AF9-3AC5-24E5-8EC4B0B432A8
-28.397665,42.06198,2,BC7EE230-0AF9-3AC5-24E5-8EC4B0B432A8
-66.79183,10.238711,2,BC7EE230-0AF9-3AC5-24E5-8EC4B0B432A8
-66.892166,10.4038105,2,BC7EE230-0AF9-3AC5-24E5-8EC4B0B432A8
-60.128494,19.331738,2,BC7EE230-0AF9-3AC5-24E5-8EC4B0B432A8
-26.62233,5.213239,2,BC7EE230-0AF9-3AC5-24E5-8EC4B0B432A8
-1.4316971,10.145465,2,BC7EE230-0AF9-3AC5-24E5-8EC4B0B432A8
-13.000624,-2.1405082,2,BC7EE230-0AF9-3AC5-24E5-8EC4B0B432A8
-10.133311,-26.24134,2,BD35F47E-4F73-8664-B165-98D2BF2CDA48
45.139446,-44.73524,0,BD35F47E-4F73-8664-B165-98D2BF2CDA48
45.316708,-44.749393,0,BD35F47E-4F73-8664-B165-98D2BF2CDA48
53.37922,-31.56406,0,BD35F47E-4F73-8664-B165-98D2BF2CDA48
55.07707,-28.713411,0,BD35F47E-4F73-8664-B165-98D2BF2CDA48
50.950974,-14.691972,0,BD35F47E-4F73-8664-B165-98D2BF2CDA48
43.22992,10.827763,0,BD35F47E-4F73-8664-B165-98D2BF2CDA48
43.224743,11.261755,1,BD35F47E-4F73-8664-B165-98D2BF2CDA48
43.864895,10.661906,1,BD35F47E-4F73-8664-B165-98D2BF2CDA48
54.388046,11.516819,1,BD35F47E-4F73-8664-B165-98D2BF2CDA48
46.594635,-4.5267644,1,BD35F47E-4F73-8664-B165-98D2BF2CDA48
46.333103,-4.3675528,1,BD35F47E-4F73-8664-B165-98D2BF2CDA48
47.069107,-4.8635798,1,BD35F47E-4F73-8664-B165-98D2BF2CDA48
50.888134,35.9185,1,BD35F47E-4F73-8664-B165-98D2BF2CDA48
51.505733,35.632362,1,BD35F47E-4F73-8664-B165-98D2BF2CDA48
51.77069,35.4256,1,BD35F47E-4F73-8664-B165-98D2BF2CDA48
52.36788,35.46814,1,BD35F47E-4F73-8664-B165-98D2BF2CDA48
53.04148,35.67399,1,BD35F47E-4F73-8664-B165-98D2BF2CDA48
30.204786,45.23999,1,BD35F47E-4F73-8664-B165-98D2BF2CDA48
61.03596,15.730945,1,BD35F47E-4F73-8664-B165-98D2BF2CDA48
61.059925,15.670437,1,BD35F47E-4F73-8664-B165-98D2BF2CDA48
32.394226,19.807112,1,BD35F47E-4F73-8664-B165-98D2BF2CDA48
5.0955186,22.455996,1,BD35F47E-4F73-8664-B165-98D2BF2CDA48
-20.786907,33.047577,2,BD35F47E-4F73-8664-B165-98D2BF2CDA48
19.320906,-47.19004,0,BD35F47E-4F73-8664-B165-98D2BF2CDA48
57.975662,-31.557405,0,BD35F47E-4F73-8664-B165-98D2BF2CDA48
57.40185,-32.250202,0,BD35F47E-4F73-8664-B165-98D2BF2CDA48
57.48943,-32.19963,0,BD35F47E-4F73-8664-B165-98D2BF2CDA48
58.17192,-31.992178,0,BD35F47E-4F73-8664-B165-98D2BF2CDA48
62.286213,-3.4346812,1,BD35F47E-4F73-8664-B165-98D2BF2CDA48
16.618343,-35.734474,2,C0ABDBF6-67EF-EA64-A2D1-42FA92BD5713
54.395805,8.734628,2,C0ABDBF6-67EF-EA64-A2D1-42FA92BD5713
54.296875,9.092935,2,C0ABDBF6-67EF-EA64-A2D1-42FA92BD5713
0.21629551,25.144247,2,C24A665A-6B67-FDEA-04A4-C2DA3AF79D51
-3.8180404,43.314907,2,C24A665A-6B67-FDEA-04A4-C2DA3AF79D51
-4.0840273,43.638058,2,C24A665A-6B67-FDEA-04A4-C2DA3AF79D51
-14.747041,20.307112,2,C24A665A-6B67-FDEA-04A4-C2DA3AF79D51
-50.091423,11.358677,2,C24A665A-6B67-FDEA-04A4-C2DA3AF79D51
-50.06528,11.391124,2,C24A665A-6B67-FDEA-04A4-C2DA3AF79D51
40.591923,3.7377155,0,C24A665A-6B67-FDEA-04A4-C2DA3AF79D51
40.566605,3.7465353,0,C24A665A-6B67-FDEA-04A4-C2DA3AF79D51
6.834141,-61.183647,0,C24A665A-6B67-FDEA-04A4-C2DA3AF79D51
44.42587,-42.146267,0,C24A665A-6B67-FDEA-04A4-C2DA3AF79D51
44.451004,-41.970936,0,C24A665A-6B67-FDEA-04A4-C2DA3AF79D51
44.362633,-40.92714,0,C24A665A-6B67-FDEA-04A4-C2DA3AF79D51
44.561447,-40.769215,0,C24A665A-6B67-FDEA-04A4-C2DA3AF79D51
44.416622,-40.183167,0,C24A665A-6B67-FDEA-04A4-C2DA3AF79D51
55.86462,26.479483,0,C24A665A-6B67-FDEA-04A4-C2DA3AF79D51
54.32339,-26.445133,0,C24A665A-6B67-FDEA-04A4-C2DA3AF79D51
54.755657,-25.390884,0,C24A665A-6B67-FDEA-04A4-C2DA3AF79D51
54.813107,-25.404194,0,C24A665A-6B67-FDEA-04A4-C2DA3AF79D51
-10.233202,33.792213,2,C24A665A-6B67-FDEA-04A4-C2DA3AF79D51
-10.189946,33.632694,2,C24A665A-6B67-FDEA-04A4-C2DA3AF79D51
-10.102239,33.606846,2,C24A665A-6B67-FDEA-04A4-C2DA3AF79D51
33.064877,27.722393,2,C24A665A-6B67-FDEA-04A4-C2DA3AF79D51
47.105568,25.355085,0,C24A665A-6B67-FDEA-04A4-C2DA3AF79D51
58.236393,-7.4367065,0,C24A665A-6B67-FDEA-04A4-C2DA3AF79D51
44.241604,-8.789344,0,C5DC661F-E2D6-2B65-4765-77C8B81D2488
55.296764,-41.771896,0,C5DC661F-E2D6-2B65-4765-77C8B81D2488
55.044613,-41.836987,0,C5DC661F-E2D6-2B65-4765-77C8B81D2488
36.138905,-0.7180463,0,C5DC661F-E2D6-2B65-4765-77C8B81D2488
24.33599,-40.068645,0,C5DC661F-E2D6-2B65-4765-77C8B81D2488
24.321991,-40.080467,0,C5DC661F-E2D6-2B65-4765-77C8B81D2488
56.332474,17.362907,0,C5DC661F-E2D6-2B65-4765-77C8B81D2488
56.223785,17.542503,0,C5DC661F-E2D6-2B65-4765-77C8B81D2488
30.164341,39.771564,0,C5DC661F-E2D6-2B65-4765-77C8B81D2488
49.86691,-4.4621263,0,C5DC661F-E2D6-2B65-4765-77C8B81D2488
-5.8291802,-28.914,0,C5DC661F-E2D6-2B65-4765-77C8B81D2488
-5.9755464,-28.19452,0,C5DC661F-E2D6-2B65-4765-77C8B81D2488
-11.353942,-34.67542,2,C5DC661F-E2D6-2B65-4765-77C8B81D2488
49.626663,-45.968964,0,C5DC661F-E2D6-2B65-4765-77C8B81D2488
54.6838,-47.14232,0,C5DC661F-E2D6-2B65-4765-77C8B81D2488
54.736855,-47.112274,0,C5DC661F-E2D6-2B65-4765-77C8B81D2488
34.833202,53.909874,0,C5DC661F-E2D6-2B65-4765-77C8B81D2488
33.99824,17.079744,0,C5DC661F-E2D6-2B65-4765-77C8B81D2488
-8.301558,-4.1116877,2,C5DC661F-E2D6-2B65-4765-77C8B81D2488
-9.085195,25.949598,2,C5DC661F-E2D6-2B65-4765-77C8B81D2488
-8.846505,25.866537,2,C5DC661F-E2D6-2B65-4765-77C8B81D2488
-7.013918,25.35132,2,C5DC661F-E2D6-2B65-4765-77C8B81D2488
-50.496883,16.709532,2,C5DC661F-E2D6-2B65-4765-77C8B81D2488
-45.341614,27.890995,2,C5DC661F-E2D6-2B65-4765-77C8B81D2488
19.82253,-47.50667,2,C5DC661F-E2D6-2B65-4765-77C8B81D2488
34.77692,-16.145185,0,C5DC661F-E2D6-2B65-4765-77C8B81D2488
3.454827,-35.749058,0,C5DC661F-E2D6-2B65-4765-77C8B81D2488
-30.131899,-9.287592,2,C5DC661F-E2D6-2B65-4765-77C8B81D2488
-29.480457,-44.672905,2,C5DC661F-E2D6-2B65-4765-77C8B81D2488
-29.449802,-44.752953,2,C5DC661F-E2D6-2B65-4765-77C8B81D2488
-28.187696,-46.649197,2,C5DC661F-E2D6-2B65-4765-77C8B81D2488
-28.098917,-47.16746,2,C5DC661F-E2D6-2B65-4765-77C8B81D2488
-28.020668,-47.264473,2,C5DC661F-E2D6-2B65-4765-77C8B81D2488
-4.417045,-42.0851,2,C5DC661F-E2D6-2B65-4765-77C8B81D2488
-4.1136093,-42.13555,2,C5DC661F-E2D6-2B65-4765-77C8B81D2488
-3.5043082,-43.00001,2,C5DC661F-E2D6-2B65-4765-77C8B81D2488
-0.8845295,46.956753,1,C8BB6C15-19FA-A17A-5945-6202803016D7
-6.406869,19.677649,1,C8BB6C15-19FA-A17A-5945-6202803016D7
-6.3433,19.321575,1,C8BB6C15-19FA-A17A-5945-6202803016D7
-6.228128,19.162766,1,C8BB6C15-19FA-A17A-5945-6202803016D7
-4.064431,17.720226,0,C8BB6C15-19FA-A17A-5945-6202803016D7
-3.580741,17.88891,0,C8BB6C15-19FA-A17A-5945-6202803016D7
-63.310112,-12.046399,2,C8BB6C15-19FA-A17A-5945-6202803016D7
-63.717564,-11.9737,2,C8BB6C15-19FA-A17A-5945-6202803016D7
-42.61175,-5.9143476,2,C8BB6C15-19FA-A17A-5945-6202803016D7
-26.87973,-31.53978,1,C8BB6C15-19FA-A17A-5945-6202803016D7
-43.452988,-5.6185284,1,C8BB6C15-19FA-A17A-5945-6202803016D7
-43.47447,-5.6168995,1,C8BB6C15-19FA-A17A-5945-6202803016D7
-43.044598,-29.93577,2,C8BB6C15-19FA-A17A-5945-6202803016D7
-43.261223,-31.844526,2,C8BB6C15-19FA-A17A-5945-6202803016D7
-43.30584,-31.918297,0,C8BB6C15-19FA-A17A-5945-6202803016D7
-2.717183,-39.366714,0,C8BB6C15-19FA-A17A-5945-6202803016D7
46.76947,-29.084814,0,C8BB6C15-19FA-A17A-5945-6202803016D7
53.405178,-15.123544,0,C8BB6C15-19FA-A17A-5945-6202803016D7
33.15853,56.960636,1,C8BB6C15-19FA-A17A-5945-6202803016D7
33.367622,56.739758,1,C8BB6C15-19FA-A17A-5945-6202803016D7
33.503357,56.490974,1,C8BB6C15-19FA-A17A-5945-6202803016D7
28.168741,13.141349,1,C8BB6C15-19FA-A17A-5945-6202803016D7
6.5784545,-0.38697615,1,C8BB6C15-19FA-A17A-5945-6202803016D7
6.6180625,-0.37317,2,C8BB6C15-19FA-A17A-5945-6202803016D7
16.455011,-12.250881,2,CCA3ABC5-DCCE-0BBE-5327-E65AE52A195D
16.1786,-11.8802595,2,CCA3ABC5-DCCE-0BBE-5327-E65AE52A195D
15.8326025,-11.780085,2,CCA3ABC5-DCCE-0BBE-5327-E65AE52A195D
15.947318,-11.29989,2,CCA3ABC5-DCCE-0BBE-5327-E65AE52A195D
15.982054,-10.746828,2,CCA3ABC5-DCCE-0BBE-5327-E65AE52A195D
16.598045,25.687246,2,CCA3ABC5-DCCE-0BBE-5327-E65AE52A195D
-31.53303,-3.2418666,2,CCA3ABC5-DCCE-0BBE-5327-E65AE52A195D
-31.545162,-3.156979,2,CCA3ABC5-DCCE-0BBE-5327-E65AE52A195D
-64.18092,16.31972,2,CCA3ABC5-DCCE-0BBE-5327-E65AE52A195D
-64.19455,16.326498,2,CCA3ABC5-DCCE-0BBE-5327-E65AE52A195D
-41.127155,32.241913,2,CCA3ABC5-DCCE-0BBE-5327-E65AE52A195D
-16.309181,36.53951,2,CCA3ABC5-DCCE-0BBE-5327-E65AE52A195D
24.05421,-4.077083,1,CCA3ABC5-DCCE-0BBE-5327-E65AE52A195D
28.93449,-39.815983,1,CCA3ABC5-DCCE-0BBE-5327-E65AE52A195D
28.69373,-39.65235,1,CCA3ABC5-DCCE-0BBE-5327-E65AE52A195D
11.157787,-41.14488,1,CCA3ABC5-DCCE-0BBE-5327-E65AE52A195D
10.976598,-41.098274,1,CCA3ABC5-DCCE-0BBE-5327-E65AE52A195D
10.398066,-40.842216,2,CCA3ABC5-DCCE-0BBE-5327-E65AE52A195D
11.465312,53.94142,1,CCA3ABC5-DCCE-0BBE-5327-E65AE52A195D
11.5466,53.96101,1,CCA3ABC5-DCCE-0BBE-5327-E65AE52A195D
43.96497,21.620016,1,CCA3ABC5-DCCE-0BBE-5327-E65AE52A195D
41.315636,16.548124,1,CCA3ABC5-DCCE-0BBE-5327-E65AE52A195D
41.242428,16.493942,1,CCA3ABC5-DCCE-0BBE-5327-E65AE52A195D
11.415818,-26.202343,2,CCA3ABC5-DCCE-0BBE-5327-E65AE52A195D
-34.538807,-28.026773,2,CD5833CD-93D3-318C-371A-18A32DEFC38B
-16.166447,-6.410438,2,CD5833CD-93D3-318C-371A-18A32DEFC38B
-35.264286,-12.968872,2,CD5833CD-93D3-318C-371A-18A32DEFC38B
-35.140762,-13.03674,2,CD5833CD-93D3-318C-371A-18A32DEFC38B
-36.719112,-31.556194,2,CD5833CD-93D3-318C-371A-18A32DEFC38B
-36.71268,-31.479107,2,CD5833CD-93D3-318C-371A-18A32DEFC38B
-55.42801,25.575964,2,CD5833CD-93D3-318C-371A-18A32DEFC38B
-55.321274,25.620035,2,CD5833CD-93D3-318C-371A-18A32DEFC38B
6.295509,26.050646,2,CD5833CD-93D3-318C-371A-18A32DEFC38B
6.582516,26.416054,2,CD5833CD-93D3-318C-371A-18A32DEFC38B
6.9038787,26.830252,2,CD5833CD-93D3-318C-371A-18A32DEFC38B
30.482773,-6.3695283,2,CD5833CD-93D3-318C-371A-18A32DEFC38B
30.464067,-6.0814,0,CD5833CD-93D3-318C-371A-18A32DEFC38B
30.527405,-6.650266,0,CD5833CD-93D3-318C-371A-18A32DEFC38B
17.455212,-33.472054,0,CD5833CD-93D3-318C-371A-18A32DEFC38B
10.203914,-8.806746,0,CD5833CD-93D3-318C-371A-18A32DEFC38B
11.257821,21.487028,0,CD5833CD-93D3-318C-371A-18A32DEFC38B
-14.783398,-42.860313,2,CD5833CD-93D3-318C-371A-18A32DEFC38B
-25.486385,3.5559309,2,CD5833CD-93D3-318C-371A-18A32DEFC38B
17.960464,-42.52482,2,CD5833CD-93D3-318C-371A-18A32DEFC38B
18.757044,-42.339607,2,CD5833CD-93D3-318C-371A-18A32DEFC38B
18.645987,-42.529232,2,CD5833CD-93D3-318C-371A-18A32DEFC38B
19.018448,-43.066326,2,CD5833CD-93D3-318C-371A-18A32DEFC38B
-19.40624,13.401487,2,CD5833CD-93D3-318C-371A-18A32DEFC38B
25.507172,-23.693789,2,CD5833CD-93D3-318C-371A-18A32DEFC38B
26.218094,-23.393404,2,CD5833CD-93D3-318C-371A-18A32DEFC38B
26.540127,-23.43986,2,CD5833CD-93D3-318C-371A-18A32DEFC38B
26.85097,-23.422771,2,CD5833CD-93D3-318C-371A-18A32DEFC38B
28.590006,-24.123056,2,CD5833CD-93D3-318C-371A-18A32DEFC38B
27.851006,-25.053097,2,CD5833CD-93D3-318C-371A-18A32DEFC38B
-11.999791,37.886932,1,D0F7ABC0-F552-63CD-CAC6-6703C39B83CA
-12.667585,37.460754,1,D0F7ABC0-F552-63CD-CAC6-6703C39B83CA
-40.95252,24.251303,2,D0F7ABC0-F552-63CD-CAC6-6703C39B83CA
-40.97896,24.250807,2,D0F7ABC0-F552-63CD-CAC6-6703C39B83CA
-55.669704,7.1342373,2,D0F7ABC0-F552-63CD-CAC6-6703C39B83CA
-55.873005,6.652332,2,D0F7ABC0-F552-63CD-CAC6-6703C39B83CA
20.582542,39.89996,0,D0F7ABC0-F552-63CD-CAC6-6703C39B83CA
20.216177,40.21833,1,D0F7ABC0-F552-63CD-CAC6-6703C39B83CA
20.133533,40.22654,1,D0F7ABC0-F552-63CD-CAC6-6703C39B83CA
4.7961473,-57.1978,0,D51A5648-0039-8CB1-45CB-C51E5ABA8BCC
42.01525,-45.259224,0,D51A5648-0039-8CB1-45CB-C51E5ABA8BCC
42.125126,-45.41662,0,D51A5648-0039-8CB1-45CB-C51E5ABA8BCC
42.35011,-46.959915,2,D51A5648-0039-8CB1-45CB-C51E5ABA8BCC
42.570187,-46.58248,2,D51A5648-0039-8CB1-45CB-C51E5ABA8BCC
42.604473,-46.527042,0,D51A5648-0039-8CB1-45CB-C51E5ABA8BCC
21.757343,-39.910095,0,D51A5648-0039-8CB1-45CB-C51E5ABA8BCC
2.3915293,32.97747,0,D51A5648-0039-8CB1-45CB-C51E5ABA8BCC
1.3507863,33.225983,0,D51A5648-0039-8CB1-45CB-C51E5ABA8BCC
1.2886825,33.404076,0,D51A5648-0039-8CB1-45CB-C51E5ABA8BCC
1.0721438,32.79686,1,D51A5648-0039-8CB1-45CB-C51E5ABA8BCC
-36.336826,-2.382585,1,D51A5648-0039-8CB1-45CB-C51E5ABA8BCC
-20.435097,31.164318,2,D51A5648-0039-8CB1-45CB-C51E5ABA8BCC
-29.94545,-5.9132257,2,D51A5648-0039-8CB1-45CB-C51E5ABA8BCC
-29.713745,-5.9964128,2,D51A5648-0039-8CB1-45CB-C51E5ABA8BCC
-11.056457,20.2783,2,D51A5648-0039-8CB1-45CB-C51E5ABA8BCC
-10.99892,20.283886,2,D51A5648-0039-8CB1-45CB-C51E5ABA8BCC
-11.519752,20.008898,2,D51A5648-0039-8CB1-45CB-C51E5ABA8BCC
34.279915,33.11698,2,D57F474B-B38C-E9AF-73CC-2CF16EED3827
-34.035698,27.15565,2,D57F474B-B38C-E9AF-73CC-2CF16EED3827
-14.192339,-36.00413,2,D57F474B-B38C-E9AF-73CC-2CF16EED3827
-52.83554,5.4183044,2,D57F474B-B38C-E9AF-73CC-2CF16EED3827
-64.14044,24.090073,1,D57F474B-B38C-E9AF-73CC-2CF16EED3827
-73.53053,-2.2247376,2,D57F474B-B38C-E9AF-73CC-2CF16EED3827
38.01253,47.165474,0,D57F474B-B38C-E9AF-73CC-2CF16EED3827
57.353687,22.02556,0,D57F474B-B38C-E9AF-73CC-2CF16EED3827
56.378376,-30.914131,0,D57F474B-B38C-E9AF-73CC-2CF16EED3827
41.357082,-33.479794,0,D57F474B-B38C-E9AF-73CC-2CF16EED3827
41.43082,-33.703064,0,D57F474B-B38C-E9AF-73CC-2CF16EED3827
41.15745,-33.922913,0,D57F474B-B38C-E9AF-73CC-2CF16EED3827
-55.941395,-1.3281646,2,D57F474B-B38C-E9AF-73CC-2CF16EED3827
-38.19462,-22.725697,2,D57F474B-B38C-E9AF-73CC-2CF16EED3827
-37.847992,-22.987625,2,D57F474B-B38C-E9AF-73CC-2CF16EED3827
-6.7940044,-42.83244,0,D57F474B-B38C-E9AF-73CC-2CF16EED3827
-6.852962,-42.92774,0,D57F474B-B38C-E9AF-73CC-2CF16EED3827
56.247135,-33.76141,0,D57F474B-B38C-E9AF-73CC-2CF16EED3827
37.642963,10.356067,1,D57F474B-B38C-E9AF-73CC-2CF16EED3827
38.01415,10.300373,1,D57F474B-B38C-E9AF-73CC-2CF16EED3827
38.100754,10.244875,1,D57F474B-B38C-E9AF-73CC-2CF16EED3827
26.027775,22.330837,1,D57F474B-B38C-E9AF-73CC-2CF16EED3827
6.087205,37.120014,1,D57F474B-B38C-E9AF-73CC-2CF16EED3827
6.6594257,36.81472,1,D57F474B-B38C-E9AF-73CC-2CF16EED3827
13.729337,42.892166,1,D57F474B-B38C-E9AF-73CC-2CF16EED3827
23.747948,29.195974,1,D57F474B-B38C-E9AF-73CC-2CF16EED3827
23.533426,28.636696,1,D57F474B-B38C-E9AF-73CC-2CF16EED3827
23.28555,28.273754,1,D57F474B-B38C-E9AF-73CC-2CF16EED3827
55.54006,4.2272277,0,D57F474B-B38C-E9AF-73CC-2CF16EED3827
55.93101,5.5343914,0,D57F474B-B38C-E9AF-73CC-2CF16EED3827
38.043674,18.804249,2,D57F474B-B38C-E9AF-73CC-2CF16EED3827
31.135437,51.576866,2,D57F474B-B38C-E9AF-73CC-2CF16EED3827
56.42594,-11.389201,0,D6D11A63-A131-4E74-041D-6E3BD8EFF8FF
-30.815878,-14.705754,2,D6D11A63-A131-4E74-041D-6E3BD8EFF8FF
-66.11528,-14.320188,2,D6D11A63-A131-4E74-041D-6E3BD8EFF8FF
-66.41757,-13.903966,2,D6D11A63-A131-4E74-041D-6E3BD8EFF8FF
-67.08292,-13.251779,2,D6D11A63-A131-4E74-041D-6E3BD8EFF8FF
-67.02803,-13.361842,2,D6D11A63-A131-4E74-041D-6E3BD8EFF8FF
-32.71996,-36.38281,2,D6D11A63-A131-4E74-041D-6E3BD8EFF8FF
-32.624893,-36.475708,2,D6D11A63-A131-4E74-041D-6E3BD8EFF8FF
-43.738266,22.930683,2,D6D11A63-A131-4E74-041D-6E3BD8EFF8FF
-43.840046,23.141928,2,D6D11A63-A131-4E74-041D-6E3BD8EFF8FF
-43.484016,21.954338,2,D6D11A63-A131-4E74-041D-6E3BD8EFF8FF
-25.177713,-4.681427,2,D6D11A63-A131-4E74-041D-6E3BD8EFF8FF
17.227398,-3.8356397,0,D6D11A63-A131-4E74-041D-6E3BD8EFF8FF
17.416035,-3.55808,0,D6D11A63-A131-4E74-041D-6E3BD8EFF8FF
35.232105,19.181736,0,D6D11A63-A131-4E74-041D-6E3BD8EFF8FF
50.128963,3.0167353,0,D6D11A63-A131-4E74-041D-6E3BD8EFF8FF
50.06742,3.1256692,0,D6D11A63-A131-4E74-041D-6E3BD8EFF8FF
57.315884,24.782831,0,D6D11A63-A131-4E74-041D-6E3BD8EFF8FF
15.020924,27.53573,1,D8D27F81-4F83-E10A-448A-735447867552
18.64575,24.531786,1,D8D27F81-4F83-E10A-448A-735447867552
17.984766,-2.308113,1,D8D27F81-4F83-E10A-448A-735447867552
3.2459414,-1.7149892,2,D8D27F81-4F83-E10A-448A-735447867552
-24.300215,-31.866173,2,D8D27F81-4F83-E10A-448A-735447867552
-25.333942,-31.670546,2,D8D27F81-4F83-E10A-448A-735447867552
-25.513905,-31.577635,2,D8D27F81-4F83-E10A-448A-735447867552
-25.818413,-30.28848,2,D8D27F81-4F83-E10A-448A-735447867552
-18.462193,-32.893223,2,D8D27F81-4F83-E10A-448A-735447867552
-18.520992,-32.86763,2,D8D27F81-4F83-E10A-448A-735447867552
-27.417223,-29.936058,2,D8D27F81-4F83-E10A-448A-735447867552
13.7149515,-13.933278,0,D8D27F81-4F83-E10A-448A-735447867552
52.12375,0.5457228,0,D8D27F81-4F83-E10A-448A-735447867552
51.98372,0.63551885,0,D8D27F81-4F83-E10A-448A-735447867552
51.616947,1.0119084,1,D8D27F81-4F83-E10A-448A-735447867552
42.30533,14.122927,1,D8D27F81-4F83-E10A-448A-735447867552
56.079697,0.027804757,0,D8D27F81-4F83-E10A-448A-735447867552
57.155087,-22.347948,0,D8D27F81-4F83-E10A-448A-735447867552
-17.31414,-2.6834753,2,D8D27F81-4F83-E10A-448A-735447867552
-17.414478,-2.6476738,2,D8D27F81-4F83-E10A-448A-735447867552
24.588415,37.703053,1,D8D27F81-4F83-E10A-448A-735447867552
24.849062,37.70591,1,D8D27F81-4F83-E10A-448A-735447867552
24.808891,37.616795,1,D8D27F81-4F83-E10A-448A-735447867552
30.015347,-21.571466,1,D8D27F81-4F83-E10A-448A-735447867552
15.85239,-52.245907,2,D8D27F81-4F83-E10A-448A-735447867552
-43.204136,-38.237217,2,D8D27F81-4F83-E10A-448A-735447867552
-43.272327,-38.20051,2,D8D27F81-4F83-E10A-448A-735447867552
-44.1793,-37.585526,2,D8D27F81-4F83-E10A-448A-735447867552
-63.419086,-14.162801,2,D8D27F81-4F83-E10A-448A-735447867552
-70.58709,5.2609153,0,D8D27F81-4F83-E10A-448A-735447867552
49.75899,8.552172,0,D8D27F81-4F83-E10A-448A-735447867552
49.369617,9.005937,0,D8D27F81-4F83-E10A-448A-735447867552
49.24889,9.076328,0,D8D27F81-4F83-E10A-448A-735447867552
49.854862,9.524067,0,D8D27F81-4F83-E10A-448A-735447867552
57.51176,7.6385,0,D8D27F81-4F83-E10A-448A-735447867552
57.532593,7.4431934,0,D8D27F81-4F83-E10A-448A-735447867552
26.766663,-21.9226,0,DA2856BC-D181-9AF0-DC9A-99A9444D5579
21.125166,54.15101,0,DA2856BC-D181-9AF0-DC9A-99A9444D5579
-6.8191886,24.420124,2,DA2856BC-D181-9AF0-DC9A-99A9444D5579
-9.180842,23.070509,2,DA2856BC-D181-9AF0-DC9A-99A9444D5579
0.7108886,-7.867577,2,DA2856BC-D181-9AF0-DC9A-99A9444D5579
18.016373,-48.315525,2,DA2856BC-D181-9AF0-DC9A-99A9444D5579
-3.8156617,9.589778,2,DA2856BC-D181-9AF0-DC9A-99A9444D5579
8.979572,7.354973,2,DA2856BC-D181-9AF0-DC9A-99A9444D5579
8.579622,7.2037683,2,DA2856BC-D181-9AF0-DC9A-99A9444D5579
8.189106,7.078097,2,DA2856BC-D181-9AF0-DC9A-99A9444D5579
-3.3323812,12.9404,0,DA2856BC-D181-9AF0-DC9A-99A9444D5579
-3.3279176,12.943353,0,DA2856BC-D181-9AF0-DC9A-99A9444D5579
-60.54021,-12.132173,2,DBA0C8C4-AE05-772F-2E53-E6167F8ACB77
-60.477448,-12.215818,2,DBA0C8C4-AE05-772F-2E53-E6167F8ACB77
-18.853376,-46.395687,2,DBA0C8C4-AE05-772F-2E53-E6167F8ACB77
4.2436466,-53.63316,0,DBA0C8C4-AE05-772F-2E53-E6167F8ACB77
4.3972287,-53.626755,0,DBA0C8C4-AE05-772F-2E53-E6167F8ACB77
-15.590053,-26.276571,2,DBA0C8C4-AE05-772F-2E53-E6167F8ACB77
-15.555179,-26.255787,2,DBA0C8C4-AE05-772F-2E53-E6167F8ACB77
-14.218295,-26.1168,2,DBA0C8C4-AE05-772F-2E53-E6167F8ACB77
-26.877764,2.0147815,0,DBA0C8C4-AE05-772F-2E53-E6167F8ACB77
-25.397064,2.7325811,0,DBA0C8C4-AE05-772F-2E53-E6167F8ACB77
6.0460815,-23.215445,0,DBA0C8C4-AE05-772F-2E53-E6167F8ACB77
6.0228887,-23.194065,2,DBA0C8C4-AE05-772F-2E53-E6167F8ACB77
-23.142965,-5.8504663,2,DBA0C8C4-AE05-772F-2E53-E6167F8ACB77
-23.036425,-6.1562757,2,DBA0C8C4-AE05-772F-2E53-E6167F8ACB77
-23.01323,-6.2387667,2,DBA0C8C4-AE05-772F-2E53-E6167F8ACB77
-47.870422,20.902609,0,DBA0C8C4-AE05-772F-2E53-E6167F8ACB77
-34.29463,-10.352768,0,DBA0C8C4-AE05-772F-2E53-E6167F8ACB77
-34.625385,-10.304258,2,DBA0C8C4-AE05-772F-2E53-E6167F8ACB77
61.966103,-22.365294,0,DBA0C8C4-AE05-772F-2E53-E6167F8ACB77
61.982853,-22.353249,0,DBA0C8C4-AE05-772F-2E53-E6167F8ACB77
61.53887,-22.74214,0,DBA0C8C4-AE05-772F-2E53-E6167F8ACB77
47.52941,-8.603371,0,DBA0C8C4-AE05-772F-2E53-E6167F8ACB77
0.18141028,-11.824439,0,DBA0C8C4-AE05-772F-2E53-E6167F8ACB77
-52.53897,0.6460452,0,DBA0C8C4-AE05-772F-2E53-E6167F8ACB77
-34.154903,-18.975636,2,DBA0C8C4-AE05-772F-2E53-E6167F8ACB77
-33.436584,-21.730194,2,DBA0C8C4-AE05-772F-2E53-E6167F8ACB77
1.761097,-49.978962,2,DBA0C8C4-AE05-772F-2E53-E6167F8ACB77
2.440675,-50.291237,2,DBA0C8C4-AE05-772F-2E53-E6167F8ACB77
2.5585237,-50.43397,0,DBA0C8C4-AE05-772F-2E53-E6167F8ACB77
35.725063,-14.892122,0,DBA0C8C4-AE05-772F-2E53-E6167F8ACB77
-32.073147,-31.223814,0,DC0BE0E2-B41E-3D73-47C5-5733952512CB
-31.424515,-31.397797,0,DC0BE0E2-B41E-3D73-47C5-5733952512CB
-30.755423,-32.05853,0,DC0BE0E2-B41E-3D73-47C5-5733952512CB
-30.927801,-31.15835,2,DC0BE0E2-B41E-3D73-47C5-5733952512CB
-53.194008,11.441347,2,DC0BE0E2-B41E-3D73-47C5-5733952512CB
-53.34252,11.749915,2,DC0BE0E2-B41E-3D73-47C5-5733952512CB
-44.408737,-26.704927,2,DC0BE0E2-B41E-3D73-47C5-5733952512CB
-44.44237,-26.726921,2,DC0BE0E2-B41E-3D73-47C5-5733952512CB
-40.847122,-16.590876,2,DC0BE0E2-B41E-3D73-47C5-5733952512CB
-22.816006,36.371876,2,DC0BE0E2-B41E-3D73-47C5-5733952512CB
-22.352858,36.69258,2,DC0BE0E2-B41E-3D73-47C5-5733952512CB
-22.024313,36.972313,2,DC0BE0E2-B41E-3D73-47C5-5733952512CB
-6.541574,43.028175,0,DC0BE0E2-B41E-3D73-47C5-5733952512CB
-16.687881,18.602467,0,DC0BE0E2-B41E-3D73-47C5-5733952512CB
-56.29733,-4.6323667,0,DC0BE0E2-B41E-3D73-47C5-5733952512CB
-7.9232583,-14.93905,0,DC0BE0E2-B41E-3D73-47C5-5733952512CB
-7.8754973,-15.003512,0,DC0BE0E2-B41E-3D73-47C5-5733952512CB
-8.10636,-14.873366,2,DC0BE0E2-B41E-3D73-47C5-5733952512CB
-54.96895,3.2678509,2,DC0BE0E2-B41E-3D73-47C5-5733952512CB
-54.86641,3.2252672,2,DC0BE0E2-B41E-3D73-47C5-5733952512CB
-54.635506,2.8551786,2,DC0BE0E2-B41E-3D73-47C5-5733952512CB
-54.14473,2.5453827,0,DC0BE0E2-B41E-3D73-47C5-5733952512CB
-54.499382,1.419662,0,DC0BE0E2-B41E-3D73-47C5-5733952512CB
-68.66313,-14.331196,0,DC0BE0E2-B41E-3D73-47C5-5733952512CB
31.952782,-19.507227,0,DC0BE0E2-B41E-3D73-47C5-5733952512CB
31.839409,-19.656399,0,DC0BE0E2-B41E-3D73-47C5-5733952512CB
22.905224,-28.209133,0,DC0BE0E2-B41E-3D73-47C5-5733952512CB
-2.8436718,6.3072376,1,DC0BE0E2-B41E-3D73-47C5-5733952512CB
25.405182,16.939598,0,DCB45A10-FAF5-53E0-AB53-2D42AC9BB090
36.07561,2.421712,0,DCB45A10-FAF5-53E0-AB53-2D42AC9BB090
35.3842,-28.938908,2,DCB45A10-FAF5-53E0-AB53-2D42AC9BB090
35.143852,-28.927666,2,DCB45A10-FAF5-53E0-AB53-2D42AC9BB090
34.383595,-28.818651,2,DCB45A10-FAF5-53E0-AB53-2D42AC9BB090
34.294914,-28.827177,2,DCB45A10-FAF5-53E0-AB53-2D42AC9BB090
28.967226,-12.278536,2,DCB45A10-FAF5-53E0-AB53-2D42AC9BB090
4.682059,-46.891884,2,DCB45A10-FAF5-53E0-AB53-2D42AC9BB090
1.3830909,6.3143115,2,DCB45A10-FAF5-53E0-AB53-2D42AC9BB090
28.866373,-11.355812,2,DCB45A10-FAF5-53E0-AB53-2D42AC9BB090
29.00259,-10.966739,2,DCB45A10-FAF5-53E0-AB53-2D42AC9BB090
29.319258,-10.553872,1,DCB45A10-FAF5-53E0-AB53-2D42AC9BB090
19.22318,54.528736,1,DCB45A10-FAF5-53E0-AB53-2D42AC9BB090
41.947086,25.0134,1,DCB45A10-FAF5-53E0-AB53-2D42AC9BB090
47.350494,-47.45399,1,DCB45A10-FAF5-53E0-AB53-2D42AC9BB090
49.25906,-48.60814,1,DCB45A10-FAF5-53E0-AB53-2D42AC9BB090
49.398846,-48.645294,1,DCB45A10-FAF5-53E0-AB53-2D42AC9BB090
49.93748,-48.62602,1,DCB45A10-FAF5-53E0-AB53-2D42AC9BB090
-37.256615,16.742249,2,DCB45A10-FAF5-53E0-AB53-2D42AC9BB090
-0.23154986,35.86703,1,DCB45A10-FAF5-53E0-AB53-2D42AC9BB090
-0.17689905,35.771217,0,DCB45A10-FAF5-53E0-AB53-2D42AC9BB090
7.453038,-42.039635,2,DD956DE9-DEFB-C0C6-82B4-C639A17D6782
8.041993,-42.539536,2,DD956DE9-DEFB-C0C6-82B4-C639A17D6782
8.01439,-42.5205,2,DD956DE9-DEFB-C0C6-82B4-C639A17D6782
33.099747,-39.64451,0,DD956DE9-DEFB-C0C6-82B4-C639A17D6782
7.5312824,-14.941984,0,DD956DE9-DEFB-C0C6-82B4-C639A17D6782
-4.181059,-0.9992871,0,DD956DE9-DEFB-C0C6-82B4-C639A17D6782
-11.416857,23.502924,0,DD956DE9-DEFB-C0C6-82B4-C639A17D6782
-9.623943,9.085713,2,DD956DE9-DEFB-C0C6-82B4-C639A17D6782
-3.431529,-21.784712,2,DD956DE9-DEFB-C0C6-82B4-C639A17D6782
-3.4123297,-21.517431,2,DD956DE9-DEFB-C0C6-82B4-C639A17D6782
-3.565838,-22.000162,2,DD956DE9-DEFB-C0C6-82B4-C639A17D6782
-52.10799,1.7758847,2,DD956DE9-DEFB-C0C6-82B4-C639A17D6782
59.46265,-5.596891,0,DD956DE9-DEFB-C0C6-82B4-C639A17D6782
61.493168,0.7667793,0,DD956DE9-DEFB-C0C6-82B4-C639A17D6782
48.960663,26.000538,1,DD956DE9-DEFB-C0C6-82B4-C639A17D6782
-6.8433566,3.4304411,2,DD956DE9-DEFB-C0C6-82B4-C639A17D6782
-60.134823,-0.16059275,2,DD956DE9-DEFB-C0C6-82B4-C639A17D6782
-60.396156,-0.27557078,2,DD956DE9-DEFB-C0C6-82B4-C639A17D6782
9.044788,-8.060152,0,DD956DE9-DEFB-C0C6-82B4-C639A17D6782
12.470763,19.215937,0,DD956DE9-DEFB-C0C6-82B4-C639A17D6782
13.168647,20.02248,0,DD956DE9-DEFB-C0C6-82B4-C639A17D6782
-34.615555,-31.721092,2,DE775A65-68D5-C477-E2F7-BCC1AEF0B850
-7.27101,-38.138943,2,DE775A65-68D5-C477-E2F7-BCC1AEF0B850
14.983919,-47.754482,2,DE775A65-68D5-C477-E2F7-BCC1AEF0B850
33.298664,-2.1622777,2,DE775A65-68D5-C477-E2F7-BCC1AEF0B850
33.235023,-2.0632377,0,DE775A65-68D5-C477-E2F7-BCC1AEF0B850
54.90451,-22.843245,0,DE775A65-68D5-C477-E2F7-BCC1AEF0B850
20.884672,-41.230423,2,DE775A65-68D5-C477-E2F7-BCC1AEF0B850
45.50191,-40.36148,2,DE775A65-68D5-C477-E2F7-BCC1AEF0B850
0.6509568,38.52432,2,DE775A65-68D5-C477-E2F7-BCC1AEF0B850
-26.2332,22.245474,2,DE775A65-68D5-C477-E2F7-BCC1AEF0B850
-48.13216,17.160713,2,DE775A65-68D5-C477-E2F7-BCC1AEF0B850
-48.451065,16.904617,2,DE775A65-68D5-C477-E2F7-BCC1AEF0B850
51.10496,-5.60785,0,DE775A65-68D5-C477-E2F7-BCC1AEF0B850
53.067192,-19.079258,0,DE775A65-68D5-C477-E2F7-BCC1AEF0B850
54.83136,0.9643754,0,DE775A65-68D5-C477-E2F7-BCC1AEF0B850
52.21855,10.362726,0,DE775A65-68D5-C477-E2F7-BCC1AEF0B850
38.772804,36.949757,0,DE775A65-68D5-C477-E2F7-BCC1AEF0B850
38.744778,37.11078,0,DE775A65-68D5-C477-E2F7-BCC1AEF0B850
7.5815253,18.760868,1,DF62EF03-DA30-E70A-CA31-03A029C9610A
-54.654396,-10.392984,1,DF62EF03-DA30-E70A-CA31-03A029C9610A
-55.435776,-10.135285,1,DF62EF03-DA30-E70A-CA31-03A029C9610A
-54.017246,-10.101501,0,DF62EF03-DA30-E70A-CA31-03A029C9610A
-54.343063,-9.777996,0,DF62EF03-DA30-E70A-CA31-03A029C9610A
-54.289413,-9.028431,0,DF62EF03-DA30-E70A-CA31-03A029C9610A
-35.738575,-22.020071,2,DF62EF03-DA30-E70A-CA31-03A029C9610A
-36.15495,-29.549187,1,DF62EF03-DA30-E70A-CA31-03A029C9610A
-3.447802,-34.18405,0,DF62EF03-DA30-E70A-CA31-03A029C9610A
50.57957,-32.507404,0,DF62EF03-DA30-E70A-CA31-03A029C9610A
53.71088,-30.10735,0,DF62EF03-DA30-E70A-CA31-03A029C9610A
53.05123,-12.158935,0,DF62EF03-DA30-E70A-CA31-03A029C9610A
25.6756,14.612233,2,DF62EF03-DA30-E70A-CA31-03A029C9610A
22.888548,3.6289294,2,DF62EF03-DA30-E70A-CA31-03A029C9610A
36.669395,28.955433,1,DF62EF03-DA30-E70A-CA31-03A029C9610A
-4.061644,52.413147,1,DF62EF03-DA30-E70A-CA31-03A029C9610A
26.828287,42.41434,1,DF62EF03-DA30-E70A-CA31-03A029C9610A
26.824034,42.378544,1,DF62EF03-DA30-E70A-CA31-03A029C9610A
26.12764,-29.459352,2,DF62EF03-DA30-E70A-CA31-03A029C9610A
40.47675,-4.2973685,2,DF62EF03-DA30-E70A-CA31-03A029C9610A
26.31912,-29.758282,2,DF62EF03-DA30-E70A-CA31-03A029C9610A
52.30408,-17.847193,0,DF62EF03-DA30-E70A-CA31-03A029C9610A
15.469337,-41.216976,0,DF62EF03-DA30-E70A-CA31-03A029C9610A
15.487479,-41.2353,0,DF62EF03-DA30-E70A-CA31-03A029C9610A
-65.385765,-20.555159,0,E3489F9E-39E2-47B9-24EF-BAACE1438D00
-46.193634,-33.380028,1,E3489F9E-39E2-47B9-24EF-BAACE1438D00
-46.08001,-33.416348,1,E3489F9E-39E2-47B9-24EF-BAACE1438D00
-65.60197,-21.54224,1,E3489F9E-39E2-47B9-24EF-BAACE1438D00
-65.64452,-21.520071,1,E3489F9E-39E2-47B9-24EF-BAACE1438D00
-6.4591203,-45.401985,2,E3489F9E-39E2-47B9-24EF-BAACE1438D00
-41.622044,-34.8535,0,E3489F9E-39E2-47B9-24EF-BAACE1438D00
-42.31724,-34.501198,0,E3489F9E-39E2-47B9-24EF-BAACE1438D00
-42.20607,-34.565582,0,E3489F9E-39E2-47B9-24EF-BAACE1438D00
-9.781548,-40.194035,0,E3489F9E-39E2-47B9-24EF-BAACE1438D00
-13.217638,-10.94005,2,E3489F9E-39E2-47B9-24EF-BAACE1438D00
-13.333224,-10.810059,2,E3489F9E-39E2-47B9-24EF-BAACE1438D00
32.784203,51.5261,0,E3489F9E-39E2-47B9-24EF-BAACE1438D00
44.489628,39.080997,0,E3489F9E-39E2-47B9-24EF-BAACE1438D00
44.46902,39.130604,0,E3489F9E-39E2-47B9-24EF-BAACE1438D00
43.973537,40.880276,0,E3489F9E-39E2-47B9-24EF-BAACE1438D00
44.2249,40.361572,0,E3489F9E-39E2-47B9-24EF-BAACE1438D00
44.051693,40.72839,0,E3489F9E-39E2-47B9-24EF-BAACE1438D00
-11.579057,-4.909607,0,E3489F9E-39E2-47B9-24EF-BAACE1438D00
-10.908791,-4.390221,2,E3489F9E-39E2-47B9-24EF-BAACE1438D00
-10.693821,-4.285971,1,E3489F9E-39E2-47B9-24EF-BAACE1438D00
-4.4635396,-14.688551,1,E3489F9E-39E2-47B9-24EF-BAACE1438D00
-3.2575805,23.479546,0,E3489F9E-39E2-47B9-24EF-BAACE1438D00
-3.2347584,23.432402,0,E3489F9E-39E2-47B9-24EF-BAACE1438D00
-19.254957,21.05296,2,E49C1269-8AB7-8C8F-FC88-AA92C2F1E260
4.539248,3.3183246,2,E49C1269-8AB7-8C8F-FC88-AA92C2F1E260
-41.90454,10.225452,2,E49C1269-8AB7-8C8F-FC88-AA92C2F1E260
4.200204,4.1134377,2,E49C1269-8AB7-8C8F-FC88-AA92C2F1E260
15.754104,-54.169716,2,E49C1269-8AB7-8C8F-FC88-AA92C2F1E260
-35.736828,-32.201397,0,E49C1269-8AB7-8C8F-FC88-AA92C2F1E260
-75.86222,-9.888852,0,E49C1269-8AB7-8C8F-FC88-AA92C2F1E260
-76.485306,-9.386858,2,E49C1269-8AB7-8C8F-FC88-AA92C2F1E260
-76.80156,-9.376847,2,E49C1269-8AB7-8C8F-FC88-AA92C2F1E260
-25.44586,31.430723,2,E49C1269-8AB7-8C8F-FC88-AA92C2F1E260
5.0100684,37.116455,2,E49C1269-8AB7-8C8F-FC88-AA92C2F1E260
49.95891,-17.397474,0,E49C1269-8AB7-8C8F-FC88-AA92C2F1E260
28.815802,-2.2366953,0,E49C1269-8AB7-8C8F-FC88-AA92C2F1E260
29.26364,-1.7447319,2,E49C1269-8AB7-8C8F-FC88-AA92C2F1E260
29.638533,-2.2991366,2,E49C1269-8AB7-8C8F-FC88-AA92C2F1E260
29.786251,-2.3008187,2,E49C1269-8AB7-8C8F-FC88-AA92C2F1E260
30.416187,-2.9469671,2,E49C1269-8AB7-8C8F-FC88-AA92C2F1E260
29.632696,-0.90883934,2,E49C1269-8AB7-8C8F-FC88-AA92C2F1E260
16.221298,-31.532022,2,E49C1269-8AB7-8C8F-FC88-AA92C2F1E260
16.139574,-31.716553,2,E49C1269-8AB7-8C8F-FC88-AA92C2F1E260
15.94376,-31.940886,2,E49C1269-8AB7-8C8F-FC88-AA92C2F1E260
15.1087055,-32.798454,2,E49C1269-8AB7-8C8F-FC88-AA92C2F1E260
44.779903,-15.091487,2,E49C1269-8AB7-8C8F-FC88-AA92C2F1E260
45.009403,-15.294628,2,E49C1269-8AB7-8C8F-FC88-AA92C2F1E260
-67.31971,-0.8375776,2,E5CCE6B3-2C6E-BE96-602F-3852C8614777
-67.36877,-0.8114625,2,E5CCE6B3-2C6E-BE96-602F-3852C8614777
-67.33538,-0.824478,2,E5CCE6B3-2C6E-BE96-602F-3852C8614777
-68.68701,11.820198,0,E5CCE6B3-2C6E-BE96-602F-3852C8614777
-4.009437,-20.31812,0,E5CCE6B3-2C6E-BE96-602F-3852C8614777
-7.6103153,15.045755,2,E5CCE6B3-2C6E-BE96-602F-3852C8614777
-45.292267,-21.030975,2,E5CCE6B3-2C6E-BE96-602F-3852C8614777
-46.459507,-20.190598,2,E5CCE6B3-2C6E-BE96-602F-3852C8614777
-46.44595,-20.226446,2,E5CCE6B3-2C6E-BE96-602F-3852C8614777
-45.29827,-20.98321,0,E5CCE6B3-2C6E-BE96-602F-3852C8614777
-9.747353,-38.314106,0,E5CCE6B3-2C6E-BE96-602F-3852C8614777
-11.157083,-9.614905,0,E5CCE6B3-2C6E-BE96-602F-3852C8614777
-36.264378,22.175907,2,E5CCE6B3-2C6E-BE96-602F-3852C8614777
-20.174625,29.314507,2,E5CCE6B3-2C6E-BE96-602F-3852C8614777
-19.567251,29.880802,2,E5CCE6B3-2C6E-BE96-602F-3852C8614777
-19.70233,29.719944,2,E5CCE6B3-2C6E-BE96-602F-3852C8614777
-19.570482,28.940151,2,E5CCE6B3-2C6E-BE96-602F-3852C8614777
-34.82743,-17.024559,0,E5CCE6B3-2C6E-BE96-602F-3852C8614777
38.313145,-12.805482,0,E5CCE6B3-2C6E-BE96-602F-3852C8614777
-12.524285,24.676388,2,E5CCE6B3-2C6E-BE96-602F-3852C8614777
-45.81007,3.4000685,2,E5CCE6B3-2C6E-BE96-602F-3852C8614777
-45.826527,4.688151,2,E5CCE6B3-2C6E-BE96-602F-3852C8614777
-45.58148,4.288656,2,E5CCE6B3-2C6E-BE96-602F-3852C8614777
-45.128716,4.4640646,2,E5CCE6B3-2C6E-BE96-602F-3852C8614777
-47.18074,0.74905694,2,E5F96AC5-AE7E-C4E8-8288-FB2674F43704
-25.00652,-9.461342,2,E5F96AC5-AE7E-C4E8-8288-FB2674F43704
-25.03158,-9.450084,2,E5F96AC5-AE7E-C4E8-8288-FB2674F43704
-24.754045,-9.382126,2,E5F96AC5-AE7E-C4E8-8288-FB2674F43704
26.165274,-10.653914,1,E5F96AC5-AE7E-C4E8-8288-FB2674F43704
48.77632,-18.328648,1,E5F96AC5-AE7E-C4E8-8288-FB2674F43704
0.20613794,-29.077871,0,E5F96AC5-AE7E-C4E8-8288-FB2674F43704
17.816032,-38.16509,0,E5F96AC5-AE7E-C4E8-8288-FB2674F43704
17.980564,-38.575035,0,E5F96AC5-AE7E-C4E8-8288-FB2674F43704
18.171818,-38.762497,0,E5F96AC5-AE7E-C4E8-8288-FB2674F43704
18.433693,-38.87507,0,E5F96AC5-AE7E-C4E8-8288-FB2674F43704
32.078278,33.46904,0,E5F96AC5-AE7E-C4E8-8288-FB2674F43704
32.170773,33.404842,1,E5F96AC5-AE7E-C4E8-8288-FB2674F43704
44.99184,9.373873,1,E5F96AC5-AE7E-C4E8-8288-FB2674F43704
25.412663,-1.6986052,1,E5F96AC5-AE7E-C4E8-8288-FB2674F43704
33.399593,36.9416,1,E5F96AC5-AE7E-C4E8-8288-FB2674F43704
33.55693,37.287804,1,E5F96AC5-AE7E-C4E8-8288-FB2674F43704
33.482838,37.67203,1,E5F96AC5-AE7E-C4E8-8288-FB2674F43704
-30.561193,25.973406,2,E5F96AC5-AE7E-C4E8-8288-FB2674F43704
1.1261108,40.29275,2,E5F96AC5-AE7E-C4E8-8288-FB2674F43704
1.2893416,40.4055,1,E5F96AC5-AE7E-C4E8-8288-FB2674F43704
-13.194152,41.743404,2,E5F96AC5-AE7E-C4E8-8288-FB2674F43704
-13.432351,30.870146,2,E5F96AC5-AE7E-C4E8-8288-FB2674F43704
-6.2804513,29.08103,2,E5F96AC5-AE7E-C4E8-8288-FB2674F43704
-39.364937,12.177024,0,EA788550-E907-E4AC-EAE4-82CC26723E3B
-39.36703,12.159225,0,EA788550-E907-E4AC-EAE4-82CC26723E3B
-0.527327,-26.528046,0,EA788550-E907-E4AC-EAE4-82CC26723E3B
5.122551,2.3477428,0,EA788550-E907-E4AC-EAE4-82CC26723E3B
13.721287,17.287247,2,EA788550-E907-E4AC-EAE4-82CC26723E3B
17.99163,24.093618,2,EA788550-E907-E4AC-EAE4-82CC26723E3B
-8.543104,-1.4306098,2,EA788550-E907-E4AC-EAE4-82CC26723E3B
-8.424595,-1.4107412,2,EA788550-E907-E4AC-EAE4-82CC26723E3B
-7.306655,-1.7852416,2,EA788550-E907-E4AC-EAE4-82CC26723E3B
-7.276933,-1.4562911,2,EA788550-E907-E4AC-EAE4-82CC26723E3B
-6.6192513,-1.7845811,2,EA788550-E907-E4AC-EAE4-82CC26723E3B
-3.991347,4.768994,2,EA788550-E907-E4AC-EAE4-82CC26723E3B
18.003683,16.535793,1,EA788550-E907-E4AC-EAE4-82CC26723E3B
17.984766,16.488117,1,EA788550-E907-E4AC-EAE4-82CC26723E3B
17.973442,16.559404,1,EA788550-E907-E4AC-EAE4-82CC26723E3B
23.004467,9.28552,1,EA788550-E907-E4AC-EAE4-82CC26723E3B
22.860683,9.251181,1,EA788550-E907-E4AC-EAE4-82CC26723E3B
19.380009,25.046585,1,EA788550-E907-E4AC-EAE4-82CC26723E3B
-27.64746,5.4273624,2,EC6E2525-212C-1C3A-0B73-74D1B45748E1
-52.80965,17.360151,2,EC6E2525-212C-1C3A-0B73-74D1B45748E1
-74.053734,-8.3876505,0,EC6E2525-212C-1C3A-0B73-74D1B45748E1
-73.990486,-8.395998,1,EC6E2525-212C-1C3A-0B73-74D1B45748E1
-72.525635,3.3389237,2,EC6E2525-212C-1C3A-0B73-74D1B45748E1
-72.30805,3.7505774,2,EC6E2525-212C-1C3A-0B73-74D1B45748E1
34.684933,-44.943832,0,EC6E2525-212C-1C3A-0B73-74D1B45748E1
34.680332,-44.937748,0,EC6E2525-212C-1C3A-0B73-74D1B45748E1
34.366756,-45.012276,0,EC6E2525-212C-1C3A-0B73-74D1B45748E1
23.074034,56.7199,1,EC6E2525-212C-1C3A-0B73-74D1B45748E1
25.177082,61.089573,1,EC6E2525-212C-1C3A-0B73-74D1B45748E1
25.229746,61.08694,1,EC6E2525-212C-1C3A-0B73-74D1B45748E1
-61.43755,-6.642735,2,EC6E2525-212C-1C3A-0B73-74D1B45748E1
38.446835,15.657965,0,EC6E2525-212C-1C3A-0B73-74D1B45748E1
38.61651,15.506902,0,EC6E2525-212C-1C3A-0B73-74D1B45748E1
46.674328,26.243435,0,EC6E2525-212C-1C3A-0B73-74D1B45748E1
58.84343,-7.148047,0,EC6E2525-212C-1C3A-0B73-74D1B45748E1
56.072834,-19.086754,0,EC6E2525-212C-1C3A-0B73-74D1B45748E1
38.69704,-16.434458,0,EC6E2525-212C-1C3A-0B73-74D1B45748E1
38.749733,-16.447973,0,EC6E2525-212C-1C3A-0B73-74D1B45748E1
21.101934,35.369316,0,EC6E2525-212C-1C3A-0B73-74D1B45748E1
20.96156,35.676086,0,EC6E2525-212C-1C3A-0B73-74D1B45748E1
20.498156,35.093777,0,EC6E2525-212C-1C3A-0B73-74D1B45748E1
-15.415407,37.51097,0,EC6E2525-212C-1C3A-0B73-74D1B45748E1
24.735676,22.51274,0,EC6E2525-212C-1C3A-0B73-74D1B45748E1
25.601303,22.45003,0,EC6E2525-212C-1C3A-0B73-74D1B45748E1
39.741123,-5.443329,0,EC6E2525-212C-1C3A-0B73-74D1B45748E1
39.71055,-5.613933,0,EC6E2525-212C-1C3A-0B73-74D1B45748E1
43.206013,-18.98616,0,EC6E2525-212C-1C3A-0B73-74D1B45748E1
43.220333,-19.168947,0,EC6E2525-212C-1C3A-0B73-74D1B45748E1
18.254572,30.919981,0,EE62AFCD-B47D-E676-0257-21F92CB612D8
22.544296,45.7353,0,EE62AFCD-B47D-E676-0257-21F92CB612D8
53.656483,6.1198564,0,EE62AFCD-B47D-E676-0257-21F92CB612D8
53.96933,5.7534547,0,EE62AFCD-B47D-E676-0257-21F92CB612D8
54.281143,5.1400223,0,EE62AFCD-B47D-E676-0257-21F92CB612D8
46.723106,4.7347894,0,EE62AFCD-B47D-E676-0257-21F92CB612D8
37.747738,1.9258063,2,EE62AFCD-B47D-E676-0257-21F92CB612D8
37.033592,2.013435,2,EE62AFCD-B47D-E676-0257-21F92CB612D8
14.786483,5.6379056,2,EE62AFCD-B47D-E676-0257-21F92CB612D8
14.7459,5.3820724,0,EE62AFCD-B47D-E676-0257-21F92CB612D8
15.052943,5.3240333,0,EE62AFCD-B47D-E676-0257-21F92CB612D8
30.520744,-22.143309,0,EE62AFCD-B47D-E676-0257-21F92CB612D8
21.831444,-12.541267,0,EE62AFCD-B47D-E676-0257-21F92CB612D8
55.34843,-0.64946175,0,EE62AFCD-B47D-E676-0257-21F92CB612D8
29.272705,4.6406336,0,EE62AFCD-B47D-E676-0257-21F92CB612D8
29.672617,5.1063857,0,EE62AFCD-B47D-E676-0257-21F92CB612D8
30.185583,6.311422,0,EE62AFCD-B47D-E676-0257-21F92CB612D8
30.28789,6.8209662,0,EE62AFCD-B47D-E676-0257-21F92CB612D8
30.196928,5.989774,0,EE62AFCD-B47D-E676-0257-21F92CB612D8
33.05366,35.528564,0,EE62AFCD-B47D-E676-0257-21F92CB612D8
17.780685,1.8163377,2,EE62AFCD-B47D-E676-0257-21F92CB612D8
16.9725,1.4455091,2,EE62AFCD-B47D-E676-0257-21F92CB612D8
16.75338,1.0549309,2,EE62AFCD-B47D-E676-0257-21F92CB612D8
16.527416,0.33583745,2,EE62AFCD-B47D-E676-0257-21F92CB612D8
50.310898,-43.827675,0,EE62AFCD-B47D-E676-0257-21F92CB612D8
49.016567,-43.54586,0,EE62AFCD-B47D-E676-0257-21F92CB612D8
48.628723,-43.629677,2,EE62AFCD-B47D-E676-0257-21F92CB612D8
-0.17863661,32.35763,2,EE62AFCD-B47D-E676-0257-21F92CB612D8
-11.9453745,-20.515808,2,EE62AFCD-B47D-E676-0257-21F92CB612D8
-11.9857855,-20.655706,2,EE62AFCD-B47D-E676-0257-21F92CB612D8
0.5763113,51.950024,1,F1430977-52AF-4F46-BF92-0A8D736CBD2B
0.7968939,52.074593,1,F1430977-52AF-4F46-BF92-0A8D736CBD2B
26.308321,54.425667,1,F1430977-52AF-4F46-BF92-0A8D736CBD2B
26.586954,18.471357,1,F1430977-52AF-4F46-BF92-0A8D736CBD2B
63.36933,9.081274,1,F1430977-52AF-4F46-BF92-0A8D736CBD2B
63.359226,9.095801,1,F1430977-52AF-4F46-BF92-0A8D736CBD2B
29.941292,62.108788,1,F1430977-52AF-4F46-BF92-0A8D736CBD2B
29.99887,62.130405,1,F1430977-52AF-4F46-BF92-0A8D736CBD2B
62.421898,-4.658744,1,F1430977-52AF-4F46-BF92-0A8D736CBD2B
62.426254,-5.0063043,1,F1430977-52AF-4F46-BF92-0A8D736CBD2B
36.237503,21.139965,2,F1430977-52AF-4F46-BF92-0A8D736CBD2B
17.96582,-37.147907,2,F1430977-52AF-4F46-BF92-0A8D736CBD2B
-11.111455,-25.104527,0,F1430977-52AF-4F46-BF92-0A8D736CBD2B
35.409687,29.281889,2,F1430977-52AF-4F46-BF92-0A8D736CBD2B
52.388004,19.458094,2,F1430977-52AF-4F46-BF92-0A8D736CBD2B
52.286663,19.349007,2,F1430977-52AF-4F46-BF92-0A8D736CBD2B
32.917282,44.722168,2,F1430977-52AF-4F46-BF92-0A8D736CBD2B
32.91625,44.887856,2,F1430977-52AF-4F46-BF92-0A8D736CBD2B
34.673634,40.18498,0,F752B62E-E95F-A65D-4CB2-8B0252E15F08
6.0203853,-34.761894,0,F752B62E-E95F-A65D-4CB2-8B0252E15F08
6.9947934,-35.168427,2,F752B62E-E95F-A65D-4CB2-8B0252E15F08
6.8596125,-35.209965,2,F752B62E-E95F-A65D-4CB2-8B0252E15F08
6.776868,-35.129234,0,F752B62E-E95F-A65D-4CB2-8B0252E15F08
4.83352,8.312303,0,F752B62E-E95F-A65D-4CB2-8B0252E15F08
13.195901,-30.81424,0,F752B62E-E95F-A65D-4CB2-8B0252E15F08
55.662926,-13.814653,0,F752B62E-E95F-A65D-4CB2-8B0252E15F08
55.72423,-13.638716,1,F752B62E-E95F-A65D-4CB2-8B0252E15F08
55.55222,-14.8976345,0,F752B62E-E95F-A65D-4CB2-8B0252E15F08
55.58548,-15.673682,0,F752B62E-E95F-A65D-4CB2-8B0252E15F08
55.61004,-16.130875,0,F752B62E-E95F-A65D-4CB2-8B0252E15F08
-10.126812,-7.405039,0,F752B62E-E95F-A65D-4CB2-8B0252E15F08
-17.689926,29.41619,0,F752B62E-E95F-A65D-4CB2-8B0252E15F08
11.34712,-4.255371,0,F752B62E-E95F-A65D-4CB2-8B0252E15F08
53.28317,-3.5151205,0,F752B62E-E95F-A65D-4CB2-8B0252E15F08
53.49939,-3.4870727,0,F752B62E-E95F-A65D-4CB2-8B0252E15F08
53.52819,-3.2308793,0,F752B62E-E95F-A65D-4CB2-8B0252E15F08
-49.93958,-7.2835436,2,FB3409F8-2ADE-757A-A1A5-DC1BBBD1131A
-49.676266,-7.3526406,2,FB3409F8-2ADE-757A-A1A5-DC1BBBD1131A
-49.050854,-7.3850513,2,FB3409F8-2ADE-757A-A1A5-DC1BBBD1131A
-49.097137,-7.40132,2,FB3409F8-2ADE-757A-A1A5-DC1BBBD1131A
-29.022768,-30.675926,2,FB3409F8-2ADE-757A-A1A5-DC1BBBD1131A
-48.65724,-9.356582,2,FB3409F8-2ADE-757A-A1A5-DC1BBBD1131A
-48.296425,-10.244391,2,FB3409F8-2ADE-757A-A1A5-DC1BBBD1131A
-28.425789,-34.033768,1,FB3409F8-2ADE-757A-A1A5-DC1BBBD1131A
-28.111595,-34.18409,1,FB3409F8-2ADE-757A-A1A5-DC1BBBD1131A
-18.089098,-42.329124,1,FB3409F8-2ADE-757A-A1A5-DC1BBBD1131A
-18.208508,-42.223793,2,FB3409F8-2ADE-757A-A1A5-DC1BBBD1131A
-18.91898,-41.76424,2,FB3409F8-2ADE-757A-A1A5-DC1BBBD1131A
27.432198,58.898045,1,FB3409F8-2ADE-757A-A1A5-DC1BBBD1131A
18.520235,18.819017,1,FB3409F8-2ADE-757A-A1A5-DC1BBBD1131A
18.024904,18.851826,1,FB3409F8-2ADE-757A-A1A5-DC1BBBD1131A
57.02681,-24.222908,1,FB3409F8-2ADE-757A-A1A5-DC1BBBD1131A
60.46978,4.5628414,1,FB3409F8-2ADE-757A-A1A5-DC1BBBD1131A
22.344193,55.52315,1,FB3409F8-2ADE-757A-A1A5-DC1BBBD1131A
-16.19791,44.504154,1,FB3409F8-2ADE-757A-A1A5-DC1BBBD1131A
-16.139074,44.374985,1,FB3409F8-2ADE-757A-A1A5-DC1BBBD1131A
-15.768351,44.35659,1,FB3409F8-2ADE-757A-A1A5-DC1BBBD1131A
8.6764555,39.430466,1,FB3409F8-2ADE-757A-A1A5-DC1BBBD1131A
8.984632,38.633312,1,FB3409F8-2ADE-757A-A1A5-DC1BBBD1131A
8.968275,38.776417,1,FB3409F8-2ADE-757A-A1A5-DC1BBBD1131A
-12.161645,-41.432404,0,FB70D507-2F2A-0F83-3B53-75EB8452F5E0
-2.20248,-35.15664,0,FB70D507-2F2A-0F83-3B53-75EB8452F5E0
-2.0370018,-35.169876,0,FB70D507-2F2A-0F83-3B53-75EB8452F5E0
47.97746,-29.664473,1,FB70D507-2F2A-0F83-3B53-75EB8452F5E0
24.223827,16.093283,1,FB70D507-2F2A-0F83-3B53-75EB8452F5E0
24.438755,16.179838,1,FB70D507-2F2A-0F83-3B53-75EB8452F5E0
-22.30902,-26.582865,1,FB70D507-2F2A-0F83-3B53-75EB8452F5E0
-22.289942,-26.619146,1,FB70D507-2F2A-0F83-3B53-75EB8452F5E0
-6.496008,-53.004223,1,FB70D507-2F2A-0F83-3B53-75EB8452F5E0
-6.4672856,-53.01332,1,FB70D507-2F2A-0F83-3B53-75EB8452F5E0
-14.586708,-43.18505,1,FB70D507-2F2A-0F83-3B53-75EB8452F5E0
11.507367,-4.3689213,1,FB70D507-2F2A-0F83-3B53-75EB8452F5E0
28.96543,44.72301,1,FB70D507-2F2A-0F83-3B53-75EB8452F5E0
29.320326,44.497967,1,FB70D507-2F2A-0F83-3B53-75EB8452F5E0
29.611256,44.266087,1,FB70D507-2F2A-0F83-3B53-75EB8452F5E0
33.4807,19.06714,1,FB70D507-2F2A-0F83-3B53-75EB8452F5E0
13.6743355,-21.946526,1,FB70D507-2F2A-0F83-3B53-75EB8452F5E0
53.70905,16.496946,1,FB70D507-2F2A-0F83-3B53-75EB8452F5E0
21.974371,43.045116,1,FB70D507-2F2A-0F83-3B53-75EB8452F5E0
17.11895,53.4779,1,FB70D507-2F2A-0F83-3B53-75EB8452F5E0
8.004329,41.607998,1,FB70D507-2F2A-0F83-3B53-75EB8452F5E0
7.715934,41.666603,1,FB70D507-2F2A-0F83-3B53-75EB8452F5E0
7.251015,41.39157,1,FB70D507-2F2A-0F83-3B53-75EB8452F5E0
7.8403344,41.11153,1,FB70D507-2F2A-0F83-3B53-75EB8452F5E0
-5.3609896,49.184753,1,FC50071B-D2BA-C98B-AC6E-7339010D56DA
-7.460807,47.158653,1,FC50071B-D2BA-C98B-AC6E-7339010D56DA
-7.1241,48.33447,1,FC50071B-D2BA-C98B-AC6E-7339010D56DA
25.262613,45.636227,1,FC50071B-D2BA-C98B-AC6E-7339010D56DA
25.161247,45.806496,1,FC50071B-D2BA-C98B-AC6E-7339010D56DA
-7.1209526,48.607933,1,FC50071B-D2BA-C98B-AC6E-7339010D56DA
-40.885765,-6.5216327,2,FC50071B-D2BA-C98B-AC6E-7339010D56DA
-18.59686,17.14361,2,FC50071B-D2BA-C98B-AC6E-7339010D56DA
-18.667585,17.13822,2,FC50071B-D2BA-C98B-AC6E-7339010D56DA
-18.986734,17.36338,2,FC50071B-D2BA-C98B-AC6E-7339010D56DA
-7.7454457,-21.536324,2,FC50071B-D2BA-C98B-AC6E-7339010D56DA
-25.27889,5.7989216,2,FC50071B-D2BA-C98B-AC6E-7339010D56DA
-25.4955,6.2833567,2,FC50071B-D2BA-C98B-AC6E-7339010D56DA
-70.47493,12.708565,2,FC50071B-D2BA-C98B-AC6E-7339010D56DA
-70.66949,12.786234,2,FC50071B-D2BA-C98B-AC6E-7339010D56DA
-71.57015,12.748588,2,FC50071B-D2BA-C98B-AC6E-7339010D56DA
-71.64179,12.618733,2,FC50071B-D2BA-C98B-AC6E-7339010D56DA
-72.06115,12.023234,2,FC50071B-D2BA-C98B-AC6E-7339010D56DA
-49.61122,0.7036734,2,FC50071B-D2BA-C98B-AC6E-7339010D56DA
45.64073,-11.638402,2,FC50071B-D2BA-C98B-AC6E-7339010D56DA
45.567867,-11.504859,2,FC50071B-D2BA-C98B-AC6E-7339010D56DA
41.757713,20.410048,2,FC50071B-D2BA-C98B-AC6E-7339010D56DA
-0.18621203,49.769596,2,FC50071B-D2BA-C98B-AC6E-7339010D56DA
-13.953545,52.142113,2,FC50071B-D2BA-C98B-AC6E-7339010D56DA
-13.260136,52.338406,2,FC50071B-D2BA-C98B-AC6E-7339010D56DA
-13.177371,52.499844,2,FC50071B-D2BA-C98B-AC6E-7339010D56DA
-13.2101965,52.586388,1,FC50071B-D2BA-C98B-AC6E-7339010D56DA
-13.545784,53.185345,2,FC50071B-D2BA-C98B-AC6E-7339010D56DA
43.50066,-44.296143,2,FC50071B-D2BA-C98B-AC6E-7339010D56DA
-26.048342,-38.504196,2,FC50071B-D2BA-C98B-AC6E-7339010D56DA
32.77923,55.212,1,FC50071B-D2BA-C98B-AC6E-7339010D56DA
16.461458,38.864227,1,FC50071B-D2BA-C98B-AC6E-7339010D56DA
16.332445,38.906406,2,FC50071B-D2BA-C98B-AC6E-7339010D56DA
-24.150452,10.785937,2,FC50071B-D2BA-C98B-AC6E-7339010D56DA
-23.81886,11.2603855,2,FC50071B-D2BA-C98B-AC6E-7339010D56DA
-23.903133,11.140919,2,FC50071B-D2BA-C98B-AC6E-7339010D56DA
-20.279991,43.96697,2,FC50071B-D2BA-C98B-AC6E-7339010D56DA
-20.605112,43.68263,2,FC50071B-D2BA-C98B-AC6E-7339010D56DA
-21.077024,43.27329,2,FC50071B-D2BA-C98B-AC6E-7339010D56DA
18.82207,13.097822,2,FC50071B-D2BA-C98B-AC6E-7339010D56DA
18.809614,13.138642,2,FC50071B-D2BA-C98B-AC6E-7339010D56DA
19.06575,12.323293,2,FC50071B-D2BA-C98B-AC6E-7339010D56DA
53.2832,-23.55832,0,FC66D29E-8CD8-AE29-A071-33549272C1EE
18.396914,-35.448017,0,FC66D29E-8CD8-AE29-A071-33549272C1EE
46.216484,-33.908672,0,FC66D29E-8CD8-AE29-A071-33549272C1EE
47.02046,-33.768852,0,FC66D29E-8CD8-AE29-A071-33549272C1EE
47.1383,-33.80918,0,FC66D29E-8CD8-AE29-A071-33549272C1EE
47.22168,-34.037533,0,FC66D29E-8CD8-AE29-A071-33549272C1EE
-69.855835,7.345627,2,FC66D29E-8CD8-AE29-A071-33549272C1EE
-70.58986,7.7856107,2,FC66D29E-8CD8-AE29-A071-33549272C1EE
-71.809654,7.922921,2,FC66D29E-8CD8-AE29-A071-33549272C1EE
-72.19976,7.8951726,2,FC66D29E-8CD8-AE29-A071-33549272C1EE
-72.23606,8.327142,2,FC66D29E-8CD8-AE29-A071-33549272C1EE
-74.0903,-4.905991,2,FC66D29E-8CD8-AE29-A071-33549272C1EE
-61.889194,14.726209,2,FFAB0F54-EFF2-FA1A-1892-F9D8ED3C9B31
-62.16653,14.605305,2,FFAB0F54-EFF2-FA1A-1892-F9D8ED3C9B31
-62.255165,14.57417,2,FFAB0F54-EFF2-FA1A-1892-F9D8ED3C9B31
-47.55719,28.169563,2,FFAB0F54-EFF2-FA1A-1892-F9D8ED3C9B31
-64.90846,13.861303,2,FFAB0F54-EFF2-FA1A-1892-F9D8ED3C9B31
-65.082436,13.963313,2,FFAB0F54-EFF2-FA1A-1892-F9D8ED3C9B31
47.807777,-23.195133,0,FFAB0F54-EFF2-FA1A-1892-F9D8ED3C9B31
49.266487,-18.844437,0,FFAB0F54-EFF2-FA1A-1892-F9D8ED3C9B31
55.53213,9.330083,0,FFAB0F54-EFF2-FA1A-1892-F9D8ED3C9B31
47.199417,18.428286,0,FFAB0F54-EFF2-FA1A-1892-F9D8ED3C9B31
46.768852,17.98699,0,FFAB0F54-EFF2-FA1A-1892-F9D8ED3C9B31
44.566803,2.7421722,0,FFAB0F54-EFF2-FA1A-1892-F9D8ED3C9B31
44.48222,2.8541179,1,FFAB0F54-EFF2-FA1A-1892-F9D8ED3C9B31
-3.9033368,1.770448,2,FFAB0F54-EFF2-FA1A-1892-F9D8ED3C9B31
-27.52472,-8.412918,2,FFAB0F54-EFF2-FA1A-1892-F9D8ED3C9B31
-46.27932,-12.23957,2,FFAB0F54-EFF2-FA1A-1892-F9D8ED3C9B31
-46.41369,-12.227068,2,FFAB0F54-EFF2-FA1A-1892-F9D8ED3C9B31
-65.29792,-6.899025,2,FFAB0F54-EFF2-FA1A-1892-F9D8ED3C9B31
43.1253,-29.91339,2,FFAB0F54-EFF2-FA1A-1892-F9D8ED3C9B31
43.025906,-29.864016,2,FFAB0F54-EFF2-FA1A-1892-F9D8ED3C9B31
12.555482,-27.926432,2,FFAB0F54-EFF2-FA1A-1892-F9D8ED3C9B31
7.3847823,-29.170893,2,FFAB0F54-EFF2-FA1A-1892-F9D8ED3C9B31
7.3451753,-29.240883,2,FFAB0F54-EFF2-FA1A-1892-F9D8ED3C9B31
20.721622,-11.182896,2,FFAB0F54-EFF2-FA1A-1892-F9D8ED3C9B31
-35.450394,0.9331187,2,FFAB0F54-EFF2-FA1A-1892-F9D8ED3C9B31
-13.453541,-7.292812,2,FFAB0F54-EFF2-FA1A-1892-F9D8ED3C9B31
-10.0480795,-33.070976,2,FFAB0F54-EFF2-FA1A-1892-F9D8ED3C9B31
12.041888,-30.001556,0,FFAB0F54-EFF2-FA1A-1892-F9D8ED3C9B31
12.066893,-29.863914,0,FFAB0F54-EFF2-FA1A-1892-F9D8ED3C9B31
20.63371,-10.364628,0,FFAB0F54-EFF2-FA1A-1892-F9D8ED3C9B31
51.962517,-37.55798,2,FFAB0F54-EFF2-FA1A-1892-F9D8ED3C9B31
51.76389,-37.39796,2,FFAB0F54-EFF2-FA1A-1892-F9D8ED3C9B31
42.91154,-4.4577556,2,FFAB0F54-EFF2-FA1A-1892-F9D8ED3C9B31
42.668,-4.3332505,2,FFAB0F54-EFF2-FA1A-1892-F9D8ED3C9B31
42.71626,-4.364473,2,FFAB0F54-EFF2-FA1A-1892-F9D8ED3C9B31
48.25604,-45.771187,2,FFAB0F54-EFF2-FA1A-1892-F9D8ED3C9B31
