tsne_x,tsne_y,label_mood,player_id
-8.539771,34.22923,2,018B0D8D-B5EC-09D6-90ED-550058EBFEAF
-8.827337,34.370476,2,018B0D8D-B5EC-09D6-90ED-550058EBFEAF
-9.442563,34.573036,2,018B0D8D-B5EC-09D6-90ED-550058EBFEAF
-10.977948,34.851284,2,018B0D8D-B5EC-09D6-90ED-550058EBFEAF
-11.532126,34.975452,2,018B0D8D-B5EC-09D6-90ED-550058EBFEAF
-27.740547,22.916945,2,018B0D8D-B5EC-09D6-90ED-550058EBFEAF
-65.221375,10.249869,0,06F9F8CE-9696-23CA-25B5-000AA4A793BA
-53.090668,-6.448401,0,06F9F8CE-9696-23CA-25B5-000AA4A793BA
-52.968723,-7.4663615,0,06F9F8CE-9696-23CA-25B5-000AA4A793BA
-52.59919,-7.5252256,2,06F9F8CE-9696-23CA-25B5-000AA4A793BA
-52.244583,-7.8744473,2,06F9F8CE-9696-23CA-25B5-000AA4A793BA
-51.505966,-8.846172,0,06F9F8CE-9696-23CA-25B5-000AA4A793BA
-40.678017,-4.5300703,2,06F9F8CE-9696-23CA-25B5-000AA4A793BA
-40.54223,-4.40964,2,06F9F8CE-9696-23CA-25B5-000AA4A793BA
-40.076935,-4.004533,2,06F9F8CE-9696-23CA-25B5-000AA4A793BA
-39.40564,-3.3863554,0,06F9F8CE-9696-23CA-25B5-000AA4A793BA
-2.8900023,35.2524,0,06F9F8CE-9696-23CA-25B5-000AA4A793BA
-36.4716,11.301222,0,06F9F8CE-9696-23CA-25B5-000AA4A793BA
14.506935,-37.544754,1,06F9F8CE-9696-23CA-25B5-000AA4A793BA
13.428882,-37.45462,2,06F9F8CE-9696-23CA-25B5-000AA4A793BA
12.975834,-37.63048,2,06F9F8CE-9696-23CA-25B5-000AA4A793BA
11.703704,-37.956417,2,06F9F8CE-9696-23CA-25B5-000AA4A793BA
11.12513,-38.048542,0,06F9F8CE-9696-23CA-25B5-000AA4A793BA
10.220219,-38.026234,0,06F9F8CE-9696-23CA-25B5-000AA4A793BA
-24.143166,-49.200176,1,06F9F8CE-9696-23CA-25B5-000AA4A793BA
-24.140661,-48.56188,0,06F9F8CE-9696-23CA-25B5-000AA4A793BA
-24.11066,-48.03248,0,06F9F8CE-9696-23CA-25B5-000AA4A793BA
-24.100145,-47.942142,0,06F9F8CE-9696-23CA-25B5-000AA4A793BA
-19.96052,-22.221354,0,06F9F8CE-9696-23CA-25B5-000AA4A793BA
-19.993742,-22.175108,0,06F9F8CE-9696-23CA-25B5-000AA4A793BA
47.438972,22.340372,2,06F9F8CE-9696-23CA-25B5-000AA4A793BA
47.480076,22.299929,2,06F9F8CE-9696-23CA-25B5-000AA4A793BA
43.121197,-0.2270461,2,06F9F8CE-9696-23CA-25B5-000AA4A793BA
43.169907,-0.101059936,2,06F9F8CE-9696-23CA-25B5-000AA4A793BA
44.49221,1.0347483,2,06F9F8CE-9696-23CA-25B5-000AA4A793BA
44.571976,1.1143291,0,06F9F8CE-9696-23CA-25B5-000AA4A793BA
-65.96802,6.2395134,2,09FCECC4-F94E-ED69-5E9B-3223B590A149
-62.807415,-0.66003126,2,09FCECC4-F94E-ED69-5E9B-3223B590A149
-62.534267,-0.7943462,1,09FCECC4-F94E-ED69-5E9B-3223B590A149
-61.88087,-0.90139544,1,09FCECC4-F94E-ED69-5E9B-3223B590A149
-61.399952,-0.96704406,1,09FCECC4-F94E-ED69-5E9B-3223B590A149
-60.76131,-0.99037355,1,09FCECC4-F94E-ED69-5E9B-3223B590A149
-45.25346,-17.157333,0,09FCECC4-F94E-ED69-5E9B-3223B590A149
-44.79638,-17.07543,1,09FCECC4-F94E-ED69-5E9B-3223B590A149
-44.089825,-16.994354,1,09FCECC4-F94E-ED69-5E9B-3223B590A149
-43.558064,-17.116991,1,09FCECC4-F94E-ED69-5E9B-3223B590A149
27.93884,-16.90497,1,09FCECC4-F94E-ED69-5E9B-3223B590A149
27.924854,-16.96854,1,09FCECC4-F94E-ED69-5E9B-3223B590A149
-32.301594,10.108292,0,09FCECC4-F94E-ED69-5E9B-3223B590A149
-32.2679,10.024674,1,09FCECC4-F94E-ED69-5E9B-3223B590A149
-32.48595,8.731741,1,09FCECC4-F94E-ED69-5E9B-3223B590A149
-32.53116,8.500108,1,09FCECC4-F94E-ED69-5E9B-3223B590A149
-21.977266,-35.79431,1,09FCECC4-F94E-ED69-5E9B-3223B590A149
-22.019844,-36.457664,1,09FCECC4-F94E-ED69-5E9B-3223B590A149
-3.38836,-21.746305,0,0A221ADF-C99E-307E-7B65-92EF9DABA6C4
-3.4491048,-21.716621,0,0A221ADF-C99E-307E-7B65-92EF9DABA6C4
-12.135755,-13.689733,2,0A221ADF-C99E-307E-7B65-92EF9DABA6C4
-12.464338,-13.793925,2,0A221ADF-C99E-307E-7B65-92EF9DABA6C4
-16.275091,-1.1109817,2,0A221ADF-C99E-307E-7B65-92EF9DABA6C4
-16.52452,-0.11787029,2,0A221ADF-C99E-307E-7B65-92EF9DABA6C4
68.16159,-7.3776093,0,0A221ADF-C99E-307E-7B65-92EF9DABA6C4
45.38946,-9.782329,0,0A221ADF-C99E-307E-7B65-92EF9DABA6C4
45.130116,-9.497811,2,0A221ADF-C99E-307E-7B65-92EF9DABA6C4
44.670414,-8.808906,2,0A221ADF-C99E-307E-7B65-92EF9DABA6C4
43.860126,-7.0700727,2,0A221ADF-C99E-307E-7B65-92EF9DABA6C4
43.751408,-6.845116,2,0A221ADF-C99E-307E-7B65-92EF9DABA6C4
39.99885,13.638155,2,0A221ADF-C99E-307E-7B65-92EF9DABA6C4
48.118633,7.521456,2,0A221ADF-C99E-307E-7B65-92EF9DABA6C4
48.450836,7.5434794,2,0A221ADF-C99E-307E-7B65-92EF9DABA6C4
49.2364,8.306543,2,0A221ADF-C99E-307E-7B65-92EF9DABA6C4
80.943634,1.4589801,2,0A221ADF-C99E-307E-7B65-92EF9DABA6C4
81.4622,1.9769094,0,0A221ADF-C99E-307E-7B65-92EF9DABA6C4
81.66251,2.2738202,0,0A221ADF-C99E-307E-7B65-92EF9DABA6C4
81.41756,4.209907,0,0A221ADF-C99E-307E-7B65-92EF9DABA6C4
81.42939,4.250785,0,0A221ADF-C99E-307E-7B65-92EF9DABA6C4
-83.18412,23.906517,1,0A76B59A-F1FF-F3F5-A3CA-2386FA8EF308
-83.02928,23.271059,2,0A76B59A-F1FF-F3F5-A3CA-2386FA8EF308
-81.21976,21.727835,2,0A76B59A-F1FF-F3F5-A3CA-2386FA8EF308
-80.18692,21.264124,2,0A76B59A-F1FF-F3F5-A3CA-2386FA8EF308
-79.953255,21.136189,2,0A76B59A-F1FF-F3F5-A3CA-2386FA8EF308
-78.53443,20.439007,2,0A76B59A-F1FF-F3F5-A3CA-2386FA8EF308
-78.306244,19.962557,2,0A76B59A-F1FF-F3F5-A3CA-2386FA8EF308
-78.56268,18.874052,2,0A76B59A-F1FF-F3F5-A3CA-2386FA8EF308
-86.55273,8.2961,2,0A76B59A-F1FF-F3F5-A3CA-2386FA8EF308
-86.62194,8.256585,2,0A76B59A-F1FF-F3F5-A3CA-2386FA8EF308
-37.643684,47.48346,2,0A76B59A-F1FF-F3F5-A3CA-2386FA8EF308
-37.28754,47.505238,2,0A76B59A-F1FF-F3F5-A3CA-2386FA8EF308
-36.023464,47.615513,2,0A76B59A-F1FF-F3F5-A3CA-2386FA8EF308
-35.097958,47.764565,2,0A76B59A-F1FF-F3F5-A3CA-2386FA8EF308
-34.827244,47.866844,2,0A76B59A-F1FF-F3F5-A3CA-2386FA8EF308
-42.986782,0.015827708,2,0A76B59A-F1FF-F3F5-A3CA-2386FA8EF308
-42.976753,0.20738067,0,0A76B59A-F1FF-F3F5-A3CA-2386FA8EF308
-42.9172,1.425068,0,0A76B59A-F1FF-F3F5-A3CA-2386FA8EF308
-14.069111,19.44807,2,0A76B59A-F1FF-F3F5-A3CA-2386FA8EF308
-18.507442,7.233077,2,0A76B59A-F1FF-F3F5-A3CA-2386FA8EF308
-18.308416,6.942954,2,0A76B59A-F1FF-F3F5-A3CA-2386FA8EF308
-18.114202,6.5785613,2,0A76B59A-F1FF-F3F5-A3CA-2386FA8EF308
-33.690334,-27.737946,2,0A76B59A-F1FF-F3F5-A3CA-2386FA8EF308
-33.718987,-27.739998,2,0A76B59A-F1FF-F3F5-A3CA-2386FA8EF308
0.2108903,-3.5083196,0,0A76B59A-F1FF-F3F5-A3CA-2386FA8EF308
0.068897545,-3.3975124,0,0A76B59A-F1FF-F3F5-A3CA-2386FA8EF308
-0.43004602,-4.2612443,1,0A76B59A-F1FF-F3F5-A3CA-2386FA8EF308
-0.79433674,-3.95083,1,0A76B59A-F1FF-F3F5-A3CA-2386FA8EF308
-1.3615587,-4.241668,1,0A76B59A-F1FF-F3F5-A3CA-2386FA8EF308
-1.9964306,-4.880032,1,0A76B59A-F1FF-F3F5-A3CA-2386FA8EF308
-2.154662,-5.4532084,0,0A76B59A-F1FF-F3F5-A3CA-2386FA8EF308
-1.9805597,-6.5556765,0,0A76B59A-F1FF-F3F5-A3CA-2386FA8EF308
-1.9864028,-6.737072,0,0A76B59A-F1FF-F3F5-A3CA-2386FA8EF308
-24.447166,-3.202499,0,0AD33010-1AC1-E9FB-2FD4-313E3DF4692D
-13.154833,-27.615906,2,0AD33010-1AC1-E9FB-2FD4-313E3DF4692D
-11.583254,13.8424015,2,0AD33010-1AC1-E9FB-2FD4-313E3DF4692D
-11.45307,14.343649,2,0AD33010-1AC1-E9FB-2FD4-313E3DF4692D
-11.437987,14.382977,2,0AD33010-1AC1-E9FB-2FD4-313E3DF4692D
-7.512241,15.385663,2,0AD33010-1AC1-E9FB-2FD4-313E3DF4692D
-12.832071,-6.1139884,1,0AD33010-1AC1-E9FB-2FD4-313E3DF4692D
-13.687981,-6.89274,1,0AD33010-1AC1-E9FB-2FD4-313E3DF4692D
-13.783938,-7.2028704,1,0AD33010-1AC1-E9FB-2FD4-313E3DF4692D
2.3798707,-29.843262,1,0AD33010-1AC1-E9FB-2FD4-313E3DF4692D
2.7234364,-30.012474,1,0AD33010-1AC1-E9FB-2FD4-313E3DF4692D
3.1859999,-30.214499,1,0AD33010-1AC1-E9FB-2FD4-313E3DF4692D
40.34207,-3.0265863,2,0AD33010-1AC1-E9FB-2FD4-313E3DF4692D
40.566227,-3.0777678,2,0AD33010-1AC1-E9FB-2FD4-313E3DF4692D
41.53363,-3.5122283,2,0AD33010-1AC1-E9FB-2FD4-313E3DF4692D
42.38384,-3.6996815,0,0AD33010-1AC1-E9FB-2FD4-313E3DF4692D
42.90246,-3.722305,0,0AD33010-1AC1-E9FB-2FD4-313E3DF4692D
67.16114,-9.413384,0,0AD33010-1AC1-E9FB-2FD4-313E3DF4692D
49.61019,0.646931,0,0AD33010-1AC1-E9FB-2FD4-313E3DF4692D
49.66676,0.6258699,0,0AD33010-1AC1-E9FB-2FD4-313E3DF4692D
48.98394,1.0370784,0,0AD33010-1AC1-E9FB-2FD4-313E3DF4692D
47.845047,1.900833,0,0AD33010-1AC1-E9FB-2FD4-313E3DF4692D
47.258724,2.265644,0,0AD33010-1AC1-E9FB-2FD4-313E3DF4692D
47.00756,2.6137023,1,0AD33010-1AC1-E9FB-2FD4-313E3DF4692D
-25.22963,29.209862,2,0B5863F1-A482-C95D-EA42-9183B5BDFA12
-25.266294,28.710749,2,0B5863F1-A482-C95D-EA42-9183B5BDFA12
-25.191998,28.033237,2,0B5863F1-A482-C95D-EA42-9183B5BDFA12
-25.102612,27.52154,2,0B5863F1-A482-C95D-EA42-9183B5BDFA12
-31.574392,-6.8702703,2,0B5863F1-A482-C95D-EA42-9183B5BDFA12
-31.566656,-6.8653083,0,0B5863F1-A482-C95D-EA42-9183B5BDFA12
-59.748604,-3.3895125,2,0D759376-3F10-1BEB-7205-E91B8BF17984
-59.39028,-3.6231487,2,0D759376-3F10-1BEB-7205-E91B8BF17984
-59.103447,-3.8131835,2,0D759376-3F10-1BEB-7205-E91B8BF17984
-56.962154,14.776722,2,0D759376-3F10-1BEB-7205-E91B8BF17984
-56.613808,15.07642,2,0D759376-3F10-1BEB-7205-E91B8BF17984
-56.278217,15.336506,2,0D759376-3F10-1BEB-7205-E91B8BF17984
5.9973335,29.01944,0,0D759376-3F10-1BEB-7205-E91B8BF17984
5.298967,29.26834,0,0D759376-3F10-1BEB-7205-E91B8BF17984
4.64379,29.53696,2,0D759376-3F10-1BEB-7205-E91B8BF17984
4.2054996,29.689924,2,0D759376-3F10-1BEB-7205-E91B8BF17984
-3.9637613,29.855604,2,0D759376-3F10-1BEB-7205-E91B8BF17984
-3.803655,29.95306,2,0D759376-3F10-1BEB-7205-E91B8BF17984
12.547559,-34.742252,1,0D759376-3F10-1BEB-7205-E91B8BF17984
12.394527,-35.311993,1,0D759376-3F10-1BEB-7205-E91B8BF17984
12.23774,-35.874283,2,0D759376-3F10-1BEB-7205-E91B8BF17984
14.670219,-39.696465,2,0D759376-3F10-1BEB-7205-E91B8BF17984
14.6044,-39.796482,2,0D759376-3F10-1BEB-7205-E91B8BF17984
-29.073164,-7.7921495,2,0D759376-3F10-1BEB-7205-E91B8BF17984
-7.640446,-16.450853,0,0D759376-3F10-1BEB-7205-E91B8BF17984
-8.029168,-15.687454,0,0D759376-3F10-1BEB-7205-E91B8BF17984
-8.150924,-15.126293,1,0D759376-3F10-1BEB-7205-E91B8BF17984
-8.241223,-14.949049,1,0D759376-3F10-1BEB-7205-E91B8BF17984
-7.7975464,-13.761976,1,0D759376-3F10-1BEB-7205-E91B8BF17984
-7.398924,-13.488127,1,0D759376-3F10-1BEB-7205-E91B8BF17984
-6.991939,-13.245861,2,0D759376-3F10-1BEB-7205-E91B8BF17984
-6.05599,-5.3116784,2,0D759376-3F10-1BEB-7205-E91B8BF17984
-5.705064,-4.5055346,2,0D759376-3F10-1BEB-7205-E91B8BF17984
-5.7396307,-4.0826035,2,0D759376-3F10-1BEB-7205-E91B8BF17984
-5.8792224,-3.2854078,2,0D759376-3F10-1BEB-7205-E91B8BF17984
-6.248722,-2.9693272,2,0D759376-3F10-1BEB-7205-E91B8BF17984
60.08514,-17.200798,0,0D759376-3F10-1BEB-7205-E91B8BF17984
60.8873,-17.31773,0,0D759376-3F10-1BEB-7205-E91B8BF17984
61.7174,-17.561836,2,0D759376-3F10-1BEB-7205-E91B8BF17984
61.357796,-17.31462,2,0D759376-3F10-1BEB-7205-E91B8BF17984
52.956497,-10.117922,2,0D759376-3F10-1BEB-7205-E91B8BF17984
53.034767,-9.906996,2,0D759376-3F10-1BEB-7205-E91B8BF17984
-76.28551,17.961945,1,0F3B2D98-51FE-5265-3746-A0763DE31C98
-76.582214,18.00355,2,0F3B2D98-51FE-5265-3746-A0763DE31C98
-82.40631,8.285827,2,0F3B2D98-51FE-5265-3746-A0763DE31C98
-82.40306,8.267416,2,0F3B2D98-51FE-5265-3746-A0763DE31C98
-82.752754,8.920631,2,0F3B2D98-51FE-5265-3746-A0763DE31C98
-65.97254,28.616304,2,0F3B2D98-51FE-5265-3746-A0763DE31C98
-46.03966,32.683563,2,0F3B2D98-51FE-5265-3746-A0763DE31C98
-46.303677,33.297462,2,0F3B2D98-51FE-5265-3746-A0763DE31C98
-46.612907,34.241207,0,0F3B2D98-51FE-5265-3746-A0763DE31C98
-46.57978,34.089195,0,0F3B2D98-51FE-5265-3746-A0763DE31C98
-48.217728,29.914658,0,0F3B2D98-51FE-5265-3746-A0763DE31C98
-48.225418,29.823807,2,0F3B2D98-51FE-5265-3746-A0763DE31C98
-10.4918375,21.635088,2,0F3B2D98-51FE-5265-3746-A0763DE31C98
-10.020733,21.885084,0,0F3B2D98-51FE-5265-3746-A0763DE31C98
-9.831397,22.306349,0,0F3B2D98-51FE-5265-3746-A0763DE31C98
-7.7874722,-50.841785,0,0F3B2D98-51FE-5265-3746-A0763DE31C98
-7.610431,-50.824394,0,0F3B2D98-51FE-5265-3746-A0763DE31C98
-6.609595,-50.667065,1,0F3B2D98-51FE-5265-3746-A0763DE31C98
-40.93187,-14.637892,1,10FFF83C-FD48-DCA7-E554-491C3C1E3EC6
-41.997765,-14.517971,1,10FFF83C-FD48-DCA7-E554-491C3C1E3EC6
-42.57975,-14.630472,1,10FFF83C-FD48-DCA7-E554-491C3C1E3EC6
-43.015488,-14.727533,1,10FFF83C-FD48-DCA7-E554-491C3C1E3EC6
-6.1991467,50.27702,1,10FFF83C-FD48-DCA7-E554-491C3C1E3EC6
28.743113,-31.80378,1,10FFF83C-FD48-DCA7-E554-491C3C1E3EC6
18.574926,-40.394104,1,10FFF83C-FD48-DCA7-E554-491C3C1E3EC6
18.767626,-41.287212,1,10FFF83C-FD48-DCA7-E554-491C3C1E3EC6
19.443064,-42.200474,1,10FFF83C-FD48-DCA7-E554-491C3C1E3EC6
18.823727,-42.31503,1,10FFF83C-FD48-DCA7-E554-491C3C1E3EC6
18.420502,-42.883194,1,10FFF83C-FD48-DCA7-E554-491C3C1E3EC6
18.198755,-43.220596,1,10FFF83C-FD48-DCA7-E554-491C3C1E3EC6
44.453854,-37.185497,1,10FFF83C-FD48-DCA7-E554-491C3C1E3EC6
44.462948,-37.055042,1,10FFF83C-FD48-DCA7-E554-491C3C1E3EC6
44.47272,-36.21785,1,10FFF83C-FD48-DCA7-E554-491C3C1E3EC6
44.406532,-35.48258,1,10FFF83C-FD48-DCA7-E554-491C3C1E3EC6
44.452316,-34.840496,1,10FFF83C-FD48-DCA7-E554-491C3C1E3EC6
44.795383,-34.22356,1,10FFF83C-FD48-DCA7-E554-491C3C1E3EC6
91.94904,3.6421487,2,10FFF83C-FD48-DCA7-E554-491C3C1E3EC6
91.67556,2.9095306,2,10FFF83C-FD48-DCA7-E554-491C3C1E3EC6
91.69341,2.991349,2,10FFF83C-FD48-DCA7-E554-491C3C1E3EC6
91.23811,1.6697085,2,10FFF83C-FD48-DCA7-E554-491C3C1E3EC6
91.282585,1.6907313,2,10FFF83C-FD48-DCA7-E554-491C3C1E3EC6
89.1821,-2.7919128,2,10FFF83C-FD48-DCA7-E554-491C3C1E3EC6
-79.22197,11.297404,0,14027B3A-0AD6-CBA3-A600-42B3C0A4D933
-79.12293,11.184061,0,14027B3A-0AD6-CBA3-A600-42B3C0A4D933
-78.008575,10.284487,2,14027B3A-0AD6-CBA3-A600-42B3C0A4D933
-77.30509,9.837825,2,14027B3A-0AD6-CBA3-A600-42B3C0A4D933
-76.932304,9.601514,2,14027B3A-0AD6-CBA3-A600-42B3C0A4D933
-76.58795,9.474157,2,14027B3A-0AD6-CBA3-A600-42B3C0A4D933
0.89254606,-51.42036,2,14027B3A-0AD6-CBA3-A600-42B3C0A4D933
1.150448,-51.53523,2,14027B3A-0AD6-CBA3-A600-42B3C0A4D933
1.3265595,-51.522854,2,14027B3A-0AD6-CBA3-A600-42B3C0A4D933
2.15978,-51.32255,2,14027B3A-0AD6-CBA3-A600-42B3C0A4D933
3.2180312,-51.070312,2,14027B3A-0AD6-CBA3-A600-42B3C0A4D933
-14.706273,6.590951,0,14027B3A-0AD6-CBA3-A600-42B3C0A4D933
-4.457037,-6.864049,2,14027B3A-0AD6-CBA3-A600-42B3C0A4D933
4.0794206,-6.219383,2,14027B3A-0AD6-CBA3-A600-42B3C0A4D933
4.31085,-6.2904425,2,14027B3A-0AD6-CBA3-A600-42B3C0A4D933
4.2467766,-5.402689,0,14027B3A-0AD6-CBA3-A600-42B3C0A4D933
4.47134,-5.0625844,0,14027B3A-0AD6-CBA3-A600-42B3C0A4D933
4.8027425,-4.6540833,0,14027B3A-0AD6-CBA3-A600-42B3C0A4D933
8.723519,2.3177645,2,165B40B2-D9B2-DBC0-AE48-02C0F49A609F
8.718773,2.596885,2,165B40B2-D9B2-DBC0-AE48-02C0F49A609F
8.727336,5.1360173,2,165B40B2-D9B2-DBC0-AE48-02C0F49A609F
9.106562,5.0796747,2,165B40B2-D9B2-DBC0-AE48-02C0F49A609F
9.694749,4.7295537,2,165B40B2-D9B2-DBC0-AE48-02C0F49A609F
10.729095,4.159518,2,165B40B2-D9B2-DBC0-AE48-02C0F49A609F
35.682625,-12.697935,2,165B40B2-D9B2-DBC0-AE48-02C0F49A609F
35.966507,-13.141328,2,165B40B2-D9B2-DBC0-AE48-02C0F49A609F
36.357426,-13.689672,2,165B40B2-D9B2-DBC0-AE48-02C0F49A609F
36.897003,-14.293755,2,165B40B2-D9B2-DBC0-AE48-02C0F49A609F
37.379047,-14.848737,2,165B40B2-D9B2-DBC0-AE48-02C0F49A609F
37.680367,-15.150255,2,165B40B2-D9B2-DBC0-AE48-02C0F49A609F
59.5558,-31.164192,1,165B40B2-D9B2-DBC0-AE48-02C0F49A609F
60.869896,-30.982012,2,165B40B2-D9B2-DBC0-AE48-02C0F49A609F
61.384384,-30.969221,2,165B40B2-D9B2-DBC0-AE48-02C0F49A609F
62.12415,-30.92362,2,165B40B2-D9B2-DBC0-AE48-02C0F49A609F
62.489,-9.162271,2,165B40B2-D9B2-DBC0-AE48-02C0F49A609F
62.538464,-9.259892,2,165B40B2-D9B2-DBC0-AE48-02C0F49A609F
56.91514,-20.895254,1,165B40B2-D9B2-DBC0-AE48-02C0F49A609F
57.183735,-20.755056,1,165B40B2-D9B2-DBC0-AE48-02C0F49A609F
58.63884,-20.090471,1,165B40B2-D9B2-DBC0-AE48-02C0F49A609F
58.776283,-20.08836,1,165B40B2-D9B2-DBC0-AE48-02C0F49A609F
59.439484,-19.357351,1,165B40B2-D9B2-DBC0-AE48-02C0F49A609F
37.07942,-30.440619,1,165B40B2-D9B2-DBC0-AE48-02C0F49A609F
-60.635956,27.194986,2,172A62AD-9B69-33E2-1551-9526879D80AC
-55.807484,26.749409,1,172A62AD-9B69-33E2-1551-9526879D80AC
-55.240967,25.846798,0,172A62AD-9B69-33E2-1551-9526879D80AC
-55.08988,25.286383,0,172A62AD-9B69-33E2-1551-9526879D80AC
-54.552635,24.736729,0,172A62AD-9B69-33E2-1551-9526879D80AC
-54.16384,24.380217,0,172A62AD-9B69-33E2-1551-9526879D80AC
16.633759,4.787491,2,172A62AD-9B69-33E2-1551-9526879D80AC
16.755001,4.6816406,2,172A62AD-9B69-33E2-1551-9526879D80AC
17.306616,4.2762938,2,172A62AD-9B69-33E2-1551-9526879D80AC
18.087894,3.9828963,2,172A62AD-9B69-33E2-1551-9526879D80AC
24.36668,-2.9073987,1,172A62AD-9B69-33E2-1551-9526879D80AC
24.458307,-2.9607983,1,172A62AD-9B69-33E2-1551-9526879D80AC
49.037346,-21.925539,1,172A62AD-9B69-33E2-1551-9526879D80AC
69.765785,2.8864288,1,172A62AD-9B69-33E2-1551-9526879D80AC
69.84942,2.6811974,0,172A62AD-9B69-33E2-1551-9526879D80AC
69.7818,1.6448888,0,172A62AD-9B69-33E2-1551-9526879D80AC
69.52558,0.8353608,0,172A62AD-9B69-33E2-1551-9526879D80AC
69.132454,0.08948849,0,172A62AD-9B69-33E2-1551-9526879D80AC
42.08193,-33.019028,2,172A62AD-9B69-33E2-1551-9526879D80AC
41.87792,-33.16396,2,172A62AD-9B69-33E2-1551-9526879D80AC
39.421482,-34.1689,2,172A62AD-9B69-33E2-1551-9526879D80AC
39.51859,-34.157486,2,172A62AD-9B69-33E2-1551-9526879D80AC
38.56844,-34.457634,2,172A62AD-9B69-33E2-1551-9526879D80AC
38.006344,-34.5864,2,172A62AD-9B69-33E2-1551-9526879D80AC
96.03998,-6.5550394,2,172A62AD-9B69-33E2-1551-9526879D80AC
95.87568,-6.3094244,2,172A62AD-9B69-33E2-1551-9526879D80AC
95.70423,-5.519484,0,172A62AD-9B69-33E2-1551-9526879D80AC
95.7447,-5.184314,0,172A62AD-9B69-33E2-1551-9526879D80AC
95.541245,-2.5275035,0,172A62AD-9B69-33E2-1551-9526879D80AC
95.513695,-2.3882785,0,172A62AD-9B69-33E2-1551-9526879D80AC
-67.547165,11.2569685,1,1AE03BA6-E346-DEB8-4865-276ECC5CD9B1
-69.64147,2.8452055,1,1AE03BA6-E346-DEB8-4865-276ECC5CD9B1
-69.7707,2.602607,1,1AE03BA6-E346-DEB8-4865-276ECC5CD9B1
-66.34426,3.9375107,1,1AE03BA6-E346-DEB8-4865-276ECC5CD9B1
-44.4825,29.90332,1,1AE03BA6-E346-DEB8-4865-276ECC5CD9B1
-44.449413,29.84971,1,1AE03BA6-E346-DEB8-4865-276ECC5CD9B1
-14.238934,16.677225,1,1AE03BA6-E346-DEB8-4865-276ECC5CD9B1
-14.479481,16.498034,1,1AE03BA6-E346-DEB8-4865-276ECC5CD9B1
-16.16948,15.489141,1,1AE03BA6-E346-DEB8-4865-276ECC5CD9B1
-16.362986,15.7701645,1,1AE03BA6-E346-DEB8-4865-276ECC5CD9B1
-16.710798,16.254393,1,1AE03BA6-E346-DEB8-4865-276ECC5CD9B1
-11.075103,-43.156624,1,1AE03BA6-E346-DEB8-4865-276ECC5CD9B1
-5.0615187,8.530334,2,1AE03BA6-E346-DEB8-4865-276ECC5CD9B1
-4.920282,9.278015,2,1AE03BA6-E346-DEB8-4865-276ECC5CD9B1
-4.866358,9.5328665,2,1AE03BA6-E346-DEB8-4865-276ECC5CD9B1
-3.1923592,12.978495,2,1AE03BA6-E346-DEB8-4865-276ECC5CD9B1
16.553438,20.33742,2,1AE03BA6-E346-DEB8-4865-276ECC5CD9B1
16.568258,20.348652,0,1AE03BA6-E346-DEB8-4865-276ECC5CD9B1
63.188213,-13.099317,0,1AE03BA6-E346-DEB8-4865-276ECC5CD9B1
55.720695,-10.27753,2,1AE03BA6-E346-DEB8-4865-276ECC5CD9B1
55.238712,-9.85211,2,1AE03BA6-E346-DEB8-4865-276ECC5CD9B1
55.045254,-9.595538,2,1AE03BA6-E346-DEB8-4865-276ECC5CD9B1
61.918,-7.359111,1,1AE03BA6-E346-DEB8-4865-276ECC5CD9B1
61.963444,-7.3419633,0,1AE03BA6-E346-DEB8-4865-276ECC5CD9B1
71.36589,-2.3152432,0,1AE03BA6-E346-DEB8-4865-276ECC5CD9B1
70.58215,-2.0536747,0,1AE03BA6-E346-DEB8-4865-276ECC5CD9B1
70.29969,-1.9067702,0,1AE03BA6-E346-DEB8-4865-276ECC5CD9B1
-16.317465,19.549475,2,1F6A56CA-9C73-442F-2682-BB69E4B03AB2
-17.200954,19.830633,2,1F6A56CA-9C73-442F-2682-BB69E4B03AB2
-17.585716,19.785664,2,1F6A56CA-9C73-442F-2682-BB69E4B03AB2
-18.370161,19.611502,2,1F6A56CA-9C73-442F-2682-BB69E4B03AB2
-16.777603,13.912654,0,1F6A56CA-9C73-442F-2682-BB69E4B03AB2
-16.754843,13.339148,0,1F6A56CA-9C73-442F-2682-BB69E4B03AB2
-5.251477,-43.793377,0,1F6A56CA-9C73-442F-2682-BB69E4B03AB2
-4.8026533,-44.22239,2,1F6A56CA-9C73-442F-2682-BB69E4B03AB2
-4.4346786,-44.67884,2,1F6A56CA-9C73-442F-2682-BB69E4B03AB2
-4.1313605,-45.04145,2,1F6A56CA-9C73-442F-2682-BB69E4B03AB2
-3.4376936,-45.38669,0,1F6A56CA-9C73-442F-2682-BB69E4B03AB2
-11.377732,6.709219,0,1F6A56CA-9C73-442F-2682-BB69E4B03AB2
-10.8521595,-15.557127,2,1F6A56CA-9C73-442F-2682-BB69E4B03AB2
-10.5451765,-16.698399,2,1F6A56CA-9C73-442F-2682-BB69E4B03AB2
-10.421949,-17.010736,2,1F6A56CA-9C73-442F-2682-BB69E4B03AB2
-9.863233,-17.584646,2,1F6A56CA-9C73-442F-2682-BB69E4B03AB2
-10.179824,-18.44243,2,1F6A56CA-9C73-442F-2682-BB69E4B03AB2
-10.312796,-18.706501,2,1F6A56CA-9C73-442F-2682-BB69E4B03AB2
41.6652,-14.140628,2,1F6A56CA-9C73-442F-2682-BB69E4B03AB2
42.361214,-14.26638,2,1F6A56CA-9C73-442F-2682-BB69E4B03AB2
42.37097,-15.096448,2,1F6A56CA-9C73-442F-2682-BB69E4B03AB2
42.362103,-15.304194,2,1F6A56CA-9C73-442F-2682-BB69E4B03AB2
42.78096,-17.339802,2,1F6A56CA-9C73-442F-2682-BB69E4B03AB2
42.806553,-17.40677,2,1F6A56CA-9C73-442F-2682-BB69E4B03AB2
37.797527,7.233707,2,1F6A56CA-9C73-442F-2682-BB69E4B03AB2
37.748367,7.2101536,2,1F6A56CA-9C73-442F-2682-BB69E4B03AB2
37.493183,7.7834682,2,1F6A56CA-9C73-442F-2682-BB69E4B03AB2
37.231,9.3939085,2,1F6A56CA-9C73-442F-2682-BB69E4B03AB2
37.24571,9.629612,2,1F6A56CA-9C73-442F-2682-BB69E4B03AB2
37.39822,10.419429,2,1F6A56CA-9C73-442F-2682-BB69E4B03AB2
-36.3574,13.450354,0,1FA97947-2FB7-D626-8CD3-2426BEEE97D1
-36.362827,13.413474,0,1FA97947-2FB7-D626-8CD3-2426BEEE97D1
-8.994093,27.984554,2,1FA97947-2FB7-D626-8CD3-2426BEEE97D1
-9.190872,27.883875,2,1FA97947-2FB7-D626-8CD3-2426BEEE97D1
-10.270077,27.512037,2,1FA97947-2FB7-D626-8CD3-2426BEEE97D1
-10.121688,26.244469,2,1FA97947-2FB7-D626-8CD3-2426BEEE97D1
26.55231,33.785107,2,1FA97947-2FB7-D626-8CD3-2426BEEE97D1
26.885221,33.501278,2,1FA97947-2FB7-D626-8CD3-2426BEEE97D1
27.305141,33.268234,2,1FA97947-2FB7-D626-8CD3-2426BEEE97D1
28.004557,32.37185,2,1FA97947-2FB7-D626-8CD3-2426BEEE97D1
34.120556,-25.00916,2,1FA97947-2FB7-D626-8CD3-2426BEEE97D1
34.13875,-25.009665,2,1FA97947-2FB7-D626-8CD3-2426BEEE97D1
39.000824,-19.932886,2,1FA97947-2FB7-D626-8CD3-2426BEEE97D1
39.50552,-19.740973,2,1FA97947-2FB7-D626-8CD3-2426BEEE97D1
40.26468,-19.371027,2,1FA97947-2FB7-D626-8CD3-2426BEEE97D1
40.458405,-19.385725,2,1FA97947-2FB7-D626-8CD3-2426BEEE97D1
51.330376,-22.485855,1,1FA97947-2FB7-D626-8CD3-2426BEEE97D1
51.375362,-22.528414,1,1FA97947-2FB7-D626-8CD3-2426BEEE97D1
-2.4594042,-56.222054,2,243FE25F-E451-21F6-7EFA-F9DACC7D31CA
-2.4599507,-56.219646,2,243FE25F-E451-21F6-7EFA-F9DACC7D31CA
-51.306713,16.52441,2,243FE25F-E451-21F6-7EFA-F9DACC7D31CA
-32.318523,42.320465,2,243FE25F-E451-21F6-7EFA-F9DACC7D31CA
-32.92743,41.954437,2,243FE25F-E451-21F6-7EFA-F9DACC7D31CA
-33.06419,41.87907,2,243FE25F-E451-21F6-7EFA-F9DACC7D31CA
9.406639,-50.457703,0,243FE25F-E451-21F6-7EFA-F9DACC7D31CA
9.276855,-50.443336,2,243FE25F-E451-21F6-7EFA-F9DACC7D31CA
7.248983,-50.06143,2,243FE25F-E451-21F6-7EFA-F9DACC7D31CA
7.0230064,-49.87278,2,243FE25F-E451-21F6-7EFA-F9DACC7D31CA
6.187325,-48.69568,2,243FE25F-E451-21F6-7EFA-F9DACC7D31CA
6.0891385,-48.514088,2,243FE25F-E451-21F6-7EFA-F9DACC7D31CA
16.60661,-56.215878,1,243FE25F-E451-21F6-7EFA-F9DACC7D31CA
17.008995,-55.755665,1,243FE25F-E451-21F6-7EFA-F9DACC7D31CA
17.157583,-55.593014,2,243FE25F-E451-21F6-7EFA-F9DACC7D31CA
20.687677,-52.932587,2,243FE25F-E451-21F6-7EFA-F9DACC7D31CA
21.189306,-52.618443,2,243FE25F-E451-21F6-7EFA-F9DACC7D31CA
21.330685,-52.55843,2,243FE25F-E451-21F6-7EFA-F9DACC7D31CA
-22.086737,5.259396,2,2656C6B4-988A-A958-5107-5422027AEE1D
-22.35221,5.1655316,2,2656C6B4-988A-A958-5107-5422027AEE1D
-23.681805,4.0304003,2,2656C6B4-988A-A958-5107-5422027AEE1D
-23.840002,3.8604133,0,2656C6B4-988A-A958-5107-5422027AEE1D
12.088128,-48.47501,0,2656C6B4-988A-A958-5107-5422027AEE1D
12.085828,-48.49017,0,2656C6B4-988A-A958-5107-5422027AEE1D
3.9839277,-0.44861707,0,2656C6B4-988A-A958-5107-5422027AEE1D
3.9290738,-0.32138535,0,2656C6B4-988A-A958-5107-5422027AEE1D
4.8016095,8.105906,2,2656C6B4-988A-A958-5107-5422027AEE1D
5.2453594,8.344609,2,2656C6B4-988A-A958-5107-5422027AEE1D
5.632729,8.554053,2,2656C6B4-988A-A958-5107-5422027AEE1D
6.1102214,8.718594,2,2656C6B4-988A-A958-5107-5422027AEE1D
13.281074,6.602359,2,2656C6B4-988A-A958-5107-5422027AEE1D
13.359609,6.533895,2,2656C6B4-988A-A958-5107-5422027AEE1D
22.399437,-9.670629,2,2656C6B4-988A-A958-5107-5422027AEE1D
23.363861,-9.84063,2,2656C6B4-988A-A958-5107-5422027AEE1D
24.468191,-9.991539,2,2656C6B4-988A-A958-5107-5422027AEE1D
24.931246,-9.920453,2,2656C6B4-988A-A958-5107-5422027AEE1D
19.382395,27.463614,2,2656C6B4-988A-A958-5107-5422027AEE1D
19.564787,27.480474,2,2656C6B4-988A-A958-5107-5422027AEE1D
21.219795,27.75614,2,2656C6B4-988A-A958-5107-5422027AEE1D
21.493063,27.823666,2,2656C6B4-988A-A958-5107-5422027AEE1D
22.478231,28.760015,2,2656C6B4-988A-A958-5107-5422027AEE1D
22.58338,28.853542,2,2656C6B4-988A-A958-5107-5422027AEE1D
-84.9112,20.248474,0,27C12E79-B4DD-AA48-E99E-552C6BAEBA6F
-84.89673,20.286734,0,27C12E79-B4DD-AA48-E99E-552C6BAEBA6F
-83.477196,22.45141,2,27C12E79-B4DD-AA48-E99E-552C6BAEBA6F
-83.067245,23.036325,2,27C12E79-B4DD-AA48-E99E-552C6BAEBA6F
-80.69701,24.304611,2,27C12E79-B4DD-AA48-E99E-552C6BAEBA6F
-80.53855,24.47858,2,27C12E79-B4DD-AA48-E99E-552C6BAEBA6F
-80.1078,24.672075,2,27C12E79-B4DD-AA48-E99E-552C6BAEBA6F
-79.812004,24.099075,2,27C12E79-B4DD-AA48-E99E-552C6BAEBA6F
-78.628105,24.11477,2,27C12E79-B4DD-AA48-E99E-552C6BAEBA6F
-76.709526,24.347393,2,27C12E79-B4DD-AA48-E99E-552C6BAEBA6F
-75.97864,24.602057,0,27C12E79-B4DD-AA48-E99E-552C6BAEBA6F
-75.65224,24.705494,0,27C12E79-B4DD-AA48-E99E-552C6BAEBA6F
-56.89882,21.508987,2,27C12E79-B4DD-AA48-E99E-552C6BAEBA6F
-56.850773,21.5121,2,27C12E79-B4DD-AA48-E99E-552C6BAEBA6F
-49.121758,23.727077,2,27C12E79-B4DD-AA48-E99E-552C6BAEBA6F
-33.598984,25.829771,2,27C12E79-B4DD-AA48-E99E-552C6BAEBA6F
-33.423622,25.764746,2,27C12E79-B4DD-AA48-E99E-552C6BAEBA6F
-30.024357,25.499025,2,27C12E79-B4DD-AA48-E99E-552C6BAEBA6F
-17.402294,9.741107,2,27C12E79-B4DD-AA48-E99E-552C6BAEBA6F
-17.231895,9.865803,2,27C12E79-B4DD-AA48-E99E-552C6BAEBA6F
-16.560913,9.674718,2,27C12E79-B4DD-AA48-E99E-552C6BAEBA6F
-16.156145,9.318792,2,27C12E79-B4DD-AA48-E99E-552C6BAEBA6F
-15.4646635,8.947438,2,27C12E79-B4DD-AA48-E99E-552C6BAEBA6F
-15.170531,8.772481,2,27C12E79-B4DD-AA48-E99E-552C6BAEBA6F
-65.460915,8.326269,2,2C636222-CB43-AB6F-444A-7278047991C7
-64.8308,8.5129,2,2C636222-CB43-AB6F-444A-7278047991C7
-55.23897,9.922693,2,2C636222-CB43-AB6F-444A-7278047991C7
-55.189713,9.930093,0,2C636222-CB43-AB6F-444A-7278047991C7
-43.53489,43.78369,0,2C636222-CB43-AB6F-444A-7278047991C7
-43.52728,43.77374,0,2C636222-CB43-AB6F-444A-7278047991C7
8.512877,32.820553,1,2C636222-CB43-AB6F-444A-7278047991C7
14.596747,-30.606735,1,2C636222-CB43-AB6F-444A-7278047991C7
14.200023,-31.447504,1,2C636222-CB43-AB6F-444A-7278047991C7
14.324122,-32.091484,1,2C636222-CB43-AB6F-444A-7278047991C7
15.296874,-32.972034,1,2C636222-CB43-AB6F-444A-7278047991C7
15.446719,-33.077858,1,2C636222-CB43-AB6F-444A-7278047991C7
-24.386883,2.3558903,2,2C636222-CB43-AB6F-444A-7278047991C7
11.226419,-0.23874594,0,2C636222-CB43-AB6F-444A-7278047991C7
11.303802,-0.37971833,0,2C636222-CB43-AB6F-444A-7278047991C7
15.842022,-3.9380567,0,2C636222-CB43-AB6F-444A-7278047991C7
16.866228,-3.5633562,0,2C636222-CB43-AB6F-444A-7278047991C7
17.028378,-3.5081837,0,2C636222-CB43-AB6F-444A-7278047991C7
38.148552,-22.180176,1,2C636222-CB43-AB6F-444A-7278047991C7
38.55871,-23.012157,1,2C636222-CB43-AB6F-444A-7278047991C7
38.7601,-23.603033,2,2C636222-CB43-AB6F-444A-7278047991C7
38.78681,-23.988329,2,2C636222-CB43-AB6F-444A-7278047991C7
55.592014,-33.51924,2,2C636222-CB43-AB6F-444A-7278047991C7
55.621517,-33.500458,2,2C636222-CB43-AB6F-444A-7278047991C7
-24.171724,14.850087,2,35FEE4B0-EF25-110F-8D86-5410FA57646B
-24.117378,14.026816,2,35FEE4B0-EF25-110F-8D86-5410FA57646B
-24.117271,13.31255,2,35FEE4B0-EF25-110F-8D86-5410FA57646B
-23.803942,12.973192,2,35FEE4B0-EF25-110F-8D86-5410FA57646B
-19.642809,21.420364,2,35FEE4B0-EF25-110F-8D86-5410FA57646B
-19.6735,21.39398,2,35FEE4B0-EF25-110F-8D86-5410FA57646B
-15.390951,-1.4064239,2,35FEE4B0-EF25-110F-8D86-5410FA57646B
-15.168499,-1.7782421,2,35FEE4B0-EF25-110F-8D86-5410FA57646B
-14.702384,-2.5933137,2,35FEE4B0-EF25-110F-8D86-5410FA57646B
-14.518859,-3.0006545,2,35FEE4B0-EF25-110F-8D86-5410FA57646B
-14.476526,-3.3384936,2,35FEE4B0-EF25-110F-8D86-5410FA57646B
-14.0281,-4.2952905,2,35FEE4B0-EF25-110F-8D86-5410FA57646B
19.139187,3.1250312,2,35FEE4B0-EF25-110F-8D86-5410FA57646B
28.324884,0.8440057,2,35FEE4B0-EF25-110F-8D86-5410FA57646B
28.458635,1.0516152,2,35FEE4B0-EF25-110F-8D86-5410FA57646B
29.152637,2.1273124,2,35FEE4B0-EF25-110F-8D86-5410FA57646B
29.627178,3.027369,2,35FEE4B0-EF25-110F-8D86-5410FA57646B
29.93617,3.739191,2,35FEE4B0-EF25-110F-8D86-5410FA57646B
44.080418,-27.614664,2,35FEE4B0-EF25-110F-8D86-5410FA57646B
44.17802,-28.105087,2,35FEE4B0-EF25-110F-8D86-5410FA57646B
44.374813,-28.709328,2,35FEE4B0-EF25-110F-8D86-5410FA57646B
44.861115,-29.278532,2,35FEE4B0-EF25-110F-8D86-5410FA57646B
45.465233,-30.013737,2,35FEE4B0-EF25-110F-8D86-5410FA57646B
45.601707,-30.304018,2,35FEE4B0-EF25-110F-8D86-5410FA57646B
-6.190755,-27.459412,1,37249306-1597-DC6D-3544-6FEDBBF8B848
-7.0603886,-28.271606,1,37249306-1597-DC6D-3544-6FEDBBF8B848
-7.2259398,-28.310444,1,37249306-1597-DC6D-3544-6FEDBBF8B848
-12.143311,-20.736992,2,37249306-1597-DC6D-3544-6FEDBBF8B848
-10.789611,-21.530304,2,37249306-1597-DC6D-3544-6FEDBBF8B848
-10.735079,-21.547441,2,37249306-1597-DC6D-3544-6FEDBBF8B848
-59.636974,-21.909935,1,3C54E0F5-9C12-3137-9EC1-39645770F53A
-59.64198,-21.882362,1,3C54E0F5-9C12-3137-9EC1-39645770F53A
-63.75618,4.859381,1,3C54E0F5-9C12-3137-9EC1-39645770F53A
-64.336754,5.0819306,1,3C54E0F5-9C12-3137-9EC1-39645770F53A
-53.237923,6.0816894,1,3C54E0F5-9C12-3137-9EC1-39645770F53A
-52.379654,6.066577,1,3C54E0F5-9C12-3137-9EC1-39645770F53A
-51.676136,6.152623,1,3C54E0F5-9C12-3137-9EC1-39645770F53A
-51.061073,6.31593,1,3C54E0F5-9C12-3137-9EC1-39645770F53A
-53.08599,-19.284342,1,3C54E0F5-9C12-3137-9EC1-39645770F53A
-53.10462,-19.470974,1,3C54E0F5-9C12-3137-9EC1-39645770F53A
-53.08455,-20.247828,1,3C54E0F5-9C12-3137-9EC1-39645770F53A
-53.091908,-20.597279,1,3C54E0F5-9C12-3137-9EC1-39645770F53A
-12.874112,-38.142944,1,3C54E0F5-9C12-3137-9EC1-39645770F53A
-12.917854,-37.592896,1,3C54E0F5-9C12-3137-9EC1-39645770F53A
-13.163863,-36.893173,1,3C54E0F5-9C12-3137-9EC1-39645770F53A
-13.449095,-36.41433,0,3C54E0F5-9C12-3137-9EC1-39645770F53A
-6.8778973,-7.79653,0,3C54E0F5-9C12-3137-9EC1-39645770F53A
-6.6180377,-7.3174314,0,3C54E0F5-9C12-3137-9EC1-39645770F53A
21.2341,-7.066248,0,3C54E0F5-9C12-3137-9EC1-39645770F53A
14.514085,2.427623,0,3C54E0F5-9C12-3137-9EC1-39645770F53A
21.086693,-5.6963406,0,3C54E0F5-9C12-3137-9EC1-39645770F53A
21.260386,-5.0627756,0,3C54E0F5-9C12-3137-9EC1-39645770F53A
21.761593,-4.734644,0,3C54E0F5-9C12-3137-9EC1-39645770F53A
22.182814,-4.5743856,1,3C54E0F5-9C12-3137-9EC1-39645770F53A
48.965927,-3.4840267,0,3C54E0F5-9C12-3137-9EC1-39645770F53A
48.996193,-3.768052,0,3C54E0F5-9C12-3137-9EC1-39645770F53A
49.00183,-5.209043,0,3C54E0F5-9C12-3137-9EC1-39645770F53A
48.970432,-5.5243,0,3C54E0F5-9C12-3137-9EC1-39645770F53A
48.577168,-7.293934,0,3C54E0F5-9C12-3137-9EC1-39645770F53A
48.401928,-7.7426023,1,3C54E0F5-9C12-3137-9EC1-39645770F53A
-6.984042,36.621548,2,3FC0B5B3-AC42-BF96-D8EE-10E81EAAACF6
-6.8412495,36.52291,2,3FC0B5B3-AC42-BF96-D8EE-10E81EAAACF6
-4.536362,34.218143,2,3FC0B5B3-AC42-BF96-D8EE-10E81EAAACF6
-4.0486603,33.940483,2,3FC0B5B3-AC42-BF96-D8EE-10E81EAAACF6
-3.9563382,33.595455,2,3FC0B5B3-AC42-BF96-D8EE-10E81EAAACF6
-1.67671,31.043009,2,3FC0B5B3-AC42-BF96-D8EE-10E81EAAACF6
-1.2755243,27.837315,2,3FC0B5B3-AC42-BF96-D8EE-10E81EAAACF6
-1.2455479,27.700771,1,3FC0B5B3-AC42-BF96-D8EE-10E81EAAACF6
-1.2406136,29.224497,2,3FC0B5B3-AC42-BF96-D8EE-10E81EAAACF6
-1.1877156,29.302107,2,3FC0B5B3-AC42-BF96-D8EE-10E81EAAACF6
12.850274,-28.29892,2,3FC0B5B3-AC42-BF96-D8EE-10E81EAAACF6
12.819864,-28.232937,2,3FC0B5B3-AC42-BF96-D8EE-10E81EAAACF6
49.606712,18.598824,2,3FC0B5B3-AC42-BF96-D8EE-10E81EAAACF6
49.48108,18.36564,2,3FC0B5B3-AC42-BF96-D8EE-10E81EAAACF6
45.13018,8.290079,2,3FC0B5B3-AC42-BF96-D8EE-10E81EAAACF6
45.24121,8.070264,2,3FC0B5B3-AC42-BF96-D8EE-10E81EAAACF6
-31.72164,-1.049034,2,3FC0B5B3-AC42-BF96-D8EE-10E81EAAACF6
-31.712587,-1.0420488,2,3FC0B5B3-AC42-BF96-D8EE-10E81EAAACF6
86.072205,8.938324,0,3FC0B5B3-AC42-BF96-D8EE-10E81EAAACF6
86.1802,9.07543,0,3FC0B5B3-AC42-BF96-D8EE-10E81EAAACF6
86.58731,9.66212,0,3FC0B5B3-AC42-BF96-D8EE-10E81EAAACF6
87.27088,10.694489,0,3FC0B5B3-AC42-BF96-D8EE-10E81EAAACF6
87.269165,10.6901655,0,3FC0B5B3-AC42-BF96-D8EE-10E81EAAACF6
87.44525,10.978149,0,3FC0B5B3-AC42-BF96-D8EE-10E81EAAACF6
-62.988255,12.935913,2,4690C2DC-C0B5-6C1B-880A-D31C46C8A565
-62.738102,12.737129,2,4690C2DC-C0B5-6C1B-880A-D31C46C8A565
-61.69142,11.990575,2,4690C2DC-C0B5-6C1B-880A-D31C46C8A565
-51.813183,15.103424,0,4690C2DC-C0B5-6C1B-880A-D31C46C8A565
-51.072792,15.405499,0,4690C2DC-C0B5-6C1B-880A-D31C46C8A565
-50.72068,15.345534,2,4690C2DC-C0B5-6C1B-880A-D31C46C8A565
33.44578,-2.842113,2,4690C2DC-C0B5-6C1B-880A-D31C46C8A565
33.91477,-2.7681563,2,4690C2DC-C0B5-6C1B-880A-D31C46C8A565
34.841305,-2.8623037,2,4690C2DC-C0B5-6C1B-880A-D31C46C8A565
45.11249,-23.480186,2,4690C2DC-C0B5-6C1B-880A-D31C46C8A565
45.417065,-23.238564,0,4690C2DC-C0B5-6C1B-880A-D31C46C8A565
45.57658,-23.093779,0,4690C2DC-C0B5-6C1B-880A-D31C46C8A565
31.777172,-18.594912,0,4690C2DC-C0B5-6C1B-880A-D31C46C8A565
39.876484,14.881424,0,4690C2DC-C0B5-6C1B-880A-D31C46C8A565
39.623055,15.756592,0,4690C2DC-C0B5-6C1B-880A-D31C46C8A565
39.282356,15.71435,0,4690C2DC-C0B5-6C1B-880A-D31C46C8A565
37.59646,14.868712,2,4690C2DC-C0B5-6C1B-880A-D31C46C8A565
37.917347,15.6109,2,4690C2DC-C0B5-6C1B-880A-D31C46C8A565
37.48564,15.760224,2,4690C2DC-C0B5-6C1B-880A-D31C46C8A565
93.27481,-8.889206,2,4690C2DC-C0B5-6C1B-880A-D31C46C8A565
93.37274,-9.154242,2,4690C2DC-C0B5-6C1B-880A-D31C46C8A565
93.64119,-10.06479,2,4690C2DC-C0B5-6C1B-880A-D31C46C8A565
93.75079,-10.279995,0,4690C2DC-C0B5-6C1B-880A-D31C46C8A565
94.030205,-11.201502,0,4690C2DC-C0B5-6C1B-880A-D31C46C8A565
94.05311,-17.762403,0,4690C2DC-C0B5-6C1B-880A-D31C46C8A565
94.13471,-17.90723,0,4690C2DC-C0B5-6C1B-880A-D31C46C8A565
-45.540077,20.80967,0,46A9A47E-EDE3-2EF4-2F06-E95AF67D57E1
-14.870508,33.646656,0,46A9A47E-EDE3-2EF4-2F06-E95AF67D57E1
-15.236931,33.95262,2,46A9A47E-EDE3-2EF4-2F06-E95AF67D57E1
-16.243284,34.00272,2,46A9A47E-EDE3-2EF4-2F06-E95AF67D57E1
-16.963266,34.335598,2,46A9A47E-EDE3-2EF4-2F06-E95AF67D57E1
-17.433994,34.280308,2,46A9A47E-EDE3-2EF4-2F06-E95AF67D57E1
65.12548,0.56353873,0,46A9A47E-EDE3-2EF4-2F06-E95AF67D57E1
64.52714,0.14482334,0,46A9A47E-EDE3-2EF4-2F06-E95AF67D57E1
64.14649,-0.76245433,0,46A9A47E-EDE3-2EF4-2F06-E95AF67D57E1
64.14318,-1.3173102,0,46A9A47E-EDE3-2EF4-2F06-E95AF67D57E1
64.62542,-12.167967,0,46A9A47E-EDE3-2EF4-2F06-E95AF67D57E1
64.80789,-12.439008,0,46A9A47E-EDE3-2EF4-2F06-E95AF67D57E1
64.00456,-12.484414,2,46A9A47E-EDE3-2EF4-2F06-E95AF67D57E1
61.47236,-13.463546,2,46A9A47E-EDE3-2EF4-2F06-E95AF67D57E1
60.86578,-14.117157,2,46A9A47E-EDE3-2EF4-2F06-E95AF67D57E1
61.11637,-14.84558,2,46A9A47E-EDE3-2EF4-2F06-E95AF67D57E1
61.13953,-15.207549,2,46A9A47E-EDE3-2EF4-2F06-E95AF67D57E1
50.19795,-18.676281,0,46A9A47E-EDE3-2EF4-2F06-E95AF67D57E1
7.609599,-26.759106,1,47494449-E68E-E554-8BB1-ECEEE432E269
7.5728817,-26.75179,1,47494449-E68E-E554-8BB1-ECEEE432E269
-14.9374,18.615978,2,47494449-E68E-E554-8BB1-ECEEE432E269
-22.545868,-37.483795,2,47494449-E68E-E554-8BB1-ECEEE432E269
-22.641315,-37.61954,2,47494449-E68E-E554-8BB1-ECEEE432E269
-23.779724,-34.578793,2,47494449-E68E-E554-8BB1-ECEEE432E269
2.9287899,5.443993,2,47494449-E68E-E554-8BB1-ECEEE432E269
2.977898,5.587514,2,47494449-E68E-E554-8BB1-ECEEE432E269
3.251406,4.8990073,2,47494449-E68E-E554-8BB1-ECEEE432E269
25.704067,12.922794,2,47494449-E68E-E554-8BB1-ECEEE432E269
25.651852,13.046574,2,47494449-E68E-E554-8BB1-ECEEE432E269
25.610983,13.001655,2,47494449-E68E-E554-8BB1-ECEEE432E269
46.07066,-10.536659,2,47494449-E68E-E554-8BB1-ECEEE432E269
50.481194,22.719881,2,47494449-E68E-E554-8BB1-ECEEE432E269
50.70157,22.241335,2,47494449-E68E-E554-8BB1-ECEEE432E269
51.456093,21.55284,2,47494449-E68E-E554-8BB1-ECEEE432E269
51.252403,21.10005,2,47494449-E68E-E554-8BB1-ECEEE432E269
51.082664,20.914078,2,47494449-E68E-E554-8BB1-ECEEE432E269
85.74651,-8.934368,0,47494449-E68E-E554-8BB1-ECEEE432E269
86.20852,-8.809776,0,47494449-E68E-E554-8BB1-ECEEE432E269
86.55413,-8.72238,0,47494449-E68E-E554-8BB1-ECEEE432E269
87.48259,-8.409654,0,47494449-E68E-E554-8BB1-ECEEE432E269
93.449165,-5.3223114,0,47494449-E68E-E554-8BB1-ECEEE432E269
93.43611,-5.2422166,0,47494449-E68E-E554-8BB1-ECEEE432E269
-9.949247,-8.699265,0,48847236-6E23-6E61-57CD-780C68FAA2C2
-10.505362,-8.755589,0,48847236-6E23-6E61-57CD-780C68FAA2C2
-10.930626,-8.679072,0,48847236-6E23-6E61-57CD-780C68FAA2C2
-21.75277,-16.555483,0,48847236-6E23-6E61-57CD-780C68FAA2C2
-22.68068,-16.790602,1,48847236-6E23-6E61-57CD-780C68FAA2C2
-22.804653,-16.827745,1,48847236-6E23-6E61-57CD-780C68FAA2C2
39.17843,18.41819,2,48847236-6E23-6E61-57CD-780C68FAA2C2
38.550446,19.022747,2,48847236-6E23-6E61-57CD-780C68FAA2C2
38.262486,19.320683,0,48847236-6E23-6E61-57CD-780C68FAA2C2
98.76733,-10.041461,0,48847236-6E23-6E61-57CD-780C68FAA2C2
98.92515,-9.734178,0,48847236-6E23-6E61-57CD-780C68FAA2C2
99.05203,-9.448833,2,48847236-6E23-6E61-57CD-780C68FAA2C2
-2.081646,50.825546,1,48D32E40-ABB9-E3FB-185C-8A5AA0C44CBF
-2.3400595,50.566326,1,48D32E40-ABB9-E3FB-185C-8A5AA0C44CBF
-2.4619281,50.089478,2,48D32E40-ABB9-E3FB-185C-8A5AA0C44CBF
-2.6719954,49.318874,2,48D32E40-ABB9-E3FB-185C-8A5AA0C44CBF
0.8918661,47.34221,2,48D32E40-ABB9-E3FB-185C-8A5AA0C44CBF
0.86026627,47.44907,2,48D32E40-ABB9-E3FB-185C-8A5AA0C44CBF
-24.374372,-38.9075,1,48D32E40-ABB9-E3FB-185C-8A5AA0C44CBF
-24.683605,-38.938644,1,48D32E40-ABB9-E3FB-185C-8A5AA0C44CBF
-28.686346,-3.957683,2,48D32E40-ABB9-E3FB-185C-8A5AA0C44CBF
-28.276497,-3.5545785,2,48D32E40-ABB9-E3FB-185C-8A5AA0C44CBF
-28.074854,-3.280253,2,48D32E40-ABB9-E3FB-185C-8A5AA0C44CBF
-27.688496,-2.4920282,2,48D32E40-ABB9-E3FB-185C-8A5AA0C44CBF
12.25403,-2.037203,1,48D32E40-ABB9-E3FB-185C-8A5AA0C44CBF
12.858861,-1.8833156,1,48D32E40-ABB9-E3FB-185C-8A5AA0C44CBF
13.327593,-1.7702049,1,48D32E40-ABB9-E3FB-185C-8A5AA0C44CBF
14.392062,-1.4349066,1,48D32E40-ABB9-E3FB-185C-8A5AA0C44CBF
15.364955,-0.71879727,1,48D32E40-ABB9-E3FB-185C-8A5AA0C44CBF
15.897567,-0.33604902,1,48D32E40-ABB9-E3FB-185C-8A5AA0C44CBF
16.728289,-0.41536793,1,48D32E40-ABB9-E3FB-185C-8A5AA0C44CBF
17.415867,-0.56257826,1,48D32E40-ABB9-E3FB-185C-8A5AA0C44CBF
18.606441,-0.72054565,1,48D32E40-ABB9-E3FB-185C-8A5AA0C44CBF
19.654419,-0.9181176,1,48D32E40-ABB9-E3FB-185C-8A5AA0C44CBF
20.895208,-1.5333027,1,48D32E40-ABB9-E3FB-185C-8A5AA0C44CBF
21.143097,-1.590382,1,48D32E40-ABB9-E3FB-185C-8A5AA0C44CBF
39.384094,-49.062714,1,48D32E40-ABB9-E3FB-185C-8A5AA0C44CBF
38.61582,-49.35725,1,48D32E40-ABB9-E3FB-185C-8A5AA0C44CBF
38.379375,-49.452076,1,48D32E40-ABB9-E3FB-185C-8A5AA0C44CBF
37.73978,-49.67455,1,48D32E40-ABB9-E3FB-185C-8A5AA0C44CBF
36.628616,-49.967823,1,48D32E40-ABB9-E3FB-185C-8A5AA0C44CBF
36.177402,-50.077187,1,48D32E40-ABB9-E3FB-185C-8A5AA0C44CBF
-3.547955,3.295622,2,4B423110-8A54-A87F-39BB-D68BF033C7FC
-3.170683,3.138178,2,4B423110-8A54-A87F-39BB-D68BF033C7FC
-2.2666507,2.5026643,2,4B423110-8A54-A87F-39BB-D68BF033C7FC
-1.9533027,2.0162292,0,4B423110-8A54-A87F-39BB-D68BF033C7FC
-1.3052557,0.8727509,0,4B423110-8A54-A87F-39BB-D68BF033C7FC
-1.2016255,0.77767056,0,4B423110-8A54-A87F-39BB-D68BF033C7FC
16.931818,-23.1906,0,4B423110-8A54-A87F-39BB-D68BF033C7FC
17.64466,-22.483671,0,4B423110-8A54-A87F-39BB-D68BF033C7FC
17.877474,-22.31967,2,4B423110-8A54-A87F-39BB-D68BF033C7FC
18.7702,-21.729338,2,4B423110-8A54-A87F-39BB-D68BF033C7FC
19.441662,-21.341105,0,4B423110-8A54-A87F-39BB-D68BF033C7FC
19.708754,-21.24344,0,4B423110-8A54-A87F-39BB-D68BF033C7FC
10.741894,7.3369303,0,4B423110-8A54-A87F-39BB-D68BF033C7FC
10.227088,7.5965824,0,4B423110-8A54-A87F-39BB-D68BF033C7FC
9.789124,7.788118,0,4B423110-8A54-A87F-39BB-D68BF033C7FC
13.421068,-4.569875,0,4B423110-8A54-A87F-39BB-D68BF033C7FC
13.400051,-5.2699733,0,4B423110-8A54-A87F-39BB-D68BF033C7FC
13.361354,-5.5679336,0,4B423110-8A54-A87F-39BB-D68BF033C7FC
-76.01904,17.087143,0,4BD5749B-A1D2-E6C9-156F-DF107802D3BE
-69.58625,7.6812105,2,4BD5749B-A1D2-E6C9-156F-DF107802D3BE
-57.558144,-9.6257715,2,4BD5749B-A1D2-E6C9-156F-DF107802D3BE
-57.441864,-9.7766695,0,4BD5749B-A1D2-E6C9-156F-DF107802D3BE
-57.07812,-10.234168,0,4BD5749B-A1D2-E6C9-156F-DF107802D3BE
-56.53127,-10.852504,0,4BD5749B-A1D2-E6C9-156F-DF107802D3BE
15.40167,43.61775,2,4BD5749B-A1D2-E6C9-156F-DF107802D3BE
15.932002,47.668995,2,4BD5749B-A1D2-E6C9-156F-DF107802D3BE
16.0426,47.749035,2,4BD5749B-A1D2-E6C9-156F-DF107802D3BE
17.313646,48.072037,0,4BD5749B-A1D2-E6C9-156F-DF107802D3BE
17.493269,48.13927,0,4BD5749B-A1D2-E6C9-156F-DF107802D3BE
22.888077,24.937593,0,4BD5749B-A1D2-E6C9-156F-DF107802D3BE
53.984917,-14.090733,2,4BD5749B-A1D2-E6C9-156F-DF107802D3BE
74.3887,-11.095227,2,4BD5749B-A1D2-E6C9-156F-DF107802D3BE
75.33624,-10.938949,0,4BD5749B-A1D2-E6C9-156F-DF107802D3BE
75.402695,-10.542591,0,4BD5749B-A1D2-E6C9-156F-DF107802D3BE
75.67398,-10.022784,0,4BD5749B-A1D2-E6C9-156F-DF107802D3BE
76.09248,-8.987915,2,4BD5749B-A1D2-E6C9-156F-DF107802D3BE
-48.364983,11.860154,2,4BFAECAC-0CC2-F9AC-17BB-7343BE737D81
-47.43961,11.21403,2,4BFAECAC-0CC2-F9AC-17BB-7343BE737D81
-47.15085,11.025547,2,4BFAECAC-0CC2-F9AC-17BB-7343BE737D81
-46.883545,10.868079,2,4BFAECAC-0CC2-F9AC-17BB-7343BE737D81
-45.59334,10.44841,2,4BFAECAC-0CC2-F9AC-17BB-7343BE737D81
-26.826754,41.199146,2,4BFAECAC-0CC2-F9AC-17BB-7343BE737D81
-24.74867,-2.0378287,2,4BFAECAC-0CC2-F9AC-17BB-7343BE737D81
2.9448183,-24.761122,2,4BFAECAC-0CC2-F9AC-17BB-7343BE737D81
2.4542596,-24.192406,2,4BFAECAC-0CC2-F9AC-17BB-7343BE737D81
2.325055,-24.140362,2,4BFAECAC-0CC2-F9AC-17BB-7343BE737D81
-2.1201885,-28.32181,2,4BFAECAC-0CC2-F9AC-17BB-7343BE737D81
-2.2116714,-28.349726,2,4BFAECAC-0CC2-F9AC-17BB-7343BE737D81
-13.490201,-18.035742,2,4BFAECAC-0CC2-F9AC-17BB-7343BE737D81
-13.574834,-18.38779,2,4BFAECAC-0CC2-F9AC-17BB-7343BE737D81
-14.678348,-9.825667,2,4BFAECAC-0CC2-F9AC-17BB-7343BE737D81
-14.926793,-10.055059,2,4BFAECAC-0CC2-F9AC-17BB-7343BE737D81
-15.628581,-10.81999,1,4BFAECAC-0CC2-F9AC-17BB-7343BE737D81
-15.602892,-10.783998,1,4BFAECAC-0CC2-F9AC-17BB-7343BE737D81
30.418398,34.218685,2,4BFAECAC-0CC2-F9AC-17BB-7343BE737D81
31.033587,33.934753,2,4BFAECAC-0CC2-F9AC-17BB-7343BE737D81
31.491041,33.68138,2,4BFAECAC-0CC2-F9AC-17BB-7343BE737D81
32.776054,32.597214,2,4BFAECAC-0CC2-F9AC-17BB-7343BE737D81
33.3634,32.208088,2,4BFAECAC-0CC2-F9AC-17BB-7343BE737D81
34.31895,31.573887,2,4BFAECAC-0CC2-F9AC-17BB-7343BE737D81
34.7139,31.311226,2,4BFAECAC-0CC2-F9AC-17BB-7343BE737D81
47.286777,-14.5584955,2,4BFAECAC-0CC2-F9AC-17BB-7343BE737D81
47.717903,-14.676773,1,4BFAECAC-0CC2-F9AC-17BB-7343BE737D81
49.109238,-14.924566,1,4BFAECAC-0CC2-F9AC-17BB-7343BE737D81
49.480312,-14.906456,1,4BFAECAC-0CC2-F9AC-17BB-7343BE737D81
51.170452,-13.94143,2,4BFAECAC-0CC2-F9AC-17BB-7343BE737D81
-50.386086,-13.849962,2,4CAE9D77-C8A8-2EE8-53D0-7C3C6331B2C5
-50.23287,-14.044826,2,4CAE9D77-C8A8-2EE8-53D0-7C3C6331B2C5
-49.425896,-15.153349,1,4CAE9D77-C8A8-2EE8-53D0-7C3C6331B2C5
-49.178257,-15.388043,1,4CAE9D77-C8A8-2EE8-53D0-7C3C6331B2C5
4.513437,-26.929934,1,4CAE9D77-C8A8-2EE8-53D0-7C3C6331B2C5
4.5919657,-26.737976,1,4CAE9D77-C8A8-2EE8-53D0-7C3C6331B2C5
-10.403059,-40.42567,2,4CAE9D77-C8A8-2EE8-53D0-7C3C6331B2C5
-10.8268385,-40.604782,2,4CAE9D77-C8A8-2EE8-53D0-7C3C6331B2C5
-11.073712,-40.807487,2,4CAE9D77-C8A8-2EE8-53D0-7C3C6331B2C5
-15.362013,-41.769062,2,4CAE9D77-C8A8-2EE8-53D0-7C3C6331B2C5
-15.485211,-41.70214,2,4CAE9D77-C8A8-2EE8-53D0-7C3C6331B2C5
-12.758165,-42.742325,1,4CAE9D77-C8A8-2EE8-53D0-7C3C6331B2C5
6.0283327,36.341686,1,5690E95B-9747-B2B5-2EE1-16A72200D5CC
6.523209,36.120808,1,5690E95B-9747-B2B5-2EE1-16A72200D5CC
7.142615,35.516125,1,5690E95B-9747-B2B5-2EE1-16A72200D5CC
7.549156,35.072872,2,5690E95B-9747-B2B5-2EE1-16A72200D5CC
8.304255,33.78496,2,5690E95B-9747-B2B5-2EE1-16A72200D5CC
17.830439,-29.641865,2,5690E95B-9747-B2B5-2EE1-16A72200D5CC
17.455061,-29.33961,2,5690E95B-9747-B2B5-2EE1-16A72200D5CC
16.67636,-27.390627,2,5690E95B-9747-B2B5-2EE1-16A72200D5CC
16.413969,-27.846487,2,5690E95B-9747-B2B5-2EE1-16A72200D5CC
15.602953,-28.156107,2,5690E95B-9747-B2B5-2EE1-16A72200D5CC
15.324968,-28.090408,2,5690E95B-9747-B2B5-2EE1-16A72200D5CC
-25.479488,0.46091136,2,5690E95B-9747-B2B5-2EE1-16A72200D5CC
50.367493,27.833452,2,5690E95B-9747-B2B5-2EE1-16A72200D5CC
50.38011,27.771608,0,5690E95B-9747-B2B5-2EE1-16A72200D5CC
52.885376,-15.603738,0,5690E95B-9747-B2B5-2EE1-16A72200D5CC
53.324497,-16.272907,0,5690E95B-9747-B2B5-2EE1-16A72200D5CC
52.833717,-16.679493,2,5690E95B-9747-B2B5-2EE1-16A72200D5CC
52.642445,-16.694204,2,5690E95B-9747-B2B5-2EE1-16A72200D5CC
53.286255,-24.907091,1,5690E95B-9747-B2B5-2EE1-16A72200D5CC
53.201305,-25.328386,1,5690E95B-9747-B2B5-2EE1-16A72200D5CC
53.14688,-25.553255,1,5690E95B-9747-B2B5-2EE1-16A72200D5CC
58.733044,-24.056421,0,5690E95B-9747-B2B5-2EE1-16A72200D5CC
58.599674,-24.117056,0,5690E95B-9747-B2B5-2EE1-16A72200D5CC
58.134464,-24.407618,0,5690E95B-9747-B2B5-2EE1-16A72200D5CC
50.81152,25.68049,2,5690E95B-9747-B2B5-2EE1-16A72200D5CC
66.93958,-13.764353,0,5690E95B-9747-B2B5-2EE1-16A72200D5CC
66.93746,-13.809162,0,5690E95B-9747-B2B5-2EE1-16A72200D5CC
-10.294301,-28.47286,1,58CB3C5E-2F5C-31FE-83E8-C6772D99B8D5
-11.805508,-29.060543,1,58CB3C5E-2F5C-31FE-83E8-C6772D99B8D5
-11.739236,-28.902353,1,58CB3C5E-2F5C-31FE-83E8-C6772D99B8D5
-0.8890714,-24.390228,1,58CB3C5E-2F5C-31FE-83E8-C6772D99B8D5
-0.9047836,-24.377325,0,58CB3C5E-2F5C-31FE-83E8-C6772D99B8D5
-0.98490715,-23.712523,0,58CB3C5E-2F5C-31FE-83E8-C6772D99B8D5
-16.308956,-13.340481,0,58CB3C5E-2F5C-31FE-83E8-C6772D99B8D5
-16.267988,-13.331542,0,58CB3C5E-2F5C-31FE-83E8-C6772D99B8D5
-9.29472,-4.3100295,0,58CB3C5E-2F5C-31FE-83E8-C6772D99B8D5
-9.332492,-4.408158,0,58CB3C5E-2F5C-31FE-83E8-C6772D99B8D5
-9.62604,-5.178335,0,58CB3C5E-2F5C-31FE-83E8-C6772D99B8D5
-9.892111,-5.721968,0,58CB3C5E-2F5C-31FE-83E8-C6772D99B8D5
48.18759,-34.7375,2,58CB3C5E-2F5C-31FE-83E8-C6772D99B8D5
48.33282,-34.920513,2,58CB3C5E-2F5C-31FE-83E8-C6772D99B8D5
48.554417,-35.183628,2,58CB3C5E-2F5C-31FE-83E8-C6772D99B8D5
49.81331,-36.90073,2,58CB3C5E-2F5C-31FE-83E8-C6772D99B8D5
49.870277,-36.95978,2,58CB3C5E-2F5C-31FE-83E8-C6772D99B8D5
63.835064,12.070047,2,58CB3C5E-2F5C-31FE-83E8-C6772D99B8D5
-7.0775084,51.293873,2,5CD23052-9069-615B-22B2-CB8E9A2413C9
-7.4305115,50.778267,2,5CD23052-9069-615B-22B2-CB8E9A2413C9
-8.061522,50.414547,2,5CD23052-9069-615B-22B2-CB8E9A2413C9
-9.391726,49.60723,2,5CD23052-9069-615B-22B2-CB8E9A2413C9
-9.762933,49.328335,1,5CD23052-9069-615B-22B2-CB8E9A2413C9
-19.022587,30.561567,1,5CD23052-9069-615B-22B2-CB8E9A2413C9
67.41817,-6.3365045,0,5CD23052-9069-615B-22B2-CB8E9A2413C9
66.993645,-7.0818515,0,5CD23052-9069-615B-22B2-CB8E9A2413C9
66.58967,-7.3380613,0,5CD23052-9069-615B-22B2-CB8E9A2413C9
65.79748,-7.5801215,0,5CD23052-9069-615B-22B2-CB8E9A2413C9
65.58659,-7.83198,2,5CD23052-9069-615B-22B2-CB8E9A2413C9
64.65523,-7.5584846,2,5CD23052-9069-615B-22B2-CB8E9A2413C9
51.470825,8.272353,2,5CD23052-9069-615B-22B2-CB8E9A2413C9
51.269745,7.9683366,2,5CD23052-9069-615B-22B2-CB8E9A2413C9
51.126118,7.7809634,2,5CD23052-9069-615B-22B2-CB8E9A2413C9
50.50079,6.9665055,1,5CD23052-9069-615B-22B2-CB8E9A2413C9
80.345955,-3.022983,1,5CD23052-9069-615B-22B2-CB8E9A2413C9
80.376366,-3.0191967,1,5CD23052-9069-615B-22B2-CB8E9A2413C9
-16.73182,51.996376,2,5E491E0A-C580-29BE-4329-ED7BFF843D0D
-16.810617,52.591602,2,5E491E0A-C580-29BE-4329-ED7BFF843D0D
-16.9555,53.065884,0,5E491E0A-C580-29BE-4329-ED7BFF843D0D
-17.309893,53.934418,0,5E491E0A-C580-29BE-4329-ED7BFF843D0D
-17.863571,54.643764,2,5E491E0A-C580-29BE-4329-ED7BFF843D0D
-31.64759,21.190496,2,5E491E0A-C580-29BE-4329-ED7BFF843D0D
-1.0973282,-40.50586,2,5E491E0A-C580-29BE-4329-ED7BFF843D0D
-1.2007979,-40.44719,0,5E491E0A-C580-29BE-4329-ED7BFF843D0D
-2.2412643,-40.98708,0,5E491E0A-C580-29BE-4329-ED7BFF843D0D
-5.4536133,12.806868,0,5E491E0A-C580-29BE-4329-ED7BFF843D0D
-5.5799356,12.830689,0,5E491E0A-C580-29BE-4329-ED7BFF843D0D
-6.1959777,12.838375,2,5E491E0A-C580-29BE-4329-ED7BFF843D0D
14.051847,15.666395,0,5E491E0A-C580-29BE-4329-ED7BFF843D0D
14.904344,15.512481,2,5E491E0A-C580-29BE-4329-ED7BFF843D0D
16.493677,15.130201,2,5E491E0A-C580-29BE-4329-ED7BFF843D0D
16.9965,14.943661,2,5E491E0A-C580-29BE-4329-ED7BFF843D0D
17.480404,14.411445,2,5E491E0A-C580-29BE-4329-ED7BFF843D0D
17.851187,14.069459,0,5E491E0A-C580-29BE-4329-ED7BFF843D0D
68.84078,-15.378305,2,5E491E0A-C580-29BE-4329-ED7BFF843D0D
68.597374,-15.660658,0,5E491E0A-C580-29BE-4329-ED7BFF843D0D
68.20067,-15.948252,0,5E491E0A-C580-29BE-4329-ED7BFF843D0D
44.3331,27.775002,0,5E491E0A-C580-29BE-4329-ED7BFF843D0D
44.372906,27.720676,0,5E491E0A-C580-29BE-4329-ED7BFF843D0D
44.168877,28.112867,2,5E491E0A-C580-29BE-4329-ED7BFF843D0D
69.93654,-12.102676,2,5E491E0A-C580-29BE-4329-ED7BFF843D0D
70.59526,-11.523006,2,5E491E0A-C580-29BE-4329-ED7BFF843D0D
70.72458,-11.394776,2,5E491E0A-C580-29BE-4329-ED7BFF843D0D
-73.205124,2.4007297,2,5F222604-CB86-1ABA-EB7B-31FF78B7BE93
-72.951225,2.1982443,2,5F222604-CB86-1ABA-EB7B-31FF78B7BE93
-72.90897,2.0390668,2,5F222604-CB86-1ABA-EB7B-31FF78B7BE93
-54.539288,7.4402447,2,5F222604-CB86-1ABA-EB7B-31FF78B7BE93
-29.742796,44.549107,2,5F222604-CB86-1ABA-EB7B-31FF78B7BE93
-29.704597,44.614445,2,5F222604-CB86-1ABA-EB7B-31FF78B7BE93
-13.839803,41.231342,2,5F222604-CB86-1ABA-EB7B-31FF78B7BE93
-0.9600615,38.534325,2,5F222604-CB86-1ABA-EB7B-31FF78B7BE93
-0.8306548,38.16305,2,5F222604-CB86-1ABA-EB7B-31FF78B7BE93
-0.30960986,37.63625,1,5F222604-CB86-1ABA-EB7B-31FF78B7BE93
0.18249476,41.290867,2,5F222604-CB86-1ABA-EB7B-31FF78B7BE93
0.19431804,41.308365,2,5F222604-CB86-1ABA-EB7B-31FF78B7BE93
-32.34106,-30.264736,2,5F222604-CB86-1ABA-EB7B-31FF78B7BE93
-32.269157,-30.407637,2,5F222604-CB86-1ABA-EB7B-31FF78B7BE93
-31.988533,-31.70704,2,5F222604-CB86-1ABA-EB7B-31FF78B7BE93
-31.76881,-32.010284,2,5F222604-CB86-1ABA-EB7B-31FF78B7BE93
-30.105997,-32.755825,2,5F222604-CB86-1ABA-EB7B-31FF78B7BE93
-30.074438,-32.747997,1,5F222604-CB86-1ABA-EB7B-31FF78B7BE93
68.271706,-21.462547,2,5F222604-CB86-1ABA-EB7B-31FF78B7BE93
68.20345,-21.341063,2,5F222604-CB86-1ABA-EB7B-31FF78B7BE93
67.84573,-20.588634,2,5F222604-CB86-1ABA-EB7B-31FF78B7BE93
58.43735,-10.803871,2,5F222604-CB86-1ABA-EB7B-31FF78B7BE93
58.300694,-10.846754,2,5F222604-CB86-1ABA-EB7B-31FF78B7BE93
57.446384,-11.214802,2,5F222604-CB86-1ABA-EB7B-31FF78B7BE93
71.79119,-22.726032,2,5F222604-CB86-1ABA-EB7B-31FF78B7BE93
72.2456,-22.899405,2,5F222604-CB86-1ABA-EB7B-31FF78B7BE93
72.22117,-22.875336,2,5F222604-CB86-1ABA-EB7B-31FF78B7BE93
-11.680849,47.031467,2,62A1F053-1EA8-7433-090E-89D450314F41
-11.549799,46.95402,2,62A1F053-1EA8-7433-090E-89D450314F41
-12.5411005,47.01406,2,62A1F053-1EA8-7433-090E-89D450314F41
-11.319812,30.119377,2,62A1F053-1EA8-7433-090E-89D450314F41
-11.307818,30.083202,2,62A1F053-1EA8-7433-090E-89D450314F41
-11.743401,29.440256,2,62A1F053-1EA8-7433-090E-89D450314F41
11.900292,1.8902328,2,62A1F053-1EA8-7433-090E-89D450314F41
12.475039,2.4489202,2,62A1F053-1EA8-7433-090E-89D450314F41
12.959076,3.10919,2,62A1F053-1EA8-7433-090E-89D450314F41
13.149611,3.5284207,2,62A1F053-1EA8-7433-090E-89D450314F41
13.423988,3.6279671,2,62A1F053-1EA8-7433-090E-89D450314F41
-12.93428,9.922142,2,62A1F053-1EA8-7433-090E-89D450314F41
66.79544,16.054083,0,62A1F053-1EA8-7433-090E-89D450314F41
66.51024,16.118183,0,62A1F053-1EA8-7433-090E-89D450314F41
65.656006,16.246414,0,62A1F053-1EA8-7433-090E-89D450314F41
65.05918,16.472416,2,62A1F053-1EA8-7433-090E-89D450314F41
64.73855,16.62421,2,62A1F053-1EA8-7433-090E-89D450314F41
63.846252,17.395836,2,62A1F053-1EA8-7433-090E-89D450314F41
89.10418,-3.998531,2,62A1F053-1EA8-7433-090E-89D450314F41
89.333275,-4.3981247,2,62A1F053-1EA8-7433-090E-89D450314F41
89.76321,-5.1039443,2,62A1F053-1EA8-7433-090E-89D450314F41
90.79017,-6.182193,2,62A1F053-1EA8-7433-090E-89D450314F41
91.75973,-7.053087,2,62A1F053-1EA8-7433-090E-89D450314F41
92.02734,-7.1368017,2,62A1F053-1EA8-7433-090E-89D450314F41
-81.71462,-2.908282,1,647C581E-E72F-0765-F94A-065909B99374
-81.427536,-3.7296562,1,647C581E-E72F-0765-F94A-065909B99374
-81.09929,-4.349251,1,647C581E-E72F-0765-F94A-065909B99374
-80.67876,-4.969731,1,647C581E-E72F-0765-F94A-065909B99374
-79.30261,-6.148936,1,647C581E-E72F-0765-F94A-065909B99374
-79.20877,-6.231854,1,647C581E-E72F-0765-F94A-065909B99374
-5.2010446,-34.328613,1,647C581E-E72F-0765-F94A-065909B99374
-4.9341855,-33.365513,1,647C581E-E72F-0765-F94A-065909B99374
-5.4031277,-33.606705,1,647C581E-E72F-0765-F94A-065909B99374
-6.6843185,-33.590492,1,647C581E-E72F-0765-F94A-065909B99374
-6.8138876,-33.562607,1,647C581E-E72F-0765-F94A-065909B99374
-6.6890492,-32.428276,1,647C581E-E72F-0765-F94A-065909B99374
-66.24569,10.053103,2,66E9719B-D383-AA87-7FAB-D9B4ABE7011C
-61.00413,-8.563409,2,66E9719B-D383-AA87-7FAB-D9B4ABE7011C
-60.86734,-8.9073305,2,66E9719B-D383-AA87-7FAB-D9B4ABE7011C
-60.668545,-9.430956,2,66E9719B-D383-AA87-7FAB-D9B4ABE7011C
-60.40396,-10.720023,2,66E9719B-D383-AA87-7FAB-D9B4ABE7011C
-60.375996,-10.956032,2,66E9719B-D383-AA87-7FAB-D9B4ABE7011C
13.308941,47.972034,2,66E9719B-D383-AA87-7FAB-D9B4ABE7011C
12.948861,47.706585,2,66E9719B-D383-AA87-7FAB-D9B4ABE7011C
12.390256,47.579506,2,66E9719B-D383-AA87-7FAB-D9B4ABE7011C
21.978577,48.42316,0,66E9719B-D383-AA87-7FAB-D9B4ABE7011C
22.017334,48.44795,0,66E9719B-D383-AA87-7FAB-D9B4ABE7011C
47.54032,-24.417519,0,66E9719B-D383-AA87-7FAB-D9B4ABE7011C
47.835846,-24.65879,0,66E9719B-D383-AA87-7FAB-D9B4ABE7011C
48.762074,-25.46353,0,66E9719B-D383-AA87-7FAB-D9B4ABE7011C
49.588577,-26.491577,0,66E9719B-D383-AA87-7FAB-D9B4ABE7011C
49.77652,-27.26461,2,66E9719B-D383-AA87-7FAB-D9B4ABE7011C
49.781857,-28.124483,2,66E9719B-D383-AA87-7FAB-D9B4ABE7011C
49.652573,-29.212189,2,66E9719B-D383-AA87-7FAB-D9B4ABE7011C
49.48743,-30.114584,2,66E9719B-D383-AA87-7FAB-D9B4ABE7011C
49.409634,-30.50505,2,66E9719B-D383-AA87-7FAB-D9B4ABE7011C
65.859924,19.438393,2,66E9719B-D383-AA87-7FAB-D9B4ABE7011C
65.96242,19.83599,2,66E9719B-D383-AA87-7FAB-D9B4ABE7011C
66.16348,20.818533,2,66E9719B-D383-AA87-7FAB-D9B4ABE7011C
66.16258,20.82256,0,66E9719B-D383-AA87-7FAB-D9B4ABE7011C
-71.84817,15.301261,2,68339CF4-6AFB-7EFB-40EA-238612F8E5A4
-71.50974,14.707419,2,68339CF4-6AFB-7EFB-40EA-238612F8E5A4
-68.967575,7.4808517,2,68339CF4-6AFB-7EFB-40EA-238612F8E5A4
-60.649456,7.942161,2,68339CF4-6AFB-7EFB-40EA-238612F8E5A4
-60.314823,7.9370184,2,68339CF4-6AFB-7EFB-40EA-238612F8E5A4
-59.669548,7.820579,2,68339CF4-6AFB-7EFB-40EA-238612F8E5A4
-73.164505,19.88189,0,68339CF4-6AFB-7EFB-40EA-238612F8E5A4
-73.240486,19.435297,0,68339CF4-6AFB-7EFB-40EA-238612F8E5A4
-72.92925,19.102474,0,68339CF4-6AFB-7EFB-40EA-238612F8E5A4
-31.07302,37.914173,2,68339CF4-6AFB-7EFB-40EA-238612F8E5A4
-30.697731,38.1387,2,68339CF4-6AFB-7EFB-40EA-238612F8E5A4
-30.192446,38.496307,2,68339CF4-6AFB-7EFB-40EA-238612F8E5A4
-13.447465,7.5773063,2,68339CF4-6AFB-7EFB-40EA-238612F8E5A4
-13.136869,7.557754,0,68339CF4-6AFB-7EFB-40EA-238612F8E5A4
-12.863433,7.9849806,0,68339CF4-6AFB-7EFB-40EA-238612F8E5A4
-1.0904125,20.374916,0,68339CF4-6AFB-7EFB-40EA-238612F8E5A4
0.23012064,20.606503,0,68339CF4-6AFB-7EFB-40EA-238612F8E5A4
0.53275365,20.514719,0,68339CF4-6AFB-7EFB-40EA-238612F8E5A4
1.8680024,19.604708,0,68339CF4-6AFB-7EFB-40EA-238612F8E5A4
2.1573887,19.498354,0,68339CF4-6AFB-7EFB-40EA-238612F8E5A4
3.3631966,19.187021,1,68339CF4-6AFB-7EFB-40EA-238612F8E5A4
5.781563,17.820547,1,68339CF4-6AFB-7EFB-40EA-238612F8E5A4
5.740916,18.249725,1,68339CF4-6AFB-7EFB-40EA-238612F8E5A4
5.7201715,18.598536,1,68339CF4-6AFB-7EFB-40EA-238612F8E5A4
74.95691,-15.13688,2,68339CF4-6AFB-7EFB-40EA-238612F8E5A4
74.61129,-15.24937,2,68339CF4-6AFB-7EFB-40EA-238612F8E5A4
74.063324,-15.345894,2,68339CF4-6AFB-7EFB-40EA-238612F8E5A4
-73.29556,16.668516,2,6B1E25A6-882B-DDD7-CE4F-4EC17A0906CF
-73.31222,16.70396,2,6B1E25A6-882B-DDD7-CE4F-4EC17A0906CF
-61.804512,-5.3454914,0,6B1E25A6-882B-DDD7-CE4F-4EC17A0906CF
-61.918865,-5.0672407,2,6B1E25A6-882B-DDD7-CE4F-4EC17A0906CF
-62.241943,-4.176756,2,6B1E25A6-882B-DDD7-CE4F-4EC17A0906CF
-62.221004,-4.080922,2,6B1E25A6-882B-DDD7-CE4F-4EC17A0906CF
22.724524,-12.560461,0,6B1E25A6-882B-DDD7-CE4F-4EC17A0906CF
22.55152,-12.355162,0,6B1E25A6-882B-DDD7-CE4F-4EC17A0906CF
18.904686,43.59554,0,6B1E25A6-882B-DDD7-CE4F-4EC17A0906CF
20.09332,44.401173,0,6B1E25A6-882B-DDD7-CE4F-4EC17A0906CF
20.81278,44.555748,1,6B1E25A6-882B-DDD7-CE4F-4EC17A0906CF
20.920492,44.57286,1,6B1E25A6-882B-DDD7-CE4F-4EC17A0906CF
92.52916,-13.4243145,2,6B1E25A6-882B-DDD7-CE4F-4EC17A0906CF
92.4832,-14.083848,2,6B1E25A6-882B-DDD7-CE4F-4EC17A0906CF
92.577965,-14.192527,2,6B1E25A6-882B-DDD7-CE4F-4EC17A0906CF
95.04982,-19.12221,0,6B1E25A6-882B-DDD7-CE4F-4EC17A0906CF
95.10707,-19.192005,0,6B1E25A6-882B-DDD7-CE4F-4EC17A0906CF
-42.58831,-21.23581,1,6B690AF9-8440-1C43-B353-FA85266AA12C
-42.591343,-21.226418,1,6B690AF9-8440-1C43-B353-FA85266AA12C
-39.940506,12.330001,1,6B690AF9-8440-1C43-B353-FA85266AA12C
-39.733578,12.417075,1,6B690AF9-8440-1C43-B353-FA85266AA12C
-3.7945383,37.96231,1,6B690AF9-8440-1C43-B353-FA85266AA12C
-3.751787,37.98624,1,6B690AF9-8440-1C43-B353-FA85266AA12C
47.277702,-27.86912,1,6B690AF9-8440-1C43-B353-FA85266AA12C
47.36981,-27.947536,1,6B690AF9-8440-1C43-B353-FA85266AA12C
51.158264,-11.627425,2,6B690AF9-8440-1C43-B353-FA85266AA12C
65.29502,12.009576,2,6B690AF9-8440-1C43-B353-FA85266AA12C
65.39663,12.293913,2,6B690AF9-8440-1C43-B353-FA85266AA12C
65.37601,12.399452,2,6B690AF9-8440-1C43-B353-FA85266AA12C
-6.0281415,26.727713,0,6C9454F6-2AA4-4C25-0387-C6CA7AFC4C13
-5.4596887,26.407389,0,6C9454F6-2AA4-4C25-0387-C6CA7AFC4C13
-5.1207237,26.177668,2,6C9454F6-2AA4-4C25-0387-C6CA7AFC4C13
-28.176832,0.82699895,0,6C9454F6-2AA4-4C25-0387-C6CA7AFC4C13
-28.210192,0.77125984,0,6C9454F6-2AA4-4C25-0387-C6CA7AFC4C13
11.327915,-39.694595,0,6C9454F6-2AA4-4C25-0387-C6CA7AFC4C13
-20.763197,4.993649,2,6C9454F6-2AA4-4C25-0387-C6CA7AFC4C13
-16.796602,-17.717155,0,6C9454F6-2AA4-4C25-0387-C6CA7AFC4C13
-16.790096,-17.945087,0,6C9454F6-2AA4-4C25-0387-C6CA7AFC4C13
-17.418873,-19.202524,0,6C9454F6-2AA4-4C25-0387-C6CA7AFC4C13
-18.808273,-20.276308,0,6C9454F6-2AA4-4C25-0387-C6CA7AFC4C13
-18.928917,-20.35943,0,6C9454F6-2AA4-4C25-0387-C6CA7AFC4C13
16.748684,1.8833139,0,6C9454F6-2AA4-4C25-0387-C6CA7AFC4C13
16.754995,1.8904784,0,6C9454F6-2AA4-4C25-0387-C6CA7AFC4C13
22.21283,4.5898023,0,6C9454F6-2AA4-4C25-0387-C6CA7AFC4C13
22.523363,4.6658177,0,6C9454F6-2AA4-4C25-0387-C6CA7AFC4C13
23.342237,4.4249067,2,6C9454F6-2AA4-4C25-0387-C6CA7AFC4C13
23.732035,4.2529716,2,6C9454F6-2AA4-4C25-0387-C6CA7AFC4C13
28.59349,20.625519,2,6C9454F6-2AA4-4C25-0387-C6CA7AFC4C13
28.8824,21.077833,2,6C9454F6-2AA4-4C25-0387-C6CA7AFC4C13
29.08255,21.557112,2,6C9454F6-2AA4-4C25-0387-C6CA7AFC4C13
14.030482,44.835148,2,6C9454F6-2AA4-4C25-0387-C6CA7AFC4C13
13.458409,45.45106,2,6C9454F6-2AA4-4C25-0387-C6CA7AFC4C13
13.188766,45.77884,2,6C9454F6-2AA4-4C25-0387-C6CA7AFC4C13
57.402122,-17.340757,0,6C9454F6-2AA4-4C25-0387-C6CA7AFC4C13
57.52335,-16.66935,2,6C9454F6-2AA4-4C25-0387-C6CA7AFC4C13
57.84003,-16.195322,2,6C9454F6-2AA4-4C25-0387-C6CA7AFC4C13
58.249046,-15.518882,2,6C9454F6-2AA4-4C25-0387-C6CA7AFC4C13
52.339935,-19.703163,2,6C9454F6-2AA4-4C25-0387-C6CA7AFC4C13
52.49168,-19.734343,2,6C9454F6-2AA4-4C25-0387-C6CA7AFC4C13
90.74945,0.48609948,2,6C9454F6-2AA4-4C25-0387-C6CA7AFC4C13
90.53942,0.51794827,2,6C9454F6-2AA4-4C25-0387-C6CA7AFC4C13
88.88636,-1.5225208,2,6C9454F6-2AA4-4C25-0387-C6CA7AFC4C13
-71.16879,16.73602,0,6E42D32E-048C-D829-197E-7950E78F58CB
-74.82631,7.28598,0,6E42D32E-048C-D829-197E-7950E78F58CB
-74.69905,6.594014,0,6E42D32E-048C-D829-197E-7950E78F58CB
-74.10211,5.7669363,0,6E42D32E-048C-D829-197E-7950E78F58CB
-73.54799,5.39609,2,6E42D32E-048C-D829-197E-7950E78F58CB
-71.971565,5.249284,2,6E42D32E-048C-D829-197E-7950E78F58CB
24.423971,-39.53575,1,6E42D32E-048C-D829-197E-7950E78F58CB
24.401825,-39.572887,1,6E42D32E-048C-D829-197E-7950E78F58CB
-17.856535,-38.845272,0,6E42D32E-048C-D829-197E-7950E78F58CB
-17.984163,-38.47218,0,6E42D32E-048C-D829-197E-7950E78F58CB
-18.278683,-37.90991,0,6E42D32E-048C-D829-197E-7950E78F58CB
-20.261406,-37.756176,2,6E42D32E-048C-D829-197E-7950E78F58CB
8.756717,22.82692,2,6E42D32E-048C-D829-197E-7950E78F58CB
8.737045,22.585619,2,6E42D32E-048C-D829-197E-7950E78F58CB
8.723115,22.38548,2,6E42D32E-048C-D829-197E-7950E78F58CB
10.7935505,-15.111249,2,6E42D32E-048C-D829-197E-7950E78F58CB
9.2667885,-58.8046,2,6E42D32E-048C-D829-197E-7950E78F58CB
9.266571,-58.80576,1,6E42D32E-048C-D829-197E-7950E78F58CB
-1.4423436,8.036768,0,6E42D32E-048C-D829-197E-7950E78F58CB
-1.2505699,7.1672077,0,6E42D32E-048C-D829-197E-7950E78F58CB
-1.0562994,6.287773,0,6E42D32E-048C-D829-197E-7950E78F58CB
-0.9631306,5.974259,0,6E42D32E-048C-D829-197E-7950E78F58CB
-0.75945884,5.4974093,1,6E42D32E-048C-D829-197E-7950E78F58CB
4.4845185,11.497189,1,6E42D32E-048C-D829-197E-7950E78F58CB
-3.8816435,-26.440805,2,70432028-81AF-D67A-251E-D2F807AB93CF
-4.100162,-25.79615,2,70432028-81AF-D67A-251E-D2F807AB93CF
-4.634058,-24.646511,2,70432028-81AF-D67A-251E-D2F807AB93CF
-4.65803,-24.667948,2,70432028-81AF-D67A-251E-D2F807AB93CF
-5.061911,-24.274525,2,70432028-81AF-D67A-251E-D2F807AB93CF
-3.3813095,15.024609,2,70432028-81AF-D67A-251E-D2F807AB93CF
22.36405,12.014397,2,70432028-81AF-D67A-251E-D2F807AB93CF
21.763556,11.715457,2,70432028-81AF-D67A-251E-D2F807AB93CF
21.510136,11.615907,0,70432028-81AF-D67A-251E-D2F807AB93CF
20.030382,11.126455,0,70432028-81AF-D67A-251E-D2F807AB93CF
19.812094,10.493532,0,70432028-81AF-D67A-251E-D2F807AB93CF
19.707964,9.708713,0,70432028-81AF-D67A-251E-D2F807AB93CF
63.246338,-5.045063,0,70432028-81AF-D67A-251E-D2F807AB93CF
63.56123,-5.0627666,0,70432028-81AF-D67A-251E-D2F807AB93CF
64.488205,-5.351351,0,70432028-81AF-D67A-251E-D2F807AB93CF
64.916374,-5.5085716,0,70432028-81AF-D67A-251E-D2F807AB93CF
68.66284,-12.991297,0,70432028-81AF-D67A-251E-D2F807AB93CF
68.814186,-12.629789,0,70432028-81AF-D67A-251E-D2F807AB93CF
59.859856,-6.4850063,2,70432028-81AF-D67A-251E-D2F807AB93CF
59.654057,-6.2489944,2,70432028-81AF-D67A-251E-D2F807AB93CF
58.784554,-5.673494,2,70432028-81AF-D67A-251E-D2F807AB93CF
57.66899,-4.591816,2,70432028-81AF-D67A-251E-D2F807AB93CF
57.535862,-4.478945,2,70432028-81AF-D67A-251E-D2F807AB93CF
58.45299,-3.3815358,2,70432028-81AF-D67A-251E-D2F807AB93CF
-36.312786,-31.213764,0,718078D1-70DB-2916-366D-1119A22DCD7F
-36.313503,-31.129297,0,718078D1-70DB-2916-366D-1119A22DCD7F
-36.413963,-29.619535,0,718078D1-70DB-2916-366D-1119A22DCD7F
-36.69925,-29.241768,1,718078D1-70DB-2916-366D-1119A22DCD7F
-37.380856,-28.643902,0,718078D1-70DB-2916-366D-1119A22DCD7F
-37.944794,-28.558393,0,718078D1-70DB-2916-366D-1119A22DCD7F
-38.84396,-28.830526,0,718078D1-70DB-2916-366D-1119A22DCD7F
-35.032784,-33.982136,0,718078D1-70DB-2916-366D-1119A22DCD7F
-34.795567,-34.619415,0,718078D1-70DB-2916-366D-1119A22DCD7F
-34.823605,-34.320763,1,718078D1-70DB-2916-366D-1119A22DCD7F
-8.6641245,-42.809128,1,718078D1-70DB-2916-366D-1119A22DCD7F
-8.671527,-43.05303,1,718078D1-70DB-2916-366D-1119A22DCD7F
-26.09724,-7.0164633,2,718078D1-70DB-2916-366D-1119A22DCD7F
-26.05587,-7.267367,2,718078D1-70DB-2916-366D-1119A22DCD7F
-25.80987,-7.944296,0,718078D1-70DB-2916-366D-1119A22DCD7F
-25.657475,-8.306774,0,718078D1-70DB-2916-366D-1119A22DCD7F
-18.584118,-27.22872,2,718078D1-70DB-2916-366D-1119A22DCD7F
-18.548355,-27.152126,2,718078D1-70DB-2916-366D-1119A22DCD7F
7.481308,-5.722761,2,718078D1-70DB-2916-366D-1119A22DCD7F
8.352356,-5.3859115,2,718078D1-70DB-2916-366D-1119A22DCD7F
8.97707,-5.090373,2,718078D1-70DB-2916-366D-1119A22DCD7F
9.253877,-4.9446054,0,718078D1-70DB-2916-366D-1119A22DCD7F
22.87067,6.835101,0,718078D1-70DB-2916-366D-1119A22DCD7F
22.994267,6.8523483,0,718078D1-70DB-2916-366D-1119A22DCD7F
24.31469,6.373017,0,718078D1-70DB-2916-366D-1119A22DCD7F
25.975403,5.742364,0,718078D1-70DB-2916-366D-1119A22DCD7F
26.527187,5.6742516,0,718078D1-70DB-2916-366D-1119A22DCD7F
27.614569,5.6845703,0,718078D1-70DB-2916-366D-1119A22DCD7F
28.208511,5.6701827,1,718078D1-70DB-2916-366D-1119A22DCD7F
28.986282,5.939853,0,718078D1-70DB-2916-366D-1119A22DCD7F
-48.430862,27.95935,2,72B642AD-2D4A-574F-05EC-EC93C0C52335
-48.697426,27.54987,2,72B642AD-2D4A-574F-05EC-EC93C0C52335
-49.23287,26.526054,2,72B642AD-2D4A-574F-05EC-EC93C0C52335
-49.488518,26.060919,2,72B642AD-2D4A-574F-05EC-EC93C0C52335
-5.9288826,48.858345,2,72B642AD-2D4A-574F-05EC-EC93C0C52335
-5.954634,48.984257,2,72B642AD-2D4A-574F-05EC-EC93C0C52335
-59.311424,28.76216,2,72B642AD-2D4A-574F-05EC-EC93C0C52335
-58.5716,27.531677,2,72B642AD-2D4A-574F-05EC-EC93C0C52335
-58.440006,27.032759,1,72B642AD-2D4A-574F-05EC-EC93C0C52335
-58.220764,25.121674,2,72B642AD-2D4A-574F-05EC-EC93C0C52335
-58.060646,24.767776,2,72B642AD-2D4A-574F-05EC-EC93C0C52335
-57.749237,24.263279,2,72B642AD-2D4A-574F-05EC-EC93C0C52335
-41.680653,17.774183,2,72B642AD-2D4A-574F-05EC-EC93C0C52335
-42.160812,17.538519,2,72B642AD-2D4A-574F-05EC-EC93C0C52335
-42.218822,17.500988,2,72B642AD-2D4A-574F-05EC-EC93C0C52335
-43.00636,14.81977,2,72B642AD-2D4A-574F-05EC-EC93C0C52335
-42.888855,14.449583,2,72B642AD-2D4A-574F-05EC-EC93C0C52335
-42.72112,14.103554,2,72B642AD-2D4A-574F-05EC-EC93C0C52335
-28.648375,-29.273056,2,72B642AD-2D4A-574F-05EC-EC93C0C52335
-28.008987,-29.797255,2,72B642AD-2D4A-574F-05EC-EC93C0C52335
-27.797234,-29.921158,2,72B642AD-2D4A-574F-05EC-EC93C0C52335
-27.513517,-30.213078,0,72B642AD-2D4A-574F-05EC-EC93C0C52335
-26.182732,-31.980484,0,72B642AD-2D4A-574F-05EC-EC93C0C52335
-25.98761,-32.181534,0,72B642AD-2D4A-574F-05EC-EC93C0C52335
-16.556583,16.943895,0,72B642AD-2D4A-574F-05EC-EC93C0C52335
-26.986261,-35.22683,0,72B642AD-2D4A-574F-05EC-EC93C0C52335
-15.510978,-44.462784,2,72B642AD-2D4A-574F-05EC-EC93C0C52335
-15.099448,-44.985073,2,72B642AD-2D4A-574F-05EC-EC93C0C52335
-14.764574,-45.700253,2,72B642AD-2D4A-574F-05EC-EC93C0C52335
-14.615405,-46.156437,2,72B642AD-2D4A-574F-05EC-EC93C0C52335
10.257423,-30.740154,2,7417E7AB-C723-0958-F8EE-DDA4DED65165
10.737899,-31.14383,2,7417E7AB-C723-0958-F8EE-DDA4DED65165
11.3925295,-31.719217,2,7417E7AB-C723-0958-F8EE-DDA4DED65165
11.982027,-31.814293,2,7417E7AB-C723-0958-F8EE-DDA4DED65165
12.551658,-32.50006,1,7417E7AB-C723-0958-F8EE-DDA4DED65165
12.558144,-32.452774,1,7417E7AB-C723-0958-F8EE-DDA4DED65165
30.329128,14.298227,2,7417E7AB-C723-0958-F8EE-DDA4DED65165
24.04667,-19.66829,2,7417E7AB-C723-0958-F8EE-DDA4DED65165
24.17589,-20.016365,2,7417E7AB-C723-0958-F8EE-DDA4DED65165
24.322332,-20.427433,0,7417E7AB-C723-0958-F8EE-DDA4DED65165
24.610546,-21.12234,0,7417E7AB-C723-0958-F8EE-DDA4DED65165
24.789595,-21.564003,0,7417E7AB-C723-0958-F8EE-DDA4DED65165
86.37066,-18.326025,1,7417E7AB-C723-0958-F8EE-DDA4DED65165
86.40829,-18.18617,1,7417E7AB-C723-0958-F8EE-DDA4DED65165
86.7794,-17.053045,1,7417E7AB-C723-0958-F8EE-DDA4DED65165
-84.22686,3.653032,1,761D024F-3C62-5326-601A-88D436C7726A
-84.00203,3.6325126,1,761D024F-3C62-5326-601A-88D436C7726A
-83.62954,3.6061668,1,761D024F-3C62-5326-601A-88D436C7726A
-81.326996,4.4484587,1,761D024F-3C62-5326-601A-88D436C7726A
-81.271835,4.4412875,1,761D024F-3C62-5326-601A-88D436C7726A
-62.81326,10.041398,2,761D024F-3C62-5326-601A-88D436C7726A
-51.283203,9.286143,0,761D024F-3C62-5326-601A-88D436C7726A
-49.380817,-3.3207824,1,761D024F-3C62-5326-601A-88D436C7726A
-49.539505,-3.2935739,1,761D024F-3C62-5326-601A-88D436C7726A
-50.44494,-3.034782,1,761D024F-3C62-5326-601A-88D436C7726A
-50.739372,-2.9636166,1,761D024F-3C62-5326-601A-88D436C7726A
-50.887554,-2.8602107,2,761D024F-3C62-5326-601A-88D436C7726A
-24.375938,32.444588,2,761D024F-3C62-5326-601A-88D436C7726A
-24.265501,32.57899,2,761D024F-3C62-5326-601A-88D436C7726A
-14.973219,29.946796,2,761D024F-3C62-5326-601A-88D436C7726A
-14.864434,29.810202,2,761D024F-3C62-5326-601A-88D436C7726A
-14.269381,28.19713,2,761D024F-3C62-5326-601A-88D436C7726A
-14.082487,27.960606,2,761D024F-3C62-5326-601A-88D436C7726A
-10.820397,-13.511669,2,761D024F-3C62-5326-601A-88D436C7726A
-10.4840765,-13.596279,1,761D024F-3C62-5326-601A-88D436C7726A
-10.023433,-13.400809,1,761D024F-3C62-5326-601A-88D436C7726A
-9.619949,-12.94901,1,761D024F-3C62-5326-601A-88D436C7726A
-25.634964,-17.243317,0,761D024F-3C62-5326-601A-88D436C7726A
-25.62991,-17.242456,0,761D024F-3C62-5326-601A-88D436C7726A
5.1614714,2.3248806,2,772BA0E9-AC30-CEA6-AA1B-18A0300702AA
5.2066875,2.3551497,2,772BA0E9-AC30-CEA6-AA1B-18A0300702AA
30.122528,42.62388,2,772BA0E9-AC30-CEA6-AA1B-18A0300702AA
30.091768,42.5775,2,772BA0E9-AC30-CEA6-AA1B-18A0300702AA
30.375095,42.60794,2,772BA0E9-AC30-CEA6-AA1B-18A0300702AA
29.72056,41.948544,2,772BA0E9-AC30-CEA6-AA1B-18A0300702AA
45.89989,10.531703,0,772BA0E9-AC30-CEA6-AA1B-18A0300702AA
45.82636,11.39382,0,772BA0E9-AC30-CEA6-AA1B-18A0300702AA
46.260994,11.531837,0,772BA0E9-AC30-CEA6-AA1B-18A0300702AA
46.970753,11.141244,0,772BA0E9-AC30-CEA6-AA1B-18A0300702AA
47.76919,11.958438,0,772BA0E9-AC30-CEA6-AA1B-18A0300702AA
47.765175,12.447607,1,772BA0E9-AC30-CEA6-AA1B-18A0300702AA
82.59399,-0.17107348,0,772BA0E9-AC30-CEA6-AA1B-18A0300702AA
82.76778,0.071968466,0,772BA0E9-AC30-CEA6-AA1B-18A0300702AA
83.827835,1.3057793,0,772BA0E9-AC30-CEA6-AA1B-18A0300702AA
84.20703,1.4275348,0,772BA0E9-AC30-CEA6-AA1B-18A0300702AA
85.133965,1.9278448,2,772BA0E9-AC30-CEA6-AA1B-18A0300702AA
85.48536,2.108572,2,772BA0E9-AC30-CEA6-AA1B-18A0300702AA
-47.569336,18.417381,1,77F6B31E-B228-3C6D-A66F-E7E6FDED3587
-47.55949,18.552887,1,77F6B31E-B228-3C6D-A66F-E7E6FDED3587
-47.94181,21.29427,2,77F6B31E-B228-3C6D-A66F-E7E6FDED3587
-47.775806,21.360577,2,77F6B31E-B228-3C6D-A66F-E7E6FDED3587
-27.167002,29.968872,2,77F6B31E-B228-3C6D-A66F-E7E6FDED3587
-27.080597,30.272898,2,77F6B31E-B228-3C6D-A66F-E7E6FDED3587
4.3960114,40.32096,1,77F6B31E-B228-3C6D-A66F-E7E6FDED3587
1.5598906,45.127617,1,77F6B31E-B228-3C6D-A66F-E7E6FDED3587
1.6529727,45.77862,1,77F6B31E-B228-3C6D-A66F-E7E6FDED3587
2.2376962,46.502884,1,77F6B31E-B228-3C6D-A66F-E7E6FDED3587
2.252393,46.690834,1,77F6B31E-B228-3C6D-A66F-E7E6FDED3587
-14.409703,22.915455,1,77F6B31E-B228-3C6D-A66F-E7E6FDED3587
-14.589598,22.875431,1,77F6B31E-B228-3C6D-A66F-E7E6FDED3587
-16.29128,22.71428,1,77F6B31E-B228-3C6D-A66F-E7E6FDED3587
-16.543354,22.596972,1,77F6B31E-B228-3C6D-A66F-E7E6FDED3587
-17.037218,22.515074,1,77F6B31E-B228-3C6D-A66F-E7E6FDED3587
-6.2485256,-41.164646,1,77F6B31E-B228-3C6D-A66F-E7E6FDED3587
-6.5989556,-41.885582,1,77F6B31E-B228-3C6D-A66F-E7E6FDED3587
-6.9437103,31.207518,0,7B8B31F4-FFC3-7A4E-3EAF-78D5CA8ACB61
-6.9477496,31.250313,2,7B8B31F4-FFC3-7A4E-3EAF-78D5CA8ACB61
-28.679625,22.763363,2,7B8B31F4-FFC3-7A4E-3EAF-78D5CA8ACB61
-28.695944,22.776812,2,7B8B31F4-FFC3-7A4E-3EAF-78D5CA8ACB61
-0.37029475,35.079575,2,7B8B31F4-FFC3-7A4E-3EAF-78D5CA8ACB61
0.37932387,35.40215,2,7B8B31F4-FFC3-7A4E-3EAF-78D5CA8ACB61
0.58499604,35.33705,2,7B8B31F4-FFC3-7A4E-3EAF-78D5CA8ACB61
2.7581017,35.161045,2,7B8B31F4-FFC3-7A4E-3EAF-78D5CA8ACB61
3.1226015,34.783077,2,7B8B31F4-FFC3-7A4E-3EAF-78D5CA8ACB61
3.6004138,34.47272,2,7B8B31F4-FFC3-7A4E-3EAF-78D5CA8ACB61
-13.128768,6.0414186,2,7B8B31F4-FFC3-7A4E-3EAF-78D5CA8ACB61
7.1264925,5.362222,2,7B8B31F4-FFC3-7A4E-3EAF-78D5CA8ACB61
63.993423,-20.56736,0,7B8B31F4-FFC3-7A4E-3EAF-78D5CA8ACB61
63.45112,-20.687946,0,7B8B31F4-FFC3-7A4E-3EAF-78D5CA8ACB61
63.097904,-20.75496,1,7B8B31F4-FFC3-7A4E-3EAF-78D5CA8ACB61
59.319077,-12.996689,1,7B8B31F4-FFC3-7A4E-3EAF-78D5CA8ACB61
53.178375,-7.253406,1,7B8B31F4-FFC3-7A4E-3EAF-78D5CA8ACB61
52.46392,-7.041435,0,7B8B31F4-FFC3-7A4E-3EAF-78D5CA8ACB61
97.78061,-6.1720014,2,7B8B31F4-FFC3-7A4E-3EAF-78D5CA8ACB61
98.11001,-6.0457854,2,7B8B31F4-FFC3-7A4E-3EAF-78D5CA8ACB61
98.97844,-5.6299596,1,7B8B31F4-FFC3-7A4E-3EAF-78D5CA8ACB61
-66.72189,13.043535,2,7DC9729F-BA27-3831-6078-F8508766396A
-65.72628,12.763061,2,7DC9729F-BA27-3831-6078-F8508766396A
-65.33018,12.342793,2,7DC9729F-BA27-3831-6078-F8508766396A
-67.97128,6.3365803,2,7DC9729F-BA27-3831-6078-F8508766396A
-56.69261,7.064176,2,7DC9729F-BA27-3831-6078-F8508766396A
-56.674835,7.05544,2,7DC9729F-BA27-3831-6078-F8508766396A
-72.74199,-13.047463,0,7DC9729F-BA27-3831-6078-F8508766396A
-72.7269,-13.090153,0,7DC9729F-BA27-3831-6078-F8508766396A
-72.00925,-14.944952,0,7DC9729F-BA27-3831-6078-F8508766396A
-71.977135,-15.070217,0,7DC9729F-BA27-3831-6078-F8508766396A
-69.45218,-16.496618,0,7DC9729F-BA27-3831-6078-F8508766396A
-69.48277,-16.475235,0,7DC9729F-BA27-3831-6078-F8508766396A
-6.617205,-21.818668,2,7DC9729F-BA27-3831-6078-F8508766396A
-6.7223225,-21.715668,2,7DC9729F-BA27-3831-6078-F8508766396A
-7.178618,-20.580385,2,7DC9729F-BA27-3831-6078-F8508766396A
-7.527866,-20.239418,2,7DC9729F-BA27-3831-6078-F8508766396A
-7.9527125,-19.752476,2,7DC9729F-BA27-3831-6078-F8508766396A
0.28135633,-8.795619,0,7DC9729F-BA27-3831-6078-F8508766396A
67.61555,-29.570961,2,7DC9729F-BA27-3831-6078-F8508766396A
67.72309,-29.861607,2,7DC9729F-BA27-3831-6078-F8508766396A
67.76777,-29.981178,0,7DC9729F-BA27-3831-6078-F8508766396A
-51.694866,1.8323127,2,7FB7C50A-30EA-A991-0C04-7FFA681B8803
-51.2929,1.9581852,2,7FB7C50A-30EA-A991-0C04-7FFA681B8803
-50.84165,2.0800595,2,7FB7C50A-30EA-A991-0C04-7FFA681B8803
-49.596123,2.598792,2,7FB7C50A-30EA-A991-0C04-7FFA681B8803
-49.207436,2.6795082,2,7FB7C50A-30EA-A991-0C04-7FFA681B8803
-48.638847,2.731375,0,7FB7C50A-30EA-A991-0C04-7FFA681B8803
-21.32718,-31.357056,0,7FB7C50A-30EA-A991-0C04-7FFA681B8803
-21.349997,-31.519253,2,7FB7C50A-30EA-A991-0C04-7FFA681B8803
-21.880167,-33.355526,2,7FB7C50A-30EA-A991-0C04-7FFA681B8803
-22.91364,-33.441364,2,7FB7C50A-30EA-A991-0C04-7FFA681B8803
-18.608316,17.1828,0,7FB7C50A-30EA-A991-0C04-7FFA681B8803
-18.60153,16.886866,0,7FB7C50A-30EA-A991-0C04-7FFA681B8803
0.723104,-26.914574,1,7FB7C50A-30EA-A991-0C04-7FFA681B8803
0.5739833,-26.816216,1,7FB7C50A-30EA-A991-0C04-7FFA681B8803
-7.2571616,-9.620543,1,7FB7C50A-30EA-A991-0C04-7FFA681B8803
-18.876068,-14.806133,1,7FB7C50A-30EA-A991-0C04-7FFA681B8803
-18.95835,-14.744326,1,7FB7C50A-30EA-A991-0C04-7FFA681B8803
-19.227423,-14.604532,1,7FB7C50A-30EA-A991-0C04-7FFA681B8803
28.680574,-27.53933,1,7FB7C50A-30EA-A991-0C04-7FFA681B8803
28.795443,-27.257406,1,7FB7C50A-30EA-A991-0C04-7FFA681B8803
29.179234,-25.576733,1,7FB7C50A-30EA-A991-0C04-7FFA681B8803
29.355862,-24.903273,1,7FB7C50A-30EA-A991-0C04-7FFA681B8803
29.498314,-24.51254,1,7FB7C50A-30EA-A991-0C04-7FFA681B8803
65.2757,-23.95411,1,7FB7C50A-30EA-A991-0C04-7FFA681B8803
64.9285,-24.674417,1,7FB7C50A-30EA-A991-0C04-7FFA681B8803
64.56601,-25.512604,1,7FB7C50A-30EA-A991-0C04-7FFA681B8803
64.39014,-25.575829,0,7FB7C50A-30EA-A991-0C04-7FFA681B8803
63.053493,-26.121359,0,7FB7C50A-30EA-A991-0C04-7FFA681B8803
62.686295,-26.275904,0,7FB7C50A-30EA-A991-0C04-7FFA681B8803
39.90773,-25.01404,0,7FB7C50A-30EA-A991-0C04-7FFA681B8803
-79.08663,6.625774,0,8322EDEF-4C09-318A-1B7E-56D62A6839AD
-79.00498,6.599475,0,8322EDEF-4C09-318A-1B7E-56D62A6839AD
-62.85986,4.0925736,0,8322EDEF-4C09-318A-1B7E-56D62A6839AD
-63.391975,2.8101642,2,8322EDEF-4C09-318A-1B7E-56D62A6839AD
-63.89904,2.419646,2,8322EDEF-4C09-318A-1B7E-56D62A6839AD
-64.117226,2.327206,2,8322EDEF-4C09-318A-1B7E-56D62A6839AD
-63.4725,32.590946,0,8322EDEF-4C09-318A-1B7E-56D62A6839AD
-63.703968,32.350853,0,8322EDEF-4C09-318A-1B7E-56D62A6839AD
-63.925674,32.00886,0,8322EDEF-4C09-318A-1B7E-56D62A6839AD
-61.91417,22.5322,0,8322EDEF-4C09-318A-1B7E-56D62A6839AD
-61.773003,22.475079,0,8322EDEF-4C09-318A-1B7E-56D62A6839AD
-30.3976,51.21418,0,8322EDEF-4C09-318A-1B7E-56D62A6839AD
-30.163822,51.691647,0,8322EDEF-4C09-318A-1B7E-56D62A6839AD
-29.937363,52.28426,1,8322EDEF-4C09-318A-1B7E-56D62A6839AD
-29.766748,53.082626,1,8322EDEF-4C09-318A-1B7E-56D62A6839AD
-29.720259,55.483093,1,8322EDEF-4C09-318A-1B7E-56D62A6839AD
-29.691305,55.729866,1,8322EDEF-4C09-318A-1B7E-56D62A6839AD
-29.63451,56.128788,1,8322EDEF-4C09-318A-1B7E-56D62A6839AD
-6.8830986,-44.878716,1,8322EDEF-4C09-318A-1B7E-56D62A6839AD
-30.502977,-14.603333,1,8322EDEF-4C09-318A-1B7E-56D62A6839AD
-30.744356,-14.434265,1,8322EDEF-4C09-318A-1B7E-56D62A6839AD
-30.902277,-14.0306635,2,8322EDEF-4C09-318A-1B7E-56D62A6839AD
-30.33208,-13.228895,2,8322EDEF-4C09-318A-1B7E-56D62A6839AD
-30.095648,-12.725168,2,8322EDEF-4C09-318A-1B7E-56D62A6839AD
-5.079799,-65.485245,1,8322EDEF-4C09-318A-1B7E-56D62A6839AD
-5.3312674,-65.061844,1,8322EDEF-4C09-318A-1B7E-56D62A6839AD
-5.8235464,-65.03012,1,8322EDEF-4C09-318A-1B7E-56D62A6839AD
-6.0971284,-65.4503,1,8322EDEF-4C09-318A-1B7E-56D62A6839AD
-5.872145,-65.89196,1,8322EDEF-4C09-318A-1B7E-56D62A6839AD
-5.3865895,-65.92858,1,8322EDEF-4C09-318A-1B7E-56D62A6839AD
-35.662643,-13.371184,0,8407F9C4-C295-8C95-C281-584AF2118F84
-12.9536495,0.10476104,2,8407F9C4-C295-8C95-C281-584AF2118F84
-13.032848,1.2101653,2,8407F9C4-C295-8C95-C281-584AF2118F84
-13.165923,1.5609272,2,8407F9C4-C295-8C95-C281-584AF2118F84
-13.421209,2.3846314,2,8407F9C4-C295-8C95-C281-584AF2118F84
-13.363244,2.7699497,2,8407F9C4-C295-8C95-C281-584AF2118F84
96.42904,-11.718699,2,8407F9C4-C295-8C95-C281-584AF2118F84
96.22457,-12.386765,2,8407F9C4-C295-8C95-C281-584AF2118F84
96.15133,-12.805293,2,8407F9C4-C295-8C95-C281-584AF2118F84
92.44364,-19.65626,2,8407F9C4-C295-8C95-C281-584AF2118F84
92.388626,-19.740856,2,8407F9C4-C295-8C95-C281-584AF2118F84
-23.63467,44.19472,2,85748DC9-A6DA-334D-6422-BF69EE06A98C
-23.429594,43.943733,2,85748DC9-A6DA-334D-6422-BF69EE06A98C
-23.12847,43.748383,2,85748DC9-A6DA-334D-6422-BF69EE06A98C
-19.527794,13.8220215,0,85748DC9-A6DA-334D-6422-BF69EE06A98C
-19.395996,13.949402,2,85748DC9-A6DA-334D-6422-BF69EE06A98C
-18.638765,14.793458,2,85748DC9-A6DA-334D-6422-BF69EE06A98C
-5.910374,-8.999768,1,85748DC9-A6DA-334D-6422-BF69EE06A98C
-5.1935062,-8.553539,1,85748DC9-A6DA-334D-6422-BF69EE06A98C
-4.879097,-7.7489195,1,85748DC9-A6DA-334D-6422-BF69EE06A98C
-2.299044,-10.175242,1,85748DC9-A6DA-334D-6422-BF69EE06A98C
-2.2576115,-10.156336,1,85748DC9-A6DA-334D-6422-BF69EE06A98C
-2.0764036,-11.789955,1,85748DC9-A6DA-334D-6422-BF69EE06A98C
16.33849,-9.910865,1,85748DC9-A6DA-334D-6422-BF69EE06A98C
16.61597,-10.006563,1,85748DC9-A6DA-334D-6422-BF69EE06A98C
17.231636,-10.141706,1,85748DC9-A6DA-334D-6422-BF69EE06A98C
18.188986,-10.346242,1,85748DC9-A6DA-334D-6422-BF69EE06A98C
19.129395,-10.505129,1,85748DC9-A6DA-334D-6422-BF69EE06A98C
19.465523,-10.594417,1,85748DC9-A6DA-334D-6422-BF69EE06A98C
-21.509413,-11.319012,0,862DB2BA-55C9-5794-03BC-FBBA3BEE80C7
-21.419289,-11.399964,0,862DB2BA-55C9-5794-03BC-FBBA3BEE80C7
-21.301214,-11.429094,0,862DB2BA-55C9-5794-03BC-FBBA3BEE80C7
-15.777057,-23.458998,0,862DB2BA-55C9-5794-03BC-FBBA3BEE80C7
-15.712784,-23.932993,1,862DB2BA-55C9-5794-03BC-FBBA3BEE80C7
-15.506007,-24.530739,1,862DB2BA-55C9-5794-03BC-FBBA3BEE80C7
26.790209,-5.7297373,0,862DB2BA-55C9-5794-03BC-FBBA3BEE80C7
26.768173,-6.180026,0,862DB2BA-55C9-5794-03BC-FBBA3BEE80C7
27.364613,-6.758458,1,862DB2BA-55C9-5794-03BC-FBBA3BEE80C7
28.436205,-7.8385005,2,862DB2BA-55C9-5794-03BC-FBBA3BEE80C7
28.59431,-7.742357,2,862DB2BA-55C9-5794-03BC-FBBA3BEE80C7
28.853481,-8.3981,2,862DB2BA-55C9-5794-03BC-FBBA3BEE80C7
29.266836,-8.683764,2,862DB2BA-55C9-5794-03BC-FBBA3BEE80C7
30.707598,-9.711794,2,862DB2BA-55C9-5794-03BC-FBBA3BEE80C7
30.813074,-9.636271,2,862DB2BA-55C9-5794-03BC-FBBA3BEE80C7
33.607426,2.7597249,2,862DB2BA-55C9-5794-03BC-FBBA3BEE80C7
17.393436,52.46947,2,862DB2BA-55C9-5794-03BC-FBBA3BEE80C7
17.392712,52.46682,2,862DB2BA-55C9-5794-03BC-FBBA3BEE80C7
58.696453,5.8440895,2,862DB2BA-55C9-5794-03BC-FBBA3BEE80C7
59.126163,5.646248,2,862DB2BA-55C9-5794-03BC-FBBA3BEE80C7
59.441063,5.5054884,2,862DB2BA-55C9-5794-03BC-FBBA3BEE80C7
-14.393632,39.289825,2,8690E8B6-9B41-5F0E-C518-8F2D028C6690
-14.387457,39.519318,2,8690E8B6-9B41-5F0E-C518-8F2D028C6690
-16.960268,46.926323,2,8690E8B6-9B41-5F0E-C518-8F2D028C6690
-17.048216,46.819492,2,8690E8B6-9B41-5F0E-C518-8F2D028C6690
-17.470789,46.02514,2,8690E8B6-9B41-5F0E-C518-8F2D028C6690
-17.680468,45.41002,2,8690E8B6-9B41-5F0E-C518-8F2D028C6690
-26.621887,5.8674517,2,8690E8B6-9B41-5F0E-C518-8F2D028C6690
-25.80207,5.5477376,2,8690E8B6-9B41-5F0E-C518-8F2D028C6690
-25.638252,5.4236274,2,8690E8B6-9B41-5F0E-C518-8F2D028C6690
-25.867514,4.433264,2,8690E8B6-9B41-5F0E-C518-8F2D028C6690
9.926839,-34.01023,0,8690E8B6-9B41-5F0E-C518-8F2D028C6690
9.830802,-34.103054,0,8690E8B6-9B41-5F0E-C518-8F2D028C6690
-18.556416,2.1667695,2,8690E8B6-9B41-5F0E-C518-8F2D028C6690
-18.516201,1.9728194,0,8690E8B6-9B41-5F0E-C518-8F2D028C6690
-18.526714,1.8123261,0,8690E8B6-9B41-5F0E-C518-8F2D028C6690
-17.862753,-7.0318685,0,8690E8B6-9B41-5F0E-C518-8F2D028C6690
-17.839685,-7.195831,0,8690E8B6-9B41-5F0E-C518-8F2D028C6690
-17.769604,-8.104,1,8690E8B6-9B41-5F0E-C518-8F2D028C6690
17.252485,-48.451015,0,8690E8B6-9B41-5F0E-C518-8F2D028C6690
17.47618,-48.635983,0,8690E8B6-9B41-5F0E-C518-8F2D028C6690
18.222168,-49.290985,0,8690E8B6-9B41-5F0E-C518-8F2D028C6690
18.620926,-49.512817,0,8690E8B6-9B41-5F0E-C518-8F2D028C6690
19.170935,-49.754047,0,8690E8B6-9B41-5F0E-C518-8F2D028C6690
28.511467,-13.672635,1,8690E8B6-9B41-5F0E-C518-8F2D028C6690
-68.15874,11.167448,2,874A6B13-C999-C802-1138-FA198591D897
-64.169655,-12.246341,2,874A6B13-C999-C802-1138-FA198591D897
-63.81163,-11.821865,2,874A6B13-C999-C802-1138-FA198591D897
-63.73391,-11.930601,2,874A6B13-C999-C802-1138-FA198591D897
-63.175255,-12.541949,2,874A6B13-C999-C802-1138-FA198591D897
-62.913605,-12.716476,0,874A6B13-C999-C802-1138-FA198591D897
-5.026516,-18.784374,0,874A6B13-C999-C802-1138-FA198591D897
-5.0862827,-18.886805,0,874A6B13-C999-C802-1138-FA198591D897
-5.9947166,-18.006647,0,874A6B13-C999-C802-1138-FA198591D897
-6.3488865,-17.580956,0,874A6B13-C999-C802-1138-FA198591D897
-12.930119,-11.791956,1,874A6B13-C999-C802-1138-FA198591D897
-13.387767,-10.808908,2,874A6B13-C999-C802-1138-FA198591D897
55.693733,-15.11643,2,874A6B13-C999-C802-1138-FA198591D897
55.474064,-15.036014,2,874A6B13-C999-C802-1138-FA198591D897
55.39852,-39.26894,2,874A6B13-C999-C802-1138-FA198591D897
55.057247,-39.558205,2,874A6B13-C999-C802-1138-FA198591D897
54.714233,-39.84118,2,874A6B13-C999-C802-1138-FA198591D897
54.6065,-40.035496,0,874A6B13-C999-C802-1138-FA198591D897
53.34369,10.187826,2,874A6B13-C999-C802-1138-FA198591D897
52.809208,10.393453,2,874A6B13-C999-C802-1138-FA198591D897
51.391323,11.175196,2,874A6B13-C999-C802-1138-FA198591D897
50.748474,11.063202,2,874A6B13-C999-C802-1138-FA198591D897
50.671368,9.896468,2,874A6B13-C999-C802-1138-FA198591D897
50.661682,9.646456,2,874A6B13-C999-C802-1138-FA198591D897
-34.754295,33.94056,2,9268F759-54B0-96CC-C0F5-9D8DBAA12073
-34.50037,33.914665,2,9268F759-54B0-96CC-C0F5-9D8DBAA12073
-33.294052,33.66676,2,9268F759-54B0-96CC-C0F5-9D8DBAA12073
-32.173832,33.132122,2,9268F759-54B0-96CC-C0F5-9D8DBAA12073
-31.430033,32.615044,2,9268F759-54B0-96CC-C0F5-9D8DBAA12073
-31.262098,32.484875,2,9268F759-54B0-96CC-C0F5-9D8DBAA12073
-57.986668,12.091431,2,9268F759-54B0-96CC-C0F5-9D8DBAA12073
-58.259777,11.787925,2,9268F759-54B0-96CC-C0F5-9D8DBAA12073
-58.60661,11.437566,2,9268F759-54B0-96CC-C0F5-9D8DBAA12073
-58.390728,10.827289,2,9268F759-54B0-96CC-C0F5-9D8DBAA12073
-59.110554,11.014684,2,9268F759-54B0-96CC-C0F5-9D8DBAA12073
-44.097748,-8.163257,2,9268F759-54B0-96CC-C0F5-9D8DBAA12073
-43.91315,-8.346179,2,9268F759-54B0-96CC-C0F5-9D8DBAA12073
-43.26086,-9.000601,2,9268F759-54B0-96CC-C0F5-9D8DBAA12073
-42.538303,-9.615812,2,9268F759-54B0-96CC-C0F5-9D8DBAA12073
-41.85806,-9.722512,2,9268F759-54B0-96CC-C0F5-9D8DBAA12073
-41.016396,-9.684675,2,9268F759-54B0-96CC-C0F5-9D8DBAA12073
31.926334,5.413594,2,9268F759-54B0-96CC-C0F5-9D8DBAA12073
-9.2138605,-45.889915,1,9268F759-54B0-96CC-C0F5-9D8DBAA12073
-9.277394,-46.061424,1,9268F759-54B0-96CC-C0F5-9D8DBAA12073
-31.66884,2.8442118,1,9268F759-54B0-96CC-C0F5-9D8DBAA12073
-31.96676,2.978945,1,9268F759-54B0-96CC-C0F5-9D8DBAA12073
-32.25007,2.9560256,2,9268F759-54B0-96CC-C0F5-9D8DBAA12073
-32.414024,3.7688046,2,9268F759-54B0-96CC-C0F5-9D8DBAA12073
-39.311493,-27.539343,0,9268F759-54B0-96CC-C0F5-9D8DBAA12073
-39.399677,-27.257257,0,9268F759-54B0-96CC-C0F5-9D8DBAA12073
-38.254646,-35.9029,0,9268F759-54B0-96CC-C0F5-9D8DBAA12073
-38.255028,-36.048923,1,9268F759-54B0-96CC-C0F5-9D8DBAA12073
-38.222927,-36.582478,1,9268F759-54B0-96CC-C0F5-9D8DBAA12073
-53.71988,-29.221945,0,96B78431-4166-E4D3-2AA2-15BE2512E1D6
-53.359215,-28.995775,0,96B78431-4166-E4D3-2AA2-15BE2512E1D6
-53.0648,-28.794289,0,96B78431-4166-E4D3-2AA2-15BE2512E1D6
-52.550808,-28.357449,0,96B78431-4166-E4D3-2AA2-15BE2512E1D6
-49.222298,-24.64622,0,96B78431-4166-E4D3-2AA2-15BE2512E1D6
-49.203438,-24.62055,0,96B78431-4166-E4D3-2AA2-15BE2512E1D6
-48.437923,-23.402132,1,96B78431-4166-E4D3-2AA2-15BE2512E1D6
-48.363945,-23.303326,1,96B78431-4166-E4D3-2AA2-15BE2512E1D6
3.0297675,38.891544,1,96B78431-4166-E4D3-2AA2-15BE2512E1D6
3.1138115,39.080547,1,96B78431-4166-E4D3-2AA2-15BE2512E1D6
27.714329,-32.322647,1,96B78431-4166-E4D3-2AA2-15BE2512E1D6
27.357853,-32.580265,1,96B78431-4166-E4D3-2AA2-15BE2512E1D6
9.024803,-36.08629,1,96B78431-4166-E4D3-2AA2-15BE2512E1D6
8.800542,-36.0229,1,96B78431-4166-E4D3-2AA2-15BE2512E1D6
7.8967924,-35.796333,1,96B78431-4166-E4D3-2AA2-15BE2512E1D6
-0.28463715,-30.972105,1,96B78431-4166-E4D3-2AA2-15BE2512E1D6
-0.8261502,-31.05796,1,96B78431-4166-E4D3-2AA2-15BE2512E1D6
-1.1916724,-31.153372,1,96B78431-4166-E4D3-2AA2-15BE2512E1D6
8.915444,-19.12135,1,96B78431-4166-E4D3-2AA2-15BE2512E1D6
8.88078,-18.99763,1,96B78431-4166-E4D3-2AA2-15BE2512E1D6
8.149289,-17.575974,2,96B78431-4166-E4D3-2AA2-15BE2512E1D6
7.46925,-16.337452,2,96B78431-4166-E4D3-2AA2-15BE2512E1D6
7.586046,-16.405975,2,96B78431-4166-E4D3-2AA2-15BE2512E1D6
7.763837,-16.361752,2,96B78431-4166-E4D3-2AA2-15BE2512E1D6
54.271816,-22.178581,1,96B78431-4166-E4D3-2AA2-15BE2512E1D6
54.511765,-21.450037,1,96B78431-4166-E4D3-2AA2-15BE2512E1D6
54.56541,-21.30043,1,96B78431-4166-E4D3-2AA2-15BE2512E1D6
53.651035,-4.741295,1,96B78431-4166-E4D3-2AA2-15BE2512E1D6
53.414505,-3.9648814,2,96B78431-4166-E4D3-2AA2-15BE2512E1D6
53.31403,-3.6397958,2,96B78431-4166-E4D3-2AA2-15BE2512E1D6
2.810681,26.438898,1,99C0C5AE-01AD-1BB2-A36B-74B166CB26BA
2.822407,26.456667,1,99C0C5AE-01AD-1BB2-A36B-74B166CB26BA
-3.3360126,-35.661804,1,99C0C5AE-01AD-1BB2-A36B-74B166CB26BA
-3.469798,-36.544163,1,99C0C5AE-01AD-1BB2-A36B-74B166CB26BA
-3.931496,-37.300934,1,99C0C5AE-01AD-1BB2-A36B-74B166CB26BA
-4.18734,-37.552517,1,99C0C5AE-01AD-1BB2-A36B-74B166CB26BA
19.178274,34.873737,2,99C0C5AE-01AD-1BB2-A36B-74B166CB26BA
19.286901,35.23405,2,99C0C5AE-01AD-1BB2-A36B-74B166CB26BA
20.321297,36.57564,2,99C0C5AE-01AD-1BB2-A36B-74B166CB26BA
19.652643,36.428368,2,99C0C5AE-01AD-1BB2-A36B-74B166CB26BA
19.700377,36.761215,2,99C0C5AE-01AD-1BB2-A36B-74B166CB26BA
36.10905,27.914818,2,99C0C5AE-01AD-1BB2-A36B-74B166CB26BA
-45.776962,40.228416,0,9A80CFF4-085D-6435-BA08-18E6496A8381
-45.412968,40.18155,0,9A80CFF4-085D-6435-BA08-18E6496A8381
-44.933834,40.09024,2,9A80CFF4-085D-6435-BA08-18E6496A8381
-44.356384,39.985756,2,9A80CFF4-085D-6435-BA08-18E6496A8381
-51.73431,23.149616,2,9A80CFF4-085D-6435-BA08-18E6496A8381
-51.863,23.084175,2,9A80CFF4-085D-6435-BA08-18E6496A8381
-28.9588,8.855269,2,9A80CFF4-085D-6435-BA08-18E6496A8381
-28.944712,8.733603,2,9A80CFF4-085D-6435-BA08-18E6496A8381
-23.30447,11.439742,2,9A80CFF4-085D-6435-BA08-18E6496A8381
-13.119817,21.457556,2,9A80CFF4-085D-6435-BA08-18E6496A8381
4.1991534,-41.05027,2,9A80CFF4-085D-6435-BA08-18E6496A8381
4.179272,-40.966106,0,9A80CFF4-085D-6435-BA08-18E6496A8381
3.3524387,-39.685593,0,9A80CFF4-085D-6435-BA08-18E6496A8381
3.1594796,-39.44162,2,9A80CFF4-085D-6435-BA08-18E6496A8381
2.8291085,-38.023552,2,9A80CFF4-085D-6435-BA08-18E6496A8381
2.1403596,-38.796875,2,9A80CFF4-085D-6435-BA08-18E6496A8381
-24.248926,-4.9269433,2,9A80CFF4-085D-6435-BA08-18E6496A8381
-24.068663,-4.7706594,2,9A80CFF4-085D-6435-BA08-18E6496A8381
66.30856,-17.742424,0,9A80CFF4-085D-6435-BA08-18E6496A8381
66.00481,-17.023952,0,9A80CFF4-085D-6435-BA08-18E6496A8381
62.12852,-11.692554,0,9A80CFF4-085D-6435-BA08-18E6496A8381
61.42569,-10.969283,0,9A80CFF4-085D-6435-BA08-18E6496A8381
60.26288,-9.807417,0,9A80CFF4-085D-6435-BA08-18E6496A8381
59.926212,-9.520662,0,9A80CFF4-085D-6435-BA08-18E6496A8381
59.043053,15.66651,2,9A80CFF4-085D-6435-BA08-18E6496A8381
58.591145,15.839548,2,9A80CFF4-085D-6435-BA08-18E6496A8381
58.10131,16.021975,2,9A80CFF4-085D-6435-BA08-18E6496A8381
57.630764,16.17748,2,9A80CFF4-085D-6435-BA08-18E6496A8381
54.28193,16.622143,0,9A80CFF4-085D-6435-BA08-18E6496A8381
49.150692,11.255694,0,9A80CFF4-085D-6435-BA08-18E6496A8381
-74.799576,14.521283,0,9C694EBE-9421-F45A-ED92-F521991A6A52
-37.03302,1.1572555,2,9C694EBE-9421-F45A-ED92-F521991A6A52
-37.036804,0.523356,2,9C694EBE-9421-F45A-ED92-F521991A6A52
-37.03663,0.4688458,0,9C694EBE-9421-F45A-ED92-F521991A6A52
-36.987663,-0.2588304,0,9C694EBE-9421-F45A-ED92-F521991A6A52
-37.311802,-0.5240256,0,9C694EBE-9421-F45A-ED92-F521991A6A52
-28.79971,-10.3031845,0,9C694EBE-9421-F45A-ED92-F521991A6A52
-4.004449,-19.302034,2,9C694EBE-9421-F45A-ED92-F521991A6A52
-0.26004156,-20.23513,2,9C694EBE-9421-F45A-ED92-F521991A6A52
-0.23270051,-20.21673,2,9C694EBE-9421-F45A-ED92-F521991A6A52
0.36898658,-19.577213,2,9C694EBE-9421-F45A-ED92-F521991A6A52
0.6714193,-19.255241,0,9C694EBE-9421-F45A-ED92-F521991A6A52
61.54833,-21.667952,2,9C694EBE-9421-F45A-ED92-F521991A6A52
61.11514,-22.184853,2,9C694EBE-9421-F45A-ED92-F521991A6A52
60.79286,-22.878061,2,9C694EBE-9421-F45A-ED92-F521991A6A52
67.56309,-3.8701656,2,9C694EBE-9421-F45A-ED92-F521991A6A52
67.773026,-3.518978,0,9C694EBE-9421-F45A-ED92-F521991A6A52
68.21987,-3.0209904,0,9C694EBE-9421-F45A-ED92-F521991A6A52
-77.752975,14.380754,2,9E6EBCE2-44FB-8F07-4135-E91140B34096
-77.972534,14.56419,2,9E6EBCE2-44FB-8F07-4135-E91140B34096
-78.21064,14.910098,2,9E6EBCE2-44FB-8F07-4135-E91140B34096
-68.88203,25.700583,2,9E6EBCE2-44FB-8F07-4135-E91140B34096
-70.128395,25.744648,2,9E6EBCE2-44FB-8F07-4135-E91140B34096
-70.24104,25.759302,2,9E6EBCE2-44FB-8F07-4135-E91140B34096
-44.92473,20.62253,0,9E6EBCE2-44FB-8F07-4135-E91140B34096
-23.620607,46.479546,2,9E6EBCE2-44FB-8F07-4135-E91140B34096
-23.428991,46.38932,2,9E6EBCE2-44FB-8F07-4135-E91140B34096
-22.131508,45.770134,2,9E6EBCE2-44FB-8F07-4135-E91140B34096
-21.791986,45.59754,2,9E6EBCE2-44FB-8F07-4135-E91140B34096
-20.907299,45.58096,2,9E6EBCE2-44FB-8F07-4135-E91140B34096
-70.6185,15.600146,2,A135AF2A-692D-9C83-AB54-34F977E4D14D
-69.84699,13.936626,2,A135AF2A-692D-9C83-AB54-34F977E4D14D
-69.611565,13.107464,2,A135AF2A-692D-9C83-AB54-34F977E4D14D
-69.92767,12.281287,0,A135AF2A-692D-9C83-AB54-34F977E4D14D
-70.17434,11.916276,2,A135AF2A-692D-9C83-AB54-34F977E4D14D
-58.949913,0.8004406,2,A135AF2A-692D-9C83-AB54-34F977E4D14D
-57.73459,0.09027877,2,A135AF2A-692D-9C83-AB54-34F977E4D14D
-57.21405,0.032265797,2,A135AF2A-692D-9C83-AB54-34F977E4D14D
-56.73673,0.20892693,0,A135AF2A-692D-9C83-AB54-34F977E4D14D
-56.395832,0.3904863,0,A135AF2A-692D-9C83-AB54-34F977E4D14D
-55.29909,2.1661263,0,A135AF2A-692D-9C83-AB54-34F977E4D14D
-54.976593,2.5550823,0,A135AF2A-692D-9C83-AB54-34F977E4D14D
-19.885824,41.68327,2,A135AF2A-692D-9C83-AB54-34F977E4D14D
-21.702425,32.907234,2,A135AF2A-692D-9C83-AB54-34F977E4D14D
-21.375383,32.977383,2,A135AF2A-692D-9C83-AB54-34F977E4D14D
-20.384493,33.105846,2,A135AF2A-692D-9C83-AB54-34F977E4D14D
-20.124693,33.339527,2,A135AF2A-692D-9C83-AB54-34F977E4D14D
-19.611643,33.626522,2,A135AF2A-692D-9C83-AB54-34F977E4D14D
-24.322573,-0.6830266,2,A135AF2A-692D-9C83-AB54-34F977E4D14D
5.202561,-19.218534,0,A135AF2A-692D-9C83-AB54-34F977E4D14D
4.962697,-19.528725,0,A135AF2A-692D-9C83-AB54-34F977E4D14D
4.7131734,-19.812763,1,A135AF2A-692D-9C83-AB54-34F977E4D14D
3.9122212,-20.66573,2,A135AF2A-692D-9C83-AB54-34F977E4D14D
3.7526493,-20.863401,2,A135AF2A-692D-9C83-AB54-34F977E4D14D
31.409384,19.701756,2,A135AF2A-692D-9C83-AB54-34F977E4D14D
33.660892,-0.0060212337,2,A135AF2A-692D-9C83-AB54-34F977E4D14D
33.601395,0.34797537,2,A135AF2A-692D-9C83-AB54-34F977E4D14D
33.28938,-0.021187374,2,A135AF2A-692D-9C83-AB54-34F977E4D14D
32.794,-0.4961783,2,A135AF2A-692D-9C83-AB54-34F977E4D14D
28.761742,34.68773,2,A135AF2A-692D-9C83-AB54-34F977E4D14D
19.605518,-37.68706,2,A7C426E7-344F-99F4-6E35-453AF3AD9C2C
19.024105,-37.464355,2,A7C426E7-344F-99F4-6E35-453AF3AD9C2C
18.550417,-37.066322,2,A7C426E7-344F-99F4-6E35-453AF3AD9C2C
18.44623,-36.907326,2,A7C426E7-344F-99F4-6E35-453AF3AD9C2C
18.393696,-34.605186,1,A7C426E7-344F-99F4-6E35-453AF3AD9C2C
18.414383,-34.482513,1,A7C426E7-344F-99F4-6E35-453AF3AD9C2C
10.881156,9.920804,0,A7C426E7-344F-99F4-6E35-453AF3AD9C2C
11.134082,9.802897,0,A7C426E7-344F-99F4-6E35-453AF3AD9C2C
12.033714,9.615826,0,A7C426E7-344F-99F4-6E35-453AF3AD9C2C
12.613315,9.660269,2,A7C426E7-344F-99F4-6E35-453AF3AD9C2C
12.883097,9.638113,2,A7C426E7-344F-99F4-6E35-453AF3AD9C2C
26.373205,9.626796,2,A7C426E7-344F-99F4-6E35-453AF3AD9C2C
26.892881,9.3658695,2,A7C426E7-344F-99F4-6E35-453AF3AD9C2C
28.006147,8.494401,1,A7C426E7-344F-99F4-6E35-453AF3AD9C2C
28.473194,8.312335,1,A7C426E7-344F-99F4-6E35-453AF3AD9C2C
29.232105,8.387563,1,A7C426E7-344F-99F4-6E35-453AF3AD9C2C
29.817757,8.532526,1,A7C426E7-344F-99F4-6E35-453AF3AD9C2C
22.358643,-34.18982,1,A7C426E7-344F-99F4-6E35-453AF3AD9C2C
53.13141,-29.662558,1,A7C426E7-344F-99F4-6E35-453AF3AD9C2C
53.490147,-29.223394,1,A7C426E7-344F-99F4-6E35-453AF3AD9C2C
53.848286,-28.8108,1,A7C426E7-344F-99F4-6E35-453AF3AD9C2C
56.070667,-28.056818,1,A7C426E7-344F-99F4-6E35-453AF3AD9C2C
56.39362,-27.887468,0,A7C426E7-344F-99F4-6E35-453AF3AD9C2C
56.489506,-27.841322,0,A7C426E7-344F-99F4-6E35-453AF3AD9C2C
47.92581,9.535013,0,A7C426E7-344F-99F4-6E35-453AF3AD9C2C
44.23246,16.019423,1,A7C426E7-344F-99F4-6E35-453AF3AD9C2C
44.50259,16.155968,1,A7C426E7-344F-99F4-6E35-453AF3AD9C2C
45.160347,16.665241,1,A7C426E7-344F-99F4-6E35-453AF3AD9C2C
45.501896,17.127579,1,A7C426E7-344F-99F4-6E35-453AF3AD9C2C
46.077915,17.6723,1,A7C426E7-344F-99F4-6E35-453AF3AD9C2C
-58.714283,-15.166296,2,AB9921A8-F143-E101-6A47-E66882F571B2
-58.721394,-15.870859,2,AB9921A8-F143-E101-6A47-E66882F571B2
-58.76405,-16.30501,2,AB9921A8-F143-E101-6A47-E66882F571B2
-58.59434,-16.52213,0,AB9921A8-F143-E101-6A47-E66882F571B2
-58.003525,-16.50246,0,AB9921A8-F143-E101-6A47-E66882F571B2
-48.1847,6.8984637,0,AB9921A8-F143-E101-6A47-E66882F571B2
23.994959,-30.13068,1,AB9921A8-F143-E101-6A47-E66882F571B2
23.774334,-29.838648,1,AB9921A8-F143-E101-6A47-E66882F571B2
22.867085,-28.08332,1,AB9921A8-F143-E101-6A47-E66882F571B2
22.843739,-28.000916,0,AB9921A8-F143-E101-6A47-E66882F571B2
22.52275,-26.757042,0,AB9921A8-F143-E101-6A47-E66882F571B2
22.43885,-26.392332,0,AB9921A8-F143-E101-6A47-E66882F571B2
69.92211,13.495301,2,AB9921A8-F143-E101-6A47-E66882F571B2
70.67429,13.667883,2,AB9921A8-F143-E101-6A47-E66882F571B2
70.97816,13.561638,2,AB9921A8-F143-E101-6A47-E66882F571B2
72.067024,13.348265,2,AB9921A8-F143-E101-6A47-E66882F571B2
72.37072,13.395688,1,AB9921A8-F143-E101-6A47-E66882F571B2
72.16861,12.518293,0,AB9921A8-F143-E101-6A47-E66882F571B2
57.426537,-13.376999,0,AB9921A8-F143-E101-6A47-E66882F571B2
57.637424,-13.1008625,0,AB9921A8-F143-E101-6A47-E66882F571B2
68.321976,-10.963321,0,AB9921A8-F143-E101-6A47-E66882F571B2
68.720894,-10.602021,0,AB9921A8-F143-E101-6A47-E66882F571B2
67.83546,-10.605804,2,AB9921A8-F143-E101-6A47-E66882F571B2
67.537834,-10.655889,2,AB9921A8-F143-E101-6A47-E66882F571B2
-70.35811,5.042261,2,B06410CC-D778-33B2-B1FD-A828EE4AF413
-70.450195,5.3777094,1,B06410CC-D778-33B2-B1FD-A828EE4AF413
-66.816284,-5.308049,2,B06410CC-D778-33B2-B1FD-A828EE4AF413
-67.33133,-5.8569307,2,B06410CC-D778-33B2-B1FD-A828EE4AF413
-67.02183,-5.945096,0,B06410CC-D778-33B2-B1FD-A828EE4AF413
-66.73599,-6.0932403,0,B06410CC-D778-33B2-B1FD-A828EE4AF413
-23.033371,50.595684,0,B06410CC-D778-33B2-B1FD-A828EE4AF413
-22.789295,50.019184,0,B06410CC-D778-33B2-B1FD-A828EE4AF413
-22.505705,49.643387,0,B06410CC-D778-33B2-B1FD-A828EE4AF413
-22.165255,49.33101,0,B06410CC-D778-33B2-B1FD-A828EE4AF413
-20.682291,48.778625,0,B06410CC-D778-33B2-B1FD-A828EE4AF413
-20.24314,48.68839,2,B06410CC-D778-33B2-B1FD-A828EE4AF413
-23.294035,-26.804531,2,B06410CC-D778-33B2-B1FD-A828EE4AF413
-23.521276,-27.384266,2,B06410CC-D778-33B2-B1FD-A828EE4AF413
-23.529621,-27.598003,2,B06410CC-D778-33B2-B1FD-A828EE4AF413
-7.242066,-34.86774,0,B06410CC-D778-33B2-B1FD-A828EE4AF413
-8.764303,21.497671,0,B06410CC-D778-33B2-B1FD-A828EE4AF413
-28.707853,-35.78649,0,B06410CC-D778-33B2-B1FD-A828EE4AF413
-66.44111,6.673516,2,B0AAFE06-91C2-2C6D-4547-7508BB719E45
-68.127,5.1360035,2,B0AAFE06-91C2-2C6D-4547-7508BB719E45
-67.94141,4.5236154,2,B0AAFE06-91C2-2C6D-4547-7508BB719E45
-67.38049,4.6922727,2,B0AAFE06-91C2-2C6D-4547-7508BB719E45
-52.16643,9.482224,2,B0AAFE06-91C2-2C6D-4547-7508BB719E45
-52.485252,10.378632,0,B0AAFE06-91C2-2C6D-4547-7508BB719E45
-6.3567624,41.233288,2,B0AAFE06-91C2-2C6D-4547-7508BB719E45
-5.5189466,41.50169,2,B0AAFE06-91C2-2C6D-4547-7508BB719E45
-6.02785,40.713852,2,B0AAFE06-91C2-2C6D-4547-7508BB719E45
-5.9430785,40.59412,2,B0AAFE06-91C2-2C6D-4547-7508BB719E45
-29.100336,28.743113,2,B0AAFE06-91C2-2C6D-4547-7508BB719E45
-29.172232,28.66322,2,B0AAFE06-91C2-2C6D-4547-7508BB719E45
-29.840014,27.955322,2,B0AAFE06-91C2-2C6D-4547-7508BB719E45
-30.79302,28.251783,0,B0AAFE06-91C2-2C6D-4547-7508BB719E45
-60.804157,25.092035,0,B0AAFE06-91C2-2C6D-4547-7508BB719E45
-61.375374,24.90848,0,B0AAFE06-91C2-2C6D-4547-7508BB719E45
-62.08667,24.76342,0,B0AAFE06-91C2-2C6D-4547-7508BB719E45
-62.503853,24.727282,0,B0AAFE06-91C2-2C6D-4547-7508BB719E45
-18.552397,0.046335716,2,B0AAFE06-91C2-2C6D-4547-7508BB719E45
-35.21101,-8.849461,0,B0AAFE06-91C2-2C6D-4547-7508BB719E45
-35.201004,-8.852051,0,B0AAFE06-91C2-2C6D-4547-7508BB719E45
-35.01393,-11.799049,0,B0AAFE06-91C2-2C6D-4547-7508BB719E45
-35.06457,-11.923096,0,B0AAFE06-91C2-2C6D-4547-7508BB719E45
-0.13618262,1.8284212,0,B0AAFE06-91C2-2C6D-4547-7508BB719E45
57.621475,-7.8369594,0,B0AAFE06-91C2-2C6D-4547-7508BB719E45
56.133648,-6.5092125,0,B0AAFE06-91C2-2C6D-4547-7508BB719E45
55.573772,-6.619197,0,B0AAFE06-91C2-2C6D-4547-7508BB719E45
54.939735,-6.991782,0,B0AAFE06-91C2-2C6D-4547-7508BB719E45
54.5122,-7.57206,0,B0AAFE06-91C2-2C6D-4547-7508BB719E45
62.135513,-12.4648905,2,B0AAFE06-91C2-2C6D-4547-7508BB719E45
-29.051964,-22.993797,2,B2EE7EC5-4E5B-EBDD-E0EB-AF758B95C36A
-29.33958,-22.529865,2,B2EE7EC5-4E5B-EBDD-E0EB-AF758B95C36A
-29.514402,-22.252075,0,B2EE7EC5-4E5B-EBDD-E0EB-AF758B95C36A
-30.279938,-21.142513,0,B2EE7EC5-4E5B-EBDD-E0EB-AF758B95C36A
-30.602154,-20.517508,0,B2EE7EC5-4E5B-EBDD-E0EB-AF758B95C36A
-30.855955,-20.064337,0,B2EE7EC5-4E5B-EBDD-E0EB-AF758B95C36A
-34.798714,29.193645,2,B2EE7EC5-4E5B-EBDD-E0EB-AF758B95C36A
-35.135048,29.118126,1,B2EE7EC5-4E5B-EBDD-E0EB-AF758B95C36A
-35.619648,29.013132,0,B2EE7EC5-4E5B-EBDD-E0EB-AF758B95C36A
-63.43375,29.53852,0,B2EE7EC5-4E5B-EBDD-E0EB-AF758B95C36A
-70.04324,36.589394,0,B2EE7EC5-4E5B-EBDD-E0EB-AF758B95C36A
-70.04428,36.571033,1,B2EE7EC5-4E5B-EBDD-E0EB-AF758B95C36A
-70.14397,31.255547,1,B2EE7EC5-4E5B-EBDD-E0EB-AF758B95C36A
-70.63634,30.85295,1,B2EE7EC5-4E5B-EBDD-E0EB-AF758B95C36A
-71.33965,30.569078,1,B2EE7EC5-4E5B-EBDD-E0EB-AF758B95C36A
-72.64455,30.301678,1,B2EE7EC5-4E5B-EBDD-E0EB-AF758B95C36A
-73.13256,30.131392,1,B2EE7EC5-4E5B-EBDD-E0EB-AF758B95C36A
-73.9378,30.255005,1,B2EE7EC5-4E5B-EBDD-E0EB-AF758B95C36A
5.234042,-34.505207,1,B2EE7EC5-4E5B-EBDD-E0EB-AF758B95C36A
4.6237984,-34.470955,1,B2EE7EC5-4E5B-EBDD-E0EB-AF758B95C36A
4.175727,-34.401997,1,B2EE7EC5-4E5B-EBDD-E0EB-AF758B95C36A
-16.419664,42.13388,2,B3CE5256-6F65-85EB-0078-689BD5CC1B17
-16.72273,42.20555,2,B3CE5256-6F65-85EB-0078-689BD5CC1B17
-17.287949,42.444134,2,B3CE5256-6F65-85EB-0078-689BD5CC1B17
-18.932869,42.962418,2,B3CE5256-6F65-85EB-0078-689BD5CC1B17
-19.480867,43.24004,2,B3CE5256-6F65-85EB-0078-689BD5CC1B17
-19.627739,44.17357,2,B3CE5256-6F65-85EB-0078-689BD5CC1B17
-58.14091,3.7380488,2,B3CE5256-6F65-85EB-0078-689BD5CC1B17
-58.509037,3.5631313,2,B3CE5256-6F65-85EB-0078-689BD5CC1B17
-58.692623,3.4307828,2,B3CE5256-6F65-85EB-0078-689BD5CC1B17
-57.090336,3.705145,2,B3CE5256-6F65-85EB-0078-689BD5CC1B17
-56.775757,3.7594843,2,B3CE5256-6F65-85EB-0078-689BD5CC1B17
-27.39429,38.13237,2,B3CE5256-6F65-85EB-0078-689BD5CC1B17
-27.33647,38.108673,2,B3CE5256-6F65-85EB-0078-689BD5CC1B17
-58.218266,30.773336,2,B3CE5256-6F65-85EB-0078-689BD5CC1B17
-59.14562,30.437426,2,B3CE5256-6F65-85EB-0078-689BD5CC1B17
-60.72825,29.485748,0,B3CE5256-6F65-85EB-0078-689BD5CC1B17
-61.367195,29.395227,0,B3CE5256-6F65-85EB-0078-689BD5CC1B17
-61.670975,29.388609,0,B3CE5256-6F65-85EB-0078-689BD5CC1B17
58.710938,-8.830941,2,B3CE5256-6F65-85EB-0078-689BD5CC1B17
58.785275,-8.914759,2,B3CE5256-6F65-85EB-0078-689BD5CC1B17
66.71175,-35.78933,2,B3CE5256-6F65-85EB-0078-689BD5CC1B17
66.71462,-35.81761,2,B3CE5256-6F65-85EB-0078-689BD5CC1B17
66.90495,-36.19049,2,B3CE5256-6F65-85EB-0078-689BD5CC1B17
67.11706,-36.545433,2,B3CE5256-6F65-85EB-0078-689BD5CC1B17
-45.47507,26.460348,1,B6EE5F90-8F59-D3CF-C449-59216B28207B
-45.313595,26.678118,1,B6EE5F90-8F59-D3CF-C449-59216B28207B
-17.979763,38.7704,1,B6EE5F90-8F59-D3CF-C449-59216B28207B
-18.159143,39.534748,1,B6EE5F90-8F59-D3CF-C449-59216B28207B
-18.485569,40.05651,2,B6EE5F90-8F59-D3CF-C449-59216B28207B
-18.876171,40.617462,2,B6EE5F90-8F59-D3CF-C449-59216B28207B
-23.523256,-36.837284,2,B6EE5F90-8F59-D3CF-C449-59216B28207B
-10.089825,18.3625,2,B6EE5F90-8F59-D3CF-C449-59216B28207B
-10.116701,18.415447,2,B6EE5F90-8F59-D3CF-C449-59216B28207B
-19.764229,10.997677,2,B6EE5F90-8F59-D3CF-C449-59216B28207B
-27.104239,-26.096472,2,B6EE5F90-8F59-D3CF-C449-59216B28207B
-27.092346,-26.07702,2,B6EE5F90-8F59-D3CF-C449-59216B28207B
-10.430869,-11.295521,2,B6EE5F90-8F59-D3CF-C449-59216B28207B
-17.241684,-2.8125505,1,B6EE5F90-8F59-D3CF-C449-59216B28207B
-17.646296,-1.767577,1,B6EE5F90-8F59-D3CF-C449-59216B28207B
-18.087202,-1.4333439,2,B6EE5F90-8F59-D3CF-C449-59216B28207B
-18.5707,-1.4247862,2,B6EE5F90-8F59-D3CF-C449-59216B28207B
-11.882489,-2.6654909,2,B6EE5F90-8F59-D3CF-C449-59216B28207B
-11.839886,-2.7093472,2,B6EE5F90-8F59-D3CF-C449-59216B28207B
6.3945923,-1.8249923,2,B6EE5F90-8F59-D3CF-C449-59216B28207B
6.6855607,-1.7335068,2,B6EE5F90-8F59-D3CF-C449-59216B28207B
7.211947,-1.363813,2,B6EE5F90-8F59-D3CF-C449-59216B28207B
7.9637938,-0.8748904,2,B6EE5F90-8F59-D3CF-C449-59216B28207B
8.617379,-0.35818225,2,B6EE5F90-8F59-D3CF-C449-59216B28207B
-74.58867,17.947472,0,B9FD0C60-33D3-E99E-2475-815EAD5C89C2
-70.0152,20.43064,0,B9FD0C60-33D3-E99E-2475-815EAD5C89C2
-68.99122,21.354935,0,B9FD0C60-33D3-E99E-2475-815EAD5C89C2
-68.739784,21.626287,0,B9FD0C60-33D3-E99E-2475-815EAD5C89C2
-67.858864,23.095049,0,B9FD0C60-33D3-E99E-2475-815EAD5C89C2
-67.642715,23.298552,0,B9FD0C60-33D3-E99E-2475-815EAD5C89C2
-59.070885,17.453617,2,B9FD0C60-33D3-E99E-2475-815EAD5C89C2
-36.77243,39.30669,2,B9FD0C60-33D3-E99E-2475-815EAD5C89C2
-36.269405,39.42531,0,B9FD0C60-33D3-E99E-2475-815EAD5C89C2
-36.121975,39.450577,0,B9FD0C60-33D3-E99E-2475-815EAD5C89C2
-4.0578523,-30.600397,1,B9FD0C60-33D3-E99E-2475-815EAD5C89C2
-4.058612,-30.651155,1,B9FD0C60-33D3-E99E-2475-815EAD5C89C2
-10.563541,-35.22265,1,B9FD0C60-33D3-E99E-2475-815EAD5C89C2
-10.609529,-35.449497,1,B9FD0C60-33D3-E99E-2475-815EAD5C89C2
-10.90809,-36.32506,1,B9FD0C60-33D3-E99E-2475-815EAD5C89C2
-9.283967,-37.720547,1,B9FD0C60-33D3-E99E-2475-815EAD5C89C2
-9.973812,-37.778603,1,B9FD0C60-33D3-E99E-2475-815EAD5C89C2
-10.053494,-37.75742,1,B9FD0C60-33D3-E99E-2475-815EAD5C89C2
0.60129553,3.7377267,1,B9FD0C60-33D3-E99E-2475-815EAD5C89C2
0.6743758,3.6008298,1,B9FD0C60-33D3-E99E-2475-815EAD5C89C2
11.5452175,-2.6795018,1,B9FD0C60-33D3-E99E-2475-815EAD5C89C2
19.680382,-18.797455,1,B9FD0C60-33D3-E99E-2475-815EAD5C89C2
19.903767,-19.171804,1,B9FD0C60-33D3-E99E-2475-815EAD5C89C2
19.506721,-18.202139,1,B9FD0C60-33D3-E99E-2475-815EAD5C89C2
-29.122213,19.95076,2,BAAA2876-D490-2AB5-0A98-6EB94C7FC331
-29.230953,19.7452,2,BAAA2876-D490-2AB5-0A98-6EB94C7FC331
-29.923872,18.143475,2,BAAA2876-D490-2AB5-0A98-6EB94C7FC331
-29.921251,18.105639,2,BAAA2876-D490-2AB5-0A98-6EB94C7FC331
-29.412815,16.283022,2,BAAA2876-D490-2AB5-0A98-6EB94C7FC331
-29.408785,16.253801,2,BAAA2876-D490-2AB5-0A98-6EB94C7FC331
0.141114,13.799002,2,BAAA2876-D490-2AB5-0A98-6EB94C7FC331
0.14448217,13.836553,0,BAAA2876-D490-2AB5-0A98-6EB94C7FC331
0.5295445,12.229962,0,BAAA2876-D490-2AB5-0A98-6EB94C7FC331
1.1695436,11.674532,0,BAAA2876-D490-2AB5-0A98-6EB94C7FC331
1.3436178,11.479742,0,BAAA2876-D490-2AB5-0A98-6EB94C7FC331
0.9987812,10.783497,0,BAAA2876-D490-2AB5-0A98-6EB94C7FC331
-0.14037047,11.768873,2,BAAA2876-D490-2AB5-0A98-6EB94C7FC331
-8.118353,2.8600209,2,BAAA2876-D490-2AB5-0A98-6EB94C7FC331
-7.743776,3.4353247,2,BAAA2876-D490-2AB5-0A98-6EB94C7FC331
-7.0561075,4.4932346,2,BAAA2876-D490-2AB5-0A98-6EB94C7FC331
-6.9528065,4.61474,2,BAAA2876-D490-2AB5-0A98-6EB94C7FC331
-6.7754064,5.13906,2,BAAA2876-D490-2AB5-0A98-6EB94C7FC331
-5.9069695,-1.5922629,1,BAAA2876-D490-2AB5-0A98-6EB94C7FC331
-5.849737,-1.4887798,2,BAAA2876-D490-2AB5-0A98-6EB94C7FC331
-5.425151,-0.283975,2,BAAA2876-D490-2AB5-0A98-6EB94C7FC331
-5.3476114,0.4425603,2,BAAA2876-D490-2AB5-0A98-6EB94C7FC331
-5.3121896,1.3655783,2,BAAA2876-D490-2AB5-0A98-6EB94C7FC331
-5.3413944,1.3040853,0,BAAA2876-D490-2AB5-0A98-6EB94C7FC331
-23.258375,25.935438,2,BC7EE230-0AF9-3AC5-24E5-8EC4B0B432A8
-23.306824,25.643291,2,BC7EE230-0AF9-3AC5-24E5-8EC4B0B432A8
-23.210928,24.639915,2,BC7EE230-0AF9-3AC5-24E5-8EC4B0B432A8
-23.146627,23.966213,2,BC7EE230-0AF9-3AC5-24E5-8EC4B0B432A8
-25.778957,13.400776,2,BC7EE230-0AF9-3AC5-24E5-8EC4B0B432A8
-25.950668,13.179499,1,BC7EE230-0AF9-3AC5-24E5-8EC4B0B432A8
-5.7338552,-16.217787,2,BC7EE230-0AF9-3AC5-24E5-8EC4B0B432A8
-5.0632043,-15.230769,2,BC7EE230-0AF9-3AC5-24E5-8EC4B0B432A8
-4.8166003,-14.473538,0,BC7EE230-0AF9-3AC5-24E5-8EC4B0B432A8
-4.8690996,-14.117339,0,BC7EE230-0AF9-3AC5-24E5-8EC4B0B432A8
-4.9603963,-12.713583,0,BC7EE230-0AF9-3AC5-24E5-8EC4B0B432A8
-4.798303,-12.472695,0,BC7EE230-0AF9-3AC5-24E5-8EC4B0B432A8
30.20956,-4.946482,2,BC7EE230-0AF9-3AC5-24E5-8EC4B0B432A8
31.892532,-4.6129518,2,BC7EE230-0AF9-3AC5-24E5-8EC4B0B432A8
12.495844,39.810207,2,BC7EE230-0AF9-3AC5-24E5-8EC4B0B432A8
12.45815,40.164307,2,BC7EE230-0AF9-3AC5-24E5-8EC4B0B432A8
12.312615,40.674374,2,BC7EE230-0AF9-3AC5-24E5-8EC4B0B432A8
11.912004,41.786682,2,BC7EE230-0AF9-3AC5-24E5-8EC4B0B432A8
69.967606,-5.0092,0,BC7EE230-0AF9-3AC5-24E5-8EC4B0B432A8
70.228386,-5.3120313,0,BC7EE230-0AF9-3AC5-24E5-8EC4B0B432A8
70.284584,-7.03786,0,BC7EE230-0AF9-3AC5-24E5-8EC4B0B432A8
69.702614,-8.093817,0,BC7EE230-0AF9-3AC5-24E5-8EC4B0B432A8
69.013596,-8.709093,0,BC7EE230-0AF9-3AC5-24E5-8EC4B0B432A8
68.76091,-8.843039,0,BC7EE230-0AF9-3AC5-24E5-8EC4B0B432A8
-9.044702,-24.55661,0,BD35F47E-4F73-8664-B165-98D2BF2CDA48
-9.316643,-24.551788,2,BD35F47E-4F73-8664-B165-98D2BF2CDA48
-11.340669,-25.083622,2,BD35F47E-4F73-8664-B165-98D2BF2CDA48
-11.507799,-25.12972,2,BD35F47E-4F73-8664-B165-98D2BF2CDA48
-12.313409,-23.704607,2,BD35F47E-4F73-8664-B165-98D2BF2CDA48
-12.545672,-23.538874,2,BD35F47E-4F73-8664-B165-98D2BF2CDA48
-14.206189,-22.477657,2,BD35F47E-4F73-8664-B165-98D2BF2CDA48
-14.748629,-21.758818,2,BD35F47E-4F73-8664-B165-98D2BF2CDA48
-14.869938,-21.551464,1,BD35F47E-4F73-8664-B165-98D2BF2CDA48
1.7946677,-11.640909,1,BD35F47E-4F73-8664-B165-98D2BF2CDA48
2.1373239,-12.091839,1,BD35F47E-4F73-8664-B165-98D2BF2CDA48
2.6562326,-12.72027,2,BD35F47E-4F73-8664-B165-98D2BF2CDA48
25.561472,0.87068,0,BD35F47E-4F73-8664-B165-98D2BF2CDA48
24.73763,0.81124777,0,BD35F47E-4F73-8664-B165-98D2BF2CDA48
24.315947,0.7931773,0,BD35F47E-4F73-8664-B165-98D2BF2CDA48
23.119972,0.64994794,0,BD35F47E-4F73-8664-B165-98D2BF2CDA48
22.881996,0.6812393,0,BD35F47E-4F73-8664-B165-98D2BF2CDA48
22.578924,0.69102114,0,BD35F47E-4F73-8664-B165-98D2BF2CDA48
11.733921,42.29108,0,BD35F47E-4F73-8664-B165-98D2BF2CDA48
22.445847,-34.139202,0,BD35F47E-4F73-8664-B165-98D2BF2CDA48
32.40626,-42.008137,0,BD35F47E-4F73-8664-B165-98D2BF2CDA48
32.440098,-41.989754,0,BD35F47E-4F73-8664-B165-98D2BF2CDA48
33.916462,-40.966507,1,BD35F47E-4F73-8664-B165-98D2BF2CDA48
33.93216,-40.922634,1,BD35F47E-4F73-8664-B165-98D2BF2CDA48
67.579445,11.814336,0,BD35F47E-4F73-8664-B165-98D2BF2CDA48
67.70251,11.834937,0,BD35F47E-4F73-8664-B165-98D2BF2CDA48
54.711227,0.63360554,0,BD35F47E-4F73-8664-B165-98D2BF2CDA48
54.194717,0.6047613,0,BD35F47E-4F73-8664-B165-98D2BF2CDA48
53.0017,0.5277746,2,BD35F47E-4F73-8664-B165-98D2BF2CDA48
52.872646,0.51008666,2,BD35F47E-4F73-8664-B165-98D2BF2CDA48
-21.201765,42.450237,2,C0ABDBF6-67EF-EA64-A2D1-42FA92BD5713
-21.250202,42.46816,2,C0ABDBF6-67EF-EA64-A2D1-42FA92BD5713
-58.301174,32.892376,2,C0ABDBF6-67EF-EA64-A2D1-42FA92BD5713
-58.73289,32.74752,2,C0ABDBF6-67EF-EA64-A2D1-42FA92BD5713
-59.31006,32.38457,2,C0ABDBF6-67EF-EA64-A2D1-42FA92BD5713
-71.96238,27.473427,2,C0ABDBF6-67EF-EA64-A2D1-42FA92BD5713
-72.46959,27.224985,0,C0ABDBF6-67EF-EA64-A2D1-42FA92BD5713
-72.52376,26.880398,0,C0ABDBF6-67EF-EA64-A2D1-42FA92BD5713
-61.125214,16.811235,0,C0ABDBF6-67EF-EA64-A2D1-42FA92BD5713
-60.569714,16.154325,0,C0ABDBF6-67EF-EA64-A2D1-42FA92BD5713
-59.970646,15.060252,0,C0ABDBF6-67EF-EA64-A2D1-42FA92BD5713
-59.755806,14.931024,2,C0ABDBF6-67EF-EA64-A2D1-42FA92BD5713
-37.18827,-40.821297,0,C0ABDBF6-67EF-EA64-A2D1-42FA92BD5713
-37.23325,-40.82903,0,C0ABDBF6-67EF-EA64-A2D1-42FA92BD5713
-36.236504,-41.678005,2,C0ABDBF6-67EF-EA64-A2D1-42FA92BD5713
-36.2058,-41.650074,2,C0ABDBF6-67EF-EA64-A2D1-42FA92BD5713
-27.853363,-36.02791,2,C0ABDBF6-67EF-EA64-A2D1-42FA92BD5713
-27.643599,-36.360527,2,C0ABDBF6-67EF-EA64-A2D1-42FA92BD5713
-21.989042,-8.044944,2,C0ABDBF6-67EF-EA64-A2D1-42FA92BD5713
-21.985987,-8.04316,2,C0ABDBF6-67EF-EA64-A2D1-42FA92BD5713
-72.73669,15.571596,2,C24A665A-6B67-FDEA-04A4-C2DA3AF79D51
-80.711075,13.26299,2,C24A665A-6B67-FDEA-04A4-C2DA3AF79D51
-81.21964,13.123545,1,C24A665A-6B67-FDEA-04A4-C2DA3AF79D51
-82.65242,12.672786,1,C24A665A-6B67-FDEA-04A4-C2DA3AF79D51
-82.78139,12.703709,1,C24A665A-6B67-FDEA-04A4-C2DA3AF79D51
-83.17041,13.022285,1,C24A665A-6B67-FDEA-04A4-C2DA3AF79D51
-63.84598,28.223698,2,C24A665A-6B67-FDEA-04A4-C2DA3AF79D51
-64.151665,28.0484,2,C24A665A-6B67-FDEA-04A4-C2DA3AF79D51
-71.66281,9.834171,2,C24A665A-6B67-FDEA-04A4-C2DA3AF79D51
-71.62722,9.221462,1,C24A665A-6B67-FDEA-04A4-C2DA3AF79D51
-71.802574,8.515117,1,C24A665A-6B67-FDEA-04A4-C2DA3AF79D51
-71.88153,7.802374,1,C24A665A-6B67-FDEA-04A4-C2DA3AF79D51
-43.834217,22.867748,0,C24A665A-6B67-FDEA-04A4-C2DA3AF79D51
-43.23988,23.135778,0,C24A665A-6B67-FDEA-04A4-C2DA3AF79D51
-42.91371,23.302662,0,C24A665A-6B67-FDEA-04A4-C2DA3AF79D51
-39.50053,27.471087,0,C24A665A-6B67-FDEA-04A4-C2DA3AF79D51
-39.242786,27.00544,1,C24A665A-6B67-FDEA-04A4-C2DA3AF79D51
-39.118313,26.7642,0,C24A665A-6B67-FDEA-04A4-C2DA3AF79D51
74.56022,-5.593743,0,C5DC661F-E2D6-2B65-4765-77C8B81D2488
74.50549,-5.7349696,0,C5DC661F-E2D6-2B65-4765-77C8B81D2488
74.17703,-5.7520084,0,C5DC661F-E2D6-2B65-4765-77C8B81D2488
72.405365,-6.684844,0,C5DC661F-E2D6-2B65-4765-77C8B81D2488
72.19502,-7.2663093,0,C5DC661F-E2D6-2B65-4765-77C8B81D2488
71.67362,-8.614044,0,C5DC661F-E2D6-2B65-4765-77C8B81D2488
71.26259,-9.145163,0,C5DC661F-E2D6-2B65-4765-77C8B81D2488
70.6222,-9.362632,0,C5DC661F-E2D6-2B65-4765-77C8B81D2488
65.31805,-8.849916,0,C5DC661F-E2D6-2B65-4765-77C8B81D2488
61.695007,-3.6919177,0,C5DC661F-E2D6-2B65-4765-77C8B81D2488
60.313347,-2.4941435,0,C5DC661F-E2D6-2B65-4765-77C8B81D2488
60.247288,-2.2872634,2,C5DC661F-E2D6-2B65-4765-77C8B81D2488
94.266884,-13.409714,2,C5DC661F-E2D6-2B65-4765-77C8B81D2488
94.24525,-13.097087,2,C5DC661F-E2D6-2B65-4765-77C8B81D2488
95.859085,-16.043016,2,C5DC661F-E2D6-2B65-4765-77C8B81D2488
95.881874,-16.12271,2,C5DC661F-E2D6-2B65-4765-77C8B81D2488
-17.52054,37.74998,2,C8BB6C15-19FA-A17A-5945-6202803016D7
-15.324388,36.994926,2,C8BB6C15-19FA-A17A-5945-6202803016D7
-15.189597,36.856434,2,C8BB6C15-19FA-A17A-5945-6202803016D7
-13.580791,36.27321,2,C8BB6C15-19FA-A17A-5945-6202803016D7
-34.605133,16.840914,2,C8BB6C15-19FA-A17A-5945-6202803016D7
-34.611603,16.80984,0,C8BB6C15-19FA-A17A-5945-6202803016D7
-21.264088,-38.429684,2,C8BB6C15-19FA-A17A-5945-6202803016D7
-43.402653,-34.713837,2,C8BB6C15-19FA-A17A-5945-6202803016D7
-43.773445,-34.58395,2,C8BB6C15-19FA-A17A-5945-6202803016D7
-43.94541,-34.528305,0,C8BB6C15-19FA-A17A-5945-6202803016D7
-45.647457,-33.944756,0,C8BB6C15-19FA-A17A-5945-6202803016D7
-45.93057,-33.948425,0,C8BB6C15-19FA-A17A-5945-6202803016D7
-9.744408,0.56813115,2,C8BB6C15-19FA-A17A-5945-6202803016D7
-9.603389,0.48615423,2,C8BB6C15-19FA-A17A-5945-6202803016D7
-8.678706,-0.04834386,0,C8BB6C15-19FA-A17A-5945-6202803016D7
-8.376064,-0.13889368,0,C8BB6C15-19FA-A17A-5945-6202803016D7
-7.8629723,0.038274564,0,C8BB6C15-19FA-A17A-5945-6202803016D7
-7.313176,0.009572785,0,C8BB6C15-19FA-A17A-5945-6202803016D7
23.220821,15.573466,0,C8BB6C15-19FA-A17A-5945-6202803016D7
23.398071,15.567941,0,C8BB6C15-19FA-A17A-5945-6202803016D7
29.55477,16.781698,1,C8BB6C15-19FA-A17A-5945-6202803016D7
30.23454,17.03155,1,C8BB6C15-19FA-A17A-5945-6202803016D7
31.136797,17.262262,1,C8BB6C15-19FA-A17A-5945-6202803016D7
31.51235,17.351118,1,C8BB6C15-19FA-A17A-5945-6202803016D7
36.600163,-40.721996,0,C8BB6C15-19FA-A17A-5945-6202803016D7
37.872066,-40.609,1,C8BB6C15-19FA-A17A-5945-6202803016D7
37.972076,-40.601036,1,C8BB6C15-19FA-A17A-5945-6202803016D7
-77.15092,21.381193,2,CCA3ABC5-DCCE-0BBE-5327-E65AE52A195D
-76.73762,20.727587,2,CCA3ABC5-DCCE-0BBE-5327-E65AE52A195D
-69.995804,16.807102,2,CCA3ABC5-DCCE-0BBE-5327-E65AE52A195D
-69.14777,16.532917,0,CCA3ABC5-DCCE-0BBE-5327-E65AE52A195D
-68.59154,15.94157,0,CCA3ABC5-DCCE-0BBE-5327-E65AE52A195D
-67.78409,7.87256,0,CCA3ABC5-DCCE-0BBE-5327-E65AE52A195D
-59.7511,19.432327,2,CCA3ABC5-DCCE-0BBE-5327-E65AE52A195D
-66.97951,29.952473,2,CCA3ABC5-DCCE-0BBE-5327-E65AE52A195D
-67.06399,29.80303,2,CCA3ABC5-DCCE-0BBE-5327-E65AE52A195D
-67.28963,28.736618,0,CCA3ABC5-DCCE-0BBE-5327-E65AE52A195D
-68.11885,28.2117,0,CCA3ABC5-DCCE-0BBE-5327-E65AE52A195D
-68.260414,28.045362,0,CCA3ABC5-DCCE-0BBE-5327-E65AE52A195D
-64.97774,17.414585,2,CD5833CD-93D3-318C-371A-18A32DEFC38B
-64.693924,17.999893,0,CD5833CD-93D3-318C-371A-18A32DEFC38B
-64.52589,18.507023,0,CD5833CD-93D3-318C-371A-18A32DEFC38B
-64.305725,19.555132,0,CD5833CD-93D3-318C-371A-18A32DEFC38B
-67.234406,33.52331,0,CD5833CD-93D3-318C-371A-18A32DEFC38B
-67.23576,33.517735,0,CD5833CD-93D3-318C-371A-18A32DEFC38B
31.788588,-12.392667,2,CD5833CD-93D3-318C-371A-18A32DEFC38B
31.633621,-12.633101,2,CD5833CD-93D3-318C-371A-18A32DEFC38B
31.37987,-13.099599,2,CD5833CD-93D3-318C-371A-18A32DEFC38B
31.165289,-13.598462,2,CD5833CD-93D3-318C-371A-18A32DEFC38B
30.356258,-13.067998,2,CD5833CD-93D3-318C-371A-18A32DEFC38B
29.3029,-13.289504,2,CD5833CD-93D3-318C-371A-18A32DEFC38B
95.16979,-10.765333,2,CD5833CD-93D3-318C-371A-18A32DEFC38B
97.77712,-14.96853,2,CD5833CD-93D3-318C-371A-18A32DEFC38B
97.72079,-15.072093,2,CD5833CD-93D3-318C-371A-18A32DEFC38B
-69.04088,9.689588,0,D0F7ABC0-F552-63CD-CAC6-6703C39B83CA
-67.473656,1.6178316,0,D0F7ABC0-F552-63CD-CAC6-6703C39B83CA
-68.11768,-0.37403202,0,D0F7ABC0-F552-63CD-CAC6-6703C39B83CA
-68.2222,-0.5944553,1,D0F7ABC0-F552-63CD-CAC6-6703C39B83CA
-67.05506,-0.7043175,2,D0F7ABC0-F552-63CD-CAC6-6703C39B83CA
-66.76407,-0.7703648,2,D0F7ABC0-F552-63CD-CAC6-6703C39B83CA
27.248253,-15.292142,1,D0F7ABC0-F552-63CD-CAC6-6703C39B83CA
-36.94277,22.030901,1,D0F7ABC0-F552-63CD-CAC6-6703C39B83CA
-36.671284,21.800657,0,D0F7ABC0-F552-63CD-CAC6-6703C39B83CA
-35.709652,20.679392,0,D0F7ABC0-F552-63CD-CAC6-6703C39B83CA
-35.268425,20.297764,0,D0F7ABC0-F552-63CD-CAC6-6703C39B83CA
-35.10189,20.129906,0,D0F7ABC0-F552-63CD-CAC6-6703C39B83CA
-10.376825,-31.79027,1,D0F7ABC0-F552-63CD-CAC6-6703C39B83CA
-10.36794,-31.773878,1,D0F7ABC0-F552-63CD-CAC6-6703C39B83CA
-9.161257,8.757396,1,D0F7ABC0-F552-63CD-CAC6-6703C39B83CA
-9.326459,9.324358,1,D0F7ABC0-F552-63CD-CAC6-6703C39B83CA
-9.494587,10.114017,2,D0F7ABC0-F552-63CD-CAC6-6703C39B83CA
-9.474287,10.811758,2,D0F7ABC0-F552-63CD-CAC6-6703C39B83CA
49.434242,4.739189,2,D0F7ABC0-F552-63CD-CAC6-6703C39B83CA
49.454586,4.7526855,2,D0F7ABC0-F552-63CD-CAC6-6703C39B83CA
47.043495,5.4034877,2,D0F7ABC0-F552-63CD-CAC6-6703C39B83CA
46.92918,5.4365344,1,D0F7ABC0-F552-63CD-CAC6-6703C39B83CA
40.150303,-9.847568,1,D0F7ABC0-F552-63CD-CAC6-6703C39B83CA
40.16424,-9.877659,1,D0F7ABC0-F552-63CD-CAC6-6703C39B83CA
-46.52008,7.2103786,2,D51A5648-0039-8CB1-45CB-C51E5ABA8BCC
-46.64218,7.168242,0,D51A5648-0039-8CB1-45CB-C51E5ABA8BCC
-43.732845,4.485127,0,D51A5648-0039-8CB1-45CB-C51E5ABA8BCC
-43.673065,4.4908304,0,D51A5648-0039-8CB1-45CB-C51E5ABA8BCC
-42.94079,4.7688937,0,D51A5648-0039-8CB1-45CB-C51E5ABA8BCC
-41.84661,5.697312,0,D51A5648-0039-8CB1-45CB-C51E5ABA8BCC
6.7377973,-30.429783,2,D51A5648-0039-8CB1-45CB-C51E5ABA8BCC
6.7559333,-30.458698,2,D51A5648-0039-8CB1-45CB-C51E5ABA8BCC
-25.185053,-12.9268,2,D51A5648-0039-8CB1-45CB-C51E5ABA8BCC
-25.66167,-12.476249,2,D51A5648-0039-8CB1-45CB-C51E5ABA8BCC
-26.119524,-11.925739,2,D51A5648-0039-8CB1-45CB-C51E5ABA8BCC
-26.157045,-11.759545,0,D51A5648-0039-8CB1-45CB-C51E5ABA8BCC
38.687138,-28.286686,1,D51A5648-0039-8CB1-45CB-C51E5ABA8BCC
38.84793,-28.486387,1,D51A5648-0039-8CB1-45CB-C51E5ABA8BCC
39.13389,-28.846441,2,D51A5648-0039-8CB1-45CB-C51E5ABA8BCC
64.94313,8.274143,2,D51A5648-0039-8CB1-45CB-C51E5ABA8BCC
65.123955,9.556438,2,D51A5648-0039-8CB1-45CB-C51E5ABA8BCC
65.13382,9.775804,2,D51A5648-0039-8CB1-45CB-C51E5ABA8BCC
-32.752354,14.747088,0,D6D11A63-A131-4E74-041D-6E3BD8EFF8FF
-32.654396,14.789904,1,D6D11A63-A131-4E74-041D-6E3BD8EFF8FF
14.470976,-12.73832,2,D6D11A63-A131-4E74-041D-6E3BD8EFF8FF
14.448243,-12.76664,2,D6D11A63-A131-4E74-041D-6E3BD8EFF8FF
-12.868102,25.441471,2,D6D11A63-A131-4E74-041D-6E3BD8EFF8FF
-12.790447,25.103218,2,D6D11A63-A131-4E74-041D-6E3BD8EFF8FF
42.91337,10.214794,2,D6D11A63-A131-4E74-041D-6E3BD8EFF8FF
42.88167,10.423925,2,D6D11A63-A131-4E74-041D-6E3BD8EFF8FF
42.66291,12.132495,0,D6D11A63-A131-4E74-041D-6E3BD8EFF8FF
42.260033,12.847094,0,D6D11A63-A131-4E74-041D-6E3BD8EFF8FF
42.015648,13.033521,0,D6D11A63-A131-4E74-041D-6E3BD8EFF8FF
44.395817,5.486479,0,D6D11A63-A131-4E74-041D-6E3BD8EFF8FF
44.170357,4.851282,0,D6D11A63-A131-4E74-041D-6E3BD8EFF8FF
43.985916,4.5464573,1,D6D11A63-A131-4E74-041D-6E3BD8EFF8FF
40.254227,-48.2611,1,D6D11A63-A131-4E74-041D-6E3BD8EFF8FF
39.956543,-49.090527,1,D6D11A63-A131-4E74-041D-6E3BD8EFF8FF
40.971584,-51.865444,1,D6D11A63-A131-4E74-041D-6E3BD8EFF8FF
40.990273,-51.90455,1,D6D11A63-A131-4E74-041D-6E3BD8EFF8FF
87.956085,-1.2153025,0,D6D11A63-A131-4E74-041D-6E3BD8EFF8FF
87.47768,-1.3792064,0,D6D11A63-A131-4E74-041D-6E3BD8EFF8FF
86.66376,-2.0740335,0,D6D11A63-A131-4E74-041D-6E3BD8EFF8FF
86.54089,-2.2485385,1,D6D11A63-A131-4E74-041D-6E3BD8EFF8FF
85.48733,-4.091367,1,D6D11A63-A131-4E74-041D-6E3BD8EFF8FF
85.42784,-4.1635265,2,D6D11A63-A131-4E74-041D-6E3BD8EFF8FF
-73.94674,13.414415,1,DA2856BC-D181-9AF0-DC9A-99A9444D5579
-73.79933,13.122025,1,DA2856BC-D181-9AF0-DC9A-99A9444D5579
-68.8715,5.5364623,1,DA2856BC-D181-9AF0-DC9A-99A9444D5579
-42.889103,31.689342,1,DA2856BC-D181-9AF0-DC9A-99A9444D5579
-43.238644,31.69683,1,DA2856BC-D181-9AF0-DC9A-99A9444D5579
-43.874176,31.921858,1,DA2856BC-D181-9AF0-DC9A-99A9444D5579
26.869864,-33.482697,1,DA2856BC-D181-9AF0-DC9A-99A9444D5579
27.513386,-35.34808,1,DA2856BC-D181-9AF0-DC9A-99A9444D5579
27.533281,-35.45436,1,DA2856BC-D181-9AF0-DC9A-99A9444D5579
-56.8741,37.095284,1,DA2856BC-D181-9AF0-DC9A-99A9444D5579
-57.249256,36.075127,2,DA2856BC-D181-9AF0-DC9A-99A9444D5579
-57.306026,35.8679,2,DA2856BC-D181-9AF0-DC9A-99A9444D5579
-27.846172,25.840555,0,DA2856BC-D181-9AF0-DC9A-99A9444D5579
-27.51827,25.414524,0,DA2856BC-D181-9AF0-DC9A-99A9444D5579
-27.729923,24.764074,0,DA2856BC-D181-9AF0-DC9A-99A9444D5579
-27.646555,24.62458,2,DA2856BC-D181-9AF0-DC9A-99A9444D5579
-26.023159,24.324694,2,DA2856BC-D181-9AF0-DC9A-99A9444D5579
-25.84515,23.635553,2,DA2856BC-D181-9AF0-DC9A-99A9444D5579
54.138763,-11.904011,0,DA2856BC-D181-9AF0-DC9A-99A9444D5579
55.548798,-12.480323,2,DA2856BC-D181-9AF0-DC9A-99A9444D5579
55.234753,-12.272342,2,DA2856BC-D181-9AF0-DC9A-99A9444D5579
53.369015,-12.658513,2,DA2856BC-D181-9AF0-DC9A-99A9444D5579
52.684242,-12.666771,2,DA2856BC-D181-9AF0-DC9A-99A9444D5579
52.134514,-12.205359,2,DA2856BC-D181-9AF0-DC9A-99A9444D5579
-66.08375,8.389164,0,DBA0C8C4-AE05-772F-2E53-E6167F8ACB77
-63.41277,7.488293,2,DBA0C8C4-AE05-772F-2E53-E6167F8ACB77
-13.184425,43.992245,2,DBA0C8C4-AE05-772F-2E53-E6167F8ACB77
-13.180008,43.95841,2,DBA0C8C4-AE05-772F-2E53-E6167F8ACB77
-9.181508,40.2618,0,DBA0C8C4-AE05-772F-2E53-E6167F8ACB77
-9.170381,40.235596,0,DBA0C8C4-AE05-772F-2E53-E6167F8ACB77
-27.404121,32.719376,2,DBA0C8C4-AE05-772F-2E53-E6167F8ACB77
-27.419363,32.716496,2,DBA0C8C4-AE05-772F-2E53-E6167F8ACB77
-29.047659,24.40254,0,DBA0C8C4-AE05-772F-2E53-E6167F8ACB77
-62.089817,27.548027,0,DBA0C8C4-AE05-772F-2E53-E6167F8ACB77
-62.128166,27.3104,0,DBA0C8C4-AE05-772F-2E53-E6167F8ACB77
-53.824158,30.974558,0,DBA0C8C4-AE05-772F-2E53-E6167F8ACB77
-53.283596,31.18254,0,DBA0C8C4-AE05-772F-2E53-E6167F8ACB77
-53.1978,31.10826,2,DBA0C8C4-AE05-772F-2E53-E6167F8ACB77
-52.49231,31.924162,2,DBA0C8C4-AE05-772F-2E53-E6167F8ACB77
-52.014454,32.51641,0,DBA0C8C4-AE05-772F-2E53-E6167F8ACB77
-51.628143,33.17738,0,DBA0C8C4-AE05-772F-2E53-E6167F8ACB77
-51.149647,34.478016,0,DBA0C8C4-AE05-772F-2E53-E6167F8ACB77
-51.037655,34.62362,0,DBA0C8C4-AE05-772F-2E53-E6167F8ACB77
-50.292595,34.530262,0,DBA0C8C4-AE05-772F-2E53-E6167F8ACB77
-46.77046,23.686258,0,DBA0C8C4-AE05-772F-2E53-E6167F8ACB77
-46.708145,23.454477,2,DBA0C8C4-AE05-772F-2E53-E6167F8ACB77
-18.357063,27.639078,2,DBA0C8C4-AE05-772F-2E53-E6167F8ACB77
-18.262022,27.509533,2,DBA0C8C4-AE05-772F-2E53-E6167F8ACB77
-16.568344,26.60455,2,DBA0C8C4-AE05-772F-2E53-E6167F8ACB77
-16.499258,26.393764,0,DBA0C8C4-AE05-772F-2E53-E6167F8ACB77
-20.819832,-36.59052,2,DBA0C8C4-AE05-772F-2E53-E6167F8ACB77
1.839812,-45.67919,2,DBA0C8C4-AE05-772F-2E53-E6167F8ACB77
2.085066,-45.55033,2,DBA0C8C4-AE05-772F-2E53-E6167F8ACB77
2.661296,-45.34882,2,DBA0C8C4-AE05-772F-2E53-E6167F8ACB77
30.330715,5.3898134,0,DBA0C8C4-AE05-772F-2E53-E6167F8ACB77
30.249557,5.407125,2,DBA0C8C4-AE05-772F-2E53-E6167F8ACB77
35.068424,-5.059523,0,DBA0C8C4-AE05-772F-2E53-E6167F8ACB77
35.19175,-5.1369376,0,DBA0C8C4-AE05-772F-2E53-E6167F8ACB77
43.178894,-22.281906,0,DBA0C8C4-AE05-772F-2E53-E6167F8ACB77
43.193657,-22.253595,0,DBA0C8C4-AE05-772F-2E53-E6167F8ACB77
18.246918,-6.1812906,1,DC0BE0E2-B41E-3D73-47C5-5733952512CB
18.237122,-6.3763633,2,DC0BE0E2-B41E-3D73-47C5-5733952512CB
17.626509,-6.8985167,2,DC0BE0E2-B41E-3D73-47C5-5733952512CB
16.86603,-6.8994045,2,DC0BE0E2-B41E-3D73-47C5-5733952512CB
16.393219,-6.8946505,2,DC0BE0E2-B41E-3D73-47C5-5733952512CB
8.248858,10.58843,2,DC0BE0E2-B41E-3D73-47C5-5733952512CB
7.5386887,11.60469,2,DC0BE0E2-B41E-3D73-47C5-5733952512CB
7.5533204,11.511079,2,DC0BE0E2-B41E-3D73-47C5-5733952512CB
6.2984776,12.39113,2,DC0BE0E2-B41E-3D73-47C5-5733952512CB
6.1721725,12.519588,2,DC0BE0E2-B41E-3D73-47C5-5733952512CB
6.95861,12.669419,2,DC0BE0E2-B41E-3D73-47C5-5733952512CB
7.7509384,12.609065,2,DC0BE0E2-B41E-3D73-47C5-5733952512CB
-28.77395,5.5058007,2,DCB45A10-FAF5-53E0-AB53-2D42AC9BB090
-28.907446,5.512512,2,DCB45A10-FAF5-53E0-AB53-2D42AC9BB090
-3.014875,-48.288147,0,DCB45A10-FAF5-53E0-AB53-2D42AC9BB090
-2.6879995,-48.094627,0,DCB45A10-FAF5-53E0-AB53-2D42AC9BB090
-1.6013846,-47.31613,0,DCB45A10-FAF5-53E0-AB53-2D42AC9BB090
-1.5137812,-47.194454,0,DCB45A10-FAF5-53E0-AB53-2D42AC9BB090
-12.588228,-52.77582,1,DCB45A10-FAF5-53E0-AB53-2D42AC9BB090
-12.4636,-52.987087,1,DCB45A10-FAF5-53E0-AB53-2D42AC9BB090
-12.1688795,-53.492367,0,DCB45A10-FAF5-53E0-AB53-2D42AC9BB090
-35.812798,-17.201292,0,DCB45A10-FAF5-53E0-AB53-2D42AC9BB090
-35.83079,-17.355316,0,DCB45A10-FAF5-53E0-AB53-2D42AC9BB090
-35.88085,-17.762197,0,DCB45A10-FAF5-53E0-AB53-2D42AC9BB090
13.977982,24.3075,0,DCB45A10-FAF5-53E0-AB53-2D42AC9BB090
14.080679,24.728409,0,DCB45A10-FAF5-53E0-AB53-2D42AC9BB090
14.205935,25.255663,0,DCB45A10-FAF5-53E0-AB53-2D42AC9BB090
14.501945,27.60086,1,DCB45A10-FAF5-53E0-AB53-2D42AC9BB090
14.566622,27.987831,1,DCB45A10-FAF5-53E0-AB53-2D42AC9BB090
14.97692,33.49752,2,DCB45A10-FAF5-53E0-AB53-2D42AC9BB090
27.24462,-11.024047,1,DCB45A10-FAF5-53E0-AB53-2D42AC9BB090
27.231577,-11.017965,0,DCB45A10-FAF5-53E0-AB53-2D42AC9BB090
39.83223,3.3495994,0,DCB45A10-FAF5-53E0-AB53-2D42AC9BB090
40.17333,4.150103,0,DCB45A10-FAF5-53E0-AB53-2D42AC9BB090
40.300266,4.372851,0,DCB45A10-FAF5-53E0-AB53-2D42AC9BB090
40.9494,4.827436,0,DCB45A10-FAF5-53E0-AB53-2D42AC9BB090
-75.7687,12.759067,2,DD956DE9-DEFB-C0C6-82B4-C639A17D6782
-71.21014,-2.8144593,2,DD956DE9-DEFB-C0C6-82B4-C639A17D6782
-71.20178,-3.0243936,2,DD956DE9-DEFB-C0C6-82B4-C639A17D6782
-71.63185,-4.6666327,2,DD956DE9-DEFB-C0C6-82B4-C639A17D6782
-71.76135,-5.2191086,2,DD956DE9-DEFB-C0C6-82B4-C639A17D6782
-71.89065,-5.6613083,0,DD956DE9-DEFB-C0C6-82B4-C639A17D6782
-24.390734,40.17746,2,DD956DE9-DEFB-C0C6-82B4-C639A17D6782
-24.07664,40.330063,2,DD956DE9-DEFB-C0C6-82B4-C639A17D6782
-23.429329,40.691036,2,DD956DE9-DEFB-C0C6-82B4-C639A17D6782
-22.631077,40.457355,2,DD956DE9-DEFB-C0C6-82B4-C639A17D6782
-21.73778,39.98997,2,DD956DE9-DEFB-C0C6-82B4-C639A17D6782
-21.610212,39.338104,0,DD956DE9-DEFB-C0C6-82B4-C639A17D6782
-20.609968,10.2317705,2,DD956DE9-DEFB-C0C6-82B4-C639A17D6782
-20.612852,10.25153,2,DD956DE9-DEFB-C0C6-82B4-C639A17D6782
-44.47951,-30.87593,2,DD956DE9-DEFB-C0C6-82B4-C639A17D6782
-44.454613,-30.914925,0,DD956DE9-DEFB-C0C6-82B4-C639A17D6782
-45.214718,-39.238007,0,DD956DE9-DEFB-C0C6-82B4-C639A17D6782
-45.210327,-39.23976,0,DD956DE9-DEFB-C0C6-82B4-C639A17D6782
27.380638,-2.3699553,0,DD956DE9-DEFB-C0C6-82B4-C639A17D6782
27.385838,-2.3639026,0,DD956DE9-DEFB-C0C6-82B4-C639A17D6782
32.002773,-1.4255847,2,DD956DE9-DEFB-C0C6-82B4-C639A17D6782
16.380243,37.87703,2,DD956DE9-DEFB-C0C6-82B4-C639A17D6782
15.843264,38.4986,2,DD956DE9-DEFB-C0C6-82B4-C639A17D6782
15.782381,38.58754,2,DD956DE9-DEFB-C0C6-82B4-C639A17D6782
-14.703423,13.775883,2,DE775A65-68D5-C477-E2F7-BCC1AEF0B850
-14.61037,13.752021,2,DE775A65-68D5-C477-E2F7-BCC1AEF0B850
-1.5586218,-44.145836,0,DE775A65-68D5-C477-E2F7-BCC1AEF0B850
-1.3344976,-43.766182,0,DE775A65-68D5-C477-E2F7-BCC1AEF0B850
-1.3033422,-43.614708,0,DE775A65-68D5-C477-E2F7-BCC1AEF0B850
-1.1719491,-42.57852,0,DE775A65-68D5-C477-E2F7-BCC1AEF0B850
26.744246,16.508366,2,DE775A65-68D5-C477-E2F7-BCC1AEF0B850
26.814302,16.603848,2,DE775A65-68D5-C477-E2F7-BCC1AEF0B850
18.484898,5.0388403,2,DE775A65-68D5-C477-E2F7-BCC1AEF0B850
16.307884,31.036833,2,DE775A65-68D5-C477-E2F7-BCC1AEF0B850
16.304796,31.253408,2,DE775A65-68D5-C477-E2F7-BCC1AEF0B850
16.23488,32.296177,2,DE775A65-68D5-C477-E2F7-BCC1AEF0B850
48.904408,-11.114412,2,DE775A65-68D5-C477-E2F7-BCC1AEF0B850
48.908062,-11.123313,2,DE775A65-68D5-C477-E2F7-BCC1AEF0B850
71.66104,4.4762707,2,DE775A65-68D5-C477-E2F7-BCC1AEF0B850
72.18039,4.293549,2,DE775A65-68D5-C477-E2F7-BCC1AEF0B850
72.53981,4.101579,2,DE775A65-68D5-C477-E2F7-BCC1AEF0B850
72.907036,3.7966645,2,DE775A65-68D5-C477-E2F7-BCC1AEF0B850
59.17045,0.98727554,2,DE775A65-68D5-C477-E2F7-BCC1AEF0B850
59.13215,1.0604687,2,DE775A65-68D5-C477-E2F7-BCC1AEF0B850
50.038242,15.396229,2,DE775A65-68D5-C477-E2F7-BCC1AEF0B850
50.89967,14.264345,2,DE775A65-68D5-C477-E2F7-BCC1AEF0B850
50.12832,14.131752,2,DE775A65-68D5-C477-E2F7-BCC1AEF0B850
49.94252,13.976682,2,DE775A65-68D5-C477-E2F7-BCC1AEF0B850
-7.7774725,37.68564,2,DF62EF03-DA30-E70A-CA31-03A029C9610A
-20.48068,36.264004,2,DF62EF03-DA30-E70A-CA31-03A029C9610A
-20.848711,36.276436,0,DF62EF03-DA30-E70A-CA31-03A029C9610A
-22.564114,36.183582,0,DF62EF03-DA30-E70A-CA31-03A029C9610A
-22.95969,36.233185,0,DF62EF03-DA30-E70A-CA31-03A029C9610A
-23.333334,36.346016,2,DF62EF03-DA30-E70A-CA31-03A029C9610A
34.09185,-27.998856,1,DF62EF03-DA30-E70A-CA31-03A029C9610A
34.09765,-27.9805,1,DF62EF03-DA30-E70A-CA31-03A029C9610A
55.24737,-18.10028,1,DF62EF03-DA30-E70A-CA31-03A029C9610A
55.28279,-17.82374,1,DF62EF03-DA30-E70A-CA31-03A029C9610A
63.293148,-15.368498,1,DF62EF03-DA30-E70A-CA31-03A029C9610A
63.651028,-14.955432,1,DF62EF03-DA30-E70A-CA31-03A029C9610A
64.89889,-14.967236,1,DF62EF03-DA30-E70A-CA31-03A029C9610A
64.99166,-14.954347,1,DF62EF03-DA30-E70A-CA31-03A029C9610A
72.47544,18.920042,1,DF62EF03-DA30-E70A-CA31-03A029C9610A
72.37298,18.943827,2,DF62EF03-DA30-E70A-CA31-03A029C9610A
71.62005,19.996792,2,DF62EF03-DA30-E70A-CA31-03A029C9610A
71.55718,20.09863,2,DF62EF03-DA30-E70A-CA31-03A029C9610A
83.10242,-8.631973,0,DF62EF03-DA30-E70A-CA31-03A029C9610A
83.13505,-8.6367035,0,DF62EF03-DA30-E70A-CA31-03A029C9610A
89.60901,-10.715909,2,DF62EF03-DA30-E70A-CA31-03A029C9610A
90.00794,-10.801335,2,DF62EF03-DA30-E70A-CA31-03A029C9610A
90.72915,-10.973214,2,DF62EF03-DA30-E70A-CA31-03A029C9610A
91.75946,-11.096434,2,DF62EF03-DA30-E70A-CA31-03A029C9610A
34.99626,24.964563,0,E3489F9E-39E2-47B9-24EF-BAACE1438D00
35.317207,25.183065,0,E3489F9E-39E2-47B9-24EF-BAACE1438D00
35.805683,25.50763,0,E3489F9E-39E2-47B9-24EF-BAACE1438D00
37.24666,26.39631,0,E3489F9E-39E2-47B9-24EF-BAACE1438D00
64.18644,-10.54679,2,E3489F9E-39E2-47B9-24EF-BAACE1438D00
65.761375,-10.499939,0,E3489F9E-39E2-47B9-24EF-BAACE1438D00
81.34394,-16.982807,2,E3489F9E-39E2-47B9-24EF-BAACE1438D00
81.409096,-16.910734,2,E3489F9E-39E2-47B9-24EF-BAACE1438D00
82.783806,-15.290221,2,E3489F9E-39E2-47B9-24EF-BAACE1438D00
83.17724,-14.744378,2,E3489F9E-39E2-47B9-24EF-BAACE1438D00
83.582275,-14.037008,0,E3489F9E-39E2-47B9-24EF-BAACE1438D00
84.17761,-13.439467,0,E3489F9E-39E2-47B9-24EF-BAACE1438D00
101.69824,-13.5241995,0,E3489F9E-39E2-47B9-24EF-BAACE1438D00
101.08136,-13.169202,0,E3489F9E-39E2-47B9-24EF-BAACE1438D00
100.700966,-12.938347,0,E3489F9E-39E2-47B9-24EF-BAACE1438D00
100.36722,-12.813596,0,E3489F9E-39E2-47B9-24EF-BAACE1438D00
94.67851,-14.667023,0,E3489F9E-39E2-47B9-24EF-BAACE1438D00
41.89949,18.728622,0,E3489F9E-39E2-47B9-24EF-BAACE1438D00
41.51701,18.072784,2,E3489F9E-39E2-47B9-24EF-BAACE1438D00
41.281578,17.738777,2,E3489F9E-39E2-47B9-24EF-BAACE1438D00
40.91799,17.134706,2,E3489F9E-39E2-47B9-24EF-BAACE1438D00
97.10609,-18.462502,2,E3489F9E-39E2-47B9-24EF-BAACE1438D00
97.33814,-18.418058,2,E3489F9E-39E2-47B9-24EF-BAACE1438D00
-30.95888,-40.552402,2,E49C1269-8AB7-8C8F-FC88-AA92C2F1E260
-31.25672,-40.76562,2,E49C1269-8AB7-8C8F-FC88-AA92C2F1E260
-31.432774,-40.803524,2,E49C1269-8AB7-8C8F-FC88-AA92C2F1E260
-33.282227,-38.83016,1,E49C1269-8AB7-8C8F-FC88-AA92C2F1E260
-33.57291,-38.75723,0,E49C1269-8AB7-8C8F-FC88-AA92C2F1E260
-33.833233,-38.527836,0,E49C1269-8AB7-8C8F-FC88-AA92C2F1E260
23.609064,-14.474043,0,E49C1269-8AB7-8C8F-FC88-AA92C2F1E260
23.608862,-14.753012,0,E49C1269-8AB7-8C8F-FC88-AA92C2F1E260
23.429895,-15.20444,0,E49C1269-8AB7-8C8F-FC88-AA92C2F1E260
22.694855,-15.771404,0,E49C1269-8AB7-8C8F-FC88-AA92C2F1E260
2.361134,-15.863753,0,E49C1269-8AB7-8C8F-FC88-AA92C2F1E260
2.2936928,-15.822153,0,E49C1269-8AB7-8C8F-FC88-AA92C2F1E260
10.685368,43.727646,2,E49C1269-8AB7-8C8F-FC88-AA92C2F1E260
10.773889,43.3605,2,E49C1269-8AB7-8C8F-FC88-AA92C2F1E260
39.289898,26.495127,2,E49C1269-8AB7-8C8F-FC88-AA92C2F1E260
39.3275,26.111347,0,E49C1269-8AB7-8C8F-FC88-AA92C2F1E260
39.581295,25.894081,0,E49C1269-8AB7-8C8F-FC88-AA92C2F1E260
61.30905,-11.787945,0,E49C1269-8AB7-8C8F-FC88-AA92C2F1E260
-11.596079,38.21606,2,E5CCE6B3-2C6E-BE96-602F-3852C8614777
-11.625478,38.205784,2,E5CCE6B3-2C6E-BE96-602F-3852C8614777
-21.526087,28.36139,0,E5CCE6B3-2C6E-BE96-602F-3852C8614777
1.1442933,32.150246,0,E5CCE6B3-2C6E-BE96-602F-3852C8614777
1.6897684,32.25911,0,E5CCE6B3-2C6E-BE96-602F-3852C8614777
2.2723608,32.44411,0,E5CCE6B3-2C6E-BE96-602F-3852C8614777
-23.291124,-1.9223446,2,E5CCE6B3-2C6E-BE96-602F-3852C8614777
-22.850887,-2.2640116,2,E5CCE6B3-2C6E-BE96-602F-3852C8614777
-20.686455,-5.240085,0,E5CCE6B3-2C6E-BE96-602F-3852C8614777
-20.758581,-4.9720564,0,E5CCE6B3-2C6E-BE96-602F-3852C8614777
-20.775375,-4.1301723,0,E5CCE6B3-2C6E-BE96-602F-3852C8614777
-20.519058,-3.328807,2,E5CCE6B3-2C6E-BE96-602F-3852C8614777
51.842743,5.273476,0,E5CCE6B3-2C6E-BE96-602F-3852C8614777
53.80332,6.5423126,0,E5CCE6B3-2C6E-BE96-602F-3852C8614777
54.087696,6.6251874,0,E5CCE6B3-2C6E-BE96-602F-3852C8614777
54.04969,6.6979413,0,E5CCE6B3-2C6E-BE96-602F-3852C8614777
40.46207,9.105858,0,E5CCE6B3-2C6E-BE96-602F-3852C8614777
40.441597,9.125581,2,E5CCE6B3-2C6E-BE96-602F-3852C8614777
91.18116,-17.915634,1,E5CCE6B3-2C6E-BE96-602F-3852C8614777
91.58708,-18.322842,2,E5CCE6B3-2C6E-BE96-602F-3852C8614777
6.133924,-39.40441,2,E5F96AC5-AE7E-C4E8-8288-FB2674F43704
6.3645964,-39.059196,1,E5F96AC5-AE7E-C4E8-8288-FB2674F43704
6.5753126,-38.5564,1,E5F96AC5-AE7E-C4E8-8288-FB2674F43704
-21.766716,0.4461868,1,E5F96AC5-AE7E-C4E8-8288-FB2674F43704
-21.698093,0.37060073,2,E5F96AC5-AE7E-C4E8-8288-FB2674F43704
-21.382294,-0.23426296,2,E5F96AC5-AE7E-C4E8-8288-FB2674F43704
32.212173,-6.720552,1,E5F96AC5-AE7E-C4E8-8288-FB2674F43704
32.664078,-6.848854,1,E5F96AC5-AE7E-C4E8-8288-FB2674F43704
33.377968,-7.425427,1,E5F96AC5-AE7E-C4E8-8288-FB2674F43704
33.706715,-7.6425843,1,E5F96AC5-AE7E-C4E8-8288-FB2674F43704
23.2296,23.034254,1,E5F96AC5-AE7E-C4E8-8288-FB2674F43704
23.202274,23.182804,1,E5F96AC5-AE7E-C4E8-8288-FB2674F43704
52.526104,12.370874,2,E5F96AC5-AE7E-C4E8-8288-FB2674F43704
52.54345,12.978515,2,E5F96AC5-AE7E-C4E8-8288-FB2674F43704
52.81458,13.421311,2,E5F96AC5-AE7E-C4E8-8288-FB2674F43704
47.149593,14.564056,2,E5F96AC5-AE7E-C4E8-8288-FB2674F43704
47.48381,14.161001,2,E5F96AC5-AE7E-C4E8-8288-FB2674F43704
48.187077,13.707373,2,E5F96AC5-AE7E-C4E8-8288-FB2674F43704
-75.445694,21.20168,2,EA788550-E907-E4AC-EAE4-82CC26723E3B
-74.83822,21.071104,2,EA788550-E907-E4AC-EAE4-82CC26723E3B
-70.76726,18.38447,2,EA788550-E907-E4AC-EAE4-82CC26723E3B
-70.75151,18.178713,2,EA788550-E907-E4AC-EAE4-82CC26723E3B
-67.779495,9.790742,2,EA788550-E907-E4AC-EAE4-82CC26723E3B
-67.51886,9.382415,2,EA788550-E907-E4AC-EAE4-82CC26723E3B
-26.764446,18.820644,0,EA788550-E907-E4AC-EAE4-82CC26723E3B
-26.64587,18.992935,0,EA788550-E907-E4AC-EAE4-82CC26723E3B
-25.813772,20.397427,1,EA788550-E907-E4AC-EAE4-82CC26723E3B
-25.622194,20.603195,1,EA788550-E907-E4AC-EAE4-82CC26723E3B
-24.686,20.997387,1,EA788550-E907-E4AC-EAE4-82CC26723E3B
-21.400684,13.399291,1,EA788550-E907-E4AC-EAE4-82CC26723E3B
-11.8257675,19.999634,1,EA788550-E907-E4AC-EAE4-82CC26723E3B
-12.0589075,19.456974,1,EA788550-E907-E4AC-EAE4-82CC26723E3B
-12.59556,18.972683,1,EA788550-E907-E4AC-EAE4-82CC26723E3B
-12.982815,18.817217,1,EA788550-E907-E4AC-EAE4-82CC26723E3B
-31.191021,-36.54326,1,EA788550-E907-E4AC-EAE4-82CC26723E3B
-31.190659,-36.578377,1,EA788550-E907-E4AC-EAE4-82CC26723E3B
7.785498,-43.53862,2,EC6E2525-212C-1C3A-0B73-74D1B45748E1
7.90388,-43.426533,1,EC6E2525-212C-1C3A-0B73-74D1B45748E1
8.579678,-42.641132,1,EC6E2525-212C-1C3A-0B73-74D1B45748E1
8.476779,-42.398907,1,EC6E2525-212C-1C3A-0B73-74D1B45748E1
8.600486,-41.362255,1,EC6E2525-212C-1C3A-0B73-74D1B45748E1
8.303702,-32.927586,1,EC6E2525-212C-1C3A-0B73-74D1B45748E1
17.883709,-14.045088,2,EC6E2525-212C-1C3A-0B73-74D1B45748E1
18.228357,-14.270516,2,EC6E2525-212C-1C3A-0B73-74D1B45748E1
19.117086,-14.6908865,1,EC6E2525-212C-1C3A-0B73-74D1B45748E1
19.85301,-14.886948,1,EC6E2525-212C-1C3A-0B73-74D1B45748E1
20.40068,-14.902669,1,EC6E2525-212C-1C3A-0B73-74D1B45748E1
20.889389,-14.200794,1,EC6E2525-212C-1C3A-0B73-74D1B45748E1
32.78702,-18.702051,0,EC6E2525-212C-1C3A-0B73-74D1B45748E1
33.10004,-18.804272,0,EC6E2525-212C-1C3A-0B73-74D1B45748E1
33.993782,-19.428888,0,EC6E2525-212C-1C3A-0B73-74D1B45748E1
34.299004,-19.687881,0,EC6E2525-212C-1C3A-0B73-74D1B45748E1
35.8707,-21.183296,1,EC6E2525-212C-1C3A-0B73-74D1B45748E1
35.906017,-21.257832,1,EC6E2525-212C-1C3A-0B73-74D1B45748E1
84.75982,-13.545891,0,EC6E2525-212C-1C3A-0B73-74D1B45748E1
87.11765,-15.838912,0,EC6E2525-212C-1C3A-0B73-74D1B45748E1
87.32878,-15.850675,0,EC6E2525-212C-1C3A-0B73-74D1B45748E1
87.87728,-15.282242,0,EC6E2525-212C-1C3A-0B73-74D1B45748E1
88.6897,-14.097507,0,EC6E2525-212C-1C3A-0B73-74D1B45748E1
88.78387,-14.017808,1,EC6E2525-212C-1C3A-0B73-74D1B45748E1
-65.20993,7.1968846,2,EE62AFCD-B47D-E676-0257-21F92CB612D8
-64.70594,6.880089,2,EE62AFCD-B47D-E676-0257-21F92CB612D8
-56.122776,-2.5602791,2,EE62AFCD-B47D-E676-0257-21F92CB612D8
-55.712273,-2.7272906,2,EE62AFCD-B47D-E676-0257-21F92CB612D8
-54.922123,-2.8066857,2,EE62AFCD-B47D-E676-0257-21F92CB612D8
-54.58592,-2.8570611,0,EE62AFCD-B47D-E676-0257-21F92CB612D8
7.478538,-23.382107,2,EE62AFCD-B47D-E676-0257-21F92CB612D8
7.490832,-23.373363,0,EE62AFCD-B47D-E676-0257-21F92CB612D8
-3.0435882,44.84191,0,EE62AFCD-B47D-E676-0257-21F92CB612D8
-3.465912,44.834156,0,EE62AFCD-B47D-E676-0257-21F92CB612D8
-4.7801304,44.915615,0,EE62AFCD-B47D-E676-0257-21F92CB612D8
-4.9795136,44.924976,0,EE62AFCD-B47D-E676-0257-21F92CB612D8
-14.457686,-16.062592,2,EE62AFCD-B47D-E676-0257-21F92CB612D8
-13.887286,-15.350774,2,EE62AFCD-B47D-E676-0257-21F92CB612D8
-13.693284,-15.304704,2,EE62AFCD-B47D-E676-0257-21F92CB612D8
-12.926157,-15.875029,2,EE62AFCD-B47D-E676-0257-21F92CB612D8
-12.719492,-16.105135,2,EE62AFCD-B47D-E676-0257-21F92CB612D8
-12.2733965,-16.623278,2,EE62AFCD-B47D-E676-0257-21F92CB612D8
-1.3463267,-13.265266,2,EE62AFCD-B47D-E676-0257-21F92CB612D8
-1.3188956,-13.352289,2,EE62AFCD-B47D-E676-0257-21F92CB612D8
-0.7673365,-13.585809,2,EE62AFCD-B47D-E676-0257-21F92CB612D8
0.07517074,-12.276034,2,EE62AFCD-B47D-E676-0257-21F92CB612D8
7.810671,-9.008302,2,EE62AFCD-B47D-E676-0257-21F92CB612D8
8.582418,-9.178212,0,EE62AFCD-B47D-E676-0257-21F92CB612D8
8.957028,-9.344221,2,EE62AFCD-B47D-E676-0257-21F92CB612D8
9.604137,-9.08955,2,EE62AFCD-B47D-E676-0257-21F92CB612D8
11.274669,-8.133612,0,EE62AFCD-B47D-E676-0257-21F92CB612D8
11.590414,-8.110583,0,EE62AFCD-B47D-E676-0257-21F92CB612D8
13.088989,-8.981893,0,EE62AFCD-B47D-E676-0257-21F92CB612D8
13.162779,-9.065174,0,EE62AFCD-B47D-E676-0257-21F92CB612D8
-72.56907,23.793604,1,F1430977-52AF-4F46-BF92-0A8D736CBD2B
-72.370476,23.545286,1,F1430977-52AF-4F46-BF92-0A8D736CBD2B
-72.095024,23.075373,1,F1430977-52AF-4F46-BF92-0A8D736CBD2B
-71.78539,22.658018,1,F1430977-52AF-4F46-BF92-0A8D736CBD2B
-71.439064,22.26205,1,F1430977-52AF-4F46-BF92-0A8D736CBD2B
-71.010544,21.671799,1,F1430977-52AF-4F46-BF92-0A8D736CBD2B
0.037759364,-34.846825,1,F1430977-52AF-4F46-BF92-0A8D736CBD2B
-0.33393714,-34.88638,1,F1430977-52AF-4F46-BF92-0A8D736CBD2B
-0.8401762,-35.015976,1,F1430977-52AF-4F46-BF92-0A8D736CBD2B
-6.7361794,-36.84525,1,F1430977-52AF-4F46-BF92-0A8D736CBD2B
-6.7530603,-36.877052,1,F1430977-52AF-4F46-BF92-0A8D736CBD2B
-6.531157,-37.858383,1,F1430977-52AF-4F46-BF92-0A8D736CBD2B
11.474636,-23.157396,1,F1430977-52AF-4F46-BF92-0A8D736CBD2B
11.690908,-23.54306,1,F1430977-52AF-4F46-BF92-0A8D736CBD2B
11.877555,-23.920057,1,F1430977-52AF-4F46-BF92-0A8D736CBD2B
12.024469,-24.468866,1,F1430977-52AF-4F46-BF92-0A8D736CBD2B
37.0964,-7.8612723,1,F1430977-52AF-4F46-BF92-0A8D736CBD2B
37.09099,-7.857597,1,F1430977-52AF-4F46-BF92-0A8D736CBD2B
-46.55114,-11.392936,0,F752B62E-E95F-A65D-4CB2-8B0252E15F08
-46.667374,-11.050791,2,F752B62E-E95F-A65D-4CB2-8B0252E15F08
-46.7726,-10.8206415,2,F752B62E-E95F-A65D-4CB2-8B0252E15F08
-47.814415,-9.444982,2,F752B62E-E95F-A65D-4CB2-8B0252E15F08
-48.8492,-8.901091,0,F752B62E-E95F-A65D-4CB2-8B0252E15F08
-49.00529,-8.798878,0,F752B62E-E95F-A65D-4CB2-8B0252E15F08
-22.895205,-39.50542,2,F752B62E-E95F-A65D-4CB2-8B0252E15F08
-22.764029,-39.64473,2,F752B62E-E95F-A65D-4CB2-8B0252E15F08
-22.422373,-40.047787,0,F752B62E-E95F-A65D-4CB2-8B0252E15F08
-22.40145,-41.021507,0,F752B62E-E95F-A65D-4CB2-8B0252E15F08
11.377211,17.984034,0,F752B62E-E95F-A65D-4CB2-8B0252E15F08
11.371661,17.95983,0,F752B62E-E95F-A65D-4CB2-8B0252E15F08
0.6971259,-0.7947089,2,F752B62E-E95F-A65D-4CB2-8B0252E15F08
1.0518591,-0.1713387,2,F752B62E-E95F-A65D-4CB2-8B0252E15F08
1.4453869,0.29591474,2,F752B62E-E95F-A65D-4CB2-8B0252E15F08
2.2360597,1.12995,2,F752B62E-E95F-A65D-4CB2-8B0252E15F08
2.5507972,1.2960649,0,F752B62E-E95F-A65D-4CB2-8B0252E15F08
10.47296,-12.498858,0,F752B62E-E95F-A65D-4CB2-8B0252E15F08
-77.31292,-1.0569496,2,FB3409F8-2ADE-757A-A1A5-DC1BBBD1131A
-77.44031,-0.99600506,2,FB3409F8-2ADE-757A-A1A5-DC1BBBD1131A
-79.011475,0.049330525,0,FB3409F8-2ADE-757A-A1A5-DC1BBBD1131A
-79.239845,0.5568787,0,FB3409F8-2ADE-757A-A1A5-DC1BBBD1131A
-79.28635,1.2262394,0,FB3409F8-2ADE-757A-A1A5-DC1BBBD1131A
-77.31021,3.251396,0,FB3409F8-2ADE-757A-A1A5-DC1BBBD1131A
-77.47078,3.8311918,0,FB3409F8-2ADE-757A-A1A5-DC1BBBD1131A
-77.541565,4.007408,1,FB3409F8-2ADE-757A-A1A5-DC1BBBD1131A
-74.513855,9.98013,2,FB3409F8-2ADE-757A-A1A5-DC1BBBD1131A
-73.70467,10.761906,2,FB3409F8-2ADE-757A-A1A5-DC1BBBD1131A
-73.889984,10.865699,2,FB3409F8-2ADE-757A-A1A5-DC1BBBD1131A
-73.68918,11.215807,2,FB3409F8-2ADE-757A-A1A5-DC1BBBD1131A
-29.728008,11.999742,2,FB3409F8-2ADE-757A-A1A5-DC1BBBD1131A
-29.725653,11.917356,2,FB3409F8-2ADE-757A-A1A5-DC1BBBD1131A
-18.34484,10.726396,2,FB3409F8-2ADE-757A-A1A5-DC1BBBD1131A
-18.468348,11.15691,2,FB3409F8-2ADE-757A-A1A5-DC1BBBD1131A
0.7410871,-42.989223,2,FB3409F8-2ADE-757A-A1A5-DC1BBBD1131A
0.84871256,-42.832302,2,FB3409F8-2ADE-757A-A1A5-DC1BBBD1131A
-23.848013,-20.996782,0,FB3409F8-2ADE-757A-A1A5-DC1BBBD1131A
-23.836481,-20.98238,0,FB3409F8-2ADE-757A-A1A5-DC1BBBD1131A
3.4505138,13.959937,0,FB3409F8-2ADE-757A-A1A5-DC1BBBD1131A
3.9300816,14.485738,0,FB3409F8-2ADE-757A-A1A5-DC1BBBD1131A
4.2090034,14.855235,1,FB3409F8-2ADE-757A-A1A5-DC1BBBD1131A
4.3511496,15.0710535,1,FB3409F8-2ADE-757A-A1A5-DC1BBBD1131A
-3.753178,-2.4981942,0,FB3409F8-2ADE-757A-A1A5-DC1BBBD1131A
-3.4014106,-1.7864242,0,FB3409F8-2ADE-757A-A1A5-DC1BBBD1131A
-3.2306309,-1.5235952,1,FB3409F8-2ADE-757A-A1A5-DC1BBBD1131A
-2.5765214,-1.058836,1,FB3409F8-2ADE-757A-A1A5-DC1BBBD1131A
10.520626,14.458912,1,FB3409F8-2ADE-757A-A1A5-DC1BBBD1131A
10.541566,14.477571,0,FB3409F8-2ADE-757A-A1A5-DC1BBBD1131A
24.694082,-6.3301363,1,FB3409F8-2ADE-757A-A1A5-DC1BBBD1131A
16.746239,12.184131,1,FB3409F8-2ADE-757A-A1A5-DC1BBBD1131A
16.228647,12.027488,1,FB3409F8-2ADE-757A-A1A5-DC1BBBD1131A
15.844596,11.874559,1,FB3409F8-2ADE-757A-A1A5-DC1BBBD1131A
15.392983,11.721797,1,FB3409F8-2ADE-757A-A1A5-DC1BBBD1131A
17.04377,-17.548882,1,FB3409F8-2ADE-757A-A1A5-DC1BBBD1131A
-9.165476,43.981354,2,FB70D507-2F2A-0F83-3B53-75EB8452F5E0
-9.564452,43.29861,2,FB70D507-2F2A-0F83-3B53-75EB8452F5E0
-9.875126,42.763134,2,FB70D507-2F2A-0F83-3B53-75EB8452F5E0
-11.094356,41.858494,2,FB70D507-2F2A-0F83-3B53-75EB8452F5E0
-11.451246,41.56988,2,FB70D507-2F2A-0F83-3B53-75EB8452F5E0
-11.792033,40.320305,2,FB70D507-2F2A-0F83-3B53-75EB8452F5E0
-18.02523,31.507944,2,FB70D507-2F2A-0F83-3B53-75EB8452F5E0
-18.212835,31.348938,2,FB70D507-2F2A-0F83-3B53-75EB8452F5E0
-37.31051,-24.050758,2,FB70D507-2F2A-0F83-3B53-75EB8452F5E0
-37.34931,-24.514524,0,FB70D507-2F2A-0F83-3B53-75EB8452F5E0
-37.683975,-26.000525,0,FB70D507-2F2A-0F83-3B53-75EB8452F5E0
-37.82135,-26.297823,0,FB70D507-2F2A-0F83-3B53-75EB8452F5E0
8.001435,-13.669308,2,FB70D507-2F2A-0F83-3B53-75EB8452F5E0
8.127105,-13.403557,0,FB70D507-2F2A-0F83-3B53-75EB8452F5E0
8.397509,-13.154294,0,FB70D507-2F2A-0F83-3B53-75EB8452F5E0
16.730364,8.3882065,0,FB70D507-2F2A-0F83-3B53-75EB8452F5E0
16.350573,8.44453,2,FB70D507-2F2A-0F83-3B53-75EB8452F5E0
15.754466,8.488852,2,FB70D507-2F2A-0F83-3B53-75EB8452F5E0
46.01678,-17.855652,0,FB70D507-2F2A-0F83-3B53-75EB8452F5E0
46.410507,-18.102856,0,FB70D507-2F2A-0F83-3B53-75EB8452F5E0
47.257442,-18.564215,0,FB70D507-2F2A-0F83-3B53-75EB8452F5E0
47.776726,-19.073425,1,FB70D507-2F2A-0F83-3B53-75EB8452F5E0
47.564167,-19.81827,1,FB70D507-2F2A-0F83-3B53-75EB8452F5E0
47.73686,-20.221699,1,FB70D507-2F2A-0F83-3B53-75EB8452F5E0
-65.48657,22.270748,2,FC50071B-D2BA-C98B-AC6E-7339010D56DA
-65.59436,22.776396,2,FC50071B-D2BA-C98B-AC6E-7339010D56DA
-65.51541,23.986982,2,FC50071B-D2BA-C98B-AC6E-7339010D56DA
-65.447136,24.563602,2,FC50071B-D2BA-C98B-AC6E-7339010D56DA
-65.12444,26.184376,2,FC50071B-D2BA-C98B-AC6E-7339010D56DA
-65.21331,26.468346,2,FC50071B-D2BA-C98B-AC6E-7339010D56DA
-54.65423,18.364319,2,FC50071B-D2BA-C98B-AC6E-7339010D56DA
-54.58874,18.43461,2,FC50071B-D2BA-C98B-AC6E-7339010D56DA
-52.02039,19.972347,2,FC50071B-D2BA-C98B-AC6E-7339010D56DA
-51.18501,20.620878,2,FC50071B-D2BA-C98B-AC6E-7339010D56DA
-50.914272,20.888332,2,FC50071B-D2BA-C98B-AC6E-7339010D56DA
-28.061247,39.954887,2,FC50071B-D2BA-C98B-AC6E-7339010D56DA
-5.4935217,15.904288,2,FC50071B-D2BA-C98B-AC6E-7339010D56DA
-5.0728703,15.872421,2,FC50071B-D2BA-C98B-AC6E-7339010D56DA
-4.1086125,16.049992,2,FC50071B-D2BA-C98B-AC6E-7339010D56DA
-3.45857,16.727394,2,FC50071B-D2BA-C98B-AC6E-7339010D56DA
-2.6978612,17.203184,2,FC50071B-D2BA-C98B-AC6E-7339010D56DA
-2.4649796,17.396307,2,FC50071B-D2BA-C98B-AC6E-7339010D56DA
-42.91791,-12.252744,2,FC66D29E-8CD8-AE29-A071-33549272C1EE
-40.683952,8.682475,0,FC66D29E-8CD8-AE29-A071-33549272C1EE
-39.93224,8.803228,0,FC66D29E-8CD8-AE29-A071-33549272C1EE
-39.492985,8.8895035,0,FC66D29E-8CD8-AE29-A071-33549272C1EE
-38.515934,9.085573,0,FC66D29E-8CD8-AE29-A071-33549272C1EE
-38.17305,9.197586,0,FC66D29E-8CD8-AE29-A071-33549272C1EE
13.07696,-44.278835,0,FC66D29E-8CD8-AE29-A071-33549272C1EE
13.131298,-44.159725,0,FC66D29E-8CD8-AE29-A071-33549272C1EE
13.070058,-44.159527,2,FC66D29E-8CD8-AE29-A071-33549272C1EE
-29.135914,-9.810629,2,FC66D29E-8CD8-AE29-A071-33549272C1EE
-13.18067,-29.557207,2,FC66D29E-8CD8-AE29-A071-33549272C1EE
-13.88652,-29.942472,2,FC66D29E-8CD8-AE29-A071-33549272C1EE
-13.932342,-30.097752,0,FC66D29E-8CD8-AE29-A071-33549272C1EE
-15.530851,-30.809002,0,FC66D29E-8CD8-AE29-A071-33549272C1EE
-16.037132,-31.091333,0,FC66D29E-8CD8-AE29-A071-33549272C1EE
-16.498327,-30.763666,0,FC66D29E-8CD8-AE29-A071-33549272C1EE
-16.93177,-30.587917,0,FC66D29E-8CD8-AE29-A071-33549272C1EE
-7.4842544,-11.376067,0,FC66D29E-8CD8-AE29-A071-33549272C1EE
12.973371,-18.123817,2,FC66D29E-8CD8-AE29-A071-33549272C1EE
13.823724,-18.075945,0,FC66D29E-8CD8-AE29-A071-33549272C1EE
14.087636,-18.195938,0,FC66D29E-8CD8-AE29-A071-33549272C1EE
14.4765005,-20.51045,0,FC66D29E-8CD8-AE29-A071-33549272C1EE
14.522705,-20.607237,0,FC66D29E-8CD8-AE29-A071-33549272C1EE
-9.262622,11.8455515,0,FC66D29E-8CD8-AE29-A071-33549272C1EE
25.994207,26.02612,0,FC66D29E-8CD8-AE29-A071-33549272C1EE
26.21697,26.493237,0,FC66D29E-8CD8-AE29-A071-33549272C1EE
26.839413,27.270077,0,FC66D29E-8CD8-AE29-A071-33549272C1EE
26.99038,27.502096,0,FC66D29E-8CD8-AE29-A071-33549272C1EE
28.427357,27.394123,0,FC66D29E-8CD8-AE29-A071-33549272C1EE
29.07646,27.33065,0,FC66D29E-8CD8-AE29-A071-33549272C1EE
-31.893763,23.417185,2,FFAB0F54-EFF2-FA1A-1892-F9D8ED3C9B31
-31.707169,23.211485,2,FFAB0F54-EFF2-FA1A-1892-F9D8ED3C9B31
-31.222084,22.393364,2,FFAB0F54-EFF2-FA1A-1892-F9D8ED3C9B31
-31.055252,22.006186,2,FFAB0F54-EFF2-FA1A-1892-F9D8ED3C9B31
-26.858562,10.525634,2,FFAB0F54-EFF2-FA1A-1892-F9D8ED3C9B31
-26.309233,9.472115,0,FFAB0F54-EFF2-FA1A-1892-F9D8ED3C9B31
-26.012705,8.505645,0,FFAB0F54-EFF2-FA1A-1892-F9D8ED3C9B31
-25.342964,8.378708,2,FFAB0F54-EFF2-FA1A-1892-F9D8ED3C9B31
-24.692541,8.113019,2,FFAB0F54-EFF2-FA1A-1892-F9D8ED3C9B31
-24.179787,8.227301,2,FFAB0F54-EFF2-FA1A-1892-F9D8ED3C9B31
-27.55016,3.3914769,2,FFAB0F54-EFF2-FA1A-1892-F9D8ED3C9B31
-27.54038,3.3524642,0,FFAB0F54-EFF2-FA1A-1892-F9D8ED3C9B31
4.690796,-9.817247,0,FFAB0F54-EFF2-FA1A-1892-F9D8ED3C9B31
4.680831,-9.717608,0,FFAB0F54-EFF2-FA1A-1892-F9D8ED3C9B31
4.6832647,-10.594416,0,FFAB0F54-EFF2-FA1A-1892-F9D8ED3C9B31
-2.673452,-16.78092,0,FFAB0F54-EFF2-FA1A-1892-F9D8ED3C9B31
-2.4310164,-16.784294,2,FFAB0F54-EFF2-FA1A-1892-F9D8ED3C9B31
-1.726827,-16.749634,2,FFAB0F54-EFF2-FA1A-1892-F9D8ED3C9B31
0.4998775,-6.633254,0,FFAB0F54-EFF2-FA1A-1892-F9D8ED3C9B31
0.48628664,-6.612921,0,FFAB0F54-EFF2-FA1A-1892-F9D8ED3C9B31
14.344934,-15.651132,2,FFAB0F54-EFF2-FA1A-1892-F9D8ED3C9B31
14.684295,-15.921977,2,FFAB0F54-EFF2-FA1A-1892-F9D8ED3C9B31
16.025934,-17.063993,2,FFAB0F54-EFF2-FA1A-1892-F9D8ED3C9B31
15.300805,-4.432463,0,FFAB0F54-EFF2-FA1A-1892-F9D8ED3C9B31
72.31614,-18.871603,2,FFAB0F54-EFF2-FA1A-1892-F9D8ED3C9B31
72.19475,-18.018072,2,FFAB0F54-EFF2-FA1A-1892-F9D8ED3C9B31
72.18187,-17.490585,2,FFAB0F54-EFF2-FA1A-1892-F9D8ED3C9B31
71.113365,-15.55787,0,FFAB0F54-EFF2-FA1A-1892-F9D8ED3C9B31
70.896034,-14.841437,0,FFAB0F54-EFF2-FA1A-1892-F9D8ED3C9B31
70.76796,-13.963347,0,FFAB0F54-EFF2-FA1A-1892-F9D8ED3C9B31
71.71007,-13.094085,0,FFAB0F54-EFF2-FA1A-1892-F9D8ED3C9B31
72.39196,-12.993032,2,FFAB0F54-EFF2-FA1A-1892-F9D8ED3C9B31
72.569954,-12.921088,2,FFAB0F54-EFF2-FA1A-1892-F9D8ED3C9B31
69.684555,16.473854,2,FFAB0F54-EFF2-FA1A-1892-F9D8ED3C9B31
69.667984,16.490643,2,FFAB0F54-EFF2-FA1A-1892-F9D8ED3C9B31
70.541016,15.902912,2,FFAB0F54-EFF2-FA1A-1892-F9D8ED3C9B31
