tsne_x,tsne_y,label_mood,player_id
7.2871723,-13.737606,2,018B0D8D-B5EC-09D6-90ED-550058EBFEAF
-41.863663,24.686289,2,018B0D8D-B5EC-09D6-90ED-550058EBFEAF
-47.33022,-20.685223,2,018B0D8D-B5EC-09D6-90ED-550058EBFEAF
-50.605534,-21.174284,2,018B0D8D-B5EC-09D6-90ED-550058EBFEAF
-47.867207,-23.271742,2,018B0D8D-B5EC-09D6-90ED-550058EBFEAF
-48.388145,-23.622322,2,018B0D8D-B5EC-09D6-90ED-550058EBFEAF
20.693518,-13.2985935,0,018B0D8D-B5EC-09D6-90ED-550058EBFEAF
21.837097,-5.2581086,0,018B0D8D-B5EC-09D6-90ED-550058EBFEAF
54.587456,-11.326864,0,018B0D8D-B5EC-09D6-90ED-550058EBFEAF
45.420654,19.231714,2,018B0D8D-B5EC-09D6-90ED-550058EBFEAF
67.23326,2.0745966,2,018B0D8D-B5EC-09D6-90ED-550058EBFEAF
40.249752,-31.534666,2,018B0D8D-B5EC-09D6-90ED-550058EBFEAF
40.535763,16.496447,0,018B0D8D-B5EC-09D6-90ED-550058EBFEAF
7.1190815,18.708937,0,018B0D8D-B5EC-09D6-90ED-550058EBFEAF
20.762085,-36.65472,0,018B0D8D-B5EC-09D6-90ED-550058EBFEAF
-14.682232,56.865334,0,018B0D8D-B5EC-09D6-90ED-550058EBFEAF
12.225631,-13.823171,0,018B0D8D-B5EC-09D6-90ED-550058EBFEAF
-35.648857,-1.5403572,0,018B0D8D-B5EC-09D6-90ED-550058EBFEAF
21.72635,-36.54263,0,06F9F8CE-9696-23CA-25B5-000AA4A793BA
38.465454,-33.965805,0,06F9F8CE-9696-23CA-25B5-000AA4A793BA
-19.64605,11.944716,0,06F9F8CE-9696-23CA-25B5-000AA4A793BA
17.492186,48.556633,0,06F9F8CE-9696-23CA-25B5-000AA4A793BA
66.68885,4.3086586,0,06F9F8CE-9696-23CA-25B5-000AA4A793BA
-37.740612,-0.8004123,1,06F9F8CE-9696-23CA-25B5-000AA4A793BA
-40.69323,26.865294,0,06F9F8CE-9696-23CA-25B5-000AA4A793BA
-38.93484,21.826338,0,06F9F8CE-9696-23CA-25B5-000AA4A793BA
-38.075962,-1.5023876,0,06F9F8CE-9696-23CA-25B5-000AA4A793BA
13.554489,21.9453,0,06F9F8CE-9696-23CA-25B5-000AA4A793BA
10.406989,-20.713802,0,06F9F8CE-9696-23CA-25B5-000AA4A793BA
4.7588625,-21.583872,0,06F9F8CE-9696-23CA-25B5-000AA4A793BA
-31.967432,26.878159,2,06F9F8CE-9696-23CA-25B5-000AA4A793BA
3.415463,41.652214,2,06F9F8CE-9696-23CA-25B5-000AA4A793BA
19.353823,-39.52289,2,06F9F8CE-9696-23CA-25B5-000AA4A793BA
70.54766,0.6667916,2,06F9F8CE-9696-23CA-25B5-000AA4A793BA
20.157566,-40.141827,2,06F9F8CE-9696-23CA-25B5-000AA4A793BA
22.704573,-39.28918,0,06F9F8CE-9696-23CA-25B5-000AA4A793BA
-2.4216502,-18.748188,0,06F9F8CE-9696-23CA-25B5-000AA4A793BA
14.365827,18.834988,0,06F9F8CE-9696-23CA-25B5-000AA4A793BA
-22.899242,12.614146,0,06F9F8CE-9696-23CA-25B5-000AA4A793BA
-37.132984,21.46145,0,06F9F8CE-9696-23CA-25B5-000AA4A793BA
-25.656773,-49.320045,0,06F9F8CE-9696-23CA-25B5-000AA4A793BA
-41.20609,18.095535,0,06F9F8CE-9696-23CA-25B5-000AA4A793BA
-26.051704,26.968756,1,06F9F8CE-9696-23CA-25B5-000AA4A793BA
12.940371,14.402657,1,06F9F8CE-9696-23CA-25B5-000AA4A793BA
12.425015,21.310015,1,06F9F8CE-9696-23CA-25B5-000AA4A793BA
15.059982,22.737837,1,06F9F8CE-9696-23CA-25B5-000AA4A793BA
13.636447,50.40276,0,06F9F8CE-9696-23CA-25B5-000AA4A793BA
12.946491,13.784082,0,06F9F8CE-9696-23CA-25B5-000AA4A793BA
-17.633738,-31.13418,0,0A221ADF-C99E-307E-7B65-92EF9DABA6C4
-63.299484,6.72561,0,0A221ADF-C99E-307E-7B65-92EF9DABA6C4
-14.45725,-34.78515,0,0A221ADF-C99E-307E-7B65-92EF9DABA6C4
-23.828522,-44.492336,2,0A221ADF-C99E-307E-7B65-92EF9DABA6C4
-19.211433,-24.887993,2,0A221ADF-C99E-307E-7B65-92EF9DABA6C4
-10.323088,14.366383,2,0A221ADF-C99E-307E-7B65-92EF9DABA6C4
20.989635,-13.78923,2,0A221ADF-C99E-307E-7B65-92EF9DABA6C4
-13.179426,2.6850958,0,0A221ADF-C99E-307E-7B65-92EF9DABA6C4
36.861893,24.919466,0,0A221ADF-C99E-307E-7B65-92EF9DABA6C4
3.2723436,-3.926691,0,0A221ADF-C99E-307E-7B65-92EF9DABA6C4
-9.998588,55.454494,0,0A221ADF-C99E-307E-7B65-92EF9DABA6C4
27.266981,-2.784923,2,0A221ADF-C99E-307E-7B65-92EF9DABA6C4
56.960407,-11.45345,2,0A221ADF-C99E-307E-7B65-92EF9DABA6C4
11.2532,-51.039223,2,0A221ADF-C99E-307E-7B65-92EF9DABA6C4
10.164947,-50.393364,2,0A221ADF-C99E-307E-7B65-92EF9DABA6C4
54.704254,-10.496975,0,0A221ADF-C99E-307E-7B65-92EF9DABA6C4
11.428172,-51.163002,0,0A221ADF-C99E-307E-7B65-92EF9DABA6C4
20.73342,45.085514,0,0A221ADF-C99E-307E-7B65-92EF9DABA6C4
-64.25317,5.578162,2,0A221ADF-C99E-307E-7B65-92EF9DABA6C4
-16.030308,-25.120966,2,0A221ADF-C99E-307E-7B65-92EF9DABA6C4
-46.548885,-20.174076,2,0A221ADF-C99E-307E-7B65-92EF9DABA6C4
-35.6661,32.791275,2,0A221ADF-C99E-307E-7B65-92EF9DABA6C4
-40.08157,27.077187,2,0A221ADF-C99E-307E-7B65-92EF9DABA6C4
-11.959906,15.594975,2,0A221ADF-C99E-307E-7B65-92EF9DABA6C4
-1.9235755,-57.015938,1,0A76B59A-F1FF-F3F5-A3CA-2386FA8EF308
-0.98191804,-5.1889515,0,0A76B59A-F1FF-F3F5-A3CA-2386FA8EF308
53.789677,-4.9174705,0,0A76B59A-F1FF-F3F5-A3CA-2386FA8EF308
-1.4756168,-21.010405,0,0A76B59A-F1FF-F3F5-A3CA-2386FA8EF308
0.10350387,-20.256668,0,0A76B59A-F1FF-F3F5-A3CA-2386FA8EF308
-0.0020229933,-12.199348,0,0A76B59A-F1FF-F3F5-A3CA-2386FA8EF308
-36.762577,25.720602,2,0A76B59A-F1FF-F3F5-A3CA-2386FA8EF308
-18.324614,-26.25457,2,0A76B59A-F1FF-F3F5-A3CA-2386FA8EF308
-41.357334,27.85712,2,0A76B59A-F1FF-F3F5-A3CA-2386FA8EF308
-35.1709,28.496664,2,0A76B59A-F1FF-F3F5-A3CA-2386FA8EF308
-18.055023,5.686865,2,0A76B59A-F1FF-F3F5-A3CA-2386FA8EF308
-65.111885,6.141577,2,0A76B59A-F1FF-F3F5-A3CA-2386FA8EF308
-0.43657303,-17.414326,2,0A76B59A-F1FF-F3F5-A3CA-2386FA8EF308
65.36199,1.825185,1,0A76B59A-F1FF-F3F5-A3CA-2386FA8EF308
13.602065,51.185387,2,0A76B59A-F1FF-F3F5-A3CA-2386FA8EF308
52.68557,-4.948734,2,0A76B59A-F1FF-F3F5-A3CA-2386FA8EF308
19.736101,44.63202,2,0A76B59A-F1FF-F3F5-A3CA-2386FA8EF308
16.113676,11.556329,2,0A76B59A-F1FF-F3F5-A3CA-2386FA8EF308
38.94993,-30.078997,0,0A76B59A-F1FF-F3F5-A3CA-2386FA8EF308
-9.09851,54.028427,0,0A76B59A-F1FF-F3F5-A3CA-2386FA8EF308
21.782701,-7.069143,0,0A76B59A-F1FF-F3F5-A3CA-2386FA8EF308
-12.285604,54.147945,0,0A76B59A-F1FF-F3F5-A3CA-2386FA8EF308
25.954336,1.7864815,2,0A76B59A-F1FF-F3F5-A3CA-2386FA8EF308
25.208931,3.4462364,2,0A76B59A-F1FF-F3F5-A3CA-2386FA8EF308
19.280403,47.490925,2,0AD33010-1AC1-E9FB-2FD4-313E3DF4692D
-58.49958,0.60916156,2,0AD33010-1AC1-E9FB-2FD4-313E3DF4692D
-22.448591,14.779526,0,0AD33010-1AC1-E9FB-2FD4-313E3DF4692D
-9.389667,60.44953,0,0AD33010-1AC1-E9FB-2FD4-313E3DF4692D
12.232009,-13.801961,0,0AD33010-1AC1-E9FB-2FD4-313E3DF4692D
7.907452,20.827997,0,0AD33010-1AC1-E9FB-2FD4-313E3DF4692D
1.0410513,37.71285,2,0AD33010-1AC1-E9FB-2FD4-313E3DF4692D
-25.95185,13.177592,0,0AD33010-1AC1-E9FB-2FD4-313E3DF4692D
13.442993,-0.97850645,0,0AD33010-1AC1-E9FB-2FD4-313E3DF4692D
-7.9150195,59.130974,0,0AD33010-1AC1-E9FB-2FD4-313E3DF4692D
10.833679,-53.357708,0,0AD33010-1AC1-E9FB-2FD4-313E3DF4692D
10.473742,-54.000565,0,0AD33010-1AC1-E9FB-2FD4-313E3DF4692D
-59.13894,0.38879976,2,0AD33010-1AC1-E9FB-2FD4-313E3DF4692D
-17.178919,-36.300358,2,0AD33010-1AC1-E9FB-2FD4-313E3DF4692D
-11.538021,16.687944,2,0AD33010-1AC1-E9FB-2FD4-313E3DF4692D
14.281122,50.9618,2,0AD33010-1AC1-E9FB-2FD4-313E3DF4692D
16.452648,48.160873,2,0AD33010-1AC1-E9FB-2FD4-313E3DF4692D
-1.1851825,-14.358313,2,0AD33010-1AC1-E9FB-2FD4-313E3DF4692D
15.915217,50.71816,2,0AD33010-1AC1-E9FB-2FD4-313E3DF4692D
66.9883,0.81870496,2,0AD33010-1AC1-E9FB-2FD4-313E3DF4692D
52.615894,-4.936466,2,0AD33010-1AC1-E9FB-2FD4-313E3DF4692D
5.754049,-4.209735,1,0AD33010-1AC1-E9FB-2FD4-313E3DF4692D
10.795998,-16.100174,1,0AD33010-1AC1-E9FB-2FD4-313E3DF4692D
37.84785,19.499706,1,0AD33010-1AC1-E9FB-2FD4-313E3DF4692D
67.02371,1.962102,0,0B5863F1-A482-C95D-EA42-9183B5BDFA12
-13.510335,2.3597088,0,0B5863F1-A482-C95D-EA42-9183B5BDFA12
-31.242302,1.8678672,0,0B5863F1-A482-C95D-EA42-9183B5BDFA12
-36.050365,-4.2193894,0,0B5863F1-A482-C95D-EA42-9183B5BDFA12
-13.383123,3.798991,1,0B5863F1-A482-C95D-EA42-9183B5BDFA12
-9.338818,55.820362,1,0B5863F1-A482-C95D-EA42-9183B5BDFA12
55.884636,-11.535412,1,0B5863F1-A482-C95D-EA42-9183B5BDFA12
40.23783,28.412676,0,0B5863F1-A482-C95D-EA42-9183B5BDFA12
41.09457,-31.572626,0,0B5863F1-A482-C95D-EA42-9183B5BDFA12
51.510136,-13.491401,0,0B5863F1-A482-C95D-EA42-9183B5BDFA12
10.996007,-6.935077,0,0B5863F1-A482-C95D-EA42-9183B5BDFA12
26.110155,-0.95220757,0,0B5863F1-A482-C95D-EA42-9183B5BDFA12
-22.929716,2.4134753,0,0B5863F1-A482-C95D-EA42-9183B5BDFA12
-17.133415,-31.109001,0,0B5863F1-A482-C95D-EA42-9183B5BDFA12
-43.64308,-26.28268,2,0B5863F1-A482-C95D-EA42-9183B5BDFA12
-18.30679,4.1250815,2,0B5863F1-A482-C95D-EA42-9183B5BDFA12
-41.374596,-21.557734,2,0B5863F1-A482-C95D-EA42-9183B5BDFA12
-19.093231,-25.249716,2,0B5863F1-A482-C95D-EA42-9183B5BDFA12
-62.62798,7.1820025,0,0B5863F1-A482-C95D-EA42-9183B5BDFA12
-19.017172,-25.136919,0,0B5863F1-A482-C95D-EA42-9183B5BDFA12
-42.502384,23.78927,2,0B5863F1-A482-C95D-EA42-9183B5BDFA12
-31.183079,2.5444055,2,0B5863F1-A482-C95D-EA42-9183B5BDFA12
-15.817926,4.0245924,2,0B5863F1-A482-C95D-EA42-9183B5BDFA12
-10.045379,16.055496,0,0B5863F1-A482-C95D-EA42-9183B5BDFA12
12.610907,-8.255038,1,0B5863F1-A482-C95D-EA42-9183B5BDFA12
37.985348,30.934477,1,0B5863F1-A482-C95D-EA42-9183B5BDFA12
22.752487,-38.697,2,0B5863F1-A482-C95D-EA42-9183B5BDFA12
19.047188,-39.72834,2,0B5863F1-A482-C95D-EA42-9183B5BDFA12
40.810528,-33.7373,2,0B5863F1-A482-C95D-EA42-9183B5BDFA12
11.783585,-7.861416,2,0B5863F1-A482-C95D-EA42-9183B5BDFA12
-30.199184,29.559961,2,0D759376-3F10-1BEB-7205-E91B8BF17984
17.288855,48.472427,2,0D759376-3F10-1BEB-7205-E91B8BF17984
6.711861,42.357082,2,0D759376-3F10-1BEB-7205-E91B8BF17984
7.0208516,40.208897,2,0D759376-3F10-1BEB-7205-E91B8BF17984
1.2634897,-4.4127812,2,0D759376-3F10-1BEB-7205-E91B8BF17984
20.473936,44.68881,2,0D759376-3F10-1BEB-7205-E91B8BF17984
-21.2017,-34.732155,0,0D759376-3F10-1BEB-7205-E91B8BF17984
-22.468649,-5.4614563,0,0D759376-3F10-1BEB-7205-E91B8BF17984
-30.103865,-5.5351043,0,0D759376-3F10-1BEB-7205-E91B8BF17984
-11.279308,53.896194,0,0D759376-3F10-1BEB-7205-E91B8BF17984
39.452866,25.421553,0,0D759376-3F10-1BEB-7205-E91B8BF17984
10.430093,-13.023626,2,0D759376-3F10-1BEB-7205-E91B8BF17984
-12.045136,3.1100764,2,0D759376-3F10-1BEB-7205-E91B8BF17984
-11.038537,54.94339,2,0D759376-3F10-1BEB-7205-E91B8BF17984
5.6951146,39.92335,2,0D759376-3F10-1BEB-7205-E91B8BF17984
52.52476,-12.123231,2,0D759376-3F10-1BEB-7205-E91B8BF17984
22.925514,-39.6527,2,0D759376-3F10-1BEB-7205-E91B8BF17984
11.085362,-51.099827,2,0D759376-3F10-1BEB-7205-E91B8BF17984
5.314922,39.75519,0,0F3B2D98-51FE-5265-3746-A0763DE31C98
53.860188,-14.108718,1,0F3B2D98-51FE-5265-3746-A0763DE31C98
9.896002,-50.71859,1,0F3B2D98-51FE-5265-3746-A0763DE31C98
-6.221053,-63.378727,1,0F3B2D98-51FE-5265-3746-A0763DE31C98
-0.22703594,-56.803432,1,0F3B2D98-51FE-5265-3746-A0763DE31C98
18.96365,-41.305393,1,0F3B2D98-51FE-5265-3746-A0763DE31C98
-12.077587,14.437624,2,0F3B2D98-51FE-5265-3746-A0763DE31C98
-19.093552,-25.39985,2,0F3B2D98-51FE-5265-3746-A0763DE31C98
13.154115,11.774789,2,0F3B2D98-51FE-5265-3746-A0763DE31C98
6.0813026,-18.848864,2,0F3B2D98-51FE-5265-3746-A0763DE31C98
5.6525993,-17.793545,0,0F3B2D98-51FE-5265-3746-A0763DE31C98
12.7332735,24.712011,0,0F3B2D98-51FE-5265-3746-A0763DE31C98
66.6228,4.205218,2,14027B3A-0AD6-CBA3-A600-42B3C0A4D933
-0.5062497,-18.04439,2,14027B3A-0AD6-CBA3-A600-42B3C0A4D933
8.434857,-15.155203,2,14027B3A-0AD6-CBA3-A600-42B3C0A4D933
-34.158855,32.123657,2,14027B3A-0AD6-CBA3-A600-42B3C0A4D933
-32.479374,29.79899,2,14027B3A-0AD6-CBA3-A600-42B3C0A4D933
-30.02547,30.392267,2,14027B3A-0AD6-CBA3-A600-42B3C0A4D933
-15.377412,-34.63991,2,14027B3A-0AD6-CBA3-A600-42B3C0A4D933
-28.592161,-3.4024913,2,14027B3A-0AD6-CBA3-A600-42B3C0A4D933
-25.253523,24.201593,2,14027B3A-0AD6-CBA3-A600-42B3C0A4D933
-38.92047,20.470682,2,14027B3A-0AD6-CBA3-A600-42B3C0A4D933
25.018955,-10.851363,2,14027B3A-0AD6-CBA3-A600-42B3C0A4D933
18.464476,46.578922,0,14027B3A-0AD6-CBA3-A600-42B3C0A4D933
24.820274,-11.854932,0,14027B3A-0AD6-CBA3-A600-42B3C0A4D933
5.076217,-55.94818,0,14027B3A-0AD6-CBA3-A600-42B3C0A4D933
10.77717,-48.261787,0,14027B3A-0AD6-CBA3-A600-42B3C0A4D933
54.565804,-4.623821,2,14027B3A-0AD6-CBA3-A600-42B3C0A4D933
39.83989,24.441116,2,14027B3A-0AD6-CBA3-A600-42B3C0A4D933
-24.5031,9.29903,2,14027B3A-0AD6-CBA3-A600-42B3C0A4D933
-13.899039,-32.569633,2,14027B3A-0AD6-CBA3-A600-42B3C0A4D933
-25.670082,-49.329517,2,14027B3A-0AD6-CBA3-A600-42B3C0A4D933
-19.444893,-26.627323,2,14027B3A-0AD6-CBA3-A600-42B3C0A4D933
-38.12631,19.090813,2,14027B3A-0AD6-CBA3-A600-42B3C0A4D933
23.709492,-10.834532,2,14027B3A-0AD6-CBA3-A600-42B3C0A4D933
13.191993,49.91639,0,14027B3A-0AD6-CBA3-A600-42B3C0A4D933
-12.293696,18.322313,0,14027B3A-0AD6-CBA3-A600-42B3C0A4D933
5.3127437,-21.576656,0,14027B3A-0AD6-CBA3-A600-42B3C0A4D933
14.0327835,49.724716,0,14027B3A-0AD6-CBA3-A600-42B3C0A4D933
4.594015,-14.684791,2,14027B3A-0AD6-CBA3-A600-42B3C0A4D933
4.2732277,-12.269233,2,14027B3A-0AD6-CBA3-A600-42B3C0A4D933
12.513908,16.891003,2,14027B3A-0AD6-CBA3-A600-42B3C0A4D933
-48.594822,-20.964659,2,14027B3A-0AD6-CBA3-A600-42B3C0A4D933
-64.19297,5.5217633,2,14027B3A-0AD6-CBA3-A600-42B3C0A4D933
-43.3719,-23.245512,2,14027B3A-0AD6-CBA3-A600-42B3C0A4D933
-45.112843,-19.322704,2,14027B3A-0AD6-CBA3-A600-42B3C0A4D933
-57.02771,-0.37968567,2,14027B3A-0AD6-CBA3-A600-42B3C0A4D933
-34.63117,30.852468,2,14027B3A-0AD6-CBA3-A600-42B3C0A4D933
-20.830389,13.295505,0,14027B3A-0AD6-CBA3-A600-42B3C0A4D933
2.7143087,-9.952253,0,14027B3A-0AD6-CBA3-A600-42B3C0A4D933
-0.17458099,-12.226436,0,14027B3A-0AD6-CBA3-A600-42B3C0A4D933
0.8161151,-5.8191423,0,14027B3A-0AD6-CBA3-A600-42B3C0A4D933
11.573324,-18.845203,2,14027B3A-0AD6-CBA3-A600-42B3C0A4D933
-9.072313,60.851624,2,14027B3A-0AD6-CBA3-A600-42B3C0A4D933
35.602856,24.443933,2,165B40B2-D9B2-DBC0-AE48-02C0F49A609F
12.97611,49.45528,2,165B40B2-D9B2-DBC0-AE48-02C0F49A609F
54.448204,-4.5528235,2,165B40B2-D9B2-DBC0-AE48-02C0F49A609F
-2.725169,-14.421692,2,165B40B2-D9B2-DBC0-AE48-02C0F49A609F
-17.113476,7.868154,2,165B40B2-D9B2-DBC0-AE48-02C0F49A609F
-34.934578,29.688175,2,165B40B2-D9B2-DBC0-AE48-02C0F49A609F
7.4170213,-13.750863,2,165B40B2-D9B2-DBC0-AE48-02C0F49A609F
-17.209995,-36.30515,2,165B40B2-D9B2-DBC0-AE48-02C0F49A609F
-17.16584,-37.145836,2,165B40B2-D9B2-DBC0-AE48-02C0F49A609F
-29.2393,8.617978,2,165B40B2-D9B2-DBC0-AE48-02C0F49A609F
8.452235,21.785978,2,165B40B2-D9B2-DBC0-AE48-02C0F49A609F
4.6391773,-14.322206,2,165B40B2-D9B2-DBC0-AE48-02C0F49A609F
39.56155,27.530712,2,165B40B2-D9B2-DBC0-AE48-02C0F49A609F
-40.669407,16.775467,2,165B40B2-D9B2-DBC0-AE48-02C0F49A609F
-40.28407,16.184431,2,165B40B2-D9B2-DBC0-AE48-02C0F49A609F
-10.196553,54.465927,2,165B40B2-D9B2-DBC0-AE48-02C0F49A609F
28.053236,-0.83463967,2,165B40B2-D9B2-DBC0-AE48-02C0F49A609F
-12.506125,54.74289,2,165B40B2-D9B2-DBC0-AE48-02C0F49A609F
-10.823147,54.45225,0,165B40B2-D9B2-DBC0-AE48-02C0F49A609F
-27.663586,-0.6478533,0,165B40B2-D9B2-DBC0-AE48-02C0F49A609F
15.4426985,-6.394013,0,165B40B2-D9B2-DBC0-AE48-02C0F49A609F
-34.293102,0.64536965,0,165B40B2-D9B2-DBC0-AE48-02C0F49A609F
27.78514,-2.0780985,0,165B40B2-D9B2-DBC0-AE48-02C0F49A609F
9.32053,-50.51216,1,165B40B2-D9B2-DBC0-AE48-02C0F49A609F
51.67943,-4.727733,2,172A62AD-9B69-33E2-1551-9526879D80AC
16.28728,12.312259,2,172A62AD-9B69-33E2-1551-9526879D80AC
-14.05215,7.423477,2,172A62AD-9B69-33E2-1551-9526879D80AC
65.74833,2.898697,2,172A62AD-9B69-33E2-1551-9526879D80AC
45.20038,17.139784,2,172A62AD-9B69-33E2-1551-9526879D80AC
9.504023,-17.607672,2,172A62AD-9B69-33E2-1551-9526879D80AC
-18.358372,4.547653,2,172A62AD-9B69-33E2-1551-9526879D80AC
-43.414146,-22.103695,2,172A62AD-9B69-33E2-1551-9526879D80AC
-46.594902,-20.908869,2,172A62AD-9B69-33E2-1551-9526879D80AC
-60.669582,3.520932,2,172A62AD-9B69-33E2-1551-9526879D80AC
-62.64282,7.052674,2,172A62AD-9B69-33E2-1551-9526879D80AC
-65.00258,6.004481,2,172A62AD-9B69-33E2-1551-9526879D80AC
15.348464,17.95134,2,172A62AD-9B69-33E2-1551-9526879D80AC
-33.01954,26.94447,2,172A62AD-9B69-33E2-1551-9526879D80AC
-36.480038,25.24408,2,172A62AD-9B69-33E2-1551-9526879D80AC
14.656018,-8.539937,2,172A62AD-9B69-33E2-1551-9526879D80AC
-23.640392,10.203298,2,172A62AD-9B69-33E2-1551-9526879D80AC
27.979963,-2.4473526,2,172A62AD-9B69-33E2-1551-9526879D80AC
-35.178482,30.25088,2,1AE03BA6-E346-DEB8-4865-276ECC5CD9B1
-31.27904,30.994595,2,1AE03BA6-E346-DEB8-4865-276ECC5CD9B1
-18.080168,-37.61476,2,1AE03BA6-E346-DEB8-4865-276ECC5CD9B1
6.334248,-13.961468,2,1AE03BA6-E346-DEB8-4865-276ECC5CD9B1
-31.382263,28.939455,1,1AE03BA6-E346-DEB8-4865-276ECC5CD9B1
-20.031696,14.137116,0,1AE03BA6-E346-DEB8-4865-276ECC5CD9B1
-18.571272,12.675959,0,1AE03BA6-E346-DEB8-4865-276ECC5CD9B1
5.1657944,-21.774988,0,1AE03BA6-E346-DEB8-4865-276ECC5CD9B1
1.1270849,-11.407322,0,1AE03BA6-E346-DEB8-4865-276ECC5CD9B1
37.765812,19.212837,0,1AE03BA6-E346-DEB8-4865-276ECC5CD9B1
1.7031723,-12.206662,2,1AE03BA6-E346-DEB8-4865-276ECC5CD9B1
38.696514,18.594732,2,1AE03BA6-E346-DEB8-4865-276ECC5CD9B1
-7.1298757,-62.914978,1,1AE03BA6-E346-DEB8-4865-276ECC5CD9B1
19.019243,-40.823215,0,1AE03BA6-E346-DEB8-4865-276ECC5CD9B1
20.16352,-40.44698,0,1AE03BA6-E346-DEB8-4865-276ECC5CD9B1
12.9835005,-6.786885,0,1AE03BA6-E346-DEB8-4865-276ECC5CD9B1
-19.622213,-31.958103,0,1AE03BA6-E346-DEB8-4865-276ECC5CD9B1
-64.90698,5.171019,0,1AE03BA6-E346-DEB8-4865-276ECC5CD9B1
8.6872015,12.373248,1,1AE03BA6-E346-DEB8-4865-276ECC5CD9B1
8.7728405,15.436156,1,1AE03BA6-E346-DEB8-4865-276ECC5CD9B1
17.06199,46.25941,1,1AE03BA6-E346-DEB8-4865-276ECC5CD9B1
5.5227065,39.133484,0,1AE03BA6-E346-DEB8-4865-276ECC5CD9B1
53.91073,-10.738599,0,1AE03BA6-E346-DEB8-4865-276ECC5CD9B1
20.671146,44.504284,0,1AE03BA6-E346-DEB8-4865-276ECC5CD9B1
-28.677769,-3.6917613,1,1AE03BA6-E346-DEB8-4865-276ECC5CD9B1
-41.40888,28.16243,0,1AE03BA6-E346-DEB8-4865-276ECC5CD9B1
-40.90489,26.714228,0,1AE03BA6-E346-DEB8-4865-276ECC5CD9B1
-25.46836,14.786155,0,1AE03BA6-E346-DEB8-4865-276ECC5CD9B1
-42.16768,-21.077204,2,1AE03BA6-E346-DEB8-4865-276ECC5CD9B1
-34.19906,32.622627,2,1AE03BA6-E346-DEB8-4865-276ECC5CD9B1
-33.461853,25.275816,2,1F6A56CA-9C73-442F-2682-BB69E4B03AB2
-39.671967,27.58727,2,1F6A56CA-9C73-442F-2682-BB69E4B03AB2
-41.871838,-22.009895,2,1F6A56CA-9C73-442F-2682-BB69E4B03AB2
-43.17834,-21.55538,2,1F6A56CA-9C73-442F-2682-BB69E4B03AB2
-35.258984,30.231104,2,1F6A56CA-9C73-442F-2682-BB69E4B03AB2
-31.564428,31.440046,2,1F6A56CA-9C73-442F-2682-BB69E4B03AB2
9.128988,-8.132991,0,1F6A56CA-9C73-442F-2682-BB69E4B03AB2
56.451725,-11.000705,0,1F6A56CA-9C73-442F-2682-BB69E4B03AB2
41.45733,-31.666767,2,1F6A56CA-9C73-442F-2682-BB69E4B03AB2
26.324398,-37.330067,2,1F6A56CA-9C73-442F-2682-BB69E4B03AB2
70.59536,0.45675614,0,1F6A56CA-9C73-442F-2682-BB69E4B03AB2
39.871925,-31.225698,0,1F6A56CA-9C73-442F-2682-BB69E4B03AB2
-34.361137,29.483921,0,1F6A56CA-9C73-442F-2682-BB69E4B03AB2
-23.144571,-48.839745,0,1F6A56CA-9C73-442F-2682-BB69E4B03AB2
-22.0529,-45.00746,0,1F6A56CA-9C73-442F-2682-BB69E4B03AB2
-57.825867,0.21021554,0,1F6A56CA-9C73-442F-2682-BB69E4B03AB2
6.3726435,-13.117268,0,1F6A56CA-9C73-442F-2682-BB69E4B03AB2
-22.235567,-44.645367,0,1F6A56CA-9C73-442F-2682-BB69E4B03AB2
40.560738,-30.941517,0,243FE25F-E451-21F6-7EFA-F9DACC7D31CA
39.221928,25.822845,0,243FE25F-E451-21F6-7EFA-F9DACC7D31CA
16.084017,-7.382563,0,243FE25F-E451-21F6-7EFA-F9DACC7D31CA
39.75296,30.500637,0,243FE25F-E451-21F6-7EFA-F9DACC7D31CA
-22.904587,0.34859428,2,243FE25F-E451-21F6-7EFA-F9DACC7D31CA
24.04852,1.697051,2,243FE25F-E451-21F6-7EFA-F9DACC7D31CA
7.292632,-52.35895,2,243FE25F-E451-21F6-7EFA-F9DACC7D31CA
3.6587172,39.256668,1,243FE25F-E451-21F6-7EFA-F9DACC7D31CA
0.9070944,38.21656,1,243FE25F-E451-21F6-7EFA-F9DACC7D31CA
-41.91633,17.886683,1,243FE25F-E451-21F6-7EFA-F9DACC7D31CA
-21.898207,-5.0194473,2,243FE25F-E451-21F6-7EFA-F9DACC7D31CA
-14.880371,-34.402046,2,243FE25F-E451-21F6-7EFA-F9DACC7D31CA
12.305856,-8.42891,2,243FE25F-E451-21F6-7EFA-F9DACC7D31CA
68.470245,1.3269881,2,243FE25F-E451-21F6-7EFA-F9DACC7D31CA
10.759896,10.624747,2,243FE25F-E451-21F6-7EFA-F9DACC7D31CA
-36.66497,-5.15013,2,243FE25F-E451-21F6-7EFA-F9DACC7D31CA
40.135063,19.091536,0,243FE25F-E451-21F6-7EFA-F9DACC7D31CA
-16.733828,55.770645,0,243FE25F-E451-21F6-7EFA-F9DACC7D31CA
14.117357,14.394063,2,2656C6B4-988A-A958-5107-5422027AEE1D
-8.733375,18.162653,2,2656C6B4-988A-A958-5107-5422027AEE1D
-23.851862,-48.755966,2,2656C6B4-988A-A958-5107-5422027AEE1D
-11.8703165,14.997764,2,2656C6B4-988A-A958-5107-5422027AEE1D
-8.061914,61.303043,2,2656C6B4-988A-A958-5107-5422027AEE1D
19.263655,46.39745,2,2656C6B4-988A-A958-5107-5422027AEE1D
-34.272778,2.8317845,2,2656C6B4-988A-A958-5107-5422027AEE1D
-44.430634,-21.780788,2,2656C6B4-988A-A958-5107-5422027AEE1D
-36.315796,28.303175,2,2656C6B4-988A-A958-5107-5422027AEE1D
-23.528053,13.765899,2,2656C6B4-988A-A958-5107-5422027AEE1D
-24.250797,-48.744175,2,2656C6B4-988A-A958-5107-5422027AEE1D
-59.00663,0.07513915,2,2656C6B4-988A-A958-5107-5422027AEE1D
-60.668697,1.7238853,0,2656C6B4-988A-A958-5107-5422027AEE1D
-23.711878,-42.750603,2,2656C6B4-988A-A958-5107-5422027AEE1D
11.548712,-12.234798,2,2656C6B4-988A-A958-5107-5422027AEE1D
10.819449,20.751656,2,2656C6B4-988A-A958-5107-5422027AEE1D
6.6661725,19.113987,0,2656C6B4-988A-A958-5107-5422027AEE1D
-9.439095,15.731099,0,2656C6B4-988A-A958-5107-5422027AEE1D
25.94129,3.608191,2,2656C6B4-988A-A958-5107-5422027AEE1D
-30.72779,-0.60613126,2,2656C6B4-988A-A958-5107-5422027AEE1D
-30.589369,-0.66396827,2,2656C6B4-988A-A958-5107-5422027AEE1D
-34.600956,-5.2296376,2,2656C6B4-988A-A958-5107-5422027AEE1D
-35.71384,-5.0728974,2,2656C6B4-988A-A958-5107-5422027AEE1D
-25.024673,11.175638,2,2656C6B4-988A-A958-5107-5422027AEE1D
-30.271294,30.156443,2,2C636222-CB43-AB6F-444A-7278047991C7
14.785303,23.130205,2,2C636222-CB43-AB6F-444A-7278047991C7
8.178203,19.33293,2,2C636222-CB43-AB6F-444A-7278047991C7
21.31095,-10.371067,2,2C636222-CB43-AB6F-444A-7278047991C7
6.376966,43.01105,2,2C636222-CB43-AB6F-444A-7278047991C7
2.0422337,-3.359437,2,2C636222-CB43-AB6F-444A-7278047991C7
41.608673,-30.061563,0,2C636222-CB43-AB6F-444A-7278047991C7
20.695633,-39.319363,0,2C636222-CB43-AB6F-444A-7278047991C7
11.608601,-50.95244,0,2C636222-CB43-AB6F-444A-7278047991C7
39.690063,-29.968107,0,2C636222-CB43-AB6F-444A-7278047991C7
67.44432,2.2173197,2,2C636222-CB43-AB6F-444A-7278047991C7
-26.44545,4.553972,2,2C636222-CB43-AB6F-444A-7278047991C7
9.955415,-49.54606,0,2C636222-CB43-AB6F-444A-7278047991C7
21.781837,-36.052563,0,2C636222-CB43-AB6F-444A-7278047991C7
60.077503,-3.8470118,0,2C636222-CB43-AB6F-444A-7278047991C7
-16.66652,8.4642515,0,2C636222-CB43-AB6F-444A-7278047991C7
-0.17127958,-18.634478,2,2C636222-CB43-AB6F-444A-7278047991C7
-14.979187,-29.974648,2,2C636222-CB43-AB6F-444A-7278047991C7
24.593721,-39.328037,0,2C636222-CB43-AB6F-444A-7278047991C7
45.141697,18.420666,0,2C636222-CB43-AB6F-444A-7278047991C7
-25.73198,-49.10614,0,2C636222-CB43-AB6F-444A-7278047991C7
-40.02419,21.23859,2,2C636222-CB43-AB6F-444A-7278047991C7
-48.01674,-19.32134,2,2C636222-CB43-AB6F-444A-7278047991C7
-19.722218,-31.419024,2,2C636222-CB43-AB6F-444A-7278047991C7
-60.936604,-0.45345104,0,2C636222-CB43-AB6F-444A-7278047991C7
-36.651497,21.018448,0,2C636222-CB43-AB6F-444A-7278047991C7
-16.055923,-29.845839,0,2C636222-CB43-AB6F-444A-7278047991C7
-15.473817,-31.197163,0,35FEE4B0-EF25-110F-8D86-5410FA57646B
-39.81911,19.39821,1,35FEE4B0-EF25-110F-8D86-5410FA57646B
14.589145,-17.952868,2,35FEE4B0-EF25-110F-8D86-5410FA57646B
-9.811425,15.701964,2,35FEE4B0-EF25-110F-8D86-5410FA57646B
52.879944,-4.328976,2,35FEE4B0-EF25-110F-8D86-5410FA57646B
43.256794,15.876787,2,35FEE4B0-EF25-110F-8D86-5410FA57646B
0.9208784,37.46045,2,35FEE4B0-EF25-110F-8D86-5410FA57646B
26.148336,-3.0055146,2,35FEE4B0-EF25-110F-8D86-5410FA57646B
1.9421996,34.830547,2,35FEE4B0-EF25-110F-8D86-5410FA57646B
40.489704,-29.957172,2,35FEE4B0-EF25-110F-8D86-5410FA57646B
36.71134,31.076214,2,35FEE4B0-EF25-110F-8D86-5410FA57646B
37.97926,30.859272,1,35FEE4B0-EF25-110F-8D86-5410FA57646B
12.719289,12.52617,2,35FEE4B0-EF25-110F-8D86-5410FA57646B
15.037561,16.317171,2,35FEE4B0-EF25-110F-8D86-5410FA57646B
-35.53575,31.541153,2,35FEE4B0-EF25-110F-8D86-5410FA57646B
-16.293428,1.628779,2,35FEE4B0-EF25-110F-8D86-5410FA57646B
14.23502,-19.042053,2,35FEE4B0-EF25-110F-8D86-5410FA57646B
-34.485985,25.137035,2,35FEE4B0-EF25-110F-8D86-5410FA57646B
-19.028557,-32.94429,0,35FEE4B0-EF25-110F-8D86-5410FA57646B
22.345766,-8.659701,0,35FEE4B0-EF25-110F-8D86-5410FA57646B
-32.991898,27.602251,0,35FEE4B0-EF25-110F-8D86-5410FA57646B
-35.58056,28.5363,0,37249306-1597-DC6D-3544-6FEDBBF8B848
-38.170387,-1.2366632,2,37249306-1597-DC6D-3544-6FEDBBF8B848
-29.725965,8.455458,2,37249306-1597-DC6D-3544-6FEDBBF8B848
-33.558678,27.407534,2,37249306-1597-DC6D-3544-6FEDBBF8B848
-30.774649,31.43796,2,37249306-1597-DC6D-3544-6FEDBBF8B848
-9.831534,18.325209,2,37249306-1597-DC6D-3544-6FEDBBF8B848
-35.967422,-4.1849794,2,37249306-1597-DC6D-3544-6FEDBBF8B848
52.329235,-13.612616,2,37249306-1597-DC6D-3544-6FEDBBF8B848
-13.752092,5.40771,2,37249306-1597-DC6D-3544-6FEDBBF8B848
4.6777334,-0.7080345,2,37249306-1597-DC6D-3544-6FEDBBF8B848
9.567288,-9.652298,2,37249306-1597-DC6D-3544-6FEDBBF8B848
2.43568,-1.0929935,2,37249306-1597-DC6D-3544-6FEDBBF8B848
-13.511177,57.416153,1,37249306-1597-DC6D-3544-6FEDBBF8B848
22.862873,-6.5623364,1,37249306-1597-DC6D-3544-6FEDBBF8B848
14.818246,-5.7443967,1,37249306-1597-DC6D-3544-6FEDBBF8B848
12.883325,-3.590357,1,37249306-1597-DC6D-3544-6FEDBBF8B848
24.942701,3.3789465,2,37249306-1597-DC6D-3544-6FEDBBF8B848
-20.089178,-32.625275,2,37249306-1597-DC6D-3544-6FEDBBF8B848
66.6905,1.82321,1,37249306-1597-DC6D-3544-6FEDBBF8B848
39.31619,23.437895,1,37249306-1597-DC6D-3544-6FEDBBF8B848
19.239294,44.279083,1,37249306-1597-DC6D-3544-6FEDBBF8B848
10.632333,-17.077995,1,37249306-1597-DC6D-3544-6FEDBBF8B848
10.598536,-21.133995,1,37249306-1597-DC6D-3544-6FEDBBF8B848
4.9174085,-18.776114,1,37249306-1597-DC6D-3544-6FEDBBF8B848
-63.17597,6.4958835,0,37249306-1597-DC6D-3544-6FEDBBF8B848
-29.100407,-6.9490047,0,37249306-1597-DC6D-3544-6FEDBBF8B848
-25.514965,-49.11749,0,37249306-1597-DC6D-3544-6FEDBBF8B848
39.49278,22.899023,2,3C54E0F5-9C12-3137-9EC1-39645770F53A
-7.711372,62.494026,2,3C54E0F5-9C12-3137-9EC1-39645770F53A
-8.066134,62.698578,2,3C54E0F5-9C12-3137-9EC1-39645770F53A
-0.44820747,-3.7496853,0,3C54E0F5-9C12-3137-9EC1-39645770F53A
10.132545,-15.5657835,0,3C54E0F5-9C12-3137-9EC1-39645770F53A
-23.189054,10.401558,0,3C54E0F5-9C12-3137-9EC1-39645770F53A
-19.982327,6.6584945,0,3C54E0F5-9C12-3137-9EC1-39645770F53A
-20.729218,16.08216,0,3C54E0F5-9C12-3137-9EC1-39645770F53A
-20.465553,16.683144,0,3C54E0F5-9C12-3137-9EC1-39645770F53A
1.2589254,-4.4401994,1,3C54E0F5-9C12-3137-9EC1-39645770F53A
-0.03716695,-2.4170282,1,3C54E0F5-9C12-3137-9EC1-39645770F53A
37.68025,19.336521,1,3C54E0F5-9C12-3137-9EC1-39645770F53A
-36.92865,-3.6180034,2,3C54E0F5-9C12-3137-9EC1-39645770F53A
-35.5111,-4.0703025,2,3C54E0F5-9C12-3137-9EC1-39645770F53A
-33.825195,-3.5545819,0,3C54E0F5-9C12-3137-9EC1-39645770F53A
23.5859,-35.678394,0,3C54E0F5-9C12-3137-9EC1-39645770F53A
1.3050734,37.458252,0,3C54E0F5-9C12-3137-9EC1-39645770F53A
12.172466,-8.721605,1,3C54E0F5-9C12-3137-9EC1-39645770F53A
25.657043,-38.673603,2,3C54E0F5-9C12-3137-9EC1-39645770F53A
37.964073,30.821032,2,3C54E0F5-9C12-3137-9EC1-39645770F53A
23.848099,1.4982312,1,3C54E0F5-9C12-3137-9EC1-39645770F53A
-60.439857,1.0361054,1,3C54E0F5-9C12-3137-9EC1-39645770F53A
24.990435,3.4962525,1,3C54E0F5-9C12-3137-9EC1-39645770F53A
-61.16599,0.42042282,1,3C54E0F5-9C12-3137-9EC1-39645770F53A
20.238167,-13.374281,1,3C54E0F5-9C12-3137-9EC1-39645770F53A
29.319633,-2.8580248,1,3C54E0F5-9C12-3137-9EC1-39645770F53A
55.788876,-11.558156,1,3C54E0F5-9C12-3137-9EC1-39645770F53A
37.051468,27.144934,2,3FC0B5B3-AC42-BF96-D8EE-10E81EAAACF6
-10.288955,55.296387,2,3FC0B5B3-AC42-BF96-D8EE-10E81EAAACF6
14.115002,-7.553068,2,3FC0B5B3-AC42-BF96-D8EE-10E81EAAACF6
-8.773699,59.785934,2,3FC0B5B3-AC42-BF96-D8EE-10E81EAAACF6
3.9002182,38.677555,2,3FC0B5B3-AC42-BF96-D8EE-10E81EAAACF6
28.014309,-2.1977375,1,3FC0B5B3-AC42-BF96-D8EE-10E81EAAACF6
-9.097824,54.086838,2,3FC0B5B3-AC42-BF96-D8EE-10E81EAAACF6
-16.434875,-28.95767,2,3FC0B5B3-AC42-BF96-D8EE-10E81EAAACF6
-63.197136,6.5460877,2,3FC0B5B3-AC42-BF96-D8EE-10E81EAAACF6
-59.110516,1.9365453,2,3FC0B5B3-AC42-BF96-D8EE-10E81EAAACF6
-43.76622,-21.091171,2,3FC0B5B3-AC42-BF96-D8EE-10E81EAAACF6
-43.223476,-23.060406,2,3FC0B5B3-AC42-BF96-D8EE-10E81EAAACF6
-18.431139,12.033411,2,3FC0B5B3-AC42-BF96-D8EE-10E81EAAACF6
-19.676748,10.913257,1,3FC0B5B3-AC42-BF96-D8EE-10E81EAAACF6
-19.489073,2.6714094,2,4690C2DC-C0B5-6C1B-880A-D31C46C8A565
-33.960682,2.6368308,2,4690C2DC-C0B5-6C1B-880A-D31C46C8A565
-40.15487,28.097496,0,4690C2DC-C0B5-6C1B-880A-D31C46C8A565
41.554363,-30.822163,0,4690C2DC-C0B5-6C1B-880A-D31C46C8A565
6.1431737,19.409784,0,4690C2DC-C0B5-6C1B-880A-D31C46C8A565
-7.2471437,62.153477,0,4690C2DC-C0B5-6C1B-880A-D31C46C8A565
1.6165507,-2.2293546,2,4690C2DC-C0B5-6C1B-880A-D31C46C8A565
7.6589794,39.10284,2,4690C2DC-C0B5-6C1B-880A-D31C46C8A565
1.8040928,-22.851433,2,4690C2DC-C0B5-6C1B-880A-D31C46C8A565
14.204083,52.81546,2,4690C2DC-C0B5-6C1B-880A-D31C46C8A565
4.6939607,-18.014204,2,4690C2DC-C0B5-6C1B-880A-D31C46C8A565
17.036247,46.33104,2,4690C2DC-C0B5-6C1B-880A-D31C46C8A565
23.869919,-8.43893,0,4690C2DC-C0B5-6C1B-880A-D31C46C8A565
17.446468,17.504576,0,4690C2DC-C0B5-6C1B-880A-D31C46C8A565
40.113655,29.368786,0,4690C2DC-C0B5-6C1B-880A-D31C46C8A565
14.084864,-8.555407,0,4690C2DC-C0B5-6C1B-880A-D31C46C8A565
68.96131,0.54978824,0,4690C2DC-C0B5-6C1B-880A-D31C46C8A565
25.925873,-38.398544,0,4690C2DC-C0B5-6C1B-880A-D31C46C8A565
-2.5951254,-59.567917,2,46A9A47E-EDE3-2EF4-2F06-E95AF67D57E1
57.335266,-11.666513,2,46A9A47E-EDE3-2EF4-2F06-E95AF67D57E1
38.551544,-34.334557,2,46A9A47E-EDE3-2EF4-2F06-E95AF67D57E1
44.36717,20.77123,2,46A9A47E-EDE3-2EF4-2F06-E95AF67D57E1
-26.226164,12.212814,2,46A9A47E-EDE3-2EF4-2F06-E95AF67D57E1
10.794114,10.846944,2,46A9A47E-EDE3-2EF4-2F06-E95AF67D57E1
11.491212,-7.149469,0,46A9A47E-EDE3-2EF4-2F06-E95AF67D57E1
26.489634,-0.43533224,0,46A9A47E-EDE3-2EF4-2F06-E95AF67D57E1
23.843416,1.2503312,0,46A9A47E-EDE3-2EF4-2F06-E95AF67D57E1
-29.180294,0.25862068,0,46A9A47E-EDE3-2EF4-2F06-E95AF67D57E1
-30.4597,-5.748122,2,46A9A47E-EDE3-2EF4-2F06-E95AF67D57E1
-19.507994,-26.793547,2,46A9A47E-EDE3-2EF4-2F06-E95AF67D57E1
-6.520472,-63.48788,0,46A9A47E-EDE3-2EF4-2F06-E95AF67D57E1
3.4895246,-55.609283,0,46A9A47E-EDE3-2EF4-2F06-E95AF67D57E1
7.1563964,-56.440468,0,46A9A47E-EDE3-2EF4-2F06-E95AF67D57E1
40.79379,26.775553,0,46A9A47E-EDE3-2EF4-2F06-E95AF67D57E1
16.367302,-7.1691136,0,46A9A47E-EDE3-2EF4-2F06-E95AF67D57E1
-16.799393,-30.761383,0,46A9A47E-EDE3-2EF4-2F06-E95AF67D57E1
14.4702835,15.485623,2,46A9A47E-EDE3-2EF4-2F06-E95AF67D57E1
-14.051047,1.4182246,2,46A9A47E-EDE3-2EF4-2F06-E95AF67D57E1
10.63996,-14.881754,2,46A9A47E-EDE3-2EF4-2F06-E95AF67D57E1
5.5983205,-19.248554,2,46A9A47E-EDE3-2EF4-2F06-E95AF67D57E1
-13.049823,59.877575,0,46A9A47E-EDE3-2EF4-2F06-E95AF67D57E1
-16.69971,7.113836,0,46A9A47E-EDE3-2EF4-2F06-E95AF67D57E1
43.940815,16.084677,2,47494449-E68E-E554-8BB1-ECEEE432E269
9.241656,17.378517,0,47494449-E68E-E554-8BB1-ECEEE432E269
-20.826792,13.270139,2,47494449-E68E-E554-8BB1-ECEEE432E269
-23.006182,11.58797,2,47494449-E68E-E554-8BB1-ECEEE432E269
5.3927975,-10.625469,2,47494449-E68E-E554-8BB1-ECEEE432E269
8.270324,11.2809,2,47494449-E68E-E554-8BB1-ECEEE432E269
-26.179823,-49.146896,2,47494449-E68E-E554-8BB1-ECEEE432E269
-60.734596,3.6467488,2,47494449-E68E-E554-8BB1-ECEEE432E269
-46.67198,-21.423372,2,47494449-E68E-E554-8BB1-ECEEE432E269
-50.212925,-21.381096,2,47494449-E68E-E554-8BB1-ECEEE432E269
-58.987644,-0.47558448,2,47494449-E68E-E554-8BB1-ECEEE432E269
-23.19006,14.937143,2,47494449-E68E-E554-8BB1-ECEEE432E269
22.531752,-37.48496,2,47494449-E68E-E554-8BB1-ECEEE432E269
11.259876,-51.05506,2,47494449-E68E-E554-8BB1-ECEEE432E269
3.3874562,-55.090775,2,47494449-E68E-E554-8BB1-ECEEE432E269
38.96293,-33.099384,2,47494449-E68E-E554-8BB1-ECEEE432E269
39.91817,-33.30651,0,47494449-E68E-E554-8BB1-ECEEE432E269
40.694,27.698805,0,47494449-E68E-E554-8BB1-ECEEE432E269
12.749691,-1.7837671,2,48847236-6E23-6E61-57CD-780C68FAA2C2
-11.395129,53.430744,2,48847236-6E23-6E61-57CD-780C68FAA2C2
18.957579,-41.136414,0,48847236-6E23-6E61-57CD-780C68FAA2C2
7.255919,-56.251247,0,48847236-6E23-6E61-57CD-780C68FAA2C2
39.13907,-30.248325,0,48847236-6E23-6E61-57CD-780C68FAA2C2
72.006355,-0.31218684,0,48847236-6E23-6E61-57CD-780C68FAA2C2
56.24006,-10.978669,0,48847236-6E23-6E61-57CD-780C68FAA2C2
-27.608397,-5.250539,0,48847236-6E23-6E61-57CD-780C68FAA2C2
-28.13809,-4.617675,0,48847236-6E23-6E61-57CD-780C68FAA2C2
2.0517771,34.720688,0,48847236-6E23-6E61-57CD-780C68FAA2C2
70.094284,3.3150434,0,48847236-6E23-6E61-57CD-780C68FAA2C2
-11.810859,53.18522,0,48847236-6E23-6E61-57CD-780C68FAA2C2
2.0461135,-15.879322,2,48847236-6E23-6E61-57CD-780C68FAA2C2
53.83071,-5.180718,2,48847236-6E23-6E61-57CD-780C68FAA2C2
5.985185,-53.211246,0,48847236-6E23-6E61-57CD-780C68FAA2C2
-6.9968433,62.47409,0,48847236-6E23-6E61-57CD-780C68FAA2C2
1.1853048,-13.850469,0,48847236-6E23-6E61-57CD-780C68FAA2C2
60.47464,-3.2911315,0,48847236-6E23-6E61-57CD-780C68FAA2C2
-18.717388,11.170096,2,48847236-6E23-6E61-57CD-780C68FAA2C2
10.588706,21.016958,2,48847236-6E23-6E61-57CD-780C68FAA2C2
-8.169519,63.035168,2,48847236-6E23-6E61-57CD-780C68FAA2C2
52.77973,-7.527865,2,48847236-6E23-6E61-57CD-780C68FAA2C2
39.476303,23.885391,2,48847236-6E23-6E61-57CD-780C68FAA2C2
5.268924,38.902836,2,48847236-6E23-6E61-57CD-780C68FAA2C2
18.784216,-40.67829,2,48847236-6E23-6E61-57CD-780C68FAA2C2
8.183266,-55.891266,2,48847236-6E23-6E61-57CD-780C68FAA2C2
3.074366,-55.04999,2,48847236-6E23-6E61-57CD-780C68FAA2C2
1.5920049,36.65565,0,48847236-6E23-6E61-57CD-780C68FAA2C2
52.07628,-14.64114,0,48847236-6E23-6E61-57CD-780C68FAA2C2
55.047226,-10.486031,0,48847236-6E23-6E61-57CD-780C68FAA2C2
-13.9220495,3.8666322,0,48847236-6E23-6E61-57CD-780C68FAA2C2
-34.919456,1.3813932,2,48847236-6E23-6E61-57CD-780C68FAA2C2
-25.088484,-42.22502,2,48847236-6E23-6E61-57CD-780C68FAA2C2
-29.516426,-5.3129334,2,48847236-6E23-6E61-57CD-780C68FAA2C2
-30.308758,-3.585542,2,48847236-6E23-6E61-57CD-780C68FAA2C2
25.174015,3.5695488,2,48847236-6E23-6E61-57CD-780C68FAA2C2
-7.677447,-63.29782,0,48847236-6E23-6E61-57CD-780C68FAA2C2
-6.5074477,-63.489815,0,48847236-6E23-6E61-57CD-780C68FAA2C2
-0.89041144,-55.796238,0,48847236-6E23-6E61-57CD-780C68FAA2C2
-0.6538998,-14.640922,2,48D32E40-ABB9-E3FB-185C-8A5AA0C44CBF
39.410034,15.874315,2,48D32E40-ABB9-E3FB-185C-8A5AA0C44CBF
14.5042515,51.418163,0,48D32E40-ABB9-E3FB-185C-8A5AA0C44CBF
40.018906,16.928352,0,48D32E40-ABB9-E3FB-185C-8A5AA0C44CBF
18.244366,47.10476,0,48D32E40-ABB9-E3FB-185C-8A5AA0C44CBF
43.156055,15.207327,0,48D32E40-ABB9-E3FB-185C-8A5AA0C44CBF
5.297708,-20.732302,0,48D32E40-ABB9-E3FB-185C-8A5AA0C44CBF
-22.896372,-49.010235,2,48D32E40-ABB9-E3FB-185C-8A5AA0C44CBF
14.937386,23.212454,2,48D32E40-ABB9-E3FB-185C-8A5AA0C44CBF
-25.862911,29.164385,2,48D32E40-ABB9-E3FB-185C-8A5AA0C44CBF
14.023326,49.87429,2,48D32E40-ABB9-E3FB-185C-8A5AA0C44CBF
15.4423065,48.403667,2,48D32E40-ABB9-E3FB-185C-8A5AA0C44CBF
1.9661006,-18.72957,1,48D32E40-ABB9-E3FB-185C-8A5AA0C44CBF
7.703316,-15.724771,1,48D32E40-ABB9-E3FB-185C-8A5AA0C44CBF
-35.591293,29.217268,1,48D32E40-ABB9-E3FB-185C-8A5AA0C44CBF
-60.708378,0.036869284,0,48D32E40-ABB9-E3FB-185C-8A5AA0C44CBF
-48.047417,-19.650124,0,48D32E40-ABB9-E3FB-185C-8A5AA0C44CBF
-52.5819,-21.387442,0,48D32E40-ABB9-E3FB-185C-8A5AA0C44CBF
3.0717096,-55.01958,2,4B423110-8A54-A87F-39BB-D68BF033C7FC
-2.4679654,-59.786568,0,4B423110-8A54-A87F-39BB-D68BF033C7FC
36.38097,29.676811,0,4B423110-8A54-A87F-39BB-D68BF033C7FC
14.349784,-5.118588,0,4B423110-8A54-A87F-39BB-D68BF033C7FC
40.61855,19.185465,0,4B423110-8A54-A87F-39BB-D68BF033C7FC
-22.471518,-5.3821135,2,4B423110-8A54-A87F-39BB-D68BF033C7FC
-50.162918,-22.216326,0,4B423110-8A54-A87F-39BB-D68BF033C7FC
-35.466743,21.243801,0,4B423110-8A54-A87F-39BB-D68BF033C7FC
-22.640882,-29.765701,0,4B423110-8A54-A87F-39BB-D68BF033C7FC
-47.4324,-25.575481,0,4B423110-8A54-A87F-39BB-D68BF033C7FC
7.9438534,-57.40082,0,4B423110-8A54-A87F-39BB-D68BF033C7FC
49.59173,-11.697566,0,4B423110-8A54-A87F-39BB-D68BF033C7FC
6.718692,39.487244,2,4B423110-8A54-A87F-39BB-D68BF033C7FC
9.885957,-16.959969,0,4B423110-8A54-A87F-39BB-D68BF033C7FC
5.3232856,-19.48477,0,4B423110-8A54-A87F-39BB-D68BF033C7FC
7.5703135,-16.302807,0,4B423110-8A54-A87F-39BB-D68BF033C7FC
-32.682465,32.057774,2,4B423110-8A54-A87F-39BB-D68BF033C7FC
-41.322163,27.56711,2,4B423110-8A54-A87F-39BB-D68BF033C7FC
-46.311737,-20.474415,2,4B423110-8A54-A87F-39BB-D68BF033C7FC
-35.921288,32.51878,2,4B423110-8A54-A87F-39BB-D68BF033C7FC
-20.94533,0.64575446,0,4B423110-8A54-A87F-39BB-D68BF033C7FC
11.4017105,12.018312,0,4B423110-8A54-A87F-39BB-D68BF033C7FC
37.333416,19.47221,0,4B423110-8A54-A87F-39BB-D68BF033C7FC
13.329369,49.95558,0,4B423110-8A54-A87F-39BB-D68BF033C7FC
20.677767,-13.615423,2,4B423110-8A54-A87F-39BB-D68BF033C7FC
6.0696,-2.9023736,2,4B423110-8A54-A87F-39BB-D68BF033C7FC
24.179926,-10.360438,2,4B423110-8A54-A87F-39BB-D68BF033C7FC
13.780025,-4.3366385,2,4B423110-8A54-A87F-39BB-D68BF033C7FC
44.415863,26.58939,2,4B423110-8A54-A87F-39BB-D68BF033C7FC
-47.708252,-25.142311,2,4B423110-8A54-A87F-39BB-D68BF033C7FC
-18.650463,-25.470846,0,4BD5749B-A1D2-E6C9-156F-DF107802D3BE
-31.115622,2.6323688,0,4BD5749B-A1D2-E6C9-156F-DF107802D3BE
-12.065569,14.618361,0,4BD5749B-A1D2-E6C9-156F-DF107802D3BE
13.317867,50.29465,0,4BD5749B-A1D2-E6C9-156F-DF107802D3BE
-15.087771,8.629783,0,4BD5749B-A1D2-E6C9-156F-DF107802D3BE
4.345295,-20.408695,2,4BD5749B-A1D2-E6C9-156F-DF107802D3BE
-0.26517886,-4.6611986,2,4BD5749B-A1D2-E6C9-156F-DF107802D3BE
3.5643246,-13.66298,2,4BD5749B-A1D2-E6C9-156F-DF107802D3BE
11.33664,21.6013,2,4BD5749B-A1D2-E6C9-156F-DF107802D3BE
-0.21665041,-3.8421361,2,4BD5749B-A1D2-E6C9-156F-DF107802D3BE
37.609474,19.35095,2,4BD5749B-A1D2-E6C9-156F-DF107802D3BE
22.053362,-39.231266,2,4BD5749B-A1D2-E6C9-156F-DF107802D3BE
36.235775,25.800774,2,4BD5749B-A1D2-E6C9-156F-DF107802D3BE
4.1849413,38.39238,2,4BD5749B-A1D2-E6C9-156F-DF107802D3BE
27.927647,-3.0324836,2,4BD5749B-A1D2-E6C9-156F-DF107802D3BE
57.148834,-11.161351,0,4BD5749B-A1D2-E6C9-156F-DF107802D3BE
44.29247,24.778234,0,4BD5749B-A1D2-E6C9-156F-DF107802D3BE
1.2620348,36.66822,0,4BD5749B-A1D2-E6C9-156F-DF107802D3BE
-24.074644,27.611475,1,4BD5749B-A1D2-E6C9-156F-DF107802D3BE
8.376738,11.711841,1,4BD5749B-A1D2-E6C9-156F-DF107802D3BE
53.856697,-8.773696,1,4BD5749B-A1D2-E6C9-156F-DF107802D3BE
18.227015,46.040665,1,4BD5749B-A1D2-E6C9-156F-DF107802D3BE
3.499374,-0.67922354,1,4BD5749B-A1D2-E6C9-156F-DF107802D3BE
20.795105,-37.085033,1,4BD5749B-A1D2-E6C9-156F-DF107802D3BE
-20.768871,-32.523037,0,4BD5749B-A1D2-E6C9-156F-DF107802D3BE
-60.273952,0.7231918,2,4BD5749B-A1D2-E6C9-156F-DF107802D3BE
-59.667397,0.70635515,2,4BD5749B-A1D2-E6C9-156F-DF107802D3BE
13.694935,15.84202,2,4BFAECAC-0CC2-F9AC-17BB-7343BE737D81
43.17487,21.05102,2,4BFAECAC-0CC2-F9AC-17BB-7343BE737D81
44.14213,24.506523,2,4BFAECAC-0CC2-F9AC-17BB-7343BE737D81
-10.439842,58.72977,2,4BFAECAC-0CC2-F9AC-17BB-7343BE737D81
47.18731,19.27792,2,4BFAECAC-0CC2-F9AC-17BB-7343BE737D81
-0.5500134,-55.59639,2,4BFAECAC-0CC2-F9AC-17BB-7343BE737D81
69.0066,0.44310483,0,4BFAECAC-0CC2-F9AC-17BB-7343BE737D81
68.993515,1.5913237,0,4BFAECAC-0CC2-F9AC-17BB-7343BE737D81
4.7231865,40.206947,2,4BFAECAC-0CC2-F9AC-17BB-7343BE737D81
-25.960716,7.0041533,2,4BFAECAC-0CC2-F9AC-17BB-7343BE737D81
-13.707794,52.210716,2,4BFAECAC-0CC2-F9AC-17BB-7343BE737D81
-39.70454,20.349028,2,4BFAECAC-0CC2-F9AC-17BB-7343BE737D81
-12.350433,59.17188,2,4CAE9D77-C8A8-2EE8-53D0-7C3C6331B2C5
7.4413886,37.102833,2,4CAE9D77-C8A8-2EE8-53D0-7C3C6331B2C5
5.6253915,-1.8029943,2,4CAE9D77-C8A8-2EE8-53D0-7C3C6331B2C5
7.3816986,-0.6585073,2,4CAE9D77-C8A8-2EE8-53D0-7C3C6331B2C5
-13.676362,55.63233,2,4CAE9D77-C8A8-2EE8-53D0-7C3C6331B2C5
-36.604904,-4.303261,2,4CAE9D77-C8A8-2EE8-53D0-7C3C6331B2C5
51.451595,-13.371584,1,4CAE9D77-C8A8-2EE8-53D0-7C3C6331B2C5
13.68453,-6.359504,1,4CAE9D77-C8A8-2EE8-53D0-7C3C6331B2C5
26.304607,-0.6275324,1,4CAE9D77-C8A8-2EE8-53D0-7C3C6331B2C5
-36.856316,20.39315,1,4CAE9D77-C8A8-2EE8-53D0-7C3C6331B2C5
-20.196991,-34.46906,1,4CAE9D77-C8A8-2EE8-53D0-7C3C6331B2C5
-20.885342,-32.890812,1,4CAE9D77-C8A8-2EE8-53D0-7C3C6331B2C5
4.017431,-1.8416128,1,4CAE9D77-C8A8-2EE8-53D0-7C3C6331B2C5
-25.812843,26.952559,1,4CAE9D77-C8A8-2EE8-53D0-7C3C6331B2C5
-19.557955,-24.586782,1,4CAE9D77-C8A8-2EE8-53D0-7C3C6331B2C5
-16.81401,-35.89995,1,4CAE9D77-C8A8-2EE8-53D0-7C3C6331B2C5
-35.62406,31.925907,1,4CAE9D77-C8A8-2EE8-53D0-7C3C6331B2C5
-37.59363,19.587814,1,4CAE9D77-C8A8-2EE8-53D0-7C3C6331B2C5
3.8997598,38.720467,1,4CAE9D77-C8A8-2EE8-53D0-7C3C6331B2C5
2.5748045,39.618134,1,4CAE9D77-C8A8-2EE8-53D0-7C3C6331B2C5
-11.697401,3.1566727,1,4CAE9D77-C8A8-2EE8-53D0-7C3C6331B2C5
25.057764,2.2164195,1,4CAE9D77-C8A8-2EE8-53D0-7C3C6331B2C5
-40.15491,20.428146,2,4CAE9D77-C8A8-2EE8-53D0-7C3C6331B2C5
-35.19694,-2.9903085,2,4CAE9D77-C8A8-2EE8-53D0-7C3C6331B2C5
3.138277,41.506283,2,4CAE9D77-C8A8-2EE8-53D0-7C3C6331B2C5
5.2570715,39.513355,2,4CAE9D77-C8A8-2EE8-53D0-7C3C6331B2C5
24.439137,-7.1267405,2,4CAE9D77-C8A8-2EE8-53D0-7C3C6331B2C5
3.04333,-3.5235126,2,4CAE9D77-C8A8-2EE8-53D0-7C3C6331B2C5
5.397701,39.49427,1,4CAE9D77-C8A8-2EE8-53D0-7C3C6331B2C5
40.732815,17.5542,1,4CAE9D77-C8A8-2EE8-53D0-7C3C6331B2C5
43.264175,15.844341,2,5270C847-54C3-180E-9737-1D87A639C450
0.08730881,-13.932224,2,5270C847-54C3-180E-9737-1D87A639C450
13.936827,51.717857,2,5270C847-54C3-180E-9737-1D87A639C450
10.216133,21.749914,2,5270C847-54C3-180E-9737-1D87A639C450
42.253555,15.417947,2,5270C847-54C3-180E-9737-1D87A639C450
-0.3903067,-11.230125,2,5270C847-54C3-180E-9737-1D87A639C450
-63.54158,-1.8323486,0,5270C847-54C3-180E-9737-1D87A639C450
-63.458416,-1.8334614,0,5270C847-54C3-180E-9737-1D87A639C450
-63.460346,-1.8345592,0,5270C847-54C3-180E-9737-1D87A639C450
-51.083992,-25.01287,0,5270C847-54C3-180E-9737-1D87A639C450
-63.462044,-1.8351189,0,5270C847-54C3-180E-9737-1D87A639C450
-24.796656,-33.475918,0,5270C847-54C3-180E-9737-1D87A639C450
-50.981194,-25.19491,0,5270C847-54C3-180E-9737-1D87A639C450
-24.79591,-33.474506,0,5270C847-54C3-180E-9737-1D87A639C450
-63.462437,-1.8348984,0,5270C847-54C3-180E-9737-1D87A639C450
-63.473255,-1.8382525,0,5270C847-54C3-180E-9737-1D87A639C450
-50.994953,-25.168415,0,5270C847-54C3-180E-9737-1D87A639C450
-50.983707,-25.19483,0,5270C847-54C3-180E-9737-1D87A639C450
12.286805,-5.0598216,1,5690E95B-9747-B2B5-2EE1-16A72200D5CC
-35.30705,-5.7833915,2,5690E95B-9747-B2B5-2EE1-16A72200D5CC
-16.598244,56.398857,2,5690E95B-9747-B2B5-2EE1-16A72200D5CC
16.501774,-19.44973,2,5690E95B-9747-B2B5-2EE1-16A72200D5CC
-40.0382,19.01449,2,5690E95B-9747-B2B5-2EE1-16A72200D5CC
39.831673,24.330065,2,5690E95B-9747-B2B5-2EE1-16A72200D5CC
8.404868,17.53304,2,5690E95B-9747-B2B5-2EE1-16A72200D5CC
19.352736,44.554363,2,5690E95B-9747-B2B5-2EE1-16A72200D5CC
20.234785,-38.267887,2,5690E95B-9747-B2B5-2EE1-16A72200D5CC
16.352882,48.354687,0,5690E95B-9747-B2B5-2EE1-16A72200D5CC
60.347507,-3.688044,0,5690E95B-9747-B2B5-2EE1-16A72200D5CC
-18.451658,12.00127,0,5690E95B-9747-B2B5-2EE1-16A72200D5CC
-25.41449,11.162862,0,5690E95B-9747-B2B5-2EE1-16A72200D5CC
-13.927559,3.8326538,0,5690E95B-9747-B2B5-2EE1-16A72200D5CC
-24.854725,11.896125,0,5690E95B-9747-B2B5-2EE1-16A72200D5CC
6.400904,-2.3165,0,5690E95B-9747-B2B5-2EE1-16A72200D5CC
-16.716164,56.006622,2,5690E95B-9747-B2B5-2EE1-16A72200D5CC
-15.407954,-31.203554,2,5690E95B-9747-B2B5-2EE1-16A72200D5CC
-42.429253,-21.592594,2,58CB3C5E-2F5C-31FE-83E8-C6772D99B8D5
-42.678368,-22.03141,2,58CB3C5E-2F5C-31FE-83E8-C6772D99B8D5
-29.671045,8.397176,2,58CB3C5E-2F5C-31FE-83E8-C6772D99B8D5
-12.03258,15.097298,2,58CB3C5E-2F5C-31FE-83E8-C6772D99B8D5
14.49514,50.111786,2,58CB3C5E-2F5C-31FE-83E8-C6772D99B8D5
-9.880398,18.320726,2,58CB3C5E-2F5C-31FE-83E8-C6772D99B8D5
22.511116,-38.31624,0,58CB3C5E-2F5C-31FE-83E8-C6772D99B8D5
37.01188,26.113705,0,58CB3C5E-2F5C-31FE-83E8-C6772D99B8D5
13.488104,-8.759653,0,58CB3C5E-2F5C-31FE-83E8-C6772D99B8D5
-26.071754,10.901307,0,58CB3C5E-2F5C-31FE-83E8-C6772D99B8D5
-42.749115,-19.512217,0,58CB3C5E-2F5C-31FE-83E8-C6772D99B8D5
-16.59455,-30.231081,0,58CB3C5E-2F5C-31FE-83E8-C6772D99B8D5
13.263356,50.12957,0,58CB3C5E-2F5C-31FE-83E8-C6772D99B8D5
4.126976,-1.9160464,1,58CB3C5E-2F5C-31FE-83E8-C6772D99B8D5
-26.048609,25.162064,1,58CB3C5E-2F5C-31FE-83E8-C6772D99B8D5
-37.95605,18.968742,1,58CB3C5E-2F5C-31FE-83E8-C6772D99B8D5
-62.490265,7.116832,1,58CB3C5E-2F5C-31FE-83E8-C6772D99B8D5
44.029835,20.257137,1,58CB3C5E-2F5C-31FE-83E8-C6772D99B8D5
60.632057,-3.2729664,1,58CB3C5E-2F5C-31FE-83E8-C6772D99B8D5
-12.307338,18.283632,0,58CB3C5E-2F5C-31FE-83E8-C6772D99B8D5
41.036316,16.603254,0,58CB3C5E-2F5C-31FE-83E8-C6772D99B8D5
1.8193531,-13.723508,0,58CB3C5E-2F5C-31FE-83E8-C6772D99B8D5
7.4004498,15.921636,0,58CB3C5E-2F5C-31FE-83E8-C6772D99B8D5
4.908631,-10.808547,0,58CB3C5E-2F5C-31FE-83E8-C6772D99B8D5
2.4176207,-16.2769,2,5CD23052-9069-615B-22B2-CB8E9A2413C9
4.8345194,17.021986,2,5CD23052-9069-615B-22B2-CB8E9A2413C9
12.538682,18.45715,2,5CD23052-9069-615B-22B2-CB8E9A2413C9
-26.23396,25.551826,2,5CD23052-9069-615B-22B2-CB8E9A2413C9
-41.321815,18.046663,2,5CD23052-9069-615B-22B2-CB8E9A2413C9
-16.58802,56.25721,1,5CD23052-9069-615B-22B2-CB8E9A2413C9
16.537771,-13.910731,1,5CD23052-9069-615B-22B2-CB8E9A2413C9
-13.62701,-32.30949,1,5CD23052-9069-615B-22B2-CB8E9A2413C9
-26.851439,27.012983,2,5CD23052-9069-615B-22B2-CB8E9A2413C9
-17.362665,-35.993534,2,5CD23052-9069-615B-22B2-CB8E9A2413C9
-14.898775,16.522757,2,5CD23052-9069-615B-22B2-CB8E9A2413C9
-10.085997,52.311646,2,5CD23052-9069-615B-22B2-CB8E9A2413C9
36.927425,26.422165,2,5CD23052-9069-615B-22B2-CB8E9A2413C9
54.483944,-13.869507,2,5CD23052-9069-615B-22B2-CB8E9A2413C9
55.918118,-11.829769,2,5CD23052-9069-615B-22B2-CB8E9A2413C9
52.14729,-13.406105,2,5CD23052-9069-615B-22B2-CB8E9A2413C9
26.017841,-38.426414,2,5CD23052-9069-615B-22B2-CB8E9A2413C9
1.5876263,35.92204,2,5CD23052-9069-615B-22B2-CB8E9A2413C9
11.171454,-5.9718747,0,5CD23052-9069-615B-22B2-CB8E9A2413C9
14.531977,-4.6160517,0,5CD23052-9069-615B-22B2-CB8E9A2413C9
22.86651,-8.048572,2,5CD23052-9069-615B-22B2-CB8E9A2413C9
8.574386,15.583636,2,5E491E0A-C580-29BE-4329-ED7BFF843D0D
52.052895,-6.0471883,2,5E491E0A-C580-29BE-4329-ED7BFF843D0D
12.256774,14.297806,0,5E491E0A-C580-29BE-4329-ED7BFF843D0D
-11.18758,16.812222,0,5E491E0A-C580-29BE-4329-ED7BFF843D0D
-21.344887,16.231558,0,5E491E0A-C580-29BE-4329-ED7BFF843D0D
43.550285,15.199759,2,5E491E0A-C580-29BE-4329-ED7BFF843D0D
-45.182518,-22.962969,0,5E491E0A-C580-29BE-4329-ED7BFF843D0D
-45.074978,-22.926092,0,5E491E0A-C580-29BE-4329-ED7BFF843D0D
-52.502857,-21.382938,0,5E491E0A-C580-29BE-4329-ED7BFF843D0D
-50.299534,-21.412851,0,5E491E0A-C580-29BE-4329-ED7BFF843D0D
-47.471287,-20.756166,2,5E491E0A-C580-29BE-4329-ED7BFF843D0D
-43.851032,-22.770765,2,5E491E0A-C580-29BE-4329-ED7BFF843D0D
-15.992593,-29.8235,2,5E491E0A-C580-29BE-4329-ED7BFF843D0D
-37.99189,-4.244397,2,5E491E0A-C580-29BE-4329-ED7BFF843D0D
3.7899783,-4.643778,0,5E491E0A-C580-29BE-4329-ED7BFF843D0D
5.340417,-19.448835,0,5E491E0A-C580-29BE-4329-ED7BFF843D0D
1.6251175,-23.177544,0,5E491E0A-C580-29BE-4329-ED7BFF843D0D
12.014011,16.203869,0,5E491E0A-C580-29BE-4329-ED7BFF843D0D
-32.28971,32.893333,2,5F222604-CB86-1ABA-EB7B-31FF78B7BE93
-65.14121,6.129074,2,5F222604-CB86-1ABA-EB7B-31FF78B7BE93
-33.43751,29.389053,2,5F222604-CB86-1ABA-EB7B-31FF78B7BE93
-13.721446,-32.328087,2,5F222604-CB86-1ABA-EB7B-31FF78B7BE93
-58.292637,0.16461755,2,5F222604-CB86-1ABA-EB7B-31FF78B7BE93
-28.568588,-3.3779795,2,5F222604-CB86-1ABA-EB7B-31FF78B7BE93
40.236153,28.97026,2,5F222604-CB86-1ABA-EB7B-31FF78B7BE93
51.826653,-8.298619,2,5F222604-CB86-1ABA-EB7B-31FF78B7BE93
53.971565,-5.039287,2,5F222604-CB86-1ABA-EB7B-31FF78B7BE93
1.8135412,-22.824678,2,5F222604-CB86-1ABA-EB7B-31FF78B7BE93
1.4244033,-19.12892,2,5F222604-CB86-1ABA-EB7B-31FF78B7BE93
1.9184983,-18.828732,2,5F222604-CB86-1ABA-EB7B-31FF78B7BE93
60.133045,-3.6948085,2,5F222604-CB86-1ABA-EB7B-31FF78B7BE93
-13.350044,14.137855,2,5F222604-CB86-1ABA-EB7B-31FF78B7BE93
-9.63048,15.583886,1,5F222604-CB86-1ABA-EB7B-31FF78B7BE93
11.1004925,12.502132,1,5F222604-CB86-1ABA-EB7B-31FF78B7BE93
-36.254425,27.756485,1,5F222604-CB86-1ABA-EB7B-31FF78B7BE93
-23.29577,-42.68573,1,5F222604-CB86-1ABA-EB7B-31FF78B7BE93
-19.84369,6.842384,2,62A1F053-1EA8-7433-090E-89D450314F41
-21.983526,11.352974,2,62A1F053-1EA8-7433-090E-89D450314F41
0.8925968,-18.421257,2,62A1F053-1EA8-7433-090E-89D450314F41
52.874172,-9.362429,2,62A1F053-1EA8-7433-090E-89D450314F41
9.831375,-49.24152,2,62A1F053-1EA8-7433-090E-89D450314F41
19.367205,44.43035,2,62A1F053-1EA8-7433-090E-89D450314F41
-1.1486741,-57.300636,2,62A1F053-1EA8-7433-090E-89D450314F41
3.5800717,-55.797134,2,62A1F053-1EA8-7433-090E-89D450314F41
26.488064,-37.438232,1,62A1F053-1EA8-7433-090E-89D450314F41
-8.456184,60.177418,2,62A1F053-1EA8-7433-090E-89D450314F41
-12.646863,54.230873,2,62A1F053-1EA8-7433-090E-89D450314F41
-20.12668,-32.38681,2,62A1F053-1EA8-7433-090E-89D450314F41
-29.715681,30.338541,0,62A1F053-1EA8-7433-090E-89D450314F41
4.3005114,-12.193491,2,62A1F053-1EA8-7433-090E-89D450314F41
-0.18565129,-16.672506,2,62A1F053-1EA8-7433-090E-89D450314F41
39.287292,23.708166,2,62A1F053-1EA8-7433-090E-89D450314F41
4.079469,-55.250748,0,62A1F053-1EA8-7433-090E-89D450314F41
39.635193,-34.034092,0,62A1F053-1EA8-7433-090E-89D450314F41
39.08466,24.175215,0,62A1F053-1EA8-7433-090E-89D450314F41
70.74917,1.0088812,0,62A1F053-1EA8-7433-090E-89D450314F41
5.5194073,38.17993,0,62A1F053-1EA8-7433-090E-89D450314F41
15.692193,-3.9514773,0,62A1F053-1EA8-7433-090E-89D450314F41
0.6983547,-16.658415,0,62A1F053-1EA8-7433-090E-89D450314F41
11.579744,-9.400467,0,62A1F053-1EA8-7433-090E-89D450314F41
10.903482,-8.511292,0,62A1F053-1EA8-7433-090E-89D450314F41
-37.75208,19.76776,0,62A1F053-1EA8-7433-090E-89D450314F41
-20.966633,0.5446388,0,62A1F053-1EA8-7433-090E-89D450314F41
-13.767638,54.709766,0,62A1F053-1EA8-7433-090E-89D450314F41
14.56121,-17.778172,0,62A1F053-1EA8-7433-090E-89D450314F41
37.244698,26.193981,0,62A1F053-1EA8-7433-090E-89D450314F41
23.646515,-7.8756332,0,62A1F053-1EA8-7433-090E-89D450314F41
29.194199,0.75340354,0,62A1F053-1EA8-7433-090E-89D450314F41
11.054052,-13.159864,0,62A1F053-1EA8-7433-090E-89D450314F41
24.69226,2.4080877,2,647C581E-E72F-0765-F94A-065909B99374
27.837248,-0.16859108,2,647C581E-E72F-0765-F94A-065909B99374
-59.44921,-0.065404214,2,647C581E-E72F-0765-F94A-065909B99374
-44.10923,-22.486195,2,647C581E-E72F-0765-F94A-065909B99374
-44.0508,-26.27502,2,647C581E-E72F-0765-F94A-065909B99374
-52.66789,-21.390987,2,647C581E-E72F-0765-F94A-065909B99374
13.0104065,15.16858,2,647C581E-E72F-0765-F94A-065909B99374
-35.704784,-5.4257174,2,647C581E-E72F-0765-F94A-065909B99374
24.801697,3.3137603,1,647C581E-E72F-0765-F94A-065909B99374
35.430664,29.473436,1,647C581E-E72F-0765-F94A-065909B99374
37.631786,27.01304,2,647C581E-E72F-0765-F94A-065909B99374
69.857956,2.3006263,2,647C581E-E72F-0765-F94A-065909B99374
-33.78958,30.59702,1,64A0EC69-0CE2-8405-0FFC-D63A7F55E703
-32.728485,32.46476,2,64A0EC69-0CE2-8405-0FFC-D63A7F55E703
-41.92949,-20.666227,2,64A0EC69-0CE2-8405-0FFC-D63A7F55E703
-37.74217,-0.28913453,2,64A0EC69-0CE2-8405-0FFC-D63A7F55E703
-11.055618,16.759136,0,64A0EC69-0CE2-8405-0FFC-D63A7F55E703
6.2988887,-19.624147,0,64A0EC69-0CE2-8405-0FFC-D63A7F55E703
44.205956,20.262857,1,64A0EC69-0CE2-8405-0FFC-D63A7F55E703
37.08588,20.098734,1,64A0EC69-0CE2-8405-0FFC-D63A7F55E703
61.063957,-3.0929787,1,64A0EC69-0CE2-8405-0FFC-D63A7F55E703
-0.3646815,-19.892344,1,64A0EC69-0CE2-8405-0FFC-D63A7F55E703
42.910915,15.132008,1,64A0EC69-0CE2-8405-0FFC-D63A7F55E703
53.47383,-9.086611,1,64A0EC69-0CE2-8405-0FFC-D63A7F55E703
-17.732357,7.8194227,1,64A0EC69-0CE2-8405-0FFC-D63A7F55E703
-20.02934,4.472958,1,64A0EC69-0CE2-8405-0FFC-D63A7F55E703
-58.642822,1.1650547,1,64A0EC69-0CE2-8405-0FFC-D63A7F55E703
-58.557106,1.3976729,1,64A0EC69-0CE2-8405-0FFC-D63A7F55E703
-58.35367,1.6541219,1,64A0EC69-0CE2-8405-0FFC-D63A7F55E703
-41.696167,-25.047747,1,64A0EC69-0CE2-8405-0FFC-D63A7F55E703
-41.732918,-24.883177,1,64A0EC69-0CE2-8405-0FFC-D63A7F55E703
-57.770264,0.56352854,1,64A0EC69-0CE2-8405-0FFC-D63A7F55E703
11.670787,22.63087,1,64A0EC69-0CE2-8405-0FFC-D63A7F55E703
-20.383673,16.844553,1,64A0EC69-0CE2-8405-0FFC-D63A7F55E703
14.21028,20.982803,1,64A0EC69-0CE2-8405-0FFC-D63A7F55E703
11.253817,20.889315,1,64A0EC69-0CE2-8405-0FFC-D63A7F55E703
-46.173576,-26.30788,2,64A0EC69-0CE2-8405-0FFC-D63A7F55E703
-51.440525,-24.386063,2,64A0EC69-0CE2-8405-0FFC-D63A7F55E703
-48.83598,-25.074469,2,64A0EC69-0CE2-8405-0FFC-D63A7F55E703
26.26977,5.0406327,2,64A0EC69-0CE2-8405-0FFC-D63A7F55E703
-14.001143,-35.17438,1,64A0EC69-0CE2-8405-0FFC-D63A7F55E703
-21.879168,-31.80316,0,64A0EC69-0CE2-8405-0FFC-D63A7F55E703
-34.48665,32.872837,2,66E9719B-D383-AA87-7FAB-D9B4ABE7011C
-33.454803,33.046036,2,66E9719B-D383-AA87-7FAB-D9B4ABE7011C
-18.032467,7.258608,2,66E9719B-D383-AA87-7FAB-D9B4ABE7011C
0.81123686,-11.872028,2,66E9719B-D383-AA87-7FAB-D9B4ABE7011C
10.068678,21.261482,2,66E9719B-D383-AA87-7FAB-D9B4ABE7011C
-8.595993,17.063675,2,66E9719B-D383-AA87-7FAB-D9B4ABE7011C
-24.65032,15.358983,0,66E9719B-D383-AA87-7FAB-D9B4ABE7011C
-23.17158,-48.904114,2,66E9719B-D383-AA87-7FAB-D9B4ABE7011C
-35.970795,28.481787,2,66E9719B-D383-AA87-7FAB-D9B4ABE7011C
15.943311,14.731128,2,66E9719B-D383-AA87-7FAB-D9B4ABE7011C
-16.967417,6.9395347,2,66E9719B-D383-AA87-7FAB-D9B4ABE7011C
-9.906521,16.015926,2,66E9719B-D383-AA87-7FAB-D9B4ABE7011C
-0.17747846,-57.030228,0,66E9719B-D383-AA87-7FAB-D9B4ABE7011C
25.233547,-38.91275,0,66E9719B-D383-AA87-7FAB-D9B4ABE7011C
23.538416,-35.39136,0,66E9719B-D383-AA87-7FAB-D9B4ABE7011C
54.42873,-11.783517,0,66E9719B-D383-AA87-7FAB-D9B4ABE7011C
6.705452,-52.07839,0,66E9719B-D383-AA87-7FAB-D9B4ABE7011C
45.55443,19.279028,0,66E9719B-D383-AA87-7FAB-D9B4ABE7011C
-23.544142,-42.230316,0,66E9719B-D383-AA87-7FAB-D9B4ABE7011C
-30.608961,0.2102581,0,66E9719B-D383-AA87-7FAB-D9B4ABE7011C
-14.089069,51.52901,2,66E9719B-D383-AA87-7FAB-D9B4ABE7011C
-42.62327,23.487213,2,66E9719B-D383-AA87-7FAB-D9B4ABE7011C
-40.294308,20.386875,2,66E9719B-D383-AA87-7FAB-D9B4ABE7011C
-36.412277,25.117693,2,66E9719B-D383-AA87-7FAB-D9B4ABE7011C
-42.2112,-22.053629,2,68339CF4-6AFB-7EFB-40EA-238612F8E5A4
-21.959297,-42.93541,2,68339CF4-6AFB-7EFB-40EA-238612F8E5A4
-42.9008,-23.154686,2,68339CF4-6AFB-7EFB-40EA-238612F8E5A4
-19.597647,-25.120502,2,68339CF4-6AFB-7EFB-40EA-238612F8E5A4
-31.505661,30.931747,2,68339CF4-6AFB-7EFB-40EA-238612F8E5A4
-17.24168,6.478798,2,68339CF4-6AFB-7EFB-40EA-238612F8E5A4
-61.31202,-1.0176246,2,68339CF4-6AFB-7EFB-40EA-238612F8E5A4
40.217186,-28.304102,2,68339CF4-6AFB-7EFB-40EA-238612F8E5A4
18.23854,-38.09112,2,68339CF4-6AFB-7EFB-40EA-238612F8E5A4
28.093176,1.8184289,2,68339CF4-6AFB-7EFB-40EA-238612F8E5A4
-27.930384,-3.6422415,2,68339CF4-6AFB-7EFB-40EA-238612F8E5A4
5.3327503,19.374298,2,68339CF4-6AFB-7EFB-40EA-238612F8E5A4
-7.0872407,62.256016,1,68339CF4-6AFB-7EFB-40EA-238612F8E5A4
-17.692541,12.189006,2,68339CF4-6AFB-7EFB-40EA-238612F8E5A4
-2.317511,-12.557426,2,68339CF4-6AFB-7EFB-40EA-238612F8E5A4
39.44945,17.352102,2,68339CF4-6AFB-7EFB-40EA-238612F8E5A4
8.841378,-17.744974,2,68339CF4-6AFB-7EFB-40EA-238612F8E5A4
-8.580525,17.68374,2,68339CF4-6AFB-7EFB-40EA-238612F8E5A4
-15.562825,6.3326254,0,68339CF4-6AFB-7EFB-40EA-238612F8E5A4
10.283069,-16.415272,0,68339CF4-6AFB-7EFB-40EA-238612F8E5A4
6.0360346,-14.521611,0,68339CF4-6AFB-7EFB-40EA-238612F8E5A4
3.3990488,-17.877947,0,68339CF4-6AFB-7EFB-40EA-238612F8E5A4
42.99774,16.758814,0,68339CF4-6AFB-7EFB-40EA-238612F8E5A4
8.145672,21.486814,0,68339CF4-6AFB-7EFB-40EA-238612F8E5A4
6.724757,-0.62011236,2,6B1E25A6-882B-DDD7-CE4F-4EC17A0906CF
30.517624,-1.5670753,2,6B1E25A6-882B-DDD7-CE4F-4EC17A0906CF
-36.564827,27.829878,0,6B1E25A6-882B-DDD7-CE4F-4EC17A0906CF
12.102758,-11.817276,0,6B1E25A6-882B-DDD7-CE4F-4EC17A0906CF
-7.7693777,60.26438,0,6B1E25A6-882B-DDD7-CE4F-4EC17A0906CF
15.523362,-7.4891396,0,6B1E25A6-882B-DDD7-CE4F-4EC17A0906CF
52.696983,-7.7661943,0,6B1E25A6-882B-DDD7-CE4F-4EC17A0906CF
4.2225413,-9.90965,0,6B1E25A6-882B-DDD7-CE4F-4EC17A0906CF
19.110098,46.438965,0,6B1E25A6-882B-DDD7-CE4F-4EC17A0906CF
20.151031,-12.496939,0,6B1E25A6-882B-DDD7-CE4F-4EC17A0906CF
-26.52127,8.416294,0,6B1E25A6-882B-DDD7-CE4F-4EC17A0906CF
-23.193666,10.994131,0,6B1E25A6-882B-DDD7-CE4F-4EC17A0906CF
-2.4421432,-13.576975,2,6B1E25A6-882B-DDD7-CE4F-4EC17A0906CF
-0.2125845,-10.632695,2,6B1E25A6-882B-DDD7-CE4F-4EC17A0906CF
4.6605945,-20.288237,2,6B1E25A6-882B-DDD7-CE4F-4EC17A0906CF
1.7011139,-20.560856,2,6B1E25A6-882B-DDD7-CE4F-4EC17A0906CF
-17.864336,6.7897468,1,6B1E25A6-882B-DDD7-CE4F-4EC17A0906CF
-59.15526,1.4058398,1,6B1E25A6-882B-DDD7-CE4F-4EC17A0906CF
7.120727,-56.23626,0,6B1E25A6-882B-DDD7-CE4F-4EC17A0906CF
20.901937,-39.07697,0,6B1E25A6-882B-DDD7-CE4F-4EC17A0906CF
6.555244,-55.51059,0,6B1E25A6-882B-DDD7-CE4F-4EC17A0906CF
-32.58928,33.783474,0,6B690AF9-8440-1C43-B353-FA85266AA12C
-34.18015,32.53709,2,6B690AF9-8440-1C43-B353-FA85266AA12C
-43.222214,-21.518536,2,6B690AF9-8440-1C43-B353-FA85266AA12C
-34.241493,27.178375,2,6B690AF9-8440-1C43-B353-FA85266AA12C
-16.674736,6.5187125,2,6B690AF9-8440-1C43-B353-FA85266AA12C
-22.707476,3.4662273,2,6B690AF9-8440-1C43-B353-FA85266AA12C
4.773937,-54.249447,2,6B690AF9-8440-1C43-B353-FA85266AA12C
13.820167,-9.185063,2,6B690AF9-8440-1C43-B353-FA85266AA12C
36.485676,26.262009,1,6B690AF9-8440-1C43-B353-FA85266AA12C
-14.82938,-33.124672,1,6B690AF9-8440-1C43-B353-FA85266AA12C
-60.697712,0.57690555,1,6B690AF9-8440-1C43-B353-FA85266AA12C
-21.450298,-30.929838,1,6B690AF9-8440-1C43-B353-FA85266AA12C
-22.879776,12.010075,2,6B690AF9-8440-1C43-B353-FA85266AA12C
-21.653734,13.434274,2,6B690AF9-8440-1C43-B353-FA85266AA12C
0.8673091,-21.461859,1,6B690AF9-8440-1C43-B353-FA85266AA12C
-8.037505,61.361084,1,6B690AF9-8440-1C43-B353-FA85266AA12C
46.13983,17.654802,1,6B690AF9-8440-1C43-B353-FA85266AA12C
3.5966244,-18.952255,2,6B690AF9-8440-1C43-B353-FA85266AA12C
0.1936389,-11.78029,2,6B690AF9-8440-1C43-B353-FA85266AA12C
3.2050884,-20.77883,2,6B690AF9-8440-1C43-B353-FA85266AA12C
-18.515602,13.570523,2,6B690AF9-8440-1C43-B353-FA85266AA12C
11.3174095,22.240639,2,6B690AF9-8440-1C43-B353-FA85266AA12C
-25.115133,28.822325,2,6B690AF9-8440-1C43-B353-FA85266AA12C
-36.940994,-2.495276,2,6B690AF9-8440-1C43-B353-FA85266AA12C
-63.45402,6.766643,0,6B690AF9-8440-1C43-B353-FA85266AA12C
17.197113,-4.730175,0,6B690AF9-8440-1C43-B353-FA85266AA12C
4.9397235,-6.1576,2,6B690AF9-8440-1C43-B353-FA85266AA12C
14.237024,50.710968,2,6B690AF9-8440-1C43-B353-FA85266AA12C
10.592048,13.468548,2,6B690AF9-8440-1C43-B353-FA85266AA12C
14.629453,51.967983,2,6B690AF9-8440-1C43-B353-FA85266AA12C
3.4467974,-19.735207,2,6B690AF9-8440-1C43-B353-FA85266AA12C
4.0882916,-19.056644,2,6B690AF9-8440-1C43-B353-FA85266AA12C
7.0310297,-19.89255,2,6B690AF9-8440-1C43-B353-FA85266AA12C
6.4300714,-4.0265474,2,6B690AF9-8440-1C43-B353-FA85266AA12C
-39.773144,19.029905,2,6B690AF9-8440-1C43-B353-FA85266AA12C
-63.796955,7.130293,1,6B690AF9-8440-1C43-B353-FA85266AA12C
26.874249,-2.6362338,2,6C9454F6-2AA4-4C25-0387-C6CA7AFC4C13
69.510735,2.7069833,0,6C9454F6-2AA4-4C25-0387-C6CA7AFC4C13
23.493525,-35.507774,0,6C9454F6-2AA4-4C25-0387-C6CA7AFC4C13
-13.025244,3.962101,0,6C9454F6-2AA4-4C25-0387-C6CA7AFC4C13
12.984114,-16.97645,0,6C9454F6-2AA4-4C25-0387-C6CA7AFC4C13
65.60438,2.0700579,0,6C9454F6-2AA4-4C25-0387-C6CA7AFC4C13
10.90556,-19.884018,0,6C9454F6-2AA4-4C25-0387-C6CA7AFC4C13
10.851467,-15.844237,0,6C9454F6-2AA4-4C25-0387-C6CA7AFC4C13
41.8753,18.729588,1,6C9454F6-2AA4-4C25-0387-C6CA7AFC4C13
15.489981,48.025974,2,6C9454F6-2AA4-4C25-0387-C6CA7AFC4C13
-26.064512,25.193737,2,6C9454F6-2AA4-4C25-0387-C6CA7AFC4C13
-42.41505,-20.410357,2,6C9454F6-2AA4-4C25-0387-C6CA7AFC4C13
-36.71158,25.708176,2,6C9454F6-2AA4-4C25-0387-C6CA7AFC4C13
16.848766,-3.9013803,2,6C9454F6-2AA4-4C25-0387-C6CA7AFC4C13
6.70547,17.111376,2,6C9454F6-2AA4-4C25-0387-C6CA7AFC4C13
-1.3262928,-17.275137,1,6E42D32E-048C-D829-197E-7950E78F58CB
1.8741754,-12.971652,1,6E42D32E-048C-D829-197E-7950E78F58CB
4.530681,36.746403,1,6E42D32E-048C-D829-197E-7950E78F58CB
5.146939,37.782574,1,6E42D32E-048C-D829-197E-7950E78F58CB
13.715931,-10.5153055,1,6E42D32E-048C-D829-197E-7950E78F58CB
17.13097,12.466956,1,6E42D32E-048C-D829-197E-7950E78F58CB
39.612137,25.062477,1,6E42D32E-048C-D829-197E-7950E78F58CB
10.724501,10.545761,1,6E42D32E-048C-D829-197E-7950E78F58CB
37.85444,26.44746,1,6E42D32E-048C-D829-197E-7950E78F58CB
37.645428,26.869534,1,6E42D32E-048C-D829-197E-7950E78F58CB
40.208076,-33.349148,1,6E42D32E-048C-D829-197E-7950E78F58CB
22.717936,-39.343792,1,6E42D32E-048C-D829-197E-7950E78F58CB
-35.32842,-2.9264228,1,6E42D32E-048C-D829-197E-7950E78F58CB
-30.32708,-6.7529955,1,6E42D32E-048C-D829-197E-7950E78F58CB
27.346928,-2.8753366,1,6E42D32E-048C-D829-197E-7950E78F58CB
5.9446297,38.576633,1,6E42D32E-048C-D829-197E-7950E78F58CB
55.294678,-10.889418,1,6E42D32E-048C-D829-197E-7950E78F58CB
-1.1441246,-57.348324,1,6E42D32E-048C-D829-197E-7950E78F58CB
-23.47505,-48.211414,2,6E42D32E-048C-D829-197E-7950E78F58CB
-25.21967,-50.322598,0,6E42D32E-048C-D829-197E-7950E78F58CB
-21.14663,12.002807,0,6E42D32E-048C-D829-197E-7950E78F58CB
5.0593104,-17.925247,0,6E42D32E-048C-D829-197E-7950E78F58CB
0.5169209,-20.719769,0,6E42D32E-048C-D829-197E-7950E78F58CB
3.1507626,-15.2001095,0,6E42D32E-048C-D829-197E-7950E78F58CB
-35.04602,32.6006,1,6E42D32E-048C-D829-197E-7950E78F58CB
-20.001362,6.645345,1,6E42D32E-048C-D829-197E-7950E78F58CB
15.217957,21.145472,1,6E42D32E-048C-D829-197E-7950E78F58CB
-19.392815,13.919209,1,6E42D32E-048C-D829-197E-7950E78F58CB
11.104039,21.451866,1,6E42D32E-048C-D829-197E-7950E78F58CB
51.955566,-5.784536,1,6E42D32E-048C-D829-197E-7950E78F58CB
-34.559345,2.3062904,0,70432028-81AF-D67A-251E-D2F807AB93CF
-39.702232,20.396597,0,70432028-81AF-D67A-251E-D2F807AB93CF
-15.835957,55.16154,2,70432028-81AF-D67A-251E-D2F807AB93CF
-35.61913,-1.4179529,2,70432028-81AF-D67A-251E-D2F807AB93CF
-40.055508,19.48916,2,70432028-81AF-D67A-251E-D2F807AB93CF
-16.882921,2.0663714,2,70432028-81AF-D67A-251E-D2F807AB93CF
-18.135302,-26.348331,2,70432028-81AF-D67A-251E-D2F807AB93CF
6.6399207,-1.2252111,2,70432028-81AF-D67A-251E-D2F807AB93CF
-16.71851,-36.956436,2,70432028-81AF-D67A-251E-D2F807AB93CF
-30.129725,6.9168563,2,70432028-81AF-D67A-251E-D2F807AB93CF
-33.165348,29.352695,2,70432028-81AF-D67A-251E-D2F807AB93CF
-22.001923,14.737655,2,70432028-81AF-D67A-251E-D2F807AB93CF
-14.350179,17.3511,2,70432028-81AF-D67A-251E-D2F807AB93CF
66.09683,1.4905102,2,70432028-81AF-D67A-251E-D2F807AB93CF
-13.1185465,18.377388,2,70432028-81AF-D67A-251E-D2F807AB93CF
-32.978664,32.630245,2,70432028-81AF-D67A-251E-D2F807AB93CF
-41.81431,-24.865227,2,70432028-81AF-D67A-251E-D2F807AB93CF
-35.415474,29.728691,2,70432028-81AF-D67A-251E-D2F807AB93CF
-10.588311,58.788498,0,70432028-81AF-D67A-251E-D2F807AB93CF
-26.513746,11.821298,2,70432028-81AF-D67A-251E-D2F807AB93CF
40.23189,18.93368,2,70432028-81AF-D67A-251E-D2F807AB93CF
19.36991,-39.620304,2,70432028-81AF-D67A-251E-D2F807AB93CF
3.9403636,41.942474,2,70432028-81AF-D67A-251E-D2F807AB93CF
11.942175,-13.91543,2,70432028-81AF-D67A-251E-D2F807AB93CF
-35.138382,30.006432,2,70432028-81AF-D67A-251E-D2F807AB93CF
-45.433292,-19.957933,2,70432028-81AF-D67A-251E-D2F807AB93CF
-51.330402,-21.119673,2,70432028-81AF-D67A-251E-D2F807AB93CF
-52.85173,-21.54176,2,70432028-81AF-D67A-251E-D2F807AB93CF
-50.33457,-21.515732,2,70432028-81AF-D67A-251E-D2F807AB93CF
-50.702217,-21.154228,2,70432028-81AF-D67A-251E-D2F807AB93CF
-0.15318301,-13.106591,0,718078D1-70DB-2916-366D-1119A22DCD7F
65.25985,1.7202948,1,718078D1-70DB-2916-366D-1119A22DCD7F
42.97179,15.574379,1,718078D1-70DB-2916-366D-1119A22DCD7F
19.018854,46.10276,1,718078D1-70DB-2916-366D-1119A22DCD7F
-32.913853,30.575153,1,718078D1-70DB-2916-366D-1119A22DCD7F
-28.38521,8.612551,1,718078D1-70DB-2916-366D-1119A22DCD7F
11.899014,8.022178,2,718078D1-70DB-2916-366D-1119A22DCD7F
14.381087,-9.492525,2,718078D1-70DB-2916-366D-1119A22DCD7F
70.450294,0.5411539,1,718078D1-70DB-2916-366D-1119A22DCD7F
40.236076,28.574558,1,718078D1-70DB-2916-366D-1119A22DCD7F
38.219112,30.907429,1,718078D1-70DB-2916-366D-1119A22DCD7F
-23.377876,9.785882,1,718078D1-70DB-2916-366D-1119A22DCD7F
27.437061,-0.37225285,1,718078D1-70DB-2916-366D-1119A22DCD7F
-23.739424,-42.551014,2,718078D1-70DB-2916-366D-1119A22DCD7F
-13.463333,54.51496,2,718078D1-70DB-2916-366D-1119A22DCD7F
-20.897879,0.5005808,2,718078D1-70DB-2916-366D-1119A22DCD7F
-15.958485,1.6493443,2,718078D1-70DB-2916-366D-1119A22DCD7F
6.1386156,-3.5913916,2,718078D1-70DB-2916-366D-1119A22DCD7F
-22.5833,-5.5782776,0,718078D1-70DB-2916-366D-1119A22DCD7F
13.56633,12.950514,0,718078D1-70DB-2916-366D-1119A22DCD7F
5.75231,-16.253128,0,718078D1-70DB-2916-366D-1119A22DCD7F
-7.8367696,15.7070875,0,718078D1-70DB-2916-366D-1119A22DCD7F
-18.384819,-29.951656,0,718078D1-70DB-2916-366D-1119A22DCD7F
-20.227516,-24.477018,0,718078D1-70DB-2916-366D-1119A22DCD7F
0.68567073,-11.432165,1,72B642AD-2D4A-574F-05EC-EC93C0C52335
10.5285845,23.503555,1,72B642AD-2D4A-574F-05EC-EC93C0C52335
-9.355232,62.643272,1,72B642AD-2D4A-574F-05EC-EC93C0C52335
14.323482,19.107077,1,72B642AD-2D4A-574F-05EC-EC93C0C52335
-24.7824,-48.37788,1,72B642AD-2D4A-574F-05EC-EC93C0C52335
-41.69456,24.391298,1,72B642AD-2D4A-574F-05EC-EC93C0C52335
-32.670048,30.112663,2,72B642AD-2D4A-574F-05EC-EC93C0C52335
6.7032976,-10.957926,2,72B642AD-2D4A-574F-05EC-EC93C0C52335
-24.402332,-41.94041,2,72B642AD-2D4A-574F-05EC-EC93C0C52335
-45.594864,-26.184761,2,72B642AD-2D4A-574F-05EC-EC93C0C52335
-46.2633,-23.990534,2,72B642AD-2D4A-574F-05EC-EC93C0C52335
-64.14247,5.456924,2,72B642AD-2D4A-574F-05EC-EC93C0C52335
-42.387997,-20.67172,2,7417E7AB-C723-0958-F8EE-DDA4DED65165
-58.19564,-0.03865205,2,7417E7AB-C723-0958-F8EE-DDA4DED65165
-42.612087,-21.43373,2,7417E7AB-C723-0958-F8EE-DDA4DED65165
-38.250458,-1.2808405,0,7417E7AB-C723-0958-F8EE-DDA4DED65165
8.751664,17.09915,0,7417E7AB-C723-0958-F8EE-DDA4DED65165
7.1086206,18.658817,0,7417E7AB-C723-0958-F8EE-DDA4DED65165
-29.718033,31.59326,0,7417E7AB-C723-0958-F8EE-DDA4DED65165
-17.156525,8.032709,0,7417E7AB-C723-0958-F8EE-DDA4DED65165
-30.032019,30.782206,0,7417E7AB-C723-0958-F8EE-DDA4DED65165
-23.686514,-48.01579,0,7417E7AB-C723-0958-F8EE-DDA4DED65165
-59.275303,0.44682306,0,7417E7AB-C723-0958-F8EE-DDA4DED65165
-46.821655,-21.633036,0,7417E7AB-C723-0958-F8EE-DDA4DED65165
6.9468155,-56.53665,0,7417E7AB-C723-0958-F8EE-DDA4DED65165
6.793686,-56.273506,0,7417E7AB-C723-0958-F8EE-DDA4DED65165
71.50735,-0.7636896,0,7417E7AB-C723-0958-F8EE-DDA4DED65165
1.280131,36.435753,0,7417E7AB-C723-0958-F8EE-DDA4DED65165
14.449504,-6.394124,0,7417E7AB-C723-0958-F8EE-DDA4DED65165
-34.10207,-5.30072,1,7417E7AB-C723-0958-F8EE-DDA4DED65165
-1.2381709,-12.797151,0,7417E7AB-C723-0958-F8EE-DDA4DED65165
-20.57233,14.111224,0,7417E7AB-C723-0958-F8EE-DDA4DED65165
-15.06447,58.618614,0,7417E7AB-C723-0958-F8EE-DDA4DED65165
-43.77055,-21.738913,0,7417E7AB-C723-0958-F8EE-DDA4DED65165
-25.321613,-50.516567,0,7417E7AB-C723-0958-F8EE-DDA4DED65165
-42.398483,24.468906,2,7417E7AB-C723-0958-F8EE-DDA4DED65165
0.8029635,-10.517593,2,7417E7AB-C723-0958-F8EE-DDA4DED65165
10.381092,-19.242088,0,7417E7AB-C723-0958-F8EE-DDA4DED65165
1.8458568,-21.277302,0,7417E7AB-C723-0958-F8EE-DDA4DED65165
-39.503822,20.362253,2,761D024F-3C62-5326-601A-88D436C7726A
-33.598923,2.3704252,2,761D024F-3C62-5326-601A-88D436C7726A
-15.085291,-31.148905,2,761D024F-3C62-5326-601A-88D436C7726A
-23.543903,12.905787,2,761D024F-3C62-5326-601A-88D436C7726A
-41.45109,27.758545,2,761D024F-3C62-5326-601A-88D436C7726A
43.7966,14.765615,2,761D024F-3C62-5326-601A-88D436C7726A
-10.3107815,52.666748,1,761D024F-3C62-5326-601A-88D436C7726A
53.957497,-14.076875,1,761D024F-3C62-5326-601A-88D436C7726A
-8.863447,57.904022,1,761D024F-3C62-5326-601A-88D436C7726A
-14.696779,-32.969513,1,761D024F-3C62-5326-601A-88D436C7726A
13.381524,-1.0755665,1,761D024F-3C62-5326-601A-88D436C7726A
1.2585597,37.344364,1,761D024F-3C62-5326-601A-88D436C7726A
52.615707,-12.198182,1,761D024F-3C62-5326-601A-88D436C7726A
9.886838,-52.212852,0,761D024F-3C62-5326-601A-88D436C7726A
-1.4212555,-57.151123,0,761D024F-3C62-5326-601A-88D436C7726A
7.257338,-52.36988,0,761D024F-3C62-5326-601A-88D436C7726A
5.5940228,-54.216866,0,761D024F-3C62-5326-601A-88D436C7726A
2.310744,36.596966,0,761D024F-3C62-5326-601A-88D436C7726A
26.204893,-0.57302123,0,761D024F-3C62-5326-601A-88D436C7726A
1.676759,39.061924,2,761D024F-3C62-5326-601A-88D436C7726A
26.955967,-0.23353982,2,761D024F-3C62-5326-601A-88D436C7726A
-23.876526,-43.57271,2,761D024F-3C62-5326-601A-88D436C7726A
-21.815617,-4.675726,2,761D024F-3C62-5326-601A-88D436C7726A
-15.337217,17.16652,1,761D024F-3C62-5326-601A-88D436C7726A
-25.347466,10.797094,0,761D024F-3C62-5326-601A-88D436C7726A
-15.8545685,2.919021,0,761D024F-3C62-5326-601A-88D436C7726A
-18.469543,3.5745525,0,761D024F-3C62-5326-601A-88D436C7726A
-40.84079,28.668058,1,761D024F-3C62-5326-601A-88D436C7726A
-36.024223,-3.196929,1,761D024F-3C62-5326-601A-88D436C7726A
-14.372912,54.98256,1,761D024F-3C62-5326-601A-88D436C7726A
45.0153,19.040844,2,772BA0E9-AC30-CEA6-AA1B-18A0300702AA
-18.024763,-37.535553,2,772BA0E9-AC30-CEA6-AA1B-18A0300702AA
-21.840864,-42.196712,2,772BA0E9-AC30-CEA6-AA1B-18A0300702AA
12.676691,22.161312,2,772BA0E9-AC30-CEA6-AA1B-18A0300702AA
-8.83386,17.040148,2,772BA0E9-AC30-CEA6-AA1B-18A0300702AA
-22.971634,-49.57903,2,772BA0E9-AC30-CEA6-AA1B-18A0300702AA
14.547782,14.2934065,1,772BA0E9-AC30-CEA6-AA1B-18A0300702AA
-57.807777,0.6519968,1,772BA0E9-AC30-CEA6-AA1B-18A0300702AA
-37.299347,30.345175,1,772BA0E9-AC30-CEA6-AA1B-18A0300702AA
-13.8564825,17.100956,1,772BA0E9-AC30-CEA6-AA1B-18A0300702AA
-17.454264,7.105667,1,772BA0E9-AC30-CEA6-AA1B-18A0300702AA
-0.5363427,-3.7135181,1,772BA0E9-AC30-CEA6-AA1B-18A0300702AA
40.72762,28.081224,1,772BA0E9-AC30-CEA6-AA1B-18A0300702AA
22.634418,-39.277645,1,772BA0E9-AC30-CEA6-AA1B-18A0300702AA
40.099106,-33.39517,1,772BA0E9-AC30-CEA6-AA1B-18A0300702AA
6.9031625,-52.66542,1,772BA0E9-AC30-CEA6-AA1B-18A0300702AA
25.915205,-37.808823,1,772BA0E9-AC30-CEA6-AA1B-18A0300702AA
21.660019,-38.774174,1,772BA0E9-AC30-CEA6-AA1B-18A0300702AA
-31.99656,29.74693,1,772BA0E9-AC30-CEA6-AA1B-18A0300702AA
8.083421,-23.312202,1,772BA0E9-AC30-CEA6-AA1B-18A0300702AA
8.399675,11.57939,1,77F6B31E-B228-3C6D-A66F-E7E6FDED3587
13.820648,-17.728954,1,77F6B31E-B228-3C6D-A66F-E7E6FDED3587
5.2518888,-2.1643827,1,77F6B31E-B228-3C6D-A66F-E7E6FDED3587
-12.548425,59.4865,1,77F6B31E-B228-3C6D-A66F-E7E6FDED3587
5.6798167,42.964634,1,77F6B31E-B228-3C6D-A66F-E7E6FDED3587
13.775881,14.003153,1,77F6B31E-B228-3C6D-A66F-E7E6FDED3587
13.219214,-9.2926445,1,77F6B31E-B228-3C6D-A66F-E7E6FDED3587
-7.901206,60.979122,1,77F6B31E-B228-3C6D-A66F-E7E6FDED3587
38.09141,30.885494,1,77F6B31E-B228-3C6D-A66F-E7E6FDED3587
7.9111776,-50.721085,1,77F6B31E-B228-3C6D-A66F-E7E6FDED3587
54.61141,-11.887329,1,77F6B31E-B228-3C6D-A66F-E7E6FDED3587
69.06458,2.7464128,0,77F6B31E-B228-3C6D-A66F-E7E6FDED3587
9.48363,20.453382,2,7B8B31F4-FFC3-7A4E-3EAF-78D5CA8ACB61
66.077896,4.185261,2,7B8B31F4-FFC3-7A4E-3EAF-78D5CA8ACB61
51.68732,-5.635796,2,7B8B31F4-FFC3-7A4E-3EAF-78D5CA8ACB61
2.244461,-24.34327,2,7B8B31F4-FFC3-7A4E-3EAF-78D5CA8ACB61
-25.697712,29.027805,2,7B8B31F4-FFC3-7A4E-3EAF-78D5CA8ACB61
53.80674,-9.439008,2,7B8B31F4-FFC3-7A4E-3EAF-78D5CA8ACB61
-11.090682,61.731895,0,7B8B31F4-FFC3-7A4E-3EAF-78D5CA8ACB61
-30.140442,6.8751287,0,7B8B31F4-FFC3-7A4E-3EAF-78D5CA8ACB61
-24.784302,14.055953,0,7B8B31F4-FFC3-7A4E-3EAF-78D5CA8ACB61
13.061058,-18.658922,0,7B8B31F4-FFC3-7A4E-3EAF-78D5CA8ACB61
15.437979,47.91541,0,7B8B31F4-FFC3-7A4E-3EAF-78D5CA8ACB61
-19.567432,13.02823,0,7B8B31F4-FFC3-7A4E-3EAF-78D5CA8ACB61
68.031044,3.2414691,0,7B8B31F4-FFC3-7A4E-3EAF-78D5CA8ACB61
37.285774,31.165676,0,7B8B31F4-FFC3-7A4E-3EAF-78D5CA8ACB61
44.03249,17.818874,0,7B8B31F4-FFC3-7A4E-3EAF-78D5CA8ACB61
37.023506,26.84936,0,7B8B31F4-FFC3-7A4E-3EAF-78D5CA8ACB61
23.102114,-37.13997,0,7B8B31F4-FFC3-7A4E-3EAF-78D5CA8ACB61
3.7038772,-55.6669,0,7B8B31F4-FFC3-7A4E-3EAF-78D5CA8ACB61
10.182268,-50.500774,0,7B8B31F4-FFC3-7A4E-3EAF-78D5CA8ACB61
-7.561303,-63.374496,0,7B8B31F4-FFC3-7A4E-3EAF-78D5CA8ACB61
-6.564927,-63.463554,0,7B8B31F4-FFC3-7A4E-3EAF-78D5CA8ACB61
7.1392274,-56.588295,0,7B8B31F4-FFC3-7A4E-3EAF-78D5CA8ACB61
39.874477,-33.38892,0,7B8B31F4-FFC3-7A4E-3EAF-78D5CA8ACB61
-10.437454,54.19566,0,7B8B31F4-FFC3-7A4E-3EAF-78D5CA8ACB61
3.6170752,-18.275091,2,7B8B31F4-FFC3-7A4E-3EAF-78D5CA8ACB61
2.8882072,-3.5411584,2,7B8B31F4-FFC3-7A4E-3EAF-78D5CA8ACB61
-19.668985,12.170716,2,7B8B31F4-FFC3-7A4E-3EAF-78D5CA8ACB61
11.578935,15.569896,2,7B8B31F4-FFC3-7A4E-3EAF-78D5CA8ACB61
42.415615,19.23933,2,7B8B31F4-FFC3-7A4E-3EAF-78D5CA8ACB61
-9.318282,18.55866,0,7B8B31F4-FFC3-7A4E-3EAF-78D5CA8ACB61
-20.12016,-34.676315,1,7B8B31F4-FFC3-7A4E-3EAF-78D5CA8ACB61
-30.463902,2.4883645,1,7B8B31F4-FFC3-7A4E-3EAF-78D5CA8ACB61
-41.470547,27.833014,1,7B8B31F4-FFC3-7A4E-3EAF-78D5CA8ACB61
-42.7557,-19.797869,2,7DC9729F-BA27-3831-6078-F8508766396A
-17.129704,-36.065125,2,7DC9729F-BA27-3831-6078-F8508766396A
-14.28847,2.2924492,2,7DC9729F-BA27-3831-6078-F8508766396A
14.386118,50.454666,2,7DC9729F-BA27-3831-6078-F8508766396A
1.10458,-12.154519,2,7DC9729F-BA27-3831-6078-F8508766396A
10.710441,23.256538,2,7DC9729F-BA27-3831-6078-F8508766396A
25.497086,1.8663208,0,7DC9729F-BA27-3831-6078-F8508766396A
-30.88071,-3.2631364,0,7DC9729F-BA27-3831-6078-F8508766396A
-14.795362,51.858074,0,7DC9729F-BA27-3831-6078-F8508766396A
-16.315706,53.610588,0,7DC9729F-BA27-3831-6078-F8508766396A
-22.095318,-31.15849,0,7DC9729F-BA27-3831-6078-F8508766396A
-64.13328,5.473862,0,7DC9729F-BA27-3831-6078-F8508766396A
-19.785908,-26.694227,0,7DC9729F-BA27-3831-6078-F8508766396A
-21.175653,-32.07301,0,7DC9729F-BA27-3831-6078-F8508766396A
-17.988594,-30.182161,0,7DC9729F-BA27-3831-6078-F8508766396A
-14.9473095,51.863163,0,7DC9729F-BA27-3831-6078-F8508766396A
-22.17357,-31.162018,0,7DC9729F-BA27-3831-6078-F8508766396A
-22.04418,-30.961649,0,7DC9729F-BA27-3831-6078-F8508766396A
42.447334,19.288286,2,7FB7C50A-30EA-A991-0C04-7FFA681B8803
44.36687,20.646032,2,7FB7C50A-30EA-A991-0C04-7FFA681B8803
20.498468,-37.234604,2,7FB7C50A-30EA-A991-0C04-7FFA681B8803
3.8899872,-55.95009,2,7FB7C50A-30EA-A991-0C04-7FFA681B8803
38.283733,-33.09864,2,7FB7C50A-30EA-A991-0C04-7FFA681B8803
-0.4317051,-58.129692,0,7FB7C50A-30EA-A991-0C04-7FFA681B8803
-19.583338,-33.071625,2,7FB7C50A-30EA-A991-0C04-7FFA681B8803
-14.472782,-32.87682,2,7FB7C50A-30EA-A991-0C04-7FFA681B8803
-41.14932,23.329802,2,7FB7C50A-30EA-A991-0C04-7FFA681B8803
-18.278522,4.2994366,2,7FB7C50A-30EA-A991-0C04-7FFA681B8803
-16.259804,6.134423,2,7FB7C50A-30EA-A991-0C04-7FFA681B8803
10.295651,-13.369962,2,7FB7C50A-30EA-A991-0C04-7FFA681B8803
-2.4462514,-11.038272,0,7FB7C50A-30EA-A991-0C04-7FFA681B8803
-21.620325,10.246658,0,7FB7C50A-30EA-A991-0C04-7FFA681B8803
19.655792,44.13155,0,7FB7C50A-30EA-A991-0C04-7FFA681B8803
22.526186,-12.165185,0,7FB7C50A-30EA-A991-0C04-7FFA681B8803
-64.854,5.5035567,0,7FB7C50A-30EA-A991-0C04-7FFA681B8803
-25.888596,-49.481487,0,7FB7C50A-30EA-A991-0C04-7FFA681B8803
-12.5400715,18.44154,0,7FB7C50A-30EA-A991-0C04-7FFA681B8803
4.9394274,-6.07998,0,7FB7C50A-30EA-A991-0C04-7FFA681B8803
-13.984697,15.613751,0,7FB7C50A-30EA-A991-0C04-7FFA681B8803
37.41327,21.922438,0,7FB7C50A-30EA-A991-0C04-7FFA681B8803
52.468697,-11.517304,0,7FB7C50A-30EA-A991-0C04-7FFA681B8803
5.5777116,39.59048,0,7FB7C50A-30EA-A991-0C04-7FFA681B8803
27.69752,0.7563112,0,7FB7C50A-30EA-A991-0C04-7FFA681B8803
-30.469728,-1.0311835,0,7FB7C50A-30EA-A991-0C04-7FFA681B8803
-30.261473,-0.29411012,0,7FB7C50A-30EA-A991-0C04-7FFA681B8803
-15.205134,53.49629,0,7FB7C50A-30EA-A991-0C04-7FFA681B8803
-35.505672,-3.2194078,0,7FB7C50A-30EA-A991-0C04-7FFA681B8803
-34.07898,0.64884955,2,7FB7C50A-30EA-A991-0C04-7FFA681B8803
8.475568,-10.296611,0,7FB7C50A-30EA-A991-0C04-7FFA681B8803
5.0026193,41.021404,2,7FB7C50A-30EA-A991-0C04-7FFA681B8803
10.96757,-6.447558,2,7FB7C50A-30EA-A991-0C04-7FFA681B8803
49.261684,-11.303588,2,7FB7C50A-30EA-A991-0C04-7FFA681B8803
49.271347,-11.52574,2,7FB7C50A-30EA-A991-0C04-7FFA681B8803
49.308746,-11.528305,2,7FB7C50A-30EA-A991-0C04-7FFA681B8803
3.1349154,-2.3698769,0,8407F9C4-C295-8C95-C281-584AF2118F84
-13.813175,15.90998,2,8407F9C4-C295-8C95-C281-584AF2118F84
1.9627923,-23.849977,2,8407F9C4-C295-8C95-C281-584AF2118F84
20.818956,-13.420761,2,8407F9C4-C295-8C95-C281-584AF2118F84
5.0964713,-6.335176,2,8407F9C4-C295-8C95-C281-584AF2118F84
-25.28415,-49.877037,2,8407F9C4-C295-8C95-C281-584AF2118F84
4.6650705,38.608562,2,8407F9C4-C295-8C95-C281-584AF2118F84
55.899086,-12.473988,2,8407F9C4-C295-8C95-C281-584AF2118F84
39.71641,25.62438,2,8407F9C4-C295-8C95-C281-584AF2118F84
12.243313,-7.3759665,2,8407F9C4-C295-8C95-C281-584AF2118F84
-34.388416,-3.398535,2,8407F9C4-C295-8C95-C281-584AF2118F84
-60.71853,3.6039243,2,8407F9C4-C295-8C95-C281-584AF2118F84
-30.30238,-6.0589676,2,8407F9C4-C295-8C95-C281-584AF2118F84
-23.88168,-44.358498,2,8407F9C4-C295-8C95-C281-584AF2118F84
-15.431674,-30.075302,2,8407F9C4-C295-8C95-C281-584AF2118F84
-41.803864,24.73462,2,8407F9C4-C295-8C95-C281-584AF2118F84
22.943975,-12.403965,2,8407F9C4-C295-8C95-C281-584AF2118F84
7.4307623,22.788595,2,8407F9C4-C295-8C95-C281-584AF2118F84
-20.345434,0.46373352,0,8407F9C4-C295-8C95-C281-584AF2118F84
-39.427032,20.58082,0,8407F9C4-C295-8C95-C281-584AF2118F84
-21.914326,-4.8092623,0,8407F9C4-C295-8C95-C281-584AF2118F84
-16.002249,-31.159473,0,8407F9C4-C295-8C95-C281-584AF2118F84
-22.15776,-42.210266,0,8407F9C4-C295-8C95-C281-584AF2118F84
-11.789508,15.457387,2,8407F9C4-C295-8C95-C281-584AF2118F84
68.039185,3.176065,1,85748DC9-A6DA-334D-6422-BF69EE06A98C
70.44936,0.5902673,1,85748DC9-A6DA-334D-6422-BF69EE06A98C
51.83525,-13.394264,1,85748DC9-A6DA-334D-6422-BF69EE06A98C
68.57604,1.3714832,2,85748DC9-A6DA-334D-6422-BF69EE06A98C
4.8670697,40.185646,2,85748DC9-A6DA-334D-6422-BF69EE06A98C
10.71144,-6.938016,2,85748DC9-A6DA-334D-6422-BF69EE06A98C
-60.54528,0.8340447,1,85748DC9-A6DA-334D-6422-BF69EE06A98C
-20.042097,4.068326,1,85748DC9-A6DA-334D-6422-BF69EE06A98C
12.284443,24.4614,2,85748DC9-A6DA-334D-6422-BF69EE06A98C
10.742597,-10.427908,2,85748DC9-A6DA-334D-6422-BF69EE06A98C
10.929018,18.649248,2,85748DC9-A6DA-334D-6422-BF69EE06A98C
22.767906,-10.268423,2,85748DC9-A6DA-334D-6422-BF69EE06A98C
-11.862817,60.977966,2,85748DC9-A6DA-334D-6422-BF69EE06A98C
-25.461851,-49.160713,2,85748DC9-A6DA-334D-6422-BF69EE06A98C
52.317604,-14.228435,1,85748DC9-A6DA-334D-6422-BF69EE06A98C
8.861748,-52.89243,1,85748DC9-A6DA-334D-6422-BF69EE06A98C
52.335526,-14.264837,1,85748DC9-A6DA-334D-6422-BF69EE06A98C
25.302137,-38.91437,2,85748DC9-A6DA-334D-6422-BF69EE06A98C
-23.27087,-49.70375,2,862DB2BA-55C9-5794-03BC-FBBA3BEE80C7
-22.30332,-44.390213,2,862DB2BA-55C9-5794-03BC-FBBA3BEE80C7
-38.930313,20.856558,2,862DB2BA-55C9-5794-03BC-FBBA3BEE80C7
-32.141308,27.995834,2,862DB2BA-55C9-5794-03BC-FBBA3BEE80C7
1.9754529,-23.886673,2,862DB2BA-55C9-5794-03BC-FBBA3BEE80C7
12.987977,17.638084,0,862DB2BA-55C9-5794-03BC-FBBA3BEE80C7
38.27519,-33.980217,0,862DB2BA-55C9-5794-03BC-FBBA3BEE80C7
4.4343643,-15.341417,0,862DB2BA-55C9-5794-03BC-FBBA3BEE80C7
6.501536,-20.310461,0,862DB2BA-55C9-5794-03BC-FBBA3BEE80C7
17.429394,-13.934649,0,862DB2BA-55C9-5794-03BC-FBBA3BEE80C7
-37.66286,-1.7475406,2,862DB2BA-55C9-5794-03BC-FBBA3BEE80C7
-25.15035,27.336805,2,862DB2BA-55C9-5794-03BC-FBBA3BEE80C7
55.85933,-10.423926,0,862DB2BA-55C9-5794-03BC-FBBA3BEE80C7
13.666558,-6.4151106,2,862DB2BA-55C9-5794-03BC-FBBA3BEE80C7
-26.77862,4.128738,2,862DB2BA-55C9-5794-03BC-FBBA3BEE80C7
-9.011079,53.642185,2,862DB2BA-55C9-5794-03BC-FBBA3BEE80C7
23.271101,0.7054992,2,862DB2BA-55C9-5794-03BC-FBBA3BEE80C7
23.689693,-7.350184,2,862DB2BA-55C9-5794-03BC-FBBA3BEE80C7
-1.4584299,-20.966515,0,862DB2BA-55C9-5794-03BC-FBBA3BEE80C7
-18.671299,12.204574,0,862DB2BA-55C9-5794-03BC-FBBA3BEE80C7
-27.777397,-5.3765907,0,8690E8B6-9B41-5F0E-C518-8F2D028C6690
12.956481,-3.6750677,0,8690E8B6-9B41-5F0E-C518-8F2D028C6690
-30.313198,-5.00621,0,8690E8B6-9B41-5F0E-C518-8F2D028C6690
-25.885738,11.776217,0,8690E8B6-9B41-5F0E-C518-8F2D028C6690
20.241137,-14.09656,0,8690E8B6-9B41-5F0E-C518-8F2D028C6690
-16.87186,55.920883,0,8690E8B6-9B41-5F0E-C518-8F2D028C6690
12.469502,13.279533,0,8690E8B6-9B41-5F0E-C518-8F2D028C6690
-17.678213,6.071353,2,8690E8B6-9B41-5F0E-C518-8F2D028C6690
3.581015,-5.862801,2,8690E8B6-9B41-5F0E-C518-8F2D028C6690
15.889318,43.071373,2,8690E8B6-9B41-5F0E-C518-8F2D028C6690
-16.738583,7.83549,2,8690E8B6-9B41-5F0E-C518-8F2D028C6690
-19.7026,12.709323,2,8690E8B6-9B41-5F0E-C518-8F2D028C6690
-32.05736,33.55581,2,8690E8B6-9B41-5F0E-C518-8F2D028C6690
9.283351,-17.837086,2,8690E8B6-9B41-5F0E-C518-8F2D028C6690
6.244048,-4.167681,0,8690E8B6-9B41-5F0E-C518-8F2D028C6690
17.795767,-13.983646,0,8690E8B6-9B41-5F0E-C518-8F2D028C6690
-40.76464,28.818481,0,8690E8B6-9B41-5F0E-C518-8F2D028C6690
-59.117573,0.12017353,0,8690E8B6-9B41-5F0E-C518-8F2D028C6690
25.920494,2.023947,0,8690E8B6-9B41-5F0E-C518-8F2D028C6690
-12.835975,53.260586,0,8690E8B6-9B41-5F0E-C518-8F2D028C6690
-27.569042,-5.1973443,2,8690E8B6-9B41-5F0E-C518-8F2D028C6690
-28.199352,-5.7850842,2,8690E8B6-9B41-5F0E-C518-8F2D028C6690
-23.912378,12.645416,2,8690E8B6-9B41-5F0E-C518-8F2D028C6690
15.86998,-10.085737,2,8690E8B6-9B41-5F0E-C518-8F2D028C6690
13.08907,11.742982,0,874A6B13-C999-C802-1138-FA198591D897
7.7767844,21.13093,0,874A6B13-C999-C802-1138-FA198591D897
19.613512,44.33407,0,874A6B13-C999-C802-1138-FA198591D897
19.637136,42.32374,0,874A6B13-C999-C802-1138-FA198591D897
19.997643,43.670868,0,874A6B13-C999-C802-1138-FA198591D897
15.532933,48.0283,0,874A6B13-C999-C802-1138-FA198591D897
36.140522,26.315285,0,874A6B13-C999-C802-1138-FA198591D897
40.354107,-30.359573,0,874A6B13-C999-C802-1138-FA198591D897
3.4423091,38.565926,2,874A6B13-C999-C802-1138-FA198591D897
-27.635548,-0.6935383,2,874A6B13-C999-C802-1138-FA198591D897
-19.987171,-33.1489,2,874A6B13-C999-C802-1138-FA198591D897
26.628275,-0.6128234,0,874A6B13-C999-C802-1138-FA198591D897
-63.280586,6.7173576,2,874A6B13-C999-C802-1138-FA198591D897
-61.10271,0.5555424,2,874A6B13-C999-C802-1138-FA198591D897
-43.551662,-26.290993,2,874A6B13-C999-C802-1138-FA198591D897
-35.049416,30.753035,2,8DD09016-F898-915E-4A5C-727F57619D73
-9.817304,14.669107,2,8DD09016-F898-915E-4A5C-727F57619D73
13.251924,50.312485,2,8DD09016-F898-915E-4A5C-727F57619D73
11.663885,20.980463,2,8DD09016-F898-915E-4A5C-727F57619D73
12.722774,16.707323,2,8DD09016-F898-915E-4A5C-727F57619D73
9.265665,20.447088,2,8DD09016-F898-915E-4A5C-727F57619D73
5.724671,22.01123,2,8DD09016-F898-915E-4A5C-727F57619D73
-10.289084,16.191042,0,8DD09016-F898-915E-4A5C-727F57619D73
-9.797522,15.675286,0,8DD09016-F898-915E-4A5C-727F57619D73
6.2237077,-13.976976,0,8DD09016-F898-915E-4A5C-727F57619D73
19.657896,44.470066,2,8DD09016-F898-915E-4A5C-727F57619D73
43.923016,16.50032,2,8DD09016-F898-915E-4A5C-727F57619D73
44.010517,17.99374,0,8DD09016-F898-915E-4A5C-727F57619D73
-30.732178,-5.2743325,0,8DD09016-F898-915E-4A5C-727F57619D73
-21.080185,-32.877632,0,8DD09016-F898-915E-4A5C-727F57619D73
26.761637,-1.1783969,2,8DD09016-F898-915E-4A5C-727F57619D73
-34.4745,-5.1671996,2,8DD09016-F898-915E-4A5C-727F57619D73
-40.682995,19.504137,2,8DD09016-F898-915E-4A5C-727F57619D73
-7.7913914,61.21301,0,8DD09016-F898-915E-4A5C-727F57619D73
57.11673,-10.920127,0,8DD09016-F898-915E-4A5C-727F57619D73
-24.098396,9.502656,0,8DD09016-F898-915E-4A5C-727F57619D73
-10.857002,54.29897,0,8DD09016-F898-915E-4A5C-727F57619D73
46.486294,19.766275,0,8DD09016-F898-915E-4A5C-727F57619D73
45.921337,20.75657,0,8DD09016-F898-915E-4A5C-727F57619D73
9.647076,-6.3669543,0,8DD09016-F898-915E-4A5C-727F57619D73
9.851006,-6.1135955,0,8DD09016-F898-915E-4A5C-727F57619D73
14.816561,-6.106585,0,8DD09016-F898-915E-4A5C-727F57619D73
-28.51179,-4.9107,2,8DD09016-F898-915E-4A5C-727F57619D73
-29.946486,-0.8934911,2,8DD09016-F898-915E-4A5C-727F57619D73
-34.09241,-1.9245446,2,8DD09016-F898-915E-4A5C-727F57619D73
20.987926,-14.253972,0,8DD09016-F898-915E-4A5C-727F57619D73
29.792313,-1.4043146,0,8DD09016-F898-915E-4A5C-727F57619D73
-30.558784,1.4988582,0,8DD09016-F898-915E-4A5C-727F57619D73
-41.65414,18.020857,0,8DD09016-F898-915E-4A5C-727F57619D73
-24.460325,-47.831085,0,8DD09016-F898-915E-4A5C-727F57619D73
24.944626,-9.11126,0,8DD09016-F898-915E-4A5C-727F57619D73
52.585598,-5.0437293,2,9268F759-54B0-96CC-C0F5-9D8DBAA12073
4.1545477,42.321785,2,9268F759-54B0-96CC-C0F5-9D8DBAA12073
40.095043,-34.836365,2,9268F759-54B0-96CC-C0F5-9D8DBAA12073
8.385898,11.472233,2,9268F759-54B0-96CC-C0F5-9D8DBAA12073
-8.550927,61.195267,2,9268F759-54B0-96CC-C0F5-9D8DBAA12073
29.14666,-1.981302,2,9268F759-54B0-96CC-C0F5-9D8DBAA12073
-37.549126,19.034748,0,9268F759-54B0-96CC-C0F5-9D8DBAA12073
40.903244,17.595263,0,9268F759-54B0-96CC-C0F5-9D8DBAA12073
13.802341,-19.268435,0,9268F759-54B0-96CC-C0F5-9D8DBAA12073
44.295265,20.03526,2,9268F759-54B0-96CC-C0F5-9D8DBAA12073
-36.431404,-3.5747492,2,9268F759-54B0-96CC-C0F5-9D8DBAA12073
16.702374,-3.9358742,2,9268F759-54B0-96CC-C0F5-9D8DBAA12073
13.540333,21.265451,2,9268F759-54B0-96CC-C0F5-9D8DBAA12073
22.90877,-11.545487,2,9268F759-54B0-96CC-C0F5-9D8DBAA12073
-11.1222925,61.757133,2,9268F759-54B0-96CC-C0F5-9D8DBAA12073
-14.071247,57.72094,2,9268F759-54B0-96CC-C0F5-9D8DBAA12073
20.485643,-13.758188,2,9268F759-54B0-96CC-C0F5-9D8DBAA12073
-23.735312,-42.733025,1,9268F759-54B0-96CC-C0F5-9D8DBAA12073
40.74089,16.50937,2,96B78431-4166-E4D3-2AA2-15BE2512E1D6
53.683754,-5.3008785,1,96B78431-4166-E4D3-2AA2-15BE2512E1D6
57.358593,-6.7123985,2,96B78431-4166-E4D3-2AA2-15BE2512E1D6
19.625767,42.189583,2,96B78431-4166-E4D3-2AA2-15BE2512E1D6
-6.7108917,-64.98628,2,96B78431-4166-E4D3-2AA2-15BE2512E1D6
0.66706246,-56.734676,2,96B78431-4166-E4D3-2AA2-15BE2512E1D6
14.149694,13.638942,1,96B78431-4166-E4D3-2AA2-15BE2512E1D6
-27.155342,8.470365,1,96B78431-4166-E4D3-2AA2-15BE2512E1D6
18.66698,41.58935,1,96B78431-4166-E4D3-2AA2-15BE2512E1D6
-11.932985,59.29357,1,96B78431-4166-E4D3-2AA2-15BE2512E1D6
-15.406651,17.006006,1,96B78431-4166-E4D3-2AA2-15BE2512E1D6
21.194273,-14.121223,1,96B78431-4166-E4D3-2AA2-15BE2512E1D6
-0.21921177,-12.152207,2,99827717-1B21-7ECC-CAD1-99489F7E19EA
0.85827076,-5.752081,2,99827717-1B21-7ECC-CAD1-99489F7E19EA
15.62864,50.55013,2,99827717-1B21-7ECC-CAD1-99489F7E19EA
13.228511,50.18993,2,99827717-1B21-7ECC-CAD1-99489F7E19EA
15.627394,50.587624,1,99827717-1B21-7ECC-CAD1-99489F7E19EA
13.907803,47.72763,2,99827717-1B21-7ECC-CAD1-99489F7E19EA
-45.65229,-22.993261,2,99827717-1B21-7ECC-CAD1-99489F7E19EA
-40.13466,21.186485,2,99827717-1B21-7ECC-CAD1-99489F7E19EA
-9.8273735,58.25782,1,99827717-1B21-7ECC-CAD1-99489F7E19EA
2.480617,-3.035039,1,99827717-1B21-7ECC-CAD1-99489F7E19EA
39.36974,-34.65214,1,99827717-1B21-7ECC-CAD1-99489F7E19EA
38.26976,-35.10272,1,99827717-1B21-7ECC-CAD1-99489F7E19EA
37.73992,20.418663,1,99827717-1B21-7ECC-CAD1-99489F7E19EA
20.298426,44.01968,1,99827717-1B21-7ECC-CAD1-99489F7E19EA
17.275387,44.15978,1,99827717-1B21-7ECC-CAD1-99489F7E19EA
52.19729,-11.30904,1,99827717-1B21-7ECC-CAD1-99489F7E19EA
-25.018625,11.04748,1,99827717-1B21-7ECC-CAD1-99489F7E19EA
-31.314829,1.8932649,2,99827717-1B21-7ECC-CAD1-99489F7E19EA
13.985429,-4.9425135,1,99827717-1B21-7ECC-CAD1-99489F7E19EA
-21.585913,0.32280737,0,99827717-1B21-7ECC-CAD1-99489F7E19EA
29.612686,-0.05012316,0,99827717-1B21-7ECC-CAD1-99489F7E19EA
-40.625137,27.205923,0,99827717-1B21-7ECC-CAD1-99489F7E19EA
-23.952066,-48.11273,0,99827717-1B21-7ECC-CAD1-99489F7E19EA
-36.379818,31.052202,0,99827717-1B21-7ECC-CAD1-99489F7E19EA
-64.98049,5.9065814,1,99827717-1B21-7ECC-CAD1-99489F7E19EA
-22.312601,-44.394466,1,99827717-1B21-7ECC-CAD1-99489F7E19EA
-23.895723,13.498082,1,99827717-1B21-7ECC-CAD1-99489F7E19EA
-8.603388,16.89888,1,99827717-1B21-7ECC-CAD1-99489F7E19EA
18.721594,42.878746,1,99827717-1B21-7ECC-CAD1-99489F7E19EA
15.514065,47.996323,1,99827717-1B21-7ECC-CAD1-99489F7E19EA
-0.8262153,-54.990963,2,99827717-1B21-7ECC-CAD1-99489F7E19EA
3.953058,-54.940853,2,99827717-1B21-7ECC-CAD1-99489F7E19EA
-1.0732675,-55.30131,0,99827717-1B21-7ECC-CAD1-99489F7E19EA
-15.555238,3.1396403,2,99C0C5AE-01AD-1BB2-A36B-74B166CB26BA
13.727118,-9.085476,2,99C0C5AE-01AD-1BB2-A36B-74B166CB26BA
9.602515,-52.44918,2,99C0C5AE-01AD-1BB2-A36B-74B166CB26BA
-7.136893,-63.863434,2,99C0C5AE-01AD-1BB2-A36B-74B166CB26BA
-1.7341444,-59.45913,2,99C0C5AE-01AD-1BB2-A36B-74B166CB26BA
-2.249797,-59.97645,2,99C0C5AE-01AD-1BB2-A36B-74B166CB26BA
1.432749,-57.729683,2,99C0C5AE-01AD-1BB2-A36B-74B166CB26BA
-0.6277107,-59.590183,2,99C0C5AE-01AD-1BB2-A36B-74B166CB26BA
20.580168,-42.066856,2,99C0C5AE-01AD-1BB2-A36B-74B166CB26BA
5.2228,-57.877502,2,99C0C5AE-01AD-1BB2-A36B-74B166CB26BA
-0.75676644,-59.64604,2,99C0C5AE-01AD-1BB2-A36B-74B166CB26BA
-0.8506284,-59.642662,2,99C0C5AE-01AD-1BB2-A36B-74B166CB26BA
6.0005507,-51.56774,2,99C0C5AE-01AD-1BB2-A36B-74B166CB26BA
-1.3897711,-55.3352,2,99C0C5AE-01AD-1BB2-A36B-74B166CB26BA
-7.0308104,-63.092426,2,99C0C5AE-01AD-1BB2-A36B-74B166CB26BA
10.829667,-51.610184,2,99C0C5AE-01AD-1BB2-A36B-74B166CB26BA
-1.0357332,-54.996384,2,99C0C5AE-01AD-1BB2-A36B-74B166CB26BA
25.909834,-38.13886,0,99C0C5AE-01AD-1BB2-A36B-74B166CB26BA
16.543747,-19.518364,2,99C0C5AE-01AD-1BB2-A36B-74B166CB26BA
-10.527607,14.125359,2,99C0C5AE-01AD-1BB2-A36B-74B166CB26BA
-34.084183,31.06202,2,99C0C5AE-01AD-1BB2-A36B-74B166CB26BA
-8.848504,17.381073,2,99C0C5AE-01AD-1BB2-A36B-74B166CB26BA
-32.721596,31.578285,2,99C0C5AE-01AD-1BB2-A36B-74B166CB26BA
7.4072733,19.06595,0,99C0C5AE-01AD-1BB2-A36B-74B166CB26BA
-43.10426,-22.434256,1,99C0C5AE-01AD-1BB2-A36B-74B166CB26BA
-43.294743,-20.472168,1,99C0C5AE-01AD-1BB2-A36B-74B166CB26BA
-65.15637,6.125326,1,99C0C5AE-01AD-1BB2-A36B-74B166CB26BA
-20.521511,-43.025898,1,99C0C5AE-01AD-1BB2-A36B-74B166CB26BA
-32.44979,32.24384,1,99C0C5AE-01AD-1BB2-A36B-74B166CB26BA
15.29014,20.773556,1,99C0C5AE-01AD-1BB2-A36B-74B166CB26BA
-17.086737,6.9554405,2,9A80CFF4-085D-6435-BA08-18E6496A8381
-34.086452,26.981684,2,9A80CFF4-085D-6435-BA08-18E6496A8381
17.016912,12.853125,0,9A80CFF4-085D-6435-BA08-18E6496A8381
16.319513,15.153071,0,9A80CFF4-085D-6435-BA08-18E6496A8381
-25.127707,-48.992126,0,9A80CFF4-085D-6435-BA08-18E6496A8381
-12.002775,60.753708,0,9A80CFF4-085D-6435-BA08-18E6496A8381
-40.134556,21.37032,2,9A80CFF4-085D-6435-BA08-18E6496A8381
12.63943,-5.6567755,2,9A80CFF4-085D-6435-BA08-18E6496A8381
29.645756,-0.15529436,2,9A80CFF4-085D-6435-BA08-18E6496A8381
17.31903,-13.929762,2,9A80CFF4-085D-6435-BA08-18E6496A8381
-33.45714,25.235218,2,9A80CFF4-085D-6435-BA08-18E6496A8381
7.98298,-23.341757,2,9A80CFF4-085D-6435-BA08-18E6496A8381
-31.553885,32.147335,2,9C694EBE-9421-F45A-ED92-F521991A6A52
-30.911774,32.86882,2,9C694EBE-9421-F45A-ED92-F521991A6A52
14.208546,50.09909,2,9C694EBE-9421-F45A-ED92-F521991A6A52
4.084742,-5.4637833,2,9C694EBE-9421-F45A-ED92-F521991A6A52
12.856291,15.64104,0,9C694EBE-9421-F45A-ED92-F521991A6A52
21.841703,-8.539219,0,9C694EBE-9421-F45A-ED92-F521991A6A52
-24.638283,-50.337967,0,9C694EBE-9421-F45A-ED92-F521991A6A52
22.070593,-10.633559,0,9C694EBE-9421-F45A-ED92-F521991A6A52
-13.796087,3.2886548,0,9C694EBE-9421-F45A-ED92-F521991A6A52
52.0705,-11.467877,0,9C694EBE-9421-F45A-ED92-F521991A6A52
4.17091,-55.24942,0,9C694EBE-9421-F45A-ED92-F521991A6A52
21.983429,-36.767815,2,9C694EBE-9421-F45A-ED92-F521991A6A52
26.10562,4.316045,2,9C694EBE-9421-F45A-ED92-F521991A6A52
44.422443,26.388216,2,9C694EBE-9421-F45A-ED92-F521991A6A52
-30.275175,-3.770737,0,9C694EBE-9421-F45A-ED92-F521991A6A52
-61.3701,0.80762887,0,9C694EBE-9421-F45A-ED92-F521991A6A52
-59.208607,1.0825094,0,9C694EBE-9421-F45A-ED92-F521991A6A52
-16.02507,-25.146658,0,9C694EBE-9421-F45A-ED92-F521991A6A52
7.633794,39.08155,0,9C694EBE-9421-F45A-ED92-F521991A6A52
-1.3278799,-20.592688,0,9C694EBE-9421-F45A-ED92-F521991A6A52
6.713087,19.491102,0,9C694EBE-9421-F45A-ED92-F521991A6A52
1.8202965,-20.672258,0,9C694EBE-9421-F45A-ED92-F521991A6A52
-14.9971,9.18816,0,9C694EBE-9421-F45A-ED92-F521991A6A52
10.41392,-20.484814,0,9C694EBE-9421-F45A-ED92-F521991A6A52
12.885957,14.215756,0,9C694EBE-9421-F45A-ED92-F521991A6A52
-14.345731,-32.661488,0,9C694EBE-9421-F45A-ED92-F521991A6A52
-46.43517,-20.578709,0,9C694EBE-9421-F45A-ED92-F521991A6A52
-58.52293,0.20923561,1,9C694EBE-9421-F45A-ED92-F521991A6A52
-61.720936,0.78662413,1,9C694EBE-9421-F45A-ED92-F521991A6A52
-22.064018,14.467209,0,9C694EBE-9421-F45A-ED92-F521991A6A52
-48.21209,-19.849155,2,9E6EBCE2-44FB-8F07-4135-E91140B34096
-47.72237,-21.285538,2,9E6EBCE2-44FB-8F07-4135-E91140B34096
-21.206553,-42.969414,2,9E6EBCE2-44FB-8F07-4135-E91140B34096
-37.741802,31.034554,2,9E6EBCE2-44FB-8F07-4135-E91140B34096
-63.924484,7.1521225,2,9E6EBCE2-44FB-8F07-4135-E91140B34096
8.448379,-15.93107,0,9E6EBCE2-44FB-8F07-4135-E91140B34096
39.278915,15.953685,0,9E6EBCE2-44FB-8F07-4135-E91140B34096
-2.0736513,-12.527578,0,9E6EBCE2-44FB-8F07-4135-E91140B34096
57.231846,-6.4076943,0,9E6EBCE2-44FB-8F07-4135-E91140B34096
18.733387,42.923172,0,9E6EBCE2-44FB-8F07-4135-E91140B34096
42.81846,15.401586,0,9E6EBCE2-44FB-8F07-4135-E91140B34096
-23.660223,5.0786257,0,9E6EBCE2-44FB-8F07-4135-E91140B34096
36.39465,29.584394,0,9E6EBCE2-44FB-8F07-4135-E91140B34096
42.620735,19.363226,2,9E6EBCE2-44FB-8F07-4135-E91140B34096
46.74488,19.538994,2,9E6EBCE2-44FB-8F07-4135-E91140B34096
38.03113,32.048275,0,9E6EBCE2-44FB-8F07-4135-E91140B34096
71.03469,1.6894833,0,9E6EBCE2-44FB-8F07-4135-E91140B34096
18.957191,-41.527153,0,9E6EBCE2-44FB-8F07-4135-E91140B34096
-18.774818,-33.657246,2,A135AF2A-692D-9C83-AB54-34F977E4D14D
-29.373547,-4.4333115,2,A135AF2A-692D-9C83-AB54-34F977E4D14D
-19.902102,-32.90117,2,A135AF2A-692D-9C83-AB54-34F977E4D14D
-22.360956,-5.4152355,2,A135AF2A-692D-9C83-AB54-34F977E4D14D
28.011766,-0.20400713,2,A135AF2A-692D-9C83-AB54-34F977E4D14D
-23.523266,10.630904,2,A135AF2A-692D-9C83-AB54-34F977E4D14D
-34.638275,1.7107519,2,A135AF2A-692D-9C83-AB54-34F977E4D14D
-60.596268,1.8386916,2,A135AF2A-692D-9C83-AB54-34F977E4D14D
13.742977,14.198251,2,A135AF2A-692D-9C83-AB54-34F977E4D14D
-24.791924,1.9415456,2,A135AF2A-692D-9C83-AB54-34F977E4D14D
4.4103994,-20.518814,2,A135AF2A-692D-9C83-AB54-34F977E4D14D
4.364151,-21.26773,2,A135AF2A-692D-9C83-AB54-34F977E4D14D
13.937077,-8.026795,0,A135AF2A-692D-9C83-AB54-34F977E4D14D
69.385414,1.8229691,2,A135AF2A-692D-9C83-AB54-34F977E4D14D
-1.0665138,-55.06896,2,A135AF2A-692D-9C83-AB54-34F977E4D14D
-2.2031462,-59.791702,2,A135AF2A-692D-9C83-AB54-34F977E4D14D
37.97101,32.14782,2,A135AF2A-692D-9C83-AB54-34F977E4D14D
39.46699,-30.848045,0,A135AF2A-692D-9C83-AB54-34F977E4D14D
-21.716347,-33.749065,2,A135AF2A-692D-9C83-AB54-34F977E4D14D
-47.98566,-21.402714,2,A135AF2A-692D-9C83-AB54-34F977E4D14D
-60.950855,-0.4571201,2,A135AF2A-692D-9C83-AB54-34F977E4D14D
-15.943231,-29.287159,2,A135AF2A-692D-9C83-AB54-34F977E4D14D
-35.687332,-2.7224362,2,A135AF2A-692D-9C83-AB54-34F977E4D14D
-34.25241,1.752345,0,A135AF2A-692D-9C83-AB54-34F977E4D14D
-13.820341,-34.56768,2,A135AF2A-692D-9C83-AB54-34F977E4D14D
-41.619755,-21.584097,2,A135AF2A-692D-9C83-AB54-34F977E4D14D
-46.34449,-21.6014,2,A135AF2A-692D-9C83-AB54-34F977E4D14D
-42.185368,-22.496717,2,A135AF2A-692D-9C83-AB54-34F977E4D14D
-22.834156,4.5796533,2,A135AF2A-692D-9C83-AB54-34F977E4D14D
-31.155264,31.304115,2,A135AF2A-692D-9C83-AB54-34F977E4D14D
42.973267,17.546814,1,A43E8D46-F136-DB41-3E16-F9F161DBA1D6
38.320736,-31.222187,1,A43E8D46-F136-DB41-3E16-F9F161DBA1D6
7.01935,-56.493843,1,A43E8D46-F136-DB41-3E16-F9F161DBA1D6
41.108692,24.367352,1,A43E8D46-F136-DB41-3E16-F9F161DBA1D6
37.323498,25.94888,1,A43E8D46-F136-DB41-3E16-F9F161DBA1D6
28.422005,-1.9228902,1,A43E8D46-F136-DB41-3E16-F9F161DBA1D6
6.3333635,-3.7941587,2,A43E8D46-F136-DB41-3E16-F9F161DBA1D6
-25.325113,13.50826,2,A43E8D46-F136-DB41-3E16-F9F161DBA1D6
54.015232,-8.686958,0,A43E8D46-F136-DB41-3E16-F9F161DBA1D6
-15.731055,8.770508,0,A43E8D46-F136-DB41-3E16-F9F161DBA1D6
11.522824,-19.054329,0,A43E8D46-F136-DB41-3E16-F9F161DBA1D6
14.386257,51.188072,0,A43E8D46-F136-DB41-3E16-F9F161DBA1D6
13.402213,-6.8285756,2,A43E8D46-F136-DB41-3E16-F9F161DBA1D6
-33.394627,2.3893137,1,A43E8D46-F136-DB41-3E16-F9F161DBA1D6
14.2007885,-19.251078,1,A43E8D46-F136-DB41-3E16-F9F161DBA1D6
-26.707466,28.885244,1,A43E8D46-F136-DB41-3E16-F9F161DBA1D6
16.043882,14.701213,1,A43E8D46-F136-DB41-3E16-F9F161DBA1D6
-58.69257,-0.78910804,1,A43E8D46-F136-DB41-3E16-F9F161DBA1D6
-19.987932,4.6569324,0,A43E8D46-F136-DB41-3E16-F9F161DBA1D6
-35.285732,-1.9709448,0,A43E8D46-F136-DB41-3E16-F9F161DBA1D6
-28.15506,-4.214969,0,A43E8D46-F136-DB41-3E16-F9F161DBA1D6
-16.822687,-30.490484,0,A43E8D46-F136-DB41-3E16-F9F161DBA1D6
-47.680565,-20.763065,1,A43E8D46-F136-DB41-3E16-F9F161DBA1D6
-43.856483,-26.280178,1,A43E8D46-F136-DB41-3E16-F9F161DBA1D6
10.438756,-53.97374,0,AB9921A8-F143-E101-6A47-E66882F571B2
11.222451,-51.958656,1,AB9921A8-F143-E101-6A47-E66882F571B2
39.955624,-28.632915,2,AB9921A8-F143-E101-6A47-E66882F571B2
25.897572,4.1693664,2,AB9921A8-F143-E101-6A47-E66882F571B2
-34.273476,0.826665,2,AB9921A8-F143-E101-6A47-E66882F571B2
-16.567242,-30.26981,2,AB9921A8-F143-E101-6A47-E66882F571B2
15.149783,22.247828,2,AB9921A8-F143-E101-6A47-E66882F571B2
12.439348,50.214607,2,AB9921A8-F143-E101-6A47-E66882F571B2
52.080593,-5.9181914,0,AB9921A8-F143-E101-6A47-E66882F571B2
9.954248,18.39331,0,AB9921A8-F143-E101-6A47-E66882F571B2
19.30783,46.858078,0,AB9921A8-F143-E101-6A47-E66882F571B2
10.093318,-50.13452,1,AB9921A8-F143-E101-6A47-E66882F571B2
22.536398,-39.3239,1,AB9921A8-F143-E101-6A47-E66882F571B2
19.692163,-40.341022,1,AB9921A8-F143-E101-6A47-E66882F571B2
72.04577,-0.23426121,1,AB9921A8-F143-E101-6A47-E66882F571B2
39.69756,25.50384,1,AB9921A8-F143-E101-6A47-E66882F571B2
1.3082078,37.03832,1,AB9921A8-F143-E101-6A47-E66882F571B2
23.068996,-37.131546,0,AB9921A8-F143-E101-6A47-E66882F571B2
-7.2203426,-64.20796,2,AB9921A8-F143-E101-6A47-E66882F571B2
5.0628057,-56.13201,1,AB9921A8-F143-E101-6A47-E66882F571B2
10.024854,-50.909473,1,AB9921A8-F143-E101-6A47-E66882F571B2
9.564723,-51.607975,2,AB9921A8-F143-E101-6A47-E66882F571B2
39.830883,30.576653,2,AB9921A8-F143-E101-6A47-E66882F571B2
40.071995,-28.824938,2,AB9921A8-F143-E101-6A47-E66882F571B2
56.05963,-12.112585,0,B06410CC-D778-33B2-B1FD-A828EE4AF413
-0.099525474,-57.396893,0,B06410CC-D778-33B2-B1FD-A828EE4AF413
-7.171499,-63.789368,0,B06410CC-D778-33B2-B1FD-A828EE4AF413
70.687775,3.1495285,0,B06410CC-D778-33B2-B1FD-A828EE4AF413
11.889564,8.050449,1,B06410CC-D778-33B2-B1FD-A828EE4AF413
25.813519,-3.1979368,1,B06410CC-D778-33B2-B1FD-A828EE4AF413
25.51068,2.88307,2,B06410CC-D778-33B2-B1FD-A828EE4AF413
-15.83003,54.393223,2,B06410CC-D778-33B2-B1FD-A828EE4AF413
-30.42875,-4.969294,2,B06410CC-D778-33B2-B1FD-A828EE4AF413
-16.676,55.70986,2,B06410CC-D778-33B2-B1FD-A828EE4AF413
-41.64272,24.28407,2,B06410CC-D778-33B2-B1FD-A828EE4AF413
-36.878803,-3.3980505,2,B06410CC-D778-33B2-B1FD-A828EE4AF413
11.766714,12.779536,2,B06410CC-D778-33B2-B1FD-A828EE4AF413
-10.271389,14.4220705,2,B06410CC-D778-33B2-B1FD-A828EE4AF413
41.33862,15.885403,2,B06410CC-D778-33B2-B1FD-A828EE4AF413
9.573579,17.434683,2,B06410CC-D778-33B2-B1FD-A828EE4AF413
8.143283,20.699541,2,B06410CC-D778-33B2-B1FD-A828EE4AF413
44.054195,20.291924,2,B06410CC-D778-33B2-B1FD-A828EE4AF413
-48.601536,-23.424711,0,B06410CC-D778-33B2-B1FD-A828EE4AF413
-48.338615,-23.537647,0,B06410CC-D778-33B2-B1FD-A828EE4AF413
-45.60679,-23.148382,0,B06410CC-D778-33B2-B1FD-A828EE4AF413
-26.218037,25.348103,0,B06410CC-D778-33B2-B1FD-A828EE4AF413
-9.287486,61.650948,0,B06410CC-D778-33B2-B1FD-A828EE4AF413
40.739677,17.069809,0,B06410CC-D778-33B2-B1FD-A828EE4AF413
15.013375,-3.4450607,2,B06410CC-D778-33B2-B1FD-A828EE4AF413
-34.75077,-5.98211,2,B06410CC-D778-33B2-B1FD-A828EE4AF413
-19.541012,-26.652493,0,B06410CC-D778-33B2-B1FD-A828EE4AF413
12.120165,-4.6729636,2,B17DF37B-207D-A052-4D45-F862B3BF4C4C
14.632031,-2.650113,2,B17DF37B-207D-A052-4D45-F862B3BF4C4C
5.810139,39.83558,0,B17DF37B-207D-A052-4D45-F862B3BF4C4C
0.8413162,37.001648,0,B17DF37B-207D-A052-4D45-F862B3BF4C4C
15.933861,-10.190508,2,B17DF37B-207D-A052-4D45-F862B3BF4C4C
25.768732,-0.9749499,2,B17DF37B-207D-A052-4D45-F862B3BF4C4C
40.258793,-31.078323,1,B17DF37B-207D-A052-4D45-F862B3BF4C4C
3.1417065,-54.98496,1,B17DF37B-207D-A052-4D45-F862B3BF4C4C
7.700125,-51.382,1,B17DF37B-207D-A052-4D45-F862B3BF4C4C
7.962117,-51.216778,0,B17DF37B-207D-A052-4D45-F862B3BF4C4C
37.557564,30.65921,0,B17DF37B-207D-A052-4D45-F862B3BF4C4C
-10.849319,54.290276,0,B17DF37B-207D-A052-4D45-F862B3BF4C4C
23.81645,-9.169975,2,B2EE7EC5-4E5B-EBDD-E0EB-AF758B95C36A
-26.041119,25.137762,2,B2EE7EC5-4E5B-EBDD-E0EB-AF758B95C36A
-25.346682,27.129528,2,B2EE7EC5-4E5B-EBDD-E0EB-AF758B95C36A
-22.58976,-44.183758,2,B2EE7EC5-4E5B-EBDD-E0EB-AF758B95C36A
-15.926943,-29.390167,2,B2EE7EC5-4E5B-EBDD-E0EB-AF758B95C36A
-14.76443,-34.745758,2,B2EE7EC5-4E5B-EBDD-E0EB-AF758B95C36A
7.016163,41.65714,1,B2EE7EC5-4E5B-EBDD-E0EB-AF758B95C36A
1.9437621,-23.70752,1,B2EE7EC5-4E5B-EBDD-E0EB-AF758B95C36A
14.139963,16.708782,1,B2EE7EC5-4E5B-EBDD-E0EB-AF758B95C36A
-26.482431,26.92336,1,B2EE7EC5-4E5B-EBDD-E0EB-AF758B95C36A
-14.383846,57.39769,1,B2EE7EC5-4E5B-EBDD-E0EB-AF758B95C36A
11.1281595,12.268096,1,B2EE7EC5-4E5B-EBDD-E0EB-AF758B95C36A
-24.613245,11.729347,1,B2EE7EC5-4E5B-EBDD-E0EB-AF758B95C36A
-13.456854,1.9299037,1,B2EE7EC5-4E5B-EBDD-E0EB-AF758B95C36A
67.99276,3.1243439,1,B2EE7EC5-4E5B-EBDD-E0EB-AF758B95C36A
38.36984,-30.644485,1,B2EE7EC5-4E5B-EBDD-E0EB-AF758B95C36A
20.059336,-39.92315,1,B2EE7EC5-4E5B-EBDD-E0EB-AF758B95C36A
-6.9759345,-62.955082,1,B2EE7EC5-4E5B-EBDD-E0EB-AF758B95C36A
-7.718595,-63.967926,1,B2EE7EC5-4E5B-EBDD-E0EB-AF758B95C36A
39.635155,-31.577019,1,B2EE7EC5-4E5B-EBDD-E0EB-AF758B95C36A
56.211426,-11.029042,1,B2EE7EC5-4E5B-EBDD-E0EB-AF758B95C36A
14.43004,-4.839411,2,B2EE7EC5-4E5B-EBDD-E0EB-AF758B95C36A
5.5451193,-1.247484,2,B2EE7EC5-4E5B-EBDD-E0EB-AF758B95C36A
11.931401,-2.7817957,2,B2EE7EC5-4E5B-EBDD-E0EB-AF758B95C36A
16.011332,11.236661,1,B2EE7EC5-4E5B-EBDD-E0EB-AF758B95C36A
10.7669935,10.816999,1,B2EE7EC5-4E5B-EBDD-E0EB-AF758B95C36A
-24.483097,9.352023,1,B2EE7EC5-4E5B-EBDD-E0EB-AF758B95C36A
16.869576,-4.0573964,2,B3CE5256-6F65-85EB-0078-689BD5CC1B17
5.1447835,-4.333597,2,B3CE5256-6F65-85EB-0078-689BD5CC1B17
1.8180859,-2.104808,2,B3CE5256-6F65-85EB-0078-689BD5CC1B17
56.979004,-11.252781,2,B3CE5256-6F65-85EB-0078-689BD5CC1B17
38.961945,-34.258617,2,B3CE5256-6F65-85EB-0078-689BD5CC1B17
10.775164,-48.281456,0,B3CE5256-6F65-85EB-0078-689BD5CC1B17
29.233343,-1.1497649,0,B3CE5256-6F65-85EB-0078-689BD5CC1B17
37.341103,24.120148,0,B3CE5256-6F65-85EB-0078-689BD5CC1B17
36.22942,25.924967,2,B3CE5256-6F65-85EB-0078-689BD5CC1B17
40.27336,-31.427122,2,B3CE5256-6F65-85EB-0078-689BD5CC1B17
39.159595,-33.022625,2,B3CE5256-6F65-85EB-0078-689BD5CC1B17
26.450647,-37.430077,2,B3CE5256-6F65-85EB-0078-689BD5CC1B17
-34.44492,2.3457305,2,B3CE5256-6F65-85EB-0078-689BD5CC1B17
-30.946297,0.5018441,2,B3CE5256-6F65-85EB-0078-689BD5CC1B17
-15.17203,2.663294,2,B3CE5256-6F65-85EB-0078-689BD5CC1B17
39.824062,-33.757374,2,B3CE5256-6F65-85EB-0078-689BD5CC1B17
22.132181,-37.7914,2,B3CE5256-6F65-85EB-0078-689BD5CC1B17
7.2270145,-52.235332,2,B3CE5256-6F65-85EB-0078-689BD5CC1B17
11.40271,21.115614,0,B3CE5256-6F65-85EB-0078-689BD5CC1B17
9.988464,19.49878,0,B3CE5256-6F65-85EB-0078-689BD5CC1B17
11.135562,14.526219,2,B3CE5256-6F65-85EB-0078-689BD5CC1B17
5.2824163,38.95782,2,B3CE5256-6F65-85EB-0078-689BD5CC1B17
23.460995,-7.478913,2,B3CE5256-6F65-85EB-0078-689BD5CC1B17
71.1833,2.184399,2,B3CE5256-6F65-85EB-0078-689BD5CC1B17
-37.567047,31.076527,2,B6EE5F90-8F59-D3CF-C449-59216B28207B
-42.686996,-21.22952,2,B6EE5F90-8F59-D3CF-C449-59216B28207B
-24.788504,1.905525,2,B6EE5F90-8F59-D3CF-C449-59216B28207B
13.331492,15.8662815,2,B6EE5F90-8F59-D3CF-C449-59216B28207B
-14.880965,8.247686,2,B6EE5F90-8F59-D3CF-C449-59216B28207B
-18.433489,11.974869,2,B6EE5F90-8F59-D3CF-C449-59216B28207B
55.598557,-12.279193,2,B6EE5F90-8F59-D3CF-C449-59216B28207B
39.889027,-31.408617,2,B6EE5F90-8F59-D3CF-C449-59216B28207B
13.031808,-8.051751,2,B6EE5F90-8F59-D3CF-C449-59216B28207B
-12.867761,1.8150645,2,B6EE5F90-8F59-D3CF-C449-59216B28207B
-25.488003,24.518513,2,B6EE5F90-8F59-D3CF-C449-59216B28207B
-22.308163,-42.182747,2,B6EE5F90-8F59-D3CF-C449-59216B28207B
39.080284,-30.178406,2,B6EE5F90-8F59-D3CF-C449-59216B28207B
70.92989,0.13345762,2,B6EE5F90-8F59-D3CF-C449-59216B28207B
14.078521,-5.668488,2,B6EE5F90-8F59-D3CF-C449-59216B28207B
-19.827017,-27.323318,2,B6EE5F90-8F59-D3CF-C449-59216B28207B
-17.772648,-29.496378,2,B6EE5F90-8F59-D3CF-C449-59216B28207B
-23.479021,-42.193054,2,B6EE5F90-8F59-D3CF-C449-59216B28207B
20.783625,45.08633,2,B6EE5F90-8F59-D3CF-C449-59216B28207B
-6.1976924,-63.552574,0,B6EE5F90-8F59-D3CF-C449-59216B28207B
55.414845,-11.761422,2,B6EE5F90-8F59-D3CF-C449-59216B28207B
-25.867458,7.5679746,2,B6EE5F90-8F59-D3CF-C449-59216B28207B
-25.964836,12.80196,2,B6EE5F90-8F59-D3CF-C449-59216B28207B
-36.100056,-3.3725898,2,B6EE5F90-8F59-D3CF-C449-59216B28207B
12.847679,-13.371414,0,B9FD0C60-33D3-E99E-2475-815EAD5C89C2
13.872063,13.637789,0,B9FD0C60-33D3-E99E-2475-815EAD5C89C2
-32.785378,30.008852,0,B9FD0C60-33D3-E99E-2475-815EAD5C89C2
-0.12470787,-2.701838,2,B9FD0C60-33D3-E99E-2475-815EAD5C89C2
6.8341637,17.45915,2,B9FD0C60-33D3-E99E-2475-815EAD5C89C2
51.291393,-5.307582,2,B9FD0C60-33D3-E99E-2475-815EAD5C89C2
-35.783016,21.236914,2,B9FD0C60-33D3-E99E-2475-815EAD5C89C2
-41.713028,20.918444,2,B9FD0C60-33D3-E99E-2475-815EAD5C89C2
0.5374474,39.047783,2,B9FD0C60-33D3-E99E-2475-815EAD5C89C2
40.365482,30.655003,0,B9FD0C60-33D3-E99E-2475-815EAD5C89C2
68.45313,-1.2890469,0,B9FD0C60-33D3-E99E-2475-815EAD5C89C2
-15.308213,52.743984,0,B9FD0C60-33D3-E99E-2475-815EAD5C89C2
21.440931,43.960346,0,B9FD0C60-33D3-E99E-2475-815EAD5C89C2
16.061316,-4.232636,0,B9FD0C60-33D3-E99E-2475-815EAD5C89C2
-28.175047,-6.197723,0,B9FD0C60-33D3-E99E-2475-815EAD5C89C2
-27.937538,-4.9221077,0,B9FD0C60-33D3-E99E-2475-815EAD5C89C2
-20.373154,-33.143703,0,B9FD0C60-33D3-E99E-2475-815EAD5C89C2
-16.964046,-28.977362,0,B9FD0C60-33D3-E99E-2475-815EAD5C89C2
15.952352,-13.877838,1,B9FD0C60-33D3-E99E-2475-815EAD5C89C2
16.690178,13.562126,1,B9FD0C60-33D3-E99E-2475-815EAD5C89C2
8.399624,18.991035,1,B9FD0C60-33D3-E99E-2475-815EAD5C89C2
-17.239298,7.8144765,1,B9FD0C60-33D3-E99E-2475-815EAD5C89C2
11.373763,22.139349,1,B9FD0C60-33D3-E99E-2475-815EAD5C89C2
53.790073,-5.6574807,1,B9FD0C60-33D3-E99E-2475-815EAD5C89C2
7.4133253,15.917432,1,B9FD0C60-33D3-E99E-2475-815EAD5C89C2
44.31116,15.476585,1,B9FD0C60-33D3-E99E-2475-815EAD5C89C2
6.5772758,43.393623,2,B9FD0C60-33D3-E99E-2475-815EAD5C89C2
-44.810677,-20.164356,2,BAAA2876-D490-2AB5-0A98-6EB94C7FC331
-46.11874,-21.530527,2,BAAA2876-D490-2AB5-0A98-6EB94C7FC331
-46.460613,-20.933727,2,BAAA2876-D490-2AB5-0A98-6EB94C7FC331
-17.43403,-36.437626,2,BAAA2876-D490-2AB5-0A98-6EB94C7FC331
-29.716686,8.347949,2,BAAA2876-D490-2AB5-0A98-6EB94C7FC331
-15.481497,9.375246,1,BAAA2876-D490-2AB5-0A98-6EB94C7FC331
0.24975035,36.97038,2,BAAA2876-D490-2AB5-0A98-6EB94C7FC331
23.30757,-6.562455,2,BAAA2876-D490-2AB5-0A98-6EB94C7FC331
-9.877874,54.570988,2,BAAA2876-D490-2AB5-0A98-6EB94C7FC331
10.408886,-6.684294,2,BAAA2876-D490-2AB5-0A98-6EB94C7FC331
15.649759,-5.0465693,2,BAAA2876-D490-2AB5-0A98-6EB94C7FC331
-9.03367,55.075645,2,BAAA2876-D490-2AB5-0A98-6EB94C7FC331
44.403046,26.2216,2,BAAA2876-D490-2AB5-0A98-6EB94C7FC331
27.837526,1.3913482,2,BAAA2876-D490-2AB5-0A98-6EB94C7FC331
5.597021,-0.18271305,2,BAAA2876-D490-2AB5-0A98-6EB94C7FC331
-41.11652,23.303127,1,BAAA2876-D490-2AB5-0A98-6EB94C7FC331
-23.874653,-43.70117,1,BAAA2876-D490-2AB5-0A98-6EB94C7FC331
-14.276255,56.549015,2,BAAA2876-D490-2AB5-0A98-6EB94C7FC331
19.251831,-39.16201,2,BAAA2876-D490-2AB5-0A98-6EB94C7FC331
51.77523,-13.364316,2,BAAA2876-D490-2AB5-0A98-6EB94C7FC331
12.789256,-7.9363427,2,BAAA2876-D490-2AB5-0A98-6EB94C7FC331
-27.56739,-4.601501,2,BAAA2876-D490-2AB5-0A98-6EB94C7FC331
-41.540703,17.82778,2,BAAA2876-D490-2AB5-0A98-6EB94C7FC331
-36.966614,20.488562,2,BAAA2876-D490-2AB5-0A98-6EB94C7FC331
2.8938303,40.42209,2,BC7EE230-0AF9-3AC5-24E5-8EC4B0B432A8
12.682477,-1.8917016,2,BC7EE230-0AF9-3AC5-24E5-8EC4B0B432A8
-21.154903,-35.043682,1,BC7EE230-0AF9-3AC5-24E5-8EC4B0B432A8
-21.38586,-34.61793,1,BC7EE230-0AF9-3AC5-24E5-8EC4B0B432A8
-21.270489,-32.719093,2,BC7EE230-0AF9-3AC5-24E5-8EC4B0B432A8
-63.15367,6.525075,2,BC7EE230-0AF9-3AC5-24E5-8EC4B0B432A8
17.775698,44.402847,2,BC7EE230-0AF9-3AC5-24E5-8EC4B0B432A8
3.253562,-2.0844386,2,BC7EE230-0AF9-3AC5-24E5-8EC4B0B432A8
-1.1101925,-13.093394,2,BC7EE230-0AF9-3AC5-24E5-8EC4B0B432A8
7.310094,19.267742,2,BC7EE230-0AF9-3AC5-24E5-8EC4B0B432A8
40.24938,16.008911,2,BC7EE230-0AF9-3AC5-24E5-8EC4B0B432A8
6.486773,42.701263,2,BC7EE230-0AF9-3AC5-24E5-8EC4B0B432A8
4.9816103,-21.651264,2,BD35F47E-4F73-8664-B165-98D2BF2CDA48
-7.8716435,16.51311,2,BD35F47E-4F73-8664-B165-98D2BF2CDA48
12.785492,16.09746,0,BD35F47E-4F73-8664-B165-98D2BF2CDA48
7.7417417,21.099625,2,BD35F47E-4F73-8664-B165-98D2BF2CDA48
13.334732,-19.271578,2,BD35F47E-4F73-8664-B165-98D2BF2CDA48
43.457554,23.654005,2,BD35F47E-4F73-8664-B165-98D2BF2CDA48
12.292132,20.21713,0,BD35F47E-4F73-8664-B165-98D2BF2CDA48
60.34748,-3.5803645,0,BD35F47E-4F73-8664-B165-98D2BF2CDA48
4.870271,17.019855,0,BD35F47E-4F73-8664-B165-98D2BF2CDA48
41.20689,26.259766,2,BD35F47E-4F73-8664-B165-98D2BF2CDA48
-23.06226,11.677934,2,BD35F47E-4F73-8664-B165-98D2BF2CDA48
10.861341,-8.120677,2,BD35F47E-4F73-8664-B165-98D2BF2CDA48
71.00823,1.8527082,0,BD35F47E-4F73-8664-B165-98D2BF2CDA48
10.224498,-7.6064525,0,BD35F47E-4F73-8664-B165-98D2BF2CDA48
27.46342,-2.3985593,0,BD35F47E-4F73-8664-B165-98D2BF2CDA48
-8.848871,59.998787,0,BD35F47E-4F73-8664-B165-98D2BF2CDA48
12.595969,-5.696416,0,BD35F47E-4F73-8664-B165-98D2BF2CDA48
-29.092703,-7.188041,0,BD35F47E-4F73-8664-B165-98D2BF2CDA48
-11.791415,61.052525,2,BD35F47E-4F73-8664-B165-98D2BF2CDA48
21.925268,-8.54851,2,BD35F47E-4F73-8664-B165-98D2BF2CDA48
-29.751514,8.313575,2,BD35F47E-4F73-8664-B165-98D2BF2CDA48
-18.32156,6.7037683,0,BD35F47E-4F73-8664-B165-98D2BF2CDA48
-19.391459,13.763758,0,BD35F47E-4F73-8664-B165-98D2BF2CDA48
5.2025847,-17.176601,0,BD35F47E-4F73-8664-B165-98D2BF2CDA48
-29.976782,1.262229,0,BD35F47E-4F73-8664-B165-98D2BF2CDA48
15.998733,14.785758,0,BD35F47E-4F73-8664-B165-98D2BF2CDA48
52.9705,-6.903694,0,BD35F47E-4F73-8664-B165-98D2BF2CDA48
46.76355,16.450819,0,BD35F47E-4F73-8664-B165-98D2BF2CDA48
14.63306,48.059536,0,BD35F47E-4F73-8664-B165-98D2BF2CDA48
-26.852728,28.930685,0,BD35F47E-4F73-8664-B165-98D2BF2CDA48
-64.65651,5.6288075,2,BD35F47E-4F73-8664-B165-98D2BF2CDA48
-14.345109,-30.9958,2,BD35F47E-4F73-8664-B165-98D2BF2CDA48
-39.263546,19.661411,2,BD35F47E-4F73-8664-B165-98D2BF2CDA48
-24.917719,14.314583,2,BD35F47E-4F73-8664-B165-98D2BF2CDA48
40.79447,17.522669,2,BD35F47E-4F73-8664-B165-98D2BF2CDA48
43.47096,15.996926,0,BD35F47E-4F73-8664-B165-98D2BF2CDA48
67.131134,0.86735725,2,C0ABDBF6-67EF-EA64-A2D1-42FA92BD5713
-13.808058,7.4239426,2,C0ABDBF6-67EF-EA64-A2D1-42FA92BD5713
37.193512,25.301218,2,C0ABDBF6-67EF-EA64-A2D1-42FA92BD5713
-15.279034,1.3317524,2,C0ABDBF6-67EF-EA64-A2D1-42FA92BD5713
21.671736,43.401722,2,C0ABDBF6-67EF-EA64-A2D1-42FA92BD5713
23.57823,-7.303994,2,C0ABDBF6-67EF-EA64-A2D1-42FA92BD5713
36.899216,25.284824,2,C0ABDBF6-67EF-EA64-A2D1-42FA92BD5713
-11.3765955,53.9004,2,C0ABDBF6-67EF-EA64-A2D1-42FA92BD5713
24.453955,3.2468345,2,C0ABDBF6-67EF-EA64-A2D1-42FA92BD5713
-8.874992,59.75259,2,C0ABDBF6-67EF-EA64-A2D1-42FA92BD5713
-13.471617,52.64687,2,C0ABDBF6-67EF-EA64-A2D1-42FA92BD5713
-26.000652,-48.527016,2,C0ABDBF6-67EF-EA64-A2D1-42FA92BD5713
-29.525986,-0.63144594,2,C0ABDBF6-67EF-EA64-A2D1-42FA92BD5713
-29.189386,0.24047346,2,C0ABDBF6-67EF-EA64-A2D1-42FA92BD5713
-22.558516,-43.03777,2,C0ABDBF6-67EF-EA64-A2D1-42FA92BD5713
-25.336756,14.393934,2,C0ABDBF6-67EF-EA64-A2D1-42FA92BD5713
-9.064937,57.940857,2,C0ABDBF6-67EF-EA64-A2D1-42FA92BD5713
-29.658997,1.4308324,2,C0ABDBF6-67EF-EA64-A2D1-42FA92BD5713
-13.887053,16.8045,2,C24A665A-6B67-FDEA-04A4-C2DA3AF79D51
-12.06655,14.452188,2,C24A665A-6B67-FDEA-04A4-C2DA3AF79D51
-14.085504,17.461645,2,C24A665A-6B67-FDEA-04A4-C2DA3AF79D51
19.577898,41.569973,2,C24A665A-6B67-FDEA-04A4-C2DA3AF79D51
22.771702,-10.240728,2,C24A665A-6B67-FDEA-04A4-C2DA3AF79D51
2.3583734,-1.1212422,2,C24A665A-6B67-FDEA-04A4-C2DA3AF79D51
-33.733635,-3.5260875,2,C24A665A-6B67-FDEA-04A4-C2DA3AF79D51
13.646546,-7.802513,2,C24A665A-6B67-FDEA-04A4-C2DA3AF79D51
68.91827,1.4127529,1,C24A665A-6B67-FDEA-04A4-C2DA3AF79D51
39.917217,-33.687878,1,C24A665A-6B67-FDEA-04A4-C2DA3AF79D51
7.806816,-53.170353,1,C24A665A-6B67-FDEA-04A4-C2DA3AF79D51
70.61031,0.59670347,1,C24A665A-6B67-FDEA-04A4-C2DA3AF79D51
51.546436,-13.358089,1,C24A665A-6B67-FDEA-04A4-C2DA3AF79D51
-12.072176,3.2159495,1,C24A665A-6B67-FDEA-04A4-C2DA3AF79D51
-8.572743,60.892582,1,C24A665A-6B67-FDEA-04A4-C2DA3AF79D51
6.688408,-0.5182822,1,C24A665A-6B67-FDEA-04A4-C2DA3AF79D51
-38.39648,23.196249,1,C24A665A-6B67-FDEA-04A4-C2DA3AF79D51
-28.99068,-4.419766,1,C24A665A-6B67-FDEA-04A4-C2DA3AF79D51
11.774335,23.11998,1,C24A665A-6B67-FDEA-04A4-C2DA3AF79D51
-26.11144,28.489819,1,C24A665A-6B67-FDEA-04A4-C2DA3AF79D51
10.925204,20.020496,1,C24A665A-6B67-FDEA-04A4-C2DA3AF79D51
3.7181373,-12.465716,1,C24A665A-6B67-FDEA-04A4-C2DA3AF79D51
8.460146,21.625744,0,C24A665A-6B67-FDEA-04A4-C2DA3AF79D51
19.548601,42.43793,0,C24A665A-6B67-FDEA-04A4-C2DA3AF79D51
21.072979,-9.377353,0,C24A665A-6B67-FDEA-04A4-C2DA3AF79D51
-11.684327,55.21756,0,C24A665A-6B67-FDEA-04A4-C2DA3AF79D51
-25.11649,11.12415,0,C24A665A-6B67-FDEA-04A4-C2DA3AF79D51
-15.117734,3.2093456,0,C24A665A-6B67-FDEA-04A4-C2DA3AF79D51
-9.153001,60.349506,1,C24A665A-6B67-FDEA-04A4-C2DA3AF79D51
-34.90202,2.2014933,1,C24A665A-6B67-FDEA-04A4-C2DA3AF79D51
39.46157,17.91804,2,C5DC661F-E2D6-2B65-4765-77C8B81D2488
-14.341801,8.463115,2,C5DC661F-E2D6-2B65-4765-77C8B81D2488
45.37619,17.917658,2,C5DC661F-E2D6-2B65-4765-77C8B81D2488
10.752744,20.757666,2,C5DC661F-E2D6-2B65-4765-77C8B81D2488
3.3868055,-12.795424,2,C5DC661F-E2D6-2B65-4765-77C8B81D2488
10.770162,-9.355218,2,C5DC661F-E2D6-2B65-4765-77C8B81D2488
36.627953,26.250582,0,C5DC661F-E2D6-2B65-4765-77C8B81D2488
12.90402,-5.9663405,0,C5DC661F-E2D6-2B65-4765-77C8B81D2488
-34.464973,-5.727219,0,C5DC661F-E2D6-2B65-4765-77C8B81D2488
-17.109865,-31.34135,0,C5DC661F-E2D6-2B65-4765-77C8B81D2488
-27.746645,-6.101208,0,C5DC661F-E2D6-2B65-4765-77C8B81D2488
19.369715,46.196873,2,C5DC661F-E2D6-2B65-4765-77C8B81D2488
1.8316895,-19.170975,2,C5DC661F-E2D6-2B65-4765-77C8B81D2488
-2.5046785,-18.391785,2,C5DC661F-E2D6-2B65-4765-77C8B81D2488
10.353108,-19.05595,0,C5DC661F-E2D6-2B65-4765-77C8B81D2488
65.24404,1.7100878,0,C5DC661F-E2D6-2B65-4765-77C8B81D2488
-12.053703,14.459926,0,C5DC661F-E2D6-2B65-4765-77C8B81D2488
-14.909159,4.383017,0,C5DC661F-E2D6-2B65-4765-77C8B81D2488
60.973843,-3.0990307,0,C5DC661F-E2D6-2B65-4765-77C8B81D2488
16.378704,12.154164,0,C5DC661F-E2D6-2B65-4765-77C8B81D2488
4.405894,-2.4424586,0,C5DC661F-E2D6-2B65-4765-77C8B81D2488
22.739937,-11.458465,0,C5DC661F-E2D6-2B65-4765-77C8B81D2488
22.928713,-11.399186,0,C5DC661F-E2D6-2B65-4765-77C8B81D2488
11.451631,12.091585,0,C5DC661F-E2D6-2B65-4765-77C8B81D2488
17.470015,12.8057375,2,C8BB6C15-19FA-A17A-5945-6202803016D7
12.8786335,24.706017,2,C8BB6C15-19FA-A17A-5945-6202803016D7
6.129197,-14.252284,2,C8BB6C15-19FA-A17A-5945-6202803016D7
-33.43366,27.76456,0,C8BB6C15-19FA-A17A-5945-6202803016D7
-42.122726,17.163216,0,C8BB6C15-19FA-A17A-5945-6202803016D7
38.02902,28.48426,0,C8BB6C15-19FA-A17A-5945-6202803016D7
19.92408,-39.64812,1,C8BB6C15-19FA-A17A-5945-6202803016D7
40.36595,-31.246424,1,C8BB6C15-19FA-A17A-5945-6202803016D7
7.109565,-56.56658,1,C8BB6C15-19FA-A17A-5945-6202803016D7
3.1259234,-55.47984,1,C8BB6C15-19FA-A17A-5945-6202803016D7
7.7730923,-51.33785,1,C8BB6C15-19FA-A17A-5945-6202803016D7
7.212778,-56.495125,1,C8BB6C15-19FA-A17A-5945-6202803016D7
-23.797363,-44.567474,1,C8BB6C15-19FA-A17A-5945-6202803016D7
-14.716679,-34.747643,1,C8BB6C15-19FA-A17A-5945-6202803016D7
-44.529217,-26.45935,1,C8BB6C15-19FA-A17A-5945-6202803016D7
-22.522247,-41.125767,1,C8BB6C15-19FA-A17A-5945-6202803016D7
-42.06519,20.930422,1,C8BB6C15-19FA-A17A-5945-6202803016D7
-21.938782,-31.964882,1,C8BB6C15-19FA-A17A-5945-6202803016D7
-15.259385,52.822952,1,C8BB6C15-19FA-A17A-5945-6202803016D7
-15.232525,52.849552,1,C8BB6C15-19FA-A17A-5945-6202803016D7
-20.991365,-32.474762,1,C8BB6C15-19FA-A17A-5945-6202803016D7
-46.18915,-26.285463,0,CCA3ABC5-DCCE-0BBE-5327-E65AE52A195D
-61.41208,-1.2304348,0,CCA3ABC5-DCCE-0BBE-5327-E65AE52A195D
-47.020588,-26.557228,0,CCA3ABC5-DCCE-0BBE-5327-E65AE52A195D
-61.4389,-1.2034053,2,CCA3ABC5-DCCE-0BBE-5327-E65AE52A195D
-47.034946,-26.669725,2,CCA3ABC5-DCCE-0BBE-5327-E65AE52A195D
-46.61182,-26.590822,2,CCA3ABC5-DCCE-0BBE-5327-E65AE52A195D
69.15242,3.5383391,0,CCA3ABC5-DCCE-0BBE-5327-E65AE52A195D
14.308333,51.1583,0,CCA3ABC5-DCCE-0BBE-5327-E65AE52A195D
3.3194919,-19.062794,0,CCA3ABC5-DCCE-0BBE-5327-E65AE52A195D
52.79472,-4.848777,0,CCA3ABC5-DCCE-0BBE-5327-E65AE52A195D
9.128033,18.829397,0,CCA3ABC5-DCCE-0BBE-5327-E65AE52A195D
-23.328957,4.996398,0,CCA3ABC5-DCCE-0BBE-5327-E65AE52A195D
46.620518,19.580694,0,CCA3ABC5-DCCE-0BBE-5327-E65AE52A195D
28.765776,-2.5136945,2,CCA3ABC5-DCCE-0BBE-5327-E65AE52A195D
36.54719,27.093395,2,CCA3ABC5-DCCE-0BBE-5327-E65AE52A195D
37.63612,31.028965,2,CCA3ABC5-DCCE-0BBE-5327-E65AE52A195D
5.1517353,38.241768,2,CCA3ABC5-DCCE-0BBE-5327-E65AE52A195D
7.2804403,-56.24226,0,CCA3ABC5-DCCE-0BBE-5327-E65AE52A195D
44.773502,18.939972,2,CD5833CD-93D3-318C-371A-18A32DEFC38B
-25.153418,28.597126,2,CD5833CD-93D3-318C-371A-18A32DEFC38B
7.791312,22.62483,0,CD5833CD-93D3-318C-371A-18A32DEFC38B
1.5084747,-13.575326,0,CD5833CD-93D3-318C-371A-18A32DEFC38B
3.599609,-17.337017,0,CD5833CD-93D3-318C-371A-18A32DEFC38B
1.3816202,-19.73756,0,CD5833CD-93D3-318C-371A-18A32DEFC38B
25.077091,-11.142504,1,CD5833CD-93D3-318C-371A-18A32DEFC38B
2.2520828,-1.0459448,0,CD5833CD-93D3-318C-371A-18A32DEFC38B
-1.3780476,-56.904316,0,CD5833CD-93D3-318C-371A-18A32DEFC38B
-14.128649,4.0978203,0,CD5833CD-93D3-318C-371A-18A32DEFC38B
38.106365,31.974228,0,CD5833CD-93D3-318C-371A-18A32DEFC38B
19.286245,-41.291584,0,CD5833CD-93D3-318C-371A-18A32DEFC38B
1.8353202,-56.90232,0,CD5833CD-93D3-318C-371A-18A32DEFC38B
-6.5944057,-63.978935,0,CD5833CD-93D3-318C-371A-18A32DEFC38B
-6.703279,-63.465904,0,CD5833CD-93D3-318C-371A-18A32DEFC38B
-6.6327176,-64.06351,0,CD5833CD-93D3-318C-371A-18A32DEFC38B
38.83813,-29.873539,0,CD5833CD-93D3-318C-371A-18A32DEFC38B
35.48777,26.365364,0,CD5833CD-93D3-318C-371A-18A32DEFC38B
-13.52895,55.472843,0,CD5833CD-93D3-318C-371A-18A32DEFC38B
-24.917194,-42.14918,0,CD5833CD-93D3-318C-371A-18A32DEFC38B
-20.347597,-32.35299,0,CD5833CD-93D3-318C-371A-18A32DEFC38B
-34.727642,-1.9038,0,CD5833CD-93D3-318C-371A-18A32DEFC38B
-41.092007,28.429773,0,CD5833CD-93D3-318C-371A-18A32DEFC38B
-15.954273,-31.08086,2,CD5833CD-93D3-318C-371A-18A32DEFC38B
1.0262207,36.678062,2,D51A5648-0039-8CB1-45CB-C51E5ABA8BCC
-10.854676,55.368412,2,D51A5648-0039-8CB1-45CB-C51E5ABA8BCC
3.754358,37.805386,2,D51A5648-0039-8CB1-45CB-C51E5ABA8BCC
70.492226,0.07148714,0,D51A5648-0039-8CB1-45CB-C51E5ABA8BCC
55.53228,-11.685231,0,D51A5648-0039-8CB1-45CB-C51E5ABA8BCC
68.952354,0.8489972,0,D51A5648-0039-8CB1-45CB-C51E5ABA8BCC
3.8305461,-54.774525,2,D51A5648-0039-8CB1-45CB-C51E5ABA8BCC
39.261047,30.869173,2,D51A5648-0039-8CB1-45CB-C51E5ABA8BCC
38.053333,31.88375,2,D51A5648-0039-8CB1-45CB-C51E5ABA8BCC
15.273669,-8.313656,2,D51A5648-0039-8CB1-45CB-C51E5ABA8BCC
21.182962,-5.460365,2,D51A5648-0039-8CB1-45CB-C51E5ABA8BCC
12.087852,-2.6363115,2,D51A5648-0039-8CB1-45CB-C51E5ABA8BCC
10.649077,-19.817602,0,D51A5648-0039-8CB1-45CB-C51E5ABA8BCC
-1.3673648,-11.721636,0,D51A5648-0039-8CB1-45CB-C51E5ABA8BCC
-2.2364595,-10.989231,0,D51A5648-0039-8CB1-45CB-C51E5ABA8BCC
24.770216,-11.760855,0,D51A5648-0039-8CB1-45CB-C51E5ABA8BCC
-34.95912,1.3187664,0,D51A5648-0039-8CB1-45CB-C51E5ABA8BCC
11.531363,-15.428685,0,D51A5648-0039-8CB1-45CB-C51E5ABA8BCC
45.364117,19.007732,1,D57F474B-B38C-E9AF-73CC-2CF16EED3827
11.053351,-16.491852,1,D57F474B-B38C-E9AF-73CC-2CF16EED3827
-8.1640625,17.6156,1,D57F474B-B38C-E9AF-73CC-2CF16EED3827
-0.6195741,-12.338813,1,D57F474B-B38C-E9AF-73CC-2CF16EED3827
-14.618339,8.613384,1,D57F474B-B38C-E9AF-73CC-2CF16EED3827
10.163414,21.614637,1,D57F474B-B38C-E9AF-73CC-2CF16EED3827
9.706493,22.682,1,D57F474B-B38C-E9AF-73CC-2CF16EED3827
-30.790009,28.912956,1,D57F474B-B38C-E9AF-73CC-2CF16EED3827
10.554309,22.230923,1,D57F474B-B38C-E9AF-73CC-2CF16EED3827
15.569773,50.28316,1,D57F474B-B38C-E9AF-73CC-2CF16EED3827
11.049372,19.545223,1,D57F474B-B38C-E9AF-73CC-2CF16EED3827
12.540797,49.843506,1,D57F474B-B38C-E9AF-73CC-2CF16EED3827
19.83838,-40.6581,1,D57F474B-B38C-E9AF-73CC-2CF16EED3827
22.564169,-38.871346,1,D57F474B-B38C-E9AF-73CC-2CF16EED3827
7.9143567,-56.021854,1,D57F474B-B38C-E9AF-73CC-2CF16EED3827
55.167187,-10.390234,1,D57F474B-B38C-E9AF-73CC-2CF16EED3827
-11.9485655,54.811718,1,D57F474B-B38C-E9AF-73CC-2CF16EED3827
-12.59245,3.7959945,1,D57F474B-B38C-E9AF-73CC-2CF16EED3827
-14.83084,51.924675,1,D57F474B-B38C-E9AF-73CC-2CF16EED3827
-29.929123,-0.760498,2,D57F474B-B38C-E9AF-73CC-2CF16EED3827
-34.2144,2.4363136,2,D57F474B-B38C-E9AF-73CC-2CF16EED3827
-16.644075,-31.803024,2,D57F474B-B38C-E9AF-73CC-2CF16EED3827
-25.448868,-49.150814,2,D57F474B-B38C-E9AF-73CC-2CF16EED3827
-24.96101,28.124798,2,D57F474B-B38C-E9AF-73CC-2CF16EED3827
-13.298823,3.2220185,1,D57F474B-B38C-E9AF-73CC-2CF16EED3827
-23.815458,9.916713,1,D57F474B-B38C-E9AF-73CC-2CF16EED3827
-15.52571,-29.424795,1,D57F474B-B38C-E9AF-73CC-2CF16EED3827
-14.014152,54.280376,1,D57F474B-B38C-E9AF-73CC-2CF16EED3827
1.5607537,36.668594,1,D57F474B-B38C-E9AF-73CC-2CF16EED3827
70.57122,0.7880657,1,D57F474B-B38C-E9AF-73CC-2CF16EED3827
38.48952,-30.134277,1,D57F474B-B38C-E9AF-73CC-2CF16EED3827
22.710608,-38.553234,1,D57F474B-B38C-E9AF-73CC-2CF16EED3827
18.854235,-40.711533,1,D57F474B-B38C-E9AF-73CC-2CF16EED3827
67.57789,2.3472266,1,D57F474B-B38C-E9AF-73CC-2CF16EED3827
21.308258,-5.3684506,2,D57F474B-B38C-E9AF-73CC-2CF16EED3827
6.407794,-0.595744,2,D57F474B-B38C-E9AF-73CC-2CF16EED3827
-14.223611,-35.04484,2,D57F474B-B38C-E9AF-73CC-2CF16EED3827
-22.910784,2.628352,2,D57F474B-B38C-E9AF-73CC-2CF16EED3827
-10.082186,61.433342,2,D57F474B-B38C-E9AF-73CC-2CF16EED3827
-28.817158,1.5331038,2,D57F474B-B38C-E9AF-73CC-2CF16EED3827
13.276898,13.565646,0,D57F474B-B38C-E9AF-73CC-2CF16EED3827
11.260479,15.195352,0,D57F474B-B38C-E9AF-73CC-2CF16EED3827
13.74481,-18.291574,2,D6D11A63-A131-4E74-041D-6E3BD8EFF8FF
11.947243,-14.356821,2,D6D11A63-A131-4E74-041D-6E3BD8EFF8FF
54.740677,-5.668748,2,D6D11A63-A131-4E74-041D-6E3BD8EFF8FF
43.956135,17.910406,2,D6D11A63-A131-4E74-041D-6E3BD8EFF8FF
-28.254663,-6.3236685,2,D6D11A63-A131-4E74-041D-6E3BD8EFF8FF
-13.39178,54.62989,2,D6D11A63-A131-4E74-041D-6E3BD8EFF8FF
-57.945553,-0.5969192,0,D6D11A63-A131-4E74-041D-6E3BD8EFF8FF
-31.514753,3.0830023,2,D6D11A63-A131-4E74-041D-6E3BD8EFF8FF
-31.756947,28.328987,2,D6D11A63-A131-4E74-041D-6E3BD8EFF8FF
40.481262,16.850931,2,D6D11A63-A131-4E74-041D-6E3BD8EFF8FF
-0.5230365,-12.351362,2,D6D11A63-A131-4E74-041D-6E3BD8EFF8FF
40.240448,-35.25288,2,D6D11A63-A131-4E74-041D-6E3BD8EFF8FF
-0.7984345,-19.000736,2,D8D27F81-4F83-E10A-448A-735447867552
37.974808,26.098581,2,D8D27F81-4F83-E10A-448A-735447867552
5.297664,-2.2285054,2,D8D27F81-4F83-E10A-448A-735447867552
5.8831425,22.227459,0,D8D27F81-4F83-E10A-448A-735447867552
-24.742342,13.477222,0,D8D27F81-4F83-E10A-448A-735447867552
-24.636364,-50.35635,0,D8D27F81-4F83-E10A-448A-735447867552
-15.827116,8.573208,0,D8D27F81-4F83-E10A-448A-735447867552
2.5543144,-20.588963,1,D8D27F81-4F83-E10A-448A-735447867552
1.7061435,-20.659227,1,D8D27F81-4F83-E10A-448A-735447867552
-30.921478,28.43106,1,D8D27F81-4F83-E10A-448A-735447867552
14.527604,13.319298,1,D8D27F81-4F83-E10A-448A-735447867552
-23.683624,-43.491016,1,D8D27F81-4F83-E10A-448A-735447867552
11.382463,22.169455,2,D8D27F81-4F83-E10A-448A-735447867552
12.583707,15.785666,2,D8D27F81-4F83-E10A-448A-735447867552
66.65007,4.137736,2,D8D27F81-4F83-E10A-448A-735447867552
52.603985,-7.913556,0,D8D27F81-4F83-E10A-448A-735447867552
19.71923,41.996986,0,D8D27F81-4F83-E10A-448A-735447867552
21.676435,-39.689053,0,D8D27F81-4F83-E10A-448A-735447867552
-13.002452,59.847103,2,D8D27F81-4F83-E10A-448A-735447867552
9.504554,-19.090555,2,D8D27F81-4F83-E10A-448A-735447867552
5.3653502,-19.645067,2,D8D27F81-4F83-E10A-448A-735447867552
-17.703035,6.500055,2,D8D27F81-4F83-E10A-448A-735447867552
-18.25734,5.2542357,0,D8D27F81-4F83-E10A-448A-735447867552
-30.296925,4.4416146,0,D8D27F81-4F83-E10A-448A-735447867552
23.982758,1.6111794,1,D8D27F81-4F83-E10A-448A-735447867552
-47.63524,-19.704454,1,D8D27F81-4F83-E10A-448A-735447867552
-46.076298,-23.885227,1,D8D27F81-4F83-E10A-448A-735447867552
-8.055212,17.318926,2,DA2856BC-D181-9AF0-DC9A-99A9444D5579
5.7774105,14.442323,2,DA2856BC-D181-9AF0-DC9A-99A9444D5579
8.319909,16.88228,2,DA2856BC-D181-9AF0-DC9A-99A9444D5579
6.0770164,39.931873,2,DA2856BC-D181-9AF0-DC9A-99A9444D5579
-8.456716,61.68689,2,DA2856BC-D181-9AF0-DC9A-99A9444D5579
-23.880047,9.896525,2,DA2856BC-D181-9AF0-DC9A-99A9444D5579
7.7184854,-53.258133,0,DA2856BC-D181-9AF0-DC9A-99A9444D5579
39.87055,-29.504328,0,DA2856BC-D181-9AF0-DC9A-99A9444D5579
39.176846,-32.821976,0,DA2856BC-D181-9AF0-DC9A-99A9444D5579
2.620281,41.277267,0,DA2856BC-D181-9AF0-DC9A-99A9444D5579
2.343562,39.063732,0,DA2856BC-D181-9AF0-DC9A-99A9444D5579
13.5583935,-5.0598145,0,DA2856BC-D181-9AF0-DC9A-99A9444D5579
-14.448147,1.3803835,2,DBA0C8C4-AE05-772F-2E53-E6167F8ACB77
9.715176,-7.919596,2,DBA0C8C4-AE05-772F-2E53-E6167F8ACB77
-42.609837,-20.677517,2,DBA0C8C4-AE05-772F-2E53-E6167F8ACB77
-42.96174,-21.451447,2,DBA0C8C4-AE05-772F-2E53-E6167F8ACB77
-23.627365,-42.723488,0,DBA0C8C4-AE05-772F-2E53-E6167F8ACB77
-19.647509,2.4374938,0,DBA0C8C4-AE05-772F-2E53-E6167F8ACB77
-34.68501,27.06468,2,DBA0C8C4-AE05-772F-2E53-E6167F8ACB77
16.510063,-19.46136,2,DBA0C8C4-AE05-772F-2E53-E6167F8ACB77
-40.175056,28.197824,2,DBA0C8C4-AE05-772F-2E53-E6167F8ACB77
8.582255,-15.580191,2,DBA0C8C4-AE05-772F-2E53-E6167F8ACB77
14.754616,48.333755,2,DBA0C8C4-AE05-772F-2E53-E6167F8ACB77
0.15456599,-18.478567,2,DBA0C8C4-AE05-772F-2E53-E6167F8ACB77
-16.165842,56.37816,2,DBA0C8C4-AE05-772F-2E53-E6167F8ACB77
-41.813564,17.92633,2,DBA0C8C4-AE05-772F-2E53-E6167F8ACB77
-25.051384,-47.469463,2,DBA0C8C4-AE05-772F-2E53-E6167F8ACB77
23.703152,-7.408666,2,DBA0C8C4-AE05-772F-2E53-E6167F8ACB77
-15.434145,17.012123,2,DBA0C8C4-AE05-772F-2E53-E6167F8ACB77
9.901656,-14.192339,2,DBA0C8C4-AE05-772F-2E53-E6167F8ACB77
-14.588594,16.744415,2,DC0BE0E2-B41E-3D73-47C5-5733952512CB
-15.054053,5.1788464,2,DC0BE0E2-B41E-3D73-47C5-5733952512CB
29.83946,-1.7474214,2,DC0BE0E2-B41E-3D73-47C5-5733952512CB
-24.974525,-49.07238,2,DC0BE0E2-B41E-3D73-47C5-5733952512CB
-12.480276,59.02073,2,DC0BE0E2-B41E-3D73-47C5-5733952512CB
12.504155,21.408602,2,DC0BE0E2-B41E-3D73-47C5-5733952512CB
11.101479,-13.122893,2,DC0BE0E2-B41E-3D73-47C5-5733952512CB
-13.687409,2.1150146,2,DC0BE0E2-B41E-3D73-47C5-5733952512CB
40.14366,25.50808,2,DC0BE0E2-B41E-3D73-47C5-5733952512CB
37.278168,25.695272,2,DC0BE0E2-B41E-3D73-47C5-5733952512CB
-10.809281,58.832672,2,DC0BE0E2-B41E-3D73-47C5-5733952512CB
36.698677,26.695177,0,DC0BE0E2-B41E-3D73-47C5-5733952512CB
-34.50155,-5.188891,2,DC0BE0E2-B41E-3D73-47C5-5733952512CB
-11.888278,55.66339,2,DC0BE0E2-B41E-3D73-47C5-5733952512CB
29.132044,-2.192721,2,DC0BE0E2-B41E-3D73-47C5-5733952512CB
0.17994879,-13.70025,2,DC0BE0E2-B41E-3D73-47C5-5733952512CB
66.2162,4.417481,2,DC0BE0E2-B41E-3D73-47C5-5733952512CB
13.227463,52.58874,2,DC0BE0E2-B41E-3D73-47C5-5733952512CB
3.8268387,40.188183,2,DC0BE0E2-B41E-3D73-47C5-5733952512CB
3.21663,40.26607,2,DC0BE0E2-B41E-3D73-47C5-5733952512CB
22.42349,-7.117703,2,DC0BE0E2-B41E-3D73-47C5-5733952512CB
2.7612712,38.71299,2,DC0BE0E2-B41E-3D73-47C5-5733952512CB
21.870491,43.536137,0,DC0BE0E2-B41E-3D73-47C5-5733952512CB
-27.179447,-5.500306,0,DC0BE0E2-B41E-3D73-47C5-5733952512CB
-30.079126,4.4075174,0,DC0BE0E2-B41E-3D73-47C5-5733952512CB
4.419473,-12.168644,2,DC0BE0E2-B41E-3D73-47C5-5733952512CB
-0.17111427,-2.4267776,2,DC0BE0E2-B41E-3D73-47C5-5733952512CB
-0.3062337,-3.7056708,2,DC0BE0E2-B41E-3D73-47C5-5733952512CB
1.3794136,-11.478135,2,DC0BE0E2-B41E-3D73-47C5-5733952512CB
-0.94808394,-12.331754,2,DC0BE0E2-B41E-3D73-47C5-5733952512CB
45.75342,19.694244,2,DCB45A10-FAF5-53E0-AB53-2D42AC9BB090
38.980736,-33.28969,0,DCB45A10-FAF5-53E0-AB53-2D42AC9BB090
3.0668359,-54.952873,0,DCB45A10-FAF5-53E0-AB53-2D42AC9BB090
-0.28980887,-57.42951,0,DCB45A10-FAF5-53E0-AB53-2D42AC9BB090
3.2702682,-55.634098,0,DCB45A10-FAF5-53E0-AB53-2D42AC9BB090
52.59411,-8.152787,0,DCB45A10-FAF5-53E0-AB53-2D42AC9BB090
-47.1298,-21.964632,0,DCB45A10-FAF5-53E0-AB53-2D42AC9BB090
-63.621525,7.2495246,0,DCB45A10-FAF5-53E0-AB53-2D42AC9BB090
-47.423958,-22.046045,2,DCB45A10-FAF5-53E0-AB53-2D42AC9BB090
-58.968216,0.28435954,0,DCB45A10-FAF5-53E0-AB53-2D42AC9BB090
-39.568787,27.888447,0,DCB45A10-FAF5-53E0-AB53-2D42AC9BB090
-20.640394,16.007723,0,DCB45A10-FAF5-53E0-AB53-2D42AC9BB090
21.29408,-5.3790116,0,DCB45A10-FAF5-53E0-AB53-2D42AC9BB090
69.47877,2.6012988,0,DCB45A10-FAF5-53E0-AB53-2D42AC9BB090
38.92788,-33.314095,1,DCB45A10-FAF5-53E0-AB53-2D42AC9BB090
40.325703,-30.961672,1,DCB45A10-FAF5-53E0-AB53-2D42AC9BB090
69.00842,0.6582558,1,DCB45A10-FAF5-53E0-AB53-2D42AC9BB090
39.80161,-30.169607,0,DCB45A10-FAF5-53E0-AB53-2D42AC9BB090
-26.411537,11.938419,2,DCB45A10-FAF5-53E0-AB53-2D42AC9BB090
39.37509,24.30591,2,DCB45A10-FAF5-53E0-AB53-2D42AC9BB090
12.175487,-9.52944,0,DCB45A10-FAF5-53E0-AB53-2D42AC9BB090
4.741416,-54.216393,0,DCB45A10-FAF5-53E0-AB53-2D42AC9BB090
4.5488563,-54.132416,0,DCB45A10-FAF5-53E0-AB53-2D42AC9BB090
21.505367,-38.690994,0,DCB45A10-FAF5-53E0-AB53-2D42AC9BB090
40.714745,23.839338,2,DD956DE9-DEFB-C0C6-82B4-C639A17D6782
36.553455,24.709278,2,DD956DE9-DEFB-C0C6-82B4-C639A17D6782
53.994114,-11.162333,2,DD956DE9-DEFB-C0C6-82B4-C639A17D6782
40.757114,-34.545895,0,DD956DE9-DEFB-C0C6-82B4-C639A17D6782
67.26361,2.0719388,0,DD956DE9-DEFB-C0C6-82B4-C639A17D6782
22.354092,-38.461746,0,DD956DE9-DEFB-C0C6-82B4-C639A17D6782
-8.704082,18.12925,0,DD956DE9-DEFB-C0C6-82B4-C639A17D6782
4.1885633,-21.541948,0,DD956DE9-DEFB-C0C6-82B4-C639A17D6782
14.83018,20.141052,0,DD956DE9-DEFB-C0C6-82B4-C639A17D6782
66.539375,1.6479793,0,DD956DE9-DEFB-C0C6-82B4-C639A17D6782
7.522266,-10.849919,0,DD956DE9-DEFB-C0C6-82B4-C639A17D6782
8.432127,11.597333,0,DD956DE9-DEFB-C0C6-82B4-C639A17D6782
-0.082172744,-57.279953,1,DD956DE9-DEFB-C0C6-82B4-C639A17D6782
-2.4560618,-59.82961,0,DD956DE9-DEFB-C0C6-82B4-C639A17D6782
-0.0730332,-57.476513,0,DD956DE9-DEFB-C0C6-82B4-C639A17D6782
4.57955,-53.598587,0,DD956DE9-DEFB-C0C6-82B4-C639A17D6782
22.539503,-37.589474,0,DD956DE9-DEFB-C0C6-82B4-C639A17D6782
23.104256,0.7526551,2,DD956DE9-DEFB-C0C6-82B4-C639A17D6782
19.669024,46.20062,0,DD956DE9-DEFB-C0C6-82B4-C639A17D6782
19.79629,41.96307,0,DD956DE9-DEFB-C0C6-82B4-C639A17D6782
-13.585135,3.5428221,0,DD956DE9-DEFB-C0C6-82B4-C639A17D6782
5.177708,-3.879325,0,DD956DE9-DEFB-C0C6-82B4-C639A17D6782
39.348713,30.511106,0,DD956DE9-DEFB-C0C6-82B4-C639A17D6782
39.956623,26.435154,0,DD956DE9-DEFB-C0C6-82B4-C639A17D6782
-7.087236,-64.37236,0,DE775A65-68D5-C477-E2F7-BCC1AEF0B850
-7.074938,-64.36309,2,DE775A65-68D5-C477-E2F7-BCC1AEF0B850
-7.4246087,-64.59111,2,DE775A65-68D5-C477-E2F7-BCC1AEF0B850
-28.565065,1.5196803,2,DE775A65-68D5-C477-E2F7-BCC1AEF0B850
15.801833,-4.077107,2,DE775A65-68D5-C477-E2F7-BCC1AEF0B850
29.472635,-0.14875606,2,DE775A65-68D5-C477-E2F7-BCC1AEF0B850
-16.79572,55.76702,2,DE775A65-68D5-C477-E2F7-BCC1AEF0B850
15.424238,-7.8217154,2,DE775A65-68D5-C477-E2F7-BCC1AEF0B850
-13.53661,56.098137,2,DE775A65-68D5-C477-E2F7-BCC1AEF0B850
-24.73223,-47.362255,2,DE775A65-68D5-C477-E2F7-BCC1AEF0B850
-36.197994,-4.061319,2,DE775A65-68D5-C477-E2F7-BCC1AEF0B850
12.029495,-11.209643,2,DE775A65-68D5-C477-E2F7-BCC1AEF0B850
38.85579,-30.742905,2,DF62EF03-DA30-E70A-CA31-03A029C9610A
23.551819,-35.446766,2,DF62EF03-DA30-E70A-CA31-03A029C9610A
39.574677,-31.22544,2,DF62EF03-DA30-E70A-CA31-03A029C9610A
22.724241,-38.485695,0,DF62EF03-DA30-E70A-CA31-03A029C9610A
36.41018,29.673296,0,DF62EF03-DA30-E70A-CA31-03A029C9610A
13.385671,-6.875757,0,DF62EF03-DA30-E70A-CA31-03A029C9610A
-41.112522,24.002956,2,DF62EF03-DA30-E70A-CA31-03A029C9610A
14.046457,-17.743221,2,DF62EF03-DA30-E70A-CA31-03A029C9610A
10.874039,-15.820358,2,DF62EF03-DA30-E70A-CA31-03A029C9610A
16.990427,44.741417,2,DF62EF03-DA30-E70A-CA31-03A029C9610A
13.429447,52.653984,2,DF62EF03-DA30-E70A-CA31-03A029C9610A
13.165992,51.283073,0,DF62EF03-DA30-E70A-CA31-03A029C9610A
-2.3550785,-18.852083,0,DF62EF03-DA30-E70A-CA31-03A029C9610A
2.807634,-9.820265,0,DF62EF03-DA30-E70A-CA31-03A029C9610A
-1.1820894,-12.586933,0,DF62EF03-DA30-E70A-CA31-03A029C9610A
37.04187,19.799183,0,DF62EF03-DA30-E70A-CA31-03A029C9610A
19.879442,43.25264,0,DF62EF03-DA30-E70A-CA31-03A029C9610A
14.442906,18.268225,2,DF62EF03-DA30-E70A-CA31-03A029C9610A
-25.887877,7.4880843,2,DF62EF03-DA30-E70A-CA31-03A029C9610A
35.68793,29.768473,2,DF62EF03-DA30-E70A-CA31-03A029C9610A
23.723152,-37.22956,2,DF62EF03-DA30-E70A-CA31-03A029C9610A
-9.008151,52.8441,2,DF62EF03-DA30-E70A-CA31-03A029C9610A
-19.521368,-26.54353,2,DF62EF03-DA30-E70A-CA31-03A029C9610A
-33.58168,27.362352,2,DF62EF03-DA30-E70A-CA31-03A029C9610A
-19.6239,13.833162,2,E3489F9E-39E2-47B9-24EF-BAACE1438D00
-7.753404,62.413647,0,E3489F9E-39E2-47B9-24EF-BAACE1438D00
-32.063557,28.708513,0,E3489F9E-39E2-47B9-24EF-BAACE1438D00
20.70869,-9.722608,0,E3489F9E-39E2-47B9-24EF-BAACE1438D00
-15.047493,4.792407,0,E3489F9E-39E2-47B9-24EF-BAACE1438D00
-13.540747,16.605877,0,E3489F9E-39E2-47B9-24EF-BAACE1438D00
52.4529,-13.262981,2,E3489F9E-39E2-47B9-24EF-BAACE1438D00
41.13501,-31.463234,2,E3489F9E-39E2-47B9-24EF-BAACE1438D00
69.10452,1.515586,0,E3489F9E-39E2-47B9-24EF-BAACE1438D00
26.026514,-38.2122,0,E3489F9E-39E2-47B9-24EF-BAACE1438D00
54.245617,-10.442744,0,E3489F9E-39E2-47B9-24EF-BAACE1438D00
8.037801,-50.839188,0,E3489F9E-39E2-47B9-24EF-BAACE1438D00
54.81718,-11.379806,0,E3489F9E-39E2-47B9-24EF-BAACE1438D00
53.871635,-14.081046,0,E3489F9E-39E2-47B9-24EF-BAACE1438D00
-12.673743,3.8716853,0,E3489F9E-39E2-47B9-24EF-BAACE1438D00
-60.75663,1.8437859,1,E3489F9E-39E2-47B9-24EF-BAACE1438D00
-20.252047,-34.26512,1,E3489F9E-39E2-47B9-24EF-BAACE1438D00
-22.74117,-42.007095,1,E3489F9E-39E2-47B9-24EF-BAACE1438D00
-14.230041,7.6859336,1,E3489F9E-39E2-47B9-24EF-BAACE1438D00
10.245083,20.832474,1,E3489F9E-39E2-47B9-24EF-BAACE1438D00
52.661884,-5.16043,1,E3489F9E-39E2-47B9-24EF-BAACE1438D00
-0.7905924,-17.724897,1,E3489F9E-39E2-47B9-24EF-BAACE1438D00
37.680622,19.444328,1,E3489F9E-39E2-47B9-24EF-BAACE1438D00
5.3277774,-2.0851567,1,E3489F9E-39E2-47B9-24EF-BAACE1438D00
3.9055226,38.599926,0,E49C1269-8AB7-8C8F-FC88-AA92C2F1E260
-27.997871,-6.069865,0,E49C1269-8AB7-8C8F-FC88-AA92C2F1E260
-26.412306,-4.317491,0,E49C1269-8AB7-8C8F-FC88-AA92C2F1E260
-20.592304,-33.148594,0,E49C1269-8AB7-8C8F-FC88-AA92C2F1E260
-13.435732,54.201897,1,E49C1269-8AB7-8C8F-FC88-AA92C2F1E260
-13.434711,53.733322,1,E49C1269-8AB7-8C8F-FC88-AA92C2F1E260
69.24465,1.7658408,0,E49C1269-8AB7-8C8F-FC88-AA92C2F1E260
69.355705,2.4071693,0,E49C1269-8AB7-8C8F-FC88-AA92C2F1E260
18.625185,-41.671978,2,E49C1269-8AB7-8C8F-FC88-AA92C2F1E260
6.7019873,-56.568707,2,E49C1269-8AB7-8C8F-FC88-AA92C2F1E260
-0.42071372,-57.466644,2,E49C1269-8AB7-8C8F-FC88-AA92C2F1E260
19.754086,-39.02438,0,E49C1269-8AB7-8C8F-FC88-AA92C2F1E260
10.3888855,-6.7550435,0,E49C1269-8AB7-8C8F-FC88-AA92C2F1E260
3.0296855,38.43686,0,E49C1269-8AB7-8C8F-FC88-AA92C2F1E260
-28.222134,-4.842203,0,E49C1269-8AB7-8C8F-FC88-AA92C2F1E260
-36.988735,20.568054,0,E49C1269-8AB7-8C8F-FC88-AA92C2F1E260
-15.030664,-35.210255,1,E49C1269-8AB7-8C8F-FC88-AA92C2F1E260
-16.661781,-31.429935,2,E49C1269-8AB7-8C8F-FC88-AA92C2F1E260
-8.796471,17.523605,2,E49C1269-8AB7-8C8F-FC88-AA92C2F1E260
13.635945,21.24721,2,E49C1269-8AB7-8C8F-FC88-AA92C2F1E260
13.346134,15.685625,0,E49C1269-8AB7-8C8F-FC88-AA92C2F1E260
5.417242,-3.7161853,0,E49C1269-8AB7-8C8F-FC88-AA92C2F1E260
-11.094815,61.8979,0,E49C1269-8AB7-8C8F-FC88-AA92C2F1E260
10.789891,-8.445525,0,E49C1269-8AB7-8C8F-FC88-AA92C2F1E260
17.558722,16.256163,2,E49C1269-8AB7-8C8F-FC88-AA92C2F1E260
-14.376045,-35.035976,2,E49C1269-8AB7-8C8F-FC88-AA92C2F1E260
-43.84169,-26.330284,2,E49C1269-8AB7-8C8F-FC88-AA92C2F1E260
-16.022278,-25.136547,2,E49C1269-8AB7-8C8F-FC88-AA92C2F1E260
-16.02046,-25.123528,2,E49C1269-8AB7-8C8F-FC88-AA92C2F1E260
-17.02998,-36.077118,2,E49C1269-8AB7-8C8F-FC88-AA92C2F1E260
-31.56112,32.052788,2,E5CCE6B3-2C6E-BE96-602F-3852C8614777
-33.70495,32.662384,2,E5CCE6B3-2C6E-BE96-602F-3852C8614777
39.36598,23.335993,0,E5CCE6B3-2C6E-BE96-602F-3852C8614777
7.6928444,22.000803,0,E5CCE6B3-2C6E-BE96-602F-3852C8614777
13.03928,-17.12039,0,E5CCE6B3-2C6E-BE96-602F-3852C8614777
71.80857,0.021062467,0,E5CCE6B3-2C6E-BE96-602F-3852C8614777
-23.911457,-49.996067,0,E5CCE6B3-2C6E-BE96-602F-3852C8614777
-24.169346,14.95553,0,E5CCE6B3-2C6E-BE96-602F-3852C8614777
3.9558873,-17.524485,0,E5CCE6B3-2C6E-BE96-602F-3852C8614777
6.1355505,-16.07645,0,E5CCE6B3-2C6E-BE96-602F-3852C8614777
12.700457,22.327795,2,E5CCE6B3-2C6E-BE96-602F-3852C8614777
-22.019361,11.618895,0,E5CCE6B3-2C6E-BE96-602F-3852C8614777
19.051355,42.75001,0,E5CCE6B3-2C6E-BE96-602F-3852C8614777
-21.583887,-4.2109966,0,E5CCE6B3-2C6E-BE96-602F-3852C8614777
-13.072669,17.050604,2,E5CCE6B3-2C6E-BE96-602F-3852C8614777
-8.857354,17.444368,2,E5CCE6B3-2C6E-BE96-602F-3852C8614777
-25.672636,28.94625,2,E5CCE6B3-2C6E-BE96-602F-3852C8614777
-32.293354,30.048458,2,E5CCE6B3-2C6E-BE96-602F-3852C8614777
6.9421186,17.810616,2,E5F96AC5-AE7E-C4E8-8288-FB2674F43704
13.120475,11.476411,2,E5F96AC5-AE7E-C4E8-8288-FB2674F43704
67.57674,4.3806553,2,E5F96AC5-AE7E-C4E8-8288-FB2674F43704
54.943375,-9.258756,2,E5F96AC5-AE7E-C4E8-8288-FB2674F43704
43.884087,24.200169,2,E5F96AC5-AE7E-C4E8-8288-FB2674F43704
53.000954,-7.2816396,0,E5F96AC5-AE7E-C4E8-8288-FB2674F43704
43.570744,23.689873,2,E5F96AC5-AE7E-C4E8-8288-FB2674F43704
53.64544,-13.595926,2,E5F96AC5-AE7E-C4E8-8288-FB2674F43704
9.923984,-50.047134,0,E5F96AC5-AE7E-C4E8-8288-FB2674F43704
6.6812925,-52.513622,0,E5F96AC5-AE7E-C4E8-8288-FB2674F43704
-1.1486057,-57.329514,0,E5F96AC5-AE7E-C4E8-8288-FB2674F43704
53.84986,-10.758746,0,E5F96AC5-AE7E-C4E8-8288-FB2674F43704
23.681366,-7.452811,2,E5F96AC5-AE7E-C4E8-8288-FB2674F43704
-33.676758,-3.5294929,2,E5F96AC5-AE7E-C4E8-8288-FB2674F43704
-30.131933,-4.6885247,2,E5F96AC5-AE7E-C4E8-8288-FB2674F43704
-63.28893,6.37212,2,E5F96AC5-AE7E-C4E8-8288-FB2674F43704
-41.557976,24.719753,2,E5F96AC5-AE7E-C4E8-8288-FB2674F43704
-18.385744,-35.30817,2,E5F96AC5-AE7E-C4E8-8288-FB2674F43704
53.99514,-8.915741,0,E5F96AC5-AE7E-C4E8-8288-FB2674F43704
19.820257,46.783848,0,E5F96AC5-AE7E-C4E8-8288-FB2674F43704
53.94058,-11.054976,0,E5F96AC5-AE7E-C4E8-8288-FB2674F43704
10.566296,10.083711,0,E5F96AC5-AE7E-C4E8-8288-FB2674F43704
67.99244,-0.13532683,0,E5F96AC5-AE7E-C4E8-8288-FB2674F43704
9.926896,-12.492041,2,E5F96AC5-AE7E-C4E8-8288-FB2674F43704
53.78836,-14.13911,2,E5F96AC5-AE7E-C4E8-8288-FB2674F43704
19.600483,-39.198048,2,E5F96AC5-AE7E-C4E8-8288-FB2674F43704
68.72713,1.4102634,2,E5F96AC5-AE7E-C4E8-8288-FB2674F43704
70.6272,0.7424398,2,E5F96AC5-AE7E-C4E8-8288-FB2674F43704
4.9427204,39.485035,2,E5F96AC5-AE7E-C4E8-8288-FB2674F43704
23.889389,1.538828,2,E5F96AC5-AE7E-C4E8-8288-FB2674F43704
-40.806015,28.109015,0,E5F96AC5-AE7E-C4E8-8288-FB2674F43704
1.431184,36.348904,2,E5F96AC5-AE7E-C4E8-8288-FB2674F43704
28.863165,-2.2154255,0,E5F96AC5-AE7E-C4E8-8288-FB2674F43704
43.453293,23.623865,0,E5F96AC5-AE7E-C4E8-8288-FB2674F43704
-2.137111,-13.853716,0,E5F96AC5-AE7E-C4E8-8288-FB2674F43704
11.36373,-17.832565,0,E5F96AC5-AE7E-C4E8-8288-FB2674F43704
22.505209,-37.435364,2,EA788550-E907-E4AC-EAE4-82CC26723E3B
-6.6565256,-63.501976,2,EA788550-E907-E4AC-EAE4-82CC26723E3B
-7.1273546,-63.043575,2,EA788550-E907-E4AC-EAE4-82CC26723E3B
72.046234,-0.19470344,2,EA788550-E907-E4AC-EAE4-82CC26723E3B
3.7607296,38.657494,2,EA788550-E907-E4AC-EAE4-82CC26723E3B
-10.531871,54.580837,2,EA788550-E907-E4AC-EAE4-82CC26723E3B
-6.818902,-62.71499,2,EA788550-E907-E4AC-EAE4-82CC26723E3B
1.5950788,-56.908493,2,EA788550-E907-E4AC-EAE4-82CC26723E3B
9.636687,-51.6694,2,EA788550-E907-E4AC-EAE4-82CC26723E3B
25.803406,-38.000526,2,EA788550-E907-E4AC-EAE4-82CC26723E3B
27.593054,-0.37722966,2,EA788550-E907-E4AC-EAE4-82CC26723E3B
-22.335995,-5.3499036,2,EA788550-E907-E4AC-EAE4-82CC26723E3B
-27.320189,2.548287,2,EC6E2525-212C-1C3A-0B73-74D1B45748E1
-26.89068,28.883635,2,EC6E2525-212C-1C3A-0B73-74D1B45748E1
4.9833193,-4.7185655,2,EC6E2525-212C-1C3A-0B73-74D1B45748E1
43.336727,15.853159,2,EC6E2525-212C-1C3A-0B73-74D1B45748E1
2.6418953,-9.650998,2,EC6E2525-212C-1C3A-0B73-74D1B45748E1
5.8700743,-53.30502,2,EC6E2525-212C-1C3A-0B73-74D1B45748E1
8.460347,17.724028,2,EC6E2525-212C-1C3A-0B73-74D1B45748E1
-13.774945,57.399548,2,EC6E2525-212C-1C3A-0B73-74D1B45748E1
13.607087,21.109495,2,EC6E2525-212C-1C3A-0B73-74D1B45748E1
-31.83607,28.458666,2,EC6E2525-212C-1C3A-0B73-74D1B45748E1
-32.614914,26.780127,2,EC6E2525-212C-1C3A-0B73-74D1B45748E1
-25.305744,-49.42157,2,EC6E2525-212C-1C3A-0B73-74D1B45748E1
36.828117,19.480185,0,EC6E2525-212C-1C3A-0B73-74D1B45748E1
6.754014,39.4043,0,EC6E2525-212C-1C3A-0B73-74D1B45748E1
12.223346,18.550762,0,EC6E2525-212C-1C3A-0B73-74D1B45748E1
37.371532,19.912659,0,EC6E2525-212C-1C3A-0B73-74D1B45748E1
6.260569,-10.613401,0,EC6E2525-212C-1C3A-0B73-74D1B45748E1
-22.844631,11.539675,0,EC6E2525-212C-1C3A-0B73-74D1B45748E1
-23.955303,15.845623,2,EC6E2525-212C-1C3A-0B73-74D1B45748E1
-36.93395,31.515503,2,EC6E2525-212C-1C3A-0B73-74D1B45748E1
-52.511242,-21.395535,2,EC6E2525-212C-1C3A-0B73-74D1B45748E1
-46.58963,-23.867853,2,EC6E2525-212C-1C3A-0B73-74D1B45748E1
-42.366776,-25.115604,2,EC6E2525-212C-1C3A-0B73-74D1B45748E1
29.474392,-2.5845969,2,EC6E2525-212C-1C3A-0B73-74D1B45748E1
11.845877,8.256419,2,EC6E2525-212C-1C3A-0B73-74D1B45748E1
3.9120662,37.485043,2,EC6E2525-212C-1C3A-0B73-74D1B45748E1
57.878365,-10.737638,2,EC6E2525-212C-1C3A-0B73-74D1B45748E1
-0.07242771,-57.42759,2,EC6E2525-212C-1C3A-0B73-74D1B45748E1
8.68297,-53.058132,2,EC6E2525-212C-1C3A-0B73-74D1B45748E1
10.721592,-50.46143,2,EC6E2525-212C-1C3A-0B73-74D1B45748E1
-18.04675,-37.581886,2,EE62AFCD-B47D-E676-0257-21F92CB612D8
-42.405457,-21.692274,2,EE62AFCD-B47D-E676-0257-21F92CB612D8
-63.939182,7.2660837,2,EE62AFCD-B47D-E676-0257-21F92CB612D8
-41.842678,-21.192074,2,EE62AFCD-B47D-E676-0257-21F92CB612D8
-57.82364,-0.4610281,2,EE62AFCD-B47D-E676-0257-21F92CB612D8
-23.115759,-49.59275,2,EE62AFCD-B47D-E676-0257-21F92CB612D8
-0.6839355,-19.40661,2,EE62AFCD-B47D-E676-0257-21F92CB612D8
-32.187134,29.860327,2,EE62AFCD-B47D-E676-0257-21F92CB612D8
-18.250341,5.1406746,2,EE62AFCD-B47D-E676-0257-21F92CB612D8
-27.824665,8.492595,2,EE62AFCD-B47D-E676-0257-21F92CB612D8
7.309839,-19.029543,0,EE62AFCD-B47D-E676-0257-21F92CB612D8
11.908811,-19.242983,0,EE62AFCD-B47D-E676-0257-21F92CB612D8
57.310337,-6.5018787,2,EE62AFCD-B47D-E676-0257-21F92CB612D8
19.936987,-37.57832,2,EE62AFCD-B47D-E676-0257-21F92CB612D8
5.7704105,14.460753,2,EE62AFCD-B47D-E676-0257-21F92CB612D8
40.61592,-35.05902,2,EE62AFCD-B47D-E676-0257-21F92CB612D8
19.850246,-37.489037,2,EE62AFCD-B47D-E676-0257-21F92CB612D8
39.84605,25.067371,0,EE62AFCD-B47D-E676-0257-21F92CB612D8
0.3983256,-12.4154415,2,F1430977-52AF-4F46-BF92-0A8D736CBD2B
10.922448,20.068596,2,F1430977-52AF-4F46-BF92-0A8D736CBD2B
53.6928,-5.490952,2,F1430977-52AF-4F46-BF92-0A8D736CBD2B
5.7336,22.010101,2,F1430977-52AF-4F46-BF92-0A8D736CBD2B
12.420986,15.615054,2,F1430977-52AF-4F46-BF92-0A8D736CBD2B
4.054484,-14.074416,2,F1430977-52AF-4F46-BF92-0A8D736CBD2B
-9.577067,54.447056,0,F1430977-52AF-4F46-BF92-0A8D736CBD2B
15.012532,-5.681748,0,F1430977-52AF-4F46-BF92-0A8D736CBD2B
-40.684605,20.602354,0,F1430977-52AF-4F46-BF92-0A8D736CBD2B
-19.344273,-32.965935,0,F1430977-52AF-4F46-BF92-0A8D736CBD2B
-34.82656,2.7360084,2,F1430977-52AF-4F46-BF92-0A8D736CBD2B
-24.669937,26.65549,2,F1430977-52AF-4F46-BF92-0A8D736CBD2B
-47.77066,-24.792324,0,F1430977-52AF-4F46-BF92-0A8D736CBD2B
-51.782814,-24.53178,0,F1430977-52AF-4F46-BF92-0A8D736CBD2B
-51.822075,-23.89719,0,F1430977-52AF-4F46-BF92-0A8D736CBD2B
-47.48816,-25.141626,0,F1430977-52AF-4F46-BF92-0A8D736CBD2B
26.290648,4.9402075,0,F1430977-52AF-4F46-BF92-0A8D736CBD2B
49.76188,-11.891268,0,F1430977-52AF-4F46-BF92-0A8D736CBD2B
5.0306635,-58.002304,1,F1430977-52AF-4F46-BF92-0A8D736CBD2B
20.560476,-42.146236,2,F1430977-52AF-4F46-BF92-0A8D736CBD2B
27.03925,-38.034145,2,F1430977-52AF-4F46-BF92-0A8D736CBD2B
68.375244,-0.99376243,2,F1430977-52AF-4F46-BF92-0A8D736CBD2B
-21.621113,-5.847264,2,F1430977-52AF-4F46-BF92-0A8D736CBD2B
-35.84521,-5.050763,2,F1430977-52AF-4F46-BF92-0A8D736CBD2B
-14.871799,3.4758298,2,F1430977-52AF-4F46-BF92-0A8D736CBD2B
-15.684033,-30.921186,2,F1430977-52AF-4F46-BF92-0A8D736CBD2B
-30.84345,1.8854833,2,F1430977-52AF-4F46-BF92-0A8D736CBD2B
-35.89354,-4.1159077,2,F752B62E-E95F-A65D-4CB2-8B0252E15F08
-20.072098,-34.192425,2,F752B62E-E95F-A65D-4CB2-8B0252E15F08
-34.07254,0.48434743,0,F752B62E-E95F-A65D-4CB2-8B0252E15F08
37.673977,30.46826,0,F752B62E-E95F-A65D-4CB2-8B0252E15F08
-10.217787,54.9705,0,F752B62E-E95F-A65D-4CB2-8B0252E15F08
22.17497,43.764877,0,F752B62E-E95F-A65D-4CB2-8B0252E15F08
-11.359406,54.68939,2,F752B62E-E95F-A65D-4CB2-8B0252E15F08
37.547287,27.007652,2,F752B62E-E95F-A65D-4CB2-8B0252E15F08
-8.487996,61.09941,0,F752B62E-E95F-A65D-4CB2-8B0252E15F08
17.231289,44.232506,0,F752B62E-E95F-A65D-4CB2-8B0252E15F08
-11.150175,61.67793,0,F752B62E-E95F-A65D-4CB2-8B0252E15F08
-45.71953,-20.444796,2,F752B62E-E95F-A65D-4CB2-8B0252E15F08
-14.726969,-30.539793,2,F752B62E-E95F-A65D-4CB2-8B0252E15F08
-14.736284,2.9347198,2,F752B62E-E95F-A65D-4CB2-8B0252E15F08
10.991135,13.571741,0,F752B62E-E95F-A65D-4CB2-8B0252E15F08
6.269645,-17.764296,0,F752B62E-E95F-A65D-4CB2-8B0252E15F08
14.821261,48.21109,0,F752B62E-E95F-A65D-4CB2-8B0252E15F08
1.9709378,-20.625025,0,F752B62E-E95F-A65D-4CB2-8B0252E15F08
22.10755,-36.975098,0,F752B62E-E95F-A65D-4CB2-8B0252E15F08
-1.098482,-57.520798,0,F752B62E-E95F-A65D-4CB2-8B0252E15F08
11.192981,-51.270023,1,F752B62E-E95F-A65D-4CB2-8B0252E15F08
3.9886487,38.513885,1,F752B62E-E95F-A65D-4CB2-8B0252E15F08
-9.807455,57.179028,1,F752B62E-E95F-A65D-4CB2-8B0252E15F08
-7.7516103,60.58242,0,F752B62E-E95F-A65D-4CB2-8B0252E15F08
12.087824,16.923079,0,F752B62E-E95F-A65D-4CB2-8B0252E15F08
45.216644,16.956127,2,F752B62E-E95F-A65D-4CB2-8B0252E15F08
5.3384023,37.38015,2,F752B62E-E95F-A65D-4CB2-8B0252E15F08
53.481133,-9.888297,0,F752B62E-E95F-A65D-4CB2-8B0252E15F08
19.705,43.7399,0,F752B62E-E95F-A65D-4CB2-8B0252E15F08
-13.886227,5.2098327,0,F752B62E-E95F-A65D-4CB2-8B0252E15F08
-59.53941,-0.97311795,0,FB70D507-2F2A-0F83-3B53-75EB8452F5E0
-16.041162,-25.111668,0,FB70D507-2F2A-0F83-3B53-75EB8452F5E0
-19.327024,-25.53388,0,FB70D507-2F2A-0F83-3B53-75EB8452F5E0
-30.94857,-5.1146116,0,FB70D507-2F2A-0F83-3B53-75EB8452F5E0
-24.976324,-47.81741,0,FB70D507-2F2A-0F83-3B53-75EB8452F5E0
16.383322,-13.908729,0,FB70D507-2F2A-0F83-3B53-75EB8452F5E0
-12.122482,55.19331,0,FB70D507-2F2A-0F83-3B53-75EB8452F5E0
-12.844762,54.73682,0,FB70D507-2F2A-0F83-3B53-75EB8452F5E0
-29.341812,-3.8098564,1,FB70D507-2F2A-0F83-3B53-75EB8452F5E0
-20.054237,-33.84346,1,FB70D507-2F2A-0F83-3B53-75EB8452F5E0
-14.756091,-33.097046,1,FB70D507-2F2A-0F83-3B53-75EB8452F5E0
-19.120533,-35.105106,1,FB70D507-2F2A-0F83-3B53-75EB8452F5E0
-23.072104,-41.828407,2,FC50071B-D2BA-C98B-AC6E-7339010D56DA
-48.951298,-20.12854,2,FC50071B-D2BA-C98B-AC6E-7339010D56DA
-19.681503,-26.790253,2,FC50071B-D2BA-C98B-AC6E-7339010D56DA
-35.019733,-4.0988035,2,FC50071B-D2BA-C98B-AC6E-7339010D56DA
22.364872,-7.1271696,2,FC50071B-D2BA-C98B-AC6E-7339010D56DA
11.392939,-5.095118,2,FC50071B-D2BA-C98B-AC6E-7339010D56DA
-36.55517,-3.0778875,1,FC50071B-D2BA-C98B-AC6E-7339010D56DA
-35.46012,-2.5577025,2,FC50071B-D2BA-C98B-AC6E-7339010D56DA
-39.770336,19.592913,2,FC50071B-D2BA-C98B-AC6E-7339010D56DA
-26.74015,28.46388,2,FC50071B-D2BA-C98B-AC6E-7339010D56DA
-33.09588,34.300674,2,FC50071B-D2BA-C98B-AC6E-7339010D56DA
5.26846,-18.815203,2,FC50071B-D2BA-C98B-AC6E-7339010D56DA
10.630517,-16.538788,1,FC50071B-D2BA-C98B-AC6E-7339010D56DA
12.225845,-14.27176,1,FC50071B-D2BA-C98B-AC6E-7339010D56DA
6.9344463,37.149918,2,FC50071B-D2BA-C98B-AC6E-7339010D56DA
43.449493,16.31069,2,FC50071B-D2BA-C98B-AC6E-7339010D56DA
65.49522,2.0797522,2,FC50071B-D2BA-C98B-AC6E-7339010D56DA
39.367073,23.765787,2,FC50071B-D2BA-C98B-AC6E-7339010D56DA
46.458366,19.68297,2,FC50071B-D2BA-C98B-AC6E-7339010D56DA
11.0628,-7.9882064,2,FC50071B-D2BA-C98B-AC6E-7339010D56DA
24.12704,-6.919268,2,FC50071B-D2BA-C98B-AC6E-7339010D56DA
-25.858223,12.524172,2,FC50071B-D2BA-C98B-AC6E-7339010D56DA
-24.121523,10.095931,2,FC50071B-D2BA-C98B-AC6E-7339010D56DA
13.368078,-7.2228236,2,FC50071B-D2BA-C98B-AC6E-7339010D56DA
-17.24591,-30.345253,2,FC50071B-D2BA-C98B-AC6E-7339010D56DA
-42.36601,18.389406,2,FC50071B-D2BA-C98B-AC6E-7339010D56DA
-39.424202,21.366516,2,FC50071B-D2BA-C98B-AC6E-7339010D56DA
5.4097757,-6.31252,2,FC50071B-D2BA-C98B-AC6E-7339010D56DA
7.60179,-10.931148,2,FC50071B-D2BA-C98B-AC6E-7339010D56DA
51.30835,-5.465617,2,FC50071B-D2BA-C98B-AC6E-7339010D56DA
-24.300028,-50.53013,2,FC66D29E-8CD8-AE29-A071-33549272C1EE
5.042043,-6.653726,2,FC66D29E-8CD8-AE29-A071-33549272C1EE
-16.615513,-32.1062,2,FC66D29E-8CD8-AE29-A071-33549272C1EE
-43.399555,-21.652851,2,FC66D29E-8CD8-AE29-A071-33549272C1EE
-58.43295,0.24530299,2,FC66D29E-8CD8-AE29-A071-33549272C1EE
-15.697164,4.209996,2,FC66D29E-8CD8-AE29-A071-33549272C1EE
-24.483793,13.849755,2,FC66D29E-8CD8-AE29-A071-33549272C1EE
21.941422,-8.604459,2,FC66D29E-8CD8-AE29-A071-33549272C1EE
-14.469367,57.66114,0,FC66D29E-8CD8-AE29-A071-33549272C1EE
17.435259,17.566935,0,FC66D29E-8CD8-AE29-A071-33549272C1EE
20.784542,43.688793,2,FC66D29E-8CD8-AE29-A071-33549272C1EE
13.2197,-16.247074,2,FC66D29E-8CD8-AE29-A071-33549272C1EE
-47.605827,-24.71448,0,FC66D29E-8CD8-AE29-A071-33549272C1EE
-31.11701,-3.0619051,0,FC66D29E-8CD8-AE29-A071-33549272C1EE
-22.478743,-31.095812,2,FC66D29E-8CD8-AE29-A071-33549272C1EE
-35.8415,21.192638,2,FC66D29E-8CD8-AE29-A071-33549272C1EE
-22.538836,-30.842644,2,FC66D29E-8CD8-AE29-A071-33549272C1EE
-51.749836,-21.70275,2,FC66D29E-8CD8-AE29-A071-33549272C1EE
-18.450655,5.8278885,2,FFAB0F54-EFF2-FA1A-1892-F9D8ED3C9B31
-42.651867,-23.080412,2,FFAB0F54-EFF2-FA1A-1892-F9D8ED3C9B31
-33.50189,33.11243,2,FFAB0F54-EFF2-FA1A-1892-F9D8ED3C9B31
-24.117496,15.333641,2,FFAB0F54-EFF2-FA1A-1892-F9D8ED3C9B31
11.955238,22.40836,2,FFAB0F54-EFF2-FA1A-1892-F9D8ED3C9B31
40.2639,15.758237,2,FFAB0F54-EFF2-FA1A-1892-F9D8ED3C9B31
13.872957,14.338629,2,FFAB0F54-EFF2-FA1A-1892-F9D8ED3C9B31
18.885725,46.505062,2,FFAB0F54-EFF2-FA1A-1892-F9D8ED3C9B31
5.9335403,19.53146,2,FFAB0F54-EFF2-FA1A-1892-F9D8ED3C9B31
9.232856,15.318948,0,FFAB0F54-EFF2-FA1A-1892-F9D8ED3C9B31
1.196803,-13.573072,0,FFAB0F54-EFF2-FA1A-1892-F9D8ED3C9B31
42.867905,16.67953,0,FFAB0F54-EFF2-FA1A-1892-F9D8ED3C9B31
-58.906105,0.82400835,2,FFAB0F54-EFF2-FA1A-1892-F9D8ED3C9B31
-31.198576,31.008308,2,FFAB0F54-EFF2-FA1A-1892-F9D8ED3C9B31
17.059298,44.61725,2,FFAB0F54-EFF2-FA1A-1892-F9D8ED3C9B31
13.228747,-19.151142,2,FFAB0F54-EFF2-FA1A-1892-F9D8ED3C9B31
3.7758434,-4.605179,2,FFAB0F54-EFF2-FA1A-1892-F9D8ED3C9B31
12.243144,-19.777885,0,FFAB0F54-EFF2-FA1A-1892-F9D8ED3C9B31
-16.828804,6.019145,0,FFAB0F54-EFF2-FA1A-1892-F9D8ED3C9B31
-15.839162,6.357196,0,FFAB0F54-EFF2-FA1A-1892-F9D8ED3C9B31
23.305248,-7.9427567,0,FFAB0F54-EFF2-FA1A-1892-F9D8ED3C9B31
10.141839,13.02087,0,FFAB0F54-EFF2-FA1A-1892-F9D8ED3C9B31
39.268517,-34.982555,0,FFAB0F54-EFF2-FA1A-1892-F9D8ED3C9B31
-7.3770423,16.800686,0,FFAB0F54-EFF2-FA1A-1892-F9D8ED3C9B31
-29.371601,-6.2721133,0,FFAB0F54-EFF2-FA1A-1892-F9D8ED3C9B31
27.148043,-0.9210114,0,FFAB0F54-EFF2-FA1A-1892-F9D8ED3C9B31
-12.912697,54.155914,0,FFAB0F54-EFF2-FA1A-1892-F9D8ED3C9B31
